image_stem,config_id,layout_mode,detector,binarization,ocr_extractor,llm_extractor,gold_articles,predicted_articles,tp,fp,fn,detection_precision,detection_recall,detection_f1,matched_pairs_for_error_mean,matched_title_cer_mean,matched_title_wer_mean,matched_body_cer_mean,matched_body_wer_mean,total_pipeline_seconds,parse_failure_rows
ojo_2016-03-07_22,0,none,,adaptive_gaussian,docling_easyocr,qwen,8,0,0,0,8,0.0,0.0,0.0,0,,,,,195.663391801,1
ojo_2016-03-07_22,0,none,,adaptive_gaussian,docling_rapidocr,qwen,8,0,0,0,8,0.0,0.0,0.0,0,,,,,104.039373609,1
ojo_2016-03-07_22,0,none,,adaptive_mean,docling_easyocr,qwen,8,0,0,0,8,0.0,0.0,0.0,0,,,,,173.273889888,1
ojo_2016-03-07_22,0,none,,adaptive_mean,docling_rapidocr,qwen,8,0,0,0,8,0.0,0.0,0.0,0,,,,,103.486715663,1
ojo_2016-03-07_22,0,none,,basic,docling_easyocr,qwen,8,0,0,0,8,0.0,0.0,0.0,0,,,,,176.311323627,1
ojo_2016-03-07_22,0,none,,basic,docling_rapidocr,qwen,8,0,0,0,8,0.0,0.0,0.0,0,,,,,99.005147203,1
ojo_2016-03-07_22,0,none,,niblack,docling_easyocr,qwen,8,0,0,0,8,0.0,0.0,0.0,0,,,,,137.61737178,1
ojo_2016-03-07_22,0,none,,niblack,docling_rapidocr,qwen,8,0,0,0,8,0.0,0.0,0.0,0,,,,,88.054393274,1
ojo_2016-03-07_22,0,none,,none_color,docling_easyocr,qwen,8,0,0,0,8,0.0,0.0,0.0,0,,,,,162.597312528,1
ojo_2016-03-07_22,0,none,,none_color,docling_rapidocr,qwen,8,0,0,0,8,0.0,0.0,0.0,0,,,,,103.821619827,1
ojo_2016-03-07_22,0,none,,none_grayscale,docling_easyocr,qwen,8,0,0,0,8,0.0,0.0,0.0,0,,,,,177.218718585,1
ojo_2016-03-07_22,0,none,,none_grayscale,docling_rapidocr,qwen,8,0,0,0,8,0.0,0.0,0.0,0,,,,,104.245298919,1
ojo_2016-03-07_22,0,none,,otsu,docling_easyocr,qwen,8,0,0,0,8,0.0,0.0,0.0,0,,,,,163.111203416,1
ojo_2016-03-07_22,0,none,,otsu,docling_rapidocr,qwen,8,0,0,0,8,0.0,0.0,0.0,0,,,,,103.540510877,1
ojo_2016-03-07_22,1,none,,adaptive_gaussian,docling_easyocr,qwen,8,0,0,0,8,0.0,0.0,0.0,0,,,,,180.349866725,1
ojo_2016-03-07_22,1,none,,adaptive_gaussian,docling_rapidocr,qwen,8,0,0,0,8,0.0,0.0,0.0,0,,,,,91.045381881,1
ojo_2016-03-07_22,1,none,,adaptive_mean,docling_easyocr,qwen,8,0,0,0,8,0.0,0.0,0.0,0,,,,,172.678272292,1
ojo_2016-03-07_22,1,none,,adaptive_mean,docling_rapidocr,qwen,8,0,0,0,8,0.0,0.0,0.0,0,,,,,98.67694287,1
ojo_2016-03-07_22,1,none,,basic,docling_easyocr,qwen,8,0,0,0,8,0.0,0.0,0.0,0,,,,,181.397726861,1
ojo_2016-03-07_22,1,none,,basic,docling_rapidocr,qwen,8,0,0,0,8,0.0,0.0,0.0,0,,,,,103.379574147,1
ojo_2016-03-07_22,1,none,,niblack,docling_easyocr,qwen,8,0,0,0,8,0.0,0.0,0.0,0,,,,,145.732964177,1
ojo_2016-03-07_22,1,none,,niblack,docling_rapidocr,qwen,8,0,0,0,8,0.0,0.0,0.0,0,,,,,88.195077319,1
ojo_2016-03-07_22,1,none,,none_color,docling_easyocr,qwen,8,0,0,0,8,0.0,0.0,0.0,0,,,,,177.702399839,1
ojo_2016-03-07_22,1,none,,none_color,docling_rapidocr,qwen,8,0,0,0,8,0.0,0.0,0.0,0,,,,,103.866298068,1
ojo_2016-03-07_22,1,none,,none_grayscale,docling_easyocr,qwen,8,0,0,0,8,0.0,0.0,0.0,0,,,,,177.819830743,1
ojo_2016-03-07_22,1,none,,none_grayscale,docling_rapidocr,qwen,8,0,0,0,8,0.0,0.0,0.0,0,,,,,104.151775209,1
ojo_2016-03-07_22,1,none,,otsu,docling_easyocr,qwen,8,0,0,0,8,0.0,0.0,0.0,0,,,,,182.576248567,1
ojo_2016-03-07_22,1,none,,otsu,docling_rapidocr,qwen,8,0,0,0,8,0.0,0.0,0.0,0,,,,,104.138986747,1
ojo_2016-03-07_22,2,none,,adaptive_gaussian,docling_easyocr,qwen,8,0,0,0,8,0.0,0.0,0.0,0,,,,,205.315888284,1
ojo_2016-03-07_22,2,none,,adaptive_gaussian,docling_rapidocr,qwen,8,0,0,0,8,0.0,0.0,0.0,0,,,,,100.749016164,1
ojo_2016-03-07_22,2,none,,adaptive_mean,docling_easyocr,qwen,8,0,0,0,8,0.0,0.0,0.0,0,,,,,200.127237458,1
ojo_2016-03-07_22,2,none,,adaptive_mean,docling_rapidocr,qwen,8,0,0,0,8,0.0,0.0,0.0,0,,,,,104.410578866,1
ojo_2016-03-07_22,2,none,,basic,docling_easyocr,qwen,8,0,0,0,8,0.0,0.0,0.0,0,,,,,188.19822346,1
ojo_2016-03-07_22,2,none,,basic,docling_rapidocr,qwen,8,0,0,0,8,0.0,0.0,0.0,0,,,,,101.164490808,1
ojo_2016-03-07_22,2,none,,niblack,docling_easyocr,qwen,8,0,0,0,8,0.0,0.0,0.0,0,,,,,148.162956802,1
ojo_2016-03-07_22,2,none,,niblack,docling_rapidocr,qwen,8,0,0,0,8,0.0,0.0,0.0,0,,,,,87.160506574,1
ojo_2016-03-07_22,2,none,,none_color,docling_easyocr,qwen,8,0,0,0,8,0.0,0.0,0.0,0,,,,,184.155255664,1
ojo_2016-03-07_22,2,none,,none_color,docling_rapidocr,qwen,8,0,0,0,8,0.0,0.0,0.0,0,,,,,104.955676425,1
ojo_2016-03-07_22,2,none,,none_grayscale,docling_easyocr,qwen,8,0,0,0,8,0.0,0.0,0.0,0,,,,,185.516547239,1
ojo_2016-03-07_22,2,none,,none_grayscale,docling_rapidocr,qwen,8,0,0,0,8,0.0,0.0,0.0,0,,,,,104.841194427,1
ojo_2016-03-07_22,2,none,,otsu,docling_easyocr,qwen,8,0,0,0,8,0.0,0.0,0.0,0,,,,,184.139966668,1
ojo_2016-03-07_22,2,none,,otsu,docling_rapidocr,qwen,8,0,0,0,8,0.0,0.0,0.0,0,,,,,100.56920165,1
ojo_2016-03-07_22,3,none,,adaptive_gaussian,docling_easyocr,qwen,8,0,0,0,8,0.0,0.0,0.0,0,,,,,192.119971456,1
ojo_2016-03-07_22,3,none,,adaptive_gaussian,docling_rapidocr,qwen,8,0,0,0,8,0.0,0.0,0.0,0,,,,,104.558415593,1
ojo_2016-03-07_22,3,none,,adaptive_mean,docling_easyocr,qwen,8,0,0,0,8,0.0,0.0,0.0,0,,,,,159.433086835,1
ojo_2016-03-07_22,3,none,,adaptive_mean,docling_rapidocr,qwen,8,0,0,0,8,0.0,0.0,0.0,0,,,,,88.446672879,1
ojo_2016-03-07_22,3,none,,basic,docling_easyocr,qwen,8,0,0,0,8,0.0,0.0,0.0,0,,,,,201.448012357,1
ojo_2016-03-07_22,3,none,,basic,docling_rapidocr,qwen,8,0,0,0,8,0.0,0.0,0.0,0,,,,,103.733996873,1
ojo_2016-03-07_22,3,none,,niblack,docling_easyocr,qwen,8,0,0,0,8,0.0,0.0,0.0,0,,,,,150.943561849,1
ojo_2016-03-07_22,3,none,,niblack,docling_rapidocr,qwen,8,0,0,0,8,0.0,0.0,0.0,0,,,,,88.062438068,1
ojo_2016-03-07_22,3,none,,none_color,docling_easyocr,qwen,8,0,0,0,8,0.0,0.0,0.0,0,,,,,192.054427961,1
ojo_2016-03-07_22,3,none,,none_color,docling_rapidocr,qwen,8,0,0,0,8,0.0,0.0,0.0,0,,,,,104.977384427,1
ojo_2016-03-07_22,3,none,,none_grayscale,docling_easyocr,qwen,8,0,0,0,8,0.0,0.0,0.0,0,,,,,191.333144193,1
ojo_2016-03-07_22,3,none,,none_grayscale,docling_rapidocr,qwen,8,0,0,0,8,0.0,0.0,0.0,0,,,,,104.762128835,1
ojo_2016-03-07_22,3,none,,otsu,docling_easyocr,qwen,8,0,0,0,8,0.0,0.0,0.0,0,,,,,174.594168264,1
ojo_2016-03-07_22,3,none,,otsu,docling_rapidocr,qwen,8,0,0,0,8,0.0,0.0,0.0,0,,,,,97.798180419,1
ojo_2016-03-07_22,4,none,,adaptive_gaussian,docling_easyocr,qwen,8,0,0,0,8,0.0,0.0,0.0,0,,,,,175.689659428,1
ojo_2016-03-07_22,4,none,,adaptive_gaussian,docling_rapidocr,qwen,8,0,0,0,8,0.0,0.0,0.0,0,,,,,104.776803564,1
ojo_2016-03-07_22,4,none,,adaptive_mean,docling_easyocr,qwen,8,0,0,0,8,0.0,0.0,0.0,0,,,,,169.728584785,1
ojo_2016-03-07_22,4,none,,adaptive_mean,docling_rapidocr,qwen,8,0,0,0,8,0.0,0.0,0.0,0,,,,,97.792439957,1
ojo_2016-03-07_22,4,none,,basic,docling_easyocr,qwen,8,0,0,0,8,0.0,0.0,0.0,0,,,,,195.183098139,1
ojo_2016-03-07_22,4,none,,basic,docling_rapidocr,qwen,8,0,0,0,8,0.0,0.0,0.0,0,,,,,103.572443069,1
ojo_2016-03-07_22,4,none,,niblack,docling_easyocr,qwen,8,0,0,0,8,0.0,0.0,0.0,0,,,,,149.664650936,1
ojo_2016-03-07_22,4,none,,niblack,docling_rapidocr,qwen,8,0,0,0,8,0.0,0.0,0.0,0,,,,,88.568039198,1
ojo_2016-03-07_22,4,none,,none_color,docling_easyocr,qwen,8,0,0,0,8,0.0,0.0,0.0,0,,,,,188.353955185,1
ojo_2016-03-07_22,4,none,,none_color,docling_rapidocr,qwen,8,0,0,0,8,0.0,0.0,0.0,0,,,,,104.758091366,1
ojo_2016-03-07_22,4,none,,none_grayscale,docling_easyocr,qwen,8,0,0,0,8,0.0,0.0,0.0,0,,,,,187.558380354,1
ojo_2016-03-07_22,4,none,,none_grayscale,docling_rapidocr,qwen,8,0,0,0,8,0.0,0.0,0.0,0,,,,,105.083710421,1
ojo_2016-03-07_22,4,none,,otsu,docling_easyocr,qwen,8,0,0,0,8,0.0,0.0,0.0,0,,,,,191.00930275,1
ojo_2016-03-07_22,4,none,,otsu,docling_rapidocr,qwen,8,0,0,0,8,0.0,0.0,0.0,0,,,,,100.117047205,1
ojo_2016-03-07_22,5,none,,adaptive_gaussian,docling_easyocr,qwen,8,0,0,0,8,0.0,0.0,0.0,0,,,,,191.054400753,1
ojo_2016-03-07_22,5,none,,adaptive_gaussian,docling_rapidocr,qwen,8,0,0,0,8,0.0,0.0,0.0,0,,,,,105.126229595,1
ojo_2016-03-07_22,5,none,,adaptive_mean,docling_easyocr,qwen,8,0,0,0,8,0.0,0.0,0.0,0,,,,,158.881741543,1
ojo_2016-03-07_22,5,none,,adaptive_mean,docling_rapidocr,qwen,8,0,0,0,8,0.0,0.0,0.0,0,,,,,91.165657778,1
ojo_2016-03-07_22,5,none,,basic,docling_easyocr,qwen,8,0,0,0,8,0.0,0.0,0.0,0,,,,,175.111785711,1
ojo_2016-03-07_22,5,none,,basic,docling_rapidocr,qwen,8,0,0,0,8,0.0,0.0,0.0,0,,,,,101.935045065,1
ojo_2016-03-07_22,5,none,,niblack,docling_easyocr,qwen,8,0,0,0,8,0.0,0.0,0.0,0,,,,,153.44650032,1
ojo_2016-03-07_22,5,none,,niblack,docling_rapidocr,qwen,8,0,0,0,8,0.0,0.0,0.0,0,,,,,88.927729864,1
ojo_2016-03-07_22,5,none,,none_color,docling_easyocr,qwen,8,0,0,0,8,0.0,0.0,0.0,0,,,,,170.884425939,1
ojo_2016-03-07_22,5,none,,none_color,docling_rapidocr,qwen,8,0,0,0,8,0.0,0.0,0.0,0,,,,,104.41317326,1
ojo_2016-03-07_22,5,none,,none_grayscale,docling_easyocr,qwen,8,0,0,0,8,0.0,0.0,0.0,0,,,,,191.165411699,1
ojo_2016-03-07_22,5,none,,none_grayscale,docling_rapidocr,qwen,8,0,0,0,8,0.0,0.0,0.0,0,,,,,105.399335134,1
ojo_2016-03-07_22,5,none,,otsu,docling_easyocr,qwen,8,0,0,0,8,0.0,0.0,0.0,0,,,,,180.734760895,1
ojo_2016-03-07_22,5,none,,otsu,docling_rapidocr,qwen,8,0,0,0,8,0.0,0.0,0.0,0,,,,,100.232460394,1
ojo_2016-03-07_22,6,none,,adaptive_gaussian,docling_easyocr,qwen,8,0,0,0,8,0.0,0.0,0.0,0,,,,,177.503630989,1
ojo_2016-03-07_22,6,none,,adaptive_gaussian,docling_rapidocr,qwen,8,0,0,0,8,0.0,0.0,0.0,0,,,,,105.360905521,1
ojo_2016-03-07_22,6,none,,adaptive_mean,docling_easyocr,qwen,8,0,0,0,8,0.0,0.0,0.0,0,,,,,177.715756073,1
ojo_2016-03-07_22,6,none,,adaptive_mean,docling_rapidocr,qwen,8,0,0,0,8,0.0,0.0,0.0,0,,,,,100.339434519,1
ojo_2016-03-07_22,6,none,,basic,docling_easyocr,qwen,8,0,0,0,8,0.0,0.0,0.0,0,,,,,172.593581375,1
ojo_2016-03-07_22,6,none,,basic,docling_rapidocr,qwen,8,0,0,0,8,0.0,0.0,0.0,0,,,,,104.515879568,1
ojo_2016-03-07_22,6,none,,niblack,docling_easyocr,qwen,8,0,0,0,8,0.0,0.0,0.0,0,,,,,150.180614532,1
ojo_2016-03-07_22,6,none,,niblack,docling_rapidocr,qwen,8,0,0,0,8,0.0,0.0,0.0,0,,,,,86.813320698,1
ojo_2016-03-07_22,6,none,,none_color,docling_easyocr,qwen,8,0,0,0,8,0.0,0.0,0.0,0,,,,,185.212878019,1
ojo_2016-03-07_22,6,none,,none_color,docling_rapidocr,qwen,8,0,0,0,8,0.0,0.0,0.0,0,,,,,105.176531345,1
ojo_2016-03-07_22,6,none,,none_grayscale,docling_easyocr,qwen,8,0,0,0,8,0.0,0.0,0.0,0,,,,,168.471797331,1
ojo_2016-03-07_22,6,none,,none_grayscale,docling_rapidocr,qwen,8,0,0,0,8,0.0,0.0,0.0,0,,,,,105.257125957,1
ojo_2016-03-07_22,6,none,,otsu,docling_easyocr,qwen,8,0,0,0,8,0.0,0.0,0.0,0,,,,,190.655674944,1
ojo_2016-03-07_22,6,none,,otsu,docling_rapidocr,qwen,8,0,0,0,8,0.0,0.0,0.0,0,,,,,99.061535845,1
ojo_2016-03-07_22,7,none,,adaptive_gaussian,docling_easyocr,qwen,8,0,0,0,8,0.0,0.0,0.0,0,,,,,201.899850252,1
ojo_2016-03-07_22,7,none,,adaptive_gaussian,docling_rapidocr,qwen,8,0,0,0,8,0.0,0.0,0.0,0,,,,,105.173599604,1
ojo_2016-03-07_22,7,none,,adaptive_mean,docling_easyocr,qwen,8,0,0,0,8,0.0,0.0,0.0,0,,,,,192.895862888,1
ojo_2016-03-07_22,7,none,,adaptive_mean,docling_rapidocr,qwen,8,0,0,0,8,0.0,0.0,0.0,0,,,,,100.434307646,1
ojo_2016-03-07_22,7,none,,basic,docling_easyocr,qwen,8,0,0,0,8,0.0,0.0,0.0,0,,,,,186.718463461,1
ojo_2016-03-07_22,7,none,,basic,docling_rapidocr,qwen,8,0,0,0,8,0.0,0.0,0.0,0,,,,,100.516910831,1
ojo_2016-03-07_22,7,none,,niblack,docling_easyocr,qwen,8,0,0,0,8,0.0,0.0,0.0,0,,,,,147.496756002,1
ojo_2016-03-07_22,7,none,,niblack,docling_rapidocr,qwen,8,0,0,0,8,0.0,0.0,0.0,0,,,,,88.716746256,1
ojo_2016-03-07_22,7,none,,none_color,docling_easyocr,qwen,8,0,0,0,8,0.0,0.0,0.0,0,,,,,167.600282398,1
ojo_2016-03-07_22,7,none,,none_color,docling_rapidocr,qwen,8,0,0,0,8,0.0,0.0,0.0,0,,,,,105.580532995,1
ojo_2016-03-07_22,7,none,,none_grayscale,docling_easyocr,qwen,8,0,0,0,8,0.0,0.0,0.0,0,,,,,184.964180271,1
ojo_2016-03-07_22,7,none,,none_grayscale,docling_rapidocr,qwen,8,0,0,0,8,0.0,0.0,0.0,0,,,,,98.623449842,1
ojo_2016-03-07_22,7,none,,otsu,docling_easyocr,qwen,8,0,0,0,8,0.0,0.0,0.0,0,,,,,169.555071466,1
ojo_2016-03-07_22,7,none,,otsu,docling_rapidocr,qwen,8,0,0,0,8,0.0,0.0,0.0,0,,,,,100.491043203,1
ojo_2016-03-07_22,8,none,,adaptive_gaussian,docling_easyocr,qwen,8,0,0,0,8,0.0,0.0,0.0,0,,,,,110.24366061,1
ojo_2016-03-07_22,8,none,,adaptive_gaussian,docling_rapidocr,qwen,8,0,0,0,8,0.0,0.0,0.0,0,,,,,23.953704279,1
ojo_2016-03-07_22,8,none,,adaptive_mean,docling_easyocr,qwen,8,0,0,0,8,0.0,0.0,0.0,0,,,,,84.526410139,1
ojo_2016-03-07_22,8,none,,adaptive_mean,docling_rapidocr,qwen,8,0,0,0,8,0.0,0.0,0.0,0,,,,,23.012397325,1
ojo_2016-03-07_22,8,none,,basic,docling_easyocr,qwen,8,0,0,0,8,0.0,0.0,0.0,0,,,,,115.76353367,1
ojo_2016-03-07_22,8,none,,basic,docling_rapidocr,qwen,8,0,0,0,8,0.0,0.0,0.0,0,,,,,26.882894356,1
ojo_2016-03-07_22,8,none,,niblack,docling_easyocr,qwen,8,0,0,0,8,0.0,0.0,0.0,0,,,,,65.271301948,1
ojo_2016-03-07_22,8,none,,niblack,docling_rapidocr,qwen,8,0,0,0,8,0.0,0.0,0.0,0,,,,,9.540675127,1
ojo_2016-03-07_22,8,none,,none_color,docling_easyocr,qwen,8,0,0,0,8,0.0,0.0,0.0,0,,,,,88.190601354,1
ojo_2016-03-07_22,8,none,,none_color,docling_rapidocr,qwen,8,0,0,0,8,0.0,0.0,0.0,0,,,,,24.063637739,1
ojo_2016-03-07_22,8,none,,none_grayscale,docling_easyocr,qwen,8,0,0,0,8,0.0,0.0,0.0,0,,,,,91.731528526,1
ojo_2016-03-07_22,8,none,,none_grayscale,docling_rapidocr,qwen,8,0,0,0,8,0.0,0.0,0.0,0,,,,,24.425790077,1
ojo_2016-03-07_22,8,none,,otsu,docling_easyocr,qwen,8,0,0,0,8,0.0,0.0,0.0,0,,,,,108.394383819,1
ojo_2016-03-07_22,8,none,,otsu,docling_rapidocr,qwen,8,0,0,0,8,0.0,0.0,0.0,0,,,,,26.72133723,1
ojo_2016-03-07_22,9,none,,adaptive_gaussian,docling_easyocr,qwen,8,0,0,0,8,0.0,0.0,0.0,0,,,,,112.890403566,1
ojo_2016-03-07_22,9,none,,adaptive_gaussian,docling_rapidocr,qwen,8,0,0,0,8,0.0,0.0,0.0,0,,,,,23.87337285,1
ojo_2016-03-07_22,9,none,,adaptive_mean,docling_easyocr,qwen,8,0,0,0,8,0.0,0.0,0.0,0,,,,,100.349474197,1
ojo_2016-03-07_22,9,none,,adaptive_mean,docling_rapidocr,qwen,8,0,0,0,8,0.0,0.0,0.0,0,,,,,26.369717842,1
ojo_2016-03-07_22,9,none,,basic,docling_easyocr,qwen,8,0,0,0,8,0.0,0.0,0.0,0,,,,,114.562782573,1
ojo_2016-03-07_22,9,none,,basic,docling_rapidocr,qwen,8,0,0,0,8,0.0,0.0,0.0,0,,,,,26.972656297,1
ojo_2016-03-07_22,9,none,,niblack,docling_easyocr,qwen,8,0,0,0,8,0.0,0.0,0.0,0,,,,,62.440974148,1
ojo_2016-03-07_22,9,none,,niblack,docling_rapidocr,qwen,8,0,0,0,8,0.0,0.0,0.0,0,,,,,11.588763149,1
ojo_2016-03-07_22,9,none,,none_color,docling_easyocr,qwen,8,0,0,0,8,0.0,0.0,0.0,0,,,,,115.231949232,1
ojo_2016-03-07_22,9,none,,none_color,docling_rapidocr,qwen,8,9,5,4,3,0.555556,0.625,0.588235,7,1.151491592429398,1.3928571428571428,0.2741937608466551,0.36693310034586846,27.433594606,0
ojo_2016-03-07_22,9,none,,none_grayscale,docling_easyocr,qwen,8,0,0,0,8,0.0,0.0,0.0,0,,,,,118.805370544,1
ojo_2016-03-07_22,9,none,,none_grayscale,docling_rapidocr,qwen,8,0,0,0,8,0.0,0.0,0.0,0,,,,,27.559074377,1
ojo_2016-03-07_22,9,none,,otsu,docling_easyocr,qwen,8,0,0,0,8,0.0,0.0,0.0,0,,,,,113.181557537,1
ojo_2016-03-07_22,9,none,,otsu,docling_rapidocr,qwen,8,0,0,0,8,0.0,0.0,0.0,0,,,,,27.400473476,1
ojo_2016-03-07_22,10,none,,adaptive_gaussian,docling_easyocr,qwen,8,0,0,0,8,0.0,0.0,0.0,0,,,,,82.293480629,1
ojo_2016-03-07_22,10,none,,adaptive_gaussian,docling_rapidocr,qwen,8,0,0,0,8,0.0,0.0,0.0,0,,,,,19.37400102,1
ojo_2016-03-07_22,10,none,,adaptive_mean,docling_easyocr,qwen,8,0,0,0,8,0.0,0.0,0.0,0,,,,,74.425163616,1
ojo_2016-03-07_22,10,none,,adaptive_mean,docling_rapidocr,qwen,8,0,0,0,8,0.0,0.0,0.0,0,,,,,20.491674055,1
ojo_2016-03-07_22,10,none,,basic,docling_easyocr,qwen,8,0,0,0,8,0.0,0.0,0.0,0,,,,,101.077110918,1
ojo_2016-03-07_22,10,none,,basic,docling_rapidocr,qwen,8,0,0,0,8,0.0,0.0,0.0,0,,,,,26.065287979,1
ojo_2016-03-07_22,10,none,,niblack,docling_easyocr,qwen,8,0,0,0,8,0.0,0.0,0.0,0,,,,,53.65560416,1
ojo_2016-03-07_22,10,none,,niblack,docling_rapidocr,qwen,8,0,0,0,8,0.0,0.0,0.0,0,,,,,11.708391226,1
ojo_2016-03-07_22,10,none,,none_color,docling_easyocr,qwen,8,0,0,0,8,0.0,0.0,0.0,0,,,,,111.78641296,1
ojo_2016-03-07_22,10,none,,none_color,docling_rapidocr,qwen,8,0,0,0,8,0.0,0.0,0.0,0,,,,,27.687513119,1
ojo_2016-03-07_22,10,none,,none_grayscale,docling_easyocr,qwen,8,0,0,0,8,0.0,0.0,0.0,0,,,,,111.432394344,1
ojo_2016-03-07_22,10,none,,none_grayscale,docling_rapidocr,qwen,8,0,0,0,8,0.0,0.0,0.0,0,,,,,27.069403488,1
ojo_2016-03-07_22,10,none,,otsu,docling_easyocr,qwen,8,0,0,0,8,0.0,0.0,0.0,0,,,,,97.49037455,1
ojo_2016-03-07_22,10,none,,otsu,docling_rapidocr,qwen,8,0,0,0,8,0.0,0.0,0.0,0,,,,,24.178754791,1
ojo_2016-03-07_22,11,none,,adaptive_gaussian,docling_easyocr,qwen,8,0,0,0,8,0.0,0.0,0.0,0,,,,,97.82627553,1
ojo_2016-03-07_22,11,none,,adaptive_gaussian,docling_rapidocr,qwen,8,0,0,0,8,0.0,0.0,0.0,0,,,,,24.78860754,1
ojo_2016-03-07_22,11,none,,adaptive_mean,docling_easyocr,qwen,8,0,0,0,8,0.0,0.0,0.0,0,,,,,95.413555109,1
ojo_2016-03-07_22,11,none,,adaptive_mean,docling_rapidocr,qwen,8,0,0,0,8,0.0,0.0,0.0,0,,,,,22.65675255,1
ojo_2016-03-07_22,11,none,,basic,docling_easyocr,qwen,8,0,0,0,8,0.0,0.0,0.0,0,,,,,87.287630253,1
ojo_2016-03-07_22,11,none,,basic,docling_rapidocr,qwen,8,0,0,0,8,0.0,0.0,0.0,0,,,,,24.027807884,1
ojo_2016-03-07_22,11,none,,niblack,docling_easyocr,qwen,8,0,0,0,8,0.0,0.0,0.0,0,,,,,53.816402679,1
ojo_2016-03-07_22,11,none,,niblack,docling_rapidocr,qwen,8,0,0,0,8,0.0,0.0,0.0,0,,,,,11.210739141,1
ojo_2016-03-07_22,11,none,,none_color,docling_easyocr,qwen,8,0,0,0,8,0.0,0.0,0.0,0,,,,,115.08669434,1
ojo_2016-03-07_22,11,none,,none_color,docling_rapidocr,qwen,8,0,0,0,8,0.0,0.0,0.0,0,,,,,23.024363617,1
ojo_2016-03-07_22,11,none,,none_grayscale,docling_easyocr,qwen,8,0,0,0,8,0.0,0.0,0.0,0,,,,,105.632664541,1
ojo_2016-03-07_22,11,none,,none_grayscale,docling_rapidocr,qwen,8,0,0,0,8,0.0,0.0,0.0,0,,,,,24.991689543,1
ojo_2016-03-07_22,11,none,,otsu,docling_easyocr,qwen,8,0,0,0,8,0.0,0.0,0.0,0,,,,,101.691202646,1
ojo_2016-03-07_22,11,none,,otsu,docling_rapidocr,qwen,8,0,0,0,8,0.0,0.0,0.0,0,,,,,22.144080644,1
ojo_2016-03-07_22,12,none,,adaptive_gaussian,docling_easyocr,qwen,8,0,0,0,8,0.0,0.0,0.0,0,,,,,149.53402419,1
ojo_2016-03-07_22,12,none,,adaptive_mean,docling_easyocr,qwen,8,0,0,0,8,0.0,0.0,0.0,0,,,,,134.835780117,1
ojo_2016-03-07_22,12,none,,adaptive_mean,docling_rapidocr,qwen,8,0,0,0,8,0.0,0.0,0.0,0,,,,,59.204992029,1
ojo_2016-03-07_22,12,none,,basic,docling_easyocr,qwen,8,0,0,0,8,0.0,0.0,0.0,0,,,,,129.546902837,1
ojo_2016-03-07_22,12,none,,basic,docling_rapidocr,qwen,8,0,0,0,8,0.0,0.0,0.0,0,,,,,58.352612676,1
ojo_2016-03-07_22,12,none,,niblack,docling_easyocr,qwen,8,0,0,0,8,0.0,0.0,0.0,0,,,,,93.790375465,1
ojo_2016-03-07_22,12,none,,niblack,docling_rapidocr,qwen,8,0,0,0,8,0.0,0.0,0.0,0,,,,,43.240137571,1
ojo_2016-03-07_22,12,none,,none_color,docling_easyocr,qwen,8,0,0,0,8,0.0,0.0,0.0,0,,,,,117.301322734,1
ojo_2016-03-07_22,12,none,,none_color,docling_rapidocr,qwen,8,0,0,0,8,0.0,0.0,0.0,0,,,,,55.636882341,1
ojo_2016-03-07_22,12,none,,none_grayscale,docling_easyocr,qwen,8,0,0,0,8,0.0,0.0,0.0,0,,,,,130.419670286,1
ojo_2016-03-07_22,12,none,,none_grayscale,docling_rapidocr,qwen,8,0,0,0,8,0.0,0.0,0.0,0,,,,,59.186105909,1
ojo_2016-03-07_22,12,none,,otsu,docling_easyocr,qwen,8,0,0,0,8,0.0,0.0,0.0,0,,,,,117.021037832,1
ojo_2016-03-07_22,12,none,,otsu,docling_rapidocr,qwen,8,0,0,0,8,0.0,0.0,0.0,0,,,,,54.929401174,1
ojo_2016-03-07_22,13,none,,adaptive_gaussian,docling_easyocr,qwen,8,0,0,0,8,0.0,0.0,0.0,0,,,,,124.45882657,1
ojo_2016-03-07_22,13,none,,adaptive_gaussian,docling_rapidocr,qwen,8,0,0,0,8,0.0,0.0,0.0,0,,,,,46.503899364,1
ojo_2016-03-07_22,13,none,,adaptive_mean,docling_easyocr,qwen,8,0,0,0,8,0.0,0.0,0.0,0,,,,,130.205195331,1
ojo_2016-03-07_22,13,none,,adaptive_mean,docling_rapidocr,qwen,8,0,0,0,8,0.0,0.0,0.0,0,,,,,52.39435091,1
ojo_2016-03-07_22,13,none,,basic,docling_easyocr,qwen,8,0,0,0,8,0.0,0.0,0.0,0,,,,,130.630179828,1
ojo_2016-03-07_22,13,none,,basic,docling_rapidocr,qwen,8,0,0,0,8,0.0,0.0,0.0,0,,,,,58.808105415,1
ojo_2016-03-07_22,13,none,,niblack,docling_easyocr,qwen,8,0,0,0,8,0.0,0.0,0.0,0,,,,,94.700172401,1
ojo_2016-03-07_22,13,none,,niblack,docling_rapidocr,qwen,8,0,0,0,8,0.0,0.0,0.0,0,,,,,43.641508794,1
ojo_2016-03-07_22,13,none,,none_color,docling_easyocr,qwen,8,0,0,0,8,0.0,0.0,0.0,0,,,,,131.703943842,1
ojo_2016-03-07_22,13,none,,none_color,docling_rapidocr,qwen,8,0,0,0,8,0.0,0.0,0.0,0,,,,,59.28381335,1
ojo_2016-03-07_22,13,none,,none_grayscale,docling_easyocr,qwen,8,0,0,0,8,0.0,0.0,0.0,0,,,,,130.493396944,1
ojo_2016-03-07_22,13,none,,none_grayscale,docling_rapidocr,qwen,8,0,0,0,8,0.0,0.0,0.0,0,,,,,59.552765077,1
ojo_2016-03-07_22,13,none,,otsu,docling_easyocr,qwen,8,0,0,0,8,0.0,0.0,0.0,0,,,,,130.10593893,1
ojo_2016-03-07_22,13,none,,otsu,docling_rapidocr,qwen,8,0,0,0,8,0.0,0.0,0.0,0,,,,,58.830900926,1
ojo_2016-03-07_22,14,none,,adaptive_gaussian,docling_easyocr,qwen,8,0,0,0,8,0.0,0.0,0.0,0,,,,,150.61366835,1
ojo_2016-03-07_22,14,none,,adaptive_gaussian,docling_rapidocr,qwen,8,0,0,0,8,0.0,0.0,0.0,0,,,,,58.472985414,1
ojo_2016-03-07_22,14,none,,adaptive_mean,docling_easyocr,qwen,8,0,0,0,8,0.0,0.0,0.0,0,,,,,146.165750049,1
ojo_2016-03-07_22,14,none,,adaptive_mean,docling_rapidocr,qwen,8,0,0,0,8,0.0,0.0,0.0,0,,,,,58.483230613,1
ojo_2016-03-07_22,14,none,,basic,docling_easyocr,qwen,8,0,0,0,8,0.0,0.0,0.0,0,,,,,136.406851833,1
ojo_2016-03-07_22,14,none,,basic,docling_rapidocr,qwen,8,0,0,0,8,0.0,0.0,0.0,0,,,,,57.606656616,1
ojo_2016-03-07_22,14,none,,niblack,docling_easyocr,qwen,8,0,0,0,8,0.0,0.0,0.0,0,,,,,95.98959527,1
ojo_2016-03-07_22,14,none,,niblack,docling_rapidocr,qwen,8,0,0,0,8,0.0,0.0,0.0,0,,,,,43.85516653,1
ojo_2016-03-07_22,14,none,,none_color,docling_easyocr,qwen,8,0,0,0,8,0.0,0.0,0.0,0,,,,,131.112141435,1
ojo_2016-03-07_22,14,none,,none_color,docling_rapidocr,qwen,8,0,0,0,8,0.0,0.0,0.0,0,,,,,59.342565124,1
ojo_2016-03-07_22,14,none,,none_grayscale,docling_easyocr,qwen,8,0,0,0,8,0.0,0.0,0.0,0,,,,,131.222477977,1
ojo_2016-03-07_22,14,none,,none_grayscale,docling_rapidocr,qwen,8,0,0,0,8,0.0,0.0,0.0,0,,,,,58.721433942,1
ojo_2016-03-07_22,14,none,,otsu,docling_easyocr,qwen,8,0,0,0,8,0.0,0.0,0.0,0,,,,,131.80796017,1
ojo_2016-03-07_22,14,none,,otsu,docling_rapidocr,qwen,8,0,0,0,8,0.0,0.0,0.0,0,,,,,58.444808382,1
ojo_2016-03-07_22,15,none,,adaptive_gaussian,docling_easyocr,qwen,8,0,0,0,8,0.0,0.0,0.0,0,,,,,71.848361396,1
ojo_2016-03-07_22,15,none,,adaptive_gaussian,docling_rapidocr,qwen,8,0,0,0,8,0.0,0.0,0.0,0,,,,,10.197852039,1
ojo_2016-03-07_22,15,none,,adaptive_mean,docling_easyocr,qwen,8,0,0,0,8,0.0,0.0,0.0,0,,,,,74.698024364,1
ojo_2016-03-07_22,15,none,,adaptive_mean,docling_rapidocr,qwen,8,0,0,0,8,0.0,0.0,0.0,0,,,,,9.334086271,1
ojo_2016-03-07_22,15,none,,basic,docling_easyocr,qwen,8,0,0,0,8,0.0,0.0,0.0,0,,,,,98.08118905,1
ojo_2016-03-07_22,15,none,,basic,docling_rapidocr,qwen,8,0,0,0,8,0.0,0.0,0.0,0,,,,,25.074416771,1
ojo_2016-03-07_22,15,none,,niblack,docling_easyocr,qwen,8,0,0,0,8,0.0,0.0,0.0,0,,,,,61.279667064,1
ojo_2016-03-07_22,15,none,,niblack,docling_rapidocr,qwen,8,0,0,0,8,0.0,0.0,0.0,0,,,,,11.532059833,1
ojo_2016-03-07_22,15,none,,none_color,docling_easyocr,qwen,8,0,0,0,8,0.0,0.0,0.0,0,,,,,99.558372247,1
ojo_2016-03-07_22,15,none,,none_color,docling_rapidocr,qwen,8,0,0,0,8,0.0,0.0,0.0,0,,,,,25.62761687,1
ojo_2016-03-07_22,15,none,,none_grayscale,docling_easyocr,qwen,8,0,0,0,8,0.0,0.0,0.0,0,,,,,100.196702064,1
ojo_2016-03-07_22,15,none,,none_grayscale,docling_rapidocr,qwen,8,0,0,0,8,0.0,0.0,0.0,0,,,,,25.84714085,1
ojo_2016-03-07_22,15,none,,otsu,docling_easyocr,qwen,8,0,0,0,8,0.0,0.0,0.0,0,,,,,96.740330902,1
ojo_2016-03-07_22,15,none,,otsu,docling_rapidocr,qwen,8,0,0,0,8,0.0,0.0,0.0,0,,,,,25.11965653,1
ojo_2016-03-07_22,16,none,,adaptive_gaussian,docling_easyocr,qwen,8,0,0,0,8,0.0,0.0,0.0,0,,,,,56.217397215,1
ojo_2016-03-07_22,16,none,,adaptive_gaussian,docling_rapidocr,qwen,8,0,0,0,8,0.0,0.0,0.0,0,,,,,9.023024799,1
ojo_2016-03-07_22,16,none,,adaptive_mean,docling_easyocr,qwen,8,0,0,0,8,0.0,0.0,0.0,0,,,,,63.982685755,1
ojo_2016-03-07_22,16,none,,adaptive_mean,docling_rapidocr,qwen,8,0,0,0,8,0.0,0.0,0.0,0,,,,,10.285907457,1
ojo_2016-03-07_22,16,none,,basic,docling_easyocr,qwen,8,0,0,0,8,0.0,0.0,0.0,0,,,,,105.452485004,1
ojo_2016-03-07_22,16,none,,basic,docling_rapidocr,qwen,8,0,0,0,8,0.0,0.0,0.0,0,,,,,25.030675093,1
ojo_2016-03-07_22,16,none,,niblack,docling_easyocr,qwen,8,0,0,0,8,0.0,0.0,0.0,0,,,,,60.40563509,1
ojo_2016-03-07_22,16,none,,niblack,docling_rapidocr,qwen,8,0,0,0,8,0.0,0.0,0.0,0,,,,,11.252119513,1
ojo_2016-03-07_22,16,none,,none_color,docling_easyocr,qwen,8,0,0,0,8,0.0,0.0,0.0,0,,,,,92.967704786,1
ojo_2016-03-07_22,16,none,,none_color,docling_rapidocr,qwen,8,0,0,0,8,0.0,0.0,0.0,0,,,,,26.52989365,1
ojo_2016-03-07_22,16,none,,none_grayscale,docling_easyocr,qwen,8,0,0,0,8,0.0,0.0,0.0,0,,,,,99.69437274,1
ojo_2016-03-07_22,16,none,,none_grayscale,docling_rapidocr,qwen,8,0,0,0,8,0.0,0.0,0.0,0,,,,,26.599007931,1
ojo_2016-03-07_22,16,none,,otsu,docling_easyocr,qwen,8,0,0,0,8,0.0,0.0,0.0,0,,,,,91.688510172,1
ojo_2016-03-07_22,16,none,,otsu,docling_rapidocr,qwen,8,0,0,0,8,0.0,0.0,0.0,0,,,,,25.055008881,1
ojo_2016-03-07_22,17,none,,adaptive_gaussian,docling_easyocr,qwen,8,0,0,0,8,0.0,0.0,0.0,0,,,,,72.940164019,1
ojo_2016-03-07_22,17,none,,adaptive_gaussian,docling_rapidocr,qwen,8,0,0,0,8,0.0,0.0,0.0,0,,,,,10.669888426,1
ojo_2016-03-07_22,17,none,,adaptive_mean,docling_easyocr,qwen,8,0,0,0,8,0.0,0.0,0.0,0,,,,,77.820889185,1
ojo_2016-03-07_22,17,none,,adaptive_mean,docling_rapidocr,qwen,8,0,0,0,8,0.0,0.0,0.0,0,,,,,9.863740633,1
ojo_2016-03-07_22,17,none,,basic,docling_easyocr,qwen,8,0,0,0,8,0.0,0.0,0.0,0,,,,,87.029182831,1
ojo_2016-03-07_22,17,none,,basic,docling_rapidocr,qwen,8,0,0,0,8,0.0,0.0,0.0,0,,,,,20.28598086,1
ojo_2016-03-07_22,17,none,,niblack,docling_easyocr,qwen,8,0,0,0,8,0.0,0.0,0.0,0,,,,,59.696122234,1
ojo_2016-03-07_22,17,none,,niblack,docling_rapidocr,qwen,8,0,0,0,8,0.0,0.0,0.0,0,,,,,11.848596161,1
ojo_2016-03-07_22,17,none,,none_color,docling_easyocr,qwen,8,0,0,0,8,0.0,0.0,0.0,0,,,,,100.906030502,1
ojo_2016-03-07_22,17,none,,none_color,docling_rapidocr,qwen,8,0,0,0,8,0.0,0.0,0.0,0,,,,,24.189133253,1
ojo_2016-03-07_22,17,none,,none_grayscale,docling_easyocr,qwen,8,0,0,0,8,0.0,0.0,0.0,0,,,,,90.715576019,1
ojo_2016-03-07_22,17,none,,none_grayscale,docling_rapidocr,qwen,8,0,0,0,8,0.0,0.0,0.0,0,,,,,22.03682622,1
ojo_2016-03-07_22,17,none,,otsu,docling_easyocr,qwen,8,0,0,0,8,0.0,0.0,0.0,0,,,,,88.510692112,1
ojo_2016-03-07_22,17,none,,otsu,docling_rapidocr,qwen,8,0,0,0,8,0.0,0.0,0.0,0,,,,,24.416957371,1
ojo_2016-03-07_22,18,none,,adaptive_gaussian,docling_easyocr,qwen,8,0,0,0,8,0.0,0.0,0.0,0,,,,,59.389605152,1
ojo_2016-03-07_22,18,none,,adaptive_gaussian,docling_rapidocr,qwen,8,0,0,0,8,0.0,0.0,0.0,0,,,,,10.174605476,1
ojo_2016-03-07_22,18,none,,adaptive_mean,docling_easyocr,qwen,8,0,0,0,8,0.0,0.0,0.0,0,,,,,52.426193697,1
ojo_2016-03-07_22,18,none,,adaptive_mean,docling_rapidocr,qwen,8,0,0,0,8,0.0,0.0,0.0,0,,,,,11.56118129,1
ojo_2016-03-07_22,18,none,,basic,docling_easyocr,qwen,8,0,0,0,8,0.0,0.0,0.0,0,,,,,59.483305241,1
ojo_2016-03-07_22,18,none,,basic,docling_rapidocr,qwen,8,0,0,0,8,0.0,0.0,0.0,0,,,,,11.072177197,1
ojo_2016-03-07_22,18,none,,niblack,docling_easyocr,qwen,8,0,0,0,8,0.0,0.0,0.0,0,,,,,53.054721193,1
ojo_2016-03-07_22,18,none,,none_color,docling_easyocr,qwen,8,0,0,0,8,0.0,0.0,0.0,0,,,,,63.699889374,1
ojo_2016-03-07_22,18,none,,none_grayscale,docling_easyocr,qwen,8,0,0,0,8,0.0,0.0,0.0,0,,,,,61.991307688,1
ojo_2016-03-07_22,18,none,,otsu,docling_easyocr,qwen,8,0,0,0,8,0.0,0.0,0.0,0,,,,,61.082892515,1
ojo_2016-03-07_22,18,none,,otsu,docling_rapidocr,qwen,8,0,0,0,8,0.0,0.0,0.0,0,,,,,10.510486462,1
ojo_2016-03-07_22,18,none,,yannihorne,docling_rapidocr,qwen,8,0,0,0,8,0.0,0.0,0.0,0,,,,,10.676514484,1
ojo_2016-03-07_22,19,none,,adaptive_gaussian,docling_easyocr,qwen,8,0,0,0,8,0.0,0.0,0.0,0,,,,,52.908223911,1
ojo_2016-03-07_22,19,none,,adaptive_gaussian,docling_rapidocr,qwen,8,0,0,0,8,0.0,0.0,0.0,0,,,,,10.29010634,1
ojo_2016-03-07_22,19,none,,adaptive_mean,docling_easyocr,qwen,8,0,0,0,8,0.0,0.0,0.0,0,,,,,54.138501398,1
ojo_2016-03-07_22,19,none,,adaptive_mean,docling_rapidocr,qwen,8,0,0,0,8,0.0,0.0,0.0,0,,,,,11.488972179,1
ojo_2016-03-07_22,19,none,,basic,docling_easyocr,qwen,8,0,0,0,8,0.0,0.0,0.0,0,,,,,60.08948823,1
ojo_2016-03-07_22,19,none,,basic,docling_rapidocr,qwen,8,0,0,0,8,0.0,0.0,0.0,0,,,,,11.210202417,1
ojo_2016-03-07_22,19,none,,niblack,docling_easyocr,qwen,8,0,0,0,8,0.0,0.0,0.0,0,,,,,52.68274802,1
ojo_2016-03-07_22,19,none,,otsu,docling_easyocr,qwen,8,0,0,0,8,0.0,0.0,0.0,0,,,,,60.508863722,1
ojo_2016-03-07_22,19,none,,otsu,docling_rapidocr,qwen,8,0,0,0,8,0.0,0.0,0.0,0,,,,,11.024188076,1
ojo_2016-03-07_22,19,none,,yannihorne,docling_rapidocr,qwen,8,0,0,0,8,0.0,0.0,0.0,0,,,,,11.406930719,1
ojo_2016-03-07_22,20,none,,adaptive_gaussian,docling_easyocr,qwen,8,0,0,0,8,0.0,0.0,0.0,0,,,,,59.457480813,1
ojo_2016-03-07_22,20,none,,adaptive_gaussian,docling_rapidocr,qwen,8,0,0,0,8,0.0,0.0,0.0,0,,,,,10.846681262,1
ojo_2016-03-07_22,20,none,,adaptive_mean,docling_easyocr,qwen,8,0,0,0,8,0.0,0.0,0.0,0,,,,,59.933893773,1
ojo_2016-03-07_22,20,none,,adaptive_mean,docling_rapidocr,qwen,8,0,0,0,8,0.0,0.0,0.0,0,,,,,11.545992229,1
ojo_2016-03-07_22,20,none,,basic,docling_easyocr,qwen,8,0,0,0,8,0.0,0.0,0.0,0,,,,,60.658917251,1
ojo_2016-03-07_22,20,none,,basic,docling_rapidocr,qwen,8,0,0,0,8,0.0,0.0,0.0,0,,,,,10.453349176,1
ojo_2016-03-07_22,20,none,,niblack,docling_easyocr,qwen,8,0,0,0,8,0.0,0.0,0.0,0,,,,,54.157528659,1
ojo_2016-03-07_22,20,none,,none_color,docling_easyocr,qwen,8,0,0,0,8,0.0,0.0,0.0,0,,,,,58.029347886,1
ojo_2016-03-07_22,20,none,,none_grayscale,docling_easyocr,qwen,8,0,0,0,8,0.0,0.0,0.0,0,,,,,56.886686315,1
ojo_2016-03-07_22,20,none,,otsu,docling_easyocr,qwen,8,0,0,0,8,0.0,0.0,0.0,0,,,,,59.920616523,1
ojo_2016-03-07_22,20,none,,otsu,docling_rapidocr,qwen,8,0,0,0,8,0.0,0.0,0.0,0,,,,,10.551684991,1
ojo_2016-03-07_22,20,none,,yannihorne,docling_rapidocr,qwen,8,0,0,0,8,0.0,0.0,0.0,0,,,,,9.370822564,1
ojo_2016-03-07_22,21,none,,adaptive_gaussian,docling_easyocr,qwen,8,0,0,0,8,0.0,0.0,0.0,0,,,,,193.445467067,1
ojo_2016-03-07_22,21,none,,adaptive_gaussian,docling_rapidocr,qwen,8,0,0,0,8,0.0,0.0,0.0,0,,,,,123.004239869,1
ojo_2016-03-07_22,21,none,,adaptive_mean,docling_easyocr,qwen,8,0,0,0,8,0.0,0.0,0.0,0,,,,,197.696604034,1
ojo_2016-03-07_22,21,none,,adaptive_mean,docling_rapidocr,qwen,8,0,0,0,8,0.0,0.0,0.0,0,,,,,120.988064786,1
ojo_2016-03-07_22,21,none,,basic,docling_easyocr,qwen,8,0,0,0,8,0.0,0.0,0.0,0,,,,,207.08903264,1
ojo_2016-03-07_22,21,none,,basic,docling_rapidocr,qwen,8,0,0,0,8,0.0,0.0,0.0,0,,,,,123.070534934,1
ojo_2016-03-07_22,21,none,,niblack,docling_easyocr,qwen,8,0,0,0,8,0.0,0.0,0.0,0,,,,,154.262116899,1
ojo_2016-03-07_22,21,none,,niblack,docling_rapidocr,qwen,8,0,0,0,8,0.0,0.0,0.0,0,,,,,108.517220248,1
ojo_2016-03-07_22,21,none,,none_color,docling_easyocr,qwen,8,0,0,0,8,0.0,0.0,0.0,0,,,,,216.450970639,1
ojo_2016-03-07_22,21,none,,none_color,docling_rapidocr,qwen,8,0,0,0,8,0.0,0.0,0.0,0,,,,,121.949259986,1
ojo_2016-03-07_22,21,none,,none_grayscale,docling_easyocr,qwen,8,0,0,0,8,0.0,0.0,0.0,0,,,,,217.216921247,1
ojo_2016-03-07_22,21,none,,none_grayscale,docling_rapidocr,qwen,8,0,0,0,8,0.0,0.0,0.0,0,,,,,119.805769361,1
ojo_2016-03-07_22,21,none,,otsu,docling_easyocr,qwen,8,0,0,0,8,0.0,0.0,0.0,0,,,,,199.803043666,1
ojo_2016-03-07_22,21,none,,otsu,docling_rapidocr,qwen,8,0,0,0,8,0.0,0.0,0.0,0,,,,,120.434539857,1
ojo_2016-03-07_22,22,none,,adaptive_gaussian,docling_easyocr,qwen,8,0,0,0,8,0.0,0.0,0.0,0,,,,,189.247480258,1
ojo_2016-03-07_22,22,none,,adaptive_gaussian,docling_rapidocr,qwen,8,0,0,0,8,0.0,0.0,0.0,0,,,,,114.747730121,1
ojo_2016-03-07_22,22,none,,adaptive_mean,docling_easyocr,qwen,8,0,0,0,8,0.0,0.0,0.0,0,,,,,185.390380435,1
ojo_2016-03-07_22,22,none,,adaptive_mean,docling_rapidocr,qwen,8,0,0,0,8,0.0,0.0,0.0,0,,,,,119.608175569,1
ojo_2016-03-07_22,22,none,,basic,docling_easyocr,qwen,8,0,0,0,8,0.0,0.0,0.0,0,,,,,214.902123235,1
ojo_2016-03-07_22,22,none,,basic,docling_rapidocr,qwen,8,0,0,0,8,0.0,0.0,0.0,0,,,,,122.907730601,1
ojo_2016-03-07_22,22,none,,niblack,docling_easyocr,qwen,8,0,0,0,8,0.0,0.0,0.0,0,,,,,152.505603791,1
ojo_2016-03-07_22,22,none,,niblack,docling_rapidocr,qwen,8,0,0,0,8,0.0,0.0,0.0,0,,,,,106.385125877,1
ojo_2016-03-07_22,22,none,,none_color,docling_easyocr,qwen,8,0,0,0,8,0.0,0.0,0.0,0,,,,,213.701706597,1
ojo_2016-03-07_22,22,none,,none_color,docling_rapidocr,qwen,8,0,0,0,8,0.0,0.0,0.0,0,,,,,118.812250087,1
ojo_2016-03-07_22,22,none,,none_grayscale,docling_easyocr,qwen,8,0,0,0,8,0.0,0.0,0.0,0,,,,,213.652847716,1
ojo_2016-03-07_22,22,none,,none_grayscale,docling_rapidocr,qwen,8,0,0,0,8,0.0,0.0,0.0,0,,,,,122.142439077,1
ojo_2016-03-07_22,22,none,,otsu,docling_easyocr,qwen,8,0,0,0,8,0.0,0.0,0.0,0,,,,,214.859778737,1
ojo_2016-03-07_22,22,none,,otsu,docling_rapidocr,qwen,8,0,0,0,8,0.0,0.0,0.0,0,,,,,118.640241241,1
ojo_2016-03-07_22,23,none,,adaptive_gaussian,docling_easyocr,qwen,8,0,0,0,8,0.0,0.0,0.0,0,,,,,202.371172547,1
ojo_2016-03-07_22,23,none,,adaptive_gaussian,docling_rapidocr,qwen,8,0,0,0,8,0.0,0.0,0.0,0,,,,,118.34298718,1
ojo_2016-03-07_22,23,none,,adaptive_mean,docling_easyocr,qwen,8,0,0,0,8,0.0,0.0,0.0,0,,,,,191.760584754,1
ojo_2016-03-07_22,23,none,,adaptive_mean,docling_rapidocr,qwen,8,0,0,0,8,0.0,0.0,0.0,0,,,,,122.697794599,1
ojo_2016-03-07_22,23,none,,basic,docling_easyocr,qwen,8,0,0,0,8,0.0,0.0,0.0,0,,,,,189.856530559,1
ojo_2016-03-07_22,23,none,,basic,docling_rapidocr,qwen,8,0,0,0,8,0.0,0.0,0.0,0,,,,,123.901140821,1
ojo_2016-03-07_22,23,none,,niblack,docling_easyocr,qwen,8,0,0,0,8,0.0,0.0,0.0,0,,,,,159.969103591,1
ojo_2016-03-07_22,23,none,,niblack,docling_rapidocr,qwen,8,0,0,0,8,0.0,0.0,0.0,0,,,,,108.459712999,1
ojo_2016-03-07_22,23,none,,none_color,docling_easyocr,qwen,8,0,0,0,8,0.0,0.0,0.0,0,,,,,203.170637189,1
ojo_2016-03-07_22,23,none,,none_color,docling_rapidocr,qwen,8,0,0,0,8,0.0,0.0,0.0,0,,,,,124.740638553,1
ojo_2016-03-07_22,23,none,,none_grayscale,docling_easyocr,qwen,8,0,0,0,8,0.0,0.0,0.0,0,,,,,214.470699845,1
ojo_2016-03-07_22,23,none,,none_grayscale,docling_rapidocr,qwen,8,0,0,0,8,0.0,0.0,0.0,0,,,,,121.518940507,1
ojo_2016-03-07_22,23,none,,otsu,docling_easyocr,qwen,8,0,0,0,8,0.0,0.0,0.0,0,,,,,212.397390807,1
ojo_2016-03-07_22,23,none,,otsu,docling_rapidocr,qwen,8,0,0,0,8,0.0,0.0,0.0,0,,,,,121.584679568,1
ojo_2016-03-07_22,24,none,,adaptive_gaussian,docling_easyocr,qwen,8,0,0,0,8,0.0,0.0,0.0,0,,,,,93.854181281,1
ojo_2016-03-07_22,24,none,,adaptive_gaussian,docling_rapidocr,qwen,8,0,0,0,8,0.0,0.0,0.0,0,,,,,13.655056945,1
ojo_2016-03-07_22,24,none,,adaptive_mean,docling_easyocr,qwen,8,0,0,0,8,0.0,0.0,0.0,0,,,,,84.828536689,1
ojo_2016-03-07_22,24,none,,adaptive_mean,docling_rapidocr,qwen,8,0,0,0,8,0.0,0.0,0.0,0,,,,,20.18843764,1
ojo_2016-03-07_22,24,none,,basic,docling_easyocr,qwen,8,0,0,0,8,0.0,0.0,0.0,0,,,,,98.15872541,1
ojo_2016-03-07_22,24,none,,basic,docling_rapidocr,qwen,8,0,0,0,8,0.0,0.0,0.0,0,,,,,24.174172788,1
ojo_2016-03-07_22,24,none,,niblack,docling_easyocr,qwen,8,0,0,0,8,0.0,0.0,0.0,0,,,,,61.743749839,1
ojo_2016-03-07_22,24,none,,niblack,docling_rapidocr,qwen,8,0,0,0,8,0.0,0.0,0.0,0,,,,,10.435422641,1
ojo_2016-03-07_22,24,none,,none_color,docling_easyocr,qwen,8,0,0,0,8,0.0,0.0,0.0,0,,,,,98.621941165,1
ojo_2016-03-07_22,24,none,,none_color,docling_rapidocr,qwen,8,0,0,0,8,0.0,0.0,0.0,0,,,,,26.684483365,1
ojo_2016-03-07_22,24,none,,none_grayscale,docling_easyocr,qwen,8,0,0,0,8,0.0,0.0,0.0,0,,,,,97.484760339,1
ojo_2016-03-07_22,24,none,,none_grayscale,docling_rapidocr,qwen,8,0,0,0,8,0.0,0.0,0.0,0,,,,,26.575301225,1
ojo_2016-03-07_22,24,none,,otsu,docling_easyocr,qwen,8,0,0,0,8,0.0,0.0,0.0,0,,,,,89.756297881,1
ojo_2016-03-07_22,24,none,,otsu,docling_rapidocr,qwen,8,0,0,0,8,0.0,0.0,0.0,0,,,,,23.61030751,1
ojo_2016-03-07_22,25,none,,adaptive_gaussian,docling_easyocr,qwen,8,0,0,0,8,0.0,0.0,0.0,0,,,,,88.472759362,1
ojo_2016-03-07_22,25,none,,adaptive_gaussian,docling_rapidocr,qwen,8,0,0,0,8,0.0,0.0,0.0,0,,,,,16.564901706,1
ojo_2016-03-07_22,25,none,,adaptive_mean,docling_easyocr,qwen,8,0,0,0,8,0.0,0.0,0.0,0,,,,,92.755653611,1
ojo_2016-03-07_22,25,none,,adaptive_mean,docling_rapidocr,qwen,8,0,0,0,8,0.0,0.0,0.0,0,,,,,20.278661481,1
ojo_2016-03-07_22,25,none,,basic,docling_easyocr,qwen,8,0,0,0,8,0.0,0.0,0.0,0,,,,,100.611092363,1
ojo_2016-03-07_22,25,none,,basic,docling_rapidocr,qwen,8,0,0,0,8,0.0,0.0,0.0,0,,,,,26.165185247,1
ojo_2016-03-07_22,25,none,,niblack,docling_easyocr,qwen,8,0,0,0,8,0.0,0.0,0.0,0,,,,,53.258866447,1
ojo_2016-03-07_22,25,none,,niblack,docling_rapidocr,qwen,8,0,0,0,8,0.0,0.0,0.0,0,,,,,10.573256152,1
ojo_2016-03-07_22,25,none,,none_color,docling_easyocr,qwen,8,0,0,0,8,0.0,0.0,0.0,0,,,,,98.209864028,1
ojo_2016-03-07_22,25,none,,none_color,docling_rapidocr,qwen,8,0,0,0,8,0.0,0.0,0.0,0,,,,,23.924450763,1
ojo_2016-03-07_22,25,none,,none_grayscale,docling_easyocr,qwen,8,0,0,0,8,0.0,0.0,0.0,0,,,,,97.35227414,1
ojo_2016-03-07_22,25,none,,none_grayscale,docling_rapidocr,qwen,8,0,0,0,8,0.0,0.0,0.0,0,,,,,27.386210164,1
ojo_2016-03-07_22,25,none,,otsu,docling_easyocr,qwen,8,0,0,0,8,0.0,0.0,0.0,0,,,,,86.958118306,1
ojo_2016-03-07_22,25,none,,otsu,docling_rapidocr,qwen,8,0,0,0,8,0.0,0.0,0.0,0,,,,,23.413172589,1
ojo_2016-03-07_22,26,none,,adaptive_gaussian,docling_easyocr,qwen,8,0,0,0,8,0.0,0.0,0.0,0,,,,,97.125175115,1
ojo_2016-03-07_22,26,none,,adaptive_gaussian,docling_rapidocr,qwen,8,0,0,0,8,0.0,0.0,0.0,0,,,,,14.510791417,1
ojo_2016-03-07_22,26,none,,adaptive_mean,docling_easyocr,qwen,8,0,0,0,8,0.0,0.0,0.0,0,,,,,86.834203307,1
ojo_2016-03-07_22,26,none,,adaptive_mean,docling_rapidocr,qwen,8,0,0,0,8,0.0,0.0,0.0,0,,,,,19.647721593,1
ojo_2016-03-07_22,26,none,,basic,docling_easyocr,qwen,8,0,0,0,8,0.0,0.0,0.0,0,,,,,85.038712297,1
ojo_2016-03-07_22,26,none,,basic,docling_rapidocr,qwen,8,0,0,0,8,0.0,0.0,0.0,0,,,,,25.451303992,1
ojo_2016-03-07_22,26,none,,niblack,docling_easyocr,qwen,8,0,0,0,8,0.0,0.0,0.0,0,,,,,62.587035264,1
ojo_2016-03-07_22,26,none,,niblack,docling_rapidocr,qwen,8,0,0,0,8,0.0,0.0,0.0,0,,,,,11.025320377,1
ojo_2016-03-07_22,26,none,,none_color,docling_easyocr,qwen,8,0,0,0,8,0.0,0.0,0.0,0,,,,,99.794655046,1
ojo_2016-03-07_22,26,none,,none_color,docling_rapidocr,qwen,8,0,0,0,8,0.0,0.0,0.0,0,,,,,26.462243756,1
ojo_2016-03-07_22,26,none,,none_grayscale,docling_easyocr,qwen,8,0,0,0,8,0.0,0.0,0.0,0,,,,,98.832402906,1
ojo_2016-03-07_22,26,none,,none_grayscale,docling_rapidocr,qwen,8,0,0,0,8,0.0,0.0,0.0,0,,,,,26.298313102,1
ojo_2016-03-07_22,26,none,,otsu,docling_easyocr,qwen,8,0,0,0,8,0.0,0.0,0.0,0,,,,,99.42460023,1
ojo_2016-03-07_22,26,none,,otsu,docling_rapidocr,qwen,8,0,0,0,8,0.0,0.0,0.0,0,,,,,26.268944131,1
ojo_2016-03-07_22,27,none,,adaptive_gaussian,docling_easyocr,qwen,8,0,0,0,8,0.0,0.0,0.0,0,,,,,99.434244357,1
ojo_2016-03-07_22,27,none,,adaptive_gaussian,docling_rapidocr,qwen,8,0,0,0,8,0.0,0.0,0.0,0,,,,,25.589260064,1
ojo_2016-03-07_22,27,none,,adaptive_mean,docling_easyocr,qwen,8,0,0,0,8,0.0,0.0,0.0,0,,,,,107.092739255,1
ojo_2016-03-07_22,27,none,,adaptive_mean,docling_rapidocr,qwen,8,0,0,0,8,0.0,0.0,0.0,0,,,,,26.358581931,1
ojo_2016-03-07_22,27,none,,basic,docling_easyocr,qwen,8,0,0,0,8,0.0,0.0,0.0,0,,,,,87.995171262,1
ojo_2016-03-07_22,27,none,,basic,docling_rapidocr,qwen,8,0,0,0,8,0.0,0.0,0.0,0,,,,,25.458796216,1
ojo_2016-03-07_22,27,none,,niblack,docling_easyocr,qwen,8,0,0,0,8,0.0,0.0,0.0,0,,,,,54.598293216,1
ojo_2016-03-07_22,27,none,,niblack,docling_rapidocr,qwen,8,0,0,0,8,0.0,0.0,0.0,0,,,,,11.415750415,1
ojo_2016-03-07_22,27,none,,none_color,docling_easyocr,qwen,8,0,0,0,8,0.0,0.0,0.0,0,,,,,85.508213567,1
ojo_2016-03-07_22,27,none,,none_color,docling_rapidocr,qwen,8,0,0,0,8,0.0,0.0,0.0,0,,,,,26.469428109,1
ojo_2016-03-07_22,27,none,,none_grayscale,docling_easyocr,qwen,8,0,0,0,8,0.0,0.0,0.0,0,,,,,98.774196267,1
ojo_2016-03-07_22,27,none,,none_grayscale,docling_rapidocr,qwen,8,0,0,0,8,0.0,0.0,0.0,0,,,,,26.208619952,1
ojo_2016-03-07_22,27,none,,otsu,docling_easyocr,qwen,8,0,0,0,8,0.0,0.0,0.0,0,,,,,88.426237847,1
ojo_2016-03-07_22,27,none,,otsu,docling_rapidocr,qwen,8,0,0,0,8,0.0,0.0,0.0,0,,,,,22.020460393,1
ojo_2016-03-07_22,28,none,,adaptive_gaussian,docling_easyocr,qwen,8,0,0,0,8,0.0,0.0,0.0,0,,,,,84.288310186,1
ojo_2016-03-07_22,28,none,,adaptive_gaussian,docling_rapidocr,qwen,8,0,0,0,8,0.0,0.0,0.0,0,,,,,14.158676521,1
ojo_2016-03-07_22,28,none,,adaptive_mean,docling_easyocr,qwen,8,0,0,0,8,0.0,0.0,0.0,0,,,,,97.65341028,1
ojo_2016-03-07_22,28,none,,adaptive_mean,docling_rapidocr,qwen,8,0,0,0,8,0.0,0.0,0.0,0,,,,,23.808029973,1
ojo_2016-03-07_22,28,none,,basic,docling_easyocr,qwen,8,2,0,2,8,0.0,0.0,0.0,2,0.9544513457556936,1.0,0.6028284301198118,0.7449360341151385,101.326784736,0
ojo_2016-03-07_22,28,none,,basic,docling_rapidocr,qwen,8,0,0,0,8,0.0,0.0,0.0,0,,,,,20.011900312,1
ojo_2016-03-07_22,28,none,,niblack,docling_easyocr,qwen,8,0,0,0,8,0.0,0.0,0.0,0,,,,,63.328914104,1
ojo_2016-03-07_22,28,none,,niblack,docling_rapidocr,qwen,8,0,0,0,8,0.0,0.0,0.0,0,,,,,11.111041723,1
ojo_2016-03-07_22,28,none,,none_color,docling_easyocr,qwen,8,0,0,0,8,0.0,0.0,0.0,0,,,,,99.36223195,1
ojo_2016-03-07_22,28,none,,none_color,docling_rapidocr,qwen,8,0,0,0,8,0.0,0.0,0.0,0,,,,,26.656032543,1
ojo_2016-03-07_22,28,none,,none_grayscale,docling_easyocr,qwen,8,0,0,0,8,0.0,0.0,0.0,0,,,,,97.551021629,1
ojo_2016-03-07_22,28,none,,none_grayscale,docling_rapidocr,qwen,8,0,0,0,8,0.0,0.0,0.0,0,,,,,26.305013948,1
ojo_2016-03-07_22,28,none,,otsu,docling_easyocr,qwen,8,0,0,0,8,0.0,0.0,0.0,0,,,,,83.070517261,1
ojo_2016-03-07_22,28,none,,otsu,docling_rapidocr,qwen,8,0,0,0,8,0.0,0.0,0.0,0,,,,,23.570475061,1
ojo_2016-03-07_22,29,none,,adaptive_gaussian,docling_easyocr,qwen,8,0,0,0,8,0.0,0.0,0.0,0,,,,,110.019315854,1
ojo_2016-03-07_22,29,none,,adaptive_gaussian,docling_rapidocr,qwen,8,0,0,0,8,0.0,0.0,0.0,0,,,,,24.984011546,1
ojo_2016-03-07_22,29,none,,adaptive_mean,docling_easyocr,qwen,8,0,0,0,8,0.0,0.0,0.0,0,,,,,105.177864158,1
ojo_2016-03-07_22,29,none,,adaptive_mean,docling_rapidocr,qwen,8,0,0,0,8,0.0,0.0,0.0,0,,,,,25.841883027,1
ojo_2016-03-07_22,29,none,,basic,docling_easyocr,qwen,8,0,0,0,8,0.0,0.0,0.0,0,,,,,87.019226438,1
ojo_2016-03-07_22,29,none,,basic,docling_rapidocr,qwen,8,0,0,0,8,0.0,0.0,0.0,0,,,,,26.299635059,1
ojo_2016-03-07_22,29,none,,niblack,docling_easyocr,qwen,8,0,0,0,8,0.0,0.0,0.0,0,,,,,54.890906843,1
ojo_2016-03-07_22,29,none,,niblack,docling_rapidocr,qwen,8,0,0,0,8,0.0,0.0,0.0,0,,,,,10.728080304,1
ojo_2016-03-07_22,29,none,,none_color,docling_easyocr,qwen,8,0,0,0,8,0.0,0.0,0.0,0,,,,,99.829613023,1
ojo_2016-03-07_22,29,none,,none_color,docling_rapidocr,qwen,8,0,0,0,8,0.0,0.0,0.0,0,,,,,26.303026967,1
ojo_2016-03-07_22,29,none,,none_grayscale,docling_easyocr,qwen,8,0,0,0,8,0.0,0.0,0.0,0,,,,,98.627572112,1
ojo_2016-03-07_22,29,none,,none_grayscale,docling_rapidocr,qwen,8,0,0,0,8,0.0,0.0,0.0,0,,,,,26.347451263,1
ojo_2016-03-07_22,29,none,,otsu,docling_easyocr,qwen,8,0,0,0,8,0.0,0.0,0.0,0,,,,,87.217916686,1
ojo_2016-03-07_22,29,none,,otsu,docling_rapidocr,qwen,8,0,0,0,8,0.0,0.0,0.0,0,,,,,22.832283695,1
ojo_2016-03-07_22,30,none,,adaptive_gaussian,docling_easyocr,qwen,8,0,0,0,8,0.0,0.0,0.0,0,,,,,104.351311622,1
ojo_2016-03-07_22,30,none,,adaptive_gaussian,docling_rapidocr,qwen,8,0,0,0,8,0.0,0.0,0.0,0,,,,,26.680912433,1
ojo_2016-03-07_22,30,none,,adaptive_mean,docling_easyocr,qwen,8,0,0,0,8,0.0,0.0,0.0,0,,,,,63.742242772,1
ojo_2016-03-07_22,30,none,,adaptive_mean,docling_rapidocr,qwen,8,0,0,0,8,0.0,0.0,0.0,0,,,,,13.632192571,1
ojo_2016-03-07_22,30,none,,basic,docling_easyocr,qwen,8,0,0,0,8,0.0,0.0,0.0,0,,,,,110.362426759,1
ojo_2016-03-07_22,30,none,,basic,docling_rapidocr,qwen,8,0,0,0,8,0.0,0.0,0.0,0,,,,,25.894183399,1
ojo_2016-03-07_22,30,none,,niblack,docling_easyocr,qwen,8,0,0,0,8,0.0,0.0,0.0,0,,,,,56.508710105,1
ojo_2016-03-07_22,30,none,,niblack,docling_rapidocr,qwen,8,0,0,0,8,0.0,0.0,0.0,0,,,,,9.620925386,1
ojo_2016-03-07_22,30,none,,none_color,docling_easyocr,qwen,8,0,0,0,8,0.0,0.0,0.0,0,,,,,104.577648496,1
ojo_2016-03-07_22,30,none,,none_color,docling_rapidocr,qwen,8,0,0,0,8,0.0,0.0,0.0,0,,,,,25.927129363,1
ojo_2016-03-07_22,30,none,,none_grayscale,docling_easyocr,qwen,8,0,0,0,8,0.0,0.0,0.0,0,,,,,102.719468118,1
ojo_2016-03-07_22,30,none,,none_grayscale,docling_rapidocr,qwen,8,0,0,0,8,0.0,0.0,0.0,0,,,,,25.806168081,1
ojo_2016-03-07_22,30,none,,otsu,docling_easyocr,qwen,8,0,0,0,8,0.0,0.0,0.0,0,,,,,79.291301324,1
ojo_2016-03-07_22,30,none,,otsu,docling_rapidocr,qwen,8,0,0,0,8,0.0,0.0,0.0,0,,,,,21.425458982,1
ojo_2016-03-07_22,31,none,,adaptive_gaussian,docling_easyocr,qwen,8,0,0,0,8,0.0,0.0,0.0,0,,,,,107.685636085,1
ojo_2016-03-07_22,31,none,,adaptive_gaussian,docling_rapidocr,qwen,8,0,0,0,8,0.0,0.0,0.0,0,,,,,21.778041881,1
ojo_2016-03-07_22,31,none,,adaptive_mean,docling_easyocr,qwen,8,0,0,0,8,0.0,0.0,0.0,0,,,,,82.646251596,1
ojo_2016-03-07_22,31,none,,adaptive_mean,docling_rapidocr,qwen,8,0,0,0,8,0.0,0.0,0.0,0,,,,,19.317793763,1
ojo_2016-03-07_22,31,none,,basic,docling_easyocr,qwen,8,0,0,0,8,0.0,0.0,0.0,0,,,,,106.69976588,1
ojo_2016-03-07_22,31,none,,basic,docling_rapidocr,qwen,8,0,0,0,8,0.0,0.0,0.0,0,,,,,25.908536632,1
ojo_2016-03-07_22,31,none,,niblack,docling_easyocr,qwen,8,0,0,0,8,0.0,0.0,0.0,0,,,,,63.599638213,1
ojo_2016-03-07_22,31,none,,niblack,docling_rapidocr,qwen,8,0,0,0,8,0.0,0.0,0.0,0,,,,,9.38482665,1
ojo_2016-03-07_22,31,none,,none_color,docling_easyocr,qwen,8,0,0,0,8,0.0,0.0,0.0,0,,,,,101.961320215,1
ojo_2016-03-07_22,31,none,,none_color,docling_rapidocr,qwen,8,0,0,0,8,0.0,0.0,0.0,0,,,,,27.345996194,1
ojo_2016-03-07_22,31,none,,none_grayscale,docling_easyocr,qwen,8,0,0,0,8,0.0,0.0,0.0,0,,,,,96.135475046,1
ojo_2016-03-07_22,31,none,,none_grayscale,docling_rapidocr,qwen,8,0,0,0,8,0.0,0.0,0.0,0,,,,,26.480088836,1
ojo_2016-03-07_22,31,none,,otsu,docling_easyocr,qwen,8,0,0,0,8,0.0,0.0,0.0,0,,,,,93.672998222,1
ojo_2016-03-07_22,31,none,,otsu,docling_rapidocr,qwen,8,0,0,0,8,0.0,0.0,0.0,0,,,,,20.140903743,1
ojo_2016-03-07_22,32,none,,adaptive_gaussian,docling_easyocr,qwen,8,0,0,0,8,0.0,0.0,0.0,0,,,,,102.950176693,1
ojo_2016-03-07_22,32,none,,adaptive_gaussian,docling_rapidocr,qwen,8,0,0,0,8,0.0,0.0,0.0,0,,,,,22.538729406,1
ojo_2016-03-07_22,32,none,,adaptive_mean,docling_easyocr,qwen,8,0,0,0,8,0.0,0.0,0.0,0,,,,,72.061645672,1
ojo_2016-03-07_22,32,none,,adaptive_mean,docling_rapidocr,qwen,8,0,0,0,8,0.0,0.0,0.0,0,,,,,13.347414181,1
ojo_2016-03-07_22,32,none,,basic,docling_easyocr,qwen,8,0,0,0,8,0.0,0.0,0.0,0,,,,,114.965709177,1
ojo_2016-03-07_22,32,none,,basic,docling_rapidocr,qwen,8,0,0,0,8,0.0,0.0,0.0,0,,,,,23.715498892,1
ojo_2016-03-07_22,32,none,,niblack,docling_easyocr,qwen,8,0,0,0,8,0.0,0.0,0.0,0,,,,,64.91147406,1
ojo_2016-03-07_22,32,none,,niblack,docling_rapidocr,qwen,8,0,0,0,8,0.0,0.0,0.0,0,,,,,9.636304688,1
ojo_2016-03-07_22,32,none,,none_color,docling_easyocr,qwen,8,0,0,0,8,0.0,0.0,0.0,0,,,,,102.613287583,1
ojo_2016-03-07_22,32,none,,none_color,docling_rapidocr,qwen,8,0,0,0,8,0.0,0.0,0.0,0,,,,,22.466634169,1
ojo_2016-03-07_22,32,none,,none_grayscale,docling_easyocr,qwen,8,0,0,0,8,0.0,0.0,0.0,0,,,,,88.442745104,1
ojo_2016-03-07_22,32,none,,none_grayscale,docling_rapidocr,qwen,8,0,0,0,8,0.0,0.0,0.0,0,,,,,23.224858418,1
ojo_2016-03-07_22,32,none,,otsu,docling_easyocr,qwen,8,0,0,0,8,0.0,0.0,0.0,0,,,,,90.6011043,1
ojo_2016-03-07_22,32,none,,otsu,docling_rapidocr,qwen,8,0,0,0,8,0.0,0.0,0.0,0,,,,,20.702227394,1
ojo_2016-03-07_22,33,none,,adaptive_gaussian,docling_easyocr,qwen,8,0,0,0,8,0.0,0.0,0.0,0,,,,,97.890873047,1
ojo_2016-03-07_22,33,none,,adaptive_gaussian,docling_rapidocr,qwen,8,0,0,0,8,0.0,0.0,0.0,0,,,,,23.773501011,1
ojo_2016-03-07_22,33,none,,adaptive_mean,docling_easyocr,qwen,8,0,0,0,8,0.0,0.0,0.0,0,,,,,76.623995894,1
ojo_2016-03-07_22,33,none,,adaptive_mean,docling_rapidocr,qwen,8,0,0,0,8,0.0,0.0,0.0,0,,,,,21.183678263,1
ojo_2016-03-07_22,33,none,,basic,docling_easyocr,qwen,8,0,0,0,8,0.0,0.0,0.0,0,,,,,107.169047199,1
ojo_2016-03-07_22,33,none,,basic,docling_rapidocr,qwen,8,0,0,0,8,0.0,0.0,0.0,0,,,,,25.508551203,1
ojo_2016-03-07_22,33,none,,niblack,docling_easyocr,qwen,8,0,0,0,8,0.0,0.0,0.0,0,,,,,63.88360099,1
ojo_2016-03-07_22,33,none,,niblack,docling_rapidocr,qwen,8,0,0,0,8,0.0,0.0,0.0,0,,,,,9.947700541,1
ojo_2016-03-07_22,33,none,,none_color,docling_easyocr,qwen,8,0,0,0,8,0.0,0.0,0.0,0,,,,,99.232686218,1
ojo_2016-03-07_22,33,none,,none_color,docling_rapidocr,qwen,8,0,0,0,8,0.0,0.0,0.0,0,,,,,23.463334498,1
ojo_2016-03-07_22,33,none,,none_grayscale,docling_easyocr,qwen,8,0,0,0,8,0.0,0.0,0.0,0,,,,,98.693135271,1
ojo_2016-03-07_22,33,none,,none_grayscale,docling_rapidocr,qwen,8,0,0,0,8,0.0,0.0,0.0,0,,,,,23.811924229,1
ojo_2016-03-07_22,33,none,,otsu,docling_easyocr,qwen,8,0,0,0,8,0.0,0.0,0.0,0,,,,,91.41183201,1
ojo_2016-03-07_22,33,none,,otsu,docling_rapidocr,qwen,8,0,0,0,8,0.0,0.0,0.0,0,,,,,22.103997624,1
ojo_2016-03-07_22,34,none,,adaptive_gaussian,docling_easyocr,qwen,8,0,0,0,8,0.0,0.0,0.0,0,,,,,110.975170496,1
ojo_2016-03-07_22,34,none,,adaptive_gaussian,docling_rapidocr,qwen,8,0,0,0,8,0.0,0.0,0.0,0,,,,,24.143149975,1
ojo_2016-03-07_22,34,none,,adaptive_mean,docling_easyocr,qwen,8,0,0,0,8,0.0,0.0,0.0,0,,,,,90.330470799,1
ojo_2016-03-07_22,34,none,,adaptive_mean,docling_rapidocr,qwen,8,0,0,0,8,0.0,0.0,0.0,0,,,,,21.543754337,1
ojo_2016-03-07_22,34,none,,basic,docling_easyocr,qwen,8,0,0,0,8,0.0,0.0,0.0,0,,,,,98.07308058,1
ojo_2016-03-07_22,34,none,,basic,docling_rapidocr,qwen,8,0,0,0,8,0.0,0.0,0.0,0,,,,,26.589243691,1
ojo_2016-03-07_22,34,none,,niblack,docling_easyocr,qwen,8,0,0,0,8,0.0,0.0,0.0,0,,,,,62.693867298,1
ojo_2016-03-07_22,34,none,,niblack,docling_rapidocr,qwen,8,0,0,0,8,0.0,0.0,0.0,0,,,,,11.493739697,1
ojo_2016-03-07_22,34,none,,none_color,docling_easyocr,qwen,8,0,0,0,8,0.0,0.0,0.0,0,,,,,97.137595549,1
ojo_2016-03-07_22,34,none,,none_color,docling_rapidocr,qwen,8,0,0,0,8,0.0,0.0,0.0,0,,,,,26.001551523,1
ojo_2016-03-07_22,34,none,,none_grayscale,docling_easyocr,qwen,8,0,0,0,8,0.0,0.0,0.0,0,,,,,85.207639662,1
ojo_2016-03-07_22,34,none,,none_grayscale,docling_rapidocr,qwen,8,0,0,0,8,0.0,0.0,0.0,0,,,,,26.331473318,1
ojo_2016-03-07_22,34,none,,otsu,docling_easyocr,qwen,8,0,0,0,8,0.0,0.0,0.0,0,,,,,90.117288464,1
ojo_2016-03-07_22,34,none,,otsu,docling_rapidocr,qwen,8,0,0,0,8,0.0,0.0,0.0,0,,,,,22.080033415,1
ojo_2016-03-07_22,35,none,,adaptive_gaussian,docling_easyocr,qwen,8,0,0,0,8,0.0,0.0,0.0,0,,,,,108.781604578,1
ojo_2016-03-07_22,35,none,,adaptive_gaussian,docling_rapidocr,qwen,8,0,0,0,8,0.0,0.0,0.0,0,,,,,25.642135193,1
ojo_2016-03-07_22,35,none,,adaptive_mean,docling_easyocr,qwen,8,0,0,0,8,0.0,0.0,0.0,0,,,,,82.358653378,1
ojo_2016-03-07_22,35,none,,adaptive_mean,docling_rapidocr,qwen,8,0,0,0,8,0.0,0.0,0.0,0,,,,,18.920381855,1
ojo_2016-03-07_22,35,none,,basic,docling_easyocr,qwen,8,0,0,0,8,0.0,0.0,0.0,0,,,,,98.02130076,1
ojo_2016-03-07_22,35,none,,basic,docling_rapidocr,qwen,8,0,0,0,8,0.0,0.0,0.0,0,,,,,25.536533085,1
ojo_2016-03-07_22,35,none,,niblack,docling_easyocr,qwen,8,0,0,0,8,0.0,0.0,0.0,0,,,,,64.287334534,1
ojo_2016-03-07_22,35,none,,niblack,docling_rapidocr,qwen,8,0,0,0,8,0.0,0.0,0.0,0,,,,,9.188198658,1
ojo_2016-03-07_22,35,none,,none_color,docling_easyocr,qwen,8,0,0,0,8,0.0,0.0,0.0,0,,,,,86.961005894,1
ojo_2016-03-07_22,35,none,,none_color,docling_rapidocr,qwen,8,0,0,0,8,0.0,0.0,0.0,0,,,,,26.071047751,1
ojo_2016-03-07_22,35,none,,none_grayscale,docling_easyocr,qwen,8,0,0,0,8,0.0,0.0,0.0,0,,,,,99.430245129,1
ojo_2016-03-07_22,35,none,,none_grayscale,docling_rapidocr,qwen,8,0,0,0,8,0.0,0.0,0.0,0,,,,,27.296871868,1
ojo_2016-03-07_22,35,none,,otsu,docling_easyocr,qwen,8,0,0,0,8,0.0,0.0,0.0,0,,,,,92.214162867,1
ojo_2016-03-07_22,35,none,,otsu,docling_rapidocr,qwen,8,0,0,0,8,0.0,0.0,0.0,0,,,,,21.522779028,1
ojo_2016-03-07_22,36,none,,adaptive_gaussian,docling_easyocr,qwen,8,0,0,0,8,0.0,0.0,0.0,0,,,,,107.731555128,1
ojo_2016-03-07_22,36,none,,adaptive_gaussian,docling_rapidocr,qwen,8,0,0,0,8,0.0,0.0,0.0,0,,,,,27.315323257,1
ojo_2016-03-07_22,36,none,,adaptive_mean,docling_easyocr,qwen,8,0,0,0,8,0.0,0.0,0.0,0,,,,,86.414113208,1
ojo_2016-03-07_22,36,none,,adaptive_mean,docling_rapidocr,qwen,8,0,0,0,8,0.0,0.0,0.0,0,,,,,22.106582805,1
ojo_2016-03-07_22,36,none,,basic,docling_easyocr,qwen,8,0,0,0,8,0.0,0.0,0.0,0,,,,,96.895919456,1
ojo_2016-03-07_22,36,none,,basic,docling_rapidocr,qwen,8,0,0,0,8,0.0,0.0,0.0,0,,,,,26.121726646,1
ojo_2016-03-07_22,36,none,,niblack,docling_easyocr,qwen,8,0,0,0,8,0.0,0.0,0.0,0,,,,,54.487661764,1
ojo_2016-03-07_22,36,none,,niblack,docling_rapidocr,qwen,8,0,0,0,8,0.0,0.0,0.0,0,,,,,10.303117916,1
ojo_2016-03-07_22,36,none,,none_color,docling_easyocr,qwen,8,0,0,0,8,0.0,0.0,0.0,0,,,,,109.850176323,1
ojo_2016-03-07_22,36,none,,none_color,docling_rapidocr,qwen,8,0,0,0,8,0.0,0.0,0.0,0,,,,,22.777720916,1
ojo_2016-03-07_22,36,none,,none_grayscale,docling_easyocr,qwen,8,0,0,0,8,0.0,0.0,0.0,0,,,,,108.307154478,1
ojo_2016-03-07_22,36,none,,none_grayscale,docling_rapidocr,qwen,8,0,0,0,8,0.0,0.0,0.0,0,,,,,26.700382293,1
ojo_2016-03-07_22,36,none,,otsu,docling_easyocr,qwen,8,0,0,0,8,0.0,0.0,0.0,0,,,,,82.109823671,1
ojo_2016-03-07_22,36,none,,otsu,docling_rapidocr,qwen,8,0,0,0,8,0.0,0.0,0.0,0,,,,,21.901211467,1
ojo_2016-03-07_22,37,none,,adaptive_gaussian,docling_easyocr,qwen,8,0,0,0,8,0.0,0.0,0.0,0,,,,,78.720352584,1
ojo_2016-03-07_22,37,none,,adaptive_gaussian,docling_rapidocr,qwen,8,0,0,0,8,0.0,0.0,0.0,0,,,,,19.772788459,1
ojo_2016-03-07_22,37,none,,adaptive_mean,docling_easyocr,qwen,8,0,0,0,8,0.0,0.0,0.0,0,,,,,86.081577661,1
ojo_2016-03-07_22,37,none,,adaptive_mean,docling_rapidocr,qwen,8,0,0,0,8,0.0,0.0,0.0,0,,,,,21.857224586,1
ojo_2016-03-07_22,37,none,,basic,docling_easyocr,qwen,8,0,0,0,8,0.0,0.0,0.0,0,,,,,107.338864179,1
ojo_2016-03-07_22,37,none,,basic,docling_rapidocr,qwen,8,0,0,0,8,0.0,0.0,0.0,0,,,,,25.994001957,1
ojo_2016-03-07_22,37,none,,niblack,docling_easyocr,qwen,8,0,0,0,8,0.0,0.0,0.0,0,,,,,62.142845773,1
ojo_2016-03-07_22,37,none,,niblack,docling_rapidocr,qwen,8,0,0,0,8,0.0,0.0,0.0,0,,,,,10.96700015,1
ojo_2016-03-07_22,37,none,,none_color,docling_easyocr,qwen,8,0,0,0,8,0.0,0.0,0.0,0,,,,,109.55674786,1
ojo_2016-03-07_22,37,none,,none_color,docling_rapidocr,qwen,8,0,0,0,8,0.0,0.0,0.0,0,,,,,26.536220735,1
ojo_2016-03-07_22,37,none,,none_grayscale,docling_easyocr,qwen,8,0,0,0,8,0.0,0.0,0.0,0,,,,,102.631845493,1
ojo_2016-03-07_22,37,none,,none_grayscale,docling_rapidocr,qwen,8,0,0,0,8,0.0,0.0,0.0,0,,,,,27.147942562,1
ojo_2016-03-07_22,37,none,,otsu,docling_easyocr,qwen,8,0,0,0,8,0.0,0.0,0.0,0,,,,,84.685823604,1
ojo_2016-03-07_22,37,none,,otsu,docling_rapidocr,qwen,8,0,0,0,8,0.0,0.0,0.0,0,,,,,22.70834367,1
ojo_2016-03-07_22,38,none,,adaptive_gaussian,docling_easyocr,qwen,8,0,0,0,8,0.0,0.0,0.0,0,,,,,106.621181495,1
ojo_2016-03-07_22,38,none,,adaptive_gaussian,docling_rapidocr,qwen,8,0,0,0,8,0.0,0.0,0.0,0,,,,,25.781701572,1
ojo_2016-03-07_22,38,none,,adaptive_mean,docling_easyocr,qwen,8,0,0,0,8,0.0,0.0,0.0,0,,,,,87.4592845,1
ojo_2016-03-07_22,38,none,,adaptive_mean,docling_rapidocr,qwen,8,0,0,0,8,0.0,0.0,0.0,0,,,,,23.782359556,1
ojo_2016-03-07_22,38,none,,basic,docling_easyocr,qwen,8,0,0,0,8,0.0,0.0,0.0,0,,,,,101.506332561,1
ojo_2016-03-07_22,38,none,,basic,docling_rapidocr,qwen,8,0,0,0,8,0.0,0.0,0.0,0,,,,,26.332742855,1
ojo_2016-03-07_22,38,none,,niblack,docling_easyocr,qwen,8,0,0,0,8,0.0,0.0,0.0,0,,,,,63.4883796,1
ojo_2016-03-07_22,38,none,,niblack,docling_rapidocr,qwen,8,0,0,0,8,0.0,0.0,0.0,0,,,,,9.677859905,1
ojo_2016-03-07_22,38,none,,none_color,docling_easyocr,qwen,8,0,0,0,8,0.0,0.0,0.0,0,,,,,94.580858083,1
ojo_2016-03-07_22,38,none,,none_color,docling_rapidocr,qwen,8,0,0,0,8,0.0,0.0,0.0,0,,,,,27.080388637,1
ojo_2016-03-07_22,38,none,,none_grayscale,docling_easyocr,qwen,8,0,0,0,8,0.0,0.0,0.0,0,,,,,111.026405187,1
ojo_2016-03-07_22,38,none,,none_grayscale,docling_rapidocr,qwen,8,0,0,0,8,0.0,0.0,0.0,0,,,,,21.5170289,1
ojo_2016-03-07_22,38,none,,otsu,docling_easyocr,qwen,8,2,0,2,8,0.0,0.0,0.0,1,1.1666666666666667,1.0,0.9017341040462428,1.0,96.864501951,0
ojo_2016-03-07_22,38,none,,otsu,docling_rapidocr,qwen,8,0,0,0,8,0.0,0.0,0.0,0,,,,,18.609971759,1
ojo_2016-03-07_22,39,none,,adaptive_gaussian,docling_easyocr,qwen,8,0,0,0,8,0.0,0.0,0.0,0,,,,,141.896413393,1
ojo_2016-03-07_22,39,none,,adaptive_gaussian,docling_rapidocr,qwen,8,0,0,0,8,0.0,0.0,0.0,0,,,,,58.395466871,1
ojo_2016-03-07_22,39,none,,adaptive_mean,docling_easyocr,qwen,8,0,0,0,8,0.0,0.0,0.0,0,,,,,139.019006744,1
ojo_2016-03-07_22,39,none,,adaptive_mean,docling_rapidocr,qwen,8,0,0,0,8,0.0,0.0,0.0,0,,,,,55.275564209,1
ojo_2016-03-07_22,39,none,,basic,docling_easyocr,qwen,8,0,0,0,8,0.0,0.0,0.0,0,,,,,131.43772727,1
ojo_2016-03-07_22,39,none,,basic,docling_rapidocr,qwen,8,0,0,0,8,0.0,0.0,0.0,0,,,,,59.136091051,1
ojo_2016-03-07_22,39,none,,niblack,docling_easyocr,qwen,8,0,0,0,8,0.0,0.0,0.0,0,,,,,96.251112974,1
ojo_2016-03-07_22,39,none,,niblack,docling_rapidocr,qwen,8,0,0,0,8,0.0,0.0,0.0,0,,,,,44.592247284,1
ojo_2016-03-07_22,39,none,,none_color,docling_easyocr,qwen,8,0,0,0,8,0.0,0.0,0.0,0,,,,,132.43233958,1
ojo_2016-03-07_22,39,none,,none_color,docling_rapidocr,qwen,8,0,0,0,8,0.0,0.0,0.0,0,,,,,59.174620063,1
ojo_2016-03-07_22,39,none,,none_grayscale,docling_easyocr,qwen,8,0,0,0,8,0.0,0.0,0.0,0,,,,,131.656130537,1
ojo_2016-03-07_22,39,none,,none_grayscale,docling_rapidocr,qwen,8,0,0,0,8,0.0,0.0,0.0,0,,,,,59.543348774,1
ojo_2016-03-07_22,39,none,,otsu,docling_easyocr,qwen,8,0,0,0,8,0.0,0.0,0.0,0,,,,,120.957932125,1
ojo_2016-03-07_22,39,none,,otsu,docling_rapidocr,qwen,8,0,0,0,8,0.0,0.0,0.0,0,,,,,55.5513512,1
ojo_2016-03-07_22,40,none,,adaptive_gaussian,docling_easyocr,qwen,8,0,0,0,8,0.0,0.0,0.0,0,,,,,113.352248062,1
ojo_2016-03-07_22,40,none,,adaptive_gaussian,docling_rapidocr,qwen,8,0,0,0,8,0.0,0.0,0.0,0,,,,,47.877825607,1
ojo_2016-03-07_22,40,none,,adaptive_mean,docling_easyocr,qwen,8,0,0,0,8,0.0,0.0,0.0,0,,,,,131.31647719,1
ojo_2016-03-07_22,40,none,,adaptive_mean,docling_rapidocr,qwen,8,0,0,0,8,0.0,0.0,0.0,0,,,,,56.554365526,1
ojo_2016-03-07_22,40,none,,basic,docling_easyocr,qwen,8,0,0,0,8,0.0,0.0,0.0,0,,,,,122.068048099,1
ojo_2016-03-07_22,40,none,,basic,docling_rapidocr,qwen,8,0,0,0,8,0.0,0.0,0.0,0,,,,,57.364842752,1
ojo_2016-03-07_22,40,none,,niblack,docling_easyocr,qwen,8,0,0,0,8,0.0,0.0,0.0,0,,,,,94.804615887,1
ojo_2016-03-07_22,40,none,,niblack,docling_rapidocr,qwen,8,0,0,0,8,0.0,0.0,0.0,0,,,,,44.604775818,1
ojo_2016-03-07_22,40,none,,none_color,docling_easyocr,qwen,8,0,0,0,8,0.0,0.0,0.0,0,,,,,117.874685242,1
ojo_2016-03-07_22,40,none,,none_color,docling_rapidocr,qwen,8,0,0,0,8,0.0,0.0,0.0,0,,,,,59.232264235,1
ojo_2016-03-07_22,40,none,,none_grayscale,docling_easyocr,qwen,8,0,0,0,8,0.0,0.0,0.0,0,,,,,131.162130383,1
ojo_2016-03-07_22,40,none,,none_grayscale,docling_rapidocr,qwen,8,0,0,0,8,0.0,0.0,0.0,0,,,,,59.721023348,1
ojo_2016-03-07_22,40,none,,otsu,docling_easyocr,qwen,8,0,0,0,8,0.0,0.0,0.0,0,,,,,126.874701433,1
ojo_2016-03-07_22,40,none,,otsu,docling_rapidocr,qwen,8,0,0,0,8,0.0,0.0,0.0,0,,,,,55.931809597,1
ojo_2016-03-07_22,41,none,,adaptive_gaussian,docling_easyocr,qwen,8,0,0,0,8,0.0,0.0,0.0,0,,,,,129.147184849,1
ojo_2016-03-07_22,41,none,,adaptive_gaussian,docling_rapidocr,qwen,8,0,0,0,8,0.0,0.0,0.0,0,,,,,56.51591301,1
ojo_2016-03-07_22,41,none,,adaptive_mean,docling_easyocr,qwen,8,0,0,0,8,0.0,0.0,0.0,0,,,,,139.318769403,1
ojo_2016-03-07_22,41,none,,adaptive_mean,docling_rapidocr,qwen,8,0,0,0,8,0.0,0.0,0.0,0,,,,,54.932997175,1
ojo_2016-03-07_22,41,none,,basic,docling_easyocr,qwen,8,0,0,0,8,0.0,0.0,0.0,0,,,,,135.451428093,1
ojo_2016-03-07_22,41,none,,basic,docling_rapidocr,qwen,8,0,0,0,8,0.0,0.0,0.0,0,,,,,55.515794195,1
ojo_2016-03-07_22,41,none,,niblack,docling_easyocr,qwen,8,0,0,0,8,0.0,0.0,0.0,0,,,,,95.805016155,1
ojo_2016-03-07_22,41,none,,niblack,docling_rapidocr,qwen,8,0,0,0,8,0.0,0.0,0.0,0,,,,,43.124098654,1
ojo_2016-03-07_22,41,none,,none_color,docling_easyocr,qwen,8,0,0,0,8,0.0,0.0,0.0,0,,,,,120.23824128,1
ojo_2016-03-07_22,41,none,,none_color,docling_rapidocr,qwen,8,0,0,0,8,0.0,0.0,0.0,0,,,,,58.98837241,1
ojo_2016-03-07_22,41,none,,none_grayscale,docling_easyocr,qwen,8,0,0,0,8,0.0,0.0,0.0,0,,,,,131.648304546,1
ojo_2016-03-07_22,41,none,,none_grayscale,docling_rapidocr,qwen,8,0,0,0,8,0.0,0.0,0.0,0,,,,,59.21304735,1
ojo_2016-03-07_22,41,none,,otsu,docling_easyocr,qwen,8,0,0,0,8,0.0,0.0,0.0,0,,,,,121.288590422,1
ojo_2016-03-07_22,41,none,,otsu,docling_rapidocr,qwen,8,0,0,0,8,0.0,0.0,0.0,0,,,,,51.10007762,1
ojo_2016-03-07_22,42,none,,adaptive_gaussian,docling_easyocr,qwen,8,0,0,0,8,0.0,0.0,0.0,0,,,,,86.868767647,1
ojo_2016-03-07_22,42,none,,adaptive_gaussian,docling_rapidocr,qwen,8,0,0,0,8,0.0,0.0,0.0,0,,,,,9.077402023,1
ojo_2016-03-07_22,42,none,,adaptive_mean,docling_easyocr,qwen,8,0,0,0,8,0.0,0.0,0.0,0,,,,,80.124187399,1
ojo_2016-03-07_22,42,none,,adaptive_mean,docling_rapidocr,qwen,8,0,0,0,8,0.0,0.0,0.0,0,,,,,10.914035488,1
ojo_2016-03-07_22,42,none,,basic,docling_easyocr,qwen,8,0,0,0,8,0.0,0.0,0.0,0,,,,,101.430501909,1
ojo_2016-03-07_22,42,none,,basic,docling_rapidocr,qwen,8,0,0,0,8,0.0,0.0,0.0,0,,,,,17.40829298,2
ojo_2016-03-07_22,42,none,,niblack,docling_easyocr,qwen,8,0,0,0,8,0.0,0.0,0.0,0,,,,,60.558782434,1
ojo_2016-03-07_22,42,none,,niblack,docling_rapidocr,qwen,8,0,0,0,8,0.0,0.0,0.0,0,,,,,11.407075977,1
ojo_2016-03-07_22,42,none,,none_color,docling_easyocr,qwen,8,0,0,0,8,0.0,0.0,0.0,0,,,,,104.483019894,1
ojo_2016-03-07_22,42,none,,none_color,docling_rapidocr,qwen,8,0,0,0,8,0.0,0.0,0.0,0,,,,,25.394270962,1
ojo_2016-03-07_22,42,none,,none_grayscale,docling_easyocr,qwen,8,0,0,0,8,0.0,0.0,0.0,0,,,,,101.873264212,1
ojo_2016-03-07_22,42,none,,none_grayscale,docling_rapidocr,qwen,8,0,0,0,8,0.0,0.0,0.0,0,,,,,25.827657122,1
ojo_2016-03-07_22,42,none,,otsu,docling_easyocr,qwen,8,0,0,0,8,0.0,0.0,0.0,0,,,,,103.377802416,1
ojo_2016-03-07_22,42,none,,otsu,docling_rapidocr,qwen,8,0,0,0,8,0.0,0.0,0.0,0,,,,,14.197742744,1
ojo_2016-03-07_22,43,none,,adaptive_gaussian,docling_easyocr,qwen,8,0,0,0,8,0.0,0.0,0.0,0,,,,,80.128929481,1
ojo_2016-03-07_22,43,none,,adaptive_gaussian,docling_rapidocr,qwen,8,0,0,0,8,0.0,0.0,0.0,0,,,,,10.212763414,1
ojo_2016-03-07_22,43,none,,adaptive_mean,docling_easyocr,qwen,8,0,0,0,8,0.0,0.0,0.0,0,,,,,82.93915897,1
ojo_2016-03-07_22,43,none,,adaptive_mean,docling_rapidocr,qwen,8,0,0,0,8,0.0,0.0,0.0,0,,,,,9.87306624,1
ojo_2016-03-07_22,43,none,,basic,docling_easyocr,qwen,8,0,0,0,8,0.0,0.0,0.0,0,,,,,95.970312929,1
ojo_2016-03-07_22,43,none,,basic,docling_rapidocr,qwen,8,0,0,0,8,0.0,0.0,0.0,0,,,,,10.702136612,1
ojo_2016-03-07_22,43,none,,niblack,docling_easyocr,qwen,8,0,0,0,8,0.0,0.0,0.0,0,,,,,59.770048029,1
ojo_2016-03-07_22,43,none,,niblack,docling_rapidocr,qwen,8,0,0,0,8,0.0,0.0,0.0,0,,,,,12.482956058,1
ojo_2016-03-07_22,43,none,,none_color,docling_easyocr,qwen,8,0,0,0,8,0.0,0.0,0.0,0,,,,,109.594220112,1
ojo_2016-03-07_22,43,none,,none_color,docling_rapidocr,qwen,8,0,0,0,8,0.0,0.0,0.0,0,,,,,23.238141249,1
ojo_2016-03-07_22,43,none,,none_grayscale,docling_easyocr,qwen,8,0,0,0,8,0.0,0.0,0.0,0,,,,,97.655293011,1
ojo_2016-03-07_22,43,none,,none_grayscale,docling_rapidocr,qwen,8,0,0,0,8,0.0,0.0,0.0,0,,,,,23.039986633,1
ojo_2016-03-07_22,43,none,,otsu,docling_easyocr,qwen,8,0,0,0,8,0.0,0.0,0.0,0,,,,,95.245822836,1
ojo_2016-03-07_22,43,none,,otsu,docling_rapidocr,qwen,8,0,0,0,8,0.0,0.0,0.0,0,,,,,11.994142462,1
ojo_2016-03-07_22,44,none,,adaptive_gaussian,docling_easyocr,qwen,8,0,0,0,8,0.0,0.0,0.0,0,,,,,77.880966138,1
ojo_2016-03-07_22,44,none,,adaptive_gaussian,docling_rapidocr,qwen,8,0,0,0,8,0.0,0.0,0.0,0,,,,,11.004666757,1
ojo_2016-03-07_22,44,none,,adaptive_mean,docling_easyocr,qwen,8,0,0,0,8,0.0,0.0,0.0,0,,,,,83.312496085,1
ojo_2016-03-07_22,44,none,,adaptive_mean,docling_rapidocr,qwen,8,0,0,0,8,0.0,0.0,0.0,0,,,,,12.094487567,1
ojo_2016-03-07_22,44,none,,basic,docling_easyocr,qwen,8,0,0,0,8,0.0,0.0,0.0,0,,,,,101.682134498,1
ojo_2016-03-07_22,44,none,,basic,docling_rapidocr,qwen,8,0,0,0,8,0.0,0.0,0.0,0,,,,,18.294372666,1
ojo_2016-03-07_22,44,none,,niblack,docling_easyocr,qwen,8,0,0,0,8,0.0,0.0,0.0,0,,,,,58.800281829,1
ojo_2016-03-07_22,44,none,,niblack,docling_rapidocr,qwen,8,0,0,0,8,0.0,0.0,0.0,0,,,,,11.804689712,1
ojo_2016-03-07_22,44,none,,none_color,docling_easyocr,qwen,8,0,0,0,8,0.0,0.0,0.0,0,,,,,105.184472358,1
ojo_2016-03-07_22,44,none,,none_color,docling_rapidocr,qwen,8,0,0,0,8,0.0,0.0,0.0,0,,,,,24.737667596,1
ojo_2016-03-07_22,44,none,,none_grayscale,docling_easyocr,qwen,8,0,0,0,8,0.0,0.0,0.0,0,,,,,88.848915446,1
ojo_2016-03-07_22,44,none,,none_grayscale,docling_rapidocr,qwen,8,0,0,0,8,0.0,0.0,0.0,0,,,,,25.222481359,1
ojo_2016-03-07_22,44,none,,otsu,docling_easyocr,qwen,8,0,0,0,8,0.0,0.0,0.0,0,,,,,102.951815785,1
ojo_2016-03-07_22,44,none,,otsu,docling_rapidocr,qwen,8,2,0,2,8,0.0,0.0,0.0,2,0.8785714285714286,1.0,0.6684309945209558,0.8561171415649027,15.16021532,0
ojo_2016-03-07_22,45,none,,adaptive_gaussian,docling_easyocr,qwen,8,0,0,0,8,0.0,0.0,0.0,0,,,,,59.607214683,1
ojo_2016-03-07_22,45,none,,adaptive_gaussian,docling_rapidocr,qwen,8,0,0,0,8,0.0,0.0,0.0,0,,,,,11.634570354,1
ojo_2016-03-07_22,45,none,,adaptive_mean,docling_easyocr,qwen,8,0,0,0,8,0.0,0.0,0.0,0,,,,,53.376015605,1
ojo_2016-03-07_22,45,none,,adaptive_mean,docling_rapidocr,qwen,8,0,0,0,8,0.0,0.0,0.0,0,,,,,10.39194888,1
ojo_2016-03-07_22,45,none,,basic,docling_easyocr,qwen,8,0,0,0,8,0.0,0.0,0.0,0,,,,,60.567981704,1
ojo_2016-03-07_22,45,none,,basic,docling_rapidocr,qwen,8,0,0,0,8,0.0,0.0,0.0,0,,,,,8.946514352,1
ojo_2016-03-07_22,45,none,,niblack,docling_easyocr,qwen,8,0,0,0,8,0.0,0.0,0.0,0,,,,,52.787597194,1
ojo_2016-03-07_22,45,none,,none_color,docling_easyocr,qwen,8,0,0,0,8,0.0,0.0,0.0,0,,,,,61.612106235,1
ojo_2016-03-07_22,45,none,,none_grayscale,docling_easyocr,qwen,8,0,0,0,8,0.0,0.0,0.0,0,,,,,62.113727481,1
ojo_2016-03-07_22,45,none,,otsu,docling_easyocr,qwen,8,0,0,0,8,0.0,0.0,0.0,0,,,,,60.930399713,1
ojo_2016-03-07_22,45,none,,otsu,docling_rapidocr,qwen,8,0,0,0,8,0.0,0.0,0.0,0,,,,,10.555745896,1
ojo_2016-03-07_22,45,none,,yannihorne,docling_rapidocr,qwen,8,0,0,0,8,0.0,0.0,0.0,0,,,,,8.928004798,1
ojo_2016-03-07_22,46,none,,adaptive_gaussian,docling_easyocr,qwen,8,0,0,0,8,0.0,0.0,0.0,0,,,,,59.041066712,1
ojo_2016-03-07_22,46,none,,adaptive_gaussian,docling_rapidocr,qwen,8,0,0,0,8,0.0,0.0,0.0,0,,,,,10.325584477,1
ojo_2016-03-07_22,46,none,,adaptive_mean,docling_easyocr,qwen,8,0,0,0,8,0.0,0.0,0.0,0,,,,,60.000488368,1
ojo_2016-03-07_22,46,none,,adaptive_mean,docling_rapidocr,qwen,8,0,0,0,8,0.0,0.0,0.0,0,,,,,10.695596305,1
ojo_2016-03-07_22,46,none,,basic,docling_easyocr,qwen,8,0,0,0,8,0.0,0.0,0.0,0,,,,,51.68182927,1
ojo_2016-03-07_22,46,none,,basic,docling_rapidocr,qwen,8,0,0,0,8,0.0,0.0,0.0,0,,,,,10.252920922,1
ojo_2016-03-07_22,46,none,,niblack,docling_easyocr,qwen,8,0,0,0,8,0.0,0.0,0.0,0,,,,,61.25036777,1
ojo_2016-03-07_22,46,none,,none_color,docling_easyocr,qwen,8,0,0,0,8,0.0,0.0,0.0,0,,,,,54.343132003,1
ojo_2016-03-07_22,46,none,,none_grayscale,docling_easyocr,qwen,8,0,0,0,8,0.0,0.0,0.0,0,,,,,61.877457364,1
ojo_2016-03-07_22,46,none,,otsu,docling_easyocr,qwen,8,0,0,0,8,0.0,0.0,0.0,0,,,,,59.988314042,1
ojo_2016-03-07_22,46,none,,otsu,docling_rapidocr,qwen,8,0,0,0,8,0.0,0.0,0.0,0,,,,,11.029154429,1
ojo_2016-03-07_22,46,none,,yannihorne,docling_rapidocr,qwen,8,0,0,0,8,0.0,0.0,0.0,0,,,,,10.584134231,1
ojo_2016-03-07_22,47,none,,adaptive_gaussian,docling_easyocr,qwen,8,0,0,0,8,0.0,0.0,0.0,0,,,,,53.436749721,1
ojo_2016-03-07_22,47,none,,adaptive_gaussian,docling_rapidocr,qwen,8,0,0,0,8,0.0,0.0,0.0,0,,,,,11.152255321,1
ojo_2016-03-07_22,47,none,,adaptive_mean,docling_easyocr,qwen,8,0,0,0,8,0.0,0.0,0.0,0,,,,,61.152002711,1
ojo_2016-03-07_22,47,none,,adaptive_mean,docling_rapidocr,qwen,8,0,0,0,8,0.0,0.0,0.0,0,,,,,11.67141952,1
ojo_2016-03-07_22,47,none,,basic,docling_easyocr,qwen,8,0,0,0,8,0.0,0.0,0.0,0,,,,,59.71379012,1
ojo_2016-03-07_22,47,none,,basic,docling_rapidocr,qwen,8,0,0,0,8,0.0,0.0,0.0,0,,,,,10.937869014,1
ojo_2016-03-07_22,47,none,,niblack,docling_easyocr,qwen,8,0,0,0,8,0.0,0.0,0.0,0,,,,,52.523513694,1
ojo_2016-03-07_22,47,none,,none_color,docling_easyocr,qwen,8,0,0,0,8,0.0,0.0,0.0,0,,,,,54.295365514,1
ojo_2016-03-07_22,47,none,,none_grayscale,docling_easyocr,qwen,8,0,0,0,8,0.0,0.0,0.0,0,,,,,61.335564483,1
ojo_2016-03-07_22,47,none,,otsu,docling_easyocr,qwen,8,0,0,0,8,0.0,0.0,0.0,0,,,,,61.466342702,1
ojo_2016-03-07_22,47,none,,otsu,docling_rapidocr,qwen,8,0,0,0,8,0.0,0.0,0.0,0,,,,,10.144359603,1
ojo_2016-03-07_22,47,none,,yannihorne,docling_rapidocr,qwen,8,0,0,0,8,0.0,0.0,0.0,0,,,,,10.639469399,1
ojo_2016-03-07_22,48,none,,adaptive_gaussian,docling_easyocr,qwen,8,0,0,0,8,0.0,0.0,0.0,0,,,,,181.15177292,1
ojo_2016-03-07_22,48,none,,adaptive_gaussian,docling_rapidocr,qwen,8,0,0,0,8,0.0,0.0,0.0,0,,,,,113.324719134,1
ojo_2016-03-07_22,48,none,,adaptive_mean,docling_easyocr,qwen,8,0,0,0,8,0.0,0.0,0.0,0,,,,,176.474675309,1
ojo_2016-03-07_22,48,none,,adaptive_mean,docling_rapidocr,qwen,8,0,0,0,8,0.0,0.0,0.0,0,,,,,110.864313733,1
ojo_2016-03-07_22,48,none,,basic,docling_easyocr,qwen,8,0,0,0,8,0.0,0.0,0.0,0,,,,,202.486651282,1
ojo_2016-03-07_22,48,none,,basic,docling_rapidocr,qwen,8,0,0,0,8,0.0,0.0,0.0,0,,,,,115.588703971,1
ojo_2016-03-07_22,48,none,,niblack,docling_easyocr,qwen,8,0,0,0,8,0.0,0.0,0.0,0,,,,,154.014282399,1
ojo_2016-03-07_22,48,none,,niblack,docling_rapidocr,qwen,8,0,0,0,8,0.0,0.0,0.0,0,,,,,101.620907241,1
ojo_2016-03-07_22,48,none,,none_color,docling_easyocr,qwen,8,0,0,0,8,0.0,0.0,0.0,0,,,,,202.465160874,1
ojo_2016-03-07_22,48,none,,none_color,docling_rapidocr,qwen,8,0,0,0,8,0.0,0.0,0.0,0,,,,,117.038687495,1
ojo_2016-03-07_22,48,none,,none_grayscale,docling_easyocr,qwen,8,0,0,0,8,0.0,0.0,0.0,0,,,,,194.278132943,1
ojo_2016-03-07_22,48,none,,none_grayscale,docling_rapidocr,qwen,8,0,0,0,8,0.0,0.0,0.0,0,,,,,117.276860265,1
ojo_2016-03-07_22,48,none,,otsu,docling_easyocr,qwen,8,0,0,0,8,0.0,0.0,0.0,0,,,,,188.739659959,1
ojo_2016-03-07_22,48,none,,otsu,docling_rapidocr,qwen,8,0,0,0,8,0.0,0.0,0.0,0,,,,,111.819320136,1
ojo_2016-03-07_22,49,none,,adaptive_gaussian,docling_easyocr,qwen,8,0,0,0,8,0.0,0.0,0.0,0,,,,,173.474493462,1
ojo_2016-03-07_22,49,none,,adaptive_gaussian,docling_rapidocr,qwen,8,0,0,0,8,0.0,0.0,0.0,0,,,,,107.663047511,1
ojo_2016-03-07_22,49,none,,adaptive_mean,docling_easyocr,qwen,8,0,0,0,8,0.0,0.0,0.0,0,,,,,172.947076632,1
ojo_2016-03-07_22,49,none,,adaptive_mean,docling_rapidocr,qwen,8,0,0,0,8,0.0,0.0,0.0,0,,,,,108.580030276,1
ojo_2016-03-07_22,49,none,,basic,docling_easyocr,qwen,8,0,0,0,8,0.0,0.0,0.0,0,,,,,198.28577077,1
ojo_2016-03-07_22,49,none,,basic,docling_rapidocr,qwen,8,0,0,0,8,0.0,0.0,0.0,0,,,,,113.414641496,1
ojo_2016-03-07_22,49,none,,niblack,docling_easyocr,qwen,8,0,0,0,8,0.0,0.0,0.0,0,,,,,153.900414706,1
ojo_2016-03-07_22,49,none,,niblack,docling_rapidocr,qwen,8,0,0,0,8,0.0,0.0,0.0,0,,,,,101.507596494,1
ojo_2016-03-07_22,49,none,,none_color,docling_easyocr,qwen,8,0,0,0,8,0.0,0.0,0.0,0,,,,,201.969864411,1
ojo_2016-03-07_22,49,none,,none_color,docling_rapidocr,qwen,8,0,0,0,8,0.0,0.0,0.0,0,,,,,117.258794827,1
ojo_2016-03-07_22,49,none,,none_grayscale,docling_easyocr,qwen,8,0,0,0,8,0.0,0.0,0.0,0,,,,,192.858170791,1
ojo_2016-03-07_22,49,none,,none_grayscale,docling_rapidocr,qwen,8,0,0,0,8,0.0,0.0,0.0,0,,,,,116.813404841,1
ojo_2016-03-07_22,49,none,,otsu,docling_easyocr,qwen,8,0,0,0,8,0.0,0.0,0.0,0,,,,,190.192202279,1
ojo_2016-03-07_22,49,none,,otsu,docling_rapidocr,qwen,8,0,0,0,8,0.0,0.0,0.0,0,,,,,109.580474803,1
ojo_2016-03-07_22,50,none,,adaptive_gaussian,docling_easyocr,qwen,8,0,0,0,8,0.0,0.0,0.0,0,,,,,178.809168841,1
ojo_2016-03-07_22,50,none,,adaptive_gaussian,docling_rapidocr,qwen,8,0,0,0,8,0.0,0.0,0.0,0,,,,,114.435765054,1
ojo_2016-03-07_22,50,none,,adaptive_mean,docling_easyocr,qwen,8,0,0,0,8,0.0,0.0,0.0,0,,,,,173.040120576,1
ojo_2016-03-07_22,50,none,,adaptive_mean,docling_rapidocr,qwen,8,0,0,0,8,0.0,0.0,0.0,0,,,,,108.90803263,1
ojo_2016-03-07_22,50,none,,basic,docling_easyocr,qwen,8,0,0,0,8,0.0,0.0,0.0,0,,,,,205.734620992,1
ojo_2016-03-07_22,50,none,,basic,docling_rapidocr,qwen,8,0,0,0,8,0.0,0.0,0.0,0,,,,,116.352513972,1
ojo_2016-03-07_22,50,none,,niblack,docling_easyocr,qwen,8,0,0,0,8,0.0,0.0,0.0,0,,,,,150.068351762,1
ojo_2016-03-07_22,50,none,,niblack,docling_rapidocr,qwen,8,0,0,0,8,0.0,0.0,0.0,0,,,,,101.617608563,1
ojo_2016-03-07_22,50,none,,none_color,docling_easyocr,qwen,8,0,0,0,8,0.0,0.0,0.0,0,,,,,203.08697473,1
ojo_2016-03-07_22,50,none,,none_color,docling_rapidocr,qwen,8,0,0,0,8,0.0,0.0,0.0,0,,,,,118.295343032,1
ojo_2016-03-07_22,50,none,,none_grayscale,docling_easyocr,qwen,8,0,0,0,8,0.0,0.0,0.0,0,,,,,202.497133365,1
ojo_2016-03-07_22,50,none,,none_grayscale,docling_rapidocr,qwen,8,0,0,0,8,0.0,0.0,0.0,0,,,,,114.241931786,1
ojo_2016-03-07_22,50,none,,otsu,docling_easyocr,qwen,8,0,0,0,8,0.0,0.0,0.0,0,,,,,190.210991637,1
ojo_2016-03-07_22,50,none,,otsu,docling_rapidocr,qwen,8,0,0,0,8,0.0,0.0,0.0,0,,,,,112.405353801,10
ojo_2016-03-07_22,51,none,,adaptive_gaussian,docling_easyocr,qwen,8,0,0,0,8,0.0,0.0,0.0,0,,,,,85.227606833,1
ojo_2016-03-07_22,51,none,,adaptive_gaussian,docling_rapidocr,qwen,8,0,0,0,8,0.0,0.0,0.0,0,,,,,14.01051122,1
ojo_2016-03-07_22,51,none,,adaptive_mean,docling_easyocr,qwen,8,0,0,0,8,0.0,0.0,0.0,0,,,,,84.769171651,1
ojo_2016-03-07_22,51,none,,adaptive_mean,docling_rapidocr,qwen,8,0,0,0,8,0.0,0.0,0.0,0,,,,,21.922321732,1
ojo_2016-03-07_22,51,none,,basic,docling_easyocr,qwen,8,0,0,0,8,0.0,0.0,0.0,0,,,,,101.38409319,1
ojo_2016-03-07_22,51,none,,basic,docling_rapidocr,qwen,8,0,0,0,8,0.0,0.0,0.0,0,,,,,22.385064507,1
ojo_2016-03-07_22,51,none,,niblack,docling_easyocr,qwen,8,0,0,0,8,0.0,0.0,0.0,0,,,,,61.355090409,1
ojo_2016-03-07_22,51,none,,niblack,docling_rapidocr,qwen,8,0,0,0,8,0.0,0.0,0.0,0,,,,,10.104386598,1
ojo_2016-03-07_22,51,none,,none_color,docling_easyocr,qwen,8,0,0,0,8,0.0,0.0,0.0,0,,,,,96.918500495,1
ojo_2016-03-07_22,51,none,,none_color,docling_rapidocr,qwen,8,0,0,0,8,0.0,0.0,0.0,0,,,,,25.541855645,1
ojo_2016-03-07_22,51,none,,none_grayscale,docling_easyocr,qwen,8,0,0,0,8,0.0,0.0,0.0,0,,,,,87.538099194,1
ojo_2016-03-07_22,51,none,,none_grayscale,docling_rapidocr,qwen,8,0,0,0,8,0.0,0.0,0.0,0,,,,,26.878810073,1
ojo_2016-03-07_22,51,none,,otsu,docling_easyocr,qwen,8,0,0,0,8,0.0,0.0,0.0,0,,,,,86.687028459,1
ojo_2016-03-07_22,51,none,,otsu,docling_rapidocr,qwen,8,0,0,0,8,0.0,0.0,0.0,0,,,,,20.176553061,1
ojo_2016-03-07_22,52,none,,adaptive_gaussian,docling_easyocr,qwen,8,0,0,0,8,0.0,0.0,0.0,0,,,,,89.540792244,1
ojo_2016-03-07_22,52,none,,adaptive_gaussian,docling_rapidocr,qwen,8,0,0,0,8,0.0,0.0,0.0,0,,,,,19.72892453,1
ojo_2016-03-07_22,52,none,,adaptive_mean,docling_easyocr,qwen,8,0,0,0,8,0.0,0.0,0.0,0,,,,,86.140115776,1
ojo_2016-03-07_22,52,none,,adaptive_mean,docling_rapidocr,qwen,8,0,0,0,8,0.0,0.0,0.0,0,,,,,21.663687506,1
ojo_2016-03-07_22,52,none,,basic,docling_easyocr,qwen,8,0,0,0,8,0.0,0.0,0.0,0,,,,,101.875416048,1
ojo_2016-03-07_22,52,none,,basic,docling_rapidocr,qwen,8,0,0,0,8,0.0,0.0,0.0,0,,,,,20.659281023,1
ojo_2016-03-07_22,52,none,,niblack,docling_easyocr,qwen,8,0,0,0,8,0.0,0.0,0.0,0,,,,,61.619796481,1
ojo_2016-03-07_22,52,none,,niblack,docling_rapidocr,qwen,8,0,0,0,8,0.0,0.0,0.0,0,,,,,10.478656496,1
ojo_2016-03-07_22,52,none,,none_color,docling_easyocr,qwen,8,0,0,0,8,0.0,0.0,0.0,0,,,,,102.45912617,1
ojo_2016-03-07_22,52,none,,none_color,docling_rapidocr,qwen,8,0,0,0,8,0.0,0.0,0.0,0,,,,,25.61648124,1
ojo_2016-03-07_22,52,none,,none_grayscale,docling_easyocr,qwen,8,0,0,0,8,0.0,0.0,0.0,0,,,,,101.993305214,1
ojo_2016-03-07_22,52,none,,none_grayscale,docling_rapidocr,qwen,8,0,0,0,8,0.0,0.0,0.0,0,,,,,25.3730352,1
ojo_2016-03-07_22,52,none,,otsu,docling_easyocr,qwen,8,0,0,0,8,0.0,0.0,0.0,0,,,,,96.744734845,1
ojo_2016-03-07_22,52,none,,otsu,docling_rapidocr,qwen,8,0,0,0,8,0.0,0.0,0.0,0,,,,,22.804512104,1
ojo_2016-03-07_22,53,none,,adaptive_gaussian,docling_easyocr,qwen,8,0,0,0,8,0.0,0.0,0.0,0,,,,,87.253554102,1
ojo_2016-03-07_22,53,none,,adaptive_gaussian,docling_rapidocr,qwen,8,0,0,0,8,0.0,0.0,0.0,0,,,,,15.430921551,1
ojo_2016-03-07_22,53,none,,adaptive_mean,docling_easyocr,qwen,8,0,0,0,8,0.0,0.0,0.0,0,,,,,89.852291695,1
ojo_2016-03-07_22,53,none,,adaptive_mean,docling_rapidocr,qwen,8,0,0,0,8,0.0,0.0,0.0,0,,,,,22.34958922,1
ojo_2016-03-07_22,53,none,,basic,docling_easyocr,qwen,8,0,0,0,8,0.0,0.0,0.0,0,,,,,99.994719897,1
ojo_2016-03-07_22,53,none,,basic,docling_rapidocr,qwen,8,0,0,0,8,0.0,0.0,0.0,0,,,,,26.996254836,1
ojo_2016-03-07_22,53,none,,niblack,docling_easyocr,qwen,8,0,0,0,8,0.0,0.0,0.0,0,,,,,61.311269322,1
ojo_2016-03-07_22,53,none,,niblack,docling_rapidocr,qwen,8,0,0,0,8,0.0,0.0,0.0,0,,,,,11.241063395,1
ojo_2016-03-07_22,53,none,,none_color,docling_easyocr,qwen,8,0,0,0,8,0.0,0.0,0.0,0,,,,,85.612699351,1
ojo_2016-03-07_22,53,none,,none_color,docling_rapidocr,qwen,8,0,0,0,8,0.0,0.0,0.0,0,,,,,27.084568581,1
ojo_2016-03-07_22,53,none,,none_grayscale,docling_easyocr,qwen,8,0,0,0,8,0.0,0.0,0.0,0,,,,,97.514927945,1
ojo_2016-03-07_22,53,none,,none_grayscale,docling_rapidocr,qwen,8,0,0,0,8,0.0,0.0,0.0,0,,,,,27.195549569,1
ojo_2016-03-07_22,53,none,,otsu,docling_easyocr,qwen,8,0,0,0,8,0.0,0.0,0.0,0,,,,,86.307223069,1
ojo_2016-03-07_22,53,none,,otsu,docling_rapidocr,qwen,8,0,0,0,8,0.0,0.0,0.0,0,,,,,21.769831168,1
ojo_2018-12-24_21,0,none,,adaptive_gaussian,docling_easyocr,qwen,6,0,0,0,6,0.0,0.0,0.0,0,,,,,87.727145056,1
ojo_2018-12-24_21,0,none,,adaptive_gaussian,docling_rapidocr,qwen,6,6,0,6,6,0.0,0.0,0.0,5,1.0947305758885264,1.24,1.0,1.0,19.534250836,0
ojo_2018-12-24_21,0,none,,adaptive_mean,docling_easyocr,qwen,6,0,0,0,6,0.0,0.0,0.0,0,,,,,98.871591782,1
ojo_2018-12-24_21,0,none,,adaptive_mean,docling_rapidocr,qwen,6,0,0,0,6,0.0,0.0,0.0,0,,,,,17.034390187,1
ojo_2018-12-24_21,0,none,,basic,docling_easyocr,qwen,6,1,0,1,6,0.0,0.0,0.0,1,0.8275862068965517,1.0,0.7150537634408602,0.8387096774193549,91.445812315,0
ojo_2018-12-24_21,0,none,,basic,docling_rapidocr,qwen,6,0,0,0,6,0.0,0.0,0.0,0,,,,,22.421049923,5
ojo_2018-12-24_21,0,none,,niblack,docling_easyocr,qwen,6,0,0,0,6,0.0,0.0,0.0,0,,,,,66.590969197,1
ojo_2018-12-24_21,0,none,,niblack,docling_rapidocr,qwen,6,0,0,0,6,0.0,0.0,0.0,0,,,,,9.839332453,1
ojo_2018-12-24_21,0,none,,none_color,docling_easyocr,qwen,6,0,0,0,6,0.0,0.0,0.0,0,,,,,83.237866108,1
ojo_2018-12-24_21,0,none,,none_color,docling_rapidocr,qwen,6,0,0,0,6,0.0,0.0,0.0,0,,,,,23.245010321,7
ojo_2018-12-24_21,0,none,,none_grayscale,docling_easyocr,qwen,6,9,3,6,3,0.333333,0.5,0.4,6,0.8571199694270512,0.9666666666666667,0.5679576936143508,0.6663223946753,92.551963824,0
ojo_2018-12-24_21,0,none,,none_grayscale,docling_rapidocr,qwen,6,0,0,0,6,0.0,0.0,0.0,0,,,,,20.353207844,1
ojo_2018-12-24_21,0,none,,otsu,docling_easyocr,qwen,6,0,0,0,6,0.0,0.0,0.0,0,,,,,89.848115845,5
ojo_2018-12-24_21,0,none,,otsu,docling_rapidocr,qwen,6,1,1,0,5,1.0,0.166667,0.285714,1,0.7931034482758621,1.0,0.22580645161290322,0.2903225806451613,22.708070441,0
ojo_2018-12-24_21,1,none,,adaptive_gaussian,docling_easyocr,qwen,6,0,0,0,6,0.0,0.0,0.0,0,,,,,87.015782175,1
ojo_2018-12-24_21,1,none,,adaptive_gaussian,docling_rapidocr,qwen,6,0,0,0,6,0.0,0.0,0.0,0,,,,,12.033694563,1
ojo_2018-12-24_21,1,none,,adaptive_mean,docling_easyocr,qwen,6,0,0,0,6,0.0,0.0,0.0,0,,,,,86.240895827,1
ojo_2018-12-24_21,1,none,,adaptive_mean,docling_rapidocr,qwen,6,6,0,6,6,0.0,0.0,0.0,3,0.9910044977511244,1.0666666666666667,1.0,1.0,13.88230737,0
ojo_2018-12-24_21,1,none,,basic,docling_easyocr,qwen,6,5,3,2,3,0.6,0.5,0.545455,5,0.8506104090811737,0.96,0.5047455938777464,0.6467655400718281,91.196456004,0
ojo_2018-12-24_21,1,none,,basic,docling_rapidocr,qwen,6,0,0,0,6,0.0,0.0,0.0,0,,,,,20.025402356,1
ojo_2018-12-24_21,1,none,,niblack,docling_easyocr,qwen,6,0,0,0,6,0.0,0.0,0.0,0,,,,,65.631858014,1
ojo_2018-12-24_21,1,none,,niblack,docling_rapidocr,qwen,6,0,0,0,6,0.0,0.0,0.0,0,,,,,11.040689133,1
ojo_2018-12-24_21,1,none,,none_color,docling_easyocr,qwen,6,0,0,0,6,0.0,0.0,0.0,0,,,,,80.448686814,1
ojo_2018-12-24_21,1,none,,none_color,docling_rapidocr,qwen,6,0,0,0,6,0.0,0.0,0.0,0,,,,,24.102029299,1
ojo_2018-12-24_21,1,none,,none_grayscale,docling_easyocr,qwen,6,6,0,6,6,0.0,0.0,0.0,6,0.9205701770963258,1.0,0.830798056804908,0.9617567223334019,90.337491084,0
ojo_2018-12-24_21,1,none,,none_grayscale,docling_rapidocr,qwen,6,0,0,0,6,0.0,0.0,0.0,0,,,,,23.687871266,1
ojo_2018-12-24_21,1,none,,otsu,docling_easyocr,qwen,6,0,0,0,6,0.0,0.0,0.0,0,,,,,90.637251332,5
ojo_2018-12-24_21,1,none,,otsu,docling_rapidocr,qwen,6,0,0,0,6,0.0,0.0,0.0,0,,,,,19.826155379,7
ojo_2018-12-24_21,2,none,,adaptive_gaussian,docling_easyocr,qwen,6,0,0,0,6,0.0,0.0,0.0,0,,,,,102.973126492,1
ojo_2018-12-24_21,2,none,,adaptive_gaussian,docling_rapidocr,qwen,6,0,0,0,6,0.0,0.0,0.0,0,,,,,18.098569235,1
ojo_2018-12-24_21,2,none,,adaptive_mean,docling_easyocr,qwen,6,0,0,0,6,0.0,0.0,0.0,0,,,,,97.310529334,1
ojo_2018-12-24_21,2,none,,adaptive_mean,docling_rapidocr,qwen,6,0,0,0,6,0.0,0.0,0.0,0,,,,,17.829645497,1
ojo_2018-12-24_21,2,none,,basic,docling_easyocr,qwen,6,0,0,0,6,0.0,0.0,0.0,0,,,,,97.896448756,1
ojo_2018-12-24_21,2,none,,basic,docling_rapidocr,qwen,6,0,0,0,6,0.0,0.0,0.0,0,,,,,23.281897927,5
ojo_2018-12-24_21,2,none,,niblack,docling_easyocr,qwen,6,0,0,0,6,0.0,0.0,0.0,0,,,,,66.122824139,1
ojo_2018-12-24_21,2,none,,niblack,docling_rapidocr,qwen,6,0,0,0,6,0.0,0.0,0.0,0,,,,,11.782193131,1
ojo_2018-12-24_21,2,none,,none_color,docling_easyocr,qwen,6,4,2,2,4,0.5,0.333333,0.4,4,0.9374062968515742,1.0,0.41433325490593326,0.5362355361128508,90.846327853,0
ojo_2018-12-24_21,2,none,,none_color,docling_rapidocr,qwen,6,0,0,0,6,0.0,0.0,0.0,0,,,,,23.614387822,4
ojo_2018-12-24_21,2,none,,none_grayscale,docling_easyocr,qwen,6,5,1,4,5,0.2,0.166667,0.181818,5,0.8549305179343101,0.96,0.6882282921524967,0.8454939652741131,90.750758004,0
ojo_2018-12-24_21,2,none,,none_grayscale,docling_rapidocr,qwen,6,7,4,3,2,0.571429,0.666667,0.615385,6,0.8498735926154569,0.9666666666666667,0.38219279717332916,0.42837796713329274,22.71734054,0
ojo_2018-12-24_21,2,none,,otsu,docling_easyocr,qwen,6,0,0,0,6,0.0,0.0,0.0,0,,,,,90.540399767,5
ojo_2018-12-24_21,2,none,,otsu,docling_rapidocr,qwen,6,1,1,0,5,1.0,0.166667,0.285714,1,0.7931034482758621,1.0,0.46236559139784944,0.4838709677419355,22.641611554,0
ojo_2018-12-24_21,3,none,,adaptive_gaussian,docling_easyocr,qwen,6,0,0,0,6,0.0,0.0,0.0,0,,,,,89.932316737,1
ojo_2018-12-24_21,3,none,,adaptive_gaussian,docling_rapidocr,qwen,6,0,0,0,6,0.0,0.0,0.0,0,,,,,17.626053051,1
ojo_2018-12-24_21,3,none,,adaptive_mean,docling_easyocr,qwen,6,0,0,0,6,0.0,0.0,0.0,0,,,,,69.769907691,1
ojo_2018-12-24_21,3,none,,adaptive_mean,docling_rapidocr,qwen,6,0,0,0,6,0.0,0.0,0.0,0,,,,,12.411379076,1
ojo_2018-12-24_21,3,none,,basic,docling_easyocr,qwen,6,0,0,0,6,0.0,0.0,0.0,0,,,,,92.579413195,1
ojo_2018-12-24_21,3,none,,basic,docling_rapidocr,qwen,6,4,0,4,6,0.0,0.0,0.0,4,0.8589901477832512,0.95,0.5673626699656722,0.7407547304491622,15.920166274,0
ojo_2018-12-24_21,3,none,,niblack,docling_easyocr,qwen,6,0,0,0,6,0.0,0.0,0.0,0,,,,,67.83078999,1
ojo_2018-12-24_21,3,none,,niblack,docling_rapidocr,qwen,6,0,0,0,6,0.0,0.0,0.0,0,,,,,9.775974221,1
ojo_2018-12-24_21,3,none,,none_color,docling_easyocr,qwen,6,0,0,0,6,0.0,0.0,0.0,0,,,,,86.930149191,1
ojo_2018-12-24_21,3,none,,none_color,docling_rapidocr,qwen,6,1,0,1,6,0.0,0.0,0.0,1,1.0,1.0,3.252688172043011,3.129032258064516,23.538461321,0
ojo_2018-12-24_21,3,none,,none_grayscale,docling_easyocr,qwen,6,0,0,0,6,0.0,0.0,0.0,0,,,,,95.29665894,1
ojo_2018-12-24_21,3,none,,none_grayscale,docling_rapidocr,qwen,6,1,1,0,5,1.0,0.166667,0.285714,1,0.7931034482758621,1.0,0.478494623655914,0.5161290322580645,23.990526146,0
ojo_2018-12-24_21,3,none,,otsu,docling_easyocr,qwen,6,0,0,0,6,0.0,0.0,0.0,0,,,,,103.442514035,1
ojo_2018-12-24_21,3,none,,otsu,docling_rapidocr,qwen,6,0,0,0,6,0.0,0.0,0.0,0,,,,,20.421575161,5
ojo_2018-12-24_21,3,none,,yannihorne,docling_easyocr,qwen,6,0,0,0,6,0.0,0.0,0.0,0,,,,,64.52936444,1
ojo_2018-12-24_21,3,none,,yannihorne,docling_rapidocr,qwen,6,0,0,0,6,0.0,0.0,0.0,0,,,,,9.662944409,1
ojo_2018-12-24_21,4,none,,adaptive_gaussian,docling_easyocr,qwen,6,0,0,0,6,0.0,0.0,0.0,0,,,,,90.007059945,1
ojo_2018-12-24_21,4,none,,adaptive_gaussian,docling_rapidocr,qwen,6,0,0,0,6,0.0,0.0,0.0,0,,,,,18.679747237,1
ojo_2018-12-24_21,4,none,,adaptive_mean,docling_easyocr,qwen,6,0,0,0,6,0.0,0.0,0.0,0,,,,,74.759570679,1
ojo_2018-12-24_21,4,none,,adaptive_mean,docling_rapidocr,qwen,6,0,0,0,6,0.0,0.0,0.0,0,,,,,11.015987238,1
ojo_2018-12-24_21,4,none,,basic,docling_easyocr,qwen,6,0,0,0,6,0.0,0.0,0.0,0,,,,,87.498532822,1
ojo_2018-12-24_21,4,none,,basic,docling_rapidocr,qwen,6,1,1,0,5,1.0,0.166667,0.285714,1,0.8620689655172413,1.0,0.6881720430107527,0.8709677419354839,22.048006346,0
ojo_2018-12-24_21,4,none,,niblack,docling_easyocr,qwen,6,0,0,0,6,0.0,0.0,0.0,0,,,,,66.401295619,1
ojo_2018-12-24_21,4,none,,niblack,docling_rapidocr,qwen,6,0,0,0,6,0.0,0.0,0.0,0,,,,,11.976095633,1
ojo_2018-12-24_21,4,none,,none_color,docling_easyocr,qwen,6,0,0,0,6,0.0,0.0,0.0,0,,,,,94.454751708,1
ojo_2018-12-24_21,4,none,,none_color,docling_rapidocr,qwen,6,5,3,2,3,0.6,0.5,0.545455,5,0.9365217391304348,1.0,0.7481924993829424,0.6010800027050788,22.659321047,0
ojo_2018-12-24_21,4,none,,none_grayscale,docling_easyocr,qwen,6,0,0,0,6,0.0,0.0,0.0,0,,,,,95.364800503,1
ojo_2018-12-24_21,4,none,,none_grayscale,docling_rapidocr,qwen,6,5,4,1,2,0.8,0.666667,0.727273,4,0.9041582150101419,1.0,0.051075268817204304,0.06451612903225806,21.023391535,0
ojo_2018-12-24_21,4,none,,otsu,docling_easyocr,qwen,6,0,0,0,6,0.0,0.0,0.0,0,,,,,93.083515839,1
ojo_2018-12-24_21,4,none,,otsu,docling_rapidocr,qwen,6,1,1,0,5,1.0,0.166667,0.285714,1,0.8275862068965517,1.2,0.5752688172043011,0.7096774193548387,18.419810013,0
ojo_2018-12-24_21,4,none,,yannihorne,docling_easyocr,qwen,6,0,0,0,6,0.0,0.0,0.0,0,,,,,64.089441018,1
ojo_2018-12-24_21,4,none,,yannihorne,docling_rapidocr,qwen,6,0,0,0,6,0.0,0.0,0.0,0,,,,,11.671120123,1
ojo_2018-12-24_21,5,none,,adaptive_gaussian,docling_easyocr,qwen,6,0,0,0,6,0.0,0.0,0.0,0,,,,,91.403589495,1
ojo_2018-12-24_21,5,none,,adaptive_gaussian,docling_rapidocr,qwen,6,0,0,0,6,0.0,0.0,0.0,0,,,,,15.221836098,1
ojo_2018-12-24_21,5,none,,adaptive_mean,docling_easyocr,qwen,6,0,0,0,6,0.0,0.0,0.0,0,,,,,68.411259442,1
ojo_2018-12-24_21,5,none,,adaptive_mean,docling_rapidocr,qwen,6,0,0,0,6,0.0,0.0,0.0,0,,,,,11.508829146,1
ojo_2018-12-24_21,5,none,,basic,docling_easyocr,qwen,6,0,0,0,6,0.0,0.0,0.0,0,,,,,85.696780037,1
ojo_2018-12-24_21,5,none,,basic,docling_rapidocr,qwen,6,4,0,4,6,0.0,0.0,0.0,4,0.815511886913686,0.95,0.9335143191738529,1.0,13.704065156,0
ojo_2018-12-24_21,5,none,,niblack,docling_easyocr,qwen,6,0,0,0,6,0.0,0.0,0.0,0,,,,,67.369357844,1
ojo_2018-12-24_21,5,none,,niblack,docling_rapidocr,qwen,6,0,0,0,6,0.0,0.0,0.0,0,,,,,10.620409747,1
ojo_2018-12-24_21,5,none,,none_color,docling_easyocr,qwen,6,0,0,0,6,0.0,0.0,0.0,0,,,,,89.93030095,1
ojo_2018-12-24_21,5,none,,none_color,docling_rapidocr,qwen,6,0,0,0,6,0.0,0.0,0.0,0,,,,,22.878301381,10
ojo_2018-12-24_21,5,none,,none_grayscale,docling_easyocr,qwen,6,0,0,0,6,0.0,0.0,0.0,0,,,,,98.625327109,1
ojo_2018-12-24_21,5,none,,none_grayscale,docling_rapidocr,qwen,6,0,0,0,6,0.0,0.0,0.0,0,,,,,22.250676869,10
ojo_2018-12-24_21,5,none,,otsu,docling_easyocr,qwen,6,0,0,0,6,0.0,0.0,0.0,0,,,,,103.930495167,1
ojo_2018-12-24_21,5,none,,otsu,docling_rapidocr,qwen,6,7,0,7,6,0.0,0.0,0.0,6,0.8522563298182843,1.1333333333333333,0.943268931989731,1.2190042884369359,22.188835764,0
ojo_2018-12-24_21,5,none,,yannihorne,docling_easyocr,qwen,6,0,0,0,6,0.0,0.0,0.0,0,,,,,63.726283455,1
ojo_2018-12-24_21,5,none,,yannihorne,docling_rapidocr,qwen,6,0,0,0,6,0.0,0.0,0.0,0,,,,,11.495083476,1
ojo_2018-12-24_21,6,none,,adaptive_gaussian,docling_easyocr,qwen,6,0,0,0,6,0.0,0.0,0.0,0,,,,,95.171928623,1
ojo_2018-12-24_21,6,none,,adaptive_gaussian,docling_rapidocr,qwen,6,0,0,0,6,0.0,0.0,0.0,0,,,,,17.23991821,1
ojo_2018-12-24_21,6,none,,adaptive_mean,docling_easyocr,qwen,6,0,0,0,6,0.0,0.0,0.0,0,,,,,73.173581527,1
ojo_2018-12-24_21,6,none,,adaptive_mean,docling_rapidocr,qwen,6,0,0,0,6,0.0,0.0,0.0,0,,,,,11.994681524,1
ojo_2018-12-24_21,6,none,,basic,docling_easyocr,qwen,6,0,0,0,6,0.0,0.0,0.0,0,,,,,90.358574836,1
ojo_2018-12-24_21,6,none,,basic,docling_rapidocr,qwen,6,1,1,0,5,1.0,0.166667,0.285714,1,0.7931034482758621,1.0,0.5483870967741935,0.6451612903225806,20.890681951,0
ojo_2018-12-24_21,6,none,,niblack,docling_easyocr,qwen,6,0,0,0,6,0.0,0.0,0.0,0,,,,,59.695785108,1
ojo_2018-12-24_21,6,none,,niblack,docling_rapidocr,qwen,6,0,0,0,6,0.0,0.0,0.0,0,,,,,11.594194713,1
ojo_2018-12-24_21,6,none,,none_color,docling_easyocr,qwen,6,0,0,0,6,0.0,0.0,0.0,0,,,,,93.61761457,1
ojo_2018-12-24_21,6,none,,none_color,docling_rapidocr,qwen,6,1,0,1,6,0.0,0.0,0.0,1,0.85,1.0,0.7409387997623291,0.9245283018867925,23.126730028,0
ojo_2018-12-24_21,6,none,,none_grayscale,docling_easyocr,qwen,6,1,0,1,6,0.0,0.0,0.0,1,1.4,2.5,0.48366013071895425,0.630188679245283,91.630543605,0
ojo_2018-12-24_21,6,none,,none_grayscale,docling_rapidocr,qwen,6,7,4,3,2,0.571429,0.666667,0.615385,6,0.8628670958638328,0.9666666666666667,0.5115182945445247,0.5606327523355198,22.783422843,0
ojo_2018-12-24_21,6,none,,otsu,docling_easyocr,qwen,6,0,0,0,6,0.0,0.0,0.0,0,,,,,88.225207609,1
ojo_2018-12-24_21,6,none,,otsu,docling_rapidocr,qwen,6,1,1,0,5,1.0,0.166667,0.285714,1,0.7931034482758621,1.0,0.3010752688172043,0.41935483870967744,21.358809989,0
ojo_2018-12-24_21,6,none,,yannihorne,docling_easyocr,qwen,6,0,0,0,6,0.0,0.0,0.0,0,,,,,56.018397134,1
ojo_2018-12-24_21,6,none,,yannihorne,docling_rapidocr,qwen,6,0,0,0,6,0.0,0.0,0.0,0,,,,,11.656702798,1
ojo_2018-12-24_21,7,none,,adaptive_gaussian,docling_easyocr,qwen,6,0,0,0,6,0.0,0.0,0.0,0,,,,,103.140489183,1
ojo_2018-12-24_21,7,none,,adaptive_gaussian,docling_rapidocr,qwen,6,0,0,0,6,0.0,0.0,0.0,0,,,,,20.850984416,1
ojo_2018-12-24_21,7,none,,adaptive_mean,docling_easyocr,qwen,6,0,0,0,6,0.0,0.0,0.0,0,,,,,97.124274284,1
ojo_2018-12-24_21,7,none,,adaptive_mean,docling_rapidocr,qwen,6,0,0,0,6,0.0,0.0,0.0,0,,,,,15.47443679,1
ojo_2018-12-24_21,7,none,,basic,docling_easyocr,qwen,6,0,0,0,6,0.0,0.0,0.0,0,,,,,93.017475273,1
ojo_2018-12-24_21,7,none,,basic,docling_rapidocr,qwen,6,0,0,0,6,0.0,0.0,0.0,0,,,,,22.336439277,5
ojo_2018-12-24_21,7,none,,niblack,docling_easyocr,qwen,6,0,0,0,6,0.0,0.0,0.0,0,,,,,67.557275678,1
ojo_2018-12-24_21,7,none,,niblack,docling_rapidocr,qwen,6,0,0,0,6,0.0,0.0,0.0,0,,,,,11.937860157,1
ojo_2018-12-24_21,7,none,,none_color,docling_easyocr,qwen,6,6,5,1,1,0.833333,0.833333,0.833333,6,0.5772167487684728,0.6666666666666666,0.31762965471432647,0.4255280435440843,92.88812685,0
ojo_2018-12-24_21,7,none,,none_color,docling_rapidocr,qwen,6,8,3,5,3,0.375,0.5,0.428571,6,0.9330783137842844,1.0,0.248175553101594,0.27154031400561335,19.488293409,0
ojo_2018-12-24_21,7,none,,none_grayscale,docling_easyocr,qwen,6,4,2,2,4,0.5,0.333333,0.4,4,0.9188640973630832,1.0,0.7113908063285259,0.748570901714918,90.145162178,0
ojo_2018-12-24_21,7,none,,none_grayscale,docling_rapidocr,qwen,6,1,0,1,6,0.0,0.0,0.0,1,0.85,1.0,0.9185977421271538,1.150943396226415,21.140215469,0
ojo_2018-12-24_21,7,none,,otsu,docling_easyocr,qwen,6,0,0,0,6,0.0,0.0,0.0,0,,,,,80.418002822,1
ojo_2018-12-24_21,7,none,,otsu,docling_rapidocr,qwen,6,0,0,0,6,0.0,0.0,0.0,0,,,,,22.497700431,6
ojo_2018-12-24_21,8,none,,adaptive_gaussian,docling_easyocr,qwen,6,0,0,0,6,0.0,0.0,0.0,0,,,,,98.031936603,1
ojo_2018-12-24_21,8,none,,adaptive_gaussian,docling_rapidocr,qwen,6,0,0,0,6,0.0,0.0,0.0,0,,,,,17.785323339,1
ojo_2018-12-24_21,8,none,,adaptive_mean,docling_easyocr,qwen,6,0,0,0,6,0.0,0.0,0.0,0,,,,,75.003835418,1
ojo_2018-12-24_21,8,none,,adaptive_mean,docling_rapidocr,qwen,6,0,0,0,6,0.0,0.0,0.0,0,,,,,12.213344791,1
ojo_2018-12-24_21,8,none,,basic,docling_easyocr,qwen,6,0,0,0,6,0.0,0.0,0.0,0,,,,,89.735407611,1
ojo_2018-12-24_21,8,none,,basic,docling_rapidocr,qwen,6,4,1,3,5,0.25,0.166667,0.2,4,0.8589901477832512,0.95,0.694184103458297,0.8687683284457478,11.629670402,0
ojo_2018-12-24_21,8,none,,niblack,docling_easyocr,qwen,6,0,0,0,6,0.0,0.0,0.0,0,,,,,68.969310274,1
ojo_2018-12-24_21,8,none,,niblack,docling_rapidocr,qwen,6,0,0,0,6,0.0,0.0,0.0,0,,,,,9.268473377,1
ojo_2018-12-24_21,8,none,,none_color,docling_easyocr,qwen,6,0,0,0,6,0.0,0.0,0.0,0,,,,,85.867809244,1
ojo_2018-12-24_21,8,none,,none_color,docling_rapidocr,qwen,6,0,0,0,6,0.0,0.0,0.0,0,,,,,22.584154792,1
ojo_2018-12-24_21,8,none,,none_grayscale,docling_easyocr,qwen,6,0,0,0,6,0.0,0.0,0.0,0,,,,,92.80934114,1
ojo_2018-12-24_21,8,none,,none_grayscale,docling_rapidocr,qwen,6,0,0,0,6,0.0,0.0,0.0,0,,,,,19.188933082,1
ojo_2018-12-24_21,8,none,,otsu,docling_easyocr,qwen,6,1,0,1,6,0.0,0.0,0.0,1,0.17857142857142858,0.6,0.8783068783068783,1.2413793103448276,91.051499937,0
ojo_2018-12-24_21,8,none,,otsu,docling_rapidocr,qwen,6,1,1,0,5,1.0,0.166667,0.285714,1,0.7931034482758621,1.0,0.5376344086021505,0.8387096774193549,19.82186589,0
ojo_2018-12-24_21,8,none,,yannihorne,docling_easyocr,qwen,6,0,0,0,6,0.0,0.0,0.0,0,,,,,63.585516069,1
ojo_2018-12-24_21,8,none,,yannihorne,docling_rapidocr,qwen,6,0,0,0,6,0.0,0.0,0.0,0,,,,,10.816476676,1
ojo_2018-12-24_21,9,none,,adaptive_gaussian,docling_easyocr,qwen,6,0,0,0,6,0.0,0.0,0.0,0,,,,,100.199594881,1
ojo_2018-12-24_21,9,none,,adaptive_gaussian,docling_rapidocr,qwen,6,0,0,0,6,0.0,0.0,0.0,0,,,,,19.136464502,1
ojo_2018-12-24_21,9,none,,adaptive_mean,docling_easyocr,qwen,6,0,0,0,6,0.0,0.0,0.0,0,,,,,79.817707632,1
ojo_2018-12-24_21,9,none,,adaptive_mean,docling_rapidocr,qwen,6,0,0,0,6,0.0,0.0,0.0,0,,,,,15.072841022,1
ojo_2018-12-24_21,9,none,,basic,docling_easyocr,qwen,6,0,0,0,6,0.0,0.0,0.0,0,,,,,103.772302524,1
ojo_2018-12-24_21,9,none,,basic,docling_rapidocr,qwen,6,0,0,0,6,0.0,0.0,0.0,0,,,,,21.642268077,1
ojo_2018-12-24_21,9,none,,niblack,docling_easyocr,qwen,6,0,0,0,6,0.0,0.0,0.0,0,,,,,66.479934299,1
ojo_2018-12-24_21,9,none,,niblack,docling_rapidocr,qwen,6,0,0,0,6,0.0,0.0,0.0,0,,,,,10.842941129,1
ojo_2018-12-24_21,9,none,,none_color,docling_easyocr,qwen,6,8,0,8,6,0.0,0.0,0.0,3,0.7881773399014779,1.0,1.0,1.0,97.94432806,0
ojo_2018-12-24_21,9,none,,none_color,docling_rapidocr,qwen,6,0,0,0,6,0.0,0.0,0.0,0,,,,,23.772207727,7
ojo_2018-12-24_21,9,none,,none_grayscale,docling_easyocr,qwen,6,0,0,0,6,0.0,0.0,0.0,0,,,,,105.589393201,1
ojo_2018-12-24_21,9,none,,none_grayscale,docling_rapidocr,qwen,6,4,4,0,2,1.0,0.666667,0.8,4,0.9041582150101419,1.0,0.2314861286435863,0.2952299941111038,23.561596933,0
ojo_2018-12-24_21,9,none,,otsu,docling_easyocr,qwen,6,0,0,0,6,0.0,0.0,0.0,0,,,,,104.133837907,1
ojo_2018-12-24_21,9,none,,otsu,docling_rapidocr,qwen,6,4,1,3,5,0.25,0.166667,0.2,4,0.8736960301361925,1.2,1.027204566888374,1.358683593773236,21.833159416,0
ojo_2018-12-24_21,9,none,,yannihorne,docling_easyocr,qwen,6,0,0,0,6,0.0,0.0,0.0,0,,,,,64.243359058,1
ojo_2018-12-24_21,9,none,,yannihorne,docling_rapidocr,qwen,6,0,0,0,6,0.0,0.0,0.0,0,,,,,10.392113416,1
ojo_2018-12-24_21,10,none,,adaptive_gaussian,docling_easyocr,qwen,6,0,0,0,6,0.0,0.0,0.0,0,,,,,82.38472144,1
ojo_2018-12-24_21,10,none,,adaptive_gaussian,docling_rapidocr,qwen,6,0,0,0,6,0.0,0.0,0.0,0,,,,,12.023401183,1
ojo_2018-12-24_21,10,none,,adaptive_mean,docling_easyocr,qwen,6,0,0,0,6,0.0,0.0,0.0,0,,,,,79.303762473,1
ojo_2018-12-24_21,10,none,,adaptive_mean,docling_rapidocr,qwen,6,0,0,0,6,0.0,0.0,0.0,0,,,,,12.963946379,1
ojo_2018-12-24_21,10,none,,basic,docling_easyocr,qwen,6,0,0,0,6,0.0,0.0,0.0,0,,,,,102.304098996,1
ojo_2018-12-24_21,10,none,,basic,docling_rapidocr,qwen,6,1,0,1,6,0.0,0.0,0.0,1,0.896551724137931,1.0,0.6612903225806451,0.9032258064516129,21.451426896,0
ojo_2018-12-24_21,10,none,,niblack,docling_easyocr,qwen,6,0,0,0,6,0.0,0.0,0.0,0,,,,,65.537276036,1
ojo_2018-12-24_21,10,none,,niblack,docling_rapidocr,qwen,6,0,0,0,6,0.0,0.0,0.0,0,,,,,10.848309285,1
ojo_2018-12-24_21,10,none,,none_color,docling_easyocr,qwen,6,0,0,0,6,0.0,0.0,0.0,0,,,,,102.853011137,1
ojo_2018-12-24_21,10,none,,none_color,docling_rapidocr,qwen,6,0,0,0,6,0.0,0.0,0.0,0,,,,,23.010244852,7
ojo_2018-12-24_21,10,none,,none_grayscale,docling_easyocr,qwen,6,0,0,0,6,0.0,0.0,0.0,0,,,,,99.901003678,1
ojo_2018-12-24_21,10,none,,none_grayscale,docling_rapidocr,qwen,6,0,0,0,6,0.0,0.0,0.0,0,,,,,17.864573557,7
ojo_2018-12-24_21,10,none,,otsu,docling_easyocr,qwen,6,0,0,0,6,0.0,0.0,0.0,0,,,,,102.627965674,1
ojo_2018-12-24_21,10,none,,otsu,docling_rapidocr,qwen,6,1,0,1,6,0.0,0.0,0.0,1,0.8275862068965517,1.0,0.6075268817204301,0.9032258064516129,22.076835379,0
ojo_2018-12-24_21,11,none,,adaptive_gaussian,docling_easyocr,qwen,6,0,0,0,6,0.0,0.0,0.0,0,,,,,93.628502903,1
ojo_2018-12-24_21,11,none,,adaptive_gaussian,docling_rapidocr,qwen,6,0,0,0,6,0.0,0.0,0.0,0,,,,,16.884483157,1
ojo_2018-12-24_21,11,none,,adaptive_mean,docling_easyocr,qwen,6,0,0,0,6,0.0,0.0,0.0,0,,,,,69.178896983,1
ojo_2018-12-24_21,11,none,,adaptive_mean,docling_rapidocr,qwen,6,0,0,0,6,0.0,0.0,0.0,0,,,,,13.809650977,1
ojo_2018-12-24_21,11,none,,basic,docling_easyocr,qwen,6,0,0,0,6,0.0,0.0,0.0,0,,,,,84.614723088,1
ojo_2018-12-24_21,11,none,,basic,docling_rapidocr,qwen,6,0,0,0,6,0.0,0.0,0.0,0,,,,,13.006851555,1
ojo_2018-12-24_21,11,none,,niblack,docling_easyocr,qwen,6,0,0,0,6,0.0,0.0,0.0,0,,,,,66.06391499,1
ojo_2018-12-24_21,11,none,,niblack,docling_rapidocr,qwen,6,0,0,0,6,0.0,0.0,0.0,0,,,,,10.899522995,1
ojo_2018-12-24_21,11,none,,none_color,docling_easyocr,qwen,6,0,0,0,6,0.0,0.0,0.0,0,,,,,105.244324255,1
ojo_2018-12-24_21,11,none,,none_color,docling_rapidocr,qwen,6,0,0,0,6,0.0,0.0,0.0,0,,,,,22.763206053,8
ojo_2018-12-24_21,11,none,,none_grayscale,docling_easyocr,qwen,6,0,0,0,6,0.0,0.0,0.0,0,,,,,98.563183117,1
ojo_2018-12-24_21,11,none,,none_grayscale,docling_rapidocr,qwen,6,0,0,0,6,0.0,0.0,0.0,0,,,,,23.356179762,8
ojo_2018-12-24_21,11,none,,otsu,docling_easyocr,qwen,6,0,0,0,6,0.0,0.0,0.0,0,,,,,104.472959235,1
ojo_2018-12-24_21,11,none,,otsu,docling_rapidocr,qwen,6,0,0,0,6,0.0,0.0,0.0,0,,,,,18.39676614,5
ojo_2018-12-24_21,11,none,,yannihorne,docling_easyocr,qwen,6,0,0,0,6,0.0,0.0,0.0,0,,,,,64.180200531,1
ojo_2018-12-24_21,11,none,,yannihorne,docling_rapidocr,qwen,6,0,0,0,6,0.0,0.0,0.0,0,,,,,10.135638907,1
ojo_2018-12-24_21,12,none,,adaptive_gaussian,docling_easyocr,qwen,6,0,0,0,6,0.0,0.0,0.0,0,,,,,121.53809713,1
ojo_2018-12-24_21,12,none,,adaptive_gaussian,docling_rapidocr,qwen,6,0,0,0,6,0.0,0.0,0.0,0,,,,,51.78765248,1
ojo_2018-12-24_21,12,none,,adaptive_mean,docling_easyocr,qwen,6,0,0,0,6,0.0,0.0,0.0,0,,,,,130.549735958,1
ojo_2018-12-24_21,12,none,,adaptive_mean,docling_rapidocr,qwen,6,0,0,0,6,0.0,0.0,0.0,0,,,,,48.850458319,1
ojo_2018-12-24_21,12,none,,basic,docling_easyocr,qwen,6,1,1,0,5,1.0,0.166667,0.285714,1,0.8275862068965517,1.0,0.5698924731182796,0.6774193548387096,122.676347472,0
ojo_2018-12-24_21,12,none,,basic,docling_rapidocr,qwen,6,0,0,0,6,0.0,0.0,0.0,0,,,,,54.065537669,5
ojo_2018-12-24_21,12,none,,niblack,docling_easyocr,qwen,6,0,0,0,6,0.0,0.0,0.0,0,,,,,96.565490742,1
ojo_2018-12-24_21,12,none,,niblack,docling_rapidocr,qwen,6,0,0,0,6,0.0,0.0,0.0,0,,,,,43.38735034,1
ojo_2018-12-24_21,12,none,,none_color,docling_easyocr,qwen,6,0,0,0,6,0.0,0.0,0.0,0,,,,,124.367382359,1
ojo_2018-12-24_21,12,none,,none_color,docling_rapidocr,qwen,6,5,3,2,3,0.6,0.5,0.545455,5,0.9470852808889673,1.0,0.25322222699483127,0.2897337429595494,55.266242098,0
ojo_2018-12-24_21,12,none,,none_grayscale,docling_easyocr,qwen,6,0,0,0,6,0.0,0.0,0.0,0,,,,,124.465481902,8
ojo_2018-12-24_21,12,none,,none_grayscale,docling_rapidocr,qwen,6,0,0,0,6,0.0,0.0,0.0,0,,,,,54.872423554,1
ojo_2018-12-24_21,12,none,,otsu,docling_easyocr,qwen,6,0,0,0,6,0.0,0.0,0.0,0,,,,,123.629622986,5
ojo_2018-12-24_21,12,none,,otsu,docling_rapidocr,qwen,6,1,1,0,5,1.0,0.166667,0.285714,1,0.7931034482758621,1.0,0.20430107526881722,0.25806451612903225,54.760783722,0
ojo_2018-12-24_21,13,none,,adaptive_gaussian,docling_easyocr,qwen,6,0,0,0,6,0.0,0.0,0.0,0,,,,,117.403903395,1
ojo_2018-12-24_21,13,none,,adaptive_gaussian,docling_rapidocr,qwen,6,0,0,0,6,0.0,0.0,0.0,0,,,,,44.03742829,1
ojo_2018-12-24_21,13,none,,adaptive_mean,docling_easyocr,qwen,6,0,0,0,6,0.0,0.0,0.0,0,,,,,118.363687613,1
ojo_2018-12-24_21,13,none,,adaptive_mean,docling_rapidocr,qwen,6,6,0,6,6,0.0,0.0,0.0,3,1.0479403155565075,1.2333333333333334,1.0,1.0,45.936989882,0
ojo_2018-12-24_21,13,none,,basic,docling_easyocr,qwen,6,4,2,2,4,0.5,0.333333,0.4,4,0.8823167197913648,1.075,0.5806294899635686,0.7397658122810252,122.386892458,0
ojo_2018-12-24_21,13,none,,basic,docling_rapidocr,qwen,6,0,0,0,6,0.0,0.0,0.0,0,,,,,51.354281088,1
ojo_2018-12-24_21,13,none,,niblack,docling_easyocr,qwen,6,0,0,0,6,0.0,0.0,0.0,0,,,,,101.815861147,1
ojo_2018-12-24_21,13,none,,niblack,docling_rapidocr,qwen,6,0,0,0,6,0.0,0.0,0.0,0,,,,,42.975139302,1
ojo_2018-12-24_21,13,none,,none_color,docling_easyocr,qwen,6,5,3,2,3,0.6,0.5,0.545455,5,0.947314578005115,1.0,0.6660490514822963,0.8670883357779144,123.71624207,0
ojo_2018-12-24_21,13,none,,none_color,docling_rapidocr,qwen,6,0,0,0,6,0.0,0.0,0.0,0,,,,,51.468379969,8
ojo_2018-12-24_21,13,none,,none_grayscale,docling_easyocr,qwen,6,6,4,2,2,0.666667,0.666667,0.666667,6,0.8498735926154569,0.9666666666666667,0.7050198747043622,0.7945972766273779,112.667812176,0
ojo_2018-12-24_21,13,none,,none_grayscale,docling_rapidocr,qwen,6,0,0,0,6,0.0,0.0,0.0,0,,,,,55.691028185,4
ojo_2018-12-24_21,13,none,,otsu,docling_easyocr,qwen,6,1,1,0,5,1.0,0.166667,0.285714,1,0.7931034482758621,1.0,0.1881720430107527,0.22580645161290322,121.542958472,0
ojo_2018-12-24_21,13,none,,otsu,docling_rapidocr,qwen,6,0,0,0,6,0.0,0.0,0.0,0,,,,,54.399071905,8
ojo_2018-12-24_21,14,none,,adaptive_gaussian,docling_easyocr,qwen,6,0,0,0,6,0.0,0.0,0.0,0,,,,,130.415814631,1
ojo_2018-12-24_21,14,none,,adaptive_gaussian,docling_rapidocr,qwen,6,0,0,0,6,0.0,0.0,0.0,0,,,,,51.537178509,1
ojo_2018-12-24_21,14,none,,adaptive_mean,docling_easyocr,qwen,6,0,0,0,6,0.0,0.0,0.0,0,,,,,129.59635228,1
ojo_2018-12-24_21,14,none,,adaptive_mean,docling_rapidocr,qwen,6,0,0,0,6,0.0,0.0,0.0,0,,,,,48.619221152,1
ojo_2018-12-24_21,14,none,,basic,docling_easyocr,qwen,6,5,0,5,6,0.0,0.0,0.0,5,0.8270809973164678,0.96,0.8431262820743513,0.8971861471861471,119.868993742,0
ojo_2018-12-24_21,14,none,,basic,docling_rapidocr,qwen,6,1,1,0,5,1.0,0.166667,0.285714,1,0.8275862068965517,1.2,0.6290322580645161,0.8064516129032258,51.615240795,0
ojo_2018-12-24_21,14,none,,niblack,docling_easyocr,qwen,6,0,0,0,6,0.0,0.0,0.0,0,,,,,96.93558515,1
ojo_2018-12-24_21,14,none,,niblack,docling_rapidocr,qwen,6,0,0,0,6,0.0,0.0,0.0,0,,,,,43.352399954,1
ojo_2018-12-24_21,14,none,,none_color,docling_easyocr,qwen,6,0,0,0,6,0.0,0.0,0.0,0,,,,,120.816134602,1
ojo_2018-12-24_21,14,none,,none_color,docling_rapidocr,qwen,6,0,0,0,6,0.0,0.0,0.0,0,,,,,51.093447119,1
ojo_2018-12-24_21,14,none,,none_grayscale,docling_easyocr,qwen,6,0,0,0,6,0.0,0.0,0.0,0,,,,,120.008434683,1
ojo_2018-12-24_21,14,none,,none_grayscale,docling_rapidocr,qwen,6,0,0,0,6,0.0,0.0,0.0,0,,,,,54.1738545,1
ojo_2018-12-24_21,14,none,,otsu,docling_easyocr,qwen,6,1,0,1,6,0.0,0.0,0.0,1,0.8275862068965517,1.0,1.0,1.0,123.795150574,0
ojo_2018-12-24_21,14,none,,otsu,docling_rapidocr,qwen,6,0,0,0,6,0.0,0.0,0.0,0,,,,,53.370982226,5
ojo_2018-12-24_21,15,none,,adaptive_gaussian,docling_easyocr,qwen,6,0,0,0,6,0.0,0.0,0.0,0,,,,,68.672512022,1
ojo_2018-12-24_21,15,none,,adaptive_gaussian,docling_rapidocr,qwen,6,0,0,0,6,0.0,0.0,0.0,0,,,,,10.419296471,1
ojo_2018-12-24_21,15,none,,adaptive_mean,docling_easyocr,qwen,6,0,0,0,6,0.0,0.0,0.0,0,,,,,70.06502508,1
ojo_2018-12-24_21,15,none,,adaptive_mean,docling_rapidocr,qwen,6,0,0,0,6,0.0,0.0,0.0,0,,,,,10.164761532,1
ojo_2018-12-24_21,15,none,,basic,docling_easyocr,qwen,6,0,0,0,6,0.0,0.0,0.0,0,,,,,87.291257578,1
ojo_2018-12-24_21,15,none,,basic,docling_rapidocr,qwen,6,0,0,0,6,0.0,0.0,0.0,0,,,,,16.653278071,1
ojo_2018-12-24_21,15,none,,niblack,docling_easyocr,qwen,6,0,0,0,6,0.0,0.0,0.0,0,,,,,59.695830107,1
ojo_2018-12-24_21,15,none,,niblack,docling_rapidocr,qwen,6,0,0,0,6,0.0,0.0,0.0,0,,,,,11.591033697,1
ojo_2018-12-24_21,15,none,,none_color,docling_easyocr,qwen,6,0,0,0,6,0.0,0.0,0.0,0,,,,,86.282810097,1
ojo_2018-12-24_21,15,none,,none_color,docling_rapidocr,qwen,6,3,2,1,4,0.666667,0.333333,0.444444,3,0.9108695652173914,1.0,0.32033712757453653,0.3654187880602975,20.526593094,0
ojo_2018-12-24_21,15,none,,none_grayscale,docling_easyocr,qwen,6,0,0,0,6,0.0,0.0,0.0,0,,,,,98.411598879,1
ojo_2018-12-24_21,15,none,,none_grayscale,docling_rapidocr,qwen,6,0,0,0,6,0.0,0.0,0.0,0,,,,,22.297188479,5
ojo_2018-12-24_21,15,none,,otsu,docling_easyocr,qwen,6,0,0,0,6,0.0,0.0,0.0,0,,,,,96.807895525,1
ojo_2018-12-24_21,15,none,,otsu,docling_rapidocr,qwen,6,0,0,0,6,0.0,0.0,0.0,0,,,,,17.313739165,4
ojo_2018-12-24_21,16,none,,adaptive_gaussian,docling_easyocr,qwen,6,0,0,0,6,0.0,0.0,0.0,0,,,,,64.36356449,1
ojo_2018-12-24_21,16,none,,adaptive_gaussian,docling_rapidocr,qwen,6,0,0,0,6,0.0,0.0,0.0,0,,,,,10.186256407,1
ojo_2018-12-24_21,16,none,,adaptive_mean,docling_easyocr,qwen,6,0,0,0,6,0.0,0.0,0.0,0,,,,,66.466624207,1
ojo_2018-12-24_21,16,none,,adaptive_mean,docling_rapidocr,qwen,6,0,0,0,6,0.0,0.0,0.0,0,,,,,10.726839728,1
ojo_2018-12-24_21,16,none,,basic,docling_easyocr,qwen,6,0,0,0,6,0.0,0.0,0.0,0,,,,,91.77870344,1
ojo_2018-12-24_21,16,none,,basic,docling_rapidocr,qwen,6,0,0,0,6,0.0,0.0,0.0,0,,,,,14.219157446,1
ojo_2018-12-24_21,16,none,,niblack,docling_easyocr,qwen,6,0,0,0,6,0.0,0.0,0.0,0,,,,,60.820283734,1
ojo_2018-12-24_21,16,none,,niblack,docling_rapidocr,qwen,6,0,0,0,6,0.0,0.0,0.0,0,,,,,11.57301911,1
ojo_2018-12-24_21,16,none,,none_color,docling_easyocr,qwen,6,0,0,0,6,0.0,0.0,0.0,0,,,,,91.178639256,1
ojo_2018-12-24_21,16,none,,none_color,docling_rapidocr,qwen,6,0,0,0,6,0.0,0.0,0.0,0,,,,,23.637418352,6
ojo_2018-12-24_21,16,none,,none_grayscale,docling_easyocr,qwen,6,0,0,0,6,0.0,0.0,0.0,0,,,,,93.435433066,1
ojo_2018-12-24_21,16,none,,none_grayscale,docling_rapidocr,qwen,6,0,0,0,6,0.0,0.0,0.0,0,,,,,23.128835594,1
ojo_2018-12-24_21,16,none,,otsu,docling_easyocr,qwen,6,0,0,0,6,0.0,0.0,0.0,0,,,,,92.384003224,1
ojo_2018-12-24_21,16,none,,otsu,docling_rapidocr,qwen,6,0,0,0,6,0.0,0.0,0.0,0,,,,,12.905045809,1
ojo_2018-12-24_21,17,none,,adaptive_gaussian,docling_easyocr,qwen,6,0,0,0,6,0.0,0.0,0.0,0,,,,,69.071823429,1
ojo_2018-12-24_21,17,none,,adaptive_gaussian,docling_rapidocr,qwen,6,0,0,0,6,0.0,0.0,0.0,0,,,,,10.079706263,1
ojo_2018-12-24_21,17,none,,adaptive_mean,docling_easyocr,qwen,6,0,0,0,6,0.0,0.0,0.0,0,,,,,60.585535784,1
ojo_2018-12-24_21,17,none,,adaptive_mean,docling_rapidocr,qwen,6,0,0,0,6,0.0,0.0,0.0,0,,,,,9.779673596,1
ojo_2018-12-24_21,17,none,,basic,docling_easyocr,qwen,6,0,0,0,6,0.0,0.0,0.0,0,,,,,84.4794634,1
ojo_2018-12-24_21,17,none,,basic,docling_rapidocr,qwen,6,0,0,0,6,0.0,0.0,0.0,0,,,,,16.410599055,1
ojo_2018-12-24_21,17,none,,niblack,docling_easyocr,qwen,6,0,0,0,6,0.0,0.0,0.0,0,,,,,64.557667939,1
ojo_2018-12-24_21,17,none,,niblack,docling_rapidocr,qwen,6,0,0,0,6,0.0,0.0,0.0,0,,,,,11.877265898,1
ojo_2018-12-24_21,17,none,,none_color,docling_easyocr,qwen,6,0,0,0,6,0.0,0.0,0.0,0,,,,,98.223928202,1
ojo_2018-12-24_21,17,none,,none_color,docling_rapidocr,qwen,6,0,0,0,6,0.0,0.0,0.0,0,,,,,23.251260746,10
ojo_2018-12-24_21,17,none,,none_grayscale,docling_easyocr,qwen,6,0,0,0,6,0.0,0.0,0.0,0,,,,,96.699424733,1
ojo_2018-12-24_21,17,none,,none_grayscale,docling_rapidocr,qwen,6,6,3,3,3,0.5,0.5,0.5,6,0.921864172955539,1.0416666666666667,0.5255153753546012,0.6152774675840446,19.22429179,0
ojo_2018-12-24_21,17,none,,otsu,docling_easyocr,qwen,6,0,0,0,6,0.0,0.0,0.0,0,,,,,96.695420399,1
ojo_2018-12-24_21,17,none,,otsu,docling_rapidocr,qwen,6,0,0,0,6,0.0,0.0,0.0,0,,,,,18.055147782,8
ojo_2018-12-24_21,18,none,,adaptive_gaussian,docling_easyocr,qwen,6,0,0,0,6,0.0,0.0,0.0,0,,,,,64.672389792,1
ojo_2018-12-24_21,18,none,,adaptive_gaussian,docling_rapidocr,qwen,6,0,0,0,6,0.0,0.0,0.0,0,,,,,10.620426701,1
ojo_2018-12-24_21,18,none,,adaptive_mean,docling_easyocr,qwen,6,0,0,0,6,0.0,0.0,0.0,0,,,,,64.227479857,1
ojo_2018-12-24_21,18,none,,adaptive_mean,docling_rapidocr,qwen,6,0,0,0,6,0.0,0.0,0.0,0,,,,,12.538857859,1
ojo_2018-12-24_21,18,none,,basic,docling_easyocr,qwen,6,0,0,0,6,0.0,0.0,0.0,0,,,,,65.749916756,1
ojo_2018-12-24_21,18,none,,basic,docling_rapidocr,qwen,6,0,0,0,6,0.0,0.0,0.0,0,,,,,9.800264561,1
ojo_2018-12-24_21,18,none,,niblack,docling_easyocr,qwen,6,0,0,0,6,0.0,0.0,0.0,0,,,,,67.00266734,1
ojo_2018-12-24_21,18,none,,none_color,docling_easyocr,qwen,6,0,0,0,6,0.0,0.0,0.0,0,,,,,67.571159255,1
ojo_2018-12-24_21,18,none,,none_grayscale,docling_easyocr,qwen,6,0,0,0,6,0.0,0.0,0.0,0,,,,,66.040886771,1
ojo_2018-12-24_21,18,none,,otsu,docling_easyocr,qwen,6,0,0,0,6,0.0,0.0,0.0,0,,,,,64.50955943,1
ojo_2018-12-24_21,18,none,,otsu,docling_rapidocr,qwen,6,0,0,0,6,0.0,0.0,0.0,0,,,,,9.100463427,1
ojo_2018-12-24_21,18,none,,yannihorne,docling_easyocr,qwen,6,0,0,0,6,0.0,0.0,0.0,0,,,,,56.747638263,1
ojo_2018-12-24_21,18,none,,yannihorne,docling_rapidocr,qwen,6,0,0,0,6,0.0,0.0,0.0,0,,,,,11.710579194,1
ojo_2018-12-24_21,19,none,,adaptive_gaussian,docling_easyocr,qwen,6,0,0,0,6,0.0,0.0,0.0,0,,,,,63.865241067,1
ojo_2018-12-24_21,19,none,,adaptive_gaussian,docling_rapidocr,qwen,6,0,0,0,6,0.0,0.0,0.0,0,,,,,10.798229234,1
ojo_2018-12-24_21,19,none,,adaptive_mean,docling_easyocr,qwen,6,0,0,0,6,0.0,0.0,0.0,0,,,,,63.570540227,1
ojo_2018-12-24_21,19,none,,adaptive_mean,docling_rapidocr,qwen,6,0,0,0,6,0.0,0.0,0.0,0,,,,,11.547189273,1
ojo_2018-12-24_21,19,none,,basic,docling_easyocr,qwen,6,0,0,0,6,0.0,0.0,0.0,0,,,,,57.621424443,1
ojo_2018-12-24_21,19,none,,basic,docling_rapidocr,qwen,6,0,0,0,6,0.0,0.0,0.0,0,,,,,11.05868817,1
ojo_2018-12-24_21,19,none,,niblack,docling_easyocr,qwen,6,0,0,0,6,0.0,0.0,0.0,0,,,,,64.241033603,1
ojo_2018-12-24_21,19,none,,none_color,docling_easyocr,qwen,6,0,0,0,6,0.0,0.0,0.0,0,,,,,65.692184621,1
ojo_2018-12-24_21,19,none,,none_grayscale,docling_easyocr,qwen,6,0,0,0,6,0.0,0.0,0.0,0,,,,,67.346191817,1
ojo_2018-12-24_21,19,none,,otsu,docling_easyocr,qwen,6,0,0,0,6,0.0,0.0,0.0,0,,,,,64.213780244,1
ojo_2018-12-24_21,19,none,,otsu,docling_rapidocr,qwen,6,0,0,0,6,0.0,0.0,0.0,0,,,,,11.066920121,1
ojo_2018-12-24_21,19,none,,yannihorne,docling_easyocr,qwen,6,0,0,0,6,0.0,0.0,0.0,0,,,,,64.285165866,1
ojo_2018-12-24_21,19,none,,yannihorne,docling_rapidocr,qwen,6,0,0,0,6,0.0,0.0,0.0,0,,,,,12.149973233,1
ojo_2018-12-24_21,20,none,,adaptive_gaussian,docling_easyocr,qwen,6,0,0,0,6,0.0,0.0,0.0,0,,,,,56.844372195,1
ojo_2018-12-24_21,20,none,,adaptive_gaussian,docling_rapidocr,qwen,6,0,0,0,6,0.0,0.0,0.0,0,,,,,11.405997199,1
ojo_2018-12-24_21,20,none,,adaptive_mean,docling_easyocr,qwen,6,0,0,0,6,0.0,0.0,0.0,0,,,,,59.557934871,1
ojo_2018-12-24_21,20,none,,adaptive_mean,docling_rapidocr,qwen,6,0,0,0,6,0.0,0.0,0.0,0,,,,,12.028053632,1
ojo_2018-12-24_21,20,none,,basic,docling_easyocr,qwen,6,0,0,0,6,0.0,0.0,0.0,0,,,,,64.457497748,1
ojo_2018-12-24_21,20,none,,basic,docling_rapidocr,qwen,6,0,0,0,6,0.0,0.0,0.0,0,,,,,10.752783927,1
ojo_2018-12-24_21,20,none,,niblack,docling_easyocr,qwen,6,0,0,0,6,0.0,0.0,0.0,0,,,,,58.994677882,1
ojo_2018-12-24_21,20,none,,none_color,docling_easyocr,qwen,6,0,0,0,6,0.0,0.0,0.0,0,,,,,67.241911013,1
ojo_2018-12-24_21,20,none,,none_grayscale,docling_easyocr,qwen,6,0,0,0,6,0.0,0.0,0.0,0,,,,,67.072425683,1
ojo_2018-12-24_21,20,none,,otsu,docling_easyocr,qwen,6,0,0,0,6,0.0,0.0,0.0,0,,,,,64.849885926,1
ojo_2018-12-24_21,20,none,,otsu,docling_rapidocr,qwen,6,0,0,0,6,0.0,0.0,0.0,0,,,,,10.710933194,1
ojo_2018-12-24_21,20,none,,yannihorne,docling_easyocr,qwen,6,0,0,0,6,0.0,0.0,0.0,0,,,,,64.438755809,1
ojo_2018-12-24_21,20,none,,yannihorne,docling_rapidocr,qwen,6,0,0,0,6,0.0,0.0,0.0,0,,,,,11.561243831,1
ojo_2018-12-24_21,21,none,,adaptive_gaussian,docling_easyocr,qwen,6,0,0,0,6,0.0,0.0,0.0,0,,,,,178.280426331,1
ojo_2018-12-24_21,21,none,,adaptive_gaussian,docling_rapidocr,qwen,6,0,0,0,6,0.0,0.0,0.0,0,,,,,101.92231185,1
ojo_2018-12-24_21,21,none,,adaptive_mean,docling_easyocr,qwen,6,0,0,0,6,0.0,0.0,0.0,0,,,,,166.630762355,1
ojo_2018-12-24_21,21,none,,adaptive_mean,docling_rapidocr,qwen,6,0,0,0,6,0.0,0.0,0.0,0,,,,,103.408050076,1
ojo_2018-12-24_21,21,none,,basic,docling_easyocr,qwen,6,0,0,0,6,0.0,0.0,0.0,0,,,,,193.813197194,1
ojo_2018-12-24_21,21,none,,basic,docling_rapidocr,qwen,6,0,0,0,6,0.0,0.0,0.0,0,,,,,110.102887688,1
ojo_2018-12-24_21,21,none,,niblack,docling_easyocr,qwen,6,0,0,0,6,0.0,0.0,0.0,0,,,,,155.606292348,1
ojo_2018-12-24_21,21,none,,niblack,docling_rapidocr,qwen,6,0,0,0,6,0.0,0.0,0.0,0,,,,,99.153969626,1
ojo_2018-12-24_21,21,none,,none_color,docling_easyocr,qwen,6,0,0,0,6,0.0,0.0,0.0,0,,,,,193.616092906,1
ojo_2018-12-24_21,21,none,,none_color,docling_rapidocr,qwen,6,1,1,0,5,1.0,0.166667,0.285714,1,0.8275862068965517,1.0,0.45161290322580644,0.5806451612903226,110.788558945,0
ojo_2018-12-24_21,21,none,,none_grayscale,docling_easyocr,qwen,6,0,0,0,6,0.0,0.0,0.0,0,,,,,179.418897376,1
ojo_2018-12-24_21,21,none,,none_grayscale,docling_rapidocr,qwen,6,1,1,0,5,1.0,0.166667,0.285714,1,0.8275862068965517,1.0,0.45161290322580644,0.5806451612903226,110.368952021,0
ojo_2018-12-24_21,21,none,,otsu,docling_easyocr,qwen,6,0,0,0,6,0.0,0.0,0.0,0,,,,,194.855368506,1
ojo_2018-12-24_21,21,none,,otsu,docling_rapidocr,qwen,6,0,0,0,6,0.0,0.0,0.0,0,,,,,110.149547707,5
ojo_2018-12-24_21,22,none,,adaptive_gaussian,docling_easyocr,qwen,6,0,0,0,6,0.0,0.0,0.0,0,,,,,169.708257164,1
ojo_2018-12-24_21,22,none,,adaptive_gaussian,docling_rapidocr,qwen,6,0,0,0,6,0.0,0.0,0.0,0,,,,,95.79516479,1
ojo_2018-12-24_21,22,none,,adaptive_mean,docling_easyocr,qwen,6,0,0,0,6,0.0,0.0,0.0,0,,,,,156.888648425,1
ojo_2018-12-24_21,22,none,,adaptive_mean,docling_rapidocr,qwen,6,0,0,0,6,0.0,0.0,0.0,0,,,,,97.371289883,1
ojo_2018-12-24_21,22,none,,basic,docling_easyocr,qwen,6,0,0,0,6,0.0,0.0,0.0,0,,,,,191.201465086,1
ojo_2018-12-24_21,22,none,,basic,docling_rapidocr,qwen,6,0,0,0,6,0.0,0.0,0.0,0,,,,,107.485866265,1
ojo_2018-12-24_21,22,none,,niblack,docling_easyocr,qwen,6,0,0,0,6,0.0,0.0,0.0,0,,,,,152.509043194,1
ojo_2018-12-24_21,22,none,,niblack,docling_rapidocr,qwen,6,0,0,0,6,0.0,0.0,0.0,0,,,,,94.954294659,1
ojo_2018-12-24_21,22,none,,none_color,docling_easyocr,qwen,6,0,0,0,6,0.0,0.0,0.0,0,,,,,190.346935872,1
ojo_2018-12-24_21,22,none,,none_color,docling_rapidocr,qwen,6,6,3,3,3,0.5,0.5,0.5,6,0.8498735926154569,0.9666666666666667,0.7751209181469844,0.8153761192863094,107.521154288,0
ojo_2018-12-24_21,22,none,,none_grayscale,docling_easyocr,qwen,6,0,0,0,6,0.0,0.0,0.0,0,,,,,187.82202566,1
ojo_2018-12-24_21,22,none,,none_grayscale,docling_rapidocr,qwen,6,6,3,3,3,0.5,0.5,0.5,6,0.8498735926154569,0.9666666666666667,0.7751209181469844,0.8153761192863094,104.768476609,0
ojo_2018-12-24_21,22,none,,otsu,docling_easyocr,qwen,6,0,0,0,6,0.0,0.0,0.0,0,,,,,177.116580277,1
ojo_2018-12-24_21,22,none,,otsu,docling_rapidocr,qwen,6,1,0,1,6,0.0,0.0,0.0,1,0.7931034482758621,1.0,0.6290322580645161,0.8709677419354839,107.220728426,0
ojo_2018-12-24_21,23,none,,adaptive_gaussian,docling_easyocr,qwen,6,0,0,0,6,0.0,0.0,0.0,0,,,,,164.107852,1
ojo_2018-12-24_21,23,none,,adaptive_gaussian,docling_rapidocr,qwen,6,0,0,0,6,0.0,0.0,0.0,0,,,,,98.087296742,1
ojo_2018-12-24_21,23,none,,adaptive_mean,docling_easyocr,qwen,6,0,0,0,6,0.0,0.0,0.0,0,,,,,159.791339602,1
ojo_2018-12-24_21,23,none,,adaptive_mean,docling_rapidocr,qwen,6,0,0,0,6,0.0,0.0,0.0,0,,,,,98.928148951,1
ojo_2018-12-24_21,23,none,,basic,docling_easyocr,qwen,6,0,0,0,6,0.0,0.0,0.0,0,,,,,173.96113015,1
ojo_2018-12-24_21,23,none,,basic,docling_rapidocr,qwen,6,0,0,0,6,0.0,0.0,0.0,0,,,,,105.421960839,1
ojo_2018-12-24_21,23,none,,niblack,docling_easyocr,qwen,6,0,0,0,6,0.0,0.0,0.0,0,,,,,145.164763428,1
ojo_2018-12-24_21,23,none,,niblack,docling_rapidocr,qwen,6,0,0,0,6,0.0,0.0,0.0,0,,,,,94.862985112,1
ojo_2018-12-24_21,23,none,,none_color,docling_easyocr,qwen,6,0,0,0,6,0.0,0.0,0.0,0,,,,,190.321623976,1
ojo_2018-12-24_21,23,none,,none_color,docling_rapidocr,qwen,6,7,4,3,2,0.571429,0.666667,0.615385,6,0.8571199694270512,0.9666666666666667,0.3570825753569024,0.39831199262800415,105.085367138,0
ojo_2018-12-24_21,23,none,,none_grayscale,docling_easyocr,qwen,6,0,0,0,6,0.0,0.0,0.0,0,,,,,189.855463202,1
ojo_2018-12-24_21,23,none,,none_grayscale,docling_rapidocr,qwen,6,7,4,3,2,0.571429,0.666667,0.615385,6,0.8571199694270512,0.9666666666666667,0.3570825753569024,0.39831199262800415,108.234919722,0
ojo_2018-12-24_21,23,none,,otsu,docling_easyocr,qwen,6,0,0,0,6,0.0,0.0,0.0,0,,,,,174.409457526,1
ojo_2018-12-24_21,23,none,,otsu,docling_rapidocr,qwen,6,0,0,0,6,0.0,0.0,0.0,0,,,,,107.469429573,6
ojo_2018-12-24_21,24,none,,adaptive_gaussian,docling_easyocr,qwen,6,0,0,0,6,0.0,0.0,0.0,0,,,,,76.029339007,1
ojo_2018-12-24_21,24,none,,adaptive_gaussian,docling_rapidocr,qwen,6,0,0,0,6,0.0,0.0,0.0,0,,,,,11.794424227,1
ojo_2018-12-24_21,24,none,,adaptive_mean,docling_easyocr,qwen,6,0,0,0,6,0.0,0.0,0.0,0,,,,,86.810589671,1
ojo_2018-12-24_21,24,none,,adaptive_mean,docling_rapidocr,qwen,6,0,0,0,6,0.0,0.0,0.0,0,,,,,11.307349085,1
ojo_2018-12-24_21,24,none,,basic,docling_easyocr,qwen,6,4,1,3,5,0.25,0.166667,0.2,4,0.8676108374384236,0.95,0.7281153290215889,0.9416895183596747,91.647397917,0
ojo_2018-12-24_21,24,none,,basic,docling_rapidocr,qwen,6,6,4,2,2,0.666667,0.666667,0.666667,6,0.8418203713269415,0.9666666666666667,0.3249478118255931,0.4341189076587207,21.405564707,0
ojo_2018-12-24_21,24,none,,niblack,docling_easyocr,qwen,6,0,0,0,6,0.0,0.0,0.0,0,,,,,71.438138501,1
ojo_2018-12-24_21,24,none,,niblack,docling_rapidocr,qwen,6,0,0,0,6,0.0,0.0,0.0,0,,,,,10.823569313,1
ojo_2018-12-24_21,24,none,,none_color,docling_easyocr,qwen,6,5,3,2,3,0.6,0.5,0.545455,5,0.9005379663109622,1.0,1.2278682656473197,1.4685700679975364,94.991109387,0
ojo_2018-12-24_21,24,none,,none_color,docling_rapidocr,qwen,6,0,0,0,6,0.0,0.0,0.0,0,,,,,22.984345929,8
ojo_2018-12-24_21,24,none,,none_grayscale,docling_easyocr,qwen,6,9,4,5,2,0.444444,0.666667,0.533333,6,0.9143376840991269,1.0,0.4546852886902913,0.42920017678677874,91.136135096,0
ojo_2018-12-24_21,24,none,,none_grayscale,docling_rapidocr,qwen,6,4,3,1,3,0.75,0.5,0.6,4,0.8416582150101419,0.95,0.40534174385180455,0.42599620493358636,17.947336668,0
ojo_2018-12-24_21,24,none,,otsu,docling_easyocr,qwen,6,0,0,0,6,0.0,0.0,0.0,0,,,,,90.483291144,4
ojo_2018-12-24_21,24,none,,otsu,docling_rapidocr,qwen,6,7,3,4,3,0.428571,0.5,0.461538,6,0.843921211663076,0.9666666666666667,0.5676063189690413,0.5933546509832716,19.384696478,0
ojo_2018-12-24_21,25,none,,adaptive_gaussian,docling_easyocr,qwen,6,0,0,0,6,0.0,0.0,0.0,0,,,,,79.677163367,1
ojo_2018-12-24_21,25,none,,adaptive_gaussian,docling_rapidocr,qwen,6,0,0,0,6,0.0,0.0,0.0,0,,,,,10.929417376,1
ojo_2018-12-24_21,25,none,,adaptive_mean,docling_easyocr,qwen,6,0,0,0,6,0.0,0.0,0.0,0,,,,,85.360687613,1
ojo_2018-12-24_21,25,none,,adaptive_mean,docling_rapidocr,qwen,6,0,0,0,6,0.0,0.0,0.0,0,,,,,11.752564549,1
ojo_2018-12-24_21,25,none,,basic,docling_easyocr,qwen,6,0,0,0,6,0.0,0.0,0.0,0,,,,,92.489585156,4
ojo_2018-12-24_21,25,none,,basic,docling_rapidocr,qwen,6,0,0,0,6,0.0,0.0,0.0,0,,,,,18.062499518,3
ojo_2018-12-24_21,25,none,,niblack,docling_easyocr,qwen,6,0,0,0,6,0.0,0.0,0.0,0,,,,,66.134934658,1
ojo_2018-12-24_21,25,none,,niblack,docling_rapidocr,qwen,6,0,0,0,6,0.0,0.0,0.0,0,,,,,10.646529669,1
ojo_2018-12-24_21,25,none,,none_color,docling_easyocr,qwen,6,6,4,2,2,0.666667,0.666667,0.666667,5,0.9041361672105124,1.0,0.22116562162732906,0.305451458906278,93.613723128,0
ojo_2018-12-24_21,25,none,,none_color,docling_rapidocr,qwen,6,7,3,4,3,0.428571,0.5,0.461538,6,0.9705882352941176,1.0,0.4308802407851873,0.47582504902955297,23.10363373,0
ojo_2018-12-24_21,25,none,,none_grayscale,docling_easyocr,qwen,6,7,4,3,2,0.571429,0.666667,0.615385,6,0.9117801393420937,1.0,0.3385213535224358,0.3895767331041325,90.625656527,0
ojo_2018-12-24_21,25,none,,none_grayscale,docling_rapidocr,qwen,6,7,4,3,2,0.571429,0.666667,0.615385,6,0.9706595231795867,1.2166666666666666,0.30993451053905974,0.36121822878858995,21.317348402,0
ojo_2018-12-24_21,25,none,,otsu,docling_easyocr,qwen,6,0,0,0,6,0.0,0.0,0.0,0,,,,,96.061053582,1
ojo_2018-12-24_21,25,none,,otsu,docling_rapidocr,qwen,6,7,4,3,2,0.571429,0.666667,0.615385,6,0.8913350047665243,1.05,0.6249980465056126,0.6465550499634493,21.704039164,0
ojo_2018-12-24_21,26,none,,adaptive_gaussian,docling_easyocr,qwen,6,0,0,0,6,0.0,0.0,0.0,0,,,,,89.793881171,1
ojo_2018-12-24_21,26,none,,adaptive_gaussian,docling_rapidocr,qwen,6,0,0,0,6,0.0,0.0,0.0,0,,,,,10.209732049,1
ojo_2018-12-24_21,26,none,,adaptive_mean,docling_easyocr,qwen,6,0,0,0,6,0.0,0.0,0.0,0,,,,,87.291511073,1
ojo_2018-12-24_21,26,none,,adaptive_mean,docling_rapidocr,qwen,6,0,0,0,6,0.0,0.0,0.0,0,,,,,13.787986292,1
ojo_2018-12-24_21,26,none,,basic,docling_easyocr,qwen,6,0,0,0,6,0.0,0.0,0.0,0,,,,,88.252250012,5
ojo_2018-12-24_21,26,none,,basic,docling_rapidocr,qwen,6,0,0,0,6,0.0,0.0,0.0,0,,,,,22.122020777,4
ojo_2018-12-24_21,26,none,,niblack,docling_easyocr,qwen,6,0,0,0,6,0.0,0.0,0.0,0,,,,,67.309684634,1
ojo_2018-12-24_21,26,none,,niblack,docling_rapidocr,qwen,6,0,0,0,6,0.0,0.0,0.0,0,,,,,10.838510155,1
ojo_2018-12-24_21,26,none,,none_color,docling_easyocr,qwen,6,3,2,1,4,0.666667,0.333333,0.444444,3,0.8477011494252874,0.9333333333333332,0.8379419099103971,0.8904120046238738,90.976577504,0
ojo_2018-12-24_21,26,none,,none_color,docling_rapidocr,qwen,6,0,0,0,6,0.0,0.0,0.0,0,,,,,22.970537884,1
ojo_2018-12-24_21,26,none,,none_grayscale,docling_easyocr,qwen,6,3,2,1,4,0.666667,0.333333,0.444444,3,0.8477011494252874,0.9333333333333332,0.6603803237466604,0.719110558572706,91.841349347,0
ojo_2018-12-24_21,26,none,,none_grayscale,docling_rapidocr,qwen,6,0,0,0,6,0.0,0.0,0.0,0,,,,,22.654093726,1
ojo_2018-12-24_21,26,none,,otsu,docling_easyocr,qwen,6,1,0,1,6,0.0,0.0,0.0,1,0.7931034482758621,1.0,1.1666666666666667,0.9354838709677419,81.540044674,0
ojo_2018-12-24_21,26,none,,otsu,docling_rapidocr,qwen,6,0,0,0,6,0.0,0.0,0.0,0,,,,,22.752269396,7
ojo_2018-12-24_21,27,none,,adaptive_gaussian,docling_easyocr,qwen,6,0,0,0,6,0.0,0.0,0.0,0,,,,,89.39908194,1
ojo_2018-12-24_21,27,none,,adaptive_gaussian,docling_rapidocr,qwen,6,0,0,0,6,0.0,0.0,0.0,0,,,,,13.198143,1
ojo_2018-12-24_21,27,none,,adaptive_mean,docling_easyocr,qwen,6,0,0,0,6,0.0,0.0,0.0,0,,,,,92.02093524,1
ojo_2018-12-24_21,27,none,,adaptive_mean,docling_rapidocr,qwen,6,0,0,0,6,0.0,0.0,0.0,0,,,,,16.313156786,1
ojo_2018-12-24_21,27,none,,basic,docling_easyocr,qwen,6,6,1,5,5,0.166667,0.166667,0.166667,6,0.8626063018910712,0.9666666666666667,0.7752382832403955,0.9035248009804461,91.725998625,0
ojo_2018-12-24_21,27,none,,basic,docling_rapidocr,qwen,6,0,0,0,6,0.0,0.0,0.0,0,,,,,22.284372315,5
ojo_2018-12-24_21,27,none,,niblack,docling_easyocr,qwen,6,0,0,0,6,0.0,0.0,0.0,0,,,,,58.918098933,1
ojo_2018-12-24_21,27,none,,niblack,docling_rapidocr,qwen,6,0,0,0,6,0.0,0.0,0.0,0,,,,,10.887403733,1
ojo_2018-12-24_21,27,none,,none_color,docling_easyocr,qwen,6,5,3,2,3,0.6,0.5,0.545455,5,0.932992327365729,1.0,0.43445873035444016,0.5262269831922387,92.386478264,0
ojo_2018-12-24_21,27,none,,none_color,docling_rapidocr,qwen,6,1,0,1,6,0.0,0.0,0.0,1,0.85,1.0,0.7231134878193701,0.8867924528301887,23.814274151,0
ojo_2018-12-24_21,27,none,,none_grayscale,docling_easyocr,qwen,6,5,3,2,3,0.6,0.5,0.545455,5,0.9051424287856072,1.0,0.6382037733174013,0.5575568825413209,93.996754797,0
ojo_2018-12-24_21,27,none,,none_grayscale,docling_rapidocr,qwen,6,0,0,0,6,0.0,0.0,0.0,0,,,,,22.464129838,1
ojo_2018-12-24_21,27,none,,otsu,docling_easyocr,qwen,6,0,0,0,6,0.0,0.0,0.0,0,,,,,92.701041949,5
ojo_2018-12-24_21,27,none,,otsu,docling_rapidocr,qwen,6,0,0,0,6,0.0,0.0,0.0,0,,,,,18.463375342,7
ojo_2018-12-24_21,27,none,,yannihorne,docling_easyocr,qwen,6,0,0,0,6,0.0,0.0,0.0,0,,,,,64.833926452,1
ojo_2018-12-24_21,27,none,,yannihorne,docling_rapidocr,qwen,6,0,0,0,6,0.0,0.0,0.0,0,,,,,10.786337627,1
ojo_2018-12-24_21,28,none,,adaptive_gaussian,docling_easyocr,qwen,6,0,0,0,6,0.0,0.0,0.0,0,,,,,84.94959426,1
ojo_2018-12-24_21,28,none,,adaptive_gaussian,docling_rapidocr,qwen,6,0,0,0,6,0.0,0.0,0.0,0,,,,,9.765037061,1
ojo_2018-12-24_21,28,none,,adaptive_mean,docling_easyocr,qwen,6,0,0,0,6,0.0,0.0,0.0,0,,,,,89.700557897,1
ojo_2018-12-24_21,28,none,,adaptive_mean,docling_rapidocr,qwen,6,0,0,0,6,0.0,0.0,0.0,0,,,,,13.565173337,1
ojo_2018-12-24_21,28,none,,basic,docling_easyocr,qwen,6,0,0,0,6,0.0,0.0,0.0,0,,,,,83.280287496,3
ojo_2018-12-24_21,28,none,,basic,docling_rapidocr,qwen,6,5,3,2,3,0.6,0.5,0.545455,5,0.9071882126163808,1.0,0.3205976261042624,0.35535074244751663,21.391071549,0
ojo_2018-12-24_21,28,none,,niblack,docling_easyocr,qwen,6,0,0,0,6,0.0,0.0,0.0,0,,,,,66.621000541,1
ojo_2018-12-24_21,28,none,,niblack,docling_rapidocr,qwen,6,0,0,0,6,0.0,0.0,0.0,0,,,,,10.962685121,1
ojo_2018-12-24_21,28,none,,none_color,docling_easyocr,qwen,6,0,0,0,6,0.0,0.0,0.0,0,,,,,92.780984725,8
ojo_2018-12-24_21,28,none,,none_color,docling_rapidocr,qwen,6,1,0,1,6,0.0,0.0,0.0,1,0.85,1.0,0.7795603089720736,0.909433962264151,22.250004615,0
ojo_2018-12-24_21,28,none,,none_grayscale,docling_easyocr,qwen,6,0,0,0,6,0.0,0.0,0.0,0,,,,,82.558943906,1
ojo_2018-12-24_21,28,none,,none_grayscale,docling_rapidocr,qwen,6,1,1,0,5,1.0,0.166667,0.285714,1,0.7931034482758621,1.0,1.1397849462365592,1.1290322580645162,19.98951427,0
ojo_2018-12-24_21,28,none,,otsu,docling_easyocr,qwen,6,3,1,2,5,0.333333,0.166667,0.222222,3,1.0701970443349753,1.2333333333333334,1.122094185865079,1.3295382669196711,92.423172776,0
ojo_2018-12-24_21,28,none,,otsu,docling_rapidocr,qwen,6,6,0,6,6,0.0,0.0,0.0,6,1.0382436932794106,1.1583333333333334,1.1470399684625814,1.1893623476441788,18.234124009,0
ojo_2018-12-24_21,28,none,,yannihorne,docling_easyocr,qwen,6,0,0,0,6,0.0,0.0,0.0,0,,,,,65.438664262,1
ojo_2018-12-24_21,28,none,,yannihorne,docling_rapidocr,qwen,6,0,0,0,6,0.0,0.0,0.0,0,,,,,8.988558356,1
ojo_2018-12-24_21,29,none,,adaptive_gaussian,docling_easyocr,qwen,6,0,0,0,6,0.0,0.0,0.0,0,,,,,79.064546752,1
ojo_2018-12-24_21,29,none,,adaptive_gaussian,docling_rapidocr,qwen,6,0,0,0,6,0.0,0.0,0.0,0,,,,,13.537699151,1
ojo_2018-12-24_21,29,none,,adaptive_mean,docling_easyocr,qwen,6,0,0,0,6,0.0,0.0,0.0,0,,,,,79.357689807,1
ojo_2018-12-24_21,29,none,,adaptive_mean,docling_rapidocr,qwen,6,0,0,0,6,0.0,0.0,0.0,0,,,,,16.224706122,1
ojo_2018-12-24_21,29,none,,basic,docling_easyocr,qwen,6,5,1,4,5,0.2,0.166667,0.181818,4,0.8241325765688585,0.95,0.87017310252996,0.8978174603174603,95.181148044,0
ojo_2018-12-24_21,29,none,,basic,docling_rapidocr,qwen,6,5,1,4,5,0.2,0.166667,0.181818,5,0.8871385735703576,0.96,0.596105321364435,0.7233508753890877,19.126283876,0
ojo_2018-12-24_21,29,none,,niblack,docling_easyocr,qwen,6,0,0,0,6,0.0,0.0,0.0,0,,,,,66.31081034,1
ojo_2018-12-24_21,29,none,,niblack,docling_rapidocr,qwen,6,0,0,0,6,0.0,0.0,0.0,0,,,,,11.165028108,1
ojo_2018-12-24_21,29,none,,none_color,docling_easyocr,qwen,6,1,0,1,6,0.0,0.0,0.0,1,0.7931034482758621,1.0,1.5268817204301075,1.8064516129032258,91.900135436,0
ojo_2018-12-24_21,29,none,,none_color,docling_rapidocr,qwen,6,9,4,5,2,0.444444,0.666667,0.533333,6,0.8987866360937179,1.0,0.25958913927391125,0.30210102503163977,22.315596976,0
ojo_2018-12-24_21,29,none,,none_grayscale,docling_easyocr,qwen,6,1,0,1,6,0.0,0.0,0.0,1,0.7931034482758621,1.0,1.5268817204301075,1.8064516129032258,92.275827565,0
ojo_2018-12-24_21,29,none,,none_grayscale,docling_rapidocr,qwen,6,0,0,0,6,0.0,0.0,0.0,0,,,,,18.439384856,9
ojo_2018-12-24_21,29,none,,otsu,docling_easyocr,qwen,6,0,0,0,6,0.0,0.0,0.0,0,,,,,92.52374274,1
ojo_2018-12-24_21,29,none,,otsu,docling_rapidocr,qwen,6,6,4,2,2,0.666667,0.666667,0.666667,6,0.9213021640440284,1.0833333333333333,0.6363306393448483,0.6787227101939527,21.159616057,0
ojo_2018-12-24_21,29,none,,yannihorne,docling_easyocr,qwen,6,0,0,0,6,0.0,0.0,0.0,0,,,,,64.038583343,1
ojo_2018-12-24_21,29,none,,yannihorne,docling_rapidocr,qwen,6,0,0,0,6,0.0,0.0,0.0,0,,,,,9.365471904,1
ojo_2018-12-24_21,30,none,,adaptive_gaussian,docling_easyocr,qwen,6,0,0,0,6,0.0,0.0,0.0,0,,,,,95.347949693,1
ojo_2018-12-24_21,30,none,,adaptive_gaussian,docling_rapidocr,qwen,6,0,0,0,6,0.0,0.0,0.0,0,,,,,16.28101773,1
ojo_2018-12-24_21,30,none,,adaptive_mean,docling_easyocr,qwen,6,0,0,0,6,0.0,0.0,0.0,0,,,,,69.578168124,1
ojo_2018-12-24_21,30,none,,adaptive_mean,docling_rapidocr,qwen,6,0,0,0,6,0.0,0.0,0.0,0,,,,,10.199063033,1
ojo_2018-12-24_21,30,none,,basic,docling_easyocr,qwen,6,0,0,0,6,0.0,0.0,0.0,0,,,,,92.75416814,1
ojo_2018-12-24_21,30,none,,basic,docling_rapidocr,qwen,6,0,0,0,6,0.0,0.0,0.0,0,,,,,17.824107514,6
ojo_2018-12-24_21,30,none,,niblack,docling_easyocr,qwen,6,0,0,0,6,0.0,0.0,0.0,0,,,,,67.279789098,1
ojo_2018-12-24_21,30,none,,niblack,docling_rapidocr,qwen,6,0,0,0,6,0.0,0.0,0.0,0,,,,,11.016901143,1
ojo_2018-12-24_21,30,none,,none_color,docling_easyocr,qwen,6,0,0,0,6,0.0,0.0,0.0,0,,,,,86.489523444,1
ojo_2018-12-24_21,30,none,,none_color,docling_rapidocr,qwen,6,4,3,1,3,0.75,0.5,0.6,4,0.9558823529411764,1.0,0.39919354838709675,0.41935483870967744,21.980817828,0
ojo_2018-12-24_21,30,none,,none_grayscale,docling_easyocr,qwen,6,0,0,0,6,0.0,0.0,0.0,0,,,,,98.00750686,1
ojo_2018-12-24_21,30,none,,none_grayscale,docling_rapidocr,qwen,6,0,0,0,6,0.0,0.0,0.0,0,,,,,20.673105014,4
ojo_2018-12-24_21,30,none,,otsu,docling_easyocr,qwen,6,0,0,0,6,0.0,0.0,0.0,0,,,,,100.356875909,1
ojo_2018-12-24_21,30,none,,otsu,docling_rapidocr,qwen,6,0,0,0,6,0.0,0.0,0.0,0,,,,,19.388663781,6
ojo_2018-12-24_21,30,none,,yannihorne,docling_easyocr,qwen,6,0,0,0,6,0.0,0.0,0.0,0,,,,,58.233004821,1
ojo_2018-12-24_21,30,none,,yannihorne,docling_rapidocr,qwen,6,0,0,0,6,0.0,0.0,0.0,0,,,,,11.384054673,1
ojo_2018-12-24_21,31,none,,adaptive_gaussian,docling_easyocr,qwen,6,0,0,0,6,0.0,0.0,0.0,0,,,,,97.146073653,1
ojo_2018-12-24_21,31,none,,adaptive_gaussian,docling_rapidocr,qwen,6,0,0,0,6,0.0,0.0,0.0,0,,,,,18.271882131,1
ojo_2018-12-24_21,31,none,,adaptive_mean,docling_easyocr,qwen,6,0,0,0,6,0.0,0.0,0.0,0,,,,,76.474291108,1
ojo_2018-12-24_21,31,none,,adaptive_mean,docling_rapidocr,qwen,6,0,0,0,6,0.0,0.0,0.0,0,,,,,11.862952731,1
ojo_2018-12-24_21,31,none,,basic,docling_easyocr,qwen,6,0,0,0,6,0.0,0.0,0.0,0,,,,,91.402964418,1
ojo_2018-12-24_21,31,none,,basic,docling_rapidocr,qwen,6,1,1,0,5,1.0,0.166667,0.285714,1,0.7931034482758621,1.0,0.3978494623655914,0.5806451612903226,22.192965333,0
ojo_2018-12-24_21,31,none,,niblack,docling_easyocr,qwen,6,0,0,0,6,0.0,0.0,0.0,0,,,,,67.207729663,1
ojo_2018-12-24_21,31,none,,niblack,docling_rapidocr,qwen,6,0,0,0,6,0.0,0.0,0.0,0,,,,,11.124201383,1
ojo_2018-12-24_21,31,none,,none_color,docling_easyocr,qwen,6,0,0,0,6,0.0,0.0,0.0,0,,,,,85.430112042,1
ojo_2018-12-24_21,31,none,,none_color,docling_rapidocr,qwen,6,4,3,1,3,0.75,0.5,0.6,4,0.9558823529411764,1.0,0.4032258064516129,0.41935483870967744,22.469407001,0
ojo_2018-12-24_21,31,none,,none_grayscale,docling_easyocr,qwen,6,0,0,0,6,0.0,0.0,0.0,0,,,,,83.346917621,1
ojo_2018-12-24_21,31,none,,none_grayscale,docling_rapidocr,qwen,6,8,5,3,1,0.625,0.833333,0.714286,6,0.8320164497583141,0.9666666666666667,0.21365100331831824,0.2472403271175245,18.642118207,0
ojo_2018-12-24_21,31,none,,otsu,docling_easyocr,qwen,6,0,0,0,6,0.0,0.0,0.0,0,,,,,88.582524056,1
ojo_2018-12-24_21,31,none,,otsu,docling_rapidocr,qwen,6,0,0,0,6,0.0,0.0,0.0,0,,,,,21.596709485,6
ojo_2018-12-24_21,31,none,,yannihorne,docling_easyocr,qwen,6,0,0,0,6,0.0,0.0,0.0,0,,,,,62.504714484,1
ojo_2018-12-24_21,31,none,,yannihorne,docling_rapidocr,qwen,6,0,0,0,6,0.0,0.0,0.0,0,,,,,11.352996106,1
ojo_2018-12-24_21,32,none,,adaptive_gaussian,docling_easyocr,qwen,6,0,0,0,6,0.0,0.0,0.0,0,,,,,92.628617312,1
ojo_2018-12-24_21,32,none,,adaptive_gaussian,docling_rapidocr,qwen,6,0,0,0,6,0.0,0.0,0.0,0,,,,,15.333046223,1
ojo_2018-12-24_21,32,none,,adaptive_mean,docling_easyocr,qwen,6,0,0,0,6,0.0,0.0,0.0,0,,,,,65.210743235,1
ojo_2018-12-24_21,32,none,,adaptive_mean,docling_rapidocr,qwen,6,0,0,0,6,0.0,0.0,0.0,0,,,,,10.321969079,1
ojo_2018-12-24_21,32,none,,basic,docling_easyocr,qwen,6,0,0,0,6,0.0,0.0,0.0,0,,,,,103.325245469,1
ojo_2018-12-24_21,32,none,,basic,docling_rapidocr,qwen,6,6,1,5,5,0.166667,0.166667,0.166667,6,0.8672040030404967,1.1333333333333333,1.1724955208585712,1.4080351814025869,17.359777539,0
ojo_2018-12-24_21,32,none,,niblack,docling_easyocr,qwen,6,0,0,0,6,0.0,0.0,0.0,0,,,,,68.198526513,1
ojo_2018-12-24_21,32,none,,niblack,docling_rapidocr,qwen,6,0,0,0,6,0.0,0.0,0.0,0,,,,,10.839071166,1
ojo_2018-12-24_21,32,none,,none_color,docling_easyocr,qwen,6,0,0,0,6,0.0,0.0,0.0,0,,,,,101.374097602,1
ojo_2018-12-24_21,32,none,,none_color,docling_rapidocr,qwen,6,0,0,0,6,0.0,0.0,0.0,0,,,,,21.471868531,6
ojo_2018-12-24_21,32,none,,none_grayscale,docling_easyocr,qwen,6,0,0,0,6,0.0,0.0,0.0,0,,,,,99.169880883,1
ojo_2018-12-24_21,32,none,,none_grayscale,docling_rapidocr,qwen,6,0,0,0,6,0.0,0.0,0.0,0,,,,,21.552256123,6
ojo_2018-12-24_21,32,none,,otsu,docling_easyocr,qwen,6,0,0,0,6,0.0,0.0,0.0,0,,,,,100.915553731,1
ojo_2018-12-24_21,32,none,,otsu,docling_rapidocr,qwen,6,5,0,5,6,0.0,0.0,0.0,5,0.8684964660526878,0.96,1.5104995648597197,1.689813461458908,17.679152411,0
ojo_2018-12-24_21,32,none,,yannihorne,docling_easyocr,qwen,6,0,0,0,6,0.0,0.0,0.0,0,,,,,64.828226727,1
ojo_2018-12-24_21,32,none,,yannihorne,docling_rapidocr,qwen,6,0,0,0,6,0.0,0.0,0.0,0,,,,,11.654470128,1
ojo_2018-12-24_21,33,none,,adaptive_gaussian,docling_easyocr,qwen,6,0,0,0,6,0.0,0.0,0.0,0,,,,,98.472693749,1
ojo_2018-12-24_21,33,none,,adaptive_gaussian,docling_rapidocr,qwen,6,0,0,0,6,0.0,0.0,0.0,0,,,,,15.598596402,1
ojo_2018-12-24_21,33,none,,adaptive_mean,docling_easyocr,qwen,6,0,0,0,6,0.0,0.0,0.0,0,,,,,76.970560401,1
ojo_2018-12-24_21,33,none,,adaptive_mean,docling_rapidocr,qwen,6,0,0,0,6,0.0,0.0,0.0,0,,,,,11.404991238,1
ojo_2018-12-24_21,33,none,,basic,docling_easyocr,qwen,6,0,0,0,6,0.0,0.0,0.0,0,,,,,99.485989701,1
ojo_2018-12-24_21,33,none,,basic,docling_rapidocr,qwen,6,6,3,3,3,0.5,0.5,0.5,6,0.8859159705861356,0.9666666666666667,0.6813255379121003,0.8405026416902667,21.315857541,0
ojo_2018-12-24_21,33,none,,niblack,docling_easyocr,qwen,6,0,0,0,6,0.0,0.0,0.0,0,,,,,67.895394881,1
ojo_2018-12-24_21,33,none,,niblack,docling_rapidocr,qwen,6,0,0,0,6,0.0,0.0,0.0,0,,,,,10.622276147,1
ojo_2018-12-24_21,33,none,,none_color,docling_easyocr,qwen,6,0,0,0,6,0.0,0.0,0.0,0,,,,,92.08721572,1
ojo_2018-12-24_21,33,none,,none_color,docling_rapidocr,qwen,6,0,0,0,6,0.0,0.0,0.0,0,,,,,21.886562167,1
ojo_2018-12-24_21,33,none,,none_grayscale,docling_easyocr,qwen,6,5,1,4,5,0.2,0.166667,0.181818,5,0.8172716162926938,0.9,1.0932960136263217,1.0712662939581736,91.882511746,0
ojo_2018-12-24_21,33,none,,none_grayscale,docling_rapidocr,qwen,6,0,0,0,6,0.0,0.0,0.0,0,,,,,22.195340287,8
ojo_2018-12-24_21,33,none,,otsu,docling_easyocr,qwen,6,0,0,0,6,0.0,0.0,0.0,0,,,,,93.041503228,1
ojo_2018-12-24_21,33,none,,otsu,docling_rapidocr,qwen,6,0,0,0,6,0.0,0.0,0.0,0,,,,,22.929240502,7
ojo_2018-12-24_21,33,none,,yannihorne,docling_easyocr,qwen,6,0,0,0,6,0.0,0.0,0.0,0,,,,,64.496446169,1
ojo_2018-12-24_21,33,none,,yannihorne,docling_rapidocr,qwen,6,0,0,0,6,0.0,0.0,0.0,0,,,,,10.552311457,1
ojo_2018-12-24_21,34,none,,adaptive_gaussian,docling_easyocr,qwen,6,0,0,0,6,0.0,0.0,0.0,0,,,,,102.208410672,1
ojo_2018-12-24_21,34,none,,adaptive_gaussian,docling_rapidocr,qwen,6,0,0,0,6,0.0,0.0,0.0,0,,,,,18.77095764,1
ojo_2018-12-24_21,34,none,,adaptive_mean,docling_easyocr,qwen,6,0,0,0,6,0.0,0.0,0.0,0,,,,,83.367435097,1
ojo_2018-12-24_21,34,none,,adaptive_mean,docling_rapidocr,qwen,6,0,0,0,6,0.0,0.0,0.0,0,,,,,15.61828649,1
ojo_2018-12-24_21,34,none,,basic,docling_easyocr,qwen,6,0,0,0,6,0.0,0.0,0.0,0,,,,,80.60794863,1
ojo_2018-12-24_21,34,none,,basic,docling_rapidocr,qwen,6,0,0,0,6,0.0,0.0,0.0,0,,,,,22.520532696,1
ojo_2018-12-24_21,34,none,,niblack,docling_easyocr,qwen,6,0,0,0,6,0.0,0.0,0.0,0,,,,,60.002001633,1
ojo_2018-12-24_21,34,none,,niblack,docling_rapidocr,qwen,6,0,0,0,6,0.0,0.0,0.0,0,,,,,10.81906878,1
ojo_2018-12-24_21,34,none,,none_color,docling_easyocr,qwen,6,5,3,2,3,0.6,0.5,0.545455,5,0.959079283887468,1.0,0.7884904656428333,0.6168603846119869,92.171063201,0
ojo_2018-12-24_21,34,none,,none_color,docling_rapidocr,qwen,6,7,4,3,2,0.571429,0.666667,0.615385,6,0.9358269394714407,1.0,0.46475987153565684,0.47552370647318914,22.70111777,0
ojo_2018-12-24_21,34,none,,none_grayscale,docling_easyocr,qwen,6,8,5,3,1,0.625,0.833333,0.714286,6,0.9143376840991269,1.0,0.296353174264044,0.3547199036144393,91.195909112,0
ojo_2018-12-24_21,34,none,,none_grayscale,docling_rapidocr,qwen,6,0,0,0,6,0.0,0.0,0.0,0,,,,,22.284233897,5
ojo_2018-12-24_21,34,none,,otsu,docling_easyocr,qwen,6,0,0,0,6,0.0,0.0,0.0,0,,,,,91.974534983,1
ojo_2018-12-24_21,34,none,,otsu,docling_rapidocr,qwen,6,1,0,1,6,0.0,0.0,0.0,1,0.896551724137931,1.0,2.704301075268817,2.129032258064516,21.076923604,0
ojo_2018-12-24_21,34,none,,yannihorne,docling_easyocr,qwen,6,0,0,0,6,0.0,0.0,0.0,0,,,,,64.60104012,1
ojo_2018-12-24_21,34,none,,yannihorne,docling_rapidocr,qwen,6,0,0,0,6,0.0,0.0,0.0,0,,,,,10.764352793,1
ojo_2018-12-24_21,35,none,,adaptive_gaussian,docling_easyocr,qwen,6,0,0,0,6,0.0,0.0,0.0,0,,,,,95.940469031,1
ojo_2018-12-24_21,35,none,,adaptive_gaussian,docling_rapidocr,qwen,6,0,0,0,6,0.0,0.0,0.0,0,,,,,15.453938965,1
ojo_2018-12-24_21,35,none,,adaptive_mean,docling_easyocr,qwen,6,0,0,0,6,0.0,0.0,0.0,0,,,,,74.989597201,1
ojo_2018-12-24_21,35,none,,adaptive_mean,docling_rapidocr,qwen,6,0,0,0,6,0.0,0.0,0.0,0,,,,,11.218509793,1
ojo_2018-12-24_21,35,none,,basic,docling_easyocr,qwen,6,0,0,0,6,0.0,0.0,0.0,0,,,,,101.227071684,1
ojo_2018-12-24_21,35,none,,basic,docling_rapidocr,qwen,6,0,0,0,6,0.0,0.0,0.0,0,,,,,20.451311034,6
ojo_2018-12-24_21,35,none,,niblack,docling_easyocr,qwen,6,0,0,0,6,0.0,0.0,0.0,0,,,,,67.572246329,1
ojo_2018-12-24_21,35,none,,niblack,docling_rapidocr,qwen,6,0,0,0,6,0.0,0.0,0.0,0,,,,,10.585228459,1
ojo_2018-12-24_21,35,none,,none_color,docling_easyocr,qwen,6,0,0,0,6,0.0,0.0,0.0,0,,,,,92.613319724,1
ojo_2018-12-24_21,35,none,,none_color,docling_rapidocr,qwen,6,3,1,2,5,0.333333,0.166667,0.222222,3,0.7888776200135226,0.9333333333333332,1.5338314504981172,1.6295547241042236,21.57110986,0
ojo_2018-12-24_21,35,none,,none_grayscale,docling_easyocr,qwen,6,0,0,0,6,0.0,0.0,0.0,0,,,,,93.747455924,1
ojo_2018-12-24_21,35,none,,none_grayscale,docling_rapidocr,qwen,6,3,1,2,5,0.333333,0.166667,0.222222,3,0.7888776200135226,0.9333333333333332,1.5338314504981172,1.6295547241042236,21.786620705,0
ojo_2018-12-24_21,35,none,,otsu,docling_easyocr,qwen,6,0,0,0,6,0.0,0.0,0.0,0,,,,,97.210521041,1
ojo_2018-12-24_21,35,none,,otsu,docling_rapidocr,qwen,6,1,0,1,6,0.0,0.0,0.0,1,0.8275862068965517,1.0,2.989247311827957,2.870967741935484,21.810965596,0
ojo_2018-12-24_21,35,none,,yannihorne,docling_easyocr,qwen,6,0,0,0,6,0.0,0.0,0.0,0,,,,,63.987316428,1
ojo_2018-12-24_21,35,none,,yannihorne,docling_rapidocr,qwen,6,0,0,0,6,0.0,0.0,0.0,0,,,,,10.369051515,1
ojo_2018-12-24_21,36,none,,adaptive_gaussian,docling_easyocr,qwen,6,0,0,0,6,0.0,0.0,0.0,0,,,,,93.45493225,1
ojo_2018-12-24_21,36,none,,adaptive_gaussian,docling_rapidocr,qwen,6,0,0,0,6,0.0,0.0,0.0,0,,,,,15.559396781,1
ojo_2018-12-24_21,36,none,,adaptive_mean,docling_easyocr,qwen,6,0,0,0,6,0.0,0.0,0.0,0,,,,,74.926078139,1
ojo_2018-12-24_21,36,none,,adaptive_mean,docling_rapidocr,qwen,6,0,0,0,6,0.0,0.0,0.0,0,,,,,11.653714238,1
ojo_2018-12-24_21,36,none,,basic,docling_easyocr,qwen,6,0,0,0,6,0.0,0.0,0.0,0,,,,,102.767822604,1
ojo_2018-12-24_21,36,none,,basic,docling_rapidocr,qwen,6,0,0,0,6,0.0,0.0,0.0,0,,,,,21.471765142,5
ojo_2018-12-24_21,36,none,,niblack,docling_easyocr,qwen,6,0,0,0,6,0.0,0.0,0.0,0,,,,,66.782291678,1
ojo_2018-12-24_21,36,none,,niblack,docling_rapidocr,qwen,6,0,0,0,6,0.0,0.0,0.0,0,,,,,10.742474345,1
ojo_2018-12-24_21,36,none,,none_color,docling_easyocr,qwen,6,0,0,0,6,0.0,0.0,0.0,0,,,,,91.666342452,1
ojo_2018-12-24_21,36,none,,none_color,docling_rapidocr,qwen,6,7,4,3,2,0.571429,0.666667,0.615385,6,0.9332693947144075,1.0,0.45125062468625465,0.5206019150092229,23.089754537,0
ojo_2018-12-24_21,36,none,,none_grayscale,docling_easyocr,qwen,6,0,0,0,6,0.0,0.0,0.0,0,,,,,106.138286141,1
ojo_2018-12-24_21,36,none,,none_grayscale,docling_rapidocr,qwen,6,0,0,0,6,0.0,0.0,0.0,0,,,,,22.922798423,6
ojo_2018-12-24_21,36,none,,otsu,docling_easyocr,qwen,6,0,0,0,6,0.0,0.0,0.0,0,,,,,100.624981099,1
ojo_2018-12-24_21,36,none,,otsu,docling_rapidocr,qwen,6,1,0,1,6,0.0,0.0,0.0,1,0.8571428571428571,1.0,1.0247524752475248,1.0294117647058822,21.086515361,0
ojo_2018-12-24_21,36,none,,yannihorne,docling_easyocr,qwen,6,0,0,0,6,0.0,0.0,0.0,0,,,,,64.070514613,1
ojo_2018-12-24_21,36,none,,yannihorne,docling_rapidocr,qwen,6,0,0,0,6,0.0,0.0,0.0,0,,,,,10.32570284,1
ojo_2018-12-24_21,37,none,,adaptive_gaussian,docling_easyocr,qwen,6,0,0,0,6,0.0,0.0,0.0,0,,,,,79.301866859,1
ojo_2018-12-24_21,37,none,,adaptive_gaussian,docling_rapidocr,qwen,6,0,0,0,6,0.0,0.0,0.0,0,,,,,11.678694814,1
ojo_2018-12-24_21,37,none,,adaptive_mean,docling_easyocr,qwen,6,0,0,0,6,0.0,0.0,0.0,0,,,,,74.420921601,1
ojo_2018-12-24_21,37,none,,adaptive_mean,docling_rapidocr,qwen,6,0,0,0,6,0.0,0.0,0.0,0,,,,,11.999482669,1
ojo_2018-12-24_21,37,none,,basic,docling_easyocr,qwen,6,0,0,0,6,0.0,0.0,0.0,0,,,,,95.686343583,1
ojo_2018-12-24_21,37,none,,basic,docling_rapidocr,qwen,6,1,0,1,6,0.0,0.0,0.0,1,1.103448275862069,1.0,0.5053763440860215,0.8387096774193549,21.249458941,0
ojo_2018-12-24_21,37,none,,niblack,docling_easyocr,qwen,6,0,0,0,6,0.0,0.0,0.0,0,,,,,66.314322789,1
ojo_2018-12-24_21,37,none,,niblack,docling_rapidocr,qwen,6,0,0,0,6,0.0,0.0,0.0,0,,,,,10.398263057,1
ojo_2018-12-24_21,37,none,,none_color,docling_easyocr,qwen,6,0,0,0,6,0.0,0.0,0.0,0,,,,,100.316100843,1
ojo_2018-12-24_21,37,none,,none_color,docling_rapidocr,qwen,6,0,0,0,6,0.0,0.0,0.0,0,,,,,22.47529102,1
ojo_2018-12-24_21,37,none,,none_grayscale,docling_easyocr,qwen,6,0,0,0,6,0.0,0.0,0.0,0,,,,,99.642603238,1
ojo_2018-12-24_21,37,none,,none_grayscale,docling_rapidocr,qwen,6,0,0,0,6,0.0,0.0,0.0,0,,,,,22.194435914,1
ojo_2018-12-24_21,37,none,,otsu,docling_easyocr,qwen,6,0,0,0,6,0.0,0.0,0.0,0,,,,,101.437326655,1
ojo_2018-12-24_21,37,none,,otsu,docling_rapidocr,qwen,6,1,1,0,5,1.0,0.166667,0.285714,1,1.103448275862069,1.0,0.532258064516129,0.7419354838709677,22.379994617,0
ojo_2018-12-24_21,37,none,,yannihorne,docling_easyocr,qwen,6,0,0,0,6,0.0,0.0,0.0,0,,,,,64.425253854,1
ojo_2018-12-24_21,37,none,,yannihorne,docling_rapidocr,qwen,6,0,0,0,6,0.0,0.0,0.0,0,,,,,10.673006043,1
ojo_2018-12-24_21,38,none,,adaptive_gaussian,docling_easyocr,qwen,6,0,0,0,6,0.0,0.0,0.0,0,,,,,83.958651631,1
ojo_2018-12-24_21,38,none,,adaptive_gaussian,docling_rapidocr,qwen,6,0,0,0,6,0.0,0.0,0.0,0,,,,,16.353110879,1
ojo_2018-12-24_21,38,none,,adaptive_mean,docling_easyocr,qwen,6,0,0,0,6,0.0,0.0,0.0,0,,,,,76.017026773,1
ojo_2018-12-24_21,38,none,,adaptive_mean,docling_rapidocr,qwen,6,0,0,0,6,0.0,0.0,0.0,0,,,,,9.666252246,1
ojo_2018-12-24_21,38,none,,basic,docling_easyocr,qwen,6,0,0,0,6,0.0,0.0,0.0,0,,,,,91.911025676,1
ojo_2018-12-24_21,38,none,,basic,docling_rapidocr,qwen,6,1,0,1,6,0.0,0.0,0.0,1,1.588235294117647,2.5,0.25675675675675674,0.8181818181818182,18.62482706,0
ojo_2018-12-24_21,38,none,,niblack,docling_easyocr,qwen,6,0,0,0,6,0.0,0.0,0.0,0,,,,,59.018878726,1
ojo_2018-12-24_21,38,none,,niblack,docling_rapidocr,qwen,6,0,0,0,6,0.0,0.0,0.0,0,,,,,10.310361175,1
ojo_2018-12-24_21,38,none,,none_color,docling_easyocr,qwen,6,0,0,0,6,0.0,0.0,0.0,0,,,,,102.834533771,1
ojo_2018-12-24_21,38,none,,none_color,docling_rapidocr,qwen,6,0,0,0,6,0.0,0.0,0.0,0,,,,,20.817945798,7
ojo_2018-12-24_21,38,none,,none_grayscale,docling_easyocr,qwen,6,0,0,0,6,0.0,0.0,0.0,0,,,,,94.761028369,1
ojo_2018-12-24_21,38,none,,none_grayscale,docling_rapidocr,qwen,6,0,0,0,6,0.0,0.0,0.0,0,,,,,22.501782496,7
ojo_2018-12-24_21,38,none,,otsu,docling_easyocr,qwen,6,0,0,0,6,0.0,0.0,0.0,0,,,,,101.97562407,1
ojo_2018-12-24_21,38,none,,otsu,docling_rapidocr,qwen,6,1,1,0,5,1.0,0.166667,0.285714,1,2.1176470588235294,3.0,0.013513513513513514,0.09090909090909091,20.93141459,0
ojo_2018-12-24_21,38,none,,yannihorne,docling_easyocr,qwen,6,0,0,0,6,0.0,0.0,0.0,0,,,,,64.703579412,1
ojo_2018-12-24_21,38,none,,yannihorne,docling_rapidocr,qwen,6,0,0,0,6,0.0,0.0,0.0,0,,,,,10.727966294,1
ojo_2018-12-24_21,39,none,,adaptive_gaussian,docling_easyocr,qwen,6,0,0,0,6,0.0,0.0,0.0,0,,,,,108.078432944,1
ojo_2018-12-24_21,39,none,,adaptive_gaussian,docling_rapidocr,qwen,6,0,0,0,6,0.0,0.0,0.0,0,,,,,42.954492715,1
ojo_2018-12-24_21,39,none,,adaptive_mean,docling_easyocr,qwen,6,0,0,0,6,0.0,0.0,0.0,0,,,,,110.705601071,1
ojo_2018-12-24_21,39,none,,adaptive_mean,docling_rapidocr,qwen,6,0,0,0,6,0.0,0.0,0.0,0,,,,,46.473232125,1
ojo_2018-12-24_21,39,none,,basic,docling_easyocr,qwen,6,0,0,0,6,0.0,0.0,0.0,0,,,,,121.286945479,4
ojo_2018-12-24_21,39,none,,basic,docling_rapidocr,qwen,6,1,1,0,5,1.0,0.166667,0.285714,1,0.7931034482758621,1.0,1.1720430107526882,1.3548387096774193,50.018481391,0
ojo_2018-12-24_21,39,none,,niblack,docling_easyocr,qwen,6,0,0,0,6,0.0,0.0,0.0,0,,,,,98.232854119,1
ojo_2018-12-24_21,39,none,,niblack,docling_rapidocr,qwen,6,0,0,0,6,0.0,0.0,0.0,0,,,,,41.098917476,1
ojo_2018-12-24_21,39,none,,none_color,docling_easyocr,qwen,6,4,3,1,3,0.75,0.5,0.6,4,0.9852941176470589,1.0,0.21513345028196515,0.28930020283975655,122.390517703,0
ojo_2018-12-24_21,39,none,,none_color,docling_rapidocr,qwen,6,0,0,0,6,0.0,0.0,0.0,0,,,,,50.933649293,7
ojo_2018-12-24_21,39,none,,none_grayscale,docling_easyocr,qwen,6,4,2,2,4,0.5,0.333333,0.4,4,0.9041582150101419,1.0,0.4154022674862662,0.550663839203393,122.255272691,0
ojo_2018-12-24_21,39,none,,none_grayscale,docling_rapidocr,qwen,6,1,0,1,6,0.0,0.0,0.0,1,0.8695652173913043,1.0,1.3948069241011984,1.2103174603174602,52.916447703,0
ojo_2018-12-24_21,39,none,,otsu,docling_easyocr,qwen,6,0,0,0,6,0.0,0.0,0.0,0,,,,,112.556730847,1
ojo_2018-12-24_21,39,none,,otsu,docling_rapidocr,qwen,6,0,0,0,6,0.0,0.0,0.0,0,,,,,51.998850446,5
ojo_2018-12-24_21,39,none,,yannihorne,docling_easyocr,qwen,6,0,0,0,6,0.0,0.0,0.0,0,,,,,95.130688767,1
ojo_2018-12-24_21,39,none,,yannihorne,docling_rapidocr,qwen,6,0,0,0,6,0.0,0.0,0.0,0,,,,,40.860363583,1
ojo_2018-12-24_21,40,none,,adaptive_gaussian,docling_easyocr,qwen,6,0,0,0,6,0.0,0.0,0.0,0,,,,,110.527147254,1
ojo_2018-12-24_21,40,none,,adaptive_gaussian,docling_rapidocr,qwen,6,0,0,0,6,0.0,0.0,0.0,0,,,,,44.583050212,1
ojo_2018-12-24_21,40,none,,adaptive_mean,docling_easyocr,qwen,6,0,0,0,6,0.0,0.0,0.0,0,,,,,118.070058017,1
ojo_2018-12-24_21,40,none,,adaptive_mean,docling_rapidocr,qwen,6,0,0,0,6,0.0,0.0,0.0,0,,,,,47.114774613,1
ojo_2018-12-24_21,40,none,,basic,docling_easyocr,qwen,6,5,2,3,4,0.4,0.333333,0.363636,5,0.9157316719791364,1.0,0.8499669506047848,0.9356793122864687,124.811199378,0
ojo_2018-12-24_21,40,none,,basic,docling_rapidocr,qwen,6,0,0,0,6,0.0,0.0,0.0,0,,,,,54.143733691,8
ojo_2018-12-24_21,40,none,,niblack,docling_easyocr,qwen,6,0,0,0,6,0.0,0.0,0.0,0,,,,,98.865507575,1
ojo_2018-12-24_21,40,none,,niblack,docling_rapidocr,qwen,6,0,0,0,6,0.0,0.0,0.0,0,,,,,43.67250845,1
ojo_2018-12-24_21,40,none,,none_color,docling_easyocr,qwen,6,5,3,2,3,0.6,0.5,0.545455,5,0.9677749360613811,1.0,0.7139791711704984,0.7625633939152228,125.396930739,0
ojo_2018-12-24_21,40,none,,none_color,docling_rapidocr,qwen,6,5,2,3,4,0.4,0.333333,0.363636,5,0.9457809330628804,1.0,0.9846723556400976,1.2069639794168097,55.074736401,0
ojo_2018-12-24_21,40,none,,none_grayscale,docling_easyocr,qwen,6,7,2,5,4,0.285714,0.333333,0.307692,6,0.875464263666486,0.9666666666666667,0.856146116622555,0.92362278522246,124.353851435,0
ojo_2018-12-24_21,40,none,,none_grayscale,docling_rapidocr,qwen,6,3,2,1,4,0.666667,0.333333,0.444444,3,0.7888776200135226,0.9333333333333332,0.32255219889628495,0.3340748980348536,55.106846926,0
ojo_2018-12-24_21,40,none,,otsu,docling_easyocr,qwen,6,1,1,0,5,1.0,0.166667,0.285714,1,1.2142857142857142,1.5,0.5346534653465347,0.6470588235294118,118.966343903,0
ojo_2018-12-24_21,40,none,,otsu,docling_rapidocr,qwen,6,6,2,4,4,0.333333,0.333333,0.333333,6,1.0248819917772207,1.0833333333333333,0.6812989946789266,0.852169428669554,53.153099322,0
ojo_2018-12-24_21,40,none,,yannihorne,docling_easyocr,qwen,6,0,0,0,6,0.0,0.0,0.0,0,,,,,89.88647511,1
ojo_2018-12-24_21,40,none,,yannihorne,docling_rapidocr,qwen,6,0,0,0,6,0.0,0.0,0.0,0,,,,,43.722441935,1
ojo_2018-12-24_21,41,none,,adaptive_gaussian,docling_easyocr,qwen,6,0,0,0,6,0.0,0.0,0.0,0,,,,,127.002674458,1
ojo_2018-12-24_21,41,none,,adaptive_gaussian,docling_rapidocr,qwen,6,3,0,3,6,0.0,0.0,0.0,2,1.1588669950738915,1.35,1.0,1.0,52.392748711,0
ojo_2018-12-24_21,41,none,,adaptive_mean,docling_easyocr,qwen,6,0,0,0,6,0.0,0.0,0.0,0,,,,,126.379086632,1
ojo_2018-12-24_21,41,none,,adaptive_mean,docling_rapidocr,qwen,6,0,0,0,6,0.0,0.0,0.0,0,,,,,54.14858355,1
ojo_2018-12-24_21,41,none,,basic,docling_easyocr,qwen,6,5,0,5,6,0.0,0.0,0.0,5,0.8593060612550867,0.96,0.9144345787134641,1.0704399837259877,133.840715039,0
ojo_2018-12-24_21,41,none,,basic,docling_rapidocr,qwen,6,6,3,3,3,0.5,0.5,0.5,6,0.851624292895569,0.9666666666666667,0.714004958080957,0.8206097778179965,56.163894999,0
ojo_2018-12-24_21,41,none,,niblack,docling_easyocr,qwen,6,0,0,0,6,0.0,0.0,0.0,0,,,,,104.88683306,1
ojo_2018-12-24_21,41,none,,niblack,docling_rapidocr,qwen,6,0,0,0,6,0.0,0.0,0.0,0,,,,,48.578726399,1
ojo_2018-12-24_21,41,none,,none_color,docling_easyocr,qwen,6,6,4,2,2,0.666667,0.666667,0.666667,6,0.7516851868183555,0.875,0.5044370303608198,0.5584894057711,129.137800013,0
ojo_2018-12-24_21,41,none,,none_color,docling_rapidocr,qwen,6,0,0,0,6,0.0,0.0,0.0,0,,,,,59.598999774,8
ojo_2018-12-24_21,41,none,,none_grayscale,docling_easyocr,qwen,6,6,3,3,3,0.5,0.5,0.5,6,0.8571199694270512,0.9666666666666667,0.8693201045693685,1.0453925090535134,118.540978228,0
ojo_2018-12-24_21,41,none,,none_grayscale,docling_rapidocr,qwen,6,0,0,0,6,0.0,0.0,0.0,0,,,,,57.565196311,8
ojo_2018-12-24_21,41,none,,otsu,docling_easyocr,qwen,6,1,0,1,6,0.0,0.0,0.0,1,0.7931034482758621,1.0,0.7043010752688172,0.7419354838709677,128.995004596,0
ojo_2018-12-24_21,41,none,,otsu,docling_rapidocr,qwen,6,0,0,0,6,0.0,0.0,0.0,0,,,,,56.46984476,6
ojo_2018-12-24_21,41,none,,yannihorne,docling_easyocr,qwen,6,0,0,0,6,0.0,0.0,0.0,0,,,,,101.748717011,1
ojo_2018-12-24_21,41,none,,yannihorne,docling_rapidocr,qwen,6,0,0,0,6,0.0,0.0,0.0,0,,,,,48.000851811,1
ojo_2018-12-24_21,42,none,,adaptive_gaussian,docling_easyocr,qwen,6,0,0,0,6,0.0,0.0,0.0,0,,,,,71.366841855,1
ojo_2018-12-24_21,42,none,,adaptive_gaussian,docling_rapidocr,qwen,6,0,0,0,6,0.0,0.0,0.0,0,,,,,9.822098555,1
ojo_2018-12-24_21,42,none,,adaptive_mean,docling_easyocr,qwen,6,0,0,0,6,0.0,0.0,0.0,0,,,,,72.733624873,1
ojo_2018-12-24_21,42,none,,adaptive_mean,docling_rapidocr,qwen,6,0,0,0,6,0.0,0.0,0.0,0,,,,,10.585428891,1
ojo_2018-12-24_21,42,none,,basic,docling_easyocr,qwen,6,0,0,0,6,0.0,0.0,0.0,0,,,,,80.993585089,1
ojo_2018-12-24_21,42,none,,basic,docling_rapidocr,qwen,6,0,0,0,6,0.0,0.0,0.0,0,,,,,12.126156787,1
ojo_2018-12-24_21,42,none,,niblack,docling_easyocr,qwen,6,0,0,0,6,0.0,0.0,0.0,0,,,,,65.221852729,1
ojo_2018-12-24_21,42,none,,niblack,docling_rapidocr,qwen,6,0,0,0,6,0.0,0.0,0.0,0,,,,,11.784207293,1
ojo_2018-12-24_21,42,none,,none_color,docling_easyocr,qwen,6,0,0,0,6,0.0,0.0,0.0,0,,,,,101.938682463,1
ojo_2018-12-24_21,42,none,,none_color,docling_rapidocr,qwen,6,5,3,2,3,0.6,0.5,0.545455,5,0.8615637559371574,0.96,0.15339305415118312,0.2144556160685193,22.549045708,0
ojo_2018-12-24_21,42,none,,none_grayscale,docling_easyocr,qwen,6,0,0,0,6,0.0,0.0,0.0,0,,,,,95.402859429,1
ojo_2018-12-24_21,42,none,,none_grayscale,docling_rapidocr,qwen,6,0,0,0,6,0.0,0.0,0.0,0,,,,,21.008553723,5
ojo_2018-12-24_21,42,none,,otsu,docling_easyocr,qwen,6,0,0,0,6,0.0,0.0,0.0,0,,,,,79.248706704,1
ojo_2018-12-24_21,42,none,,otsu,docling_rapidocr,qwen,6,0,0,0,6,0.0,0.0,0.0,0,,,,,10.639274483,1
ojo_2018-12-24_21,43,none,,adaptive_gaussian,docling_easyocr,qwen,6,0,0,0,6,0.0,0.0,0.0,0,,,,,68.995814488,1
ojo_2018-12-24_21,43,none,,adaptive_gaussian,docling_rapidocr,qwen,6,0,0,0,6,0.0,0.0,0.0,0,,,,,10.498959944,1
ojo_2018-12-24_21,43,none,,adaptive_mean,docling_easyocr,qwen,6,0,0,0,6,0.0,0.0,0.0,0,,,,,69.65926277,1
ojo_2018-12-24_21,43,none,,adaptive_mean,docling_rapidocr,qwen,6,0,0,0,6,0.0,0.0,0.0,0,,,,,10.002337092,1
ojo_2018-12-24_21,43,none,,basic,docling_easyocr,qwen,6,0,0,0,6,0.0,0.0,0.0,0,,,,,74.015820897,1
ojo_2018-12-24_21,43,none,,basic,docling_rapidocr,qwen,6,0,0,0,6,0.0,0.0,0.0,0,,,,,10.159446395,1
ojo_2018-12-24_21,43,none,,niblack,docling_easyocr,qwen,6,0,0,0,6,0.0,0.0,0.0,0,,,,,63.710520516,1
ojo_2018-12-24_21,43,none,,niblack,docling_rapidocr,qwen,6,0,0,0,6,0.0,0.0,0.0,0,,,,,11.451220523,1
ojo_2018-12-24_21,43,none,,none_color,docling_easyocr,qwen,6,0,0,0,6,0.0,0.0,0.0,0,,,,,96.776066075,1
ojo_2018-12-24_21,43,none,,none_color,docling_rapidocr,qwen,6,0,0,0,6,0.0,0.0,0.0,0,,,,,23.678134213,1
ojo_2018-12-24_21,43,none,,none_grayscale,docling_easyocr,qwen,6,0,0,0,6,0.0,0.0,0.0,0,,,,,88.633532368,1
ojo_2018-12-24_21,43,none,,none_grayscale,docling_rapidocr,qwen,6,0,0,0,6,0.0,0.0,0.0,0,,,,,23.045789086,1
ojo_2018-12-24_21,43,none,,otsu,docling_easyocr,qwen,6,0,0,0,6,0.0,0.0,0.0,0,,,,,73.440136548,1
ojo_2018-12-24_21,43,none,,otsu,docling_rapidocr,qwen,6,0,0,0,6,0.0,0.0,0.0,0,,,,,9.001527901,1
ojo_2018-12-24_21,44,none,,adaptive_gaussian,docling_easyocr,qwen,6,0,0,0,6,0.0,0.0,0.0,0,,,,,65.142250517,1
ojo_2018-12-24_21,44,none,,adaptive_gaussian,docling_rapidocr,qwen,6,0,0,0,6,0.0,0.0,0.0,0,,,,,10.617235402,1
ojo_2018-12-24_21,44,none,,adaptive_mean,docling_easyocr,qwen,6,0,0,0,6,0.0,0.0,0.0,0,,,,,64.339591265,1
ojo_2018-12-24_21,44,none,,adaptive_mean,docling_rapidocr,qwen,6,0,0,0,6,0.0,0.0,0.0,0,,,,,9.436781645,1
ojo_2018-12-24_21,44,none,,basic,docling_easyocr,qwen,6,0,0,0,6,0.0,0.0,0.0,0,,,,,77.59448914,1
ojo_2018-12-24_21,44,none,,basic,docling_rapidocr,qwen,6,0,0,0,6,0.0,0.0,0.0,0,,,,,12.233412308,1
ojo_2018-12-24_21,44,none,,niblack,docling_easyocr,qwen,6,0,0,0,6,0.0,0.0,0.0,0,,,,,56.998794121,1
ojo_2018-12-24_21,44,none,,niblack,docling_rapidocr,qwen,6,0,0,0,6,0.0,0.0,0.0,0,,,,,11.583754582,1
ojo_2018-12-24_21,44,none,,none_color,docling_easyocr,qwen,6,0,0,0,6,0.0,0.0,0.0,0,,,,,98.343920916,1
ojo_2018-12-24_21,44,none,,none_color,docling_rapidocr,qwen,6,0,0,0,6,0.0,0.0,0.0,0,,,,,22.346429795,5
ojo_2018-12-24_21,44,none,,none_grayscale,docling_easyocr,qwen,6,0,0,0,6,0.0,0.0,0.0,0,,,,,98.007034987,1
ojo_2018-12-24_21,44,none,,none_grayscale,docling_rapidocr,qwen,6,0,0,0,6,0.0,0.0,0.0,0,,,,,22.658248156,5
ojo_2018-12-24_21,44,none,,otsu,docling_easyocr,qwen,6,0,0,0,6,0.0,0.0,0.0,0,,,,,73.734936829,1
ojo_2018-12-24_21,44,none,,otsu,docling_rapidocr,qwen,6,0,0,0,6,0.0,0.0,0.0,0,,,,,10.857012387,1
ojo_2018-12-24_21,45,none,,adaptive_gaussian,docling_easyocr,qwen,6,0,0,0,6,0.0,0.0,0.0,0,,,,,65.268580439,1
ojo_2018-12-24_21,45,none,,adaptive_gaussian,docling_rapidocr,qwen,6,0,0,0,6,0.0,0.0,0.0,0,,,,,12.170187237,1
ojo_2018-12-24_21,45,none,,adaptive_mean,docling_easyocr,qwen,6,0,0,0,6,0.0,0.0,0.0,0,,,,,64.859239363,1
ojo_2018-12-24_21,45,none,,adaptive_mean,docling_rapidocr,qwen,6,0,0,0,6,0.0,0.0,0.0,0,,,,,12.372079873,1
ojo_2018-12-24_21,45,none,,basic,docling_easyocr,qwen,6,0,0,0,6,0.0,0.0,0.0,0,,,,,61.037563389,1
ojo_2018-12-24_21,45,none,,basic,docling_rapidocr,qwen,6,0,0,0,6,0.0,0.0,0.0,0,,,,,11.064220255,1
ojo_2018-12-24_21,45,none,,niblack,docling_easyocr,qwen,6,0,0,0,6,0.0,0.0,0.0,0,,,,,66.272774098,1
ojo_2018-12-24_21,45,none,,none_color,docling_easyocr,qwen,6,0,0,0,6,0.0,0.0,0.0,0,,,,,58.075039856,1
ojo_2018-12-24_21,45,none,,none_grayscale,docling_easyocr,qwen,6,0,0,0,6,0.0,0.0,0.0,0,,,,,66.700805657,1
ojo_2018-12-24_21,45,none,,otsu,docling_easyocr,qwen,6,0,0,0,6,0.0,0.0,0.0,0,,,,,65.723143954,1
ojo_2018-12-24_21,45,none,,otsu,docling_rapidocr,qwen,6,0,0,0,6,0.0,0.0,0.0,0,,,,,11.636030812,1
ojo_2018-12-24_21,45,none,,yannihorne,docling_easyocr,qwen,6,0,0,0,6,0.0,0.0,0.0,0,,,,,65.735324521,1
ojo_2018-12-24_21,45,none,,yannihorne,docling_rapidocr,qwen,6,0,0,0,6,0.0,0.0,0.0,0,,,,,11.739264626,1
ojo_2018-12-24_21,46,none,,adaptive_gaussian,docling_easyocr,qwen,6,0,0,0,6,0.0,0.0,0.0,0,,,,,56.726973933,1
ojo_2018-12-24_21,46,none,,adaptive_gaussian,docling_rapidocr,qwen,6,0,0,0,6,0.0,0.0,0.0,0,,,,,11.047481459,1
ojo_2018-12-24_21,46,none,,adaptive_mean,docling_easyocr,qwen,6,0,0,0,6,0.0,0.0,0.0,0,,,,,65.222969786,1
ojo_2018-12-24_21,46,none,,adaptive_mean,docling_rapidocr,qwen,6,0,0,0,6,0.0,0.0,0.0,0,,,,,11.668795363,1
ojo_2018-12-24_21,46,none,,basic,docling_easyocr,qwen,6,0,0,0,6,0.0,0.0,0.0,0,,,,,66.718522772,1
ojo_2018-12-24_21,46,none,,basic,docling_rapidocr,qwen,6,0,0,0,6,0.0,0.0,0.0,0,,,,,11.101627573,1
ojo_2018-12-24_21,46,none,,niblack,docling_easyocr,qwen,6,0,0,0,6,0.0,0.0,0.0,0,,,,,66.88316293,1
ojo_2018-12-24_21,46,none,,otsu,docling_easyocr,qwen,6,0,0,0,6,0.0,0.0,0.0,0,,,,,65.592425404,1
ojo_2018-12-24_21,46,none,,otsu,docling_rapidocr,qwen,6,0,0,0,6,0.0,0.0,0.0,0,,,,,11.496599493,1
ojo_2018-12-24_21,46,none,,yannihorne,docling_easyocr,qwen,6,0,0,0,6,0.0,0.0,0.0,0,,,,,56.606225787,1
ojo_2018-12-24_21,46,none,,yannihorne,docling_rapidocr,qwen,6,0,0,0,6,0.0,0.0,0.0,0,,,,,12.142211733,1
ojo_2018-12-24_21,47,none,,adaptive_gaussian,docling_easyocr,qwen,6,0,0,0,6,0.0,0.0,0.0,0,,,,,64.762253424,1
ojo_2018-12-24_21,47,none,,adaptive_gaussian,docling_rapidocr,qwen,6,0,0,0,6,0.0,0.0,0.0,0,,,,,11.925779482,1
ojo_2018-12-24_21,47,none,,adaptive_mean,docling_easyocr,qwen,6,0,0,0,6,0.0,0.0,0.0,0,,,,,65.128852456,1
ojo_2018-12-24_21,47,none,,adaptive_mean,docling_rapidocr,qwen,6,0,0,0,6,0.0,0.0,0.0,0,,,,,11.578795283,1
ojo_2018-12-24_21,47,none,,basic,docling_easyocr,qwen,6,0,0,0,6,0.0,0.0,0.0,0,,,,,58.348406922,1
ojo_2018-12-24_21,47,none,,basic,docling_rapidocr,qwen,6,0,0,0,6,0.0,0.0,0.0,0,,,,,11.468108069,1
ojo_2018-12-24_21,47,none,,niblack,docling_easyocr,qwen,6,0,0,0,6,0.0,0.0,0.0,0,,,,,65.994051339,1
ojo_2018-12-24_21,47,none,,none_color,docling_easyocr,qwen,6,0,0,0,6,0.0,0.0,0.0,0,,,,,67.038318453,1
ojo_2018-12-24_21,47,none,,none_grayscale,docling_easyocr,qwen,6,0,0,0,6,0.0,0.0,0.0,0,,,,,59.096110878,1
ojo_2018-12-24_21,47,none,,otsu,docling_easyocr,qwen,6,0,0,0,6,0.0,0.0,0.0,0,,,,,57.544848405,1
ojo_2018-12-24_21,47,none,,otsu,docling_rapidocr,qwen,6,0,0,0,6,0.0,0.0,0.0,0,,,,,11.397711001,1
ojo_2018-12-24_21,47,none,,yannihorne,docling_easyocr,qwen,6,0,0,0,6,0.0,0.0,0.0,0,,,,,58.009700022,1
ojo_2018-12-24_21,47,none,,yannihorne,docling_rapidocr,qwen,6,0,0,0,6,0.0,0.0,0.0,0,,,,,11.650285683,1
ojo_2018-12-24_21,48,none,,adaptive_gaussian,docling_easyocr,qwen,6,0,0,0,6,0.0,0.0,0.0,0,,,,,193.640678517,1
ojo_2018-12-24_21,48,none,,adaptive_gaussian,docling_rapidocr,qwen,6,0,0,0,6,0.0,0.0,0.0,0,,,,,123.663272492,1
ojo_2018-12-24_21,48,none,,adaptive_mean,docling_easyocr,qwen,6,0,0,0,6,0.0,0.0,0.0,0,,,,,188.086557521,1
ojo_2018-12-24_21,48,none,,adaptive_mean,docling_rapidocr,qwen,6,0,0,0,6,0.0,0.0,0.0,0,,,,,123.484021796,1
ojo_2018-12-24_21,48,none,,basic,docling_easyocr,qwen,6,0,0,0,6,0.0,0.0,0.0,0,,,,,216.99932092,1
ojo_2018-12-24_21,48,none,,basic,docling_rapidocr,qwen,6,6,0,6,6,0.0,0.0,0.0,6,0.8697615477975299,0.9666666666666667,0.9717993941865196,1.2938903911235358,134.79483908,0
ojo_2018-12-24_21,48,none,,niblack,docling_easyocr,qwen,6,0,0,0,6,0.0,0.0,0.0,0,,,,,179.237456963,1
ojo_2018-12-24_21,48,none,,niblack,docling_rapidocr,qwen,6,0,0,0,6,0.0,0.0,0.0,0,,,,,123.477385686,1
ojo_2018-12-24_21,48,none,,none_color,docling_easyocr,qwen,6,0,0,0,6,0.0,0.0,0.0,0,,,,,211.270371062,1
ojo_2018-12-24_21,48,none,,none_color,docling_rapidocr,qwen,6,12,4,8,2,0.333333,0.666667,0.444444,6,0.8492578290686589,0.9666666666666667,0.3534790021511079,0.3833069006170146,135.494441849,0
ojo_2018-12-24_21,48,none,,none_grayscale,docling_easyocr,qwen,6,0,0,0,6,0.0,0.0,0.0,0,,,,,217.59292875,1
ojo_2018-12-24_21,48,none,,none_grayscale,docling_rapidocr,qwen,6,0,0,0,6,0.0,0.0,0.0,0,,,,,134.813468558,11
ojo_2018-12-24_21,48,none,,otsu,docling_easyocr,qwen,6,0,0,0,6,0.0,0.0,0.0,0,,,,,201.797490843,1
ojo_2018-12-24_21,48,none,,otsu,docling_rapidocr,qwen,6,3,0,3,6,0.0,0.0,0.0,3,1.1010093692649474,1.2333333333333334,1.1432546217492454,1.424916573971079,132.964779147,0
ojo_2018-12-24_21,48,none,,yannihorne,docling_easyocr,qwen,6,0,0,0,6,0.0,0.0,0.0,0,,,,,172.559651383,1
ojo_2018-12-24_21,48,none,,yannihorne,docling_rapidocr,qwen,6,0,0,0,6,0.0,0.0,0.0,0,,,,,122.965589532,1
ojo_2018-12-24_21,49,none,,adaptive_gaussian,docling_easyocr,qwen,6,0,0,0,6,0.0,0.0,0.0,0,,,,,199.418666045,1
ojo_2018-12-24_21,49,none,,adaptive_gaussian,docling_rapidocr,qwen,6,0,0,0,6,0.0,0.0,0.0,0,,,,,126.830764453,1
ojo_2018-12-24_21,49,none,,adaptive_mean,docling_easyocr,qwen,6,0,0,0,6,0.0,0.0,0.0,0,,,,,193.511679995,1
ojo_2018-12-24_21,49,none,,adaptive_mean,docling_rapidocr,qwen,6,0,0,0,6,0.0,0.0,0.0,0,,,,,124.327315676,1
ojo_2018-12-24_21,49,none,,basic,docling_easyocr,qwen,6,0,0,0,6,0.0,0.0,0.0,0,,,,,213.300528914,1
ojo_2018-12-24_21,49,none,,basic,docling_rapidocr,qwen,6,0,0,0,6,0.0,0.0,0.0,0,,,,,134.99197045,1
ojo_2018-12-24_21,49,none,,niblack,docling_easyocr,qwen,6,0,0,0,6,0.0,0.0,0.0,0,,,,,179.429610112,1
ojo_2018-12-24_21,49,none,,niblack,docling_rapidocr,qwen,6,0,0,0,6,0.0,0.0,0.0,0,,,,,124.086663582,1
ojo_2018-12-24_21,49,none,,none_color,docling_easyocr,qwen,6,0,0,0,6,0.0,0.0,0.0,0,,,,,214.854845839,1
ojo_2018-12-24_21,49,none,,none_color,docling_rapidocr,qwen,6,0,0,0,6,0.0,0.0,0.0,0,,,,,136.718686658,1
ojo_2018-12-24_21,49,none,,none_grayscale,docling_easyocr,qwen,6,0,0,0,6,0.0,0.0,0.0,0,,,,,221.647994834,1
ojo_2018-12-24_21,49,none,,none_grayscale,docling_rapidocr,qwen,6,0,0,0,6,0.0,0.0,0.0,0,,,,,133.186640101,1
ojo_2018-12-24_21,49,none,,otsu,docling_easyocr,qwen,6,0,0,0,6,0.0,0.0,0.0,0,,,,,207.54535888,1
ojo_2018-12-24_21,49,none,,otsu,docling_rapidocr,qwen,6,1,0,1,6,0.0,0.0,0.0,1,1.103448275862069,1.2,3.6236559139784945,4.0,131.180861695,0
ojo_2018-12-24_21,49,none,,yannihorne,docling_easyocr,qwen,6,0,0,0,6,0.0,0.0,0.0,0,,,,,179.26075743,1
ojo_2018-12-24_21,49,none,,yannihorne,docling_rapidocr,qwen,6,0,0,0,6,0.0,0.0,0.0,0,,,,,124.857076628,1
ojo_2018-12-24_21,50,none,,adaptive_gaussian,docling_easyocr,qwen,6,0,0,0,6,0.0,0.0,0.0,0,,,,,199.846527964,1
ojo_2018-12-24_21,50,none,,adaptive_gaussian,docling_rapidocr,qwen,6,0,0,0,6,0.0,0.0,0.0,0,,,,,127.449030549,1
ojo_2018-12-24_21,50,none,,adaptive_mean,docling_easyocr,qwen,6,0,0,0,6,0.0,0.0,0.0,0,,,,,187.809683016,1
ojo_2018-12-24_21,50,none,,adaptive_mean,docling_rapidocr,qwen,6,0,0,0,6,0.0,0.0,0.0,0,,,,,127.480493001,1
ojo_2018-12-24_21,50,none,,basic,docling_easyocr,qwen,6,0,0,0,6,0.0,0.0,0.0,0,,,,,216.801222941,1
ojo_2018-12-24_21,50,none,,basic,docling_rapidocr,qwen,6,0,0,0,6,0.0,0.0,0.0,0,,,,,135.124824187,1
ojo_2018-12-24_21,50,none,,niblack,docling_easyocr,qwen,6,0,0,0,6,0.0,0.0,0.0,0,,,,,173.85704094,1
ojo_2018-12-24_21,50,none,,niblack,docling_rapidocr,qwen,6,0,0,0,6,0.0,0.0,0.0,0,,,,,126.105351267,1
ojo_2018-12-24_21,50,none,,none_color,docling_easyocr,qwen,6,0,0,0,6,0.0,0.0,0.0,0,,,,,217.994755335,1
ojo_2018-12-24_21,50,none,,none_color,docling_rapidocr,qwen,6,0,0,0,6,0.0,0.0,0.0,0,,,,,137.963645764,9
ojo_2018-12-24_21,50,none,,none_grayscale,docling_easyocr,qwen,6,0,0,0,6,0.0,0.0,0.0,0,,,,,217.454129048,1
ojo_2018-12-24_21,50,none,,none_grayscale,docling_rapidocr,qwen,6,0,0,0,6,0.0,0.0,0.0,0,,,,,138.389899083,9
ojo_2018-12-24_21,50,none,,otsu,docling_easyocr,qwen,6,0,0,0,6,0.0,0.0,0.0,0,,,,,216.656377289,1
ojo_2018-12-24_21,50,none,,otsu,docling_rapidocr,qwen,6,5,0,5,6,0.0,0.0,0.0,5,0.9564663046627946,1.1400000000000001,1.5079092280822244,2.049187205808942,136.379226182,0
ojo_2018-12-24_21,50,none,,yannihorne,docling_easyocr,qwen,6,0,0,0,6,0.0,0.0,0.0,0,,,,,181.231141064,1
ojo_2018-12-24_21,50,none,,yannihorne,docling_rapidocr,qwen,6,0,0,0,6,0.0,0.0,0.0,0,,,,,125.583544467,1
ojo_2018-12-24_21,51,none,,adaptive_gaussian,docling_easyocr,qwen,6,0,0,0,6,0.0,0.0,0.0,0,,,,,86.046364922,1
ojo_2018-12-24_21,51,none,,adaptive_gaussian,docling_rapidocr,qwen,6,0,0,0,6,0.0,0.0,0.0,0,,,,,9.48722567,1
ojo_2018-12-24_21,51,none,,adaptive_mean,docling_easyocr,qwen,6,0,0,0,6,0.0,0.0,0.0,0,,,,,85.543646184,1
ojo_2018-12-24_21,51,none,,adaptive_mean,docling_rapidocr,qwen,6,0,0,0,6,0.0,0.0,0.0,0,,,,,12.145492879,1
ojo_2018-12-24_21,51,none,,basic,docling_easyocr,qwen,6,0,0,0,6,0.0,0.0,0.0,0,,,,,81.326400719,4
ojo_2018-12-24_21,51,none,,basic,docling_rapidocr,qwen,6,4,3,1,3,0.75,0.5,0.6,4,0.9900572297884671,1.1,0.6682502927712126,0.6510910815939279,21.10749527,0
ojo_2018-12-24_21,51,none,,niblack,docling_easyocr,qwen,6,0,0,0,6,0.0,0.0,0.0,0,,,,,66.117680026,1
ojo_2018-12-24_21,51,none,,niblack,docling_rapidocr,qwen,6,0,0,0,6,0.0,0.0,0.0,0,,,,,9.194867087,1
ojo_2018-12-24_21,51,none,,none_color,docling_easyocr,qwen,6,0,0,0,6,0.0,0.0,0.0,0,,,,,90.562688883,1
ojo_2018-12-24_21,51,none,,none_color,docling_rapidocr,qwen,6,5,2,3,4,0.4,0.333333,0.363636,5,0.934705882352941,1.0,1.058977255182189,1.0759144236878406,22.201942023,0
ojo_2018-12-24_21,51,none,,none_grayscale,docling_easyocr,qwen,6,0,0,0,6,0.0,0.0,0.0,0,,,,,79.611302027,1
ojo_2018-12-24_21,51,none,,none_grayscale,docling_rapidocr,qwen,6,0,0,0,6,0.0,0.0,0.0,0,,,,,22.633499036,7
ojo_2018-12-24_21,51,none,,otsu,docling_easyocr,qwen,6,0,0,0,6,0.0,0.0,0.0,0,,,,,91.180266121,1
ojo_2018-12-24_21,51,none,,otsu,docling_rapidocr,qwen,6,4,2,2,4,0.5,0.333333,0.4,4,1.0705049261083743,1.175,0.6075138585964859,0.7724777129354481,18.18914769,0
ojo_2018-12-24_21,51,none,,yannihorne,docling_easyocr,qwen,6,0,0,0,6,0.0,0.0,0.0,0,,,,,63.61897228,1
ojo_2018-12-24_21,51,none,,yannihorne,docling_rapidocr,qwen,6,0,0,0,6,0.0,0.0,0.0,0,,,,,10.418836572,1
ojo_2018-12-24_21,52,none,,adaptive_gaussian,docling_easyocr,qwen,6,0,0,0,6,0.0,0.0,0.0,0,,,,,68.17671557,1
ojo_2018-12-24_21,52,none,,adaptive_gaussian,docling_rapidocr,qwen,6,0,0,0,6,0.0,0.0,0.0,0,,,,,9.96999188,1
ojo_2018-12-24_21,52,none,,adaptive_mean,docling_easyocr,qwen,6,0,0,0,6,0.0,0.0,0.0,0,,,,,84.186642387,1
ojo_2018-12-24_21,52,none,,adaptive_mean,docling_rapidocr,qwen,6,0,0,0,6,0.0,0.0,0.0,0,,,,,10.593153456,1
ojo_2018-12-24_21,52,none,,basic,docling_easyocr,qwen,6,0,0,0,6,0.0,0.0,0.0,0,,,,,87.112087986,1
ojo_2018-12-24_21,52,none,,basic,docling_rapidocr,qwen,6,1,0,1,6,0.0,0.0,0.0,1,1.1379310344827587,1.0,1.0,1.0,13.316883823,0
ojo_2018-12-24_21,52,none,,niblack,docling_easyocr,qwen,6,0,0,0,6,0.0,0.0,0.0,0,,,,,66.66314658,1
ojo_2018-12-24_21,52,none,,niblack,docling_rapidocr,qwen,6,0,0,0,6,0.0,0.0,0.0,0,,,,,10.545466268,1
ojo_2018-12-24_21,52,none,,none_color,docling_easyocr,qwen,6,0,0,0,6,0.0,0.0,0.0,0,,,,,96.1599127,1
ojo_2018-12-24_21,52,none,,none_color,docling_rapidocr,qwen,6,6,4,2,2,0.666667,0.666667,0.666667,6,0.9260230179028133,1.0,0.5371571625857499,0.6035580641940959,19.462314243,0
ojo_2018-12-24_21,52,none,,none_grayscale,docling_easyocr,qwen,6,6,1,5,5,0.166667,0.166667,0.166667,5,0.8886206896551725,1.06,0.7110126757683448,0.7786488872208484,93.2211966,0
ojo_2018-12-24_21,52,none,,none_grayscale,docling_rapidocr,qwen,6,0,0,0,6,0.0,0.0,0.0,0,,,,,21.565664955,8
ojo_2018-12-24_21,52,none,,otsu,docling_easyocr,qwen,6,0,0,0,6,0.0,0.0,0.0,0,,,,,84.99895725,1
ojo_2018-12-24_21,52,none,,otsu,docling_rapidocr,qwen,6,0,0,0,6,0.0,0.0,0.0,0,,,,,12.287366245,1
ojo_2018-12-24_21,53,none,,adaptive_gaussian,docling_easyocr,qwen,6,0,0,0,6,0.0,0.0,0.0,0,,,,,84.883269983,1
ojo_2018-12-24_21,53,none,,adaptive_gaussian,docling_rapidocr,qwen,6,0,0,0,6,0.0,0.0,0.0,0,,,,,12.416287142,1
ojo_2018-12-24_21,53,none,,adaptive_mean,docling_easyocr,qwen,6,0,0,0,6,0.0,0.0,0.0,0,,,,,82.306473949,1
ojo_2018-12-24_21,53,none,,adaptive_mean,docling_rapidocr,qwen,6,0,0,0,6,0.0,0.0,0.0,0,,,,,11.153405645,1
ojo_2018-12-24_21,53,none,,basic,docling_easyocr,qwen,6,0,0,0,6,0.0,0.0,0.0,0,,,,,90.386019728,1
ojo_2018-12-24_21,53,none,,basic,docling_rapidocr,qwen,6,9,4,5,2,0.444444,0.666667,0.533333,6,0.8749771122841942,1.0,0.5806020408390135,0.6559324249897633,22.158887407,0
ojo_2018-12-24_21,53,none,,niblack,docling_easyocr,qwen,6,0,0,0,6,0.0,0.0,0.0,0,,,,,58.591273392,1
ojo_2018-12-24_21,53,none,,niblack,docling_rapidocr,qwen,6,0,0,0,6,0.0,0.0,0.0,0,,,,,11.136325681,1
ojo_2018-12-24_21,53,none,,none_color,docling_easyocr,qwen,6,8,3,5,3,0.375,0.5,0.428571,6,0.8596775141840843,0.9666666666666667,0.6286130346383265,0.7137071422467763,90.795684048,0
ojo_2018-12-24_21,53,none,,none_color,docling_rapidocr,qwen,6,8,4,4,2,0.5,0.666667,0.571429,6,0.5859337138153613,0.7916666666666666,0.3103505208337391,0.34453320623016515,23.339829155,0
ojo_2018-12-24_21,53,none,,none_grayscale,docling_easyocr,qwen,6,8,3,5,3,0.375,0.5,0.428571,6,0.8596775141840843,0.9666666666666667,0.6286130346383265,0.7137071422467763,91.766237922,0
ojo_2018-12-24_21,53,none,,none_grayscale,docling_rapidocr,qwen,6,8,4,4,2,0.5,0.666667,0.571429,6,0.5859337138153613,0.7916666666666666,0.3103505208337391,0.34453320623016515,23.095574804,0
ojo_2018-12-24_21,53,none,,otsu,docling_easyocr,qwen,6,0,0,0,6,0.0,0.0,0.0,0,,,,,81.593744848,1
ojo_2018-12-24_21,53,none,,otsu,docling_rapidocr,qwen,6,0,0,0,6,0.0,0.0,0.0,0,,,,,21.346127126,4
ojo_2018-12-24_21,53,none,,yannihorne,docling_easyocr,qwen,6,0,0,0,6,0.0,0.0,0.0,0,,,,,55.64994726,1
ojo_2018-12-24_21,53,none,,yannihorne,docling_rapidocr,qwen,6,0,0,0,6,0.0,0.0,0.0,0,,,,,10.443915699,1
ojo_2020-09-08_15,0,none,,adaptive_gaussian,docling_easyocr,qwen,7,0,0,0,7,0.0,0.0,0.0,0,,,,,38.75342168,1
ojo_2020-09-08_15,0,none,,adaptive_gaussian,docling_rapidocr,qwen,7,0,0,0,7,0.0,0.0,0.0,0,,,,,10.918336288,1
ojo_2020-09-08_15,0,none,,adaptive_mean,docling_easyocr,qwen,7,0,0,0,7,0.0,0.0,0.0,0,,,,,40.571189062,1
ojo_2020-09-08_15,0,none,,adaptive_mean,docling_rapidocr,qwen,7,0,0,0,7,0.0,0.0,0.0,0,,,,,10.322736637,1
ojo_2020-09-08_15,0,none,,basic,docling_easyocr,qwen,7,4,0,4,7,0.0,0.0,0.0,3,0.7376071723897811,1.0,1.0,1.0,44.967193428,0
ojo_2020-09-08_15,0,none,,basic,docling_rapidocr,qwen,7,3,0,3,7,0.0,0.0,0.0,3,0.7165421235188677,1.0,0.9617956064947469,0.9944444444444445,16.007709566,0
ojo_2020-09-08_15,0,none,,niblack,docling_easyocr,qwen,7,0,0,0,7,0.0,0.0,0.0,0,,,,,35.227375154,1
ojo_2020-09-08_15,0,none,,none_color,docling_easyocr,qwen,7,4,0,4,7,0.0,0.0,0.0,4,0.6790556412649436,0.9722222222222222,0.9709430450217599,0.9958333333333333,73.710994711,0
ojo_2020-09-08_15,0,none,,none_color,docling_rapidocr,qwen,7,0,0,0,7,0.0,0.0,0.0,0,,,,,21.896175375,5
ojo_2020-09-08_15,0,none,,none_grayscale,docling_easyocr,qwen,7,4,0,4,7,0.0,0.0,0.0,4,0.6867552012900849,0.9722222222222222,0.9708084917386598,0.9958333333333333,72.968068113,0
ojo_2020-09-08_15,0,none,,none_grayscale,docling_rapidocr,qwen,7,0,0,0,7,0.0,0.0,0.0,0,,,,,21.840166797,6
ojo_2020-09-08_15,0,none,,otsu,docling_easyocr,qwen,7,2,0,2,7,0.0,0.0,0.0,2,0.3626482213438735,0.5555555555555556,0.9869923306454322,1.0,73.688903395,0
ojo_2020-09-08_15,0,none,,otsu,docling_rapidocr,qwen,7,1,0,1,7,0.0,0.0,0.0,1,1.1395348837209303,1.4444444444444444,4.289398280802292,4.866666666666666,22.221662107,0
ojo_2020-09-08_15,1,none,,adaptive_gaussian,docling_easyocr,qwen,7,0,0,0,7,0.0,0.0,0.0,0,,,,,42.713389366,1
ojo_2020-09-08_15,1,none,,adaptive_gaussian,docling_rapidocr,qwen,7,0,0,0,7,0.0,0.0,0.0,0,,,,,10.608978956,1
ojo_2020-09-08_15,1,none,,adaptive_mean,docling_easyocr,qwen,7,0,0,0,7,0.0,0.0,0.0,0,,,,,41.062766998,1
ojo_2020-09-08_15,1,none,,adaptive_mean,docling_rapidocr,qwen,7,0,0,0,7,0.0,0.0,0.0,0,,,,,10.591753691,1
ojo_2020-09-08_15,1,none,,basic,docling_easyocr,qwen,7,3,0,3,7,0.0,0.0,0.0,3,0.5644992818905862,0.7407407407407408,1.0,1.0,73.21933085,0
ojo_2020-09-08_15,1,none,,basic,docling_rapidocr,qwen,7,0,0,0,7,0.0,0.0,0.0,0,,,,,20.493940655,5
ojo_2020-09-08_15,1,none,,niblack,docling_easyocr,qwen,7,0,0,0,7,0.0,0.0,0.0,0,,,,,39.565167053,1
ojo_2020-09-08_15,1,none,,none_color,docling_easyocr,qwen,7,5,0,5,7,0.0,0.0,0.0,5,0.5796081493755912,0.7777777777777778,1.0,1.0,73.172797504,0
ojo_2020-09-08_15,1,none,,none_color,docling_rapidocr,qwen,7,0,0,0,7,0.0,0.0,0.0,0,,,,,20.742262188,5
ojo_2020-09-08_15,1,none,,none_grayscale,docling_easyocr,qwen,7,3,0,3,7,0.0,0.0,0.0,3,0.6932863095653793,0.9629629629629629,0.9617956064947469,0.9944444444444445,72.770414654,0
ojo_2020-09-08_15,1,none,,none_grayscale,docling_rapidocr,qwen,7,6,3,3,4,0.5,0.428571,0.461538,6,0.9089727193872795,1.1481481481481481,0.6272810859727594,0.742287841809682,20.410159174,0
ojo_2020-09-08_15,1,none,,otsu,docling_easyocr,qwen,7,4,0,4,7,0.0,0.0,0.0,4,0.6051051051051051,0.8333333333333334,0.9495719718051872,0.9868108566581849,71.521234153,0
ojo_2020-09-08_15,1,none,,otsu,docling_rapidocr,qwen,7,5,3,2,4,0.6,0.428571,0.5,5,1.2575579808137947,1.5666666666666667,0.5571021849711184,0.9278940288051867,21.855927347,0
ojo_2020-09-08_15,2,none,,adaptive_gaussian,docling_easyocr,qwen,7,0,0,0,7,0.0,0.0,0.0,0,,,,,36.311293077,1
ojo_2020-09-08_15,2,none,,adaptive_gaussian,docling_rapidocr,qwen,7,0,0,0,7,0.0,0.0,0.0,0,,,,,11.04618926,1
ojo_2020-09-08_15,2,none,,adaptive_mean,docling_easyocr,qwen,7,0,0,0,7,0.0,0.0,0.0,0,,,,,39.858744573,1
ojo_2020-09-08_15,2,none,,adaptive_mean,docling_rapidocr,qwen,7,0,0,0,7,0.0,0.0,0.0,0,,,,,9.963706445,1
ojo_2020-09-08_15,2,none,,basic,docling_easyocr,qwen,7,0,0,0,7,0.0,0.0,0.0,0,,,,,43.189221189,1
ojo_2020-09-08_15,2,none,,basic,docling_rapidocr,qwen,7,5,0,5,7,0.0,0.0,0.0,5,0.5888149248614365,0.8,1.0,1.0,12.145457075,0
ojo_2020-09-08_15,2,none,,niblack,docling_rapidocr,qwen,7,0,0,0,7,0.0,0.0,0.0,0,,,,,8.86781248,1
ojo_2020-09-08_15,2,none,,none_color,docling_easyocr,qwen,7,5,0,5,7,0.0,0.0,0.0,5,0.5669818867493286,0.7777777777777778,1.0,1.0,68.161216066,0
ojo_2020-09-08_15,2,none,,none_color,docling_rapidocr,qwen,7,0,0,0,7,0.0,0.0,0.0,0,,,,,20.46019964,6
ojo_2020-09-08_15,2,none,,none_grayscale,docling_easyocr,qwen,7,5,0,5,7,0.0,0.0,0.0,5,0.5669818867493286,0.7777777777777778,1.0,1.0,73.507829235,0
ojo_2020-09-08_15,2,none,,none_grayscale,docling_rapidocr,qwen,7,0,0,0,7,0.0,0.0,0.0,0,,,,,18.093771741,6
ojo_2020-09-08_15,2,none,,otsu,docling_easyocr,qwen,7,0,0,0,7,0.0,0.0,0.0,0,,,,,60.158726022,1
ojo_2020-09-08_15,2,none,,otsu,docling_rapidocr,qwen,7,3,0,3,7,0.0,0.0,0.0,3,0.7781269641734757,1.1296296296296295,0.8896966643170646,0.9944444444444445,21.205197856,0
ojo_2020-09-08_15,3,none,,adaptive_gaussian,docling_easyocr,qwen,7,0,0,0,7,0.0,0.0,0.0,0,,,,,39.704781173,1
ojo_2020-09-08_15,3,none,,adaptive_gaussian,docling_rapidocr,qwen,7,0,0,0,7,0.0,0.0,0.0,0,,,,,9.397017835,1
ojo_2020-09-08_15,3,none,,adaptive_mean,docling_easyocr,qwen,7,0,0,0,7,0.0,0.0,0.0,0,,,,,39.822927116,1
ojo_2020-09-08_15,3,none,,adaptive_mean,docling_rapidocr,qwen,7,0,0,0,7,0.0,0.0,0.0,0,,,,,11.197116493,1
ojo_2020-09-08_15,3,none,,basic,docling_easyocr,qwen,7,0,0,0,7,0.0,0.0,0.0,0,,,,,41.866874191,1
ojo_2020-09-08_15,3,none,,basic,docling_rapidocr,qwen,7,0,0,0,7,0.0,0.0,0.0,0,,,,,11.439569446,1
ojo_2020-09-08_15,3,none,,niblack,docling_easyocr,qwen,7,0,0,0,7,0.0,0.0,0.0,0,,,,,39.684139192,1
ojo_2020-09-08_15,3,none,,niblack,docling_rapidocr,qwen,7,0,0,0,7,0.0,0.0,0.0,0,,,,,10.278900564,1
ojo_2020-09-08_15,3,none,,none_color,docling_easyocr,qwen,7,0,0,0,7,0.0,0.0,0.0,0,,,,,39.78289673,1
ojo_2020-09-08_15,3,none,,none_color,docling_rapidocr,qwen,7,1,0,1,7,0.0,0.0,0.0,1,1.2790697674418605,1.3333333333333333,0.6876790830945558,0.9166666666666666,16.859115573,0
ojo_2020-09-08_15,3,none,,none_grayscale,docling_easyocr,qwen,7,1,0,1,7,0.0,0.0,0.0,1,0.30434782608695654,0.4444444444444444,0.9986431478968792,1.0,41.559440109,0
ojo_2020-09-08_15,3,none,,none_grayscale,docling_rapidocr,qwen,7,0,0,0,7,0.0,0.0,0.0,0,,,,,20.693566057,2
ojo_2020-09-08_15,3,none,,otsu,docling_easyocr,qwen,7,0,0,0,7,0.0,0.0,0.0,0,,,,,34.898298309,1
ojo_2020-09-08_15,3,none,,otsu,docling_rapidocr,qwen,7,0,0,0,7,0.0,0.0,0.0,0,,,,,18.875391529,1
ojo_2020-09-08_15,4,none,,adaptive_gaussian,docling_easyocr,qwen,7,0,0,0,7,0.0,0.0,0.0,0,,,,,39.50300188,1
ojo_2020-09-08_15,4,none,,adaptive_gaussian,docling_rapidocr,qwen,7,0,0,0,7,0.0,0.0,0.0,0,,,,,10.670632314,1
ojo_2020-09-08_15,4,none,,adaptive_mean,docling_easyocr,qwen,7,0,0,0,7,0.0,0.0,0.0,0,,,,,40.774729919,1
ojo_2020-09-08_15,4,none,,adaptive_mean,docling_rapidocr,qwen,7,0,0,0,7,0.0,0.0,0.0,0,,,,,10.862814378,1
ojo_2020-09-08_15,4,none,,basic,docling_easyocr,qwen,7,0,0,0,7,0.0,0.0,0.0,0,,,,,42.457024858,1
ojo_2020-09-08_15,4,none,,basic,docling_rapidocr,qwen,7,3,0,3,7,0.0,0.0,0.0,3,0.4914004914004914,0.6666666666666666,0.9840192974521332,1.0,10.163636968,0
ojo_2020-09-08_15,4,none,,niblack,docling_easyocr,qwen,7,0,0,0,7,0.0,0.0,0.0,0,,,,,38.874334659,1
ojo_2020-09-08_15,4,none,,niblack,docling_rapidocr,qwen,7,0,0,0,7,0.0,0.0,0.0,0,,,,,10.318864192,1
ojo_2020-09-08_15,4,none,,none_color,docling_easyocr,qwen,7,0,0,0,7,0.0,0.0,0.0,0,,,,,37.420991466,1
ojo_2020-09-08_15,4,none,,none_color,docling_rapidocr,qwen,7,7,0,7,7,0.0,0.0,0.0,7,1.1167161541276809,1.3571428571428572,0.9003266241971603,0.9685853845336195,17.748984144,0
ojo_2020-09-08_15,4,none,,none_grayscale,docling_easyocr,qwen,7,0,0,0,7,0.0,0.0,0.0,0,,,,,42.801360891,1
ojo_2020-09-08_15,4,none,,none_grayscale,docling_rapidocr,qwen,7,5,0,5,7,0.0,0.0,0.0,5,0.763051276296979,1.088888888888889,0.8423383502759814,0.9576047136953422,20.804393814,0
ojo_2020-09-08_15,4,none,,otsu,docling_easyocr,qwen,7,0,0,0,7,0.0,0.0,0.0,0,,,,,64.196499227,1
ojo_2020-09-08_15,4,none,,otsu,docling_rapidocr,qwen,7,0,0,0,7,0.0,0.0,0.0,0,,,,,19.609098314,1
ojo_2020-09-08_15,5,none,,adaptive_gaussian,docling_easyocr,qwen,7,0,0,0,7,0.0,0.0,0.0,0,,,,,39.825397682,1
ojo_2020-09-08_15,5,none,,adaptive_gaussian,docling_rapidocr,qwen,7,0,0,0,7,0.0,0.0,0.0,0,,,,,8.85905857,1
ojo_2020-09-08_15,5,none,,adaptive_mean,docling_easyocr,qwen,7,0,0,0,7,0.0,0.0,0.0,0,,,,,39.336045455,1
ojo_2020-09-08_15,5,none,,adaptive_mean,docling_rapidocr,qwen,7,0,0,0,7,0.0,0.0,0.0,0,,,,,9.503476572,1
ojo_2020-09-08_15,5,none,,basic,docling_easyocr,qwen,7,0,0,0,7,0.0,0.0,0.0,0,,,,,36.998655126,1
ojo_2020-09-08_15,5,none,,basic,docling_rapidocr,qwen,7,1,0,1,7,0.0,0.0,0.0,1,0.021739130434782608,0.1111111111111111,0.9959294436906377,1.0,9.012392089,0
ojo_2020-09-08_15,5,none,,niblack,docling_easyocr,qwen,7,0,0,0,7,0.0,0.0,0.0,0,,,,,39.408702386,1
ojo_2020-09-08_15,5,none,,niblack,docling_rapidocr,qwen,7,0,0,0,7,0.0,0.0,0.0,0,,,,,8.966027273,1
ojo_2020-09-08_15,5,none,,none_color,docling_easyocr,qwen,7,0,0,0,7,0.0,0.0,0.0,0,,,,,38.375598714,1
ojo_2020-09-08_15,5,none,,none_color,docling_rapidocr,qwen,7,4,0,4,7,0.0,0.0,0.0,4,0.5344210489559327,0.7222222222222222,0.747683046234324,0.91999463122372,20.217627094,0
ojo_2020-09-08_15,5,none,,none_grayscale,docling_easyocr,qwen,7,0,0,0,7,0.0,0.0,0.0,0,,,,,41.528901622,1
ojo_2020-09-08_15,5,none,,none_grayscale,docling_rapidocr,qwen,7,4,0,4,7,0.0,0.0,0.0,4,0.5344210489559327,0.7222222222222222,0.7527122606360042,0.9553965224766752,20.434238002,0
ojo_2020-09-08_15,5,none,,otsu,docling_easyocr,qwen,7,0,0,0,7,0.0,0.0,0.0,0,,,,,36.852048689,1
ojo_2020-09-08_15,5,none,,otsu,docling_rapidocr,qwen,7,0,0,0,7,0.0,0.0,0.0,0,,,,,8.806902463,1
ojo_2020-09-08_15,6,none,,adaptive_gaussian,docling_easyocr,qwen,7,0,0,0,7,0.0,0.0,0.0,0,,,,,39.661461241,1
ojo_2020-09-08_15,6,none,,adaptive_gaussian,docling_rapidocr,qwen,7,0,0,0,7,0.0,0.0,0.0,0,,,,,11.287613757,1
ojo_2020-09-08_15,6,none,,adaptive_mean,docling_easyocr,qwen,7,0,0,0,7,0.0,0.0,0.0,0,,,,,40.509368308,1
ojo_2020-09-08_15,6,none,,adaptive_mean,docling_rapidocr,qwen,7,0,0,0,7,0.0,0.0,0.0,0,,,,,9.330819972,1
ojo_2020-09-08_15,6,none,,basic,docling_easyocr,qwen,7,0,0,0,7,0.0,0.0,0.0,0,,,,,42.932590943,1
ojo_2020-09-08_15,6,none,,basic,docling_rapidocr,qwen,7,0,0,0,7,0.0,0.0,0.0,0,,,,,11.525869828,1
ojo_2020-09-08_15,6,none,,niblack,docling_easyocr,qwen,7,0,0,0,7,0.0,0.0,0.0,0,,,,,39.26971502,1
ojo_2020-09-08_15,6,none,,niblack,docling_rapidocr,qwen,7,0,0,0,7,0.0,0.0,0.0,0,,,,,10.798742959,1
ojo_2020-09-08_15,6,none,,none_color,docling_easyocr,qwen,7,1,0,1,7,0.0,0.0,0.0,1,0.0,0.0,1.0,1.0,44.17051838,0
ojo_2020-09-08_15,6,none,,none_color,docling_rapidocr,qwen,7,0,0,0,7,0.0,0.0,0.0,0,,,,,18.866335373,5
ojo_2020-09-08_15,6,none,,none_grayscale,docling_easyocr,qwen,7,2,0,2,7,0.0,0.0,0.0,2,0.3409090909090909,0.5,1.0,1.0,41.430468302,0
ojo_2020-09-08_15,6,none,,none_grayscale,docling_rapidocr,qwen,7,0,0,0,7,0.0,0.0,0.0,0,,,,,17.924772006,6
ojo_2020-09-08_15,6,none,,otsu,docling_easyocr,qwen,7,0,0,0,7,0.0,0.0,0.0,0,,,,,41.306810671,1
ojo_2020-09-08_15,6,none,,otsu,docling_rapidocr,qwen,7,1,0,1,7,0.0,0.0,0.0,1,0.0,0.0,1.0,1.0,10.843371445,0
ojo_2020-09-08_15,7,none,,adaptive_gaussian,docling_easyocr,qwen,7,0,0,0,7,0.0,0.0,0.0,0,,,,,39.937925776,1
ojo_2020-09-08_15,7,none,,adaptive_gaussian,docling_rapidocr,qwen,7,0,0,0,7,0.0,0.0,0.0,0,,,,,9.938242158,1
ojo_2020-09-08_15,7,none,,adaptive_mean,docling_easyocr,qwen,7,0,0,0,7,0.0,0.0,0.0,0,,,,,40.541746815,1
ojo_2020-09-08_15,7,none,,adaptive_mean,docling_rapidocr,qwen,7,0,0,0,7,0.0,0.0,0.0,0,,,,,10.958268603,1
ojo_2020-09-08_15,7,none,,basic,docling_easyocr,qwen,7,0,0,0,7,0.0,0.0,0.0,0,,,,,42.707607323,1
ojo_2020-09-08_15,7,none,,basic,docling_rapidocr,qwen,7,4,0,4,7,0.0,0.0,0.0,4,0.5196147521728917,0.75,1.0,1.0,11.526125008,0
ojo_2020-09-08_15,7,none,,niblack,docling_easyocr,qwen,7,0,0,0,7,0.0,0.0,0.0,0,,,,,40.391006802,1
ojo_2020-09-08_15,7,none,,none_color,docling_easyocr,qwen,7,4,0,4,7,0.0,0.0,0.0,3,0.4553872053872054,0.6666666666666666,0.9995477159656264,1.0,50.035691315,0
ojo_2020-09-08_15,7,none,,none_color,docling_rapidocr,qwen,7,0,0,0,7,0.0,0.0,0.0,0,,,,,19.888047272,5
ojo_2020-09-08_15,7,none,,none_grayscale,docling_easyocr,qwen,7,4,0,4,7,0.0,0.0,0.0,3,0.4553872053872054,0.6666666666666666,0.9993683115881596,1.0,49.55974775,0
ojo_2020-09-08_15,7,none,,none_grayscale,docling_rapidocr,qwen,7,4,2,2,5,0.5,0.285714,0.363636,4,0.7671381856164464,1.0,0.46028672962111,0.5369675363101121,16.608405644,0
ojo_2020-09-08_15,7,none,,otsu,docling_easyocr,qwen,7,0,0,0,7,0.0,0.0,0.0,0,,,,,57.632499583,1
ojo_2020-09-08_15,7,none,,otsu,docling_rapidocr,qwen,7,5,0,5,7,0.0,0.0,0.0,5,0.8191716028925331,1.0222222222222221,0.9934325331111087,0.9984732824427482,20.211621888,0
ojo_2020-09-08_15,8,none,,adaptive_gaussian,docling_easyocr,qwen,7,0,0,0,7,0.0,0.0,0.0,0,,,,,40.399355134,1
ojo_2020-09-08_15,8,none,,adaptive_gaussian,docling_rapidocr,qwen,7,0,0,0,7,0.0,0.0,0.0,0,,,,,10.718731125,1
ojo_2020-09-08_15,8,none,,adaptive_mean,docling_easyocr,qwen,7,0,0,0,7,0.0,0.0,0.0,0,,,,,36.013946017,1
ojo_2020-09-08_15,8,none,,adaptive_mean,docling_rapidocr,qwen,7,0,0,0,7,0.0,0.0,0.0,0,,,,,10.71186014,1
ojo_2020-09-08_15,8,none,,basic,docling_easyocr,qwen,7,0,0,0,7,0.0,0.0,0.0,0,,,,,42.172025258,1
ojo_2020-09-08_15,8,none,,basic,docling_rapidocr,qwen,7,0,0,0,7,0.0,0.0,0.0,0,,,,,10.958160693,1
ojo_2020-09-08_15,8,none,,niblack,docling_easyocr,qwen,7,0,0,0,7,0.0,0.0,0.0,0,,,,,39.711980603,1
ojo_2020-09-08_15,8,none,,niblack,docling_rapidocr,qwen,7,0,0,0,7,0.0,0.0,0.0,0,,,,,10.20560529,1
ojo_2020-09-08_15,8,none,,none_color,docling_easyocr,qwen,7,1,0,1,7,0.0,0.0,0.0,1,0.4782608695652174,0.5555555555555556,1.0,1.0,43.854108149,0
ojo_2020-09-08_15,8,none,,none_color,docling_rapidocr,qwen,7,0,0,0,7,0.0,0.0,0.0,0,,,,,13.050666386,1
ojo_2020-09-08_15,8,none,,none_grayscale,docling_easyocr,qwen,7,1,0,1,7,0.0,0.0,0.0,1,0.4782608695652174,0.5555555555555556,1.0,1.0,43.636280591,0
ojo_2020-09-08_15,8,none,,none_grayscale,docling_rapidocr,qwen,7,0,0,0,7,0.0,0.0,0.0,0,,,,,11.969706351,1
ojo_2020-09-08_15,8,none,,otsu,docling_easyocr,qwen,7,0,0,0,7,0.0,0.0,0.0,0,,,,,41.062469536,1
ojo_2020-09-08_15,8,none,,otsu,docling_rapidocr,qwen,7,4,0,4,7,0.0,0.0,0.0,4,0.2484302484302484,0.5,0.931878847915252,0.9703805966109036,8.961489493,0
ojo_2020-09-08_15,9,none,,adaptive_gaussian,docling_easyocr,qwen,7,0,0,0,7,0.0,0.0,0.0,0,,,,,36.937874205,1
ojo_2020-09-08_15,9,none,,adaptive_gaussian,docling_rapidocr,qwen,7,0,0,0,7,0.0,0.0,0.0,0,,,,,10.115250475,1
ojo_2020-09-08_15,9,none,,adaptive_mean,docling_easyocr,qwen,7,0,0,0,7,0.0,0.0,0.0,0,,,,,40.492138035,1
ojo_2020-09-08_15,9,none,,adaptive_mean,docling_rapidocr,qwen,7,0,0,0,7,0.0,0.0,0.0,0,,,,,10.607099898,1
ojo_2020-09-08_15,9,none,,basic,docling_easyocr,qwen,7,0,0,0,7,0.0,0.0,0.0,0,,,,,42.401226264,1
ojo_2020-09-08_15,9,none,,basic,docling_rapidocr,qwen,7,0,0,0,7,0.0,0.0,0.0,0,,,,,11.810186129,1
ojo_2020-09-08_15,9,none,,niblack,docling_easyocr,qwen,7,0,0,0,7,0.0,0.0,0.0,0,,,,,39.599294922,1
ojo_2020-09-08_15,9,none,,niblack,docling_rapidocr,qwen,7,0,0,0,7,0.0,0.0,0.0,0,,,,,10.359966538,1
ojo_2020-09-08_15,9,none,,none_color,docling_easyocr,qwen,7,0,0,0,7,0.0,0.0,0.0,0,,,,,43.960581284,1
ojo_2020-09-08_15,9,none,,none_color,docling_rapidocr,qwen,7,0,0,0,7,0.0,0.0,0.0,0,,,,,19.219011288,1
ojo_2020-09-08_15,9,none,,none_grayscale,docling_easyocr,qwen,7,0,0,0,7,0.0,0.0,0.0,0,,,,,38.750331145,1
ojo_2020-09-08_15,9,none,,none_grayscale,docling_rapidocr,qwen,7,4,0,4,7,0.0,0.0,0.0,4,0.6779251503088711,0.9305555555555556,0.9713467048710602,0.9958333333333333,20.57004736,0
ojo_2020-09-08_15,9,none,,otsu,docling_easyocr,qwen,7,0,0,0,7,0.0,0.0,0.0,0,,,,,40.608977119,1
ojo_2020-09-08_15,9,none,,otsu,docling_rapidocr,qwen,7,0,0,0,7,0.0,0.0,0.0,0,,,,,20.618114988,1
ojo_2020-09-08_15,10,none,,adaptive_gaussian,docling_easyocr,qwen,7,0,0,0,7,0.0,0.0,0.0,0,,,,,40.932449048,1
ojo_2020-09-08_15,10,none,,adaptive_gaussian,docling_rapidocr,qwen,7,0,0,0,7,0.0,0.0,0.0,0,,,,,9.527351564,1
ojo_2020-09-08_15,10,none,,adaptive_mean,docling_easyocr,qwen,7,0,0,0,7,0.0,0.0,0.0,0,,,,,40.396018928,1
ojo_2020-09-08_15,10,none,,adaptive_mean,docling_rapidocr,qwen,7,0,0,0,7,0.0,0.0,0.0,0,,,,,10.223673051,1
ojo_2020-09-08_15,10,none,,basic,docling_easyocr,qwen,7,0,0,0,7,0.0,0.0,0.0,0,,,,,44.53666691,1
ojo_2020-09-08_15,10,none,,basic,docling_rapidocr,qwen,7,0,0,0,7,0.0,0.0,0.0,0,,,,,16.026319305,1
ojo_2020-09-08_15,10,none,,niblack,docling_easyocr,qwen,7,0,0,0,7,0.0,0.0,0.0,0,,,,,40.414210876,1
ojo_2020-09-08_15,10,none,,none_color,docling_easyocr,qwen,7,0,0,0,7,0.0,0.0,0.0,0,,,,,46.479467908,1
ojo_2020-09-08_15,10,none,,none_color,docling_rapidocr,qwen,7,6,0,6,7,0.0,0.0,0.0,6,0.39302621860761394,0.5925925925925926,0.9679452937025271,0.999004975124378,17.364535371,0
ojo_2020-09-08_15,10,none,,none_grayscale,docling_easyocr,qwen,7,0,0,0,7,0.0,0.0,0.0,0,,,,,45.49748067,1
ojo_2020-09-08_15,10,none,,none_grayscale,docling_rapidocr,qwen,7,5,0,5,7,0.0,0.0,0.0,5,0.5568364347434114,0.7666666666666667,0.9689948602908874,1.0,19.097264806,0
ojo_2020-09-08_15,10,none,,otsu,docling_easyocr,qwen,7,0,0,0,7,0.0,0.0,0.0,0,,,,,65.360812299,1
ojo_2020-09-08_15,10,none,,otsu,docling_rapidocr,qwen,7,0,0,0,7,0.0,0.0,0.0,0,,,,,17.384812467,1
ojo_2020-09-08_15,11,none,,adaptive_gaussian,docling_easyocr,qwen,7,0,0,0,7,0.0,0.0,0.0,0,,,,,41.208166068,1
ojo_2020-09-08_15,11,none,,adaptive_gaussian,docling_rapidocr,qwen,7,0,0,0,7,0.0,0.0,0.0,0,,,,,10.284684127,1
ojo_2020-09-08_15,11,none,,adaptive_mean,docling_easyocr,qwen,7,0,0,0,7,0.0,0.0,0.0,0,,,,,39.857267803,1
ojo_2020-09-08_15,11,none,,adaptive_mean,docling_rapidocr,qwen,7,0,0,0,7,0.0,0.0,0.0,0,,,,,9.726139015,1
ojo_2020-09-08_15,11,none,,basic,docling_easyocr,qwen,7,0,0,0,7,0.0,0.0,0.0,0,,,,,41.936834375,1
ojo_2020-09-08_15,11,none,,basic,docling_rapidocr,qwen,7,0,0,0,7,0.0,0.0,0.0,0,,,,,11.169788162,1
ojo_2020-09-08_15,11,none,,none_color,docling_easyocr,qwen,7,0,0,0,7,0.0,0.0,0.0,0,,,,,43.810445825,1
ojo_2020-09-08_15,11,none,,none_color,docling_rapidocr,qwen,7,3,0,3,7,0.0,0.0,0.0,3,0.6995309262751123,0.9444444444444445,0.9617956064947469,0.9944444444444445,18.374057571,0
ojo_2020-09-08_15,11,none,,none_grayscale,docling_easyocr,qwen,7,0,0,0,7,0.0,0.0,0.0,0,,,,,39.737913171,1
ojo_2020-09-08_15,11,none,,none_grayscale,docling_rapidocr,qwen,7,3,0,3,7,0.0,0.0,0.0,3,0.6995309262751123,0.9444444444444445,0.9617956064947469,0.9944444444444445,20.149749795,0
ojo_2020-09-08_15,11,none,,otsu,docling_easyocr,qwen,7,0,0,0,7,0.0,0.0,0.0,0,,,,,41.624382535,1
ojo_2020-09-08_15,11,none,,otsu,docling_rapidocr,qwen,7,0,0,0,7,0.0,0.0,0.0,0,,,,,9.822417776,1
ojo_2020-09-08_15,12,none,,adaptive_gaussian,docling_easyocr,qwen,7,0,0,0,7,0.0,0.0,0.0,0,,,,,50.242977498,1
ojo_2020-09-08_15,12,none,,adaptive_gaussian,docling_rapidocr,qwen,7,0,0,0,7,0.0,0.0,0.0,0,,,,,17.171031116,1
ojo_2020-09-08_15,12,none,,adaptive_mean,docling_easyocr,qwen,7,0,0,0,7,0.0,0.0,0.0,0,,,,,47.478525279,1
ojo_2020-09-08_15,12,none,,adaptive_mean,docling_rapidocr,qwen,7,0,0,0,7,0.0,0.0,0.0,0,,,,,16.385808109,1
ojo_2020-09-08_15,12,none,,basic,docling_easyocr,qwen,7,3,0,3,7,0.0,0.0,0.0,3,0.48398398398398396,0.6666666666666666,0.957419876034351,0.989821882951654,52.024272176,0
ojo_2020-09-08_15,12,none,,basic,docling_rapidocr,qwen,7,0,0,0,7,0.0,0.0,0.0,0,,,,,21.657744142,1
ojo_2020-09-08_15,12,none,,niblack,docling_easyocr,qwen,7,0,0,0,7,0.0,0.0,0.0,0,,,,,42.510822547,1
ojo_2020-09-08_15,12,none,,niblack,docling_rapidocr,qwen,7,0,0,0,7,0.0,0.0,0.0,0,,,,,16.626848949,1
ojo_2020-09-08_15,12,none,,none_color,docling_easyocr,qwen,7,5,0,5,7,0.0,0.0,0.0,4,0.07096300846300846,0.35,1.0,1.0,79.310545894,0
ojo_2020-09-08_15,12,none,,none_color,docling_rapidocr,qwen,7,6,4,2,3,0.666667,0.571429,0.615385,6,0.9382110072201074,1.1666666666666667,0.5353836596681568,0.650813448910991,27.786485406,0
ojo_2020-09-08_15,12,none,,none_grayscale,docling_easyocr,qwen,7,5,0,5,7,0.0,0.0,0.0,5,0.5710222907897327,0.7777777777777778,1.0,1.0,72.928188058,0
ojo_2020-09-08_15,12,none,,none_grayscale,docling_rapidocr,qwen,7,0,0,0,7,0.0,0.0,0.0,0,,,,,26.597442123,6
ojo_2020-09-08_15,12,none,,otsu,docling_easyocr,qwen,7,0,0,0,7,0.0,0.0,0.0,0,,,,,79.55790262,1
ojo_2020-09-08_15,12,none,,otsu,docling_rapidocr,qwen,7,4,2,2,5,0.5,0.285714,0.363636,4,0.6390722117466304,0.8611111111111112,0.6846988040673141,0.928111634454009,26.142281101,0
ojo_2020-09-08_15,13,none,,adaptive_gaussian,docling_easyocr,qwen,7,0,0,0,7,0.0,0.0,0.0,0,,,,,50.528897972,1
ojo_2020-09-08_15,13,none,,adaptive_gaussian,docling_rapidocr,qwen,7,0,0,0,7,0.0,0.0,0.0,0,,,,,16.951674194,1
ojo_2020-09-08_15,13,none,,adaptive_mean,docling_easyocr,qwen,7,0,0,0,7,0.0,0.0,0.0,0,,,,,47.49180767,1
ojo_2020-09-08_15,13,none,,adaptive_mean,docling_rapidocr,qwen,7,0,0,0,7,0.0,0.0,0.0,0,,,,,16.650547952,1
ojo_2020-09-08_15,13,none,,basic,docling_easyocr,qwen,7,5,0,5,7,0.0,0.0,0.0,3,0.5492013752883318,0.8518518518518517,1.0,1.0,79.869606082,0
ojo_2020-09-08_15,13,none,,basic,docling_rapidocr,qwen,7,1,0,1,7,0.0,0.0,0.0,1,0.6744186046511628,1.0,0.6848137535816619,1.0,26.650129144,0
ojo_2020-09-08_15,13,none,,niblack,docling_easyocr,qwen,7,0,0,0,7,0.0,0.0,0.0,0,,,,,40.21196607,1
ojo_2020-09-08_15,13,none,,none_color,docling_easyocr,qwen,7,5,0,5,7,0.0,0.0,0.0,5,0.5523354221028639,0.7777777777777778,1.0,1.0,77.883877819,0
ojo_2020-09-08_15,13,none,,none_color,docling_rapidocr,qwen,7,0,0,0,7,0.0,0.0,0.0,0,,,,,27.422637527,6
ojo_2020-09-08_15,13,none,,none_grayscale,docling_easyocr,qwen,7,4,0,4,7,0.0,0.0,0.0,4,0.692569154778457,0.9722222222222222,0.9713467048710602,0.9958333333333333,79.888413732,0
ojo_2020-09-08_15,13,none,,none_grayscale,docling_rapidocr,qwen,7,0,0,0,7,0.0,0.0,0.0,0,,,,,26.199042861,6
ojo_2020-09-08_15,13,none,,otsu,docling_easyocr,qwen,7,4,0,4,7,0.0,0.0,0.0,4,0.6051051051051051,0.8333333333333334,0.9495719718051872,0.9868108566581849,78.828119373,0
ojo_2020-09-08_15,13,none,,otsu,docling_rapidocr,qwen,7,5,4,1,3,0.8,0.571429,0.666667,5,0.7302852535410675,0.8666666666666666,0.40608282868543377,0.8467176407497459,26.726943112,0
ojo_2020-09-08_15,14,none,,adaptive_gaussian,docling_easyocr,qwen,7,0,0,0,7,0.0,0.0,0.0,0,,,,,49.398063053,1
ojo_2020-09-08_15,14,none,,adaptive_gaussian,docling_rapidocr,qwen,7,0,0,0,7,0.0,0.0,0.0,0,,,,,16.598106732,1
ojo_2020-09-08_15,14,none,,adaptive_mean,docling_easyocr,qwen,7,0,0,0,7,0.0,0.0,0.0,0,,,,,43.438747515,1
ojo_2020-09-08_15,14,none,,adaptive_mean,docling_rapidocr,qwen,7,0,0,0,7,0.0,0.0,0.0,0,,,,,17.132686962,1
ojo_2020-09-08_15,14,none,,basic,docling_easyocr,qwen,7,0,0,0,7,0.0,0.0,0.0,0,,,,,49.734005892,1
ojo_2020-09-08_15,14,none,,basic,docling_rapidocr,qwen,7,5,0,5,7,0.0,0.0,0.0,5,0.5780041140506256,0.8,1.0,1.0,18.061390841,0
ojo_2020-09-08_15,14,none,,niblack,docling_easyocr,qwen,7,0,0,0,7,0.0,0.0,0.0,0,,,,,40.716660908,1
ojo_2020-09-08_15,14,none,,none_color,docling_easyocr,qwen,7,5,0,5,7,0.0,0.0,0.0,5,0.5669818867493286,0.7777777777777778,1.0,1.0,82.299329006,0
ojo_2020-09-08_15,14,none,,none_color,docling_rapidocr,qwen,7,0,0,0,7,0.0,0.0,0.0,0,,,,,23.944519007,6
ojo_2020-09-08_15,14,none,,none_grayscale,docling_easyocr,qwen,7,5,0,5,7,0.0,0.0,0.0,5,0.5669818867493286,0.7777777777777778,1.0,1.0,71.032278978,0
ojo_2020-09-08_15,14,none,,none_grayscale,docling_rapidocr,qwen,7,0,0,0,7,0.0,0.0,0.0,0,,,,,24.541017019,6
ojo_2020-09-08_15,14,none,,otsu,docling_easyocr,qwen,7,4,0,4,7,0.0,0.0,0.0,4,0.6056177224655486,0.7777777777777778,0.955228775693123,0.9923664122137404,72.514590227,0
ojo_2020-09-08_15,14,none,,otsu,docling_rapidocr,qwen,7,5,0,5,7,0.0,0.0,0.0,5,0.6739570437244856,0.9,0.9238637538114602,0.9969465648854963,26.230787718,0
ojo_2020-09-08_15,15,none,,adaptive_gaussian,docling_easyocr,qwen,7,0,0,0,7,0.0,0.0,0.0,0,,,,,39.335668469,1
ojo_2020-09-08_15,15,none,,adaptive_gaussian,docling_rapidocr,qwen,7,0,0,0,7,0.0,0.0,0.0,0,,,,,11.377377415,1
ojo_2020-09-08_15,15,none,,adaptive_mean,docling_easyocr,qwen,7,0,0,0,7,0.0,0.0,0.0,0,,,,,43.571946287,1
ojo_2020-09-08_15,15,none,,adaptive_mean,docling_rapidocr,qwen,7,0,0,0,7,0.0,0.0,0.0,0,,,,,11.434455061,1
ojo_2020-09-08_15,15,none,,basic,docling_easyocr,qwen,7,0,0,0,7,0.0,0.0,0.0,0,,,,,67.76151347,1
ojo_2020-09-08_15,15,none,,basic,docling_rapidocr,qwen,7,1,0,1,7,0.0,0.0,0.0,1,0.32558139534883723,0.6666666666666666,0.7478510028653295,0.9833333333333333,17.929023741,0
ojo_2020-09-08_15,15,none,,niblack,docling_rapidocr,qwen,7,0,0,0,7,0.0,0.0,0.0,0,,,,,9.115342344,1
ojo_2020-09-08_15,15,none,,none_color,docling_easyocr,qwen,7,4,0,4,7,0.0,0.0,0.0,2,0.8058968058968059,1.0,1.0,1.0,68.497951983,0
ojo_2020-09-08_15,15,none,,none_color,docling_rapidocr,qwen,7,1,1,0,6,1.0,0.142857,0.25,1,1.2093023255813953,1.3333333333333333,0.32951289398280803,0.5,19.525042771,0
ojo_2020-09-08_15,15,none,,none_grayscale,docling_easyocr,qwen,7,3,0,3,7,0.0,0.0,0.0,2,0.7923832923832923,1.0,1.0,1.0,68.3901875,0
ojo_2020-09-08_15,15,none,,none_grayscale,docling_rapidocr,qwen,7,0,0,0,7,0.0,0.0,0.0,0,,,,,18.907726048,5
ojo_2020-09-08_15,15,none,,otsu,docling_easyocr,qwen,7,2,0,2,7,0.0,0.0,0.0,2,0.8490990990990992,1.0,1.0,1.0,70.788979839,0
ojo_2020-09-08_15,15,none,,otsu,docling_rapidocr,qwen,7,1,0,1,7,0.0,0.0,0.0,1,0.9534883720930233,1.4444444444444444,0.5902578796561605,0.95,18.709951471,0
ojo_2020-09-08_15,16,none,,adaptive_gaussian,docling_easyocr,qwen,7,0,0,0,7,0.0,0.0,0.0,0,,,,,35.67597673,1
ojo_2020-09-08_15,16,none,,adaptive_gaussian,docling_rapidocr,qwen,7,0,0,0,7,0.0,0.0,0.0,0,,,,,10.426721312,1
ojo_2020-09-08_15,16,none,,adaptive_mean,docling_easyocr,qwen,7,0,0,0,7,0.0,0.0,0.0,0,,,,,40.654849745,1
ojo_2020-09-08_15,16,none,,adaptive_mean,docling_rapidocr,qwen,7,0,0,0,7,0.0,0.0,0.0,0,,,,,9.672433592,1
ojo_2020-09-08_15,16,none,,basic,docling_easyocr,qwen,7,0,0,0,7,0.0,0.0,0.0,0,,,,,69.673121523,1
ojo_2020-09-08_15,16,none,,basic,docling_rapidocr,qwen,7,1,0,1,7,0.0,0.0,0.0,1,1.0465116279069768,1.1111111111111112,0.8481375358166189,1.0,18.377647471,0
ojo_2020-09-08_15,16,none,,niblack,docling_rapidocr,qwen,7,0,0,0,7,0.0,0.0,0.0,0,,,,,9.89462649,1
ojo_2020-09-08_15,16,none,,none_color,docling_easyocr,qwen,7,0,0,0,7,0.0,0.0,0.0,0,,,,,68.35801537,1
ojo_2020-09-08_15,16,none,,none_color,docling_rapidocr,qwen,7,1,1,0,6,1.0,0.142857,0.25,1,1.2093023255813953,1.2222222222222223,0.42406876790830944,0.9166666666666666,19.995069575,0
ojo_2020-09-08_15,16,none,,none_grayscale,docling_easyocr,qwen,7,0,0,0,7,0.0,0.0,0.0,0,,,,,59.177808355,1
ojo_2020-09-08_15,16,none,,none_grayscale,docling_rapidocr,qwen,7,1,0,1,7,0.0,0.0,0.0,1,1.2325581395348837,1.2222222222222223,0.9770773638968482,1.0,17.760506462,0
ojo_2020-09-08_15,16,none,,otsu,docling_easyocr,qwen,7,0,0,0,7,0.0,0.0,0.0,0,,,,,68.765996838,1
ojo_2020-09-08_15,16,none,,otsu,docling_rapidocr,qwen,7,1,0,1,7,0.0,0.0,0.0,1,0.10869565217391304,0.4444444444444444,0.7801899592944369,0.9389312977099237,19.590909863,0
ojo_2020-09-08_15,17,none,,adaptive_gaussian,docling_easyocr,qwen,7,0,0,0,7,0.0,0.0,0.0,0,,,,,38.032364584,1
ojo_2020-09-08_15,17,none,,adaptive_gaussian,docling_rapidocr,qwen,7,0,0,0,7,0.0,0.0,0.0,0,,,,,11.997571922,1
ojo_2020-09-08_15,17,none,,adaptive_mean,docling_easyocr,qwen,7,0,0,0,7,0.0,0.0,0.0,0,,,,,43.201899506,1
ojo_2020-09-08_15,17,none,,adaptive_mean,docling_rapidocr,qwen,7,0,0,0,7,0.0,0.0,0.0,0,,,,,11.718322016,1
ojo_2020-09-08_15,17,none,,basic,docling_easyocr,qwen,7,0,0,0,7,0.0,0.0,0.0,0,,,,,45.777849983,1
ojo_2020-09-08_15,17,none,,basic,docling_rapidocr,qwen,7,0,0,0,7,0.0,0.0,0.0,0,,,,,10.26957066,1
ojo_2020-09-08_15,17,none,,niblack,docling_rapidocr,qwen,7,0,0,0,7,0.0,0.0,0.0,0,,,,,9.996720663,1
ojo_2020-09-08_15,17,none,,none_color,docling_easyocr,qwen,7,4,0,4,7,0.0,0.0,0.0,2,0.5061692126909518,0.8333333333333333,1.0,1.0,71.621664356,0
ojo_2020-09-08_15,17,none,,none_color,docling_rapidocr,qwen,7,0,0,0,7,0.0,0.0,0.0,0,,,,,19.124029946,5
ojo_2020-09-08_15,17,none,,none_grayscale,docling_easyocr,qwen,7,4,0,4,7,0.0,0.0,0.0,2,0.5061692126909518,0.8333333333333333,1.0,1.0,72.590563606,0
ojo_2020-09-08_15,17,none,,none_grayscale,docling_rapidocr,qwen,7,0,0,0,7,0.0,0.0,0.0,0,,,,,20.017580818,5
ojo_2020-09-08_15,17,none,,otsu,docling_easyocr,qwen,7,0,0,0,7,0.0,0.0,0.0,0,,,,,60.46197969,1
ojo_2020-09-08_15,17,none,,otsu,docling_rapidocr,qwen,7,1,0,1,7,0.0,0.0,0.0,1,0.6744186046511628,1.0,0.6246418338108882,0.9666666666666667,18.418795648,0
ojo_2020-09-08_15,18,none,,adaptive_gaussian,docling_easyocr,qwen,7,0,0,0,7,0.0,0.0,0.0,0,,,,,40.696385598,1
ojo_2020-09-08_15,18,none,,adaptive_gaussian,docling_rapidocr,qwen,7,0,0,0,7,0.0,0.0,0.0,0,,,,,10.256579137,1
ojo_2020-09-08_15,18,none,,adaptive_mean,docling_easyocr,qwen,7,0,0,0,7,0.0,0.0,0.0,0,,,,,40.260771013,1
ojo_2020-09-08_15,18,none,,basic,docling_easyocr,qwen,7,0,0,0,7,0.0,0.0,0.0,0,,,,,39.563105653,1
ojo_2020-09-08_15,18,none,,basic,docling_rapidocr,qwen,7,0,0,0,7,0.0,0.0,0.0,0,,,,,9.483545612,1
ojo_2020-09-08_15,18,none,,niblack,docling_easyocr,qwen,7,0,0,0,7,0.0,0.0,0.0,0,,,,,40.206430711,1
ojo_2020-09-08_15,18,none,,none_color,docling_easyocr,qwen,7,0,0,0,7,0.0,0.0,0.0,0,,,,,36.247246335,1
ojo_2020-09-08_15,18,none,,none_grayscale,docling_easyocr,qwen,7,0,0,0,7,0.0,0.0,0.0,0,,,,,39.841191838,1
ojo_2020-09-08_15,18,none,,otsu,docling_easyocr,qwen,7,0,0,0,7,0.0,0.0,0.0,0,,,,,39.542997668,1
ojo_2020-09-08_15,18,none,,otsu,docling_rapidocr,qwen,7,0,0,0,7,0.0,0.0,0.0,0,,,,,10.445751498,1
ojo_2020-09-08_15,18,none,,yannihorne,docling_easyocr,qwen,7,0,0,0,7,0.0,0.0,0.0,0,,,,,39.024758886,1
ojo_2020-09-08_15,19,none,,adaptive_gaussian,docling_easyocr,qwen,7,0,0,0,7,0.0,0.0,0.0,0,,,,,41.056397414,1
ojo_2020-09-08_15,19,none,,adaptive_gaussian,docling_rapidocr,qwen,7,0,0,0,7,0.0,0.0,0.0,0,,,,,10.664916253,1
ojo_2020-09-08_15,19,none,,basic,docling_easyocr,qwen,7,0,0,0,7,0.0,0.0,0.0,0,,,,,39.441200803,1
ojo_2020-09-08_15,19,none,,basic,docling_rapidocr,qwen,7,0,0,0,7,0.0,0.0,0.0,0,,,,,9.671004604,1
ojo_2020-09-08_15,19,none,,otsu,docling_easyocr,qwen,7,0,0,0,7,0.0,0.0,0.0,0,,,,,39.28537042,1
ojo_2020-09-08_15,19,none,,otsu,docling_rapidocr,qwen,7,0,0,0,7,0.0,0.0,0.0,0,,,,,10.358794044,1
ojo_2020-09-08_15,19,none,,yannihorne,docling_easyocr,qwen,7,0,0,0,7,0.0,0.0,0.0,0,,,,,35.10097463,1
ojo_2020-09-08_15,20,none,,adaptive_gaussian,docling_easyocr,qwen,7,0,0,0,7,0.0,0.0,0.0,0,,,,,40.04775331,1
ojo_2020-09-08_15,20,none,,adaptive_gaussian,docling_rapidocr,qwen,7,0,0,0,7,0.0,0.0,0.0,0,,,,,10.210478044,1
ojo_2020-09-08_15,20,none,,adaptive_mean,docling_easyocr,qwen,7,0,0,0,7,0.0,0.0,0.0,0,,,,,40.28618381,1
ojo_2020-09-08_15,20,none,,basic,docling_easyocr,qwen,7,0,0,0,7,0.0,0.0,0.0,0,,,,,36.879164766,1
ojo_2020-09-08_15,20,none,,basic,docling_rapidocr,qwen,7,0,0,0,7,0.0,0.0,0.0,0,,,,,10.045350383,1
ojo_2020-09-08_15,20,none,,niblack,docling_easyocr,qwen,7,0,0,0,7,0.0,0.0,0.0,0,,,,,34.891234985,1
ojo_2020-09-08_15,20,none,,none_color,docling_easyocr,qwen,7,0,0,0,7,0.0,0.0,0.0,0,,,,,35.059737514,1
ojo_2020-09-08_15,20,none,,none_grayscale,docling_easyocr,qwen,7,0,0,0,7,0.0,0.0,0.0,0,,,,,40.467217754,1
ojo_2020-09-08_15,20,none,,otsu,docling_easyocr,qwen,7,0,0,0,7,0.0,0.0,0.0,0,,,,,39.279956411,1
ojo_2020-09-08_15,20,none,,otsu,docling_rapidocr,qwen,7,0,0,0,7,0.0,0.0,0.0,0,,,,,10.030976365,1
ojo_2020-09-08_15,20,none,,yannihorne,docling_easyocr,qwen,7,0,0,0,7,0.0,0.0,0.0,0,,,,,38.873097013,1
ojo_2020-09-08_15,21,none,,adaptive_gaussian,docling_easyocr,qwen,7,0,0,0,7,0.0,0.0,0.0,0,,,,,60.885355281,1
ojo_2020-09-08_15,21,none,,adaptive_gaussian,docling_rapidocr,qwen,7,0,0,0,7,0.0,0.0,0.0,0,,,,,31.474213647,1
ojo_2020-09-08_15,21,none,,adaptive_mean,docling_easyocr,qwen,7,0,0,0,7,0.0,0.0,0.0,0,,,,,55.528870868,1
ojo_2020-09-08_15,21,none,,adaptive_mean,docling_rapidocr,qwen,7,0,0,0,7,0.0,0.0,0.0,0,,,,,30.606885003,1
ojo_2020-09-08_15,21,none,,basic,docling_easyocr,qwen,7,0,0,0,7,0.0,0.0,0.0,0,,,,,62.454673431,1
ojo_2020-09-08_15,21,none,,basic,docling_rapidocr,qwen,7,0,0,0,7,0.0,0.0,0.0,0,,,,,31.859198711,1
ojo_2020-09-08_15,21,none,,niblack,docling_easyocr,qwen,7,0,0,0,7,0.0,0.0,0.0,0,,,,,56.607233705,1
ojo_2020-09-08_15,21,none,,niblack,docling_rapidocr,qwen,7,0,0,0,7,0.0,0.0,0.0,0,,,,,30.665462436,1
ojo_2020-09-08_15,21,none,,none_color,docling_easyocr,qwen,7,0,0,0,7,0.0,0.0,0.0,0,,,,,62.963959596,1
ojo_2020-09-08_15,21,none,,none_color,docling_rapidocr,qwen,7,5,0,5,7,0.0,0.0,0.0,5,0.7945818969074783,1.0,0.928326250180007,0.9984732824427482,38.180027387,0
ojo_2020-09-08_15,21,none,,none_grayscale,docling_easyocr,qwen,7,0,0,0,7,0.0,0.0,0.0,0,,,,,56.933227679,1
ojo_2020-09-08_15,21,none,,none_grayscale,docling_rapidocr,qwen,7,5,0,5,7,0.0,0.0,0.0,5,0.7945818969074783,1.0,0.928326250180007,0.9984732824427482,39.636372468,0
ojo_2020-09-08_15,21,none,,otsu,docling_easyocr,qwen,7,0,0,0,7,0.0,0.0,0.0,0,,,,,62.90211757,1
ojo_2020-09-08_15,21,none,,otsu,docling_rapidocr,qwen,7,0,0,0,7,0.0,0.0,0.0,0,,,,,32.033688863,1
ojo_2020-09-08_15,22,none,,adaptive_gaussian,docling_easyocr,qwen,7,0,0,0,7,0.0,0.0,0.0,0,,,,,62.490039077,1
ojo_2020-09-08_15,22,none,,adaptive_gaussian,docling_rapidocr,qwen,7,0,0,0,7,0.0,0.0,0.0,0,,,,,31.704177347,1
ojo_2020-09-08_15,22,none,,adaptive_mean,docling_easyocr,qwen,7,0,0,0,7,0.0,0.0,0.0,0,,,,,61.943530288,1
ojo_2020-09-08_15,22,none,,adaptive_mean,docling_rapidocr,qwen,7,0,0,0,7,0.0,0.0,0.0,0,,,,,31.6988022,1
ojo_2020-09-08_15,22,none,,basic,docling_easyocr,qwen,7,0,0,0,7,0.0,0.0,0.0,0,,,,,60.395806135,1
ojo_2020-09-08_15,22,none,,basic,docling_rapidocr,qwen,7,1,0,1,7,0.0,0.0,0.0,1,0.06521739130434782,0.3333333333333333,0.9416553595658074,0.9770992366412213,32.965071739,0
ojo_2020-09-08_15,22,none,,niblack,docling_easyocr,qwen,7,0,0,0,7,0.0,0.0,0.0,0,,,,,60.694755893,1
ojo_2020-09-08_15,22,none,,niblack,docling_rapidocr,qwen,7,0,0,0,7,0.0,0.0,0.0,0,,,,,31.380404811,1
ojo_2020-09-08_15,22,none,,none_color,docling_easyocr,qwen,7,0,0,0,7,0.0,0.0,0.0,0,,,,,58.014873804,1
ojo_2020-09-08_15,22,none,,none_color,docling_rapidocr,qwen,7,4,0,4,7,0.0,0.0,0.0,4,0.7450058409360735,0.9583333333333334,0.9524644864605398,0.9958333333333333,39.588397087,0
ojo_2020-09-08_15,22,none,,none_grayscale,docling_easyocr,qwen,7,0,0,0,7,0.0,0.0,0.0,0,,,,,63.95154363,1
ojo_2020-09-08_15,22,none,,none_grayscale,docling_rapidocr,qwen,7,4,0,4,7,0.0,0.0,0.0,4,0.7450058409360735,0.9583333333333334,0.9524644864605398,0.9958333333333333,39.792158903,0
ojo_2020-09-08_15,22,none,,otsu,docling_easyocr,qwen,7,0,0,0,7,0.0,0.0,0.0,0,,,,,72.185825647,1
ojo_2020-09-08_15,22,none,,otsu,docling_rapidocr,qwen,7,4,0,4,7,0.0,0.0,0.0,4,0.899461714679106,1.0555555555555556,0.9593454687872613,0.9904580152671756,33.387404264,0
ojo_2020-09-08_15,23,none,,adaptive_gaussian,docling_easyocr,qwen,7,0,0,0,7,0.0,0.0,0.0,0,,,,,57.157357982,1
ojo_2020-09-08_15,23,none,,adaptive_gaussian,docling_rapidocr,qwen,7,0,0,0,7,0.0,0.0,0.0,0,,,,,31.838498643,1
ojo_2020-09-08_15,23,none,,adaptive_mean,docling_easyocr,qwen,7,0,0,0,7,0.0,0.0,0.0,0,,,,,57.239746622,1
ojo_2020-09-08_15,23,none,,adaptive_mean,docling_rapidocr,qwen,7,0,0,0,7,0.0,0.0,0.0,0,,,,,31.498387388,1
ojo_2020-09-08_15,23,none,,basic,docling_easyocr,qwen,7,0,0,0,7,0.0,0.0,0.0,0,,,,,63.861014272,1
ojo_2020-09-08_15,23,none,,basic,docling_rapidocr,qwen,7,0,0,0,7,0.0,0.0,0.0,0,,,,,31.874157812,1
ojo_2020-09-08_15,23,none,,none_color,docling_easyocr,qwen,7,0,0,0,7,0.0,0.0,0.0,0,,,,,63.548399593,1
ojo_2020-09-08_15,23,none,,none_color,docling_rapidocr,qwen,7,4,0,4,7,0.0,0.0,0.0,4,0.7285067837393419,1.0,0.9713467048710602,0.9958333333333333,40.720852043,0
ojo_2020-09-08_15,23,none,,none_grayscale,docling_easyocr,qwen,7,0,0,0,7,0.0,0.0,0.0,0,,,,,57.61532798,1
ojo_2020-09-08_15,23,none,,none_grayscale,docling_rapidocr,qwen,7,4,0,4,7,0.0,0.0,0.0,4,0.7285067837393419,1.0,0.9713467048710602,0.9958333333333333,41.690555717,0
ojo_2020-09-08_15,23,none,,otsu,docling_easyocr,qwen,7,0,0,0,7,0.0,0.0,0.0,0,,,,,59.263564493,1
ojo_2020-09-08_15,23,none,,otsu,docling_rapidocr,qwen,7,0,0,0,7,0.0,0.0,0.0,0,,,,,31.910711195,1
ojo_2020-09-08_15,24,none,,adaptive_gaussian,docling_easyocr,qwen,7,0,0,0,7,0.0,0.0,0.0,0,,,,,43.590796648,1
ojo_2020-09-08_15,24,none,,adaptive_gaussian,docling_rapidocr,qwen,7,0,0,0,7,0.0,0.0,0.0,0,,,,,11.342773853,1
ojo_2020-09-08_15,24,none,,adaptive_mean,docling_easyocr,qwen,7,0,0,0,7,0.0,0.0,0.0,0,,,,,42.071879802,1
ojo_2020-09-08_15,24,none,,adaptive_mean,docling_rapidocr,qwen,7,0,0,0,7,0.0,0.0,0.0,0,,,,,10.144964634,1
ojo_2020-09-08_15,24,none,,basic,docling_easyocr,qwen,7,4,0,4,7,0.0,0.0,0.0,3,0.5644992818905862,0.7407407407407408,1.0,1.0,71.236606868,0
ojo_2020-09-08_15,24,none,,basic,docling_rapidocr,qwen,7,0,0,0,7,0.0,0.0,0.0,0,,,,,21.031059059,5
ojo_2020-09-08_15,24,none,,niblack,docling_easyocr,qwen,7,0,0,0,7,0.0,0.0,0.0,0,,,,,35.751658107,1
ojo_2020-09-08_15,24,none,,none_color,docling_easyocr,qwen,7,4,0,4,7,0.0,0.0,0.0,4,0.718696233231117,0.9722222222222222,0.9713467048710602,0.9958333333333333,71.542962822,0
ojo_2020-09-08_15,24,none,,none_color,docling_rapidocr,qwen,7,0,0,0,7,0.0,0.0,0.0,0,,,,,20.281658681,6
ojo_2020-09-08_15,24,none,,none_grayscale,docling_easyocr,qwen,7,3,0,3,7,0.0,0.0,0.0,3,0.10307400423679493,0.5185185185185185,0.9454434052368853,0.9796296296296297,71.759976657,0
ojo_2020-09-08_15,24,none,,none_grayscale,docling_rapidocr,qwen,7,0,0,0,7,0.0,0.0,0.0,0,,,,,19.087867292,6
ojo_2020-09-08_15,24,none,,otsu,docling_easyocr,qwen,7,4,0,4,7,0.0,0.0,0.0,4,0.6051051051051051,0.8333333333333334,0.9495719718051872,0.9868108566581849,72.387286768,0
ojo_2020-09-08_15,24,none,,otsu,docling_rapidocr,qwen,7,0,0,0,7,0.0,0.0,0.0,0,,,,,20.969952926,6
ojo_2020-09-08_15,25,none,,adaptive_gaussian,docling_easyocr,qwen,7,0,0,0,7,0.0,0.0,0.0,0,,,,,43.351337061,1
ojo_2020-09-08_15,25,none,,adaptive_gaussian,docling_rapidocr,qwen,7,0,0,0,7,0.0,0.0,0.0,0,,,,,13.76754199,1
ojo_2020-09-08_15,25,none,,adaptive_mean,docling_easyocr,qwen,7,0,0,0,7,0.0,0.0,0.0,0,,,,,44.276987657,1
ojo_2020-09-08_15,25,none,,adaptive_mean,docling_rapidocr,qwen,7,0,0,0,7,0.0,0.0,0.0,0,,,,,13.026460275,1
ojo_2020-09-08_15,25,none,,basic,docling_easyocr,qwen,7,5,0,5,7,0.0,0.0,0.0,3,0.5129694912303608,0.7777777777777777,1.0,1.0,70.393088062,0
ojo_2020-09-08_15,25,none,,basic,docling_rapidocr,qwen,7,1,0,1,7,0.0,0.0,0.0,1,1.186046511627907,1.2222222222222223,0.9369627507163324,1.0,20.639467437,0
ojo_2020-09-08_15,25,none,,niblack,docling_easyocr,qwen,7,0,0,0,7,0.0,0.0,0.0,0,,,,,34.598982738,1
ojo_2020-09-08_15,25,none,,niblack,docling_rapidocr,qwen,7,0,0,0,7,0.0,0.0,0.0,0,,,,,9.398441957,1
ojo_2020-09-08_15,25,none,,none_color,docling_easyocr,qwen,7,5,0,5,7,0.0,0.0,0.0,4,0.563754465928379,0.8055555555555556,1.0,1.0,69.095559557,0
ojo_2020-09-08_15,25,none,,none_color,docling_rapidocr,qwen,7,4,3,1,4,0.75,0.428571,0.545455,4,0.8105652071779473,1.0277777777777777,0.29207537178533793,0.5891843264593065,18.865365703,0
ojo_2020-09-08_15,25,none,,none_grayscale,docling_easyocr,qwen,7,5,0,5,7,0.0,0.0,0.0,5,0.5708481530523997,0.8444444444444444,0.9982808022922637,1.0,70.36544009,0
ojo_2020-09-08_15,25,none,,none_grayscale,docling_rapidocr,qwen,7,0,0,0,7,0.0,0.0,0.0,0,,,,,19.680768211,6
ojo_2020-09-08_15,25,none,,otsu,docling_easyocr,qwen,7,5,0,5,7,0.0,0.0,0.0,3,0.49123036079557814,0.7407407407407408,1.0,1.0,70.452121119,0
ojo_2020-09-08_15,25,none,,otsu,docling_rapidocr,qwen,7,1,0,1,7,0.0,0.0,0.0,1,1.2093023255813953,1.1111111111111112,0.9455587392550143,1.0,20.605794768,0
ojo_2020-09-08_15,26,none,,adaptive_gaussian,docling_easyocr,qwen,7,0,0,0,7,0.0,0.0,0.0,0,,,,,42.854948527,1
ojo_2020-09-08_15,26,none,,adaptive_gaussian,docling_rapidocr,qwen,7,0,0,0,7,0.0,0.0,0.0,0,,,,,10.639581686,1
ojo_2020-09-08_15,26,none,,adaptive_mean,docling_easyocr,qwen,7,0,0,0,7,0.0,0.0,0.0,0,,,,,40.618694311,1
ojo_2020-09-08_15,26,none,,adaptive_mean,docling_rapidocr,qwen,7,0,0,0,7,0.0,0.0,0.0,0,,,,,10.692951208,1
ojo_2020-09-08_15,26,none,,basic,docling_easyocr,qwen,7,5,0,5,7,0.0,0.0,0.0,5,0.4822620625957329,0.7777777777777778,1.0,1.0,55.807557682,0
ojo_2020-09-08_15,26,none,,basic,docling_rapidocr,qwen,7,7,0,7,7,0.0,0.0,0.0,6,0.6748148783032505,0.8333333333333334,0.953047846332208,0.9935897435897436,18.93475614,0
ojo_2020-09-08_15,26,none,,niblack,docling_easyocr,qwen,7,0,0,0,7,0.0,0.0,0.0,0,,,,,35.560077568,1
ojo_2020-09-08_15,26,none,,none_color,docling_easyocr,qwen,7,5,0,5,7,0.0,0.0,0.0,4,0.5199647321740345,0.7222222222222222,1.0,1.0,69.300322871,0
ojo_2020-09-08_15,26,none,,none_color,docling_rapidocr,qwen,7,6,4,2,3,0.666667,0.571429,0.615385,6,0.6963906295301645,0.9444444444444445,0.551577903189378,0.6827238362566432,20.02896748,0
ojo_2020-09-08_15,26,none,,none_grayscale,docling_easyocr,qwen,7,5,0,5,7,0.0,0.0,0.0,4,0.5199647321740345,0.7222222222222222,1.0,1.0,73.261396746,0
ojo_2020-09-08_15,26,none,,none_grayscale,docling_rapidocr,qwen,7,6,4,2,3,0.666667,0.571429,0.615385,6,0.6963906295301645,0.9444444444444445,0.551577903189378,0.6827238362566432,20.590768437,0
ojo_2020-09-08_15,26,none,,otsu,docling_easyocr,qwen,7,5,0,5,7,0.0,0.0,0.0,3,0.5237411324367846,0.8518518518518517,1.0,1.0,72.705826382,0
ojo_2020-09-08_15,26,none,,otsu,docling_rapidocr,qwen,7,3,0,3,7,0.0,0.0,0.0,3,0.7863095653793328,1.111111111111111,0.8784510373781607,1.1447990543735225,20.258695225,0
ojo_2020-09-08_15,27,none,,adaptive_gaussian,docling_easyocr,qwen,7,0,0,0,7,0.0,0.0,0.0,0,,,,,40.939418322,1
ojo_2020-09-08_15,27,none,,adaptive_gaussian,docling_rapidocr,qwen,7,0,0,0,7,0.0,0.0,0.0,0,,,,,9.16888333,1
ojo_2020-09-08_15,27,none,,adaptive_mean,docling_easyocr,qwen,7,0,0,0,7,0.0,0.0,0.0,0,,,,,40.682394749,1
ojo_2020-09-08_15,27,none,,adaptive_mean,docling_rapidocr,qwen,7,0,0,0,7,0.0,0.0,0.0,0,,,,,9.778121477,1
ojo_2020-09-08_15,27,none,,basic,docling_easyocr,qwen,7,3,0,3,7,0.0,0.0,0.0,3,0.4972254863559211,0.6481481481481483,0.9528454781552501,0.9824144755442465,73.10240827,0
ojo_2020-09-08_15,27,none,,basic,docling_rapidocr,qwen,7,5,4,1,3,0.8,0.571429,0.666667,5,0.6930759512154862,0.888888888888889,0.590117549591005,0.9100866896097177,17.881616453,0
ojo_2020-09-08_15,27,none,,niblack,docling_easyocr,qwen,7,0,0,0,7,0.0,0.0,0.0,0,,,,,33.526341816,1
ojo_2020-09-08_15,27,none,,none_color,docling_easyocr,qwen,7,3,0,3,7,0.0,0.0,0.0,3,0.6932863095653793,0.9629629629629629,0.9617956064947469,0.9944444444444445,70.350496153,0
ojo_2020-09-08_15,27,none,,none_color,docling_rapidocr,qwen,7,6,3,3,4,0.5,0.428571,0.461538,6,0.9419107958036168,1.1481481481481481,0.815645375230107,0.9647578279487963,20.1539856,0
ojo_2020-09-08_15,27,none,,none_grayscale,docling_easyocr,qwen,7,4,0,4,7,0.0,0.0,0.0,4,0.7472374594467618,0.9722222222222222,0.957567177312005,0.9958333333333333,72.100286345,0
ojo_2020-09-08_15,27,none,,none_grayscale,docling_rapidocr,qwen,7,6,2,4,5,0.333333,0.285714,0.307692,6,0.9089727193872795,1.1481481481481481,0.9182150143558353,1.02640826571294,19.858387808,0
ojo_2020-09-08_15,27,none,,otsu,docling_easyocr,qwen,7,0,0,0,7,0.0,0.0,0.0,0,,,,,70.802374058,1
ojo_2020-09-08_15,27,none,,otsu,docling_rapidocr,qwen,7,0,0,0,7,0.0,0.0,0.0,0,,,,,19.804252081,3
ojo_2020-09-08_15,28,none,,adaptive_gaussian,docling_easyocr,qwen,7,0,0,0,7,0.0,0.0,0.0,0,,,,,41.78034273,1
ojo_2020-09-08_15,28,none,,adaptive_gaussian,docling_rapidocr,qwen,7,0,0,0,7,0.0,0.0,0.0,0,,,,,9.737325343,1
ojo_2020-09-08_15,28,none,,adaptive_mean,docling_easyocr,qwen,7,0,0,0,7,0.0,0.0,0.0,0,,,,,40.380326184,1
ojo_2020-09-08_15,28,none,,adaptive_mean,docling_rapidocr,qwen,7,0,0,0,7,0.0,0.0,0.0,0,,,,,9.722656639,1
ojo_2020-09-08_15,28,none,,basic,docling_easyocr,qwen,7,4,0,4,7,0.0,0.0,0.0,4,0.6465840840840841,0.875,0.9989823609226595,0.9980916030534351,69.788714892,0
ojo_2020-09-08_15,28,none,,basic,docling_rapidocr,qwen,7,0,0,0,7,0.0,0.0,0.0,0,,,,,20.183444268,4
ojo_2020-09-08_15,28,none,,niblack,docling_easyocr,qwen,7,0,0,0,7,0.0,0.0,0.0,0,,,,,38.69926648,1
ojo_2020-09-08_15,28,none,,none_color,docling_easyocr,qwen,7,4,0,4,7,0.0,0.0,0.0,4,0.6904192776285799,0.9722222222222222,0.9713467048710602,0.9958333333333333,59.856019265,0
ojo_2020-09-08_15,28,none,,none_color,docling_rapidocr,qwen,7,0,0,0,7,0.0,0.0,0.0,0,,,,,20.465519911,6
ojo_2020-09-08_15,28,none,,none_grayscale,docling_easyocr,qwen,7,7,0,7,7,0.0,0.0,0.0,5,0.5523354221028639,0.7777777777777778,1.0,1.0,67.398237234,0
ojo_2020-09-08_15,28,none,,none_grayscale,docling_rapidocr,qwen,7,0,0,0,7,0.0,0.0,0.0,0,,,,,20.249194151,5
ojo_2020-09-08_15,28,none,,otsu,docling_easyocr,qwen,7,4,0,4,7,0.0,0.0,0.0,3,0.4752598448250622,0.7407407407407408,0.9938549740776498,0.9974554707379135,60.163581927,0
ojo_2020-09-08_15,28,none,,otsu,docling_rapidocr,qwen,7,4,3,1,4,0.75,0.428571,0.545455,4,0.6726339585288018,0.8333333333333334,0.4295092202600752,0.8497570515943912,20.208915074,0
ojo_2020-09-08_15,29,none,,adaptive_gaussian,docling_easyocr,qwen,7,0,0,0,7,0.0,0.0,0.0,0,,,,,35.450081665,1
ojo_2020-09-08_15,29,none,,adaptive_gaussian,docling_rapidocr,qwen,7,0,0,0,7,0.0,0.0,0.0,0,,,,,10.869351227,1
ojo_2020-09-08_15,29,none,,adaptive_mean,docling_easyocr,qwen,7,0,0,0,7,0.0,0.0,0.0,0,,,,,40.025852997,1
ojo_2020-09-08_15,29,none,,adaptive_mean,docling_rapidocr,qwen,7,0,0,0,7,0.0,0.0,0.0,0,,,,,9.631379206,1
ojo_2020-09-08_15,29,none,,basic,docling_easyocr,qwen,7,0,0,0,7,0.0,0.0,0.0,0,,,,,67.505425387,1
ojo_2020-09-08_15,29,none,,basic,docling_rapidocr,qwen,7,5,0,5,7,0.0,0.0,0.0,5,0.5842593121662889,0.8,0.8979093115008494,0.9663044772887227,19.830205613,0
ojo_2020-09-08_15,29,none,,niblack,docling_easyocr,qwen,7,0,0,0,7,0.0,0.0,0.0,0,,,,,39.052664181,1
ojo_2020-09-08_15,29,none,,niblack,docling_rapidocr,qwen,7,0,0,0,7,0.0,0.0,0.0,0,,,,,9.787092348,1
ojo_2020-09-08_15,29,none,,none_color,docling_easyocr,qwen,7,4,0,4,7,0.0,0.0,0.0,4,0.4792670577554299,0.6944444444444444,0.9009231018845527,0.9578805966109036,71.694588356,0
ojo_2020-09-08_15,29,none,,none_color,docling_rapidocr,qwen,7,0,0,0,7,0.0,0.0,0.0,0,,,,,20.794591837,3
ojo_2020-09-08_15,29,none,,none_grayscale,docling_easyocr,qwen,7,3,0,3,7,0.0,0.0,0.0,3,0.6390227436739065,0.9259259259259259,0.9617956064947469,0.9944444444444445,70.543800764,0
ojo_2020-09-08_15,29,none,,none_grayscale,docling_rapidocr,qwen,7,0,0,0,7,0.0,0.0,0.0,0,,,,,20.344967537,3
ojo_2020-09-08_15,29,none,,otsu,docling_easyocr,qwen,7,1,0,1,7,0.0,0.0,0.0,1,0.043478260869565216,0.2222222222222222,0.9687924016282226,0.9923664122137404,72.015572864,0
ojo_2020-09-08_15,29,none,,otsu,docling_rapidocr,qwen,7,1,1,0,6,1.0,0.142857,0.25,1,1.186046511627907,1.3333333333333333,0.45558739255014324,0.6333333333333333,21.282937843,0
ojo_2020-09-08_15,30,none,,adaptive_gaussian,docling_easyocr,qwen,7,0,0,0,7,0.0,0.0,0.0,0,,,,,37.172177465,1
ojo_2020-09-08_15,30,none,,adaptive_gaussian,docling_rapidocr,qwen,7,0,0,0,7,0.0,0.0,0.0,0,,,,,10.140659244,1
ojo_2020-09-08_15,30,none,,adaptive_mean,docling_easyocr,qwen,7,0,0,0,7,0.0,0.0,0.0,0,,,,,39.767857464,1
ojo_2020-09-08_15,30,none,,adaptive_mean,docling_rapidocr,qwen,7,0,0,0,7,0.0,0.0,0.0,0,,,,,10.153435858,1
ojo_2020-09-08_15,30,none,,basic,docling_easyocr,qwen,7,0,0,0,7,0.0,0.0,0.0,0,,,,,35.505170351,1
ojo_2020-09-08_15,30,none,,basic,docling_rapidocr,qwen,7,0,0,0,7,0.0,0.0,0.0,0,,,,,14.584960705,1
ojo_2020-09-08_15,30,none,,niblack,docling_easyocr,qwen,7,0,0,0,7,0.0,0.0,0.0,0,,,,,39.293668243,1
ojo_2020-09-08_15,30,none,,niblack,docling_rapidocr,qwen,7,0,0,0,7,0.0,0.0,0.0,0,,,,,9.056534263,1
ojo_2020-09-08_15,30,none,,none_color,docling_easyocr,qwen,7,0,0,0,7,0.0,0.0,0.0,0,,,,,39.904417044,1
ojo_2020-09-08_15,30,none,,none_color,docling_rapidocr,qwen,7,5,2,3,5,0.4,0.285714,0.333333,5,1.2761902494460635,1.5666666666666667,0.9241663519248299,1.4510391972094099,19.185615545,0
ojo_2020-09-08_15,30,none,,none_grayscale,docling_easyocr,qwen,7,0,0,0,7,0.0,0.0,0.0,0,,,,,42.414529568,1
ojo_2020-09-08_15,30,none,,none_grayscale,docling_rapidocr,qwen,7,4,1,3,6,0.25,0.142857,0.181818,4,0.7048755944104781,0.9722222222222222,0.7429101063363508,0.9109995236583043,18.810615545,0
ojo_2020-09-08_15,30,none,,otsu,docling_easyocr,qwen,7,0,0,0,7,0.0,0.0,0.0,0,,,,,37.472997982,1
ojo_2020-09-08_15,30,none,,otsu,docling_rapidocr,qwen,7,0,0,0,7,0.0,0.0,0.0,0,,,,,9.456056196,1
ojo_2020-09-08_15,30,none,,yannihorne,docling_easyocr,qwen,7,0,0,0,7,0.0,0.0,0.0,0,,,,,38.282521326,1
ojo_2020-09-08_15,30,none,,yannihorne,docling_rapidocr,qwen,7,0,0,0,7,0.0,0.0,0.0,0,,,,,9.54305752,1
ojo_2020-09-08_15,31,none,,adaptive_gaussian,docling_easyocr,qwen,7,0,0,0,7,0.0,0.0,0.0,0,,,,,39.503572998,1
ojo_2020-09-08_15,31,none,,adaptive_gaussian,docling_rapidocr,qwen,7,0,0,0,7,0.0,0.0,0.0,0,,,,,8.914799747,1
ojo_2020-09-08_15,31,none,,adaptive_mean,docling_easyocr,qwen,7,0,0,0,7,0.0,0.0,0.0,0,,,,,36.04867464,1
ojo_2020-09-08_15,31,none,,adaptive_mean,docling_rapidocr,qwen,7,0,0,0,7,0.0,0.0,0.0,0,,,,,9.719566402,1
ojo_2020-09-08_15,31,none,,basic,docling_easyocr,qwen,7,2,0,2,7,0.0,0.0,0.0,1,0.30434782608695654,0.6666666666666666,1.0,1.0,61.280467184,0
ojo_2020-09-08_15,31,none,,basic,docling_rapidocr,qwen,7,0,0,0,7,0.0,0.0,0.0,0,,,,,19.166848095,1
ojo_2020-09-08_15,31,none,,niblack,docling_easyocr,qwen,7,0,0,0,7,0.0,0.0,0.0,0,,,,,34.484862591,1
ojo_2020-09-08_15,31,none,,niblack,docling_rapidocr,qwen,7,0,0,0,7,0.0,0.0,0.0,0,,,,,9.011867548,1
ojo_2020-09-08_15,31,none,,none_color,docling_easyocr,qwen,7,2,0,2,7,0.0,0.0,0.0,2,0.38636363636363635,0.5,1.0,1.0,36.474827202,0
ojo_2020-09-08_15,31,none,,none_color,docling_rapidocr,qwen,7,0,0,0,7,0.0,0.0,0.0,0,,,,,20.439416797,5
ojo_2020-09-08_15,31,none,,none_grayscale,docling_easyocr,qwen,7,0,0,0,7,0.0,0.0,0.0,0,,,,,43.82819,1
ojo_2020-09-08_15,31,none,,none_grayscale,docling_rapidocr,qwen,7,5,0,5,7,0.0,0.0,0.0,5,0.7667980463228188,1.088888888888889,0.8519840011409041,0.975284139100933,20.063783796,0
ojo_2020-09-08_15,31,none,,otsu,docling_easyocr,qwen,7,0,0,0,7,0.0,0.0,0.0,0,,,,,47.348916754,1
ojo_2020-09-08_15,31,none,,otsu,docling_rapidocr,qwen,7,0,0,0,7,0.0,0.0,0.0,0,,,,,20.053783163,1
ojo_2020-09-08_15,32,none,,adaptive_gaussian,docling_easyocr,qwen,7,0,0,0,7,0.0,0.0,0.0,0,,,,,40.373639879,1
ojo_2020-09-08_15,32,none,,adaptive_gaussian,docling_rapidocr,qwen,7,0,0,0,7,0.0,0.0,0.0,0,,,,,9.074060974,1
ojo_2020-09-08_15,32,none,,adaptive_mean,docling_easyocr,qwen,7,0,0,0,7,0.0,0.0,0.0,0,,,,,39.642182407,1
ojo_2020-09-08_15,32,none,,adaptive_mean,docling_rapidocr,qwen,7,0,0,0,7,0.0,0.0,0.0,0,,,,,10.306991873,1
ojo_2020-09-08_15,32,none,,basic,docling_easyocr,qwen,7,0,0,0,7,0.0,0.0,0.0,0,,,,,158.245895059,1
ojo_2020-09-08_15,32,none,,basic,docling_rapidocr,qwen,7,0,0,0,7,0.0,0.0,0.0,0,,,,,135.958515795,1
ojo_2020-09-08_15,32,none,,niblack,docling_easyocr,qwen,7,0,0,0,7,0.0,0.0,0.0,0,,,,,38.928041338,1
ojo_2020-09-08_15,32,none,,niblack,docling_rapidocr,qwen,7,0,0,0,7,0.0,0.0,0.0,0,,,,,9.806215166,1
ojo_2020-09-08_15,32,none,,none_color,docling_easyocr,qwen,7,0,0,0,7,0.0,0.0,0.0,0,,,,,41.476735266,1
ojo_2020-09-08_15,32,none,,none_color,docling_rapidocr,qwen,7,1,0,1,7,0.0,0.0,0.0,1,0.6046511627906976,0.8888888888888888,0.9770773638968482,1.0,19.619595201,0
ojo_2020-09-08_15,32,none,,none_grayscale,docling_easyocr,qwen,7,0,0,0,7,0.0,0.0,0.0,0,,,,,41.741828354,1
ojo_2020-09-08_15,32,none,,none_grayscale,docling_rapidocr,qwen,7,1,0,1,7,0.0,0.0,0.0,1,0.6046511627906976,0.8888888888888888,0.9770773638968482,1.0,18.953192385,0
ojo_2020-09-08_15,32,none,,otsu,docling_easyocr,qwen,7,0,0,0,7,0.0,0.0,0.0,0,,,,,41.559183748,1
ojo_2020-09-08_15,32,none,,otsu,docling_rapidocr,qwen,7,0,0,0,7,0.0,0.0,0.0,0,,,,,8.420809658,1
ojo_2020-09-08_15,32,none,,yannihorne,docling_easyocr,qwen,7,0,0,0,7,0.0,0.0,0.0,0,,,,,37.918862732,1
ojo_2020-09-08_15,32,none,,yannihorne,docling_rapidocr,qwen,7,0,0,0,7,0.0,0.0,0.0,0,,,,,9.962398918,1
ojo_2020-09-08_15,33,none,,adaptive_gaussian,docling_easyocr,qwen,7,0,0,0,7,0.0,0.0,0.0,0,,,,,40.038344368,1
ojo_2020-09-08_15,33,none,,adaptive_gaussian,docling_rapidocr,qwen,7,0,0,0,7,0.0,0.0,0.0,0,,,,,9.972876533,1
ojo_2020-09-08_15,33,none,,adaptive_mean,docling_easyocr,qwen,7,0,0,0,7,0.0,0.0,0.0,0,,,,,40.129947336,1
ojo_2020-09-08_15,33,none,,adaptive_mean,docling_rapidocr,qwen,7,0,0,0,7,0.0,0.0,0.0,0,,,,,9.355651052,1
ojo_2020-09-08_15,33,none,,basic,docling_easyocr,qwen,7,0,0,0,7,0.0,0.0,0.0,0,,,,,41.782901293,1
ojo_2020-09-08_15,33,none,,basic,docling_rapidocr,qwen,7,0,0,0,7,0.0,0.0,0.0,0,,,,,10.656109815,1
ojo_2020-09-08_15,33,none,,niblack,docling_easyocr,qwen,7,0,0,0,7,0.0,0.0,0.0,0,,,,,39.052063345,1
ojo_2020-09-08_15,33,none,,niblack,docling_rapidocr,qwen,7,0,0,0,7,0.0,0.0,0.0,0,,,,,10.132845281,1
ojo_2020-09-08_15,33,none,,none_color,docling_easyocr,qwen,7,0,0,0,7,0.0,0.0,0.0,0,,,,,43.755685335,1
ojo_2020-09-08_15,33,none,,none_color,docling_rapidocr,qwen,7,0,0,0,7,0.0,0.0,0.0,0,,,,,17.582306391,5
ojo_2020-09-08_15,33,none,,none_grayscale,docling_easyocr,qwen,7,1,0,1,7,0.0,0.0,0.0,1,0.0,0.0,1.0,1.0,43.884846454,0
ojo_2020-09-08_15,33,none,,none_grayscale,docling_rapidocr,qwen,7,5,4,1,3,0.8,0.571429,0.666667,5,0.5476842593121662,0.7777777777777778,0.41058295392489297,0.5145854076485635,17.44491983,0
ojo_2020-09-08_15,33,none,,otsu,docling_easyocr,qwen,7,0,0,0,7,0.0,0.0,0.0,0,,,,,39.768999728,1
ojo_2020-09-08_15,33,none,,otsu,docling_rapidocr,qwen,7,0,0,0,7,0.0,0.0,0.0,0,,,,,9.635853204,1
ojo_2020-09-08_15,33,none,,yannihorne,docling_easyocr,qwen,7,0,0,0,7,0.0,0.0,0.0,0,,,,,38.591425809,1
ojo_2020-09-08_15,33,none,,yannihorne,docling_rapidocr,qwen,7,0,0,0,7,0.0,0.0,0.0,0,,,,,10.242427739,1
ojo_2020-09-08_15,34,none,,adaptive_gaussian,docling_easyocr,qwen,7,0,0,0,7,0.0,0.0,0.0,0,,,,,40.477661502,1
ojo_2020-09-08_15,34,none,,adaptive_gaussian,docling_rapidocr,qwen,7,0,0,0,7,0.0,0.0,0.0,0,,,,,10.889454019,1
ojo_2020-09-08_15,34,none,,adaptive_mean,docling_easyocr,qwen,7,0,0,0,7,0.0,0.0,0.0,0,,,,,40.35811342,1
ojo_2020-09-08_15,34,none,,adaptive_mean,docling_rapidocr,qwen,7,0,0,0,7,0.0,0.0,0.0,0,,,,,10.299106014,1
ojo_2020-09-08_15,34,none,,basic,docling_easyocr,qwen,7,0,0,0,7,0.0,0.0,0.0,0,,,,,64.66049479,1
ojo_2020-09-08_15,34,none,,basic,docling_rapidocr,qwen,7,4,0,4,7,0.0,0.0,0.0,4,0.7720788970788971,1.0,0.9405058519076529,0.9923664122137404,18.991820798,0
ojo_2020-09-08_15,34,none,,none_color,docling_easyocr,qwen,7,4,0,4,7,0.0,0.0,0.0,2,0.36363636363636365,0.5,0.969880147165143,0.9847328244274809,50.317658649,0
ojo_2020-09-08_15,34,none,,none_color,docling_rapidocr,qwen,7,5,2,3,5,0.4,0.285714,0.333333,5,0.7861069084527122,1.0,0.3602432899344728,0.4486238182699195,17.8261659,0
ojo_2020-09-08_15,34,none,,none_grayscale,docling_easyocr,qwen,7,3,0,3,7,0.0,0.0,0.0,3,0.44612794612794615,0.5555555555555555,0.9998205956225332,1.0,50.42456554,0
ojo_2020-09-08_15,34,none,,none_grayscale,docling_rapidocr,qwen,7,6,3,3,4,0.5,0.428571,0.461538,6,0.7972360401581837,1.0,0.6354332887937316,0.73363541614404,20.027291999,0
ojo_2020-09-08_15,34,none,,otsu,docling_easyocr,qwen,7,0,0,0,7,0.0,0.0,0.0,0,,,,,45.761510431,1
ojo_2020-09-08_15,34,none,,otsu,docling_rapidocr,qwen,7,5,0,5,7,0.0,0.0,0.0,5,0.7116469121019172,0.9333333333333332,0.9947378261283284,1.0,12.930357753,0
ojo_2020-09-08_15,35,none,,adaptive_gaussian,docling_easyocr,qwen,7,0,0,0,7,0.0,0.0,0.0,0,,,,,38.427499187,1
ojo_2020-09-08_15,35,none,,adaptive_gaussian,docling_rapidocr,qwen,7,0,0,0,7,0.0,0.0,0.0,0,,,,,10.271194589,1
ojo_2020-09-08_15,35,none,,adaptive_mean,docling_easyocr,qwen,7,0,0,0,7,0.0,0.0,0.0,0,,,,,36.572344434,1
ojo_2020-09-08_15,35,none,,adaptive_mean,docling_rapidocr,qwen,7,0,0,0,7,0.0,0.0,0.0,0,,,,,10.090029847,1
ojo_2020-09-08_15,35,none,,basic,docling_easyocr,qwen,7,0,0,0,7,0.0,0.0,0.0,0,,,,,42.938705669,1
ojo_2020-09-08_15,35,none,,basic,docling_rapidocr,qwen,7,2,0,2,7,0.0,0.0,0.0,2,0.36363636363636365,0.5,0.9921393132195953,1.0,10.902851091,0
ojo_2020-09-08_15,35,none,,niblack,docling_easyocr,qwen,7,0,0,0,7,0.0,0.0,0.0,0,,,,,39.205997897,1
ojo_2020-09-08_15,35,none,,niblack,docling_rapidocr,qwen,7,0,0,0,7,0.0,0.0,0.0,0,,,,,9.735855056,1
ojo_2020-09-08_15,35,none,,none_color,docling_easyocr,qwen,7,0,0,0,7,0.0,0.0,0.0,0,,,,,38.818164335,1
ojo_2020-09-08_15,35,none,,none_color,docling_rapidocr,qwen,7,0,0,0,7,0.0,0.0,0.0,0,,,,,13.518703208,6
ojo_2020-09-08_15,35,none,,none_grayscale,docling_easyocr,qwen,7,0,0,0,7,0.0,0.0,0.0,0,,,,,44.052491412,1
ojo_2020-09-08_15,35,none,,none_grayscale,docling_rapidocr,qwen,7,0,0,0,7,0.0,0.0,0.0,0,,,,,14.029151664,6
ojo_2020-09-08_15,35,none,,otsu,docling_easyocr,qwen,7,0,0,0,7,0.0,0.0,0.0,0,,,,,39.198024497,1
ojo_2020-09-08_15,35,none,,otsu,docling_rapidocr,qwen,7,0,0,0,7,0.0,0.0,0.0,0,,,,,10.777110324,1
ojo_2020-09-08_15,35,none,,yannihorne,docling_easyocr,qwen,7,0,0,0,7,0.0,0.0,0.0,0,,,,,33.68513535,1
ojo_2020-09-08_15,35,none,,yannihorne,docling_rapidocr,qwen,7,0,0,0,7,0.0,0.0,0.0,0,,,,,10.127605424,1
ojo_2020-09-08_15,36,none,,adaptive_gaussian,docling_easyocr,qwen,7,0,0,0,7,0.0,0.0,0.0,0,,,,,35.346101985,1
ojo_2020-09-08_15,36,none,,adaptive_gaussian,docling_rapidocr,qwen,7,0,0,0,7,0.0,0.0,0.0,0,,,,,10.5209267,1
ojo_2020-09-08_15,36,none,,adaptive_mean,docling_easyocr,qwen,7,0,0,0,7,0.0,0.0,0.0,0,,,,,39.458360181,1
ojo_2020-09-08_15,36,none,,adaptive_mean,docling_rapidocr,qwen,7,0,0,0,7,0.0,0.0,0.0,0,,,,,10.623978362,1
ojo_2020-09-08_15,36,none,,basic,docling_easyocr,qwen,7,0,0,0,7,0.0,0.0,0.0,0,,,,,42.868449291,1
ojo_2020-09-08_15,36,none,,basic,docling_rapidocr,qwen,7,0,0,0,7,0.0,0.0,0.0,0,,,,,18.610264858,1
ojo_2020-09-08_15,36,none,,niblack,docling_easyocr,qwen,7,0,0,0,7,0.0,0.0,0.0,0,,,,,38.975531221,1
ojo_2020-09-08_15,36,none,,niblack,docling_rapidocr,qwen,7,0,0,0,7,0.0,0.0,0.0,0,,,,,10.038526893,1
ojo_2020-09-08_15,36,none,,none_color,docling_easyocr,qwen,7,0,0,0,7,0.0,0.0,0.0,0,,,,,43.771468004,1
ojo_2020-09-08_15,36,none,,none_color,docling_rapidocr,qwen,7,3,0,3,7,0.0,0.0,0.0,3,0.20992504132039014,0.5740740740740741,0.9617956064947469,0.9944444444444445,18.637992223,0
ojo_2020-09-08_15,36,none,,none_grayscale,docling_easyocr,qwen,7,0,0,0,7,0.0,0.0,0.0,0,,,,,43.287775596,1
ojo_2020-09-08_15,36,none,,none_grayscale,docling_rapidocr,qwen,7,5,0,5,7,0.0,0.0,0.0,5,0.2854316261293005,0.611111111111111,0.9552609863791333,0.9905597964376589,19.748888334,0
ojo_2020-09-08_15,36,none,,otsu,docling_easyocr,qwen,7,0,0,0,7,0.0,0.0,0.0,0,,,,,44.368871364,1
ojo_2020-09-08_15,36,none,,otsu,docling_rapidocr,qwen,7,0,0,0,7,0.0,0.0,0.0,0,,,,,13.514901075,1
ojo_2020-09-08_15,37,none,,adaptive_gaussian,docling_easyocr,qwen,7,0,0,0,7,0.0,0.0,0.0,0,,,,,34.232608926,1
ojo_2020-09-08_15,37,none,,adaptive_gaussian,docling_rapidocr,qwen,7,0,0,0,7,0.0,0.0,0.0,0,,,,,10.156903398,1
ojo_2020-09-08_15,37,none,,adaptive_mean,docling_easyocr,qwen,7,0,0,0,7,0.0,0.0,0.0,0,,,,,35.686352861,1
ojo_2020-09-08_15,37,none,,adaptive_mean,docling_rapidocr,qwen,7,0,0,0,7,0.0,0.0,0.0,0,,,,,10.321682107,1
ojo_2020-09-08_15,37,none,,basic,docling_easyocr,qwen,7,0,0,0,7,0.0,0.0,0.0,0,,,,,69.005261169,1
ojo_2020-09-08_15,37,none,,basic,docling_rapidocr,qwen,7,0,0,0,7,0.0,0.0,0.0,0,,,,,19.7598276,1
ojo_2020-09-08_15,37,none,,niblack,docling_easyocr,qwen,7,0,0,0,7,0.0,0.0,0.0,0,,,,,38.814989997,1
ojo_2020-09-08_15,37,none,,niblack,docling_rapidocr,qwen,7,0,0,0,7,0.0,0.0,0.0,0,,,,,9.40345235,1
ojo_2020-09-08_15,37,none,,none_color,docling_easyocr,qwen,7,0,0,0,7,0.0,0.0,0.0,0,,,,,44.091678129,1
ojo_2020-09-08_15,37,none,,none_color,docling_rapidocr,qwen,7,3,0,3,7,0.0,0.0,0.0,3,1.0507970973087253,1.3333333333333333,0.9334213123724213,0.9873522458628842,17.868418203,0
ojo_2020-09-08_15,37,none,,none_grayscale,docling_easyocr,qwen,7,0,0,0,7,0.0,0.0,0.0,0,,,,,43.442071185,1
ojo_2020-09-08_15,37,none,,none_grayscale,docling_rapidocr,qwen,7,4,0,4,7,0.0,0.0,0.0,4,0.5460489559326769,0.75,0.9866171227737323,0.9878498727735369,16.590267167,0
ojo_2020-09-08_15,37,none,,otsu,docling_easyocr,qwen,7,0,0,0,7,0.0,0.0,0.0,0,,,,,68.321923821,1
ojo_2020-09-08_15,37,none,,otsu,docling_rapidocr,qwen,7,0,0,0,7,0.0,0.0,0.0,0,,,,,18.878507941,1
ojo_2020-09-08_15,38,none,,adaptive_gaussian,docling_easyocr,qwen,7,0,0,0,7,0.0,0.0,0.0,0,,,,,40.101779383,1
ojo_2020-09-08_15,38,none,,adaptive_gaussian,docling_rapidocr,qwen,7,0,0,0,7,0.0,0.0,0.0,0,,,,,9.546467942,1
ojo_2020-09-08_15,38,none,,adaptive_mean,docling_easyocr,qwen,7,0,0,0,7,0.0,0.0,0.0,0,,,,,41.069413346,1
ojo_2020-09-08_15,38,none,,adaptive_mean,docling_rapidocr,qwen,7,0,0,0,7,0.0,0.0,0.0,0,,,,,10.375051182,1
ojo_2020-09-08_15,38,none,,basic,docling_easyocr,qwen,7,0,0,0,7,0.0,0.0,0.0,0,,,,,41.126262442,1
ojo_2020-09-08_15,38,none,,basic,docling_rapidocr,qwen,7,2,0,2,7,0.0,0.0,0.0,2,0.40711462450592883,0.7222222222222222,1.0,1.0,15.779342429,0
ojo_2020-09-08_15,38,none,,niblack,docling_easyocr,qwen,7,0,0,0,7,0.0,0.0,0.0,0,,,,,34.70485726,1
ojo_2020-09-08_15,38,none,,niblack,docling_rapidocr,qwen,7,0,0,0,7,0.0,0.0,0.0,0,,,,,10.149908454,1
ojo_2020-09-08_15,38,none,,none_color,docling_easyocr,qwen,7,0,0,0,7,0.0,0.0,0.0,0,,,,,38.41263868,1
ojo_2020-09-08_15,38,none,,none_color,docling_rapidocr,qwen,7,5,0,5,7,0.0,0.0,0.0,5,0.9168898975269046,1.1444444444444444,0.8965217143814291,0.9570244429023056,20.258876339,0
ojo_2020-09-08_15,38,none,,none_grayscale,docling_easyocr,qwen,7,0,0,0,7,0.0,0.0,0.0,0,,,,,43.81882693,1
ojo_2020-09-08_15,38,none,,none_grayscale,docling_rapidocr,qwen,7,5,0,5,7,0.0,0.0,0.0,5,0.9168898975269046,1.1444444444444444,0.8965217143814291,0.9570244429023056,20.211114899,0
ojo_2020-09-08_15,38,none,,otsu,docling_easyocr,qwen,7,0,0,0,7,0.0,0.0,0.0,0,,,,,43.403361575,1
ojo_2020-09-08_15,38,none,,otsu,docling_rapidocr,qwen,7,0,0,0,7,0.0,0.0,0.0,0,,,,,9.912016884,1
ojo_2020-09-08_15,39,none,,adaptive_gaussian,docling_easyocr,qwen,7,0,0,0,7,0.0,0.0,0.0,0,,,,,48.475722666,1
ojo_2020-09-08_15,39,none,,adaptive_gaussian,docling_rapidocr,qwen,7,0,0,0,7,0.0,0.0,0.0,0,,,,,16.923125382,1
ojo_2020-09-08_15,39,none,,adaptive_mean,docling_easyocr,qwen,7,0,0,0,7,0.0,0.0,0.0,0,,,,,47.889772292,1
ojo_2020-09-08_15,39,none,,adaptive_mean,docling_rapidocr,qwen,7,0,0,0,7,0.0,0.0,0.0,0,,,,,16.680082913,1
ojo_2020-09-08_15,39,none,,basic,docling_easyocr,qwen,7,0,0,0,7,0.0,0.0,0.0,0,,,,,80.480540961,1
ojo_2020-09-08_15,39,none,,basic,docling_rapidocr,qwen,7,1,1,0,6,1.0,0.142857,0.25,1,0.13953488372093023,0.6666666666666666,0.47564469914040114,0.9666666666666667,26.158437222,0
ojo_2020-09-08_15,39,none,,niblack,docling_easyocr,qwen,7,0,0,0,7,0.0,0.0,0.0,0,,,,,46.231501351,1
ojo_2020-09-08_15,39,none,,niblack,docling_rapidocr,qwen,7,0,0,0,7,0.0,0.0,0.0,0,,,,,16.179133425,1
ojo_2020-09-08_15,39,none,,none_color,docling_easyocr,qwen,7,4,0,4,7,0.0,0.0,0.0,3,0.6932863095653793,0.9629629629629629,0.9617956064947469,0.9944444444444445,77.213928431,0
ojo_2020-09-08_15,39,none,,none_color,docling_rapidocr,qwen,7,1,1,0,6,1.0,0.142857,0.25,1,0.8837209302325582,1.0,0.1318051575931232,0.18333333333333332,26.120031565,0
ojo_2020-09-08_15,39,none,,none_grayscale,docling_easyocr,qwen,7,4,0,4,7,0.0,0.0,0.0,4,0.6904192776285799,0.9722222222222222,0.9713467048710602,0.9958333333333333,70.135112256,0
ojo_2020-09-08_15,39,none,,none_grayscale,docling_rapidocr,qwen,7,0,0,0,7,0.0,0.0,0.0,0,,,,,24.798695534,6
ojo_2020-09-08_15,39,none,,otsu,docling_easyocr,qwen,7,0,0,0,7,0.0,0.0,0.0,0,,,,,72.176276488,1
ojo_2020-09-08_15,39,none,,otsu,docling_rapidocr,qwen,7,1,0,1,7,0.0,0.0,0.0,1,1.2093023255813953,1.2222222222222223,0.9312320916905444,0.9833333333333333,26.826702876,0
ojo_2020-09-08_15,40,none,,adaptive_gaussian,docling_easyocr,qwen,7,0,0,0,7,0.0,0.0,0.0,0,,,,,49.409529021,1
ojo_2020-09-08_15,40,none,,adaptive_gaussian,docling_rapidocr,qwen,7,0,0,0,7,0.0,0.0,0.0,0,,,,,17.10381942,1
ojo_2020-09-08_15,40,none,,adaptive_mean,docling_easyocr,qwen,7,0,0,0,7,0.0,0.0,0.0,0,,,,,47.74452286,1
ojo_2020-09-08_15,40,none,,adaptive_mean,docling_rapidocr,qwen,7,0,0,0,7,0.0,0.0,0.0,0,,,,,16.657993367,1
ojo_2020-09-08_15,40,none,,basic,docling_easyocr,qwen,7,4,0,4,7,0.0,0.0,0.0,4,0.6011295386295386,0.75,0.9989823609226595,0.9980916030534351,70.715421105,0
ojo_2020-09-08_15,40,none,,basic,docling_rapidocr,qwen,7,4,3,1,4,0.75,0.428571,0.545455,4,0.671127522871709,0.8055555555555556,0.6079544525378925,0.7835471820691895,26.899022008,0
ojo_2020-09-08_15,40,none,,niblack,docling_easyocr,qwen,7,0,0,0,7,0.0,0.0,0.0,0,,,,,46.634876746,1
ojo_2020-09-08_15,40,none,,none_color,docling_easyocr,qwen,7,4,0,4,7,0.0,0.0,0.0,4,0.7097467446304655,0.9722222222222222,0.9713467048710602,0.9958333333333333,74.694106007,0
ojo_2020-09-08_15,40,none,,none_color,docling_rapidocr,qwen,7,0,0,0,7,0.0,0.0,0.0,0,,,,,26.74580803,6
ojo_2020-09-08_15,40,none,,none_grayscale,docling_easyocr,qwen,7,4,0,4,7,0.0,0.0,0.0,4,0.6904192776285799,0.9722222222222222,0.9713467048710602,0.9958333333333333,74.784321452,0
ojo_2020-09-08_15,40,none,,none_grayscale,docling_rapidocr,qwen,7,0,0,0,7,0.0,0.0,0.0,0,,,,,27.034219409,5
ojo_2020-09-08_15,40,none,,otsu,docling_easyocr,qwen,7,0,0,0,7,0.0,0.0,0.0,0,,,,,74.647811152,1
ojo_2020-09-08_15,40,none,,otsu,docling_rapidocr,qwen,7,0,0,0,7,0.0,0.0,0.0,0,,,,,25.860757329,4
ojo_2020-09-08_15,41,none,,adaptive_gaussian,docling_easyocr,qwen,7,0,0,0,7,0.0,0.0,0.0,0,,,,,47.915435467,1
ojo_2020-09-08_15,41,none,,adaptive_gaussian,docling_rapidocr,qwen,7,0,0,0,7,0.0,0.0,0.0,0,,,,,16.998742257,1
ojo_2020-09-08_15,41,none,,adaptive_mean,docling_easyocr,qwen,7,0,0,0,7,0.0,0.0,0.0,0,,,,,47.060322676,1
ojo_2020-09-08_15,41,none,,adaptive_mean,docling_rapidocr,qwen,7,0,0,0,7,0.0,0.0,0.0,0,,,,,16.849757348,1
ojo_2020-09-08_15,41,none,,basic,docling_easyocr,qwen,7,4,0,4,7,0.0,0.0,0.0,4,0.6278375707723534,0.8888888888888888,1.0,1.0,72.503532179,0
ojo_2020-09-08_15,41,none,,basic,docling_rapidocr,qwen,7,7,0,7,7,0.0,0.0,0.0,6,1.1725713557108906,1.6666666666666667,0.9406634527943183,1.0,26.800994166,0
ojo_2020-09-08_15,41,none,,niblack,docling_easyocr,qwen,7,0,0,0,7,0.0,0.0,0.0,0,,,,,46.146162009,1
ojo_2020-09-08_15,41,none,,niblack,docling_rapidocr,qwen,7,0,0,0,7,0.0,0.0,0.0,0,,,,,17.12840197,1
ojo_2020-09-08_15,41,none,,none_color,docling_easyocr,qwen,7,3,0,3,7,0.0,0.0,0.0,3,0.6390227436739065,0.9259259259259259,0.9617956064947469,0.9944444444444445,78.376808651,0
ojo_2020-09-08_15,41,none,,none_color,docling_rapidocr,qwen,7,0,0,0,7,0.0,0.0,0.0,0,,,,,27.306362399,5
ojo_2020-09-08_15,41,none,,none_grayscale,docling_easyocr,qwen,7,3,0,3,7,0.0,0.0,0.0,3,0.6390227436739065,0.9259259259259259,0.9617956064947469,0.9944444444444445,78.554526576,0
ojo_2020-09-08_15,41,none,,none_grayscale,docling_rapidocr,qwen,7,0,0,0,7,0.0,0.0,0.0,0,,,,,25.371286639,5
ojo_2020-09-08_15,41,none,,otsu,docling_easyocr,qwen,7,0,0,0,7,0.0,0.0,0.0,0,,,,,77.538225751,1
ojo_2020-09-08_15,41,none,,otsu,docling_rapidocr,qwen,7,0,0,0,7,0.0,0.0,0.0,0,,,,,27.663329463,4
ojo_2020-09-08_15,42,none,,adaptive_gaussian,docling_easyocr,qwen,7,0,0,0,7,0.0,0.0,0.0,0,,,,,39.927017703,1
ojo_2020-09-08_15,42,none,,adaptive_gaussian,docling_rapidocr,qwen,7,0,0,0,7,0.0,0.0,0.0,0,,,,,15.25637795,1
ojo_2020-09-08_15,42,none,,adaptive_mean,docling_easyocr,qwen,7,0,0,0,7,0.0,0.0,0.0,0,,,,,48.099403562,1
ojo_2020-09-08_15,42,none,,adaptive_mean,docling_rapidocr,qwen,7,0,0,0,7,0.0,0.0,0.0,0,,,,,18.098016681,1
ojo_2020-09-08_15,42,none,,basic,docling_easyocr,qwen,7,0,0,0,7,0.0,0.0,0.0,0,,,,,62.390876567,1
ojo_2020-09-08_15,42,none,,basic,docling_rapidocr,qwen,7,0,0,0,7,0.0,0.0,0.0,0,,,,,17.647087132,3
ojo_2020-09-08_15,42,none,,niblack,docling_easyocr,qwen,7,0,0,0,7,0.0,0.0,0.0,0,,,,,38.542723254,1
ojo_2020-09-08_15,42,none,,niblack,docling_rapidocr,qwen,7,0,0,0,7,0.0,0.0,0.0,0,,,,,9.151614264,1
ojo_2020-09-08_15,42,none,,none_color,docling_easyocr,qwen,7,0,0,0,7,0.0,0.0,0.0,0,,,,,67.21088556,1
ojo_2020-09-08_15,42,none,,none_color,docling_rapidocr,qwen,7,1,1,0,6,1.0,0.142857,0.25,1,1.2325581395348837,1.2222222222222223,0.3037249283667622,0.8333333333333334,19.655558145,0
ojo_2020-09-08_15,42,none,,none_grayscale,docling_easyocr,qwen,7,0,0,0,7,0.0,0.0,0.0,0,,,,,60.697055375,1
ojo_2020-09-08_15,42,none,,none_grayscale,docling_rapidocr,qwen,7,0,0,0,7,0.0,0.0,0.0,0,,,,,17.878517663,5
ojo_2020-09-08_15,42,none,,otsu,docling_easyocr,qwen,7,0,0,0,7,0.0,0.0,0.0,0,,,,,61.991291392,1
ojo_2020-09-08_15,42,none,,otsu,docling_rapidocr,qwen,7,1,0,1,7,0.0,0.0,0.0,1,0.6744186046511628,1.0,0.6819484240687679,0.9333333333333333,20.400535214,0
ojo_2020-09-08_15,43,none,,adaptive_gaussian,docling_easyocr,qwen,7,0,0,0,7,0.0,0.0,0.0,0,,,,,37.483138576,1
ojo_2020-09-08_15,43,none,,adaptive_gaussian,docling_rapidocr,qwen,7,0,0,0,7,0.0,0.0,0.0,0,,,,,10.681799664,1
ojo_2020-09-08_15,43,none,,adaptive_mean,docling_easyocr,qwen,7,0,0,0,7,0.0,0.0,0.0,0,,,,,43.214015737,1
ojo_2020-09-08_15,43,none,,adaptive_mean,docling_rapidocr,qwen,7,0,0,0,7,0.0,0.0,0.0,0,,,,,10.67503716,1
ojo_2020-09-08_15,43,none,,basic,docling_easyocr,qwen,7,0,0,0,7,0.0,0.0,0.0,0,,,,,63.448103774,1
ojo_2020-09-08_15,43,none,,basic,docling_rapidocr,qwen,7,1,0,1,7,0.0,0.0,0.0,1,0.7674418604651163,1.0,0.7363896848137536,0.9833333333333333,18.510758508,0
ojo_2020-09-08_15,43,none,,none_color,docling_easyocr,qwen,7,0,0,0,7,0.0,0.0,0.0,0,,,,,63.787857402,1
ojo_2020-09-08_15,43,none,,none_color,docling_rapidocr,qwen,7,0,0,0,7,0.0,0.0,0.0,0,,,,,19.237601388,5
ojo_2020-09-08_15,43,none,,none_grayscale,docling_easyocr,qwen,7,0,0,0,7,0.0,0.0,0.0,0,,,,,65.347160209,1
ojo_2020-09-08_15,43,none,,none_grayscale,docling_rapidocr,qwen,7,0,0,0,7,0.0,0.0,0.0,0,,,,,18.561451781,4
ojo_2020-09-08_15,43,none,,otsu,docling_easyocr,qwen,7,0,0,0,7,0.0,0.0,0.0,0,,,,,56.349053325,1
ojo_2020-09-08_15,43,none,,otsu,docling_rapidocr,qwen,7,0,0,0,7,0.0,0.0,0.0,0,,,,,15.914413394,5
ojo_2020-09-08_15,44,none,,adaptive_gaussian,docling_easyocr,qwen,7,0,0,0,7,0.0,0.0,0.0,0,,,,,44.490829555,1
ojo_2020-09-08_15,44,none,,adaptive_gaussian,docling_rapidocr,qwen,7,0,0,0,7,0.0,0.0,0.0,0,,,,,13.81485757,1
ojo_2020-09-08_15,44,none,,adaptive_mean,docling_easyocr,qwen,7,0,0,0,7,0.0,0.0,0.0,0,,,,,46.708726016,1
ojo_2020-09-08_15,44,none,,adaptive_mean,docling_rapidocr,qwen,7,0,0,0,7,0.0,0.0,0.0,0,,,,,15.780761567,1
ojo_2020-09-08_15,44,none,,basic,docling_easyocr,qwen,7,0,0,0,7,0.0,0.0,0.0,0,,,,,55.509701909,1
ojo_2020-09-08_15,44,none,,basic,docling_rapidocr,qwen,7,0,0,0,7,0.0,0.0,0.0,0,,,,,12.902323188,1
ojo_2020-09-08_15,44,none,,niblack,docling_easyocr,qwen,7,0,0,0,7,0.0,0.0,0.0,0,,,,,38.612442237,1
ojo_2020-09-08_15,44,none,,niblack,docling_rapidocr,qwen,7,0,0,0,7,0.0,0.0,0.0,0,,,,,9.258192759,1
ojo_2020-09-08_15,44,none,,none_color,docling_easyocr,qwen,7,0,0,0,7,0.0,0.0,0.0,0,,,,,71.690493764,1
ojo_2020-09-08_15,44,none,,none_color,docling_rapidocr,qwen,7,5,0,5,7,0.0,0.0,0.0,5,0.8543816129761529,0.8444444444444444,1.0154502177199196,1.0693939393939393,17.068123044,0
ojo_2020-09-08_15,44,none,,none_grayscale,docling_easyocr,qwen,7,0,0,0,7,0.0,0.0,0.0,0,,,,,71.854778232,1
ojo_2020-09-08_15,44,none,,none_grayscale,docling_rapidocr,qwen,7,5,0,5,7,0.0,0.0,0.0,5,0.8543816129761529,0.8444444444444444,1.0154502177199196,1.0693939393939393,19.183440627,0
ojo_2020-09-08_15,44,none,,otsu,docling_easyocr,qwen,7,2,0,2,7,0.0,0.0,0.0,1,0.8108108108108109,1.0,1.0,1.0,66.897189321,0
ojo_2020-09-08_15,44,none,,otsu,docling_rapidocr,qwen,7,1,0,1,7,0.0,0.0,0.0,1,0.6744186046511628,1.0,0.6819484240687679,0.95,17.356682004,0
ojo_2020-09-08_15,45,none,,adaptive_gaussian,docling_easyocr,qwen,7,0,0,0,7,0.0,0.0,0.0,0,,,,,37.061326049,1
ojo_2020-09-08_15,45,none,,adaptive_gaussian,docling_rapidocr,qwen,7,0,0,0,7,0.0,0.0,0.0,0,,,,,10.891286157,1
ojo_2020-09-08_15,45,none,,adaptive_mean,docling_easyocr,qwen,7,0,0,0,7,0.0,0.0,0.0,0,,,,,40.986059211,1
ojo_2020-09-08_15,45,none,,adaptive_mean,docling_rapidocr,qwen,7,0,0,0,7,0.0,0.0,0.0,0,,,,,9.722900413,1
ojo_2020-09-08_15,45,none,,basic,docling_easyocr,qwen,7,0,0,0,7,0.0,0.0,0.0,0,,,,,38.591946002,1
ojo_2020-09-08_15,45,none,,basic,docling_rapidocr,qwen,7,0,0,0,7,0.0,0.0,0.0,0,,,,,10.00309908,1
ojo_2020-09-08_15,45,none,,niblack,docling_easyocr,qwen,7,0,0,0,7,0.0,0.0,0.0,0,,,,,38.724830783,1
ojo_2020-09-08_15,45,none,,none_color,docling_easyocr,qwen,7,0,0,0,7,0.0,0.0,0.0,0,,,,,40.36900508,1
ojo_2020-09-08_15,45,none,,none_grayscale,docling_easyocr,qwen,7,0,0,0,7,0.0,0.0,0.0,0,,,,,39.80797803,1
ojo_2020-09-08_15,45,none,,otsu,docling_easyocr,qwen,7,0,0,0,7,0.0,0.0,0.0,0,,,,,34.489857668,1
ojo_2020-09-08_15,45,none,,otsu,docling_rapidocr,qwen,7,0,0,0,7,0.0,0.0,0.0,0,,,,,9.798060889,1
ojo_2020-09-08_15,46,none,,adaptive_gaussian,docling_easyocr,qwen,7,0,0,0,7,0.0,0.0,0.0,0,,,,,40.292081973,1
ojo_2020-09-08_15,46,none,,adaptive_gaussian,docling_rapidocr,qwen,7,0,0,0,7,0.0,0.0,0.0,0,,,,,9.674055478,1
ojo_2020-09-08_15,46,none,,basic,docling_easyocr,qwen,7,0,0,0,7,0.0,0.0,0.0,0,,,,,38.715816493,1
ojo_2020-09-08_15,46,none,,basic,docling_rapidocr,qwen,7,0,0,0,7,0.0,0.0,0.0,0,,,,,10.211028571,1
ojo_2020-09-08_15,46,none,,otsu,docling_easyocr,qwen,7,0,0,0,7,0.0,0.0,0.0,0,,,,,38.729618782,1
ojo_2020-09-08_15,46,none,,otsu,docling_rapidocr,qwen,7,0,0,0,7,0.0,0.0,0.0,0,,,,,9.945474619,1
ojo_2020-09-08_15,46,none,,yannihorne,docling_easyocr,qwen,7,0,0,0,7,0.0,0.0,0.0,0,,,,,38.528687472,1
ojo_2020-09-08_15,46,none,,yannihorne,docling_rapidocr,qwen,7,0,0,0,7,0.0,0.0,0.0,0,,,,,10.591937537,1
ojo_2020-09-08_15,47,none,,adaptive_gaussian,docling_easyocr,qwen,7,0,0,0,7,0.0,0.0,0.0,0,,,,,40.489403698,1
ojo_2020-09-08_15,47,none,,adaptive_gaussian,docling_rapidocr,qwen,7,0,0,0,7,0.0,0.0,0.0,0,,,,,10.575020287,1
ojo_2020-09-08_15,47,none,,adaptive_mean,docling_easyocr,qwen,7,0,0,0,7,0.0,0.0,0.0,0,,,,,40.534849617,1
ojo_2020-09-08_15,47,none,,adaptive_mean,docling_rapidocr,qwen,7,0,0,0,7,0.0,0.0,0.0,0,,,,,9.234594557,1
ojo_2020-09-08_15,47,none,,basic,docling_easyocr,qwen,7,0,0,0,7,0.0,0.0,0.0,0,,,,,38.837823935,1
ojo_2020-09-08_15,47,none,,basic,docling_rapidocr,qwen,7,0,0,0,7,0.0,0.0,0.0,0,,,,,10.025725432,1
ojo_2020-09-08_15,47,none,,niblack,docling_easyocr,qwen,7,0,0,0,7,0.0,0.0,0.0,0,,,,,39.830039298,1
ojo_2020-09-08_15,47,none,,none_color,docling_easyocr,qwen,7,0,0,0,7,0.0,0.0,0.0,0,,,,,39.609572478,1
ojo_2020-09-08_15,47,none,,none_grayscale,docling_easyocr,qwen,7,0,0,0,7,0.0,0.0,0.0,0,,,,,41.035750218,1
ojo_2020-09-08_15,47,none,,otsu,docling_easyocr,qwen,7,0,0,0,7,0.0,0.0,0.0,0,,,,,38.545416184,1
ojo_2020-09-08_15,47,none,,otsu,docling_rapidocr,qwen,7,0,0,0,7,0.0,0.0,0.0,0,,,,,9.825506754,1
ojo_2020-09-08_15,48,none,,adaptive_gaussian,docling_easyocr,qwen,7,0,0,0,7,0.0,0.0,0.0,0,,,,,59.164938271,1
ojo_2020-09-08_15,48,none,,adaptive_gaussian,docling_rapidocr,qwen,7,0,0,0,7,0.0,0.0,0.0,0,,,,,31.866592228,1
ojo_2020-09-08_15,48,none,,adaptive_mean,docling_easyocr,qwen,7,0,0,0,7,0.0,0.0,0.0,0,,,,,61.810273468,1
ojo_2020-09-08_15,48,none,,adaptive_mean,docling_rapidocr,qwen,7,0,0,0,7,0.0,0.0,0.0,0,,,,,32.186272919,1
ojo_2020-09-08_15,48,none,,basic,docling_easyocr,qwen,7,0,0,0,7,0.0,0.0,0.0,0,,,,,63.796268855,1
ojo_2020-09-08_15,48,none,,basic,docling_rapidocr,qwen,7,0,0,0,7,0.0,0.0,0.0,0,,,,,33.583672438,1
ojo_2020-09-08_15,48,none,,niblack,docling_easyocr,qwen,7,0,0,0,7,0.0,0.0,0.0,0,,,,,55.327239872,1
ojo_2020-09-08_15,48,none,,niblack,docling_rapidocr,qwen,7,0,0,0,7,0.0,0.0,0.0,0,,,,,31.363092305,1
ojo_2020-09-08_15,48,none,,none_color,docling_easyocr,qwen,7,0,0,0,7,0.0,0.0,0.0,0,,,,,62.297831688,1
ojo_2020-09-08_15,48,none,,none_color,docling_rapidocr,qwen,7,4,0,4,7,0.0,0.0,0.0,4,0.7292618993200388,1.0,0.9713467048710602,0.9958333333333333,39.965620194,0
ojo_2020-09-08_15,48,none,,none_grayscale,docling_easyocr,qwen,7,0,0,0,7,0.0,0.0,0.0,0,,,,,58.837786828,1
ojo_2020-09-08_15,48,none,,none_grayscale,docling_rapidocr,qwen,7,4,0,4,7,0.0,0.0,0.0,4,0.7292618993200388,1.0,0.9713467048710602,0.9958333333333333,40.836393509,0
ojo_2020-09-08_15,48,none,,otsu,docling_easyocr,qwen,7,0,0,0,7,0.0,0.0,0.0,0,,,,,67.037876044,1
ojo_2020-09-08_15,48,none,,otsu,docling_rapidocr,qwen,7,0,0,0,7,0.0,0.0,0.0,0,,,,,31.891048346,1
ojo_2020-09-08_15,49,none,,adaptive_gaussian,docling_easyocr,qwen,7,0,0,0,7,0.0,0.0,0.0,0,,,,,62.393947293,1
ojo_2020-09-08_15,49,none,,adaptive_gaussian,docling_rapidocr,qwen,7,0,0,0,7,0.0,0.0,0.0,0,,,,,31.828073908,1
ojo_2020-09-08_15,49,none,,adaptive_mean,docling_easyocr,qwen,7,0,0,0,7,0.0,0.0,0.0,0,,,,,57.469271113,1
ojo_2020-09-08_15,49,none,,adaptive_mean,docling_rapidocr,qwen,7,0,0,0,7,0.0,0.0,0.0,0,,,,,31.915141751,1
ojo_2020-09-08_15,49,none,,basic,docling_easyocr,qwen,7,0,0,0,7,0.0,0.0,0.0,0,,,,,84.011423373,1
ojo_2020-09-08_15,49,none,,basic,docling_rapidocr,qwen,7,0,0,0,7,0.0,0.0,0.0,0,,,,,40.72798016,1
ojo_2020-09-08_15,49,none,,niblack,docling_easyocr,qwen,7,0,0,0,7,0.0,0.0,0.0,0,,,,,60.597566357,1
ojo_2020-09-08_15,49,none,,niblack,docling_rapidocr,qwen,7,0,0,0,7,0.0,0.0,0.0,0,,,,,31.313728085,1
ojo_2020-09-08_15,49,none,,none_color,docling_easyocr,qwen,7,0,0,0,7,0.0,0.0,0.0,0,,,,,62.654626393,1
ojo_2020-09-08_15,49,none,,none_color,docling_rapidocr,qwen,7,5,0,5,7,0.0,0.0,0.0,5,0.6471919064942321,0.8222222222222222,0.97631086363096,0.9957446808510639,39.207360053,0
ojo_2020-09-08_15,49,none,,none_grayscale,docling_easyocr,qwen,7,0,0,0,7,0.0,0.0,0.0,0,,,,,63.007404828,1
ojo_2020-09-08_15,49,none,,none_grayscale,docling_rapidocr,qwen,7,5,0,5,7,0.0,0.0,0.0,5,0.6471919064942321,0.8222222222222222,0.97631086363096,0.9957446808510639,40.755817437,0
ojo_2020-09-08_15,49,none,,otsu,docling_easyocr,qwen,7,0,0,0,7,0.0,0.0,0.0,0,,,,,76.79132417,1
ojo_2020-09-08_15,49,none,,otsu,docling_rapidocr,qwen,7,0,0,0,7,0.0,0.0,0.0,0,,,,,40.837660821,1
ojo_2020-09-08_15,50,none,,adaptive_gaussian,docling_easyocr,qwen,7,0,0,0,7,0.0,0.0,0.0,0,,,,,62.812305435,1
ojo_2020-09-08_15,50,none,,adaptive_gaussian,docling_rapidocr,qwen,7,0,0,0,7,0.0,0.0,0.0,0,,,,,31.83304189,1
ojo_2020-09-08_15,50,none,,adaptive_mean,docling_easyocr,qwen,7,0,0,0,7,0.0,0.0,0.0,0,,,,,62.461446031,1
ojo_2020-09-08_15,50,none,,adaptive_mean,docling_rapidocr,qwen,7,0,0,0,7,0.0,0.0,0.0,0,,,,,31.909947618,1
ojo_2020-09-08_15,50,none,,basic,docling_easyocr,qwen,7,0,0,0,7,0.0,0.0,0.0,0,,,,,63.672959882,1
ojo_2020-09-08_15,50,none,,basic,docling_rapidocr,qwen,7,0,0,0,7,0.0,0.0,0.0,0,,,,,32.411594707,1
ojo_2020-09-08_15,50,none,,niblack,docling_easyocr,qwen,7,0,0,0,7,0.0,0.0,0.0,0,,,,,60.625256894,1
ojo_2020-09-08_15,50,none,,niblack,docling_rapidocr,qwen,7,0,0,0,7,0.0,0.0,0.0,0,,,,,31.386649249,1
ojo_2020-09-08_15,50,none,,none_color,docling_easyocr,qwen,7,0,0,0,7,0.0,0.0,0.0,0,,,,,63.574164468,1
ojo_2020-09-08_15,50,none,,none_color,docling_rapidocr,qwen,7,6,0,6,7,0.0,0.0,0.0,5,0.5934660876521342,0.8,0.9717669889777408,0.9923664122137404,42.001420814,0
ojo_2020-09-08_15,50,none,,none_grayscale,docling_easyocr,qwen,7,0,0,0,7,0.0,0.0,0.0,0,,,,,63.957433778,1
ojo_2020-09-08_15,50,none,,none_grayscale,docling_rapidocr,qwen,7,6,0,6,7,0.0,0.0,0.0,5,0.5934660876521342,0.8,0.9717669889777408,0.9923664122137404,40.711716014,0
ojo_2020-09-08_15,50,none,,otsu,docling_easyocr,qwen,7,0,0,0,7,0.0,0.0,0.0,0,,,,,60.058883506,1
ojo_2020-09-08_15,50,none,,otsu,docling_rapidocr,qwen,7,0,0,0,7,0.0,0.0,0.0,0,,,,,31.29023822,1
ojo_2020-09-08_15,51,none,,adaptive_gaussian,docling_easyocr,qwen,7,0,0,0,7,0.0,0.0,0.0,0,,,,,42.207889324,1
ojo_2020-09-08_15,51,none,,adaptive_gaussian,docling_rapidocr,qwen,7,0,0,0,7,0.0,0.0,0.0,0,,,,,10.142296319,1
ojo_2020-09-08_15,51,none,,adaptive_mean,docling_easyocr,qwen,7,0,0,0,7,0.0,0.0,0.0,0,,,,,41.455034665,1
ojo_2020-09-08_15,51,none,,adaptive_mean,docling_rapidocr,qwen,7,0,0,0,7,0.0,0.0,0.0,0,,,,,10.420680932,1
ojo_2020-09-08_15,51,none,,basic,docling_easyocr,qwen,7,4,0,4,7,0.0,0.0,0.0,4,0.6465840840840841,0.875,0.9989823609226595,0.9980916030534351,70.2019892,0
ojo_2020-09-08_15,51,none,,basic,docling_rapidocr,qwen,7,4,2,2,5,0.5,0.285714,0.363636,4,0.881615184446327,1.0833333333333333,0.7525917750924539,1.2119940266724414,19.971676614,0
ojo_2020-09-08_15,51,none,,niblack,docling_easyocr,qwen,7,0,0,0,7,0.0,0.0,0.0,0,,,,,39.529516048,1
ojo_2020-09-08_15,51,none,,none_color,docling_easyocr,qwen,7,4,0,4,7,0.0,0.0,0.0,4,0.696233231116952,0.9722222222222222,0.9713467048710602,0.9958333333333333,68.208102014,0
ojo_2020-09-08_15,51,none,,none_color,docling_rapidocr,qwen,7,0,0,0,7,0.0,0.0,0.0,0,,,,,20.222141769,6
ojo_2020-09-08_15,51,none,,none_grayscale,docling_easyocr,qwen,7,5,0,5,7,0.0,0.0,0.0,5,0.5523354221028639,0.7777777777777778,1.0,1.0,60.023523834,0
ojo_2020-09-08_15,51,none,,none_grayscale,docling_rapidocr,qwen,7,0,0,0,7,0.0,0.0,0.0,0,,,,,19.396085288,5
ojo_2020-09-08_15,51,none,,otsu,docling_easyocr,qwen,7,0,0,0,7,0.0,0.0,0.0,0,,,,,67.289730647,1
ojo_2020-09-08_15,51,none,,otsu,docling_rapidocr,qwen,7,0,0,0,7,0.0,0.0,0.0,0,,,,,18.986637929,4
ojo_2020-09-08_15,52,none,,adaptive_gaussian,docling_easyocr,qwen,7,0,0,0,7,0.0,0.0,0.0,0,,,,,42.314860587,1
ojo_2020-09-08_15,52,none,,adaptive_gaussian,docling_rapidocr,qwen,7,0,0,0,7,0.0,0.0,0.0,0,,,,,11.249580865,1
ojo_2020-09-08_15,52,none,,adaptive_mean,docling_easyocr,qwen,7,0,0,0,7,0.0,0.0,0.0,0,,,,,40.933640962,1
ojo_2020-09-08_15,52,none,,adaptive_mean,docling_rapidocr,qwen,7,0,0,0,7,0.0,0.0,0.0,0,,,,,8.396274095,1
ojo_2020-09-08_15,52,none,,basic,docling_easyocr,qwen,7,0,0,0,7,0.0,0.0,0.0,0,,,,,70.527284959,1
ojo_2020-09-08_15,52,none,,basic,docling_rapidocr,qwen,7,0,0,0,7,0.0,0.0,0.0,0,,,,,19.44510732,5
ojo_2020-09-08_15,52,none,,none_color,docling_easyocr,qwen,7,5,0,5,7,0.0,0.0,0.0,5,0.6734770711514898,0.8444444444444444,0.9871478024937186,0.9897735188493675,66.753815273,0
ojo_2020-09-08_15,52,none,,none_color,docling_rapidocr,qwen,7,1,0,1,7,0.0,0.0,0.0,1,1.186046511627907,1.1111111111111112,1.0,1.0,21.515996078,0
ojo_2020-09-08_15,52,none,,none_grayscale,docling_easyocr,qwen,7,5,0,5,7,0.0,0.0,0.0,5,0.6688259083607921,0.8444444444444444,0.9954639831683899,0.9984732824427482,65.871897081,0
ojo_2020-09-08_15,52,none,,none_grayscale,docling_rapidocr,qwen,7,1,0,1,7,0.0,0.0,0.0,1,1.2826086956521738,1.3333333333333333,0.7354138398914518,0.9923664122137404,21.400958637,0
ojo_2020-09-08_15,52,none,,otsu,docling_easyocr,qwen,7,5,0,5,7,0.0,0.0,0.0,2,0.7935435435435436,1.0,1.0,1.0,67.272828988,0
ojo_2020-09-08_15,52,none,,otsu,docling_rapidocr,qwen,7,0,0,0,7,0.0,0.0,0.0,0,,,,,18.687493257,4
ojo_2020-09-08_15,53,none,,adaptive_gaussian,docling_easyocr,qwen,7,0,0,0,7,0.0,0.0,0.0,0,,,,,41.654628759,1
ojo_2020-09-08_15,53,none,,adaptive_gaussian,docling_rapidocr,qwen,7,0,0,0,7,0.0,0.0,0.0,0,,,,,9.620775228,1
ojo_2020-09-08_15,53,none,,adaptive_mean,docling_easyocr,qwen,7,0,0,0,7,0.0,0.0,0.0,0,,,,,38.472263818,1
ojo_2020-09-08_15,53,none,,adaptive_mean,docling_rapidocr,qwen,7,0,0,0,7,0.0,0.0,0.0,0,,,,,9.819679265,1
ojo_2020-09-08_15,53,none,,basic,docling_easyocr,qwen,7,4,0,4,7,0.0,0.0,0.0,4,0.7076849576849578,0.9583333333333334,0.9476816058818023,0.9868108566581849,72.981976608,0
ojo_2020-09-08_15,53,none,,basic,docling_rapidocr,qwen,7,0,0,0,7,0.0,0.0,0.0,0,,,,,20.669840196,5
ojo_2020-09-08_15,53,none,,none_color,docling_easyocr,qwen,7,5,0,5,7,0.0,0.0,0.0,4,0.5675334425334425,0.75,1.0,1.0,69.352708915,0
ojo_2020-09-08_15,53,none,,none_color,docling_rapidocr,qwen,7,6,4,2,3,0.666667,0.571429,0.615385,6,0.4938770694584648,0.7314814814814815,0.5990826764142314,0.7392959235025297,17.098338226,0
ojo_2020-09-08_15,53,none,,none_grayscale,docling_easyocr,qwen,7,5,0,5,7,0.0,0.0,0.0,4,0.5675334425334425,0.75,1.0,1.0,69.186014989,0
ojo_2020-09-08_15,53,none,,none_grayscale,docling_rapidocr,qwen,7,6,4,2,3,0.666667,0.571429,0.615385,6,0.4938770694584648,0.7314814814814815,0.5982770988133849,0.7343199551677828,20.823054174,0
ojo_2020-09-08_15,53,none,,otsu,docling_easyocr,qwen,7,2,0,2,7,0.0,0.0,0.0,2,0.41545893719806765,0.6111111111111112,0.9533166073577226,0.9847328244274809,68.00738526,0
ojo_2020-09-08_15,53,none,,otsu,docling_rapidocr,qwen,7,1,1,0,6,1.0,0.142857,0.25,1,1.255813953488372,1.3333333333333333,0.38968481375358166,0.6333333333333333,17.408138043,0
ojo_2022-04-06_2,0,none,,adaptive_gaussian,docling_easyocr,qwen,5,0,0,0,5,0.0,0.0,0.0,0,,,,,40.031689849,1
ojo_2022-04-06_2,0,none,,adaptive_gaussian,docling_rapidocr,qwen,5,0,0,0,5,0.0,0.0,0.0,0,,,,,9.822462048,1
ojo_2022-04-06_2,0,none,,adaptive_mean,docling_easyocr,qwen,5,0,0,0,5,0.0,0.0,0.0,0,,,,,41.083903756,1
ojo_2022-04-06_2,0,none,,adaptive_mean,docling_rapidocr,qwen,5,0,0,0,5,0.0,0.0,0.0,0,,,,,10.453622784,1
ojo_2022-04-06_2,0,none,,basic,docling_easyocr,qwen,5,0,0,0,5,0.0,0.0,0.0,0,,,,,40.403485596,1
ojo_2022-04-06_2,0,none,,basic,docling_rapidocr,qwen,5,4,0,4,5,0.0,0.0,0.0,4,0.8572629125260705,1.0,1.0,1.0,10.241356433,0
ojo_2022-04-06_2,0,none,,niblack,docling_easyocr,qwen,5,0,0,0,5,0.0,0.0,0.0,0,,,,,39.704704384,1
ojo_2022-04-06_2,0,none,,niblack,docling_rapidocr,qwen,5,0,0,0,5,0.0,0.0,0.0,0,,,,,10.079215865,1
ojo_2022-04-06_2,0,none,,none_color,docling_easyocr,qwen,5,0,0,0,5,0.0,0.0,0.0,0,,,,,69.219004929,1
ojo_2022-04-06_2,0,none,,none_color,docling_rapidocr,qwen,5,4,2,2,3,0.5,0.4,0.444444,4,2.352834008097166,1.505952380952381,0.5702673177109593,0.6817353513422062,20.181140959,0
ojo_2022-04-06_2,0,none,,none_grayscale,docling_easyocr,qwen,5,0,0,0,5,0.0,0.0,0.0,0,,,,,68.840402901,1
ojo_2022-04-06_2,0,none,,none_grayscale,docling_rapidocr,qwen,5,1,0,1,5,0.0,0.0,0.0,1,0.8421052631578947,1.0,1.5,1.6451612903225807,21.314666569,0
ojo_2022-04-06_2,0,none,,otsu,docling_easyocr,qwen,5,0,0,0,5,0.0,0.0,0.0,0,,,,,67.510480059,1
ojo_2022-04-06_2,0,none,,otsu,docling_rapidocr,qwen,5,4,2,2,3,0.5,0.4,0.444444,4,2.491943728785834,1.6666666666666665,0.7220708876629998,1.2231053556658396,19.567127122,0
ojo_2022-04-06_2,1,none,,adaptive_gaussian,docling_easyocr,qwen,5,0,0,0,5,0.0,0.0,0.0,0,,,,,40.482569495,1
ojo_2022-04-06_2,1,none,,adaptive_gaussian,docling_rapidocr,qwen,5,0,0,0,5,0.0,0.0,0.0,0,,,,,10.164748707,1
ojo_2022-04-06_2,1,none,,adaptive_mean,docling_easyocr,qwen,5,0,0,0,5,0.0,0.0,0.0,0,,,,,36.569970646,1
ojo_2022-04-06_2,1,none,,adaptive_mean,docling_rapidocr,qwen,5,0,0,0,5,0.0,0.0,0.0,0,,,,,11.022727528,1
ojo_2022-04-06_2,1,none,,basic,docling_easyocr,qwen,5,0,0,0,5,0.0,0.0,0.0,0,,,,,65.87457384,1
ojo_2022-04-06_2,1,none,,basic,docling_rapidocr,qwen,5,0,0,0,5,0.0,0.0,0.0,0,,,,,17.737761153,4
ojo_2022-04-06_2,1,none,,niblack,docling_easyocr,qwen,5,0,0,0,5,0.0,0.0,0.0,0,,,,,40.417650395,1
ojo_2022-04-06_2,1,none,,niblack,docling_rapidocr,qwen,5,0,0,0,5,0.0,0.0,0.0,0,,,,,9.674531394,1
ojo_2022-04-06_2,1,none,,none_color,docling_easyocr,qwen,5,3,0,3,5,0.0,0.0,0.0,3,0.9069125805967913,1.0,0.9775284595643877,1.0,66.823096169,0
ojo_2022-04-06_2,1,none,,none_color,docling_rapidocr,qwen,5,1,0,1,5,0.0,0.0,0.0,1,0.8421052631578947,1.0,1.0604395604395604,1.032258064516129,20.000134362,0
ojo_2022-04-06_2,1,none,,none_grayscale,docling_easyocr,qwen,5,0,0,0,5,0.0,0.0,0.0,0,,,,,66.398427857,1
ojo_2022-04-06_2,1,none,,none_grayscale,docling_rapidocr,qwen,5,0,0,0,5,0.0,0.0,0.0,0,,,,,18.918417348,1
ojo_2022-04-06_2,1,none,,otsu,docling_easyocr,qwen,5,0,0,0,5,0.0,0.0,0.0,0,,,,,66.902627196,1
ojo_2022-04-06_2,1,none,,otsu,docling_rapidocr,qwen,5,0,0,0,5,0.0,0.0,0.0,0,,,,,19.552640166,4
ojo_2022-04-06_2,2,none,,adaptive_gaussian,docling_easyocr,qwen,5,0,0,0,5,0.0,0.0,0.0,0,,,,,36.506579676,1
ojo_2022-04-06_2,2,none,,adaptive_gaussian,docling_rapidocr,qwen,5,0,0,0,5,0.0,0.0,0.0,0,,,,,10.774678746,1
ojo_2022-04-06_2,2,none,,adaptive_mean,docling_easyocr,qwen,5,0,0,0,5,0.0,0.0,0.0,0,,,,,36.903105536,1
ojo_2022-04-06_2,2,none,,adaptive_mean,docling_rapidocr,qwen,5,0,0,0,5,0.0,0.0,0.0,0,,,,,10.278183737,1
ojo_2022-04-06_2,2,none,,basic,docling_easyocr,qwen,5,0,0,0,5,0.0,0.0,0.0,0,,,,,40.952255858,1
ojo_2022-04-06_2,2,none,,basic,docling_rapidocr,qwen,5,0,0,0,5,0.0,0.0,0.0,0,,,,,10.173829926,1
ojo_2022-04-06_2,2,none,,niblack,docling_easyocr,qwen,5,0,0,0,5,0.0,0.0,0.0,0,,,,,39.266519003,1
ojo_2022-04-06_2,2,none,,niblack,docling_rapidocr,qwen,5,0,0,0,5,0.0,0.0,0.0,0,,,,,9.63420456,1
ojo_2022-04-06_2,2,none,,none_color,docling_easyocr,qwen,5,0,0,0,5,0.0,0.0,0.0,0,,,,,66.823163403,1
ojo_2022-04-06_2,2,none,,none_color,docling_rapidocr,qwen,5,0,0,0,5,0.0,0.0,0.0,0,,,,,20.067433966,1
ojo_2022-04-06_2,2,none,,none_grayscale,docling_easyocr,qwen,5,0,0,0,5,0.0,0.0,0.0,0,,,,,71.070743455,1
ojo_2022-04-06_2,2,none,,none_grayscale,docling_rapidocr,qwen,5,0,0,0,5,0.0,0.0,0.0,0,,,,,17.421288146,1
ojo_2022-04-06_2,2,none,,otsu,docling_easyocr,qwen,5,0,0,0,5,0.0,0.0,0.0,0,,,,,57.867636813,1
ojo_2022-04-06_2,2,none,,otsu,docling_rapidocr,qwen,5,2,0,2,5,0.0,0.0,0.0,2,0.8301435406698565,1.0,0.8763736263736264,1.0,19.576135291,0
ojo_2022-04-06_2,3,none,,adaptive_gaussian,docling_easyocr,qwen,5,0,0,0,5,0.0,0.0,0.0,0,,,,,39.410290684,1
ojo_2022-04-06_2,3,none,,adaptive_gaussian,docling_rapidocr,qwen,5,0,0,0,5,0.0,0.0,0.0,0,,,,,9.700519051,1
ojo_2022-04-06_2,3,none,,adaptive_mean,docling_easyocr,qwen,5,0,0,0,5,0.0,0.0,0.0,0,,,,,34.938398327,1
ojo_2022-04-06_2,3,none,,adaptive_mean,docling_rapidocr,qwen,5,0,0,0,5,0.0,0.0,0.0,0,,,,,9.474690165,1
ojo_2022-04-06_2,3,none,,basic,docling_easyocr,qwen,5,0,0,0,5,0.0,0.0,0.0,0,,,,,40.381029666,1
ojo_2022-04-06_2,3,none,,basic,docling_rapidocr,qwen,5,0,0,0,5,0.0,0.0,0.0,0,,,,,9.881418288,1
ojo_2022-04-06_2,3,none,,niblack,docling_easyocr,qwen,5,0,0,0,5,0.0,0.0,0.0,0,,,,,38.895270281,1
ojo_2022-04-06_2,3,none,,niblack,docling_rapidocr,qwen,5,0,0,0,5,0.0,0.0,0.0,0,,,,,9.188973837,1
ojo_2022-04-06_2,3,none,,none_color,docling_easyocr,qwen,5,0,0,0,5,0.0,0.0,0.0,0,,,,,41.952063143,1
ojo_2022-04-06_2,3,none,,none_color,docling_rapidocr,qwen,5,4,0,4,5,0.0,0.0,0.0,3,0.9026840605787974,1.0,1.0,1.0,15.832833111,0
ojo_2022-04-06_2,3,none,,none_grayscale,docling_easyocr,qwen,5,0,0,0,5,0.0,0.0,0.0,0,,,,,40.82210213,1
ojo_2022-04-06_2,3,none,,none_grayscale,docling_rapidocr,qwen,5,0,0,0,5,0.0,0.0,0.0,0,,,,,17.71720773,1
ojo_2022-04-06_2,3,none,,otsu,docling_easyocr,qwen,5,0,0,0,5,0.0,0.0,0.0,0,,,,,40.129466293,1
ojo_2022-04-06_2,3,none,,otsu,docling_rapidocr,qwen,5,0,0,0,5,0.0,0.0,0.0,0,,,,,9.947546957,1
ojo_2022-04-06_2,4,none,,adaptive_gaussian,docling_easyocr,qwen,5,0,0,0,5,0.0,0.0,0.0,0,,,,,39.697950506,1
ojo_2022-04-06_2,4,none,,adaptive_gaussian,docling_rapidocr,qwen,5,0,0,0,5,0.0,0.0,0.0,0,,,,,9.40494647,1
ojo_2022-04-06_2,4,none,,adaptive_mean,docling_easyocr,qwen,5,0,0,0,5,0.0,0.0,0.0,0,,,,,40.088957215,1
ojo_2022-04-06_2,4,none,,adaptive_mean,docling_rapidocr,qwen,5,0,0,0,5,0.0,0.0,0.0,0,,,,,9.943730021,1
ojo_2022-04-06_2,4,none,,basic,docling_easyocr,qwen,5,0,0,0,5,0.0,0.0,0.0,0,,,,,39.188132046,1
ojo_2022-04-06_2,4,none,,basic,docling_rapidocr,qwen,5,0,0,0,5,0.0,0.0,0.0,0,,,,,9.950611351,1
ojo_2022-04-06_2,4,none,,none_color,docling_easyocr,qwen,5,0,0,0,5,0.0,0.0,0.0,0,,,,,42.340800522,1
ojo_2022-04-06_2,4,none,,none_color,docling_rapidocr,qwen,5,0,0,0,5,0.0,0.0,0.0,0,,,,,19.434516428,4
ojo_2022-04-06_2,4,none,,none_grayscale,docling_easyocr,qwen,5,0,0,0,5,0.0,0.0,0.0,0,,,,,41.041595934,1
ojo_2022-04-06_2,4,none,,none_grayscale,docling_rapidocr,qwen,5,3,0,3,5,0.0,0.0,0.0,3,0.8534562902983955,0.9444444444444445,1.0905458342553065,1.4995088916459884,18.699919222,0
ojo_2022-04-06_2,4,none,,otsu,docling_easyocr,qwen,5,0,0,0,5,0.0,0.0,0.0,0,,,,,52.422991823,1
ojo_2022-04-06_2,4,none,,otsu,docling_rapidocr,qwen,5,0,0,0,5,0.0,0.0,0.0,0,,,,,19.874970507,1
ojo_2022-04-06_2,5,none,,adaptive_gaussian,docling_easyocr,qwen,5,0,0,0,5,0.0,0.0,0.0,0,,,,,39.964650774,1
ojo_2022-04-06_2,5,none,,adaptive_gaussian,docling_rapidocr,qwen,5,0,0,0,5,0.0,0.0,0.0,0,,,,,10.258927727,1
ojo_2022-04-06_2,5,none,,adaptive_mean,docling_easyocr,qwen,5,0,0,0,5,0.0,0.0,0.0,0,,,,,39.927653694,1
ojo_2022-04-06_2,5,none,,adaptive_mean,docling_rapidocr,qwen,5,0,0,0,5,0.0,0.0,0.0,0,,,,,11.206402207,1
ojo_2022-04-06_2,5,none,,basic,docling_easyocr,qwen,5,0,0,0,5,0.0,0.0,0.0,0,,,,,39.182406424,1
ojo_2022-04-06_2,5,none,,basic,docling_rapidocr,qwen,5,0,0,0,5,0.0,0.0,0.0,0,,,,,8.830737827,1
ojo_2022-04-06_2,5,none,,niblack,docling_easyocr,qwen,5,0,0,0,5,0.0,0.0,0.0,0,,,,,37.291766609,1
ojo_2022-04-06_2,5,none,,niblack,docling_rapidocr,qwen,5,0,0,0,5,0.0,0.0,0.0,0,,,,,9.8343794,1
ojo_2022-04-06_2,5,none,,none_color,docling_easyocr,qwen,5,0,0,0,5,0.0,0.0,0.0,0,,,,,41.313341854,1
ojo_2022-04-06_2,5,none,,none_color,docling_rapidocr,qwen,5,0,0,0,5,0.0,0.0,0.0,0,,,,,18.376217125,3
ojo_2022-04-06_2,5,none,,none_grayscale,docling_easyocr,qwen,5,0,0,0,5,0.0,0.0,0.0,0,,,,,35.992204188,1
ojo_2022-04-06_2,5,none,,none_grayscale,docling_rapidocr,qwen,5,0,0,0,5,0.0,0.0,0.0,0,,,,,17.741629837,3
ojo_2022-04-06_2,5,none,,otsu,docling_easyocr,qwen,5,0,0,0,5,0.0,0.0,0.0,0,,,,,41.521283386,1
ojo_2022-04-06_2,5,none,,otsu,docling_rapidocr,qwen,5,2,0,2,5,0.0,0.0,0.0,1,0.8484848484848485,1.0,1.0,1.0,14.990381716,0
ojo_2022-04-06_2,6,none,,adaptive_gaussian,docling_easyocr,qwen,5,0,0,0,5,0.0,0.0,0.0,0,,,,,39.450573515,1
ojo_2022-04-06_2,6,none,,adaptive_gaussian,docling_rapidocr,qwen,5,0,0,0,5,0.0,0.0,0.0,0,,,,,10.581307482,1
ojo_2022-04-06_2,6,none,,adaptive_mean,docling_easyocr,qwen,5,0,0,0,5,0.0,0.0,0.0,0,,,,,39.31828339,1
ojo_2022-04-06_2,6,none,,adaptive_mean,docling_rapidocr,qwen,5,0,0,0,5,0.0,0.0,0.0,0,,,,,9.560158323,1
ojo_2022-04-06_2,6,none,,basic,docling_easyocr,qwen,5,0,0,0,5,0.0,0.0,0.0,0,,,,,40.882308409,1
ojo_2022-04-06_2,6,none,,basic,docling_rapidocr,qwen,5,0,0,0,5,0.0,0.0,0.0,0,,,,,8.837167904,1
ojo_2022-04-06_2,6,none,,none_color,docling_easyocr,qwen,5,0,0,0,5,0.0,0.0,0.0,0,,,,,44.176936314,1
ojo_2022-04-06_2,6,none,,none_color,docling_rapidocr,qwen,5,4,0,4,5,0.0,0.0,0.0,3,0.8419553156395261,1.0,1.0,1.0,11.85052602,0
ojo_2022-04-06_2,6,none,,none_grayscale,docling_easyocr,qwen,5,0,0,0,5,0.0,0.0,0.0,0,,,,,40.197656319,1
ojo_2022-04-06_2,6,none,,none_grayscale,docling_rapidocr,qwen,5,5,0,5,5,0.0,0.0,0.0,4,0.8750562303193882,0.9583333333333334,1.249108950721892,1.4659819347319347,12.181117222,0
ojo_2022-04-06_2,6,none,,otsu,docling_easyocr,qwen,5,1,0,1,5,0.0,0.0,0.0,1,0.8787878787878788,1.0,1.0,1.0,41.278208016,0
ojo_2022-04-06_2,6,none,,otsu,docling_rapidocr,qwen,5,0,0,0,5,0.0,0.0,0.0,0,,,,,10.566623686,1
ojo_2022-04-06_2,7,none,,adaptive_gaussian,docling_easyocr,qwen,5,0,0,0,5,0.0,0.0,0.0,0,,,,,40.333286905,1
ojo_2022-04-06_2,7,none,,adaptive_gaussian,docling_rapidocr,qwen,5,0,0,0,5,0.0,0.0,0.0,0,,,,,10.803751373,1
ojo_2022-04-06_2,7,none,,adaptive_mean,docling_easyocr,qwen,5,0,0,0,5,0.0,0.0,0.0,0,,,,,39.2577981,1
ojo_2022-04-06_2,7,none,,adaptive_mean,docling_rapidocr,qwen,5,0,0,0,5,0.0,0.0,0.0,0,,,,,10.616536522,1
ojo_2022-04-06_2,7,none,,basic,docling_easyocr,qwen,5,0,0,0,5,0.0,0.0,0.0,0,,,,,38.508261917,1
ojo_2022-04-06_2,7,none,,basic,docling_rapidocr,qwen,5,0,0,0,5,0.0,0.0,0.0,0,,,,,11.457233904,1
ojo_2022-04-06_2,7,none,,niblack,docling_easyocr,qwen,5,0,0,0,5,0.0,0.0,0.0,0,,,,,35.087411608,1
ojo_2022-04-06_2,7,none,,niblack,docling_rapidocr,qwen,5,0,0,0,5,0.0,0.0,0.0,0,,,,,10.525119509,1
ojo_2022-04-06_2,7,none,,none_color,docling_easyocr,qwen,5,0,0,0,5,0.0,0.0,0.0,0,,,,,47.526196001,1
ojo_2022-04-06_2,7,none,,none_color,docling_rapidocr,qwen,5,0,0,0,5,0.0,0.0,0.0,0,,,,,18.179919956,4
ojo_2022-04-06_2,7,none,,none_grayscale,docling_easyocr,qwen,5,0,0,0,5,0.0,0.0,0.0,0,,,,,46.907421587,1
ojo_2022-04-06_2,7,none,,none_grayscale,docling_rapidocr,qwen,5,0,0,0,5,0.0,0.0,0.0,0,,,,,18.230227945,1
ojo_2022-04-06_2,7,none,,otsu,docling_easyocr,qwen,5,0,0,0,5,0.0,0.0,0.0,0,,,,,54.300402291,1
ojo_2022-04-06_2,7,none,,otsu,docling_rapidocr,qwen,5,0,0,0,5,0.0,0.0,0.0,0,,,,,17.103172667,1
ojo_2022-04-06_2,8,none,,adaptive_gaussian,docling_easyocr,qwen,5,0,0,0,5,0.0,0.0,0.0,0,,,,,39.609932383,1
ojo_2022-04-06_2,8,none,,adaptive_gaussian,docling_rapidocr,qwen,5,0,0,0,5,0.0,0.0,0.0,0,,,,,10.208092173,1
ojo_2022-04-06_2,8,none,,adaptive_mean,docling_easyocr,qwen,5,0,0,0,5,0.0,0.0,0.0,0,,,,,39.696194371,1
ojo_2022-04-06_2,8,none,,adaptive_mean,docling_rapidocr,qwen,5,0,0,0,5,0.0,0.0,0.0,0,,,,,10.275716265,1
ojo_2022-04-06_2,8,none,,basic,docling_easyocr,qwen,5,0,0,0,5,0.0,0.0,0.0,0,,,,,35.729903037,1
ojo_2022-04-06_2,8,none,,basic,docling_rapidocr,qwen,5,0,0,0,5,0.0,0.0,0.0,0,,,,,9.270732218,1
ojo_2022-04-06_2,8,none,,niblack,docling_easyocr,qwen,5,0,0,0,5,0.0,0.0,0.0,0,,,,,40.41456177,1
ojo_2022-04-06_2,8,none,,none_color,docling_easyocr,qwen,5,0,0,0,5,0.0,0.0,0.0,0,,,,,42.889981562,1
ojo_2022-04-06_2,8,none,,none_color,docling_rapidocr,qwen,5,3,0,3,5,0.0,0.0,0.0,3,0.8185934922777028,0.9444444444444445,1.0,1.0,10.558967644,0
ojo_2022-04-06_2,8,none,,none_grayscale,docling_easyocr,qwen,5,0,0,0,5,0.0,0.0,0.0,0,,,,,42.232814604,1
ojo_2022-04-06_2,8,none,,none_grayscale,docling_rapidocr,qwen,5,3,0,3,5,0.0,0.0,0.0,3,0.8185934922777028,0.9444444444444445,1.0,1.0,10.653187567,0
ojo_2022-04-06_2,8,none,,otsu,docling_easyocr,qwen,5,0,0,0,5,0.0,0.0,0.0,0,,,,,39.992584044,1
ojo_2022-04-06_2,8,none,,otsu,docling_rapidocr,qwen,5,0,0,0,5,0.0,0.0,0.0,0,,,,,8.42298823,1
ojo_2022-04-06_2,9,none,,adaptive_gaussian,docling_easyocr,qwen,5,0,0,0,5,0.0,0.0,0.0,0,,,,,40.575050719,1
ojo_2022-04-06_2,9,none,,adaptive_gaussian,docling_rapidocr,qwen,5,0,0,0,5,0.0,0.0,0.0,0,,,,,9.928078539,1
ojo_2022-04-06_2,9,none,,adaptive_mean,docling_easyocr,qwen,5,0,0,0,5,0.0,0.0,0.0,0,,,,,40.244689591,1
ojo_2022-04-06_2,9,none,,adaptive_mean,docling_rapidocr,qwen,5,0,0,0,5,0.0,0.0,0.0,0,,,,,8.959591992,1
ojo_2022-04-06_2,9,none,,basic,docling_easyocr,qwen,5,0,0,0,5,0.0,0.0,0.0,0,,,,,40.211500149,1
ojo_2022-04-06_2,9,none,,basic,docling_rapidocr,qwen,5,0,0,0,5,0.0,0.0,0.0,0,,,,,10.066309672,1
ojo_2022-04-06_2,9,none,,niblack,docling_easyocr,qwen,5,0,0,0,5,0.0,0.0,0.0,0,,,,,39.647768208,1
ojo_2022-04-06_2,9,none,,niblack,docling_rapidocr,qwen,5,0,0,0,5,0.0,0.0,0.0,0,,,,,9.963962981,1
ojo_2022-04-06_2,9,none,,none_color,docling_easyocr,qwen,5,0,0,0,5,0.0,0.0,0.0,0,,,,,43.32702921,1
ojo_2022-04-06_2,9,none,,none_color,docling_rapidocr,qwen,5,0,0,0,5,0.0,0.0,0.0,0,,,,,19.617662173,1
ojo_2022-04-06_2,9,none,,none_grayscale,docling_easyocr,qwen,5,0,0,0,5,0.0,0.0,0.0,0,,,,,42.542896491,1
ojo_2022-04-06_2,9,none,,none_grayscale,docling_rapidocr,qwen,5,0,0,0,5,0.0,0.0,0.0,0,,,,,19.692834836,1
ojo_2022-04-06_2,9,none,,otsu,docling_easyocr,qwen,5,0,0,0,5,0.0,0.0,0.0,0,,,,,40.23073631,1
ojo_2022-04-06_2,9,none,,otsu,docling_rapidocr,qwen,5,0,0,0,5,0.0,0.0,0.0,0,,,,,13.522483641,1
ojo_2022-04-06_2,10,none,,adaptive_gaussian,docling_easyocr,qwen,5,0,0,0,5,0.0,0.0,0.0,0,,,,,39.980440815,1
ojo_2022-04-06_2,10,none,,adaptive_gaussian,docling_rapidocr,qwen,5,0,0,0,5,0.0,0.0,0.0,0,,,,,9.11618348,1
ojo_2022-04-06_2,10,none,,adaptive_mean,docling_easyocr,qwen,5,0,0,0,5,0.0,0.0,0.0,0,,,,,41.005545577,1
ojo_2022-04-06_2,10,none,,adaptive_mean,docling_rapidocr,qwen,5,0,0,0,5,0.0,0.0,0.0,0,,,,,9.940575083,1
ojo_2022-04-06_2,10,none,,basic,docling_easyocr,qwen,5,0,0,0,5,0.0,0.0,0.0,0,,,,,41.135843331,1
ojo_2022-04-06_2,10,none,,basic,docling_rapidocr,qwen,5,0,0,0,5,0.0,0.0,0.0,0,,,,,8.927076155,1
ojo_2022-04-06_2,10,none,,niblack,docling_easyocr,qwen,5,0,0,0,5,0.0,0.0,0.0,0,,,,,34.495663094,1
ojo_2022-04-06_2,10,none,,niblack,docling_rapidocr,qwen,5,0,0,0,5,0.0,0.0,0.0,0,,,,,10.174751925,1
ojo_2022-04-06_2,10,none,,none_color,docling_easyocr,qwen,5,0,0,0,5,0.0,0.0,0.0,0,,,,,43.693246419,1
ojo_2022-04-06_2,10,none,,none_color,docling_rapidocr,qwen,5,0,0,0,5,0.0,0.0,0.0,0,,,,,18.478103215,1
ojo_2022-04-06_2,10,none,,none_grayscale,docling_easyocr,qwen,5,0,0,0,5,0.0,0.0,0.0,0,,,,,44.436776692,1
ojo_2022-04-06_2,10,none,,none_grayscale,docling_rapidocr,qwen,5,0,0,0,5,0.0,0.0,0.0,0,,,,,19.922120387,1
ojo_2022-04-06_2,10,none,,otsu,docling_easyocr,qwen,5,0,0,0,5,0.0,0.0,0.0,0,,,,,63.781070359,1
ojo_2022-04-06_2,10,none,,otsu,docling_rapidocr,qwen,5,0,0,0,5,0.0,0.0,0.0,0,,,,,19.393878586,1
ojo_2022-04-06_2,11,none,,adaptive_gaussian,docling_easyocr,qwen,5,0,0,0,5,0.0,0.0,0.0,0,,,,,41.256442507,1
ojo_2022-04-06_2,11,none,,adaptive_gaussian,docling_rapidocr,qwen,5,0,0,0,5,0.0,0.0,0.0,0,,,,,9.950674017,1
ojo_2022-04-06_2,11,none,,adaptive_mean,docling_easyocr,qwen,5,0,0,0,5,0.0,0.0,0.0,0,,,,,35.797638854,1
ojo_2022-04-06_2,11,none,,adaptive_mean,docling_rapidocr,qwen,5,0,0,0,5,0.0,0.0,0.0,0,,,,,8.449697693,1
ojo_2022-04-06_2,11,none,,basic,docling_easyocr,qwen,5,0,0,0,5,0.0,0.0,0.0,0,,,,,41.763860518,1
ojo_2022-04-06_2,11,none,,basic,docling_rapidocr,qwen,5,0,0,0,5,0.0,0.0,0.0,0,,,,,9.895719821,1
ojo_2022-04-06_2,11,none,,niblack,docling_easyocr,qwen,5,0,0,0,5,0.0,0.0,0.0,0,,,,,40.226615927,1
ojo_2022-04-06_2,11,none,,niblack,docling_rapidocr,qwen,5,0,0,0,5,0.0,0.0,0.0,0,,,,,10.19285085,1
ojo_2022-04-06_2,11,none,,none_color,docling_easyocr,qwen,5,0,0,0,5,0.0,0.0,0.0,0,,,,,44.581775242,1
ojo_2022-04-06_2,11,none,,none_color,docling_rapidocr,qwen,5,0,0,0,5,0.0,0.0,0.0,0,,,,,20.213483149,1
ojo_2022-04-06_2,11,none,,none_grayscale,docling_easyocr,qwen,5,0,0,0,5,0.0,0.0,0.0,0,,,,,42.379123742,1
ojo_2022-04-06_2,11,none,,none_grayscale,docling_rapidocr,qwen,5,0,0,0,5,0.0,0.0,0.0,0,,,,,18.97079354,1
ojo_2022-04-06_2,11,none,,otsu,docling_easyocr,qwen,5,0,0,0,5,0.0,0.0,0.0,0,,,,,46.465581364,1
ojo_2022-04-06_2,11,none,,otsu,docling_rapidocr,qwen,5,0,0,0,5,0.0,0.0,0.0,0,,,,,16.99732346,1
ojo_2022-04-06_2,12,none,,adaptive_gaussian,docling_easyocr,qwen,5,0,0,0,5,0.0,0.0,0.0,0,,,,,48.609931157,1
ojo_2022-04-06_2,12,none,,adaptive_gaussian,docling_rapidocr,qwen,5,0,0,0,5,0.0,0.0,0.0,0,,,,,17.23342459,1
ojo_2022-04-06_2,12,none,,adaptive_mean,docling_easyocr,qwen,5,0,0,0,5,0.0,0.0,0.0,0,,,,,48.421214268,1
ojo_2022-04-06_2,12,none,,adaptive_mean,docling_rapidocr,qwen,5,0,0,0,5,0.0,0.0,0.0,0,,,,,17.464586899,1
ojo_2022-04-06_2,12,none,,basic,docling_easyocr,qwen,5,0,0,0,5,0.0,0.0,0.0,0,,,,,47.85073473,1
ojo_2022-04-06_2,12,none,,basic,docling_rapidocr,qwen,5,4,0,4,5,0.0,0.0,0.0,4,0.82692103218419,1.0,1.0,1.0,16.884763499,0
ojo_2022-04-06_2,12,none,,niblack,docling_easyocr,qwen,5,0,0,0,5,0.0,0.0,0.0,0,,,,,46.461508095,1
ojo_2022-04-06_2,12,none,,niblack,docling_rapidocr,qwen,5,0,0,0,5,0.0,0.0,0.0,0,,,,,17.020993292,1
ojo_2022-04-06_2,12,none,,none_color,docling_easyocr,qwen,5,0,0,0,5,0.0,0.0,0.0,0,,,,,76.461598893,1
ojo_2022-04-06_2,12,none,,none_color,docling_rapidocr,qwen,5,4,2,2,3,0.5,0.4,0.444444,4,1.200322046374678,1.1726190476190477,0.5251219664520947,0.6232545255463542,26.359182377,0
ojo_2022-04-06_2,12,none,,none_grayscale,docling_easyocr,qwen,5,0,0,0,5,0.0,0.0,0.0,0,,,,,76.482990046,1
ojo_2022-04-06_2,12,none,,none_grayscale,docling_rapidocr,qwen,5,0,0,0,5,0.0,0.0,0.0,0,,,,,24.561186572,4
ojo_2022-04-06_2,12,none,,otsu,docling_easyocr,qwen,5,0,0,0,5,0.0,0.0,0.0,0,,,,,71.97933087,1
ojo_2022-04-06_2,12,none,,otsu,docling_rapidocr,qwen,5,0,0,0,5,0.0,0.0,0.0,0,,,,,25.54945192,1
ojo_2022-04-06_2,13,none,,adaptive_gaussian,docling_easyocr,qwen,5,0,0,0,5,0.0,0.0,0.0,0,,,,,42.460133833,1
ojo_2022-04-06_2,13,none,,adaptive_gaussian,docling_rapidocr,qwen,5,0,0,0,5,0.0,0.0,0.0,0,,,,,17.851983113,1
ojo_2022-04-06_2,13,none,,adaptive_mean,docling_easyocr,qwen,5,0,0,0,5,0.0,0.0,0.0,0,,,,,47.920926375,1
ojo_2022-04-06_2,13,none,,adaptive_mean,docling_rapidocr,qwen,5,0,0,0,5,0.0,0.0,0.0,0,,,,,17.20874576,1
ojo_2022-04-06_2,13,none,,basic,docling_easyocr,qwen,5,0,0,0,5,0.0,0.0,0.0,0,,,,,66.954972641,1
ojo_2022-04-06_2,13,none,,basic,docling_rapidocr,qwen,5,5,1,4,4,0.2,0.2,0.2,4,0.847485993538625,0.9583333333333334,0.7523853392116865,0.9357940446650124,25.337438481,0
ojo_2022-04-06_2,13,none,,niblack,docling_easyocr,qwen,5,0,0,0,5,0.0,0.0,0.0,0,,,,,47.097169741,1
ojo_2022-04-06_2,13,none,,niblack,docling_rapidocr,qwen,5,0,0,0,5,0.0,0.0,0.0,0,,,,,17.004398926,1
ojo_2022-04-06_2,13,none,,none_color,docling_easyocr,qwen,5,0,0,0,5,0.0,0.0,0.0,0,,,,,69.328120844,1
ojo_2022-04-06_2,13,none,,none_color,docling_rapidocr,qwen,5,0,0,0,5,0.0,0.0,0.0,0,,,,,26.270278351,4
ojo_2022-04-06_2,13,none,,none_grayscale,docling_easyocr,qwen,5,2,0,2,5,0.0,0.0,0.0,2,0.8988304093567252,1.0,0.9807692307692308,1.0,67.959556954,0
ojo_2022-04-06_2,13,none,,none_grayscale,docling_rapidocr,qwen,5,0,0,0,5,0.0,0.0,0.0,0,,,,,27.001761095,1
ojo_2022-04-06_2,13,none,,otsu,docling_easyocr,qwen,5,0,0,0,5,0.0,0.0,0.0,0,,,,,75.234683484,1
ojo_2022-04-06_2,13,none,,otsu,docling_rapidocr,qwen,5,0,0,0,5,0.0,0.0,0.0,0,,,,,25.972076148,4
ojo_2022-04-06_2,14,none,,adaptive_gaussian,docling_easyocr,qwen,5,0,0,0,5,0.0,0.0,0.0,0,,,,,47.766556427,1
ojo_2022-04-06_2,14,none,,adaptive_gaussian,docling_rapidocr,qwen,5,0,0,0,5,0.0,0.0,0.0,0,,,,,18.511955664,1
ojo_2022-04-06_2,14,none,,adaptive_mean,docling_easyocr,qwen,5,0,0,0,5,0.0,0.0,0.0,0,,,,,42.849055455,1
ojo_2022-04-06_2,14,none,,adaptive_mean,docling_rapidocr,qwen,5,0,0,0,5,0.0,0.0,0.0,0,,,,,17.059016869,1
ojo_2022-04-06_2,14,none,,basic,docling_easyocr,qwen,5,0,0,0,5,0.0,0.0,0.0,0,,,,,42.992646237,1
ojo_2022-04-06_2,14,none,,basic,docling_rapidocr,qwen,5,4,0,4,5,0.0,0.0,0.0,4,0.8742403795035374,1.0,1.0,1.0,16.027746697,0
ojo_2022-04-06_2,14,none,,niblack,docling_rapidocr,qwen,5,0,0,0,5,0.0,0.0,0.0,0,,,,,16.478594767,1
ojo_2022-04-06_2,14,none,,none_color,docling_easyocr,qwen,5,0,0,0,5,0.0,0.0,0.0,0,,,,,76.982245703,1
ojo_2022-04-06_2,14,none,,none_color,docling_rapidocr,qwen,5,0,0,0,5,0.0,0.0,0.0,0,,,,,26.609930535,3
ojo_2022-04-06_2,14,none,,none_grayscale,docling_easyocr,qwen,5,0,0,0,5,0.0,0.0,0.0,0,,,,,75.908135434,1
ojo_2022-04-06_2,14,none,,none_grayscale,docling_rapidocr,qwen,5,0,0,0,5,0.0,0.0,0.0,0,,,,,23.597319146,3
ojo_2022-04-06_2,14,none,,otsu,docling_easyocr,qwen,5,2,0,2,5,0.0,0.0,0.0,1,0.8181818181818182,1.0,1.0,1.0,60.857648631,0
ojo_2022-04-06_2,14,none,,otsu,docling_rapidocr,qwen,5,5,0,5,5,0.0,0.0,0.0,5,0.9293019261440314,1.0,0.7529898890388558,0.9578450775807946,25.88484027,0
ojo_2022-04-06_2,15,none,,adaptive_gaussian,docling_easyocr,qwen,5,0,0,0,5,0.0,0.0,0.0,0,,,,,35.759134385,1
ojo_2022-04-06_2,15,none,,adaptive_gaussian,docling_rapidocr,qwen,5,0,0,0,5,0.0,0.0,0.0,0,,,,,8.88822374,1
ojo_2022-04-06_2,15,none,,adaptive_mean,docling_easyocr,qwen,5,0,0,0,5,0.0,0.0,0.0,0,,,,,35.7378293,1
ojo_2022-04-06_2,15,none,,adaptive_mean,docling_rapidocr,qwen,5,0,0,0,5,0.0,0.0,0.0,0,,,,,8.956783148,1
ojo_2022-04-06_2,15,none,,basic,docling_easyocr,qwen,5,0,0,0,5,0.0,0.0,0.0,0,,,,,59.131682105,1
ojo_2022-04-06_2,15,none,,basic,docling_rapidocr,qwen,5,0,0,0,5,0.0,0.0,0.0,0,,,,,17.855194516,2
ojo_2022-04-06_2,15,none,,none_color,docling_easyocr,qwen,5,0,0,0,5,0.0,0.0,0.0,0,,,,,65.481677956,1
ojo_2022-04-06_2,15,none,,none_color,docling_rapidocr,qwen,5,0,0,0,5,0.0,0.0,0.0,0,,,,,19.180019326,4
ojo_2022-04-06_2,15,none,,none_grayscale,docling_easyocr,qwen,5,0,0,0,5,0.0,0.0,0.0,0,,,,,67.418555445,1
ojo_2022-04-06_2,15,none,,none_grayscale,docling_rapidocr,qwen,5,0,0,0,5,0.0,0.0,0.0,0,,,,,17.0466649,1
ojo_2022-04-06_2,15,none,,otsu,docling_easyocr,qwen,5,0,0,0,5,0.0,0.0,0.0,0,,,,,65.942957929,1
ojo_2022-04-06_2,15,none,,otsu,docling_rapidocr,qwen,5,1,0,1,5,0.0,0.0,0.0,1,0.8421052631578947,1.0,0.7637362637362637,0.967741935483871,16.297517589,0
ojo_2022-04-06_2,16,none,,adaptive_gaussian,docling_easyocr,qwen,5,0,0,0,5,0.0,0.0,0.0,0,,,,,40.078776793,1
ojo_2022-04-06_2,16,none,,adaptive_gaussian,docling_rapidocr,qwen,5,0,0,0,5,0.0,0.0,0.0,0,,,,,9.096563296,1
ojo_2022-04-06_2,16,none,,adaptive_mean,docling_easyocr,qwen,5,0,0,0,5,0.0,0.0,0.0,0,,,,,40.262950854,1
ojo_2022-04-06_2,16,none,,adaptive_mean,docling_rapidocr,qwen,5,0,0,0,5,0.0,0.0,0.0,0,,,,,9.448618369,1
ojo_2022-04-06_2,16,none,,basic,docling_easyocr,qwen,5,0,0,0,5,0.0,0.0,0.0,0,,,,,65.139193347,1
ojo_2022-04-06_2,16,none,,basic,docling_rapidocr,qwen,5,4,0,4,5,0.0,0.0,0.0,4,2.3422279474911054,1.5416666666666667,1.5138043346709802,1.7617959996992256,19.414371779,0
ojo_2022-04-06_2,16,none,,none_color,docling_easyocr,qwen,5,0,0,0,5,0.0,0.0,0.0,0,,,,,66.563234141,1
ojo_2022-04-06_2,16,none,,none_color,docling_rapidocr,qwen,5,0,0,0,5,0.0,0.0,0.0,0,,,,,18.994431308,1
ojo_2022-04-06_2,16,none,,none_grayscale,docling_easyocr,qwen,5,0,0,0,5,0.0,0.0,0.0,0,,,,,66.756497195,1
ojo_2022-04-06_2,16,none,,none_grayscale,docling_rapidocr,qwen,5,0,0,0,5,0.0,0.0,0.0,0,,,,,19.702660373,4
ojo_2022-04-06_2,16,none,,otsu,docling_easyocr,qwen,5,0,0,0,5,0.0,0.0,0.0,0,,,,,65.590582971,1
ojo_2022-04-06_2,16,none,,otsu,docling_rapidocr,qwen,5,0,0,0,5,0.0,0.0,0.0,0,,,,,19.419239406,4
ojo_2022-04-06_2,17,none,,adaptive_gaussian,docling_easyocr,qwen,5,0,0,0,5,0.0,0.0,0.0,0,,,,,39.548215585,1
ojo_2022-04-06_2,17,none,,adaptive_gaussian,docling_rapidocr,qwen,5,0,0,0,5,0.0,0.0,0.0,0,,,,,8.770767646,1
ojo_2022-04-06_2,17,none,,adaptive_mean,docling_easyocr,qwen,5,0,0,0,5,0.0,0.0,0.0,0,,,,,36.493560987,1
ojo_2022-04-06_2,17,none,,adaptive_mean,docling_rapidocr,qwen,5,0,0,0,5,0.0,0.0,0.0,0,,,,,10.010015922,1
ojo_2022-04-06_2,17,none,,basic,docling_easyocr,qwen,5,0,0,0,5,0.0,0.0,0.0,0,,,,,43.668181947,1
ojo_2022-04-06_2,17,none,,basic,docling_rapidocr,qwen,5,0,0,0,5,0.0,0.0,0.0,0,,,,,12.427899888,1
ojo_2022-04-06_2,17,none,,none_color,docling_easyocr,qwen,5,0,0,0,5,0.0,0.0,0.0,0,,,,,67.474020293,1
ojo_2022-04-06_2,17,none,,none_color,docling_rapidocr,qwen,5,0,0,0,5,0.0,0.0,0.0,0,,,,,18.642356446,4
ojo_2022-04-06_2,17,none,,none_grayscale,docling_easyocr,qwen,5,0,0,0,5,0.0,0.0,0.0,0,,,,,68.970386556,1
ojo_2022-04-06_2,17,none,,none_grayscale,docling_rapidocr,qwen,5,0,0,0,5,0.0,0.0,0.0,0,,,,,18.755315831,4
ojo_2022-04-06_2,17,none,,otsu,docling_easyocr,qwen,5,0,0,0,5,0.0,0.0,0.0,0,,,,,62.383490136,1
ojo_2022-04-06_2,17,none,,otsu,docling_rapidocr,qwen,5,1,1,0,4,1.0,0.2,0.333333,1,0.8421052631578947,1.0,0.4725274725274725,0.8064516129032258,18.925847581,0
ojo_2022-04-06_2,18,none,,adaptive_gaussian,docling_easyocr,qwen,5,0,0,0,5,0.0,0.0,0.0,0,,,,,39.803788316,1
ojo_2022-04-06_2,18,none,,adaptive_gaussian,docling_rapidocr,qwen,5,0,0,0,5,0.0,0.0,0.0,0,,,,,10.473070514,1
ojo_2022-04-06_2,18,none,,basic,docling_easyocr,qwen,5,0,0,0,5,0.0,0.0,0.0,0,,,,,38.943606124,1
ojo_2022-04-06_2,18,none,,basic,docling_rapidocr,qwen,5,0,0,0,5,0.0,0.0,0.0,0,,,,,10.216329799,1
ojo_2022-04-06_2,18,none,,niblack,docling_easyocr,qwen,5,0,0,0,5,0.0,0.0,0.0,0,,,,,39.607595397,1
ojo_2022-04-06_2,18,none,,none_color,docling_easyocr,qwen,5,0,0,0,5,0.0,0.0,0.0,0,,,,,40.20400332,1
ojo_2022-04-06_2,18,none,,none_grayscale,docling_easyocr,qwen,5,0,0,0,5,0.0,0.0,0.0,0,,,,,36.757815347,1
ojo_2022-04-06_2,18,none,,otsu,docling_easyocr,qwen,5,0,0,0,5,0.0,0.0,0.0,0,,,,,35.468552814,1
ojo_2022-04-06_2,18,none,,otsu,docling_rapidocr,qwen,5,0,0,0,5,0.0,0.0,0.0,0,,,,,9.868106351,1
ojo_2022-04-06_2,18,none,,yannihorne,docling_rapidocr,qwen,5,0,0,0,5,0.0,0.0,0.0,0,,,,,8.591558442,1
ojo_2022-04-06_2,19,none,,adaptive_gaussian,docling_easyocr,qwen,5,0,0,0,5,0.0,0.0,0.0,0,,,,,41.721667897,1
ojo_2022-04-06_2,19,none,,adaptive_gaussian,docling_rapidocr,qwen,5,0,0,0,5,0.0,0.0,0.0,0,,,,,10.058196675,1
ojo_2022-04-06_2,19,none,,basic,docling_easyocr,qwen,5,0,0,0,5,0.0,0.0,0.0,0,,,,,39.765358911,1
ojo_2022-04-06_2,19,none,,basic,docling_rapidocr,qwen,5,0,0,0,5,0.0,0.0,0.0,0,,,,,10.574228511,1
ojo_2022-04-06_2,19,none,,otsu,docling_easyocr,qwen,5,0,0,0,5,0.0,0.0,0.0,0,,,,,38.831492428,1
ojo_2022-04-06_2,19,none,,otsu,docling_rapidocr,qwen,5,0,0,0,5,0.0,0.0,0.0,0,,,,,10.086467032,1
ojo_2022-04-06_2,19,none,,yannihorne,docling_rapidocr,qwen,5,0,0,0,5,0.0,0.0,0.0,0,,,,,10.393044714,1
ojo_2022-04-06_2,20,none,,adaptive_gaussian,docling_easyocr,qwen,5,0,0,0,5,0.0,0.0,0.0,0,,,,,39.962217553,1
ojo_2022-04-06_2,20,none,,adaptive_gaussian,docling_rapidocr,qwen,5,0,0,0,5,0.0,0.0,0.0,0,,,,,9.848232729,1
ojo_2022-04-06_2,20,none,,basic,docling_easyocr,qwen,5,0,0,0,5,0.0,0.0,0.0,0,,,,,39.128687935,1
ojo_2022-04-06_2,20,none,,basic,docling_rapidocr,qwen,5,0,0,0,5,0.0,0.0,0.0,0,,,,,10.850589829,1
ojo_2022-04-06_2,20,none,,niblack,docling_easyocr,qwen,5,0,0,0,5,0.0,0.0,0.0,0,,,,,34.125503895,1
ojo_2022-04-06_2,20,none,,none_color,docling_easyocr,qwen,5,0,0,0,5,0.0,0.0,0.0,0,,,,,39.825126009,1
ojo_2022-04-06_2,20,none,,none_grayscale,docling_easyocr,qwen,5,0,0,0,5,0.0,0.0,0.0,0,,,,,40.291580992,1
ojo_2022-04-06_2,20,none,,otsu,docling_easyocr,qwen,5,0,0,0,5,0.0,0.0,0.0,0,,,,,39.345403986,1
ojo_2022-04-06_2,20,none,,otsu,docling_rapidocr,qwen,5,0,0,0,5,0.0,0.0,0.0,0,,,,,10.698914843,1
ojo_2022-04-06_2,20,none,,yannihorne,docling_rapidocr,qwen,5,0,0,0,5,0.0,0.0,0.0,0,,,,,8.412304478,1
ojo_2022-04-06_2,21,none,,adaptive_gaussian,docling_easyocr,qwen,5,0,0,0,5,0.0,0.0,0.0,0,,,,,60.2343018,1
ojo_2022-04-06_2,21,none,,adaptive_gaussian,docling_rapidocr,qwen,5,0,0,0,5,0.0,0.0,0.0,0,,,,,30.872639412,1
ojo_2022-04-06_2,21,none,,adaptive_mean,docling_easyocr,qwen,5,0,0,0,5,0.0,0.0,0.0,0,,,,,60.766857619,1
ojo_2022-04-06_2,21,none,,adaptive_mean,docling_rapidocr,qwen,5,0,0,0,5,0.0,0.0,0.0,0,,,,,30.25182938,1
ojo_2022-04-06_2,21,none,,basic,docling_easyocr,qwen,5,0,0,0,5,0.0,0.0,0.0,0,,,,,57.721610873,1
ojo_2022-04-06_2,21,none,,basic,docling_rapidocr,qwen,5,0,0,0,5,0.0,0.0,0.0,0,,,,,30.659654229,1
ojo_2022-04-06_2,21,none,,niblack,docling_easyocr,qwen,5,0,0,0,5,0.0,0.0,0.0,0,,,,,59.65286022,1
ojo_2022-04-06_2,21,none,,niblack,docling_rapidocr,qwen,5,0,0,0,5,0.0,0.0,0.0,0,,,,,29.388905819,1
ojo_2022-04-06_2,21,none,,none_color,docling_easyocr,qwen,5,0,0,0,5,0.0,0.0,0.0,0,,,,,61.616761057,1
ojo_2022-04-06_2,21,none,,none_color,docling_rapidocr,qwen,5,0,0,0,5,0.0,0.0,0.0,0,,,,,39.145411341,1
ojo_2022-04-06_2,21,none,,none_grayscale,docling_easyocr,qwen,5,0,0,0,5,0.0,0.0,0.0,0,,,,,58.139548151,1
ojo_2022-04-06_2,21,none,,none_grayscale,docling_rapidocr,qwen,5,0,0,0,5,0.0,0.0,0.0,0,,,,,39.983064501,1
ojo_2022-04-06_2,21,none,,otsu,docling_easyocr,qwen,5,0,0,0,5,0.0,0.0,0.0,0,,,,,56.001000731,1
ojo_2022-04-06_2,21,none,,otsu,docling_rapidocr,qwen,5,0,0,0,5,0.0,0.0,0.0,0,,,,,30.652935116,1
ojo_2022-04-06_2,22,none,,adaptive_gaussian,docling_easyocr,qwen,5,0,0,0,5,0.0,0.0,0.0,0,,,,,57.685854517,1
ojo_2022-04-06_2,22,none,,adaptive_gaussian,docling_rapidocr,qwen,5,0,0,0,5,0.0,0.0,0.0,0,,,,,29.318705403,1
ojo_2022-04-06_2,22,none,,adaptive_mean,docling_easyocr,qwen,5,0,0,0,5,0.0,0.0,0.0,0,,,,,57.220784031,1
ojo_2022-04-06_2,22,none,,adaptive_mean,docling_rapidocr,qwen,5,0,0,0,5,0.0,0.0,0.0,0,,,,,30.68409475,1
ojo_2022-04-06_2,22,none,,basic,docling_easyocr,qwen,5,0,0,0,5,0.0,0.0,0.0,0,,,,,57.744317469,1
ojo_2022-04-06_2,22,none,,basic,docling_rapidocr,qwen,5,0,0,0,5,0.0,0.0,0.0,0,,,,,30.600357231,1
ojo_2022-04-06_2,22,none,,niblack,docling_easyocr,qwen,5,0,0,0,5,0.0,0.0,0.0,0,,,,,59.777467871,1
ojo_2022-04-06_2,22,none,,niblack,docling_rapidocr,qwen,5,0,0,0,5,0.0,0.0,0.0,0,,,,,31.206528092,1
ojo_2022-04-06_2,22,none,,none_color,docling_easyocr,qwen,5,0,0,0,5,0.0,0.0,0.0,0,,,,,57.804780659,1
ojo_2022-04-06_2,22,none,,none_color,docling_rapidocr,qwen,5,0,0,0,5,0.0,0.0,0.0,0,,,,,39.34665626,1
ojo_2022-04-06_2,22,none,,none_grayscale,docling_easyocr,qwen,5,0,0,0,5,0.0,0.0,0.0,0,,,,,61.53938764,1
ojo_2022-04-06_2,22,none,,none_grayscale,docling_rapidocr,qwen,5,0,0,0,5,0.0,0.0,0.0,0,,,,,38.966259894,1
ojo_2022-04-06_2,22,none,,otsu,docling_easyocr,qwen,5,0,0,0,5,0.0,0.0,0.0,0,,,,,61.233535466,1
ojo_2022-04-06_2,22,none,,otsu,docling_rapidocr,qwen,5,0,0,0,5,0.0,0.0,0.0,0,,,,,31.752217707,1
ojo_2022-04-06_2,23,none,,adaptive_gaussian,docling_easyocr,qwen,5,0,0,0,5,0.0,0.0,0.0,0,,,,,63.638172724,1
ojo_2022-04-06_2,23,none,,adaptive_gaussian,docling_rapidocr,qwen,5,0,0,0,5,0.0,0.0,0.0,0,,,,,32.809367993,1
ojo_2022-04-06_2,23,none,,adaptive_mean,docling_easyocr,qwen,5,0,0,0,5,0.0,0.0,0.0,0,,,,,62.608108618,1
ojo_2022-04-06_2,23,none,,adaptive_mean,docling_rapidocr,qwen,5,0,0,0,5,0.0,0.0,0.0,0,,,,,33.261529543,1
ojo_2022-04-06_2,23,none,,basic,docling_easyocr,qwen,5,0,0,0,5,0.0,0.0,0.0,0,,,,,62.030214262,1
ojo_2022-04-06_2,23,none,,basic,docling_rapidocr,qwen,5,0,0,0,5,0.0,0.0,0.0,0,,,,,32.773975563,1
ojo_2022-04-06_2,23,none,,niblack,docling_easyocr,qwen,5,0,0,0,5,0.0,0.0,0.0,0,,,,,61.736821406,1
ojo_2022-04-06_2,23,none,,niblack,docling_rapidocr,qwen,5,0,0,0,5,0.0,0.0,0.0,0,,,,,32.63985657,1
ojo_2022-04-06_2,23,none,,none_color,docling_easyocr,qwen,5,0,0,0,5,0.0,0.0,0.0,0,,,,,59.271287871,1
ojo_2022-04-06_2,23,none,,none_color,docling_rapidocr,qwen,5,0,0,0,5,0.0,0.0,0.0,0,,,,,38.859502507,1
ojo_2022-04-06_2,23,none,,none_grayscale,docling_easyocr,qwen,5,0,0,0,5,0.0,0.0,0.0,0,,,,,59.759160948,1
ojo_2022-04-06_2,23,none,,none_grayscale,docling_rapidocr,qwen,5,0,0,0,5,0.0,0.0,0.0,0,,,,,39.097772789,1
ojo_2022-04-06_2,23,none,,otsu,docling_easyocr,qwen,5,1,0,1,5,0.0,0.0,0.0,1,0.8181818181818182,1.0,1.0,1.0,62.468438254,0
ojo_2022-04-06_2,23,none,,otsu,docling_rapidocr,qwen,5,0,0,0,5,0.0,0.0,0.0,0,,,,,31.833656416,1
ojo_2022-04-06_2,24,none,,adaptive_gaussian,docling_easyocr,qwen,5,0,0,0,5,0.0,0.0,0.0,0,,,,,41.743016402,1
ojo_2022-04-06_2,24,none,,adaptive_gaussian,docling_rapidocr,qwen,5,0,0,0,5,0.0,0.0,0.0,0,,,,,10.353735129,1
ojo_2022-04-06_2,24,none,,adaptive_mean,docling_easyocr,qwen,5,0,0,0,5,0.0,0.0,0.0,0,,,,,41.158028523,1
ojo_2022-04-06_2,24,none,,adaptive_mean,docling_rapidocr,qwen,5,0,0,0,5,0.0,0.0,0.0,0,,,,,10.117492596,1
ojo_2022-04-06_2,24,none,,basic,docling_easyocr,qwen,5,0,0,0,5,0.0,0.0,0.0,0,,,,,66.002274765,1
ojo_2022-04-06_2,24,none,,basic,docling_rapidocr,qwen,5,0,0,0,5,0.0,0.0,0.0,0,,,,,19.151059641,4
ojo_2022-04-06_2,24,none,,niblack,docling_easyocr,qwen,5,0,0,0,5,0.0,0.0,0.0,0,,,,,39.133871775,1
ojo_2022-04-06_2,24,none,,niblack,docling_rapidocr,qwen,5,0,0,0,5,0.0,0.0,0.0,0,,,,,9.968156558,1
ojo_2022-04-06_2,24,none,,none_color,docling_easyocr,qwen,5,4,0,4,5,0.0,0.0,0.0,3,0.8727245464087569,1.0,1.0,1.0,68.117461695,0
ojo_2022-04-06_2,24,none,,none_color,docling_rapidocr,qwen,5,4,2,2,3,0.5,0.4,0.444444,4,1.2179855232486811,1.2583333333333333,0.4711275029563324,0.6326605429160812,19.245645298,0
ojo_2022-04-06_2,24,none,,none_grayscale,docling_easyocr,qwen,5,1,0,1,5,0.0,0.0,0.0,1,0.8421052631578947,1.0,0.9505494505494505,1.0,67.375676646,0
ojo_2022-04-06_2,24,none,,none_grayscale,docling_rapidocr,qwen,5,0,0,0,5,0.0,0.0,0.0,0,,,,,20.369944825,3
ojo_2022-04-06_2,24,none,,otsu,docling_easyocr,qwen,5,0,0,0,5,0.0,0.0,0.0,0,,,,,65.939937916,1
ojo_2022-04-06_2,24,none,,otsu,docling_rapidocr,qwen,5,0,0,0,5,0.0,0.0,0.0,0,,,,,17.26118001,4
ojo_2022-04-06_2,25,none,,adaptive_gaussian,docling_easyocr,qwen,5,0,0,0,5,0.0,0.0,0.0,0,,,,,37.002006213,1
ojo_2022-04-06_2,25,none,,adaptive_gaussian,docling_rapidocr,qwen,5,0,0,0,5,0.0,0.0,0.0,0,,,,,10.281015316,1
ojo_2022-04-06_2,25,none,,adaptive_mean,docling_easyocr,qwen,5,0,0,0,5,0.0,0.0,0.0,0,,,,,39.818642775,1
ojo_2022-04-06_2,25,none,,adaptive_mean,docling_rapidocr,qwen,5,0,0,0,5,0.0,0.0,0.0,0,,,,,10.526258627,1
ojo_2022-04-06_2,25,none,,basic,docling_easyocr,qwen,5,0,0,0,5,0.0,0.0,0.0,0,,,,,63.863113894,1
ojo_2022-04-06_2,25,none,,basic,docling_rapidocr,qwen,5,0,0,0,5,0.0,0.0,0.0,0,,,,,17.816833033,3
ojo_2022-04-06_2,25,none,,niblack,docling_easyocr,qwen,5,0,0,0,5,0.0,0.0,0.0,0,,,,,39.541788466,1
ojo_2022-04-06_2,25,none,,niblack,docling_rapidocr,qwen,5,0,0,0,5,0.0,0.0,0.0,0,,,,,9.958728917,1
ojo_2022-04-06_2,25,none,,none_color,docling_easyocr,qwen,5,2,0,2,5,0.0,0.0,0.0,1,0.868421052631579,1.0,1.0,1.0,65.728904499,0
ojo_2022-04-06_2,25,none,,none_color,docling_rapidocr,qwen,5,0,0,0,5,0.0,0.0,0.0,0,,,,,19.250676169,1
ojo_2022-04-06_2,25,none,,none_grayscale,docling_easyocr,qwen,5,3,0,3,5,0.0,0.0,0.0,3,0.8900434847803269,1.0,0.9817893677997306,1.0,65.995052351,0
ojo_2022-04-06_2,25,none,,none_grayscale,docling_rapidocr,qwen,5,0,0,0,5,0.0,0.0,0.0,0,,,,,19.594795956,4
ojo_2022-04-06_2,25,none,,otsu,docling_easyocr,qwen,5,0,0,0,5,0.0,0.0,0.0,0,,,,,64.585719195,1
ojo_2022-04-06_2,25,none,,otsu,docling_rapidocr,qwen,5,1,0,1,5,0.0,0.0,0.0,1,0.868421052631579,1.0,0.7362637362637363,0.967741935483871,16.154622879,0
ojo_2022-04-06_2,26,none,,adaptive_gaussian,docling_easyocr,qwen,5,0,0,0,5,0.0,0.0,0.0,0,,,,,36.586128632,1
ojo_2022-04-06_2,26,none,,adaptive_gaussian,docling_rapidocr,qwen,5,0,0,0,5,0.0,0.0,0.0,0,,,,,10.183089415,1
ojo_2022-04-06_2,26,none,,adaptive_mean,docling_easyocr,qwen,5,0,0,0,5,0.0,0.0,0.0,0,,,,,40.668144385,1
ojo_2022-04-06_2,26,none,,adaptive_mean,docling_rapidocr,qwen,5,0,0,0,5,0.0,0.0,0.0,0,,,,,9.344141404,1
ojo_2022-04-06_2,26,none,,basic,docling_easyocr,qwen,5,0,0,0,5,0.0,0.0,0.0,0,,,,,42.19891478,1
ojo_2022-04-06_2,26,none,,basic,docling_rapidocr,qwen,5,3,0,3,5,0.0,0.0,0.0,3,0.8111860848702954,0.9444444444444445,1.0,1.0,14.176929726,0
ojo_2022-04-06_2,26,none,,niblack,docling_easyocr,qwen,5,0,0,0,5,0.0,0.0,0.0,0,,,,,39.370158726,1
ojo_2022-04-06_2,26,none,,niblack,docling_rapidocr,qwen,5,0,0,0,5,0.0,0.0,0.0,0,,,,,9.81255942,1
ojo_2022-04-06_2,26,none,,none_color,docling_easyocr,qwen,5,4,0,4,5,0.0,0.0,0.0,3,0.8983655720497826,1.0,1.0,1.0,68.187591805,0
ojo_2022-04-06_2,26,none,,none_color,docling_rapidocr,qwen,5,0,0,0,5,0.0,0.0,0.0,0,,,,,19.57157041,1
ojo_2022-04-06_2,26,none,,none_grayscale,docling_easyocr,qwen,5,4,0,4,5,0.0,0.0,0.0,3,0.8983655720497826,1.0,1.0,1.0,67.185445322,0
ojo_2022-04-06_2,26,none,,none_grayscale,docling_rapidocr,qwen,5,0,0,0,5,0.0,0.0,0.0,0,,,,,17.954137339,1
ojo_2022-04-06_2,26,none,,otsu,docling_easyocr,qwen,5,0,0,0,5,0.0,0.0,0.0,0,,,,,66.79760982,1
ojo_2022-04-06_2,26,none,,otsu,docling_rapidocr,qwen,5,1,1,0,4,1.0,0.2,0.333333,1,0.868421052631579,1.0,0.2692307692307692,0.5806451612903226,18.77785088,0
ojo_2022-04-06_2,27,none,,adaptive_gaussian,docling_easyocr,qwen,5,0,0,0,5,0.0,0.0,0.0,0,,,,,42.543256276,1
ojo_2022-04-06_2,27,none,,adaptive_gaussian,docling_rapidocr,qwen,5,0,0,0,5,0.0,0.0,0.0,0,,,,,9.897092335,1
ojo_2022-04-06_2,27,none,,adaptive_mean,docling_easyocr,qwen,5,0,0,0,5,0.0,0.0,0.0,0,,,,,40.177685969,1
ojo_2022-04-06_2,27,none,,adaptive_mean,docling_rapidocr,qwen,5,0,0,0,5,0.0,0.0,0.0,0,,,,,10.060330145,1
ojo_2022-04-06_2,27,none,,basic,docling_easyocr,qwen,5,1,0,1,5,0.0,0.0,0.0,1,0.8181818181818182,1.0,1.0,1.0,66.370808688,0
ojo_2022-04-06_2,27,none,,basic,docling_rapidocr,qwen,5,0,0,0,5,0.0,0.0,0.0,0,,,,,16.454058257,1
ojo_2022-04-06_2,27,none,,niblack,docling_easyocr,qwen,5,0,0,0,5,0.0,0.0,0.0,0,,,,,39.403620846,1
ojo_2022-04-06_2,27,none,,niblack,docling_rapidocr,qwen,5,0,0,0,5,0.0,0.0,0.0,0,,,,,9.635146744,1
ojo_2022-04-06_2,27,none,,none_color,docling_easyocr,qwen,5,0,0,0,5,0.0,0.0,0.0,0,,,,,65.132677165,1
ojo_2022-04-06_2,27,none,,none_color,docling_rapidocr,qwen,5,4,2,2,3,0.5,0.4,0.444444,4,1.2104097656729236,1.2083333333333333,0.47414066387682985,0.6518004088313551,18.850933876,0
ojo_2022-04-06_2,27,none,,none_grayscale,docling_easyocr,qwen,5,0,0,0,5,0.0,0.0,0.0,0,,,,,65.979591217,1
ojo_2022-04-06_2,27,none,,none_grayscale,docling_rapidocr,qwen,5,0,0,0,5,0.0,0.0,0.0,0,,,,,19.434626904,4
ojo_2022-04-06_2,27,none,,otsu,docling_easyocr,qwen,5,0,0,0,5,0.0,0.0,0.0,0,,,,,67.1451839,1
ojo_2022-04-06_2,27,none,,otsu,docling_rapidocr,qwen,5,0,0,0,5,0.0,0.0,0.0,0,,,,,16.722122529,4
ojo_2022-04-06_2,28,none,,adaptive_gaussian,docling_easyocr,qwen,5,0,0,0,5,0.0,0.0,0.0,0,,,,,39.985936408,1
ojo_2022-04-06_2,28,none,,adaptive_gaussian,docling_rapidocr,qwen,5,0,0,0,5,0.0,0.0,0.0,0,,,,,10.466345792,1
ojo_2022-04-06_2,28,none,,adaptive_mean,docling_easyocr,qwen,5,0,0,0,5,0.0,0.0,0.0,0,,,,,41.173361545,1
ojo_2022-04-06_2,28,none,,adaptive_mean,docling_rapidocr,qwen,5,0,0,0,5,0.0,0.0,0.0,0,,,,,9.93651772,1
ojo_2022-04-06_2,28,none,,basic,docling_easyocr,qwen,5,0,0,0,5,0.0,0.0,0.0,0,,,,,63.540916064,1
ojo_2022-04-06_2,28,none,,basic,docling_rapidocr,qwen,5,0,0,0,5,0.0,0.0,0.0,0,,,,,19.389461377,4
ojo_2022-04-06_2,28,none,,niblack,docling_easyocr,qwen,5,0,0,0,5,0.0,0.0,0.0,0,,,,,39.173871417,1
ojo_2022-04-06_2,28,none,,niblack,docling_rapidocr,qwen,5,0,0,0,5,0.0,0.0,0.0,0,,,,,10.30898561,1
ojo_2022-04-06_2,28,none,,none_color,docling_easyocr,qwen,5,0,0,0,5,0.0,0.0,0.0,0,,,,,60.131254294,1
ojo_2022-04-06_2,28,none,,none_color,docling_rapidocr,qwen,5,0,0,0,5,0.0,0.0,0.0,0,,,,,18.38995848,3
ojo_2022-04-06_2,28,none,,none_grayscale,docling_easyocr,qwen,5,0,0,0,5,0.0,0.0,0.0,0,,,,,64.621525863,1
ojo_2022-04-06_2,28,none,,none_grayscale,docling_rapidocr,qwen,5,1,0,1,5,0.0,0.0,0.0,1,2.3333333333333335,2.0,0.5348288075560803,0.8120481927710843,17.836233714,0
ojo_2022-04-06_2,28,none,,otsu,docling_easyocr,qwen,5,1,0,1,5,0.0,0.0,0.0,1,2.051282051282051,1.6666666666666667,0.9378238341968912,1.0,64.751442126,0
ojo_2022-04-06_2,28,none,,otsu,docling_rapidocr,qwen,5,0,0,0,5,0.0,0.0,0.0,0,,,,,19.466429404,3
ojo_2022-04-06_2,29,none,,adaptive_gaussian,docling_easyocr,qwen,5,0,0,0,5,0.0,0.0,0.0,0,,,,,39.494379287,1
ojo_2022-04-06_2,29,none,,adaptive_gaussian,docling_rapidocr,qwen,5,0,0,0,5,0.0,0.0,0.0,0,,,,,9.149492268,1
ojo_2022-04-06_2,29,none,,adaptive_mean,docling_easyocr,qwen,5,0,0,0,5,0.0,0.0,0.0,0,,,,,41.103793864,1
ojo_2022-04-06_2,29,none,,adaptive_mean,docling_rapidocr,qwen,5,0,0,0,5,0.0,0.0,0.0,0,,,,,10.082445388,1
ojo_2022-04-06_2,29,none,,basic,docling_easyocr,qwen,5,0,0,0,5,0.0,0.0,0.0,0,,,,,48.620664218,1
ojo_2022-04-06_2,29,none,,basic,docling_rapidocr,qwen,5,4,0,4,5,0.0,0.0,0.0,4,0.8747842800474379,1.0,0.939439446563799,0.9838709677419355,17.970307448,0
ojo_2022-04-06_2,29,none,,niblack,docling_easyocr,qwen,5,0,0,0,5,0.0,0.0,0.0,0,,,,,38.972365445,1
ojo_2022-04-06_2,29,none,,niblack,docling_rapidocr,qwen,5,0,0,0,5,0.0,0.0,0.0,0,,,,,10.786326713,1
ojo_2022-04-06_2,29,none,,none_color,docling_easyocr,qwen,5,0,0,0,5,0.0,0.0,0.0,0,,,,,69.248855927,1
ojo_2022-04-06_2,29,none,,none_color,docling_rapidocr,qwen,5,4,2,2,3,0.5,0.4,0.444444,4,0.6775947736474053,0.9583333333333334,1.1121115122705305,1.3082315869614258,19.356622556,0
ojo_2022-04-06_2,29,none,,none_grayscale,docling_easyocr,qwen,5,0,0,0,5,0.0,0.0,0.0,0,,,,,68.684467891,1
ojo_2022-04-06_2,29,none,,none_grayscale,docling_rapidocr,qwen,5,4,2,2,3,0.5,0.4,0.444444,4,0.6775947736474053,0.9583333333333334,1.1121115122705305,1.3082315869614258,18.18856273,0
ojo_2022-04-06_2,29,none,,otsu,docling_easyocr,qwen,5,0,0,0,5,0.0,0.0,0.0,0,,,,,72.019128659,1
ojo_2022-04-06_2,29,none,,otsu,docling_rapidocr,qwen,5,0,0,0,5,0.0,0.0,0.0,0,,,,,19.360158303,1
ojo_2022-04-06_2,30,none,,adaptive_gaussian,docling_easyocr,qwen,5,0,0,0,5,0.0,0.0,0.0,0,,,,,39.26668518,1
ojo_2022-04-06_2,30,none,,adaptive_gaussian,docling_rapidocr,qwen,5,0,0,0,5,0.0,0.0,0.0,0,,,,,9.886094264,1
ojo_2022-04-06_2,30,none,,adaptive_mean,docling_easyocr,qwen,5,0,0,0,5,0.0,0.0,0.0,0,,,,,39.786467961,1
ojo_2022-04-06_2,30,none,,adaptive_mean,docling_rapidocr,qwen,5,0,0,0,5,0.0,0.0,0.0,0,,,,,9.562840632,1
ojo_2022-04-06_2,30,none,,basic,docling_easyocr,qwen,5,0,0,0,5,0.0,0.0,0.0,0,,,,,39.075336959,1
ojo_2022-04-06_2,30,none,,basic,docling_rapidocr,qwen,5,0,0,0,5,0.0,0.0,0.0,0,,,,,15.396139171,1
ojo_2022-04-06_2,30,none,,niblack,docling_easyocr,qwen,5,0,0,0,5,0.0,0.0,0.0,0,,,,,36.738931006,1
ojo_2022-04-06_2,30,none,,none_color,docling_easyocr,qwen,5,0,0,0,5,0.0,0.0,0.0,0,,,,,39.558328177,1
ojo_2022-04-06_2,30,none,,none_color,docling_rapidocr,qwen,5,3,0,3,5,0.0,0.0,0.0,3,0.8988154146048882,1.0,1.0,1.0,17.926727082,0
ojo_2022-04-06_2,30,none,,none_grayscale,docling_easyocr,qwen,5,0,0,0,5,0.0,0.0,0.0,0,,,,,38.85464194,1
ojo_2022-04-06_2,30,none,,none_grayscale,docling_rapidocr,qwen,5,3,0,3,5,0.0,0.0,0.0,3,0.893912130754236,1.0,1.1080193425140836,1.773366418527709,18.90113094,0
ojo_2022-04-06_2,30,none,,otsu,docling_easyocr,qwen,5,0,0,0,5,0.0,0.0,0.0,0,,,,,42.714885571,1
ojo_2022-04-06_2,30,none,,otsu,docling_rapidocr,qwen,5,0,0,0,5,0.0,0.0,0.0,0,,,,,13.133233169,1
ojo_2022-04-06_2,30,none,,yannihorne,docling_easyocr,qwen,5,0,0,0,5,0.0,0.0,0.0,0,,,,,39.801664689,1
ojo_2022-04-06_2,30,none,,yannihorne,docling_rapidocr,qwen,5,0,0,0,5,0.0,0.0,0.0,0,,,,,9.6850966,1
ojo_2022-04-06_2,31,none,,adaptive_gaussian,docling_easyocr,qwen,5,0,0,0,5,0.0,0.0,0.0,0,,,,,39.066149312,1
ojo_2022-04-06_2,31,none,,adaptive_gaussian,docling_rapidocr,qwen,5,0,0,0,5,0.0,0.0,0.0,0,,,,,10.254192906,1
ojo_2022-04-06_2,31,none,,adaptive_mean,docling_easyocr,qwen,5,0,0,0,5,0.0,0.0,0.0,0,,,,,39.547824698,1
ojo_2022-04-06_2,31,none,,adaptive_mean,docling_rapidocr,qwen,5,0,0,0,5,0.0,0.0,0.0,0,,,,,10.188018161,1
ojo_2022-04-06_2,31,none,,basic,docling_easyocr,qwen,5,1,0,1,5,0.0,0.0,0.0,1,0.8181818181818182,1.0,1.0,1.0,44.050551585,0
ojo_2022-04-06_2,31,none,,basic,docling_rapidocr,qwen,5,0,0,0,5,0.0,0.0,0.0,0,,,,,17.786559752,1
ojo_2022-04-06_2,31,none,,none_color,docling_easyocr,qwen,5,0,0,0,5,0.0,0.0,0.0,0,,,,,36.719379596,1
ojo_2022-04-06_2,31,none,,none_color,docling_rapidocr,qwen,5,0,0,0,5,0.0,0.0,0.0,0,,,,,18.795176438,4
ojo_2022-04-06_2,31,none,,none_grayscale,docling_easyocr,qwen,5,0,0,0,5,0.0,0.0,0.0,0,,,,,43.261063031,1
ojo_2022-04-06_2,31,none,,none_grayscale,docling_rapidocr,qwen,5,3,0,3,5,0.0,0.0,0.0,3,1.254251012145749,1.2222222222222223,0.6897408849101319,0.9400330851943756,19.013450793,0
ojo_2022-04-06_2,31,none,,otsu,docling_easyocr,qwen,5,0,0,0,5,0.0,0.0,0.0,0,,,,,54.236250145,1
ojo_2022-04-06_2,31,none,,otsu,docling_rapidocr,qwen,5,0,0,0,5,0.0,0.0,0.0,0,,,,,17.822500927,1
ojo_2022-04-06_2,32,none,,adaptive_gaussian,docling_easyocr,qwen,5,0,0,0,5,0.0,0.0,0.0,0,,,,,35.412306198,1
ojo_2022-04-06_2,32,none,,adaptive_gaussian,docling_rapidocr,qwen,5,0,0,0,5,0.0,0.0,0.0,0,,,,,9.962823996,1
ojo_2022-04-06_2,32,none,,adaptive_mean,docling_easyocr,qwen,5,0,0,0,5,0.0,0.0,0.0,0,,,,,39.994739349,1
ojo_2022-04-06_2,32,none,,adaptive_mean,docling_rapidocr,qwen,5,0,0,0,5,0.0,0.0,0.0,0,,,,,10.086731489,1
ojo_2022-04-06_2,32,none,,basic,docling_easyocr,qwen,5,0,0,0,5,0.0,0.0,0.0,0,,,,,39.016085535,1
ojo_2022-04-06_2,32,none,,basic,docling_rapidocr,qwen,5,0,0,0,5,0.0,0.0,0.0,0,,,,,10.307401091,1
ojo_2022-04-06_2,32,none,,niblack,docling_easyocr,qwen,5,0,0,0,5,0.0,0.0,0.0,0,,,,,40.563946198,1
ojo_2022-04-06_2,32,none,,niblack,docling_rapidocr,qwen,5,0,0,0,5,0.0,0.0,0.0,0,,,,,9.966504763,1
ojo_2022-04-06_2,32,none,,none_color,docling_easyocr,qwen,5,0,0,0,5,0.0,0.0,0.0,0,,,,,40.739021212,1
ojo_2022-04-06_2,32,none,,none_color,docling_rapidocr,qwen,5,1,0,1,5,0.0,0.0,0.0,1,0.8947368421052632,1.0,0.8406593406593407,0.967741935483871,18.179513126,0
ojo_2022-04-06_2,32,none,,none_grayscale,docling_easyocr,qwen,5,0,0,0,5,0.0,0.0,0.0,0,,,,,41.034459978,1
ojo_2022-04-06_2,32,none,,none_grayscale,docling_rapidocr,qwen,5,4,0,4,5,0.0,0.0,0.0,4,2.4006849875270926,1.5833333333333335,1.2867158061552346,1.618865845176329,18.866441876,0
ojo_2022-04-06_2,32,none,,otsu,docling_easyocr,qwen,5,0,0,0,5,0.0,0.0,0.0,0,,,,,40.113573462,1
ojo_2022-04-06_2,32,none,,otsu,docling_rapidocr,qwen,5,0,0,0,5,0.0,0.0,0.0,0,,,,,12.791819006,1
ojo_2022-04-06_2,32,none,,yannihorne,docling_easyocr,qwen,5,0,0,0,5,0.0,0.0,0.0,0,,,,,39.328005463,1
ojo_2022-04-06_2,32,none,,yannihorne,docling_rapidocr,qwen,5,0,0,0,5,0.0,0.0,0.0,0,,,,,9.875281483,1
ojo_2022-04-06_2,33,none,,adaptive_gaussian,docling_easyocr,qwen,5,0,0,0,5,0.0,0.0,0.0,0,,,,,39.482819229,1
ojo_2022-04-06_2,33,none,,adaptive_gaussian,docling_rapidocr,qwen,5,0,0,0,5,0.0,0.0,0.0,0,,,,,10.051864058,1
ojo_2022-04-06_2,33,none,,adaptive_mean,docling_easyocr,qwen,5,0,0,0,5,0.0,0.0,0.0,0,,,,,39.667005926,1
ojo_2022-04-06_2,33,none,,adaptive_mean,docling_rapidocr,qwen,5,0,0,0,5,0.0,0.0,0.0,0,,,,,10.368994623,1
ojo_2022-04-06_2,33,none,,basic,docling_easyocr,qwen,5,0,0,0,5,0.0,0.0,0.0,0,,,,,40.395012144,1
ojo_2022-04-06_2,33,none,,basic,docling_rapidocr,qwen,5,1,0,1,5,0.0,0.0,0.0,1,0.8484848484848485,1.0,1.0,1.0,10.295401577,0
ojo_2022-04-06_2,33,none,,niblack,docling_easyocr,qwen,5,0,0,0,5,0.0,0.0,0.0,0,,,,,39.832578941,1
ojo_2022-04-06_2,33,none,,niblack,docling_rapidocr,qwen,5,0,0,0,5,0.0,0.0,0.0,0,,,,,9.997138067,1
ojo_2022-04-06_2,33,none,,none_color,docling_easyocr,qwen,5,0,0,0,5,0.0,0.0,0.0,0,,,,,43.563896183,1
ojo_2022-04-06_2,33,none,,none_color,docling_rapidocr,qwen,5,4,0,4,5,0.0,0.0,0.0,3,0.8509521667416404,0.9444444444444445,0.9289917574178069,0.9743589743589745,10.771465544,0
ojo_2022-04-06_2,33,none,,none_grayscale,docling_easyocr,qwen,5,0,0,0,5,0.0,0.0,0.0,0,,,,,43.259147648,1
ojo_2022-04-06_2,33,none,,none_grayscale,docling_rapidocr,qwen,5,0,0,0,5,0.0,0.0,0.0,0,,,,,14.327835325,3
ojo_2022-04-06_2,33,none,,otsu,docling_easyocr,qwen,5,0,0,0,5,0.0,0.0,0.0,0,,,,,42.286893206,1
ojo_2022-04-06_2,33,none,,otsu,docling_rapidocr,qwen,5,0,0,0,5,0.0,0.0,0.0,0,,,,,10.247813301,1
ojo_2022-04-06_2,33,none,,yannihorne,docling_easyocr,qwen,5,0,0,0,5,0.0,0.0,0.0,0,,,,,38.003819065,1
ojo_2022-04-06_2,33,none,,yannihorne,docling_rapidocr,qwen,5,0,0,0,5,0.0,0.0,0.0,0,,,,,10.179200249,1
ojo_2022-04-06_2,34,none,,adaptive_gaussian,docling_easyocr,qwen,5,0,0,0,5,0.0,0.0,0.0,0,,,,,35.852633055,1
ojo_2022-04-06_2,34,none,,adaptive_gaussian,docling_rapidocr,qwen,5,0,0,0,5,0.0,0.0,0.0,0,,,,,10.476583536,1
ojo_2022-04-06_2,34,none,,adaptive_mean,docling_easyocr,qwen,5,0,0,0,5,0.0,0.0,0.0,0,,,,,39.257293518,1
ojo_2022-04-06_2,34,none,,adaptive_mean,docling_rapidocr,qwen,5,0,0,0,5,0.0,0.0,0.0,0,,,,,10.007452543,1
ojo_2022-04-06_2,34,none,,basic,docling_easyocr,qwen,5,0,0,0,5,0.0,0.0,0.0,0,,,,,51.883711725,1
ojo_2022-04-06_2,34,none,,basic,docling_rapidocr,qwen,5,4,0,4,5,0.0,0.0,0.0,1,0.8484848484848485,1.0,1.0,1.0,16.48100248,0
ojo_2022-04-06_2,34,none,,niblack,docling_easyocr,qwen,5,0,0,0,5,0.0,0.0,0.0,0,,,,,39.09687793,1
ojo_2022-04-06_2,34,none,,niblack,docling_rapidocr,qwen,5,0,0,0,5,0.0,0.0,0.0,0,,,,,9.29016268,1
ojo_2022-04-06_2,34,none,,none_color,docling_easyocr,qwen,5,0,0,0,5,0.0,0.0,0.0,0,,,,,39.54995504,1
ojo_2022-04-06_2,34,none,,none_color,docling_rapidocr,qwen,5,3,2,1,3,0.666667,0.4,0.5,3,0.8665112665112665,0.9444444444444445,0.2455448717827399,0.3482912418906395,17.116604477,0
ojo_2022-04-06_2,34,none,,none_grayscale,docling_easyocr,qwen,5,0,0,0,5,0.0,0.0,0.0,0,,,,,40.630576521,1
ojo_2022-04-06_2,34,none,,none_grayscale,docling_rapidocr,qwen,5,0,0,0,5,0.0,0.0,0.0,0,,,,,19.133316666,3
ojo_2022-04-06_2,34,none,,otsu,docling_easyocr,qwen,5,0,0,0,5,0.0,0.0,0.0,0,,,,,44.644137842,1
ojo_2022-04-06_2,34,none,,otsu,docling_rapidocr,qwen,5,0,0,0,5,0.0,0.0,0.0,0,,,,,10.87750004,1
ojo_2022-04-06_2,35,none,,adaptive_gaussian,docling_easyocr,qwen,5,0,0,0,5,0.0,0.0,0.0,0,,,,,37.647126492,1
ojo_2022-04-06_2,35,none,,adaptive_gaussian,docling_rapidocr,qwen,5,0,0,0,5,0.0,0.0,0.0,0,,,,,10.242247637,1
ojo_2022-04-06_2,35,none,,adaptive_mean,docling_easyocr,qwen,5,0,0,0,5,0.0,0.0,0.0,0,,,,,40.192614849,1
ojo_2022-04-06_2,35,none,,adaptive_mean,docling_rapidocr,qwen,5,0,0,0,5,0.0,0.0,0.0,0,,,,,10.167720373,1
ojo_2022-04-06_2,35,none,,basic,docling_easyocr,qwen,5,0,0,0,5,0.0,0.0,0.0,0,,,,,39.693349033,1
ojo_2022-04-06_2,35,none,,basic,docling_rapidocr,qwen,5,0,0,0,5,0.0,0.0,0.0,0,,,,,10.249642521,1
ojo_2022-04-06_2,35,none,,none_color,docling_easyocr,qwen,5,0,0,0,5,0.0,0.0,0.0,0,,,,,42.163678557,1
ojo_2022-04-06_2,35,none,,none_color,docling_rapidocr,qwen,5,3,0,3,5,0.0,0.0,0.0,3,0.8111860848702954,0.9444444444444445,1.0,1.0,9.542767435,0
ojo_2022-04-06_2,35,none,,none_grayscale,docling_easyocr,qwen,5,0,0,0,5,0.0,0.0,0.0,0,,,,,41.949318558,1
ojo_2022-04-06_2,35,none,,none_grayscale,docling_rapidocr,qwen,5,3,0,3,5,0.0,0.0,0.0,3,0.8111860848702954,0.9444444444444445,1.0,1.0,9.866706282,0
ojo_2022-04-06_2,35,none,,otsu,docling_easyocr,qwen,5,0,0,0,5,0.0,0.0,0.0,0,,,,,40.553648252,1
ojo_2022-04-06_2,35,none,,otsu,docling_rapidocr,qwen,5,0,0,0,5,0.0,0.0,0.0,0,,,,,10.473696727,1
ojo_2022-04-06_2,36,none,,adaptive_gaussian,docling_easyocr,qwen,5,0,0,0,5,0.0,0.0,0.0,0,,,,,188.791292686,1
ojo_2022-04-06_2,36,none,,adaptive_gaussian,docling_rapidocr,qwen,5,0,0,0,5,0.0,0.0,0.0,0,,,,,143.291106242,1
ojo_2022-04-06_2,36,none,,adaptive_mean,docling_easyocr,qwen,5,0,0,0,5,0.0,0.0,0.0,0,,,,,168.601276178,1
ojo_2022-04-06_2,36,none,,adaptive_mean,docling_rapidocr,qwen,5,0,0,0,5,0.0,0.0,0.0,0,,,,,161.040411491,1
ojo_2022-04-06_2,36,none,,basic,docling_easyocr,qwen,5,0,0,0,5,0.0,0.0,0.0,0,,,,,34.154797427,1
ojo_2022-04-06_2,36,none,,basic,docling_rapidocr,qwen,5,0,0,0,5,0.0,0.0,0.0,0,,,,,11.008228414,1
ojo_2022-04-06_2,36,none,,niblack,docling_easyocr,qwen,5,0,0,0,5,0.0,0.0,0.0,0,,,,,39.66024557,1
ojo_2022-04-06_2,36,none,,niblack,docling_rapidocr,qwen,5,0,0,0,5,0.0,0.0,0.0,0,,,,,9.858930024,1
ojo_2022-04-06_2,36,none,,none_color,docling_easyocr,qwen,5,0,0,0,5,0.0,0.0,0.0,0,,,,,41.488294952,1
ojo_2022-04-06_2,36,none,,none_color,docling_rapidocr,qwen,5,0,0,0,5,0.0,0.0,0.0,0,,,,,19.122415893,1
ojo_2022-04-06_2,36,none,,none_grayscale,docling_easyocr,qwen,5,0,0,0,5,0.0,0.0,0.0,0,,,,,42.6437205,1
ojo_2022-04-06_2,36,none,,none_grayscale,docling_rapidocr,qwen,5,0,0,0,5,0.0,0.0,0.0,0,,,,,19.309066407,1
ojo_2022-04-06_2,36,none,,otsu,docling_easyocr,qwen,5,0,0,0,5,0.0,0.0,0.0,0,,,,,43.675594753,1
ojo_2022-04-06_2,36,none,,otsu,docling_rapidocr,qwen,5,0,0,0,5,0.0,0.0,0.0,0,,,,,16.538872426,1
ojo_2022-04-06_2,37,none,,adaptive_gaussian,docling_easyocr,qwen,5,0,0,0,5,0.0,0.0,0.0,0,,,,,41.306977363,1
ojo_2022-04-06_2,37,none,,adaptive_gaussian,docling_rapidocr,qwen,5,0,0,0,5,0.0,0.0,0.0,0,,,,,10.149370284,1
ojo_2022-04-06_2,37,none,,adaptive_mean,docling_easyocr,qwen,5,0,0,0,5,0.0,0.0,0.0,0,,,,,35.838446231,1
ojo_2022-04-06_2,37,none,,adaptive_mean,docling_rapidocr,qwen,5,0,0,0,5,0.0,0.0,0.0,0,,,,,8.913183542,1
ojo_2022-04-06_2,37,none,,basic,docling_easyocr,qwen,5,0,0,0,5,0.0,0.0,0.0,0,,,,,58.253955072,1
ojo_2022-04-06_2,37,none,,basic,docling_rapidocr,qwen,5,0,0,0,5,0.0,0.0,0.0,0,,,,,18.599432414,1
ojo_2022-04-06_2,37,none,,niblack,docling_easyocr,qwen,5,0,0,0,5,0.0,0.0,0.0,0,,,,,41.408935222,1
ojo_2022-04-06_2,37,none,,niblack,docling_rapidocr,qwen,5,0,0,0,5,0.0,0.0,0.0,0,,,,,10.238474521,1
ojo_2022-04-06_2,37,none,,none_color,docling_easyocr,qwen,5,0,0,0,5,0.0,0.0,0.0,0,,,,,44.254008954,1
ojo_2022-04-06_2,37,none,,none_color,docling_rapidocr,qwen,5,0,0,0,5,0.0,0.0,0.0,0,,,,,20.206340497,1
ojo_2022-04-06_2,37,none,,none_grayscale,docling_easyocr,qwen,5,0,0,0,5,0.0,0.0,0.0,0,,,,,44.202939456,1
ojo_2022-04-06_2,37,none,,none_grayscale,docling_rapidocr,qwen,5,0,0,0,5,0.0,0.0,0.0,0,,,,,20.020147746,1
ojo_2022-04-06_2,37,none,,otsu,docling_easyocr,qwen,5,0,0,0,5,0.0,0.0,0.0,0,,,,,52.252097863,1
ojo_2022-04-06_2,37,none,,otsu,docling_rapidocr,qwen,5,0,0,0,5,0.0,0.0,0.0,0,,,,,18.985495824,1
ojo_2022-04-06_2,38,none,,adaptive_gaussian,docling_easyocr,qwen,5,0,0,0,5,0.0,0.0,0.0,0,,,,,35.723049327,1
ojo_2022-04-06_2,38,none,,adaptive_gaussian,docling_rapidocr,qwen,5,0,0,0,5,0.0,0.0,0.0,0,,,,,8.80035822,1
ojo_2022-04-06_2,38,none,,adaptive_mean,docling_easyocr,qwen,5,0,0,0,5,0.0,0.0,0.0,0,,,,,40.873652383,1
ojo_2022-04-06_2,38,none,,adaptive_mean,docling_rapidocr,qwen,5,0,0,0,5,0.0,0.0,0.0,0,,,,,10.464387103,1
ojo_2022-04-06_2,38,none,,basic,docling_easyocr,qwen,5,0,0,0,5,0.0,0.0,0.0,0,,,,,43.477060813,1
ojo_2022-04-06_2,38,none,,basic,docling_rapidocr,qwen,5,0,0,0,5,0.0,0.0,0.0,0,,,,,13.892165202,1
ojo_2022-04-06_2,38,none,,niblack,docling_easyocr,qwen,5,0,0,0,5,0.0,0.0,0.0,0,,,,,40.216617809,1
ojo_2022-04-06_2,38,none,,niblack,docling_rapidocr,qwen,5,0,0,0,5,0.0,0.0,0.0,0,,,,,9.512206064,1
ojo_2022-04-06_2,38,none,,none_color,docling_easyocr,qwen,5,0,0,0,5,0.0,0.0,0.0,0,,,,,43.539991636,1
ojo_2022-04-06_2,38,none,,none_color,docling_rapidocr,qwen,5,3,0,3,5,0.0,0.0,0.0,2,0.8576248313090418,1.0833333333333335,1.0,1.0,18.923279304,0
ojo_2022-04-06_2,38,none,,none_grayscale,docling_easyocr,qwen,5,0,0,0,5,0.0,0.0,0.0,0,,,,,42.086475629,1
ojo_2022-04-06_2,38,none,,none_grayscale,docling_rapidocr,qwen,5,3,0,3,5,0.0,0.0,0.0,2,0.8576248313090418,1.0833333333333335,1.0,1.0,18.05907442,0
ojo_2022-04-06_2,38,none,,otsu,docling_easyocr,qwen,5,0,0,0,5,0.0,0.0,0.0,0,,,,,41.177635211,1
ojo_2022-04-06_2,38,none,,otsu,docling_rapidocr,qwen,5,0,0,0,5,0.0,0.0,0.0,0,,,,,15.05879857,1
ojo_2022-04-06_2,39,none,,adaptive_gaussian,docling_easyocr,qwen,5,0,0,0,5,0.0,0.0,0.0,0,,,,,48.000435214,1
ojo_2022-04-06_2,39,none,,adaptive_gaussian,docling_rapidocr,qwen,5,0,0,0,5,0.0,0.0,0.0,0,,,,,17.713887553,1
ojo_2022-04-06_2,39,none,,adaptive_mean,docling_easyocr,qwen,5,0,0,0,5,0.0,0.0,0.0,0,,,,,48.641302448,1
ojo_2022-04-06_2,39,none,,adaptive_mean,docling_rapidocr,qwen,5,0,0,0,5,0.0,0.0,0.0,0,,,,,18.135570865,1
ojo_2022-04-06_2,39,none,,basic,docling_easyocr,qwen,5,0,0,0,5,0.0,0.0,0.0,0,,,,,65.14979811,1
ojo_2022-04-06_2,39,none,,basic,docling_rapidocr,qwen,5,4,0,4,5,0.0,0.0,0.0,4,0.8368666421298001,1.0,1.0,1.0,23.788163617,0
ojo_2022-04-06_2,39,none,,niblack,docling_easyocr,qwen,5,0,0,0,5,0.0,0.0,0.0,0,,,,,48.329447026,1
ojo_2022-04-06_2,39,none,,niblack,docling_rapidocr,qwen,5,0,0,0,5,0.0,0.0,0.0,0,,,,,16.647231336,1
ojo_2022-04-06_2,39,none,,none_color,docling_easyocr,qwen,5,0,0,0,5,0.0,0.0,0.0,0,,,,,77.444228366,1
ojo_2022-04-06_2,39,none,,none_color,docling_rapidocr,qwen,5,0,0,0,5,0.0,0.0,0.0,0,,,,,25.981399015,1
ojo_2022-04-06_2,39,none,,none_grayscale,docling_easyocr,qwen,5,0,0,0,5,0.0,0.0,0.0,0,,,,,75.266320184,1
ojo_2022-04-06_2,39,none,,none_grayscale,docling_rapidocr,qwen,5,0,0,0,5,0.0,0.0,0.0,0,,,,,25.981746152,1
ojo_2022-04-06_2,39,none,,otsu,docling_easyocr,qwen,5,0,0,0,5,0.0,0.0,0.0,0,,,,,73.943189793,1
ojo_2022-04-06_2,39,none,,otsu,docling_rapidocr,qwen,5,4,2,2,3,0.5,0.4,0.444444,4,1.042099128941234,0.9583333333333334,0.818609893678308,1.1913201885480111,26.687384539,0
ojo_2022-04-06_2,40,none,,adaptive_gaussian,docling_easyocr,qwen,5,0,0,0,5,0.0,0.0,0.0,0,,,,,48.49666309,1
ojo_2022-04-06_2,40,none,,adaptive_gaussian,docling_rapidocr,qwen,5,0,0,0,5,0.0,0.0,0.0,0,,,,,17.887529608,1
ojo_2022-04-06_2,40,none,,adaptive_mean,docling_easyocr,qwen,5,0,0,0,5,0.0,0.0,0.0,0,,,,,49.072528048,1
ojo_2022-04-06_2,40,none,,adaptive_mean,docling_rapidocr,qwen,5,0,0,0,5,0.0,0.0,0.0,0,,,,,17.794958754,1
ojo_2022-04-06_2,40,none,,basic,docling_easyocr,qwen,5,0,0,0,5,0.0,0.0,0.0,0,,,,,72.931639689,1
ojo_2022-04-06_2,40,none,,basic,docling_rapidocr,qwen,5,0,0,0,5,0.0,0.0,0.0,0,,,,,25.69900133,4
ojo_2022-04-06_2,40,none,,niblack,docling_easyocr,qwen,5,0,0,0,5,0.0,0.0,0.0,0,,,,,47.613589583,1
ojo_2022-04-06_2,40,none,,niblack,docling_rapidocr,qwen,5,0,0,0,5,0.0,0.0,0.0,0,,,,,17.042897044,1
ojo_2022-04-06_2,40,none,,none_color,docling_easyocr,qwen,5,0,0,0,5,0.0,0.0,0.0,0,,,,,74.072562236,1
ojo_2022-04-06_2,40,none,,none_color,docling_rapidocr,qwen,5,1,0,1,5,0.0,0.0,0.0,1,0.868421052631579,1.0,1.054945054945055,1.2903225806451613,26.71920945,0
ojo_2022-04-06_2,40,none,,none_grayscale,docling_easyocr,qwen,5,0,0,0,5,0.0,0.0,0.0,0,,,,,66.165365714,1
ojo_2022-04-06_2,40,none,,none_grayscale,docling_rapidocr,qwen,5,0,0,0,5,0.0,0.0,0.0,0,,,,,26.891268986,1
ojo_2022-04-06_2,40,none,,otsu,docling_easyocr,qwen,5,0,0,0,5,0.0,0.0,0.0,0,,,,,75.121878953,1
ojo_2022-04-06_2,40,none,,otsu,docling_rapidocr,qwen,5,4,1,3,4,0.25,0.2,0.222222,4,2.428125383388541,1.5833333333333335,1.0787947795612305,1.4078402276486952,26.274221034,0
ojo_2022-04-06_2,41,none,,adaptive_gaussian,docling_easyocr,qwen,5,0,0,0,5,0.0,0.0,0.0,0,,,,,48.4299632,1
ojo_2022-04-06_2,41,none,,adaptive_gaussian,docling_rapidocr,qwen,5,0,0,0,5,0.0,0.0,0.0,0,,,,,16.607327073,1
ojo_2022-04-06_2,41,none,,adaptive_mean,docling_easyocr,qwen,5,0,0,0,5,0.0,0.0,0.0,0,,,,,48.495639651,1
ojo_2022-04-06_2,41,none,,adaptive_mean,docling_rapidocr,qwen,5,0,0,0,5,0.0,0.0,0.0,0,,,,,17.714167206,1
ojo_2022-04-06_2,41,none,,basic,docling_easyocr,qwen,5,0,0,0,5,0.0,0.0,0.0,0,,,,,54.225531283,1
ojo_2022-04-06_2,41,none,,basic,docling_rapidocr,qwen,5,4,0,4,5,0.0,0.0,0.0,4,0.8565769026295342,1.0,0.9945054945054945,1.0,24.661422673,0
ojo_2022-04-06_2,41,none,,niblack,docling_easyocr,qwen,5,0,0,0,5,0.0,0.0,0.0,0,,,,,43.383509619,1
ojo_2022-04-06_2,41,none,,niblack,docling_rapidocr,qwen,5,0,0,0,5,0.0,0.0,0.0,0,,,,,16.763724549,1
ojo_2022-04-06_2,41,none,,none_color,docling_easyocr,qwen,5,0,0,0,5,0.0,0.0,0.0,0,,,,,75.0496797,1
ojo_2022-04-06_2,41,none,,none_color,docling_rapidocr,qwen,5,0,0,0,5,0.0,0.0,0.0,0,,,,,26.656800452,4
ojo_2022-04-06_2,41,none,,none_grayscale,docling_easyocr,qwen,5,0,0,0,5,0.0,0.0,0.0,0,,,,,74.104127827,1
ojo_2022-04-06_2,41,none,,none_grayscale,docling_rapidocr,qwen,5,0,0,0,5,0.0,0.0,0.0,0,,,,,23.706665221,4
ojo_2022-04-06_2,41,none,,otsu,docling_easyocr,qwen,5,0,0,0,5,0.0,0.0,0.0,0,,,,,74.522054854,1
ojo_2022-04-06_2,41,none,,otsu,docling_rapidocr,qwen,5,0,0,0,5,0.0,0.0,0.0,0,,,,,25.623280469,1
ojo_2022-04-06_2,42,none,,adaptive_gaussian,docling_easyocr,qwen,5,0,0,0,5,0.0,0.0,0.0,0,,,,,39.621726199,1
ojo_2022-04-06_2,42,none,,adaptive_gaussian,docling_rapidocr,qwen,5,0,0,0,5,0.0,0.0,0.0,0,,,,,9.531677647,1
ojo_2022-04-06_2,42,none,,adaptive_mean,docling_easyocr,qwen,5,0,0,0,5,0.0,0.0,0.0,0,,,,,35.308478995,1
ojo_2022-04-06_2,42,none,,adaptive_mean,docling_rapidocr,qwen,5,0,0,0,5,0.0,0.0,0.0,0,,,,,9.552403851,1
ojo_2022-04-06_2,42,none,,basic,docling_easyocr,qwen,5,0,0,0,5,0.0,0.0,0.0,0,,,,,58.780835408,1
ojo_2022-04-06_2,42,none,,basic,docling_rapidocr,qwen,5,1,0,1,5,0.0,0.0,0.0,1,0.9210526315789473,1.0,0.9505494505494505,1.0,17.663283366,0
ojo_2022-04-06_2,42,none,,none_color,docling_easyocr,qwen,5,0,0,0,5,0.0,0.0,0.0,0,,,,,56.91461994,1
ojo_2022-04-06_2,42,none,,none_color,docling_rapidocr,qwen,5,0,0,0,5,0.0,0.0,0.0,0,,,,,18.13920595,4
ojo_2022-04-06_2,42,none,,none_grayscale,docling_easyocr,qwen,5,0,0,0,5,0.0,0.0,0.0,0,,,,,56.37188341,1
ojo_2022-04-06_2,42,none,,none_grayscale,docling_rapidocr,qwen,5,1,0,1,5,0.0,0.0,0.0,1,0.868421052631579,1.0,0.7857142857142857,0.9354838709677419,18.340562123,0
ojo_2022-04-06_2,42,none,,otsu,docling_easyocr,qwen,5,0,0,0,5,0.0,0.0,0.0,0,,,,,64.19076261,1
ojo_2022-04-06_2,42,none,,otsu,docling_rapidocr,qwen,5,3,0,3,5,0.0,0.0,0.0,3,0.9181886339781077,1.0,0.6685157840101837,0.9407051282051282,18.116960139,0
ojo_2022-04-06_2,43,none,,adaptive_gaussian,docling_easyocr,qwen,5,0,0,0,5,0.0,0.0,0.0,0,,,,,39.9230705,1
ojo_2022-04-06_2,43,none,,adaptive_gaussian,docling_rapidocr,qwen,5,0,0,0,5,0.0,0.0,0.0,0,,,,,9.560066769,1
ojo_2022-04-06_2,43,none,,adaptive_mean,docling_easyocr,qwen,5,0,0,0,5,0.0,0.0,0.0,0,,,,,39.619122098,1
ojo_2022-04-06_2,43,none,,adaptive_mean,docling_rapidocr,qwen,5,0,0,0,5,0.0,0.0,0.0,0,,,,,9.302389214,1
ojo_2022-04-06_2,43,none,,basic,docling_easyocr,qwen,5,0,0,0,5,0.0,0.0,0.0,0,,,,,60.143388911,1
ojo_2022-04-06_2,43,none,,basic,docling_rapidocr,qwen,5,1,0,1,5,0.0,0.0,0.0,1,0.9210526315789473,1.0,2.978021978021978,2.5806451612903225,17.650356456,0
ojo_2022-04-06_2,43,none,,none_color,docling_easyocr,qwen,5,0,0,0,5,0.0,0.0,0.0,0,,,,,65.108230515,1
ojo_2022-04-06_2,43,none,,none_color,docling_rapidocr,qwen,5,2,1,1,4,0.5,0.2,0.285714,2,0.9525252525252526,1.0,0.537867594209456,0.8713160333642261,18.138268872,0
ojo_2022-04-06_2,43,none,,none_grayscale,docling_easyocr,qwen,5,0,0,0,5,0.0,0.0,0.0,0,,,,,56.105782672,1
ojo_2022-04-06_2,43,none,,none_grayscale,docling_rapidocr,qwen,5,5,2,3,3,0.4,0.4,0.4,5,2.5435055003476057,1.8800000000000001,0.682315504007491,0.9032735679917957,17.914689942,0
ojo_2022-04-06_2,43,none,,otsu,docling_easyocr,qwen,5,0,0,0,5,0.0,0.0,0.0,0,,,,,63.471982118,1
ojo_2022-04-06_2,43,none,,otsu,docling_rapidocr,qwen,5,3,0,3,5,0.0,0.0,0.0,3,1.0955697324118376,1.0,2.1888699533283784,2.273190966739354,15.66269457,0
ojo_2022-04-06_2,44,none,,adaptive_gaussian,docling_easyocr,qwen,5,0,0,0,5,0.0,0.0,0.0,0,,,,,40.40845556,1
ojo_2022-04-06_2,44,none,,adaptive_gaussian,docling_rapidocr,qwen,5,0,0,0,5,0.0,0.0,0.0,0,,,,,9.895282218,1
ojo_2022-04-06_2,44,none,,adaptive_mean,docling_easyocr,qwen,5,0,0,0,5,0.0,0.0,0.0,0,,,,,40.725663373,1
ojo_2022-04-06_2,44,none,,adaptive_mean,docling_rapidocr,qwen,5,0,0,0,5,0.0,0.0,0.0,0,,,,,10.029446551,1
ojo_2022-04-06_2,44,none,,basic,docling_easyocr,qwen,5,0,0,0,5,0.0,0.0,0.0,0,,,,,58.767517848,1
ojo_2022-04-06_2,44,none,,basic,docling_rapidocr,qwen,5,0,0,0,5,0.0,0.0,0.0,0,,,,,13.926969333,1
ojo_2022-04-06_2,44,none,,none_color,docling_easyocr,qwen,5,0,0,0,5,0.0,0.0,0.0,0,,,,,68.851415439,1
ojo_2022-04-06_2,44,none,,none_color,docling_rapidocr,qwen,5,0,0,0,5,0.0,0.0,0.0,0,,,,,18.737909837,1
ojo_2022-04-06_2,44,none,,none_grayscale,docling_easyocr,qwen,5,0,0,0,5,0.0,0.0,0.0,0,,,,,59.83374743,1
ojo_2022-04-06_2,44,none,,none_grayscale,docling_rapidocr,qwen,5,0,0,0,5,0.0,0.0,0.0,0,,,,,18.873854919,1
ojo_2022-04-06_2,44,none,,otsu,docling_easyocr,qwen,5,0,0,0,5,0.0,0.0,0.0,0,,,,,64.647666021,1
ojo_2022-04-06_2,44,none,,otsu,docling_rapidocr,qwen,5,0,0,0,5,0.0,0.0,0.0,0,,,,,18.073066039,4
ojo_2022-04-06_2,45,none,,adaptive_gaussian,docling_easyocr,qwen,5,0,0,0,5,0.0,0.0,0.0,0,,,,,40.358685451,1
ojo_2022-04-06_2,45,none,,adaptive_gaussian,docling_rapidocr,qwen,5,0,0,0,5,0.0,0.0,0.0,0,,,,,10.028197007,1
ojo_2022-04-06_2,45,none,,adaptive_mean,docling_easyocr,qwen,5,0,0,0,5,0.0,0.0,0.0,0,,,,,41.734890418,1
ojo_2022-04-06_2,45,none,,basic,docling_easyocr,qwen,5,0,0,0,5,0.0,0.0,0.0,0,,,,,39.121510318,1
ojo_2022-04-06_2,45,none,,basic,docling_rapidocr,qwen,5,0,0,0,5,0.0,0.0,0.0,0,,,,,10.596816829,1
ojo_2022-04-06_2,45,none,,otsu,docling_easyocr,qwen,5,0,0,0,5,0.0,0.0,0.0,0,,,,,35.973924926,1
ojo_2022-04-06_2,45,none,,otsu,docling_rapidocr,qwen,5,0,0,0,5,0.0,0.0,0.0,0,,,,,9.997162154,1
ojo_2022-04-06_2,45,none,,yannihorne,docling_easyocr,qwen,5,0,0,0,5,0.0,0.0,0.0,0,,,,,39.512252858,1
ojo_2022-04-06_2,46,none,,adaptive_gaussian,docling_easyocr,qwen,5,0,0,0,5,0.0,0.0,0.0,0,,,,,40.368871242,1
ojo_2022-04-06_2,46,none,,adaptive_gaussian,docling_rapidocr,qwen,5,0,0,0,5,0.0,0.0,0.0,0,,,,,9.495356113,1
ojo_2022-04-06_2,46,none,,adaptive_mean,docling_easyocr,qwen,5,0,0,0,5,0.0,0.0,0.0,0,,,,,40.135991603,1
ojo_2022-04-06_2,46,none,,basic,docling_easyocr,qwen,5,0,0,0,5,0.0,0.0,0.0,0,,,,,38.106531266,1
ojo_2022-04-06_2,46,none,,basic,docling_rapidocr,qwen,5,0,0,0,5,0.0,0.0,0.0,0,,,,,10.58058608,1
ojo_2022-04-06_2,46,none,,otsu,docling_easyocr,qwen,5,0,0,0,5,0.0,0.0,0.0,0,,,,,38.739791993,1
ojo_2022-04-06_2,46,none,,otsu,docling_rapidocr,qwen,5,0,0,0,5,0.0,0.0,0.0,0,,,,,10.49221981,1
ojo_2022-04-06_2,46,none,,yannihorne,docling_easyocr,qwen,5,0,0,0,5,0.0,0.0,0.0,0,,,,,39.271015529,1
ojo_2022-04-06_2,47,none,,adaptive_gaussian,docling_easyocr,qwen,5,0,0,0,5,0.0,0.0,0.0,0,,,,,39.780648738,1
ojo_2022-04-06_2,47,none,,adaptive_gaussian,docling_rapidocr,qwen,5,0,0,0,5,0.0,0.0,0.0,0,,,,,10.71525839,1
ojo_2022-04-06_2,47,none,,adaptive_mean,docling_easyocr,qwen,5,0,0,0,5,0.0,0.0,0.0,0,,,,,39.830749541,1
ojo_2022-04-06_2,47,none,,basic,docling_easyocr,qwen,5,0,0,0,5,0.0,0.0,0.0,0,,,,,39.777821902,1
ojo_2022-04-06_2,47,none,,basic,docling_rapidocr,qwen,5,0,0,0,5,0.0,0.0,0.0,0,,,,,10.90289915,1
ojo_2022-04-06_2,47,none,,otsu,docling_easyocr,qwen,5,0,0,0,5,0.0,0.0,0.0,0,,,,,33.810812529,1
ojo_2022-04-06_2,47,none,,otsu,docling_rapidocr,qwen,5,0,0,0,5,0.0,0.0,0.0,0,,,,,10.041704711,1
ojo_2022-04-06_2,47,none,,yannihorne,docling_easyocr,qwen,5,0,0,0,5,0.0,0.0,0.0,0,,,,,36.567136582,1
ojo_2022-04-06_2,48,none,,adaptive_gaussian,docling_easyocr,qwen,5,0,0,0,5,0.0,0.0,0.0,0,,,,,57.782126624,1
ojo_2022-04-06_2,48,none,,adaptive_gaussian,docling_rapidocr,qwen,5,0,0,0,5,0.0,0.0,0.0,0,,,,,31.484301049,1
ojo_2022-04-06_2,48,none,,adaptive_mean,docling_easyocr,qwen,5,0,0,0,5,0.0,0.0,0.0,0,,,,,57.593970019,1
ojo_2022-04-06_2,48,none,,adaptive_mean,docling_rapidocr,qwen,5,0,0,0,5,0.0,0.0,0.0,0,,,,,32.118354279,1
ojo_2022-04-06_2,48,none,,basic,docling_easyocr,qwen,5,1,0,1,5,0.0,0.0,0.0,1,0.8484848484848485,1.0,1.0,1.0,58.115062289,0
ojo_2022-04-06_2,48,none,,basic,docling_rapidocr,qwen,5,0,0,0,5,0.0,0.0,0.0,0,,,,,32.456399493,1
ojo_2022-04-06_2,48,none,,niblack,docling_easyocr,qwen,5,0,0,0,5,0.0,0.0,0.0,0,,,,,61.494733353,1
ojo_2022-04-06_2,48,none,,niblack,docling_rapidocr,qwen,5,0,0,0,5,0.0,0.0,0.0,0,,,,,32.067376157,1
ojo_2022-04-06_2,48,none,,none_color,docling_easyocr,qwen,5,0,0,0,5,0.0,0.0,0.0,0,,,,,63.016466908,1
ojo_2022-04-06_2,48,none,,none_color,docling_rapidocr,qwen,5,0,0,0,5,0.0,0.0,0.0,0,,,,,40.818332009,1
ojo_2022-04-06_2,48,none,,none_grayscale,docling_easyocr,qwen,5,0,0,0,5,0.0,0.0,0.0,0,,,,,63.798642926,1
ojo_2022-04-06_2,48,none,,none_grayscale,docling_rapidocr,qwen,5,0,0,0,5,0.0,0.0,0.0,0,,,,,41.104587846,1
ojo_2022-04-06_2,48,none,,otsu,docling_easyocr,qwen,5,0,0,0,5,0.0,0.0,0.0,0,,,,,57.407369428,1
ojo_2022-04-06_2,48,none,,otsu,docling_rapidocr,qwen,5,1,0,1,5,0.0,0.0,0.0,1,0.8484848484848485,1.0,0.9905548996458088,1.0,31.866245322,0
ojo_2022-04-06_2,49,none,,adaptive_gaussian,docling_easyocr,qwen,5,0,0,0,5,0.0,0.0,0.0,0,,,,,63.493781482,1
ojo_2022-04-06_2,49,none,,adaptive_gaussian,docling_rapidocr,qwen,5,0,0,0,5,0.0,0.0,0.0,0,,,,,32.795173798,1
ojo_2022-04-06_2,49,none,,adaptive_mean,docling_easyocr,qwen,5,0,0,0,5,0.0,0.0,0.0,0,,,,,63.062464391,1
ojo_2022-04-06_2,49,none,,adaptive_mean,docling_rapidocr,qwen,5,0,0,0,5,0.0,0.0,0.0,0,,,,,32.422827636,1
ojo_2022-04-06_2,49,none,,basic,docling_easyocr,qwen,5,1,0,1,5,0.0,0.0,0.0,1,0.8181818181818182,1.0,1.0,1.0,72.102250823,0
ojo_2022-04-06_2,49,none,,basic,docling_rapidocr,qwen,5,0,0,0,5,0.0,0.0,0.0,0,,,,,33.030297288,1
ojo_2022-04-06_2,49,none,,niblack,docling_easyocr,qwen,5,0,0,0,5,0.0,0.0,0.0,0,,,,,62.495103097,1
ojo_2022-04-06_2,49,none,,niblack,docling_rapidocr,qwen,5,0,0,0,5,0.0,0.0,0.0,0,,,,,32.308956599,1
ojo_2022-04-06_2,49,none,,none_color,docling_easyocr,qwen,5,0,0,0,5,0.0,0.0,0.0,0,,,,,63.537776717,1
ojo_2022-04-06_2,49,none,,none_color,docling_rapidocr,qwen,5,0,0,0,5,0.0,0.0,0.0,0,,,,,41.178869971,1
ojo_2022-04-06_2,49,none,,none_grayscale,docling_easyocr,qwen,5,0,0,0,5,0.0,0.0,0.0,0,,,,,63.55645419,1
ojo_2022-04-06_2,49,none,,none_grayscale,docling_rapidocr,qwen,5,0,0,0,5,0.0,0.0,0.0,0,,,,,41.49743081,1
ojo_2022-04-06_2,49,none,,otsu,docling_easyocr,qwen,5,0,0,0,5,0.0,0.0,0.0,0,,,,,73.68952609,1
ojo_2022-04-06_2,49,none,,otsu,docling_rapidocr,qwen,5,0,0,0,5,0.0,0.0,0.0,0,,,,,33.558764705,1
ojo_2022-04-06_2,50,none,,adaptive_gaussian,docling_easyocr,qwen,5,0,0,0,5,0.0,0.0,0.0,0,,,,,63.376434327,1
ojo_2022-04-06_2,50,none,,adaptive_gaussian,docling_rapidocr,qwen,5,0,0,0,5,0.0,0.0,0.0,0,,,,,33.491479636,1
ojo_2022-04-06_2,50,none,,adaptive_mean,docling_easyocr,qwen,5,0,0,0,5,0.0,0.0,0.0,0,,,,,59.589569569,1
ojo_2022-04-06_2,50,none,,adaptive_mean,docling_rapidocr,qwen,5,0,0,0,5,0.0,0.0,0.0,0,,,,,32.113848449,1
ojo_2022-04-06_2,50,none,,basic,docling_easyocr,qwen,5,0,0,0,5,0.0,0.0,0.0,0,,,,,62.015985106,1
ojo_2022-04-06_2,50,none,,basic,docling_rapidocr,qwen,5,0,0,0,5,0.0,0.0,0.0,0,,,,,31.704194163,1
ojo_2022-04-06_2,50,none,,niblack,docling_easyocr,qwen,5,0,0,0,5,0.0,0.0,0.0,0,,,,,61.531592814,1
ojo_2022-04-06_2,50,none,,niblack,docling_rapidocr,qwen,5,0,0,0,5,0.0,0.0,0.0,0,,,,,32.518111674,1
ojo_2022-04-06_2,50,none,,none_color,docling_easyocr,qwen,5,0,0,0,5,0.0,0.0,0.0,0,,,,,62.503954266,1
ojo_2022-04-06_2,50,none,,none_color,docling_rapidocr,qwen,5,0,0,0,5,0.0,0.0,0.0,0,,,,,40.114721631,1
ojo_2022-04-06_2,50,none,,none_grayscale,docling_easyocr,qwen,5,0,0,0,5,0.0,0.0,0.0,0,,,,,64.645221328,1
ojo_2022-04-06_2,50,none,,none_grayscale,docling_rapidocr,qwen,5,0,0,0,5,0.0,0.0,0.0,0,,,,,41.20759139,1
ojo_2022-04-06_2,50,none,,otsu,docling_easyocr,qwen,5,1,0,1,5,0.0,0.0,0.0,1,0.8181818181818182,1.0,1.0,1.0,63.414704179,0
ojo_2022-04-06_2,50,none,,otsu,docling_rapidocr,qwen,5,0,0,0,5,0.0,0.0,0.0,0,,,,,32.071208333,1
ojo_2022-04-06_2,51,none,,adaptive_gaussian,docling_easyocr,qwen,5,0,0,0,5,0.0,0.0,0.0,0,,,,,41.591270598,1
ojo_2022-04-06_2,51,none,,adaptive_gaussian,docling_rapidocr,qwen,5,0,0,0,5,0.0,0.0,0.0,0,,,,,10.942874822,1
ojo_2022-04-06_2,51,none,,adaptive_mean,docling_easyocr,qwen,5,0,0,0,5,0.0,0.0,0.0,0,,,,,41.601561936,1
ojo_2022-04-06_2,51,none,,adaptive_mean,docling_rapidocr,qwen,5,0,0,0,5,0.0,0.0,0.0,0,,,,,10.136891755,1
ojo_2022-04-06_2,51,none,,basic,docling_easyocr,qwen,5,0,0,0,5,0.0,0.0,0.0,0,,,,,65.998004681,1
ojo_2022-04-06_2,51,none,,basic,docling_rapidocr,qwen,5,1,0,1,5,0.0,0.0,0.0,1,0.868421052631579,1.0,0.7307692307692307,0.9032258064516129,17.924482829,0
ojo_2022-04-06_2,51,none,,niblack,docling_easyocr,qwen,5,0,0,0,5,0.0,0.0,0.0,0,,,,,39.242908172,1
ojo_2022-04-06_2,51,none,,niblack,docling_rapidocr,qwen,5,0,0,0,5,0.0,0.0,0.0,0,,,,,10.300839356,1
ojo_2022-04-06_2,51,none,,none_color,docling_easyocr,qwen,5,0,0,0,5,0.0,0.0,0.0,0,,,,,66.259022481,1
ojo_2022-04-06_2,51,none,,none_color,docling_rapidocr,qwen,5,0,0,0,5,0.0,0.0,0.0,0,,,,,18.9892366,4
ojo_2022-04-06_2,51,none,,none_grayscale,docling_easyocr,qwen,5,0,0,0,5,0.0,0.0,0.0,0,,,,,65.683588273,1
ojo_2022-04-06_2,51,none,,none_grayscale,docling_rapidocr,qwen,5,1,0,1,5,0.0,0.0,0.0,1,2.026315789473684,1.6666666666666667,1.434065934065934,1.4516129032258065,17.809232241,0
ojo_2022-04-06_2,51,none,,otsu,docling_easyocr,qwen,5,1,0,1,5,0.0,0.0,0.0,1,2.1315789473684212,1.6666666666666667,0.6923076923076923,0.8709677419354839,62.948874816,0
ojo_2022-04-06_2,51,none,,otsu,docling_rapidocr,qwen,5,0,0,0,5,0.0,0.0,0.0,0,,,,,19.561263189,3
ojo_2022-04-06_2,52,none,,adaptive_gaussian,docling_easyocr,qwen,5,0,0,0,5,0.0,0.0,0.0,0,,,,,40.697771011,1
ojo_2022-04-06_2,52,none,,adaptive_gaussian,docling_rapidocr,qwen,5,0,0,0,5,0.0,0.0,0.0,0,,,,,8.823761878,1
ojo_2022-04-06_2,52,none,,adaptive_mean,docling_easyocr,qwen,5,0,0,0,5,0.0,0.0,0.0,0,,,,,40.888212619,1
ojo_2022-04-06_2,52,none,,adaptive_mean,docling_rapidocr,qwen,5,0,0,0,5,0.0,0.0,0.0,0,,,,,10.707823692,1
ojo_2022-04-06_2,52,none,,basic,docling_easyocr,qwen,5,1,0,1,5,0.0,0.0,0.0,0,,,,,64.922457965,0
ojo_2022-04-06_2,52,none,,basic,docling_rapidocr,qwen,5,1,1,0,4,1.0,0.2,0.333333,1,0.8947368421052632,1.0,0.45054945054945056,0.8064516129032258,18.755797895,0
ojo_2022-04-06_2,52,none,,niblack,docling_easyocr,qwen,5,0,0,0,5,0.0,0.0,0.0,0,,,,,39.723820281,1
ojo_2022-04-06_2,52,none,,niblack,docling_rapidocr,qwen,5,0,0,0,5,0.0,0.0,0.0,0,,,,,9.620189739,1
ojo_2022-04-06_2,52,none,,none_color,docling_easyocr,qwen,5,0,0,0,5,0.0,0.0,0.0,0,,,,,64.920603784,1
ojo_2022-04-06_2,52,none,,none_color,docling_rapidocr,qwen,5,0,0,0,5,0.0,0.0,0.0,0,,,,,19.039625677,4
ojo_2022-04-06_2,52,none,,none_grayscale,docling_easyocr,qwen,5,0,0,0,5,0.0,0.0,0.0,0,,,,,59.797050508,1
ojo_2022-04-06_2,52,none,,none_grayscale,docling_rapidocr,qwen,5,1,0,1,5,0.0,0.0,0.0,1,0.8947368421052632,1.0,0.8681318681318682,1.1290322580645162,19.707926782,0
ojo_2022-04-06_2,52,none,,otsu,docling_easyocr,qwen,5,0,0,0,5,0.0,0.0,0.0,0,,,,,58.754721507,1
ojo_2022-04-06_2,52,none,,otsu,docling_rapidocr,qwen,5,0,0,0,5,0.0,0.0,0.0,0,,,,,16.976537094,4
ojo_2022-04-06_2,53,none,,adaptive_gaussian,docling_easyocr,qwen,5,0,0,0,5,0.0,0.0,0.0,0,,,,,42.082338106,1
ojo_2022-04-06_2,53,none,,adaptive_gaussian,docling_rapidocr,qwen,5,0,0,0,5,0.0,0.0,0.0,0,,,,,10.325802814,1
ojo_2022-04-06_2,53,none,,adaptive_mean,docling_easyocr,qwen,5,0,0,0,5,0.0,0.0,0.0,0,,,,,41.9137385,1
ojo_2022-04-06_2,53,none,,adaptive_mean,docling_rapidocr,qwen,5,0,0,0,5,0.0,0.0,0.0,0,,,,,10.182694208,1
ojo_2022-04-06_2,53,none,,basic,docling_easyocr,qwen,5,0,0,0,5,0.0,0.0,0.0,0,,,,,67.378873453,1
ojo_2022-04-06_2,53,none,,basic,docling_rapidocr,qwen,5,0,0,0,5,0.0,0.0,0.0,0,,,,,18.775587186,2
ojo_2022-04-06_2,53,none,,niblack,docling_easyocr,qwen,5,0,0,0,5,0.0,0.0,0.0,0,,,,,37.301478458,1
ojo_2022-04-06_2,53,none,,niblack,docling_rapidocr,qwen,5,0,0,0,5,0.0,0.0,0.0,0,,,,,10.10576303,1
ojo_2022-04-06_2,53,none,,none_color,docling_easyocr,qwen,5,0,0,0,5,0.0,0.0,0.0,0,,,,,67.200848207,1
ojo_2022-04-06_2,53,none,,none_color,docling_rapidocr,qwen,5,0,0,0,5,0.0,0.0,0.0,0,,,,,19.748222455,4
ojo_2022-04-06_2,53,none,,none_grayscale,docling_easyocr,qwen,5,0,0,0,5,0.0,0.0,0.0,0,,,,,67.461020574,1
ojo_2022-04-06_2,53,none,,none_grayscale,docling_rapidocr,qwen,5,0,0,0,5,0.0,0.0,0.0,0,,,,,19.538483962,4
ojo_2022-04-06_2,53,none,,otsu,docling_easyocr,qwen,5,0,0,0,5,0.0,0.0,0.0,0,,,,,59.681472883,1
ojo_2022-04-06_2,53,none,,otsu,docling_rapidocr,qwen,5,0,0,0,5,0.0,0.0,0.0,0,,,,,18.141371831,2
ojo_2022-12-28_20,0,none,,adaptive_gaussian,docling_easyocr,qwen,2,0,0,0,2,0.0,0.0,0.0,0,,,,,39.600827209,1
ojo_2022-12-28_20,0,none,,adaptive_gaussian,docling_rapidocr,qwen,2,0,0,0,2,0.0,0.0,0.0,0,,,,,9.72991418,1
ojo_2022-12-28_20,0,none,,adaptive_mean,docling_easyocr,qwen,2,0,0,0,2,0.0,0.0,0.0,0,,,,,39.217236511,1
ojo_2022-12-28_20,0,none,,adaptive_mean,docling_rapidocr,qwen,2,0,0,0,2,0.0,0.0,0.0,0,,,,,9.923635713,1
ojo_2022-12-28_20,0,none,,basic,docling_easyocr,qwen,2,0,0,0,2,0.0,0.0,0.0,0,,,,,40.836565103,1
ojo_2022-12-28_20,0,none,,basic,docling_rapidocr,qwen,2,0,0,0,2,0.0,0.0,0.0,0,,,,,10.771477785,1
ojo_2022-12-28_20,0,none,,niblack,docling_easyocr,qwen,2,0,0,0,2,0.0,0.0,0.0,0,,,,,39.785734064,1
ojo_2022-12-28_20,0,none,,niblack,docling_rapidocr,qwen,2,0,0,0,2,0.0,0.0,0.0,0,,,,,10.025906211,1
ojo_2022-12-28_20,0,none,,none_color,docling_easyocr,qwen,2,0,0,0,2,0.0,0.0,0.0,0,,,,,53.672150697,1
ojo_2022-12-28_20,0,none,,none_color,docling_rapidocr,qwen,2,0,0,0,2,0.0,0.0,0.0,0,,,,,15.84457549,1
ojo_2022-12-28_20,0,none,,none_grayscale,docling_easyocr,qwen,2,0,0,0,2,0.0,0.0,0.0,0,,,,,52.159931507,1
ojo_2022-12-28_20,0,none,,none_grayscale,docling_rapidocr,qwen,2,0,0,0,2,0.0,0.0,0.0,0,,,,,15.158823814,1
ojo_2022-12-28_20,0,none,,otsu,docling_easyocr,qwen,2,0,0,0,2,0.0,0.0,0.0,0,,,,,44.430285373,1
ojo_2022-12-28_20,0,none,,otsu,docling_rapidocr,qwen,2,0,0,0,2,0.0,0.0,0.0,0,,,,,13.474987188,1
ojo_2022-12-28_20,1,none,,adaptive_gaussian,docling_easyocr,qwen,2,0,0,0,2,0.0,0.0,0.0,0,,,,,35.36590225,1
ojo_2022-12-28_20,1,none,,adaptive_gaussian,docling_rapidocr,qwen,2,0,0,0,2,0.0,0.0,0.0,0,,,,,10.564616506,1
ojo_2022-12-28_20,1,none,,adaptive_mean,docling_easyocr,qwen,2,0,0,0,2,0.0,0.0,0.0,0,,,,,40.426276033,1
ojo_2022-12-28_20,1,none,,adaptive_mean,docling_rapidocr,qwen,2,0,0,0,2,0.0,0.0,0.0,0,,,,,8.642405574,1
ojo_2022-12-28_20,1,none,,basic,docling_easyocr,qwen,2,0,0,0,2,0.0,0.0,0.0,0,,,,,50.554636636,1
ojo_2022-12-28_20,1,none,,basic,docling_rapidocr,qwen,2,0,0,0,2,0.0,0.0,0.0,0,,,,,13.970670619,1
ojo_2022-12-28_20,1,none,,niblack,docling_easyocr,qwen,2,0,0,0,2,0.0,0.0,0.0,0,,,,,39.271554668,1
ojo_2022-12-28_20,1,none,,niblack,docling_rapidocr,qwen,2,0,0,0,2,0.0,0.0,0.0,0,,,,,9.650254924,1
ojo_2022-12-28_20,1,none,,none_color,docling_easyocr,qwen,2,0,0,0,2,0.0,0.0,0.0,0,,,,,46.707567611,1
ojo_2022-12-28_20,1,none,,none_color,docling_rapidocr,qwen,2,0,0,0,2,0.0,0.0,0.0,0,,,,,14.616207042,1
ojo_2022-12-28_20,1,none,,none_grayscale,docling_easyocr,qwen,2,0,0,0,2,0.0,0.0,0.0,0,,,,,52.333018937,1
ojo_2022-12-28_20,1,none,,none_grayscale,docling_rapidocr,qwen,2,0,0,0,2,0.0,0.0,0.0,0,,,,,15.78614203,1
ojo_2022-12-28_20,1,none,,otsu,docling_easyocr,qwen,2,0,0,0,2,0.0,0.0,0.0,0,,,,,46.29265371,1
ojo_2022-12-28_20,1,none,,otsu,docling_rapidocr,qwen,2,0,0,0,2,0.0,0.0,0.0,0,,,,,15.065570504,1
ojo_2022-12-28_20,2,none,,adaptive_gaussian,docling_easyocr,qwen,2,0,0,0,2,0.0,0.0,0.0,0,,,,,39.476460202,1
ojo_2022-12-28_20,2,none,,adaptive_gaussian,docling_rapidocr,qwen,2,0,0,0,2,0.0,0.0,0.0,0,,,,,9.643620236,1
ojo_2022-12-28_20,2,none,,adaptive_mean,docling_easyocr,qwen,2,0,0,0,2,0.0,0.0,0.0,0,,,,,40.265585883,1
ojo_2022-12-28_20,2,none,,adaptive_mean,docling_rapidocr,qwen,2,0,0,0,2,0.0,0.0,0.0,0,,,,,10.07810734,1
ojo_2022-12-28_20,2,none,,basic,docling_easyocr,qwen,2,0,0,0,2,0.0,0.0,0.0,0,,,,,39.876563387,1
ojo_2022-12-28_20,2,none,,basic,docling_rapidocr,qwen,2,0,0,0,2,0.0,0.0,0.0,0,,,,,9.768684226,1
ojo_2022-12-28_20,2,none,,niblack,docling_easyocr,qwen,2,0,0,0,2,0.0,0.0,0.0,0,,,,,38.978660151,1
ojo_2022-12-28_20,2,none,,niblack,docling_rapidocr,qwen,2,0,0,0,2,0.0,0.0,0.0,0,,,,,10.018663451,1
ojo_2022-12-28_20,2,none,,none_color,docling_easyocr,qwen,2,0,0,0,2,0.0,0.0,0.0,0,,,,,46.124389964,1
ojo_2022-12-28_20,2,none,,none_color,docling_rapidocr,qwen,2,0,0,0,2,0.0,0.0,0.0,0,,,,,14.616838055,1
ojo_2022-12-28_20,2,none,,none_grayscale,docling_easyocr,qwen,2,0,0,0,2,0.0,0.0,0.0,0,,,,,45.176624137,1
ojo_2022-12-28_20,2,none,,none_grayscale,docling_rapidocr,qwen,2,0,0,0,2,0.0,0.0,0.0,0,,,,,12.535263377,1
ojo_2022-12-28_20,2,none,,otsu,docling_easyocr,qwen,2,0,0,0,2,0.0,0.0,0.0,0,,,,,49.714171963,1
ojo_2022-12-28_20,2,none,,otsu,docling_rapidocr,qwen,2,0,0,0,2,0.0,0.0,0.0,0,,,,,15.493348914,1
ojo_2022-12-28_20,3,none,,adaptive_gaussian,docling_easyocr,qwen,2,0,0,0,2,0.0,0.0,0.0,0,,,,,40.123904616,1
ojo_2022-12-28_20,3,none,,adaptive_gaussian,docling_rapidocr,qwen,2,0,0,0,2,0.0,0.0,0.0,0,,,,,9.969271571,1
ojo_2022-12-28_20,3,none,,adaptive_mean,docling_easyocr,qwen,2,0,0,0,2,0.0,0.0,0.0,0,,,,,35.348741442,1
ojo_2022-12-28_20,3,none,,adaptive_mean,docling_rapidocr,qwen,2,0,0,0,2,0.0,0.0,0.0,0,,,,,8.945728213,1
ojo_2022-12-28_20,3,none,,basic,docling_easyocr,qwen,2,0,0,0,2,0.0,0.0,0.0,0,,,,,39.511947636,1
ojo_2022-12-28_20,3,none,,basic,docling_rapidocr,qwen,2,0,0,0,2,0.0,0.0,0.0,0,,,,,9.005442385,1
ojo_2022-12-28_20,3,none,,niblack,docling_easyocr,qwen,2,0,0,0,2,0.0,0.0,0.0,0,,,,,34.797184201,1
ojo_2022-12-28_20,3,none,,niblack,docling_rapidocr,qwen,2,0,0,0,2,0.0,0.0,0.0,0,,,,,8.773556204,1
ojo_2022-12-28_20,3,none,,none_color,docling_easyocr,qwen,2,0,0,0,2,0.0,0.0,0.0,0,,,,,39.991167311,1
ojo_2022-12-28_20,3,none,,none_color,docling_rapidocr,qwen,2,0,0,0,2,0.0,0.0,0.0,0,,,,,12.096012835,1
ojo_2022-12-28_20,3,none,,none_grayscale,docling_easyocr,qwen,2,0,0,0,2,0.0,0.0,0.0,0,,,,,39.537720685,1
ojo_2022-12-28_20,3,none,,none_grayscale,docling_rapidocr,qwen,2,0,0,0,2,0.0,0.0,0.0,0,,,,,12.777408127,1
ojo_2022-12-28_20,3,none,,otsu,docling_easyocr,qwen,2,0,0,0,2,0.0,0.0,0.0,0,,,,,40.851955252,1
ojo_2022-12-28_20,3,none,,otsu,docling_rapidocr,qwen,2,0,0,0,2,0.0,0.0,0.0,0,,,,,12.32413848,1
ojo_2022-12-28_20,4,none,,adaptive_gaussian,docling_easyocr,qwen,2,0,0,0,2,0.0,0.0,0.0,0,,,,,39.694543345,1
ojo_2022-12-28_20,4,none,,adaptive_gaussian,docling_rapidocr,qwen,2,0,0,0,2,0.0,0.0,0.0,0,,,,,10.468376381,1
ojo_2022-12-28_20,4,none,,adaptive_mean,docling_easyocr,qwen,2,0,0,0,2,0.0,0.0,0.0,0,,,,,39.305245621,1
ojo_2022-12-28_20,4,none,,adaptive_mean,docling_rapidocr,qwen,2,0,0,0,2,0.0,0.0,0.0,0,,,,,9.845378382,1
ojo_2022-12-28_20,4,none,,basic,docling_easyocr,qwen,2,0,0,0,2,0.0,0.0,0.0,0,,,,,40.647121268,1
ojo_2022-12-28_20,4,none,,basic,docling_rapidocr,qwen,2,0,0,0,2,0.0,0.0,0.0,0,,,,,10.725305157,1
ojo_2022-12-28_20,4,none,,niblack,docling_easyocr,qwen,2,0,0,0,2,0.0,0.0,0.0,0,,,,,38.989064334,1
ojo_2022-12-28_20,4,none,,niblack,docling_rapidocr,qwen,2,0,0,0,2,0.0,0.0,0.0,0,,,,,9.287871001,1
ojo_2022-12-28_20,4,none,,none_color,docling_easyocr,qwen,2,0,0,0,2,0.0,0.0,0.0,0,,,,,41.317970353,1
ojo_2022-12-28_20,4,none,,none_color,docling_rapidocr,qwen,2,0,0,0,2,0.0,0.0,0.0,0,,,,,14.710907536,1
ojo_2022-12-28_20,4,none,,none_grayscale,docling_easyocr,qwen,2,0,0,0,2,0.0,0.0,0.0,0,,,,,40.608398514,1
ojo_2022-12-28_20,4,none,,none_grayscale,docling_rapidocr,qwen,2,0,0,0,2,0.0,0.0,0.0,0,,,,,13.560035544,1
ojo_2022-12-28_20,4,none,,otsu,docling_easyocr,qwen,2,0,0,0,2,0.0,0.0,0.0,0,,,,,43.15807572,1
ojo_2022-12-28_20,4,none,,otsu,docling_rapidocr,qwen,2,0,0,0,2,0.0,0.0,0.0,0,,,,,13.620773703,1
ojo_2022-12-28_20,5,none,,adaptive_gaussian,docling_easyocr,qwen,2,0,0,0,2,0.0,0.0,0.0,0,,,,,39.715594037,1
ojo_2022-12-28_20,5,none,,adaptive_gaussian,docling_rapidocr,qwen,2,0,0,0,2,0.0,0.0,0.0,0,,,,,9.876131518,1
ojo_2022-12-28_20,5,none,,adaptive_mean,docling_easyocr,qwen,2,0,0,0,2,0.0,0.0,0.0,0,,,,,39.313340409,1
ojo_2022-12-28_20,5,none,,adaptive_mean,docling_rapidocr,qwen,2,0,0,0,2,0.0,0.0,0.0,0,,,,,10.007652743,1
ojo_2022-12-28_20,5,none,,basic,docling_easyocr,qwen,2,0,0,0,2,0.0,0.0,0.0,0,,,,,39.491261082,1
ojo_2022-12-28_20,5,none,,basic,docling_rapidocr,qwen,2,0,0,0,2,0.0,0.0,0.0,0,,,,,9.7832547,1
ojo_2022-12-28_20,5,none,,niblack,docling_easyocr,qwen,2,0,0,0,2,0.0,0.0,0.0,0,,,,,39.832303568,1
ojo_2022-12-28_20,5,none,,niblack,docling_rapidocr,qwen,2,0,0,0,2,0.0,0.0,0.0,0,,,,,10.545739218,1
ojo_2022-12-28_20,5,none,,none_color,docling_easyocr,qwen,2,0,0,0,2,0.0,0.0,0.0,0,,,,,40.240300494,1
ojo_2022-12-28_20,5,none,,none_color,docling_rapidocr,qwen,2,0,0,0,2,0.0,0.0,0.0,0,,,,,10.370084601,1
ojo_2022-12-28_20,5,none,,none_grayscale,docling_easyocr,qwen,2,0,0,0,2,0.0,0.0,0.0,0,,,,,35.575166541,1
ojo_2022-12-28_20,5,none,,none_grayscale,docling_rapidocr,qwen,2,0,0,0,2,0.0,0.0,0.0,0,,,,,10.759522992,1
ojo_2022-12-28_20,5,none,,otsu,docling_easyocr,qwen,2,0,0,0,2,0.0,0.0,0.0,0,,,,,40.812971673,1
ojo_2022-12-28_20,5,none,,otsu,docling_rapidocr,qwen,2,0,0,0,2,0.0,0.0,0.0,0,,,,,11.112616382,1
ojo_2022-12-28_20,6,none,,adaptive_gaussian,docling_easyocr,qwen,2,0,0,0,2,0.0,0.0,0.0,0,,,,,41.108596478,1
ojo_2022-12-28_20,6,none,,adaptive_gaussian,docling_rapidocr,qwen,2,0,0,0,2,0.0,0.0,0.0,0,,,,,9.765993033,1
ojo_2022-12-28_20,6,none,,adaptive_mean,docling_easyocr,qwen,2,0,0,0,2,0.0,0.0,0.0,0,,,,,40.213786517,1
ojo_2022-12-28_20,6,none,,adaptive_mean,docling_rapidocr,qwen,2,0,0,0,2,0.0,0.0,0.0,0,,,,,10.350654994,1
ojo_2022-12-28_20,6,none,,basic,docling_easyocr,qwen,2,0,0,0,2,0.0,0.0,0.0,0,,,,,40.044061669,1
ojo_2022-12-28_20,6,none,,basic,docling_rapidocr,qwen,2,0,0,0,2,0.0,0.0,0.0,0,,,,,10.348133573,1
ojo_2022-12-28_20,6,none,,niblack,docling_easyocr,qwen,2,0,0,0,2,0.0,0.0,0.0,0,,,,,40.499278117,1
ojo_2022-12-28_20,6,none,,niblack,docling_rapidocr,qwen,2,0,0,0,2,0.0,0.0,0.0,0,,,,,9.954896022,1
ojo_2022-12-28_20,6,none,,none_color,docling_easyocr,qwen,2,0,0,0,2,0.0,0.0,0.0,0,,,,,41.240096578,1
ojo_2022-12-28_20,6,none,,none_color,docling_rapidocr,qwen,2,0,0,0,2,0.0,0.0,0.0,0,,,,,10.688180217,1
ojo_2022-12-28_20,6,none,,none_grayscale,docling_easyocr,qwen,2,0,0,0,2,0.0,0.0,0.0,0,,,,,37.340549239,1
ojo_2022-12-28_20,6,none,,none_grayscale,docling_rapidocr,qwen,2,0,0,0,2,0.0,0.0,0.0,0,,,,,10.722191104,1
ojo_2022-12-28_20,6,none,,otsu,docling_easyocr,qwen,2,0,0,0,2,0.0,0.0,0.0,0,,,,,35.805713258,1
ojo_2022-12-28_20,6,none,,otsu,docling_rapidocr,qwen,2,0,0,0,2,0.0,0.0,0.0,0,,,,,10.599316916,1
ojo_2022-12-28_20,7,none,,adaptive_gaussian,docling_easyocr,qwen,2,0,0,0,2,0.0,0.0,0.0,0,,,,,35.184683549,1
ojo_2022-12-28_20,7,none,,adaptive_gaussian,docling_rapidocr,qwen,2,0,0,0,2,0.0,0.0,0.0,0,,,,,9.677360999,1
ojo_2022-12-28_20,7,none,,adaptive_mean,docling_easyocr,qwen,2,0,0,0,2,0.0,0.0,0.0,0,,,,,39.880271661,1
ojo_2022-12-28_20,7,none,,adaptive_mean,docling_rapidocr,qwen,2,0,0,0,2,0.0,0.0,0.0,0,,,,,9.188214051,1
ojo_2022-12-28_20,7,none,,basic,docling_easyocr,qwen,2,0,0,0,2,0.0,0.0,0.0,0,,,,,41.404002509,1
ojo_2022-12-28_20,7,none,,basic,docling_rapidocr,qwen,2,0,0,0,2,0.0,0.0,0.0,0,,,,,10.411211333,1
ojo_2022-12-28_20,7,none,,niblack,docling_easyocr,qwen,2,0,0,0,2,0.0,0.0,0.0,0,,,,,39.117611053,1
ojo_2022-12-28_20,7,none,,niblack,docling_rapidocr,qwen,2,0,0,0,2,0.0,0.0,0.0,0,,,,,9.992920758,1
ojo_2022-12-28_20,7,none,,none_color,docling_easyocr,qwen,2,0,0,0,2,0.0,0.0,0.0,0,,,,,41.55258616,1
ojo_2022-12-28_20,7,none,,none_color,docling_rapidocr,qwen,2,0,0,0,2,0.0,0.0,0.0,0,,,,,14.22119864,1
ojo_2022-12-28_20,7,none,,none_grayscale,docling_easyocr,qwen,2,0,0,0,2,0.0,0.0,0.0,0,,,,,38.290885291,1
ojo_2022-12-28_20,7,none,,none_grayscale,docling_rapidocr,qwen,2,0,0,0,2,0.0,0.0,0.0,0,,,,,14.420661531,1
ojo_2022-12-28_20,7,none,,otsu,docling_easyocr,qwen,2,0,0,0,2,0.0,0.0,0.0,0,,,,,44.391049062,1
ojo_2022-12-28_20,7,none,,otsu,docling_rapidocr,qwen,2,0,0,0,2,0.0,0.0,0.0,0,,,,,10.504925643,1
ojo_2022-12-28_20,8,none,,adaptive_gaussian,docling_easyocr,qwen,2,0,0,0,2,0.0,0.0,0.0,0,,,,,40.181615102,1
ojo_2022-12-28_20,8,none,,adaptive_gaussian,docling_rapidocr,qwen,2,0,0,0,2,0.0,0.0,0.0,0,,,,,8.926588285,1
ojo_2022-12-28_20,8,none,,adaptive_mean,docling_easyocr,qwen,2,0,0,0,2,0.0,0.0,0.0,0,,,,,40.019033896,1
ojo_2022-12-28_20,8,none,,adaptive_mean,docling_rapidocr,qwen,2,0,0,0,2,0.0,0.0,0.0,0,,,,,8.60056709,1
ojo_2022-12-28_20,8,none,,basic,docling_easyocr,qwen,2,0,0,0,2,0.0,0.0,0.0,0,,,,,39.332727513,1
ojo_2022-12-28_20,8,none,,basic,docling_rapidocr,qwen,2,0,0,0,2,0.0,0.0,0.0,0,,,,,9.960080228,1
ojo_2022-12-28_20,8,none,,niblack,docling_easyocr,qwen,2,0,0,0,2,0.0,0.0,0.0,0,,,,,39.901721931,1
ojo_2022-12-28_20,8,none,,niblack,docling_rapidocr,qwen,2,0,0,0,2,0.0,0.0,0.0,0,,,,,8.9799721,1
ojo_2022-12-28_20,8,none,,none_color,docling_easyocr,qwen,2,0,0,0,2,0.0,0.0,0.0,0,,,,,35.393346629,1
ojo_2022-12-28_20,8,none,,none_color,docling_rapidocr,qwen,2,0,0,0,2,0.0,0.0,0.0,0,,,,,10.80862864,1
ojo_2022-12-28_20,8,none,,none_grayscale,docling_easyocr,qwen,2,0,0,0,2,0.0,0.0,0.0,0,,,,,40.582132659,1
ojo_2022-12-28_20,8,none,,none_grayscale,docling_rapidocr,qwen,2,0,0,0,2,0.0,0.0,0.0,0,,,,,10.553022943,1
ojo_2022-12-28_20,8,none,,otsu,docling_easyocr,qwen,2,0,0,0,2,0.0,0.0,0.0,0,,,,,37.027949414,1
ojo_2022-12-28_20,8,none,,otsu,docling_rapidocr,qwen,2,0,0,0,2,0.0,0.0,0.0,0,,,,,9.094578586,1
ojo_2022-12-28_20,9,none,,adaptive_gaussian,docling_easyocr,qwen,2,0,0,0,2,0.0,0.0,0.0,0,,,,,35.789031898,1
ojo_2022-12-28_20,9,none,,adaptive_gaussian,docling_rapidocr,qwen,2,0,0,0,2,0.0,0.0,0.0,0,,,,,9.955576097,1
ojo_2022-12-28_20,9,none,,adaptive_mean,docling_easyocr,qwen,2,0,0,0,2,0.0,0.0,0.0,0,,,,,40.27523533,1
ojo_2022-12-28_20,9,none,,adaptive_mean,docling_rapidocr,qwen,2,0,0,0,2,0.0,0.0,0.0,0,,,,,9.821833287,1
ojo_2022-12-28_20,9,none,,basic,docling_easyocr,qwen,2,0,0,0,2,0.0,0.0,0.0,0,,,,,34.466611394,1
ojo_2022-12-28_20,9,none,,basic,docling_rapidocr,qwen,2,0,0,0,2,0.0,0.0,0.0,0,,,,,10.066795835,1
ojo_2022-12-28_20,9,none,,niblack,docling_easyocr,qwen,2,0,0,0,2,0.0,0.0,0.0,0,,,,,39.558163857,1
ojo_2022-12-28_20,9,none,,niblack,docling_rapidocr,qwen,2,0,0,0,2,0.0,0.0,0.0,0,,,,,10.157786346,1
ojo_2022-12-28_20,9,none,,none_color,docling_easyocr,qwen,2,0,0,0,2,0.0,0.0,0.0,0,,,,,35.372461804,1
ojo_2022-12-28_20,9,none,,none_color,docling_rapidocr,qwen,2,0,0,0,2,0.0,0.0,0.0,0,,,,,12.578629741,1
ojo_2022-12-28_20,9,none,,none_grayscale,docling_easyocr,qwen,2,0,0,0,2,0.0,0.0,0.0,0,,,,,41.0486281,1
ojo_2022-12-28_20,9,none,,none_grayscale,docling_rapidocr,qwen,2,0,0,0,2,0.0,0.0,0.0,0,,,,,12.731461295,1
ojo_2022-12-28_20,9,none,,otsu,docling_easyocr,qwen,2,0,0,0,2,0.0,0.0,0.0,0,,,,,40.638872994,1
ojo_2022-12-28_20,9,none,,otsu,docling_rapidocr,qwen,2,0,0,0,2,0.0,0.0,0.0,0,,,,,12.615591181,1
ojo_2022-12-28_20,10,none,,adaptive_gaussian,docling_easyocr,qwen,2,0,0,0,2,0.0,0.0,0.0,0,,,,,40.275146523,1
ojo_2022-12-28_20,10,none,,adaptive_gaussian,docling_rapidocr,qwen,2,0,0,0,2,0.0,0.0,0.0,0,,,,,9.728818694,1
ojo_2022-12-28_20,10,none,,adaptive_mean,docling_easyocr,qwen,2,0,0,0,2,0.0,0.0,0.0,0,,,,,41.081793347,1
ojo_2022-12-28_20,10,none,,adaptive_mean,docling_rapidocr,qwen,2,0,0,0,2,0.0,0.0,0.0,0,,,,,10.167884627,1
ojo_2022-12-28_20,10,none,,basic,docling_easyocr,qwen,2,0,0,0,2,0.0,0.0,0.0,0,,,,,41.151477946,1
ojo_2022-12-28_20,10,none,,basic,docling_rapidocr,qwen,2,0,0,0,2,0.0,0.0,0.0,0,,,,,10.11072935,1
ojo_2022-12-28_20,10,none,,niblack,docling_easyocr,qwen,2,0,0,0,2,0.0,0.0,0.0,0,,,,,39.39175058,1
ojo_2022-12-28_20,10,none,,niblack,docling_rapidocr,qwen,2,0,0,0,2,0.0,0.0,0.0,0,,,,,9.788829333,1
ojo_2022-12-28_20,10,none,,none_color,docling_easyocr,qwen,2,0,0,0,2,0.0,0.0,0.0,0,,,,,40.629451169,1
ojo_2022-12-28_20,10,none,,none_color,docling_rapidocr,qwen,2,0,0,0,2,0.0,0.0,0.0,0,,,,,13.452415837,1
ojo_2022-12-28_20,10,none,,none_grayscale,docling_easyocr,qwen,2,0,0,0,2,0.0,0.0,0.0,0,,,,,35.981621874,1
ojo_2022-12-28_20,10,none,,none_grayscale,docling_rapidocr,qwen,2,0,0,0,2,0.0,0.0,0.0,0,,,,,13.749150885,1
ojo_2022-12-28_20,10,none,,otsu,docling_easyocr,qwen,2,0,0,0,2,0.0,0.0,0.0,0,,,,,43.562930789,1
ojo_2022-12-28_20,10,none,,otsu,docling_rapidocr,qwen,2,0,0,0,2,0.0,0.0,0.0,0,,,,,13.218217101,1
ojo_2022-12-28_20,11,none,,adaptive_gaussian,docling_easyocr,qwen,2,0,0,0,2,0.0,0.0,0.0,0,,,,,40.385282555,1
ojo_2022-12-28_20,11,none,,adaptive_gaussian,docling_rapidocr,qwen,2,0,0,0,2,0.0,0.0,0.0,0,,,,,9.856388846,1
ojo_2022-12-28_20,11,none,,adaptive_mean,docling_easyocr,qwen,2,0,0,0,2,0.0,0.0,0.0,0,,,,,40.788672248,1
ojo_2022-12-28_20,11,none,,adaptive_mean,docling_rapidocr,qwen,2,0,0,0,2,0.0,0.0,0.0,0,,,,,8.923759499,1
ojo_2022-12-28_20,11,none,,basic,docling_easyocr,qwen,2,0,0,0,2,0.0,0.0,0.0,0,,,,,39.66185273,1
ojo_2022-12-28_20,11,none,,basic,docling_rapidocr,qwen,2,0,0,0,2,0.0,0.0,0.0,0,,,,,9.768849505,1
ojo_2022-12-28_20,11,none,,niblack,docling_easyocr,qwen,2,0,0,0,2,0.0,0.0,0.0,0,,,,,39.655921155,1
ojo_2022-12-28_20,11,none,,niblack,docling_rapidocr,qwen,2,0,0,0,2,0.0,0.0,0.0,0,,,,,9.568308049,1
ojo_2022-12-28_20,11,none,,none_color,docling_easyocr,qwen,2,0,0,0,2,0.0,0.0,0.0,0,,,,,36.284269703,1
ojo_2022-12-28_20,11,none,,none_color,docling_rapidocr,qwen,2,0,0,0,2,0.0,0.0,0.0,0,,,,,13.254959,1
ojo_2022-12-28_20,11,none,,none_grayscale,docling_easyocr,qwen,2,0,0,0,2,0.0,0.0,0.0,0,,,,,41.517098559,1
ojo_2022-12-28_20,11,none,,none_grayscale,docling_rapidocr,qwen,2,0,0,0,2,0.0,0.0,0.0,0,,,,,12.495223416,1
ojo_2022-12-28_20,11,none,,otsu,docling_easyocr,qwen,2,0,0,0,2,0.0,0.0,0.0,0,,,,,40.992164744,1
ojo_2022-12-28_20,11,none,,otsu,docling_rapidocr,qwen,2,0,0,0,2,0.0,0.0,0.0,0,,,,,10.451428546,1
ojo_2022-12-28_20,12,none,,adaptive_gaussian,docling_easyocr,qwen,2,0,0,0,2,0.0,0.0,0.0,0,,,,,47.059750933,1
ojo_2022-12-28_20,12,none,,adaptive_gaussian,docling_rapidocr,qwen,2,0,0,0,2,0.0,0.0,0.0,0,,,,,16.745822568,1
ojo_2022-12-28_20,12,none,,adaptive_mean,docling_easyocr,qwen,2,0,0,0,2,0.0,0.0,0.0,0,,,,,47.375294346,1
ojo_2022-12-28_20,12,none,,adaptive_mean,docling_rapidocr,qwen,2,0,0,0,2,0.0,0.0,0.0,0,,,,,16.712647099,1
ojo_2022-12-28_20,12,none,,basic,docling_easyocr,qwen,2,0,0,0,2,0.0,0.0,0.0,0,,,,,44.117843382,1
ojo_2022-12-28_20,12,none,,basic,docling_rapidocr,qwen,2,0,0,0,2,0.0,0.0,0.0,0,,,,,17.784838431,1
ojo_2022-12-28_20,12,none,,niblack,docling_easyocr,qwen,2,0,0,0,2,0.0,0.0,0.0,0,,,,,46.919184241,1
ojo_2022-12-28_20,12,none,,niblack,docling_rapidocr,qwen,2,0,0,0,2,0.0,0.0,0.0,0,,,,,17.273160014,1
ojo_2022-12-28_20,12,none,,none_color,docling_easyocr,qwen,2,0,0,0,2,0.0,0.0,0.0,0,,,,,60.162616961,1
ojo_2022-12-28_20,12,none,,none_color,docling_rapidocr,qwen,2,0,0,0,2,0.0,0.0,0.0,0,,,,,21.759045594,1
ojo_2022-12-28_20,12,none,,none_grayscale,docling_easyocr,qwen,2,0,0,0,2,0.0,0.0,0.0,0,,,,,60.418618195,1
ojo_2022-12-28_20,12,none,,none_grayscale,docling_rapidocr,qwen,2,4,1,3,1,0.25,0.5,0.333333,2,0.8188761593016912,1.0,0.5227497527200792,0.5403726708074534,22.035356991,0
ojo_2022-12-28_20,12,none,,otsu,docling_easyocr,qwen,2,0,0,0,2,0.0,0.0,0.0,0,,,,,59.24155361,1
ojo_2022-12-28_20,12,none,,otsu,docling_rapidocr,qwen,2,0,0,0,2,0.0,0.0,0.0,0,,,,,21.420341319,1
ojo_2022-12-28_20,13,none,,adaptive_gaussian,docling_easyocr,qwen,2,0,0,0,2,0.0,0.0,0.0,0,,,,,42.097414494,1
ojo_2022-12-28_20,13,none,,adaptive_gaussian,docling_rapidocr,qwen,2,0,0,0,2,0.0,0.0,0.0,0,,,,,16.4234159,1
ojo_2022-12-28_20,13,none,,adaptive_mean,docling_easyocr,qwen,2,0,0,0,2,0.0,0.0,0.0,0,,,,,47.567115307,1
ojo_2022-12-28_20,13,none,,adaptive_mean,docling_rapidocr,qwen,2,0,0,0,2,0.0,0.0,0.0,0,,,,,17.513585091,1
ojo_2022-12-28_20,13,none,,basic,docling_easyocr,qwen,2,0,0,0,2,0.0,0.0,0.0,0,,,,,57.903308486,1
ojo_2022-12-28_20,13,none,,basic,docling_rapidocr,qwen,2,0,0,0,2,0.0,0.0,0.0,0,,,,,20.48661599,1
ojo_2022-12-28_20,13,none,,niblack,docling_easyocr,qwen,2,0,0,0,2,0.0,0.0,0.0,0,,,,,46.371793093,1
ojo_2022-12-28_20,13,none,,niblack,docling_rapidocr,qwen,2,0,0,0,2,0.0,0.0,0.0,0,,,,,16.836342873,1
ojo_2022-12-28_20,13,none,,none_color,docling_easyocr,qwen,2,0,0,0,2,0.0,0.0,0.0,0,,,,,59.549537753,1
ojo_2022-12-28_20,13,none,,none_color,docling_rapidocr,qwen,2,0,0,0,2,0.0,0.0,0.0,0,,,,,20.8325747,1
ojo_2022-12-28_20,13,none,,none_grayscale,docling_easyocr,qwen,2,0,0,0,2,0.0,0.0,0.0,0,,,,,59.481038903,1
ojo_2022-12-28_20,13,none,,none_grayscale,docling_rapidocr,qwen,2,0,0,0,2,0.0,0.0,0.0,0,,,,,21.92461047,1
ojo_2022-12-28_20,13,none,,otsu,docling_easyocr,qwen,2,0,0,0,2,0.0,0.0,0.0,0,,,,,57.897488358,1
ojo_2022-12-28_20,13,none,,otsu,docling_rapidocr,qwen,2,0,0,0,2,0.0,0.0,0.0,0,,,,,20.772159341,1
ojo_2022-12-28_20,14,none,,adaptive_gaussian,docling_easyocr,qwen,2,0,0,0,2,0.0,0.0,0.0,0,,,,,47.714320073,1
ojo_2022-12-28_20,14,none,,adaptive_gaussian,docling_rapidocr,qwen,2,0,0,0,2,0.0,0.0,0.0,0,,,,,17.449896703,1
ojo_2022-12-28_20,14,none,,adaptive_mean,docling_easyocr,qwen,2,0,0,0,2,0.0,0.0,0.0,0,,,,,47.363942275,1
ojo_2022-12-28_20,14,none,,adaptive_mean,docling_rapidocr,qwen,2,0,0,0,2,0.0,0.0,0.0,0,,,,,17.161832223,1
ojo_2022-12-28_20,14,none,,basic,docling_easyocr,qwen,2,0,0,0,2,0.0,0.0,0.0,0,,,,,48.507199271,1
ojo_2022-12-28_20,14,none,,basic,docling_rapidocr,qwen,2,0,0,0,2,0.0,0.0,0.0,0,,,,,17.439287646,1
ojo_2022-12-28_20,14,none,,niblack,docling_easyocr,qwen,2,0,0,0,2,0.0,0.0,0.0,0,,,,,42.414022231,1
ojo_2022-12-28_20,14,none,,niblack,docling_rapidocr,qwen,2,0,0,0,2,0.0,0.0,0.0,0,,,,,16.088446879,1
ojo_2022-12-28_20,14,none,,none_color,docling_easyocr,qwen,2,0,0,0,2,0.0,0.0,0.0,0,,,,,54.708452924,1
ojo_2022-12-28_20,14,none,,none_color,docling_rapidocr,qwen,2,0,0,0,2,0.0,0.0,0.0,0,,,,,21.604601129,1
ojo_2022-12-28_20,14,none,,none_grayscale,docling_easyocr,qwen,2,0,0,0,2,0.0,0.0,0.0,0,,,,,59.745115502,1
ojo_2022-12-28_20,14,none,,none_grayscale,docling_rapidocr,qwen,2,0,0,0,2,0.0,0.0,0.0,0,,,,,21.57932709,1
ojo_2022-12-28_20,14,none,,otsu,docling_easyocr,qwen,2,0,0,0,2,0.0,0.0,0.0,0,,,,,56.311813815,1
ojo_2022-12-28_20,14,none,,otsu,docling_rapidocr,qwen,2,0,0,0,2,0.0,0.0,0.0,0,,,,,20.733574613,1
ojo_2022-12-28_20,15,none,,adaptive_gaussian,docling_easyocr,qwen,2,0,0,0,2,0.0,0.0,0.0,0,,,,,34.856150264,1
ojo_2022-12-28_20,15,none,,adaptive_gaussian,docling_rapidocr,qwen,2,0,0,0,2,0.0,0.0,0.0,0,,,,,8.699888581,1
ojo_2022-12-28_20,15,none,,adaptive_mean,docling_easyocr,qwen,2,0,0,0,2,0.0,0.0,0.0,0,,,,,40.469097013,1
ojo_2022-12-28_20,15,none,,adaptive_mean,docling_rapidocr,qwen,2,0,0,0,2,0.0,0.0,0.0,0,,,,,8.962272996,1
ojo_2022-12-28_20,15,none,,basic,docling_easyocr,qwen,2,0,0,0,2,0.0,0.0,0.0,0,,,,,37.896074025,1
ojo_2022-12-28_20,15,none,,basic,docling_rapidocr,qwen,2,0,0,0,2,0.0,0.0,0.0,0,,,,,10.297564237,1
ojo_2022-12-28_20,15,none,,none_color,docling_easyocr,qwen,2,0,0,0,2,0.0,0.0,0.0,0,,,,,43.038035361,1
ojo_2022-12-28_20,15,none,,none_color,docling_rapidocr,qwen,2,0,0,0,2,0.0,0.0,0.0,0,,,,,11.661121814,1
ojo_2022-12-28_20,15,none,,none_grayscale,docling_easyocr,qwen,2,0,0,0,2,0.0,0.0,0.0,0,,,,,47.730650632,1
ojo_2022-12-28_20,15,none,,none_grayscale,docling_rapidocr,qwen,2,0,0,0,2,0.0,0.0,0.0,0,,,,,12.078974692,1
ojo_2022-12-28_20,15,none,,otsu,docling_easyocr,qwen,2,0,0,0,2,0.0,0.0,0.0,0,,,,,47.665055316,1
ojo_2022-12-28_20,15,none,,otsu,docling_rapidocr,qwen,2,0,0,0,2,0.0,0.0,0.0,0,,,,,12.76802377,1
ojo_2022-12-28_20,16,none,,adaptive_gaussian,docling_easyocr,qwen,2,0,0,0,2,0.0,0.0,0.0,0,,,,,39.920536942,1
ojo_2022-12-28_20,16,none,,adaptive_gaussian,docling_rapidocr,qwen,2,0,0,0,2,0.0,0.0,0.0,0,,,,,10.229402728,1
ojo_2022-12-28_20,16,none,,adaptive_mean,docling_easyocr,qwen,2,0,0,0,2,0.0,0.0,0.0,0,,,,,38.461440034,1
ojo_2022-12-28_20,16,none,,adaptive_mean,docling_rapidocr,qwen,2,0,0,0,2,0.0,0.0,0.0,0,,,,,9.938666768,1
ojo_2022-12-28_20,16,none,,basic,docling_easyocr,qwen,2,0,0,0,2,0.0,0.0,0.0,0,,,,,48.572671931,1
ojo_2022-12-28_20,16,none,,basic,docling_rapidocr,qwen,2,0,0,0,2,0.0,0.0,0.0,0,,,,,11.965909045,1
ojo_2022-12-28_20,16,none,,none_color,docling_easyocr,qwen,2,0,0,0,2,0.0,0.0,0.0,0,,,,,43.792684358,1
ojo_2022-12-28_20,16,none,,none_color,docling_rapidocr,qwen,2,0,0,0,2,0.0,0.0,0.0,0,,,,,13.107240479,1
ojo_2022-12-28_20,16,none,,none_grayscale,docling_easyocr,qwen,2,0,0,0,2,0.0,0.0,0.0,0,,,,,42.343051475,1
ojo_2022-12-28_20,16,none,,none_grayscale,docling_rapidocr,qwen,2,0,0,0,2,0.0,0.0,0.0,0,,,,,12.67967562,1
ojo_2022-12-28_20,16,none,,otsu,docling_easyocr,qwen,2,0,0,0,2,0.0,0.0,0.0,0,,,,,48.330628509,1
ojo_2022-12-28_20,16,none,,otsu,docling_rapidocr,qwen,2,0,0,0,2,0.0,0.0,0.0,0,,,,,12.439343328,1
ojo_2022-12-28_20,17,none,,adaptive_gaussian,docling_easyocr,qwen,2,0,0,0,2,0.0,0.0,0.0,0,,,,,40.354968734,1
ojo_2022-12-28_20,17,none,,adaptive_gaussian,docling_rapidocr,qwen,2,0,0,0,2,0.0,0.0,0.0,0,,,,,9.904714055,1
ojo_2022-12-28_20,17,none,,adaptive_mean,docling_easyocr,qwen,2,0,0,0,2,0.0,0.0,0.0,0,,,,,40.770596452,1
ojo_2022-12-28_20,17,none,,adaptive_mean,docling_rapidocr,qwen,2,0,0,0,2,0.0,0.0,0.0,0,,,,,9.778434701,1
ojo_2022-12-28_20,17,none,,basic,docling_easyocr,qwen,2,0,0,0,2,0.0,0.0,0.0,0,,,,,40.426447433,1
ojo_2022-12-28_20,17,none,,basic,docling_rapidocr,qwen,2,0,0,0,2,0.0,0.0,0.0,0,,,,,9.165312331,1
ojo_2022-12-28_20,17,none,,none_color,docling_easyocr,qwen,2,0,0,0,2,0.0,0.0,0.0,0,,,,,49.763020318,1
ojo_2022-12-28_20,17,none,,none_color,docling_rapidocr,qwen,2,0,0,0,2,0.0,0.0,0.0,0,,,,,12.881255429,1
ojo_2022-12-28_20,17,none,,none_grayscale,docling_easyocr,qwen,2,0,0,0,2,0.0,0.0,0.0,0,,,,,42.775850575,1
ojo_2022-12-28_20,17,none,,none_grayscale,docling_rapidocr,qwen,2,0,0,0,2,0.0,0.0,0.0,0,,,,,13.261403125,1
ojo_2022-12-28_20,17,none,,otsu,docling_easyocr,qwen,2,0,0,0,2,0.0,0.0,0.0,0,,,,,44.12635979,1
ojo_2022-12-28_20,17,none,,otsu,docling_rapidocr,qwen,2,0,0,0,2,0.0,0.0,0.0,0,,,,,10.685220569,1
ojo_2022-12-28_20,18,none,,adaptive_gaussian,docling_easyocr,qwen,2,0,0,0,2,0.0,0.0,0.0,0,,,,,39.968047528,1
ojo_2022-12-28_20,18,none,,adaptive_gaussian,docling_rapidocr,qwen,2,0,0,0,2,0.0,0.0,0.0,0,,,,,9.526196151,1
ojo_2022-12-28_20,18,none,,adaptive_mean,docling_easyocr,qwen,2,0,0,0,2,0.0,0.0,0.0,0,,,,,40.047413974,1
ojo_2022-12-28_20,18,none,,basic,docling_easyocr,qwen,2,0,0,0,2,0.0,0.0,0.0,0,,,,,39.082500699,1
ojo_2022-12-28_20,18,none,,basic,docling_rapidocr,qwen,2,0,0,0,2,0.0,0.0,0.0,0,,,,,9.260874751,1
ojo_2022-12-28_20,18,none,,niblack,docling_easyocr,qwen,2,0,0,0,2,0.0,0.0,0.0,0,,,,,40.170169324,1
ojo_2022-12-28_20,18,none,,niblack,docling_rapidocr,qwen,2,0,0,0,2,0.0,0.0,0.0,0,,,,,9.820046157,1
ojo_2022-12-28_20,18,none,,none_color,docling_easyocr,qwen,2,0,0,0,2,0.0,0.0,0.0,0,,,,,39.604049924,1
ojo_2022-12-28_20,18,none,,none_grayscale,docling_easyocr,qwen,2,0,0,0,2,0.0,0.0,0.0,0,,,,,40.046036723,1
ojo_2022-12-28_20,18,none,,otsu,docling_easyocr,qwen,2,0,0,0,2,0.0,0.0,0.0,0,,,,,39.915135148,1
ojo_2022-12-28_20,18,none,,otsu,docling_rapidocr,qwen,2,0,0,0,2,0.0,0.0,0.0,0,,,,,10.21642876,1
ojo_2022-12-28_20,18,none,,yannihorne,docling_rapidocr,qwen,2,0,0,0,2,0.0,0.0,0.0,0,,,,,9.828463319,1
ojo_2022-12-28_20,19,none,,adaptive_gaussian,docling_easyocr,qwen,2,0,0,0,2,0.0,0.0,0.0,0,,,,,41.342999129,1
ojo_2022-12-28_20,19,none,,adaptive_gaussian,docling_rapidocr,qwen,2,0,0,0,2,0.0,0.0,0.0,0,,,,,9.684179454,1
ojo_2022-12-28_20,19,none,,adaptive_mean,docling_easyocr,qwen,2,0,0,0,2,0.0,0.0,0.0,0,,,,,37.28643258,1
ojo_2022-12-28_20,19,none,,basic,docling_easyocr,qwen,2,0,0,0,2,0.0,0.0,0.0,0,,,,,39.51368356,1
ojo_2022-12-28_20,19,none,,basic,docling_rapidocr,qwen,2,0,0,0,2,0.0,0.0,0.0,0,,,,,9.891139272,1
ojo_2022-12-28_20,19,none,,niblack,docling_easyocr,qwen,2,0,0,0,2,0.0,0.0,0.0,0,,,,,39.637485475,1
ojo_2022-12-28_20,19,none,,niblack,docling_rapidocr,qwen,2,0,0,0,2,0.0,0.0,0.0,0,,,,,9.605875224,1
ojo_2022-12-28_20,19,none,,none_color,docling_easyocr,qwen,2,0,0,0,2,0.0,0.0,0.0,0,,,,,40.116807702,1
ojo_2022-12-28_20,19,none,,none_grayscale,docling_easyocr,qwen,2,0,0,0,2,0.0,0.0,0.0,0,,,,,40.181288484,1
ojo_2022-12-28_20,19,none,,otsu,docling_easyocr,qwen,2,0,0,0,2,0.0,0.0,0.0,0,,,,,39.27880359,1
ojo_2022-12-28_20,19,none,,otsu,docling_rapidocr,qwen,2,0,0,0,2,0.0,0.0,0.0,0,,,,,9.796381476,1
ojo_2022-12-28_20,19,none,,yannihorne,docling_rapidocr,qwen,2,0,0,0,2,0.0,0.0,0.0,0,,,,,10.312625173,1
ojo_2022-12-28_20,20,none,,adaptive_gaussian,docling_easyocr,qwen,2,0,0,0,2,0.0,0.0,0.0,0,,,,,39.764036876,1
ojo_2022-12-28_20,20,none,,adaptive_gaussian,docling_rapidocr,qwen,2,0,0,0,2,0.0,0.0,0.0,0,,,,,10.024411422,1
ojo_2022-12-28_20,20,none,,adaptive_mean,docling_easyocr,qwen,2,0,0,0,2,0.0,0.0,0.0,0,,,,,40.575551969,1
ojo_2022-12-28_20,20,none,,basic,docling_easyocr,qwen,2,0,0,0,2,0.0,0.0,0.0,0,,,,,33.972483949,1
ojo_2022-12-28_20,20,none,,basic,docling_rapidocr,qwen,2,0,0,0,2,0.0,0.0,0.0,0,,,,,8.475609855,1
ojo_2022-12-28_20,20,none,,niblack,docling_easyocr,qwen,2,0,0,0,2,0.0,0.0,0.0,0,,,,,39.25607471,1
ojo_2022-12-28_20,20,none,,niblack,docling_rapidocr,qwen,2,0,0,0,2,0.0,0.0,0.0,0,,,,,8.599029346,1
ojo_2022-12-28_20,20,none,,none_color,docling_easyocr,qwen,2,0,0,0,2,0.0,0.0,0.0,0,,,,,41.319514827,1
ojo_2022-12-28_20,20,none,,none_grayscale,docling_easyocr,qwen,2,0,0,0,2,0.0,0.0,0.0,0,,,,,40.987918452,1
ojo_2022-12-28_20,20,none,,otsu,docling_easyocr,qwen,2,0,0,0,2,0.0,0.0,0.0,0,,,,,37.850842551,1
ojo_2022-12-28_20,20,none,,otsu,docling_rapidocr,qwen,2,0,0,0,2,0.0,0.0,0.0,0,,,,,9.775592641,1
ojo_2022-12-28_20,20,none,,yannihorne,docling_rapidocr,qwen,2,0,0,0,2,0.0,0.0,0.0,0,,,,,9.740105466,1
ojo_2022-12-28_20,21,none,,adaptive_gaussian,docling_easyocr,qwen,2,0,0,0,2,0.0,0.0,0.0,0,,,,,62.077379441,1
ojo_2022-12-28_20,21,none,,adaptive_gaussian,docling_rapidocr,qwen,2,0,0,0,2,0.0,0.0,0.0,0,,,,,31.544809318,1
ojo_2022-12-28_20,21,none,,adaptive_mean,docling_easyocr,qwen,2,0,0,0,2,0.0,0.0,0.0,0,,,,,63.648944592,1
ojo_2022-12-28_20,21,none,,adaptive_mean,docling_rapidocr,qwen,2,0,0,0,2,0.0,0.0,0.0,0,,,,,32.153584218,1
ojo_2022-12-28_20,21,none,,basic,docling_easyocr,qwen,2,0,0,0,2,0.0,0.0,0.0,0,,,,,62.213090251,1
ojo_2022-12-28_20,21,none,,basic,docling_rapidocr,qwen,2,0,0,0,2,0.0,0.0,0.0,0,,,,,32.848215173,1
ojo_2022-12-28_20,21,none,,niblack,docling_easyocr,qwen,2,0,0,0,2,0.0,0.0,0.0,0,,,,,61.20678412,1
ojo_2022-12-28_20,21,none,,niblack,docling_rapidocr,qwen,2,0,0,0,2,0.0,0.0,0.0,0,,,,,31.885344377,1
ojo_2022-12-28_20,21,none,,none_color,docling_easyocr,qwen,2,0,0,0,2,0.0,0.0,0.0,0,,,,,62.238619874,1
ojo_2022-12-28_20,21,none,,none_color,docling_rapidocr,qwen,2,0,0,0,2,0.0,0.0,0.0,0,,,,,32.720364402,1
ojo_2022-12-28_20,21,none,,none_grayscale,docling_easyocr,qwen,2,0,0,0,2,0.0,0.0,0.0,0,,,,,58.734234879,1
ojo_2022-12-28_20,21,none,,none_grayscale,docling_rapidocr,qwen,2,0,0,0,2,0.0,0.0,0.0,0,,,,,32.980701039,1
ojo_2022-12-28_20,21,none,,otsu,docling_easyocr,qwen,2,0,0,0,2,0.0,0.0,0.0,0,,,,,62.393907558,1
ojo_2022-12-28_20,21,none,,otsu,docling_rapidocr,qwen,2,0,0,0,2,0.0,0.0,0.0,0,,,,,32.427610885,1
ojo_2022-12-28_20,22,none,,adaptive_gaussian,docling_easyocr,qwen,2,0,0,0,2,0.0,0.0,0.0,0,,,,,62.04479277,1
ojo_2022-12-28_20,22,none,,adaptive_gaussian,docling_rapidocr,qwen,2,0,0,0,2,0.0,0.0,0.0,0,,,,,32.132395385,1
ojo_2022-12-28_20,22,none,,adaptive_mean,docling_easyocr,qwen,2,0,0,0,2,0.0,0.0,0.0,0,,,,,59.37145531,1
ojo_2022-12-28_20,22,none,,adaptive_mean,docling_rapidocr,qwen,2,0,0,0,2,0.0,0.0,0.0,0,,,,,31.403812049,1
ojo_2022-12-28_20,22,none,,basic,docling_easyocr,qwen,2,0,0,0,2,0.0,0.0,0.0,0,,,,,62.768619033,1
ojo_2022-12-28_20,22,none,,basic,docling_rapidocr,qwen,2,0,0,0,2,0.0,0.0,0.0,0,,,,,31.246080848,1
ojo_2022-12-28_20,22,none,,niblack,docling_easyocr,qwen,2,0,0,0,2,0.0,0.0,0.0,0,,,,,56.821522892,1
ojo_2022-12-28_20,22,none,,niblack,docling_rapidocr,qwen,2,0,0,0,2,0.0,0.0,0.0,0,,,,,31.683118045,1
ojo_2022-12-28_20,22,none,,none_color,docling_easyocr,qwen,2,0,0,0,2,0.0,0.0,0.0,0,,,,,62.475883695,1
ojo_2022-12-28_20,22,none,,none_color,docling_rapidocr,qwen,2,0,0,0,2,0.0,0.0,0.0,0,,,,,35.529977056,1
ojo_2022-12-28_20,22,none,,none_grayscale,docling_easyocr,qwen,2,0,0,0,2,0.0,0.0,0.0,0,,,,,62.239955398,1
ojo_2022-12-28_20,22,none,,none_grayscale,docling_rapidocr,qwen,2,0,0,0,2,0.0,0.0,0.0,0,,,,,36.002952549,1
ojo_2022-12-28_20,22,none,,otsu,docling_easyocr,qwen,2,0,0,0,2,0.0,0.0,0.0,0,,,,,60.747778627,1
ojo_2022-12-28_20,22,none,,otsu,docling_rapidocr,qwen,2,0,0,0,2,0.0,0.0,0.0,0,,,,,32.125740978,1
ojo_2022-12-28_20,23,none,,adaptive_gaussian,docling_easyocr,qwen,2,0,0,0,2,0.0,0.0,0.0,0,,,,,61.202912847,1
ojo_2022-12-28_20,23,none,,adaptive_gaussian,docling_rapidocr,qwen,2,0,0,0,2,0.0,0.0,0.0,0,,,,,31.061297695,1
ojo_2022-12-28_20,23,none,,adaptive_mean,docling_easyocr,qwen,2,0,0,0,2,0.0,0.0,0.0,0,,,,,57.76386265,1
ojo_2022-12-28_20,23,none,,adaptive_mean,docling_rapidocr,qwen,2,0,0,0,2,0.0,0.0,0.0,0,,,,,31.270335952,1
ojo_2022-12-28_20,23,none,,basic,docling_easyocr,qwen,2,0,0,0,2,0.0,0.0,0.0,0,,,,,60.097785129,1
ojo_2022-12-28_20,23,none,,basic,docling_rapidocr,qwen,2,0,0,0,2,0.0,0.0,0.0,0,,,,,31.244443788,1
ojo_2022-12-28_20,23,none,,niblack,docling_easyocr,qwen,2,0,0,0,2,0.0,0.0,0.0,0,,,,,60.644161563,1
ojo_2022-12-28_20,23,none,,niblack,docling_rapidocr,qwen,2,0,0,0,2,0.0,0.0,0.0,0,,,,,31.420971017,1
ojo_2022-12-28_20,23,none,,none_color,docling_easyocr,qwen,2,0,0,0,2,0.0,0.0,0.0,0,,,,,57.920091047,1
ojo_2022-12-28_20,23,none,,none_color,docling_rapidocr,qwen,2,0,0,0,2,0.0,0.0,0.0,0,,,,,30.771461143,1
ojo_2022-12-28_20,23,none,,none_grayscale,docling_easyocr,qwen,2,0,0,0,2,0.0,0.0,0.0,0,,,,,61.775660648,1
ojo_2022-12-28_20,23,none,,none_grayscale,docling_rapidocr,qwen,2,0,0,0,2,0.0,0.0,0.0,0,,,,,31.94412507,1
ojo_2022-12-28_20,23,none,,otsu,docling_easyocr,qwen,2,0,0,0,2,0.0,0.0,0.0,0,,,,,61.990102663,1
ojo_2022-12-28_20,23,none,,otsu,docling_rapidocr,qwen,2,0,0,0,2,0.0,0.0,0.0,0,,,,,31.198414697,1
ojo_2022-12-28_20,24,none,,adaptive_gaussian,docling_easyocr,qwen,2,0,0,0,2,0.0,0.0,0.0,0,,,,,40.36554326,1
ojo_2022-12-28_20,24,none,,adaptive_gaussian,docling_rapidocr,qwen,2,0,0,0,2,0.0,0.0,0.0,0,,,,,9.903970375,1
ojo_2022-12-28_20,24,none,,adaptive_mean,docling_easyocr,qwen,2,0,0,0,2,0.0,0.0,0.0,0,,,,,40.508765354,1
ojo_2022-12-28_20,24,none,,adaptive_mean,docling_rapidocr,qwen,2,0,0,0,2,0.0,0.0,0.0,0,,,,,10.448911085,1
ojo_2022-12-28_20,24,none,,basic,docling_easyocr,qwen,2,0,0,0,2,0.0,0.0,0.0,0,,,,,50.994505394,1
ojo_2022-12-28_20,24,none,,basic,docling_rapidocr,qwen,2,0,0,0,2,0.0,0.0,0.0,0,,,,,11.391949642,1
ojo_2022-12-28_20,24,none,,niblack,docling_easyocr,qwen,2,0,0,0,2,0.0,0.0,0.0,0,,,,,40.000975637,1
ojo_2022-12-28_20,24,none,,niblack,docling_rapidocr,qwen,2,0,0,0,2,0.0,0.0,0.0,0,,,,,9.664237766,1
ojo_2022-12-28_20,24,none,,none_color,docling_easyocr,qwen,2,0,0,0,2,0.0,0.0,0.0,0,,,,,51.426356304,1
ojo_2022-12-28_20,24,none,,none_color,docling_rapidocr,qwen,2,0,0,0,2,0.0,0.0,0.0,0,,,,,14.174944627,1
ojo_2022-12-28_20,24,none,,none_grayscale,docling_easyocr,qwen,2,0,0,0,2,0.0,0.0,0.0,0,,,,,52.781305778,1
ojo_2022-12-28_20,24,none,,none_grayscale,docling_rapidocr,qwen,2,0,0,0,2,0.0,0.0,0.0,0,,,,,15.506677377,1
ojo_2022-12-28_20,24,none,,otsu,docling_easyocr,qwen,2,0,0,0,2,0.0,0.0,0.0,0,,,,,47.554766716,1
ojo_2022-12-28_20,24,none,,otsu,docling_rapidocr,qwen,2,0,0,0,2,0.0,0.0,0.0,0,,,,,15.029870571,1
ojo_2022-12-28_20,25,none,,adaptive_gaussian,docling_easyocr,qwen,2,0,0,0,2,0.0,0.0,0.0,0,,,,,40.702225103,1
ojo_2022-12-28_20,25,none,,adaptive_gaussian,docling_rapidocr,qwen,2,0,0,0,2,0.0,0.0,0.0,0,,,,,10.357090368,1
ojo_2022-12-28_20,25,none,,adaptive_mean,docling_easyocr,qwen,2,0,0,0,2,0.0,0.0,0.0,0,,,,,34.291024341,1
ojo_2022-12-28_20,25,none,,adaptive_mean,docling_rapidocr,qwen,2,0,0,0,2,0.0,0.0,0.0,0,,,,,8.527875318,1
ojo_2022-12-28_20,25,none,,basic,docling_easyocr,qwen,2,0,0,0,2,0.0,0.0,0.0,0,,,,,48.954974163,1
ojo_2022-12-28_20,25,none,,basic,docling_rapidocr,qwen,2,0,0,0,2,0.0,0.0,0.0,0,,,,,13.396547306,1
ojo_2022-12-28_20,25,none,,niblack,docling_easyocr,qwen,2,0,0,0,2,0.0,0.0,0.0,0,,,,,33.912498979,1
ojo_2022-12-28_20,25,none,,niblack,docling_rapidocr,qwen,2,0,0,0,2,0.0,0.0,0.0,0,,,,,9.768811016,1
ojo_2022-12-28_20,25,none,,none_color,docling_easyocr,qwen,2,0,0,0,2,0.0,0.0,0.0,0,,,,,51.015596378,1
ojo_2022-12-28_20,25,none,,none_color,docling_rapidocr,qwen,2,0,0,0,2,0.0,0.0,0.0,0,,,,,14.577701557,1
ojo_2022-12-28_20,25,none,,none_grayscale,docling_easyocr,qwen,2,0,0,0,2,0.0,0.0,0.0,0,,,,,50.707823503,1
ojo_2022-12-28_20,25,none,,none_grayscale,docling_rapidocr,qwen,2,0,0,0,2,0.0,0.0,0.0,0,,,,,14.633891571,1
ojo_2022-12-28_20,25,none,,otsu,docling_easyocr,qwen,2,0,0,0,2,0.0,0.0,0.0,0,,,,,51.279504075,1
ojo_2022-12-28_20,25,none,,otsu,docling_rapidocr,qwen,2,0,0,0,2,0.0,0.0,0.0,0,,,,,13.804352297,1
ojo_2022-12-28_20,26,none,,adaptive_gaussian,docling_easyocr,qwen,2,0,0,0,2,0.0,0.0,0.0,0,,,,,39.846334305,1
ojo_2022-12-28_20,26,none,,adaptive_gaussian,docling_rapidocr,qwen,2,0,0,0,2,0.0,0.0,0.0,0,,,,,8.912821141,1
ojo_2022-12-28_20,26,none,,adaptive_mean,docling_easyocr,qwen,2,0,0,0,2,0.0,0.0,0.0,0,,,,,40.690856543,1
ojo_2022-12-28_20,26,none,,adaptive_mean,docling_rapidocr,qwen,2,0,0,0,2,0.0,0.0,0.0,0,,,,,10.534833279,1
ojo_2022-12-28_20,26,none,,basic,docling_easyocr,qwen,2,0,0,0,2,0.0,0.0,0.0,0,,,,,42.224975527,1
ojo_2022-12-28_20,26,none,,basic,docling_rapidocr,qwen,2,0,0,0,2,0.0,0.0,0.0,0,,,,,11.52606386,1
ojo_2022-12-28_20,26,none,,niblack,docling_easyocr,qwen,2,0,0,0,2,0.0,0.0,0.0,0,,,,,39.534880381,1
ojo_2022-12-28_20,26,none,,niblack,docling_rapidocr,qwen,2,0,0,0,2,0.0,0.0,0.0,0,,,,,9.86595295,1
ojo_2022-12-28_20,26,none,,none_color,docling_easyocr,qwen,2,0,0,0,2,0.0,0.0,0.0,0,,,,,48.200879515,1
ojo_2022-12-28_20,26,none,,none_color,docling_rapidocr,qwen,2,0,0,0,2,0.0,0.0,0.0,0,,,,,14.483282507,1
ojo_2022-12-28_20,26,none,,none_grayscale,docling_easyocr,qwen,2,0,0,0,2,0.0,0.0,0.0,0,,,,,48.546863974,1
ojo_2022-12-28_20,26,none,,none_grayscale,docling_rapidocr,qwen,2,0,0,0,2,0.0,0.0,0.0,0,,,,,14.860586585,1
ojo_2022-12-28_20,26,none,,otsu,docling_easyocr,qwen,2,0,0,0,2,0.0,0.0,0.0,0,,,,,50.976332844,1
ojo_2022-12-28_20,26,none,,otsu,docling_rapidocr,qwen,2,0,0,0,2,0.0,0.0,0.0,0,,,,,13.883518637,1
ojo_2022-12-28_20,27,none,,adaptive_gaussian,docling_easyocr,qwen,2,0,0,0,2,0.0,0.0,0.0,0,,,,,39.910395066,1
ojo_2022-12-28_20,27,none,,adaptive_gaussian,docling_rapidocr,qwen,2,0,0,0,2,0.0,0.0,0.0,0,,,,,9.988134066,1
ojo_2022-12-28_20,27,none,,adaptive_mean,docling_easyocr,qwen,2,0,0,0,2,0.0,0.0,0.0,0,,,,,39.573674122,1
ojo_2022-12-28_20,27,none,,adaptive_mean,docling_rapidocr,qwen,2,0,0,0,2,0.0,0.0,0.0,0,,,,,9.618389527,1
ojo_2022-12-28_20,27,none,,basic,docling_easyocr,qwen,2,0,0,0,2,0.0,0.0,0.0,0,,,,,50.729789509,1
ojo_2022-12-28_20,27,none,,basic,docling_rapidocr,qwen,2,0,0,0,2,0.0,0.0,0.0,0,,,,,14.726593985,1
ojo_2022-12-28_20,27,none,,niblack,docling_easyocr,qwen,2,0,0,0,2,0.0,0.0,0.0,0,,,,,39.195661671,1
ojo_2022-12-28_20,27,none,,niblack,docling_rapidocr,qwen,2,0,0,0,2,0.0,0.0,0.0,0,,,,,8.214706547,1
ojo_2022-12-28_20,27,none,,none_color,docling_easyocr,qwen,2,0,0,0,2,0.0,0.0,0.0,0,,,,,47.494824423,1
ojo_2022-12-28_20,27,none,,none_color,docling_rapidocr,qwen,2,0,0,0,2,0.0,0.0,0.0,0,,,,,14.488681807,1
ojo_2022-12-28_20,27,none,,none_grayscale,docling_easyocr,qwen,2,0,0,0,2,0.0,0.0,0.0,0,,,,,46.493512167,1
ojo_2022-12-28_20,27,none,,none_grayscale,docling_rapidocr,qwen,2,0,0,0,2,0.0,0.0,0.0,0,,,,,15.046719088,1
ojo_2022-12-28_20,27,none,,otsu,docling_easyocr,qwen,2,0,0,0,2,0.0,0.0,0.0,0,,,,,50.226237383,1
ojo_2022-12-28_20,27,none,,otsu,docling_rapidocr,qwen,2,0,0,0,2,0.0,0.0,0.0,0,,,,,13.641172734,1
ojo_2022-12-28_20,28,none,,adaptive_gaussian,docling_easyocr,qwen,2,0,0,0,2,0.0,0.0,0.0,0,,,,,35.121650212,1
ojo_2022-12-28_20,28,none,,adaptive_gaussian,docling_rapidocr,qwen,2,0,0,0,2,0.0,0.0,0.0,0,,,,,9.852829211,1
ojo_2022-12-28_20,28,none,,adaptive_mean,docling_easyocr,qwen,2,0,0,0,2,0.0,0.0,0.0,0,,,,,39.794757121,1
ojo_2022-12-28_20,28,none,,adaptive_mean,docling_rapidocr,qwen,2,0,0,0,2,0.0,0.0,0.0,0,,,,,9.598179095,1
ojo_2022-12-28_20,28,none,,basic,docling_easyocr,qwen,2,0,0,0,2,0.0,0.0,0.0,0,,,,,50.579060879,1
ojo_2022-12-28_20,28,none,,basic,docling_rapidocr,qwen,2,0,0,0,2,0.0,0.0,0.0,0,,,,,14.678363886,1
ojo_2022-12-28_20,28,none,,niblack,docling_easyocr,qwen,2,0,0,0,2,0.0,0.0,0.0,0,,,,,39.115919167,1
ojo_2022-12-28_20,28,none,,niblack,docling_rapidocr,qwen,2,0,0,0,2,0.0,0.0,0.0,0,,,,,9.434761578,1
ojo_2022-12-28_20,28,none,,none_color,docling_easyocr,qwen,2,0,0,0,2,0.0,0.0,0.0,0,,,,,50.600345459,1
ojo_2022-12-28_20,28,none,,none_color,docling_rapidocr,qwen,2,0,0,0,2,0.0,0.0,0.0,0,,,,,13.135357466,1
ojo_2022-12-28_20,28,none,,none_grayscale,docling_easyocr,qwen,2,0,0,0,2,0.0,0.0,0.0,0,,,,,51.927957383,1
ojo_2022-12-28_20,28,none,,none_grayscale,docling_rapidocr,qwen,2,0,0,0,2,0.0,0.0,0.0,0,,,,,14.70849475,1
ojo_2022-12-28_20,28,none,,otsu,docling_easyocr,qwen,2,0,0,0,2,0.0,0.0,0.0,0,,,,,51.322602669,1
ojo_2022-12-28_20,28,none,,otsu,docling_rapidocr,qwen,2,0,0,0,2,0.0,0.0,0.0,0,,,,,14.541231791,1
ojo_2022-12-28_20,29,none,,adaptive_gaussian,docling_easyocr,qwen,2,0,0,0,2,0.0,0.0,0.0,0,,,,,39.403763764,1
ojo_2022-12-28_20,29,none,,adaptive_gaussian,docling_rapidocr,qwen,2,0,0,0,2,0.0,0.0,0.0,0,,,,,8.510658734,1
ojo_2022-12-28_20,29,none,,adaptive_mean,docling_easyocr,qwen,2,0,0,0,2,0.0,0.0,0.0,0,,,,,40.117909186,1
ojo_2022-12-28_20,29,none,,adaptive_mean,docling_rapidocr,qwen,2,0,0,0,2,0.0,0.0,0.0,0,,,,,9.190114729,1
ojo_2022-12-28_20,29,none,,basic,docling_easyocr,qwen,2,0,0,0,2,0.0,0.0,0.0,0,,,,,40.057464924,1
ojo_2022-12-28_20,29,none,,basic,docling_rapidocr,qwen,2,0,0,0,2,0.0,0.0,0.0,0,,,,,10.732741442,1
ojo_2022-12-28_20,29,none,,niblack,docling_easyocr,qwen,2,0,0,0,2,0.0,0.0,0.0,0,,,,,36.182677323,1
ojo_2022-12-28_20,29,none,,niblack,docling_rapidocr,qwen,2,0,0,0,2,0.0,0.0,0.0,0,,,,,9.502652222,1
ojo_2022-12-28_20,29,none,,none_color,docling_easyocr,qwen,2,0,0,0,2,0.0,0.0,0.0,0,,,,,50.519569006,1
ojo_2022-12-28_20,29,none,,none_color,docling_rapidocr,qwen,2,0,0,0,2,0.0,0.0,0.0,0,,,,,13.089001503,1
ojo_2022-12-28_20,29,none,,none_grayscale,docling_easyocr,qwen,2,0,0,0,2,0.0,0.0,0.0,0,,,,,45.892544833,1
ojo_2022-12-28_20,29,none,,none_grayscale,docling_rapidocr,qwen,2,0,0,0,2,0.0,0.0,0.0,0,,,,,13.959741917,1
ojo_2022-12-28_20,29,none,,otsu,docling_easyocr,qwen,2,0,0,0,2,0.0,0.0,0.0,0,,,,,51.544811331,1
ojo_2022-12-28_20,29,none,,otsu,docling_rapidocr,qwen,2,0,0,0,2,0.0,0.0,0.0,0,,,,,11.712564074,1
ojo_2022-12-28_20,30,none,,adaptive_gaussian,docling_easyocr,qwen,2,0,0,0,2,0.0,0.0,0.0,0,,,,,39.273552572,1
ojo_2022-12-28_20,30,none,,adaptive_gaussian,docling_rapidocr,qwen,2,0,0,0,2,0.0,0.0,0.0,0,,,,,9.45726577,1
ojo_2022-12-28_20,30,none,,adaptive_mean,docling_easyocr,qwen,2,0,0,0,2,0.0,0.0,0.0,0,,,,,39.227596676,1
ojo_2022-12-28_20,30,none,,adaptive_mean,docling_rapidocr,qwen,2,0,0,0,2,0.0,0.0,0.0,0,,,,,9.196295416,1
ojo_2022-12-28_20,30,none,,basic,docling_easyocr,qwen,2,0,0,0,2,0.0,0.0,0.0,0,,,,,35.746780167,1
ojo_2022-12-28_20,30,none,,basic,docling_rapidocr,qwen,2,0,0,0,2,0.0,0.0,0.0,0,,,,,9.813474903,1
ojo_2022-12-28_20,30,none,,niblack,docling_easyocr,qwen,2,0,0,0,2,0.0,0.0,0.0,0,,,,,39.076771786,1
ojo_2022-12-28_20,30,none,,niblack,docling_rapidocr,qwen,2,0,0,0,2,0.0,0.0,0.0,0,,,,,10.114761879,1
ojo_2022-12-28_20,30,none,,none_color,docling_easyocr,qwen,2,0,0,0,2,0.0,0.0,0.0,0,,,,,39.964330206,1
ojo_2022-12-28_20,30,none,,none_color,docling_rapidocr,qwen,2,0,0,0,2,0.0,0.0,0.0,0,,,,,10.875231752,1
ojo_2022-12-28_20,30,none,,none_grayscale,docling_easyocr,qwen,2,0,0,0,2,0.0,0.0,0.0,0,,,,,37.846993456,1
ojo_2022-12-28_20,30,none,,none_grayscale,docling_rapidocr,qwen,2,0,0,0,2,0.0,0.0,0.0,0,,,,,10.934576998,1
ojo_2022-12-28_20,30,none,,otsu,docling_easyocr,qwen,2,0,0,0,2,0.0,0.0,0.0,0,,,,,40.613636337,1
ojo_2022-12-28_20,30,none,,otsu,docling_rapidocr,qwen,2,0,0,0,2,0.0,0.0,0.0,0,,,,,8.827903591,1
ojo_2022-12-28_20,31,none,,adaptive_gaussian,docling_easyocr,qwen,2,0,0,0,2,0.0,0.0,0.0,0,,,,,39.206428755,1
ojo_2022-12-28_20,31,none,,adaptive_gaussian,docling_rapidocr,qwen,2,0,0,0,2,0.0,0.0,0.0,0,,,,,9.834083546,1
ojo_2022-12-28_20,31,none,,adaptive_mean,docling_easyocr,qwen,2,0,0,0,2,0.0,0.0,0.0,0,,,,,40.416701544,1
ojo_2022-12-28_20,31,none,,adaptive_mean,docling_rapidocr,qwen,2,0,0,0,2,0.0,0.0,0.0,0,,,,,9.814600456,1
ojo_2022-12-28_20,31,none,,basic,docling_easyocr,qwen,2,0,0,0,2,0.0,0.0,0.0,0,,,,,42.053532444,1
ojo_2022-12-28_20,31,none,,basic,docling_rapidocr,qwen,2,0,0,0,2,0.0,0.0,0.0,0,,,,,13.236701571,1
ojo_2022-12-28_20,31,none,,niblack,docling_easyocr,qwen,2,0,0,0,2,0.0,0.0,0.0,0,,,,,36.613342407,1
ojo_2022-12-28_20,31,none,,niblack,docling_rapidocr,qwen,2,0,0,0,2,0.0,0.0,0.0,0,,,,,10.101465347,1
ojo_2022-12-28_20,31,none,,none_color,docling_easyocr,qwen,2,0,0,0,2,0.0,0.0,0.0,0,,,,,36.147065722,1
ojo_2022-12-28_20,31,none,,none_color,docling_rapidocr,qwen,2,0,0,0,2,0.0,0.0,0.0,0,,,,,14.433402143,1
ojo_2022-12-28_20,31,none,,none_grayscale,docling_easyocr,qwen,2,0,0,0,2,0.0,0.0,0.0,0,,,,,40.512326561,1
ojo_2022-12-28_20,31,none,,none_grayscale,docling_rapidocr,qwen,2,0,0,0,2,0.0,0.0,0.0,0,,,,,14.400467001,1
ojo_2022-12-28_20,31,none,,otsu,docling_easyocr,qwen,2,0,0,0,2,0.0,0.0,0.0,0,,,,,42.447716629,1
ojo_2022-12-28_20,31,none,,otsu,docling_rapidocr,qwen,2,0,0,0,2,0.0,0.0,0.0,0,,,,,12.817439711,1
ojo_2022-12-28_20,32,none,,adaptive_gaussian,docling_easyocr,qwen,2,0,0,0,2,0.0,0.0,0.0,0,,,,,39.343849958,1
ojo_2022-12-28_20,32,none,,adaptive_gaussian,docling_rapidocr,qwen,2,0,0,0,2,0.0,0.0,0.0,0,,,,,9.445468248,1
ojo_2022-12-28_20,32,none,,adaptive_mean,docling_easyocr,qwen,2,0,0,0,2,0.0,0.0,0.0,0,,,,,39.699996532,1
ojo_2022-12-28_20,32,none,,adaptive_mean,docling_rapidocr,qwen,2,0,0,0,2,0.0,0.0,0.0,0,,,,,9.612245621,1
ojo_2022-12-28_20,32,none,,basic,docling_easyocr,qwen,2,0,0,0,2,0.0,0.0,0.0,0,,,,,40.630280411,1
ojo_2022-12-28_20,32,none,,basic,docling_rapidocr,qwen,2,0,0,0,2,0.0,0.0,0.0,0,,,,,10.730117237,1
ojo_2022-12-28_20,32,none,,niblack,docling_easyocr,qwen,2,0,0,0,2,0.0,0.0,0.0,0,,,,,39.218633535,1
ojo_2022-12-28_20,32,none,,niblack,docling_rapidocr,qwen,2,0,0,0,2,0.0,0.0,0.0,0,,,,,8.433656338,1
ojo_2022-12-28_20,32,none,,none_color,docling_easyocr,qwen,2,0,0,0,2,0.0,0.0,0.0,0,,,,,38.555239117,1
ojo_2022-12-28_20,32,none,,none_color,docling_rapidocr,qwen,2,0,0,0,2,0.0,0.0,0.0,0,,,,,9.923286831,1
ojo_2022-12-28_20,32,none,,none_grayscale,docling_easyocr,qwen,2,0,0,0,2,0.0,0.0,0.0,0,,,,,38.90733329,1
ojo_2022-12-28_20,32,none,,none_grayscale,docling_rapidocr,qwen,2,0,0,0,2,0.0,0.0,0.0,0,,,,,10.408972895,1
ojo_2022-12-28_20,32,none,,otsu,docling_easyocr,qwen,2,0,0,0,2,0.0,0.0,0.0,0,,,,,40.225814259,1
ojo_2022-12-28_20,32,none,,otsu,docling_rapidocr,qwen,2,0,0,0,2,0.0,0.0,0.0,0,,,,,10.499374783,1
ojo_2022-12-28_20,33,none,,adaptive_gaussian,docling_easyocr,qwen,2,0,0,0,2,0.0,0.0,0.0,0,,,,,39.834545124,1
ojo_2022-12-28_20,33,none,,adaptive_gaussian,docling_rapidocr,qwen,2,0,0,0,2,0.0,0.0,0.0,0,,,,,9.556505192,1
ojo_2022-12-28_20,33,none,,adaptive_mean,docling_easyocr,qwen,2,0,0,0,2,0.0,0.0,0.0,0,,,,,34.310605753,1
ojo_2022-12-28_20,33,none,,adaptive_mean,docling_rapidocr,qwen,2,0,0,0,2,0.0,0.0,0.0,0,,,,,10.405272711,1
ojo_2022-12-28_20,33,none,,basic,docling_easyocr,qwen,2,0,0,0,2,0.0,0.0,0.0,0,,,,,40.324438416,1
ojo_2022-12-28_20,33,none,,basic,docling_rapidocr,qwen,2,0,0,0,2,0.0,0.0,0.0,0,,,,,9.978417479,1
ojo_2022-12-28_20,33,none,,niblack,docling_easyocr,qwen,2,0,0,0,2,0.0,0.0,0.0,0,,,,,39.265519669,1
ojo_2022-12-28_20,33,none,,niblack,docling_rapidocr,qwen,2,0,0,0,2,0.0,0.0,0.0,0,,,,,9.701233675,1
ojo_2022-12-28_20,33,none,,none_color,docling_easyocr,qwen,2,0,0,0,2,0.0,0.0,0.0,0,,,,,40.232202612,1
ojo_2022-12-28_20,33,none,,none_color,docling_rapidocr,qwen,2,0,0,0,2,0.0,0.0,0.0,0,,,,,9.138554893,1
ojo_2022-12-28_20,33,none,,none_grayscale,docling_easyocr,qwen,2,0,0,0,2,0.0,0.0,0.0,0,,,,,40.182518326,1
ojo_2022-12-28_20,33,none,,none_grayscale,docling_rapidocr,qwen,2,0,0,0,2,0.0,0.0,0.0,0,,,,,10.603100859,1
ojo_2022-12-28_20,33,none,,otsu,docling_easyocr,qwen,2,0,0,0,2,0.0,0.0,0.0,0,,,,,40.111628551,1
ojo_2022-12-28_20,33,none,,otsu,docling_rapidocr,qwen,2,0,0,0,2,0.0,0.0,0.0,0,,,,,10.852058429,1
ojo_2022-12-28_20,34,none,,adaptive_gaussian,docling_easyocr,qwen,2,0,0,0,2,0.0,0.0,0.0,0,,,,,34.949753137,1
ojo_2022-12-28_20,34,none,,adaptive_gaussian,docling_rapidocr,qwen,2,0,0,0,2,0.0,0.0,0.0,0,,,,,10.742098184,1
ojo_2022-12-28_20,34,none,,adaptive_mean,docling_easyocr,qwen,2,0,0,0,2,0.0,0.0,0.0,0,,,,,39.829364391,1
ojo_2022-12-28_20,34,none,,adaptive_mean,docling_rapidocr,qwen,2,0,0,0,2,0.0,0.0,0.0,0,,,,,10.249637456,1
ojo_2022-12-28_20,34,none,,basic,docling_easyocr,qwen,2,0,0,0,2,0.0,0.0,0.0,0,,,,,39.403466647,1
ojo_2022-12-28_20,34,none,,basic,docling_rapidocr,qwen,2,0,0,0,2,0.0,0.0,0.0,0,,,,,10.376716321,1
ojo_2022-12-28_20,34,none,,niblack,docling_easyocr,qwen,2,0,0,0,2,0.0,0.0,0.0,0,,,,,39.130400571,1
ojo_2022-12-28_20,34,none,,niblack,docling_rapidocr,qwen,2,0,0,0,2,0.0,0.0,0.0,0,,,,,8.639468106,1
ojo_2022-12-28_20,34,none,,none_color,docling_easyocr,qwen,2,0,0,0,2,0.0,0.0,0.0,0,,,,,35.495689815,1
ojo_2022-12-28_20,34,none,,none_color,docling_rapidocr,qwen,2,0,0,0,2,0.0,0.0,0.0,0,,,,,13.892617887,1
ojo_2022-12-28_20,34,none,,none_grayscale,docling_easyocr,qwen,2,0,0,0,2,0.0,0.0,0.0,0,,,,,41.435321277,1
ojo_2022-12-28_20,34,none,,none_grayscale,docling_rapidocr,qwen,2,1,1,0,1,1.0,0.5,0.666667,1,0.9230769230769231,1.0,0.1394658753709199,0.21739130434782608,15.026003068,0
ojo_2022-12-28_20,34,none,,otsu,docling_easyocr,qwen,2,0,0,0,2,0.0,0.0,0.0,0,,,,,42.889302987,1
ojo_2022-12-28_20,34,none,,otsu,docling_rapidocr,qwen,2,0,0,0,2,0.0,0.0,0.0,0,,,,,9.937473315,1
ojo_2022-12-28_20,35,none,,adaptive_gaussian,docling_easyocr,qwen,2,0,0,0,2,0.0,0.0,0.0,0,,,,,39.962252065,1
ojo_2022-12-28_20,35,none,,adaptive_gaussian,docling_rapidocr,qwen,2,0,0,0,2,0.0,0.0,0.0,0,,,,,9.48402135,1
ojo_2022-12-28_20,35,none,,adaptive_mean,docling_easyocr,qwen,2,0,0,0,2,0.0,0.0,0.0,0,,,,,40.062348767,1
ojo_2022-12-28_20,35,none,,adaptive_mean,docling_rapidocr,qwen,2,0,0,0,2,0.0,0.0,0.0,0,,,,,9.61386387,1
ojo_2022-12-28_20,35,none,,basic,docling_easyocr,qwen,2,0,0,0,2,0.0,0.0,0.0,0,,,,,39.371715325,1
ojo_2022-12-28_20,35,none,,basic,docling_rapidocr,qwen,2,0,0,0,2,0.0,0.0,0.0,0,,,,,10.09506585,1
ojo_2022-12-28_20,35,none,,niblack,docling_easyocr,qwen,2,0,0,0,2,0.0,0.0,0.0,0,,,,,34.570125566,1
ojo_2022-12-28_20,35,none,,niblack,docling_rapidocr,qwen,2,0,0,0,2,0.0,0.0,0.0,0,,,,,9.715302215,1
ojo_2022-12-28_20,35,none,,none_color,docling_easyocr,qwen,2,0,0,0,2,0.0,0.0,0.0,0,,,,,37.852978009,1
ojo_2022-12-28_20,35,none,,none_color,docling_rapidocr,qwen,2,0,0,0,2,0.0,0.0,0.0,0,,,,,10.404082317,1
ojo_2022-12-28_20,35,none,,none_grayscale,docling_easyocr,qwen,2,0,0,0,2,0.0,0.0,0.0,0,,,,,40.313820619,1
ojo_2022-12-28_20,35,none,,none_grayscale,docling_rapidocr,qwen,2,0,0,0,2,0.0,0.0,0.0,0,,,,,10.640291948,1
ojo_2022-12-28_20,35,none,,otsu,docling_easyocr,qwen,2,0,0,0,2,0.0,0.0,0.0,0,,,,,35.957398433,1
ojo_2022-12-28_20,35,none,,otsu,docling_rapidocr,qwen,2,0,0,0,2,0.0,0.0,0.0,0,,,,,10.308309812,1
ojo_2022-12-28_20,36,none,,adaptive_gaussian,docling_easyocr,qwen,2,0,0,0,2,0.0,0.0,0.0,0,,,,,40.325362462,1
ojo_2022-12-28_20,36,none,,adaptive_gaussian,docling_rapidocr,qwen,2,0,0,0,2,0.0,0.0,0.0,0,,,,,9.742032308,1
ojo_2022-12-28_20,36,none,,adaptive_mean,docling_easyocr,qwen,2,0,0,0,2,0.0,0.0,0.0,0,,,,,40.908480662,1
ojo_2022-12-28_20,36,none,,adaptive_mean,docling_rapidocr,qwen,2,0,0,0,2,0.0,0.0,0.0,0,,,,,9.814174909,1
ojo_2022-12-28_20,36,none,,basic,docling_easyocr,qwen,2,0,0,0,2,0.0,0.0,0.0,0,,,,,40.285695903,1
ojo_2022-12-28_20,36,none,,basic,docling_rapidocr,qwen,2,0,0,0,2,0.0,0.0,0.0,0,,,,,8.710436933,1
ojo_2022-12-28_20,36,none,,niblack,docling_easyocr,qwen,2,0,0,0,2,0.0,0.0,0.0,0,,,,,34.95043889,1
ojo_2022-12-28_20,36,none,,niblack,docling_rapidocr,qwen,2,0,0,0,2,0.0,0.0,0.0,0,,,,,10.104226026,1
ojo_2022-12-28_20,36,none,,none_color,docling_easyocr,qwen,2,0,0,0,2,0.0,0.0,0.0,0,,,,,40.220331304,1
ojo_2022-12-28_20,36,none,,none_color,docling_rapidocr,qwen,2,0,0,0,2,0.0,0.0,0.0,0,,,,,12.601993196,1
ojo_2022-12-28_20,36,none,,none_grayscale,docling_easyocr,qwen,2,0,0,0,2,0.0,0.0,0.0,0,,,,,41.082239024,1
ojo_2022-12-28_20,36,none,,none_grayscale,docling_rapidocr,qwen,2,0,0,0,2,0.0,0.0,0.0,0,,,,,12.15421664,1
ojo_2022-12-28_20,36,none,,otsu,docling_easyocr,qwen,2,0,0,0,2,0.0,0.0,0.0,0,,,,,40.646965926,1
ojo_2022-12-28_20,36,none,,otsu,docling_rapidocr,qwen,2,0,0,0,2,0.0,0.0,0.0,0,,,,,11.090779966,1
ojo_2022-12-28_20,37,none,,adaptive_gaussian,docling_easyocr,qwen,2,0,0,0,2,0.0,0.0,0.0,0,,,,,36.094791265,1
ojo_2022-12-28_20,37,none,,adaptive_gaussian,docling_rapidocr,qwen,2,0,0,0,2,0.0,0.0,0.0,0,,,,,9.595285745,1
ojo_2022-12-28_20,37,none,,adaptive_mean,docling_easyocr,qwen,2,0,0,0,2,0.0,0.0,0.0,0,,,,,39.57757649,1
ojo_2022-12-28_20,37,none,,adaptive_mean,docling_rapidocr,qwen,2,0,0,0,2,0.0,0.0,0.0,0,,,,,9.70764956,1
ojo_2022-12-28_20,37,none,,basic,docling_easyocr,qwen,2,0,0,0,2,0.0,0.0,0.0,0,,,,,42.696772998,1
ojo_2022-12-28_20,37,none,,basic,docling_rapidocr,qwen,2,0,0,0,2,0.0,0.0,0.0,0,,,,,11.641695922,1
ojo_2022-12-28_20,37,none,,niblack,docling_easyocr,qwen,2,0,0,0,2,0.0,0.0,0.0,0,,,,,39.597923907,1
ojo_2022-12-28_20,37,none,,niblack,docling_rapidocr,qwen,2,0,0,0,2,0.0,0.0,0.0,0,,,,,9.859115991,1
ojo_2022-12-28_20,37,none,,none_color,docling_easyocr,qwen,2,0,0,0,2,0.0,0.0,0.0,0,,,,,35.067497199,1
ojo_2022-12-28_20,37,none,,none_color,docling_rapidocr,qwen,2,0,0,0,2,0.0,0.0,0.0,0,,,,,12.362940972,1
ojo_2022-12-28_20,37,none,,none_grayscale,docling_easyocr,qwen,2,0,0,0,2,0.0,0.0,0.0,0,,,,,35.319939559,1
ojo_2022-12-28_20,37,none,,none_grayscale,docling_rapidocr,qwen,2,0,0,0,2,0.0,0.0,0.0,0,,,,,13.767807668,1
ojo_2022-12-28_20,37,none,,otsu,docling_easyocr,qwen,2,0,0,0,2,0.0,0.0,0.0,0,,,,,40.626509276,1
ojo_2022-12-28_20,37,none,,otsu,docling_rapidocr,qwen,2,0,0,0,2,0.0,0.0,0.0,0,,,,,12.909059611,1
ojo_2022-12-28_20,38,none,,adaptive_gaussian,docling_easyocr,qwen,2,0,0,0,2,0.0,0.0,0.0,0,,,,,41.636276166,1
ojo_2022-12-28_20,38,none,,adaptive_gaussian,docling_rapidocr,qwen,2,0,0,0,2,0.0,0.0,0.0,0,,,,,8.709063212,1
ojo_2022-12-28_20,38,none,,adaptive_mean,docling_easyocr,qwen,2,0,0,0,2,0.0,0.0,0.0,0,,,,,38.44462053,1
ojo_2022-12-28_20,38,none,,adaptive_mean,docling_rapidocr,qwen,2,0,0,0,2,0.0,0.0,0.0,0,,,,,10.452719609,1
ojo_2022-12-28_20,38,none,,basic,docling_easyocr,qwen,2,0,0,0,2,0.0,0.0,0.0,0,,,,,39.669526114,1
ojo_2022-12-28_20,38,none,,basic,docling_rapidocr,qwen,2,0,0,0,2,0.0,0.0,0.0,0,,,,,10.234726204,1
ojo_2022-12-28_20,38,none,,niblack,docling_easyocr,qwen,2,0,0,0,2,0.0,0.0,0.0,0,,,,,39.680606585,1
ojo_2022-12-28_20,38,none,,niblack,docling_rapidocr,qwen,2,0,0,0,2,0.0,0.0,0.0,0,,,,,9.960135203,1
ojo_2022-12-28_20,38,none,,none_color,docling_easyocr,qwen,2,0,0,0,2,0.0,0.0,0.0,0,,,,,41.100891604,1
ojo_2022-12-28_20,38,none,,none_color,docling_rapidocr,qwen,2,0,0,0,2,0.0,0.0,0.0,0,,,,,12.149653925,1
ojo_2022-12-28_20,38,none,,none_grayscale,docling_easyocr,qwen,2,0,0,0,2,0.0,0.0,0.0,0,,,,,40.265716805,1
ojo_2022-12-28_20,38,none,,none_grayscale,docling_rapidocr,qwen,2,0,0,0,2,0.0,0.0,0.0,0,,,,,11.905365958,1
ojo_2022-12-28_20,38,none,,otsu,docling_easyocr,qwen,2,0,0,0,2,0.0,0.0,0.0,0,,,,,40.122575535,1
ojo_2022-12-28_20,38,none,,otsu,docling_rapidocr,qwen,2,0,0,0,2,0.0,0.0,0.0,0,,,,,10.150866046,1
ojo_2022-12-28_20,39,none,,adaptive_gaussian,docling_easyocr,qwen,2,0,0,0,2,0.0,0.0,0.0,0,,,,,47.531356331,1
ojo_2022-12-28_20,39,none,,adaptive_gaussian,docling_rapidocr,qwen,2,0,0,0,2,0.0,0.0,0.0,0,,,,,16.36690211,1
ojo_2022-12-28_20,39,none,,adaptive_mean,docling_easyocr,qwen,2,0,0,0,2,0.0,0.0,0.0,0,,,,,47.252208945,1
ojo_2022-12-28_20,39,none,,adaptive_mean,docling_rapidocr,qwen,2,0,0,0,2,0.0,0.0,0.0,0,,,,,16.582291123,1
ojo_2022-12-28_20,39,none,,basic,docling_easyocr,qwen,2,0,0,0,2,0.0,0.0,0.0,0,,,,,57.612798304,1
ojo_2022-12-28_20,39,none,,basic,docling_rapidocr,qwen,2,0,0,0,2,0.0,0.0,0.0,0,,,,,21.264832348,1
ojo_2022-12-28_20,39,none,,niblack,docling_easyocr,qwen,2,0,0,0,2,0.0,0.0,0.0,0,,,,,46.363177834,1
ojo_2022-12-28_20,39,none,,niblack,docling_rapidocr,qwen,2,0,0,0,2,0.0,0.0,0.0,0,,,,,16.697173176,1
ojo_2022-12-28_20,39,none,,none_color,docling_easyocr,qwen,2,0,0,0,2,0.0,0.0,0.0,0,,,,,58.652436108,1
ojo_2022-12-28_20,39,none,,none_color,docling_rapidocr,qwen,2,0,0,0,2,0.0,0.0,0.0,0,,,,,21.698800654,1
ojo_2022-12-28_20,39,none,,none_grayscale,docling_easyocr,qwen,2,0,0,0,2,0.0,0.0,0.0,0,,,,,52.394699187,1
ojo_2022-12-28_20,39,none,,none_grayscale,docling_rapidocr,qwen,2,0,0,0,2,0.0,0.0,0.0,0,,,,,21.877836794,1
ojo_2022-12-28_20,39,none,,otsu,docling_easyocr,qwen,2,0,0,0,2,0.0,0.0,0.0,0,,,,,54.211674853,1
ojo_2022-12-28_20,39,none,,otsu,docling_rapidocr,qwen,2,0,0,0,2,0.0,0.0,0.0,0,,,,,19.886587067,1
ojo_2022-12-28_20,40,none,,adaptive_gaussian,docling_easyocr,qwen,2,0,0,0,2,0.0,0.0,0.0,0,,,,,47.482819281,1
ojo_2022-12-28_20,40,none,,adaptive_gaussian,docling_rapidocr,qwen,2,0,0,0,2,0.0,0.0,0.0,0,,,,,16.540142737,1
ojo_2022-12-28_20,40,none,,adaptive_mean,docling_easyocr,qwen,2,0,0,0,2,0.0,0.0,0.0,0,,,,,47.669073544,1
ojo_2022-12-28_20,40,none,,adaptive_mean,docling_rapidocr,qwen,2,0,0,0,2,0.0,0.0,0.0,0,,,,,16.978341065,1
ojo_2022-12-28_20,40,none,,basic,docling_easyocr,qwen,2,0,0,0,2,0.0,0.0,0.0,0,,,,,58.338106927,1
ojo_2022-12-28_20,40,none,,basic,docling_rapidocr,qwen,2,0,0,0,2,0.0,0.0,0.0,0,,,,,22.682884511,1
ojo_2022-12-28_20,40,none,,niblack,docling_easyocr,qwen,2,0,0,0,2,0.0,0.0,0.0,0,,,,,42.52667334,1
ojo_2022-12-28_20,40,none,,niblack,docling_rapidocr,qwen,2,0,0,0,2,0.0,0.0,0.0,0,,,,,16.971435332,1
ojo_2022-12-28_20,40,none,,none_color,docling_easyocr,qwen,2,0,0,0,2,0.0,0.0,0.0,0,,,,,54.214667853,1
ojo_2022-12-28_20,40,none,,none_color,docling_rapidocr,qwen,2,0,0,0,2,0.0,0.0,0.0,0,,,,,22.489456948,1
ojo_2022-12-28_20,40,none,,none_grayscale,docling_easyocr,qwen,2,0,0,0,2,0.0,0.0,0.0,0,,,,,57.71538597,1
ojo_2022-12-28_20,40,none,,none_grayscale,docling_rapidocr,qwen,2,0,0,0,2,0.0,0.0,0.0,0,,,,,21.922594842,1
ojo_2022-12-28_20,40,none,,otsu,docling_easyocr,qwen,2,0,0,0,2,0.0,0.0,0.0,0,,,,,58.61728991,1
ojo_2022-12-28_20,40,none,,otsu,docling_rapidocr,qwen,2,0,0,0,2,0.0,0.0,0.0,0,,,,,21.350954423,1
ojo_2022-12-28_20,41,none,,adaptive_gaussian,docling_easyocr,qwen,2,0,0,0,2,0.0,0.0,0.0,0,,,,,48.124165392,1
ojo_2022-12-28_20,41,none,,adaptive_gaussian,docling_rapidocr,qwen,2,0,0,0,2,0.0,0.0,0.0,0,,,,,16.896464921,1
ojo_2022-12-28_20,41,none,,adaptive_mean,docling_easyocr,qwen,2,0,0,0,2,0.0,0.0,0.0,0,,,,,41.887250519,1
ojo_2022-12-28_20,41,none,,adaptive_mean,docling_rapidocr,qwen,2,0,0,0,2,0.0,0.0,0.0,0,,,,,17.58107648,1
ojo_2022-12-28_20,41,none,,basic,docling_easyocr,qwen,2,0,0,0,2,0.0,0.0,0.0,0,,,,,48.723002385,1
ojo_2022-12-28_20,41,none,,basic,docling_rapidocr,qwen,2,0,0,0,2,0.0,0.0,0.0,0,,,,,18.134728383,1
ojo_2022-12-28_20,41,none,,niblack,docling_easyocr,qwen,2,0,0,0,2,0.0,0.0,0.0,0,,,,,46.976354041,1
ojo_2022-12-28_20,41,none,,niblack,docling_rapidocr,qwen,2,0,0,0,2,0.0,0.0,0.0,0,,,,,17.201526084,1
ojo_2022-12-28_20,41,none,,none_color,docling_easyocr,qwen,2,0,0,0,2,0.0,0.0,0.0,0,,,,,58.980112265,1
ojo_2022-12-28_20,41,none,,none_color,docling_rapidocr,qwen,2,0,0,0,2,0.0,0.0,0.0,0,,,,,22.428169201,1
ojo_2022-12-28_20,41,none,,none_grayscale,docling_easyocr,qwen,2,0,0,0,2,0.0,0.0,0.0,0,,,,,58.605115126,1
ojo_2022-12-28_20,41,none,,none_grayscale,docling_rapidocr,qwen,2,0,0,0,2,0.0,0.0,0.0,0,,,,,21.588341902,1
ojo_2022-12-28_20,41,none,,otsu,docling_easyocr,qwen,2,0,0,0,2,0.0,0.0,0.0,0,,,,,58.313470171,1
ojo_2022-12-28_20,41,none,,otsu,docling_rapidocr,qwen,2,0,0,0,2,0.0,0.0,0.0,0,,,,,21.103314446,1
ojo_2022-12-28_20,42,none,,adaptive_gaussian,docling_easyocr,qwen,2,0,0,0,2,0.0,0.0,0.0,0,,,,,42.366082756,1
ojo_2022-12-28_20,42,none,,adaptive_gaussian,docling_rapidocr,qwen,2,0,0,0,2,0.0,0.0,0.0,0,,,,,9.791288225,1
ojo_2022-12-28_20,42,none,,adaptive_mean,docling_easyocr,qwen,2,0,0,0,2,0.0,0.0,0.0,0,,,,,37.123997538,1
ojo_2022-12-28_20,42,none,,adaptive_mean,docling_rapidocr,qwen,2,0,0,0,2,0.0,0.0,0.0,0,,,,,9.913462727,1
ojo_2022-12-28_20,42,none,,basic,docling_easyocr,qwen,2,0,0,0,2,0.0,0.0,0.0,0,,,,,42.740941229,1
ojo_2022-12-28_20,42,none,,basic,docling_rapidocr,qwen,2,0,0,0,2,0.0,0.0,0.0,0,,,,,11.912038508,1
ojo_2022-12-28_20,42,none,,niblack,docling_easyocr,qwen,2,0,0,0,2,0.0,0.0,0.0,0,,,,,33.028636677,1
ojo_2022-12-28_20,42,none,,niblack,docling_rapidocr,qwen,2,0,0,0,2,0.0,0.0,0.0,0,,,,,9.147901995,1
ojo_2022-12-28_20,42,none,,none_color,docling_easyocr,qwen,2,0,0,0,2,0.0,0.0,0.0,0,,,,,48.094398442,1
ojo_2022-12-28_20,42,none,,none_color,docling_rapidocr,qwen,2,0,0,0,2,0.0,0.0,0.0,0,,,,,13.108188334,1
ojo_2022-12-28_20,42,none,,none_grayscale,docling_easyocr,qwen,2,0,0,0,2,0.0,0.0,0.0,0,,,,,47.890549364,1
ojo_2022-12-28_20,42,none,,none_grayscale,docling_rapidocr,qwen,2,0,0,0,2,0.0,0.0,0.0,0,,,,,12.509937945,1
ojo_2022-12-28_20,42,none,,otsu,docling_easyocr,qwen,2,0,0,0,2,0.0,0.0,0.0,0,,,,,42.809700266,1
ojo_2022-12-28_20,42,none,,otsu,docling_rapidocr,qwen,2,0,0,0,2,0.0,0.0,0.0,0,,,,,13.099827067,1
ojo_2022-12-28_20,43,none,,adaptive_gaussian,docling_easyocr,qwen,2,0,0,0,2,0.0,0.0,0.0,0,,,,,40.416032475,1
ojo_2022-12-28_20,43,none,,adaptive_gaussian,docling_rapidocr,qwen,2,0,0,0,2,0.0,0.0,0.0,0,,,,,9.66982333,1
ojo_2022-12-28_20,43,none,,adaptive_mean,docling_easyocr,qwen,2,0,0,0,2,0.0,0.0,0.0,0,,,,,40.2382137,1
ojo_2022-12-28_20,43,none,,adaptive_mean,docling_rapidocr,qwen,2,0,0,0,2,0.0,0.0,0.0,0,,,,,10.096877497,1
ojo_2022-12-28_20,43,none,,basic,docling_easyocr,qwen,2,0,0,0,2,0.0,0.0,0.0,0,,,,,46.466722504,1
ojo_2022-12-28_20,43,none,,basic,docling_rapidocr,qwen,2,0,0,0,2,0.0,0.0,0.0,0,,,,,12.169951216,1
ojo_2022-12-28_20,43,none,,niblack,docling_easyocr,qwen,2,0,0,0,2,0.0,0.0,0.0,0,,,,,34.927993592,1
ojo_2022-12-28_20,43,none,,niblack,docling_rapidocr,qwen,2,0,0,0,2,0.0,0.0,0.0,0,,,,,9.413269099,1
ojo_2022-12-28_20,43,none,,none_color,docling_easyocr,qwen,2,0,0,0,2,0.0,0.0,0.0,0,,,,,48.454865471,1
ojo_2022-12-28_20,43,none,,none_color,docling_rapidocr,qwen,2,0,0,0,2,0.0,0.0,0.0,0,,,,,12.597006813,1
ojo_2022-12-28_20,43,none,,none_grayscale,docling_easyocr,qwen,2,0,0,0,2,0.0,0.0,0.0,0,,,,,48.324224964,1
ojo_2022-12-28_20,43,none,,none_grayscale,docling_rapidocr,qwen,2,0,0,0,2,0.0,0.0,0.0,0,,,,,13.174641386,1
ojo_2022-12-28_20,43,none,,otsu,docling_easyocr,qwen,2,0,0,0,2,0.0,0.0,0.0,0,,,,,46.496598809,1
ojo_2022-12-28_20,43,none,,otsu,docling_rapidocr,qwen,2,0,0,0,2,0.0,0.0,0.0,0,,,,,11.869167177,1
ojo_2022-12-28_20,44,none,,adaptive_gaussian,docling_easyocr,qwen,2,0,0,0,2,0.0,0.0,0.0,0,,,,,40.103435438,1
ojo_2022-12-28_20,44,none,,adaptive_gaussian,docling_rapidocr,qwen,2,0,0,0,2,0.0,0.0,0.0,0,,,,,9.839006823,1
ojo_2022-12-28_20,44,none,,adaptive_mean,docling_easyocr,qwen,2,0,0,0,2,0.0,0.0,0.0,0,,,,,40.25132386,1
ojo_2022-12-28_20,44,none,,adaptive_mean,docling_rapidocr,qwen,2,0,0,0,2,0.0,0.0,0.0,0,,,,,10.077697438,1
ojo_2022-12-28_20,44,none,,basic,docling_easyocr,qwen,2,0,0,0,2,0.0,0.0,0.0,0,,,,,38.281050221,1
ojo_2022-12-28_20,44,none,,basic,docling_rapidocr,qwen,2,0,0,0,2,0.0,0.0,0.0,0,,,,,10.094905869,1
ojo_2022-12-28_20,44,none,,niblack,docling_easyocr,qwen,2,0,0,0,2,0.0,0.0,0.0,0,,,,,39.074807699,1
ojo_2022-12-28_20,44,none,,niblack,docling_rapidocr,qwen,2,0,0,0,2,0.0,0.0,0.0,0,,,,,9.4634214,1
ojo_2022-12-28_20,44,none,,none_color,docling_easyocr,qwen,2,0,0,0,2,0.0,0.0,0.0,0,,,,,49.884356991,1
ojo_2022-12-28_20,44,none,,none_color,docling_rapidocr,qwen,2,0,0,0,2,0.0,0.0,0.0,0,,,,,12.719467179,1
ojo_2022-12-28_20,44,none,,none_grayscale,docling_easyocr,qwen,2,0,0,0,2,0.0,0.0,0.0,0,,,,,50.449496285,1
ojo_2022-12-28_20,44,none,,none_grayscale,docling_rapidocr,qwen,2,0,0,0,2,0.0,0.0,0.0,0,,,,,12.294067398,1
ojo_2022-12-28_20,44,none,,otsu,docling_easyocr,qwen,2,0,0,0,2,0.0,0.0,0.0,0,,,,,48.175132052,1
ojo_2022-12-28_20,44,none,,otsu,docling_rapidocr,qwen,2,0,0,0,2,0.0,0.0,0.0,0,,,,,10.921971098,1
ojo_2022-12-28_20,45,none,,adaptive_gaussian,docling_easyocr,qwen,2,0,0,0,2,0.0,0.0,0.0,0,,,,,37.303917244,1
ojo_2022-12-28_20,45,none,,adaptive_gaussian,docling_rapidocr,qwen,2,0,0,0,2,0.0,0.0,0.0,0,,,,,9.74449189,1
ojo_2022-12-28_20,45,none,,adaptive_mean,docling_easyocr,qwen,2,0,0,0,2,0.0,0.0,0.0,0,,,,,39.557005957,1
ojo_2022-12-28_20,45,none,,basic,docling_easyocr,qwen,2,0,0,0,2,0.0,0.0,0.0,0,,,,,37.811892439,1
ojo_2022-12-28_20,45,none,,basic,docling_rapidocr,qwen,2,0,0,0,2,0.0,0.0,0.0,0,,,,,9.789363314,1
ojo_2022-12-28_20,45,none,,niblack,docling_easyocr,qwen,2,0,0,0,2,0.0,0.0,0.0,0,,,,,35.628482716,1
ojo_2022-12-28_20,45,none,,niblack,docling_rapidocr,qwen,2,0,0,0,2,0.0,0.0,0.0,0,,,,,9.468109982,1
ojo_2022-12-28_20,45,none,,none_color,docling_easyocr,qwen,2,0,0,0,2,0.0,0.0,0.0,0,,,,,36.931006361,1
ojo_2022-12-28_20,45,none,,none_grayscale,docling_easyocr,qwen,2,0,0,0,2,0.0,0.0,0.0,0,,,,,39.610029389,1
ojo_2022-12-28_20,45,none,,otsu,docling_easyocr,qwen,2,0,0,0,2,0.0,0.0,0.0,0,,,,,39.176573502,1
ojo_2022-12-28_20,45,none,,otsu,docling_rapidocr,qwen,2,0,0,0,2,0.0,0.0,0.0,0,,,,,9.376950727,1
ojo_2022-12-28_20,45,none,,yannihorne,docling_easyocr,qwen,2,0,0,0,2,0.0,0.0,0.0,0,,,,,40.0288267,1
ojo_2022-12-28_20,45,none,,yannihorne,docling_rapidocr,qwen,2,0,0,0,2,0.0,0.0,0.0,0,,,,,9.642198788,1
ojo_2022-12-28_20,46,none,,adaptive_gaussian,docling_easyocr,qwen,2,0,0,0,2,0.0,0.0,0.0,0,,,,,40.242838514,1
ojo_2022-12-28_20,46,none,,adaptive_gaussian,docling_rapidocr,qwen,2,0,0,0,2,0.0,0.0,0.0,0,,,,,9.817963016,1
ojo_2022-12-28_20,46,none,,basic,docling_easyocr,qwen,2,0,0,0,2,0.0,0.0,0.0,0,,,,,38.83014916,1
ojo_2022-12-28_20,46,none,,basic,docling_rapidocr,qwen,2,0,0,0,2,0.0,0.0,0.0,0,,,,,9.713090883,1
ojo_2022-12-28_20,46,none,,niblack,docling_easyocr,qwen,2,0,0,0,2,0.0,0.0,0.0,0,,,,,39.354196098,1
ojo_2022-12-28_20,46,none,,niblack,docling_rapidocr,qwen,2,0,0,0,2,0.0,0.0,0.0,0,,,,,9.099736002,1
ojo_2022-12-28_20,46,none,,none_color,docling_easyocr,qwen,2,0,0,0,2,0.0,0.0,0.0,0,,,,,40.044971453,1
ojo_2022-12-28_20,46,none,,none_grayscale,docling_easyocr,qwen,2,0,0,0,2,0.0,0.0,0.0,0,,,,,40.015885101,1
ojo_2022-12-28_20,46,none,,otsu,docling_easyocr,qwen,2,0,0,0,2,0.0,0.0,0.0,0,,,,,39.185469614,1
ojo_2022-12-28_20,46,none,,otsu,docling_rapidocr,qwen,2,0,0,0,2,0.0,0.0,0.0,0,,,,,9.896227346,1
ojo_2022-12-28_20,46,none,,yannihorne,docling_easyocr,qwen,2,0,0,0,2,0.0,0.0,0.0,0,,,,,38.908560024,1
ojo_2022-12-28_20,46,none,,yannihorne,docling_rapidocr,qwen,2,0,0,0,2,0.0,0.0,0.0,0,,,,,9.804542051,1
ojo_2022-12-28_20,47,none,,adaptive_gaussian,docling_easyocr,qwen,2,0,0,0,2,0.0,0.0,0.0,0,,,,,40.475540127,1
ojo_2022-12-28_20,47,none,,adaptive_gaussian,docling_rapidocr,qwen,2,0,0,0,2,0.0,0.0,0.0,0,,,,,9.180113281,1
ojo_2022-12-28_20,47,none,,basic,docling_easyocr,qwen,2,0,0,0,2,0.0,0.0,0.0,0,,,,,39.629618942,1
ojo_2022-12-28_20,47,none,,basic,docling_rapidocr,qwen,2,0,0,0,2,0.0,0.0,0.0,0,,,,,9.838858187,1
ojo_2022-12-28_20,47,none,,niblack,docling_easyocr,qwen,2,0,0,0,2,0.0,0.0,0.0,0,,,,,39.292057375,1
ojo_2022-12-28_20,47,none,,niblack,docling_rapidocr,qwen,2,0,0,0,2,0.0,0.0,0.0,0,,,,,9.58384643,1
ojo_2022-12-28_20,47,none,,none_color,docling_easyocr,qwen,2,0,0,0,2,0.0,0.0,0.0,0,,,,,39.800892174,1
ojo_2022-12-28_20,47,none,,none_grayscale,docling_easyocr,qwen,2,0,0,0,2,0.0,0.0,0.0,0,,,,,39.966632664,1
ojo_2022-12-28_20,47,none,,otsu,docling_easyocr,qwen,2,0,0,0,2,0.0,0.0,0.0,0,,,,,39.384066641,1
ojo_2022-12-28_20,47,none,,otsu,docling_rapidocr,qwen,2,0,0,0,2,0.0,0.0,0.0,0,,,,,9.727695763,1
ojo_2022-12-28_20,47,none,,yannihorne,docling_easyocr,qwen,2,0,0,0,2,0.0,0.0,0.0,0,,,,,39.692005217,1
ojo_2022-12-28_20,47,none,,yannihorne,docling_rapidocr,qwen,2,0,0,0,2,0.0,0.0,0.0,0,,,,,9.717694342,1
ojo_2022-12-28_20,48,none,,adaptive_gaussian,docling_easyocr,qwen,2,0,0,0,2,0.0,0.0,0.0,0,,,,,58.55515819,1
ojo_2022-12-28_20,48,none,,adaptive_gaussian,docling_rapidocr,qwen,2,0,0,0,2,0.0,0.0,0.0,0,,,,,31.740752033,1
ojo_2022-12-28_20,48,none,,adaptive_mean,docling_easyocr,qwen,2,0,0,0,2,0.0,0.0,0.0,0,,,,,58.140141062,1
ojo_2022-12-28_20,48,none,,adaptive_mean,docling_rapidocr,qwen,2,0,0,0,2,0.0,0.0,0.0,0,,,,,31.182393602,1
ojo_2022-12-28_20,48,none,,basic,docling_easyocr,qwen,2,0,0,0,2,0.0,0.0,0.0,0,,,,,59.213704731,1
ojo_2022-12-28_20,48,none,,basic,docling_rapidocr,qwen,2,0,0,0,2,0.0,0.0,0.0,0,,,,,32.122240688,1
ojo_2022-12-28_20,48,none,,niblack,docling_easyocr,qwen,2,0,0,0,2,0.0,0.0,0.0,0,,,,,61.384155148,1
ojo_2022-12-28_20,48,none,,niblack,docling_rapidocr,qwen,2,0,0,0,2,0.0,0.0,0.0,0,,,,,31.771386497,1
ojo_2022-12-28_20,48,none,,none_color,docling_easyocr,qwen,2,0,0,0,2,0.0,0.0,0.0,0,,,,,63.023144628,1
ojo_2022-12-28_20,48,none,,none_color,docling_rapidocr,qwen,2,0,0,0,2,0.0,0.0,0.0,0,,,,,32.82682481,1
ojo_2022-12-28_20,48,none,,none_grayscale,docling_easyocr,qwen,2,0,0,0,2,0.0,0.0,0.0,0,,,,,62.796296503,1
ojo_2022-12-28_20,48,none,,none_grayscale,docling_rapidocr,qwen,2,0,0,0,2,0.0,0.0,0.0,0,,,,,34.138966228,1
ojo_2022-12-28_20,48,none,,otsu,docling_easyocr,qwen,2,0,0,0,2,0.0,0.0,0.0,0,,,,,58.470100548,1
ojo_2022-12-28_20,48,none,,otsu,docling_rapidocr,qwen,2,0,0,0,2,0.0,0.0,0.0,0,,,,,32.745264198,1
ojo_2022-12-28_20,49,none,,adaptive_gaussian,docling_easyocr,qwen,2,0,0,0,2,0.0,0.0,0.0,0,,,,,62.697357735,1
ojo_2022-12-28_20,49,none,,adaptive_gaussian,docling_rapidocr,qwen,2,0,0,0,2,0.0,0.0,0.0,0,,,,,31.190341791,1
ojo_2022-12-28_20,49,none,,adaptive_mean,docling_easyocr,qwen,2,0,0,0,2,0.0,0.0,0.0,0,,,,,62.454763493,1
ojo_2022-12-28_20,49,none,,adaptive_mean,docling_rapidocr,qwen,2,0,0,0,2,0.0,0.0,0.0,0,,,,,31.2265807,1
ojo_2022-12-28_20,49,none,,basic,docling_easyocr,qwen,2,0,0,0,2,0.0,0.0,0.0,0,,,,,61.060268337,1
ojo_2022-12-28_20,49,none,,basic,docling_rapidocr,qwen,2,0,0,0,2,0.0,0.0,0.0,0,,,,,32.403495724,1
ojo_2022-12-28_20,49,none,,niblack,docling_easyocr,qwen,2,0,0,0,2,0.0,0.0,0.0,0,,,,,58.645042322,1
ojo_2022-12-28_20,49,none,,niblack,docling_rapidocr,qwen,2,0,0,0,2,0.0,0.0,0.0,0,,,,,32.1181859,1
ojo_2022-12-28_20,49,none,,none_color,docling_easyocr,qwen,2,0,0,0,2,0.0,0.0,0.0,0,,,,,62.706037456,1
ojo_2022-12-28_20,49,none,,none_color,docling_rapidocr,qwen,2,0,0,0,2,0.0,0.0,0.0,0,,,,,34.818079645,1
ojo_2022-12-28_20,49,none,,none_grayscale,docling_easyocr,qwen,2,0,0,0,2,0.0,0.0,0.0,0,,,,,63.371359999,1
ojo_2022-12-28_20,49,none,,none_grayscale,docling_rapidocr,qwen,2,0,0,0,2,0.0,0.0,0.0,0,,,,,35.424350197,1
ojo_2022-12-28_20,49,none,,otsu,docling_easyocr,qwen,2,0,0,0,2,0.0,0.0,0.0,0,,,,,64.02488167,1
ojo_2022-12-28_20,49,none,,otsu,docling_rapidocr,qwen,2,0,0,0,2,0.0,0.0,0.0,0,,,,,32.735821315,1
ojo_2022-12-28_20,50,none,,adaptive_gaussian,docling_easyocr,qwen,2,0,0,0,2,0.0,0.0,0.0,0,,,,,61.780330003,1
ojo_2022-12-28_20,50,none,,adaptive_gaussian,docling_rapidocr,qwen,2,0,0,0,2,0.0,0.0,0.0,0,,,,,31.487351478,1
ojo_2022-12-28_20,50,none,,adaptive_mean,docling_easyocr,qwen,2,0,0,0,2,0.0,0.0,0.0,0,,,,,62.05922705,1
ojo_2022-12-28_20,50,none,,adaptive_mean,docling_rapidocr,qwen,2,0,0,0,2,0.0,0.0,0.0,0,,,,,31.708983005,1
ojo_2022-12-28_20,50,none,,basic,docling_easyocr,qwen,2,0,0,0,2,0.0,0.0,0.0,0,,,,,57.818269407,1
ojo_2022-12-28_20,50,none,,basic,docling_rapidocr,qwen,2,0,0,0,2,0.0,0.0,0.0,0,,,,,32.026065504,1
ojo_2022-12-28_20,50,none,,niblack,docling_easyocr,qwen,2,0,0,0,2,0.0,0.0,0.0,0,,,,,57.582652286,1
ojo_2022-12-28_20,50,none,,niblack,docling_rapidocr,qwen,2,0,0,0,2,0.0,0.0,0.0,0,,,,,32.450787977,1
ojo_2022-12-28_20,50,none,,none_color,docling_easyocr,qwen,2,0,0,0,2,0.0,0.0,0.0,0,,,,,63.568821108,1
ojo_2022-12-28_20,50,none,,none_color,docling_rapidocr,qwen,2,0,0,0,2,0.0,0.0,0.0,0,,,,,31.600750839,1
ojo_2022-12-28_20,50,none,,none_grayscale,docling_easyocr,qwen,2,0,0,0,2,0.0,0.0,0.0,0,,,,,60.93719474,1
ojo_2022-12-28_20,50,none,,none_grayscale,docling_rapidocr,qwen,2,0,0,0,2,0.0,0.0,0.0,0,,,,,31.898088848,1
ojo_2022-12-28_20,50,none,,otsu,docling_easyocr,qwen,2,0,0,0,2,0.0,0.0,0.0,0,,,,,62.360162651,1
ojo_2022-12-28_20,50,none,,otsu,docling_rapidocr,qwen,2,0,0,0,2,0.0,0.0,0.0,0,,,,,31.901516115,1
ojo_2022-12-28_20,51,none,,adaptive_gaussian,docling_easyocr,qwen,2,0,0,0,2,0.0,0.0,0.0,0,,,,,40.184889625,1
ojo_2022-12-28_20,51,none,,adaptive_gaussian,docling_rapidocr,qwen,2,0,0,0,2,0.0,0.0,0.0,0,,,,,10.727414678,1
ojo_2022-12-28_20,51,none,,adaptive_mean,docling_easyocr,qwen,2,0,0,0,2,0.0,0.0,0.0,0,,,,,35.815776895,1
ojo_2022-12-28_20,51,none,,adaptive_mean,docling_rapidocr,qwen,2,0,0,0,2,0.0,0.0,0.0,0,,,,,9.977897714,1
ojo_2022-12-28_20,51,none,,basic,docling_easyocr,qwen,2,0,0,0,2,0.0,0.0,0.0,0,,,,,50.426913425,1
ojo_2022-12-28_20,51,none,,basic,docling_rapidocr,qwen,2,0,0,0,2,0.0,0.0,0.0,0,,,,,15.739381239,1
ojo_2022-12-28_20,51,none,,niblack,docling_easyocr,qwen,2,0,0,0,2,0.0,0.0,0.0,0,,,,,39.481152904,1
ojo_2022-12-28_20,51,none,,niblack,docling_rapidocr,qwen,2,0,0,0,2,0.0,0.0,0.0,0,,,,,10.248334778,1
ojo_2022-12-28_20,51,none,,none_color,docling_easyocr,qwen,2,0,0,0,2,0.0,0.0,0.0,0,,,,,50.991442606,1
ojo_2022-12-28_20,51,none,,none_color,docling_rapidocr,qwen,2,0,0,0,2,0.0,0.0,0.0,0,,,,,13.809899494,1
ojo_2022-12-28_20,51,none,,none_grayscale,docling_easyocr,qwen,2,0,0,0,2,0.0,0.0,0.0,0,,,,,51.366589948,1
ojo_2022-12-28_20,51,none,,none_grayscale,docling_rapidocr,qwen,2,0,0,0,2,0.0,0.0,0.0,0,,,,,15.069958851,1
ojo_2022-12-28_20,51,none,,otsu,docling_easyocr,qwen,2,0,0,0,2,0.0,0.0,0.0,0,,,,,45.027038095,1
ojo_2022-12-28_20,51,none,,otsu,docling_rapidocr,qwen,2,0,0,0,2,0.0,0.0,0.0,0,,,,,12.330386398,1
ojo_2022-12-28_20,52,none,,adaptive_gaussian,docling_easyocr,qwen,2,0,0,0,2,0.0,0.0,0.0,0,,,,,40.951891803,1
ojo_2022-12-28_20,52,none,,adaptive_gaussian,docling_rapidocr,qwen,2,0,0,0,2,0.0,0.0,0.0,0,,,,,9.99871602,1
ojo_2022-12-28_20,52,none,,adaptive_mean,docling_easyocr,qwen,2,0,0,0,2,0.0,0.0,0.0,0,,,,,40.245619917,1
ojo_2022-12-28_20,52,none,,adaptive_mean,docling_rapidocr,qwen,2,0,0,0,2,0.0,0.0,0.0,0,,,,,10.025472545,1
ojo_2022-12-28_20,52,none,,basic,docling_easyocr,qwen,2,0,0,0,2,0.0,0.0,0.0,0,,,,,50.625363348,1
ojo_2022-12-28_20,52,none,,basic,docling_rapidocr,qwen,2,0,0,0,2,0.0,0.0,0.0,0,,,,,15.274956224,1
ojo_2022-12-28_20,52,none,,niblack,docling_easyocr,qwen,2,0,0,0,2,0.0,0.0,0.0,0,,,,,39.724380054,1
ojo_2022-12-28_20,52,none,,niblack,docling_rapidocr,qwen,2,0,0,0,2,0.0,0.0,0.0,0,,,,,10.399977722,1
ojo_2022-12-28_20,52,none,,none_color,docling_easyocr,qwen,2,0,0,0,2,0.0,0.0,0.0,0,,,,,50.490205524,1
ojo_2022-12-28_20,52,none,,none_color,docling_rapidocr,qwen,2,0,0,0,2,0.0,0.0,0.0,0,,,,,15.060265777,1
ojo_2022-12-28_20,52,none,,none_grayscale,docling_easyocr,qwen,2,0,0,0,2,0.0,0.0,0.0,0,,,,,50.320940969,1
ojo_2022-12-28_20,52,none,,none_grayscale,docling_rapidocr,qwen,2,1,0,1,2,0.0,0.0,0.0,1,0.8974358974358975,1.0,0.6706231454005934,0.7577639751552795,15.421661136,0
ojo_2022-12-28_20,52,none,,otsu,docling_easyocr,qwen,2,0,0,0,2,0.0,0.0,0.0,0,,,,,50.974756788,1
ojo_2022-12-28_20,52,none,,otsu,docling_rapidocr,qwen,2,0,0,0,2,0.0,0.0,0.0,0,,,,,14.320627283,1
ojo_2022-12-28_20,53,none,,adaptive_gaussian,docling_easyocr,qwen,2,0,0,0,2,0.0,0.0,0.0,0,,,,,39.699766374,1
ojo_2022-12-28_20,53,none,,adaptive_gaussian,docling_rapidocr,qwen,2,0,0,0,2,0.0,0.0,0.0,0,,,,,9.654307819,1
ojo_2022-12-28_20,53,none,,adaptive_mean,docling_easyocr,qwen,2,0,0,0,2,0.0,0.0,0.0,0,,,,,40.748914934,1
ojo_2022-12-28_20,53,none,,adaptive_mean,docling_rapidocr,qwen,2,0,0,0,2,0.0,0.0,0.0,0,,,,,9.623270727,1
ojo_2022-12-28_20,53,none,,basic,docling_easyocr,qwen,2,0,0,0,2,0.0,0.0,0.0,0,,,,,50.153251718,1
ojo_2022-12-28_20,53,none,,basic,docling_rapidocr,qwen,2,0,0,0,2,0.0,0.0,0.0,0,,,,,13.139523815,1
ojo_2022-12-28_20,53,none,,niblack,docling_easyocr,qwen,2,0,0,0,2,0.0,0.0,0.0,0,,,,,39.325261631,1
ojo_2022-12-28_20,53,none,,niblack,docling_rapidocr,qwen,2,0,0,0,2,0.0,0.0,0.0,0,,,,,9.789298811,1
ojo_2022-12-28_20,53,none,,none_color,docling_easyocr,qwen,2,0,0,0,2,0.0,0.0,0.0,0,,,,,52.23696525,1
ojo_2022-12-28_20,53,none,,none_color,docling_rapidocr,qwen,2,0,0,0,2,0.0,0.0,0.0,0,,,,,13.024654459,1
ojo_2022-12-28_20,53,none,,none_grayscale,docling_easyocr,qwen,2,0,0,0,2,0.0,0.0,0.0,0,,,,,47.440847229,1
ojo_2022-12-28_20,53,none,,none_grayscale,docling_rapidocr,qwen,2,0,0,0,2,0.0,0.0,0.0,0,,,,,15.326508831,1
ojo_2022-12-28_20,53,none,,otsu,docling_easyocr,qwen,2,0,0,0,2,0.0,0.0,0.0,0,,,,,51.249676315,1
ojo_2022-12-28_20,53,none,,otsu,docling_rapidocr,qwen,2,0,0,0,2,0.0,0.0,0.0,0,,,,,14.577004043,1
ojo_2023-07-20_20,0,none,,adaptive_gaussian,docling_easyocr,qwen,2,0,0,0,2,0.0,0.0,0.0,0,,,,,40.06811211,1
ojo_2023-07-20_20,0,none,,adaptive_gaussian,docling_rapidocr,qwen,2,0,0,0,2,0.0,0.0,0.0,0,,,,,9.616957878,1
ojo_2023-07-20_20,0,none,,adaptive_mean,docling_easyocr,qwen,2,0,0,0,2,0.0,0.0,0.0,0,,,,,39.532480215,1
ojo_2023-07-20_20,0,none,,adaptive_mean,docling_rapidocr,qwen,2,0,0,0,2,0.0,0.0,0.0,0,,,,,9.490721916,1
ojo_2023-07-20_20,0,none,,basic,docling_easyocr,qwen,2,0,0,0,2,0.0,0.0,0.0,0,,,,,41.156563827,1
ojo_2023-07-20_20,0,none,,basic,docling_rapidocr,qwen,2,1,0,1,2,0.0,0.0,0.0,0,,,,,10.572593996,0
ojo_2023-07-20_20,0,none,,niblack,docling_easyocr,qwen,2,0,0,0,2,0.0,0.0,0.0,0,,,,,39.244812099,1
ojo_2023-07-20_20,0,none,,niblack,docling_rapidocr,qwen,2,0,0,0,2,0.0,0.0,0.0,0,,,,,9.027529089,1
ojo_2023-07-20_20,0,none,,none_color,docling_easyocr,qwen,2,0,0,0,2,0.0,0.0,0.0,0,,,,,51.778294155,1
ojo_2023-07-20_20,0,none,,none_color,docling_rapidocr,qwen,2,0,0,0,2,0.0,0.0,0.0,0,,,,,12.700556823,1
ojo_2023-07-20_20,0,none,,none_grayscale,docling_easyocr,qwen,2,0,0,0,2,0.0,0.0,0.0,0,,,,,51.777491876,1
ojo_2023-07-20_20,0,none,,none_grayscale,docling_rapidocr,qwen,2,0,0,0,2,0.0,0.0,0.0,0,,,,,14.107727119,1
ojo_2023-07-20_20,0,none,,otsu,docling_easyocr,qwen,2,0,0,0,2,0.0,0.0,0.0,0,,,,,43.53150954,1
ojo_2023-07-20_20,0,none,,otsu,docling_rapidocr,qwen,2,0,0,0,2,0.0,0.0,0.0,0,,,,,11.573879859,1
ojo_2023-07-20_20,1,none,,adaptive_gaussian,docling_easyocr,qwen,2,0,0,0,2,0.0,0.0,0.0,0,,,,,40.923927593,1
ojo_2023-07-20_20,1,none,,adaptive_gaussian,docling_rapidocr,qwen,2,0,0,0,2,0.0,0.0,0.0,0,,,,,9.514046955,1
ojo_2023-07-20_20,1,none,,adaptive_mean,docling_easyocr,qwen,2,0,0,0,2,0.0,0.0,0.0,0,,,,,40.648085165,1
ojo_2023-07-20_20,1,none,,adaptive_mean,docling_rapidocr,qwen,2,0,0,0,2,0.0,0.0,0.0,0,,,,,9.627513933,1
ojo_2023-07-20_20,1,none,,basic,docling_easyocr,qwen,2,0,0,0,2,0.0,0.0,0.0,0,,,,,50.309569023,1
ojo_2023-07-20_20,1,none,,basic,docling_rapidocr,qwen,2,0,0,0,2,0.0,0.0,0.0,0,,,,,13.04524698,1
ojo_2023-07-20_20,1,none,,niblack,docling_easyocr,qwen,2,0,0,0,2,0.0,0.0,0.0,0,,,,,33.816630689,1
ojo_2023-07-20_20,1,none,,niblack,docling_rapidocr,qwen,2,0,0,0,2,0.0,0.0,0.0,0,,,,,9.045095769,1
ojo_2023-07-20_20,1,none,,none_color,docling_easyocr,qwen,2,0,0,0,2,0.0,0.0,0.0,0,,,,,47.669251106,1
ojo_2023-07-20_20,1,none,,none_color,docling_rapidocr,qwen,2,1,1,0,1,1.0,0.5,0.666667,1,0.8205128205128205,1.0,0.10717896865520728,0.1656441717791411,14.184321306,0
ojo_2023-07-20_20,1,none,,none_grayscale,docling_easyocr,qwen,2,0,0,0,2,0.0,0.0,0.0,0,,,,,52.813283584,1
ojo_2023-07-20_20,1,none,,none_grayscale,docling_rapidocr,qwen,2,0,0,0,2,0.0,0.0,0.0,0,,,,,14.549045227,1
ojo_2023-07-20_20,1,none,,otsu,docling_easyocr,qwen,2,0,0,0,2,0.0,0.0,0.0,0,,,,,51.271084999,1
ojo_2023-07-20_20,1,none,,otsu,docling_rapidocr,qwen,2,0,0,0,2,0.0,0.0,0.0,0,,,,,13.738182758,1
ojo_2023-07-20_20,2,none,,adaptive_gaussian,docling_easyocr,qwen,2,0,0,0,2,0.0,0.0,0.0,0,,,,,35.655014562,1
ojo_2023-07-20_20,2,none,,adaptive_gaussian,docling_rapidocr,qwen,2,0,0,0,2,0.0,0.0,0.0,0,,,,,9.313037204,1
ojo_2023-07-20_20,2,none,,adaptive_mean,docling_easyocr,qwen,2,0,0,0,2,0.0,0.0,0.0,0,,,,,39.738790798,1
ojo_2023-07-20_20,2,none,,adaptive_mean,docling_rapidocr,qwen,2,0,0,0,2,0.0,0.0,0.0,0,,,,,9.928570079,1
ojo_2023-07-20_20,2,none,,basic,docling_easyocr,qwen,2,0,0,0,2,0.0,0.0,0.0,0,,,,,40.544810197,1
ojo_2023-07-20_20,2,none,,basic,docling_rapidocr,qwen,2,0,0,0,2,0.0,0.0,0.0,0,,,,,10.019165418,1
ojo_2023-07-20_20,2,none,,niblack,docling_easyocr,qwen,2,0,0,0,2,0.0,0.0,0.0,0,,,,,39.586717952,1
ojo_2023-07-20_20,2,none,,niblack,docling_rapidocr,qwen,2,0,0,0,2,0.0,0.0,0.0,0,,,,,9.728857864,1
ojo_2023-07-20_20,2,none,,none_color,docling_easyocr,qwen,2,0,0,0,2,0.0,0.0,0.0,0,,,,,44.607273958,1
ojo_2023-07-20_20,2,none,,none_color,docling_rapidocr,qwen,2,0,0,0,2,0.0,0.0,0.0,0,,,,,12.427648208,1
ojo_2023-07-20_20,2,none,,none_grayscale,docling_easyocr,qwen,2,0,0,0,2,0.0,0.0,0.0,0,,,,,52.733100793,1
ojo_2023-07-20_20,2,none,,none_grayscale,docling_rapidocr,qwen,2,0,0,0,2,0.0,0.0,0.0,0,,,,,11.926783941,1
ojo_2023-07-20_20,2,none,,otsu,docling_easyocr,qwen,2,0,0,0,2,0.0,0.0,0.0,0,,,,,42.093710563,1
ojo_2023-07-20_20,2,none,,otsu,docling_rapidocr,qwen,2,0,0,0,2,0.0,0.0,0.0,0,,,,,11.442886016,1
ojo_2023-07-20_20,3,none,,adaptive_gaussian,docling_easyocr,qwen,2,0,0,0,2,0.0,0.0,0.0,0,,,,,36.729554866,1
ojo_2023-07-20_20,3,none,,adaptive_gaussian,docling_rapidocr,qwen,2,0,0,0,2,0.0,0.0,0.0,0,,,,,9.815034364,1
ojo_2023-07-20_20,3,none,,adaptive_mean,docling_easyocr,qwen,2,0,0,0,2,0.0,0.0,0.0,0,,,,,40.003134464,1
ojo_2023-07-20_20,3,none,,adaptive_mean,docling_rapidocr,qwen,2,0,0,0,2,0.0,0.0,0.0,0,,,,,10.078895782,1
ojo_2023-07-20_20,3,none,,basic,docling_easyocr,qwen,2,0,0,0,2,0.0,0.0,0.0,0,,,,,39.337107011,1
ojo_2023-07-20_20,3,none,,basic,docling_rapidocr,qwen,2,0,0,0,2,0.0,0.0,0.0,0,,,,,9.105402538,1
ojo_2023-07-20_20,3,none,,niblack,docling_easyocr,qwen,2,0,0,0,2,0.0,0.0,0.0,0,,,,,35.779745687,1
ojo_2023-07-20_20,3,none,,niblack,docling_rapidocr,qwen,2,0,0,0,2,0.0,0.0,0.0,0,,,,,9.864178289,1
ojo_2023-07-20_20,3,none,,none_color,docling_easyocr,qwen,2,0,0,0,2,0.0,0.0,0.0,0,,,,,40.999158212,1
ojo_2023-07-20_20,3,none,,none_color,docling_rapidocr,qwen,2,0,0,0,2,0.0,0.0,0.0,0,,,,,11.460727045,1
ojo_2023-07-20_20,3,none,,none_grayscale,docling_easyocr,qwen,2,0,0,0,2,0.0,0.0,0.0,0,,,,,35.602132389,1
ojo_2023-07-20_20,3,none,,none_grayscale,docling_rapidocr,qwen,2,0,0,0,2,0.0,0.0,0.0,0,,,,,12.295019218,1
ojo_2023-07-20_20,3,none,,otsu,docling_easyocr,qwen,2,0,0,0,2,0.0,0.0,0.0,0,,,,,39.830062015,1
ojo_2023-07-20_20,3,none,,otsu,docling_rapidocr,qwen,2,0,0,0,2,0.0,0.0,0.0,0,,,,,9.5956832,1
ojo_2023-07-20_20,4,none,,adaptive_gaussian,docling_easyocr,qwen,2,0,0,0,2,0.0,0.0,0.0,0,,,,,45.961751708,1
ojo_2023-07-20_20,4,none,,adaptive_gaussian,docling_rapidocr,qwen,2,0,0,0,2,0.0,0.0,0.0,0,,,,,10.840679416,1
ojo_2023-07-20_20,4,none,,adaptive_mean,docling_easyocr,qwen,2,0,0,0,2,0.0,0.0,0.0,0,,,,,45.817214498,1
ojo_2023-07-20_20,4,none,,adaptive_mean,docling_rapidocr,qwen,2,0,0,0,2,0.0,0.0,0.0,0,,,,,10.4863484,1
ojo_2023-07-20_20,4,none,,basic,docling_easyocr,qwen,2,0,0,0,2,0.0,0.0,0.0,0,,,,,34.596799714,1
ojo_2023-07-20_20,4,none,,basic,docling_rapidocr,qwen,2,0,0,0,2,0.0,0.0,0.0,0,,,,,10.334388835,1
ojo_2023-07-20_20,4,none,,niblack,docling_easyocr,qwen,2,0,0,0,2,0.0,0.0,0.0,0,,,,,45.339701318,1
ojo_2023-07-20_20,4,none,,niblack,docling_rapidocr,qwen,2,0,0,0,2,0.0,0.0,0.0,0,,,,,10.202177429,1
ojo_2023-07-20_20,4,none,,none_color,docling_easyocr,qwen,2,0,0,0,2,0.0,0.0,0.0,0,,,,,40.575356586,1
ojo_2023-07-20_20,4,none,,none_color,docling_rapidocr,qwen,2,0,0,0,2,0.0,0.0,0.0,0,,,,,12.427373035,1
ojo_2023-07-20_20,4,none,,none_grayscale,docling_easyocr,qwen,2,0,0,0,2,0.0,0.0,0.0,0,,,,,35.674794061,1
ojo_2023-07-20_20,4,none,,none_grayscale,docling_rapidocr,qwen,2,0,0,0,2,0.0,0.0,0.0,0,,,,,15.341571433,1
ojo_2023-07-20_20,4,none,,otsu,docling_easyocr,qwen,2,0,0,0,2,0.0,0.0,0.0,0,,,,,47.316505845,1
ojo_2023-07-20_20,4,none,,otsu,docling_rapidocr,qwen,2,0,0,0,2,0.0,0.0,0.0,0,,,,,12.507286247,1
ojo_2023-07-20_20,5,none,,adaptive_gaussian,docling_easyocr,qwen,2,0,0,0,2,0.0,0.0,0.0,0,,,,,38.709088573,1
ojo_2023-07-20_20,5,none,,adaptive_gaussian,docling_rapidocr,qwen,2,0,0,0,2,0.0,0.0,0.0,0,,,,,10.174019107,1
ojo_2023-07-20_20,5,none,,adaptive_mean,docling_easyocr,qwen,2,0,0,0,2,0.0,0.0,0.0,0,,,,,39.857341464,1
ojo_2023-07-20_20,5,none,,adaptive_mean,docling_rapidocr,qwen,2,0,0,0,2,0.0,0.0,0.0,0,,,,,8.880965885,1
ojo_2023-07-20_20,5,none,,basic,docling_easyocr,qwen,2,0,0,0,2,0.0,0.0,0.0,0,,,,,41.237789972,1
ojo_2023-07-20_20,5,none,,basic,docling_rapidocr,qwen,2,0,0,0,2,0.0,0.0,0.0,0,,,,,9.565183503,1
ojo_2023-07-20_20,5,none,,niblack,docling_easyocr,qwen,2,0,0,0,2,0.0,0.0,0.0,0,,,,,39.088107656,1
ojo_2023-07-20_20,5,none,,niblack,docling_rapidocr,qwen,2,0,0,0,2,0.0,0.0,0.0,0,,,,,9.630878995,1
ojo_2023-07-20_20,5,none,,none_color,docling_easyocr,qwen,2,0,0,0,2,0.0,0.0,0.0,0,,,,,45.80327378,1
ojo_2023-07-20_20,5,none,,none_color,docling_rapidocr,qwen,2,0,0,0,2,0.0,0.0,0.0,0,,,,,10.790221555,1
ojo_2023-07-20_20,5,none,,none_grayscale,docling_easyocr,qwen,2,0,0,0,2,0.0,0.0,0.0,0,,,,,43.409421308,1
ojo_2023-07-20_20,5,none,,none_grayscale,docling_rapidocr,qwen,2,0,0,0,2,0.0,0.0,0.0,0,,,,,10.879077537,1
ojo_2023-07-20_20,5,none,,otsu,docling_easyocr,qwen,2,0,0,0,2,0.0,0.0,0.0,0,,,,,41.113547666,1
ojo_2023-07-20_20,5,none,,otsu,docling_rapidocr,qwen,2,0,0,0,2,0.0,0.0,0.0,0,,,,,10.019687517,1
ojo_2023-07-20_20,6,none,,adaptive_gaussian,docling_easyocr,qwen,2,0,0,0,2,0.0,0.0,0.0,0,,,,,39.32362264,1
ojo_2023-07-20_20,6,none,,adaptive_gaussian,docling_rapidocr,qwen,2,0,0,0,2,0.0,0.0,0.0,0,,,,,9.764086421,1
ojo_2023-07-20_20,6,none,,adaptive_mean,docling_easyocr,qwen,2,0,0,0,2,0.0,0.0,0.0,0,,,,,38.613480743,1
ojo_2023-07-20_20,6,none,,adaptive_mean,docling_rapidocr,qwen,2,0,0,0,2,0.0,0.0,0.0,0,,,,,10.313572582,1
ojo_2023-07-20_20,6,none,,basic,docling_easyocr,qwen,2,0,0,0,2,0.0,0.0,0.0,0,,,,,39.220817596,1
ojo_2023-07-20_20,6,none,,basic,docling_rapidocr,qwen,2,0,0,0,2,0.0,0.0,0.0,0,,,,,10.097392827,1
ojo_2023-07-20_20,6,none,,niblack,docling_easyocr,qwen,2,0,0,0,2,0.0,0.0,0.0,0,,,,,38.955071758,1
ojo_2023-07-20_20,6,none,,niblack,docling_rapidocr,qwen,2,0,0,0,2,0.0,0.0,0.0,0,,,,,9.781876634,1
ojo_2023-07-20_20,6,none,,none_color,docling_easyocr,qwen,2,0,0,0,2,0.0,0.0,0.0,0,,,,,40.54237321,1
ojo_2023-07-20_20,6,none,,none_color,docling_rapidocr,qwen,2,0,0,0,2,0.0,0.0,0.0,0,,,,,10.000669509,1
ojo_2023-07-20_20,6,none,,none_grayscale,docling_easyocr,qwen,2,0,0,0,2,0.0,0.0,0.0,0,,,,,40.441887885,1
ojo_2023-07-20_20,6,none,,none_grayscale,docling_rapidocr,qwen,2,0,0,0,2,0.0,0.0,0.0,0,,,,,10.630241424,1
ojo_2023-07-20_20,6,none,,otsu,docling_easyocr,qwen,2,0,0,0,2,0.0,0.0,0.0,0,,,,,39.771834476,1
ojo_2023-07-20_20,6,none,,otsu,docling_rapidocr,qwen,2,0,0,0,2,0.0,0.0,0.0,0,,,,,9.188632829,1
ojo_2023-07-20_20,7,none,,adaptive_gaussian,docling_easyocr,qwen,2,0,0,0,2,0.0,0.0,0.0,0,,,,,39.722707757,1
ojo_2023-07-20_20,7,none,,adaptive_gaussian,docling_rapidocr,qwen,2,0,0,0,2,0.0,0.0,0.0,0,,,,,9.577788839,1
ojo_2023-07-20_20,7,none,,adaptive_mean,docling_easyocr,qwen,2,0,0,0,2,0.0,0.0,0.0,0,,,,,40.138344535,1
ojo_2023-07-20_20,7,none,,adaptive_mean,docling_rapidocr,qwen,2,0,0,0,2,0.0,0.0,0.0,0,,,,,9.857547769,1
ojo_2023-07-20_20,7,none,,basic,docling_easyocr,qwen,2,0,0,0,2,0.0,0.0,0.0,0,,,,,40.267173869,1
ojo_2023-07-20_20,7,none,,basic,docling_rapidocr,qwen,2,0,0,0,2,0.0,0.0,0.0,0,,,,,10.567476137,1
ojo_2023-07-20_20,7,none,,niblack,docling_easyocr,qwen,2,0,0,0,2,0.0,0.0,0.0,0,,,,,38.017550611,1
ojo_2023-07-20_20,7,none,,niblack,docling_rapidocr,qwen,2,0,0,0,2,0.0,0.0,0.0,0,,,,,8.626886272,1
ojo_2023-07-20_20,7,none,,none_color,docling_easyocr,qwen,2,0,0,0,2,0.0,0.0,0.0,0,,,,,41.420917613,1
ojo_2023-07-20_20,7,none,,none_color,docling_rapidocr,qwen,2,0,0,0,2,0.0,0.0,0.0,0,,,,,12.6855496,1
ojo_2023-07-20_20,7,none,,none_grayscale,docling_easyocr,qwen,2,0,0,0,2,0.0,0.0,0.0,0,,,,,41.444980724,1
ojo_2023-07-20_20,7,none,,none_grayscale,docling_rapidocr,qwen,2,0,0,0,2,0.0,0.0,0.0,0,,,,,13.245715244,1
ojo_2023-07-20_20,7,none,,otsu,docling_easyocr,qwen,2,0,0,0,2,0.0,0.0,0.0,0,,,,,36.372851764,1
ojo_2023-07-20_20,7,none,,otsu,docling_rapidocr,qwen,2,0,0,0,2,0.0,0.0,0.0,0,,,,,9.817632829,1
ojo_2023-07-20_20,8,none,,adaptive_gaussian,docling_easyocr,qwen,2,0,0,0,2,0.0,0.0,0.0,0,,,,,39.253412473,1
ojo_2023-07-20_20,8,none,,adaptive_gaussian,docling_rapidocr,qwen,2,0,0,0,2,0.0,0.0,0.0,0,,,,,10.355437028,1
ojo_2023-07-20_20,8,none,,adaptive_mean,docling_easyocr,qwen,2,0,0,0,2,0.0,0.0,0.0,0,,,,,34.546928632,1
ojo_2023-07-20_20,8,none,,adaptive_mean,docling_rapidocr,qwen,2,0,0,0,2,0.0,0.0,0.0,0,,,,,9.704014051,1
ojo_2023-07-20_20,8,none,,basic,docling_easyocr,qwen,2,0,0,0,2,0.0,0.0,0.0,0,,,,,33.936578355,1
ojo_2023-07-20_20,8,none,,basic,docling_rapidocr,qwen,2,0,0,0,2,0.0,0.0,0.0,0,,,,,8.987095914,1
ojo_2023-07-20_20,8,none,,niblack,docling_easyocr,qwen,2,0,0,0,2,0.0,0.0,0.0,0,,,,,39.185352136,1
ojo_2023-07-20_20,8,none,,niblack,docling_rapidocr,qwen,2,0,0,0,2,0.0,0.0,0.0,0,,,,,9.587412406,1
ojo_2023-07-20_20,8,none,,none_color,docling_easyocr,qwen,2,0,0,0,2,0.0,0.0,0.0,0,,,,,39.695528111,1
ojo_2023-07-20_20,8,none,,none_color,docling_rapidocr,qwen,2,0,0,0,2,0.0,0.0,0.0,0,,,,,10.132390819,1
ojo_2023-07-20_20,8,none,,none_grayscale,docling_easyocr,qwen,2,0,0,0,2,0.0,0.0,0.0,0,,,,,41.515367827,1
ojo_2023-07-20_20,8,none,,none_grayscale,docling_rapidocr,qwen,2,0,0,0,2,0.0,0.0,0.0,0,,,,,9.884951434,1
ojo_2023-07-20_20,8,none,,otsu,docling_easyocr,qwen,2,0,0,0,2,0.0,0.0,0.0,0,,,,,34.639930568,1
ojo_2023-07-20_20,8,none,,otsu,docling_rapidocr,qwen,2,0,0,0,2,0.0,0.0,0.0,0,,,,,10.594872794,1
ojo_2023-07-20_20,9,none,,adaptive_gaussian,docling_easyocr,qwen,2,0,0,0,2,0.0,0.0,0.0,0,,,,,40.085216914,1
ojo_2023-07-20_20,9,none,,adaptive_gaussian,docling_rapidocr,qwen,2,0,0,0,2,0.0,0.0,0.0,0,,,,,9.207976256,1
ojo_2023-07-20_20,9,none,,adaptive_mean,docling_easyocr,qwen,2,0,0,0,2,0.0,0.0,0.0,0,,,,,34.165322696,1
ojo_2023-07-20_20,9,none,,adaptive_mean,docling_rapidocr,qwen,2,0,0,0,2,0.0,0.0,0.0,0,,,,,9.863849078,1
ojo_2023-07-20_20,9,none,,basic,docling_easyocr,qwen,2,0,0,0,2,0.0,0.0,0.0,0,,,,,39.465193996,1
ojo_2023-07-20_20,9,none,,basic,docling_rapidocr,qwen,2,0,0,0,2,0.0,0.0,0.0,0,,,,,9.551073083,1
ojo_2023-07-20_20,9,none,,niblack,docling_easyocr,qwen,2,0,0,0,2,0.0,0.0,0.0,0,,,,,36.364016105,1
ojo_2023-07-20_20,9,none,,niblack,docling_rapidocr,qwen,2,0,0,0,2,0.0,0.0,0.0,0,,,,,8.48674183,1
ojo_2023-07-20_20,9,none,,none_color,docling_easyocr,qwen,2,0,0,0,2,0.0,0.0,0.0,0,,,,,39.588075885,1
ojo_2023-07-20_20,9,none,,none_color,docling_rapidocr,qwen,2,0,0,0,2,0.0,0.0,0.0,0,,,,,12.595206031,1
ojo_2023-07-20_20,9,none,,none_grayscale,docling_easyocr,qwen,2,0,0,0,2,0.0,0.0,0.0,0,,,,,40.712851295,1
ojo_2023-07-20_20,9,none,,none_grayscale,docling_rapidocr,qwen,2,0,0,0,2,0.0,0.0,0.0,0,,,,,12.475225457,1
ojo_2023-07-20_20,9,none,,otsu,docling_easyocr,qwen,2,0,0,0,2,0.0,0.0,0.0,0,,,,,40.290248237,1
ojo_2023-07-20_20,9,none,,otsu,docling_rapidocr,qwen,2,0,0,0,2,0.0,0.0,0.0,0,,,,,10.566655479,1
ojo_2023-07-20_20,10,none,,adaptive_gaussian,docling_easyocr,qwen,2,0,0,0,2,0.0,0.0,0.0,0,,,,,34.556749332,1
ojo_2023-07-20_20,10,none,,adaptive_gaussian,docling_rapidocr,qwen,2,0,0,0,2,0.0,0.0,0.0,0,,,,,10.199685084,1
ojo_2023-07-20_20,10,none,,adaptive_mean,docling_easyocr,qwen,2,0,0,0,2,0.0,0.0,0.0,0,,,,,39.734040725,1
ojo_2023-07-20_20,10,none,,adaptive_mean,docling_rapidocr,qwen,2,0,0,0,2,0.0,0.0,0.0,0,,,,,9.824173438,1
ojo_2023-07-20_20,10,none,,basic,docling_easyocr,qwen,2,0,0,0,2,0.0,0.0,0.0,0,,,,,40.586048446,1
ojo_2023-07-20_20,10,none,,basic,docling_rapidocr,qwen,2,0,0,0,2,0.0,0.0,0.0,0,,,,,9.896083674,1
ojo_2023-07-20_20,10,none,,niblack,docling_easyocr,qwen,2,0,0,0,2,0.0,0.0,0.0,0,,,,,34.391425969,1
ojo_2023-07-20_20,10,none,,niblack,docling_rapidocr,qwen,2,0,0,0,2,0.0,0.0,0.0,0,,,,,8.540763261,1
ojo_2023-07-20_20,10,none,,none_color,docling_easyocr,qwen,2,0,0,0,2,0.0,0.0,0.0,0,,,,,40.434230886,1
ojo_2023-07-20_20,10,none,,none_color,docling_rapidocr,qwen,2,0,0,0,2,0.0,0.0,0.0,0,,,,,12.865658126,1
ojo_2023-07-20_20,10,none,,none_grayscale,docling_easyocr,qwen,2,0,0,0,2,0.0,0.0,0.0,0,,,,,40.624862037,1
ojo_2023-07-20_20,10,none,,none_grayscale,docling_rapidocr,qwen,2,0,0,0,2,0.0,0.0,0.0,0,,,,,13.602288566,1
ojo_2023-07-20_20,10,none,,otsu,docling_easyocr,qwen,2,0,0,0,2,0.0,0.0,0.0,0,,,,,36.310259973,1
ojo_2023-07-20_20,10,none,,otsu,docling_rapidocr,qwen,2,0,0,0,2,0.0,0.0,0.0,0,,,,,13.161835586,1
ojo_2023-07-20_20,11,none,,adaptive_gaussian,docling_easyocr,qwen,2,0,0,0,2,0.0,0.0,0.0,0,,,,,39.766738164,1
ojo_2023-07-20_20,11,none,,adaptive_gaussian,docling_rapidocr,qwen,2,0,0,0,2,0.0,0.0,0.0,0,,,,,9.522677886,1
ojo_2023-07-20_20,11,none,,adaptive_mean,docling_easyocr,qwen,2,0,0,0,2,0.0,0.0,0.0,0,,,,,36.308042275,1
ojo_2023-07-20_20,11,none,,adaptive_mean,docling_rapidocr,qwen,2,0,0,0,2,0.0,0.0,0.0,0,,,,,9.939968097,1
ojo_2023-07-20_20,11,none,,basic,docling_easyocr,qwen,2,0,0,0,2,0.0,0.0,0.0,0,,,,,39.054077468,1
ojo_2023-07-20_20,11,none,,basic,docling_rapidocr,qwen,2,0,0,0,2,0.0,0.0,0.0,0,,,,,10.349841676,1
ojo_2023-07-20_20,11,none,,niblack,docling_easyocr,qwen,2,0,0,0,2,0.0,0.0,0.0,0,,,,,38.668044761,1
ojo_2023-07-20_20,11,none,,niblack,docling_rapidocr,qwen,2,0,0,0,2,0.0,0.0,0.0,0,,,,,9.34025307,1
ojo_2023-07-20_20,11,none,,none_color,docling_easyocr,qwen,2,0,0,0,2,0.0,0.0,0.0,0,,,,,35.394087157,1
ojo_2023-07-20_20,11,none,,none_color,docling_rapidocr,qwen,2,0,0,0,2,0.0,0.0,0.0,0,,,,,12.50462707,1
ojo_2023-07-20_20,11,none,,none_grayscale,docling_easyocr,qwen,2,0,0,0,2,0.0,0.0,0.0,0,,,,,41.67322763,1
ojo_2023-07-20_20,11,none,,none_grayscale,docling_rapidocr,qwen,2,0,0,0,2,0.0,0.0,0.0,0,,,,,12.550262055,1
ojo_2023-07-20_20,11,none,,otsu,docling_easyocr,qwen,2,0,0,0,2,0.0,0.0,0.0,0,,,,,36.373645795,1
ojo_2023-07-20_20,11,none,,otsu,docling_rapidocr,qwen,2,0,0,0,2,0.0,0.0,0.0,0,,,,,8.772395624,1
ojo_2023-07-20_20,12,none,,adaptive_gaussian,docling_easyocr,qwen,2,0,0,0,2,0.0,0.0,0.0,0,,,,,47.565802877,1
ojo_2023-07-20_20,12,none,,adaptive_gaussian,docling_rapidocr,qwen,2,0,0,0,2,0.0,0.0,0.0,0,,,,,16.145849531,1
ojo_2023-07-20_20,12,none,,adaptive_mean,docling_easyocr,qwen,2,0,0,0,2,0.0,0.0,0.0,0,,,,,46.868913238,1
ojo_2023-07-20_20,12,none,,adaptive_mean,docling_rapidocr,qwen,2,0,0,0,2,0.0,0.0,0.0,0,,,,,16.759790723,1
ojo_2023-07-20_20,12,none,,basic,docling_easyocr,qwen,2,0,0,0,2,0.0,0.0,0.0,0,,,,,54.658086935,1
ojo_2023-07-20_20,12,none,,basic,docling_rapidocr,qwen,2,0,0,0,2,0.0,0.0,0.0,0,,,,,17.329011121,1
ojo_2023-07-20_20,12,none,,niblack,docling_easyocr,qwen,2,0,0,0,2,0.0,0.0,0.0,0,,,,,46.486877328,1
ojo_2023-07-20_20,12,none,,niblack,docling_rapidocr,qwen,2,0,0,0,2,0.0,0.0,0.0,0,,,,,16.706369049,1
ojo_2023-07-20_20,12,none,,none_color,docling_easyocr,qwen,2,0,0,0,2,0.0,0.0,0.0,0,,,,,67.57100431,1
ojo_2023-07-20_20,12,none,,none_color,docling_rapidocr,qwen,2,0,0,0,2,0.0,0.0,0.0,0,,,,,21.159058014,1
ojo_2023-07-20_20,12,none,,none_grayscale,docling_easyocr,qwen,2,0,0,0,2,0.0,0.0,0.0,0,,,,,67.551978984,1
ojo_2023-07-20_20,12,none,,none_grayscale,docling_rapidocr,qwen,2,0,0,0,2,0.0,0.0,0.0,0,,,,,21.213262716,1
ojo_2023-07-20_20,12,none,,otsu,docling_easyocr,qwen,2,0,0,0,2,0.0,0.0,0.0,0,,,,,61.257417432,1
ojo_2023-07-20_20,12,none,,otsu,docling_rapidocr,qwen,2,0,0,0,2,0.0,0.0,0.0,0,,,,,21.626089326,1
ojo_2023-07-20_20,13,none,,adaptive_gaussian,docling_easyocr,qwen,2,0,0,0,2,0.0,0.0,0.0,0,,,,,48.847180334,1
ojo_2023-07-20_20,13,none,,adaptive_gaussian,docling_rapidocr,qwen,2,0,0,0,2,0.0,0.0,0.0,0,,,,,16.698895422,1
ojo_2023-07-20_20,13,none,,adaptive_mean,docling_easyocr,qwen,2,0,0,0,2,0.0,0.0,0.0,0,,,,,47.361763445,1
ojo_2023-07-20_20,13,none,,adaptive_mean,docling_rapidocr,qwen,2,0,0,0,2,0.0,0.0,0.0,0,,,,,15.825603929,1
ojo_2023-07-20_20,13,none,,basic,docling_easyocr,qwen,2,0,0,0,2,0.0,0.0,0.0,0,,,,,59.457850994,1
ojo_2023-07-20_20,13,none,,basic,docling_rapidocr,qwen,2,0,0,0,2,0.0,0.0,0.0,0,,,,,21.180072607,1
ojo_2023-07-20_20,13,none,,niblack,docling_easyocr,qwen,2,0,0,0,2,0.0,0.0,0.0,0,,,,,43.590353828,1
ojo_2023-07-20_20,13,none,,niblack,docling_rapidocr,qwen,2,0,0,0,2,0.0,0.0,0.0,0,,,,,16.383205991,1
ojo_2023-07-20_20,13,none,,none_color,docling_easyocr,qwen,2,0,0,0,2,0.0,0.0,0.0,0,,,,,60.188357175,1
ojo_2023-07-20_20,13,none,,none_color,docling_rapidocr,qwen,2,0,0,0,2,0.0,0.0,0.0,0,,,,,21.656520427,1
ojo_2023-07-20_20,13,none,,none_grayscale,docling_easyocr,qwen,2,0,0,0,2,0.0,0.0,0.0,0,,,,,58.810712875,1
ojo_2023-07-20_20,13,none,,none_grayscale,docling_rapidocr,qwen,2,0,0,0,2,0.0,0.0,0.0,0,,,,,21.06055838,1
ojo_2023-07-20_20,13,none,,otsu,docling_easyocr,qwen,2,0,0,0,2,0.0,0.0,0.0,0,,,,,58.589495315,1
ojo_2023-07-20_20,13,none,,otsu,docling_rapidocr,qwen,2,0,0,0,2,0.0,0.0,0.0,0,,,,,21.341777935,1
ojo_2023-07-20_20,14,none,,adaptive_gaussian,docling_easyocr,qwen,2,0,0,0,2,0.0,0.0,0.0,0,,,,,47.774464059,1
ojo_2023-07-20_20,14,none,,adaptive_gaussian,docling_rapidocr,qwen,2,0,0,0,2,0.0,0.0,0.0,0,,,,,15.924471069,1
ojo_2023-07-20_20,14,none,,adaptive_mean,docling_easyocr,qwen,2,0,0,0,2,0.0,0.0,0.0,0,,,,,47.5632159,1
ojo_2023-07-20_20,14,none,,adaptive_mean,docling_rapidocr,qwen,2,0,0,0,2,0.0,0.0,0.0,0,,,,,16.936619926,1
ojo_2023-07-20_20,14,none,,basic,docling_easyocr,qwen,2,0,0,0,2,0.0,0.0,0.0,0,,,,,48.363252424,1
ojo_2023-07-20_20,14,none,,basic,docling_rapidocr,qwen,2,0,0,0,2,0.0,0.0,0.0,0,,,,,18.034600042,1
ojo_2023-07-20_20,14,none,,niblack,docling_easyocr,qwen,2,0,0,0,2,0.0,0.0,0.0,0,,,,,46.868733635,1
ojo_2023-07-20_20,14,none,,niblack,docling_rapidocr,qwen,2,0,0,0,2,0.0,0.0,0.0,0,,,,,15.71590971,1
ojo_2023-07-20_20,14,none,,none_color,docling_easyocr,qwen,2,0,0,0,2,0.0,0.0,0.0,0,,,,,53.082647108,1
ojo_2023-07-20_20,14,none,,none_color,docling_rapidocr,qwen,2,0,0,0,2,0.0,0.0,0.0,0,,,,,20.94773414,1
ojo_2023-07-20_20,14,none,,none_grayscale,docling_easyocr,qwen,2,0,0,0,2,0.0,0.0,0.0,0,,,,,59.164015077,1
ojo_2023-07-20_20,14,none,,none_grayscale,docling_rapidocr,qwen,2,0,0,0,2,0.0,0.0,0.0,0,,,,,20.72222545,1
ojo_2023-07-20_20,14,none,,otsu,docling_easyocr,qwen,2,0,0,0,2,0.0,0.0,0.0,0,,,,,44.075368904,1
ojo_2023-07-20_20,14,none,,otsu,docling_rapidocr,qwen,2,0,0,0,2,0.0,0.0,0.0,0,,,,,19.323919796,1
ojo_2023-07-20_20,15,none,,adaptive_gaussian,docling_easyocr,qwen,2,0,0,0,2,0.0,0.0,0.0,0,,,,,34.392984859,1
ojo_2023-07-20_20,15,none,,adaptive_gaussian,docling_rapidocr,qwen,2,0,0,0,2,0.0,0.0,0.0,0,,,,,9.578076116,1
ojo_2023-07-20_20,15,none,,adaptive_mean,docling_easyocr,qwen,2,0,0,0,2,0.0,0.0,0.0,0,,,,,36.995919862,1
ojo_2023-07-20_20,15,none,,adaptive_mean,docling_rapidocr,qwen,2,0,0,0,2,0.0,0.0,0.0,0,,,,,10.282374302,1
ojo_2023-07-20_20,15,none,,basic,docling_easyocr,qwen,2,0,0,0,2,0.0,0.0,0.0,0,,,,,46.293138994,1
ojo_2023-07-20_20,15,none,,basic,docling_rapidocr,qwen,2,0,0,0,2,0.0,0.0,0.0,0,,,,,11.200324787,1
ojo_2023-07-20_20,15,none,,niblack,docling_easyocr,qwen,2,0,0,0,2,0.0,0.0,0.0,0,,,,,39.464473228,1
ojo_2023-07-20_20,15,none,,niblack,docling_rapidocr,qwen,2,0,0,0,2,0.0,0.0,0.0,0,,,,,8.784895877,1
ojo_2023-07-20_20,15,none,,none_color,docling_easyocr,qwen,2,0,0,0,2,0.0,0.0,0.0,0,,,,,48.459198965,1
ojo_2023-07-20_20,15,none,,none_color,docling_rapidocr,qwen,2,0,0,0,2,0.0,0.0,0.0,0,,,,,11.475710405,1
ojo_2023-07-20_20,15,none,,none_grayscale,docling_easyocr,qwen,2,0,0,0,2,0.0,0.0,0.0,0,,,,,47.7125013,1
ojo_2023-07-20_20,15,none,,none_grayscale,docling_rapidocr,qwen,2,0,0,0,2,0.0,0.0,0.0,0,,,,,12.842198146,1
ojo_2023-07-20_20,15,none,,otsu,docling_easyocr,qwen,2,0,0,0,2,0.0,0.0,0.0,0,,,,,44.138752151,1
ojo_2023-07-20_20,15,none,,otsu,docling_rapidocr,qwen,2,0,0,0,2,0.0,0.0,0.0,0,,,,,11.657991338,1
ojo_2023-07-20_20,16,none,,adaptive_gaussian,docling_easyocr,qwen,2,0,0,0,2,0.0,0.0,0.0,0,,,,,40.462218835,1
ojo_2023-07-20_20,16,none,,adaptive_gaussian,docling_rapidocr,qwen,2,0,0,0,2,0.0,0.0,0.0,0,,,,,9.917427613,1
ojo_2023-07-20_20,16,none,,adaptive_mean,docling_easyocr,qwen,2,0,0,0,2,0.0,0.0,0.0,0,,,,,39.971914842,1
ojo_2023-07-20_20,16,none,,adaptive_mean,docling_rapidocr,qwen,2,0,0,0,2,0.0,0.0,0.0,0,,,,,9.462815835,1
ojo_2023-07-20_20,16,none,,basic,docling_easyocr,qwen,2,0,0,0,2,0.0,0.0,0.0,0,,,,,48.830973554,1
ojo_2023-07-20_20,16,none,,basic,docling_rapidocr,qwen,2,0,0,0,2,0.0,0.0,0.0,0,,,,,12.589042354,1
ojo_2023-07-20_20,16,none,,niblack,docling_easyocr,qwen,2,0,0,0,2,0.0,0.0,0.0,0,,,,,33.320028274,1
ojo_2023-07-20_20,16,none,,niblack,docling_rapidocr,qwen,2,0,0,0,2,0.0,0.0,0.0,0,,,,,9.778233497,1
ojo_2023-07-20_20,16,none,,none_color,docling_easyocr,qwen,2,0,0,0,2,0.0,0.0,0.0,0,,,,,48.645029235,1
ojo_2023-07-20_20,16,none,,none_color,docling_rapidocr,qwen,2,0,0,0,2,0.0,0.0,0.0,0,,,,,12.69575398,1
ojo_2023-07-20_20,16,none,,none_grayscale,docling_easyocr,qwen,2,0,0,0,2,0.0,0.0,0.0,0,,,,,48.758232045,1
ojo_2023-07-20_20,16,none,,none_grayscale,docling_rapidocr,qwen,2,0,0,0,2,0.0,0.0,0.0,0,,,,,11.865937162,1
ojo_2023-07-20_20,16,none,,otsu,docling_easyocr,qwen,2,0,0,0,2,0.0,0.0,0.0,0,,,,,49.461317063,1
ojo_2023-07-20_20,16,none,,otsu,docling_rapidocr,qwen,2,0,0,0,2,0.0,0.0,0.0,0,,,,,12.64577818,1
ojo_2023-07-20_20,17,none,,adaptive_gaussian,docling_easyocr,qwen,2,0,0,0,2,0.0,0.0,0.0,0,,,,,41.616556956,1
ojo_2023-07-20_20,17,none,,adaptive_gaussian,docling_rapidocr,qwen,2,0,0,0,2,0.0,0.0,0.0,0,,,,,9.740616634,1
ojo_2023-07-20_20,17,none,,adaptive_mean,docling_easyocr,qwen,2,0,0,0,2,0.0,0.0,0.0,0,,,,,40.601108386,1
ojo_2023-07-20_20,17,none,,adaptive_mean,docling_rapidocr,qwen,2,0,0,0,2,0.0,0.0,0.0,0,,,,,8.79527004,1
ojo_2023-07-20_20,17,none,,basic,docling_easyocr,qwen,2,0,0,0,2,0.0,0.0,0.0,0,,,,,36.751016545,1
ojo_2023-07-20_20,17,none,,basic,docling_rapidocr,qwen,2,0,0,0,2,0.0,0.0,0.0,0,,,,,8.728512216,1
ojo_2023-07-20_20,17,none,,niblack,docling_easyocr,qwen,2,0,0,0,2,0.0,0.0,0.0,0,,,,,38.552187888,1
ojo_2023-07-20_20,17,none,,niblack,docling_rapidocr,qwen,2,0,0,0,2,0.0,0.0,0.0,0,,,,,8.167816131,1
ojo_2023-07-20_20,17,none,,none_color,docling_easyocr,qwen,2,0,0,0,2,0.0,0.0,0.0,0,,,,,50.154857803,1
ojo_2023-07-20_20,17,none,,none_color,docling_rapidocr,qwen,2,0,0,0,2,0.0,0.0,0.0,0,,,,,12.824125219,1
ojo_2023-07-20_20,17,none,,none_grayscale,docling_easyocr,qwen,2,0,0,0,2,0.0,0.0,0.0,0,,,,,50.202492166,1
ojo_2023-07-20_20,17,none,,none_grayscale,docling_rapidocr,qwen,2,0,0,0,2,0.0,0.0,0.0,0,,,,,13.015253472,1
ojo_2023-07-20_20,17,none,,otsu,docling_easyocr,qwen,2,0,0,0,2,0.0,0.0,0.0,0,,,,,49.998819995,1
ojo_2023-07-20_20,17,none,,otsu,docling_rapidocr,qwen,2,0,0,0,2,0.0,0.0,0.0,0,,,,,12.234365869,1
ojo_2023-07-20_20,18,none,,adaptive_gaussian,docling_easyocr,qwen,2,0,0,0,2,0.0,0.0,0.0,0,,,,,35.886921321,1
ojo_2023-07-20_20,18,none,,adaptive_gaussian,docling_rapidocr,qwen,2,0,0,0,2,0.0,0.0,0.0,0,,,,,10.214987193,1
ojo_2023-07-20_20,18,none,,adaptive_mean,docling_easyocr,qwen,2,0,0,0,2,0.0,0.0,0.0,0,,,,,40.571654235,1
ojo_2023-07-20_20,18,none,,basic,docling_easyocr,qwen,2,0,0,0,2,0.0,0.0,0.0,0,,,,,36.281218299,1
ojo_2023-07-20_20,18,none,,basic,docling_rapidocr,qwen,2,0,0,0,2,0.0,0.0,0.0,0,,,,,9.524358281,1
ojo_2023-07-20_20,18,none,,niblack,docling_easyocr,qwen,2,0,0,0,2,0.0,0.0,0.0,0,,,,,39.571970273,1
ojo_2023-07-20_20,18,none,,niblack,docling_rapidocr,qwen,2,0,0,0,2,0.0,0.0,0.0,0,,,,,9.925708581,1
ojo_2023-07-20_20,18,none,,none_color,docling_easyocr,qwen,2,0,0,0,2,0.0,0.0,0.0,0,,,,,34.799048909,1
ojo_2023-07-20_20,18,none,,none_grayscale,docling_easyocr,qwen,2,0,0,0,2,0.0,0.0,0.0,0,,,,,39.986718902,1
ojo_2023-07-20_20,18,none,,otsu,docling_easyocr,qwen,2,0,0,0,2,0.0,0.0,0.0,0,,,,,34.359910735,1
ojo_2023-07-20_20,18,none,,otsu,docling_rapidocr,qwen,2,0,0,0,2,0.0,0.0,0.0,0,,,,,9.917596349,1
ojo_2023-07-20_20,18,none,,yannihorne,docling_easyocr,qwen,2,0,0,0,2,0.0,0.0,0.0,0,,,,,36.594044694,1
ojo_2023-07-20_20,18,none,,yannihorne,docling_rapidocr,qwen,2,0,0,0,2,0.0,0.0,0.0,0,,,,,9.452823648,1
ojo_2023-07-20_20,19,none,,adaptive_gaussian,docling_easyocr,qwen,2,0,0,0,2,0.0,0.0,0.0,0,,,,,40.682683694,1
ojo_2023-07-20_20,19,none,,adaptive_gaussian,docling_rapidocr,qwen,2,0,0,0,2,0.0,0.0,0.0,0,,,,,9.920467603,1
ojo_2023-07-20_20,19,none,,adaptive_mean,docling_easyocr,qwen,2,0,0,0,2,0.0,0.0,0.0,0,,,,,39.754296529,1
ojo_2023-07-20_20,19,none,,basic,docling_easyocr,qwen,2,0,0,0,2,0.0,0.0,0.0,0,,,,,39.777117334,1
ojo_2023-07-20_20,19,none,,basic,docling_rapidocr,qwen,2,0,0,0,2,0.0,0.0,0.0,0,,,,,9.820763908,1
ojo_2023-07-20_20,19,none,,niblack,docling_easyocr,qwen,2,0,0,0,2,0.0,0.0,0.0,0,,,,,39.432406474,1
ojo_2023-07-20_20,19,none,,niblack,docling_rapidocr,qwen,2,0,0,0,2,0.0,0.0,0.0,0,,,,,9.756046105,1
ojo_2023-07-20_20,19,none,,none_color,docling_easyocr,qwen,2,0,0,0,2,0.0,0.0,0.0,0,,,,,35.289373479,1
ojo_2023-07-20_20,19,none,,none_grayscale,docling_easyocr,qwen,2,0,0,0,2,0.0,0.0,0.0,0,,,,,40.420023999,1
ojo_2023-07-20_20,19,none,,otsu,docling_easyocr,qwen,2,0,0,0,2,0.0,0.0,0.0,0,,,,,39.574146883,1
ojo_2023-07-20_20,19,none,,otsu,docling_rapidocr,qwen,2,0,0,0,2,0.0,0.0,0.0,0,,,,,9.991691963,1
ojo_2023-07-20_20,19,none,,yannihorne,docling_easyocr,qwen,2,0,0,0,2,0.0,0.0,0.0,0,,,,,36.892658846,1
ojo_2023-07-20_20,19,none,,yannihorne,docling_rapidocr,qwen,2,0,0,0,2,0.0,0.0,0.0,0,,,,,9.688429968,1
ojo_2023-07-20_20,20,none,,adaptive_gaussian,docling_easyocr,qwen,2,0,0,0,2,0.0,0.0,0.0,0,,,,,40.77899396,1
ojo_2023-07-20_20,20,none,,adaptive_gaussian,docling_rapidocr,qwen,2,0,0,0,2,0.0,0.0,0.0,0,,,,,9.930475827,1
ojo_2023-07-20_20,20,none,,adaptive_mean,docling_easyocr,qwen,2,0,0,0,2,0.0,0.0,0.0,0,,,,,39.439488049,1
ojo_2023-07-20_20,20,none,,adaptive_mean,docling_rapidocr,qwen,2,0,0,0,2,0.0,0.0,0.0,0,,,,,10.122591372,1
ojo_2023-07-20_20,20,none,,basic,docling_easyocr,qwen,2,0,0,0,2,0.0,0.0,0.0,0,,,,,34.452995985,1
ojo_2023-07-20_20,20,none,,basic,docling_rapidocr,qwen,2,0,0,0,2,0.0,0.0,0.0,0,,,,,9.702398032,1
ojo_2023-07-20_20,20,none,,niblack,docling_easyocr,qwen,2,0,0,0,2,0.0,0.0,0.0,0,,,,,39.831852207,1
ojo_2023-07-20_20,20,none,,niblack,docling_rapidocr,qwen,2,0,0,0,2,0.0,0.0,0.0,0,,,,,8.447055588,1
ojo_2023-07-20_20,20,none,,none_color,docling_easyocr,qwen,2,0,0,0,2,0.0,0.0,0.0,0,,,,,40.780943602,1
ojo_2023-07-20_20,20,none,,none_grayscale,docling_easyocr,qwen,2,0,0,0,2,0.0,0.0,0.0,0,,,,,39.966798037,1
ojo_2023-07-20_20,20,none,,otsu,docling_easyocr,qwen,2,0,0,0,2,0.0,0.0,0.0,0,,,,,34.927593201,1
ojo_2023-07-20_20,20,none,,otsu,docling_rapidocr,qwen,2,0,0,0,2,0.0,0.0,0.0,0,,,,,8.640678852,1
ojo_2023-07-20_20,20,none,,yannihorne,docling_easyocr,qwen,2,0,0,0,2,0.0,0.0,0.0,0,,,,,38.860233754,1
ojo_2023-07-20_20,20,none,,yannihorne,docling_rapidocr,qwen,2,0,0,0,2,0.0,0.0,0.0,0,,,,,9.815860003,1
ojo_2023-07-20_20,21,none,,adaptive_gaussian,docling_easyocr,qwen,2,0,0,0,2,0.0,0.0,0.0,0,,,,,61.734319775,1
ojo_2023-07-20_20,21,none,,adaptive_gaussian,docling_rapidocr,qwen,2,0,0,0,2,0.0,0.0,0.0,0,,,,,30.973079531,1
ojo_2023-07-20_20,21,none,,adaptive_mean,docling_easyocr,qwen,2,0,0,0,2,0.0,0.0,0.0,0,,,,,62.018910258,1
ojo_2023-07-20_20,21,none,,adaptive_mean,docling_rapidocr,qwen,2,0,0,0,2,0.0,0.0,0.0,0,,,,,32.942365019,1
ojo_2023-07-20_20,21,none,,basic,docling_easyocr,qwen,2,0,0,0,2,0.0,0.0,0.0,0,,,,,57.832555237,1
ojo_2023-07-20_20,21,none,,basic,docling_rapidocr,qwen,2,0,0,0,2,0.0,0.0,0.0,0,,,,,31.392176571,1
ojo_2023-07-20_20,21,none,,niblack,docling_easyocr,qwen,2,0,0,0,2,0.0,0.0,0.0,0,,,,,61.747804625,1
ojo_2023-07-20_20,21,none,,niblack,docling_rapidocr,qwen,2,0,0,0,2,0.0,0.0,0.0,0,,,,,31.762242062,1
ojo_2023-07-20_20,21,none,,none_color,docling_easyocr,qwen,2,0,0,0,2,0.0,0.0,0.0,0,,,,,63.395631018,1
ojo_2023-07-20_20,21,none,,none_color,docling_rapidocr,qwen,2,0,0,0,2,0.0,0.0,0.0,0,,,,,33.637942019,1
ojo_2023-07-20_20,21,none,,none_grayscale,docling_easyocr,qwen,2,0,0,0,2,0.0,0.0,0.0,0,,,,,63.484837475,1
ojo_2023-07-20_20,21,none,,none_grayscale,docling_rapidocr,qwen,2,0,0,0,2,0.0,0.0,0.0,0,,,,,32.814650002,1
ojo_2023-07-20_20,21,none,,otsu,docling_easyocr,qwen,2,0,0,0,2,0.0,0.0,0.0,0,,,,,58.326542321,1
ojo_2023-07-20_20,21,none,,otsu,docling_rapidocr,qwen,2,0,0,0,2,0.0,0.0,0.0,0,,,,,33.320273342,1
ojo_2023-07-20_20,22,none,,adaptive_gaussian,docling_easyocr,qwen,2,0,0,0,2,0.0,0.0,0.0,0,,,,,58.063971821,1
ojo_2023-07-20_20,22,none,,adaptive_gaussian,docling_rapidocr,qwen,2,0,0,0,2,0.0,0.0,0.0,0,,,,,32.943112437,1
ojo_2023-07-20_20,22,none,,adaptive_mean,docling_easyocr,qwen,2,0,0,0,2,0.0,0.0,0.0,0,,,,,57.953280274,1
ojo_2023-07-20_20,22,none,,adaptive_mean,docling_rapidocr,qwen,2,0,0,0,2,0.0,0.0,0.0,0,,,,,32.07098991,1
ojo_2023-07-20_20,22,none,,basic,docling_easyocr,qwen,2,0,0,0,2,0.0,0.0,0.0,0,,,,,60.418697275,1
ojo_2023-07-20_20,22,none,,basic,docling_rapidocr,qwen,2,0,0,0,2,0.0,0.0,0.0,0,,,,,31.397477068,1
ojo_2023-07-20_20,22,none,,niblack,docling_easyocr,qwen,2,0,0,0,2,0.0,0.0,0.0,0,,,,,61.8233697,1
ojo_2023-07-20_20,22,none,,niblack,docling_rapidocr,qwen,2,0,0,0,2,0.0,0.0,0.0,0,,,,,31.370825726,1
ojo_2023-07-20_20,22,none,,none_color,docling_easyocr,qwen,2,0,0,0,2,0.0,0.0,0.0,0,,,,,62.765344061,1
ojo_2023-07-20_20,22,none,,none_color,docling_rapidocr,qwen,2,0,0,0,2,0.0,0.0,0.0,0,,,,,34.626549401,1
ojo_2023-07-20_20,22,none,,none_grayscale,docling_easyocr,qwen,2,0,0,0,2,0.0,0.0,0.0,0,,,,,63.091274418,1
ojo_2023-07-20_20,22,none,,none_grayscale,docling_rapidocr,qwen,2,0,0,0,2,0.0,0.0,0.0,0,,,,,34.352795758,1
ojo_2023-07-20_20,22,none,,otsu,docling_easyocr,qwen,2,0,0,0,2,0.0,0.0,0.0,0,,,,,63.553523697,1
ojo_2023-07-20_20,22,none,,otsu,docling_rapidocr,qwen,2,0,0,0,2,0.0,0.0,0.0,0,,,,,31.730413355,1
ojo_2023-07-20_20,23,none,,adaptive_gaussian,docling_easyocr,qwen,2,0,0,0,2,0.0,0.0,0.0,0,,,,,57.189250073,1
ojo_2023-07-20_20,23,none,,adaptive_gaussian,docling_rapidocr,qwen,2,0,0,0,2,0.0,0.0,0.0,0,,,,,31.546847424,1
ojo_2023-07-20_20,23,none,,adaptive_mean,docling_easyocr,qwen,2,0,0,0,2,0.0,0.0,0.0,0,,,,,57.108760914,1
ojo_2023-07-20_20,23,none,,adaptive_mean,docling_rapidocr,qwen,2,0,0,0,2,0.0,0.0,0.0,0,,,,,30.675875506,1
ojo_2023-07-20_20,23,none,,basic,docling_easyocr,qwen,2,0,0,0,2,0.0,0.0,0.0,0,,,,,62.177351649,1
ojo_2023-07-20_20,23,none,,basic,docling_rapidocr,qwen,2,0,0,0,2,0.0,0.0,0.0,0,,,,,32.057276661,1
ojo_2023-07-20_20,23,none,,niblack,docling_easyocr,qwen,2,0,0,0,2,0.0,0.0,0.0,0,,,,,60.976857399,1
ojo_2023-07-20_20,23,none,,niblack,docling_rapidocr,qwen,2,0,0,0,2,0.0,0.0,0.0,0,,,,,31.838446116,1
ojo_2023-07-20_20,23,none,,none_color,docling_easyocr,qwen,2,0,0,0,2,0.0,0.0,0.0,0,,,,,62.829225714,1
ojo_2023-07-20_20,23,none,,none_color,docling_rapidocr,qwen,2,0,0,0,2,0.0,0.0,0.0,0,,,,,32.096622402,1
ojo_2023-07-20_20,23,none,,none_grayscale,docling_easyocr,qwen,2,0,0,0,2,0.0,0.0,0.0,0,,,,,62.933268006,1
ojo_2023-07-20_20,23,none,,none_grayscale,docling_rapidocr,qwen,2,0,0,0,2,0.0,0.0,0.0,0,,,,,32.333821947,1
ojo_2023-07-20_20,23,none,,otsu,docling_easyocr,qwen,2,0,0,0,2,0.0,0.0,0.0,0,,,,,61.909831196,1
ojo_2023-07-20_20,23,none,,otsu,docling_rapidocr,qwen,2,0,0,0,2,0.0,0.0,0.0,0,,,,,32.154267221,1
ojo_2023-07-20_20,24,none,,adaptive_gaussian,docling_easyocr,qwen,2,0,0,0,2,0.0,0.0,0.0,0,,,,,51.565937175,1
ojo_2023-07-20_20,24,none,,adaptive_gaussian,docling_rapidocr,qwen,2,0,0,0,2,0.0,0.0,0.0,0,,,,,10.496109857,1
ojo_2023-07-20_20,24,none,,adaptive_mean,docling_easyocr,qwen,2,0,0,0,2,0.0,0.0,0.0,0,,,,,35.678638591,1
ojo_2023-07-20_20,24,none,,adaptive_mean,docling_rapidocr,qwen,2,0,0,0,2,0.0,0.0,0.0,0,,,,,9.668276205,1
ojo_2023-07-20_20,24,none,,basic,docling_easyocr,qwen,2,0,0,0,2,0.0,0.0,0.0,0,,,,,61.633974064,1
ojo_2023-07-20_20,24,none,,basic,docling_rapidocr,qwen,2,0,0,0,2,0.0,0.0,0.0,0,,,,,13.009662616,1
ojo_2023-07-20_20,24,none,,niblack,docling_easyocr,qwen,2,0,0,0,2,0.0,0.0,0.0,0,,,,,48.943582563,1
ojo_2023-07-20_20,24,none,,niblack,docling_rapidocr,qwen,2,0,0,0,2,0.0,0.0,0.0,0,,,,,9.951630144,1
ojo_2023-07-20_20,24,none,,none_color,docling_easyocr,qwen,2,0,0,0,2,0.0,0.0,0.0,0,,,,,62.715620029,1
ojo_2023-07-20_20,24,none,,none_color,docling_rapidocr,qwen,2,1,1,0,1,1.0,0.5,0.666667,1,0.8205128205128205,1.0,0.10616784630940344,0.1656441717791411,12.933019388,0
ojo_2023-07-20_20,24,none,,none_grayscale,docling_easyocr,qwen,2,0,0,0,2,0.0,0.0,0.0,0,,,,,62.546982992,1
ojo_2023-07-20_20,24,none,,none_grayscale,docling_rapidocr,qwen,2,0,0,0,2,0.0,0.0,0.0,0,,,,,14.948559749,1
ojo_2023-07-20_20,24,none,,otsu,docling_easyocr,qwen,2,0,0,0,2,0.0,0.0,0.0,0,,,,,60.731727899,1
ojo_2023-07-20_20,24,none,,otsu,docling_rapidocr,qwen,2,0,0,0,2,0.0,0.0,0.0,0,,,,,14.693781675,1
ojo_2023-07-20_20,25,none,,adaptive_gaussian,docling_easyocr,qwen,2,0,0,0,2,0.0,0.0,0.0,0,,,,,48.080728592,1
ojo_2023-07-20_20,25,none,,adaptive_gaussian,docling_rapidocr,qwen,2,0,0,0,2,0.0,0.0,0.0,0,,,,,10.187714161,1
ojo_2023-07-20_20,25,none,,adaptive_mean,docling_easyocr,qwen,2,0,0,0,2,0.0,0.0,0.0,0,,,,,48.46971208,1
ojo_2023-07-20_20,25,none,,adaptive_mean,docling_rapidocr,qwen,2,0,0,0,2,0.0,0.0,0.0,0,,,,,10.641859592,1
ojo_2023-07-20_20,25,none,,basic,docling_easyocr,qwen,2,0,0,0,2,0.0,0.0,0.0,0,,,,,58.156460916,1
ojo_2023-07-20_20,25,none,,basic,docling_rapidocr,qwen,2,0,0,0,2,0.0,0.0,0.0,0,,,,,13.362016832,1
ojo_2023-07-20_20,25,none,,niblack,docling_easyocr,qwen,2,0,0,0,2,0.0,0.0,0.0,0,,,,,47.127295139,1
ojo_2023-07-20_20,25,none,,niblack,docling_rapidocr,qwen,2,0,0,0,2,0.0,0.0,0.0,0,,,,,10.653256777,1
ojo_2023-07-20_20,25,none,,none_color,docling_easyocr,qwen,2,0,0,0,2,0.0,0.0,0.0,0,,,,,58.184395467,1
ojo_2023-07-20_20,25,none,,none_color,docling_rapidocr,qwen,2,0,0,0,2,0.0,0.0,0.0,0,,,,,14.747899925,1
ojo_2023-07-20_20,25,none,,none_grayscale,docling_easyocr,qwen,2,0,0,0,2,0.0,0.0,0.0,0,,,,,57.156215107,1
ojo_2023-07-20_20,25,none,,none_grayscale,docling_rapidocr,qwen,2,0,0,0,2,0.0,0.0,0.0,0,,,,,12.910115873,1
ojo_2023-07-20_20,25,none,,otsu,docling_easyocr,qwen,2,0,0,0,2,0.0,0.0,0.0,0,,,,,56.621861446,1
ojo_2023-07-20_20,25,none,,otsu,docling_rapidocr,qwen,2,0,0,0,2,0.0,0.0,0.0,0,,,,,14.743601072,1
ojo_2023-07-20_20,26,none,,adaptive_gaussian,docling_easyocr,qwen,2,0,0,0,2,0.0,0.0,0.0,0,,,,,43.77336475,1
ojo_2023-07-20_20,26,none,,adaptive_gaussian,docling_rapidocr,qwen,2,0,0,0,2,0.0,0.0,0.0,0,,,,,9.913063255,1
ojo_2023-07-20_20,26,none,,adaptive_mean,docling_easyocr,qwen,2,0,0,0,2,0.0,0.0,0.0,0,,,,,44.494267908,1
ojo_2023-07-20_20,26,none,,adaptive_mean,docling_rapidocr,qwen,2,0,0,0,2,0.0,0.0,0.0,0,,,,,9.486443964,1
ojo_2023-07-20_20,26,none,,basic,docling_easyocr,qwen,2,0,0,0,2,0.0,0.0,0.0,0,,,,,47.735108675,1
ojo_2023-07-20_20,26,none,,basic,docling_rapidocr,qwen,2,0,0,0,2,0.0,0.0,0.0,0,,,,,10.550472082,1
ojo_2023-07-20_20,26,none,,niblack,docling_easyocr,qwen,2,0,0,0,2,0.0,0.0,0.0,0,,,,,42.144837646,1
ojo_2023-07-20_20,26,none,,niblack,docling_rapidocr,qwen,2,0,0,0,2,0.0,0.0,0.0,0,,,,,9.214167385,1
ojo_2023-07-20_20,26,none,,none_color,docling_easyocr,qwen,2,0,0,0,2,0.0,0.0,0.0,0,,,,,56.592178167,1
ojo_2023-07-20_20,26,none,,none_color,docling_rapidocr,qwen,2,0,0,0,2,0.0,0.0,0.0,0,,,,,14.519041837,1
ojo_2023-07-20_20,26,none,,none_grayscale,docling_easyocr,qwen,2,0,0,0,2,0.0,0.0,0.0,0,,,,,57.250308336,1
ojo_2023-07-20_20,26,none,,none_grayscale,docling_rapidocr,qwen,2,0,0,0,2,0.0,0.0,0.0,0,,,,,14.766286195,1
ojo_2023-07-20_20,26,none,,otsu,docling_easyocr,qwen,2,0,0,0,2,0.0,0.0,0.0,0,,,,,55.036527694,1
ojo_2023-07-20_20,26,none,,otsu,docling_rapidocr,qwen,2,0,0,0,2,0.0,0.0,0.0,0,,,,,13.76896149,1
ojo_2023-07-20_20,27,none,,adaptive_gaussian,docling_easyocr,qwen,2,0,0,0,2,0.0,0.0,0.0,0,,,,,39.669130769,1
ojo_2023-07-20_20,27,none,,adaptive_gaussian,docling_rapidocr,qwen,2,0,0,0,2,0.0,0.0,0.0,0,,,,,9.730325905,1
ojo_2023-07-20_20,27,none,,adaptive_mean,docling_easyocr,qwen,2,0,0,0,2,0.0,0.0,0.0,0,,,,,39.917261329,1
ojo_2023-07-20_20,27,none,,adaptive_mean,docling_rapidocr,qwen,2,0,0,0,2,0.0,0.0,0.0,0,,,,,9.576719013,1
ojo_2023-07-20_20,27,none,,basic,docling_easyocr,qwen,2,0,0,0,2,0.0,0.0,0.0,0,,,,,50.083769144,1
ojo_2023-07-20_20,27,none,,basic,docling_rapidocr,qwen,2,0,0,0,2,0.0,0.0,0.0,0,,,,,13.577402652,1
ojo_2023-07-20_20,27,none,,niblack,docling_easyocr,qwen,2,0,0,0,2,0.0,0.0,0.0,0,,,,,38.375126463,1
ojo_2023-07-20_20,27,none,,niblack,docling_rapidocr,qwen,2,0,0,0,2,0.0,0.0,0.0,0,,,,,9.537843805,1
ojo_2023-07-20_20,27,none,,none_color,docling_easyocr,qwen,2,0,0,0,2,0.0,0.0,0.0,0,,,,,50.934993566,1
ojo_2023-07-20_20,27,none,,none_color,docling_rapidocr,qwen,2,0,0,0,2,0.0,0.0,0.0,0,,,,,14.664432348,1
ojo_2023-07-20_20,27,none,,none_grayscale,docling_easyocr,qwen,2,0,0,0,2,0.0,0.0,0.0,0,,,,,50.027412475,1
ojo_2023-07-20_20,27,none,,none_grayscale,docling_rapidocr,qwen,2,0,0,0,2,0.0,0.0,0.0,0,,,,,14.982396187,1
ojo_2023-07-20_20,27,none,,otsu,docling_easyocr,qwen,2,0,0,0,2,0.0,0.0,0.0,0,,,,,49.443256158,1
ojo_2023-07-20_20,27,none,,otsu,docling_rapidocr,qwen,2,0,0,0,2,0.0,0.0,0.0,0,,,,,13.668068427,1
ojo_2023-07-20_20,28,none,,adaptive_gaussian,docling_easyocr,qwen,2,0,0,0,2,0.0,0.0,0.0,0,,,,,35.949428245,1
ojo_2023-07-20_20,28,none,,adaptive_gaussian,docling_rapidocr,qwen,2,0,0,0,2,0.0,0.0,0.0,0,,,,,10.091812059,1
ojo_2023-07-20_20,28,none,,adaptive_mean,docling_easyocr,qwen,2,0,0,0,2,0.0,0.0,0.0,0,,,,,38.745855495,1
ojo_2023-07-20_20,28,none,,adaptive_mean,docling_rapidocr,qwen,2,0,0,0,2,0.0,0.0,0.0,0,,,,,9.999669715,1
ojo_2023-07-20_20,28,none,,basic,docling_easyocr,qwen,2,0,0,0,2,0.0,0.0,0.0,0,,,,,48.739549655,1
ojo_2023-07-20_20,28,none,,basic,docling_rapidocr,qwen,2,0,0,0,2,0.0,0.0,0.0,0,,,,,13.981824893,1
ojo_2023-07-20_20,28,none,,niblack,docling_easyocr,qwen,2,0,0,0,2,0.0,0.0,0.0,0,,,,,34.495400726,1
ojo_2023-07-20_20,28,none,,niblack,docling_rapidocr,qwen,2,0,0,0,2,0.0,0.0,0.0,0,,,,,9.90519601,1
ojo_2023-07-20_20,28,none,,none_color,docling_easyocr,qwen,2,0,0,0,2,0.0,0.0,0.0,0,,,,,49.891711492,1
ojo_2023-07-20_20,28,none,,none_color,docling_rapidocr,qwen,2,0,0,0,2,0.0,0.0,0.0,0,,,,,12.598762769,1
ojo_2023-07-20_20,28,none,,none_grayscale,docling_easyocr,qwen,2,0,0,0,2,0.0,0.0,0.0,0,,,,,49.32669999,1
ojo_2023-07-20_20,28,none,,none_grayscale,docling_rapidocr,qwen,2,0,0,0,2,0.0,0.0,0.0,0,,,,,14.44317295,1
ojo_2023-07-20_20,28,none,,otsu,docling_easyocr,qwen,2,0,0,0,2,0.0,0.0,0.0,0,,,,,44.902162404,1
ojo_2023-07-20_20,28,none,,otsu,docling_rapidocr,qwen,2,0,0,0,2,0.0,0.0,0.0,0,,,,,13.947073074,1
ojo_2023-07-20_20,29,none,,adaptive_gaussian,docling_easyocr,qwen,2,0,0,0,2,0.0,0.0,0.0,0,,,,,50.066630288,1
ojo_2023-07-20_20,29,none,,adaptive_gaussian,docling_rapidocr,qwen,2,0,0,0,2,0.0,0.0,0.0,0,,,,,8.130793496,1
ojo_2023-07-20_20,29,none,,adaptive_mean,docling_easyocr,qwen,2,0,0,0,2,0.0,0.0,0.0,0,,,,,35.19812934,1
ojo_2023-07-20_20,29,none,,adaptive_mean,docling_rapidocr,qwen,2,0,0,0,2,0.0,0.0,0.0,0,,,,,9.637576982,1
ojo_2023-07-20_20,29,none,,basic,docling_easyocr,qwen,2,0,0,0,2,0.0,0.0,0.0,0,,,,,38.13520791,1
ojo_2023-07-20_20,29,none,,basic,docling_rapidocr,qwen,2,0,0,0,2,0.0,0.0,0.0,0,,,,,10.063336867,1
ojo_2023-07-20_20,29,none,,niblack,docling_easyocr,qwen,2,0,0,0,2,0.0,0.0,0.0,0,,,,,35.433305322,1
ojo_2023-07-20_20,29,none,,niblack,docling_rapidocr,qwen,2,0,0,0,2,0.0,0.0,0.0,0,,,,,9.040789662,1
ojo_2023-07-20_20,29,none,,none_color,docling_easyocr,qwen,2,0,0,0,2,0.0,0.0,0.0,0,,,,,49.574481029,1
ojo_2023-07-20_20,29,none,,none_color,docling_rapidocr,qwen,2,0,0,0,2,0.0,0.0,0.0,0,,,,,12.761672038,1
ojo_2023-07-20_20,29,none,,none_grayscale,docling_easyocr,qwen,2,0,0,0,2,0.0,0.0,0.0,0,,,,,45.208694476,1
ojo_2023-07-20_20,29,none,,none_grayscale,docling_rapidocr,qwen,2,0,0,0,2,0.0,0.0,0.0,0,,,,,12.70451023,1
ojo_2023-07-20_20,29,none,,otsu,docling_easyocr,qwen,2,0,0,0,2,0.0,0.0,0.0,0,,,,,45.431135434,1
ojo_2023-07-20_20,29,none,,otsu,docling_rapidocr,qwen,2,0,0,0,2,0.0,0.0,0.0,0,,,,,13.827363509,1
ojo_2023-07-20_20,30,none,,adaptive_gaussian,docling_easyocr,qwen,2,0,0,0,2,0.0,0.0,0.0,0,,,,,46.913416476,1
ojo_2023-07-20_20,30,none,,adaptive_gaussian,docling_rapidocr,qwen,2,0,0,0,2,0.0,0.0,0.0,0,,,,,9.853997321,1
ojo_2023-07-20_20,30,none,,adaptive_mean,docling_easyocr,qwen,2,0,0,0,2,0.0,0.0,0.0,0,,,,,47.048478933,1
ojo_2023-07-20_20,30,none,,adaptive_mean,docling_rapidocr,qwen,2,0,0,0,2,0.0,0.0,0.0,0,,,,,10.197528691,1
ojo_2023-07-20_20,30,none,,basic,docling_easyocr,qwen,2,0,0,0,2,0.0,0.0,0.0,0,,,,,48.288931554,1
ojo_2023-07-20_20,30,none,,basic,docling_rapidocr,qwen,2,0,0,0,2,0.0,0.0,0.0,0,,,,,10.056991046,1
ojo_2023-07-20_20,30,none,,niblack,docling_easyocr,qwen,2,0,0,0,2,0.0,0.0,0.0,0,,,,,46.04792467,1
ojo_2023-07-20_20,30,none,,niblack,docling_rapidocr,qwen,2,0,0,0,2,0.0,0.0,0.0,0,,,,,9.72753683,1
ojo_2023-07-20_20,30,none,,none_color,docling_easyocr,qwen,2,0,0,0,2,0.0,0.0,0.0,0,,,,,49.232787078,1
ojo_2023-07-20_20,30,none,,none_color,docling_rapidocr,qwen,2,0,0,0,2,0.0,0.0,0.0,0,,,,,11.705674832,1
ojo_2023-07-20_20,30,none,,none_grayscale,docling_easyocr,qwen,2,0,0,0,2,0.0,0.0,0.0,0,,,,,35.650264924,1
ojo_2023-07-20_20,30,none,,none_grayscale,docling_rapidocr,qwen,2,0,0,0,2,0.0,0.0,0.0,0,,,,,11.246966308,1
ojo_2023-07-20_20,30,none,,otsu,docling_easyocr,qwen,2,0,0,0,2,0.0,0.0,0.0,0,,,,,47.91509797,1
ojo_2023-07-20_20,30,none,,otsu,docling_rapidocr,qwen,2,0,0,0,2,0.0,0.0,0.0,0,,,,,11.470032949,1
ojo_2023-07-20_20,31,none,,adaptive_gaussian,docling_easyocr,qwen,2,0,0,0,2,0.0,0.0,0.0,0,,,,,42.668069287,1
ojo_2023-07-20_20,31,none,,adaptive_gaussian,docling_rapidocr,qwen,2,0,0,0,2,0.0,0.0,0.0,0,,,,,10.058298513,1
ojo_2023-07-20_20,31,none,,adaptive_mean,docling_easyocr,qwen,2,0,0,0,2,0.0,0.0,0.0,0,,,,,43.609513208,1
ojo_2023-07-20_20,31,none,,adaptive_mean,docling_rapidocr,qwen,2,0,0,0,2,0.0,0.0,0.0,0,,,,,9.960543796,1
ojo_2023-07-20_20,31,none,,basic,docling_easyocr,qwen,2,0,0,0,2,0.0,0.0,0.0,0,,,,,45.305473584,1
ojo_2023-07-20_20,31,none,,basic,docling_rapidocr,qwen,2,0,0,0,2,0.0,0.0,0.0,0,,,,,12.512913722,1
ojo_2023-07-20_20,31,none,,niblack,docling_easyocr,qwen,2,0,0,0,2,0.0,0.0,0.0,0,,,,,42.419393121,1
ojo_2023-07-20_20,31,none,,niblack,docling_rapidocr,qwen,2,0,0,0,2,0.0,0.0,0.0,0,,,,,10.101005374,1
ojo_2023-07-20_20,31,none,,none_color,docling_easyocr,qwen,2,0,0,0,2,0.0,0.0,0.0,0,,,,,45.470379132,1
ojo_2023-07-20_20,31,none,,none_color,docling_rapidocr,qwen,2,0,0,0,2,0.0,0.0,0.0,0,,,,,14.965631503,1
ojo_2023-07-20_20,31,none,,none_grayscale,docling_easyocr,qwen,2,0,0,0,2,0.0,0.0,0.0,0,,,,,45.12453081,1
ojo_2023-07-20_20,31,none,,none_grayscale,docling_rapidocr,qwen,2,0,0,0,2,0.0,0.0,0.0,0,,,,,16.002498883,1
ojo_2023-07-20_20,31,none,,otsu,docling_easyocr,qwen,2,0,0,0,2,0.0,0.0,0.0,0,,,,,46.28161832,1
ojo_2023-07-20_20,31,none,,otsu,docling_rapidocr,qwen,2,0,0,0,2,0.0,0.0,0.0,0,,,,,11.81381961,1
ojo_2023-07-20_20,32,none,,adaptive_gaussian,docling_easyocr,qwen,2,0,0,0,2,0.0,0.0,0.0,0,,,,,39.104018485,1
ojo_2023-07-20_20,32,none,,adaptive_gaussian,docling_rapidocr,qwen,2,0,0,0,2,0.0,0.0,0.0,0,,,,,10.130248582,1
ojo_2023-07-20_20,32,none,,adaptive_mean,docling_easyocr,qwen,2,0,0,0,2,0.0,0.0,0.0,0,,,,,37.621351754,1
ojo_2023-07-20_20,32,none,,adaptive_mean,docling_rapidocr,qwen,2,0,0,0,2,0.0,0.0,0.0,0,,,,,8.542613542,1
ojo_2023-07-20_20,32,none,,basic,docling_easyocr,qwen,2,0,0,0,2,0.0,0.0,0.0,0,,,,,36.919795881,1
ojo_2023-07-20_20,32,none,,basic,docling_rapidocr,qwen,2,0,0,0,2,0.0,0.0,0.0,0,,,,,9.373459707,1
ojo_2023-07-20_20,32,none,,niblack,docling_easyocr,qwen,2,0,0,0,2,0.0,0.0,0.0,0,,,,,39.165552402,1
ojo_2023-07-20_20,32,none,,niblack,docling_rapidocr,qwen,2,0,0,0,2,0.0,0.0,0.0,0,,,,,9.768859172,1
ojo_2023-07-20_20,32,none,,none_color,docling_easyocr,qwen,2,0,0,0,2,0.0,0.0,0.0,0,,,,,43.619038234,1
ojo_2023-07-20_20,32,none,,none_color,docling_rapidocr,qwen,2,0,0,0,2,0.0,0.0,0.0,0,,,,,10.20708097,1
ojo_2023-07-20_20,32,none,,none_grayscale,docling_easyocr,qwen,2,0,0,0,2,0.0,0.0,0.0,0,,,,,43.099981437,1
ojo_2023-07-20_20,32,none,,none_grayscale,docling_rapidocr,qwen,2,0,0,0,2,0.0,0.0,0.0,0,,,,,8.406358609,1
ojo_2023-07-20_20,32,none,,otsu,docling_easyocr,qwen,2,0,0,0,2,0.0,0.0,0.0,0,,,,,38.478442321,1
ojo_2023-07-20_20,32,none,,otsu,docling_rapidocr,qwen,2,0,0,0,2,0.0,0.0,0.0,0,,,,,11.130155692,1
ojo_2023-07-20_20,33,none,,adaptive_gaussian,docling_easyocr,qwen,2,0,0,0,2,0.0,0.0,0.0,0,,,,,39.468245946,1
ojo_2023-07-20_20,33,none,,adaptive_gaussian,docling_rapidocr,qwen,2,0,0,0,2,0.0,0.0,0.0,0,,,,,10.331156455,1
ojo_2023-07-20_20,33,none,,adaptive_mean,docling_easyocr,qwen,2,0,0,0,2,0.0,0.0,0.0,0,,,,,38.578600846,1
ojo_2023-07-20_20,33,none,,adaptive_mean,docling_rapidocr,qwen,2,0,0,0,2,0.0,0.0,0.0,0,,,,,10.36993333,1
ojo_2023-07-20_20,33,none,,basic,docling_easyocr,qwen,2,0,0,0,2,0.0,0.0,0.0,0,,,,,40.429378328,1
ojo_2023-07-20_20,33,none,,basic,docling_rapidocr,qwen,2,0,0,0,2,0.0,0.0,0.0,0,,,,,10.057122764,1
ojo_2023-07-20_20,33,none,,niblack,docling_easyocr,qwen,2,0,0,0,2,0.0,0.0,0.0,0,,,,,38.594351388,1
ojo_2023-07-20_20,33,none,,niblack,docling_rapidocr,qwen,2,0,0,0,2,0.0,0.0,0.0,0,,,,,10.367706395,1
ojo_2023-07-20_20,33,none,,none_color,docling_easyocr,qwen,2,0,0,0,2,0.0,0.0,0.0,0,,,,,39.847253617,1
ojo_2023-07-20_20,33,none,,none_color,docling_rapidocr,qwen,2,0,0,0,2,0.0,0.0,0.0,0,,,,,10.44948369,1
ojo_2023-07-20_20,33,none,,none_grayscale,docling_easyocr,qwen,2,0,0,0,2,0.0,0.0,0.0,0,,,,,40.214271363,1
ojo_2023-07-20_20,33,none,,none_grayscale,docling_rapidocr,qwen,2,0,0,0,2,0.0,0.0,0.0,0,,,,,11.179839191,1
ojo_2023-07-20_20,33,none,,otsu,docling_easyocr,qwen,2,0,0,0,2,0.0,0.0,0.0,0,,,,,39.259951959,1
ojo_2023-07-20_20,33,none,,otsu,docling_rapidocr,qwen,2,0,0,0,2,0.0,0.0,0.0,0,,,,,9.444069276,1
ojo_2023-07-20_20,34,none,,adaptive_gaussian,docling_easyocr,qwen,2,0,0,0,2,0.0,0.0,0.0,0,,,,,38.663461005,1
ojo_2023-07-20_20,34,none,,adaptive_gaussian,docling_rapidocr,qwen,2,0,0,0,2,0.0,0.0,0.0,0,,,,,9.892328536,1
ojo_2023-07-20_20,34,none,,adaptive_mean,docling_easyocr,qwen,2,0,0,0,2,0.0,0.0,0.0,0,,,,,38.881269967,1
ojo_2023-07-20_20,34,none,,adaptive_mean,docling_rapidocr,qwen,2,0,0,0,2,0.0,0.0,0.0,0,,,,,10.342736995,1
ojo_2023-07-20_20,34,none,,basic,docling_easyocr,qwen,2,0,0,0,2,0.0,0.0,0.0,0,,,,,39.380934606,1
ojo_2023-07-20_20,34,none,,basic,docling_rapidocr,qwen,2,0,0,0,2,0.0,0.0,0.0,0,,,,,8.872119317,1
ojo_2023-07-20_20,34,none,,niblack,docling_easyocr,qwen,2,0,0,0,2,0.0,0.0,0.0,0,,,,,34.420625213,1
ojo_2023-07-20_20,34,none,,niblack,docling_rapidocr,qwen,2,0,0,0,2,0.0,0.0,0.0,0,,,,,10.101149085,1
ojo_2023-07-20_20,34,none,,none_color,docling_easyocr,qwen,2,0,0,0,2,0.0,0.0,0.0,0,,,,,41.034849057,1
ojo_2023-07-20_20,34,none,,none_color,docling_rapidocr,qwen,2,0,0,0,2,0.0,0.0,0.0,0,,,,,13.062618623,1
ojo_2023-07-20_20,34,none,,none_grayscale,docling_easyocr,qwen,2,0,0,0,2,0.0,0.0,0.0,0,,,,,41.600075374,1
ojo_2023-07-20_20,34,none,,none_grayscale,docling_rapidocr,qwen,2,0,0,0,2,0.0,0.0,0.0,0,,,,,12.628702531,1
ojo_2023-07-20_20,34,none,,otsu,docling_easyocr,qwen,2,0,0,0,2,0.0,0.0,0.0,0,,,,,48.110468351,1
ojo_2023-07-20_20,34,none,,otsu,docling_rapidocr,qwen,2,0,0,0,2,0.0,0.0,0.0,0,,,,,9.235868655,1
ojo_2023-07-20_20,35,none,,adaptive_gaussian,docling_easyocr,qwen,2,0,0,0,2,0.0,0.0,0.0,0,,,,,44.375468766,1
ojo_2023-07-20_20,35,none,,adaptive_gaussian,docling_rapidocr,qwen,2,0,0,0,2,0.0,0.0,0.0,0,,,,,8.437124049,1
ojo_2023-07-20_20,35,none,,adaptive_mean,docling_easyocr,qwen,2,0,0,0,2,0.0,0.0,0.0,0,,,,,44.86769346,1
ojo_2023-07-20_20,35,none,,adaptive_mean,docling_rapidocr,qwen,2,0,0,0,2,0.0,0.0,0.0,0,,,,,9.870900666,1
ojo_2023-07-20_20,35,none,,basic,docling_easyocr,qwen,2,0,0,0,2,0.0,0.0,0.0,0,,,,,45.176306615,1
ojo_2023-07-20_20,35,none,,basic,docling_rapidocr,qwen,2,0,0,0,2,0.0,0.0,0.0,0,,,,,8.949627767,1
ojo_2023-07-20_20,35,none,,niblack,docling_easyocr,qwen,2,0,0,0,2,0.0,0.0,0.0,0,,,,,44.038362838,1
ojo_2023-07-20_20,35,none,,niblack,docling_rapidocr,qwen,2,0,0,0,2,0.0,0.0,0.0,0,,,,,10.162755586,1
ojo_2023-07-20_20,35,none,,none_color,docling_easyocr,qwen,2,0,0,0,2,0.0,0.0,0.0,0,,,,,35.065659175,1
ojo_2023-07-20_20,35,none,,none_color,docling_rapidocr,qwen,2,0,0,0,2,0.0,0.0,0.0,0,,,,,9.462453256,1
ojo_2023-07-20_20,35,none,,none_grayscale,docling_easyocr,qwen,2,0,0,0,2,0.0,0.0,0.0,0,,,,,45.573640714,1
ojo_2023-07-20_20,35,none,,none_grayscale,docling_rapidocr,qwen,2,0,0,0,2,0.0,0.0,0.0,0,,,,,9.665007005,1
ojo_2023-07-20_20,35,none,,otsu,docling_easyocr,qwen,2,0,0,0,2,0.0,0.0,0.0,0,,,,,45.657445977,1
ojo_2023-07-20_20,35,none,,otsu,docling_rapidocr,qwen,2,0,0,0,2,0.0,0.0,0.0,0,,,,,10.8134845,1
ojo_2023-07-20_20,36,none,,adaptive_gaussian,docling_easyocr,qwen,2,0,0,0,2,0.0,0.0,0.0,0,,,,,40.314654658,1
ojo_2023-07-20_20,36,none,,adaptive_gaussian,docling_rapidocr,qwen,2,0,0,0,2,0.0,0.0,0.0,0,,,,,9.822931836,1
ojo_2023-07-20_20,36,none,,adaptive_mean,docling_easyocr,qwen,2,0,0,0,2,0.0,0.0,0.0,0,,,,,35.110695908,1
ojo_2023-07-20_20,36,none,,adaptive_mean,docling_rapidocr,qwen,2,0,0,0,2,0.0,0.0,0.0,0,,,,,9.933061907,1
ojo_2023-07-20_20,36,none,,basic,docling_easyocr,qwen,2,0,0,0,2,0.0,0.0,0.0,0,,,,,43.604248925,1
ojo_2023-07-20_20,36,none,,basic,docling_rapidocr,qwen,2,0,0,0,2,0.0,0.0,0.0,0,,,,,9.851929351,1
ojo_2023-07-20_20,36,none,,niblack,docling_easyocr,qwen,2,0,0,0,2,0.0,0.0,0.0,0,,,,,39.247530425,1
ojo_2023-07-20_20,36,none,,niblack,docling_rapidocr,qwen,2,0,0,0,2,0.0,0.0,0.0,0,,,,,10.104880536,1
ojo_2023-07-20_20,36,none,,none_color,docling_easyocr,qwen,2,0,0,0,2,0.0,0.0,0.0,0,,,,,44.824180051,1
ojo_2023-07-20_20,36,none,,none_color,docling_rapidocr,qwen,2,0,0,0,2,0.0,0.0,0.0,0,,,,,12.104895278,1
ojo_2023-07-20_20,36,none,,none_grayscale,docling_easyocr,qwen,2,0,0,0,2,0.0,0.0,0.0,0,,,,,44.715734645,1
ojo_2023-07-20_20,36,none,,none_grayscale,docling_rapidocr,qwen,2,0,0,0,2,0.0,0.0,0.0,0,,,,,12.281695767,1
ojo_2023-07-20_20,36,none,,otsu,docling_easyocr,qwen,2,0,0,0,2,0.0,0.0,0.0,0,,,,,44.193193433,1
ojo_2023-07-20_20,36,none,,otsu,docling_rapidocr,qwen,2,0,0,0,2,0.0,0.0,0.0,0,,,,,11.964320418,1
ojo_2023-07-20_20,37,none,,adaptive_gaussian,docling_easyocr,qwen,2,0,0,0,2,0.0,0.0,0.0,0,,,,,38.534710383,1
ojo_2023-07-20_20,37,none,,adaptive_gaussian,docling_rapidocr,qwen,2,0,0,0,2,0.0,0.0,0.0,0,,,,,9.984712577,1
ojo_2023-07-20_20,37,none,,adaptive_mean,docling_easyocr,qwen,2,0,0,0,2,0.0,0.0,0.0,0,,,,,37.936768269,1
ojo_2023-07-20_20,37,none,,adaptive_mean,docling_rapidocr,qwen,2,0,0,0,2,0.0,0.0,0.0,0,,,,,9.647302365,1
ojo_2023-07-20_20,37,none,,basic,docling_easyocr,qwen,2,0,0,0,2,0.0,0.0,0.0,0,,,,,39.241306136,1
ojo_2023-07-20_20,37,none,,basic,docling_rapidocr,qwen,2,0,0,0,2,0.0,0.0,0.0,0,,,,,12.803747723,1
ojo_2023-07-20_20,37,none,,niblack,docling_easyocr,qwen,2,0,0,0,2,0.0,0.0,0.0,0,,,,,35.469434848,1
ojo_2023-07-20_20,37,none,,niblack,docling_rapidocr,qwen,2,0,0,0,2,0.0,0.0,0.0,0,,,,,9.03760921,1
ojo_2023-07-20_20,37,none,,none_color,docling_easyocr,qwen,2,0,0,0,2,0.0,0.0,0.0,0,,,,,38.944542954,1
ojo_2023-07-20_20,37,none,,none_color,docling_rapidocr,qwen,2,0,0,0,2,0.0,0.0,0.0,0,,,,,13.681147168,1
ojo_2023-07-20_20,37,none,,none_grayscale,docling_easyocr,qwen,2,0,0,0,2,0.0,0.0,0.0,0,,,,,38.923732588,1
ojo_2023-07-20_20,37,none,,none_grayscale,docling_rapidocr,qwen,2,0,0,0,2,0.0,0.0,0.0,0,,,,,12.940915654,1
ojo_2023-07-20_20,37,none,,otsu,docling_easyocr,qwen,2,0,0,0,2,0.0,0.0,0.0,0,,,,,41.089417123,1
ojo_2023-07-20_20,37,none,,otsu,docling_rapidocr,qwen,2,0,0,0,2,0.0,0.0,0.0,0,,,,,12.4363667,1
ojo_2023-07-20_20,38,none,,adaptive_gaussian,docling_easyocr,qwen,2,0,0,0,2,0.0,0.0,0.0,0,,,,,40.088725066,1
ojo_2023-07-20_20,38,none,,adaptive_gaussian,docling_rapidocr,qwen,2,0,0,0,2,0.0,0.0,0.0,0,,,,,10.093806004,1
ojo_2023-07-20_20,38,none,,adaptive_mean,docling_easyocr,qwen,2,0,0,0,2,0.0,0.0,0.0,0,,,,,39.523309445,1
ojo_2023-07-20_20,38,none,,adaptive_mean,docling_rapidocr,qwen,2,0,0,0,2,0.0,0.0,0.0,0,,,,,9.65315268,1
ojo_2023-07-20_20,38,none,,basic,docling_easyocr,qwen,2,0,0,0,2,0.0,0.0,0.0,0,,,,,39.246680329,1
ojo_2023-07-20_20,38,none,,basic,docling_rapidocr,qwen,2,0,0,0,2,0.0,0.0,0.0,0,,,,,8.948376963,1
ojo_2023-07-20_20,38,none,,niblack,docling_easyocr,qwen,2,0,0,0,2,0.0,0.0,0.0,0,,,,,38.611335314,1
ojo_2023-07-20_20,38,none,,niblack,docling_rapidocr,qwen,2,0,0,0,2,0.0,0.0,0.0,0,,,,,9.829460896,1
ojo_2023-07-20_20,38,none,,none_color,docling_easyocr,qwen,2,0,0,0,2,0.0,0.0,0.0,0,,,,,39.839068482,1
ojo_2023-07-20_20,38,none,,none_color,docling_rapidocr,qwen,2,0,0,0,2,0.0,0.0,0.0,0,,,,,12.393080065,1
ojo_2023-07-20_20,38,none,,none_grayscale,docling_easyocr,qwen,2,0,0,0,2,0.0,0.0,0.0,0,,,,,40.667567561,1
ojo_2023-07-20_20,38,none,,none_grayscale,docling_rapidocr,qwen,2,0,0,0,2,0.0,0.0,0.0,0,,,,,13.062469313,1
ojo_2023-07-20_20,38,none,,otsu,docling_easyocr,qwen,2,0,0,0,2,0.0,0.0,0.0,0,,,,,35.189488003,1
ojo_2023-07-20_20,38,none,,otsu,docling_rapidocr,qwen,2,0,0,0,2,0.0,0.0,0.0,0,,,,,10.570249388,1
ojo_2023-07-20_20,39,none,,adaptive_gaussian,docling_easyocr,qwen,2,0,0,0,2,0.0,0.0,0.0,0,,,,,47.138991797,1
ojo_2023-07-20_20,39,none,,adaptive_gaussian,docling_rapidocr,qwen,2,0,0,0,2,0.0,0.0,0.0,0,,,,,16.531514609,1
ojo_2023-07-20_20,39,none,,adaptive_mean,docling_easyocr,qwen,2,0,0,0,2,0.0,0.0,0.0,0,,,,,46.924799645,1
ojo_2023-07-20_20,39,none,,adaptive_mean,docling_rapidocr,qwen,2,0,0,0,2,0.0,0.0,0.0,0,,,,,17.082635129,1
ojo_2023-07-20_20,39,none,,basic,docling_easyocr,qwen,2,0,0,0,2,0.0,0.0,0.0,0,,,,,57.358308373,1
ojo_2023-07-20_20,39,none,,basic,docling_rapidocr,qwen,2,0,0,0,2,0.0,0.0,0.0,0,,,,,20.976945935,1
ojo_2023-07-20_20,39,none,,niblack,docling_easyocr,qwen,2,0,0,0,2,0.0,0.0,0.0,0,,,,,46.876403979,1
ojo_2023-07-20_20,39,none,,niblack,docling_rapidocr,qwen,2,0,0,0,2,0.0,0.0,0.0,0,,,,,17.02625697,1
ojo_2023-07-20_20,39,none,,none_color,docling_easyocr,qwen,2,0,0,0,2,0.0,0.0,0.0,0,,,,,58.362482606,1
ojo_2023-07-20_20,39,none,,none_color,docling_rapidocr,qwen,2,0,0,0,2,0.0,0.0,0.0,0,,,,,21.24542862,1
ojo_2023-07-20_20,39,none,,none_grayscale,docling_easyocr,qwen,2,0,0,0,2,0.0,0.0,0.0,0,,,,,57.527641116,1
ojo_2023-07-20_20,39,none,,none_grayscale,docling_rapidocr,qwen,2,0,0,0,2,0.0,0.0,0.0,0,,,,,19.504766761,1
ojo_2023-07-20_20,39,none,,otsu,docling_easyocr,qwen,2,0,0,0,2,0.0,0.0,0.0,0,,,,,51.15736372,1
ojo_2023-07-20_20,39,none,,otsu,docling_rapidocr,qwen,2,0,0,0,2,0.0,0.0,0.0,0,,,,,20.566086836,1
ojo_2023-07-20_20,40,none,,adaptive_gaussian,docling_easyocr,qwen,2,0,0,0,2,0.0,0.0,0.0,0,,,,,47.655413311,1
ojo_2023-07-20_20,40,none,,adaptive_gaussian,docling_rapidocr,qwen,2,0,0,0,2,0.0,0.0,0.0,0,,,,,17.633501451,1
ojo_2023-07-20_20,40,none,,adaptive_mean,docling_easyocr,qwen,2,0,0,0,2,0.0,0.0,0.0,0,,,,,47.84767,1
ojo_2023-07-20_20,40,none,,adaptive_mean,docling_rapidocr,qwen,2,0,0,0,2,0.0,0.0,0.0,0,,,,,17.146520536,1
ojo_2023-07-20_20,40,none,,basic,docling_easyocr,qwen,2,0,0,0,2,0.0,0.0,0.0,0,,,,,58.797670856,1
ojo_2023-07-20_20,40,none,,basic,docling_rapidocr,qwen,2,0,0,0,2,0.0,0.0,0.0,0,,,,,19.521095291,1
ojo_2023-07-20_20,40,none,,niblack,docling_easyocr,qwen,2,0,0,0,2,0.0,0.0,0.0,0,,,,,47.360512789,1
ojo_2023-07-20_20,40,none,,niblack,docling_rapidocr,qwen,2,0,0,0,2,0.0,0.0,0.0,0,,,,,15.775681312,1
ojo_2023-07-20_20,40,none,,none_color,docling_easyocr,qwen,2,0,0,0,2,0.0,0.0,0.0,0,,,,,58.823791519,1
ojo_2023-07-20_20,40,none,,none_color,docling_rapidocr,qwen,2,0,0,0,2,0.0,0.0,0.0,0,,,,,21.64965798,1
ojo_2023-07-20_20,40,none,,none_grayscale,docling_easyocr,qwen,2,0,0,0,2,0.0,0.0,0.0,0,,,,,56.551228538,1
ojo_2023-07-20_20,40,none,,none_grayscale,docling_rapidocr,qwen,2,0,0,0,2,0.0,0.0,0.0,0,,,,,21.772258058,1
ojo_2023-07-20_20,40,none,,otsu,docling_easyocr,qwen,2,0,0,0,2,0.0,0.0,0.0,0,,,,,58.214243738,1
ojo_2023-07-20_20,40,none,,otsu,docling_rapidocr,qwen,2,0,0,0,2,0.0,0.0,0.0,0,,,,,19.689725248,1
ojo_2023-07-20_20,41,none,,adaptive_gaussian,docling_easyocr,qwen,2,0,0,0,2,0.0,0.0,0.0,0,,,,,48.992445257,1
ojo_2023-07-20_20,41,none,,adaptive_gaussian,docling_rapidocr,qwen,2,0,0,0,2,0.0,0.0,0.0,0,,,,,17.080500629,1
ojo_2023-07-20_20,41,none,,adaptive_mean,docling_easyocr,qwen,2,0,0,0,2,0.0,0.0,0.0,0,,,,,49.333265569,1
ojo_2023-07-20_20,41,none,,adaptive_mean,docling_rapidocr,qwen,2,0,0,0,2,0.0,0.0,0.0,0,,,,,17.518019941,1
ojo_2023-07-20_20,41,none,,basic,docling_easyocr,qwen,2,0,0,0,2,0.0,0.0,0.0,0,,,,,50.951989771,1
ojo_2023-07-20_20,41,none,,basic,docling_rapidocr,qwen,2,0,0,0,2,0.0,0.0,0.0,0,,,,,18.435748459,1
ojo_2023-07-20_20,41,none,,niblack,docling_easyocr,qwen,2,0,0,0,2,0.0,0.0,0.0,0,,,,,48.207210701,1
ojo_2023-07-20_20,41,none,,niblack,docling_rapidocr,qwen,2,0,0,0,2,0.0,0.0,0.0,0,,,,,17.493055504,1
ojo_2023-07-20_20,41,none,,none_color,docling_easyocr,qwen,2,0,0,0,2,0.0,0.0,0.0,0,,,,,58.178180099,1
ojo_2023-07-20_20,41,none,,none_color,docling_rapidocr,qwen,2,0,0,0,2,0.0,0.0,0.0,0,,,,,20.869500757,1
ojo_2023-07-20_20,41,none,,none_grayscale,docling_easyocr,qwen,2,0,0,0,2,0.0,0.0,0.0,0,,,,,57.684720875,1
ojo_2023-07-20_20,41,none,,none_grayscale,docling_rapidocr,qwen,2,0,0,0,2,0.0,0.0,0.0,0,,,,,21.078340173,1
ojo_2023-07-20_20,41,none,,otsu,docling_easyocr,qwen,2,0,0,0,2,0.0,0.0,0.0,0,,,,,58.021645427,1
ojo_2023-07-20_20,41,none,,otsu,docling_rapidocr,qwen,2,0,0,0,2,0.0,0.0,0.0,0,,,,,20.131549478,1
ojo_2023-07-20_20,42,none,,adaptive_gaussian,docling_easyocr,qwen,2,0,0,0,2,0.0,0.0,0.0,0,,,,,39.300921425,1
ojo_2023-07-20_20,42,none,,adaptive_gaussian,docling_rapidocr,qwen,2,0,0,0,2,0.0,0.0,0.0,0,,,,,8.864973291,1
ojo_2023-07-20_20,42,none,,adaptive_mean,docling_easyocr,qwen,2,0,0,0,2,0.0,0.0,0.0,0,,,,,34.95129338,1
ojo_2023-07-20_20,42,none,,adaptive_mean,docling_rapidocr,qwen,2,0,0,0,2,0.0,0.0,0.0,0,,,,,10.53611079,1
ojo_2023-07-20_20,42,none,,basic,docling_easyocr,qwen,2,0,0,0,2,0.0,0.0,0.0,0,,,,,45.596650606,1
ojo_2023-07-20_20,42,none,,basic,docling_rapidocr,qwen,2,0,0,0,2,0.0,0.0,0.0,0,,,,,10.356571918,1
ojo_2023-07-20_20,42,none,,niblack,docling_easyocr,qwen,2,0,0,0,2,0.0,0.0,0.0,0,,,,,34.131864593,1
ojo_2023-07-20_20,42,none,,niblack,docling_rapidocr,qwen,2,0,0,0,2,0.0,0.0,0.0,0,,,,,9.641745374,1
ojo_2023-07-20_20,42,none,,none_color,docling_easyocr,qwen,2,0,0,0,2,0.0,0.0,0.0,0,,,,,48.543711429,1
ojo_2023-07-20_20,42,none,,none_color,docling_rapidocr,qwen,2,0,0,0,2,0.0,0.0,0.0,0,,,,,12.503645426,1
ojo_2023-07-20_20,42,none,,none_grayscale,docling_easyocr,qwen,2,0,0,0,2,0.0,0.0,0.0,0,,,,,45.118778711,1
ojo_2023-07-20_20,42,none,,none_grayscale,docling_rapidocr,qwen,2,0,0,0,2,0.0,0.0,0.0,0,,,,,12.760541445,1
ojo_2023-07-20_20,42,none,,otsu,docling_easyocr,qwen,2,0,0,0,2,0.0,0.0,0.0,0,,,,,44.284192163,1
ojo_2023-07-20_20,42,none,,otsu,docling_rapidocr,qwen,2,0,0,0,2,0.0,0.0,0.0,0,,,,,12.39662059,1
ojo_2023-07-20_20,43,none,,adaptive_gaussian,docling_easyocr,qwen,2,0,0,0,2,0.0,0.0,0.0,0,,,,,34.125717624,1
ojo_2023-07-20_20,43,none,,adaptive_gaussian,docling_rapidocr,qwen,2,0,0,0,2,0.0,0.0,0.0,0,,,,,9.519144043,1
ojo_2023-07-20_20,43,none,,adaptive_mean,docling_easyocr,qwen,2,0,0,0,2,0.0,0.0,0.0,0,,,,,39.345996603,1
ojo_2023-07-20_20,43,none,,adaptive_mean,docling_rapidocr,qwen,2,0,0,0,2,0.0,0.0,0.0,0,,,,,9.696149811,1
ojo_2023-07-20_20,43,none,,basic,docling_easyocr,qwen,2,0,0,0,2,0.0,0.0,0.0,0,,,,,46.779594261,1
ojo_2023-07-20_20,43,none,,basic,docling_rapidocr,qwen,2,0,0,0,2,0.0,0.0,0.0,0,,,,,12.1036156,1
ojo_2023-07-20_20,43,none,,niblack,docling_easyocr,qwen,2,0,0,0,2,0.0,0.0,0.0,0,,,,,39.272263645,1
ojo_2023-07-20_20,43,none,,niblack,docling_rapidocr,qwen,2,0,0,0,2,0.0,0.0,0.0,0,,,,,9.669264673,1
ojo_2023-07-20_20,43,none,,none_color,docling_easyocr,qwen,2,0,0,0,2,0.0,0.0,0.0,0,,,,,41.907976467,1
ojo_2023-07-20_20,43,none,,none_color,docling_rapidocr,qwen,2,0,0,0,2,0.0,0.0,0.0,0,,,,,11.102868873,1
ojo_2023-07-20_20,43,none,,none_grayscale,docling_easyocr,qwen,2,0,0,0,2,0.0,0.0,0.0,0,,,,,46.052909691,1
ojo_2023-07-20_20,43,none,,none_grayscale,docling_rapidocr,qwen,2,0,0,0,2,0.0,0.0,0.0,0,,,,,12.486286957,1
ojo_2023-07-20_20,43,none,,otsu,docling_easyocr,qwen,2,0,0,0,2,0.0,0.0,0.0,0,,,,,45.115352548,1
ojo_2023-07-20_20,43,none,,otsu,docling_rapidocr,qwen,2,0,0,0,2,0.0,0.0,0.0,0,,,,,10.777473367,1
ojo_2023-07-20_20,44,none,,adaptive_gaussian,docling_easyocr,qwen,2,0,0,0,2,0.0,0.0,0.0,0,,,,,40.49167632,1
ojo_2023-07-20_20,44,none,,adaptive_gaussian,docling_rapidocr,qwen,2,0,0,0,2,0.0,0.0,0.0,0,,,,,9.884850491,1
ojo_2023-07-20_20,44,none,,adaptive_mean,docling_easyocr,qwen,2,0,0,0,2,0.0,0.0,0.0,0,,,,,40.700311412,1
ojo_2023-07-20_20,44,none,,adaptive_mean,docling_rapidocr,qwen,2,0,0,0,2,0.0,0.0,0.0,0,,,,,8.360092391,1
ojo_2023-07-20_20,44,none,,basic,docling_easyocr,qwen,2,0,0,0,2,0.0,0.0,0.0,0,,,,,42.939670407,1
ojo_2023-07-20_20,44,none,,basic,docling_rapidocr,qwen,2,0,0,0,2,0.0,0.0,0.0,0,,,,,11.023916327,1
ojo_2023-07-20_20,44,none,,niblack,docling_easyocr,qwen,2,0,0,0,2,0.0,0.0,0.0,0,,,,,36.773374919,1
ojo_2023-07-20_20,44,none,,niblack,docling_rapidocr,qwen,2,0,0,0,2,0.0,0.0,0.0,0,,,,,9.640973453,1
ojo_2023-07-20_20,44,none,,none_color,docling_easyocr,qwen,2,0,0,0,2,0.0,0.0,0.0,0,,,,,50.13121947,1
ojo_2023-07-20_20,44,none,,none_color,docling_rapidocr,qwen,2,0,0,0,2,0.0,0.0,0.0,0,,,,,12.628027522,1
ojo_2023-07-20_20,44,none,,none_grayscale,docling_easyocr,qwen,2,0,0,0,2,0.0,0.0,0.0,0,,,,,49.834780061,1
ojo_2023-07-20_20,44,none,,none_grayscale,docling_rapidocr,qwen,2,0,0,0,2,0.0,0.0,0.0,0,,,,,13.128882014,1
ojo_2023-07-20_20,44,none,,otsu,docling_easyocr,qwen,2,0,0,0,2,0.0,0.0,0.0,0,,,,,43.874462211,1
ojo_2023-07-20_20,44,none,,otsu,docling_rapidocr,qwen,2,0,0,0,2,0.0,0.0,0.0,0,,,,,11.073898875,1
ojo_2023-07-20_20,45,none,,adaptive_gaussian,docling_easyocr,qwen,2,0,0,0,2,0.0,0.0,0.0,0,,,,,40.03908155,1
ojo_2023-07-20_20,45,none,,adaptive_gaussian,docling_rapidocr,qwen,2,0,0,0,2,0.0,0.0,0.0,0,,,,,9.84186337,1
ojo_2023-07-20_20,45,none,,adaptive_mean,docling_easyocr,qwen,2,0,0,0,2,0.0,0.0,0.0,0,,,,,39.388193749,1
ojo_2023-07-20_20,45,none,,adaptive_mean,docling_rapidocr,qwen,2,0,0,0,2,0.0,0.0,0.0,0,,,,,9.577474498,1
ojo_2023-07-20_20,45,none,,basic,docling_easyocr,qwen,2,0,0,0,2,0.0,0.0,0.0,0,,,,,39.977787564,1
ojo_2023-07-20_20,45,none,,basic,docling_rapidocr,qwen,2,0,0,0,2,0.0,0.0,0.0,0,,,,,9.786542247,1
ojo_2023-07-20_20,45,none,,niblack,docling_easyocr,qwen,2,0,0,0,2,0.0,0.0,0.0,0,,,,,40.446954049,1
ojo_2023-07-20_20,45,none,,niblack,docling_rapidocr,qwen,2,0,0,0,2,0.0,0.0,0.0,0,,,,,9.243901051,1
ojo_2023-07-20_20,45,none,,none_color,docling_easyocr,qwen,2,0,0,0,2,0.0,0.0,0.0,0,,,,,40.534796308,1
ojo_2023-07-20_20,45,none,,none_grayscale,docling_easyocr,qwen,2,0,0,0,2,0.0,0.0,0.0,0,,,,,35.533611606,1
ojo_2023-07-20_20,45,none,,otsu,docling_easyocr,qwen,2,0,0,0,2,0.0,0.0,0.0,0,,,,,39.819407056,1
ojo_2023-07-20_20,45,none,,otsu,docling_rapidocr,qwen,2,0,0,0,2,0.0,0.0,0.0,0,,,,,9.531903098,1
ojo_2023-07-20_20,45,none,,yannihorne,docling_rapidocr,qwen,2,0,0,0,2,0.0,0.0,0.0,0,,,,,9.771535943,1
ojo_2023-07-20_20,46,none,,adaptive_gaussian,docling_easyocr,qwen,2,0,0,0,2,0.0,0.0,0.0,0,,,,,40.127311133,1
ojo_2023-07-20_20,46,none,,adaptive_gaussian,docling_rapidocr,qwen,2,0,0,0,2,0.0,0.0,0.0,0,,,,,9.624838494,1
ojo_2023-07-20_20,46,none,,basic,docling_easyocr,qwen,2,0,0,0,2,0.0,0.0,0.0,0,,,,,39.60404658,1
ojo_2023-07-20_20,46,none,,basic,docling_rapidocr,qwen,2,0,0,0,2,0.0,0.0,0.0,0,,,,,9.610634086,1
ojo_2023-07-20_20,46,none,,niblack,docling_easyocr,qwen,2,0,0,0,2,0.0,0.0,0.0,0,,,,,39.649934972,1
ojo_2023-07-20_20,46,none,,niblack,docling_rapidocr,qwen,2,0,0,0,2,0.0,0.0,0.0,0,,,,,9.397168601,1
ojo_2023-07-20_20,46,none,,none_color,docling_easyocr,qwen,2,0,0,0,2,0.0,0.0,0.0,0,,,,,36.763543603,1
ojo_2023-07-20_20,46,none,,none_grayscale,docling_easyocr,qwen,2,0,0,0,2,0.0,0.0,0.0,0,,,,,34.924278256,1
ojo_2023-07-20_20,46,none,,otsu,docling_easyocr,qwen,2,0,0,0,2,0.0,0.0,0.0,0,,,,,39.415235755,1
ojo_2023-07-20_20,46,none,,otsu,docling_rapidocr,qwen,2,0,0,0,2,0.0,0.0,0.0,0,,,,,10.123304603,1
ojo_2023-07-20_20,46,none,,yannihorne,docling_rapidocr,qwen,2,0,0,0,2,0.0,0.0,0.0,0,,,,,9.984151122,1
ojo_2023-07-20_20,47,none,,adaptive_gaussian,docling_easyocr,qwen,2,0,0,0,2,0.0,0.0,0.0,0,,,,,41.145548797,1
ojo_2023-07-20_20,47,none,,adaptive_gaussian,docling_rapidocr,qwen,2,0,0,0,2,0.0,0.0,0.0,0,,,,,10.669133639,1
ojo_2023-07-20_20,47,none,,basic,docling_easyocr,qwen,2,0,0,0,2,0.0,0.0,0.0,0,,,,,39.715198825,1
ojo_2023-07-20_20,47,none,,basic,docling_rapidocr,qwen,2,0,0,0,2,0.0,0.0,0.0,0,,,,,9.83778889,1
ojo_2023-07-20_20,47,none,,niblack,docling_easyocr,qwen,2,0,0,0,2,0.0,0.0,0.0,0,,,,,39.901699891,1
ojo_2023-07-20_20,47,none,,niblack,docling_rapidocr,qwen,2,0,0,0,2,0.0,0.0,0.0,0,,,,,8.654137483,1
ojo_2023-07-20_20,47,none,,none_color,docling_easyocr,qwen,2,0,0,0,2,0.0,0.0,0.0,0,,,,,36.958827088,1
ojo_2023-07-20_20,47,none,,none_grayscale,docling_easyocr,qwen,2,0,0,0,2,0.0,0.0,0.0,0,,,,,39.951279948,1
ojo_2023-07-20_20,47,none,,otsu,docling_easyocr,qwen,2,0,0,0,2,0.0,0.0,0.0,0,,,,,39.464153441,1
ojo_2023-07-20_20,47,none,,otsu,docling_rapidocr,qwen,2,0,0,0,2,0.0,0.0,0.0,0,,,,,9.659523876,1
ojo_2023-07-20_20,47,none,,yannihorne,docling_rapidocr,qwen,2,0,0,0,2,0.0,0.0,0.0,0,,,,,9.8820726,1
ojo_2023-07-20_20,48,none,,adaptive_gaussian,docling_easyocr,qwen,2,0,0,0,2,0.0,0.0,0.0,0,,,,,62.225938832,1
ojo_2023-07-20_20,48,none,,adaptive_gaussian,docling_rapidocr,qwen,2,0,0,0,2,0.0,0.0,0.0,0,,,,,31.780281101,1
ojo_2023-07-20_20,48,none,,adaptive_mean,docling_easyocr,qwen,2,0,0,0,2,0.0,0.0,0.0,0,,,,,59.330562149,1
ojo_2023-07-20_20,48,none,,adaptive_mean,docling_rapidocr,qwen,2,0,0,0,2,0.0,0.0,0.0,0,,,,,31.706100975,1
ojo_2023-07-20_20,48,none,,basic,docling_easyocr,qwen,2,0,0,0,2,0.0,0.0,0.0,0,,,,,60.724996456,1
ojo_2023-07-20_20,48,none,,basic,docling_rapidocr,qwen,2,0,0,0,2,0.0,0.0,0.0,0,,,,,32.393871912,1
ojo_2023-07-20_20,48,none,,niblack,docling_easyocr,qwen,2,0,0,0,2,0.0,0.0,0.0,0,,,,,61.430606222,1
ojo_2023-07-20_20,48,none,,niblack,docling_rapidocr,qwen,2,0,0,0,2,0.0,0.0,0.0,0,,,,,31.688035107,1
ojo_2023-07-20_20,48,none,,none_color,docling_easyocr,qwen,2,0,0,0,2,0.0,0.0,0.0,0,,,,,60.575892576,1
ojo_2023-07-20_20,48,none,,none_color,docling_rapidocr,qwen,2,0,0,0,2,0.0,0.0,0.0,0,,,,,34.117606291,1
ojo_2023-07-20_20,48,none,,none_grayscale,docling_easyocr,qwen,2,0,0,0,2,0.0,0.0,0.0,0,,,,,60.420571694,1
ojo_2023-07-20_20,48,none,,none_grayscale,docling_rapidocr,qwen,2,0,0,0,2,0.0,0.0,0.0,0,,,,,33.813837656,1
ojo_2023-07-20_20,48,none,,otsu,docling_easyocr,qwen,2,0,0,0,2,0.0,0.0,0.0,0,,,,,62.641341099,1
ojo_2023-07-20_20,48,none,,otsu,docling_rapidocr,qwen,2,0,0,0,2,0.0,0.0,0.0,0,,,,,31.905287394,1
ojo_2023-07-20_20,49,none,,adaptive_gaussian,docling_easyocr,qwen,2,0,0,0,2,0.0,0.0,0.0,0,,,,,58.65404904,1
ojo_2023-07-20_20,49,none,,adaptive_gaussian,docling_rapidocr,qwen,2,0,0,0,2,0.0,0.0,0.0,0,,,,,31.410605551,1
ojo_2023-07-20_20,49,none,,adaptive_mean,docling_easyocr,qwen,2,0,0,0,2,0.0,0.0,0.0,0,,,,,62.900166393,1
ojo_2023-07-20_20,49,none,,adaptive_mean,docling_rapidocr,qwen,2,0,0,0,2,0.0,0.0,0.0,0,,,,,31.863155724,1
ojo_2023-07-20_20,49,none,,basic,docling_easyocr,qwen,2,0,0,0,2,0.0,0.0,0.0,0,,,,,65.29467461,1
ojo_2023-07-20_20,49,none,,basic,docling_rapidocr,qwen,2,0,0,0,2,0.0,0.0,0.0,0,,,,,32.154300188,1
ojo_2023-07-20_20,49,none,,niblack,docling_easyocr,qwen,2,0,0,0,2,0.0,0.0,0.0,0,,,,,60.988086477,1
ojo_2023-07-20_20,49,none,,niblack,docling_rapidocr,qwen,2,0,0,0,2,0.0,0.0,0.0,0,,,,,31.573917881,1
ojo_2023-07-20_20,49,none,,none_color,docling_easyocr,qwen,2,0,0,0,2,0.0,0.0,0.0,0,,,,,62.606604552,1
ojo_2023-07-20_20,49,none,,none_color,docling_rapidocr,qwen,2,0,0,0,2,0.0,0.0,0.0,0,,,,,34.425986981,1
ojo_2023-07-20_20,49,none,,none_grayscale,docling_easyocr,qwen,2,0,0,0,2,0.0,0.0,0.0,0,,,,,62.143539643,1
ojo_2023-07-20_20,49,none,,none_grayscale,docling_rapidocr,qwen,2,0,0,0,2,0.0,0.0,0.0,0,,,,,33.440991854,1
ojo_2023-07-20_20,49,none,,otsu,docling_easyocr,qwen,2,0,0,0,2,0.0,0.0,0.0,0,,,,,58.63462851,1
ojo_2023-07-20_20,49,none,,otsu,docling_rapidocr,qwen,2,0,0,0,2,0.0,0.0,0.0,0,,,,,30.862753605,1
ojo_2023-07-20_20,50,none,,adaptive_gaussian,docling_easyocr,qwen,2,0,0,0,2,0.0,0.0,0.0,0,,,,,62.649417998,1
ojo_2023-07-20_20,50,none,,adaptive_gaussian,docling_rapidocr,qwen,2,0,0,0,2,0.0,0.0,0.0,0,,,,,31.989402891,1
ojo_2023-07-20_20,50,none,,adaptive_mean,docling_easyocr,qwen,2,0,0,0,2,0.0,0.0,0.0,0,,,,,62.317374111,1
ojo_2023-07-20_20,50,none,,adaptive_mean,docling_rapidocr,qwen,2,0,0,0,2,0.0,0.0,0.0,0,,,,,31.648727299,1
ojo_2023-07-20_20,50,none,,basic,docling_easyocr,qwen,2,0,0,0,2,0.0,0.0,0.0,0,,,,,57.575549101,1
ojo_2023-07-20_20,50,none,,basic,docling_rapidocr,qwen,2,0,0,0,2,0.0,0.0,0.0,0,,,,,31.856240725,1
ojo_2023-07-20_20,50,none,,niblack,docling_easyocr,qwen,2,0,0,0,2,0.0,0.0,0.0,0,,,,,61.755993786,1
ojo_2023-07-20_20,50,none,,niblack,docling_rapidocr,qwen,2,0,0,0,2,0.0,0.0,0.0,0,,,,,31.356623593,1
ojo_2023-07-20_20,50,none,,none_color,docling_easyocr,qwen,2,0,0,0,2,0.0,0.0,0.0,0,,,,,62.997914051,1
ojo_2023-07-20_20,50,none,,none_color,docling_rapidocr,qwen,2,0,0,0,2,0.0,0.0,0.0,0,,,,,31.859166359,1
ojo_2023-07-20_20,50,none,,none_grayscale,docling_easyocr,qwen,2,0,0,0,2,0.0,0.0,0.0,0,,,,,57.179534411,1
ojo_2023-07-20_20,50,none,,none_grayscale,docling_rapidocr,qwen,2,0,0,0,2,0.0,0.0,0.0,0,,,,,33.756496166,1
ojo_2023-07-20_20,50,none,,otsu,docling_easyocr,qwen,2,0,0,0,2,0.0,0.0,0.0,0,,,,,56.666340803,1
ojo_2023-07-20_20,50,none,,otsu,docling_rapidocr,qwen,2,0,0,0,2,0.0,0.0,0.0,0,,,,,32.188518023,1
ojo_2023-07-20_20,51,none,,adaptive_gaussian,docling_easyocr,qwen,2,0,0,0,2,0.0,0.0,0.0,0,,,,,40.176233942,1
ojo_2023-07-20_20,51,none,,adaptive_gaussian,docling_rapidocr,qwen,2,0,0,0,2,0.0,0.0,0.0,0,,,,,10.602797205,1
ojo_2023-07-20_20,51,none,,adaptive_mean,docling_easyocr,qwen,2,0,0,0,2,0.0,0.0,0.0,0,,,,,40.157723767,1
ojo_2023-07-20_20,51,none,,adaptive_mean,docling_rapidocr,qwen,2,0,0,0,2,0.0,0.0,0.0,0,,,,,9.694091183,1
ojo_2023-07-20_20,51,none,,basic,docling_easyocr,qwen,2,0,0,0,2,0.0,0.0,0.0,0,,,,,51.490442709,1
ojo_2023-07-20_20,51,none,,basic,docling_rapidocr,qwen,2,0,0,0,2,0.0,0.0,0.0,0,,,,,12.755478577,1
ojo_2023-07-20_20,51,none,,niblack,docling_easyocr,qwen,2,0,0,0,2,0.0,0.0,0.0,0,,,,,39.708109614,1
ojo_2023-07-20_20,51,none,,niblack,docling_rapidocr,qwen,2,0,0,0,2,0.0,0.0,0.0,0,,,,,9.903670784,1
ojo_2023-07-20_20,51,none,,none_color,docling_easyocr,qwen,2,0,0,0,2,0.0,0.0,0.0,0,,,,,46.467315869,1
ojo_2023-07-20_20,51,none,,none_color,docling_rapidocr,qwen,2,0,0,0,2,0.0,0.0,0.0,0,,,,,11.723422245,1
ojo_2023-07-20_20,51,none,,none_grayscale,docling_easyocr,qwen,2,0,0,0,2,0.0,0.0,0.0,0,,,,,45.026422457,1
ojo_2023-07-20_20,51,none,,none_grayscale,docling_rapidocr,qwen,2,0,0,0,2,0.0,0.0,0.0,0,,,,,13.791006045,1
ojo_2023-07-20_20,51,none,,otsu,docling_easyocr,qwen,2,0,0,0,2,0.0,0.0,0.0,0,,,,,50.613545539,1
ojo_2023-07-20_20,51,none,,otsu,docling_rapidocr,qwen,2,0,0,0,2,0.0,0.0,0.0,0,,,,,13.647190931,1
ojo_2023-07-20_20,52,none,,adaptive_gaussian,docling_easyocr,qwen,2,0,0,0,2,0.0,0.0,0.0,0,,,,,40.586947469,1
ojo_2023-07-20_20,52,none,,adaptive_gaussian,docling_rapidocr,qwen,2,0,0,0,2,0.0,0.0,0.0,0,,,,,9.99593213,1
ojo_2023-07-20_20,52,none,,adaptive_mean,docling_easyocr,qwen,2,0,0,0,2,0.0,0.0,0.0,0,,,,,40.526938228,1
ojo_2023-07-20_20,52,none,,adaptive_mean,docling_rapidocr,qwen,2,0,0,0,2,0.0,0.0,0.0,0,,,,,9.842014817,1
ojo_2023-07-20_20,52,none,,basic,docling_easyocr,qwen,2,0,0,0,2,0.0,0.0,0.0,0,,,,,50.441280486,1
ojo_2023-07-20_20,52,none,,basic,docling_rapidocr,qwen,2,0,0,0,2,0.0,0.0,0.0,0,,,,,14.543085935,1
ojo_2023-07-20_20,52,none,,niblack,docling_easyocr,qwen,2,0,0,0,2,0.0,0.0,0.0,0,,,,,39.667573209,1
ojo_2023-07-20_20,52,none,,niblack,docling_rapidocr,qwen,2,0,0,0,2,0.0,0.0,0.0,0,,,,,9.551824804,1
ojo_2023-07-20_20,52,none,,none_color,docling_easyocr,qwen,2,0,0,0,2,0.0,0.0,0.0,0,,,,,50.977442386,1
ojo_2023-07-20_20,52,none,,none_color,docling_rapidocr,qwen,2,0,0,0,2,0.0,0.0,0.0,0,,,,,13.93375838,1
ojo_2023-07-20_20,52,none,,none_grayscale,docling_easyocr,qwen,2,0,0,0,2,0.0,0.0,0.0,0,,,,,47.644964101,1
ojo_2023-07-20_20,52,none,,none_grayscale,docling_rapidocr,qwen,2,0,0,0,2,0.0,0.0,0.0,0,,,,,14.626253726,1
ojo_2023-07-20_20,52,none,,otsu,docling_easyocr,qwen,2,0,0,0,2,0.0,0.0,0.0,0,,,,,49.274526551,1
ojo_2023-07-20_20,52,none,,otsu,docling_rapidocr,qwen,2,0,0,0,2,0.0,0.0,0.0,0,,,,,13.957859948,1
ojo_2023-07-20_20,53,none,,adaptive_gaussian,docling_easyocr,qwen,2,0,0,0,2,0.0,0.0,0.0,0,,,,,40.637848167,1
ojo_2023-07-20_20,53,none,,adaptive_gaussian,docling_rapidocr,qwen,2,0,0,0,2,0.0,0.0,0.0,0,,,,,9.644930629,1
ojo_2023-07-20_20,53,none,,adaptive_mean,docling_easyocr,qwen,2,0,0,0,2,0.0,0.0,0.0,0,,,,,40.07875493,1
ojo_2023-07-20_20,53,none,,adaptive_mean,docling_rapidocr,qwen,2,0,0,0,2,0.0,0.0,0.0,0,,,,,9.70800784,1
ojo_2023-07-20_20,53,none,,basic,docling_easyocr,qwen,2,0,0,0,2,0.0,0.0,0.0,0,,,,,47.256218555,1
ojo_2023-07-20_20,53,none,,basic,docling_rapidocr,qwen,2,0,0,0,2,0.0,0.0,0.0,0,,,,,11.476016643,1
ojo_2023-07-20_20,53,none,,niblack,docling_easyocr,qwen,2,0,0,0,2,0.0,0.0,0.0,0,,,,,34.751777499,1
ojo_2023-07-20_20,53,none,,niblack,docling_rapidocr,qwen,2,0,0,0,2,0.0,0.0,0.0,0,,,,,8.772913545,1
ojo_2023-07-20_20,53,none,,none_color,docling_easyocr,qwen,2,0,0,0,2,0.0,0.0,0.0,0,,,,,51.186706664,1
ojo_2023-07-20_20,53,none,,none_color,docling_rapidocr,qwen,2,0,0,0,2,0.0,0.0,0.0,0,,,,,13.12116492,1
ojo_2023-07-20_20,53,none,,none_grayscale,docling_easyocr,qwen,2,0,0,0,2,0.0,0.0,0.0,0,,,,,51.530420663,1
ojo_2023-07-20_20,53,none,,none_grayscale,docling_rapidocr,qwen,2,0,0,0,2,0.0,0.0,0.0,0,,,,,13.969304683,1
ojo_2023-07-20_20,53,none,,otsu,docling_easyocr,qwen,2,0,0,0,2,0.0,0.0,0.0,0,,,,,47.481635692,1
ojo_2023-07-20_20,53,none,,otsu,docling_rapidocr,qwen,2,0,0,0,2,0.0,0.0,0.0,0,,,,,13.0489136,1
ojo_2024-05-25_4,0,none,,adaptive_gaussian,docling_easyocr,qwen,8,0,0,0,8,0.0,0.0,0.0,0,,,,,41.892351159,1
ojo_2024-05-25_4,0,none,,adaptive_gaussian,docling_rapidocr,qwen,8,0,0,0,8,0.0,0.0,0.0,0,,,,,9.886893996,1
ojo_2024-05-25_4,0,none,,adaptive_mean,docling_easyocr,qwen,8,0,0,0,8,0.0,0.0,0.0,0,,,,,35.088990697,1
ojo_2024-05-25_4,0,none,,adaptive_mean,docling_rapidocr,qwen,8,1,1,0,7,1.0,0.125,0.222222,1,2.727272727272727,2.0,0.0,0.0,8.567572841,0
ojo_2024-05-25_4,0,none,,basic,docling_easyocr,qwen,8,0,0,0,8,0.0,0.0,0.0,0,,,,,46.544625861,1
ojo_2024-05-25_4,0,none,,basic,docling_rapidocr,qwen,8,6,2,4,6,0.333333,0.25,0.285714,6,1.0223577235772356,0.9206349206349206,0.6666666666666666,0.6666666666666666,13.965283973,0
ojo_2024-05-25_4,0,none,,niblack,docling_easyocr,qwen,8,0,0,0,8,0.0,0.0,0.0,0,,,,,39.271472835,1
ojo_2024-05-25_4,0,none,,niblack,docling_rapidocr,qwen,8,0,0,0,8,0.0,0.0,0.0,0,,,,,8.342479848,1
ojo_2024-05-25_4,0,none,,none_color,docling_easyocr,qwen,8,5,2,3,6,0.4,0.25,0.307692,5,1.253939393939394,1.0666666666666669,0.587012987012987,0.5913043478260869,77.918740375,0
ojo_2024-05-25_4,0,none,,none_color,docling_rapidocr,qwen,8,0,0,0,8,0.0,0.0,0.0,0,,,,,22.666713102,8
ojo_2024-05-25_4,0,none,,none_grayscale,docling_easyocr,qwen,8,0,0,0,8,0.0,0.0,0.0,0,,,,,77.295950515,1
ojo_2024-05-25_4,0,none,,none_grayscale,docling_rapidocr,qwen,8,0,0,0,8,0.0,0.0,0.0,0,,,,,21.017177684,9
ojo_2024-05-25_4,0,none,,otsu,docling_easyocr,qwen,8,0,0,0,8,0.0,0.0,0.0,0,,,,,64.360125478,1
ojo_2024-05-25_4,0,none,,otsu,docling_rapidocr,qwen,8,1,1,0,7,1.0,0.125,0.222222,1,0.07317073170731707,0.125,0.487012987012987,0.6260869565217392,22.35026234,0
ojo_2024-05-25_4,1,none,,adaptive_gaussian,docling_easyocr,qwen,8,0,0,0,8,0.0,0.0,0.0,0,,,,,41.883836112,1
ojo_2024-05-25_4,1,none,,adaptive_gaussian,docling_rapidocr,qwen,8,0,0,0,8,0.0,0.0,0.0,0,,,,,10.225814662,1
ojo_2024-05-25_4,1,none,,adaptive_mean,docling_easyocr,qwen,8,0,0,0,8,0.0,0.0,0.0,0,,,,,39.828288875,1
ojo_2024-05-25_4,1,none,,adaptive_mean,docling_rapidocr,qwen,8,1,1,0,7,1.0,0.125,0.222222,1,2.727272727272727,2.0,0.0,0.0,9.695157371,0
ojo_2024-05-25_4,1,none,,basic,docling_easyocr,qwen,8,2,1,1,7,0.5,0.125,0.2,2,0.8821138211382115,0.8958333333333334,0.461038961038961,0.4956521739130435,66.24500459,0
ojo_2024-05-25_4,1,none,,basic,docling_rapidocr,qwen,8,0,0,0,8,0.0,0.0,0.0,0,,,,,23.102023061,6
ojo_2024-05-25_4,1,none,,niblack,docling_easyocr,qwen,8,0,0,0,8,0.0,0.0,0.0,0,,,,,39.935218311,1
ojo_2024-05-25_4,1,none,,niblack,docling_rapidocr,qwen,8,0,0,0,8,0.0,0.0,0.0,0,,,,,9.503221965,1
ojo_2024-05-25_4,1,none,,none_color,docling_easyocr,qwen,8,5,2,3,6,0.4,0.25,0.307692,5,1.3189335867384648,1.0916666666666668,0.6,0.6,78.88525575,0
ojo_2024-05-25_4,1,none,,none_color,docling_rapidocr,qwen,8,1,0,1,8,0.0,0.0,0.0,1,1.0,1.6,0.8274111675126904,0.972972972972973,21.04711717,0
ojo_2024-05-25_4,1,none,,none_grayscale,docling_easyocr,qwen,8,1,0,1,8,0.0,0.0,0.0,1,0.04878048780487805,0.125,0.9188311688311688,1.0,80.697295841,0
ojo_2024-05-25_4,1,none,,none_grayscale,docling_rapidocr,qwen,8,8,6,2,2,0.75,0.75,0.75,7,0.41678258646899763,0.4782312925170068,0.3119957628838614,0.36703278256073296,22.274378474,0
ojo_2024-05-25_4,1,none,,otsu,docling_easyocr,qwen,8,3,1,2,7,0.333333,0.125,0.181818,2,1.4767184035476717,1.3125,0.4967532467532468,0.5,67.375089837,0
ojo_2024-05-25_4,1,none,,otsu,docling_rapidocr,qwen,8,0,0,0,8,0.0,0.0,0.0,0,,,,,21.520429088,5
ojo_2024-05-25_4,2,none,,adaptive_gaussian,docling_easyocr,qwen,8,0,0,0,8,0.0,0.0,0.0,0,,,,,40.159969833,1
ojo_2024-05-25_4,2,none,,adaptive_gaussian,docling_rapidocr,qwen,8,0,0,0,8,0.0,0.0,0.0,0,,,,,9.867270257,1
ojo_2024-05-25_4,2,none,,adaptive_mean,docling_easyocr,qwen,8,0,0,0,8,0.0,0.0,0.0,0,,,,,34.357963754,1
ojo_2024-05-25_4,2,none,,adaptive_mean,docling_rapidocr,qwen,8,1,1,0,7,1.0,0.125,0.222222,1,2.727272727272727,2.0,0.0,0.0,9.15477152,0
ojo_2024-05-25_4,2,none,,basic,docling_easyocr,qwen,8,0,0,0,8,0.0,0.0,0.0,0,,,,,42.655617357,1
ojo_2024-05-25_4,2,none,,basic,docling_rapidocr,qwen,8,2,2,0,6,1.0,0.25,0.4,2,2.496969696969697,2.333333333333333,0.0,0.0,11.071548581,0
ojo_2024-05-25_4,2,none,,niblack,docling_easyocr,qwen,8,0,0,0,8,0.0,0.0,0.0,0,,,,,39.830232707,1
ojo_2024-05-25_4,2,none,,niblack,docling_rapidocr,qwen,8,0,0,0,8,0.0,0.0,0.0,0,,,,,9.782771436,1
ojo_2024-05-25_4,2,none,,none_color,docling_easyocr,qwen,8,0,0,0,8,0.0,0.0,0.0,0,,,,,77.639592767,1
ojo_2024-05-25_4,2,none,,none_color,docling_rapidocr,qwen,8,0,0,0,8,0.0,0.0,0.0,0,,,,,23.010556817,7
ojo_2024-05-25_4,2,none,,none_grayscale,docling_easyocr,qwen,8,0,0,0,8,0.0,0.0,0.0,0,,,,,65.990427137,1
ojo_2024-05-25_4,2,none,,none_grayscale,docling_rapidocr,qwen,8,0,0,0,8,0.0,0.0,0.0,0,,,,,21.027658105,7
ojo_2024-05-25_4,2,none,,otsu,docling_easyocr,qwen,8,0,0,0,8,0.0,0.0,0.0,0,,,,,75.065887571,1
ojo_2024-05-25_4,2,none,,otsu,docling_rapidocr,qwen,8,0,0,0,8,0.0,0.0,0.0,0,,,,,22.522948623,6
ojo_2024-05-25_4,3,none,,adaptive_gaussian,docling_easyocr,qwen,8,0,0,0,8,0.0,0.0,0.0,0,,,,,35.969494296,1
ojo_2024-05-25_4,3,none,,adaptive_gaussian,docling_rapidocr,qwen,8,1,1,0,7,1.0,0.125,0.222222,1,2.727272727272727,2.0,0.0,0.0,9.945184184,0
ojo_2024-05-25_4,3,none,,adaptive_mean,docling_easyocr,qwen,8,0,0,0,8,0.0,0.0,0.0,0,,,,,40.01185937,1
ojo_2024-05-25_4,3,none,,adaptive_mean,docling_rapidocr,qwen,8,1,1,0,7,1.0,0.125,0.222222,1,2.727272727272727,2.0,0.0,0.0,9.599095298,0
ojo_2024-05-25_4,3,none,,basic,docling_easyocr,qwen,8,0,0,0,8,0.0,0.0,0.0,0,,,,,41.087973165,1
ojo_2024-05-25_4,3,none,,basic,docling_rapidocr,qwen,8,0,0,0,8,0.0,0.0,0.0,0,,,,,9.955547141,1
ojo_2024-05-25_4,3,none,,niblack,docling_easyocr,qwen,8,0,0,0,8,0.0,0.0,0.0,0,,,,,41.738553683,1
ojo_2024-05-25_4,3,none,,niblack,docling_rapidocr,qwen,8,0,0,0,8,0.0,0.0,0.0,0,,,,,9.550283353,1
ojo_2024-05-25_4,3,none,,none_color,docling_easyocr,qwen,8,0,0,0,8,0.0,0.0,0.0,0,,,,,39.451951312,1
ojo_2024-05-25_4,3,none,,none_color,docling_rapidocr,qwen,8,0,0,0,8,0.0,0.0,0.0,0,,,,,19.86131935,4
ojo_2024-05-25_4,3,none,,none_grayscale,docling_easyocr,qwen,8,0,0,0,8,0.0,0.0,0.0,0,,,,,41.746940421,1
ojo_2024-05-25_4,3,none,,none_grayscale,docling_rapidocr,qwen,8,0,0,0,8,0.0,0.0,0.0,0,,,,,16.721381711,6
ojo_2024-05-25_4,3,none,,otsu,docling_easyocr,qwen,8,0,0,0,8,0.0,0.0,0.0,0,,,,,48.361961484,1
ojo_2024-05-25_4,3,none,,otsu,docling_rapidocr,qwen,8,0,0,0,8,0.0,0.0,0.0,0,,,,,17.885540605,1
ojo_2024-05-25_4,4,none,,adaptive_gaussian,docling_easyocr,qwen,8,0,0,0,8,0.0,0.0,0.0,0,,,,,40.869974639,1
ojo_2024-05-25_4,4,none,,adaptive_gaussian,docling_rapidocr,qwen,8,1,1,0,7,1.0,0.125,0.222222,1,2.727272727272727,2.0,0.0,0.0,9.738143232,0
ojo_2024-05-25_4,4,none,,adaptive_mean,docling_easyocr,qwen,8,0,0,0,8,0.0,0.0,0.0,0,,,,,41.067180898,1
ojo_2024-05-25_4,4,none,,adaptive_mean,docling_rapidocr,qwen,8,1,1,0,7,1.0,0.125,0.222222,1,2.727272727272727,2.0,0.0,0.0,8.857470062,0
ojo_2024-05-25_4,4,none,,basic,docling_easyocr,qwen,8,0,0,0,8,0.0,0.0,0.0,0,,,,,48.721809268,1
ojo_2024-05-25_4,4,none,,basic,docling_rapidocr,qwen,8,2,2,0,6,1.0,0.25,0.4,2,2.5303030303030303,2.333333333333333,0.0,0.0,16.919785142,0
ojo_2024-05-25_4,4,none,,niblack,docling_easyocr,qwen,8,0,0,0,8,0.0,0.0,0.0,0,,,,,40.170050304,1
ojo_2024-05-25_4,4,none,,niblack,docling_rapidocr,qwen,8,0,0,0,8,0.0,0.0,0.0,0,,,,,9.508736055,1
ojo_2024-05-25_4,4,none,,none_color,docling_easyocr,qwen,8,0,0,0,8,0.0,0.0,0.0,0,,,,,38.36289084,1
ojo_2024-05-25_4,4,none,,none_color,docling_rapidocr,qwen,8,5,0,5,8,0.0,0.0,0.0,5,0.5444787644787645,0.6,0.8225942106842006,1.0581082607169563,20.798259378,0
ojo_2024-05-25_4,4,none,,none_grayscale,docling_easyocr,qwen,8,0,0,0,8,0.0,0.0,0.0,0,,,,,42.758653999,1
ojo_2024-05-25_4,4,none,,none_grayscale,docling_rapidocr,qwen,8,0,0,0,8,0.0,0.0,0.0,0,,,,,21.034556985,6
ojo_2024-05-25_4,4,none,,otsu,docling_easyocr,qwen,8,0,0,0,8,0.0,0.0,0.0,0,,,,,61.988887979,1
ojo_2024-05-25_4,4,none,,otsu,docling_rapidocr,qwen,8,0,0,0,8,0.0,0.0,0.0,0,,,,,18.819504691,1
ojo_2024-05-25_4,5,none,,adaptive_gaussian,docling_easyocr,qwen,8,0,0,0,8,0.0,0.0,0.0,0,,,,,39.93248203,1
ojo_2024-05-25_4,5,none,,adaptive_gaussian,docling_rapidocr,qwen,8,1,1,0,7,1.0,0.125,0.222222,1,2.727272727272727,2.0,0.0,0.0,9.568321492,0
ojo_2024-05-25_4,5,none,,adaptive_mean,docling_easyocr,qwen,8,0,0,0,8,0.0,0.0,0.0,0,,,,,35.981087234,1
ojo_2024-05-25_4,5,none,,adaptive_mean,docling_rapidocr,qwen,8,0,0,0,8,0.0,0.0,0.0,0,,,,,9.827061679,1
ojo_2024-05-25_4,5,none,,basic,docling_easyocr,qwen,8,0,0,0,8,0.0,0.0,0.0,0,,,,,41.952917934,1
ojo_2024-05-25_4,5,none,,basic,docling_rapidocr,qwen,8,1,1,0,7,1.0,0.125,0.222222,1,2.727272727272727,2.0,0.0,0.0,10.179038406,0
ojo_2024-05-25_4,5,none,,niblack,docling_easyocr,qwen,8,0,0,0,8,0.0,0.0,0.0,0,,,,,40.009388368,1
ojo_2024-05-25_4,5,none,,niblack,docling_rapidocr,qwen,8,0,0,0,8,0.0,0.0,0.0,0,,,,,10.368456762,1
ojo_2024-05-25_4,5,none,,none_color,docling_easyocr,qwen,8,0,0,0,8,0.0,0.0,0.0,0,,,,,41.016636491,1
ojo_2024-05-25_4,5,none,,none_color,docling_rapidocr,qwen,8,0,0,0,8,0.0,0.0,0.0,0,,,,,20.392235875,5
ojo_2024-05-25_4,5,none,,none_grayscale,docling_easyocr,qwen,8,0,0,0,8,0.0,0.0,0.0,0,,,,,40.960077644,1
ojo_2024-05-25_4,5,none,,none_grayscale,docling_rapidocr,qwen,8,0,0,0,8,0.0,0.0,0.0,0,,,,,20.21678412,5
ojo_2024-05-25_4,5,none,,otsu,docling_easyocr,qwen,8,0,0,0,8,0.0,0.0,0.0,0,,,,,43.572391306,1
ojo_2024-05-25_4,5,none,,otsu,docling_rapidocr,qwen,8,0,0,0,8,0.0,0.0,0.0,0,,,,,13.662305628,1
ojo_2024-05-25_4,6,none,,adaptive_gaussian,docling_easyocr,qwen,8,0,0,0,8,0.0,0.0,0.0,0,,,,,39.853123295,1
ojo_2024-05-25_4,6,none,,adaptive_gaussian,docling_rapidocr,qwen,8,1,1,0,7,1.0,0.125,0.222222,1,2.727272727272727,2.0,0.0,0.0,10.85398041,0
ojo_2024-05-25_4,6,none,,adaptive_mean,docling_easyocr,qwen,8,0,0,0,8,0.0,0.0,0.0,0,,,,,39.706689465,1
ojo_2024-05-25_4,6,none,,adaptive_mean,docling_rapidocr,qwen,8,1,1,0,7,1.0,0.125,0.222222,1,2.727272727272727,2.0,0.0,0.0,9.419617044,0
ojo_2024-05-25_4,6,none,,basic,docling_easyocr,qwen,8,0,0,0,8,0.0,0.0,0.0,0,,,,,41.387351475,1
ojo_2024-05-25_4,6,none,,basic,docling_rapidocr,qwen,8,1,0,1,8,0.0,0.0,0.0,1,0.0,0.0,0.9801242236024845,1.0,10.590205393,0
ojo_2024-05-25_4,6,none,,niblack,docling_easyocr,qwen,8,0,0,0,8,0.0,0.0,0.0,0,,,,,40.333340408,1
ojo_2024-05-25_4,6,none,,niblack,docling_rapidocr,qwen,8,0,0,0,8,0.0,0.0,0.0,0,,,,,9.624633791,1
ojo_2024-05-25_4,6,none,,none_color,docling_easyocr,qwen,8,0,0,0,8,0.0,0.0,0.0,0,,,,,44.639191351,1
ojo_2024-05-25_4,6,none,,none_color,docling_rapidocr,qwen,8,0,0,0,8,0.0,0.0,0.0,0,,,,,20.628219328,7
ojo_2024-05-25_4,6,none,,none_grayscale,docling_easyocr,qwen,8,0,0,0,8,0.0,0.0,0.0,0,,,,,39.303370438,1
ojo_2024-05-25_4,6,none,,none_grayscale,docling_rapidocr,qwen,8,0,0,0,8,0.0,0.0,0.0,0,,,,,20.00274869,8
ojo_2024-05-25_4,6,none,,otsu,docling_easyocr,qwen,8,0,0,0,8,0.0,0.0,0.0,0,,,,,38.278188024,1
ojo_2024-05-25_4,6,none,,otsu,docling_rapidocr,qwen,8,0,0,0,8,0.0,0.0,0.0,0,,,,,11.012400423,1
ojo_2024-05-25_4,7,none,,adaptive_gaussian,docling_easyocr,qwen,8,0,0,0,8,0.0,0.0,0.0,0,,,,,40.280732096,1
ojo_2024-05-25_4,7,none,,adaptive_gaussian,docling_rapidocr,qwen,8,1,1,0,7,1.0,0.125,0.222222,1,2.727272727272727,2.0,0.0,0.0,9.559888542,0
ojo_2024-05-25_4,7,none,,adaptive_mean,docling_easyocr,qwen,8,0,0,0,8,0.0,0.0,0.0,0,,,,,34.902410686,1
ojo_2024-05-25_4,7,none,,adaptive_mean,docling_rapidocr,qwen,8,1,1,0,7,1.0,0.125,0.222222,1,2.727272727272727,2.0,0.0,0.0,9.816763819,0
ojo_2024-05-25_4,7,none,,basic,docling_easyocr,qwen,8,0,0,0,8,0.0,0.0,0.0,0,,,,,41.723179136,1
ojo_2024-05-25_4,7,none,,basic,docling_rapidocr,qwen,8,2,0,2,8,0.0,0.0,0.0,2,0.024390243902439025,0.125,0.9585968379446641,0.9826086956521739,9.967664038,0
ojo_2024-05-25_4,7,none,,niblack,docling_easyocr,qwen,8,0,0,0,8,0.0,0.0,0.0,0,,,,,40.002970293,1
ojo_2024-05-25_4,7,none,,niblack,docling_rapidocr,qwen,8,0,0,0,8,0.0,0.0,0.0,0,,,,,9.368510082,1
ojo_2024-05-25_4,7,none,,none_color,docling_easyocr,qwen,8,0,0,0,8,0.0,0.0,0.0,0,,,,,55.391900335,1
ojo_2024-05-25_4,7,none,,none_color,docling_rapidocr,qwen,8,0,0,0,8,0.0,0.0,0.0,0,,,,,20.572555338,3
ojo_2024-05-25_4,7,none,,none_grayscale,docling_easyocr,qwen,8,0,0,0,8,0.0,0.0,0.0,0,,,,,54.605314766,1
ojo_2024-05-25_4,7,none,,none_grayscale,docling_rapidocr,qwen,8,0,0,0,8,0.0,0.0,0.0,0,,,,,21.722489868,8
ojo_2024-05-25_4,7,none,,otsu,docling_easyocr,qwen,8,0,0,0,8,0.0,0.0,0.0,0,,,,,55.201658594,1
ojo_2024-05-25_4,7,none,,otsu,docling_rapidocr,qwen,8,0,0,0,8,0.0,0.0,0.0,0,,,,,13.522235977,1
ojo_2024-05-25_4,8,none,,adaptive_gaussian,docling_easyocr,qwen,8,0,0,0,8,0.0,0.0,0.0,0,,,,,34.962318123,1
ojo_2024-05-25_4,8,none,,adaptive_gaussian,docling_rapidocr,qwen,8,1,1,0,7,1.0,0.125,0.222222,1,2.727272727272727,2.0,0.0,0.0,10.746885717,0
ojo_2024-05-25_4,8,none,,adaptive_mean,docling_easyocr,qwen,8,0,0,0,8,0.0,0.0,0.0,0,,,,,39.844990671,1
ojo_2024-05-25_4,8,none,,adaptive_mean,docling_rapidocr,qwen,8,1,1,0,7,1.0,0.125,0.222222,1,2.727272727272727,2.0,0.0,0.0,9.455026806,0
ojo_2024-05-25_4,8,none,,basic,docling_easyocr,qwen,8,0,0,0,8,0.0,0.0,0.0,0,,,,,41.78298596,1
ojo_2024-05-25_4,8,none,,basic,docling_rapidocr,qwen,8,0,0,0,8,0.0,0.0,0.0,0,,,,,11.100311075,1
ojo_2024-05-25_4,8,none,,niblack,docling_easyocr,qwen,8,0,0,0,8,0.0,0.0,0.0,0,,,,,33.845264748,1
ojo_2024-05-25_4,8,none,,niblack,docling_rapidocr,qwen,8,0,0,0,8,0.0,0.0,0.0,0,,,,,9.987617567,1
ojo_2024-05-25_4,8,none,,none_color,docling_easyocr,qwen,8,0,0,0,8,0.0,0.0,0.0,0,,,,,43.946961437,1
ojo_2024-05-25_4,8,none,,none_color,docling_rapidocr,qwen,8,0,0,0,8,0.0,0.0,0.0,0,,,,,11.454411779,6
ojo_2024-05-25_4,8,none,,none_grayscale,docling_easyocr,qwen,8,0,0,0,8,0.0,0.0,0.0,0,,,,,43.198249851,1
ojo_2024-05-25_4,8,none,,none_grayscale,docling_rapidocr,qwen,8,0,0,0,8,0.0,0.0,0.0,0,,,,,12.948820625,6
ojo_2024-05-25_4,8,none,,otsu,docling_easyocr,qwen,8,0,0,0,8,0.0,0.0,0.0,0,,,,,42.140568052,1
ojo_2024-05-25_4,8,none,,otsu,docling_rapidocr,qwen,8,2,0,2,8,0.0,0.0,0.0,2,0.1951219512195122,0.1875,0.9667843026538678,0.9850260198086285,10.293164049,0
ojo_2024-05-25_4,9,none,,adaptive_gaussian,docling_easyocr,qwen,8,0,0,0,8,0.0,0.0,0.0,0,,,,,40.113963711,1
ojo_2024-05-25_4,9,none,,adaptive_gaussian,docling_rapidocr,qwen,8,1,1,0,7,1.0,0.125,0.222222,1,2.727272727272727,2.0,0.0,0.0,10.474594938,0
ojo_2024-05-25_4,9,none,,adaptive_mean,docling_easyocr,qwen,8,0,0,0,8,0.0,0.0,0.0,0,,,,,33.959179747,1
ojo_2024-05-25_4,9,none,,adaptive_mean,docling_rapidocr,qwen,8,1,1,0,7,1.0,0.125,0.222222,1,2.727272727272727,2.0,0.0,0.0,9.845209944,0
ojo_2024-05-25_4,9,none,,basic,docling_easyocr,qwen,8,0,0,0,8,0.0,0.0,0.0,0,,,,,35.987951717,1
ojo_2024-05-25_4,9,none,,basic,docling_rapidocr,qwen,8,0,0,0,8,0.0,0.0,0.0,0,,,,,10.200381479,1
ojo_2024-05-25_4,9,none,,niblack,docling_easyocr,qwen,8,0,0,0,8,0.0,0.0,0.0,0,,,,,39.046506168,1
ojo_2024-05-25_4,9,none,,niblack,docling_rapidocr,qwen,8,0,0,0,8,0.0,0.0,0.0,0,,,,,9.690557005,1
ojo_2024-05-25_4,9,none,,none_color,docling_easyocr,qwen,8,0,0,0,8,0.0,0.0,0.0,0,,,,,37.561669073,1
ojo_2024-05-25_4,9,none,,none_color,docling_rapidocr,qwen,8,2,0,2,8,0.0,0.0,0.0,2,0.0,0.0,0.9593873517786561,0.9917911700520397,20.248654327,0
ojo_2024-05-25_4,9,none,,none_grayscale,docling_easyocr,qwen,8,0,0,0,8,0.0,0.0,0.0,0,,,,,43.419077358,1
ojo_2024-05-25_4,9,none,,none_grayscale,docling_rapidocr,qwen,8,0,0,0,8,0.0,0.0,0.0,0,,,,,21.38888093,1
ojo_2024-05-25_4,9,none,,otsu,docling_easyocr,qwen,8,0,0,0,8,0.0,0.0,0.0,0,,,,,42.227412846,1
ojo_2024-05-25_4,9,none,,otsu,docling_rapidocr,qwen,8,2,0,2,8,0.0,0.0,0.0,2,0.04878048780487805,0.125,0.9568534726143422,0.9811650159476246,17.483243849,0
ojo_2024-05-25_4,10,none,,adaptive_gaussian,docling_easyocr,qwen,8,0,0,0,8,0.0,0.0,0.0,0,,,,,35.778305582,1
ojo_2024-05-25_4,10,none,,adaptive_gaussian,docling_rapidocr,qwen,8,1,1,0,7,1.0,0.125,0.222222,1,2.727272727272727,2.0,0.0,0.0,10.134141973,0
ojo_2024-05-25_4,10,none,,adaptive_mean,docling_easyocr,qwen,8,0,0,0,8,0.0,0.0,0.0,0,,,,,40.012717299,1
ojo_2024-05-25_4,10,none,,adaptive_mean,docling_rapidocr,qwen,8,1,1,0,7,1.0,0.125,0.222222,1,2.727272727272727,2.0,0.0,0.0,9.837611727,0
ojo_2024-05-25_4,10,none,,basic,docling_easyocr,qwen,8,0,0,0,8,0.0,0.0,0.0,0,,,,,43.422235634,1
ojo_2024-05-25_4,10,none,,basic,docling_rapidocr,qwen,8,2,1,1,7,0.5,0.125,0.2,2,1.4368070953436807,1.125,0.49188311688311687,0.5,13.564687159,0
ojo_2024-05-25_4,10,none,,niblack,docling_easyocr,qwen,8,0,0,0,8,0.0,0.0,0.0,0,,,,,39.410153646,1
ojo_2024-05-25_4,10,none,,niblack,docling_rapidocr,qwen,8,0,0,0,8,0.0,0.0,0.0,0,,,,,9.62683012,1
ojo_2024-05-25_4,10,none,,none_color,docling_easyocr,qwen,8,0,0,0,8,0.0,0.0,0.0,0,,,,,45.25480714,1
ojo_2024-05-25_4,10,none,,none_color,docling_rapidocr,qwen,8,0,0,0,8,0.0,0.0,0.0,0,,,,,21.060641434,1
ojo_2024-05-25_4,10,none,,none_grayscale,docling_easyocr,qwen,8,0,0,0,8,0.0,0.0,0.0,0,,,,,40.358187105,1
ojo_2024-05-25_4,10,none,,none_grayscale,docling_rapidocr,qwen,8,3,2,1,6,0.666667,0.25,0.363636,3,1.2424242424242424,1.0,0.3333333333333333,0.3333333333333333,18.34236088,0
ojo_2024-05-25_4,10,none,,otsu,docling_easyocr,qwen,8,1,0,1,8,0.0,0.0,0.0,1,0.08108108108108109,0.16666666666666666,0.9987577639751553,1.0,61.9373431,0
ojo_2024-05-25_4,10,none,,otsu,docling_rapidocr,qwen,8,2,2,0,6,1.0,0.25,0.4,2,2.496969696969697,2.333333333333333,0.5,0.5,20.064337471,0
ojo_2024-05-25_4,11,none,,adaptive_gaussian,docling_easyocr,qwen,8,0,0,0,8,0.0,0.0,0.0,0,,,,,39.665228895,1
ojo_2024-05-25_4,11,none,,adaptive_gaussian,docling_rapidocr,qwen,8,1,1,0,7,1.0,0.125,0.222222,1,2.727272727272727,2.0,0.0,0.0,9.647998146,0
ojo_2024-05-25_4,11,none,,adaptive_mean,docling_easyocr,qwen,8,0,0,0,8,0.0,0.0,0.0,0,,,,,40.201536707,1
ojo_2024-05-25_4,11,none,,adaptive_mean,docling_rapidocr,qwen,8,1,1,0,7,1.0,0.125,0.222222,1,2.727272727272727,2.0,0.0,0.0,9.895437531,0
ojo_2024-05-25_4,11,none,,basic,docling_easyocr,qwen,8,0,0,0,8,0.0,0.0,0.0,0,,,,,36.89306679,1
ojo_2024-05-25_4,11,none,,basic,docling_rapidocr,qwen,8,0,0,0,8,0.0,0.0,0.0,0,,,,,10.465514328,1
ojo_2024-05-25_4,11,none,,niblack,docling_easyocr,qwen,8,0,0,0,8,0.0,0.0,0.0,0,,,,,40.044784658,1
ojo_2024-05-25_4,11,none,,niblack,docling_rapidocr,qwen,8,0,0,0,8,0.0,0.0,0.0,0,,,,,10.200015419,1
ojo_2024-05-25_4,11,none,,none_color,docling_easyocr,qwen,8,0,0,0,8,0.0,0.0,0.0,0,,,,,36.148281481,1
ojo_2024-05-25_4,11,none,,none_color,docling_rapidocr,qwen,8,2,2,0,6,1.0,0.25,0.4,2,2.496969696969697,2.333333333333333,0.0,0.0,17.84742799,0
ojo_2024-05-25_4,11,none,,none_grayscale,docling_easyocr,qwen,8,0,0,0,8,0.0,0.0,0.0,0,,,,,41.017104771,1
ojo_2024-05-25_4,11,none,,none_grayscale,docling_rapidocr,qwen,8,2,2,0,6,1.0,0.25,0.4,2,2.496969696969697,2.333333333333333,0.0,0.0,21.268891479,0
ojo_2024-05-25_4,11,none,,otsu,docling_easyocr,qwen,8,0,0,0,8,0.0,0.0,0.0,0,,,,,42.882113363,1
ojo_2024-05-25_4,11,none,,otsu,docling_rapidocr,qwen,8,1,0,1,8,0.0,0.0,0.0,1,0.0975609756097561,0.125,0.9464285714285714,0.991304347826087,19.77989712,0
ojo_2024-05-25_4,12,none,,adaptive_gaussian,docling_easyocr,qwen,8,0,0,0,8,0.0,0.0,0.0,0,,,,,43.120021584,1
ojo_2024-05-25_4,12,none,,adaptive_gaussian,docling_rapidocr,qwen,8,0,0,0,8,0.0,0.0,0.0,0,,,,,17.645947935,1
ojo_2024-05-25_4,12,none,,adaptive_mean,docling_easyocr,qwen,8,0,0,0,8,0.0,0.0,0.0,0,,,,,47.413660528,1
ojo_2024-05-25_4,12,none,,adaptive_mean,docling_rapidocr,qwen,8,1,1,0,7,1.0,0.125,0.222222,1,2.727272727272727,2.0,0.0,0.0,17.810533525,0
ojo_2024-05-25_4,12,none,,basic,docling_easyocr,qwen,8,0,0,0,8,0.0,0.0,0.0,0,,,,,51.707642412,1
ojo_2024-05-25_4,12,none,,basic,docling_rapidocr,qwen,8,7,2,5,6,0.285714,0.25,0.266667,7,1.114670347074528,0.8333333333333333,0.7142857142857143,0.7142857142857143,20.706104136,0
ojo_2024-05-25_4,12,none,,niblack,docling_easyocr,qwen,8,0,0,0,8,0.0,0.0,0.0,0,,,,,46.193770306,1
ojo_2024-05-25_4,12,none,,niblack,docling_rapidocr,qwen,8,0,0,0,8,0.0,0.0,0.0,0,,,,,16.723796741,1
ojo_2024-05-25_4,12,none,,none_color,docling_easyocr,qwen,8,4,2,2,6,0.5,0.25,0.333333,4,1.634090909090909,1.3333333333333335,0.5,0.5,75.132185316,0
ojo_2024-05-25_4,12,none,,none_color,docling_rapidocr,qwen,8,0,0,0,8,0.0,0.0,0.0,0,,,,,31.875906801,9
ojo_2024-05-25_4,12,none,,none_grayscale,docling_easyocr,qwen,8,0,0,0,8,0.0,0.0,0.0,0,,,,,82.376168585,1
ojo_2024-05-25_4,12,none,,none_grayscale,docling_rapidocr,qwen,8,3,3,0,5,1.0,0.375,0.545455,3,0.2882882882882883,0.3333333333333333,0.3011996004436967,0.3936657154048459,30.410663939,0
ojo_2024-05-25_4,12,none,,otsu,docling_easyocr,qwen,8,0,0,0,8,0.0,0.0,0.0,0,,,,,79.514782597,1
ojo_2024-05-25_4,12,none,,otsu,docling_rapidocr,qwen,8,0,0,0,8,0.0,0.0,0.0,0,,,,,29.638622213,5
ojo_2024-05-25_4,13,none,,adaptive_gaussian,docling_easyocr,qwen,8,0,0,0,8,0.0,0.0,0.0,0,,,,,48.964899405,1
ojo_2024-05-25_4,13,none,,adaptive_gaussian,docling_rapidocr,qwen,8,1,1,0,7,1.0,0.125,0.222222,1,2.727272727272727,2.0,0.0,0.0,16.983802898,0
ojo_2024-05-25_4,13,none,,adaptive_mean,docling_easyocr,qwen,8,0,0,0,8,0.0,0.0,0.0,0,,,,,48.3360406,1
ojo_2024-05-25_4,13,none,,adaptive_mean,docling_rapidocr,qwen,8,1,1,0,7,1.0,0.125,0.222222,1,2.727272727272727,2.0,0.0,0.0,16.085438593,0
ojo_2024-05-25_4,13,none,,basic,docling_easyocr,qwen,8,2,0,2,8,0.0,0.0,0.0,2,0.012195121951219513,0.0625,0.9559217955957087,0.9768171898606681,80.585693317,0
ojo_2024-05-25_4,13,none,,basic,docling_rapidocr,qwen,8,0,0,0,8,0.0,0.0,0.0,0,,,,,29.670371729,6
ojo_2024-05-25_4,13,none,,niblack,docling_easyocr,qwen,8,0,0,0,8,0.0,0.0,0.0,0,,,,,47.765867708,1
ojo_2024-05-25_4,13,none,,niblack,docling_rapidocr,qwen,8,0,0,0,8,0.0,0.0,0.0,0,,,,,17.529448746,1
ojo_2024-05-25_4,13,none,,none_color,docling_easyocr,qwen,8,5,2,3,6,0.4,0.25,0.307692,5,1.3303621581670362,1.0916666666666668,0.6,0.6,85.165254074,0
ojo_2024-05-25_4,13,none,,none_color,docling_rapidocr,qwen,8,4,1,3,7,0.25,0.125,0.166667,4,0.9767680572558621,1.0833333333333335,0.3704403495178159,0.4476114171766346,27.146799522,0
ojo_2024-05-25_4,13,none,,none_grayscale,docling_easyocr,qwen,8,1,0,1,8,0.0,0.0,0.0,1,0.04878048780487805,0.125,0.900974025974026,1.0,75.302023607,0
ojo_2024-05-25_4,13,none,,none_grayscale,docling_rapidocr,qwen,8,0,0,0,8,0.0,0.0,0.0,0,,,,,27.17417522,6
ojo_2024-05-25_4,13,none,,otsu,docling_easyocr,qwen,8,0,0,0,8,0.0,0.0,0.0,0,,,,,73.428188048,1
ojo_2024-05-25_4,13,none,,otsu,docling_rapidocr,qwen,8,0,0,0,8,0.0,0.0,0.0,0,,,,,30.540884696,4
ojo_2024-05-25_4,14,none,,adaptive_gaussian,docling_easyocr,qwen,8,0,0,0,8,0.0,0.0,0.0,0,,,,,47.918518326,1
ojo_2024-05-25_4,14,none,,adaptive_gaussian,docling_rapidocr,qwen,8,0,0,0,8,0.0,0.0,0.0,0,,,,,17.798646233,1
ojo_2024-05-25_4,14,none,,adaptive_mean,docling_easyocr,qwen,8,0,0,0,8,0.0,0.0,0.0,0,,,,,47.671769164,1
ojo_2024-05-25_4,14,none,,adaptive_mean,docling_rapidocr,qwen,8,1,1,0,7,1.0,0.125,0.222222,1,2.727272727272727,2.0,0.0,0.0,17.848673127,0
ojo_2024-05-25_4,14,none,,basic,docling_easyocr,qwen,8,0,0,0,8,0.0,0.0,0.0,0,,,,,49.062793131,1
ojo_2024-05-25_4,14,none,,basic,docling_rapidocr,qwen,8,6,2,4,6,0.333333,0.25,0.285714,6,1.0592510470559249,0.8859126984126985,0.6666666666666666,0.6666666666666666,19.269948597,0
ojo_2024-05-25_4,14,none,,niblack,docling_easyocr,qwen,8,0,0,0,8,0.0,0.0,0.0,0,,,,,46.687881148,1
ojo_2024-05-25_4,14,none,,niblack,docling_rapidocr,qwen,8,0,0,0,8,0.0,0.0,0.0,0,,,,,16.368975079,1
ojo_2024-05-25_4,14,none,,none_color,docling_easyocr,qwen,8,3,1,2,7,0.333333,0.125,0.181818,3,0.7222222222222222,0.6666666666666666,0.6587391135263475,0.6666666666666666,82.922210808,0
ojo_2024-05-25_4,14,none,,none_color,docling_rapidocr,qwen,8,0,0,0,8,0.0,0.0,0.0,0,,,,,30.218752976,9
ojo_2024-05-25_4,14,none,,none_grayscale,docling_easyocr,qwen,8,3,1,2,7,0.333333,0.125,0.181818,3,0.7222222222222222,0.6666666666666666,0.6587391135263475,0.6666666666666666,82.668469067,0
ojo_2024-05-25_4,14,none,,none_grayscale,docling_rapidocr,qwen,8,0,0,0,8,0.0,0.0,0.0,0,,,,,27.929139491,9
ojo_2024-05-25_4,14,none,,otsu,docling_easyocr,qwen,8,0,0,0,8,0.0,0.0,0.0,0,,,,,70.900843497,1
ojo_2024-05-25_4,14,none,,otsu,docling_rapidocr,qwen,8,0,0,0,8,0.0,0.0,0.0,0,,,,,30.769452448,7
ojo_2024-05-25_4,15,none,,adaptive_gaussian,docling_easyocr,qwen,8,0,0,0,8,0.0,0.0,0.0,0,,,,,41.339260562,1
ojo_2024-05-25_4,15,none,,adaptive_gaussian,docling_rapidocr,qwen,8,0,0,0,8,0.0,0.0,0.0,0,,,,,10.056572182,1
ojo_2024-05-25_4,15,none,,adaptive_mean,docling_easyocr,qwen,8,0,0,0,8,0.0,0.0,0.0,0,,,,,40.705710156,1
ojo_2024-05-25_4,15,none,,adaptive_mean,docling_rapidocr,qwen,8,0,0,0,8,0.0,0.0,0.0,0,,,,,10.237213595,1
ojo_2024-05-25_4,15,none,,basic,docling_easyocr,qwen,8,0,0,0,8,0.0,0.0,0.0,0,,,,,71.922757702,1
ojo_2024-05-25_4,15,none,,basic,docling_rapidocr,qwen,8,8,0,8,8,0.0,0.0,0.0,6,0.40332475332475326,0.5444444444444444,0.7803076770593393,0.9679247570551919,23.930474597,0
ojo_2024-05-25_4,15,none,,niblack,docling_easyocr,qwen,8,0,0,0,8,0.0,0.0,0.0,0,,,,,38.735842822,1
ojo_2024-05-25_4,15,none,,niblack,docling_rapidocr,qwen,8,0,0,0,8,0.0,0.0,0.0,0,,,,,9.403336403,1
ojo_2024-05-25_4,15,none,,none_color,docling_easyocr,qwen,8,0,0,0,8,0.0,0.0,0.0,0,,,,,71.115434485,1
ojo_2024-05-25_4,15,none,,none_color,docling_rapidocr,qwen,8,0,0,0,8,0.0,0.0,0.0,0,,,,,23.318668681,6
ojo_2024-05-25_4,15,none,,none_grayscale,docling_easyocr,qwen,8,2,2,0,6,1.0,0.25,0.4,2,2.496969696969697,2.333333333333333,0.0,0.0,61.234596568,0
ojo_2024-05-25_4,15,none,,none_grayscale,docling_rapidocr,qwen,8,0,0,0,8,0.0,0.0,0.0,0,,,,,23.550590115,7
ojo_2024-05-25_4,15,none,,otsu,docling_easyocr,qwen,8,0,0,0,8,0.0,0.0,0.0,0,,,,,62.339054495,1
ojo_2024-05-25_4,15,none,,otsu,docling_rapidocr,qwen,8,0,0,0,8,0.0,0.0,0.0,0,,,,,22.478372962,6
ojo_2024-05-25_4,16,none,,adaptive_gaussian,docling_easyocr,qwen,8,0,0,0,8,0.0,0.0,0.0,0,,,,,34.12636834,1
ojo_2024-05-25_4,16,none,,adaptive_gaussian,docling_rapidocr,qwen,8,0,0,0,8,0.0,0.0,0.0,0,,,,,10.105834302,1
ojo_2024-05-25_4,16,none,,adaptive_mean,docling_easyocr,qwen,8,0,0,0,8,0.0,0.0,0.0,0,,,,,40.060600813,1
ojo_2024-05-25_4,16,none,,adaptive_mean,docling_rapidocr,qwen,8,0,0,0,8,0.0,0.0,0.0,0,,,,,10.175827797,1
ojo_2024-05-25_4,16,none,,basic,docling_easyocr,qwen,8,0,0,0,8,0.0,0.0,0.0,0,,,,,70.633090645,1
ojo_2024-05-25_4,16,none,,basic,docling_rapidocr,qwen,8,6,2,4,6,0.333333,0.25,0.285714,6,0.6388015192893242,0.7388888888888889,0.6570808980816342,0.9073928813059249,21.302072913,0
ojo_2024-05-25_4,16,none,,niblack,docling_easyocr,qwen,8,0,0,0,8,0.0,0.0,0.0,0,,,,,39.37178695,1
ojo_2024-05-25_4,16,none,,niblack,docling_rapidocr,qwen,8,0,0,0,8,0.0,0.0,0.0,0,,,,,9.888433573,1
ojo_2024-05-25_4,16,none,,none_color,docling_easyocr,qwen,8,0,0,0,8,0.0,0.0,0.0,0,,,,,83.811974198,1
ojo_2024-05-25_4,16,none,,none_color,docling_rapidocr,qwen,8,0,0,0,8,0.0,0.0,0.0,0,,,,,20.135070235,6
ojo_2024-05-25_4,16,none,,none_grayscale,docling_easyocr,qwen,8,0,0,0,8,0.0,0.0,0.0,0,,,,,60.697091729,1
ojo_2024-05-25_4,16,none,,none_grayscale,docling_rapidocr,qwen,8,0,0,0,8,0.0,0.0,0.0,0,,,,,23.366057307,5
ojo_2024-05-25_4,16,none,,otsu,docling_easyocr,qwen,8,0,0,0,8,0.0,0.0,0.0,0,,,,,81.491570933,1
ojo_2024-05-25_4,16,none,,otsu,docling_rapidocr,qwen,8,6,1,5,7,0.166667,0.125,0.142857,6,0.7576885247616955,0.85,0.6881619592886715,0.8225805986675553,21.566565497,0
ojo_2024-05-25_4,17,none,,adaptive_gaussian,docling_easyocr,qwen,8,0,0,0,8,0.0,0.0,0.0,0,,,,,47.026457915,1
ojo_2024-05-25_4,17,none,,adaptive_gaussian,docling_rapidocr,qwen,8,0,0,0,8,0.0,0.0,0.0,0,,,,,9.862812886,1
ojo_2024-05-25_4,17,none,,adaptive_mean,docling_easyocr,qwen,8,0,0,0,8,0.0,0.0,0.0,0,,,,,47.450705418,1
ojo_2024-05-25_4,17,none,,adaptive_mean,docling_rapidocr,qwen,8,0,0,0,8,0.0,0.0,0.0,0,,,,,9.96097506,1
ojo_2024-05-25_4,17,none,,basic,docling_easyocr,qwen,8,0,0,0,8,0.0,0.0,0.0,0,,,,,41.603553755,1
ojo_2024-05-25_4,17,none,,basic,docling_rapidocr,qwen,8,0,0,0,8,0.0,0.0,0.0,0,,,,,9.833891375,1
ojo_2024-05-25_4,17,none,,niblack,docling_easyocr,qwen,8,0,0,0,8,0.0,0.0,0.0,0,,,,,33.911682629,1
ojo_2024-05-25_4,17,none,,niblack,docling_rapidocr,qwen,8,0,0,0,8,0.0,0.0,0.0,0,,,,,9.421591067,1
ojo_2024-05-25_4,17,none,,none_color,docling_easyocr,qwen,8,0,0,0,8,0.0,0.0,0.0,0,,,,,78.230585558,1
ojo_2024-05-25_4,17,none,,none_color,docling_rapidocr,qwen,8,0,0,0,8,0.0,0.0,0.0,0,,,,,22.982303126,11
ojo_2024-05-25_4,17,none,,none_grayscale,docling_easyocr,qwen,8,0,0,0,8,0.0,0.0,0.0,0,,,,,77.115811093,1
ojo_2024-05-25_4,17,none,,none_grayscale,docling_rapidocr,qwen,8,0,0,0,8,0.0,0.0,0.0,0,,,,,23.319256527,11
ojo_2024-05-25_4,17,none,,otsu,docling_easyocr,qwen,8,0,0,0,8,0.0,0.0,0.0,0,,,,,74.269789726,1
ojo_2024-05-25_4,17,none,,otsu,docling_rapidocr,qwen,8,0,0,0,8,0.0,0.0,0.0,0,,,,,21.681950599,6
ojo_2024-05-25_4,18,none,,adaptive_gaussian,docling_easyocr,qwen,8,0,0,0,8,0.0,0.0,0.0,0,,,,,40.358013004,1
ojo_2024-05-25_4,18,none,,adaptive_gaussian,docling_rapidocr,qwen,8,0,0,0,8,0.0,0.0,0.0,0,,,,,10.159262269,1
ojo_2024-05-25_4,18,none,,adaptive_mean,docling_easyocr,qwen,8,0,0,0,8,0.0,0.0,0.0,0,,,,,39.83213672,1
ojo_2024-05-25_4,18,none,,basic,docling_easyocr,qwen,8,0,0,0,8,0.0,0.0,0.0,0,,,,,42.587261859,1
ojo_2024-05-25_4,18,none,,basic,docling_rapidocr,qwen,8,0,0,0,8,0.0,0.0,0.0,0,,,,,9.7224533,1
ojo_2024-05-25_4,18,none,,niblack,docling_easyocr,qwen,8,0,0,0,8,0.0,0.0,0.0,0,,,,,38.755367191,1
ojo_2024-05-25_4,18,none,,otsu,docling_easyocr,qwen,8,0,0,0,8,0.0,0.0,0.0,0,,,,,40.284072582,1
ojo_2024-05-25_4,18,none,,otsu,docling_rapidocr,qwen,8,0,0,0,8,0.0,0.0,0.0,0,,,,,9.764912788,1
ojo_2024-05-25_4,18,none,,yannihorne,docling_easyocr,qwen,8,0,0,0,8,0.0,0.0,0.0,0,,,,,38.836908523,1
ojo_2024-05-25_4,19,none,,adaptive_gaussian,docling_easyocr,qwen,8,0,0,0,8,0.0,0.0,0.0,0,,,,,39.049443261,1
ojo_2024-05-25_4,19,none,,adaptive_gaussian,docling_rapidocr,qwen,8,0,0,0,8,0.0,0.0,0.0,0,,,,,10.385594384,1
ojo_2024-05-25_4,19,none,,adaptive_mean,docling_easyocr,qwen,8,0,0,0,8,0.0,0.0,0.0,0,,,,,39.391552703,1
ojo_2024-05-25_4,19,none,,basic,docling_easyocr,qwen,8,0,0,0,8,0.0,0.0,0.0,0,,,,,35.818792691,1
ojo_2024-05-25_4,19,none,,basic,docling_rapidocr,qwen,8,0,0,0,8,0.0,0.0,0.0,0,,,,,9.285535684,1
ojo_2024-05-25_4,19,none,,niblack,docling_easyocr,qwen,8,0,0,0,8,0.0,0.0,0.0,0,,,,,33.955166894,1
ojo_2024-05-25_4,19,none,,otsu,docling_easyocr,qwen,8,0,0,0,8,0.0,0.0,0.0,0,,,,,38.229306331,1
ojo_2024-05-25_4,19,none,,otsu,docling_rapidocr,qwen,8,0,0,0,8,0.0,0.0,0.0,0,,,,,9.002366414,1
ojo_2024-05-25_4,19,none,,yannihorne,docling_easyocr,qwen,8,0,0,0,8,0.0,0.0,0.0,0,,,,,38.770837417,1
ojo_2024-05-25_4,19,none,,yannihorne,docling_rapidocr,qwen,8,0,0,0,8,0.0,0.0,0.0,0,,,,,9.811466565,1
ojo_2024-05-25_4,20,none,,adaptive_gaussian,docling_easyocr,qwen,8,0,0,0,8,0.0,0.0,0.0,0,,,,,39.957113832,1
ojo_2024-05-25_4,20,none,,adaptive_gaussian,docling_rapidocr,qwen,8,0,0,0,8,0.0,0.0,0.0,0,,,,,10.166302532,1
ojo_2024-05-25_4,20,none,,adaptive_mean,docling_easyocr,qwen,8,0,0,0,8,0.0,0.0,0.0,0,,,,,38.753088563,1
ojo_2024-05-25_4,20,none,,basic,docling_easyocr,qwen,8,0,0,0,8,0.0,0.0,0.0,0,,,,,38.63930482,1
ojo_2024-05-25_4,20,none,,basic,docling_rapidocr,qwen,8,0,0,0,8,0.0,0.0,0.0,0,,,,,10.483164731,1
ojo_2024-05-25_4,20,none,,niblack,docling_easyocr,qwen,8,0,0,0,8,0.0,0.0,0.0,0,,,,,39.46487449,1
ojo_2024-05-25_4,20,none,,none_color,docling_easyocr,qwen,8,0,0,0,8,0.0,0.0,0.0,0,,,,,38.970135156,1
ojo_2024-05-25_4,20,none,,none_grayscale,docling_easyocr,qwen,8,0,0,0,8,0.0,0.0,0.0,0,,,,,39.629383985,1
ojo_2024-05-25_4,20,none,,otsu,docling_easyocr,qwen,8,0,0,0,8,0.0,0.0,0.0,0,,,,,38.617752258,1
ojo_2024-05-25_4,20,none,,otsu,docling_rapidocr,qwen,8,0,0,0,8,0.0,0.0,0.0,0,,,,,9.775367442,1
ojo_2024-05-25_4,20,none,,yannihorne,docling_easyocr,qwen,8,0,0,0,8,0.0,0.0,0.0,0,,,,,38.876876298,1
ojo_2024-05-25_4,21,none,,adaptive_gaussian,docling_easyocr,qwen,8,0,0,0,8,0.0,0.0,0.0,0,,,,,62.55731351,1
ojo_2024-05-25_4,21,none,,adaptive_gaussian,docling_rapidocr,qwen,8,1,1,0,7,1.0,0.125,0.222222,1,2.727272727272727,2.0,0.0,0.0,32.437014409,0
ojo_2024-05-25_4,21,none,,adaptive_mean,docling_easyocr,qwen,8,0,0,0,8,0.0,0.0,0.0,0,,,,,62.176008054,1
ojo_2024-05-25_4,21,none,,adaptive_mean,docling_rapidocr,qwen,8,0,0,0,8,0.0,0.0,0.0,0,,,,,32.413497278,1
ojo_2024-05-25_4,21,none,,basic,docling_easyocr,qwen,8,0,0,0,8,0.0,0.0,0.0,0,,,,,60.906820697,1
ojo_2024-05-25_4,21,none,,basic,docling_rapidocr,qwen,8,0,0,0,8,0.0,0.0,0.0,0,,,,,33.071646375,1
ojo_2024-05-25_4,21,none,,niblack,docling_easyocr,qwen,8,0,0,0,8,0.0,0.0,0.0,0,,,,,67.16276587,1
ojo_2024-05-25_4,21,none,,niblack,docling_rapidocr,qwen,8,0,0,0,8,0.0,0.0,0.0,0,,,,,32.324825416,1
ojo_2024-05-25_4,21,none,,none_color,docling_easyocr,qwen,8,0,0,0,8,0.0,0.0,0.0,0,,,,,63.874760551,1
ojo_2024-05-25_4,21,none,,none_color,docling_rapidocr,qwen,8,0,0,0,8,0.0,0.0,0.0,0,,,,,42.297569436,1
ojo_2024-05-25_4,21,none,,none_grayscale,docling_easyocr,qwen,8,0,0,0,8,0.0,0.0,0.0,0,,,,,62.724347038,1
ojo_2024-05-25_4,21,none,,none_grayscale,docling_rapidocr,qwen,8,0,0,0,8,0.0,0.0,0.0,0,,,,,43.818331641,1
ojo_2024-05-25_4,21,none,,otsu,docling_easyocr,qwen,8,0,0,0,8,0.0,0.0,0.0,0,,,,,64.457426071,1
ojo_2024-05-25_4,21,none,,otsu,docling_rapidocr,qwen,8,2,2,0,6,1.0,0.25,0.4,2,2.463636363636364,2.0,0.0,0.0,33.618086815,0
ojo_2024-05-25_4,22,none,,adaptive_gaussian,docling_easyocr,qwen,8,0,0,0,8,0.0,0.0,0.0,0,,,,,62.68048012,1
ojo_2024-05-25_4,22,none,,adaptive_gaussian,docling_rapidocr,qwen,8,1,1,0,7,1.0,0.125,0.222222,1,2.727272727272727,2.0,0.0,0.0,30.96317136,0
ojo_2024-05-25_4,22,none,,adaptive_mean,docling_easyocr,qwen,8,0,0,0,8,0.0,0.0,0.0,0,,,,,64.242962,1
ojo_2024-05-25_4,22,none,,adaptive_mean,docling_rapidocr,qwen,8,0,0,0,8,0.0,0.0,0.0,0,,,,,32.057047722,1
ojo_2024-05-25_4,22,none,,basic,docling_easyocr,qwen,8,0,0,0,8,0.0,0.0,0.0,0,,,,,68.006251783,1
ojo_2024-05-25_4,22,none,,basic,docling_rapidocr,qwen,8,2,2,0,6,1.0,0.25,0.4,2,2.496969696969697,2.333333333333333,0.0,0.0,34.015655012,0
ojo_2024-05-25_4,22,none,,niblack,docling_easyocr,qwen,8,0,0,0,8,0.0,0.0,0.0,0,,,,,61.782864986,1
ojo_2024-05-25_4,22,none,,niblack,docling_rapidocr,qwen,8,0,0,0,8,0.0,0.0,0.0,0,,,,,32.504698692,1
ojo_2024-05-25_4,22,none,,none_color,docling_easyocr,qwen,8,0,0,0,8,0.0,0.0,0.0,0,,,,,68.590387793,1
ojo_2024-05-25_4,22,none,,none_color,docling_rapidocr,qwen,8,3,0,3,8,0.0,0.0,0.0,3,0.2888888888888889,0.3333333333333333,0.9486127518967482,0.9987129987129988,44.811305971,0
ojo_2024-05-25_4,22,none,,none_grayscale,docling_easyocr,qwen,8,0,0,0,8,0.0,0.0,0.0,0,,,,,67.458293648,1
ojo_2024-05-25_4,22,none,,none_grayscale,docling_rapidocr,qwen,8,3,0,3,8,0.0,0.0,0.0,3,0.2888888888888889,0.3333333333333333,0.9486127518967482,0.9987129987129988,45.555617781,0
ojo_2024-05-25_4,22,none,,otsu,docling_easyocr,qwen,8,0,0,0,8,0.0,0.0,0.0,0,,,,,72.004452915,1
ojo_2024-05-25_4,22,none,,otsu,docling_rapidocr,qwen,8,0,0,0,8,0.0,0.0,0.0,0,,,,,39.48265049,1
ojo_2024-05-25_4,23,none,,adaptive_gaussian,docling_easyocr,qwen,8,0,0,0,8,0.0,0.0,0.0,0,,,,,58.481589813,1
ojo_2024-05-25_4,23,none,,adaptive_gaussian,docling_rapidocr,qwen,8,1,1,0,7,1.0,0.125,0.222222,1,2.727272727272727,2.0,0.0,0.0,33.072463532,0
ojo_2024-05-25_4,23,none,,adaptive_mean,docling_easyocr,qwen,8,0,0,0,8,0.0,0.0,0.0,0,,,,,57.520941753,1
ojo_2024-05-25_4,23,none,,adaptive_mean,docling_rapidocr,qwen,8,0,0,0,8,0.0,0.0,0.0,0,,,,,32.690216322,1
ojo_2024-05-25_4,23,none,,basic,docling_easyocr,qwen,8,0,0,0,8,0.0,0.0,0.0,0,,,,,58.308366888,1
ojo_2024-05-25_4,23,none,,basic,docling_rapidocr,qwen,8,0,0,0,8,0.0,0.0,0.0,0,,,,,33.452181213,1
ojo_2024-05-25_4,23,none,,niblack,docling_easyocr,qwen,8,0,0,0,8,0.0,0.0,0.0,0,,,,,58.401533207,1
ojo_2024-05-25_4,23,none,,niblack,docling_rapidocr,qwen,8,0,0,0,8,0.0,0.0,0.0,0,,,,,32.409729322,1
ojo_2024-05-25_4,23,none,,none_color,docling_easyocr,qwen,8,0,0,0,8,0.0,0.0,0.0,0,,,,,58.905297154,1
ojo_2024-05-25_4,23,none,,none_color,docling_rapidocr,qwen,8,2,0,2,8,0.0,0.0,0.0,2,0.0,0.0,0.932128740824393,0.9647473560517039,43.770132416,0
ojo_2024-05-25_4,23,none,,none_grayscale,docling_easyocr,qwen,8,0,0,0,8,0.0,0.0,0.0,0,,,,,62.868042343,1
ojo_2024-05-25_4,23,none,,none_grayscale,docling_rapidocr,qwen,8,2,0,2,8,0.0,0.0,0.0,2,0.0,0.0,0.932128740824393,0.9647473560517039,43.327607267,0
ojo_2024-05-25_4,23,none,,otsu,docling_easyocr,qwen,8,0,0,0,8,0.0,0.0,0.0,0,,,,,59.137470596,1
ojo_2024-05-25_4,23,none,,otsu,docling_rapidocr,qwen,8,1,0,1,8,0.0,0.0,0.0,1,0.0,0.0,0.9720496894409938,0.9922779922779923,33.338273876,0
ojo_2024-05-25_4,24,none,,adaptive_gaussian,docling_easyocr,qwen,8,0,0,0,8,0.0,0.0,0.0,0,,,,,35.809431047,1
ojo_2024-05-25_4,24,none,,adaptive_gaussian,docling_rapidocr,qwen,8,1,1,0,7,1.0,0.125,0.222222,1,2.727272727272727,2.0,0.0,0.0,9.741682978,0
ojo_2024-05-25_4,24,none,,adaptive_mean,docling_easyocr,qwen,8,0,0,0,8,0.0,0.0,0.0,0,,,,,40.368519516,1
ojo_2024-05-25_4,24,none,,adaptive_mean,docling_rapidocr,qwen,8,1,1,0,7,1.0,0.125,0.222222,1,2.727272727272727,2.0,0.0,0.0,10.052612515,0
ojo_2024-05-25_4,24,none,,basic,docling_easyocr,qwen,8,5,1,4,7,0.2,0.125,0.153846,4,0.7327235772357724,0.78125,0.7142475868770966,0.7391304347826086,72.711165731,0
ojo_2024-05-25_4,24,none,,basic,docling_rapidocr,qwen,8,7,4,3,4,0.571429,0.5,0.533333,6,0.6147539525588307,0.7000000000000001,0.5548561091500511,0.8694158302853955,20.04942519,0
ojo_2024-05-25_4,24,none,,niblack,docling_easyocr,qwen,8,0,0,0,8,0.0,0.0,0.0,0,,,,,39.229382381,1
ojo_2024-05-25_4,24,none,,niblack,docling_rapidocr,qwen,8,0,0,0,8,0.0,0.0,0.0,0,,,,,9.69212328,1
ojo_2024-05-25_4,24,none,,none_color,docling_easyocr,qwen,8,5,2,3,6,0.4,0.25,0.307692,5,1.3189335867384648,1.0916666666666668,0.6,0.6,68.522037809,0
ojo_2024-05-25_4,24,none,,none_color,docling_rapidocr,qwen,8,8,5,3,3,0.625,0.625,0.625,7,0.34515491100856954,0.4238095238095238,0.27462319358751835,0.3178877191299552,20.601455277,0
ojo_2024-05-25_4,24,none,,none_grayscale,docling_easyocr,qwen,8,1,0,1,8,0.0,0.0,0.0,1,0.04878048780487805,0.125,0.9025974025974026,1.0,82.451660221,0
ojo_2024-05-25_4,24,none,,none_grayscale,docling_rapidocr,qwen,8,6,6,0,2,1.0,0.75,0.857143,6,0.6862463508804972,0.6579365079365079,0.19097355495293225,0.26308264786525654,23.41119129,0
ojo_2024-05-25_4,24,none,,otsu,docling_easyocr,qwen,8,2,1,1,7,0.5,0.125,0.2,2,1.4312638580931263,1.1458333333333335,0.4902597402597403,0.4956521739130435,73.431681532,0
ojo_2024-05-25_4,24,none,,otsu,docling_rapidocr,qwen,8,0,0,0,8,0.0,0.0,0.0,0,,,,,22.483745235,5
ojo_2024-05-25_4,25,none,,adaptive_gaussian,docling_easyocr,qwen,8,0,0,0,8,0.0,0.0,0.0,0,,,,,38.768280716,1
ojo_2024-05-25_4,25,none,,adaptive_gaussian,docling_rapidocr,qwen,8,0,0,0,8,0.0,0.0,0.0,0,,,,,11.595612974,1
ojo_2024-05-25_4,25,none,,adaptive_mean,docling_easyocr,qwen,8,0,0,0,8,0.0,0.0,0.0,0,,,,,41.851887436,1
ojo_2024-05-25_4,25,none,,adaptive_mean,docling_rapidocr,qwen,8,0,0,0,8,0.0,0.0,0.0,0,,,,,11.28144619,1
ojo_2024-05-25_4,25,none,,basic,docling_easyocr,qwen,8,0,0,0,8,0.0,0.0,0.0,0,,,,,76.073613709,1
ojo_2024-05-25_4,25,none,,basic,docling_rapidocr,qwen,8,0,0,0,8,0.0,0.0,0.0,0,,,,,19.361168926,7
ojo_2024-05-25_4,25,none,,niblack,docling_easyocr,qwen,8,0,0,0,8,0.0,0.0,0.0,0,,,,,39.506564484,1
ojo_2024-05-25_4,25,none,,niblack,docling_rapidocr,qwen,8,0,0,0,8,0.0,0.0,0.0,0,,,,,10.11630331,1
ojo_2024-05-25_4,25,none,,none_color,docling_easyocr,qwen,8,0,0,0,8,0.0,0.0,0.0,0,,,,,75.347897118,1
ojo_2024-05-25_4,25,none,,none_color,docling_rapidocr,qwen,8,0,0,0,8,0.0,0.0,0.0,0,,,,,19.921102589,9
ojo_2024-05-25_4,25,none,,none_grayscale,docling_easyocr,qwen,8,0,0,0,8,0.0,0.0,0.0,0,,,,,68.667908972,1
ojo_2024-05-25_4,25,none,,none_grayscale,docling_rapidocr,qwen,8,1,0,1,8,0.0,0.0,0.0,1,0.9428571428571428,1.0,0.855072463768116,1.0,20.454926556,0
ojo_2024-05-25_4,25,none,,otsu,docling_easyocr,qwen,8,0,0,0,8,0.0,0.0,0.0,0,,,,,66.07649366,1
ojo_2024-05-25_4,25,none,,otsu,docling_rapidocr,qwen,8,1,0,1,8,0.0,0.0,0.0,1,0.8918918918918919,1.6,0.8324873096446701,0.9459459459459459,19.99210302,0
ojo_2024-05-25_4,26,none,,adaptive_gaussian,docling_easyocr,qwen,8,0,0,0,8,0.0,0.0,0.0,0,,,,,42.105050557,1
ojo_2024-05-25_4,26,none,,adaptive_gaussian,docling_rapidocr,qwen,8,1,1,0,7,1.0,0.125,0.222222,1,2.727272727272727,2.0,0.0,0.0,10.128598206,0
ojo_2024-05-25_4,26,none,,adaptive_mean,docling_easyocr,qwen,8,0,0,0,8,0.0,0.0,0.0,0,,,,,37.254824797,1
ojo_2024-05-25_4,26,none,,adaptive_mean,docling_rapidocr,qwen,8,1,1,0,7,1.0,0.125,0.222222,1,2.727272727272727,2.0,0.0,0.0,10.436393181,0
ojo_2024-05-25_4,26,none,,basic,docling_easyocr,qwen,8,4,0,4,8,0.0,0.0,0.0,2,0.0,0.0,0.9985074078968621,1.0,56.90415248,0
ojo_2024-05-25_4,26,none,,basic,docling_rapidocr,qwen,8,0,0,0,8,0.0,0.0,0.0,0,,,,,20.038314667,3
ojo_2024-05-25_4,26,none,,niblack,docling_easyocr,qwen,8,0,0,0,8,0.0,0.0,0.0,0,,,,,38.911389166,1
ojo_2024-05-25_4,26,none,,niblack,docling_rapidocr,qwen,8,0,0,0,8,0.0,0.0,0.0,0,,,,,10.100345665,1
ojo_2024-05-25_4,26,none,,none_color,docling_easyocr,qwen,8,1,0,1,8,0.0,0.0,0.0,1,0.34146341463414637,0.375,0.900974025974026,1.0,79.810102072,0
ojo_2024-05-25_4,26,none,,none_color,docling_rapidocr,qwen,8,0,0,0,8,0.0,0.0,0.0,0,,,,,24.382496443,9
ojo_2024-05-25_4,26,none,,none_grayscale,docling_easyocr,qwen,8,1,0,1,8,0.0,0.0,0.0,1,0.34146341463414637,0.375,0.900974025974026,1.0,73.174701062,0
ojo_2024-05-25_4,26,none,,none_grayscale,docling_rapidocr,qwen,8,0,0,0,8,0.0,0.0,0.0,0,,,,,23.105574932,9
ojo_2024-05-25_4,26,none,,otsu,docling_easyocr,qwen,8,0,0,0,8,0.0,0.0,0.0,0,,,,,74.565524426,1
ojo_2024-05-25_4,26,none,,otsu,docling_rapidocr,qwen,8,0,0,0,8,0.0,0.0,0.0,0,,,,,22.846270409,6
ojo_2024-05-25_4,27,none,,adaptive_gaussian,docling_easyocr,qwen,8,0,0,0,8,0.0,0.0,0.0,0,,,,,44.494875735,1
ojo_2024-05-25_4,27,none,,adaptive_gaussian,docling_rapidocr,qwen,8,0,0,0,8,0.0,0.0,0.0,0,,,,,10.140775984,1
ojo_2024-05-25_4,27,none,,adaptive_mean,docling_easyocr,qwen,8,0,0,0,8,0.0,0.0,0.0,0,,,,,43.776184862,1
ojo_2024-05-25_4,27,none,,adaptive_mean,docling_rapidocr,qwen,8,1,1,0,7,1.0,0.125,0.222222,1,2.727272727272727,2.0,0.0,0.0,9.786834544,0
ojo_2024-05-25_4,27,none,,basic,docling_easyocr,qwen,8,0,0,0,8,0.0,0.0,0.0,0,,,,,72.326994339,1
ojo_2024-05-25_4,27,none,,basic,docling_rapidocr,qwen,8,1,0,1,8,0.0,0.0,0.0,1,0.0,0.0,0.7045454545454546,0.9391304347826087,21.193841854,0
ojo_2024-05-25_4,27,none,,niblack,docling_easyocr,qwen,8,0,0,0,8,0.0,0.0,0.0,0,,,,,33.670280655,1
ojo_2024-05-25_4,27,none,,niblack,docling_rapidocr,qwen,8,0,0,0,8,0.0,0.0,0.0,0,,,,,9.963418682,1
ojo_2024-05-25_4,27,none,,none_color,docling_easyocr,qwen,8,5,2,3,6,0.4,0.25,0.307692,5,1.253939393939394,1.0666666666666669,0.587012987012987,0.5913043478260869,73.82678167,0
ojo_2024-05-25_4,27,none,,none_color,docling_rapidocr,qwen,8,0,0,0,8,0.0,0.0,0.0,0,,,,,19.919076601,8
ojo_2024-05-25_4,27,none,,none_grayscale,docling_easyocr,qwen,8,5,2,3,6,0.4,0.25,0.307692,4,1.3590909090909091,1.0833333333333335,0.5,0.5,73.619490782,0
ojo_2024-05-25_4,27,none,,none_grayscale,docling_rapidocr,qwen,8,7,5,2,3,0.714286,0.625,0.666667,6,0.24414414414414418,0.3277777777777778,0.21768138820422264,0.2827475697040914,22.798801104,0
ojo_2024-05-25_4,27,none,,otsu,docling_easyocr,qwen,8,1,0,1,8,0.0,0.0,0.0,1,0.14634146341463414,0.25,0.9464285714285714,1.0,71.223770611,0
ojo_2024-05-25_4,27,none,,otsu,docling_rapidocr,qwen,8,1,1,0,7,1.0,0.125,0.222222,1,0.0,0.0,0.28084415584415584,0.6608695652173913,22.639050476,0
ojo_2024-05-25_4,28,none,,adaptive_gaussian,docling_easyocr,qwen,8,0,0,0,8,0.0,0.0,0.0,0,,,,,41.251836676,1
ojo_2024-05-25_4,28,none,,adaptive_gaussian,docling_rapidocr,qwen,8,1,1,0,7,1.0,0.125,0.222222,1,2.727272727272727,2.0,0.0,0.0,10.540181298,0
ojo_2024-05-25_4,28,none,,adaptive_mean,docling_easyocr,qwen,8,0,0,0,8,0.0,0.0,0.0,0,,,,,40.147296328,1
ojo_2024-05-25_4,28,none,,adaptive_mean,docling_rapidocr,qwen,8,1,1,0,7,1.0,0.125,0.222222,1,2.727272727272727,2.0,0.0,0.0,10.109900135,0
ojo_2024-05-25_4,28,none,,basic,docling_easyocr,qwen,8,2,2,0,6,1.0,0.25,0.4,2,2.418181818181818,2.0,0.0,0.0,68.922552101,0
ojo_2024-05-25_4,28,none,,basic,docling_rapidocr,qwen,8,7,4,3,4,0.571429,0.5,0.533333,6,0.6460934802398217,0.7875,0.4385958919497968,0.7554947663643315,22.650178902,0
ojo_2024-05-25_4,28,none,,niblack,docling_easyocr,qwen,8,0,0,0,8,0.0,0.0,0.0,0,,,,,39.024271521,1
ojo_2024-05-25_4,28,none,,niblack,docling_rapidocr,qwen,8,0,0,0,8,0.0,0.0,0.0,0,,,,,9.812083277,1
ojo_2024-05-25_4,28,none,,none_color,docling_easyocr,qwen,8,5,2,3,6,0.4,0.25,0.307692,4,1.446692535107169,1.1770833333333335,0.5,0.5,70.665369265,0
ojo_2024-05-25_4,28,none,,none_color,docling_rapidocr,qwen,8,0,0,0,8,0.0,0.0,0.0,0,,,,,23.629017823,10
ojo_2024-05-25_4,28,none,,none_grayscale,docling_easyocr,qwen,8,6,1,5,7,0.166667,0.125,0.142857,6,0.8292489353464964,0.875,0.7669080986667401,0.8288288288288288,71.210192435,0
ojo_2024-05-25_4,28,none,,none_grayscale,docling_rapidocr,qwen,8,0,0,0,8,0.0,0.0,0.0,0,,,,,21.321871035,7
ojo_2024-05-25_4,28,none,,otsu,docling_easyocr,qwen,8,3,2,1,6,0.666667,0.25,0.363636,3,0.9415126878541513,0.9305555555555557,0.33225108225108224,0.3333333333333333,71.575533455,0
ojo_2024-05-25_4,28,none,,otsu,docling_rapidocr,qwen,8,0,0,0,8,0.0,0.0,0.0,0,,,,,21.118488139,3
ojo_2024-05-25_4,29,none,,adaptive_gaussian,docling_easyocr,qwen,8,0,0,0,8,0.0,0.0,0.0,0,,,,,40.198403258,1
ojo_2024-05-25_4,29,none,,adaptive_gaussian,docling_rapidocr,qwen,8,1,1,0,7,1.0,0.125,0.222222,1,2.727272727272727,2.0,0.0,0.0,10.192742247,0
ojo_2024-05-25_4,29,none,,adaptive_mean,docling_easyocr,qwen,8,0,0,0,8,0.0,0.0,0.0,0,,,,,39.30905332,1
ojo_2024-05-25_4,29,none,,adaptive_mean,docling_rapidocr,qwen,8,1,1,0,7,1.0,0.125,0.222222,1,2.727272727272727,2.0,0.0,0.0,9.805661339,0
ojo_2024-05-25_4,29,none,,basic,docling_easyocr,qwen,8,0,0,0,8,0.0,0.0,0.0,0,,,,,48.553181641,1
ojo_2024-05-25_4,29,none,,basic,docling_rapidocr,qwen,8,0,0,0,8,0.0,0.0,0.0,0,,,,,19.752956622,6
ojo_2024-05-25_4,29,none,,niblack,docling_easyocr,qwen,8,0,0,0,8,0.0,0.0,0.0,0,,,,,38.882633719,1
ojo_2024-05-25_4,29,none,,niblack,docling_rapidocr,qwen,8,0,0,0,8,0.0,0.0,0.0,0,,,,,10.375320944,1
ojo_2024-05-25_4,29,none,,none_color,docling_easyocr,qwen,8,5,2,3,6,0.4,0.25,0.307692,4,1.3922869813113714,1.0625,0.5,0.5,71.589688532,0
ojo_2024-05-25_4,29,none,,none_color,docling_rapidocr,qwen,8,0,0,0,8,0.0,0.0,0.0,0,,,,,24.05977153,7
ojo_2024-05-25_4,29,none,,none_grayscale,docling_easyocr,qwen,8,5,2,3,6,0.4,0.25,0.307692,4,1.3922869813113714,1.0625,0.5,0.5,72.747388117,0
ojo_2024-05-25_4,29,none,,none_grayscale,docling_rapidocr,qwen,8,0,0,0,8,0.0,0.0,0.0,0,,,,,23.773789399,7
ojo_2024-05-25_4,29,none,,otsu,docling_easyocr,qwen,8,0,0,0,8,0.0,0.0,0.0,0,,,,,69.152485376,1
ojo_2024-05-25_4,29,none,,otsu,docling_rapidocr,qwen,8,0,0,0,8,0.0,0.0,0.0,0,,,,,22.940754181,5
ojo_2024-05-25_4,30,none,,adaptive_gaussian,docling_easyocr,qwen,8,0,0,0,8,0.0,0.0,0.0,0,,,,,39.466496307,1
ojo_2024-05-25_4,30,none,,adaptive_gaussian,docling_rapidocr,qwen,8,1,1,0,7,1.0,0.125,0.222222,1,2.727272727272727,2.0,0.0,0.0,9.632476408,0
ojo_2024-05-25_4,30,none,,adaptive_mean,docling_easyocr,qwen,8,0,0,0,8,0.0,0.0,0.0,0,,,,,39.393247682,1
ojo_2024-05-25_4,30,none,,adaptive_mean,docling_rapidocr,qwen,8,1,1,0,7,1.0,0.125,0.222222,1,2.727272727272727,2.0,0.0,0.0,10.006641227,0
ojo_2024-05-25_4,30,none,,basic,docling_easyocr,qwen,8,0,0,0,8,0.0,0.0,0.0,0,,,,,39.797000103,1
ojo_2024-05-25_4,30,none,,basic,docling_rapidocr,qwen,8,0,0,0,8,0.0,0.0,0.0,0,,,,,10.917819195,1
ojo_2024-05-25_4,30,none,,niblack,docling_easyocr,qwen,8,0,0,0,8,0.0,0.0,0.0,0,,,,,39.408312055,1
ojo_2024-05-25_4,30,none,,niblack,docling_rapidocr,qwen,8,0,0,0,8,0.0,0.0,0.0,0,,,,,9.425397369,1
ojo_2024-05-25_4,30,none,,none_color,docling_easyocr,qwen,8,0,0,0,8,0.0,0.0,0.0,0,,,,,40.925342016,1
ojo_2024-05-25_4,30,none,,none_color,docling_rapidocr,qwen,8,0,0,0,8,0.0,0.0,0.0,0,,,,,20.119226389,6
ojo_2024-05-25_4,30,none,,none_grayscale,docling_easyocr,qwen,8,0,0,0,8,0.0,0.0,0.0,0,,,,,41.294105701,1
ojo_2024-05-25_4,30,none,,none_grayscale,docling_rapidocr,qwen,8,6,0,6,8,0.0,0.0,0.0,6,0.6545123520733277,0.7111111111111111,0.7165720482070732,0.9034481969264578,21.69338005,0
ojo_2024-05-25_4,30,none,,otsu,docling_easyocr,qwen,8,0,0,0,8,0.0,0.0,0.0,0,,,,,42.017292028,1
ojo_2024-05-25_4,30,none,,otsu,docling_rapidocr,qwen,8,1,1,0,7,1.0,0.125,0.222222,1,2.727272727272727,2.0,0.0,0.0,10.962078577,0
ojo_2024-05-25_4,31,none,,adaptive_gaussian,docling_easyocr,qwen,8,0,0,0,8,0.0,0.0,0.0,0,,,,,39.7239832,1
ojo_2024-05-25_4,31,none,,adaptive_gaussian,docling_rapidocr,qwen,8,1,1,0,7,1.0,0.125,0.222222,1,2.727272727272727,2.0,0.0,0.0,9.010753782,0
ojo_2024-05-25_4,31,none,,adaptive_mean,docling_easyocr,qwen,8,0,0,0,8,0.0,0.0,0.0,0,,,,,34.533129127,1
ojo_2024-05-25_4,31,none,,adaptive_mean,docling_rapidocr,qwen,8,1,1,0,7,1.0,0.125,0.222222,1,2.727272727272727,2.0,0.0,0.0,9.784923942,0
ojo_2024-05-25_4,31,none,,basic,docling_easyocr,qwen,8,0,0,0,8,0.0,0.0,0.0,0,,,,,44.728996759,1
ojo_2024-05-25_4,31,none,,basic,docling_rapidocr,qwen,8,0,0,0,8,0.0,0.0,0.0,0,,,,,20.795964485,1
ojo_2024-05-25_4,31,none,,niblack,docling_easyocr,qwen,8,0,0,0,8,0.0,0.0,0.0,0,,,,,39.226599666,1
ojo_2024-05-25_4,31,none,,niblack,docling_rapidocr,qwen,8,0,0,0,8,0.0,0.0,0.0,0,,,,,9.93089101,1
ojo_2024-05-25_4,31,none,,none_color,docling_easyocr,qwen,8,0,0,0,8,0.0,0.0,0.0,0,,,,,36.162411218,1
ojo_2024-05-25_4,31,none,,none_color,docling_rapidocr,qwen,8,0,0,0,8,0.0,0.0,0.0,0,,,,,19.174449688,7
ojo_2024-05-25_4,31,none,,none_grayscale,docling_easyocr,qwen,8,0,0,0,8,0.0,0.0,0.0,0,,,,,36.152481323,1
ojo_2024-05-25_4,31,none,,none_grayscale,docling_rapidocr,qwen,8,0,0,0,8,0.0,0.0,0.0,0,,,,,20.34631825,6
ojo_2024-05-25_4,31,none,,otsu,docling_easyocr,qwen,8,0,0,0,8,0.0,0.0,0.0,0,,,,,42.902327615,1
ojo_2024-05-25_4,31,none,,otsu,docling_rapidocr,qwen,8,0,0,0,8,0.0,0.0,0.0,0,,,,,17.066925127,1
ojo_2024-05-25_4,32,none,,adaptive_gaussian,docling_easyocr,qwen,8,0,0,0,8,0.0,0.0,0.0,0,,,,,46.169002922,1
ojo_2024-05-25_4,32,none,,adaptive_gaussian,docling_rapidocr,qwen,8,1,1,0,7,1.0,0.125,0.222222,1,2.727272727272727,2.0,0.0,0.0,10.43834296,0
ojo_2024-05-25_4,32,none,,adaptive_mean,docling_easyocr,qwen,8,0,0,0,8,0.0,0.0,0.0,0,,,,,39.308199318,1
ojo_2024-05-25_4,32,none,,adaptive_mean,docling_rapidocr,qwen,8,1,1,0,7,1.0,0.125,0.222222,1,2.727272727272727,2.0,0.0,0.0,9.422689827,0
ojo_2024-05-25_4,32,none,,basic,docling_easyocr,qwen,8,0,0,0,8,0.0,0.0,0.0,0,,,,,42.73932076,1
ojo_2024-05-25_4,32,none,,basic,docling_rapidocr,qwen,8,0,0,0,8,0.0,0.0,0.0,0,,,,,14.016708856,1
ojo_2024-05-25_4,32,none,,niblack,docling_easyocr,qwen,8,0,0,0,8,0.0,0.0,0.0,0,,,,,45.315359565,1
ojo_2024-05-25_4,32,none,,niblack,docling_rapidocr,qwen,8,0,0,0,8,0.0,0.0,0.0,0,,,,,9.016030285,1
ojo_2024-05-25_4,32,none,,none_color,docling_easyocr,qwen,8,0,0,0,8,0.0,0.0,0.0,0,,,,,40.271530395,1
ojo_2024-05-25_4,32,none,,none_color,docling_rapidocr,qwen,8,0,0,0,8,0.0,0.0,0.0,0,,,,,19.419745212,6
ojo_2024-05-25_4,32,none,,none_grayscale,docling_easyocr,qwen,8,0,0,0,8,0.0,0.0,0.0,0,,,,,40.481410986,1
ojo_2024-05-25_4,32,none,,none_grayscale,docling_rapidocr,qwen,8,0,0,0,8,0.0,0.0,0.0,0,,,,,20.803707128,6
ojo_2024-05-25_4,32,none,,otsu,docling_easyocr,qwen,8,0,0,0,8,0.0,0.0,0.0,0,,,,,40.817368513,1
ojo_2024-05-25_4,32,none,,otsu,docling_rapidocr,qwen,8,1,1,0,7,1.0,0.125,0.222222,1,2.727272727272727,2.0,0.0,0.0,10.070120817,0
ojo_2024-05-25_4,33,none,,adaptive_gaussian,docling_easyocr,qwen,8,0,0,0,8,0.0,0.0,0.0,0,,,,,37.459964115,1
ojo_2024-05-25_4,33,none,,adaptive_gaussian,docling_rapidocr,qwen,8,1,1,0,7,1.0,0.125,0.222222,1,2.727272727272727,2.0,0.0,0.0,10.031987745,0
ojo_2024-05-25_4,33,none,,adaptive_mean,docling_easyocr,qwen,8,0,0,0,8,0.0,0.0,0.0,0,,,,,39.806164104,1
ojo_2024-05-25_4,33,none,,adaptive_mean,docling_rapidocr,qwen,8,1,1,0,7,1.0,0.125,0.222222,1,2.727272727272727,2.0,0.0,0.0,9.944295007,0
ojo_2024-05-25_4,33,none,,basic,docling_easyocr,qwen,8,1,0,1,8,0.0,0.0,0.0,1,0.0,0.0,0.9993788819875776,1.0,42.989717417,0
ojo_2024-05-25_4,33,none,,basic,docling_rapidocr,qwen,8,2,2,0,6,1.0,0.25,0.4,2,2.496969696969697,2.333333333333333,0.5,0.5,10.316352777,0
ojo_2024-05-25_4,33,none,,niblack,docling_easyocr,qwen,8,0,0,0,8,0.0,0.0,0.0,0,,,,,38.685487409,1
ojo_2024-05-25_4,33,none,,niblack,docling_rapidocr,qwen,8,0,0,0,8,0.0,0.0,0.0,0,,,,,9.642859121,1
ojo_2024-05-25_4,33,none,,none_color,docling_easyocr,qwen,8,0,0,0,8,0.0,0.0,0.0,0,,,,,48.429067306,1
ojo_2024-05-25_4,33,none,,none_color,docling_rapidocr,qwen,8,3,3,0,5,1.0,0.375,0.545455,3,0.2882882882882883,0.3333333333333333,0.2875516762351898,0.3857982205808293,19.884497814,0
ojo_2024-05-25_4,33,none,,none_grayscale,docling_easyocr,qwen,8,0,0,0,8,0.0,0.0,0.0,0,,,,,46.287231617,1
ojo_2024-05-25_4,33,none,,none_grayscale,docling_rapidocr,qwen,8,3,3,0,5,1.0,0.375,0.545455,3,0.2882882882882883,0.3333333333333333,0.2606271037136188,0.3497621845447932,19.470834427,0
ojo_2024-05-25_4,33,none,,otsu,docling_easyocr,qwen,8,0,0,0,8,0.0,0.0,0.0,0,,,,,45.28835192,1
ojo_2024-05-25_4,33,none,,otsu,docling_rapidocr,qwen,8,2,1,1,7,0.5,0.125,0.2,2,1.7825552825552824,1.5,0.4517766497461929,0.5,10.383009341,0
ojo_2024-05-25_4,34,none,,adaptive_gaussian,docling_easyocr,qwen,8,0,0,0,8,0.0,0.0,0.0,0,,,,,41.091444068,1
ojo_2024-05-25_4,34,none,,adaptive_gaussian,docling_rapidocr,qwen,8,1,1,0,7,1.0,0.125,0.222222,1,2.727272727272727,2.0,0.0,0.0,9.956982904,0
ojo_2024-05-25_4,34,none,,adaptive_mean,docling_easyocr,qwen,8,0,0,0,8,0.0,0.0,0.0,0,,,,,35.85693007,1
ojo_2024-05-25_4,34,none,,adaptive_mean,docling_rapidocr,qwen,8,1,1,0,7,1.0,0.125,0.222222,1,2.727272727272727,2.0,0.0,0.0,11.746739202,0
ojo_2024-05-25_4,34,none,,basic,docling_easyocr,qwen,8,0,0,0,8,0.0,0.0,0.0,0,,,,,60.183594611,1
ojo_2024-05-25_4,34,none,,basic,docling_rapidocr,qwen,8,5,1,4,7,0.2,0.125,0.153846,4,0.8722943722943722,0.8083333333333333,0.7247404666461096,0.75,19.789381173,0
ojo_2024-05-25_4,34,none,,niblack,docling_easyocr,qwen,8,0,0,0,8,0.0,0.0,0.0,0,,,,,38.68354816,1
ojo_2024-05-25_4,34,none,,niblack,docling_rapidocr,qwen,8,0,0,0,8,0.0,0.0,0.0,0,,,,,10.8077249,1
ojo_2024-05-25_4,34,none,,none_color,docling_easyocr,qwen,8,2,1,1,7,0.5,0.125,0.2,2,1.4545454545454546,1.0,0.4715909090909091,0.5,49.580625442,0
ojo_2024-05-25_4,34,none,,none_color,docling_rapidocr,qwen,8,0,0,0,8,0.0,0.0,0.0,0,,,,,20.722971585,9
ojo_2024-05-25_4,34,none,,none_grayscale,docling_easyocr,qwen,8,2,2,0,6,1.0,0.25,0.4,2,2.587878787878788,2.333333333333333,0.0,0.0,50.048953441,0
ojo_2024-05-25_4,34,none,,none_grayscale,docling_rapidocr,qwen,8,8,4,4,4,0.5,0.5,0.5,7,0.5596397293261405,0.6210884353741497,0.38746225509785764,0.44994037354285804,20.033500102,0
ojo_2024-05-25_4,34,none,,otsu,docling_easyocr,qwen,8,0,0,0,8,0.0,0.0,0.0,0,,,,,44.752223233,1
ojo_2024-05-25_4,34,none,,otsu,docling_rapidocr,qwen,8,0,0,0,8,0.0,0.0,0.0,0,,,,,12.906517724,1
ojo_2024-05-25_4,35,none,,adaptive_gaussian,docling_easyocr,qwen,8,0,0,0,8,0.0,0.0,0.0,0,,,,,33.997355109,1
ojo_2024-05-25_4,35,none,,adaptive_gaussian,docling_rapidocr,qwen,8,1,1,0,7,1.0,0.125,0.222222,1,2.727272727272727,2.0,0.0,0.0,9.978242522,0
ojo_2024-05-25_4,35,none,,adaptive_mean,docling_easyocr,qwen,8,0,0,0,8,0.0,0.0,0.0,0,,,,,39.838556653,1
ojo_2024-05-25_4,35,none,,adaptive_mean,docling_rapidocr,qwen,8,1,1,0,7,1.0,0.125,0.222222,1,2.727272727272727,2.0,0.0,0.0,10.135904437,0
ojo_2024-05-25_4,35,none,,basic,docling_easyocr,qwen,8,0,0,0,8,0.0,0.0,0.0,0,,,,,34.994277696,1
ojo_2024-05-25_4,35,none,,basic,docling_rapidocr,qwen,8,0,0,0,8,0.0,0.0,0.0,0,,,,,10.941632489,1
ojo_2024-05-25_4,35,none,,niblack,docling_easyocr,qwen,8,0,0,0,8,0.0,0.0,0.0,0,,,,,39.270684978,1
ojo_2024-05-25_4,35,none,,niblack,docling_rapidocr,qwen,8,0,0,0,8,0.0,0.0,0.0,0,,,,,10.116079112,1
ojo_2024-05-25_4,35,none,,none_color,docling_easyocr,qwen,8,0,0,0,8,0.0,0.0,0.0,0,,,,,43.295035819,1
ojo_2024-05-25_4,35,none,,none_color,docling_rapidocr,qwen,8,8,4,4,4,0.5,0.5,0.5,6,0.6069780581975704,0.7150793650793652,0.4201777455387046,0.5256772865468518,17.679935912,0
ojo_2024-05-25_4,35,none,,none_grayscale,docling_easyocr,qwen,8,0,0,0,8,0.0,0.0,0.0,0,,,,,42.981260995,1
ojo_2024-05-25_4,35,none,,none_grayscale,docling_rapidocr,qwen,8,8,4,4,4,0.5,0.5,0.5,6,0.4736447248642371,0.5817460317460318,0.3922580848356357,0.48980072675724845,17.009981612,0
ojo_2024-05-25_4,35,none,,otsu,docling_easyocr,qwen,8,0,0,0,8,0.0,0.0,0.0,0,,,,,42.267757157,1
ojo_2024-05-25_4,35,none,,otsu,docling_rapidocr,qwen,8,0,0,0,8,0.0,0.0,0.0,0,,,,,11.365916947,1
ojo_2024-05-25_4,36,none,,adaptive_gaussian,docling_easyocr,qwen,8,0,0,0,8,0.0,0.0,0.0,0,,,,,34.192270974,1
ojo_2024-05-25_4,36,none,,adaptive_gaussian,docling_rapidocr,qwen,8,1,1,0,7,1.0,0.125,0.222222,1,2.727272727272727,2.0,0.0,0.0,8.791433076,0
ojo_2024-05-25_4,36,none,,adaptive_mean,docling_easyocr,qwen,8,0,0,0,8,0.0,0.0,0.0,0,,,,,34.66297696,1
ojo_2024-05-25_4,36,none,,adaptive_mean,docling_rapidocr,qwen,8,1,1,0,7,1.0,0.125,0.222222,1,2.727272727272727,2.0,0.0,0.0,8.904174308,0
ojo_2024-05-25_4,36,none,,basic,docling_easyocr,qwen,8,0,0,0,8,0.0,0.0,0.0,0,,,,,40.771813943,1
ojo_2024-05-25_4,36,none,,basic,docling_rapidocr,qwen,8,0,0,0,8,0.0,0.0,0.0,0,,,,,11.914254977,1
ojo_2024-05-25_4,36,none,,niblack,docling_easyocr,qwen,8,0,0,0,8,0.0,0.0,0.0,0,,,,,39.119526261,1
ojo_2024-05-25_4,36,none,,niblack,docling_rapidocr,qwen,8,0,0,0,8,0.0,0.0,0.0,0,,,,,10.232892627,1
ojo_2024-05-25_4,36,none,,none_color,docling_easyocr,qwen,8,0,0,0,8,0.0,0.0,0.0,0,,,,,37.118900373,1
ojo_2024-05-25_4,36,none,,none_color,docling_rapidocr,qwen,8,3,0,3,8,0.0,0.0,0.0,3,0.32432432432432434,0.3333333333333333,0.9148554785169218,0.9971014492753624,20.380020692,0
ojo_2024-05-25_4,36,none,,none_grayscale,docling_easyocr,qwen,8,0,0,0,8,0.0,0.0,0.0,0,,,,,35.831552817,1
ojo_2024-05-25_4,36,none,,none_grayscale,docling_rapidocr,qwen,8,3,0,3,8,0.0,0.0,0.0,3,0.32432432432432434,0.3333333333333333,0.917455986226677,0.9610542219237872,17.492138459,0
ojo_2024-05-25_4,36,none,,otsu,docling_easyocr,qwen,8,0,0,0,8,0.0,0.0,0.0,0,,,,,43.610879329,1
ojo_2024-05-25_4,36,none,,otsu,docling_rapidocr,qwen,8,0,0,0,8,0.0,0.0,0.0,0,,,,,13.242293265,1
ojo_2024-05-25_4,37,none,,adaptive_gaussian,docling_easyocr,qwen,8,0,0,0,8,0.0,0.0,0.0,0,,,,,39.962847285,1
ojo_2024-05-25_4,37,none,,adaptive_gaussian,docling_rapidocr,qwen,8,1,1,0,7,1.0,0.125,0.222222,1,2.909090909090909,2.0,0.0,0.0,11.170453601,0
ojo_2024-05-25_4,37,none,,adaptive_mean,docling_easyocr,qwen,8,0,0,0,8,0.0,0.0,0.0,0,,,,,39.679004483,1
ojo_2024-05-25_4,37,none,,adaptive_mean,docling_rapidocr,qwen,8,1,1,0,7,1.0,0.125,0.222222,1,2.727272727272727,2.0,0.0,0.0,10.415565782,0
ojo_2024-05-25_4,37,none,,basic,docling_easyocr,qwen,8,0,0,0,8,0.0,0.0,0.0,0,,,,,59.053682473,1
ojo_2024-05-25_4,37,none,,basic,docling_rapidocr,qwen,8,0,0,0,8,0.0,0.0,0.0,0,,,,,20.425528434,1
ojo_2024-05-25_4,37,none,,niblack,docling_easyocr,qwen,8,0,0,0,8,0.0,0.0,0.0,0,,,,,38.715997167,1
ojo_2024-05-25_4,37,none,,niblack,docling_rapidocr,qwen,8,0,0,0,8,0.0,0.0,0.0,0,,,,,9.787139602,1
ojo_2024-05-25_4,37,none,,none_color,docling_easyocr,qwen,8,0,0,0,8,0.0,0.0,0.0,0,,,,,38.47208133,1
ojo_2024-05-25_4,37,none,,none_color,docling_rapidocr,qwen,8,5,2,3,6,0.4,0.25,0.307692,5,0.5521212121212121,0.5866666666666667,0.6,0.6,21.123153117,0
ojo_2024-05-25_4,37,none,,none_grayscale,docling_easyocr,qwen,8,0,0,0,8,0.0,0.0,0.0,0,,,,,42.985234407,1
ojo_2024-05-25_4,37,none,,none_grayscale,docling_rapidocr,qwen,8,5,2,3,6,0.4,0.25,0.307692,5,0.5933333333333334,0.6666666666666666,0.5858156028368795,0.5971428571428572,20.644456771,0
ojo_2024-05-25_4,37,none,,otsu,docling_easyocr,qwen,8,0,0,0,8,0.0,0.0,0.0,0,,,,,62.030318023,1
ojo_2024-05-25_4,37,none,,otsu,docling_rapidocr,qwen,8,0,0,0,8,0.0,0.0,0.0,0,,,,,19.329427244,1
ojo_2024-05-25_4,38,none,,adaptive_gaussian,docling_easyocr,qwen,8,0,0,0,8,0.0,0.0,0.0,0,,,,,39.924784973,1
ojo_2024-05-25_4,38,none,,adaptive_gaussian,docling_rapidocr,qwen,8,1,1,0,7,1.0,0.125,0.222222,1,2.727272727272727,2.0,0.0,0.0,10.176510885,0
ojo_2024-05-25_4,38,none,,adaptive_mean,docling_easyocr,qwen,8,0,0,0,8,0.0,0.0,0.0,0,,,,,36.532866552,1
ojo_2024-05-25_4,38,none,,adaptive_mean,docling_rapidocr,qwen,8,1,1,0,7,1.0,0.125,0.222222,1,2.727272727272727,2.0,0.0,0.0,10.001807048,0
ojo_2024-05-25_4,38,none,,basic,docling_easyocr,qwen,8,0,0,0,8,0.0,0.0,0.0,0,,,,,40.624172616,1
ojo_2024-05-25_4,38,none,,basic,docling_rapidocr,qwen,8,1,1,0,7,1.0,0.125,0.222222,1,2.727272727272727,2.0,0.0,0.0,11.032049823,0
ojo_2024-05-25_4,38,none,,niblack,docling_easyocr,qwen,8,0,0,0,8,0.0,0.0,0.0,0,,,,,39.160394565,1
ojo_2024-05-25_4,38,none,,niblack,docling_rapidocr,qwen,8,0,0,0,8,0.0,0.0,0.0,0,,,,,9.098022119,1
ojo_2024-05-25_4,38,none,,none_color,docling_easyocr,qwen,8,0,0,0,8,0.0,0.0,0.0,0,,,,,41.186811376,1
ojo_2024-05-25_4,38,none,,none_color,docling_rapidocr,qwen,8,3,0,3,8,0.0,0.0,0.0,3,0.21621621621621623,0.26666666666666666,0.9328483625548291,0.9726372335067989,18.080507923,0
ojo_2024-05-25_4,38,none,,none_grayscale,docling_easyocr,qwen,8,0,0,0,8,0.0,0.0,0.0,0,,,,,38.039231229,1
ojo_2024-05-25_4,38,none,,none_grayscale,docling_rapidocr,qwen,8,3,0,3,8,0.0,0.0,0.0,3,0.21621621621621623,0.26666666666666666,0.9328483625548291,0.9726372335067989,20.178508926,0
ojo_2024-05-25_4,38,none,,otsu,docling_easyocr,qwen,8,0,0,0,8,0.0,0.0,0.0,0,,,,,41.9166569,1
ojo_2024-05-25_4,38,none,,otsu,docling_rapidocr,qwen,8,2,1,1,7,0.5,0.125,0.2,2,1.5587583148558757,1.3125,0.9926948051948052,1.0,12.779276061,0
ojo_2024-05-25_4,39,none,,adaptive_gaussian,docling_easyocr,qwen,8,0,0,0,8,0.0,0.0,0.0,0,,,,,47.429912961,1
ojo_2024-05-25_4,39,none,,adaptive_gaussian,docling_rapidocr,qwen,8,0,0,0,8,0.0,0.0,0.0,0,,,,,16.985196508,1
ojo_2024-05-25_4,39,none,,adaptive_mean,docling_easyocr,qwen,8,0,0,0,8,0.0,0.0,0.0,0,,,,,42.75205747,1
ojo_2024-05-25_4,39,none,,adaptive_mean,docling_rapidocr,qwen,8,1,1,0,7,1.0,0.125,0.222222,1,2.727272727272727,2.0,0.0,0.0,16.715464986,0
ojo_2024-05-25_4,39,none,,basic,docling_easyocr,qwen,8,0,0,0,8,0.0,0.0,0.0,0,,,,,78.109890949,1
ojo_2024-05-25_4,39,none,,basic,docling_rapidocr,qwen,8,1,0,1,8,0.0,0.0,0.0,1,0.0,0.0,0.7532467532467533,0.9043478260869565,25.901038419,0
ojo_2024-05-25_4,39,none,,niblack,docling_easyocr,qwen,8,0,0,0,8,0.0,0.0,0.0,0,,,,,45.8388248,1
ojo_2024-05-25_4,39,none,,niblack,docling_rapidocr,qwen,8,0,0,0,8,0.0,0.0,0.0,0,,,,,17.485740236,1
ojo_2024-05-25_4,39,none,,none_color,docling_easyocr,qwen,8,5,2,3,6,0.4,0.25,0.307692,5,1.1824242424242424,1.0666666666666669,0.6,0.6,77.272836458,0
ojo_2024-05-25_4,39,none,,none_color,docling_rapidocr,qwen,8,8,5,3,3,0.625,0.625,0.625,7,0.8473849658518648,0.9591836734693878,0.2954985198930573,0.3534620770645616,30.726932298,0
ojo_2024-05-25_4,39,none,,none_grayscale,docling_easyocr,qwen,8,5,0,5,8,0.0,0.0,0.0,5,0.5736936936936937,0.6933333333333334,0.9262767268945981,0.978293934815674,77.371537935,0
ojo_2024-05-25_4,39,none,,none_grayscale,docling_rapidocr,qwen,8,8,5,3,3,0.625,0.625,0.625,7,0.7816474513338625,0.9020408163265305,0.3237684393325472,0.3711083108598636,30.757758151,0
ojo_2024-05-25_4,39,none,,otsu,docling_easyocr,qwen,8,0,0,0,8,0.0,0.0,0.0,0,,,,,68.948034131,1
ojo_2024-05-25_4,39,none,,otsu,docling_rapidocr,qwen,8,1,1,0,7,1.0,0.125,0.222222,1,0.0,0.0,0.28733766233766234,0.6521739130434783,26.099354589,0
ojo_2024-05-25_4,40,none,,adaptive_gaussian,docling_easyocr,qwen,8,0,0,0,8,0.0,0.0,0.0,0,,,,,47.492678655,1
ojo_2024-05-25_4,40,none,,adaptive_gaussian,docling_rapidocr,qwen,8,0,0,0,8,0.0,0.0,0.0,0,,,,,16.727576745,1
ojo_2024-05-25_4,40,none,,adaptive_mean,docling_easyocr,qwen,8,0,0,0,8,0.0,0.0,0.0,0,,,,,46.675097001,1
ojo_2024-05-25_4,40,none,,adaptive_mean,docling_rapidocr,qwen,8,1,1,0,7,1.0,0.125,0.222222,1,2.727272727272727,2.0,0.0,0.0,17.454805387,0
ojo_2024-05-25_4,40,none,,basic,docling_easyocr,qwen,8,0,0,0,8,0.0,0.0,0.0,0,,,,,79.659051525,1
ojo_2024-05-25_4,40,none,,basic,docling_rapidocr,qwen,8,5,3,2,5,0.6,0.375,0.461538,5,0.4358652729384437,0.5297619047619048,0.6701680342475902,0.8272991794730926,29.900763141,0
ojo_2024-05-25_4,40,none,,niblack,docling_easyocr,qwen,8,0,0,0,8,0.0,0.0,0.0,0,,,,,46.042720868,1
ojo_2024-05-25_4,40,none,,niblack,docling_rapidocr,qwen,8,0,0,0,8,0.0,0.0,0.0,0,,,,,17.068101957,1
ojo_2024-05-25_4,40,none,,none_color,docling_easyocr,qwen,8,5,2,3,6,0.4,0.25,0.307692,5,0.8664449371766445,0.875,0.5693201774584754,0.5952380952380952,76.833459722,0
ojo_2024-05-25_4,40,none,,none_color,docling_rapidocr,qwen,8,0,0,0,8,0.0,0.0,0.0,0,,,,,30.987983095,13
ojo_2024-05-25_4,40,none,,none_grayscale,docling_easyocr,qwen,8,5,2,3,6,0.4,0.25,0.307692,5,0.8938646850841974,0.85,0.5311754235612104,0.5803055229142186,76.589514123,0
ojo_2024-05-25_4,40,none,,none_grayscale,docling_rapidocr,qwen,8,0,0,0,8,0.0,0.0,0.0,0,,,,,31.747050392,7
ojo_2024-05-25_4,40,none,,otsu,docling_easyocr,qwen,8,3,0,3,8,0.0,0.0,0.0,2,0.07712590639419908,0.14583333333333331,0.9943887634105026,1.0,79.376102626,0
ojo_2024-05-25_4,40,none,,otsu,docling_rapidocr,qwen,8,1,0,1,8,0.0,0.0,0.0,1,0.07317073170731707,0.125,0.9626623376623377,0.991304347826087,29.574798763,0
ojo_2024-05-25_4,41,none,,adaptive_gaussian,docling_easyocr,qwen,8,0,0,0,8,0.0,0.0,0.0,0,,,,,46.950752757,1
ojo_2024-05-25_4,41,none,,adaptive_gaussian,docling_rapidocr,qwen,8,1,1,0,7,1.0,0.125,0.222222,1,2.727272727272727,2.0,0.0,0.0,17.349495195,0
ojo_2024-05-25_4,41,none,,adaptive_mean,docling_easyocr,qwen,8,0,0,0,8,0.0,0.0,0.0,0,,,,,46.302390359,1
ojo_2024-05-25_4,41,none,,adaptive_mean,docling_rapidocr,qwen,8,1,1,0,7,1.0,0.125,0.222222,1,2.727272727272727,2.0,0.0,0.0,17.448324703,0
ojo_2024-05-25_4,41,none,,basic,docling_easyocr,qwen,8,0,0,0,8,0.0,0.0,0.0,0,,,,,62.988203403,1
ojo_2024-05-25_4,41,none,,basic,docling_rapidocr,qwen,8,1,0,1,8,0.0,0.0,0.0,1,0.0,0.0,0.9918831168831169,1.0,28.350298759,0
ojo_2024-05-25_4,41,none,,niblack,docling_easyocr,qwen,8,0,0,0,8,0.0,0.0,0.0,0,,,,,45.67149266,1
ojo_2024-05-25_4,41,none,,niblack,docling_rapidocr,qwen,8,0,0,0,8,0.0,0.0,0.0,0,,,,,17.639157379,1
ojo_2024-05-25_4,41,none,,none_color,docling_easyocr,qwen,8,0,0,0,8,0.0,0.0,0.0,0,,,,,78.975134965,1
ojo_2024-05-25_4,41,none,,none_color,docling_rapidocr,qwen,8,0,0,0,8,0.0,0.0,0.0,0,,,,,29.269108888,9
ojo_2024-05-25_4,41,none,,none_grayscale,docling_easyocr,qwen,8,0,0,0,8,0.0,0.0,0.0,0,,,,,80.032332298,1
ojo_2024-05-25_4,41,none,,none_grayscale,docling_rapidocr,qwen,8,0,0,0,8,0.0,0.0,0.0,0,,,,,31.028457996,9
ojo_2024-05-25_4,41,none,,otsu,docling_easyocr,qwen,8,0,0,0,8,0.0,0.0,0.0,0,,,,,73.490687593,1
ojo_2024-05-25_4,41,none,,otsu,docling_rapidocr,qwen,8,1,0,1,8,0.0,0.0,0.0,1,0.024390243902439025,0.125,0.6412337662337663,0.7739130434782608,29.697185262,0
ojo_2024-05-25_4,42,none,,adaptive_gaussian,docling_easyocr,qwen,8,0,0,0,8,0.0,0.0,0.0,0,,,,,36.017065705,1
ojo_2024-05-25_4,42,none,,adaptive_gaussian,docling_rapidocr,qwen,8,0,0,0,8,0.0,0.0,0.0,0,,,,,8.837091626,1
ojo_2024-05-25_4,42,none,,adaptive_mean,docling_easyocr,qwen,8,0,0,0,8,0.0,0.0,0.0,0,,,,,41.036307038,1
ojo_2024-05-25_4,42,none,,adaptive_mean,docling_rapidocr,qwen,8,0,0,0,8,0.0,0.0,0.0,0,,,,,10.14433402,1
ojo_2024-05-25_4,42,none,,basic,docling_easyocr,qwen,8,0,0,0,8,0.0,0.0,0.0,0,,,,,61.997007167,1
ojo_2024-05-25_4,42,none,,basic,docling_rapidocr,qwen,8,0,0,0,8,0.0,0.0,0.0,0,,,,,21.921339309,1
ojo_2024-05-25_4,42,none,,niblack,docling_easyocr,qwen,8,0,0,0,8,0.0,0.0,0.0,0,,,,,36.896657065,1
ojo_2024-05-25_4,42,none,,niblack,docling_rapidocr,qwen,8,0,0,0,8,0.0,0.0,0.0,0,,,,,9.836150722,1
ojo_2024-05-25_4,42,none,,none_color,docling_easyocr,qwen,8,0,0,0,8,0.0,0.0,0.0,0,,,,,61.496693408,1
ojo_2024-05-25_4,42,none,,none_color,docling_rapidocr,qwen,8,7,4,3,4,0.571429,0.5,0.533333,6,0.7421571397181154,0.7484126984126984,0.44814625098887295,0.7454621758969585,20.477004325,0
ojo_2024-05-25_4,42,none,,none_grayscale,docling_easyocr,qwen,8,0,0,0,8,0.0,0.0,0.0,0,,,,,71.843891179,1
ojo_2024-05-25_4,42,none,,none_grayscale,docling_rapidocr,qwen,8,7,4,3,4,0.571429,0.5,0.533333,6,0.6320751064653504,0.7150793650793651,0.49779057747834893,0.8107164476729695,23.056947267,0
ojo_2024-05-25_4,42,none,,otsu,docling_easyocr,qwen,8,0,0,0,8,0.0,0.0,0.0,0,,,,,62.702752936,1
ojo_2024-05-25_4,42,none,,otsu,docling_rapidocr,qwen,8,6,1,5,7,0.166667,0.125,0.142857,6,0.813381674357284,0.9611111111111111,0.8785758944926347,0.9489927816014773,20.542378772,0
ojo_2024-05-25_4,43,none,,adaptive_gaussian,docling_easyocr,qwen,8,0,0,0,8,0.0,0.0,0.0,0,,,,,39.838105693,1
ojo_2024-05-25_4,43,none,,adaptive_gaussian,docling_rapidocr,qwen,8,0,0,0,8,0.0,0.0,0.0,0,,,,,8.986053004,1
ojo_2024-05-25_4,43,none,,adaptive_mean,docling_easyocr,qwen,8,0,0,0,8,0.0,0.0,0.0,0,,,,,36.048091903,1
ojo_2024-05-25_4,43,none,,adaptive_mean,docling_rapidocr,qwen,8,0,0,0,8,0.0,0.0,0.0,0,,,,,9.805377975,1
ojo_2024-05-25_4,43,none,,basic,docling_easyocr,qwen,8,0,0,0,8,0.0,0.0,0.0,0,,,,,60.231568683,1
ojo_2024-05-25_4,43,none,,basic,docling_rapidocr,qwen,8,1,0,1,8,0.0,0.0,0.0,1,0.0975609756097561,0.125,0.7175324675324676,0.8956521739130435,20.895093072,0
ojo_2024-05-25_4,43,none,,niblack,docling_easyocr,qwen,8,0,0,0,8,0.0,0.0,0.0,0,,,,,38.124002843,1
ojo_2024-05-25_4,43,none,,niblack,docling_rapidocr,qwen,8,0,0,0,8,0.0,0.0,0.0,0,,,,,8.968409686,1
ojo_2024-05-25_4,43,none,,none_color,docling_easyocr,qwen,8,0,0,0,8,0.0,0.0,0.0,0,,,,,60.288892138,1
ojo_2024-05-25_4,43,none,,none_color,docling_rapidocr,qwen,8,0,0,0,8,0.0,0.0,0.0,0,,,,,22.654305804,6
ojo_2024-05-25_4,43,none,,none_grayscale,docling_easyocr,qwen,8,0,0,0,8,0.0,0.0,0.0,0,,,,,68.001240361,1
ojo_2024-05-25_4,43,none,,none_grayscale,docling_rapidocr,qwen,8,0,0,0,8,0.0,0.0,0.0,0,,,,,21.679043878,6
ojo_2024-05-25_4,43,none,,otsu,docling_easyocr,qwen,8,0,0,0,8,0.0,0.0,0.0,0,,,,,65.762565078,1
ojo_2024-05-25_4,43,none,,otsu,docling_rapidocr,qwen,8,0,0,0,8,0.0,0.0,0.0,0,,,,,19.862914027,5
ojo_2024-05-25_4,44,none,,adaptive_gaussian,docling_easyocr,qwen,8,0,0,0,8,0.0,0.0,0.0,0,,,,,37.228724017,1
ojo_2024-05-25_4,44,none,,adaptive_gaussian,docling_rapidocr,qwen,8,0,0,0,8,0.0,0.0,0.0,0,,,,,10.124105706,1
ojo_2024-05-25_4,44,none,,adaptive_mean,docling_easyocr,qwen,8,0,0,0,8,0.0,0.0,0.0,0,,,,,40.592808499,1
ojo_2024-05-25_4,44,none,,adaptive_mean,docling_rapidocr,qwen,8,0,0,0,8,0.0,0.0,0.0,0,,,,,9.263216987,1
ojo_2024-05-25_4,44,none,,basic,docling_easyocr,qwen,8,0,0,0,8,0.0,0.0,0.0,0,,,,,63.502109874,1
ojo_2024-05-25_4,44,none,,basic,docling_rapidocr,qwen,8,0,0,0,8,0.0,0.0,0.0,0,,,,,14.049585212,1
ojo_2024-05-25_4,44,none,,niblack,docling_easyocr,qwen,8,0,0,0,8,0.0,0.0,0.0,0,,,,,38.504010587,1
ojo_2024-05-25_4,44,none,,niblack,docling_rapidocr,qwen,8,0,0,0,8,0.0,0.0,0.0,0,,,,,9.689280181,1
ojo_2024-05-25_4,44,none,,none_color,docling_easyocr,qwen,8,0,0,0,8,0.0,0.0,0.0,0,,,,,70.717004407,1
ojo_2024-05-25_4,44,none,,none_color,docling_rapidocr,qwen,8,0,0,0,8,0.0,0.0,0.0,0,,,,,20.336213696,9
ojo_2024-05-25_4,44,none,,none_grayscale,docling_easyocr,qwen,8,0,0,0,8,0.0,0.0,0.0,0,,,,,71.452374804,1
ojo_2024-05-25_4,44,none,,none_grayscale,docling_rapidocr,qwen,8,0,0,0,8,0.0,0.0,0.0,0,,,,,22.212123502,9
ojo_2024-05-25_4,44,none,,otsu,docling_easyocr,qwen,8,0,0,0,8,0.0,0.0,0.0,0,,,,,69.565511573,1
ojo_2024-05-25_4,44,none,,otsu,docling_rapidocr,qwen,8,0,0,0,8,0.0,0.0,0.0,0,,,,,22.33929931,6
ojo_2024-05-25_4,45,none,,adaptive_gaussian,docling_easyocr,qwen,8,0,0,0,8,0.0,0.0,0.0,0,,,,,39.310320233,1
ojo_2024-05-25_4,45,none,,adaptive_gaussian,docling_rapidocr,qwen,8,0,0,0,8,0.0,0.0,0.0,0,,,,,9.682710027,1
ojo_2024-05-25_4,45,none,,adaptive_mean,docling_easyocr,qwen,8,0,0,0,8,0.0,0.0,0.0,0,,,,,38.521095132,1
ojo_2024-05-25_4,45,none,,basic,docling_easyocr,qwen,8,0,0,0,8,0.0,0.0,0.0,0,,,,,34.077356526,1
ojo_2024-05-25_4,45,none,,basic,docling_rapidocr,qwen,8,0,0,0,8,0.0,0.0,0.0,0,,,,,10.034619758,1
ojo_2024-05-25_4,45,none,,niblack,docling_easyocr,qwen,8,0,0,0,8,0.0,0.0,0.0,0,,,,,34.505377759,1
ojo_2024-05-25_4,45,none,,none_color,docling_easyocr,qwen,8,0,0,0,8,0.0,0.0,0.0,0,,,,,35.358144948,1
ojo_2024-05-25_4,45,none,,none_grayscale,docling_easyocr,qwen,8,0,0,0,8,0.0,0.0,0.0,0,,,,,38.893743226,1
ojo_2024-05-25_4,45,none,,otsu,docling_easyocr,qwen,8,0,0,0,8,0.0,0.0,0.0,0,,,,,33.602852657,1
ojo_2024-05-25_4,45,none,,otsu,docling_rapidocr,qwen,8,0,0,0,8,0.0,0.0,0.0,0,,,,,9.985113694,1
ojo_2024-05-25_4,45,none,,yannihorne,docling_easyocr,qwen,8,0,0,0,8,0.0,0.0,0.0,0,,,,,37.841686799,1
ojo_2024-05-25_4,46,none,,adaptive_gaussian,docling_easyocr,qwen,8,0,0,0,8,0.0,0.0,0.0,0,,,,,51.277601772,1
ojo_2024-05-25_4,46,none,,adaptive_gaussian,docling_rapidocr,qwen,8,0,0,0,8,0.0,0.0,0.0,0,,,,,11.108182244,1
ojo_2024-05-25_4,46,none,,adaptive_mean,docling_easyocr,qwen,8,0,0,0,8,0.0,0.0,0.0,0,,,,,51.633132034,1
ojo_2024-05-25_4,46,none,,basic,docling_easyocr,qwen,8,0,0,0,8,0.0,0.0,0.0,0,,,,,51.476697353,1
ojo_2024-05-25_4,46,none,,basic,docling_rapidocr,qwen,8,0,0,0,8,0.0,0.0,0.0,0,,,,,10.124453691,1
ojo_2024-05-25_4,46,none,,niblack,docling_easyocr,qwen,8,0,0,0,8,0.0,0.0,0.0,0,,,,,49.291710086,1
ojo_2024-05-25_4,46,none,,none_color,docling_easyocr,qwen,8,0,0,0,8,0.0,0.0,0.0,0,,,,,38.907932428,1
ojo_2024-05-25_4,46,none,,none_grayscale,docling_easyocr,qwen,8,0,0,0,8,0.0,0.0,0.0,0,,,,,53.015553859,1
ojo_2024-05-25_4,46,none,,otsu,docling_easyocr,qwen,8,0,0,0,8,0.0,0.0,0.0,0,,,,,51.475537685,1
ojo_2024-05-25_4,46,none,,otsu,docling_rapidocr,qwen,8,0,0,0,8,0.0,0.0,0.0,0,,,,,9.717116264,1
ojo_2024-05-25_4,47,none,,adaptive_gaussian,docling_easyocr,qwen,8,0,0,0,8,0.0,0.0,0.0,0,,,,,42.533502776,1
ojo_2024-05-25_4,47,none,,adaptive_gaussian,docling_rapidocr,qwen,8,0,0,0,8,0.0,0.0,0.0,0,,,,,9.96486922,1
ojo_2024-05-25_4,47,none,,adaptive_mean,docling_easyocr,qwen,8,0,0,0,8,0.0,0.0,0.0,0,,,,,43.010909755,1
ojo_2024-05-25_4,47,none,,basic,docling_easyocr,qwen,8,0,0,0,8,0.0,0.0,0.0,0,,,,,46.79433208,1
ojo_2024-05-25_4,47,none,,basic,docling_rapidocr,qwen,8,0,0,0,8,0.0,0.0,0.0,0,,,,,9.383710437,1
ojo_2024-05-25_4,47,none,,niblack,docling_easyocr,qwen,8,0,0,0,8,0.0,0.0,0.0,0,,,,,39.647161411,1
ojo_2024-05-25_4,47,none,,otsu,docling_easyocr,qwen,8,0,0,0,8,0.0,0.0,0.0,0,,,,,43.100510411,1
ojo_2024-05-25_4,47,none,,otsu,docling_rapidocr,qwen,8,0,0,0,8,0.0,0.0,0.0,0,,,,,9.832942777,1
ojo_2024-05-25_4,47,none,,yannihorne,docling_easyocr,qwen,8,0,0,0,8,0.0,0.0,0.0,0,,,,,39.670365863,1
ojo_2024-05-25_4,48,none,,adaptive_gaussian,docling_easyocr,qwen,8,0,0,0,8,0.0,0.0,0.0,0,,,,,56.884357007,1
ojo_2024-05-25_4,48,none,,adaptive_gaussian,docling_rapidocr,qwen,8,1,1,0,7,1.0,0.125,0.222222,1,2.727272727272727,2.0,0.0,0.0,32.38255957,0
ojo_2024-05-25_4,48,none,,adaptive_mean,docling_easyocr,qwen,8,0,0,0,8,0.0,0.0,0.0,0,,,,,62.523603233,1
ojo_2024-05-25_4,48,none,,adaptive_mean,docling_rapidocr,qwen,8,1,1,0,7,1.0,0.125,0.222222,1,2.727272727272727,2.0,0.0,0.0,32.111356767,0
ojo_2024-05-25_4,48,none,,basic,docling_easyocr,qwen,8,0,0,0,8,0.0,0.0,0.0,0,,,,,63.759139663,1
ojo_2024-05-25_4,48,none,,basic,docling_rapidocr,qwen,8,2,2,0,6,1.0,0.25,0.4,2,1.896969696969697,1.6666666666666665,0.0,0.0,32.433564311,0
ojo_2024-05-25_4,48,none,,niblack,docling_easyocr,qwen,8,0,0,0,8,0.0,0.0,0.0,0,,,,,56.73029487,1
ojo_2024-05-25_4,48,none,,niblack,docling_rapidocr,qwen,8,0,0,0,8,0.0,0.0,0.0,0,,,,,32.061499522,1
ojo_2024-05-25_4,48,none,,none_color,docling_easyocr,qwen,8,0,0,0,8,0.0,0.0,0.0,0,,,,,59.2771231,1
ojo_2024-05-25_4,48,none,,none_color,docling_rapidocr,qwen,8,5,1,4,7,0.2,0.125,0.153846,4,1.1175324675324676,1.0,0.7071969780399475,0.7456521739130435,42.753685838,0
ojo_2024-05-25_4,48,none,,none_grayscale,docling_easyocr,qwen,8,0,0,0,8,0.0,0.0,0.0,0,,,,,63.1377312,1
ojo_2024-05-25_4,48,none,,none_grayscale,docling_rapidocr,qwen,8,5,2,3,6,0.4,0.25,0.307692,5,1.2045021645021645,1.1333333333333333,0.5657575824319581,0.5965217391304348,40.385268098,0
ojo_2024-05-25_4,48,none,,otsu,docling_easyocr,qwen,8,0,0,0,8,0.0,0.0,0.0,0,,,,,61.838110334,1
ojo_2024-05-25_4,48,none,,otsu,docling_rapidocr,qwen,8,2,2,0,6,1.0,0.25,0.4,2,2.0303030303030303,1.8333333333333335,0.0,0.0,32.779678708,0
ojo_2024-05-25_4,49,none,,adaptive_gaussian,docling_easyocr,qwen,8,0,0,0,8,0.0,0.0,0.0,0,,,,,63.03787942,1
ojo_2024-05-25_4,49,none,,adaptive_gaussian,docling_rapidocr,qwen,8,1,1,0,7,1.0,0.125,0.222222,1,2.727272727272727,2.0,0.0,0.0,31.49179454,0
ojo_2024-05-25_4,49,none,,adaptive_mean,docling_easyocr,qwen,8,0,0,0,8,0.0,0.0,0.0,0,,,,,62.396224452,1
ojo_2024-05-25_4,49,none,,adaptive_mean,docling_rapidocr,qwen,8,0,0,0,8,0.0,0.0,0.0,0,,,,,32.310539437,1
ojo_2024-05-25_4,49,none,,basic,docling_easyocr,qwen,8,0,0,0,8,0.0,0.0,0.0,0,,,,,75.380864667,1
ojo_2024-05-25_4,49,none,,basic,docling_rapidocr,qwen,8,1,1,0,7,1.0,0.125,0.222222,1,2.727272727272727,2.0,0.0,0.0,35.06761341,0
ojo_2024-05-25_4,49,none,,niblack,docling_easyocr,qwen,8,0,0,0,8,0.0,0.0,0.0,0,,,,,61.987286582,1
ojo_2024-05-25_4,49,none,,niblack,docling_rapidocr,qwen,8,0,0,0,8,0.0,0.0,0.0,0,,,,,32.772837892,1
ojo_2024-05-25_4,49,none,,none_color,docling_easyocr,qwen,8,1,0,1,8,0.0,0.0,0.0,1,0.0,0.0,0.9993788819875776,1.0,60.429095077,0
ojo_2024-05-25_4,49,none,,none_color,docling_rapidocr,qwen,8,4,2,2,6,0.5,0.25,0.333333,4,0.5621212121212121,0.5,0.4784902597402597,0.49347826086956526,45.414349841,0
ojo_2024-05-25_4,49,none,,none_grayscale,docling_easyocr,qwen,8,1,0,1,8,0.0,0.0,0.0,1,0.0,0.0,0.9993788819875776,1.0,58.563953208,0
ojo_2024-05-25_4,49,none,,none_grayscale,docling_rapidocr,qwen,8,0,0,0,8,0.0,0.0,0.0,0,,,,,44.462029981,1
ojo_2024-05-25_4,49,none,,otsu,docling_easyocr,qwen,8,0,0,0,8,0.0,0.0,0.0,0,,,,,80.354433642,1
ojo_2024-05-25_4,49,none,,otsu,docling_rapidocr,qwen,8,0,0,0,8,0.0,0.0,0.0,0,,,,,41.065307723,1
ojo_2024-05-25_4,50,none,,adaptive_gaussian,docling_easyocr,qwen,8,0,0,0,8,0.0,0.0,0.0,0,,,,,62.91238099,1
ojo_2024-05-25_4,50,none,,adaptive_gaussian,docling_rapidocr,qwen,8,0,0,0,8,0.0,0.0,0.0,0,,,,,32.466666516,1
ojo_2024-05-25_4,50,none,,adaptive_mean,docling_easyocr,qwen,8,0,0,0,8,0.0,0.0,0.0,0,,,,,62.270605859,1
ojo_2024-05-25_4,50,none,,adaptive_mean,docling_rapidocr,qwen,8,1,1,0,7,1.0,0.125,0.222222,1,2.727272727272727,2.0,0.0,0.0,32.227066096,0
ojo_2024-05-25_4,50,none,,basic,docling_easyocr,qwen,8,0,0,0,8,0.0,0.0,0.0,0,,,,,57.120056779,1
ojo_2024-05-25_4,50,none,,basic,docling_rapidocr,qwen,8,0,0,0,8,0.0,0.0,0.0,0,,,,,32.329030425,1
ojo_2024-05-25_4,50,none,,niblack,docling_easyocr,qwen,8,0,0,0,8,0.0,0.0,0.0,0,,,,,61.641535068,1
ojo_2024-05-25_4,50,none,,niblack,docling_rapidocr,qwen,8,0,0,0,8,0.0,0.0,0.0,0,,,,,32.031815076,1
ojo_2024-05-25_4,50,none,,none_color,docling_easyocr,qwen,8,0,0,0,8,0.0,0.0,0.0,0,,,,,63.414649159,1
ojo_2024-05-25_4,50,none,,none_color,docling_rapidocr,qwen,8,2,0,2,8,0.0,0.0,0.0,2,0.4189189189189189,0.6,0.8800390599248467,0.991304347826087,43.430697114,0
ojo_2024-05-25_4,50,none,,none_grayscale,docling_easyocr,qwen,8,0,0,0,8,0.0,0.0,0.0,0,,,,,58.132678182,1
ojo_2024-05-25_4,50,none,,none_grayscale,docling_rapidocr,qwen,8,4,2,2,6,0.5,0.25,0.333333,4,1.084848484848485,0.6666666666666666,0.45893210050818745,0.4937216719825416,43.774644525,0
ojo_2024-05-25_4,50,none,,otsu,docling_easyocr,qwen,8,0,0,0,8,0.0,0.0,0.0,0,,,,,65.048716933,1
ojo_2024-05-25_4,50,none,,otsu,docling_rapidocr,qwen,8,2,2,0,6,1.0,0.25,0.4,2,1.9303030303030302,1.5,0.0,0.0,33.002834947,0
ojo_2024-05-25_4,51,none,,adaptive_gaussian,docling_easyocr,qwen,8,0,0,0,8,0.0,0.0,0.0,0,,,,,36.075440562,1
ojo_2024-05-25_4,51,none,,adaptive_gaussian,docling_rapidocr,qwen,8,1,1,0,7,1.0,0.125,0.222222,1,2.727272727272727,2.0,0.0,0.0,10.641298449,0
ojo_2024-05-25_4,51,none,,adaptive_mean,docling_easyocr,qwen,8,0,0,0,8,0.0,0.0,0.0,0,,,,,40.316160834,1
ojo_2024-05-25_4,51,none,,adaptive_mean,docling_rapidocr,qwen,8,1,1,0,7,1.0,0.125,0.222222,1,2.727272727272727,2.0,0.0,0.0,10.161487735,0
ojo_2024-05-25_4,51,none,,basic,docling_easyocr,qwen,8,0,0,0,8,0.0,0.0,0.0,0,,,,,70.827128659,1
ojo_2024-05-25_4,51,none,,basic,docling_rapidocr,qwen,8,0,0,0,8,0.0,0.0,0.0,0,,,,,22.223929654,5
ojo_2024-05-25_4,51,none,,niblack,docling_easyocr,qwen,8,0,0,0,8,0.0,0.0,0.0,0,,,,,39.346069076,1
ojo_2024-05-25_4,51,none,,niblack,docling_rapidocr,qwen,8,0,0,0,8,0.0,0.0,0.0,0,,,,,9.158525922,1
ojo_2024-05-25_4,51,none,,none_color,docling_easyocr,qwen,8,2,0,2,8,0.0,0.0,0.0,2,0.5630081300813008,0.625,0.920251143655399,1.0,69.099829684,0
ojo_2024-05-25_4,51,none,,none_color,docling_rapidocr,qwen,8,0,0,0,8,0.0,0.0,0.0,0,,,,,22.802287589,10
ojo_2024-05-25_4,51,none,,none_grayscale,docling_easyocr,qwen,8,6,2,4,6,0.333333,0.25,0.285714,6,0.8595519656495266,0.875,0.6247761189713087,0.6666666666666666,70.312953244,0
ojo_2024-05-25_4,51,none,,none_grayscale,docling_rapidocr,qwen,8,0,0,0,8,0.0,0.0,0.0,0,,,,,19.502605687,8
ojo_2024-05-25_4,51,none,,otsu,docling_easyocr,qwen,8,2,0,2,8,0.0,0.0,0.0,2,0.1015161502966381,0.20833333333333331,0.9962027103331451,1.0,71.084908807,0
ojo_2024-05-25_4,51,none,,otsu,docling_rapidocr,qwen,8,8,4,4,4,0.5,0.5,0.5,6,0.8958496824350483,0.9930555555555557,0.4787115957372159,0.6158096832009875,22.686551415,0
ojo_2024-05-25_4,52,none,,adaptive_gaussian,docling_easyocr,qwen,8,0,0,0,8,0.0,0.0,0.0,0,,,,,36.300926198,1
ojo_2024-05-25_4,52,none,,adaptive_gaussian,docling_rapidocr,qwen,8,0,0,0,8,0.0,0.0,0.0,0,,,,,10.55250739,1
ojo_2024-05-25_4,52,none,,adaptive_mean,docling_easyocr,qwen,8,0,0,0,8,0.0,0.0,0.0,0,,,,,40.586283196,1
ojo_2024-05-25_4,52,none,,adaptive_mean,docling_rapidocr,qwen,8,0,0,0,8,0.0,0.0,0.0,0,,,,,11.200801362,1
ojo_2024-05-25_4,52,none,,basic,docling_easyocr,qwen,8,0,0,0,8,0.0,0.0,0.0,0,,,,,62.513886058,1
ojo_2024-05-25_4,52,none,,basic,docling_rapidocr,qwen,8,0,0,0,8,0.0,0.0,0.0,0,,,,,20.031550967,6
ojo_2024-05-25_4,52,none,,niblack,docling_easyocr,qwen,8,0,0,0,8,0.0,0.0,0.0,0,,,,,33.449109439,1
ojo_2024-05-25_4,52,none,,niblack,docling_rapidocr,qwen,8,0,0,0,8,0.0,0.0,0.0,0,,,,,9.718838099,1
ojo_2024-05-25_4,52,none,,none_color,docling_easyocr,qwen,8,3,2,1,6,0.666667,0.25,0.363636,3,1.4186252771618626,1.125,0.33062770562770566,0.3333333333333333,69.491813266,0
ojo_2024-05-25_4,52,none,,none_color,docling_rapidocr,qwen,8,0,0,0,8,0.0,0.0,0.0,0,,,,,20.303269708,8
ojo_2024-05-25_4,52,none,,none_grayscale,docling_easyocr,qwen,8,0,0,0,8,0.0,0.0,0.0,0,,,,,61.310304486,1
ojo_2024-05-25_4,52,none,,none_grayscale,docling_rapidocr,qwen,8,0,0,0,8,0.0,0.0,0.0,0,,,,,23.124831998,8
ojo_2024-05-25_4,52,none,,otsu,docling_easyocr,qwen,8,1,0,1,8,0.0,0.0,0.0,1,0.02702702702702703,0.16666666666666666,0.9751552795031055,0.9884169884169884,71.384365952,0
ojo_2024-05-25_4,52,none,,otsu,docling_rapidocr,qwen,8,6,3,3,5,0.5,0.375,0.428571,6,0.9031725104895837,0.7986111111111112,0.46007753465544243,0.7653457523022741,23.294814742,0
ojo_2024-05-25_4,53,none,,adaptive_gaussian,docling_easyocr,qwen,8,0,0,0,8,0.0,0.0,0.0,0,,,,,50.994389358,1
ojo_2024-05-25_4,53,none,,adaptive_gaussian,docling_rapidocr,qwen,8,1,1,0,7,1.0,0.125,0.222222,1,2.727272727272727,2.0,0.0,0.0,10.466839137,0
ojo_2024-05-25_4,53,none,,adaptive_mean,docling_easyocr,qwen,8,0,0,0,8,0.0,0.0,0.0,0,,,,,50.708824697,1
ojo_2024-05-25_4,53,none,,adaptive_mean,docling_rapidocr,qwen,8,1,1,0,7,1.0,0.125,0.222222,1,2.727272727272727,2.0,0.0,0.0,9.917097869,0
ojo_2024-05-25_4,53,none,,basic,docling_easyocr,qwen,8,0,0,0,8,0.0,0.0,0.0,0,,,,,76.250094569,1
ojo_2024-05-25_4,53,none,,basic,docling_rapidocr,qwen,8,1,0,1,8,0.0,0.0,0.0,1,0.0,0.0,0.6314935064935064,0.8869565217391304,22.711966908,0
ojo_2024-05-25_4,53,none,,niblack,docling_easyocr,qwen,8,0,0,0,8,0.0,0.0,0.0,0,,,,,49.414052371,1
ojo_2024-05-25_4,53,none,,niblack,docling_rapidocr,qwen,8,0,0,0,8,0.0,0.0,0.0,0,,,,,9.502431754,1
ojo_2024-05-25_4,53,none,,none_color,docling_easyocr,qwen,8,1,0,1,8,0.0,0.0,0.0,1,0.0,0.0,0.9253246753246753,1.0,64.200268662,0
ojo_2024-05-25_4,53,none,,none_color,docling_rapidocr,qwen,8,0,0,0,8,0.0,0.0,0.0,0,,,,,23.601488984,8
ojo_2024-05-25_4,53,none,,none_grayscale,docling_easyocr,qwen,8,1,0,1,8,0.0,0.0,0.0,1,0.0,0.0,0.9253246753246753,1.0,79.615859664,0
ojo_2024-05-25_4,53,none,,none_grayscale,docling_rapidocr,qwen,8,0,0,0,8,0.0,0.0,0.0,0,,,,,22.76454798,8
ojo_2024-05-25_4,53,none,,otsu,docling_easyocr,qwen,8,2,1,1,7,0.5,0.125,0.2,2,0.5398373983739837,0.625,0.4667207792207792,0.4782608695652174,78.757354776,0
ojo_2024-05-25_4,53,none,,otsu,docling_rapidocr,qwen,8,6,5,1,3,0.833333,0.625,0.714286,6,0.6211476284647016,0.7319444444444444,0.5335115684763736,0.7251562968954274,20.397591631,0
ojo_2025-03-02_1,0,none,,adaptive_gaussian,docling_easyocr,qwen,5,0,0,0,5,0.0,0.0,0.0,0,,,,,51.459385799,1
ojo_2025-03-02_1,0,none,,adaptive_gaussian,docling_rapidocr,qwen,5,0,0,0,5,0.0,0.0,0.0,0,,,,,10.843955444,1
ojo_2025-03-02_1,0,none,,adaptive_mean,docling_easyocr,qwen,5,0,0,0,5,0.0,0.0,0.0,0,,,,,50.651772903,1
ojo_2025-03-02_1,0,none,,adaptive_mean,docling_rapidocr,qwen,5,0,0,0,5,0.0,0.0,0.0,0,,,,,9.505520986,1
ojo_2025-03-02_1,0,none,,basic,docling_easyocr,qwen,5,0,0,0,5,0.0,0.0,0.0,0,,,,,54.223957559,1
ojo_2025-03-02_1,0,none,,basic,docling_rapidocr,qwen,5,0,0,0,5,0.0,0.0,0.0,0,,,,,12.523265383,1
ojo_2025-03-02_1,0,none,,niblack,docling_easyocr,qwen,5,0,0,0,5,0.0,0.0,0.0,0,,,,,48.726783813,1
ojo_2025-03-02_1,0,none,,niblack,docling_rapidocr,qwen,5,0,0,0,5,0.0,0.0,0.0,0,,,,,9.895901502,1
ojo_2025-03-02_1,0,none,,none_color,docling_easyocr,qwen,5,0,0,0,5,0.0,0.0,0.0,0,,,,,55.226146719,1
ojo_2025-03-02_1,0,none,,none_color,docling_rapidocr,qwen,5,0,0,0,5,0.0,0.0,0.0,0,,,,,14.519672891,1
ojo_2025-03-02_1,0,none,,none_grayscale,docling_easyocr,qwen,5,0,0,0,5,0.0,0.0,0.0,0,,,,,55.106825134,1
ojo_2025-03-02_1,0,none,,none_grayscale,docling_rapidocr,qwen,5,0,0,0,5,0.0,0.0,0.0,0,,,,,14.540817043,1
ojo_2025-03-02_1,0,none,,otsu,docling_easyocr,qwen,5,0,0,0,5,0.0,0.0,0.0,0,,,,,54.565959547,1
ojo_2025-03-02_1,0,none,,otsu,docling_rapidocr,qwen,5,0,0,0,5,0.0,0.0,0.0,0,,,,,13.688266132,1
ojo_2025-03-02_1,0,none,,yannihorne,docling_easyocr,qwen,5,0,0,0,5,0.0,0.0,0.0,0,,,,,48.812449549,1
ojo_2025-03-02_1,0,none,,yannihorne,docling_rapidocr,qwen,5,0,0,0,5,0.0,0.0,0.0,0,,,,,9.854513262,1
ojo_2025-03-02_1,1,none,,adaptive_gaussian,docling_easyocr,qwen,5,0,0,0,5,0.0,0.0,0.0,0,,,,,48.415517568,1
ojo_2025-03-02_1,1,none,,adaptive_gaussian,docling_rapidocr,qwen,5,0,0,0,5,0.0,0.0,0.0,0,,,,,11.014541387,1
ojo_2025-03-02_1,1,none,,adaptive_mean,docling_easyocr,qwen,5,0,0,0,5,0.0,0.0,0.0,0,,,,,49.379225492,1
ojo_2025-03-02_1,1,none,,adaptive_mean,docling_rapidocr,qwen,5,0,0,0,5,0.0,0.0,0.0,0,,,,,10.888461351,1
ojo_2025-03-02_1,1,none,,basic,docling_easyocr,qwen,5,0,0,0,5,0.0,0.0,0.0,0,,,,,53.854652498,1
ojo_2025-03-02_1,1,none,,basic,docling_rapidocr,qwen,5,0,0,0,5,0.0,0.0,0.0,0,,,,,11.370963428,1
ojo_2025-03-02_1,1,none,,niblack,docling_easyocr,qwen,5,0,0,0,5,0.0,0.0,0.0,0,,,,,45.921356262,1
ojo_2025-03-02_1,1,none,,niblack,docling_rapidocr,qwen,5,0,0,0,5,0.0,0.0,0.0,0,,,,,10.094292702,1
ojo_2025-03-02_1,1,none,,none_color,docling_easyocr,qwen,5,0,0,0,5,0.0,0.0,0.0,0,,,,,53.682014797,1
ojo_2025-03-02_1,1,none,,none_color,docling_rapidocr,qwen,5,0,0,0,5,0.0,0.0,0.0,0,,,,,14.538090322,1
ojo_2025-03-02_1,1,none,,none_grayscale,docling_easyocr,qwen,5,0,0,0,5,0.0,0.0,0.0,0,,,,,53.659731958,1
ojo_2025-03-02_1,1,none,,none_grayscale,docling_rapidocr,qwen,5,0,0,0,5,0.0,0.0,0.0,0,,,,,13.648060654,1
ojo_2025-03-02_1,1,none,,otsu,docling_easyocr,qwen,5,0,0,0,5,0.0,0.0,0.0,0,,,,,53.834137367,1
ojo_2025-03-02_1,1,none,,otsu,docling_rapidocr,qwen,5,0,0,0,5,0.0,0.0,0.0,0,,,,,14.117781328,1
ojo_2025-03-02_1,2,none,,adaptive_gaussian,docling_easyocr,qwen,5,0,0,0,5,0.0,0.0,0.0,0,,,,,42.204654217,1
ojo_2025-03-02_1,2,none,,adaptive_gaussian,docling_rapidocr,qwen,5,0,0,0,5,0.0,0.0,0.0,0,,,,,8.836971521,1
ojo_2025-03-02_1,2,none,,adaptive_mean,docling_easyocr,qwen,5,0,0,0,5,0.0,0.0,0.0,0,,,,,41.543877601,1
ojo_2025-03-02_1,2,none,,adaptive_mean,docling_rapidocr,qwen,5,0,0,0,5,0.0,0.0,0.0,0,,,,,10.383853197,1
ojo_2025-03-02_1,2,none,,basic,docling_easyocr,qwen,5,0,0,0,5,0.0,0.0,0.0,0,,,,,45.875151489,1
ojo_2025-03-02_1,2,none,,basic,docling_rapidocr,qwen,5,0,0,0,5,0.0,0.0,0.0,0,,,,,10.33718786,1
ojo_2025-03-02_1,2,none,,niblack,docling_easyocr,qwen,5,0,0,0,5,0.0,0.0,0.0,0,,,,,39.610959425,1
ojo_2025-03-02_1,2,none,,niblack,docling_rapidocr,qwen,5,0,0,0,5,0.0,0.0,0.0,0,,,,,9.220700636,1
ojo_2025-03-02_1,2,none,,none_color,docling_easyocr,qwen,5,0,0,0,5,0.0,0.0,0.0,0,,,,,49.859647606,1
ojo_2025-03-02_1,2,none,,none_color,docling_rapidocr,qwen,5,0,0,0,5,0.0,0.0,0.0,0,,,,,12.095476959,1
ojo_2025-03-02_1,2,none,,none_grayscale,docling_easyocr,qwen,5,0,0,0,5,0.0,0.0,0.0,0,,,,,49.023190353,1
ojo_2025-03-02_1,2,none,,none_grayscale,docling_rapidocr,qwen,5,0,0,0,5,0.0,0.0,0.0,0,,,,,14.0873929,1
ojo_2025-03-02_1,2,none,,otsu,docling_easyocr,qwen,5,0,0,0,5,0.0,0.0,0.0,0,,,,,47.617637489,1
ojo_2025-03-02_1,2,none,,otsu,docling_rapidocr,qwen,5,0,0,0,5,0.0,0.0,0.0,0,,,,,12.984973524,1
ojo_2025-03-02_1,2,none,,yannihorne,docling_easyocr,qwen,5,0,0,0,5,0.0,0.0,0.0,0,,,,,34.695212696,1
ojo_2025-03-02_1,2,none,,yannihorne,docling_rapidocr,qwen,5,0,0,0,5,0.0,0.0,0.0,0,,,,,10.00236759,1
ojo_2025-03-02_1,3,none,,adaptive_gaussian,docling_easyocr,qwen,5,0,0,0,5,0.0,0.0,0.0,0,,,,,39.381185697,1
ojo_2025-03-02_1,3,none,,adaptive_gaussian,docling_rapidocr,qwen,5,0,0,0,5,0.0,0.0,0.0,0,,,,,10.476046966,1
ojo_2025-03-02_1,3,none,,adaptive_mean,docling_easyocr,qwen,5,0,0,0,5,0.0,0.0,0.0,0,,,,,35.506398844,1
ojo_2025-03-02_1,3,none,,adaptive_mean,docling_rapidocr,qwen,5,0,0,0,5,0.0,0.0,0.0,0,,,,,10.573217319,1
ojo_2025-03-02_1,3,none,,basic,docling_easyocr,qwen,5,0,0,0,5,0.0,0.0,0.0,0,,,,,40.938077471,1
ojo_2025-03-02_1,3,none,,basic,docling_rapidocr,qwen,5,0,0,0,5,0.0,0.0,0.0,0,,,,,11.780604145,1
ojo_2025-03-02_1,3,none,,niblack,docling_easyocr,qwen,5,0,0,0,5,0.0,0.0,0.0,0,,,,,37.654996933,1
ojo_2025-03-02_1,3,none,,niblack,docling_rapidocr,qwen,5,0,0,0,5,0.0,0.0,0.0,0,,,,,8.231356205,1
ojo_2025-03-02_1,3,none,,none_color,docling_easyocr,qwen,5,0,0,0,5,0.0,0.0,0.0,0,,,,,42.440961382,1
ojo_2025-03-02_1,3,none,,none_color,docling_rapidocr,qwen,5,0,0,0,5,0.0,0.0,0.0,0,,,,,12.150377294,1
ojo_2025-03-02_1,3,none,,none_grayscale,docling_easyocr,qwen,5,0,0,0,5,0.0,0.0,0.0,0,,,,,40.720792076,1
ojo_2025-03-02_1,3,none,,none_grayscale,docling_rapidocr,qwen,5,0,0,0,5,0.0,0.0,0.0,0,,,,,11.918148062,1
ojo_2025-03-02_1,3,none,,otsu,docling_easyocr,qwen,5,0,0,0,5,0.0,0.0,0.0,0,,,,,38.062093444,1
ojo_2025-03-02_1,3,none,,otsu,docling_rapidocr,qwen,5,0,0,0,5,0.0,0.0,0.0,0,,,,,11.423777289,1
ojo_2025-03-02_1,3,none,,yannihorne,docling_easyocr,qwen,5,0,0,0,5,0.0,0.0,0.0,0,,,,,36.699479051,1
ojo_2025-03-02_1,3,none,,yannihorne,docling_rapidocr,qwen,5,0,0,0,5,0.0,0.0,0.0,0,,,,,10.244503684,1
ojo_2025-03-02_1,4,none,,adaptive_gaussian,docling_easyocr,qwen,5,0,0,0,5,0.0,0.0,0.0,0,,,,,39.936488482,1
ojo_2025-03-02_1,4,none,,adaptive_gaussian,docling_rapidocr,qwen,5,0,0,0,5,0.0,0.0,0.0,0,,,,,9.706662271,1
ojo_2025-03-02_1,4,none,,adaptive_mean,docling_easyocr,qwen,5,0,0,0,5,0.0,0.0,0.0,0,,,,,39.28975949,1
ojo_2025-03-02_1,4,none,,adaptive_mean,docling_rapidocr,qwen,5,0,0,0,5,0.0,0.0,0.0,0,,,,,11.069149825,1
ojo_2025-03-02_1,4,none,,basic,docling_easyocr,qwen,5,0,0,0,5,0.0,0.0,0.0,0,,,,,41.820789523,1
ojo_2025-03-02_1,4,none,,basic,docling_rapidocr,qwen,5,0,0,0,5,0.0,0.0,0.0,0,,,,,12.091274924,1
ojo_2025-03-02_1,4,none,,niblack,docling_easyocr,qwen,5,0,0,0,5,0.0,0.0,0.0,0,,,,,41.916918193,1
ojo_2025-03-02_1,4,none,,niblack,docling_rapidocr,qwen,5,0,0,0,5,0.0,0.0,0.0,0,,,,,9.945366775,1
ojo_2025-03-02_1,4,none,,none_color,docling_easyocr,qwen,5,0,0,0,5,0.0,0.0,0.0,0,,,,,42.117052264,1
ojo_2025-03-02_1,4,none,,none_color,docling_rapidocr,qwen,5,0,0,0,5,0.0,0.0,0.0,0,,,,,12.783089347,1
ojo_2025-03-02_1,4,none,,none_grayscale,docling_easyocr,qwen,5,0,0,0,5,0.0,0.0,0.0,0,,,,,36.619245,1
ojo_2025-03-02_1,4,none,,none_grayscale,docling_rapidocr,qwen,5,0,0,0,5,0.0,0.0,0.0,0,,,,,12.485472865,1
ojo_2025-03-02_1,4,none,,otsu,docling_easyocr,qwen,5,0,0,0,5,0.0,0.0,0.0,0,,,,,43.217536708,1
ojo_2025-03-02_1,4,none,,otsu,docling_rapidocr,qwen,5,0,0,0,5,0.0,0.0,0.0,0,,,,,10.497817775,1
ojo_2025-03-02_1,4,none,,yannihorne,docling_easyocr,qwen,5,0,0,0,5,0.0,0.0,0.0,0,,,,,42.568686744,1
ojo_2025-03-02_1,4,none,,yannihorne,docling_rapidocr,qwen,5,0,0,0,5,0.0,0.0,0.0,0,,,,,8.975498696,1
ojo_2025-03-02_1,5,none,,adaptive_gaussian,docling_easyocr,qwen,5,0,0,0,5,0.0,0.0,0.0,0,,,,,44.696690652,1
ojo_2025-03-02_1,5,none,,adaptive_gaussian,docling_rapidocr,qwen,5,0,0,0,5,0.0,0.0,0.0,0,,,,,10.628352496,1
ojo_2025-03-02_1,5,none,,adaptive_mean,docling_easyocr,qwen,5,0,0,0,5,0.0,0.0,0.0,0,,,,,34.612609956,1
ojo_2025-03-02_1,5,none,,adaptive_mean,docling_rapidocr,qwen,5,0,0,0,5,0.0,0.0,0.0,0,,,,,11.179916474,1
ojo_2025-03-02_1,5,none,,basic,docling_easyocr,qwen,5,0,0,0,5,0.0,0.0,0.0,0,,,,,38.89832849,1
ojo_2025-03-02_1,5,none,,basic,docling_rapidocr,qwen,5,0,0,0,5,0.0,0.0,0.0,0,,,,,11.320558257,1
ojo_2025-03-02_1,5,none,,niblack,docling_easyocr,qwen,5,0,0,0,5,0.0,0.0,0.0,0,,,,,42.360257375,1
ojo_2025-03-02_1,5,none,,niblack,docling_rapidocr,qwen,5,0,0,0,5,0.0,0.0,0.0,0,,,,,10.421933162,1
ojo_2025-03-02_1,5,none,,none_color,docling_easyocr,qwen,5,0,0,0,5,0.0,0.0,0.0,0,,,,,52.993118949,1
ojo_2025-03-02_1,5,none,,none_color,docling_rapidocr,qwen,5,0,0,0,5,0.0,0.0,0.0,0,,,,,12.133533425,1
ojo_2025-03-02_1,5,none,,none_grayscale,docling_easyocr,qwen,5,0,0,0,5,0.0,0.0,0.0,0,,,,,51.757239766,1
ojo_2025-03-02_1,5,none,,none_grayscale,docling_rapidocr,qwen,5,0,0,0,5,0.0,0.0,0.0,0,,,,,10.605021186,1
ojo_2025-03-02_1,5,none,,otsu,docling_easyocr,qwen,5,0,0,0,5,0.0,0.0,0.0,0,,,,,37.860789485,1
ojo_2025-03-02_1,5,none,,otsu,docling_rapidocr,qwen,5,0,0,0,5,0.0,0.0,0.0,0,,,,,12.011775918,1
ojo_2025-03-02_1,5,none,,yannihorne,docling_easyocr,qwen,5,0,0,0,5,0.0,0.0,0.0,0,,,,,42.376849122,1
ojo_2025-03-02_1,5,none,,yannihorne,docling_rapidocr,qwen,5,0,0,0,5,0.0,0.0,0.0,0,,,,,8.896752067,1
ojo_2025-03-02_1,6,none,,adaptive_gaussian,docling_easyocr,qwen,5,0,0,0,5,0.0,0.0,0.0,0,,,,,42.530818482,1
ojo_2025-03-02_1,6,none,,adaptive_gaussian,docling_rapidocr,qwen,5,0,0,0,5,0.0,0.0,0.0,0,,,,,10.482355853,1
ojo_2025-03-02_1,6,none,,adaptive_mean,docling_easyocr,qwen,5,0,0,0,5,0.0,0.0,0.0,0,,,,,40.933907529,1
ojo_2025-03-02_1,6,none,,adaptive_mean,docling_rapidocr,qwen,5,0,0,0,5,0.0,0.0,0.0,0,,,,,10.678530713,1
ojo_2025-03-02_1,6,none,,basic,docling_easyocr,qwen,5,0,0,0,5,0.0,0.0,0.0,0,,,,,39.335218305,1
ojo_2025-03-02_1,6,none,,basic,docling_rapidocr,qwen,5,0,0,0,5,0.0,0.0,0.0,0,,,,,11.217963094,1
ojo_2025-03-02_1,6,none,,niblack,docling_easyocr,qwen,5,0,0,0,5,0.0,0.0,0.0,0,,,,,34.666600308,1
ojo_2025-03-02_1,6,none,,niblack,docling_rapidocr,qwen,5,0,0,0,5,0.0,0.0,0.0,0,,,,,10.030914149,1
ojo_2025-03-02_1,6,none,,none_color,docling_easyocr,qwen,5,0,0,0,5,0.0,0.0,0.0,0,,,,,42.262040729,1
ojo_2025-03-02_1,6,none,,none_color,docling_rapidocr,qwen,5,0,0,0,5,0.0,0.0,0.0,0,,,,,12.045688027,1
ojo_2025-03-02_1,6,none,,none_grayscale,docling_easyocr,qwen,5,0,0,0,5,0.0,0.0,0.0,0,,,,,41.706292981,1
ojo_2025-03-02_1,6,none,,none_grayscale,docling_rapidocr,qwen,5,0,0,0,5,0.0,0.0,0.0,0,,,,,11.491556758,1
ojo_2025-03-02_1,6,none,,otsu,docling_easyocr,qwen,5,0,0,0,5,0.0,0.0,0.0,0,,,,,44.26525516,1
ojo_2025-03-02_1,6,none,,otsu,docling_rapidocr,qwen,5,0,0,0,5,0.0,0.0,0.0,0,,,,,11.861487098,1
ojo_2025-03-02_1,6,none,,yannihorne,docling_easyocr,qwen,5,0,0,0,5,0.0,0.0,0.0,0,,,,,39.025420852,1
ojo_2025-03-02_1,6,none,,yannihorne,docling_rapidocr,qwen,5,0,0,0,5,0.0,0.0,0.0,0,,,,,10.047651,1
ojo_2025-03-02_1,7,none,,adaptive_gaussian,docling_easyocr,qwen,5,0,0,0,5,0.0,0.0,0.0,0,,,,,42.250740621,1
ojo_2025-03-02_1,7,none,,adaptive_gaussian,docling_rapidocr,qwen,5,0,0,0,5,0.0,0.0,0.0,0,,,,,10.891772124,1
ojo_2025-03-02_1,7,none,,adaptive_mean,docling_easyocr,qwen,5,0,0,0,5,0.0,0.0,0.0,0,,,,,40.79084954,1
ojo_2025-03-02_1,7,none,,adaptive_mean,docling_rapidocr,qwen,5,0,0,0,5,0.0,0.0,0.0,0,,,,,10.644267413,1
ojo_2025-03-02_1,7,none,,basic,docling_easyocr,qwen,5,0,0,0,5,0.0,0.0,0.0,0,,,,,46.172837205,1
ojo_2025-03-02_1,7,none,,basic,docling_rapidocr,qwen,5,0,0,0,5,0.0,0.0,0.0,0,,,,,10.2243082,1
ojo_2025-03-02_1,7,none,,niblack,docling_easyocr,qwen,5,0,0,0,5,0.0,0.0,0.0,0,,,,,40.114476357,1
ojo_2025-03-02_1,7,none,,niblack,docling_rapidocr,qwen,5,0,0,0,5,0.0,0.0,0.0,0,,,,,8.556745206,1
ojo_2025-03-02_1,7,none,,none_color,docling_easyocr,qwen,5,0,0,0,5,0.0,0.0,0.0,0,,,,,39.657311864,1
ojo_2025-03-02_1,7,none,,none_color,docling_rapidocr,qwen,5,0,0,0,5,0.0,0.0,0.0,0,,,,,13.772535987,1
ojo_2025-03-02_1,7,none,,none_grayscale,docling_easyocr,qwen,5,0,0,0,5,0.0,0.0,0.0,0,,,,,45.643876262,1
ojo_2025-03-02_1,7,none,,none_grayscale,docling_rapidocr,qwen,5,0,0,0,5,0.0,0.0,0.0,0,,,,,11.088040538,1
ojo_2025-03-02_1,7,none,,otsu,docling_easyocr,qwen,5,0,0,0,5,0.0,0.0,0.0,0,,,,,45.789700795,1
ojo_2025-03-02_1,7,none,,otsu,docling_rapidocr,qwen,5,0,0,0,5,0.0,0.0,0.0,0,,,,,10.950660039,1
ojo_2025-03-02_1,7,none,,yannihorne,docling_easyocr,qwen,5,0,0,0,5,0.0,0.0,0.0,0,,,,,39.537856865,1
ojo_2025-03-02_1,7,none,,yannihorne,docling_rapidocr,qwen,5,0,0,0,5,0.0,0.0,0.0,0,,,,,10.396835375,1
ojo_2025-03-02_1,8,none,,adaptive_gaussian,docling_easyocr,qwen,5,0,0,0,5,0.0,0.0,0.0,0,,,,,39.161625744,1
ojo_2025-03-02_1,8,none,,adaptive_gaussian,docling_rapidocr,qwen,5,0,0,0,5,0.0,0.0,0.0,0,,,,,10.987842442,1
ojo_2025-03-02_1,8,none,,adaptive_mean,docling_easyocr,qwen,5,0,0,0,5,0.0,0.0,0.0,0,,,,,42.374178292,1
ojo_2025-03-02_1,8,none,,adaptive_mean,docling_rapidocr,qwen,5,0,0,0,5,0.0,0.0,0.0,0,,,,,10.54594648,1
ojo_2025-03-02_1,8,none,,basic,docling_easyocr,qwen,5,0,0,0,5,0.0,0.0,0.0,0,,,,,42.64083836,1
ojo_2025-03-02_1,8,none,,basic,docling_rapidocr,qwen,5,0,0,0,5,0.0,0.0,0.0,0,,,,,10.500120616,1
ojo_2025-03-02_1,8,none,,niblack,docling_easyocr,qwen,5,0,0,0,5,0.0,0.0,0.0,0,,,,,38.98666145,1
ojo_2025-03-02_1,8,none,,niblack,docling_rapidocr,qwen,5,0,0,0,5,0.0,0.0,0.0,0,,,,,10.226522223,1
ojo_2025-03-02_1,8,none,,none_color,docling_easyocr,qwen,5,0,0,0,5,0.0,0.0,0.0,0,,,,,43.948682284,1
ojo_2025-03-02_1,8,none,,none_color,docling_rapidocr,qwen,5,0,0,0,5,0.0,0.0,0.0,0,,,,,11.537620043,1
ojo_2025-03-02_1,8,none,,none_grayscale,docling_easyocr,qwen,5,0,0,0,5,0.0,0.0,0.0,0,,,,,43.814458346,1
ojo_2025-03-02_1,8,none,,none_grayscale,docling_rapidocr,qwen,5,0,0,0,5,0.0,0.0,0.0,0,,,,,11.806967234,1
ojo_2025-03-02_1,8,none,,otsu,docling_easyocr,qwen,5,0,0,0,5,0.0,0.0,0.0,0,,,,,44.455458378,1
ojo_2025-03-02_1,8,none,,otsu,docling_rapidocr,qwen,5,0,0,0,5,0.0,0.0,0.0,0,,,,,11.51587913,1
ojo_2025-03-02_1,8,none,,yannihorne,docling_easyocr,qwen,5,0,0,0,5,0.0,0.0,0.0,0,,,,,36.681519484,1
ojo_2025-03-02_1,8,none,,yannihorne,docling_rapidocr,qwen,5,0,0,0,5,0.0,0.0,0.0,0,,,,,10.188612437,1
ojo_2025-03-02_1,9,none,,adaptive_gaussian,docling_easyocr,qwen,5,0,0,0,5,0.0,0.0,0.0,0,,,,,42.449932147,1
ojo_2025-03-02_1,9,none,,adaptive_gaussian,docling_rapidocr,qwen,5,0,0,0,5,0.0,0.0,0.0,0,,,,,10.549945164,1
ojo_2025-03-02_1,9,none,,adaptive_mean,docling_easyocr,qwen,5,0,0,0,5,0.0,0.0,0.0,0,,,,,41.715477515,1
ojo_2025-03-02_1,9,none,,adaptive_mean,docling_rapidocr,qwen,5,0,0,0,5,0.0,0.0,0.0,0,,,,,9.406549025,1
ojo_2025-03-02_1,9,none,,basic,docling_easyocr,qwen,5,0,0,0,5,0.0,0.0,0.0,0,,,,,44.367446803,1
ojo_2025-03-02_1,9,none,,basic,docling_rapidocr,qwen,5,0,0,0,5,0.0,0.0,0.0,0,,,,,12.306509636,1
ojo_2025-03-02_1,9,none,,niblack,docling_easyocr,qwen,5,0,0,0,5,0.0,0.0,0.0,0,,,,,40.438316216,1
ojo_2025-03-02_1,9,none,,niblack,docling_rapidocr,qwen,5,1,1,0,4,1.0,0.2,0.333333,1,0.9166666666666666,1.0,0.0,0.0,10.010184636,0
ojo_2025-03-02_1,9,none,,none_color,docling_easyocr,qwen,5,0,0,0,5,0.0,0.0,0.0,0,,,,,38.199782752,1
ojo_2025-03-02_1,9,none,,none_color,docling_rapidocr,qwen,5,0,0,0,5,0.0,0.0,0.0,0,,,,,12.399087571,1
ojo_2025-03-02_1,9,none,,none_grayscale,docling_easyocr,qwen,5,0,0,0,5,0.0,0.0,0.0,0,,,,,43.878135346,1
ojo_2025-03-02_1,9,none,,none_grayscale,docling_rapidocr,qwen,5,0,0,0,5,0.0,0.0,0.0,0,,,,,12.08866372,1
ojo_2025-03-02_1,9,none,,otsu,docling_easyocr,qwen,5,0,0,0,5,0.0,0.0,0.0,0,,,,,43.728075718,1
ojo_2025-03-02_1,9,none,,otsu,docling_rapidocr,qwen,5,0,0,0,5,0.0,0.0,0.0,0,,,,,11.520496821,1
ojo_2025-03-02_1,9,none,,yannihorne,docling_easyocr,qwen,5,0,0,0,5,0.0,0.0,0.0,0,,,,,39.847507453,1
ojo_2025-03-02_1,9,none,,yannihorne,docling_rapidocr,qwen,5,0,0,0,5,0.0,0.0,0.0,0,,,,,9.95937035,1
ojo_2025-03-02_1,10,none,,adaptive_gaussian,docling_easyocr,qwen,5,0,0,0,5,0.0,0.0,0.0,0,,,,,43.598129393,1
ojo_2025-03-02_1,10,none,,adaptive_gaussian,docling_rapidocr,qwen,5,0,0,0,5,0.0,0.0,0.0,0,,,,,10.013099553,1
ojo_2025-03-02_1,10,none,,adaptive_mean,docling_easyocr,qwen,5,0,0,0,5,0.0,0.0,0.0,0,,,,,42.318047883,1
ojo_2025-03-02_1,10,none,,adaptive_mean,docling_rapidocr,qwen,5,0,0,0,5,0.0,0.0,0.0,0,,,,,10.022278191,1
ojo_2025-03-02_1,10,none,,basic,docling_easyocr,qwen,5,0,0,0,5,0.0,0.0,0.0,0,,,,,39.195301032,1
ojo_2025-03-02_1,10,none,,basic,docling_rapidocr,qwen,5,0,0,0,5,0.0,0.0,0.0,0,,,,,12.308712458,1
ojo_2025-03-02_1,10,none,,niblack,docling_easyocr,qwen,5,0,0,0,5,0.0,0.0,0.0,0,,,,,40.677325026,1
ojo_2025-03-02_1,10,none,,niblack,docling_rapidocr,qwen,5,0,0,0,5,0.0,0.0,0.0,0,,,,,9.927777783,1
ojo_2025-03-02_1,10,none,,none_color,docling_easyocr,qwen,5,0,0,0,5,0.0,0.0,0.0,0,,,,,45.640982127,1
ojo_2025-03-02_1,10,none,,none_color,docling_rapidocr,qwen,5,0,0,0,5,0.0,0.0,0.0,0,,,,,12.764403557,1
ojo_2025-03-02_1,10,none,,none_grayscale,docling_easyocr,qwen,5,0,0,0,5,0.0,0.0,0.0,0,,,,,45.965749955,1
ojo_2025-03-02_1,10,none,,none_grayscale,docling_rapidocr,qwen,5,0,0,0,5,0.0,0.0,0.0,0,,,,,12.817576146,1
ojo_2025-03-02_1,10,none,,otsu,docling_easyocr,qwen,5,0,0,0,5,0.0,0.0,0.0,0,,,,,46.863939095,1
ojo_2025-03-02_1,10,none,,otsu,docling_rapidocr,qwen,5,0,0,0,5,0.0,0.0,0.0,0,,,,,12.567828227,1
ojo_2025-03-02_1,11,none,,adaptive_gaussian,docling_easyocr,qwen,5,0,0,0,5,0.0,0.0,0.0,0,,,,,43.708530308,1
ojo_2025-03-02_1,11,none,,adaptive_gaussian,docling_rapidocr,qwen,5,0,0,0,5,0.0,0.0,0.0,0,,,,,10.419403674,1
ojo_2025-03-02_1,11,none,,adaptive_mean,docling_easyocr,qwen,5,0,0,0,5,0.0,0.0,0.0,0,,,,,36.136056305,1
ojo_2025-03-02_1,11,none,,adaptive_mean,docling_rapidocr,qwen,5,0,0,0,5,0.0,0.0,0.0,0,,,,,10.528353812,1
ojo_2025-03-02_1,11,none,,basic,docling_easyocr,qwen,5,0,0,0,5,0.0,0.0,0.0,0,,,,,36.874839043,1
ojo_2025-03-02_1,11,none,,basic,docling_rapidocr,qwen,5,0,0,0,5,0.0,0.0,0.0,0,,,,,11.388651585,1
ojo_2025-03-02_1,11,none,,niblack,docling_easyocr,qwen,5,0,0,0,5,0.0,0.0,0.0,0,,,,,40.057033482,1
ojo_2025-03-02_1,11,none,,niblack,docling_rapidocr,qwen,5,0,0,0,5,0.0,0.0,0.0,0,,,,,9.873825017,1
ojo_2025-03-02_1,11,none,,none_color,docling_easyocr,qwen,5,0,0,0,5,0.0,0.0,0.0,0,,,,,44.802374816,1
ojo_2025-03-02_1,11,none,,none_color,docling_rapidocr,qwen,5,0,0,0,5,0.0,0.0,0.0,0,,,,,12.445201373,1
ojo_2025-03-02_1,11,none,,none_grayscale,docling_easyocr,qwen,5,0,0,0,5,0.0,0.0,0.0,0,,,,,45.115396475,1
ojo_2025-03-02_1,11,none,,none_grayscale,docling_rapidocr,qwen,5,0,0,0,5,0.0,0.0,0.0,0,,,,,10.276304459,1
ojo_2025-03-02_1,11,none,,otsu,docling_easyocr,qwen,5,0,0,0,5,0.0,0.0,0.0,0,,,,,47.242609392,1
ojo_2025-03-02_1,11,none,,otsu,docling_rapidocr,qwen,5,0,0,0,5,0.0,0.0,0.0,0,,,,,11.295696626,1
ojo_2025-03-02_1,11,none,,yannihorne,docling_easyocr,qwen,5,0,0,0,5,0.0,0.0,0.0,0,,,,,40.297262559,1
ojo_2025-03-02_1,11,none,,yannihorne,docling_rapidocr,qwen,5,0,0,0,5,0.0,0.0,0.0,0,,,,,8.385235439,1
ojo_2025-03-02_1,12,none,,adaptive_gaussian,docling_easyocr,qwen,5,0,0,0,5,0.0,0.0,0.0,0,,,,,50.51680758,1
ojo_2025-03-02_1,12,none,,adaptive_gaussian,docling_rapidocr,qwen,5,0,0,0,5,0.0,0.0,0.0,0,,,,,17.605452085,1
ojo_2025-03-02_1,12,none,,adaptive_mean,docling_easyocr,qwen,5,0,0,0,5,0.0,0.0,0.0,0,,,,,46.143565679,1
ojo_2025-03-02_1,12,none,,adaptive_mean,docling_rapidocr,qwen,5,0,0,0,5,0.0,0.0,0.0,0,,,,,17.041729236,1
ojo_2025-03-02_1,12,none,,basic,docling_easyocr,qwen,5,0,0,0,5,0.0,0.0,0.0,0,,,,,53.032808898,1
ojo_2025-03-02_1,12,none,,basic,docling_rapidocr,qwen,5,0,0,0,5,0.0,0.0,0.0,0,,,,,19.477215169,1
ojo_2025-03-02_1,12,none,,niblack,docling_easyocr,qwen,5,0,0,0,5,0.0,0.0,0.0,0,,,,,43.405937042,1
ojo_2025-03-02_1,12,none,,niblack,docling_rapidocr,qwen,5,0,0,0,5,0.0,0.0,0.0,0,,,,,16.992766704,1
ojo_2025-03-02_1,12,none,,none_color,docling_easyocr,qwen,5,0,0,0,5,0.0,0.0,0.0,0,,,,,54.733741639,1
ojo_2025-03-02_1,12,none,,none_color,docling_rapidocr,qwen,5,0,0,0,5,0.0,0.0,0.0,0,,,,,20.615316509,1
ojo_2025-03-02_1,12,none,,none_grayscale,docling_easyocr,qwen,5,0,0,0,5,0.0,0.0,0.0,0,,,,,55.300828813,1
ojo_2025-03-02_1,12,none,,none_grayscale,docling_rapidocr,qwen,5,0,0,0,5,0.0,0.0,0.0,0,,,,,19.517309306,1
ojo_2025-03-02_1,12,none,,otsu,docling_easyocr,qwen,5,0,0,0,5,0.0,0.0,0.0,0,,,,,49.156242322,1
ojo_2025-03-02_1,12,none,,otsu,docling_rapidocr,qwen,5,0,0,0,5,0.0,0.0,0.0,0,,,,,18.914063882,1
ojo_2025-03-02_1,12,none,,yannihorne,docling_easyocr,qwen,5,0,0,0,5,0.0,0.0,0.0,0,,,,,47.075317334,1
ojo_2025-03-02_1,12,none,,yannihorne,docling_rapidocr,qwen,5,0,0,0,5,0.0,0.0,0.0,0,,,,,16.58027048,1
ojo_2025-03-02_1,13,none,,adaptive_gaussian,docling_easyocr,qwen,5,0,0,0,5,0.0,0.0,0.0,0,,,,,51.614214252,1
ojo_2025-03-02_1,13,none,,adaptive_gaussian,docling_rapidocr,qwen,5,0,0,0,5,0.0,0.0,0.0,0,,,,,18.812653612,1
ojo_2025-03-02_1,13,none,,adaptive_mean,docling_easyocr,qwen,5,0,0,0,5,0.0,0.0,0.0,0,,,,,49.835149835,1
ojo_2025-03-02_1,13,none,,adaptive_mean,docling_rapidocr,qwen,5,0,0,0,5,0.0,0.0,0.0,0,,,,,17.576669525,1
ojo_2025-03-02_1,13,none,,basic,docling_easyocr,qwen,5,0,0,0,5,0.0,0.0,0.0,0,,,,,49.273324653,1
ojo_2025-03-02_1,13,none,,basic,docling_rapidocr,qwen,5,0,0,0,5,0.0,0.0,0.0,0,,,,,20.413900062,1
ojo_2025-03-02_1,13,none,,niblack,docling_easyocr,qwen,5,0,0,0,5,0.0,0.0,0.0,0,,,,,46.776293792,1
ojo_2025-03-02_1,13,none,,niblack,docling_rapidocr,qwen,5,0,0,0,5,0.0,0.0,0.0,0,,,,,17.396424569,1
ojo_2025-03-02_1,13,none,,none_color,docling_easyocr,qwen,5,0,0,0,5,0.0,0.0,0.0,0,,,,,53.795241996,1
ojo_2025-03-02_1,13,none,,none_color,docling_rapidocr,qwen,5,0,0,0,5,0.0,0.0,0.0,0,,,,,20.851572677,1
ojo_2025-03-02_1,13,none,,none_grayscale,docling_easyocr,qwen,5,0,0,0,5,0.0,0.0,0.0,0,,,,,50.546918556,1
ojo_2025-03-02_1,13,none,,none_grayscale,docling_rapidocr,qwen,5,0,0,0,5,0.0,0.0,0.0,0,,,,,20.580382034,1
ojo_2025-03-02_1,13,none,,otsu,docling_easyocr,qwen,5,0,0,0,5,0.0,0.0,0.0,0,,,,,49.221966979,1
ojo_2025-03-02_1,13,none,,otsu,docling_rapidocr,qwen,5,0,0,0,5,0.0,0.0,0.0,0,,,,,21.026658294,1
ojo_2025-03-02_1,14,none,,adaptive_gaussian,docling_easyocr,qwen,5,0,0,0,5,0.0,0.0,0.0,0,,,,,44.645048845,1
ojo_2025-03-02_1,14,none,,adaptive_gaussian,docling_rapidocr,qwen,5,0,0,0,5,0.0,0.0,0.0,0,,,,,17.792692172,1
ojo_2025-03-02_1,14,none,,adaptive_mean,docling_easyocr,qwen,5,0,0,0,5,0.0,0.0,0.0,0,,,,,48.93609308,1
ojo_2025-03-02_1,14,none,,adaptive_mean,docling_rapidocr,qwen,5,0,0,0,5,0.0,0.0,0.0,0,,,,,18.285284746,1
ojo_2025-03-02_1,14,none,,basic,docling_easyocr,qwen,5,0,0,0,5,0.0,0.0,0.0,0,,,,,52.01774796,1
ojo_2025-03-02_1,14,none,,basic,docling_rapidocr,qwen,5,0,0,0,5,0.0,0.0,0.0,0,,,,,19.148137412,1
ojo_2025-03-02_1,14,none,,niblack,docling_easyocr,qwen,5,0,0,0,5,0.0,0.0,0.0,0,,,,,47.123668886,1
ojo_2025-03-02_1,14,none,,niblack,docling_rapidocr,qwen,5,0,0,0,5,0.0,0.0,0.0,0,,,,,17.016068435,1
ojo_2025-03-02_1,14,none,,none_color,docling_easyocr,qwen,5,0,0,0,5,0.0,0.0,0.0,0,,,,,54.509713731,1
ojo_2025-03-02_1,14,none,,none_color,docling_rapidocr,qwen,5,0,0,0,5,0.0,0.0,0.0,0,,,,,18.993162713,1
ojo_2025-03-02_1,14,none,,none_grayscale,docling_easyocr,qwen,5,0,0,0,5,0.0,0.0,0.0,0,,,,,54.046211562,1
ojo_2025-03-02_1,14,none,,none_grayscale,docling_rapidocr,qwen,5,0,0,0,5,0.0,0.0,0.0,0,,,,,19.494516692,1
ojo_2025-03-02_1,14,none,,otsu,docling_easyocr,qwen,5,0,0,0,5,0.0,0.0,0.0,0,,,,,52.212343774,1
ojo_2025-03-02_1,14,none,,otsu,docling_rapidocr,qwen,5,0,0,0,5,0.0,0.0,0.0,0,,,,,18.749360166,1
ojo_2025-03-02_1,14,none,,yannihorne,docling_easyocr,qwen,5,0,0,0,5,0.0,0.0,0.0,0,,,,,42.50824102,1
ojo_2025-03-02_1,14,none,,yannihorne,docling_rapidocr,qwen,5,0,0,0,5,0.0,0.0,0.0,0,,,,,17.614164911,1
ojo_2025-03-02_1,15,none,,adaptive_gaussian,docling_easyocr,qwen,5,0,0,0,5,0.0,0.0,0.0,0,,,,,43.292182958,1
ojo_2025-03-02_1,15,none,,adaptive_gaussian,docling_rapidocr,qwen,5,0,0,0,5,0.0,0.0,0.0,0,,,,,10.457189596,1
ojo_2025-03-02_1,15,none,,adaptive_mean,docling_easyocr,qwen,5,0,0,0,5,0.0,0.0,0.0,0,,,,,43.363268411,1
ojo_2025-03-02_1,15,none,,adaptive_mean,docling_rapidocr,qwen,5,0,0,0,5,0.0,0.0,0.0,0,,,,,10.928639686,1
ojo_2025-03-02_1,15,none,,basic,docling_easyocr,qwen,5,0,0,0,5,0.0,0.0,0.0,0,,,,,41.509310613,1
ojo_2025-03-02_1,15,none,,basic,docling_rapidocr,qwen,5,0,0,0,5,0.0,0.0,0.0,0,,,,,11.343419442,1
ojo_2025-03-02_1,15,none,,none_color,docling_easyocr,qwen,5,0,0,0,5,0.0,0.0,0.0,0,,,,,41.50615252,1
ojo_2025-03-02_1,15,none,,none_color,docling_rapidocr,qwen,5,0,0,0,5,0.0,0.0,0.0,0,,,,,12.366978298,1
ojo_2025-03-02_1,15,none,,none_grayscale,docling_easyocr,qwen,5,0,0,0,5,0.0,0.0,0.0,0,,,,,45.42326654,1
ojo_2025-03-02_1,15,none,,none_grayscale,docling_rapidocr,qwen,5,0,0,0,5,0.0,0.0,0.0,0,,,,,12.601082216,1
ojo_2025-03-02_1,15,none,,otsu,docling_easyocr,qwen,5,0,0,0,5,0.0,0.0,0.0,0,,,,,42.990037671,1
ojo_2025-03-02_1,15,none,,otsu,docling_rapidocr,qwen,5,0,0,0,5,0.0,0.0,0.0,0,,,,,10.816667309,1
ojo_2025-03-02_1,16,none,,adaptive_gaussian,docling_easyocr,qwen,5,0,0,0,5,0.0,0.0,0.0,0,,,,,41.783606427,1
ojo_2025-03-02_1,16,none,,adaptive_gaussian,docling_rapidocr,qwen,5,0,0,0,5,0.0,0.0,0.0,0,,,,,10.363166468,1
ojo_2025-03-02_1,16,none,,adaptive_mean,docling_easyocr,qwen,5,0,0,0,5,0.0,0.0,0.0,0,,,,,41.733317273,1
ojo_2025-03-02_1,16,none,,adaptive_mean,docling_rapidocr,qwen,5,0,0,0,5,0.0,0.0,0.0,0,,,,,10.455733197,1
ojo_2025-03-02_1,16,none,,basic,docling_easyocr,qwen,5,0,0,0,5,0.0,0.0,0.0,0,,,,,40.677379122,1
ojo_2025-03-02_1,16,none,,basic,docling_rapidocr,qwen,5,0,0,0,5,0.0,0.0,0.0,0,,,,,12.423608771,1
ojo_2025-03-02_1,16,none,,none_color,docling_easyocr,qwen,5,0,0,0,5,0.0,0.0,0.0,0,,,,,44.412830344,1
ojo_2025-03-02_1,16,none,,none_color,docling_rapidocr,qwen,5,0,0,0,5,0.0,0.0,0.0,0,,,,,11.209847918,1
ojo_2025-03-02_1,16,none,,none_grayscale,docling_easyocr,qwen,5,0,0,0,5,0.0,0.0,0.0,0,,,,,45.220709792,1
ojo_2025-03-02_1,16,none,,none_grayscale,docling_rapidocr,qwen,5,0,0,0,5,0.0,0.0,0.0,0,,,,,11.865398636,1
ojo_2025-03-02_1,16,none,,otsu,docling_easyocr,qwen,5,0,0,0,5,0.0,0.0,0.0,0,,,,,43.730744187,1
ojo_2025-03-02_1,16,none,,otsu,docling_rapidocr,qwen,5,0,0,0,5,0.0,0.0,0.0,0,,,,,12.499625985,1
ojo_2025-03-02_1,17,none,,adaptive_gaussian,docling_easyocr,qwen,5,0,0,0,5,0.0,0.0,0.0,0,,,,,42.922899859,1
ojo_2025-03-02_1,17,none,,adaptive_gaussian,docling_rapidocr,qwen,5,0,0,0,5,0.0,0.0,0.0,0,,,,,9.292535441,1
ojo_2025-03-02_1,17,none,,adaptive_mean,docling_easyocr,qwen,5,0,0,0,5,0.0,0.0,0.0,0,,,,,44.397236483,1
ojo_2025-03-02_1,17,none,,adaptive_mean,docling_rapidocr,qwen,5,0,0,0,5,0.0,0.0,0.0,0,,,,,10.409695046,1
ojo_2025-03-02_1,17,none,,basic,docling_easyocr,qwen,5,0,0,0,5,0.0,0.0,0.0,0,,,,,42.298083058,1
ojo_2025-03-02_1,17,none,,basic,docling_rapidocr,qwen,5,0,0,0,5,0.0,0.0,0.0,0,,,,,10.658687582,1
ojo_2025-03-02_1,17,none,,none_color,docling_easyocr,qwen,5,0,0,0,5,0.0,0.0,0.0,0,,,,,39.003931036,1
ojo_2025-03-02_1,17,none,,none_color,docling_rapidocr,qwen,5,0,0,0,5,0.0,0.0,0.0,0,,,,,11.797285309,1
ojo_2025-03-02_1,17,none,,none_grayscale,docling_easyocr,qwen,5,0,0,0,5,0.0,0.0,0.0,0,,,,,45.781651249,1
ojo_2025-03-02_1,17,none,,none_grayscale,docling_rapidocr,qwen,5,0,0,0,5,0.0,0.0,0.0,0,,,,,12.562655201,1
ojo_2025-03-02_1,17,none,,otsu,docling_easyocr,qwen,5,0,0,0,5,0.0,0.0,0.0,0,,,,,44.497063866,1
ojo_2025-03-02_1,17,none,,otsu,docling_rapidocr,qwen,5,0,0,0,5,0.0,0.0,0.0,0,,,,,12.33634471,1
ojo_2025-03-02_1,18,none,,adaptive_gaussian,docling_easyocr,qwen,5,0,0,0,5,0.0,0.0,0.0,0,,,,,40.339818455,1
ojo_2025-03-02_1,18,none,,adaptive_mean,docling_easyocr,qwen,5,0,0,0,5,0.0,0.0,0.0,0,,,,,40.003310658,1
ojo_2025-03-02_1,18,none,,basic,docling_easyocr,qwen,5,0,0,0,5,0.0,0.0,0.0,0,,,,,39.206666541,1
ojo_2025-03-02_1,18,none,,basic,docling_rapidocr,qwen,5,0,0,0,5,0.0,0.0,0.0,0,,,,,9.472363305,1
ojo_2025-03-02_1,18,none,,otsu,docling_easyocr,qwen,5,0,0,0,5,0.0,0.0,0.0,0,,,,,39.95539577,1
ojo_2025-03-02_1,18,none,,otsu,docling_rapidocr,qwen,5,0,0,0,5,0.0,0.0,0.0,0,,,,,9.332604241,1
ojo_2025-03-02_1,18,none,,yannihorne,docling_easyocr,qwen,5,0,0,0,5,0.0,0.0,0.0,0,,,,,39.125255417,1
ojo_2025-03-02_1,19,none,,adaptive_gaussian,docling_easyocr,qwen,5,0,0,0,5,0.0,0.0,0.0,0,,,,,37.307536009,1
ojo_2025-03-02_1,19,none,,adaptive_gaussian,docling_rapidocr,qwen,5,0,0,0,5,0.0,0.0,0.0,0,,,,,10.306085709,1
ojo_2025-03-02_1,19,none,,adaptive_mean,docling_easyocr,qwen,5,0,0,0,5,0.0,0.0,0.0,0,,,,,40.291070822,1
ojo_2025-03-02_1,19,none,,basic,docling_easyocr,qwen,5,0,0,0,5,0.0,0.0,0.0,0,,,,,39.59984038,1
ojo_2025-03-02_1,19,none,,basic,docling_rapidocr,qwen,5,0,0,0,5,0.0,0.0,0.0,0,,,,,9.585961796,1
ojo_2025-03-02_1,19,none,,none_color,docling_easyocr,qwen,5,0,0,0,5,0.0,0.0,0.0,0,,,,,41.708051182,1
ojo_2025-03-02_1,19,none,,none_grayscale,docling_easyocr,qwen,5,0,0,0,5,0.0,0.0,0.0,0,,,,,41.232981898,1
ojo_2025-03-02_1,19,none,,otsu,docling_easyocr,qwen,5,0,0,0,5,0.0,0.0,0.0,0,,,,,40.275005602,1
ojo_2025-03-02_1,19,none,,otsu,docling_rapidocr,qwen,5,0,0,0,5,0.0,0.0,0.0,0,,,,,9.230878376,1
ojo_2025-03-02_1,19,none,,yannihorne,docling_easyocr,qwen,5,0,0,0,5,0.0,0.0,0.0,0,,,,,39.757391476,1
ojo_2025-03-02_1,19,none,,yannihorne,docling_rapidocr,qwen,5,0,0,0,5,0.0,0.0,0.0,0,,,,,10.429894709,1
ojo_2025-03-02_1,20,none,,adaptive_gaussian,docling_easyocr,qwen,5,0,0,0,5,0.0,0.0,0.0,0,,,,,41.045954945,1
ojo_2025-03-02_1,20,none,,adaptive_mean,docling_easyocr,qwen,5,0,0,0,5,0.0,0.0,0.0,0,,,,,38.947001698,1
ojo_2025-03-02_1,20,none,,basic,docling_easyocr,qwen,5,0,0,0,5,0.0,0.0,0.0,0,,,,,40.352525568,1
ojo_2025-03-02_1,20,none,,basic,docling_rapidocr,qwen,5,0,0,0,5,0.0,0.0,0.0,0,,,,,9.322815275,1
ojo_2025-03-02_1,20,none,,niblack,docling_easyocr,qwen,5,0,0,0,5,0.0,0.0,0.0,0,,,,,34.954531017,1
ojo_2025-03-02_1,20,none,,otsu,docling_easyocr,qwen,5,0,0,0,5,0.0,0.0,0.0,0,,,,,35.216128922,1
ojo_2025-03-02_1,20,none,,otsu,docling_rapidocr,qwen,5,0,0,0,5,0.0,0.0,0.0,0,,,,,9.665705061,1
ojo_2025-03-02_1,20,none,,yannihorne,docling_easyocr,qwen,5,0,0,0,5,0.0,0.0,0.0,0,,,,,39.561271286,1
ojo_2025-03-02_1,21,none,,adaptive_gaussian,docling_easyocr,qwen,5,0,0,0,5,0.0,0.0,0.0,0,,,,,64.093258852,1
ojo_2025-03-02_1,21,none,,adaptive_gaussian,docling_rapidocr,qwen,5,0,0,0,5,0.0,0.0,0.0,0,,,,,32.861056322,1
ojo_2025-03-02_1,21,none,,adaptive_mean,docling_easyocr,qwen,5,0,0,0,5,0.0,0.0,0.0,0,,,,,59.826615328,1
ojo_2025-03-02_1,21,none,,adaptive_mean,docling_rapidocr,qwen,5,0,0,0,5,0.0,0.0,0.0,0,,,,,32.246238941,1
ojo_2025-03-02_1,21,none,,basic,docling_easyocr,qwen,5,0,0,0,5,0.0,0.0,0.0,0,,,,,65.337169258,1
ojo_2025-03-02_1,21,none,,basic,docling_rapidocr,qwen,5,0,0,0,5,0.0,0.0,0.0,0,,,,,33.079506485,1
ojo_2025-03-02_1,21,none,,niblack,docling_easyocr,qwen,5,0,0,0,5,0.0,0.0,0.0,0,,,,,62.097220072,1
ojo_2025-03-02_1,21,none,,niblack,docling_rapidocr,qwen,5,0,0,0,5,0.0,0.0,0.0,0,,,,,32.444693455,1
ojo_2025-03-02_1,21,none,,none_color,docling_easyocr,qwen,5,0,0,0,5,0.0,0.0,0.0,0,,,,,65.14847502,1
ojo_2025-03-02_1,21,none,,none_color,docling_rapidocr,qwen,5,0,0,0,5,0.0,0.0,0.0,0,,,,,34.153538792,1
ojo_2025-03-02_1,21,none,,none_grayscale,docling_easyocr,qwen,5,0,0,0,5,0.0,0.0,0.0,0,,,,,62.379597275,1
ojo_2025-03-02_1,21,none,,none_grayscale,docling_rapidocr,qwen,5,0,0,0,5,0.0,0.0,0.0,0,,,,,34.158081143,1
ojo_2025-03-02_1,21,none,,otsu,docling_easyocr,qwen,5,0,0,0,5,0.0,0.0,0.0,0,,,,,66.327553122,1
ojo_2025-03-02_1,21,none,,otsu,docling_rapidocr,qwen,5,0,0,0,5,0.0,0.0,0.0,0,,,,,33.260222523,1
ojo_2025-03-02_1,21,none,,yannihorne,docling_easyocr,qwen,5,0,0,0,5,0.0,0.0,0.0,0,,,,,62.046435682,1
ojo_2025-03-02_1,21,none,,yannihorne,docling_rapidocr,qwen,5,0,0,0,5,0.0,0.0,0.0,0,,,,,31.921839802,1
ojo_2025-03-02_1,22,none,,adaptive_gaussian,docling_easyocr,qwen,5,0,0,0,5,0.0,0.0,0.0,0,,,,,65.284790547,1
ojo_2025-03-02_1,22,none,,adaptive_gaussian,docling_rapidocr,qwen,5,0,0,0,5,0.0,0.0,0.0,0,,,,,32.168003828,1
ojo_2025-03-02_1,22,none,,adaptive_mean,docling_easyocr,qwen,5,0,0,0,5,0.0,0.0,0.0,0,,,,,63.973396094,1
ojo_2025-03-02_1,22,none,,adaptive_mean,docling_rapidocr,qwen,5,0,0,0,5,0.0,0.0,0.0,0,,,,,31.797248156,1
ojo_2025-03-02_1,22,none,,basic,docling_easyocr,qwen,5,0,0,0,5,0.0,0.0,0.0,0,,,,,63.178078299,1
ojo_2025-03-02_1,22,none,,basic,docling_rapidocr,qwen,5,0,0,0,5,0.0,0.0,0.0,0,,,,,32.867575293,1
ojo_2025-03-02_1,22,none,,niblack,docling_easyocr,qwen,5,0,0,0,5,0.0,0.0,0.0,0,,,,,61.72360985,1
ojo_2025-03-02_1,22,none,,niblack,docling_rapidocr,qwen,5,0,0,0,5,0.0,0.0,0.0,0,,,,,31.122413323,1
ojo_2025-03-02_1,22,none,,none_color,docling_easyocr,qwen,5,0,0,0,5,0.0,0.0,0.0,0,,,,,61.107463484,1
ojo_2025-03-02_1,22,none,,none_color,docling_rapidocr,qwen,5,0,0,0,5,0.0,0.0,0.0,0,,,,,33.657704001,1
ojo_2025-03-02_1,22,none,,none_grayscale,docling_easyocr,qwen,5,0,0,0,5,0.0,0.0,0.0,0,,,,,59.572397356,1
ojo_2025-03-02_1,22,none,,none_grayscale,docling_rapidocr,qwen,5,0,0,0,5,0.0,0.0,0.0,0,,,,,33.250534659,1
ojo_2025-03-02_1,22,none,,otsu,docling_easyocr,qwen,5,0,0,0,5,0.0,0.0,0.0,0,,,,,67.968526488,1
ojo_2025-03-02_1,22,none,,otsu,docling_rapidocr,qwen,5,0,0,0,5,0.0,0.0,0.0,0,,,,,33.236091261,1
ojo_2025-03-02_1,23,none,,adaptive_gaussian,docling_easyocr,qwen,5,0,0,0,5,0.0,0.0,0.0,0,,,,,65.152600811,1
ojo_2025-03-02_1,23,none,,adaptive_gaussian,docling_rapidocr,qwen,5,0,0,0,5,0.0,0.0,0.0,0,,,,,32.279715584,1
ojo_2025-03-02_1,23,none,,adaptive_mean,docling_easyocr,qwen,5,0,0,0,5,0.0,0.0,0.0,0,,,,,65.199072407,1
ojo_2025-03-02_1,23,none,,adaptive_mean,docling_rapidocr,qwen,5,0,0,0,5,0.0,0.0,0.0,0,,,,,32.705121563,1
ojo_2025-03-02_1,23,none,,basic,docling_easyocr,qwen,5,0,0,0,5,0.0,0.0,0.0,0,,,,,65.407898089,1
ojo_2025-03-02_1,23,none,,basic,docling_rapidocr,qwen,5,0,0,0,5,0.0,0.0,0.0,0,,,,,33.041147133,1
ojo_2025-03-02_1,23,none,,niblack,docling_easyocr,qwen,5,0,0,0,5,0.0,0.0,0.0,0,,,,,58.932695091,1
ojo_2025-03-02_1,23,none,,niblack,docling_rapidocr,qwen,5,0,0,0,5,0.0,0.0,0.0,0,,,,,32.734872282,1
ojo_2025-03-02_1,23,none,,none_color,docling_easyocr,qwen,5,0,0,0,5,0.0,0.0,0.0,0,,,,,65.46446385,1
ojo_2025-03-02_1,23,none,,none_color,docling_rapidocr,qwen,5,0,0,0,5,0.0,0.0,0.0,0,,,,,34.184538504,1
ojo_2025-03-02_1,23,none,,none_grayscale,docling_easyocr,qwen,5,0,0,0,5,0.0,0.0,0.0,0,,,,,63.152069946,1
ojo_2025-03-02_1,23,none,,none_grayscale,docling_rapidocr,qwen,5,0,0,0,5,0.0,0.0,0.0,0,,,,,34.034622809,1
ojo_2025-03-02_1,23,none,,otsu,docling_easyocr,qwen,5,0,0,0,5,0.0,0.0,0.0,0,,,,,62.092748782,1
ojo_2025-03-02_1,23,none,,otsu,docling_rapidocr,qwen,5,0,0,0,5,0.0,0.0,0.0,0,,,,,33.288259884,1
ojo_2025-03-02_1,23,none,,yannihorne,docling_easyocr,qwen,5,0,0,0,5,0.0,0.0,0.0,0,,,,,62.053626438,1
ojo_2025-03-02_1,23,none,,yannihorne,docling_rapidocr,qwen,5,0,0,0,5,0.0,0.0,0.0,0,,,,,32.021577498,1
ojo_2025-03-02_1,24,none,,adaptive_gaussian,docling_easyocr,qwen,5,0,0,0,5,0.0,0.0,0.0,0,,,,,40.079009268,1
ojo_2025-03-02_1,24,none,,adaptive_gaussian,docling_rapidocr,qwen,5,0,0,0,5,0.0,0.0,0.0,0,,,,,10.763518545,1
ojo_2025-03-02_1,24,none,,adaptive_mean,docling_easyocr,qwen,5,0,0,0,5,0.0,0.0,0.0,0,,,,,43.556924794,1
ojo_2025-03-02_1,24,none,,adaptive_mean,docling_rapidocr,qwen,5,0,0,0,5,0.0,0.0,0.0,0,,,,,10.493842337,1
ojo_2025-03-02_1,24,none,,basic,docling_easyocr,qwen,5,0,0,0,5,0.0,0.0,0.0,0,,,,,47.154131003,1
ojo_2025-03-02_1,24,none,,basic,docling_rapidocr,qwen,5,0,0,0,5,0.0,0.0,0.0,0,,,,,11.314225264,1
ojo_2025-03-02_1,24,none,,niblack,docling_easyocr,qwen,5,0,0,0,5,0.0,0.0,0.0,0,,,,,39.845030176,1
ojo_2025-03-02_1,24,none,,niblack,docling_rapidocr,qwen,5,0,0,0,5,0.0,0.0,0.0,0,,,,,9.929823983,1
ojo_2025-03-02_1,24,none,,none_color,docling_easyocr,qwen,5,0,0,0,5,0.0,0.0,0.0,0,,,,,43.428232975,1
ojo_2025-03-02_1,24,none,,none_color,docling_rapidocr,qwen,5,0,0,0,5,0.0,0.0,0.0,0,,,,,11.549634285,1
ojo_2025-03-02_1,24,none,,none_grayscale,docling_easyocr,qwen,5,0,0,0,5,0.0,0.0,0.0,0,,,,,47.783222504,1
ojo_2025-03-02_1,24,none,,none_grayscale,docling_rapidocr,qwen,5,0,0,0,5,0.0,0.0,0.0,0,,,,,13.575986929,1
ojo_2025-03-02_1,24,none,,otsu,docling_easyocr,qwen,5,0,0,0,5,0.0,0.0,0.0,0,,,,,46.954244038,1
ojo_2025-03-02_1,24,none,,otsu,docling_rapidocr,qwen,5,0,0,0,5,0.0,0.0,0.0,0,,,,,11.338565012,1
ojo_2025-03-02_1,25,none,,adaptive_gaussian,docling_easyocr,qwen,5,0,0,0,5,0.0,0.0,0.0,0,,,,,44.221668217,1
ojo_2025-03-02_1,25,none,,adaptive_gaussian,docling_rapidocr,qwen,5,0,0,0,5,0.0,0.0,0.0,0,,,,,10.73199794,1
ojo_2025-03-02_1,25,none,,adaptive_mean,docling_easyocr,qwen,5,0,0,0,5,0.0,0.0,0.0,0,,,,,43.611117337,1
ojo_2025-03-02_1,25,none,,adaptive_mean,docling_rapidocr,qwen,5,0,0,0,5,0.0,0.0,0.0,0,,,,,10.908731434,1
ojo_2025-03-02_1,25,none,,basic,docling_easyocr,qwen,5,0,0,0,5,0.0,0.0,0.0,0,,,,,47.144844122,1
ojo_2025-03-02_1,25,none,,basic,docling_rapidocr,qwen,5,0,0,0,5,0.0,0.0,0.0,0,,,,,14.083718129,1
ojo_2025-03-02_1,25,none,,niblack,docling_easyocr,qwen,5,0,0,0,5,0.0,0.0,0.0,0,,,,,40.544338023,1
ojo_2025-03-02_1,25,none,,niblack,docling_rapidocr,qwen,5,0,0,0,5,0.0,0.0,0.0,0,,,,,10.087349211,1
ojo_2025-03-02_1,25,none,,none_color,docling_easyocr,qwen,5,0,0,0,5,0.0,0.0,0.0,0,,,,,47.314959832,1
ojo_2025-03-02_1,25,none,,none_color,docling_rapidocr,qwen,5,0,0,0,5,0.0,0.0,0.0,0,,,,,12.777478524,1
ojo_2025-03-02_1,25,none,,none_grayscale,docling_easyocr,qwen,5,0,0,0,5,0.0,0.0,0.0,0,,,,,44.316941567,1
ojo_2025-03-02_1,25,none,,none_grayscale,docling_rapidocr,qwen,5,0,0,0,5,0.0,0.0,0.0,0,,,,,14.623667546,1
ojo_2025-03-02_1,25,none,,otsu,docling_easyocr,qwen,5,0,0,0,5,0.0,0.0,0.0,0,,,,,46.656431815,1
ojo_2025-03-02_1,25,none,,otsu,docling_rapidocr,qwen,5,0,0,0,5,0.0,0.0,0.0,0,,,,,14.26396217,1
ojo_2025-03-02_1,26,none,,adaptive_gaussian,docling_easyocr,qwen,5,0,0,0,5,0.0,0.0,0.0,0,,,,,43.703513907,1
ojo_2025-03-02_1,26,none,,adaptive_gaussian,docling_rapidocr,qwen,5,0,0,0,5,0.0,0.0,0.0,0,,,,,10.797716664,1
ojo_2025-03-02_1,26,none,,adaptive_mean,docling_easyocr,qwen,5,0,0,0,5,0.0,0.0,0.0,0,,,,,42.969322728,1
ojo_2025-03-02_1,26,none,,adaptive_mean,docling_rapidocr,qwen,5,0,0,0,5,0.0,0.0,0.0,0,,,,,10.180367039,1
ojo_2025-03-02_1,26,none,,basic,docling_easyocr,qwen,5,0,0,0,5,0.0,0.0,0.0,0,,,,,46.502222916,1
ojo_2025-03-02_1,26,none,,basic,docling_rapidocr,qwen,5,0,0,0,5,0.0,0.0,0.0,0,,,,,12.714360615,1
ojo_2025-03-02_1,26,none,,niblack,docling_easyocr,qwen,5,0,0,0,5,0.0,0.0,0.0,0,,,,,40.397630944,1
ojo_2025-03-02_1,26,none,,niblack,docling_rapidocr,qwen,5,0,0,0,5,0.0,0.0,0.0,0,,,,,9.539020314,1
ojo_2025-03-02_1,26,none,,none_color,docling_easyocr,qwen,5,0,0,0,5,0.0,0.0,0.0,0,,,,,47.649516245,1
ojo_2025-03-02_1,26,none,,none_color,docling_rapidocr,qwen,5,0,0,0,5,0.0,0.0,0.0,0,,,,,14.21705546,1
ojo_2025-03-02_1,26,none,,none_grayscale,docling_easyocr,qwen,5,0,0,0,5,0.0,0.0,0.0,0,,,,,46.799973627,1
ojo_2025-03-02_1,26,none,,none_grayscale,docling_rapidocr,qwen,5,0,0,0,5,0.0,0.0,0.0,0,,,,,14.019764086,1
ojo_2025-03-02_1,26,none,,otsu,docling_easyocr,qwen,5,0,0,0,5,0.0,0.0,0.0,0,,,,,47.984188458,1
ojo_2025-03-02_1,26,none,,otsu,docling_rapidocr,qwen,5,0,0,0,5,0.0,0.0,0.0,0,,,,,13.328930279,1
ojo_2025-03-02_1,27,none,,adaptive_gaussian,docling_easyocr,qwen,5,0,0,0,5,0.0,0.0,0.0,0,,,,,41.829964041,1
ojo_2025-03-02_1,27,none,,adaptive_gaussian,docling_rapidocr,qwen,5,0,0,0,5,0.0,0.0,0.0,0,,,,,10.946453213,1
ojo_2025-03-02_1,27,none,,adaptive_mean,docling_easyocr,qwen,5,0,0,0,5,0.0,0.0,0.0,0,,,,,42.324970053,1
ojo_2025-03-02_1,27,none,,adaptive_mean,docling_rapidocr,qwen,5,0,0,0,5,0.0,0.0,0.0,0,,,,,10.390408324,1
ojo_2025-03-02_1,27,none,,basic,docling_easyocr,qwen,5,0,0,0,5,0.0,0.0,0.0,0,,,,,47.4974884,1
ojo_2025-03-02_1,27,none,,basic,docling_rapidocr,qwen,5,0,0,0,5,0.0,0.0,0.0,0,,,,,13.1472043,1
ojo_2025-03-02_1,27,none,,niblack,docling_easyocr,qwen,5,0,0,0,5,0.0,0.0,0.0,0,,,,,35.724390925,1
ojo_2025-03-02_1,27,none,,niblack,docling_rapidocr,qwen,5,0,0,0,5,0.0,0.0,0.0,0,,,,,10.127678336,1
ojo_2025-03-02_1,27,none,,none_color,docling_easyocr,qwen,5,0,0,0,5,0.0,0.0,0.0,0,,,,,47.589093586,1
ojo_2025-03-02_1,27,none,,none_color,docling_rapidocr,qwen,5,0,0,0,5,0.0,0.0,0.0,0,,,,,13.475841185,1
ojo_2025-03-02_1,27,none,,none_grayscale,docling_easyocr,qwen,5,0,0,0,5,0.0,0.0,0.0,0,,,,,48.780932804,1
ojo_2025-03-02_1,27,none,,none_grayscale,docling_rapidocr,qwen,5,0,0,0,5,0.0,0.0,0.0,0,,,,,14.011126419,1
ojo_2025-03-02_1,27,none,,otsu,docling_easyocr,qwen,5,0,0,0,5,0.0,0.0,0.0,0,,,,,48.01983618,1
ojo_2025-03-02_1,27,none,,otsu,docling_rapidocr,qwen,5,0,0,0,5,0.0,0.0,0.0,0,,,,,12.685851567,1
ojo_2025-03-02_1,27,none,,yannihorne,docling_easyocr,qwen,5,0,0,0,5,0.0,0.0,0.0,0,,,,,39.597598069,1
ojo_2025-03-02_1,27,none,,yannihorne,docling_rapidocr,qwen,5,0,0,0,5,0.0,0.0,0.0,0,,,,,10.008467429,1
ojo_2025-03-02_1,28,none,,adaptive_gaussian,docling_easyocr,qwen,5,0,0,0,5,0.0,0.0,0.0,0,,,,,39.740176339,1
ojo_2025-03-02_1,28,none,,adaptive_gaussian,docling_rapidocr,qwen,5,0,0,0,5,0.0,0.0,0.0,0,,,,,10.224417824,1
ojo_2025-03-02_1,28,none,,adaptive_mean,docling_easyocr,qwen,5,0,0,0,5,0.0,0.0,0.0,0,,,,,42.348377366,1
ojo_2025-03-02_1,28,none,,adaptive_mean,docling_rapidocr,qwen,5,0,0,0,5,0.0,0.0,0.0,0,,,,,10.704972882,1
ojo_2025-03-02_1,28,none,,basic,docling_easyocr,qwen,5,0,0,0,5,0.0,0.0,0.0,0,,,,,46.982742064,1
ojo_2025-03-02_1,28,none,,basic,docling_rapidocr,qwen,5,0,0,0,5,0.0,0.0,0.0,0,,,,,13.342747443,1
ojo_2025-03-02_1,28,none,,niblack,docling_easyocr,qwen,5,0,0,0,5,0.0,0.0,0.0,0,,,,,39.234202656,1
ojo_2025-03-02_1,28,none,,niblack,docling_rapidocr,qwen,5,0,0,0,5,0.0,0.0,0.0,0,,,,,9.393374715,1
ojo_2025-03-02_1,28,none,,none_color,docling_easyocr,qwen,5,0,0,0,5,0.0,0.0,0.0,0,,,,,48.312577717,1
ojo_2025-03-02_1,28,none,,none_color,docling_rapidocr,qwen,5,0,0,0,5,0.0,0.0,0.0,0,,,,,13.466824048,1
ojo_2025-03-02_1,28,none,,none_grayscale,docling_easyocr,qwen,5,0,0,0,5,0.0,0.0,0.0,0,,,,,40.675859444,1
ojo_2025-03-02_1,28,none,,none_grayscale,docling_rapidocr,qwen,5,0,0,0,5,0.0,0.0,0.0,0,,,,,11.567699425,1
ojo_2025-03-02_1,28,none,,otsu,docling_easyocr,qwen,5,0,0,0,5,0.0,0.0,0.0,0,,,,,46.912591284,1
ojo_2025-03-02_1,28,none,,otsu,docling_rapidocr,qwen,5,0,0,0,5,0.0,0.0,0.0,0,,,,,13.316458529,1
ojo_2025-03-02_1,29,none,,adaptive_gaussian,docling_easyocr,qwen,5,0,0,0,5,0.0,0.0,0.0,0,,,,,41.759005446,1
ojo_2025-03-02_1,29,none,,adaptive_gaussian,docling_rapidocr,qwen,5,0,0,0,5,0.0,0.0,0.0,0,,,,,11.408272404,1
ojo_2025-03-02_1,29,none,,adaptive_mean,docling_easyocr,qwen,5,0,0,0,5,0.0,0.0,0.0,0,,,,,41.803136487,1
ojo_2025-03-02_1,29,none,,adaptive_mean,docling_rapidocr,qwen,5,0,0,0,5,0.0,0.0,0.0,0,,,,,9.980957408,1
ojo_2025-03-02_1,29,none,,basic,docling_easyocr,qwen,5,0,0,0,5,0.0,0.0,0.0,0,,,,,45.570141785,1
ojo_2025-03-02_1,29,none,,basic,docling_rapidocr,qwen,5,0,0,0,5,0.0,0.0,0.0,0,,,,,11.703059666,1
ojo_2025-03-02_1,29,none,,niblack,docling_easyocr,qwen,5,0,0,0,5,0.0,0.0,0.0,0,,,,,39.126982484,1
ojo_2025-03-02_1,29,none,,niblack,docling_rapidocr,qwen,5,0,0,0,5,0.0,0.0,0.0,0,,,,,9.540460381,1
ojo_2025-03-02_1,29,none,,none_color,docling_easyocr,qwen,5,0,0,0,5,0.0,0.0,0.0,0,,,,,44.963920586,1
ojo_2025-03-02_1,29,none,,none_color,docling_rapidocr,qwen,5,0,0,0,5,0.0,0.0,0.0,0,,,,,13.78225898,1
ojo_2025-03-02_1,29,none,,none_grayscale,docling_easyocr,qwen,5,0,0,0,5,0.0,0.0,0.0,0,,,,,43.191833489,1
ojo_2025-03-02_1,29,none,,none_grayscale,docling_rapidocr,qwen,5,0,0,0,5,0.0,0.0,0.0,0,,,,,12.318714135,1
ojo_2025-03-02_1,29,none,,otsu,docling_easyocr,qwen,5,0,0,0,5,0.0,0.0,0.0,0,,,,,40.712661975,1
ojo_2025-03-02_1,29,none,,otsu,docling_rapidocr,qwen,5,0,0,0,5,0.0,0.0,0.0,0,,,,,13.796618693,1
ojo_2025-03-02_1,29,none,,yannihorne,docling_easyocr,qwen,5,0,0,0,5,0.0,0.0,0.0,0,,,,,39.142268651,1
ojo_2025-03-02_1,29,none,,yannihorne,docling_rapidocr,qwen,5,0,0,0,5,0.0,0.0,0.0,0,,,,,8.907571309,1
ojo_2025-03-02_1,30,none,,adaptive_gaussian,docling_easyocr,qwen,5,0,0,0,5,0.0,0.0,0.0,0,,,,,37.504916733,1
ojo_2025-03-02_1,30,none,,adaptive_gaussian,docling_rapidocr,qwen,5,0,0,0,5,0.0,0.0,0.0,0,,,,,10.079832381,1
ojo_2025-03-02_1,30,none,,adaptive_mean,docling_easyocr,qwen,5,0,0,0,5,0.0,0.0,0.0,0,,,,,37.337876385,1
ojo_2025-03-02_1,30,none,,adaptive_mean,docling_rapidocr,qwen,5,0,0,0,5,0.0,0.0,0.0,0,,,,,10.583106345,1
ojo_2025-03-02_1,30,none,,basic,docling_easyocr,qwen,5,0,0,0,5,0.0,0.0,0.0,0,,,,,43.918471495,1
ojo_2025-03-02_1,30,none,,basic,docling_rapidocr,qwen,5,0,0,0,5,0.0,0.0,0.0,0,,,,,10.647047202,1
ojo_2025-03-02_1,30,none,,niblack,docling_easyocr,qwen,5,0,0,0,5,0.0,0.0,0.0,0,,,,,35.729330905,1
ojo_2025-03-02_1,30,none,,niblack,docling_rapidocr,qwen,5,0,0,0,5,0.0,0.0,0.0,0,,,,,9.642598755,1
ojo_2025-03-02_1,30,none,,none_color,docling_easyocr,qwen,5,0,0,0,5,0.0,0.0,0.0,0,,,,,38.801140706,1
ojo_2025-03-02_1,30,none,,none_color,docling_rapidocr,qwen,5,0,0,0,5,0.0,0.0,0.0,0,,,,,11.260804812,1
ojo_2025-03-02_1,30,none,,none_grayscale,docling_easyocr,qwen,5,0,0,0,5,0.0,0.0,0.0,0,,,,,38.624565999,1
ojo_2025-03-02_1,30,none,,none_grayscale,docling_rapidocr,qwen,5,0,0,0,5,0.0,0.0,0.0,0,,,,,11.65272824,1
ojo_2025-03-02_1,30,none,,otsu,docling_easyocr,qwen,5,0,0,0,5,0.0,0.0,0.0,0,,,,,43.983677619,1
ojo_2025-03-02_1,30,none,,otsu,docling_rapidocr,qwen,5,0,0,0,5,0.0,0.0,0.0,0,,,,,11.006526225,1
ojo_2025-03-02_1,30,none,,yannihorne,docling_easyocr,qwen,5,0,0,0,5,0.0,0.0,0.0,0,,,,,35.215620749,1
ojo_2025-03-02_1,30,none,,yannihorne,docling_rapidocr,qwen,5,0,0,0,5,0.0,0.0,0.0,0,,,,,8.583594554,1
ojo_2025-03-02_1,31,none,,adaptive_gaussian,docling_easyocr,qwen,5,0,0,0,5,0.0,0.0,0.0,0,,,,,41.487374039,1
ojo_2025-03-02_1,31,none,,adaptive_gaussian,docling_rapidocr,qwen,5,0,0,0,5,0.0,0.0,0.0,0,,,,,10.672879191,1
ojo_2025-03-02_1,31,none,,adaptive_mean,docling_easyocr,qwen,5,0,0,0,5,0.0,0.0,0.0,0,,,,,38.702162953,1
ojo_2025-03-02_1,31,none,,adaptive_mean,docling_rapidocr,qwen,5,0,0,0,5,0.0,0.0,0.0,0,,,,,10.461095544,1
ojo_2025-03-02_1,31,none,,basic,docling_easyocr,qwen,5,0,0,0,5,0.0,0.0,0.0,0,,,,,46.184219187,1
ojo_2025-03-02_1,31,none,,basic,docling_rapidocr,qwen,5,0,0,0,5,0.0,0.0,0.0,0,,,,,12.111871546,1
ojo_2025-03-02_1,31,none,,niblack,docling_easyocr,qwen,5,0,0,0,5,0.0,0.0,0.0,0,,,,,39.875472485,1
ojo_2025-03-02_1,31,none,,niblack,docling_rapidocr,qwen,5,0,0,0,5,0.0,0.0,0.0,0,,,,,9.954462706,1
ojo_2025-03-02_1,31,none,,none_color,docling_easyocr,qwen,5,0,0,0,5,0.0,0.0,0.0,0,,,,,44.675739354,1
ojo_2025-03-02_1,31,none,,none_color,docling_rapidocr,qwen,5,0,0,0,5,0.0,0.0,0.0,0,,,,,13.261843032,1
ojo_2025-03-02_1,31,none,,none_grayscale,docling_easyocr,qwen,5,0,0,0,5,0.0,0.0,0.0,0,,,,,44.675451106,1
ojo_2025-03-02_1,31,none,,none_grayscale,docling_rapidocr,qwen,5,0,0,0,5,0.0,0.0,0.0,0,,,,,11.898012704,1
ojo_2025-03-02_1,31,none,,otsu,docling_easyocr,qwen,5,0,0,0,5,0.0,0.0,0.0,0,,,,,44.853271221,1
ojo_2025-03-02_1,31,none,,otsu,docling_rapidocr,qwen,5,0,0,0,5,0.0,0.0,0.0,0,,,,,12.479713177,1
ojo_2025-03-02_1,31,none,,yannihorne,docling_easyocr,qwen,5,0,0,0,5,0.0,0.0,0.0,0,,,,,39.716999029,1
ojo_2025-03-02_1,31,none,,yannihorne,docling_rapidocr,qwen,5,0,0,0,5,0.0,0.0,0.0,0,,,,,10.184298729,1
ojo_2025-03-02_1,32,none,,adaptive_gaussian,docling_easyocr,qwen,5,0,0,0,5,0.0,0.0,0.0,0,,,,,37.695597696,1
ojo_2025-03-02_1,32,none,,adaptive_gaussian,docling_rapidocr,qwen,5,0,0,0,5,0.0,0.0,0.0,0,,,,,9.399053621,1
ojo_2025-03-02_1,32,none,,adaptive_mean,docling_easyocr,qwen,5,0,0,0,5,0.0,0.0,0.0,0,,,,,35.833171654,1
ojo_2025-03-02_1,32,none,,adaptive_mean,docling_rapidocr,qwen,5,0,0,0,5,0.0,0.0,0.0,0,,,,,10.488806534,1
ojo_2025-03-02_1,32,none,,basic,docling_easyocr,qwen,5,0,0,0,5,0.0,0.0,0.0,0,,,,,42.428109072,1
ojo_2025-03-02_1,32,none,,basic,docling_rapidocr,qwen,5,0,0,0,5,0.0,0.0,0.0,0,,,,,10.959672115,1
ojo_2025-03-02_1,32,none,,niblack,docling_easyocr,qwen,5,0,0,0,5,0.0,0.0,0.0,0,,,,,40.177283707,1
ojo_2025-03-02_1,32,none,,niblack,docling_rapidocr,qwen,5,0,0,0,5,0.0,0.0,0.0,0,,,,,9.850056114,1
ojo_2025-03-02_1,32,none,,none_color,docling_easyocr,qwen,5,0,0,0,5,0.0,0.0,0.0,0,,,,,42.214685105,1
ojo_2025-03-02_1,32,none,,none_color,docling_rapidocr,qwen,5,0,0,0,5,0.0,0.0,0.0,0,,,,,11.798158072,1
ojo_2025-03-02_1,32,none,,none_grayscale,docling_easyocr,qwen,5,0,0,0,5,0.0,0.0,0.0,0,,,,,42.22924342,1
ojo_2025-03-02_1,32,none,,none_grayscale,docling_rapidocr,qwen,5,0,0,0,5,0.0,0.0,0.0,0,,,,,10.440453671,1
ojo_2025-03-02_1,32,none,,otsu,docling_easyocr,qwen,5,0,0,0,5,0.0,0.0,0.0,0,,,,,42.981890581,1
ojo_2025-03-02_1,32,none,,otsu,docling_rapidocr,qwen,5,0,0,0,5,0.0,0.0,0.0,0,,,,,12.016752146,1
ojo_2025-03-02_1,32,none,,yannihorne,docling_easyocr,qwen,5,0,0,0,5,0.0,0.0,0.0,0,,,,,39.011457823,1
ojo_2025-03-02_1,32,none,,yannihorne,docling_rapidocr,qwen,5,0,0,0,5,0.0,0.0,0.0,0,,,,,10.566701553,1
ojo_2025-03-02_1,33,none,,adaptive_gaussian,docling_easyocr,qwen,5,0,0,0,5,0.0,0.0,0.0,0,,,,,42.427728556,1
ojo_2025-03-02_1,33,none,,adaptive_gaussian,docling_rapidocr,qwen,5,0,0,0,5,0.0,0.0,0.0,0,,,,,10.406454943,1
ojo_2025-03-02_1,33,none,,adaptive_mean,docling_easyocr,qwen,5,0,0,0,5,0.0,0.0,0.0,0,,,,,39.209695957,1
ojo_2025-03-02_1,33,none,,adaptive_mean,docling_rapidocr,qwen,5,0,0,0,5,0.0,0.0,0.0,0,,,,,10.513051651,1
ojo_2025-03-02_1,33,none,,basic,docling_easyocr,qwen,5,0,0,0,5,0.0,0.0,0.0,0,,,,,39.336370703,1
ojo_2025-03-02_1,33,none,,basic,docling_rapidocr,qwen,5,0,0,0,5,0.0,0.0,0.0,0,,,,,11.052844044,1
ojo_2025-03-02_1,33,none,,niblack,docling_easyocr,qwen,5,0,0,0,5,0.0,0.0,0.0,0,,,,,39.369763888,1
ojo_2025-03-02_1,33,none,,niblack,docling_rapidocr,qwen,5,0,0,0,5,0.0,0.0,0.0,0,,,,,10.009584463,1
ojo_2025-03-02_1,33,none,,none_color,docling_easyocr,qwen,5,0,0,0,5,0.0,0.0,0.0,0,,,,,45.056411739,1
ojo_2025-03-02_1,33,none,,none_color,docling_rapidocr,qwen,5,0,0,0,5,0.0,0.0,0.0,0,,,,,10.835060831,1
ojo_2025-03-02_1,33,none,,none_grayscale,docling_easyocr,qwen,5,0,0,0,5,0.0,0.0,0.0,0,,,,,43.784759041,1
ojo_2025-03-02_1,33,none,,none_grayscale,docling_rapidocr,qwen,5,0,0,0,5,0.0,0.0,0.0,0,,,,,11.668061253,1
ojo_2025-03-02_1,33,none,,otsu,docling_easyocr,qwen,5,0,0,0,5,0.0,0.0,0.0,0,,,,,44.048157046,1
ojo_2025-03-02_1,33,none,,otsu,docling_rapidocr,qwen,5,0,0,0,5,0.0,0.0,0.0,0,,,,,11.333500216,1
ojo_2025-03-02_1,33,none,,yannihorne,docling_easyocr,qwen,5,0,0,0,5,0.0,0.0,0.0,0,,,,,35.373148987,1
ojo_2025-03-02_1,33,none,,yannihorne,docling_rapidocr,qwen,5,0,0,0,5,0.0,0.0,0.0,0,,,,,9.679051945,1
ojo_2025-03-02_1,34,none,,adaptive_gaussian,docling_easyocr,qwen,5,0,0,0,5,0.0,0.0,0.0,0,,,,,36.935482073,1
ojo_2025-03-02_1,34,none,,adaptive_gaussian,docling_rapidocr,qwen,5,0,0,0,5,0.0,0.0,0.0,0,,,,,10.757237005,1
ojo_2025-03-02_1,34,none,,adaptive_mean,docling_easyocr,qwen,5,0,0,0,5,0.0,0.0,0.0,0,,,,,41.380245733,1
ojo_2025-03-02_1,34,none,,adaptive_mean,docling_rapidocr,qwen,5,0,0,0,5,0.0,0.0,0.0,0,,,,,10.81728487,1
ojo_2025-03-02_1,34,none,,basic,docling_easyocr,qwen,5,0,0,0,5,0.0,0.0,0.0,0,,,,,45.246788405,1
ojo_2025-03-02_1,34,none,,basic,docling_rapidocr,qwen,5,0,0,0,5,0.0,0.0,0.0,0,,,,,11.740936897,1
ojo_2025-03-02_1,34,none,,niblack,docling_easyocr,qwen,5,0,0,0,5,0.0,0.0,0.0,0,,,,,39.951332035,1
ojo_2025-03-02_1,34,none,,niblack,docling_rapidocr,qwen,5,1,0,1,5,0.0,0.0,0.0,1,0.92,1.0,1.0,1.0,10.323262158,0
ojo_2025-03-02_1,34,none,,none_color,docling_easyocr,qwen,5,0,0,0,5,0.0,0.0,0.0,0,,,,,45.151368759,1
ojo_2025-03-02_1,34,none,,none_color,docling_rapidocr,qwen,5,0,0,0,5,0.0,0.0,0.0,0,,,,,13.098786972,1
ojo_2025-03-02_1,34,none,,none_grayscale,docling_easyocr,qwen,5,0,0,0,5,0.0,0.0,0.0,0,,,,,45.948322676,1
ojo_2025-03-02_1,34,none,,none_grayscale,docling_rapidocr,qwen,5,0,0,0,5,0.0,0.0,0.0,0,,,,,13.019328974,1
ojo_2025-03-02_1,34,none,,otsu,docling_easyocr,qwen,5,0,0,0,5,0.0,0.0,0.0,0,,,,,45.864146446,1
ojo_2025-03-02_1,34,none,,otsu,docling_rapidocr,qwen,5,0,0,0,5,0.0,0.0,0.0,0,,,,,11.455030893,1
ojo_2025-03-02_1,34,none,,yannihorne,docling_easyocr,qwen,5,0,0,0,5,0.0,0.0,0.0,0,,,,,39.72227714,1
ojo_2025-03-02_1,34,none,,yannihorne,docling_rapidocr,qwen,5,0,0,0,5,0.0,0.0,0.0,0,,,,,10.38417313,1
ojo_2025-03-02_1,35,none,,adaptive_gaussian,docling_easyocr,qwen,5,0,0,0,5,0.0,0.0,0.0,0,,,,,37.989407349,1
ojo_2025-03-02_1,35,none,,adaptive_gaussian,docling_rapidocr,qwen,5,0,0,0,5,0.0,0.0,0.0,0,,,,,10.775664139,1
ojo_2025-03-02_1,35,none,,adaptive_mean,docling_easyocr,qwen,5,0,0,0,5,0.0,0.0,0.0,0,,,,,41.510142374,1
ojo_2025-03-02_1,35,none,,adaptive_mean,docling_rapidocr,qwen,5,0,0,0,5,0.0,0.0,0.0,0,,,,,10.687337446,1
ojo_2025-03-02_1,35,none,,basic,docling_easyocr,qwen,5,0,0,0,5,0.0,0.0,0.0,0,,,,,43.739174269,1
ojo_2025-03-02_1,35,none,,basic,docling_rapidocr,qwen,5,0,0,0,5,0.0,0.0,0.0,0,,,,,11.16750779,1
ojo_2025-03-02_1,35,none,,niblack,docling_easyocr,qwen,5,0,0,0,5,0.0,0.0,0.0,0,,,,,40.37452096,1
ojo_2025-03-02_1,35,none,,niblack,docling_rapidocr,qwen,5,0,0,0,5,0.0,0.0,0.0,0,,,,,9.268952313,1
ojo_2025-03-02_1,35,none,,none_color,docling_easyocr,qwen,5,0,0,0,5,0.0,0.0,0.0,0,,,,,43.911528967,1
ojo_2025-03-02_1,35,none,,none_color,docling_rapidocr,qwen,5,0,0,0,5,0.0,0.0,0.0,0,,,,,10.096192978,1
ojo_2025-03-02_1,35,none,,none_grayscale,docling_easyocr,qwen,5,0,0,0,5,0.0,0.0,0.0,0,,,,,43.274317167,1
ojo_2025-03-02_1,35,none,,none_grayscale,docling_rapidocr,qwen,5,0,0,0,5,0.0,0.0,0.0,0,,,,,11.671116017,1
ojo_2025-03-02_1,35,none,,otsu,docling_easyocr,qwen,5,0,0,0,5,0.0,0.0,0.0,0,,,,,43.991086811,1
ojo_2025-03-02_1,35,none,,otsu,docling_rapidocr,qwen,5,0,0,0,5,0.0,0.0,0.0,0,,,,,10.05589208,1
ojo_2025-03-02_1,35,none,,yannihorne,docling_easyocr,qwen,5,0,0,0,5,0.0,0.0,0.0,0,,,,,39.23356232,1
ojo_2025-03-02_1,35,none,,yannihorne,docling_rapidocr,qwen,5,0,0,0,5,0.0,0.0,0.0,0,,,,,9.990793079,1
ojo_2025-03-02_1,36,none,,adaptive_gaussian,docling_easyocr,qwen,5,0,0,0,5,0.0,0.0,0.0,0,,,,,41.731829971,1
ojo_2025-03-02_1,36,none,,adaptive_gaussian,docling_rapidocr,qwen,5,0,0,0,5,0.0,0.0,0.0,0,,,,,10.083607286,1
ojo_2025-03-02_1,36,none,,adaptive_mean,docling_easyocr,qwen,5,0,0,0,5,0.0,0.0,0.0,0,,,,,41.645174831,1
ojo_2025-03-02_1,36,none,,adaptive_mean,docling_rapidocr,qwen,5,0,0,0,5,0.0,0.0,0.0,0,,,,,9.812613815,1
ojo_2025-03-02_1,36,none,,basic,docling_easyocr,qwen,5,0,0,0,5,0.0,0.0,0.0,0,,,,,45.202228967,1
ojo_2025-03-02_1,36,none,,basic,docling_rapidocr,qwen,5,0,0,0,5,0.0,0.0,0.0,0,,,,,11.186074201,1
ojo_2025-03-02_1,36,none,,niblack,docling_easyocr,qwen,5,0,0,0,5,0.0,0.0,0.0,0,,,,,39.713366016,1
ojo_2025-03-02_1,36,none,,niblack,docling_rapidocr,qwen,5,0,0,0,5,0.0,0.0,0.0,0,,,,,9.337466939,1
ojo_2025-03-02_1,36,none,,none_color,docling_easyocr,qwen,5,0,0,0,5,0.0,0.0,0.0,0,,,,,39.601160232,1
ojo_2025-03-02_1,36,none,,none_color,docling_rapidocr,qwen,5,0,0,0,5,0.0,0.0,0.0,0,,,,,12.065800373,1
ojo_2025-03-02_1,36,none,,none_grayscale,docling_easyocr,qwen,5,0,0,0,5,0.0,0.0,0.0,0,,,,,44.504403058,1
ojo_2025-03-02_1,36,none,,none_grayscale,docling_rapidocr,qwen,5,0,0,0,5,0.0,0.0,0.0,0,,,,,10.320084039,1
ojo_2025-03-02_1,36,none,,otsu,docling_easyocr,qwen,5,0,0,0,5,0.0,0.0,0.0,0,,,,,44.276295202,1
ojo_2025-03-02_1,36,none,,otsu,docling_rapidocr,qwen,5,0,0,0,5,0.0,0.0,0.0,0,,,,,11.491295116,1
ojo_2025-03-02_1,36,none,,yannihorne,docling_easyocr,qwen,5,0,0,0,5,0.0,0.0,0.0,0,,,,,39.330860631,1
ojo_2025-03-02_1,36,none,,yannihorne,docling_rapidocr,qwen,5,0,0,0,5,0.0,0.0,0.0,0,,,,,9.878468053,1
ojo_2025-03-02_1,37,none,,adaptive_gaussian,docling_easyocr,qwen,5,0,0,0,5,0.0,0.0,0.0,0,,,,,38.665235919,1
ojo_2025-03-02_1,37,none,,adaptive_gaussian,docling_rapidocr,qwen,5,0,0,0,5,0.0,0.0,0.0,0,,,,,10.008775396,1
ojo_2025-03-02_1,37,none,,adaptive_mean,docling_easyocr,qwen,5,0,0,0,5,0.0,0.0,0.0,0,,,,,38.575345439,1
ojo_2025-03-02_1,37,none,,adaptive_mean,docling_rapidocr,qwen,5,0,0,0,5,0.0,0.0,0.0,0,,,,,10.241113824,1
ojo_2025-03-02_1,37,none,,basic,docling_easyocr,qwen,5,0,0,0,5,0.0,0.0,0.0,0,,,,,45.204334753,1
ojo_2025-03-02_1,37,none,,basic,docling_rapidocr,qwen,5,0,0,0,5,0.0,0.0,0.0,0,,,,,12.22034003,1
ojo_2025-03-02_1,37,none,,niblack,docling_easyocr,qwen,5,0,0,0,5,0.0,0.0,0.0,0,,,,,40.220356044,1
ojo_2025-03-02_1,37,none,,niblack,docling_rapidocr,qwen,5,0,0,0,5,0.0,0.0,0.0,0,,,,,9.986269292,1
ojo_2025-03-02_1,37,none,,none_color,docling_easyocr,qwen,5,0,0,0,5,0.0,0.0,0.0,0,,,,,43.967347877,1
ojo_2025-03-02_1,37,none,,none_color,docling_rapidocr,qwen,5,0,0,0,5,0.0,0.0,0.0,0,,,,,13.468065755,1
ojo_2025-03-02_1,37,none,,none_grayscale,docling_easyocr,qwen,5,0,0,0,5,0.0,0.0,0.0,0,,,,,41.200193422,1
ojo_2025-03-02_1,37,none,,none_grayscale,docling_rapidocr,qwen,5,0,0,0,5,0.0,0.0,0.0,0,,,,,12.777150886,1
ojo_2025-03-02_1,37,none,,otsu,docling_easyocr,qwen,5,0,0,0,5,0.0,0.0,0.0,0,,,,,40.072330802,1
ojo_2025-03-02_1,37,none,,otsu,docling_rapidocr,qwen,5,0,0,0,5,0.0,0.0,0.0,0,,,,,12.268944591,1
ojo_2025-03-02_1,37,none,,yannihorne,docling_easyocr,qwen,5,0,0,0,5,0.0,0.0,0.0,0,,,,,35.012223333,1
ojo_2025-03-02_1,37,none,,yannihorne,docling_rapidocr,qwen,5,0,0,0,5,0.0,0.0,0.0,0,,,,,9.737651199,1
ojo_2025-03-02_1,38,none,,adaptive_gaussian,docling_easyocr,qwen,5,0,0,0,5,0.0,0.0,0.0,0,,,,,36.930508775,1
ojo_2025-03-02_1,38,none,,adaptive_gaussian,docling_rapidocr,qwen,5,0,0,0,5,0.0,0.0,0.0,0,,,,,10.208351774,1
ojo_2025-03-02_1,38,none,,adaptive_mean,docling_easyocr,qwen,5,0,0,0,5,0.0,0.0,0.0,0,,,,,35.302052421,1
ojo_2025-03-02_1,38,none,,adaptive_mean,docling_rapidocr,qwen,5,0,0,0,5,0.0,0.0,0.0,0,,,,,10.463931245,1
ojo_2025-03-02_1,38,none,,basic,docling_easyocr,qwen,5,0,0,0,5,0.0,0.0,0.0,0,,,,,45.548759239,1
ojo_2025-03-02_1,38,none,,basic,docling_rapidocr,qwen,5,0,0,0,5,0.0,0.0,0.0,0,,,,,10.477054613,1
ojo_2025-03-02_1,38,none,,niblack,docling_easyocr,qwen,5,0,0,0,5,0.0,0.0,0.0,0,,,,,40.070771512,1
ojo_2025-03-02_1,38,none,,niblack,docling_rapidocr,qwen,5,0,0,0,5,0.0,0.0,0.0,0,,,,,9.652555284,1
ojo_2025-03-02_1,38,none,,none_color,docling_easyocr,qwen,5,0,0,0,5,0.0,0.0,0.0,0,,,,,43.237472551,1
ojo_2025-03-02_1,38,none,,none_color,docling_rapidocr,qwen,5,0,0,0,5,0.0,0.0,0.0,0,,,,,11.777684467,1
ojo_2025-03-02_1,38,none,,none_grayscale,docling_easyocr,qwen,5,0,0,0,5,0.0,0.0,0.0,0,,,,,43.000063198,1
ojo_2025-03-02_1,38,none,,none_grayscale,docling_rapidocr,qwen,5,0,0,0,5,0.0,0.0,0.0,0,,,,,11.58276345,1
ojo_2025-03-02_1,38,none,,otsu,docling_easyocr,qwen,5,0,0,0,5,0.0,0.0,0.0,0,,,,,41.486470001,1
ojo_2025-03-02_1,38,none,,otsu,docling_rapidocr,qwen,5,0,0,0,5,0.0,0.0,0.0,0,,,,,10.84176399,1
ojo_2025-03-02_1,38,none,,yannihorne,docling_easyocr,qwen,5,0,0,0,5,0.0,0.0,0.0,0,,,,,39.908653514,1
ojo_2025-03-02_1,38,none,,yannihorne,docling_rapidocr,qwen,5,0,0,0,5,0.0,0.0,0.0,0,,,,,10.242084997,1
ojo_2025-03-02_1,39,none,,adaptive_gaussian,docling_easyocr,qwen,5,0,0,0,5,0.0,0.0,0.0,0,,,,,50.380276767,1
ojo_2025-03-02_1,39,none,,adaptive_gaussian,docling_rapidocr,qwen,5,0,0,0,5,0.0,0.0,0.0,0,,,,,17.098730413,1
ojo_2025-03-02_1,39,none,,adaptive_mean,docling_easyocr,qwen,5,0,0,0,5,0.0,0.0,0.0,0,,,,,49.842476932,1
ojo_2025-03-02_1,39,none,,adaptive_mean,docling_rapidocr,qwen,5,0,0,0,5,0.0,0.0,0.0,0,,,,,16.485933153,1
ojo_2025-03-02_1,39,none,,basic,docling_easyocr,qwen,5,0,0,0,5,0.0,0.0,0.0,0,,,,,54.017497482,1
ojo_2025-03-02_1,39,none,,basic,docling_rapidocr,qwen,5,0,0,0,5,0.0,0.0,0.0,0,,,,,20.358820857,1
ojo_2025-03-02_1,39,none,,niblack,docling_easyocr,qwen,5,0,0,0,5,0.0,0.0,0.0,0,,,,,43.981264812,1
ojo_2025-03-02_1,39,none,,niblack,docling_rapidocr,qwen,5,0,0,0,5,0.0,0.0,0.0,0,,,,,17.022525293,1
ojo_2025-03-02_1,39,none,,none_color,docling_easyocr,qwen,5,0,0,0,5,0.0,0.0,0.0,0,,,,,54.501584949,1
ojo_2025-03-02_1,39,none,,none_color,docling_rapidocr,qwen,5,0,0,0,5,0.0,0.0,0.0,0,,,,,20.946874799,1
ojo_2025-03-02_1,39,none,,none_grayscale,docling_easyocr,qwen,5,0,0,0,5,0.0,0.0,0.0,0,,,,,49.259997787,1
ojo_2025-03-02_1,39,none,,none_grayscale,docling_rapidocr,qwen,5,0,0,0,5,0.0,0.0,0.0,0,,,,,20.23158163,1
ojo_2025-03-02_1,39,none,,otsu,docling_easyocr,qwen,5,0,0,0,5,0.0,0.0,0.0,0,,,,,53.482921676,1
ojo_2025-03-02_1,39,none,,otsu,docling_rapidocr,qwen,5,0,0,0,5,0.0,0.0,0.0,0,,,,,19.8691891,1
ojo_2025-03-02_1,39,none,,yannihorne,docling_easyocr,qwen,5,0,0,0,5,0.0,0.0,0.0,0,,,,,47.977991895,1
ojo_2025-03-02_1,39,none,,yannihorne,docling_rapidocr,qwen,5,0,0,0,5,0.0,0.0,0.0,0,,,,,16.939223127,1
ojo_2025-03-02_1,40,none,,adaptive_gaussian,docling_easyocr,qwen,5,0,0,0,5,0.0,0.0,0.0,0,,,,,50.734292474,1
ojo_2025-03-02_1,40,none,,adaptive_gaussian,docling_rapidocr,qwen,5,0,0,0,5,0.0,0.0,0.0,0,,,,,17.99374291,1
ojo_2025-03-02_1,40,none,,adaptive_mean,docling_easyocr,qwen,5,0,0,0,5,0.0,0.0,0.0,0,,,,,50.529217926,1
ojo_2025-03-02_1,40,none,,adaptive_mean,docling_rapidocr,qwen,5,0,0,0,5,0.0,0.0,0.0,0,,,,,17.874797788,1
ojo_2025-03-02_1,40,none,,basic,docling_easyocr,qwen,5,0,0,0,5,0.0,0.0,0.0,0,,,,,54.887247146,1
ojo_2025-03-02_1,40,none,,basic,docling_rapidocr,qwen,5,0,0,0,5,0.0,0.0,0.0,0,,,,,20.49072534,1
ojo_2025-03-02_1,40,none,,niblack,docling_easyocr,qwen,5,1,1,0,4,1.0,0.2,0.333333,1,0.9583333333333334,1.0,0.0,0.0,47.183468681,0
ojo_2025-03-02_1,40,none,,niblack,docling_rapidocr,qwen,5,0,0,0,5,0.0,0.0,0.0,0,,,,,17.195178848,1
ojo_2025-03-02_1,40,none,,none_color,docling_easyocr,qwen,5,0,0,0,5,0.0,0.0,0.0,0,,,,,55.216758312,1
ojo_2025-03-02_1,40,none,,none_color,docling_rapidocr,qwen,5,0,0,0,5,0.0,0.0,0.0,0,,,,,20.861332716,1
ojo_2025-03-02_1,40,none,,none_grayscale,docling_easyocr,qwen,5,0,0,0,5,0.0,0.0,0.0,0,,,,,54.106895269,1
ojo_2025-03-02_1,40,none,,none_grayscale,docling_rapidocr,qwen,5,0,0,0,5,0.0,0.0,0.0,0,,,,,20.942054332,1
ojo_2025-03-02_1,40,none,,otsu,docling_easyocr,qwen,5,0,0,0,5,0.0,0.0,0.0,0,,,,,55.168238296,1
ojo_2025-03-02_1,40,none,,otsu,docling_rapidocr,qwen,5,0,0,0,5,0.0,0.0,0.0,0,,,,,20.645963564,1
ojo_2025-03-02_1,41,none,,adaptive_gaussian,docling_easyocr,qwen,5,0,0,0,5,0.0,0.0,0.0,0,,,,,49.748789339,1
ojo_2025-03-02_1,41,none,,adaptive_gaussian,docling_rapidocr,qwen,5,0,0,0,5,0.0,0.0,0.0,0,,,,,18.2292836,1
ojo_2025-03-02_1,41,none,,adaptive_mean,docling_easyocr,qwen,5,0,0,0,5,0.0,0.0,0.0,0,,,,,49.52382131,1
ojo_2025-03-02_1,41,none,,adaptive_mean,docling_rapidocr,qwen,5,0,0,0,5,0.0,0.0,0.0,0,,,,,17.959391311,1
ojo_2025-03-02_1,41,none,,basic,docling_easyocr,qwen,5,0,0,0,5,0.0,0.0,0.0,0,,,,,51.959182623,1
ojo_2025-03-02_1,41,none,,basic,docling_rapidocr,qwen,5,0,0,0,5,0.0,0.0,0.0,0,,,,,20.217064264,1
ojo_2025-03-02_1,41,none,,niblack,docling_easyocr,qwen,5,0,0,0,5,0.0,0.0,0.0,0,,,,,47.024242563,1
ojo_2025-03-02_1,41,none,,niblack,docling_rapidocr,qwen,5,0,0,0,5,0.0,0.0,0.0,0,,,,,17.298813982,1
ojo_2025-03-02_1,41,none,,none_color,docling_easyocr,qwen,5,0,0,0,5,0.0,0.0,0.0,0,,,,,54.242570284,1
ojo_2025-03-02_1,41,none,,none_color,docling_rapidocr,qwen,5,0,0,0,5,0.0,0.0,0.0,0,,,,,21.626278761,1
ojo_2025-03-02_1,41,none,,none_grayscale,docling_easyocr,qwen,5,0,0,0,5,0.0,0.0,0.0,0,,,,,51.185109975,1
ojo_2025-03-02_1,41,none,,none_grayscale,docling_rapidocr,qwen,5,0,0,0,5,0.0,0.0,0.0,0,,,,,21.189128997,1
ojo_2025-03-02_1,41,none,,otsu,docling_easyocr,qwen,5,0,0,0,5,0.0,0.0,0.0,0,,,,,49.398218992,1
ojo_2025-03-02_1,41,none,,otsu,docling_rapidocr,qwen,5,0,0,0,5,0.0,0.0,0.0,0,,,,,19.680259349,1
ojo_2025-03-02_1,41,none,,yannihorne,docling_easyocr,qwen,5,0,0,0,5,0.0,0.0,0.0,0,,,,,47.523184421,1
ojo_2025-03-02_1,41,none,,yannihorne,docling_rapidocr,qwen,5,0,0,0,5,0.0,0.0,0.0,0,,,,,17.322603586,1
ojo_2025-03-02_1,42,none,,adaptive_gaussian,docling_easyocr,qwen,5,0,0,0,5,0.0,0.0,0.0,0,,,,,43.738558038,1
ojo_2025-03-02_1,42,none,,adaptive_gaussian,docling_rapidocr,qwen,5,0,0,0,5,0.0,0.0,0.0,0,,,,,9.834891304,1
ojo_2025-03-02_1,42,none,,adaptive_mean,docling_easyocr,qwen,5,0,0,0,5,0.0,0.0,0.0,0,,,,,38.93524979,1
ojo_2025-03-02_1,42,none,,adaptive_mean,docling_rapidocr,qwen,5,0,0,0,5,0.0,0.0,0.0,0,,,,,10.647151216,1
ojo_2025-03-02_1,42,none,,basic,docling_easyocr,qwen,5,0,0,0,5,0.0,0.0,0.0,0,,,,,39.869934875,1
ojo_2025-03-02_1,42,none,,basic,docling_rapidocr,qwen,5,0,0,0,5,0.0,0.0,0.0,0,,,,,11.0053428,1
ojo_2025-03-02_1,42,none,,none_color,docling_easyocr,qwen,5,0,0,0,5,0.0,0.0,0.0,0,,,,,45.124899227,1
ojo_2025-03-02_1,42,none,,none_color,docling_rapidocr,qwen,5,0,0,0,5,0.0,0.0,0.0,0,,,,,12.29539426,1
ojo_2025-03-02_1,42,none,,none_grayscale,docling_easyocr,qwen,5,0,0,0,5,0.0,0.0,0.0,0,,,,,45.110041935,1
ojo_2025-03-02_1,42,none,,none_grayscale,docling_rapidocr,qwen,5,0,0,0,5,0.0,0.0,0.0,0,,,,,11.559925396,1
ojo_2025-03-02_1,42,none,,otsu,docling_easyocr,qwen,5,0,0,0,5,0.0,0.0,0.0,0,,,,,44.876650007,1
ojo_2025-03-02_1,42,none,,otsu,docling_rapidocr,qwen,5,0,0,0,5,0.0,0.0,0.0,0,,,,,12.437045963,1
ojo_2025-03-02_1,43,none,,adaptive_gaussian,docling_easyocr,qwen,5,0,0,0,5,0.0,0.0,0.0,0,,,,,42.225555954,1
ojo_2025-03-02_1,43,none,,adaptive_gaussian,docling_rapidocr,qwen,5,0,0,0,5,0.0,0.0,0.0,0,,,,,10.691952047,1
ojo_2025-03-02_1,43,none,,adaptive_mean,docling_easyocr,qwen,5,0,0,0,5,0.0,0.0,0.0,0,,,,,42.417765197,1
ojo_2025-03-02_1,43,none,,adaptive_mean,docling_rapidocr,qwen,5,0,0,0,5,0.0,0.0,0.0,0,,,,,10.334243831,1
ojo_2025-03-02_1,43,none,,basic,docling_easyocr,qwen,5,0,0,0,5,0.0,0.0,0.0,0,,,,,40.184542806,1
ojo_2025-03-02_1,43,none,,basic,docling_rapidocr,qwen,5,0,0,0,5,0.0,0.0,0.0,0,,,,,11.424637706,1
ojo_2025-03-02_1,43,none,,none_color,docling_easyocr,qwen,5,0,0,0,5,0.0,0.0,0.0,0,,,,,44.253393085,1
ojo_2025-03-02_1,43,none,,none_color,docling_rapidocr,qwen,5,0,0,0,5,0.0,0.0,0.0,0,,,,,11.660450609,1
ojo_2025-03-02_1,43,none,,none_grayscale,docling_easyocr,qwen,5,0,0,0,5,0.0,0.0,0.0,0,,,,,43.670561226,1
ojo_2025-03-02_1,43,none,,none_grayscale,docling_rapidocr,qwen,5,0,0,0,5,0.0,0.0,0.0,0,,,,,12.048866661,1
ojo_2025-03-02_1,43,none,,otsu,docling_easyocr,qwen,5,0,0,0,5,0.0,0.0,0.0,0,,,,,44.065832365,1
ojo_2025-03-02_1,43,none,,otsu,docling_rapidocr,qwen,5,0,0,0,5,0.0,0.0,0.0,0,,,,,10.870756377,1
ojo_2025-03-02_1,44,none,,adaptive_gaussian,docling_easyocr,qwen,5,0,0,0,5,0.0,0.0,0.0,0,,,,,43.499381127,1
ojo_2025-03-02_1,44,none,,adaptive_gaussian,docling_rapidocr,qwen,5,0,0,0,5,0.0,0.0,0.0,0,,,,,9.958031477,1
ojo_2025-03-02_1,44,none,,adaptive_mean,docling_easyocr,qwen,5,0,0,0,5,0.0,0.0,0.0,0,,,,,43.554249825,1
ojo_2025-03-02_1,44,none,,adaptive_mean,docling_rapidocr,qwen,5,0,0,0,5,0.0,0.0,0.0,0,,,,,10.164339604,1
ojo_2025-03-02_1,44,none,,basic,docling_easyocr,qwen,5,0,0,0,5,0.0,0.0,0.0,0,,,,,42.972686922,1
ojo_2025-03-02_1,44,none,,basic,docling_rapidocr,qwen,5,0,0,0,5,0.0,0.0,0.0,0,,,,,10.220433628,1
ojo_2025-03-02_1,44,none,,none_color,docling_easyocr,qwen,5,0,0,0,5,0.0,0.0,0.0,0,,,,,45.78743974,1
ojo_2025-03-02_1,44,none,,none_color,docling_rapidocr,qwen,5,0,0,0,5,0.0,0.0,0.0,0,,,,,12.193217194,1
ojo_2025-03-02_1,44,none,,none_grayscale,docling_easyocr,qwen,5,0,0,0,5,0.0,0.0,0.0,0,,,,,45.758155739,1
ojo_2025-03-02_1,44,none,,none_grayscale,docling_rapidocr,qwen,5,0,0,0,5,0.0,0.0,0.0,0,,,,,11.83982507,1
ojo_2025-03-02_1,44,none,,otsu,docling_easyocr,qwen,5,0,0,0,5,0.0,0.0,0.0,0,,,,,45.191684163,1
ojo_2025-03-02_1,44,none,,otsu,docling_rapidocr,qwen,5,0,0,0,5,0.0,0.0,0.0,0,,,,,11.834690487,1
ojo_2025-03-02_1,45,none,,adaptive_gaussian,docling_easyocr,qwen,5,0,0,0,5,0.0,0.0,0.0,0,,,,,40.438969111,1
ojo_2025-03-02_1,45,none,,adaptive_mean,docling_easyocr,qwen,5,0,0,0,5,0.0,0.0,0.0,0,,,,,33.888971232,1
ojo_2025-03-02_1,45,none,,basic,docling_easyocr,qwen,5,0,0,0,5,0.0,0.0,0.0,0,,,,,40.826328585,1
ojo_2025-03-02_1,45,none,,basic,docling_rapidocr,qwen,5,0,0,0,5,0.0,0.0,0.0,0,,,,,10.099056313,1
ojo_2025-03-02_1,45,none,,niblack,docling_easyocr,qwen,5,0,0,0,5,0.0,0.0,0.0,0,,,,,39.879274477,1
ojo_2025-03-02_1,45,none,,none_color,docling_easyocr,qwen,5,0,0,0,5,0.0,0.0,0.0,0,,,,,35.317009995,1
ojo_2025-03-02_1,45,none,,none_grayscale,docling_easyocr,qwen,5,0,0,0,5,0.0,0.0,0.0,0,,,,,35.89539654,1
ojo_2025-03-02_1,45,none,,otsu,docling_easyocr,qwen,5,0,0,0,5,0.0,0.0,0.0,0,,,,,37.128902981,1
ojo_2025-03-02_1,45,none,,otsu,docling_rapidocr,qwen,5,0,0,0,5,0.0,0.0,0.0,0,,,,,9.473015616,1
ojo_2025-03-02_1,45,none,,yannihorne,docling_easyocr,qwen,5,0,0,0,5,0.0,0.0,0.0,0,,,,,35.410368512,1
ojo_2025-03-02_1,45,none,,yannihorne,docling_rapidocr,qwen,5,0,0,0,5,0.0,0.0,0.0,0,,,,,9.066146443,1
ojo_2025-03-02_1,46,none,,adaptive_gaussian,docling_easyocr,qwen,5,0,0,0,5,0.0,0.0,0.0,0,,,,,36.383339142,1
ojo_2025-03-02_1,46,none,,adaptive_gaussian,docling_rapidocr,qwen,5,0,0,0,5,0.0,0.0,0.0,0,,,,,10.019446587,1
ojo_2025-03-02_1,46,none,,adaptive_mean,docling_easyocr,qwen,5,0,0,0,5,0.0,0.0,0.0,0,,,,,39.591034316,1
ojo_2025-03-02_1,46,none,,basic,docling_easyocr,qwen,5,0,0,0,5,0.0,0.0,0.0,0,,,,,39.659498761,1
ojo_2025-03-02_1,46,none,,basic,docling_rapidocr,qwen,5,0,0,0,5,0.0,0.0,0.0,0,,,,,9.621345112,1
ojo_2025-03-02_1,46,none,,none_color,docling_easyocr,qwen,5,0,0,0,5,0.0,0.0,0.0,0,,,,,38.105982134,1
ojo_2025-03-02_1,46,none,,none_grayscale,docling_easyocr,qwen,5,0,0,0,5,0.0,0.0,0.0,0,,,,,39.752245972,1
ojo_2025-03-02_1,46,none,,otsu,docling_easyocr,qwen,5,0,0,0,5,0.0,0.0,0.0,0,,,,,40.678056786,1
ojo_2025-03-02_1,46,none,,otsu,docling_rapidocr,qwen,5,0,0,0,5,0.0,0.0,0.0,0,,,,,9.708562682,1
ojo_2025-03-02_1,46,none,,yannihorne,docling_easyocr,qwen,5,0,0,0,5,0.0,0.0,0.0,0,,,,,39.659486601,1
ojo_2025-03-02_1,46,none,,yannihorne,docling_rapidocr,qwen,5,0,0,0,5,0.0,0.0,0.0,0,,,,,9.261326382,1
ojo_2025-03-02_1,47,none,,adaptive_gaussian,docling_easyocr,qwen,5,0,0,0,5,0.0,0.0,0.0,0,,,,,40.823443461,1
ojo_2025-03-02_1,47,none,,adaptive_mean,docling_easyocr,qwen,5,0,0,0,5,0.0,0.0,0.0,0,,,,,39.780970145,1
ojo_2025-03-02_1,47,none,,basic,docling_easyocr,qwen,5,0,0,0,5,0.0,0.0,0.0,0,,,,,39.40172758,1
ojo_2025-03-02_1,47,none,,basic,docling_rapidocr,qwen,5,0,0,0,5,0.0,0.0,0.0,0,,,,,8.575819634,1
ojo_2025-03-02_1,47,none,,niblack,docling_easyocr,qwen,5,0,0,0,5,0.0,0.0,0.0,0,,,,,40.035539975,1
ojo_2025-03-02_1,47,none,,none_color,docling_easyocr,qwen,5,0,0,0,5,0.0,0.0,0.0,0,,,,,35.163375758,1
ojo_2025-03-02_1,47,none,,none_grayscale,docling_easyocr,qwen,5,0,0,0,5,0.0,0.0,0.0,0,,,,,36.980842017,1
ojo_2025-03-02_1,47,none,,otsu,docling_easyocr,qwen,5,0,0,0,5,0.0,0.0,0.0,0,,,,,39.702197538,1
ojo_2025-03-02_1,47,none,,otsu,docling_rapidocr,qwen,5,0,0,0,5,0.0,0.0,0.0,0,,,,,8.711516129,1
ojo_2025-03-02_1,47,none,,yannihorne,docling_easyocr,qwen,5,0,0,0,5,0.0,0.0,0.0,0,,,,,38.941502796,1
ojo_2025-03-02_1,47,none,,yannihorne,docling_rapidocr,qwen,5,0,0,0,5,0.0,0.0,0.0,0,,,,,9.761902557,1
ojo_2025-03-02_1,48,none,,adaptive_gaussian,docling_easyocr,qwen,5,0,0,0,5,0.0,0.0,0.0,0,,,,,64.399735405,1
ojo_2025-03-02_1,48,none,,adaptive_gaussian,docling_rapidocr,qwen,5,0,0,0,5,0.0,0.0,0.0,0,,,,,31.99363847,1
ojo_2025-03-02_1,48,none,,adaptive_mean,docling_easyocr,qwen,5,0,0,0,5,0.0,0.0,0.0,0,,,,,63.758727982,1
ojo_2025-03-02_1,48,none,,adaptive_mean,docling_rapidocr,qwen,5,0,0,0,5,0.0,0.0,0.0,0,,,,,32.204497292,1
ojo_2025-03-02_1,48,none,,basic,docling_easyocr,qwen,5,0,0,0,5,0.0,0.0,0.0,0,,,,,65.877294588,1
ojo_2025-03-02_1,48,none,,basic,docling_rapidocr,qwen,5,0,0,0,5,0.0,0.0,0.0,0,,,,,33.345025349,1
ojo_2025-03-02_1,48,none,,niblack,docling_easyocr,qwen,5,0,0,0,5,0.0,0.0,0.0,0,,,,,57.28938183,1
ojo_2025-03-02_1,48,none,,niblack,docling_rapidocr,qwen,5,0,0,0,5,0.0,0.0,0.0,0,,,,,32.035138218,1
ojo_2025-03-02_1,48,none,,none_color,docling_easyocr,qwen,5,0,0,0,5,0.0,0.0,0.0,0,,,,,62.606733608,1
ojo_2025-03-02_1,48,none,,none_color,docling_rapidocr,qwen,5,0,0,0,5,0.0,0.0,0.0,0,,,,,33.604463625,1
ojo_2025-03-02_1,48,none,,none_grayscale,docling_easyocr,qwen,5,0,0,0,5,0.0,0.0,0.0,0,,,,,64.94631629,1
ojo_2025-03-02_1,48,none,,none_grayscale,docling_rapidocr,qwen,5,0,0,0,5,0.0,0.0,0.0,0,,,,,32.550822067,1
ojo_2025-03-02_1,48,none,,otsu,docling_easyocr,qwen,5,0,0,0,5,0.0,0.0,0.0,0,,,,,66.115587998,1
ojo_2025-03-02_1,48,none,,otsu,docling_rapidocr,qwen,5,0,0,0,5,0.0,0.0,0.0,0,,,,,33.726063776,1
ojo_2025-03-02_1,48,none,,yannihorne,docling_easyocr,qwen,5,0,0,0,5,0.0,0.0,0.0,0,,,,,61.811830807,1
ojo_2025-03-02_1,48,none,,yannihorne,docling_rapidocr,qwen,5,0,0,0,5,0.0,0.0,0.0,0,,,,,32.102304506,1
ojo_2025-03-02_1,49,none,,adaptive_gaussian,docling_easyocr,qwen,5,0,0,0,5,0.0,0.0,0.0,0,,,,,63.486685501,1
ojo_2025-03-02_1,49,none,,adaptive_gaussian,docling_rapidocr,qwen,5,0,0,0,5,0.0,0.0,0.0,0,,,,,32.930861221,1
ojo_2025-03-02_1,49,none,,adaptive_mean,docling_easyocr,qwen,5,0,0,0,5,0.0,0.0,0.0,0,,,,,64.126557098,1
ojo_2025-03-02_1,49,none,,adaptive_mean,docling_rapidocr,qwen,5,0,0,0,5,0.0,0.0,0.0,0,,,,,32.606823193,1
ojo_2025-03-02_1,49,none,,basic,docling_easyocr,qwen,5,0,0,0,5,0.0,0.0,0.0,0,,,,,67.023428043,1
ojo_2025-03-02_1,49,none,,basic,docling_rapidocr,qwen,5,0,0,0,5,0.0,0.0,0.0,0,,,,,33.788365683,1
ojo_2025-03-02_1,49,none,,niblack,docling_easyocr,qwen,5,0,0,0,5,0.0,0.0,0.0,0,,,,,62.589644718,1
ojo_2025-03-02_1,49,none,,niblack,docling_rapidocr,qwen,5,0,0,0,5,0.0,0.0,0.0,0,,,,,31.901809263,1
ojo_2025-03-02_1,49,none,,none_color,docling_easyocr,qwen,5,0,0,0,5,0.0,0.0,0.0,0,,,,,59.432764372,1
ojo_2025-03-02_1,49,none,,none_color,docling_rapidocr,qwen,5,0,0,0,5,0.0,0.0,0.0,0,,,,,32.527428707,1
ojo_2025-03-02_1,49,none,,none_grayscale,docling_easyocr,qwen,5,0,0,0,5,0.0,0.0,0.0,0,,,,,66.046286186,1
ojo_2025-03-02_1,49,none,,none_grayscale,docling_rapidocr,qwen,5,0,0,0,5,0.0,0.0,0.0,0,,,,,34.37274011,1
ojo_2025-03-02_1,49,none,,otsu,docling_easyocr,qwen,5,0,0,0,5,0.0,0.0,0.0,0,,,,,62.84545668,1
ojo_2025-03-02_1,49,none,,otsu,docling_rapidocr,qwen,5,0,0,0,5,0.0,0.0,0.0,0,,,,,33.802430233,1
ojo_2025-03-02_1,50,none,,adaptive_gaussian,docling_easyocr,qwen,5,0,0,0,5,0.0,0.0,0.0,0,,,,,64.001079947,1
ojo_2025-03-02_1,50,none,,adaptive_gaussian,docling_rapidocr,qwen,5,0,0,0,5,0.0,0.0,0.0,0,,,,,32.784677416,1
ojo_2025-03-02_1,50,none,,adaptive_mean,docling_easyocr,qwen,5,0,0,0,5,0.0,0.0,0.0,0,,,,,63.434781939,1
ojo_2025-03-02_1,50,none,,adaptive_mean,docling_rapidocr,qwen,5,0,0,0,5,0.0,0.0,0.0,0,,,,,31.592482716,1
ojo_2025-03-02_1,50,none,,basic,docling_easyocr,qwen,5,0,0,0,5,0.0,0.0,0.0,0,,,,,64.866580013,1
ojo_2025-03-02_1,50,none,,basic,docling_rapidocr,qwen,5,0,0,0,5,0.0,0.0,0.0,0,,,,,31.964207653,1
ojo_2025-03-02_1,50,none,,niblack,docling_easyocr,qwen,5,0,0,0,5,0.0,0.0,0.0,0,,,,,62.049606606,1
ojo_2025-03-02_1,50,none,,niblack,docling_rapidocr,qwen,5,0,0,0,5,0.0,0.0,0.0,0,,,,,31.71811895,1
ojo_2025-03-02_1,50,none,,none_color,docling_easyocr,qwen,5,0,0,0,5,0.0,0.0,0.0,0,,,,,65.096457962,1
ojo_2025-03-02_1,50,none,,none_color,docling_rapidocr,qwen,5,0,0,0,5,0.0,0.0,0.0,0,,,,,33.20824242,1
ojo_2025-03-02_1,50,none,,none_grayscale,docling_easyocr,qwen,5,0,0,0,5,0.0,0.0,0.0,0,,,,,64.685310368,1
ojo_2025-03-02_1,50,none,,none_grayscale,docling_rapidocr,qwen,5,0,0,0,5,0.0,0.0,0.0,0,,,,,33.190453295,1
ojo_2025-03-02_1,50,none,,otsu,docling_easyocr,qwen,5,0,0,0,5,0.0,0.0,0.0,0,,,,,65.838734392,1
ojo_2025-03-02_1,50,none,,otsu,docling_rapidocr,qwen,5,0,0,0,5,0.0,0.0,0.0,0,,,,,33.199377302,1
ojo_2025-03-02_1,50,none,,yannihorne,docling_easyocr,qwen,5,0,0,0,5,0.0,0.0,0.0,0,,,,,58.052908186,1
ojo_2025-03-02_1,50,none,,yannihorne,docling_rapidocr,qwen,5,0,0,0,5,0.0,0.0,0.0,0,,,,,31.570030455,1
ojo_2025-03-02_1,51,none,,adaptive_gaussian,docling_easyocr,qwen,5,0,0,0,5,0.0,0.0,0.0,0,,,,,38.263779505,1
ojo_2025-03-02_1,51,none,,adaptive_gaussian,docling_rapidocr,qwen,5,0,0,0,5,0.0,0.0,0.0,0,,,,,11.084939106,1
ojo_2025-03-02_1,51,none,,adaptive_mean,docling_easyocr,qwen,5,0,0,0,5,0.0,0.0,0.0,0,,,,,42.758806809,1
ojo_2025-03-02_1,51,none,,adaptive_mean,docling_rapidocr,qwen,5,0,0,0,5,0.0,0.0,0.0,0,,,,,10.509921177,1
ojo_2025-03-02_1,51,none,,basic,docling_easyocr,qwen,5,0,0,0,5,0.0,0.0,0.0,0,,,,,46.645858484,1
ojo_2025-03-02_1,51,none,,basic,docling_rapidocr,qwen,5,0,0,0,5,0.0,0.0,0.0,0,,,,,12.957077223,1
ojo_2025-03-02_1,51,none,,niblack,docling_easyocr,qwen,5,0,0,0,5,0.0,0.0,0.0,0,,,,,40.133641241,1
ojo_2025-03-02_1,51,none,,niblack,docling_rapidocr,qwen,5,0,0,0,5,0.0,0.0,0.0,0,,,,,10.27518463,1
ojo_2025-03-02_1,51,none,,none_color,docling_easyocr,qwen,5,0,0,0,5,0.0,0.0,0.0,0,,,,,47.361321169,1
ojo_2025-03-02_1,51,none,,none_color,docling_rapidocr,qwen,5,0,0,0,5,0.0,0.0,0.0,0,,,,,13.533397394,1
ojo_2025-03-02_1,51,none,,none_grayscale,docling_easyocr,qwen,5,0,0,0,5,0.0,0.0,0.0,0,,,,,46.476663309,1
ojo_2025-03-02_1,51,none,,none_grayscale,docling_rapidocr,qwen,5,0,0,0,5,0.0,0.0,0.0,0,,,,,13.47192617,1
ojo_2025-03-02_1,51,none,,otsu,docling_easyocr,qwen,5,0,0,0,5,0.0,0.0,0.0,0,,,,,46.467664882,1
ojo_2025-03-02_1,51,none,,otsu,docling_rapidocr,qwen,5,0,0,0,5,0.0,0.0,0.0,0,,,,,13.76539962,1
ojo_2025-03-02_1,52,none,,adaptive_gaussian,docling_easyocr,qwen,5,0,0,0,5,0.0,0.0,0.0,0,,,,,44.042571377,1
ojo_2025-03-02_1,52,none,,adaptive_gaussian,docling_rapidocr,qwen,5,0,0,0,5,0.0,0.0,0.0,0,,,,,9.413903307,1
ojo_2025-03-02_1,52,none,,adaptive_mean,docling_easyocr,qwen,5,0,0,0,5,0.0,0.0,0.0,0,,,,,38.2617913,1
ojo_2025-03-02_1,52,none,,adaptive_mean,docling_rapidocr,qwen,5,0,0,0,5,0.0,0.0,0.0,0,,,,,10.736513685,1
ojo_2025-03-02_1,52,none,,basic,docling_easyocr,qwen,5,0,0,0,5,0.0,0.0,0.0,0,,,,,47.326099798,1
ojo_2025-03-02_1,52,none,,basic,docling_rapidocr,qwen,5,0,0,0,5,0.0,0.0,0.0,0,,,,,13.355203554,1
ojo_2025-03-02_1,52,none,,niblack,docling_easyocr,qwen,5,0,0,0,5,0.0,0.0,0.0,0,,,,,39.956392492,1
ojo_2025-03-02_1,52,none,,niblack,docling_rapidocr,qwen,5,0,0,0,5,0.0,0.0,0.0,0,,,,,9.396656002,1
ojo_2025-03-02_1,52,none,,none_color,docling_easyocr,qwen,5,0,0,0,5,0.0,0.0,0.0,0,,,,,40.383971855,1
ojo_2025-03-02_1,52,none,,none_color,docling_rapidocr,qwen,5,0,0,0,5,0.0,0.0,0.0,0,,,,,14.813389465,1
ojo_2025-03-02_1,52,none,,none_grayscale,docling_easyocr,qwen,5,0,0,0,5,0.0,0.0,0.0,0,,,,,46.319977924,1
ojo_2025-03-02_1,52,none,,none_grayscale,docling_rapidocr,qwen,5,0,0,0,5,0.0,0.0,0.0,0,,,,,13.992823526,1
ojo_2025-03-02_1,52,none,,otsu,docling_easyocr,qwen,5,0,0,0,5,0.0,0.0,0.0,0,,,,,47.144566534,1
ojo_2025-03-02_1,52,none,,otsu,docling_rapidocr,qwen,5,0,0,0,5,0.0,0.0,0.0,0,,,,,14.071424244,1
ojo_2025-03-02_1,53,none,,adaptive_gaussian,docling_easyocr,qwen,5,0,0,0,5,0.0,0.0,0.0,0,,,,,39.95567901,1
ojo_2025-03-02_1,53,none,,adaptive_gaussian,docling_rapidocr,qwen,5,0,0,0,5,0.0,0.0,0.0,0,,,,,11.230932545,1
ojo_2025-03-02_1,53,none,,adaptive_mean,docling_easyocr,qwen,5,0,0,0,5,0.0,0.0,0.0,0,,,,,36.519092392,1
ojo_2025-03-02_1,53,none,,adaptive_mean,docling_rapidocr,qwen,5,0,0,0,5,0.0,0.0,0.0,0,,,,,10.442185711,1
ojo_2025-03-02_1,53,none,,basic,docling_easyocr,qwen,5,0,0,0,5,0.0,0.0,0.0,0,,,,,45.998364374,1
ojo_2025-03-02_1,53,none,,basic,docling_rapidocr,qwen,5,0,0,0,5,0.0,0.0,0.0,0,,,,,13.317195818,1
ojo_2025-03-02_1,53,none,,niblack,docling_easyocr,qwen,5,0,0,0,5,0.0,0.0,0.0,0,,,,,39.8499622,1
ojo_2025-03-02_1,53,none,,niblack,docling_rapidocr,qwen,5,0,0,0,5,0.0,0.0,0.0,0,,,,,9.222574676,1
ojo_2025-03-02_1,53,none,,none_color,docling_easyocr,qwen,5,0,0,0,5,0.0,0.0,0.0,0,,,,,46.740484163,1
ojo_2025-03-02_1,53,none,,none_color,docling_rapidocr,qwen,5,0,0,0,5,0.0,0.0,0.0,0,,,,,14.098916456,1
ojo_2025-03-02_1,53,none,,none_grayscale,docling_easyocr,qwen,5,0,0,0,5,0.0,0.0,0.0,0,,,,,45.780776903,1
ojo_2025-03-02_1,53,none,,none_grayscale,docling_rapidocr,qwen,5,0,0,0,5,0.0,0.0,0.0,0,,,,,12.519115135,1
ojo_2025-03-02_1,53,none,,otsu,docling_easyocr,qwen,5,0,0,0,5,0.0,0.0,0.0,0,,,,,44.549759313,1
ojo_2025-03-02_1,53,none,,otsu,docling_rapidocr,qwen,5,0,0,0,5,0.0,0.0,0.0,0,,,,,13.958201095,1
ojo_2025-11-25_16,0,none,,adaptive_gaussian,docling_easyocr,qwen,6,0,0,0,6,0.0,0.0,0.0,0,,,,,37.655207758,1
ojo_2025-11-25_16,0,none,,adaptive_gaussian,docling_rapidocr,qwen,6,1,0,1,6,0.0,0.0,0.0,1,0.029411764705882353,0.16666666666666666,0.974320241691843,0.9875,10.053771858,0
ojo_2025-11-25_16,0,none,,adaptive_mean,docling_easyocr,qwen,6,0,0,0,6,0.0,0.0,0.0,0,,,,,38.991932277,1
ojo_2025-11-25_16,0,none,,adaptive_mean,docling_rapidocr,qwen,6,1,0,1,6,0.0,0.0,0.0,1,0.029411764705882353,0.16666666666666666,0.974320241691843,0.9875,10.060706024,0
ojo_2025-11-25_16,0,none,,basic,docling_easyocr,qwen,6,3,1,2,5,0.333333,0.166667,0.222222,3,0.44768439108061747,0.5,0.6666666666666666,0.6666666666666666,41.850901583,0
ojo_2025-11-25_16,0,none,,basic,docling_rapidocr,qwen,6,0,0,0,6,0.0,0.0,0.0,0,,,,,12.006001213,1
ojo_2025-11-25_16,0,none,,niblack,docling_easyocr,qwen,6,0,0,0,6,0.0,0.0,0.0,0,,,,,36.957005209,1
ojo_2025-11-25_16,0,none,,niblack,docling_rapidocr,qwen,6,0,0,0,6,0.0,0.0,0.0,0,,,,,10.259396499,1
ojo_2025-11-25_16,0,none,,none_color,docling_easyocr,qwen,6,1,0,1,6,0.0,0.0,0.0,1,0.018867924528301886,0.25,0.8547904191616766,0.981651376146789,73.503780105,0
ojo_2025-11-25_16,0,none,,none_color,docling_rapidocr,qwen,6,1,0,1,6,0.0,0.0,0.0,1,0.9629629629629629,1.0,0.8341232227488151,0.9428571428571428,20.327950933,0
ojo_2025-11-25_16,0,none,,none_grayscale,docling_easyocr,qwen,6,2,1,1,5,0.5,0.166667,0.25,2,1.3181818181818181,1.0,0.49251497005988026,0.5,72.382268169,0
ojo_2025-11-25_16,0,none,,none_grayscale,docling_rapidocr,qwen,6,1,0,1,6,0.0,0.0,0.0,1,0.9705882352941176,1.0,1.6208459214501512,1.7416666666666667,20.19307492,0
ojo_2025-11-25_16,0,none,,otsu,docling_easyocr,qwen,6,0,0,0,6,0.0,0.0,0.0,0,,,,,63.790794662,1
ojo_2025-11-25_16,0,none,,otsu,docling_rapidocr,qwen,6,4,0,4,6,0.0,0.0,0.0,4,0.2153651292802236,0.3229166666666667,0.822621148163709,1.0005171168875295,20.536567262,0
ojo_2025-11-25_16,1,none,,adaptive_gaussian,docling_easyocr,qwen,6,0,0,0,6,0.0,0.0,0.0,0,,,,,40.487288433,1
ojo_2025-11-25_16,1,none,,adaptive_gaussian,docling_rapidocr,qwen,6,1,1,0,5,1.0,0.166667,0.285714,1,2.6363636363636362,2.0,0.0,0.0,10.64341374,0
ojo_2025-11-25_16,1,none,,adaptive_mean,docling_easyocr,qwen,6,0,0,0,6,0.0,0.0,0.0,0,,,,,35.606174665,1
ojo_2025-11-25_16,1,none,,adaptive_mean,docling_rapidocr,qwen,6,1,0,1,6,0.0,0.0,0.0,1,0.0,0.0,0.9947129909365559,1.0,10.35969873,0
ojo_2025-11-25_16,1,none,,basic,docling_easyocr,qwen,6,0,0,0,6,0.0,0.0,0.0,0,,,,,70.179278902,1
ojo_2025-11-25_16,1,none,,basic,docling_rapidocr,qwen,6,1,0,1,6,0.0,0.0,0.0,1,0.9629629629629629,1.0,0.8341232227488151,0.9714285714285714,17.64184647,0
ojo_2025-11-25_16,1,none,,niblack,docling_easyocr,qwen,6,0,0,0,6,0.0,0.0,0.0,0,,,,,38.544241924,1
ojo_2025-11-25_16,1,none,,niblack,docling_rapidocr,qwen,6,0,0,0,6,0.0,0.0,0.0,0,,,,,10.148646135,1
ojo_2025-11-25_16,1,none,,none_color,docling_easyocr,qwen,6,3,1,2,5,0.333333,0.166667,0.222222,3,0.9279588336192109,0.7916666666666666,0.6606786427145709,0.6666666666666666,70.784433893,0
ojo_2025-11-25_16,1,none,,none_color,docling_rapidocr,qwen,6,0,0,0,6,0.0,0.0,0.0,0,,,,,20.478274635,4
ojo_2025-11-25_16,1,none,,none_grayscale,docling_easyocr,qwen,6,3,0,3,6,0.0,0.0,0.0,3,0.08333333333333333,0.1111111111111111,0.9972591859163938,1.0,70.466172031,0
ojo_2025-11-25_16,1,none,,none_grayscale,docling_rapidocr,qwen,6,0,0,0,6,0.0,0.0,0.0,0,,,,,20.100221924,6
ojo_2025-11-25_16,1,none,,otsu,docling_easyocr,qwen,6,0,0,0,6,0.0,0.0,0.0,0,,,,,70.062956619,1
ojo_2025-11-25_16,1,none,,otsu,docling_rapidocr,qwen,6,4,0,4,6,0.0,0.0,0.0,4,1.2013888888888888,1.2916666666666665,0.6246661925002026,0.9090748021940682,19.439959812,0
ojo_2025-11-25_16,2,none,,adaptive_gaussian,docling_easyocr,qwen,6,0,0,0,6,0.0,0.0,0.0,0,,,,,39.57810247,1
ojo_2025-11-25_16,2,none,,adaptive_gaussian,docling_rapidocr,qwen,6,1,1,0,5,1.0,0.166667,0.285714,1,2.6363636363636362,2.0,0.0,0.0,10.479208351,0
ojo_2025-11-25_16,2,none,,adaptive_mean,docling_easyocr,qwen,6,0,0,0,6,0.0,0.0,0.0,0,,,,,35.896821857,1
ojo_2025-11-25_16,2,none,,adaptive_mean,docling_rapidocr,qwen,6,0,0,0,6,0.0,0.0,0.0,0,,,,,9.989214302,1
ojo_2025-11-25_16,2,none,,basic,docling_easyocr,qwen,6,0,0,0,6,0.0,0.0,0.0,0,,,,,40.446268295,1
ojo_2025-11-25_16,2,none,,basic,docling_rapidocr,qwen,6,0,0,0,6,0.0,0.0,0.0,0,,,,,9.555860494,1
ojo_2025-11-25_16,2,none,,niblack,docling_easyocr,qwen,6,0,0,0,6,0.0,0.0,0.0,0,,,,,38.97343184,1
ojo_2025-11-25_16,2,none,,niblack,docling_rapidocr,qwen,6,0,0,0,6,0.0,0.0,0.0,0,,,,,10.327934518,1
ojo_2025-11-25_16,2,none,,none_color,docling_easyocr,qwen,6,3,1,2,5,0.333333,0.166667,0.222222,3,0.8712121212121212,0.7222222222222223,0.6666666666666666,0.6666666666666666,73.788451646,0
ojo_2025-11-25_16,2,none,,none_color,docling_rapidocr,qwen,6,0,0,0,6,0.0,0.0,0.0,0,,,,,16.688307975,6
ojo_2025-11-25_16,2,none,,none_grayscale,docling_easyocr,qwen,6,3,1,2,5,0.333333,0.166667,0.222222,3,0.8712121212121212,0.7222222222222223,0.6666666666666666,0.6666666666666666,65.914145206,0
ojo_2025-11-25_16,2,none,,none_grayscale,docling_rapidocr,qwen,6,0,0,0,6,0.0,0.0,0.0,0,,,,,19.460495447,6
ojo_2025-11-25_16,2,none,,otsu,docling_easyocr,qwen,6,0,0,0,6,0.0,0.0,0.0,0,,,,,58.400151943,1
ojo_2025-11-25_16,2,none,,otsu,docling_rapidocr,qwen,6,0,0,0,6,0.0,0.0,0.0,0,,,,,17.833709215,1
ojo_2025-11-25_16,3,none,,adaptive_gaussian,docling_easyocr,qwen,6,0,0,0,6,0.0,0.0,0.0,0,,,,,39.184876012,1
ojo_2025-11-25_16,3,none,,adaptive_gaussian,docling_rapidocr,qwen,6,1,1,0,5,1.0,0.166667,0.285714,1,2.6363636363636362,2.0,0.0,0.0,10.140252637,0
ojo_2025-11-25_16,3,none,,adaptive_mean,docling_easyocr,qwen,6,0,0,0,6,0.0,0.0,0.0,0,,,,,38.571610736,1
ojo_2025-11-25_16,3,none,,adaptive_mean,docling_rapidocr,qwen,6,0,0,0,6,0.0,0.0,0.0,0,,,,,9.96615343,1
ojo_2025-11-25_16,3,none,,basic,docling_easyocr,qwen,6,0,0,0,6,0.0,0.0,0.0,0,,,,,40.402890346,1
ojo_2025-11-25_16,3,none,,basic,docling_rapidocr,qwen,6,0,0,0,6,0.0,0.0,0.0,0,,,,,10.120058677,1
ojo_2025-11-25_16,3,none,,niblack,docling_easyocr,qwen,6,0,0,0,6,0.0,0.0,0.0,0,,,,,38.261235107,1
ojo_2025-11-25_16,3,none,,niblack,docling_rapidocr,qwen,6,0,0,0,6,0.0,0.0,0.0,0,,,,,10.13104235,1
ojo_2025-11-25_16,3,none,,none_color,docling_easyocr,qwen,6,0,0,0,6,0.0,0.0,0.0,0,,,,,41.182065151,1
ojo_2025-11-25_16,3,none,,none_color,docling_rapidocr,qwen,6,4,0,4,6,0.0,0.0,0.0,4,0.48021488469601675,0.5625,0.8246231915606772,0.9693499405368672,19.184687517,0
ojo_2025-11-25_16,3,none,,none_grayscale,docling_easyocr,qwen,6,0,0,0,6,0.0,0.0,0.0,0,,,,,36.133902214,1
ojo_2025-11-25_16,3,none,,none_grayscale,docling_rapidocr,qwen,6,5,0,5,6,0.0,0.0,0.0,5,0.712686125893673,0.8,0.7867915483314789,0.9577236720961342,20.852004907,0
ojo_2025-11-25_16,3,none,,otsu,docling_easyocr,qwen,6,1,1,0,5,1.0,0.166667,0.285714,1,2.6363636363636362,2.0,0.0,0.0,39.848189329,0
ojo_2025-11-25_16,3,none,,otsu,docling_rapidocr,qwen,6,0,0,0,6,0.0,0.0,0.0,0,,,,,12.826906656,1
ojo_2025-11-25_16,4,none,,adaptive_gaussian,docling_easyocr,qwen,6,0,0,0,6,0.0,0.0,0.0,0,,,,,38.890208364,1
ojo_2025-11-25_16,4,none,,adaptive_gaussian,docling_rapidocr,qwen,6,0,0,0,6,0.0,0.0,0.0,0,,,,,10.179314971,1
ojo_2025-11-25_16,4,none,,adaptive_mean,docling_easyocr,qwen,6,0,0,0,6,0.0,0.0,0.0,0,,,,,39.052750945,1
ojo_2025-11-25_16,4,none,,adaptive_mean,docling_rapidocr,qwen,6,0,0,0,6,0.0,0.0,0.0,0,,,,,10.997507453,1
ojo_2025-11-25_16,4,none,,basic,docling_easyocr,qwen,6,0,0,0,6,0.0,0.0,0.0,0,,,,,40.211096261,1
ojo_2025-11-25_16,4,none,,basic,docling_rapidocr,qwen,6,0,0,0,6,0.0,0.0,0.0,0,,,,,10.858342622,1
ojo_2025-11-25_16,4,none,,niblack,docling_easyocr,qwen,6,0,0,0,6,0.0,0.0,0.0,0,,,,,39.001192274,1
ojo_2025-11-25_16,4,none,,niblack,docling_rapidocr,qwen,6,0,0,0,6,0.0,0.0,0.0,0,,,,,10.158471765,1
ojo_2025-11-25_16,4,none,,none_color,docling_easyocr,qwen,6,0,0,0,6,0.0,0.0,0.0,0,,,,,41.604603027,1
ojo_2025-11-25_16,4,none,,none_color,docling_rapidocr,qwen,6,3,0,3,6,0.0,0.0,0.0,3,0.08333333333333333,0.16666666666666666,0.8335336496596922,0.9492439687393817,20.807921146,0
ojo_2025-11-25_16,4,none,,none_grayscale,docling_easyocr,qwen,6,2,0,2,6,0.0,0.0,0.0,2,0.18181818181818182,0.5,0.9996223564954683,1.0,41.947694276,0
ojo_2025-11-25_16,4,none,,none_grayscale,docling_rapidocr,qwen,6,0,0,0,6,0.0,0.0,0.0,0,,,,,20.583164428,4
ojo_2025-11-25_16,4,none,,otsu,docling_easyocr,qwen,6,1,0,1,6,0.0,0.0,0.0,1,0.0,0.0,0.974320241691843,0.9833333333333333,46.018784093,0
ojo_2025-11-25_16,4,none,,otsu,docling_rapidocr,qwen,6,0,0,0,6,0.0,0.0,0.0,0,,,,,20.615840721,1
ojo_2025-11-25_16,5,none,,adaptive_gaussian,docling_easyocr,qwen,6,0,0,0,6,0.0,0.0,0.0,0,,,,,38.251780153,1
ojo_2025-11-25_16,5,none,,adaptive_gaussian,docling_rapidocr,qwen,6,0,0,0,6,0.0,0.0,0.0,0,,,,,10.493350387,1
ojo_2025-11-25_16,5,none,,adaptive_mean,docling_easyocr,qwen,6,0,0,0,6,0.0,0.0,0.0,0,,,,,35.352505327,1
ojo_2025-11-25_16,5,none,,adaptive_mean,docling_rapidocr,qwen,6,0,0,0,6,0.0,0.0,0.0,0,,,,,10.33668077,1
ojo_2025-11-25_16,5,none,,basic,docling_easyocr,qwen,6,0,0,0,6,0.0,0.0,0.0,0,,,,,40.357779239,1
ojo_2025-11-25_16,5,none,,basic,docling_rapidocr,qwen,6,0,0,0,6,0.0,0.0,0.0,0,,,,,9.101218198,1
ojo_2025-11-25_16,5,none,,niblack,docling_easyocr,qwen,6,0,0,0,6,0.0,0.0,0.0,0,,,,,32.847228231,1
ojo_2025-11-25_16,5,none,,niblack,docling_rapidocr,qwen,6,0,0,0,6,0.0,0.0,0.0,0,,,,,10.450991573,1
ojo_2025-11-25_16,5,none,,none_color,docling_easyocr,qwen,6,0,0,0,6,0.0,0.0,0.0,0,,,,,35.833945011,1
ojo_2025-11-25_16,5,none,,none_color,docling_rapidocr,qwen,6,0,0,0,6,0.0,0.0,0.0,0,,,,,20.928596233,5
ojo_2025-11-25_16,5,none,,none_grayscale,docling_easyocr,qwen,6,0,0,0,6,0.0,0.0,0.0,0,,,,,40.476085638,1
ojo_2025-11-25_16,5,none,,none_grayscale,docling_rapidocr,qwen,6,0,0,0,6,0.0,0.0,0.0,0,,,,,19.564761375,5
ojo_2025-11-25_16,5,none,,otsu,docling_easyocr,qwen,6,1,0,1,6,0.0,0.0,0.0,1,0.0,0.0,0.9992447129909365,1.0,34.348300086,0
ojo_2025-11-25_16,5,none,,otsu,docling_rapidocr,qwen,6,0,0,0,6,0.0,0.0,0.0,0,,,,,10.630953895,1
ojo_2025-11-25_16,6,none,,adaptive_gaussian,docling_easyocr,qwen,6,1,1,0,5,1.0,0.166667,0.285714,1,2.6363636363636362,2.0,0.0,0.0,39.489031016,0
ojo_2025-11-25_16,6,none,,adaptive_gaussian,docling_rapidocr,qwen,6,1,1,0,5,1.0,0.166667,0.285714,1,2.6363636363636362,2.0,0.0,0.0,9.835443675,0
ojo_2025-11-25_16,6,none,,adaptive_mean,docling_easyocr,qwen,6,1,1,0,5,1.0,0.166667,0.285714,1,2.272727272727273,1.6666666666666667,0.0,0.0,38.870670974,0
ojo_2025-11-25_16,6,none,,adaptive_mean,docling_rapidocr,qwen,6,0,0,0,6,0.0,0.0,0.0,0,,,,,10.668565452,1
ojo_2025-11-25_16,6,none,,basic,docling_easyocr,qwen,6,0,0,0,6,0.0,0.0,0.0,0,,,,,40.222242866,1
ojo_2025-11-25_16,6,none,,basic,docling_rapidocr,qwen,6,0,0,0,6,0.0,0.0,0.0,0,,,,,10.924902234,1
ojo_2025-11-25_16,6,none,,niblack,docling_easyocr,qwen,6,0,0,0,6,0.0,0.0,0.0,0,,,,,38.457352639,1
ojo_2025-11-25_16,6,none,,niblack,docling_rapidocr,qwen,6,0,0,0,6,0.0,0.0,0.0,0,,,,,9.693444253,1
ojo_2025-11-25_16,6,none,,none_color,docling_easyocr,qwen,6,0,0,0,6,0.0,0.0,0.0,0,,,,,41.886674676,1
ojo_2025-11-25_16,6,none,,none_color,docling_rapidocr,qwen,6,5,0,5,6,0.0,0.0,0.0,4,0.2616614255765199,0.4041666666666667,0.7933984163924792,0.8631066149701471,13.158999953,0
ojo_2025-11-25_16,6,none,,none_grayscale,docling_easyocr,qwen,6,1,0,1,6,0.0,0.0,0.0,1,0.0,0.0,0.9818731117824774,1.0,36.763760839,0
ojo_2025-11-25_16,6,none,,none_grayscale,docling_rapidocr,qwen,6,0,0,0,6,0.0,0.0,0.0,0,,,,,16.126511369,4
ojo_2025-11-25_16,6,none,,otsu,docling_easyocr,qwen,6,1,0,1,6,0.0,0.0,0.0,1,0.0,0.0,0.9992447129909365,1.0,41.197027074,0
ojo_2025-11-25_16,6,none,,otsu,docling_rapidocr,qwen,6,0,0,0,6,0.0,0.0,0.0,0,,,,,9.832948314,1
ojo_2025-11-25_16,7,none,,adaptive_gaussian,docling_easyocr,qwen,6,1,1,0,5,1.0,0.166667,0.285714,1,2.6363636363636362,2.0,0.0,0.0,39.268684711,0
ojo_2025-11-25_16,7,none,,adaptive_gaussian,docling_rapidocr,qwen,6,1,0,1,6,0.0,0.0,0.0,1,0.0,0.0,0.974320241691843,0.9833333333333333,10.039104785,0
ojo_2025-11-25_16,7,none,,adaptive_mean,docling_easyocr,qwen,6,1,1,0,5,1.0,0.166667,0.285714,1,2.4545454545454546,2.0,0.0,0.0,38.720324601,0
ojo_2025-11-25_16,7,none,,adaptive_mean,docling_rapidocr,qwen,6,1,1,0,5,1.0,0.166667,0.285714,1,2.6363636363636362,2.0,0.0,0.0,10.374900664,0
ojo_2025-11-25_16,7,none,,basic,docling_easyocr,qwen,6,0,0,0,6,0.0,0.0,0.0,0,,,,,40.465862929,1
ojo_2025-11-25_16,7,none,,basic,docling_rapidocr,qwen,6,0,0,0,6,0.0,0.0,0.0,0,,,,,11.443396747,1
ojo_2025-11-25_16,7,none,,niblack,docling_easyocr,qwen,6,0,0,0,6,0.0,0.0,0.0,0,,,,,38.916495303,1
ojo_2025-11-25_16,7,none,,none_color,docling_easyocr,qwen,6,0,0,0,6,0.0,0.0,0.0,0,,,,,47.518120944,1
ojo_2025-11-25_16,7,none,,none_color,docling_rapidocr,qwen,6,1,0,1,6,0.0,0.0,0.0,1,0.9259259259259259,1.0,0.8388625592417062,0.9428571428571428,20.361954152,0
ojo_2025-11-25_16,7,none,,none_grayscale,docling_easyocr,qwen,6,0,0,0,6,0.0,0.0,0.0,0,,,,,41.438220441,1
ojo_2025-11-25_16,7,none,,none_grayscale,docling_rapidocr,qwen,6,0,0,0,6,0.0,0.0,0.0,0,,,,,19.906934201,1
ojo_2025-11-25_16,7,none,,otsu,docling_easyocr,qwen,6,0,0,0,6,0.0,0.0,0.0,0,,,,,55.580817712,1
ojo_2025-11-25_16,7,none,,otsu,docling_rapidocr,qwen,6,0,0,0,6,0.0,0.0,0.0,0,,,,,18.575757278,1
ojo_2025-11-25_16,8,none,,adaptive_gaussian,docling_easyocr,qwen,6,0,0,0,6,0.0,0.0,0.0,0,,,,,34.895682347,1
ojo_2025-11-25_16,8,none,,adaptive_gaussian,docling_rapidocr,qwen,6,0,0,0,6,0.0,0.0,0.0,0,,,,,9.65096761,1
ojo_2025-11-25_16,8,none,,adaptive_mean,docling_easyocr,qwen,6,0,0,0,6,0.0,0.0,0.0,0,,,,,33.951716197,1
ojo_2025-11-25_16,8,none,,adaptive_mean,docling_rapidocr,qwen,6,0,0,0,6,0.0,0.0,0.0,0,,,,,10.045368684,1
ojo_2025-11-25_16,8,none,,basic,docling_easyocr,qwen,6,0,0,0,6,0.0,0.0,0.0,0,,,,,39.461278068,1
ojo_2025-11-25_16,8,none,,basic,docling_rapidocr,qwen,6,1,0,1,6,0.0,0.0,0.0,1,0.0,0.0,0.974320241691843,0.9958333333333333,10.310930596,0
ojo_2025-11-25_16,8,none,,niblack,docling_easyocr,qwen,6,0,0,0,6,0.0,0.0,0.0,0,,,,,38.485620977,1
ojo_2025-11-25_16,8,none,,niblack,docling_rapidocr,qwen,6,0,0,0,6,0.0,0.0,0.0,0,,,,,10.412363053,1
ojo_2025-11-25_16,8,none,,none_color,docling_easyocr,qwen,6,1,0,1,6,0.0,0.0,0.0,1,0.0,0.0,0.9992447129909365,1.0,35.91840087,0
ojo_2025-11-25_16,8,none,,none_color,docling_rapidocr,qwen,6,5,1,4,5,0.2,0.166667,0.181818,5,1.4757289879931388,1.1483333333333334,0.7886255924170615,0.7942857142857143,11.757014142,0
ojo_2025-11-25_16,8,none,,none_grayscale,docling_easyocr,qwen,6,1,0,1,6,0.0,0.0,0.0,1,0.0,0.0,0.9992447129909365,1.0,36.62331544,0
ojo_2025-11-25_16,8,none,,none_grayscale,docling_rapidocr,qwen,6,5,1,4,5,0.2,0.166667,0.181818,5,1.4757289879931388,1.1483333333333334,0.7886255924170615,0.7942857142857143,11.544840203,0
ojo_2025-11-25_16,8,none,,otsu,docling_easyocr,qwen,6,1,0,1,6,0.0,0.0,0.0,1,0.0,0.0,0.9992447129909365,1.0,40.260690557,0
ojo_2025-11-25_16,8,none,,otsu,docling_rapidocr,qwen,6,2,1,1,5,0.5,0.166667,0.25,2,0.45454545454545453,0.5,0.49055891238670696,0.5,11.51028453,0
ojo_2025-11-25_16,9,none,,adaptive_gaussian,docling_easyocr,qwen,6,0,0,0,6,0.0,0.0,0.0,0,,,,,38.908204019,1
ojo_2025-11-25_16,9,none,,adaptive_gaussian,docling_rapidocr,qwen,6,1,1,0,5,1.0,0.166667,0.285714,1,2.6363636363636362,2.0,0.0,0.0,9.750368058,0
ojo_2025-11-25_16,9,none,,adaptive_mean,docling_easyocr,qwen,6,0,0,0,6,0.0,0.0,0.0,0,,,,,38.759973466,1
ojo_2025-11-25_16,9,none,,adaptive_mean,docling_rapidocr,qwen,6,0,0,0,6,0.0,0.0,0.0,0,,,,,9.789102256,1
ojo_2025-11-25_16,9,none,,basic,docling_easyocr,qwen,6,1,0,1,6,0.0,0.0,0.0,1,0.17647058823529413,0.3333333333333333,1.0,1.0,34.180842671,0
ojo_2025-11-25_16,9,none,,basic,docling_rapidocr,qwen,6,1,0,1,6,0.0,0.0,0.0,1,0.0,0.0,0.9773413897280967,1.0,9.019242559,0
ojo_2025-11-25_16,9,none,,niblack,docling_easyocr,qwen,6,0,0,0,6,0.0,0.0,0.0,0,,,,,38.688152076,1
ojo_2025-11-25_16,9,none,,niblack,docling_rapidocr,qwen,6,0,0,0,6,0.0,0.0,0.0,0,,,,,9.624001981,1
ojo_2025-11-25_16,9,none,,none_color,docling_easyocr,qwen,6,1,0,1,6,0.0,0.0,0.0,1,0.0,0.0,0.9992447129909365,1.0,41.015400205,0
ojo_2025-11-25_16,9,none,,none_color,docling_rapidocr,qwen,6,3,0,3,6,0.0,0.0,0.0,3,0.058874912648497556,0.25,0.9610214886095599,0.9955530071355759,17.216341529,0
ojo_2025-11-25_16,9,none,,none_grayscale,docling_easyocr,qwen,6,1,0,1,6,0.0,0.0,0.0,1,0.0,0.0,0.9992447129909365,1.0,37.053776059,0
ojo_2025-11-25_16,9,none,,none_grayscale,docling_rapidocr,qwen,6,3,0,3,6,0.0,0.0,0.0,3,0.058874912648497556,0.25,0.9765374288173438,1.0,19.989737783,0
ojo_2025-11-25_16,9,none,,otsu,docling_easyocr,qwen,6,1,0,1,6,0.0,0.0,0.0,1,0.0,0.0,0.9992447129909365,1.0,36.431351621,0
ojo_2025-11-25_16,9,none,,otsu,docling_rapidocr,qwen,6,0,0,0,6,0.0,0.0,0.0,0,,,,,15.448480566,1
ojo_2025-11-25_16,10,none,,adaptive_gaussian,docling_easyocr,qwen,6,0,0,0,6,0.0,0.0,0.0,0,,,,,40.376486644,1
ojo_2025-11-25_16,10,none,,adaptive_gaussian,docling_rapidocr,qwen,6,1,1,0,5,1.0,0.166667,0.285714,1,2.6363636363636362,2.0,0.0,0.0,10.280362472,0
ojo_2025-11-25_16,10,none,,adaptive_mean,docling_easyocr,qwen,6,0,0,0,6,0.0,0.0,0.0,0,,,,,39.439806327,1
ojo_2025-11-25_16,10,none,,adaptive_mean,docling_rapidocr,qwen,6,0,0,0,6,0.0,0.0,0.0,0,,,,,10.004653081,1
ojo_2025-11-25_16,10,none,,basic,docling_easyocr,qwen,6,1,1,0,5,1.0,0.166667,0.285714,1,2.6363636363636362,2.0,0.0,0.0,40.754391153,0
ojo_2025-11-25_16,10,none,,basic,docling_rapidocr,qwen,6,0,0,0,6,0.0,0.0,0.0,0,,,,,13.576052387,1
ojo_2025-11-25_16,10,none,,niblack,docling_rapidocr,qwen,6,0,0,0,6,0.0,0.0,0.0,0,,,,,9.849965189,1
ojo_2025-11-25_16,10,none,,none_color,docling_easyocr,qwen,6,1,0,1,6,0.0,0.0,0.0,1,0.0,0.0,0.9992447129909365,1.0,44.341371496,0
ojo_2025-11-25_16,10,none,,none_color,docling_rapidocr,qwen,6,3,0,3,6,0.0,0.0,0.0,3,0.19689028651292803,0.3333333333333333,0.9749682760105438,0.9986111111111112,17.070872743,0
ojo_2025-11-25_16,10,none,,none_grayscale,docling_easyocr,qwen,6,1,0,1,6,0.0,0.0,0.0,1,0.0,0.0,0.974320241691843,0.9833333333333333,44.478069503,0
ojo_2025-11-25_16,10,none,,none_grayscale,docling_rapidocr,qwen,6,3,0,3,6,0.0,0.0,0.0,3,0.14395527603074773,0.3333333333333333,0.9746939002906844,1.0,19.691348274,0
ojo_2025-11-25_16,10,none,,otsu,docling_easyocr,qwen,6,1,0,1,6,0.0,0.0,0.0,1,0.0,0.0,0.9992447129909365,1.0,52.173947366,0
ojo_2025-11-25_16,10,none,,otsu,docling_rapidocr,qwen,6,0,0,0,6,0.0,0.0,0.0,0,,,,,17.718550714,1
ojo_2025-11-25_16,11,none,,adaptive_gaussian,docling_easyocr,qwen,6,0,0,0,6,0.0,0.0,0.0,0,,,,,38.72310172,1
ojo_2025-11-25_16,11,none,,adaptive_gaussian,docling_rapidocr,qwen,6,1,1,0,5,1.0,0.166667,0.285714,1,2.4545454545454546,2.0,0.0,0.0,8.350666866,0
ojo_2025-11-25_16,11,none,,adaptive_mean,docling_easyocr,qwen,6,0,0,0,6,0.0,0.0,0.0,0,,,,,38.468322858,1
ojo_2025-11-25_16,11,none,,adaptive_mean,docling_rapidocr,qwen,6,1,0,1,6,0.0,0.0,0.0,1,0.029411764705882353,0.16666666666666666,0.9992447129909365,1.0,10.103594169,0
ojo_2025-11-25_16,11,none,,basic,docling_easyocr,qwen,6,0,0,0,6,0.0,0.0,0.0,0,,,,,40.011921127,1
ojo_2025-11-25_16,11,none,,basic,docling_rapidocr,qwen,6,0,0,0,6,0.0,0.0,0.0,0,,,,,10.482497413,1
ojo_2025-11-25_16,11,none,,niblack,docling_easyocr,qwen,6,0,0,0,6,0.0,0.0,0.0,0,,,,,38.769678924,1
ojo_2025-11-25_16,11,none,,niblack,docling_rapidocr,qwen,6,0,0,0,6,0.0,0.0,0.0,0,,,,,9.804825399,1
ojo_2025-11-25_16,11,none,,none_color,docling_easyocr,qwen,6,1,1,0,5,1.0,0.166667,0.285714,1,2.6363636363636362,2.0,0.0,0.0,36.610988338,0
ojo_2025-11-25_16,11,none,,none_color,docling_rapidocr,qwen,6,0,0,0,6,0.0,0.0,0.0,0,,,,,19.62828346,1
ojo_2025-11-25_16,11,none,,none_grayscale,docling_easyocr,qwen,6,1,1,0,5,1.0,0.166667,0.285714,1,2.6363636363636362,2.0,0.0,0.0,36.416516025,0
ojo_2025-11-25_16,11,none,,none_grayscale,docling_rapidocr,qwen,6,0,0,0,6,0.0,0.0,0.0,0,,,,,17.424016197,1
ojo_2025-11-25_16,11,none,,otsu,docling_easyocr,qwen,6,0,0,0,6,0.0,0.0,0.0,0,,,,,39.801032741,1
ojo_2025-11-25_16,11,none,,otsu,docling_rapidocr,qwen,6,0,0,0,6,0.0,0.0,0.0,0,,,,,10.239432771,1
ojo_2025-11-25_16,12,none,,adaptive_gaussian,docling_easyocr,qwen,6,0,0,0,6,0.0,0.0,0.0,0,,,,,40.765754482,1
ojo_2025-11-25_16,12,none,,adaptive_gaussian,docling_rapidocr,qwen,6,1,1,0,5,1.0,0.166667,0.285714,1,2.6363636363636362,2.0,0.0,0.0,17.345103523,0
ojo_2025-11-25_16,12,none,,adaptive_mean,docling_easyocr,qwen,6,1,1,0,5,1.0,0.166667,0.285714,1,2.6363636363636362,2.0,0.0,0.0,46.100895425,0
ojo_2025-11-25_16,12,none,,adaptive_mean,docling_rapidocr,qwen,6,1,0,1,6,0.0,0.0,0.0,1,0.029411764705882353,0.16666666666666666,0.974320241691843,0.9875,16.815862915,0
ojo_2025-11-25_16,12,none,,basic,docling_easyocr,qwen,6,0,0,0,6,0.0,0.0,0.0,0,,,,,42.123451585,1
ojo_2025-11-25_16,12,none,,basic,docling_rapidocr,qwen,6,0,0,0,6,0.0,0.0,0.0,0,,,,,18.659775371,1
ojo_2025-11-25_16,12,none,,niblack,docling_easyocr,qwen,6,0,0,0,6,0.0,0.0,0.0,0,,,,,45.766639791,1
ojo_2025-11-25_16,12,none,,niblack,docling_rapidocr,qwen,6,0,0,0,6,0.0,0.0,0.0,0,,,,,16.883765541,1
ojo_2025-11-25_16,12,none,,none_color,docling_easyocr,qwen,6,4,1,3,5,0.25,0.166667,0.2,2,1.3181818181818181,1.0,0.49101796407185627,0.5,77.756409759,0
ojo_2025-11-25_16,12,none,,none_color,docling_rapidocr,qwen,6,0,0,0,6,0.0,0.0,0.0,0,,,,,24.693566913,5
ojo_2025-11-25_16,12,none,,none_grayscale,docling_easyocr,qwen,6,1,0,1,6,0.0,0.0,0.0,1,0.0,0.0,0.8787425149700598,0.981651376146789,77.967251176,0
ojo_2025-11-25_16,12,none,,none_grayscale,docling_rapidocr,qwen,6,0,0,0,6,0.0,0.0,0.0,0,,,,,27.35978424,6
ojo_2025-11-25_16,12,none,,otsu,docling_easyocr,qwen,6,3,1,2,5,0.333333,0.166667,0.222222,3,0.3863636363636364,0.4444444444444444,0.6666666666666666,0.6666666666666666,77.313487478,0
ojo_2025-11-25_16,12,none,,otsu,docling_rapidocr,qwen,6,1,0,1,6,0.0,0.0,0.0,1,0.018867924528301886,0.125,0.8263473053892215,0.9724770642201835,27.198969312,0
ojo_2025-11-25_16,13,none,,adaptive_gaussian,docling_easyocr,qwen,6,0,0,0,6,0.0,0.0,0.0,0,,,,,47.24724794,1
ojo_2025-11-25_16,13,none,,adaptive_gaussian,docling_rapidocr,qwen,6,0,0,0,6,0.0,0.0,0.0,0,,,,,17.120913272,1
ojo_2025-11-25_16,13,none,,adaptive_mean,docling_easyocr,qwen,6,0,0,0,6,0.0,0.0,0.0,0,,,,,46.763250118,1
ojo_2025-11-25_16,13,none,,adaptive_mean,docling_rapidocr,qwen,6,1,0,1,6,0.0,0.0,0.0,1,0.0,0.0,0.9962235649546828,1.0,17.482383256,0
ojo_2025-11-25_16,13,none,,basic,docling_easyocr,qwen,6,0,0,0,6,0.0,0.0,0.0,0,,,,,76.612449983,1
ojo_2025-11-25_16,13,none,,basic,docling_rapidocr,qwen,6,0,0,0,6,0.0,0.0,0.0,0,,,,,26.658225874,1
ojo_2025-11-25_16,13,none,,niblack,docling_rapidocr,qwen,6,0,0,0,6,0.0,0.0,0.0,0,,,,,15.467883342,1
ojo_2025-11-25_16,13,none,,none_color,docling_easyocr,qwen,6,4,1,3,5,0.25,0.166667,0.2,4,0.3244949494949495,0.41666666666666663,0.75,0.75,76.204879621,0
ojo_2025-11-25_16,13,none,,none_color,docling_rapidocr,qwen,6,0,0,0,6,0.0,0.0,0.0,0,,,,,23.824365238,5
ojo_2025-11-25_16,13,none,,none_grayscale,docling_easyocr,qwen,6,4,1,3,5,0.25,0.166667,0.2,4,0.19284829426338862,0.44791666666666663,0.7440119760479043,0.75,76.360718587,0
ojo_2025-11-25_16,13,none,,none_grayscale,docling_rapidocr,qwen,6,1,0,1,6,0.0,0.0,0.0,1,0.9629629629629629,1.0,0.8199052132701422,0.9428571428571428,26.272202829,0
ojo_2025-11-25_16,13,none,,otsu,docling_easyocr,qwen,6,0,0,0,6,0.0,0.0,0.0,0,,,,,74.293253688,1
ojo_2025-11-25_16,13,none,,otsu,docling_rapidocr,qwen,6,3,0,3,6,0.0,0.0,0.0,3,0.38271604938271603,0.3333333333333333,0.7505843183980402,0.8934705839522353,26.950219659,0
ojo_2025-11-25_16,14,none,,adaptive_gaussian,docling_easyocr,qwen,6,0,0,0,6,0.0,0.0,0.0,0,,,,,41.620968776,1
ojo_2025-11-25_16,14,none,,adaptive_gaussian,docling_rapidocr,qwen,6,0,0,0,6,0.0,0.0,0.0,0,,,,,17.567388015,1
ojo_2025-11-25_16,14,none,,adaptive_mean,docling_easyocr,qwen,6,0,0,0,6,0.0,0.0,0.0,0,,,,,45.878686386,1
ojo_2025-11-25_16,14,none,,adaptive_mean,docling_rapidocr,qwen,6,1,1,0,5,1.0,0.166667,0.285714,1,0.9090909090909091,1.0,0.0,0.0,16.321557956,0
ojo_2025-11-25_16,14,none,,basic,docling_easyocr,qwen,6,0,0,0,6,0.0,0.0,0.0,0,,,,,46.913398555,1
ojo_2025-11-25_16,14,none,,basic,docling_rapidocr,qwen,6,0,0,0,6,0.0,0.0,0.0,0,,,,,18.165541223,1
ojo_2025-11-25_16,14,none,,niblack,docling_easyocr,qwen,6,0,0,0,6,0.0,0.0,0.0,0,,,,,44.886893934,1
ojo_2025-11-25_16,14,none,,niblack,docling_rapidocr,qwen,6,0,0,0,6,0.0,0.0,0.0,0,,,,,16.790610021,1
ojo_2025-11-25_16,14,none,,none_color,docling_easyocr,qwen,6,6,0,6,6,0.0,0.0,0.0,4,0.16284305317324185,0.4375,0.9979443894372954,1.0,79.027354292,0
ojo_2025-11-25_16,14,none,,none_color,docling_rapidocr,qwen,6,1,1,0,5,1.0,0.166667,0.285714,1,0.0,0.0,0.41467065868263475,0.5045871559633027,27.698522381,0
ojo_2025-11-25_16,14,none,,none_grayscale,docling_easyocr,qwen,6,6,0,6,6,0.0,0.0,0.0,4,0.16284305317324185,0.4375,0.9979443894372954,1.0,78.192896894,0
ojo_2025-11-25_16,14,none,,none_grayscale,docling_rapidocr,qwen,6,1,1,0,5,1.0,0.166667,0.285714,1,0.0,0.0,0.41467065868263475,0.5045871559633027,27.562609485,0
ojo_2025-11-25_16,14,none,,otsu,docling_easyocr,qwen,6,0,0,0,6,0.0,0.0,0.0,0,,,,,63.850246481,1
ojo_2025-11-25_16,14,none,,otsu,docling_rapidocr,qwen,6,0,0,0,6,0.0,0.0,0.0,0,,,,,26.161744646,1
ojo_2025-11-25_16,15,none,,adaptive_gaussian,docling_easyocr,qwen,6,0,0,0,6,0.0,0.0,0.0,0,,,,,39.48500844,1
ojo_2025-11-25_16,15,none,,adaptive_gaussian,docling_rapidocr,qwen,6,0,0,0,6,0.0,0.0,0.0,0,,,,,8.703483066,1
ojo_2025-11-25_16,15,none,,adaptive_mean,docling_easyocr,qwen,6,0,0,0,6,0.0,0.0,0.0,0,,,,,39.699873409,1
ojo_2025-11-25_16,15,none,,adaptive_mean,docling_rapidocr,qwen,6,0,0,0,6,0.0,0.0,0.0,0,,,,,9.603489122,1
ojo_2025-11-25_16,15,none,,basic,docling_easyocr,qwen,6,0,0,0,6,0.0,0.0,0.0,0,,,,,64.692790802,1
ojo_2025-11-25_16,15,none,,basic,docling_rapidocr,qwen,6,0,0,0,6,0.0,0.0,0.0,0,,,,,18.397012766,1
ojo_2025-11-25_16,15,none,,niblack,docling_rapidocr,qwen,6,0,0,0,6,0.0,0.0,0.0,0,,,,,9.73793938,1
ojo_2025-11-25_16,15,none,,none_color,docling_easyocr,qwen,6,0,0,0,6,0.0,0.0,0.0,0,,,,,59.767262275,1
ojo_2025-11-25_16,15,none,,none_color,docling_rapidocr,qwen,6,4,1,3,5,0.25,0.166667,0.2,4,1.4554944095038436,0.9583333333333333,0.7096683954503713,0.8922848102033881,19.236783083,0
ojo_2025-11-25_16,15,none,,none_grayscale,docling_easyocr,qwen,6,0,0,0,6,0.0,0.0,0.0,0,,,,,61.225777443,1
ojo_2025-11-25_16,15,none,,none_grayscale,docling_rapidocr,qwen,6,0,0,0,6,0.0,0.0,0.0,0,,,,,17.849201019,4
ojo_2025-11-25_16,15,none,,otsu,docling_easyocr,qwen,6,0,0,0,6,0.0,0.0,0.0,0,,,,,70.697233328,1
ojo_2025-11-25_16,15,none,,otsu,docling_rapidocr,qwen,6,0,0,0,6,0.0,0.0,0.0,0,,,,,19.804304966,3
ojo_2025-11-25_16,16,none,,adaptive_gaussian,docling_easyocr,qwen,6,0,0,0,6,0.0,0.0,0.0,0,,,,,39.425273214,1
ojo_2025-11-25_16,16,none,,adaptive_gaussian,docling_rapidocr,qwen,6,0,0,0,6,0.0,0.0,0.0,0,,,,,9.956775461,1
ojo_2025-11-25_16,16,none,,adaptive_mean,docling_easyocr,qwen,6,0,0,0,6,0.0,0.0,0.0,0,,,,,36.070719991,1
ojo_2025-11-25_16,16,none,,adaptive_mean,docling_rapidocr,qwen,6,0,0,0,6,0.0,0.0,0.0,0,,,,,10.220361505,1
ojo_2025-11-25_16,16,none,,basic,docling_easyocr,qwen,6,0,0,0,6,0.0,0.0,0.0,0,,,,,69.07154096,1
ojo_2025-11-25_16,16,none,,basic,docling_rapidocr,qwen,6,0,0,0,6,0.0,0.0,0.0,0,,,,,18.173334011,1
ojo_2025-11-25_16,16,none,,niblack,docling_rapidocr,qwen,6,0,0,0,6,0.0,0.0,0.0,0,,,,,9.720372129,1
ojo_2025-11-25_16,16,none,,none_color,docling_easyocr,qwen,6,1,0,1,6,0.0,0.0,0.0,1,0.3235294117647059,0.6666666666666666,0.9962235649546828,1.0,68.042178758,0
ojo_2025-11-25_16,16,none,,none_color,docling_rapidocr,qwen,6,1,0,1,6,0.0,0.0,0.0,1,2.925925925925926,1.4,0.8199052132701422,1.0,19.620063432,0
ojo_2025-11-25_16,16,none,,none_grayscale,docling_easyocr,qwen,6,1,0,1,6,0.0,0.0,0.0,1,0.35294117647058826,0.6666666666666666,0.9924471299093656,1.0,60.609572061,0
ojo_2025-11-25_16,16,none,,none_grayscale,docling_rapidocr,qwen,6,0,0,0,6,0.0,0.0,0.0,0,,,,,19.580854782,3
ojo_2025-11-25_16,16,none,,otsu,docling_easyocr,qwen,6,0,0,0,6,0.0,0.0,0.0,0,,,,,64.092972479,1
ojo_2025-11-25_16,16,none,,otsu,docling_rapidocr,qwen,6,1,0,1,6,0.0,0.0,0.0,1,0.1320754716981132,0.625,0.7125748502994012,0.9724770642201835,19.010833225,0
ojo_2025-11-25_16,17,none,,adaptive_gaussian,docling_easyocr,qwen,6,0,0,0,6,0.0,0.0,0.0,0,,,,,39.742905174,1
ojo_2025-11-25_16,17,none,,adaptive_gaussian,docling_rapidocr,qwen,6,0,0,0,6,0.0,0.0,0.0,0,,,,,9.329688345,1
ojo_2025-11-25_16,17,none,,adaptive_mean,docling_easyocr,qwen,6,0,0,0,6,0.0,0.0,0.0,0,,,,,40.054920231,1
ojo_2025-11-25_16,17,none,,adaptive_mean,docling_rapidocr,qwen,6,0,0,0,6,0.0,0.0,0.0,0,,,,,9.749938522,1
ojo_2025-11-25_16,17,none,,basic,docling_easyocr,qwen,6,0,0,0,6,0.0,0.0,0.0,0,,,,,42.555368074,1
ojo_2025-11-25_16,17,none,,basic,docling_rapidocr,qwen,6,0,0,0,6,0.0,0.0,0.0,0,,,,,10.57324613,1
ojo_2025-11-25_16,17,none,,niblack,docling_rapidocr,qwen,6,0,0,0,6,0.0,0.0,0.0,0,,,,,9.826236581,1
ojo_2025-11-25_16,17,none,,none_color,docling_easyocr,qwen,6,1,1,0,5,1.0,0.166667,0.285714,1,2.8181818181818183,2.0,0.0,0.0,63.21923674,0
ojo_2025-11-25_16,17,none,,none_color,docling_rapidocr,qwen,6,1,0,1,6,0.0,0.0,0.0,1,4.592592592592593,1.6,0.8436018957345972,0.9714285714285714,19.391802438,0
ojo_2025-11-25_16,17,none,,none_grayscale,docling_easyocr,qwen,6,1,1,0,5,1.0,0.166667,0.285714,1,2.8181818181818183,2.0,0.0,0.0,63.553546556,0
ojo_2025-11-25_16,17,none,,none_grayscale,docling_rapidocr,qwen,6,1,0,1,6,0.0,0.0,0.0,1,4.592592592592593,1.6,0.8436018957345972,0.9714285714285714,19.375035652,0
ojo_2025-11-25_16,17,none,,otsu,docling_easyocr,qwen,6,0,0,0,6,0.0,0.0,0.0,0,,,,,68.9364341,1
ojo_2025-11-25_16,17,none,,otsu,docling_rapidocr,qwen,6,1,0,1,6,0.0,0.0,0.0,1,0.22641509433962265,0.625,0.8248502994011976,0.9541284403669725,19.614518712,0
ojo_2025-11-25_16,18,none,,adaptive_gaussian,docling_easyocr,qwen,6,0,0,0,6,0.0,0.0,0.0,0,,,,,39.645235594,1
ojo_2025-11-25_16,18,none,,adaptive_mean,docling_easyocr,qwen,6,0,0,0,6,0.0,0.0,0.0,0,,,,,38.741931183,1
ojo_2025-11-25_16,18,none,,basic,docling_easyocr,qwen,6,0,0,0,6,0.0,0.0,0.0,0,,,,,33.741621882,1
ojo_2025-11-25_16,18,none,,basic,docling_rapidocr,qwen,6,0,0,0,6,0.0,0.0,0.0,0,,,,,9.293224007,1
ojo_2025-11-25_16,18,none,,niblack,docling_easyocr,qwen,6,0,0,0,6,0.0,0.0,0.0,0,,,,,33.401726767,1
ojo_2025-11-25_16,18,none,,none_color,docling_easyocr,qwen,6,0,0,0,6,0.0,0.0,0.0,0,,,,,35.835108906,1
ojo_2025-11-25_16,18,none,,none_grayscale,docling_easyocr,qwen,6,0,0,0,6,0.0,0.0,0.0,0,,,,,38.87822476,1
ojo_2025-11-25_16,18,none,,otsu,docling_easyocr,qwen,6,0,0,0,6,0.0,0.0,0.0,0,,,,,38.312066943,1
ojo_2025-11-25_16,18,none,,otsu,docling_rapidocr,qwen,6,0,0,0,6,0.0,0.0,0.0,0,,,,,9.271457106,1
ojo_2025-11-25_16,18,none,,yannihorne,docling_easyocr,qwen,6,0,0,0,6,0.0,0.0,0.0,0,,,,,37.639851958,1
ojo_2025-11-25_16,19,none,,adaptive_gaussian,docling_easyocr,qwen,6,0,0,0,6,0.0,0.0,0.0,0,,,,,38.900817122,1
ojo_2025-11-25_16,19,none,,adaptive_gaussian,docling_rapidocr,qwen,6,0,0,0,6,0.0,0.0,0.0,0,,,,,9.980433192,1
ojo_2025-11-25_16,19,none,,adaptive_mean,docling_easyocr,qwen,6,0,0,0,6,0.0,0.0,0.0,0,,,,,38.497489657,1
ojo_2025-11-25_16,19,none,,basic,docling_easyocr,qwen,6,0,0,0,6,0.0,0.0,0.0,0,,,,,35.066066563,1
ojo_2025-11-25_16,19,none,,basic,docling_rapidocr,qwen,6,0,0,0,6,0.0,0.0,0.0,0,,,,,9.758715689,1
ojo_2025-11-25_16,19,none,,niblack,docling_easyocr,qwen,6,0,0,0,6,0.0,0.0,0.0,0,,,,,39.153220442,1
ojo_2025-11-25_16,19,none,,none_color,docling_easyocr,qwen,6,0,0,0,6,0.0,0.0,0.0,0,,,,,36.985580504,1
ojo_2025-11-25_16,19,none,,none_grayscale,docling_easyocr,qwen,6,0,0,0,6,0.0,0.0,0.0,0,,,,,39.261291087,1
ojo_2025-11-25_16,19,none,,otsu,docling_easyocr,qwen,6,0,0,0,6,0.0,0.0,0.0,0,,,,,37.127423108,1
ojo_2025-11-25_16,19,none,,otsu,docling_rapidocr,qwen,6,0,0,0,6,0.0,0.0,0.0,0,,,,,10.09687525,1
ojo_2025-11-25_16,19,none,,yannihorne,docling_easyocr,qwen,6,0,0,0,6,0.0,0.0,0.0,0,,,,,37.731114209,1
ojo_2025-11-25_16,20,none,,adaptive_gaussian,docling_easyocr,qwen,6,0,0,0,6,0.0,0.0,0.0,0,,,,,39.428582417,1
ojo_2025-11-25_16,20,none,,adaptive_mean,docling_easyocr,qwen,6,0,0,0,6,0.0,0.0,0.0,0,,,,,34.673917281,1
ojo_2025-11-25_16,20,none,,basic,docling_easyocr,qwen,6,0,0,0,6,0.0,0.0,0.0,0,,,,,38.270206294,1
ojo_2025-11-25_16,20,none,,basic,docling_rapidocr,qwen,6,0,0,0,6,0.0,0.0,0.0,0,,,,,8.709657988,1
ojo_2025-11-25_16,20,none,,niblack,docling_easyocr,qwen,6,0,0,0,6,0.0,0.0,0.0,0,,,,,34.272549366,1
ojo_2025-11-25_16,20,none,,none_color,docling_easyocr,qwen,6,0,0,0,6,0.0,0.0,0.0,0,,,,,39.386567912,1
ojo_2025-11-25_16,20,none,,none_grayscale,docling_easyocr,qwen,6,0,0,0,6,0.0,0.0,0.0,0,,,,,40.129234156,1
ojo_2025-11-25_16,20,none,,otsu,docling_easyocr,qwen,6,0,0,0,6,0.0,0.0,0.0,0,,,,,37.732798418,1
ojo_2025-11-25_16,20,none,,otsu,docling_rapidocr,qwen,6,0,0,0,6,0.0,0.0,0.0,0,,,,,9.48192223,1
ojo_2025-11-25_16,20,none,,yannihorne,docling_easyocr,qwen,6,0,0,0,6,0.0,0.0,0.0,0,,,,,37.839843592,1
ojo_2025-11-25_16,21,none,,adaptive_gaussian,docling_easyocr,qwen,6,0,0,0,6,0.0,0.0,0.0,0,,,,,60.573317667,1
ojo_2025-11-25_16,21,none,,adaptive_gaussian,docling_rapidocr,qwen,6,1,1,0,5,1.0,0.166667,0.285714,1,2.4545454545454546,2.0,0.0,0.0,31.323340556,0
ojo_2025-11-25_16,21,none,,adaptive_mean,docling_easyocr,qwen,6,0,0,0,6,0.0,0.0,0.0,0,,,,,55.070717236,1
ojo_2025-11-25_16,21,none,,adaptive_mean,docling_rapidocr,qwen,6,1,1,0,5,1.0,0.166667,0.285714,1,2.4545454545454546,2.0,0.0,0.0,31.307428738,0
ojo_2025-11-25_16,21,none,,basic,docling_easyocr,qwen,6,1,0,1,6,0.0,0.0,0.0,1,0.029411764705882353,0.16666666666666666,0.9992447129909365,1.0,61.363854403,0
ojo_2025-11-25_16,21,none,,basic,docling_rapidocr,qwen,6,0,0,0,6,0.0,0.0,0.0,0,,,,,30.861187453,1
ojo_2025-11-25_16,21,none,,niblack,docling_easyocr,qwen,6,0,0,0,6,0.0,0.0,0.0,0,,,,,59.96120871,1
ojo_2025-11-25_16,21,none,,niblack,docling_rapidocr,qwen,6,0,0,0,6,0.0,0.0,0.0,0,,,,,30.695644507,1
ojo_2025-11-25_16,21,none,,none_color,docling_easyocr,qwen,6,0,0,0,6,0.0,0.0,0.0,0,,,,,61.551908965,1
ojo_2025-11-25_16,21,none,,none_color,docling_rapidocr,qwen,6,3,1,2,5,0.333333,0.166667,0.222222,3,0.9325328759291024,0.8055555555555557,0.6329938310689799,0.6666666666666666,41.545557255,0
ojo_2025-11-25_16,21,none,,none_grayscale,docling_easyocr,qwen,6,0,0,0,6,0.0,0.0,0.0,0,,,,,61.307272906,1
ojo_2025-11-25_16,21,none,,none_grayscale,docling_rapidocr,qwen,6,3,1,2,5,0.333333,0.166667,0.222222,3,0.9325328759291024,0.8055555555555557,0.6329938310689799,0.6666666666666666,41.121712918,0
ojo_2025-11-25_16,21,none,,otsu,docling_easyocr,qwen,6,1,1,0,5,1.0,0.166667,0.285714,1,2.6363636363636362,2.0,0.0,0.0,61.59909969,0
ojo_2025-11-25_16,21,none,,otsu,docling_rapidocr,qwen,6,1,0,1,6,0.0,0.0,0.0,1,0.0,0.0,0.9788519637462235,0.9958333333333333,32.116430575,0
ojo_2025-11-25_16,22,none,,adaptive_gaussian,docling_easyocr,qwen,6,0,0,0,6,0.0,0.0,0.0,0,,,,,61.433143633,1
ojo_2025-11-25_16,22,none,,adaptive_gaussian,docling_rapidocr,qwen,6,1,0,1,6,0.0,0.0,0.0,1,0.08823529411764706,0.3333333333333333,0.974320241691843,0.9916666666666667,31.73814966,0
ojo_2025-11-25_16,22,none,,adaptive_mean,docling_easyocr,qwen,6,0,0,0,6,0.0,0.0,0.0,0,,,,,61.188369292,1
ojo_2025-11-25_16,22,none,,adaptive_mean,docling_rapidocr,qwen,6,0,0,0,6,0.0,0.0,0.0,0,,,,,32.326639431,1
ojo_2025-11-25_16,22,none,,basic,docling_easyocr,qwen,6,1,0,1,6,0.0,0.0,0.0,1,0.0,0.0,0.9992447129909365,1.0,61.556841961,0
ojo_2025-11-25_16,22,none,,basic,docling_rapidocr,qwen,6,1,0,1,6,0.0,0.0,0.0,1,0.0,0.0,0.9765861027190332,1.0,32.065586678,0
ojo_2025-11-25_16,22,none,,niblack,docling_easyocr,qwen,6,0,0,0,6,0.0,0.0,0.0,0,,,,,59.571714407,1
ojo_2025-11-25_16,22,none,,niblack,docling_rapidocr,qwen,6,0,0,0,6,0.0,0.0,0.0,0,,,,,31.883912808,1
ojo_2025-11-25_16,22,none,,none_color,docling_easyocr,qwen,6,1,0,1,6,0.0,0.0,0.0,1,0.0,0.0,0.974320241691843,0.9833333333333333,62.050037018,0
ojo_2025-11-25_16,22,none,,none_color,docling_rapidocr,qwen,6,0,0,0,6,0.0,0.0,0.0,0,,,,,40.148457876,1
ojo_2025-11-25_16,22,none,,none_grayscale,docling_easyocr,qwen,6,1,0,1,6,0.0,0.0,0.0,1,0.0,0.0,0.974320241691843,0.9833333333333333,61.127733818,0
ojo_2025-11-25_16,22,none,,none_grayscale,docling_rapidocr,qwen,6,0,0,0,6,0.0,0.0,0.0,0,,,,,41.493533961,1
ojo_2025-11-25_16,22,none,,otsu,docling_easyocr,qwen,6,1,0,1,6,0.0,0.0,0.0,1,0.0,0.0,0.9992447129909365,1.0,60.912831656,0
ojo_2025-11-25_16,22,none,,otsu,docling_rapidocr,qwen,6,2,1,1,5,0.5,0.166667,0.25,1,2.6363636363636362,2.0,0.0,0.0,32.717754236,0
ojo_2025-11-25_16,23,none,,adaptive_gaussian,docling_easyocr,qwen,6,1,1,0,5,1.0,0.166667,0.285714,1,1.6363636363636365,1.3333333333333333,0.0,0.0,61.010493424,0
ojo_2025-11-25_16,23,none,,adaptive_gaussian,docling_rapidocr,qwen,6,1,1,0,5,1.0,0.166667,0.285714,1,2.6363636363636362,2.0,0.0,0.0,30.939689543,0
ojo_2025-11-25_16,23,none,,adaptive_mean,docling_easyocr,qwen,6,0,0,0,6,0.0,0.0,0.0,0,,,,,60.651883198,1
ojo_2025-11-25_16,23,none,,adaptive_mean,docling_rapidocr,qwen,6,1,1,0,5,1.0,0.166667,0.285714,1,2.4545454545454546,2.0,0.0,0.0,30.20961125,0
ojo_2025-11-25_16,23,none,,basic,docling_easyocr,qwen,6,1,0,1,6,0.0,0.0,0.0,1,0.058823529411764705,0.3333333333333333,0.9758308157099698,0.9875,55.808956146,0
ojo_2025-11-25_16,23,none,,basic,docling_rapidocr,qwen,6,2,1,1,5,0.5,0.166667,0.25,2,0.45454545454545453,0.5,0.5,0.5,32.090287924,0
ojo_2025-11-25_16,23,none,,niblack,docling_easyocr,qwen,6,0,0,0,6,0.0,0.0,0.0,0,,,,,59.929986134,1
ojo_2025-11-25_16,23,none,,niblack,docling_rapidocr,qwen,6,0,0,0,6,0.0,0.0,0.0,0,,,,,29.95983161,1
ojo_2025-11-25_16,23,none,,none_color,docling_easyocr,qwen,6,1,0,1,6,0.0,0.0,0.0,1,0.0,0.0,0.972809667673716,0.9833333333333333,60.919284821,0
ojo_2025-11-25_16,23,none,,none_color,docling_rapidocr,qwen,6,2,0,2,6,0.0,0.0,0.0,2,0.0,0.0,0.9665864645331693,0.9954128440366973,38.236674309,0
ojo_2025-11-25_16,23,none,,none_grayscale,docling_easyocr,qwen,6,1,0,1,6,0.0,0.0,0.0,1,0.0,0.0,0.972809667673716,0.9833333333333333,55.530368567,0
ojo_2025-11-25_16,23,none,,none_grayscale,docling_rapidocr,qwen,6,2,0,2,6,0.0,0.0,0.0,2,0.0,0.0,0.9665864645331693,0.9954128440366973,41.078883171,0
ojo_2025-11-25_16,23,none,,otsu,docling_easyocr,qwen,6,1,0,1,6,0.0,0.0,0.0,1,0.0,0.0,0.9992447129909365,1.0,61.267447949,0
ojo_2025-11-25_16,23,none,,otsu,docling_rapidocr,qwen,6,2,1,1,5,0.5,0.166667,0.25,2,1.9208754208754208,1.6,0.43601895734597157,0.5,30.359261513,0
ojo_2025-11-25_16,24,none,,adaptive_gaussian,docling_easyocr,qwen,6,0,0,0,6,0.0,0.0,0.0,0,,,,,37.471552603,1
ojo_2025-11-25_16,24,none,,adaptive_gaussian,docling_rapidocr,qwen,6,0,0,0,6,0.0,0.0,0.0,0,,,,,10.011058085,1
ojo_2025-11-25_16,24,none,,adaptive_mean,docling_easyocr,qwen,6,0,0,0,6,0.0,0.0,0.0,0,,,,,40.502093308,1
ojo_2025-11-25_16,24,none,,adaptive_mean,docling_rapidocr,qwen,6,1,0,1,6,0.0,0.0,0.0,1,0.08823529411764706,0.16666666666666666,0.9984894259818731,1.0,10.284962408,0
ojo_2025-11-25_16,24,none,,basic,docling_easyocr,qwen,6,0,0,0,6,0.0,0.0,0.0,0,,,,,65.314562884,1
ojo_2025-11-25_16,24,none,,basic,docling_rapidocr,qwen,6,0,0,0,6,0.0,0.0,0.0,0,,,,,20.54724392,4
ojo_2025-11-25_16,24,none,,niblack,docling_easyocr,qwen,6,0,0,0,6,0.0,0.0,0.0,0,,,,,38.652616316,1
ojo_2025-11-25_16,24,none,,niblack,docling_rapidocr,qwen,6,0,0,0,6,0.0,0.0,0.0,0,,,,,8.436727577,1
ojo_2025-11-25_16,24,none,,none_color,docling_easyocr,qwen,6,3,0,3,6,0.0,0.0,0.0,3,0.15146750524109015,0.36111111111111116,0.9972591859163938,1.0,63.708185282,0
ojo_2025-11-25_16,24,none,,none_color,docling_rapidocr,qwen,6,1,0,1,6,0.0,0.0,0.0,1,0.9705882352941176,1.0,1.1231117824773413,1.3208333333333333,20.607109871,0
ojo_2025-11-25_16,24,none,,none_grayscale,docling_easyocr,qwen,6,3,0,3,6,0.0,0.0,0.0,3,0.1574074074074074,0.2222222222222222,0.9972591859163938,1.0,72.128668394,0
ojo_2025-11-25_16,24,none,,none_grayscale,docling_rapidocr,qwen,6,0,0,0,6,0.0,0.0,0.0,0,,,,,20.498811331,4
ojo_2025-11-25_16,24,none,,otsu,docling_easyocr,qwen,6,0,0,0,6,0.0,0.0,0.0,0,,,,,61.142755429,1
ojo_2025-11-25_16,24,none,,otsu,docling_rapidocr,qwen,6,3,0,3,6,0.0,0.0,0.0,3,0.3846153846153846,0.6666666666666666,0.7136899072968815,0.8857511990107118,20.104142586,0
ojo_2025-11-25_16,25,none,,adaptive_gaussian,docling_easyocr,qwen,6,0,0,0,6,0.0,0.0,0.0,0,,,,,37.582598202,1
ojo_2025-11-25_16,25,none,,adaptive_gaussian,docling_rapidocr,qwen,6,1,0,1,6,0.0,0.0,0.0,1,0.029411764705882353,0.16666666666666666,0.974320241691843,0.9875,10.187883847,0
ojo_2025-11-25_16,25,none,,adaptive_mean,docling_easyocr,qwen,6,0,0,0,6,0.0,0.0,0.0,0,,,,,39.866709463,1
ojo_2025-11-25_16,25,none,,adaptive_mean,docling_rapidocr,qwen,6,1,0,1,6,0.0,0.0,0.0,1,0.029411764705882353,0.16666666666666666,0.9977341389728097,1.0,10.091124527,0
ojo_2025-11-25_16,25,none,,basic,docling_easyocr,qwen,6,2,1,1,5,0.5,0.166667,0.25,2,0.6363636363636364,0.5,0.5,0.5,68.125915137,0
ojo_2025-11-25_16,25,none,,basic,docling_rapidocr,qwen,6,0,0,0,6,0.0,0.0,0.0,0,,,,,19.829527941,5
ojo_2025-11-25_16,25,none,,niblack,docling_easyocr,qwen,6,0,0,0,6,0.0,0.0,0.0,0,,,,,38.963839585,1
ojo_2025-11-25_16,25,none,,niblack,docling_rapidocr,qwen,6,0,0,0,6,0.0,0.0,0.0,0,,,,,10.108249718,1
ojo_2025-11-25_16,25,none,,none_color,docling_easyocr,qwen,6,4,1,3,5,0.25,0.166667,0.2,4,0.3459988340676465,0.59375,0.75,0.75,67.888630715,0
ojo_2025-11-25_16,25,none,,none_color,docling_rapidocr,qwen,6,0,0,0,6,0.0,0.0,0.0,0,,,,,17.922550526,1
ojo_2025-11-25_16,25,none,,none_grayscale,docling_easyocr,qwen,6,3,1,2,5,0.333333,0.166667,0.222222,3,0.7764436821040596,0.6805555555555557,0.654690618762475,0.6666666666666666,70.118682947,0
ojo_2025-11-25_16,25,none,,none_grayscale,docling_rapidocr,qwen,6,1,0,1,6,0.0,0.0,0.0,1,0.9629629629629629,1.0,0.8483412322274881,0.9428571428571428,19.988278237,0
ojo_2025-11-25_16,25,none,,otsu,docling_easyocr,qwen,6,3,1,2,5,0.333333,0.166667,0.222222,2,0.6620926243567753,0.75,0.5,0.5,67.918944208,0
ojo_2025-11-25_16,25,none,,otsu,docling_rapidocr,qwen,6,5,0,5,6,0.0,0.0,0.0,5,0.3668091168091168,0.5,0.820206669635688,0.980378509001234,19.169118254,0
ojo_2025-11-25_16,26,none,,adaptive_gaussian,docling_easyocr,qwen,6,0,0,0,6,0.0,0.0,0.0,0,,,,,41.378473514,1
ojo_2025-11-25_16,26,none,,adaptive_gaussian,docling_rapidocr,qwen,6,0,0,0,6,0.0,0.0,0.0,0,,,,,9.034404272,1
ojo_2025-11-25_16,26,none,,adaptive_mean,docling_easyocr,qwen,6,0,0,0,6,0.0,0.0,0.0,0,,,,,40.296189064,1
ojo_2025-11-25_16,26,none,,adaptive_mean,docling_rapidocr,qwen,6,1,0,1,6,0.0,0.0,0.0,1,0.058823529411764705,0.3333333333333333,0.9984894259818731,1.0,8.632647747,0
ojo_2025-11-25_16,26,none,,basic,docling_easyocr,qwen,6,0,0,0,6,0.0,0.0,0.0,0,,,,,49.586944668,1
ojo_2025-11-25_16,26,none,,basic,docling_rapidocr,qwen,6,3,0,3,6,0.0,0.0,0.0,3,0.36524574889354766,0.4583333333333333,0.9051211161388796,0.9679608999563127,19.211596815,0
ojo_2025-11-25_16,26,none,,niblack,docling_easyocr,qwen,6,0,0,0,6,0.0,0.0,0.0,0,,,,,38.92749029,1
ojo_2025-11-25_16,26,none,,niblack,docling_rapidocr,qwen,6,0,0,0,6,0.0,0.0,0.0,0,,,,,10.188090856,1
ojo_2025-11-25_16,26,none,,none_color,docling_easyocr,qwen,6,2,1,1,5,0.5,0.166667,0.25,2,1.1363636363636365,0.6666666666666666,0.5,0.5,63.914759723,0
ojo_2025-11-25_16,26,none,,none_color,docling_rapidocr,qwen,6,0,0,0,6,0.0,0.0,0.0,0,,,,,20.479445307,8
ojo_2025-11-25_16,26,none,,none_grayscale,docling_easyocr,qwen,6,2,1,1,5,0.5,0.166667,0.25,2,1.1363636363636365,0.6666666666666666,0.5,0.5,71.483160583,0
ojo_2025-11-25_16,26,none,,none_grayscale,docling_rapidocr,qwen,6,0,0,0,6,0.0,0.0,0.0,0,,,,,20.425144045,8
ojo_2025-11-25_16,26,none,,otsu,docling_easyocr,qwen,6,0,0,0,6,0.0,0.0,0.0,0,,,,,71.04581484,1
ojo_2025-11-25_16,26,none,,otsu,docling_rapidocr,qwen,6,0,0,0,6,0.0,0.0,0.0,0,,,,,20.459890692,5
ojo_2025-11-25_16,27,none,,adaptive_gaussian,docling_easyocr,qwen,6,0,0,0,6,0.0,0.0,0.0,0,,,,,39.526357168,1
ojo_2025-11-25_16,27,none,,adaptive_gaussian,docling_rapidocr,qwen,6,1,1,0,5,1.0,0.166667,0.285714,1,2.6363636363636362,2.0,0.0,0.0,9.951478714,0
ojo_2025-11-25_16,27,none,,adaptive_mean,docling_easyocr,qwen,6,0,0,0,6,0.0,0.0,0.0,0,,,,,33.683034176,1
ojo_2025-11-25_16,27,none,,adaptive_mean,docling_rapidocr,qwen,6,1,1,0,5,1.0,0.166667,0.285714,1,2.6363636363636362,2.0,0.0,0.0,10.058217043,0
ojo_2025-11-25_16,27,none,,basic,docling_easyocr,qwen,6,0,0,0,6,0.0,0.0,0.0,0,,,,,59.191730587,1
ojo_2025-11-25_16,27,none,,basic,docling_rapidocr,qwen,6,0,0,0,6,0.0,0.0,0.0,0,,,,,20.054945795,1
ojo_2025-11-25_16,27,none,,niblack,docling_rapidocr,qwen,6,0,0,0,6,0.0,0.0,0.0,0,,,,,9.512068327,1
ojo_2025-11-25_16,27,none,,none_color,docling_easyocr,qwen,6,5,1,4,5,0.2,0.166667,0.181818,4,0.26515151515151514,0.3333333333333333,0.7443951648940924,0.75,67.997919409,0
ojo_2025-11-25_16,27,none,,none_color,docling_rapidocr,qwen,6,0,0,0,6,0.0,0.0,0.0,0,,,,,21.039144127,5
ojo_2025-11-25_16,27,none,,none_grayscale,docling_easyocr,qwen,6,4,1,3,5,0.25,0.166667,0.2,3,0.7335620354488279,0.5277777777777778,0.6591318872828361,0.6652777777777777,68.451608984,0
ojo_2025-11-25_16,27,none,,none_grayscale,docling_rapidocr,qwen,6,0,0,0,6,0.0,0.0,0.0,0,,,,,21.004238216,4
ojo_2025-11-25_16,27,none,,otsu,docling_easyocr,qwen,6,0,0,0,6,0.0,0.0,0.0,0,,,,,67.894566219,1
ojo_2025-11-25_16,27,none,,otsu,docling_rapidocr,qwen,6,0,0,0,6,0.0,0.0,0.0,0,,,,,20.275162857,4
ojo_2025-11-25_16,28,none,,adaptive_gaussian,docling_easyocr,qwen,6,0,0,0,6,0.0,0.0,0.0,0,,,,,39.577521152,1
ojo_2025-11-25_16,28,none,,adaptive_gaussian,docling_rapidocr,qwen,6,1,1,0,5,1.0,0.166667,0.285714,1,2.6363636363636362,2.0,0.0,0.0,9.585371322,0
ojo_2025-11-25_16,28,none,,adaptive_mean,docling_easyocr,qwen,6,0,0,0,6,0.0,0.0,0.0,0,,,,,39.193351097,1
ojo_2025-11-25_16,28,none,,adaptive_mean,docling_rapidocr,qwen,6,1,0,1,6,0.0,0.0,0.0,1,0.029411764705882353,0.16666666666666666,0.9992447129909365,1.0,9.344266004,0
ojo_2025-11-25_16,28,none,,basic,docling_easyocr,qwen,6,0,0,0,6,0.0,0.0,0.0,0,,,,,68.107466142,1
ojo_2025-11-25_16,28,none,,basic,docling_rapidocr,qwen,6,0,0,0,6,0.0,0.0,0.0,0,,,,,20.650764387,3
ojo_2025-11-25_16,28,none,,niblack,docling_easyocr,qwen,6,0,0,0,6,0.0,0.0,0.0,0,,,,,38.313554415,1
ojo_2025-11-25_16,28,none,,niblack,docling_rapidocr,qwen,6,0,0,0,6,0.0,0.0,0.0,0,,,,,9.507786163,1
ojo_2025-11-25_16,28,none,,none_color,docling_easyocr,qwen,6,3,1,2,5,0.333333,0.166667,0.222222,3,0.9456832475700402,0.7083333333333334,0.6531936127744511,0.6666666666666666,60.389184635,0
ojo_2025-11-25_16,28,none,,none_color,docling_rapidocr,qwen,6,0,0,0,6,0.0,0.0,0.0,0,,,,,20.070360582,1
ojo_2025-11-25_16,28,none,,none_grayscale,docling_easyocr,qwen,6,3,1,2,5,0.333333,0.166667,0.222222,3,0.9456832475700402,0.7083333333333334,0.6551805754050811,0.6666666666666666,61.027698677,0
ojo_2025-11-25_16,28,none,,none_grayscale,docling_rapidocr,qwen,6,0,0,0,6,0.0,0.0,0.0,0,,,,,16.638022106,1
ojo_2025-11-25_16,28,none,,otsu,docling_easyocr,qwen,6,2,0,2,6,0.0,0.0,0.0,2,1.4109014675052411,1.575,0.9269127621534183,1.0,65.516870731,0
ojo_2025-11-25_16,28,none,,otsu,docling_rapidocr,qwen,6,5,0,5,6,0.0,0.0,0.0,5,0.7764957264957265,0.7666666666666667,0.6766227149064318,0.8217781943579056,16.973729605,0
ojo_2025-11-25_16,29,none,,adaptive_gaussian,docling_easyocr,qwen,6,0,0,0,6,0.0,0.0,0.0,0,,,,,35.04105701,1
ojo_2025-11-25_16,29,none,,adaptive_gaussian,docling_rapidocr,qwen,6,1,1,0,5,1.0,0.166667,0.285714,1,2.6363636363636362,2.0,0.0,0.0,9.519469639,0
ojo_2025-11-25_16,29,none,,adaptive_mean,docling_easyocr,qwen,6,0,0,0,6,0.0,0.0,0.0,0,,,,,38.896175762,1
ojo_2025-11-25_16,29,none,,adaptive_mean,docling_rapidocr,qwen,6,1,1,0,5,1.0,0.166667,0.285714,1,2.6363636363636362,2.0,0.0,0.0,8.954039236,0
ojo_2025-11-25_16,29,none,,basic,docling_easyocr,qwen,6,2,1,1,5,0.5,0.166667,0.25,2,0.4692513368983957,0.5833333333333334,0.5,0.5,47.16199922,0
ojo_2025-11-25_16,29,none,,basic,docling_rapidocr,qwen,6,0,0,0,6,0.0,0.0,0.0,0,,,,,17.498139852,1
ojo_2025-11-25_16,29,none,,niblack,docling_easyocr,qwen,6,0,0,0,6,0.0,0.0,0.0,0,,,,,38.298300228,1
ojo_2025-11-25_16,29,none,,niblack,docling_rapidocr,qwen,6,0,0,0,6,0.0,0.0,0.0,0,,,,,9.377655468,1
ojo_2025-11-25_16,29,none,,none_color,docling_easyocr,qwen,6,3,0,3,6,0.0,0.0,0.0,3,0.13591893780573025,0.3055555555555555,0.9972591859163938,1.0,70.620545143,0
ojo_2025-11-25_16,29,none,,none_color,docling_rapidocr,qwen,6,0,0,0,6,0.0,0.0,0.0,0,,,,,19.673251385,1
ojo_2025-11-25_16,29,none,,none_grayscale,docling_easyocr,qwen,6,3,0,3,6,0.0,0.0,0.0,3,0.13591893780573025,0.3055555555555555,0.9972591859163938,1.0,68.835314268,0
ojo_2025-11-25_16,29,none,,none_grayscale,docling_rapidocr,qwen,6,0,0,0,6,0.0,0.0,0.0,0,,,,,21.148627752,1
ojo_2025-11-25_16,29,none,,otsu,docling_easyocr,qwen,6,0,0,0,6,0.0,0.0,0.0,0,,,,,69.196707897,1
ojo_2025-11-25_16,29,none,,otsu,docling_rapidocr,qwen,6,0,0,0,6,0.0,0.0,0.0,0,,,,,20.047782593,4
ojo_2025-11-25_16,30,none,,adaptive_gaussian,docling_easyocr,qwen,6,1,1,0,5,1.0,0.166667,0.285714,1,2.5454545454545454,2.0,0.0,0.0,38.24713891,0
ojo_2025-11-25_16,30,none,,adaptive_gaussian,docling_rapidocr,qwen,6,0,0,0,6,0.0,0.0,0.0,0,,,,,9.91832345,1
ojo_2025-11-25_16,30,none,,adaptive_mean,docling_easyocr,qwen,6,0,0,0,6,0.0,0.0,0.0,0,,,,,38.559882336,1
ojo_2025-11-25_16,30,none,,adaptive_mean,docling_rapidocr,qwen,6,0,0,0,6,0.0,0.0,0.0,0,,,,,9.53204792,1
ojo_2025-11-25_16,30,none,,basic,docling_easyocr,qwen,6,1,0,1,6,0.0,0.0,0.0,1,0.0,0.0,0.9992447129909365,1.0,39.754643228,0
ojo_2025-11-25_16,30,none,,basic,docling_rapidocr,qwen,6,0,0,0,6,0.0,0.0,0.0,0,,,,,10.721280601,1
ojo_2025-11-25_16,30,none,,niblack,docling_easyocr,qwen,6,0,0,0,6,0.0,0.0,0.0,0,,,,,34.785893123,1
ojo_2025-11-25_16,30,none,,niblack,docling_rapidocr,qwen,6,0,0,0,6,0.0,0.0,0.0,0,,,,,9.665548723,1
ojo_2025-11-25_16,30,none,,none_color,docling_easyocr,qwen,6,0,0,0,6,0.0,0.0,0.0,0,,,,,39.777352598,1
ojo_2025-11-25_16,30,none,,none_color,docling_rapidocr,qwen,6,0,0,0,6,0.0,0.0,0.0,0,,,,,17.018945959,1
ojo_2025-11-25_16,30,none,,none_grayscale,docling_easyocr,qwen,6,0,0,0,6,0.0,0.0,0.0,0,,,,,37.507789877,1
ojo_2025-11-25_16,30,none,,none_grayscale,docling_rapidocr,qwen,6,4,1,3,5,0.25,0.166667,0.2,4,0.8223905723905724,0.75,0.6869738982811063,0.7382275132275132,19.638557461,0
ojo_2025-11-25_16,30,none,,otsu,docling_easyocr,qwen,6,0,0,0,6,0.0,0.0,0.0,0,,,,,35.511012415,1
ojo_2025-11-25_16,30,none,,otsu,docling_rapidocr,qwen,6,1,0,1,6,0.0,0.0,0.0,1,0.0,0.0,0.9992447129909365,1.0,10.858565668,0
ojo_2025-11-25_16,31,none,,adaptive_gaussian,docling_easyocr,qwen,6,0,0,0,6,0.0,0.0,0.0,0,,,,,38.420763332,1
ojo_2025-11-25_16,31,none,,adaptive_gaussian,docling_rapidocr,qwen,6,0,0,0,6,0.0,0.0,0.0,0,,,,,9.834301788,1
ojo_2025-11-25_16,31,none,,adaptive_mean,docling_easyocr,qwen,6,0,0,0,6,0.0,0.0,0.0,0,,,,,38.221400816,1
ojo_2025-11-25_16,31,none,,adaptive_mean,docling_rapidocr,qwen,6,0,0,0,6,0.0,0.0,0.0,0,,,,,9.877061922,1
ojo_2025-11-25_16,31,none,,basic,docling_easyocr,qwen,6,0,0,0,6,0.0,0.0,0.0,0,,,,,43.204088859,1
ojo_2025-11-25_16,31,none,,basic,docling_rapidocr,qwen,6,1,0,1,6,0.0,0.0,0.0,1,1.0,1.0,0.8672985781990521,1.0,17.819110565,0
ojo_2025-11-25_16,31,none,,niblack,docling_easyocr,qwen,6,0,0,0,6,0.0,0.0,0.0,0,,,,,38.02394516,1
ojo_2025-11-25_16,31,none,,niblack,docling_rapidocr,qwen,6,0,0,0,6,0.0,0.0,0.0,0,,,,,8.554668255,1
ojo_2025-11-25_16,31,none,,none_color,docling_easyocr,qwen,6,1,1,0,5,1.0,0.166667,0.285714,1,2.6363636363636362,2.0,0.0,0.0,41.823681764,0
ojo_2025-11-25_16,31,none,,none_color,docling_rapidocr,qwen,6,0,0,0,6,0.0,0.0,0.0,0,,,,,18.574214153,4
ojo_2025-11-25_16,31,none,,none_grayscale,docling_easyocr,qwen,6,2,1,1,5,0.5,0.166667,0.25,2,0.5909090909090909,0.5,0.5,0.5,41.442125015,0
ojo_2025-11-25_16,31,none,,none_grayscale,docling_rapidocr,qwen,6,4,1,3,5,0.25,0.166667,0.2,4,0.42866161616161613,0.5,0.632096879650088,0.7307870370370371,16.937308006,0
ojo_2025-11-25_16,31,none,,otsu,docling_easyocr,qwen,6,1,0,1,6,0.0,0.0,0.0,1,0.0,0.0,1.0,1.0,49.974806076,0
ojo_2025-11-25_16,31,none,,otsu,docling_rapidocr,qwen,6,0,0,0,6,0.0,0.0,0.0,0,,,,,18.865233188,1
ojo_2025-11-25_16,32,none,,adaptive_gaussian,docling_easyocr,qwen,6,0,0,0,6,0.0,0.0,0.0,0,,,,,38.590304453,1
ojo_2025-11-25_16,32,none,,adaptive_gaussian,docling_rapidocr,qwen,6,0,0,0,6,0.0,0.0,0.0,0,,,,,10.007678825,1
ojo_2025-11-25_16,32,none,,adaptive_mean,docling_easyocr,qwen,6,0,0,0,6,0.0,0.0,0.0,0,,,,,34.377068121,1
ojo_2025-11-25_16,32,none,,adaptive_mean,docling_rapidocr,qwen,6,0,0,0,6,0.0,0.0,0.0,0,,,,,10.323800642,1
ojo_2025-11-25_16,32,none,,basic,docling_easyocr,qwen,6,0,0,0,6,0.0,0.0,0.0,0,,,,,39.499036484,1
ojo_2025-11-25_16,32,none,,basic,docling_rapidocr,qwen,6,0,0,0,6,0.0,0.0,0.0,0,,,,,10.261392288,1
ojo_2025-11-25_16,32,none,,niblack,docling_easyocr,qwen,6,0,0,0,6,0.0,0.0,0.0,0,,,,,38.863312788,1
ojo_2025-11-25_16,32,none,,niblack,docling_rapidocr,qwen,6,0,0,0,6,0.0,0.0,0.0,0,,,,,9.79687149,1
ojo_2025-11-25_16,32,none,,none_color,docling_easyocr,qwen,6,0,0,0,6,0.0,0.0,0.0,0,,,,,40.127116613,1
ojo_2025-11-25_16,32,none,,none_color,docling_rapidocr,qwen,6,0,0,0,6,0.0,0.0,0.0,0,,,,,19.601567201,1
ojo_2025-11-25_16,32,none,,none_grayscale,docling_easyocr,qwen,6,0,0,0,6,0.0,0.0,0.0,0,,,,,40.281567983,1
ojo_2025-11-25_16,32,none,,none_grayscale,docling_rapidocr,qwen,6,0,0,0,6,0.0,0.0,0.0,0,,,,,20.463199072,1
ojo_2025-11-25_16,32,none,,otsu,docling_easyocr,qwen,6,0,0,0,6,0.0,0.0,0.0,0,,,,,40.416602068,1
ojo_2025-11-25_16,32,none,,otsu,docling_rapidocr,qwen,6,1,1,0,5,1.0,0.166667,0.285714,1,2.6363636363636362,2.0,0.0,0.0,10.64258235,0
ojo_2025-11-25_16,33,none,,adaptive_gaussian,docling_easyocr,qwen,6,1,1,0,5,1.0,0.166667,0.285714,1,2.5454545454545454,2.0,0.0,0.0,39.083256655,0
ojo_2025-11-25_16,33,none,,adaptive_gaussian,docling_rapidocr,qwen,6,1,0,1,6,0.0,0.0,0.0,1,0.0,0.0,0.9992447129909365,1.0,10.513161831,0
ojo_2025-11-25_16,33,none,,adaptive_mean,docling_easyocr,qwen,6,0,0,0,6,0.0,0.0,0.0,0,,,,,38.391796045,1
ojo_2025-11-25_16,33,none,,adaptive_mean,docling_rapidocr,qwen,6,0,0,0,6,0.0,0.0,0.0,0,,,,,9.180003815,1
ojo_2025-11-25_16,33,none,,basic,docling_easyocr,qwen,6,1,0,1,6,0.0,0.0,0.0,1,0.0,0.0,0.9992447129909365,1.0,36.852228668,0
ojo_2025-11-25_16,33,none,,basic,docling_rapidocr,qwen,6,2,0,2,6,0.0,0.0,0.0,2,0.24528301886792453,0.375,0.9875513323805561,1.0,10.703726318,0
ojo_2025-11-25_16,33,none,,niblack,docling_easyocr,qwen,6,0,0,0,6,0.0,0.0,0.0,0,,,,,37.931937139,1
ojo_2025-11-25_16,33,none,,niblack,docling_rapidocr,qwen,6,0,0,0,6,0.0,0.0,0.0,0,,,,,9.827145021,1
ojo_2025-11-25_16,33,none,,none_color,docling_easyocr,qwen,6,2,1,1,5,0.5,0.166667,0.25,2,0.5,0.5,0.49962235649546827,0.5,41.925448921,0
ojo_2025-11-25_16,33,none,,none_color,docling_rapidocr,qwen,6,5,0,5,6,0.0,0.0,0.0,4,0.576388888888889,0.725,0.7749806214004611,0.8617718800058249,12.10444906,0
ojo_2025-11-25_16,33,none,,none_grayscale,docling_easyocr,qwen,6,2,1,1,5,0.5,0.166667,0.25,2,0.5,0.5,0.4981117824773414,0.5,41.078244474,0
ojo_2025-11-25_16,33,none,,none_grayscale,docling_rapidocr,qwen,6,0,0,0,6,0.0,0.0,0.0,0,,,,,14.412886646,4
ojo_2025-11-25_16,33,none,,otsu,docling_easyocr,qwen,6,1,0,1,6,0.0,0.0,0.0,1,0.0,0.0,0.9992447129909365,1.0,40.674966093,0
ojo_2025-11-25_16,33,none,,otsu,docling_rapidocr,qwen,6,0,0,0,6,0.0,0.0,0.0,0,,,,,10.970471617,1
ojo_2025-11-25_16,34,none,,adaptive_gaussian,docling_easyocr,qwen,6,1,1,0,5,1.0,0.166667,0.285714,1,2.6363636363636362,2.0,0.0,0.0,35.380757069,0
ojo_2025-11-25_16,34,none,,adaptive_gaussian,docling_rapidocr,qwen,6,0,0,0,6,0.0,0.0,0.0,0,,,,,10.447652792,1
ojo_2025-11-25_16,34,none,,adaptive_mean,docling_easyocr,qwen,6,0,0,0,6,0.0,0.0,0.0,0,,,,,38.530363535,1
ojo_2025-11-25_16,34,none,,adaptive_mean,docling_rapidocr,qwen,6,0,0,0,6,0.0,0.0,0.0,0,,,,,9.77816627,1
ojo_2025-11-25_16,34,none,,basic,docling_easyocr,qwen,6,0,0,0,6,0.0,0.0,0.0,0,,,,,49.118240425,1
ojo_2025-11-25_16,34,none,,basic,docling_rapidocr,qwen,6,2,0,2,6,0.0,0.0,0.0,2,0.07547169811320754,0.1875,0.9988738535014563,1.0,14.38700659,0
ojo_2025-11-25_16,34,none,,niblack,docling_easyocr,qwen,6,0,0,0,6,0.0,0.0,0.0,0,,,,,34.84779147,1
ojo_2025-11-25_16,34,none,,none_color,docling_easyocr,qwen,6,3,0,3,6,0.0,0.0,0.0,3,0.27169400254860854,0.6527777777777778,0.9972591859163938,1.0,43.605656693,0
ojo_2025-11-25_16,34,none,,none_color,docling_rapidocr,qwen,6,0,0,0,6,0.0,0.0,0.0,0,,,,,19.048113654,6
ojo_2025-11-25_16,34,none,,none_grayscale,docling_easyocr,qwen,6,3,0,3,6,0.0,0.0,0.0,3,0.16736547868623342,0.5416666666666666,0.9860336863361251,1.0,44.446419308,0
ojo_2025-11-25_16,34,none,,none_grayscale,docling_rapidocr,qwen,6,0,0,0,6,0.0,0.0,0.0,0,,,,,16.027453968,5
ojo_2025-11-25_16,34,none,,otsu,docling_easyocr,qwen,6,1,0,1,6,0.0,0.0,0.0,1,0.029411764705882353,0.16666666666666666,0.9992447129909365,0.9958333333333333,47.542385481,0
ojo_2025-11-25_16,34,none,,otsu,docling_rapidocr,qwen,6,2,0,2,6,0.0,0.0,0.0,2,0.06944444444444445,0.25,0.941701671284297,0.9954128440366973,11.817330979,0
ojo_2025-11-25_16,35,none,,adaptive_gaussian,docling_easyocr,qwen,6,0,0,0,6,0.0,0.0,0.0,0,,,,,33.113641476,1
ojo_2025-11-25_16,35,none,,adaptive_gaussian,docling_rapidocr,qwen,6,1,1,0,5,1.0,0.166667,0.285714,1,2.6363636363636362,2.0,0.0,0.0,9.795078015,0
ojo_2025-11-25_16,35,none,,adaptive_mean,docling_easyocr,qwen,6,0,0,0,6,0.0,0.0,0.0,0,,,,,32.975900864,1
ojo_2025-11-25_16,35,none,,adaptive_mean,docling_rapidocr,qwen,6,0,0,0,6,0.0,0.0,0.0,0,,,,,10.565025782,1
ojo_2025-11-25_16,35,none,,basic,docling_easyocr,qwen,6,0,0,0,6,0.0,0.0,0.0,0,,,,,34.411170075,1
ojo_2025-11-25_16,35,none,,basic,docling_rapidocr,qwen,6,0,0,0,6,0.0,0.0,0.0,0,,,,,10.206708977,1
ojo_2025-11-25_16,35,none,,niblack,docling_easyocr,qwen,6,0,0,0,6,0.0,0.0,0.0,0,,,,,38.412054264,1
ojo_2025-11-25_16,35,none,,niblack,docling_rapidocr,qwen,6,0,0,0,6,0.0,0.0,0.0,0,,,,,9.366157496,1
ojo_2025-11-25_16,35,none,,none_color,docling_easyocr,qwen,6,1,0,1,6,0.0,0.0,0.0,1,0.0,0.0,0.9561933534743202,0.9791666666666666,40.093448231,0
ojo_2025-11-25_16,35,none,,none_color,docling_rapidocr,qwen,6,3,1,2,5,0.333333,0.166667,0.222222,3,2.096240179573513,1.7333333333333334,0.5810520855438447,0.6604938271604938,10.646120856,0
ojo_2025-11-25_16,35,none,,none_grayscale,docling_easyocr,qwen,6,1,0,1,6,0.0,0.0,0.0,1,0.0,0.0,0.9561933534743202,0.9791666666666666,37.431655714,0
ojo_2025-11-25_16,35,none,,none_grayscale,docling_rapidocr,qwen,6,3,1,2,5,0.333333,0.166667,0.222222,3,2.096240179573513,1.7333333333333334,0.5810520855438447,0.6604938271604938,11.809699128,0
ojo_2025-11-25_16,35,none,,otsu,docling_easyocr,qwen,6,1,0,1,6,0.0,0.0,0.0,1,0.0,0.0,0.9984894259818731,1.0,39.531986067,0
ojo_2025-11-25_16,35,none,,otsu,docling_rapidocr,qwen,6,0,0,0,6,0.0,0.0,0.0,0,,,,,10.673508236,1
ojo_2025-11-25_16,36,none,,adaptive_gaussian,docling_easyocr,qwen,6,0,0,0,6,0.0,0.0,0.0,0,,,,,39.339611838,1
ojo_2025-11-25_16,36,none,,adaptive_gaussian,docling_rapidocr,qwen,6,1,1,0,5,1.0,0.166667,0.285714,1,2.6363636363636362,2.0,0.0,0.0,9.70023782,0
ojo_2025-11-25_16,36,none,,adaptive_mean,docling_easyocr,qwen,6,0,0,0,6,0.0,0.0,0.0,0,,,,,39.258057902,1
ojo_2025-11-25_16,36,none,,adaptive_mean,docling_rapidocr,qwen,6,0,0,0,6,0.0,0.0,0.0,0,,,,,8.375781367,1
ojo_2025-11-25_16,36,none,,basic,docling_easyocr,qwen,6,1,0,1,6,0.0,0.0,0.0,1,0.0,0.0,0.9992447129909365,1.0,37.961553975,0
ojo_2025-11-25_16,36,none,,basic,docling_rapidocr,qwen,6,0,0,0,6,0.0,0.0,0.0,0,,,,,12.686588927,1
ojo_2025-11-25_16,36,none,,niblack,docling_easyocr,qwen,6,0,0,0,6,0.0,0.0,0.0,0,,,,,38.770891081,1
ojo_2025-11-25_16,36,none,,niblack,docling_rapidocr,qwen,6,0,0,0,6,0.0,0.0,0.0,0,,,,,9.882942807,1
ojo_2025-11-25_16,36,none,,none_color,docling_easyocr,qwen,6,1,0,1,6,0.0,0.0,0.0,1,0.0,0.0,0.9992447129909365,1.0,40.246788187,0
ojo_2025-11-25_16,36,none,,none_color,docling_rapidocr,qwen,6,3,0,3,6,0.0,0.0,0.0,3,0.06516422082459818,0.2916666666666667,0.9689921685240243,0.9969418960244649,19.886515303,0
ojo_2025-11-25_16,36,none,,none_grayscale,docling_easyocr,qwen,6,1,0,1,6,0.0,0.0,0.0,1,0.0,0.0,0.9992447129909365,1.0,36.588252468,0
ojo_2025-11-25_16,36,none,,none_grayscale,docling_rapidocr,qwen,6,3,0,3,6,0.0,0.0,0.0,3,0.04961565338923829,0.25,0.9101114000524001,0.9958333333333332,19.561593218,0
ojo_2025-11-25_16,36,none,,otsu,docling_easyocr,qwen,6,1,1,0,5,1.0,0.166667,0.285714,1,2.6363636363636362,2.0,0.0,0.0,42.222980734,0
ojo_2025-11-25_16,36,none,,otsu,docling_rapidocr,qwen,6,0,0,0,6,0.0,0.0,0.0,0,,,,,16.130511042,1
ojo_2025-11-25_16,37,none,,adaptive_gaussian,docling_easyocr,qwen,6,0,0,0,6,0.0,0.0,0.0,0,,,,,33.319026612,1
ojo_2025-11-25_16,37,none,,adaptive_gaussian,docling_rapidocr,qwen,6,0,0,0,6,0.0,0.0,0.0,0,,,,,9.856398962,1
ojo_2025-11-25_16,37,none,,adaptive_mean,docling_easyocr,qwen,6,0,0,0,6,0.0,0.0,0.0,0,,,,,41.398680113,1
ojo_2025-11-25_16,37,none,,adaptive_mean,docling_rapidocr,qwen,6,1,1,0,5,1.0,0.166667,0.285714,1,2.6363636363636362,2.0,0.0,0.0,10.083016775,0
ojo_2025-11-25_16,37,none,,basic,docling_easyocr,qwen,6,1,0,1,6,0.0,0.0,0.0,1,0.029411764705882353,0.16666666666666666,0.9735649546827795,0.9875,57.704778906,0
ojo_2025-11-25_16,37,none,,basic,docling_rapidocr,qwen,6,3,0,3,6,0.0,0.0,0.0,3,0.20213137665967854,0.5833333333333334,0.9965084215840313,1.0,16.763164994,0
ojo_2025-11-25_16,37,none,,none_color,docling_easyocr,qwen,6,1,0,1,6,0.0,0.0,0.0,1,0.0,0.0,0.9992447129909365,1.0,42.008432862,0
ojo_2025-11-25_16,37,none,,none_color,docling_rapidocr,qwen,6,3,0,3,6,0.0,0.0,0.0,3,0.034067085953878404,0.20833333333333334,0.9604411864371541,0.9986111111111112,17.883180376,0
ojo_2025-11-25_16,37,none,,none_grayscale,docling_easyocr,qwen,6,1,0,1,6,0.0,0.0,0.0,1,0.0,0.0,0.9977341389728097,1.0,43.046994921,0
ojo_2025-11-25_16,37,none,,none_grayscale,docling_rapidocr,qwen,6,3,0,3,6,0.0,0.0,0.0,3,0.046645702306079666,0.2916666666666667,0.9266469540964964,0.9715921961717068,19.247914311,0
ojo_2025-11-25_16,37,none,,otsu,docling_easyocr,qwen,6,0,0,0,6,0.0,0.0,0.0,0,,,,,59.851898838,1
ojo_2025-11-25_16,37,none,,otsu,docling_rapidocr,qwen,6,0,0,0,6,0.0,0.0,0.0,0,,,,,19.082806517,1
ojo_2025-11-25_16,38,none,,adaptive_gaussian,docling_easyocr,qwen,6,1,0,1,6,0.0,0.0,0.0,1,0.29411764705882354,0.3333333333333333,0.9992447129909365,1.0,38.974418953,0
ojo_2025-11-25_16,38,none,,adaptive_gaussian,docling_rapidocr,qwen,6,1,1,0,5,1.0,0.166667,0.285714,1,2.6363636363636362,2.0,0.0,0.0,10.389452532,0
ojo_2025-11-25_16,38,none,,adaptive_mean,docling_easyocr,qwen,6,0,0,0,6,0.0,0.0,0.0,0,,,,,35.164252117,1
ojo_2025-11-25_16,38,none,,adaptive_mean,docling_rapidocr,qwen,6,0,0,0,6,0.0,0.0,0.0,0,,,,,10.207062319,1
ojo_2025-11-25_16,38,none,,basic,docling_easyocr,qwen,6,0,0,0,6,0.0,0.0,0.0,0,,,,,40.424352575,1
ojo_2025-11-25_16,38,none,,basic,docling_rapidocr,qwen,6,2,1,1,5,0.5,0.166667,0.25,2,1.8181818181818181,1.5,0.41706161137440756,0.5,11.088008095,0
ojo_2025-11-25_16,38,none,,none_color,docling_easyocr,qwen,6,1,1,0,5,1.0,0.166667,0.285714,1,2.6363636363636362,2.0,0.0,0.0,39.873733212,0
ojo_2025-11-25_16,38,none,,none_color,docling_rapidocr,qwen,6,3,0,3,6,0.0,0.0,0.0,3,0.08828667735437991,0.3055555555555555,0.9748142529928644,1.0,20.202586342,0
ojo_2025-11-25_16,38,none,,none_grayscale,docling_easyocr,qwen,6,1,0,1,6,0.0,0.0,0.0,1,0.0,0.0,0.974320241691843,0.9833333333333333,41.60670941,0
ojo_2025-11-25_16,38,none,,none_grayscale,docling_rapidocr,qwen,6,3,0,3,6,0.0,0.0,0.0,3,0.08828667735437991,0.3055555555555555,0.9748142529928644,1.0,19.76256292,0
ojo_2025-11-25_16,38,none,,otsu,docling_easyocr,qwen,6,1,1,0,5,1.0,0.166667,0.285714,1,2.6363636363636362,2.0,0.0,0.0,35.318963219,0
ojo_2025-11-25_16,38,none,,otsu,docling_rapidocr,qwen,6,0,0,0,6,0.0,0.0,0.0,0,,,,,14.219294239,1
ojo_2025-11-25_16,39,none,,adaptive_gaussian,docling_easyocr,qwen,6,0,0,0,6,0.0,0.0,0.0,0,,,,,46.512807341,1
ojo_2025-11-25_16,39,none,,adaptive_gaussian,docling_rapidocr,qwen,6,1,1,0,5,1.0,0.166667,0.285714,1,2.6363636363636362,2.0,0.0,0.0,16.222052069,0
ojo_2025-11-25_16,39,none,,adaptive_mean,docling_easyocr,qwen,6,0,0,0,6,0.0,0.0,0.0,0,,,,,46.483523817,1
ojo_2025-11-25_16,39,none,,adaptive_mean,docling_rapidocr,qwen,6,1,1,0,5,1.0,0.166667,0.285714,1,2.6363636363636362,2.0,0.0,0.0,16.825816841,0
ojo_2025-11-25_16,39,none,,basic,docling_easyocr,qwen,6,0,0,0,6,0.0,0.0,0.0,0,,,,,73.448652332,1
ojo_2025-11-25_16,39,none,,basic,docling_rapidocr,qwen,6,0,0,0,6,0.0,0.0,0.0,0,,,,,23.998371428,1
ojo_2025-11-25_16,39,none,,niblack,docling_easyocr,qwen,6,0,0,0,6,0.0,0.0,0.0,0,,,,,45.846092495,1
ojo_2025-11-25_16,39,none,,niblack,docling_rapidocr,qwen,6,0,0,0,6,0.0,0.0,0.0,0,,,,,16.220673117,1
ojo_2025-11-25_16,39,none,,none_color,docling_easyocr,qwen,6,5,1,4,5,0.2,0.166667,0.181818,4,0.2768129407280351,0.4375,0.7432724104030745,0.75,75.910431927,0
ojo_2025-11-25_16,39,none,,none_color,docling_rapidocr,qwen,6,0,0,0,6,0.0,0.0,0.0,0,,,,,27.277898377,1
ojo_2025-11-25_16,39,none,,none_grayscale,docling_easyocr,qwen,6,4,1,3,5,0.25,0.166667,0.2,4,0.3361563750714694,0.5208333333333334,0.75,0.75,76.03412277,0
ojo_2025-11-25_16,39,none,,none_grayscale,docling_rapidocr,qwen,6,0,0,0,6,0.0,0.0,0.0,0,,,,,27.279668873,4
ojo_2025-11-25_16,39,none,,otsu,docling_easyocr,qwen,6,2,1,1,5,0.5,0.166667,0.25,2,0.45454545454545453,0.5,0.5,0.5,73.841990132,0
ojo_2025-11-25_16,39,none,,otsu,docling_rapidocr,qwen,6,0,0,0,6,0.0,0.0,0.0,0,,,,,26.819975037,4
ojo_2025-11-25_16,40,none,,adaptive_gaussian,docling_easyocr,qwen,6,0,0,0,6,0.0,0.0,0.0,0,,,,,46.75657453,1
ojo_2025-11-25_16,40,none,,adaptive_gaussian,docling_rapidocr,qwen,6,1,1,0,5,1.0,0.166667,0.285714,1,2.6363636363636362,2.0,0.0,0.0,16.459211964,0
ojo_2025-11-25_16,40,none,,adaptive_mean,docling_easyocr,qwen,6,0,0,0,6,0.0,0.0,0.0,0,,,,,41.099801439,1
ojo_2025-11-25_16,40,none,,adaptive_mean,docling_rapidocr,qwen,6,1,1,0,5,1.0,0.166667,0.285714,1,2.6363636363636362,2.0,0.0,0.0,17.039540428,0
ojo_2025-11-25_16,40,none,,basic,docling_easyocr,qwen,6,0,0,0,6,0.0,0.0,0.0,0,,,,,74.958392851,1
ojo_2025-11-25_16,40,none,,basic,docling_rapidocr,qwen,6,1,0,1,6,0.0,0.0,0.0,1,1.0,1.0,0.5703592814371258,0.8532110091743119,27.039196245,0
ojo_2025-11-25_16,40,none,,niblack,docling_easyocr,qwen,6,0,0,0,6,0.0,0.0,0.0,0,,,,,45.548560818,1
ojo_2025-11-25_16,40,none,,niblack,docling_rapidocr,qwen,6,0,0,0,6,0.0,0.0,0.0,0,,,,,16.819143255,1
ojo_2025-11-25_16,40,none,,none_color,docling_easyocr,qwen,6,3,1,2,5,0.333333,0.166667,0.222222,3,1.0117368655104504,0.9583333333333334,0.6328328417791284,0.6574357231849587,75.427195542,0
ojo_2025-11-25_16,40,none,,none_color,docling_rapidocr,qwen,6,3,0,3,6,0.0,0.0,0.0,3,0.9060200600156204,1.0,1.2330332031072453,1.448839053120399,27.066206686,0
ojo_2025-11-25_16,40,none,,none_grayscale,docling_easyocr,qwen,6,3,1,2,5,0.333333,0.166667,0.222222,3,1.0054475573343498,0.875,0.663678612923407,0.6574357231849587,73.159067146,0
ojo_2025-11-25_16,40,none,,none_grayscale,docling_rapidocr,qwen,6,1,0,1,6,0.0,0.0,0.0,1,0.9705882352941176,1.0,1.7945619335347431,1.875,24.728598826,0
ojo_2025-11-25_16,40,none,,otsu,docling_easyocr,qwen,6,2,1,1,5,0.5,0.166667,0.25,1,2.6363636363636362,2.0,0.0,0.0,74.430492228,0
ojo_2025-11-25_16,40,none,,otsu,docling_rapidocr,qwen,6,1,0,1,6,0.0,0.0,0.0,1,0.0,0.0,0.6946107784431138,0.8807339449541285,25.424438065,0
ojo_2025-11-25_16,41,none,,adaptive_gaussian,docling_easyocr,qwen,6,0,0,0,6,0.0,0.0,0.0,0,,,,,42.844659769,1
ojo_2025-11-25_16,41,none,,adaptive_gaussian,docling_rapidocr,qwen,6,1,0,1,6,0.0,0.0,0.0,1,0.029411764705882353,0.16666666666666666,0.974320241691843,0.9875,16.749493801,0
ojo_2025-11-25_16,41,none,,adaptive_mean,docling_easyocr,qwen,6,0,0,0,6,0.0,0.0,0.0,0,,,,,46.145448172,1
ojo_2025-11-25_16,41,none,,adaptive_mean,docling_rapidocr,qwen,6,1,1,0,5,1.0,0.166667,0.285714,1,2.6363636363636362,2.0,0.0,0.0,16.687167132,0
ojo_2025-11-25_16,41,none,,basic,docling_easyocr,qwen,6,0,0,0,6,0.0,0.0,0.0,0,,,,,53.6053794,1
ojo_2025-11-25_16,41,none,,basic,docling_rapidocr,qwen,6,4,1,3,5,0.25,0.166667,0.2,4,3.6346245473603966,3.0833333333333335,0.7178934100955324,0.7489583333333334,21.885259209,0
ojo_2025-11-25_16,41,none,,niblack,docling_rapidocr,qwen,6,0,0,0,6,0.0,0.0,0.0,0,,,,,16.359720183,1
ojo_2025-11-25_16,41,none,,none_color,docling_easyocr,qwen,6,2,0,2,6,0.0,0.0,0.0,2,0.0,0.0,0.9323972900121208,0.9583142201834862,75.990807114,0
ojo_2025-11-25_16,41,none,,none_color,docling_rapidocr,qwen,6,0,0,0,6,0.0,0.0,0.0,0,,,,,26.43415576,3
ojo_2025-11-25_16,41,none,,none_grayscale,docling_easyocr,qwen,6,2,0,2,6,0.0,0.0,0.0,2,0.0,0.0,0.9323972900121208,0.9583142201834862,75.415915308,0
ojo_2025-11-25_16,41,none,,none_grayscale,docling_rapidocr,qwen,6,0,0,0,6,0.0,0.0,0.0,0,,,,,26.983721552,3
ojo_2025-11-25_16,41,none,,otsu,docling_easyocr,qwen,6,0,0,0,6,0.0,0.0,0.0,0,,,,,68.335334767,1
ojo_2025-11-25_16,41,none,,otsu,docling_rapidocr,qwen,6,1,0,1,6,0.0,0.0,0.0,1,0.03773584905660377,0.25,0.6032934131736527,0.8348623853211009,27.917525758,0
ojo_2025-11-25_16,42,none,,adaptive_gaussian,docling_easyocr,qwen,6,0,0,0,6,0.0,0.0,0.0,0,,,,,35.554019219,1
ojo_2025-11-25_16,42,none,,adaptive_gaussian,docling_rapidocr,qwen,6,0,0,0,6,0.0,0.0,0.0,0,,,,,9.97455383,1
ojo_2025-11-25_16,42,none,,adaptive_mean,docling_easyocr,qwen,6,0,0,0,6,0.0,0.0,0.0,0,,,,,40.260492808,1
ojo_2025-11-25_16,42,none,,adaptive_mean,docling_rapidocr,qwen,6,0,0,0,6,0.0,0.0,0.0,0,,,,,9.290672785,1
ojo_2025-11-25_16,42,none,,basic,docling_easyocr,qwen,6,0,0,0,6,0.0,0.0,0.0,0,,,,,67.910562854,1
ojo_2025-11-25_16,42,none,,basic,docling_rapidocr,qwen,6,1,0,1,6,0.0,0.0,0.0,1,1.4615384615384615,1.5,0.7231638418079096,0.9262295081967213,18.354453664,0
ojo_2025-11-25_16,42,none,,niblack,docling_rapidocr,qwen,6,0,0,0,6,0.0,0.0,0.0,0,,,,,9.679766246,1
ojo_2025-11-25_16,42,none,,none_color,docling_easyocr,qwen,6,1,0,1,6,0.0,0.0,0.0,1,0.3235294117647059,0.5,0.9954682779456193,1.0,60.365532737,0
ojo_2025-11-25_16,42,none,,none_color,docling_rapidocr,qwen,6,0,0,0,6,0.0,0.0,0.0,0,,,,,20.060462575,1
ojo_2025-11-25_16,42,none,,none_grayscale,docling_easyocr,qwen,6,0,0,0,6,0.0,0.0,0.0,0,,,,,67.902273516,1
ojo_2025-11-25_16,42,none,,none_grayscale,docling_rapidocr,qwen,6,0,0,0,6,0.0,0.0,0.0,0,,,,,16.965521197,3
ojo_2025-11-25_16,42,none,,otsu,docling_easyocr,qwen,6,0,0,0,6,0.0,0.0,0.0,0,,,,,61.929312878,1
ojo_2025-11-25_16,42,none,,otsu,docling_rapidocr,qwen,6,1,0,1,6,0.0,0.0,0.0,1,0.49056603773584906,0.875,0.5808383233532934,0.908256880733945,19.077513867,0
ojo_2025-11-25_16,43,none,,adaptive_gaussian,docling_easyocr,qwen,6,0,0,0,6,0.0,0.0,0.0,0,,,,,38.842356761,1
ojo_2025-11-25_16,43,none,,adaptive_gaussian,docling_rapidocr,qwen,6,0,0,0,6,0.0,0.0,0.0,0,,,,,9.639325459,1
ojo_2025-11-25_16,43,none,,adaptive_mean,docling_easyocr,qwen,6,0,0,0,6,0.0,0.0,0.0,0,,,,,38.591096003,1
ojo_2025-11-25_16,43,none,,adaptive_mean,docling_rapidocr,qwen,6,0,0,0,6,0.0,0.0,0.0,0,,,,,9.257485469,1
ojo_2025-11-25_16,43,none,,basic,docling_easyocr,qwen,6,0,0,0,6,0.0,0.0,0.0,0,,,,,56.78935998,1
ojo_2025-11-25_16,43,none,,basic,docling_rapidocr,qwen,6,0,0,0,6,0.0,0.0,0.0,0,,,,,18.444067889,1
ojo_2025-11-25_16,43,none,,niblack,docling_rapidocr,qwen,6,0,0,0,6,0.0,0.0,0.0,0,,,,,9.77780666,1
ojo_2025-11-25_16,43,none,,none_color,docling_easyocr,qwen,6,0,0,0,6,0.0,0.0,0.0,0,,,,,66.031134062,1
ojo_2025-11-25_16,43,none,,none_color,docling_rapidocr,qwen,6,2,1,1,5,0.5,0.166667,0.25,2,0.36163522012578614,0.6875,0.4664447224953079,0.9032449881073734,19.811239653,0
ojo_2025-11-25_16,43,none,,none_grayscale,docling_easyocr,qwen,6,0,0,0,6,0.0,0.0,0.0,0,,,,,56.048020535,1
ojo_2025-11-25_16,43,none,,none_grayscale,docling_rapidocr,qwen,6,3,0,3,6,0.0,0.0,0.0,3,5.846933290329517,5.75,0.5978080435806017,0.9034181321242033,19.078556472,0
ojo_2025-11-25_16,43,none,,otsu,docling_easyocr,qwen,6,0,0,0,6,0.0,0.0,0.0,0,,,,,63.999148375,1
ojo_2025-11-25_16,43,none,,otsu,docling_rapidocr,qwen,6,0,0,0,6,0.0,0.0,0.0,0,,,,,18.770689017,1
ojo_2025-11-25_16,44,none,,adaptive_gaussian,docling_easyocr,qwen,6,0,0,0,6,0.0,0.0,0.0,0,,,,,38.755337079,1
ojo_2025-11-25_16,44,none,,adaptive_gaussian,docling_rapidocr,qwen,6,0,0,0,6,0.0,0.0,0.0,0,,,,,10.204540093,1
ojo_2025-11-25_16,44,none,,adaptive_mean,docling_easyocr,qwen,6,0,0,0,6,0.0,0.0,0.0,0,,,,,39.761686642,1
ojo_2025-11-25_16,44,none,,adaptive_mean,docling_rapidocr,qwen,6,0,0,0,6,0.0,0.0,0.0,0,,,,,9.992647965,1
ojo_2025-11-25_16,44,none,,basic,docling_easyocr,qwen,6,0,0,0,6,0.0,0.0,0.0,0,,,,,58.162970715,1
ojo_2025-11-25_16,44,none,,basic,docling_rapidocr,qwen,6,0,0,0,6,0.0,0.0,0.0,0,,,,,13.060170823,1
ojo_2025-11-25_16,44,none,,niblack,docling_rapidocr,qwen,6,0,0,0,6,0.0,0.0,0.0,0,,,,,10.112930127,1
ojo_2025-11-25_16,44,none,,none_color,docling_easyocr,qwen,6,0,0,0,6,0.0,0.0,0.0,0,,,,,69.458349877,1
ojo_2025-11-25_16,44,none,,none_color,docling_rapidocr,qwen,6,3,0,3,6,0.0,0.0,0.0,3,0.3477000863238377,0.6805555555555557,0.49645889714911157,0.8891437308868501,19.550534421,0
ojo_2025-11-25_16,44,none,,none_grayscale,docling_easyocr,qwen,6,0,0,0,6,0.0,0.0,0.0,0,,,,,71.463816338,1
ojo_2025-11-25_16,44,none,,none_grayscale,docling_rapidocr,qwen,6,3,0,3,6,0.0,0.0,0.0,3,0.3477000863238377,0.6805555555555557,0.49645889714911157,0.8891437308868501,18.956140929,0
ojo_2025-11-25_16,44,none,,otsu,docling_easyocr,qwen,6,0,0,0,6,0.0,0.0,0.0,0,,,,,60.042963439,1
ojo_2025-11-25_16,44,none,,otsu,docling_rapidocr,qwen,6,2,0,2,6,0.0,0.0,0.0,2,0.5091719077568134,0.9375,0.8614867280364644,1.1391437308868502,16.949492865,0
ojo_2025-11-25_16,45,none,,adaptive_gaussian,docling_easyocr,qwen,6,0,0,0,6,0.0,0.0,0.0,0,,,,,38.964816619,1
ojo_2025-11-25_16,45,none,,adaptive_mean,docling_easyocr,qwen,6,0,0,0,6,0.0,0.0,0.0,0,,,,,38.716718007,1
ojo_2025-11-25_16,45,none,,basic,docling_easyocr,qwen,6,0,0,0,6,0.0,0.0,0.0,0,,,,,38.359979533,1
ojo_2025-11-25_16,45,none,,basic,docling_rapidocr,qwen,6,0,0,0,6,0.0,0.0,0.0,0,,,,,9.211934231,1
ojo_2025-11-25_16,45,none,,niblack,docling_easyocr,qwen,6,0,0,0,6,0.0,0.0,0.0,0,,,,,39.683096995,1
ojo_2025-11-25_16,45,none,,none_color,docling_easyocr,qwen,6,0,0,0,6,0.0,0.0,0.0,0,,,,,38.565403603,1
ojo_2025-11-25_16,45,none,,none_grayscale,docling_easyocr,qwen,6,0,0,0,6,0.0,0.0,0.0,0,,,,,35.334981822,1
ojo_2025-11-25_16,45,none,,otsu,docling_easyocr,qwen,6,0,0,0,6,0.0,0.0,0.0,0,,,,,38.51838424,1
ojo_2025-11-25_16,45,none,,otsu,docling_rapidocr,qwen,6,0,0,0,6,0.0,0.0,0.0,0,,,,,8.628884098,1
ojo_2025-11-25_16,45,none,,yannihorne,docling_easyocr,qwen,6,0,0,0,6,0.0,0.0,0.0,0,,,,,38.228264592,1
ojo_2025-11-25_16,46,none,,adaptive_gaussian,docling_easyocr,qwen,6,0,0,0,6,0.0,0.0,0.0,0,,,,,35.407714056,1
ojo_2025-11-25_16,46,none,,adaptive_gaussian,docling_rapidocr,qwen,6,0,0,0,6,0.0,0.0,0.0,0,,,,,8.330667424,1
ojo_2025-11-25_16,46,none,,adaptive_mean,docling_easyocr,qwen,6,0,0,0,6,0.0,0.0,0.0,0,,,,,39.812827681,1
ojo_2025-11-25_16,46,none,,basic,docling_easyocr,qwen,6,0,0,0,6,0.0,0.0,0.0,0,,,,,38.560339472,1
ojo_2025-11-25_16,46,none,,basic,docling_rapidocr,qwen,6,0,0,0,6,0.0,0.0,0.0,0,,,,,9.466184161,1
ojo_2025-11-25_16,46,none,,niblack,docling_easyocr,qwen,6,0,0,0,6,0.0,0.0,0.0,0,,,,,38.687796343,1
ojo_2025-11-25_16,46,none,,none_color,docling_easyocr,qwen,6,0,0,0,6,0.0,0.0,0.0,0,,,,,39.546200774,1
ojo_2025-11-25_16,46,none,,none_grayscale,docling_easyocr,qwen,6,0,0,0,6,0.0,0.0,0.0,0,,,,,39.094359181,1
ojo_2025-11-25_16,46,none,,otsu,docling_easyocr,qwen,6,0,0,0,6,0.0,0.0,0.0,0,,,,,38.846997044,1
ojo_2025-11-25_16,46,none,,otsu,docling_rapidocr,qwen,6,0,0,0,6,0.0,0.0,0.0,0,,,,,8.897663615,1
ojo_2025-11-25_16,46,none,,yannihorne,docling_easyocr,qwen,6,0,0,0,6,0.0,0.0,0.0,0,,,,,38.822848818,1
ojo_2025-11-25_16,47,none,,adaptive_gaussian,docling_easyocr,qwen,6,0,0,0,6,0.0,0.0,0.0,0,,,,,39.394295454,1
ojo_2025-11-25_16,47,none,,adaptive_mean,docling_easyocr,qwen,6,0,0,0,6,0.0,0.0,0.0,0,,,,,38.07797575,1
ojo_2025-11-25_16,47,none,,basic,docling_easyocr,qwen,6,0,0,0,6,0.0,0.0,0.0,0,,,,,36.648914669,1
ojo_2025-11-25_16,47,none,,basic,docling_rapidocr,qwen,6,0,0,0,6,0.0,0.0,0.0,0,,,,,10.020647143,1
ojo_2025-11-25_16,47,none,,niblack,docling_easyocr,qwen,6,0,0,0,6,0.0,0.0,0.0,0,,,,,38.669467987,1
ojo_2025-11-25_16,47,none,,none_color,docling_easyocr,qwen,6,0,0,0,6,0.0,0.0,0.0,0,,,,,38.898446892,1
ojo_2025-11-25_16,47,none,,none_grayscale,docling_easyocr,qwen,6,0,0,0,6,0.0,0.0,0.0,0,,,,,35.969381903,1
ojo_2025-11-25_16,47,none,,otsu,docling_easyocr,qwen,6,0,0,0,6,0.0,0.0,0.0,0,,,,,38.656863068,1
ojo_2025-11-25_16,47,none,,otsu,docling_rapidocr,qwen,6,0,0,0,6,0.0,0.0,0.0,0,,,,,10.079442833,1
ojo_2025-11-25_16,47,none,,yannihorne,docling_easyocr,qwen,6,0,0,0,6,0.0,0.0,0.0,0,,,,,37.904441689,1
ojo_2025-11-25_16,48,none,,adaptive_gaussian,docling_easyocr,qwen,6,0,0,0,6,0.0,0.0,0.0,0,,,,,61.916048867,1
ojo_2025-11-25_16,48,none,,adaptive_gaussian,docling_rapidocr,qwen,6,1,1,0,5,1.0,0.166667,0.285714,1,2.6363636363636362,2.0,0.0,0.0,31.646885496,0
ojo_2025-11-25_16,48,none,,adaptive_mean,docling_easyocr,qwen,6,0,0,0,6,0.0,0.0,0.0,0,,,,,56.568904429,1
ojo_2025-11-25_16,48,none,,adaptive_mean,docling_rapidocr,qwen,6,1,1,0,5,1.0,0.166667,0.285714,1,2.4545454545454546,2.0,0.0,0.0,31.267636328,0
ojo_2025-11-25_16,48,none,,basic,docling_easyocr,qwen,6,1,1,0,5,1.0,0.166667,0.285714,1,2.6363636363636362,2.0,0.0,0.0,61.821443753,0
ojo_2025-11-25_16,48,none,,basic,docling_rapidocr,qwen,6,0,0,0,6,0.0,0.0,0.0,0,,,,,31.895638422,1
ojo_2025-11-25_16,48,none,,niblack,docling_easyocr,qwen,6,0,0,0,6,0.0,0.0,0.0,0,,,,,55.425442786,1
ojo_2025-11-25_16,48,none,,none_color,docling_easyocr,qwen,6,1,0,1,6,0.0,0.0,0.0,1,0.0,0.0,0.972809667673716,0.9833333333333333,62.187695221,0
ojo_2025-11-25_16,48,none,,none_color,docling_rapidocr,qwen,6,4,1,3,5,0.25,0.166667,0.2,4,0.3771679054697923,0.46875,0.75,0.75,38.102698998,0
ojo_2025-11-25_16,48,none,,none_grayscale,docling_easyocr,qwen,6,1,0,1,6,0.0,0.0,0.0,1,0.0,0.0,0.972809667673716,0.9833333333333333,61.179806189,0
ojo_2025-11-25_16,48,none,,none_grayscale,docling_rapidocr,qwen,6,4,1,3,5,0.25,0.166667,0.2,4,0.3771679054697923,0.46875,0.75,0.75,38.606753544,0
ojo_2025-11-25_16,48,none,,otsu,docling_easyocr,qwen,6,1,0,1,6,0.0,0.0,0.0,1,0.0,0.0,0.9962235649546828,1.0,64.996068911,0
ojo_2025-11-25_16,48,none,,otsu,docling_rapidocr,qwen,6,0,0,0,6,0.0,0.0,0.0,0,,,,,31.639123158,1
ojo_2025-11-25_16,49,none,,adaptive_gaussian,docling_easyocr,qwen,6,0,0,0,6,0.0,0.0,0.0,0,,,,,60.952192005,1
ojo_2025-11-25_16,49,none,,adaptive_gaussian,docling_rapidocr,qwen,6,1,1,0,5,1.0,0.166667,0.285714,1,2.4545454545454546,2.0,0.0,0.0,31.263951954,0
ojo_2025-11-25_16,49,none,,adaptive_mean,docling_easyocr,qwen,6,0,0,0,6,0.0,0.0,0.0,0,,,,,59.466008528,1
ojo_2025-11-25_16,49,none,,adaptive_mean,docling_rapidocr,qwen,6,1,1,0,5,1.0,0.166667,0.285714,1,2.4545454545454546,2.0,0.0,0.0,31.033334597,0
ojo_2025-11-25_16,49,none,,basic,docling_easyocr,qwen,6,0,0,0,6,0.0,0.0,0.0,0,,,,,73.576673777,1
ojo_2025-11-25_16,49,none,,basic,docling_rapidocr,qwen,6,0,0,0,6,0.0,0.0,0.0,0,,,,,34.469154389,1
ojo_2025-11-25_16,49,none,,niblack,docling_easyocr,qwen,6,0,0,0,6,0.0,0.0,0.0,0,,,,,59.931862757,1
ojo_2025-11-25_16,49,none,,niblack,docling_rapidocr,qwen,6,1,0,1,6,0.0,0.0,0.0,1,1.0,1.2,0.8767772511848341,0.9428571428571428,30.92944114,0
ojo_2025-11-25_16,49,none,,none_color,docling_easyocr,qwen,6,1,0,1,6,0.0,0.0,0.0,1,0.0,0.0,0.9992447129909365,1.0,61.525129826,0
ojo_2025-11-25_16,49,none,,none_color,docling_rapidocr,qwen,6,2,0,2,6,0.0,0.0,0.0,2,0.37919287211740044,0.7291666666666667,0.9507239252837609,1.0,40.048734696,0
ojo_2025-11-25_16,49,none,,none_grayscale,docling_easyocr,qwen,6,1,0,1,6,0.0,0.0,0.0,1,0.0,0.0,0.9992447129909365,1.0,58.068984063,0
ojo_2025-11-25_16,49,none,,none_grayscale,docling_rapidocr,qwen,6,2,0,2,6,0.0,0.0,0.0,2,0.37919287211740044,0.7291666666666667,0.9507239252837609,1.0,39.646433384,0
ojo_2025-11-25_16,49,none,,otsu,docling_easyocr,qwen,6,1,1,0,5,1.0,0.166667,0.285714,1,2.6363636363636362,2.0,0.0,0.0,67.597016933,0
ojo_2025-11-25_16,49,none,,otsu,docling_rapidocr,qwen,6,0,0,0,6,0.0,0.0,0.0,0,,,,,32.527330282,1
ojo_2025-11-25_16,50,none,,adaptive_gaussian,docling_easyocr,qwen,6,0,0,0,6,0.0,0.0,0.0,0,,,,,54.777371578,1
ojo_2025-11-25_16,50,none,,adaptive_gaussian,docling_rapidocr,qwen,6,1,1,0,5,1.0,0.166667,0.285714,1,2.4545454545454546,2.0,0.0,0.0,31.209427528,0
ojo_2025-11-25_16,50,none,,adaptive_mean,docling_easyocr,qwen,6,0,0,0,6,0.0,0.0,0.0,0,,,,,60.590061359,1
ojo_2025-11-25_16,50,none,,adaptive_mean,docling_rapidocr,qwen,6,0,0,0,6,0.0,0.0,0.0,0,,,,,30.095797949,1
ojo_2025-11-25_16,50,none,,basic,docling_easyocr,qwen,6,1,0,1,6,0.0,0.0,0.0,1,0.0,0.0,1.0,1.0,56.634490994,0
ojo_2025-11-25_16,50,none,,basic,docling_rapidocr,qwen,6,4,1,3,5,0.25,0.166667,0.2,2,0.45454545454545453,0.5,0.5,0.5,31.660467413,0
ojo_2025-11-25_16,50,none,,niblack,docling_easyocr,qwen,6,0,0,0,6,0.0,0.0,0.0,0,,,,,54.210512156,1
ojo_2025-11-25_16,50,none,,none_color,docling_easyocr,qwen,6,1,0,1,6,0.0,0.0,0.0,1,0.0,0.0,0.974320241691843,0.9833333333333333,60.683895376,0
ojo_2025-11-25_16,50,none,,none_color,docling_rapidocr,qwen,6,0,0,0,6,0.0,0.0,0.0,0,,,,,41.240343836,1
ojo_2025-11-25_16,50,none,,none_grayscale,docling_easyocr,qwen,6,1,0,1,6,0.0,0.0,0.0,1,0.0,0.0,0.974320241691843,0.9833333333333333,62.540699986,0
ojo_2025-11-25_16,50,none,,none_grayscale,docling_rapidocr,qwen,6,0,0,0,6,0.0,0.0,0.0,0,,,,,38.537999418,1
ojo_2025-11-25_16,50,none,,otsu,docling_easyocr,qwen,6,1,1,0,5,1.0,0.166667,0.285714,1,2.6363636363636362,2.0,0.0,0.0,63.529144791,0
ojo_2025-11-25_16,50,none,,otsu,docling_rapidocr,qwen,6,4,1,3,5,0.25,0.166667,0.2,2,0.4692513368983957,0.5833333333333334,0.5,0.5,31.643531826,0
ojo_2025-11-25_16,51,none,,adaptive_gaussian,docling_easyocr,qwen,6,0,0,0,6,0.0,0.0,0.0,0,,,,,36.733966358,1
ojo_2025-11-25_16,51,none,,adaptive_gaussian,docling_rapidocr,qwen,6,0,0,0,6,0.0,0.0,0.0,0,,,,,8.939932354,1
ojo_2025-11-25_16,51,none,,adaptive_mean,docling_easyocr,qwen,6,0,0,0,6,0.0,0.0,0.0,0,,,,,39.836971291,1
ojo_2025-11-25_16,51,none,,adaptive_mean,docling_rapidocr,qwen,6,1,0,1,6,0.0,0.0,0.0,1,0.029411764705882353,0.16666666666666666,0.9992447129909365,1.0,9.98208309,0
ojo_2025-11-25_16,51,none,,basic,docling_easyocr,qwen,6,0,0,0,6,0.0,0.0,0.0,0,,,,,68.106293541,1
ojo_2025-11-25_16,51,none,,basic,docling_rapidocr,qwen,6,4,0,4,6,0.0,0.0,0.0,4,0.4930555555555556,0.5,0.7568085990640981,1.0432915877870006,19.498218638,0
ojo_2025-11-25_16,51,none,,niblack,docling_rapidocr,qwen,6,0,0,0,6,0.0,0.0,0.0,0,,,,,9.688579866,1
ojo_2025-11-25_16,51,none,,none_color,docling_easyocr,qwen,6,3,1,2,5,0.333333,0.166667,0.222222,3,0.9456832475700402,0.7083333333333334,0.6531936127744511,0.6666666666666666,67.048337084,0
ojo_2025-11-25_16,51,none,,none_color,docling_rapidocr,qwen,6,2,1,1,5,0.5,0.166667,0.25,2,0.49056603773584906,0.5,0.7213872858512582,0.9176032110091743,20.494614464,0
ojo_2025-11-25_16,51,none,,none_grayscale,docling_easyocr,qwen,6,3,1,2,5,0.333333,0.166667,0.222222,3,0.9456832475700402,0.7083333333333334,0.6616766467065869,0.6666666666666666,68.13251577,0
ojo_2025-11-25_16,51,none,,none_grayscale,docling_rapidocr,qwen,6,4,0,4,6,0.0,0.0,0.0,4,0.5466457023060797,0.6041666666666667,2.081536890012818,2.4524999582226235,20.532990318,0
ojo_2025-11-25_16,51,none,,otsu,docling_easyocr,qwen,6,3,0,3,6,0.0,0.0,0.0,3,0.9313417190775682,1.2166666666666666,0.9453050255152142,1.0,66.229151661,0
ojo_2025-11-25_16,51,none,,otsu,docling_rapidocr,qwen,6,3,0,3,6,0.0,0.0,0.0,3,0.3796296296296296,0.3888888888888889,0.6948708526042114,0.8450518178729188,20.409016544,0
ojo_2025-11-25_16,52,none,,adaptive_gaussian,docling_easyocr,qwen,6,0,0,0,6,0.0,0.0,0.0,0,,,,,40.074324688,1
ojo_2025-11-25_16,52,none,,adaptive_gaussian,docling_rapidocr,qwen,6,1,1,0,5,1.0,0.166667,0.285714,1,2.6363636363636362,2.0,0.0,0.0,9.930164179,0
ojo_2025-11-25_16,52,none,,adaptive_mean,docling_easyocr,qwen,6,0,0,0,6,0.0,0.0,0.0,0,,,,,40.210460266,1
ojo_2025-11-25_16,52,none,,adaptive_mean,docling_rapidocr,qwen,6,0,0,0,6,0.0,0.0,0.0,0,,,,,9.799528679,1
ojo_2025-11-25_16,52,none,,basic,docling_easyocr,qwen,6,3,1,2,5,0.333333,0.166667,0.222222,2,1.4219554030874786,1.1875,0.4655688622754491,0.481651376146789,66.600926096,0
ojo_2025-11-25_16,52,none,,basic,docling_rapidocr,qwen,6,3,1,2,5,0.333333,0.166667,0.222222,3,0.3148148148148148,0.3333333333333333,0.7038162120994067,0.9090723751274211,19.695197279,0
ojo_2025-11-25_16,52,none,,niblack,docling_easyocr,qwen,6,0,0,0,6,0.0,0.0,0.0,0,,,,,39.320510767,1
ojo_2025-11-25_16,52,none,,niblack,docling_rapidocr,qwen,6,0,0,0,6,0.0,0.0,0.0,0,,,,,8.930219315,1
ojo_2025-11-25_16,52,none,,none_color,docling_easyocr,qwen,6,4,1,3,5,0.25,0.166667,0.2,4,0.22946445587955022,0.28125,0.7466317365269461,0.7477064220183487,66.091177637,0
ojo_2025-11-25_16,52,none,,none_color,docling_rapidocr,qwen,6,0,0,0,6,0.0,0.0,0.0,0,,,,,18.572468216,5
ojo_2025-11-25_16,52,none,,none_grayscale,docling_easyocr,qwen,6,3,1,2,5,0.333333,0.166667,0.222222,3,0.7256415430666263,0.625,0.6621756487025948,0.6636085626911316,64.871911461,0
ojo_2025-11-25_16,52,none,,none_grayscale,docling_rapidocr,qwen,6,0,0,0,6,0.0,0.0,0.0,0,,,,,20.694535906,8
ojo_2025-11-25_16,52,none,,otsu,docling_easyocr,qwen,6,1,1,0,5,1.0,0.166667,0.285714,1,2.6363636363636362,2.0,0.0,0.0,66.508619078,0
ojo_2025-11-25_16,52,none,,otsu,docling_rapidocr,qwen,6,1,0,1,6,0.0,0.0,0.0,1,0.0,0.0,0.7140718562874252,0.8807339449541285,18.61126376,0
ojo_2025-11-25_16,53,none,,adaptive_gaussian,docling_easyocr,qwen,6,0,0,0,6,0.0,0.0,0.0,0,,,,,36.428279003,1
ojo_2025-11-25_16,53,none,,adaptive_gaussian,docling_rapidocr,qwen,6,1,1,0,5,1.0,0.166667,0.285714,1,2.6363636363636362,2.0,0.0,0.0,9.653339943,0
ojo_2025-11-25_16,53,none,,adaptive_mean,docling_easyocr,qwen,6,0,0,0,6,0.0,0.0,0.0,0,,,,,39.356701693,1
ojo_2025-11-25_16,53,none,,adaptive_mean,docling_rapidocr,qwen,6,1,1,0,5,1.0,0.166667,0.285714,1,2.6363636363636362,2.0,0.0,0.0,9.609572729,0
ojo_2025-11-25_16,53,none,,basic,docling_easyocr,qwen,6,0,0,0,6,0.0,0.0,0.0,0,,,,,68.018972809,1
ojo_2025-11-25_16,53,none,,basic,docling_rapidocr,qwen,6,1,0,1,6,0.0,0.0,0.0,1,0.0,0.0,0.6961077844311377,0.944954128440367,20.225028688,0
ojo_2025-11-25_16,53,none,,niblack,docling_easyocr,qwen,6,0,0,0,6,0.0,0.0,0.0,0,,,,,38.831852577,1
ojo_2025-11-25_16,53,none,,niblack,docling_rapidocr,qwen,6,0,0,0,6,0.0,0.0,0.0,0,,,,,8.838379524,1
ojo_2025-11-25_16,53,none,,none_color,docling_easyocr,qwen,6,3,0,3,6,0.0,0.0,0.0,3,0.9136967155835082,1.1055555555555554,0.929348878108535,1.0,61.289605553,0
ojo_2025-11-25_16,53,none,,none_color,docling_rapidocr,qwen,6,3,0,3,6,0.0,0.0,0.0,3,0.34259259259259256,0.3888888888888889,0.9539058781026576,1.1697261864310793,20.693256552,0
ojo_2025-11-25_16,53,none,,none_grayscale,docling_easyocr,qwen,6,3,0,3,6,0.0,0.0,0.0,3,0.9136967155835082,1.1055555555555554,0.929348878108535,1.0,62.75467127,0
ojo_2025-11-25_16,53,none,,none_grayscale,docling_rapidocr,qwen,6,3,0,3,6,0.0,0.0,0.0,3,0.34259259259259256,0.3888888888888889,0.9539058781026576,1.1697261864310793,19.700315172,0
ojo_2025-11-25_16,53,none,,otsu,docling_easyocr,qwen,6,0,0,0,6,0.0,0.0,0.0,0,,,,,67.968774925,1
ojo_2025-11-25_16,53,none,,otsu,docling_rapidocr,qwen,6,4,0,4,6,0.0,0.0,0.0,4,0.4305555555555556,0.5,0.7297969735557901,0.90624499417504,19.831121336,0
ojo_2026-01-30_1,0,none,,adaptive_gaussian,docling_easyocr,qwen,5,0,0,0,5,0.0,0.0,0.0,0,,,,,41.666551203,1
ojo_2026-01-30_1,0,none,,adaptive_gaussian,docling_rapidocr,qwen,5,0,0,0,5,0.0,0.0,0.0,0,,,,,9.831427664,1
ojo_2026-01-30_1,0,none,,adaptive_mean,docling_easyocr,qwen,5,0,0,0,5,0.0,0.0,0.0,0,,,,,36.508034319,1
ojo_2026-01-30_1,0,none,,adaptive_mean,docling_rapidocr,qwen,5,0,0,0,5,0.0,0.0,0.0,0,,,,,9.990206331,1
ojo_2026-01-30_1,0,none,,basic,docling_easyocr,qwen,5,0,0,0,5,0.0,0.0,0.0,0,,,,,43.87113661,1
ojo_2026-01-30_1,0,none,,basic,docling_rapidocr,qwen,5,0,0,0,5,0.0,0.0,0.0,0,,,,,12.07954282,1
ojo_2026-01-30_1,0,none,,niblack,docling_easyocr,qwen,5,0,0,0,5,0.0,0.0,0.0,0,,,,,38.226141054,1
ojo_2026-01-30_1,0,none,,niblack,docling_rapidocr,qwen,5,0,0,0,5,0.0,0.0,0.0,0,,,,,8.792046387,1
ojo_2026-01-30_1,0,none,,none_color,docling_easyocr,qwen,5,0,0,0,5,0.0,0.0,0.0,0,,,,,45.494722073,1
ojo_2026-01-30_1,0,none,,none_color,docling_rapidocr,qwen,5,0,0,0,5,0.0,0.0,0.0,0,,,,,13.440764134,1
ojo_2026-01-30_1,0,none,,none_grayscale,docling_easyocr,qwen,5,5,1,4,4,0.2,0.2,0.2,4,0.8598040551916556,1.0,0.640625,0.71875,39.692006533,0
ojo_2026-01-30_1,0,none,,none_grayscale,docling_rapidocr,qwen,5,0,0,0,5,0.0,0.0,0.0,0,,,,,13.031203215,1
ojo_2026-01-30_1,0,none,,otsu,docling_easyocr,qwen,5,0,0,0,5,0.0,0.0,0.0,0,,,,,44.60034396,1
ojo_2026-01-30_1,0,none,,otsu,docling_rapidocr,qwen,5,0,0,0,5,0.0,0.0,0.0,0,,,,,13.294387119,1
ojo_2026-01-30_1,1,none,,adaptive_gaussian,docling_easyocr,qwen,5,0,0,0,5,0.0,0.0,0.0,0,,,,,43.537953539,1
ojo_2026-01-30_1,1,none,,adaptive_gaussian,docling_rapidocr,qwen,5,0,0,0,5,0.0,0.0,0.0,0,,,,,10.838081045,1
ojo_2026-01-30_1,1,none,,adaptive_mean,docling_easyocr,qwen,5,0,0,0,5,0.0,0.0,0.0,0,,,,,40.204827948,1
ojo_2026-01-30_1,1,none,,adaptive_mean,docling_rapidocr,qwen,5,0,0,0,5,0.0,0.0,0.0,0,,,,,11.075920029,1
ojo_2026-01-30_1,1,none,,basic,docling_easyocr,qwen,5,0,0,0,5,0.0,0.0,0.0,0,,,,,44.258810776,1
ojo_2026-01-30_1,1,none,,basic,docling_rapidocr,qwen,5,0,0,0,5,0.0,0.0,0.0,0,,,,,13.515598314,1
ojo_2026-01-30_1,1,none,,niblack,docling_easyocr,qwen,5,0,0,0,5,0.0,0.0,0.0,0,,,,,35.834991678,1
ojo_2026-01-30_1,1,none,,niblack,docling_rapidocr,qwen,5,0,0,0,5,0.0,0.0,0.0,0,,,,,9.358586535,1
ojo_2026-01-30_1,1,none,,none_color,docling_easyocr,qwen,5,0,0,0,5,0.0,0.0,0.0,0,,,,,40.835567015,1
ojo_2026-01-30_1,1,none,,none_color,docling_rapidocr,qwen,5,0,0,0,5,0.0,0.0,0.0,0,,,,,13.567930239,1
ojo_2026-01-30_1,1,none,,none_grayscale,docling_easyocr,qwen,5,6,1,5,4,0.166667,0.2,0.181818,5,0.8487383098169735,1.0,0.8,0.8,43.34985544,0
ojo_2026-01-30_1,1,none,,none_grayscale,docling_rapidocr,qwen,5,9,1,8,4,0.111111,0.2,0.142857,5,0.9935596372936526,1.08,0.7657894736842105,0.825,14.032666462,0
ojo_2026-01-30_1,1,none,,otsu,docling_easyocr,qwen,5,0,0,0,5,0.0,0.0,0.0,0,,,,,44.020341486,1
ojo_2026-01-30_1,1,none,,otsu,docling_rapidocr,qwen,5,0,0,0,5,0.0,0.0,0.0,0,,,,,13.459875435,1
ojo_2026-01-30_1,2,none,,adaptive_gaussian,docling_easyocr,qwen,5,0,0,0,5,0.0,0.0,0.0,0,,,,,41.175714417,1
ojo_2026-01-30_1,2,none,,adaptive_gaussian,docling_rapidocr,qwen,5,0,0,0,5,0.0,0.0,0.0,0,,,,,9.485150261,1
ojo_2026-01-30_1,2,none,,adaptive_mean,docling_easyocr,qwen,5,0,0,0,5,0.0,0.0,0.0,0,,,,,39.753027363,1
ojo_2026-01-30_1,2,none,,adaptive_mean,docling_rapidocr,qwen,5,0,0,0,5,0.0,0.0,0.0,0,,,,,8.648602648,1
ojo_2026-01-30_1,2,none,,basic,docling_easyocr,qwen,5,0,0,0,5,0.0,0.0,0.0,0,,,,,43.918888586,1
ojo_2026-01-30_1,2,none,,basic,docling_rapidocr,qwen,5,0,0,0,5,0.0,0.0,0.0,0,,,,,11.370906132,1
ojo_2026-01-30_1,2,none,,niblack,docling_easyocr,qwen,5,0,0,0,5,0.0,0.0,0.0,0,,,,,34.14234136,1
ojo_2026-01-30_1,2,none,,niblack,docling_rapidocr,qwen,5,0,0,0,5,0.0,0.0,0.0,0,,,,,9.514425739,1
ojo_2026-01-30_1,2,none,,none_color,docling_easyocr,qwen,5,0,0,0,5,0.0,0.0,0.0,0,,,,,39.914149778,1
ojo_2026-01-30_1,2,none,,none_color,docling_rapidocr,qwen,5,4,0,4,5,0.0,0.0,0.0,4,0.7554287372442812,0.875,0.6806285493357671,0.828125,14.245973127,0
ojo_2026-01-30_1,2,none,,none_grayscale,docling_easyocr,qwen,5,0,0,0,5,0.0,0.0,0.0,0,,,,,43.707591312,1
ojo_2026-01-30_1,2,none,,none_grayscale,docling_rapidocr,qwen,5,4,0,4,5,0.0,0.0,0.0,4,0.7554287372442812,0.875,0.6806285493357671,0.828125,12.729043024,0
ojo_2026-01-30_1,2,none,,otsu,docling_easyocr,qwen,5,0,0,0,5,0.0,0.0,0.0,0,,,,,42.809763449,1
ojo_2026-01-30_1,2,none,,otsu,docling_rapidocr,qwen,5,0,0,0,5,0.0,0.0,0.0,0,,,,,13.258884209,1
ojo_2026-01-30_1,3,none,,adaptive_gaussian,docling_easyocr,qwen,5,0,0,0,5,0.0,0.0,0.0,0,,,,,35.766746611,1
ojo_2026-01-30_1,3,none,,adaptive_gaussian,docling_rapidocr,qwen,5,0,0,0,5,0.0,0.0,0.0,0,,,,,10.048491568,1
ojo_2026-01-30_1,3,none,,adaptive_mean,docling_easyocr,qwen,5,0,0,0,5,0.0,0.0,0.0,0,,,,,39.860401482,1
ojo_2026-01-30_1,3,none,,adaptive_mean,docling_rapidocr,qwen,5,0,0,0,5,0.0,0.0,0.0,0,,,,,9.801334471,1
ojo_2026-01-30_1,3,none,,basic,docling_easyocr,qwen,5,0,0,0,5,0.0,0.0,0.0,0,,,,,41.485996191,1
ojo_2026-01-30_1,3,none,,basic,docling_rapidocr,qwen,5,0,0,0,5,0.0,0.0,0.0,0,,,,,10.938460056,1
ojo_2026-01-30_1,3,none,,niblack,docling_easyocr,qwen,5,0,0,0,5,0.0,0.0,0.0,0,,,,,35.586513359,1
ojo_2026-01-30_1,3,none,,niblack,docling_rapidocr,qwen,5,0,0,0,5,0.0,0.0,0.0,0,,,,,9.707526524,1
ojo_2026-01-30_1,3,none,,none_color,docling_easyocr,qwen,5,0,0,0,5,0.0,0.0,0.0,0,,,,,40.204365198,1
ojo_2026-01-30_1,3,none,,none_color,docling_rapidocr,qwen,5,0,0,0,5,0.0,0.0,0.0,0,,,,,11.839078133,1
ojo_2026-01-30_1,3,none,,none_grayscale,docling_easyocr,qwen,5,0,0,0,5,0.0,0.0,0.0,0,,,,,40.2734291,1
ojo_2026-01-30_1,3,none,,none_grayscale,docling_rapidocr,qwen,5,0,0,0,5,0.0,0.0,0.0,0,,,,,11.610056583,1
ojo_2026-01-30_1,3,none,,otsu,docling_easyocr,qwen,5,0,0,0,5,0.0,0.0,0.0,0,,,,,38.580522131,1
ojo_2026-01-30_1,3,none,,otsu,docling_rapidocr,qwen,5,0,0,0,5,0.0,0.0,0.0,0,,,,,10.539847207,1
ojo_2026-01-30_1,3,none,,yannihorne,docling_rapidocr,qwen,5,0,0,0,5,0.0,0.0,0.0,0,,,,,9.337346386,1
ojo_2026-01-30_1,4,none,,adaptive_gaussian,docling_easyocr,qwen,5,0,0,0,5,0.0,0.0,0.0,0,,,,,33.868167139,1
ojo_2026-01-30_1,4,none,,adaptive_gaussian,docling_rapidocr,qwen,5,0,0,0,5,0.0,0.0,0.0,0,,,,,8.483734347,1
ojo_2026-01-30_1,4,none,,adaptive_mean,docling_easyocr,qwen,5,0,0,0,5,0.0,0.0,0.0,0,,,,,40.066160656,1
ojo_2026-01-30_1,4,none,,adaptive_mean,docling_rapidocr,qwen,5,0,0,0,5,0.0,0.0,0.0,0,,,,,9.180717207,1
ojo_2026-01-30_1,4,none,,basic,docling_easyocr,qwen,5,0,0,0,5,0.0,0.0,0.0,0,,,,,43.686558079,1
ojo_2026-01-30_1,4,none,,basic,docling_rapidocr,qwen,5,0,0,0,5,0.0,0.0,0.0,0,,,,,11.699007344,1
ojo_2026-01-30_1,4,none,,niblack,docling_easyocr,qwen,5,0,0,0,5,0.0,0.0,0.0,0,,,,,38.589699784,1
ojo_2026-01-30_1,4,none,,niblack,docling_rapidocr,qwen,5,0,0,0,5,0.0,0.0,0.0,0,,,,,10.600114384,1
ojo_2026-01-30_1,4,none,,none_color,docling_easyocr,qwen,5,0,0,0,5,0.0,0.0,0.0,0,,,,,42.267725777,1
ojo_2026-01-30_1,4,none,,none_color,docling_rapidocr,qwen,5,0,0,0,5,0.0,0.0,0.0,0,,,,,12.3733886,1
ojo_2026-01-30_1,4,none,,none_grayscale,docling_easyocr,qwen,5,0,0,0,5,0.0,0.0,0.0,0,,,,,39.347459626,1
ojo_2026-01-30_1,4,none,,none_grayscale,docling_rapidocr,qwen,5,0,0,0,5,0.0,0.0,0.0,0,,,,,12.835252833,1
ojo_2026-01-30_1,4,none,,otsu,docling_easyocr,qwen,5,0,0,0,5,0.0,0.0,0.0,0,,,,,42.067293311,1
ojo_2026-01-30_1,4,none,,otsu,docling_rapidocr,qwen,5,0,0,0,5,0.0,0.0,0.0,0,,,,,12.143578673,1
ojo_2026-01-30_1,5,none,,adaptive_gaussian,docling_easyocr,qwen,5,0,0,0,5,0.0,0.0,0.0,0,,,,,40.566498019,1
ojo_2026-01-30_1,5,none,,adaptive_gaussian,docling_rapidocr,qwen,5,0,0,0,5,0.0,0.0,0.0,0,,,,,9.404550053,1
ojo_2026-01-30_1,5,none,,adaptive_mean,docling_easyocr,qwen,5,0,0,0,5,0.0,0.0,0.0,0,,,,,40.48439572,1
ojo_2026-01-30_1,5,none,,adaptive_mean,docling_rapidocr,qwen,5,0,0,0,5,0.0,0.0,0.0,0,,,,,9.063048102,1
ojo_2026-01-30_1,5,none,,basic,docling_easyocr,qwen,5,0,0,0,5,0.0,0.0,0.0,0,,,,,36.752989602,1
ojo_2026-01-30_1,5,none,,basic,docling_rapidocr,qwen,5,0,0,0,5,0.0,0.0,0.0,0,,,,,11.940564942,1
ojo_2026-01-30_1,5,none,,niblack,docling_easyocr,qwen,5,0,0,0,5,0.0,0.0,0.0,0,,,,,39.409573759,1
ojo_2026-01-30_1,5,none,,niblack,docling_rapidocr,qwen,5,0,0,0,5,0.0,0.0,0.0,0,,,,,9.652486052,1
ojo_2026-01-30_1,5,none,,none_color,docling_easyocr,qwen,5,0,0,0,5,0.0,0.0,0.0,0,,,,,40.552459549,1
ojo_2026-01-30_1,5,none,,none_color,docling_rapidocr,qwen,5,0,0,0,5,0.0,0.0,0.0,0,,,,,12.018128943,1
ojo_2026-01-30_1,5,none,,none_grayscale,docling_easyocr,qwen,5,0,0,0,5,0.0,0.0,0.0,0,,,,,40.050495219,1
ojo_2026-01-30_1,5,none,,none_grayscale,docling_rapidocr,qwen,5,0,0,0,5,0.0,0.0,0.0,0,,,,,12.129430842,1
ojo_2026-01-30_1,5,none,,otsu,docling_easyocr,qwen,5,0,0,0,5,0.0,0.0,0.0,0,,,,,41.672915768,1
ojo_2026-01-30_1,5,none,,otsu,docling_rapidocr,qwen,5,0,0,0,5,0.0,0.0,0.0,0,,,,,10.27250607,1
ojo_2026-01-30_1,5,none,,yannihorne,docling_rapidocr,qwen,5,0,0,0,5,0.0,0.0,0.0,0,,,,,10.441022944,1
ojo_2026-01-30_1,6,none,,adaptive_gaussian,docling_easyocr,qwen,5,0,0,0,5,0.0,0.0,0.0,0,,,,,37.21786418,1
ojo_2026-01-30_1,6,none,,adaptive_gaussian,docling_rapidocr,qwen,5,0,0,0,5,0.0,0.0,0.0,0,,,,,9.213305617,1
ojo_2026-01-30_1,6,none,,adaptive_mean,docling_easyocr,qwen,5,0,0,0,5,0.0,0.0,0.0,0,,,,,39.832626009,1
ojo_2026-01-30_1,6,none,,adaptive_mean,docling_rapidocr,qwen,5,0,0,0,5,0.0,0.0,0.0,0,,,,,9.943460608,1
ojo_2026-01-30_1,6,none,,basic,docling_easyocr,qwen,5,0,0,0,5,0.0,0.0,0.0,0,,,,,42.071149109,1
ojo_2026-01-30_1,6,none,,basic,docling_rapidocr,qwen,5,0,0,0,5,0.0,0.0,0.0,0,,,,,11.100901602,1
ojo_2026-01-30_1,6,none,,niblack,docling_easyocr,qwen,5,0,0,0,5,0.0,0.0,0.0,0,,,,,38.33609673,1
ojo_2026-01-30_1,6,none,,niblack,docling_rapidocr,qwen,5,0,0,0,5,0.0,0.0,0.0,0,,,,,9.917504754,1
ojo_2026-01-30_1,6,none,,none_color,docling_easyocr,qwen,5,0,0,0,5,0.0,0.0,0.0,0,,,,,42.501676558,1
ojo_2026-01-30_1,6,none,,none_color,docling_rapidocr,qwen,5,0,0,0,5,0.0,0.0,0.0,0,,,,,10.802043675,1
ojo_2026-01-30_1,6,none,,none_grayscale,docling_easyocr,qwen,5,0,0,0,5,0.0,0.0,0.0,0,,,,,42.217282771,1
ojo_2026-01-30_1,6,none,,none_grayscale,docling_rapidocr,qwen,5,0,0,0,5,0.0,0.0,0.0,0,,,,,11.456697462,1
ojo_2026-01-30_1,6,none,,otsu,docling_easyocr,qwen,5,0,0,0,5,0.0,0.0,0.0,0,,,,,41.732239317,1
ojo_2026-01-30_1,6,none,,otsu,docling_rapidocr,qwen,5,0,0,0,5,0.0,0.0,0.0,0,,,,,10.997926783,1
ojo_2026-01-30_1,7,none,,adaptive_gaussian,docling_easyocr,qwen,5,0,0,0,5,0.0,0.0,0.0,0,,,,,39.923800923,1
ojo_2026-01-30_1,7,none,,adaptive_gaussian,docling_rapidocr,qwen,5,0,0,0,5,0.0,0.0,0.0,0,,,,,10.518725611,1
ojo_2026-01-30_1,7,none,,adaptive_mean,docling_easyocr,qwen,5,0,0,0,5,0.0,0.0,0.0,0,,,,,39.96619866,1
ojo_2026-01-30_1,7,none,,adaptive_mean,docling_rapidocr,qwen,5,0,0,0,5,0.0,0.0,0.0,0,,,,,10.563594796,1
ojo_2026-01-30_1,7,none,,basic,docling_easyocr,qwen,5,0,0,0,5,0.0,0.0,0.0,0,,,,,39.998349976,1
ojo_2026-01-30_1,7,none,,basic,docling_rapidocr,qwen,5,0,0,0,5,0.0,0.0,0.0,0,,,,,11.67483623,1
ojo_2026-01-30_1,7,none,,niblack,docling_easyocr,qwen,5,0,0,0,5,0.0,0.0,0.0,0,,,,,38.452526369,1
ojo_2026-01-30_1,7,none,,niblack,docling_rapidocr,qwen,5,0,0,0,5,0.0,0.0,0.0,0,,,,,9.861149826,1
ojo_2026-01-30_1,7,none,,none_color,docling_easyocr,qwen,5,0,0,0,5,0.0,0.0,0.0,0,,,,,44.595867466,1
ojo_2026-01-30_1,7,none,,none_color,docling_rapidocr,qwen,5,0,0,0,5,0.0,0.0,0.0,0,,,,,11.22002561,1
ojo_2026-01-30_1,7,none,,none_grayscale,docling_easyocr,qwen,5,0,0,0,5,0.0,0.0,0.0,0,,,,,43.003001046,1
ojo_2026-01-30_1,7,none,,none_grayscale,docling_rapidocr,qwen,5,0,0,0,5,0.0,0.0,0.0,0,,,,,13.480912995,1
ojo_2026-01-30_1,7,none,,otsu,docling_easyocr,qwen,5,0,0,0,5,0.0,0.0,0.0,0,,,,,43.775859952,1
ojo_2026-01-30_1,7,none,,otsu,docling_rapidocr,qwen,5,0,0,0,5,0.0,0.0,0.0,0,,,,,12.213340879,1
ojo_2026-01-30_1,8,none,,adaptive_gaussian,docling_easyocr,qwen,5,0,0,0,5,0.0,0.0,0.0,0,,,,,39.932182027,1
ojo_2026-01-30_1,8,none,,adaptive_gaussian,docling_rapidocr,qwen,5,0,0,0,5,0.0,0.0,0.0,0,,,,,10.573569251,1
ojo_2026-01-30_1,8,none,,adaptive_mean,docling_easyocr,qwen,5,0,0,0,5,0.0,0.0,0.0,0,,,,,39.217803909,1
ojo_2026-01-30_1,8,none,,adaptive_mean,docling_rapidocr,qwen,5,0,0,0,5,0.0,0.0,0.0,0,,,,,10.3187768,1
ojo_2026-01-30_1,8,none,,basic,docling_easyocr,qwen,5,0,0,0,5,0.0,0.0,0.0,0,,,,,37.844515848,1
ojo_2026-01-30_1,8,none,,basic,docling_rapidocr,qwen,5,0,0,0,5,0.0,0.0,0.0,0,,,,,11.078628825,1
ojo_2026-01-30_1,8,none,,niblack,docling_easyocr,qwen,5,0,0,0,5,0.0,0.0,0.0,0,,,,,35.023634376,1
ojo_2026-01-30_1,8,none,,niblack,docling_rapidocr,qwen,5,0,0,0,5,0.0,0.0,0.0,0,,,,,10.201609077,1
ojo_2026-01-30_1,8,none,,none_color,docling_easyocr,qwen,5,0,0,0,5,0.0,0.0,0.0,0,,,,,41.315766858,1
ojo_2026-01-30_1,8,none,,none_color,docling_rapidocr,qwen,5,0,0,0,5,0.0,0.0,0.0,0,,,,,11.441314506,1
ojo_2026-01-30_1,8,none,,none_grayscale,docling_easyocr,qwen,5,0,0,0,5,0.0,0.0,0.0,0,,,,,36.961880016,1
ojo_2026-01-30_1,8,none,,none_grayscale,docling_rapidocr,qwen,5,0,0,0,5,0.0,0.0,0.0,0,,,,,11.907437133,1
ojo_2026-01-30_1,8,none,,otsu,docling_easyocr,qwen,5,0,0,0,5,0.0,0.0,0.0,0,,,,,36.938592243,1
ojo_2026-01-30_1,8,none,,otsu,docling_rapidocr,qwen,5,0,0,0,5,0.0,0.0,0.0,0,,,,,11.345806884,1
ojo_2026-01-30_1,9,none,,adaptive_gaussian,docling_easyocr,qwen,5,0,0,0,5,0.0,0.0,0.0,0,,,,,36.833713889,1
ojo_2026-01-30_1,9,none,,adaptive_gaussian,docling_rapidocr,qwen,5,0,0,0,5,0.0,0.0,0.0,0,,,,,9.75986588,1
ojo_2026-01-30_1,9,none,,adaptive_mean,docling_easyocr,qwen,5,0,0,0,5,0.0,0.0,0.0,0,,,,,39.334090591,1
ojo_2026-01-30_1,9,none,,adaptive_mean,docling_rapidocr,qwen,5,0,0,0,5,0.0,0.0,0.0,0,,,,,10.525200248,1
ojo_2026-01-30_1,9,none,,basic,docling_easyocr,qwen,5,0,0,0,5,0.0,0.0,0.0,0,,,,,41.214167331,1
ojo_2026-01-30_1,9,none,,basic,docling_rapidocr,qwen,5,0,0,0,5,0.0,0.0,0.0,0,,,,,11.372690414,1
ojo_2026-01-30_1,9,none,,niblack,docling_easyocr,qwen,5,0,0,0,5,0.0,0.0,0.0,0,,,,,38.222859325,1
ojo_2026-01-30_1,9,none,,niblack,docling_rapidocr,qwen,5,0,0,0,5,0.0,0.0,0.0,0,,,,,10.031189145,1
ojo_2026-01-30_1,9,none,,none_color,docling_easyocr,qwen,5,0,0,0,5,0.0,0.0,0.0,0,,,,,42.235175107,1
ojo_2026-01-30_1,9,none,,none_color,docling_rapidocr,qwen,5,0,0,0,5,0.0,0.0,0.0,0,,,,,12.899481748,1
ojo_2026-01-30_1,9,none,,none_grayscale,docling_easyocr,qwen,5,0,0,0,5,0.0,0.0,0.0,0,,,,,40.471464847,1
ojo_2026-01-30_1,9,none,,none_grayscale,docling_rapidocr,qwen,5,0,0,0,5,0.0,0.0,0.0,0,,,,,12.332541202,1
ojo_2026-01-30_1,9,none,,otsu,docling_easyocr,qwen,5,0,0,0,5,0.0,0.0,0.0,0,,,,,38.86615591,1
ojo_2026-01-30_1,9,none,,otsu,docling_rapidocr,qwen,5,0,0,0,5,0.0,0.0,0.0,0,,,,,11.955273675,1
ojo_2026-01-30_1,10,none,,adaptive_gaussian,docling_easyocr,qwen,5,0,0,0,5,0.0,0.0,0.0,0,,,,,40.497815086,1
ojo_2026-01-30_1,10,none,,adaptive_gaussian,docling_rapidocr,qwen,5,0,0,0,5,0.0,0.0,0.0,0,,,,,9.794940425,1
ojo_2026-01-30_1,10,none,,adaptive_mean,docling_easyocr,qwen,5,0,0,0,5,0.0,0.0,0.0,0,,,,,40.061814023,1
ojo_2026-01-30_1,10,none,,adaptive_mean,docling_rapidocr,qwen,5,0,0,0,5,0.0,0.0,0.0,0,,,,,11.042299463,1
ojo_2026-01-30_1,10,none,,basic,docling_easyocr,qwen,5,0,0,0,5,0.0,0.0,0.0,0,,,,,44.418301629,1
ojo_2026-01-30_1,10,none,,basic,docling_rapidocr,qwen,5,0,0,0,5,0.0,0.0,0.0,0,,,,,11.088339853,1
ojo_2026-01-30_1,10,none,,niblack,docling_easyocr,qwen,5,0,0,0,5,0.0,0.0,0.0,0,,,,,38.681142822,1
ojo_2026-01-30_1,10,none,,niblack,docling_rapidocr,qwen,5,0,0,0,5,0.0,0.0,0.0,0,,,,,9.974318757,1
ojo_2026-01-30_1,10,none,,none_color,docling_easyocr,qwen,5,0,0,0,5,0.0,0.0,0.0,0,,,,,43.356147813,1
ojo_2026-01-30_1,10,none,,none_color,docling_rapidocr,qwen,5,0,0,0,5,0.0,0.0,0.0,0,,,,,12.754372644,1
ojo_2026-01-30_1,10,none,,none_grayscale,docling_easyocr,qwen,5,2,1,1,4,0.5,0.2,0.285714,2,0.8395140664961637,1.0,0.5,0.5,43.933275508,0
ojo_2026-01-30_1,10,none,,none_grayscale,docling_rapidocr,qwen,5,5,0,5,5,0.0,0.0,0.0,5,0.9347539530217641,1.0666666666666667,0.9016790893418516,1.0,12.941521692,0
ojo_2026-01-30_1,10,none,,otsu,docling_easyocr,qwen,5,0,0,0,5,0.0,0.0,0.0,0,,,,,39.900886655,1
ojo_2026-01-30_1,10,none,,otsu,docling_rapidocr,qwen,5,0,0,0,5,0.0,0.0,0.0,0,,,,,11.534933925,1
ojo_2026-01-30_1,11,none,,adaptive_gaussian,docling_easyocr,qwen,5,0,0,0,5,0.0,0.0,0.0,0,,,,,40.014574243,1
ojo_2026-01-30_1,11,none,,adaptive_gaussian,docling_rapidocr,qwen,5,0,0,0,5,0.0,0.0,0.0,0,,,,,10.105582668,1
ojo_2026-01-30_1,11,none,,adaptive_mean,docling_easyocr,qwen,5,0,0,0,5,0.0,0.0,0.0,0,,,,,36.1848969,1
ojo_2026-01-30_1,11,none,,adaptive_mean,docling_rapidocr,qwen,5,0,0,0,5,0.0,0.0,0.0,0,,,,,10.188074066,1
ojo_2026-01-30_1,11,none,,basic,docling_easyocr,qwen,5,0,0,0,5,0.0,0.0,0.0,0,,,,,42.802771377,1
ojo_2026-01-30_1,11,none,,basic,docling_rapidocr,qwen,5,0,0,0,5,0.0,0.0,0.0,0,,,,,11.457902002,1
ojo_2026-01-30_1,11,none,,niblack,docling_easyocr,qwen,5,0,0,0,5,0.0,0.0,0.0,0,,,,,38.310630979,1
ojo_2026-01-30_1,11,none,,niblack,docling_rapidocr,qwen,5,0,0,0,5,0.0,0.0,0.0,0,,,,,10.01992959,1
ojo_2026-01-30_1,11,none,,none_color,docling_easyocr,qwen,5,0,0,0,5,0.0,0.0,0.0,0,,,,,37.108338403,1
ojo_2026-01-30_1,11,none,,none_color,docling_rapidocr,qwen,5,0,0,0,5,0.0,0.0,0.0,0,,,,,11.140623378,1
ojo_2026-01-30_1,11,none,,none_grayscale,docling_easyocr,qwen,5,0,0,0,5,0.0,0.0,0.0,0,,,,,39.516928005,1
ojo_2026-01-30_1,11,none,,none_grayscale,docling_rapidocr,qwen,5,0,0,0,5,0.0,0.0,0.0,0,,,,,12.329109477,1
ojo_2026-01-30_1,11,none,,otsu,docling_easyocr,qwen,5,0,0,0,5,0.0,0.0,0.0,0,,,,,43.958676076,1
ojo_2026-01-30_1,11,none,,otsu,docling_rapidocr,qwen,5,0,0,0,5,0.0,0.0,0.0,0,,,,,11.347603297,1
ojo_2026-01-30_1,12,none,,adaptive_gaussian,docling_easyocr,qwen,5,0,0,0,5,0.0,0.0,0.0,0,,,,,47.928395564,1
ojo_2026-01-30_1,12,none,,adaptive_gaussian,docling_rapidocr,qwen,5,0,0,0,5,0.0,0.0,0.0,0,,,,,17.653723532,1
ojo_2026-01-30_1,12,none,,adaptive_mean,docling_easyocr,qwen,5,0,0,0,5,0.0,0.0,0.0,0,,,,,47.127337987,1
ojo_2026-01-30_1,12,none,,adaptive_mean,docling_rapidocr,qwen,5,0,0,0,5,0.0,0.0,0.0,0,,,,,17.120300347,1
ojo_2026-01-30_1,12,none,,basic,docling_easyocr,qwen,5,0,0,0,5,0.0,0.0,0.0,0,,,,,49.023167042,1
ojo_2026-01-30_1,12,none,,basic,docling_rapidocr,qwen,5,0,0,0,5,0.0,0.0,0.0,0,,,,,18.624157338,1
ojo_2026-01-30_1,12,none,,niblack,docling_easyocr,qwen,5,0,0,0,5,0.0,0.0,0.0,0,,,,,45.861669179,1
ojo_2026-01-30_1,12,none,,niblack,docling_rapidocr,qwen,5,0,0,0,5,0.0,0.0,0.0,0,,,,,16.853282805,1
ojo_2026-01-30_1,12,none,,none_color,docling_easyocr,qwen,5,0,0,0,5,0.0,0.0,0.0,0,,,,,51.223141103,1
ojo_2026-01-30_1,12,none,,none_color,docling_rapidocr,qwen,5,0,0,0,5,0.0,0.0,0.0,0,,,,,20.557236819,1
ojo_2026-01-30_1,12,none,,none_grayscale,docling_easyocr,qwen,5,6,1,5,4,0.166667,0.2,0.181818,5,0.8464942705462863,1.0,0.8,0.8,51.832066922,0
ojo_2026-01-30_1,12,none,,none_grayscale,docling_rapidocr,qwen,5,4,1,3,4,0.25,0.2,0.222222,3,1.3542012416251767,1.4833333333333334,0.6666666666666666,0.6666666666666666,20.773291735,0
ojo_2026-01-30_1,12,none,,otsu,docling_easyocr,qwen,5,0,0,0,5,0.0,0.0,0.0,0,,,,,52.043738585,1
ojo_2026-01-30_1,12,none,,otsu,docling_rapidocr,qwen,5,0,0,0,5,0.0,0.0,0.0,0,,,,,19.771859389,1
ojo_2026-01-30_1,13,none,,adaptive_gaussian,docling_easyocr,qwen,5,0,0,0,5,0.0,0.0,0.0,0,,,,,49.329300997,1
ojo_2026-01-30_1,13,none,,adaptive_gaussian,docling_rapidocr,qwen,5,0,0,0,5,0.0,0.0,0.0,0,,,,,17.458499787,1
ojo_2026-01-30_1,13,none,,adaptive_mean,docling_easyocr,qwen,5,0,0,0,5,0.0,0.0,0.0,0,,,,,47.440224526,1
ojo_2026-01-30_1,13,none,,adaptive_mean,docling_rapidocr,qwen,5,0,0,0,5,0.0,0.0,0.0,0,,,,,17.68483865,1
ojo_2026-01-30_1,13,none,,basic,docling_easyocr,qwen,5,0,0,0,5,0.0,0.0,0.0,0,,,,,51.355381461,1
ojo_2026-01-30_1,13,none,,basic,docling_rapidocr,qwen,5,0,0,0,5,0.0,0.0,0.0,0,,,,,19.880812617,1
ojo_2026-01-30_1,13,none,,niblack,docling_easyocr,qwen,5,0,0,0,5,0.0,0.0,0.0,0,,,,,45.544388472,1
ojo_2026-01-30_1,13,none,,niblack,docling_rapidocr,qwen,5,0,0,0,5,0.0,0.0,0.0,0,,,,,15.388035475,1
ojo_2026-01-30_1,13,none,,none_color,docling_easyocr,qwen,5,0,0,0,5,0.0,0.0,0.0,0,,,,,51.517170878,1
ojo_2026-01-30_1,13,none,,none_color,docling_rapidocr,qwen,5,0,0,0,5,0.0,0.0,0.0,0,,,,,20.88005683,1
ojo_2026-01-30_1,13,none,,none_grayscale,docling_easyocr,qwen,5,7,1,6,4,0.142857,0.2,0.166667,5,0.8313470054691475,1.0,0.8,0.8,47.479328604,0
ojo_2026-01-30_1,13,none,,none_grayscale,docling_rapidocr,qwen,5,0,0,0,5,0.0,0.0,0.0,0,,,,,20.973024817,1
ojo_2026-01-30_1,13,none,,otsu,docling_easyocr,qwen,5,0,0,0,5,0.0,0.0,0.0,0,,,,,51.095621869,1
ojo_2026-01-30_1,13,none,,otsu,docling_rapidocr,qwen,5,0,0,0,5,0.0,0.0,0.0,0,,,,,20.189322516,1
ojo_2026-01-30_1,14,none,,adaptive_gaussian,docling_easyocr,qwen,5,0,0,0,5,0.0,0.0,0.0,0,,,,,48.205653447,1
ojo_2026-01-30_1,14,none,,adaptive_gaussian,docling_rapidocr,qwen,5,0,0,0,5,0.0,0.0,0.0,0,,,,,17.339863795,1
ojo_2026-01-30_1,14,none,,adaptive_mean,docling_easyocr,qwen,5,0,0,0,5,0.0,0.0,0.0,0,,,,,47.355005282,1
ojo_2026-01-30_1,14,none,,adaptive_mean,docling_rapidocr,qwen,5,0,0,0,5,0.0,0.0,0.0,0,,,,,18.572425622,1
ojo_2026-01-30_1,14,none,,basic,docling_easyocr,qwen,5,0,0,0,5,0.0,0.0,0.0,0,,,,,47.958130709,1
ojo_2026-01-30_1,14,none,,basic,docling_rapidocr,qwen,5,0,0,0,5,0.0,0.0,0.0,0,,,,,17.775379292,1
ojo_2026-01-30_1,14,none,,niblack,docling_easyocr,qwen,5,0,0,0,5,0.0,0.0,0.0,0,,,,,45.323942906,1
ojo_2026-01-30_1,14,none,,niblack,docling_rapidocr,qwen,5,0,0,0,5,0.0,0.0,0.0,0,,,,,16.776278979,1
ojo_2026-01-30_1,14,none,,none_color,docling_easyocr,qwen,5,1,1,0,4,1.0,0.2,0.333333,1,0.9411764705882353,1.0,0.0,0.0,51.905193202,0
ojo_2026-01-30_1,14,none,,none_color,docling_rapidocr,qwen,5,6,1,5,4,0.166667,0.2,0.181818,5,0.9351745034848454,1.25,0.7859649122807018,0.8,20.528104178,0
ojo_2026-01-30_1,14,none,,none_grayscale,docling_easyocr,qwen,5,1,1,0,4,1.0,0.2,0.333333,1,0.9411764705882353,1.0,0.0,0.0,51.085685603,0
ojo_2026-01-30_1,14,none,,none_grayscale,docling_rapidocr,qwen,5,6,1,5,4,0.166667,0.2,0.181818,5,0.9351745034848454,1.25,0.7859649122807018,0.8,20.773998133,0
ojo_2026-01-30_1,14,none,,otsu,docling_easyocr,qwen,5,0,0,0,5,0.0,0.0,0.0,0,,,,,51.553586356,1
ojo_2026-01-30_1,14,none,,otsu,docling_rapidocr,qwen,5,0,0,0,5,0.0,0.0,0.0,0,,,,,19.518205516,1
ojo_2026-01-30_1,15,none,,adaptive_gaussian,docling_easyocr,qwen,5,0,0,0,5,0.0,0.0,0.0,0,,,,,41.812808873,1
ojo_2026-01-30_1,15,none,,adaptive_gaussian,docling_rapidocr,qwen,5,0,0,0,5,0.0,0.0,0.0,0,,,,,9.626915099,1
ojo_2026-01-30_1,15,none,,adaptive_mean,docling_easyocr,qwen,5,0,0,0,5,0.0,0.0,0.0,0,,,,,37.060046555,1
ojo_2026-01-30_1,15,none,,adaptive_mean,docling_rapidocr,qwen,5,0,0,0,5,0.0,0.0,0.0,0,,,,,10.403566004,1
ojo_2026-01-30_1,15,none,,basic,docling_easyocr,qwen,5,0,0,0,5,0.0,0.0,0.0,0,,,,,43.108531689,1
ojo_2026-01-30_1,15,none,,basic,docling_rapidocr,qwen,5,0,0,0,5,0.0,0.0,0.0,0,,,,,10.363632893,1
ojo_2026-01-30_1,15,none,,niblack,docling_rapidocr,qwen,5,0,0,0,5,0.0,0.0,0.0,0,,,,,9.378084054,1
ojo_2026-01-30_1,15,none,,none_color,docling_easyocr,qwen,5,0,0,0,5,0.0,0.0,0.0,0,,,,,44.362802481,1
ojo_2026-01-30_1,15,none,,none_color,docling_rapidocr,qwen,5,0,0,0,5,0.0,0.0,0.0,0,,,,,11.813668704,1
ojo_2026-01-30_1,15,none,,none_grayscale,docling_easyocr,qwen,5,0,0,0,5,0.0,0.0,0.0,0,,,,,40.268173432,1
ojo_2026-01-30_1,15,none,,none_grayscale,docling_rapidocr,qwen,5,0,0,0,5,0.0,0.0,0.0,0,,,,,12.066716885,1
ojo_2026-01-30_1,15,none,,otsu,docling_easyocr,qwen,5,0,0,0,5,0.0,0.0,0.0,0,,,,,40.07300771,1
ojo_2026-01-30_1,15,none,,otsu,docling_rapidocr,qwen,5,0,0,0,5,0.0,0.0,0.0,0,,,,,11.71933306,1
ojo_2026-01-30_1,16,none,,adaptive_gaussian,docling_easyocr,qwen,5,0,0,0,5,0.0,0.0,0.0,0,,,,,39.879134211,1
ojo_2026-01-30_1,16,none,,adaptive_gaussian,docling_rapidocr,qwen,5,0,0,0,5,0.0,0.0,0.0,0,,,,,10.191859278,1
ojo_2026-01-30_1,16,none,,adaptive_mean,docling_easyocr,qwen,5,0,0,0,5,0.0,0.0,0.0,0,,,,,40.517711195,1
ojo_2026-01-30_1,16,none,,adaptive_mean,docling_rapidocr,qwen,5,0,0,0,5,0.0,0.0,0.0,0,,,,,10.113021168,1
ojo_2026-01-30_1,16,none,,basic,docling_easyocr,qwen,5,0,0,0,5,0.0,0.0,0.0,0,,,,,42.925165779,1
ojo_2026-01-30_1,16,none,,basic,docling_rapidocr,qwen,5,0,0,0,5,0.0,0.0,0.0,0,,,,,12.423492558,1
ojo_2026-01-30_1,16,none,,niblack,docling_easyocr,qwen,5,0,0,0,5,0.0,0.0,0.0,0,,,,,36.885254238,1
ojo_2026-01-30_1,16,none,,niblack,docling_rapidocr,qwen,5,0,0,0,5,0.0,0.0,0.0,0,,,,,9.416937445,1
ojo_2026-01-30_1,16,none,,none_color,docling_easyocr,qwen,5,0,0,0,5,0.0,0.0,0.0,0,,,,,43.152917511,1
ojo_2026-01-30_1,16,none,,none_color,docling_rapidocr,qwen,5,0,0,0,5,0.0,0.0,0.0,0,,,,,12.31018389,1
ojo_2026-01-30_1,16,none,,none_grayscale,docling_easyocr,qwen,5,0,0,0,5,0.0,0.0,0.0,0,,,,,43.937876112,1
ojo_2026-01-30_1,16,none,,none_grayscale,docling_rapidocr,qwen,5,0,0,0,5,0.0,0.0,0.0,0,,,,,12.048096783,1
ojo_2026-01-30_1,16,none,,otsu,docling_easyocr,qwen,5,0,0,0,5,0.0,0.0,0.0,0,,,,,40.231373032,1
ojo_2026-01-30_1,16,none,,otsu,docling_rapidocr,qwen,5,0,0,0,5,0.0,0.0,0.0,0,,,,,11.936926802,1
ojo_2026-01-30_1,17,none,,adaptive_gaussian,docling_easyocr,qwen,5,0,0,0,5,0.0,0.0,0.0,0,,,,,42.861880335,1
ojo_2026-01-30_1,17,none,,adaptive_gaussian,docling_rapidocr,qwen,5,0,0,0,5,0.0,0.0,0.0,0,,,,,10.499181065,1
ojo_2026-01-30_1,17,none,,adaptive_mean,docling_easyocr,qwen,5,0,0,0,5,0.0,0.0,0.0,0,,,,,42.595165451,1
ojo_2026-01-30_1,17,none,,adaptive_mean,docling_rapidocr,qwen,5,0,0,0,5,0.0,0.0,0.0,0,,,,,10.654738148,1
ojo_2026-01-30_1,17,none,,basic,docling_easyocr,qwen,5,0,0,0,5,0.0,0.0,0.0,0,,,,,42.078474886,1
ojo_2026-01-30_1,17,none,,basic,docling_rapidocr,qwen,5,0,0,0,5,0.0,0.0,0.0,0,,,,,10.013152487,1
ojo_2026-01-30_1,17,none,,niblack,docling_rapidocr,qwen,5,0,0,0,5,0.0,0.0,0.0,0,,,,,9.488533995,1
ojo_2026-01-30_1,17,none,,none_color,docling_easyocr,qwen,5,0,0,0,5,0.0,0.0,0.0,0,,,,,40.943345673,1
ojo_2026-01-30_1,17,none,,none_color,docling_rapidocr,qwen,5,0,0,0,5,0.0,0.0,0.0,0,,,,,12.774187214,1
ojo_2026-01-30_1,17,none,,none_grayscale,docling_easyocr,qwen,5,0,0,0,5,0.0,0.0,0.0,0,,,,,44.140303499,1
ojo_2026-01-30_1,17,none,,none_grayscale,docling_rapidocr,qwen,5,0,0,0,5,0.0,0.0,0.0,0,,,,,12.941016085,1
ojo_2026-01-30_1,17,none,,otsu,docling_easyocr,qwen,5,0,0,0,5,0.0,0.0,0.0,0,,,,,39.693702109,1
ojo_2026-01-30_1,17,none,,otsu,docling_rapidocr,qwen,5,0,0,0,5,0.0,0.0,0.0,0,,,,,11.722660668,1
ojo_2026-01-30_1,18,none,,adaptive_gaussian,docling_easyocr,qwen,5,0,0,0,5,0.0,0.0,0.0,0,,,,,39.002041342,1
ojo_2026-01-30_1,18,none,,adaptive_gaussian,docling_rapidocr,qwen,5,0,0,0,5,0.0,0.0,0.0,0,,,,,9.841891052,1
ojo_2026-01-30_1,18,none,,adaptive_mean,docling_easyocr,qwen,5,0,0,0,5,0.0,0.0,0.0,0,,,,,38.634964945,1
ojo_2026-01-30_1,18,none,,basic,docling_easyocr,qwen,5,0,0,0,5,0.0,0.0,0.0,0,,,,,38.929514981,1
ojo_2026-01-30_1,18,none,,basic,docling_rapidocr,qwen,5,0,0,0,5,0.0,0.0,0.0,0,,,,,10.045918322,1
ojo_2026-01-30_1,18,none,,none_color,docling_easyocr,qwen,5,0,0,0,5,0.0,0.0,0.0,0,,,,,34.322426176,1
ojo_2026-01-30_1,18,none,,none_grayscale,docling_easyocr,qwen,5,0,0,0,5,0.0,0.0,0.0,0,,,,,35.079421139,1
ojo_2026-01-30_1,18,none,,otsu,docling_easyocr,qwen,5,0,0,0,5,0.0,0.0,0.0,0,,,,,33.889600611,1
ojo_2026-01-30_1,18,none,,otsu,docling_rapidocr,qwen,5,0,0,0,5,0.0,0.0,0.0,0,,,,,9.448090887,1
ojo_2026-01-30_1,18,none,,yannihorne,docling_easyocr,qwen,5,0,0,0,5,0.0,0.0,0.0,0,,,,,37.144513941,1
ojo_2026-01-30_1,18,none,,yannihorne,docling_rapidocr,qwen,5,0,0,0,5,0.0,0.0,0.0,0,,,,,9.80952034,1
ojo_2026-01-30_1,19,none,,adaptive_gaussian,docling_easyocr,qwen,5,0,0,0,5,0.0,0.0,0.0,0,,,,,39.397998812,1
ojo_2026-01-30_1,19,none,,adaptive_gaussian,docling_rapidocr,qwen,5,0,0,0,5,0.0,0.0,0.0,0,,,,,9.83618212,1
ojo_2026-01-30_1,19,none,,adaptive_mean,docling_easyocr,qwen,5,0,0,0,5,0.0,0.0,0.0,0,,,,,38.39526725,1
ojo_2026-01-30_1,19,none,,basic,docling_easyocr,qwen,5,0,0,0,5,0.0,0.0,0.0,0,,,,,38.132597304,1
ojo_2026-01-30_1,19,none,,basic,docling_rapidocr,qwen,5,0,0,0,5,0.0,0.0,0.0,0,,,,,9.419523573,1
ojo_2026-01-30_1,19,none,,none_color,docling_easyocr,qwen,5,0,0,0,5,0.0,0.0,0.0,0,,,,,34.777166224,1
ojo_2026-01-30_1,19,none,,none_grayscale,docling_easyocr,qwen,5,0,0,0,5,0.0,0.0,0.0,0,,,,,38.571659899,1
ojo_2026-01-30_1,19,none,,otsu,docling_easyocr,qwen,5,0,0,0,5,0.0,0.0,0.0,0,,,,,38.081685377,1
ojo_2026-01-30_1,19,none,,otsu,docling_rapidocr,qwen,5,0,0,0,5,0.0,0.0,0.0,0,,,,,8.571518493,1
ojo_2026-01-30_1,19,none,,yannihorne,docling_easyocr,qwen,5,0,0,0,5,0.0,0.0,0.0,0,,,,,38.372669292,1
ojo_2026-01-30_1,19,none,,yannihorne,docling_rapidocr,qwen,5,0,0,0,5,0.0,0.0,0.0,0,,,,,9.697738958,1
ojo_2026-01-30_1,20,none,,adaptive_gaussian,docling_easyocr,qwen,5,0,0,0,5,0.0,0.0,0.0,0,,,,,39.048530464,1
ojo_2026-01-30_1,20,none,,adaptive_gaussian,docling_rapidocr,qwen,5,0,0,0,5,0.0,0.0,0.0,0,,,,,9.086258535,1
ojo_2026-01-30_1,20,none,,adaptive_mean,docling_easyocr,qwen,5,0,0,0,5,0.0,0.0,0.0,0,,,,,39.073573879,1
ojo_2026-01-30_1,20,none,,basic,docling_easyocr,qwen,5,0,0,0,5,0.0,0.0,0.0,0,,,,,38.348794916,1
ojo_2026-01-30_1,20,none,,basic,docling_rapidocr,qwen,5,0,0,0,5,0.0,0.0,0.0,0,,,,,9.093842962,1
ojo_2026-01-30_1,20,none,,niblack,docling_easyocr,qwen,5,0,0,0,5,0.0,0.0,0.0,0,,,,,34.291649454,1
ojo_2026-01-30_1,20,none,,none_color,docling_easyocr,qwen,5,0,0,0,5,0.0,0.0,0.0,0,,,,,39.269994237,1
ojo_2026-01-30_1,20,none,,none_grayscale,docling_easyocr,qwen,5,0,0,0,5,0.0,0.0,0.0,0,,,,,39.669634559,1
ojo_2026-01-30_1,20,none,,otsu,docling_easyocr,qwen,5,0,0,0,5,0.0,0.0,0.0,0,,,,,38.621412733,1
ojo_2026-01-30_1,20,none,,otsu,docling_rapidocr,qwen,5,0,0,0,5,0.0,0.0,0.0,0,,,,,9.569691875,1
ojo_2026-01-30_1,20,none,,yannihorne,docling_easyocr,qwen,5,0,0,0,5,0.0,0.0,0.0,0,,,,,38.406556346,1
ojo_2026-01-30_1,20,none,,yannihorne,docling_rapidocr,qwen,5,0,0,0,5,0.0,0.0,0.0,0,,,,,10.587563255,1
ojo_2026-01-30_1,21,none,,adaptive_gaussian,docling_easyocr,qwen,5,0,0,0,5,0.0,0.0,0.0,0,,,,,62.273887897,1
ojo_2026-01-30_1,21,none,,adaptive_gaussian,docling_rapidocr,qwen,5,0,0,0,5,0.0,0.0,0.0,0,,,,,30.978172565,1
ojo_2026-01-30_1,21,none,,adaptive_mean,docling_easyocr,qwen,5,0,0,0,5,0.0,0.0,0.0,0,,,,,55.951432491,1
ojo_2026-01-30_1,21,none,,adaptive_mean,docling_rapidocr,qwen,5,0,0,0,5,0.0,0.0,0.0,0,,,,,31.621441389,1
ojo_2026-01-30_1,21,none,,basic,docling_easyocr,qwen,5,0,0,0,5,0.0,0.0,0.0,0,,,,,63.758871911,1
ojo_2026-01-30_1,21,none,,basic,docling_rapidocr,qwen,5,0,0,0,5,0.0,0.0,0.0,0,,,,,31.370091794,1
ojo_2026-01-30_1,21,none,,niblack,docling_easyocr,qwen,5,0,0,0,5,0.0,0.0,0.0,0,,,,,60.025647249,1
ojo_2026-01-30_1,21,none,,niblack,docling_rapidocr,qwen,5,0,0,0,5,0.0,0.0,0.0,0,,,,,30.896888341,1
ojo_2026-01-30_1,21,none,,none_color,docling_easyocr,qwen,5,0,0,0,5,0.0,0.0,0.0,0,,,,,62.16419041,1
ojo_2026-01-30_1,21,none,,none_color,docling_rapidocr,qwen,5,0,0,0,5,0.0,0.0,0.0,0,,,,,33.00985062,1
ojo_2026-01-30_1,21,none,,none_grayscale,docling_easyocr,qwen,5,0,0,0,5,0.0,0.0,0.0,0,,,,,61.431986211,1
ojo_2026-01-30_1,21,none,,none_grayscale,docling_rapidocr,qwen,5,0,0,0,5,0.0,0.0,0.0,0,,,,,31.52949798,1
ojo_2026-01-30_1,21,none,,otsu,docling_easyocr,qwen,5,0,0,0,5,0.0,0.0,0.0,0,,,,,63.234532474,1
ojo_2026-01-30_1,21,none,,otsu,docling_rapidocr,qwen,5,0,0,0,5,0.0,0.0,0.0,0,,,,,31.999233364,1
ojo_2026-01-30_1,22,none,,adaptive_gaussian,docling_easyocr,qwen,5,0,0,0,5,0.0,0.0,0.0,0,,,,,61.269620765,1
ojo_2026-01-30_1,22,none,,adaptive_gaussian,docling_rapidocr,qwen,5,0,0,0,5,0.0,0.0,0.0,0,,,,,30.836825717,1
ojo_2026-01-30_1,22,none,,adaptive_mean,docling_easyocr,qwen,5,0,0,0,5,0.0,0.0,0.0,0,,,,,60.405705083,1
ojo_2026-01-30_1,22,none,,adaptive_mean,docling_rapidocr,qwen,5,0,0,0,5,0.0,0.0,0.0,0,,,,,29.971826662,1
ojo_2026-01-30_1,22,none,,basic,docling_easyocr,qwen,5,0,0,0,5,0.0,0.0,0.0,0,,,,,65.217675888,1
ojo_2026-01-30_1,22,none,,basic,docling_rapidocr,qwen,5,0,0,0,5,0.0,0.0,0.0,0,,,,,32.750118696,1
ojo_2026-01-30_1,22,none,,niblack,docling_easyocr,qwen,5,0,0,0,5,0.0,0.0,0.0,0,,,,,59.277798273,1
ojo_2026-01-30_1,22,none,,niblack,docling_rapidocr,qwen,5,0,0,0,5,0.0,0.0,0.0,0,,,,,30.746331073,1
ojo_2026-01-30_1,22,none,,none_color,docling_easyocr,qwen,5,0,0,0,5,0.0,0.0,0.0,0,,,,,62.227904045,1
ojo_2026-01-30_1,22,none,,none_color,docling_rapidocr,qwen,5,0,0,0,5,0.0,0.0,0.0,0,,,,,32.089764797,1
ojo_2026-01-30_1,22,none,,none_grayscale,docling_easyocr,qwen,5,0,0,0,5,0.0,0.0,0.0,0,,,,,61.538586103,1
ojo_2026-01-30_1,22,none,,none_grayscale,docling_rapidocr,qwen,5,0,0,0,5,0.0,0.0,0.0,0,,,,,33.302271806,1
ojo_2026-01-30_1,22,none,,otsu,docling_easyocr,qwen,5,0,0,0,5,0.0,0.0,0.0,0,,,,,59.559719287,1
ojo_2026-01-30_1,22,none,,otsu,docling_rapidocr,qwen,5,0,0,0,5,0.0,0.0,0.0,0,,,,,32.198958599,1
ojo_2026-01-30_1,23,none,,adaptive_gaussian,docling_easyocr,qwen,5,0,0,0,5,0.0,0.0,0.0,0,,,,,61.005922872,1
ojo_2026-01-30_1,23,none,,adaptive_gaussian,docling_rapidocr,qwen,5,0,0,0,5,0.0,0.0,0.0,0,,,,,30.129119712,1
ojo_2026-01-30_1,23,none,,adaptive_mean,docling_easyocr,qwen,5,0,0,0,5,0.0,0.0,0.0,0,,,,,55.679929811,1
ojo_2026-01-30_1,23,none,,adaptive_mean,docling_rapidocr,qwen,5,0,0,0,5,0.0,0.0,0.0,0,,,,,31.618377286,1
ojo_2026-01-30_1,23,none,,basic,docling_easyocr,qwen,5,0,0,0,5,0.0,0.0,0.0,0,,,,,63.089203529,1
ojo_2026-01-30_1,23,none,,basic,docling_rapidocr,qwen,5,0,0,0,5,0.0,0.0,0.0,0,,,,,31.649628095,1
ojo_2026-01-30_1,23,none,,niblack,docling_easyocr,qwen,5,0,0,0,5,0.0,0.0,0.0,0,,,,,56.40368802,1
ojo_2026-01-30_1,23,none,,niblack,docling_rapidocr,qwen,5,0,0,0,5,0.0,0.0,0.0,0,,,,,30.146062679,1
ojo_2026-01-30_1,23,none,,none_color,docling_easyocr,qwen,5,0,0,0,5,0.0,0.0,0.0,0,,,,,55.775993041,1
ojo_2026-01-30_1,23,none,,none_color,docling_rapidocr,qwen,5,0,0,0,5,0.0,0.0,0.0,0,,,,,32.275663309,1
ojo_2026-01-30_1,23,none,,none_grayscale,docling_easyocr,qwen,5,0,0,0,5,0.0,0.0,0.0,0,,,,,61.369358234,1
ojo_2026-01-30_1,23,none,,none_grayscale,docling_rapidocr,qwen,5,0,0,0,5,0.0,0.0,0.0,0,,,,,31.308734111,1
ojo_2026-01-30_1,23,none,,otsu,docling_easyocr,qwen,5,0,0,0,5,0.0,0.0,0.0,0,,,,,63.646774191,1
ojo_2026-01-30_1,23,none,,otsu,docling_rapidocr,qwen,5,0,0,0,5,0.0,0.0,0.0,0,,,,,31.513499397,1
ojo_2026-01-30_1,24,none,,adaptive_gaussian,docling_easyocr,qwen,5,0,0,0,5,0.0,0.0,0.0,0,,,,,42.1760258,1
ojo_2026-01-30_1,24,none,,adaptive_gaussian,docling_rapidocr,qwen,5,0,0,0,5,0.0,0.0,0.0,0,,,,,11.619257622,1
ojo_2026-01-30_1,24,none,,adaptive_mean,docling_easyocr,qwen,5,0,0,0,5,0.0,0.0,0.0,0,,,,,36.918356113,1
ojo_2026-01-30_1,24,none,,adaptive_mean,docling_rapidocr,qwen,5,0,0,0,5,0.0,0.0,0.0,0,,,,,10.094420366,1
ojo_2026-01-30_1,24,none,,basic,docling_easyocr,qwen,5,0,0,0,5,0.0,0.0,0.0,0,,,,,44.992317703,1
ojo_2026-01-30_1,24,none,,basic,docling_rapidocr,qwen,5,0,0,0,5,0.0,0.0,0.0,0,,,,,13.182371404,1
ojo_2026-01-30_1,24,none,,niblack,docling_easyocr,qwen,5,0,0,0,5,0.0,0.0,0.0,0,,,,,33.962717932,1
ojo_2026-01-30_1,24,none,,niblack,docling_rapidocr,qwen,5,0,0,0,5,0.0,0.0,0.0,0,,,,,9.198600452,1
ojo_2026-01-30_1,24,none,,none_color,docling_easyocr,qwen,5,0,0,0,5,0.0,0.0,0.0,0,,,,,45.049994257,1
ojo_2026-01-30_1,24,none,,none_color,docling_rapidocr,qwen,5,0,0,0,5,0.0,0.0,0.0,0,,,,,13.269666937,1
ojo_2026-01-30_1,24,none,,none_grayscale,docling_easyocr,qwen,5,6,1,5,4,0.166667,0.2,0.181818,5,0.8487383098169735,1.0,0.8,0.8,39.095856455,0
ojo_2026-01-30_1,24,none,,none_grayscale,docling_rapidocr,qwen,5,0,0,0,5,0.0,0.0,0.0,0,,,,,13.658842113,5
ojo_2026-01-30_1,24,none,,otsu,docling_easyocr,qwen,5,0,0,0,5,0.0,0.0,0.0,0,,,,,43.715785364,1
ojo_2026-01-30_1,24,none,,otsu,docling_rapidocr,qwen,5,0,0,0,5,0.0,0.0,0.0,0,,,,,13.080829719,1
ojo_2026-01-30_1,25,none,,adaptive_gaussian,docling_easyocr,qwen,5,0,0,0,5,0.0,0.0,0.0,0,,,,,41.855642656,1
ojo_2026-01-30_1,25,none,,adaptive_gaussian,docling_rapidocr,qwen,5,0,0,0,5,0.0,0.0,0.0,0,,,,,10.619842867,1
ojo_2026-01-30_1,25,none,,adaptive_mean,docling_easyocr,qwen,5,0,0,0,5,0.0,0.0,0.0,0,,,,,41.933001379,1
ojo_2026-01-30_1,25,none,,adaptive_mean,docling_rapidocr,qwen,5,0,0,0,5,0.0,0.0,0.0,0,,,,,10.893436769,1
ojo_2026-01-30_1,25,none,,basic,docling_easyocr,qwen,5,0,0,0,5,0.0,0.0,0.0,0,,,,,38.268593742,1
ojo_2026-01-30_1,25,none,,basic,docling_rapidocr,qwen,5,0,0,0,5,0.0,0.0,0.0,0,,,,,12.408594085,1
ojo_2026-01-30_1,25,none,,niblack,docling_easyocr,qwen,5,0,0,0,5,0.0,0.0,0.0,0,,,,,33.138333647,1
ojo_2026-01-30_1,25,none,,niblack,docling_rapidocr,qwen,5,0,0,0,5,0.0,0.0,0.0,0,,,,,10.121381609,1
ojo_2026-01-30_1,25,none,,none_color,docling_easyocr,qwen,5,0,0,0,5,0.0,0.0,0.0,0,,,,,38.71305175,1
ojo_2026-01-30_1,25,none,,none_color,docling_rapidocr,qwen,5,0,0,0,5,0.0,0.0,0.0,0,,,,,11.305391266,1
ojo_2026-01-30_1,25,none,,none_grayscale,docling_easyocr,qwen,5,0,0,0,5,0.0,0.0,0.0,0,,,,,41.621949865,1
ojo_2026-01-30_1,25,none,,none_grayscale,docling_rapidocr,qwen,5,0,0,0,5,0.0,0.0,0.0,0,,,,,13.81358762,1
ojo_2026-01-30_1,25,none,,otsu,docling_easyocr,qwen,5,0,0,0,5,0.0,0.0,0.0,0,,,,,40.728441265,1
ojo_2026-01-30_1,25,none,,otsu,docling_rapidocr,qwen,5,0,0,0,5,0.0,0.0,0.0,0,,,,,13.5535126,1
ojo_2026-01-30_1,26,none,,adaptive_gaussian,docling_easyocr,qwen,5,0,0,0,5,0.0,0.0,0.0,0,,,,,41.18441122,1
ojo_2026-01-30_1,26,none,,adaptive_gaussian,docling_rapidocr,qwen,5,0,0,0,5,0.0,0.0,0.0,0,,,,,10.444555216,1
ojo_2026-01-30_1,26,none,,adaptive_mean,docling_easyocr,qwen,5,0,0,0,5,0.0,0.0,0.0,0,,,,,40.376996212,1
ojo_2026-01-30_1,26,none,,adaptive_mean,docling_rapidocr,qwen,5,0,0,0,5,0.0,0.0,0.0,0,,,,,9.663721733,1
ojo_2026-01-30_1,26,none,,basic,docling_easyocr,qwen,5,0,0,0,5,0.0,0.0,0.0,0,,,,,45.498190906,1
ojo_2026-01-30_1,26,none,,basic,docling_rapidocr,qwen,5,0,0,0,5,0.0,0.0,0.0,0,,,,,12.470685985,1
ojo_2026-01-30_1,26,none,,niblack,docling_easyocr,qwen,5,0,0,0,5,0.0,0.0,0.0,0,,,,,38.954915518,1
ojo_2026-01-30_1,26,none,,niblack,docling_rapidocr,qwen,5,0,0,0,5,0.0,0.0,0.0,0,,,,,9.992652649,1
ojo_2026-01-30_1,26,none,,none_color,docling_easyocr,qwen,5,5,1,4,4,0.2,0.2,0.2,4,0.8999110070633133,1.05,0.75,0.75,39.196695831,0
ojo_2026-01-30_1,26,none,,none_color,docling_rapidocr,qwen,5,1,0,1,5,0.0,0.0,0.0,1,1.4545454545454546,1.25,0.8,1.0,13.56953862,0
ojo_2026-01-30_1,26,none,,none_grayscale,docling_easyocr,qwen,5,5,1,4,4,0.2,0.2,0.2,4,0.8999110070633133,1.05,0.75,0.75,44.091880825,0
ojo_2026-01-30_1,26,none,,none_grayscale,docling_rapidocr,qwen,5,1,0,1,5,0.0,0.0,0.0,1,1.4545454545454546,1.25,0.8,1.0,13.594309356,0
ojo_2026-01-30_1,26,none,,otsu,docling_easyocr,qwen,5,0,0,0,5,0.0,0.0,0.0,0,,,,,45.129513767,1
ojo_2026-01-30_1,26,none,,otsu,docling_rapidocr,qwen,5,0,0,0,5,0.0,0.0,0.0,0,,,,,12.146820572,1
ojo_2026-01-30_1,27,none,,adaptive_gaussian,docling_easyocr,qwen,5,0,0,0,5,0.0,0.0,0.0,0,,,,,40.750357872,1
ojo_2026-01-30_1,27,none,,adaptive_gaussian,docling_rapidocr,qwen,5,0,0,0,5,0.0,0.0,0.0,0,,,,,9.782482868,1
ojo_2026-01-30_1,27,none,,adaptive_mean,docling_easyocr,qwen,5,0,0,0,5,0.0,0.0,0.0,0,,,,,40.144341236,1
ojo_2026-01-30_1,27,none,,adaptive_mean,docling_rapidocr,qwen,5,0,0,0,5,0.0,0.0,0.0,0,,,,,9.968510395,1
ojo_2026-01-30_1,27,none,,basic,docling_easyocr,qwen,5,0,0,0,5,0.0,0.0,0.0,0,,,,,43.258235077,1
ojo_2026-01-30_1,27,none,,basic,docling_rapidocr,qwen,5,0,0,0,5,0.0,0.0,0.0,0,,,,,12.435572723,1
ojo_2026-01-30_1,27,none,,niblack,docling_easyocr,qwen,5,0,0,0,5,0.0,0.0,0.0,0,,,,,38.978592867,1
ojo_2026-01-30_1,27,none,,niblack,docling_rapidocr,qwen,5,0,0,0,5,0.0,0.0,0.0,0,,,,,9.069232935,1
ojo_2026-01-30_1,27,none,,none_color,docling_easyocr,qwen,5,0,0,0,5,0.0,0.0,0.0,0,,,,,44.773348192,1
ojo_2026-01-30_1,27,none,,none_color,docling_rapidocr,qwen,5,0,0,0,5,0.0,0.0,0.0,0,,,,,13.754641393,1
ojo_2026-01-30_1,27,none,,none_grayscale,docling_easyocr,qwen,5,5,1,4,4,0.2,0.2,0.2,5,0.9199288056506507,1.0,0.7895548118852044,0.8,45.675245861,0
ojo_2026-01-30_1,27,none,,none_grayscale,docling_rapidocr,qwen,5,1,1,0,4,1.0,0.2,0.333333,1,0.8529411764705882,1.0,0.0,0.0,12.504733661,0
ojo_2026-01-30_1,27,none,,otsu,docling_easyocr,qwen,5,0,0,0,5,0.0,0.0,0.0,0,,,,,44.452658053,1
ojo_2026-01-30_1,27,none,,otsu,docling_rapidocr,qwen,5,0,0,0,5,0.0,0.0,0.0,0,,,,,12.529124852,1
ojo_2026-01-30_1,28,none,,adaptive_gaussian,docling_easyocr,qwen,5,0,0,0,5,0.0,0.0,0.0,0,,,,,37.131488106,1
ojo_2026-01-30_1,28,none,,adaptive_gaussian,docling_rapidocr,qwen,5,0,0,0,5,0.0,0.0,0.0,0,,,,,10.718066475,1
ojo_2026-01-30_1,28,none,,adaptive_mean,docling_easyocr,qwen,5,0,0,0,5,0.0,0.0,0.0,0,,,,,40.4960623,1
ojo_2026-01-30_1,28,none,,adaptive_mean,docling_rapidocr,qwen,5,0,0,0,5,0.0,0.0,0.0,0,,,,,9.954031727,1
ojo_2026-01-30_1,28,none,,basic,docling_easyocr,qwen,5,0,0,0,5,0.0,0.0,0.0,0,,,,,44.172438736,1
ojo_2026-01-30_1,28,none,,basic,docling_rapidocr,qwen,5,0,0,0,5,0.0,0.0,0.0,0,,,,,12.988787766,1
ojo_2026-01-30_1,28,none,,niblack,docling_easyocr,qwen,5,0,0,0,5,0.0,0.0,0.0,0,,,,,38.730207764,1
ojo_2026-01-30_1,28,none,,niblack,docling_rapidocr,qwen,5,0,0,0,5,0.0,0.0,0.0,0,,,,,9.533853375,1
ojo_2026-01-30_1,28,none,,none_color,docling_easyocr,qwen,5,0,0,0,5,0.0,0.0,0.0,0,,,,,44.657393809,1
ojo_2026-01-30_1,28,none,,none_color,docling_rapidocr,qwen,5,0,0,0,5,0.0,0.0,0.0,0,,,,,13.618582125,1
ojo_2026-01-30_1,28,none,,none_grayscale,docling_easyocr,qwen,5,6,1,5,4,0.166667,0.2,0.181818,5,0.9343631444584763,1.09,0.7775000000000001,0.8,39.232387658,0
ojo_2026-01-30_1,28,none,,none_grayscale,docling_rapidocr,qwen,5,1,0,1,5,0.0,0.0,0.0,1,1.103448275862069,1.25,0.9375,1.0,13.230176564,0
ojo_2026-01-30_1,28,none,,otsu,docling_easyocr,qwen,5,0,0,0,5,0.0,0.0,0.0,0,,,,,43.729618975,1
ojo_2026-01-30_1,28,none,,otsu,docling_rapidocr,qwen,5,0,0,0,5,0.0,0.0,0.0,0,,,,,13.567019412,1
ojo_2026-01-30_1,29,none,,adaptive_gaussian,docling_easyocr,qwen,5,0,0,0,5,0.0,0.0,0.0,0,,,,,40.045697068,1
ojo_2026-01-30_1,29,none,,adaptive_gaussian,docling_rapidocr,qwen,5,0,0,0,5,0.0,0.0,0.0,0,,,,,9.085950945,1
ojo_2026-01-30_1,29,none,,adaptive_mean,docling_easyocr,qwen,5,0,0,0,5,0.0,0.0,0.0,0,,,,,39.681654309,1
ojo_2026-01-30_1,29,none,,adaptive_mean,docling_rapidocr,qwen,5,0,0,0,5,0.0,0.0,0.0,0,,,,,10.322043513,1
ojo_2026-01-30_1,29,none,,basic,docling_easyocr,qwen,5,0,0,0,5,0.0,0.0,0.0,0,,,,,44.220915266,1
ojo_2026-01-30_1,29,none,,basic,docling_rapidocr,qwen,5,0,0,0,5,0.0,0.0,0.0,0,,,,,13.272734353,1
ojo_2026-01-30_1,29,none,,niblack,docling_easyocr,qwen,5,0,0,0,5,0.0,0.0,0.0,0,,,,,37.987959229,1
ojo_2026-01-30_1,29,none,,niblack,docling_rapidocr,qwen,5,0,0,0,5,0.0,0.0,0.0,0,,,,,8.476156794,1
ojo_2026-01-30_1,29,none,,none_color,docling_easyocr,qwen,5,4,1,3,4,0.25,0.2,0.222222,4,0.9145838177168101,1.0,0.6722226447621945,0.75,43.27344031,0
ojo_2026-01-30_1,29,none,,none_color,docling_rapidocr,qwen,5,10,2,8,3,0.2,0.4,0.266667,5,0.7402831790935652,0.9800000000000001,0.7798205050197748,0.8153846153846154,12.564623305,0
ojo_2026-01-30_1,29,none,,none_grayscale,docling_easyocr,qwen,5,4,1,3,4,0.25,0.2,0.222222,4,0.9145838177168101,1.0,0.6722226447621945,0.75,43.164045283,0
ojo_2026-01-30_1,29,none,,none_grayscale,docling_rapidocr,qwen,5,10,2,8,3,0.2,0.4,0.266667,5,0.7402831790935652,0.9800000000000001,0.7798205050197748,0.8153846153846154,12.91517944,0
ojo_2026-01-30_1,29,none,,otsu,docling_easyocr,qwen,5,0,0,0,5,0.0,0.0,0.0,0,,,,,44.194871136,1
ojo_2026-01-30_1,29,none,,otsu,docling_rapidocr,qwen,5,0,0,0,5,0.0,0.0,0.0,0,,,,,11.892208764,1
ojo_2026-01-30_1,30,none,,adaptive_gaussian,docling_easyocr,qwen,5,0,0,0,5,0.0,0.0,0.0,0,,,,,41.714452216,1
ojo_2026-01-30_1,30,none,,adaptive_gaussian,docling_rapidocr,qwen,5,0,0,0,5,0.0,0.0,0.0,0,,,,,10.625452706,1
ojo_2026-01-30_1,30,none,,adaptive_mean,docling_easyocr,qwen,5,0,0,0,5,0.0,0.0,0.0,0,,,,,39.651825615,1
ojo_2026-01-30_1,30,none,,adaptive_mean,docling_rapidocr,qwen,5,0,0,0,5,0.0,0.0,0.0,0,,,,,9.110542962,1
ojo_2026-01-30_1,30,none,,basic,docling_easyocr,qwen,5,0,0,0,5,0.0,0.0,0.0,0,,,,,42.733851237,1
ojo_2026-01-30_1,30,none,,basic,docling_rapidocr,qwen,5,0,0,0,5,0.0,0.0,0.0,0,,,,,11.141991181,1
ojo_2026-01-30_1,30,none,,niblack,docling_easyocr,qwen,5,0,0,0,5,0.0,0.0,0.0,0,,,,,38.404419671,1
ojo_2026-01-30_1,30,none,,niblack,docling_rapidocr,qwen,5,0,0,0,5,0.0,0.0,0.0,0,,,,,10.169026862,1
ojo_2026-01-30_1,30,none,,none_color,docling_easyocr,qwen,5,0,0,0,5,0.0,0.0,0.0,0,,,,,35.455397648,1
ojo_2026-01-30_1,30,none,,none_color,docling_rapidocr,qwen,5,0,0,0,5,0.0,0.0,0.0,0,,,,,12.294437689,1
ojo_2026-01-30_1,30,none,,none_grayscale,docling_easyocr,qwen,5,0,0,0,5,0.0,0.0,0.0,0,,,,,38.410352272,1
ojo_2026-01-30_1,30,none,,none_grayscale,docling_rapidocr,qwen,5,0,0,0,5,0.0,0.0,0.0,0,,,,,11.252100272,1
ojo_2026-01-30_1,30,none,,otsu,docling_easyocr,qwen,5,0,0,0,5,0.0,0.0,0.0,0,,,,,40.879588957,1
ojo_2026-01-30_1,30,none,,otsu,docling_rapidocr,qwen,5,0,0,0,5,0.0,0.0,0.0,0,,,,,10.956315394,1
ojo_2026-01-30_1,30,none,,yannihorne,docling_easyocr,qwen,5,0,0,0,5,0.0,0.0,0.0,0,,,,,33.703111763,1
ojo_2026-01-30_1,30,none,,yannihorne,docling_rapidocr,qwen,5,0,0,0,5,0.0,0.0,0.0,0,,,,,9.063347693,1
ojo_2026-01-30_1,31,none,,adaptive_gaussian,docling_easyocr,qwen,5,0,0,0,5,0.0,0.0,0.0,0,,,,,40.230064724,1
ojo_2026-01-30_1,31,none,,adaptive_gaussian,docling_rapidocr,qwen,5,0,0,0,5,0.0,0.0,0.0,0,,,,,10.560333107,1
ojo_2026-01-30_1,31,none,,adaptive_mean,docling_easyocr,qwen,5,0,0,0,5,0.0,0.0,0.0,0,,,,,39.492984866,1
ojo_2026-01-30_1,31,none,,adaptive_mean,docling_rapidocr,qwen,5,0,0,0,5,0.0,0.0,0.0,0,,,,,10.491542195,1
ojo_2026-01-30_1,31,none,,basic,docling_easyocr,qwen,5,0,0,0,5,0.0,0.0,0.0,0,,,,,43.769752451,1
ojo_2026-01-30_1,31,none,,basic,docling_rapidocr,qwen,5,0,0,0,5,0.0,0.0,0.0,0,,,,,11.59721274,1
ojo_2026-01-30_1,31,none,,niblack,docling_easyocr,qwen,5,0,0,0,5,0.0,0.0,0.0,0,,,,,39.099198258,1
ojo_2026-01-30_1,31,none,,niblack,docling_rapidocr,qwen,5,0,0,0,5,0.0,0.0,0.0,0,,,,,9.752669489,1
ojo_2026-01-30_1,31,none,,none_color,docling_easyocr,qwen,5,0,0,0,5,0.0,0.0,0.0,0,,,,,42.475952097,1
ojo_2026-01-30_1,31,none,,none_color,docling_rapidocr,qwen,5,0,0,0,5,0.0,0.0,0.0,0,,,,,12.12996287,1
ojo_2026-01-30_1,31,none,,none_grayscale,docling_easyocr,qwen,5,0,0,0,5,0.0,0.0,0.0,0,,,,,40.568379351,1
ojo_2026-01-30_1,31,none,,none_grayscale,docling_rapidocr,qwen,5,0,0,0,5,0.0,0.0,0.0,0,,,,,10.990189501,1
ojo_2026-01-30_1,31,none,,otsu,docling_easyocr,qwen,5,0,0,0,5,0.0,0.0,0.0,0,,,,,38.347439824,1
ojo_2026-01-30_1,31,none,,otsu,docling_rapidocr,qwen,5,0,0,0,5,0.0,0.0,0.0,0,,,,,11.324744044,1
ojo_2026-01-30_1,31,none,,yannihorne,docling_easyocr,qwen,5,0,0,0,5,0.0,0.0,0.0,0,,,,,38.793448506,1
ojo_2026-01-30_1,31,none,,yannihorne,docling_rapidocr,qwen,5,0,0,0,5,0.0,0.0,0.0,0,,,,,9.310746251,1
ojo_2026-01-30_1,32,none,,adaptive_gaussian,docling_easyocr,qwen,5,0,0,0,5,0.0,0.0,0.0,0,,,,,39.942139517,1
ojo_2026-01-30_1,32,none,,adaptive_gaussian,docling_rapidocr,qwen,5,0,0,0,5,0.0,0.0,0.0,0,,,,,9.898928057,1
ojo_2026-01-30_1,32,none,,adaptive_mean,docling_easyocr,qwen,5,0,0,0,5,0.0,0.0,0.0,0,,,,,35.231118809,1
ojo_2026-01-30_1,32,none,,adaptive_mean,docling_rapidocr,qwen,5,0,0,0,5,0.0,0.0,0.0,0,,,,,10.081323754,1
ojo_2026-01-30_1,32,none,,basic,docling_easyocr,qwen,5,0,0,0,5,0.0,0.0,0.0,0,,,,,35.450754866,1
ojo_2026-01-30_1,32,none,,basic,docling_rapidocr,qwen,5,0,0,0,5,0.0,0.0,0.0,0,,,,,11.152592883,1
ojo_2026-01-30_1,32,none,,niblack,docling_easyocr,qwen,5,0,0,0,5,0.0,0.0,0.0,0,,,,,33.536734223,1
ojo_2026-01-30_1,32,none,,niblack,docling_rapidocr,qwen,5,0,0,0,5,0.0,0.0,0.0,0,,,,,8.348095059,1
ojo_2026-01-30_1,32,none,,none_color,docling_easyocr,qwen,5,0,0,0,5,0.0,0.0,0.0,0,,,,,40.410542712,1
ojo_2026-01-30_1,32,none,,none_color,docling_rapidocr,qwen,5,0,0,0,5,0.0,0.0,0.0,0,,,,,9.760801062,1
ojo_2026-01-30_1,32,none,,none_grayscale,docling_easyocr,qwen,5,0,0,0,5,0.0,0.0,0.0,0,,,,,36.397286639,1
ojo_2026-01-30_1,32,none,,none_grayscale,docling_rapidocr,qwen,5,0,0,0,5,0.0,0.0,0.0,0,,,,,11.199868188,1
ojo_2026-01-30_1,32,none,,otsu,docling_easyocr,qwen,5,0,0,0,5,0.0,0.0,0.0,0,,,,,35.995107874,1
ojo_2026-01-30_1,32,none,,otsu,docling_rapidocr,qwen,5,0,0,0,5,0.0,0.0,0.0,0,,,,,11.079342351,1
ojo_2026-01-30_1,32,none,,yannihorne,docling_easyocr,qwen,5,0,0,0,5,0.0,0.0,0.0,0,,,,,35.583040223,1
ojo_2026-01-30_1,32,none,,yannihorne,docling_rapidocr,qwen,5,0,0,0,5,0.0,0.0,0.0,0,,,,,10.790145621,1
ojo_2026-01-30_1,33,none,,adaptive_gaussian,docling_easyocr,qwen,5,0,0,0,5,0.0,0.0,0.0,0,,,,,39.460396275,1
ojo_2026-01-30_1,33,none,,adaptive_gaussian,docling_rapidocr,qwen,5,0,0,0,5,0.0,0.0,0.0,0,,,,,9.951843247,1
ojo_2026-01-30_1,33,none,,adaptive_mean,docling_easyocr,qwen,5,0,0,0,5,0.0,0.0,0.0,0,,,,,39.715837941,1
ojo_2026-01-30_1,33,none,,adaptive_mean,docling_rapidocr,qwen,5,0,0,0,5,0.0,0.0,0.0,0,,,,,9.148596749,1
ojo_2026-01-30_1,33,none,,basic,docling_easyocr,qwen,5,0,0,0,5,0.0,0.0,0.0,0,,,,,43.676118691,1
ojo_2026-01-30_1,33,none,,basic,docling_rapidocr,qwen,5,0,0,0,5,0.0,0.0,0.0,0,,,,,11.513183434,1
ojo_2026-01-30_1,33,none,,niblack,docling_easyocr,qwen,5,0,0,0,5,0.0,0.0,0.0,0,,,,,36.029168891,1
ojo_2026-01-30_1,33,none,,niblack,docling_rapidocr,qwen,5,0,0,0,5,0.0,0.0,0.0,0,,,,,9.893469618,1
ojo_2026-01-30_1,33,none,,none_color,docling_easyocr,qwen,5,0,0,0,5,0.0,0.0,0.0,0,,,,,43.077984173,1
ojo_2026-01-30_1,33,none,,none_color,docling_rapidocr,qwen,5,0,0,0,5,0.0,0.0,0.0,0,,,,,12.079235394,1
ojo_2026-01-30_1,33,none,,none_grayscale,docling_easyocr,qwen,5,0,0,0,5,0.0,0.0,0.0,0,,,,,42.758083422,1
ojo_2026-01-30_1,33,none,,none_grayscale,docling_rapidocr,qwen,5,0,0,0,5,0.0,0.0,0.0,0,,,,,11.495235999,1
ojo_2026-01-30_1,33,none,,otsu,docling_easyocr,qwen,5,0,0,0,5,0.0,0.0,0.0,0,,,,,38.700418624,1
ojo_2026-01-30_1,33,none,,otsu,docling_rapidocr,qwen,5,0,0,0,5,0.0,0.0,0.0,0,,,,,10.633033665,1
ojo_2026-01-30_1,33,none,,yannihorne,docling_easyocr,qwen,5,0,0,0,5,0.0,0.0,0.0,0,,,,,38.446966084,1
ojo_2026-01-30_1,33,none,,yannihorne,docling_rapidocr,qwen,5,0,0,0,5,0.0,0.0,0.0,0,,,,,9.603089722,1
ojo_2026-01-30_1,34,none,,adaptive_gaussian,docling_easyocr,qwen,5,0,0,0,5,0.0,0.0,0.0,0,,,,,40.048875151,1
ojo_2026-01-30_1,34,none,,adaptive_gaussian,docling_rapidocr,qwen,5,0,0,0,5,0.0,0.0,0.0,0,,,,,10.234787522,1
ojo_2026-01-30_1,34,none,,adaptive_mean,docling_easyocr,qwen,5,0,0,0,5,0.0,0.0,0.0,0,,,,,39.089909611,1
ojo_2026-01-30_1,34,none,,adaptive_mean,docling_rapidocr,qwen,5,0,0,0,5,0.0,0.0,0.0,0,,,,,10.41789013,1
ojo_2026-01-30_1,34,none,,basic,docling_easyocr,qwen,5,0,0,0,5,0.0,0.0,0.0,0,,,,,43.753829154,1
ojo_2026-01-30_1,34,none,,basic,docling_rapidocr,qwen,5,0,0,0,5,0.0,0.0,0.0,0,,,,,11.666290911,1
ojo_2026-01-30_1,34,none,,niblack,docling_easyocr,qwen,5,0,0,0,5,0.0,0.0,0.0,0,,,,,38.654687285,1
ojo_2026-01-30_1,34,none,,niblack,docling_rapidocr,qwen,5,0,0,0,5,0.0,0.0,0.0,0,,,,,9.751217007,1
ojo_2026-01-30_1,34,none,,none_color,docling_easyocr,qwen,5,0,0,0,5,0.0,0.0,0.0,0,,,,,43.29891673,1
ojo_2026-01-30_1,34,none,,none_color,docling_rapidocr,qwen,5,0,0,0,5,0.0,0.0,0.0,0,,,,,13.138040932,1
ojo_2026-01-30_1,34,none,,none_grayscale,docling_easyocr,qwen,5,0,0,0,5,0.0,0.0,0.0,0,,,,,41.333673628,1
ojo_2026-01-30_1,34,none,,none_grayscale,docling_rapidocr,qwen,5,0,0,0,5,0.0,0.0,0.0,0,,,,,12.683721932,1
ojo_2026-01-30_1,34,none,,otsu,docling_easyocr,qwen,5,0,0,0,5,0.0,0.0,0.0,0,,,,,42.714686141,1
ojo_2026-01-30_1,34,none,,otsu,docling_rapidocr,qwen,5,0,0,0,5,0.0,0.0,0.0,0,,,,,12.038536534,1
ojo_2026-01-30_1,35,none,,adaptive_gaussian,docling_easyocr,qwen,5,0,0,0,5,0.0,0.0,0.0,0,,,,,39.660959851,1
ojo_2026-01-30_1,35,none,,adaptive_gaussian,docling_rapidocr,qwen,5,0,0,0,5,0.0,0.0,0.0,0,,,,,9.666003834,1
ojo_2026-01-30_1,35,none,,adaptive_mean,docling_easyocr,qwen,5,0,0,0,5,0.0,0.0,0.0,0,,,,,39.750118147,1
ojo_2026-01-30_1,35,none,,adaptive_mean,docling_rapidocr,qwen,5,0,0,0,5,0.0,0.0,0.0,0,,,,,10.185179602,1
ojo_2026-01-30_1,35,none,,basic,docling_easyocr,qwen,5,0,0,0,5,0.0,0.0,0.0,0,,,,,42.07168673,1
ojo_2026-01-30_1,35,none,,basic,docling_rapidocr,qwen,5,0,0,0,5,0.0,0.0,0.0,0,,,,,10.839551434,1
ojo_2026-01-30_1,35,none,,niblack,docling_easyocr,qwen,5,0,0,0,5,0.0,0.0,0.0,0,,,,,36.022032452,1
ojo_2026-01-30_1,35,none,,niblack,docling_rapidocr,qwen,5,0,0,0,5,0.0,0.0,0.0,0,,,,,9.988047553,1
ojo_2026-01-30_1,35,none,,none_color,docling_easyocr,qwen,5,0,0,0,5,0.0,0.0,0.0,0,,,,,38.289162383,1
ojo_2026-01-30_1,35,none,,none_color,docling_rapidocr,qwen,5,0,0,0,5,0.0,0.0,0.0,0,,,,,11.485274062,1
ojo_2026-01-30_1,35,none,,none_grayscale,docling_easyocr,qwen,5,0,0,0,5,0.0,0.0,0.0,0,,,,,42.040355191,1
ojo_2026-01-30_1,35,none,,none_grayscale,docling_rapidocr,qwen,5,0,0,0,5,0.0,0.0,0.0,0,,,,,10.156988368,1
ojo_2026-01-30_1,35,none,,otsu,docling_easyocr,qwen,5,0,0,0,5,0.0,0.0,0.0,0,,,,,41.032171196,1
ojo_2026-01-30_1,35,none,,otsu,docling_rapidocr,qwen,5,0,0,0,5,0.0,0.0,0.0,0,,,,,11.034504122,1
ojo_2026-01-30_1,35,none,,yannihorne,docling_easyocr,qwen,5,0,0,0,5,0.0,0.0,0.0,0,,,,,38.622392363,1
ojo_2026-01-30_1,35,none,,yannihorne,docling_rapidocr,qwen,5,0,0,0,5,0.0,0.0,0.0,0,,,,,9.652002758,1
ojo_2026-01-30_1,36,none,,adaptive_gaussian,docling_easyocr,qwen,5,0,0,0,5,0.0,0.0,0.0,0,,,,,40.086340136,1
ojo_2026-01-30_1,36,none,,adaptive_gaussian,docling_rapidocr,qwen,5,0,0,0,5,0.0,0.0,0.0,0,,,,,9.910350746,1
ojo_2026-01-30_1,36,none,,adaptive_mean,docling_easyocr,qwen,5,0,0,0,5,0.0,0.0,0.0,0,,,,,35.811391062,1
ojo_2026-01-30_1,36,none,,adaptive_mean,docling_rapidocr,qwen,5,0,0,0,5,0.0,0.0,0.0,0,,,,,10.164385266,1
ojo_2026-01-30_1,36,none,,basic,docling_easyocr,qwen,5,0,0,0,5,0.0,0.0,0.0,0,,,,,38.131136935,1
ojo_2026-01-30_1,36,none,,basic,docling_rapidocr,qwen,5,0,0,0,5,0.0,0.0,0.0,0,,,,,11.257777731,1
ojo_2026-01-30_1,36,none,,niblack,docling_easyocr,qwen,5,0,0,0,5,0.0,0.0,0.0,0,,,,,38.331216105,1
ojo_2026-01-30_1,36,none,,niblack,docling_rapidocr,qwen,5,0,0,0,5,0.0,0.0,0.0,0,,,,,9.983301647,1
ojo_2026-01-30_1,36,none,,none_color,docling_easyocr,qwen,5,0,0,0,5,0.0,0.0,0.0,0,,,,,41.998103421,1
ojo_2026-01-30_1,36,none,,none_color,docling_rapidocr,qwen,5,0,0,0,5,0.0,0.0,0.0,0,,,,,10.983424942,1
ojo_2026-01-30_1,36,none,,none_grayscale,docling_easyocr,qwen,5,0,0,0,5,0.0,0.0,0.0,0,,,,,41.965956251,1
ojo_2026-01-30_1,36,none,,none_grayscale,docling_rapidocr,qwen,5,0,0,0,5,0.0,0.0,0.0,0,,,,,11.826242487,1
ojo_2026-01-30_1,36,none,,otsu,docling_easyocr,qwen,5,0,0,0,5,0.0,0.0,0.0,0,,,,,39.038473957,1
ojo_2026-01-30_1,36,none,,otsu,docling_rapidocr,qwen,5,0,0,0,5,0.0,0.0,0.0,0,,,,,11.663334006,1
ojo_2026-01-30_1,36,none,,yannihorne,docling_easyocr,qwen,5,0,0,0,5,0.0,0.0,0.0,0,,,,,37.740426415,1
ojo_2026-01-30_1,36,none,,yannihorne,docling_rapidocr,qwen,5,0,0,0,5,0.0,0.0,0.0,0,,,,,9.409124726,1
ojo_2026-01-30_1,37,none,,adaptive_gaussian,docling_easyocr,qwen,5,0,0,0,5,0.0,0.0,0.0,0,,,,,39.548808594,1
ojo_2026-01-30_1,37,none,,adaptive_gaussian,docling_rapidocr,qwen,5,0,0,0,5,0.0,0.0,0.0,0,,,,,9.959638376,1
ojo_2026-01-30_1,37,none,,adaptive_mean,docling_easyocr,qwen,5,0,0,0,5,0.0,0.0,0.0,0,,,,,39.844148894,1
ojo_2026-01-30_1,37,none,,adaptive_mean,docling_rapidocr,qwen,5,0,0,0,5,0.0,0.0,0.0,0,,,,,9.042447348,1
ojo_2026-01-30_1,37,none,,basic,docling_easyocr,qwen,5,0,0,0,5,0.0,0.0,0.0,0,,,,,44.437014216,1
ojo_2026-01-30_1,37,none,,basic,docling_rapidocr,qwen,5,0,0,0,5,0.0,0.0,0.0,0,,,,,11.960587376,1
ojo_2026-01-30_1,37,none,,niblack,docling_easyocr,qwen,5,0,0,0,5,0.0,0.0,0.0,0,,,,,38.57347258,1
ojo_2026-01-30_1,37,none,,niblack,docling_rapidocr,qwen,5,0,0,0,5,0.0,0.0,0.0,0,,,,,9.048993191,1
ojo_2026-01-30_1,37,none,,none_color,docling_easyocr,qwen,5,0,0,0,5,0.0,0.0,0.0,0,,,,,38.701918238,1
ojo_2026-01-30_1,37,none,,none_color,docling_rapidocr,qwen,5,0,0,0,5,0.0,0.0,0.0,0,,,,,12.339585894,1
ojo_2026-01-30_1,37,none,,none_grayscale,docling_easyocr,qwen,5,0,0,0,5,0.0,0.0,0.0,0,,,,,44.043933981,1
ojo_2026-01-30_1,37,none,,none_grayscale,docling_rapidocr,qwen,5,0,0,0,5,0.0,0.0,0.0,0,,,,,11.728912228,1
ojo_2026-01-30_1,37,none,,otsu,docling_easyocr,qwen,5,0,0,0,5,0.0,0.0,0.0,0,,,,,43.919260449,1
ojo_2026-01-30_1,37,none,,otsu,docling_rapidocr,qwen,5,0,0,0,5,0.0,0.0,0.0,0,,,,,11.688830799,1
ojo_2026-01-30_1,38,none,,adaptive_gaussian,docling_easyocr,qwen,5,0,0,0,5,0.0,0.0,0.0,0,,,,,39.661113831,1
ojo_2026-01-30_1,38,none,,adaptive_gaussian,docling_rapidocr,qwen,5,0,0,0,5,0.0,0.0,0.0,0,,,,,9.755245301,1
ojo_2026-01-30_1,38,none,,adaptive_mean,docling_easyocr,qwen,5,0,0,0,5,0.0,0.0,0.0,0,,,,,39.653362604,1
ojo_2026-01-30_1,38,none,,adaptive_mean,docling_rapidocr,qwen,5,0,0,0,5,0.0,0.0,0.0,0,,,,,9.675048443,1
ojo_2026-01-30_1,38,none,,basic,docling_easyocr,qwen,5,0,0,0,5,0.0,0.0,0.0,0,,,,,41.690663761,1
ojo_2026-01-30_1,38,none,,basic,docling_rapidocr,qwen,5,0,0,0,5,0.0,0.0,0.0,0,,,,,11.264834112,1
ojo_2026-01-30_1,38,none,,niblack,docling_easyocr,qwen,5,0,0,0,5,0.0,0.0,0.0,0,,,,,38.967341742,1
ojo_2026-01-30_1,38,none,,niblack,docling_rapidocr,qwen,5,0,0,0,5,0.0,0.0,0.0,0,,,,,10.312728247,1
ojo_2026-01-30_1,38,none,,none_color,docling_easyocr,qwen,5,0,0,0,5,0.0,0.0,0.0,0,,,,,41.537386841,1
ojo_2026-01-30_1,38,none,,none_color,docling_rapidocr,qwen,5,0,0,0,5,0.0,0.0,0.0,0,,,,,12.109871334,1
ojo_2026-01-30_1,38,none,,none_grayscale,docling_easyocr,qwen,5,0,0,0,5,0.0,0.0,0.0,0,,,,,41.20152945,1
ojo_2026-01-30_1,38,none,,none_grayscale,docling_rapidocr,qwen,5,0,0,0,5,0.0,0.0,0.0,0,,,,,12.026591486,1
ojo_2026-01-30_1,38,none,,otsu,docling_easyocr,qwen,5,0,0,0,5,0.0,0.0,0.0,0,,,,,42.223675913,1
ojo_2026-01-30_1,38,none,,otsu,docling_rapidocr,qwen,5,0,0,0,5,0.0,0.0,0.0,0,,,,,11.641220516,1
ojo_2026-01-30_1,38,none,,yannihorne,docling_easyocr,qwen,5,0,0,0,5,0.0,0.0,0.0,0,,,,,37.983084864,1
ojo_2026-01-30_1,38,none,,yannihorne,docling_rapidocr,qwen,5,0,0,0,5,0.0,0.0,0.0,0,,,,,9.335951275,1
ojo_2026-01-30_1,39,none,,adaptive_gaussian,docling_easyocr,qwen,5,0,0,0,5,0.0,0.0,0.0,0,,,,,46.742243418,1
ojo_2026-01-30_1,39,none,,adaptive_gaussian,docling_rapidocr,qwen,5,0,0,0,5,0.0,0.0,0.0,0,,,,,16.92355741,1
ojo_2026-01-30_1,39,none,,adaptive_mean,docling_easyocr,qwen,5,0,0,0,5,0.0,0.0,0.0,0,,,,,47.436570772,1
ojo_2026-01-30_1,39,none,,adaptive_mean,docling_rapidocr,qwen,5,0,0,0,5,0.0,0.0,0.0,0,,,,,15.785894522,1
ojo_2026-01-30_1,39,none,,basic,docling_easyocr,qwen,5,0,0,0,5,0.0,0.0,0.0,0,,,,,45.517276032,1
ojo_2026-01-30_1,39,none,,basic,docling_rapidocr,qwen,5,0,0,0,5,0.0,0.0,0.0,0,,,,,20.170721514,1
ojo_2026-01-30_1,39,none,,niblack,docling_easyocr,qwen,5,0,0,0,5,0.0,0.0,0.0,0,,,,,41.217591641,1
ojo_2026-01-30_1,39,none,,niblack,docling_rapidocr,qwen,5,0,0,0,5,0.0,0.0,0.0,0,,,,,16.460765002,1
ojo_2026-01-30_1,39,none,,none_color,docling_easyocr,qwen,5,0,0,0,5,0.0,0.0,0.0,0,,,,,51.823285801,1
ojo_2026-01-30_1,39,none,,none_color,docling_rapidocr,qwen,5,0,0,0,5,0.0,0.0,0.0,0,,,,,18.9356551,1
ojo_2026-01-30_1,39,none,,none_grayscale,docling_easyocr,qwen,5,8,1,7,4,0.125,0.2,0.153846,5,0.9225984385761233,1.05,0.7975,0.8,46.079541666,0
ojo_2026-01-30_1,39,none,,none_grayscale,docling_rapidocr,qwen,5,0,0,0,5,0.0,0.0,0.0,0,,,,,19.185413105,1
ojo_2026-01-30_1,39,none,,otsu,docling_easyocr,qwen,5,0,0,0,5,0.0,0.0,0.0,0,,,,,50.43669311,1
ojo_2026-01-30_1,39,none,,otsu,docling_rapidocr,qwen,5,0,0,0,5,0.0,0.0,0.0,0,,,,,18.607979455,1
ojo_2026-01-30_1,40,none,,adaptive_gaussian,docling_easyocr,qwen,5,0,0,0,5,0.0,0.0,0.0,0,,,,,48.43255589,1
ojo_2026-01-30_1,40,none,,adaptive_gaussian,docling_rapidocr,qwen,5,0,0,0,5,0.0,0.0,0.0,0,,,,,17.707746482,1
ojo_2026-01-30_1,40,none,,adaptive_mean,docling_easyocr,qwen,5,0,0,0,5,0.0,0.0,0.0,0,,,,,42.072925544,1
ojo_2026-01-30_1,40,none,,adaptive_mean,docling_rapidocr,qwen,5,0,0,0,5,0.0,0.0,0.0,0,,,,,16.863052821,1
ojo_2026-01-30_1,40,none,,basic,docling_easyocr,qwen,5,0,0,0,5,0.0,0.0,0.0,0,,,,,51.078928302,1
ojo_2026-01-30_1,40,none,,basic,docling_rapidocr,qwen,5,0,0,0,5,0.0,0.0,0.0,0,,,,,20.863127063,1
ojo_2026-01-30_1,40,none,,niblack,docling_easyocr,qwen,5,0,0,0,5,0.0,0.0,0.0,0,,,,,45.395616164,1
ojo_2026-01-30_1,40,none,,niblack,docling_rapidocr,qwen,5,0,0,0,5,0.0,0.0,0.0,0,,,,,16.383745065,1
ojo_2026-01-30_1,40,none,,none_color,docling_easyocr,qwen,5,0,0,0,5,0.0,0.0,0.0,0,,,,,50.042752574,1
ojo_2026-01-30_1,40,none,,none_color,docling_rapidocr,qwen,5,0,0,0,5,0.0,0.0,0.0,0,,,,,19.864046166,1
ojo_2026-01-30_1,40,none,,none_grayscale,docling_easyocr,qwen,5,5,1,4,4,0.2,0.2,0.2,5,0.9258111585918272,1.04,0.7964912280701755,0.8,49.531870435,0
ojo_2026-01-30_1,40,none,,none_grayscale,docling_rapidocr,qwen,5,0,0,0,5,0.0,0.0,0.0,0,,,,,19.711064885,3
ojo_2026-01-30_1,40,none,,otsu,docling_easyocr,qwen,5,0,0,0,5,0.0,0.0,0.0,0,,,,,51.118607425,1
ojo_2026-01-30_1,40,none,,otsu,docling_rapidocr,qwen,5,0,0,0,5,0.0,0.0,0.0,0,,,,,20.031518601,1
ojo_2026-01-30_1,41,none,,adaptive_gaussian,docling_easyocr,qwen,5,0,0,0,5,0.0,0.0,0.0,0,,,,,43.325546967,1
ojo_2026-01-30_1,41,none,,adaptive_gaussian,docling_rapidocr,qwen,5,0,0,0,5,0.0,0.0,0.0,0,,,,,16.923752057,1
ojo_2026-01-30_1,41,none,,adaptive_mean,docling_easyocr,qwen,5,0,0,0,5,0.0,0.0,0.0,0,,,,,42.515521275,1
ojo_2026-01-30_1,41,none,,adaptive_mean,docling_rapidocr,qwen,5,0,0,0,5,0.0,0.0,0.0,0,,,,,16.580002772,1
ojo_2026-01-30_1,41,none,,basic,docling_easyocr,qwen,5,0,0,0,5,0.0,0.0,0.0,0,,,,,50.73339685,1
ojo_2026-01-30_1,41,none,,basic,docling_rapidocr,qwen,5,0,0,0,5,0.0,0.0,0.0,0,,,,,19.252386413,1
ojo_2026-01-30_1,41,none,,niblack,docling_easyocr,qwen,5,0,0,0,5,0.0,0.0,0.0,0,,,,,45.630811667,1
ojo_2026-01-30_1,41,none,,niblack,docling_rapidocr,qwen,5,0,0,0,5,0.0,0.0,0.0,0,,,,,16.70635221,1
ojo_2026-01-30_1,41,none,,none_color,docling_easyocr,qwen,5,6,2,4,3,0.333333,0.4,0.363636,5,1.1104081390389848,1.25,0.6833333333333333,0.7692307692307693,46.584005198,0
ojo_2026-01-30_1,41,none,,none_color,docling_rapidocr,qwen,5,6,3,3,2,0.5,0.6,0.545455,5,0.7873420026229769,1.06,0.5787993104147653,0.6557692307692308,19.865907273,0
ojo_2026-01-30_1,41,none,,none_grayscale,docling_easyocr,qwen,5,5,2,3,3,0.4,0.4,0.4,5,1.0781500745228558,1.2,0.6008011357874455,0.7817307692307692,46.9103721,0
ojo_2026-01-30_1,41,none,,none_grayscale,docling_rapidocr,qwen,5,6,3,3,2,0.5,0.6,0.545455,5,0.7873420026229769,1.06,0.5787993104147653,0.6557692307692308,19.615390143,0
ojo_2026-01-30_1,41,none,,otsu,docling_easyocr,qwen,5,0,0,0,5,0.0,0.0,0.0,0,,,,,46.418370328,1
ojo_2026-01-30_1,41,none,,otsu,docling_rapidocr,qwen,5,0,0,0,5,0.0,0.0,0.0,0,,,,,18.486296019,1
ojo_2026-01-30_1,42,none,,adaptive_gaussian,docling_easyocr,qwen,5,0,0,0,5,0.0,0.0,0.0,0,,,,,41.756561162,1
ojo_2026-01-30_1,42,none,,adaptive_gaussian,docling_rapidocr,qwen,5,0,0,0,5,0.0,0.0,0.0,0,,,,,10.703352811,1
ojo_2026-01-30_1,42,none,,adaptive_mean,docling_easyocr,qwen,5,0,0,0,5,0.0,0.0,0.0,0,,,,,42.977573516,1
ojo_2026-01-30_1,42,none,,adaptive_mean,docling_rapidocr,qwen,5,0,0,0,5,0.0,0.0,0.0,0,,,,,10.440728547,1
ojo_2026-01-30_1,42,none,,basic,docling_easyocr,qwen,5,0,0,0,5,0.0,0.0,0.0,0,,,,,43.873217797,1
ojo_2026-01-30_1,42,none,,basic,docling_rapidocr,qwen,5,0,0,0,5,0.0,0.0,0.0,0,,,,,10.976826644,1
ojo_2026-01-30_1,42,none,,niblack,docling_rapidocr,qwen,5,0,0,0,5,0.0,0.0,0.0,0,,,,,9.978814784,1
ojo_2026-01-30_1,42,none,,none_color,docling_easyocr,qwen,5,0,0,0,5,0.0,0.0,0.0,0,,,,,44.419790959,1
ojo_2026-01-30_1,42,none,,none_color,docling_rapidocr,qwen,5,0,0,0,5,0.0,0.0,0.0,0,,,,,12.291965699,1
ojo_2026-01-30_1,42,none,,none_grayscale,docling_easyocr,qwen,5,0,0,0,5,0.0,0.0,0.0,0,,,,,43.422281718,1
ojo_2026-01-30_1,42,none,,none_grayscale,docling_rapidocr,qwen,5,0,0,0,5,0.0,0.0,0.0,0,,,,,11.854864097,1
ojo_2026-01-30_1,42,none,,otsu,docling_easyocr,qwen,5,0,0,0,5,0.0,0.0,0.0,0,,,,,43.591306973,1
ojo_2026-01-30_1,42,none,,otsu,docling_rapidocr,qwen,5,0,0,0,5,0.0,0.0,0.0,0,,,,,11.734239865,1
ojo_2026-01-30_1,43,none,,adaptive_gaussian,docling_easyocr,qwen,5,0,0,0,5,0.0,0.0,0.0,0,,,,,42.246987775,1
ojo_2026-01-30_1,43,none,,adaptive_gaussian,docling_rapidocr,qwen,5,0,0,0,5,0.0,0.0,0.0,0,,,,,10.041795447,1
ojo_2026-01-30_1,43,none,,adaptive_mean,docling_easyocr,qwen,5,0,0,0,5,0.0,0.0,0.0,0,,,,,43.229060605,1
ojo_2026-01-30_1,43,none,,adaptive_mean,docling_rapidocr,qwen,5,0,0,0,5,0.0,0.0,0.0,0,,,,,10.472904399,1
ojo_2026-01-30_1,43,none,,basic,docling_easyocr,qwen,5,0,0,0,5,0.0,0.0,0.0,0,,,,,40.659452725,1
ojo_2026-01-30_1,43,none,,basic,docling_rapidocr,qwen,5,0,0,0,5,0.0,0.0,0.0,0,,,,,11.511818934,1
ojo_2026-01-30_1,43,none,,niblack,docling_rapidocr,qwen,5,0,0,0,5,0.0,0.0,0.0,0,,,,,9.015936152,1
ojo_2026-01-30_1,43,none,,none_color,docling_easyocr,qwen,5,0,0,0,5,0.0,0.0,0.0,0,,,,,43.331687976,1
ojo_2026-01-30_1,43,none,,none_color,docling_rapidocr,qwen,5,0,0,0,5,0.0,0.0,0.0,0,,,,,11.637107182,1
ojo_2026-01-30_1,43,none,,none_grayscale,docling_easyocr,qwen,5,0,0,0,5,0.0,0.0,0.0,0,,,,,42.275654364,1
ojo_2026-01-30_1,43,none,,none_grayscale,docling_rapidocr,qwen,5,0,0,0,5,0.0,0.0,0.0,0,,,,,12.067037393,1
ojo_2026-01-30_1,43,none,,otsu,docling_easyocr,qwen,5,0,0,0,5,0.0,0.0,0.0,0,,,,,39.034908161,1
ojo_2026-01-30_1,43,none,,otsu,docling_rapidocr,qwen,5,0,0,0,5,0.0,0.0,0.0,0,,,,,11.99632822,1
ojo_2026-01-30_1,44,none,,adaptive_gaussian,docling_easyocr,qwen,5,0,0,0,5,0.0,0.0,0.0,0,,,,,43.023930012,1
ojo_2026-01-30_1,44,none,,adaptive_gaussian,docling_rapidocr,qwen,5,0,0,0,5,0.0,0.0,0.0,0,,,,,10.813853918,1
ojo_2026-01-30_1,44,none,,adaptive_mean,docling_easyocr,qwen,5,0,0,0,5,0.0,0.0,0.0,0,,,,,43.738845049,1
ojo_2026-01-30_1,44,none,,adaptive_mean,docling_rapidocr,qwen,5,0,0,0,5,0.0,0.0,0.0,0,,,,,9.582025705,1
ojo_2026-01-30_1,44,none,,basic,docling_easyocr,qwen,5,0,0,0,5,0.0,0.0,0.0,0,,,,,42.178108248,1
ojo_2026-01-30_1,44,none,,basic,docling_rapidocr,qwen,5,0,0,0,5,0.0,0.0,0.0,0,,,,,10.534414801,1
ojo_2026-01-30_1,44,none,,niblack,docling_rapidocr,qwen,5,0,0,0,5,0.0,0.0,0.0,0,,,,,9.323780226,1
ojo_2026-01-30_1,44,none,,none_color,docling_easyocr,qwen,5,0,0,0,5,0.0,0.0,0.0,0,,,,,40.898975405,1
ojo_2026-01-30_1,44,none,,none_color,docling_rapidocr,qwen,5,0,0,0,5,0.0,0.0,0.0,0,,,,,12.289538654,1
ojo_2026-01-30_1,44,none,,none_grayscale,docling_easyocr,qwen,5,0,0,0,5,0.0,0.0,0.0,0,,,,,43.401783499,1
ojo_2026-01-30_1,44,none,,none_grayscale,docling_rapidocr,qwen,5,0,0,0,5,0.0,0.0,0.0,0,,,,,11.913881334,1
ojo_2026-01-30_1,44,none,,otsu,docling_easyocr,qwen,5,0,0,0,5,0.0,0.0,0.0,0,,,,,38.929120811,1
ojo_2026-01-30_1,44,none,,otsu,docling_rapidocr,qwen,5,0,0,0,5,0.0,0.0,0.0,0,,,,,10.791041168,1
ojo_2026-01-30_1,45,none,,adaptive_gaussian,docling_easyocr,qwen,5,0,0,0,5,0.0,0.0,0.0,0,,,,,40.176461004,1
ojo_2026-01-30_1,45,none,,adaptive_mean,docling_easyocr,qwen,5,0,0,0,5,0.0,0.0,0.0,0,,,,,38.68345661,1
ojo_2026-01-30_1,45,none,,basic,docling_easyocr,qwen,5,0,0,0,5,0.0,0.0,0.0,0,,,,,38.471305963,1
ojo_2026-01-30_1,45,none,,basic,docling_rapidocr,qwen,5,0,0,0,5,0.0,0.0,0.0,0,,,,,9.507333157,1
ojo_2026-01-30_1,45,none,,niblack,docling_easyocr,qwen,5,0,0,0,5,0.0,0.0,0.0,0,,,,,39.31475712,1
ojo_2026-01-30_1,45,none,,none_color,docling_easyocr,qwen,5,0,0,0,5,0.0,0.0,0.0,0,,,,,34.397271749,1
ojo_2026-01-30_1,45,none,,none_grayscale,docling_easyocr,qwen,5,0,0,0,5,0.0,0.0,0.0,0,,,,,39.596065876,1
ojo_2026-01-30_1,45,none,,otsu,docling_easyocr,qwen,5,0,0,0,5,0.0,0.0,0.0,0,,,,,39.187575933,1
ojo_2026-01-30_1,45,none,,otsu,docling_rapidocr,qwen,5,0,0,0,5,0.0,0.0,0.0,0,,,,,8.393410084,1
ojo_2026-01-30_1,45,none,,yannihorne,docling_easyocr,qwen,5,0,0,0,5,0.0,0.0,0.0,0,,,,,34.513586161,1
ojo_2026-01-30_1,45,none,,yannihorne,docling_rapidocr,qwen,5,0,0,0,5,0.0,0.0,0.0,0,,,,,10.835837719,1
ojo_2026-01-30_1,46,none,,adaptive_gaussian,docling_easyocr,qwen,5,0,0,0,5,0.0,0.0,0.0,0,,,,,39.338126537,1
ojo_2026-01-30_1,46,none,,adaptive_mean,docling_easyocr,qwen,5,0,0,0,5,0.0,0.0,0.0,0,,,,,39.35432057,1
ojo_2026-01-30_1,46,none,,basic,docling_easyocr,qwen,5,0,0,0,5,0.0,0.0,0.0,0,,,,,39.329065771,1
ojo_2026-01-30_1,46,none,,basic,docling_rapidocr,qwen,5,0,0,0,5,0.0,0.0,0.0,0,,,,,9.667466135,1
ojo_2026-01-30_1,46,none,,niblack,docling_easyocr,qwen,5,0,0,0,5,0.0,0.0,0.0,0,,,,,39.090620695,1
ojo_2026-01-30_1,46,none,,otsu,docling_easyocr,qwen,5,0,0,0,5,0.0,0.0,0.0,0,,,,,39.990890713,1
ojo_2026-01-30_1,46,none,,otsu,docling_rapidocr,qwen,5,0,0,0,5,0.0,0.0,0.0,0,,,,,9.539389105,1
ojo_2026-01-30_1,46,none,,yannihorne,docling_easyocr,qwen,5,0,0,0,5,0.0,0.0,0.0,0,,,,,38.289663763,1
ojo_2026-01-30_1,46,none,,yannihorne,docling_rapidocr,qwen,5,0,0,0,5,0.0,0.0,0.0,0,,,,,9.541638584,1
ojo_2026-01-30_1,47,none,,adaptive_gaussian,docling_easyocr,qwen,5,0,0,0,5,0.0,0.0,0.0,0,,,,,39.177269886,1
ojo_2026-01-30_1,47,none,,adaptive_mean,docling_easyocr,qwen,5,0,0,0,5,0.0,0.0,0.0,0,,,,,38.589030931,1
ojo_2026-01-30_1,47,none,,basic,docling_easyocr,qwen,5,0,0,0,5,0.0,0.0,0.0,0,,,,,33.828609987,1
ojo_2026-01-30_1,47,none,,basic,docling_rapidocr,qwen,5,0,0,0,5,0.0,0.0,0.0,0,,,,,9.495473429,1
ojo_2026-01-30_1,47,none,,none_color,docling_easyocr,qwen,5,0,0,0,5,0.0,0.0,0.0,0,,,,,39.193238064,1
ojo_2026-01-30_1,47,none,,none_grayscale,docling_easyocr,qwen,5,0,0,0,5,0.0,0.0,0.0,0,,,,,35.343079849,1
ojo_2026-01-30_1,47,none,,otsu,docling_easyocr,qwen,5,0,0,0,5,0.0,0.0,0.0,0,,,,,38.207975019,1
ojo_2026-01-30_1,47,none,,otsu,docling_rapidocr,qwen,5,0,0,0,5,0.0,0.0,0.0,0,,,,,9.525494684,1
ojo_2026-01-30_1,47,none,,yannihorne,docling_easyocr,qwen,5,0,0,0,5,0.0,0.0,0.0,0,,,,,33.761879314,1
ojo_2026-01-30_1,47,none,,yannihorne,docling_rapidocr,qwen,5,0,0,0,5,0.0,0.0,0.0,0,,,,,9.381014455,1
ojo_2026-01-30_1,48,none,,adaptive_gaussian,docling_easyocr,qwen,5,0,0,0,5,0.0,0.0,0.0,0,,,,,59.013973579,1
ojo_2026-01-30_1,48,none,,adaptive_gaussian,docling_rapidocr,qwen,5,0,0,0,5,0.0,0.0,0.0,0,,,,,29.231235847,1
ojo_2026-01-30_1,48,none,,adaptive_mean,docling_easyocr,qwen,5,0,0,0,5,0.0,0.0,0.0,0,,,,,56.311771974,1
ojo_2026-01-30_1,48,none,,adaptive_mean,docling_rapidocr,qwen,5,0,0,0,5,0.0,0.0,0.0,0,,,,,30.36447607,1
ojo_2026-01-30_1,48,none,,basic,docling_easyocr,qwen,5,0,0,0,5,0.0,0.0,0.0,0,,,,,62.196429451,1
ojo_2026-01-30_1,48,none,,basic,docling_rapidocr,qwen,5,0,0,0,5,0.0,0.0,0.0,0,,,,,31.667789896,1
ojo_2026-01-30_1,48,none,,niblack,docling_easyocr,qwen,5,0,0,0,5,0.0,0.0,0.0,0,,,,,54.123804424,1
ojo_2026-01-30_1,48,none,,niblack,docling_rapidocr,qwen,5,0,0,0,5,0.0,0.0,0.0,0,,,,,30.393293712,1
ojo_2026-01-30_1,48,none,,none_color,docling_easyocr,qwen,5,0,0,0,5,0.0,0.0,0.0,0,,,,,60.090494116,1
ojo_2026-01-30_1,48,none,,none_color,docling_rapidocr,qwen,5,0,0,0,5,0.0,0.0,0.0,0,,,,,31.671468218,1
ojo_2026-01-30_1,48,none,,none_grayscale,docling_easyocr,qwen,5,0,0,0,5,0.0,0.0,0.0,0,,,,,60.701322754,1
ojo_2026-01-30_1,48,none,,none_grayscale,docling_rapidocr,qwen,5,0,0,0,5,0.0,0.0,0.0,0,,,,,31.724693735,1
ojo_2026-01-30_1,48,none,,otsu,docling_easyocr,qwen,5,0,0,0,5,0.0,0.0,0.0,0,,,,,61.720371921,1
ojo_2026-01-30_1,48,none,,otsu,docling_rapidocr,qwen,5,0,0,0,5,0.0,0.0,0.0,0,,,,,30.385710199,1
ojo_2026-01-30_1,49,none,,adaptive_gaussian,docling_easyocr,qwen,5,0,0,0,5,0.0,0.0,0.0,0,,,,,57.984627601,1
ojo_2026-01-30_1,49,none,,adaptive_gaussian,docling_rapidocr,qwen,5,0,0,0,5,0.0,0.0,0.0,0,,,,,29.587939617,1
ojo_2026-01-30_1,49,none,,adaptive_mean,docling_easyocr,qwen,5,0,0,0,5,0.0,0.0,0.0,0,,,,,56.3724256,1
ojo_2026-01-30_1,49,none,,adaptive_mean,docling_rapidocr,qwen,5,0,0,0,5,0.0,0.0,0.0,0,,,,,30.338763281,1
ojo_2026-01-30_1,49,none,,basic,docling_easyocr,qwen,5,0,0,0,5,0.0,0.0,0.0,0,,,,,62.495134325,1
ojo_2026-01-30_1,49,none,,basic,docling_rapidocr,qwen,5,0,0,0,5,0.0,0.0,0.0,0,,,,,31.391235084,1
ojo_2026-01-30_1,49,none,,niblack,docling_easyocr,qwen,5,0,0,0,5,0.0,0.0,0.0,0,,,,,57.26077026,1
ojo_2026-01-30_1,49,none,,niblack,docling_rapidocr,qwen,5,0,0,0,5,0.0,0.0,0.0,0,,,,,29.043525158,1
ojo_2026-01-30_1,49,none,,none_color,docling_easyocr,qwen,5,0,0,0,5,0.0,0.0,0.0,0,,,,,56.566735,1
ojo_2026-01-30_1,49,none,,none_color,docling_rapidocr,qwen,5,0,0,0,5,0.0,0.0,0.0,0,,,,,31.293101043,1
ojo_2026-01-30_1,49,none,,none_grayscale,docling_easyocr,qwen,5,0,0,0,5,0.0,0.0,0.0,0,,,,,57.204781027,1
ojo_2026-01-30_1,49,none,,none_grayscale,docling_rapidocr,qwen,5,0,0,0,5,0.0,0.0,0.0,0,,,,,31.857294292,1
ojo_2026-01-30_1,49,none,,otsu,docling_easyocr,qwen,5,0,0,0,5,0.0,0.0,0.0,0,,,,,57.466595144,1
ojo_2026-01-30_1,49,none,,otsu,docling_rapidocr,qwen,5,0,0,0,5,0.0,0.0,0.0,0,,,,,31.287298889,1
ojo_2026-01-30_1,50,none,,adaptive_gaussian,docling_easyocr,qwen,5,0,0,0,5,0.0,0.0,0.0,0,,,,,55.146882759,1
ojo_2026-01-30_1,50,none,,adaptive_gaussian,docling_rapidocr,qwen,5,0,0,0,5,0.0,0.0,0.0,0,,,,,29.465206609,1
ojo_2026-01-30_1,50,none,,adaptive_mean,docling_easyocr,qwen,5,0,0,0,5,0.0,0.0,0.0,0,,,,,55.270684229,1
ojo_2026-01-30_1,50,none,,adaptive_mean,docling_rapidocr,qwen,5,0,0,0,5,0.0,0.0,0.0,0,,,,,29.135646806,1
ojo_2026-01-30_1,50,none,,basic,docling_easyocr,qwen,5,0,0,0,5,0.0,0.0,0.0,0,,,,,57.694655498,1
ojo_2026-01-30_1,50,none,,basic,docling_rapidocr,qwen,5,0,0,0,5,0.0,0.0,0.0,0,,,,,30.414487442,1
ojo_2026-01-30_1,50,none,,niblack,docling_easyocr,qwen,5,0,0,0,5,0.0,0.0,0.0,0,,,,,55.205034231,1
ojo_2026-01-30_1,50,none,,niblack,docling_rapidocr,qwen,5,0,0,0,5,0.0,0.0,0.0,0,,,,,29.341608976,1
ojo_2026-01-30_1,50,none,,none_color,docling_easyocr,qwen,5,0,0,0,5,0.0,0.0,0.0,0,,,,,57.627918323,1
ojo_2026-01-30_1,50,none,,none_color,docling_rapidocr,qwen,5,0,0,0,5,0.0,0.0,0.0,0,,,,,30.328341802,1
ojo_2026-01-30_1,50,none,,none_grayscale,docling_easyocr,qwen,5,0,0,0,5,0.0,0.0,0.0,0,,,,,57.255377611,1
ojo_2026-01-30_1,50,none,,none_grayscale,docling_rapidocr,qwen,5,0,0,0,5,0.0,0.0,0.0,0,,,,,29.358243068,1
ojo_2026-01-30_1,50,none,,otsu,docling_easyocr,qwen,5,0,0,0,5,0.0,0.0,0.0,0,,,,,57.294364771,1
ojo_2026-01-30_1,50,none,,otsu,docling_rapidocr,qwen,5,0,0,0,5,0.0,0.0,0.0,0,,,,,29.828345617,1
ojo_2026-01-30_1,51,none,,adaptive_gaussian,docling_easyocr,qwen,5,0,0,0,5,0.0,0.0,0.0,0,,,,,35.198979578,1
ojo_2026-01-30_1,51,none,,adaptive_gaussian,docling_rapidocr,qwen,5,0,0,0,5,0.0,0.0,0.0,0,,,,,9.801569423,1
ojo_2026-01-30_1,51,none,,adaptive_mean,docling_easyocr,qwen,5,0,0,0,5,0.0,0.0,0.0,0,,,,,35.696502409,1
ojo_2026-01-30_1,51,none,,adaptive_mean,docling_rapidocr,qwen,5,0,0,0,5,0.0,0.0,0.0,0,,,,,9.647842369,1
ojo_2026-01-30_1,51,none,,basic,docling_easyocr,qwen,5,0,0,0,5,0.0,0.0,0.0,0,,,,,38.469693239,1
ojo_2026-01-30_1,51,none,,basic,docling_rapidocr,qwen,5,0,0,0,5,0.0,0.0,0.0,0,,,,,11.453917797,1
ojo_2026-01-30_1,51,none,,niblack,docling_easyocr,qwen,5,0,0,0,5,0.0,0.0,0.0,0,,,,,34.277334951,1
ojo_2026-01-30_1,51,none,,niblack,docling_rapidocr,qwen,5,0,0,0,5,0.0,0.0,0.0,0,,,,,8.861642622,1
ojo_2026-01-30_1,51,none,,none_color,docling_easyocr,qwen,5,0,0,0,5,0.0,0.0,0.0,0,,,,,38.947215374,1
ojo_2026-01-30_1,51,none,,none_color,docling_rapidocr,qwen,5,0,0,0,5,0.0,0.0,0.0,0,,,,,11.66639715,1
ojo_2026-01-30_1,51,none,,none_grayscale,docling_easyocr,qwen,5,5,1,4,4,0.2,0.2,0.2,5,1.124136379283189,1.3199999999999998,0.8,0.8,38.516784723,0
ojo_2026-01-30_1,51,none,,none_grayscale,docling_rapidocr,qwen,5,0,0,0,5,0.0,0.0,0.0,0,,,,,10.814325864,1
ojo_2026-01-30_1,51,none,,otsu,docling_easyocr,qwen,5,0,0,0,5,0.0,0.0,0.0,0,,,,,38.573675659,1
ojo_2026-01-30_1,51,none,,otsu,docling_rapidocr,qwen,5,0,0,0,5,0.0,0.0,0.0,0,,,,,11.460387733,1
ojo_2026-01-30_1,52,none,,adaptive_gaussian,docling_easyocr,qwen,5,0,0,0,5,0.0,0.0,0.0,0,,,,,36.958212236,1
ojo_2026-01-30_1,52,none,,adaptive_gaussian,docling_rapidocr,qwen,5,0,0,0,5,0.0,0.0,0.0,0,,,,,9.536938766,1
ojo_2026-01-30_1,52,none,,adaptive_mean,docling_easyocr,qwen,5,0,0,0,5,0.0,0.0,0.0,0,,,,,35.74740372,1
ojo_2026-01-30_1,52,none,,adaptive_mean,docling_rapidocr,qwen,5,0,0,0,5,0.0,0.0,0.0,0,,,,,8.621620992,1
ojo_2026-01-30_1,52,none,,basic,docling_easyocr,qwen,5,0,0,0,5,0.0,0.0,0.0,0,,,,,37.601700498,1
ojo_2026-01-30_1,52,none,,basic,docling_rapidocr,qwen,5,0,0,0,5,0.0,0.0,0.0,0,,,,,11.209344579,1
ojo_2026-01-30_1,52,none,,niblack,docling_easyocr,qwen,5,0,0,0,5,0.0,0.0,0.0,0,,,,,32.630270641,1
ojo_2026-01-30_1,52,none,,niblack,docling_rapidocr,qwen,5,0,0,0,5,0.0,0.0,0.0,0,,,,,8.991950672,1
ojo_2026-01-30_1,52,none,,none_color,docling_easyocr,qwen,5,0,0,0,5,0.0,0.0,0.0,0,,,,,38.057735635,1
ojo_2026-01-30_1,52,none,,none_color,docling_rapidocr,qwen,5,0,0,0,5,0.0,0.0,0.0,0,,,,,10.946628763,1
ojo_2026-01-30_1,52,none,,none_grayscale,docling_easyocr,qwen,5,0,0,0,5,0.0,0.0,0.0,0,,,,,37.703576757,1
ojo_2026-01-30_1,52,none,,none_grayscale,docling_rapidocr,qwen,5,0,0,0,5,0.0,0.0,0.0,0,,,,,11.017512275,1
ojo_2026-01-30_1,52,none,,otsu,docling_easyocr,qwen,5,0,0,0,5,0.0,0.0,0.0,0,,,,,37.699815299,1
ojo_2026-01-30_1,52,none,,otsu,docling_rapidocr,qwen,5,0,0,0,5,0.0,0.0,0.0,0,,,,,11.007537391,1
ojo_2026-01-30_1,53,none,,adaptive_gaussian,docling_easyocr,qwen,5,0,0,0,5,0.0,0.0,0.0,0,,,,,33.333867721,1
ojo_2026-01-30_1,53,none,,adaptive_gaussian,docling_rapidocr,qwen,5,0,0,0,5,0.0,0.0,0.0,0,,,,,9.094247512,1
ojo_2026-01-30_1,53,none,,adaptive_mean,docling_easyocr,qwen,5,0,0,0,5,0.0,0.0,0.0,0,,,,,32.745228462,1
ojo_2026-01-30_1,53,none,,adaptive_mean,docling_rapidocr,qwen,5,0,0,0,5,0.0,0.0,0.0,0,,,,,8.934641771,1
ojo_2026-01-30_1,53,none,,basic,docling_easyocr,qwen,5,0,0,0,5,0.0,0.0,0.0,0,,,,,35.105696466,1
ojo_2026-01-30_1,53,none,,basic,docling_rapidocr,qwen,5,0,0,0,5,0.0,0.0,0.0,0,,,,,11.201939609,1
ojo_2026-01-30_1,53,none,,niblack,docling_easyocr,qwen,5,0,0,0,5,0.0,0.0,0.0,0,,,,,30.216156476,1
ojo_2026-01-30_1,53,none,,niblack,docling_rapidocr,qwen,5,0,0,0,5,0.0,0.0,0.0,0,,,,,8.699899429,1
ojo_2026-01-30_1,53,none,,none_color,docling_easyocr,qwen,5,6,1,5,4,0.166667,0.2,0.181818,5,0.8400426576430606,1.0,0.8,0.8,35.284329679,0
ojo_2026-01-30_1,53,none,,none_color,docling_rapidocr,qwen,5,0,0,0,5,0.0,0.0,0.0,0,,,,,11.458999183,7
ojo_2026-01-30_1,53,none,,none_grayscale,docling_easyocr,qwen,5,6,1,5,4,0.166667,0.2,0.181818,5,0.8400426576430606,1.0,0.8,0.8,34.723633077,0
ojo_2026-01-30_1,53,none,,none_grayscale,docling_rapidocr,qwen,5,0,0,0,5,0.0,0.0,0.0,0,,,,,11.134118106,7
ojo_2026-01-30_1,53,none,,otsu,docling_easyocr,qwen,5,0,0,0,5,0.0,0.0,0.0,0,,,,,34.742187526,1
ojo_2026-01-30_1,53,none,,otsu,docling_rapidocr,qwen,5,0,0,0,5,0.0,0.0,0.0,0,,,,,11.038417604,1
