image_stem,config_id,layout_mode,detector,binarization,ocr_extractor,llm_extractor,gold_articles,predicted_articles,tp,fp,fn,detection_precision,detection_recall,detection_f1,matched_pairs_for_error_mean,matched_title_cer_mean,matched_title_wer_mean,matched_body_cer_mean,matched_body_wer_mean,total_pipeline_seconds,parse_failure_rows
peru21_2015-06-17_18,0,none,,adaptive_gaussian,docling_easyocr,deepseek,1,0,0,0,1,0.0,0.0,0.0,0,,,,,58.669544077,1
peru21_2015-06-17_18,0,none,,adaptive_gaussian,docling_rapidocr,deepseek,1,1,0,1,1,0.0,0.0,0.0,1,1.0,1.0,0.8921251348435815,0.9467455621301775,96.118472672,0
peru21_2015-06-17_18,0,none,,adaptive_mean,docling_easyocr,deepseek,1,5,0,5,1,0.0,0.0,0.0,1,0.6666666666666666,1.0,0.9967637540453075,1.0,56.164132328,0
peru21_2015-06-17_18,0,none,,adaptive_mean,docling_rapidocr,deepseek,1,0,0,0,1,0.0,0.0,0.0,0,,,,,94.490625115,1
peru21_2015-06-17_18,0,none,,basic,docling_easyocr,deepseek,1,1,0,1,1,0.0,0.0,0.0,1,1.0,1.0,0.8349514563106796,0.9526627218934911,88.739270058,0
peru21_2015-06-17_18,0,none,,basic,docling_rapidocr,deepseek,1,0,0,0,1,0.0,0.0,0.0,0,,,,,126.865751114,1
peru21_2015-06-17_18,0,none,,niblack,docling_easyocr,deepseek,1,0,0,0,1,0.0,0.0,0.0,0,,,,,34.048845303,1
peru21_2015-06-17_18,0,none,,niblack,docling_rapidocr,deepseek,1,0,0,0,1,0.0,0.0,0.0,0,,,,,89.954053891,1
peru21_2015-06-17_18,0,none,,none_color,docling_easyocr,deepseek,1,0,0,0,1,0.0,0.0,0.0,0,,,,,92.946568192,1
peru21_2015-06-17_18,0,none,,none_color,docling_rapidocr,deepseek,1,0,0,0,1,0.0,0.0,0.0,0,,,,,99.555041493,1
peru21_2015-06-17_18,0,none,,none_grayscale,docling_easyocr,deepseek,1,0,0,0,1,0.0,0.0,0.0,0,,,,,161.289670937,1
peru21_2015-06-17_18,0,none,,none_grayscale,docling_rapidocr,deepseek,1,0,0,0,1,0.0,0.0,0.0,0,,,,,151.837503188,1
peru21_2015-06-17_18,0,none,,otsu,docling_easyocr,deepseek,1,1,0,1,1,0.0,0.0,0.0,1,1.0,1.0,0.8737864077669902,0.9704142011834319,236.555809822,0
peru21_2015-06-17_18,0,none,,otsu,docling_rapidocr,deepseek,1,0,0,0,1,0.0,0.0,0.0,0,,,,,225.218701449,1
peru21_2015-06-17_18,1,none,,adaptive_gaussian,docling_easyocr,deepseek,1,0,0,0,1,0.0,0.0,0.0,0,,,,,47.907642802,1
peru21_2015-06-17_18,1,none,,adaptive_gaussian,docling_rapidocr,deepseek,1,7,0,7,1,0.0,0.0,0.0,1,0.6666666666666666,1.0,0.9967637540453075,1.0,90.482952078,0
peru21_2015-06-17_18,1,none,,adaptive_mean,docling_easyocr,deepseek,1,0,0,0,1,0.0,0.0,0.0,0,,,,,47.035106091,1
peru21_2015-06-17_18,1,none,,adaptive_mean,docling_rapidocr,deepseek,1,0,0,0,1,0.0,0.0,0.0,0,,,,,90.580550341,1
peru21_2015-06-17_18,1,none,,basic,docling_easyocr,deepseek,1,2,0,2,1,0.0,0.0,0.0,1,0.3333333333333333,1.0,0.7011866235167206,0.7751479289940828,69.242578623,0
peru21_2015-06-17_18,1,none,,basic,docling_rapidocr,deepseek,1,0,0,0,1,0.0,0.0,0.0,0,,,,,114.177941439,1
peru21_2015-06-17_18,1,none,,niblack,docling_easyocr,deepseek,1,0,0,0,1,0.0,0.0,0.0,0,,,,,35.612241602,1
peru21_2015-06-17_18,1,none,,niblack,docling_rapidocr,deepseek,1,0,0,0,1,0.0,0.0,0.0,0,,,,,89.752648926,1
peru21_2015-06-17_18,1,none,,none_color,docling_easyocr,deepseek,1,0,0,0,1,0.0,0.0,0.0,0,,,,,83.908063622,1
peru21_2015-06-17_18,1,none,,none_color,docling_rapidocr,deepseek,1,0,0,0,1,0.0,0.0,0.0,0,,,,,105.874263974,1
peru21_2015-06-17_18,1,none,,none_grayscale,docling_easyocr,deepseek,1,1,0,1,1,0.0,0.0,0.0,0,,,,,76.114023636,0
peru21_2015-06-17_18,1,none,,none_grayscale,docling_rapidocr,deepseek,1,0,0,0,1,0.0,0.0,0.0,0,,,,,99.003190468,1
peru21_2015-06-17_18,1,none,,otsu,docling_easyocr,deepseek,1,0,0,0,1,0.0,0.0,0.0,0,,,,,92.853526615,1
peru21_2015-06-17_18,1,none,,otsu,docling_rapidocr,deepseek,1,0,0,0,1,0.0,0.0,0.0,0,,,,,126.484946751,1
peru21_2015-06-17_18,2,none,,adaptive_gaussian,docling_easyocr,deepseek,1,5,0,5,1,0.0,0.0,0.0,1,0.6666666666666666,1.0,0.9967637540453075,1.0,59.885607846,0
peru21_2015-06-17_18,2,none,,adaptive_gaussian,docling_rapidocr,deepseek,1,4,0,4,1,0.0,0.0,0.0,1,0.6666666666666666,1.0,0.9967637540453075,1.0,97.801739819,0
peru21_2015-06-17_18,2,none,,adaptive_mean,docling_easyocr,deepseek,1,0,0,0,1,0.0,0.0,0.0,0,,,,,56.181672409,1
peru21_2015-06-17_18,2,none,,adaptive_mean,docling_rapidocr,deepseek,1,0,0,0,1,0.0,0.0,0.0,0,,,,,93.190624789,1
peru21_2015-06-17_18,2,none,,basic,docling_easyocr,deepseek,1,0,0,0,1,0.0,0.0,0.0,0,,,,,76.09831011,1
peru21_2015-06-17_18,2,none,,basic,docling_rapidocr,deepseek,1,0,0,0,1,0.0,0.0,0.0,0,,,,,112.939752219,1
peru21_2015-06-17_18,2,none,,niblack,docling_easyocr,deepseek,1,0,0,0,1,0.0,0.0,0.0,0,,,,,35.779840109,1
peru21_2015-06-17_18,2,none,,niblack,docling_rapidocr,deepseek,1,0,0,0,1,0.0,0.0,0.0,0,,,,,89.715595124,1
peru21_2015-06-17_18,2,none,,none_color,docling_easyocr,deepseek,1,0,0,0,1,0.0,0.0,0.0,0,,,,,159.049723669,1
peru21_2015-06-17_18,2,none,,none_color,docling_rapidocr,deepseek,1,0,0,0,1,0.0,0.0,0.0,0,,,,,148.440278336,1
peru21_2015-06-17_18,2,none,,none_grayscale,docling_easyocr,deepseek,1,0,0,0,1,0.0,0.0,0.0,0,,,,,159.970415875,1
peru21_2015-06-17_18,2,none,,none_grayscale,docling_rapidocr,deepseek,1,0,0,0,1,0.0,0.0,0.0,0,,,,,150.976308867,1
peru21_2015-06-17_18,2,none,,otsu,docling_easyocr,deepseek,1,0,0,0,1,0.0,0.0,0.0,0,,,,,155.784526776,1
peru21_2015-06-17_18,2,none,,otsu,docling_rapidocr,deepseek,1,1,0,1,1,0.0,0.0,0.0,0,,,,,162.466181229,0
peru21_2015-06-17_18,3,none,,adaptive_gaussian,docling_easyocr,deepseek,1,0,0,0,1,0.0,0.0,0.0,0,,,,,63.907227705,1
peru21_2015-06-17_18,3,none,,adaptive_gaussian,docling_rapidocr,deepseek,1,0,0,0,1,0.0,0.0,0.0,0,,,,,93.317645024,1
peru21_2015-06-17_18,3,none,,adaptive_mean,docling_easyocr,deepseek,1,0,0,0,1,0.0,0.0,0.0,0,,,,,56.583772559,1
peru21_2015-06-17_18,3,none,,adaptive_mean,docling_rapidocr,deepseek,1,0,0,0,1,0.0,0.0,0.0,0,,,,,90.898347992,1
peru21_2015-06-17_18,3,none,,basic,docling_easyocr,deepseek,1,1,0,1,1,0.0,0.0,0.0,1,1.0,1.0,0.9223300970873787,0.9763313609467456,63.235416592,0
peru21_2015-06-17_18,3,none,,basic,docling_rapidocr,deepseek,1,1,0,1,1,0.0,0.0,0.0,1,1.0,1.0,1.622437971952535,4.325443786982248,111.90936488,0
peru21_2015-06-17_18,3,none,,niblack,docling_easyocr,deepseek,1,1,0,1,1,0.0,0.0,0.0,0,,,,,37.154547041,0
peru21_2015-06-17_18,3,none,,niblack,docling_rapidocr,deepseek,1,0,0,0,1,0.0,0.0,0.0,0,,,,,89.913521593,1
peru21_2015-06-17_18,3,none,,none_color,docling_easyocr,deepseek,1,0,0,0,1,0.0,0.0,0.0,0,,,,,72.357256447,1
peru21_2015-06-17_18,3,none,,none_color,docling_rapidocr,deepseek,1,1,0,1,1,0.0,0.0,0.0,1,1.0,1.0,0.9341963322545846,2.1479289940828403,97.1803079,0
peru21_2015-06-17_18,3,none,,none_grayscale,docling_easyocr,deepseek,1,1,0,1,1,0.0,0.0,0.0,1,1.0,1.0,0.8220064724919094,1.3136094674556213,73.436031926,0
peru21_2015-06-17_18,3,none,,none_grayscale,docling_rapidocr,deepseek,1,1,0,1,1,0.0,0.0,0.0,1,1.1111111111111112,1.0,0.343042071197411,0.34911242603550297,97.621781218,0
peru21_2015-06-17_18,3,none,,otsu,docling_easyocr,deepseek,1,0,0,0,1,0.0,0.0,0.0,0,,,,,68.626871838,1
peru21_2015-06-17_18,3,none,,otsu,docling_rapidocr,deepseek,1,1,0,1,1,0.0,0.0,0.0,1,4.555555555555555,4.5,0.5469255663430421,0.6035502958579881,92.168826832,0
peru21_2015-06-17_18,4,none,,adaptive_gaussian,docling_easyocr,deepseek,1,0,0,0,1,0.0,0.0,0.0,0,,,,,61.821235877,1
peru21_2015-06-17_18,4,none,,adaptive_gaussian,docling_rapidocr,deepseek,1,0,0,0,1,0.0,0.0,0.0,0,,,,,93.373314124,1
peru21_2015-06-17_18,4,none,,adaptive_mean,docling_easyocr,deepseek,1,0,0,0,1,0.0,0.0,0.0,0,,,,,57.656233645,1
peru21_2015-06-17_18,4,none,,adaptive_mean,docling_rapidocr,deepseek,1,0,0,0,1,0.0,0.0,0.0,0,,,,,91.735604144,1
peru21_2015-06-17_18,4,none,,basic,docling_easyocr,deepseek,1,1,0,1,1,0.0,0.0,0.0,0,,,,,78.933436604,0
peru21_2015-06-17_18,4,none,,basic,docling_rapidocr,deepseek,1,0,0,0,1,0.0,0.0,0.0,0,,,,,115.818387957,1
peru21_2015-06-17_18,4,none,,niblack,docling_easyocr,deepseek,1,0,0,0,1,0.0,0.0,0.0,0,,,,,37.506326149,1
peru21_2015-06-17_18,4,none,,niblack,docling_rapidocr,deepseek,1,0,0,0,1,0.0,0.0,0.0,0,,,,,89.674433897,1
peru21_2015-06-17_18,4,none,,none_color,docling_easyocr,deepseek,1,0,0,0,1,0.0,0.0,0.0,0,,,,,71.816671675,1
peru21_2015-06-17_18,4,none,,none_color,docling_rapidocr,deepseek,1,0,0,0,1,0.0,0.0,0.0,0,,,,,97.94194681,1
peru21_2015-06-17_18,4,none,,none_grayscale,docling_easyocr,deepseek,1,0,0,0,1,0.0,0.0,0.0,0,,,,,71.419648785,1
peru21_2015-06-17_18,4,none,,none_grayscale,docling_rapidocr,deepseek,1,0,0,0,1,0.0,0.0,0.0,0,,,,,98.628315587,1
peru21_2015-06-17_18,4,none,,otsu,docling_easyocr,deepseek,1,1,0,1,1,0.0,0.0,0.0,1,1.0,1.0,0.807982740021575,0.9467455621301775,71.385382697,0
peru21_2015-06-17_18,4,none,,otsu,docling_rapidocr,deepseek,1,0,0,0,1,0.0,0.0,0.0,0,,,,,109.298067137,1
peru21_2015-06-17_18,5,none,,adaptive_gaussian,docling_easyocr,deepseek,1,0,0,0,1,0.0,0.0,0.0,0,,,,,62.403882485,1
peru21_2015-06-17_18,5,none,,adaptive_gaussian,docling_rapidocr,deepseek,1,0,0,0,1,0.0,0.0,0.0,0,,,,,93.203929406,1
peru21_2015-06-17_18,5,none,,adaptive_mean,docling_easyocr,deepseek,1,0,0,0,1,0.0,0.0,0.0,0,,,,,53.181984354,1
peru21_2015-06-17_18,5,none,,adaptive_mean,docling_rapidocr,deepseek,1,0,0,0,1,0.0,0.0,0.0,0,,,,,90.331865002,1
peru21_2015-06-17_18,5,none,,basic,docling_easyocr,deepseek,1,1,0,1,1,0.0,0.0,0.0,0,,,,,58.049388619,0
peru21_2015-06-17_18,5,none,,basic,docling_rapidocr,deepseek,1,0,0,0,1,0.0,0.0,0.0,0,,,,,111.635154458,1
peru21_2015-06-17_18,5,none,,niblack,docling_easyocr,deepseek,1,0,0,0,1,0.0,0.0,0.0,0,,,,,36.17481489,1
peru21_2015-06-17_18,5,none,,niblack,docling_rapidocr,deepseek,1,0,0,0,1,0.0,0.0,0.0,0,,,,,89.913983296,1
peru21_2015-06-17_18,5,none,,none_color,docling_easyocr,deepseek,1,1,0,1,1,0.0,0.0,0.0,0,,,,,72.335964579,0
peru21_2015-06-17_18,5,none,,none_color,docling_rapidocr,deepseek,1,1,0,1,1,0.0,0.0,0.0,1,1.1111111111111112,1.0,0.8565264293419633,0.9289940828402367,97.465584893,0
peru21_2015-06-17_18,5,none,,none_grayscale,docling_easyocr,deepseek,1,1,0,1,1,0.0,0.0,0.0,0,,,,,72.408149142,0
peru21_2015-06-17_18,5,none,,none_grayscale,docling_rapidocr,deepseek,1,1,0,1,1,0.0,0.0,0.0,1,1.1111111111111112,1.0,0.8565264293419633,0.9289940828402367,97.398573775,0
peru21_2015-06-17_18,5,none,,otsu,docling_easyocr,deepseek,1,0,0,0,1,0.0,0.0,0.0,0,,,,,68.915902182,1
peru21_2015-06-17_18,5,none,,otsu,docling_rapidocr,deepseek,1,0,0,0,1,0.0,0.0,0.0,0,,,,,91.792984292,1
peru21_2015-06-17_18,6,none,,adaptive_gaussian,docling_easyocr,deepseek,1,0,0,0,1,0.0,0.0,0.0,0,,,,,158.980827998,1
peru21_2015-06-17_18,6,none,,adaptive_gaussian,docling_rapidocr,deepseek,1,0,0,0,1,0.0,0.0,0.0,0,,,,,93.762885521,1
peru21_2015-06-17_18,6,none,,adaptive_mean,docling_easyocr,deepseek,1,0,0,0,1,0.0,0.0,0.0,0,,,,,156.790639061,1
peru21_2015-06-17_18,6,none,,adaptive_mean,docling_rapidocr,deepseek,1,0,0,0,1,0.0,0.0,0.0,0,,,,,91.899823565,1
peru21_2015-06-17_18,6,none,,basic,docling_easyocr,deepseek,1,0,0,0,1,0.0,0.0,0.0,0,,,,,163.25497526,1
peru21_2015-06-17_18,6,none,,basic,docling_rapidocr,deepseek,1,1,0,1,1,0.0,0.0,0.0,1,1.1111111111111112,1.0,0.7993527508090615,0.9585798816568047,113.297927083,0
peru21_2015-06-17_18,6,none,,niblack,docling_easyocr,deepseek,1,0,0,0,1,0.0,0.0,0.0,0,,,,,147.549908869,1
peru21_2015-06-17_18,6,none,,niblack,docling_rapidocr,deepseek,1,0,0,0,1,0.0,0.0,0.0,0,,,,,89.743770115,1
peru21_2015-06-17_18,6,none,,none_color,docling_easyocr,deepseek,1,2,0,2,1,0.0,0.0,0.0,0,,,,,74.60051993,0
peru21_2015-06-17_18,6,none,,none_color,docling_rapidocr,deepseek,1,1,0,1,1,0.0,0.0,0.0,1,1.0,1.0,0.9579288025889967,2.633136094674556,97.914920126,0
peru21_2015-06-17_18,6,none,,none_grayscale,docling_easyocr,deepseek,1,0,0,0,1,0.0,0.0,0.0,0,,,,,72.525850642,1
peru21_2015-06-17_18,6,none,,none_grayscale,docling_rapidocr,deepseek,1,0,0,0,1,0.0,0.0,0.0,0,,,,,97.459865439,1
peru21_2015-06-17_18,6,none,,otsu,docling_easyocr,deepseek,1,1,0,1,1,0.0,0.0,0.0,1,2.7777777777777777,2.5,0.7864077669902912,0.9467455621301775,165.436764731,0
peru21_2015-06-17_18,6,none,,otsu,docling_rapidocr,deepseek,1,1,1,0,0,1.0,1.0,1.0,1,0.7777777777777778,1.0,0.48759439050701187,0.4970414201183432,111.473126425,0
peru21_2015-06-17_18,7,none,,adaptive_gaussian,docling_easyocr,deepseek,1,0,0,0,1,0.0,0.0,0.0,0,,,,,146.804331906,1
peru21_2015-06-17_18,7,none,,adaptive_gaussian,docling_rapidocr,deepseek,1,0,0,0,1,0.0,0.0,0.0,0,,,,,102.692580826,1
peru21_2015-06-17_18,7,none,,adaptive_mean,docling_easyocr,deepseek,1,0,0,0,1,0.0,0.0,0.0,0,,,,,157.008972481,1
peru21_2015-06-17_18,7,none,,adaptive_mean,docling_rapidocr,deepseek,1,0,0,0,1,0.0,0.0,0.0,0,,,,,93.756738261,1
peru21_2015-06-17_18,7,none,,basic,docling_easyocr,deepseek,1,1,0,1,1,0.0,0.0,0.0,1,1.0,1.0,0.7993527508090615,0.9585798816568047,160.842950461,0
peru21_2015-06-17_18,7,none,,basic,docling_rapidocr,deepseek,1,1,0,1,1,0.0,0.0,0.0,1,1.0,1.0,0.8716289104638619,1.0,114.1425091,0
peru21_2015-06-17_18,7,none,,niblack,docling_easyocr,deepseek,1,0,0,0,1,0.0,0.0,0.0,0,,,,,144.768145989,1
peru21_2015-06-17_18,7,none,,niblack,docling_rapidocr,deepseek,1,0,0,0,1,0.0,0.0,0.0,0,,,,,89.581690501,1
peru21_2015-06-17_18,7,none,,none_color,docling_easyocr,deepseek,1,1,0,1,1,0.0,0.0,0.0,1,1.0,1.0,0.8101402373247033,1.3431952662721893,160.988075467,0
peru21_2015-06-17_18,7,none,,none_color,docling_rapidocr,deepseek,1,1,0,1,1,0.0,0.0,0.0,1,1.0,1.0,0.8673139158576052,0.9940828402366864,99.303747864,0
peru21_2015-06-17_18,7,none,,none_grayscale,docling_easyocr,deepseek,1,1,0,1,1,0.0,0.0,0.0,1,1.0,1.0,0.4929881337648328,0.6153846153846154,158.830894349,0
peru21_2015-06-17_18,7,none,,none_grayscale,docling_rapidocr,deepseek,1,1,0,1,1,0.0,0.0,0.0,1,1.0,1.0,0.6925566343042071,0.6923076923076923,99.748338101,0
peru21_2015-06-17_18,7,none,,otsu,docling_easyocr,deepseek,1,6,0,6,1,0.0,0.0,0.0,1,0.6666666666666666,1.0,0.9859762675296656,1.0,160.503967236,0
peru21_2015-06-17_18,7,none,,otsu,docling_rapidocr,deepseek,1,1,0,1,1,0.0,0.0,0.0,0,,,,,104.228643607,0
peru21_2015-06-17_18,8,none,,adaptive_gaussian,docling_easyocr,deepseek,1,0,0,0,1,0.0,0.0,0.0,0,,,,,154.837302368,1
peru21_2015-06-17_18,8,none,,adaptive_gaussian,docling_rapidocr,deepseek,1,0,0,0,1,0.0,0.0,0.0,0,,,,,11.570769709,1
peru21_2015-06-17_18,8,none,,adaptive_mean,docling_easyocr,deepseek,1,0,0,0,1,0.0,0.0,0.0,0,,,,,153.39740733,1
peru21_2015-06-17_18,8,none,,adaptive_mean,docling_rapidocr,deepseek,1,0,0,0,1,0.0,0.0,0.0,0,,,,,9.905590809,1
peru21_2015-06-17_18,8,none,,basic,docling_easyocr,deepseek,1,0,0,0,1,0.0,0.0,0.0,0,,,,,158.275124866,1
peru21_2015-06-17_18,8,none,,basic,docling_rapidocr,deepseek,1,0,0,0,1,0.0,0.0,0.0,0,,,,,31.91955908,1
peru21_2015-06-17_18,8,none,,niblack,docling_easyocr,deepseek,1,0,0,0,1,0.0,0.0,0.0,0,,,,,143.516582018,1
peru21_2015-06-17_18,8,none,,niblack,docling_rapidocr,deepseek,1,0,0,0,1,0.0,0.0,0.0,0,,,,,8.879009968,1
peru21_2015-06-17_18,8,none,,none_color,docling_easyocr,deepseek,1,1,0,1,1,0.0,0.0,0.0,0,,,,,161.511052376,0
peru21_2015-06-17_18,8,none,,none_color,docling_rapidocr,deepseek,1,0,0,0,1,0.0,0.0,0.0,0,,,,,16.937492853,1
peru21_2015-06-17_18,8,none,,none_grayscale,docling_easyocr,deepseek,1,1,0,1,1,0.0,0.0,0.0,0,,,,,151.638767725,0
peru21_2015-06-17_18,8,none,,none_grayscale,docling_rapidocr,deepseek,1,0,0,0,1,0.0,0.0,0.0,0,,,,,17.030345922,1
peru21_2015-06-17_18,8,none,,otsu,docling_easyocr,deepseek,1,1,0,1,1,0.0,0.0,0.0,1,4.0,2.5,0.8069039913700108,0.9289940828402367,157.919092567,0
peru21_2015-06-17_18,8,none,,otsu,docling_rapidocr,deepseek,1,0,0,0,1,0.0,0.0,0.0,0,,,,,12.597865732,1
peru21_2015-06-17_18,9,none,,adaptive_gaussian,docling_easyocr,deepseek,1,0,0,0,1,0.0,0.0,0.0,0,,,,,153.48588265,1
peru21_2015-06-17_18,9,none,,adaptive_gaussian,docling_rapidocr,deepseek,1,4,0,4,1,0.0,0.0,0.0,0,,,,,12.531767736,0
peru21_2015-06-17_18,9,none,,adaptive_mean,docling_easyocr,deepseek,1,5,0,5,1,0.0,0.0,0.0,1,0.6666666666666666,1.0,0.9967637540453075,1.0,151.95829051,0
peru21_2015-06-17_18,9,none,,adaptive_mean,docling_rapidocr,deepseek,1,3,0,3,1,0.0,0.0,0.0,0,,,,,10.712721281,0
peru21_2015-06-17_18,9,none,,basic,docling_easyocr,deepseek,1,1,0,1,1,0.0,0.0,0.0,1,1.0,1.0,0.8069039913700108,1.0414201183431953,257.214306496,0
peru21_2015-06-17_18,9,none,,basic,docling_rapidocr,deepseek,1,1,0,1,1,0.0,0.0,0.0,1,3.888888888888889,2.5,0.7928802588996764,0.9408284023668639,132.167064331,0
peru21_2015-06-17_18,9,none,,niblack,docling_easyocr,deepseek,1,0,0,0,1,0.0,0.0,0.0,0,,,,,143.67955253,1
peru21_2015-06-17_18,9,none,,niblack,docling_rapidocr,deepseek,1,0,0,0,1,0.0,0.0,0.0,0,,,,,8.773291563,1
peru21_2015-06-17_18,9,none,,none_color,docling_easyocr,deepseek,1,1,0,1,1,0.0,0.0,0.0,0,,,,,164.610263416,0
peru21_2015-06-17_18,9,none,,none_color,docling_rapidocr,deepseek,1,0,0,0,1,0.0,0.0,0.0,0,,,,,32.030248234,1
peru21_2015-06-17_18,9,none,,none_grayscale,docling_easyocr,deepseek,1,4,0,4,1,0.0,0.0,0.0,1,0.6666666666666666,1.0,0.9514563106796117,0.9763313609467456,159.940843485,0
peru21_2015-06-17_18,9,none,,none_grayscale,docling_rapidocr,deepseek,1,0,0,0,1,0.0,0.0,0.0,0,,,,,27.900841854,1
peru21_2015-06-17_18,9,none,,otsu,docling_easyocr,deepseek,1,0,0,0,1,0.0,0.0,0.0,0,,,,,193.016601133,1
peru21_2015-06-17_18,9,none,,otsu,docling_rapidocr,deepseek,1,0,0,0,1,0.0,0.0,0.0,0,,,,,62.917564917,1
peru21_2015-06-17_18,10,none,,adaptive_gaussian,docling_easyocr,deepseek,1,0,0,0,1,0.0,0.0,0.0,0,,,,,146.885303347,1
peru21_2015-06-17_18,10,none,,adaptive_gaussian,docling_rapidocr,deepseek,1,0,0,0,1,0.0,0.0,0.0,0,,,,,9.070107548,1
peru21_2015-06-17_18,10,none,,adaptive_mean,docling_easyocr,deepseek,1,10,0,10,1,0.0,0.0,0.0,1,0.7777777777777778,1.0,0.9967637540453075,1.0,147.073622812,0
peru21_2015-06-17_18,10,none,,adaptive_mean,docling_rapidocr,deepseek,1,0,0,0,1,0.0,0.0,0.0,0,,,,,8.511289467,1
peru21_2015-06-17_18,10,none,,basic,docling_easyocr,deepseek,1,2,0,2,1,0.0,0.0,0.0,1,0.6666666666666666,1.0,0.9546925566343042,0.9763313609467456,163.992713602,0
peru21_2015-06-17_18,10,none,,basic,docling_rapidocr,deepseek,1,1,0,1,1,0.0,0.0,0.0,0,,,,,31.686926277,0
peru21_2015-06-17_18,10,none,,niblack,docling_easyocr,deepseek,1,0,0,0,1,0.0,0.0,0.0,0,,,,,143.225117834,1
peru21_2015-06-17_18,10,none,,niblack,docling_rapidocr,deepseek,1,0,0,0,1,0.0,0.0,0.0,0,,,,,8.198951157,1
peru21_2015-06-17_18,10,none,,none_color,docling_easyocr,deepseek,1,1,0,1,1,0.0,0.0,0.0,0,,,,,173.243057972,0
peru21_2015-06-17_18,10,none,,none_color,docling_rapidocr,deepseek,1,0,0,0,1,0.0,0.0,0.0,0,,,,,35.408153778,1
peru21_2015-06-17_18,10,none,,none_grayscale,docling_easyocr,deepseek,1,1,0,1,1,0.0,0.0,0.0,0,,,,,277.631285269,0
peru21_2015-06-17_18,10,none,,none_grayscale,docling_rapidocr,deepseek,1,0,0,0,1,0.0,0.0,0.0,0,,,,,148.202958185,1
peru21_2015-06-17_18,10,none,,otsu,docling_easyocr,deepseek,1,1,0,1,1,0.0,0.0,0.0,0,,,,,162.083386883,0
peru21_2015-06-17_18,10,none,,otsu,docling_rapidocr,deepseek,1,1,0,1,1,0.0,0.0,0.0,1,0.6666666666666666,1.0,0.8932038834951457,0.9704142011834319,31.189153179,0
peru21_2015-06-17_18,11,none,,adaptive_gaussian,docling_easyocr,deepseek,1,0,0,0,1,0.0,0.0,0.0,0,,,,,151.695191326,1
peru21_2015-06-17_18,11,none,,adaptive_gaussian,docling_rapidocr,deepseek,1,0,0,0,1,0.0,0.0,0.0,0,,,,,11.449695053,1
peru21_2015-06-17_18,11,none,,adaptive_mean,docling_easyocr,deepseek,1,0,0,0,1,0.0,0.0,0.0,0,,,,,150.675530325,1
peru21_2015-06-17_18,11,none,,adaptive_mean,docling_rapidocr,deepseek,1,0,0,0,1,0.0,0.0,0.0,0,,,,,10.201825033,1
peru21_2015-06-17_18,11,none,,basic,docling_easyocr,deepseek,1,0,0,0,1,0.0,0.0,0.0,0,,,,,144.677055769,1
peru21_2015-06-17_18,11,none,,basic,docling_rapidocr,deepseek,1,0,0,0,1,0.0,0.0,0.0,0,,,,,33.776230745,1
peru21_2015-06-17_18,11,none,,niblack,docling_easyocr,deepseek,1,0,0,0,1,0.0,0.0,0.0,0,,,,,145.103269583,1
peru21_2015-06-17_18,11,none,,niblack,docling_rapidocr,deepseek,1,0,0,0,1,0.0,0.0,0.0,0,,,,,8.581793791,1
peru21_2015-06-17_18,11,none,,none_color,docling_easyocr,deepseek,1,0,0,0,1,0.0,0.0,0.0,0,,,,,156.55883036,1
peru21_2015-06-17_18,11,none,,none_color,docling_rapidocr,deepseek,1,1,0,1,1,0.0,0.0,0.0,1,0.6666666666666666,1.0,1.802588996763754,4.035502958579881,30.757232765,0
peru21_2015-06-17_18,11,none,,none_grayscale,docling_easyocr,deepseek,1,0,0,0,1,0.0,0.0,0.0,0,,,,,162.191915611,1
peru21_2015-06-17_18,11,none,,none_grayscale,docling_rapidocr,deepseek,1,1,0,1,1,0.0,0.0,0.0,1,0.6666666666666666,1.0,1.802588996763754,4.035502958579881,31.243679146,0
peru21_2015-06-17_18,11,none,,otsu,docling_easyocr,deepseek,1,0,0,0,1,0.0,0.0,0.0,0,,,,,171.270375019,1
peru21_2015-06-17_18,11,none,,otsu,docling_rapidocr,deepseek,1,0,0,0,1,0.0,0.0,0.0,0,,,,,46.762893682,1
peru21_2015-06-17_18,12,none,,adaptive_gaussian,docling_easyocr,deepseek,1,5,0,5,1,0.0,0.0,0.0,1,0.6666666666666666,1.0,0.9967637540453075,1.0,190.57389255,0
peru21_2015-06-17_18,12,none,,adaptive_gaussian,docling_rapidocr,deepseek,1,1,0,1,1,0.0,0.0,0.0,0,,,,,51.549665646,0
peru21_2015-06-17_18,12,none,,adaptive_mean,docling_easyocr,deepseek,1,0,0,0,1,0.0,0.0,0.0,0,,,,,191.758834506,1
peru21_2015-06-17_18,12,none,,adaptive_mean,docling_rapidocr,deepseek,1,0,0,0,1,0.0,0.0,0.0,0,,,,,49.616415883,1
peru21_2015-06-17_18,12,none,,basic,docling_easyocr,deepseek,1,0,0,0,1,0.0,0.0,0.0,0,,,,,304.566723533,1
peru21_2015-06-17_18,12,none,,basic,docling_rapidocr,deepseek,1,0,0,0,1,0.0,0.0,0.0,0,,,,,188.51679749,1
peru21_2015-06-17_18,12,none,,niblack,docling_easyocr,deepseek,1,0,0,0,1,0.0,0.0,0.0,0,,,,,168.854064961,1
peru21_2015-06-17_18,12,none,,niblack,docling_rapidocr,deepseek,1,0,0,0,1,0.0,0.0,0.0,0,,,,,45.126210709,1
peru21_2015-06-17_18,12,none,,none_color,docling_easyocr,deepseek,1,0,0,0,1,0.0,0.0,0.0,0,,,,,200.483222049,1
peru21_2015-06-17_18,12,none,,none_color,docling_rapidocr,deepseek,1,0,0,0,1,0.0,0.0,0.0,0,,,,,54.205833714,1
peru21_2015-06-17_18,12,none,,none_grayscale,docling_easyocr,deepseek,1,1,0,1,1,0.0,0.0,0.0,1,1.0,1.0,0.6008629989212514,0.6331360946745562,244.846197957,0
peru21_2015-06-17_18,12,none,,none_grayscale,docling_rapidocr,deepseek,1,1,0,1,1,0.0,0.0,0.0,0,,,,,103.165213221,0
peru21_2015-06-17_18,12,none,,otsu,docling_easyocr,deepseek,1,0,0,0,1,0.0,0.0,0.0,0,,,,,186.753439208,1
peru21_2015-06-17_18,12,none,,otsu,docling_rapidocr,deepseek,1,0,0,0,1,0.0,0.0,0.0,0,,,,,68.447078963,1
peru21_2015-06-17_18,13,none,,adaptive_gaussian,docling_easyocr,deepseek,1,3,0,3,1,0.0,0.0,0.0,0,,,,,186.451035716,0
peru21_2015-06-17_18,13,none,,adaptive_gaussian,docling_rapidocr,deepseek,1,11,0,11,1,0.0,0.0,0.0,1,0.6666666666666666,1.0,0.9967637540453075,1.0,46.581885077,0
peru21_2015-06-17_18,13,none,,adaptive_mean,docling_easyocr,deepseek,1,0,0,0,1,0.0,0.0,0.0,0,,,,,185.73898022,1
peru21_2015-06-17_18,13,none,,adaptive_mean,docling_rapidocr,deepseek,1,0,0,0,1,0.0,0.0,0.0,0,,,,,46.156461404,1
peru21_2015-06-17_18,13,none,,basic,docling_easyocr,deepseek,1,1,0,1,1,0.0,0.0,0.0,1,2.7777777777777777,2.0,0.6914778856526429,0.7396449704142012,199.347797124,0
peru21_2015-06-17_18,13,none,,basic,docling_rapidocr,deepseek,1,0,0,0,1,0.0,0.0,0.0,0,,,,,69.828989236,1
peru21_2015-06-17_18,13,none,,niblack,docling_easyocr,deepseek,1,0,0,0,1,0.0,0.0,0.0,0,,,,,182.744062941,1
peru21_2015-06-17_18,13,none,,niblack,docling_rapidocr,deepseek,1,0,0,0,1,0.0,0.0,0.0,0,,,,,45.541921418,1
peru21_2015-06-17_18,13,none,,none_color,docling_easyocr,deepseek,1,0,0,0,1,0.0,0.0,0.0,0,,,,,206.113872828,1
peru21_2015-06-17_18,13,none,,none_color,docling_rapidocr,deepseek,1,0,0,0,1,0.0,0.0,0.0,0,,,,,61.512714686,1
peru21_2015-06-17_18,13,none,,none_grayscale,docling_easyocr,deepseek,1,1,0,1,1,0.0,0.0,0.0,1,1.0,1.0,0.7378640776699029,0.9053254437869822,199.72455968,0
peru21_2015-06-17_18,13,none,,none_grayscale,docling_rapidocr,deepseek,1,1,0,1,1,0.0,0.0,0.0,0,,,,,54.76650919,0
peru21_2015-06-17_18,13,none,,otsu,docling_easyocr,deepseek,1,0,0,0,1,0.0,0.0,0.0,0,,,,,205.937720101,1
peru21_2015-06-17_18,13,none,,otsu,docling_rapidocr,deepseek,1,0,0,0,1,0.0,0.0,0.0,0,,,,,76.190479081,1
peru21_2015-06-17_18,14,none,,adaptive_gaussian,docling_easyocr,deepseek,1,6,0,6,1,0.0,0.0,0.0,1,0.6666666666666666,1.0,0.9967637540453075,1.0,93.408240044,0
peru21_2015-06-17_18,14,none,,adaptive_gaussian,docling_rapidocr,deepseek,1,1,0,1,1,0.0,0.0,0.0,1,1.0,1.0,0.8058252427184466,0.9408284023668639,53.193943704,0
peru21_2015-06-17_18,14,none,,adaptive_mean,docling_easyocr,deepseek,1,0,0,0,1,0.0,0.0,0.0,0,,,,,91.229786382,1
peru21_2015-06-17_18,14,none,,adaptive_mean,docling_rapidocr,deepseek,1,0,0,0,1,0.0,0.0,0.0,0,,,,,48.944385037,1
peru21_2015-06-17_18,14,none,,basic,docling_easyocr,deepseek,1,0,0,0,1,0.0,0.0,0.0,0,,,,,101.240932492,1
peru21_2015-06-17_18,14,none,,basic,docling_rapidocr,deepseek,1,1,0,1,1,0.0,0.0,0.0,1,3.888888888888889,2.5,0.7939590075512406,0.9408284023668639,67.736439017,0
peru21_2015-06-17_18,14,none,,niblack,docling_easyocr,deepseek,1,0,0,0,1,0.0,0.0,0.0,0,,,,,82.036804734,1
peru21_2015-06-17_18,14,none,,niblack,docling_rapidocr,deepseek,1,0,0,0,1,0.0,0.0,0.0,0,,,,,45.185629903,1
peru21_2015-06-17_18,14,none,,none_color,docling_easyocr,deepseek,1,0,0,0,1,0.0,0.0,0.0,0,,,,,263.672304824,1
peru21_2015-06-17_18,14,none,,none_color,docling_rapidocr,deepseek,1,0,0,0,1,0.0,0.0,0.0,0,,,,,125.423933223,1
peru21_2015-06-17_18,14,none,,none_grayscale,docling_easyocr,deepseek,1,0,0,0,1,0.0,0.0,0.0,0,,,,,247.841128781,1
peru21_2015-06-17_18,14,none,,none_grayscale,docling_rapidocr,deepseek,1,0,0,0,1,0.0,0.0,0.0,0,,,,,120.119093135,1
peru21_2015-06-17_18,14,none,,otsu,docling_easyocr,deepseek,1,7,0,7,1,0.0,0.0,0.0,1,0.8888888888888888,1.0,0.674217907227616,0.7633136094674556,99.515114884,0
peru21_2015-06-17_18,14,none,,otsu,docling_rapidocr,deepseek,1,0,0,0,1,0.0,0.0,0.0,0,,,,,69.018683534,1
peru21_2015-06-17_18,15,none,,adaptive_gaussian,docling_easyocr,deepseek,1,0,0,0,1,0.0,0.0,0.0,0,,,,,49.52188243,1
peru21_2015-06-17_18,15,none,,adaptive_gaussian,docling_rapidocr,deepseek,1,0,0,0,1,0.0,0.0,0.0,0,,,,,8.77045168,1
peru21_2015-06-17_18,15,none,,adaptive_mean,docling_easyocr,deepseek,1,1,0,1,1,0.0,0.0,0.0,0,,,,,51.813008796,0
peru21_2015-06-17_18,15,none,,adaptive_mean,docling_rapidocr,deepseek,1,0,0,0,1,0.0,0.0,0.0,0,,,,,9.057746421,1
peru21_2015-06-17_18,15,none,,basic,docling_easyocr,deepseek,1,1,0,1,1,0.0,0.0,0.0,1,1.0,1.0,0.7454153182308522,0.8461538461538461,71.837604813,0
peru21_2015-06-17_18,15,none,,basic,docling_rapidocr,deepseek,1,0,0,0,1,0.0,0.0,0.0,0,,,,,31.488411002,1
peru21_2015-06-17_18,15,none,,niblack,docling_easyocr,deepseek,1,0,0,0,1,0.0,0.0,0.0,0,,,,,44.653672488,1
peru21_2015-06-17_18,15,none,,niblack,docling_rapidocr,deepseek,1,0,0,0,1,0.0,0.0,0.0,0,,,,,10.342313321,1
peru21_2015-06-17_18,15,none,,none_color,docling_easyocr,deepseek,1,1,0,1,1,0.0,0.0,0.0,1,1.1111111111111112,1.0,0.7486515641855448,0.9171597633136095,167.450729588,0
peru21_2015-06-17_18,15,none,,none_color,docling_rapidocr,deepseek,1,1,0,1,1,0.0,0.0,0.0,1,1.1111111111111112,1.0,1.4843581445523193,2.42603550295858,119.044560651,0
peru21_2015-06-17_18,15,none,,none_grayscale,docling_easyocr,deepseek,1,1,0,1,1,0.0,0.0,0.0,1,1.1111111111111112,1.0,0.7702265372168284,0.9289940828402367,165.111604028,0
peru21_2015-06-17_18,15,none,,none_grayscale,docling_rapidocr,deepseek,1,11,0,11,1,0.0,0.0,0.0,1,0.7777777777777778,1.0,0.5868392664509169,0.5976331360946746,118.618749909,0
peru21_2015-06-17_18,15,none,,otsu,docling_easyocr,deepseek,1,0,0,0,1,0.0,0.0,0.0,0,,,,,78.377590304,1
peru21_2015-06-17_18,15,none,,otsu,docling_rapidocr,deepseek,1,1,0,1,1,0.0,0.0,0.0,1,3.888888888888889,2.5,0.7939590075512406,0.9408284023668639,40.3800875,0
peru21_2015-06-17_18,16,none,,adaptive_gaussian,docling_easyocr,deepseek,1,0,0,0,1,0.0,0.0,0.0,0,,,,,49.272492697,1
peru21_2015-06-17_18,16,none,,adaptive_gaussian,docling_rapidocr,deepseek,1,0,0,0,1,0.0,0.0,0.0,0,,,,,8.458466341,1
peru21_2015-06-17_18,16,none,,adaptive_mean,docling_easyocr,deepseek,1,0,0,0,1,0.0,0.0,0.0,0,,,,,47.471620081,1
peru21_2015-06-17_18,16,none,,adaptive_mean,docling_rapidocr,deepseek,1,0,0,0,1,0.0,0.0,0.0,0,,,,,8.545964001,1
peru21_2015-06-17_18,16,none,,basic,docling_easyocr,deepseek,1,0,0,0,1,0.0,0.0,0.0,0,,,,,76.063309233,1
peru21_2015-06-17_18,16,none,,basic,docling_rapidocr,deepseek,1,0,0,0,1,0.0,0.0,0.0,0,,,,,24.320305149,1
peru21_2015-06-17_18,16,none,,niblack,docling_easyocr,deepseek,1,0,0,0,1,0.0,0.0,0.0,0,,,,,44.779955168,1
peru21_2015-06-17_18,16,none,,niblack,docling_rapidocr,deepseek,1,0,0,0,1,0.0,0.0,0.0,0,,,,,9.87013175,1
peru21_2015-06-17_18,16,none,,none_color,docling_easyocr,deepseek,1,1,0,1,1,0.0,0.0,0.0,1,14.88888888888889,11.5,0.8576051779935275,0.9467455621301775,64.980178967,0
peru21_2015-06-17_18,16,none,,none_color,docling_rapidocr,deepseek,1,1,0,1,1,0.0,0.0,0.0,0,,,,,16.351118937,0
peru21_2015-06-17_18,16,none,,none_grayscale,docling_easyocr,deepseek,1,1,0,1,1,0.0,0.0,0.0,1,40.55555555555556,28.0,0.7723840345199569,0.8757396449704142,67.754154411,0
peru21_2015-06-17_18,16,none,,none_grayscale,docling_rapidocr,deepseek,1,0,0,0,1,0.0,0.0,0.0,0,,,,,15.742503611,1
peru21_2015-06-17_18,16,none,,otsu,docling_easyocr,deepseek,1,0,0,0,1,0.0,0.0,0.0,0,,,,,75.698226326,1
peru21_2015-06-17_18,16,none,,otsu,docling_rapidocr,deepseek,1,0,0,0,1,0.0,0.0,0.0,0,,,,,23.205787056,1
peru21_2015-06-17_18,17,none,,adaptive_gaussian,docling_easyocr,deepseek,1,0,0,0,1,0.0,0.0,0.0,0,,,,,50.731500675,1
peru21_2015-06-17_18,17,none,,adaptive_gaussian,docling_rapidocr,deepseek,1,0,0,0,1,0.0,0.0,0.0,0,,,,,8.539264729,1
peru21_2015-06-17_18,17,none,,adaptive_mean,docling_easyocr,deepseek,1,0,0,0,1,0.0,0.0,0.0,0,,,,,50.791996,1
peru21_2015-06-17_18,17,none,,adaptive_mean,docling_rapidocr,deepseek,1,0,0,0,1,0.0,0.0,0.0,0,,,,,9.25841379,1
peru21_2015-06-17_18,17,none,,basic,docling_easyocr,deepseek,1,1,0,1,1,0.0,0.0,0.0,1,3.888888888888889,2.5,0.7939590075512406,0.9408284023668639,66.077698509,0
peru21_2015-06-17_18,17,none,,basic,docling_rapidocr,deepseek,1,0,0,0,1,0.0,0.0,0.0,0,,,,,24.451917688,1
peru21_2015-06-17_18,17,none,,niblack,docling_easyocr,deepseek,1,0,0,0,1,0.0,0.0,0.0,0,,,,,46.641597673,1
peru21_2015-06-17_18,17,none,,niblack,docling_rapidocr,deepseek,1,0,0,0,1,0.0,0.0,0.0,0,,,,,10.215464518,1
peru21_2015-06-17_18,17,none,,none_color,docling_easyocr,deepseek,1,0,0,0,1,0.0,0.0,0.0,0,,,,,85.181980339,1
peru21_2015-06-17_18,17,none,,none_color,docling_rapidocr,deepseek,1,0,0,0,1,0.0,0.0,0.0,0,,,,,32.465823856,1
peru21_2015-06-17_18,17,none,,none_grayscale,docling_easyocr,deepseek,1,0,0,0,1,0.0,0.0,0.0,0,,,,,83.349634138,1
peru21_2015-06-17_18,17,none,,none_grayscale,docling_rapidocr,deepseek,1,0,0,0,1,0.0,0.0,0.0,0,,,,,33.25867149,1
peru21_2015-06-17_18,17,none,,otsu,docling_easyocr,deepseek,1,1,0,1,1,0.0,0.0,0.0,1,0.7777777777777778,1.0,0.8619201725997843,0.9585798816568047,77.033903473,0
peru21_2015-06-17_18,17,none,,otsu,docling_rapidocr,deepseek,1,0,0,0,1,0.0,0.0,0.0,0,,,,,40.885757082,1
peru21_2015-06-17_18,18,none,,adaptive_gaussian,docling_easyocr,deepseek,1,0,0,0,1,0.0,0.0,0.0,0,,,,,46.009126135,1
peru21_2015-06-17_18,18,none,,adaptive_gaussian,docling_rapidocr,deepseek,1,0,0,0,1,0.0,0.0,0.0,0,,,,,8.641365,1
peru21_2015-06-17_18,18,none,,adaptive_mean,docling_easyocr,deepseek,1,0,0,0,1,0.0,0.0,0.0,0,,,,,45.829181807,1
peru21_2015-06-17_18,18,none,,adaptive_mean,docling_rapidocr,deepseek,1,0,0,0,1,0.0,0.0,0.0,0,,,,,9.493847267,1
peru21_2015-06-17_18,18,none,,basic,docling_easyocr,deepseek,1,0,0,0,1,0.0,0.0,0.0,0,,,,,46.498008905,1
peru21_2015-06-17_18,18,none,,basic,docling_rapidocr,deepseek,1,0,0,0,1,0.0,0.0,0.0,0,,,,,8.490283905,1
peru21_2015-06-17_18,18,none,,niblack,docling_easyocr,deepseek,1,0,0,0,1,0.0,0.0,0.0,0,,,,,46.930310167,1
peru21_2015-06-17_18,18,none,,none_color,docling_easyocr,deepseek,1,0,0,0,1,0.0,0.0,0.0,0,,,,,46.842278824,1
peru21_2015-06-17_18,18,none,,none_grayscale,docling_easyocr,deepseek,1,0,0,0,1,0.0,0.0,0.0,0,,,,,48.213182077,1
peru21_2015-06-17_18,18,none,,otsu,docling_easyocr,deepseek,1,0,0,0,1,0.0,0.0,0.0,0,,,,,46.0157714,1
peru21_2015-06-17_18,18,none,,otsu,docling_rapidocr,deepseek,1,0,0,0,1,0.0,0.0,0.0,0,,,,,8.570014488,1
peru21_2015-06-17_18,18,none,,yannihorne,docling_rapidocr,deepseek,1,0,0,0,1,0.0,0.0,0.0,0,,,,,8.819022905,1
peru21_2015-06-17_18,19,none,,adaptive_gaussian,docling_easyocr,deepseek,1,0,0,0,1,0.0,0.0,0.0,0,,,,,46.366721014,1
peru21_2015-06-17_18,19,none,,adaptive_gaussian,docling_rapidocr,deepseek,1,0,0,0,1,0.0,0.0,0.0,0,,,,,8.411023954,1
peru21_2015-06-17_18,19,none,,adaptive_mean,docling_easyocr,deepseek,1,0,0,0,1,0.0,0.0,0.0,0,,,,,45.727362276,1
peru21_2015-06-17_18,19,none,,adaptive_mean,docling_rapidocr,deepseek,1,0,0,0,1,0.0,0.0,0.0,0,,,,,8.85014999,1
peru21_2015-06-17_18,19,none,,basic,docling_easyocr,deepseek,1,0,0,0,1,0.0,0.0,0.0,0,,,,,46.395723982,1
peru21_2015-06-17_18,19,none,,basic,docling_rapidocr,deepseek,1,0,0,0,1,0.0,0.0,0.0,0,,,,,8.630907936,1
peru21_2015-06-17_18,19,none,,niblack,docling_easyocr,deepseek,1,0,0,0,1,0.0,0.0,0.0,0,,,,,47.530592054,1
peru21_2015-06-17_18,19,none,,otsu,docling_easyocr,deepseek,1,0,0,0,1,0.0,0.0,0.0,0,,,,,46.007518049,1
peru21_2015-06-17_18,19,none,,otsu,docling_rapidocr,deepseek,1,0,0,0,1,0.0,0.0,0.0,0,,,,,8.428523775,1
peru21_2015-06-17_18,19,none,,yannihorne,docling_rapidocr,deepseek,1,0,0,0,1,0.0,0.0,0.0,0,,,,,8.799897905,1
peru21_2015-06-17_18,20,none,,adaptive_gaussian,docling_easyocr,deepseek,1,0,0,0,1,0.0,0.0,0.0,0,,,,,46.785416448,1
peru21_2015-06-17_18,20,none,,adaptive_gaussian,docling_rapidocr,deepseek,1,0,0,0,1,0.0,0.0,0.0,0,,,,,8.607660615,1
peru21_2015-06-17_18,20,none,,adaptive_mean,docling_easyocr,deepseek,1,0,0,0,1,0.0,0.0,0.0,0,,,,,46.947895392,1
peru21_2015-06-17_18,20,none,,adaptive_mean,docling_rapidocr,deepseek,1,0,0,0,1,0.0,0.0,0.0,0,,,,,9.711572513,1
peru21_2015-06-17_18,20,none,,basic,docling_easyocr,deepseek,1,0,0,0,1,0.0,0.0,0.0,0,,,,,46.719013122,1
peru21_2015-06-17_18,20,none,,basic,docling_rapidocr,deepseek,1,0,0,0,1,0.0,0.0,0.0,0,,,,,8.636293796,1
peru21_2015-06-17_18,20,none,,niblack,docling_easyocr,deepseek,1,0,0,0,1,0.0,0.0,0.0,0,,,,,47.642119678,1
peru21_2015-06-17_18,20,none,,none_color,docling_easyocr,deepseek,1,0,0,0,1,0.0,0.0,0.0,0,,,,,48.798155143,1
peru21_2015-06-17_18,20,none,,none_grayscale,docling_easyocr,deepseek,1,0,0,0,1,0.0,0.0,0.0,0,,,,,48.517492606,1
peru21_2015-06-17_18,20,none,,otsu,docling_easyocr,deepseek,1,0,0,0,1,0.0,0.0,0.0,0,,,,,45.687644938,1
peru21_2015-06-17_18,20,none,,otsu,docling_rapidocr,deepseek,1,0,0,0,1,0.0,0.0,0.0,0,,,,,8.441890935,1
peru21_2015-06-17_18,20,none,,yannihorne,docling_rapidocr,deepseek,1,0,0,0,1,0.0,0.0,0.0,0,,,,,8.800853232,1
peru21_2015-06-17_18,21,none,,adaptive_gaussian,docling_easyocr,deepseek,1,0,0,0,1,0.0,0.0,0.0,0,,,,,165.118067416,1
peru21_2015-06-17_18,21,none,,adaptive_gaussian,docling_rapidocr,deepseek,1,0,0,0,1,0.0,0.0,0.0,0,,,,,121.204035911,1
peru21_2015-06-17_18,21,none,,adaptive_mean,docling_easyocr,deepseek,1,0,0,0,1,0.0,0.0,0.0,0,,,,,163.379431514,1
peru21_2015-06-17_18,21,none,,adaptive_mean,docling_rapidocr,deepseek,1,0,0,0,1,0.0,0.0,0.0,0,,,,,120.33638647,1
peru21_2015-06-17_18,21,none,,basic,docling_easyocr,deepseek,1,0,0,0,1,0.0,0.0,0.0,0,,,,,167.935334991,1
peru21_2015-06-17_18,21,none,,basic,docling_rapidocr,deepseek,1,1,0,1,1,0.0,0.0,0.0,0,,,,,135.48484833,0
peru21_2015-06-17_18,21,none,,niblack,docling_easyocr,deepseek,1,0,0,0,1,0.0,0.0,0.0,0,,,,,156.774907969,1
peru21_2015-06-17_18,21,none,,niblack,docling_rapidocr,deepseek,1,0,0,0,1,0.0,0.0,0.0,0,,,,,118.537184381,1
peru21_2015-06-17_18,21,none,,none_color,docling_easyocr,deepseek,1,1,0,1,1,0.0,0.0,0.0,1,1.0,1.0,0.8478964401294499,0.9644970414201184,180.170061419,0
peru21_2015-06-17_18,21,none,,none_color,docling_rapidocr,deepseek,1,0,0,0,1,0.0,0.0,0.0,0,,,,,141.47999079,1
peru21_2015-06-17_18,21,none,,none_grayscale,docling_easyocr,deepseek,1,1,0,1,1,0.0,0.0,0.0,1,1.0,1.0,0.8597626752966558,0.9644970414201184,181.422076699,0
peru21_2015-06-17_18,21,none,,none_grayscale,docling_rapidocr,deepseek,1,0,0,0,1,0.0,0.0,0.0,0,,,,,141.752452847,1
peru21_2015-06-17_18,21,none,,otsu,docling_easyocr,deepseek,1,0,0,0,1,0.0,0.0,0.0,0,,,,,181.973649167,1
peru21_2015-06-17_18,21,none,,otsu,docling_rapidocr,deepseek,1,0,0,0,1,0.0,0.0,0.0,0,,,,,149.16350665,1
peru21_2015-06-17_18,22,none,,adaptive_gaussian,docling_easyocr,deepseek,1,3,0,3,1,0.0,0.0,0.0,0,,,,,164.024283927,0
peru21_2015-06-17_18,22,none,,adaptive_gaussian,docling_rapidocr,deepseek,1,0,0,0,1,0.0,0.0,0.0,0,,,,,118.767303269,1
peru21_2015-06-17_18,22,none,,adaptive_mean,docling_easyocr,deepseek,1,0,0,0,1,0.0,0.0,0.0,0,,,,,161.361808528,1
peru21_2015-06-17_18,22,none,,adaptive_mean,docling_rapidocr,deepseek,1,0,0,0,1,0.0,0.0,0.0,0,,,,,118.808829774,1
peru21_2015-06-17_18,22,none,,basic,docling_easyocr,deepseek,1,1,0,1,1,0.0,0.0,0.0,0,,,,,201.397911103,0
peru21_2015-06-17_18,22,none,,basic,docling_rapidocr,deepseek,1,1,0,1,1,0.0,0.0,0.0,0,,,,,164.596413167,0
peru21_2015-06-17_18,22,none,,niblack,docling_easyocr,deepseek,1,0,0,0,1,0.0,0.0,0.0,0,,,,,156.204823287,1
peru21_2015-06-17_18,22,none,,niblack,docling_rapidocr,deepseek,1,0,0,0,1,0.0,0.0,0.0,0,,,,,118.102092536,1
peru21_2015-06-17_18,22,none,,none_color,docling_easyocr,deepseek,1,1,0,1,1,0.0,0.0,0.0,1,1.0,1.0,0.8230852211434736,0.9349112426035503,180.09216376,0
peru21_2015-06-17_18,22,none,,none_color,docling_rapidocr,deepseek,1,1,0,1,1,0.0,0.0,0.0,1,1.0,1.0,0.6893203883495146,0.8816568047337278,137.112110574,0
peru21_2015-06-17_18,22,none,,none_grayscale,docling_easyocr,deepseek,1,1,0,1,1,0.0,0.0,0.0,1,1.0,1.0,0.8230852211434736,0.9349112426035503,180.173975904,0
peru21_2015-06-17_18,22,none,,none_grayscale,docling_rapidocr,deepseek,1,1,0,1,1,0.0,0.0,0.0,1,1.0,1.0,0.6893203883495146,0.8816568047337278,135.410535771,0
peru21_2015-06-17_18,22,none,,otsu,docling_easyocr,deepseek,1,0,0,0,1,0.0,0.0,0.0,0,,,,,186.12258397,1
peru21_2015-06-17_18,22,none,,otsu,docling_rapidocr,deepseek,1,0,0,0,1,0.0,0.0,0.0,0,,,,,146.537832603,1
peru21_2015-06-17_18,23,none,,adaptive_gaussian,docling_easyocr,deepseek,1,0,0,0,1,0.0,0.0,0.0,0,,,,,164.210317241,1
peru21_2015-06-17_18,23,none,,adaptive_gaussian,docling_rapidocr,deepseek,1,9,0,9,1,0.0,0.0,0.0,1,0.6666666666666666,1.0,0.9967637540453075,1.0,119.984398948,0
peru21_2015-06-17_18,23,none,,adaptive_mean,docling_easyocr,deepseek,1,0,0,0,1,0.0,0.0,0.0,0,,,,,162.235358054,1
peru21_2015-06-17_18,23,none,,adaptive_mean,docling_rapidocr,deepseek,1,0,0,0,1,0.0,0.0,0.0,0,,,,,118.636654193,1
peru21_2015-06-17_18,23,none,,basic,docling_easyocr,deepseek,1,5,0,5,1,0.0,0.0,0.0,1,0.6666666666666666,1.0,0.9967637540453075,1.0,161.192129874,0
peru21_2015-06-17_18,23,none,,basic,docling_rapidocr,deepseek,1,0,0,0,1,0.0,0.0,0.0,0,,,,,136.495858932,1
peru21_2015-06-17_18,23,none,,niblack,docling_easyocr,deepseek,1,0,0,0,1,0.0,0.0,0.0,0,,,,,155.537409329,1
peru21_2015-06-17_18,23,none,,niblack,docling_rapidocr,deepseek,1,0,0,0,1,0.0,0.0,0.0,0,,,,,116.327328944,1
peru21_2015-06-17_18,23,none,,none_color,docling_easyocr,deepseek,1,1,0,1,1,0.0,0.0,0.0,0,,,,,179.699201297,0
peru21_2015-06-17_18,23,none,,none_color,docling_rapidocr,deepseek,1,0,0,0,1,0.0,0.0,0.0,0,,,,,144.369643401,1
peru21_2015-06-17_18,23,none,,none_grayscale,docling_easyocr,deepseek,1,1,0,1,1,0.0,0.0,0.0,0,,,,,180.15249772,0
peru21_2015-06-17_18,23,none,,none_grayscale,docling_rapidocr,deepseek,1,0,0,0,1,0.0,0.0,0.0,0,,,,,142.948056888,1
peru21_2015-06-17_18,23,none,,otsu,docling_easyocr,deepseek,1,0,0,0,1,0.0,0.0,0.0,0,,,,,173.513101674,1
peru21_2015-06-17_18,23,none,,otsu,docling_rapidocr,deepseek,1,0,0,0,1,0.0,0.0,0.0,0,,,,,141.926813222,1
peru21_2015-06-17_18,24,none,,adaptive_gaussian,docling_easyocr,deepseek,1,7,0,7,1,0.0,0.0,0.0,0,,,,,53.271898351,0
peru21_2015-06-17_18,24,none,,adaptive_gaussian,docling_rapidocr,deepseek,1,0,0,0,1,0.0,0.0,0.0,0,,,,,9.548545919,1
peru21_2015-06-17_18,24,none,,adaptive_mean,docling_easyocr,deepseek,1,1,0,1,1,0.0,0.0,0.0,0,,,,,52.543540031,0
peru21_2015-06-17_18,24,none,,adaptive_mean,docling_rapidocr,deepseek,1,14,0,14,1,0.0,0.0,0.0,1,0.7777777777777778,1.0,1.0,1.0,8.697981388,0
peru21_2015-06-17_18,24,none,,basic,docling_easyocr,deepseek,1,8,0,8,1,0.0,0.0,0.0,1,2.5555555555555554,2.5,0.5480043149946062,0.6804733727810651,63.800649238,0
peru21_2015-06-17_18,24,none,,basic,docling_rapidocr,deepseek,1,0,0,0,1,0.0,0.0,0.0,0,,,,,33.821788621,1
peru21_2015-06-17_18,24,none,,niblack,docling_easyocr,deepseek,1,0,0,0,1,0.0,0.0,0.0,0,,,,,46.984325937,1
peru21_2015-06-17_18,24,none,,niblack,docling_rapidocr,deepseek,1,0,0,0,1,0.0,0.0,0.0,0,,,,,8.815459064,1
peru21_2015-06-17_18,24,none,,none_color,docling_easyocr,deepseek,1,0,0,0,1,0.0,0.0,0.0,0,,,,,74.070114778,1
peru21_2015-06-17_18,24,none,,none_color,docling_rapidocr,deepseek,1,0,0,0,1,0.0,0.0,0.0,0,,,,,24.003535675,1
peru21_2015-06-17_18,24,none,,none_grayscale,docling_easyocr,deepseek,1,0,0,0,1,0.0,0.0,0.0,0,,,,,66.689896345,1
peru21_2015-06-17_18,24,none,,none_grayscale,docling_rapidocr,deepseek,1,0,0,0,1,0.0,0.0,0.0,0,,,,,17.217929124,1
peru21_2015-06-17_18,24,none,,otsu,docling_easyocr,deepseek,1,0,0,0,1,0.0,0.0,0.0,0,,,,,77.502753164,1
peru21_2015-06-17_18,24,none,,otsu,docling_rapidocr,deepseek,1,0,0,0,1,0.0,0.0,0.0,0,,,,,43.870282079,1
peru21_2015-06-17_18,25,none,,adaptive_gaussian,docling_easyocr,deepseek,1,0,0,0,1,0.0,0.0,0.0,0,,,,,50.362655918,1
peru21_2015-06-17_18,25,none,,adaptive_gaussian,docling_rapidocr,deepseek,1,0,0,0,1,0.0,0.0,0.0,0,,,,,9.133628408,1
peru21_2015-06-17_18,25,none,,adaptive_mean,docling_easyocr,deepseek,1,0,0,0,1,0.0,0.0,0.0,0,,,,,50.144925748,1
peru21_2015-06-17_18,25,none,,adaptive_mean,docling_rapidocr,deepseek,1,0,0,0,1,0.0,0.0,0.0,0,,,,,8.897632514,1
peru21_2015-06-17_18,25,none,,basic,docling_easyocr,deepseek,1,0,0,0,1,0.0,0.0,0.0,0,,,,,77.079135375,1
peru21_2015-06-17_18,25,none,,basic,docling_rapidocr,deepseek,1,0,0,0,1,0.0,0.0,0.0,0,,,,,42.518985706,1
peru21_2015-06-17_18,25,none,,niblack,docling_easyocr,deepseek,1,0,0,0,1,0.0,0.0,0.0,0,,,,,46.700466258,1
peru21_2015-06-17_18,25,none,,niblack,docling_rapidocr,deepseek,1,0,0,0,1,0.0,0.0,0.0,0,,,,,8.499698265,1
peru21_2015-06-17_18,25,none,,none_color,docling_easyocr,deepseek,1,0,0,0,1,0.0,0.0,0.0,0,,,,,80.536424449,1
peru21_2015-06-17_18,25,none,,none_color,docling_rapidocr,deepseek,1,0,0,0,1,0.0,0.0,0.0,0,,,,,33.303214363,1
peru21_2015-06-17_18,25,none,,none_grayscale,docling_easyocr,deepseek,1,0,0,0,1,0.0,0.0,0.0,0,,,,,80.451407079,1
peru21_2015-06-17_18,25,none,,none_grayscale,docling_rapidocr,deepseek,1,0,0,0,1,0.0,0.0,0.0,0,,,,,32.141305093,1
peru21_2015-06-17_18,25,none,,otsu,docling_easyocr,deepseek,1,0,0,0,1,0.0,0.0,0.0,0,,,,,74.656125575,1
peru21_2015-06-17_18,25,none,,otsu,docling_rapidocr,deepseek,1,0,0,0,1,0.0,0.0,0.0,0,,,,,44.656507284,1
peru21_2015-06-17_18,26,none,,adaptive_gaussian,docling_easyocr,deepseek,1,0,0,0,1,0.0,0.0,0.0,0,,,,,52.708535234,1
peru21_2015-06-17_18,26,none,,adaptive_gaussian,docling_rapidocr,deepseek,1,0,0,0,1,0.0,0.0,0.0,0,,,,,9.194608013,1
peru21_2015-06-17_18,26,none,,adaptive_mean,docling_easyocr,deepseek,1,0,0,0,1,0.0,0.0,0.0,0,,,,,51.86581229,1
peru21_2015-06-17_18,26,none,,adaptive_mean,docling_rapidocr,deepseek,1,0,0,0,1,0.0,0.0,0.0,0,,,,,9.373991001,1
peru21_2015-06-17_18,26,none,,basic,docling_easyocr,deepseek,1,0,0,0,1,0.0,0.0,0.0,0,,,,,65.452320844,1
peru21_2015-06-17_18,26,none,,basic,docling_rapidocr,deepseek,1,0,0,0,1,0.0,0.0,0.0,0,,,,,33.48366192,1
peru21_2015-06-17_18,26,none,,niblack,docling_easyocr,deepseek,1,0,0,0,1,0.0,0.0,0.0,0,,,,,47.334991174,1
peru21_2015-06-17_18,26,none,,niblack,docling_rapidocr,deepseek,1,0,0,0,1,0.0,0.0,0.0,0,,,,,8.789514499,1
peru21_2015-06-17_18,26,none,,none_color,docling_easyocr,deepseek,1,1,0,1,1,0.0,0.0,0.0,1,1.0,1.0,0.6375404530744336,0.6449704142011834,127.689489799,0
peru21_2015-06-17_18,26,none,,none_color,docling_rapidocr,deepseek,1,0,0,0,1,0.0,0.0,0.0,0,,,,,86.376992183,1
peru21_2015-06-17_18,26,none,,none_grayscale,docling_easyocr,deepseek,1,1,0,1,1,0.0,0.0,0.0,1,1.0,1.0,0.6375404530744336,0.6449704142011834,129.019481212,0
peru21_2015-06-17_18,26,none,,none_grayscale,docling_rapidocr,deepseek,1,0,0,0,1,0.0,0.0,0.0,0,,,,,85.460188657,1
peru21_2015-06-17_18,26,none,,otsu,docling_easyocr,deepseek,1,0,0,0,1,0.0,0.0,0.0,0,,,,,64.335365636,1
peru21_2015-06-17_18,26,none,,otsu,docling_rapidocr,deepseek,1,0,0,0,1,0.0,0.0,0.0,0,,,,,31.80855046,1
peru21_2015-06-17_18,27,none,,adaptive_gaussian,docling_easyocr,deepseek,1,1,0,1,1,0.0,0.0,0.0,0,,,,,58.760009704,0
peru21_2015-06-17_18,27,none,,adaptive_gaussian,docling_rapidocr,deepseek,1,0,0,0,1,0.0,0.0,0.0,0,,,,,12.030274806,1
peru21_2015-06-17_18,27,none,,adaptive_mean,docling_easyocr,deepseek,1,0,0,0,1,0.0,0.0,0.0,0,,,,,59.376362688,1
peru21_2015-06-17_18,27,none,,adaptive_mean,docling_rapidocr,deepseek,1,7,0,7,1,0.0,0.0,0.0,1,0.6666666666666666,1.0,1.0,1.0,11.293470031,0
peru21_2015-06-17_18,27,none,,basic,docling_easyocr,deepseek,1,0,0,0,1,0.0,0.0,0.0,0,,,,,230.231510164,1
peru21_2015-06-17_18,27,none,,basic,docling_rapidocr,deepseek,1,0,0,0,1,0.0,0.0,0.0,0,,,,,191.444726707,1
peru21_2015-06-17_18,27,none,,niblack,docling_easyocr,deepseek,1,0,0,0,1,0.0,0.0,0.0,0,,,,,46.845868661,1
peru21_2015-06-17_18,27,none,,niblack,docling_rapidocr,deepseek,1,0,0,0,1,0.0,0.0,0.0,0,,,,,8.40448673,1
peru21_2015-06-17_18,27,none,,none_color,docling_easyocr,deepseek,1,1,0,1,1,0.0,0.0,0.0,1,1.0,1.0,0.8252427184466019,1.78698224852071,67.612350559,0
peru21_2015-06-17_18,27,none,,none_color,docling_rapidocr,deepseek,1,1,0,1,1,0.0,0.0,0.0,1,1.0,1.0,0.8888888888888888,1.9349112426035502,16.772697544,0
peru21_2015-06-17_18,27,none,,none_grayscale,docling_easyocr,deepseek,1,0,0,0,1,0.0,0.0,0.0,0,,,,,67.979392219,1
peru21_2015-06-17_18,27,none,,none_grayscale,docling_rapidocr,deepseek,1,0,0,0,1,0.0,0.0,0.0,0,,,,,16.559420753,1
peru21_2015-06-17_18,27,none,,otsu,docling_easyocr,deepseek,1,1,0,1,1,0.0,0.0,0.0,1,4.666666666666667,3.5,0.5631067961165048,0.9467455621301775,158.335352733,0
peru21_2015-06-17_18,27,none,,otsu,docling_rapidocr,deepseek,1,1,0,1,1,0.0,0.0,0.0,1,4.555555555555555,4.5,0.5393743257820928,0.5739644970414202,127.073354556,0
peru21_2015-06-17_18,28,none,,adaptive_gaussian,docling_easyocr,deepseek,1,0,0,0,1,0.0,0.0,0.0,0,,,,,56.386956593,1
peru21_2015-06-17_18,28,none,,adaptive_gaussian,docling_rapidocr,deepseek,1,0,0,0,1,0.0,0.0,0.0,0,,,,,12.807249209,1
peru21_2015-06-17_18,28,none,,adaptive_mean,docling_easyocr,deepseek,1,1,0,1,1,0.0,0.0,0.0,0,,,,,56.800387471,0
peru21_2015-06-17_18,28,none,,adaptive_mean,docling_rapidocr,deepseek,1,0,0,0,1,0.0,0.0,0.0,0,,,,,10.138864367,1
peru21_2015-06-17_18,28,none,,basic,docling_easyocr,deepseek,1,0,0,0,1,0.0,0.0,0.0,0,,,,,72.505430113,1
peru21_2015-06-17_18,28,none,,basic,docling_rapidocr,deepseek,1,0,0,0,1,0.0,0.0,0.0,0,,,,,44.143686186,1
peru21_2015-06-17_18,28,none,,niblack,docling_easyocr,deepseek,1,0,0,0,1,0.0,0.0,0.0,0,,,,,47.321972573,1
peru21_2015-06-17_18,28,none,,niblack,docling_rapidocr,deepseek,1,0,0,0,1,0.0,0.0,0.0,0,,,,,8.544530356,1
peru21_2015-06-17_18,28,none,,none_color,docling_easyocr,deepseek,1,0,0,0,1,0.0,0.0,0.0,0,,,,,66.224246964,1
peru21_2015-06-17_18,28,none,,none_color,docling_rapidocr,deepseek,1,1,0,1,1,0.0,0.0,0.0,1,1.0,1.0,1.3948220064724919,2.473372781065089,19.79454039,0
peru21_2015-06-17_18,28,none,,none_grayscale,docling_easyocr,deepseek,1,0,0,0,1,0.0,0.0,0.0,0,,,,,67.333400307,1
peru21_2015-06-17_18,28,none,,none_grayscale,docling_rapidocr,deepseek,1,0,0,0,1,0.0,0.0,0.0,0,,,,,20.714155493,1
peru21_2015-06-17_18,28,none,,otsu,docling_easyocr,deepseek,1,0,0,0,1,0.0,0.0,0.0,0,,,,,61.740975344,1
peru21_2015-06-17_18,28,none,,otsu,docling_rapidocr,deepseek,1,0,0,0,1,0.0,0.0,0.0,0,,,,,20.139060223,1
peru21_2015-06-17_18,29,none,,adaptive_gaussian,docling_easyocr,deepseek,1,0,0,0,1,0.0,0.0,0.0,0,,,,,58.021939345,1
peru21_2015-06-17_18,29,none,,adaptive_gaussian,docling_rapidocr,deepseek,1,0,0,0,1,0.0,0.0,0.0,0,,,,,11.538265295,1
peru21_2015-06-17_18,29,none,,adaptive_mean,docling_easyocr,deepseek,1,0,0,0,1,0.0,0.0,0.0,0,,,,,56.934609667,1
peru21_2015-06-17_18,29,none,,adaptive_mean,docling_rapidocr,deepseek,1,9,0,9,1,0.0,0.0,0.0,1,0.6666666666666666,1.0,0.9967637540453075,1.0,10.563148514,0
peru21_2015-06-17_18,29,none,,basic,docling_easyocr,deepseek,1,1,0,1,1,0.0,0.0,0.0,1,1.0,1.0,0.7238403451995685,0.8579881656804734,117.007211981,0
peru21_2015-06-17_18,29,none,,basic,docling_rapidocr,deepseek,1,2,0,2,1,0.0,0.0,0.0,0,,,,,84.899345694,0
peru21_2015-06-17_18,29,none,,niblack,docling_easyocr,deepseek,1,0,0,0,1,0.0,0.0,0.0,0,,,,,47.414738142,1
peru21_2015-06-17_18,29,none,,niblack,docling_rapidocr,deepseek,1,0,0,0,1,0.0,0.0,0.0,0,,,,,9.055631602,1
peru21_2015-06-17_18,29,none,,none_color,docling_easyocr,deepseek,1,0,0,0,1,0.0,0.0,0.0,0,,,,,116.134375319,1
peru21_2015-06-17_18,29,none,,none_color,docling_rapidocr,deepseek,1,1,0,1,1,0.0,0.0,0.0,0,,,,,67.554868683,0
peru21_2015-06-17_18,29,none,,none_grayscale,docling_easyocr,deepseek,1,0,0,0,1,0.0,0.0,0.0,0,,,,,117.928305849,1
peru21_2015-06-17_18,29,none,,none_grayscale,docling_rapidocr,deepseek,1,1,0,1,1,0.0,0.0,0.0,0,,,,,67.662548527,0
peru21_2015-06-17_18,29,none,,otsu,docling_easyocr,deepseek,1,1,0,1,1,0.0,0.0,0.0,1,4.666666666666667,3.5,0.4627831715210356,0.6094674556213018,63.265444886,0
peru21_2015-06-17_18,29,none,,otsu,docling_rapidocr,deepseek,1,1,0,1,1,0.0,0.0,0.0,1,4.555555555555555,4.5,0.5954692556634305,0.6094674556213018,18.80608977,0
peru21_2015-06-17_18,30,none,,adaptive_gaussian,docling_easyocr,deepseek,1,0,0,0,1,0.0,0.0,0.0,0,,,,,60.816258685,1
peru21_2015-06-17_18,30,none,,adaptive_gaussian,docling_rapidocr,deepseek,1,0,0,0,1,0.0,0.0,0.0,0,,,,,12.0746267,1
peru21_2015-06-17_18,30,none,,adaptive_mean,docling_easyocr,deepseek,1,0,0,0,1,0.0,0.0,0.0,0,,,,,55.354553187,1
peru21_2015-06-17_18,30,none,,adaptive_mean,docling_rapidocr,deepseek,1,0,0,0,1,0.0,0.0,0.0,0,,,,,8.89512583,1
peru21_2015-06-17_18,30,none,,basic,docling_easyocr,deepseek,1,0,0,0,1,0.0,0.0,0.0,0,,,,,62.710544831,1
peru21_2015-06-17_18,30,none,,basic,docling_rapidocr,deepseek,1,1,0,1,1,0.0,0.0,0.0,0,,,,,26.734947688,0
peru21_2015-06-17_18,30,none,,niblack,docling_easyocr,deepseek,1,0,0,0,1,0.0,0.0,0.0,0,,,,,50.191725644,1
peru21_2015-06-17_18,30,none,,niblack,docling_rapidocr,deepseek,1,0,0,0,1,0.0,0.0,0.0,0,,,,,8.687900456,1
peru21_2015-06-17_18,30,none,,none_color,docling_easyocr,deepseek,1,3,0,3,1,0.0,0.0,0.0,0,,,,,63.825445036,0
peru21_2015-06-17_18,30,none,,none_color,docling_rapidocr,deepseek,1,1,0,1,1,0.0,0.0,0.0,1,1.3333333333333333,1.0,0.8619201725997843,1.0710059171597632,16.72944508,0
peru21_2015-06-17_18,30,none,,none_grayscale,docling_easyocr,deepseek,1,13,0,13,1,0.0,0.0,0.0,1,0.7777777777777778,1.0,0.95361380798274,0.9940828402366864,64.211383515,0
peru21_2015-06-17_18,30,none,,none_grayscale,docling_rapidocr,deepseek,1,1,0,1,1,0.0,0.0,0.0,1,1.1111111111111112,1.0,1.3171521035598706,1.78698224852071,15.663614445,0
peru21_2015-06-17_18,30,none,,otsu,docling_easyocr,deepseek,1,0,0,0,1,0.0,0.0,0.0,0,,,,,60.414471228,1
peru21_2015-06-17_18,30,none,,otsu,docling_rapidocr,deepseek,1,1,0,1,1,0.0,0.0,0.0,0,,,,,11.130191643,0
peru21_2015-06-17_18,31,none,,adaptive_gaussian,docling_easyocr,deepseek,1,1,0,1,1,0.0,0.0,0.0,1,0.7777777777777778,1.0,0.9989212513484358,0.9940828402366864,59.035816405,0
peru21_2015-06-17_18,31,none,,adaptive_gaussian,docling_rapidocr,deepseek,1,1,0,1,1,0.0,0.0,0.0,1,0.7777777777777778,1.0,0.8047464940668824,0.9704142011834319,14.719292376,0
peru21_2015-06-17_18,31,none,,adaptive_mean,docling_easyocr,deepseek,1,3,0,3,1,0.0,0.0,0.0,1,0.7777777777777778,1.0,0.9967637540453075,1.0,57.992994873,0
peru21_2015-06-17_18,31,none,,adaptive_mean,docling_rapidocr,deepseek,1,6,0,6,1,0.0,0.0,0.0,1,0.6666666666666666,1.0,0.9514563106796117,0.9526627218934911,9.355983584,0
peru21_2015-06-17_18,31,none,,basic,docling_easyocr,deepseek,1,0,0,0,1,0.0,0.0,0.0,0,,,,,66.480339968,1
peru21_2015-06-17_18,31,none,,basic,docling_rapidocr,deepseek,1,0,0,0,1,0.0,0.0,0.0,0,,,,,31.086386645,1
peru21_2015-06-17_18,31,none,,niblack,docling_easyocr,deepseek,1,0,0,0,1,0.0,0.0,0.0,0,,,,,47.879337254,1
peru21_2015-06-17_18,31,none,,niblack,docling_rapidocr,deepseek,1,0,0,0,1,0.0,0.0,0.0,0,,,,,8.568715516,1
peru21_2015-06-17_18,31,none,,none_color,docling_easyocr,deepseek,1,1,0,1,1,0.0,0.0,0.0,1,1.0,1.0,0.8716289104638619,0.9881656804733728,62.157506285,0
peru21_2015-06-17_18,31,none,,none_color,docling_rapidocr,deepseek,1,1,0,1,1,0.0,0.0,0.0,1,1.0,1.0,0.8629989212513485,1.5798816568047338,16.11944109,0
peru21_2015-06-17_18,31,none,,none_grayscale,docling_easyocr,deepseek,1,1,0,1,1,0.0,0.0,0.0,1,1.5555555555555556,1.5,0.8015102481121898,0.9349112426035503,64.092889677,0
peru21_2015-06-17_18,31,none,,none_grayscale,docling_rapidocr,deepseek,1,0,0,0,1,0.0,0.0,0.0,0,,,,,15.740918051,1
peru21_2015-06-17_18,31,none,,otsu,docling_easyocr,deepseek,1,0,0,0,1,0.0,0.0,0.0,0,,,,,59.687785185,1
peru21_2015-06-17_18,31,none,,otsu,docling_rapidocr,deepseek,1,1,0,1,1,0.0,0.0,0.0,0,,,,,20.010832585,0
peru21_2015-06-17_18,32,none,,adaptive_gaussian,docling_easyocr,deepseek,1,0,0,0,1,0.0,0.0,0.0,0,,,,,59.416123666,1
peru21_2015-06-17_18,32,none,,adaptive_gaussian,docling_rapidocr,deepseek,1,1,0,1,1,0.0,0.0,0.0,1,1.0,1.0,0.7993527508090615,0.9585798816568047,11.51227478,0
peru21_2015-06-17_18,32,none,,adaptive_mean,docling_easyocr,deepseek,1,0,0,0,1,0.0,0.0,0.0,0,,,,,56.007989631,1
peru21_2015-06-17_18,32,none,,adaptive_mean,docling_rapidocr,deepseek,1,0,0,0,1,0.0,0.0,0.0,0,,,,,8.749168144,1
peru21_2015-06-17_18,32,none,,basic,docling_easyocr,deepseek,1,1,0,1,1,0.0,0.0,0.0,0,,,,,87.134164123,0
peru21_2015-06-17_18,32,none,,basic,docling_rapidocr,deepseek,1,0,0,0,1,0.0,0.0,0.0,0,,,,,57.523517875,1
peru21_2015-06-17_18,32,none,,niblack,docling_easyocr,deepseek,1,0,0,0,1,0.0,0.0,0.0,0,,,,,49.409358146,1
peru21_2015-06-17_18,32,none,,niblack,docling_rapidocr,deepseek,1,0,0,0,1,0.0,0.0,0.0,0,,,,,8.613773944,1
peru21_2015-06-17_18,32,none,,none_color,docling_easyocr,deepseek,1,0,0,0,1,0.0,0.0,0.0,0,,,,,64.865220264,1
peru21_2015-06-17_18,32,none,,none_color,docling_rapidocr,deepseek,1,0,0,0,1,0.0,0.0,0.0,0,,,,,15.853873924,1
peru21_2015-06-17_18,32,none,,none_grayscale,docling_easyocr,deepseek,1,0,0,0,1,0.0,0.0,0.0,0,,,,,62.799134448,1
peru21_2015-06-17_18,32,none,,none_grayscale,docling_rapidocr,deepseek,1,0,0,0,1,0.0,0.0,0.0,0,,,,,16.365019039,1
peru21_2015-06-17_18,32,none,,otsu,docling_easyocr,deepseek,1,0,0,0,1,0.0,0.0,0.0,0,,,,,62.025476318,1
peru21_2015-06-17_18,32,none,,otsu,docling_rapidocr,deepseek,1,0,0,0,1,0.0,0.0,0.0,0,,,,,10.771728616,1
peru21_2015-06-17_18,33,none,,adaptive_gaussian,docling_easyocr,deepseek,1,0,0,0,1,0.0,0.0,0.0,0,,,,,60.857290824,1
peru21_2015-06-17_18,33,none,,adaptive_gaussian,docling_rapidocr,deepseek,1,1,0,1,1,0.0,0.0,0.0,1,1.0,1.0,0.7993527508090615,0.9289940828402367,16.374495824,0
peru21_2015-06-17_18,33,none,,adaptive_mean,docling_easyocr,deepseek,1,0,0,0,1,0.0,0.0,0.0,0,,,,,58.837984496,1
peru21_2015-06-17_18,33,none,,adaptive_mean,docling_rapidocr,deepseek,1,1,0,1,1,0.0,0.0,0.0,1,1.0,1.0,0.8759439050701187,0.9526627218934911,9.951632911,0
peru21_2015-06-17_18,33,none,,basic,docling_easyocr,deepseek,1,5,0,5,1,0.0,0.0,0.0,0,,,,,66.571622991,0
peru21_2015-06-17_18,33,none,,basic,docling_rapidocr,deepseek,1,1,0,1,1,0.0,0.0,0.0,1,0.6666666666666666,1.0,0.9881337648327939,0.9940828402366864,32.662786626,0
peru21_2015-06-17_18,33,none,,niblack,docling_easyocr,deepseek,1,0,0,0,1,0.0,0.0,0.0,0,,,,,50.065179729,1
peru21_2015-06-17_18,33,none,,niblack,docling_rapidocr,deepseek,1,0,0,0,1,0.0,0.0,0.0,0,,,,,9.022298002,1
peru21_2015-06-17_18,33,none,,none_color,docling_easyocr,deepseek,1,1,0,1,1,0.0,0.0,0.0,1,1.0,1.0,0.8101402373247033,1.1479289940828403,64.223258731,0
peru21_2015-06-17_18,33,none,,none_color,docling_rapidocr,deepseek,1,1,0,1,1,0.0,0.0,0.0,1,1.0,1.0,0.8781014023732471,1.7455621301775148,16.56715512,0
peru21_2015-06-17_18,33,none,,none_grayscale,docling_easyocr,deepseek,1,0,0,0,1,0.0,0.0,0.0,0,,,,,63.957487892,1
peru21_2015-06-17_18,33,none,,none_grayscale,docling_rapidocr,deepseek,1,1,0,1,1,0.0,0.0,0.0,1,1.1111111111111112,1.0,0.33225458468176916,0.4378698224852071,16.632380079,0
peru21_2015-06-17_18,33,none,,otsu,docling_easyocr,deepseek,1,0,0,0,1,0.0,0.0,0.0,0,,,,,61.22471664,1
peru21_2015-06-17_18,33,none,,otsu,docling_rapidocr,deepseek,1,1,0,1,1,0.0,0.0,0.0,1,4.555555555555555,4.5,0.4401294498381877,0.5325443786982249,15.27885983,0
peru21_2015-06-17_18,34,none,,adaptive_gaussian,docling_easyocr,deepseek,1,1,0,1,1,0.0,0.0,0.0,0,,,,,61.045612922,0
peru21_2015-06-17_18,34,none,,adaptive_gaussian,docling_rapidocr,deepseek,1,3,0,3,1,0.0,0.0,0.0,1,0.6666666666666666,1.0,0.9967637540453075,1.0,12.847340455,0
peru21_2015-06-17_18,34,none,,adaptive_mean,docling_easyocr,deepseek,1,0,0,0,1,0.0,0.0,0.0,0,,,,,56.8244573,1
peru21_2015-06-17_18,34,none,,adaptive_mean,docling_rapidocr,deepseek,1,0,0,0,1,0.0,0.0,0.0,0,,,,,11.417223346,1
peru21_2015-06-17_18,34,none,,basic,docling_easyocr,deepseek,1,0,0,0,1,0.0,0.0,0.0,0,,,,,64.752335721,1
peru21_2015-06-17_18,34,none,,basic,docling_rapidocr,deepseek,1,0,0,0,1,0.0,0.0,0.0,0,,,,,30.814948732,1
peru21_2015-06-17_18,34,none,,niblack,docling_easyocr,deepseek,1,0,0,0,1,0.0,0.0,0.0,0,,,,,45.859458122,1
peru21_2015-06-17_18,34,none,,niblack,docling_rapidocr,deepseek,1,0,0,0,1,0.0,0.0,0.0,0,,,,,8.294439229,1
peru21_2015-06-17_18,34,none,,none_color,docling_easyocr,deepseek,1,0,0,0,1,0.0,0.0,0.0,0,,,,,62.518433837,1
peru21_2015-06-17_18,34,none,,none_color,docling_rapidocr,deepseek,1,1,0,1,1,0.0,0.0,0.0,1,1.0,1.0,0.8716289104638619,1.9881656804733727,17.258737354,0
peru21_2015-06-17_18,34,none,,none_grayscale,docling_easyocr,deepseek,1,1,0,1,1,0.0,0.0,0.0,1,1.1111111111111112,1.0,0.7162891046386192,0.9289940828402367,64.841643196,0
peru21_2015-06-17_18,34,none,,none_grayscale,docling_rapidocr,deepseek,1,0,0,0,1,0.0,0.0,0.0,0,,,,,17.201262575,1
peru21_2015-06-17_18,34,none,,otsu,docling_easyocr,deepseek,1,1,0,1,1,0.0,0.0,0.0,1,5.111111111111111,4.0,0.61596548004315,0.7041420118343196,65.175453432,0
peru21_2015-06-17_18,34,none,,otsu,docling_rapidocr,deepseek,1,0,0,0,1,0.0,0.0,0.0,0,,,,,16.832429178,1
peru21_2015-06-17_18,35,none,,adaptive_gaussian,docling_easyocr,deepseek,1,0,0,0,1,0.0,0.0,0.0,0,,,,,58.099853149,1
peru21_2015-06-17_18,35,none,,adaptive_gaussian,docling_rapidocr,deepseek,1,1,0,1,1,0.0,0.0,0.0,1,1.0,1.0,0.807982740021575,0.9881656804733728,14.001597276,0
peru21_2015-06-17_18,35,none,,adaptive_mean,docling_easyocr,deepseek,1,0,0,0,1,0.0,0.0,0.0,0,,,,,58.654749763,1
peru21_2015-06-17_18,35,none,,adaptive_mean,docling_rapidocr,deepseek,1,0,0,0,1,0.0,0.0,0.0,0,,,,,9.699548852,1
peru21_2015-06-17_18,35,none,,basic,docling_easyocr,deepseek,1,0,0,0,1,0.0,0.0,0.0,0,,,,,64.975551063,1
peru21_2015-06-17_18,35,none,,basic,docling_rapidocr,deepseek,1,0,0,0,1,0.0,0.0,0.0,0,,,,,33.836838657,1
peru21_2015-06-17_18,35,none,,niblack,docling_easyocr,deepseek,1,0,0,0,1,0.0,0.0,0.0,0,,,,,47.440727003,1
peru21_2015-06-17_18,35,none,,niblack,docling_rapidocr,deepseek,1,0,0,0,1,0.0,0.0,0.0,0,,,,,8.887235887,1
peru21_2015-06-17_18,35,none,,none_color,docling_easyocr,deepseek,1,0,0,0,1,0.0,0.0,0.0,0,,,,,66.203357797,1
peru21_2015-06-17_18,35,none,,none_color,docling_rapidocr,deepseek,1,1,0,1,1,0.0,0.0,0.0,1,1.1111111111111112,1.0,0.343042071197411,0.3431952662721893,16.609664302,0
peru21_2015-06-17_18,35,none,,none_grayscale,docling_easyocr,deepseek,1,0,0,0,1,0.0,0.0,0.0,0,,,,,63.791423898,1
peru21_2015-06-17_18,35,none,,none_grayscale,docling_rapidocr,deepseek,1,1,0,1,1,0.0,0.0,0.0,1,1.1111111111111112,1.0,0.343042071197411,0.3431952662721893,16.365634542,0
peru21_2015-06-17_18,35,none,,otsu,docling_easyocr,deepseek,1,0,0,0,1,0.0,0.0,0.0,0,,,,,61.965084798,1
peru21_2015-06-17_18,35,none,,otsu,docling_rapidocr,deepseek,1,1,0,1,1,0.0,0.0,0.0,1,4.555555555555555,4.5,0.44336569579288027,0.4437869822485207,13.42922426,0
peru21_2015-06-17_18,36,none,,adaptive_gaussian,docling_easyocr,deepseek,1,4,0,4,1,0.0,0.0,0.0,0,,,,,56.266363589,0
peru21_2015-06-17_18,36,none,,adaptive_gaussian,docling_rapidocr,deepseek,1,0,0,0,1,0.0,0.0,0.0,0,,,,,9.709979264,1
peru21_2015-06-17_18,36,none,,adaptive_mean,docling_easyocr,deepseek,1,4,0,4,1,0.0,0.0,0.0,0,,,,,55.116597497,0
peru21_2015-06-17_18,36,none,,adaptive_mean,docling_rapidocr,deepseek,1,0,0,0,1,0.0,0.0,0.0,0,,,,,9.915038669,1
peru21_2015-06-17_18,36,none,,basic,docling_easyocr,deepseek,1,1,0,1,1,0.0,0.0,0.0,1,1.0,1.0,0.8155339805825242,1.1893491124260356,65.124895055,0
peru21_2015-06-17_18,36,none,,basic,docling_rapidocr,deepseek,1,0,0,0,1,0.0,0.0,0.0,0,,,,,28.87104841,1
peru21_2015-06-17_18,36,none,,niblack,docling_easyocr,deepseek,1,0,0,0,1,0.0,0.0,0.0,0,,,,,47.904552875,1
peru21_2015-06-17_18,36,none,,niblack,docling_rapidocr,deepseek,1,0,0,0,1,0.0,0.0,0.0,0,,,,,8.331473527,1
peru21_2015-06-17_18,36,none,,none_color,docling_easyocr,deepseek,1,1,0,1,1,0.0,0.0,0.0,1,1.0,1.0,0.8295577130528586,0.9881656804733728,63.770150476,0
peru21_2015-06-17_18,36,none,,none_color,docling_rapidocr,deepseek,1,1,0,1,1,0.0,0.0,0.0,1,1.0,1.0,0.9104638619201726,0.9881656804733728,17.066718631,0
peru21_2015-06-17_18,36,none,,none_grayscale,docling_easyocr,deepseek,1,1,0,1,1,0.0,0.0,0.0,1,1.0,1.0,0.8047464940668824,1.0236686390532543,63.861780292,0
peru21_2015-06-17_18,36,none,,none_grayscale,docling_rapidocr,deepseek,1,0,0,0,1,0.0,0.0,0.0,0,,,,,15.92220009,1
peru21_2015-06-17_18,36,none,,otsu,docling_easyocr,deepseek,1,0,0,0,1,0.0,0.0,0.0,0,,,,,68.970317634,1
peru21_2015-06-17_18,36,none,,otsu,docling_rapidocr,deepseek,1,1,0,1,1,0.0,0.0,0.0,1,4.555555555555555,4.5,0.7723840345199569,0.9289940828402367,24.632526668,0
peru21_2015-06-17_18,37,none,,adaptive_gaussian,docling_easyocr,deepseek,1,0,0,0,1,0.0,0.0,0.0,0,,,,,52.439282033,1
peru21_2015-06-17_18,37,none,,adaptive_gaussian,docling_rapidocr,deepseek,1,0,0,0,1,0.0,0.0,0.0,0,,,,,9.369453523,1
peru21_2015-06-17_18,37,none,,adaptive_mean,docling_easyocr,deepseek,1,1,0,1,1,0.0,0.0,0.0,0,,,,,53.053858705,0
peru21_2015-06-17_18,37,none,,adaptive_mean,docling_rapidocr,deepseek,1,0,0,0,1,0.0,0.0,0.0,0,,,,,8.989838548,1
peru21_2015-06-17_18,37,none,,basic,docling_easyocr,deepseek,1,1,0,1,1,0.0,0.0,0.0,0,,,,,67.324235356,0
peru21_2015-06-17_18,37,none,,basic,docling_rapidocr,deepseek,1,0,0,0,1,0.0,0.0,0.0,0,,,,,27.501716769,1
peru21_2015-06-17_18,37,none,,niblack,docling_easyocr,deepseek,1,0,0,0,1,0.0,0.0,0.0,0,,,,,46.241470451,1
peru21_2015-06-17_18,37,none,,niblack,docling_rapidocr,deepseek,1,0,0,0,1,0.0,0.0,0.0,0,,,,,8.656691665,1
peru21_2015-06-17_18,37,none,,none_color,docling_easyocr,deepseek,1,7,0,7,1,0.0,0.0,0.0,1,0.6666666666666666,1.0,0.9568500539374326,1.0,61.233733665,0
peru21_2015-06-17_18,37,none,,none_color,docling_rapidocr,deepseek,1,1,0,1,1,0.0,0.0,0.0,1,1.0,1.0,1.557713052858684,1.6094674556213018,16.266331922,0
peru21_2015-06-17_18,37,none,,none_grayscale,docling_easyocr,deepseek,1,1,0,1,1,0.0,0.0,0.0,1,1.0,1.0,0.7971952535059331,1.2189349112426036,66.588362062,0
peru21_2015-06-17_18,37,none,,none_grayscale,docling_rapidocr,deepseek,1,0,0,0,1,0.0,0.0,0.0,0,,,,,21.358082378,1
peru21_2015-06-17_18,37,none,,otsu,docling_easyocr,deepseek,1,0,0,0,1,0.0,0.0,0.0,0,,,,,62.531237592,1
peru21_2015-06-17_18,37,none,,otsu,docling_rapidocr,deepseek,1,1,0,1,1,0.0,0.0,0.0,1,1.0,1.0,1.4563106796116505,3.57396449704142,29.462929238,0
peru21_2015-06-17_18,38,none,,adaptive_gaussian,docling_easyocr,deepseek,1,6,0,6,1,0.0,0.0,0.0,1,0.7777777777777778,1.0,0.9967637540453075,1.0,56.548939538,0
peru21_2015-06-17_18,38,none,,adaptive_gaussian,docling_rapidocr,deepseek,1,8,0,8,1,0.0,0.0,0.0,1,0.6666666666666666,1.0,0.9967637540453075,1.0,10.253819776,0
peru21_2015-06-17_18,38,none,,adaptive_mean,docling_easyocr,deepseek,1,0,0,0,1,0.0,0.0,0.0,0,,,,,54.185452005,1
peru21_2015-06-17_18,38,none,,adaptive_mean,docling_rapidocr,deepseek,1,0,0,0,1,0.0,0.0,0.0,0,,,,,10.265689393,1
peru21_2015-06-17_18,38,none,,basic,docling_easyocr,deepseek,1,0,0,0,1,0.0,0.0,0.0,0,,,,,161.827138652,1
peru21_2015-06-17_18,38,none,,basic,docling_rapidocr,deepseek,1,0,0,0,1,0.0,0.0,0.0,0,,,,,138.893113841,1
peru21_2015-06-17_18,38,none,,niblack,docling_easyocr,deepseek,1,0,0,0,1,0.0,0.0,0.0,0,,,,,46.929060926,1
peru21_2015-06-17_18,38,none,,niblack,docling_rapidocr,deepseek,1,0,0,0,1,0.0,0.0,0.0,0,,,,,8.227632274,1
peru21_2015-06-17_18,38,none,,none_color,docling_easyocr,deepseek,1,1,0,1,1,0.0,0.0,0.0,1,1.0,1.0,0.8727076591154261,0.9763313609467456,62.136218061,0
peru21_2015-06-17_18,38,none,,none_color,docling_rapidocr,deepseek,1,1,0,1,1,0.0,0.0,0.0,1,1.0,1.0,0.49838187702265374,0.6094674556213018,16.410524596,0
peru21_2015-06-17_18,38,none,,none_grayscale,docling_easyocr,deepseek,1,1,0,1,1,0.0,0.0,0.0,1,1.0,1.0,0.8727076591154261,0.9763313609467456,61.827589025,0
peru21_2015-06-17_18,38,none,,none_grayscale,docling_rapidocr,deepseek,1,1,0,1,1,0.0,0.0,0.0,1,1.0,1.0,0.49838187702265374,0.6094674556213018,16.342816104,0
peru21_2015-06-17_18,38,none,,otsu,docling_easyocr,deepseek,1,3,0,3,1,0.0,0.0,0.0,1,1.3333333333333333,1.0,0.8230852211434736,0.9940828402366864,67.572882238,0
peru21_2015-06-17_18,38,none,,otsu,docling_rapidocr,deepseek,1,1,0,1,1,0.0,0.0,0.0,1,4.555555555555555,4.5,0.6116504854368932,1.4615384615384615,19.947241607,0
peru21_2015-06-17_18,39,none,,adaptive_gaussian,docling_easyocr,deepseek,1,3,0,3,1,0.0,0.0,0.0,0,,,,,96.271884215,0
peru21_2015-06-17_18,39,none,,adaptive_gaussian,docling_rapidocr,deepseek,1,0,0,0,1,0.0,0.0,0.0,0,,,,,49.145599139,1
peru21_2015-06-17_18,39,none,,adaptive_mean,docling_easyocr,deepseek,1,0,0,0,1,0.0,0.0,0.0,0,,,,,95.960161813,1
peru21_2015-06-17_18,39,none,,adaptive_mean,docling_rapidocr,deepseek,1,12,0,12,1,0.0,0.0,0.0,1,0.6666666666666666,1.0,0.9967637540453075,1.0,48.110419162,0
peru21_2015-06-17_18,39,none,,basic,docling_easyocr,deepseek,1,0,0,0,1,0.0,0.0,0.0,0,,,,,265.48255222,1
peru21_2015-06-17_18,39,none,,basic,docling_rapidocr,deepseek,1,1,0,1,1,0.0,0.0,0.0,0,,,,,231.068834474,0
peru21_2015-06-17_18,39,none,,niblack,docling_easyocr,deepseek,1,0,0,0,1,0.0,0.0,0.0,0,,,,,84.857157544,1
peru21_2015-06-17_18,39,none,,niblack,docling_rapidocr,deepseek,1,0,0,0,1,0.0,0.0,0.0,0,,,,,45.375938729,1
peru21_2015-06-17_18,39,none,,none_color,docling_easyocr,deepseek,1,0,0,0,1,0.0,0.0,0.0,0,,,,,102.861387992,1
peru21_2015-06-17_18,39,none,,none_color,docling_rapidocr,deepseek,1,1,0,1,1,0.0,0.0,0.0,1,1.0,1.0,0.8813376483279396,2.035502958579882,53.388496423,0
peru21_2015-06-17_18,39,none,,none_grayscale,docling_easyocr,deepseek,1,0,0,0,1,0.0,0.0,0.0,0,,,,,105.03564215,1
peru21_2015-06-17_18,39,none,,none_grayscale,docling_rapidocr,deepseek,1,1,0,1,1,0.0,0.0,0.0,1,1.1111111111111112,1.0,1.6310679611650485,2.710059171597633,54.612166169,0
peru21_2015-06-17_18,39,none,,otsu,docling_easyocr,deepseek,1,0,0,0,1,0.0,0.0,0.0,0,,,,,247.355329993,1
peru21_2015-06-17_18,39,none,,otsu,docling_rapidocr,deepseek,1,0,0,0,1,0.0,0.0,0.0,0,,,,,212.39564729,1
peru21_2015-06-17_18,40,none,,adaptive_gaussian,docling_easyocr,deepseek,1,0,0,0,1,0.0,0.0,0.0,0,,,,,92.667379375,1
peru21_2015-06-17_18,40,none,,adaptive_gaussian,docling_rapidocr,deepseek,1,0,0,0,1,0.0,0.0,0.0,0,,,,,48.410902258,1
peru21_2015-06-17_18,40,none,,adaptive_mean,docling_easyocr,deepseek,1,1,0,1,1,0.0,0.0,0.0,0,,,,,94.377719896,0
peru21_2015-06-17_18,40,none,,adaptive_mean,docling_rapidocr,deepseek,1,0,0,0,1,0.0,0.0,0.0,0,,,,,46.645922201,1
peru21_2015-06-17_18,40,none,,basic,docling_easyocr,deepseek,1,0,0,0,1,0.0,0.0,0.0,0,,,,,111.807142793,1
peru21_2015-06-17_18,40,none,,basic,docling_rapidocr,deepseek,1,0,0,0,1,0.0,0.0,0.0,0,,,,,81.783834993,1
peru21_2015-06-17_18,40,none,,niblack,docling_easyocr,deepseek,1,0,0,0,1,0.0,0.0,0.0,0,,,,,84.847808305,1
peru21_2015-06-17_18,40,none,,niblack,docling_rapidocr,deepseek,1,0,0,0,1,0.0,0.0,0.0,0,,,,,45.221925918,1
peru21_2015-06-17_18,40,none,,none_color,docling_easyocr,deepseek,1,0,0,0,1,0.0,0.0,0.0,0,,,,,104.787507925,1
peru21_2015-06-17_18,40,none,,none_color,docling_rapidocr,deepseek,1,1,0,1,1,0.0,0.0,0.0,0,,,,,53.064817819,0
peru21_2015-06-17_18,40,none,,none_grayscale,docling_easyocr,deepseek,1,0,0,0,1,0.0,0.0,0.0,0,,,,,104.882115112,1
peru21_2015-06-17_18,40,none,,none_grayscale,docling_rapidocr,deepseek,1,0,0,0,1,0.0,0.0,0.0,0,,,,,53.127203451,1
peru21_2015-06-17_18,40,none,,otsu,docling_easyocr,deepseek,1,1,0,1,1,0.0,0.0,0.0,1,3.7777777777777777,1.0,0.7993527508090615,0.9585798816568047,97.064103258,0
peru21_2015-06-17_18,40,none,,otsu,docling_rapidocr,deepseek,1,0,0,0,1,0.0,0.0,0.0,0,,,,,55.069035661,1
peru21_2015-06-17_18,41,none,,adaptive_gaussian,docling_easyocr,deepseek,1,1,0,1,1,0.0,0.0,0.0,1,1.0,1.0,0.7939590075512406,0.9349112426035503,94.403225273,0
peru21_2015-06-17_18,41,none,,adaptive_gaussian,docling_rapidocr,deepseek,1,0,0,0,1,0.0,0.0,0.0,0,,,,,48.295653909,1
peru21_2015-06-17_18,41,none,,adaptive_mean,docling_easyocr,deepseek,1,0,0,0,1,0.0,0.0,0.0,0,,,,,93.338220396,1
peru21_2015-06-17_18,41,none,,adaptive_mean,docling_rapidocr,deepseek,1,0,0,0,1,0.0,0.0,0.0,0,,,,,48.112196006,1
peru21_2015-06-17_18,41,none,,basic,docling_easyocr,deepseek,1,3,0,3,1,0.0,0.0,0.0,0,,,,,149.97983106,0
peru21_2015-06-17_18,41,none,,basic,docling_rapidocr,deepseek,1,0,0,0,1,0.0,0.0,0.0,0,,,,,120.99418362,1
peru21_2015-06-17_18,41,none,,niblack,docling_easyocr,deepseek,1,0,0,0,1,0.0,0.0,0.0,0,,,,,82.587322843,1
peru21_2015-06-17_18,41,none,,niblack,docling_rapidocr,deepseek,1,0,0,0,1,0.0,0.0,0.0,0,,,,,45.496011865,1
peru21_2015-06-17_18,41,none,,none_color,docling_easyocr,deepseek,1,0,0,0,1,0.0,0.0,0.0,0,,,,,105.078965671,1
peru21_2015-06-17_18,41,none,,none_color,docling_rapidocr,deepseek,1,1,0,1,1,0.0,0.0,0.0,1,1.1111111111111112,1.0,0.4487594390507012,0.5562130177514792,54.738230713,0
peru21_2015-06-17_18,41,none,,none_grayscale,docling_easyocr,deepseek,1,0,0,0,1,0.0,0.0,0.0,0,,,,,105.331291444,1
peru21_2015-06-17_18,41,none,,none_grayscale,docling_rapidocr,deepseek,1,1,0,1,1,0.0,0.0,0.0,1,1.1111111111111112,1.0,0.4487594390507012,0.5562130177514792,53.00879503,0
peru21_2015-06-17_18,41,none,,otsu,docling_easyocr,deepseek,1,1,0,1,1,0.0,0.0,0.0,1,4.666666666666667,3.5,0.4638619201725998,0.6094674556213018,101.731948528,0
peru21_2015-06-17_18,41,none,,otsu,docling_rapidocr,deepseek,1,1,0,1,1,0.0,0.0,0.0,1,4.555555555555555,4.5,0.7971952535059331,0.9585798816568047,58.529040489,0
peru21_2015-06-17_18,42,none,,adaptive_gaussian,docling_easyocr,deepseek,1,0,0,0,1,0.0,0.0,0.0,0,,,,,58.935181509,1
peru21_2015-06-17_18,42,none,,adaptive_gaussian,docling_rapidocr,deepseek,1,0,0,0,1,0.0,0.0,0.0,0,,,,,9.382943998,1
peru21_2015-06-17_18,42,none,,adaptive_mean,docling_easyocr,deepseek,1,0,0,0,1,0.0,0.0,0.0,0,,,,,57.765439111,1
peru21_2015-06-17_18,42,none,,adaptive_mean,docling_rapidocr,deepseek,1,0,0,0,1,0.0,0.0,0.0,0,,,,,8.753482181,1
peru21_2015-06-17_18,42,none,,basic,docling_easyocr,deepseek,1,0,0,0,1,0.0,0.0,0.0,0,,,,,74.236840368,1
peru21_2015-06-17_18,42,none,,basic,docling_rapidocr,deepseek,1,0,0,0,1,0.0,0.0,0.0,0,,,,,24.088048578,1
peru21_2015-06-17_18,42,none,,niblack,docling_rapidocr,deepseek,1,0,0,0,1,0.0,0.0,0.0,0,,,,,8.81159699,1
peru21_2015-06-17_18,42,none,,none_color,docling_easyocr,deepseek,1,1,0,1,1,0.0,0.0,0.0,1,7.444444444444445,6.0,0.8015102481121898,0.9289940828402367,66.594609712,0
peru21_2015-06-17_18,42,none,,none_color,docling_rapidocr,deepseek,1,1,0,1,1,0.0,0.0,0.0,1,1.1111111111111112,1.0,1.3948220064724919,1.1242603550295858,16.43108723,0
peru21_2015-06-17_18,42,none,,none_grayscale,docling_easyocr,deepseek,1,0,0,0,1,0.0,0.0,0.0,0,,,,,66.623602438,1
peru21_2015-06-17_18,42,none,,none_grayscale,docling_rapidocr,deepseek,1,0,0,0,1,0.0,0.0,0.0,0,,,,,15.211823749,1
peru21_2015-06-17_18,42,none,,otsu,docling_easyocr,deepseek,1,0,0,0,1,0.0,0.0,0.0,0,,,,,69.883234455,1
peru21_2015-06-17_18,42,none,,otsu,docling_rapidocr,deepseek,1,0,0,0,1,0.0,0.0,0.0,0,,,,,17.135847284,1
peru21_2015-06-17_18,43,none,,adaptive_gaussian,docling_easyocr,deepseek,1,0,0,0,1,0.0,0.0,0.0,0,,,,,51.256204143,1
peru21_2015-06-17_18,43,none,,adaptive_gaussian,docling_rapidocr,deepseek,1,0,0,0,1,0.0,0.0,0.0,0,,,,,8.198417917,1
peru21_2015-06-17_18,43,none,,adaptive_mean,docling_easyocr,deepseek,1,0,0,0,1,0.0,0.0,0.0,0,,,,,53.016248905,1
peru21_2015-06-17_18,43,none,,adaptive_mean,docling_rapidocr,deepseek,1,0,0,0,1,0.0,0.0,0.0,0,,,,,8.442007743,1
peru21_2015-06-17_18,43,none,,basic,docling_easyocr,deepseek,1,0,0,0,1,0.0,0.0,0.0,0,,,,,60.244093423,1
peru21_2015-06-17_18,43,none,,basic,docling_rapidocr,deepseek,1,0,0,0,1,0.0,0.0,0.0,0,,,,,11.360089069,1
peru21_2015-06-17_18,43,none,,niblack,docling_easyocr,deepseek,1,0,0,0,1,0.0,0.0,0.0,0,,,,,44.468702539,1
peru21_2015-06-17_18,43,none,,niblack,docling_rapidocr,deepseek,1,0,0,0,1,0.0,0.0,0.0,0,,,,,8.794342502,1
peru21_2015-06-17_18,43,none,,none_color,docling_easyocr,deepseek,1,0,0,0,1,0.0,0.0,0.0,0,,,,,64.103098253,1
peru21_2015-06-17_18,43,none,,none_color,docling_rapidocr,deepseek,1,0,0,0,1,0.0,0.0,0.0,0,,,,,15.483488182,1
peru21_2015-06-17_18,43,none,,none_grayscale,docling_easyocr,deepseek,1,0,0,0,1,0.0,0.0,0.0,0,,,,,62.058752708,1
peru21_2015-06-17_18,43,none,,none_grayscale,docling_rapidocr,deepseek,1,0,0,0,1,0.0,0.0,0.0,0,,,,,16.36498826,1
peru21_2015-06-17_18,43,none,,otsu,docling_easyocr,deepseek,1,0,0,0,1,0.0,0.0,0.0,0,,,,,59.528945524,1
peru21_2015-06-17_18,43,none,,otsu,docling_rapidocr,deepseek,1,0,0,0,1,0.0,0.0,0.0,0,,,,,11.522803623,1
peru21_2015-06-17_18,44,none,,adaptive_gaussian,docling_easyocr,deepseek,1,0,0,0,1,0.0,0.0,0.0,0,,,,,57.58978166,1
peru21_2015-06-17_18,44,none,,adaptive_gaussian,docling_rapidocr,deepseek,1,0,0,0,1,0.0,0.0,0.0,0,,,,,8.477185148,1
peru21_2015-06-17_18,44,none,,adaptive_mean,docling_easyocr,deepseek,1,0,0,0,1,0.0,0.0,0.0,0,,,,,57.136961307,1
peru21_2015-06-17_18,44,none,,adaptive_mean,docling_rapidocr,deepseek,1,0,0,0,1,0.0,0.0,0.0,0,,,,,8.570190992,1
peru21_2015-06-17_18,44,none,,basic,docling_easyocr,deepseek,1,0,0,0,1,0.0,0.0,0.0,0,,,,,62.109796175,1
peru21_2015-06-17_18,44,none,,basic,docling_rapidocr,deepseek,1,0,0,0,1,0.0,0.0,0.0,0,,,,,12.602107653,1
peru21_2015-06-17_18,44,none,,niblack,docling_easyocr,deepseek,1,0,0,0,1,0.0,0.0,0.0,0,,,,,45.468524946,1
peru21_2015-06-17_18,44,none,,niblack,docling_rapidocr,deepseek,1,0,0,0,1,0.0,0.0,0.0,0,,,,,8.466806425,1
peru21_2015-06-17_18,44,none,,none_color,docling_easyocr,deepseek,1,1,0,1,1,0.0,0.0,0.0,1,1.0,1.0,0.8511326860841424,0.9289940828402367,69.446861084,0
peru21_2015-06-17_18,44,none,,none_color,docling_rapidocr,deepseek,1,0,0,0,1,0.0,0.0,0.0,0,,,,,19.466467913,1
peru21_2015-06-17_18,44,none,,none_grayscale,docling_easyocr,deepseek,1,1,0,1,1,0.0,0.0,0.0,1,1.0,1.0,0.8511326860841424,0.9289940828402367,73.164795931,0
peru21_2015-06-17_18,44,none,,none_grayscale,docling_rapidocr,deepseek,1,0,0,0,1,0.0,0.0,0.0,0,,,,,19.393248852,1
peru21_2015-06-17_18,44,none,,otsu,docling_easyocr,deepseek,1,0,0,0,1,0.0,0.0,0.0,0,,,,,69.112686119,1
peru21_2015-06-17_18,44,none,,otsu,docling_rapidocr,deepseek,1,16,0,16,1,0.0,0.0,0.0,0,,,,,20.337379894,0
peru21_2015-06-17_18,45,none,,adaptive_gaussian,docling_easyocr,deepseek,1,0,0,0,1,0.0,0.0,0.0,0,,,,,44.022296429,1
peru21_2015-06-17_18,45,none,,adaptive_gaussian,docling_rapidocr,deepseek,1,0,0,0,1,0.0,0.0,0.0,0,,,,,7.653191566,1
peru21_2015-06-17_18,45,none,,adaptive_mean,docling_easyocr,deepseek,1,0,0,0,1,0.0,0.0,0.0,0,,,,,46.231748768,1
peru21_2015-06-17_18,45,none,,adaptive_mean,docling_rapidocr,deepseek,1,0,0,0,1,0.0,0.0,0.0,0,,,,,8.099696346,1
peru21_2015-06-17_18,45,none,,basic,docling_easyocr,deepseek,1,0,0,0,1,0.0,0.0,0.0,0,,,,,44.409257641,1
peru21_2015-06-17_18,45,none,,basic,docling_rapidocr,deepseek,1,0,0,0,1,0.0,0.0,0.0,0,,,,,7.714325418,1
peru21_2015-06-17_18,45,none,,niblack,docling_easyocr,deepseek,1,0,0,0,1,0.0,0.0,0.0,0,,,,,45.419308746,1
peru21_2015-06-17_18,45,none,,otsu,docling_easyocr,deepseek,1,0,0,0,1,0.0,0.0,0.0,0,,,,,44.238565031,1
peru21_2015-06-17_18,45,none,,otsu,docling_rapidocr,deepseek,1,0,0,0,1,0.0,0.0,0.0,0,,,,,7.55602533,1
peru21_2015-06-17_18,45,none,,yannihorne,docling_rapidocr,deepseek,1,0,0,0,1,0.0,0.0,0.0,0,,,,,7.665011469,1
peru21_2015-06-17_18,46,none,,adaptive_mean,docling_easyocr,deepseek,1,0,0,0,1,0.0,0.0,0.0,0,,,,,44.626229711,1
peru21_2015-06-17_18,46,none,,adaptive_mean,docling_rapidocr,deepseek,1,0,0,0,1,0.0,0.0,0.0,0,,,,,7.61904616,1
peru21_2015-06-17_18,46,none,,basic,docling_easyocr,deepseek,1,0,0,0,1,0.0,0.0,0.0,0,,,,,46.185180654,1
peru21_2015-06-17_18,46,none,,basic,docling_rapidocr,deepseek,1,0,0,0,1,0.0,0.0,0.0,0,,,,,7.705958834,1
peru21_2015-06-17_18,46,none,,niblack,docling_easyocr,deepseek,1,0,0,0,1,0.0,0.0,0.0,0,,,,,45.312690695,1
peru21_2015-06-17_18,46,none,,none_color,docling_easyocr,deepseek,1,0,0,0,1,0.0,0.0,0.0,0,,,,,46.218073048,1
peru21_2015-06-17_18,46,none,,none_grayscale,docling_easyocr,deepseek,1,0,0,0,1,0.0,0.0,0.0,0,,,,,48.013327755,1
peru21_2015-06-17_18,46,none,,otsu,docling_easyocr,deepseek,1,0,0,0,1,0.0,0.0,0.0,0,,,,,44.48918325,1
peru21_2015-06-17_18,46,none,,otsu,docling_rapidocr,deepseek,1,0,0,0,1,0.0,0.0,0.0,0,,,,,7.627665106,1
peru21_2015-06-17_18,46,none,,yannihorne,docling_rapidocr,deepseek,1,0,0,0,1,0.0,0.0,0.0,0,,,,,7.643066231,1
peru21_2015-06-17_18,47,none,,adaptive_gaussian,docling_easyocr,deepseek,1,0,0,0,1,0.0,0.0,0.0,0,,,,,44.403173405,1
peru21_2015-06-17_18,47,none,,adaptive_gaussian,docling_rapidocr,deepseek,1,0,0,0,1,0.0,0.0,0.0,0,,,,,7.790154653,1
peru21_2015-06-17_18,47,none,,adaptive_mean,docling_easyocr,deepseek,1,0,0,0,1,0.0,0.0,0.0,0,,,,,47.075171139,1
peru21_2015-06-17_18,47,none,,adaptive_mean,docling_rapidocr,deepseek,1,0,0,0,1,0.0,0.0,0.0,0,,,,,7.989263918,1
peru21_2015-06-17_18,47,none,,basic,docling_easyocr,deepseek,1,0,0,0,1,0.0,0.0,0.0,0,,,,,46.262988754,1
peru21_2015-06-17_18,47,none,,basic,docling_rapidocr,deepseek,1,0,0,0,1,0.0,0.0,0.0,0,,,,,7.43882794,1
peru21_2015-06-17_18,47,none,,niblack,docling_easyocr,deepseek,1,0,0,0,1,0.0,0.0,0.0,0,,,,,47.70046257,1
peru21_2015-06-17_18,47,none,,otsu,docling_easyocr,deepseek,1,0,0,0,1,0.0,0.0,0.0,0,,,,,44.671677133,1
peru21_2015-06-17_18,47,none,,otsu,docling_rapidocr,deepseek,1,0,0,0,1,0.0,0.0,0.0,0,,,,,8.14888241,1
peru21_2015-06-17_18,47,none,,yannihorne,docling_rapidocr,deepseek,1,0,0,0,1,0.0,0.0,0.0,0,,,,,8.281847736,1
peru21_2015-06-17_18,48,none,,adaptive_gaussian,docling_easyocr,deepseek,1,10,0,10,1,0.0,0.0,0.0,0,,,,,165.011811759,0
peru21_2015-06-17_18,48,none,,adaptive_gaussian,docling_rapidocr,deepseek,1,0,0,0,1,0.0,0.0,0.0,0,,,,,117.562954213,1
peru21_2015-06-17_18,48,none,,adaptive_mean,docling_easyocr,deepseek,1,2,0,2,1,0.0,0.0,0.0,1,0.6666666666666666,1.0,0.9730312837108953,0.9881656804733728,163.869929837,0
peru21_2015-06-17_18,48,none,,adaptive_mean,docling_rapidocr,deepseek,1,0,0,0,1,0.0,0.0,0.0,0,,,,,118.463601875,1
peru21_2015-06-17_18,48,none,,basic,docling_easyocr,deepseek,1,1,0,1,1,0.0,0.0,0.0,1,1.0,1.0,0.8112189859762675,1.0,177.274770753,0
peru21_2015-06-17_18,48,none,,basic,docling_rapidocr,deepseek,1,0,0,0,1,0.0,0.0,0.0,0,,,,,140.779697912,1
peru21_2015-06-17_18,48,none,,niblack,docling_easyocr,deepseek,1,0,0,0,1,0.0,0.0,0.0,0,,,,,154.776914872,1
peru21_2015-06-17_18,48,none,,niblack,docling_rapidocr,deepseek,1,0,0,0,1,0.0,0.0,0.0,0,,,,,116.490612783,1
peru21_2015-06-17_18,48,none,,none_color,docling_easyocr,deepseek,1,0,0,0,1,0.0,0.0,0.0,0,,,,,171.648890201,1
peru21_2015-06-17_18,48,none,,none_color,docling_rapidocr,deepseek,1,0,0,0,1,0.0,0.0,0.0,0,,,,,123.779893104,1
peru21_2015-06-17_18,48,none,,none_grayscale,docling_easyocr,deepseek,1,0,0,0,1,0.0,0.0,0.0,0,,,,,171.295474235,1
peru21_2015-06-17_18,48,none,,none_grayscale,docling_rapidocr,deepseek,1,0,0,0,1,0.0,0.0,0.0,0,,,,,123.94860119,1
peru21_2015-06-17_18,48,none,,otsu,docling_easyocr,deepseek,1,0,0,0,1,0.0,0.0,0.0,0,,,,,171.2024661,1
peru21_2015-06-17_18,48,none,,otsu,docling_rapidocr,deepseek,1,1,0,1,1,0.0,0.0,0.0,1,4.555555555555555,4.5,0.5458468176914779,0.7751479289940828,122.88630113,0
peru21_2015-06-17_18,49,none,,adaptive_gaussian,docling_easyocr,deepseek,1,0,0,0,1,0.0,0.0,0.0,0,,,,,159.645825483,1
peru21_2015-06-17_18,49,none,,adaptive_gaussian,docling_rapidocr,deepseek,1,0,0,0,1,0.0,0.0,0.0,0,,,,,115.541818,1
peru21_2015-06-17_18,49,none,,adaptive_mean,docling_easyocr,deepseek,1,0,0,0,1,0.0,0.0,0.0,0,,,,,159.465698121,1
peru21_2015-06-17_18,49,none,,adaptive_mean,docling_rapidocr,deepseek,1,0,0,0,1,0.0,0.0,0.0,0,,,,,115.661492227,1
peru21_2015-06-17_18,49,none,,basic,docling_easyocr,deepseek,1,1,0,1,1,0.0,0.0,0.0,0,,,,,171.94775304,0
peru21_2015-06-17_18,49,none,,basic,docling_rapidocr,deepseek,1,0,0,0,1,0.0,0.0,0.0,0,,,,,136.92623314,1
peru21_2015-06-17_18,49,none,,niblack,docling_easyocr,deepseek,1,0,0,0,1,0.0,0.0,0.0,0,,,,,155.428719028,1
peru21_2015-06-17_18,49,none,,niblack,docling_rapidocr,deepseek,1,0,0,0,1,0.0,0.0,0.0,0,,,,,115.293844922,1
peru21_2015-06-17_18,49,none,,none_color,docling_easyocr,deepseek,1,0,0,0,1,0.0,0.0,0.0,0,,,,,173.096457258,1
peru21_2015-06-17_18,49,none,,none_color,docling_rapidocr,deepseek,1,1,0,1,1,0.0,0.0,0.0,1,1.0,1.0,0.7626752966558792,1.0,123.09775187,0
peru21_2015-06-17_18,49,none,,none_grayscale,docling_easyocr,deepseek,1,0,0,0,1,0.0,0.0,0.0,0,,,,,170.085822835,1
peru21_2015-06-17_18,49,none,,none_grayscale,docling_rapidocr,deepseek,1,1,0,1,1,0.0,0.0,0.0,1,1.0,1.0,0.7626752966558792,1.0,124.06026341,0
peru21_2015-06-17_18,49,none,,otsu,docling_easyocr,deepseek,1,0,0,0,1,0.0,0.0,0.0,0,,,,,169.973844449,1
peru21_2015-06-17_18,49,none,,otsu,docling_rapidocr,deepseek,1,1,0,1,1,0.0,0.0,0.0,1,4.555555555555555,4.5,0.5329018338727076,0.7869822485207101,131.439872424,0
peru21_2015-06-17_18,50,none,,adaptive_gaussian,docling_easyocr,deepseek,1,0,0,0,1,0.0,0.0,0.0,0,,,,,162.645064937,1
peru21_2015-06-17_18,50,none,,adaptive_gaussian,docling_rapidocr,deepseek,1,8,0,8,1,0.0,0.0,0.0,1,0.6666666666666666,1.0,1.0,1.0,118.574104415,0
peru21_2015-06-17_18,50,none,,adaptive_mean,docling_easyocr,deepseek,1,0,0,0,1,0.0,0.0,0.0,0,,,,,163.239561374,1
peru21_2015-06-17_18,50,none,,adaptive_mean,docling_rapidocr,deepseek,1,0,0,0,1,0.0,0.0,0.0,0,,,,,118.578482921,1
peru21_2015-06-17_18,50,none,,basic,docling_easyocr,deepseek,1,0,0,0,1,0.0,0.0,0.0,0,,,,,172.316066839,1
peru21_2015-06-17_18,50,none,,basic,docling_rapidocr,deepseek,1,1,0,1,1,0.0,0.0,0.0,0,,,,,136.007576085,0
peru21_2015-06-17_18,50,none,,niblack,docling_easyocr,deepseek,1,0,0,0,1,0.0,0.0,0.0,0,,,,,156.244889657,1
peru21_2015-06-17_18,50,none,,niblack,docling_rapidocr,deepseek,1,0,0,0,1,0.0,0.0,0.0,0,,,,,117.784175794,1
peru21_2015-06-17_18,50,none,,none_color,docling_easyocr,deepseek,1,0,0,0,1,0.0,0.0,0.0,0,,,,,181.451613212,1
peru21_2015-06-17_18,50,none,,none_color,docling_rapidocr,deepseek,1,0,0,0,1,0.0,0.0,0.0,0,,,,,131.555132413,1
peru21_2015-06-17_18,50,none,,none_grayscale,docling_easyocr,deepseek,1,0,0,0,1,0.0,0.0,0.0,0,,,,,178.71738317,1
peru21_2015-06-17_18,50,none,,none_grayscale,docling_rapidocr,deepseek,1,0,0,0,1,0.0,0.0,0.0,0,,,,,131.683898235,1
peru21_2015-06-17_18,50,none,,otsu,docling_easyocr,deepseek,1,0,0,0,1,0.0,0.0,0.0,0,,,,,174.853993585,1
peru21_2015-06-17_18,50,none,,otsu,docling_rapidocr,deepseek,1,1,0,1,1,0.0,0.0,0.0,1,4.444444444444445,4.5,0.7335490830636462,0.9112426035502958,124.315608432,0
peru21_2015-06-17_18,51,none,,adaptive_gaussian,docling_easyocr,deepseek,1,1,0,1,1,0.0,0.0,0.0,0,,,,,55.131937833,0
peru21_2015-06-17_18,51,none,,adaptive_gaussian,docling_rapidocr,deepseek,1,1,0,1,1,0.0,0.0,0.0,1,3.888888888888889,2.5,0.7939590075512406,0.9408284023668639,12.004242511,0
peru21_2015-06-17_18,51,none,,adaptive_mean,docling_easyocr,deepseek,1,0,0,0,1,0.0,0.0,0.0,0,,,,,55.49844555,1
peru21_2015-06-17_18,51,none,,adaptive_mean,docling_rapidocr,deepseek,1,0,0,0,1,0.0,0.0,0.0,0,,,,,9.08862094,1
peru21_2015-06-17_18,51,none,,basic,docling_easyocr,deepseek,1,0,0,0,1,0.0,0.0,0.0,0,,,,,76.975987277,1
peru21_2015-06-17_18,51,none,,basic,docling_rapidocr,deepseek,1,0,0,0,1,0.0,0.0,0.0,0,,,,,40.754816613,1
peru21_2015-06-17_18,51,none,,niblack,docling_easyocr,deepseek,1,0,0,0,1,0.0,0.0,0.0,0,,,,,46.304322801,1
peru21_2015-06-17_18,51,none,,niblack,docling_rapidocr,deepseek,1,0,0,0,1,0.0,0.0,0.0,0,,,,,8.393455825,1
peru21_2015-06-17_18,51,none,,none_color,docling_easyocr,deepseek,1,0,0,0,1,0.0,0.0,0.0,0,,,,,69.012586053,1
peru21_2015-06-17_18,51,none,,none_color,docling_rapidocr,deepseek,1,0,0,0,1,0.0,0.0,0.0,0,,,,,20.800674375,1
peru21_2015-06-17_18,51,none,,none_grayscale,docling_easyocr,deepseek,1,0,0,0,1,0.0,0.0,0.0,0,,,,,66.506994972,1
peru21_2015-06-17_18,51,none,,none_grayscale,docling_rapidocr,deepseek,1,1,0,1,1,0.0,0.0,0.0,0,,,,,19.243494758,0
peru21_2015-06-17_18,51,none,,otsu,docling_easyocr,deepseek,1,0,0,0,1,0.0,0.0,0.0,0,,,,,67.600220119,1
peru21_2015-06-17_18,51,none,,otsu,docling_rapidocr,deepseek,1,0,0,0,1,0.0,0.0,0.0,0,,,,,24.919539129,1
peru21_2015-06-17_18,52,none,,adaptive_gaussian,docling_easyocr,deepseek,1,0,0,0,1,0.0,0.0,0.0,0,,,,,57.48643989,1
peru21_2015-06-17_18,52,none,,adaptive_gaussian,docling_rapidocr,deepseek,1,0,0,0,1,0.0,0.0,0.0,0,,,,,12.08089394,1
peru21_2015-06-17_18,52,none,,adaptive_mean,docling_easyocr,deepseek,1,1,0,1,1,0.0,0.0,0.0,0,,,,,58.086100069,0
peru21_2015-06-17_18,52,none,,adaptive_mean,docling_rapidocr,deepseek,1,0,0,0,1,0.0,0.0,0.0,0,,,,,10.09553167,1
peru21_2015-06-17_18,52,none,,basic,docling_easyocr,deepseek,1,0,0,0,1,0.0,0.0,0.0,0,,,,,67.771023521,1
peru21_2015-06-17_18,52,none,,basic,docling_rapidocr,deepseek,1,1,0,1,1,0.0,0.0,0.0,1,1.0,1.0,0.9050701186623517,0.9467455621301775,14.116034517,0
peru21_2015-06-17_18,52,none,,niblack,docling_easyocr,deepseek,1,0,0,0,1,0.0,0.0,0.0,0,,,,,46.410243853,1
peru21_2015-06-17_18,52,none,,niblack,docling_rapidocr,deepseek,1,0,0,0,1,0.0,0.0,0.0,0,,,,,8.458447798,1
peru21_2015-06-17_18,52,none,,none_color,docling_easyocr,deepseek,1,0,0,0,1,0.0,0.0,0.0,0,,,,,69.682057007,1
peru21_2015-06-17_18,52,none,,none_color,docling_rapidocr,deepseek,1,0,0,0,1,0.0,0.0,0.0,0,,,,,16.665719851,1
peru21_2015-06-17_18,52,none,,none_grayscale,docling_easyocr,deepseek,1,0,0,0,1,0.0,0.0,0.0,0,,,,,70.151678261,1
peru21_2015-06-17_18,52,none,,none_grayscale,docling_rapidocr,deepseek,1,1,0,1,1,0.0,0.0,0.0,1,1.0,1.0,0.8910463861920173,0.9704142011834319,16.214084562,0
peru21_2015-06-17_18,52,none,,otsu,docling_easyocr,deepseek,1,0,0,0,1,0.0,0.0,0.0,0,,,,,64.993347488,1
peru21_2015-06-17_18,52,none,,otsu,docling_rapidocr,deepseek,1,1,0,1,1,0.0,0.0,0.0,0,,,,,14.662319027,0
peru21_2015-06-17_18,53,none,,adaptive_gaussian,docling_easyocr,deepseek,1,3,0,3,1,0.0,0.0,0.0,0,,,,,55.925716347,0
peru21_2015-06-17_18,53,none,,adaptive_gaussian,docling_rapidocr,deepseek,1,6,0,6,1,0.0,0.0,0.0,1,0.7777777777777778,1.0,1.0,1.0,10.597684807,0
peru21_2015-06-17_18,53,none,,adaptive_mean,docling_easyocr,deepseek,1,0,0,0,1,0.0,0.0,0.0,0,,,,,57.293135849,1
peru21_2015-06-17_18,53,none,,adaptive_mean,docling_rapidocr,deepseek,1,0,0,0,1,0.0,0.0,0.0,0,,,,,9.348893372,1
peru21_2015-06-17_18,53,none,,basic,docling_easyocr,deepseek,1,0,0,0,1,0.0,0.0,0.0,0,,,,,132.490864691,1
peru21_2015-06-17_18,53,none,,basic,docling_rapidocr,deepseek,1,0,0,0,1,0.0,0.0,0.0,0,,,,,100.216465887,1
peru21_2015-06-17_18,53,none,,niblack,docling_easyocr,deepseek,1,0,0,0,1,0.0,0.0,0.0,0,,,,,48.260104967,1
peru21_2015-06-17_18,53,none,,niblack,docling_rapidocr,deepseek,1,0,0,0,1,0.0,0.0,0.0,0,,,,,8.730002714,1
peru21_2015-06-17_18,53,none,,none_color,docling_easyocr,deepseek,1,0,0,0,1,0.0,0.0,0.0,0,,,,,66.817010029,1
peru21_2015-06-17_18,53,none,,none_color,docling_rapidocr,deepseek,1,1,0,1,1,0.0,0.0,0.0,0,,,,,17.127671106,0
peru21_2015-06-17_18,53,none,,none_grayscale,docling_easyocr,deepseek,1,0,0,0,1,0.0,0.0,0.0,0,,,,,66.92823468,1
peru21_2015-06-17_18,53,none,,none_grayscale,docling_rapidocr,deepseek,1,1,0,1,1,0.0,0.0,0.0,0,,,,,16.353000267,0
peru21_2015-06-17_18,53,none,,otsu,docling_easyocr,deepseek,1,1,0,1,1,0.0,0.0,0.0,1,5.333333333333333,4.5,0.5760517799352751,0.9585798816568047,64.190082798,0
peru21_2015-06-17_18,53,none,,otsu,docling_rapidocr,deepseek,1,1,1,0,0,1.0,1.0,1.0,1,0.7777777777777778,1.0,0.5685005393743258,0.5976331360946746,23.144206533,0
peru21_2016-05-13_2,0,none,,adaptive_gaussian,docling_easyocr,deepseek,2,3,0,3,2,0.0,0.0,0.0,2,0.03333333333333333,0.16666666666666666,0.9646078675040012,0.9828398295890556,69.24738237,0
peru21_2016-05-13_2,0,none,,adaptive_gaussian,docling_rapidocr,deepseek,2,0,0,0,2,0.0,0.0,0.0,0,,,,,16.382651058,1
peru21_2016-05-13_2,0,none,,adaptive_mean,docling_easyocr,deepseek,2,0,0,0,2,0.0,0.0,0.0,0,,,,,68.038545359,1
peru21_2016-05-13_2,0,none,,adaptive_mean,docling_rapidocr,deepseek,2,0,0,0,2,0.0,0.0,0.0,0,,,,,15.249801863,1
peru21_2016-05-13_2,0,none,,basic,docling_easyocr,deepseek,2,0,0,0,2,0.0,0.0,0.0,0,,,,,69.783013613,1
peru21_2016-05-13_2,0,none,,basic,docling_rapidocr,deepseek,2,0,0,0,2,0.0,0.0,0.0,0,,,,,24.510734827,1
peru21_2016-05-13_2,0,none,,niblack,docling_easyocr,deepseek,2,0,0,0,2,0.0,0.0,0.0,0,,,,,48.726853567,1
peru21_2016-05-13_2,0,none,,niblack,docling_rapidocr,deepseek,2,0,0,0,2,0.0,0.0,0.0,0,,,,,8.643739897,1
peru21_2016-05-13_2,0,none,,none_color,docling_easyocr,deepseek,2,0,0,0,2,0.0,0.0,0.0,0,,,,,71.550576096,1
peru21_2016-05-13_2,0,none,,none_color,docling_rapidocr,deepseek,2,0,0,0,2,0.0,0.0,0.0,0,,,,,27.307393198,1
peru21_2016-05-13_2,0,none,,none_grayscale,docling_easyocr,deepseek,2,0,0,0,2,0.0,0.0,0.0,0,,,,,72.389965254,1
peru21_2016-05-13_2,0,none,,none_grayscale,docling_rapidocr,deepseek,2,0,0,0,2,0.0,0.0,0.0,0,,,,,26.992967325,1
peru21_2016-05-13_2,0,none,,otsu,docling_easyocr,deepseek,2,1,0,1,2,0.0,0.0,0.0,1,0.05,0.1111111111111111,0.7576711250983478,0.9683257918552036,72.721577032,0
peru21_2016-05-13_2,0,none,,otsu,docling_rapidocr,deepseek,2,0,0,0,2,0.0,0.0,0.0,0,,,,,24.619655474,1
peru21_2016-05-13_2,1,none,,adaptive_gaussian,docling_easyocr,deepseek,2,3,0,3,2,0.0,0.0,0.0,2,0.265,0.6527777777777778,0.9870311562530177,1.0,60.922906158,0
peru21_2016-05-13_2,1,none,,adaptive_gaussian,docling_rapidocr,deepseek,2,1,0,1,2,0.0,0.0,0.0,1,1.0,1.0,0.9144869215291751,0.9766081871345029,12.542749403,0
peru21_2016-05-13_2,1,none,,adaptive_mean,docling_easyocr,deepseek,2,0,0,0,2,0.0,0.0,0.0,0,,,,,59.401260395,1
peru21_2016-05-13_2,1,none,,adaptive_mean,docling_rapidocr,deepseek,2,1,0,1,2,0.0,0.0,0.0,1,1.0,1.0,0.8470824949698189,0.9590643274853801,12.789985914,0
peru21_2016-05-13_2,1,none,,basic,docling_easyocr,deepseek,2,0,0,0,2,0.0,0.0,0.0,0,,,,,70.789692463,1
peru21_2016-05-13_2,1,none,,basic,docling_rapidocr,deepseek,2,0,0,0,2,0.0,0.0,0.0,0,,,,,24.565209927,1
peru21_2016-05-13_2,1,none,,niblack,docling_easyocr,deepseek,2,0,0,0,2,0.0,0.0,0.0,0,,,,,48.354111805,1
peru21_2016-05-13_2,1,none,,niblack,docling_rapidocr,deepseek,2,0,0,0,2,0.0,0.0,0.0,0,,,,,8.567992344,1
peru21_2016-05-13_2,1,none,,none_color,docling_easyocr,deepseek,2,0,0,0,2,0.0,0.0,0.0,0,,,,,71.009186899,1
peru21_2016-05-13_2,1,none,,none_color,docling_rapidocr,deepseek,2,0,0,0,2,0.0,0.0,0.0,0,,,,,27.202012455,1
peru21_2016-05-13_2,1,none,,none_grayscale,docling_easyocr,deepseek,2,0,0,0,2,0.0,0.0,0.0,0,,,,,74.707315672,1
peru21_2016-05-13_2,1,none,,none_grayscale,docling_rapidocr,deepseek,2,0,0,0,2,0.0,0.0,0.0,0,,,,,27.173694599,1
peru21_2016-05-13_2,1,none,,otsu,docling_easyocr,deepseek,2,0,0,0,2,0.0,0.0,0.0,0,,,,,69.278495684,1
peru21_2016-05-13_2,1,none,,otsu,docling_rapidocr,deepseek,2,0,0,0,2,0.0,0.0,0.0,0,,,,,23.042803421,1
peru21_2016-05-13_2,2,none,,adaptive_gaussian,docling_easyocr,deepseek,2,2,0,2,2,0.0,0.0,0.0,1,0.0,0.0,0.9738430583501007,0.9883040935672515,69.663177595,0
peru21_2016-05-13_2,2,none,,adaptive_gaussian,docling_rapidocr,deepseek,2,0,0,0,2,0.0,0.0,0.0,0,,,,,15.394035206,1
peru21_2016-05-13_2,2,none,,adaptive_mean,docling_easyocr,deepseek,2,2,0,2,2,0.0,0.0,0.0,2,0.22833333333333333,0.29166666666666663,0.9731528431010927,0.9828398295890556,71.051014093,0
peru21_2016-05-13_2,2,none,,adaptive_mean,docling_rapidocr,deepseek,2,2,0,2,2,0.0,0.0,0.0,1,1.0,1.0,0.8480885311871227,0.9590643274853801,14.857382921,0
peru21_2016-05-13_2,2,none,,basic,docling_easyocr,deepseek,2,0,0,0,2,0.0,0.0,0.0,0,,,,,72.399229953,1
peru21_2016-05-13_2,2,none,,basic,docling_rapidocr,deepseek,2,0,0,0,2,0.0,0.0,0.0,0,,,,,24.256085823,1
peru21_2016-05-13_2,2,none,,niblack,docling_easyocr,deepseek,2,0,0,0,2,0.0,0.0,0.0,0,,,,,46.47361652,1
peru21_2016-05-13_2,2,none,,niblack,docling_rapidocr,deepseek,2,0,0,0,2,0.0,0.0,0.0,0,,,,,8.952293792,1
peru21_2016-05-13_2,2,none,,none_color,docling_easyocr,deepseek,2,0,0,0,2,0.0,0.0,0.0,0,,,,,75.176295635,1
peru21_2016-05-13_2,2,none,,none_color,docling_rapidocr,deepseek,2,0,0,0,2,0.0,0.0,0.0,0,,,,,25.833975431,1
peru21_2016-05-13_2,2,none,,none_grayscale,docling_easyocr,deepseek,2,0,0,0,2,0.0,0.0,0.0,0,,,,,72.187117454,1
peru21_2016-05-13_2,2,none,,none_grayscale,docling_rapidocr,deepseek,2,0,0,0,2,0.0,0.0,0.0,0,,,,,27.049826738,1
peru21_2016-05-13_2,2,none,,otsu,docling_easyocr,deepseek,2,0,0,0,2,0.0,0.0,0.0,0,,,,,70.923952125,1
peru21_2016-05-13_2,2,none,,otsu,docling_rapidocr,deepseek,2,0,0,0,2,0.0,0.0,0.0,0,,,,,23.551046632,1
peru21_2016-05-13_2,3,none,,adaptive_gaussian,docling_easyocr,deepseek,2,1,0,1,2,0.0,0.0,0.0,0,,,,,65.916570644,0
peru21_2016-05-13_2,3,none,,adaptive_gaussian,docling_rapidocr,deepseek,2,0,0,0,2,0.0,0.0,0.0,0,,,,,15.253687601,1
peru21_2016-05-13_2,3,none,,adaptive_mean,docling_easyocr,deepseek,2,0,0,0,2,0.0,0.0,0.0,0,,,,,58.117166998,1
peru21_2016-05-13_2,3,none,,adaptive_mean,docling_rapidocr,deepseek,2,1,0,1,2,0.0,0.0,0.0,0,,,,,11.115084173,0
peru21_2016-05-13_2,3,none,,basic,docling_easyocr,deepseek,2,0,0,0,2,0.0,0.0,0.0,0,,,,,68.028479858,1
peru21_2016-05-13_2,3,none,,basic,docling_rapidocr,deepseek,2,1,0,1,2,0.0,0.0,0.0,1,1.0,1.0,0.8410462776659959,0.9590643274853801,23.278157278,0
peru21_2016-05-13_2,3,none,,niblack,docling_easyocr,deepseek,2,0,0,0,2,0.0,0.0,0.0,0,,,,,51.246282072,1
peru21_2016-05-13_2,3,none,,niblack,docling_rapidocr,deepseek,2,0,0,0,2,0.0,0.0,0.0,0,,,,,8.955960245,1
peru21_2016-05-13_2,3,none,,none_color,docling_easyocr,deepseek,2,0,0,0,2,0.0,0.0,0.0,0,,,,,75.741578001,1
peru21_2016-05-13_2,3,none,,none_color,docling_rapidocr,deepseek,2,0,0,0,2,0.0,0.0,0.0,0,,,,,27.535121816,1
peru21_2016-05-13_2,3,none,,none_grayscale,docling_easyocr,deepseek,2,0,0,0,2,0.0,0.0,0.0,0,,,,,71.895112724,1
peru21_2016-05-13_2,3,none,,none_grayscale,docling_rapidocr,deepseek,2,0,0,0,2,0.0,0.0,0.0,0,,,,,25.784550161,1
peru21_2016-05-13_2,3,none,,otsu,docling_easyocr,deepseek,2,0,0,0,2,0.0,0.0,0.0,0,,,,,79.44663727,1
peru21_2016-05-13_2,3,none,,otsu,docling_rapidocr,deepseek,2,0,0,0,2,0.0,0.0,0.0,0,,,,,24.125322696,1
peru21_2016-05-13_2,4,none,,adaptive_gaussian,docling_easyocr,deepseek,2,1,0,1,2,0.0,0.0,0.0,0,,,,,66.466955435,0
peru21_2016-05-13_2,4,none,,adaptive_gaussian,docling_rapidocr,deepseek,2,0,0,0,2,0.0,0.0,0.0,0,,,,,15.656790029,1
peru21_2016-05-13_2,4,none,,adaptive_mean,docling_easyocr,deepseek,2,0,0,0,2,0.0,0.0,0.0,0,,,,,63.645117077,1
peru21_2016-05-13_2,4,none,,adaptive_mean,docling_rapidocr,deepseek,2,0,0,0,2,0.0,0.0,0.0,0,,,,,14.359516653,1
peru21_2016-05-13_2,4,none,,basic,docling_easyocr,deepseek,2,0,0,0,2,0.0,0.0,0.0,0,,,,,75.262275221,1
peru21_2016-05-13_2,4,none,,basic,docling_rapidocr,deepseek,2,0,0,0,2,0.0,0.0,0.0,0,,,,,26.126465084,1
peru21_2016-05-13_2,4,none,,niblack,docling_easyocr,deepseek,2,0,0,0,2,0.0,0.0,0.0,0,,,,,47.232248422,1
peru21_2016-05-13_2,4,none,,niblack,docling_rapidocr,deepseek,2,0,0,0,2,0.0,0.0,0.0,0,,,,,8.57254326,1
peru21_2016-05-13_2,4,none,,none_color,docling_easyocr,deepseek,2,0,0,0,2,0.0,0.0,0.0,0,,,,,71.398539234,1
peru21_2016-05-13_2,4,none,,none_color,docling_rapidocr,deepseek,2,0,0,0,2,0.0,0.0,0.0,0,,,,,25.81497376,1
peru21_2016-05-13_2,4,none,,none_grayscale,docling_easyocr,deepseek,2,0,0,0,2,0.0,0.0,0.0,0,,,,,71.272896291,1
peru21_2016-05-13_2,4,none,,none_grayscale,docling_rapidocr,deepseek,2,0,0,0,2,0.0,0.0,0.0,0,,,,,26.268848182,1
peru21_2016-05-13_2,4,none,,otsu,docling_easyocr,deepseek,2,0,0,0,2,0.0,0.0,0.0,0,,,,,71.792471079,1
peru21_2016-05-13_2,4,none,,otsu,docling_rapidocr,deepseek,2,0,0,0,2,0.0,0.0,0.0,0,,,,,20.584066776,1
peru21_2016-05-13_2,5,none,,adaptive_gaussian,docling_easyocr,deepseek,2,1,0,1,2,0.0,0.0,0.0,0,,,,,69.203068361,0
peru21_2016-05-13_2,5,none,,adaptive_gaussian,docling_rapidocr,deepseek,2,0,0,0,2,0.0,0.0,0.0,0,,,,,15.426126585,1
peru21_2016-05-13_2,5,none,,adaptive_mean,docling_easyocr,deepseek,2,0,0,0,2,0.0,0.0,0.0,0,,,,,60.868734413,1
peru21_2016-05-13_2,5,none,,adaptive_mean,docling_rapidocr,deepseek,2,1,0,1,2,0.0,0.0,0.0,1,1.0,1.0,0.8732394366197183,0.9766081871345029,10.611707979,0
peru21_2016-05-13_2,5,none,,basic,docling_easyocr,deepseek,2,0,0,0,2,0.0,0.0,0.0,0,,,,,117.462983703,1
peru21_2016-05-13_2,5,none,,basic,docling_rapidocr,deepseek,2,0,0,0,2,0.0,0.0,0.0,0,,,,,71.776649093,1
peru21_2016-05-13_2,5,none,,niblack,docling_easyocr,deepseek,2,0,0,0,2,0.0,0.0,0.0,0,,,,,51.735658617,1
peru21_2016-05-13_2,5,none,,niblack,docling_rapidocr,deepseek,2,2,0,2,2,0.0,0.0,0.0,1,0.016666666666666666,0.2222222222222222,0.997639653815893,1.0,9.093382807,0
peru21_2016-05-13_2,5,none,,none_color,docling_easyocr,deepseek,2,1,0,1,2,0.0,0.0,0.0,1,1.0,1.0,2.2484909456740443,2.0058479532163744,73.203671955,0
peru21_2016-05-13_2,5,none,,none_color,docling_rapidocr,deepseek,2,0,0,0,2,0.0,0.0,0.0,0,,,,,26.604909204,1
peru21_2016-05-13_2,5,none,,none_grayscale,docling_easyocr,deepseek,2,1,0,1,2,0.0,0.0,0.0,1,1.0,1.0,2.2484909456740443,2.0058479532163744,75.496721529,0
peru21_2016-05-13_2,5,none,,none_grayscale,docling_rapidocr,deepseek,2,0,0,0,2,0.0,0.0,0.0,0,,,,,26.951873802,1
peru21_2016-05-13_2,5,none,,otsu,docling_easyocr,deepseek,2,0,0,0,2,0.0,0.0,0.0,0,,,,,80.839569021,1
peru21_2016-05-13_2,5,none,,otsu,docling_rapidocr,deepseek,2,0,0,0,2,0.0,0.0,0.0,0,,,,,25.341248918,1
peru21_2016-05-13_2,6,none,,adaptive_gaussian,docling_easyocr,deepseek,2,0,0,0,2,0.0,0.0,0.0,0,,,,,66.733949484,1
peru21_2016-05-13_2,6,none,,adaptive_gaussian,docling_rapidocr,deepseek,2,0,0,0,2,0.0,0.0,0.0,0,,,,,16.311776461,1
peru21_2016-05-13_2,6,none,,adaptive_mean,docling_easyocr,deepseek,2,0,0,0,2,0.0,0.0,0.0,0,,,,,66.320624838,1
peru21_2016-05-13_2,6,none,,adaptive_mean,docling_rapidocr,deepseek,2,0,0,0,2,0.0,0.0,0.0,0,,,,,13.530879746,1
peru21_2016-05-13_2,6,none,,basic,docling_easyocr,deepseek,2,1,0,1,2,0.0,0.0,0.0,1,0.0,0.0,0.7867820613690008,0.9140271493212669,68.518497757,0
peru21_2016-05-13_2,6,none,,basic,docling_rapidocr,deepseek,2,0,0,0,2,0.0,0.0,0.0,0,,,,,23.127302937,1
peru21_2016-05-13_2,6,none,,niblack,docling_easyocr,deepseek,2,0,0,0,2,0.0,0.0,0.0,0,,,,,46.807780629,1
peru21_2016-05-13_2,6,none,,niblack,docling_rapidocr,deepseek,2,1,0,1,2,0.0,0.0,0.0,0,,,,,8.820861464,0
peru21_2016-05-13_2,6,none,,none_color,docling_easyocr,deepseek,2,0,0,0,2,0.0,0.0,0.0,0,,,,,71.351665642,1
peru21_2016-05-13_2,6,none,,none_color,docling_rapidocr,deepseek,2,0,0,0,2,0.0,0.0,0.0,0,,,,,26.172355082,1
peru21_2016-05-13_2,6,none,,none_grayscale,docling_easyocr,deepseek,2,0,0,0,2,0.0,0.0,0.0,0,,,,,71.782461623,1
peru21_2016-05-13_2,6,none,,none_grayscale,docling_rapidocr,deepseek,2,0,0,0,2,0.0,0.0,0.0,0,,,,,25.973807553,1
peru21_2016-05-13_2,6,none,,otsu,docling_easyocr,deepseek,2,0,0,0,2,0.0,0.0,0.0,0,,,,,76.480174904,1
peru21_2016-05-13_2,6,none,,otsu,docling_rapidocr,deepseek,2,0,0,0,2,0.0,0.0,0.0,0,,,,,25.96334899,1
peru21_2016-05-13_2,7,none,,adaptive_gaussian,docling_easyocr,deepseek,2,2,0,2,2,0.0,0.0,0.0,1,0.0,0.0,0.9748490945674044,0.9883040935672515,67.930998873,0
peru21_2016-05-13_2,7,none,,adaptive_gaussian,docling_rapidocr,deepseek,2,0,0,0,2,0.0,0.0,0.0,0,,,,,16.182074856,1
peru21_2016-05-13_2,7,none,,adaptive_mean,docling_easyocr,deepseek,2,0,0,0,2,0.0,0.0,0.0,0,,,,,65.568815012,1
peru21_2016-05-13_2,7,none,,adaptive_mean,docling_rapidocr,deepseek,2,3,0,3,2,0.0,0.0,0.0,2,0.03333333333333333,0.1111111111111111,0.9402821333983444,0.9819004524886878,14.918578883,0
peru21_2016-05-13_2,7,none,,basic,docling_easyocr,deepseek,2,0,0,0,2,0.0,0.0,0.0,0,,,,,73.426189484,1
peru21_2016-05-13_2,7,none,,basic,docling_rapidocr,deepseek,2,0,0,0,2,0.0,0.0,0.0,0,,,,,23.684238495,1
peru21_2016-05-13_2,7,none,,niblack,docling_easyocr,deepseek,2,0,0,0,2,0.0,0.0,0.0,0,,,,,48.290267788,1
peru21_2016-05-13_2,7,none,,niblack,docling_rapidocr,deepseek,2,0,0,0,2,0.0,0.0,0.0,0,,,,,8.974119269,1
peru21_2016-05-13_2,7,none,,none_color,docling_easyocr,deepseek,2,0,0,0,2,0.0,0.0,0.0,0,,,,,73.089870131,1
peru21_2016-05-13_2,7,none,,none_color,docling_rapidocr,deepseek,2,0,0,0,2,0.0,0.0,0.0,0,,,,,26.552252924,1
peru21_2016-05-13_2,7,none,,none_grayscale,docling_easyocr,deepseek,2,0,0,0,2,0.0,0.0,0.0,0,,,,,75.566529501,1
peru21_2016-05-13_2,7,none,,none_grayscale,docling_rapidocr,deepseek,2,0,0,0,2,0.0,0.0,0.0,0,,,,,26.783730257,1
peru21_2016-05-13_2,7,none,,otsu,docling_easyocr,deepseek,2,0,0,0,2,0.0,0.0,0.0,0,,,,,72.743246689,1
peru21_2016-05-13_2,7,none,,otsu,docling_rapidocr,deepseek,2,0,0,0,2,0.0,0.0,0.0,0,,,,,24.644930973,1
peru21_2016-05-13_2,8,none,,adaptive_gaussian,docling_easyocr,deepseek,2,0,0,0,2,0.0,0.0,0.0,0,,,,,67.076605412,1
peru21_2016-05-13_2,8,none,,adaptive_gaussian,docling_rapidocr,deepseek,2,0,0,0,2,0.0,0.0,0.0,0,,,,,15.54821715,1
peru21_2016-05-13_2,8,none,,adaptive_mean,docling_easyocr,deepseek,2,0,0,0,2,0.0,0.0,0.0,0,,,,,60.72420315,1
peru21_2016-05-13_2,8,none,,adaptive_mean,docling_rapidocr,deepseek,2,0,0,0,2,0.0,0.0,0.0,0,,,,,12.370580952,1
peru21_2016-05-13_2,8,none,,basic,docling_easyocr,deepseek,2,0,0,0,2,0.0,0.0,0.0,0,,,,,68.102528178,1
peru21_2016-05-13_2,8,none,,basic,docling_rapidocr,deepseek,2,0,0,0,2,0.0,0.0,0.0,0,,,,,21.090131127,1
peru21_2016-05-13_2,8,none,,niblack,docling_easyocr,deepseek,2,0,0,0,2,0.0,0.0,0.0,0,,,,,49.713747273,1
peru21_2016-05-13_2,8,none,,niblack,docling_rapidocr,deepseek,2,0,0,0,2,0.0,0.0,0.0,0,,,,,8.94521595,1
peru21_2016-05-13_2,8,none,,none_color,docling_easyocr,deepseek,2,1,0,1,2,0.0,0.0,0.0,1,1.0,1.0,0.6593233674272226,0.8235294117647058,71.588810454,0
peru21_2016-05-13_2,8,none,,none_color,docling_rapidocr,deepseek,2,0,0,0,2,0.0,0.0,0.0,0,,,,,25.689924012,1
peru21_2016-05-13_2,8,none,,none_grayscale,docling_easyocr,deepseek,2,1,0,1,2,0.0,0.0,0.0,1,1.0,1.0,0.6593233674272226,0.8235294117647058,71.441851864,0
peru21_2016-05-13_2,8,none,,none_grayscale,docling_rapidocr,deepseek,2,0,0,0,2,0.0,0.0,0.0,0,,,,,26.434646378,1
peru21_2016-05-13_2,8,none,,otsu,docling_easyocr,deepseek,2,0,0,0,2,0.0,0.0,0.0,0,,,,,74.881496346,1
peru21_2016-05-13_2,8,none,,otsu,docling_rapidocr,deepseek,2,0,0,0,2,0.0,0.0,0.0,0,,,,,25.272784865,1
peru21_2016-05-13_2,9,none,,adaptive_gaussian,docling_easyocr,deepseek,2,0,0,0,2,0.0,0.0,0.0,0,,,,,71.46214737,1
peru21_2016-05-13_2,9,none,,adaptive_gaussian,docling_rapidocr,deepseek,2,0,0,0,2,0.0,0.0,0.0,0,,,,,16.23065342,1
peru21_2016-05-13_2,9,none,,adaptive_mean,docling_easyocr,deepseek,2,0,0,0,2,0.0,0.0,0.0,0,,,,,65.767632805,1
peru21_2016-05-13_2,9,none,,adaptive_mean,docling_rapidocr,deepseek,2,0,0,0,2,0.0,0.0,0.0,0,,,,,14.659279906,1
peru21_2016-05-13_2,9,none,,basic,docling_easyocr,deepseek,2,2,0,2,2,0.0,0.0,0.0,2,0.0,0.0,0.9255529241538927,0.9799158529808685,67.924720339,0
peru21_2016-05-13_2,9,none,,basic,docling_rapidocr,deepseek,2,0,0,0,2,0.0,0.0,0.0,0,,,,,25.138285689,1
peru21_2016-05-13_2,9,none,,niblack,docling_easyocr,deepseek,2,0,0,0,2,0.0,0.0,0.0,0,,,,,46.326009232,1
peru21_2016-05-13_2,9,none,,niblack,docling_rapidocr,deepseek,2,0,0,0,2,0.0,0.0,0.0,0,,,,,8.974235732,1
peru21_2016-05-13_2,9,none,,none_color,docling_easyocr,deepseek,2,0,0,0,2,0.0,0.0,0.0,0,,,,,80.457003096,1
peru21_2016-05-13_2,9,none,,none_color,docling_rapidocr,deepseek,2,0,0,0,2,0.0,0.0,0.0,0,,,,,26.177231053,1
peru21_2016-05-13_2,9,none,,none_grayscale,docling_easyocr,deepseek,2,0,0,0,2,0.0,0.0,0.0,0,,,,,77.499256186,1
peru21_2016-05-13_2,9,none,,none_grayscale,docling_rapidocr,deepseek,2,0,0,0,2,0.0,0.0,0.0,0,,,,,26.770177655,1
peru21_2016-05-13_2,9,none,,otsu,docling_easyocr,deepseek,2,0,0,0,2,0.0,0.0,0.0,0,,,,,75.57124992,1
peru21_2016-05-13_2,9,none,,otsu,docling_rapidocr,deepseek,2,1,0,1,2,0.0,0.0,0.0,1,0.05,0.1111111111111111,0.7529504327301337,0.9230769230769231,25.581766802,0
peru21_2016-05-13_2,10,none,,adaptive_gaussian,docling_easyocr,deepseek,2,0,0,0,2,0.0,0.0,0.0,0,,,,,60.249093944,1
peru21_2016-05-13_2,10,none,,adaptive_gaussian,docling_rapidocr,deepseek,2,1,0,1,2,0.0,0.0,0.0,1,1.0,1.0,0.8591549295774648,0.9590643274853801,13.688787633,0
peru21_2016-05-13_2,10,none,,adaptive_mean,docling_easyocr,deepseek,2,0,0,0,2,0.0,0.0,0.0,0,,,,,55.790209653,1
peru21_2016-05-13_2,10,none,,adaptive_mean,docling_rapidocr,deepseek,2,1,0,1,2,0.0,0.0,0.0,1,1.0,1.0,0.7826961770623743,0.9473684210526315,10.505619886,0
peru21_2016-05-13_2,10,none,,basic,docling_easyocr,deepseek,2,1,0,1,2,0.0,0.0,0.0,1,0.0,0.0,0.8048780487804879,0.918552036199095,75.928587839,0
peru21_2016-05-13_2,10,none,,basic,docling_rapidocr,deepseek,2,0,0,0,2,0.0,0.0,0.0,0,,,,,26.415060684,1
peru21_2016-05-13_2,10,none,,niblack,docling_easyocr,deepseek,2,0,0,0,2,0.0,0.0,0.0,0,,,,,45.800540849,1
peru21_2016-05-13_2,10,none,,niblack,docling_rapidocr,deepseek,2,0,0,0,2,0.0,0.0,0.0,0,,,,,9.018106147,1
peru21_2016-05-13_2,10,none,,none_color,docling_easyocr,deepseek,2,0,0,0,2,0.0,0.0,0.0,0,,,,,74.658323545,1
peru21_2016-05-13_2,10,none,,none_color,docling_rapidocr,deepseek,2,0,0,0,2,0.0,0.0,0.0,0,,,,,26.609887857,1
peru21_2016-05-13_2,10,none,,none_grayscale,docling_easyocr,deepseek,2,0,0,0,2,0.0,0.0,0.0,0,,,,,78.886457296,1
peru21_2016-05-13_2,10,none,,none_grayscale,docling_rapidocr,deepseek,2,0,0,0,2,0.0,0.0,0.0,0,,,,,26.124435516,1
peru21_2016-05-13_2,10,none,,otsu,docling_easyocr,deepseek,2,0,0,0,2,0.0,0.0,0.0,0,,,,,80.29828119,1
peru21_2016-05-13_2,10,none,,otsu,docling_rapidocr,deepseek,2,0,0,0,2,0.0,0.0,0.0,0,,,,,26.578094242,1
peru21_2016-05-13_2,11,none,,adaptive_gaussian,docling_easyocr,deepseek,2,0,0,0,2,0.0,0.0,0.0,0,,,,,68.800702144,1
peru21_2016-05-13_2,11,none,,adaptive_gaussian,docling_rapidocr,deepseek,2,1,0,1,2,0.0,0.0,0.0,1,1.0,1.0,0.852112676056338,0.9590643274853801,16.197219659,0
peru21_2016-05-13_2,11,none,,adaptive_mean,docling_easyocr,deepseek,2,1,0,1,2,0.0,0.0,0.0,0,,,,,67.511738609,0
peru21_2016-05-13_2,11,none,,adaptive_mean,docling_rapidocr,deepseek,2,0,0,0,2,0.0,0.0,0.0,0,,,,,14.039602827,1
peru21_2016-05-13_2,11,none,,basic,docling_easyocr,deepseek,2,0,0,0,2,0.0,0.0,0.0,0,,,,,71.356880538,1
peru21_2016-05-13_2,11,none,,basic,docling_rapidocr,deepseek,2,0,0,0,2,0.0,0.0,0.0,0,,,,,24.527214162,1
peru21_2016-05-13_2,11,none,,niblack,docling_easyocr,deepseek,2,0,0,0,2,0.0,0.0,0.0,0,,,,,48.86053705,1
peru21_2016-05-13_2,11,none,,niblack,docling_rapidocr,deepseek,2,0,0,0,2,0.0,0.0,0.0,0,,,,,8.910159347,1
peru21_2016-05-13_2,11,none,,none_color,docling_easyocr,deepseek,2,1,0,1,2,0.0,0.0,0.0,0,,,,,79.867129676,0
peru21_2016-05-13_2,11,none,,none_color,docling_rapidocr,deepseek,2,0,0,0,2,0.0,0.0,0.0,0,,,,,26.23414027,1
peru21_2016-05-13_2,11,none,,none_grayscale,docling_easyocr,deepseek,2,1,0,1,2,0.0,0.0,0.0,0,,,,,76.352815429,0
peru21_2016-05-13_2,11,none,,none_grayscale,docling_rapidocr,deepseek,2,0,0,0,2,0.0,0.0,0.0,0,,,,,26.592444698,1
peru21_2016-05-13_2,11,none,,otsu,docling_easyocr,deepseek,2,0,0,0,2,0.0,0.0,0.0,0,,,,,67.965591854,1
peru21_2016-05-13_2,11,none,,otsu,docling_rapidocr,deepseek,2,0,0,0,2,0.0,0.0,0.0,0,,,,,22.750691598,1
peru21_2016-05-13_2,12,none,,adaptive_gaussian,docling_easyocr,deepseek,2,2,0,2,2,0.0,0.0,0.0,0,,,,,109.404630891,0
peru21_2016-05-13_2,12,none,,adaptive_gaussian,docling_rapidocr,deepseek,2,0,0,0,2,0.0,0.0,0.0,0,,,,,53.652955047,1
peru21_2016-05-13_2,12,none,,adaptive_mean,docling_easyocr,deepseek,2,0,0,0,2,0.0,0.0,0.0,0,,,,,107.207226932,1
peru21_2016-05-13_2,12,none,,adaptive_mean,docling_rapidocr,deepseek,2,0,0,0,2,0.0,0.0,0.0,0,,,,,52.282196224,1
peru21_2016-05-13_2,12,none,,basic,docling_easyocr,deepseek,2,0,0,0,2,0.0,0.0,0.0,0,,,,,109.374492317,1
peru21_2016-05-13_2,12,none,,basic,docling_rapidocr,deepseek,2,0,0,0,2,0.0,0.0,0.0,0,,,,,61.433463245,1
peru21_2016-05-13_2,12,none,,niblack,docling_easyocr,deepseek,2,0,0,0,2,0.0,0.0,0.0,0,,,,,85.364118486,1
peru21_2016-05-13_2,12,none,,niblack,docling_rapidocr,deepseek,2,0,0,0,2,0.0,0.0,0.0,0,,,,,45.971853881,1
peru21_2016-05-13_2,12,none,,none_color,docling_easyocr,deepseek,2,0,0,0,2,0.0,0.0,0.0,0,,,,,108.867648677,1
peru21_2016-05-13_2,12,none,,none_color,docling_rapidocr,deepseek,2,0,0,0,2,0.0,0.0,0.0,0,,,,,63.025266485,1
peru21_2016-05-13_2,12,none,,none_grayscale,docling_easyocr,deepseek,2,0,0,0,2,0.0,0.0,0.0,0,,,,,108.828911453,1
peru21_2016-05-13_2,12,none,,none_grayscale,docling_rapidocr,deepseek,2,0,0,0,2,0.0,0.0,0.0,0,,,,,64.015963226,1
peru21_2016-05-13_2,12,none,,otsu,docling_easyocr,deepseek,2,0,0,0,2,0.0,0.0,0.0,0,,,,,106.963223989,1
peru21_2016-05-13_2,12,none,,otsu,docling_rapidocr,deepseek,2,0,0,0,2,0.0,0.0,0.0,0,,,,,61.360989387,1
peru21_2016-05-13_2,13,none,,adaptive_gaussian,docling_easyocr,deepseek,2,0,0,0,2,0.0,0.0,0.0,0,,,,,97.2940288,1
peru21_2016-05-13_2,13,none,,adaptive_gaussian,docling_rapidocr,deepseek,2,1,0,1,2,0.0,0.0,0.0,1,1.0,1.0,0.8148893360160966,0.9473684210526315,50.577854198,0
peru21_2016-05-13_2,13,none,,adaptive_mean,docling_easyocr,deepseek,2,1,0,1,2,0.0,0.0,0.0,0,,,,,94.20642661,0
peru21_2016-05-13_2,13,none,,adaptive_mean,docling_rapidocr,deepseek,2,1,0,1,2,0.0,0.0,0.0,1,1.0,1.0,0.8490945674044266,0.9590643274853801,49.620023241,0
peru21_2016-05-13_2,13,none,,basic,docling_easyocr,deepseek,2,0,0,0,2,0.0,0.0,0.0,0,,,,,109.391096147,1
peru21_2016-05-13_2,13,none,,basic,docling_rapidocr,deepseek,2,0,0,0,2,0.0,0.0,0.0,0,,,,,60.751346858,1
peru21_2016-05-13_2,13,none,,niblack,docling_easyocr,deepseek,2,0,0,0,2,0.0,0.0,0.0,0,,,,,85.486600244,1
peru21_2016-05-13_2,13,none,,niblack,docling_rapidocr,deepseek,2,0,0,0,2,0.0,0.0,0.0,0,,,,,46.136338079,1
peru21_2016-05-13_2,13,none,,none_color,docling_easyocr,deepseek,2,0,0,0,2,0.0,0.0,0.0,0,,,,,109.06591261,1
peru21_2016-05-13_2,13,none,,none_color,docling_rapidocr,deepseek,2,0,0,0,2,0.0,0.0,0.0,0,,,,,63.004609472,1
peru21_2016-05-13_2,13,none,,none_grayscale,docling_easyocr,deepseek,2,0,0,0,2,0.0,0.0,0.0,0,,,,,111.343681295,1
peru21_2016-05-13_2,13,none,,none_grayscale,docling_rapidocr,deepseek,2,0,0,0,2,0.0,0.0,0.0,0,,,,,63.422517498,1
peru21_2016-05-13_2,13,none,,otsu,docling_easyocr,deepseek,2,0,0,0,2,0.0,0.0,0.0,0,,,,,106.488658771,1
peru21_2016-05-13_2,13,none,,otsu,docling_rapidocr,deepseek,2,0,0,0,2,0.0,0.0,0.0,0,,,,,61.170783147,1
peru21_2016-05-13_2,14,none,,adaptive_gaussian,docling_easyocr,deepseek,2,0,0,0,2,0.0,0.0,0.0,0,,,,,106.29323995,1
peru21_2016-05-13_2,14,none,,adaptive_gaussian,docling_rapidocr,deepseek,2,0,0,0,2,0.0,0.0,0.0,0,,,,,52.996680139,1
peru21_2016-05-13_2,14,none,,adaptive_mean,docling_easyocr,deepseek,2,0,0,0,2,0.0,0.0,0.0,0,,,,,103.086683412,1
peru21_2016-05-13_2,14,none,,adaptive_mean,docling_rapidocr,deepseek,2,3,0,3,2,0.0,0.0,0.0,1,0.0,0.0,0.9678068410462777,0.9941520467836257,52.161181589,0
peru21_2016-05-13_2,14,none,,basic,docling_easyocr,deepseek,2,1,0,1,2,0.0,0.0,0.0,1,0.96,1.25,0.9255533199195171,0.9824561403508771,113.712871494,0
peru21_2016-05-13_2,14,none,,basic,docling_rapidocr,deepseek,2,0,0,0,2,0.0,0.0,0.0,0,,,,,62.299302997,1
peru21_2016-05-13_2,14,none,,niblack,docling_easyocr,deepseek,2,0,0,0,2,0.0,0.0,0.0,0,,,,,82.718093866,1
peru21_2016-05-13_2,14,none,,niblack,docling_rapidocr,deepseek,2,0,0,0,2,0.0,0.0,0.0,0,,,,,45.559781545,1
peru21_2016-05-13_2,14,none,,none_color,docling_easyocr,deepseek,2,0,0,0,2,0.0,0.0,0.0,0,,,,,109.308539976,1
peru21_2016-05-13_2,14,none,,none_color,docling_rapidocr,deepseek,2,0,0,0,2,0.0,0.0,0.0,0,,,,,62.586371292,1
peru21_2016-05-13_2,14,none,,none_grayscale,docling_easyocr,deepseek,2,0,0,0,2,0.0,0.0,0.0,0,,,,,111.366449941,1
peru21_2016-05-13_2,14,none,,none_grayscale,docling_rapidocr,deepseek,2,0,0,0,2,0.0,0.0,0.0,0,,,,,63.865307439,1
peru21_2016-05-13_2,14,none,,otsu,docling_easyocr,deepseek,2,0,0,0,2,0.0,0.0,0.0,0,,,,,109.478032365,1
peru21_2016-05-13_2,14,none,,otsu,docling_rapidocr,deepseek,2,0,0,0,2,0.0,0.0,0.0,0,,,,,59.918922201,1
peru21_2016-05-13_2,15,none,,adaptive_gaussian,docling_easyocr,deepseek,2,0,0,0,2,0.0,0.0,0.0,0,,,,,53.636541212,1
peru21_2016-05-13_2,15,none,,adaptive_gaussian,docling_rapidocr,deepseek,2,0,0,0,2,0.0,0.0,0.0,0,,,,,8.320914113,1
peru21_2016-05-13_2,15,none,,adaptive_mean,docling_easyocr,deepseek,2,0,0,0,2,0.0,0.0,0.0,0,,,,,56.022594961,1
peru21_2016-05-13_2,15,none,,adaptive_mean,docling_rapidocr,deepseek,2,0,0,0,2,0.0,0.0,0.0,0,,,,,9.007639202,1
peru21_2016-05-13_2,15,none,,basic,docling_easyocr,deepseek,2,0,0,0,2,0.0,0.0,0.0,0,,,,,74.263826921,1
peru21_2016-05-13_2,15,none,,basic,docling_rapidocr,deepseek,2,0,0,0,2,0.0,0.0,0.0,0,,,,,26.043992355,1
peru21_2016-05-13_2,15,none,,niblack,docling_easyocr,deepseek,2,0,0,0,2,0.0,0.0,0.0,0,,,,,44.844378784,1
peru21_2016-05-13_2,15,none,,niblack,docling_rapidocr,deepseek,2,0,0,0,2,0.0,0.0,0.0,0,,,,,9.481565788,1
peru21_2016-05-13_2,15,none,,none_color,docling_easyocr,deepseek,2,0,0,0,2,0.0,0.0,0.0,0,,,,,76.000138927,1
peru21_2016-05-13_2,15,none,,none_color,docling_rapidocr,deepseek,2,0,0,0,2,0.0,0.0,0.0,0,,,,,25.312231708,1
peru21_2016-05-13_2,15,none,,none_grayscale,docling_easyocr,deepseek,2,0,0,0,2,0.0,0.0,0.0,0,,,,,75.537801267,1
peru21_2016-05-13_2,15,none,,none_grayscale,docling_rapidocr,deepseek,2,0,0,0,2,0.0,0.0,0.0,0,,,,,25.877477409,1
peru21_2016-05-13_2,15,none,,otsu,docling_easyocr,deepseek,2,0,0,0,2,0.0,0.0,0.0,0,,,,,77.370766071,1
peru21_2016-05-13_2,15,none,,otsu,docling_rapidocr,deepseek,2,0,0,0,2,0.0,0.0,0.0,0,,,,,26.356923965,1
peru21_2016-05-13_2,16,none,,adaptive_gaussian,docling_easyocr,deepseek,2,0,0,0,2,0.0,0.0,0.0,0,,,,,50.541169996,1
peru21_2016-05-13_2,16,none,,adaptive_gaussian,docling_rapidocr,deepseek,2,0,0,0,2,0.0,0.0,0.0,0,,,,,8.531447048,1
peru21_2016-05-13_2,16,none,,adaptive_mean,docling_easyocr,deepseek,2,0,0,0,2,0.0,0.0,0.0,0,,,,,53.475850572,1
peru21_2016-05-13_2,16,none,,adaptive_mean,docling_rapidocr,deepseek,2,0,0,0,2,0.0,0.0,0.0,0,,,,,8.399335136,1
peru21_2016-05-13_2,16,none,,basic,docling_easyocr,deepseek,2,5,0,5,2,0.0,0.0,0.0,1,0.52,0.5,0.9748490945674044,0.9883040935672515,78.313771995,0
peru21_2016-05-13_2,16,none,,basic,docling_rapidocr,deepseek,2,0,0,0,2,0.0,0.0,0.0,0,,,,,24.172164472,1
peru21_2016-05-13_2,16,none,,niblack,docling_easyocr,deepseek,2,0,0,0,2,0.0,0.0,0.0,0,,,,,45.117363153,1
peru21_2016-05-13_2,16,none,,niblack,docling_rapidocr,deepseek,2,0,0,0,2,0.0,0.0,0.0,0,,,,,9.4719066,1
peru21_2016-05-13_2,16,none,,none_color,docling_easyocr,deepseek,2,0,0,0,2,0.0,0.0,0.0,0,,,,,75.768714792,1
peru21_2016-05-13_2,16,none,,none_color,docling_rapidocr,deepseek,2,0,0,0,2,0.0,0.0,0.0,0,,,,,26.993193752,1
peru21_2016-05-13_2,16,none,,none_grayscale,docling_easyocr,deepseek,2,0,0,0,2,0.0,0.0,0.0,0,,,,,75.560448129,1
peru21_2016-05-13_2,16,none,,none_grayscale,docling_rapidocr,deepseek,2,0,0,0,2,0.0,0.0,0.0,0,,,,,25.987653453,1
peru21_2016-05-13_2,16,none,,otsu,docling_easyocr,deepseek,2,0,0,0,2,0.0,0.0,0.0,0,,,,,74.660389528,1
peru21_2016-05-13_2,16,none,,otsu,docling_rapidocr,deepseek,2,0,0,0,2,0.0,0.0,0.0,0,,,,,23.518090591,1
peru21_2016-05-13_2,17,none,,adaptive_gaussian,docling_easyocr,deepseek,2,0,0,0,2,0.0,0.0,0.0,0,,,,,53.679078454,1
peru21_2016-05-13_2,17,none,,adaptive_gaussian,docling_rapidocr,deepseek,2,0,0,0,2,0.0,0.0,0.0,0,,,,,8.65694272,1
peru21_2016-05-13_2,17,none,,adaptive_mean,docling_easyocr,deepseek,2,0,0,0,2,0.0,0.0,0.0,0,,,,,56.892923728,1
peru21_2016-05-13_2,17,none,,adaptive_mean,docling_rapidocr,deepseek,2,0,0,0,2,0.0,0.0,0.0,0,,,,,8.693567888,1
peru21_2016-05-13_2,17,none,,basic,docling_easyocr,deepseek,2,0,0,0,2,0.0,0.0,0.0,0,,,,,76.960410295,1
peru21_2016-05-13_2,17,none,,basic,docling_rapidocr,deepseek,2,1,0,1,2,0.0,0.0,0.0,0,,,,,27.799927411,0
peru21_2016-05-13_2,17,none,,niblack,docling_easyocr,deepseek,2,0,0,0,2,0.0,0.0,0.0,0,,,,,45.527912815,1
peru21_2016-05-13_2,17,none,,niblack,docling_rapidocr,deepseek,2,0,0,0,2,0.0,0.0,0.0,0,,,,,9.183889825,1
peru21_2016-05-13_2,17,none,,none_color,docling_easyocr,deepseek,2,0,0,0,2,0.0,0.0,0.0,0,,,,,73.488551244,1
peru21_2016-05-13_2,17,none,,none_color,docling_rapidocr,deepseek,2,0,0,0,2,0.0,0.0,0.0,0,,,,,26.408585414,1
peru21_2016-05-13_2,17,none,,none_grayscale,docling_easyocr,deepseek,2,0,0,0,2,0.0,0.0,0.0,0,,,,,73.092111215,1
peru21_2016-05-13_2,17,none,,none_grayscale,docling_rapidocr,deepseek,2,0,0,0,2,0.0,0.0,0.0,0,,,,,26.1695932,1
peru21_2016-05-13_2,17,none,,otsu,docling_easyocr,deepseek,2,0,0,0,2,0.0,0.0,0.0,0,,,,,76.390355359,1
peru21_2016-05-13_2,17,none,,otsu,docling_rapidocr,deepseek,2,0,0,0,2,0.0,0.0,0.0,0,,,,,26.991341125,1
peru21_2016-05-13_2,18,none,,adaptive_gaussian,docling_easyocr,deepseek,2,0,0,0,2,0.0,0.0,0.0,0,,,,,44.791567164,1
peru21_2016-05-13_2,18,none,,adaptive_gaussian,docling_rapidocr,deepseek,2,0,0,0,2,0.0,0.0,0.0,0,,,,,8.958939153,1
peru21_2016-05-13_2,18,none,,adaptive_mean,docling_easyocr,deepseek,2,0,0,0,2,0.0,0.0,0.0,0,,,,,45.338315036,1
peru21_2016-05-13_2,18,none,,adaptive_mean,docling_rapidocr,deepseek,2,0,0,0,2,0.0,0.0,0.0,0,,,,,9.564214732,1
peru21_2016-05-13_2,18,none,,basic,docling_easyocr,deepseek,2,0,0,0,2,0.0,0.0,0.0,0,,,,,45.107664176,1
peru21_2016-05-13_2,18,none,,basic,docling_rapidocr,deepseek,2,0,0,0,2,0.0,0.0,0.0,0,,,,,8.715339252,1
peru21_2016-05-13_2,18,none,,niblack,docling_easyocr,deepseek,2,0,0,0,2,0.0,0.0,0.0,0,,,,,45.610296908,1
peru21_2016-05-13_2,18,none,,none_color,docling_easyocr,deepseek,2,0,0,0,2,0.0,0.0,0.0,0,,,,,46.592280622,1
peru21_2016-05-13_2,18,none,,none_grayscale,docling_easyocr,deepseek,2,0,0,0,2,0.0,0.0,0.0,0,,,,,48.151469703,1
peru21_2016-05-13_2,18,none,,otsu,docling_easyocr,deepseek,2,0,0,0,2,0.0,0.0,0.0,0,,,,,45.391342542,1
peru21_2016-05-13_2,18,none,,otsu,docling_rapidocr,deepseek,2,0,0,0,2,0.0,0.0,0.0,0,,,,,8.419367215,1
peru21_2016-05-13_2,18,none,,yannihorne,docling_rapidocr,deepseek,2,0,0,0,2,0.0,0.0,0.0,0,,,,,8.725768302,1
peru21_2016-05-13_2,19,none,,adaptive_gaussian,docling_easyocr,deepseek,2,0,0,0,2,0.0,0.0,0.0,0,,,,,47.233543849,1
peru21_2016-05-13_2,19,none,,adaptive_gaussian,docling_rapidocr,deepseek,2,0,0,0,2,0.0,0.0,0.0,0,,,,,8.309126353,1
peru21_2016-05-13_2,19,none,,adaptive_mean,docling_easyocr,deepseek,2,0,0,0,2,0.0,0.0,0.0,0,,,,,47.119141099,1
peru21_2016-05-13_2,19,none,,adaptive_mean,docling_rapidocr,deepseek,2,0,0,0,2,0.0,0.0,0.0,0,,,,,9.340344426,1
peru21_2016-05-13_2,19,none,,basic,docling_easyocr,deepseek,2,0,0,0,2,0.0,0.0,0.0,0,,,,,45.014270106,1
peru21_2016-05-13_2,19,none,,basic,docling_rapidocr,deepseek,2,0,0,0,2,0.0,0.0,0.0,0,,,,,8.291808406,1
peru21_2016-05-13_2,19,none,,niblack,docling_easyocr,deepseek,2,0,0,0,2,0.0,0.0,0.0,0,,,,,48.383058681,1
peru21_2016-05-13_2,19,none,,none_color,docling_easyocr,deepseek,2,0,0,0,2,0.0,0.0,0.0,0,,,,,48.713293042,1
peru21_2016-05-13_2,19,none,,none_grayscale,docling_easyocr,deepseek,2,0,0,0,2,0.0,0.0,0.0,0,,,,,48.600311484,1
peru21_2016-05-13_2,19,none,,otsu,docling_easyocr,deepseek,2,0,0,0,2,0.0,0.0,0.0,0,,,,,47.160174481,1
peru21_2016-05-13_2,19,none,,otsu,docling_rapidocr,deepseek,2,0,0,0,2,0.0,0.0,0.0,0,,,,,8.18768584,1
peru21_2016-05-13_2,19,none,,yannihorne,docling_easyocr,deepseek,2,0,0,0,2,0.0,0.0,0.0,0,,,,,45.028772227,1
peru21_2016-05-13_2,20,none,,adaptive_gaussian,docling_easyocr,deepseek,2,0,0,0,2,0.0,0.0,0.0,0,,,,,45.497186046,1
peru21_2016-05-13_2,20,none,,adaptive_gaussian,docling_rapidocr,deepseek,2,0,0,0,2,0.0,0.0,0.0,0,,,,,8.545819383,1
peru21_2016-05-13_2,20,none,,adaptive_mean,docling_easyocr,deepseek,2,0,0,0,2,0.0,0.0,0.0,0,,,,,45.209973384,1
peru21_2016-05-13_2,20,none,,adaptive_mean,docling_rapidocr,deepseek,2,0,0,0,2,0.0,0.0,0.0,0,,,,,9.37129264,1
peru21_2016-05-13_2,20,none,,basic,docling_easyocr,deepseek,2,0,0,0,2,0.0,0.0,0.0,0,,,,,47.327913375,1
peru21_2016-05-13_2,20,none,,basic,docling_rapidocr,deepseek,2,0,0,0,2,0.0,0.0,0.0,0,,,,,8.424122663,1
peru21_2016-05-13_2,20,none,,niblack,docling_easyocr,deepseek,2,0,0,0,2,0.0,0.0,0.0,0,,,,,45.997407475,1
peru21_2016-05-13_2,20,none,,none_color,docling_easyocr,deepseek,2,0,0,0,2,0.0,0.0,0.0,0,,,,,48.996478337,1
peru21_2016-05-13_2,20,none,,none_grayscale,docling_easyocr,deepseek,2,0,0,0,2,0.0,0.0,0.0,0,,,,,46.70451929,1
peru21_2016-05-13_2,20,none,,otsu,docling_easyocr,deepseek,2,0,0,0,2,0.0,0.0,0.0,0,,,,,47.399086638,1
peru21_2016-05-13_2,20,none,,otsu,docling_rapidocr,deepseek,2,0,0,0,2,0.0,0.0,0.0,0,,,,,8.210066005,1
peru21_2016-05-13_2,20,none,,yannihorne,docling_rapidocr,deepseek,2,0,0,0,2,0.0,0.0,0.0,0,,,,,8.310712977,1
peru21_2016-05-13_2,21,none,,adaptive_gaussian,docling_easyocr,deepseek,2,0,0,0,2,0.0,0.0,0.0,0,,,,,180.652794412,1
peru21_2016-05-13_2,21,none,,adaptive_gaussian,docling_rapidocr,deepseek,2,0,0,0,2,0.0,0.0,0.0,0,,,,,124.933904937,1
peru21_2016-05-13_2,21,none,,adaptive_mean,docling_easyocr,deepseek,2,1,0,1,2,0.0,0.0,0.0,0,,,,,177.017718314,0
peru21_2016-05-13_2,21,none,,adaptive_mean,docling_rapidocr,deepseek,2,1,0,1,2,0.0,0.0,0.0,1,1.0,1.0,0.8511066398390342,0.9590643274853801,123.290324925,0
peru21_2016-05-13_2,21,none,,basic,docling_easyocr,deepseek,2,1,0,1,2,0.0,0.0,0.0,1,1.0833333333333333,1.6666666666666667,0.8048780487804879,0.9683257918552036,185.525916617,0
peru21_2016-05-13_2,21,none,,basic,docling_rapidocr,deepseek,2,1,0,1,2,0.0,0.0,0.0,1,0.05,0.1111111111111111,0.8182533438237608,0.995475113122172,135.633290809,0
peru21_2016-05-13_2,21,none,,niblack,docling_easyocr,deepseek,2,0,0,0,2,0.0,0.0,0.0,0,,,,,158.9979796,1
peru21_2016-05-13_2,21,none,,niblack,docling_rapidocr,deepseek,2,0,0,0,2,0.0,0.0,0.0,0,,,,,118.330967862,1
peru21_2016-05-13_2,21,none,,none_color,docling_easyocr,deepseek,2,0,0,0,2,0.0,0.0,0.0,0,,,,,186.548195331,1
peru21_2016-05-13_2,21,none,,none_color,docling_rapidocr,deepseek,2,0,0,0,2,0.0,0.0,0.0,0,,,,,136.156012027,1
peru21_2016-05-13_2,21,none,,none_grayscale,docling_easyocr,deepseek,2,0,0,0,2,0.0,0.0,0.0,0,,,,,186.663206069,1
peru21_2016-05-13_2,21,none,,none_grayscale,docling_rapidocr,deepseek,2,0,0,0,2,0.0,0.0,0.0,0,,,,,136.860209672,1
peru21_2016-05-13_2,21,none,,otsu,docling_easyocr,deepseek,2,0,0,0,2,0.0,0.0,0.0,0,,,,,187.632202024,1
peru21_2016-05-13_2,21,none,,otsu,docling_rapidocr,deepseek,2,1,0,1,2,0.0,0.0,0.0,1,0.8,1.75,0.9295774647887324,0.9766081871345029,134.624934548,0
peru21_2016-05-13_2,22,none,,adaptive_gaussian,docling_easyocr,deepseek,2,0,0,0,2,0.0,0.0,0.0,0,,,,,169.375429364,1
peru21_2016-05-13_2,22,none,,adaptive_gaussian,docling_rapidocr,deepseek,2,1,0,1,2,0.0,0.0,0.0,1,1.0,1.0,0.8822937625754527,0.9707602339181286,119.495152922,0
peru21_2016-05-13_2,22,none,,adaptive_mean,docling_easyocr,deepseek,2,1,0,1,2,0.0,0.0,0.0,0,,,,,168.575217406,0
peru21_2016-05-13_2,22,none,,adaptive_mean,docling_rapidocr,deepseek,2,0,0,0,2,0.0,0.0,0.0,0,,,,,118.984546582,1
peru21_2016-05-13_2,22,none,,basic,docling_easyocr,deepseek,2,0,0,0,2,0.0,0.0,0.0,0,,,,,184.624595605,1
peru21_2016-05-13_2,22,none,,basic,docling_rapidocr,deepseek,2,0,0,0,2,0.0,0.0,0.0,0,,,,,131.980784617,1
peru21_2016-05-13_2,22,none,,niblack,docling_easyocr,deepseek,2,0,0,0,2,0.0,0.0,0.0,0,,,,,153.381362443,1
peru21_2016-05-13_2,22,none,,niblack,docling_rapidocr,deepseek,2,0,0,0,2,0.0,0.0,0.0,0,,,,,115.324313168,1
peru21_2016-05-13_2,22,none,,none_color,docling_easyocr,deepseek,2,0,0,0,2,0.0,0.0,0.0,0,,,,,183.089326987,1
peru21_2016-05-13_2,22,none,,none_color,docling_rapidocr,deepseek,2,0,0,0,2,0.0,0.0,0.0,0,,,,,133.566996226,1
peru21_2016-05-13_2,22,none,,none_grayscale,docling_easyocr,deepseek,2,0,0,0,2,0.0,0.0,0.0,0,,,,,182.038961062,1
peru21_2016-05-13_2,22,none,,none_grayscale,docling_rapidocr,deepseek,2,0,0,0,2,0.0,0.0,0.0,0,,,,,133.502242932,1
peru21_2016-05-13_2,22,none,,otsu,docling_easyocr,deepseek,2,1,0,1,2,0.0,0.0,0.0,1,0.06666666666666667,0.2222222222222222,0.8686073957513769,0.9502262443438914,183.439975774,0
peru21_2016-05-13_2,22,none,,otsu,docling_rapidocr,deepseek,2,0,0,0,2,0.0,0.0,0.0,0,,,,,133.041571891,1
peru21_2016-05-13_2,23,none,,adaptive_gaussian,docling_easyocr,deepseek,2,3,0,3,2,0.0,0.0,0.0,1,0.0,0.0,1.0,1.0,176.771405032,0
peru21_2016-05-13_2,23,none,,adaptive_gaussian,docling_rapidocr,deepseek,2,0,0,0,2,0.0,0.0,0.0,0,,,,,124.299270442,1
peru21_2016-05-13_2,23,none,,adaptive_mean,docling_easyocr,deepseek,2,1,0,1,2,0.0,0.0,0.0,0,,,,,174.642215728,0
peru21_2016-05-13_2,23,none,,adaptive_mean,docling_rapidocr,deepseek,2,0,0,0,2,0.0,0.0,0.0,0,,,,,121.481348752,1
peru21_2016-05-13_2,23,none,,basic,docling_easyocr,deepseek,2,0,0,0,2,0.0,0.0,0.0,0,,,,,180.880836766,1
peru21_2016-05-13_2,23,none,,basic,docling_rapidocr,deepseek,2,1,0,1,2,0.0,0.0,0.0,1,1.88,2.5,0.3953722334004024,0.5555555555555556,135.197921317,0
peru21_2016-05-13_2,23,none,,niblack,docling_easyocr,deepseek,2,0,0,0,2,0.0,0.0,0.0,0,,,,,157.188031808,1
peru21_2016-05-13_2,23,none,,niblack,docling_rapidocr,deepseek,2,0,0,0,2,0.0,0.0,0.0,0,,,,,117.475144282,1
peru21_2016-05-13_2,23,none,,none_color,docling_easyocr,deepseek,2,0,0,0,2,0.0,0.0,0.0,0,,,,,182.571333138,1
peru21_2016-05-13_2,23,none,,none_color,docling_rapidocr,deepseek,2,0,0,0,2,0.0,0.0,0.0,0,,,,,133.414494483,1
peru21_2016-05-13_2,23,none,,none_grayscale,docling_easyocr,deepseek,2,0,0,0,2,0.0,0.0,0.0,0,,,,,183.411739318,1
peru21_2016-05-13_2,23,none,,none_grayscale,docling_rapidocr,deepseek,2,0,0,0,2,0.0,0.0,0.0,0,,,,,131.72989556,1
peru21_2016-05-13_2,23,none,,otsu,docling_easyocr,deepseek,2,2,0,2,2,0.0,0.0,0.0,1,0.04,0.25,0.9899396378269618,0.9941520467836257,179.485709065,0
peru21_2016-05-13_2,23,none,,otsu,docling_rapidocr,deepseek,2,0,0,0,2,0.0,0.0,0.0,0,,,,,132.083053941,1
peru21_2016-05-13_2,24,none,,adaptive_gaussian,docling_easyocr,deepseek,2,0,0,0,2,0.0,0.0,0.0,0,,,,,60.50022695,1
peru21_2016-05-13_2,24,none,,adaptive_gaussian,docling_rapidocr,deepseek,2,1,0,1,2,0.0,0.0,0.0,1,1.0,1.0,0.7947686116700201,0.9473684210526315,12.429555869,0
peru21_2016-05-13_2,24,none,,adaptive_mean,docling_easyocr,deepseek,2,1,0,1,2,0.0,0.0,0.0,0,,,,,59.203160065,0
peru21_2016-05-13_2,24,none,,adaptive_mean,docling_rapidocr,deepseek,2,1,0,1,2,0.0,0.0,0.0,1,1.0,1.0,0.8490945674044266,0.9590643274853801,13.058008689,0
peru21_2016-05-13_2,24,none,,basic,docling_easyocr,deepseek,2,0,0,0,2,0.0,0.0,0.0,0,,,,,69.915463507,1
peru21_2016-05-13_2,24,none,,basic,docling_rapidocr,deepseek,2,0,0,0,2,0.0,0.0,0.0,0,,,,,24.718287528,1
peru21_2016-05-13_2,24,none,,niblack,docling_easyocr,deepseek,2,0,0,0,2,0.0,0.0,0.0,0,,,,,46.317312321,1
peru21_2016-05-13_2,24,none,,niblack,docling_rapidocr,deepseek,2,0,0,0,2,0.0,0.0,0.0,0,,,,,8.724760852,1
peru21_2016-05-13_2,24,none,,none_color,docling_easyocr,deepseek,2,0,0,0,2,0.0,0.0,0.0,0,,,,,72.237719928,1
peru21_2016-05-13_2,24,none,,none_color,docling_rapidocr,deepseek,2,0,0,0,2,0.0,0.0,0.0,0,,,,,25.230930482,1
peru21_2016-05-13_2,24,none,,none_grayscale,docling_easyocr,deepseek,2,0,0,0,2,0.0,0.0,0.0,0,,,,,74.910032975,1
peru21_2016-05-13_2,24,none,,none_grayscale,docling_rapidocr,deepseek,2,0,0,0,2,0.0,0.0,0.0,0,,,,,26.970414387,1
peru21_2016-05-13_2,24,none,,otsu,docling_easyocr,deepseek,2,0,0,0,2,0.0,0.0,0.0,0,,,,,69.130614175,1
peru21_2016-05-13_2,24,none,,otsu,docling_rapidocr,deepseek,2,0,0,0,2,0.0,0.0,0.0,0,,,,,24.461218966,1
peru21_2016-05-13_2,25,none,,adaptive_gaussian,docling_easyocr,deepseek,2,3,0,3,2,0.0,0.0,0.0,1,0.43333333333333335,0.6666666666666666,0.973249409913454,0.9864253393665159,53.84896333,0
peru21_2016-05-13_2,25,none,,adaptive_gaussian,docling_rapidocr,deepseek,2,1,0,1,2,0.0,0.0,0.0,1,1.0,1.0,0.8571428571428571,0.9590643274853801,9.078302214,0
peru21_2016-05-13_2,25,none,,adaptive_mean,docling_easyocr,deepseek,2,3,0,3,2,0.0,0.0,0.0,2,0.2966666666666667,0.7777777777777778,0.9996066089693155,1.0,55.981215567,0
peru21_2016-05-13_2,25,none,,adaptive_mean,docling_rapidocr,deepseek,2,0,0,0,2,0.0,0.0,0.0,0,,,,,11.312309594,1
peru21_2016-05-13_2,25,none,,basic,docling_easyocr,deepseek,2,0,0,0,2,0.0,0.0,0.0,0,,,,,68.836532487,1
peru21_2016-05-13_2,25,none,,basic,docling_rapidocr,deepseek,2,0,0,0,2,0.0,0.0,0.0,0,,,,,23.205073012,1
peru21_2016-05-13_2,25,none,,niblack,docling_easyocr,deepseek,2,0,0,0,2,0.0,0.0,0.0,0,,,,,48.477926646,1
peru21_2016-05-13_2,25,none,,niblack,docling_rapidocr,deepseek,2,0,0,0,2,0.0,0.0,0.0,0,,,,,8.856700097,1
peru21_2016-05-13_2,25,none,,none_color,docling_easyocr,deepseek,2,0,0,0,2,0.0,0.0,0.0,0,,,,,71.328789222,1
peru21_2016-05-13_2,25,none,,none_color,docling_rapidocr,deepseek,2,0,0,0,2,0.0,0.0,0.0,0,,,,,25.376764046,1
peru21_2016-05-13_2,25,none,,none_grayscale,docling_easyocr,deepseek,2,0,0,0,2,0.0,0.0,0.0,0,,,,,74.080787003,1
peru21_2016-05-13_2,25,none,,none_grayscale,docling_rapidocr,deepseek,2,0,0,0,2,0.0,0.0,0.0,0,,,,,25.885061324,1
peru21_2016-05-13_2,25,none,,otsu,docling_easyocr,deepseek,2,1,0,1,2,0.0,0.0,0.0,1,1.0,1.0,0.3965381589299764,0.6063348416289592,73.289470639,0
peru21_2016-05-13_2,25,none,,otsu,docling_rapidocr,deepseek,2,0,0,0,2,0.0,0.0,0.0,0,,,,,22.884510245,1
peru21_2016-05-13_2,26,none,,adaptive_gaussian,docling_easyocr,deepseek,2,0,0,0,2,0.0,0.0,0.0,0,,,,,60.735115406,1
peru21_2016-05-13_2,26,none,,adaptive_gaussian,docling_rapidocr,deepseek,2,0,0,0,2,0.0,0.0,0.0,0,,,,,12.855709908,1
peru21_2016-05-13_2,26,none,,adaptive_mean,docling_easyocr,deepseek,2,3,0,3,2,0.0,0.0,0.0,2,0.45666666666666667,0.7777777777777778,0.9967432446765566,1.0,59.873684233,0
peru21_2016-05-13_2,26,none,,adaptive_mean,docling_rapidocr,deepseek,2,1,0,1,2,0.0,0.0,0.0,1,1.0,1.0,0.8480885311871227,0.9590643274853801,11.369859283,0
peru21_2016-05-13_2,26,none,,basic,docling_easyocr,deepseek,2,1,0,1,2,0.0,0.0,0.0,1,0.05,0.1111111111111111,0.8914240755310779,1.1176470588235294,70.671967375,0
peru21_2016-05-13_2,26,none,,basic,docling_rapidocr,deepseek,2,0,0,0,2,0.0,0.0,0.0,0,,,,,24.493083584,1
peru21_2016-05-13_2,26,none,,niblack,docling_easyocr,deepseek,2,0,0,0,2,0.0,0.0,0.0,0,,,,,46.479301363,1
peru21_2016-05-13_2,26,none,,niblack,docling_rapidocr,deepseek,2,0,0,0,2,0.0,0.0,0.0,0,,,,,8.731611877,1
peru21_2016-05-13_2,26,none,,none_color,docling_easyocr,deepseek,2,0,0,0,2,0.0,0.0,0.0,0,,,,,74.709930454,1
peru21_2016-05-13_2,26,none,,none_color,docling_rapidocr,deepseek,2,0,0,0,2,0.0,0.0,0.0,0,,,,,27.303500925,1
peru21_2016-05-13_2,26,none,,none_grayscale,docling_easyocr,deepseek,2,0,0,0,2,0.0,0.0,0.0,0,,,,,75.50632814,1
peru21_2016-05-13_2,26,none,,none_grayscale,docling_rapidocr,deepseek,2,0,0,0,2,0.0,0.0,0.0,0,,,,,25.807345663,1
peru21_2016-05-13_2,26,none,,otsu,docling_easyocr,deepseek,2,1,0,1,2,0.0,0.0,0.0,1,0.05,0.1111111111111111,0.7183320220298978,0.8144796380090498,70.303568542,0
peru21_2016-05-13_2,26,none,,otsu,docling_rapidocr,deepseek,2,0,0,0,2,0.0,0.0,0.0,0,,,,,23.165409983,1
peru21_2016-05-13_2,27,none,,adaptive_gaussian,docling_easyocr,deepseek,2,0,0,0,2,0.0,0.0,0.0,0,,,,,66.025382658,1
peru21_2016-05-13_2,27,none,,adaptive_gaussian,docling_rapidocr,deepseek,2,0,0,0,2,0.0,0.0,0.0,0,,,,,14.132956167,1
peru21_2016-05-13_2,27,none,,adaptive_mean,docling_easyocr,deepseek,2,0,0,0,2,0.0,0.0,0.0,0,,,,,65.305020658,1
peru21_2016-05-13_2,27,none,,adaptive_mean,docling_rapidocr,deepseek,2,1,0,1,2,0.0,0.0,0.0,1,1.0,1.0,0.8511066398390342,0.9532163742690059,14.232335417,0
peru21_2016-05-13_2,27,none,,basic,docling_easyocr,deepseek,2,0,0,0,2,0.0,0.0,0.0,0,,,,,74.642402779,1
peru21_2016-05-13_2,27,none,,basic,docling_rapidocr,deepseek,2,0,0,0,2,0.0,0.0,0.0,0,,,,,25.106325518,1
peru21_2016-05-13_2,27,none,,niblack,docling_easyocr,deepseek,2,0,0,0,2,0.0,0.0,0.0,0,,,,,49.321755684,1
peru21_2016-05-13_2,27,none,,niblack,docling_rapidocr,deepseek,2,0,0,0,2,0.0,0.0,0.0,0,,,,,9.243661201,1
peru21_2016-05-13_2,27,none,,none_color,docling_easyocr,deepseek,2,0,0,0,2,0.0,0.0,0.0,0,,,,,75.29240106,1
peru21_2016-05-13_2,27,none,,none_color,docling_rapidocr,deepseek,2,0,0,0,2,0.0,0.0,0.0,0,,,,,26.821953758,1
peru21_2016-05-13_2,27,none,,none_grayscale,docling_easyocr,deepseek,2,1,0,1,2,0.0,0.0,0.0,1,1.48,2.0,0.7987927565392354,0.9473684210526315,75.80425292,0
peru21_2016-05-13_2,27,none,,none_grayscale,docling_rapidocr,deepseek,2,0,0,0,2,0.0,0.0,0.0,0,,,,,25.778176365,1
peru21_2016-05-13_2,27,none,,otsu,docling_easyocr,deepseek,2,0,0,0,2,0.0,0.0,0.0,0,,,,,69.366943085,1
peru21_2016-05-13_2,27,none,,otsu,docling_rapidocr,deepseek,2,0,0,0,2,0.0,0.0,0.0,0,,,,,24.058343851,1
peru21_2016-05-13_2,28,none,,adaptive_gaussian,docling_easyocr,deepseek,2,3,0,3,2,0.0,0.0,0.0,2,0.42833333333333334,0.6527777777777778,0.9781830241876119,0.9932126696832579,53.870700954,0
peru21_2016-05-13_2,28,none,,adaptive_gaussian,docling_rapidocr,deepseek,2,0,0,0,2,0.0,0.0,0.0,0,,,,,9.943915009,1
peru21_2016-05-13_2,28,none,,adaptive_mean,docling_easyocr,deepseek,2,2,0,2,2,0.0,0.0,0.0,2,0.25666666666666665,0.6527777777777778,0.9740492522404292,0.9932126696832579,59.434634752,0
peru21_2016-05-13_2,28,none,,adaptive_mean,docling_rapidocr,deepseek,2,1,0,1,2,0.0,0.0,0.0,1,1.0,1.0,0.9014084507042254,0.9766081871345029,13.944993086,0
peru21_2016-05-13_2,28,none,,basic,docling_easyocr,deepseek,2,0,0,0,2,0.0,0.0,0.0,0,,,,,74.46486627,1
peru21_2016-05-13_2,28,none,,basic,docling_rapidocr,deepseek,2,0,0,0,2,0.0,0.0,0.0,0,,,,,24.277001251,1
peru21_2016-05-13_2,28,none,,niblack,docling_easyocr,deepseek,2,0,0,0,2,0.0,0.0,0.0,0,,,,,46.728341263,1
peru21_2016-05-13_2,28,none,,niblack,docling_rapidocr,deepseek,2,0,0,0,2,0.0,0.0,0.0,0,,,,,8.649583977,1
peru21_2016-05-13_2,28,none,,none_color,docling_easyocr,deepseek,2,0,0,0,2,0.0,0.0,0.0,0,,,,,72.03590151,1
peru21_2016-05-13_2,28,none,,none_color,docling_rapidocr,deepseek,2,0,0,0,2,0.0,0.0,0.0,0,,,,,24.771619999,1
peru21_2016-05-13_2,28,none,,none_grayscale,docling_easyocr,deepseek,2,0,0,0,2,0.0,0.0,0.0,0,,,,,74.564451015,1
peru21_2016-05-13_2,28,none,,none_grayscale,docling_rapidocr,deepseek,2,0,0,0,2,0.0,0.0,0.0,0,,,,,25.447746075,1
peru21_2016-05-13_2,28,none,,otsu,docling_easyocr,deepseek,2,0,0,0,2,0.0,0.0,0.0,0,,,,,73.80329031,1
peru21_2016-05-13_2,28,none,,otsu,docling_rapidocr,deepseek,2,0,0,0,2,0.0,0.0,0.0,0,,,,,23.057864132,1
peru21_2016-05-13_2,29,none,,adaptive_gaussian,docling_easyocr,deepseek,2,0,0,0,2,0.0,0.0,0.0,0,,,,,71.05037105,1
peru21_2016-05-13_2,29,none,,adaptive_gaussian,docling_rapidocr,deepseek,2,0,0,0,2,0.0,0.0,0.0,0,,,,,14.872637867,1
peru21_2016-05-13_2,29,none,,adaptive_mean,docling_easyocr,deepseek,2,0,0,0,2,0.0,0.0,0.0,0,,,,,65.271282501,1
peru21_2016-05-13_2,29,none,,adaptive_mean,docling_rapidocr,deepseek,2,0,0,0,2,0.0,0.0,0.0,0,,,,,13.149371929,1
peru21_2016-05-13_2,29,none,,basic,docling_easyocr,deepseek,2,0,0,0,2,0.0,0.0,0.0,0,,,,,72.020132174,1
peru21_2016-05-13_2,29,none,,basic,docling_rapidocr,deepseek,2,0,0,0,2,0.0,0.0,0.0,0,,,,,25.828427185,1
peru21_2016-05-13_2,29,none,,niblack,docling_easyocr,deepseek,2,0,0,0,2,0.0,0.0,0.0,0,,,,,46.600037994,1
peru21_2016-05-13_2,29,none,,niblack,docling_rapidocr,deepseek,2,0,0,0,2,0.0,0.0,0.0,0,,,,,9.123374882,1
peru21_2016-05-13_2,29,none,,none_color,docling_easyocr,deepseek,2,0,0,0,2,0.0,0.0,0.0,0,,,,,74.318676508,1
peru21_2016-05-13_2,29,none,,none_color,docling_rapidocr,deepseek,2,0,0,0,2,0.0,0.0,0.0,0,,,,,26.791346109,1
peru21_2016-05-13_2,29,none,,none_grayscale,docling_easyocr,deepseek,2,0,0,0,2,0.0,0.0,0.0,0,,,,,72.3708053,1
peru21_2016-05-13_2,29,none,,none_grayscale,docling_rapidocr,deepseek,2,0,0,0,2,0.0,0.0,0.0,0,,,,,26.780024326,1
peru21_2016-05-13_2,29,none,,otsu,docling_easyocr,deepseek,2,0,0,0,2,0.0,0.0,0.0,0,,,,,70.052433672,1
peru21_2016-05-13_2,29,none,,otsu,docling_rapidocr,deepseek,2,0,0,0,2,0.0,0.0,0.0,0,,,,,24.232973042,1
peru21_2016-05-13_2,30,none,,adaptive_gaussian,docling_easyocr,deepseek,2,0,0,0,2,0.0,0.0,0.0,0,,,,,66.500674923,1
peru21_2016-05-13_2,30,none,,adaptive_gaussian,docling_rapidocr,deepseek,2,0,0,0,2,0.0,0.0,0.0,0,,,,,15.087862929,1
peru21_2016-05-13_2,30,none,,adaptive_mean,docling_easyocr,deepseek,2,1,0,1,2,0.0,0.0,0.0,1,1.0,1.0,0.9084507042253521,0.9649122807017544,57.833375124,0
peru21_2016-05-13_2,30,none,,adaptive_mean,docling_rapidocr,deepseek,2,0,0,0,2,0.0,0.0,0.0,0,,,,,10.160473017,1
peru21_2016-05-13_2,30,none,,basic,docling_easyocr,deepseek,2,0,0,0,2,0.0,0.0,0.0,0,,,,,70.839562367,1
peru21_2016-05-13_2,30,none,,basic,docling_rapidocr,deepseek,2,0,0,0,2,0.0,0.0,0.0,0,,,,,23.831349324,1
peru21_2016-05-13_2,30,none,,niblack,docling_easyocr,deepseek,2,0,0,0,2,0.0,0.0,0.0,0,,,,,48.88901038,1
peru21_2016-05-13_2,30,none,,niblack,docling_rapidocr,deepseek,2,0,0,0,2,0.0,0.0,0.0,0,,,,,8.932979535,1
peru21_2016-05-13_2,30,none,,none_color,docling_easyocr,deepseek,2,0,0,0,2,0.0,0.0,0.0,0,,,,,69.855453059,1
peru21_2016-05-13_2,30,none,,none_color,docling_rapidocr,deepseek,2,0,0,0,2,0.0,0.0,0.0,0,,,,,21.45632939,1
peru21_2016-05-13_2,30,none,,none_grayscale,docling_easyocr,deepseek,2,0,0,0,2,0.0,0.0,0.0,0,,,,,69.640576002,1
peru21_2016-05-13_2,30,none,,none_grayscale,docling_rapidocr,deepseek,2,0,0,0,2,0.0,0.0,0.0,0,,,,,24.218634245,1
peru21_2016-05-13_2,30,none,,otsu,docling_easyocr,deepseek,2,1,0,1,2,0.0,0.0,0.0,1,0.04,0.25,0.9748490945674044,0.9883040935672515,76.618119025,0
peru21_2016-05-13_2,30,none,,otsu,docling_rapidocr,deepseek,2,0,0,0,2,0.0,0.0,0.0,0,,,,,25.261978173,1
peru21_2016-05-13_2,31,none,,adaptive_gaussian,docling_easyocr,deepseek,2,1,0,1,2,0.0,0.0,0.0,0,,,,,66.631794133,0
peru21_2016-05-13_2,31,none,,adaptive_gaussian,docling_rapidocr,deepseek,2,0,0,0,2,0.0,0.0,0.0,0,,,,,14.913851895,1
peru21_2016-05-13_2,31,none,,adaptive_mean,docling_easyocr,deepseek,2,0,0,0,2,0.0,0.0,0.0,0,,,,,62.371350155,1
peru21_2016-05-13_2,31,none,,adaptive_mean,docling_rapidocr,deepseek,2,0,0,0,2,0.0,0.0,0.0,0,,,,,12.803111182,1
peru21_2016-05-13_2,31,none,,basic,docling_easyocr,deepseek,2,10,0,10,2,0.0,0.0,0.0,2,0.008333333333333333,0.1111111111111111,1.0,1.0,75.565400986,0
peru21_2016-05-13_2,31,none,,basic,docling_rapidocr,deepseek,2,0,0,0,2,0.0,0.0,0.0,0,,,,,23.496883301,1
peru21_2016-05-13_2,31,none,,niblack,docling_easyocr,deepseek,2,0,0,0,2,0.0,0.0,0.0,0,,,,,49.235477574,1
peru21_2016-05-13_2,31,none,,niblack,docling_rapidocr,deepseek,2,0,0,0,2,0.0,0.0,0.0,0,,,,,8.767087347,1
peru21_2016-05-13_2,31,none,,none_color,docling_easyocr,deepseek,2,0,0,0,2,0.0,0.0,0.0,0,,,,,71.392746212,1
peru21_2016-05-13_2,31,none,,none_color,docling_rapidocr,deepseek,2,0,0,0,2,0.0,0.0,0.0,0,,,,,23.025219681,1
peru21_2016-05-13_2,31,none,,none_grayscale,docling_easyocr,deepseek,2,1,0,1,2,0.0,0.0,0.0,1,1.24,1.25,0.7967806841046278,0.9298245614035088,73.839431599,0
peru21_2016-05-13_2,31,none,,none_grayscale,docling_rapidocr,deepseek,2,0,0,0,2,0.0,0.0,0.0,0,,,,,26.598799303,1
peru21_2016-05-13_2,31,none,,otsu,docling_easyocr,deepseek,2,0,0,0,2,0.0,0.0,0.0,0,,,,,68.703441601,1
peru21_2016-05-13_2,31,none,,otsu,docling_rapidocr,deepseek,2,0,0,0,2,0.0,0.0,0.0,0,,,,,20.460675698,1
peru21_2016-05-13_2,32,none,,adaptive_gaussian,docling_easyocr,deepseek,2,1,0,1,2,0.0,0.0,0.0,0,,,,,67.353242482,0
peru21_2016-05-13_2,32,none,,adaptive_gaussian,docling_rapidocr,deepseek,2,0,0,0,2,0.0,0.0,0.0,0,,,,,15.233502949,1
peru21_2016-05-13_2,32,none,,adaptive_mean,docling_easyocr,deepseek,2,0,0,0,2,0.0,0.0,0.0,0,,,,,59.448565112,1
peru21_2016-05-13_2,32,none,,adaptive_mean,docling_rapidocr,deepseek,2,0,0,0,2,0.0,0.0,0.0,0,,,,,9.415656433,1
peru21_2016-05-13_2,32,none,,basic,docling_easyocr,deepseek,2,0,0,0,2,0.0,0.0,0.0,0,,,,,69.386597304,1
peru21_2016-05-13_2,32,none,,basic,docling_rapidocr,deepseek,2,0,0,0,2,0.0,0.0,0.0,0,,,,,22.964323429,1
peru21_2016-05-13_2,32,none,,niblack,docling_easyocr,deepseek,2,0,0,0,2,0.0,0.0,0.0,0,,,,,49.598565798,1
peru21_2016-05-13_2,32,none,,niblack,docling_rapidocr,deepseek,2,0,0,0,2,0.0,0.0,0.0,0,,,,,8.987237196,1
peru21_2016-05-13_2,32,none,,none_color,docling_easyocr,deepseek,2,0,0,0,2,0.0,0.0,0.0,0,,,,,69.970429257,1
peru21_2016-05-13_2,32,none,,none_color,docling_rapidocr,deepseek,2,0,0,0,2,0.0,0.0,0.0,0,,,,,21.940495327,1
peru21_2016-05-13_2,32,none,,none_grayscale,docling_easyocr,deepseek,2,0,0,0,2,0.0,0.0,0.0,0,,,,,70.115237788,1
peru21_2016-05-13_2,32,none,,none_grayscale,docling_rapidocr,deepseek,2,0,0,0,2,0.0,0.0,0.0,0,,,,,21.255571202,1
peru21_2016-05-13_2,32,none,,otsu,docling_easyocr,deepseek,2,1,0,1,2,0.0,0.0,0.0,0,,,,,77.434719782,0
peru21_2016-05-13_2,32,none,,otsu,docling_rapidocr,deepseek,2,0,0,0,2,0.0,0.0,0.0,0,,,,,24.951675635,1
peru21_2016-05-13_2,33,none,,adaptive_gaussian,docling_easyocr,deepseek,2,1,0,1,2,0.0,0.0,0.0,0,,,,,66.559163531,0
peru21_2016-05-13_2,33,none,,adaptive_gaussian,docling_rapidocr,deepseek,2,0,0,0,2,0.0,0.0,0.0,0,,,,,15.770103415,1
peru21_2016-05-13_2,33,none,,adaptive_mean,docling_easyocr,deepseek,2,0,0,0,2,0.0,0.0,0.0,0,,,,,60.658188013,1
peru21_2016-05-13_2,33,none,,adaptive_mean,docling_rapidocr,deepseek,2,1,0,1,2,0.0,0.0,0.0,1,1.0,1.0,0.8983903420523138,0.9766081871345029,11.848116545,0
peru21_2016-05-13_2,33,none,,basic,docling_easyocr,deepseek,2,0,0,0,2,0.0,0.0,0.0,0,,,,,75.065021227,1
peru21_2016-05-13_2,33,none,,basic,docling_rapidocr,deepseek,2,0,0,0,2,0.0,0.0,0.0,0,,,,,25.608044098,1
peru21_2016-05-13_2,33,none,,niblack,docling_easyocr,deepseek,2,0,0,0,2,0.0,0.0,0.0,0,,,,,48.265760756,1
peru21_2016-05-13_2,33,none,,niblack,docling_rapidocr,deepseek,2,0,0,0,2,0.0,0.0,0.0,0,,,,,8.647050238,1
peru21_2016-05-13_2,33,none,,none_color,docling_easyocr,deepseek,2,0,0,0,2,0.0,0.0,0.0,0,,,,,67.143676087,1
peru21_2016-05-13_2,33,none,,none_color,docling_rapidocr,deepseek,2,0,0,0,2,0.0,0.0,0.0,0,,,,,21.340866133,1
peru21_2016-05-13_2,33,none,,none_grayscale,docling_easyocr,deepseek,2,0,0,0,2,0.0,0.0,0.0,0,,,,,71.592758368,1
peru21_2016-05-13_2,33,none,,none_grayscale,docling_rapidocr,deepseek,2,0,0,0,2,0.0,0.0,0.0,0,,,,,26.828330229,1
peru21_2016-05-13_2,33,none,,otsu,docling_easyocr,deepseek,2,0,0,0,2,0.0,0.0,0.0,0,,,,,71.430239224,1
peru21_2016-05-13_2,33,none,,otsu,docling_rapidocr,deepseek,2,0,0,0,2,0.0,0.0,0.0,0,,,,,23.910909914,1
peru21_2016-05-13_2,34,none,,adaptive_gaussian,docling_easyocr,deepseek,2,0,0,0,2,0.0,0.0,0.0,0,,,,,69.297457384,1
peru21_2016-05-13_2,34,none,,adaptive_gaussian,docling_rapidocr,deepseek,2,1,0,1,2,0.0,0.0,0.0,1,1.0,1.0,0.7474849094567404,0.9532163742690059,18.012060569,0
peru21_2016-05-13_2,34,none,,adaptive_mean,docling_easyocr,deepseek,2,0,0,0,2,0.0,0.0,0.0,0,,,,,65.627560014,1
peru21_2016-05-13_2,34,none,,adaptive_mean,docling_rapidocr,deepseek,2,0,0,0,2,0.0,0.0,0.0,0,,,,,14.334773654,1
peru21_2016-05-13_2,34,none,,basic,docling_easyocr,deepseek,2,0,0,0,2,0.0,0.0,0.0,0,,,,,68.93976704,1
peru21_2016-05-13_2,34,none,,basic,docling_rapidocr,deepseek,2,0,0,0,2,0.0,0.0,0.0,0,,,,,23.500165857,1
peru21_2016-05-13_2,34,none,,niblack,docling_easyocr,deepseek,2,0,0,0,2,0.0,0.0,0.0,0,,,,,47.791056364,1
peru21_2016-05-13_2,34,none,,niblack,docling_rapidocr,deepseek,2,0,0,0,2,0.0,0.0,0.0,0,,,,,8.569749086,1
peru21_2016-05-13_2,34,none,,none_color,docling_easyocr,deepseek,2,1,0,1,2,0.0,0.0,0.0,1,1.24,1.25,0.795774647887324,0.9298245614035088,71.46962,0
peru21_2016-05-13_2,34,none,,none_color,docling_rapidocr,deepseek,2,0,0,0,2,0.0,0.0,0.0,0,,,,,26.260703098,1
peru21_2016-05-13_2,34,none,,none_grayscale,docling_easyocr,deepseek,2,0,0,0,2,0.0,0.0,0.0,0,,,,,74.152953542,1
peru21_2016-05-13_2,34,none,,none_grayscale,docling_rapidocr,deepseek,2,0,0,0,2,0.0,0.0,0.0,0,,,,,26.26942531,1
peru21_2016-05-13_2,34,none,,otsu,docling_easyocr,deepseek,2,0,0,0,2,0.0,0.0,0.0,0,,,,,74.22002243,1
peru21_2016-05-13_2,34,none,,otsu,docling_rapidocr,deepseek,2,0,0,0,2,0.0,0.0,0.0,0,,,,,25.223526706,1
peru21_2016-05-13_2,35,none,,adaptive_gaussian,docling_easyocr,deepseek,2,1,0,1,2,0.0,0.0,0.0,0,,,,,68.945986841,0
peru21_2016-05-13_2,35,none,,adaptive_gaussian,docling_rapidocr,deepseek,2,0,0,0,2,0.0,0.0,0.0,0,,,,,15.480582569,1
peru21_2016-05-13_2,35,none,,adaptive_mean,docling_easyocr,deepseek,2,0,0,0,2,0.0,0.0,0.0,0,,,,,58.135038013,1
peru21_2016-05-13_2,35,none,,adaptive_mean,docling_rapidocr,deepseek,2,0,0,0,2,0.0,0.0,0.0,0,,,,,11.225540514,1
peru21_2016-05-13_2,35,none,,basic,docling_easyocr,deepseek,2,0,0,0,2,0.0,0.0,0.0,0,,,,,67.286891067,1
peru21_2016-05-13_2,35,none,,basic,docling_rapidocr,deepseek,2,0,0,0,2,0.0,0.0,0.0,0,,,,,23.657829845,1
peru21_2016-05-13_2,35,none,,niblack,docling_easyocr,deepseek,2,0,0,0,2,0.0,0.0,0.0,0,,,,,49.972967014,1
peru21_2016-05-13_2,35,none,,niblack,docling_rapidocr,deepseek,2,0,0,0,2,0.0,0.0,0.0,0,,,,,8.538153514,1
peru21_2016-05-13_2,35,none,,none_color,docling_easyocr,deepseek,2,0,0,0,2,0.0,0.0,0.0,0,,,,,70.18240596,1
peru21_2016-05-13_2,35,none,,none_color,docling_rapidocr,deepseek,2,0,0,0,2,0.0,0.0,0.0,0,,,,,21.414396535,1
peru21_2016-05-13_2,35,none,,none_grayscale,docling_easyocr,deepseek,2,0,0,0,2,0.0,0.0,0.0,0,,,,,67.128628503,1
peru21_2016-05-13_2,35,none,,none_grayscale,docling_rapidocr,deepseek,2,0,0,0,2,0.0,0.0,0.0,0,,,,,20.425340902,1
peru21_2016-05-13_2,35,none,,otsu,docling_easyocr,deepseek,2,1,0,1,2,0.0,0.0,0.0,0,,,,,76.707792915,0
peru21_2016-05-13_2,35,none,,otsu,docling_rapidocr,deepseek,2,0,0,0,2,0.0,0.0,0.0,0,,,,,24.468208231,1
peru21_2016-05-13_2,36,none,,adaptive_gaussian,docling_easyocr,deepseek,2,3,0,3,2,0.0,0.0,0.0,1,0.08,0.5,1.0,1.0,68.463605632,0
peru21_2016-05-13_2,36,none,,adaptive_gaussian,docling_rapidocr,deepseek,2,0,0,0,2,0.0,0.0,0.0,0,,,,,14.844124307,1
peru21_2016-05-13_2,36,none,,adaptive_mean,docling_easyocr,deepseek,2,1,0,1,2,0.0,0.0,0.0,1,0.11666666666666667,0.2222222222222222,0.930763178599528,0.9638009049773756,66.509035526,0
peru21_2016-05-13_2,36,none,,adaptive_mean,docling_rapidocr,deepseek,2,0,0,0,2,0.0,0.0,0.0,0,,,,,12.727659879,1
peru21_2016-05-13_2,36,none,,basic,docling_easyocr,deepseek,2,0,0,0,2,0.0,0.0,0.0,0,,,,,77.630966882,1
peru21_2016-05-13_2,36,none,,basic,docling_rapidocr,deepseek,2,0,0,0,2,0.0,0.0,0.0,0,,,,,24.102323751,1
peru21_2016-05-13_2,36,none,,niblack,docling_easyocr,deepseek,2,0,0,0,2,0.0,0.0,0.0,0,,,,,48.214794046,1
peru21_2016-05-13_2,36,none,,niblack,docling_rapidocr,deepseek,2,0,0,0,2,0.0,0.0,0.0,0,,,,,9.0354451,1
peru21_2016-05-13_2,36,none,,none_color,docling_easyocr,deepseek,2,0,0,0,2,0.0,0.0,0.0,0,,,,,69.25988157,1
peru21_2016-05-13_2,36,none,,none_color,docling_rapidocr,deepseek,2,0,0,0,2,0.0,0.0,0.0,0,,,,,22.039477899,1
peru21_2016-05-13_2,36,none,,none_grayscale,docling_easyocr,deepseek,2,0,0,0,2,0.0,0.0,0.0,0,,,,,72.084777978,1
peru21_2016-05-13_2,36,none,,none_grayscale,docling_rapidocr,deepseek,2,0,0,0,2,0.0,0.0,0.0,0,,,,,20.894789365,1
peru21_2016-05-13_2,36,none,,otsu,docling_easyocr,deepseek,2,0,0,0,2,0.0,0.0,0.0,0,,,,,75.74471026,1
peru21_2016-05-13_2,36,none,,otsu,docling_rapidocr,deepseek,2,0,0,0,2,0.0,0.0,0.0,0,,,,,23.134894186,1
peru21_2016-05-13_2,37,none,,adaptive_gaussian,docling_easyocr,deepseek,2,0,0,0,2,0.0,0.0,0.0,0,,,,,54.95521874,1
peru21_2016-05-13_2,37,none,,adaptive_gaussian,docling_rapidocr,deepseek,2,1,0,1,2,0.0,0.0,0.0,1,1.0,1.0,0.8511066398390342,0.9590643274853801,9.621988483,0
peru21_2016-05-13_2,37,none,,adaptive_mean,docling_easyocr,deepseek,2,0,0,0,2,0.0,0.0,0.0,0,,,,,56.444426433,1
peru21_2016-05-13_2,37,none,,adaptive_mean,docling_rapidocr,deepseek,2,3,0,3,2,0.0,0.0,0.0,2,0.05333333333333333,0.3611111111111111,0.9956920911780676,1.0,11.240328685,0
peru21_2016-05-13_2,37,none,,basic,docling_easyocr,deepseek,2,0,0,0,2,0.0,0.0,0.0,0,,,,,74.161558328,1
peru21_2016-05-13_2,37,none,,basic,docling_rapidocr,deepseek,2,0,0,0,2,0.0,0.0,0.0,0,,,,,23.838277994,1
peru21_2016-05-13_2,37,none,,niblack,docling_easyocr,deepseek,2,0,0,0,2,0.0,0.0,0.0,0,,,,,46.336552278,1
peru21_2016-05-13_2,37,none,,niblack,docling_rapidocr,deepseek,2,0,0,0,2,0.0,0.0,0.0,0,,,,,9.093284265,1
peru21_2016-05-13_2,37,none,,none_color,docling_easyocr,deepseek,2,0,0,0,2,0.0,0.0,0.0,0,,,,,73.261357816,1
peru21_2016-05-13_2,37,none,,none_color,docling_rapidocr,deepseek,2,0,0,0,2,0.0,0.0,0.0,0,,,,,23.341663393,1
peru21_2016-05-13_2,37,none,,none_grayscale,docling_easyocr,deepseek,2,0,0,0,2,0.0,0.0,0.0,0,,,,,74.927958593,1
peru21_2016-05-13_2,37,none,,none_grayscale,docling_rapidocr,deepseek,2,0,0,0,2,0.0,0.0,0.0,0,,,,,26.53450118,1
peru21_2016-05-13_2,37,none,,otsu,docling_easyocr,deepseek,2,0,0,0,2,0.0,0.0,0.0,0,,,,,74.794570457,1
peru21_2016-05-13_2,37,none,,otsu,docling_rapidocr,deepseek,2,0,0,0,2,0.0,0.0,0.0,0,,,,,23.09416176,1
peru21_2016-05-13_2,38,none,,adaptive_gaussian,docling_easyocr,deepseek,2,0,0,0,2,0.0,0.0,0.0,0,,,,,66.208269685,1
peru21_2016-05-13_2,38,none,,adaptive_gaussian,docling_rapidocr,deepseek,2,1,0,1,2,0.0,0.0,0.0,1,1.0,1.0,0.7706237424547284,0.9473684210526315,14.7413114,0
peru21_2016-05-13_2,38,none,,adaptive_mean,docling_easyocr,deepseek,2,0,0,0,2,0.0,0.0,0.0,0,,,,,64.362692227,1
peru21_2016-05-13_2,38,none,,adaptive_mean,docling_rapidocr,deepseek,2,0,0,0,2,0.0,0.0,0.0,0,,,,,12.027075639,1
peru21_2016-05-13_2,38,none,,basic,docling_easyocr,deepseek,2,0,0,0,2,0.0,0.0,0.0,0,,,,,68.840455683,1
peru21_2016-05-13_2,38,none,,basic,docling_rapidocr,deepseek,2,0,0,0,2,0.0,0.0,0.0,0,,,,,23.68669978,1
peru21_2016-05-13_2,38,none,,niblack,docling_easyocr,deepseek,2,0,0,0,2,0.0,0.0,0.0,0,,,,,48.359520348,1
peru21_2016-05-13_2,38,none,,niblack,docling_rapidocr,deepseek,2,0,0,0,2,0.0,0.0,0.0,0,,,,,8.871138963,1
peru21_2016-05-13_2,38,none,,none_color,docling_easyocr,deepseek,2,0,0,0,2,0.0,0.0,0.0,0,,,,,71.888751347,1
peru21_2016-05-13_2,38,none,,none_color,docling_rapidocr,deepseek,2,0,0,0,2,0.0,0.0,0.0,0,,,,,20.87563308,1
peru21_2016-05-13_2,38,none,,none_grayscale,docling_easyocr,deepseek,2,0,0,0,2,0.0,0.0,0.0,0,,,,,72.135018904,1
peru21_2016-05-13_2,38,none,,none_grayscale,docling_rapidocr,deepseek,2,0,0,0,2,0.0,0.0,0.0,0,,,,,20.736752827,1
peru21_2016-05-13_2,38,none,,otsu,docling_easyocr,deepseek,2,0,0,0,2,0.0,0.0,0.0,0,,,,,72.963989482,1
peru21_2016-05-13_2,38,none,,otsu,docling_rapidocr,deepseek,2,1,0,1,2,0.0,0.0,0.0,1,0.05,0.1111111111111111,0.8630999213217939,0.9773755656108597,23.269880757,0
peru21_2016-05-13_2,39,none,,adaptive_gaussian,docling_easyocr,deepseek,2,3,0,3,2,0.0,0.0,0.0,2,0.24833333333333335,0.6527777777777778,0.9870311562530177,1.0,104.548620848,0
peru21_2016-05-13_2,39,none,,adaptive_gaussian,docling_rapidocr,deepseek,2,0,0,0,2,0.0,0.0,0.0,0,,,,,50.727365165,1
peru21_2016-05-13_2,39,none,,adaptive_mean,docling_easyocr,deepseek,2,0,0,0,2,0.0,0.0,0.0,0,,,,,103.296931363,1
peru21_2016-05-13_2,39,none,,adaptive_mean,docling_rapidocr,deepseek,2,0,0,0,2,0.0,0.0,0.0,0,,,,,50.517200089,1
peru21_2016-05-13_2,39,none,,basic,docling_easyocr,deepseek,2,0,0,0,2,0.0,0.0,0.0,0,,,,,107.227613826,1
peru21_2016-05-13_2,39,none,,basic,docling_rapidocr,deepseek,2,0,0,0,2,0.0,0.0,0.0,0,,,,,61.116586346,1
peru21_2016-05-13_2,39,none,,niblack,docling_easyocr,deepseek,2,0,0,0,2,0.0,0.0,0.0,0,,,,,82.604396699,1
peru21_2016-05-13_2,39,none,,niblack,docling_rapidocr,deepseek,2,0,0,0,2,0.0,0.0,0.0,0,,,,,45.471852896,1
peru21_2016-05-13_2,39,none,,none_color,docling_easyocr,deepseek,2,0,0,0,2,0.0,0.0,0.0,0,,,,,108.232230656,1
peru21_2016-05-13_2,39,none,,none_color,docling_rapidocr,deepseek,2,0,0,0,2,0.0,0.0,0.0,0,,,,,62.093175643,1
peru21_2016-05-13_2,39,none,,none_grayscale,docling_easyocr,deepseek,2,0,0,0,2,0.0,0.0,0.0,0,,,,,110.540361232,1
peru21_2016-05-13_2,39,none,,none_grayscale,docling_rapidocr,deepseek,2,0,0,0,2,0.0,0.0,0.0,0,,,,,61.794311112,1
peru21_2016-05-13_2,39,none,,otsu,docling_easyocr,deepseek,2,0,0,0,2,0.0,0.0,0.0,0,,,,,105.405204745,1
peru21_2016-05-13_2,39,none,,otsu,docling_rapidocr,deepseek,2,0,0,0,2,0.0,0.0,0.0,0,,,,,59.702656718,1
peru21_2016-05-13_2,40,none,,adaptive_gaussian,docling_easyocr,deepseek,2,0,0,0,2,0.0,0.0,0.0,0,,,,,88.117675542,1
peru21_2016-05-13_2,40,none,,adaptive_gaussian,docling_rapidocr,deepseek,2,1,0,1,2,0.0,0.0,0.0,1,1.0,1.0,0.8541247484909457,0.9707602339181286,44.834807395,0
peru21_2016-05-13_2,40,none,,adaptive_mean,docling_easyocr,deepseek,2,0,0,0,2,0.0,0.0,0.0,0,,,,,94.089838452,1
peru21_2016-05-13_2,40,none,,adaptive_mean,docling_rapidocr,deepseek,2,1,0,1,2,0.0,0.0,0.0,1,1.0,1.0,0.8490945674044266,0.9590643274853801,47.602073378,0
peru21_2016-05-13_2,40,none,,basic,docling_easyocr,deepseek,2,1,1,0,1,1.0,0.5,0.666667,1,0.26666666666666666,0.3333333333333333,0.43902439024390244,0.48868778280542985,104.035021771,0
peru21_2016-05-13_2,40,none,,basic,docling_rapidocr,deepseek,2,0,0,0,2,0.0,0.0,0.0,0,,,,,56.58541869,1
peru21_2016-05-13_2,40,none,,niblack,docling_easyocr,deepseek,2,0,0,0,2,0.0,0.0,0.0,0,,,,,83.183695119,1
peru21_2016-05-13_2,40,none,,niblack,docling_rapidocr,deepseek,2,0,0,0,2,0.0,0.0,0.0,0,,,,,43.877807896,1
peru21_2016-05-13_2,40,none,,none_color,docling_easyocr,deepseek,2,0,0,0,2,0.0,0.0,0.0,0,,,,,109.053320252,1
peru21_2016-05-13_2,40,none,,none_color,docling_rapidocr,deepseek,2,0,0,0,2,0.0,0.0,0.0,0,,,,,60.517590367,1
peru21_2016-05-13_2,40,none,,none_grayscale,docling_easyocr,deepseek,2,0,0,0,2,0.0,0.0,0.0,0,,,,,106.394868529,1
peru21_2016-05-13_2,40,none,,none_grayscale,docling_rapidocr,deepseek,2,0,0,0,2,0.0,0.0,0.0,0,,,,,61.552067912,1
peru21_2016-05-13_2,40,none,,otsu,docling_easyocr,deepseek,2,0,0,0,2,0.0,0.0,0.0,0,,,,,106.737860026,1
peru21_2016-05-13_2,40,none,,otsu,docling_rapidocr,deepseek,2,0,0,0,2,0.0,0.0,0.0,0,,,,,58.391506018,1
peru21_2016-05-13_2,41,none,,adaptive_gaussian,docling_easyocr,deepseek,2,0,0,0,2,0.0,0.0,0.0,0,,,,,104.667500451,1
peru21_2016-05-13_2,41,none,,adaptive_gaussian,docling_rapidocr,deepseek,2,0,0,0,2,0.0,0.0,0.0,0,,,,,49.86444278,1
peru21_2016-05-13_2,41,none,,adaptive_mean,docling_easyocr,deepseek,2,0,0,0,2,0.0,0.0,0.0,0,,,,,97.916834569,1
peru21_2016-05-13_2,41,none,,adaptive_mean,docling_rapidocr,deepseek,2,0,0,0,2,0.0,0.0,0.0,0,,,,,47.916211819,1
peru21_2016-05-13_2,41,none,,basic,docling_easyocr,deepseek,2,0,0,0,2,0.0,0.0,0.0,0,,,,,109.418830817,1
peru21_2016-05-13_2,41,none,,basic,docling_rapidocr,deepseek,2,0,0,0,2,0.0,0.0,0.0,0,,,,,61.146593039,1
peru21_2016-05-13_2,41,none,,niblack,docling_easyocr,deepseek,2,0,0,0,2,0.0,0.0,0.0,0,,,,,81.476318087,1
peru21_2016-05-13_2,41,none,,niblack,docling_rapidocr,deepseek,2,0,0,0,2,0.0,0.0,0.0,0,,,,,43.853163447,1
peru21_2016-05-13_2,41,none,,none_color,docling_easyocr,deepseek,2,1,0,1,2,0.0,0.0,0.0,1,1.24,1.25,0.795774647887324,0.9298245614035088,109.404448382,0
peru21_2016-05-13_2,41,none,,none_color,docling_rapidocr,deepseek,2,0,0,0,2,0.0,0.0,0.0,0,,,,,61.216052167,1
peru21_2016-05-13_2,41,none,,none_grayscale,docling_easyocr,deepseek,2,1,0,1,2,0.0,0.0,0.0,1,1.24,1.25,0.795774647887324,0.9298245614035088,109.630574576,0
peru21_2016-05-13_2,41,none,,none_grayscale,docling_rapidocr,deepseek,2,0,0,0,2,0.0,0.0,0.0,0,,,,,60.637715689,1
peru21_2016-05-13_2,41,none,,otsu,docling_easyocr,deepseek,2,0,0,0,2,0.0,0.0,0.0,0,,,,,106.760551709,1
peru21_2016-05-13_2,41,none,,otsu,docling_rapidocr,deepseek,2,0,0,0,2,0.0,0.0,0.0,0,,,,,60.302941817,1
peru21_2016-05-13_2,42,none,,adaptive_gaussian,docling_easyocr,deepseek,2,0,0,0,2,0.0,0.0,0.0,0,,,,,53.628536137,1
peru21_2016-05-13_2,42,none,,adaptive_gaussian,docling_rapidocr,deepseek,2,0,0,0,2,0.0,0.0,0.0,0,,,,,8.352686795,1
peru21_2016-05-13_2,42,none,,adaptive_mean,docling_easyocr,deepseek,2,0,0,0,2,0.0,0.0,0.0,0,,,,,57.030657702,1
peru21_2016-05-13_2,42,none,,adaptive_mean,docling_rapidocr,deepseek,2,0,0,0,2,0.0,0.0,0.0,0,,,,,8.205847197,1
peru21_2016-05-13_2,42,none,,basic,docling_easyocr,deepseek,2,0,0,0,2,0.0,0.0,0.0,0,,,,,70.593385911,1
peru21_2016-05-13_2,42,none,,basic,docling_rapidocr,deepseek,2,0,0,0,2,0.0,0.0,0.0,0,,,,,21.226617312,1
peru21_2016-05-13_2,42,none,,niblack,docling_easyocr,deepseek,2,0,0,0,2,0.0,0.0,0.0,0,,,,,45.361293748,1
peru21_2016-05-13_2,42,none,,niblack,docling_rapidocr,deepseek,2,0,0,0,2,0.0,0.0,0.0,0,,,,,9.127744391,1
peru21_2016-05-13_2,42,none,,none_color,docling_easyocr,deepseek,2,0,0,0,2,0.0,0.0,0.0,0,,,,,74.667882274,1
peru21_2016-05-13_2,42,none,,none_color,docling_rapidocr,deepseek,2,0,0,0,2,0.0,0.0,0.0,0,,,,,25.772973607,1
peru21_2016-05-13_2,42,none,,none_grayscale,docling_easyocr,deepseek,2,0,0,0,2,0.0,0.0,0.0,0,,,,,74.440381431,1
peru21_2016-05-13_2,42,none,,none_grayscale,docling_rapidocr,deepseek,2,0,0,0,2,0.0,0.0,0.0,0,,,,,25.800443791,1
peru21_2016-05-13_2,42,none,,otsu,docling_easyocr,deepseek,2,0,0,0,2,0.0,0.0,0.0,0,,,,,76.856557179,1
peru21_2016-05-13_2,42,none,,otsu,docling_rapidocr,deepseek,2,0,0,0,2,0.0,0.0,0.0,0,,,,,23.138730575,1
peru21_2016-05-13_2,43,none,,adaptive_gaussian,docling_easyocr,deepseek,2,0,0,0,2,0.0,0.0,0.0,0,,,,,53.882775634,1
peru21_2016-05-13_2,43,none,,adaptive_gaussian,docling_rapidocr,deepseek,2,0,0,0,2,0.0,0.0,0.0,0,,,,,8.274129956,1
peru21_2016-05-13_2,43,none,,adaptive_mean,docling_easyocr,deepseek,2,0,0,0,2,0.0,0.0,0.0,0,,,,,55.220917811,1
peru21_2016-05-13_2,43,none,,adaptive_mean,docling_rapidocr,deepseek,2,0,0,0,2,0.0,0.0,0.0,0,,,,,8.364689698,1
peru21_2016-05-13_2,43,none,,basic,docling_easyocr,deepseek,2,0,0,0,2,0.0,0.0,0.0,0,,,,,59.518428405,1
peru21_2016-05-13_2,43,none,,basic,docling_rapidocr,deepseek,2,0,0,0,2,0.0,0.0,0.0,0,,,,,8.899242242,1
peru21_2016-05-13_2,43,none,,niblack,docling_easyocr,deepseek,2,0,0,0,2,0.0,0.0,0.0,0,,,,,45.857777104,1
peru21_2016-05-13_2,43,none,,niblack,docling_rapidocr,deepseek,2,0,0,0,2,0.0,0.0,0.0,0,,,,,9.343525872,1
peru21_2016-05-13_2,43,none,,none_color,docling_easyocr,deepseek,2,0,0,0,2,0.0,0.0,0.0,0,,,,,75.859531814,1
peru21_2016-05-13_2,43,none,,none_color,docling_rapidocr,deepseek,2,0,0,0,2,0.0,0.0,0.0,0,,,,,24.763589793,1
peru21_2016-05-13_2,43,none,,none_grayscale,docling_easyocr,deepseek,2,0,0,0,2,0.0,0.0,0.0,0,,,,,74.738753564,1
peru21_2016-05-13_2,43,none,,none_grayscale,docling_rapidocr,deepseek,2,0,0,0,2,0.0,0.0,0.0,0,,,,,24.524364955,1
peru21_2016-05-13_2,43,none,,otsu,docling_easyocr,deepseek,2,0,0,0,2,0.0,0.0,0.0,0,,,,,63.534104022,1
peru21_2016-05-13_2,43,none,,otsu,docling_rapidocr,deepseek,2,0,0,0,2,0.0,0.0,0.0,0,,,,,8.906554135,1
peru21_2016-05-13_2,44,none,,adaptive_gaussian,docling_easyocr,deepseek,2,0,0,0,2,0.0,0.0,0.0,0,,,,,55.395664708,1
peru21_2016-05-13_2,44,none,,adaptive_gaussian,docling_rapidocr,deepseek,2,0,0,0,2,0.0,0.0,0.0,0,,,,,8.096774594,1
peru21_2016-05-13_2,44,none,,adaptive_mean,docling_easyocr,deepseek,2,0,0,0,2,0.0,0.0,0.0,0,,,,,57.162138976,1
peru21_2016-05-13_2,44,none,,adaptive_mean,docling_rapidocr,deepseek,2,0,0,0,2,0.0,0.0,0.0,0,,,,,8.197310008,1
peru21_2016-05-13_2,44,none,,basic,docling_easyocr,deepseek,2,0,0,0,2,0.0,0.0,0.0,0,,,,,66.544859488,1
peru21_2016-05-13_2,44,none,,basic,docling_rapidocr,deepseek,2,1,0,1,2,0.0,0.0,0.0,1,1.0166666666666666,1.3333333333333333,0.5043273013375295,0.7104072398190046,20.172221501,0
peru21_2016-05-13_2,44,none,,niblack,docling_easyocr,deepseek,2,0,0,0,2,0.0,0.0,0.0,0,,,,,46.445696816,1
peru21_2016-05-13_2,44,none,,niblack,docling_rapidocr,deepseek,2,0,0,0,2,0.0,0.0,0.0,0,,,,,9.043248639,1
peru21_2016-05-13_2,44,none,,none_color,docling_easyocr,deepseek,2,0,0,0,2,0.0,0.0,0.0,0,,,,,78.001864201,1
peru21_2016-05-13_2,44,none,,none_color,docling_rapidocr,deepseek,2,0,0,0,2,0.0,0.0,0.0,0,,,,,25.758055455,1
peru21_2016-05-13_2,44,none,,none_grayscale,docling_easyocr,deepseek,2,0,0,0,2,0.0,0.0,0.0,0,,,,,75.416791922,1
peru21_2016-05-13_2,44,none,,none_grayscale,docling_rapidocr,deepseek,2,0,0,0,2,0.0,0.0,0.0,0,,,,,24.848458774,1
peru21_2016-05-13_2,44,none,,otsu,docling_easyocr,deepseek,2,0,0,0,2,0.0,0.0,0.0,0,,,,,76.379628095,1
peru21_2016-05-13_2,44,none,,otsu,docling_rapidocr,deepseek,2,1,0,1,2,0.0,0.0,0.0,1,1.0,1.0,0.8350100603621731,0.9649122807017544,24.249960336,0
peru21_2016-05-13_2,45,none,,adaptive_gaussian,docling_easyocr,deepseek,2,0,0,0,2,0.0,0.0,0.0,0,,,,,46.373515401,1
peru21_2016-05-13_2,45,none,,adaptive_gaussian,docling_rapidocr,deepseek,2,0,0,0,2,0.0,0.0,0.0,0,,,,,9.146342788,1
peru21_2016-05-13_2,45,none,,adaptive_mean,docling_easyocr,deepseek,2,0,0,0,2,0.0,0.0,0.0,0,,,,,46.99095295,1
peru21_2016-05-13_2,45,none,,adaptive_mean,docling_rapidocr,deepseek,2,0,0,0,2,0.0,0.0,0.0,0,,,,,9.255434972,1
peru21_2016-05-13_2,45,none,,basic,docling_easyocr,deepseek,2,0,0,0,2,0.0,0.0,0.0,0,,,,,46.639790082,1
peru21_2016-05-13_2,45,none,,basic,docling_rapidocr,deepseek,2,0,0,0,2,0.0,0.0,0.0,0,,,,,8.193261409,1
peru21_2016-05-13_2,45,none,,niblack,docling_easyocr,deepseek,2,0,0,0,2,0.0,0.0,0.0,0,,,,,48.168931891,1
peru21_2016-05-13_2,45,none,,none_color,docling_easyocr,deepseek,2,0,0,0,2,0.0,0.0,0.0,0,,,,,46.244342755,1
peru21_2016-05-13_2,45,none,,none_grayscale,docling_easyocr,deepseek,2,0,0,0,2,0.0,0.0,0.0,0,,,,,47.916411828,1
peru21_2016-05-13_2,45,none,,otsu,docling_easyocr,deepseek,2,0,0,0,2,0.0,0.0,0.0,0,,,,,46.868945218,1
peru21_2016-05-13_2,45,none,,otsu,docling_rapidocr,deepseek,2,0,0,0,2,0.0,0.0,0.0,0,,,,,8.219273187,1
peru21_2016-05-13_2,45,none,,yannihorne,docling_easyocr,deepseek,2,0,0,0,2,0.0,0.0,0.0,0,,,,,44.567822314,1
peru21_2016-05-13_2,45,none,,yannihorne,docling_rapidocr,deepseek,2,0,0,0,2,0.0,0.0,0.0,0,,,,,8.389242268,1
peru21_2016-05-13_2,46,none,,adaptive_gaussian,docling_easyocr,deepseek,2,0,0,0,2,0.0,0.0,0.0,0,,,,,46.490872628,1
peru21_2016-05-13_2,46,none,,adaptive_gaussian,docling_rapidocr,deepseek,2,0,0,0,2,0.0,0.0,0.0,0,,,,,8.410601622,1
peru21_2016-05-13_2,46,none,,adaptive_mean,docling_easyocr,deepseek,2,0,0,0,2,0.0,0.0,0.0,0,,,,,47.322880223,1
peru21_2016-05-13_2,46,none,,adaptive_mean,docling_rapidocr,deepseek,2,0,0,0,2,0.0,0.0,0.0,0,,,,,8.552187636,1
peru21_2016-05-13_2,46,none,,basic,docling_easyocr,deepseek,2,0,0,0,2,0.0,0.0,0.0,0,,,,,45.030951424,1
peru21_2016-05-13_2,46,none,,basic,docling_rapidocr,deepseek,2,0,0,0,2,0.0,0.0,0.0,0,,,,,8.612565919,1
peru21_2016-05-13_2,46,none,,niblack,docling_easyocr,deepseek,2,0,0,0,2,0.0,0.0,0.0,0,,,,,48.127584309,1
peru21_2016-05-13_2,46,none,,none_color,docling_easyocr,deepseek,2,0,0,0,2,0.0,0.0,0.0,0,,,,,48.56608574,1
peru21_2016-05-13_2,46,none,,none_grayscale,docling_easyocr,deepseek,2,0,0,0,2,0.0,0.0,0.0,0,,,,,48.711562724,1
peru21_2016-05-13_2,46,none,,otsu,docling_easyocr,deepseek,2,0,0,0,2,0.0,0.0,0.0,0,,,,,45.215800044,1
peru21_2016-05-13_2,46,none,,otsu,docling_rapidocr,deepseek,2,0,0,0,2,0.0,0.0,0.0,0,,,,,8.507238623,1
peru21_2016-05-13_2,46,none,,yannihorne,docling_easyocr,deepseek,2,0,0,0,2,0.0,0.0,0.0,0,,,,,45.24005365,1
peru21_2016-05-13_2,46,none,,yannihorne,docling_rapidocr,deepseek,2,0,0,0,2,0.0,0.0,0.0,0,,,,,8.45382404,1
peru21_2016-05-13_2,47,none,,adaptive_mean,docling_easyocr,deepseek,2,0,0,0,2,0.0,0.0,0.0,0,,,,,45.419073277,1
peru21_2016-05-13_2,47,none,,adaptive_mean,docling_rapidocr,deepseek,2,0,0,0,2,0.0,0.0,0.0,0,,,,,9.419081383,1
peru21_2016-05-13_2,47,none,,basic,docling_easyocr,deepseek,2,0,0,0,2,0.0,0.0,0.0,0,,,,,45.374467349,1
peru21_2016-05-13_2,47,none,,basic,docling_rapidocr,deepseek,2,0,0,0,2,0.0,0.0,0.0,0,,,,,8.1071069,1
peru21_2016-05-13_2,47,none,,niblack,docling_easyocr,deepseek,2,0,0,0,2,0.0,0.0,0.0,0,,,,,47.957958487,1
peru21_2016-05-13_2,47,none,,none_color,docling_easyocr,deepseek,2,0,0,0,2,0.0,0.0,0.0,0,,,,,48.744722508,1
peru21_2016-05-13_2,47,none,,none_grayscale,docling_easyocr,deepseek,2,0,0,0,2,0.0,0.0,0.0,0,,,,,48.771261595,1
peru21_2016-05-13_2,47,none,,otsu,docling_easyocr,deepseek,2,0,0,0,2,0.0,0.0,0.0,0,,,,,47.142707158,1
peru21_2016-05-13_2,47,none,,otsu,docling_rapidocr,deepseek,2,0,0,0,2,0.0,0.0,0.0,0,,,,,8.53471284,1
peru21_2016-05-13_2,47,none,,yannihorne,docling_easyocr,deepseek,2,0,0,0,2,0.0,0.0,0.0,0,,,,,45.648556519,1
peru21_2016-05-13_2,47,none,,yannihorne,docling_rapidocr,deepseek,2,0,0,0,2,0.0,0.0,0.0,0,,,,,8.320041228,1
peru21_2016-05-13_2,48,none,,adaptive_gaussian,docling_easyocr,deepseek,2,0,0,0,2,0.0,0.0,0.0,0,,,,,161.642868956,1
peru21_2016-05-13_2,48,none,,adaptive_gaussian,docling_rapidocr,deepseek,2,1,0,1,2,0.0,0.0,0.0,1,1.0,1.0,0.8480885311871227,0.9590643274853801,112.121264418,0
peru21_2016-05-13_2,48,none,,adaptive_mean,docling_easyocr,deepseek,2,0,0,0,2,0.0,0.0,0.0,0,,,,,158.265755013,1
peru21_2016-05-13_2,48,none,,adaptive_mean,docling_rapidocr,deepseek,2,3,0,3,2,0.0,0.0,0.0,2,0.028333333333333335,0.3611111111111111,0.9830972459461726,1.0,110.664884642,0
peru21_2016-05-13_2,48,none,,basic,docling_easyocr,deepseek,2,0,0,0,2,0.0,0.0,0.0,0,,,,,176.325007556,1
peru21_2016-05-13_2,48,none,,basic,docling_rapidocr,deepseek,2,1,0,1,2,0.0,0.0,0.0,1,1.24,1.25,0.795774647887324,0.9298245614035088,124.608621714,0
peru21_2016-05-13_2,48,none,,niblack,docling_easyocr,deepseek,2,0,0,0,2,0.0,0.0,0.0,0,,,,,148.616477772,1
peru21_2016-05-13_2,48,none,,niblack,docling_rapidocr,deepseek,2,0,0,0,2,0.0,0.0,0.0,0,,,,,108.339681431,1
peru21_2016-05-13_2,48,none,,none_color,docling_easyocr,deepseek,2,1,0,1,2,0.0,0.0,0.0,1,1.0,1.0,0.7344064386317908,1.152046783625731,170.762620566,0
peru21_2016-05-13_2,48,none,,none_color,docling_rapidocr,deepseek,2,0,0,0,2,0.0,0.0,0.0,0,,,,,120.497326968,1
peru21_2016-05-13_2,48,none,,none_grayscale,docling_easyocr,deepseek,2,0,0,0,2,0.0,0.0,0.0,0,,,,,171.050107285,1
peru21_2016-05-13_2,48,none,,none_grayscale,docling_rapidocr,deepseek,2,0,0,0,2,0.0,0.0,0.0,0,,,,,120.86805968,1
peru21_2016-05-13_2,48,none,,otsu,docling_easyocr,deepseek,2,0,0,0,2,0.0,0.0,0.0,0,,,,,180.878463935,1
peru21_2016-05-13_2,48,none,,otsu,docling_rapidocr,deepseek,2,0,0,0,2,0.0,0.0,0.0,0,,,,,124.439199637,1
peru21_2016-05-13_2,49,none,,adaptive_gaussian,docling_easyocr,deepseek,2,0,0,0,2,0.0,0.0,0.0,0,,,,,158.982384041,1
peru21_2016-05-13_2,49,none,,adaptive_gaussian,docling_rapidocr,deepseek,2,4,0,4,2,0.0,0.0,0.0,2,0.045,0.3055555555555556,0.9828134819934555,1.0,110.909043149,0
peru21_2016-05-13_2,49,none,,adaptive_mean,docling_easyocr,deepseek,2,0,0,0,2,0.0,0.0,0.0,0,,,,,160.702619649,1
peru21_2016-05-13_2,49,none,,adaptive_mean,docling_rapidocr,deepseek,2,0,0,0,2,0.0,0.0,0.0,0,,,,,111.445977307,1
peru21_2016-05-13_2,49,none,,basic,docling_easyocr,deepseek,2,0,0,0,2,0.0,0.0,0.0,0,,,,,177.461061543,1
peru21_2016-05-13_2,49,none,,basic,docling_rapidocr,deepseek,2,0,0,0,2,0.0,0.0,0.0,0,,,,,125.452513999,1
peru21_2016-05-13_2,49,none,,niblack,docling_easyocr,deepseek,2,0,0,0,2,0.0,0.0,0.0,0,,,,,148.472151822,1
peru21_2016-05-13_2,49,none,,niblack,docling_rapidocr,deepseek,2,0,0,0,2,0.0,0.0,0.0,0,,,,,108.858430213,1
peru21_2016-05-13_2,49,none,,none_color,docling_easyocr,deepseek,2,0,0,0,2,0.0,0.0,0.0,0,,,,,172.177313798,1
peru21_2016-05-13_2,49,none,,none_color,docling_rapidocr,deepseek,2,0,0,0,2,0.0,0.0,0.0,0,,,,,123.891368382,1
peru21_2016-05-13_2,49,none,,none_grayscale,docling_easyocr,deepseek,2,0,0,0,2,0.0,0.0,0.0,0,,,,,175.766223662,1
peru21_2016-05-13_2,49,none,,none_grayscale,docling_rapidocr,deepseek,2,0,0,0,2,0.0,0.0,0.0,0,,,,,123.73473572,1
peru21_2016-05-13_2,49,none,,otsu,docling_easyocr,deepseek,2,1,0,1,2,0.0,0.0,0.0,1,1.0,1.0,0.7967806841046278,0.9707602339181286,177.526935954,0
peru21_2016-05-13_2,49,none,,otsu,docling_rapidocr,deepseek,2,0,0,0,2,0.0,0.0,0.0,0,,,,,126.255602021,1
peru21_2016-05-13_2,50,none,,adaptive_gaussian,docling_easyocr,deepseek,2,1,0,1,2,0.0,0.0,0.0,0,,,,,163.856360735,0
peru21_2016-05-13_2,50,none,,adaptive_gaussian,docling_rapidocr,deepseek,2,3,0,3,2,0.0,0.0,0.0,2,0.02,0.125,0.9951890730694157,1.0,112.736583056,0
peru21_2016-05-13_2,50,none,,adaptive_mean,docling_easyocr,deepseek,2,0,0,0,2,0.0,0.0,0.0,0,,,,,158.647941288,1
peru21_2016-05-13_2,50,none,,adaptive_mean,docling_rapidocr,deepseek,2,3,0,3,2,0.0,0.0,0.0,2,0.028333333333333335,0.3611111111111111,0.9639307125205996,0.9864253393665159,112.235579666,0
peru21_2016-05-13_2,50,none,,basic,docling_easyocr,deepseek,2,1,0,1,2,0.0,0.0,0.0,1,0.0,0.0,0.9748490945674044,0.9883040935672515,176.546051243,0
peru21_2016-05-13_2,50,none,,basic,docling_rapidocr,deepseek,2,0,0,0,2,0.0,0.0,0.0,0,,,,,126.000631312,1
peru21_2016-05-13_2,50,none,,niblack,docling_easyocr,deepseek,2,0,0,0,2,0.0,0.0,0.0,0,,,,,150.547851282,1
peru21_2016-05-13_2,50,none,,niblack,docling_rapidocr,deepseek,2,0,0,0,2,0.0,0.0,0.0,0,,,,,109.331362683,1
peru21_2016-05-13_2,50,none,,none_color,docling_easyocr,deepseek,2,1,0,1,2,0.0,0.0,0.0,1,1.0,1.0,0.8853118712273642,0.9649122807017544,174.535248186,0
peru21_2016-05-13_2,50,none,,none_color,docling_rapidocr,deepseek,2,0,0,0,2,0.0,0.0,0.0,0,,,,,121.182094242,1
peru21_2016-05-13_2,50,none,,none_grayscale,docling_easyocr,deepseek,2,1,0,1,2,0.0,0.0,0.0,1,1.0,1.0,0.8853118712273642,0.9649122807017544,171.520111229,0
peru21_2016-05-13_2,50,none,,none_grayscale,docling_rapidocr,deepseek,2,0,0,0,2,0.0,0.0,0.0,0,,,,,121.567352679,1
peru21_2016-05-13_2,50,none,,otsu,docling_easyocr,deepseek,2,0,0,0,2,0.0,0.0,0.0,0,,,,,178.232195429,1
peru21_2016-05-13_2,50,none,,otsu,docling_rapidocr,deepseek,2,0,0,0,2,0.0,0.0,0.0,0,,,,,125.501219324,1
peru21_2016-05-13_2,51,none,,adaptive_gaussian,docling_easyocr,deepseek,2,0,0,0,2,0.0,0.0,0.0,0,,,,,56.497986008,1
peru21_2016-05-13_2,51,none,,adaptive_gaussian,docling_rapidocr,deepseek,2,0,0,0,2,0.0,0.0,0.0,0,,,,,9.267619539,1
peru21_2016-05-13_2,51,none,,adaptive_mean,docling_easyocr,deepseek,2,0,0,0,2,0.0,0.0,0.0,0,,,,,62.425850125,1
peru21_2016-05-13_2,51,none,,adaptive_mean,docling_rapidocr,deepseek,2,1,0,1,2,0.0,0.0,0.0,1,1.0,1.0,0.852112676056338,0.9590643274853801,13.509540291,0
peru21_2016-05-13_2,51,none,,basic,docling_easyocr,deepseek,2,0,0,0,2,0.0,0.0,0.0,0,,,,,73.218036261,1
peru21_2016-05-13_2,51,none,,basic,docling_rapidocr,deepseek,2,0,0,0,2,0.0,0.0,0.0,0,,,,,23.515358773,1
peru21_2016-05-13_2,51,none,,niblack,docling_easyocr,deepseek,2,0,0,0,2,0.0,0.0,0.0,0,,,,,48.58931295,1
peru21_2016-05-13_2,51,none,,niblack,docling_rapidocr,deepseek,2,0,0,0,2,0.0,0.0,0.0,0,,,,,9.009577433,1
peru21_2016-05-13_2,51,none,,none_color,docling_easyocr,deepseek,2,0,0,0,2,0.0,0.0,0.0,0,,,,,73.324134768,1
peru21_2016-05-13_2,51,none,,none_color,docling_rapidocr,deepseek,2,0,0,0,2,0.0,0.0,0.0,0,,,,,24.00054735,1
peru21_2016-05-13_2,51,none,,none_grayscale,docling_easyocr,deepseek,2,1,0,1,2,0.0,0.0,0.0,1,1.24,1.25,0.795774647887324,0.9298245614035088,71.842457546,0
peru21_2016-05-13_2,51,none,,none_grayscale,docling_rapidocr,deepseek,2,0,0,0,2,0.0,0.0,0.0,0,,,,,24.922639384,1
peru21_2016-05-13_2,51,none,,otsu,docling_easyocr,deepseek,2,0,0,0,2,0.0,0.0,0.0,0,,,,,73.717649857,1
peru21_2016-05-13_2,51,none,,otsu,docling_rapidocr,deepseek,2,0,0,0,2,0.0,0.0,0.0,0,,,,,22.020944515,1
peru21_2016-05-13_2,52,none,,adaptive_gaussian,docling_easyocr,deepseek,2,0,0,0,2,0.0,0.0,0.0,0,,,,,58.321632574,1
peru21_2016-05-13_2,52,none,,adaptive_gaussian,docling_rapidocr,deepseek,2,0,0,0,2,0.0,0.0,0.0,0,,,,,10.555120419,1
peru21_2016-05-13_2,52,none,,adaptive_mean,docling_easyocr,deepseek,2,0,0,0,2,0.0,0.0,0.0,0,,,,,58.003938097,1
peru21_2016-05-13_2,52,none,,adaptive_mean,docling_rapidocr,deepseek,2,0,0,0,2,0.0,0.0,0.0,0,,,,,11.097537894,1
peru21_2016-05-13_2,52,none,,basic,docling_easyocr,deepseek,2,0,0,0,2,0.0,0.0,0.0,0,,,,,66.660921038,1
peru21_2016-05-13_2,52,none,,basic,docling_rapidocr,deepseek,2,1,0,1,2,0.0,0.0,0.0,1,1.0,1.0,0.8621730382293763,0.9590643274853801,13.273002804,0
peru21_2016-05-13_2,52,none,,niblack,docling_easyocr,deepseek,2,0,0,0,2,0.0,0.0,0.0,0,,,,,48.588622439,1
peru21_2016-05-13_2,52,none,,niblack,docling_rapidocr,deepseek,2,0,0,0,2,0.0,0.0,0.0,0,,,,,8.844695914,1
peru21_2016-05-13_2,52,none,,none_color,docling_easyocr,deepseek,2,0,0,0,2,0.0,0.0,0.0,0,,,,,76.550230776,1
peru21_2016-05-13_2,52,none,,none_color,docling_rapidocr,deepseek,2,0,0,0,2,0.0,0.0,0.0,0,,,,,24.923197066,1
peru21_2016-05-13_2,52,none,,none_grayscale,docling_easyocr,deepseek,2,0,0,0,2,0.0,0.0,0.0,0,,,,,73.721413004,1
peru21_2016-05-13_2,52,none,,none_grayscale,docling_rapidocr,deepseek,2,0,0,0,2,0.0,0.0,0.0,0,,,,,24.665811646,1
peru21_2016-05-13_2,52,none,,otsu,docling_easyocr,deepseek,2,0,0,0,2,0.0,0.0,0.0,0,,,,,70.085635199,1
peru21_2016-05-13_2,52,none,,otsu,docling_rapidocr,deepseek,2,0,0,0,2,0.0,0.0,0.0,0,,,,,17.747591032,1
peru21_2016-05-13_2,53,none,,adaptive_gaussian,docling_easyocr,deepseek,2,0,0,0,2,0.0,0.0,0.0,0,,,,,58.584933159,1
peru21_2016-05-13_2,53,none,,adaptive_gaussian,docling_rapidocr,deepseek,2,0,0,0,2,0.0,0.0,0.0,0,,,,,10.103669522,1
peru21_2016-05-13_2,53,none,,adaptive_mean,docling_easyocr,deepseek,2,0,0,0,2,0.0,0.0,0.0,0,,,,,58.575486082,1
peru21_2016-05-13_2,53,none,,adaptive_mean,docling_rapidocr,deepseek,2,0,0,0,2,0.0,0.0,0.0,0,,,,,12.519146342,1
peru21_2016-05-13_2,53,none,,basic,docling_easyocr,deepseek,2,0,0,0,2,0.0,0.0,0.0,0,,,,,73.026089298,1
peru21_2016-05-13_2,53,none,,basic,docling_rapidocr,deepseek,2,0,0,0,2,0.0,0.0,0.0,0,,,,,23.035732376,1
peru21_2016-05-13_2,53,none,,niblack,docling_easyocr,deepseek,2,0,0,0,2,0.0,0.0,0.0,0,,,,,48.344973267,1
peru21_2016-05-13_2,53,none,,niblack,docling_rapidocr,deepseek,2,0,0,0,2,0.0,0.0,0.0,0,,,,,8.46544093,1
peru21_2016-05-13_2,53,none,,none_color,docling_easyocr,deepseek,2,0,0,0,2,0.0,0.0,0.0,0,,,,,73.52081238,1
peru21_2016-05-13_2,53,none,,none_color,docling_rapidocr,deepseek,2,0,0,0,2,0.0,0.0,0.0,0,,,,,26.227925408,1
peru21_2016-05-13_2,53,none,,none_grayscale,docling_easyocr,deepseek,2,0,0,0,2,0.0,0.0,0.0,0,,,,,71.930929053,1
peru21_2016-05-13_2,53,none,,none_grayscale,docling_rapidocr,deepseek,2,0,0,0,2,0.0,0.0,0.0,0,,,,,24.938615191,1
peru21_2016-05-13_2,53,none,,otsu,docling_easyocr,deepseek,2,0,0,0,2,0.0,0.0,0.0,0,,,,,73.716633738,1
peru21_2016-05-13_2,53,none,,otsu,docling_rapidocr,deepseek,2,0,0,0,2,0.0,0.0,0.0,0,,,,,25.50429982,1
peru21_2017-05-20_1,0,none,,adaptive_gaussian,docling_easyocr,deepseek,5,0,0,0,5,0.0,0.0,0.0,0,,,,,51.117511702,1
peru21_2017-05-20_1,0,none,,adaptive_gaussian,docling_rapidocr,deepseek,5,0,0,0,5,0.0,0.0,0.0,0,,,,,9.773718548,1
peru21_2017-05-20_1,0,none,,adaptive_mean,docling_easyocr,deepseek,5,0,0,0,5,0.0,0.0,0.0,0,,,,,49.465859148,1
peru21_2017-05-20_1,0,none,,adaptive_mean,docling_rapidocr,deepseek,5,0,0,0,5,0.0,0.0,0.0,0,,,,,9.806292984,1
peru21_2017-05-20_1,0,none,,basic,docling_easyocr,deepseek,5,0,0,0,5,0.0,0.0,0.0,0,,,,,49.941847983,1
peru21_2017-05-20_1,0,none,,basic,docling_rapidocr,deepseek,5,0,0,0,5,0.0,0.0,0.0,0,,,,,9.925632658,1
peru21_2017-05-20_1,0,none,,niblack,docling_easyocr,deepseek,5,0,0,0,5,0.0,0.0,0.0,0,,,,,48.960733305,1
peru21_2017-05-20_1,0,none,,niblack,docling_rapidocr,deepseek,5,0,0,0,5,0.0,0.0,0.0,0,,,,,9.337854515,1
peru21_2017-05-20_1,0,none,,none_color,docling_easyocr,deepseek,5,1,0,1,5,0.0,0.0,0.0,0,,,,,53.090062489,0
peru21_2017-05-20_1,0,none,,none_color,docling_rapidocr,deepseek,5,0,0,0,5,0.0,0.0,0.0,0,,,,,10.093642105,1
peru21_2017-05-20_1,0,none,,none_grayscale,docling_easyocr,deepseek,5,0,0,0,5,0.0,0.0,0.0,0,,,,,53.075605812,1
peru21_2017-05-20_1,0,none,,none_grayscale,docling_rapidocr,deepseek,5,0,0,0,5,0.0,0.0,0.0,0,,,,,10.262678805,1
peru21_2017-05-20_1,0,none,,otsu,docling_easyocr,deepseek,5,0,0,0,5,0.0,0.0,0.0,0,,,,,51.997679083,1
peru21_2017-05-20_1,0,none,,otsu,docling_rapidocr,deepseek,5,0,0,0,5,0.0,0.0,0.0,0,,,,,10.31651911,1
peru21_2017-05-20_1,0,none,,yannihorne,docling_easyocr,deepseek,5,0,0,0,5,0.0,0.0,0.0,0,,,,,46.928413718,1
peru21_2017-05-20_1,0,none,,yannihorne,docling_rapidocr,deepseek,5,0,0,0,5,0.0,0.0,0.0,0,,,,,8.985274641,1
peru21_2017-05-20_1,1,none,,adaptive_gaussian,docling_easyocr,deepseek,5,0,0,0,5,0.0,0.0,0.0,0,,,,,52.460662037,1
peru21_2017-05-20_1,1,none,,adaptive_gaussian,docling_rapidocr,deepseek,5,0,0,0,5,0.0,0.0,0.0,0,,,,,9.882163912,1
peru21_2017-05-20_1,1,none,,adaptive_mean,docling_easyocr,deepseek,5,0,0,0,5,0.0,0.0,0.0,0,,,,,52.737605597,1
peru21_2017-05-20_1,1,none,,adaptive_mean,docling_rapidocr,deepseek,5,0,0,0,5,0.0,0.0,0.0,0,,,,,10.217830683,1
peru21_2017-05-20_1,1,none,,basic,docling_easyocr,deepseek,5,0,0,0,5,0.0,0.0,0.0,0,,,,,51.906503268,1
peru21_2017-05-20_1,1,none,,basic,docling_rapidocr,deepseek,5,0,0,0,5,0.0,0.0,0.0,0,,,,,10.557773419,1
peru21_2017-05-20_1,1,none,,niblack,docling_easyocr,deepseek,5,0,0,0,5,0.0,0.0,0.0,0,,,,,48.047755257,1
peru21_2017-05-20_1,1,none,,niblack,docling_rapidocr,deepseek,5,0,0,0,5,0.0,0.0,0.0,0,,,,,8.778083817,1
peru21_2017-05-20_1,1,none,,none_color,docling_easyocr,deepseek,5,0,0,0,5,0.0,0.0,0.0,0,,,,,51.080789799,1
peru21_2017-05-20_1,1,none,,none_color,docling_rapidocr,deepseek,5,0,0,0,5,0.0,0.0,0.0,0,,,,,10.42036652,1
peru21_2017-05-20_1,1,none,,none_grayscale,docling_easyocr,deepseek,5,0,0,0,5,0.0,0.0,0.0,0,,,,,51.043264218,1
peru21_2017-05-20_1,1,none,,none_grayscale,docling_rapidocr,deepseek,5,0,0,0,5,0.0,0.0,0.0,0,,,,,10.21980793,1
peru21_2017-05-20_1,1,none,,otsu,docling_easyocr,deepseek,5,0,0,0,5,0.0,0.0,0.0,0,,,,,52.014252159,1
peru21_2017-05-20_1,1,none,,otsu,docling_rapidocr,deepseek,5,0,0,0,5,0.0,0.0,0.0,0,,,,,10.411798212,1
peru21_2017-05-20_1,1,none,,yannihorne,docling_easyocr,deepseek,5,0,0,0,5,0.0,0.0,0.0,0,,,,,46.464696381,1
peru21_2017-05-20_1,1,none,,yannihorne,docling_rapidocr,deepseek,5,0,0,0,5,0.0,0.0,0.0,0,,,,,8.618504259,1
peru21_2017-05-20_1,2,none,,adaptive_gaussian,docling_easyocr,deepseek,5,0,0,0,5,0.0,0.0,0.0,0,,,,,52.411158162,1
peru21_2017-05-20_1,2,none,,adaptive_gaussian,docling_rapidocr,deepseek,5,0,0,0,5,0.0,0.0,0.0,0,,,,,10.408741074,1
peru21_2017-05-20_1,2,none,,adaptive_mean,docling_easyocr,deepseek,5,0,0,0,5,0.0,0.0,0.0,0,,,,,51.862516501,1
peru21_2017-05-20_1,2,none,,adaptive_mean,docling_rapidocr,deepseek,5,0,0,0,5,0.0,0.0,0.0,0,,,,,10.019822934,1
peru21_2017-05-20_1,2,none,,basic,docling_easyocr,deepseek,5,0,0,0,5,0.0,0.0,0.0,0,,,,,49.797872683,1
peru21_2017-05-20_1,2,none,,basic,docling_rapidocr,deepseek,5,0,0,0,5,0.0,0.0,0.0,0,,,,,10.344735047,1
peru21_2017-05-20_1,2,none,,niblack,docling_easyocr,deepseek,5,0,0,0,5,0.0,0.0,0.0,0,,,,,50.635090273,1
peru21_2017-05-20_1,2,none,,niblack,docling_rapidocr,deepseek,5,0,0,0,5,0.0,0.0,0.0,0,,,,,9.05502097,1
peru21_2017-05-20_1,2,none,,none_color,docling_easyocr,deepseek,5,0,0,0,5,0.0,0.0,0.0,0,,,,,53.360890694,1
peru21_2017-05-20_1,2,none,,none_color,docling_rapidocr,deepseek,5,0,0,0,5,0.0,0.0,0.0,0,,,,,10.275088377,1
peru21_2017-05-20_1,2,none,,none_grayscale,docling_easyocr,deepseek,5,0,0,0,5,0.0,0.0,0.0,0,,,,,52.541276045,1
peru21_2017-05-20_1,2,none,,none_grayscale,docling_rapidocr,deepseek,5,0,0,0,5,0.0,0.0,0.0,0,,,,,10.328948326,1
peru21_2017-05-20_1,2,none,,otsu,docling_easyocr,deepseek,5,0,0,0,5,0.0,0.0,0.0,0,,,,,49.609279368,1
peru21_2017-05-20_1,2,none,,otsu,docling_rapidocr,deepseek,5,0,0,0,5,0.0,0.0,0.0,0,,,,,10.277124379,1
peru21_2017-05-20_1,2,none,,yannihorne,docling_easyocr,deepseek,5,0,0,0,5,0.0,0.0,0.0,0,,,,,47.056461546,1
peru21_2017-05-20_1,2,none,,yannihorne,docling_rapidocr,deepseek,5,0,0,0,5,0.0,0.0,0.0,0,,,,,8.872840855,1
peru21_2017-05-20_1,3,none,,adaptive_gaussian,docling_easyocr,deepseek,5,0,0,0,5,0.0,0.0,0.0,0,,,,,52.409797217,1
peru21_2017-05-20_1,3,none,,adaptive_gaussian,docling_rapidocr,deepseek,5,0,0,0,5,0.0,0.0,0.0,0,,,,,9.270740057,1
peru21_2017-05-20_1,3,none,,adaptive_mean,docling_easyocr,deepseek,5,0,0,0,5,0.0,0.0,0.0,0,,,,,50.362098429,1
peru21_2017-05-20_1,3,none,,adaptive_mean,docling_rapidocr,deepseek,5,0,0,0,5,0.0,0.0,0.0,0,,,,,9.124062273,1
peru21_2017-05-20_1,3,none,,basic,docling_easyocr,deepseek,5,0,0,0,5,0.0,0.0,0.0,0,,,,,51.849280373,1
peru21_2017-05-20_1,3,none,,basic,docling_rapidocr,deepseek,5,0,0,0,5,0.0,0.0,0.0,0,,,,,9.847200886,1
peru21_2017-05-20_1,3,none,,niblack,docling_easyocr,deepseek,5,0,0,0,5,0.0,0.0,0.0,0,,,,,50.216801991,1
peru21_2017-05-20_1,3,none,,niblack,docling_rapidocr,deepseek,5,0,0,0,5,0.0,0.0,0.0,0,,,,,8.881424059,1
peru21_2017-05-20_1,3,none,,none_color,docling_easyocr,deepseek,5,0,0,0,5,0.0,0.0,0.0,0,,,,,51.488113751,1
peru21_2017-05-20_1,3,none,,none_color,docling_rapidocr,deepseek,5,0,0,0,5,0.0,0.0,0.0,0,,,,,10.084237923,1
peru21_2017-05-20_1,3,none,,none_grayscale,docling_easyocr,deepseek,5,0,0,0,5,0.0,0.0,0.0,0,,,,,53.378111306,1
peru21_2017-05-20_1,3,none,,none_grayscale,docling_rapidocr,deepseek,5,0,0,0,5,0.0,0.0,0.0,0,,,,,10.576650086,1
peru21_2017-05-20_1,3,none,,otsu,docling_easyocr,deepseek,5,0,0,0,5,0.0,0.0,0.0,0,,,,,49.976264803,1
peru21_2017-05-20_1,3,none,,otsu,docling_rapidocr,deepseek,5,0,0,0,5,0.0,0.0,0.0,0,,,,,9.670953839,1
peru21_2017-05-20_1,3,none,,yannihorne,docling_easyocr,deepseek,5,0,0,0,5,0.0,0.0,0.0,0,,,,,49.075889437,1
peru21_2017-05-20_1,3,none,,yannihorne,docling_rapidocr,deepseek,5,0,0,0,5,0.0,0.0,0.0,0,,,,,8.327025025,1
peru21_2017-05-20_1,4,none,,adaptive_gaussian,docling_easyocr,deepseek,5,0,0,0,5,0.0,0.0,0.0,0,,,,,52.920770427,1
peru21_2017-05-20_1,4,none,,adaptive_gaussian,docling_rapidocr,deepseek,5,0,0,0,5,0.0,0.0,0.0,0,,,,,9.930636664,1
peru21_2017-05-20_1,4,none,,adaptive_mean,docling_easyocr,deepseek,5,0,0,0,5,0.0,0.0,0.0,0,,,,,52.059788362,1
peru21_2017-05-20_1,4,none,,adaptive_mean,docling_rapidocr,deepseek,5,0,0,0,5,0.0,0.0,0.0,0,,,,,9.510846273,1
peru21_2017-05-20_1,4,none,,basic,docling_easyocr,deepseek,5,0,0,0,5,0.0,0.0,0.0,0,,,,,52.260601531,1
peru21_2017-05-20_1,4,none,,basic,docling_rapidocr,deepseek,5,0,0,0,5,0.0,0.0,0.0,0,,,,,9.798129092,1
peru21_2017-05-20_1,4,none,,niblack,docling_easyocr,deepseek,5,0,0,0,5,0.0,0.0,0.0,0,,,,,51.062163219,1
peru21_2017-05-20_1,4,none,,niblack,docling_rapidocr,deepseek,5,0,0,0,5,0.0,0.0,0.0,0,,,,,8.42055951,1
peru21_2017-05-20_1,4,none,,none_color,docling_easyocr,deepseek,5,0,0,0,5,0.0,0.0,0.0,0,,,,,51.732760295,1
peru21_2017-05-20_1,4,none,,none_color,docling_rapidocr,deepseek,5,1,1,0,4,1.0,0.2,0.333333,1,0.8444444444444444,1.0,0.0,0.0,10.186305865,0
peru21_2017-05-20_1,4,none,,none_grayscale,docling_easyocr,deepseek,5,0,0,0,5,0.0,0.0,0.0,0,,,,,51.609758077,1
peru21_2017-05-20_1,4,none,,none_grayscale,docling_rapidocr,deepseek,5,0,0,0,5,0.0,0.0,0.0,0,,,,,10.509163795,1
peru21_2017-05-20_1,4,none,,otsu,docling_easyocr,deepseek,5,0,0,0,5,0.0,0.0,0.0,0,,,,,50.501669013,1
peru21_2017-05-20_1,4,none,,otsu,docling_rapidocr,deepseek,5,0,0,0,5,0.0,0.0,0.0,0,,,,,9.794332587,1
peru21_2017-05-20_1,4,none,,yannihorne,docling_easyocr,deepseek,5,0,0,0,5,0.0,0.0,0.0,0,,,,,49.520037257,1
peru21_2017-05-20_1,4,none,,yannihorne,docling_rapidocr,deepseek,5,0,0,0,5,0.0,0.0,0.0,0,,,,,8.405905807,1
peru21_2017-05-20_1,5,none,,adaptive_gaussian,docling_easyocr,deepseek,5,0,0,0,5,0.0,0.0,0.0,0,,,,,50.808813064,1
peru21_2017-05-20_1,5,none,,adaptive_gaussian,docling_rapidocr,deepseek,5,0,0,0,5,0.0,0.0,0.0,0,,,,,8.857424943,1
peru21_2017-05-20_1,5,none,,adaptive_mean,docling_easyocr,deepseek,5,0,0,0,5,0.0,0.0,0.0,0,,,,,52.391642322,1
peru21_2017-05-20_1,5,none,,adaptive_mean,docling_rapidocr,deepseek,5,0,0,0,5,0.0,0.0,0.0,0,,,,,8.984634866,1
peru21_2017-05-20_1,5,none,,basic,docling_easyocr,deepseek,5,0,0,0,5,0.0,0.0,0.0,0,,,,,50.235974105,1
peru21_2017-05-20_1,5,none,,basic,docling_rapidocr,deepseek,5,0,0,0,5,0.0,0.0,0.0,0,,,,,9.672837527,1
peru21_2017-05-20_1,5,none,,niblack,docling_easyocr,deepseek,5,0,0,0,5,0.0,0.0,0.0,0,,,,,51.042750079,1
peru21_2017-05-20_1,5,none,,niblack,docling_rapidocr,deepseek,5,0,0,0,5,0.0,0.0,0.0,0,,,,,8.932429511,1
peru21_2017-05-20_1,5,none,,none_color,docling_easyocr,deepseek,5,0,0,0,5,0.0,0.0,0.0,0,,,,,54.410930116,1
peru21_2017-05-20_1,5,none,,none_color,docling_rapidocr,deepseek,5,0,0,0,5,0.0,0.0,0.0,0,,,,,9.754909951,1
peru21_2017-05-20_1,5,none,,none_grayscale,docling_easyocr,deepseek,5,0,0,0,5,0.0,0.0,0.0,0,,,,,54.277253587,1
peru21_2017-05-20_1,5,none,,none_grayscale,docling_rapidocr,deepseek,5,0,0,0,5,0.0,0.0,0.0,0,,,,,9.385638196,1
peru21_2017-05-20_1,5,none,,otsu,docling_easyocr,deepseek,5,0,0,0,5,0.0,0.0,0.0,0,,,,,50.232229337,1
peru21_2017-05-20_1,5,none,,otsu,docling_rapidocr,deepseek,5,0,0,0,5,0.0,0.0,0.0,0,,,,,9.185000524,1
peru21_2017-05-20_1,5,none,,yannihorne,docling_easyocr,deepseek,5,0,0,0,5,0.0,0.0,0.0,0,,,,,47.774297103,1
peru21_2017-05-20_1,5,none,,yannihorne,docling_rapidocr,deepseek,5,0,0,0,5,0.0,0.0,0.0,0,,,,,8.381291017,1
peru21_2017-05-20_1,6,none,,adaptive_gaussian,docling_easyocr,deepseek,5,0,0,0,5,0.0,0.0,0.0,0,,,,,50.925172008,1
peru21_2017-05-20_1,6,none,,adaptive_gaussian,docling_rapidocr,deepseek,5,0,0,0,5,0.0,0.0,0.0,0,,,,,8.763839877,1
peru21_2017-05-20_1,6,none,,adaptive_mean,docling_easyocr,deepseek,5,0,0,0,5,0.0,0.0,0.0,0,,,,,52.975808082,1
peru21_2017-05-20_1,6,none,,adaptive_mean,docling_rapidocr,deepseek,5,0,0,0,5,0.0,0.0,0.0,0,,,,,9.009154496,1
peru21_2017-05-20_1,6,none,,basic,docling_easyocr,deepseek,5,0,0,0,5,0.0,0.0,0.0,0,,,,,52.825132993,1
peru21_2017-05-20_1,6,none,,basic,docling_rapidocr,deepseek,5,0,0,0,5,0.0,0.0,0.0,0,,,,,9.781578448,1
peru21_2017-05-20_1,6,none,,niblack,docling_easyocr,deepseek,5,0,0,0,5,0.0,0.0,0.0,0,,,,,49.104757953,1
peru21_2017-05-20_1,6,none,,niblack,docling_rapidocr,deepseek,5,0,0,0,5,0.0,0.0,0.0,0,,,,,8.470777202,1
peru21_2017-05-20_1,6,none,,none_color,docling_easyocr,deepseek,5,0,0,0,5,0.0,0.0,0.0,0,,,,,53.795723273,1
peru21_2017-05-20_1,6,none,,none_color,docling_rapidocr,deepseek,5,0,0,0,5,0.0,0.0,0.0,0,,,,,9.642053678,1
peru21_2017-05-20_1,6,none,,none_grayscale,docling_easyocr,deepseek,5,0,0,0,5,0.0,0.0,0.0,0,,,,,51.753104356,1
peru21_2017-05-20_1,6,none,,none_grayscale,docling_rapidocr,deepseek,5,0,0,0,5,0.0,0.0,0.0,0,,,,,9.895232823,1
peru21_2017-05-20_1,6,none,,otsu,docling_easyocr,deepseek,5,0,0,0,5,0.0,0.0,0.0,0,,,,,52.652055244,1
peru21_2017-05-20_1,6,none,,otsu,docling_rapidocr,deepseek,5,0,0,0,5,0.0,0.0,0.0,0,,,,,9.69980214,1
peru21_2017-05-20_1,6,none,,yannihorne,docling_easyocr,deepseek,5,0,0,0,5,0.0,0.0,0.0,0,,,,,47.686311298,1
peru21_2017-05-20_1,6,none,,yannihorne,docling_rapidocr,deepseek,5,0,0,0,5,0.0,0.0,0.0,0,,,,,8.109491878,1
peru21_2017-05-20_1,7,none,,adaptive_gaussian,docling_easyocr,deepseek,5,0,0,0,5,0.0,0.0,0.0,0,,,,,52.134469623,1
peru21_2017-05-20_1,7,none,,adaptive_gaussian,docling_rapidocr,deepseek,5,0,0,0,5,0.0,0.0,0.0,0,,,,,9.013802642,1
peru21_2017-05-20_1,7,none,,adaptive_mean,docling_easyocr,deepseek,5,0,0,0,5,0.0,0.0,0.0,0,,,,,51.117803947,1
peru21_2017-05-20_1,7,none,,adaptive_mean,docling_rapidocr,deepseek,5,0,0,0,5,0.0,0.0,0.0,0,,,,,9.145125762,1
peru21_2017-05-20_1,7,none,,basic,docling_easyocr,deepseek,5,5,5,0,0,1.0,1.0,1.0,5,0.8659564752588009,1.0,0.0,0.0,52.507750615,0
peru21_2017-05-20_1,7,none,,basic,docling_rapidocr,deepseek,5,0,0,0,5,0.0,0.0,0.0,0,,,,,9.693000421,1
peru21_2017-05-20_1,7,none,,niblack,docling_easyocr,deepseek,5,0,0,0,5,0.0,0.0,0.0,0,,,,,49.790410001,1
peru21_2017-05-20_1,7,none,,niblack,docling_rapidocr,deepseek,5,0,0,0,5,0.0,0.0,0.0,0,,,,,8.862170179,1
peru21_2017-05-20_1,7,none,,none_color,docling_easyocr,deepseek,5,0,0,0,5,0.0,0.0,0.0,0,,,,,52.989964517,1
peru21_2017-05-20_1,7,none,,none_color,docling_rapidocr,deepseek,5,0,0,0,5,0.0,0.0,0.0,0,,,,,9.890401157,1
peru21_2017-05-20_1,7,none,,none_grayscale,docling_easyocr,deepseek,5,0,0,0,5,0.0,0.0,0.0,0,,,,,52.046419486,1
peru21_2017-05-20_1,7,none,,none_grayscale,docling_rapidocr,deepseek,5,0,0,0,5,0.0,0.0,0.0,0,,,,,9.851324662,1
peru21_2017-05-20_1,7,none,,otsu,docling_easyocr,deepseek,5,0,0,0,5,0.0,0.0,0.0,0,,,,,50.767534505,1
peru21_2017-05-20_1,7,none,,otsu,docling_rapidocr,deepseek,5,0,0,0,5,0.0,0.0,0.0,0,,,,,9.27724291,1
peru21_2017-05-20_1,7,none,,yannihorne,docling_easyocr,deepseek,5,0,0,0,5,0.0,0.0,0.0,0,,,,,48.155630361,1
peru21_2017-05-20_1,7,none,,yannihorne,docling_rapidocr,deepseek,5,0,0,0,5,0.0,0.0,0.0,0,,,,,7.924381028,1
peru21_2017-05-20_1,8,none,,adaptive_gaussian,docling_easyocr,deepseek,5,0,0,0,5,0.0,0.0,0.0,0,,,,,52.910206884,1
peru21_2017-05-20_1,8,none,,adaptive_gaussian,docling_rapidocr,deepseek,5,0,0,0,5,0.0,0.0,0.0,0,,,,,9.072081179,1
peru21_2017-05-20_1,8,none,,adaptive_mean,docling_easyocr,deepseek,5,0,0,0,5,0.0,0.0,0.0,0,,,,,52.215774647,1
peru21_2017-05-20_1,8,none,,adaptive_mean,docling_rapidocr,deepseek,5,0,0,0,5,0.0,0.0,0.0,0,,,,,9.211087814,1
peru21_2017-05-20_1,8,none,,basic,docling_easyocr,deepseek,5,0,0,0,5,0.0,0.0,0.0,0,,,,,52.732888136,1
peru21_2017-05-20_1,8,none,,basic,docling_rapidocr,deepseek,5,0,0,0,5,0.0,0.0,0.0,0,,,,,9.697886143,1
peru21_2017-05-20_1,8,none,,niblack,docling_easyocr,deepseek,5,0,0,0,5,0.0,0.0,0.0,0,,,,,50.107591781,1
peru21_2017-05-20_1,8,none,,niblack,docling_rapidocr,deepseek,5,0,0,0,5,0.0,0.0,0.0,0,,,,,8.381364975,1
peru21_2017-05-20_1,8,none,,none_color,docling_easyocr,deepseek,5,0,0,0,5,0.0,0.0,0.0,0,,,,,54.106231769,1
peru21_2017-05-20_1,8,none,,none_color,docling_rapidocr,deepseek,5,0,0,0,5,0.0,0.0,0.0,0,,,,,9.795401653,1
peru21_2017-05-20_1,8,none,,none_grayscale,docling_easyocr,deepseek,5,0,0,0,5,0.0,0.0,0.0,0,,,,,53.999530634,1
peru21_2017-05-20_1,8,none,,none_grayscale,docling_rapidocr,deepseek,5,0,0,0,5,0.0,0.0,0.0,0,,,,,9.768596252,1
peru21_2017-05-20_1,8,none,,otsu,docling_easyocr,deepseek,5,0,0,0,5,0.0,0.0,0.0,0,,,,,52.570054518,1
peru21_2017-05-20_1,8,none,,otsu,docling_rapidocr,deepseek,5,0,0,0,5,0.0,0.0,0.0,0,,,,,9.933269249,1
peru21_2017-05-20_1,8,none,,yannihorne,docling_easyocr,deepseek,5,0,0,0,5,0.0,0.0,0.0,0,,,,,47.667327152,1
peru21_2017-05-20_1,8,none,,yannihorne,docling_rapidocr,deepseek,5,0,0,0,5,0.0,0.0,0.0,0,,,,,7.74572681,1
peru21_2017-05-20_1,9,none,,adaptive_gaussian,docling_easyocr,deepseek,5,0,0,0,5,0.0,0.0,0.0,0,,,,,50.031560076,1
peru21_2017-05-20_1,9,none,,adaptive_gaussian,docling_rapidocr,deepseek,5,0,0,0,5,0.0,0.0,0.0,0,,,,,9.115003479,1
peru21_2017-05-20_1,9,none,,adaptive_mean,docling_easyocr,deepseek,5,0,0,0,5,0.0,0.0,0.0,0,,,,,52.497542534,1
peru21_2017-05-20_1,9,none,,adaptive_mean,docling_rapidocr,deepseek,5,0,0,0,5,0.0,0.0,0.0,0,,,,,9.111538324,1
peru21_2017-05-20_1,9,none,,basic,docling_easyocr,deepseek,5,0,0,0,5,0.0,0.0,0.0,0,,,,,50.492357138,1
peru21_2017-05-20_1,9,none,,basic,docling_rapidocr,deepseek,5,0,0,0,5,0.0,0.0,0.0,0,,,,,8.906134251,1
peru21_2017-05-20_1,9,none,,niblack,docling_easyocr,deepseek,5,0,0,0,5,0.0,0.0,0.0,0,,,,,51.033016275,1
peru21_2017-05-20_1,9,none,,niblack,docling_rapidocr,deepseek,5,0,0,0,5,0.0,0.0,0.0,0,,,,,8.342300009,1
peru21_2017-05-20_1,9,none,,none_color,docling_easyocr,deepseek,5,0,0,0,5,0.0,0.0,0.0,0,,,,,52.235890438,1
peru21_2017-05-20_1,9,none,,none_color,docling_rapidocr,deepseek,5,0,0,0,5,0.0,0.0,0.0,0,,,,,9.302849819,1
peru21_2017-05-20_1,9,none,,none_grayscale,docling_easyocr,deepseek,5,0,0,0,5,0.0,0.0,0.0,0,,,,,52.561227444,1
peru21_2017-05-20_1,9,none,,none_grayscale,docling_rapidocr,deepseek,5,0,0,0,5,0.0,0.0,0.0,0,,,,,9.619542005,1
peru21_2017-05-20_1,9,none,,otsu,docling_easyocr,deepseek,5,0,0,0,5,0.0,0.0,0.0,0,,,,,53.512079506,1
peru21_2017-05-20_1,9,none,,otsu,docling_rapidocr,deepseek,5,0,0,0,5,0.0,0.0,0.0,0,,,,,9.109394579,1
peru21_2017-05-20_1,9,none,,yannihorne,docling_easyocr,deepseek,5,0,0,0,5,0.0,0.0,0.0,0,,,,,50.312062054,1
peru21_2017-05-20_1,9,none,,yannihorne,docling_rapidocr,deepseek,5,0,0,0,5,0.0,0.0,0.0,0,,,,,8.48220685,1
peru21_2017-05-20_1,10,none,,adaptive_gaussian,docling_easyocr,deepseek,5,0,0,0,5,0.0,0.0,0.0,0,,,,,52.317216082,1
peru21_2017-05-20_1,10,none,,adaptive_gaussian,docling_rapidocr,deepseek,5,0,0,0,5,0.0,0.0,0.0,0,,,,,8.851603193,1
peru21_2017-05-20_1,10,none,,adaptive_mean,docling_easyocr,deepseek,5,0,0,0,5,0.0,0.0,0.0,0,,,,,49.946791687,1
peru21_2017-05-20_1,10,none,,adaptive_mean,docling_rapidocr,deepseek,5,0,0,0,5,0.0,0.0,0.0,0,,,,,8.334335365,1
peru21_2017-05-20_1,10,none,,basic,docling_easyocr,deepseek,5,0,0,0,5,0.0,0.0,0.0,0,,,,,52.287254963,1
peru21_2017-05-20_1,10,none,,basic,docling_rapidocr,deepseek,5,0,0,0,5,0.0,0.0,0.0,0,,,,,9.338577185,1
peru21_2017-05-20_1,10,none,,niblack,docling_easyocr,deepseek,5,0,0,0,5,0.0,0.0,0.0,0,,,,,50.980686195,1
peru21_2017-05-20_1,10,none,,niblack,docling_rapidocr,deepseek,5,0,0,0,5,0.0,0.0,0.0,0,,,,,8.782049663,1
peru21_2017-05-20_1,10,none,,none_color,docling_easyocr,deepseek,5,1,0,1,5,0.0,0.0,0.0,1,0.0,0.0,1.0,1.0,53.673697479,0
peru21_2017-05-20_1,10,none,,none_color,docling_rapidocr,deepseek,5,0,0,0,5,0.0,0.0,0.0,0,,,,,9.518119581,1
peru21_2017-05-20_1,10,none,,none_grayscale,docling_easyocr,deepseek,5,0,0,0,5,0.0,0.0,0.0,0,,,,,51.846943697,1
peru21_2017-05-20_1,10,none,,none_grayscale,docling_rapidocr,deepseek,5,0,0,0,5,0.0,0.0,0.0,0,,,,,9.714790663,1
peru21_2017-05-20_1,10,none,,otsu,docling_easyocr,deepseek,5,0,0,0,5,0.0,0.0,0.0,0,,,,,50.338433252,1
peru21_2017-05-20_1,10,none,,otsu,docling_rapidocr,deepseek,5,0,0,0,5,0.0,0.0,0.0,0,,,,,9.467855678,1
peru21_2017-05-20_1,10,none,,yannihorne,docling_easyocr,deepseek,5,0,0,0,5,0.0,0.0,0.0,0,,,,,49.728314148,1
peru21_2017-05-20_1,10,none,,yannihorne,docling_rapidocr,deepseek,5,0,0,0,5,0.0,0.0,0.0,0,,,,,8.366709696,1
peru21_2017-05-20_1,11,none,,adaptive_gaussian,docling_easyocr,deepseek,5,0,0,0,5,0.0,0.0,0.0,0,,,,,52.061057823,1
peru21_2017-05-20_1,11,none,,adaptive_gaussian,docling_rapidocr,deepseek,5,0,0,0,5,0.0,0.0,0.0,0,,,,,9.262746113,1
peru21_2017-05-20_1,11,none,,adaptive_mean,docling_easyocr,deepseek,5,0,0,0,5,0.0,0.0,0.0,0,,,,,52.487091507,1
peru21_2017-05-20_1,11,none,,adaptive_mean,docling_rapidocr,deepseek,5,0,0,0,5,0.0,0.0,0.0,0,,,,,9.047743763,1
peru21_2017-05-20_1,11,none,,basic,docling_easyocr,deepseek,5,0,0,0,5,0.0,0.0,0.0,0,,,,,50.566936024,1
peru21_2017-05-20_1,11,none,,basic,docling_rapidocr,deepseek,5,0,0,0,5,0.0,0.0,0.0,0,,,,,9.160458095,1
peru21_2017-05-20_1,11,none,,niblack,docling_easyocr,deepseek,5,0,0,0,5,0.0,0.0,0.0,0,,,,,49.175982721,1
peru21_2017-05-20_1,11,none,,niblack,docling_rapidocr,deepseek,5,0,0,0,5,0.0,0.0,0.0,0,,,,,9.097131975,1
peru21_2017-05-20_1,11,none,,none_color,docling_easyocr,deepseek,5,0,0,0,5,0.0,0.0,0.0,0,,,,,51.322297747,1
peru21_2017-05-20_1,11,none,,none_color,docling_rapidocr,deepseek,5,0,0,0,5,0.0,0.0,0.0,0,,,,,9.173648531,1
peru21_2017-05-20_1,11,none,,none_grayscale,docling_easyocr,deepseek,5,0,0,0,5,0.0,0.0,0.0,0,,,,,51.604334528,1
peru21_2017-05-20_1,11,none,,none_grayscale,docling_rapidocr,deepseek,5,0,0,0,5,0.0,0.0,0.0,0,,,,,9.932563717,1
peru21_2017-05-20_1,11,none,,otsu,docling_easyocr,deepseek,5,0,0,0,5,0.0,0.0,0.0,0,,,,,52.762139877,1
peru21_2017-05-20_1,11,none,,otsu,docling_rapidocr,deepseek,5,0,0,0,5,0.0,0.0,0.0,0,,,,,9.797686895,1
peru21_2017-05-20_1,11,none,,yannihorne,docling_easyocr,deepseek,5,0,0,0,5,0.0,0.0,0.0,0,,,,,50.146737656,1
peru21_2017-05-20_1,11,none,,yannihorne,docling_rapidocr,deepseek,5,0,0,0,5,0.0,0.0,0.0,0,,,,,7.91777428,1
peru21_2017-05-20_1,12,none,,adaptive_gaussian,docling_easyocr,deepseek,5,0,0,0,5,0.0,0.0,0.0,0,,,,,86.882895222,1
peru21_2017-05-20_1,12,none,,adaptive_gaussian,docling_rapidocr,deepseek,5,0,0,0,5,0.0,0.0,0.0,0,,,,,42.509625903,1
peru21_2017-05-20_1,12,none,,adaptive_mean,docling_easyocr,deepseek,5,0,0,0,5,0.0,0.0,0.0,0,,,,,86.279641091,1
peru21_2017-05-20_1,12,none,,adaptive_mean,docling_rapidocr,deepseek,5,0,0,0,5,0.0,0.0,0.0,0,,,,,42.740311801,1
peru21_2017-05-20_1,12,none,,basic,docling_easyocr,deepseek,5,0,0,0,5,0.0,0.0,0.0,0,,,,,86.894659024,1
peru21_2017-05-20_1,12,none,,basic,docling_rapidocr,deepseek,5,0,0,0,5,0.0,0.0,0.0,0,,,,,42.725545388,1
peru21_2017-05-20_1,12,none,,niblack,docling_easyocr,deepseek,5,0,0,0,5,0.0,0.0,0.0,0,,,,,82.933170725,1
peru21_2017-05-20_1,12,none,,niblack,docling_rapidocr,deepseek,5,0,0,0,5,0.0,0.0,0.0,0,,,,,41.848362376,1
peru21_2017-05-20_1,12,none,,none_color,docling_easyocr,deepseek,5,0,0,0,5,0.0,0.0,0.0,0,,,,,85.462517171,1
peru21_2017-05-20_1,12,none,,none_color,docling_rapidocr,deepseek,5,0,0,0,5,0.0,0.0,0.0,0,,,,,43.411984114,1
peru21_2017-05-20_1,12,none,,none_grayscale,docling_easyocr,deepseek,5,0,0,0,5,0.0,0.0,0.0,0,,,,,85.580631238,1
peru21_2017-05-20_1,12,none,,none_grayscale,docling_rapidocr,deepseek,5,0,0,0,5,0.0,0.0,0.0,0,,,,,42.907053214,1
peru21_2017-05-20_1,12,none,,otsu,docling_easyocr,deepseek,5,0,0,0,5,0.0,0.0,0.0,0,,,,,86.424786694,1
peru21_2017-05-20_1,12,none,,otsu,docling_rapidocr,deepseek,5,0,0,0,5,0.0,0.0,0.0,0,,,,,42.911906607,1
peru21_2017-05-20_1,12,none,,yannihorne,docling_easyocr,deepseek,5,0,0,0,5,0.0,0.0,0.0,0,,,,,83.450867779,1
peru21_2017-05-20_1,12,none,,yannihorne,docling_rapidocr,deepseek,5,0,0,0,5,0.0,0.0,0.0,0,,,,,41.981924184,1
peru21_2017-05-20_1,13,none,,adaptive_gaussian,docling_easyocr,deepseek,5,0,0,0,5,0.0,0.0,0.0,0,,,,,84.860008759,1
peru21_2017-05-20_1,13,none,,adaptive_gaussian,docling_rapidocr,deepseek,5,0,0,0,5,0.0,0.0,0.0,0,,,,,42.48605637,1
peru21_2017-05-20_1,13,none,,adaptive_mean,docling_easyocr,deepseek,5,0,0,0,5,0.0,0.0,0.0,0,,,,,84.947579064,1
peru21_2017-05-20_1,13,none,,adaptive_mean,docling_rapidocr,deepseek,5,0,0,0,5,0.0,0.0,0.0,0,,,,,42.105887093,1
peru21_2017-05-20_1,13,none,,basic,docling_easyocr,deepseek,5,0,0,0,5,0.0,0.0,0.0,0,,,,,84.101474484,1
peru21_2017-05-20_1,13,none,,basic,docling_rapidocr,deepseek,5,0,0,0,5,0.0,0.0,0.0,0,,,,,43.112250527,1
peru21_2017-05-20_1,13,none,,niblack,docling_easyocr,deepseek,5,0,0,0,5,0.0,0.0,0.0,0,,,,,84.101619153,1
peru21_2017-05-20_1,13,none,,niblack,docling_rapidocr,deepseek,5,0,0,0,5,0.0,0.0,0.0,0,,,,,41.633517174,1
peru21_2017-05-20_1,13,none,,none_color,docling_easyocr,deepseek,5,0,0,0,5,0.0,0.0,0.0,0,,,,,87.280722745,1
peru21_2017-05-20_1,13,none,,none_color,docling_rapidocr,deepseek,5,0,0,0,5,0.0,0.0,0.0,0,,,,,43.185969956,1
peru21_2017-05-20_1,13,none,,none_grayscale,docling_easyocr,deepseek,5,0,0,0,5,0.0,0.0,0.0,0,,,,,85.38449951,1
peru21_2017-05-20_1,13,none,,none_grayscale,docling_rapidocr,deepseek,5,0,0,0,5,0.0,0.0,0.0,0,,,,,43.165483197,1
peru21_2017-05-20_1,13,none,,otsu,docling_easyocr,deepseek,5,0,0,0,5,0.0,0.0,0.0,0,,,,,84.188269959,1
peru21_2017-05-20_1,13,none,,otsu,docling_rapidocr,deepseek,5,0,0,0,5,0.0,0.0,0.0,0,,,,,43.05292903,1
peru21_2017-05-20_1,13,none,,yannihorne,docling_easyocr,deepseek,5,0,0,0,5,0.0,0.0,0.0,0,,,,,83.147724257,1
peru21_2017-05-20_1,13,none,,yannihorne,docling_rapidocr,deepseek,5,0,0,0,5,0.0,0.0,0.0,0,,,,,41.448105918,1
peru21_2017-05-20_1,14,none,,adaptive_gaussian,docling_easyocr,deepseek,5,0,0,0,5,0.0,0.0,0.0,0,,,,,85.590577138,1
peru21_2017-05-20_1,14,none,,adaptive_gaussian,docling_rapidocr,deepseek,5,0,0,0,5,0.0,0.0,0.0,0,,,,,42.898652804,1
peru21_2017-05-20_1,14,none,,adaptive_mean,docling_easyocr,deepseek,5,0,0,0,5,0.0,0.0,0.0,0,,,,,84.653048237,1
peru21_2017-05-20_1,14,none,,adaptive_mean,docling_rapidocr,deepseek,5,0,0,0,5,0.0,0.0,0.0,0,,,,,42.553076705,1
peru21_2017-05-20_1,14,none,,basic,docling_easyocr,deepseek,5,0,0,0,5,0.0,0.0,0.0,0,,,,,84.19288707,1
peru21_2017-05-20_1,14,none,,basic,docling_rapidocr,deepseek,5,0,0,0,5,0.0,0.0,0.0,0,,,,,42.528486016,1
peru21_2017-05-20_1,14,none,,niblack,docling_easyocr,deepseek,5,0,0,0,5,0.0,0.0,0.0,0,,,,,84.841740372,1
peru21_2017-05-20_1,14,none,,niblack,docling_rapidocr,deepseek,5,0,0,0,5,0.0,0.0,0.0,0,,,,,41.737423422,1
peru21_2017-05-20_1,14,none,,none_color,docling_easyocr,deepseek,5,0,0,0,5,0.0,0.0,0.0,0,,,,,87.741769959,1
peru21_2017-05-20_1,14,none,,none_color,docling_rapidocr,deepseek,5,0,0,0,5,0.0,0.0,0.0,0,,,,,43.049096514,1
peru21_2017-05-20_1,14,none,,none_grayscale,docling_easyocr,deepseek,5,0,0,0,5,0.0,0.0,0.0,0,,,,,85.313015153,1
peru21_2017-05-20_1,14,none,,none_grayscale,docling_rapidocr,deepseek,5,0,0,0,5,0.0,0.0,0.0,0,,,,,43.256831814,1
peru21_2017-05-20_1,14,none,,otsu,docling_easyocr,deepseek,5,0,0,0,5,0.0,0.0,0.0,0,,,,,84.028184012,1
peru21_2017-05-20_1,14,none,,otsu,docling_rapidocr,deepseek,5,0,0,0,5,0.0,0.0,0.0,0,,,,,43.067746953,1
peru21_2017-05-20_1,14,none,,yannihorne,docling_easyocr,deepseek,5,0,0,0,5,0.0,0.0,0.0,0,,,,,81.618961648,1
peru21_2017-05-20_1,14,none,,yannihorne,docling_rapidocr,deepseek,5,0,0,0,5,0.0,0.0,0.0,0,,,,,41.130754546,1
peru21_2017-05-20_1,15,none,,adaptive_gaussian,docling_easyocr,deepseek,5,0,0,0,5,0.0,0.0,0.0,0,,,,,52.614866902,1
peru21_2017-05-20_1,15,none,,adaptive_gaussian,docling_rapidocr,deepseek,5,0,0,0,5,0.0,0.0,0.0,0,,,,,7.375588347,1
peru21_2017-05-20_1,15,none,,adaptive_mean,docling_easyocr,deepseek,5,0,0,0,5,0.0,0.0,0.0,0,,,,,50.783577725,1
peru21_2017-05-20_1,15,none,,adaptive_mean,docling_rapidocr,deepseek,5,0,0,0,5,0.0,0.0,0.0,0,,,,,7.398026511,1
peru21_2017-05-20_1,15,none,,basic,docling_easyocr,deepseek,5,0,0,0,5,0.0,0.0,0.0,0,,,,,50.8288587,1
peru21_2017-05-20_1,15,none,,basic,docling_rapidocr,deepseek,5,0,0,0,5,0.0,0.0,0.0,0,,,,,7.964957562,1
peru21_2017-05-20_1,15,none,,niblack,docling_easyocr,deepseek,5,0,0,0,5,0.0,0.0,0.0,0,,,,,48.902249039,1
peru21_2017-05-20_1,15,none,,niblack,docling_rapidocr,deepseek,5,0,0,0,5,0.0,0.0,0.0,0,,,,,9.575675191,1
peru21_2017-05-20_1,15,none,,none_color,docling_easyocr,deepseek,5,0,0,0,5,0.0,0.0,0.0,0,,,,,53.927661671,1
peru21_2017-05-20_1,15,none,,none_color,docling_rapidocr,deepseek,5,0,0,0,5,0.0,0.0,0.0,0,,,,,9.470403924,1
peru21_2017-05-20_1,15,none,,none_grayscale,docling_easyocr,deepseek,5,0,0,0,5,0.0,0.0,0.0,0,,,,,52.352157441,1
peru21_2017-05-20_1,15,none,,none_grayscale,docling_rapidocr,deepseek,5,0,0,0,5,0.0,0.0,0.0,0,,,,,9.391680804,1
peru21_2017-05-20_1,15,none,,otsu,docling_easyocr,deepseek,5,0,0,0,5,0.0,0.0,0.0,0,,,,,51.02481293,1
peru21_2017-05-20_1,15,none,,otsu,docling_rapidocr,deepseek,5,0,0,0,5,0.0,0.0,0.0,0,,,,,9.410981171,1
peru21_2017-05-20_1,16,none,,adaptive_gaussian,docling_easyocr,deepseek,5,0,0,0,5,0.0,0.0,0.0,0,,,,,51.153569295,1
peru21_2017-05-20_1,16,none,,adaptive_gaussian,docling_rapidocr,deepseek,5,0,0,0,5,0.0,0.0,0.0,0,,,,,6.770079209,1
peru21_2017-05-20_1,16,none,,adaptive_mean,docling_easyocr,deepseek,5,0,0,0,5,0.0,0.0,0.0,0,,,,,51.078363845,1
peru21_2017-05-20_1,16,none,,adaptive_mean,docling_rapidocr,deepseek,5,0,0,0,5,0.0,0.0,0.0,0,,,,,6.745460937,1
peru21_2017-05-20_1,16,none,,basic,docling_easyocr,deepseek,5,0,0,0,5,0.0,0.0,0.0,0,,,,,52.195788375,1
peru21_2017-05-20_1,16,none,,basic,docling_rapidocr,deepseek,5,0,0,0,5,0.0,0.0,0.0,0,,,,,8.175742379,1
peru21_2017-05-20_1,16,none,,niblack,docling_easyocr,deepseek,5,0,0,0,5,0.0,0.0,0.0,0,,,,,49.018332421,1
peru21_2017-05-20_1,16,none,,niblack,docling_rapidocr,deepseek,5,0,0,0,5,0.0,0.0,0.0,0,,,,,8.312960565,1
peru21_2017-05-20_1,16,none,,none_color,docling_easyocr,deepseek,5,0,0,0,5,0.0,0.0,0.0,0,,,,,51.656253972,1
peru21_2017-05-20_1,16,none,,none_color,docling_rapidocr,deepseek,5,0,0,0,5,0.0,0.0,0.0,0,,,,,8.800002017,1
peru21_2017-05-20_1,16,none,,none_grayscale,docling_easyocr,deepseek,5,0,0,0,5,0.0,0.0,0.0,0,,,,,51.661459914,1
peru21_2017-05-20_1,16,none,,none_grayscale,docling_rapidocr,deepseek,5,0,0,0,5,0.0,0.0,0.0,0,,,,,8.89939808,1
peru21_2017-05-20_1,16,none,,otsu,docling_easyocr,deepseek,5,0,0,0,5,0.0,0.0,0.0,0,,,,,52.423755782,1
peru21_2017-05-20_1,16,none,,otsu,docling_rapidocr,deepseek,5,0,0,0,5,0.0,0.0,0.0,0,,,,,7.914831775,1
peru21_2017-05-20_1,17,none,,adaptive_gaussian,docling_easyocr,deepseek,5,0,0,0,5,0.0,0.0,0.0,0,,,,,52.346632958,1
peru21_2017-05-20_1,17,none,,adaptive_gaussian,docling_rapidocr,deepseek,5,0,0,0,5,0.0,0.0,0.0,0,,,,,7.051602365,1
peru21_2017-05-20_1,17,none,,adaptive_mean,docling_easyocr,deepseek,5,0,0,0,5,0.0,0.0,0.0,0,,,,,52.092801831,1
peru21_2017-05-20_1,17,none,,adaptive_mean,docling_rapidocr,deepseek,5,0,0,0,5,0.0,0.0,0.0,0,,,,,6.981718085,1
peru21_2017-05-20_1,17,none,,basic,docling_easyocr,deepseek,5,0,0,0,5,0.0,0.0,0.0,0,,,,,48.539513413,1
peru21_2017-05-20_1,17,none,,basic,docling_rapidocr,deepseek,5,0,0,0,5,0.0,0.0,0.0,0,,,,,7.252286736,1
peru21_2017-05-20_1,17,none,,niblack,docling_easyocr,deepseek,5,0,0,0,5,0.0,0.0,0.0,0,,,,,48.544643683,1
peru21_2017-05-20_1,17,none,,niblack,docling_rapidocr,deepseek,5,0,0,0,5,0.0,0.0,0.0,0,,,,,8.115256352,1
peru21_2017-05-20_1,17,none,,none_color,docling_easyocr,deepseek,5,0,0,0,5,0.0,0.0,0.0,0,,,,,51.318689338,1
peru21_2017-05-20_1,17,none,,none_color,docling_rapidocr,deepseek,5,0,0,0,5,0.0,0.0,0.0,0,,,,,8.31153225,1
peru21_2017-05-20_1,17,none,,none_grayscale,docling_easyocr,deepseek,5,0,0,0,5,0.0,0.0,0.0,0,,,,,52.010476342,1
peru21_2017-05-20_1,17,none,,none_grayscale,docling_rapidocr,deepseek,5,0,0,0,5,0.0,0.0,0.0,0,,,,,8.764766208,1
peru21_2017-05-20_1,17,none,,otsu,docling_easyocr,deepseek,5,0,0,0,5,0.0,0.0,0.0,0,,,,,49.926340716,1
peru21_2017-05-20_1,17,none,,otsu,docling_rapidocr,deepseek,5,0,0,0,5,0.0,0.0,0.0,0,,,,,8.443505185,1
peru21_2017-05-20_1,18,none,,adaptive_gaussian,docling_easyocr,deepseek,5,0,0,0,5,0.0,0.0,0.0,0,,,,,48.68843086,1
peru21_2017-05-20_1,18,none,,adaptive_gaussian,docling_rapidocr,deepseek,5,0,0,0,5,0.0,0.0,0.0,0,,,,,7.893621995,1
peru21_2017-05-20_1,18,none,,adaptive_mean,docling_easyocr,deepseek,5,0,0,0,5,0.0,0.0,0.0,0,,,,,47.203761195,1
peru21_2017-05-20_1,18,none,,adaptive_mean,docling_rapidocr,deepseek,5,0,0,0,5,0.0,0.0,0.0,0,,,,,7.684334372,1
peru21_2017-05-20_1,18,none,,basic,docling_easyocr,deepseek,5,0,0,0,5,0.0,0.0,0.0,0,,,,,48.99364652,1
peru21_2017-05-20_1,18,none,,basic,docling_rapidocr,deepseek,5,0,0,0,5,0.0,0.0,0.0,0,,,,,7.6091062,1
peru21_2017-05-20_1,18,none,,niblack,docling_easyocr,deepseek,5,0,0,0,5,0.0,0.0,0.0,0,,,,,49.736533219,1
peru21_2017-05-20_1,18,none,,niblack,docling_rapidocr,deepseek,5,0,0,0,5,0.0,0.0,0.0,0,,,,,7.30526262,1
peru21_2017-05-20_1,18,none,,otsu,docling_easyocr,deepseek,5,0,0,0,5,0.0,0.0,0.0,0,,,,,47.338666886,1
peru21_2017-05-20_1,18,none,,otsu,docling_rapidocr,deepseek,5,0,0,0,5,0.0,0.0,0.0,0,,,,,7.188973874,1
peru21_2017-05-20_1,18,none,,yannihorne,docling_easyocr,deepseek,5,0,0,0,5,0.0,0.0,0.0,0,,,,,48.805988282,1
peru21_2017-05-20_1,18,none,,yannihorne,docling_rapidocr,deepseek,5,0,0,0,5,0.0,0.0,0.0,0,,,,,8.005455464,1
peru21_2017-05-20_1,19,none,,adaptive_gaussian,docling_easyocr,deepseek,5,0,0,0,5,0.0,0.0,0.0,0,,,,,47.388009809,1
peru21_2017-05-20_1,19,none,,adaptive_gaussian,docling_rapidocr,deepseek,5,0,0,0,5,0.0,0.0,0.0,0,,,,,7.221027158,1
peru21_2017-05-20_1,19,none,,adaptive_mean,docling_easyocr,deepseek,5,0,0,0,5,0.0,0.0,0.0,0,,,,,49.420952601,1
peru21_2017-05-20_1,19,none,,adaptive_mean,docling_rapidocr,deepseek,5,0,0,0,5,0.0,0.0,0.0,0,,,,,7.986338897,1
peru21_2017-05-20_1,19,none,,basic,docling_easyocr,deepseek,5,0,0,0,5,0.0,0.0,0.0,0,,,,,47.373905028,1
peru21_2017-05-20_1,19,none,,basic,docling_rapidocr,deepseek,5,0,0,0,5,0.0,0.0,0.0,0,,,,,7.34728321,1
peru21_2017-05-20_1,19,none,,niblack,docling_easyocr,deepseek,5,0,0,0,5,0.0,0.0,0.0,0,,,,,50.094542838,1
peru21_2017-05-20_1,19,none,,niblack,docling_rapidocr,deepseek,5,0,0,0,5,0.0,0.0,0.0,0,,,,,7.395569659,1
peru21_2017-05-20_1,19,none,,otsu,docling_easyocr,deepseek,5,0,0,0,5,0.0,0.0,0.0,0,,,,,47.664671578,1
peru21_2017-05-20_1,19,none,,otsu,docling_rapidocr,deepseek,5,0,0,0,5,0.0,0.0,0.0,0,,,,,7.349013724,1
peru21_2017-05-20_1,19,none,,yannihorne,docling_easyocr,deepseek,5,0,0,0,5,0.0,0.0,0.0,0,,,,,49.008558669,1
peru21_2017-05-20_1,19,none,,yannihorne,docling_rapidocr,deepseek,5,0,0,0,5,0.0,0.0,0.0,0,,,,,7.995364585,1
peru21_2017-05-20_1,20,none,,adaptive_gaussian,docling_easyocr,deepseek,5,0,0,0,5,0.0,0.0,0.0,0,,,,,49.712147386,1
peru21_2017-05-20_1,20,none,,adaptive_gaussian,docling_rapidocr,deepseek,5,0,0,0,5,0.0,0.0,0.0,0,,,,,7.680775554,1
peru21_2017-05-20_1,20,none,,adaptive_mean,docling_easyocr,deepseek,5,0,0,0,5,0.0,0.0,0.0,0,,,,,50.173884729,1
peru21_2017-05-20_1,20,none,,adaptive_mean,docling_rapidocr,deepseek,5,0,0,0,5,0.0,0.0,0.0,0,,,,,7.943268397,1
peru21_2017-05-20_1,20,none,,basic,docling_easyocr,deepseek,5,0,0,0,5,0.0,0.0,0.0,0,,,,,49.202968738,1
peru21_2017-05-20_1,20,none,,basic,docling_rapidocr,deepseek,5,0,0,0,5,0.0,0.0,0.0,0,,,,,7.367131135,1
peru21_2017-05-20_1,20,none,,niblack,docling_easyocr,deepseek,5,0,0,0,5,0.0,0.0,0.0,0,,,,,49.933740747,1
peru21_2017-05-20_1,20,none,,niblack,docling_rapidocr,deepseek,5,0,0,0,5,0.0,0.0,0.0,0,,,,,7.351079118,1
peru21_2017-05-20_1,20,none,,otsu,docling_easyocr,deepseek,5,0,0,0,5,0.0,0.0,0.0,0,,,,,47.707587693,1
peru21_2017-05-20_1,20,none,,otsu,docling_rapidocr,deepseek,5,0,0,0,5,0.0,0.0,0.0,0,,,,,7.27983496,1
peru21_2017-05-20_1,20,none,,yannihorne,docling_easyocr,deepseek,5,0,0,0,5,0.0,0.0,0.0,0,,,,,49.068490956,1
peru21_2017-05-20_1,20,none,,yannihorne,docling_rapidocr,deepseek,5,0,0,0,5,0.0,0.0,0.0,0,,,,,7.920765374,1
peru21_2017-05-20_1,21,none,,adaptive_gaussian,docling_easyocr,deepseek,5,0,0,0,5,0.0,0.0,0.0,0,,,,,146.412569524,1
peru21_2017-05-20_1,21,none,,adaptive_gaussian,docling_rapidocr,deepseek,5,0,0,0,5,0.0,0.0,0.0,0,,,,,104.531196119,1
peru21_2017-05-20_1,21,none,,adaptive_mean,docling_easyocr,deepseek,5,0,0,0,5,0.0,0.0,0.0,0,,,,,148.354579948,1
peru21_2017-05-20_1,21,none,,adaptive_mean,docling_rapidocr,deepseek,5,0,0,0,5,0.0,0.0,0.0,0,,,,,104.187829278,1
peru21_2017-05-20_1,21,none,,basic,docling_easyocr,deepseek,5,0,0,0,5,0.0,0.0,0.0,0,,,,,146.063159053,1
peru21_2017-05-20_1,21,none,,basic,docling_rapidocr,deepseek,5,0,0,0,5,0.0,0.0,0.0,0,,,,,104.480954711,1
peru21_2017-05-20_1,21,none,,niblack,docling_easyocr,deepseek,5,0,0,0,5,0.0,0.0,0.0,0,,,,,145.160438136,1
peru21_2017-05-20_1,21,none,,niblack,docling_rapidocr,deepseek,5,0,0,0,5,0.0,0.0,0.0,0,,,,,103.398061113,1
peru21_2017-05-20_1,21,none,,none_color,docling_easyocr,deepseek,5,0,0,0,5,0.0,0.0,0.0,0,,,,,147.62218403,1
peru21_2017-05-20_1,21,none,,none_color,docling_rapidocr,deepseek,5,0,0,0,5,0.0,0.0,0.0,0,,,,,104.862874499,1
peru21_2017-05-20_1,21,none,,none_grayscale,docling_easyocr,deepseek,5,0,0,0,5,0.0,0.0,0.0,0,,,,,147.481599561,1
peru21_2017-05-20_1,21,none,,none_grayscale,docling_rapidocr,deepseek,5,0,0,0,5,0.0,0.0,0.0,0,,,,,104.745789758,1
peru21_2017-05-20_1,21,none,,otsu,docling_easyocr,deepseek,5,0,0,0,5,0.0,0.0,0.0,0,,,,,148.285032886,1
peru21_2017-05-20_1,21,none,,otsu,docling_rapidocr,deepseek,5,0,0,0,5,0.0,0.0,0.0,0,,,,,104.813491004,1
peru21_2017-05-20_1,21,none,,yannihorne,docling_easyocr,deepseek,5,0,0,0,5,0.0,0.0,0.0,0,,,,,145.502268212,1
peru21_2017-05-20_1,21,none,,yannihorne,docling_rapidocr,deepseek,5,0,0,0,5,0.0,0.0,0.0,0,,,,,103.286432164,1
peru21_2017-05-20_1,22,none,,adaptive_gaussian,docling_easyocr,deepseek,5,0,0,0,5,0.0,0.0,0.0,0,,,,,148.566955653,1
peru21_2017-05-20_1,22,none,,adaptive_gaussian,docling_rapidocr,deepseek,5,0,0,0,5,0.0,0.0,0.0,0,,,,,103.804779378,1
peru21_2017-05-20_1,22,none,,adaptive_mean,docling_easyocr,deepseek,5,0,0,0,5,0.0,0.0,0.0,0,,,,,147.720326459,1
peru21_2017-05-20_1,22,none,,adaptive_mean,docling_rapidocr,deepseek,5,0,0,0,5,0.0,0.0,0.0,0,,,,,103.611717498,1
peru21_2017-05-20_1,22,none,,basic,docling_easyocr,deepseek,5,0,0,0,5,0.0,0.0,0.0,0,,,,,146.648652227,1
peru21_2017-05-20_1,22,none,,basic,docling_rapidocr,deepseek,5,0,0,0,5,0.0,0.0,0.0,0,,,,,104.317842395,1
peru21_2017-05-20_1,22,none,,niblack,docling_easyocr,deepseek,5,0,0,0,5,0.0,0.0,0.0,0,,,,,144.869300838,1
peru21_2017-05-20_1,22,none,,niblack,docling_rapidocr,deepseek,5,0,0,0,5,0.0,0.0,0.0,0,,,,,103.340636487,1
peru21_2017-05-20_1,22,none,,none_color,docling_easyocr,deepseek,5,0,0,0,5,0.0,0.0,0.0,0,,,,,147.497420627,1
peru21_2017-05-20_1,22,none,,none_color,docling_rapidocr,deepseek,5,0,0,0,5,0.0,0.0,0.0,0,,,,,104.572050172,1
peru21_2017-05-20_1,22,none,,none_grayscale,docling_easyocr,deepseek,5,0,0,0,5,0.0,0.0,0.0,0,,,,,147.762890178,1
peru21_2017-05-20_1,22,none,,none_grayscale,docling_rapidocr,deepseek,5,0,0,0,5,0.0,0.0,0.0,0,,,,,104.81511839,1
peru21_2017-05-20_1,22,none,,otsu,docling_easyocr,deepseek,5,0,0,0,5,0.0,0.0,0.0,0,,,,,146.033911689,1
peru21_2017-05-20_1,22,none,,otsu,docling_rapidocr,deepseek,5,0,0,0,5,0.0,0.0,0.0,0,,,,,104.740244611,1
peru21_2017-05-20_1,22,none,,yannihorne,docling_easyocr,deepseek,5,0,0,0,5,0.0,0.0,0.0,0,,,,,144.920385106,1
peru21_2017-05-20_1,22,none,,yannihorne,docling_rapidocr,deepseek,5,0,0,0,5,0.0,0.0,0.0,0,,,,,102.540266975,1
peru21_2017-05-20_1,23,none,,adaptive_gaussian,docling_easyocr,deepseek,5,0,0,0,5,0.0,0.0,0.0,0,,,,,147.087809785,1
peru21_2017-05-20_1,23,none,,adaptive_gaussian,docling_rapidocr,deepseek,5,0,0,0,5,0.0,0.0,0.0,0,,,,,104.414482577,1
peru21_2017-05-20_1,23,none,,adaptive_mean,docling_easyocr,deepseek,5,0,0,0,5,0.0,0.0,0.0,0,,,,,146.919002704,1
peru21_2017-05-20_1,23,none,,adaptive_mean,docling_rapidocr,deepseek,5,0,0,0,5,0.0,0.0,0.0,0,,,,,104.693002395,1
peru21_2017-05-20_1,23,none,,basic,docling_easyocr,deepseek,5,0,0,0,5,0.0,0.0,0.0,0,,,,,147.23831508,1
peru21_2017-05-20_1,23,none,,basic,docling_rapidocr,deepseek,5,0,0,0,5,0.0,0.0,0.0,0,,,,,104.410480951,1
peru21_2017-05-20_1,23,none,,niblack,docling_easyocr,deepseek,5,0,0,0,5,0.0,0.0,0.0,0,,,,,147.318155585,1
peru21_2017-05-20_1,23,none,,niblack,docling_rapidocr,deepseek,5,0,0,0,5,0.0,0.0,0.0,0,,,,,103.651715814,1
peru21_2017-05-20_1,23,none,,none_color,docling_easyocr,deepseek,5,0,0,0,5,0.0,0.0,0.0,0,,,,,150.102793119,1
peru21_2017-05-20_1,23,none,,none_color,docling_rapidocr,deepseek,5,0,0,0,5,0.0,0.0,0.0,0,,,,,105.144374749,1
peru21_2017-05-20_1,23,none,,none_grayscale,docling_easyocr,deepseek,5,0,0,0,5,0.0,0.0,0.0,0,,,,,148.712352655,1
peru21_2017-05-20_1,23,none,,none_grayscale,docling_rapidocr,deepseek,5,0,0,0,5,0.0,0.0,0.0,0,,,,,105.1389729,1
peru21_2017-05-20_1,23,none,,otsu,docling_easyocr,deepseek,5,0,0,0,5,0.0,0.0,0.0,0,,,,,147.265020894,1
peru21_2017-05-20_1,23,none,,otsu,docling_rapidocr,deepseek,5,0,0,0,5,0.0,0.0,0.0,0,,,,,104.447537231,1
peru21_2017-05-20_1,23,none,,yannihorne,docling_easyocr,deepseek,5,0,0,0,5,0.0,0.0,0.0,0,,,,,144.629745053,1
peru21_2017-05-20_1,23,none,,yannihorne,docling_rapidocr,deepseek,5,0,0,0,5,0.0,0.0,0.0,0,,,,,103.718796062,1
peru21_2017-05-20_1,24,none,,adaptive_gaussian,docling_easyocr,deepseek,5,0,0,0,5,0.0,0.0,0.0,0,,,,,53.544570005,1
peru21_2017-05-20_1,24,none,,adaptive_gaussian,docling_rapidocr,deepseek,5,0,0,0,5,0.0,0.0,0.0,0,,,,,8.775363481,1
peru21_2017-05-20_1,24,none,,adaptive_mean,docling_easyocr,deepseek,5,0,0,0,5,0.0,0.0,0.0,0,,,,,53.437148482,1
peru21_2017-05-20_1,24,none,,adaptive_mean,docling_rapidocr,deepseek,5,0,0,0,5,0.0,0.0,0.0,0,,,,,9.375166089,1
peru21_2017-05-20_1,24,none,,basic,docling_easyocr,deepseek,5,0,0,0,5,0.0,0.0,0.0,0,,,,,53.036593629,1
peru21_2017-05-20_1,24,none,,basic,docling_rapidocr,deepseek,5,0,0,0,5,0.0,0.0,0.0,0,,,,,9.403837396,1
peru21_2017-05-20_1,24,none,,niblack,docling_easyocr,deepseek,5,0,0,0,5,0.0,0.0,0.0,0,,,,,49.791869905,1
peru21_2017-05-20_1,24,none,,niblack,docling_rapidocr,deepseek,5,0,0,0,5,0.0,0.0,0.0,0,,,,,8.094845082,1
peru21_2017-05-20_1,24,none,,none_color,docling_easyocr,deepseek,5,0,0,0,5,0.0,0.0,0.0,0,,,,,53.905211734,1
peru21_2017-05-20_1,24,none,,none_color,docling_rapidocr,deepseek,5,0,0,0,5,0.0,0.0,0.0,0,,,,,9.014452743,1
peru21_2017-05-20_1,24,none,,none_grayscale,docling_easyocr,deepseek,5,0,0,0,5,0.0,0.0,0.0,0,,,,,53.866706491,1
peru21_2017-05-20_1,24,none,,none_grayscale,docling_rapidocr,deepseek,5,0,0,0,5,0.0,0.0,0.0,0,,,,,9.589473367,1
peru21_2017-05-20_1,24,none,,otsu,docling_easyocr,deepseek,5,0,0,0,5,0.0,0.0,0.0,0,,,,,50.850168254,1
peru21_2017-05-20_1,24,none,,otsu,docling_rapidocr,deepseek,5,0,0,0,5,0.0,0.0,0.0,0,,,,,9.465304162,1
peru21_2017-05-20_1,24,none,,yannihorne,docling_easyocr,deepseek,5,0,0,0,5,0.0,0.0,0.0,0,,,,,48.199395682,1
peru21_2017-05-20_1,24,none,,yannihorne,docling_rapidocr,deepseek,5,0,0,0,5,0.0,0.0,0.0,0,,,,,7.89329293,1
peru21_2017-05-20_1,25,none,,adaptive_gaussian,docling_easyocr,deepseek,5,0,0,0,5,0.0,0.0,0.0,0,,,,,53.565979434,1
peru21_2017-05-20_1,25,none,,adaptive_gaussian,docling_rapidocr,deepseek,5,0,0,0,5,0.0,0.0,0.0,0,,,,,8.752914859,1
peru21_2017-05-20_1,25,none,,adaptive_mean,docling_easyocr,deepseek,5,0,0,0,5,0.0,0.0,0.0,0,,,,,53.913928338,1
peru21_2017-05-20_1,25,none,,adaptive_mean,docling_rapidocr,deepseek,5,0,0,0,5,0.0,0.0,0.0,0,,,,,9.073224612,1
peru21_2017-05-20_1,25,none,,basic,docling_easyocr,deepseek,5,0,0,0,5,0.0,0.0,0.0,0,,,,,51.135981908,1
peru21_2017-05-20_1,25,none,,basic,docling_rapidocr,deepseek,5,0,0,0,5,0.0,0.0,0.0,0,,,,,8.788353076,1
peru21_2017-05-20_1,25,none,,niblack,docling_easyocr,deepseek,5,0,0,0,5,0.0,0.0,0.0,0,,,,,48.774648849,1
peru21_2017-05-20_1,25,none,,niblack,docling_rapidocr,deepseek,5,0,0,0,5,0.0,0.0,0.0,0,,,,,7.923578921,1
peru21_2017-05-20_1,25,none,,none_color,docling_easyocr,deepseek,5,0,0,0,5,0.0,0.0,0.0,0,,,,,53.746402539,1
peru21_2017-05-20_1,25,none,,none_color,docling_rapidocr,deepseek,5,0,0,0,5,0.0,0.0,0.0,0,,,,,9.129735507,1
peru21_2017-05-20_1,25,none,,none_grayscale,docling_easyocr,deepseek,5,0,0,0,5,0.0,0.0,0.0,0,,,,,51.58579742,1
peru21_2017-05-20_1,25,none,,none_grayscale,docling_rapidocr,deepseek,5,0,0,0,5,0.0,0.0,0.0,0,,,,,8.83228909,1
peru21_2017-05-20_1,25,none,,otsu,docling_easyocr,deepseek,5,0,0,0,5,0.0,0.0,0.0,0,,,,,51.129017369,1
peru21_2017-05-20_1,25,none,,otsu,docling_rapidocr,deepseek,5,0,0,0,5,0.0,0.0,0.0,0,,,,,9.627380387,1
peru21_2017-05-20_1,25,none,,yannihorne,docling_easyocr,deepseek,5,0,0,0,5,0.0,0.0,0.0,0,,,,,49.573026435,1
peru21_2017-05-20_1,25,none,,yannihorne,docling_rapidocr,deepseek,5,0,0,0,5,0.0,0.0,0.0,0,,,,,7.95162441,1
peru21_2017-05-20_1,26,none,,adaptive_gaussian,docling_easyocr,deepseek,5,0,0,0,5,0.0,0.0,0.0,0,,,,,53.319945859,1
peru21_2017-05-20_1,26,none,,adaptive_gaussian,docling_rapidocr,deepseek,5,0,0,0,5,0.0,0.0,0.0,0,,,,,8.748241471,1
peru21_2017-05-20_1,26,none,,adaptive_mean,docling_easyocr,deepseek,5,0,0,0,5,0.0,0.0,0.0,0,,,,,53.351342507,1
peru21_2017-05-20_1,26,none,,adaptive_mean,docling_rapidocr,deepseek,5,0,0,0,5,0.0,0.0,0.0,0,,,,,8.673616716,1
peru21_2017-05-20_1,26,none,,basic,docling_easyocr,deepseek,5,6,5,1,0,0.833333,1.0,0.909091,5,0.8675943206175765,1.0,0.0,0.0,52.447138181,0
peru21_2017-05-20_1,26,none,,basic,docling_rapidocr,deepseek,5,0,0,0,5,0.0,0.0,0.0,0,,,,,8.894854655,1
peru21_2017-05-20_1,26,none,,niblack,docling_easyocr,deepseek,5,0,0,0,5,0.0,0.0,0.0,0,,,,,50.905256517,1
peru21_2017-05-20_1,26,none,,niblack,docling_rapidocr,deepseek,5,0,0,0,5,0.0,0.0,0.0,0,,,,,8.106449372,1
peru21_2017-05-20_1,26,none,,none_color,docling_easyocr,deepseek,5,0,0,0,5,0.0,0.0,0.0,0,,,,,53.511069335,1
peru21_2017-05-20_1,26,none,,none_color,docling_rapidocr,deepseek,5,0,0,0,5,0.0,0.0,0.0,0,,,,,9.402506627,1
peru21_2017-05-20_1,26,none,,none_grayscale,docling_easyocr,deepseek,5,0,0,0,5,0.0,0.0,0.0,0,,,,,51.335649766,1
peru21_2017-05-20_1,26,none,,none_grayscale,docling_rapidocr,deepseek,5,0,0,0,5,0.0,0.0,0.0,0,,,,,9.605640687,1
peru21_2017-05-20_1,26,none,,otsu,docling_easyocr,deepseek,5,0,0,0,5,0.0,0.0,0.0,0,,,,,50.185809318,1
peru21_2017-05-20_1,26,none,,otsu,docling_rapidocr,deepseek,5,0,0,0,5,0.0,0.0,0.0,0,,,,,9.052486125,1
peru21_2017-05-20_1,26,none,,yannihorne,docling_easyocr,deepseek,5,0,0,0,5,0.0,0.0,0.0,0,,,,,49.331064168,1
peru21_2017-05-20_1,26,none,,yannihorne,docling_rapidocr,deepseek,5,0,0,0,5,0.0,0.0,0.0,0,,,,,7.627013866,1
peru21_2017-05-20_1,27,none,,adaptive_gaussian,docling_easyocr,deepseek,5,0,0,0,5,0.0,0.0,0.0,0,,,,,53.298233993,1
peru21_2017-05-20_1,27,none,,adaptive_gaussian,docling_rapidocr,deepseek,5,0,0,0,5,0.0,0.0,0.0,0,,,,,8.642267472,1
peru21_2017-05-20_1,27,none,,adaptive_mean,docling_easyocr,deepseek,5,0,0,0,5,0.0,0.0,0.0,0,,,,,50.583951263,1
peru21_2017-05-20_1,27,none,,adaptive_mean,docling_rapidocr,deepseek,5,0,0,0,5,0.0,0.0,0.0,0,,,,,8.816195039,1
peru21_2017-05-20_1,27,none,,basic,docling_easyocr,deepseek,5,0,0,0,5,0.0,0.0,0.0,0,,,,,50.808210443,1
peru21_2017-05-20_1,27,none,,basic,docling_rapidocr,deepseek,5,0,0,0,5,0.0,0.0,0.0,0,,,,,9.522432397,1
peru21_2017-05-20_1,27,none,,niblack,docling_easyocr,deepseek,5,0,0,0,5,0.0,0.0,0.0,0,,,,,49.604337545,1
peru21_2017-05-20_1,27,none,,niblack,docling_rapidocr,deepseek,5,0,0,0,5,0.0,0.0,0.0,0,,,,,7.989786239,1
peru21_2017-05-20_1,27,none,,none_color,docling_easyocr,deepseek,5,0,0,0,5,0.0,0.0,0.0,0,,,,,51.338845178,1
peru21_2017-05-20_1,27,none,,none_color,docling_rapidocr,deepseek,5,0,0,0,5,0.0,0.0,0.0,0,,,,,9.76501052,1
peru21_2017-05-20_1,27,none,,none_grayscale,docling_easyocr,deepseek,5,0,0,0,5,0.0,0.0,0.0,0,,,,,51.463075158,1
peru21_2017-05-20_1,27,none,,none_grayscale,docling_rapidocr,deepseek,5,0,0,0,5,0.0,0.0,0.0,0,,,,,9.201444146,1
peru21_2017-05-20_1,27,none,,otsu,docling_easyocr,deepseek,5,0,0,0,5,0.0,0.0,0.0,0,,,,,52.769924544,1
peru21_2017-05-20_1,27,none,,otsu,docling_rapidocr,deepseek,5,0,0,0,5,0.0,0.0,0.0,0,,,,,9.375387334,1
peru21_2017-05-20_1,27,none,,yannihorne,docling_easyocr,deepseek,5,0,0,0,5,0.0,0.0,0.0,0,,,,,49.694259309,1
peru21_2017-05-20_1,27,none,,yannihorne,docling_rapidocr,deepseek,5,0,0,0,5,0.0,0.0,0.0,0,,,,,8.19886651,1
peru21_2017-05-20_1,28,none,,adaptive_gaussian,docling_easyocr,deepseek,5,0,0,0,5,0.0,0.0,0.0,0,,,,,51.201060025,1
peru21_2017-05-20_1,28,none,,adaptive_gaussian,docling_rapidocr,deepseek,5,0,0,0,5,0.0,0.0,0.0,0,,,,,8.780300109,1
peru21_2017-05-20_1,28,none,,adaptive_mean,docling_easyocr,deepseek,5,0,0,0,5,0.0,0.0,0.0,0,,,,,53.557118571,1
peru21_2017-05-20_1,28,none,,adaptive_mean,docling_rapidocr,deepseek,5,0,0,0,5,0.0,0.0,0.0,0,,,,,8.566380656,1
peru21_2017-05-20_1,28,none,,basic,docling_easyocr,deepseek,5,0,0,0,5,0.0,0.0,0.0,0,,,,,53.280896146,1
peru21_2017-05-20_1,28,none,,basic,docling_rapidocr,deepseek,5,0,0,0,5,0.0,0.0,0.0,0,,,,,9.223765094,1
peru21_2017-05-20_1,28,none,,niblack,docling_easyocr,deepseek,5,0,0,0,5,0.0,0.0,0.0,0,,,,,51.256118091,1
peru21_2017-05-20_1,28,none,,niblack,docling_rapidocr,deepseek,5,0,0,0,5,0.0,0.0,0.0,0,,,,,7.964182408,1
peru21_2017-05-20_1,28,none,,none_color,docling_easyocr,deepseek,5,0,0,0,5,0.0,0.0,0.0,0,,,,,51.890869193,1
peru21_2017-05-20_1,28,none,,none_color,docling_rapidocr,deepseek,5,0,0,0,5,0.0,0.0,0.0,0,,,,,9.488144689,1
peru21_2017-05-20_1,28,none,,none_grayscale,docling_easyocr,deepseek,5,0,0,0,5,0.0,0.0,0.0,0,,,,,51.998638278,1
peru21_2017-05-20_1,28,none,,none_grayscale,docling_rapidocr,deepseek,5,0,0,0,5,0.0,0.0,0.0,0,,,,,9.553098804,1
peru21_2017-05-20_1,28,none,,otsu,docling_easyocr,deepseek,5,0,0,0,5,0.0,0.0,0.0,0,,,,,53.41703132,1
peru21_2017-05-20_1,28,none,,otsu,docling_rapidocr,deepseek,5,0,0,0,5,0.0,0.0,0.0,0,,,,,9.467902215,1
peru21_2017-05-20_1,28,none,,yannihorne,docling_easyocr,deepseek,5,0,0,0,5,0.0,0.0,0.0,0,,,,,49.60279444,1
peru21_2017-05-20_1,28,none,,yannihorne,docling_rapidocr,deepseek,5,0,0,0,5,0.0,0.0,0.0,0,,,,,7.940095933,1
peru21_2017-05-20_1,29,none,,adaptive_gaussian,docling_easyocr,deepseek,5,0,0,0,5,0.0,0.0,0.0,0,,,,,51.406595841,1
peru21_2017-05-20_1,29,none,,adaptive_gaussian,docling_rapidocr,deepseek,5,0,0,0,5,0.0,0.0,0.0,0,,,,,8.610046283,1
peru21_2017-05-20_1,29,none,,adaptive_mean,docling_easyocr,deepseek,5,0,0,0,5,0.0,0.0,0.0,0,,,,,51.56987325,1
peru21_2017-05-20_1,29,none,,adaptive_mean,docling_rapidocr,deepseek,5,0,0,0,5,0.0,0.0,0.0,0,,,,,8.621338761,1
peru21_2017-05-20_1,29,none,,basic,docling_easyocr,deepseek,5,0,0,0,5,0.0,0.0,0.0,0,,,,,51.29316612,1
peru21_2017-05-20_1,29,none,,basic,docling_rapidocr,deepseek,5,0,0,0,5,0.0,0.0,0.0,0,,,,,9.48840471,1
peru21_2017-05-20_1,29,none,,niblack,docling_easyocr,deepseek,5,0,0,0,5,0.0,0.0,0.0,0,,,,,51.307048778,1
peru21_2017-05-20_1,29,none,,niblack,docling_rapidocr,deepseek,5,0,0,0,5,0.0,0.0,0.0,0,,,,,8.277157287,1
peru21_2017-05-20_1,29,none,,none_color,docling_easyocr,deepseek,5,0,0,0,5,0.0,0.0,0.0,0,,,,,51.927152282,1
peru21_2017-05-20_1,29,none,,none_color,docling_rapidocr,deepseek,5,0,0,0,5,0.0,0.0,0.0,0,,,,,8.94849742,1
peru21_2017-05-20_1,29,none,,none_grayscale,docling_easyocr,deepseek,5,0,0,0,5,0.0,0.0,0.0,0,,,,,52.179121858,1
peru21_2017-05-20_1,29,none,,none_grayscale,docling_rapidocr,deepseek,5,0,0,0,5,0.0,0.0,0.0,0,,,,,8.922945863,1
peru21_2017-05-20_1,29,none,,otsu,docling_easyocr,deepseek,5,0,0,0,5,0.0,0.0,0.0,0,,,,,52.839754613,1
peru21_2017-05-20_1,29,none,,otsu,docling_rapidocr,deepseek,5,0,0,0,5,0.0,0.0,0.0,0,,,,,8.74381903,1
peru21_2017-05-20_1,29,none,,yannihorne,docling_easyocr,deepseek,5,0,0,0,5,0.0,0.0,0.0,0,,,,,49.389300616,1
peru21_2017-05-20_1,29,none,,yannihorne,docling_rapidocr,deepseek,5,0,0,0,5,0.0,0.0,0.0,0,,,,,7.644959243,1
peru21_2017-05-20_1,30,none,,adaptive_gaussian,docling_easyocr,deepseek,5,0,0,0,5,0.0,0.0,0.0,0,,,,,51.023534453,1
peru21_2017-05-20_1,30,none,,adaptive_gaussian,docling_rapidocr,deepseek,5,0,0,0,5,0.0,0.0,0.0,0,,,,,9.223882831,1
peru21_2017-05-20_1,30,none,,adaptive_mean,docling_easyocr,deepseek,5,0,0,0,5,0.0,0.0,0.0,0,,,,,53.421607764,1
peru21_2017-05-20_1,30,none,,adaptive_mean,docling_rapidocr,deepseek,5,0,0,0,5,0.0,0.0,0.0,0,,,,,9.080490621,1
peru21_2017-05-20_1,30,none,,basic,docling_easyocr,deepseek,5,0,0,0,5,0.0,0.0,0.0,0,,,,,50.7397522,1
peru21_2017-05-20_1,30,none,,basic,docling_rapidocr,deepseek,5,0,0,0,5,0.0,0.0,0.0,0,,,,,9.444508698,1
peru21_2017-05-20_1,30,none,,niblack,docling_easyocr,deepseek,5,0,0,0,5,0.0,0.0,0.0,0,,,,,50.887497664,1
peru21_2017-05-20_1,30,none,,niblack,docling_rapidocr,deepseek,5,0,0,0,5,0.0,0.0,0.0,0,,,,,8.296258451,1
peru21_2017-05-20_1,30,none,,none_color,docling_easyocr,deepseek,5,0,0,0,5,0.0,0.0,0.0,0,,,,,52.112646104,1
peru21_2017-05-20_1,30,none,,none_color,docling_rapidocr,deepseek,5,0,0,0,5,0.0,0.0,0.0,0,,,,,9.683603526,1
peru21_2017-05-20_1,30,none,,none_grayscale,docling_easyocr,deepseek,5,0,0,0,5,0.0,0.0,0.0,0,,,,,52.614626481,1
peru21_2017-05-20_1,30,none,,none_grayscale,docling_rapidocr,deepseek,5,0,0,0,5,0.0,0.0,0.0,0,,,,,9.639940097,1
peru21_2017-05-20_1,30,none,,otsu,docling_easyocr,deepseek,5,0,0,0,5,0.0,0.0,0.0,0,,,,,52.94873784,1
peru21_2017-05-20_1,30,none,,otsu,docling_rapidocr,deepseek,5,0,0,0,5,0.0,0.0,0.0,0,,,,,8.821175317,1
peru21_2017-05-20_1,30,none,,yannihorne,docling_easyocr,deepseek,5,0,0,0,5,0.0,0.0,0.0,0,,,,,49.861295918,1
peru21_2017-05-20_1,30,none,,yannihorne,docling_rapidocr,deepseek,5,0,0,0,5,0.0,0.0,0.0,0,,,,,8.009601335,1
peru21_2017-05-20_1,31,none,,adaptive_gaussian,docling_easyocr,deepseek,5,0,0,0,5,0.0,0.0,0.0,0,,,,,51.610201877,1
peru21_2017-05-20_1,31,none,,adaptive_gaussian,docling_rapidocr,deepseek,5,0,0,0,5,0.0,0.0,0.0,0,,,,,9.08366112,1
peru21_2017-05-20_1,31,none,,adaptive_mean,docling_easyocr,deepseek,5,0,0,0,5,0.0,0.0,0.0,0,,,,,51.364052451,1
peru21_2017-05-20_1,31,none,,adaptive_mean,docling_rapidocr,deepseek,5,0,0,0,5,0.0,0.0,0.0,0,,,,,9.049318707,1
peru21_2017-05-20_1,31,none,,basic,docling_easyocr,deepseek,5,0,0,0,5,0.0,0.0,0.0,0,,,,,51.157992156,1
peru21_2017-05-20_1,31,none,,basic,docling_rapidocr,deepseek,5,0,0,0,5,0.0,0.0,0.0,0,,,,,9.618851932,1
peru21_2017-05-20_1,31,none,,niblack,docling_easyocr,deepseek,5,0,0,0,5,0.0,0.0,0.0,0,,,,,50.150000459,1
peru21_2017-05-20_1,31,none,,niblack,docling_rapidocr,deepseek,5,0,0,0,5,0.0,0.0,0.0,0,,,,,8.554673797,1
peru21_2017-05-20_1,31,none,,none_color,docling_easyocr,deepseek,5,0,0,0,5,0.0,0.0,0.0,0,,,,,52.53753913,1
peru21_2017-05-20_1,31,none,,none_color,docling_rapidocr,deepseek,5,0,0,0,5,0.0,0.0,0.0,0,,,,,9.000292188,1
peru21_2017-05-20_1,31,none,,none_grayscale,docling_easyocr,deepseek,5,0,0,0,5,0.0,0.0,0.0,0,,,,,53.219606359,1
peru21_2017-05-20_1,31,none,,none_grayscale,docling_rapidocr,deepseek,5,0,0,0,5,0.0,0.0,0.0,0,,,,,9.675129373,1
peru21_2017-05-20_1,31,none,,otsu,docling_easyocr,deepseek,5,0,0,0,5,0.0,0.0,0.0,0,,,,,51.930823668,1
peru21_2017-05-20_1,31,none,,otsu,docling_rapidocr,deepseek,5,0,0,0,5,0.0,0.0,0.0,0,,,,,9.506814345,1
peru21_2017-05-20_1,31,none,,yannihorne,docling_easyocr,deepseek,5,0,0,0,5,0.0,0.0,0.0,0,,,,,50.046737298,1
peru21_2017-05-20_1,31,none,,yannihorne,docling_rapidocr,deepseek,5,0,0,0,5,0.0,0.0,0.0,0,,,,,7.749806508,1
peru21_2017-05-20_1,32,none,,adaptive_gaussian,docling_easyocr,deepseek,5,0,0,0,5,0.0,0.0,0.0,0,,,,,52.98845131,1
peru21_2017-05-20_1,32,none,,adaptive_gaussian,docling_rapidocr,deepseek,5,0,0,0,5,0.0,0.0,0.0,0,,,,,8.722550221,1
peru21_2017-05-20_1,32,none,,adaptive_mean,docling_easyocr,deepseek,5,0,0,0,5,0.0,0.0,0.0,0,,,,,52.93382527,1
peru21_2017-05-20_1,32,none,,adaptive_mean,docling_rapidocr,deepseek,5,0,0,0,5,0.0,0.0,0.0,0,,,,,8.460955159,1
peru21_2017-05-20_1,32,none,,basic,docling_easyocr,deepseek,5,0,0,0,5,0.0,0.0,0.0,0,,,,,50.703454552,1
peru21_2017-05-20_1,32,none,,basic,docling_rapidocr,deepseek,5,0,0,0,5,0.0,0.0,0.0,0,,,,,9.39212924,1
peru21_2017-05-20_1,32,none,,niblack,docling_easyocr,deepseek,5,0,0,0,5,0.0,0.0,0.0,0,,,,,50.86137312,1
peru21_2017-05-20_1,32,none,,niblack,docling_rapidocr,deepseek,5,0,0,0,5,0.0,0.0,0.0,0,,,,,8.802571707,1
peru21_2017-05-20_1,32,none,,none_color,docling_easyocr,deepseek,5,0,0,0,5,0.0,0.0,0.0,0,,,,,54.283237204,1
peru21_2017-05-20_1,32,none,,none_color,docling_rapidocr,deepseek,5,0,0,0,5,0.0,0.0,0.0,0,,,,,9.7695968,1
peru21_2017-05-20_1,32,none,,none_grayscale,docling_easyocr,deepseek,5,0,0,0,5,0.0,0.0,0.0,0,,,,,54.528266177,1
peru21_2017-05-20_1,32,none,,none_grayscale,docling_rapidocr,deepseek,5,0,0,0,5,0.0,0.0,0.0,0,,,,,9.086477503,1
peru21_2017-05-20_1,32,none,,otsu,docling_easyocr,deepseek,5,0,0,0,5,0.0,0.0,0.0,0,,,,,53.062625777,1
peru21_2017-05-20_1,32,none,,otsu,docling_rapidocr,deepseek,5,0,0,0,5,0.0,0.0,0.0,0,,,,,8.77910174,1
peru21_2017-05-20_1,32,none,,yannihorne,docling_easyocr,deepseek,5,0,0,0,5,0.0,0.0,0.0,0,,,,,49.948448073,1
peru21_2017-05-20_1,32,none,,yannihorne,docling_rapidocr,deepseek,5,0,0,0,5,0.0,0.0,0.0,0,,,,,8.019289385,1
peru21_2017-05-20_1,33,none,,adaptive_gaussian,docling_easyocr,deepseek,5,0,0,0,5,0.0,0.0,0.0,0,,,,,53.248666613,1
peru21_2017-05-20_1,33,none,,adaptive_gaussian,docling_rapidocr,deepseek,5,0,0,0,5,0.0,0.0,0.0,0,,,,,8.422436802,1
peru21_2017-05-20_1,33,none,,adaptive_mean,docling_easyocr,deepseek,5,0,0,0,5,0.0,0.0,0.0,0,,,,,50.909822024,1
peru21_2017-05-20_1,33,none,,adaptive_mean,docling_rapidocr,deepseek,5,0,0,0,5,0.0,0.0,0.0,0,,,,,9.008962668,1
peru21_2017-05-20_1,33,none,,basic,docling_easyocr,deepseek,5,0,0,0,5,0.0,0.0,0.0,0,,,,,52.456958372,1
peru21_2017-05-20_1,33,none,,basic,docling_rapidocr,deepseek,5,0,0,0,5,0.0,0.0,0.0,0,,,,,8.920270283,1
peru21_2017-05-20_1,33,none,,niblack,docling_easyocr,deepseek,5,0,0,0,5,0.0,0.0,0.0,0,,,,,51.620346024,1
peru21_2017-05-20_1,33,none,,niblack,docling_rapidocr,deepseek,5,0,0,0,5,0.0,0.0,0.0,0,,,,,8.245792105,1
peru21_2017-05-20_1,33,none,,none_color,docling_easyocr,deepseek,5,0,0,0,5,0.0,0.0,0.0,0,,,,,54.292514258,1
peru21_2017-05-20_1,33,none,,none_color,docling_rapidocr,deepseek,5,0,0,0,5,0.0,0.0,0.0,0,,,,,9.635837965,1
peru21_2017-05-20_1,33,none,,none_grayscale,docling_easyocr,deepseek,5,0,0,0,5,0.0,0.0,0.0,0,,,,,51.632437235,1
peru21_2017-05-20_1,33,none,,none_grayscale,docling_rapidocr,deepseek,5,0,0,0,5,0.0,0.0,0.0,0,,,,,9.190009362,1
peru21_2017-05-20_1,33,none,,otsu,docling_easyocr,deepseek,5,0,0,0,5,0.0,0.0,0.0,0,,,,,50.723956259,1
peru21_2017-05-20_1,33,none,,otsu,docling_rapidocr,deepseek,5,0,0,0,5,0.0,0.0,0.0,0,,,,,8.795515211,1
peru21_2017-05-20_1,33,none,,yannihorne,docling_easyocr,deepseek,5,0,0,0,5,0.0,0.0,0.0,0,,,,,49.888844879,1
peru21_2017-05-20_1,33,none,,yannihorne,docling_rapidocr,deepseek,5,0,0,0,5,0.0,0.0,0.0,0,,,,,7.95390168,1
peru21_2017-05-20_1,34,none,,adaptive_gaussian,docling_easyocr,deepseek,5,0,0,0,5,0.0,0.0,0.0,0,,,,,52.812159035,1
peru21_2017-05-20_1,34,none,,adaptive_gaussian,docling_rapidocr,deepseek,5,0,0,0,5,0.0,0.0,0.0,0,,,,,8.744722102,1
peru21_2017-05-20_1,34,none,,adaptive_mean,docling_easyocr,deepseek,5,0,0,0,5,0.0,0.0,0.0,0,,,,,52.587684792,1
peru21_2017-05-20_1,34,none,,adaptive_mean,docling_rapidocr,deepseek,5,0,0,0,5,0.0,0.0,0.0,0,,,,,8.567863625,1
peru21_2017-05-20_1,34,none,,basic,docling_easyocr,deepseek,5,0,0,0,5,0.0,0.0,0.0,0,,,,,52.850660288,1
peru21_2017-05-20_1,34,none,,basic,docling_rapidocr,deepseek,5,0,0,0,5,0.0,0.0,0.0,0,,,,,9.208641016,1
peru21_2017-05-20_1,34,none,,niblack,docling_easyocr,deepseek,5,0,0,0,5,0.0,0.0,0.0,0,,,,,51.028241215,1
peru21_2017-05-20_1,34,none,,niblack,docling_rapidocr,deepseek,5,0,0,0,5,0.0,0.0,0.0,0,,,,,8.472091732,1
peru21_2017-05-20_1,34,none,,none_color,docling_easyocr,deepseek,5,0,0,0,5,0.0,0.0,0.0,0,,,,,51.850105343,1
peru21_2017-05-20_1,34,none,,none_color,docling_rapidocr,deepseek,5,0,0,0,5,0.0,0.0,0.0,0,,,,,9.774004279,1
peru21_2017-05-20_1,34,none,,none_grayscale,docling_easyocr,deepseek,5,0,0,0,5,0.0,0.0,0.0,0,,,,,51.559577357,1
peru21_2017-05-20_1,34,none,,none_grayscale,docling_rapidocr,deepseek,5,0,0,0,5,0.0,0.0,0.0,0,,,,,9.129918467,1
peru21_2017-05-20_1,34,none,,otsu,docling_easyocr,deepseek,5,0,0,0,5,0.0,0.0,0.0,0,,,,,53.239227331,1
peru21_2017-05-20_1,34,none,,otsu,docling_rapidocr,deepseek,5,0,0,0,5,0.0,0.0,0.0,0,,,,,9.398623503,1
peru21_2017-05-20_1,34,none,,yannihorne,docling_easyocr,deepseek,5,0,0,0,5,0.0,0.0,0.0,0,,,,,49.254370249,1
peru21_2017-05-20_1,34,none,,yannihorne,docling_rapidocr,deepseek,5,0,0,0,5,0.0,0.0,0.0,0,,,,,7.6382244,1
peru21_2017-05-20_1,35,none,,adaptive_gaussian,docling_easyocr,deepseek,5,0,0,0,5,0.0,0.0,0.0,0,,,,,50.641820809,1
peru21_2017-05-20_1,35,none,,adaptive_gaussian,docling_rapidocr,deepseek,5,0,0,0,5,0.0,0.0,0.0,0,,,,,8.8197185,1
peru21_2017-05-20_1,35,none,,adaptive_mean,docling_easyocr,deepseek,5,0,0,0,5,0.0,0.0,0.0,0,,,,,52.624515932,1
peru21_2017-05-20_1,35,none,,adaptive_mean,docling_rapidocr,deepseek,5,0,0,0,5,0.0,0.0,0.0,0,,,,,8.669037026,1
peru21_2017-05-20_1,35,none,,basic,docling_easyocr,deepseek,5,0,0,0,5,0.0,0.0,0.0,0,,,,,50.072896445,1
peru21_2017-05-20_1,35,none,,basic,docling_rapidocr,deepseek,5,0,0,0,5,0.0,0.0,0.0,0,,,,,8.857653344,1
peru21_2017-05-20_1,35,none,,niblack,docling_easyocr,deepseek,5,0,0,0,5,0.0,0.0,0.0,0,,,,,51.330958403,1
peru21_2017-05-20_1,35,none,,niblack,docling_rapidocr,deepseek,5,0,0,0,5,0.0,0.0,0.0,0,,,,,8.56656102,1
peru21_2017-05-20_1,35,none,,none_color,docling_easyocr,deepseek,5,0,0,0,5,0.0,0.0,0.0,0,,,,,51.399305235,1
peru21_2017-05-20_1,35,none,,none_color,docling_rapidocr,deepseek,5,0,0,0,5,0.0,0.0,0.0,0,,,,,9.321741711,1
peru21_2017-05-20_1,35,none,,none_grayscale,docling_easyocr,deepseek,5,0,0,0,5,0.0,0.0,0.0,0,,,,,51.231869351,1
peru21_2017-05-20_1,35,none,,none_grayscale,docling_rapidocr,deepseek,5,0,0,0,5,0.0,0.0,0.0,0,,,,,9.078656088,1
peru21_2017-05-20_1,35,none,,otsu,docling_easyocr,deepseek,5,0,0,0,5,0.0,0.0,0.0,0,,,,,50.327837027,1
peru21_2017-05-20_1,35,none,,otsu,docling_rapidocr,deepseek,5,0,0,0,5,0.0,0.0,0.0,0,,,,,9.071087397,1
peru21_2017-05-20_1,35,none,,yannihorne,docling_easyocr,deepseek,5,0,0,0,5,0.0,0.0,0.0,0,,,,,49.665477312,1
peru21_2017-05-20_1,35,none,,yannihorne,docling_rapidocr,deepseek,5,0,0,0,5,0.0,0.0,0.0,0,,,,,7.648430861,1
peru21_2017-05-20_1,36,none,,adaptive_gaussian,docling_easyocr,deepseek,5,0,0,0,5,0.0,0.0,0.0,0,,,,,52.518022097,1
peru21_2017-05-20_1,36,none,,adaptive_gaussian,docling_rapidocr,deepseek,5,0,0,0,5,0.0,0.0,0.0,0,,,,,9.064015663,1
peru21_2017-05-20_1,36,none,,adaptive_mean,docling_easyocr,deepseek,5,0,0,0,5,0.0,0.0,0.0,0,,,,,52.500735195,1
peru21_2017-05-20_1,36,none,,adaptive_mean,docling_rapidocr,deepseek,5,0,0,0,5,0.0,0.0,0.0,0,,,,,9.014453324,1
peru21_2017-05-20_1,36,none,,basic,docling_easyocr,deepseek,5,0,0,0,5,0.0,0.0,0.0,0,,,,,52.198003558,1
peru21_2017-05-20_1,36,none,,basic,docling_rapidocr,deepseek,5,0,0,0,5,0.0,0.0,0.0,0,,,,,9.038584021,1
peru21_2017-05-20_1,36,none,,niblack,docling_easyocr,deepseek,5,0,0,0,5,0.0,0.0,0.0,0,,,,,50.856793711,1
peru21_2017-05-20_1,36,none,,niblack,docling_rapidocr,deepseek,5,0,0,0,5,0.0,0.0,0.0,0,,,,,7.936653206,1
peru21_2017-05-20_1,36,none,,none_color,docling_easyocr,deepseek,5,0,0,0,5,0.0,0.0,0.0,0,,,,,52.053820254,1
peru21_2017-05-20_1,36,none,,none_color,docling_rapidocr,deepseek,5,0,0,0,5,0.0,0.0,0.0,0,,,,,9.724172713,1
peru21_2017-05-20_1,36,none,,none_grayscale,docling_easyocr,deepseek,5,0,0,0,5,0.0,0.0,0.0,0,,,,,51.812976076,1
peru21_2017-05-20_1,36,none,,none_grayscale,docling_rapidocr,deepseek,5,0,0,0,5,0.0,0.0,0.0,0,,,,,9.653227522,1
peru21_2017-05-20_1,36,none,,otsu,docling_easyocr,deepseek,5,0,0,0,5,0.0,0.0,0.0,0,,,,,50.842400174,1
peru21_2017-05-20_1,36,none,,otsu,docling_rapidocr,deepseek,5,0,0,0,5,0.0,0.0,0.0,0,,,,,8.973892073,1
peru21_2017-05-20_1,36,none,,yannihorne,docling_easyocr,deepseek,5,0,0,0,5,0.0,0.0,0.0,0,,,,,49.338384728,1
peru21_2017-05-20_1,36,none,,yannihorne,docling_rapidocr,deepseek,5,0,0,0,5,0.0,0.0,0.0,0,,,,,8.001676659,1
peru21_2017-05-20_1,37,none,,adaptive_gaussian,docling_easyocr,deepseek,5,0,0,0,5,0.0,0.0,0.0,0,,,,,50.794687981,1
peru21_2017-05-20_1,37,none,,adaptive_gaussian,docling_rapidocr,deepseek,5,0,0,0,5,0.0,0.0,0.0,0,,,,,8.501935,1
peru21_2017-05-20_1,37,none,,adaptive_mean,docling_easyocr,deepseek,5,0,0,0,5,0.0,0.0,0.0,0,,,,,50.482731213,1
peru21_2017-05-20_1,37,none,,adaptive_mean,docling_rapidocr,deepseek,5,0,0,0,5,0.0,0.0,0.0,0,,,,,8.047809948,1
peru21_2017-05-20_1,37,none,,basic,docling_easyocr,deepseek,5,0,0,0,5,0.0,0.0,0.0,0,,,,,51.255182013,1
peru21_2017-05-20_1,37,none,,basic,docling_rapidocr,deepseek,5,0,0,0,5,0.0,0.0,0.0,0,,,,,9.64030908,1
peru21_2017-05-20_1,37,none,,niblack,docling_easyocr,deepseek,5,0,0,0,5,0.0,0.0,0.0,0,,,,,51.12291487,1
peru21_2017-05-20_1,37,none,,niblack,docling_rapidocr,deepseek,5,0,0,0,5,0.0,0.0,0.0,0,,,,,8.201292355,1
peru21_2017-05-20_1,37,none,,none_color,docling_easyocr,deepseek,5,0,0,0,5,0.0,0.0,0.0,0,,,,,52.705345471,1
peru21_2017-05-20_1,37,none,,none_color,docling_rapidocr,deepseek,5,0,0,0,5,0.0,0.0,0.0,0,,,,,9.161077578,1
peru21_2017-05-20_1,37,none,,none_grayscale,docling_easyocr,deepseek,5,0,0,0,5,0.0,0.0,0.0,0,,,,,53.627576025,1
peru21_2017-05-20_1,37,none,,none_grayscale,docling_rapidocr,deepseek,5,0,0,0,5,0.0,0.0,0.0,0,,,,,9.095430525,1
peru21_2017-05-20_1,37,none,,otsu,docling_easyocr,deepseek,5,0,0,0,5,0.0,0.0,0.0,0,,,,,51.358059702,1
peru21_2017-05-20_1,37,none,,otsu,docling_rapidocr,deepseek,5,0,0,0,5,0.0,0.0,0.0,0,,,,,8.901583729,1
peru21_2017-05-20_1,37,none,,yannihorne,docling_easyocr,deepseek,5,0,0,0,5,0.0,0.0,0.0,0,,,,,49.371524392,1
peru21_2017-05-20_1,37,none,,yannihorne,docling_rapidocr,deepseek,5,0,0,0,5,0.0,0.0,0.0,0,,,,,8.053209124,1
peru21_2017-05-20_1,38,none,,adaptive_gaussian,docling_easyocr,deepseek,5,0,0,0,5,0.0,0.0,0.0,0,,,,,52.52294969,1
peru21_2017-05-20_1,38,none,,adaptive_gaussian,docling_rapidocr,deepseek,5,0,0,0,5,0.0,0.0,0.0,0,,,,,8.814169878,1
peru21_2017-05-20_1,38,none,,adaptive_mean,docling_easyocr,deepseek,5,0,0,0,5,0.0,0.0,0.0,0,,,,,50.539541903,1
peru21_2017-05-20_1,38,none,,adaptive_mean,docling_rapidocr,deepseek,5,0,0,0,5,0.0,0.0,0.0,0,,,,,8.911554518,1
peru21_2017-05-20_1,38,none,,basic,docling_easyocr,deepseek,5,0,0,0,5,0.0,0.0,0.0,0,,,,,50.531627402,1
peru21_2017-05-20_1,38,none,,basic,docling_rapidocr,deepseek,5,0,0,0,5,0.0,0.0,0.0,0,,,,,8.705742344,1
peru21_2017-05-20_1,38,none,,niblack,docling_easyocr,deepseek,5,0,0,0,5,0.0,0.0,0.0,0,,,,,51.401367722,1
peru21_2017-05-20_1,38,none,,niblack,docling_rapidocr,deepseek,5,0,0,0,5,0.0,0.0,0.0,0,,,,,8.175326882,1
peru21_2017-05-20_1,38,none,,none_color,docling_easyocr,deepseek,5,0,0,0,5,0.0,0.0,0.0,0,,,,,52.437562212,1
peru21_2017-05-20_1,38,none,,none_color,docling_rapidocr,deepseek,5,0,0,0,5,0.0,0.0,0.0,0,,,,,9.123642191,1
peru21_2017-05-20_1,38,none,,none_grayscale,docling_easyocr,deepseek,5,0,0,0,5,0.0,0.0,0.0,0,,,,,52.161616476,1
peru21_2017-05-20_1,38,none,,none_grayscale,docling_rapidocr,deepseek,5,0,0,0,5,0.0,0.0,0.0,0,,,,,9.241223248,1
peru21_2017-05-20_1,38,none,,otsu,docling_easyocr,deepseek,5,0,0,0,5,0.0,0.0,0.0,0,,,,,51.128585873,1
peru21_2017-05-20_1,38,none,,otsu,docling_rapidocr,deepseek,5,0,0,0,5,0.0,0.0,0.0,0,,,,,9.073365031,1
peru21_2017-05-20_1,38,none,,yannihorne,docling_easyocr,deepseek,5,0,0,0,5,0.0,0.0,0.0,0,,,,,49.787466584,1
peru21_2017-05-20_1,38,none,,yannihorne,docling_rapidocr,deepseek,5,0,0,0,5,0.0,0.0,0.0,0,,,,,7.9896031,1
peru21_2017-05-20_1,39,none,,adaptive_gaussian,docling_easyocr,deepseek,5,0,0,0,5,0.0,0.0,0.0,0,,,,,85.870990183,1
peru21_2017-05-20_1,39,none,,adaptive_gaussian,docling_rapidocr,deepseek,5,0,0,0,5,0.0,0.0,0.0,0,,,,,42.214735892,1
peru21_2017-05-20_1,39,none,,adaptive_mean,docling_easyocr,deepseek,5,0,0,0,5,0.0,0.0,0.0,0,,,,,86.214909409,1
peru21_2017-05-20_1,39,none,,adaptive_mean,docling_rapidocr,deepseek,5,0,0,0,5,0.0,0.0,0.0,0,,,,,42.402631853,1
peru21_2017-05-20_1,39,none,,basic,docling_easyocr,deepseek,5,2,2,0,3,1.0,0.4,0.571429,2,1.0883575883575884,1.0,0.0,0.0,86.601588551,0
peru21_2017-05-20_1,39,none,,basic,docling_rapidocr,deepseek,5,0,0,0,5,0.0,0.0,0.0,0,,,,,42.95794088,1
peru21_2017-05-20_1,39,none,,niblack,docling_easyocr,deepseek,5,0,0,0,5,0.0,0.0,0.0,0,,,,,82.978522126,1
peru21_2017-05-20_1,39,none,,niblack,docling_rapidocr,deepseek,5,0,0,0,5,0.0,0.0,0.0,0,,,,,41.62252957,1
peru21_2017-05-20_1,39,none,,none_color,docling_easyocr,deepseek,5,0,0,0,5,0.0,0.0,0.0,0,,,,,85.006771078,1
peru21_2017-05-20_1,39,none,,none_color,docling_rapidocr,deepseek,5,0,0,0,5,0.0,0.0,0.0,0,,,,,42.677808276,1
peru21_2017-05-20_1,39,none,,none_grayscale,docling_easyocr,deepseek,5,0,0,0,5,0.0,0.0,0.0,0,,,,,85.929618899,1
peru21_2017-05-20_1,39,none,,none_grayscale,docling_rapidocr,deepseek,5,0,0,0,5,0.0,0.0,0.0,0,,,,,42.506263319,1
peru21_2017-05-20_1,39,none,,otsu,docling_easyocr,deepseek,5,0,0,0,5,0.0,0.0,0.0,0,,,,,84.260638684,1
peru21_2017-05-20_1,39,none,,otsu,docling_rapidocr,deepseek,5,0,0,0,5,0.0,0.0,0.0,0,,,,,42.54921481,1
peru21_2017-05-20_1,39,none,,yannihorne,docling_easyocr,deepseek,5,0,0,0,5,0.0,0.0,0.0,0,,,,,81.700974911,1
peru21_2017-05-20_1,39,none,,yannihorne,docling_rapidocr,deepseek,5,0,0,0,5,0.0,0.0,0.0,0,,,,,41.419038981,1
peru21_2017-05-20_1,40,none,,adaptive_gaussian,docling_easyocr,deepseek,5,0,0,0,5,0.0,0.0,0.0,0,,,,,86.019194831,1
peru21_2017-05-20_1,40,none,,adaptive_gaussian,docling_rapidocr,deepseek,5,0,0,0,5,0.0,0.0,0.0,0,,,,,41.862746705,1
peru21_2017-05-20_1,40,none,,adaptive_mean,docling_easyocr,deepseek,5,0,0,0,5,0.0,0.0,0.0,0,,,,,84.839181123,1
peru21_2017-05-20_1,40,none,,adaptive_mean,docling_rapidocr,deepseek,5,0,0,0,5,0.0,0.0,0.0,0,,,,,42.003141103,1
peru21_2017-05-20_1,40,none,,basic,docling_easyocr,deepseek,5,0,0,0,5,0.0,0.0,0.0,0,,,,,86.033061485,1
peru21_2017-05-20_1,40,none,,basic,docling_rapidocr,deepseek,5,0,0,0,5,0.0,0.0,0.0,0,,,,,42.610792856,1
peru21_2017-05-20_1,40,none,,niblack,docling_easyocr,deepseek,5,0,0,0,5,0.0,0.0,0.0,0,,,,,83.734478164,1
peru21_2017-05-20_1,40,none,,niblack,docling_rapidocr,deepseek,5,0,0,0,5,0.0,0.0,0.0,0,,,,,41.00851171,1
peru21_2017-05-20_1,40,none,,none_color,docling_easyocr,deepseek,5,0,0,0,5,0.0,0.0,0.0,0,,,,,84.519190219,1
peru21_2017-05-20_1,40,none,,none_color,docling_rapidocr,deepseek,5,0,0,0,5,0.0,0.0,0.0,0,,,,,41.995334771,1
peru21_2017-05-20_1,40,none,,none_grayscale,docling_easyocr,deepseek,5,0,0,0,5,0.0,0.0,0.0,0,,,,,86.531061391,1
peru21_2017-05-20_1,40,none,,none_grayscale,docling_rapidocr,deepseek,5,0,0,0,5,0.0,0.0,0.0,0,,,,,41.983359794,1
peru21_2017-05-20_1,40,none,,otsu,docling_easyocr,deepseek,5,0,0,0,5,0.0,0.0,0.0,0,,,,,84.105668193,1
peru21_2017-05-20_1,40,none,,otsu,docling_rapidocr,deepseek,5,0,0,0,5,0.0,0.0,0.0,0,,,,,41.813343412,1
peru21_2017-05-20_1,40,none,,yannihorne,docling_easyocr,deepseek,5,0,0,0,5,0.0,0.0,0.0,0,,,,,82.18386758,1
peru21_2017-05-20_1,40,none,,yannihorne,docling_rapidocr,deepseek,5,0,0,0,5,0.0,0.0,0.0,0,,,,,40.957372552,1
peru21_2017-05-20_1,41,none,,adaptive_gaussian,docling_easyocr,deepseek,5,0,0,0,5,0.0,0.0,0.0,0,,,,,86.053953876,1
peru21_2017-05-20_1,41,none,,adaptive_gaussian,docling_rapidocr,deepseek,5,0,0,0,5,0.0,0.0,0.0,0,,,,,41.922747602,1
peru21_2017-05-20_1,41,none,,adaptive_mean,docling_easyocr,deepseek,5,0,0,0,5,0.0,0.0,0.0,0,,,,,85.625844417,1
peru21_2017-05-20_1,41,none,,adaptive_mean,docling_rapidocr,deepseek,5,0,0,0,5,0.0,0.0,0.0,0,,,,,41.569184003,1
peru21_2017-05-20_1,41,none,,basic,docling_easyocr,deepseek,5,0,0,0,5,0.0,0.0,0.0,0,,,,,84.884603958,1
peru21_2017-05-20_1,41,none,,basic,docling_rapidocr,deepseek,5,0,0,0,5,0.0,0.0,0.0,0,,,,,41.926698188,1
peru21_2017-05-20_1,41,none,,niblack,docling_easyocr,deepseek,5,0,0,0,5,0.0,0.0,0.0,0,,,,,84.064526508,1
peru21_2017-05-20_1,41,none,,niblack,docling_rapidocr,deepseek,5,0,0,0,5,0.0,0.0,0.0,0,,,,,40.921996543,1
peru21_2017-05-20_1,41,none,,none_color,docling_easyocr,deepseek,5,0,0,0,5,0.0,0.0,0.0,0,,,,,84.749159721,1
peru21_2017-05-20_1,41,none,,none_color,docling_rapidocr,deepseek,5,0,0,0,5,0.0,0.0,0.0,0,,,,,42.230559257,1
peru21_2017-05-20_1,41,none,,none_grayscale,docling_easyocr,deepseek,5,0,0,0,5,0.0,0.0,0.0,0,,,,,84.525993017,1
peru21_2017-05-20_1,41,none,,none_grayscale,docling_rapidocr,deepseek,5,0,0,0,5,0.0,0.0,0.0,0,,,,,42.173382905,1
peru21_2017-05-20_1,41,none,,otsu,docling_easyocr,deepseek,5,0,0,0,5,0.0,0.0,0.0,0,,,,,83.176231437,1
peru21_2017-05-20_1,41,none,,otsu,docling_rapidocr,deepseek,5,0,0,0,5,0.0,0.0,0.0,0,,,,,42.361290031,1
peru21_2017-05-20_1,41,none,,yannihorne,docling_easyocr,deepseek,5,0,0,0,5,0.0,0.0,0.0,0,,,,,82.005333953,1
peru21_2017-05-20_1,41,none,,yannihorne,docling_rapidocr,deepseek,5,0,0,0,5,0.0,0.0,0.0,0,,,,,40.907838636,1
peru21_2017-05-20_1,42,none,,adaptive_gaussian,docling_easyocr,deepseek,5,0,0,0,5,0.0,0.0,0.0,0,,,,,49.822057916,1
peru21_2017-05-20_1,42,none,,adaptive_gaussian,docling_rapidocr,deepseek,5,0,0,0,5,0.0,0.0,0.0,0,,,,,7.091953231,1
peru21_2017-05-20_1,42,none,,adaptive_mean,docling_easyocr,deepseek,5,0,0,0,5,0.0,0.0,0.0,0,,,,,52.026264881,1
peru21_2017-05-20_1,42,none,,adaptive_mean,docling_rapidocr,deepseek,5,0,0,0,5,0.0,0.0,0.0,0,,,,,7.23668835,1
peru21_2017-05-20_1,42,none,,basic,docling_easyocr,deepseek,5,0,0,0,5,0.0,0.0,0.0,0,,,,,51.230515735,1
peru21_2017-05-20_1,42,none,,basic,docling_rapidocr,deepseek,5,0,0,0,5,0.0,0.0,0.0,0,,,,,7.117222564,1
peru21_2017-05-20_1,42,none,,niblack,docling_rapidocr,deepseek,5,0,0,0,5,0.0,0.0,0.0,0,,,,,7.98415648,1
peru21_2017-05-20_1,42,none,,none_color,docling_easyocr,deepseek,5,0,0,0,5,0.0,0.0,0.0,0,,,,,51.448880544,1
peru21_2017-05-20_1,42,none,,none_color,docling_rapidocr,deepseek,5,0,0,0,5,0.0,0.0,0.0,0,,,,,9.526389232,1
peru21_2017-05-20_1,42,none,,none_grayscale,docling_easyocr,deepseek,5,0,0,0,5,0.0,0.0,0.0,0,,,,,53.993740741,1
peru21_2017-05-20_1,42,none,,none_grayscale,docling_rapidocr,deepseek,5,0,0,0,5,0.0,0.0,0.0,0,,,,,9.241239015,1
peru21_2017-05-20_1,42,none,,otsu,docling_easyocr,deepseek,5,0,0,0,5,0.0,0.0,0.0,0,,,,,52.089730352,1
peru21_2017-05-20_1,42,none,,otsu,docling_rapidocr,deepseek,5,0,0,0,5,0.0,0.0,0.0,0,,,,,7.137526601,1
peru21_2017-05-20_1,43,none,,adaptive_gaussian,docling_easyocr,deepseek,5,0,0,0,5,0.0,0.0,0.0,0,,,,,49.143464404,1
peru21_2017-05-20_1,43,none,,adaptive_gaussian,docling_rapidocr,deepseek,5,0,0,0,5,0.0,0.0,0.0,0,,,,,7.247696239,1
peru21_2017-05-20_1,43,none,,adaptive_mean,docling_easyocr,deepseek,5,0,0,0,5,0.0,0.0,0.0,0,,,,,49.519096711,1
peru21_2017-05-20_1,43,none,,adaptive_mean,docling_rapidocr,deepseek,5,0,0,0,5,0.0,0.0,0.0,0,,,,,7.401090959,1
peru21_2017-05-20_1,43,none,,basic,docling_easyocr,deepseek,5,0,0,0,5,0.0,0.0,0.0,0,,,,,49.210083314,1
peru21_2017-05-20_1,43,none,,basic,docling_rapidocr,deepseek,5,0,0,0,5,0.0,0.0,0.0,0,,,,,7.059247562,1
peru21_2017-05-20_1,43,none,,niblack,docling_rapidocr,deepseek,5,0,0,0,5,0.0,0.0,0.0,0,,,,,8.093260906,1
peru21_2017-05-20_1,43,none,,none_color,docling_easyocr,deepseek,5,0,0,0,5,0.0,0.0,0.0,0,,,,,51.327078338,1
peru21_2017-05-20_1,43,none,,none_color,docling_rapidocr,deepseek,5,0,0,0,5,0.0,0.0,0.0,0,,,,,8.589302535,1
peru21_2017-05-20_1,43,none,,none_grayscale,docling_easyocr,deepseek,5,0,0,0,5,0.0,0.0,0.0,0,,,,,51.318196054,1
peru21_2017-05-20_1,43,none,,none_grayscale,docling_rapidocr,deepseek,5,0,0,0,5,0.0,0.0,0.0,0,,,,,8.577450748,1
peru21_2017-05-20_1,43,none,,otsu,docling_easyocr,deepseek,5,0,0,0,5,0.0,0.0,0.0,0,,,,,51.626484058,1
peru21_2017-05-20_1,43,none,,otsu,docling_rapidocr,deepseek,5,0,0,0,5,0.0,0.0,0.0,0,,,,,7.22944989,1
peru21_2017-05-20_1,44,none,,adaptive_gaussian,docling_easyocr,deepseek,5,0,0,0,5,0.0,0.0,0.0,0,,,,,51.086400832,1
peru21_2017-05-20_1,44,none,,adaptive_gaussian,docling_rapidocr,deepseek,5,0,0,0,5,0.0,0.0,0.0,0,,,,,6.889795865,1
peru21_2017-05-20_1,44,none,,adaptive_mean,docling_easyocr,deepseek,5,0,0,0,5,0.0,0.0,0.0,0,,,,,51.834051165,1
peru21_2017-05-20_1,44,none,,adaptive_mean,docling_rapidocr,deepseek,5,0,0,0,5,0.0,0.0,0.0,0,,,,,6.829397473,1
peru21_2017-05-20_1,44,none,,basic,docling_easyocr,deepseek,5,0,0,0,5,0.0,0.0,0.0,0,,,,,48.448625401,1
peru21_2017-05-20_1,44,none,,basic,docling_rapidocr,deepseek,5,0,0,0,5,0.0,0.0,0.0,0,,,,,7.290120438,1
peru21_2017-05-20_1,44,none,,niblack,docling_rapidocr,deepseek,5,0,0,0,5,0.0,0.0,0.0,0,,,,,8.034579135,1
peru21_2017-05-20_1,44,none,,none_color,docling_easyocr,deepseek,5,0,0,0,5,0.0,0.0,0.0,0,,,,,51.093049767,1
peru21_2017-05-20_1,44,none,,none_color,docling_rapidocr,deepseek,5,0,0,0,5,0.0,0.0,0.0,0,,,,,8.787575724,1
peru21_2017-05-20_1,44,none,,none_grayscale,docling_easyocr,deepseek,5,0,0,0,5,0.0,0.0,0.0,0,,,,,52.964386538,1
peru21_2017-05-20_1,44,none,,none_grayscale,docling_rapidocr,deepseek,5,0,0,0,5,0.0,0.0,0.0,0,,,,,8.378662661,1
peru21_2017-05-20_1,44,none,,otsu,docling_easyocr,deepseek,5,0,0,0,5,0.0,0.0,0.0,0,,,,,52.353993325,1
peru21_2017-05-20_1,44,none,,otsu,docling_rapidocr,deepseek,5,0,0,0,5,0.0,0.0,0.0,0,,,,,6.838138013,1
peru21_2017-05-20_1,45,none,,adaptive_gaussian,docling_easyocr,deepseek,5,0,0,0,5,0.0,0.0,0.0,0,,,,,47.135728736,1
peru21_2017-05-20_1,45,none,,adaptive_gaussian,docling_rapidocr,deepseek,5,0,0,0,5,0.0,0.0,0.0,0,,,,,7.814540524,1
peru21_2017-05-20_1,45,none,,adaptive_mean,docling_easyocr,deepseek,5,0,0,0,5,0.0,0.0,0.0,0,,,,,48.280129353,1
peru21_2017-05-20_1,45,none,,adaptive_mean,docling_rapidocr,deepseek,5,0,0,0,5,0.0,0.0,0.0,0,,,,,8.205418746,1
peru21_2017-05-20_1,45,none,,basic,docling_easyocr,deepseek,5,0,0,0,5,0.0,0.0,0.0,0,,,,,47.859333955,1
peru21_2017-05-20_1,45,none,,basic,docling_rapidocr,deepseek,5,0,0,0,5,0.0,0.0,0.0,0,,,,,7.42597767,1
peru21_2017-05-20_1,45,none,,niblack,docling_easyocr,deepseek,5,0,0,0,5,0.0,0.0,0.0,0,,,,,49.690923602,1
peru21_2017-05-20_1,45,none,,niblack,docling_rapidocr,deepseek,5,0,0,0,5,0.0,0.0,0.0,0,,,,,7.538937957,1
peru21_2017-05-20_1,45,none,,none_color,docling_easyocr,deepseek,5,0,0,0,5,0.0,0.0,0.0,0,,,,,49.573553452,1
peru21_2017-05-20_1,45,none,,none_grayscale,docling_easyocr,deepseek,5,0,0,0,5,0.0,0.0,0.0,0,,,,,49.385890374,1
peru21_2017-05-20_1,45,none,,otsu,docling_easyocr,deepseek,5,0,0,0,5,0.0,0.0,0.0,0,,,,,47.852347171,1
peru21_2017-05-20_1,45,none,,otsu,docling_rapidocr,deepseek,5,0,0,0,5,0.0,0.0,0.0,0,,,,,7.418587958,1
peru21_2017-05-20_1,45,none,,yannihorne,docling_easyocr,deepseek,5,0,0,0,5,0.0,0.0,0.0,0,,,,,49.011654651,1
peru21_2017-05-20_1,45,none,,yannihorne,docling_rapidocr,deepseek,5,0,0,0,5,0.0,0.0,0.0,0,,,,,7.685569322,1
peru21_2017-05-20_1,46,none,,adaptive_gaussian,docling_easyocr,deepseek,5,0,0,0,5,0.0,0.0,0.0,0,,,,,48.124039166,1
peru21_2017-05-20_1,46,none,,adaptive_gaussian,docling_rapidocr,deepseek,5,0,0,0,5,0.0,0.0,0.0,0,,,,,7.565020316,1
peru21_2017-05-20_1,46,none,,adaptive_mean,docling_easyocr,deepseek,5,0,0,0,5,0.0,0.0,0.0,0,,,,,47.546363057,1
peru21_2017-05-20_1,46,none,,adaptive_mean,docling_rapidocr,deepseek,5,0,0,0,5,0.0,0.0,0.0,0,,,,,7.823814811,1
peru21_2017-05-20_1,46,none,,basic,docling_easyocr,deepseek,5,0,0,0,5,0.0,0.0,0.0,0,,,,,48.976315482,1
peru21_2017-05-20_1,46,none,,basic,docling_rapidocr,deepseek,5,0,0,0,5,0.0,0.0,0.0,0,,,,,7.10654424,1
peru21_2017-05-20_1,46,none,,niblack,docling_easyocr,deepseek,5,0,0,0,5,0.0,0.0,0.0,0,,,,,49.86197074,1
peru21_2017-05-20_1,46,none,,niblack,docling_rapidocr,deepseek,5,0,0,0,5,0.0,0.0,0.0,0,,,,,7.536415892,1
peru21_2017-05-20_1,46,none,,otsu,docling_easyocr,deepseek,5,0,0,0,5,0.0,0.0,0.0,0,,,,,47.729160365,1
peru21_2017-05-20_1,46,none,,otsu,docling_rapidocr,deepseek,5,0,0,0,5,0.0,0.0,0.0,0,,,,,7.370198306,1
peru21_2017-05-20_1,46,none,,yannihorne,docling_easyocr,deepseek,5,0,0,0,5,0.0,0.0,0.0,0,,,,,49.352576312,1
peru21_2017-05-20_1,46,none,,yannihorne,docling_rapidocr,deepseek,5,0,0,0,5,0.0,0.0,0.0,0,,,,,7.948667106,1
peru21_2017-05-20_1,47,none,,adaptive_gaussian,docling_easyocr,deepseek,5,0,0,0,5,0.0,0.0,0.0,0,,,,,47.53701484,1
peru21_2017-05-20_1,47,none,,adaptive_gaussian,docling_rapidocr,deepseek,5,0,0,0,5,0.0,0.0,0.0,0,,,,,8.118007539,1
peru21_2017-05-20_1,47,none,,adaptive_mean,docling_easyocr,deepseek,5,0,0,0,5,0.0,0.0,0.0,0,,,,,47.603964705,1
peru21_2017-05-20_1,47,none,,adaptive_mean,docling_rapidocr,deepseek,5,0,0,0,5,0.0,0.0,0.0,0,,,,,8.394461055,1
peru21_2017-05-20_1,47,none,,basic,docling_easyocr,deepseek,5,0,0,0,5,0.0,0.0,0.0,0,,,,,47.959206523,1
peru21_2017-05-20_1,47,none,,basic,docling_rapidocr,deepseek,5,0,0,0,5,0.0,0.0,0.0,0,,,,,7.075581015,1
peru21_2017-05-20_1,47,none,,niblack,docling_easyocr,deepseek,5,0,0,0,5,0.0,0.0,0.0,0,,,,,50.042367276,1
peru21_2017-05-20_1,47,none,,niblack,docling_rapidocr,deepseek,5,0,0,0,5,0.0,0.0,0.0,0,,,,,7.539142188,1
peru21_2017-05-20_1,47,none,,none_color,docling_easyocr,deepseek,5,0,0,0,5,0.0,0.0,0.0,0,,,,,49.885370839,1
peru21_2017-05-20_1,47,none,,none_grayscale,docling_easyocr,deepseek,5,0,0,0,5,0.0,0.0,0.0,0,,,,,49.480475772,1
peru21_2017-05-20_1,47,none,,otsu,docling_easyocr,deepseek,5,0,0,0,5,0.0,0.0,0.0,0,,,,,47.954821839,1
peru21_2017-05-20_1,47,none,,otsu,docling_rapidocr,deepseek,5,0,0,0,5,0.0,0.0,0.0,0,,,,,7.22759582,1
peru21_2017-05-20_1,47,none,,yannihorne,docling_easyocr,deepseek,5,0,0,0,5,0.0,0.0,0.0,0,,,,,49.547337785,1
peru21_2017-05-20_1,47,none,,yannihorne,docling_rapidocr,deepseek,5,0,0,0,5,0.0,0.0,0.0,0,,,,,7.896011367,1
peru21_2017-05-20_1,48,none,,adaptive_gaussian,docling_easyocr,deepseek,5,0,0,0,5,0.0,0.0,0.0,0,,,,,144.349280773,1
peru21_2017-05-20_1,48,none,,adaptive_gaussian,docling_rapidocr,deepseek,5,0,0,0,5,0.0,0.0,0.0,0,,,,,102.114617764,1
peru21_2017-05-20_1,48,none,,adaptive_mean,docling_easyocr,deepseek,5,0,0,0,5,0.0,0.0,0.0,0,,,,,146.260249026,1
peru21_2017-05-20_1,48,none,,adaptive_mean,docling_rapidocr,deepseek,5,0,0,0,5,0.0,0.0,0.0,0,,,,,101.960314162,1
peru21_2017-05-20_1,48,none,,basic,docling_easyocr,deepseek,5,0,0,0,5,0.0,0.0,0.0,0,,,,,144.528330183,1
peru21_2017-05-20_1,48,none,,basic,docling_rapidocr,deepseek,5,0,0,0,5,0.0,0.0,0.0,0,,,,,102.383364058,1
peru21_2017-05-20_1,48,none,,niblack,docling_easyocr,deepseek,5,0,0,0,5,0.0,0.0,0.0,0,,,,,144.246687601,1
peru21_2017-05-20_1,48,none,,niblack,docling_rapidocr,deepseek,5,0,0,0,5,0.0,0.0,0.0,0,,,,,101.552075098,1
peru21_2017-05-20_1,48,none,,none_color,docling_easyocr,deepseek,5,0,0,0,5,0.0,0.0,0.0,0,,,,,147.498933815,1
peru21_2017-05-20_1,48,none,,none_color,docling_rapidocr,deepseek,5,0,0,0,5,0.0,0.0,0.0,0,,,,,102.989656233,1
peru21_2017-05-20_1,48,none,,none_grayscale,docling_easyocr,deepseek,5,0,0,0,5,0.0,0.0,0.0,0,,,,,147.602781557,1
peru21_2017-05-20_1,48,none,,none_grayscale,docling_rapidocr,deepseek,5,0,0,0,5,0.0,0.0,0.0,0,,,,,102.851996683,1
peru21_2017-05-20_1,48,none,,otsu,docling_easyocr,deepseek,5,0,0,0,5,0.0,0.0,0.0,0,,,,,146.117320944,1
peru21_2017-05-20_1,48,none,,otsu,docling_rapidocr,deepseek,5,0,0,0,5,0.0,0.0,0.0,0,,,,,102.480086972,1
peru21_2017-05-20_1,48,none,,yannihorne,docling_easyocr,deepseek,5,0,0,0,5,0.0,0.0,0.0,0,,,,,143.566008021,1
peru21_2017-05-20_1,48,none,,yannihorne,docling_rapidocr,deepseek,5,0,0,0,5,0.0,0.0,0.0,0,,,,,101.574118782,1
peru21_2017-05-20_1,49,none,,adaptive_gaussian,docling_easyocr,deepseek,5,0,0,0,5,0.0,0.0,0.0,0,,,,,145.544517445,1
peru21_2017-05-20_1,49,none,,adaptive_gaussian,docling_rapidocr,deepseek,5,0,0,0,5,0.0,0.0,0.0,0,,,,,101.559239315,1
peru21_2017-05-20_1,49,none,,adaptive_mean,docling_easyocr,deepseek,5,0,0,0,5,0.0,0.0,0.0,0,,,,,145.154649611,1
peru21_2017-05-20_1,49,none,,adaptive_mean,docling_rapidocr,deepseek,5,0,0,0,5,0.0,0.0,0.0,0,,,,,101.379863138,1
peru21_2017-05-20_1,49,none,,basic,docling_easyocr,deepseek,5,0,0,0,5,0.0,0.0,0.0,0,,,,,144.523845591,1
peru21_2017-05-20_1,49,none,,basic,docling_rapidocr,deepseek,5,0,0,0,5,0.0,0.0,0.0,0,,,,,102.372424521,1
peru21_2017-05-20_1,49,none,,niblack,docling_easyocr,deepseek,5,0,0,0,5,0.0,0.0,0.0,0,,,,,144.075405392,1
peru21_2017-05-20_1,49,none,,niblack,docling_rapidocr,deepseek,5,0,0,0,5,0.0,0.0,0.0,0,,,,,101.148061785,1
peru21_2017-05-20_1,49,none,,none_color,docling_easyocr,deepseek,5,0,0,0,5,0.0,0.0,0.0,0,,,,,145.322704638,1
peru21_2017-05-20_1,49,none,,none_color,docling_rapidocr,deepseek,5,0,0,0,5,0.0,0.0,0.0,0,,,,,102.416153754,1
peru21_2017-05-20_1,49,none,,none_grayscale,docling_easyocr,deepseek,5,0,0,0,5,0.0,0.0,0.0,0,,,,,145.142967547,1
peru21_2017-05-20_1,49,none,,none_grayscale,docling_rapidocr,deepseek,5,0,0,0,5,0.0,0.0,0.0,0,,,,,102.293842161,1
peru21_2017-05-20_1,49,none,,otsu,docling_easyocr,deepseek,5,0,0,0,5,0.0,0.0,0.0,0,,,,,146.062391987,1
peru21_2017-05-20_1,49,none,,otsu,docling_rapidocr,deepseek,5,0,0,0,5,0.0,0.0,0.0,0,,,,,102.183848372,1
peru21_2017-05-20_1,49,none,,yannihorne,docling_easyocr,deepseek,5,0,0,0,5,0.0,0.0,0.0,0,,,,,142.320965758,1
peru21_2017-05-20_1,49,none,,yannihorne,docling_rapidocr,deepseek,5,0,0,0,5,0.0,0.0,0.0,0,,,,,100.672172299,1
peru21_2017-05-20_1,50,none,,adaptive_gaussian,docling_easyocr,deepseek,5,0,0,0,5,0.0,0.0,0.0,0,,,,,145.347231734,1
peru21_2017-05-20_1,50,none,,adaptive_gaussian,docling_rapidocr,deepseek,5,0,0,0,5,0.0,0.0,0.0,0,,,,,100.938522207,1
peru21_2017-05-20_1,50,none,,adaptive_mean,docling_easyocr,deepseek,5,0,0,0,5,0.0,0.0,0.0,0,,,,,144.55296014,1
peru21_2017-05-20_1,50,none,,adaptive_mean,docling_rapidocr,deepseek,5,0,0,0,5,0.0,0.0,0.0,0,,,,,100.588104946,1
peru21_2017-05-20_1,50,none,,basic,docling_easyocr,deepseek,5,0,0,0,5,0.0,0.0,0.0,0,,,,,143.029998566,1
peru21_2017-05-20_1,50,none,,basic,docling_rapidocr,deepseek,5,0,0,0,5,0.0,0.0,0.0,0,,,,,101.333516384,1
peru21_2017-05-20_1,50,none,,niblack,docling_easyocr,deepseek,5,0,0,0,5,0.0,0.0,0.0,0,,,,,143.80165143,1
peru21_2017-05-20_1,50,none,,niblack,docling_rapidocr,deepseek,5,0,0,0,5,0.0,0.0,0.0,0,,,,,100.518196774,1
peru21_2017-05-20_1,50,none,,none_color,docling_easyocr,deepseek,5,0,0,0,5,0.0,0.0,0.0,0,,,,,143.927249146,1
peru21_2017-05-20_1,50,none,,none_color,docling_rapidocr,deepseek,5,0,0,0,5,0.0,0.0,0.0,0,,,,,101.666378212,1
peru21_2017-05-20_1,50,none,,none_grayscale,docling_easyocr,deepseek,5,0,0,0,5,0.0,0.0,0.0,0,,,,,146.005020809,1
peru21_2017-05-20_1,50,none,,none_grayscale,docling_rapidocr,deepseek,5,0,0,0,5,0.0,0.0,0.0,0,,,,,101.57652874,1
peru21_2017-05-20_1,50,none,,otsu,docling_easyocr,deepseek,5,0,0,0,5,0.0,0.0,0.0,0,,,,,144.705297091,1
peru21_2017-05-20_1,50,none,,otsu,docling_rapidocr,deepseek,5,0,0,0,5,0.0,0.0,0.0,0,,,,,101.160093643,1
peru21_2017-05-20_1,50,none,,yannihorne,docling_easyocr,deepseek,5,0,0,0,5,0.0,0.0,0.0,0,,,,,141.701357462,1
peru21_2017-05-20_1,50,none,,yannihorne,docling_rapidocr,deepseek,5,0,0,0,5,0.0,0.0,0.0,0,,,,,100.592945673,1
peru21_2017-05-20_1,51,none,,adaptive_gaussian,docling_easyocr,deepseek,5,0,0,0,5,0.0,0.0,0.0,0,,,,,50.106244723,1
peru21_2017-05-20_1,51,none,,adaptive_gaussian,docling_rapidocr,deepseek,5,0,0,0,5,0.0,0.0,0.0,0,,,,,8.082299868,1
peru21_2017-05-20_1,51,none,,adaptive_mean,docling_easyocr,deepseek,5,0,0,0,5,0.0,0.0,0.0,0,,,,,52.230579172,1
peru21_2017-05-20_1,51,none,,adaptive_mean,docling_rapidocr,deepseek,5,0,0,0,5,0.0,0.0,0.0,0,,,,,8.189963614,1
peru21_2017-05-20_1,51,none,,basic,docling_easyocr,deepseek,5,0,0,0,5,0.0,0.0,0.0,0,,,,,49.972784046,1
peru21_2017-05-20_1,51,none,,basic,docling_rapidocr,deepseek,5,0,0,0,5,0.0,0.0,0.0,0,,,,,8.628283743,1
peru21_2017-05-20_1,51,none,,niblack,docling_easyocr,deepseek,5,0,0,0,5,0.0,0.0,0.0,0,,,,,50.236292843,1
peru21_2017-05-20_1,51,none,,niblack,docling_rapidocr,deepseek,5,0,0,0,5,0.0,0.0,0.0,0,,,,,7.47808123,1
peru21_2017-05-20_1,51,none,,none_color,docling_easyocr,deepseek,5,0,0,0,5,0.0,0.0,0.0,0,,,,,51.112641266,1
peru21_2017-05-20_1,51,none,,none_color,docling_rapidocr,deepseek,5,0,0,0,5,0.0,0.0,0.0,0,,,,,9.004798582,1
peru21_2017-05-20_1,51,none,,none_grayscale,docling_easyocr,deepseek,5,0,0,0,5,0.0,0.0,0.0,0,,,,,50.794541363,1
peru21_2017-05-20_1,51,none,,none_grayscale,docling_rapidocr,deepseek,5,0,0,0,5,0.0,0.0,0.0,0,,,,,8.839833025,1
peru21_2017-05-20_1,51,none,,otsu,docling_easyocr,deepseek,5,0,0,0,5,0.0,0.0,0.0,0,,,,,52.358659893,1
peru21_2017-05-20_1,51,none,,otsu,docling_rapidocr,deepseek,5,0,0,0,5,0.0,0.0,0.0,0,,,,,8.475095421,1
peru21_2017-05-20_1,51,none,,yannihorne,docling_easyocr,deepseek,5,0,0,0,5,0.0,0.0,0.0,0,,,,,47.470795065,1
peru21_2017-05-20_1,51,none,,yannihorne,docling_rapidocr,deepseek,5,0,0,0,5,0.0,0.0,0.0,0,,,,,7.48352614,1
peru21_2017-05-20_1,52,none,,adaptive_gaussian,docling_easyocr,deepseek,5,0,0,0,5,0.0,0.0,0.0,0,,,,,52.462926093,1
peru21_2017-05-20_1,52,none,,adaptive_gaussian,docling_rapidocr,deepseek,5,0,0,0,5,0.0,0.0,0.0,0,,,,,8.649219695,1
peru21_2017-05-20_1,52,none,,adaptive_mean,docling_easyocr,deepseek,5,0,0,0,5,0.0,0.0,0.0,0,,,,,53.389166009,1
peru21_2017-05-20_1,52,none,,adaptive_mean,docling_rapidocr,deepseek,5,0,0,0,5,0.0,0.0,0.0,0,,,,,8.639332186,1
peru21_2017-05-20_1,52,none,,basic,docling_easyocr,deepseek,5,0,0,0,5,0.0,0.0,0.0,0,,,,,51.644907574,1
peru21_2017-05-20_1,52,none,,basic,docling_rapidocr,deepseek,5,0,0,0,5,0.0,0.0,0.0,0,,,,,9.281882863,1
peru21_2017-05-20_1,52,none,,niblack,docling_easyocr,deepseek,5,0,0,0,5,0.0,0.0,0.0,0,,,,,50.363653615,1
peru21_2017-05-20_1,52,none,,niblack,docling_rapidocr,deepseek,5,0,0,0,5,0.0,0.0,0.0,0,,,,,7.58143945,1
peru21_2017-05-20_1,52,none,,none_color,docling_easyocr,deepseek,5,0,0,0,5,0.0,0.0,0.0,0,,,,,52.026191262,1
peru21_2017-05-20_1,52,none,,none_color,docling_rapidocr,deepseek,5,0,0,0,5,0.0,0.0,0.0,0,,,,,9.436168936,1
peru21_2017-05-20_1,52,none,,none_grayscale,docling_easyocr,deepseek,5,0,0,0,5,0.0,0.0,0.0,0,,,,,53.399250369,1
peru21_2017-05-20_1,52,none,,none_grayscale,docling_rapidocr,deepseek,5,0,0,0,5,0.0,0.0,0.0,0,,,,,9.307143311,1
peru21_2017-05-20_1,52,none,,otsu,docling_easyocr,deepseek,5,0,0,0,5,0.0,0.0,0.0,0,,,,,53.360187537,1
peru21_2017-05-20_1,52,none,,otsu,docling_rapidocr,deepseek,5,0,0,0,5,0.0,0.0,0.0,0,,,,,9.094805724,1
peru21_2017-05-20_1,52,none,,yannihorne,docling_easyocr,deepseek,5,0,0,0,5,0.0,0.0,0.0,0,,,,,49.196564919,1
peru21_2017-05-20_1,52,none,,yannihorne,docling_rapidocr,deepseek,5,0,0,0,5,0.0,0.0,0.0,0,,,,,7.708040721,1
peru21_2017-05-20_1,53,none,,adaptive_gaussian,docling_easyocr,deepseek,5,0,0,0,5,0.0,0.0,0.0,0,,,,,54.035020533,1
peru21_2017-05-20_1,53,none,,adaptive_gaussian,docling_rapidocr,deepseek,5,0,0,0,5,0.0,0.0,0.0,0,,,,,8.40382165,1
peru21_2017-05-20_1,53,none,,adaptive_mean,docling_easyocr,deepseek,5,0,0,0,5,0.0,0.0,0.0,0,,,,,52.0321442,1
peru21_2017-05-20_1,53,none,,adaptive_mean,docling_rapidocr,deepseek,5,0,0,0,5,0.0,0.0,0.0,0,,,,,8.678602826,1
peru21_2017-05-20_1,53,none,,basic,docling_easyocr,deepseek,5,0,0,0,5,0.0,0.0,0.0,0,,,,,50.895229989,1
peru21_2017-05-20_1,53,none,,basic,docling_rapidocr,deepseek,5,0,0,0,5,0.0,0.0,0.0,0,,,,,9.503530436,1
peru21_2017-05-20_1,53,none,,niblack,docling_easyocr,deepseek,5,0,0,0,5,0.0,0.0,0.0,0,,,,,51.294643668,1
peru21_2017-05-20_1,53,none,,niblack,docling_rapidocr,deepseek,5,0,0,0,5,0.0,0.0,0.0,0,,,,,7.882585553,1
peru21_2017-05-20_1,53,none,,none_color,docling_easyocr,deepseek,5,0,0,0,5,0.0,0.0,0.0,0,,,,,52.266435246,1
peru21_2017-05-20_1,53,none,,none_color,docling_rapidocr,deepseek,5,0,0,0,5,0.0,0.0,0.0,0,,,,,9.572311024,1
peru21_2017-05-20_1,53,none,,none_grayscale,docling_easyocr,deepseek,5,0,0,0,5,0.0,0.0,0.0,0,,,,,52.541825394,1
peru21_2017-05-20_1,53,none,,none_grayscale,docling_rapidocr,deepseek,5,0,0,0,5,0.0,0.0,0.0,0,,,,,9.317798238,1
peru21_2017-05-20_1,53,none,,otsu,docling_easyocr,deepseek,5,0,0,0,5,0.0,0.0,0.0,0,,,,,51.117703206,1
peru21_2017-05-20_1,53,none,,otsu,docling_rapidocr,deepseek,5,0,0,0,5,0.0,0.0,0.0,0,,,,,9.568659074,1
peru21_2017-05-20_1,53,none,,yannihorne,docling_easyocr,deepseek,5,0,0,0,5,0.0,0.0,0.0,0,,,,,49.336553103,1
peru21_2017-05-20_1,53,none,,yannihorne,docling_rapidocr,deepseek,5,0,0,0,5,0.0,0.0,0.0,0,,,,,7.592041737,1
peru21_2017-06-21_28,0,none,,adaptive_gaussian,docling_easyocr,deepseek,3,0,0,0,3,0.0,0.0,0.0,0,,,,,54.161367348,1
peru21_2017-06-21_28,0,none,,adaptive_gaussian,docling_rapidocr,deepseek,3,0,0,0,3,0.0,0.0,0.0,0,,,,,8.400392941,1
peru21_2017-06-21_28,0,none,,adaptive_mean,docling_easyocr,deepseek,3,0,0,0,3,0.0,0.0,0.0,0,,,,,54.716379285,1
peru21_2017-06-21_28,0,none,,adaptive_mean,docling_rapidocr,deepseek,3,0,0,0,3,0.0,0.0,0.0,0,,,,,8.104763627,1
peru21_2017-06-21_28,0,none,,basic,docling_easyocr,deepseek,3,0,0,0,3,0.0,0.0,0.0,0,,,,,60.45218603,1
peru21_2017-06-21_28,0,none,,basic,docling_rapidocr,deepseek,3,1,0,1,3,0.0,0.0,0.0,1,0.90625,1.0,0.8220858895705522,0.9622641509433962,10.926178139,0
peru21_2017-06-21_28,0,none,,niblack,docling_easyocr,deepseek,3,0,0,0,3,0.0,0.0,0.0,0,,,,,48.783980386,1
peru21_2017-06-21_28,0,none,,niblack,docling_rapidocr,deepseek,3,0,0,0,3,0.0,0.0,0.0,0,,,,,7.638582722,1
peru21_2017-06-21_28,0,none,,none_color,docling_easyocr,deepseek,3,0,0,0,3,0.0,0.0,0.0,0,,,,,59.761416213,1
peru21_2017-06-21_28,0,none,,none_color,docling_rapidocr,deepseek,3,0,0,0,3,0.0,0.0,0.0,0,,,,,11.455830352,1
peru21_2017-06-21_28,0,none,,none_grayscale,docling_easyocr,deepseek,3,0,0,0,3,0.0,0.0,0.0,0,,,,,59.607969372,1
peru21_2017-06-21_28,0,none,,none_grayscale,docling_rapidocr,deepseek,3,0,0,0,3,0.0,0.0,0.0,0,,,,,11.445034831,1
peru21_2017-06-21_28,0,none,,otsu,docling_easyocr,deepseek,3,0,0,0,3,0.0,0.0,0.0,0,,,,,58.595591778,1
peru21_2017-06-21_28,0,none,,otsu,docling_rapidocr,deepseek,3,1,0,1,3,0.0,0.0,0.0,1,1.03125,1.4,0.8834355828220859,1.0,10.970917697,0
peru21_2017-06-21_28,0,none,,yannihorne,docling_easyocr,deepseek,3,0,0,0,3,0.0,0.0,0.0,0,,,,,48.191837544,1
peru21_2017-06-21_28,0,none,,yannihorne,docling_rapidocr,deepseek,3,0,0,0,3,0.0,0.0,0.0,0,,,,,8.016142602,1
peru21_2017-06-21_28,1,none,,adaptive_gaussian,docling_easyocr,deepseek,3,0,0,0,3,0.0,0.0,0.0,0,,,,,54.171550019,1
peru21_2017-06-21_28,1,none,,adaptive_gaussian,docling_rapidocr,deepseek,3,0,0,0,3,0.0,0.0,0.0,0,,,,,8.328401787,1
peru21_2017-06-21_28,1,none,,adaptive_mean,docling_easyocr,deepseek,3,0,0,0,3,0.0,0.0,0.0,0,,,,,50.933550528,1
peru21_2017-06-21_28,1,none,,adaptive_mean,docling_rapidocr,deepseek,3,0,0,0,3,0.0,0.0,0.0,0,,,,,8.170103482,1
peru21_2017-06-21_28,1,none,,basic,docling_easyocr,deepseek,3,0,0,0,3,0.0,0.0,0.0,0,,,,,58.923959944,1
peru21_2017-06-21_28,1,none,,basic,docling_rapidocr,deepseek,3,0,0,0,3,0.0,0.0,0.0,0,,,,,10.793039296,1
peru21_2017-06-21_28,1,none,,niblack,docling_easyocr,deepseek,3,0,0,0,3,0.0,0.0,0.0,0,,,,,50.403638575,1
peru21_2017-06-21_28,1,none,,niblack,docling_rapidocr,deepseek,3,0,0,0,3,0.0,0.0,0.0,0,,,,,8.041308854,1
peru21_2017-06-21_28,1,none,,none_color,docling_easyocr,deepseek,3,0,0,0,3,0.0,0.0,0.0,0,,,,,62.329296895,1
peru21_2017-06-21_28,1,none,,none_color,docling_rapidocr,deepseek,3,1,0,1,3,0.0,0.0,0.0,0,,,,,11.41294653,0
peru21_2017-06-21_28,1,none,,none_grayscale,docling_easyocr,deepseek,3,0,0,0,3,0.0,0.0,0.0,0,,,,,60.423797986,1
peru21_2017-06-21_28,1,none,,none_grayscale,docling_rapidocr,deepseek,3,0,0,0,3,0.0,0.0,0.0,0,,,,,11.225158354,1
peru21_2017-06-21_28,1,none,,otsu,docling_easyocr,deepseek,3,0,0,0,3,0.0,0.0,0.0,0,,,,,59.243614243,1
peru21_2017-06-21_28,1,none,,otsu,docling_rapidocr,deepseek,3,0,0,0,3,0.0,0.0,0.0,0,,,,,11.292347716,1
peru21_2017-06-21_28,1,none,,yannihorne,docling_easyocr,deepseek,3,0,0,0,3,0.0,0.0,0.0,0,,,,,49.017526673,1
peru21_2017-06-21_28,1,none,,yannihorne,docling_rapidocr,deepseek,3,0,0,0,3,0.0,0.0,0.0,0,,,,,7.934797333,1
peru21_2017-06-21_28,2,none,,adaptive_gaussian,docling_easyocr,deepseek,3,0,0,0,3,0.0,0.0,0.0,0,,,,,53.818142396,1
peru21_2017-06-21_28,2,none,,adaptive_gaussian,docling_rapidocr,deepseek,3,0,0,0,3,0.0,0.0,0.0,0,,,,,8.058707219,1
peru21_2017-06-21_28,2,none,,adaptive_mean,docling_easyocr,deepseek,3,0,0,0,3,0.0,0.0,0.0,0,,,,,53.004490617,1
peru21_2017-06-21_28,2,none,,adaptive_mean,docling_rapidocr,deepseek,3,0,0,0,3,0.0,0.0,0.0,0,,,,,8.420969966,1
peru21_2017-06-21_28,2,none,,basic,docling_easyocr,deepseek,3,0,0,0,3,0.0,0.0,0.0,0,,,,,60.888793513,1
peru21_2017-06-21_28,2,none,,basic,docling_rapidocr,deepseek,3,0,0,0,3,0.0,0.0,0.0,0,,,,,10.650826022,1
peru21_2017-06-21_28,2,none,,niblack,docling_easyocr,deepseek,3,0,0,0,3,0.0,0.0,0.0,0,,,,,50.565160983,1
peru21_2017-06-21_28,2,none,,niblack,docling_rapidocr,deepseek,3,0,0,0,3,0.0,0.0,0.0,0,,,,,7.630805009,1
peru21_2017-06-21_28,2,none,,none_color,docling_easyocr,deepseek,3,0,0,0,3,0.0,0.0,0.0,0,,,,,59.334228726,1
peru21_2017-06-21_28,2,none,,none_color,docling_rapidocr,deepseek,3,0,0,0,3,0.0,0.0,0.0,0,,,,,11.334350797,1
peru21_2017-06-21_28,2,none,,none_grayscale,docling_easyocr,deepseek,3,0,0,0,3,0.0,0.0,0.0,0,,,,,62.248337241,1
peru21_2017-06-21_28,2,none,,none_grayscale,docling_rapidocr,deepseek,3,0,0,0,3,0.0,0.0,0.0,0,,,,,11.205501529,1
peru21_2017-06-21_28,2,none,,otsu,docling_easyocr,deepseek,3,0,0,0,3,0.0,0.0,0.0,0,,,,,58.145418761,1
peru21_2017-06-21_28,2,none,,otsu,docling_rapidocr,deepseek,3,1,0,1,3,0.0,0.0,0.0,1,1.03125,1.4,0.8834355828220859,1.0,11.386230586,0
peru21_2017-06-21_28,2,none,,yannihorne,docling_easyocr,deepseek,3,0,0,0,3,0.0,0.0,0.0,0,,,,,49.183049558,1
peru21_2017-06-21_28,2,none,,yannihorne,docling_rapidocr,deepseek,3,0,0,0,3,0.0,0.0,0.0,0,,,,,8.10650718,1
peru21_2017-06-21_28,3,none,,adaptive_gaussian,docling_easyocr,deepseek,3,0,0,0,3,0.0,0.0,0.0,0,,,,,53.222184661,1
peru21_2017-06-21_28,3,none,,adaptive_gaussian,docling_rapidocr,deepseek,3,0,0,0,3,0.0,0.0,0.0,0,,,,,8.371012452,1
peru21_2017-06-21_28,3,none,,adaptive_mean,docling_easyocr,deepseek,3,0,0,0,3,0.0,0.0,0.0,0,,,,,54.299266456,1
peru21_2017-06-21_28,3,none,,adaptive_mean,docling_rapidocr,deepseek,3,0,0,0,3,0.0,0.0,0.0,0,,,,,8.190020917,1
peru21_2017-06-21_28,3,none,,basic,docling_easyocr,deepseek,3,0,0,0,3,0.0,0.0,0.0,0,,,,,59.141892665,1
peru21_2017-06-21_28,3,none,,basic,docling_rapidocr,deepseek,3,2,0,2,3,0.0,0.0,0.0,0,,,,,11.769508117,0
peru21_2017-06-21_28,3,none,,niblack,docling_easyocr,deepseek,3,0,0,0,3,0.0,0.0,0.0,0,,,,,51.06236793,1
peru21_2017-06-21_28,3,none,,niblack,docling_rapidocr,deepseek,3,0,0,0,3,0.0,0.0,0.0,0,,,,,7.870164647,1
peru21_2017-06-21_28,3,none,,none_color,docling_easyocr,deepseek,3,0,0,0,3,0.0,0.0,0.0,0,,,,,58.66192731,1
peru21_2017-06-21_28,3,none,,none_color,docling_rapidocr,deepseek,3,1,0,1,3,0.0,0.0,0.0,0,,,,,10.750080911,0
peru21_2017-06-21_28,3,none,,none_grayscale,docling_easyocr,deepseek,3,0,0,0,3,0.0,0.0,0.0,0,,,,,58.465466897,1
peru21_2017-06-21_28,3,none,,none_grayscale,docling_rapidocr,deepseek,3,1,0,1,3,0.0,0.0,0.0,0,,,,,11.687143247,0
peru21_2017-06-21_28,3,none,,otsu,docling_easyocr,deepseek,3,0,0,0,3,0.0,0.0,0.0,0,,,,,57.286975688,1
peru21_2017-06-21_28,3,none,,otsu,docling_rapidocr,deepseek,3,0,0,0,3,0.0,0.0,0.0,0,,,,,10.122987336,1
peru21_2017-06-21_28,3,none,,yannihorne,docling_easyocr,deepseek,3,0,0,0,3,0.0,0.0,0.0,0,,,,,50.015357799,1
peru21_2017-06-21_28,3,none,,yannihorne,docling_rapidocr,deepseek,3,0,0,0,3,0.0,0.0,0.0,0,,,,,7.97431857,1
peru21_2017-06-21_28,4,none,,adaptive_gaussian,docling_easyocr,deepseek,3,0,0,0,3,0.0,0.0,0.0,0,,,,,54.075626573,1
peru21_2017-06-21_28,4,none,,adaptive_gaussian,docling_rapidocr,deepseek,3,0,0,0,3,0.0,0.0,0.0,0,,,,,8.249407968,1
peru21_2017-06-21_28,4,none,,adaptive_mean,docling_easyocr,deepseek,3,0,0,0,3,0.0,0.0,0.0,0,,,,,55.310381322,1
peru21_2017-06-21_28,4,none,,adaptive_mean,docling_rapidocr,deepseek,3,0,0,0,3,0.0,0.0,0.0,0,,,,,8.072402148,1
peru21_2017-06-21_28,4,none,,basic,docling_easyocr,deepseek,3,0,0,0,3,0.0,0.0,0.0,0,,,,,61.267859172,1
peru21_2017-06-21_28,4,none,,basic,docling_rapidocr,deepseek,3,0,0,0,3,0.0,0.0,0.0,0,,,,,11.071183394,1
peru21_2017-06-21_28,4,none,,niblack,docling_easyocr,deepseek,3,0,0,0,3,0.0,0.0,0.0,0,,,,,50.37741537,1
peru21_2017-06-21_28,4,none,,niblack,docling_rapidocr,deepseek,3,0,0,0,3,0.0,0.0,0.0,0,,,,,8.100839566,1
peru21_2017-06-21_28,4,none,,none_color,docling_easyocr,deepseek,3,0,0,0,3,0.0,0.0,0.0,0,,,,,58.227820203,1
peru21_2017-06-21_28,4,none,,none_color,docling_rapidocr,deepseek,3,0,0,0,3,0.0,0.0,0.0,0,,,,,10.963559434,1
peru21_2017-06-21_28,4,none,,none_grayscale,docling_easyocr,deepseek,3,0,0,0,3,0.0,0.0,0.0,0,,,,,58.375755666,1
peru21_2017-06-21_28,4,none,,none_grayscale,docling_rapidocr,deepseek,3,1,0,1,3,0.0,0.0,0.0,0,,,,,11.436898826,0
peru21_2017-06-21_28,4,none,,otsu,docling_easyocr,deepseek,3,0,0,0,3,0.0,0.0,0.0,0,,,,,62.816501403,1
peru21_2017-06-21_28,4,none,,otsu,docling_rapidocr,deepseek,3,0,0,0,3,0.0,0.0,0.0,0,,,,,11.821307683,1
peru21_2017-06-21_28,4,none,,yannihorne,docling_easyocr,deepseek,3,0,0,0,3,0.0,0.0,0.0,0,,,,,49.60002234,1
peru21_2017-06-21_28,4,none,,yannihorne,docling_rapidocr,deepseek,3,0,0,0,3,0.0,0.0,0.0,0,,,,,7.872209096,1
peru21_2017-06-21_28,5,none,,adaptive_gaussian,docling_easyocr,deepseek,3,0,0,0,3,0.0,0.0,0.0,0,,,,,52.653168733,1
peru21_2017-06-21_28,5,none,,adaptive_gaussian,docling_rapidocr,deepseek,3,0,0,0,3,0.0,0.0,0.0,0,,,,,8.692799146,1
peru21_2017-06-21_28,5,none,,adaptive_mean,docling_easyocr,deepseek,3,0,0,0,3,0.0,0.0,0.0,0,,,,,51.008114652,1
peru21_2017-06-21_28,5,none,,adaptive_mean,docling_rapidocr,deepseek,3,0,0,0,3,0.0,0.0,0.0,0,,,,,7.847458915,1
peru21_2017-06-21_28,5,none,,basic,docling_easyocr,deepseek,3,0,0,0,3,0.0,0.0,0.0,0,,,,,59.529973147,1
peru21_2017-06-21_28,5,none,,basic,docling_rapidocr,deepseek,3,0,0,0,3,0.0,0.0,0.0,0,,,,,11.233378766,1
peru21_2017-06-21_28,5,none,,niblack,docling_easyocr,deepseek,3,0,0,0,3,0.0,0.0,0.0,0,,,,,51.065574452,1
peru21_2017-06-21_28,5,none,,niblack,docling_rapidocr,deepseek,3,0,0,0,3,0.0,0.0,0.0,0,,,,,8.092892453,1
peru21_2017-06-21_28,5,none,,none_color,docling_easyocr,deepseek,3,0,0,0,3,0.0,0.0,0.0,0,,,,,58.86081247,1
peru21_2017-06-21_28,5,none,,none_color,docling_rapidocr,deepseek,3,0,0,0,3,0.0,0.0,0.0,0,,,,,11.58152251,1
peru21_2017-06-21_28,5,none,,none_grayscale,docling_easyocr,deepseek,3,0,0,0,3,0.0,0.0,0.0,0,,,,,58.634518191,1
peru21_2017-06-21_28,5,none,,none_grayscale,docling_rapidocr,deepseek,3,0,0,0,3,0.0,0.0,0.0,0,,,,,11.603884742,1
peru21_2017-06-21_28,5,none,,otsu,docling_easyocr,deepseek,3,0,0,0,3,0.0,0.0,0.0,0,,,,,55.426754188,1
peru21_2017-06-21_28,5,none,,otsu,docling_rapidocr,deepseek,3,0,0,0,3,0.0,0.0,0.0,0,,,,,9.982181262,1
peru21_2017-06-21_28,5,none,,yannihorne,docling_easyocr,deepseek,3,0,0,0,3,0.0,0.0,0.0,0,,,,,49.574462842,1
peru21_2017-06-21_28,5,none,,yannihorne,docling_rapidocr,deepseek,3,0,0,0,3,0.0,0.0,0.0,0,,,,,8.372617673,1
peru21_2017-06-21_28,6,none,,adaptive_gaussian,docling_easyocr,deepseek,3,0,0,0,3,0.0,0.0,0.0,0,,,,,55.559333513,1
peru21_2017-06-21_28,6,none,,adaptive_gaussian,docling_rapidocr,deepseek,3,0,0,0,3,0.0,0.0,0.0,0,,,,,8.872937153,1
peru21_2017-06-21_28,6,none,,adaptive_mean,docling_easyocr,deepseek,3,0,0,0,3,0.0,0.0,0.0,0,,,,,55.245013851,1
peru21_2017-06-21_28,6,none,,adaptive_mean,docling_rapidocr,deepseek,3,0,0,0,3,0.0,0.0,0.0,0,,,,,8.639224428,1
peru21_2017-06-21_28,6,none,,basic,docling_easyocr,deepseek,3,0,0,0,3,0.0,0.0,0.0,0,,,,,60.683880436,1
peru21_2017-06-21_28,6,none,,basic,docling_rapidocr,deepseek,3,0,0,0,3,0.0,0.0,0.0,0,,,,,10.942328799,1
peru21_2017-06-21_28,6,none,,niblack,docling_easyocr,deepseek,3,0,0,0,3,0.0,0.0,0.0,0,,,,,48.657890375,1
peru21_2017-06-21_28,6,none,,niblack,docling_rapidocr,deepseek,3,0,0,0,3,0.0,0.0,0.0,0,,,,,7.602469738,1
peru21_2017-06-21_28,6,none,,none_color,docling_easyocr,deepseek,3,0,0,0,3,0.0,0.0,0.0,0,,,,,59.034726177,1
peru21_2017-06-21_28,6,none,,none_color,docling_rapidocr,deepseek,3,1,0,1,3,0.0,0.0,0.0,0,,,,,11.395916973,0
peru21_2017-06-21_28,6,none,,none_grayscale,docling_easyocr,deepseek,3,0,0,0,3,0.0,0.0,0.0,0,,,,,58.651205647,1
peru21_2017-06-21_28,6,none,,none_grayscale,docling_rapidocr,deepseek,3,1,0,1,3,0.0,0.0,0.0,0,,,,,10.901374447,0
peru21_2017-06-21_28,6,none,,otsu,docling_easyocr,deepseek,3,0,0,0,3,0.0,0.0,0.0,0,,,,,62.960481896,1
peru21_2017-06-21_28,6,none,,otsu,docling_rapidocr,deepseek,3,0,0,0,3,0.0,0.0,0.0,0,,,,,11.250462307,1
peru21_2017-06-21_28,6,none,,yannihorne,docling_easyocr,deepseek,3,0,0,0,3,0.0,0.0,0.0,0,,,,,47.035124316,1
peru21_2017-06-21_28,6,none,,yannihorne,docling_rapidocr,deepseek,3,0,0,0,3,0.0,0.0,0.0,0,,,,,8.300728335,1
peru21_2017-06-21_28,7,none,,adaptive_gaussian,docling_easyocr,deepseek,3,0,0,0,3,0.0,0.0,0.0,0,,,,,53.184267025,1
peru21_2017-06-21_28,7,none,,adaptive_gaussian,docling_rapidocr,deepseek,3,0,0,0,3,0.0,0.0,0.0,0,,,,,8.323466282,1
peru21_2017-06-21_28,7,none,,adaptive_mean,docling_easyocr,deepseek,3,0,0,0,3,0.0,0.0,0.0,0,,,,,53.221480538,1
peru21_2017-06-21_28,7,none,,adaptive_mean,docling_rapidocr,deepseek,3,0,0,0,3,0.0,0.0,0.0,0,,,,,8.389881302,1
peru21_2017-06-21_28,7,none,,basic,docling_easyocr,deepseek,3,0,0,0,3,0.0,0.0,0.0,0,,,,,59.868673939,1
peru21_2017-06-21_28,7,none,,basic,docling_rapidocr,deepseek,3,0,0,0,3,0.0,0.0,0.0,0,,,,,10.927299399,1
peru21_2017-06-21_28,7,none,,niblack,docling_easyocr,deepseek,3,0,0,0,3,0.0,0.0,0.0,0,,,,,48.350667376,1
peru21_2017-06-21_28,7,none,,niblack,docling_rapidocr,deepseek,3,0,0,0,3,0.0,0.0,0.0,0,,,,,8.193750996,1
peru21_2017-06-21_28,7,none,,none_color,docling_easyocr,deepseek,3,0,0,0,3,0.0,0.0,0.0,0,,,,,60.983463591,1
peru21_2017-06-21_28,7,none,,none_color,docling_rapidocr,deepseek,3,0,0,0,3,0.0,0.0,0.0,0,,,,,11.636994665,1
peru21_2017-06-21_28,7,none,,none_grayscale,docling_easyocr,deepseek,3,0,0,0,3,0.0,0.0,0.0,0,,,,,61.048788447,1
peru21_2017-06-21_28,7,none,,none_grayscale,docling_rapidocr,deepseek,3,0,0,0,3,0.0,0.0,0.0,0,,,,,11.051847834,1
peru21_2017-06-21_28,7,none,,otsu,docling_easyocr,deepseek,3,0,0,0,3,0.0,0.0,0.0,0,,,,,58.634300514,1
peru21_2017-06-21_28,7,none,,otsu,docling_rapidocr,deepseek,3,1,0,1,3,0.0,0.0,0.0,1,0.90625,1.0,0.7822085889570553,0.9622641509433962,10.851416632,0
peru21_2017-06-21_28,7,none,,yannihorne,docling_easyocr,deepseek,3,0,0,0,3,0.0,0.0,0.0,0,,,,,49.496458336,1
peru21_2017-06-21_28,7,none,,yannihorne,docling_rapidocr,deepseek,3,0,0,0,3,0.0,0.0,0.0,0,,,,,8.120628878,1
peru21_2017-06-21_28,8,none,,adaptive_gaussian,docling_easyocr,deepseek,3,0,0,0,3,0.0,0.0,0.0,0,,,,,51.936154845,1
peru21_2017-06-21_28,8,none,,adaptive_gaussian,docling_rapidocr,deepseek,3,0,0,0,3,0.0,0.0,0.0,0,,,,,8.647543194,1
peru21_2017-06-21_28,8,none,,adaptive_mean,docling_easyocr,deepseek,3,0,0,0,3,0.0,0.0,0.0,0,,,,,52.939734959,1
peru21_2017-06-21_28,8,none,,adaptive_mean,docling_rapidocr,deepseek,3,0,0,0,3,0.0,0.0,0.0,0,,,,,8.37086513,1
peru21_2017-06-21_28,8,none,,basic,docling_easyocr,deepseek,3,0,0,0,3,0.0,0.0,0.0,0,,,,,57.985438889,1
peru21_2017-06-21_28,8,none,,basic,docling_rapidocr,deepseek,3,0,0,0,3,0.0,0.0,0.0,0,,,,,10.740573948,1
peru21_2017-06-21_28,8,none,,niblack,docling_easyocr,deepseek,3,0,0,0,3,0.0,0.0,0.0,0,,,,,48.622872967,1
peru21_2017-06-21_28,8,none,,niblack,docling_rapidocr,deepseek,3,0,0,0,3,0.0,0.0,0.0,0,,,,,8.103872675,1
peru21_2017-06-21_28,8,none,,none_color,docling_easyocr,deepseek,3,0,0,0,3,0.0,0.0,0.0,0,,,,,60.805891506,1
peru21_2017-06-21_28,8,none,,none_color,docling_rapidocr,deepseek,3,0,0,0,3,0.0,0.0,0.0,0,,,,,11.348383419,1
peru21_2017-06-21_28,8,none,,none_grayscale,docling_easyocr,deepseek,3,0,0,0,3,0.0,0.0,0.0,0,,,,,61.590072624,1
peru21_2017-06-21_28,8,none,,none_grayscale,docling_rapidocr,deepseek,3,0,0,0,3,0.0,0.0,0.0,0,,,,,11.439045422,1
peru21_2017-06-21_28,8,none,,otsu,docling_easyocr,deepseek,3,0,0,0,3,0.0,0.0,0.0,0,,,,,63.147851366,1
peru21_2017-06-21_28,8,none,,otsu,docling_rapidocr,deepseek,3,0,0,0,3,0.0,0.0,0.0,0,,,,,11.524450678,1
peru21_2017-06-21_28,8,none,,yannihorne,docling_easyocr,deepseek,3,0,0,0,3,0.0,0.0,0.0,0,,,,,48.947688479,1
peru21_2017-06-21_28,8,none,,yannihorne,docling_rapidocr,deepseek,3,0,0,0,3,0.0,0.0,0.0,0,,,,,8.180467743,1
peru21_2017-06-21_28,9,none,,adaptive_gaussian,docling_easyocr,deepseek,3,0,0,0,3,0.0,0.0,0.0,0,,,,,49.703330323,1
peru21_2017-06-21_28,9,none,,adaptive_gaussian,docling_rapidocr,deepseek,3,0,0,0,3,0.0,0.0,0.0,0,,,,,8.790815159,1
peru21_2017-06-21_28,9,none,,adaptive_mean,docling_easyocr,deepseek,3,0,0,0,3,0.0,0.0,0.0,0,,,,,51.523724787,1
peru21_2017-06-21_28,9,none,,adaptive_mean,docling_rapidocr,deepseek,3,0,0,0,3,0.0,0.0,0.0,0,,,,,8.350601427,1
peru21_2017-06-21_28,9,none,,basic,docling_easyocr,deepseek,3,0,0,0,3,0.0,0.0,0.0,0,,,,,60.478880678,1
peru21_2017-06-21_28,9,none,,basic,docling_rapidocr,deepseek,3,0,0,0,3,0.0,0.0,0.0,0,,,,,10.902612244,1
peru21_2017-06-21_28,9,none,,niblack,docling_easyocr,deepseek,3,0,0,0,3,0.0,0.0,0.0,0,,,,,48.892298661,1
peru21_2017-06-21_28,9,none,,niblack,docling_rapidocr,deepseek,3,0,0,0,3,0.0,0.0,0.0,0,,,,,8.170317374,1
peru21_2017-06-21_28,9,none,,none_color,docling_easyocr,deepseek,3,0,0,0,3,0.0,0.0,0.0,0,,,,,61.597254238,1
peru21_2017-06-21_28,9,none,,none_color,docling_rapidocr,deepseek,3,0,0,0,3,0.0,0.0,0.0,0,,,,,11.325607739,1
peru21_2017-06-21_28,9,none,,none_grayscale,docling_easyocr,deepseek,3,0,0,0,3,0.0,0.0,0.0,0,,,,,61.456901108,1
peru21_2017-06-21_28,9,none,,none_grayscale,docling_rapidocr,deepseek,3,0,0,0,3,0.0,0.0,0.0,0,,,,,11.479899441,1
peru21_2017-06-21_28,9,none,,otsu,docling_easyocr,deepseek,3,0,0,0,3,0.0,0.0,0.0,0,,,,,63.225191462,1
peru21_2017-06-21_28,9,none,,otsu,docling_rapidocr,deepseek,3,0,0,0,3,0.0,0.0,0.0,0,,,,,11.028401243,1
peru21_2017-06-21_28,9,none,,yannihorne,docling_easyocr,deepseek,3,0,0,0,3,0.0,0.0,0.0,0,,,,,48.857212485,1
peru21_2017-06-21_28,9,none,,yannihorne,docling_rapidocr,deepseek,3,0,0,0,3,0.0,0.0,0.0,0,,,,,8.413202227,1
peru21_2017-06-21_28,10,none,,adaptive_gaussian,docling_easyocr,deepseek,3,0,0,0,3,0.0,0.0,0.0,0,,,,,52.315904258,1
peru21_2017-06-21_28,10,none,,adaptive_gaussian,docling_rapidocr,deepseek,3,0,0,0,3,0.0,0.0,0.0,0,,,,,8.603698133,1
peru21_2017-06-21_28,10,none,,adaptive_mean,docling_easyocr,deepseek,3,0,0,0,3,0.0,0.0,0.0,0,,,,,51.987673898,1
peru21_2017-06-21_28,10,none,,adaptive_mean,docling_rapidocr,deepseek,3,1,0,1,3,0.0,0.0,0.0,1,0.8857142857142857,1.0,0.7380952380952381,0.9240506329113924,8.416839023,0
peru21_2017-06-21_28,10,none,,basic,docling_easyocr,deepseek,3,0,0,0,3,0.0,0.0,0.0,0,,,,,60.118588867,1
peru21_2017-06-21_28,10,none,,basic,docling_rapidocr,deepseek,3,1,0,1,3,0.0,0.0,0.0,1,0.90625,1.0,0.7269938650306749,0.9433962264150944,11.06627983,0
peru21_2017-06-21_28,10,none,,niblack,docling_easyocr,deepseek,3,0,0,0,3,0.0,0.0,0.0,0,,,,,48.264606201,1
peru21_2017-06-21_28,10,none,,niblack,docling_rapidocr,deepseek,3,0,0,0,3,0.0,0.0,0.0,0,,,,,8.042802297,1
peru21_2017-06-21_28,10,none,,none_color,docling_easyocr,deepseek,3,0,0,0,3,0.0,0.0,0.0,0,,,,,63.903270995,1
peru21_2017-06-21_28,10,none,,none_color,docling_rapidocr,deepseek,3,0,0,0,3,0.0,0.0,0.0,0,,,,,11.186252868,1
peru21_2017-06-21_28,10,none,,none_grayscale,docling_easyocr,deepseek,3,0,0,0,3,0.0,0.0,0.0,0,,,,,63.706974853,1
peru21_2017-06-21_28,10,none,,none_grayscale,docling_rapidocr,deepseek,3,0,0,0,3,0.0,0.0,0.0,0,,,,,11.600664724,1
peru21_2017-06-21_28,10,none,,otsu,docling_easyocr,deepseek,3,0,0,0,3,0.0,0.0,0.0,0,,,,,60.840509429,1
peru21_2017-06-21_28,10,none,,otsu,docling_rapidocr,deepseek,3,0,0,0,3,0.0,0.0,0.0,0,,,,,11.497231498,1
peru21_2017-06-21_28,10,none,,yannihorne,docling_easyocr,deepseek,3,0,0,0,3,0.0,0.0,0.0,0,,,,,49.513703122,1
peru21_2017-06-21_28,10,none,,yannihorne,docling_rapidocr,deepseek,3,0,0,0,3,0.0,0.0,0.0,0,,,,,8.379507318,1
peru21_2017-06-21_28,11,none,,adaptive_gaussian,docling_easyocr,deepseek,3,0,0,0,3,0.0,0.0,0.0,0,,,,,49.78530483,1
peru21_2017-06-21_28,11,none,,adaptive_gaussian,docling_rapidocr,deepseek,3,0,0,0,3,0.0,0.0,0.0,0,,,,,8.30855994,1
peru21_2017-06-21_28,11,none,,adaptive_mean,docling_easyocr,deepseek,3,0,0,0,3,0.0,0.0,0.0,0,,,,,51.952628202,1
peru21_2017-06-21_28,11,none,,adaptive_mean,docling_rapidocr,deepseek,3,0,0,0,3,0.0,0.0,0.0,0,,,,,8.189901895,1
peru21_2017-06-21_28,11,none,,basic,docling_easyocr,deepseek,3,0,0,0,3,0.0,0.0,0.0,0,,,,,61.297406543,1
peru21_2017-06-21_28,11,none,,basic,docling_rapidocr,deepseek,3,0,0,0,3,0.0,0.0,0.0,0,,,,,11.381870855,1
peru21_2017-06-21_28,11,none,,niblack,docling_easyocr,deepseek,3,0,0,0,3,0.0,0.0,0.0,0,,,,,49.299679698,1
peru21_2017-06-21_28,11,none,,niblack,docling_rapidocr,deepseek,3,0,0,0,3,0.0,0.0,0.0,0,,,,,8.01583928,1
peru21_2017-06-21_28,11,none,,none_color,docling_easyocr,deepseek,3,0,0,0,3,0.0,0.0,0.0,0,,,,,61.807331359,1
peru21_2017-06-21_28,11,none,,none_color,docling_rapidocr,deepseek,3,3,0,3,3,0.0,0.0,0.0,0,,,,,11.24139694,0
peru21_2017-06-21_28,11,none,,none_grayscale,docling_easyocr,deepseek,3,0,0,0,3,0.0,0.0,0.0,0,,,,,64.205487048,1
peru21_2017-06-21_28,11,none,,none_grayscale,docling_rapidocr,deepseek,3,3,0,3,3,0.0,0.0,0.0,0,,,,,11.172193086,0
peru21_2017-06-21_28,11,none,,otsu,docling_easyocr,deepseek,3,0,0,0,3,0.0,0.0,0.0,0,,,,,60.1705274,1
peru21_2017-06-21_28,11,none,,otsu,docling_rapidocr,deepseek,3,0,0,0,3,0.0,0.0,0.0,0,,,,,11.1782977,1
peru21_2017-06-21_28,11,none,,yannihorne,docling_easyocr,deepseek,3,0,0,0,3,0.0,0.0,0.0,0,,,,,49.42998928,1
peru21_2017-06-21_28,11,none,,yannihorne,docling_rapidocr,deepseek,3,0,0,0,3,0.0,0.0,0.0,0,,,,,8.233546438,1
peru21_2017-06-21_28,12,none,,adaptive_gaussian,docling_easyocr,deepseek,3,0,0,0,3,0.0,0.0,0.0,0,,,,,89.4970079,1
peru21_2017-06-21_28,12,none,,adaptive_gaussian,docling_rapidocr,deepseek,3,0,0,0,3,0.0,0.0,0.0,0,,,,,41.633714252,1
peru21_2017-06-21_28,12,none,,adaptive_mean,docling_easyocr,deepseek,3,0,0,0,3,0.0,0.0,0.0,0,,,,,87.965178657,1
peru21_2017-06-21_28,12,none,,adaptive_mean,docling_rapidocr,deepseek,3,0,0,0,3,0.0,0.0,0.0,0,,,,,41.41239183,1
peru21_2017-06-21_28,12,none,,basic,docling_easyocr,deepseek,3,0,0,0,3,0.0,0.0,0.0,0,,,,,90.7263339,1
peru21_2017-06-21_28,12,none,,basic,docling_rapidocr,deepseek,3,1,0,1,3,0.0,0.0,0.0,1,0.90625,1.0,0.8220858895705522,0.9622641509433962,44.499298377,0
peru21_2017-06-21_28,12,none,,niblack,docling_easyocr,deepseek,3,0,0,0,3,0.0,0.0,0.0,0,,,,,83.909243078,1
peru21_2017-06-21_28,12,none,,niblack,docling_rapidocr,deepseek,3,0,0,0,3,0.0,0.0,0.0,0,,,,,41.065001458,1
peru21_2017-06-21_28,12,none,,none_color,docling_easyocr,deepseek,3,0,0,0,3,0.0,0.0,0.0,0,,,,,94.42755379,1
peru21_2017-06-21_28,12,none,,none_color,docling_rapidocr,deepseek,3,0,0,0,3,0.0,0.0,0.0,0,,,,,44.960750717,1
peru21_2017-06-21_28,12,none,,none_grayscale,docling_easyocr,deepseek,3,0,0,0,3,0.0,0.0,0.0,0,,,,,94.931318254,1
peru21_2017-06-21_28,12,none,,none_grayscale,docling_rapidocr,deepseek,3,0,0,0,3,0.0,0.0,0.0,0,,,,,44.656736106,1
peru21_2017-06-21_28,12,none,,otsu,docling_easyocr,deepseek,3,0,0,0,3,0.0,0.0,0.0,0,,,,,93.348792907,1
peru21_2017-06-21_28,12,none,,otsu,docling_rapidocr,deepseek,3,1,0,1,3,0.0,0.0,0.0,0,,,,,44.916184303,0
peru21_2017-06-21_28,12,none,,yannihorne,docling_easyocr,deepseek,3,0,0,0,3,0.0,0.0,0.0,0,,,,,80.276647683,1
peru21_2017-06-21_28,12,none,,yannihorne,docling_rapidocr,deepseek,3,0,0,0,3,0.0,0.0,0.0,0,,,,,41.732586023,1
peru21_2017-06-21_28,13,none,,adaptive_gaussian,docling_easyocr,deepseek,3,0,0,0,3,0.0,0.0,0.0,0,,,,,87.547517717,1
peru21_2017-06-21_28,13,none,,adaptive_gaussian,docling_rapidocr,deepseek,3,0,0,0,3,0.0,0.0,0.0,0,,,,,42.095750272,1
peru21_2017-06-21_28,13,none,,adaptive_mean,docling_easyocr,deepseek,3,0,0,0,3,0.0,0.0,0.0,0,,,,,84.410501535,1
peru21_2017-06-21_28,13,none,,adaptive_mean,docling_rapidocr,deepseek,3,0,0,0,3,0.0,0.0,0.0,0,,,,,41.775613839,1
peru21_2017-06-21_28,13,none,,basic,docling_easyocr,deepseek,3,1,0,1,3,0.0,0.0,0.0,0,,,,,93.748328782,0
peru21_2017-06-21_28,13,none,,basic,docling_rapidocr,deepseek,3,0,0,0,3,0.0,0.0,0.0,0,,,,,45.00339923,1
peru21_2017-06-21_28,13,none,,niblack,docling_easyocr,deepseek,3,0,0,0,3,0.0,0.0,0.0,0,,,,,82.397584442,1
peru21_2017-06-21_28,13,none,,niblack,docling_rapidocr,deepseek,3,0,0,0,3,0.0,0.0,0.0,0,,,,,41.75506163,1
peru21_2017-06-21_28,13,none,,none_color,docling_easyocr,deepseek,3,0,0,0,3,0.0,0.0,0.0,0,,,,,95.065580631,1
peru21_2017-06-21_28,13,none,,none_color,docling_rapidocr,deepseek,3,0,0,0,3,0.0,0.0,0.0,0,,,,,45.069675947,1
peru21_2017-06-21_28,13,none,,none_grayscale,docling_easyocr,deepseek,3,0,0,0,3,0.0,0.0,0.0,0,,,,,94.54388199,1
peru21_2017-06-21_28,13,none,,none_grayscale,docling_rapidocr,deepseek,3,0,0,0,3,0.0,0.0,0.0,0,,,,,44.844161369,1
peru21_2017-06-21_28,13,none,,otsu,docling_easyocr,deepseek,3,0,0,0,3,0.0,0.0,0.0,0,,,,,91.407695058,1
peru21_2017-06-21_28,13,none,,otsu,docling_rapidocr,deepseek,3,0,0,0,3,0.0,0.0,0.0,0,,,,,45.39501262,1
peru21_2017-06-21_28,13,none,,yannihorne,docling_easyocr,deepseek,3,0,0,0,3,0.0,0.0,0.0,0,,,,,80.906896594,1
peru21_2017-06-21_28,13,none,,yannihorne,docling_rapidocr,deepseek,3,0,0,0,3,0.0,0.0,0.0,0,,,,,41.786036733,1
peru21_2017-06-21_28,14,none,,adaptive_gaussian,docling_easyocr,deepseek,3,0,0,0,3,0.0,0.0,0.0,0,,,,,87.209452569,1
peru21_2017-06-21_28,14,none,,adaptive_gaussian,docling_rapidocr,deepseek,3,0,0,0,3,0.0,0.0,0.0,0,,,,,41.944447219,1
peru21_2017-06-21_28,14,none,,adaptive_mean,docling_easyocr,deepseek,3,0,0,0,3,0.0,0.0,0.0,0,,,,,86.057235202,1
peru21_2017-06-21_28,14,none,,adaptive_mean,docling_rapidocr,deepseek,3,0,0,0,3,0.0,0.0,0.0,0,,,,,41.948146066,1
peru21_2017-06-21_28,14,none,,basic,docling_easyocr,deepseek,3,0,0,0,3,0.0,0.0,0.0,0,,,,,91.689469102,1
peru21_2017-06-21_28,14,none,,basic,docling_rapidocr,deepseek,3,0,0,0,3,0.0,0.0,0.0,0,,,,,45.02079511,1
peru21_2017-06-21_28,14,none,,niblack,docling_easyocr,deepseek,3,0,0,0,3,0.0,0.0,0.0,0,,,,,82.289359708,1
peru21_2017-06-21_28,14,none,,niblack,docling_rapidocr,deepseek,3,1,0,1,3,0.0,0.0,0.0,0,,,,,41.590438266,0
peru21_2017-06-21_28,14,none,,none_color,docling_easyocr,deepseek,3,0,0,0,3,0.0,0.0,0.0,0,,,,,92.29722016,1
peru21_2017-06-21_28,14,none,,none_color,docling_rapidocr,deepseek,3,0,0,0,3,0.0,0.0,0.0,0,,,,,45.160556723,1
peru21_2017-06-21_28,14,none,,none_grayscale,docling_easyocr,deepseek,3,0,0,0,3,0.0,0.0,0.0,0,,,,,92.321301152,1
peru21_2017-06-21_28,14,none,,none_grayscale,docling_rapidocr,deepseek,3,0,0,0,3,0.0,0.0,0.0,0,,,,,44.75082772,1
peru21_2017-06-21_28,14,none,,otsu,docling_easyocr,deepseek,3,0,0,0,3,0.0,0.0,0.0,0,,,,,94.263795689,1
peru21_2017-06-21_28,14,none,,otsu,docling_rapidocr,deepseek,3,1,0,1,3,0.0,0.0,0.0,1,1.03125,1.4,0.7668711656441718,0.9245283018867925,44.832886771,0
peru21_2017-06-21_28,14,none,,yannihorne,docling_easyocr,deepseek,3,0,0,0,3,0.0,0.0,0.0,0,,,,,81.253993825,1
peru21_2017-06-21_28,14,none,,yannihorne,docling_rapidocr,deepseek,3,0,0,0,3,0.0,0.0,0.0,0,,,,,41.62480481,1
peru21_2017-06-21_28,15,none,,adaptive_gaussian,docling_easyocr,deepseek,3,0,0,0,3,0.0,0.0,0.0,0,,,,,50.436759086,1
peru21_2017-06-21_28,15,none,,adaptive_gaussian,docling_rapidocr,deepseek,3,0,0,0,3,0.0,0.0,0.0,0,,,,,7.838898272,1
peru21_2017-06-21_28,15,none,,adaptive_mean,docling_easyocr,deepseek,3,0,0,0,3,0.0,0.0,0.0,0,,,,,51.198718348,1
peru21_2017-06-21_28,15,none,,adaptive_mean,docling_rapidocr,deepseek,3,0,0,0,3,0.0,0.0,0.0,0,,,,,7.839036027,1
peru21_2017-06-21_28,15,none,,basic,docling_easyocr,deepseek,3,0,0,0,3,0.0,0.0,0.0,0,,,,,58.683674012,1
peru21_2017-06-21_28,15,none,,basic,docling_rapidocr,deepseek,3,0,0,0,3,0.0,0.0,0.0,0,,,,,9.546022092,1
peru21_2017-06-21_28,15,none,,niblack,docling_easyocr,deepseek,3,0,0,0,3,0.0,0.0,0.0,0,,,,,48.828459987,1
peru21_2017-06-21_28,15,none,,niblack,docling_rapidocr,deepseek,3,0,0,0,3,0.0,0.0,0.0,0,,,,,8.748450765,1
peru21_2017-06-21_28,15,none,,none_color,docling_easyocr,deepseek,3,0,0,0,3,0.0,0.0,0.0,0,,,,,62.266739615,1
peru21_2017-06-21_28,15,none,,none_color,docling_rapidocr,deepseek,3,0,0,0,3,0.0,0.0,0.0,0,,,,,11.349441537,1
peru21_2017-06-21_28,15,none,,none_grayscale,docling_easyocr,deepseek,3,0,0,0,3,0.0,0.0,0.0,0,,,,,64.052721343,1
peru21_2017-06-21_28,15,none,,none_grayscale,docling_rapidocr,deepseek,3,0,0,0,3,0.0,0.0,0.0,0,,,,,11.375644765,1
peru21_2017-06-21_28,15,none,,otsu,docling_easyocr,deepseek,3,0,0,0,3,0.0,0.0,0.0,0,,,,,62.141908872,1
peru21_2017-06-21_28,15,none,,otsu,docling_rapidocr,deepseek,3,0,0,0,3,0.0,0.0,0.0,0,,,,,10.859648215,1
peru21_2017-06-21_28,16,none,,adaptive_gaussian,docling_easyocr,deepseek,3,0,0,0,3,0.0,0.0,0.0,0,,,,,50.244816113,1
peru21_2017-06-21_28,16,none,,adaptive_gaussian,docling_rapidocr,deepseek,3,0,0,0,3,0.0,0.0,0.0,0,,,,,7.998287726,1
peru21_2017-06-21_28,16,none,,adaptive_mean,docling_easyocr,deepseek,3,0,0,0,3,0.0,0.0,0.0,0,,,,,50.586581704,1
peru21_2017-06-21_28,16,none,,adaptive_mean,docling_rapidocr,deepseek,3,0,0,0,3,0.0,0.0,0.0,0,,,,,7.996862885,1
peru21_2017-06-21_28,16,none,,basic,docling_easyocr,deepseek,3,0,0,0,3,0.0,0.0,0.0,0,,,,,60.29889857,1
peru21_2017-06-21_28,16,none,,basic,docling_rapidocr,deepseek,3,0,0,0,3,0.0,0.0,0.0,0,,,,,10.201096646,1
peru21_2017-06-21_28,16,none,,niblack,docling_easyocr,deepseek,3,0,0,0,3,0.0,0.0,0.0,0,,,,,49.073913613,1
peru21_2017-06-21_28,16,none,,niblack,docling_rapidocr,deepseek,3,0,0,0,3,0.0,0.0,0.0,0,,,,,8.562170068,1
peru21_2017-06-21_28,16,none,,none_color,docling_easyocr,deepseek,3,0,0,0,3,0.0,0.0,0.0,0,,,,,60.599307742,1
peru21_2017-06-21_28,16,none,,none_color,docling_rapidocr,deepseek,3,0,0,0,3,0.0,0.0,0.0,0,,,,,11.107217994,1
peru21_2017-06-21_28,16,none,,none_grayscale,docling_easyocr,deepseek,3,0,0,0,3,0.0,0.0,0.0,0,,,,,63.252829352,1
peru21_2017-06-21_28,16,none,,none_grayscale,docling_rapidocr,deepseek,3,0,0,0,3,0.0,0.0,0.0,0,,,,,11.417307893,1
peru21_2017-06-21_28,16,none,,otsu,docling_easyocr,deepseek,3,0,0,0,3,0.0,0.0,0.0,0,,,,,61.998705571,1
peru21_2017-06-21_28,16,none,,otsu,docling_rapidocr,deepseek,3,0,0,0,3,0.0,0.0,0.0,0,,,,,10.056506341,1
peru21_2017-06-21_28,17,none,,adaptive_gaussian,docling_easyocr,deepseek,3,0,0,0,3,0.0,0.0,0.0,0,,,,,52.679715205,1
peru21_2017-06-21_28,17,none,,adaptive_gaussian,docling_rapidocr,deepseek,3,0,0,0,3,0.0,0.0,0.0,0,,,,,7.936585952,1
peru21_2017-06-21_28,17,none,,adaptive_mean,docling_easyocr,deepseek,3,0,0,0,3,0.0,0.0,0.0,0,,,,,51.603866813,1
peru21_2017-06-21_28,17,none,,adaptive_mean,docling_rapidocr,deepseek,3,0,0,0,3,0.0,0.0,0.0,0,,,,,7.892621991,1
peru21_2017-06-21_28,17,none,,basic,docling_easyocr,deepseek,3,0,0,0,3,0.0,0.0,0.0,0,,,,,56.086711684,1
peru21_2017-06-21_28,17,none,,basic,docling_rapidocr,deepseek,3,0,0,0,3,0.0,0.0,0.0,0,,,,,8.043459931,1
peru21_2017-06-21_28,17,none,,niblack,docling_easyocr,deepseek,3,0,0,0,3,0.0,0.0,0.0,0,,,,,47.02502378,1
peru21_2017-06-21_28,17,none,,niblack,docling_rapidocr,deepseek,3,0,0,0,3,0.0,0.0,0.0,0,,,,,10.009821496,1
peru21_2017-06-21_28,17,none,,none_color,docling_easyocr,deepseek,3,0,0,0,3,0.0,0.0,0.0,0,,,,,62.279803958,1
peru21_2017-06-21_28,17,none,,none_color,docling_rapidocr,deepseek,3,0,0,0,3,0.0,0.0,0.0,0,,,,,11.475603309,1
peru21_2017-06-21_28,17,none,,none_grayscale,docling_easyocr,deepseek,3,0,0,0,3,0.0,0.0,0.0,0,,,,,62.827581372,1
peru21_2017-06-21_28,17,none,,none_grayscale,docling_rapidocr,deepseek,3,0,0,0,3,0.0,0.0,0.0,0,,,,,11.050605025,1
peru21_2017-06-21_28,17,none,,otsu,docling_easyocr,deepseek,3,0,0,0,3,0.0,0.0,0.0,0,,,,,62.803525082,1
peru21_2017-06-21_28,17,none,,otsu,docling_rapidocr,deepseek,3,0,0,0,3,0.0,0.0,0.0,0,,,,,11.12846338,1
peru21_2017-06-21_28,18,none,,adaptive_gaussian,docling_easyocr,deepseek,3,0,0,0,3,0.0,0.0,0.0,0,,,,,49.466943485,1
peru21_2017-06-21_28,18,none,,adaptive_gaussian,docling_rapidocr,deepseek,3,0,0,0,3,0.0,0.0,0.0,0,,,,,8.74523781,1
peru21_2017-06-21_28,18,none,,adaptive_mean,docling_easyocr,deepseek,3,0,0,0,3,0.0,0.0,0.0,0,,,,,49.821452383,1
peru21_2017-06-21_28,18,none,,adaptive_mean,docling_rapidocr,deepseek,3,0,0,0,3,0.0,0.0,0.0,0,,,,,8.676712755,1
peru21_2017-06-21_28,18,none,,basic,docling_easyocr,deepseek,3,0,0,0,3,0.0,0.0,0.0,0,,,,,49.776854084,1
peru21_2017-06-21_28,18,none,,basic,docling_rapidocr,deepseek,3,0,0,0,3,0.0,0.0,0.0,0,,,,,8.224856661,1
peru21_2017-06-21_28,18,none,,niblack,docling_easyocr,deepseek,3,0,0,0,3,0.0,0.0,0.0,0,,,,,50.200424738,1
peru21_2017-06-21_28,18,none,,niblack,docling_rapidocr,deepseek,3,0,0,0,3,0.0,0.0,0.0,0,,,,,8.33863718,1
peru21_2017-06-21_28,18,none,,otsu,docling_easyocr,deepseek,3,0,0,0,3,0.0,0.0,0.0,0,,,,,47.476513265,1
peru21_2017-06-21_28,18,none,,otsu,docling_rapidocr,deepseek,3,0,0,0,3,0.0,0.0,0.0,0,,,,,8.46178758,1
peru21_2017-06-21_28,18,none,,yannihorne,docling_easyocr,deepseek,3,0,0,0,3,0.0,0.0,0.0,0,,,,,49.246269821,1
peru21_2017-06-21_28,18,none,,yannihorne,docling_rapidocr,deepseek,3,0,0,0,3,0.0,0.0,0.0,0,,,,,8.375115274,1
peru21_2017-06-21_28,19,none,,adaptive_gaussian,docling_easyocr,deepseek,3,0,0,0,3,0.0,0.0,0.0,0,,,,,47.555372553,1
peru21_2017-06-21_28,19,none,,adaptive_gaussian,docling_rapidocr,deepseek,3,0,0,0,3,0.0,0.0,0.0,0,,,,,8.148637371,1
peru21_2017-06-21_28,19,none,,adaptive_mean,docling_easyocr,deepseek,3,0,0,0,3,0.0,0.0,0.0,0,,,,,47.976325775,1
peru21_2017-06-21_28,19,none,,adaptive_mean,docling_rapidocr,deepseek,3,0,0,0,3,0.0,0.0,0.0,0,,,,,8.721616531,1
peru21_2017-06-21_28,19,none,,basic,docling_easyocr,deepseek,3,0,0,0,3,0.0,0.0,0.0,0,,,,,49.469882793,1
peru21_2017-06-21_28,19,none,,basic,docling_rapidocr,deepseek,3,0,0,0,3,0.0,0.0,0.0,0,,,,,8.465477056,1
peru21_2017-06-21_28,19,none,,niblack,docling_easyocr,deepseek,3,0,0,0,3,0.0,0.0,0.0,0,,,,,48.92425634,1
peru21_2017-06-21_28,19,none,,niblack,docling_rapidocr,deepseek,3,0,0,0,3,0.0,0.0,0.0,0,,,,,8.391109958,1
peru21_2017-06-21_28,19,none,,none_color,docling_easyocr,deepseek,3,0,0,0,3,0.0,0.0,0.0,0,,,,,49.687221998,1
peru21_2017-06-21_28,19,none,,none_grayscale,docling_easyocr,deepseek,3,0,0,0,3,0.0,0.0,0.0,0,,,,,49.434791797,1
peru21_2017-06-21_28,19,none,,otsu,docling_easyocr,deepseek,3,0,0,0,3,0.0,0.0,0.0,0,,,,,49.853837152,1
peru21_2017-06-21_28,19,none,,otsu,docling_rapidocr,deepseek,3,0,0,0,3,0.0,0.0,0.0,0,,,,,8.339966913,1
peru21_2017-06-21_28,19,none,,yannihorne,docling_easyocr,deepseek,3,0,0,0,3,0.0,0.0,0.0,0,,,,,47.707803388,1
peru21_2017-06-21_28,19,none,,yannihorne,docling_rapidocr,deepseek,3,0,0,0,3,0.0,0.0,0.0,0,,,,,8.367247721,1
peru21_2017-06-21_28,20,none,,adaptive_gaussian,docling_easyocr,deepseek,3,0,0,0,3,0.0,0.0,0.0,0,,,,,48.229070864,1
peru21_2017-06-21_28,20,none,,adaptive_gaussian,docling_rapidocr,deepseek,3,0,0,0,3,0.0,0.0,0.0,0,,,,,8.740290603,1
peru21_2017-06-21_28,20,none,,adaptive_mean,docling_easyocr,deepseek,3,0,0,0,3,0.0,0.0,0.0,0,,,,,48.118880659,1
peru21_2017-06-21_28,20,none,,adaptive_mean,docling_rapidocr,deepseek,3,0,0,0,3,0.0,0.0,0.0,0,,,,,8.810741335,1
peru21_2017-06-21_28,20,none,,basic,docling_easyocr,deepseek,3,0,0,0,3,0.0,0.0,0.0,0,,,,,50.203302574,1
peru21_2017-06-21_28,20,none,,basic,docling_rapidocr,deepseek,3,0,0,0,3,0.0,0.0,0.0,0,,,,,8.396352959,1
peru21_2017-06-21_28,20,none,,niblack,docling_easyocr,deepseek,3,0,0,0,3,0.0,0.0,0.0,0,,,,,50.747830913,1
peru21_2017-06-21_28,20,none,,niblack,docling_rapidocr,deepseek,3,0,0,0,3,0.0,0.0,0.0,0,,,,,8.592198656,1
peru21_2017-06-21_28,20,none,,otsu,docling_easyocr,deepseek,3,0,0,0,3,0.0,0.0,0.0,0,,,,,47.630860592,1
peru21_2017-06-21_28,20,none,,otsu,docling_rapidocr,deepseek,3,0,0,0,3,0.0,0.0,0.0,0,,,,,8.35909226,1
peru21_2017-06-21_28,20,none,,yannihorne,docling_easyocr,deepseek,3,0,0,0,3,0.0,0.0,0.0,0,,,,,49.769054199,1
peru21_2017-06-21_28,20,none,,yannihorne,docling_rapidocr,deepseek,3,0,0,0,3,0.0,0.0,0.0,0,,,,,8.434141184,1
peru21_2017-06-21_28,21,none,,adaptive_gaussian,docling_easyocr,deepseek,3,0,0,0,3,0.0,0.0,0.0,0,,,,,144.559028799,1
peru21_2017-06-21_28,21,none,,adaptive_gaussian,docling_rapidocr,deepseek,3,0,0,0,3,0.0,0.0,0.0,0,,,,,101.278805668,1
peru21_2017-06-21_28,21,none,,adaptive_mean,docling_easyocr,deepseek,3,0,0,0,3,0.0,0.0,0.0,0,,,,,142.610584619,1
peru21_2017-06-21_28,21,none,,adaptive_mean,docling_rapidocr,deepseek,3,0,0,0,3,0.0,0.0,0.0,0,,,,,100.737519863,1
peru21_2017-06-21_28,21,none,,basic,docling_easyocr,deepseek,3,0,0,0,3,0.0,0.0,0.0,0,,,,,154.14746134,1
peru21_2017-06-21_28,21,none,,basic,docling_rapidocr,deepseek,3,0,0,0,3,0.0,0.0,0.0,0,,,,,103.568366453,1
peru21_2017-06-21_28,21,none,,niblack,docling_easyocr,deepseek,3,0,0,0,3,0.0,0.0,0.0,0,,,,,142.951050228,1
peru21_2017-06-21_28,21,none,,niblack,docling_rapidocr,deepseek,3,0,0,0,3,0.0,0.0,0.0,0,,,,,100.912429518,1
peru21_2017-06-21_28,21,none,,none_color,docling_easyocr,deepseek,3,0,0,0,3,0.0,0.0,0.0,0,,,,,156.664916368,1
peru21_2017-06-21_28,21,none,,none_color,docling_rapidocr,deepseek,3,0,0,0,3,0.0,0.0,0.0,0,,,,,104.198787542,1
peru21_2017-06-21_28,21,none,,none_grayscale,docling_easyocr,deepseek,3,0,0,0,3,0.0,0.0,0.0,0,,,,,156.386052461,1
peru21_2017-06-21_28,21,none,,none_grayscale,docling_rapidocr,deepseek,3,0,0,0,3,0.0,0.0,0.0,0,,,,,104.443633886,1
peru21_2017-06-21_28,21,none,,otsu,docling_easyocr,deepseek,3,0,0,0,3,0.0,0.0,0.0,0,,,,,153.777604578,1
peru21_2017-06-21_28,21,none,,otsu,docling_rapidocr,deepseek,3,0,0,0,3,0.0,0.0,0.0,0,,,,,104.335211275,1
peru21_2017-06-21_28,21,none,,yannihorne,docling_easyocr,deepseek,3,0,0,0,3,0.0,0.0,0.0,0,,,,,142.229515312,1
peru21_2017-06-21_28,21,none,,yannihorne,docling_rapidocr,deepseek,3,0,0,0,3,0.0,0.0,0.0,0,,,,,101.06104636,1
peru21_2017-06-21_28,22,none,,adaptive_gaussian,docling_easyocr,deepseek,3,0,0,0,3,0.0,0.0,0.0,0,,,,,142.705016587,1
peru21_2017-06-21_28,22,none,,adaptive_gaussian,docling_rapidocr,deepseek,3,0,0,0,3,0.0,0.0,0.0,0,,,,,101.141839955,1
peru21_2017-06-21_28,22,none,,adaptive_mean,docling_easyocr,deepseek,3,0,0,0,3,0.0,0.0,0.0,0,,,,,142.220055264,1
peru21_2017-06-21_28,22,none,,adaptive_mean,docling_rapidocr,deepseek,3,0,0,0,3,0.0,0.0,0.0,0,,,,,100.532100838,1
peru21_2017-06-21_28,22,none,,basic,docling_easyocr,deepseek,3,0,0,0,3,0.0,0.0,0.0,0,,,,,152.990462029,1
peru21_2017-06-21_28,22,none,,basic,docling_rapidocr,deepseek,3,0,0,0,3,0.0,0.0,0.0,0,,,,,103.913919413,1
peru21_2017-06-21_28,22,none,,niblack,docling_easyocr,deepseek,3,0,0,0,3,0.0,0.0,0.0,0,,,,,143.447977072,1
peru21_2017-06-21_28,22,none,,niblack,docling_rapidocr,deepseek,3,0,0,0,3,0.0,0.0,0.0,0,,,,,100.668192631,1
peru21_2017-06-21_28,22,none,,none_color,docling_easyocr,deepseek,3,0,0,0,3,0.0,0.0,0.0,0,,,,,153.453285824,1
peru21_2017-06-21_28,22,none,,none_color,docling_rapidocr,deepseek,3,0,0,0,3,0.0,0.0,0.0,0,,,,,104.272632967,1
peru21_2017-06-21_28,22,none,,none_grayscale,docling_easyocr,deepseek,3,0,0,0,3,0.0,0.0,0.0,0,,,,,153.260056626,1
peru21_2017-06-21_28,22,none,,none_grayscale,docling_rapidocr,deepseek,3,0,0,0,3,0.0,0.0,0.0,0,,,,,103.835452687,1
peru21_2017-06-21_28,22,none,,otsu,docling_easyocr,deepseek,3,0,0,0,3,0.0,0.0,0.0,0,,,,,156.463410653,1
peru21_2017-06-21_28,22,none,,otsu,docling_rapidocr,deepseek,3,0,0,0,3,0.0,0.0,0.0,0,,,,,104.080932654,1
peru21_2017-06-21_28,22,none,,yannihorne,docling_easyocr,deepseek,3,0,0,0,3,0.0,0.0,0.0,0,,,,,140.44672159,1
peru21_2017-06-21_28,22,none,,yannihorne,docling_rapidocr,deepseek,3,0,0,0,3,0.0,0.0,0.0,0,,,,,100.922675408,1
peru21_2017-06-21_28,23,none,,adaptive_gaussian,docling_easyocr,deepseek,3,0,0,0,3,0.0,0.0,0.0,0,,,,,145.212078093,1
peru21_2017-06-21_28,23,none,,adaptive_gaussian,docling_rapidocr,deepseek,3,0,0,0,3,0.0,0.0,0.0,0,,,,,101.444074868,1
peru21_2017-06-21_28,23,none,,adaptive_mean,docling_easyocr,deepseek,3,0,0,0,3,0.0,0.0,0.0,0,,,,,142.938620203,1
peru21_2017-06-21_28,23,none,,adaptive_mean,docling_rapidocr,deepseek,3,0,0,0,3,0.0,0.0,0.0,0,,,,,100.945117348,1
peru21_2017-06-21_28,23,none,,basic,docling_easyocr,deepseek,3,0,0,0,3,0.0,0.0,0.0,0,,,,,154.303040183,1
peru21_2017-06-21_28,23,none,,basic,docling_rapidocr,deepseek,3,0,0,0,3,0.0,0.0,0.0,0,,,,,104.535416281,1
peru21_2017-06-21_28,23,none,,niblack,docling_easyocr,deepseek,3,0,0,0,3,0.0,0.0,0.0,0,,,,,142.501041827,1
peru21_2017-06-21_28,23,none,,niblack,docling_rapidocr,deepseek,3,0,0,0,3,0.0,0.0,0.0,0,,,,,100.661752161,1
peru21_2017-06-21_28,23,none,,none_color,docling_easyocr,deepseek,3,0,0,0,3,0.0,0.0,0.0,0,,,,,157.869906031,1
peru21_2017-06-21_28,23,none,,none_color,docling_rapidocr,deepseek,3,0,0,0,3,0.0,0.0,0.0,0,,,,,104.388454758,1
peru21_2017-06-21_28,23,none,,none_grayscale,docling_easyocr,deepseek,3,0,0,0,3,0.0,0.0,0.0,0,,,,,154.508654438,1
peru21_2017-06-21_28,23,none,,none_grayscale,docling_rapidocr,deepseek,3,0,0,0,3,0.0,0.0,0.0,0,,,,,104.620194518,1
peru21_2017-06-21_28,23,none,,otsu,docling_easyocr,deepseek,3,0,0,0,3,0.0,0.0,0.0,0,,,,,153.728588332,1
peru21_2017-06-21_28,23,none,,otsu,docling_rapidocr,deepseek,3,0,0,0,3,0.0,0.0,0.0,0,,,,,103.612053383,1
peru21_2017-06-21_28,23,none,,yannihorne,docling_easyocr,deepseek,3,0,0,0,3,0.0,0.0,0.0,0,,,,,142.704156865,1
peru21_2017-06-21_28,23,none,,yannihorne,docling_rapidocr,deepseek,3,0,0,0,3,0.0,0.0,0.0,0,,,,,101.15424012,1
peru21_2017-06-21_28,24,none,,adaptive_gaussian,docling_easyocr,deepseek,3,0,0,0,3,0.0,0.0,0.0,0,,,,,55.840475781,1
peru21_2017-06-21_28,24,none,,adaptive_gaussian,docling_rapidocr,deepseek,3,0,0,0,3,0.0,0.0,0.0,0,,,,,7.867023213,1
peru21_2017-06-21_28,24,none,,adaptive_mean,docling_easyocr,deepseek,3,0,0,0,3,0.0,0.0,0.0,0,,,,,52.583274151,1
peru21_2017-06-21_28,24,none,,adaptive_mean,docling_rapidocr,deepseek,3,0,0,0,3,0.0,0.0,0.0,0,,,,,8.433397795,1
peru21_2017-06-21_28,24,none,,basic,docling_easyocr,deepseek,3,0,0,0,3,0.0,0.0,0.0,0,,,,,60.469200917,1
peru21_2017-06-21_28,24,none,,basic,docling_rapidocr,deepseek,3,0,0,0,3,0.0,0.0,0.0,0,,,,,11.313646384,1
peru21_2017-06-21_28,24,none,,niblack,docling_easyocr,deepseek,3,0,0,0,3,0.0,0.0,0.0,0,,,,,48.715924164,1
peru21_2017-06-21_28,24,none,,niblack,docling_rapidocr,deepseek,3,0,0,0,3,0.0,0.0,0.0,0,,,,,7.522725245,1
peru21_2017-06-21_28,24,none,,none_color,docling_easyocr,deepseek,3,0,0,0,3,0.0,0.0,0.0,0,,,,,61.898179287,1
peru21_2017-06-21_28,24,none,,none_color,docling_rapidocr,deepseek,3,1,0,1,3,0.0,0.0,0.0,0,,,,,11.627071614,0
peru21_2017-06-21_28,24,none,,none_grayscale,docling_easyocr,deepseek,3,0,0,0,3,0.0,0.0,0.0,0,,,,,58.747789761,1
peru21_2017-06-21_28,24,none,,none_grayscale,docling_rapidocr,deepseek,3,0,0,0,3,0.0,0.0,0.0,0,,,,,11.59166207,1
peru21_2017-06-21_28,24,none,,otsu,docling_easyocr,deepseek,3,0,0,0,3,0.0,0.0,0.0,0,,,,,58.0401952,1
peru21_2017-06-21_28,24,none,,otsu,docling_rapidocr,deepseek,3,0,0,0,3,0.0,0.0,0.0,0,,,,,11.696531031,1
peru21_2017-06-21_28,24,none,,yannihorne,docling_easyocr,deepseek,3,0,0,0,3,0.0,0.0,0.0,0,,,,,47.17640135,1
peru21_2017-06-21_28,24,none,,yannihorne,docling_rapidocr,deepseek,3,0,0,0,3,0.0,0.0,0.0,0,,,,,7.60779259,1
peru21_2017-06-21_28,25,none,,adaptive_gaussian,docling_easyocr,deepseek,3,0,0,0,3,0.0,0.0,0.0,0,,,,,52.522173638,1
peru21_2017-06-21_28,25,none,,adaptive_gaussian,docling_rapidocr,deepseek,3,0,0,0,3,0.0,0.0,0.0,0,,,,,8.258679385,1
peru21_2017-06-21_28,25,none,,adaptive_mean,docling_easyocr,deepseek,3,0,0,0,3,0.0,0.0,0.0,0,,,,,50.823506703,1
peru21_2017-06-21_28,25,none,,adaptive_mean,docling_rapidocr,deepseek,3,0,0,0,3,0.0,0.0,0.0,0,,,,,7.783926119,1
peru21_2017-06-21_28,25,none,,basic,docling_easyocr,deepseek,3,0,0,0,3,0.0,0.0,0.0,0,,,,,61.065691622,1
peru21_2017-06-21_28,25,none,,basic,docling_rapidocr,deepseek,3,0,0,0,3,0.0,0.0,0.0,0,,,,,10.729293974,1
peru21_2017-06-21_28,25,none,,niblack,docling_easyocr,deepseek,3,0,0,0,3,0.0,0.0,0.0,0,,,,,50.45787843,1
peru21_2017-06-21_28,25,none,,niblack,docling_rapidocr,deepseek,3,0,0,0,3,0.0,0.0,0.0,0,,,,,7.462550957,1
peru21_2017-06-21_28,25,none,,none_color,docling_easyocr,deepseek,3,0,0,0,3,0.0,0.0,0.0,0,,,,,59.29107197,1
peru21_2017-06-21_28,25,none,,none_color,docling_rapidocr,deepseek,3,0,0,0,3,0.0,0.0,0.0,0,,,,,11.486657698,1
peru21_2017-06-21_28,25,none,,none_grayscale,docling_easyocr,deepseek,3,2,0,2,3,0.0,0.0,0.0,0,,,,,59.186327608,0
peru21_2017-06-21_28,25,none,,none_grayscale,docling_rapidocr,deepseek,3,0,0,0,3,0.0,0.0,0.0,0,,,,,10.733204516,1
peru21_2017-06-21_28,25,none,,otsu,docling_easyocr,deepseek,3,0,0,0,3,0.0,0.0,0.0,0,,,,,60.707208214,1
peru21_2017-06-21_28,25,none,,otsu,docling_rapidocr,deepseek,3,1,0,1,3,0.0,0.0,0.0,0,,,,,10.863446293,0
peru21_2017-06-21_28,25,none,,yannihorne,docling_easyocr,deepseek,3,0,0,0,3,0.0,0.0,0.0,0,,,,,49.319018183,1
peru21_2017-06-21_28,25,none,,yannihorne,docling_rapidocr,deepseek,3,0,0,0,3,0.0,0.0,0.0,0,,,,,7.87781292,1
peru21_2017-06-21_28,26,none,,adaptive_gaussian,docling_easyocr,deepseek,3,0,0,0,3,0.0,0.0,0.0,0,,,,,56.405186432,1
peru21_2017-06-21_28,26,none,,adaptive_gaussian,docling_rapidocr,deepseek,3,0,0,0,3,0.0,0.0,0.0,0,,,,,8.033918398,1
peru21_2017-06-21_28,26,none,,adaptive_mean,docling_easyocr,deepseek,3,0,0,0,3,0.0,0.0,0.0,0,,,,,54.488201657,1
peru21_2017-06-21_28,26,none,,adaptive_mean,docling_rapidocr,deepseek,3,0,0,0,3,0.0,0.0,0.0,0,,,,,7.780439177,1
peru21_2017-06-21_28,26,none,,basic,docling_easyocr,deepseek,3,0,0,0,3,0.0,0.0,0.0,0,,,,,59.246026835,1
peru21_2017-06-21_28,26,none,,basic,docling_rapidocr,deepseek,3,0,0,0,3,0.0,0.0,0.0,0,,,,,11.667965016,1
peru21_2017-06-21_28,26,none,,niblack,docling_easyocr,deepseek,3,0,0,0,3,0.0,0.0,0.0,0,,,,,48.383377964,1
peru21_2017-06-21_28,26,none,,niblack,docling_rapidocr,deepseek,3,0,0,0,3,0.0,0.0,0.0,0,,,,,7.911669666,1
peru21_2017-06-21_28,26,none,,none_color,docling_easyocr,deepseek,3,0,0,0,3,0.0,0.0,0.0,0,,,,,62.047272047,1
peru21_2017-06-21_28,26,none,,none_color,docling_rapidocr,deepseek,3,0,0,0,3,0.0,0.0,0.0,0,,,,,10.991859278,1
peru21_2017-06-21_28,26,none,,none_grayscale,docling_easyocr,deepseek,3,0,0,0,3,0.0,0.0,0.0,0,,,,,62.142196186,1
peru21_2017-06-21_28,26,none,,none_grayscale,docling_rapidocr,deepseek,3,0,0,0,3,0.0,0.0,0.0,0,,,,,10.914426811,1
peru21_2017-06-21_28,26,none,,otsu,docling_easyocr,deepseek,3,0,0,0,3,0.0,0.0,0.0,0,,,,,60.696546707,1
peru21_2017-06-21_28,26,none,,otsu,docling_rapidocr,deepseek,3,1,0,1,3,0.0,0.0,0.0,1,1.03125,1.4,0.8834355828220859,1.0,11.521999035,0
peru21_2017-06-21_28,26,none,,yannihorne,docling_easyocr,deepseek,3,0,0,0,3,0.0,0.0,0.0,0,,,,,48.040621195,1
peru21_2017-06-21_28,26,none,,yannihorne,docling_rapidocr,deepseek,3,0,0,0,3,0.0,0.0,0.0,0,,,,,7.731673393,1
peru21_2017-06-21_28,27,none,,adaptive_gaussian,docling_easyocr,deepseek,3,0,0,0,3,0.0,0.0,0.0,0,,,,,53.654646353,1
peru21_2017-06-21_28,27,none,,adaptive_gaussian,docling_rapidocr,deepseek,3,0,0,0,3,0.0,0.0,0.0,0,,,,,8.127488569,1
peru21_2017-06-21_28,27,none,,adaptive_mean,docling_easyocr,deepseek,3,0,0,0,3,0.0,0.0,0.0,0,,,,,52.543603968,1
peru21_2017-06-21_28,27,none,,adaptive_mean,docling_rapidocr,deepseek,3,0,0,0,3,0.0,0.0,0.0,0,,,,,7.978013586,1
peru21_2017-06-21_28,27,none,,basic,docling_easyocr,deepseek,3,0,0,0,3,0.0,0.0,0.0,0,,,,,58.051788515,1
peru21_2017-06-21_28,27,none,,basic,docling_rapidocr,deepseek,3,0,0,0,3,0.0,0.0,0.0,0,,,,,10.882641024,1
peru21_2017-06-21_28,27,none,,niblack,docling_easyocr,deepseek,3,0,0,0,3,0.0,0.0,0.0,0,,,,,51.067765846,1
peru21_2017-06-21_28,27,none,,niblack,docling_rapidocr,deepseek,3,0,0,0,3,0.0,0.0,0.0,0,,,,,8.11217679,1
peru21_2017-06-21_28,27,none,,none_color,docling_easyocr,deepseek,3,0,0,0,3,0.0,0.0,0.0,0,,,,,58.878168146,1
peru21_2017-06-21_28,27,none,,none_color,docling_rapidocr,deepseek,3,0,0,0,3,0.0,0.0,0.0,0,,,,,10.863777439,1
peru21_2017-06-21_28,27,none,,none_grayscale,docling_easyocr,deepseek,3,0,0,0,3,0.0,0.0,0.0,0,,,,,61.908251398,1
peru21_2017-06-21_28,27,none,,none_grayscale,docling_rapidocr,deepseek,3,0,0,0,3,0.0,0.0,0.0,0,,,,,11.537854069,1
peru21_2017-06-21_28,27,none,,otsu,docling_easyocr,deepseek,3,0,0,0,3,0.0,0.0,0.0,0,,,,,61.577314158,1
peru21_2017-06-21_28,27,none,,otsu,docling_rapidocr,deepseek,3,0,0,0,3,0.0,0.0,0.0,0,,,,,11.067875881,1
peru21_2017-06-21_28,27,none,,yannihorne,docling_easyocr,deepseek,3,0,0,0,3,0.0,0.0,0.0,0,,,,,49.364721556,1
peru21_2017-06-21_28,27,none,,yannihorne,docling_rapidocr,deepseek,3,0,0,0,3,0.0,0.0,0.0,0,,,,,8.178362866,1
peru21_2017-06-21_28,28,none,,adaptive_gaussian,docling_easyocr,deepseek,3,0,0,0,3,0.0,0.0,0.0,0,,,,,53.52299746,1
peru21_2017-06-21_28,28,none,,adaptive_gaussian,docling_rapidocr,deepseek,3,0,0,0,3,0.0,0.0,0.0,0,,,,,7.979535183,1
peru21_2017-06-21_28,28,none,,adaptive_mean,docling_easyocr,deepseek,3,0,0,0,3,0.0,0.0,0.0,0,,,,,51.393447666,1
peru21_2017-06-21_28,28,none,,adaptive_mean,docling_rapidocr,deepseek,3,0,0,0,3,0.0,0.0,0.0,0,,,,,8.016454725,1
peru21_2017-06-21_28,28,none,,basic,docling_easyocr,deepseek,3,0,0,0,3,0.0,0.0,0.0,0,,,,,60.689683985,1
peru21_2017-06-21_28,28,none,,basic,docling_rapidocr,deepseek,3,1,0,1,3,0.0,0.0,0.0,1,1.03125,1.4,0.8834355828220859,1.0,11.315075707,0
peru21_2017-06-21_28,28,none,,niblack,docling_easyocr,deepseek,3,0,0,0,3,0.0,0.0,0.0,0,,,,,50.474533795,1
peru21_2017-06-21_28,28,none,,niblack,docling_rapidocr,deepseek,3,0,0,0,3,0.0,0.0,0.0,0,,,,,8.051261185,1
peru21_2017-06-21_28,28,none,,none_color,docling_easyocr,deepseek,3,0,0,0,3,0.0,0.0,0.0,0,,,,,58.920748636,1
peru21_2017-06-21_28,28,none,,none_color,docling_rapidocr,deepseek,3,1,0,1,3,0.0,0.0,0.0,0,,,,,11.220835135,0
peru21_2017-06-21_28,28,none,,none_grayscale,docling_easyocr,deepseek,3,0,0,0,3,0.0,0.0,0.0,0,,,,,58.937258957,1
peru21_2017-06-21_28,28,none,,none_grayscale,docling_rapidocr,deepseek,3,0,0,0,3,0.0,0.0,0.0,0,,,,,11.144551991,1
peru21_2017-06-21_28,28,none,,otsu,docling_easyocr,deepseek,3,0,0,0,3,0.0,0.0,0.0,0,,,,,58.350264692,1
peru21_2017-06-21_28,28,none,,otsu,docling_rapidocr,deepseek,3,1,0,1,3,0.0,0.0,0.0,1,1.03125,1.4,0.8834355828220859,1.0,11.569605017,0
peru21_2017-06-21_28,28,none,,yannihorne,docling_easyocr,deepseek,3,0,0,0,3,0.0,0.0,0.0,0,,,,,49.646587753,1
peru21_2017-06-21_28,28,none,,yannihorne,docling_rapidocr,deepseek,3,0,0,0,3,0.0,0.0,0.0,0,,,,,8.325737381,1
peru21_2017-06-21_28,29,none,,adaptive_gaussian,docling_easyocr,deepseek,3,0,0,0,3,0.0,0.0,0.0,0,,,,,54.129001864,1
peru21_2017-06-21_28,29,none,,adaptive_gaussian,docling_rapidocr,deepseek,3,0,0,0,3,0.0,0.0,0.0,0,,,,,8.385046251,1
peru21_2017-06-21_28,29,none,,adaptive_mean,docling_easyocr,deepseek,3,0,0,0,3,0.0,0.0,0.0,0,,,,,49.755511002,1
peru21_2017-06-21_28,29,none,,adaptive_mean,docling_rapidocr,deepseek,3,0,0,0,3,0.0,0.0,0.0,0,,,,,7.889153914,1
peru21_2017-06-21_28,29,none,,basic,docling_easyocr,deepseek,3,0,0,0,3,0.0,0.0,0.0,0,,,,,60.243256567,1
peru21_2017-06-21_28,29,none,,basic,docling_rapidocr,deepseek,3,0,0,0,3,0.0,0.0,0.0,0,,,,,11.427217243,1
peru21_2017-06-21_28,29,none,,niblack,docling_easyocr,deepseek,3,0,0,0,3,0.0,0.0,0.0,0,,,,,50.516187168,1
peru21_2017-06-21_28,29,none,,niblack,docling_rapidocr,deepseek,3,0,0,0,3,0.0,0.0,0.0,0,,,,,8.05492232,1
peru21_2017-06-21_28,29,none,,none_color,docling_easyocr,deepseek,3,0,0,0,3,0.0,0.0,0.0,0,,,,,58.842015669,1
peru21_2017-06-21_28,29,none,,none_color,docling_rapidocr,deepseek,3,0,0,0,3,0.0,0.0,0.0,0,,,,,10.679568217,1
peru21_2017-06-21_28,29,none,,none_grayscale,docling_easyocr,deepseek,3,0,0,0,3,0.0,0.0,0.0,0,,,,,61.223099707,1
peru21_2017-06-21_28,29,none,,none_grayscale,docling_rapidocr,deepseek,3,0,0,0,3,0.0,0.0,0.0,0,,,,,11.52545142,1
peru21_2017-06-21_28,29,none,,otsu,docling_easyocr,deepseek,3,0,0,0,3,0.0,0.0,0.0,0,,,,,60.020309757,1
peru21_2017-06-21_28,29,none,,otsu,docling_rapidocr,deepseek,3,0,0,0,3,0.0,0.0,0.0,0,,,,,11.532728266,1
peru21_2017-06-21_28,29,none,,yannihorne,docling_easyocr,deepseek,3,0,0,0,3,0.0,0.0,0.0,0,,,,,49.353682112,1
peru21_2017-06-21_28,29,none,,yannihorne,docling_rapidocr,deepseek,3,0,0,0,3,0.0,0.0,0.0,0,,,,,8.134070229,1
peru21_2017-06-21_28,30,none,,adaptive_gaussian,docling_easyocr,deepseek,3,0,0,0,3,0.0,0.0,0.0,0,,,,,50.313033468,1
peru21_2017-06-21_28,30,none,,adaptive_gaussian,docling_rapidocr,deepseek,3,0,0,0,3,0.0,0.0,0.0,0,,,,,8.273273356,1
peru21_2017-06-21_28,30,none,,adaptive_mean,docling_easyocr,deepseek,3,0,0,0,3,0.0,0.0,0.0,0,,,,,51.447284773,1
peru21_2017-06-21_28,30,none,,adaptive_mean,docling_rapidocr,deepseek,3,0,0,0,3,0.0,0.0,0.0,0,,,,,8.211308315,1
peru21_2017-06-21_28,30,none,,basic,docling_easyocr,deepseek,3,0,0,0,3,0.0,0.0,0.0,0,,,,,59.380147169,1
peru21_2017-06-21_28,30,none,,basic,docling_rapidocr,deepseek,3,1,0,1,3,0.0,0.0,0.0,0,,,,,11.288940857,0
peru21_2017-06-21_28,30,none,,niblack,docling_easyocr,deepseek,3,0,0,0,3,0.0,0.0,0.0,0,,,,,48.654666395,1
peru21_2017-06-21_28,30,none,,niblack,docling_rapidocr,deepseek,3,0,0,0,3,0.0,0.0,0.0,0,,,,,8.075511665,1
peru21_2017-06-21_28,30,none,,none_color,docling_easyocr,deepseek,3,0,0,0,3,0.0,0.0,0.0,0,,,,,60.985679909,1
peru21_2017-06-21_28,30,none,,none_color,docling_rapidocr,deepseek,3,0,0,0,3,0.0,0.0,0.0,0,,,,,11.258858725,1
peru21_2017-06-21_28,30,none,,none_grayscale,docling_easyocr,deepseek,3,0,0,0,3,0.0,0.0,0.0,0,,,,,58.733925459,1
peru21_2017-06-21_28,30,none,,none_grayscale,docling_rapidocr,deepseek,3,0,0,0,3,0.0,0.0,0.0,0,,,,,10.829453108,1
peru21_2017-06-21_28,30,none,,otsu,docling_easyocr,deepseek,3,0,0,0,3,0.0,0.0,0.0,0,,,,,55.481890463,1
peru21_2017-06-21_28,30,none,,otsu,docling_rapidocr,deepseek,3,0,0,0,3,0.0,0.0,0.0,0,,,,,10.099449658,1
peru21_2017-06-21_28,30,none,,yannihorne,docling_easyocr,deepseek,3,0,0,0,3,0.0,0.0,0.0,0,,,,,47.228878521,1
peru21_2017-06-21_28,30,none,,yannihorne,docling_rapidocr,deepseek,3,0,0,0,3,0.0,0.0,0.0,0,,,,,8.293476605,1
peru21_2017-06-21_28,31,none,,adaptive_gaussian,docling_easyocr,deepseek,3,0,0,0,3,0.0,0.0,0.0,0,,,,,50.805195084,1
peru21_2017-06-21_28,31,none,,adaptive_gaussian,docling_rapidocr,deepseek,3,0,0,0,3,0.0,0.0,0.0,0,,,,,8.642495384,1
peru21_2017-06-21_28,31,none,,adaptive_mean,docling_easyocr,deepseek,3,0,0,0,3,0.0,0.0,0.0,0,,,,,53.045484409,1
peru21_2017-06-21_28,31,none,,adaptive_mean,docling_rapidocr,deepseek,3,0,0,0,3,0.0,0.0,0.0,0,,,,,8.38608037,1
peru21_2017-06-21_28,31,none,,basic,docling_easyocr,deepseek,3,0,0,0,3,0.0,0.0,0.0,0,,,,,62.313231211,1
peru21_2017-06-21_28,31,none,,basic,docling_rapidocr,deepseek,3,0,0,0,3,0.0,0.0,0.0,0,,,,,11.667547684,1
peru21_2017-06-21_28,31,none,,niblack,docling_easyocr,deepseek,3,0,0,0,3,0.0,0.0,0.0,0,,,,,48.889057472,1
peru21_2017-06-21_28,31,none,,niblack,docling_rapidocr,deepseek,3,0,0,0,3,0.0,0.0,0.0,0,,,,,7.890898064,1
peru21_2017-06-21_28,31,none,,none_color,docling_easyocr,deepseek,3,0,0,0,3,0.0,0.0,0.0,0,,,,,60.844605759,1
peru21_2017-06-21_28,31,none,,none_color,docling_rapidocr,deepseek,3,1,0,1,3,0.0,0.0,0.0,0,,,,,11.711880758,0
peru21_2017-06-21_28,31,none,,none_grayscale,docling_easyocr,deepseek,3,0,0,0,3,0.0,0.0,0.0,0,,,,,59.102975754,1
peru21_2017-06-21_28,31,none,,none_grayscale,docling_rapidocr,deepseek,3,0,0,0,3,0.0,0.0,0.0,0,,,,,11.533561138,1
peru21_2017-06-21_28,31,none,,otsu,docling_easyocr,deepseek,3,0,0,0,3,0.0,0.0,0.0,0,,,,,58.954925114,1
peru21_2017-06-21_28,31,none,,otsu,docling_rapidocr,deepseek,3,1,0,1,3,0.0,0.0,0.0,0,,,,,11.119519287,0
peru21_2017-06-21_28,31,none,,yannihorne,docling_easyocr,deepseek,3,0,0,0,3,0.0,0.0,0.0,0,,,,,47.358900362,1
peru21_2017-06-21_28,31,none,,yannihorne,docling_rapidocr,deepseek,3,0,0,0,3,0.0,0.0,0.0,0,,,,,8.217032248,1
peru21_2017-06-21_28,32,none,,adaptive_gaussian,docling_easyocr,deepseek,3,0,0,0,3,0.0,0.0,0.0,0,,,,,52.595798576,1
peru21_2017-06-21_28,32,none,,adaptive_gaussian,docling_rapidocr,deepseek,3,0,0,0,3,0.0,0.0,0.0,0,,,,,8.376797283,1
peru21_2017-06-21_28,32,none,,adaptive_mean,docling_easyocr,deepseek,3,0,0,0,3,0.0,0.0,0.0,0,,,,,49.680957661,1
peru21_2017-06-21_28,32,none,,adaptive_mean,docling_rapidocr,deepseek,3,0,0,0,3,0.0,0.0,0.0,0,,,,,8.134555445,1
peru21_2017-06-21_28,32,none,,basic,docling_easyocr,deepseek,3,0,0,0,3,0.0,0.0,0.0,0,,,,,60.217348246,1
peru21_2017-06-21_28,32,none,,basic,docling_rapidocr,deepseek,3,0,0,0,3,0.0,0.0,0.0,0,,,,,11.528749374,1
peru21_2017-06-21_28,32,none,,niblack,docling_easyocr,deepseek,3,0,0,0,3,0.0,0.0,0.0,0,,,,,50.52936039,1
peru21_2017-06-21_28,32,none,,niblack,docling_rapidocr,deepseek,3,0,0,0,3,0.0,0.0,0.0,0,,,,,8.257847881,1
peru21_2017-06-21_28,32,none,,none_color,docling_easyocr,deepseek,3,0,0,0,3,0.0,0.0,0.0,0,,,,,59.152570799,1
peru21_2017-06-21_28,32,none,,none_color,docling_rapidocr,deepseek,3,0,0,0,3,0.0,0.0,0.0,0,,,,,11.492499426,1
peru21_2017-06-21_28,32,none,,none_grayscale,docling_easyocr,deepseek,3,0,0,0,3,0.0,0.0,0.0,0,,,,,61.310988739,1
peru21_2017-06-21_28,32,none,,none_grayscale,docling_rapidocr,deepseek,3,0,0,0,3,0.0,0.0,0.0,0,,,,,11.66392906,1
peru21_2017-06-21_28,32,none,,otsu,docling_easyocr,deepseek,3,0,0,0,3,0.0,0.0,0.0,0,,,,,58.007282238,1
peru21_2017-06-21_28,32,none,,otsu,docling_rapidocr,deepseek,3,0,0,0,3,0.0,0.0,0.0,0,,,,,9.899260264,1
peru21_2017-06-21_28,32,none,,yannihorne,docling_easyocr,deepseek,3,0,0,0,3,0.0,0.0,0.0,0,,,,,47.327480536,1
peru21_2017-06-21_28,32,none,,yannihorne,docling_rapidocr,deepseek,3,0,0,0,3,0.0,0.0,0.0,0,,,,,8.47089241,1
peru21_2017-06-21_28,33,none,,adaptive_gaussian,docling_easyocr,deepseek,3,0,0,0,3,0.0,0.0,0.0,0,,,,,54.5202463,1
peru21_2017-06-21_28,33,none,,adaptive_gaussian,docling_rapidocr,deepseek,3,0,0,0,3,0.0,0.0,0.0,0,,,,,8.363882813,1
peru21_2017-06-21_28,33,none,,adaptive_mean,docling_easyocr,deepseek,3,0,0,0,3,0.0,0.0,0.0,0,,,,,50.734648924,1
peru21_2017-06-21_28,33,none,,adaptive_mean,docling_rapidocr,deepseek,3,0,0,0,3,0.0,0.0,0.0,0,,,,,8.309038859,1
peru21_2017-06-21_28,33,none,,basic,docling_easyocr,deepseek,3,0,0,0,3,0.0,0.0,0.0,0,,,,,61.237843775,1
peru21_2017-06-21_28,33,none,,basic,docling_rapidocr,deepseek,3,0,0,0,3,0.0,0.0,0.0,0,,,,,10.888077759,1
peru21_2017-06-21_28,33,none,,niblack,docling_easyocr,deepseek,3,0,0,0,3,0.0,0.0,0.0,0,,,,,48.710356569,1
peru21_2017-06-21_28,33,none,,niblack,docling_rapidocr,deepseek,3,0,0,0,3,0.0,0.0,0.0,0,,,,,8.30645833,1
peru21_2017-06-21_28,33,none,,none_color,docling_easyocr,deepseek,3,0,0,0,3,0.0,0.0,0.0,0,,,,,59.619803784,1
peru21_2017-06-21_28,33,none,,none_color,docling_rapidocr,deepseek,3,0,0,0,3,0.0,0.0,0.0,0,,,,,11.202439663,1
peru21_2017-06-21_28,33,none,,none_grayscale,docling_easyocr,deepseek,3,0,0,0,3,0.0,0.0,0.0,0,,,,,61.465633104,1
peru21_2017-06-21_28,33,none,,none_grayscale,docling_rapidocr,deepseek,3,0,0,0,3,0.0,0.0,0.0,0,,,,,11.925758312,1
peru21_2017-06-21_28,33,none,,otsu,docling_easyocr,deepseek,3,0,0,0,3,0.0,0.0,0.0,0,,,,,57.313328838,1
peru21_2017-06-21_28,33,none,,otsu,docling_rapidocr,deepseek,3,0,0,0,3,0.0,0.0,0.0,0,,,,,10.662733173,1
peru21_2017-06-21_28,33,none,,yannihorne,docling_easyocr,deepseek,3,0,0,0,3,0.0,0.0,0.0,0,,,,,47.473399973,1
peru21_2017-06-21_28,33,none,,yannihorne,docling_rapidocr,deepseek,3,0,0,0,3,0.0,0.0,0.0,0,,,,,8.293965674,1
peru21_2017-06-21_28,34,none,,adaptive_gaussian,docling_easyocr,deepseek,3,0,0,0,3,0.0,0.0,0.0,0,,,,,55.763533343,1
peru21_2017-06-21_28,34,none,,adaptive_gaussian,docling_rapidocr,deepseek,3,0,0,0,3,0.0,0.0,0.0,0,,,,,8.312030066,1
peru21_2017-06-21_28,34,none,,adaptive_mean,docling_easyocr,deepseek,3,0,0,0,3,0.0,0.0,0.0,0,,,,,53.787678894,1
peru21_2017-06-21_28,34,none,,adaptive_mean,docling_rapidocr,deepseek,3,0,0,0,3,0.0,0.0,0.0,0,,,,,8.404634175,1
peru21_2017-06-21_28,34,none,,basic,docling_easyocr,deepseek,3,0,0,0,3,0.0,0.0,0.0,0,,,,,60.882803969,1
peru21_2017-06-21_28,34,none,,basic,docling_rapidocr,deepseek,3,1,0,1,3,0.0,0.0,0.0,1,1.03125,1.4,0.9325153374233128,1.0,11.698781304,0
peru21_2017-06-21_28,34,none,,niblack,docling_easyocr,deepseek,3,0,0,0,3,0.0,0.0,0.0,0,,,,,50.108946064,1
peru21_2017-06-21_28,34,none,,niblack,docling_rapidocr,deepseek,3,0,0,0,3,0.0,0.0,0.0,0,,,,,7.805524329,1
peru21_2017-06-21_28,34,none,,none_color,docling_easyocr,deepseek,3,0,0,0,3,0.0,0.0,0.0,0,,,,,59.748115685,1
peru21_2017-06-21_28,34,none,,none_color,docling_rapidocr,deepseek,3,1,0,1,3,0.0,0.0,0.0,0,,,,,11.060761597,0
peru21_2017-06-21_28,34,none,,none_grayscale,docling_easyocr,deepseek,3,0,0,0,3,0.0,0.0,0.0,0,,,,,60.928964833,1
peru21_2017-06-21_28,34,none,,none_grayscale,docling_rapidocr,deepseek,3,0,0,0,3,0.0,0.0,0.0,0,,,,,11.303426245,1
peru21_2017-06-21_28,34,none,,otsu,docling_easyocr,deepseek,3,0,0,0,3,0.0,0.0,0.0,0,,,,,57.818589335,1
peru21_2017-06-21_28,34,none,,otsu,docling_rapidocr,deepseek,3,0,0,0,3,0.0,0.0,0.0,0,,,,,11.765236979,1
peru21_2017-06-21_28,34,none,,yannihorne,docling_easyocr,deepseek,3,0,0,0,3,0.0,0.0,0.0,0,,,,,47.373615628,1
peru21_2017-06-21_28,34,none,,yannihorne,docling_rapidocr,deepseek,3,0,0,0,3,0.0,0.0,0.0,0,,,,,8.439570313,1
peru21_2017-06-21_28,35,none,,adaptive_gaussian,docling_easyocr,deepseek,3,0,0,0,3,0.0,0.0,0.0,0,,,,,51.666510643,1
peru21_2017-06-21_28,35,none,,adaptive_gaussian,docling_rapidocr,deepseek,3,0,0,0,3,0.0,0.0,0.0,0,,,,,7.990954937,1
peru21_2017-06-21_28,35,none,,adaptive_mean,docling_easyocr,deepseek,3,0,0,0,3,0.0,0.0,0.0,0,,,,,49.705717408,1
peru21_2017-06-21_28,35,none,,adaptive_mean,docling_rapidocr,deepseek,3,0,0,0,3,0.0,0.0,0.0,0,,,,,7.964811407,1
peru21_2017-06-21_28,35,none,,basic,docling_easyocr,deepseek,3,0,0,0,3,0.0,0.0,0.0,0,,,,,60.131772404,1
peru21_2017-06-21_28,35,none,,basic,docling_rapidocr,deepseek,3,0,0,0,3,0.0,0.0,0.0,0,,,,,11.251088982,1
peru21_2017-06-21_28,35,none,,niblack,docling_easyocr,deepseek,3,0,0,0,3,0.0,0.0,0.0,0,,,,,50.778124167,1
peru21_2017-06-21_28,35,none,,niblack,docling_rapidocr,deepseek,3,0,0,0,3,0.0,0.0,0.0,0,,,,,8.087416483,1
peru21_2017-06-21_28,35,none,,none_color,docling_easyocr,deepseek,3,0,0,0,3,0.0,0.0,0.0,0,,,,,61.207336239,1
peru21_2017-06-21_28,35,none,,none_color,docling_rapidocr,deepseek,3,0,0,0,3,0.0,0.0,0.0,0,,,,,11.529623799,1
peru21_2017-06-21_28,35,none,,none_grayscale,docling_easyocr,deepseek,3,0,0,0,3,0.0,0.0,0.0,0,,,,,58.990123324,1
peru21_2017-06-21_28,35,none,,none_grayscale,docling_rapidocr,deepseek,3,0,0,0,3,0.0,0.0,0.0,0,,,,,10.87260776,1
peru21_2017-06-21_28,35,none,,otsu,docling_easyocr,deepseek,3,0,0,0,3,0.0,0.0,0.0,0,,,,,60.030311304,1
peru21_2017-06-21_28,35,none,,otsu,docling_rapidocr,deepseek,3,0,0,0,3,0.0,0.0,0.0,0,,,,,10.819763619,1
peru21_2017-06-21_28,35,none,,yannihorne,docling_easyocr,deepseek,3,0,0,0,3,0.0,0.0,0.0,0,,,,,48.986001927,1
peru21_2017-06-21_28,35,none,,yannihorne,docling_rapidocr,deepseek,3,0,0,0,3,0.0,0.0,0.0,0,,,,,7.943402249,1
peru21_2017-06-21_28,36,none,,adaptive_gaussian,docling_easyocr,deepseek,3,0,0,0,3,0.0,0.0,0.0,0,,,,,52.20119043,1
peru21_2017-06-21_28,36,none,,adaptive_gaussian,docling_rapidocr,deepseek,3,0,0,0,3,0.0,0.0,0.0,0,,,,,7.900584656,1
peru21_2017-06-21_28,36,none,,adaptive_mean,docling_easyocr,deepseek,3,0,0,0,3,0.0,0.0,0.0,0,,,,,49.834025528,1
peru21_2017-06-21_28,36,none,,adaptive_mean,docling_rapidocr,deepseek,3,0,0,0,3,0.0,0.0,0.0,0,,,,,8.50674906,1
peru21_2017-06-21_28,36,none,,basic,docling_easyocr,deepseek,3,0,0,0,3,0.0,0.0,0.0,0,,,,,62.30151672,1
peru21_2017-06-21_28,36,none,,basic,docling_rapidocr,deepseek,3,0,0,0,3,0.0,0.0,0.0,0,,,,,10.689047524,1
peru21_2017-06-21_28,36,none,,niblack,docling_easyocr,deepseek,3,0,0,0,3,0.0,0.0,0.0,0,,,,,48.756125752,1
peru21_2017-06-21_28,36,none,,niblack,docling_rapidocr,deepseek,3,0,0,0,3,0.0,0.0,0.0,0,,,,,7.903243605,1
peru21_2017-06-21_28,36,none,,none_color,docling_easyocr,deepseek,3,0,0,0,3,0.0,0.0,0.0,0,,,,,63.866387648,1
peru21_2017-06-21_28,36,none,,none_color,docling_rapidocr,deepseek,3,1,0,1,3,0.0,0.0,0.0,0,,,,,11.523216051,0
peru21_2017-06-21_28,36,none,,none_grayscale,docling_easyocr,deepseek,3,0,0,0,3,0.0,0.0,0.0,0,,,,,62.889133568,1
peru21_2017-06-21_28,36,none,,none_grayscale,docling_rapidocr,deepseek,3,0,0,0,3,0.0,0.0,0.0,0,,,,,10.918825503,1
peru21_2017-06-21_28,36,none,,otsu,docling_easyocr,deepseek,3,0,0,0,3,0.0,0.0,0.0,0,,,,,62.206988118,1
peru21_2017-06-21_28,36,none,,otsu,docling_rapidocr,deepseek,3,0,0,0,3,0.0,0.0,0.0,0,,,,,10.888209603,1
peru21_2017-06-21_28,36,none,,yannihorne,docling_easyocr,deepseek,3,0,0,0,3,0.0,0.0,0.0,0,,,,,47.740532658,1
peru21_2017-06-21_28,36,none,,yannihorne,docling_rapidocr,deepseek,3,0,0,0,3,0.0,0.0,0.0,0,,,,,7.930853388,1
peru21_2017-06-21_28,37,none,,adaptive_gaussian,docling_easyocr,deepseek,3,0,0,0,3,0.0,0.0,0.0,0,,,,,51.924262368,1
peru21_2017-06-21_28,37,none,,adaptive_gaussian,docling_rapidocr,deepseek,3,0,0,0,3,0.0,0.0,0.0,0,,,,,7.885833107,1
peru21_2017-06-21_28,37,none,,adaptive_mean,docling_easyocr,deepseek,3,0,0,0,3,0.0,0.0,0.0,0,,,,,50.269499571,1
peru21_2017-06-21_28,37,none,,adaptive_mean,docling_rapidocr,deepseek,3,0,0,0,3,0.0,0.0,0.0,0,,,,,8.182614834,1
peru21_2017-06-21_28,37,none,,basic,docling_easyocr,deepseek,3,0,0,0,3,0.0,0.0,0.0,0,,,,,61.797781779,1
peru21_2017-06-21_28,37,none,,basic,docling_rapidocr,deepseek,3,0,0,0,3,0.0,0.0,0.0,0,,,,,11.455192162,1
peru21_2017-06-21_28,37,none,,niblack,docling_easyocr,deepseek,3,0,0,0,3,0.0,0.0,0.0,0,,,,,48.963191416,1
peru21_2017-06-21_28,37,none,,niblack,docling_rapidocr,deepseek,3,0,0,0,3,0.0,0.0,0.0,0,,,,,7.841624167,1
peru21_2017-06-21_28,37,none,,none_color,docling_easyocr,deepseek,3,0,0,0,3,0.0,0.0,0.0,0,,,,,60.267123223,1
peru21_2017-06-21_28,37,none,,none_color,docling_rapidocr,deepseek,3,1,0,1,3,0.0,0.0,0.0,0,,,,,11.827924967,0
peru21_2017-06-21_28,37,none,,none_grayscale,docling_easyocr,deepseek,3,0,0,0,3,0.0,0.0,0.0,0,,,,,61.993149115,1
peru21_2017-06-21_28,37,none,,none_grayscale,docling_rapidocr,deepseek,3,0,0,0,3,0.0,0.0,0.0,0,,,,,11.391648365,1
peru21_2017-06-21_28,37,none,,otsu,docling_easyocr,deepseek,3,0,0,0,3,0.0,0.0,0.0,0,,,,,60.427605847,1
peru21_2017-06-21_28,37,none,,otsu,docling_rapidocr,deepseek,3,0,0,0,3,0.0,0.0,0.0,0,,,,,11.345073202,1
peru21_2017-06-21_28,37,none,,yannihorne,docling_easyocr,deepseek,3,0,0,0,3,0.0,0.0,0.0,0,,,,,49.498945692,1
peru21_2017-06-21_28,37,none,,yannihorne,docling_rapidocr,deepseek,3,0,0,0,3,0.0,0.0,0.0,0,,,,,8.117867449,1
peru21_2017-06-21_28,38,none,,adaptive_gaussian,docling_easyocr,deepseek,3,0,0,0,3,0.0,0.0,0.0,0,,,,,50.063834092,1
peru21_2017-06-21_28,38,none,,adaptive_gaussian,docling_rapidocr,deepseek,3,0,0,0,3,0.0,0.0,0.0,0,,,,,8.404670617,1
peru21_2017-06-21_28,38,none,,adaptive_mean,docling_easyocr,deepseek,3,0,0,0,3,0.0,0.0,0.0,0,,,,,52.0794913,1
peru21_2017-06-21_28,38,none,,adaptive_mean,docling_rapidocr,deepseek,3,0,0,0,3,0.0,0.0,0.0,0,,,,,8.341546697,1
peru21_2017-06-21_28,38,none,,basic,docling_easyocr,deepseek,3,0,0,0,3,0.0,0.0,0.0,0,,,,,59.892467225,1
peru21_2017-06-21_28,38,none,,basic,docling_rapidocr,deepseek,3,0,0,0,3,0.0,0.0,0.0,0,,,,,10.538849557,1
peru21_2017-06-21_28,38,none,,niblack,docling_easyocr,deepseek,3,0,0,0,3,0.0,0.0,0.0,0,,,,,49.89369844,1
peru21_2017-06-21_28,38,none,,niblack,docling_rapidocr,deepseek,3,0,0,0,3,0.0,0.0,0.0,0,,,,,8.221046433,1
peru21_2017-06-21_28,38,none,,none_color,docling_easyocr,deepseek,3,0,0,0,3,0.0,0.0,0.0,0,,,,,63.158085238,1
peru21_2017-06-21_28,38,none,,none_color,docling_rapidocr,deepseek,3,0,0,0,3,0.0,0.0,0.0,0,,,,,10.930282723,1
peru21_2017-06-21_28,38,none,,none_grayscale,docling_easyocr,deepseek,3,0,0,0,3,0.0,0.0,0.0,0,,,,,60.972097051,1
peru21_2017-06-21_28,38,none,,none_grayscale,docling_rapidocr,deepseek,3,0,0,0,3,0.0,0.0,0.0,0,,,,,10.797272336,1
peru21_2017-06-21_28,38,none,,otsu,docling_easyocr,deepseek,3,0,0,0,3,0.0,0.0,0.0,0,,,,,63.090080537,1
peru21_2017-06-21_28,38,none,,otsu,docling_rapidocr,deepseek,3,0,0,0,3,0.0,0.0,0.0,0,,,,,11.390336074,1
peru21_2017-06-21_28,38,none,,yannihorne,docling_easyocr,deepseek,3,0,0,0,3,0.0,0.0,0.0,0,,,,,47.820531167,1
peru21_2017-06-21_28,38,none,,yannihorne,docling_rapidocr,deepseek,3,0,0,0,3,0.0,0.0,0.0,0,,,,,8.367282428,1
peru21_2017-06-21_28,39,none,,adaptive_gaussian,docling_easyocr,deepseek,3,0,0,0,3,0.0,0.0,0.0,0,,,,,86.983330379,1
peru21_2017-06-21_28,39,none,,adaptive_gaussian,docling_rapidocr,deepseek,3,0,0,0,3,0.0,0.0,0.0,0,,,,,41.281364808,1
peru21_2017-06-21_28,39,none,,adaptive_mean,docling_easyocr,deepseek,3,0,0,0,3,0.0,0.0,0.0,0,,,,,85.025722343,1
peru21_2017-06-21_28,39,none,,adaptive_mean,docling_rapidocr,deepseek,3,0,0,0,3,0.0,0.0,0.0,0,,,,,40.938519317,1
peru21_2017-06-21_28,39,none,,basic,docling_easyocr,deepseek,3,0,0,0,3,0.0,0.0,0.0,0,,,,,90.83807187,1
peru21_2017-06-21_28,39,none,,basic,docling_rapidocr,deepseek,3,2,0,2,3,0.0,0.0,0.0,0,,,,,44.14258294,0
peru21_2017-06-21_28,39,none,,niblack,docling_easyocr,deepseek,3,0,0,0,3,0.0,0.0,0.0,0,,,,,82.999636624,1
peru21_2017-06-21_28,39,none,,niblack,docling_rapidocr,deepseek,3,0,0,0,3,0.0,0.0,0.0,0,,,,,41.094788049,1
peru21_2017-06-21_28,39,none,,none_color,docling_easyocr,deepseek,3,0,0,0,3,0.0,0.0,0.0,0,,,,,91.831069682,1
peru21_2017-06-21_28,39,none,,none_color,docling_rapidocr,deepseek,3,0,0,0,3,0.0,0.0,0.0,0,,,,,43.815101359,1
peru21_2017-06-21_28,39,none,,none_grayscale,docling_easyocr,deepseek,3,0,0,0,3,0.0,0.0,0.0,0,,,,,91.815854835,1
peru21_2017-06-21_28,39,none,,none_grayscale,docling_rapidocr,deepseek,3,0,0,0,3,0.0,0.0,0.0,0,,,,,43.759621905,1
peru21_2017-06-21_28,39,none,,otsu,docling_easyocr,deepseek,3,0,0,0,3,0.0,0.0,0.0,0,,,,,93.374550773,1
peru21_2017-06-21_28,39,none,,otsu,docling_rapidocr,deepseek,3,0,0,0,3,0.0,0.0,0.0,0,,,,,44.654576016,1
peru21_2017-06-21_28,39,none,,yannihorne,docling_easyocr,deepseek,3,0,0,0,3,0.0,0.0,0.0,0,,,,,80.524173928,1
peru21_2017-06-21_28,39,none,,yannihorne,docling_rapidocr,deepseek,3,0,0,0,3,0.0,0.0,0.0,0,,,,,41.122202827,1
peru21_2017-06-21_28,40,none,,adaptive_gaussian,docling_easyocr,deepseek,3,0,0,0,3,0.0,0.0,0.0,0,,,,,86.993222785,1
peru21_2017-06-21_28,40,none,,adaptive_gaussian,docling_rapidocr,deepseek,3,0,0,0,3,0.0,0.0,0.0,0,,,,,41.607906652,1
peru21_2017-06-21_28,40,none,,adaptive_mean,docling_easyocr,deepseek,3,0,0,0,3,0.0,0.0,0.0,0,,,,,84.704572148,1
peru21_2017-06-21_28,40,none,,adaptive_mean,docling_rapidocr,deepseek,3,0,0,0,3,0.0,0.0,0.0,0,,,,,41.784742541,1
peru21_2017-06-21_28,40,none,,basic,docling_easyocr,deepseek,3,0,0,0,3,0.0,0.0,0.0,0,,,,,91.948798242,1
peru21_2017-06-21_28,40,none,,basic,docling_rapidocr,deepseek,3,0,0,0,3,0.0,0.0,0.0,0,,,,,44.962393346,1
peru21_2017-06-21_28,40,none,,niblack,docling_easyocr,deepseek,3,0,0,0,3,0.0,0.0,0.0,0,,,,,81.938442769,1
peru21_2017-06-21_28,40,none,,niblack,docling_rapidocr,deepseek,3,0,0,0,3,0.0,0.0,0.0,0,,,,,41.67851645,1
peru21_2017-06-21_28,40,none,,none_color,docling_easyocr,deepseek,3,0,0,0,3,0.0,0.0,0.0,0,,,,,94.847505248,1
peru21_2017-06-21_28,40,none,,none_color,docling_rapidocr,deepseek,3,1,0,1,3,0.0,0.0,0.0,0,,,,,45.000594056,0
peru21_2017-06-21_28,40,none,,none_grayscale,docling_easyocr,deepseek,3,0,0,0,3,0.0,0.0,0.0,0,,,,,94.487338294,1
peru21_2017-06-21_28,40,none,,none_grayscale,docling_rapidocr,deepseek,3,0,0,0,3,0.0,0.0,0.0,0,,,,,44.973507871,1
peru21_2017-06-21_28,40,none,,otsu,docling_easyocr,deepseek,3,0,0,0,3,0.0,0.0,0.0,0,,,,,93.910623923,1
peru21_2017-06-21_28,40,none,,otsu,docling_rapidocr,deepseek,3,1,0,1,3,0.0,0.0,0.0,1,1.03125,1.4,0.8834355828220859,1.0,44.679396287,0
peru21_2017-06-21_28,40,none,,yannihorne,docling_easyocr,deepseek,3,0,0,0,3,0.0,0.0,0.0,0,,,,,80.835536376,1
peru21_2017-06-21_28,40,none,,yannihorne,docling_rapidocr,deepseek,3,0,0,0,3,0.0,0.0,0.0,0,,,,,41.407256976,1
peru21_2017-06-21_28,41,none,,adaptive_gaussian,docling_easyocr,deepseek,3,0,0,0,3,0.0,0.0,0.0,0,,,,,87.631225596,1
peru21_2017-06-21_28,41,none,,adaptive_gaussian,docling_rapidocr,deepseek,3,0,0,0,3,0.0,0.0,0.0,0,,,,,41.756106387,1
peru21_2017-06-21_28,41,none,,adaptive_mean,docling_easyocr,deepseek,3,0,0,0,3,0.0,0.0,0.0,0,,,,,85.470060308,1
peru21_2017-06-21_28,41,none,,adaptive_mean,docling_rapidocr,deepseek,3,0,0,0,3,0.0,0.0,0.0,0,,,,,41.662881333,1
peru21_2017-06-21_28,41,none,,basic,docling_easyocr,deepseek,3,0,0,0,3,0.0,0.0,0.0,0,,,,,93.967873097,1
peru21_2017-06-21_28,41,none,,basic,docling_rapidocr,deepseek,3,0,0,0,3,0.0,0.0,0.0,0,,,,,44.879044772,1
peru21_2017-06-21_28,41,none,,niblack,docling_easyocr,deepseek,3,0,0,0,3,0.0,0.0,0.0,0,,,,,81.711068486,1
peru21_2017-06-21_28,41,none,,niblack,docling_rapidocr,deepseek,3,0,0,0,3,0.0,0.0,0.0,0,,,,,41.390241479,1
peru21_2017-06-21_28,41,none,,none_color,docling_easyocr,deepseek,3,0,0,0,3,0.0,0.0,0.0,0,,,,,92.982346225,1
peru21_2017-06-21_28,41,none,,none_color,docling_rapidocr,deepseek,3,0,0,0,3,0.0,0.0,0.0,0,,,,,44.431565928,1
peru21_2017-06-21_28,41,none,,none_grayscale,docling_easyocr,deepseek,3,0,0,0,3,0.0,0.0,0.0,0,,,,,92.705205131,1
peru21_2017-06-21_28,41,none,,none_grayscale,docling_rapidocr,deepseek,3,0,0,0,3,0.0,0.0,0.0,0,,,,,44.798605371,1
peru21_2017-06-21_28,41,none,,otsu,docling_easyocr,deepseek,3,0,0,0,3,0.0,0.0,0.0,0,,,,,94.033135011,1
peru21_2017-06-21_28,41,none,,otsu,docling_rapidocr,deepseek,3,0,0,0,3,0.0,0.0,0.0,0,,,,,45.08012016,1
peru21_2017-06-21_28,41,none,,yannihorne,docling_easyocr,deepseek,3,0,0,0,3,0.0,0.0,0.0,0,,,,,81.286040856,1
peru21_2017-06-21_28,41,none,,yannihorne,docling_rapidocr,deepseek,3,0,0,0,3,0.0,0.0,0.0,0,,,,,41.288377597,1
peru21_2017-06-21_28,42,none,,adaptive_gaussian,docling_easyocr,deepseek,3,0,0,0,3,0.0,0.0,0.0,0,,,,,47.856700715,1
peru21_2017-06-21_28,42,none,,adaptive_gaussian,docling_rapidocr,deepseek,3,0,0,0,3,0.0,0.0,0.0,0,,,,,7.108743723,1
peru21_2017-06-21_28,42,none,,adaptive_mean,docling_easyocr,deepseek,3,0,0,0,3,0.0,0.0,0.0,0,,,,,50.464783984,1
peru21_2017-06-21_28,42,none,,adaptive_mean,docling_rapidocr,deepseek,3,0,0,0,3,0.0,0.0,0.0,0,,,,,6.81686266,1
peru21_2017-06-21_28,42,none,,basic,docling_easyocr,deepseek,3,0,0,0,3,0.0,0.0,0.0,0,,,,,61.510936379,1
peru21_2017-06-21_28,42,none,,basic,docling_rapidocr,deepseek,3,0,0,0,3,0.0,0.0,0.0,0,,,,,8.367625355,1
peru21_2017-06-21_28,42,none,,niblack,docling_easyocr,deepseek,3,0,0,0,3,0.0,0.0,0.0,0,,,,,46.934095833,1
peru21_2017-06-21_28,42,none,,niblack,docling_rapidocr,deepseek,3,0,0,0,3,0.0,0.0,0.0,0,,,,,7.690849755,1
peru21_2017-06-21_28,42,none,,none_color,docling_easyocr,deepseek,3,0,0,0,3,0.0,0.0,0.0,0,,,,,61.49050257,1
peru21_2017-06-21_28,42,none,,none_color,docling_rapidocr,deepseek,3,0,0,0,3,0.0,0.0,0.0,0,,,,,10.84547231,1
peru21_2017-06-21_28,42,none,,none_grayscale,docling_easyocr,deepseek,3,0,0,0,3,0.0,0.0,0.0,0,,,,,64.176436947,1
peru21_2017-06-21_28,42,none,,none_grayscale,docling_rapidocr,deepseek,3,0,0,0,3,0.0,0.0,0.0,0,,,,,10.868759917,1
peru21_2017-06-21_28,42,none,,otsu,docling_easyocr,deepseek,3,0,0,0,3,0.0,0.0,0.0,0,,,,,59.802050066,1
peru21_2017-06-21_28,42,none,,otsu,docling_rapidocr,deepseek,3,0,0,0,3,0.0,0.0,0.0,0,,,,,8.588062716,1
peru21_2017-06-21_28,43,none,,adaptive_gaussian,docling_easyocr,deepseek,3,0,0,0,3,0.0,0.0,0.0,0,,,,,47.597064198,1
peru21_2017-06-21_28,43,none,,adaptive_gaussian,docling_rapidocr,deepseek,3,0,0,0,3,0.0,0.0,0.0,0,,,,,6.795196713,1
peru21_2017-06-21_28,43,none,,adaptive_mean,docling_easyocr,deepseek,3,0,0,0,3,0.0,0.0,0.0,0,,,,,49.451838383,1
peru21_2017-06-21_28,43,none,,adaptive_mean,docling_rapidocr,deepseek,3,0,0,0,3,0.0,0.0,0.0,0,,,,,6.978352675,1
peru21_2017-06-21_28,43,none,,basic,docling_easyocr,deepseek,3,0,0,0,3,0.0,0.0,0.0,0,,,,,55.336251667,1
peru21_2017-06-21_28,43,none,,basic,docling_rapidocr,deepseek,3,0,0,0,3,0.0,0.0,0.0,0,,,,,7.911656311,1
peru21_2017-06-21_28,43,none,,niblack,docling_easyocr,deepseek,3,0,0,0,3,0.0,0.0,0.0,0,,,,,46.714770892,1
peru21_2017-06-21_28,43,none,,niblack,docling_rapidocr,deepseek,3,0,0,0,3,0.0,0.0,0.0,0,,,,,7.522145607,1
peru21_2017-06-21_28,43,none,,none_color,docling_easyocr,deepseek,3,0,0,0,3,0.0,0.0,0.0,0,,,,,60.522667983,1
peru21_2017-06-21_28,43,none,,none_color,docling_rapidocr,deepseek,3,0,0,0,3,0.0,0.0,0.0,0,,,,,10.65421138,1
peru21_2017-06-21_28,43,none,,none_grayscale,docling_easyocr,deepseek,3,0,0,0,3,0.0,0.0,0.0,0,,,,,61.239144972,1
peru21_2017-06-21_28,43,none,,none_grayscale,docling_rapidocr,deepseek,3,0,0,0,3,0.0,0.0,0.0,0,,,,,10.269146136,1
peru21_2017-06-21_28,43,none,,otsu,docling_easyocr,deepseek,3,0,0,0,3,0.0,0.0,0.0,0,,,,,55.130617457,1
peru21_2017-06-21_28,43,none,,otsu,docling_rapidocr,deepseek,3,0,0,0,3,0.0,0.0,0.0,0,,,,,7.859526473,1
peru21_2017-06-21_28,44,none,,adaptive_gaussian,docling_easyocr,deepseek,3,0,0,0,3,0.0,0.0,0.0,0,,,,,49.722478331,1
peru21_2017-06-21_28,44,none,,adaptive_gaussian,docling_rapidocr,deepseek,3,0,0,0,3,0.0,0.0,0.0,0,,,,,7.036862076,1
peru21_2017-06-21_28,44,none,,adaptive_mean,docling_easyocr,deepseek,3,0,0,0,3,0.0,0.0,0.0,0,,,,,48.755831442,1
peru21_2017-06-21_28,44,none,,adaptive_mean,docling_rapidocr,deepseek,3,0,0,0,3,0.0,0.0,0.0,0,,,,,6.855403624,1
peru21_2017-06-21_28,44,none,,basic,docling_easyocr,deepseek,3,0,0,0,3,0.0,0.0,0.0,0,,,,,55.185621981,1
peru21_2017-06-21_28,44,none,,basic,docling_rapidocr,deepseek,3,0,0,0,3,0.0,0.0,0.0,0,,,,,7.19491506,1
peru21_2017-06-21_28,44,none,,niblack,docling_easyocr,deepseek,3,0,0,0,3,0.0,0.0,0.0,0,,,,,48.41519492,1
peru21_2017-06-21_28,44,none,,niblack,docling_rapidocr,deepseek,3,0,0,0,3,0.0,0.0,0.0,0,,,,,7.752219609,1
peru21_2017-06-21_28,44,none,,none_color,docling_easyocr,deepseek,3,0,0,0,3,0.0,0.0,0.0,0,,,,,63.672313622,1
peru21_2017-06-21_28,44,none,,none_color,docling_rapidocr,deepseek,3,0,0,0,3,0.0,0.0,0.0,0,,,,,10.398158005,1
peru21_2017-06-21_28,44,none,,none_grayscale,docling_easyocr,deepseek,3,0,0,0,3,0.0,0.0,0.0,0,,,,,63.907681158,1
peru21_2017-06-21_28,44,none,,none_grayscale,docling_rapidocr,deepseek,3,0,0,0,3,0.0,0.0,0.0,0,,,,,10.83044999,1
peru21_2017-06-21_28,44,none,,otsu,docling_easyocr,deepseek,3,0,0,0,3,0.0,0.0,0.0,0,,,,,60.633372384,1
peru21_2017-06-21_28,44,none,,otsu,docling_rapidocr,deepseek,3,0,0,0,3,0.0,0.0,0.0,0,,,,,8.488085347,1
peru21_2017-06-21_28,45,none,,adaptive_gaussian,docling_easyocr,deepseek,3,0,0,0,3,0.0,0.0,0.0,0,,,,,46.640836605,1
peru21_2017-06-21_28,45,none,,adaptive_gaussian,docling_rapidocr,deepseek,3,0,0,0,3,0.0,0.0,0.0,0,,,,,7.976112256,1
peru21_2017-06-21_28,45,none,,adaptive_mean,docling_easyocr,deepseek,3,0,0,0,3,0.0,0.0,0.0,0,,,,,49.366172463,1
peru21_2017-06-21_28,45,none,,adaptive_mean,docling_rapidocr,deepseek,3,0,0,0,3,0.0,0.0,0.0,0,,,,,8.819868237,1
peru21_2017-06-21_28,45,none,,basic,docling_easyocr,deepseek,3,0,0,0,3,0.0,0.0,0.0,0,,,,,48.863228274,1
peru21_2017-06-21_28,45,none,,basic,docling_rapidocr,deepseek,3,0,0,0,3,0.0,0.0,0.0,0,,,,,7.549288702,1
peru21_2017-06-21_28,45,none,,niblack,docling_easyocr,deepseek,3,0,0,0,3,0.0,0.0,0.0,0,,,,,49.739749831,1
peru21_2017-06-21_28,45,none,,niblack,docling_rapidocr,deepseek,3,0,0,0,3,0.0,0.0,0.0,0,,,,,7.708716076,1
peru21_2017-06-21_28,45,none,,otsu,docling_easyocr,deepseek,3,0,0,0,3,0.0,0.0,0.0,0,,,,,48.84552076,1
peru21_2017-06-21_28,45,none,,otsu,docling_rapidocr,deepseek,3,0,0,0,3,0.0,0.0,0.0,0,,,,,7.407265212,1
peru21_2017-06-21_28,45,none,,yannihorne,docling_easyocr,deepseek,3,0,0,0,3,0.0,0.0,0.0,0,,,,,46.743990447,1
peru21_2017-06-21_28,45,none,,yannihorne,docling_rapidocr,deepseek,3,0,0,0,3,0.0,0.0,0.0,0,,,,,7.644838358,1
peru21_2017-06-21_28,46,none,,adaptive_gaussian,docling_easyocr,deepseek,3,0,0,0,3,0.0,0.0,0.0,0,,,,,48.241050795,1
peru21_2017-06-21_28,46,none,,adaptive_gaussian,docling_rapidocr,deepseek,3,0,0,0,3,0.0,0.0,0.0,0,,,,,8.422180727,1
peru21_2017-06-21_28,46,none,,adaptive_mean,docling_easyocr,deepseek,3,0,0,0,3,0.0,0.0,0.0,0,,,,,48.131315804,1
peru21_2017-06-21_28,46,none,,adaptive_mean,docling_rapidocr,deepseek,3,0,0,0,3,0.0,0.0,0.0,0,,,,,8.921004391,1
peru21_2017-06-21_28,46,none,,basic,docling_easyocr,deepseek,3,0,0,0,3,0.0,0.0,0.0,0,,,,,49.937116999,1
peru21_2017-06-21_28,46,none,,basic,docling_rapidocr,deepseek,3,0,0,0,3,0.0,0.0,0.0,0,,,,,8.852054734,1
peru21_2017-06-21_28,46,none,,niblack,docling_easyocr,deepseek,3,0,0,0,3,0.0,0.0,0.0,0,,,,,50.619384272,1
peru21_2017-06-21_28,46,none,,niblack,docling_rapidocr,deepseek,3,0,0,0,3,0.0,0.0,0.0,0,,,,,8.511258585,1
peru21_2017-06-21_28,46,none,,otsu,docling_easyocr,deepseek,3,0,0,0,3,0.0,0.0,0.0,0,,,,,49.796807499,1
peru21_2017-06-21_28,46,none,,otsu,docling_rapidocr,deepseek,3,0,0,0,3,0.0,0.0,0.0,0,,,,,8.74752781,1
peru21_2017-06-21_28,46,none,,yannihorne,docling_easyocr,deepseek,3,0,0,0,3,0.0,0.0,0.0,0,,,,,48.067093583,1
peru21_2017-06-21_28,46,none,,yannihorne,docling_rapidocr,deepseek,3,0,0,0,3,0.0,0.0,0.0,0,,,,,8.687843771,1
peru21_2017-06-21_28,47,none,,adaptive_gaussian,docling_easyocr,deepseek,3,0,0,0,3,0.0,0.0,0.0,0,,,,,47.986931927,1
peru21_2017-06-21_28,47,none,,adaptive_gaussian,docling_rapidocr,deepseek,3,0,0,0,3,0.0,0.0,0.0,0,,,,,8.92184294,1
peru21_2017-06-21_28,47,none,,adaptive_mean,docling_easyocr,deepseek,3,0,0,0,3,0.0,0.0,0.0,0,,,,,48.632406859,1
peru21_2017-06-21_28,47,none,,adaptive_mean,docling_rapidocr,deepseek,3,0,0,0,3,0.0,0.0,0.0,0,,,,,9.17988315,1
peru21_2017-06-21_28,47,none,,basic,docling_easyocr,deepseek,3,0,0,0,3,0.0,0.0,0.0,0,,,,,49.546623419,1
peru21_2017-06-21_28,47,none,,basic,docling_rapidocr,deepseek,3,0,0,0,3,0.0,0.0,0.0,0,,,,,8.217513989,1
peru21_2017-06-21_28,47,none,,niblack,docling_easyocr,deepseek,3,0,0,0,3,0.0,0.0,0.0,0,,,,,49.294015131,1
peru21_2017-06-21_28,47,none,,niblack,docling_rapidocr,deepseek,3,0,0,0,3,0.0,0.0,0.0,0,,,,,8.276160918,1
peru21_2017-06-21_28,47,none,,otsu,docling_easyocr,deepseek,3,0,0,0,3,0.0,0.0,0.0,0,,,,,48.227170252,1
peru21_2017-06-21_28,47,none,,otsu,docling_rapidocr,deepseek,3,0,0,0,3,0.0,0.0,0.0,0,,,,,8.301154637,1
peru21_2017-06-21_28,47,none,,yannihorne,docling_easyocr,deepseek,3,0,0,0,3,0.0,0.0,0.0,0,,,,,48.332706236,1
peru21_2017-06-21_28,47,none,,yannihorne,docling_rapidocr,deepseek,3,0,0,0,3,0.0,0.0,0.0,0,,,,,8.381089949,1
peru21_2017-06-21_28,48,none,,adaptive_gaussian,docling_easyocr,deepseek,3,0,0,0,3,0.0,0.0,0.0,0,,,,,143.791832503,1
peru21_2017-06-21_28,48,none,,adaptive_gaussian,docling_rapidocr,deepseek,3,0,0,0,3,0.0,0.0,0.0,0,,,,,100.964162644,1
peru21_2017-06-21_28,48,none,,adaptive_mean,docling_easyocr,deepseek,3,0,0,0,3,0.0,0.0,0.0,0,,,,,143.604599314,1
peru21_2017-06-21_28,48,none,,adaptive_mean,docling_rapidocr,deepseek,3,0,0,0,3,0.0,0.0,0.0,0,,,,,100.616358118,1
peru21_2017-06-21_28,48,none,,basic,docling_easyocr,deepseek,3,0,0,0,3,0.0,0.0,0.0,0,,,,,156.04870975,1
peru21_2017-06-21_28,48,none,,basic,docling_rapidocr,deepseek,3,0,0,0,3,0.0,0.0,0.0,0,,,,,103.988297104,1
peru21_2017-06-21_28,48,none,,niblack,docling_easyocr,deepseek,3,0,0,0,3,0.0,0.0,0.0,0,,,,,143.148790417,1
peru21_2017-06-21_28,48,none,,niblack,docling_rapidocr,deepseek,3,0,0,0,3,0.0,0.0,0.0,0,,,,,100.41488391,1
peru21_2017-06-21_28,48,none,,none_color,docling_easyocr,deepseek,3,0,0,0,3,0.0,0.0,0.0,0,,,,,154.865333603,1
peru21_2017-06-21_28,48,none,,none_color,docling_rapidocr,deepseek,3,0,0,0,3,0.0,0.0,0.0,0,,,,,103.902293013,1
peru21_2017-06-21_28,48,none,,none_grayscale,docling_easyocr,deepseek,3,0,0,0,3,0.0,0.0,0.0,0,,,,,155.361598061,1
peru21_2017-06-21_28,48,none,,none_grayscale,docling_rapidocr,deepseek,3,0,0,0,3,0.0,0.0,0.0,0,,,,,103.870405005,1
peru21_2017-06-21_28,48,none,,otsu,docling_easyocr,deepseek,3,0,0,0,3,0.0,0.0,0.0,0,,,,,156.279668522,1
peru21_2017-06-21_28,48,none,,otsu,docling_rapidocr,deepseek,3,3,0,3,3,0.0,0.0,0.0,0,,,,,103.572964621,0
peru21_2017-06-21_28,48,none,,yannihorne,docling_easyocr,deepseek,3,0,0,0,3,0.0,0.0,0.0,0,,,,,141.025309277,1
peru21_2017-06-21_28,48,none,,yannihorne,docling_rapidocr,deepseek,3,0,0,0,3,0.0,0.0,0.0,0,,,,,100.804234934,1
peru21_2017-06-21_28,49,none,,adaptive_gaussian,docling_easyocr,deepseek,3,0,0,0,3,0.0,0.0,0.0,0,,,,,143.065143774,1
peru21_2017-06-21_28,49,none,,adaptive_gaussian,docling_rapidocr,deepseek,3,0,0,0,3,0.0,0.0,0.0,0,,,,,100.883724163,1
peru21_2017-06-21_28,49,none,,adaptive_mean,docling_easyocr,deepseek,3,0,0,0,3,0.0,0.0,0.0,0,,,,,144.660717221,1
peru21_2017-06-21_28,49,none,,adaptive_mean,docling_rapidocr,deepseek,3,0,0,0,3,0.0,0.0,0.0,0,,,,,100.760934325,1
peru21_2017-06-21_28,49,none,,basic,docling_easyocr,deepseek,3,0,0,0,3,0.0,0.0,0.0,0,,,,,155.872306599,1
peru21_2017-06-21_28,49,none,,basic,docling_rapidocr,deepseek,3,0,0,0,3,0.0,0.0,0.0,0,,,,,103.095796599,1
peru21_2017-06-21_28,49,none,,niblack,docling_easyocr,deepseek,3,0,0,0,3,0.0,0.0,0.0,0,,,,,141.508027651,1
peru21_2017-06-21_28,49,none,,niblack,docling_rapidocr,deepseek,3,0,0,0,3,0.0,0.0,0.0,0,,,,,100.346690514,1
peru21_2017-06-21_28,49,none,,none_color,docling_easyocr,deepseek,3,0,0,0,3,0.0,0.0,0.0,0,,,,,153.726871193,1
peru21_2017-06-21_28,49,none,,none_color,docling_rapidocr,deepseek,3,0,0,0,3,0.0,0.0,0.0,0,,,,,103.629224003,1
peru21_2017-06-21_28,49,none,,none_grayscale,docling_easyocr,deepseek,3,0,0,0,3,0.0,0.0,0.0,0,,,,,153.387678803,1
peru21_2017-06-21_28,49,none,,none_grayscale,docling_rapidocr,deepseek,3,0,0,0,3,0.0,0.0,0.0,0,,,,,103.426685036,1
peru21_2017-06-21_28,49,none,,otsu,docling_easyocr,deepseek,3,0,0,0,3,0.0,0.0,0.0,0,,,,,155.776614752,1
peru21_2017-06-21_28,49,none,,otsu,docling_rapidocr,deepseek,3,0,0,0,3,0.0,0.0,0.0,0,,,,,103.109178629,1
peru21_2017-06-21_28,49,none,,yannihorne,docling_easyocr,deepseek,3,0,0,0,3,0.0,0.0,0.0,0,,,,,140.493799773,1
peru21_2017-06-21_28,49,none,,yannihorne,docling_rapidocr,deepseek,3,0,0,0,3,0.0,0.0,0.0,0,,,,,100.717829314,1
peru21_2017-06-21_28,50,none,,adaptive_gaussian,docling_easyocr,deepseek,3,0,0,0,3,0.0,0.0,0.0,0,,,,,142.994342683,1
peru21_2017-06-21_28,50,none,,adaptive_gaussian,docling_rapidocr,deepseek,3,0,0,0,3,0.0,0.0,0.0,0,,,,,98.998594402,1
peru21_2017-06-21_28,50,none,,adaptive_mean,docling_easyocr,deepseek,3,0,0,0,3,0.0,0.0,0.0,0,,,,,143.771270103,1
peru21_2017-06-21_28,50,none,,adaptive_mean,docling_rapidocr,deepseek,3,0,0,0,3,0.0,0.0,0.0,0,,,,,99.091531105,1
peru21_2017-06-21_28,50,none,,basic,docling_easyocr,deepseek,3,0,0,0,3,0.0,0.0,0.0,0,,,,,155.722438444,1
peru21_2017-06-21_28,50,none,,basic,docling_rapidocr,deepseek,3,0,0,0,3,0.0,0.0,0.0,0,,,,,102.27344786,1
peru21_2017-06-21_28,50,none,,niblack,docling_easyocr,deepseek,3,0,0,0,3,0.0,0.0,0.0,0,,,,,141.928582954,1
peru21_2017-06-21_28,50,none,,niblack,docling_rapidocr,deepseek,3,0,0,0,3,0.0,0.0,0.0,0,,,,,98.77460103,1
peru21_2017-06-21_28,50,none,,none_color,docling_easyocr,deepseek,3,0,0,0,3,0.0,0.0,0.0,0,,,,,152.68400172,1
peru21_2017-06-21_28,50,none,,none_color,docling_rapidocr,deepseek,3,0,0,0,3,0.0,0.0,0.0,0,,,,,101.931378162,1
peru21_2017-06-21_28,50,none,,none_grayscale,docling_easyocr,deepseek,3,0,0,0,3,0.0,0.0,0.0,0,,,,,152.37210635,1
peru21_2017-06-21_28,50,none,,none_grayscale,docling_rapidocr,deepseek,3,0,0,0,3,0.0,0.0,0.0,0,,,,,102.481237447,1
peru21_2017-06-21_28,50,none,,otsu,docling_easyocr,deepseek,3,0,0,0,3,0.0,0.0,0.0,0,,,,,152.830380382,1
peru21_2017-06-21_28,50,none,,otsu,docling_rapidocr,deepseek,3,0,0,0,3,0.0,0.0,0.0,0,,,,,102.585981788,1
peru21_2017-06-21_28,50,none,,yannihorne,docling_easyocr,deepseek,3,0,0,0,3,0.0,0.0,0.0,0,,,,,140.803983631,1
peru21_2017-06-21_28,50,none,,yannihorne,docling_rapidocr,deepseek,3,0,0,0,3,0.0,0.0,0.0,0,,,,,98.979869308,1
peru21_2017-06-21_28,51,none,,adaptive_gaussian,docling_easyocr,deepseek,3,0,0,0,3,0.0,0.0,0.0,0,,,,,51.206221824,1
peru21_2017-06-21_28,51,none,,adaptive_gaussian,docling_rapidocr,deepseek,3,0,0,0,3,0.0,0.0,0.0,0,,,,,8.105975156,1
peru21_2017-06-21_28,51,none,,adaptive_mean,docling_easyocr,deepseek,3,0,0,0,3,0.0,0.0,0.0,0,,,,,52.620441152,1
peru21_2017-06-21_28,51,none,,adaptive_mean,docling_rapidocr,deepseek,3,0,0,0,3,0.0,0.0,0.0,0,,,,,8.333076669,1
peru21_2017-06-21_28,51,none,,basic,docling_easyocr,deepseek,3,0,0,0,3,0.0,0.0,0.0,0,,,,,61.163190599,1
peru21_2017-06-21_28,51,none,,basic,docling_rapidocr,deepseek,3,1,0,1,3,0.0,0.0,0.0,1,1.03125,1.4,0.8834355828220859,1.0,11.356537338,0
peru21_2017-06-21_28,51,none,,niblack,docling_easyocr,deepseek,3,0,0,0,3,0.0,0.0,0.0,0,,,,,50.875371763,1
peru21_2017-06-21_28,51,none,,niblack,docling_rapidocr,deepseek,3,0,0,0,3,0.0,0.0,0.0,0,,,,,7.911096164,1
peru21_2017-06-21_28,51,none,,none_color,docling_easyocr,deepseek,3,0,0,0,3,0.0,0.0,0.0,0,,,,,62.045294685,1
peru21_2017-06-21_28,51,none,,none_color,docling_rapidocr,deepseek,3,0,0,0,3,0.0,0.0,0.0,0,,,,,11.436298055,1
peru21_2017-06-21_28,51,none,,none_grayscale,docling_easyocr,deepseek,3,0,0,0,3,0.0,0.0,0.0,0,,,,,61.837052103,1
peru21_2017-06-21_28,51,none,,none_grayscale,docling_rapidocr,deepseek,3,0,0,0,3,0.0,0.0,0.0,0,,,,,11.440803762,1
peru21_2017-06-21_28,51,none,,otsu,docling_easyocr,deepseek,3,0,0,0,3,0.0,0.0,0.0,0,,,,,58.194612095,1
peru21_2017-06-21_28,51,none,,otsu,docling_rapidocr,deepseek,3,0,0,0,3,0.0,0.0,0.0,0,,,,,11.363884517,1
peru21_2017-06-21_28,51,none,,yannihorne,docling_easyocr,deepseek,3,0,0,0,3,0.0,0.0,0.0,0,,,,,49.372635982,1
peru21_2017-06-21_28,51,none,,yannihorne,docling_rapidocr,deepseek,3,0,0,0,3,0.0,0.0,0.0,0,,,,,8.16847863,1
peru21_2017-06-21_28,52,none,,adaptive_gaussian,docling_easyocr,deepseek,3,0,0,0,3,0.0,0.0,0.0,0,,,,,50.256696945,1
peru21_2017-06-21_28,52,none,,adaptive_gaussian,docling_rapidocr,deepseek,3,0,0,0,3,0.0,0.0,0.0,0,,,,,7.987334495,1
peru21_2017-06-21_28,52,none,,adaptive_mean,docling_easyocr,deepseek,3,0,0,0,3,0.0,0.0,0.0,0,,,,,51.889154699,1
peru21_2017-06-21_28,52,none,,adaptive_mean,docling_rapidocr,deepseek,3,0,0,0,3,0.0,0.0,0.0,0,,,,,8.10928252,1
peru21_2017-06-21_28,52,none,,basic,docling_easyocr,deepseek,3,0,0,0,3,0.0,0.0,0.0,0,,,,,58.330566951,1
peru21_2017-06-21_28,52,none,,basic,docling_rapidocr,deepseek,3,0,0,0,3,0.0,0.0,0.0,0,,,,,9.680511543,1
peru21_2017-06-21_28,52,none,,niblack,docling_easyocr,deepseek,3,0,0,0,3,0.0,0.0,0.0,0,,,,,50.566479606,1
peru21_2017-06-21_28,52,none,,niblack,docling_rapidocr,deepseek,3,0,0,0,3,0.0,0.0,0.0,0,,,,,7.676943464,1
peru21_2017-06-21_28,52,none,,none_color,docling_easyocr,deepseek,3,0,0,0,3,0.0,0.0,0.0,0,,,,,59.399574918,1
peru21_2017-06-21_28,52,none,,none_color,docling_rapidocr,deepseek,3,0,0,0,3,0.0,0.0,0.0,0,,,,,10.905201835,1
peru21_2017-06-21_28,52,none,,none_grayscale,docling_easyocr,deepseek,3,0,0,0,3,0.0,0.0,0.0,0,,,,,61.948820587,1
peru21_2017-06-21_28,52,none,,none_grayscale,docling_rapidocr,deepseek,3,0,0,0,3,0.0,0.0,0.0,0,,,,,10.869107004,1
peru21_2017-06-21_28,52,none,,otsu,docling_easyocr,deepseek,3,0,0,0,3,0.0,0.0,0.0,0,,,,,61.306831501,1
peru21_2017-06-21_28,52,none,,otsu,docling_rapidocr,deepseek,3,0,0,0,3,0.0,0.0,0.0,0,,,,,10.817895553,1
peru21_2017-06-21_28,52,none,,yannihorne,docling_easyocr,deepseek,3,0,0,0,3,0.0,0.0,0.0,0,,,,,47.433444164,1
peru21_2017-06-21_28,52,none,,yannihorne,docling_rapidocr,deepseek,3,0,0,0,3,0.0,0.0,0.0,0,,,,,8.143261097,1
peru21_2017-06-21_28,53,none,,adaptive_gaussian,docling_easyocr,deepseek,3,0,0,0,3,0.0,0.0,0.0,0,,,,,53.422591091,1
peru21_2017-06-21_28,53,none,,adaptive_gaussian,docling_rapidocr,deepseek,3,0,0,0,3,0.0,0.0,0.0,0,,,,,8.281302572,1
peru21_2017-06-21_28,53,none,,adaptive_mean,docling_easyocr,deepseek,3,0,0,0,3,0.0,0.0,0.0,0,,,,,55.347727678,1
peru21_2017-06-21_28,53,none,,adaptive_mean,docling_rapidocr,deepseek,3,0,0,0,3,0.0,0.0,0.0,0,,,,,8.187846086,1
peru21_2017-06-21_28,53,none,,basic,docling_easyocr,deepseek,3,0,0,0,3,0.0,0.0,0.0,0,,,,,58.182293836,1
peru21_2017-06-21_28,53,none,,basic,docling_rapidocr,deepseek,3,0,0,0,3,0.0,0.0,0.0,0,,,,,10.890103046,1
peru21_2017-06-21_28,53,none,,niblack,docling_easyocr,deepseek,3,0,0,0,3,0.0,0.0,0.0,0,,,,,48.444978534,1
peru21_2017-06-21_28,53,none,,niblack,docling_rapidocr,deepseek,3,0,0,0,3,0.0,0.0,0.0,0,,,,,8.020818054,1
peru21_2017-06-21_28,53,none,,none_color,docling_easyocr,deepseek,3,0,0,0,3,0.0,0.0,0.0,0,,,,,62.479918113,1
peru21_2017-06-21_28,53,none,,none_color,docling_rapidocr,deepseek,3,0,0,0,3,0.0,0.0,0.0,0,,,,,11.730303636,1
peru21_2017-06-21_28,53,none,,none_grayscale,docling_easyocr,deepseek,3,0,0,0,3,0.0,0.0,0.0,0,,,,,61.75033032,1
peru21_2017-06-21_28,53,none,,none_grayscale,docling_rapidocr,deepseek,3,0,0,0,3,0.0,0.0,0.0,0,,,,,11.574974647,1
peru21_2017-06-21_28,53,none,,otsu,docling_easyocr,deepseek,3,0,0,0,3,0.0,0.0,0.0,0,,,,,60.887491005,1
peru21_2017-06-21_28,53,none,,otsu,docling_rapidocr,deepseek,3,1,0,1,3,0.0,0.0,0.0,1,1.03125,1.4,0.8834355828220859,1.0,10.79416086,0
peru21_2017-06-21_28,53,none,,yannihorne,docling_easyocr,deepseek,3,0,0,0,3,0.0,0.0,0.0,0,,,,,47.657714622,1
peru21_2017-06-21_28,53,none,,yannihorne,docling_rapidocr,deepseek,3,0,0,0,3,0.0,0.0,0.0,0,,,,,8.005151527,1
peru21_2018-01-12_1,0,none,,adaptive_gaussian,docling_easyocr,deepseek,6,0,0,0,6,0.0,0.0,0.0,0,,,,,51.710688929,1
peru21_2018-01-12_1,0,none,,adaptive_gaussian,docling_rapidocr,deepseek,6,0,0,0,6,0.0,0.0,0.0,0,,,,,8.988974432,1
peru21_2018-01-12_1,0,none,,adaptive_mean,docling_easyocr,deepseek,6,1,0,1,6,0.0,0.0,0.0,0,,,,,50.700393248,0
peru21_2018-01-12_1,0,none,,adaptive_mean,docling_rapidocr,deepseek,6,0,0,0,6,0.0,0.0,0.0,0,,,,,8.710107375,1
peru21_2018-01-12_1,0,none,,basic,docling_easyocr,deepseek,6,0,0,0,6,0.0,0.0,0.0,0,,,,,52.377570004,1
peru21_2018-01-12_1,0,none,,basic,docling_rapidocr,deepseek,6,0,0,0,6,0.0,0.0,0.0,0,,,,,9.703209252,1
peru21_2018-01-12_1,0,none,,niblack,docling_easyocr,deepseek,6,0,0,0,6,0.0,0.0,0.0,0,,,,,49.653318184,1
peru21_2018-01-12_1,0,none,,niblack,docling_rapidocr,deepseek,6,0,0,0,6,0.0,0.0,0.0,0,,,,,8.442627686,1
peru21_2018-01-12_1,0,none,,none_color,docling_easyocr,deepseek,6,0,0,0,6,0.0,0.0,0.0,0,,,,,53.704832022,1
peru21_2018-01-12_1,0,none,,none_color,docling_rapidocr,deepseek,6,0,0,0,6,0.0,0.0,0.0,0,,,,,9.5538289,1
peru21_2018-01-12_1,0,none,,none_grayscale,docling_easyocr,deepseek,6,0,0,0,6,0.0,0.0,0.0,0,,,,,53.601499337,1
peru21_2018-01-12_1,0,none,,none_grayscale,docling_rapidocr,deepseek,6,0,0,0,6,0.0,0.0,0.0,0,,,,,9.527410048,1
peru21_2018-01-12_1,0,none,,otsu,docling_easyocr,deepseek,6,0,0,0,6,0.0,0.0,0.0,0,,,,,52.065377875,1
peru21_2018-01-12_1,0,none,,otsu,docling_rapidocr,deepseek,6,0,0,0,6,0.0,0.0,0.0,0,,,,,9.731725379,1
peru21_2018-01-12_1,0,none,,yannihorne,docling_easyocr,deepseek,6,0,0,0,6,0.0,0.0,0.0,0,,,,,47.584871932,1
peru21_2018-01-12_1,0,none,,yannihorne,docling_rapidocr,deepseek,6,0,0,0,6,0.0,0.0,0.0,0,,,,,8.075006409,1
peru21_2018-01-12_1,1,none,,adaptive_gaussian,docling_easyocr,deepseek,6,0,0,0,6,0.0,0.0,0.0,0,,,,,53.739047202,1
peru21_2018-01-12_1,1,none,,adaptive_gaussian,docling_rapidocr,deepseek,6,0,0,0,6,0.0,0.0,0.0,0,,,,,9.367135199,1
peru21_2018-01-12_1,1,none,,adaptive_mean,docling_easyocr,deepseek,6,0,0,0,6,0.0,0.0,0.0,0,,,,,53.471313742,1
peru21_2018-01-12_1,1,none,,adaptive_mean,docling_rapidocr,deepseek,6,0,0,0,6,0.0,0.0,0.0,0,,,,,8.729880599,1
peru21_2018-01-12_1,1,none,,basic,docling_easyocr,deepseek,6,4,0,4,6,0.0,0.0,0.0,1,0.8181818181818182,1.0,1.0,1.0,50.904780457,0
peru21_2018-01-12_1,1,none,,basic,docling_rapidocr,deepseek,6,2,0,2,6,0.0,0.0,0.0,1,0.8181818181818182,1.0,1.0,1.0,9.45138819,0
peru21_2018-01-12_1,1,none,,niblack,docling_easyocr,deepseek,6,0,0,0,6,0.0,0.0,0.0,0,,,,,49.498204922,1
peru21_2018-01-12_1,1,none,,niblack,docling_rapidocr,deepseek,6,0,0,0,6,0.0,0.0,0.0,0,,,,,8.610618567,1
peru21_2018-01-12_1,1,none,,none_color,docling_easyocr,deepseek,6,0,0,0,6,0.0,0.0,0.0,0,,,,,53.382033583,1
peru21_2018-01-12_1,1,none,,none_color,docling_rapidocr,deepseek,6,0,0,0,6,0.0,0.0,0.0,0,,,,,9.759614464,1
peru21_2018-01-12_1,1,none,,none_grayscale,docling_easyocr,deepseek,6,1,0,1,6,0.0,0.0,0.0,0,,,,,51.45321543,0
peru21_2018-01-12_1,1,none,,none_grayscale,docling_rapidocr,deepseek,6,0,0,0,6,0.0,0.0,0.0,0,,,,,8.997274706,1
peru21_2018-01-12_1,1,none,,otsu,docling_easyocr,deepseek,6,2,2,0,4,1.0,0.333333,0.5,2,0.9444444444444444,1.3333333333333335,0.0,0.0,50.258200621,0
peru21_2018-01-12_1,1,none,,otsu,docling_rapidocr,deepseek,6,0,0,0,6,0.0,0.0,0.0,0,,,,,9.72659204,1
peru21_2018-01-12_1,1,none,,yannihorne,docling_easyocr,deepseek,6,0,0,0,6,0.0,0.0,0.0,0,,,,,47.17490766,1
peru21_2018-01-12_1,1,none,,yannihorne,docling_rapidocr,deepseek,6,0,0,0,6,0.0,0.0,0.0,0,,,,,8.423239207,1
peru21_2018-01-12_1,2,none,,adaptive_gaussian,docling_easyocr,deepseek,6,0,0,0,6,0.0,0.0,0.0,0,,,,,50.382744608,1
peru21_2018-01-12_1,2,none,,adaptive_gaussian,docling_rapidocr,deepseek,6,0,0,0,6,0.0,0.0,0.0,0,,,,,9.076709328,1
peru21_2018-01-12_1,2,none,,adaptive_mean,docling_easyocr,deepseek,6,0,0,0,6,0.0,0.0,0.0,0,,,,,50.68246103,1
peru21_2018-01-12_1,2,none,,adaptive_mean,docling_rapidocr,deepseek,6,0,0,0,6,0.0,0.0,0.0,0,,,,,8.771667248,1
peru21_2018-01-12_1,2,none,,basic,docling_easyocr,deepseek,6,2,0,2,6,0.0,0.0,0.0,1,0.8181818181818182,1.0,1.0,1.0,49.830958415,0
peru21_2018-01-12_1,2,none,,basic,docling_rapidocr,deepseek,6,0,0,0,6,0.0,0.0,0.0,0,,,,,9.039700318,1
peru21_2018-01-12_1,2,none,,niblack,docling_easyocr,deepseek,6,0,0,0,6,0.0,0.0,0.0,0,,,,,51.758755515,1
peru21_2018-01-12_1,2,none,,niblack,docling_rapidocr,deepseek,6,0,0,0,6,0.0,0.0,0.0,0,,,,,8.468949864,1
peru21_2018-01-12_1,2,none,,none_color,docling_easyocr,deepseek,6,0,0,0,6,0.0,0.0,0.0,0,,,,,51.313665843,1
peru21_2018-01-12_1,2,none,,none_color,docling_rapidocr,deepseek,6,0,0,0,6,0.0,0.0,0.0,0,,,,,9.036770796,1
peru21_2018-01-12_1,2,none,,none_grayscale,docling_easyocr,deepseek,6,0,0,0,6,0.0,0.0,0.0,0,,,,,51.976901745,1
peru21_2018-01-12_1,2,none,,none_grayscale,docling_rapidocr,deepseek,6,0,0,0,6,0.0,0.0,0.0,0,,,,,9.075597262,1
peru21_2018-01-12_1,2,none,,otsu,docling_easyocr,deepseek,6,2,0,2,6,0.0,0.0,0.0,1,0.0,0.0,1.0,1.0,52.161720158,0
peru21_2018-01-12_1,2,none,,otsu,docling_rapidocr,deepseek,6,0,0,0,6,0.0,0.0,0.0,0,,,,,9.054469468,1
peru21_2018-01-12_1,2,none,,yannihorne,docling_easyocr,deepseek,6,0,0,0,6,0.0,0.0,0.0,0,,,,,47.981202246,1
peru21_2018-01-12_1,2,none,,yannihorne,docling_rapidocr,deepseek,6,0,0,0,6,0.0,0.0,0.0,0,,,,,8.155996682,1
peru21_2018-01-12_1,3,none,,adaptive_gaussian,docling_easyocr,deepseek,6,0,0,0,6,0.0,0.0,0.0,0,,,,,51.276238158,1
peru21_2018-01-12_1,3,none,,adaptive_gaussian,docling_rapidocr,deepseek,6,0,0,0,6,0.0,0.0,0.0,0,,,,,9.241021111,1
peru21_2018-01-12_1,3,none,,adaptive_mean,docling_easyocr,deepseek,6,0,0,0,6,0.0,0.0,0.0,0,,,,,53.137404345,1
peru21_2018-01-12_1,3,none,,adaptive_mean,docling_rapidocr,deepseek,6,3,0,3,6,0.0,0.0,0.0,1,0.28125,0.6,1.0,1.0,9.044622563,0
peru21_2018-01-12_1,3,none,,basic,docling_easyocr,deepseek,6,1,0,1,6,0.0,0.0,0.0,0,,,,,51.903086442,0
peru21_2018-01-12_1,3,none,,basic,docling_rapidocr,deepseek,6,0,0,0,6,0.0,0.0,0.0,0,,,,,9.519085425,1
peru21_2018-01-12_1,3,none,,niblack,docling_easyocr,deepseek,6,0,0,0,6,0.0,0.0,0.0,0,,,,,53.154168789,1
peru21_2018-01-12_1,3,none,,niblack,docling_rapidocr,deepseek,6,0,0,0,6,0.0,0.0,0.0,0,,,,,9.352393095,1
peru21_2018-01-12_1,3,none,,none_color,docling_easyocr,deepseek,6,0,0,0,6,0.0,0.0,0.0,0,,,,,51.892706267,1
peru21_2018-01-12_1,3,none,,none_color,docling_rapidocr,deepseek,6,0,0,0,6,0.0,0.0,0.0,0,,,,,9.21942269,1
peru21_2018-01-12_1,3,none,,none_grayscale,docling_easyocr,deepseek,6,0,0,0,6,0.0,0.0,0.0,0,,,,,51.674826329,1
peru21_2018-01-12_1,3,none,,none_grayscale,docling_rapidocr,deepseek,6,0,0,0,6,0.0,0.0,0.0,0,,,,,9.246675675,1
peru21_2018-01-12_1,3,none,,otsu,docling_easyocr,deepseek,6,0,0,0,6,0.0,0.0,0.0,0,,,,,51.409205765,1
peru21_2018-01-12_1,3,none,,otsu,docling_rapidocr,deepseek,6,0,0,0,6,0.0,0.0,0.0,0,,,,,9.8334063,1
peru21_2018-01-12_1,3,none,,yannihorne,docling_easyocr,deepseek,6,0,0,0,6,0.0,0.0,0.0,0,,,,,50.554944367,1
peru21_2018-01-12_1,3,none,,yannihorne,docling_rapidocr,deepseek,6,0,0,0,6,0.0,0.0,0.0,0,,,,,8.962257475,1
peru21_2018-01-12_1,4,none,,adaptive_gaussian,docling_easyocr,deepseek,6,0,0,0,6,0.0,0.0,0.0,0,,,,,50.751534749,1
peru21_2018-01-12_1,4,none,,adaptive_gaussian,docling_rapidocr,deepseek,6,0,0,0,6,0.0,0.0,0.0,0,,,,,9.330810119,1
peru21_2018-01-12_1,4,none,,adaptive_mean,docling_easyocr,deepseek,6,0,0,0,6,0.0,0.0,0.0,0,,,,,53.213680264,1
peru21_2018-01-12_1,4,none,,adaptive_mean,docling_rapidocr,deepseek,6,4,1,3,5,0.25,0.166667,0.2,1,0.0,0.0,0.0,0.0,8.731460568,0
peru21_2018-01-12_1,4,none,,basic,docling_easyocr,deepseek,6,3,0,3,6,0.0,0.0,0.0,1,0.8181818181818182,1.0,1.0,1.0,52.485072652,0
peru21_2018-01-12_1,4,none,,basic,docling_rapidocr,deepseek,6,1,0,1,6,0.0,0.0,0.0,1,0.8181818181818182,1.0,1.0,1.0,9.367360631,0
peru21_2018-01-12_1,4,none,,niblack,docling_easyocr,deepseek,6,0,0,0,6,0.0,0.0,0.0,0,,,,,52.751862658,1
peru21_2018-01-12_1,4,none,,niblack,docling_rapidocr,deepseek,6,0,0,0,6,0.0,0.0,0.0,0,,,,,8.406688584,1
peru21_2018-01-12_1,4,none,,none_color,docling_easyocr,deepseek,6,0,0,0,6,0.0,0.0,0.0,0,,,,,53.884654416,1
peru21_2018-01-12_1,4,none,,none_color,docling_rapidocr,deepseek,6,0,0,0,6,0.0,0.0,0.0,0,,,,,9.078027142,1
peru21_2018-01-12_1,4,none,,none_grayscale,docling_easyocr,deepseek,6,0,0,0,6,0.0,0.0,0.0,0,,,,,51.644281115,1
peru21_2018-01-12_1,4,none,,none_grayscale,docling_rapidocr,deepseek,6,0,0,0,6,0.0,0.0,0.0,0,,,,,9.674435344,1
peru21_2018-01-12_1,4,none,,otsu,docling_easyocr,deepseek,6,0,0,0,6,0.0,0.0,0.0,0,,,,,53.3197807,1
peru21_2018-01-12_1,4,none,,otsu,docling_rapidocr,deepseek,6,0,0,0,6,0.0,0.0,0.0,0,,,,,9.468748204,1
peru21_2018-01-12_1,4,none,,yannihorne,docling_easyocr,deepseek,6,0,0,0,6,0.0,0.0,0.0,0,,,,,50.350312106,1
peru21_2018-01-12_1,4,none,,yannihorne,docling_rapidocr,deepseek,6,0,0,0,6,0.0,0.0,0.0,0,,,,,8.593160026,1
peru21_2018-01-12_1,5,none,,adaptive_gaussian,docling_easyocr,deepseek,6,0,0,0,6,0.0,0.0,0.0,0,,,,,53.080537845,1
peru21_2018-01-12_1,5,none,,adaptive_gaussian,docling_rapidocr,deepseek,6,0,0,0,6,0.0,0.0,0.0,0,,,,,8.611813832,1
peru21_2018-01-12_1,5,none,,adaptive_mean,docling_easyocr,deepseek,6,0,0,0,6,0.0,0.0,0.0,0,,,,,53.155124423,1
peru21_2018-01-12_1,5,none,,adaptive_mean,docling_rapidocr,deepseek,6,0,0,0,6,0.0,0.0,0.0,0,,,,,8.686811444,1
peru21_2018-01-12_1,5,none,,basic,docling_easyocr,deepseek,6,0,0,0,6,0.0,0.0,0.0,0,,,,,50.1767476,1
peru21_2018-01-12_1,5,none,,basic,docling_rapidocr,deepseek,6,0,0,0,6,0.0,0.0,0.0,0,,,,,9.233000794,1
peru21_2018-01-12_1,5,none,,niblack,docling_easyocr,deepseek,6,0,0,0,6,0.0,0.0,0.0,0,,,,,50.644762172,1
peru21_2018-01-12_1,5,none,,niblack,docling_rapidocr,deepseek,6,0,0,0,6,0.0,0.0,0.0,0,,,,,8.99755515,1
peru21_2018-01-12_1,5,none,,none_color,docling_easyocr,deepseek,6,0,0,0,6,0.0,0.0,0.0,0,,,,,52.657312598,1
peru21_2018-01-12_1,5,none,,none_color,docling_rapidocr,deepseek,6,0,0,0,6,0.0,0.0,0.0,0,,,,,9.470423903,1
peru21_2018-01-12_1,5,none,,none_grayscale,docling_easyocr,deepseek,6,0,0,0,6,0.0,0.0,0.0,0,,,,,51.288261857,1
peru21_2018-01-12_1,5,none,,none_grayscale,docling_rapidocr,deepseek,6,0,0,0,6,0.0,0.0,0.0,0,,,,,9.459273066,1
peru21_2018-01-12_1,5,none,,otsu,docling_easyocr,deepseek,6,1,0,1,6,0.0,0.0,0.0,1,0.8181818181818182,1.0,1.0,1.0,50.447138421,0
peru21_2018-01-12_1,5,none,,otsu,docling_rapidocr,deepseek,6,0,0,0,6,0.0,0.0,0.0,0,,,,,8.842670791,1
peru21_2018-01-12_1,5,none,,yannihorne,docling_easyocr,deepseek,6,0,0,0,6,0.0,0.0,0.0,0,,,,,48.490486018,1
peru21_2018-01-12_1,5,none,,yannihorne,docling_rapidocr,deepseek,6,0,0,0,6,0.0,0.0,0.0,0,,,,,8.880342357,1
peru21_2018-01-12_1,6,none,,adaptive_gaussian,docling_easyocr,deepseek,6,0,0,0,6,0.0,0.0,0.0,0,,,,,51.673594565,1
peru21_2018-01-12_1,6,none,,adaptive_gaussian,docling_rapidocr,deepseek,6,0,0,0,6,0.0,0.0,0.0,0,,,,,9.336748691,1
peru21_2018-01-12_1,6,none,,adaptive_mean,docling_easyocr,deepseek,6,0,0,0,6,0.0,0.0,0.0,0,,,,,53.187621632,1
peru21_2018-01-12_1,6,none,,adaptive_mean,docling_rapidocr,deepseek,6,0,0,0,6,0.0,0.0,0.0,0,,,,,8.635221759,1
peru21_2018-01-12_1,6,none,,basic,docling_easyocr,deepseek,6,2,0,2,6,0.0,0.0,0.0,1,0.8181818181818182,1.0,1.0,1.0,52.481406459,0
peru21_2018-01-12_1,6,none,,basic,docling_rapidocr,deepseek,6,0,0,0,6,0.0,0.0,0.0,0,,,,,8.716372975,1
peru21_2018-01-12_1,6,none,,niblack,docling_easyocr,deepseek,6,0,0,0,6,0.0,0.0,0.0,0,,,,,52.641078025,1
peru21_2018-01-12_1,6,none,,niblack,docling_rapidocr,deepseek,6,0,0,0,6,0.0,0.0,0.0,0,,,,,8.459803372,1
peru21_2018-01-12_1,6,none,,none_color,docling_easyocr,deepseek,6,0,0,0,6,0.0,0.0,0.0,0,,,,,53.529244597,1
peru21_2018-01-12_1,6,none,,none_color,docling_rapidocr,deepseek,6,2,0,2,6,0.0,0.0,0.0,0,,,,,9.467335637,0
peru21_2018-01-12_1,6,none,,none_grayscale,docling_easyocr,deepseek,6,0,0,0,6,0.0,0.0,0.0,0,,,,,53.82304407,1
peru21_2018-01-12_1,6,none,,none_grayscale,docling_rapidocr,deepseek,6,0,0,0,6,0.0,0.0,0.0,0,,,,,9.555382022,1
peru21_2018-01-12_1,6,none,,otsu,docling_easyocr,deepseek,6,0,0,0,6,0.0,0.0,0.0,0,,,,,50.435675536,1
peru21_2018-01-12_1,6,none,,otsu,docling_rapidocr,deepseek,6,0,0,0,6,0.0,0.0,0.0,0,,,,,9.472819482,1
peru21_2018-01-12_1,6,none,,yannihorne,docling_easyocr,deepseek,6,0,0,0,6,0.0,0.0,0.0,0,,,,,49.25183097,1
peru21_2018-01-12_1,6,none,,yannihorne,docling_rapidocr,deepseek,6,0,0,0,6,0.0,0.0,0.0,0,,,,,8.403324757,1
peru21_2018-01-12_1,7,none,,adaptive_gaussian,docling_easyocr,deepseek,6,0,0,0,6,0.0,0.0,0.0,0,,,,,51.983617354,1
peru21_2018-01-12_1,7,none,,adaptive_gaussian,docling_rapidocr,deepseek,6,0,0,0,6,0.0,0.0,0.0,0,,,,,9.069831181,1
peru21_2018-01-12_1,7,none,,adaptive_mean,docling_easyocr,deepseek,6,0,0,0,6,0.0,0.0,0.0,0,,,,,51.511454579,1
peru21_2018-01-12_1,7,none,,adaptive_mean,docling_rapidocr,deepseek,6,1,0,1,6,0.0,0.0,0.0,1,0.2727272727272727,0.8571428571428571,1.0,1.0,8.702603814,0
peru21_2018-01-12_1,7,none,,basic,docling_easyocr,deepseek,6,4,4,0,2,1.0,0.666667,0.8,4,0.8106060606060606,0.9166666666666666,0.0,0.0,50.296870509,0
peru21_2018-01-12_1,7,none,,basic,docling_rapidocr,deepseek,6,1,0,1,6,0.0,0.0,0.0,0,,,,,9.394913236,0
peru21_2018-01-12_1,7,none,,niblack,docling_easyocr,deepseek,6,0,0,0,6,0.0,0.0,0.0,0,,,,,50.516621173,1
peru21_2018-01-12_1,7,none,,niblack,docling_rapidocr,deepseek,6,0,0,0,6,0.0,0.0,0.0,0,,,,,8.703821719,1
peru21_2018-01-12_1,7,none,,none_color,docling_easyocr,deepseek,6,0,0,0,6,0.0,0.0,0.0,0,,,,,53.985198153,1
peru21_2018-01-12_1,7,none,,none_color,docling_rapidocr,deepseek,6,0,0,0,6,0.0,0.0,0.0,0,,,,,9.159824742,1
peru21_2018-01-12_1,7,none,,none_grayscale,docling_easyocr,deepseek,6,0,0,0,6,0.0,0.0,0.0,0,,,,,53.714272942,1
peru21_2018-01-12_1,7,none,,none_grayscale,docling_rapidocr,deepseek,6,0,0,0,6,0.0,0.0,0.0,0,,,,,9.513836827,1
peru21_2018-01-12_1,7,none,,otsu,docling_easyocr,deepseek,6,0,0,0,6,0.0,0.0,0.0,0,,,,,52.843135945,1
peru21_2018-01-12_1,7,none,,otsu,docling_rapidocr,deepseek,6,1,1,0,5,1.0,0.166667,0.285714,1,0.022727272727272728,0.14285714285714285,1.0,1.0,8.902487389,0
peru21_2018-01-12_1,7,none,,yannihorne,docling_easyocr,deepseek,6,0,0,0,6,0.0,0.0,0.0,0,,,,,50.713542811,1
peru21_2018-01-12_1,7,none,,yannihorne,docling_rapidocr,deepseek,6,0,0,0,6,0.0,0.0,0.0,0,,,,,8.492124431,1
peru21_2018-01-12_1,8,none,,adaptive_gaussian,docling_easyocr,deepseek,6,0,0,0,6,0.0,0.0,0.0,0,,,,,53.060717691,1
peru21_2018-01-12_1,8,none,,adaptive_gaussian,docling_rapidocr,deepseek,6,0,0,0,6,0.0,0.0,0.0,0,,,,,9.038711418,1
peru21_2018-01-12_1,8,none,,adaptive_mean,docling_easyocr,deepseek,6,0,0,0,6,0.0,0.0,0.0,0,,,,,53.145242344,1
peru21_2018-01-12_1,8,none,,adaptive_mean,docling_rapidocr,deepseek,6,0,0,0,6,0.0,0.0,0.0,0,,,,,9.107405792,1
peru21_2018-01-12_1,8,none,,basic,docling_easyocr,deepseek,6,0,0,0,6,0.0,0.0,0.0,0,,,,,50.506268673,1
peru21_2018-01-12_1,8,none,,basic,docling_rapidocr,deepseek,6,0,0,0,6,0.0,0.0,0.0,0,,,,,8.753007822,1
peru21_2018-01-12_1,8,none,,niblack,docling_easyocr,deepseek,6,0,0,0,6,0.0,0.0,0.0,0,,,,,50.7979986,1
peru21_2018-01-12_1,8,none,,niblack,docling_rapidocr,deepseek,6,0,0,0,6,0.0,0.0,0.0,0,,,,,8.558350496,1
peru21_2018-01-12_1,8,none,,none_color,docling_easyocr,deepseek,6,0,0,0,6,0.0,0.0,0.0,0,,,,,53.995421747,1
peru21_2018-01-12_1,8,none,,none_color,docling_rapidocr,deepseek,6,0,0,0,6,0.0,0.0,0.0,0,,,,,8.854286293,1
peru21_2018-01-12_1,8,none,,none_grayscale,docling_easyocr,deepseek,6,0,0,0,6,0.0,0.0,0.0,0,,,,,53.906684974,1
peru21_2018-01-12_1,8,none,,none_grayscale,docling_rapidocr,deepseek,6,0,0,0,6,0.0,0.0,0.0,0,,,,,9.406964163,1
peru21_2018-01-12_1,8,none,,otsu,docling_easyocr,deepseek,6,1,0,1,6,0.0,0.0,0.0,0,,,,,50.249702459,0
peru21_2018-01-12_1,8,none,,otsu,docling_rapidocr,deepseek,6,3,0,3,6,0.0,0.0,0.0,0,,,,,9.453850513,0
peru21_2018-01-12_1,8,none,,yannihorne,docling_easyocr,deepseek,6,0,0,0,6,0.0,0.0,0.0,0,,,,,50.755384212,1
peru21_2018-01-12_1,8,none,,yannihorne,docling_rapidocr,deepseek,6,0,0,0,6,0.0,0.0,0.0,0,,,,,8.666696792,1
peru21_2018-01-12_1,9,none,,adaptive_gaussian,docling_easyocr,deepseek,6,0,0,0,6,0.0,0.0,0.0,0,,,,,52.968400463,1
peru21_2018-01-12_1,9,none,,adaptive_gaussian,docling_rapidocr,deepseek,6,0,0,0,6,0.0,0.0,0.0,0,,,,,8.822656378,1
peru21_2018-01-12_1,9,none,,adaptive_mean,docling_easyocr,deepseek,6,0,0,0,6,0.0,0.0,0.0,0,,,,,50.848187929,1
peru21_2018-01-12_1,9,none,,adaptive_mean,docling_rapidocr,deepseek,6,0,0,0,6,0.0,0.0,0.0,0,,,,,9.008577591,1
peru21_2018-01-12_1,9,none,,basic,docling_easyocr,deepseek,6,2,0,2,6,0.0,0.0,0.0,1,0.8181818181818182,1.0,1.0,1.0,52.689625549,0
peru21_2018-01-12_1,9,none,,basic,docling_rapidocr,deepseek,6,0,0,0,6,0.0,0.0,0.0,0,,,,,8.848731565,1
peru21_2018-01-12_1,9,none,,niblack,docling_easyocr,deepseek,6,0,0,0,6,0.0,0.0,0.0,0,,,,,52.316158674,1
peru21_2018-01-12_1,9,none,,niblack,docling_rapidocr,deepseek,6,0,0,0,6,0.0,0.0,0.0,0,,,,,8.441705606,1
peru21_2018-01-12_1,9,none,,none_color,docling_easyocr,deepseek,6,0,0,0,6,0.0,0.0,0.0,0,,,,,51.727068565,1
peru21_2018-01-12_1,9,none,,none_color,docling_rapidocr,deepseek,6,1,0,1,6,0.0,0.0,0.0,0,,,,,9.54738631,0
peru21_2018-01-12_1,9,none,,none_grayscale,docling_easyocr,deepseek,6,0,0,0,6,0.0,0.0,0.0,0,,,,,51.820834612,1
peru21_2018-01-12_1,9,none,,none_grayscale,docling_rapidocr,deepseek,6,0,0,0,6,0.0,0.0,0.0,0,,,,,9.512123798,1
peru21_2018-01-12_1,9,none,,otsu,docling_easyocr,deepseek,6,0,0,0,6,0.0,0.0,0.0,0,,,,,50.632855297,1
peru21_2018-01-12_1,9,none,,otsu,docling_rapidocr,deepseek,6,0,0,0,6,0.0,0.0,0.0,0,,,,,8.87856257,1
peru21_2018-01-12_1,9,none,,yannihorne,docling_easyocr,deepseek,6,0,0,0,6,0.0,0.0,0.0,0,,,,,50.366916538,1
peru21_2018-01-12_1,9,none,,yannihorne,docling_rapidocr,deepseek,6,0,0,0,6,0.0,0.0,0.0,0,,,,,8.346109033,1
peru21_2018-01-12_1,10,none,,adaptive_gaussian,docling_easyocr,deepseek,6,0,0,0,6,0.0,0.0,0.0,0,,,,,53.632243959,1
peru21_2018-01-12_1,10,none,,adaptive_gaussian,docling_rapidocr,deepseek,6,0,0,0,6,0.0,0.0,0.0,0,,,,,8.549632875,1
peru21_2018-01-12_1,10,none,,adaptive_mean,docling_easyocr,deepseek,6,0,0,0,6,0.0,0.0,0.0,0,,,,,51.021122896,1
peru21_2018-01-12_1,10,none,,adaptive_mean,docling_rapidocr,deepseek,6,0,0,0,6,0.0,0.0,0.0,0,,,,,8.68413397,1
peru21_2018-01-12_1,10,none,,basic,docling_easyocr,deepseek,6,0,0,0,6,0.0,0.0,0.0,0,,,,,51.13859399,1
peru21_2018-01-12_1,10,none,,basic,docling_rapidocr,deepseek,6,5,5,0,1,1.0,0.833333,0.909091,5,0.9303703703703704,1.0666666666666667,0.0,0.0,9.007341224,0
peru21_2018-01-12_1,10,none,,niblack,docling_easyocr,deepseek,6,0,0,0,6,0.0,0.0,0.0,0,,,,,51.848341232,1
peru21_2018-01-12_1,10,none,,niblack,docling_rapidocr,deepseek,6,0,0,0,6,0.0,0.0,0.0,0,,,,,8.530040508,1
peru21_2018-01-12_1,10,none,,none_color,docling_easyocr,deepseek,6,0,0,0,6,0.0,0.0,0.0,0,,,,,51.700768642,1
peru21_2018-01-12_1,10,none,,none_color,docling_rapidocr,deepseek,6,0,0,0,6,0.0,0.0,0.0,0,,,,,9.073767357,1
peru21_2018-01-12_1,10,none,,none_grayscale,docling_easyocr,deepseek,6,0,0,0,6,0.0,0.0,0.0,0,,,,,51.486147886,1
peru21_2018-01-12_1,10,none,,none_grayscale,docling_rapidocr,deepseek,6,0,0,0,6,0.0,0.0,0.0,0,,,,,9.124113327,1
peru21_2018-01-12_1,10,none,,otsu,docling_easyocr,deepseek,6,2,2,0,4,1.0,0.333333,0.5,2,0.9090909090909092,1.0,0.0,0.0,50.590945633,0
peru21_2018-01-12_1,10,none,,otsu,docling_rapidocr,deepseek,6,0,0,0,6,0.0,0.0,0.0,0,,,,,8.979734094,1
peru21_2018-01-12_1,10,none,,yannihorne,docling_easyocr,deepseek,6,0,0,0,6,0.0,0.0,0.0,0,,,,,47.955754669,1
peru21_2018-01-12_1,10,none,,yannihorne,docling_rapidocr,deepseek,6,0,0,0,6,0.0,0.0,0.0,0,,,,,8.000135095,1
peru21_2018-01-12_1,11,none,,adaptive_gaussian,docling_easyocr,deepseek,6,0,0,0,6,0.0,0.0,0.0,0,,,,,53.285407102,1
peru21_2018-01-12_1,11,none,,adaptive_gaussian,docling_rapidocr,deepseek,6,0,0,0,6,0.0,0.0,0.0,0,,,,,8.863474405,1
peru21_2018-01-12_1,11,none,,adaptive_mean,docling_easyocr,deepseek,6,0,0,0,6,0.0,0.0,0.0,0,,,,,51.165818271,1
peru21_2018-01-12_1,11,none,,adaptive_mean,docling_rapidocr,deepseek,6,0,0,0,6,0.0,0.0,0.0,0,,,,,8.957232532,1
peru21_2018-01-12_1,11,none,,basic,docling_easyocr,deepseek,6,0,0,0,6,0.0,0.0,0.0,0,,,,,52.366560081,1
peru21_2018-01-12_1,11,none,,basic,docling_rapidocr,deepseek,6,0,0,0,6,0.0,0.0,0.0,0,,,,,9.053637365,1
peru21_2018-01-12_1,11,none,,niblack,docling_easyocr,deepseek,6,0,0,0,6,0.0,0.0,0.0,0,,,,,52.022734741,1
peru21_2018-01-12_1,11,none,,niblack,docling_rapidocr,deepseek,6,0,0,0,6,0.0,0.0,0.0,0,,,,,8.300799469,1
peru21_2018-01-12_1,11,none,,none_color,docling_easyocr,deepseek,6,0,0,0,6,0.0,0.0,0.0,0,,,,,51.674395826,1
peru21_2018-01-12_1,11,none,,none_color,docling_rapidocr,deepseek,6,0,0,0,6,0.0,0.0,0.0,0,,,,,9.041365412,1
peru21_2018-01-12_1,11,none,,none_grayscale,docling_easyocr,deepseek,6,0,0,0,6,0.0,0.0,0.0,0,,,,,52.076066759,1
peru21_2018-01-12_1,11,none,,none_grayscale,docling_rapidocr,deepseek,6,0,0,0,6,0.0,0.0,0.0,0,,,,,9.512082842,1
peru21_2018-01-12_1,11,none,,otsu,docling_easyocr,deepseek,6,1,0,1,6,0.0,0.0,0.0,1,0.022727272727272728,0.14285714285714285,1.0,1.0,50.80304163,0
peru21_2018-01-12_1,11,none,,otsu,docling_rapidocr,deepseek,6,0,0,0,6,0.0,0.0,0.0,0,,,,,9.023111515,1
peru21_2018-01-12_1,11,none,,yannihorne,docling_easyocr,deepseek,6,0,0,0,6,0.0,0.0,0.0,0,,,,,50.130795173,1
peru21_2018-01-12_1,11,none,,yannihorne,docling_rapidocr,deepseek,6,0,0,0,6,0.0,0.0,0.0,0,,,,,7.971886091,1
peru21_2018-01-12_1,12,none,,adaptive_gaussian,docling_easyocr,deepseek,6,0,0,0,6,0.0,0.0,0.0,0,,,,,84.7186441,1
peru21_2018-01-12_1,12,none,,adaptive_gaussian,docling_rapidocr,deepseek,6,0,0,0,6,0.0,0.0,0.0,0,,,,,40.15378161,1
peru21_2018-01-12_1,12,none,,adaptive_mean,docling_easyocr,deepseek,6,1,0,1,6,0.0,0.0,0.0,0,,,,,84.738918853,0
peru21_2018-01-12_1,12,none,,adaptive_mean,docling_rapidocr,deepseek,6,0,0,0,6,0.0,0.0,0.0,0,,,,,40.337997985,1
peru21_2018-01-12_1,12,none,,basic,docling_easyocr,deepseek,6,0,0,0,6,0.0,0.0,0.0,0,,,,,82.589519449,1
peru21_2018-01-12_1,12,none,,basic,docling_rapidocr,deepseek,6,0,0,0,6,0.0,0.0,0.0,0,,,,,40.164290138,1
peru21_2018-01-12_1,12,none,,niblack,docling_easyocr,deepseek,6,0,0,0,6,0.0,0.0,0.0,0,,,,,81.471799654,1
peru21_2018-01-12_1,12,none,,niblack,docling_rapidocr,deepseek,6,0,0,0,6,0.0,0.0,0.0,0,,,,,39.66144399,1
peru21_2018-01-12_1,12,none,,none_color,docling_easyocr,deepseek,6,0,0,0,6,0.0,0.0,0.0,0,,,,,82.945257705,1
peru21_2018-01-12_1,12,none,,none_color,docling_rapidocr,deepseek,6,0,0,0,6,0.0,0.0,0.0,0,,,,,40.237902921,1
peru21_2018-01-12_1,12,none,,none_grayscale,docling_easyocr,deepseek,6,0,0,0,6,0.0,0.0,0.0,0,,,,,85.068534488,1
peru21_2018-01-12_1,12,none,,none_grayscale,docling_rapidocr,deepseek,6,0,0,0,6,0.0,0.0,0.0,0,,,,,40.574773664,1
peru21_2018-01-12_1,12,none,,otsu,docling_easyocr,deepseek,6,0,0,0,6,0.0,0.0,0.0,0,,,,,81.699307701,1
peru21_2018-01-12_1,12,none,,otsu,docling_rapidocr,deepseek,6,0,0,0,6,0.0,0.0,0.0,0,,,,,40.736226579,1
peru21_2018-01-12_1,12,none,,yannihorne,docling_easyocr,deepseek,6,0,0,0,6,0.0,0.0,0.0,0,,,,,78.965847274,1
peru21_2018-01-12_1,12,none,,yannihorne,docling_rapidocr,deepseek,6,0,0,0,6,0.0,0.0,0.0,0,,,,,39.690882465,1
peru21_2018-01-12_1,13,none,,adaptive_gaussian,docling_easyocr,deepseek,6,0,0,0,6,0.0,0.0,0.0,0,,,,,82.908674388,1
peru21_2018-01-12_1,13,none,,adaptive_gaussian,docling_rapidocr,deepseek,6,0,0,0,6,0.0,0.0,0.0,0,,,,,39.77737227,1
peru21_2018-01-12_1,13,none,,adaptive_mean,docling_easyocr,deepseek,6,0,0,0,6,0.0,0.0,0.0,0,,,,,85.163140394,1
peru21_2018-01-12_1,13,none,,adaptive_mean,docling_rapidocr,deepseek,6,1,0,1,6,0.0,0.0,0.0,0,,,,,39.995524742,0
peru21_2018-01-12_1,13,none,,basic,docling_easyocr,deepseek,6,0,0,0,6,0.0,0.0,0.0,0,,,,,81.314899656,1
peru21_2018-01-12_1,13,none,,basic,docling_rapidocr,deepseek,6,0,0,0,6,0.0,0.0,0.0,0,,,,,40.098552438,1
peru21_2018-01-12_1,13,none,,niblack,docling_easyocr,deepseek,6,0,0,0,6,0.0,0.0,0.0,0,,,,,82.97079775,1
peru21_2018-01-12_1,13,none,,niblack,docling_rapidocr,deepseek,6,0,0,0,6,0.0,0.0,0.0,0,,,,,40.010361883,1
peru21_2018-01-12_1,13,none,,none_color,docling_easyocr,deepseek,6,1,0,1,6,0.0,0.0,0.0,0,,,,,85.084632463,0
peru21_2018-01-12_1,13,none,,none_color,docling_rapidocr,deepseek,6,0,0,0,6,0.0,0.0,0.0,0,,,,,40.047827072,1
peru21_2018-01-12_1,13,none,,none_grayscale,docling_easyocr,deepseek,6,0,0,0,6,0.0,0.0,0.0,0,,,,,84.776538988,1
peru21_2018-01-12_1,13,none,,none_grayscale,docling_rapidocr,deepseek,6,0,0,0,6,0.0,0.0,0.0,0,,,,,40.597657104,1
peru21_2018-01-12_1,13,none,,otsu,docling_easyocr,deepseek,6,2,1,1,5,0.5,0.166667,0.25,1,1.0,1.0,0.0,0.0,81.458267019,0
peru21_2018-01-12_1,13,none,,otsu,docling_rapidocr,deepseek,6,0,0,0,6,0.0,0.0,0.0,0,,,,,40.513610885,1
peru21_2018-01-12_1,13,none,,yannihorne,docling_easyocr,deepseek,6,0,0,0,6,0.0,0.0,0.0,0,,,,,80.618999526,1
peru21_2018-01-12_1,13,none,,yannihorne,docling_rapidocr,deepseek,6,0,0,0,6,0.0,0.0,0.0,0,,,,,39.333348796,1
peru21_2018-01-12_1,14,none,,adaptive_gaussian,docling_easyocr,deepseek,6,0,0,0,6,0.0,0.0,0.0,0,,,,,85.546500322,1
peru21_2018-01-12_1,14,none,,adaptive_gaussian,docling_rapidocr,deepseek,6,0,0,0,6,0.0,0.0,0.0,0,,,,,40.698427078,1
peru21_2018-01-12_1,14,none,,adaptive_mean,docling_easyocr,deepseek,6,0,0,0,6,0.0,0.0,0.0,0,,,,,86.080913919,1
peru21_2018-01-12_1,14,none,,adaptive_mean,docling_rapidocr,deepseek,6,0,0,0,6,0.0,0.0,0.0,0,,,,,40.846179622,1
peru21_2018-01-12_1,14,none,,basic,docling_easyocr,deepseek,6,0,0,0,6,0.0,0.0,0.0,0,,,,,84.117433727,1
peru21_2018-01-12_1,14,none,,basic,docling_rapidocr,deepseek,6,0,0,0,6,0.0,0.0,0.0,0,,,,,40.820257604,1
peru21_2018-01-12_1,14,none,,niblack,docling_easyocr,deepseek,6,0,0,0,6,0.0,0.0,0.0,0,,,,,82.508434164,1
peru21_2018-01-12_1,14,none,,niblack,docling_rapidocr,deepseek,6,0,0,0,6,0.0,0.0,0.0,0,,,,,40.656305896,1
peru21_2018-01-12_1,14,none,,none_color,docling_easyocr,deepseek,6,0,0,0,6,0.0,0.0,0.0,0,,,,,83.599540102,1
peru21_2018-01-12_1,14,none,,none_color,docling_rapidocr,deepseek,6,0,0,0,6,0.0,0.0,0.0,0,,,,,40.973562347,1
peru21_2018-01-12_1,14,none,,none_grayscale,docling_easyocr,deepseek,6,0,0,0,6,0.0,0.0,0.0,0,,,,,84.103363859,1
peru21_2018-01-12_1,14,none,,none_grayscale,docling_rapidocr,deepseek,6,0,0,0,6,0.0,0.0,0.0,0,,,,,40.974171268,1
peru21_2018-01-12_1,14,none,,otsu,docling_easyocr,deepseek,6,1,0,1,6,0.0,0.0,0.0,1,0.0,0.0,1.0,1.0,84.722863687,0
peru21_2018-01-12_1,14,none,,otsu,docling_rapidocr,deepseek,6,1,1,0,5,1.0,0.166667,0.285714,1,1.0,1.0,0.0,0.0,41.268483652,0
peru21_2018-01-12_1,14,none,,yannihorne,docling_easyocr,deepseek,6,0,0,0,6,0.0,0.0,0.0,0,,,,,82.762941373,1
peru21_2018-01-12_1,14,none,,yannihorne,docling_rapidocr,deepseek,6,0,0,0,6,0.0,0.0,0.0,0,,,,,39.876040233,1
peru21_2018-01-12_1,15,none,,adaptive_gaussian,docling_easyocr,deepseek,6,0,0,0,6,0.0,0.0,0.0,0,,,,,50.623184116,1
peru21_2018-01-12_1,15,none,,adaptive_gaussian,docling_rapidocr,deepseek,6,0,0,0,6,0.0,0.0,0.0,0,,,,,7.927715929,1
peru21_2018-01-12_1,15,none,,adaptive_mean,docling_easyocr,deepseek,6,0,0,0,6,0.0,0.0,0.0,0,,,,,51.45923641,1
peru21_2018-01-12_1,15,none,,adaptive_mean,docling_rapidocr,deepseek,6,0,0,0,6,0.0,0.0,0.0,0,,,,,7.961841371,1
peru21_2018-01-12_1,15,none,,basic,docling_easyocr,deepseek,6,0,0,0,6,0.0,0.0,0.0,0,,,,,52.672703573,1
peru21_2018-01-12_1,15,none,,basic,docling_rapidocr,deepseek,6,0,0,0,6,0.0,0.0,0.0,0,,,,,7.990409204,1
peru21_2018-01-12_1,15,none,,niblack,docling_rapidocr,deepseek,6,0,0,0,6,0.0,0.0,0.0,0,,,,,9.323336784,1
peru21_2018-01-12_1,15,none,,none_color,docling_easyocr,deepseek,6,0,0,0,6,0.0,0.0,0.0,0,,,,,52.087278123,1
peru21_2018-01-12_1,15,none,,none_color,docling_rapidocr,deepseek,6,0,0,0,6,0.0,0.0,0.0,0,,,,,9.406415697,1
peru21_2018-01-12_1,15,none,,none_grayscale,docling_easyocr,deepseek,6,0,0,0,6,0.0,0.0,0.0,0,,,,,54.081475326,1
peru21_2018-01-12_1,15,none,,none_grayscale,docling_rapidocr,deepseek,6,0,0,0,6,0.0,0.0,0.0,0,,,,,9.197340557,1
peru21_2018-01-12_1,15,none,,otsu,docling_easyocr,deepseek,6,0,0,0,6,0.0,0.0,0.0,0,,,,,50.769546722,1
peru21_2018-01-12_1,15,none,,otsu,docling_rapidocr,deepseek,6,0,0,0,6,0.0,0.0,0.0,0,,,,,8.84105513,1
peru21_2018-01-12_1,16,none,,adaptive_gaussian,docling_easyocr,deepseek,6,0,0,0,6,0.0,0.0,0.0,0,,,,,51.411202652,1
peru21_2018-01-12_1,16,none,,adaptive_gaussian,docling_rapidocr,deepseek,6,0,0,0,6,0.0,0.0,0.0,0,,,,,7.901912911,1
peru21_2018-01-12_1,16,none,,adaptive_mean,docling_easyocr,deepseek,6,0,0,0,6,0.0,0.0,0.0,0,,,,,51.987296036,1
peru21_2018-01-12_1,16,none,,adaptive_mean,docling_rapidocr,deepseek,6,0,0,0,6,0.0,0.0,0.0,0,,,,,7.897103003,1
peru21_2018-01-12_1,16,none,,basic,docling_easyocr,deepseek,6,0,0,0,6,0.0,0.0,0.0,0,,,,,52.878124687,1
peru21_2018-01-12_1,16,none,,basic,docling_rapidocr,deepseek,6,0,0,0,6,0.0,0.0,0.0,0,,,,,8.745547268,1
peru21_2018-01-12_1,16,none,,niblack,docling_easyocr,deepseek,6,0,0,0,6,0.0,0.0,0.0,0,,,,,49.293543406,1
peru21_2018-01-12_1,16,none,,niblack,docling_rapidocr,deepseek,6,0,0,0,6,0.0,0.0,0.0,0,,,,,8.759816713,1
peru21_2018-01-12_1,16,none,,none_color,docling_easyocr,deepseek,6,0,0,0,6,0.0,0.0,0.0,0,,,,,53.127525397,1
peru21_2018-01-12_1,16,none,,none_color,docling_rapidocr,deepseek,6,0,0,0,6,0.0,0.0,0.0,0,,,,,8.953376599,1
peru21_2018-01-12_1,16,none,,none_grayscale,docling_easyocr,deepseek,6,0,0,0,6,0.0,0.0,0.0,0,,,,,51.069943091,1
peru21_2018-01-12_1,16,none,,none_grayscale,docling_rapidocr,deepseek,6,0,0,0,6,0.0,0.0,0.0,0,,,,,8.859350344,1
peru21_2018-01-12_1,16,none,,otsu,docling_easyocr,deepseek,6,0,0,0,6,0.0,0.0,0.0,0,,,,,51.120733545,1
peru21_2018-01-12_1,16,none,,otsu,docling_rapidocr,deepseek,6,0,0,0,6,0.0,0.0,0.0,0,,,,,8.953232096,1
peru21_2018-01-12_1,17,none,,adaptive_gaussian,docling_easyocr,deepseek,6,0,0,0,6,0.0,0.0,0.0,0,,,,,52.285809666,1
peru21_2018-01-12_1,17,none,,adaptive_gaussian,docling_rapidocr,deepseek,6,0,0,0,6,0.0,0.0,0.0,0,,,,,8.027389675,1
peru21_2018-01-12_1,17,none,,adaptive_mean,docling_easyocr,deepseek,6,0,0,0,6,0.0,0.0,0.0,0,,,,,52.402832201,1
peru21_2018-01-12_1,17,none,,adaptive_mean,docling_rapidocr,deepseek,6,0,0,0,6,0.0,0.0,0.0,0,,,,,7.832672527,1
peru21_2018-01-12_1,17,none,,basic,docling_easyocr,deepseek,6,0,0,0,6,0.0,0.0,0.0,0,,,,,49.297482464,1
peru21_2018-01-12_1,17,none,,basic,docling_rapidocr,deepseek,6,0,0,0,6,0.0,0.0,0.0,0,,,,,7.721343729,1
peru21_2018-01-12_1,17,none,,niblack,docling_rapidocr,deepseek,6,0,0,0,6,0.0,0.0,0.0,0,,,,,9.50909869,1
peru21_2018-01-12_1,17,none,,none_color,docling_easyocr,deepseek,6,0,0,0,6,0.0,0.0,0.0,0,,,,,53.512278219,1
peru21_2018-01-12_1,17,none,,none_color,docling_rapidocr,deepseek,6,0,0,0,6,0.0,0.0,0.0,0,,,,,9.33621349,1
peru21_2018-01-12_1,17,none,,none_grayscale,docling_easyocr,deepseek,6,0,0,0,6,0.0,0.0,0.0,0,,,,,51.52154698,1
peru21_2018-01-12_1,17,none,,none_grayscale,docling_rapidocr,deepseek,6,9,0,9,6,0.0,0.0,0.0,2,0.8314814814814815,1.0,1.0,1.0,8.87155356,0
peru21_2018-01-12_1,17,none,,otsu,docling_easyocr,deepseek,6,0,0,0,6,0.0,0.0,0.0,0,,,,,50.66886072,1
peru21_2018-01-12_1,17,none,,otsu,docling_rapidocr,deepseek,6,0,0,0,6,0.0,0.0,0.0,0,,,,,9.275159643,1
peru21_2018-01-12_1,18,none,,adaptive_gaussian,docling_easyocr,deepseek,6,0,0,0,6,0.0,0.0,0.0,0,,,,,47.535514549,1
peru21_2018-01-12_1,18,none,,adaptive_gaussian,docling_rapidocr,deepseek,6,0,0,0,6,0.0,0.0,0.0,0,,,,,8.330766157,1
peru21_2018-01-12_1,18,none,,adaptive_mean,docling_easyocr,deepseek,6,0,0,0,6,0.0,0.0,0.0,0,,,,,48.226157881,1
peru21_2018-01-12_1,18,none,,adaptive_mean,docling_rapidocr,deepseek,6,0,0,0,6,0.0,0.0,0.0,0,,,,,8.817103363,1
peru21_2018-01-12_1,18,none,,basic,docling_easyocr,deepseek,6,0,0,0,6,0.0,0.0,0.0,0,,,,,47.962777634,1
peru21_2018-01-12_1,18,none,,basic,docling_rapidocr,deepseek,6,0,0,0,6,0.0,0.0,0.0,0,,,,,8.128110905,1
peru21_2018-01-12_1,18,none,,niblack,docling_easyocr,deepseek,6,0,0,0,6,0.0,0.0,0.0,0,,,,,50.885650904,1
peru21_2018-01-12_1,18,none,,none_color,docling_easyocr,deepseek,6,0,0,0,6,0.0,0.0,0.0,0,,,,,49.641961998,1
peru21_2018-01-12_1,18,none,,none_grayscale,docling_easyocr,deepseek,6,0,0,0,6,0.0,0.0,0.0,0,,,,,52.288902706,1
peru21_2018-01-12_1,18,none,,otsu,docling_easyocr,deepseek,6,0,0,0,6,0.0,0.0,0.0,0,,,,,48.504345509,1
peru21_2018-01-12_1,18,none,,otsu,docling_rapidocr,deepseek,6,0,0,0,6,0.0,0.0,0.0,0,,,,,8.080367657,1
peru21_2018-01-12_1,18,none,,yannihorne,docling_easyocr,deepseek,6,0,0,0,6,0.0,0.0,0.0,0,,,,,49.622985693,1
peru21_2018-01-12_1,19,none,,adaptive_gaussian,docling_easyocr,deepseek,6,0,0,0,6,0.0,0.0,0.0,0,,,,,49.798735243,1
peru21_2018-01-12_1,19,none,,adaptive_mean,docling_easyocr,deepseek,6,0,0,0,6,0.0,0.0,0.0,0,,,,,48.633208874,1
peru21_2018-01-12_1,19,none,,adaptive_mean,docling_rapidocr,deepseek,6,0,0,0,6,0.0,0.0,0.0,0,,,,,8.69184697,1
peru21_2018-01-12_1,19,none,,basic,docling_easyocr,deepseek,6,0,0,0,6,0.0,0.0,0.0,0,,,,,48.126270697,1
peru21_2018-01-12_1,19,none,,basic,docling_rapidocr,deepseek,6,0,0,0,6,0.0,0.0,0.0,0,,,,,8.175632641,1
peru21_2018-01-12_1,19,none,,niblack,docling_rapidocr,deepseek,6,0,0,0,6,0.0,0.0,0.0,0,,,,,8.635193762,1
peru21_2018-01-12_1,19,none,,none_color,docling_easyocr,deepseek,6,0,0,0,6,0.0,0.0,0.0,0,,,,,49.842242094,1
peru21_2018-01-12_1,19,none,,none_grayscale,docling_easyocr,deepseek,6,0,0,0,6,0.0,0.0,0.0,0,,,,,49.434758755,1
peru21_2018-01-12_1,19,none,,otsu,docling_easyocr,deepseek,6,0,0,0,6,0.0,0.0,0.0,0,,,,,48.434133766,1
peru21_2018-01-12_1,19,none,,otsu,docling_rapidocr,deepseek,6,0,0,0,6,0.0,0.0,0.0,0,,,,,8.086916445,1
peru21_2018-01-12_1,20,none,,adaptive_gaussian,docling_easyocr,deepseek,6,0,0,0,6,0.0,0.0,0.0,0,,,,,49.694989722,1
peru21_2018-01-12_1,20,none,,adaptive_gaussian,docling_rapidocr,deepseek,6,0,0,0,6,0.0,0.0,0.0,0,,,,,8.699656289,1
peru21_2018-01-12_1,20,none,,adaptive_mean,docling_easyocr,deepseek,6,0,0,0,6,0.0,0.0,0.0,0,,,,,48.32441813,1
peru21_2018-01-12_1,20,none,,adaptive_mean,docling_rapidocr,deepseek,6,0,0,0,6,0.0,0.0,0.0,0,,,,,9.110156121,1
peru21_2018-01-12_1,20,none,,basic,docling_easyocr,deepseek,6,0,0,0,6,0.0,0.0,0.0,0,,,,,48.183657273,1
peru21_2018-01-12_1,20,none,,basic,docling_rapidocr,deepseek,6,0,0,0,6,0.0,0.0,0.0,0,,,,,8.406293973,1
peru21_2018-01-12_1,20,none,,niblack,docling_easyocr,deepseek,6,0,0,0,6,0.0,0.0,0.0,0,,,,,49.231146046,1
peru21_2018-01-12_1,20,none,,none_color,docling_easyocr,deepseek,6,0,0,0,6,0.0,0.0,0.0,0,,,,,50.380495103,1
peru21_2018-01-12_1,20,none,,none_grayscale,docling_easyocr,deepseek,6,0,0,0,6,0.0,0.0,0.0,0,,,,,49.85475281,1
peru21_2018-01-12_1,20,none,,otsu,docling_easyocr,deepseek,6,0,0,0,6,0.0,0.0,0.0,0,,,,,48.935509381,1
peru21_2018-01-12_1,20,none,,otsu,docling_rapidocr,deepseek,6,0,0,0,6,0.0,0.0,0.0,0,,,,,8.316546378,1
peru21_2018-01-12_1,20,none,,yannihorne,docling_easyocr,deepseek,6,0,0,0,6,0.0,0.0,0.0,0,,,,,49.322466073,1
peru21_2018-01-12_1,21,none,,adaptive_gaussian,docling_easyocr,deepseek,6,0,0,0,6,0.0,0.0,0.0,0,,,,,138.66808705,1
peru21_2018-01-12_1,21,none,,adaptive_gaussian,docling_rapidocr,deepseek,6,0,0,0,6,0.0,0.0,0.0,0,,,,,93.20728974,1
peru21_2018-01-12_1,21,none,,adaptive_mean,docling_easyocr,deepseek,6,0,0,0,6,0.0,0.0,0.0,0,,,,,138.298374242,1
peru21_2018-01-12_1,21,none,,adaptive_mean,docling_rapidocr,deepseek,6,0,0,0,6,0.0,0.0,0.0,0,,,,,93.3487683,1
peru21_2018-01-12_1,21,none,,basic,docling_easyocr,deepseek,6,0,0,0,6,0.0,0.0,0.0,0,,,,,137.743196118,1
peru21_2018-01-12_1,21,none,,basic,docling_rapidocr,deepseek,6,0,0,0,6,0.0,0.0,0.0,0,,,,,93.945235598,1
peru21_2018-01-12_1,21,none,,niblack,docling_easyocr,deepseek,6,0,0,0,6,0.0,0.0,0.0,0,,,,,135.530171565,1
peru21_2018-01-12_1,21,none,,niblack,docling_rapidocr,deepseek,6,0,0,0,6,0.0,0.0,0.0,0,,,,,93.477857522,1
peru21_2018-01-12_1,21,none,,none_color,docling_easyocr,deepseek,6,0,0,0,6,0.0,0.0,0.0,0,,,,,138.754957711,1
peru21_2018-01-12_1,21,none,,none_color,docling_rapidocr,deepseek,6,0,0,0,6,0.0,0.0,0.0,0,,,,,93.686420237,1
peru21_2018-01-12_1,21,none,,none_grayscale,docling_easyocr,deepseek,6,0,0,0,6,0.0,0.0,0.0,0,,,,,139.181160247,1
peru21_2018-01-12_1,21,none,,none_grayscale,docling_rapidocr,deepseek,6,0,0,0,6,0.0,0.0,0.0,0,,,,,94.115048682,1
peru21_2018-01-12_1,21,none,,otsu,docling_easyocr,deepseek,6,0,0,0,6,0.0,0.0,0.0,0,,,,,138.135964574,1
peru21_2018-01-12_1,21,none,,otsu,docling_rapidocr,deepseek,6,1,0,1,6,0.0,0.0,0.0,1,0.022727272727272728,0.14285714285714285,1.0,1.0,94.114473761,0
peru21_2018-01-12_1,21,none,,yannihorne,docling_easyocr,deepseek,6,0,0,0,6,0.0,0.0,0.0,0,,,,,135.439353169,1
peru21_2018-01-12_1,21,none,,yannihorne,docling_rapidocr,deepseek,6,0,0,0,6,0.0,0.0,0.0,0,,,,,93.234069766,1
peru21_2018-01-12_1,22,none,,adaptive_gaussian,docling_easyocr,deepseek,6,0,0,0,6,0.0,0.0,0.0,0,,,,,136.446802087,1
peru21_2018-01-12_1,22,none,,adaptive_gaussian,docling_rapidocr,deepseek,6,0,0,0,6,0.0,0.0,0.0,0,,,,,93.580476708,1
peru21_2018-01-12_1,22,none,,adaptive_mean,docling_easyocr,deepseek,6,0,0,0,6,0.0,0.0,0.0,0,,,,,138.764981238,1
peru21_2018-01-12_1,22,none,,adaptive_mean,docling_rapidocr,deepseek,6,0,0,0,6,0.0,0.0,0.0,0,,,,,93.093832461,1
peru21_2018-01-12_1,22,none,,basic,docling_easyocr,deepseek,6,0,0,0,6,0.0,0.0,0.0,0,,,,,138.347881804,1
peru21_2018-01-12_1,22,none,,basic,docling_rapidocr,deepseek,6,0,0,0,6,0.0,0.0,0.0,0,,,,,93.476472627,1
peru21_2018-01-12_1,22,none,,niblack,docling_easyocr,deepseek,6,0,0,0,6,0.0,0.0,0.0,0,,,,,136.80456116,1
peru21_2018-01-12_1,22,none,,niblack,docling_rapidocr,deepseek,6,0,0,0,6,0.0,0.0,0.0,0,,,,,93.115327618,1
peru21_2018-01-12_1,22,none,,none_color,docling_easyocr,deepseek,6,0,0,0,6,0.0,0.0,0.0,0,,,,,136.851437507,1
peru21_2018-01-12_1,22,none,,none_color,docling_rapidocr,deepseek,6,0,0,0,6,0.0,0.0,0.0,0,,,,,93.651884971,1
peru21_2018-01-12_1,22,none,,none_grayscale,docling_easyocr,deepseek,6,0,0,0,6,0.0,0.0,0.0,0,,,,,139.205406365,1
peru21_2018-01-12_1,22,none,,none_grayscale,docling_rapidocr,deepseek,6,0,0,0,6,0.0,0.0,0.0,0,,,,,93.428253112,1
peru21_2018-01-12_1,22,none,,otsu,docling_easyocr,deepseek,6,0,0,0,6,0.0,0.0,0.0,0,,,,,138.219414555,1
peru21_2018-01-12_1,22,none,,otsu,docling_rapidocr,deepseek,6,0,0,0,6,0.0,0.0,0.0,0,,,,,93.525376403,1
peru21_2018-01-12_1,22,none,,yannihorne,docling_easyocr,deepseek,6,0,0,0,6,0.0,0.0,0.0,0,,,,,132.123346412,1
peru21_2018-01-12_1,22,none,,yannihorne,docling_rapidocr,deepseek,6,0,0,0,6,0.0,0.0,0.0,0,,,,,92.718786799,1
peru21_2018-01-12_1,23,none,,adaptive_gaussian,docling_easyocr,deepseek,6,0,0,0,6,0.0,0.0,0.0,0,,,,,138.572627734,1
peru21_2018-01-12_1,23,none,,adaptive_gaussian,docling_rapidocr,deepseek,6,0,0,0,6,0.0,0.0,0.0,0,,,,,93.500432204,1
peru21_2018-01-12_1,23,none,,adaptive_mean,docling_easyocr,deepseek,6,0,0,0,6,0.0,0.0,0.0,0,,,,,136.211796017,1
peru21_2018-01-12_1,23,none,,adaptive_mean,docling_rapidocr,deepseek,6,0,0,0,6,0.0,0.0,0.0,0,,,,,93.012857171,1
peru21_2018-01-12_1,23,none,,basic,docling_easyocr,deepseek,6,0,0,0,6,0.0,0.0,0.0,0,,,,,137.866273179,1
peru21_2018-01-12_1,23,none,,basic,docling_rapidocr,deepseek,6,0,0,0,6,0.0,0.0,0.0,0,,,,,93.999889388,1
peru21_2018-01-12_1,23,none,,niblack,docling_easyocr,deepseek,6,0,0,0,6,0.0,0.0,0.0,0,,,,,136.966061244,1
peru21_2018-01-12_1,23,none,,niblack,docling_rapidocr,deepseek,6,0,0,0,6,0.0,0.0,0.0,0,,,,,93.160253415,1
peru21_2018-01-12_1,23,none,,none_color,docling_easyocr,deepseek,6,4,0,4,6,0.0,0.0,0.0,0,,,,,137.589939298,0
peru21_2018-01-12_1,23,none,,none_color,docling_rapidocr,deepseek,6,1,0,1,6,0.0,0.0,0.0,0,,,,,94.15015191,0
peru21_2018-01-12_1,23,none,,none_grayscale,docling_easyocr,deepseek,6,4,0,4,6,0.0,0.0,0.0,0,,,,,137.033002557,0
peru21_2018-01-12_1,23,none,,none_grayscale,docling_rapidocr,deepseek,6,1,0,1,6,0.0,0.0,0.0,0,,,,,94.144448937,0
peru21_2018-01-12_1,23,none,,otsu,docling_easyocr,deepseek,6,0,0,0,6,0.0,0.0,0.0,0,,,,,135.694087115,1
peru21_2018-01-12_1,23,none,,otsu,docling_rapidocr,deepseek,6,0,0,0,6,0.0,0.0,0.0,0,,,,,93.987275687,1
peru21_2018-01-12_1,23,none,,yannihorne,docling_easyocr,deepseek,6,0,0,0,6,0.0,0.0,0.0,0,,,,,133.275892821,1
peru21_2018-01-12_1,23,none,,yannihorne,docling_rapidocr,deepseek,6,0,0,0,6,0.0,0.0,0.0,0,,,,,92.907542792,1
peru21_2018-01-12_1,24,none,,adaptive_gaussian,docling_easyocr,deepseek,6,0,0,0,6,0.0,0.0,0.0,0,,,,,54.281295665,1
peru21_2018-01-12_1,24,none,,adaptive_gaussian,docling_rapidocr,deepseek,6,0,0,0,6,0.0,0.0,0.0,0,,,,,8.658269294,1
peru21_2018-01-12_1,24,none,,adaptive_mean,docling_easyocr,deepseek,6,0,0,0,6,0.0,0.0,0.0,0,,,,,51.569344191,1
peru21_2018-01-12_1,24,none,,adaptive_mean,docling_rapidocr,deepseek,6,0,0,0,6,0.0,0.0,0.0,0,,,,,8.442040114,1
peru21_2018-01-12_1,24,none,,basic,docling_easyocr,deepseek,6,4,0,4,6,0.0,0.0,0.0,1,0.8181818181818182,1.0,1.0,1.0,50.620520709,0
peru21_2018-01-12_1,24,none,,basic,docling_rapidocr,deepseek,6,2,0,2,6,0.0,0.0,0.0,1,0.8181818181818182,1.0,1.0,1.0,9.312515138,0
peru21_2018-01-12_1,24,none,,niblack,docling_easyocr,deepseek,6,0,0,0,6,0.0,0.0,0.0,0,,,,,52.03681289,1
peru21_2018-01-12_1,24,none,,niblack,docling_rapidocr,deepseek,6,0,0,0,6,0.0,0.0,0.0,0,,,,,8.611233104,1
peru21_2018-01-12_1,24,none,,none_color,docling_easyocr,deepseek,6,0,0,0,6,0.0,0.0,0.0,0,,,,,51.592801139,1
peru21_2018-01-12_1,24,none,,none_color,docling_rapidocr,deepseek,6,0,0,0,6,0.0,0.0,0.0,0,,,,,9.428996846,1
peru21_2018-01-12_1,24,none,,none_grayscale,docling_easyocr,deepseek,6,1,0,1,6,0.0,0.0,0.0,0,,,,,54.182685731,0
peru21_2018-01-12_1,24,none,,none_grayscale,docling_rapidocr,deepseek,6,0,0,0,6,0.0,0.0,0.0,0,,,,,9.348947642,1
peru21_2018-01-12_1,24,none,,otsu,docling_easyocr,deepseek,6,2,1,1,5,0.5,0.166667,0.25,1,1.0,1.0,0.0,0.0,52.962184453,0
peru21_2018-01-12_1,24,none,,otsu,docling_rapidocr,deepseek,6,1,1,0,5,1.0,0.166667,0.285714,1,0.8333333333333334,1.0,0.0,0.0,8.983251834,0
peru21_2018-01-12_1,24,none,,yannihorne,docling_easyocr,deepseek,6,0,0,0,6,0.0,0.0,0.0,0,,,,,49.800017857,1
peru21_2018-01-12_1,24,none,,yannihorne,docling_rapidocr,deepseek,6,0,0,0,6,0.0,0.0,0.0,0,,,,,7.863282466,1
peru21_2018-01-12_1,25,none,,adaptive_gaussian,docling_easyocr,deepseek,6,0,0,0,6,0.0,0.0,0.0,0,,,,,52.420552827,1
peru21_2018-01-12_1,25,none,,adaptive_gaussian,docling_rapidocr,deepseek,6,0,0,0,6,0.0,0.0,0.0,0,,,,,8.524138547,1
peru21_2018-01-12_1,25,none,,adaptive_mean,docling_easyocr,deepseek,6,0,0,0,6,0.0,0.0,0.0,0,,,,,53.987188933,1
peru21_2018-01-12_1,25,none,,adaptive_mean,docling_rapidocr,deepseek,6,0,0,0,6,0.0,0.0,0.0,0,,,,,8.660943149,1
peru21_2018-01-12_1,25,none,,basic,docling_easyocr,deepseek,6,0,0,0,6,0.0,0.0,0.0,0,,,,,50.771760146,1
peru21_2018-01-12_1,25,none,,basic,docling_rapidocr,deepseek,6,0,0,0,6,0.0,0.0,0.0,0,,,,,9.235031764,1
peru21_2018-01-12_1,25,none,,niblack,docling_easyocr,deepseek,6,0,0,0,6,0.0,0.0,0.0,0,,,,,52.004566249,1
peru21_2018-01-12_1,25,none,,niblack,docling_rapidocr,deepseek,6,0,0,0,6,0.0,0.0,0.0,0,,,,,8.388053235,1
peru21_2018-01-12_1,25,none,,none_color,docling_easyocr,deepseek,6,0,0,0,6,0.0,0.0,0.0,0,,,,,51.549018397,1
peru21_2018-01-12_1,25,none,,none_color,docling_rapidocr,deepseek,6,0,0,0,6,0.0,0.0,0.0,0,,,,,9.356034055,1
peru21_2018-01-12_1,25,none,,none_grayscale,docling_easyocr,deepseek,6,0,0,0,6,0.0,0.0,0.0,0,,,,,51.844469634,1
peru21_2018-01-12_1,25,none,,none_grayscale,docling_rapidocr,deepseek,6,1,0,1,6,0.0,0.0,0.0,0,,,,,9.238209811,0
peru21_2018-01-12_1,25,none,,otsu,docling_easyocr,deepseek,6,0,0,0,6,0.0,0.0,0.0,0,,,,,52.704542392,1
peru21_2018-01-12_1,25,none,,otsu,docling_rapidocr,deepseek,6,0,0,0,6,0.0,0.0,0.0,0,,,,,8.86248111,1
peru21_2018-01-12_1,25,none,,yannihorne,docling_easyocr,deepseek,6,0,0,0,6,0.0,0.0,0.0,0,,,,,50.046929353,1
peru21_2018-01-12_1,25,none,,yannihorne,docling_rapidocr,deepseek,6,0,0,0,6,0.0,0.0,0.0,0,,,,,7.9708023,1
peru21_2018-01-12_1,26,none,,adaptive_gaussian,docling_easyocr,deepseek,6,0,0,0,6,0.0,0.0,0.0,0,,,,,53.96672132,1
peru21_2018-01-12_1,26,none,,adaptive_gaussian,docling_rapidocr,deepseek,6,0,0,0,6,0.0,0.0,0.0,0,,,,,8.366961265,1
peru21_2018-01-12_1,26,none,,adaptive_mean,docling_easyocr,deepseek,6,0,0,0,6,0.0,0.0,0.0,0,,,,,54.553155229,1
peru21_2018-01-12_1,26,none,,adaptive_mean,docling_rapidocr,deepseek,6,0,0,0,6,0.0,0.0,0.0,0,,,,,8.871226117,1
peru21_2018-01-12_1,26,none,,basic,docling_easyocr,deepseek,6,0,0,0,6,0.0,0.0,0.0,0,,,,,50.774012891,1
peru21_2018-01-12_1,26,none,,basic,docling_rapidocr,deepseek,6,0,0,0,6,0.0,0.0,0.0,0,,,,,8.860338536,1
peru21_2018-01-12_1,26,none,,niblack,docling_easyocr,deepseek,6,0,0,0,6,0.0,0.0,0.0,0,,,,,51.831598121,1
peru21_2018-01-12_1,26,none,,niblack,docling_rapidocr,deepseek,6,0,0,0,6,0.0,0.0,0.0,0,,,,,8.749144154,1
peru21_2018-01-12_1,26,none,,none_color,docling_easyocr,deepseek,6,0,0,0,6,0.0,0.0,0.0,0,,,,,51.78669621,1
peru21_2018-01-12_1,26,none,,none_color,docling_rapidocr,deepseek,6,0,0,0,6,0.0,0.0,0.0,0,,,,,8.914500489,1
peru21_2018-01-12_1,26,none,,none_grayscale,docling_easyocr,deepseek,6,0,0,0,6,0.0,0.0,0.0,0,,,,,51.792509808,1
peru21_2018-01-12_1,26,none,,none_grayscale,docling_rapidocr,deepseek,6,0,0,0,6,0.0,0.0,0.0,0,,,,,9.061096682,1
peru21_2018-01-12_1,26,none,,otsu,docling_easyocr,deepseek,6,0,0,0,6,0.0,0.0,0.0,0,,,,,51.316234033,1
peru21_2018-01-12_1,26,none,,otsu,docling_rapidocr,deepseek,6,1,0,1,6,0.0,0.0,0.0,0,,,,,9.250494401,0
peru21_2018-01-12_1,26,none,,yannihorne,docling_easyocr,deepseek,6,0,0,0,6,0.0,0.0,0.0,0,,,,,48.084912936,1
peru21_2018-01-12_1,26,none,,yannihorne,docling_rapidocr,deepseek,6,0,0,0,6,0.0,0.0,0.0,0,,,,,8.329015891,1
peru21_2018-01-12_1,27,none,,adaptive_gaussian,docling_easyocr,deepseek,6,0,0,0,6,0.0,0.0,0.0,0,,,,,53.711482581,1
peru21_2018-01-12_1,27,none,,adaptive_gaussian,docling_rapidocr,deepseek,6,0,0,0,6,0.0,0.0,0.0,0,,,,,8.623750028,1
peru21_2018-01-12_1,27,none,,adaptive_mean,docling_easyocr,deepseek,6,0,0,0,6,0.0,0.0,0.0,0,,,,,53.633959298,1
peru21_2018-01-12_1,27,none,,adaptive_mean,docling_rapidocr,deepseek,6,0,0,0,6,0.0,0.0,0.0,0,,,,,8.91624022,1
peru21_2018-01-12_1,27,none,,basic,docling_easyocr,deepseek,6,0,0,0,6,0.0,0.0,0.0,0,,,,,50.790336417,1
peru21_2018-01-12_1,27,none,,basic,docling_rapidocr,deepseek,6,0,0,0,6,0.0,0.0,0.0,0,,,,,8.884846496,1
peru21_2018-01-12_1,27,none,,niblack,docling_easyocr,deepseek,6,0,0,0,6,0.0,0.0,0.0,0,,,,,50.10507664,1
peru21_2018-01-12_1,27,none,,niblack,docling_rapidocr,deepseek,6,0,0,0,6,0.0,0.0,0.0,0,,,,,8.510806411,1
peru21_2018-01-12_1,27,none,,none_color,docling_easyocr,deepseek,6,0,0,0,6,0.0,0.0,0.0,0,,,,,52.07037947,1
peru21_2018-01-12_1,27,none,,none_color,docling_rapidocr,deepseek,6,1,0,1,6,0.0,0.0,0.0,0,,,,,9.021125291,0
peru21_2018-01-12_1,27,none,,none_grayscale,docling_easyocr,deepseek,6,0,0,0,6,0.0,0.0,0.0,0,,,,,51.792432355,1
peru21_2018-01-12_1,27,none,,none_grayscale,docling_rapidocr,deepseek,6,2,0,2,6,0.0,0.0,0.0,0,,,,,9.101837205,0
peru21_2018-01-12_1,27,none,,otsu,docling_easyocr,deepseek,6,0,0,0,6,0.0,0.0,0.0,0,,,,,50.847790671,1
peru21_2018-01-12_1,27,none,,otsu,docling_rapidocr,deepseek,6,0,0,0,6,0.0,0.0,0.0,0,,,,,9.112014008,1
peru21_2018-01-12_1,27,none,,yannihorne,docling_easyocr,deepseek,6,0,0,0,6,0.0,0.0,0.0,0,,,,,50.020444823,1
peru21_2018-01-12_1,27,none,,yannihorne,docling_rapidocr,deepseek,6,0,0,0,6,0.0,0.0,0.0,0,,,,,8.059905959,1
peru21_2018-01-12_1,28,none,,adaptive_gaussian,docling_easyocr,deepseek,6,0,0,0,6,0.0,0.0,0.0,0,,,,,52.018930837,1
peru21_2018-01-12_1,28,none,,adaptive_gaussian,docling_rapidocr,deepseek,6,0,0,0,6,0.0,0.0,0.0,0,,,,,8.790338679,1
peru21_2018-01-12_1,28,none,,adaptive_mean,docling_easyocr,deepseek,6,0,0,0,6,0.0,0.0,0.0,0,,,,,51.653304212,1
peru21_2018-01-12_1,28,none,,adaptive_mean,docling_rapidocr,deepseek,6,0,0,0,6,0.0,0.0,0.0,0,,,,,8.969107024,1
peru21_2018-01-12_1,28,none,,basic,docling_easyocr,deepseek,6,0,0,0,6,0.0,0.0,0.0,0,,,,,50.610328351,1
peru21_2018-01-12_1,28,none,,basic,docling_rapidocr,deepseek,6,0,0,0,6,0.0,0.0,0.0,0,,,,,9.036723529,1
peru21_2018-01-12_1,28,none,,niblack,docling_easyocr,deepseek,6,0,0,0,6,0.0,0.0,0.0,0,,,,,51.980475434,1
peru21_2018-01-12_1,28,none,,niblack,docling_rapidocr,deepseek,6,0,0,0,6,0.0,0.0,0.0,0,,,,,8.629827508,1
peru21_2018-01-12_1,28,none,,none_color,docling_easyocr,deepseek,6,0,0,0,6,0.0,0.0,0.0,0,,,,,53.501868257,1
peru21_2018-01-12_1,28,none,,none_color,docling_rapidocr,deepseek,6,0,0,0,6,0.0,0.0,0.0,0,,,,,8.972793111,1
peru21_2018-01-12_1,28,none,,none_grayscale,docling_easyocr,deepseek,6,0,0,0,6,0.0,0.0,0.0,0,,,,,52.11925014,1
peru21_2018-01-12_1,28,none,,none_grayscale,docling_rapidocr,deepseek,6,0,0,0,6,0.0,0.0,0.0,0,,,,,9.163087449,1
peru21_2018-01-12_1,28,none,,otsu,docling_easyocr,deepseek,6,0,0,0,6,0.0,0.0,0.0,0,,,,,52.768035161,1
peru21_2018-01-12_1,28,none,,otsu,docling_rapidocr,deepseek,6,0,0,0,6,0.0,0.0,0.0,0,,,,,9.357198941,1
peru21_2018-01-12_1,28,none,,yannihorne,docling_easyocr,deepseek,6,0,0,0,6,0.0,0.0,0.0,0,,,,,47.955997693,1
peru21_2018-01-12_1,28,none,,yannihorne,docling_rapidocr,deepseek,6,0,0,0,6,0.0,0.0,0.0,0,,,,,8.338997352,1
peru21_2018-01-12_1,29,none,,adaptive_gaussian,docling_easyocr,deepseek,6,0,0,0,6,0.0,0.0,0.0,0,,,,,51.63437559,1
peru21_2018-01-12_1,29,none,,adaptive_gaussian,docling_rapidocr,deepseek,6,0,0,0,6,0.0,0.0,0.0,0,,,,,9.089266318,1
peru21_2018-01-12_1,29,none,,adaptive_mean,docling_easyocr,deepseek,6,2,0,2,6,0.0,0.0,0.0,0,,,,,53.882023374,0
peru21_2018-01-12_1,29,none,,adaptive_mean,docling_rapidocr,deepseek,6,0,0,0,6,0.0,0.0,0.0,0,,,,,9.153816739,1
peru21_2018-01-12_1,29,none,,basic,docling_easyocr,deepseek,6,0,0,0,6,0.0,0.0,0.0,0,,,,,52.538408599,1
peru21_2018-01-12_1,29,none,,basic,docling_rapidocr,deepseek,6,0,0,0,6,0.0,0.0,0.0,0,,,,,8.680827699,1
peru21_2018-01-12_1,29,none,,niblack,docling_easyocr,deepseek,6,0,0,0,6,0.0,0.0,0.0,0,,,,,50.461284791,1
peru21_2018-01-12_1,29,none,,niblack,docling_rapidocr,deepseek,6,0,0,0,6,0.0,0.0,0.0,0,,,,,8.923217927,1
peru21_2018-01-12_1,29,none,,none_color,docling_easyocr,deepseek,6,1,0,1,6,0.0,0.0,0.0,0,,,,,52.079866656,0
peru21_2018-01-12_1,29,none,,none_color,docling_rapidocr,deepseek,6,1,0,1,6,0.0,0.0,0.0,0,,,,,9.117102155,0
peru21_2018-01-12_1,29,none,,none_grayscale,docling_easyocr,deepseek,6,1,0,1,6,0.0,0.0,0.0,0,,,,,53.953025827,0
peru21_2018-01-12_1,29,none,,none_grayscale,docling_rapidocr,deepseek,6,1,0,1,6,0.0,0.0,0.0,0,,,,,9.114008674,0
peru21_2018-01-12_1,29,none,,otsu,docling_easyocr,deepseek,6,0,0,0,6,0.0,0.0,0.0,0,,,,,52.898078357,1
peru21_2018-01-12_1,29,none,,otsu,docling_rapidocr,deepseek,6,0,0,0,6,0.0,0.0,0.0,0,,,,,9.418671523,1
peru21_2018-01-12_1,29,none,,yannihorne,docling_easyocr,deepseek,6,0,0,0,6,0.0,0.0,0.0,0,,,,,50.256338988,1
peru21_2018-01-12_1,29,none,,yannihorne,docling_rapidocr,deepseek,6,0,0,0,6,0.0,0.0,0.0,0,,,,,8.290904914,1
peru21_2018-01-12_1,30,none,,adaptive_gaussian,docling_easyocr,deepseek,6,0,0,0,6,0.0,0.0,0.0,0,,,,,53.615929881,1
peru21_2018-01-12_1,30,none,,adaptive_gaussian,docling_rapidocr,deepseek,6,0,0,0,6,0.0,0.0,0.0,0,,,,,8.687637368,1
peru21_2018-01-12_1,30,none,,adaptive_mean,docling_easyocr,deepseek,6,0,0,0,6,0.0,0.0,0.0,0,,,,,53.233651626,1
peru21_2018-01-12_1,30,none,,adaptive_mean,docling_rapidocr,deepseek,6,1,0,1,6,0.0,0.0,0.0,0,,,,,8.650594937,0
peru21_2018-01-12_1,30,none,,basic,docling_easyocr,deepseek,6,2,0,2,6,0.0,0.0,0.0,1,0.8181818181818182,1.0,1.0,1.0,50.740950137,0
peru21_2018-01-12_1,30,none,,basic,docling_rapidocr,deepseek,6,0,0,0,6,0.0,0.0,0.0,0,,,,,9.270123988,1
peru21_2018-01-12_1,30,none,,niblack,docling_easyocr,deepseek,6,0,0,0,6,0.0,0.0,0.0,0,,,,,53.45002563,1
peru21_2018-01-12_1,30,none,,niblack,docling_rapidocr,deepseek,6,0,0,0,6,0.0,0.0,0.0,0,,,,,8.914865565,1
peru21_2018-01-12_1,30,none,,none_color,docling_easyocr,deepseek,6,8,0,8,6,0.0,0.0,0.0,2,0.35,0.5,1.0,1.0,52.385858255,0
peru21_2018-01-12_1,30,none,,none_color,docling_rapidocr,deepseek,6,1,0,1,6,0.0,0.0,0.0,0,,,,,9.051312165,0
peru21_2018-01-12_1,30,none,,none_grayscale,docling_easyocr,deepseek,6,0,0,0,6,0.0,0.0,0.0,0,,,,,52.108514577,1
peru21_2018-01-12_1,30,none,,none_grayscale,docling_rapidocr,deepseek,6,0,0,0,6,0.0,0.0,0.0,0,,,,,9.350824386,1
peru21_2018-01-12_1,30,none,,otsu,docling_easyocr,deepseek,6,0,0,0,6,0.0,0.0,0.0,0,,,,,52.764800246,1
peru21_2018-01-12_1,30,none,,otsu,docling_rapidocr,deepseek,6,0,0,0,6,0.0,0.0,0.0,0,,,,,9.016015704,1
peru21_2018-01-12_1,30,none,,yannihorne,docling_easyocr,deepseek,6,0,0,0,6,0.0,0.0,0.0,0,,,,,50.569994386,1
peru21_2018-01-12_1,30,none,,yannihorne,docling_rapidocr,deepseek,6,0,0,0,6,0.0,0.0,0.0,0,,,,,8.338762458,1
peru21_2018-01-12_1,31,none,,adaptive_gaussian,docling_easyocr,deepseek,6,0,0,0,6,0.0,0.0,0.0,0,,,,,53.589396236,1
peru21_2018-01-12_1,31,none,,adaptive_gaussian,docling_rapidocr,deepseek,6,0,0,0,6,0.0,0.0,0.0,0,,,,,8.94437885,1
peru21_2018-01-12_1,31,none,,adaptive_mean,docling_easyocr,deepseek,6,1,0,1,6,0.0,0.0,0.0,1,0.2222222222222222,0.75,1.0,1.0,51.447101777,0
peru21_2018-01-12_1,31,none,,adaptive_mean,docling_rapidocr,deepseek,6,0,0,0,6,0.0,0.0,0.0,0,,,,,8.968423789,1
peru21_2018-01-12_1,31,none,,basic,docling_easyocr,deepseek,6,0,0,0,6,0.0,0.0,0.0,0,,,,,51.461661327,1
peru21_2018-01-12_1,31,none,,basic,docling_rapidocr,deepseek,6,0,0,0,6,0.0,0.0,0.0,0,,,,,8.916569698,1
peru21_2018-01-12_1,31,none,,niblack,docling_easyocr,deepseek,6,0,0,0,6,0.0,0.0,0.0,0,,,,,50.33185657,1
peru21_2018-01-12_1,31,none,,niblack,docling_rapidocr,deepseek,6,0,0,0,6,0.0,0.0,0.0,0,,,,,8.3922294,1
peru21_2018-01-12_1,31,none,,none_color,docling_easyocr,deepseek,6,5,0,5,6,0.0,0.0,0.0,1,0.0,0.0,1.0,1.0,54.543407045,0
peru21_2018-01-12_1,31,none,,none_color,docling_rapidocr,deepseek,6,1,0,1,6,0.0,0.0,0.0,0,,,,,9.473175368,0
peru21_2018-01-12_1,31,none,,none_grayscale,docling_easyocr,deepseek,6,0,0,0,6,0.0,0.0,0.0,0,,,,,52.155038987,1
peru21_2018-01-12_1,31,none,,none_grayscale,docling_rapidocr,deepseek,6,0,0,0,6,0.0,0.0,0.0,0,,,,,9.082564031,1
peru21_2018-01-12_1,31,none,,otsu,docling_easyocr,deepseek,6,0,0,0,6,0.0,0.0,0.0,0,,,,,50.926219047,1
peru21_2018-01-12_1,31,none,,otsu,docling_rapidocr,deepseek,6,0,0,0,6,0.0,0.0,0.0,0,,,,,9.038150848,1
peru21_2018-01-12_1,31,none,,yannihorne,docling_easyocr,deepseek,6,0,0,0,6,0.0,0.0,0.0,0,,,,,50.437587083,1
peru21_2018-01-12_1,31,none,,yannihorne,docling_rapidocr,deepseek,6,0,0,0,6,0.0,0.0,0.0,0,,,,,8.469835342,1
peru21_2018-01-12_1,32,none,,adaptive_gaussian,docling_easyocr,deepseek,6,0,0,0,6,0.0,0.0,0.0,0,,,,,53.634931219,1
peru21_2018-01-12_1,32,none,,adaptive_gaussian,docling_rapidocr,deepseek,6,1,1,0,5,1.0,0.166667,0.285714,1,0.1590909090909091,0.5714285714285714,1.0,1.0,9.155735148,0
peru21_2018-01-12_1,32,none,,adaptive_mean,docling_easyocr,deepseek,6,3,0,3,6,0.0,0.0,0.0,1,0.25925925925925924,1.0,1.0,1.0,52.047806105,0
peru21_2018-01-12_1,32,none,,adaptive_mean,docling_rapidocr,deepseek,6,3,0,3,6,0.0,0.0,0.0,1,0.9545454545454546,1.0,1.0,1.0,8.892734369,0
peru21_2018-01-12_1,32,none,,basic,docling_easyocr,deepseek,6,0,0,0,6,0.0,0.0,0.0,0,,,,,53.164214733,1
peru21_2018-01-12_1,32,none,,basic,docling_rapidocr,deepseek,6,0,0,0,6,0.0,0.0,0.0,0,,,,,8.942258719,1
peru21_2018-01-12_1,32,none,,niblack,docling_easyocr,deepseek,6,0,0,0,6,0.0,0.0,0.0,0,,,,,53.69008515,1
peru21_2018-01-12_1,32,none,,niblack,docling_rapidocr,deepseek,6,0,0,0,6,0.0,0.0,0.0,0,,,,,9.028844095,1
peru21_2018-01-12_1,32,none,,none_color,docling_easyocr,deepseek,6,0,0,0,6,0.0,0.0,0.0,0,,,,,52.560468008,1
peru21_2018-01-12_1,32,none,,none_color,docling_rapidocr,deepseek,6,0,0,0,6,0.0,0.0,0.0,0,,,,,9.475992968,1
peru21_2018-01-12_1,32,none,,none_grayscale,docling_easyocr,deepseek,6,0,0,0,6,0.0,0.0,0.0,0,,,,,54.418334772,1
peru21_2018-01-12_1,32,none,,none_grayscale,docling_rapidocr,deepseek,6,0,0,0,6,0.0,0.0,0.0,0,,,,,9.523198893,1
peru21_2018-01-12_1,32,none,,otsu,docling_easyocr,deepseek,6,0,0,0,6,0.0,0.0,0.0,0,,,,,50.517187313,1
peru21_2018-01-12_1,32,none,,otsu,docling_rapidocr,deepseek,6,1,0,1,6,0.0,0.0,0.0,1,0.022727272727272728,0.14285714285714285,1.0,1.0,9.305084185,0
peru21_2018-01-12_1,32,none,,yannihorne,docling_easyocr,deepseek,6,0,0,0,6,0.0,0.0,0.0,0,,,,,48.193513826,1
peru21_2018-01-12_1,32,none,,yannihorne,docling_rapidocr,deepseek,6,0,0,0,6,0.0,0.0,0.0,0,,,,,8.347713665,1
peru21_2018-01-12_1,33,none,,adaptive_gaussian,docling_easyocr,deepseek,6,0,0,0,6,0.0,0.0,0.0,0,,,,,53.237717377,1
peru21_2018-01-12_1,33,none,,adaptive_gaussian,docling_rapidocr,deepseek,6,0,0,0,6,0.0,0.0,0.0,0,,,,,9.112333284,1
peru21_2018-01-12_1,33,none,,adaptive_mean,docling_easyocr,deepseek,6,0,0,0,6,0.0,0.0,0.0,0,,,,,53.719083006,1
peru21_2018-01-12_1,33,none,,adaptive_mean,docling_rapidocr,deepseek,6,0,0,0,6,0.0,0.0,0.0,0,,,,,8.626043493,1
peru21_2018-01-12_1,33,none,,basic,docling_easyocr,deepseek,6,0,0,0,6,0.0,0.0,0.0,0,,,,,51.54762044,1
peru21_2018-01-12_1,33,none,,basic,docling_rapidocr,deepseek,6,0,0,0,6,0.0,0.0,0.0,0,,,,,8.95504036,1
peru21_2018-01-12_1,33,none,,niblack,docling_easyocr,deepseek,6,0,0,0,6,0.0,0.0,0.0,0,,,,,53.211711001,1
peru21_2018-01-12_1,33,none,,niblack,docling_rapidocr,deepseek,6,0,0,0,6,0.0,0.0,0.0,0,,,,,8.963494848,1
peru21_2018-01-12_1,33,none,,none_color,docling_easyocr,deepseek,6,1,0,1,6,0.0,0.0,0.0,0,,,,,51.72229917,0
peru21_2018-01-12_1,33,none,,none_color,docling_rapidocr,deepseek,6,1,0,1,6,0.0,0.0,0.0,0,,,,,9.649411749,0
peru21_2018-01-12_1,33,none,,none_grayscale,docling_easyocr,deepseek,6,0,0,0,6,0.0,0.0,0.0,0,,,,,54.105465555,1
peru21_2018-01-12_1,33,none,,none_grayscale,docling_rapidocr,deepseek,6,0,0,0,6,0.0,0.0,0.0,0,,,,,9.521330738,1
peru21_2018-01-12_1,33,none,,otsu,docling_easyocr,deepseek,6,0,0,0,6,0.0,0.0,0.0,0,,,,,52.563256956,1
peru21_2018-01-12_1,33,none,,otsu,docling_rapidocr,deepseek,6,1,0,1,6,0.0,0.0,0.0,1,0.022727272727272728,0.14285714285714285,1.0,1.0,9.453773476,0
peru21_2018-01-12_1,33,none,,yannihorne,docling_easyocr,deepseek,6,0,0,0,6,0.0,0.0,0.0,0,,,,,51.128475477,1
peru21_2018-01-12_1,33,none,,yannihorne,docling_rapidocr,deepseek,6,0,0,0,6,0.0,0.0,0.0,0,,,,,8.704793026,1
peru21_2018-01-12_1,34,none,,adaptive_gaussian,docling_easyocr,deepseek,6,0,0,0,6,0.0,0.0,0.0,0,,,,,54.102192917,1
peru21_2018-01-12_1,34,none,,adaptive_gaussian,docling_rapidocr,deepseek,6,0,0,0,6,0.0,0.0,0.0,0,,,,,9.17980341,1
peru21_2018-01-12_1,34,none,,adaptive_mean,docling_easyocr,deepseek,6,0,0,0,6,0.0,0.0,0.0,0,,,,,51.575328503,1
peru21_2018-01-12_1,34,none,,adaptive_mean,docling_rapidocr,deepseek,6,1,0,1,6,0.0,0.0,0.0,1,0.0,0.0,1.0,1.0,8.680166874,0
peru21_2018-01-12_1,34,none,,basic,docling_easyocr,deepseek,6,0,0,0,6,0.0,0.0,0.0,0,,,,,50.739048676,1
peru21_2018-01-12_1,34,none,,basic,docling_rapidocr,deepseek,6,0,0,0,6,0.0,0.0,0.0,0,,,,,8.837268547,1
peru21_2018-01-12_1,34,none,,niblack,docling_easyocr,deepseek,6,0,0,0,6,0.0,0.0,0.0,0,,,,,51.374019196,1
peru21_2018-01-12_1,34,none,,niblack,docling_rapidocr,deepseek,6,0,0,0,6,0.0,0.0,0.0,0,,,,,8.657854845,1
peru21_2018-01-12_1,34,none,,none_color,docling_easyocr,deepseek,6,2,0,2,6,0.0,0.0,0.0,1,0.0,0.0,1.0,1.0,51.97591913,0
peru21_2018-01-12_1,34,none,,none_color,docling_rapidocr,deepseek,6,0,0,0,6,0.0,0.0,0.0,0,,,,,9.192482594,1
peru21_2018-01-12_1,34,none,,none_grayscale,docling_easyocr,deepseek,6,0,0,0,6,0.0,0.0,0.0,0,,,,,52.306573586,1
peru21_2018-01-12_1,34,none,,none_grayscale,docling_rapidocr,deepseek,6,0,0,0,6,0.0,0.0,0.0,0,,,,,9.084900335,1
peru21_2018-01-12_1,34,none,,otsu,docling_easyocr,deepseek,6,0,0,0,6,0.0,0.0,0.0,0,,,,,51.013200384,1
peru21_2018-01-12_1,34,none,,otsu,docling_rapidocr,deepseek,6,0,0,0,6,0.0,0.0,0.0,0,,,,,9.311429125,1
peru21_2018-01-12_1,34,none,,yannihorne,docling_easyocr,deepseek,6,0,0,0,6,0.0,0.0,0.0,0,,,,,50.079202753,1
peru21_2018-01-12_1,34,none,,yannihorne,docling_rapidocr,deepseek,6,0,0,0,6,0.0,0.0,0.0,0,,,,,8.157946449,1
peru21_2018-01-12_1,35,none,,adaptive_gaussian,docling_easyocr,deepseek,6,0,0,0,6,0.0,0.0,0.0,0,,,,,51.833516087,1
peru21_2018-01-12_1,35,none,,adaptive_gaussian,docling_rapidocr,deepseek,6,0,0,0,6,0.0,0.0,0.0,0,,,,,8.828117098,1
peru21_2018-01-12_1,35,none,,adaptive_mean,docling_easyocr,deepseek,6,0,0,0,6,0.0,0.0,0.0,0,,,,,53.088398371,1
peru21_2018-01-12_1,35,none,,adaptive_mean,docling_rapidocr,deepseek,6,0,0,0,6,0.0,0.0,0.0,0,,,,,8.656996641,1
peru21_2018-01-12_1,35,none,,basic,docling_easyocr,deepseek,6,2,0,2,6,0.0,0.0,0.0,1,0.8181818181818182,1.0,1.0,1.0,50.787195639,0
peru21_2018-01-12_1,35,none,,basic,docling_rapidocr,deepseek,6,0,0,0,6,0.0,0.0,0.0,0,,,,,9.204706625,1
peru21_2018-01-12_1,35,none,,niblack,docling_easyocr,deepseek,6,0,0,0,6,0.0,0.0,0.0,0,,,,,52.614348223,1
peru21_2018-01-12_1,35,none,,niblack,docling_rapidocr,deepseek,6,0,0,0,6,0.0,0.0,0.0,0,,,,,9.000510027,1
peru21_2018-01-12_1,35,none,,none_color,docling_easyocr,deepseek,6,0,0,0,6,0.0,0.0,0.0,0,,,,,52.091332319,1
peru21_2018-01-12_1,35,none,,none_color,docling_rapidocr,deepseek,6,0,0,0,6,0.0,0.0,0.0,0,,,,,9.091066006,1
peru21_2018-01-12_1,35,none,,none_grayscale,docling_easyocr,deepseek,6,0,0,0,6,0.0,0.0,0.0,0,,,,,51.615347031,1
peru21_2018-01-12_1,35,none,,none_grayscale,docling_rapidocr,deepseek,6,0,0,0,6,0.0,0.0,0.0,0,,,,,9.133023146,1
peru21_2018-01-12_1,35,none,,otsu,docling_easyocr,deepseek,6,0,0,0,6,0.0,0.0,0.0,0,,,,,52.777019768,1
peru21_2018-01-12_1,35,none,,otsu,docling_rapidocr,deepseek,6,1,0,1,6,0.0,0.0,0.0,1,0.022727272727272728,0.14285714285714285,1.0,1.0,8.989896803,0
peru21_2018-01-12_1,35,none,,yannihorne,docling_easyocr,deepseek,6,0,0,0,6,0.0,0.0,0.0,0,,,,,48.2844806,1
peru21_2018-01-12_1,35,none,,yannihorne,docling_rapidocr,deepseek,6,0,0,0,6,0.0,0.0,0.0,0,,,,,8.466219454,1
peru21_2018-01-12_1,36,none,,adaptive_gaussian,docling_easyocr,deepseek,6,0,0,0,6,0.0,0.0,0.0,0,,,,,53.49882515,1
peru21_2018-01-12_1,36,none,,adaptive_gaussian,docling_rapidocr,deepseek,6,0,0,0,6,0.0,0.0,0.0,0,,,,,8.984088021,1
peru21_2018-01-12_1,36,none,,adaptive_mean,docling_easyocr,deepseek,6,0,0,0,6,0.0,0.0,0.0,0,,,,,53.506369616,1
peru21_2018-01-12_1,36,none,,adaptive_mean,docling_rapidocr,deepseek,6,0,0,0,6,0.0,0.0,0.0,0,,,,,8.885115887,1
peru21_2018-01-12_1,36,none,,basic,docling_easyocr,deepseek,6,0,0,0,6,0.0,0.0,0.0,0,,,,,51.28553421,1
peru21_2018-01-12_1,36,none,,basic,docling_rapidocr,deepseek,6,0,0,0,6,0.0,0.0,0.0,0,,,,,8.772991009,1
peru21_2018-01-12_1,36,none,,niblack,docling_easyocr,deepseek,6,0,0,0,6,0.0,0.0,0.0,0,,,,,52.67956955,1
peru21_2018-01-12_1,36,none,,niblack,docling_rapidocr,deepseek,6,0,0,0,6,0.0,0.0,0.0,0,,,,,8.765860625,1
peru21_2018-01-12_1,36,none,,none_color,docling_easyocr,deepseek,6,0,0,0,6,0.0,0.0,0.0,0,,,,,54.215712231,1
peru21_2018-01-12_1,36,none,,none_color,docling_rapidocr,deepseek,6,0,0,0,6,0.0,0.0,0.0,0,,,,,9.036854666,1
peru21_2018-01-12_1,36,none,,none_grayscale,docling_easyocr,deepseek,6,0,0,0,6,0.0,0.0,0.0,0,,,,,52.121399159,1
peru21_2018-01-12_1,36,none,,none_grayscale,docling_rapidocr,deepseek,6,0,0,0,6,0.0,0.0,0.0,0,,,,,8.952227349,1
peru21_2018-01-12_1,36,none,,otsu,docling_easyocr,deepseek,6,0,0,0,6,0.0,0.0,0.0,0,,,,,50.550483605,1
peru21_2018-01-12_1,36,none,,otsu,docling_rapidocr,deepseek,6,1,0,1,6,0.0,0.0,0.0,1,0.022727272727272728,0.14285714285714285,1.0,1.0,9.269921681,0
peru21_2018-01-12_1,36,none,,yannihorne,docling_easyocr,deepseek,6,0,0,0,6,0.0,0.0,0.0,0,,,,,48.317844769,1
peru21_2018-01-12_1,36,none,,yannihorne,docling_rapidocr,deepseek,6,0,0,0,6,0.0,0.0,0.0,0,,,,,8.611626049,1
peru21_2018-01-12_1,37,none,,adaptive_gaussian,docling_easyocr,deepseek,6,0,0,0,6,0.0,0.0,0.0,0,,,,,53.401106962,1
peru21_2018-01-12_1,37,none,,adaptive_gaussian,docling_rapidocr,deepseek,6,0,0,0,6,0.0,0.0,0.0,0,,,,,8.618962177,1
peru21_2018-01-12_1,37,none,,adaptive_mean,docling_easyocr,deepseek,6,0,0,0,6,0.0,0.0,0.0,0,,,,,51.426706629,1
peru21_2018-01-12_1,37,none,,adaptive_mean,docling_rapidocr,deepseek,6,1,0,1,6,0.0,0.0,0.0,0,,,,,8.759582834,0
peru21_2018-01-12_1,37,none,,basic,docling_easyocr,deepseek,6,0,0,0,6,0.0,0.0,0.0,0,,,,,52.854746771,1
peru21_2018-01-12_1,37,none,,basic,docling_rapidocr,deepseek,6,0,0,0,6,0.0,0.0,0.0,0,,,,,8.76376195,1
peru21_2018-01-12_1,37,none,,niblack,docling_easyocr,deepseek,6,0,0,0,6,0.0,0.0,0.0,0,,,,,51.750457499,1
peru21_2018-01-12_1,37,none,,niblack,docling_rapidocr,deepseek,6,0,0,0,6,0.0,0.0,0.0,0,,,,,8.710502598,1
peru21_2018-01-12_1,37,none,,none_color,docling_easyocr,deepseek,6,0,0,0,6,0.0,0.0,0.0,0,,,,,53.899298714,1
peru21_2018-01-12_1,37,none,,none_color,docling_rapidocr,deepseek,6,1,1,0,5,1.0,0.166667,0.285714,1,1.0,1.0,0.0,0.0,9.376435564,0
peru21_2018-01-12_1,37,none,,none_grayscale,docling_easyocr,deepseek,6,0,0,0,6,0.0,0.0,0.0,0,,,,,51.930361939,1
peru21_2018-01-12_1,37,none,,none_grayscale,docling_rapidocr,deepseek,6,0,0,0,6,0.0,0.0,0.0,0,,,,,8.984298897,1
peru21_2018-01-12_1,37,none,,otsu,docling_easyocr,deepseek,6,0,0,0,6,0.0,0.0,0.0,0,,,,,51.184287096,1
peru21_2018-01-12_1,37,none,,otsu,docling_rapidocr,deepseek,6,0,0,0,6,0.0,0.0,0.0,0,,,,,8.954981114,1
peru21_2018-01-12_1,37,none,,yannihorne,docling_easyocr,deepseek,6,0,0,0,6,0.0,0.0,0.0,0,,,,,50.347956444,1
peru21_2018-01-12_1,37,none,,yannihorne,docling_rapidocr,deepseek,6,0,0,0,6,0.0,0.0,0.0,0,,,,,8.175474907,1
peru21_2018-01-12_1,38,none,,adaptive_gaussian,docling_easyocr,deepseek,6,0,0,0,6,0.0,0.0,0.0,0,,,,,52.89908367,1
peru21_2018-01-12_1,38,none,,adaptive_gaussian,docling_rapidocr,deepseek,6,0,0,0,6,0.0,0.0,0.0,0,,,,,8.935184773,1
peru21_2018-01-12_1,38,none,,adaptive_mean,docling_easyocr,deepseek,6,0,0,0,6,0.0,0.0,0.0,0,,,,,52.232751208,1
peru21_2018-01-12_1,38,none,,adaptive_mean,docling_rapidocr,deepseek,6,1,0,1,6,0.0,0.0,0.0,0,,,,,8.587596731,0
peru21_2018-01-12_1,38,none,,basic,docling_easyocr,deepseek,6,0,0,0,6,0.0,0.0,0.0,0,,,,,50.389635443,1
peru21_2018-01-12_1,38,none,,basic,docling_rapidocr,deepseek,6,0,0,0,6,0.0,0.0,0.0,0,,,,,8.866170525,1
peru21_2018-01-12_1,38,none,,niblack,docling_easyocr,deepseek,6,0,0,0,6,0.0,0.0,0.0,0,,,,,51.040118885,1
peru21_2018-01-12_1,38,none,,niblack,docling_rapidocr,deepseek,6,0,0,0,6,0.0,0.0,0.0,0,,,,,8.451720667,1
peru21_2018-01-12_1,38,none,,none_color,docling_easyocr,deepseek,6,0,0,0,6,0.0,0.0,0.0,0,,,,,51.839340971,1
peru21_2018-01-12_1,38,none,,none_color,docling_rapidocr,deepseek,6,0,0,0,6,0.0,0.0,0.0,0,,,,,9.085163162,1
peru21_2018-01-12_1,38,none,,none_grayscale,docling_easyocr,deepseek,6,0,0,0,6,0.0,0.0,0.0,0,,,,,52.179957985,1
peru21_2018-01-12_1,38,none,,none_grayscale,docling_rapidocr,deepseek,6,0,0,0,6,0.0,0.0,0.0,0,,,,,9.072846054,1
peru21_2018-01-12_1,38,none,,otsu,docling_easyocr,deepseek,6,0,0,0,6,0.0,0.0,0.0,0,,,,,52.54932828,1
peru21_2018-01-12_1,38,none,,otsu,docling_rapidocr,deepseek,6,0,0,0,6,0.0,0.0,0.0,0,,,,,9.371820164,1
peru21_2018-01-12_1,38,none,,yannihorne,docling_easyocr,deepseek,6,0,0,0,6,0.0,0.0,0.0,0,,,,,48.728140307,1
peru21_2018-01-12_1,38,none,,yannihorne,docling_rapidocr,deepseek,6,0,0,0,6,0.0,0.0,0.0,0,,,,,8.506022167,1
peru21_2018-01-12_1,39,none,,adaptive_gaussian,docling_easyocr,deepseek,6,0,0,0,6,0.0,0.0,0.0,0,,,,,82.061979162,1
peru21_2018-01-12_1,39,none,,adaptive_gaussian,docling_rapidocr,deepseek,6,0,0,0,6,0.0,0.0,0.0,0,,,,,39.620979416,1
peru21_2018-01-12_1,39,none,,adaptive_mean,docling_easyocr,deepseek,6,0,0,0,6,0.0,0.0,0.0,0,,,,,84.540052397,1
peru21_2018-01-12_1,39,none,,adaptive_mean,docling_rapidocr,deepseek,6,0,0,0,6,0.0,0.0,0.0,0,,,,,39.611005051,1
peru21_2018-01-12_1,39,none,,basic,docling_easyocr,deepseek,6,0,0,0,6,0.0,0.0,0.0,0,,,,,81.575586821,1
peru21_2018-01-12_1,39,none,,basic,docling_rapidocr,deepseek,6,0,0,0,6,0.0,0.0,0.0,0,,,,,39.819637324,1
peru21_2018-01-12_1,39,none,,niblack,docling_easyocr,deepseek,6,0,0,0,6,0.0,0.0,0.0,0,,,,,81.53470471,1
peru21_2018-01-12_1,39,none,,niblack,docling_rapidocr,deepseek,6,0,0,0,6,0.0,0.0,0.0,0,,,,,39.467318083,1
peru21_2018-01-12_1,39,none,,none_color,docling_easyocr,deepseek,6,0,0,0,6,0.0,0.0,0.0,0,,,,,82.715747786,1
peru21_2018-01-12_1,39,none,,none_color,docling_rapidocr,deepseek,6,0,0,0,6,0.0,0.0,0.0,0,,,,,40.058773232,1
peru21_2018-01-12_1,39,none,,none_grayscale,docling_easyocr,deepseek,6,0,0,0,6,0.0,0.0,0.0,0,,,,,84.655165936,1
peru21_2018-01-12_1,39,none,,none_grayscale,docling_rapidocr,deepseek,6,1,0,1,6,0.0,0.0,0.0,1,0.022727272727272728,0.14285714285714285,1.0,1.0,40.364395167,0
peru21_2018-01-12_1,39,none,,otsu,docling_easyocr,deepseek,6,0,0,0,6,0.0,0.0,0.0,0,,,,,82.425896576,1
peru21_2018-01-12_1,39,none,,otsu,docling_rapidocr,deepseek,6,0,0,0,6,0.0,0.0,0.0,0,,,,,39.941898039,1
peru21_2018-01-12_1,39,none,,yannihorne,docling_easyocr,deepseek,6,0,0,0,6,0.0,0.0,0.0,0,,,,,80.980192188,1
peru21_2018-01-12_1,39,none,,yannihorne,docling_rapidocr,deepseek,6,0,0,0,6,0.0,0.0,0.0,0,,,,,38.983079914,1
peru21_2018-01-12_1,40,none,,adaptive_gaussian,docling_easyocr,deepseek,6,0,0,0,6,0.0,0.0,0.0,0,,,,,84.740245956,1
peru21_2018-01-12_1,40,none,,adaptive_gaussian,docling_rapidocr,deepseek,6,0,0,0,6,0.0,0.0,0.0,0,,,,,39.071211952,1
peru21_2018-01-12_1,40,none,,adaptive_mean,docling_easyocr,deepseek,6,0,0,0,6,0.0,0.0,0.0,0,,,,,85.100679721,1
peru21_2018-01-12_1,40,none,,adaptive_mean,docling_rapidocr,deepseek,6,0,0,0,6,0.0,0.0,0.0,0,,,,,39.363494958,1
peru21_2018-01-12_1,40,none,,basic,docling_easyocr,deepseek,6,0,0,0,6,0.0,0.0,0.0,0,,,,,81.698052533,1
peru21_2018-01-12_1,40,none,,basic,docling_rapidocr,deepseek,6,0,0,0,6,0.0,0.0,0.0,0,,,,,39.557759412,1
peru21_2018-01-12_1,40,none,,niblack,docling_easyocr,deepseek,6,0,0,0,6,0.0,0.0,0.0,0,,,,,82.925648506,1
peru21_2018-01-12_1,40,none,,niblack,docling_rapidocr,deepseek,6,0,0,0,6,0.0,0.0,0.0,0,,,,,39.217469747,1
peru21_2018-01-12_1,40,none,,none_color,docling_easyocr,deepseek,6,0,0,0,6,0.0,0.0,0.0,0,,,,,84.452839118,1
peru21_2018-01-12_1,40,none,,none_color,docling_rapidocr,deepseek,6,1,0,1,6,0.0,0.0,0.0,1,0.022727272727272728,0.14285714285714285,1.0,1.0,39.86248706,0
peru21_2018-01-12_1,40,none,,none_grayscale,docling_easyocr,deepseek,6,0,0,0,6,0.0,0.0,0.0,0,,,,,84.703628833,1
peru21_2018-01-12_1,40,none,,none_grayscale,docling_rapidocr,deepseek,6,0,0,0,6,0.0,0.0,0.0,0,,,,,39.636402423,1
peru21_2018-01-12_1,40,none,,otsu,docling_easyocr,deepseek,6,0,0,0,6,0.0,0.0,0.0,0,,,,,83.626524648,1
peru21_2018-01-12_1,40,none,,otsu,docling_rapidocr,deepseek,6,0,0,0,6,0.0,0.0,0.0,0,,,,,39.795745334,1
peru21_2018-01-12_1,40,none,,yannihorne,docling_easyocr,deepseek,6,0,0,0,6,0.0,0.0,0.0,0,,,,,78.244119129,1
peru21_2018-01-12_1,40,none,,yannihorne,docling_rapidocr,deepseek,6,0,0,0,6,0.0,0.0,0.0,0,,,,,38.794583043,1
peru21_2018-01-12_1,41,none,,adaptive_gaussian,docling_easyocr,deepseek,6,0,0,0,6,0.0,0.0,0.0,0,,,,,84.053490497,1
peru21_2018-01-12_1,41,none,,adaptive_gaussian,docling_rapidocr,deepseek,6,0,0,0,6,0.0,0.0,0.0,0,,,,,39.393607713,1
peru21_2018-01-12_1,41,none,,adaptive_mean,docling_easyocr,deepseek,6,0,0,0,6,0.0,0.0,0.0,0,,,,,84.05697882,1
peru21_2018-01-12_1,41,none,,adaptive_mean,docling_rapidocr,deepseek,6,0,0,0,6,0.0,0.0,0.0,0,,,,,39.335342525,1
peru21_2018-01-12_1,41,none,,basic,docling_easyocr,deepseek,6,0,0,0,6,0.0,0.0,0.0,0,,,,,82.81314389,1
peru21_2018-01-12_1,41,none,,basic,docling_rapidocr,deepseek,6,0,0,0,6,0.0,0.0,0.0,0,,,,,39.747522752,1
peru21_2018-01-12_1,41,none,,niblack,docling_easyocr,deepseek,6,0,0,0,6,0.0,0.0,0.0,0,,,,,82.245133457,1
peru21_2018-01-12_1,41,none,,niblack,docling_rapidocr,deepseek,6,0,0,0,6,0.0,0.0,0.0,0,,,,,39.196669158,1
peru21_2018-01-12_1,41,none,,none_color,docling_easyocr,deepseek,6,0,0,0,6,0.0,0.0,0.0,0,,,,,82.418287126,1
peru21_2018-01-12_1,41,none,,none_color,docling_rapidocr,deepseek,6,1,0,1,6,0.0,0.0,0.0,0,,,,,40.438874093,0
peru21_2018-01-12_1,41,none,,none_grayscale,docling_easyocr,deepseek,6,0,0,0,6,0.0,0.0,0.0,0,,,,,84.278485385,1
peru21_2018-01-12_1,41,none,,none_grayscale,docling_rapidocr,deepseek,6,1,0,1,6,0.0,0.0,0.0,0,,,,,39.70278844,0
peru21_2018-01-12_1,41,none,,otsu,docling_easyocr,deepseek,6,0,0,0,6,0.0,0.0,0.0,0,,,,,83.04244613,1
peru21_2018-01-12_1,41,none,,otsu,docling_rapidocr,deepseek,6,1,0,1,6,0.0,0.0,0.0,1,0.022727272727272728,0.14285714285714285,1.0,1.0,39.91735267,0
peru21_2018-01-12_1,41,none,,yannihorne,docling_easyocr,deepseek,6,0,0,0,6,0.0,0.0,0.0,0,,,,,80.550437206,1
peru21_2018-01-12_1,41,none,,yannihorne,docling_rapidocr,deepseek,6,0,0,0,6,0.0,0.0,0.0,0,,,,,38.751855844,1
peru21_2018-01-12_1,42,none,,adaptive_gaussian,docling_easyocr,deepseek,6,0,0,0,6,0.0,0.0,0.0,0,,,,,52.210998094,1
peru21_2018-01-12_1,42,none,,adaptive_gaussian,docling_rapidocr,deepseek,6,0,0,0,6,0.0,0.0,0.0,0,,,,,7.980054653,1
peru21_2018-01-12_1,42,none,,adaptive_mean,docling_easyocr,deepseek,6,0,0,0,6,0.0,0.0,0.0,0,,,,,50.749454482,1
peru21_2018-01-12_1,42,none,,adaptive_mean,docling_rapidocr,deepseek,6,0,0,0,6,0.0,0.0,0.0,0,,,,,7.55799578,1
peru21_2018-01-12_1,42,none,,basic,docling_easyocr,deepseek,6,0,0,0,6,0.0,0.0,0.0,0,,,,,50.905737975,1
peru21_2018-01-12_1,42,none,,basic,docling_rapidocr,deepseek,6,0,0,0,6,0.0,0.0,0.0,0,,,,,8.015173057,1
peru21_2018-01-12_1,42,none,,niblack,docling_rapidocr,deepseek,6,0,0,0,6,0.0,0.0,0.0,0,,,,,8.851666021,1
peru21_2018-01-12_1,42,none,,none_color,docling_easyocr,deepseek,6,0,0,0,6,0.0,0.0,0.0,0,,,,,51.675662948,1
peru21_2018-01-12_1,42,none,,none_color,docling_rapidocr,deepseek,6,0,0,0,6,0.0,0.0,0.0,0,,,,,9.196762754,1
peru21_2018-01-12_1,42,none,,none_grayscale,docling_easyocr,deepseek,6,0,0,0,6,0.0,0.0,0.0,0,,,,,51.87547281,1
peru21_2018-01-12_1,42,none,,none_grayscale,docling_rapidocr,deepseek,6,0,0,0,6,0.0,0.0,0.0,0,,,,,8.814793613,1
peru21_2018-01-12_1,42,none,,otsu,docling_easyocr,deepseek,6,0,0,0,6,0.0,0.0,0.0,0,,,,,50.863058261,1
peru21_2018-01-12_1,42,none,,otsu,docling_rapidocr,deepseek,6,0,0,0,6,0.0,0.0,0.0,0,,,,,8.560923986,1
peru21_2018-01-12_1,43,none,,adaptive_gaussian,docling_easyocr,deepseek,6,0,0,0,6,0.0,0.0,0.0,0,,,,,49.72918176,1
peru21_2018-01-12_1,43,none,,adaptive_gaussian,docling_rapidocr,deepseek,6,0,0,0,6,0.0,0.0,0.0,0,,,,,7.660402292,1
peru21_2018-01-12_1,43,none,,adaptive_mean,docling_easyocr,deepseek,6,0,0,0,6,0.0,0.0,0.0,0,,,,,52.118523229,1
peru21_2018-01-12_1,43,none,,adaptive_mean,docling_rapidocr,deepseek,6,0,0,0,6,0.0,0.0,0.0,0,,,,,7.609442581,1
peru21_2018-01-12_1,43,none,,basic,docling_easyocr,deepseek,6,0,0,0,6,0.0,0.0,0.0,0,,,,,50.377893909,1
peru21_2018-01-12_1,43,none,,basic,docling_rapidocr,deepseek,6,0,0,0,6,0.0,0.0,0.0,0,,,,,7.842952712,1
peru21_2018-01-12_1,43,none,,niblack,docling_rapidocr,deepseek,6,0,0,0,6,0.0,0.0,0.0,0,,,,,8.672761113,1
peru21_2018-01-12_1,43,none,,none_color,docling_easyocr,deepseek,6,0,0,0,6,0.0,0.0,0.0,0,,,,,51.653021413,1
peru21_2018-01-12_1,43,none,,none_color,docling_rapidocr,deepseek,6,0,0,0,6,0.0,0.0,0.0,0,,,,,8.905802804,1
peru21_2018-01-12_1,43,none,,none_grayscale,docling_easyocr,deepseek,6,0,0,0,6,0.0,0.0,0.0,0,,,,,51.319957883,1
peru21_2018-01-12_1,43,none,,none_grayscale,docling_rapidocr,deepseek,6,0,0,0,6,0.0,0.0,0.0,0,,,,,8.737991006,1
peru21_2018-01-12_1,43,none,,otsu,docling_easyocr,deepseek,6,0,0,0,6,0.0,0.0,0.0,0,,,,,50.736129817,1
peru21_2018-01-12_1,43,none,,otsu,docling_rapidocr,deepseek,6,0,0,0,6,0.0,0.0,0.0,0,,,,,7.652114925,1
peru21_2018-01-12_1,44,none,,adaptive_gaussian,docling_easyocr,deepseek,6,0,0,0,6,0.0,0.0,0.0,0,,,,,51.239157203,1
peru21_2018-01-12_1,44,none,,adaptive_gaussian,docling_rapidocr,deepseek,6,0,0,0,6,0.0,0.0,0.0,0,,,,,6.943299297,1
peru21_2018-01-12_1,44,none,,adaptive_mean,docling_easyocr,deepseek,6,0,0,0,6,0.0,0.0,0.0,0,,,,,51.317397546,1
peru21_2018-01-12_1,44,none,,adaptive_mean,docling_rapidocr,deepseek,6,0,0,0,6,0.0,0.0,0.0,0,,,,,6.852642965,1
peru21_2018-01-12_1,44,none,,basic,docling_easyocr,deepseek,6,0,0,0,6,0.0,0.0,0.0,0,,,,,47.729210132,1
peru21_2018-01-12_1,44,none,,basic,docling_rapidocr,deepseek,6,0,0,0,6,0.0,0.0,0.0,0,,,,,6.775285476,1
peru21_2018-01-12_1,44,none,,niblack,docling_rapidocr,deepseek,6,0,0,0,6,0.0,0.0,0.0,0,,,,,7.832990734,1
peru21_2018-01-12_1,44,none,,none_color,docling_easyocr,deepseek,6,0,0,0,6,0.0,0.0,0.0,0,,,,,50.808770816,1
peru21_2018-01-12_1,44,none,,none_color,docling_rapidocr,deepseek,6,0,0,0,6,0.0,0.0,0.0,0,,,,,8.185818594,1
peru21_2018-01-12_1,44,none,,none_grayscale,docling_easyocr,deepseek,6,0,0,0,6,0.0,0.0,0.0,0,,,,,50.748139303,1
peru21_2018-01-12_1,44,none,,none_grayscale,docling_rapidocr,deepseek,6,0,0,0,6,0.0,0.0,0.0,0,,,,,7.953723114,1
peru21_2018-01-12_1,44,none,,otsu,docling_easyocr,deepseek,6,0,0,0,6,0.0,0.0,0.0,0,,,,,50.13268239,1
peru21_2018-01-12_1,44,none,,otsu,docling_rapidocr,deepseek,6,0,0,0,6,0.0,0.0,0.0,0,,,,,7.643604106,1
peru21_2018-01-12_1,45,none,,adaptive_gaussian,docling_easyocr,deepseek,6,0,0,0,6,0.0,0.0,0.0,0,,,,,48.567155969,1
peru21_2018-01-12_1,45,none,,adaptive_gaussian,docling_rapidocr,deepseek,6,0,0,0,6,0.0,0.0,0.0,0,,,,,7.777227056,1
peru21_2018-01-12_1,45,none,,adaptive_mean,docling_easyocr,deepseek,6,0,0,0,6,0.0,0.0,0.0,0,,,,,49.361875209,1
peru21_2018-01-12_1,45,none,,adaptive_mean,docling_rapidocr,deepseek,6,0,0,0,6,0.0,0.0,0.0,0,,,,,7.991865072,1
peru21_2018-01-12_1,45,none,,basic,docling_easyocr,deepseek,6,0,0,0,6,0.0,0.0,0.0,0,,,,,49.137786106,1
peru21_2018-01-12_1,45,none,,basic,docling_rapidocr,deepseek,6,0,0,0,6,0.0,0.0,0.0,0,,,,,7.163902477,1
peru21_2018-01-12_1,45,none,,niblack,docling_easyocr,deepseek,6,0,0,0,6,0.0,0.0,0.0,0,,,,,49.805797004,1
peru21_2018-01-12_1,45,none,,niblack,docling_rapidocr,deepseek,6,0,0,0,6,0.0,0.0,0.0,0,,,,,7.795918607,1
peru21_2018-01-12_1,45,none,,none_color,docling_easyocr,deepseek,6,0,0,0,6,0.0,0.0,0.0,0,,,,,48.995540979,1
peru21_2018-01-12_1,45,none,,none_color,docling_rapidocr,deepseek,6,0,0,0,6,0.0,0.0,0.0,0,,,,,7.554883602,1
peru21_2018-01-12_1,45,none,,none_grayscale,docling_easyocr,deepseek,6,0,0,0,6,0.0,0.0,0.0,0,,,,,49.019043806,1
peru21_2018-01-12_1,45,none,,none_grayscale,docling_rapidocr,deepseek,6,0,0,0,6,0.0,0.0,0.0,0,,,,,7.463522079,1
peru21_2018-01-12_1,45,none,,otsu,docling_easyocr,deepseek,6,0,0,0,6,0.0,0.0,0.0,0,,,,,47.501064329,1
peru21_2018-01-12_1,45,none,,otsu,docling_rapidocr,deepseek,6,0,0,0,6,0.0,0.0,0.0,0,,,,,7.158959178,1
peru21_2018-01-12_1,45,none,,yannihorne,docling_easyocr,deepseek,6,0,0,0,6,0.0,0.0,0.0,0,,,,,49.388388423,1
peru21_2018-01-12_1,45,none,,yannihorne,docling_rapidocr,deepseek,6,0,0,0,6,0.0,0.0,0.0,0,,,,,7.466583995,1
peru21_2018-01-12_1,46,none,,adaptive_gaussian,docling_easyocr,deepseek,6,0,0,0,6,0.0,0.0,0.0,0,,,,,47.529177963,1
peru21_2018-01-12_1,46,none,,adaptive_gaussian,docling_rapidocr,deepseek,6,0,0,0,6,0.0,0.0,0.0,0,,,,,7.133797466,1
peru21_2018-01-12_1,46,none,,adaptive_mean,docling_easyocr,deepseek,6,0,0,0,6,0.0,0.0,0.0,0,,,,,49.321491487,1
peru21_2018-01-12_1,46,none,,adaptive_mean,docling_rapidocr,deepseek,6,0,0,0,6,0.0,0.0,0.0,0,,,,,7.67140413,1
peru21_2018-01-12_1,46,none,,basic,docling_easyocr,deepseek,6,0,0,0,6,0.0,0.0,0.0,0,,,,,47.727607299,1
peru21_2018-01-12_1,46,none,,basic,docling_rapidocr,deepseek,6,0,0,0,6,0.0,0.0,0.0,0,,,,,7.497538854,1
peru21_2018-01-12_1,46,none,,niblack,docling_easyocr,deepseek,6,0,0,0,6,0.0,0.0,0.0,0,,,,,48.333244487,1
peru21_2018-01-12_1,46,none,,niblack,docling_rapidocr,deepseek,6,0,0,0,6,0.0,0.0,0.0,0,,,,,7.801278993,1
peru21_2018-01-12_1,46,none,,none_color,docling_rapidocr,deepseek,6,0,0,0,6,0.0,0.0,0.0,0,,,,,7.562758661,1
peru21_2018-01-12_1,46,none,,none_grayscale,docling_rapidocr,deepseek,6,0,0,0,6,0.0,0.0,0.0,0,,,,,7.336024738,1
peru21_2018-01-12_1,46,none,,otsu,docling_easyocr,deepseek,6,0,0,0,6,0.0,0.0,0.0,0,,,,,47.121458414,1
peru21_2018-01-12_1,46,none,,otsu,docling_rapidocr,deepseek,6,0,0,0,6,0.0,0.0,0.0,0,,,,,7.163046958,1
peru21_2018-01-12_1,46,none,,yannihorne,docling_rapidocr,deepseek,6,0,0,0,6,0.0,0.0,0.0,0,,,,,7.576320531,1
peru21_2018-01-12_1,47,none,,adaptive_gaussian,docling_easyocr,deepseek,6,0,0,0,6,0.0,0.0,0.0,0,,,,,46.868777219,1
peru21_2018-01-12_1,47,none,,adaptive_gaussian,docling_rapidocr,deepseek,6,0,0,0,6,0.0,0.0,0.0,0,,,,,7.547290269,1
peru21_2018-01-12_1,47,none,,adaptive_mean,docling_easyocr,deepseek,6,0,0,0,6,0.0,0.0,0.0,0,,,,,47.642453802,1
peru21_2018-01-12_1,47,none,,adaptive_mean,docling_rapidocr,deepseek,6,0,0,0,6,0.0,0.0,0.0,0,,,,,7.979816568,1
peru21_2018-01-12_1,47,none,,basic,docling_easyocr,deepseek,6,0,0,0,6,0.0,0.0,0.0,0,,,,,49.819805557,1
peru21_2018-01-12_1,47,none,,basic,docling_rapidocr,deepseek,6,0,0,0,6,0.0,0.0,0.0,0,,,,,7.138375694,1
peru21_2018-01-12_1,47,none,,niblack,docling_easyocr,deepseek,6,0,0,0,6,0.0,0.0,0.0,0,,,,,47.805775505,1
peru21_2018-01-12_1,47,none,,niblack,docling_rapidocr,deepseek,6,0,0,0,6,0.0,0.0,0.0,0,,,,,7.653248649,1
peru21_2018-01-12_1,47,none,,none_color,docling_easyocr,deepseek,6,0,0,0,6,0.0,0.0,0.0,0,,,,,48.941610675,1
peru21_2018-01-12_1,47,none,,none_color,docling_rapidocr,deepseek,6,0,0,0,6,0.0,0.0,0.0,0,,,,,7.541390996,1
peru21_2018-01-12_1,47,none,,none_grayscale,docling_easyocr,deepseek,6,0,0,0,6,0.0,0.0,0.0,0,,,,,50.901292663,1
peru21_2018-01-12_1,47,none,,none_grayscale,docling_rapidocr,deepseek,6,0,0,0,6,0.0,0.0,0.0,0,,,,,7.309238296,1
peru21_2018-01-12_1,47,none,,otsu,docling_easyocr,deepseek,6,0,0,0,6,0.0,0.0,0.0,0,,,,,49.732972152,1
peru21_2018-01-12_1,47,none,,otsu,docling_rapidocr,deepseek,6,0,0,0,6,0.0,0.0,0.0,0,,,,,7.202311523,1
peru21_2018-01-12_1,47,none,,yannihorne,docling_easyocr,deepseek,6,0,0,0,6,0.0,0.0,0.0,0,,,,,48.825887926,1
peru21_2018-01-12_1,47,none,,yannihorne,docling_rapidocr,deepseek,6,0,0,0,6,0.0,0.0,0.0,0,,,,,7.353352554,1
peru21_2018-01-12_1,48,none,,adaptive_gaussian,docling_easyocr,deepseek,6,0,0,0,6,0.0,0.0,0.0,0,,,,,136.214664959,1
peru21_2018-01-12_1,48,none,,adaptive_gaussian,docling_rapidocr,deepseek,6,0,0,0,6,0.0,0.0,0.0,0,,,,,93.264253163,1
peru21_2018-01-12_1,48,none,,adaptive_mean,docling_easyocr,deepseek,6,0,0,0,6,0.0,0.0,0.0,0,,,,,138.24056663,1
peru21_2018-01-12_1,48,none,,adaptive_mean,docling_rapidocr,deepseek,6,0,0,0,6,0.0,0.0,0.0,0,,,,,93.230517287,1
peru21_2018-01-12_1,48,none,,basic,docling_easyocr,deepseek,6,0,0,0,6,0.0,0.0,0.0,0,,,,,137.496466578,1
peru21_2018-01-12_1,48,none,,basic,docling_rapidocr,deepseek,6,0,0,0,6,0.0,0.0,0.0,0,,,,,93.707268179,1
peru21_2018-01-12_1,48,none,,niblack,docling_easyocr,deepseek,6,0,0,0,6,0.0,0.0,0.0,0,,,,,137.731259236,1
peru21_2018-01-12_1,48,none,,niblack,docling_rapidocr,deepseek,6,0,0,0,6,0.0,0.0,0.0,0,,,,,93.181175837,1
peru21_2018-01-12_1,48,none,,none_color,docling_easyocr,deepseek,6,0,0,0,6,0.0,0.0,0.0,0,,,,,137.006219733,1
peru21_2018-01-12_1,48,none,,none_color,docling_rapidocr,deepseek,6,0,0,0,6,0.0,0.0,0.0,0,,,,,94.039129126,1
peru21_2018-01-12_1,48,none,,none_grayscale,docling_easyocr,deepseek,6,0,0,0,6,0.0,0.0,0.0,0,,,,,138.657505143,1
peru21_2018-01-12_1,48,none,,none_grayscale,docling_rapidocr,deepseek,6,0,0,0,6,0.0,0.0,0.0,0,,,,,93.781843293,1
peru21_2018-01-12_1,48,none,,otsu,docling_easyocr,deepseek,6,0,0,0,6,0.0,0.0,0.0,0,,,,,135.997177853,1
peru21_2018-01-12_1,48,none,,otsu,docling_rapidocr,deepseek,6,0,0,0,6,0.0,0.0,0.0,0,,,,,93.688006176,1
peru21_2018-01-12_1,48,none,,yannihorne,docling_easyocr,deepseek,6,0,0,0,6,0.0,0.0,0.0,0,,,,,135.02073647,1
peru21_2018-01-12_1,48,none,,yannihorne,docling_rapidocr,deepseek,6,0,0,0,6,0.0,0.0,0.0,0,,,,,93.047701849,1
peru21_2018-01-12_1,49,none,,adaptive_gaussian,docling_easyocr,deepseek,6,0,0,0,6,0.0,0.0,0.0,0,,,,,138.310145054,1
peru21_2018-01-12_1,49,none,,adaptive_gaussian,docling_rapidocr,deepseek,6,0,0,0,6,0.0,0.0,0.0,0,,,,,94.20988885,1
peru21_2018-01-12_1,49,none,,adaptive_mean,docling_easyocr,deepseek,6,0,0,0,6,0.0,0.0,0.0,0,,,,,138.126799208,1
peru21_2018-01-12_1,49,none,,adaptive_mean,docling_rapidocr,deepseek,6,0,0,0,6,0.0,0.0,0.0,0,,,,,93.981327397,1
peru21_2018-01-12_1,49,none,,basic,docling_easyocr,deepseek,6,0,0,0,6,0.0,0.0,0.0,0,,,,,138.115334893,1
peru21_2018-01-12_1,49,none,,basic,docling_rapidocr,deepseek,6,0,0,0,6,0.0,0.0,0.0,0,,,,,94.355335379,1
peru21_2018-01-12_1,49,none,,niblack,docling_easyocr,deepseek,6,0,0,0,6,0.0,0.0,0.0,0,,,,,135.657998322,1
peru21_2018-01-12_1,49,none,,niblack,docling_rapidocr,deepseek,6,0,0,0,6,0.0,0.0,0.0,0,,,,,93.61092162,1
peru21_2018-01-12_1,49,none,,none_color,docling_easyocr,deepseek,6,0,0,0,6,0.0,0.0,0.0,0,,,,,139.108343434,1
peru21_2018-01-12_1,49,none,,none_color,docling_rapidocr,deepseek,6,0,0,0,6,0.0,0.0,0.0,0,,,,,94.56469686,1
peru21_2018-01-12_1,49,none,,none_grayscale,docling_easyocr,deepseek,6,0,0,0,6,0.0,0.0,0.0,0,,,,,139.045680832,1
peru21_2018-01-12_1,49,none,,none_grayscale,docling_rapidocr,deepseek,6,0,0,0,6,0.0,0.0,0.0,0,,,,,94.16901977,1
peru21_2018-01-12_1,49,none,,otsu,docling_easyocr,deepseek,6,0,0,0,6,0.0,0.0,0.0,0,,,,,138.226468302,1
peru21_2018-01-12_1,49,none,,otsu,docling_rapidocr,deepseek,6,1,0,1,6,0.0,0.0,0.0,1,0.022727272727272728,0.14285714285714285,1.0,1.0,94.655435301,0
peru21_2018-01-12_1,49,none,,yannihorne,docling_easyocr,deepseek,6,0,0,0,6,0.0,0.0,0.0,0,,,,,134.975223996,1
peru21_2018-01-12_1,49,none,,yannihorne,docling_rapidocr,deepseek,6,0,0,0,6,0.0,0.0,0.0,0,,,,,92.879672266,1
peru21_2018-01-12_1,50,none,,adaptive_gaussian,docling_easyocr,deepseek,6,0,0,0,6,0.0,0.0,0.0,0,,,,,137.925301365,1
peru21_2018-01-12_1,50,none,,adaptive_gaussian,docling_rapidocr,deepseek,6,0,0,0,6,0.0,0.0,0.0,0,,,,,94.678660683,1
peru21_2018-01-12_1,50,none,,adaptive_mean,docling_easyocr,deepseek,6,0,0,0,6,0.0,0.0,0.0,0,,,,,138.009136677,1
peru21_2018-01-12_1,50,none,,adaptive_mean,docling_rapidocr,deepseek,6,0,0,0,6,0.0,0.0,0.0,0,,,,,94.844576836,1
peru21_2018-01-12_1,50,none,,basic,docling_easyocr,deepseek,6,0,0,0,6,0.0,0.0,0.0,0,,,,,136.903822703,1
peru21_2018-01-12_1,50,none,,basic,docling_rapidocr,deepseek,6,0,0,0,6,0.0,0.0,0.0,0,,,,,94.901385111,1
peru21_2018-01-12_1,50,none,,niblack,docling_easyocr,deepseek,6,0,0,0,6,0.0,0.0,0.0,0,,,,,138.420657625,1
peru21_2018-01-12_1,50,none,,niblack,docling_rapidocr,deepseek,6,0,0,0,6,0.0,0.0,0.0,0,,,,,94.987473717,1
peru21_2018-01-12_1,50,none,,none_color,docling_easyocr,deepseek,6,0,0,0,6,0.0,0.0,0.0,0,,,,,138.431939095,1
peru21_2018-01-12_1,50,none,,none_color,docling_rapidocr,deepseek,6,0,0,0,6,0.0,0.0,0.0,0,,,,,95.689436405,1
peru21_2018-01-12_1,50,none,,none_grayscale,docling_easyocr,deepseek,6,0,0,0,6,0.0,0.0,0.0,0,,,,,140.458235234,1
peru21_2018-01-12_1,50,none,,none_grayscale,docling_rapidocr,deepseek,6,0,0,0,6,0.0,0.0,0.0,0,,,,,95.605472296,1
peru21_2018-01-12_1,50,none,,otsu,docling_easyocr,deepseek,6,0,0,0,6,0.0,0.0,0.0,0,,,,,137.158646937,1
peru21_2018-01-12_1,50,none,,otsu,docling_rapidocr,deepseek,6,1,1,0,5,1.0,0.166667,0.285714,1,1.0,1.0,0.0,0.0,95.114262696,0
peru21_2018-01-12_1,50,none,,yannihorne,docling_easyocr,deepseek,6,0,0,0,6,0.0,0.0,0.0,0,,,,,136.392246838,1
peru21_2018-01-12_1,50,none,,yannihorne,docling_rapidocr,deepseek,6,0,0,0,6,0.0,0.0,0.0,0,,,,,94.311987753,1
peru21_2018-01-12_1,51,none,,adaptive_gaussian,docling_easyocr,deepseek,6,0,0,0,6,0.0,0.0,0.0,0,,,,,52.17023482,1
peru21_2018-01-12_1,51,none,,adaptive_gaussian,docling_rapidocr,deepseek,6,0,0,0,6,0.0,0.0,0.0,0,,,,,8.340876957,1
peru21_2018-01-12_1,51,none,,adaptive_mean,docling_easyocr,deepseek,6,0,0,0,6,0.0,0.0,0.0,0,,,,,53.92310652,1
peru21_2018-01-12_1,51,none,,adaptive_mean,docling_rapidocr,deepseek,6,0,0,0,6,0.0,0.0,0.0,0,,,,,8.83081898,1
peru21_2018-01-12_1,51,none,,basic,docling_easyocr,deepseek,6,0,0,0,6,0.0,0.0,0.0,0,,,,,50.685287844,1
peru21_2018-01-12_1,51,none,,basic,docling_rapidocr,deepseek,6,0,0,0,6,0.0,0.0,0.0,0,,,,,9.136275421,1
peru21_2018-01-12_1,51,none,,niblack,docling_easyocr,deepseek,6,0,0,0,6,0.0,0.0,0.0,0,,,,,52.102949583,1
peru21_2018-01-12_1,51,none,,niblack,docling_rapidocr,deepseek,6,0,0,0,6,0.0,0.0,0.0,0,,,,,8.271565163,1
peru21_2018-01-12_1,51,none,,none_color,docling_easyocr,deepseek,6,0,0,0,6,0.0,0.0,0.0,0,,,,,52.167001709,1
peru21_2018-01-12_1,51,none,,none_color,docling_rapidocr,deepseek,6,4,0,4,6,0.0,0.0,0.0,0,,,,,9.235893235,0
peru21_2018-01-12_1,51,none,,none_grayscale,docling_easyocr,deepseek,6,0,0,0,6,0.0,0.0,0.0,0,,,,,52.025802908,1
peru21_2018-01-12_1,51,none,,none_grayscale,docling_rapidocr,deepseek,6,0,0,0,6,0.0,0.0,0.0,0,,,,,9.064594326,1
peru21_2018-01-12_1,51,none,,otsu,docling_easyocr,deepseek,6,0,0,0,6,0.0,0.0,0.0,0,,,,,50.874120676,1
peru21_2018-01-12_1,51,none,,otsu,docling_rapidocr,deepseek,6,0,0,0,6,0.0,0.0,0.0,0,,,,,8.962378704,1
peru21_2018-01-12_1,51,none,,yannihorne,docling_easyocr,deepseek,6,0,0,0,6,0.0,0.0,0.0,0,,,,,49.793629134,1
peru21_2018-01-12_1,51,none,,yannihorne,docling_rapidocr,deepseek,6,0,0,0,6,0.0,0.0,0.0,0,,,,,7.891022408,1
peru21_2018-01-12_1,52,none,,adaptive_gaussian,docling_easyocr,deepseek,6,0,0,0,6,0.0,0.0,0.0,0,,,,,53.363201956,1
peru21_2018-01-12_1,52,none,,adaptive_gaussian,docling_rapidocr,deepseek,6,0,0,0,6,0.0,0.0,0.0,0,,,,,8.422534088,1
peru21_2018-01-12_1,52,none,,adaptive_mean,docling_easyocr,deepseek,6,0,0,0,6,0.0,0.0,0.0,0,,,,,52.076218819,1
peru21_2018-01-12_1,52,none,,adaptive_mean,docling_rapidocr,deepseek,6,0,0,0,6,0.0,0.0,0.0,0,,,,,8.811881041,1
peru21_2018-01-12_1,52,none,,basic,docling_easyocr,deepseek,6,0,0,0,6,0.0,0.0,0.0,0,,,,,51.108615727,1
peru21_2018-01-12_1,52,none,,basic,docling_rapidocr,deepseek,6,0,0,0,6,0.0,0.0,0.0,0,,,,,8.922752947,1
peru21_2018-01-12_1,52,none,,niblack,docling_easyocr,deepseek,6,0,0,0,6,0.0,0.0,0.0,0,,,,,51.839666695,1
peru21_2018-01-12_1,52,none,,niblack,docling_rapidocr,deepseek,6,0,0,0,6,0.0,0.0,0.0,0,,,,,8.50661096,1
peru21_2018-01-12_1,52,none,,none_color,docling_easyocr,deepseek,6,2,2,0,4,1.0,0.333333,0.5,2,0.9090909090909092,1.0,0.0,0.0,51.74799246,0
peru21_2018-01-12_1,52,none,,none_color,docling_rapidocr,deepseek,6,2,0,2,6,0.0,0.0,0.0,0,,,,,9.088333551,0
peru21_2018-01-12_1,52,none,,none_grayscale,docling_easyocr,deepseek,6,0,0,0,6,0.0,0.0,0.0,0,,,,,51.466709631,1
peru21_2018-01-12_1,52,none,,none_grayscale,docling_rapidocr,deepseek,6,0,0,0,6,0.0,0.0,0.0,0,,,,,9.167407291,1
peru21_2018-01-12_1,52,none,,otsu,docling_easyocr,deepseek,6,0,0,0,6,0.0,0.0,0.0,0,,,,,51.080276651,1
peru21_2018-01-12_1,52,none,,otsu,docling_rapidocr,deepseek,6,0,0,0,6,0.0,0.0,0.0,0,,,,,9.114057941,1
peru21_2018-01-12_1,52,none,,yannihorne,docling_easyocr,deepseek,6,0,0,0,6,0.0,0.0,0.0,0,,,,,49.202318354,1
peru21_2018-01-12_1,52,none,,yannihorne,docling_rapidocr,deepseek,6,0,0,0,6,0.0,0.0,0.0,0,,,,,8.163821383,1
peru21_2018-01-12_1,53,none,,adaptive_gaussian,docling_easyocr,deepseek,6,0,0,0,6,0.0,0.0,0.0,0,,,,,52.640859776,1
peru21_2018-01-12_1,53,none,,adaptive_gaussian,docling_rapidocr,deepseek,6,0,0,0,6,0.0,0.0,0.0,0,,,,,8.51713913,1
peru21_2018-01-12_1,53,none,,adaptive_mean,docling_easyocr,deepseek,6,0,0,0,6,0.0,0.0,0.0,0,,,,,53.406351521,1
peru21_2018-01-12_1,53,none,,adaptive_mean,docling_rapidocr,deepseek,6,0,0,0,6,0.0,0.0,0.0,0,,,,,8.912765934,1
peru21_2018-01-12_1,53,none,,basic,docling_easyocr,deepseek,6,0,0,0,6,0.0,0.0,0.0,0,,,,,52.666229006,1
peru21_2018-01-12_1,53,none,,basic,docling_rapidocr,deepseek,6,0,0,0,6,0.0,0.0,0.0,0,,,,,9.439837452,1
peru21_2018-01-12_1,53,none,,niblack,docling_easyocr,deepseek,6,0,0,0,6,0.0,0.0,0.0,0,,,,,51.551873795,1
peru21_2018-01-12_1,53,none,,niblack,docling_rapidocr,deepseek,6,0,0,0,6,0.0,0.0,0.0,0,,,,,8.225708357,1
peru21_2018-01-12_1,53,none,,none_color,docling_easyocr,deepseek,6,0,0,0,6,0.0,0.0,0.0,0,,,,,52.394829912,1
peru21_2018-01-12_1,53,none,,none_color,docling_rapidocr,deepseek,6,0,0,0,6,0.0,0.0,0.0,0,,,,,8.912339134,1
peru21_2018-01-12_1,53,none,,none_grayscale,docling_easyocr,deepseek,6,0,0,0,6,0.0,0.0,0.0,0,,,,,52.139026566,1
peru21_2018-01-12_1,53,none,,none_grayscale,docling_rapidocr,deepseek,6,0,0,0,6,0.0,0.0,0.0,0,,,,,8.941746397,1
peru21_2018-01-12_1,53,none,,otsu,docling_easyocr,deepseek,6,0,0,0,6,0.0,0.0,0.0,0,,,,,52.861263582,1
peru21_2018-01-12_1,53,none,,otsu,docling_rapidocr,deepseek,6,1,0,1,6,0.0,0.0,0.0,1,0.022727272727272728,0.14285714285714285,1.0,1.0,8.983623812,0
peru21_2018-01-12_1,53,none,,yannihorne,docling_easyocr,deepseek,6,0,0,0,6,0.0,0.0,0.0,0,,,,,48.421377966,1
peru21_2018-01-12_1,53,none,,yannihorne,docling_rapidocr,deepseek,6,0,0,0,6,0.0,0.0,0.0,0,,,,,8.282186815,1
peru21_2019-12-22_1,0,none,,adaptive_gaussian,docling_easyocr,deepseek,7,0,0,0,7,0.0,0.0,0.0,0,,,,,57.943212721,1
peru21_2019-12-22_1,0,none,,adaptive_gaussian,docling_rapidocr,deepseek,7,1,1,0,6,1.0,0.142857,0.25,1,1.101010101010101,1.25,0.0,0.0,10.627578709,0
peru21_2019-12-22_1,0,none,,adaptive_mean,docling_easyocr,deepseek,7,0,0,0,7,0.0,0.0,0.0,0,,,,,55.589679163,1
peru21_2019-12-22_1,0,none,,adaptive_mean,docling_rapidocr,deepseek,7,1,1,0,6,1.0,0.142857,0.25,1,1.3725490196078431,1.4,0.0,0.0,10.268773954,0
peru21_2019-12-22_1,0,none,,basic,docling_easyocr,deepseek,7,1,0,1,7,0.0,0.0,0.0,0,,,,,54.587490046,0
peru21_2019-12-22_1,0,none,,basic,docling_rapidocr,deepseek,7,2,0,2,7,0.0,0.0,0.0,1,0.7,0.8571428571428571,1.0,1.0,11.314846956,0
peru21_2019-12-22_1,0,none,,niblack,docling_easyocr,deepseek,7,0,0,0,7,0.0,0.0,0.0,0,,,,,55.483613518,1
peru21_2019-12-22_1,0,none,,niblack,docling_rapidocr,deepseek,7,0,0,0,7,0.0,0.0,0.0,0,,,,,10.125412014,1
peru21_2019-12-22_1,0,none,,none_color,docling_easyocr,deepseek,7,7,0,7,7,0.0,0.0,0.0,1,0.19607843137254902,0.5,1.0,1.0,55.519058834,0
peru21_2019-12-22_1,0,none,,none_color,docling_rapidocr,deepseek,7,0,0,0,7,0.0,0.0,0.0,0,,,,,11.201296936,1
peru21_2019-12-22_1,0,none,,none_grayscale,docling_easyocr,deepseek,7,1,0,1,7,0.0,0.0,0.0,0,,,,,55.913196528,0
peru21_2019-12-22_1,0,none,,none_grayscale,docling_rapidocr,deepseek,7,0,0,0,7,0.0,0.0,0.0,0,,,,,10.826724493,1
peru21_2019-12-22_1,0,none,,otsu,docling_easyocr,deepseek,7,1,0,1,7,0.0,0.0,0.0,0,,,,,56.677999128,0
peru21_2019-12-22_1,0,none,,otsu,docling_rapidocr,deepseek,7,0,0,0,7,0.0,0.0,0.0,0,,,,,11.204068054,1
peru21_2019-12-22_1,0,none,,yannihorne,docling_easyocr,deepseek,7,0,0,0,7,0.0,0.0,0.0,0,,,,,48.881008019,1
peru21_2019-12-22_1,0,none,,yannihorne,docling_rapidocr,deepseek,7,0,0,0,7,0.0,0.0,0.0,0,,,,,8.371148933,1
peru21_2019-12-22_1,1,none,,adaptive_gaussian,docling_easyocr,deepseek,7,0,0,0,7,0.0,0.0,0.0,0,,,,,57.828138687,1
peru21_2019-12-22_1,1,none,,adaptive_gaussian,docling_rapidocr,deepseek,7,1,1,0,6,1.0,0.142857,0.25,1,0.797979797979798,1.0,0.0,0.0,10.500888683,0
peru21_2019-12-22_1,1,none,,adaptive_mean,docling_easyocr,deepseek,7,0,0,0,7,0.0,0.0,0.0,0,,,,,58.358006523,1
peru21_2019-12-22_1,1,none,,adaptive_mean,docling_rapidocr,deepseek,7,1,1,0,6,1.0,0.142857,0.25,1,1.0909090909090908,1.25,0.0,0.0,10.780404375,0
peru21_2019-12-22_1,1,none,,basic,docling_easyocr,deepseek,7,9,7,2,0,0.777778,1.0,0.875,7,0.9351513251321588,1.0459183673469388,0.0,0.0,54.18408355,0
peru21_2019-12-22_1,1,none,,basic,docling_rapidocr,deepseek,7,1,0,1,7,0.0,0.0,0.0,0,,,,,11.122685997,0
peru21_2019-12-22_1,1,none,,niblack,docling_easyocr,deepseek,7,0,0,0,7,0.0,0.0,0.0,0,,,,,52.681649172,1
peru21_2019-12-22_1,1,none,,niblack,docling_rapidocr,deepseek,7,0,0,0,7,0.0,0.0,0.0,0,,,,,9.712069952,1
peru21_2019-12-22_1,1,none,,none_color,docling_easyocr,deepseek,7,1,0,1,7,0.0,0.0,0.0,0,,,,,55.172890678,0
peru21_2019-12-22_1,1,none,,none_color,docling_rapidocr,deepseek,7,5,0,5,7,0.0,0.0,0.0,2,0.35294117647058826,0.5,1.0,1.0,11.045301691,0
peru21_2019-12-22_1,1,none,,none_grayscale,docling_easyocr,deepseek,7,7,7,0,0,1.0,1.0,1.0,7,1.0212482062513666,1.0841836734693877,0.0,0.0,55.174603788,0
peru21_2019-12-22_1,1,none,,none_grayscale,docling_rapidocr,deepseek,7,1,0,1,7,0.0,0.0,0.0,0,,,,,11.317940084,0
peru21_2019-12-22_1,1,none,,otsu,docling_easyocr,deepseek,7,4,0,4,7,0.0,0.0,0.0,1,0.0,0.0,1.0,1.0,56.990822475,0
peru21_2019-12-22_1,1,none,,otsu,docling_rapidocr,deepseek,7,0,0,0,7,0.0,0.0,0.0,0,,,,,11.435501259,1
peru21_2019-12-22_1,1,none,,yannihorne,docling_easyocr,deepseek,7,0,0,0,7,0.0,0.0,0.0,0,,,,,51.284443611,1
peru21_2019-12-22_1,1,none,,yannihorne,docling_rapidocr,deepseek,7,0,0,0,7,0.0,0.0,0.0,0,,,,,8.738635534,1
peru21_2019-12-22_1,2,none,,adaptive_gaussian,docling_easyocr,deepseek,7,0,0,0,7,0.0,0.0,0.0,0,,,,,55.709134723,1
peru21_2019-12-22_1,2,none,,adaptive_gaussian,docling_rapidocr,deepseek,7,1,1,0,6,1.0,0.142857,0.25,1,0.7878787878787878,1.0,0.0,0.0,10.77297988,0
peru21_2019-12-22_1,2,none,,adaptive_mean,docling_easyocr,deepseek,7,0,0,0,7,0.0,0.0,0.0,0,,,,,57.994541738,1
peru21_2019-12-22_1,2,none,,adaptive_mean,docling_rapidocr,deepseek,7,0,0,0,7,0.0,0.0,0.0,0,,,,,10.42495713,1
peru21_2019-12-22_1,2,none,,basic,docling_easyocr,deepseek,7,6,0,6,7,0.0,0.0,0.0,1,0.0392156862745098,0.3,1.0,1.0,56.285937755,0
peru21_2019-12-22_1,2,none,,basic,docling_rapidocr,deepseek,7,0,0,0,7,0.0,0.0,0.0,0,,,,,10.573560922,1
peru21_2019-12-22_1,2,none,,niblack,docling_easyocr,deepseek,7,0,0,0,7,0.0,0.0,0.0,0,,,,,55.484827457,1
peru21_2019-12-22_1,2,none,,niblack,docling_rapidocr,deepseek,7,0,0,0,7,0.0,0.0,0.0,0,,,,,10.260825572,1
peru21_2019-12-22_1,2,none,,none_color,docling_easyocr,deepseek,7,9,7,2,0,0.777778,1.0,0.875,7,1.0637016235104924,1.1218820861678005,0.0,0.0,55.77063264,0
peru21_2019-12-22_1,2,none,,none_color,docling_rapidocr,deepseek,7,1,0,1,7,0.0,0.0,0.0,0,,,,,11.204271451,0
peru21_2019-12-22_1,2,none,,none_grayscale,docling_easyocr,deepseek,7,9,7,2,0,0.777778,1.0,0.875,7,1.0637016235104924,1.1218820861678005,0.0,0.0,54.944078342,0
peru21_2019-12-22_1,2,none,,none_grayscale,docling_rapidocr,deepseek,7,1,0,1,7,0.0,0.0,0.0,0,,,,,11.08810629,0
peru21_2019-12-22_1,2,none,,otsu,docling_easyocr,deepseek,7,1,0,1,7,0.0,0.0,0.0,0,,,,,57.072338622,0
peru21_2019-12-22_1,2,none,,otsu,docling_rapidocr,deepseek,7,1,0,1,7,0.0,0.0,0.0,0,,,,,10.976735871,0
peru21_2019-12-22_1,2,none,,yannihorne,docling_easyocr,deepseek,7,0,0,0,7,0.0,0.0,0.0,0,,,,,51.06880049,1
peru21_2019-12-22_1,2,none,,yannihorne,docling_rapidocr,deepseek,7,0,0,0,7,0.0,0.0,0.0,0,,,,,8.574239772,1
peru21_2019-12-22_1,3,none,,adaptive_gaussian,docling_easyocr,deepseek,7,0,0,0,7,0.0,0.0,0.0,0,,,,,57.581528995,1
peru21_2019-12-22_1,3,none,,adaptive_gaussian,docling_rapidocr,deepseek,7,1,1,0,6,1.0,0.142857,0.25,1,1.0808080808080809,1.25,0.0,0.0,10.856007907,0
peru21_2019-12-22_1,3,none,,adaptive_mean,docling_easyocr,deepseek,7,0,0,0,7,0.0,0.0,0.0,0,,,,,57.268723601,1
peru21_2019-12-22_1,3,none,,adaptive_mean,docling_rapidocr,deepseek,7,1,1,0,6,1.0,0.142857,0.25,1,1.101010101010101,1.25,0.0,0.0,10.524993772,0
peru21_2019-12-22_1,3,none,,basic,docling_easyocr,deepseek,7,10,7,3,0,0.7,1.0,0.823529,7,0.5791731622417167,0.7408163265306122,0.0,0.0,54.774643815,0
peru21_2019-12-22_1,3,none,,basic,docling_rapidocr,deepseek,7,4,4,0,3,1.0,0.571429,0.727273,4,1.3134853184797692,1.2723214285714286,0.0,0.0,10.723817266,0
peru21_2019-12-22_1,3,none,,niblack,docling_easyocr,deepseek,7,0,0,0,7,0.0,0.0,0.0,0,,,,,54.661398152,1
peru21_2019-12-22_1,3,none,,niblack,docling_rapidocr,deepseek,7,0,0,0,7,0.0,0.0,0.0,0,,,,,9.915342311,1
peru21_2019-12-22_1,3,none,,none_color,docling_easyocr,deepseek,7,14,0,14,7,0.0,0.0,0.0,4,0.12653657616892913,0.2642857142857143,1.0,1.0,57.895035754,0
peru21_2019-12-22_1,3,none,,none_color,docling_rapidocr,deepseek,7,0,0,0,7,0.0,0.0,0.0,0,,,,,11.525180112,1
peru21_2019-12-22_1,3,none,,none_grayscale,docling_easyocr,deepseek,7,8,1,7,6,0.125,0.142857,0.133333,5,0.44354854979341984,0.6406349206349207,0.8,0.8,57.588344895,0
peru21_2019-12-22_1,3,none,,none_grayscale,docling_rapidocr,deepseek,7,0,0,0,7,0.0,0.0,0.0,0,,,,,11.084161365,1
peru21_2019-12-22_1,3,none,,otsu,docling_easyocr,deepseek,7,0,0,0,7,0.0,0.0,0.0,0,,,,,57.504504193,1
peru21_2019-12-22_1,3,none,,otsu,docling_rapidocr,deepseek,7,0,0,0,7,0.0,0.0,0.0,0,,,,,11.13692974,1
peru21_2019-12-22_1,3,none,,yannihorne,docling_easyocr,deepseek,7,0,0,0,7,0.0,0.0,0.0,0,,,,,51.546033372,1
peru21_2019-12-22_1,3,none,,yannihorne,docling_rapidocr,deepseek,7,0,0,0,7,0.0,0.0,0.0,0,,,,,8.841370095,1
peru21_2019-12-22_1,4,none,,adaptive_gaussian,docling_easyocr,deepseek,7,0,0,0,7,0.0,0.0,0.0,0,,,,,57.501532605,1
peru21_2019-12-22_1,4,none,,adaptive_gaussian,docling_rapidocr,deepseek,7,1,1,0,6,1.0,0.142857,0.25,1,0.7647058823529411,1.0,0.0,0.0,11.025857976,0
peru21_2019-12-22_1,4,none,,adaptive_mean,docling_easyocr,deepseek,7,0,0,0,7,0.0,0.0,0.0,0,,,,,57.210230826,1
peru21_2019-12-22_1,4,none,,adaptive_mean,docling_rapidocr,deepseek,7,1,1,0,6,1.0,0.142857,0.25,1,0.7647058823529411,1.0,0.0,0.0,10.571451663,0
peru21_2019-12-22_1,4,none,,basic,docling_easyocr,deepseek,7,2,0,2,7,0.0,0.0,0.0,1,0.0,0.0,1.0,1.0,54.278574031,0
peru21_2019-12-22_1,4,none,,basic,docling_rapidocr,deepseek,7,1,0,1,7,0.0,0.0,0.0,0,,,,,11.342873376,0
peru21_2019-12-22_1,4,none,,niblack,docling_easyocr,deepseek,7,0,0,0,7,0.0,0.0,0.0,0,,,,,56.023597707,1
peru21_2019-12-22_1,4,none,,niblack,docling_rapidocr,deepseek,7,0,0,0,7,0.0,0.0,0.0,0,,,,,10.651407947,1
peru21_2019-12-22_1,4,none,,none_color,docling_easyocr,deepseek,7,0,0,0,7,0.0,0.0,0.0,0,,,,,54.621856896,1
peru21_2019-12-22_1,4,none,,none_color,docling_rapidocr,deepseek,7,1,0,1,7,0.0,0.0,0.0,0,,,,,11.321807353,0
peru21_2019-12-22_1,4,none,,none_grayscale,docling_easyocr,deepseek,7,1,0,1,7,0.0,0.0,0.0,0,,,,,57.138019603,0
peru21_2019-12-22_1,4,none,,none_grayscale,docling_rapidocr,deepseek,7,0,0,0,7,0.0,0.0,0.0,0,,,,,10.905622047,1
peru21_2019-12-22_1,4,none,,otsu,docling_easyocr,deepseek,7,0,0,0,7,0.0,0.0,0.0,0,,,,,54.906332917,1
peru21_2019-12-22_1,4,none,,otsu,docling_rapidocr,deepseek,7,7,0,7,7,0.0,0.0,0.0,4,0.8471736995334807,1.119047619047619,1.0,1.0,11.797769733,0
peru21_2019-12-22_1,4,none,,yannihorne,docling_easyocr,deepseek,7,0,0,0,7,0.0,0.0,0.0,0,,,,,49.084640451,1
peru21_2019-12-22_1,4,none,,yannihorne,docling_rapidocr,deepseek,7,0,0,0,7,0.0,0.0,0.0,0,,,,,8.822577424,1
peru21_2019-12-22_1,5,none,,adaptive_gaussian,docling_easyocr,deepseek,7,0,0,0,7,0.0,0.0,0.0,0,,,,,54.913145448,1
peru21_2019-12-22_1,5,none,,adaptive_gaussian,docling_rapidocr,deepseek,7,1,1,0,6,1.0,0.142857,0.25,1,0.7878787878787878,1.0,0.0,0.0,10.775972749,0
peru21_2019-12-22_1,5,none,,adaptive_mean,docling_easyocr,deepseek,7,0,0,0,7,0.0,0.0,0.0,0,,,,,56.824194285,1
peru21_2019-12-22_1,5,none,,adaptive_mean,docling_rapidocr,deepseek,7,1,1,0,6,1.0,0.142857,0.25,1,1.0909090909090908,1.25,0.0,0.0,9.946291778,0
peru21_2019-12-22_1,5,none,,basic,docling_easyocr,deepseek,7,0,0,0,7,0.0,0.0,0.0,0,,,,,54.87395188,1
peru21_2019-12-22_1,5,none,,basic,docling_rapidocr,deepseek,7,0,0,0,7,0.0,0.0,0.0,0,,,,,10.548436849,1
peru21_2019-12-22_1,5,none,,niblack,docling_easyocr,deepseek,7,0,0,0,7,0.0,0.0,0.0,0,,,,,56.630692441,1
peru21_2019-12-22_1,5,none,,niblack,docling_rapidocr,deepseek,7,0,0,0,7,0.0,0.0,0.0,0,,,,,10.05974384,1
peru21_2019-12-22_1,5,none,,none_color,docling_easyocr,deepseek,7,1,0,1,7,0.0,0.0,0.0,1,0.0,0.0,1.0,1.0,54.912569419,0
peru21_2019-12-22_1,5,none,,none_color,docling_rapidocr,deepseek,7,0,0,0,7,0.0,0.0,0.0,0,,,,,11.453646556,1
peru21_2019-12-22_1,5,none,,none_grayscale,docling_easyocr,deepseek,7,1,0,1,7,0.0,0.0,0.0,1,0.0,0.0,1.0,1.0,55.331092254,0
peru21_2019-12-22_1,5,none,,none_grayscale,docling_rapidocr,deepseek,7,0,0,0,7,0.0,0.0,0.0,0,,,,,10.857831851,1
peru21_2019-12-22_1,5,none,,otsu,docling_easyocr,deepseek,7,0,0,0,7,0.0,0.0,0.0,0,,,,,55.483831208,1
peru21_2019-12-22_1,5,none,,otsu,docling_rapidocr,deepseek,7,7,0,7,7,0.0,0.0,0.0,1,0.6744186046511628,0.8888888888888888,1.0,1.0,11.240079206,0
peru21_2019-12-22_1,5,none,,yannihorne,docling_easyocr,deepseek,7,0,0,0,7,0.0,0.0,0.0,0,,,,,51.096562903,1
peru21_2019-12-22_1,5,none,,yannihorne,docling_rapidocr,deepseek,7,0,0,0,7,0.0,0.0,0.0,0,,,,,8.409886401,1
peru21_2019-12-22_1,6,none,,adaptive_gaussian,docling_easyocr,deepseek,7,0,0,0,7,0.0,0.0,0.0,0,,,,,55.281181504,1
peru21_2019-12-22_1,6,none,,adaptive_gaussian,docling_rapidocr,deepseek,7,0,0,0,7,0.0,0.0,0.0,0,,,,,11.296355893,1
peru21_2019-12-22_1,6,none,,adaptive_mean,docling_easyocr,deepseek,7,0,0,0,7,0.0,0.0,0.0,0,,,,,54.973506972,1
peru21_2019-12-22_1,6,none,,adaptive_mean,docling_rapidocr,deepseek,7,1,1,0,6,1.0,0.142857,0.25,1,0.9090909090909091,1.0,0.0,0.0,10.502301738,0
peru21_2019-12-22_1,6,none,,basic,docling_easyocr,deepseek,7,0,0,0,7,0.0,0.0,0.0,0,,,,,54.145202247,1
peru21_2019-12-22_1,6,none,,basic,docling_rapidocr,deepseek,7,0,0,0,7,0.0,0.0,0.0,0,,,,,10.500211326,1
peru21_2019-12-22_1,6,none,,niblack,docling_easyocr,deepseek,7,0,0,0,7,0.0,0.0,0.0,0,,,,,56.347851644,1
peru21_2019-12-22_1,6,none,,niblack,docling_rapidocr,deepseek,7,0,0,0,7,0.0,0.0,0.0,0,,,,,10.537223468,1
peru21_2019-12-22_1,6,none,,none_color,docling_easyocr,deepseek,7,1,0,1,7,0.0,0.0,0.0,0,,,,,54.975507512,0
peru21_2019-12-22_1,6,none,,none_color,docling_rapidocr,deepseek,7,1,0,1,7,0.0,0.0,0.0,0,,,,,11.535564914,0
peru21_2019-12-22_1,6,none,,none_grayscale,docling_easyocr,deepseek,7,0,0,0,7,0.0,0.0,0.0,0,,,,,55.004993764,1
peru21_2019-12-22_1,6,none,,none_grayscale,docling_rapidocr,deepseek,7,0,0,0,7,0.0,0.0,0.0,0,,,,,11.506342259,1
peru21_2019-12-22_1,6,none,,otsu,docling_easyocr,deepseek,7,0,0,0,7,0.0,0.0,0.0,0,,,,,54.757898086,1
peru21_2019-12-22_1,6,none,,otsu,docling_rapidocr,deepseek,7,1,0,1,7,0.0,0.0,0.0,0,,,,,11.508611672,0
peru21_2019-12-22_1,6,none,,yannihorne,docling_easyocr,deepseek,7,0,0,0,7,0.0,0.0,0.0,0,,,,,50.994469232,1
peru21_2019-12-22_1,6,none,,yannihorne,docling_rapidocr,deepseek,7,0,0,0,7,0.0,0.0,0.0,0,,,,,8.871999091,1
peru21_2019-12-22_1,7,none,,adaptive_gaussian,docling_easyocr,deepseek,7,0,0,0,7,0.0,0.0,0.0,0,,,,,56.82276755,1
peru21_2019-12-22_1,7,none,,adaptive_gaussian,docling_rapidocr,deepseek,7,1,1,0,6,1.0,0.142857,0.25,1,1.0808080808080809,1.25,0.0,0.0,10.683233792,0
peru21_2019-12-22_1,7,none,,adaptive_mean,docling_easyocr,deepseek,7,0,0,0,7,0.0,0.0,0.0,0,,,,,56.635366132,1
peru21_2019-12-22_1,7,none,,adaptive_mean,docling_rapidocr,deepseek,7,1,0,1,7,0.0,0.0,0.0,0,,,,,10.528509309,0
peru21_2019-12-22_1,7,none,,basic,docling_easyocr,deepseek,7,0,0,0,7,0.0,0.0,0.0,0,,,,,54.38186793,1
peru21_2019-12-22_1,7,none,,basic,docling_rapidocr,deepseek,7,0,0,0,7,0.0,0.0,0.0,0,,,,,11.296708867,1
peru21_2019-12-22_1,7,none,,niblack,docling_easyocr,deepseek,7,0,0,0,7,0.0,0.0,0.0,0,,,,,54.671368136,1
peru21_2019-12-22_1,7,none,,niblack,docling_rapidocr,deepseek,7,0,0,0,7,0.0,0.0,0.0,0,,,,,10.376580968,1
peru21_2019-12-22_1,7,none,,none_color,docling_easyocr,deepseek,7,1,1,0,6,1.0,0.142857,0.25,1,1.6923076923076923,1.5714285714285714,1.0,1.0,54.660758395,0
peru21_2019-12-22_1,7,none,,none_color,docling_rapidocr,deepseek,7,0,0,0,7,0.0,0.0,0.0,0,,,,,10.88220777,1
peru21_2019-12-22_1,7,none,,none_grayscale,docling_easyocr,deepseek,7,0,0,0,7,0.0,0.0,0.0,0,,,,,56.770269366,1
peru21_2019-12-22_1,7,none,,none_grayscale,docling_rapidocr,deepseek,7,1,0,1,7,0.0,0.0,0.0,0,,,,,11.012557956,0
peru21_2019-12-22_1,7,none,,otsu,docling_easyocr,deepseek,7,1,0,1,7,0.0,0.0,0.0,0,,,,,56.603234647,0
peru21_2019-12-22_1,7,none,,otsu,docling_rapidocr,deepseek,7,4,0,4,7,0.0,0.0,0.0,2,0.5355392156862745,0.7,1.0,1.0,10.866061805,0
peru21_2019-12-22_1,7,none,,yannihorne,docling_easyocr,deepseek,7,0,0,0,7,0.0,0.0,0.0,0,,,,,49.201957581,1
peru21_2019-12-22_1,7,none,,yannihorne,docling_rapidocr,deepseek,7,0,0,0,7,0.0,0.0,0.0,0,,,,,8.893838761,1
peru21_2019-12-22_1,8,none,,adaptive_gaussian,docling_easyocr,deepseek,7,0,0,0,7,0.0,0.0,0.0,0,,,,,57.485266118,1
peru21_2019-12-22_1,8,none,,adaptive_gaussian,docling_rapidocr,deepseek,7,1,1,0,6,1.0,0.142857,0.25,1,1.2828282828282829,1.25,0.0,0.0,10.136266379,0
peru21_2019-12-22_1,8,none,,adaptive_mean,docling_easyocr,deepseek,7,0,0,0,7,0.0,0.0,0.0,0,,,,,54.818091012,1
peru21_2019-12-22_1,8,none,,adaptive_mean,docling_rapidocr,deepseek,7,0,0,0,7,0.0,0.0,0.0,0,,,,,9.875090218,1
peru21_2019-12-22_1,8,none,,basic,docling_easyocr,deepseek,7,0,0,0,7,0.0,0.0,0.0,0,,,,,53.782352658,1
peru21_2019-12-22_1,8,none,,basic,docling_rapidocr,deepseek,7,0,0,0,7,0.0,0.0,0.0,0,,,,,10.212454768,1
peru21_2019-12-22_1,8,none,,niblack,docling_easyocr,deepseek,7,0,0,0,7,0.0,0.0,0.0,0,,,,,54.448936404,1
peru21_2019-12-22_1,8,none,,niblack,docling_rapidocr,deepseek,7,0,0,0,7,0.0,0.0,0.0,0,,,,,9.76759261,1
peru21_2019-12-22_1,8,none,,none_color,docling_easyocr,deepseek,7,1,0,1,7,0.0,0.0,0.0,0,,,,,54.743031163,0
peru21_2019-12-22_1,8,none,,none_color,docling_rapidocr,deepseek,7,0,0,0,7,0.0,0.0,0.0,0,,,,,10.674344678,1
peru21_2019-12-22_1,8,none,,none_grayscale,docling_easyocr,deepseek,7,1,0,1,7,0.0,0.0,0.0,0,,,,,55.120354314,0
peru21_2019-12-22_1,8,none,,none_grayscale,docling_rapidocr,deepseek,7,0,0,0,7,0.0,0.0,0.0,0,,,,,11.103706498,1
peru21_2019-12-22_1,8,none,,otsu,docling_easyocr,deepseek,7,0,0,0,7,0.0,0.0,0.0,0,,,,,54.449050233,1
peru21_2019-12-22_1,8,none,,otsu,docling_rapidocr,deepseek,7,0,0,0,7,0.0,0.0,0.0,0,,,,,10.920055434,1
peru21_2019-12-22_1,8,none,,yannihorne,docling_easyocr,deepseek,7,0,0,0,7,0.0,0.0,0.0,0,,,,,51.291292474,1
peru21_2019-12-22_1,8,none,,yannihorne,docling_rapidocr,deepseek,7,0,0,0,7,0.0,0.0,0.0,0,,,,,8.26814346,1
peru21_2019-12-22_1,9,none,,adaptive_gaussian,docling_easyocr,deepseek,7,0,0,0,7,0.0,0.0,0.0,0,,,,,57.343170024,1
peru21_2019-12-22_1,9,none,,adaptive_gaussian,docling_rapidocr,deepseek,7,1,1,0,6,1.0,0.142857,0.25,1,0.7878787878787878,1.0,0.0,0.0,10.803169108,0
peru21_2019-12-22_1,9,none,,adaptive_mean,docling_easyocr,deepseek,7,0,0,0,7,0.0,0.0,0.0,0,,,,,57.533958003,1
peru21_2019-12-22_1,9,none,,adaptive_mean,docling_rapidocr,deepseek,7,1,1,0,6,1.0,0.142857,0.25,1,0.898989898989899,1.0,0.0,0.0,10.128452584,0
peru21_2019-12-22_1,9,none,,basic,docling_easyocr,deepseek,7,0,0,0,7,0.0,0.0,0.0,0,,,,,54.317046967,1
peru21_2019-12-22_1,9,none,,basic,docling_rapidocr,deepseek,7,0,0,0,7,0.0,0.0,0.0,0,,,,,11.042236415,1
peru21_2019-12-22_1,9,none,,niblack,docling_easyocr,deepseek,7,0,0,0,7,0.0,0.0,0.0,0,,,,,55.837947808,1
peru21_2019-12-22_1,9,none,,niblack,docling_rapidocr,deepseek,7,0,0,0,7,0.0,0.0,0.0,0,,,,,9.506726943,1
peru21_2019-12-22_1,9,none,,none_color,docling_easyocr,deepseek,7,6,0,6,7,0.0,0.0,0.0,2,0.225,0.42857142857142855,1.0,1.0,57.130210891,0
peru21_2019-12-22_1,9,none,,none_color,docling_rapidocr,deepseek,7,1,0,1,7,0.0,0.0,0.0,0,,,,,11.187865748,0
peru21_2019-12-22_1,9,none,,none_grayscale,docling_easyocr,deepseek,7,6,6,0,1,1.0,0.857143,0.923077,6,0.7079369452127112,0.8511904761904763,0.0,0.0,55.430583802,0
peru21_2019-12-22_1,9,none,,none_grayscale,docling_rapidocr,deepseek,7,0,0,0,7,0.0,0.0,0.0,0,,,,,11.086612788,1
peru21_2019-12-22_1,9,none,,otsu,docling_easyocr,deepseek,7,0,0,0,7,0.0,0.0,0.0,0,,,,,56.105613225,1
peru21_2019-12-22_1,9,none,,otsu,docling_rapidocr,deepseek,7,8,0,8,7,0.0,0.0,0.0,2,0.7859272510435301,1.0158730158730158,1.0,1.0,10.639425271,0
peru21_2019-12-22_1,9,none,,yannihorne,docling_easyocr,deepseek,7,0,0,0,7,0.0,0.0,0.0,0,,,,,51.427262061,1
peru21_2019-12-22_1,9,none,,yannihorne,docling_rapidocr,deepseek,7,0,0,0,7,0.0,0.0,0.0,0,,,,,8.663422339,1
peru21_2019-12-22_1,10,none,,adaptive_gaussian,docling_easyocr,deepseek,7,0,0,0,7,0.0,0.0,0.0,0,,,,,54.636624076,1
peru21_2019-12-22_1,10,none,,adaptive_gaussian,docling_rapidocr,deepseek,7,6,0,6,7,0.0,0.0,0.0,0,,,,,10.683596589,0
peru21_2019-12-22_1,10,none,,adaptive_mean,docling_easyocr,deepseek,7,0,0,0,7,0.0,0.0,0.0,0,,,,,56.586580918,1
peru21_2019-12-22_1,10,none,,adaptive_mean,docling_rapidocr,deepseek,7,1,0,1,7,0.0,0.0,0.0,0,,,,,10.569827245,0
peru21_2019-12-22_1,10,none,,basic,docling_easyocr,deepseek,7,0,0,0,7,0.0,0.0,0.0,0,,,,,54.601715533,1
peru21_2019-12-22_1,10,none,,basic,docling_rapidocr,deepseek,7,0,0,0,7,0.0,0.0,0.0,0,,,,,10.661010711,1
peru21_2019-12-22_1,10,none,,niblack,docling_easyocr,deepseek,7,0,0,0,7,0.0,0.0,0.0,0,,,,,55.249338182,1
peru21_2019-12-22_1,10,none,,niblack,docling_rapidocr,deepseek,7,0,0,0,7,0.0,0.0,0.0,0,,,,,9.748596223,1
peru21_2019-12-22_1,10,none,,none_color,docling_easyocr,deepseek,7,5,1,4,6,0.2,0.142857,0.166667,4,0.3230837789661319,0.3625,0.75,0.75,57.478282348,0
peru21_2019-12-22_1,10,none,,none_color,docling_rapidocr,deepseek,7,1,0,1,7,0.0,0.0,0.0,0,,,,,11.106354133,0
peru21_2019-12-22_1,10,none,,none_grayscale,docling_easyocr,deepseek,7,0,0,0,7,0.0,0.0,0.0,0,,,,,55.05780956,1
peru21_2019-12-22_1,10,none,,none_grayscale,docling_rapidocr,deepseek,7,0,0,0,7,0.0,0.0,0.0,0,,,,,11.0209572,1
peru21_2019-12-22_1,10,none,,otsu,docling_easyocr,deepseek,7,1,1,0,6,1.0,0.142857,0.25,1,0.7647058823529411,1.0,0.0,0.0,56.508763665,0
peru21_2019-12-22_1,10,none,,otsu,docling_rapidocr,deepseek,7,7,0,7,7,0.0,0.0,0.0,2,0.460328317373461,0.5944444444444444,1.0,1.0,10.478214616,0
peru21_2019-12-22_1,10,none,,yannihorne,docling_easyocr,deepseek,7,0,0,0,7,0.0,0.0,0.0,0,,,,,50.746555919,1
peru21_2019-12-22_1,10,none,,yannihorne,docling_rapidocr,deepseek,7,0,0,0,7,0.0,0.0,0.0,0,,,,,8.144265527,1
peru21_2019-12-22_1,11,none,,adaptive_gaussian,docling_easyocr,deepseek,7,0,0,0,7,0.0,0.0,0.0,0,,,,,57.569593501,1
peru21_2019-12-22_1,11,none,,adaptive_gaussian,docling_rapidocr,deepseek,7,1,1,0,6,1.0,0.142857,0.25,1,0.7878787878787878,1.0,0.0,0.0,10.507499766,0
peru21_2019-12-22_1,11,none,,adaptive_mean,docling_easyocr,deepseek,7,0,0,0,7,0.0,0.0,0.0,0,,,,,55.093461057,1
peru21_2019-12-22_1,11,none,,adaptive_mean,docling_rapidocr,deepseek,7,1,1,0,6,1.0,0.142857,0.25,1,0.8888888888888888,1.0,0.0,0.0,10.276359101,0
peru21_2019-12-22_1,11,none,,basic,docling_easyocr,deepseek,7,0,0,0,7,0.0,0.0,0.0,0,,,,,54.179766074,1
peru21_2019-12-22_1,11,none,,basic,docling_rapidocr,deepseek,7,0,0,0,7,0.0,0.0,0.0,0,,,,,10.733909026,1
peru21_2019-12-22_1,11,none,,niblack,docling_easyocr,deepseek,7,0,0,0,7,0.0,0.0,0.0,0,,,,,54.415918361,1
peru21_2019-12-22_1,11,none,,niblack,docling_rapidocr,deepseek,7,0,0,0,7,0.0,0.0,0.0,0,,,,,9.966490041,1
peru21_2019-12-22_1,11,none,,none_color,docling_easyocr,deepseek,7,9,7,2,0,0.777778,1.0,0.875,7,0.8284753840228377,0.9428571428571428,1.0,0.0,57.869558158,0
peru21_2019-12-22_1,11,none,,none_color,docling_rapidocr,deepseek,7,0,0,0,7,0.0,0.0,0.0,0,,,,,10.812393966,1
peru21_2019-12-22_1,11,none,,none_grayscale,docling_easyocr,deepseek,7,9,7,2,0,0.777778,1.0,0.875,7,0.8284753840228377,0.9428571428571428,1.0,0.0,57.545898261,0
peru21_2019-12-22_1,11,none,,none_grayscale,docling_rapidocr,deepseek,7,0,0,0,7,0.0,0.0,0.0,0,,,,,10.548332276,1
peru21_2019-12-22_1,11,none,,otsu,docling_easyocr,deepseek,7,0,0,0,7,0.0,0.0,0.0,0,,,,,54.807308166,1
peru21_2019-12-22_1,11,none,,otsu,docling_rapidocr,deepseek,7,0,0,0,7,0.0,0.0,0.0,0,,,,,10.641988723,1
peru21_2019-12-22_1,11,none,,yannihorne,docling_easyocr,deepseek,7,0,0,0,7,0.0,0.0,0.0,0,,,,,49.890952556,1
peru21_2019-12-22_1,11,none,,yannihorne,docling_rapidocr,deepseek,7,0,0,0,7,0.0,0.0,0.0,0,,,,,8.539808957,1
peru21_2019-12-22_1,12,none,,adaptive_gaussian,docling_easyocr,deepseek,7,0,0,0,7,0.0,0.0,0.0,0,,,,,86.530384513,1
peru21_2019-12-22_1,12,none,,adaptive_gaussian,docling_rapidocr,deepseek,7,1,1,0,6,1.0,0.142857,0.25,1,0.797979797979798,1.0,0.0,0.0,39.786716434,0
peru21_2019-12-22_1,12,none,,adaptive_mean,docling_easyocr,deepseek,7,0,0,0,7,0.0,0.0,0.0,0,,,,,86.911956231,1
peru21_2019-12-22_1,12,none,,adaptive_mean,docling_rapidocr,deepseek,7,1,0,1,7,0.0,0.0,0.0,0,,,,,39.504900376,0
peru21_2019-12-22_1,12,none,,basic,docling_easyocr,deepseek,7,0,0,0,7,0.0,0.0,0.0,0,,,,,86.182931148,1
peru21_2019-12-22_1,12,none,,basic,docling_rapidocr,deepseek,7,0,0,0,7,0.0,0.0,0.0,0,,,,,40.044326745,1
peru21_2019-12-22_1,12,none,,niblack,docling_easyocr,deepseek,7,0,0,0,7,0.0,0.0,0.0,0,,,,,84.39065433,1
peru21_2019-12-22_1,12,none,,niblack,docling_rapidocr,deepseek,7,0,0,0,7,0.0,0.0,0.0,0,,,,,39.400309567,1
peru21_2019-12-22_1,12,none,,none_color,docling_easyocr,deepseek,7,1,1,0,6,1.0,0.142857,0.25,1,1.7179487179487178,1.7142857142857142,1.0,1.0,86.862054,0
peru21_2019-12-22_1,12,none,,none_color,docling_rapidocr,deepseek,7,1,0,1,7,0.0,0.0,0.0,0,,,,,40.602364907,0
peru21_2019-12-22_1,12,none,,none_grayscale,docling_easyocr,deepseek,7,1,0,1,7,0.0,0.0,0.0,0,,,,,86.383249961,0
peru21_2019-12-22_1,12,none,,none_grayscale,docling_rapidocr,deepseek,7,0,0,0,7,0.0,0.0,0.0,0,,,,,40.567285739,1
peru21_2019-12-22_1,12,none,,otsu,docling_easyocr,deepseek,7,1,0,1,7,0.0,0.0,0.0,0,,,,,83.304437434,0
peru21_2019-12-22_1,12,none,,otsu,docling_rapidocr,deepseek,7,8,0,8,7,0.0,0.0,0.0,3,0.8026865785073719,1.0407407407407407,1.0,1.0,39.883295333,0
peru21_2019-12-22_1,12,none,,yannihorne,docling_easyocr,deepseek,7,0,0,0,7,0.0,0.0,0.0,0,,,,,80.238357413,1
peru21_2019-12-22_1,12,none,,yannihorne,docling_rapidocr,deepseek,7,0,0,0,7,0.0,0.0,0.0,0,,,,,37.881145585,1
peru21_2019-12-22_1,13,none,,adaptive_gaussian,docling_easyocr,deepseek,7,0,0,0,7,0.0,0.0,0.0,0,,,,,86.984391927,1
peru21_2019-12-22_1,13,none,,adaptive_gaussian,docling_rapidocr,deepseek,7,1,1,0,6,1.0,0.142857,0.25,1,0.7878787878787878,1.0,0.0,0.0,39.469933509,0
peru21_2019-12-22_1,13,none,,adaptive_mean,docling_easyocr,deepseek,7,0,0,0,7,0.0,0.0,0.0,0,,,,,84.791939683,1
peru21_2019-12-22_1,13,none,,adaptive_mean,docling_rapidocr,deepseek,7,1,1,0,6,1.0,0.142857,0.25,1,1.0909090909090908,1.25,0.0,0.0,40.072314925,0
peru21_2019-12-22_1,13,none,,basic,docling_easyocr,deepseek,7,1,0,1,7,0.0,0.0,0.0,0,,,,,85.311256398,0
peru21_2019-12-22_1,13,none,,basic,docling_rapidocr,deepseek,7,7,7,0,0,1.0,1.0,1.0,7,0.8911620032752222,0.9871882086167801,0.0,0.0,40.333548535,0
peru21_2019-12-22_1,13,none,,niblack,docling_easyocr,deepseek,7,0,0,0,7,0.0,0.0,0.0,0,,,,,81.930788238,1
peru21_2019-12-22_1,13,none,,niblack,docling_rapidocr,deepseek,7,0,0,0,7,0.0,0.0,0.0,0,,,,,39.297812421,1
peru21_2019-12-22_1,13,none,,none_color,docling_easyocr,deepseek,7,1,0,1,7,0.0,0.0,0.0,0,,,,,84.182427562,0
peru21_2019-12-22_1,13,none,,none_color,docling_rapidocr,deepseek,7,1,0,1,7,0.0,0.0,0.0,0,,,,,40.568940318,0
peru21_2019-12-22_1,13,none,,none_grayscale,docling_easyocr,deepseek,7,9,7,2,0,0.777778,1.0,0.875,7,0.9537371847193826,1.0476190476190477,0.0,0.0,83.95492648,0
peru21_2019-12-22_1,13,none,,none_grayscale,docling_rapidocr,deepseek,7,0,0,0,7,0.0,0.0,0.0,0,,,,,39.815642585,1
peru21_2019-12-22_1,13,none,,otsu,docling_easyocr,deepseek,7,0,0,0,7,0.0,0.0,0.0,0,,,,,83.380636039,1
peru21_2019-12-22_1,13,none,,otsu,docling_rapidocr,deepseek,7,1,0,1,7,0.0,0.0,0.0,0,,,,,39.930800262,0
peru21_2019-12-22_1,13,none,,yannihorne,docling_easyocr,deepseek,7,0,0,0,7,0.0,0.0,0.0,0,,,,,78.146093741,1
peru21_2019-12-22_1,13,none,,yannihorne,docling_rapidocr,deepseek,7,0,0,0,7,0.0,0.0,0.0,0,,,,,37.663259402,1
peru21_2019-12-22_1,14,none,,adaptive_gaussian,docling_easyocr,deepseek,7,0,0,0,7,0.0,0.0,0.0,0,,,,,86.872469101,1
peru21_2019-12-22_1,14,none,,adaptive_gaussian,docling_rapidocr,deepseek,7,1,1,0,6,1.0,0.142857,0.25,1,1.0808080808080809,1.25,0.0,0.0,40.362582836,0
peru21_2019-12-22_1,14,none,,adaptive_mean,docling_easyocr,deepseek,7,0,0,0,7,0.0,0.0,0.0,0,,,,,87.394904238,1
peru21_2019-12-22_1,14,none,,adaptive_mean,docling_rapidocr,deepseek,7,1,1,0,6,1.0,0.142857,0.25,1,0.7878787878787878,1.0,0.0,0.0,40.10509668,0
peru21_2019-12-22_1,14,none,,basic,docling_easyocr,deepseek,7,5,0,5,7,0.0,0.0,0.0,0,,,,,83.551716782,0
peru21_2019-12-22_1,14,none,,basic,docling_rapidocr,deepseek,7,0,0,0,7,0.0,0.0,0.0,0,,,,,39.75831864,1
peru21_2019-12-22_1,14,none,,niblack,docling_easyocr,deepseek,7,0,0,0,7,0.0,0.0,0.0,0,,,,,82.243296093,1
peru21_2019-12-22_1,14,none,,niblack,docling_rapidocr,deepseek,7,0,0,0,7,0.0,0.0,0.0,0,,,,,39.573614783,1
peru21_2019-12-22_1,14,none,,none_color,docling_easyocr,deepseek,7,7,7,0,0,1.0,1.0,1.0,7,1.0212016810661066,1.0520408163265307,0.0,0.0,86.661501789,0
peru21_2019-12-22_1,14,none,,none_color,docling_rapidocr,deepseek,7,0,0,0,7,0.0,0.0,0.0,0,,,,,40.627464915,1
peru21_2019-12-22_1,14,none,,none_grayscale,docling_easyocr,deepseek,7,7,7,0,0,1.0,1.0,1.0,7,1.0212016810661066,1.0520408163265307,0.0,0.0,84.253458166,0
peru21_2019-12-22_1,14,none,,none_grayscale,docling_rapidocr,deepseek,7,0,0,0,7,0.0,0.0,0.0,0,,,,,40.555940533,1
peru21_2019-12-22_1,14,none,,otsu,docling_easyocr,deepseek,7,0,0,0,7,0.0,0.0,0.0,0,,,,,83.718193343,1
peru21_2019-12-22_1,14,none,,otsu,docling_rapidocr,deepseek,7,8,7,1,0,0.875,1.0,0.933333,7,0.6744843201132709,0.75578231292517,0.0,0.0,39.997562458,0
peru21_2019-12-22_1,14,none,,yannihorne,docling_easyocr,deepseek,7,0,0,0,7,0.0,0.0,0.0,0,,,,,78.173236897,1
peru21_2019-12-22_1,14,none,,yannihorne,docling_rapidocr,deepseek,7,0,0,0,7,0.0,0.0,0.0,0,,,,,38.038281967,1
peru21_2019-12-22_1,15,none,,adaptive_gaussian,docling_easyocr,deepseek,7,0,0,0,7,0.0,0.0,0.0,0,,,,,56.891000517,1
peru21_2019-12-22_1,15,none,,adaptive_gaussian,docling_rapidocr,deepseek,7,0,0,0,7,0.0,0.0,0.0,0,,,,,8.263731964,1
peru21_2019-12-22_1,15,none,,adaptive_mean,docling_easyocr,deepseek,7,0,0,0,7,0.0,0.0,0.0,0,,,,,56.844329148,1
peru21_2019-12-22_1,15,none,,adaptive_mean,docling_rapidocr,deepseek,7,0,0,0,7,0.0,0.0,0.0,0,,,,,8.693946152,1
peru21_2019-12-22_1,15,none,,basic,docling_easyocr,deepseek,7,0,0,0,7,0.0,0.0,0.0,0,,,,,54.957220791,1
peru21_2019-12-22_1,15,none,,basic,docling_rapidocr,deepseek,7,0,0,0,7,0.0,0.0,0.0,0,,,,,8.477431534,1
peru21_2019-12-22_1,15,none,,niblack,docling_rapidocr,deepseek,7,0,0,0,7,0.0,0.0,0.0,0,,,,,9.322318428,1
peru21_2019-12-22_1,15,none,,none_color,docling_easyocr,deepseek,7,0,0,0,7,0.0,0.0,0.0,0,,,,,56.084809229,1
peru21_2019-12-22_1,15,none,,none_color,docling_rapidocr,deepseek,7,8,0,8,7,0.0,0.0,0.0,2,0.8692408951294428,1.0,1.0,1.0,11.012725279,0
peru21_2019-12-22_1,15,none,,none_grayscale,docling_easyocr,deepseek,7,0,0,0,7,0.0,0.0,0.0,0,,,,,55.067080496,1
peru21_2019-12-22_1,15,none,,none_grayscale,docling_rapidocr,deepseek,7,1,0,1,7,0.0,0.0,0.0,0,,,,,10.709697245,0
peru21_2019-12-22_1,15,none,,otsu,docling_easyocr,deepseek,7,0,0,0,7,0.0,0.0,0.0,0,,,,,58.086331511,1
peru21_2019-12-22_1,15,none,,otsu,docling_rapidocr,deepseek,7,10,0,10,7,0.0,0.0,0.0,4,0.6219991733073128,0.7579365079365079,1.0,1.0,10.533075714,0
peru21_2019-12-22_1,16,none,,adaptive_gaussian,docling_easyocr,deepseek,7,0,0,0,7,0.0,0.0,0.0,0,,,,,51.937965763,1
peru21_2019-12-22_1,16,none,,adaptive_gaussian,docling_rapidocr,deepseek,7,0,0,0,7,0.0,0.0,0.0,0,,,,,8.084056033,1
peru21_2019-12-22_1,16,none,,adaptive_mean,docling_easyocr,deepseek,7,0,0,0,7,0.0,0.0,0.0,0,,,,,51.799271664,1
peru21_2019-12-22_1,16,none,,adaptive_mean,docling_rapidocr,deepseek,7,0,0,0,7,0.0,0.0,0.0,0,,,,,8.147959074,1
peru21_2019-12-22_1,16,none,,basic,docling_easyocr,deepseek,7,0,0,0,7,0.0,0.0,0.0,0,,,,,55.395843151,1
peru21_2019-12-22_1,16,none,,basic,docling_rapidocr,deepseek,7,8,1,7,6,0.125,0.142857,0.133333,5,0.835274735144776,1.015277777777778,0.8,0.8,10.468549612,0
peru21_2019-12-22_1,16,none,,niblack,docling_easyocr,deepseek,7,0,0,0,7,0.0,0.0,0.0,0,,,,,48.480110188,1
peru21_2019-12-22_1,16,none,,niblack,docling_rapidocr,deepseek,7,0,0,0,7,0.0,0.0,0.0,0,,,,,9.323492546,1
peru21_2019-12-22_1,16,none,,none_color,docling_easyocr,deepseek,7,0,0,0,7,0.0,0.0,0.0,0,,,,,55.347626021,1
peru21_2019-12-22_1,16,none,,none_color,docling_rapidocr,deepseek,7,1,1,0,6,1.0,0.142857,0.25,1,1.2626262626262625,1.1875,0.0,0.0,10.890612175,0
peru21_2019-12-22_1,16,none,,none_grayscale,docling_easyocr,deepseek,7,0,0,0,7,0.0,0.0,0.0,0,,,,,55.661723975,1
peru21_2019-12-22_1,16,none,,none_grayscale,docling_rapidocr,deepseek,7,0,0,0,7,0.0,0.0,0.0,0,,,,,10.477168444,1
peru21_2019-12-22_1,16,none,,otsu,docling_easyocr,deepseek,7,0,0,0,7,0.0,0.0,0.0,0,,,,,57.25648716,1
peru21_2019-12-22_1,16,none,,otsu,docling_rapidocr,deepseek,7,0,0,0,7,0.0,0.0,0.0,0,,,,,9.999152928,1
peru21_2019-12-22_1,17,none,,adaptive_gaussian,docling_easyocr,deepseek,7,0,0,0,7,0.0,0.0,0.0,0,,,,,56.128362477,1
peru21_2019-12-22_1,17,none,,adaptive_gaussian,docling_rapidocr,deepseek,7,0,0,0,7,0.0,0.0,0.0,0,,,,,8.205366194,1
peru21_2019-12-22_1,17,none,,adaptive_mean,docling_easyocr,deepseek,7,0,0,0,7,0.0,0.0,0.0,0,,,,,56.255591877,1
peru21_2019-12-22_1,17,none,,adaptive_mean,docling_rapidocr,deepseek,7,0,0,0,7,0.0,0.0,0.0,0,,,,,8.141103037,1
peru21_2019-12-22_1,17,none,,basic,docling_easyocr,deepseek,7,0,0,0,7,0.0,0.0,0.0,0,,,,,54.229505661,1
peru21_2019-12-22_1,17,none,,basic,docling_rapidocr,deepseek,7,0,0,0,7,0.0,0.0,0.0,0,,,,,8.421056393,1
peru21_2019-12-22_1,17,none,,niblack,docling_easyocr,deepseek,7,0,0,0,7,0.0,0.0,0.0,0,,,,,50.516509936,1
peru21_2019-12-22_1,17,none,,niblack,docling_rapidocr,deepseek,7,0,0,0,7,0.0,0.0,0.0,0,,,,,9.456074164,1
peru21_2019-12-22_1,17,none,,none_color,docling_easyocr,deepseek,7,0,0,0,7,0.0,0.0,0.0,0,,,,,58.340150883,1
peru21_2019-12-22_1,17,none,,none_color,docling_rapidocr,deepseek,7,1,1,0,6,1.0,0.142857,0.25,1,0.7647058823529411,1.0,0.0,0.0,11.149250557,0
peru21_2019-12-22_1,17,none,,none_grayscale,docling_easyocr,deepseek,7,0,0,0,7,0.0,0.0,0.0,0,,,,,55.720645716,1
peru21_2019-12-22_1,17,none,,none_grayscale,docling_rapidocr,deepseek,7,11,7,4,0,0.636364,1.0,0.777778,7,0.8518607881949206,0.9433106575963718,0.0,0.0,10.473217537,0
peru21_2019-12-22_1,17,none,,otsu,docling_easyocr,deepseek,7,0,0,0,7,0.0,0.0,0.0,0,,,,,56.054603295,1
peru21_2019-12-22_1,17,none,,otsu,docling_rapidocr,deepseek,7,0,0,0,7,0.0,0.0,0.0,0,,,,,10.385647492,1
peru21_2019-12-22_1,18,none,,adaptive_gaussian,docling_easyocr,deepseek,7,0,0,0,7,0.0,0.0,0.0,0,,,,,50.528582302,1
peru21_2019-12-22_1,18,none,,adaptive_gaussian,docling_rapidocr,deepseek,7,0,0,0,7,0.0,0.0,0.0,0,,,,,8.684806553,1
peru21_2019-12-22_1,18,none,,adaptive_mean,docling_easyocr,deepseek,7,0,0,0,7,0.0,0.0,0.0,0,,,,,49.088815201,1
peru21_2019-12-22_1,18,none,,adaptive_mean,docling_rapidocr,deepseek,7,0,0,0,7,0.0,0.0,0.0,0,,,,,9.640383471,1
peru21_2019-12-22_1,18,none,,basic,docling_easyocr,deepseek,7,0,0,0,7,0.0,0.0,0.0,0,,,,,48.995545657,1
peru21_2019-12-22_1,18,none,,basic,docling_rapidocr,deepseek,7,0,0,0,7,0.0,0.0,0.0,0,,,,,8.243209393,1
peru21_2019-12-22_1,18,none,,niblack,docling_easyocr,deepseek,7,0,0,0,7,0.0,0.0,0.0,0,,,,,51.569431109,1
peru21_2019-12-22_1,18,none,,otsu,docling_easyocr,deepseek,7,0,0,0,7,0.0,0.0,0.0,0,,,,,50.770428999,1
peru21_2019-12-22_1,18,none,,otsu,docling_rapidocr,deepseek,7,0,0,0,7,0.0,0.0,0.0,0,,,,,8.569836481,1
peru21_2019-12-22_1,18,none,,yannihorne,docling_easyocr,deepseek,7,0,0,0,7,0.0,0.0,0.0,0,,,,,48.656295403,1
peru21_2019-12-22_1,18,none,,yannihorne,docling_rapidocr,deepseek,7,0,0,0,7,0.0,0.0,0.0,0,,,,,8.820460184,1
peru21_2019-12-22_1,19,none,,adaptive_gaussian,docling_easyocr,deepseek,7,0,0,0,7,0.0,0.0,0.0,0,,,,,49.306104536,1
peru21_2019-12-22_1,19,none,,adaptive_gaussian,docling_rapidocr,deepseek,7,0,0,0,7,0.0,0.0,0.0,0,,,,,8.764541025,1
peru21_2019-12-22_1,19,none,,adaptive_mean,docling_easyocr,deepseek,7,0,0,0,7,0.0,0.0,0.0,0,,,,,51.534909073,1
peru21_2019-12-22_1,19,none,,adaptive_mean,docling_rapidocr,deepseek,7,0,0,0,7,0.0,0.0,0.0,0,,,,,10.463495079,1
peru21_2019-12-22_1,19,none,,basic,docling_easyocr,deepseek,7,0,0,0,7,0.0,0.0,0.0,0,,,,,49.3125059,1
peru21_2019-12-22_1,19,none,,basic,docling_rapidocr,deepseek,7,0,0,0,7,0.0,0.0,0.0,0,,,,,8.329456507,1
peru21_2019-12-22_1,19,none,,niblack,docling_easyocr,deepseek,7,0,0,0,7,0.0,0.0,0.0,0,,,,,49.750125494,1
peru21_2019-12-22_1,19,none,,none_color,docling_easyocr,deepseek,7,0,0,0,7,0.0,0.0,0.0,0,,,,,52.579549179,1
peru21_2019-12-22_1,19,none,,none_grayscale,docling_easyocr,deepseek,7,0,0,0,7,0.0,0.0,0.0,0,,,,,50.479104386,1
peru21_2019-12-22_1,19,none,,otsu,docling_easyocr,deepseek,7,0,0,0,7,0.0,0.0,0.0,0,,,,,51.270623385,1
peru21_2019-12-22_1,19,none,,otsu,docling_rapidocr,deepseek,7,0,0,0,7,0.0,0.0,0.0,0,,,,,8.881143748,1
peru21_2019-12-22_1,19,none,,yannihorne,docling_easyocr,deepseek,7,0,0,0,7,0.0,0.0,0.0,0,,,,,50.748612654,1
peru21_2019-12-22_1,19,none,,yannihorne,docling_rapidocr,deepseek,7,0,0,0,7,0.0,0.0,0.0,0,,,,,8.722750914,1
peru21_2019-12-22_1,20,none,,adaptive_gaussian,docling_easyocr,deepseek,7,0,0,0,7,0.0,0.0,0.0,0,,,,,50.956522393,1
peru21_2019-12-22_1,20,none,,adaptive_gaussian,docling_rapidocr,deepseek,7,0,0,0,7,0.0,0.0,0.0,0,,,,,8.229807305,1
peru21_2019-12-22_1,20,none,,adaptive_mean,docling_easyocr,deepseek,7,0,0,0,7,0.0,0.0,0.0,0,,,,,51.609776923,1
peru21_2019-12-22_1,20,none,,adaptive_mean,docling_rapidocr,deepseek,7,0,0,0,7,0.0,0.0,0.0,0,,,,,9.557926604,1
peru21_2019-12-22_1,20,none,,basic,docling_easyocr,deepseek,7,0,0,0,7,0.0,0.0,0.0,0,,,,,49.174135987,1
peru21_2019-12-22_1,20,none,,basic,docling_rapidocr,deepseek,7,0,0,0,7,0.0,0.0,0.0,0,,,,,8.352879587,1
peru21_2019-12-22_1,20,none,,niblack,docling_easyocr,deepseek,7,0,0,0,7,0.0,0.0,0.0,0,,,,,52.160231997,1
peru21_2019-12-22_1,20,none,,otsu,docling_easyocr,deepseek,7,0,0,0,7,0.0,0.0,0.0,0,,,,,50.810067313,1
peru21_2019-12-22_1,20,none,,otsu,docling_rapidocr,deepseek,7,0,0,0,7,0.0,0.0,0.0,0,,,,,8.04776253,1
peru21_2019-12-22_1,20,none,,yannihorne,docling_easyocr,deepseek,7,0,0,0,7,0.0,0.0,0.0,0,,,,,50.672759669,1
peru21_2019-12-22_1,20,none,,yannihorne,docling_rapidocr,deepseek,7,0,0,0,7,0.0,0.0,0.0,0,,,,,8.310921805,1
peru21_2019-12-22_1,21,none,,adaptive_gaussian,docling_easyocr,deepseek,7,0,0,0,7,0.0,0.0,0.0,0,,,,,137.06019356,1
peru21_2019-12-22_1,21,none,,adaptive_gaussian,docling_rapidocr,deepseek,7,1,1,0,6,1.0,0.142857,0.25,1,1.101010101010101,1.25,0.0,0.0,92.624537251,0
peru21_2019-12-22_1,21,none,,adaptive_mean,docling_easyocr,deepseek,7,0,0,0,7,0.0,0.0,0.0,0,,,,,139.093284815,1
peru21_2019-12-22_1,21,none,,adaptive_mean,docling_rapidocr,deepseek,7,1,1,0,6,1.0,0.142857,0.25,1,1.1616161616161615,1.25,0.0,0.0,92.047118395,0
peru21_2019-12-22_1,21,none,,basic,docling_easyocr,deepseek,7,6,6,0,1,1.0,0.857143,0.923077,6,0.5919191302492801,0.6934523809523809,0.0,0.0,137.658040369,0
peru21_2019-12-22_1,21,none,,basic,docling_rapidocr,deepseek,7,1,0,1,7,0.0,0.0,0.0,0,,,,,92.917955721,0
peru21_2019-12-22_1,21,none,,niblack,docling_easyocr,deepseek,7,0,0,0,7,0.0,0.0,0.0,0,,,,,135.019831868,1
peru21_2019-12-22_1,21,none,,niblack,docling_rapidocr,deepseek,7,0,0,0,7,0.0,0.0,0.0,0,,,,,91.665819378,1
peru21_2019-12-22_1,21,none,,none_color,docling_easyocr,deepseek,7,12,7,5,0,0.583333,1.0,0.736842,7,0.6182304797532064,0.696938775510204,0.0,0.0,139.461452496,0
peru21_2019-12-22_1,21,none,,none_color,docling_rapidocr,deepseek,7,0,0,0,7,0.0,0.0,0.0,0,,,,,92.972764742,1
peru21_2019-12-22_1,21,none,,none_grayscale,docling_easyocr,deepseek,7,12,7,5,0,0.583333,1.0,0.736842,7,0.6182304797532064,0.696938775510204,0.0,0.0,137.489049446,0
peru21_2019-12-22_1,21,none,,none_grayscale,docling_rapidocr,deepseek,7,0,0,0,7,0.0,0.0,0.0,0,,,,,92.550551426,1
peru21_2019-12-22_1,21,none,,otsu,docling_easyocr,deepseek,7,0,0,0,7,0.0,0.0,0.0,0,,,,,138.522056498,1
peru21_2019-12-22_1,21,none,,otsu,docling_rapidocr,deepseek,7,0,0,0,7,0.0,0.0,0.0,0,,,,,92.673727192,1
peru21_2019-12-22_1,21,none,,yannihorne,docling_easyocr,deepseek,7,0,0,0,7,0.0,0.0,0.0,0,,,,,131.1382486,1
peru21_2019-12-22_1,21,none,,yannihorne,docling_rapidocr,deepseek,7,0,0,0,7,0.0,0.0,0.0,0,,,,,90.007269539,1
peru21_2019-12-22_1,22,none,,adaptive_gaussian,docling_easyocr,deepseek,7,0,0,0,7,0.0,0.0,0.0,0,,,,,139.006044724,1
peru21_2019-12-22_1,22,none,,adaptive_gaussian,docling_rapidocr,deepseek,7,1,1,0,6,1.0,0.142857,0.25,1,0.7647058823529411,1.0,0.0,0.0,91.544524052,0
peru21_2019-12-22_1,22,none,,adaptive_mean,docling_easyocr,deepseek,7,0,0,0,7,0.0,0.0,0.0,0,,,,,138.88634877,1
peru21_2019-12-22_1,22,none,,adaptive_mean,docling_rapidocr,deepseek,7,1,1,0,6,1.0,0.142857,0.25,1,1.2323232323232323,1.25,0.0,0.0,91.796965406,0
peru21_2019-12-22_1,22,none,,basic,docling_easyocr,deepseek,7,0,0,0,7,0.0,0.0,0.0,0,,,,,136.718477409,1
peru21_2019-12-22_1,22,none,,basic,docling_rapidocr,deepseek,7,0,0,0,7,0.0,0.0,0.0,0,,,,,92.019592445,1
peru21_2019-12-22_1,22,none,,niblack,docling_easyocr,deepseek,7,0,0,0,7,0.0,0.0,0.0,0,,,,,134.970926954,1
peru21_2019-12-22_1,22,none,,niblack,docling_rapidocr,deepseek,7,0,0,0,7,0.0,0.0,0.0,0,,,,,90.870606615,1
peru21_2019-12-22_1,22,none,,none_color,docling_easyocr,deepseek,7,6,6,0,1,1.0,0.857143,0.923077,6,0.6838260986571649,0.7270171957671957,0.0,0.0,138.932916491,0
peru21_2019-12-22_1,22,none,,none_color,docling_rapidocr,deepseek,7,0,0,0,7,0.0,0.0,0.0,0,,,,,92.541559546,1
peru21_2019-12-22_1,22,none,,none_grayscale,docling_easyocr,deepseek,7,6,6,0,1,1.0,0.857143,0.923077,6,0.6838260986571649,0.7270171957671957,0.0,0.0,136.827621071,0
peru21_2019-12-22_1,22,none,,none_grayscale,docling_rapidocr,deepseek,7,0,0,0,7,0.0,0.0,0.0,0,,,,,92.448761074,1
peru21_2019-12-22_1,22,none,,otsu,docling_easyocr,deepseek,7,0,0,0,7,0.0,0.0,0.0,0,,,,,136.882046932,1
peru21_2019-12-22_1,22,none,,otsu,docling_rapidocr,deepseek,7,0,0,0,7,0.0,0.0,0.0,0,,,,,91.980311865,1
peru21_2019-12-22_1,22,none,,yannihorne,docling_easyocr,deepseek,7,0,0,0,7,0.0,0.0,0.0,0,,,,,132.956387753,1
peru21_2019-12-22_1,22,none,,yannihorne,docling_rapidocr,deepseek,7,0,0,0,7,0.0,0.0,0.0,0,,,,,89.797888273,1
peru21_2019-12-22_1,23,none,,adaptive_gaussian,docling_easyocr,deepseek,7,0,0,0,7,0.0,0.0,0.0,0,,,,,137.215060989,1
peru21_2019-12-22_1,23,none,,adaptive_gaussian,docling_rapidocr,deepseek,7,1,1,0,6,1.0,0.142857,0.25,1,1.101010101010101,1.25,0.0,0.0,91.639781515,0
peru21_2019-12-22_1,23,none,,adaptive_mean,docling_easyocr,deepseek,7,0,0,0,7,0.0,0.0,0.0,0,,,,,138.64934944,1
peru21_2019-12-22_1,23,none,,adaptive_mean,docling_rapidocr,deepseek,7,1,1,0,6,1.0,0.142857,0.25,1,0.7878787878787878,1.0,0.0,0.0,91.361531008,0
peru21_2019-12-22_1,23,none,,basic,docling_easyocr,deepseek,7,0,0,0,7,0.0,0.0,0.0,0,,,,,136.322613342,1
peru21_2019-12-22_1,23,none,,basic,docling_rapidocr,deepseek,7,1,0,1,7,0.0,0.0,0.0,0,,,,,91.941749437,0
peru21_2019-12-22_1,23,none,,niblack,docling_easyocr,deepseek,7,0,0,0,7,0.0,0.0,0.0,0,,,,,136.489692347,1
peru21_2019-12-22_1,23,none,,niblack,docling_rapidocr,deepseek,7,0,0,0,7,0.0,0.0,0.0,0,,,,,91.10510935,1
peru21_2019-12-22_1,23,none,,none_color,docling_easyocr,deepseek,7,1,1,0,6,1.0,0.142857,0.25,1,0.0,0.0,0.0,0.0,137.061732084,0
peru21_2019-12-22_1,23,none,,none_color,docling_rapidocr,deepseek,7,0,0,0,7,0.0,0.0,0.0,0,,,,,91.967469007,1
peru21_2019-12-22_1,23,none,,none_grayscale,docling_easyocr,deepseek,7,8,7,1,0,0.875,1.0,0.933333,7,0.5488815280513135,0.6612244897959183,0.0,0.0,137.394899876,0
peru21_2019-12-22_1,23,none,,none_grayscale,docling_rapidocr,deepseek,7,0,0,0,7,0.0,0.0,0.0,0,,,,,92.222446472,1
peru21_2019-12-22_1,23,none,,otsu,docling_easyocr,deepseek,7,4,4,0,3,1.0,0.571429,0.727273,4,0.7946510686826325,0.8214285714285714,0.0,0.0,137.420480427,0
peru21_2019-12-22_1,23,none,,otsu,docling_rapidocr,deepseek,7,1,0,1,7,0.0,0.0,0.0,0,,,,,92.044586834,0
peru21_2019-12-22_1,23,none,,yannihorne,docling_easyocr,deepseek,7,0,0,0,7,0.0,0.0,0.0,0,,,,,131.164765772,1
peru21_2019-12-22_1,23,none,,yannihorne,docling_rapidocr,deepseek,7,0,0,0,7,0.0,0.0,0.0,0,,,,,89.509505209,1
peru21_2019-12-22_1,24,none,,adaptive_gaussian,docling_easyocr,deepseek,7,0,0,0,7,0.0,0.0,0.0,0,,,,,55.392435305,1
peru21_2019-12-22_1,24,none,,adaptive_gaussian,docling_rapidocr,deepseek,7,1,1,0,6,1.0,0.142857,0.25,1,1.3333333333333333,1.25,0.0,0.0,10.525157682,0
peru21_2019-12-22_1,24,none,,adaptive_mean,docling_easyocr,deepseek,7,0,0,0,7,0.0,0.0,0.0,0,,,,,55.981497063,1
peru21_2019-12-22_1,24,none,,adaptive_mean,docling_rapidocr,deepseek,7,1,1,0,6,1.0,0.142857,0.25,1,1.0909090909090908,1.25,0.0,0.0,10.061473383,0
peru21_2019-12-22_1,24,none,,basic,docling_easyocr,deepseek,7,1,1,0,6,1.0,0.142857,0.25,1,0.7647058823529411,1.0,0.0,0.0,56.636037882,0
peru21_2019-12-22_1,24,none,,basic,docling_rapidocr,deepseek,7,1,0,1,7,0.0,0.0,0.0,0,,,,,10.854447897,0
peru21_2019-12-22_1,24,none,,niblack,docling_easyocr,deepseek,7,0,0,0,7,0.0,0.0,0.0,0,,,,,55.042937346,1
peru21_2019-12-22_1,24,none,,niblack,docling_rapidocr,deepseek,7,0,0,0,7,0.0,0.0,0.0,0,,,,,9.809376068,1
peru21_2019-12-22_1,24,none,,none_color,docling_easyocr,deepseek,7,1,0,1,7,0.0,0.0,0.0,0,,,,,57.684005243,0
peru21_2019-12-22_1,24,none,,none_color,docling_rapidocr,deepseek,7,1,0,1,7,0.0,0.0,0.0,0,,,,,10.517484648,0
peru21_2019-12-22_1,24,none,,none_grayscale,docling_easyocr,deepseek,7,4,4,0,3,1.0,0.571429,0.727273,4,1.075792712189771,1.2142857142857144,0.0,0.0,57.311358269,0
peru21_2019-12-22_1,24,none,,none_grayscale,docling_rapidocr,deepseek,7,1,0,1,7,0.0,0.0,0.0,0,,,,,10.491352613,0
peru21_2019-12-22_1,24,none,,otsu,docling_easyocr,deepseek,7,1,0,1,7,0.0,0.0,0.0,0,,,,,54.62889739,0
peru21_2019-12-22_1,24,none,,otsu,docling_rapidocr,deepseek,7,1,0,1,7,0.0,0.0,0.0,0,,,,,11.199789248,0
peru21_2019-12-22_1,24,none,,yannihorne,docling_easyocr,deepseek,7,0,0,0,7,0.0,0.0,0.0,0,,,,,49.019192419,1
peru21_2019-12-22_1,24,none,,yannihorne,docling_rapidocr,deepseek,7,0,0,0,7,0.0,0.0,0.0,0,,,,,8.040626726,1
peru21_2019-12-22_1,25,none,,adaptive_gaussian,docling_easyocr,deepseek,7,0,0,0,7,0.0,0.0,0.0,0,,,,,56.026322317,1
peru21_2019-12-22_1,25,none,,adaptive_gaussian,docling_rapidocr,deepseek,7,0,0,0,7,0.0,0.0,0.0,0,,,,,10.511276913,1
peru21_2019-12-22_1,25,none,,adaptive_mean,docling_easyocr,deepseek,7,0,0,0,7,0.0,0.0,0.0,0,,,,,56.751847717,1
peru21_2019-12-22_1,25,none,,adaptive_mean,docling_rapidocr,deepseek,7,0,0,0,7,0.0,0.0,0.0,0,,,,,10.246649,1
peru21_2019-12-22_1,25,none,,basic,docling_easyocr,deepseek,7,4,0,4,7,0.0,0.0,0.0,0,,,,,56.759029881,0
peru21_2019-12-22_1,25,none,,basic,docling_rapidocr,deepseek,7,1,0,1,7,0.0,0.0,0.0,0,,,,,10.750957027,0
peru21_2019-12-22_1,25,none,,niblack,docling_easyocr,deepseek,7,0,0,0,7,0.0,0.0,0.0,0,,,,,52.225036503,1
peru21_2019-12-22_1,25,none,,niblack,docling_rapidocr,deepseek,7,0,0,0,7,0.0,0.0,0.0,0,,,,,9.328678967,1
peru21_2019-12-22_1,25,none,,none_color,docling_easyocr,deepseek,7,1,0,1,7,0.0,0.0,0.0,0,,,,,57.155060472,0
peru21_2019-12-22_1,25,none,,none_color,docling_rapidocr,deepseek,7,0,0,0,7,0.0,0.0,0.0,0,,,,,10.602721395,1
peru21_2019-12-22_1,25,none,,none_grayscale,docling_easyocr,deepseek,7,1,0,1,7,0.0,0.0,0.0,0,,,,,57.021625534,0
peru21_2019-12-22_1,25,none,,none_grayscale,docling_rapidocr,deepseek,7,1,0,1,7,0.0,0.0,0.0,0,,,,,10.958513752,0
peru21_2019-12-22_1,25,none,,otsu,docling_easyocr,deepseek,7,6,6,0,1,1.0,0.857143,0.923077,6,0.9284462042178149,1.0,0.0,0.0,54.290188234,0
peru21_2019-12-22_1,25,none,,otsu,docling_rapidocr,deepseek,7,0,0,0,7,0.0,0.0,0.0,0,,,,,10.417856138,1
peru21_2019-12-22_1,25,none,,yannihorne,docling_easyocr,deepseek,7,0,0,0,7,0.0,0.0,0.0,0,,,,,50.619557064,1
peru21_2019-12-22_1,25,none,,yannihorne,docling_rapidocr,deepseek,7,0,0,0,7,0.0,0.0,0.0,0,,,,,8.372628611,1
peru21_2019-12-22_1,26,none,,adaptive_gaussian,docling_easyocr,deepseek,7,0,0,0,7,0.0,0.0,0.0,0,,,,,58.154750258,1
peru21_2019-12-22_1,26,none,,adaptive_gaussian,docling_rapidocr,deepseek,7,1,1,0,6,1.0,0.142857,0.25,1,0.797979797979798,1.0,0.0,0.0,10.292788178,0
peru21_2019-12-22_1,26,none,,adaptive_mean,docling_easyocr,deepseek,7,0,0,0,7,0.0,0.0,0.0,0,,,,,58.329950503,1
peru21_2019-12-22_1,26,none,,adaptive_mean,docling_rapidocr,deepseek,7,1,1,0,6,1.0,0.142857,0.25,1,0.7878787878787878,1.0,0.0,0.0,10.800944022,0
peru21_2019-12-22_1,26,none,,basic,docling_easyocr,deepseek,7,1,0,1,7,0.0,0.0,0.0,0,,,,,54.465544198,0
peru21_2019-12-22_1,26,none,,basic,docling_rapidocr,deepseek,7,1,0,1,7,0.0,0.0,0.0,0,,,,,11.394113515,0
peru21_2019-12-22_1,26,none,,niblack,docling_easyocr,deepseek,7,0,0,0,7,0.0,0.0,0.0,0,,,,,55.036470637,1
peru21_2019-12-22_1,26,none,,niblack,docling_rapidocr,deepseek,7,0,0,0,7,0.0,0.0,0.0,0,,,,,10.001181111,1
peru21_2019-12-22_1,26,none,,none_color,docling_easyocr,deepseek,7,1,0,1,7,0.0,0.0,0.0,0,,,,,55.551302812,0
peru21_2019-12-22_1,26,none,,none_color,docling_rapidocr,deepseek,7,6,1,5,6,0.166667,0.142857,0.153846,1,1.2626262626262625,1.1875,0.0,0.0,11.273952624,0
peru21_2019-12-22_1,26,none,,none_grayscale,docling_easyocr,deepseek,7,1,0,1,7,0.0,0.0,0.0,0,,,,,57.366485021,0
peru21_2019-12-22_1,26,none,,none_grayscale,docling_rapidocr,deepseek,7,6,1,5,6,0.166667,0.142857,0.153846,1,1.2626262626262625,1.1875,0.0,0.0,11.168696305,0
peru21_2019-12-22_1,26,none,,otsu,docling_easyocr,deepseek,7,6,6,0,1,1.0,0.857143,0.923077,6,1.096620220069476,1.1183862433862435,0.0,0.0,54.489926623,0
peru21_2019-12-22_1,26,none,,otsu,docling_rapidocr,deepseek,7,0,0,0,7,0.0,0.0,0.0,0,,,,,10.754151391,1
peru21_2019-12-22_1,26,none,,yannihorne,docling_easyocr,deepseek,7,0,0,0,7,0.0,0.0,0.0,0,,,,,50.677028464,1
peru21_2019-12-22_1,26,none,,yannihorne,docling_rapidocr,deepseek,7,0,0,0,7,0.0,0.0,0.0,0,,,,,8.497845935,1
peru21_2019-12-22_1,27,none,,adaptive_gaussian,docling_easyocr,deepseek,7,0,0,0,7,0.0,0.0,0.0,0,,,,,55.362017545,1
peru21_2019-12-22_1,27,none,,adaptive_gaussian,docling_rapidocr,deepseek,7,1,1,0,6,1.0,0.142857,0.25,1,0.7647058823529411,1.0,0.0,0.0,10.471634301,0
peru21_2019-12-22_1,27,none,,adaptive_mean,docling_easyocr,deepseek,7,0,0,0,7,0.0,0.0,0.0,0,,,,,58.485991723,1
peru21_2019-12-22_1,27,none,,adaptive_mean,docling_rapidocr,deepseek,7,1,1,0,6,1.0,0.142857,0.25,1,1.0,1.0,0.0,0.0,9.76287008,0
peru21_2019-12-22_1,27,none,,basic,docling_easyocr,deepseek,7,1,0,1,7,0.0,0.0,0.0,0,,,,,53.797321296,0
peru21_2019-12-22_1,27,none,,basic,docling_rapidocr,deepseek,7,1,0,1,7,0.0,0.0,0.0,0,,,,,11.075581765,0
peru21_2019-12-22_1,27,none,,niblack,docling_easyocr,deepseek,7,0,0,0,7,0.0,0.0,0.0,0,,,,,53.283333072,1
peru21_2019-12-22_1,27,none,,niblack,docling_rapidocr,deepseek,7,0,0,0,7,0.0,0.0,0.0,0,,,,,9.817899474,1
peru21_2019-12-22_1,27,none,,none_color,docling_easyocr,deepseek,7,1,0,1,7,0.0,0.0,0.0,0,,,,,55.122136497,0
peru21_2019-12-22_1,27,none,,none_color,docling_rapidocr,deepseek,7,1,0,1,7,0.0,0.0,0.0,0,,,,,10.64568057,0
peru21_2019-12-22_1,27,none,,none_grayscale,docling_easyocr,deepseek,7,1,0,1,7,0.0,0.0,0.0,0,,,,,54.680618024,0
peru21_2019-12-22_1,27,none,,none_grayscale,docling_rapidocr,deepseek,7,0,0,0,7,0.0,0.0,0.0,0,,,,,11.103964543,1
peru21_2019-12-22_1,27,none,,otsu,docling_easyocr,deepseek,7,1,0,1,7,0.0,0.0,0.0,0,,,,,56.881110074,0
peru21_2019-12-22_1,27,none,,otsu,docling_rapidocr,deepseek,7,0,0,0,7,0.0,0.0,0.0,0,,,,,11.085200431,1
peru21_2019-12-22_1,27,none,,yannihorne,docling_easyocr,deepseek,7,0,0,0,7,0.0,0.0,0.0,0,,,,,49.081929328,1
peru21_2019-12-22_1,27,none,,yannihorne,docling_rapidocr,deepseek,7,0,0,0,7,0.0,0.0,0.0,0,,,,,8.397389056,1
peru21_2019-12-22_1,28,none,,adaptive_gaussian,docling_easyocr,deepseek,7,0,0,0,7,0.0,0.0,0.0,0,,,,,57.393668689,1
peru21_2019-12-22_1,28,none,,adaptive_gaussian,docling_rapidocr,deepseek,7,1,1,0,6,1.0,0.142857,0.25,1,1.2641509433962264,1.25,0.0,0.0,10.27065853,0
peru21_2019-12-22_1,28,none,,adaptive_mean,docling_easyocr,deepseek,7,0,0,0,7,0.0,0.0,0.0,0,,,,,58.365824996,1
peru21_2019-12-22_1,28,none,,adaptive_mean,docling_rapidocr,deepseek,7,1,1,0,6,1.0,0.142857,0.25,1,1.1313131313131313,1.3125,0.0,0.0,10.30283147,0
peru21_2019-12-22_1,28,none,,basic,docling_easyocr,deepseek,7,1,0,1,7,0.0,0.0,0.0,0,,,,,56.739922074,0
peru21_2019-12-22_1,28,none,,basic,docling_rapidocr,deepseek,7,0,0,0,7,0.0,0.0,0.0,0,,,,,11.029921083,1
peru21_2019-12-22_1,28,none,,niblack,docling_easyocr,deepseek,7,0,0,0,7,0.0,0.0,0.0,0,,,,,54.667429963,1
peru21_2019-12-22_1,28,none,,niblack,docling_rapidocr,deepseek,7,0,0,0,7,0.0,0.0,0.0,0,,,,,9.3873413,1
peru21_2019-12-22_1,28,none,,none_color,docling_easyocr,deepseek,7,0,0,0,7,0.0,0.0,0.0,0,,,,,58.021978095,1
peru21_2019-12-22_1,28,none,,none_color,docling_rapidocr,deepseek,7,1,0,1,7,0.0,0.0,0.0,0,,,,,10.618274167,0
peru21_2019-12-22_1,28,none,,none_grayscale,docling_easyocr,deepseek,7,1,0,1,7,0.0,0.0,0.0,0,,,,,57.485791711,0
peru21_2019-12-22_1,28,none,,none_grayscale,docling_rapidocr,deepseek,7,1,0,1,7,0.0,0.0,0.0,0,,,,,11.097999839,0
peru21_2019-12-22_1,28,none,,otsu,docling_easyocr,deepseek,7,9,0,9,7,0.0,0.0,0.0,4,0.261742403340323,0.6142857142857142,1.0,1.0,56.975282603,0
peru21_2019-12-22_1,28,none,,otsu,docling_rapidocr,deepseek,7,1,0,1,7,0.0,0.0,0.0,0,,,,,11.266913348,0
peru21_2019-12-22_1,28,none,,yannihorne,docling_easyocr,deepseek,7,0,0,0,7,0.0,0.0,0.0,0,,,,,51.030800992,1
peru21_2019-12-22_1,28,none,,yannihorne,docling_rapidocr,deepseek,7,0,0,0,7,0.0,0.0,0.0,0,,,,,8.169788533,1
peru21_2019-12-22_1,29,none,,adaptive_gaussian,docling_easyocr,deepseek,7,0,0,0,7,0.0,0.0,0.0,0,,,,,55.154262746,1
peru21_2019-12-22_1,29,none,,adaptive_gaussian,docling_rapidocr,deepseek,7,1,1,0,6,1.0,0.142857,0.25,1,0.7647058823529411,1.0,0.0,0.0,9.991488898,0
peru21_2019-12-22_1,29,none,,adaptive_mean,docling_easyocr,deepseek,7,0,0,0,7,0.0,0.0,0.0,0,,,,,54.963116559,1
peru21_2019-12-22_1,29,none,,adaptive_mean,docling_rapidocr,deepseek,7,1,1,0,6,1.0,0.142857,0.25,1,1.101010101010101,1.25,0.0,0.0,10.033998879,0
peru21_2019-12-22_1,29,none,,basic,docling_easyocr,deepseek,7,0,0,0,7,0.0,0.0,0.0,0,,,,,56.21743205,1
peru21_2019-12-22_1,29,none,,basic,docling_rapidocr,deepseek,7,0,0,0,7,0.0,0.0,0.0,0,,,,,10.925256757,1
peru21_2019-12-22_1,29,none,,niblack,docling_easyocr,deepseek,7,0,0,0,7,0.0,0.0,0.0,0,,,,,54.75647384,1
peru21_2019-12-22_1,29,none,,niblack,docling_rapidocr,deepseek,7,0,0,0,7,0.0,0.0,0.0,0,,,,,9.896561206,1
peru21_2019-12-22_1,29,none,,none_color,docling_easyocr,deepseek,7,0,0,0,7,0.0,0.0,0.0,0,,,,,55.051751092,1
peru21_2019-12-22_1,29,none,,none_color,docling_rapidocr,deepseek,7,11,7,4,0,0.636364,1.0,0.777778,7,0.8716613023182802,1.0045351473922903,1.0,0.0,10.777776912,0
peru21_2019-12-22_1,29,none,,none_grayscale,docling_easyocr,deepseek,7,0,0,0,7,0.0,0.0,0.0,0,,,,,57.948986009,1
peru21_2019-12-22_1,29,none,,none_grayscale,docling_rapidocr,deepseek,7,11,7,4,0,0.636364,1.0,0.777778,7,0.8716613023182802,1.0045351473922903,1.0,0.0,11.104927495,0
peru21_2019-12-22_1,29,none,,otsu,docling_easyocr,deepseek,7,1,1,0,6,1.0,0.142857,0.25,1,1.7179487179487178,1.7142857142857142,1.0,1.0,54.496040683,0
peru21_2019-12-22_1,29,none,,otsu,docling_rapidocr,deepseek,7,1,0,1,7,0.0,0.0,0.0,0,,,,,10.668585877,0
peru21_2019-12-22_1,29,none,,yannihorne,docling_easyocr,deepseek,7,0,0,0,7,0.0,0.0,0.0,0,,,,,48.77738605,1
peru21_2019-12-22_1,29,none,,yannihorne,docling_rapidocr,deepseek,7,0,0,0,7,0.0,0.0,0.0,0,,,,,8.325099807,1
peru21_2019-12-22_1,30,none,,adaptive_gaussian,docling_easyocr,deepseek,7,0,0,0,7,0.0,0.0,0.0,0,,,,,54.178473138,1
peru21_2019-12-22_1,30,none,,adaptive_gaussian,docling_rapidocr,deepseek,7,1,1,0,6,1.0,0.142857,0.25,1,0.7647058823529411,1.0,0.0,0.0,10.596366786,0
peru21_2019-12-22_1,30,none,,adaptive_mean,docling_easyocr,deepseek,7,0,0,0,7,0.0,0.0,0.0,0,,,,,56.756661267,1
peru21_2019-12-22_1,30,none,,adaptive_mean,docling_rapidocr,deepseek,7,1,1,0,6,1.0,0.142857,0.25,1,0.7647058823529411,1.0,0.0,0.0,10.041482778,0
peru21_2019-12-22_1,30,none,,basic,docling_easyocr,deepseek,7,0,0,0,7,0.0,0.0,0.0,0,,,,,54.381717576,1
peru21_2019-12-22_1,30,none,,basic,docling_rapidocr,deepseek,7,1,0,1,7,0.0,0.0,0.0,0,,,,,10.519183292,0
peru21_2019-12-22_1,30,none,,niblack,docling_easyocr,deepseek,7,0,0,0,7,0.0,0.0,0.0,0,,,,,56.664009912,1
peru21_2019-12-22_1,30,none,,niblack,docling_rapidocr,deepseek,7,0,0,0,7,0.0,0.0,0.0,0,,,,,9.966757161,1
peru21_2019-12-22_1,30,none,,none_color,docling_easyocr,deepseek,7,1,0,1,7,0.0,0.0,0.0,1,0.0,0.0,1.0,1.0,55.521071494,0
peru21_2019-12-22_1,30,none,,none_color,docling_rapidocr,deepseek,7,1,0,1,7,0.0,0.0,0.0,0,,,,,11.077130139,0
peru21_2019-12-22_1,30,none,,none_grayscale,docling_easyocr,deepseek,7,1,0,1,7,0.0,0.0,0.0,0,,,,,55.189804925,0
peru21_2019-12-22_1,30,none,,none_grayscale,docling_rapidocr,deepseek,7,1,0,1,7,0.0,0.0,0.0,0,,,,,11.172577752,0
peru21_2019-12-22_1,30,none,,otsu,docling_easyocr,deepseek,7,0,0,0,7,0.0,0.0,0.0,0,,,,,57.783573833,1
peru21_2019-12-22_1,30,none,,otsu,docling_rapidocr,deepseek,7,1,0,1,7,0.0,0.0,0.0,0,,,,,10.508077111,0
peru21_2019-12-22_1,30,none,,yannihorne,docling_easyocr,deepseek,7,0,0,0,7,0.0,0.0,0.0,0,,,,,50.85877041,1
peru21_2019-12-22_1,30,none,,yannihorne,docling_rapidocr,deepseek,7,0,0,0,7,0.0,0.0,0.0,0,,,,,8.518431941,1
peru21_2019-12-22_1,31,none,,adaptive_gaussian,docling_easyocr,deepseek,7,0,0,0,7,0.0,0.0,0.0,0,,,,,54.89246705,1
peru21_2019-12-22_1,31,none,,adaptive_gaussian,docling_rapidocr,deepseek,7,1,1,0,6,1.0,0.142857,0.25,1,1.0606060606060606,1.25,0.0,0.0,10.475793389,0
peru21_2019-12-22_1,31,none,,adaptive_mean,docling_easyocr,deepseek,7,0,0,0,7,0.0,0.0,0.0,0,,,,,54.745347476,1
peru21_2019-12-22_1,31,none,,adaptive_mean,docling_rapidocr,deepseek,7,1,1,0,6,1.0,0.142857,0.25,1,1.121212121212121,1.25,0.0,0.0,9.872225499,0
peru21_2019-12-22_1,31,none,,basic,docling_easyocr,deepseek,7,0,0,0,7,0.0,0.0,0.0,0,,,,,54.704660195,1
peru21_2019-12-22_1,31,none,,basic,docling_rapidocr,deepseek,7,1,0,1,7,0.0,0.0,0.0,0,,,,,10.504863042,0
peru21_2019-12-22_1,31,none,,niblack,docling_easyocr,deepseek,7,0,0,0,7,0.0,0.0,0.0,0,,,,,56.522014844,1
peru21_2019-12-22_1,31,none,,niblack,docling_rapidocr,deepseek,7,0,0,0,7,0.0,0.0,0.0,0,,,,,10.21516155,1
peru21_2019-12-22_1,31,none,,none_color,docling_easyocr,deepseek,7,6,0,6,7,0.0,0.0,0.0,1,0.7254901960784313,1.0,1.0,1.0,54.884710258,0
peru21_2019-12-22_1,31,none,,none_color,docling_rapidocr,deepseek,7,1,0,1,7,0.0,0.0,0.0,0,,,,,11.130952066,0
peru21_2019-12-22_1,31,none,,none_grayscale,docling_easyocr,deepseek,7,1,0,1,7,0.0,0.0,0.0,0,,,,,55.157567042,0
peru21_2019-12-22_1,31,none,,none_grayscale,docling_rapidocr,deepseek,7,0,0,0,7,0.0,0.0,0.0,0,,,,,10.879792947,1
peru21_2019-12-22_1,31,none,,otsu,docling_easyocr,deepseek,7,0,0,0,7,0.0,0.0,0.0,0,,,,,54.899563403,1
peru21_2019-12-22_1,31,none,,otsu,docling_rapidocr,deepseek,7,5,0,5,7,0.0,0.0,0.0,2,0.36960784313725487,0.5285714285714286,1.0,1.0,10.848036857,0
peru21_2019-12-22_1,31,none,,yannihorne,docling_easyocr,deepseek,7,0,0,0,7,0.0,0.0,0.0,0,,,,,49.335366651,1
peru21_2019-12-22_1,31,none,,yannihorne,docling_rapidocr,deepseek,7,0,0,0,7,0.0,0.0,0.0,0,,,,,8.340782329,1
peru21_2019-12-22_1,32,none,,adaptive_gaussian,docling_easyocr,deepseek,7,0,0,0,7,0.0,0.0,0.0,0,,,,,56.722654059,1
peru21_2019-12-22_1,32,none,,adaptive_gaussian,docling_rapidocr,deepseek,7,1,1,0,6,1.0,0.142857,0.25,1,0.7647058823529411,1.0,0.0,0.0,10.135589316,0
peru21_2019-12-22_1,32,none,,adaptive_mean,docling_easyocr,deepseek,7,0,0,0,7,0.0,0.0,0.0,0,,,,,54.528407788,1
peru21_2019-12-22_1,32,none,,adaptive_mean,docling_rapidocr,deepseek,7,1,1,0,6,1.0,0.142857,0.25,1,0.7647058823529411,1.0,0.0,0.0,9.953464723,0
peru21_2019-12-22_1,32,none,,basic,docling_easyocr,deepseek,7,0,0,0,7,0.0,0.0,0.0,0,,,,,57.227877158,1
peru21_2019-12-22_1,32,none,,basic,docling_rapidocr,deepseek,7,0,0,0,7,0.0,0.0,0.0,0,,,,,11.117431182,1
peru21_2019-12-22_1,32,none,,niblack,docling_easyocr,deepseek,7,0,0,0,7,0.0,0.0,0.0,0,,,,,57.124022523,1
peru21_2019-12-22_1,32,none,,niblack,docling_rapidocr,deepseek,7,0,0,0,7,0.0,0.0,0.0,0,,,,,10.121732036,1
peru21_2019-12-22_1,32,none,,none_color,docling_easyocr,deepseek,7,1,0,1,7,0.0,0.0,0.0,1,0.0,0.0,1.0,1.0,57.732972091,0
peru21_2019-12-22_1,32,none,,none_color,docling_rapidocr,deepseek,7,0,0,0,7,0.0,0.0,0.0,0,,,,,11.058721488,1
peru21_2019-12-22_1,32,none,,none_grayscale,docling_easyocr,deepseek,7,1,0,1,7,0.0,0.0,0.0,1,0.0,0.0,1.0,1.0,55.392297214,0
peru21_2019-12-22_1,32,none,,none_grayscale,docling_rapidocr,deepseek,7,0,0,0,7,0.0,0.0,0.0,0,,,,,11.092187589,1
peru21_2019-12-22_1,32,none,,otsu,docling_easyocr,deepseek,7,0,0,0,7,0.0,0.0,0.0,0,,,,,55.643215032,1
peru21_2019-12-22_1,32,none,,otsu,docling_rapidocr,deepseek,7,1,0,1,7,0.0,0.0,0.0,0,,,,,10.650633664,0
peru21_2019-12-22_1,32,none,,yannihorne,docling_easyocr,deepseek,7,0,0,0,7,0.0,0.0,0.0,0,,,,,50.339096398,1
peru21_2019-12-22_1,32,none,,yannihorne,docling_rapidocr,deepseek,7,0,0,0,7,0.0,0.0,0.0,0,,,,,8.685473056,1
peru21_2019-12-22_1,33,none,,adaptive_gaussian,docling_easyocr,deepseek,7,0,0,0,7,0.0,0.0,0.0,0,,,,,56.967907975,1
peru21_2019-12-22_1,33,none,,adaptive_gaussian,docling_rapidocr,deepseek,7,1,1,0,6,1.0,0.142857,0.25,1,0.7647058823529411,1.0,0.0,0.0,10.776776622,0
peru21_2019-12-22_1,33,none,,adaptive_mean,docling_easyocr,deepseek,7,0,0,0,7,0.0,0.0,0.0,0,,,,,57.063362689,1
peru21_2019-12-22_1,33,none,,adaptive_mean,docling_rapidocr,deepseek,7,1,1,0,6,1.0,0.142857,0.25,1,0.7647058823529411,1.0,0.0,0.0,9.790606828,0
peru21_2019-12-22_1,33,none,,basic,docling_easyocr,deepseek,7,0,0,0,7,0.0,0.0,0.0,0,,,,,54.452882184,1
peru21_2019-12-22_1,33,none,,basic,docling_rapidocr,deepseek,7,1,0,1,7,0.0,0.0,0.0,0,,,,,10.926253451,0
peru21_2019-12-22_1,33,none,,niblack,docling_easyocr,deepseek,7,0,0,0,7,0.0,0.0,0.0,0,,,,,54.58081606,1
peru21_2019-12-22_1,33,none,,niblack,docling_rapidocr,deepseek,7,1,1,0,6,1.0,0.142857,0.25,1,1.0909090909090908,1.25,0.0,0.0,9.43116048,0
peru21_2019-12-22_1,33,none,,none_color,docling_easyocr,deepseek,7,7,0,7,7,0.0,0.0,0.0,1,0.7058823529411765,1.0,1.0,1.0,56.963403762,0
peru21_2019-12-22_1,33,none,,none_color,docling_rapidocr,deepseek,7,0,0,0,7,0.0,0.0,0.0,0,,,,,10.673768581,1
peru21_2019-12-22_1,33,none,,none_grayscale,docling_easyocr,deepseek,7,9,0,9,7,0.0,0.0,0.0,4,0.4325402624051735,0.7007936507936507,1.0,1.0,55.239406242,0
peru21_2019-12-22_1,33,none,,none_grayscale,docling_rapidocr,deepseek,7,8,0,8,7,0.0,0.0,0.0,3,0.7550770130849113,0.8677248677248678,1.0,1.0,11.174653186,0
peru21_2019-12-22_1,33,none,,otsu,docling_easyocr,deepseek,7,0,0,0,7,0.0,0.0,0.0,0,,,,,56.957742181,1
peru21_2019-12-22_1,33,none,,otsu,docling_rapidocr,deepseek,7,1,1,0,6,1.0,0.142857,0.25,1,1.6923076923076923,1.7142857142857142,1.0,1.0,10.472078767,0
peru21_2019-12-22_1,33,none,,yannihorne,docling_easyocr,deepseek,7,0,0,0,7,0.0,0.0,0.0,0,,,,,51.691829721,1
peru21_2019-12-22_1,33,none,,yannihorne,docling_rapidocr,deepseek,7,0,0,0,7,0.0,0.0,0.0,0,,,,,8.124883453,1
peru21_2019-12-22_1,34,none,,adaptive_gaussian,docling_easyocr,deepseek,7,0,0,0,7,0.0,0.0,0.0,0,,,,,57.258306764,1
peru21_2019-12-22_1,34,none,,adaptive_gaussian,docling_rapidocr,deepseek,7,1,1,0,6,1.0,0.142857,0.25,1,0.7878787878787878,1.0,0.0,0.0,10.025888227,0
peru21_2019-12-22_1,34,none,,adaptive_mean,docling_easyocr,deepseek,7,0,0,0,7,0.0,0.0,0.0,0,,,,,57.385483401,1
peru21_2019-12-22_1,34,none,,adaptive_mean,docling_rapidocr,deepseek,7,1,1,0,6,1.0,0.142857,0.25,1,1.1818181818181819,1.25,0.0,0.0,9.882138389,0
peru21_2019-12-22_1,34,none,,basic,docling_easyocr,deepseek,7,0,0,0,7,0.0,0.0,0.0,0,,,,,56.620396388,1
peru21_2019-12-22_1,34,none,,basic,docling_rapidocr,deepseek,7,0,0,0,7,0.0,0.0,0.0,0,,,,,11.125448001,1
peru21_2019-12-22_1,34,none,,niblack,docling_easyocr,deepseek,7,0,0,0,7,0.0,0.0,0.0,0,,,,,54.237775691,1
peru21_2019-12-22_1,34,none,,niblack,docling_rapidocr,deepseek,7,0,0,0,7,0.0,0.0,0.0,0,,,,,9.644370444,1
peru21_2019-12-22_1,34,none,,none_color,docling_easyocr,deepseek,7,1,1,0,6,1.0,0.142857,0.25,1,1.7179487179487178,1.7142857142857142,1.0,1.0,55.53837,0
peru21_2019-12-22_1,34,none,,none_color,docling_rapidocr,deepseek,7,0,0,0,7,0.0,0.0,0.0,0,,,,,11.353620874,1
peru21_2019-12-22_1,34,none,,none_grayscale,docling_easyocr,deepseek,7,1,0,1,7,0.0,0.0,0.0,0,,,,,55.859348237,0
peru21_2019-12-22_1,34,none,,none_grayscale,docling_rapidocr,deepseek,7,0,0,0,7,0.0,0.0,0.0,0,,,,,10.95204395,1
peru21_2019-12-22_1,34,none,,otsu,docling_easyocr,deepseek,7,6,0,6,7,0.0,0.0,0.0,1,0.0392156862745098,0.4,1.0,1.0,54.260267581,0
peru21_2019-12-22_1,34,none,,otsu,docling_rapidocr,deepseek,7,1,0,1,7,0.0,0.0,0.0,0,,,,,10.623893584,0
peru21_2019-12-22_1,34,none,,yannihorne,docling_easyocr,deepseek,7,0,0,0,7,0.0,0.0,0.0,0,,,,,50.920683469,1
peru21_2019-12-22_1,34,none,,yannihorne,docling_rapidocr,deepseek,7,0,0,0,7,0.0,0.0,0.0,0,,,,,8.291701402,1
peru21_2019-12-22_1,35,none,,adaptive_gaussian,docling_easyocr,deepseek,7,0,0,0,7,0.0,0.0,0.0,0,,,,,57.255415317,1
peru21_2019-12-22_1,35,none,,adaptive_gaussian,docling_rapidocr,deepseek,7,1,1,0,6,1.0,0.142857,0.25,1,1.0606060606060606,1.25,0.0,0.0,10.581650134,0
peru21_2019-12-22_1,35,none,,adaptive_mean,docling_easyocr,deepseek,7,0,0,0,7,0.0,0.0,0.0,0,,,,,54.159547704,1
peru21_2019-12-22_1,35,none,,adaptive_mean,docling_rapidocr,deepseek,7,1,1,0,6,1.0,0.142857,0.25,1,1.1717171717171717,1.25,0.0,0.0,10.324589389,0
peru21_2019-12-22_1,35,none,,basic,docling_easyocr,deepseek,7,0,0,0,7,0.0,0.0,0.0,0,,,,,54.935592591,1
peru21_2019-12-22_1,35,none,,basic,docling_rapidocr,deepseek,7,1,0,1,7,0.0,0.0,0.0,0,,,,,10.874065101,0
peru21_2019-12-22_1,35,none,,niblack,docling_easyocr,deepseek,7,0,0,0,7,0.0,0.0,0.0,0,,,,,55.431225188,1
peru21_2019-12-22_1,35,none,,niblack,docling_rapidocr,deepseek,7,1,1,0,6,1.0,0.142857,0.25,1,1.101010101010101,1.25,0.0,0.0,9.501716741,0
peru21_2019-12-22_1,35,none,,none_color,docling_easyocr,deepseek,7,1,0,1,7,0.0,0.0,0.0,0,,,,,57.44829856,0
peru21_2019-12-22_1,35,none,,none_color,docling_rapidocr,deepseek,7,0,0,0,7,0.0,0.0,0.0,0,,,,,10.934061395,1
peru21_2019-12-22_1,35,none,,none_grayscale,docling_easyocr,deepseek,7,1,0,1,7,0.0,0.0,0.0,0,,,,,55.604302274,0
peru21_2019-12-22_1,35,none,,none_grayscale,docling_rapidocr,deepseek,7,0,0,0,7,0.0,0.0,0.0,0,,,,,10.502687799,1
peru21_2019-12-22_1,35,none,,otsu,docling_easyocr,deepseek,7,0,0,0,7,0.0,0.0,0.0,0,,,,,55.410202754,1
peru21_2019-12-22_1,35,none,,otsu,docling_rapidocr,deepseek,7,1,0,1,7,0.0,0.0,0.0,0,,,,,10.983370793,0
peru21_2019-12-22_1,35,none,,yannihorne,docling_easyocr,deepseek,7,0,0,0,7,0.0,0.0,0.0,0,,,,,49.103869451,1
peru21_2019-12-22_1,35,none,,yannihorne,docling_rapidocr,deepseek,7,0,0,0,7,0.0,0.0,0.0,0,,,,,8.217437995,1
peru21_2019-12-22_1,36,none,,adaptive_gaussian,docling_easyocr,deepseek,7,0,0,0,7,0.0,0.0,0.0,0,,,,,57.378284518,1
peru21_2019-12-22_1,36,none,,adaptive_gaussian,docling_rapidocr,deepseek,7,1,1,0,6,1.0,0.142857,0.25,1,0.7647058823529411,1.0,0.0,0.0,10.465923373,0
peru21_2019-12-22_1,36,none,,adaptive_mean,docling_easyocr,deepseek,7,0,0,0,7,0.0,0.0,0.0,0,,,,,57.693589057,1
peru21_2019-12-22_1,36,none,,adaptive_mean,docling_rapidocr,deepseek,7,1,0,1,7,0.0,0.0,0.0,0,,,,,10.453004684,0
peru21_2019-12-22_1,36,none,,basic,docling_easyocr,deepseek,7,0,0,0,7,0.0,0.0,0.0,0,,,,,57.290606315,1
peru21_2019-12-22_1,36,none,,basic,docling_rapidocr,deepseek,7,1,0,1,7,0.0,0.0,0.0,0,,,,,10.838418777,0
peru21_2019-12-22_1,36,none,,niblack,docling_easyocr,deepseek,7,0,0,0,7,0.0,0.0,0.0,0,,,,,56.313209413,1
peru21_2019-12-22_1,36,none,,niblack,docling_rapidocr,deepseek,7,0,0,0,7,0.0,0.0,0.0,0,,,,,9.566112874,1
peru21_2019-12-22_1,36,none,,none_color,docling_easyocr,deepseek,7,6,0,6,7,0.0,0.0,0.0,2,0.00980392156862745,0.1,1.0,1.0,57.717137796,0
peru21_2019-12-22_1,36,none,,none_color,docling_rapidocr,deepseek,7,1,0,1,7,0.0,0.0,0.0,0,,,,,11.136524659,0
peru21_2019-12-22_1,36,none,,none_grayscale,docling_easyocr,deepseek,7,5,0,5,7,0.0,0.0,0.0,3,0.021618903971845144,0.22857142857142856,1.0,1.0,58.194643552,0
peru21_2019-12-22_1,36,none,,none_grayscale,docling_rapidocr,deepseek,7,1,0,1,7,0.0,0.0,0.0,1,0.7441860465116279,0.8888888888888888,1.0,1.0,10.669879252,0
peru21_2019-12-22_1,36,none,,otsu,docling_easyocr,deepseek,7,2,1,1,6,0.5,0.142857,0.222222,2,0.2549019607843137,0.4,0.5,0.5,57.998948297,0
peru21_2019-12-22_1,36,none,,otsu,docling_rapidocr,deepseek,7,1,0,1,7,0.0,0.0,0.0,0,,,,,10.513800344,0
peru21_2019-12-22_1,36,none,,yannihorne,docling_easyocr,deepseek,7,0,0,0,7,0.0,0.0,0.0,0,,,,,51.202192983,1
peru21_2019-12-22_1,36,none,,yannihorne,docling_rapidocr,deepseek,7,0,0,0,7,0.0,0.0,0.0,0,,,,,8.621844491,1
peru21_2019-12-22_1,37,none,,adaptive_gaussian,docling_easyocr,deepseek,7,0,0,0,7,0.0,0.0,0.0,0,,,,,54.857257243,1
peru21_2019-12-22_1,37,none,,adaptive_gaussian,docling_rapidocr,deepseek,7,1,1,0,6,1.0,0.142857,0.25,1,0.7647058823529411,1.0,0.0,0.0,9.974551316,0
peru21_2019-12-22_1,37,none,,adaptive_mean,docling_easyocr,deepseek,7,0,0,0,7,0.0,0.0,0.0,0,,,,,54.921565358,1
peru21_2019-12-22_1,37,none,,adaptive_mean,docling_rapidocr,deepseek,7,1,1,0,6,1.0,0.142857,0.25,1,0.898989898989899,1.0,0.0,0.0,9.557629411,0
peru21_2019-12-22_1,37,none,,basic,docling_easyocr,deepseek,7,1,0,1,7,0.0,0.0,0.0,1,0.0,0.0,1.0,1.0,54.2913159,0
peru21_2019-12-22_1,37,none,,basic,docling_rapidocr,deepseek,7,0,0,0,7,0.0,0.0,0.0,0,,,,,10.522453414,1
peru21_2019-12-22_1,37,none,,niblack,docling_easyocr,deepseek,7,0,0,0,7,0.0,0.0,0.0,0,,,,,55.326124961,1
peru21_2019-12-22_1,37,none,,niblack,docling_rapidocr,deepseek,7,0,0,0,7,0.0,0.0,0.0,0,,,,,9.484954888,1
peru21_2019-12-22_1,37,none,,none_color,docling_easyocr,deepseek,7,1,1,0,6,1.0,0.142857,0.25,1,0.0,0.0,0.0,0.0,55.398948226,0
peru21_2019-12-22_1,37,none,,none_color,docling_rapidocr,deepseek,7,0,0,0,7,0.0,0.0,0.0,0,,,,,10.797264609,1
peru21_2019-12-22_1,37,none,,none_grayscale,docling_easyocr,deepseek,7,1,0,1,7,0.0,0.0,0.0,1,0.0,0.0,1.0,1.0,57.61929618,0
peru21_2019-12-22_1,37,none,,none_grayscale,docling_rapidocr,deepseek,7,0,0,0,7,0.0,0.0,0.0,0,,,,,10.521599399,1
peru21_2019-12-22_1,37,none,,otsu,docling_easyocr,deepseek,7,1,1,0,6,1.0,0.142857,0.25,1,0.1568627450980392,0.8,0.0,0.0,56.245415938,0
peru21_2019-12-22_1,37,none,,otsu,docling_rapidocr,deepseek,7,6,0,6,7,0.0,0.0,0.0,1,0.0392156862745098,0.2,1.0,1.0,10.714818013,0
peru21_2019-12-22_1,37,none,,yannihorne,docling_easyocr,deepseek,7,0,0,0,7,0.0,0.0,0.0,0,,,,,50.870134128,1
peru21_2019-12-22_1,37,none,,yannihorne,docling_rapidocr,deepseek,7,0,0,0,7,0.0,0.0,0.0,0,,,,,8.518561853,1
peru21_2019-12-22_1,38,none,,adaptive_gaussian,docling_easyocr,deepseek,7,0,0,0,7,0.0,0.0,0.0,0,,,,,56.853388548,1
peru21_2019-12-22_1,38,none,,adaptive_gaussian,docling_rapidocr,deepseek,7,1,1,0,6,1.0,0.142857,0.25,1,0.7878787878787878,1.0,0.0,0.0,9.956918716,0
peru21_2019-12-22_1,38,none,,adaptive_mean,docling_easyocr,deepseek,7,0,0,0,7,0.0,0.0,0.0,0,,,,,54.496046253,1
peru21_2019-12-22_1,38,none,,adaptive_mean,docling_rapidocr,deepseek,7,1,1,0,6,1.0,0.142857,0.25,1,1.0909090909090908,1.25,0.0,0.0,9.541785904,0
peru21_2019-12-22_1,38,none,,basic,docling_easyocr,deepseek,7,3,3,0,4,1.0,0.428571,0.6,3,0.25339366515837103,0.4238095238095238,0.0,0.0,54.554978672,0
peru21_2019-12-22_1,38,none,,basic,docling_rapidocr,deepseek,7,1,0,1,7,0.0,0.0,0.0,0,,,,,10.704718176,0
peru21_2019-12-22_1,38,none,,niblack,docling_easyocr,deepseek,7,0,0,0,7,0.0,0.0,0.0,0,,,,,54.513024031,1
peru21_2019-12-22_1,38,none,,niblack,docling_rapidocr,deepseek,7,1,1,0,6,1.0,0.142857,0.25,1,0.975,1.0,0.0,0.0,9.904381214,0
peru21_2019-12-22_1,38,none,,none_color,docling_easyocr,deepseek,7,9,7,2,0,0.777778,1.0,0.875,7,0.503662565097534,0.6484126984126984,0.0,0.0,55.669745913,0
peru21_2019-12-22_1,38,none,,none_color,docling_rapidocr,deepseek,7,0,0,0,7,0.0,0.0,0.0,0,,,,,10.486883869,1
peru21_2019-12-22_1,38,none,,none_grayscale,docling_easyocr,deepseek,7,9,7,2,0,0.777778,1.0,0.875,7,0.503662565097534,0.6484126984126984,0.0,0.0,57.518911829,0
peru21_2019-12-22_1,38,none,,none_grayscale,docling_rapidocr,deepseek,7,0,0,0,7,0.0,0.0,0.0,0,,,,,10.808465233,1
peru21_2019-12-22_1,38,none,,otsu,docling_easyocr,deepseek,7,1,1,0,6,1.0,0.142857,0.25,1,0.7647058823529411,1.0,0.0,0.0,54.828230278,0
peru21_2019-12-22_1,38,none,,otsu,docling_rapidocr,deepseek,7,10,0,10,7,0.0,0.0,0.0,4,0.7089254709039251,1.0214285714285714,1.0,1.0,10.954486267,0
peru21_2019-12-22_1,38,none,,yannihorne,docling_easyocr,deepseek,7,0,0,0,7,0.0,0.0,0.0,0,,,,,49.602520601,1
peru21_2019-12-22_1,38,none,,yannihorne,docling_rapidocr,deepseek,7,0,0,0,7,0.0,0.0,0.0,0,,,,,8.605116026,1
peru21_2019-12-22_1,39,none,,adaptive_gaussian,docling_easyocr,deepseek,7,0,0,0,7,0.0,0.0,0.0,0,,,,,83.915183763,1
peru21_2019-12-22_1,39,none,,adaptive_gaussian,docling_rapidocr,deepseek,7,1,1,0,6,1.0,0.142857,0.25,1,0.7647058823529411,1.0,0.0,0.0,39.674829702,0
peru21_2019-12-22_1,39,none,,adaptive_mean,docling_easyocr,deepseek,7,0,0,0,7,0.0,0.0,0.0,0,,,,,83.967303444,1
peru21_2019-12-22_1,39,none,,adaptive_mean,docling_rapidocr,deepseek,7,1,1,0,6,1.0,0.142857,0.25,1,0.7647058823529411,1.0,0.0,0.0,38.99273317,0
peru21_2019-12-22_1,39,none,,basic,docling_easyocr,deepseek,7,1,0,1,7,0.0,0.0,0.0,0,,,,,83.389985056,0
peru21_2019-12-22_1,39,none,,basic,docling_rapidocr,deepseek,7,1,0,1,7,0.0,0.0,0.0,0,,,,,40.276243658,0
peru21_2019-12-22_1,39,none,,niblack,docling_easyocr,deepseek,7,0,0,0,7,0.0,0.0,0.0,0,,,,,84.259766685,1
peru21_2019-12-22_1,39,none,,niblack,docling_rapidocr,deepseek,7,0,0,0,7,0.0,0.0,0.0,0,,,,,39.353046524,1
peru21_2019-12-22_1,39,none,,none_color,docling_easyocr,deepseek,7,6,1,5,6,0.166667,0.142857,0.153846,2,0.994058229352347,1.09375,0.5,0.5,86.191481966,0
peru21_2019-12-22_1,39,none,,none_color,docling_rapidocr,deepseek,7,0,0,0,7,0.0,0.0,0.0,0,,,,,40.320131439,1
peru21_2019-12-22_1,39,none,,none_grayscale,docling_easyocr,deepseek,7,1,0,1,7,0.0,0.0,0.0,0,,,,,83.785998316,0
peru21_2019-12-22_1,39,none,,none_grayscale,docling_rapidocr,deepseek,7,0,0,0,7,0.0,0.0,0.0,0,,,,,39.851130457,1
peru21_2019-12-22_1,39,none,,otsu,docling_easyocr,deepseek,7,7,0,7,7,0.0,0.0,0.0,2,0.4071078431372549,0.7,1.0,1.0,85.33449225,0
peru21_2019-12-22_1,39,none,,otsu,docling_rapidocr,deepseek,7,0,0,0,7,0.0,0.0,0.0,0,,,,,39.748861118,1
peru21_2019-12-22_1,39,none,,yannihorne,docling_easyocr,deepseek,7,0,0,0,7,0.0,0.0,0.0,0,,,,,78.159773466,1
peru21_2019-12-22_1,39,none,,yannihorne,docling_rapidocr,deepseek,7,0,0,0,7,0.0,0.0,0.0,0,,,,,37.367921946,1
peru21_2019-12-22_1,40,none,,adaptive_gaussian,docling_easyocr,deepseek,7,0,0,0,7,0.0,0.0,0.0,0,,,,,86.20697464,1
peru21_2019-12-22_1,40,none,,adaptive_gaussian,docling_rapidocr,deepseek,7,1,1,0,6,1.0,0.142857,0.25,1,0.9024390243902439,1.0,0.0,0.0,39.51614131,0
peru21_2019-12-22_1,40,none,,adaptive_mean,docling_easyocr,deepseek,7,0,0,0,7,0.0,0.0,0.0,0,,,,,84.751448164,1
peru21_2019-12-22_1,40,none,,adaptive_mean,docling_rapidocr,deepseek,7,1,1,0,6,1.0,0.142857,0.25,1,1.0606060606060606,1.1875,0.0,0.0,39.810851822,0
peru21_2019-12-22_1,40,none,,basic,docling_easyocr,deepseek,7,0,0,0,7,0.0,0.0,0.0,0,,,,,83.274924091,1
peru21_2019-12-22_1,40,none,,basic,docling_rapidocr,deepseek,7,1,0,1,7,0.0,0.0,0.0,0,,,,,39.995437674,0
peru21_2019-12-22_1,40,none,,niblack,docling_easyocr,deepseek,7,0,0,0,7,0.0,0.0,0.0,0,,,,,83.974412369,1
peru21_2019-12-22_1,40,none,,niblack,docling_rapidocr,deepseek,7,0,0,0,7,0.0,0.0,0.0,0,,,,,38.870682405,1
peru21_2019-12-22_1,40,none,,none_color,docling_easyocr,deepseek,7,1,0,1,7,0.0,0.0,0.0,0,,,,,84.27871106,0
peru21_2019-12-22_1,40,none,,none_color,docling_rapidocr,deepseek,7,1,0,1,7,0.0,0.0,0.0,0,,,,,40.225054243,0
peru21_2019-12-22_1,40,none,,none_grayscale,docling_easyocr,deepseek,7,1,0,1,7,0.0,0.0,0.0,0,,,,,85.906682781,0
peru21_2019-12-22_1,40,none,,none_grayscale,docling_rapidocr,deepseek,7,0,0,0,7,0.0,0.0,0.0,0,,,,,40.126663975,1
peru21_2019-12-22_1,40,none,,otsu,docling_easyocr,deepseek,7,1,0,1,7,0.0,0.0,0.0,0,,,,,84.006875639,0
peru21_2019-12-22_1,40,none,,otsu,docling_rapidocr,deepseek,7,1,0,1,7,0.0,0.0,0.0,0,,,,,39.55392683,0
peru21_2019-12-22_1,40,none,,yannihorne,docling_easyocr,deepseek,7,0,0,0,7,0.0,0.0,0.0,0,,,,,79.357624012,1
peru21_2019-12-22_1,40,none,,yannihorne,docling_rapidocr,deepseek,7,0,0,0,7,0.0,0.0,0.0,0,,,,,37.311953026,1
peru21_2019-12-22_1,41,none,,adaptive_gaussian,docling_easyocr,deepseek,7,0,0,0,7,0.0,0.0,0.0,0,,,,,86.214287069,1
peru21_2019-12-22_1,41,none,,adaptive_gaussian,docling_rapidocr,deepseek,7,1,1,0,6,1.0,0.142857,0.25,1,0.7647058823529411,1.0,0.0,0.0,39.162294414,0
peru21_2019-12-22_1,41,none,,adaptive_mean,docling_easyocr,deepseek,7,0,0,0,7,0.0,0.0,0.0,0,,,,,85.299863314,1
peru21_2019-12-22_1,41,none,,adaptive_mean,docling_rapidocr,deepseek,7,1,1,0,6,1.0,0.142857,0.25,1,1.101010101010101,1.25,0.0,0.0,38.995578264,0
peru21_2019-12-22_1,41,none,,basic,docling_easyocr,deepseek,7,1,0,1,7,0.0,0.0,0.0,0,,,,,83.726627678,0
peru21_2019-12-22_1,41,none,,basic,docling_rapidocr,deepseek,7,0,0,0,7,0.0,0.0,0.0,0,,,,,40.073872179,1
peru21_2019-12-22_1,41,none,,niblack,docling_easyocr,deepseek,7,0,0,0,7,0.0,0.0,0.0,0,,,,,82.239227728,1
peru21_2019-12-22_1,41,none,,niblack,docling_rapidocr,deepseek,7,0,0,0,7,0.0,0.0,0.0,0,,,,,39.15896006,1
peru21_2019-12-22_1,41,none,,none_color,docling_easyocr,deepseek,7,1,0,1,7,0.0,0.0,0.0,0,,,,,84.830762165,0
peru21_2019-12-22_1,41,none,,none_color,docling_rapidocr,deepseek,7,6,0,6,7,0.0,0.0,0.0,2,0.8249232119350592,0.9444444444444444,1.0,1.0,39.830415981,0
peru21_2019-12-22_1,41,none,,none_grayscale,docling_easyocr,deepseek,7,1,0,1,7,0.0,0.0,0.0,0,,,,,84.070985811,0
peru21_2019-12-22_1,41,none,,none_grayscale,docling_rapidocr,deepseek,7,6,0,6,7,0.0,0.0,0.0,2,0.8249232119350592,0.9444444444444444,1.0,1.0,39.893308895,0
peru21_2019-12-22_1,41,none,,otsu,docling_easyocr,deepseek,7,1,0,1,7,0.0,0.0,0.0,0,,,,,85.560509844,0
peru21_2019-12-22_1,41,none,,otsu,docling_rapidocr,deepseek,7,0,0,0,7,0.0,0.0,0.0,0,,,,,39.913240833,1
peru21_2019-12-22_1,41,none,,yannihorne,docling_easyocr,deepseek,7,0,0,0,7,0.0,0.0,0.0,0,,,,,77.723234339,1
peru21_2019-12-22_1,41,none,,yannihorne,docling_rapidocr,deepseek,7,0,0,0,7,0.0,0.0,0.0,0,,,,,37.388000412,1
peru21_2019-12-22_1,42,none,,adaptive_gaussian,docling_easyocr,deepseek,7,0,0,0,7,0.0,0.0,0.0,0,,,,,52.743179549,1
peru21_2019-12-22_1,42,none,,adaptive_gaussian,docling_rapidocr,deepseek,7,0,0,0,7,0.0,0.0,0.0,0,,,,,8.169669856,1
peru21_2019-12-22_1,42,none,,adaptive_mean,docling_easyocr,deepseek,7,0,0,0,7,0.0,0.0,0.0,0,,,,,54.161248933,1
peru21_2019-12-22_1,42,none,,adaptive_mean,docling_rapidocr,deepseek,7,0,0,0,7,0.0,0.0,0.0,0,,,,,8.074202548,1
peru21_2019-12-22_1,42,none,,basic,docling_easyocr,deepseek,7,0,0,0,7,0.0,0.0,0.0,0,,,,,54.72834242,1
peru21_2019-12-22_1,42,none,,basic,docling_rapidocr,deepseek,7,0,0,0,7,0.0,0.0,0.0,0,,,,,8.142948276,1
peru21_2019-12-22_1,42,none,,niblack,docling_easyocr,deepseek,7,0,0,0,7,0.0,0.0,0.0,0,,,,,50.309342956,1
peru21_2019-12-22_1,42,none,,niblack,docling_rapidocr,deepseek,7,0,0,0,7,0.0,0.0,0.0,0,,,,,8.840149736,1
peru21_2019-12-22_1,42,none,,none_color,docling_easyocr,deepseek,7,0,0,0,7,0.0,0.0,0.0,0,,,,,57.887319783,1
peru21_2019-12-22_1,42,none,,none_color,docling_rapidocr,deepseek,7,0,0,0,7,0.0,0.0,0.0,0,,,,,10.970161895,1
peru21_2019-12-22_1,42,none,,none_grayscale,docling_easyocr,deepseek,7,0,0,0,7,0.0,0.0,0.0,0,,,,,57.595614247,1
peru21_2019-12-22_1,42,none,,none_grayscale,docling_rapidocr,deepseek,7,1,0,1,7,0.0,0.0,0.0,0,,,,,10.714655452,0
peru21_2019-12-22_1,42,none,,otsu,docling_easyocr,deepseek,7,0,0,0,7,0.0,0.0,0.0,0,,,,,54.88199063,1
peru21_2019-12-22_1,42,none,,otsu,docling_rapidocr,deepseek,7,0,0,0,7,0.0,0.0,0.0,0,,,,,8.939084012,1
peru21_2019-12-22_1,43,none,,adaptive_gaussian,docling_easyocr,deepseek,7,0,0,0,7,0.0,0.0,0.0,0,,,,,54.027662391,1
peru21_2019-12-22_1,43,none,,adaptive_gaussian,docling_rapidocr,deepseek,7,0,0,0,7,0.0,0.0,0.0,0,,,,,8.228668565,1
peru21_2019-12-22_1,43,none,,adaptive_mean,docling_easyocr,deepseek,7,0,0,0,7,0.0,0.0,0.0,0,,,,,54.808467284,1
peru21_2019-12-22_1,43,none,,adaptive_mean,docling_rapidocr,deepseek,7,0,0,0,7,0.0,0.0,0.0,0,,,,,8.165581599,1
peru21_2019-12-22_1,43,none,,basic,docling_easyocr,deepseek,7,0,0,0,7,0.0,0.0,0.0,0,,,,,54.191688953,1
peru21_2019-12-22_1,43,none,,basic,docling_rapidocr,deepseek,7,0,0,0,7,0.0,0.0,0.0,0,,,,,8.848608909,1
peru21_2019-12-22_1,43,none,,niblack,docling_easyocr,deepseek,7,0,0,0,7,0.0,0.0,0.0,0,,,,,48.69877608,1
peru21_2019-12-22_1,43,none,,niblack,docling_rapidocr,deepseek,7,0,0,0,7,0.0,0.0,0.0,0,,,,,8.815470292,1
peru21_2019-12-22_1,43,none,,none_color,docling_easyocr,deepseek,7,0,0,0,7,0.0,0.0,0.0,0,,,,,57.785380229,1
peru21_2019-12-22_1,43,none,,none_color,docling_rapidocr,deepseek,7,0,0,0,7,0.0,0.0,0.0,0,,,,,10.235520944,1
peru21_2019-12-22_1,43,none,,none_grayscale,docling_easyocr,deepseek,7,0,0,0,7,0.0,0.0,0.0,0,,,,,56.029777465,1
peru21_2019-12-22_1,43,none,,none_grayscale,docling_rapidocr,deepseek,7,0,0,0,7,0.0,0.0,0.0,0,,,,,10.447153506,1
peru21_2019-12-22_1,43,none,,otsu,docling_easyocr,deepseek,7,0,0,0,7,0.0,0.0,0.0,0,,,,,54.064161622,1
peru21_2019-12-22_1,43,none,,otsu,docling_rapidocr,deepseek,7,0,0,0,7,0.0,0.0,0.0,0,,,,,8.232003057,1
peru21_2019-12-22_1,44,none,,adaptive_gaussian,docling_easyocr,deepseek,7,0,0,0,7,0.0,0.0,0.0,0,,,,,54.367441053,1
peru21_2019-12-22_1,44,none,,adaptive_gaussian,docling_rapidocr,deepseek,7,0,0,0,7,0.0,0.0,0.0,0,,,,,8.23199212,1
peru21_2019-12-22_1,44,none,,adaptive_mean,docling_easyocr,deepseek,7,0,0,0,7,0.0,0.0,0.0,0,,,,,56.225264922,1
peru21_2019-12-22_1,44,none,,adaptive_mean,docling_rapidocr,deepseek,7,0,0,0,7,0.0,0.0,0.0,0,,,,,8.259910718,1
peru21_2019-12-22_1,44,none,,basic,docling_easyocr,deepseek,7,0,0,0,7,0.0,0.0,0.0,0,,,,,53.519804654,1
peru21_2019-12-22_1,44,none,,basic,docling_rapidocr,deepseek,7,0,0,0,7,0.0,0.0,0.0,0,,,,,7.922111688,1
peru21_2019-12-22_1,44,none,,niblack,docling_easyocr,deepseek,7,0,0,0,7,0.0,0.0,0.0,0,,,,,50.083906673,1
peru21_2019-12-22_1,44,none,,niblack,docling_rapidocr,deepseek,7,0,0,0,7,0.0,0.0,0.0,0,,,,,9.260854982,1
peru21_2019-12-22_1,44,none,,none_color,docling_easyocr,deepseek,7,0,0,0,7,0.0,0.0,0.0,0,,,,,57.770820483,1
peru21_2019-12-22_1,44,none,,none_color,docling_rapidocr,deepseek,7,1,0,1,7,0.0,0.0,0.0,0,,,,,10.77374421,0
peru21_2019-12-22_1,44,none,,none_grayscale,docling_easyocr,deepseek,7,0,0,0,7,0.0,0.0,0.0,0,,,,,57.679228171,1
peru21_2019-12-22_1,44,none,,none_grayscale,docling_rapidocr,deepseek,7,1,0,1,7,0.0,0.0,0.0,0,,,,,10.833715066,0
peru21_2019-12-22_1,44,none,,otsu,docling_easyocr,deepseek,7,0,0,0,7,0.0,0.0,0.0,0,,,,,56.542166959,1
peru21_2019-12-22_1,44,none,,otsu,docling_rapidocr,deepseek,7,0,0,0,7,0.0,0.0,0.0,0,,,,,9.070676337,1
peru21_2019-12-22_1,45,none,,adaptive_gaussian,docling_easyocr,deepseek,7,0,0,0,7,0.0,0.0,0.0,0,,,,,48.321706544,1
peru21_2019-12-22_1,45,none,,adaptive_gaussian,docling_rapidocr,deepseek,7,0,0,0,7,0.0,0.0,0.0,0,,,,,8.486280213,1
peru21_2019-12-22_1,45,none,,adaptive_mean,docling_easyocr,deepseek,7,0,0,0,7,0.0,0.0,0.0,0,,,,,49.097270759,1
peru21_2019-12-22_1,45,none,,adaptive_mean,docling_rapidocr,deepseek,7,0,0,0,7,0.0,0.0,0.0,0,,,,,9.633934529,1
peru21_2019-12-22_1,45,none,,basic,docling_easyocr,deepseek,7,0,0,0,7,0.0,0.0,0.0,0,,,,,48.590634181,1
peru21_2019-12-22_1,45,none,,basic,docling_rapidocr,deepseek,7,0,0,0,7,0.0,0.0,0.0,0,,,,,8.150942161,1
peru21_2019-12-22_1,45,none,,niblack,docling_easyocr,deepseek,7,0,0,0,7,0.0,0.0,0.0,0,,,,,51.439105617,1
peru21_2019-12-22_1,45,none,,none_color,docling_easyocr,deepseek,7,0,0,0,7,0.0,0.0,0.0,0,,,,,50.340899707,1
peru21_2019-12-22_1,45,none,,none_grayscale,docling_easyocr,deepseek,7,0,0,0,7,0.0,0.0,0.0,0,,,,,52.056632997,1
peru21_2019-12-22_1,45,none,,otsu,docling_easyocr,deepseek,7,0,0,0,7,0.0,0.0,0.0,0,,,,,50.418649581,1
peru21_2019-12-22_1,45,none,,otsu,docling_rapidocr,deepseek,7,0,0,0,7,0.0,0.0,0.0,0,,,,,8.119866994,1
peru21_2019-12-22_1,45,none,,yannihorne,docling_easyocr,deepseek,7,0,0,0,7,0.0,0.0,0.0,0,,,,,50.313914922,1
peru21_2019-12-22_1,45,none,,yannihorne,docling_rapidocr,deepseek,7,0,0,0,7,0.0,0.0,0.0,0,,,,,8.593033698,1
peru21_2019-12-22_1,46,none,,adaptive_gaussian,docling_easyocr,deepseek,7,0,0,0,7,0.0,0.0,0.0,0,,,,,49.888343913,1
peru21_2019-12-22_1,46,none,,adaptive_gaussian,docling_rapidocr,deepseek,7,0,0,0,7,0.0,0.0,0.0,0,,,,,8.270616157,1
peru21_2019-12-22_1,46,none,,adaptive_mean,docling_easyocr,deepseek,7,0,0,0,7,0.0,0.0,0.0,0,,,,,49.230314378,1
peru21_2019-12-22_1,46,none,,adaptive_mean,docling_rapidocr,deepseek,7,0,0,0,7,0.0,0.0,0.0,0,,,,,9.418329124,1
peru21_2019-12-22_1,46,none,,basic,docling_easyocr,deepseek,7,0,0,0,7,0.0,0.0,0.0,0,,,,,48.639957427,1
peru21_2019-12-22_1,46,none,,basic,docling_rapidocr,deepseek,7,0,0,0,7,0.0,0.0,0.0,0,,,,,8.283934116,1
peru21_2019-12-22_1,46,none,,niblack,docling_easyocr,deepseek,7,0,0,0,7,0.0,0.0,0.0,0,,,,,51.153207023,1
peru21_2019-12-22_1,46,none,,none_color,docling_easyocr,deepseek,7,0,0,0,7,0.0,0.0,0.0,0,,,,,52.341011689,1
peru21_2019-12-22_1,46,none,,none_grayscale,docling_easyocr,deepseek,7,0,0,0,7,0.0,0.0,0.0,0,,,,,50.436285422,1
peru21_2019-12-22_1,46,none,,otsu,docling_easyocr,deepseek,7,0,0,0,7,0.0,0.0,0.0,0,,,,,49.037787675,1
peru21_2019-12-22_1,46,none,,otsu,docling_rapidocr,deepseek,7,0,0,0,7,0.0,0.0,0.0,0,,,,,8.205091237,1
peru21_2019-12-22_1,46,none,,yannihorne,docling_easyocr,deepseek,7,0,0,0,7,0.0,0.0,0.0,0,,,,,48.362242294,1
peru21_2019-12-22_1,46,none,,yannihorne,docling_rapidocr,deepseek,7,0,0,0,7,0.0,0.0,0.0,0,,,,,8.64205153,1
peru21_2019-12-22_1,47,none,,adaptive_gaussian,docling_easyocr,deepseek,7,0,0,0,7,0.0,0.0,0.0,0,,,,,49.97358805,1
peru21_2019-12-22_1,47,none,,adaptive_gaussian,docling_rapidocr,deepseek,7,0,0,0,7,0.0,0.0,0.0,0,,,,,8.062907279,1
peru21_2019-12-22_1,47,none,,adaptive_mean,docling_easyocr,deepseek,7,0,0,0,7,0.0,0.0,0.0,0,,,,,49.431128345,1
peru21_2019-12-22_1,47,none,,adaptive_mean,docling_rapidocr,deepseek,7,0,0,0,7,0.0,0.0,0.0,0,,,,,9.251373372,1
peru21_2019-12-22_1,47,none,,basic,docling_easyocr,deepseek,7,0,0,0,7,0.0,0.0,0.0,0,,,,,48.656153087,1
peru21_2019-12-22_1,47,none,,basic,docling_rapidocr,deepseek,7,0,0,0,7,0.0,0.0,0.0,0,,,,,7.987022046,1
peru21_2019-12-22_1,47,none,,niblack,docling_easyocr,deepseek,7,0,0,0,7,0.0,0.0,0.0,0,,,,,51.390186393,1
peru21_2019-12-22_1,47,none,,none_color,docling_easyocr,deepseek,7,0,0,0,7,0.0,0.0,0.0,0,,,,,50.635473779,1
peru21_2019-12-22_1,47,none,,none_grayscale,docling_easyocr,deepseek,7,0,0,0,7,0.0,0.0,0.0,0,,,,,50.332838586,1
peru21_2019-12-22_1,47,none,,otsu,docling_easyocr,deepseek,7,0,0,0,7,0.0,0.0,0.0,0,,,,,48.682251887,1
peru21_2019-12-22_1,47,none,,otsu,docling_rapidocr,deepseek,7,0,0,0,7,0.0,0.0,0.0,0,,,,,8.321573692,1
peru21_2019-12-22_1,47,none,,yannihorne,docling_easyocr,deepseek,7,0,0,0,7,0.0,0.0,0.0,0,,,,,49.422452407,1
peru21_2019-12-22_1,47,none,,yannihorne,docling_rapidocr,deepseek,7,0,0,0,7,0.0,0.0,0.0,0,,,,,8.588948922,1
peru21_2019-12-22_1,48,none,,adaptive_gaussian,docling_easyocr,deepseek,7,0,0,0,7,0.0,0.0,0.0,0,,,,,135.938256793,1
peru21_2019-12-22_1,48,none,,adaptive_gaussian,docling_rapidocr,deepseek,7,1,1,0,6,1.0,0.142857,0.25,1,0.7878787878787878,1.0,0.0,0.0,91.643959098,0
peru21_2019-12-22_1,48,none,,adaptive_mean,docling_easyocr,deepseek,7,0,0,0,7,0.0,0.0,0.0,0,,,,,138.14412935,1
peru21_2019-12-22_1,48,none,,adaptive_mean,docling_rapidocr,deepseek,7,1,1,0,6,1.0,0.142857,0.25,1,1.1372549019607843,1.2,0.0,0.0,90.704505756,0
peru21_2019-12-22_1,48,none,,basic,docling_easyocr,deepseek,7,1,0,1,7,0.0,0.0,0.0,1,0.0,0.0,1.0,1.0,136.168733712,0
peru21_2019-12-22_1,48,none,,basic,docling_rapidocr,deepseek,7,1,0,1,7,0.0,0.0,0.0,0,,,,,91.92815363,0
peru21_2019-12-22_1,48,none,,niblack,docling_easyocr,deepseek,7,0,0,0,7,0.0,0.0,0.0,0,,,,,137.228007796,1
peru21_2019-12-22_1,48,none,,niblack,docling_rapidocr,deepseek,7,0,0,0,7,0.0,0.0,0.0,0,,,,,90.61961365,1
peru21_2019-12-22_1,48,none,,none_color,docling_easyocr,deepseek,7,1,0,1,7,0.0,0.0,0.0,0,,,,,138.154312654,0
peru21_2019-12-22_1,48,none,,none_color,docling_rapidocr,deepseek,7,0,0,0,7,0.0,0.0,0.0,0,,,,,92.112729831,1
peru21_2019-12-22_1,48,none,,none_grayscale,docling_easyocr,deepseek,7,1,0,1,7,0.0,0.0,0.0,0,,,,,137.30575542,0
peru21_2019-12-22_1,48,none,,none_grayscale,docling_rapidocr,deepseek,7,0,0,0,7,0.0,0.0,0.0,0,,,,,91.731647535,1
peru21_2019-12-22_1,48,none,,otsu,docling_easyocr,deepseek,7,3,0,3,7,0.0,0.0,0.0,2,0.0392156862745098,0.15,1.0,1.0,136.666811416,0
peru21_2019-12-22_1,48,none,,otsu,docling_rapidocr,deepseek,7,1,1,0,6,1.0,0.142857,0.25,1,0.975,1.0,1.0,1.0,92.105757186,0
peru21_2019-12-22_1,48,none,,yannihorne,docling_easyocr,deepseek,7,0,0,0,7,0.0,0.0,0.0,0,,,,,130.366982171,1
peru21_2019-12-22_1,48,none,,yannihorne,docling_rapidocr,deepseek,7,0,0,0,7,0.0,0.0,0.0,0,,,,,89.748601148,1
peru21_2019-12-22_1,49,none,,adaptive_gaussian,docling_easyocr,deepseek,7,0,0,0,7,0.0,0.0,0.0,0,,,,,136.136468681,1
peru21_2019-12-22_1,49,none,,adaptive_gaussian,docling_rapidocr,deepseek,7,1,1,0,6,1.0,0.142857,0.25,1,1.2727272727272727,1.25,0.0,0.0,91.132530482,0
peru21_2019-12-22_1,49,none,,adaptive_mean,docling_easyocr,deepseek,7,0,0,0,7,0.0,0.0,0.0,0,,,,,137.992326551,1
peru21_2019-12-22_1,49,none,,adaptive_mean,docling_rapidocr,deepseek,7,1,1,0,6,1.0,0.142857,0.25,1,1.0404040404040404,1.0625,0.0,0.0,90.994022422,0
peru21_2019-12-22_1,49,none,,basic,docling_easyocr,deepseek,7,0,0,0,7,0.0,0.0,0.0,0,,,,,136.198919868,1
peru21_2019-12-22_1,49,none,,basic,docling_rapidocr,deepseek,7,8,0,8,7,0.0,0.0,0.0,4,0.4270344452628994,0.5829365079365079,1.0,1.0,92.050737714,0
peru21_2019-12-22_1,49,none,,niblack,docling_easyocr,deepseek,7,0,0,0,7,0.0,0.0,0.0,0,,,,,134.496336328,1
peru21_2019-12-22_1,49,none,,niblack,docling_rapidocr,deepseek,7,0,0,0,7,0.0,0.0,0.0,0,,,,,90.592930423,1
peru21_2019-12-22_1,49,none,,none_color,docling_easyocr,deepseek,7,1,0,1,7,0.0,0.0,0.0,0,,,,,138.816498779,0
peru21_2019-12-22_1,49,none,,none_color,docling_rapidocr,deepseek,7,0,0,0,7,0.0,0.0,0.0,0,,,,,92.561436914,1
peru21_2019-12-22_1,49,none,,none_grayscale,docling_easyocr,deepseek,7,1,0,1,7,0.0,0.0,0.0,0,,,,,136.727652095,0
peru21_2019-12-22_1,49,none,,none_grayscale,docling_rapidocr,deepseek,7,0,0,0,7,0.0,0.0,0.0,0,,,,,92.387528442,1
peru21_2019-12-22_1,49,none,,otsu,docling_easyocr,deepseek,7,1,0,1,7,0.0,0.0,0.0,1,0.1951219512195122,0.2857142857142857,1.0,1.0,138.904960799,0
peru21_2019-12-22_1,49,none,,otsu,docling_rapidocr,deepseek,7,1,0,1,7,0.0,0.0,0.0,0,,,,,92.048312593,0
peru21_2019-12-22_1,49,none,,yannihorne,docling_easyocr,deepseek,7,0,0,0,7,0.0,0.0,0.0,0,,,,,132.947086978,1
peru21_2019-12-22_1,49,none,,yannihorne,docling_rapidocr,deepseek,7,0,0,0,7,0.0,0.0,0.0,0,,,,,89.695976901,1
peru21_2019-12-22_1,50,none,,adaptive_gaussian,docling_easyocr,deepseek,7,0,0,0,7,0.0,0.0,0.0,0,,,,,137.942819276,1
peru21_2019-12-22_1,50,none,,adaptive_gaussian,docling_rapidocr,deepseek,7,1,1,0,6,1.0,0.142857,0.25,1,0.7647058823529411,1.0,0.0,0.0,91.68287889,0
peru21_2019-12-22_1,50,none,,adaptive_mean,docling_easyocr,deepseek,7,0,0,0,7,0.0,0.0,0.0,0,,,,,135.840032279,1
peru21_2019-12-22_1,50,none,,adaptive_mean,docling_rapidocr,deepseek,7,0,0,0,7,0.0,0.0,0.0,0,,,,,91.124252974,1
peru21_2019-12-22_1,50,none,,basic,docling_easyocr,deepseek,7,0,0,0,7,0.0,0.0,0.0,0,,,,,138.367146474,1
peru21_2019-12-22_1,50,none,,basic,docling_rapidocr,deepseek,7,0,0,0,7,0.0,0.0,0.0,0,,,,,91.50261901,1
peru21_2019-12-22_1,50,none,,niblack,docling_easyocr,deepseek,7,0,0,0,7,0.0,0.0,0.0,0,,,,,137.874343669,1
peru21_2019-12-22_1,50,none,,niblack,docling_rapidocr,deepseek,7,1,1,0,6,1.0,0.142857,0.25,1,1.0909090909090908,1.25,0.0,0.0,91.260910785,0
peru21_2019-12-22_1,50,none,,none_color,docling_easyocr,deepseek,7,0,0,0,7,0.0,0.0,0.0,0,,,,,138.947211413,1
peru21_2019-12-22_1,50,none,,none_color,docling_rapidocr,deepseek,7,0,0,0,7,0.0,0.0,0.0,0,,,,,92.290038733,1
peru21_2019-12-22_1,50,none,,none_grayscale,docling_easyocr,deepseek,7,0,0,0,7,0.0,0.0,0.0,0,,,,,137.182954697,1
peru21_2019-12-22_1,50,none,,none_grayscale,docling_rapidocr,deepseek,7,0,0,0,7,0.0,0.0,0.0,0,,,,,92.156850724,1
peru21_2019-12-22_1,50,none,,otsu,docling_easyocr,deepseek,7,0,0,0,7,0.0,0.0,0.0,0,,,,,136.973252112,1
peru21_2019-12-22_1,50,none,,otsu,docling_rapidocr,deepseek,7,1,0,1,7,0.0,0.0,0.0,0,,,,,92.383781487,0
peru21_2019-12-22_1,50,none,,yannihorne,docling_easyocr,deepseek,7,0,0,0,7,0.0,0.0,0.0,0,,,,,132.374801928,1
peru21_2019-12-22_1,50,none,,yannihorne,docling_rapidocr,deepseek,7,0,0,0,7,0.0,0.0,0.0,0,,,,,89.914219672,1
peru21_2019-12-22_1,51,none,,adaptive_gaussian,docling_easyocr,deepseek,7,0,0,0,7,0.0,0.0,0.0,0,,,,,54.896696151,1
peru21_2019-12-22_1,51,none,,adaptive_gaussian,docling_rapidocr,deepseek,7,1,1,0,6,1.0,0.142857,0.25,1,1.2828282828282829,1.25,0.0,0.0,10.414546788,0
peru21_2019-12-22_1,51,none,,adaptive_mean,docling_easyocr,deepseek,7,0,0,0,7,0.0,0.0,0.0,0,,,,,57.887609563,1
peru21_2019-12-22_1,51,none,,adaptive_mean,docling_rapidocr,deepseek,7,0,0,0,7,0.0,0.0,0.0,0,,,,,9.711259923,1
peru21_2019-12-22_1,51,none,,basic,docling_easyocr,deepseek,7,5,5,0,2,1.0,0.714286,0.833333,5,0.9017670524915863,1.0,0.0,0.0,54.357755235,0
peru21_2019-12-22_1,51,none,,basic,docling_rapidocr,deepseek,7,6,6,0,1,1.0,0.857143,0.923077,6,0.8597696450839947,0.9398148148148149,0.0,0.0,10.338856747,0
peru21_2019-12-22_1,51,none,,niblack,docling_easyocr,deepseek,7,0,0,0,7,0.0,0.0,0.0,0,,,,,54.828185143,1
peru21_2019-12-22_1,51,none,,niblack,docling_rapidocr,deepseek,7,0,0,0,7,0.0,0.0,0.0,0,,,,,9.376169982,1
peru21_2019-12-22_1,51,none,,none_color,docling_easyocr,deepseek,7,1,1,0,6,1.0,0.142857,0.25,1,1.7179487179487178,1.7142857142857142,1.0,1.0,55.210889079,0
peru21_2019-12-22_1,51,none,,none_color,docling_rapidocr,deepseek,7,1,0,1,7,0.0,0.0,0.0,0,,,,,10.880233981,0
peru21_2019-12-22_1,51,none,,none_grayscale,docling_easyocr,deepseek,7,1,0,1,7,0.0,0.0,0.0,0,,,,,55.117531112,0
peru21_2019-12-22_1,51,none,,none_grayscale,docling_rapidocr,deepseek,7,1,0,1,7,0.0,0.0,0.0,0,,,,,10.890836051,0
peru21_2019-12-22_1,51,none,,otsu,docling_easyocr,deepseek,7,1,0,1,7,0.0,0.0,0.0,0,,,,,56.581103997,0
peru21_2019-12-22_1,51,none,,otsu,docling_rapidocr,deepseek,7,1,0,1,7,0.0,0.0,0.0,0,,,,,10.425208525,0
peru21_2019-12-22_1,51,none,,yannihorne,docling_easyocr,deepseek,7,0,0,0,7,0.0,0.0,0.0,0,,,,,50.64294167,1
peru21_2019-12-22_1,51,none,,yannihorne,docling_rapidocr,deepseek,7,0,0,0,7,0.0,0.0,0.0,0,,,,,8.37808104,1
peru21_2019-12-22_1,52,none,,adaptive_gaussian,docling_easyocr,deepseek,7,0,0,0,7,0.0,0.0,0.0,0,,,,,57.90434014,1
peru21_2019-12-22_1,52,none,,adaptive_gaussian,docling_rapidocr,deepseek,7,0,0,0,7,0.0,0.0,0.0,0,,,,,9.783190362,1
peru21_2019-12-22_1,52,none,,adaptive_mean,docling_easyocr,deepseek,7,0,0,0,7,0.0,0.0,0.0,0,,,,,55.180886878,1
peru21_2019-12-22_1,52,none,,adaptive_mean,docling_rapidocr,deepseek,7,0,0,0,7,0.0,0.0,0.0,0,,,,,9.678676499,1
peru21_2019-12-22_1,52,none,,basic,docling_easyocr,deepseek,7,6,0,6,7,0.0,0.0,0.0,4,0.3617785012691756,0.7464285714285714,1.0,1.0,54.777117831,0
peru21_2019-12-22_1,52,none,,basic,docling_rapidocr,deepseek,7,0,0,0,7,0.0,0.0,0.0,0,,,,,10.81535278,1
peru21_2019-12-22_1,52,none,,niblack,docling_easyocr,deepseek,7,0,0,0,7,0.0,0.0,0.0,0,,,,,54.643235268,1
peru21_2019-12-22_1,52,none,,niblack,docling_rapidocr,deepseek,7,0,0,0,7,0.0,0.0,0.0,0,,,,,9.120289387,1
peru21_2019-12-22_1,52,none,,none_color,docling_easyocr,deepseek,7,4,4,0,3,1.0,0.571429,0.727273,4,0.83415465622574,0.8214285714285714,1.0,0.0,57.699950963,0
peru21_2019-12-22_1,52,none,,none_color,docling_rapidocr,deepseek,7,0,0,0,7,0.0,0.0,0.0,0,,,,,10.741249352,1
peru21_2019-12-22_1,52,none,,none_grayscale,docling_easyocr,deepseek,7,3,0,3,7,0.0,0.0,0.0,0,,,,,57.43978439,0
peru21_2019-12-22_1,52,none,,none_grayscale,docling_rapidocr,deepseek,7,1,0,1,7,0.0,0.0,0.0,0,,,,,10.804487569,0
peru21_2019-12-22_1,52,none,,otsu,docling_easyocr,deepseek,7,0,0,0,7,0.0,0.0,0.0,0,,,,,57.346124823,1
peru21_2019-12-22_1,52,none,,otsu,docling_rapidocr,deepseek,7,1,0,1,7,0.0,0.0,0.0,0,,,,,10.350650008,0
peru21_2019-12-22_1,52,none,,yannihorne,docling_easyocr,deepseek,7,0,0,0,7,0.0,0.0,0.0,0,,,,,48.801508435,1
peru21_2019-12-22_1,52,none,,yannihorne,docling_rapidocr,deepseek,7,0,0,0,7,0.0,0.0,0.0,0,,,,,8.170699605,1
peru21_2019-12-22_1,53,none,,adaptive_gaussian,docling_easyocr,deepseek,7,0,0,0,7,0.0,0.0,0.0,0,,,,,57.129007285,1
peru21_2019-12-22_1,53,none,,adaptive_gaussian,docling_rapidocr,deepseek,7,1,1,0,6,1.0,0.142857,0.25,1,0.7878787878787878,1.0,0.0,0.0,10.242885297,0
peru21_2019-12-22_1,53,none,,adaptive_mean,docling_easyocr,deepseek,7,0,0,0,7,0.0,0.0,0.0,0,,,,,57.977951493,1
peru21_2019-12-22_1,53,none,,adaptive_mean,docling_rapidocr,deepseek,7,1,1,0,6,1.0,0.142857,0.25,1,0.8686868686868687,1.0,0.0,0.0,9.926938262,0
peru21_2019-12-22_1,53,none,,basic,docling_easyocr,deepseek,7,0,0,0,7,0.0,0.0,0.0,0,,,,,54.217940816,1
peru21_2019-12-22_1,53,none,,basic,docling_rapidocr,deepseek,7,0,0,0,7,0.0,0.0,0.0,0,,,,,10.448567637,1
peru21_2019-12-22_1,53,none,,niblack,docling_easyocr,deepseek,7,0,0,0,7,0.0,0.0,0.0,0,,,,,54.424534911,1
peru21_2019-12-22_1,53,none,,niblack,docling_rapidocr,deepseek,7,0,0,0,7,0.0,0.0,0.0,0,,,,,9.833049887,1
peru21_2019-12-22_1,53,none,,none_color,docling_easyocr,deepseek,7,0,0,0,7,0.0,0.0,0.0,0,,,,,57.86972111,1
peru21_2019-12-22_1,53,none,,none_color,docling_rapidocr,deepseek,7,0,0,0,7,0.0,0.0,0.0,0,,,,,10.87723368,1
peru21_2019-12-22_1,53,none,,none_grayscale,docling_easyocr,deepseek,7,0,0,0,7,0.0,0.0,0.0,0,,,,,57.758256133,1
peru21_2019-12-22_1,53,none,,none_grayscale,docling_rapidocr,deepseek,7,0,0,0,7,0.0,0.0,0.0,0,,,,,10.62816685,1
peru21_2019-12-22_1,53,none,,otsu,docling_easyocr,deepseek,7,1,0,1,7,0.0,0.0,0.0,0,,,,,56.614546141,0
peru21_2019-12-22_1,53,none,,otsu,docling_rapidocr,deepseek,7,6,6,0,1,1.0,0.857143,0.923077,6,0.9976793110374361,0.9821428571428571,0.0,0.0,10.58528336,0
peru21_2019-12-22_1,53,none,,yannihorne,docling_easyocr,deepseek,7,0,0,0,7,0.0,0.0,0.0,0,,,,,50.63328918,1
peru21_2019-12-22_1,53,none,,yannihorne,docling_rapidocr,deepseek,7,0,0,0,7,0.0,0.0,0.0,0,,,,,8.280013642,1
peru21_2021-08-02_8,0,none,,adaptive_gaussian,docling_easyocr,deepseek,1,0,0,0,1,0.0,0.0,0.0,0,,,,,30.65497596,1
peru21_2021-08-02_8,0,none,,adaptive_gaussian,docling_rapidocr,deepseek,1,0,0,0,1,0.0,0.0,0.0,0,,,,,7.960754225,1
peru21_2021-08-02_8,0,none,,adaptive_mean,docling_easyocr,deepseek,1,0,0,0,1,0.0,0.0,0.0,0,,,,,29.494310686,1
peru21_2021-08-02_8,0,none,,adaptive_mean,docling_rapidocr,deepseek,1,0,0,0,1,0.0,0.0,0.0,0,,,,,7.833539793,1
peru21_2021-08-02_8,0,none,,basic,docling_easyocr,deepseek,1,0,0,0,1,0.0,0.0,0.0,0,,,,,38.406073732,1
peru21_2021-08-02_8,0,none,,basic,docling_rapidocr,deepseek,1,0,0,0,1,0.0,0.0,0.0,0,,,,,10.104355259,1
peru21_2021-08-02_8,0,none,,niblack,docling_easyocr,deepseek,1,0,0,0,1,0.0,0.0,0.0,0,,,,,29.903904091,1
peru21_2021-08-02_8,0,none,,niblack,docling_rapidocr,deepseek,1,0,0,0,1,0.0,0.0,0.0,0,,,,,7.834084879,1
peru21_2021-08-02_8,0,none,,none_color,docling_easyocr,deepseek,1,0,0,0,1,0.0,0.0,0.0,0,,,,,56.480875892,1
peru21_2021-08-02_8,0,none,,none_color,docling_rapidocr,deepseek,1,0,0,0,1,0.0,0.0,0.0,0,,,,,15.353410406,1
peru21_2021-08-02_8,0,none,,none_grayscale,docling_easyocr,deepseek,1,0,0,0,1,0.0,0.0,0.0,0,,,,,55.812175436,1
peru21_2021-08-02_8,0,none,,none_grayscale,docling_rapidocr,deepseek,1,0,0,0,1,0.0,0.0,0.0,0,,,,,15.391789121,1
peru21_2021-08-02_8,0,none,,otsu,docling_easyocr,deepseek,1,0,0,0,1,0.0,0.0,0.0,0,,,,,54.263405796,1
peru21_2021-08-02_8,0,none,,otsu,docling_rapidocr,deepseek,1,0,0,0,1,0.0,0.0,0.0,0,,,,,15.447170969,1
peru21_2021-08-02_8,1,none,,adaptive_gaussian,docling_easyocr,deepseek,1,0,0,0,1,0.0,0.0,0.0,0,,,,,31.369027517,1
peru21_2021-08-02_8,1,none,,adaptive_gaussian,docling_rapidocr,deepseek,1,0,0,0,1,0.0,0.0,0.0,0,,,,,9.526724956,1
peru21_2021-08-02_8,1,none,,adaptive_mean,docling_easyocr,deepseek,1,0,0,0,1,0.0,0.0,0.0,0,,,,,30.684470556,1
peru21_2021-08-02_8,1,none,,adaptive_mean,docling_rapidocr,deepseek,1,0,0,0,1,0.0,0.0,0.0,0,,,,,8.505135677,1
peru21_2021-08-02_8,1,none,,basic,docling_easyocr,deepseek,1,0,0,0,1,0.0,0.0,0.0,0,,,,,55.185977693,1
peru21_2021-08-02_8,1,none,,basic,docling_rapidocr,deepseek,1,0,0,0,1,0.0,0.0,0.0,0,,,,,15.321011301,1
peru21_2021-08-02_8,1,none,,niblack,docling_easyocr,deepseek,1,0,0,0,1,0.0,0.0,0.0,0,,,,,30.504684578,1
peru21_2021-08-02_8,1,none,,niblack,docling_rapidocr,deepseek,1,0,0,0,1,0.0,0.0,0.0,0,,,,,7.733448396,1
peru21_2021-08-02_8,1,none,,none_color,docling_easyocr,deepseek,1,1,0,1,1,0.0,0.0,0.0,1,0.017241379310344827,0.125,0.9674282936315022,0.9821717990275527,56.371000763,0
peru21_2021-08-02_8,1,none,,none_color,docling_rapidocr,deepseek,1,0,0,0,1,0.0,0.0,0.0,0,,,,,15.995902534,1
peru21_2021-08-02_8,1,none,,none_grayscale,docling_easyocr,deepseek,1,1,0,1,1,0.0,0.0,0.0,0,,,,,55.483132358,0
peru21_2021-08-02_8,1,none,,none_grayscale,docling_rapidocr,deepseek,1,0,0,0,1,0.0,0.0,0.0,0,,,,,16.494050976,1
peru21_2021-08-02_8,1,none,,otsu,docling_easyocr,deepseek,1,0,0,0,1,0.0,0.0,0.0,0,,,,,53.70235593,1
peru21_2021-08-02_8,1,none,,otsu,docling_rapidocr,deepseek,1,0,0,0,1,0.0,0.0,0.0,0,,,,,16.149337599,1
peru21_2021-08-02_8,2,none,,adaptive_gaussian,docling_easyocr,deepseek,1,0,0,0,1,0.0,0.0,0.0,0,,,,,30.163826845,1
peru21_2021-08-02_8,2,none,,adaptive_gaussian,docling_rapidocr,deepseek,1,0,0,0,1,0.0,0.0,0.0,0,,,,,7.989617489,1
peru21_2021-08-02_8,2,none,,adaptive_mean,docling_easyocr,deepseek,1,0,0,0,1,0.0,0.0,0.0,0,,,,,29.209507606,1
peru21_2021-08-02_8,2,none,,adaptive_mean,docling_rapidocr,deepseek,1,0,0,0,1,0.0,0.0,0.0,0,,,,,8.092006586,1
peru21_2021-08-02_8,2,none,,basic,docling_easyocr,deepseek,1,0,0,0,1,0.0,0.0,0.0,0,,,,,32.734906193,1
peru21_2021-08-02_8,2,none,,basic,docling_rapidocr,deepseek,1,0,0,0,1,0.0,0.0,0.0,0,,,,,8.259462591,1
peru21_2021-08-02_8,2,none,,niblack,docling_easyocr,deepseek,1,0,0,0,1,0.0,0.0,0.0,0,,,,,30.029694998,1
peru21_2021-08-02_8,2,none,,niblack,docling_rapidocr,deepseek,1,0,0,0,1,0.0,0.0,0.0,0,,,,,7.80682131,1
peru21_2021-08-02_8,2,none,,none_color,docling_easyocr,deepseek,1,0,0,0,1,0.0,0.0,0.0,0,,,,,56.741959329,1
peru21_2021-08-02_8,2,none,,none_color,docling_rapidocr,deepseek,1,1,0,1,1,0.0,0.0,0.0,1,0.0,0.0,0.842002916869227,0.93354943273906,16.340157982,0
peru21_2021-08-02_8,2,none,,none_grayscale,docling_easyocr,deepseek,1,0,0,0,1,0.0,0.0,0.0,0,,,,,56.918688055,1
peru21_2021-08-02_8,2,none,,none_grayscale,docling_rapidocr,deepseek,1,1,0,1,1,0.0,0.0,0.0,1,0.0,0.0,0.842002916869227,0.93354943273906,16.406063553,0
peru21_2021-08-02_8,2,none,,otsu,docling_easyocr,deepseek,1,0,0,0,1,0.0,0.0,0.0,0,,,,,55.225808378,1
peru21_2021-08-02_8,2,none,,otsu,docling_rapidocr,deepseek,1,0,0,0,1,0.0,0.0,0.0,0,,,,,15.260362621,1
peru21_2021-08-02_8,3,none,,adaptive_gaussian,docling_easyocr,deepseek,1,0,0,0,1,0.0,0.0,0.0,0,,,,,29.359366247,1
peru21_2021-08-02_8,3,none,,adaptive_gaussian,docling_rapidocr,deepseek,1,0,0,0,1,0.0,0.0,0.0,0,,,,,8.062337229,1
peru21_2021-08-02_8,3,none,,adaptive_mean,docling_easyocr,deepseek,1,0,0,0,1,0.0,0.0,0.0,0,,,,,29.38552601,1
peru21_2021-08-02_8,3,none,,adaptive_mean,docling_rapidocr,deepseek,1,0,0,0,1,0.0,0.0,0.0,0,,,,,8.055899212,1
peru21_2021-08-02_8,3,none,,basic,docling_easyocr,deepseek,1,0,0,0,1,0.0,0.0,0.0,0,,,,,29.21843378,1
peru21_2021-08-02_8,3,none,,basic,docling_rapidocr,deepseek,1,0,0,0,1,0.0,0.0,0.0,0,,,,,8.224610491,1
peru21_2021-08-02_8,3,none,,niblack,docling_easyocr,deepseek,1,0,0,0,1,0.0,0.0,0.0,0,,,,,30.57333642,1
peru21_2021-08-02_8,3,none,,niblack,docling_rapidocr,deepseek,1,0,0,0,1,0.0,0.0,0.0,0,,,,,7.995235262,1
peru21_2021-08-02_8,3,none,,none_color,docling_easyocr,deepseek,1,0,0,0,1,0.0,0.0,0.0,0,,,,,31.285396023,1
peru21_2021-08-02_8,3,none,,none_color,docling_rapidocr,deepseek,1,0,0,0,1,0.0,0.0,0.0,0,,,,,16.586960001,1
peru21_2021-08-02_8,3,none,,none_grayscale,docling_easyocr,deepseek,1,0,0,0,1,0.0,0.0,0.0,0,,,,,29.615966005,1
peru21_2021-08-02_8,3,none,,none_grayscale,docling_rapidocr,deepseek,1,0,0,0,1,0.0,0.0,0.0,0,,,,,16.61198966,1
peru21_2021-08-02_8,3,none,,otsu,docling_easyocr,deepseek,1,0,0,0,1,0.0,0.0,0.0,0,,,,,31.302268263,1
peru21_2021-08-02_8,3,none,,otsu,docling_rapidocr,deepseek,1,0,0,0,1,0.0,0.0,0.0,0,,,,,11.302649256,1
peru21_2021-08-02_8,4,none,,adaptive_gaussian,docling_easyocr,deepseek,1,0,0,0,1,0.0,0.0,0.0,0,,,,,29.303769878,1
peru21_2021-08-02_8,4,none,,adaptive_gaussian,docling_rapidocr,deepseek,1,0,0,0,1,0.0,0.0,0.0,0,,,,,8.133573345,1
peru21_2021-08-02_8,4,none,,adaptive_mean,docling_easyocr,deepseek,1,0,0,0,1,0.0,0.0,0.0,0,,,,,29.576829247,1
peru21_2021-08-02_8,4,none,,adaptive_mean,docling_rapidocr,deepseek,1,0,0,0,1,0.0,0.0,0.0,0,,,,,8.118957094,1
peru21_2021-08-02_8,4,none,,basic,docling_easyocr,deepseek,1,0,0,0,1,0.0,0.0,0.0,0,,,,,32.352310087,1
peru21_2021-08-02_8,4,none,,basic,docling_rapidocr,deepseek,1,0,0,0,1,0.0,0.0,0.0,0,,,,,8.440359499,1
peru21_2021-08-02_8,4,none,,none_color,docling_easyocr,deepseek,1,0,0,0,1,0.0,0.0,0.0,0,,,,,32.223984148,1
peru21_2021-08-02_8,4,none,,none_color,docling_rapidocr,deepseek,1,0,0,0,1,0.0,0.0,0.0,0,,,,,15.70385256,1
peru21_2021-08-02_8,4,none,,none_grayscale,docling_easyocr,deepseek,1,0,0,0,1,0.0,0.0,0.0,0,,,,,30.425027754,1
peru21_2021-08-02_8,4,none,,none_grayscale,docling_rapidocr,deepseek,1,0,0,0,1,0.0,0.0,0.0,0,,,,,16.620965626,1
peru21_2021-08-02_8,4,none,,otsu,docling_easyocr,deepseek,1,0,0,0,1,0.0,0.0,0.0,0,,,,,46.85444186,1
peru21_2021-08-02_8,4,none,,otsu,docling_rapidocr,deepseek,1,1,0,1,1,0.0,0.0,0.0,1,0.0,0.0,0.9912493923189111,0.9983792544570502,13.833358267,0
peru21_2021-08-02_8,5,none,,adaptive_gaussian,docling_easyocr,deepseek,1,0,0,0,1,0.0,0.0,0.0,0,,,,,29.332073263,1
peru21_2021-08-02_8,5,none,,adaptive_gaussian,docling_rapidocr,deepseek,1,0,0,0,1,0.0,0.0,0.0,0,,,,,8.074769072,1
peru21_2021-08-02_8,5,none,,adaptive_mean,docling_easyocr,deepseek,1,0,0,0,1,0.0,0.0,0.0,0,,,,,31.214020542,1
peru21_2021-08-02_8,5,none,,adaptive_mean,docling_rapidocr,deepseek,1,0,0,0,1,0.0,0.0,0.0,0,,,,,7.873597912,1
peru21_2021-08-02_8,5,none,,basic,docling_easyocr,deepseek,1,0,0,0,1,0.0,0.0,0.0,0,,,,,30.40297785,1
peru21_2021-08-02_8,5,none,,basic,docling_rapidocr,deepseek,1,0,0,0,1,0.0,0.0,0.0,0,,,,,7.973482754,1
peru21_2021-08-02_8,5,none,,niblack,docling_easyocr,deepseek,1,0,0,0,1,0.0,0.0,0.0,0,,,,,29.038804882,1
peru21_2021-08-02_8,5,none,,niblack,docling_rapidocr,deepseek,1,0,0,0,1,0.0,0.0,0.0,0,,,,,8.102597111,1
peru21_2021-08-02_8,5,none,,none_color,docling_easyocr,deepseek,1,0,0,0,1,0.0,0.0,0.0,0,,,,,31.474921848,1
peru21_2021-08-02_8,5,none,,none_color,docling_rapidocr,deepseek,1,1,0,1,1,0.0,0.0,0.0,1,0.0,0.0,0.9654837141468158,0.9886547811993517,8.282745029,0
peru21_2021-08-02_8,5,none,,none_grayscale,docling_easyocr,deepseek,1,0,0,0,1,0.0,0.0,0.0,0,,,,,31.677934792,1
peru21_2021-08-02_8,5,none,,none_grayscale,docling_rapidocr,deepseek,1,1,0,1,1,0.0,0.0,0.0,1,0.0,0.0,0.9654837141468158,0.9886547811993517,8.140604164,0
peru21_2021-08-02_8,5,none,,otsu,docling_easyocr,deepseek,1,0,0,0,1,0.0,0.0,0.0,0,,,,,29.839489605,1
peru21_2021-08-02_8,5,none,,otsu,docling_rapidocr,deepseek,1,1,0,1,1,0.0,0.0,0.0,1,0.0,0.0,0.9854156538648517,0.9918962722852512,8.229825165,0
peru21_2021-08-02_8,6,none,,adaptive_gaussian,docling_easyocr,deepseek,1,0,0,0,1,0.0,0.0,0.0,0,,,,,30.306493261,1
peru21_2021-08-02_8,6,none,,adaptive_gaussian,docling_rapidocr,deepseek,1,0,0,0,1,0.0,0.0,0.0,0,,,,,8.028550127,1
peru21_2021-08-02_8,6,none,,adaptive_mean,docling_easyocr,deepseek,1,0,0,0,1,0.0,0.0,0.0,0,,,,,31.373737553,1
peru21_2021-08-02_8,6,none,,adaptive_mean,docling_rapidocr,deepseek,1,0,0,0,1,0.0,0.0,0.0,0,,,,,8.084948757,1
peru21_2021-08-02_8,6,none,,basic,docling_easyocr,deepseek,1,0,0,0,1,0.0,0.0,0.0,0,,,,,31.055615259,1
peru21_2021-08-02_8,6,none,,basic,docling_rapidocr,deepseek,1,0,0,0,1,0.0,0.0,0.0,0,,,,,8.112676931,1
peru21_2021-08-02_8,6,none,,niblack,docling_easyocr,deepseek,1,0,0,0,1,0.0,0.0,0.0,0,,,,,28.674315016,1
peru21_2021-08-02_8,6,none,,niblack,docling_rapidocr,deepseek,1,0,0,0,1,0.0,0.0,0.0,0,,,,,7.946312706,1
peru21_2021-08-02_8,6,none,,none_color,docling_easyocr,deepseek,1,0,0,0,1,0.0,0.0,0.0,0,,,,,31.274711443,1
peru21_2021-08-02_8,6,none,,none_color,docling_rapidocr,deepseek,1,0,0,0,1,0.0,0.0,0.0,0,,,,,15.404249264,1
peru21_2021-08-02_8,6,none,,none_grayscale,docling_easyocr,deepseek,1,0,0,0,1,0.0,0.0,0.0,0,,,,,33.214055134,1
peru21_2021-08-02_8,6,none,,none_grayscale,docling_rapidocr,deepseek,1,0,0,0,1,0.0,0.0,0.0,0,,,,,14.771510912,1
peru21_2021-08-02_8,6,none,,otsu,docling_easyocr,deepseek,1,0,0,0,1,0.0,0.0,0.0,0,,,,,32.372679379,1
peru21_2021-08-02_8,6,none,,otsu,docling_rapidocr,deepseek,1,0,0,0,1,0.0,0.0,0.0,0,,,,,8.00941148,1
peru21_2021-08-02_8,7,none,,adaptive_gaussian,docling_easyocr,deepseek,1,0,0,0,1,0.0,0.0,0.0,0,,,,,30.862960701,1
peru21_2021-08-02_8,7,none,,adaptive_gaussian,docling_rapidocr,deepseek,1,0,0,0,1,0.0,0.0,0.0,0,,,,,7.784808521,1
peru21_2021-08-02_8,7,none,,adaptive_mean,docling_easyocr,deepseek,1,0,0,0,1,0.0,0.0,0.0,0,,,,,30.759253315,1
peru21_2021-08-02_8,7,none,,adaptive_mean,docling_rapidocr,deepseek,1,0,0,0,1,0.0,0.0,0.0,0,,,,,7.789193682,1
peru21_2021-08-02_8,7,none,,basic,docling_easyocr,deepseek,1,0,0,0,1,0.0,0.0,0.0,0,,,,,31.678227331,1
peru21_2021-08-02_8,7,none,,basic,docling_rapidocr,deepseek,1,0,0,0,1,0.0,0.0,0.0,0,,,,,8.411436941,1
peru21_2021-08-02_8,7,none,,none_color,docling_easyocr,deepseek,1,0,0,0,1,0.0,0.0,0.0,0,,,,,35.711241152,1
peru21_2021-08-02_8,7,none,,none_color,docling_rapidocr,deepseek,1,0,0,0,1,0.0,0.0,0.0,0,,,,,15.691198256,1
peru21_2021-08-02_8,7,none,,none_grayscale,docling_easyocr,deepseek,1,0,0,0,1,0.0,0.0,0.0,0,,,,,37.066683199,1
peru21_2021-08-02_8,7,none,,none_grayscale,docling_rapidocr,deepseek,1,0,0,0,1,0.0,0.0,0.0,0,,,,,14.975076582,1
peru21_2021-08-02_8,7,none,,otsu,docling_easyocr,deepseek,1,0,0,0,1,0.0,0.0,0.0,0,,,,,49.754526117,1
peru21_2021-08-02_8,7,none,,otsu,docling_rapidocr,deepseek,1,2,0,2,1,0.0,0.0,0.0,1,0.0,0.0,0.9837141468157511,0.993517017828201,14.148544291,0
peru21_2021-08-02_8,8,none,,adaptive_gaussian,docling_easyocr,deepseek,1,0,0,0,1,0.0,0.0,0.0,0,,,,,31.012705442,1
peru21_2021-08-02_8,8,none,,adaptive_gaussian,docling_rapidocr,deepseek,1,0,0,0,1,0.0,0.0,0.0,0,,,,,7.350435611,1
peru21_2021-08-02_8,8,none,,adaptive_mean,docling_easyocr,deepseek,1,0,0,0,1,0.0,0.0,0.0,0,,,,,29.097556468,1
peru21_2021-08-02_8,8,none,,adaptive_mean,docling_rapidocr,deepseek,1,0,0,0,1,0.0,0.0,0.0,0,,,,,7.619134542,1
peru21_2021-08-02_8,8,none,,basic,docling_easyocr,deepseek,1,0,0,0,1,0.0,0.0,0.0,0,,,,,30.464100808,1
peru21_2021-08-02_8,8,none,,basic,docling_rapidocr,deepseek,1,0,0,0,1,0.0,0.0,0.0,0,,,,,7.831057758,1
peru21_2021-08-02_8,8,none,,niblack,docling_easyocr,deepseek,1,0,0,0,1,0.0,0.0,0.0,0,,,,,30.477439508,1
peru21_2021-08-02_8,8,none,,niblack,docling_rapidocr,deepseek,1,0,0,0,1,0.0,0.0,0.0,0,,,,,7.338944301,1
peru21_2021-08-02_8,8,none,,none_color,docling_easyocr,deepseek,1,0,0,0,1,0.0,0.0,0.0,0,,,,,30.826832027,1
peru21_2021-08-02_8,8,none,,none_color,docling_rapidocr,deepseek,1,0,0,0,1,0.0,0.0,0.0,0,,,,,8.196143836,1
peru21_2021-08-02_8,8,none,,none_grayscale,docling_easyocr,deepseek,1,0,0,0,1,0.0,0.0,0.0,0,,,,,32.185627193,1
peru21_2021-08-02_8,8,none,,none_grayscale,docling_rapidocr,deepseek,1,0,0,0,1,0.0,0.0,0.0,0,,,,,7.898781747,1
peru21_2021-08-02_8,8,none,,otsu,docling_easyocr,deepseek,1,0,0,0,1,0.0,0.0,0.0,0,,,,,31.561051578,1
peru21_2021-08-02_8,8,none,,otsu,docling_rapidocr,deepseek,1,0,0,0,1,0.0,0.0,0.0,0,,,,,7.914651841,1
peru21_2021-08-02_8,9,none,,adaptive_gaussian,docling_easyocr,deepseek,1,0,0,0,1,0.0,0.0,0.0,0,,,,,29.224504514,1
peru21_2021-08-02_8,9,none,,adaptive_gaussian,docling_rapidocr,deepseek,1,0,0,0,1,0.0,0.0,0.0,0,,,,,7.630996509,1
peru21_2021-08-02_8,9,none,,adaptive_mean,docling_easyocr,deepseek,1,0,0,0,1,0.0,0.0,0.0,0,,,,,30.857788368,1
peru21_2021-08-02_8,9,none,,adaptive_mean,docling_rapidocr,deepseek,1,0,0,0,1,0.0,0.0,0.0,0,,,,,7.597481056,1
peru21_2021-08-02_8,9,none,,basic,docling_easyocr,deepseek,1,0,0,0,1,0.0,0.0,0.0,0,,,,,138.541900056,1
peru21_2021-08-02_8,9,none,,basic,docling_rapidocr,deepseek,1,0,0,0,1,0.0,0.0,0.0,0,,,,,115.719036239,1
peru21_2021-08-02_8,9,none,,none_color,docling_easyocr,deepseek,1,0,0,0,1,0.0,0.0,0.0,0,,,,,32.17661466,1
peru21_2021-08-02_8,9,none,,none_color,docling_rapidocr,deepseek,1,0,0,0,1,0.0,0.0,0.0,0,,,,,14.901712077,1
peru21_2021-08-02_8,9,none,,none_grayscale,docling_easyocr,deepseek,1,0,0,0,1,0.0,0.0,0.0,0,,,,,32.086736816,1
peru21_2021-08-02_8,9,none,,none_grayscale,docling_rapidocr,deepseek,1,0,0,0,1,0.0,0.0,0.0,0,,,,,15.256665366,1
peru21_2021-08-02_8,9,none,,otsu,docling_easyocr,deepseek,1,0,0,0,1,0.0,0.0,0.0,0,,,,,31.783788175,1
peru21_2021-08-02_8,9,none,,otsu,docling_rapidocr,deepseek,1,0,0,0,1,0.0,0.0,0.0,0,,,,,14.086896867,1
peru21_2021-08-02_8,10,none,,adaptive_gaussian,docling_easyocr,deepseek,1,0,0,0,1,0.0,0.0,0.0,0,,,,,29.723399755,1
peru21_2021-08-02_8,10,none,,adaptive_gaussian,docling_rapidocr,deepseek,1,0,0,0,1,0.0,0.0,0.0,0,,,,,7.844118949,1
peru21_2021-08-02_8,10,none,,adaptive_mean,docling_easyocr,deepseek,1,0,0,0,1,0.0,0.0,0.0,0,,,,,31.039007303,1
peru21_2021-08-02_8,10,none,,adaptive_mean,docling_rapidocr,deepseek,1,0,0,0,1,0.0,0.0,0.0,0,,,,,7.879613038,1
peru21_2021-08-02_8,10,none,,basic,docling_easyocr,deepseek,1,0,0,0,1,0.0,0.0,0.0,0,,,,,139.877919168,1
peru21_2021-08-02_8,10,none,,basic,docling_rapidocr,deepseek,1,0,0,0,1,0.0,0.0,0.0,0,,,,,121.255550117,1
peru21_2021-08-02_8,10,none,,niblack,docling_easyocr,deepseek,1,0,0,0,1,0.0,0.0,0.0,0,,,,,29.317578897,1
peru21_2021-08-02_8,10,none,,niblack,docling_rapidocr,deepseek,1,0,0,0,1,0.0,0.0,0.0,0,,,,,7.828319654,1
peru21_2021-08-02_8,10,none,,none_color,docling_easyocr,deepseek,1,0,0,0,1,0.0,0.0,0.0,0,,,,,32.402583093,1
peru21_2021-08-02_8,10,none,,none_color,docling_rapidocr,deepseek,1,0,0,0,1,0.0,0.0,0.0,0,,,,,16.379612417,1
peru21_2021-08-02_8,10,none,,none_grayscale,docling_easyocr,deepseek,1,0,0,0,1,0.0,0.0,0.0,0,,,,,31.894453973,1
peru21_2021-08-02_8,10,none,,none_grayscale,docling_rapidocr,deepseek,1,0,0,0,1,0.0,0.0,0.0,0,,,,,16.392558784,1
peru21_2021-08-02_8,10,none,,otsu,docling_easyocr,deepseek,1,0,0,0,1,0.0,0.0,0.0,0,,,,,46.040244146,1
peru21_2021-08-02_8,10,none,,otsu,docling_rapidocr,deepseek,1,0,0,0,1,0.0,0.0,0.0,0,,,,,14.766182943,1
peru21_2021-08-02_8,11,none,,adaptive_gaussian,docling_easyocr,deepseek,1,0,0,0,1,0.0,0.0,0.0,0,,,,,31.030781146,1
peru21_2021-08-02_8,11,none,,adaptive_gaussian,docling_rapidocr,deepseek,1,0,0,0,1,0.0,0.0,0.0,0,,,,,7.642117854,1
peru21_2021-08-02_8,11,none,,adaptive_mean,docling_easyocr,deepseek,1,0,0,0,1,0.0,0.0,0.0,0,,,,,29.920707269,1
peru21_2021-08-02_8,11,none,,adaptive_mean,docling_rapidocr,deepseek,1,0,0,0,1,0.0,0.0,0.0,0,,,,,7.963059707,1
peru21_2021-08-02_8,11,none,,basic,docling_easyocr,deepseek,1,0,0,0,1,0.0,0.0,0.0,0,,,,,30.919360608,1
peru21_2021-08-02_8,11,none,,basic,docling_rapidocr,deepseek,1,0,0,0,1,0.0,0.0,0.0,0,,,,,7.490419359,1
peru21_2021-08-02_8,11,none,,none_color,docling_easyocr,deepseek,1,0,0,0,1,0.0,0.0,0.0,0,,,,,31.866359443,1
peru21_2021-08-02_8,11,none,,none_color,docling_rapidocr,deepseek,1,0,0,0,1,0.0,0.0,0.0,0,,,,,15.317297668,1
peru21_2021-08-02_8,11,none,,none_grayscale,docling_easyocr,deepseek,1,0,0,0,1,0.0,0.0,0.0,0,,,,,30.216525525,1
peru21_2021-08-02_8,11,none,,none_grayscale,docling_rapidocr,deepseek,1,0,0,0,1,0.0,0.0,0.0,0,,,,,15.406679839,1
peru21_2021-08-02_8,11,none,,otsu,docling_easyocr,deepseek,1,0,0,0,1,0.0,0.0,0.0,0,,,,,30.372744769,1
peru21_2021-08-02_8,11,none,,otsu,docling_rapidocr,deepseek,1,0,0,0,1,0.0,0.0,0.0,0,,,,,7.837484092,1
peru21_2021-08-02_8,12,none,,adaptive_gaussian,docling_easyocr,deepseek,1,0,0,0,1,0.0,0.0,0.0,0,,,,,37.689669755,1
peru21_2021-08-02_8,12,none,,adaptive_gaussian,docling_rapidocr,deepseek,1,0,0,0,1,0.0,0.0,0.0,0,,,,,13.892645743,1
peru21_2021-08-02_8,12,none,,adaptive_mean,docling_easyocr,deepseek,1,0,0,0,1,0.0,0.0,0.0,0,,,,,36.551146653,1
peru21_2021-08-02_8,12,none,,adaptive_mean,docling_rapidocr,deepseek,1,0,0,0,1,0.0,0.0,0.0,0,,,,,13.732530501,1
peru21_2021-08-02_8,12,none,,basic,docling_easyocr,deepseek,1,0,0,0,1,0.0,0.0,0.0,0,,,,,44.283812762,1
peru21_2021-08-02_8,12,none,,basic,docling_rapidocr,deepseek,1,0,0,0,1,0.0,0.0,0.0,0,,,,,16.513318301,1
peru21_2021-08-02_8,12,none,,niblack,docling_easyocr,deepseek,1,0,0,0,1,0.0,0.0,0.0,0,,,,,34.857412307,1
peru21_2021-08-02_8,12,none,,niblack,docling_rapidocr,deepseek,1,0,0,0,1,0.0,0.0,0.0,0,,,,,13.372148482,1
peru21_2021-08-02_8,12,none,,none_color,docling_easyocr,deepseek,1,1,0,1,1,0.0,0.0,0.0,0,,,,,63.61530614,0
peru21_2021-08-02_8,12,none,,none_color,docling_rapidocr,deepseek,1,0,0,0,1,0.0,0.0,0.0,0,,,,,21.385697366,1
peru21_2021-08-02_8,12,none,,none_grayscale,docling_easyocr,deepseek,1,0,0,0,1,0.0,0.0,0.0,0,,,,,64.442873241,1
peru21_2021-08-02_8,12,none,,none_grayscale,docling_rapidocr,deepseek,1,0,0,0,1,0.0,0.0,0.0,0,,,,,21.932018758,1
peru21_2021-08-02_8,12,none,,otsu,docling_easyocr,deepseek,1,0,0,0,1,0.0,0.0,0.0,0,,,,,58.733523442,1
peru21_2021-08-02_8,12,none,,otsu,docling_rapidocr,deepseek,1,0,0,0,1,0.0,0.0,0.0,0,,,,,21.429339006,1
peru21_2021-08-02_8,13,none,,adaptive_gaussian,docling_easyocr,deepseek,1,1,0,1,1,0.0,0.0,0.0,1,0.05172413793103448,0.25,0.9997569275644141,1.0,38.087084018,0
peru21_2021-08-02_8,13,none,,adaptive_gaussian,docling_rapidocr,deepseek,1,0,0,0,1,0.0,0.0,0.0,0,,,,,16.017879926,1
peru21_2021-08-02_8,13,none,,adaptive_mean,docling_easyocr,deepseek,1,0,0,0,1,0.0,0.0,0.0,0,,,,,37.650169097,1
peru21_2021-08-02_8,13,none,,adaptive_mean,docling_rapidocr,deepseek,1,0,0,0,1,0.0,0.0,0.0,0,,,,,14.651243888,1
peru21_2021-08-02_8,13,none,,basic,docling_easyocr,deepseek,1,0,0,0,1,0.0,0.0,0.0,0,,,,,63.477174577,1
peru21_2021-08-02_8,13,none,,basic,docling_rapidocr,deepseek,1,1,0,1,1,0.0,0.0,0.0,1,1.7758620689655173,1.75,0.8599902771025766,0.9627228525121556,21.834855613,0
peru21_2021-08-02_8,13,none,,niblack,docling_easyocr,deepseek,1,0,0,0,1,0.0,0.0,0.0,0,,,,,37.299122834,1
peru21_2021-08-02_8,13,none,,niblack,docling_rapidocr,deepseek,1,0,0,0,1,0.0,0.0,0.0,0,,,,,14.177083755,1
peru21_2021-08-02_8,13,none,,none_color,docling_easyocr,deepseek,1,0,0,0,1,0.0,0.0,0.0,0,,,,,62.532003221,1
peru21_2021-08-02_8,13,none,,none_color,docling_rapidocr,deepseek,1,0,0,0,1,0.0,0.0,0.0,0,,,,,22.478795108,1
peru21_2021-08-02_8,13,none,,none_grayscale,docling_easyocr,deepseek,1,1,0,1,1,0.0,0.0,0.0,0,,,,,64.278175172,0
peru21_2021-08-02_8,13,none,,none_grayscale,docling_rapidocr,deepseek,1,0,0,0,1,0.0,0.0,0.0,0,,,,,22.25062519,1
peru21_2021-08-02_8,13,none,,otsu,docling_easyocr,deepseek,1,0,0,0,1,0.0,0.0,0.0,0,,,,,62.774654756,1
peru21_2021-08-02_8,13,none,,otsu,docling_rapidocr,deepseek,1,0,0,0,1,0.0,0.0,0.0,0,,,,,22.991492639,1
peru21_2021-08-02_8,14,none,,adaptive_gaussian,docling_easyocr,deepseek,1,0,0,0,1,0.0,0.0,0.0,0,,,,,36.50462909,1
peru21_2021-08-02_8,14,none,,adaptive_gaussian,docling_rapidocr,deepseek,1,0,0,0,1,0.0,0.0,0.0,0,,,,,14.370007709,1
peru21_2021-08-02_8,14,none,,adaptive_mean,docling_easyocr,deepseek,1,0,0,0,1,0.0,0.0,0.0,0,,,,,36.142393306,1
peru21_2021-08-02_8,14,none,,adaptive_mean,docling_rapidocr,deepseek,1,0,0,0,1,0.0,0.0,0.0,0,,,,,14.122779801,1
peru21_2021-08-02_8,14,none,,basic,docling_easyocr,deepseek,1,0,0,0,1,0.0,0.0,0.0,0,,,,,39.233377029,1
peru21_2021-08-02_8,14,none,,basic,docling_rapidocr,deepseek,1,0,0,0,1,0.0,0.0,0.0,0,,,,,14.859819223,1
peru21_2021-08-02_8,14,none,,niblack,docling_easyocr,deepseek,1,0,0,0,1,0.0,0.0,0.0,0,,,,,35.656709853,1
peru21_2021-08-02_8,14,none,,niblack,docling_rapidocr,deepseek,1,0,0,0,1,0.0,0.0,0.0,0,,,,,14.449819985,1
peru21_2021-08-02_8,14,none,,none_color,docling_easyocr,deepseek,1,1,0,1,1,0.0,0.0,0.0,0,,,,,64.613235284,0
peru21_2021-08-02_8,14,none,,none_color,docling_rapidocr,deepseek,1,0,0,0,1,0.0,0.0,0.0,0,,,,,22.928829242,1
peru21_2021-08-02_8,14,none,,none_grayscale,docling_easyocr,deepseek,1,1,0,1,1,0.0,0.0,0.0,0,,,,,64.799925853,0
peru21_2021-08-02_8,14,none,,none_grayscale,docling_rapidocr,deepseek,1,0,0,0,1,0.0,0.0,0.0,0,,,,,22.311870385,1
peru21_2021-08-02_8,14,none,,otsu,docling_easyocr,deepseek,1,0,0,0,1,0.0,0.0,0.0,0,,,,,61.1794055,1
peru21_2021-08-02_8,14,none,,otsu,docling_rapidocr,deepseek,1,0,0,0,1,0.0,0.0,0.0,0,,,,,21.270606328,1
peru21_2021-08-02_8,15,none,,adaptive_gaussian,docling_easyocr,deepseek,1,0,0,0,1,0.0,0.0,0.0,0,,,,,30.774842233,1
peru21_2021-08-02_8,15,none,,adaptive_gaussian,docling_rapidocr,deepseek,1,1,0,1,1,0.0,0.0,0.0,1,0.10344827586206896,0.375,0.9861448711716091,0.9918962722852512,7.807880372,0
peru21_2021-08-02_8,15,none,,adaptive_mean,docling_easyocr,deepseek,1,0,0,0,1,0.0,0.0,0.0,0,,,,,30.388394088,1
peru21_2021-08-02_8,15,none,,adaptive_mean,docling_rapidocr,deepseek,1,0,0,0,1,0.0,0.0,0.0,0,,,,,8.129104823,1
peru21_2021-08-02_8,15,none,,basic,docling_easyocr,deepseek,1,0,0,0,1,0.0,0.0,0.0,0,,,,,56.150332038,1
peru21_2021-08-02_8,15,none,,basic,docling_rapidocr,deepseek,1,1,0,1,1,0.0,0.0,0.0,0,,,,,14.844686334,0
peru21_2021-08-02_8,15,none,,niblack,docling_easyocr,deepseek,1,0,0,0,1,0.0,0.0,0.0,0,,,,,29.666690381,1
peru21_2021-08-02_8,15,none,,niblack,docling_rapidocr,deepseek,1,0,0,0,1,0.0,0.0,0.0,0,,,,,7.809732469,1
peru21_2021-08-02_8,15,none,,none_color,docling_easyocr,deepseek,1,0,0,0,1,0.0,0.0,0.0,0,,,,,55.756087606,1
peru21_2021-08-02_8,15,none,,none_color,docling_rapidocr,deepseek,1,0,0,0,1,0.0,0.0,0.0,0,,,,,16.373249595,1
peru21_2021-08-02_8,15,none,,none_grayscale,docling_easyocr,deepseek,1,0,0,0,1,0.0,0.0,0.0,0,,,,,58.235819165,1
peru21_2021-08-02_8,15,none,,none_grayscale,docling_rapidocr,deepseek,1,0,0,0,1,0.0,0.0,0.0,0,,,,,16.077455346,1
peru21_2021-08-02_8,15,none,,otsu,docling_easyocr,deepseek,1,0,0,0,1,0.0,0.0,0.0,0,,,,,54.868294614,1
peru21_2021-08-02_8,15,none,,otsu,docling_rapidocr,deepseek,1,0,0,0,1,0.0,0.0,0.0,0,,,,,15.206355947,1
peru21_2021-08-02_8,16,none,,adaptive_gaussian,docling_easyocr,deepseek,1,0,0,0,1,0.0,0.0,0.0,0,,,,,30.573217186,1
peru21_2021-08-02_8,16,none,,adaptive_gaussian,docling_rapidocr,deepseek,1,0,0,0,1,0.0,0.0,0.0,0,,,,,7.808261189,1
peru21_2021-08-02_8,16,none,,adaptive_mean,docling_easyocr,deepseek,1,0,0,0,1,0.0,0.0,0.0,0,,,,,30.545300516,1
peru21_2021-08-02_8,16,none,,adaptive_mean,docling_rapidocr,deepseek,1,0,0,0,1,0.0,0.0,0.0,0,,,,,7.73297933,1
peru21_2021-08-02_8,16,none,,basic,docling_easyocr,deepseek,1,0,0,0,1,0.0,0.0,0.0,0,,,,,55.191382296,1
peru21_2021-08-02_8,16,none,,basic,docling_rapidocr,deepseek,1,1,0,1,1,0.0,0.0,0.0,1,1.5689655172413792,1.25,0.842002916869227,0.940032414910859,15.376302368,0
peru21_2021-08-02_8,16,none,,niblack,docling_easyocr,deepseek,1,0,0,0,1,0.0,0.0,0.0,0,,,,,28.588855764,1
peru21_2021-08-02_8,16,none,,niblack,docling_rapidocr,deepseek,1,0,0,0,1,0.0,0.0,0.0,0,,,,,7.857875368,1
peru21_2021-08-02_8,16,none,,none_color,docling_easyocr,deepseek,1,0,0,0,1,0.0,0.0,0.0,0,,,,,56.857324249,1
peru21_2021-08-02_8,16,none,,none_color,docling_rapidocr,deepseek,1,0,0,0,1,0.0,0.0,0.0,0,,,,,15.87610758,1
peru21_2021-08-02_8,16,none,,none_grayscale,docling_easyocr,deepseek,1,0,0,0,1,0.0,0.0,0.0,0,,,,,54.703601486,1
peru21_2021-08-02_8,16,none,,none_grayscale,docling_rapidocr,deepseek,1,0,0,0,1,0.0,0.0,0.0,0,,,,,16.030499823,1
peru21_2021-08-02_8,16,none,,otsu,docling_easyocr,deepseek,1,0,0,0,1,0.0,0.0,0.0,0,,,,,56.244260748,1
peru21_2021-08-02_8,16,none,,otsu,docling_rapidocr,deepseek,1,0,0,0,1,0.0,0.0,0.0,0,,,,,16.377320011,1
peru21_2021-08-02_8,17,none,,adaptive_gaussian,docling_easyocr,deepseek,1,0,0,0,1,0.0,0.0,0.0,0,,,,,31.221448454,1
peru21_2021-08-02_8,17,none,,adaptive_gaussian,docling_rapidocr,deepseek,1,0,0,0,1,0.0,0.0,0.0,0,,,,,8.116029057,1
peru21_2021-08-02_8,17,none,,adaptive_mean,docling_easyocr,deepseek,1,0,0,0,1,0.0,0.0,0.0,0,,,,,31.185643467,1
peru21_2021-08-02_8,17,none,,adaptive_mean,docling_rapidocr,deepseek,1,0,0,0,1,0.0,0.0,0.0,0,,,,,8.541440996,1
peru21_2021-08-02_8,17,none,,basic,docling_easyocr,deepseek,1,0,0,0,1,0.0,0.0,0.0,0,,,,,33.51846946,1
peru21_2021-08-02_8,17,none,,basic,docling_rapidocr,deepseek,1,0,0,0,1,0.0,0.0,0.0,0,,,,,8.367251522,1
peru21_2021-08-02_8,17,none,,niblack,docling_easyocr,deepseek,1,0,0,0,1,0.0,0.0,0.0,0,,,,,28.608119747,1
peru21_2021-08-02_8,17,none,,niblack,docling_rapidocr,deepseek,1,0,0,0,1,0.0,0.0,0.0,0,,,,,7.860066673,1
peru21_2021-08-02_8,17,none,,none_color,docling_easyocr,deepseek,1,0,0,0,1,0.0,0.0,0.0,0,,,,,56.242562181,1
peru21_2021-08-02_8,17,none,,none_color,docling_rapidocr,deepseek,1,0,0,0,1,0.0,0.0,0.0,0,,,,,15.440045483,1
peru21_2021-08-02_8,17,none,,none_grayscale,docling_easyocr,deepseek,1,0,0,0,1,0.0,0.0,0.0,0,,,,,58.765419609,1
peru21_2021-08-02_8,17,none,,none_grayscale,docling_rapidocr,deepseek,1,0,0,0,1,0.0,0.0,0.0,0,,,,,15.232576019,1
peru21_2021-08-02_8,17,none,,otsu,docling_easyocr,deepseek,1,0,0,0,1,0.0,0.0,0.0,0,,,,,55.49029792,1
peru21_2021-08-02_8,17,none,,otsu,docling_rapidocr,deepseek,1,0,0,0,1,0.0,0.0,0.0,0,,,,,16.084928162,1
peru21_2021-08-02_8,18,none,,adaptive_gaussian,docling_easyocr,deepseek,1,0,0,0,1,0.0,0.0,0.0,0,,,,,29.331548368,1
peru21_2021-08-02_8,18,none,,adaptive_gaussian,docling_rapidocr,deepseek,1,0,0,0,1,0.0,0.0,0.0,0,,,,,8.595376646,1
peru21_2021-08-02_8,18,none,,adaptive_mean,docling_easyocr,deepseek,1,0,0,0,1,0.0,0.0,0.0,0,,,,,30.045984184,1
peru21_2021-08-02_8,18,none,,adaptive_mean,docling_rapidocr,deepseek,1,0,0,0,1,0.0,0.0,0.0,0,,,,,7.857361471,1
peru21_2021-08-02_8,18,none,,basic,docling_easyocr,deepseek,1,0,0,0,1,0.0,0.0,0.0,0,,,,,29.968631516,1
peru21_2021-08-02_8,18,none,,basic,docling_rapidocr,deepseek,1,0,0,0,1,0.0,0.0,0.0,0,,,,,7.747039089,1
peru21_2021-08-02_8,18,none,,niblack,docling_easyocr,deepseek,1,0,0,0,1,0.0,0.0,0.0,0,,,,,29.26158514,1
peru21_2021-08-02_8,18,none,,otsu,docling_easyocr,deepseek,1,0,0,0,1,0.0,0.0,0.0,0,,,,,29.893550406,1
peru21_2021-08-02_8,18,none,,otsu,docling_rapidocr,deepseek,1,0,0,0,1,0.0,0.0,0.0,0,,,,,7.87024642,1
peru21_2021-08-02_8,18,none,,yannihorne,docling_easyocr,deepseek,1,1,0,1,1,0.0,0.0,0.0,1,0.7758620689655172,1.0,0.9316966456003889,0.9756888168557536,28.750518808,0
peru21_2021-08-02_8,19,none,,adaptive_gaussian,docling_easyocr,deepseek,1,0,0,0,1,0.0,0.0,0.0,0,,,,,29.498045174,1
peru21_2021-08-02_8,19,none,,adaptive_gaussian,docling_rapidocr,deepseek,1,0,0,0,1,0.0,0.0,0.0,0,,,,,8.357316223,1
peru21_2021-08-02_8,19,none,,adaptive_mean,docling_easyocr,deepseek,1,0,0,0,1,0.0,0.0,0.0,0,,,,,29.629460302,1
peru21_2021-08-02_8,19,none,,adaptive_mean,docling_rapidocr,deepseek,1,0,0,0,1,0.0,0.0,0.0,0,,,,,7.817767826,1
peru21_2021-08-02_8,19,none,,basic,docling_easyocr,deepseek,1,0,0,0,1,0.0,0.0,0.0,0,,,,,29.605464281,1
peru21_2021-08-02_8,19,none,,basic,docling_rapidocr,deepseek,1,0,0,0,1,0.0,0.0,0.0,0,,,,,7.838193478,1
peru21_2021-08-02_8,19,none,,niblack,docling_easyocr,deepseek,1,0,0,0,1,0.0,0.0,0.0,0,,,,,29.465092138,1
peru21_2021-08-02_8,19,none,,none_color,docling_easyocr,deepseek,1,0,0,0,1,0.0,0.0,0.0,0,,,,,29.883632721,1
peru21_2021-08-02_8,19,none,,none_grayscale,docling_easyocr,deepseek,1,0,0,0,1,0.0,0.0,0.0,0,,,,,30.217582764,1
peru21_2021-08-02_8,19,none,,otsu,docling_easyocr,deepseek,1,0,0,0,1,0.0,0.0,0.0,0,,,,,29.825050177,1
peru21_2021-08-02_8,19,none,,otsu,docling_rapidocr,deepseek,1,0,0,0,1,0.0,0.0,0.0,0,,,,,7.872965397,1
peru21_2021-08-02_8,19,none,,yannihorne,docling_easyocr,deepseek,1,1,0,1,1,0.0,0.0,0.0,1,0.7758620689655172,1.0,0.9316966456003889,0.9756888168557536,29.312177481,0
peru21_2021-08-02_8,20,none,,adaptive_gaussian,docling_easyocr,deepseek,1,0,0,0,1,0.0,0.0,0.0,0,,,,,29.867711408,1
peru21_2021-08-02_8,20,none,,adaptive_gaussian,docling_rapidocr,deepseek,1,0,0,0,1,0.0,0.0,0.0,0,,,,,8.240743024,1
peru21_2021-08-02_8,20,none,,adaptive_mean,docling_easyocr,deepseek,1,0,0,0,1,0.0,0.0,0.0,0,,,,,30.639835221,1
peru21_2021-08-02_8,20,none,,adaptive_mean,docling_rapidocr,deepseek,1,0,0,0,1,0.0,0.0,0.0,0,,,,,7.467504365,1
peru21_2021-08-02_8,20,none,,basic,docling_easyocr,deepseek,1,0,0,0,1,0.0,0.0,0.0,0,,,,,28.345435577,1
peru21_2021-08-02_8,20,none,,basic,docling_rapidocr,deepseek,1,0,0,0,1,0.0,0.0,0.0,0,,,,,7.696105676,1
peru21_2021-08-02_8,20,none,,niblack,docling_easyocr,deepseek,1,0,0,0,1,0.0,0.0,0.0,0,,,,,29.841574044,1
peru21_2021-08-02_8,20,none,,otsu,docling_easyocr,deepseek,1,0,0,0,1,0.0,0.0,0.0,0,,,,,29.636266189,1
peru21_2021-08-02_8,20,none,,otsu,docling_rapidocr,deepseek,1,0,0,0,1,0.0,0.0,0.0,0,,,,,7.793381887,1
peru21_2021-08-02_8,20,none,,yannihorne,docling_easyocr,deepseek,1,1,0,1,1,0.0,0.0,0.0,1,0.7758620689655172,1.0,0.9316966456003889,0.9756888168557536,29.239154058,0
peru21_2021-08-02_8,21,none,,adaptive_gaussian,docling_easyocr,deepseek,1,0,0,0,1,0.0,0.0,0.0,0,,,,,46.961315686,1
peru21_2021-08-02_8,21,none,,adaptive_gaussian,docling_rapidocr,deepseek,1,0,0,0,1,0.0,0.0,0.0,0,,,,,25.218966062,1
peru21_2021-08-02_8,21,none,,adaptive_mean,docling_easyocr,deepseek,1,0,0,0,1,0.0,0.0,0.0,0,,,,,46.657960946,1
peru21_2021-08-02_8,21,none,,adaptive_mean,docling_rapidocr,deepseek,1,0,0,0,1,0.0,0.0,0.0,0,,,,,25.221279199,1
peru21_2021-08-02_8,21,none,,basic,docling_easyocr,deepseek,1,0,0,0,1,0.0,0.0,0.0,0,,,,,46.553431659,1
peru21_2021-08-02_8,21,none,,basic,docling_rapidocr,deepseek,1,0,0,0,1,0.0,0.0,0.0,0,,,,,24.999836116,1
peru21_2021-08-02_8,21,none,,niblack,docling_easyocr,deepseek,1,0,0,0,1,0.0,0.0,0.0,0,,,,,46.221056743,1
peru21_2021-08-02_8,21,none,,niblack,docling_rapidocr,deepseek,1,0,0,0,1,0.0,0.0,0.0,0,,,,,25.323177619,1
peru21_2021-08-02_8,21,none,,none_color,docling_easyocr,deepseek,1,0,0,0,1,0.0,0.0,0.0,0,,,,,46.887107282,1
peru21_2021-08-02_8,21,none,,none_color,docling_rapidocr,deepseek,1,0,0,0,1,0.0,0.0,0.0,0,,,,,33.91029778,1
peru21_2021-08-02_8,21,none,,none_grayscale,docling_easyocr,deepseek,1,0,0,0,1,0.0,0.0,0.0,0,,,,,47.278272061,1
peru21_2021-08-02_8,21,none,,none_grayscale,docling_rapidocr,deepseek,1,0,0,0,1,0.0,0.0,0.0,0,,,,,33.24716702,1
peru21_2021-08-02_8,21,none,,otsu,docling_easyocr,deepseek,1,0,0,0,1,0.0,0.0,0.0,0,,,,,48.420090346,1
peru21_2021-08-02_8,21,none,,otsu,docling_rapidocr,deepseek,1,0,0,0,1,0.0,0.0,0.0,0,,,,,24.928334622,1
peru21_2021-08-02_8,22,none,,adaptive_gaussian,docling_easyocr,deepseek,1,0,0,0,1,0.0,0.0,0.0,0,,,,,46.141061519,1
peru21_2021-08-02_8,22,none,,adaptive_gaussian,docling_rapidocr,deepseek,1,0,0,0,1,0.0,0.0,0.0,0,,,,,24.345557664,1
peru21_2021-08-02_8,22,none,,adaptive_mean,docling_easyocr,deepseek,1,0,0,0,1,0.0,0.0,0.0,0,,,,,45.858232162,1
peru21_2021-08-02_8,22,none,,adaptive_mean,docling_rapidocr,deepseek,1,0,0,0,1,0.0,0.0,0.0,0,,,,,23.648208043,1
peru21_2021-08-02_8,22,none,,basic,docling_easyocr,deepseek,1,0,0,0,1,0.0,0.0,0.0,0,,,,,52.209492513,1
peru21_2021-08-02_8,22,none,,basic,docling_rapidocr,deepseek,1,0,0,0,1,0.0,0.0,0.0,0,,,,,24.614493676,1
peru21_2021-08-02_8,22,none,,niblack,docling_easyocr,deepseek,1,0,0,0,1,0.0,0.0,0.0,0,,,,,45.983269654,1
peru21_2021-08-02_8,22,none,,niblack,docling_rapidocr,deepseek,1,0,0,0,1,0.0,0.0,0.0,0,,,,,23.827007257,1
peru21_2021-08-02_8,22,none,,none_color,docling_easyocr,deepseek,1,0,0,0,1,0.0,0.0,0.0,0,,,,,46.95624096,1
peru21_2021-08-02_8,22,none,,none_color,docling_rapidocr,deepseek,1,0,0,0,1,0.0,0.0,0.0,0,,,,,31.631703206,1
peru21_2021-08-02_8,22,none,,none_grayscale,docling_easyocr,deepseek,1,0,0,0,1,0.0,0.0,0.0,0,,,,,46.156197139,1
peru21_2021-08-02_8,22,none,,none_grayscale,docling_rapidocr,deepseek,1,0,0,0,1,0.0,0.0,0.0,0,,,,,32.598210403,1
peru21_2021-08-02_8,22,none,,otsu,docling_easyocr,deepseek,1,1,0,1,1,0.0,0.0,0.0,1,0.017241379310344827,0.125,0.9810403500243072,0.9918962722852512,49.907079049,0
peru21_2021-08-02_8,22,none,,otsu,docling_rapidocr,deepseek,1,0,0,0,1,0.0,0.0,0.0,0,,,,,24.538909742,1
peru21_2021-08-02_8,23,none,,adaptive_gaussian,docling_easyocr,deepseek,1,0,0,0,1,0.0,0.0,0.0,0,,,,,46.577060639,1
peru21_2021-08-02_8,23,none,,adaptive_gaussian,docling_rapidocr,deepseek,1,0,0,0,1,0.0,0.0,0.0,0,,,,,23.60074228,1
peru21_2021-08-02_8,23,none,,adaptive_mean,docling_easyocr,deepseek,1,0,0,0,1,0.0,0.0,0.0,0,,,,,45.540573775,1
peru21_2021-08-02_8,23,none,,adaptive_mean,docling_rapidocr,deepseek,1,0,0,0,1,0.0,0.0,0.0,0,,,,,23.520411431,1
peru21_2021-08-02_8,23,none,,basic,docling_easyocr,deepseek,1,0,0,0,1,0.0,0.0,0.0,0,,,,,45.132511411,1
peru21_2021-08-02_8,23,none,,basic,docling_rapidocr,deepseek,1,0,0,0,1,0.0,0.0,0.0,0,,,,,23.011663709,1
peru21_2021-08-02_8,23,none,,niblack,docling_easyocr,deepseek,1,0,0,0,1,0.0,0.0,0.0,0,,,,,44.440945554,1
peru21_2021-08-02_8,23,none,,niblack,docling_rapidocr,deepseek,1,0,0,0,1,0.0,0.0,0.0,0,,,,,23.316315341,1
peru21_2021-08-02_8,23,none,,none_color,docling_easyocr,deepseek,1,0,0,0,1,0.0,0.0,0.0,0,,,,,45.532103572,1
peru21_2021-08-02_8,23,none,,none_color,docling_rapidocr,deepseek,1,0,0,0,1,0.0,0.0,0.0,0,,,,,32.241760526,1
peru21_2021-08-02_8,23,none,,none_grayscale,docling_easyocr,deepseek,1,0,0,0,1,0.0,0.0,0.0,0,,,,,45.289703641,1
peru21_2021-08-02_8,23,none,,none_grayscale,docling_rapidocr,deepseek,1,0,0,0,1,0.0,0.0,0.0,0,,,,,33.250649486,1
peru21_2021-08-02_8,23,none,,otsu,docling_easyocr,deepseek,1,0,0,0,1,0.0,0.0,0.0,0,,,,,46.327058349,1
peru21_2021-08-02_8,23,none,,otsu,docling_rapidocr,deepseek,1,0,0,0,1,0.0,0.0,0.0,0,,,,,23.625922237,1
peru21_2021-08-02_8,24,none,,adaptive_gaussian,docling_easyocr,deepseek,1,0,0,0,1,0.0,0.0,0.0,0,,,,,32.731185808,1
peru21_2021-08-02_8,24,none,,adaptive_gaussian,docling_rapidocr,deepseek,1,0,0,0,1,0.0,0.0,0.0,0,,,,,9.479320898,1
peru21_2021-08-02_8,24,none,,adaptive_mean,docling_easyocr,deepseek,1,0,0,0,1,0.0,0.0,0.0,0,,,,,30.758214368,1
peru21_2021-08-02_8,24,none,,adaptive_mean,docling_rapidocr,deepseek,1,0,0,0,1,0.0,0.0,0.0,0,,,,,8.132265939,1
peru21_2021-08-02_8,24,none,,basic,docling_easyocr,deepseek,1,0,0,0,1,0.0,0.0,0.0,0,,,,,55.726453769,1
peru21_2021-08-02_8,24,none,,basic,docling_rapidocr,deepseek,1,0,0,0,1,0.0,0.0,0.0,0,,,,,15.172218788,1
peru21_2021-08-02_8,24,none,,niblack,docling_easyocr,deepseek,1,0,0,0,1,0.0,0.0,0.0,0,,,,,30.409200935,1
peru21_2021-08-02_8,24,none,,niblack,docling_rapidocr,deepseek,1,0,0,0,1,0.0,0.0,0.0,0,,,,,7.530674486,1
peru21_2021-08-02_8,24,none,,none_color,docling_easyocr,deepseek,1,0,0,0,1,0.0,0.0,0.0,0,,,,,56.175534475,1
peru21_2021-08-02_8,24,none,,none_color,docling_rapidocr,deepseek,1,0,0,0,1,0.0,0.0,0.0,0,,,,,15.408701408,1
peru21_2021-08-02_8,24,none,,none_grayscale,docling_easyocr,deepseek,1,1,0,1,1,0.0,0.0,0.0,0,,,,,56.481367576,0
peru21_2021-08-02_8,24,none,,none_grayscale,docling_rapidocr,deepseek,1,0,0,0,1,0.0,0.0,0.0,0,,,,,15.633886087,1
peru21_2021-08-02_8,24,none,,otsu,docling_easyocr,deepseek,1,0,0,0,1,0.0,0.0,0.0,0,,,,,56.074822486,1
peru21_2021-08-02_8,24,none,,otsu,docling_rapidocr,deepseek,1,0,0,0,1,0.0,0.0,0.0,0,,,,,15.446527065,1
peru21_2021-08-02_8,25,none,,adaptive_gaussian,docling_easyocr,deepseek,1,0,0,0,1,0.0,0.0,0.0,0,,,,,32.425035226,1
peru21_2021-08-02_8,25,none,,adaptive_gaussian,docling_rapidocr,deepseek,1,0,0,0,1,0.0,0.0,0.0,0,,,,,11.527234065,1
peru21_2021-08-02_8,25,none,,adaptive_mean,docling_easyocr,deepseek,1,0,0,0,1,0.0,0.0,0.0,0,,,,,31.636888015,1
peru21_2021-08-02_8,25,none,,adaptive_mean,docling_rapidocr,deepseek,1,0,0,0,1,0.0,0.0,0.0,0,,,,,10.875235307,1
peru21_2021-08-02_8,25,none,,basic,docling_easyocr,deepseek,1,0,0,0,1,0.0,0.0,0.0,0,,,,,54.689596734,1
peru21_2021-08-02_8,25,none,,basic,docling_rapidocr,deepseek,1,0,0,0,1,0.0,0.0,0.0,0,,,,,15.472400747,1
peru21_2021-08-02_8,25,none,,niblack,docling_easyocr,deepseek,1,0,0,0,1,0.0,0.0,0.0,0,,,,,28.877805759,1
peru21_2021-08-02_8,25,none,,niblack,docling_rapidocr,deepseek,1,0,0,0,1,0.0,0.0,0.0,0,,,,,7.593177129,1
peru21_2021-08-02_8,25,none,,none_color,docling_easyocr,deepseek,1,0,0,0,1,0.0,0.0,0.0,0,,,,,55.591776929,1
peru21_2021-08-02_8,25,none,,none_color,docling_rapidocr,deepseek,1,0,0,0,1,0.0,0.0,0.0,0,,,,,16.230973325,1
peru21_2021-08-02_8,25,none,,none_grayscale,docling_easyocr,deepseek,1,0,0,0,1,0.0,0.0,0.0,0,,,,,57.805311285,1
peru21_2021-08-02_8,25,none,,none_grayscale,docling_rapidocr,deepseek,1,0,0,0,1,0.0,0.0,0.0,0,,,,,16.492691837,1
peru21_2021-08-02_8,25,none,,otsu,docling_easyocr,deepseek,1,0,0,0,1,0.0,0.0,0.0,0,,,,,55.902059947,1
peru21_2021-08-02_8,25,none,,otsu,docling_rapidocr,deepseek,1,0,0,0,1,0.0,0.0,0.0,0,,,,,15.567156946,1
peru21_2021-08-02_8,26,none,,adaptive_gaussian,docling_easyocr,deepseek,1,0,0,0,1,0.0,0.0,0.0,0,,,,,32.771030414,1
peru21_2021-08-02_8,26,none,,adaptive_gaussian,docling_rapidocr,deepseek,1,0,0,0,1,0.0,0.0,0.0,0,,,,,9.426156986,1
peru21_2021-08-02_8,26,none,,adaptive_mean,docling_easyocr,deepseek,1,0,0,0,1,0.0,0.0,0.0,0,,,,,31.981520164,1
peru21_2021-08-02_8,26,none,,adaptive_mean,docling_rapidocr,deepseek,1,0,0,0,1,0.0,0.0,0.0,0,,,,,8.018326509,1
peru21_2021-08-02_8,26,none,,basic,docling_easyocr,deepseek,1,0,0,0,1,0.0,0.0,0.0,0,,,,,37.008055292,1
peru21_2021-08-02_8,26,none,,basic,docling_rapidocr,deepseek,1,5,0,5,1,0.0,0.0,0.0,1,0.0,0.0,0.9795819154107924,0.9918962722852512,11.047012887,0
peru21_2021-08-02_8,26,none,,niblack,docling_easyocr,deepseek,1,0,0,0,1,0.0,0.0,0.0,0,,,,,29.151242305,1
peru21_2021-08-02_8,26,none,,niblack,docling_rapidocr,deepseek,1,0,0,0,1,0.0,0.0,0.0,0,,,,,7.332950403,1
peru21_2021-08-02_8,26,none,,none_color,docling_easyocr,deepseek,1,0,0,0,1,0.0,0.0,0.0,0,,,,,58.73171433,1
peru21_2021-08-02_8,26,none,,none_color,docling_rapidocr,deepseek,1,0,0,0,1,0.0,0.0,0.0,0,,,,,16.13228973,1
peru21_2021-08-02_8,26,none,,none_grayscale,docling_easyocr,deepseek,1,0,0,0,1,0.0,0.0,0.0,0,,,,,58.343639694,1
peru21_2021-08-02_8,26,none,,none_grayscale,docling_rapidocr,deepseek,1,0,0,0,1,0.0,0.0,0.0,0,,,,,15.594359956,1
peru21_2021-08-02_8,26,none,,otsu,docling_easyocr,deepseek,1,0,0,0,1,0.0,0.0,0.0,0,,,,,57.012786708,1
peru21_2021-08-02_8,26,none,,otsu,docling_rapidocr,deepseek,1,0,0,0,1,0.0,0.0,0.0,0,,,,,16.22907599,1
peru21_2021-08-02_8,27,none,,adaptive_gaussian,docling_easyocr,deepseek,1,0,0,0,1,0.0,0.0,0.0,0,,,,,31.139102354,1
peru21_2021-08-02_8,27,none,,adaptive_gaussian,docling_rapidocr,deepseek,1,0,0,0,1,0.0,0.0,0.0,0,,,,,8.109396352,1
peru21_2021-08-02_8,27,none,,adaptive_mean,docling_easyocr,deepseek,1,0,0,0,1,0.0,0.0,0.0,0,,,,,29.954431667,1
peru21_2021-08-02_8,27,none,,adaptive_mean,docling_rapidocr,deepseek,1,0,0,0,1,0.0,0.0,0.0,0,,,,,7.454451932,1
peru21_2021-08-02_8,27,none,,basic,docling_easyocr,deepseek,1,0,0,0,1,0.0,0.0,0.0,0,,,,,52.099561441,1
peru21_2021-08-02_8,27,none,,basic,docling_rapidocr,deepseek,1,1,0,1,1,0.0,0.0,0.0,0,,,,,16.592032659,0
peru21_2021-08-02_8,27,none,,niblack,docling_easyocr,deepseek,1,0,0,0,1,0.0,0.0,0.0,0,,,,,28.997360589,1
peru21_2021-08-02_8,27,none,,niblack,docling_rapidocr,deepseek,1,0,0,0,1,0.0,0.0,0.0,0,,,,,7.457445981,1
peru21_2021-08-02_8,27,none,,none_color,docling_easyocr,deepseek,1,1,0,1,1,0.0,0.0,0.0,0,,,,,56.401247251,0
peru21_2021-08-02_8,27,none,,none_color,docling_rapidocr,deepseek,1,0,0,0,1,0.0,0.0,0.0,0,,,,,16.099927652,1
peru21_2021-08-02_8,27,none,,none_grayscale,docling_easyocr,deepseek,1,1,0,1,1,0.0,0.0,0.0,0,,,,,56.87419008,0
peru21_2021-08-02_8,27,none,,none_grayscale,docling_rapidocr,deepseek,1,0,0,0,1,0.0,0.0,0.0,0,,,,,15.781212318,1
peru21_2021-08-02_8,27,none,,otsu,docling_easyocr,deepseek,1,0,0,0,1,0.0,0.0,0.0,0,,,,,49.466275276,1
peru21_2021-08-02_8,27,none,,otsu,docling_rapidocr,deepseek,1,0,0,0,1,0.0,0.0,0.0,0,,,,,14.777499975,1
peru21_2021-08-02_8,28,none,,adaptive_gaussian,docling_easyocr,deepseek,1,0,0,0,1,0.0,0.0,0.0,0,,,,,31.838161873,1
peru21_2021-08-02_8,28,none,,adaptive_gaussian,docling_rapidocr,deepseek,1,0,0,0,1,0.0,0.0,0.0,0,,,,,7.985124039,1
peru21_2021-08-02_8,28,none,,adaptive_mean,docling_easyocr,deepseek,1,0,0,0,1,0.0,0.0,0.0,0,,,,,31.299267935,1
peru21_2021-08-02_8,28,none,,adaptive_mean,docling_rapidocr,deepseek,1,0,0,0,1,0.0,0.0,0.0,0,,,,,7.859870361,1
peru21_2021-08-02_8,28,none,,basic,docling_easyocr,deepseek,1,0,0,0,1,0.0,0.0,0.0,0,,,,,56.103781244,1
peru21_2021-08-02_8,28,none,,basic,docling_rapidocr,deepseek,1,0,0,0,1,0.0,0.0,0.0,0,,,,,15.778563282,1
peru21_2021-08-02_8,28,none,,niblack,docling_easyocr,deepseek,1,0,0,0,1,0.0,0.0,0.0,0,,,,,29.753757393,1
peru21_2021-08-02_8,28,none,,niblack,docling_rapidocr,deepseek,1,0,0,0,1,0.0,0.0,0.0,0,,,,,7.650677835,1
peru21_2021-08-02_8,28,none,,none_color,docling_easyocr,deepseek,1,0,0,0,1,0.0,0.0,0.0,0,,,,,56.867545626,1
peru21_2021-08-02_8,28,none,,none_color,docling_rapidocr,deepseek,1,0,0,0,1,0.0,0.0,0.0,0,,,,,15.442212126,1
peru21_2021-08-02_8,28,none,,none_grayscale,docling_easyocr,deepseek,1,1,0,1,1,0.0,0.0,0.0,0,,,,,54.138360044,0
peru21_2021-08-02_8,28,none,,none_grayscale,docling_rapidocr,deepseek,1,0,0,0,1,0.0,0.0,0.0,0,,,,,15.4595144,1
peru21_2021-08-02_8,28,none,,otsu,docling_easyocr,deepseek,1,1,0,1,1,0.0,0.0,0.0,0,,,,,52.776035402,0
peru21_2021-08-02_8,28,none,,otsu,docling_rapidocr,deepseek,1,0,0,0,1,0.0,0.0,0.0,0,,,,,15.789177034,1
peru21_2021-08-02_8,29,none,,adaptive_gaussian,docling_easyocr,deepseek,1,0,0,0,1,0.0,0.0,0.0,0,,,,,29.791773008,1
peru21_2021-08-02_8,29,none,,adaptive_gaussian,docling_rapidocr,deepseek,1,0,0,0,1,0.0,0.0,0.0,0,,,,,7.785094189,1
peru21_2021-08-02_8,29,none,,adaptive_mean,docling_easyocr,deepseek,1,0,0,0,1,0.0,0.0,0.0,0,,,,,29.109432791,1
peru21_2021-08-02_8,29,none,,adaptive_mean,docling_rapidocr,deepseek,1,0,0,0,1,0.0,0.0,0.0,0,,,,,7.709764336,1
peru21_2021-08-02_8,29,none,,basic,docling_easyocr,deepseek,1,0,0,0,1,0.0,0.0,0.0,0,,,,,37.709241888,1
peru21_2021-08-02_8,29,none,,basic,docling_rapidocr,deepseek,1,0,0,0,1,0.0,0.0,0.0,0,,,,,10.488112709,1
peru21_2021-08-02_8,29,none,,niblack,docling_easyocr,deepseek,1,0,0,0,1,0.0,0.0,0.0,0,,,,,29.595939863,1
peru21_2021-08-02_8,29,none,,niblack,docling_rapidocr,deepseek,1,0,0,0,1,0.0,0.0,0.0,0,,,,,7.745310533,1
peru21_2021-08-02_8,29,none,,none_color,docling_easyocr,deepseek,1,0,0,0,1,0.0,0.0,0.0,0,,,,,55.783862135,1
peru21_2021-08-02_8,29,none,,none_color,docling_rapidocr,deepseek,1,0,0,0,1,0.0,0.0,0.0,0,,,,,15.543875954,1
peru21_2021-08-02_8,29,none,,none_grayscale,docling_easyocr,deepseek,1,0,0,0,1,0.0,0.0,0.0,0,,,,,57.781997463,1
peru21_2021-08-02_8,29,none,,none_grayscale,docling_rapidocr,deepseek,1,0,0,0,1,0.0,0.0,0.0,0,,,,,15.322419664,1
peru21_2021-08-02_8,29,none,,otsu,docling_easyocr,deepseek,1,0,0,0,1,0.0,0.0,0.0,0,,,,,49.774332306,1
peru21_2021-08-02_8,29,none,,otsu,docling_rapidocr,deepseek,1,0,0,0,1,0.0,0.0,0.0,0,,,,,14.425406239,1
peru21_2021-08-02_8,30,none,,adaptive_gaussian,docling_easyocr,deepseek,1,0,0,0,1,0.0,0.0,0.0,0,,,,,30.442519758,1
peru21_2021-08-02_8,30,none,,adaptive_gaussian,docling_rapidocr,deepseek,1,0,0,0,1,0.0,0.0,0.0,0,,,,,8.096360777,1
peru21_2021-08-02_8,30,none,,adaptive_mean,docling_easyocr,deepseek,1,0,0,0,1,0.0,0.0,0.0,0,,,,,29.27926049,1
peru21_2021-08-02_8,30,none,,adaptive_mean,docling_rapidocr,deepseek,1,0,0,0,1,0.0,0.0,0.0,0,,,,,7.990320299,1
peru21_2021-08-02_8,30,none,,basic,docling_easyocr,deepseek,1,0,0,0,1,0.0,0.0,0.0,0,,,,,30.121769377,1
peru21_2021-08-02_8,30,none,,basic,docling_rapidocr,deepseek,1,0,0,0,1,0.0,0.0,0.0,0,,,,,8.018767782,1
peru21_2021-08-02_8,30,none,,niblack,docling_easyocr,deepseek,1,0,0,0,1,0.0,0.0,0.0,0,,,,,28.947682297,1
peru21_2021-08-02_8,30,none,,niblack,docling_rapidocr,deepseek,1,0,0,0,1,0.0,0.0,0.0,0,,,,,7.661073362,1
peru21_2021-08-02_8,30,none,,none_color,docling_easyocr,deepseek,1,0,0,0,1,0.0,0.0,0.0,0,,,,,30.234645554,1
peru21_2021-08-02_8,30,none,,none_color,docling_rapidocr,deepseek,1,0,0,0,1,0.0,0.0,0.0,0,,,,,15.967100092,1
peru21_2021-08-02_8,30,none,,none_grayscale,docling_easyocr,deepseek,1,0,0,0,1,0.0,0.0,0.0,0,,,,,30.117023416,1
peru21_2021-08-02_8,30,none,,none_grayscale,docling_rapidocr,deepseek,1,0,0,0,1,0.0,0.0,0.0,0,,,,,16.312231012,1
peru21_2021-08-02_8,30,none,,otsu,docling_easyocr,deepseek,1,0,0,0,1,0.0,0.0,0.0,0,,,,,33.347435495,1
peru21_2021-08-02_8,30,none,,otsu,docling_rapidocr,deepseek,1,0,0,0,1,0.0,0.0,0.0,0,,,,,9.517452023,1
peru21_2021-08-02_8,31,none,,adaptive_gaussian,docling_easyocr,deepseek,1,0,0,0,1,0.0,0.0,0.0,0,,,,,30.080048489,1
peru21_2021-08-02_8,31,none,,adaptive_gaussian,docling_rapidocr,deepseek,1,0,0,0,1,0.0,0.0,0.0,0,,,,,7.665069031,1
peru21_2021-08-02_8,31,none,,adaptive_mean,docling_easyocr,deepseek,1,0,0,0,1,0.0,0.0,0.0,0,,,,,30.728944706,1
peru21_2021-08-02_8,31,none,,adaptive_mean,docling_rapidocr,deepseek,1,0,0,0,1,0.0,0.0,0.0,0,,,,,7.75447123,1
peru21_2021-08-02_8,31,none,,basic,docling_easyocr,deepseek,1,0,0,0,1,0.0,0.0,0.0,0,,,,,32.200710794,1
peru21_2021-08-02_8,31,none,,basic,docling_rapidocr,deepseek,1,0,0,0,1,0.0,0.0,0.0,0,,,,,9.111427566,1
peru21_2021-08-02_8,31,none,,none_color,docling_easyocr,deepseek,1,0,0,0,1,0.0,0.0,0.0,0,,,,,30.321522018,1
peru21_2021-08-02_8,31,none,,none_color,docling_rapidocr,deepseek,1,1,0,1,1,0.0,0.0,0.0,0,,,,,16.191492102,0
peru21_2021-08-02_8,31,none,,none_grayscale,docling_easyocr,deepseek,1,0,0,0,1,0.0,0.0,0.0,0,,,,,30.67290642,1
peru21_2021-08-02_8,31,none,,none_grayscale,docling_rapidocr,deepseek,1,1,0,1,1,0.0,0.0,0.0,0,,,,,16.628144524,0
peru21_2021-08-02_8,31,none,,otsu,docling_easyocr,deepseek,1,0,0,0,1,0.0,0.0,0.0,0,,,,,47.604349707,1
peru21_2021-08-02_8,31,none,,otsu,docling_rapidocr,deepseek,1,0,0,0,1,0.0,0.0,0.0,0,,,,,13.854592894,1
peru21_2021-08-02_8,32,none,,adaptive_gaussian,docling_easyocr,deepseek,1,0,0,0,1,0.0,0.0,0.0,0,,,,,30.124183698,1
peru21_2021-08-02_8,32,none,,adaptive_gaussian,docling_rapidocr,deepseek,1,0,0,0,1,0.0,0.0,0.0,0,,,,,7.812533899,1
peru21_2021-08-02_8,32,none,,adaptive_mean,docling_easyocr,deepseek,1,0,0,0,1,0.0,0.0,0.0,0,,,,,30.08869247,1
peru21_2021-08-02_8,32,none,,adaptive_mean,docling_rapidocr,deepseek,1,0,0,0,1,0.0,0.0,0.0,0,,,,,8.050230785,1
peru21_2021-08-02_8,32,none,,basic,docling_easyocr,deepseek,1,0,0,0,1,0.0,0.0,0.0,0,,,,,30.270011562,1
peru21_2021-08-02_8,32,none,,basic,docling_rapidocr,deepseek,1,0,0,0,1,0.0,0.0,0.0,0,,,,,7.832051653,1
peru21_2021-08-02_8,32,none,,niblack,docling_easyocr,deepseek,1,0,0,0,1,0.0,0.0,0.0,0,,,,,30.124708757,1
peru21_2021-08-02_8,32,none,,niblack,docling_rapidocr,deepseek,1,0,0,0,1,0.0,0.0,0.0,0,,,,,7.639343843,1
peru21_2021-08-02_8,32,none,,none_color,docling_easyocr,deepseek,1,0,0,0,1,0.0,0.0,0.0,0,,,,,29.785913128,1
peru21_2021-08-02_8,32,none,,none_color,docling_rapidocr,deepseek,1,1,0,1,1,0.0,0.0,0.0,0,,,,,14.076676029,0
peru21_2021-08-02_8,32,none,,none_grayscale,docling_easyocr,deepseek,1,0,0,0,1,0.0,0.0,0.0,0,,,,,30.682589191,1
peru21_2021-08-02_8,32,none,,none_grayscale,docling_rapidocr,deepseek,1,1,0,1,1,0.0,0.0,0.0,0,,,,,13.472651857,0
peru21_2021-08-02_8,32,none,,otsu,docling_easyocr,deepseek,1,0,0,0,1,0.0,0.0,0.0,0,,,,,31.053439277,1
peru21_2021-08-02_8,32,none,,otsu,docling_rapidocr,deepseek,1,0,0,0,1,0.0,0.0,0.0,0,,,,,8.949724573,1
peru21_2021-08-02_8,33,none,,adaptive_gaussian,docling_easyocr,deepseek,1,0,0,0,1,0.0,0.0,0.0,0,,,,,29.011900635,1
peru21_2021-08-02_8,33,none,,adaptive_gaussian,docling_rapidocr,deepseek,1,0,0,0,1,0.0,0.0,0.0,0,,,,,7.930222959,1
peru21_2021-08-02_8,33,none,,adaptive_mean,docling_easyocr,deepseek,1,0,0,0,1,0.0,0.0,0.0,0,,,,,29.251043291,1
peru21_2021-08-02_8,33,none,,adaptive_mean,docling_rapidocr,deepseek,1,0,0,0,1,0.0,0.0,0.0,0,,,,,8.134284944,1
peru21_2021-08-02_8,33,none,,basic,docling_easyocr,deepseek,1,0,0,0,1,0.0,0.0,0.0,0,,,,,30.851939504,1
peru21_2021-08-02_8,33,none,,basic,docling_rapidocr,deepseek,1,0,0,0,1,0.0,0.0,0.0,0,,,,,8.243049448,1
peru21_2021-08-02_8,33,none,,niblack,docling_easyocr,deepseek,1,0,0,0,1,0.0,0.0,0.0,0,,,,,29.163800272,1
peru21_2021-08-02_8,33,none,,niblack,docling_rapidocr,deepseek,1,0,0,0,1,0.0,0.0,0.0,0,,,,,7.526488098,1
peru21_2021-08-02_8,33,none,,none_color,docling_easyocr,deepseek,1,0,0,0,1,0.0,0.0,0.0,0,,,,,31.254066532,1
peru21_2021-08-02_8,33,none,,none_color,docling_rapidocr,deepseek,1,0,0,0,1,0.0,0.0,0.0,0,,,,,14.589520758,1
peru21_2021-08-02_8,33,none,,none_grayscale,docling_easyocr,deepseek,1,0,0,0,1,0.0,0.0,0.0,0,,,,,31.756374662,1
peru21_2021-08-02_8,33,none,,none_grayscale,docling_rapidocr,deepseek,1,0,0,0,1,0.0,0.0,0.0,0,,,,,14.355251615,1
peru21_2021-08-02_8,33,none,,otsu,docling_easyocr,deepseek,1,0,0,0,1,0.0,0.0,0.0,0,,,,,30.902090687,1
peru21_2021-08-02_8,33,none,,otsu,docling_rapidocr,deepseek,1,0,0,0,1,0.0,0.0,0.0,0,,,,,8.074771541,1
peru21_2021-08-02_8,34,none,,adaptive_gaussian,docling_easyocr,deepseek,1,0,0,0,1,0.0,0.0,0.0,0,,,,,29.207089229,1
peru21_2021-08-02_8,34,none,,adaptive_gaussian,docling_rapidocr,deepseek,1,0,0,0,1,0.0,0.0,0.0,0,,,,,7.953505798,1
peru21_2021-08-02_8,34,none,,adaptive_mean,docling_easyocr,deepseek,1,0,0,0,1,0.0,0.0,0.0,0,,,,,30.204454943,1
peru21_2021-08-02_8,34,none,,adaptive_mean,docling_rapidocr,deepseek,1,0,0,0,1,0.0,0.0,0.0,0,,,,,7.743221803,1
peru21_2021-08-02_8,34,none,,basic,docling_easyocr,deepseek,1,0,0,0,1,0.0,0.0,0.0,0,,,,,35.262002367,1
peru21_2021-08-02_8,34,none,,basic,docling_rapidocr,deepseek,1,0,0,0,1,0.0,0.0,0.0,0,,,,,9.570790428,1
peru21_2021-08-02_8,34,none,,niblack,docling_easyocr,deepseek,1,0,0,0,1,0.0,0.0,0.0,0,,,,,28.85118042,1
peru21_2021-08-02_8,34,none,,niblack,docling_rapidocr,deepseek,1,0,0,0,1,0.0,0.0,0.0,0,,,,,7.50163208,1
peru21_2021-08-02_8,34,none,,none_color,docling_easyocr,deepseek,1,0,0,0,1,0.0,0.0,0.0,0,,,,,34.802028316,1
peru21_2021-08-02_8,34,none,,none_color,docling_rapidocr,deepseek,1,0,0,0,1,0.0,0.0,0.0,0,,,,,15.028911489,1
peru21_2021-08-02_8,34,none,,none_grayscale,docling_easyocr,deepseek,1,0,0,0,1,0.0,0.0,0.0,0,,,,,34.967218536,1
peru21_2021-08-02_8,34,none,,none_grayscale,docling_rapidocr,deepseek,1,0,0,0,1,0.0,0.0,0.0,0,,,,,16.225567478,1
peru21_2021-08-02_8,34,none,,otsu,docling_easyocr,deepseek,1,0,0,0,1,0.0,0.0,0.0,0,,,,,41.222080917,1
peru21_2021-08-02_8,34,none,,otsu,docling_rapidocr,deepseek,1,1,0,1,1,0.0,0.0,0.0,1,0.0,0.0,0.9859017987360233,0.9918962722852512,13.309614391,0
peru21_2021-08-02_8,35,none,,adaptive_gaussian,docling_easyocr,deepseek,1,0,0,0,1,0.0,0.0,0.0,0,,,,,29.397384283,1
peru21_2021-08-02_8,35,none,,adaptive_gaussian,docling_rapidocr,deepseek,1,0,0,0,1,0.0,0.0,0.0,0,,,,,7.538247225,1
peru21_2021-08-02_8,35,none,,adaptive_mean,docling_easyocr,deepseek,1,0,0,0,1,0.0,0.0,0.0,0,,,,,30.295719978,1
peru21_2021-08-02_8,35,none,,adaptive_mean,docling_rapidocr,deepseek,1,0,0,0,1,0.0,0.0,0.0,0,,,,,7.756323454,1
peru21_2021-08-02_8,35,none,,basic,docling_easyocr,deepseek,1,0,0,0,1,0.0,0.0,0.0,0,,,,,30.224305363,1
peru21_2021-08-02_8,35,none,,basic,docling_rapidocr,deepseek,1,0,0,0,1,0.0,0.0,0.0,0,,,,,7.644950361,1
peru21_2021-08-02_8,35,none,,niblack,docling_easyocr,deepseek,1,0,0,0,1,0.0,0.0,0.0,0,,,,,29.022770344,1
peru21_2021-08-02_8,35,none,,niblack,docling_rapidocr,deepseek,1,0,0,0,1,0.0,0.0,0.0,0,,,,,7.685741125,1
peru21_2021-08-02_8,35,none,,none_color,docling_easyocr,deepseek,1,0,0,0,1,0.0,0.0,0.0,0,,,,,30.767794103,1
peru21_2021-08-02_8,35,none,,none_color,docling_rapidocr,deepseek,1,0,0,0,1,0.0,0.0,0.0,0,,,,,8.253667326,1
peru21_2021-08-02_8,35,none,,none_grayscale,docling_easyocr,deepseek,1,0,0,0,1,0.0,0.0,0.0,0,,,,,31.138888569,1
peru21_2021-08-02_8,35,none,,none_grayscale,docling_rapidocr,deepseek,1,0,0,0,1,0.0,0.0,0.0,0,,,,,7.863266678,1
peru21_2021-08-02_8,35,none,,otsu,docling_easyocr,deepseek,1,0,0,0,1,0.0,0.0,0.0,0,,,,,31.267385692,1
peru21_2021-08-02_8,35,none,,otsu,docling_rapidocr,deepseek,1,0,0,0,1,0.0,0.0,0.0,0,,,,,7.731800051,1
peru21_2021-08-02_8,36,none,,adaptive_gaussian,docling_easyocr,deepseek,1,0,0,0,1,0.0,0.0,0.0,0,,,,,29.430499925,1
peru21_2021-08-02_8,36,none,,adaptive_gaussian,docling_rapidocr,deepseek,1,0,0,0,1,0.0,0.0,0.0,0,,,,,7.777570857,1
peru21_2021-08-02_8,36,none,,adaptive_mean,docling_easyocr,deepseek,1,0,0,0,1,0.0,0.0,0.0,0,,,,,30.451175107,1
peru21_2021-08-02_8,36,none,,adaptive_mean,docling_rapidocr,deepseek,1,0,0,0,1,0.0,0.0,0.0,0,,,,,7.546171798,1
peru21_2021-08-02_8,36,none,,basic,docling_easyocr,deepseek,1,0,0,0,1,0.0,0.0,0.0,0,,,,,32.03529619,1
peru21_2021-08-02_8,36,none,,basic,docling_rapidocr,deepseek,1,0,0,0,1,0.0,0.0,0.0,0,,,,,8.045650232,1
peru21_2021-08-02_8,36,none,,niblack,docling_easyocr,deepseek,1,0,0,0,1,0.0,0.0,0.0,0,,,,,29.952814058,1
peru21_2021-08-02_8,36,none,,niblack,docling_rapidocr,deepseek,1,0,0,0,1,0.0,0.0,0.0,0,,,,,7.734501556,1
peru21_2021-08-02_8,36,none,,none_color,docling_easyocr,deepseek,1,0,0,0,1,0.0,0.0,0.0,0,,,,,30.800153005,1
peru21_2021-08-02_8,36,none,,none_color,docling_rapidocr,deepseek,1,0,0,0,1,0.0,0.0,0.0,0,,,,,16.300800312,1
peru21_2021-08-02_8,36,none,,none_grayscale,docling_easyocr,deepseek,1,0,0,0,1,0.0,0.0,0.0,0,,,,,30.961853492,1
peru21_2021-08-02_8,36,none,,none_grayscale,docling_rapidocr,deepseek,1,0,0,0,1,0.0,0.0,0.0,0,,,,,15.030605781,1
peru21_2021-08-02_8,36,none,,otsu,docling_easyocr,deepseek,1,1,0,1,1,0.0,0.0,0.0,1,0.017241379310344827,0.125,0.9861448711716091,0.9918962722852512,34.33293897,0
peru21_2021-08-02_8,36,none,,otsu,docling_rapidocr,deepseek,1,0,0,0,1,0.0,0.0,0.0,0,,,,,13.327102006,1
peru21_2021-08-02_8,37,none,,adaptive_gaussian,docling_easyocr,deepseek,1,0,0,0,1,0.0,0.0,0.0,0,,,,,29.593540636,1
peru21_2021-08-02_8,37,none,,adaptive_gaussian,docling_rapidocr,deepseek,1,0,0,0,1,0.0,0.0,0.0,0,,,,,7.441418138,1
peru21_2021-08-02_8,37,none,,adaptive_mean,docling_easyocr,deepseek,1,0,0,0,1,0.0,0.0,0.0,0,,,,,30.744083372,1
peru21_2021-08-02_8,37,none,,adaptive_mean,docling_rapidocr,deepseek,1,0,0,0,1,0.0,0.0,0.0,0,,,,,7.798516479,1
peru21_2021-08-02_8,37,none,,basic,docling_easyocr,deepseek,1,0,0,0,1,0.0,0.0,0.0,0,,,,,38.773753704,1
peru21_2021-08-02_8,37,none,,basic,docling_rapidocr,deepseek,1,0,0,0,1,0.0,0.0,0.0,0,,,,,16.885543645,1
peru21_2021-08-02_8,37,none,,niblack,docling_easyocr,deepseek,1,0,0,0,1,0.0,0.0,0.0,0,,,,,28.869948011,1
peru21_2021-08-02_8,37,none,,niblack,docling_rapidocr,deepseek,1,0,0,0,1,0.0,0.0,0.0,0,,,,,7.674372297,1
peru21_2021-08-02_8,37,none,,none_color,docling_easyocr,deepseek,1,0,0,0,1,0.0,0.0,0.0,0,,,,,33.088385881,1
peru21_2021-08-02_8,37,none,,none_color,docling_rapidocr,deepseek,1,0,0,0,1,0.0,0.0,0.0,0,,,,,16.055991233,1
peru21_2021-08-02_8,37,none,,none_grayscale,docling_easyocr,deepseek,1,0,0,0,1,0.0,0.0,0.0,0,,,,,31.796742738,1
peru21_2021-08-02_8,37,none,,none_grayscale,docling_rapidocr,deepseek,1,0,0,0,1,0.0,0.0,0.0,0,,,,,15.754673065,1
peru21_2021-08-02_8,37,none,,otsu,docling_easyocr,deepseek,1,0,0,0,1,0.0,0.0,0.0,0,,,,,49.182018175,1
peru21_2021-08-02_8,37,none,,otsu,docling_rapidocr,deepseek,1,0,0,0,1,0.0,0.0,0.0,0,,,,,14.680151834,1
peru21_2021-08-02_8,38,none,,adaptive_gaussian,docling_easyocr,deepseek,1,0,0,0,1,0.0,0.0,0.0,0,,,,,30.128254858,1
peru21_2021-08-02_8,38,none,,adaptive_gaussian,docling_rapidocr,deepseek,1,0,0,0,1,0.0,0.0,0.0,0,,,,,7.489742246,1
peru21_2021-08-02_8,38,none,,adaptive_mean,docling_easyocr,deepseek,1,0,0,0,1,0.0,0.0,0.0,0,,,,,30.832848278,1
peru21_2021-08-02_8,38,none,,adaptive_mean,docling_rapidocr,deepseek,1,0,0,0,1,0.0,0.0,0.0,0,,,,,7.472308364,1
peru21_2021-08-02_8,38,none,,basic,docling_easyocr,deepseek,1,0,0,0,1,0.0,0.0,0.0,0,,,,,32.316070617,1
peru21_2021-08-02_8,38,none,,basic,docling_rapidocr,deepseek,1,0,0,0,1,0.0,0.0,0.0,0,,,,,8.074847043,1
peru21_2021-08-02_8,38,none,,niblack,docling_easyocr,deepseek,1,0,0,0,1,0.0,0.0,0.0,0,,,,,30.367654994,1
peru21_2021-08-02_8,38,none,,niblack,docling_rapidocr,deepseek,1,0,0,0,1,0.0,0.0,0.0,0,,,,,7.701092199,1
peru21_2021-08-02_8,38,none,,none_color,docling_easyocr,deepseek,1,0,0,0,1,0.0,0.0,0.0,0,,,,,30.768991054,1
peru21_2021-08-02_8,38,none,,none_color,docling_rapidocr,deepseek,1,0,0,0,1,0.0,0.0,0.0,0,,,,,15.382077278,1
peru21_2021-08-02_8,38,none,,none_grayscale,docling_easyocr,deepseek,1,0,0,0,1,0.0,0.0,0.0,0,,,,,31.823012651,1
peru21_2021-08-02_8,38,none,,none_grayscale,docling_rapidocr,deepseek,1,0,0,0,1,0.0,0.0,0.0,0,,,,,16.155594648,1
peru21_2021-08-02_8,38,none,,otsu,docling_easyocr,deepseek,1,0,0,0,1,0.0,0.0,0.0,0,,,,,32.825018943,1
peru21_2021-08-02_8,38,none,,otsu,docling_rapidocr,deepseek,1,0,0,0,1,0.0,0.0,0.0,0,,,,,13.991915525,1
peru21_2021-08-02_8,39,none,,adaptive_gaussian,docling_easyocr,deepseek,1,0,0,0,1,0.0,0.0,0.0,0,,,,,35.71076939,1
peru21_2021-08-02_8,39,none,,adaptive_gaussian,docling_rapidocr,deepseek,1,0,0,0,1,0.0,0.0,0.0,0,,,,,13.699866031,1
peru21_2021-08-02_8,39,none,,adaptive_mean,docling_easyocr,deepseek,1,0,0,0,1,0.0,0.0,0.0,0,,,,,36.506113981,1
peru21_2021-08-02_8,39,none,,adaptive_mean,docling_rapidocr,deepseek,1,0,0,0,1,0.0,0.0,0.0,0,,,,,13.067240928,1
peru21_2021-08-02_8,39,none,,basic,docling_easyocr,deepseek,1,0,0,0,1,0.0,0.0,0.0,0,,,,,54.63824279,1
peru21_2021-08-02_8,39,none,,basic,docling_rapidocr,deepseek,1,1,0,1,1,0.0,0.0,0.0,0,,,,,21.338067123,0
peru21_2021-08-02_8,39,none,,niblack,docling_easyocr,deepseek,1,0,0,0,1,0.0,0.0,0.0,0,,,,,34.684112035,1
peru21_2021-08-02_8,39,none,,niblack,docling_rapidocr,deepseek,1,0,0,0,1,0.0,0.0,0.0,0,,,,,13.498191558,1
peru21_2021-08-02_8,39,none,,none_color,docling_easyocr,deepseek,1,1,0,1,1,0.0,0.0,0.0,0,,,,,62.236291,0
peru21_2021-08-02_8,39,none,,none_color,docling_rapidocr,deepseek,1,0,0,0,1,0.0,0.0,0.0,0,,,,,21.986471006,1
peru21_2021-08-02_8,39,none,,none_grayscale,docling_easyocr,deepseek,1,0,0,0,1,0.0,0.0,0.0,0,,,,,61.739517518,1
peru21_2021-08-02_8,39,none,,none_grayscale,docling_rapidocr,deepseek,1,0,0,0,1,0.0,0.0,0.0,0,,,,,20.902835914,1
peru21_2021-08-02_8,39,none,,otsu,docling_easyocr,deepseek,1,0,0,0,1,0.0,0.0,0.0,0,,,,,54.301578662,1
peru21_2021-08-02_8,39,none,,otsu,docling_rapidocr,deepseek,1,0,0,0,1,0.0,0.0,0.0,0,,,,,20.052132986,1
peru21_2021-08-02_8,40,none,,adaptive_gaussian,docling_easyocr,deepseek,1,0,0,0,1,0.0,0.0,0.0,0,,,,,36.196577384,1
peru21_2021-08-02_8,40,none,,adaptive_gaussian,docling_rapidocr,deepseek,1,0,0,0,1,0.0,0.0,0.0,0,,,,,13.369923188,1
peru21_2021-08-02_8,40,none,,adaptive_mean,docling_easyocr,deepseek,1,0,0,0,1,0.0,0.0,0.0,0,,,,,37.29462321,1
peru21_2021-08-02_8,40,none,,adaptive_mean,docling_rapidocr,deepseek,1,0,0,0,1,0.0,0.0,0.0,0,,,,,13.576817825,1
peru21_2021-08-02_8,40,none,,basic,docling_easyocr,deepseek,1,0,0,0,1,0.0,0.0,0.0,0,,,,,59.450552869,1
peru21_2021-08-02_8,40,none,,basic,docling_rapidocr,deepseek,1,0,0,0,1,0.0,0.0,0.0,0,,,,,21.76760118,1
peru21_2021-08-02_8,40,none,,niblack,docling_easyocr,deepseek,1,0,0,0,1,0.0,0.0,0.0,0,,,,,34.334502521,1
peru21_2021-08-02_8,40,none,,niblack,docling_rapidocr,deepseek,1,0,0,0,1,0.0,0.0,0.0,0,,,,,13.346733394,1
peru21_2021-08-02_8,40,none,,none_color,docling_easyocr,deepseek,1,1,0,1,1,0.0,0.0,0.0,0,,,,,59.366008926,0
peru21_2021-08-02_8,40,none,,none_color,docling_rapidocr,deepseek,1,0,0,0,1,0.0,0.0,0.0,0,,,,,20.901582408,1
peru21_2021-08-02_8,40,none,,none_grayscale,docling_easyocr,deepseek,1,1,0,1,1,0.0,0.0,0.0,0,,,,,61.360475946,0
peru21_2021-08-02_8,40,none,,none_grayscale,docling_rapidocr,deepseek,1,0,0,0,1,0.0,0.0,0.0,0,,,,,21.165815282,1
peru21_2021-08-02_8,40,none,,otsu,docling_easyocr,deepseek,1,1,0,1,1,0.0,0.0,0.0,0,,,,,60.460641147,0
peru21_2021-08-02_8,40,none,,otsu,docling_rapidocr,deepseek,1,0,0,0,1,0.0,0.0,0.0,0,,,,,21.308802367,1
peru21_2021-08-02_8,41,none,,adaptive_gaussian,docling_easyocr,deepseek,1,0,0,0,1,0.0,0.0,0.0,0,,,,,36.886951644,1
peru21_2021-08-02_8,41,none,,adaptive_gaussian,docling_rapidocr,deepseek,1,0,0,0,1,0.0,0.0,0.0,0,,,,,13.40349241,1
peru21_2021-08-02_8,41,none,,adaptive_mean,docling_easyocr,deepseek,1,0,0,0,1,0.0,0.0,0.0,0,,,,,35.291478593,1
peru21_2021-08-02_8,41,none,,adaptive_mean,docling_rapidocr,deepseek,1,0,0,0,1,0.0,0.0,0.0,0,,,,,13.180386502,1
peru21_2021-08-02_8,41,none,,basic,docling_easyocr,deepseek,1,0,0,0,1,0.0,0.0,0.0,0,,,,,48.193685346,1
peru21_2021-08-02_8,41,none,,basic,docling_rapidocr,deepseek,1,0,0,0,1,0.0,0.0,0.0,0,,,,,21.178407722,1
peru21_2021-08-02_8,41,none,,niblack,docling_easyocr,deepseek,1,0,0,0,1,0.0,0.0,0.0,0,,,,,34.555238672,1
peru21_2021-08-02_8,41,none,,niblack,docling_rapidocr,deepseek,1,0,0,0,1,0.0,0.0,0.0,0,,,,,13.260880895,1
peru21_2021-08-02_8,41,none,,none_color,docling_easyocr,deepseek,1,1,0,1,1,0.0,0.0,0.0,0,,,,,60.973409229,0
peru21_2021-08-02_8,41,none,,none_color,docling_rapidocr,deepseek,1,0,0,0,1,0.0,0.0,0.0,0,,,,,21.285502963,1
peru21_2021-08-02_8,41,none,,none_grayscale,docling_easyocr,deepseek,1,1,0,1,1,0.0,0.0,0.0,0,,,,,62.306231313,0
peru21_2021-08-02_8,41,none,,none_grayscale,docling_rapidocr,deepseek,1,0,0,0,1,0.0,0.0,0.0,0,,,,,22.069524818,1
peru21_2021-08-02_8,41,none,,otsu,docling_easyocr,deepseek,1,0,0,0,1,0.0,0.0,0.0,0,,,,,55.371856981,1
peru21_2021-08-02_8,41,none,,otsu,docling_rapidocr,deepseek,1,0,0,0,1,0.0,0.0,0.0,0,,,,,19.833033376,1
peru21_2021-08-02_8,42,none,,adaptive_gaussian,docling_easyocr,deepseek,1,0,0,0,1,0.0,0.0,0.0,0,,,,,32.627808389,1
peru21_2021-08-02_8,42,none,,adaptive_gaussian,docling_rapidocr,deepseek,1,0,0,0,1,0.0,0.0,0.0,0,,,,,16.014025983,1
peru21_2021-08-02_8,42,none,,adaptive_mean,docling_easyocr,deepseek,1,0,0,0,1,0.0,0.0,0.0,0,,,,,32.65582734,1
peru21_2021-08-02_8,42,none,,adaptive_mean,docling_rapidocr,deepseek,1,0,0,0,1,0.0,0.0,0.0,0,,,,,15.424320754,1
peru21_2021-08-02_8,42,none,,basic,docling_easyocr,deepseek,1,0,0,0,1,0.0,0.0,0.0,0,,,,,56.453941018,1
peru21_2021-08-02_8,42,none,,basic,docling_rapidocr,deepseek,1,0,0,0,1,0.0,0.0,0.0,0,,,,,15.413967998,1
peru21_2021-08-02_8,42,none,,niblack,docling_easyocr,deepseek,1,0,0,0,1,0.0,0.0,0.0,0,,,,,28.535394237,1
peru21_2021-08-02_8,42,none,,niblack,docling_rapidocr,deepseek,1,0,0,0,1,0.0,0.0,0.0,0,,,,,7.815545604,1
peru21_2021-08-02_8,42,none,,none_color,docling_easyocr,deepseek,1,0,0,0,1,0.0,0.0,0.0,0,,,,,53.213400275,1
peru21_2021-08-02_8,42,none,,none_color,docling_rapidocr,deepseek,1,0,0,0,1,0.0,0.0,0.0,0,,,,,16.253389747,1
peru21_2021-08-02_8,42,none,,none_grayscale,docling_easyocr,deepseek,1,0,0,0,1,0.0,0.0,0.0,0,,,,,55.504943998,1
peru21_2021-08-02_8,42,none,,none_grayscale,docling_rapidocr,deepseek,1,0,0,0,1,0.0,0.0,0.0,0,,,,,16.041307122,1
peru21_2021-08-02_8,42,none,,otsu,docling_easyocr,deepseek,1,0,0,0,1,0.0,0.0,0.0,0,,,,,54.748495801,1
peru21_2021-08-02_8,42,none,,otsu,docling_rapidocr,deepseek,1,0,0,0,1,0.0,0.0,0.0,0,,,,,16.239838823,1
peru21_2021-08-02_8,43,none,,adaptive_gaussian,docling_easyocr,deepseek,1,0,0,0,1,0.0,0.0,0.0,0,,,,,30.885729919,1
peru21_2021-08-02_8,43,none,,adaptive_gaussian,docling_rapidocr,deepseek,1,0,0,0,1,0.0,0.0,0.0,0,,,,,9.186880717,1
peru21_2021-08-02_8,43,none,,adaptive_mean,docling_easyocr,deepseek,1,0,0,0,1,0.0,0.0,0.0,0,,,,,31.985158096,1
peru21_2021-08-02_8,43,none,,adaptive_mean,docling_rapidocr,deepseek,1,0,0,0,1,0.0,0.0,0.0,0,,,,,8.988497863,1
peru21_2021-08-02_8,43,none,,basic,docling_easyocr,deepseek,1,3,0,3,1,0.0,0.0,0.0,1,0.017241379310344827,0.125,0.9995138551288284,0.9983792544570502,50.105414136,0
peru21_2021-08-02_8,43,none,,basic,docling_rapidocr,deepseek,1,0,0,0,1,0.0,0.0,0.0,0,,,,,15.198787435,1
peru21_2021-08-02_8,43,none,,niblack,docling_easyocr,deepseek,1,0,0,0,1,0.0,0.0,0.0,0,,,,,28.44011843,1
peru21_2021-08-02_8,43,none,,niblack,docling_rapidocr,deepseek,1,0,0,0,1,0.0,0.0,0.0,0,,,,,7.502750753,1
peru21_2021-08-02_8,43,none,,none_color,docling_easyocr,deepseek,1,0,0,0,1,0.0,0.0,0.0,0,,,,,50.773111089,1
peru21_2021-08-02_8,43,none,,none_color,docling_rapidocr,deepseek,1,0,0,0,1,0.0,0.0,0.0,0,,,,,14.869527086,1
peru21_2021-08-02_8,43,none,,none_grayscale,docling_easyocr,deepseek,1,0,0,0,1,0.0,0.0,0.0,0,,,,,50.935188277,1
peru21_2021-08-02_8,43,none,,none_grayscale,docling_rapidocr,deepseek,1,0,0,0,1,0.0,0.0,0.0,0,,,,,15.027330621,1
peru21_2021-08-02_8,43,none,,otsu,docling_easyocr,deepseek,1,0,0,0,1,0.0,0.0,0.0,0,,,,,51.181408462,1
peru21_2021-08-02_8,43,none,,otsu,docling_rapidocr,deepseek,1,0,0,0,1,0.0,0.0,0.0,0,,,,,15.519316968,1
peru21_2021-08-02_8,44,none,,adaptive_gaussian,docling_easyocr,deepseek,1,0,0,0,1,0.0,0.0,0.0,0,,,,,31.552711164,1
peru21_2021-08-02_8,44,none,,adaptive_gaussian,docling_rapidocr,deepseek,1,0,0,0,1,0.0,0.0,0.0,0,,,,,15.447212135,1
peru21_2021-08-02_8,44,none,,adaptive_mean,docling_easyocr,deepseek,1,0,0,0,1,0.0,0.0,0.0,0,,,,,32.97435466,1
peru21_2021-08-02_8,44,none,,adaptive_mean,docling_rapidocr,deepseek,1,0,0,0,1,0.0,0.0,0.0,0,,,,,15.060473597,1
peru21_2021-08-02_8,44,none,,basic,docling_easyocr,deepseek,1,0,0,0,1,0.0,0.0,0.0,0,,,,,50.111053715,1
peru21_2021-08-02_8,44,none,,basic,docling_rapidocr,deepseek,1,0,0,0,1,0.0,0.0,0.0,0,,,,,7.740477333,1
peru21_2021-08-02_8,44,none,,niblack,docling_easyocr,deepseek,1,0,0,0,1,0.0,0.0,0.0,0,,,,,29.562830353,1
peru21_2021-08-02_8,44,none,,niblack,docling_rapidocr,deepseek,1,0,0,0,1,0.0,0.0,0.0,0,,,,,7.515238667,1
peru21_2021-08-02_8,44,none,,none_color,docling_easyocr,deepseek,1,0,0,0,1,0.0,0.0,0.0,0,,,,,55.777801285,1
peru21_2021-08-02_8,44,none,,none_color,docling_rapidocr,deepseek,1,1,0,1,1,0.0,0.0,0.0,0,,,,,15.386465082,0
peru21_2021-08-02_8,44,none,,none_grayscale,docling_easyocr,deepseek,1,0,0,0,1,0.0,0.0,0.0,0,,,,,57.855741749,1
peru21_2021-08-02_8,44,none,,none_grayscale,docling_rapidocr,deepseek,1,1,0,1,1,0.0,0.0,0.0,0,,,,,16.169040213,0
peru21_2021-08-02_8,44,none,,otsu,docling_easyocr,deepseek,1,0,0,0,1,0.0,0.0,0.0,0,,,,,55.930514584,1
peru21_2021-08-02_8,44,none,,otsu,docling_rapidocr,deepseek,1,0,0,0,1,0.0,0.0,0.0,0,,,,,15.02594305,1
peru21_2021-08-02_8,45,none,,adaptive_gaussian,docling_easyocr,deepseek,1,0,0,0,1,0.0,0.0,0.0,0,,,,,30.098814308,1
peru21_2021-08-02_8,45,none,,adaptive_gaussian,docling_rapidocr,deepseek,1,0,0,0,1,0.0,0.0,0.0,0,,,,,8.777119219,1
peru21_2021-08-02_8,45,none,,adaptive_mean,docling_easyocr,deepseek,1,0,0,0,1,0.0,0.0,0.0,0,,,,,29.629056036,1
peru21_2021-08-02_8,45,none,,adaptive_mean,docling_rapidocr,deepseek,1,0,0,0,1,0.0,0.0,0.0,0,,,,,8.089196264,1
peru21_2021-08-02_8,45,none,,basic,docling_easyocr,deepseek,1,0,0,0,1,0.0,0.0,0.0,0,,,,,28.501612101,1
peru21_2021-08-02_8,45,none,,basic,docling_rapidocr,deepseek,1,0,0,0,1,0.0,0.0,0.0,0,,,,,8.38287941,1
peru21_2021-08-02_8,45,none,,niblack,docling_easyocr,deepseek,1,0,0,0,1,0.0,0.0,0.0,0,,,,,29.10170138,1
peru21_2021-08-02_8,45,none,,none_color,docling_easyocr,deepseek,1,0,0,0,1,0.0,0.0,0.0,0,,,,,29.574472103,1
peru21_2021-08-02_8,45,none,,none_grayscale,docling_easyocr,deepseek,1,0,0,0,1,0.0,0.0,0.0,0,,,,,29.817811403,1
peru21_2021-08-02_8,45,none,,otsu,docling_easyocr,deepseek,1,0,0,0,1,0.0,0.0,0.0,0,,,,,29.939700279,1
peru21_2021-08-02_8,45,none,,otsu,docling_rapidocr,deepseek,1,0,0,0,1,0.0,0.0,0.0,0,,,,,8.15134922,1
peru21_2021-08-02_8,45,none,,yannihorne,docling_easyocr,deepseek,1,0,0,0,1,0.0,0.0,0.0,0,,,,,28.691388521,1
peru21_2021-08-02_8,45,none,,yannihorne,docling_rapidocr,deepseek,1,0,0,0,1,0.0,0.0,0.0,0,,,,,7.680701885,1
peru21_2021-08-02_8,46,none,,adaptive_gaussian,docling_easyocr,deepseek,1,0,0,0,1,0.0,0.0,0.0,0,,,,,30.268430935,1
peru21_2021-08-02_8,46,none,,adaptive_gaussian,docling_rapidocr,deepseek,1,0,0,0,1,0.0,0.0,0.0,0,,,,,8.917567478,1
peru21_2021-08-02_8,46,none,,adaptive_mean,docling_easyocr,deepseek,1,0,0,0,1,0.0,0.0,0.0,0,,,,,30.409529673,1
peru21_2021-08-02_8,46,none,,adaptive_mean,docling_rapidocr,deepseek,1,0,0,0,1,0.0,0.0,0.0,0,,,,,7.951489435,1
peru21_2021-08-02_8,46,none,,basic,docling_easyocr,deepseek,1,0,0,0,1,0.0,0.0,0.0,0,,,,,29.645365795,1
peru21_2021-08-02_8,46,none,,basic,docling_rapidocr,deepseek,1,0,0,0,1,0.0,0.0,0.0,0,,,,,7.858427128,1
peru21_2021-08-02_8,46,none,,niblack,docling_easyocr,deepseek,1,0,0,0,1,0.0,0.0,0.0,0,,,,,30.209614967,1
peru21_2021-08-02_8,46,none,,otsu,docling_easyocr,deepseek,1,0,0,0,1,0.0,0.0,0.0,0,,,,,29.688240608,1
peru21_2021-08-02_8,46,none,,otsu,docling_rapidocr,deepseek,1,0,0,0,1,0.0,0.0,0.0,0,,,,,7.835614046,1
peru21_2021-08-02_8,46,none,,yannihorne,docling_easyocr,deepseek,1,0,0,0,1,0.0,0.0,0.0,0,,,,,29.788341364,1
peru21_2021-08-02_8,46,none,,yannihorne,docling_rapidocr,deepseek,1,0,0,0,1,0.0,0.0,0.0,0,,,,,7.74943026,1
peru21_2021-08-02_8,47,none,,adaptive_gaussian,docling_easyocr,deepseek,1,0,0,0,1,0.0,0.0,0.0,0,,,,,28.88926655,1
peru21_2021-08-02_8,47,none,,adaptive_gaussian,docling_rapidocr,deepseek,1,0,0,0,1,0.0,0.0,0.0,0,,,,,8.611120283,1
peru21_2021-08-02_8,47,none,,adaptive_mean,docling_easyocr,deepseek,1,0,0,0,1,0.0,0.0,0.0,0,,,,,30.624998152,1
peru21_2021-08-02_8,47,none,,adaptive_mean,docling_rapidocr,deepseek,1,0,0,0,1,0.0,0.0,0.0,0,,,,,7.834267675,1
peru21_2021-08-02_8,47,none,,basic,docling_easyocr,deepseek,1,0,0,0,1,0.0,0.0,0.0,0,,,,,29.415286694,1
peru21_2021-08-02_8,47,none,,basic,docling_rapidocr,deepseek,1,0,0,0,1,0.0,0.0,0.0,0,,,,,8.023711357,1
peru21_2021-08-02_8,47,none,,niblack,docling_easyocr,deepseek,1,0,0,0,1,0.0,0.0,0.0,0,,,,,28.77858882,1
peru21_2021-08-02_8,47,none,,none_color,docling_easyocr,deepseek,1,0,0,0,1,0.0,0.0,0.0,0,,,,,29.710113678,1
peru21_2021-08-02_8,47,none,,none_grayscale,docling_easyocr,deepseek,1,0,0,0,1,0.0,0.0,0.0,0,,,,,29.391490612,1
peru21_2021-08-02_8,47,none,,otsu,docling_easyocr,deepseek,1,0,0,0,1,0.0,0.0,0.0,0,,,,,28.340958748,1
peru21_2021-08-02_8,47,none,,otsu,docling_rapidocr,deepseek,1,0,0,0,1,0.0,0.0,0.0,0,,,,,7.677231703,1
peru21_2021-08-02_8,47,none,,yannihorne,docling_easyocr,deepseek,1,0,0,0,1,0.0,0.0,0.0,0,,,,,29.504026327,1
peru21_2021-08-02_8,47,none,,yannihorne,docling_rapidocr,deepseek,1,0,0,0,1,0.0,0.0,0.0,0,,,,,7.9887642,1
peru21_2021-08-02_8,48,none,,adaptive_gaussian,docling_easyocr,deepseek,1,0,0,0,1,0.0,0.0,0.0,0,,,,,44.87256022,1
peru21_2021-08-02_8,48,none,,adaptive_gaussian,docling_rapidocr,deepseek,1,0,0,0,1,0.0,0.0,0.0,0,,,,,23.653801161,1
peru21_2021-08-02_8,48,none,,adaptive_mean,docling_easyocr,deepseek,1,0,0,0,1,0.0,0.0,0.0,0,,,,,45.928944235,1
peru21_2021-08-02_8,48,none,,adaptive_mean,docling_rapidocr,deepseek,1,0,0,0,1,0.0,0.0,0.0,0,,,,,23.602746134,1
peru21_2021-08-02_8,48,none,,basic,docling_easyocr,deepseek,1,0,0,0,1,0.0,0.0,0.0,0,,,,,45.822291187,1
peru21_2021-08-02_8,48,none,,basic,docling_rapidocr,deepseek,1,0,0,0,1,0.0,0.0,0.0,0,,,,,23.785880617,1
peru21_2021-08-02_8,48,none,,none_color,docling_easyocr,deepseek,1,0,0,0,1,0.0,0.0,0.0,0,,,,,46.334945015,1
peru21_2021-08-02_8,48,none,,none_color,docling_rapidocr,deepseek,1,0,0,0,1,0.0,0.0,0.0,0,,,,,31.896971754,1
peru21_2021-08-02_8,48,none,,none_grayscale,docling_easyocr,deepseek,1,0,0,0,1,0.0,0.0,0.0,0,,,,,46.407768062,1
peru21_2021-08-02_8,48,none,,none_grayscale,docling_rapidocr,deepseek,1,0,0,0,1,0.0,0.0,0.0,0,,,,,31.46782451,1
peru21_2021-08-02_8,48,none,,otsu,docling_easyocr,deepseek,1,0,0,0,1,0.0,0.0,0.0,0,,,,,47.955747894,1
peru21_2021-08-02_8,48,none,,otsu,docling_rapidocr,deepseek,1,0,0,0,1,0.0,0.0,0.0,0,,,,,24.381354383,1
peru21_2021-08-02_8,49,none,,adaptive_gaussian,docling_easyocr,deepseek,1,0,0,0,1,0.0,0.0,0.0,0,,,,,46.166012548,1
peru21_2021-08-02_8,49,none,,adaptive_gaussian,docling_rapidocr,deepseek,1,0,0,0,1,0.0,0.0,0.0,0,,,,,23.601867937,1
peru21_2021-08-02_8,49,none,,adaptive_mean,docling_easyocr,deepseek,1,0,0,0,1,0.0,0.0,0.0,0,,,,,45.176798605,1
peru21_2021-08-02_8,49,none,,adaptive_mean,docling_rapidocr,deepseek,1,0,0,0,1,0.0,0.0,0.0,0,,,,,23.54526975,1
peru21_2021-08-02_8,49,none,,basic,docling_easyocr,deepseek,1,1,0,1,1,0.0,0.0,0.0,1,0.017241379310344827,0.125,1.0,1.0,54.836832639,0
peru21_2021-08-02_8,49,none,,basic,docling_rapidocr,deepseek,1,0,0,0,1,0.0,0.0,0.0,0,,,,,24.307228443,1
peru21_2021-08-02_8,49,none,,niblack,docling_easyocr,deepseek,1,0,0,0,1,0.0,0.0,0.0,0,,,,,44.326230537,1
peru21_2021-08-02_8,49,none,,niblack,docling_rapidocr,deepseek,1,0,0,0,1,0.0,0.0,0.0,0,,,,,23.128769409,1
peru21_2021-08-02_8,49,none,,none_color,docling_easyocr,deepseek,1,0,0,0,1,0.0,0.0,0.0,0,,,,,45.827011701,1
peru21_2021-08-02_8,49,none,,none_color,docling_rapidocr,deepseek,1,0,0,0,1,0.0,0.0,0.0,0,,,,,32.550170776,1
peru21_2021-08-02_8,49,none,,none_grayscale,docling_easyocr,deepseek,1,0,0,0,1,0.0,0.0,0.0,0,,,,,45.724613067,1
peru21_2021-08-02_8,49,none,,none_grayscale,docling_rapidocr,deepseek,1,0,0,0,1,0.0,0.0,0.0,0,,,,,32.352008697,1
peru21_2021-08-02_8,49,none,,otsu,docling_easyocr,deepseek,1,0,0,0,1,0.0,0.0,0.0,0,,,,,58.421363708,1
peru21_2021-08-02_8,49,none,,otsu,docling_rapidocr,deepseek,1,0,0,0,1,0.0,0.0,0.0,0,,,,,30.017298814,1
peru21_2021-08-02_8,50,none,,adaptive_gaussian,docling_easyocr,deepseek,1,0,0,0,1,0.0,0.0,0.0,0,,,,,45.110974518,1
peru21_2021-08-02_8,50,none,,adaptive_gaussian,docling_rapidocr,deepseek,1,0,0,0,1,0.0,0.0,0.0,0,,,,,23.415394035,1
peru21_2021-08-02_8,50,none,,adaptive_mean,docling_easyocr,deepseek,1,0,0,0,1,0.0,0.0,0.0,0,,,,,46.272343841,1
peru21_2021-08-02_8,50,none,,adaptive_mean,docling_rapidocr,deepseek,1,0,0,0,1,0.0,0.0,0.0,0,,,,,23.244839397,1
peru21_2021-08-02_8,50,none,,basic,docling_easyocr,deepseek,1,0,0,0,1,0.0,0.0,0.0,0,,,,,45.474443735,1
peru21_2021-08-02_8,50,none,,basic,docling_rapidocr,deepseek,1,0,0,0,1,0.0,0.0,0.0,0,,,,,23.391720117,1
peru21_2021-08-02_8,50,none,,niblack,docling_easyocr,deepseek,1,0,0,0,1,0.0,0.0,0.0,0,,,,,45.499838381,1
peru21_2021-08-02_8,50,none,,niblack,docling_rapidocr,deepseek,1,0,0,0,1,0.0,0.0,0.0,0,,,,,23.244652061,1
peru21_2021-08-02_8,50,none,,none_color,docling_easyocr,deepseek,1,0,0,0,1,0.0,0.0,0.0,0,,,,,45.794077696,1
peru21_2021-08-02_8,50,none,,none_color,docling_rapidocr,deepseek,1,0,0,0,1,0.0,0.0,0.0,0,,,,,32.09723574,1
peru21_2021-08-02_8,50,none,,none_grayscale,docling_easyocr,deepseek,1,0,0,0,1,0.0,0.0,0.0,0,,,,,46.099077047,1
peru21_2021-08-02_8,50,none,,none_grayscale,docling_rapidocr,deepseek,1,0,0,0,1,0.0,0.0,0.0,0,,,,,31.14858538,1
peru21_2021-08-02_8,50,none,,otsu,docling_easyocr,deepseek,1,0,0,0,1,0.0,0.0,0.0,0,,,,,47.740784944,1
peru21_2021-08-02_8,50,none,,otsu,docling_rapidocr,deepseek,1,0,0,0,1,0.0,0.0,0.0,0,,,,,23.45431763,1
peru21_2021-08-02_8,51,none,,adaptive_gaussian,docling_easyocr,deepseek,1,0,0,0,1,0.0,0.0,0.0,0,,,,,31.008407661,1
peru21_2021-08-02_8,51,none,,adaptive_gaussian,docling_rapidocr,deepseek,1,0,0,0,1,0.0,0.0,0.0,0,,,,,7.764959165,1
peru21_2021-08-02_8,51,none,,adaptive_mean,docling_easyocr,deepseek,1,0,0,0,1,0.0,0.0,0.0,0,,,,,31.438750097,1
peru21_2021-08-02_8,51,none,,adaptive_mean,docling_rapidocr,deepseek,1,0,0,0,1,0.0,0.0,0.0,0,,,,,7.854350874,1
peru21_2021-08-02_8,51,none,,basic,docling_easyocr,deepseek,1,1,0,1,1,0.0,0.0,0.0,0,,,,,54.099203033,0
peru21_2021-08-02_8,51,none,,basic,docling_rapidocr,deepseek,1,0,0,0,1,0.0,0.0,0.0,0,,,,,15.250549955,1
peru21_2021-08-02_8,51,none,,niblack,docling_easyocr,deepseek,1,0,0,0,1,0.0,0.0,0.0,0,,,,,28.935308037,1
peru21_2021-08-02_8,51,none,,niblack,docling_rapidocr,deepseek,1,0,0,0,1,0.0,0.0,0.0,0,,,,,7.662117061,1
peru21_2021-08-02_8,51,none,,none_color,docling_easyocr,deepseek,1,1,0,1,1,0.0,0.0,0.0,0,,,,,54.56569664,0
peru21_2021-08-02_8,51,none,,none_color,docling_rapidocr,deepseek,1,0,0,0,1,0.0,0.0,0.0,0,,,,,15.620125456,1
peru21_2021-08-02_8,51,none,,none_grayscale,docling_easyocr,deepseek,1,1,0,1,1,0.0,0.0,0.0,0,,,,,56.155012054,0
peru21_2021-08-02_8,51,none,,none_grayscale,docling_rapidocr,deepseek,1,0,0,0,1,0.0,0.0,0.0,0,,,,,16.053824825,1
peru21_2021-08-02_8,51,none,,otsu,docling_easyocr,deepseek,1,1,0,1,1,0.0,0.0,0.0,0,,,,,55.118081804,0
peru21_2021-08-02_8,51,none,,otsu,docling_rapidocr,deepseek,1,0,0,0,1,0.0,0.0,0.0,0,,,,,15.264094349,1
peru21_2021-08-02_8,52,none,,adaptive_gaussian,docling_easyocr,deepseek,1,0,0,0,1,0.0,0.0,0.0,0,,,,,32.84356877,1
peru21_2021-08-02_8,52,none,,adaptive_gaussian,docling_rapidocr,deepseek,1,0,0,0,1,0.0,0.0,0.0,0,,,,,14.865615812,1
peru21_2021-08-02_8,52,none,,adaptive_mean,docling_easyocr,deepseek,1,0,0,0,1,0.0,0.0,0.0,0,,,,,32.280367819,1
peru21_2021-08-02_8,52,none,,adaptive_mean,docling_rapidocr,deepseek,1,0,0,0,1,0.0,0.0,0.0,0,,,,,13.104350535,1
peru21_2021-08-02_8,52,none,,basic,docling_easyocr,deepseek,1,1,0,1,1,0.0,0.0,0.0,0,,,,,53.183915676,0
peru21_2021-08-02_8,52,none,,basic,docling_rapidocr,deepseek,1,0,0,0,1,0.0,0.0,0.0,0,,,,,16.471767487,1
peru21_2021-08-02_8,52,none,,niblack,docling_easyocr,deepseek,1,0,0,0,1,0.0,0.0,0.0,0,,,,,30.138963179,1
peru21_2021-08-02_8,52,none,,niblack,docling_rapidocr,deepseek,1,0,0,0,1,0.0,0.0,0.0,0,,,,,7.738713221,1
peru21_2021-08-02_8,52,none,,none_color,docling_easyocr,deepseek,1,1,0,1,1,0.0,0.0,0.0,0,,,,,55.042510332,0
peru21_2021-08-02_8,52,none,,none_color,docling_rapidocr,deepseek,1,0,0,0,1,0.0,0.0,0.0,0,,,,,15.195233168,1
peru21_2021-08-02_8,52,none,,none_grayscale,docling_easyocr,deepseek,1,1,0,1,1,0.0,0.0,0.0,0,,,,,54.930341305,0
peru21_2021-08-02_8,52,none,,none_grayscale,docling_rapidocr,deepseek,1,0,0,0,1,0.0,0.0,0.0,0,,,,,15.187336744,1
peru21_2021-08-02_8,52,none,,otsu,docling_easyocr,deepseek,1,0,0,0,1,0.0,0.0,0.0,0,,,,,51.57506217,1
peru21_2021-08-02_8,52,none,,otsu,docling_rapidocr,deepseek,1,0,0,0,1,0.0,0.0,0.0,0,,,,,16.20128788,1
peru21_2021-08-02_8,53,none,,adaptive_gaussian,docling_easyocr,deepseek,1,0,0,0,1,0.0,0.0,0.0,0,,,,,31.161044804,1
peru21_2021-08-02_8,53,none,,adaptive_gaussian,docling_rapidocr,deepseek,1,0,0,0,1,0.0,0.0,0.0,0,,,,,7.78898975,1
peru21_2021-08-02_8,53,none,,adaptive_mean,docling_easyocr,deepseek,1,0,0,0,1,0.0,0.0,0.0,0,,,,,30.488642899,1
peru21_2021-08-02_8,53,none,,adaptive_mean,docling_rapidocr,deepseek,1,0,0,0,1,0.0,0.0,0.0,0,,,,,7.913708416,1
peru21_2021-08-02_8,53,none,,basic,docling_easyocr,deepseek,1,0,0,0,1,0.0,0.0,0.0,0,,,,,55.686160864,1
peru21_2021-08-02_8,53,none,,basic,docling_rapidocr,deepseek,1,0,0,0,1,0.0,0.0,0.0,0,,,,,16.65027696,1
peru21_2021-08-02_8,53,none,,niblack,docling_easyocr,deepseek,1,0,0,0,1,0.0,0.0,0.0,0,,,,,29.789308027,1
peru21_2021-08-02_8,53,none,,niblack,docling_rapidocr,deepseek,1,0,0,0,1,0.0,0.0,0.0,0,,,,,7.523752646,1
peru21_2021-08-02_8,53,none,,none_color,docling_easyocr,deepseek,1,1,0,1,1,0.0,0.0,0.0,0,,,,,57.009820284,0
peru21_2021-08-02_8,53,none,,none_color,docling_rapidocr,deepseek,1,0,0,0,1,0.0,0.0,0.0,0,,,,,16.235871615,1
peru21_2021-08-02_8,53,none,,none_grayscale,docling_easyocr,deepseek,1,1,0,1,1,0.0,0.0,0.0,0,,,,,54.642461838,0
peru21_2021-08-02_8,53,none,,none_grayscale,docling_rapidocr,deepseek,1,0,0,0,1,0.0,0.0,0.0,0,,,,,15.276198687,1
peru21_2021-08-02_8,53,none,,otsu,docling_easyocr,deepseek,1,0,0,0,1,0.0,0.0,0.0,0,,,,,55.378153862,1
peru21_2021-08-02_8,53,none,,otsu,docling_rapidocr,deepseek,1,0,0,0,1,0.0,0.0,0.0,0,,,,,15.35516745,1
peru21_2021-09-12_8,0,none,,adaptive_gaussian,docling_easyocr,deepseek,1,0,0,0,1,0.0,0.0,0.0,0,,,,,29.765198137,1
peru21_2021-09-12_8,0,none,,adaptive_gaussian,docling_rapidocr,deepseek,1,1,0,1,1,0.0,0.0,0.0,1,0.0,0.0,0.9688420019627085,0.9896296296296296,7.779449131,0
peru21_2021-09-12_8,0,none,,adaptive_mean,docling_easyocr,deepseek,1,0,0,0,1,0.0,0.0,0.0,0,,,,,29.583834793,1
peru21_2021-09-12_8,0,none,,adaptive_mean,docling_rapidocr,deepseek,1,0,0,0,1,0.0,0.0,0.0,0,,,,,7.74168792,1
peru21_2021-09-12_8,0,none,,basic,docling_easyocr,deepseek,1,1,0,1,1,0.0,0.0,0.0,1,0.017543859649122806,0.2,0.9575564278704612,0.9837037037037037,35.317291498,0
peru21_2021-09-12_8,0,none,,basic,docling_rapidocr,deepseek,1,0,0,0,1,0.0,0.0,0.0,0,,,,,9.16612649,1
peru21_2021-09-12_8,0,none,,niblack,docling_easyocr,deepseek,1,0,0,0,1,0.0,0.0,0.0,0,,,,,30.128992525,1
peru21_2021-09-12_8,0,none,,niblack,docling_rapidocr,deepseek,1,0,0,0,1,0.0,0.0,0.0,0,,,,,7.706790415,1
peru21_2021-09-12_8,0,none,,none_color,docling_easyocr,deepseek,1,1,0,1,1,0.0,0.0,0.0,0,,,,,59.021481752,0
peru21_2021-09-12_8,0,none,,none_color,docling_rapidocr,deepseek,1,0,0,0,1,0.0,0.0,0.0,0,,,,,16.893961191,1
peru21_2021-09-12_8,0,none,,none_grayscale,docling_easyocr,deepseek,1,0,0,0,1,0.0,0.0,0.0,0,,,,,58.575867176,1
peru21_2021-09-12_8,0,none,,none_grayscale,docling_rapidocr,deepseek,1,0,0,0,1,0.0,0.0,0.0,0,,,,,17.144265175,1
peru21_2021-09-12_8,0,none,,otsu,docling_easyocr,deepseek,1,0,0,0,1,0.0,0.0,0.0,0,,,,,60.474485947,1
peru21_2021-09-12_8,0,none,,otsu,docling_rapidocr,deepseek,1,0,0,0,1,0.0,0.0,0.0,0,,,,,17.063221527,1
peru21_2021-09-12_8,1,none,,adaptive_gaussian,docling_easyocr,deepseek,1,0,0,0,1,0.0,0.0,0.0,0,,,,,32.14347122,1
peru21_2021-09-12_8,1,none,,adaptive_gaussian,docling_rapidocr,deepseek,1,1,0,1,1,0.0,0.0,0.0,1,0.0,0.0,0.9688420019627085,0.9896296296296296,7.772061327,0
peru21_2021-09-12_8,1,none,,adaptive_mean,docling_easyocr,deepseek,1,0,0,0,1,0.0,0.0,0.0,0,,,,,29.843296984,1
peru21_2021-09-12_8,1,none,,adaptive_mean,docling_rapidocr,deepseek,1,1,0,1,1,0.0,0.0,0.0,1,0.0,0.0,0.9688420019627085,0.9896296296296296,7.789083937,0
peru21_2021-09-12_8,1,none,,basic,docling_easyocr,deepseek,1,0,0,0,1,0.0,0.0,0.0,0,,,,,60.512405707,1
peru21_2021-09-12_8,1,none,,basic,docling_rapidocr,deepseek,1,0,0,0,1,0.0,0.0,0.0,0,,,,,15.89446838,1
peru21_2021-09-12_8,1,none,,niblack,docling_easyocr,deepseek,1,0,0,0,1,0.0,0.0,0.0,0,,,,,30.201523821,1
peru21_2021-09-12_8,1,none,,niblack,docling_rapidocr,deepseek,1,0,0,0,1,0.0,0.0,0.0,0,,,,,7.487036507,1
peru21_2021-09-12_8,1,none,,none_color,docling_easyocr,deepseek,1,0,0,0,1,0.0,0.0,0.0,0,,,,,61.390044047,1
peru21_2021-09-12_8,1,none,,none_color,docling_rapidocr,deepseek,1,0,0,0,1,0.0,0.0,0.0,0,,,,,17.123807503,1
peru21_2021-09-12_8,1,none,,none_grayscale,docling_easyocr,deepseek,1,0,0,0,1,0.0,0.0,0.0,0,,,,,60.467070414,1
peru21_2021-09-12_8,1,none,,none_grayscale,docling_rapidocr,deepseek,1,0,0,0,1,0.0,0.0,0.0,0,,,,,16.165841175,1
peru21_2021-09-12_8,1,none,,otsu,docling_easyocr,deepseek,1,0,0,0,1,0.0,0.0,0.0,0,,,,,59.261716511,1
peru21_2021-09-12_8,1,none,,otsu,docling_rapidocr,deepseek,1,0,0,0,1,0.0,0.0,0.0,0,,,,,16.835164215,1
peru21_2021-09-12_8,2,none,,adaptive_gaussian,docling_easyocr,deepseek,1,0,0,0,1,0.0,0.0,0.0,0,,,,,30.129891856,1
peru21_2021-09-12_8,2,none,,adaptive_gaussian,docling_rapidocr,deepseek,1,0,0,0,1,0.0,0.0,0.0,0,,,,,7.945214732,1
peru21_2021-09-12_8,2,none,,adaptive_mean,docling_easyocr,deepseek,1,0,0,0,1,0.0,0.0,0.0,0,,,,,29.599069579,1
peru21_2021-09-12_8,2,none,,adaptive_mean,docling_rapidocr,deepseek,1,0,0,0,1,0.0,0.0,0.0,0,,,,,7.843858464,1
peru21_2021-09-12_8,2,none,,basic,docling_easyocr,deepseek,1,0,0,0,1,0.0,0.0,0.0,0,,,,,30.642059165,1
peru21_2021-09-12_8,2,none,,basic,docling_rapidocr,deepseek,1,0,0,0,1,0.0,0.0,0.0,0,,,,,8.410121041,1
peru21_2021-09-12_8,2,none,,niblack,docling_easyocr,deepseek,1,0,0,0,1,0.0,0.0,0.0,0,,,,,29.085095212,1
peru21_2021-09-12_8,2,none,,niblack,docling_rapidocr,deepseek,1,0,0,0,1,0.0,0.0,0.0,0,,,,,7.497013852,1
peru21_2021-09-12_8,2,none,,none_color,docling_easyocr,deepseek,1,0,0,0,1,0.0,0.0,0.0,0,,,,,59.445039826,1
peru21_2021-09-12_8,2,none,,none_color,docling_rapidocr,deepseek,1,0,0,0,1,0.0,0.0,0.0,0,,,,,16.244631606,1
peru21_2021-09-12_8,2,none,,none_grayscale,docling_easyocr,deepseek,1,0,0,0,1,0.0,0.0,0.0,0,,,,,59.515048581,1
peru21_2021-09-12_8,2,none,,none_grayscale,docling_rapidocr,deepseek,1,0,0,0,1,0.0,0.0,0.0,0,,,,,16.202193575,1
peru21_2021-09-12_8,2,none,,otsu,docling_easyocr,deepseek,1,0,0,0,1,0.0,0.0,0.0,0,,,,,35.952466088,1
peru21_2021-09-12_8,2,none,,otsu,docling_rapidocr,deepseek,1,11,0,11,1,0.0,0.0,0.0,0,,,,,9.974274712,0
peru21_2021-09-12_8,3,none,,adaptive_gaussian,docling_easyocr,deepseek,1,0,0,0,1,0.0,0.0,0.0,0,,,,,30.784435898,1
peru21_2021-09-12_8,3,none,,adaptive_gaussian,docling_rapidocr,deepseek,1,0,0,0,1,0.0,0.0,0.0,0,,,,,8.015920073,1
peru21_2021-09-12_8,3,none,,adaptive_mean,docling_easyocr,deepseek,1,0,0,0,1,0.0,0.0,0.0,0,,,,,30.617379338,1
peru21_2021-09-12_8,3,none,,adaptive_mean,docling_rapidocr,deepseek,1,0,0,0,1,0.0,0.0,0.0,0,,,,,7.603671462,1
peru21_2021-09-12_8,3,none,,basic,docling_easyocr,deepseek,1,0,0,0,1,0.0,0.0,0.0,0,,,,,30.301010613,1
peru21_2021-09-12_8,3,none,,basic,docling_rapidocr,deepseek,1,0,0,0,1,0.0,0.0,0.0,0,,,,,7.669772152,1
peru21_2021-09-12_8,3,none,,niblack,docling_easyocr,deepseek,1,0,0,0,1,0.0,0.0,0.0,0,,,,,29.157194275,1
peru21_2021-09-12_8,3,none,,niblack,docling_rapidocr,deepseek,1,0,0,0,1,0.0,0.0,0.0,0,,,,,7.622813124,1
peru21_2021-09-12_8,3,none,,none_color,docling_easyocr,deepseek,1,0,0,0,1,0.0,0.0,0.0,0,,,,,29.777898078,1
peru21_2021-09-12_8,3,none,,none_color,docling_rapidocr,deepseek,1,0,0,0,1,0.0,0.0,0.0,0,,,,,18.057970051,1
peru21_2021-09-12_8,3,none,,none_grayscale,docling_easyocr,deepseek,1,0,0,0,1,0.0,0.0,0.0,0,,,,,29.693913226,1
peru21_2021-09-12_8,3,none,,none_grayscale,docling_rapidocr,deepseek,1,0,0,0,1,0.0,0.0,0.0,0,,,,,16.402525429,1
peru21_2021-09-12_8,3,none,,otsu,docling_easyocr,deepseek,1,0,0,0,1,0.0,0.0,0.0,0,,,,,76.078374463,1
peru21_2021-09-12_8,3,none,,otsu,docling_rapidocr,deepseek,1,0,0,0,1,0.0,0.0,0.0,0,,,,,53.154424983,1
peru21_2021-09-12_8,4,none,,adaptive_gaussian,docling_easyocr,deepseek,1,0,0,0,1,0.0,0.0,0.0,0,,,,,29.978558047,1
peru21_2021-09-12_8,4,none,,adaptive_gaussian,docling_rapidocr,deepseek,1,0,0,0,1,0.0,0.0,0.0,0,,,,,7.837874634,1
peru21_2021-09-12_8,4,none,,adaptive_mean,docling_easyocr,deepseek,1,0,0,0,1,0.0,0.0,0.0,0,,,,,30.726896508,1
peru21_2021-09-12_8,4,none,,adaptive_mean,docling_rapidocr,deepseek,1,0,0,0,1,0.0,0.0,0.0,0,,,,,8.057680829,1
peru21_2021-09-12_8,4,none,,basic,docling_easyocr,deepseek,1,0,0,0,1,0.0,0.0,0.0,0,,,,,30.521111804,1
peru21_2021-09-12_8,4,none,,basic,docling_rapidocr,deepseek,1,0,0,0,1,0.0,0.0,0.0,0,,,,,7.844131308,1
peru21_2021-09-12_8,4,none,,niblack,docling_easyocr,deepseek,1,0,0,0,1,0.0,0.0,0.0,0,,,,,29.009286686,1
peru21_2021-09-12_8,4,none,,niblack,docling_rapidocr,deepseek,1,0,0,0,1,0.0,0.0,0.0,0,,,,,7.82916145,1
peru21_2021-09-12_8,4,none,,none_color,docling_easyocr,deepseek,1,0,0,0,1,0.0,0.0,0.0,0,,,,,31.159666853,1
peru21_2021-09-12_8,4,none,,none_color,docling_rapidocr,deepseek,1,0,0,0,1,0.0,0.0,0.0,0,,,,,17.554278212,1
peru21_2021-09-12_8,4,none,,none_grayscale,docling_easyocr,deepseek,1,1,0,1,1,0.0,0.0,0.0,1,0.017543859649122806,0.2,0.9202649656526006,0.9703703703703703,32.64526208,0
peru21_2021-09-12_8,4,none,,none_grayscale,docling_rapidocr,deepseek,1,0,0,0,1,0.0,0.0,0.0,0,,,,,16.430054741,1
peru21_2021-09-12_8,4,none,,otsu,docling_easyocr,deepseek,1,0,0,0,1,0.0,0.0,0.0,0,,,,,34.367363364,1
peru21_2021-09-12_8,4,none,,otsu,docling_rapidocr,deepseek,1,0,0,0,1,0.0,0.0,0.0,0,,,,,17.320372492,1
peru21_2021-09-12_8,5,none,,adaptive_gaussian,docling_easyocr,deepseek,1,0,0,0,1,0.0,0.0,0.0,0,,,,,30.810470326,1
peru21_2021-09-12_8,5,none,,adaptive_gaussian,docling_rapidocr,deepseek,1,0,0,0,1,0.0,0.0,0.0,0,,,,,8.15630172,1
peru21_2021-09-12_8,5,none,,adaptive_mean,docling_easyocr,deepseek,1,0,0,0,1,0.0,0.0,0.0,0,,,,,30.757384284,1
peru21_2021-09-12_8,5,none,,adaptive_mean,docling_rapidocr,deepseek,1,0,0,0,1,0.0,0.0,0.0,0,,,,,8.261680586,1
peru21_2021-09-12_8,5,none,,basic,docling_easyocr,deepseek,1,0,0,0,1,0.0,0.0,0.0,0,,,,,29.768159943,1
peru21_2021-09-12_8,5,none,,basic,docling_rapidocr,deepseek,1,0,0,0,1,0.0,0.0,0.0,0,,,,,8.068845587,1
peru21_2021-09-12_8,5,none,,niblack,docling_easyocr,deepseek,1,1,0,1,1,0.0,0.0,0.0,1,0.017543859649122806,0.2,0.8910696761530913,0.9629629629629629,29.559544058,0
peru21_2021-09-12_8,5,none,,niblack,docling_rapidocr,deepseek,1,1,0,1,1,0.0,0.0,0.0,1,0.0,0.0,0.9688420019627085,0.9896296296296296,7.792816611,0
peru21_2021-09-12_8,5,none,,none_color,docling_easyocr,deepseek,1,0,0,0,1,0.0,0.0,0.0,0,,,,,30.48546918,1
peru21_2021-09-12_8,5,none,,none_color,docling_rapidocr,deepseek,1,0,0,0,1,0.0,0.0,0.0,0,,,,,8.485210019,1
peru21_2021-09-12_8,5,none,,none_grayscale,docling_easyocr,deepseek,1,0,0,0,1,0.0,0.0,0.0,0,,,,,29.726652461,1
peru21_2021-09-12_8,5,none,,none_grayscale,docling_rapidocr,deepseek,1,0,0,0,1,0.0,0.0,0.0,0,,,,,8.380541878,1
peru21_2021-09-12_8,5,none,,otsu,docling_easyocr,deepseek,1,0,0,0,1,0.0,0.0,0.0,0,,,,,31.524104195,1
peru21_2021-09-12_8,5,none,,otsu,docling_rapidocr,deepseek,1,0,0,0,1,0.0,0.0,0.0,0,,,,,8.319717484,1
peru21_2021-09-12_8,6,none,,adaptive_gaussian,docling_easyocr,deepseek,1,0,0,0,1,0.0,0.0,0.0,0,,,,,28.98444547,1
peru21_2021-09-12_8,6,none,,adaptive_gaussian,docling_rapidocr,deepseek,1,0,0,0,1,0.0,0.0,0.0,0,,,,,7.717807191,1
peru21_2021-09-12_8,6,none,,adaptive_mean,docling_easyocr,deepseek,1,0,0,0,1,0.0,0.0,0.0,0,,,,,29.160120385,1
peru21_2021-09-12_8,6,none,,adaptive_mean,docling_rapidocr,deepseek,1,0,0,0,1,0.0,0.0,0.0,0,,,,,8.102120059,1
peru21_2021-09-12_8,6,none,,basic,docling_easyocr,deepseek,1,0,0,0,1,0.0,0.0,0.0,0,,,,,28.841722718,1
peru21_2021-09-12_8,6,none,,basic,docling_rapidocr,deepseek,1,0,0,0,1,0.0,0.0,0.0,0,,,,,8.073281757,1
peru21_2021-09-12_8,6,none,,niblack,docling_easyocr,deepseek,1,0,0,0,1,0.0,0.0,0.0,0,,,,,30.039976318,1
peru21_2021-09-12_8,6,none,,niblack,docling_rapidocr,deepseek,1,0,0,0,1,0.0,0.0,0.0,0,,,,,7.997303922,1
peru21_2021-09-12_8,6,none,,none_color,docling_easyocr,deepseek,1,0,0,0,1,0.0,0.0,0.0,0,,,,,32.393898717,1
peru21_2021-09-12_8,6,none,,none_color,docling_rapidocr,deepseek,1,0,0,0,1,0.0,0.0,0.0,0,,,,,15.952547542,1
peru21_2021-09-12_8,6,none,,none_grayscale,docling_easyocr,deepseek,1,0,0,0,1,0.0,0.0,0.0,0,,,,,31.46877741,1
peru21_2021-09-12_8,6,none,,none_grayscale,docling_rapidocr,deepseek,1,0,0,0,1,0.0,0.0,0.0,0,,,,,16.050130597,1
peru21_2021-09-12_8,6,none,,otsu,docling_easyocr,deepseek,1,0,0,0,1,0.0,0.0,0.0,0,,,,,32.025504892,1
peru21_2021-09-12_8,6,none,,otsu,docling_rapidocr,deepseek,1,0,0,0,1,0.0,0.0,0.0,0,,,,,8.585691039,1
peru21_2021-09-12_8,7,none,,adaptive_gaussian,docling_easyocr,deepseek,1,0,0,0,1,0.0,0.0,0.0,0,,,,,29.445405931,1
peru21_2021-09-12_8,7,none,,adaptive_gaussian,docling_rapidocr,deepseek,1,0,0,0,1,0.0,0.0,0.0,0,,,,,7.936495036,1
peru21_2021-09-12_8,7,none,,adaptive_mean,docling_easyocr,deepseek,1,0,0,0,1,0.0,0.0,0.0,0,,,,,30.091751069,1
peru21_2021-09-12_8,7,none,,adaptive_mean,docling_rapidocr,deepseek,1,0,0,0,1,0.0,0.0,0.0,0,,,,,7.904242486,1
peru21_2021-09-12_8,7,none,,basic,docling_easyocr,deepseek,1,0,0,0,1,0.0,0.0,0.0,0,,,,,31.562550132,1
peru21_2021-09-12_8,7,none,,basic,docling_rapidocr,deepseek,1,0,0,0,1,0.0,0.0,0.0,0,,,,,8.298452203,1
peru21_2021-09-12_8,7,none,,niblack,docling_easyocr,deepseek,1,0,0,0,1,0.0,0.0,0.0,0,,,,,29.099943669,1
peru21_2021-09-12_8,7,none,,niblack,docling_rapidocr,deepseek,1,0,0,0,1,0.0,0.0,0.0,0,,,,,7.546637567,1
peru21_2021-09-12_8,7,none,,none_color,docling_easyocr,deepseek,1,1,0,1,1,0.0,0.0,0.0,1,0.017543859649122806,0.2,0.9847890088321885,0.9940740740740741,37.254028384,0
peru21_2021-09-12_8,7,none,,none_color,docling_rapidocr,deepseek,1,0,0,0,1,0.0,0.0,0.0,0,,,,,15.75621659,1
peru21_2021-09-12_8,7,none,,none_grayscale,docling_easyocr,deepseek,1,0,0,0,1,0.0,0.0,0.0,0,,,,,38.086705033,1
peru21_2021-09-12_8,7,none,,none_grayscale,docling_rapidocr,deepseek,1,0,0,0,1,0.0,0.0,0.0,0,,,,,16.419797008,1
peru21_2021-09-12_8,7,none,,otsu,docling_easyocr,deepseek,1,1,0,1,1,0.0,0.0,0.0,1,0.017543859649122806,0.2,0.9722767419038273,0.9896296296296296,35.284986156,0
peru21_2021-09-12_8,7,none,,otsu,docling_rapidocr,deepseek,1,0,0,0,1,0.0,0.0,0.0,0,,,,,11.000111001,1
peru21_2021-09-12_8,8,none,,adaptive_gaussian,docling_easyocr,deepseek,1,0,0,0,1,0.0,0.0,0.0,0,,,,,30.650135965,1
peru21_2021-09-12_8,8,none,,adaptive_gaussian,docling_rapidocr,deepseek,1,0,0,0,1,0.0,0.0,0.0,0,,,,,7.582708568,1
peru21_2021-09-12_8,8,none,,adaptive_mean,docling_easyocr,deepseek,1,0,0,0,1,0.0,0.0,0.0,0,,,,,30.528534383,1
peru21_2021-09-12_8,8,none,,adaptive_mean,docling_rapidocr,deepseek,1,0,0,0,1,0.0,0.0,0.0,0,,,,,7.460546226,1
peru21_2021-09-12_8,8,none,,basic,docling_easyocr,deepseek,1,0,0,0,1,0.0,0.0,0.0,0,,,,,29.00936157,1
peru21_2021-09-12_8,8,none,,basic,docling_rapidocr,deepseek,1,0,0,0,1,0.0,0.0,0.0,0,,,,,7.746839826,1
peru21_2021-09-12_8,8,none,,niblack,docling_easyocr,deepseek,1,0,0,0,1,0.0,0.0,0.0,0,,,,,30.185435493,1
peru21_2021-09-12_8,8,none,,niblack,docling_rapidocr,deepseek,1,0,0,0,1,0.0,0.0,0.0,0,,,,,7.601628024,1
peru21_2021-09-12_8,8,none,,none_color,docling_easyocr,deepseek,1,1,0,1,1,0.0,0.0,0.0,1,0.017543859649122806,0.2,0.9575564278704612,0.9837037037037037,32.408210103,0
peru21_2021-09-12_8,8,none,,none_color,docling_rapidocr,deepseek,1,0,0,0,1,0.0,0.0,0.0,0,,,,,8.527513568,1
peru21_2021-09-12_8,8,none,,none_grayscale,docling_easyocr,deepseek,1,1,0,1,1,0.0,0.0,0.0,1,0.017543859649122806,0.2,0.9575564278704612,0.9837037037037037,31.671887939,0
peru21_2021-09-12_8,8,none,,none_grayscale,docling_rapidocr,deepseek,1,0,0,0,1,0.0,0.0,0.0,0,,,,,8.175037925,1
peru21_2021-09-12_8,8,none,,otsu,docling_easyocr,deepseek,1,0,0,0,1,0.0,0.0,0.0,0,,,,,31.016054694,1
peru21_2021-09-12_8,8,none,,otsu,docling_rapidocr,deepseek,1,0,0,0,1,0.0,0.0,0.0,0,,,,,8.340775792,1
peru21_2021-09-12_8,9,none,,adaptive_gaussian,docling_easyocr,deepseek,1,0,0,0,1,0.0,0.0,0.0,0,,,,,31.066571849,1
peru21_2021-09-12_8,9,none,,adaptive_gaussian,docling_rapidocr,deepseek,1,0,0,0,1,0.0,0.0,0.0,0,,,,,7.735911029,1
peru21_2021-09-12_8,9,none,,adaptive_mean,docling_easyocr,deepseek,1,0,0,0,1,0.0,0.0,0.0,0,,,,,30.637274402,1
peru21_2021-09-12_8,9,none,,adaptive_mean,docling_rapidocr,deepseek,1,0,0,0,1,0.0,0.0,0.0,0,,,,,7.810143369,1
peru21_2021-09-12_8,9,none,,basic,docling_easyocr,deepseek,1,1,0,1,1,0.0,0.0,0.0,1,0.017543859649122806,0.2,0.9575564278704612,0.9837037037037037,30.638446323,0
peru21_2021-09-12_8,9,none,,basic,docling_rapidocr,deepseek,1,1,0,1,1,0.0,0.0,0.0,1,0.0,0.0,0.9688420019627085,0.9896296296296296,7.830231658,0
peru21_2021-09-12_8,9,none,,niblack,docling_easyocr,deepseek,1,0,0,0,1,0.0,0.0,0.0,0,,,,,29.439701516,1
peru21_2021-09-12_8,9,none,,niblack,docling_rapidocr,deepseek,1,0,0,0,1,0.0,0.0,0.0,0,,,,,7.521658618,1
peru21_2021-09-12_8,9,none,,none_color,docling_easyocr,deepseek,1,1,0,1,1,0.0,0.0,0.0,1,0.017543859649122806,0.2,0.9575564278704612,0.9837037037037037,30.477699271,0
peru21_2021-09-12_8,9,none,,none_color,docling_rapidocr,deepseek,1,0,0,0,1,0.0,0.0,0.0,0,,,,,16.926424256,1
peru21_2021-09-12_8,9,none,,none_grayscale,docling_easyocr,deepseek,1,0,0,0,1,0.0,0.0,0.0,0,,,,,30.544985286,1
peru21_2021-09-12_8,9,none,,none_grayscale,docling_rapidocr,deepseek,1,0,0,0,1,0.0,0.0,0.0,0,,,,,16.517781488,1
peru21_2021-09-12_8,9,none,,otsu,docling_easyocr,deepseek,1,0,0,0,1,0.0,0.0,0.0,0,,,,,31.832651441,1
peru21_2021-09-12_8,9,none,,otsu,docling_rapidocr,deepseek,1,0,0,0,1,0.0,0.0,0.0,0,,,,,8.470125739,1
peru21_2021-09-12_8,10,none,,adaptive_gaussian,docling_easyocr,deepseek,1,1,0,1,1,0.0,0.0,0.0,1,0.017543859649122806,0.2,0.97252208047105,0.9896296296296296,31.149471007,0
peru21_2021-09-12_8,10,none,,adaptive_gaussian,docling_rapidocr,deepseek,1,1,0,1,1,0.0,0.0,0.0,1,0.0,0.0,0.9688420019627085,0.9896296296296296,8.029820881,0
peru21_2021-09-12_8,10,none,,adaptive_mean,docling_easyocr,deepseek,1,0,0,0,1,0.0,0.0,0.0,0,,,,,31.011202536,1
peru21_2021-09-12_8,10,none,,adaptive_mean,docling_rapidocr,deepseek,1,0,0,0,1,0.0,0.0,0.0,0,,,,,7.780799351,1
peru21_2021-09-12_8,10,none,,basic,docling_easyocr,deepseek,1,1,0,1,1,0.0,0.0,0.0,1,0.0,0.0,0.9688420019627085,0.9896296296296296,33.641617831,0
peru21_2021-09-12_8,10,none,,basic,docling_rapidocr,deepseek,1,1,0,1,1,0.0,0.0,0.0,1,0.0,0.0,0.9860157016683022,0.9940740740740741,9.158968266,0
peru21_2021-09-12_8,10,none,,niblack,docling_easyocr,deepseek,1,0,0,0,1,0.0,0.0,0.0,0,,,,,29.440826201,1
peru21_2021-09-12_8,10,none,,niblack,docling_rapidocr,deepseek,1,0,0,0,1,0.0,0.0,0.0,0,,,,,7.641879582,1
peru21_2021-09-12_8,10,none,,none_color,docling_easyocr,deepseek,1,0,0,0,1,0.0,0.0,0.0,0,,,,,33.798863705,1
peru21_2021-09-12_8,10,none,,none_color,docling_rapidocr,deepseek,1,3,0,3,1,0.0,0.0,0.0,1,0.0,0.0,0.9921491658488715,0.9985185185185185,16.608049925,0
peru21_2021-09-12_8,10,none,,none_grayscale,docling_easyocr,deepseek,1,0,0,0,1,0.0,0.0,0.0,0,,,,,33.658300217,1
peru21_2021-09-12_8,10,none,,none_grayscale,docling_rapidocr,deepseek,1,0,0,0,1,0.0,0.0,0.0,0,,,,,16.294014986,1
peru21_2021-09-12_8,10,none,,otsu,docling_easyocr,deepseek,1,0,0,0,1,0.0,0.0,0.0,0,,,,,46.963451514,1
peru21_2021-09-12_8,10,none,,otsu,docling_rapidocr,deepseek,1,0,0,0,1,0.0,0.0,0.0,0,,,,,16.590260395,1
peru21_2021-09-12_8,11,none,,adaptive_gaussian,docling_easyocr,deepseek,1,0,0,0,1,0.0,0.0,0.0,0,,,,,31.405856333,1
peru21_2021-09-12_8,11,none,,adaptive_gaussian,docling_rapidocr,deepseek,1,0,0,0,1,0.0,0.0,0.0,0,,,,,7.802661858,1
peru21_2021-09-12_8,11,none,,adaptive_mean,docling_easyocr,deepseek,1,0,0,0,1,0.0,0.0,0.0,0,,,,,29.994555912,1
peru21_2021-09-12_8,11,none,,adaptive_mean,docling_rapidocr,deepseek,1,0,0,0,1,0.0,0.0,0.0,0,,,,,7.563228569,1
peru21_2021-09-12_8,11,none,,basic,docling_easyocr,deepseek,1,1,0,1,1,0.0,0.0,0.0,1,0.017543859649122806,0.2,0.9995093228655545,1.0,30.33858877,0
peru21_2021-09-12_8,11,none,,basic,docling_rapidocr,deepseek,1,0,0,0,1,0.0,0.0,0.0,0,,,,,7.866679247,1
peru21_2021-09-12_8,11,none,,niblack,docling_easyocr,deepseek,1,0,0,0,1,0.0,0.0,0.0,0,,,,,30.532107542,1
peru21_2021-09-12_8,11,none,,niblack,docling_rapidocr,deepseek,1,0,0,0,1,0.0,0.0,0.0,0,,,,,7.72088785,1
peru21_2021-09-12_8,11,none,,none_color,docling_easyocr,deepseek,1,0,0,0,1,0.0,0.0,0.0,0,,,,,31.081035908,1
peru21_2021-09-12_8,11,none,,none_color,docling_rapidocr,deepseek,1,0,0,0,1,0.0,0.0,0.0,0,,,,,16.922751482,1
peru21_2021-09-12_8,11,none,,none_grayscale,docling_easyocr,deepseek,1,0,0,0,1,0.0,0.0,0.0,0,,,,,32.114348229,1
peru21_2021-09-12_8,11,none,,none_grayscale,docling_rapidocr,deepseek,1,0,0,0,1,0.0,0.0,0.0,0,,,,,16.800466116,1
peru21_2021-09-12_8,11,none,,otsu,docling_easyocr,deepseek,1,0,0,0,1,0.0,0.0,0.0,0,,,,,31.423860605,1
peru21_2021-09-12_8,11,none,,otsu,docling_rapidocr,deepseek,1,0,0,0,1,0.0,0.0,0.0,0,,,,,7.896218355,1
peru21_2021-09-12_8,12,none,,adaptive_gaussian,docling_easyocr,deepseek,1,0,0,0,1,0.0,0.0,0.0,0,,,,,36.464180584,1
peru21_2021-09-12_8,12,none,,adaptive_gaussian,docling_rapidocr,deepseek,1,0,0,0,1,0.0,0.0,0.0,0,,,,,13.283314343,1
peru21_2021-09-12_8,12,none,,adaptive_mean,docling_easyocr,deepseek,1,0,0,0,1,0.0,0.0,0.0,0,,,,,35.725503798,1
peru21_2021-09-12_8,12,none,,adaptive_mean,docling_rapidocr,deepseek,1,0,0,0,1,0.0,0.0,0.0,0,,,,,13.365896101,1
peru21_2021-09-12_8,12,none,,basic,docling_easyocr,deepseek,1,0,0,0,1,0.0,0.0,0.0,0,,,,,41.857469528,1
peru21_2021-09-12_8,12,none,,basic,docling_rapidocr,deepseek,1,0,0,0,1,0.0,0.0,0.0,0,,,,,15.015196293,1
peru21_2021-09-12_8,12,none,,niblack,docling_easyocr,deepseek,1,0,0,0,1,0.0,0.0,0.0,0,,,,,35.133031855,1
peru21_2021-09-12_8,12,none,,niblack,docling_rapidocr,deepseek,1,0,0,0,1,0.0,0.0,0.0,0,,,,,13.41312624,1
peru21_2021-09-12_8,12,none,,none_color,docling_easyocr,deepseek,1,0,0,0,1,0.0,0.0,0.0,0,,,,,66.527571886,1
peru21_2021-09-12_8,12,none,,none_color,docling_rapidocr,deepseek,1,0,0,0,1,0.0,0.0,0.0,0,,,,,22.469727486,1
peru21_2021-09-12_8,12,none,,none_grayscale,docling_easyocr,deepseek,1,0,0,0,1,0.0,0.0,0.0,0,,,,,66.887641876,1
peru21_2021-09-12_8,12,none,,none_grayscale,docling_rapidocr,deepseek,1,0,0,0,1,0.0,0.0,0.0,0,,,,,21.515432328,1
peru21_2021-09-12_8,12,none,,otsu,docling_easyocr,deepseek,1,0,0,0,1,0.0,0.0,0.0,0,,,,,66.751066727,1
peru21_2021-09-12_8,12,none,,otsu,docling_rapidocr,deepseek,1,0,0,0,1,0.0,0.0,0.0,0,,,,,21.539449496,1
peru21_2021-09-12_8,13,none,,adaptive_gaussian,docling_easyocr,deepseek,1,0,0,0,1,0.0,0.0,0.0,0,,,,,36.951673073,1
peru21_2021-09-12_8,13,none,,adaptive_gaussian,docling_rapidocr,deepseek,1,1,0,1,1,0.0,0.0,0.0,1,0.0,0.0,0.9688420019627085,0.9896296296296296,13.633315129,0
peru21_2021-09-12_8,13,none,,adaptive_mean,docling_easyocr,deepseek,1,0,0,0,1,0.0,0.0,0.0,0,,,,,36.889181656,1
peru21_2021-09-12_8,13,none,,adaptive_mean,docling_rapidocr,deepseek,1,1,0,1,1,0.0,0.0,0.0,1,0.0,0.0,0.9688420019627085,0.9896296296296296,13.350087446,0
peru21_2021-09-12_8,13,none,,basic,docling_easyocr,deepseek,1,0,0,0,1,0.0,0.0,0.0,0,,,,,65.307130234,1
peru21_2021-09-12_8,13,none,,basic,docling_rapidocr,deepseek,1,0,0,0,1,0.0,0.0,0.0,0,,,,,22.535848992,1
peru21_2021-09-12_8,13,none,,niblack,docling_easyocr,deepseek,1,0,0,0,1,0.0,0.0,0.0,0,,,,,36.028343304,1
peru21_2021-09-12_8,13,none,,niblack,docling_rapidocr,deepseek,1,0,0,0,1,0.0,0.0,0.0,0,,,,,13.366908653,1
peru21_2021-09-12_8,13,none,,none_color,docling_easyocr,deepseek,1,0,0,0,1,0.0,0.0,0.0,0,,,,,63.694429772,1
peru21_2021-09-12_8,13,none,,none_color,docling_rapidocr,deepseek,1,0,0,0,1,0.0,0.0,0.0,0,,,,,22.525586025,1
peru21_2021-09-12_8,13,none,,none_grayscale,docling_easyocr,deepseek,1,0,0,0,1,0.0,0.0,0.0,0,,,,,66.85639085,1
peru21_2021-09-12_8,13,none,,none_grayscale,docling_rapidocr,deepseek,1,0,0,0,1,0.0,0.0,0.0,0,,,,,22.825137751,1
peru21_2021-09-12_8,13,none,,otsu,docling_easyocr,deepseek,1,1,0,1,1,0.0,0.0,0.0,0,,,,,62.197921007,0
peru21_2021-09-12_8,13,none,,otsu,docling_rapidocr,deepseek,1,0,0,0,1,0.0,0.0,0.0,0,,,,,22.541689604,1
peru21_2021-09-12_8,14,none,,adaptive_gaussian,docling_easyocr,deepseek,1,0,0,0,1,0.0,0.0,0.0,0,,,,,35.848169609,1
peru21_2021-09-12_8,14,none,,adaptive_gaussian,docling_rapidocr,deepseek,1,0,0,0,1,0.0,0.0,0.0,0,,,,,13.258881375,1
peru21_2021-09-12_8,14,none,,adaptive_mean,docling_easyocr,deepseek,1,0,0,0,1,0.0,0.0,0.0,0,,,,,36.422510191,1
peru21_2021-09-12_8,14,none,,adaptive_mean,docling_rapidocr,deepseek,1,0,0,0,1,0.0,0.0,0.0,0,,,,,13.38750796,1
peru21_2021-09-12_8,14,none,,basic,docling_easyocr,deepseek,1,1,0,1,1,0.0,0.0,0.0,1,0.017543859649122806,0.2,0.9639352306182531,0.9792592592592593,37.149939436,0
peru21_2021-09-12_8,14,none,,basic,docling_rapidocr,deepseek,1,0,0,0,1,0.0,0.0,0.0,0,,,,,13.874660391,1
peru21_2021-09-12_8,14,none,,niblack,docling_easyocr,deepseek,1,0,0,0,1,0.0,0.0,0.0,0,,,,,34.816826615,1
peru21_2021-09-12_8,14,none,,niblack,docling_rapidocr,deepseek,1,0,0,0,1,0.0,0.0,0.0,0,,,,,13.261149201,1
peru21_2021-09-12_8,14,none,,none_color,docling_easyocr,deepseek,1,0,0,0,1,0.0,0.0,0.0,0,,,,,65.438752312,1
peru21_2021-09-12_8,14,none,,none_color,docling_rapidocr,deepseek,1,0,0,0,1,0.0,0.0,0.0,0,,,,,22.449908156,1
peru21_2021-09-12_8,14,none,,none_grayscale,docling_easyocr,deepseek,1,0,0,0,1,0.0,0.0,0.0,0,,,,,66.955854792,1
peru21_2021-09-12_8,14,none,,none_grayscale,docling_rapidocr,deepseek,1,0,0,0,1,0.0,0.0,0.0,0,,,,,22.740918774,1
peru21_2021-09-12_8,14,none,,otsu,docling_easyocr,deepseek,1,0,0,0,1,0.0,0.0,0.0,0,,,,,41.168198485,1
peru21_2021-09-12_8,14,none,,otsu,docling_rapidocr,deepseek,1,9,0,9,1,0.0,0.0,0.0,0,,,,,15.011416811,0
peru21_2021-09-12_8,15,none,,adaptive_gaussian,docling_easyocr,deepseek,1,0,0,0,1,0.0,0.0,0.0,0,,,,,31.23810614,1
peru21_2021-09-12_8,15,none,,adaptive_gaussian,docling_rapidocr,deepseek,1,0,0,0,1,0.0,0.0,0.0,0,,,,,7.552974114,1
peru21_2021-09-12_8,15,none,,adaptive_mean,docling_easyocr,deepseek,1,0,0,0,1,0.0,0.0,0.0,0,,,,,30.42129291,1
peru21_2021-09-12_8,15,none,,adaptive_mean,docling_rapidocr,deepseek,1,0,0,0,1,0.0,0.0,0.0,0,,,,,7.582706818,1
peru21_2021-09-12_8,15,none,,basic,docling_easyocr,deepseek,1,0,0,0,1,0.0,0.0,0.0,0,,,,,54.155545456,1
peru21_2021-09-12_8,15,none,,basic,docling_rapidocr,deepseek,1,0,0,0,1,0.0,0.0,0.0,0,,,,,9.574624998,1
peru21_2021-09-12_8,15,none,,niblack,docling_easyocr,deepseek,1,0,0,0,1,0.0,0.0,0.0,0,,,,,28.721590231,1
peru21_2021-09-12_8,15,none,,niblack,docling_rapidocr,deepseek,1,0,0,0,1,0.0,0.0,0.0,0,,,,,7.60404105,1
peru21_2021-09-12_8,15,none,,none_color,docling_easyocr,deepseek,1,0,0,0,1,0.0,0.0,0.0,0,,,,,57.102132303,1
peru21_2021-09-12_8,15,none,,none_color,docling_rapidocr,deepseek,1,0,0,0,1,0.0,0.0,0.0,0,,,,,16.000744326,1
peru21_2021-09-12_8,15,none,,none_grayscale,docling_easyocr,deepseek,1,0,0,0,1,0.0,0.0,0.0,0,,,,,57.512516005,1
peru21_2021-09-12_8,15,none,,none_grayscale,docling_rapidocr,deepseek,1,0,0,0,1,0.0,0.0,0.0,0,,,,,16.59791897,1
peru21_2021-09-12_8,15,none,,otsu,docling_easyocr,deepseek,1,0,0,0,1,0.0,0.0,0.0,0,,,,,57.641015108,1
peru21_2021-09-12_8,15,none,,otsu,docling_rapidocr,deepseek,1,0,0,0,1,0.0,0.0,0.0,0,,,,,15.913689669,1
peru21_2021-09-12_8,16,none,,adaptive_gaussian,docling_easyocr,deepseek,1,0,0,0,1,0.0,0.0,0.0,0,,,,,30.346379957,1
peru21_2021-09-12_8,16,none,,adaptive_gaussian,docling_rapidocr,deepseek,1,0,0,0,1,0.0,0.0,0.0,0,,,,,7.605810604,1
peru21_2021-09-12_8,16,none,,adaptive_mean,docling_easyocr,deepseek,1,0,0,0,1,0.0,0.0,0.0,0,,,,,29.966246329,1
peru21_2021-09-12_8,16,none,,adaptive_mean,docling_rapidocr,deepseek,1,0,0,0,1,0.0,0.0,0.0,0,,,,,7.614234648,1
peru21_2021-09-12_8,16,none,,basic,docling_easyocr,deepseek,1,0,0,0,1,0.0,0.0,0.0,0,,,,,58.765618857,1
peru21_2021-09-12_8,16,none,,basic,docling_rapidocr,deepseek,1,0,0,0,1,0.0,0.0,0.0,0,,,,,16.434024628,1
peru21_2021-09-12_8,16,none,,niblack,docling_easyocr,deepseek,1,0,0,0,1,0.0,0.0,0.0,0,,,,,28.803848456,1
peru21_2021-09-12_8,16,none,,niblack,docling_rapidocr,deepseek,1,0,0,0,1,0.0,0.0,0.0,0,,,,,7.663695286,1
peru21_2021-09-12_8,16,none,,none_color,docling_easyocr,deepseek,1,0,0,0,1,0.0,0.0,0.0,0,,,,,58.872101124,1
peru21_2021-09-12_8,16,none,,none_color,docling_rapidocr,deepseek,1,0,0,0,1,0.0,0.0,0.0,0,,,,,16.835528191,1
peru21_2021-09-12_8,16,none,,none_grayscale,docling_easyocr,deepseek,1,0,0,0,1,0.0,0.0,0.0,0,,,,,57.031530436,1
peru21_2021-09-12_8,16,none,,none_grayscale,docling_rapidocr,deepseek,1,0,0,0,1,0.0,0.0,0.0,0,,,,,15.97658902,1
peru21_2021-09-12_8,16,none,,otsu,docling_easyocr,deepseek,1,0,0,0,1,0.0,0.0,0.0,0,,,,,56.577207932,1
peru21_2021-09-12_8,16,none,,otsu,docling_rapidocr,deepseek,1,0,0,0,1,0.0,0.0,0.0,0,,,,,16.438059458,1
peru21_2021-09-12_8,17,none,,adaptive_gaussian,docling_easyocr,deepseek,1,0,0,0,1,0.0,0.0,0.0,0,,,,,31.043460808,1
peru21_2021-09-12_8,17,none,,adaptive_gaussian,docling_rapidocr,deepseek,1,0,0,0,1,0.0,0.0,0.0,0,,,,,7.534449778,1
peru21_2021-09-12_8,17,none,,adaptive_mean,docling_easyocr,deepseek,1,0,0,0,1,0.0,0.0,0.0,0,,,,,30.573336563,1
peru21_2021-09-12_8,17,none,,adaptive_mean,docling_rapidocr,deepseek,1,0,0,0,1,0.0,0.0,0.0,0,,,,,7.744888029,1
peru21_2021-09-12_8,17,none,,basic,docling_easyocr,deepseek,1,0,0,0,1,0.0,0.0,0.0,0,,,,,33.12068611,1
peru21_2021-09-12_8,17,none,,basic,docling_rapidocr,deepseek,1,0,0,0,1,0.0,0.0,0.0,0,,,,,8.14050823,1
peru21_2021-09-12_8,17,none,,niblack,docling_easyocr,deepseek,1,0,0,0,1,0.0,0.0,0.0,0,,,,,28.721502493,1
peru21_2021-09-12_8,17,none,,niblack,docling_rapidocr,deepseek,1,0,0,0,1,0.0,0.0,0.0,0,,,,,7.770996283,1
peru21_2021-09-12_8,17,none,,none_color,docling_easyocr,deepseek,1,0,0,0,1,0.0,0.0,0.0,0,,,,,58.769394215,1
peru21_2021-09-12_8,17,none,,none_color,docling_rapidocr,deepseek,1,0,0,0,1,0.0,0.0,0.0,0,,,,,16.316589411,1
peru21_2021-09-12_8,17,none,,none_grayscale,docling_easyocr,deepseek,1,0,0,0,1,0.0,0.0,0.0,0,,,,,61.484830912,1
peru21_2021-09-12_8,17,none,,none_grayscale,docling_rapidocr,deepseek,1,0,0,0,1,0.0,0.0,0.0,0,,,,,16.596020277,1
peru21_2021-09-12_8,17,none,,otsu,docling_easyocr,deepseek,1,0,0,0,1,0.0,0.0,0.0,0,,,,,59.868891533,1
peru21_2021-09-12_8,17,none,,otsu,docling_rapidocr,deepseek,1,0,0,0,1,0.0,0.0,0.0,0,,,,,15.504700001,1
peru21_2021-09-12_8,18,none,,adaptive_gaussian,docling_easyocr,deepseek,1,0,0,0,1,0.0,0.0,0.0,0,,,,,31.073580465,1
peru21_2021-09-12_8,18,none,,adaptive_gaussian,docling_rapidocr,deepseek,1,0,0,0,1,0.0,0.0,0.0,0,,,,,8.896726808,1
peru21_2021-09-12_8,18,none,,niblack,docling_easyocr,deepseek,1,0,0,0,1,0.0,0.0,0.0,0,,,,,31.161063217,1
peru21_2021-09-12_8,18,none,,otsu,docling_easyocr,deepseek,1,0,0,0,1,0.0,0.0,0.0,0,,,,,30.687562998,1
peru21_2021-09-12_8,18,none,,otsu,docling_rapidocr,deepseek,1,0,0,0,1,0.0,0.0,0.0,0,,,,,8.242707546,1
peru21_2021-09-12_8,19,none,,adaptive_gaussian,docling_easyocr,deepseek,1,0,0,0,1,0.0,0.0,0.0,0,,,,,30.966810281,1
peru21_2021-09-12_8,19,none,,adaptive_gaussian,docling_rapidocr,deepseek,1,0,0,0,1,0.0,0.0,0.0,0,,,,,8.779927547,1
peru21_2021-09-12_8,19,none,,basic,docling_easyocr,deepseek,1,0,0,0,1,0.0,0.0,0.0,0,,,,,29.253999859,1
peru21_2021-09-12_8,19,none,,basic,docling_rapidocr,deepseek,1,0,0,0,1,0.0,0.0,0.0,0,,,,,8.117572218,1
peru21_2021-09-12_8,19,none,,niblack,docling_easyocr,deepseek,1,0,0,0,1,0.0,0.0,0.0,0,,,,,29.89194922,1
peru21_2021-09-12_8,19,none,,otsu,docling_easyocr,deepseek,1,0,0,0,1,0.0,0.0,0.0,0,,,,,30.042711168,1
peru21_2021-09-12_8,19,none,,otsu,docling_rapidocr,deepseek,1,0,0,0,1,0.0,0.0,0.0,0,,,,,8.175618797,1
peru21_2021-09-12_8,20,none,,adaptive_gaussian,docling_easyocr,deepseek,1,0,0,0,1,0.0,0.0,0.0,0,,,,,29.404888996,1
peru21_2021-09-12_8,20,none,,adaptive_gaussian,docling_rapidocr,deepseek,1,0,0,0,1,0.0,0.0,0.0,0,,,,,8.592388757,1
peru21_2021-09-12_8,20,none,,adaptive_mean,docling_easyocr,deepseek,1,0,0,0,1,0.0,0.0,0.0,0,,,,,30.10613335,1
peru21_2021-09-12_8,20,none,,niblack,docling_easyocr,deepseek,1,0,0,0,1,0.0,0.0,0.0,0,,,,,30.858467933,1
peru21_2021-09-12_8,20,none,,otsu,docling_easyocr,deepseek,1,0,0,0,1,0.0,0.0,0.0,0,,,,,30.143896085,1
peru21_2021-09-12_8,20,none,,otsu,docling_rapidocr,deepseek,1,0,0,0,1,0.0,0.0,0.0,0,,,,,8.464649183,1
peru21_2021-09-12_8,21,none,,adaptive_gaussian,docling_easyocr,deepseek,1,1,0,1,1,0.0,0.0,0.0,1,0.017543859649122806,0.2,0.9173209028459274,0.9733333333333334,45.808856432,0
peru21_2021-09-12_8,21,none,,adaptive_gaussian,docling_rapidocr,deepseek,1,1,0,1,1,0.0,0.0,0.0,1,0.0,0.0,0.9688420019627085,0.9896296296296296,24.375641767,0
peru21_2021-09-12_8,21,none,,adaptive_mean,docling_easyocr,deepseek,1,1,0,1,1,0.0,0.0,0.0,1,0.0,0.0,0.9862610402355251,0.9940740740740741,46.509319727,0
peru21_2021-09-12_8,21,none,,adaptive_mean,docling_rapidocr,deepseek,1,0,0,0,1,0.0,0.0,0.0,0,,,,,24.479746763,1
peru21_2021-09-12_8,21,none,,basic,docling_easyocr,deepseek,1,1,0,1,1,0.0,0.0,0.0,1,0.0,0.0,0.9688420019627085,0.9896296296296296,47.164262094,0
peru21_2021-09-12_8,21,none,,basic,docling_rapidocr,deepseek,1,1,0,1,1,0.0,0.0,0.0,1,0.0,0.0,0.9688420019627085,0.9896296296296296,23.985760727,0
peru21_2021-09-12_8,21,none,,niblack,docling_easyocr,deepseek,1,0,0,0,1,0.0,0.0,0.0,0,,,,,45.101316385,1
peru21_2021-09-12_8,21,none,,niblack,docling_rapidocr,deepseek,1,0,0,0,1,0.0,0.0,0.0,0,,,,,23.780646019,1
peru21_2021-09-12_8,21,none,,none_color,docling_easyocr,deepseek,1,0,0,0,1,0.0,0.0,0.0,0,,,,,45.780135431,1
peru21_2021-09-12_8,21,none,,none_color,docling_rapidocr,deepseek,1,0,0,0,1,0.0,0.0,0.0,0,,,,,33.089624204,1
peru21_2021-09-12_8,21,none,,none_grayscale,docling_easyocr,deepseek,1,0,0,0,1,0.0,0.0,0.0,0,,,,,46.777362384,1
peru21_2021-09-12_8,21,none,,none_grayscale,docling_rapidocr,deepseek,1,0,0,0,1,0.0,0.0,0.0,0,,,,,32.983073511,1
peru21_2021-09-12_8,21,none,,otsu,docling_easyocr,deepseek,1,0,0,0,1,0.0,0.0,0.0,0,,,,,47.391125955,1
peru21_2021-09-12_8,21,none,,otsu,docling_rapidocr,deepseek,1,0,0,0,1,0.0,0.0,0.0,0,,,,,23.97464899,1
peru21_2021-09-12_8,22,none,,adaptive_gaussian,docling_easyocr,deepseek,1,0,0,0,1,0.0,0.0,0.0,0,,,,,45.23631383,1
peru21_2021-09-12_8,22,none,,adaptive_gaussian,docling_rapidocr,deepseek,1,0,0,0,1,0.0,0.0,0.0,0,,,,,23.666160117,1
peru21_2021-09-12_8,22,none,,adaptive_mean,docling_easyocr,deepseek,1,0,0,0,1,0.0,0.0,0.0,0,,,,,45.228827725,1
peru21_2021-09-12_8,22,none,,adaptive_mean,docling_rapidocr,deepseek,1,0,0,0,1,0.0,0.0,0.0,0,,,,,23.682672034,1
peru21_2021-09-12_8,22,none,,basic,docling_easyocr,deepseek,1,0,0,0,1,0.0,0.0,0.0,0,,,,,48.566651448,1
peru21_2021-09-12_8,22,none,,basic,docling_rapidocr,deepseek,1,0,0,0,1,0.0,0.0,0.0,0,,,,,23.842266902,1
peru21_2021-09-12_8,22,none,,niblack,docling_easyocr,deepseek,1,0,0,0,1,0.0,0.0,0.0,0,,,,,44.697219609,1
peru21_2021-09-12_8,22,none,,niblack,docling_rapidocr,deepseek,1,0,0,0,1,0.0,0.0,0.0,0,,,,,23.086928605,1
peru21_2021-09-12_8,22,none,,none_color,docling_easyocr,deepseek,1,0,0,0,1,0.0,0.0,0.0,0,,,,,46.798743829,1
peru21_2021-09-12_8,22,none,,none_color,docling_rapidocr,deepseek,1,0,0,0,1,0.0,0.0,0.0,0,,,,,32.19393979,1
peru21_2021-09-12_8,22,none,,none_grayscale,docling_easyocr,deepseek,1,0,0,0,1,0.0,0.0,0.0,0,,,,,45.625606641,1
peru21_2021-09-12_8,22,none,,none_grayscale,docling_rapidocr,deepseek,1,0,0,0,1,0.0,0.0,0.0,0,,,,,32.278099879,1
peru21_2021-09-12_8,22,none,,otsu,docling_easyocr,deepseek,1,0,0,0,1,0.0,0.0,0.0,0,,,,,51.873677119,1
peru21_2021-09-12_8,22,none,,otsu,docling_rapidocr,deepseek,1,0,0,0,1,0.0,0.0,0.0,0,,,,,24.398963555,1
peru21_2021-09-12_8,23,none,,adaptive_gaussian,docling_easyocr,deepseek,1,1,0,1,1,0.0,0.0,0.0,1,0.017543859649122806,0.2,0.9131501472031404,0.9688888888888889,45.526022895,0
peru21_2021-09-12_8,23,none,,adaptive_gaussian,docling_rapidocr,deepseek,1,1,0,1,1,0.0,0.0,0.0,1,0.0,0.0,0.9688420019627085,0.9896296296296296,23.599124177,0
peru21_2021-09-12_8,23,none,,adaptive_mean,docling_easyocr,deepseek,1,1,0,1,1,0.0,0.0,0.0,1,0.0,0.0,0.97252208047105,0.9896296296296296,46.238079055,0
peru21_2021-09-12_8,23,none,,adaptive_mean,docling_rapidocr,deepseek,1,1,0,1,1,0.0,0.0,0.0,1,0.0,0.0,0.9862610402355251,0.9940740740740741,23.621510013,0
peru21_2021-09-12_8,23,none,,basic,docling_easyocr,deepseek,1,0,0,0,1,0.0,0.0,0.0,0,,,,,44.991821843,1
peru21_2021-09-12_8,23,none,,basic,docling_rapidocr,deepseek,1,0,0,0,1,0.0,0.0,0.0,0,,,,,22.967919665,1
peru21_2021-09-12_8,23,none,,niblack,docling_easyocr,deepseek,1,0,0,0,1,0.0,0.0,0.0,0,,,,,44.823013278,1
peru21_2021-09-12_8,23,none,,niblack,docling_rapidocr,deepseek,1,0,0,0,1,0.0,0.0,0.0,0,,,,,23.542333575,1
peru21_2021-09-12_8,23,none,,none_color,docling_easyocr,deepseek,1,1,0,1,1,0.0,0.0,0.0,1,0.017543859649122806,0.2,0.9575564278704612,0.9837037037037037,45.567136603,0
peru21_2021-09-12_8,23,none,,none_color,docling_rapidocr,deepseek,1,0,0,0,1,0.0,0.0,0.0,0,,,,,34.515791732,1
peru21_2021-09-12_8,23,none,,none_grayscale,docling_easyocr,deepseek,1,1,0,1,1,0.0,0.0,0.0,1,0.017543859649122806,0.2,0.9575564278704612,0.9837037037037037,46.334255534,0
peru21_2021-09-12_8,23,none,,none_grayscale,docling_rapidocr,deepseek,1,0,0,0,1,0.0,0.0,0.0,0,,,,,33.022078115,1
peru21_2021-09-12_8,23,none,,otsu,docling_easyocr,deepseek,1,0,0,0,1,0.0,0.0,0.0,0,,,,,47.122049409,1
peru21_2021-09-12_8,23,none,,otsu,docling_rapidocr,deepseek,1,0,0,0,1,0.0,0.0,0.0,0,,,,,23.597091037,1
peru21_2021-09-12_8,24,none,,adaptive_gaussian,docling_easyocr,deepseek,1,0,0,0,1,0.0,0.0,0.0,0,,,,,32.525515008,1
peru21_2021-09-12_8,24,none,,adaptive_gaussian,docling_rapidocr,deepseek,1,1,0,1,1,0.0,0.0,0.0,1,0.0,0.0,0.9688420019627085,0.9896296296296296,7.661235023,0
peru21_2021-09-12_8,24,none,,adaptive_mean,docling_easyocr,deepseek,1,0,0,0,1,0.0,0.0,0.0,0,,,,,30.641663957,1
peru21_2021-09-12_8,24,none,,adaptive_mean,docling_rapidocr,deepseek,1,1,0,1,1,0.0,0.0,0.0,1,0.0,0.0,0.9688420019627085,0.9896296296296296,7.45234673,0
peru21_2021-09-12_8,24,none,,basic,docling_easyocr,deepseek,1,0,0,0,1,0.0,0.0,0.0,0,,,,,57.665789865,1
peru21_2021-09-12_8,24,none,,basic,docling_rapidocr,deepseek,1,0,0,0,1,0.0,0.0,0.0,0,,,,,16.677591584,1
peru21_2021-09-12_8,24,none,,niblack,docling_easyocr,deepseek,1,0,0,0,1,0.0,0.0,0.0,0,,,,,28.774991502,1
peru21_2021-09-12_8,24,none,,niblack,docling_rapidocr,deepseek,1,0,0,0,1,0.0,0.0,0.0,0,,,,,7.466133584,1
peru21_2021-09-12_8,24,none,,none_color,docling_easyocr,deepseek,1,0,0,0,1,0.0,0.0,0.0,0,,,,,58.304604791,1
peru21_2021-09-12_8,24,none,,none_color,docling_rapidocr,deepseek,1,0,0,0,1,0.0,0.0,0.0,0,,,,,16.223902724,1
peru21_2021-09-12_8,24,none,,none_grayscale,docling_easyocr,deepseek,1,0,0,0,1,0.0,0.0,0.0,0,,,,,60.047468684,1
peru21_2021-09-12_8,24,none,,none_grayscale,docling_rapidocr,deepseek,1,0,0,0,1,0.0,0.0,0.0,0,,,,,16.520413182,1
peru21_2021-09-12_8,24,none,,otsu,docling_easyocr,deepseek,1,0,0,0,1,0.0,0.0,0.0,0,,,,,58.849555587,1
peru21_2021-09-12_8,24,none,,otsu,docling_rapidocr,deepseek,1,0,0,0,1,0.0,0.0,0.0,0,,,,,16.074708556,1
peru21_2021-09-12_8,25,none,,adaptive_gaussian,docling_easyocr,deepseek,1,1,0,1,1,0.0,0.0,0.0,1,0.0,0.0,0.9857703631010795,0.9940740740740741,31.041333293,0
peru21_2021-09-12_8,25,none,,adaptive_gaussian,docling_rapidocr,deepseek,1,0,0,0,1,0.0,0.0,0.0,0,,,,,8.44950137,1
peru21_2021-09-12_8,25,none,,adaptive_mean,docling_easyocr,deepseek,1,1,0,1,1,0.0,0.0,0.0,1,0.0,0.0,0.9992639842983317,1.0,30.286724662,0
peru21_2021-09-12_8,25,none,,adaptive_mean,docling_rapidocr,deepseek,1,0,0,0,1,0.0,0.0,0.0,0,,,,,8.269327973,1
peru21_2021-09-12_8,25,none,,basic,docling_easyocr,deepseek,1,0,0,0,1,0.0,0.0,0.0,0,,,,,58.116936633,1
peru21_2021-09-12_8,25,none,,basic,docling_rapidocr,deepseek,1,1,0,1,1,0.0,0.0,0.0,0,,,,,16.004811952,0
peru21_2021-09-12_8,25,none,,niblack,docling_easyocr,deepseek,1,0,0,0,1,0.0,0.0,0.0,0,,,,,30.069448865,1
peru21_2021-09-12_8,25,none,,niblack,docling_rapidocr,deepseek,1,0,0,0,1,0.0,0.0,0.0,0,,,,,7.48157779,1
peru21_2021-09-12_8,25,none,,none_color,docling_easyocr,deepseek,1,0,0,0,1,0.0,0.0,0.0,0,,,,,58.227503249,1
peru21_2021-09-12_8,25,none,,none_color,docling_rapidocr,deepseek,1,0,0,0,1,0.0,0.0,0.0,0,,,,,16.672522018,1
peru21_2021-09-12_8,25,none,,none_grayscale,docling_easyocr,deepseek,1,1,0,1,1,0.0,0.0,0.0,1,0.017543859649122806,0.2,0.9938665358194309,0.9985185185185185,58.538737723,0
peru21_2021-09-12_8,25,none,,none_grayscale,docling_rapidocr,deepseek,1,0,0,0,1,0.0,0.0,0.0,0,,,,,16.272997329,1
peru21_2021-09-12_8,25,none,,otsu,docling_easyocr,deepseek,1,1,0,1,1,0.0,0.0,0.0,1,0.017543859649122806,0.2,0.9987733071638861,0.9985185185185185,58.105408214,0
peru21_2021-09-12_8,25,none,,otsu,docling_rapidocr,deepseek,1,0,0,0,1,0.0,0.0,0.0,0,,,,,16.78516104,1
peru21_2021-09-12_8,26,none,,adaptive_gaussian,docling_easyocr,deepseek,1,1,0,1,1,0.0,0.0,0.0,1,0.0,0.0,0.9688420019627085,0.9896296296296296,32.462592577,0
peru21_2021-09-12_8,26,none,,adaptive_gaussian,docling_rapidocr,deepseek,1,1,0,1,1,0.0,0.0,0.0,1,0.0,0.0,0.9688420019627085,0.9896296296296296,7.921563362,0
peru21_2021-09-12_8,26,none,,adaptive_mean,docling_easyocr,deepseek,1,1,0,1,1,0.0,0.0,0.0,1,0.0,0.0,0.9688420019627085,0.9896296296296296,30.992766594,0
peru21_2021-09-12_8,26,none,,adaptive_mean,docling_rapidocr,deepseek,1,1,0,1,1,0.0,0.0,0.0,1,0.0,0.0,0.9688420019627085,0.9896296296296296,7.551813101,0
peru21_2021-09-12_8,26,none,,basic,docling_easyocr,deepseek,1,0,0,0,1,0.0,0.0,0.0,0,,,,,35.683686325,1
peru21_2021-09-12_8,26,none,,basic,docling_rapidocr,deepseek,1,0,0,0,1,0.0,0.0,0.0,0,,,,,9.928917,1
peru21_2021-09-12_8,26,none,,niblack,docling_easyocr,deepseek,1,0,0,0,1,0.0,0.0,0.0,0,,,,,28.85594355,1
peru21_2021-09-12_8,26,none,,niblack,docling_rapidocr,deepseek,1,0,0,0,1,0.0,0.0,0.0,0,,,,,7.863203396,1
peru21_2021-09-12_8,26,none,,none_color,docling_easyocr,deepseek,1,0,0,0,1,0.0,0.0,0.0,0,,,,,58.16550214,1
peru21_2021-09-12_8,26,none,,none_color,docling_rapidocr,deepseek,1,0,0,0,1,0.0,0.0,0.0,0,,,,,16.191145727,1
peru21_2021-09-12_8,26,none,,none_grayscale,docling_easyocr,deepseek,1,0,0,0,1,0.0,0.0,0.0,0,,,,,58.49749572,1
peru21_2021-09-12_8,26,none,,none_grayscale,docling_rapidocr,deepseek,1,0,0,0,1,0.0,0.0,0.0,0,,,,,16.782989332,1
peru21_2021-09-12_8,26,none,,otsu,docling_easyocr,deepseek,1,0,0,0,1,0.0,0.0,0.0,0,,,,,57.558834383,1
peru21_2021-09-12_8,26,none,,otsu,docling_rapidocr,deepseek,1,2,0,2,1,0.0,0.0,0.0,1,0.017543859649122806,0.1,0.9327772325809617,0.9777777777777777,16.827788183,0
peru21_2021-09-12_8,27,none,,adaptive_gaussian,docling_easyocr,deepseek,1,0,0,0,1,0.0,0.0,0.0,0,,,,,30.991195799,1
peru21_2021-09-12_8,27,none,,adaptive_gaussian,docling_rapidocr,deepseek,1,0,0,0,1,0.0,0.0,0.0,0,,,,,7.776446463,1
peru21_2021-09-12_8,27,none,,adaptive_mean,docling_easyocr,deepseek,1,0,0,0,1,0.0,0.0,0.0,0,,,,,29.634887266,1
peru21_2021-09-12_8,27,none,,adaptive_mean,docling_rapidocr,deepseek,1,0,0,0,1,0.0,0.0,0.0,0,,,,,7.58032279,1
peru21_2021-09-12_8,27,none,,basic,docling_easyocr,deepseek,1,0,0,0,1,0.0,0.0,0.0,0,,,,,59.209573649,1
peru21_2021-09-12_8,27,none,,basic,docling_rapidocr,deepseek,1,1,0,1,1,0.0,0.0,0.0,1,0.017543859649122806,0.1,0.995829244357213,1.0,16.353879355,0
peru21_2021-09-12_8,27,none,,niblack,docling_easyocr,deepseek,1,0,0,0,1,0.0,0.0,0.0,0,,,,,29.301539457,1
peru21_2021-09-12_8,27,none,,niblack,docling_rapidocr,deepseek,1,0,0,0,1,0.0,0.0,0.0,0,,,,,7.532067335,1
peru21_2021-09-12_8,27,none,,none_color,docling_easyocr,deepseek,1,0,0,0,1,0.0,0.0,0.0,0,,,,,58.377674483,1
peru21_2021-09-12_8,27,none,,none_color,docling_rapidocr,deepseek,1,0,0,0,1,0.0,0.0,0.0,0,,,,,17.024777554,1
peru21_2021-09-12_8,27,none,,none_grayscale,docling_easyocr,deepseek,1,0,0,0,1,0.0,0.0,0.0,0,,,,,58.992264174,1
peru21_2021-09-12_8,27,none,,none_grayscale,docling_rapidocr,deepseek,1,0,0,0,1,0.0,0.0,0.0,0,,,,,16.894559048,1
peru21_2021-09-12_8,27,none,,otsu,docling_easyocr,deepseek,1,0,0,0,1,0.0,0.0,0.0,0,,,,,54.153978323,1
peru21_2021-09-12_8,27,none,,otsu,docling_rapidocr,deepseek,1,0,0,0,1,0.0,0.0,0.0,0,,,,,16.38491485,1
peru21_2021-09-12_8,28,none,,adaptive_gaussian,docling_easyocr,deepseek,1,1,0,1,1,0.0,0.0,0.0,1,0.03508771929824561,0.2,0.9899411187438666,0.9940740740740741,30.611228825,0
peru21_2021-09-12_8,28,none,,adaptive_gaussian,docling_rapidocr,deepseek,1,1,0,1,1,0.0,0.0,0.0,1,0.0,0.0,0.9688420019627085,0.9896296296296296,7.601974369,0
peru21_2021-09-12_8,28,none,,adaptive_mean,docling_easyocr,deepseek,1,0,0,0,1,0.0,0.0,0.0,0,,,,,30.069688917,1
peru21_2021-09-12_8,28,none,,adaptive_mean,docling_rapidocr,deepseek,1,1,0,1,1,0.0,0.0,0.0,1,0.0,0.0,0.9688420019627085,0.9896296296296296,7.71864307,0
peru21_2021-09-12_8,28,none,,basic,docling_easyocr,deepseek,1,0,0,0,1,0.0,0.0,0.0,0,,,,,56.179714655,1
peru21_2021-09-12_8,28,none,,basic,docling_rapidocr,deepseek,1,0,0,0,1,0.0,0.0,0.0,0,,,,,17.065074419,1
peru21_2021-09-12_8,28,none,,niblack,docling_easyocr,deepseek,1,0,0,0,1,0.0,0.0,0.0,0,,,,,29.229901018,1
peru21_2021-09-12_8,28,none,,niblack,docling_rapidocr,deepseek,1,0,0,0,1,0.0,0.0,0.0,0,,,,,8.041939917,1
peru21_2021-09-12_8,28,none,,none_color,docling_easyocr,deepseek,1,0,0,0,1,0.0,0.0,0.0,0,,,,,57.40555427,1
peru21_2021-09-12_8,28,none,,none_color,docling_rapidocr,deepseek,1,0,0,0,1,0.0,0.0,0.0,0,,,,,16.845384573,1
peru21_2021-09-12_8,28,none,,none_grayscale,docling_easyocr,deepseek,1,0,0,0,1,0.0,0.0,0.0,0,,,,,57.856523251,1
peru21_2021-09-12_8,28,none,,none_grayscale,docling_rapidocr,deepseek,1,0,0,0,1,0.0,0.0,0.0,0,,,,,17.455584263,1
peru21_2021-09-12_8,28,none,,otsu,docling_easyocr,deepseek,1,0,0,0,1,0.0,0.0,0.0,0,,,,,56.847862053,1
peru21_2021-09-12_8,28,none,,otsu,docling_rapidocr,deepseek,1,0,0,0,1,0.0,0.0,0.0,0,,,,,16.379530478,1
peru21_2021-09-12_8,29,none,,adaptive_gaussian,docling_easyocr,deepseek,1,0,0,0,1,0.0,0.0,0.0,0,,,,,30.515211941,1
peru21_2021-09-12_8,29,none,,adaptive_gaussian,docling_rapidocr,deepseek,1,0,0,0,1,0.0,0.0,0.0,0,,,,,7.816426159,1
peru21_2021-09-12_8,29,none,,adaptive_mean,docling_easyocr,deepseek,1,0,0,0,1,0.0,0.0,0.0,0,,,,,30.367795588,1
peru21_2021-09-12_8,29,none,,adaptive_mean,docling_rapidocr,deepseek,1,0,0,0,1,0.0,0.0,0.0,0,,,,,7.931666495,1
peru21_2021-09-12_8,29,none,,basic,docling_easyocr,deepseek,1,0,0,0,1,0.0,0.0,0.0,0,,,,,33.769672608,1
peru21_2021-09-12_8,29,none,,basic,docling_rapidocr,deepseek,1,0,0,0,1,0.0,0.0,0.0,0,,,,,9.63472197,1
peru21_2021-09-12_8,29,none,,niblack,docling_easyocr,deepseek,1,0,0,0,1,0.0,0.0,0.0,0,,,,,30.212544312,1
peru21_2021-09-12_8,29,none,,niblack,docling_rapidocr,deepseek,1,0,0,0,1,0.0,0.0,0.0,0,,,,,7.891077389,1
peru21_2021-09-12_8,29,none,,none_color,docling_easyocr,deepseek,1,1,0,1,1,0.0,0.0,0.0,0,,,,,59.023190474,0
peru21_2021-09-12_8,29,none,,none_color,docling_rapidocr,deepseek,1,0,0,0,1,0.0,0.0,0.0,0,,,,,17.230860209,1
peru21_2021-09-12_8,29,none,,none_grayscale,docling_easyocr,deepseek,1,1,0,1,1,0.0,0.0,0.0,0,,,,,58.818072294,0
peru21_2021-09-12_8,29,none,,none_grayscale,docling_rapidocr,deepseek,1,0,0,0,1,0.0,0.0,0.0,0,,,,,17.19489715,1
peru21_2021-09-12_8,29,none,,otsu,docling_easyocr,deepseek,1,0,0,0,1,0.0,0.0,0.0,0,,,,,55.04087088,1
peru21_2021-09-12_8,29,none,,otsu,docling_rapidocr,deepseek,1,0,0,0,1,0.0,0.0,0.0,0,,,,,16.277578806,1
peru21_2021-09-12_8,30,none,,adaptive_gaussian,docling_easyocr,deepseek,1,0,0,0,1,0.0,0.0,0.0,0,,,,,29.483404642,1
peru21_2021-09-12_8,30,none,,adaptive_gaussian,docling_rapidocr,deepseek,1,0,0,0,1,0.0,0.0,0.0,0,,,,,7.78719688,1
peru21_2021-09-12_8,30,none,,adaptive_mean,docling_easyocr,deepseek,1,0,0,0,1,0.0,0.0,0.0,0,,,,,29.395276313,1
peru21_2021-09-12_8,30,none,,adaptive_mean,docling_rapidocr,deepseek,1,0,0,0,1,0.0,0.0,0.0,0,,,,,7.85272575,1
peru21_2021-09-12_8,30,none,,basic,docling_easyocr,deepseek,1,0,0,0,1,0.0,0.0,0.0,0,,,,,30.140210966,1
peru21_2021-09-12_8,30,none,,basic,docling_rapidocr,deepseek,1,0,0,0,1,0.0,0.0,0.0,0,,,,,7.75290356,1
peru21_2021-09-12_8,30,none,,niblack,docling_easyocr,deepseek,1,0,0,0,1,0.0,0.0,0.0,0,,,,,29.263875789,1
peru21_2021-09-12_8,30,none,,niblack,docling_rapidocr,deepseek,1,0,0,0,1,0.0,0.0,0.0,0,,,,,7.769285984,1
peru21_2021-09-12_8,30,none,,none_color,docling_easyocr,deepseek,1,0,0,0,1,0.0,0.0,0.0,0,,,,,30.082742075,1
peru21_2021-09-12_8,30,none,,none_color,docling_rapidocr,deepseek,1,0,0,0,1,0.0,0.0,0.0,0,,,,,17.154552558,1
peru21_2021-09-12_8,30,none,,none_grayscale,docling_easyocr,deepseek,1,1,0,1,1,0.0,0.0,0.0,1,0.017543859649122806,0.2,0.9575564278704612,0.9837037037037037,30.322282175,0
peru21_2021-09-12_8,30,none,,none_grayscale,docling_rapidocr,deepseek,1,0,0,0,1,0.0,0.0,0.0,0,,,,,16.532548049,1
peru21_2021-09-12_8,30,none,,otsu,docling_easyocr,deepseek,1,0,0,0,1,0.0,0.0,0.0,0,,,,,33.512296133,1
peru21_2021-09-12_8,30,none,,otsu,docling_rapidocr,deepseek,1,1,0,1,1,0.0,0.0,0.0,0,,,,,9.117884569,0
peru21_2021-09-12_8,31,none,,adaptive_gaussian,docling_easyocr,deepseek,1,0,0,0,1,0.0,0.0,0.0,0,,,,,30.254696209,1
peru21_2021-09-12_8,31,none,,adaptive_gaussian,docling_rapidocr,deepseek,1,0,0,0,1,0.0,0.0,0.0,0,,,,,7.898721057,1
peru21_2021-09-12_8,31,none,,adaptive_mean,docling_easyocr,deepseek,1,0,0,0,1,0.0,0.0,0.0,0,,,,,29.530445892,1
peru21_2021-09-12_8,31,none,,adaptive_mean,docling_rapidocr,deepseek,1,0,0,0,1,0.0,0.0,0.0,0,,,,,7.742957431,1
peru21_2021-09-12_8,31,none,,basic,docling_easyocr,deepseek,1,0,0,0,1,0.0,0.0,0.0,0,,,,,32.360390834,1
peru21_2021-09-12_8,31,none,,basic,docling_rapidocr,deepseek,1,0,0,0,1,0.0,0.0,0.0,0,,,,,10.466622285,1
peru21_2021-09-12_8,31,none,,niblack,docling_easyocr,deepseek,1,0,0,0,1,0.0,0.0,0.0,0,,,,,29.202297588,1
peru21_2021-09-12_8,31,none,,niblack,docling_rapidocr,deepseek,1,0,0,0,1,0.0,0.0,0.0,0,,,,,7.987755914,1
peru21_2021-09-12_8,31,none,,none_color,docling_easyocr,deepseek,1,0,0,0,1,0.0,0.0,0.0,0,,,,,31.173784427,1
peru21_2021-09-12_8,31,none,,none_color,docling_rapidocr,deepseek,1,0,0,0,1,0.0,0.0,0.0,0,,,,,16.742066793,1
peru21_2021-09-12_8,31,none,,none_grayscale,docling_easyocr,deepseek,1,0,0,0,1,0.0,0.0,0.0,0,,,,,32.244105749,1
peru21_2021-09-12_8,31,none,,none_grayscale,docling_rapidocr,deepseek,1,0,0,0,1,0.0,0.0,0.0,0,,,,,16.777104072,1
peru21_2021-09-12_8,31,none,,otsu,docling_easyocr,deepseek,1,0,0,0,1,0.0,0.0,0.0,0,,,,,46.715731149,1
peru21_2021-09-12_8,31,none,,otsu,docling_rapidocr,deepseek,1,0,0,0,1,0.0,0.0,0.0,0,,,,,15.776948696,1
peru21_2021-09-12_8,32,none,,adaptive_gaussian,docling_easyocr,deepseek,1,0,0,0,1,0.0,0.0,0.0,0,,,,,29.20605293,1
peru21_2021-09-12_8,32,none,,adaptive_gaussian,docling_rapidocr,deepseek,1,0,0,0,1,0.0,0.0,0.0,0,,,,,8.007676036,1
peru21_2021-09-12_8,32,none,,adaptive_mean,docling_easyocr,deepseek,1,0,0,0,1,0.0,0.0,0.0,0,,,,,29.26665941,1
peru21_2021-09-12_8,32,none,,adaptive_mean,docling_rapidocr,deepseek,1,0,0,0,1,0.0,0.0,0.0,0,,,,,7.813266666,1
peru21_2021-09-12_8,32,none,,basic,docling_easyocr,deepseek,1,0,0,0,1,0.0,0.0,0.0,0,,,,,29.094637638,1
peru21_2021-09-12_8,32,none,,basic,docling_rapidocr,deepseek,1,0,0,0,1,0.0,0.0,0.0,0,,,,,8.129816776,1
peru21_2021-09-12_8,32,none,,niblack,docling_easyocr,deepseek,1,0,0,0,1,0.0,0.0,0.0,0,,,,,29.227964374,1
peru21_2021-09-12_8,32,none,,niblack,docling_rapidocr,deepseek,1,0,0,0,1,0.0,0.0,0.0,0,,,,,8.093112203,1
peru21_2021-09-12_8,32,none,,none_color,docling_easyocr,deepseek,1,0,0,0,1,0.0,0.0,0.0,0,,,,,29.689735179,1
peru21_2021-09-12_8,32,none,,none_color,docling_rapidocr,deepseek,1,0,0,0,1,0.0,0.0,0.0,0,,,,,15.541157012,1
peru21_2021-09-12_8,32,none,,none_grayscale,docling_easyocr,deepseek,1,0,0,0,1,0.0,0.0,0.0,0,,,,,29.917323118,1
peru21_2021-09-12_8,32,none,,none_grayscale,docling_rapidocr,deepseek,1,0,0,0,1,0.0,0.0,0.0,0,,,,,15.529701715,1
peru21_2021-09-12_8,32,none,,otsu,docling_easyocr,deepseek,1,0,0,0,1,0.0,0.0,0.0,0,,,,,32.334612613,1
peru21_2021-09-12_8,32,none,,otsu,docling_rapidocr,deepseek,1,0,0,0,1,0.0,0.0,0.0,0,,,,,9.187062507,1
peru21_2021-09-12_8,33,none,,adaptive_gaussian,docling_easyocr,deepseek,1,0,0,0,1,0.0,0.0,0.0,0,,,,,29.471223836,1
peru21_2021-09-12_8,33,none,,adaptive_gaussian,docling_rapidocr,deepseek,1,0,0,0,1,0.0,0.0,0.0,0,,,,,8.10716558,1
peru21_2021-09-12_8,33,none,,adaptive_mean,docling_easyocr,deepseek,1,0,0,0,1,0.0,0.0,0.0,0,,,,,30.210484748,1
peru21_2021-09-12_8,33,none,,adaptive_mean,docling_rapidocr,deepseek,1,0,0,0,1,0.0,0.0,0.0,0,,,,,8.179049259,1
peru21_2021-09-12_8,33,none,,basic,docling_easyocr,deepseek,1,0,0,0,1,0.0,0.0,0.0,0,,,,,30.718894342,1
peru21_2021-09-12_8,33,none,,basic,docling_rapidocr,deepseek,1,0,0,0,1,0.0,0.0,0.0,0,,,,,8.321022132,1
peru21_2021-09-12_8,33,none,,niblack,docling_easyocr,deepseek,1,0,0,0,1,0.0,0.0,0.0,0,,,,,30.259881324,1
peru21_2021-09-12_8,33,none,,niblack,docling_rapidocr,deepseek,1,0,0,0,1,0.0,0.0,0.0,0,,,,,8.302613563,1
peru21_2021-09-12_8,33,none,,none_color,docling_easyocr,deepseek,1,0,0,0,1,0.0,0.0,0.0,0,,,,,31.57243214,1
peru21_2021-09-12_8,33,none,,none_color,docling_rapidocr,deepseek,1,0,0,0,1,0.0,0.0,0.0,0,,,,,15.653107265,1
peru21_2021-09-12_8,33,none,,none_grayscale,docling_easyocr,deepseek,1,1,0,1,1,0.0,0.0,0.0,1,0.017543859649122806,0.2,0.8910696761530913,0.9629629629629629,31.814507583,0
peru21_2021-09-12_8,33,none,,none_grayscale,docling_rapidocr,deepseek,1,0,0,0,1,0.0,0.0,0.0,0,,,,,15.870323995,1
peru21_2021-09-12_8,33,none,,otsu,docling_easyocr,deepseek,1,0,0,0,1,0.0,0.0,0.0,0,,,,,33.452592067,1
peru21_2021-09-12_8,33,none,,otsu,docling_rapidocr,deepseek,1,0,0,0,1,0.0,0.0,0.0,0,,,,,8.14427536,1
peru21_2021-09-12_8,34,none,,adaptive_gaussian,docling_easyocr,deepseek,1,0,0,0,1,0.0,0.0,0.0,0,,,,,30.509167298,1
peru21_2021-09-12_8,34,none,,adaptive_gaussian,docling_rapidocr,deepseek,1,0,0,0,1,0.0,0.0,0.0,0,,,,,7.984235152,1
peru21_2021-09-12_8,34,none,,adaptive_mean,docling_easyocr,deepseek,1,0,0,0,1,0.0,0.0,0.0,0,,,,,29.340341671,1
peru21_2021-09-12_8,34,none,,adaptive_mean,docling_rapidocr,deepseek,1,0,0,0,1,0.0,0.0,0.0,0,,,,,8.054316147,1
peru21_2021-09-12_8,34,none,,basic,docling_easyocr,deepseek,1,1,0,1,1,0.0,0.0,0.0,1,0.017543859649122806,0.2,0.9997546614327772,1.0,32.576958376,0
peru21_2021-09-12_8,34,none,,basic,docling_rapidocr,deepseek,1,0,0,0,1,0.0,0.0,0.0,0,,,,,8.682914931,1
peru21_2021-09-12_8,34,none,,niblack,docling_easyocr,deepseek,1,0,0,0,1,0.0,0.0,0.0,0,,,,,29.856736348,1
peru21_2021-09-12_8,34,none,,niblack,docling_rapidocr,deepseek,1,0,0,0,1,0.0,0.0,0.0,0,,,,,7.82790725,1
peru21_2021-09-12_8,34,none,,none_color,docling_easyocr,deepseek,1,0,0,0,1,0.0,0.0,0.0,0,,,,,34.084728199,1
peru21_2021-09-12_8,34,none,,none_color,docling_rapidocr,deepseek,1,1,0,1,1,0.0,0.0,0.0,0,,,,,15.882140833,0
peru21_2021-09-12_8,34,none,,none_grayscale,docling_easyocr,deepseek,1,1,0,1,1,0.0,0.0,0.0,1,0.017543859649122806,0.2,0.8979391560353287,0.9644444444444444,34.05439015,0
peru21_2021-09-12_8,34,none,,none_grayscale,docling_rapidocr,deepseek,1,1,0,1,1,0.0,0.0,0.0,1,0.8771929824561403,0.9,0.9330225711481845,0.9777777777777777,16.815728861,0
peru21_2021-09-12_8,34,none,,otsu,docling_easyocr,deepseek,1,0,0,0,1,0.0,0.0,0.0,0,,,,,43.744803698,1
peru21_2021-09-12_8,34,none,,otsu,docling_rapidocr,deepseek,1,0,0,0,1,0.0,0.0,0.0,0,,,,,15.075504095,1
peru21_2021-09-12_8,35,none,,adaptive_gaussian,docling_easyocr,deepseek,1,0,0,0,1,0.0,0.0,0.0,0,,,,,29.431836232,1
peru21_2021-09-12_8,35,none,,adaptive_gaussian,docling_rapidocr,deepseek,1,0,0,0,1,0.0,0.0,0.0,0,,,,,7.70111738,1
peru21_2021-09-12_8,35,none,,adaptive_mean,docling_easyocr,deepseek,1,0,0,0,1,0.0,0.0,0.0,0,,,,,29.378816469,1
peru21_2021-09-12_8,35,none,,adaptive_mean,docling_rapidocr,deepseek,1,0,0,0,1,0.0,0.0,0.0,0,,,,,7.630308493,1
peru21_2021-09-12_8,35,none,,basic,docling_easyocr,deepseek,1,1,0,1,1,0.0,0.0,0.0,1,0.017543859649122806,0.2,0.8657998037291462,0.957037037037037,30.397477585,0
peru21_2021-09-12_8,35,none,,basic,docling_rapidocr,deepseek,1,1,0,1,1,0.0,0.0,0.0,1,0.0,0.0,0.9688420019627085,0.9896296296296296,7.906825978,0
peru21_2021-09-12_8,35,none,,niblack,docling_easyocr,deepseek,1,0,0,0,1,0.0,0.0,0.0,0,,,,,29.877438948,1
peru21_2021-09-12_8,35,none,,niblack,docling_rapidocr,deepseek,1,0,0,0,1,0.0,0.0,0.0,0,,,,,7.627298043,1
peru21_2021-09-12_8,35,none,,none_color,docling_easyocr,deepseek,1,0,0,0,1,0.0,0.0,0.0,0,,,,,32.412887055,1
peru21_2021-09-12_8,35,none,,none_color,docling_rapidocr,deepseek,1,0,0,0,1,0.0,0.0,0.0,0,,,,,12.394504982,1
peru21_2021-09-12_8,35,none,,none_grayscale,docling_easyocr,deepseek,1,0,0,0,1,0.0,0.0,0.0,0,,,,,31.53474589,1
peru21_2021-09-12_8,35,none,,none_grayscale,docling_rapidocr,deepseek,1,0,0,0,1,0.0,0.0,0.0,0,,,,,12.630915839,1
peru21_2021-09-12_8,35,none,,otsu,docling_easyocr,deepseek,1,0,0,0,1,0.0,0.0,0.0,0,,,,,31.247021395,1
peru21_2021-09-12_8,35,none,,otsu,docling_rapidocr,deepseek,1,0,0,0,1,0.0,0.0,0.0,0,,,,,7.717926461,1
peru21_2021-09-12_8,36,none,,adaptive_gaussian,docling_easyocr,deepseek,1,0,0,0,1,0.0,0.0,0.0,0,,,,,29.472001656,1
peru21_2021-09-12_8,36,none,,adaptive_gaussian,docling_rapidocr,deepseek,1,0,0,0,1,0.0,0.0,0.0,0,,,,,7.82106243,1
peru21_2021-09-12_8,36,none,,adaptive_mean,docling_easyocr,deepseek,1,0,0,0,1,0.0,0.0,0.0,0,,,,,30.468131096,1
peru21_2021-09-12_8,36,none,,adaptive_mean,docling_rapidocr,deepseek,1,0,0,0,1,0.0,0.0,0.0,0,,,,,7.527821572,1
peru21_2021-09-12_8,36,none,,basic,docling_easyocr,deepseek,1,0,0,0,1,0.0,0.0,0.0,0,,,,,31.644172316,1
peru21_2021-09-12_8,36,none,,basic,docling_rapidocr,deepseek,1,0,0,0,1,0.0,0.0,0.0,0,,,,,8.045057421,1
peru21_2021-09-12_8,36,none,,niblack,docling_easyocr,deepseek,1,0,0,0,1,0.0,0.0,0.0,0,,,,,28.981929798,1
peru21_2021-09-12_8,36,none,,niblack,docling_rapidocr,deepseek,1,0,0,0,1,0.0,0.0,0.0,0,,,,,7.817324896,1
peru21_2021-09-12_8,36,none,,none_color,docling_easyocr,deepseek,1,1,0,1,1,0.0,0.0,0.0,1,0.017543859649122806,0.2,0.9575564278704612,0.9837037037037037,30.0175556,0
peru21_2021-09-12_8,36,none,,none_color,docling_rapidocr,deepseek,1,0,0,0,1,0.0,0.0,0.0,0,,,,,16.745170956,1
peru21_2021-09-12_8,36,none,,none_grayscale,docling_easyocr,deepseek,1,1,0,1,1,0.0,0.0,0.0,1,0.017543859649122806,0.2,0.9575564278704612,0.9837037037037037,30.452323561,0
peru21_2021-09-12_8,36,none,,none_grayscale,docling_rapidocr,deepseek,1,0,0,0,1,0.0,0.0,0.0,0,,,,,16.170822983,1
peru21_2021-09-12_8,36,none,,otsu,docling_easyocr,deepseek,1,0,0,0,1,0.0,0.0,0.0,0,,,,,34.264689881,1
peru21_2021-09-12_8,36,none,,otsu,docling_rapidocr,deepseek,1,0,0,0,1,0.0,0.0,0.0,0,,,,,16.268137413,1
peru21_2021-09-12_8,37,none,,adaptive_gaussian,docling_easyocr,deepseek,1,1,0,1,1,0.0,0.0,0.0,1,0.0,0.0,0.9688420019627085,0.9896296296296296,30.174129351,0
peru21_2021-09-12_8,37,none,,adaptive_gaussian,docling_rapidocr,deepseek,1,1,0,1,1,0.0,0.0,0.0,1,0.0,0.0,0.9688420019627085,0.9896296296296296,7.750696762,0
peru21_2021-09-12_8,37,none,,adaptive_mean,docling_easyocr,deepseek,1,0,0,0,1,0.0,0.0,0.0,0,,,,,30.831969364,1
peru21_2021-09-12_8,37,none,,adaptive_mean,docling_rapidocr,deepseek,1,0,0,0,1,0.0,0.0,0.0,0,,,,,7.572163924,1
peru21_2021-09-12_8,37,none,,basic,docling_easyocr,deepseek,1,0,0,0,1,0.0,0.0,0.0,0,,,,,47.999080616,1
peru21_2021-09-12_8,37,none,,basic,docling_rapidocr,deepseek,1,0,0,0,1,0.0,0.0,0.0,0,,,,,16.890389401,1
peru21_2021-09-12_8,37,none,,niblack,docling_easyocr,deepseek,1,0,0,0,1,0.0,0.0,0.0,0,,,,,30.220234558,1
peru21_2021-09-12_8,37,none,,niblack,docling_rapidocr,deepseek,1,0,0,0,1,0.0,0.0,0.0,0,,,,,7.713827298,1
peru21_2021-09-12_8,37,none,,none_color,docling_easyocr,deepseek,1,0,0,0,1,0.0,0.0,0.0,0,,,,,31.381521183,1
peru21_2021-09-12_8,37,none,,none_color,docling_rapidocr,deepseek,1,0,0,0,1,0.0,0.0,0.0,0,,,,,17.031952101,1
peru21_2021-09-12_8,37,none,,none_grayscale,docling_easyocr,deepseek,1,1,0,1,1,0.0,0.0,0.0,1,0.017543859649122806,0.2,0.9575564278704612,0.9837037037037037,32.658954817,0
peru21_2021-09-12_8,37,none,,none_grayscale,docling_rapidocr,deepseek,1,2,0,2,1,0.0,0.0,0.0,1,0.0,0.0,0.9921491658488715,0.9955555555555555,16.108879048,0
peru21_2021-09-12_8,37,none,,otsu,docling_easyocr,deepseek,1,1,0,1,1,0.0,0.0,0.0,1,0.0,0.0,0.9548577036310107,0.9837037037037037,51.751807482,0
peru21_2021-09-12_8,37,none,,otsu,docling_rapidocr,deepseek,1,0,0,0,1,0.0,0.0,0.0,0,,,,,15.768038304,1
peru21_2021-09-12_8,38,none,,adaptive_gaussian,docling_easyocr,deepseek,1,0,0,0,1,0.0,0.0,0.0,0,,,,,29.826872184,1
peru21_2021-09-12_8,38,none,,adaptive_gaussian,docling_rapidocr,deepseek,1,0,0,0,1,0.0,0.0,0.0,0,,,,,7.784659221,1
peru21_2021-09-12_8,38,none,,adaptive_mean,docling_easyocr,deepseek,1,0,0,0,1,0.0,0.0,0.0,0,,,,,29.579956605,1
peru21_2021-09-12_8,38,none,,adaptive_mean,docling_rapidocr,deepseek,1,0,0,0,1,0.0,0.0,0.0,0,,,,,7.775757386,1
peru21_2021-09-12_8,38,none,,basic,docling_easyocr,deepseek,1,0,0,0,1,0.0,0.0,0.0,0,,,,,31.133426356,1
peru21_2021-09-12_8,38,none,,basic,docling_rapidocr,deepseek,1,0,0,0,1,0.0,0.0,0.0,0,,,,,7.822693038,1
peru21_2021-09-12_8,38,none,,niblack,docling_easyocr,deepseek,1,0,0,0,1,0.0,0.0,0.0,0,,,,,29.824384347,1
peru21_2021-09-12_8,38,none,,niblack,docling_rapidocr,deepseek,1,0,0,0,1,0.0,0.0,0.0,0,,,,,7.901913777,1
peru21_2021-09-12_8,38,none,,none_color,docling_easyocr,deepseek,1,1,0,1,1,0.0,0.0,0.0,1,0.017543859649122806,0.2,0.9575564278704612,0.9837037037037037,30.127783704,0
peru21_2021-09-12_8,38,none,,none_color,docling_rapidocr,deepseek,1,1,0,1,1,0.0,0.0,0.0,1,0.0,0.0,0.9997546614327772,1.0,17.389027524,0
peru21_2021-09-12_8,38,none,,none_grayscale,docling_easyocr,deepseek,1,1,0,1,1,0.0,0.0,0.0,1,0.017543859649122806,0.2,0.9575564278704612,0.9837037037037037,31.377382684,0
peru21_2021-09-12_8,38,none,,none_grayscale,docling_rapidocr,deepseek,1,1,0,1,1,0.0,0.0,0.0,1,0.0,0.0,0.9997546614327772,1.0,17.816006827,0
peru21_2021-09-12_8,38,none,,otsu,docling_easyocr,deepseek,1,0,0,0,1,0.0,0.0,0.0,0,,,,,33.943551707,1
peru21_2021-09-12_8,38,none,,otsu,docling_rapidocr,deepseek,1,0,0,0,1,0.0,0.0,0.0,0,,,,,15.84110229,1
peru21_2021-09-12_8,39,none,,adaptive_gaussian,docling_easyocr,deepseek,1,0,0,0,1,0.0,0.0,0.0,0,,,,,36.784356,1
peru21_2021-09-12_8,39,none,,adaptive_gaussian,docling_rapidocr,deepseek,1,0,0,0,1,0.0,0.0,0.0,0,,,,,13.397846343,1
peru21_2021-09-12_8,39,none,,adaptive_mean,docling_easyocr,deepseek,1,0,0,0,1,0.0,0.0,0.0,0,,,,,35.738845159,1
peru21_2021-09-12_8,39,none,,adaptive_mean,docling_rapidocr,deepseek,1,0,0,0,1,0.0,0.0,0.0,0,,,,,13.327676583,1
peru21_2021-09-12_8,39,none,,basic,docling_easyocr,deepseek,1,0,0,0,1,0.0,0.0,0.0,0,,,,,60.567194127,1
peru21_2021-09-12_8,39,none,,basic,docling_rapidocr,deepseek,1,0,0,0,1,0.0,0.0,0.0,0,,,,,22.835040235,1
peru21_2021-09-12_8,39,none,,niblack,docling_easyocr,deepseek,1,0,0,0,1,0.0,0.0,0.0,0,,,,,36.496221652,1
peru21_2021-09-12_8,39,none,,niblack,docling_rapidocr,deepseek,1,0,0,0,1,0.0,0.0,0.0,0,,,,,13.664397349,1
peru21_2021-09-12_8,39,none,,none_color,docling_easyocr,deepseek,1,0,0,0,1,0.0,0.0,0.0,0,,,,,62.657333039,1
peru21_2021-09-12_8,39,none,,none_color,docling_rapidocr,deepseek,1,0,0,0,1,0.0,0.0,0.0,0,,,,,21.8266932,1
peru21_2021-09-12_8,39,none,,none_grayscale,docling_easyocr,deepseek,1,1,0,1,1,0.0,0.0,0.0,0,,,,,62.975865745,0
peru21_2021-09-12_8,39,none,,none_grayscale,docling_rapidocr,deepseek,1,0,0,0,1,0.0,0.0,0.0,0,,,,,22.43247261,1
peru21_2021-09-12_8,39,none,,otsu,docling_easyocr,deepseek,1,0,0,0,1,0.0,0.0,0.0,0,,,,,60.936015105,1
peru21_2021-09-12_8,39,none,,otsu,docling_rapidocr,deepseek,1,0,0,0,1,0.0,0.0,0.0,0,,,,,21.865702605,1
peru21_2021-09-12_8,40,none,,adaptive_gaussian,docling_easyocr,deepseek,1,1,0,1,1,0.0,0.0,0.0,1,0.03508771929824561,0.2,0.969332679097154,0.9896296296296296,36.944479587,0
peru21_2021-09-12_8,40,none,,adaptive_gaussian,docling_rapidocr,deepseek,1,1,0,1,1,0.0,0.0,0.0,1,0.0,0.0,0.9688420019627085,0.9896296296296296,13.618395688,0
peru21_2021-09-12_8,40,none,,adaptive_mean,docling_easyocr,deepseek,1,0,0,0,1,0.0,0.0,0.0,0,,,,,36.733913781,1
peru21_2021-09-12_8,40,none,,adaptive_mean,docling_rapidocr,deepseek,1,1,0,1,1,0.0,0.0,0.0,1,0.0,0.0,0.9688420019627085,0.9896296296296296,13.390465619,0
peru21_2021-09-12_8,40,none,,basic,docling_easyocr,deepseek,1,0,0,0,1,0.0,0.0,0.0,0,,,,,63.946866489,1
peru21_2021-09-12_8,40,none,,basic,docling_rapidocr,deepseek,1,0,0,0,1,0.0,0.0,0.0,0,,,,,21.708004928,1
peru21_2021-09-12_8,40,none,,niblack,docling_easyocr,deepseek,1,0,0,0,1,0.0,0.0,0.0,0,,,,,35.745768729,1
peru21_2021-09-12_8,40,none,,niblack,docling_rapidocr,deepseek,1,0,0,0,1,0.0,0.0,0.0,0,,,,,13.56532282,1
peru21_2021-09-12_8,40,none,,none_color,docling_easyocr,deepseek,1,0,0,0,1,0.0,0.0,0.0,0,,,,,62.707317805,1
peru21_2021-09-12_8,40,none,,none_color,docling_rapidocr,deepseek,1,0,0,0,1,0.0,0.0,0.0,0,,,,,22.392041183,1
peru21_2021-09-12_8,40,none,,none_grayscale,docling_easyocr,deepseek,1,0,0,0,1,0.0,0.0,0.0,0,,,,,62.927522159,1
peru21_2021-09-12_8,40,none,,none_grayscale,docling_rapidocr,deepseek,1,0,0,0,1,0.0,0.0,0.0,0,,,,,22.760243869,1
peru21_2021-09-12_8,40,none,,otsu,docling_easyocr,deepseek,1,0,0,0,1,0.0,0.0,0.0,0,,,,,60.562497426,1
peru21_2021-09-12_8,40,none,,otsu,docling_rapidocr,deepseek,1,0,0,0,1,0.0,0.0,0.0,0,,,,,22.619463492,1
peru21_2021-09-12_8,41,none,,adaptive_gaussian,docling_easyocr,deepseek,1,0,0,0,1,0.0,0.0,0.0,0,,,,,35.329688773,1
peru21_2021-09-12_8,41,none,,adaptive_gaussian,docling_rapidocr,deepseek,1,0,0,0,1,0.0,0.0,0.0,0,,,,,13.260144935,1
peru21_2021-09-12_8,41,none,,adaptive_mean,docling_easyocr,deepseek,1,0,0,0,1,0.0,0.0,0.0,0,,,,,36.484332786,1
peru21_2021-09-12_8,41,none,,adaptive_mean,docling_rapidocr,deepseek,1,0,0,0,1,0.0,0.0,0.0,0,,,,,13.470730767,1
peru21_2021-09-12_8,41,none,,basic,docling_easyocr,deepseek,1,1,0,1,1,0.0,0.0,0.0,1,0.017543859649122806,0.2,0.9862610402355251,0.9940740740740741,40.183759292,0
peru21_2021-09-12_8,41,none,,basic,docling_rapidocr,deepseek,1,0,0,0,1,0.0,0.0,0.0,0,,,,,15.185177644,1
peru21_2021-09-12_8,41,none,,niblack,docling_easyocr,deepseek,1,0,0,0,1,0.0,0.0,0.0,0,,,,,35.124585603,1
peru21_2021-09-12_8,41,none,,niblack,docling_rapidocr,deepseek,1,0,0,0,1,0.0,0.0,0.0,0,,,,,13.280280564,1
peru21_2021-09-12_8,41,none,,none_color,docling_easyocr,deepseek,1,0,0,0,1,0.0,0.0,0.0,0,,,,,65.662411054,1
peru21_2021-09-12_8,41,none,,none_color,docling_rapidocr,deepseek,1,0,0,0,1,0.0,0.0,0.0,0,,,,,22.794265588,1
peru21_2021-09-12_8,41,none,,none_grayscale,docling_easyocr,deepseek,1,0,0,0,1,0.0,0.0,0.0,0,,,,,65.557585795,1
peru21_2021-09-12_8,41,none,,none_grayscale,docling_rapidocr,deepseek,1,0,0,0,1,0.0,0.0,0.0,0,,,,,22.096310933,1
peru21_2021-09-12_8,41,none,,otsu,docling_easyocr,deepseek,1,0,0,0,1,0.0,0.0,0.0,0,,,,,62.704821904,1
peru21_2021-09-12_8,41,none,,otsu,docling_rapidocr,deepseek,1,0,0,0,1,0.0,0.0,0.0,0,,,,,21.630583842,1
peru21_2021-09-12_8,42,none,,adaptive_gaussian,docling_easyocr,deepseek,1,0,0,0,1,0.0,0.0,0.0,0,,,,,31.569863378,1
peru21_2021-09-12_8,42,none,,adaptive_gaussian,docling_rapidocr,deepseek,1,0,0,0,1,0.0,0.0,0.0,0,,,,,10.098577319,1
peru21_2021-09-12_8,42,none,,adaptive_mean,docling_easyocr,deepseek,1,0,0,0,1,0.0,0.0,0.0,0,,,,,32.831558524,1
peru21_2021-09-12_8,42,none,,adaptive_mean,docling_rapidocr,deepseek,1,0,0,0,1,0.0,0.0,0.0,0,,,,,12.163965999,1
peru21_2021-09-12_8,42,none,,basic,docling_easyocr,deepseek,1,0,0,0,1,0.0,0.0,0.0,0,,,,,58.873743447,1
peru21_2021-09-12_8,42,none,,basic,docling_rapidocr,deepseek,1,0,0,0,1,0.0,0.0,0.0,0,,,,,15.568913135,1
peru21_2021-09-12_8,42,none,,niblack,docling_easyocr,deepseek,1,0,0,0,1,0.0,0.0,0.0,0,,,,,28.815039515,1
peru21_2021-09-12_8,42,none,,niblack,docling_rapidocr,deepseek,1,0,0,0,1,0.0,0.0,0.0,0,,,,,7.87292254,1
peru21_2021-09-12_8,42,none,,none_color,docling_easyocr,deepseek,1,0,0,0,1,0.0,0.0,0.0,0,,,,,56.700078639,1
peru21_2021-09-12_8,42,none,,none_color,docling_rapidocr,deepseek,1,0,0,0,1,0.0,0.0,0.0,0,,,,,15.994543704,1
peru21_2021-09-12_8,42,none,,none_grayscale,docling_easyocr,deepseek,1,0,0,0,1,0.0,0.0,0.0,0,,,,,59.366764459,1
peru21_2021-09-12_8,42,none,,none_grayscale,docling_rapidocr,deepseek,1,0,0,0,1,0.0,0.0,0.0,0,,,,,15.947986278,1
peru21_2021-09-12_8,42,none,,otsu,docling_easyocr,deepseek,1,0,0,0,1,0.0,0.0,0.0,0,,,,,56.042017684,1
peru21_2021-09-12_8,42,none,,otsu,docling_rapidocr,deepseek,1,0,0,0,1,0.0,0.0,0.0,0,,,,,15.994539247,1
peru21_2021-09-12_8,43,none,,adaptive_gaussian,docling_easyocr,deepseek,1,0,0,0,1,0.0,0.0,0.0,0,,,,,29.697741328,1
peru21_2021-09-12_8,43,none,,adaptive_gaussian,docling_rapidocr,deepseek,1,0,0,0,1,0.0,0.0,0.0,0,,,,,7.862918674,1
peru21_2021-09-12_8,43,none,,adaptive_mean,docling_easyocr,deepseek,1,0,0,0,1,0.0,0.0,0.0,0,,,,,30.33892542,1
peru21_2021-09-12_8,43,none,,adaptive_mean,docling_rapidocr,deepseek,1,0,0,0,1,0.0,0.0,0.0,0,,,,,7.980587064,1
peru21_2021-09-12_8,43,none,,basic,docling_easyocr,deepseek,1,0,0,0,1,0.0,0.0,0.0,0,,,,,54.065143737,1
peru21_2021-09-12_8,43,none,,basic,docling_rapidocr,deepseek,1,0,0,0,1,0.0,0.0,0.0,0,,,,,15.945727023,1
peru21_2021-09-12_8,43,none,,niblack,docling_easyocr,deepseek,1,0,0,0,1,0.0,0.0,0.0,0,,,,,28.724324346,1
peru21_2021-09-12_8,43,none,,niblack,docling_rapidocr,deepseek,1,0,0,0,1,0.0,0.0,0.0,0,,,,,7.912688851,1
peru21_2021-09-12_8,43,none,,none_color,docling_easyocr,deepseek,1,0,0,0,1,0.0,0.0,0.0,0,,,,,53.650969657,1
peru21_2021-09-12_8,43,none,,none_color,docling_rapidocr,deepseek,1,0,0,0,1,0.0,0.0,0.0,0,,,,,16.790818843,1
peru21_2021-09-12_8,43,none,,none_grayscale,docling_easyocr,deepseek,1,0,0,0,1,0.0,0.0,0.0,0,,,,,55.478227529,1
peru21_2021-09-12_8,43,none,,none_grayscale,docling_rapidocr,deepseek,1,0,0,0,1,0.0,0.0,0.0,0,,,,,15.463024053,1
peru21_2021-09-12_8,43,none,,otsu,docling_easyocr,deepseek,1,0,0,0,1,0.0,0.0,0.0,0,,,,,52.829575524,1
peru21_2021-09-12_8,43,none,,otsu,docling_rapidocr,deepseek,1,0,0,0,1,0.0,0.0,0.0,0,,,,,15.885302768,1
peru21_2021-09-12_8,44,none,,adaptive_gaussian,docling_easyocr,deepseek,1,0,0,0,1,0.0,0.0,0.0,0,,,,,31.909331141,1
peru21_2021-09-12_8,44,none,,adaptive_gaussian,docling_rapidocr,deepseek,1,0,0,0,1,0.0,0.0,0.0,0,,,,,9.501393853,1
peru21_2021-09-12_8,44,none,,adaptive_mean,docling_easyocr,deepseek,1,0,0,0,1,0.0,0.0,0.0,0,,,,,32.543599902,1
peru21_2021-09-12_8,44,none,,adaptive_mean,docling_rapidocr,deepseek,1,0,0,0,1,0.0,0.0,0.0,0,,,,,10.683565913,1
peru21_2021-09-12_8,44,none,,basic,docling_easyocr,deepseek,1,0,0,0,1,0.0,0.0,0.0,0,,,,,51.050542745,1
peru21_2021-09-12_8,44,none,,basic,docling_rapidocr,deepseek,1,0,0,0,1,0.0,0.0,0.0,0,,,,,7.540886792,1
peru21_2021-09-12_8,44,none,,niblack,docling_easyocr,deepseek,1,0,0,0,1,0.0,0.0,0.0,0,,,,,28.827177882,1
peru21_2021-09-12_8,44,none,,niblack,docling_rapidocr,deepseek,1,0,0,0,1,0.0,0.0,0.0,0,,,,,7.576080203,1
peru21_2021-09-12_8,44,none,,none_color,docling_easyocr,deepseek,1,0,0,0,1,0.0,0.0,0.0,0,,,,,60.313350114,1
peru21_2021-09-12_8,44,none,,none_color,docling_rapidocr,deepseek,1,0,0,0,1,0.0,0.0,0.0,0,,,,,15.881105336,1
peru21_2021-09-12_8,44,none,,none_grayscale,docling_easyocr,deepseek,1,0,0,0,1,0.0,0.0,0.0,0,,,,,58.306901845,1
peru21_2021-09-12_8,44,none,,none_grayscale,docling_rapidocr,deepseek,1,0,0,0,1,0.0,0.0,0.0,0,,,,,15.744379434,1
peru21_2021-09-12_8,44,none,,otsu,docling_easyocr,deepseek,1,0,0,0,1,0.0,0.0,0.0,0,,,,,58.179478797,1
peru21_2021-09-12_8,44,none,,otsu,docling_rapidocr,deepseek,1,1,0,1,1,0.0,0.0,0.0,0,,,,,16.565107259,0
peru21_2021-09-12_8,45,none,,adaptive_gaussian,docling_easyocr,deepseek,1,0,0,0,1,0.0,0.0,0.0,0,,,,,30.397003924,1
peru21_2021-09-12_8,45,none,,adaptive_gaussian,docling_rapidocr,deepseek,1,0,0,0,1,0.0,0.0,0.0,0,,,,,8.4963961,1
peru21_2021-09-12_8,45,none,,adaptive_mean,docling_easyocr,deepseek,1,0,0,0,1,0.0,0.0,0.0,0,,,,,30.182853019,1
peru21_2021-09-12_8,45,none,,basic,docling_easyocr,deepseek,1,0,0,0,1,0.0,0.0,0.0,0,,,,,28.803740392,1
peru21_2021-09-12_8,45,none,,basic,docling_rapidocr,deepseek,1,0,0,0,1,0.0,0.0,0.0,0,,,,,7.645465741,1
peru21_2021-09-12_8,45,none,,niblack,docling_easyocr,deepseek,1,0,0,0,1,0.0,0.0,0.0,0,,,,,29.40725162,1
peru21_2021-09-12_8,45,none,,otsu,docling_easyocr,deepseek,1,0,0,0,1,0.0,0.0,0.0,0,,,,,29.480476747,1
peru21_2021-09-12_8,45,none,,otsu,docling_rapidocr,deepseek,1,0,0,0,1,0.0,0.0,0.0,0,,,,,8.067541251,1
peru21_2021-09-12_8,46,none,,adaptive_gaussian,docling_easyocr,deepseek,1,0,0,0,1,0.0,0.0,0.0,0,,,,,30.104089269,1
peru21_2021-09-12_8,46,none,,adaptive_gaussian,docling_rapidocr,deepseek,1,0,0,0,1,0.0,0.0,0.0,0,,,,,8.464508543,1
peru21_2021-09-12_8,46,none,,basic,docling_easyocr,deepseek,1,0,0,0,1,0.0,0.0,0.0,0,,,,,28.609432085,1
peru21_2021-09-12_8,46,none,,basic,docling_rapidocr,deepseek,1,0,0,0,1,0.0,0.0,0.0,0,,,,,8.280137165,1
peru21_2021-09-12_8,46,none,,niblack,docling_easyocr,deepseek,1,0,0,0,1,0.0,0.0,0.0,0,,,,,29.654049871,1
peru21_2021-09-12_8,46,none,,otsu,docling_easyocr,deepseek,1,0,0,0,1,0.0,0.0,0.0,0,,,,,29.627975805,1
peru21_2021-09-12_8,46,none,,otsu,docling_rapidocr,deepseek,1,0,0,0,1,0.0,0.0,0.0,0,,,,,8.058706625,1
peru21_2021-09-12_8,47,none,,adaptive_gaussian,docling_easyocr,deepseek,1,0,0,0,1,0.0,0.0,0.0,0,,,,,28.9581879,1
peru21_2021-09-12_8,47,none,,adaptive_gaussian,docling_rapidocr,deepseek,1,0,0,0,1,0.0,0.0,0.0,0,,,,,8.545358263,1
peru21_2021-09-12_8,47,none,,adaptive_mean,docling_easyocr,deepseek,1,0,0,0,1,0.0,0.0,0.0,0,,,,,29.813600384,1
peru21_2021-09-12_8,47,none,,basic,docling_easyocr,deepseek,1,0,0,0,1,0.0,0.0,0.0,0,,,,,29.585531648,1
peru21_2021-09-12_8,47,none,,niblack,docling_easyocr,deepseek,1,0,0,0,1,0.0,0.0,0.0,0,,,,,29.248685192,1
peru21_2021-09-12_8,47,none,,otsu,docling_easyocr,deepseek,1,0,0,0,1,0.0,0.0,0.0,0,,,,,29.349381861,1
peru21_2021-09-12_8,47,none,,otsu,docling_rapidocr,deepseek,1,0,0,0,1,0.0,0.0,0.0,0,,,,,8.11247867,1
peru21_2021-09-12_8,48,none,,adaptive_gaussian,docling_easyocr,deepseek,1,0,0,0,1,0.0,0.0,0.0,0,,,,,45.277826025,1
peru21_2021-09-12_8,48,none,,adaptive_gaussian,docling_rapidocr,deepseek,1,0,0,0,1,0.0,0.0,0.0,0,,,,,23.592020943,1
peru21_2021-09-12_8,48,none,,adaptive_mean,docling_easyocr,deepseek,1,0,0,0,1,0.0,0.0,0.0,0,,,,,46.023262693,1
peru21_2021-09-12_8,48,none,,adaptive_mean,docling_rapidocr,deepseek,1,0,0,0,1,0.0,0.0,0.0,0,,,,,23.715440227,1
peru21_2021-09-12_8,48,none,,basic,docling_easyocr,deepseek,1,0,0,0,1,0.0,0.0,0.0,0,,,,,46.42073183,1
peru21_2021-09-12_8,48,none,,basic,docling_rapidocr,deepseek,1,0,0,0,1,0.0,0.0,0.0,0,,,,,23.805322695,1
peru21_2021-09-12_8,48,none,,niblack,docling_easyocr,deepseek,1,0,0,0,1,0.0,0.0,0.0,0,,,,,45.849368204,1
peru21_2021-09-12_8,48,none,,niblack,docling_rapidocr,deepseek,1,0,0,0,1,0.0,0.0,0.0,0,,,,,23.583254684,1
peru21_2021-09-12_8,48,none,,none_color,docling_easyocr,deepseek,1,1,0,1,1,0.0,0.0,0.0,1,0.017543859649122806,0.2,0.9575564278704612,0.9837037037037037,46.433732557,0
peru21_2021-09-12_8,48,none,,none_color,docling_rapidocr,deepseek,1,0,0,0,1,0.0,0.0,0.0,0,,,,,32.981137085,1
peru21_2021-09-12_8,48,none,,none_grayscale,docling_easyocr,deepseek,1,1,0,1,1,0.0,0.0,0.0,1,0.017543859649122806,0.2,0.9575564278704612,0.9837037037037037,45.533417988,0
peru21_2021-09-12_8,48,none,,none_grayscale,docling_rapidocr,deepseek,1,0,0,0,1,0.0,0.0,0.0,0,,,,,32.985948849,1
peru21_2021-09-12_8,48,none,,otsu,docling_easyocr,deepseek,1,0,0,0,1,0.0,0.0,0.0,0,,,,,49.090524006,1
peru21_2021-09-12_8,48,none,,otsu,docling_rapidocr,deepseek,1,0,0,0,1,0.0,0.0,0.0,0,,,,,23.77651267,1
peru21_2021-09-12_8,49,none,,adaptive_gaussian,docling_easyocr,deepseek,1,0,0,0,1,0.0,0.0,0.0,0,,,,,45.375863354,1
peru21_2021-09-12_8,49,none,,adaptive_gaussian,docling_rapidocr,deepseek,1,0,0,0,1,0.0,0.0,0.0,0,,,,,23.915845196,1
peru21_2021-09-12_8,49,none,,adaptive_mean,docling_easyocr,deepseek,1,0,0,0,1,0.0,0.0,0.0,0,,,,,46.260676185,1
peru21_2021-09-12_8,49,none,,adaptive_mean,docling_rapidocr,deepseek,1,0,0,0,1,0.0,0.0,0.0,0,,,,,23.816869537,1
peru21_2021-09-12_8,49,none,,basic,docling_easyocr,deepseek,1,0,0,0,1,0.0,0.0,0.0,0,,,,,57.803726806,1
peru21_2021-09-12_8,49,none,,basic,docling_rapidocr,deepseek,1,0,0,0,1,0.0,0.0,0.0,0,,,,,26.927181139,1
peru21_2021-09-12_8,49,none,,niblack,docling_easyocr,deepseek,1,0,0,0,1,0.0,0.0,0.0,0,,,,,44.976333647,1
peru21_2021-09-12_8,49,none,,niblack,docling_rapidocr,deepseek,1,0,0,0,1,0.0,0.0,0.0,0,,,,,23.714346914,1
peru21_2021-09-12_8,49,none,,none_color,docling_easyocr,deepseek,1,1,0,1,1,0.0,0.0,0.0,1,0.017543859649122806,0.2,0.9575564278704612,0.9837037037037037,46.341172113,0
peru21_2021-09-12_8,49,none,,none_color,docling_rapidocr,deepseek,1,0,0,0,1,0.0,0.0,0.0,0,,,,,32.535826101,1
peru21_2021-09-12_8,49,none,,none_grayscale,docling_easyocr,deepseek,1,1,0,1,1,0.0,0.0,0.0,1,0.017543859649122806,0.2,0.9575564278704612,0.9837037037037037,46.125085487,0
peru21_2021-09-12_8,49,none,,none_grayscale,docling_rapidocr,deepseek,1,0,0,0,1,0.0,0.0,0.0,0,,,,,32.639395609,1
peru21_2021-09-12_8,49,none,,otsu,docling_easyocr,deepseek,1,0,0,0,1,0.0,0.0,0.0,0,,,,,63.988632812,1
peru21_2021-09-12_8,49,none,,otsu,docling_rapidocr,deepseek,1,0,0,0,1,0.0,0.0,0.0,0,,,,,31.592447891,1
peru21_2021-09-12_8,50,none,,adaptive_gaussian,docling_easyocr,deepseek,1,0,0,0,1,0.0,0.0,0.0,0,,,,,46.348542985,1
peru21_2021-09-12_8,50,none,,adaptive_gaussian,docling_rapidocr,deepseek,1,0,0,0,1,0.0,0.0,0.0,0,,,,,23.507940826,1
peru21_2021-09-12_8,50,none,,adaptive_mean,docling_easyocr,deepseek,1,0,0,0,1,0.0,0.0,0.0,0,,,,,46.638484535,1
peru21_2021-09-12_8,50,none,,adaptive_mean,docling_rapidocr,deepseek,1,0,0,0,1,0.0,0.0,0.0,0,,,,,23.432264623,1
peru21_2021-09-12_8,50,none,,basic,docling_easyocr,deepseek,1,0,0,0,1,0.0,0.0,0.0,0,,,,,45.743026407,1
peru21_2021-09-12_8,50,none,,basic,docling_rapidocr,deepseek,1,0,0,0,1,0.0,0.0,0.0,0,,,,,23.267795236,1
peru21_2021-09-12_8,50,none,,niblack,docling_easyocr,deepseek,1,0,0,0,1,0.0,0.0,0.0,0,,,,,44.832018732,1
peru21_2021-09-12_8,50,none,,niblack,docling_rapidocr,deepseek,1,0,0,0,1,0.0,0.0,0.0,0,,,,,23.453609346,1
peru21_2021-09-12_8,50,none,,none_color,docling_easyocr,deepseek,1,1,0,1,1,0.0,0.0,0.0,1,0.017543859649122806,0.2,0.9173209028459274,0.9733333333333334,45.467078597,0
peru21_2021-09-12_8,50,none,,none_color,docling_rapidocr,deepseek,1,0,0,0,1,0.0,0.0,0.0,0,,,,,33.194620998,1
peru21_2021-09-12_8,50,none,,none_grayscale,docling_easyocr,deepseek,1,1,0,1,1,0.0,0.0,0.0,1,0.017543859649122806,0.2,0.9173209028459274,0.9733333333333334,46.468434007,0
peru21_2021-09-12_8,50,none,,none_grayscale,docling_rapidocr,deepseek,1,0,0,0,1,0.0,0.0,0.0,0,,,,,33.770501525,1
peru21_2021-09-12_8,50,none,,otsu,docling_easyocr,deepseek,1,0,0,0,1,0.0,0.0,0.0,0,,,,,48.531645925,1
peru21_2021-09-12_8,50,none,,otsu,docling_rapidocr,deepseek,1,0,0,0,1,0.0,0.0,0.0,0,,,,,23.42171684,1
peru21_2021-09-12_8,51,none,,adaptive_gaussian,docling_easyocr,deepseek,1,1,0,1,1,0.0,0.0,0.0,1,0.03508771929824561,0.2,0.9899411187438666,0.9940740740740741,30.971313108,0
peru21_2021-09-12_8,51,none,,adaptive_gaussian,docling_rapidocr,deepseek,1,1,0,1,1,0.0,0.0,0.0,1,0.0,0.0,0.9688420019627085,0.9896296296296296,7.865592588,0
peru21_2021-09-12_8,51,none,,adaptive_mean,docling_easyocr,deepseek,1,1,0,1,1,0.0,0.0,0.0,1,0.017543859649122806,0.2,0.9575564278704612,0.9837037037037037,31.271179307,0
peru21_2021-09-12_8,51,none,,adaptive_mean,docling_rapidocr,deepseek,1,1,0,1,1,0.0,0.0,0.0,1,0.0,0.0,0.9688420019627085,0.9896296296296296,7.991150964,0
peru21_2021-09-12_8,51,none,,basic,docling_easyocr,deepseek,1,0,0,0,1,0.0,0.0,0.0,0,,,,,58.146554433,1
peru21_2021-09-12_8,51,none,,basic,docling_rapidocr,deepseek,1,0,0,0,1,0.0,0.0,0.0,0,,,,,16.06274172,1
peru21_2021-09-12_8,51,none,,niblack,docling_easyocr,deepseek,1,0,0,0,1,0.0,0.0,0.0,0,,,,,29.183220006,1
peru21_2021-09-12_8,51,none,,niblack,docling_rapidocr,deepseek,1,0,0,0,1,0.0,0.0,0.0,0,,,,,7.5232924,1
peru21_2021-09-12_8,51,none,,none_color,docling_easyocr,deepseek,1,0,0,0,1,0.0,0.0,0.0,0,,,,,55.84153267,1
peru21_2021-09-12_8,51,none,,none_color,docling_rapidocr,deepseek,1,0,0,0,1,0.0,0.0,0.0,0,,,,,17.098873817,1
peru21_2021-09-12_8,51,none,,none_grayscale,docling_easyocr,deepseek,1,1,0,1,1,0.0,0.0,0.0,0,,,,,56.027115308,0
peru21_2021-09-12_8,51,none,,none_grayscale,docling_rapidocr,deepseek,1,0,0,0,1,0.0,0.0,0.0,0,,,,,16.888208352,1
peru21_2021-09-12_8,51,none,,otsu,docling_easyocr,deepseek,1,0,0,0,1,0.0,0.0,0.0,0,,,,,57.48600415,1
peru21_2021-09-12_8,51,none,,otsu,docling_rapidocr,deepseek,1,0,0,0,1,0.0,0.0,0.0,0,,,,,16.729574716,1
peru21_2021-09-12_8,52,none,,adaptive_gaussian,docling_easyocr,deepseek,1,0,0,0,1,0.0,0.0,0.0,0,,,,,33.03603462,1
peru21_2021-09-12_8,52,none,,adaptive_gaussian,docling_rapidocr,deepseek,1,0,0,0,1,0.0,0.0,0.0,0,,,,,13.457756078,1
peru21_2021-09-12_8,52,none,,adaptive_mean,docling_easyocr,deepseek,1,1,0,1,1,0.0,0.0,0.0,1,0.0,0.0,0.9688420019627085,0.9896296296296296,32.624857938,0
peru21_2021-09-12_8,52,none,,adaptive_mean,docling_rapidocr,deepseek,1,0,0,0,1,0.0,0.0,0.0,0,,,,,8.919491088,1
peru21_2021-09-12_8,52,none,,basic,docling_easyocr,deepseek,1,0,0,0,1,0.0,0.0,0.0,0,,,,,53.389956365,1
peru21_2021-09-12_8,52,none,,basic,docling_rapidocr,deepseek,1,0,0,0,1,0.0,0.0,0.0,0,,,,,16.609702478,1
peru21_2021-09-12_8,52,none,,niblack,docling_easyocr,deepseek,1,0,0,0,1,0.0,0.0,0.0,0,,,,,30.160097291,1
peru21_2021-09-12_8,52,none,,niblack,docling_rapidocr,deepseek,1,0,0,0,1,0.0,0.0,0.0,0,,,,,7.52106159,1
peru21_2021-09-12_8,52,none,,none_color,docling_easyocr,deepseek,1,0,0,0,1,0.0,0.0,0.0,0,,,,,54.384153495,1
peru21_2021-09-12_8,52,none,,none_color,docling_rapidocr,deepseek,1,0,0,0,1,0.0,0.0,0.0,0,,,,,16.259734044,1
peru21_2021-09-12_8,52,none,,none_grayscale,docling_easyocr,deepseek,1,1,0,1,1,0.0,0.0,0.0,0,,,,,56.749223123,0
peru21_2021-09-12_8,52,none,,none_grayscale,docling_rapidocr,deepseek,1,1,0,1,1,0.0,0.0,0.0,0,,,,,16.660232196,0
peru21_2021-09-12_8,52,none,,otsu,docling_easyocr,deepseek,1,0,0,0,1,0.0,0.0,0.0,0,,,,,53.967332088,1
peru21_2021-09-12_8,52,none,,otsu,docling_rapidocr,deepseek,1,0,0,0,1,0.0,0.0,0.0,0,,,,,16.146376335,1
peru21_2021-09-12_8,53,none,,adaptive_gaussian,docling_easyocr,deepseek,1,1,0,1,1,0.0,0.0,0.0,1,0.03508771929824561,0.2,0.9899411187438666,0.9940740740740741,31.964575803,0
peru21_2021-09-12_8,53,none,,adaptive_gaussian,docling_rapidocr,deepseek,1,1,0,1,1,0.0,0.0,0.0,1,0.0,0.0,0.9688420019627085,0.9896296296296296,7.623730218,0
peru21_2021-09-12_8,53,none,,adaptive_mean,docling_easyocr,deepseek,1,1,0,1,1,0.0,0.0,0.0,1,0.017543859649122806,0.2,0.9575564278704612,0.9837037037037037,30.136338031,0
peru21_2021-09-12_8,53,none,,adaptive_mean,docling_rapidocr,deepseek,1,1,0,1,1,0.0,0.0,0.0,1,0.0,0.0,0.9688420019627085,0.9896296296296296,7.791784561,0
peru21_2021-09-12_8,53,none,,basic,docling_easyocr,deepseek,1,0,0,0,1,0.0,0.0,0.0,0,,,,,57.724202762,1
peru21_2021-09-12_8,53,none,,basic,docling_rapidocr,deepseek,1,0,0,0,1,0.0,0.0,0.0,0,,,,,16.923568855,1
peru21_2021-09-12_8,53,none,,niblack,docling_easyocr,deepseek,1,0,0,0,1,0.0,0.0,0.0,0,,,,,29.928244377,1
peru21_2021-09-12_8,53,none,,niblack,docling_rapidocr,deepseek,1,0,0,0,1,0.0,0.0,0.0,0,,,,,7.457689071,1
peru21_2021-09-12_8,53,none,,none_color,docling_easyocr,deepseek,1,0,0,0,1,0.0,0.0,0.0,0,,,,,59.428736101,1
peru21_2021-09-12_8,53,none,,none_color,docling_rapidocr,deepseek,1,0,0,0,1,0.0,0.0,0.0,0,,,,,16.835807453,1
peru21_2021-09-12_8,53,none,,none_grayscale,docling_easyocr,deepseek,1,0,0,0,1,0.0,0.0,0.0,0,,,,,59.384147773,1
peru21_2021-09-12_8,53,none,,none_grayscale,docling_rapidocr,deepseek,1,0,0,0,1,0.0,0.0,0.0,0,,,,,16.392293344,1
peru21_2021-09-12_8,53,none,,otsu,docling_easyocr,deepseek,1,1,0,1,1,0.0,0.0,0.0,1,0.017543859649122806,0.2,0.9860157016683022,0.9940740740740741,56.799204717,0
peru21_2021-09-12_8,53,none,,otsu,docling_rapidocr,deepseek,1,0,0,0,1,0.0,0.0,0.0,0,,,,,16.238952289,1
peru21_2023-01-22_20,0,none,,adaptive_gaussian,docling_easyocr,deepseek,8,0,0,0,8,0.0,0.0,0.0,0,,,,,29.957650912,1
peru21_2023-01-22_20,0,none,,adaptive_gaussian,docling_rapidocr,deepseek,8,0,0,0,8,0.0,0.0,0.0,0,,,,,7.484341156,1
peru21_2023-01-22_20,0,none,,adaptive_mean,docling_easyocr,deepseek,8,0,0,0,8,0.0,0.0,0.0,0,,,,,30.809495938,1
peru21_2023-01-22_20,0,none,,adaptive_mean,docling_rapidocr,deepseek,8,0,0,0,8,0.0,0.0,0.0,0,,,,,7.635192883,1
peru21_2023-01-22_20,0,none,,basic,docling_easyocr,deepseek,8,0,0,0,8,0.0,0.0,0.0,0,,,,,32.694108353,1
peru21_2023-01-22_20,0,none,,basic,docling_rapidocr,deepseek,8,0,0,0,8,0.0,0.0,0.0,0,,,,,8.396806584,1
peru21_2023-01-22_20,0,none,,niblack,docling_easyocr,deepseek,8,0,0,0,8,0.0,0.0,0.0,0,,,,,30.226453616,1
peru21_2023-01-22_20,0,none,,niblack,docling_rapidocr,deepseek,8,0,0,0,8,0.0,0.0,0.0,0,,,,,7.518285109,1
peru21_2023-01-22_20,0,none,,none_color,docling_easyocr,deepseek,8,0,0,0,8,0.0,0.0,0.0,0,,,,,44.452019082,1
peru21_2023-01-22_20,0,none,,none_color,docling_rapidocr,deepseek,8,0,0,0,8,0.0,0.0,0.0,0,,,,,12.377949582,1
peru21_2023-01-22_20,0,none,,none_grayscale,docling_easyocr,deepseek,8,1,0,1,8,0.0,0.0,0.0,1,0.8333333333333334,1.0,0.991304347826087,1.0,43.009054051,0
peru21_2023-01-22_20,0,none,,none_grayscale,docling_rapidocr,deepseek,8,1,1,0,7,1.0,0.125,0.222222,1,17.833333333333332,20.0,0.02608695652173913,0.15,11.942851887,0
peru21_2023-01-22_20,0,none,,otsu,docling_easyocr,deepseek,8,0,0,0,8,0.0,0.0,0.0,0,,,,,34.605507075,1
peru21_2023-01-22_20,0,none,,otsu,docling_rapidocr,deepseek,8,0,0,0,8,0.0,0.0,0.0,0,,,,,11.871071755,1
peru21_2023-01-22_20,1,none,,adaptive_gaussian,docling_easyocr,deepseek,8,0,0,0,8,0.0,0.0,0.0,0,,,,,32.681084168,1
peru21_2023-01-22_20,1,none,,adaptive_gaussian,docling_rapidocr,deepseek,8,0,0,0,8,0.0,0.0,0.0,0,,,,,7.732517493,1
peru21_2023-01-22_20,1,none,,adaptive_mean,docling_easyocr,deepseek,8,0,0,0,8,0.0,0.0,0.0,0,,,,,29.828794491,1
peru21_2023-01-22_20,1,none,,adaptive_mean,docling_rapidocr,deepseek,8,0,0,0,8,0.0,0.0,0.0,0,,,,,7.529332411,1
peru21_2023-01-22_20,1,none,,basic,docling_easyocr,deepseek,8,0,0,0,8,0.0,0.0,0.0,0,,,,,42.692684517,1
peru21_2023-01-22_20,1,none,,basic,docling_rapidocr,deepseek,8,0,0,0,8,0.0,0.0,0.0,0,,,,,11.791660653,1
peru21_2023-01-22_20,1,none,,niblack,docling_easyocr,deepseek,8,0,0,0,8,0.0,0.0,0.0,0,,,,,30.296436383,1
peru21_2023-01-22_20,1,none,,niblack,docling_rapidocr,deepseek,8,0,0,0,8,0.0,0.0,0.0,0,,,,,7.481217934,1
peru21_2023-01-22_20,1,none,,none_color,docling_easyocr,deepseek,8,6,0,6,8,0.0,0.0,0.0,6,1.8392646625405247,2.0458333333333334,0.7581427598466384,0.9631016644174538,42.043474541,0
peru21_2023-01-22_20,1,none,,none_color,docling_rapidocr,deepseek,8,0,0,0,8,0.0,0.0,0.0,0,,,,,11.957074032,1
peru21_2023-01-22_20,1,none,,none_grayscale,docling_easyocr,deepseek,8,5,0,5,8,0.0,0.0,0.0,5,3.4263949843260186,2.868888888888889,0.7781448872093077,0.9868864468864469,42.289425478,0
peru21_2023-01-22_20,1,none,,none_grayscale,docling_rapidocr,deepseek,8,1,0,1,8,0.0,0.0,0.0,1,0.8,1.0,0.7905982905982906,0.9743589743589743,12.549177037,0
peru21_2023-01-22_20,1,none,,otsu,docling_easyocr,deepseek,8,0,0,0,8,0.0,0.0,0.0,0,,,,,41.573691069,1
peru21_2023-01-22_20,1,none,,otsu,docling_rapidocr,deepseek,8,8,0,8,8,0.0,0.0,0.0,8,1.3232184242960103,1.4095886752136753,0.7940628221071044,1.056076276664512,12.592272936,0
peru21_2023-01-22_20,2,none,,adaptive_gaussian,docling_easyocr,deepseek,8,0,0,0,8,0.0,0.0,0.0,0,,,,,29.531709279,1
peru21_2023-01-22_20,2,none,,adaptive_gaussian,docling_rapidocr,deepseek,8,0,0,0,8,0.0,0.0,0.0,0,,,,,7.655504311,1
peru21_2023-01-22_20,2,none,,adaptive_mean,docling_easyocr,deepseek,8,0,0,0,8,0.0,0.0,0.0,0,,,,,30.226915682,1
peru21_2023-01-22_20,2,none,,adaptive_mean,docling_rapidocr,deepseek,8,0,0,0,8,0.0,0.0,0.0,0,,,,,7.560625638,1
peru21_2023-01-22_20,2,none,,basic,docling_easyocr,deepseek,8,0,0,0,8,0.0,0.0,0.0,0,,,,,33.128625332,1
peru21_2023-01-22_20,2,none,,basic,docling_rapidocr,deepseek,8,1,1,0,7,1.0,0.125,0.222222,1,0.9090909090909091,1.0,0.0,0.0,8.641086995,0
peru21_2023-01-22_20,2,none,,niblack,docling_easyocr,deepseek,8,0,0,0,8,0.0,0.0,0.0,0,,,,,30.100859953,1
peru21_2023-01-22_20,2,none,,niblack,docling_rapidocr,deepseek,8,0,0,0,8,0.0,0.0,0.0,0,,,,,7.843506648,1
peru21_2023-01-22_20,2,none,,none_color,docling_easyocr,deepseek,8,3,0,3,8,0.0,0.0,0.0,3,2.606379731379732,2.266025641025641,0.720426462393892,0.8305019713688444,43.687360941,0
peru21_2023-01-22_20,2,none,,none_color,docling_rapidocr,deepseek,8,1,1,0,7,1.0,0.125,0.222222,1,4.166666666666667,5.0,0.02608695652173913,0.15,12.484468876,0
peru21_2023-01-22_20,2,none,,none_grayscale,docling_easyocr,deepseek,8,3,0,3,8,0.0,0.0,0.0,3,2.606379731379732,2.266025641025641,0.720426462393892,0.8305019713688444,45.414919316,0
peru21_2023-01-22_20,2,none,,none_grayscale,docling_rapidocr,deepseek,8,1,1,0,7,1.0,0.125,0.222222,1,4.166666666666667,5.0,0.02608695652173913,0.15,11.981884181,0
peru21_2023-01-22_20,2,none,,otsu,docling_easyocr,deepseek,8,0,0,0,8,0.0,0.0,0.0,0,,,,,32.745244919,1
peru21_2023-01-22_20,2,none,,otsu,docling_rapidocr,deepseek,8,0,0,0,8,0.0,0.0,0.0,0,,,,,8.804665982,1
peru21_2023-01-22_20,3,none,,adaptive_gaussian,docling_easyocr,deepseek,8,0,0,0,8,0.0,0.0,0.0,0,,,,,28.775953066,1
peru21_2023-01-22_20,3,none,,adaptive_gaussian,docling_rapidocr,deepseek,8,0,0,0,8,0.0,0.0,0.0,0,,,,,7.783385289,1
peru21_2023-01-22_20,3,none,,adaptive_mean,docling_easyocr,deepseek,8,0,0,0,8,0.0,0.0,0.0,0,,,,,29.056555283,1
peru21_2023-01-22_20,3,none,,adaptive_mean,docling_rapidocr,deepseek,8,0,0,0,8,0.0,0.0,0.0,0,,,,,7.932472956,1
peru21_2023-01-22_20,3,none,,basic,docling_easyocr,deepseek,8,0,0,0,8,0.0,0.0,0.0,0,,,,,31.548688517,1
peru21_2023-01-22_20,3,none,,basic,docling_rapidocr,deepseek,8,0,0,0,8,0.0,0.0,0.0,0,,,,,8.390163289,1
peru21_2023-01-22_20,3,none,,niblack,docling_easyocr,deepseek,8,0,0,0,8,0.0,0.0,0.0,0,,,,,30.104855849,1
peru21_2023-01-22_20,3,none,,niblack,docling_rapidocr,deepseek,8,0,0,0,8,0.0,0.0,0.0,0,,,,,7.687475277,1
peru21_2023-01-22_20,3,none,,none_color,docling_easyocr,deepseek,8,0,0,0,8,0.0,0.0,0.0,0,,,,,30.337873087,1
peru21_2023-01-22_20,3,none,,none_color,docling_rapidocr,deepseek,8,0,0,0,8,0.0,0.0,0.0,0,,,,,10.878758774,1
peru21_2023-01-22_20,3,none,,none_grayscale,docling_easyocr,deepseek,8,0,0,0,8,0.0,0.0,0.0,0,,,,,31.887879477,1
peru21_2023-01-22_20,3,none,,none_grayscale,docling_rapidocr,deepseek,8,1,0,1,8,0.0,0.0,0.0,1,1.0,1.0,0.782608695652174,1.0,11.709777699,0
peru21_2023-01-22_20,3,none,,otsu,docling_easyocr,deepseek,8,0,0,0,8,0.0,0.0,0.0,0,,,,,31.866564929,1
peru21_2023-01-22_20,3,none,,otsu,docling_rapidocr,deepseek,8,0,0,0,8,0.0,0.0,0.0,0,,,,,8.430952965,1
peru21_2023-01-22_20,3,none,,yannihorne,docling_easyocr,deepseek,8,0,0,0,8,0.0,0.0,0.0,0,,,,,28.330433308,1
peru21_2023-01-22_20,3,none,,yannihorne,docling_rapidocr,deepseek,8,0,0,0,8,0.0,0.0,0.0,0,,,,,7.682417332,1
peru21_2023-01-22_20,4,none,,adaptive_gaussian,docling_easyocr,deepseek,8,0,0,0,8,0.0,0.0,0.0,0,,,,,30.642494162,1
peru21_2023-01-22_20,4,none,,adaptive_gaussian,docling_rapidocr,deepseek,8,0,0,0,8,0.0,0.0,0.0,0,,,,,7.682599981,1
peru21_2023-01-22_20,4,none,,adaptive_mean,docling_easyocr,deepseek,8,0,0,0,8,0.0,0.0,0.0,0,,,,,29.362424811,1
peru21_2023-01-22_20,4,none,,adaptive_mean,docling_rapidocr,deepseek,8,1,1,0,7,1.0,0.125,0.222222,1,0.9090909090909091,1.0,0.0,0.0,7.894018372,0
peru21_2023-01-22_20,4,none,,basic,docling_easyocr,deepseek,8,0,0,0,8,0.0,0.0,0.0,0,,,,,33.679199749,1
peru21_2023-01-22_20,4,none,,basic,docling_rapidocr,deepseek,8,0,0,0,8,0.0,0.0,0.0,0,,,,,8.935818249,1
peru21_2023-01-22_20,4,none,,niblack,docling_easyocr,deepseek,8,0,0,0,8,0.0,0.0,0.0,0,,,,,30.100854656,1
peru21_2023-01-22_20,4,none,,niblack,docling_rapidocr,deepseek,8,0,0,0,8,0.0,0.0,0.0,0,,,,,7.785378477,1
peru21_2023-01-22_20,4,none,,none_color,docling_easyocr,deepseek,8,0,0,0,8,0.0,0.0,0.0,0,,,,,31.794457728,1
peru21_2023-01-22_20,4,none,,none_color,docling_rapidocr,deepseek,8,1,0,1,8,0.0,0.0,0.0,0,,,,,11.808071905,0
peru21_2023-01-22_20,4,none,,none_grayscale,docling_easyocr,deepseek,8,0,0,0,8,0.0,0.0,0.0,0,,,,,32.214600378,1
peru21_2023-01-22_20,4,none,,none_grayscale,docling_rapidocr,deepseek,8,6,1,5,7,0.166667,0.125,0.142857,5,0.8438509766095974,1.1300000000000001,0.5220002236515062,0.7618835550414498,12.231800371,0
peru21_2023-01-22_20,4,none,,otsu,docling_easyocr,deepseek,8,0,0,0,8,0.0,0.0,0.0,0,,,,,38.312642462,1
peru21_2023-01-22_20,4,none,,otsu,docling_rapidocr,deepseek,8,0,0,0,8,0.0,0.0,0.0,0,,,,,14.272368319,1
peru21_2023-01-22_20,5,none,,adaptive_gaussian,docling_easyocr,deepseek,8,0,0,0,8,0.0,0.0,0.0,0,,,,,29.654393156,1
peru21_2023-01-22_20,5,none,,adaptive_gaussian,docling_rapidocr,deepseek,8,0,0,0,8,0.0,0.0,0.0,0,,,,,7.773551663,1
peru21_2023-01-22_20,5,none,,adaptive_mean,docling_easyocr,deepseek,8,0,0,0,8,0.0,0.0,0.0,0,,,,,30.29040571,1
peru21_2023-01-22_20,5,none,,adaptive_mean,docling_rapidocr,deepseek,8,1,1,0,7,1.0,0.125,0.222222,1,0.9090909090909091,1.0,0.0,0.0,7.872659882,0
peru21_2023-01-22_20,5,none,,basic,docling_easyocr,deepseek,8,2,0,2,8,0.0,0.0,0.0,1,0.8888888888888888,1.0,0.9896551724137931,1.0,29.704111391,0
peru21_2023-01-22_20,5,none,,basic,docling_rapidocr,deepseek,8,0,0,0,8,0.0,0.0,0.0,0,,,,,7.866615111,1
peru21_2023-01-22_20,5,none,,niblack,docling_easyocr,deepseek,8,0,0,0,8,0.0,0.0,0.0,0,,,,,28.745697281,1
peru21_2023-01-22_20,5,none,,niblack,docling_rapidocr,deepseek,8,0,0,0,8,0.0,0.0,0.0,0,,,,,7.923738739,1
peru21_2023-01-22_20,5,none,,none_color,docling_easyocr,deepseek,8,0,0,0,8,0.0,0.0,0.0,0,,,,,30.513405138,1
peru21_2023-01-22_20,5,none,,none_color,docling_rapidocr,deepseek,8,6,0,6,8,0.0,0.0,0.0,6,0.39582631608493685,0.6539529914529915,0.838419273123082,0.9596774742285579,9.034275108,0
peru21_2023-01-22_20,5,none,,none_grayscale,docling_easyocr,deepseek,8,0,0,0,8,0.0,0.0,0.0,0,,,,,31.609826618,1
peru21_2023-01-22_20,5,none,,none_grayscale,docling_rapidocr,deepseek,8,6,0,6,8,0.0,0.0,0.0,6,0.39582631608493685,0.6539529914529915,0.838419273123082,0.9596774742285579,8.948738629,0
peru21_2023-01-22_20,5,none,,otsu,docling_easyocr,deepseek,8,0,0,0,8,0.0,0.0,0.0,0,,,,,31.431839043,1
peru21_2023-01-22_20,5,none,,otsu,docling_rapidocr,deepseek,8,0,0,0,8,0.0,0.0,0.0,0,,,,,8.117074782,1
peru21_2023-01-22_20,5,none,,yannihorne,docling_easyocr,deepseek,8,0,0,0,8,0.0,0.0,0.0,0,,,,,29.373320633,1
peru21_2023-01-22_20,5,none,,yannihorne,docling_rapidocr,deepseek,8,0,0,0,8,0.0,0.0,0.0,0,,,,,7.73060804,1
peru21_2023-01-22_20,6,none,,adaptive_gaussian,docling_easyocr,deepseek,8,0,0,0,8,0.0,0.0,0.0,0,,,,,28.991919405,1
peru21_2023-01-22_20,6,none,,adaptive_gaussian,docling_rapidocr,deepseek,8,1,1,0,7,1.0,0.125,0.222222,1,0.9090909090909091,1.0,0.0,0.0,7.622068531,0
peru21_2023-01-22_20,6,none,,adaptive_mean,docling_easyocr,deepseek,8,0,0,0,8,0.0,0.0,0.0,0,,,,,29.37459553,1
peru21_2023-01-22_20,6,none,,adaptive_mean,docling_rapidocr,deepseek,8,0,0,0,8,0.0,0.0,0.0,0,,,,,8.000914938,1
peru21_2023-01-22_20,6,none,,basic,docling_easyocr,deepseek,8,0,0,0,8,0.0,0.0,0.0,0,,,,,33.357665043,1
peru21_2023-01-22_20,6,none,,basic,docling_rapidocr,deepseek,8,0,0,0,8,0.0,0.0,0.0,0,,,,,8.379101973,1
peru21_2023-01-22_20,6,none,,niblack,docling_easyocr,deepseek,8,0,0,0,8,0.0,0.0,0.0,0,,,,,30.16279032,1
peru21_2023-01-22_20,6,none,,niblack,docling_rapidocr,deepseek,8,0,0,0,8,0.0,0.0,0.0,0,,,,,7.722857735,1
peru21_2023-01-22_20,6,none,,none_color,docling_easyocr,deepseek,8,2,1,1,7,0.5,0.125,0.2,2,0.8484848484848485,1.0,0.9988505747126437,0.5,33.234637718,0
peru21_2023-01-22_20,6,none,,none_color,docling_rapidocr,deepseek,8,0,0,0,8,0.0,0.0,0.0,0,,,,,9.384512882,1
peru21_2023-01-22_20,6,none,,none_grayscale,docling_easyocr,deepseek,8,0,0,0,8,0.0,0.0,0.0,0,,,,,32.554948073,1
peru21_2023-01-22_20,6,none,,none_grayscale,docling_rapidocr,deepseek,8,1,0,1,8,0.0,0.0,0.0,1,5.5,7.0,0.8686868686868687,1.0,11.066883068,0
peru21_2023-01-22_20,6,none,,otsu,docling_easyocr,deepseek,8,0,0,0,8,0.0,0.0,0.0,0,,,,,32.432216221,1
peru21_2023-01-22_20,6,none,,otsu,docling_rapidocr,deepseek,8,0,0,0,8,0.0,0.0,0.0,0,,,,,8.654188687,1
peru21_2023-01-22_20,6,none,,yannihorne,docling_easyocr,deepseek,8,0,0,0,8,0.0,0.0,0.0,0,,,,,28.833906466,1
peru21_2023-01-22_20,6,none,,yannihorne,docling_rapidocr,deepseek,8,0,0,0,8,0.0,0.0,0.0,0,,,,,7.470930391,1
peru21_2023-01-22_20,7,none,,adaptive_gaussian,docling_easyocr,deepseek,8,0,0,0,8,0.0,0.0,0.0,0,,,,,30.852937254,1
peru21_2023-01-22_20,7,none,,adaptive_gaussian,docling_rapidocr,deepseek,8,1,1,0,7,1.0,0.125,0.222222,1,0.9090909090909091,1.0,0.0,0.0,7.863999399,0
peru21_2023-01-22_20,7,none,,adaptive_mean,docling_easyocr,deepseek,8,0,0,0,8,0.0,0.0,0.0,0,,,,,30.460748871,1
peru21_2023-01-22_20,7,none,,adaptive_mean,docling_rapidocr,deepseek,8,1,1,0,7,1.0,0.125,0.222222,1,0.9090909090909091,1.0,0.0,0.0,7.543058594,0
peru21_2023-01-22_20,7,none,,basic,docling_easyocr,deepseek,8,0,0,0,8,0.0,0.0,0.0,0,,,,,34.153453165,1
peru21_2023-01-22_20,7,none,,basic,docling_rapidocr,deepseek,8,0,0,0,8,0.0,0.0,0.0,0,,,,,8.468284184,1
peru21_2023-01-22_20,7,none,,niblack,docling_easyocr,deepseek,8,0,0,0,8,0.0,0.0,0.0,0,,,,,28.907122395,1
peru21_2023-01-22_20,7,none,,niblack,docling_rapidocr,deepseek,8,0,0,0,8,0.0,0.0,0.0,0,,,,,7.652278921,1
peru21_2023-01-22_20,7,none,,none_color,docling_easyocr,deepseek,8,0,0,0,8,0.0,0.0,0.0,0,,,,,36.204077059,1
peru21_2023-01-22_20,7,none,,none_color,docling_rapidocr,deepseek,8,0,0,0,8,0.0,0.0,0.0,0,,,,,12.045145327,1
peru21_2023-01-22_20,7,none,,none_grayscale,docling_easyocr,deepseek,8,0,0,0,8,0.0,0.0,0.0,0,,,,,36.188105875,1
peru21_2023-01-22_20,7,none,,none_grayscale,docling_rapidocr,deepseek,8,1,0,1,8,0.0,0.0,0.0,1,0.8666666666666667,1.0,0.7991452991452992,0.9743589743589743,12.244995648,0
peru21_2023-01-22_20,7,none,,otsu,docling_easyocr,deepseek,8,0,0,0,8,0.0,0.0,0.0,0,,,,,32.801266319,1
peru21_2023-01-22_20,7,none,,otsu,docling_rapidocr,deepseek,8,0,0,0,8,0.0,0.0,0.0,0,,,,,8.506558067,1
peru21_2023-01-22_20,8,none,,adaptive_gaussian,docling_easyocr,deepseek,8,0,0,0,8,0.0,0.0,0.0,0,,,,,30.820136599,1
peru21_2023-01-22_20,8,none,,adaptive_gaussian,docling_rapidocr,deepseek,8,1,1,0,7,1.0,0.125,0.222222,1,0.9090909090909091,1.0,0.0,0.0,7.675715021,0
peru21_2023-01-22_20,8,none,,adaptive_mean,docling_easyocr,deepseek,8,0,0,0,8,0.0,0.0,0.0,0,,,,,29.068989567,1
peru21_2023-01-22_20,8,none,,adaptive_mean,docling_rapidocr,deepseek,8,0,0,0,8,0.0,0.0,0.0,0,,,,,7.472177557,1
peru21_2023-01-22_20,8,none,,basic,docling_easyocr,deepseek,8,0,0,0,8,0.0,0.0,0.0,0,,,,,32.974600937,1
peru21_2023-01-22_20,8,none,,basic,docling_rapidocr,deepseek,8,0,0,0,8,0.0,0.0,0.0,0,,,,,7.860711243,1
peru21_2023-01-22_20,8,none,,niblack,docling_easyocr,deepseek,8,0,0,0,8,0.0,0.0,0.0,0,,,,,29.348515385,1
peru21_2023-01-22_20,8,none,,niblack,docling_rapidocr,deepseek,8,0,0,0,8,0.0,0.0,0.0,0,,,,,7.313672894,1
peru21_2023-01-22_20,8,none,,none_color,docling_easyocr,deepseek,8,0,0,0,8,0.0,0.0,0.0,0,,,,,33.647856619,1
peru21_2023-01-22_20,8,none,,none_color,docling_rapidocr,deepseek,8,0,0,0,8,0.0,0.0,0.0,0,,,,,8.639147903,1
peru21_2023-01-22_20,8,none,,none_grayscale,docling_easyocr,deepseek,8,0,0,0,8,0.0,0.0,0.0,0,,,,,33.830400373,1
peru21_2023-01-22_20,8,none,,none_grayscale,docling_rapidocr,deepseek,8,0,0,0,8,0.0,0.0,0.0,0,,,,,8.67656913,1
peru21_2023-01-22_20,8,none,,otsu,docling_easyocr,deepseek,8,0,0,0,8,0.0,0.0,0.0,0,,,,,32.347526934,1
peru21_2023-01-22_20,8,none,,otsu,docling_rapidocr,deepseek,8,0,0,0,8,0.0,0.0,0.0,0,,,,,8.113105919,1
peru21_2023-01-22_20,8,none,,yannihorne,docling_easyocr,deepseek,8,0,0,0,8,0.0,0.0,0.0,0,,,,,29.993838217,1
peru21_2023-01-22_20,8,none,,yannihorne,docling_rapidocr,deepseek,8,0,0,0,8,0.0,0.0,0.0,0,,,,,7.431424286,1
peru21_2023-01-22_20,9,none,,adaptive_gaussian,docling_easyocr,deepseek,8,0,0,0,8,0.0,0.0,0.0,0,,,,,29.736450174,1
peru21_2023-01-22_20,9,none,,adaptive_gaussian,docling_rapidocr,deepseek,8,0,0,0,8,0.0,0.0,0.0,0,,,,,7.321191767,1
peru21_2023-01-22_20,9,none,,adaptive_mean,docling_easyocr,deepseek,8,0,0,0,8,0.0,0.0,0.0,0,,,,,29.824632624,1
peru21_2023-01-22_20,9,none,,adaptive_mean,docling_rapidocr,deepseek,8,0,0,0,8,0.0,0.0,0.0,0,,,,,7.320592382,1
peru21_2023-01-22_20,9,none,,basic,docling_easyocr,deepseek,8,0,0,0,8,0.0,0.0,0.0,0,,,,,32.20615871,1
peru21_2023-01-22_20,9,none,,basic,docling_rapidocr,deepseek,8,0,0,0,8,0.0,0.0,0.0,0,,,,,8.185649467,1
peru21_2023-01-22_20,9,none,,niblack,docling_easyocr,deepseek,8,0,0,0,8,0.0,0.0,0.0,0,,,,,29.601155083,1
peru21_2023-01-22_20,9,none,,niblack,docling_rapidocr,deepseek,8,0,0,0,8,0.0,0.0,0.0,0,,,,,7.292633097,1
peru21_2023-01-22_20,9,none,,none_color,docling_easyocr,deepseek,8,0,0,0,8,0.0,0.0,0.0,0,,,,,32.550588203,1
peru21_2023-01-22_20,9,none,,none_color,docling_rapidocr,deepseek,8,0,0,0,8,0.0,0.0,0.0,0,,,,,11.866777969,1
peru21_2023-01-22_20,9,none,,none_grayscale,docling_easyocr,deepseek,8,0,0,0,8,0.0,0.0,0.0,0,,,,,32.838699652,1
peru21_2023-01-22_20,9,none,,none_grayscale,docling_rapidocr,deepseek,8,1,0,1,8,0.0,0.0,0.0,1,2.1666666666666665,3.0,0.8585858585858586,0.9230769230769231,12.055588079,0
peru21_2023-01-22_20,9,none,,otsu,docling_easyocr,deepseek,8,0,0,0,8,0.0,0.0,0.0,0,,,,,33.80282798,1
peru21_2023-01-22_20,9,none,,otsu,docling_rapidocr,deepseek,8,0,0,0,8,0.0,0.0,0.0,0,,,,,7.926693108,1
peru21_2023-01-22_20,10,none,,adaptive_gaussian,docling_easyocr,deepseek,8,0,0,0,8,0.0,0.0,0.0,0,,,,,30.956217817,1
peru21_2023-01-22_20,10,none,,adaptive_gaussian,docling_rapidocr,deepseek,8,0,0,0,8,0.0,0.0,0.0,0,,,,,7.561725668,1
peru21_2023-01-22_20,10,none,,adaptive_mean,docling_easyocr,deepseek,8,0,0,0,8,0.0,0.0,0.0,0,,,,,29.925254873,1
peru21_2023-01-22_20,10,none,,adaptive_mean,docling_rapidocr,deepseek,8,0,0,0,8,0.0,0.0,0.0,0,,,,,7.566444448,1
peru21_2023-01-22_20,10,none,,basic,docling_easyocr,deepseek,8,0,0,0,8,0.0,0.0,0.0,0,,,,,55.005700256,1
peru21_2023-01-22_20,10,none,,basic,docling_rapidocr,deepseek,8,0,0,0,8,0.0,0.0,0.0,0,,,,,30.972428705,1
peru21_2023-01-22_20,10,none,,niblack,docling_easyocr,deepseek,8,0,0,0,8,0.0,0.0,0.0,0,,,,,29.830889099,1
peru21_2023-01-22_20,10,none,,niblack,docling_rapidocr,deepseek,8,0,0,0,8,0.0,0.0,0.0,0,,,,,7.648863667,1
peru21_2023-01-22_20,10,none,,none_color,docling_easyocr,deepseek,8,0,0,0,8,0.0,0.0,0.0,0,,,,,33.903394844,1
peru21_2023-01-22_20,10,none,,none_color,docling_rapidocr,deepseek,8,0,0,0,8,0.0,0.0,0.0,0,,,,,12.135615494,1
peru21_2023-01-22_20,10,none,,none_grayscale,docling_easyocr,deepseek,8,0,0,0,8,0.0,0.0,0.0,0,,,,,35.330971148,1
peru21_2023-01-22_20,10,none,,none_grayscale,docling_rapidocr,deepseek,8,0,0,0,8,0.0,0.0,0.0,0,,,,,11.443237926,1
peru21_2023-01-22_20,10,none,,otsu,docling_easyocr,deepseek,8,0,0,0,8,0.0,0.0,0.0,0,,,,,34.273004511,1
peru21_2023-01-22_20,10,none,,otsu,docling_rapidocr,deepseek,8,0,0,0,8,0.0,0.0,0.0,0,,,,,11.575500229,1
peru21_2023-01-22_20,11,none,,adaptive_gaussian,docling_easyocr,deepseek,8,0,0,0,8,0.0,0.0,0.0,0,,,,,30.796139292,1
peru21_2023-01-22_20,11,none,,adaptive_gaussian,docling_rapidocr,deepseek,8,0,0,0,8,0.0,0.0,0.0,0,,,,,7.263152889,1
peru21_2023-01-22_20,11,none,,adaptive_mean,docling_easyocr,deepseek,8,0,0,0,8,0.0,0.0,0.0,0,,,,,29.485351614,1
peru21_2023-01-22_20,11,none,,adaptive_mean,docling_rapidocr,deepseek,8,0,0,0,8,0.0,0.0,0.0,0,,,,,7.541608147,1
peru21_2023-01-22_20,11,none,,basic,docling_easyocr,deepseek,8,0,0,0,8,0.0,0.0,0.0,0,,,,,31.816002037,1
peru21_2023-01-22_20,11,none,,basic,docling_rapidocr,deepseek,8,0,0,0,8,0.0,0.0,0.0,0,,,,,8.073000338,1
peru21_2023-01-22_20,11,none,,niblack,docling_easyocr,deepseek,8,0,0,0,8,0.0,0.0,0.0,0,,,,,29.834611933,1
peru21_2023-01-22_20,11,none,,niblack,docling_rapidocr,deepseek,8,0,0,0,8,0.0,0.0,0.0,0,,,,,7.343089144,1
peru21_2023-01-22_20,11,none,,none_color,docling_easyocr,deepseek,8,0,0,0,8,0.0,0.0,0.0,0,,,,,32.812775757,1
peru21_2023-01-22_20,11,none,,none_color,docling_rapidocr,deepseek,8,0,0,0,8,0.0,0.0,0.0,0,,,,,11.278155472,1
peru21_2023-01-22_20,11,none,,none_grayscale,docling_easyocr,deepseek,8,0,0,0,8,0.0,0.0,0.0,0,,,,,32.761726048,1
peru21_2023-01-22_20,11,none,,none_grayscale,docling_rapidocr,deepseek,8,0,0,0,8,0.0,0.0,0.0,0,,,,,12.503316786,1
peru21_2023-01-22_20,11,none,,otsu,docling_easyocr,deepseek,8,0,0,0,8,0.0,0.0,0.0,0,,,,,33.640063908,1
peru21_2023-01-22_20,11,none,,otsu,docling_rapidocr,deepseek,8,0,0,0,8,0.0,0.0,0.0,0,,,,,7.998414661,1
peru21_2023-01-22_20,12,none,,adaptive_gaussian,docling_easyocr,deepseek,8,0,0,0,8,0.0,0.0,0.0,0,,,,,37.082778723,1
peru21_2023-01-22_20,12,none,,adaptive_gaussian,docling_rapidocr,deepseek,8,0,0,0,8,0.0,0.0,0.0,0,,,,,13.065654547,1
peru21_2023-01-22_20,12,none,,adaptive_mean,docling_easyocr,deepseek,8,0,0,0,8,0.0,0.0,0.0,0,,,,,35.291701586,1
peru21_2023-01-22_20,12,none,,adaptive_mean,docling_rapidocr,deepseek,8,0,0,0,8,0.0,0.0,0.0,0,,,,,13.162178071,1
peru21_2023-01-22_20,12,none,,basic,docling_easyocr,deepseek,8,0,0,0,8,0.0,0.0,0.0,0,,,,,38.271258717,1
peru21_2023-01-22_20,12,none,,basic,docling_rapidocr,deepseek,8,0,0,0,8,0.0,0.0,0.0,0,,,,,14.519886857,1
peru21_2023-01-22_20,12,none,,niblack,docling_easyocr,deepseek,8,0,0,0,8,0.0,0.0,0.0,0,,,,,35.862969656,1
peru21_2023-01-22_20,12,none,,niblack,docling_rapidocr,deepseek,8,0,0,0,8,0.0,0.0,0.0,0,,,,,13.302743693,1
peru21_2023-01-22_20,12,none,,none_color,docling_easyocr,deepseek,8,7,0,7,8,0.0,0.0,0.0,6,3.2489126773609533,3.2092592592592593,0.7481525184714433,0.9542799305957201,49.701653843,0
peru21_2023-01-22_20,12,none,,none_color,docling_rapidocr,deepseek,8,0,0,0,8,0.0,0.0,0.0,0,,,,,17.479389554,1
peru21_2023-01-22_20,12,none,,none_grayscale,docling_easyocr,deepseek,8,5,0,5,8,0.0,0.0,0.0,5,1.1121833721833723,1.2638888888888888,0.8654560775687535,0.9862348178137651,51.099540596,0
peru21_2023-01-22_20,12,none,,none_grayscale,docling_rapidocr,deepseek,8,1,1,0,7,1.0,0.125,0.222222,1,17.833333333333332,20.0,0.02608695652173913,0.15,17.795263892,0
peru21_2023-01-22_20,12,none,,otsu,docling_easyocr,deepseek,8,0,0,0,8,0.0,0.0,0.0,0,,,,,39.51508351,1
peru21_2023-01-22_20,12,none,,otsu,docling_rapidocr,deepseek,8,1,0,1,8,0.0,0.0,0.0,1,4.833333333333333,6.0,0.5043478260869565,0.85,14.224434334,0
peru21_2023-01-22_20,13,none,,adaptive_gaussian,docling_easyocr,deepseek,8,0,0,0,8,0.0,0.0,0.0,0,,,,,37.80205563,1
peru21_2023-01-22_20,13,none,,adaptive_gaussian,docling_rapidocr,deepseek,8,0,0,0,8,0.0,0.0,0.0,0,,,,,13.325310978,1
peru21_2023-01-22_20,13,none,,adaptive_mean,docling_easyocr,deepseek,8,0,0,0,8,0.0,0.0,0.0,0,,,,,35.973490986,1
peru21_2023-01-22_20,13,none,,adaptive_mean,docling_rapidocr,deepseek,8,0,0,0,8,0.0,0.0,0.0,0,,,,,13.371794734,1
peru21_2023-01-22_20,13,none,,basic,docling_easyocr,deepseek,8,0,0,0,8,0.0,0.0,0.0,0,,,,,48.636996396,1
peru21_2023-01-22_20,13,none,,basic,docling_rapidocr,deepseek,8,0,0,0,8,0.0,0.0,0.0,0,,,,,16.740257151,1
peru21_2023-01-22_20,13,none,,niblack,docling_easyocr,deepseek,8,0,0,0,8,0.0,0.0,0.0,0,,,,,36.022542571,1
peru21_2023-01-22_20,13,none,,niblack,docling_rapidocr,deepseek,8,0,0,0,8,0.0,0.0,0.0,0,,,,,12.92843685,1
peru21_2023-01-22_20,13,none,,none_color,docling_easyocr,deepseek,8,5,0,5,8,0.0,0.0,0.0,5,0.9814887794198139,1.4757264957264957,0.8118013132140011,0.9839452704158587,50.779822714,0
peru21_2023-01-22_20,13,none,,none_color,docling_rapidocr,deepseek,8,1,1,0,7,1.0,0.125,0.222222,1,4.166666666666667,5.0,0.06086956521739131,0.35,17.122661955,0
peru21_2023-01-22_20,13,none,,none_grayscale,docling_easyocr,deepseek,8,2,1,1,7,0.5,0.125,0.2,2,0.8833333333333333,1.0,0.7618492618492618,0.9743589743589743,49.06271661,0
peru21_2023-01-22_20,13,none,,none_grayscale,docling_rapidocr,deepseek,8,1,1,0,7,1.0,0.125,0.222222,1,4.333333333333333,5.0,0.05217391304347826,0.3,17.864217646,0
peru21_2023-01-22_20,13,none,,otsu,docling_easyocr,deepseek,8,1,0,1,8,0.0,0.0,0.0,1,3.0,4.0,0.7676767676767676,1.0,48.437906464,0
peru21_2023-01-22_20,13,none,,otsu,docling_rapidocr,deepseek,8,1,0,1,8,0.0,0.0,0.0,1,0.9333333333333333,1.0,0.7521367521367521,0.9487179487179487,17.729849061,0
peru21_2023-01-22_20,14,none,,adaptive_gaussian,docling_easyocr,deepseek,8,0,0,0,8,0.0,0.0,0.0,0,,,,,36.849927582,1
peru21_2023-01-22_20,14,none,,adaptive_gaussian,docling_rapidocr,deepseek,8,0,0,0,8,0.0,0.0,0.0,0,,,,,13.347829976,1
peru21_2023-01-22_20,14,none,,adaptive_mean,docling_easyocr,deepseek,8,0,0,0,8,0.0,0.0,0.0,0,,,,,35.235402264,1
peru21_2023-01-22_20,14,none,,adaptive_mean,docling_rapidocr,deepseek,8,0,0,0,8,0.0,0.0,0.0,0,,,,,13.313398757,1
peru21_2023-01-22_20,14,none,,basic,docling_easyocr,deepseek,8,0,0,0,8,0.0,0.0,0.0,0,,,,,37.680060399,1
peru21_2023-01-22_20,14,none,,basic,docling_rapidocr,deepseek,8,0,0,0,8,0.0,0.0,0.0,0,,,,,13.812351716,1
peru21_2023-01-22_20,14,none,,niblack,docling_easyocr,deepseek,8,0,0,0,8,0.0,0.0,0.0,0,,,,,35.919639018,1
peru21_2023-01-22_20,14,none,,niblack,docling_rapidocr,deepseek,8,0,0,0,8,0.0,0.0,0.0,0,,,,,13.184572127,1
peru21_2023-01-22_20,14,none,,none_color,docling_easyocr,deepseek,8,0,0,0,8,0.0,0.0,0.0,0,,,,,49.319645655,1
peru21_2023-01-22_20,14,none,,none_color,docling_rapidocr,deepseek,8,1,0,1,8,0.0,0.0,0.0,1,4.166666666666667,5.0,0.8695652173913043,0.8,17.735773098,0
peru21_2023-01-22_20,14,none,,none_grayscale,docling_easyocr,deepseek,8,0,0,0,8,0.0,0.0,0.0,0,,,,,49.515753043,1
peru21_2023-01-22_20,14,none,,none_grayscale,docling_rapidocr,deepseek,8,1,0,1,8,0.0,0.0,0.0,1,4.166666666666667,5.0,0.8695652173913043,0.8,16.931607974,0
peru21_2023-01-22_20,14,none,,otsu,docling_easyocr,deepseek,8,0,0,0,8,0.0,0.0,0.0,0,,,,,39.16299392,1
peru21_2023-01-22_20,14,none,,otsu,docling_rapidocr,deepseek,8,1,1,0,7,1.0,0.125,0.222222,1,1.0909090909090908,1.0,1.0,1.0,14.474873793,0
peru21_2023-01-22_20,15,none,,adaptive_gaussian,docling_easyocr,deepseek,8,0,0,0,8,0.0,0.0,0.0,0,,,,,31.286726275,1
peru21_2023-01-22_20,15,none,,adaptive_gaussian,docling_rapidocr,deepseek,8,0,0,0,8,0.0,0.0,0.0,0,,,,,7.365119734,1
peru21_2023-01-22_20,15,none,,adaptive_mean,docling_easyocr,deepseek,8,0,0,0,8,0.0,0.0,0.0,0,,,,,31.966106692,1
peru21_2023-01-22_20,15,none,,adaptive_mean,docling_rapidocr,deepseek,8,0,0,0,8,0.0,0.0,0.0,0,,,,,7.409989157,1
peru21_2023-01-22_20,15,none,,basic,docling_easyocr,deepseek,8,1,0,1,8,0.0,0.0,0.0,1,0.28888888888888886,0.8888888888888888,0.8589743589743589,0.9743589743589743,41.225719107,0
peru21_2023-01-22_20,15,none,,basic,docling_rapidocr,deepseek,8,5,0,5,8,0.0,0.0,0.0,5,3.519365079365079,3.1470085470085474,0.7059412685120143,0.9446153846153846,11.89828719,0
peru21_2023-01-22_20,15,none,,niblack,docling_easyocr,deepseek,8,0,0,0,8,0.0,0.0,0.0,0,,,,,29.730445889,1
peru21_2023-01-22_20,15,none,,niblack,docling_rapidocr,deepseek,8,0,0,0,8,0.0,0.0,0.0,0,,,,,7.351946143,1
peru21_2023-01-22_20,15,none,,none_color,docling_easyocr,deepseek,8,0,0,0,8,0.0,0.0,0.0,0,,,,,44.556910885,1
peru21_2023-01-22_20,15,none,,none_color,docling_rapidocr,deepseek,8,1,1,0,7,1.0,0.125,0.222222,1,1.0,1.0,0.14782608695652175,0.55,11.952729119,0
peru21_2023-01-22_20,15,none,,none_grayscale,docling_easyocr,deepseek,8,0,0,0,8,0.0,0.0,0.0,0,,,,,44.828952683,1
peru21_2023-01-22_20,15,none,,none_grayscale,docling_rapidocr,deepseek,8,1,0,1,8,0.0,0.0,0.0,1,0.8333333333333334,1.0,0.797979797979798,1.0,11.898134602,0
peru21_2023-01-22_20,15,none,,otsu,docling_easyocr,deepseek,8,0,0,0,8,0.0,0.0,0.0,0,,,,,44.12495872,1
peru21_2023-01-22_20,15,none,,otsu,docling_rapidocr,deepseek,8,1,0,1,8,0.0,0.0,0.0,1,0.8888888888888888,1.0,0.8229885057471265,1.0,11.215276684,0
peru21_2023-01-22_20,16,none,,adaptive_gaussian,docling_easyocr,deepseek,8,0,0,0,8,0.0,0.0,0.0,0,,,,,29.453091392,1
peru21_2023-01-22_20,16,none,,adaptive_gaussian,docling_rapidocr,deepseek,8,0,0,0,8,0.0,0.0,0.0,0,,,,,7.855499992,1
peru21_2023-01-22_20,16,none,,adaptive_mean,docling_easyocr,deepseek,8,0,0,0,8,0.0,0.0,0.0,0,,,,,30.842780599,1
peru21_2023-01-22_20,16,none,,adaptive_mean,docling_rapidocr,deepseek,8,0,0,0,8,0.0,0.0,0.0,0,,,,,7.907274494,1
peru21_2023-01-22_20,16,none,,basic,docling_easyocr,deepseek,8,0,0,0,8,0.0,0.0,0.0,0,,,,,42.546167953,1
peru21_2023-01-22_20,16,none,,basic,docling_rapidocr,deepseek,8,1,0,1,8,0.0,0.0,0.0,1,0.07692307692307693,0.5,0.8338028169014085,0.9824561403508771,11.263478859,0
peru21_2023-01-22_20,16,none,,niblack,docling_easyocr,deepseek,8,0,0,0,8,0.0,0.0,0.0,0,,,,,29.988213371,1
peru21_2023-01-22_20,16,none,,niblack,docling_rapidocr,deepseek,8,0,0,0,8,0.0,0.0,0.0,0,,,,,7.620746683,1
peru21_2023-01-22_20,16,none,,none_color,docling_easyocr,deepseek,8,1,0,1,8,0.0,0.0,0.0,1,0.13333333333333333,0.6666666666666666,0.8589743589743589,0.9487179487179487,43.06294523,0
peru21_2023-01-22_20,16,none,,none_color,docling_rapidocr,deepseek,8,0,0,0,8,0.0,0.0,0.0,0,,,,,12.367975338,1
peru21_2023-01-22_20,16,none,,none_grayscale,docling_easyocr,deepseek,8,0,0,0,8,0.0,0.0,0.0,0,,,,,45.032898767,1
peru21_2023-01-22_20,16,none,,none_grayscale,docling_rapidocr,deepseek,8,11,1,10,7,0.090909,0.125,0.105263,7,4.213706189814564,3.190293040293041,0.6298782797633508,0.9066620170335341,11.974728687,0
peru21_2023-01-22_20,16,none,,otsu,docling_easyocr,deepseek,8,0,0,0,8,0.0,0.0,0.0,0,,,,,43.528521474,1
peru21_2023-01-22_20,16,none,,otsu,docling_rapidocr,deepseek,8,1,0,1,8,0.0,0.0,0.0,1,0.7931034482758621,1.0,0.7225130890052356,0.9285714285714286,11.882082161,0
peru21_2023-01-22_20,17,none,,adaptive_gaussian,docling_easyocr,deepseek,8,0,0,0,8,0.0,0.0,0.0,0,,,,,31.615404615,1
peru21_2023-01-22_20,17,none,,adaptive_gaussian,docling_rapidocr,deepseek,8,0,0,0,8,0.0,0.0,0.0,0,,,,,7.837095508,1
peru21_2023-01-22_20,17,none,,adaptive_mean,docling_easyocr,deepseek,8,0,0,0,8,0.0,0.0,0.0,0,,,,,30.807716379,1
peru21_2023-01-22_20,17,none,,adaptive_mean,docling_rapidocr,deepseek,8,0,0,0,8,0.0,0.0,0.0,0,,,,,7.575250873,1
peru21_2023-01-22_20,17,none,,basic,docling_easyocr,deepseek,8,0,0,0,8,0.0,0.0,0.0,0,,,,,33.571266038,1
peru21_2023-01-22_20,17,none,,basic,docling_rapidocr,deepseek,8,0,0,0,8,0.0,0.0,0.0,0,,,,,8.030522926,1
peru21_2023-01-22_20,17,none,,niblack,docling_easyocr,deepseek,8,0,0,0,8,0.0,0.0,0.0,0,,,,,28.807993171,1
peru21_2023-01-22_20,17,none,,niblack,docling_rapidocr,deepseek,8,0,0,0,8,0.0,0.0,0.0,0,,,,,7.563133714,1
peru21_2023-01-22_20,17,none,,none_color,docling_easyocr,deepseek,8,0,0,0,8,0.0,0.0,0.0,0,,,,,44.302769287,1
peru21_2023-01-22_20,17,none,,none_color,docling_rapidocr,deepseek,8,1,0,1,8,0.0,0.0,0.0,0,,,,,11.803497179,0
peru21_2023-01-22_20,17,none,,none_grayscale,docling_easyocr,deepseek,8,0,0,0,8,0.0,0.0,0.0,0,,,,,44.621102912,1
peru21_2023-01-22_20,17,none,,none_grayscale,docling_rapidocr,deepseek,8,1,0,1,8,0.0,0.0,0.0,0,,,,,11.777052982,0
peru21_2023-01-22_20,17,none,,otsu,docling_easyocr,deepseek,8,0,0,0,8,0.0,0.0,0.0,0,,,,,42.222615821,1
peru21_2023-01-22_20,17,none,,otsu,docling_rapidocr,deepseek,8,1,0,1,8,0.0,0.0,0.0,1,0.8888888888888888,1.0,0.864367816091954,1.0,11.567365987,0
peru21_2023-01-22_20,18,none,,adaptive_gaussian,docling_easyocr,deepseek,8,0,0,0,8,0.0,0.0,0.0,0,,,,,31.340084943,1
peru21_2023-01-22_20,18,none,,adaptive_gaussian,docling_rapidocr,deepseek,8,0,0,0,8,0.0,0.0,0.0,0,,,,,7.858615789,1
peru21_2023-01-22_20,18,none,,adaptive_mean,docling_easyocr,deepseek,8,0,0,0,8,0.0,0.0,0.0,0,,,,,30.637613615,1
peru21_2023-01-22_20,18,none,,adaptive_mean,docling_rapidocr,deepseek,8,0,0,0,8,0.0,0.0,0.0,0,,,,,7.600762447,1
peru21_2023-01-22_20,18,none,,basic,docling_easyocr,deepseek,8,0,0,0,8,0.0,0.0,0.0,0,,,,,29.126025446,1
peru21_2023-01-22_20,18,none,,basic,docling_rapidocr,deepseek,8,0,0,0,8,0.0,0.0,0.0,0,,,,,7.777828701,1
peru21_2023-01-22_20,18,none,,niblack,docling_easyocr,deepseek,8,0,0,0,8,0.0,0.0,0.0,0,,,,,30.234185121,1
peru21_2023-01-22_20,18,none,,otsu,docling_easyocr,deepseek,8,0,0,0,8,0.0,0.0,0.0,0,,,,,29.085574873,1
peru21_2023-01-22_20,18,none,,otsu,docling_rapidocr,deepseek,8,0,0,0,8,0.0,0.0,0.0,0,,,,,7.639838464,1
peru21_2023-01-22_20,19,none,,adaptive_gaussian,docling_easyocr,deepseek,8,0,0,0,8,0.0,0.0,0.0,0,,,,,31.18337973,1
peru21_2023-01-22_20,19,none,,adaptive_gaussian,docling_rapidocr,deepseek,8,0,0,0,8,0.0,0.0,0.0,0,,,,,7.629205068,1
peru21_2023-01-22_20,19,none,,adaptive_mean,docling_easyocr,deepseek,8,0,0,0,8,0.0,0.0,0.0,0,,,,,30.923199495,1
peru21_2023-01-22_20,19,none,,basic,docling_easyocr,deepseek,8,0,0,0,8,0.0,0.0,0.0,0,,,,,29.503298456,1
peru21_2023-01-22_20,19,none,,basic,docling_rapidocr,deepseek,8,0,0,0,8,0.0,0.0,0.0,0,,,,,7.727543766,1
peru21_2023-01-22_20,19,none,,niblack,docling_easyocr,deepseek,8,0,0,0,8,0.0,0.0,0.0,0,,,,,30.385810516,1
peru21_2023-01-22_20,19,none,,otsu,docling_easyocr,deepseek,8,0,0,0,8,0.0,0.0,0.0,0,,,,,30.610096151,1
peru21_2023-01-22_20,19,none,,otsu,docling_rapidocr,deepseek,8,0,0,0,8,0.0,0.0,0.0,0,,,,,7.728640491,1
peru21_2023-01-22_20,20,none,,adaptive_gaussian,docling_easyocr,deepseek,8,0,0,0,8,0.0,0.0,0.0,0,,,,,31.109680998,1
peru21_2023-01-22_20,20,none,,adaptive_gaussian,docling_rapidocr,deepseek,8,0,0,0,8,0.0,0.0,0.0,0,,,,,7.354461062,1
peru21_2023-01-22_20,20,none,,adaptive_mean,docling_easyocr,deepseek,8,0,0,0,8,0.0,0.0,0.0,0,,,,,29.455390561,1
peru21_2023-01-22_20,20,none,,adaptive_mean,docling_rapidocr,deepseek,8,0,0,0,8,0.0,0.0,0.0,0,,,,,7.756377328,1
peru21_2023-01-22_20,20,none,,basic,docling_easyocr,deepseek,8,0,0,0,8,0.0,0.0,0.0,0,,,,,30.160210333,1
peru21_2023-01-22_20,20,none,,basic,docling_rapidocr,deepseek,8,0,0,0,8,0.0,0.0,0.0,0,,,,,7.716016732,1
peru21_2023-01-22_20,20,none,,niblack,docling_easyocr,deepseek,8,0,0,0,8,0.0,0.0,0.0,0,,,,,30.900399377,1
peru21_2023-01-22_20,20,none,,otsu,docling_easyocr,deepseek,8,0,0,0,8,0.0,0.0,0.0,0,,,,,29.868321858,1
peru21_2023-01-22_20,20,none,,otsu,docling_rapidocr,deepseek,8,0,0,0,8,0.0,0.0,0.0,0,,,,,7.62385007,1
peru21_2023-01-22_20,20,none,,yannihorne,docling_rapidocr,deepseek,8,0,0,0,8,0.0,0.0,0.0,0,,,,,7.77262064,1
peru21_2023-01-22_20,21,none,,adaptive_gaussian,docling_easyocr,deepseek,8,0,0,0,8,0.0,0.0,0.0,0,,,,,45.725905953,1
peru21_2023-01-22_20,21,none,,adaptive_gaussian,docling_rapidocr,deepseek,8,0,0,0,8,0.0,0.0,0.0,0,,,,,23.560257254,1
peru21_2023-01-22_20,21,none,,adaptive_mean,docling_easyocr,deepseek,8,0,0,0,8,0.0,0.0,0.0,0,,,,,46.410273848,1
peru21_2023-01-22_20,21,none,,adaptive_mean,docling_rapidocr,deepseek,8,1,1,0,7,1.0,0.125,0.222222,1,0.9090909090909091,1.0,0.0,0.0,23.429094611,0
peru21_2023-01-22_20,21,none,,basic,docling_easyocr,deepseek,8,0,0,0,8,0.0,0.0,0.0,0,,,,,48.461181792,1
peru21_2023-01-22_20,21,none,,basic,docling_rapidocr,deepseek,8,0,0,0,8,0.0,0.0,0.0,0,,,,,23.76877633,1
peru21_2023-01-22_20,21,none,,niblack,docling_easyocr,deepseek,8,0,0,0,8,0.0,0.0,0.0,0,,,,,45.172269152,1
peru21_2023-01-22_20,21,none,,niblack,docling_rapidocr,deepseek,8,0,0,0,8,0.0,0.0,0.0,0,,,,,23.221828269,1
peru21_2023-01-22_20,21,none,,none_color,docling_easyocr,deepseek,8,0,0,0,8,0.0,0.0,0.0,0,,,,,47.661454829,1
peru21_2023-01-22_20,21,none,,none_color,docling_rapidocr,deepseek,8,8,0,8,8,0.0,0.0,0.0,6,0.7675102675102675,0.9663461538461539,0.9341092919516022,1.1100096583842716,27.831501635,0
peru21_2023-01-22_20,21,none,,none_grayscale,docling_easyocr,deepseek,8,0,0,0,8,0.0,0.0,0.0,0,,,,,47.866582545,1
peru21_2023-01-22_20,21,none,,none_grayscale,docling_rapidocr,deepseek,8,8,0,8,8,0.0,0.0,0.0,6,0.7675102675102675,0.9663461538461539,0.9341092919516022,1.1100096583842716,27.296448859,0
peru21_2023-01-22_20,21,none,,otsu,docling_easyocr,deepseek,8,0,0,0,8,0.0,0.0,0.0,0,,,,,47.979767951,1
peru21_2023-01-22_20,21,none,,otsu,docling_rapidocr,deepseek,8,0,0,0,8,0.0,0.0,0.0,0,,,,,23.931492957,1
peru21_2023-01-22_20,22,none,,adaptive_gaussian,docling_easyocr,deepseek,8,0,0,0,8,0.0,0.0,0.0,0,,,,,46.010026856,1
peru21_2023-01-22_20,22,none,,adaptive_gaussian,docling_rapidocr,deepseek,8,0,0,0,8,0.0,0.0,0.0,0,,,,,23.229131385,1
peru21_2023-01-22_20,22,none,,adaptive_mean,docling_easyocr,deepseek,8,0,0,0,8,0.0,0.0,0.0,0,,,,,46.460620566,1
peru21_2023-01-22_20,22,none,,adaptive_mean,docling_rapidocr,deepseek,8,0,0,0,8,0.0,0.0,0.0,0,,,,,23.239112778,1
peru21_2023-01-22_20,22,none,,basic,docling_easyocr,deepseek,8,0,0,0,8,0.0,0.0,0.0,0,,,,,50.263454217,1
peru21_2023-01-22_20,22,none,,basic,docling_rapidocr,deepseek,8,0,0,0,8,0.0,0.0,0.0,0,,,,,24.760940331,1
peru21_2023-01-22_20,22,none,,niblack,docling_easyocr,deepseek,8,0,0,0,8,0.0,0.0,0.0,0,,,,,46.259093985,1
peru21_2023-01-22_20,22,none,,niblack,docling_rapidocr,deepseek,8,0,0,0,8,0.0,0.0,0.0,0,,,,,23.269360528,1
peru21_2023-01-22_20,22,none,,none_color,docling_easyocr,deepseek,8,0,0,0,8,0.0,0.0,0.0,0,,,,,48.572679776,1
peru21_2023-01-22_20,22,none,,none_color,docling_rapidocr,deepseek,8,2,0,2,8,0.0,0.0,0.0,2,0.7833333333333333,0.9444444444444444,0.9435455349248453,0.9871794871794872,27.330638665,0
peru21_2023-01-22_20,22,none,,none_grayscale,docling_easyocr,deepseek,8,0,0,0,8,0.0,0.0,0.0,0,,,,,47.462687272,1
peru21_2023-01-22_20,22,none,,none_grayscale,docling_rapidocr,deepseek,8,2,0,2,8,0.0,0.0,0.0,2,0.7833333333333333,0.9444444444444444,0.9435455349248453,0.9871794871794872,28.15228917,0
peru21_2023-01-22_20,22,none,,otsu,docling_easyocr,deepseek,8,0,0,0,8,0.0,0.0,0.0,0,,,,,49.391208428,1
peru21_2023-01-22_20,22,none,,otsu,docling_rapidocr,deepseek,8,0,0,0,8,0.0,0.0,0.0,0,,,,,24.397189873,1
peru21_2023-01-22_20,23,none,,adaptive_gaussian,docling_easyocr,deepseek,8,0,0,0,8,0.0,0.0,0.0,0,,,,,47.558019667,1
peru21_2023-01-22_20,23,none,,adaptive_gaussian,docling_rapidocr,deepseek,8,0,0,0,8,0.0,0.0,0.0,0,,,,,24.416535645,1
peru21_2023-01-22_20,23,none,,adaptive_mean,docling_easyocr,deepseek,8,0,0,0,8,0.0,0.0,0.0,0,,,,,46.626924306,1
peru21_2023-01-22_20,23,none,,adaptive_mean,docling_rapidocr,deepseek,8,0,0,0,8,0.0,0.0,0.0,0,,,,,24.272975236,1
peru21_2023-01-22_20,23,none,,basic,docling_easyocr,deepseek,8,0,0,0,8,0.0,0.0,0.0,0,,,,,47.560899619,1
peru21_2023-01-22_20,23,none,,basic,docling_rapidocr,deepseek,8,0,0,0,8,0.0,0.0,0.0,0,,,,,24.542610053,1
peru21_2023-01-22_20,23,none,,niblack,docling_easyocr,deepseek,8,0,0,0,8,0.0,0.0,0.0,0,,,,,46.117402644,1
peru21_2023-01-22_20,23,none,,niblack,docling_rapidocr,deepseek,8,0,0,0,8,0.0,0.0,0.0,0,,,,,24.083674044,1
peru21_2023-01-22_20,23,none,,none_color,docling_easyocr,deepseek,8,0,0,0,8,0.0,0.0,0.0,0,,,,,49.014075164,1
peru21_2023-01-22_20,23,none,,none_color,docling_rapidocr,deepseek,8,0,0,0,8,0.0,0.0,0.0,0,,,,,28.548289183,1
peru21_2023-01-22_20,23,none,,none_grayscale,docling_easyocr,deepseek,8,0,0,0,8,0.0,0.0,0.0,0,,,,,47.793520812,1
peru21_2023-01-22_20,23,none,,none_grayscale,docling_rapidocr,deepseek,8,0,0,0,8,0.0,0.0,0.0,0,,,,,28.005086783,1
peru21_2023-01-22_20,23,none,,otsu,docling_easyocr,deepseek,8,0,0,0,8,0.0,0.0,0.0,0,,,,,48.289902095,1
peru21_2023-01-22_20,23,none,,otsu,docling_rapidocr,deepseek,8,0,0,0,8,0.0,0.0,0.0,0,,,,,24.75789893,1
peru21_2023-01-22_20,24,none,,adaptive_gaussian,docling_easyocr,deepseek,8,0,0,0,8,0.0,0.0,0.0,0,,,,,31.536693638,1
peru21_2023-01-22_20,24,none,,adaptive_gaussian,docling_rapidocr,deepseek,8,0,0,0,8,0.0,0.0,0.0,0,,,,,7.782817667,1
peru21_2023-01-22_20,24,none,,adaptive_mean,docling_easyocr,deepseek,8,0,0,0,8,0.0,0.0,0.0,0,,,,,31.575549906,1
peru21_2023-01-22_20,24,none,,adaptive_mean,docling_rapidocr,deepseek,8,0,0,0,8,0.0,0.0,0.0,0,,,,,7.862702435,1
peru21_2023-01-22_20,24,none,,basic,docling_easyocr,deepseek,8,0,0,0,8,0.0,0.0,0.0,0,,,,,43.410121123,1
peru21_2023-01-22_20,24,none,,basic,docling_rapidocr,deepseek,8,3,2,1,6,0.666667,0.25,0.363636,3,0.7185185185185184,0.9629629629629629,0.416759568933482,0.6,12.186330477,0
peru21_2023-01-22_20,24,none,,niblack,docling_easyocr,deepseek,8,0,0,0,8,0.0,0.0,0.0,0,,,,,29.654530962,1
peru21_2023-01-22_20,24,none,,niblack,docling_rapidocr,deepseek,8,0,0,0,8,0.0,0.0,0.0,0,,,,,7.247971972,1
peru21_2023-01-22_20,24,none,,none_color,docling_easyocr,deepseek,8,4,0,4,8,0.0,0.0,0.0,4,2.1451149425287355,2.475,0.7726357410696523,0.9682692307692308,43.01055781,0
peru21_2023-01-22_20,24,none,,none_color,docling_rapidocr,deepseek,8,0,0,0,8,0.0,0.0,0.0,0,,,,,11.67185227,1
peru21_2023-01-22_20,24,none,,none_grayscale,docling_easyocr,deepseek,8,5,0,5,8,0.0,0.0,0.0,5,3.359728317659352,2.468888888888889,0.7490073580717788,0.9715018315018316,42.97487847,0
peru21_2023-01-22_20,24,none,,none_grayscale,docling_rapidocr,deepseek,8,1,0,1,8,0.0,0.0,0.0,1,4.166666666666667,5.0,0.7676767676767676,1.0,11.618205229,0
peru21_2023-01-22_20,24,none,,otsu,docling_easyocr,deepseek,8,0,0,0,8,0.0,0.0,0.0,0,,,,,42.493215077,1
peru21_2023-01-22_20,24,none,,otsu,docling_rapidocr,deepseek,8,7,1,6,7,0.142857,0.125,0.133333,6,0.5732137913172397,0.9050925925925926,0.8532202029920871,0.75,12.118172161,0
peru21_2023-01-22_20,25,none,,adaptive_gaussian,docling_easyocr,deepseek,8,0,0,0,8,0.0,0.0,0.0,0,,,,,32.96875531,1
peru21_2023-01-22_20,25,none,,adaptive_gaussian,docling_rapidocr,deepseek,8,0,0,0,8,0.0,0.0,0.0,0,,,,,7.753419703,1
peru21_2023-01-22_20,25,none,,adaptive_mean,docling_easyocr,deepseek,8,0,0,0,8,0.0,0.0,0.0,0,,,,,31.378064936,1
peru21_2023-01-22_20,25,none,,adaptive_mean,docling_rapidocr,deepseek,8,0,0,0,8,0.0,0.0,0.0,0,,,,,7.630710429,1
peru21_2023-01-22_20,25,none,,basic,docling_easyocr,deepseek,8,0,0,0,8,0.0,0.0,0.0,0,,,,,44.089206616,1
peru21_2023-01-22_20,25,none,,basic,docling_rapidocr,deepseek,8,1,0,1,8,0.0,0.0,0.0,1,0.9444444444444444,1.0,0.8011494252873563,0.9662162162162162,11.899196307,0
peru21_2023-01-22_20,25,none,,niblack,docling_easyocr,deepseek,8,0,0,0,8,0.0,0.0,0.0,0,,,,,29.19296921,1
peru21_2023-01-22_20,25,none,,niblack,docling_rapidocr,deepseek,8,0,0,0,8,0.0,0.0,0.0,0,,,,,7.679276116,1
peru21_2023-01-22_20,25,none,,none_color,docling_easyocr,deepseek,8,3,0,3,8,0.0,0.0,0.0,3,2.2666666666666666,1.9259259259259258,0.8258257040865736,0.9914529914529915,42.495987336,0
peru21_2023-01-22_20,25,none,,none_color,docling_rapidocr,deepseek,8,0,0,0,8,0.0,0.0,0.0,0,,,,,12.062522808,1
peru21_2023-01-22_20,25,none,,none_grayscale,docling_easyocr,deepseek,8,1,0,1,8,0.0,0.0,0.0,1,4.5,3.0,0.6868686868686869,1.0,44.151948849,0
peru21_2023-01-22_20,25,none,,none_grayscale,docling_rapidocr,deepseek,8,1,0,1,8,0.0,0.0,0.0,1,0.9423076923076923,1.0,0.7436619718309859,0.9298245614035088,12.782985131,0
peru21_2023-01-22_20,25,none,,otsu,docling_easyocr,deepseek,8,0,0,0,8,0.0,0.0,0.0,0,,,,,41.417927019,1
peru21_2023-01-22_20,25,none,,otsu,docling_rapidocr,deepseek,8,0,0,0,8,0.0,0.0,0.0,0,,,,,12.010051482,1
peru21_2023-01-22_20,26,none,,adaptive_gaussian,docling_easyocr,deepseek,8,0,0,0,8,0.0,0.0,0.0,0,,,,,33.078977412,1
peru21_2023-01-22_20,26,none,,adaptive_gaussian,docling_rapidocr,deepseek,8,0,0,0,8,0.0,0.0,0.0,0,,,,,7.632872647,1
peru21_2023-01-22_20,26,none,,adaptive_mean,docling_easyocr,deepseek,8,0,0,0,8,0.0,0.0,0.0,0,,,,,31.793576067,1
peru21_2023-01-22_20,26,none,,adaptive_mean,docling_rapidocr,deepseek,8,0,0,0,8,0.0,0.0,0.0,0,,,,,7.316919869,1
peru21_2023-01-22_20,26,none,,basic,docling_easyocr,deepseek,8,0,0,0,8,0.0,0.0,0.0,0,,,,,33.679414908,1
peru21_2023-01-22_20,26,none,,basic,docling_rapidocr,deepseek,8,4,0,4,8,0.0,0.0,0.0,4,0.5186813186813187,0.9332264957264957,0.7341140967413549,0.9494978963245218,8.302662531,0
peru21_2023-01-22_20,26,none,,niblack,docling_easyocr,deepseek,8,0,0,0,8,0.0,0.0,0.0,0,,,,,30.530910546,1
peru21_2023-01-22_20,26,none,,niblack,docling_rapidocr,deepseek,8,0,0,0,8,0.0,0.0,0.0,0,,,,,7.540531212,1
peru21_2023-01-22_20,26,none,,none_color,docling_easyocr,deepseek,8,7,0,7,8,0.0,0.0,0.0,7,1.0870801338781635,1.3619963369963368,0.8374696750219849,0.9306023624024509,45.113413254,0
peru21_2023-01-22_20,26,none,,none_color,docling_rapidocr,deepseek,8,1,1,0,7,1.0,0.125,0.222222,1,4.166666666666667,5.0,0.02608695652173913,0.15,12.333738962,0
peru21_2023-01-22_20,26,none,,none_grayscale,docling_easyocr,deepseek,8,7,0,7,8,0.0,0.0,0.0,7,1.0870801338781635,1.3619963369963368,0.8374696750219849,0.9306023624024509,43.623937289,0
peru21_2023-01-22_20,26,none,,none_grayscale,docling_rapidocr,deepseek,8,1,1,0,7,1.0,0.125,0.222222,1,4.166666666666667,5.0,0.02608695652173913,0.15,11.547558943,0
peru21_2023-01-22_20,26,none,,otsu,docling_easyocr,deepseek,8,0,0,0,8,0.0,0.0,0.0,0,,,,,45.18776981,1
peru21_2023-01-22_20,26,none,,otsu,docling_rapidocr,deepseek,8,0,0,0,8,0.0,0.0,0.0,0,,,,,11.469992081,1
peru21_2023-01-22_20,27,none,,adaptive_gaussian,docling_easyocr,deepseek,8,0,0,0,8,0.0,0.0,0.0,0,,,,,29.877117482,1
peru21_2023-01-22_20,27,none,,adaptive_gaussian,docling_rapidocr,deepseek,8,0,0,0,8,0.0,0.0,0.0,0,,,,,7.61103138,1
peru21_2023-01-22_20,27,none,,adaptive_mean,docling_easyocr,deepseek,8,0,0,0,8,0.0,0.0,0.0,0,,,,,31.129320469,1
peru21_2023-01-22_20,27,none,,adaptive_mean,docling_rapidocr,deepseek,8,0,0,0,8,0.0,0.0,0.0,0,,,,,7.679725972,1
peru21_2023-01-22_20,27,none,,basic,docling_easyocr,deepseek,8,0,0,0,8,0.0,0.0,0.0,0,,,,,38.283777893,1
peru21_2023-01-22_20,27,none,,basic,docling_rapidocr,deepseek,8,3,0,3,8,0.0,0.0,0.0,3,1.5517241379310345,2.1999999999999997,0.651348755787636,0.9840659340659341,11.739288033,0
peru21_2023-01-22_20,27,none,,niblack,docling_easyocr,deepseek,8,0,0,0,8,0.0,0.0,0.0,0,,,,,30.423719315,1
peru21_2023-01-22_20,27,none,,niblack,docling_rapidocr,deepseek,8,0,0,0,8,0.0,0.0,0.0,0,,,,,7.30743256,1
peru21_2023-01-22_20,27,none,,none_color,docling_easyocr,deepseek,8,0,0,0,8,0.0,0.0,0.0,0,,,,,45.211508931,1
peru21_2023-01-22_20,27,none,,none_color,docling_rapidocr,deepseek,8,0,0,0,8,0.0,0.0,0.0,0,,,,,11.45150298,1
peru21_2023-01-22_20,27,none,,none_grayscale,docling_easyocr,deepseek,8,0,0,0,8,0.0,0.0,0.0,0,,,,,43.633781374,1
peru21_2023-01-22_20,27,none,,none_grayscale,docling_rapidocr,deepseek,8,0,0,0,8,0.0,0.0,0.0,0,,,,,12.22003311,1
peru21_2023-01-22_20,27,none,,otsu,docling_easyocr,deepseek,8,0,0,0,8,0.0,0.0,0.0,0,,,,,44.901146902,1
peru21_2023-01-22_20,27,none,,otsu,docling_rapidocr,deepseek,8,1,0,1,8,0.0,0.0,0.0,1,2.8333333333333335,4.0,0.22608695652173913,0.55,11.923668637,0
peru21_2023-01-22_20,27,none,,yannihorne,docling_easyocr,deepseek,8,0,0,0,8,0.0,0.0,0.0,0,,,,,28.673216833,1
peru21_2023-01-22_20,27,none,,yannihorne,docling_rapidocr,deepseek,8,0,0,0,8,0.0,0.0,0.0,0,,,,,7.608217968,1
peru21_2023-01-22_20,28,none,,adaptive_gaussian,docling_easyocr,deepseek,8,0,0,0,8,0.0,0.0,0.0,0,,,,,30.325405816,1
peru21_2023-01-22_20,28,none,,adaptive_gaussian,docling_rapidocr,deepseek,8,0,0,0,8,0.0,0.0,0.0,0,,,,,7.479178408,1
peru21_2023-01-22_20,28,none,,adaptive_mean,docling_easyocr,deepseek,8,0,0,0,8,0.0,0.0,0.0,0,,,,,29.646575431,1
peru21_2023-01-22_20,28,none,,adaptive_mean,docling_rapidocr,deepseek,8,0,0,0,8,0.0,0.0,0.0,0,,,,,7.632497052,1
peru21_2023-01-22_20,28,none,,basic,docling_easyocr,deepseek,8,0,0,0,8,0.0,0.0,0.0,0,,,,,43.043568446,1
peru21_2023-01-22_20,28,none,,basic,docling_rapidocr,deepseek,8,0,0,0,8,0.0,0.0,0.0,0,,,,,11.923892571,1
peru21_2023-01-22_20,28,none,,niblack,docling_easyocr,deepseek,8,0,0,0,8,0.0,0.0,0.0,0,,,,,30.380717961,1
peru21_2023-01-22_20,28,none,,niblack,docling_rapidocr,deepseek,8,0,0,0,8,0.0,0.0,0.0,0,,,,,7.646646468,1
peru21_2023-01-22_20,28,none,,none_color,docling_easyocr,deepseek,8,6,1,5,7,0.166667,0.125,0.142857,5,1.1260536398467433,1.2,0.8250140419971734,0.9683922383922384,44.259480073,0
peru21_2023-01-22_20,28,none,,none_color,docling_rapidocr,deepseek,8,0,0,0,8,0.0,0.0,0.0,0,,,,,11.414044453,1
peru21_2023-01-22_20,28,none,,none_grayscale,docling_easyocr,deepseek,8,8,1,7,7,0.125,0.125,0.125,6,1.4920311170311171,1.3899572649572651,0.8140558197996578,0.956590854965468,43.603414132,0
peru21_2023-01-22_20,28,none,,none_grayscale,docling_rapidocr,deepseek,8,1,1,0,7,1.0,0.125,0.222222,1,0.0,0.0,1.0,1.05,11.603156878,0
peru21_2023-01-22_20,28,none,,otsu,docling_easyocr,deepseek,8,0,0,0,8,0.0,0.0,0.0,0,,,,,41.186334994,1
peru21_2023-01-22_20,28,none,,otsu,docling_rapidocr,deepseek,8,1,0,1,8,0.0,0.0,0.0,1,0.9555555555555556,1.0,0.7777777777777778,0.9743589743589743,11.436680701,0
peru21_2023-01-22_20,29,none,,adaptive_gaussian,docling_easyocr,deepseek,8,0,0,0,8,0.0,0.0,0.0,0,,,,,31.241739491,1
peru21_2023-01-22_20,29,none,,adaptive_gaussian,docling_rapidocr,deepseek,8,0,0,0,8,0.0,0.0,0.0,0,,,,,7.319228867,1
peru21_2023-01-22_20,29,none,,adaptive_mean,docling_easyocr,deepseek,8,0,0,0,8,0.0,0.0,0.0,0,,,,,30.205549935,1
peru21_2023-01-22_20,29,none,,adaptive_mean,docling_rapidocr,deepseek,8,0,0,0,8,0.0,0.0,0.0,0,,,,,7.596063355,1
peru21_2023-01-22_20,29,none,,basic,docling_easyocr,deepseek,8,0,0,0,8,0.0,0.0,0.0,0,,,,,31.796988084,1
peru21_2023-01-22_20,29,none,,basic,docling_rapidocr,deepseek,8,0,0,0,8,0.0,0.0,0.0,0,,,,,8.59671004,1
peru21_2023-01-22_20,29,none,,niblack,docling_easyocr,deepseek,8,0,0,0,8,0.0,0.0,0.0,0,,,,,28.723397462,1
peru21_2023-01-22_20,29,none,,niblack,docling_rapidocr,deepseek,8,0,0,0,8,0.0,0.0,0.0,0,,,,,7.284270255,1
peru21_2023-01-22_20,29,none,,none_color,docling_easyocr,deepseek,8,0,0,0,8,0.0,0.0,0.0,0,,,,,44.982183768,1
peru21_2023-01-22_20,29,none,,none_color,docling_rapidocr,deepseek,8,0,0,0,8,0.0,0.0,0.0,0,,,,,11.513262583,1
peru21_2023-01-22_20,29,none,,none_grayscale,docling_easyocr,deepseek,8,0,0,0,8,0.0,0.0,0.0,0,,,,,43.162983252,1
peru21_2023-01-22_20,29,none,,none_grayscale,docling_rapidocr,deepseek,8,0,0,0,8,0.0,0.0,0.0,0,,,,,11.94793327,1
peru21_2023-01-22_20,29,none,,otsu,docling_easyocr,deepseek,8,0,0,0,8,0.0,0.0,0.0,0,,,,,40.646840645,1
peru21_2023-01-22_20,29,none,,otsu,docling_rapidocr,deepseek,8,0,0,0,8,0.0,0.0,0.0,0,,,,,11.214229418,1
peru21_2023-01-22_20,30,none,,adaptive_gaussian,docling_easyocr,deepseek,8,0,0,0,8,0.0,0.0,0.0,0,,,,,30.598219302,1
peru21_2023-01-22_20,30,none,,adaptive_gaussian,docling_rapidocr,deepseek,8,0,0,0,8,0.0,0.0,0.0,0,,,,,7.897008565,1
peru21_2023-01-22_20,30,none,,adaptive_mean,docling_easyocr,deepseek,8,0,0,0,8,0.0,0.0,0.0,0,,,,,30.59485307,1
peru21_2023-01-22_20,30,none,,adaptive_mean,docling_rapidocr,deepseek,8,1,0,1,8,0.0,0.0,0.0,0,,,,,7.372486499,0
peru21_2023-01-22_20,30,none,,basic,docling_easyocr,deepseek,8,0,0,0,8,0.0,0.0,0.0,0,,,,,32.073400736,1
peru21_2023-01-22_20,30,none,,basic,docling_rapidocr,deepseek,8,0,0,0,8,0.0,0.0,0.0,0,,,,,7.770832778,1
peru21_2023-01-22_20,30,none,,niblack,docling_easyocr,deepseek,8,0,0,0,8,0.0,0.0,0.0,0,,,,,30.59363815,1
peru21_2023-01-22_20,30,none,,niblack,docling_rapidocr,deepseek,8,0,0,0,8,0.0,0.0,0.0,0,,,,,7.631981818,1
peru21_2023-01-22_20,30,none,,none_color,docling_easyocr,deepseek,8,0,0,0,8,0.0,0.0,0.0,0,,,,,31.903271199,1
peru21_2023-01-22_20,30,none,,none_color,docling_rapidocr,deepseek,8,1,0,1,8,0.0,0.0,0.0,0,,,,,11.655190707,0
peru21_2023-01-22_20,30,none,,none_grayscale,docling_easyocr,deepseek,8,0,0,0,8,0.0,0.0,0.0,0,,,,,32.039128066,1
peru21_2023-01-22_20,30,none,,none_grayscale,docling_rapidocr,deepseek,8,0,0,0,8,0.0,0.0,0.0,0,,,,,11.618851901,1
peru21_2023-01-22_20,30,none,,otsu,docling_easyocr,deepseek,8,0,0,0,8,0.0,0.0,0.0,0,,,,,31.985716178,1
peru21_2023-01-22_20,30,none,,otsu,docling_rapidocr,deepseek,8,0,0,0,8,0.0,0.0,0.0,0,,,,,9.722708537,1
peru21_2023-01-22_20,30,none,,yannihorne,docling_easyocr,deepseek,8,0,0,0,8,0.0,0.0,0.0,0,,,,,28.408600165,1
peru21_2023-01-22_20,30,none,,yannihorne,docling_rapidocr,deepseek,8,0,0,0,8,0.0,0.0,0.0,0,,,,,7.303526236,1
peru21_2023-01-22_20,31,none,,adaptive_gaussian,docling_easyocr,deepseek,8,0,0,0,8,0.0,0.0,0.0,0,,,,,31.008169392,1
peru21_2023-01-22_20,31,none,,adaptive_gaussian,docling_rapidocr,deepseek,8,0,0,0,8,0.0,0.0,0.0,0,,,,,7.721372346,1
peru21_2023-01-22_20,31,none,,adaptive_mean,docling_easyocr,deepseek,8,0,0,0,8,0.0,0.0,0.0,0,,,,,28.978592137,1
peru21_2023-01-22_20,31,none,,adaptive_mean,docling_rapidocr,deepseek,8,1,0,1,8,0.0,0.0,0.0,0,,,,,7.796631554,0
peru21_2023-01-22_20,31,none,,basic,docling_easyocr,deepseek,8,0,0,0,8,0.0,0.0,0.0,0,,,,,35.544143988,1
peru21_2023-01-22_20,31,none,,basic,docling_rapidocr,deepseek,8,0,0,0,8,0.0,0.0,0.0,0,,,,,12.313434912,1
peru21_2023-01-22_20,31,none,,niblack,docling_easyocr,deepseek,8,0,0,0,8,0.0,0.0,0.0,0,,,,,30.299274485,1
peru21_2023-01-22_20,31,none,,niblack,docling_rapidocr,deepseek,8,0,0,0,8,0.0,0.0,0.0,0,,,,,7.321356814,1
peru21_2023-01-22_20,31,none,,none_color,docling_easyocr,deepseek,8,0,0,0,8,0.0,0.0,0.0,0,,,,,33.309888674,1
peru21_2023-01-22_20,31,none,,none_color,docling_rapidocr,deepseek,8,13,1,12,7,0.076923,0.125,0.095238,8,1.9269482672499914,2.293482905982906,0.7664858288128079,0.9381479200171151,12.069037749,0
peru21_2023-01-22_20,31,none,,none_grayscale,docling_easyocr,deepseek,8,0,0,0,8,0.0,0.0,0.0,0,,,,,32.586583211,1
peru21_2023-01-22_20,31,none,,none_grayscale,docling_rapidocr,deepseek,8,5,0,5,8,0.0,0.0,0.0,4,0.9121794871794872,2.013888888888889,0.7891114617844563,0.9875,11.60016544,0
peru21_2023-01-22_20,31,none,,otsu,docling_easyocr,deepseek,8,0,0,0,8,0.0,0.0,0.0,0,,,,,37.524910119,1
peru21_2023-01-22_20,31,none,,otsu,docling_rapidocr,deepseek,8,0,0,0,8,0.0,0.0,0.0,0,,,,,11.636820939,1
peru21_2023-01-22_20,31,none,,yannihorne,docling_easyocr,deepseek,8,0,0,0,8,0.0,0.0,0.0,0,,,,,28.445961383,1
peru21_2023-01-22_20,31,none,,yannihorne,docling_rapidocr,deepseek,8,0,0,0,8,0.0,0.0,0.0,0,,,,,7.684792664,1
peru21_2023-01-22_20,32,none,,adaptive_gaussian,docling_easyocr,deepseek,8,0,0,0,8,0.0,0.0,0.0,0,,,,,28.91984701,1
peru21_2023-01-22_20,32,none,,adaptive_gaussian,docling_rapidocr,deepseek,8,0,0,0,8,0.0,0.0,0.0,0,,,,,7.662141083,1
peru21_2023-01-22_20,32,none,,adaptive_mean,docling_easyocr,deepseek,8,0,0,0,8,0.0,0.0,0.0,0,,,,,29.063131092,1
peru21_2023-01-22_20,32,none,,adaptive_mean,docling_rapidocr,deepseek,8,1,0,1,8,0.0,0.0,0.0,0,,,,,7.51261854,0
peru21_2023-01-22_20,32,none,,basic,docling_easyocr,deepseek,8,0,0,0,8,0.0,0.0,0.0,0,,,,,31.317087742,1
peru21_2023-01-22_20,32,none,,basic,docling_rapidocr,deepseek,8,0,0,0,8,0.0,0.0,0.0,0,,,,,8.114544722,1
peru21_2023-01-22_20,32,none,,niblack,docling_easyocr,deepseek,8,0,0,0,8,0.0,0.0,0.0,0,,,,,30.278477655,1
peru21_2023-01-22_20,32,none,,niblack,docling_rapidocr,deepseek,8,0,0,0,8,0.0,0.0,0.0,0,,,,,7.495032297,1
peru21_2023-01-22_20,32,none,,none_color,docling_easyocr,deepseek,8,0,0,0,8,0.0,0.0,0.0,0,,,,,31.773933264,1
peru21_2023-01-22_20,32,none,,none_color,docling_rapidocr,deepseek,8,0,0,0,8,0.0,0.0,0.0,0,,,,,9.63271937,1
peru21_2023-01-22_20,32,none,,none_grayscale,docling_easyocr,deepseek,8,0,0,0,8,0.0,0.0,0.0,0,,,,,30.431767794,1
peru21_2023-01-22_20,32,none,,none_grayscale,docling_rapidocr,deepseek,8,0,0,0,8,0.0,0.0,0.0,0,,,,,9.648001047,1
peru21_2023-01-22_20,32,none,,otsu,docling_easyocr,deepseek,8,0,0,0,8,0.0,0.0,0.0,0,,,,,30.095672222,1
peru21_2023-01-22_20,32,none,,otsu,docling_rapidocr,deepseek,8,0,0,0,8,0.0,0.0,0.0,0,,,,,7.839115711,1
peru21_2023-01-22_20,32,none,,yannihorne,docling_easyocr,deepseek,8,0,0,0,8,0.0,0.0,0.0,0,,,,,28.428117367,1
peru21_2023-01-22_20,32,none,,yannihorne,docling_rapidocr,deepseek,8,0,0,0,8,0.0,0.0,0.0,0,,,,,7.654477688,1
peru21_2023-01-22_20,33,none,,adaptive_gaussian,docling_easyocr,deepseek,8,0,0,0,8,0.0,0.0,0.0,0,,,,,29.831587479,1
peru21_2023-01-22_20,33,none,,adaptive_gaussian,docling_rapidocr,deepseek,8,1,1,0,7,1.0,0.125,0.222222,1,0.9090909090909091,1.0,0.0,0.0,7.61966984,0
peru21_2023-01-22_20,33,none,,adaptive_mean,docling_easyocr,deepseek,8,0,0,0,8,0.0,0.0,0.0,0,,,,,30.27873461,1
peru21_2023-01-22_20,33,none,,adaptive_mean,docling_rapidocr,deepseek,8,1,1,0,7,1.0,0.125,0.222222,1,0.9090909090909091,1.0,0.0,0.0,7.734586641,0
peru21_2023-01-22_20,33,none,,basic,docling_easyocr,deepseek,8,0,0,0,8,0.0,0.0,0.0,0,,,,,33.498785038,1
peru21_2023-01-22_20,33,none,,basic,docling_rapidocr,deepseek,8,0,0,0,8,0.0,0.0,0.0,0,,,,,8.085493345,1
peru21_2023-01-22_20,33,none,,niblack,docling_easyocr,deepseek,8,0,0,0,8,0.0,0.0,0.0,0,,,,,30.270683752,1
peru21_2023-01-22_20,33,none,,niblack,docling_rapidocr,deepseek,8,0,0,0,8,0.0,0.0,0.0,0,,,,,7.508580194,1
peru21_2023-01-22_20,33,none,,none_color,docling_easyocr,deepseek,8,1,0,1,8,0.0,0.0,0.0,1,0.8333333333333334,1.0,0.9816091954022989,1.0,34.014269609,0
peru21_2023-01-22_20,33,none,,none_color,docling_rapidocr,deepseek,8,1,0,1,8,0.0,0.0,0.0,1,0.8333333333333334,1.0,0.8484848484848485,1.0,9.070192594,0
peru21_2023-01-22_20,33,none,,none_grayscale,docling_easyocr,deepseek,8,0,0,0,8,0.0,0.0,0.0,0,,,,,33.676061888,1
peru21_2023-01-22_20,33,none,,none_grayscale,docling_rapidocr,deepseek,8,0,0,0,8,0.0,0.0,0.0,0,,,,,10.881971855,1
peru21_2023-01-22_20,33,none,,otsu,docling_easyocr,deepseek,8,0,0,0,8,0.0,0.0,0.0,0,,,,,30.370277019,1
peru21_2023-01-22_20,33,none,,otsu,docling_rapidocr,deepseek,8,0,0,0,8,0.0,0.0,0.0,0,,,,,7.938280912,1
peru21_2023-01-22_20,33,none,,yannihorne,docling_easyocr,deepseek,8,0,0,0,8,0.0,0.0,0.0,0,,,,,28.932424637,1
peru21_2023-01-22_20,33,none,,yannihorne,docling_rapidocr,deepseek,8,0,0,0,8,0.0,0.0,0.0,0,,,,,7.64383206,1
peru21_2023-01-22_20,34,none,,adaptive_gaussian,docling_easyocr,deepseek,8,0,0,0,8,0.0,0.0,0.0,0,,,,,29.576417444,1
peru21_2023-01-22_20,34,none,,adaptive_gaussian,docling_rapidocr,deepseek,8,0,0,0,8,0.0,0.0,0.0,0,,,,,7.466956613,1
peru21_2023-01-22_20,34,none,,adaptive_mean,docling_easyocr,deepseek,8,0,0,0,8,0.0,0.0,0.0,0,,,,,30.790964601,1
peru21_2023-01-22_20,34,none,,adaptive_mean,docling_rapidocr,deepseek,8,0,0,0,8,0.0,0.0,0.0,0,,,,,7.386137007,1
peru21_2023-01-22_20,34,none,,basic,docling_easyocr,deepseek,8,0,0,0,8,0.0,0.0,0.0,0,,,,,32.257761808,1
peru21_2023-01-22_20,34,none,,basic,docling_rapidocr,deepseek,8,1,1,0,7,1.0,0.125,0.222222,1,0.9090909090909091,1.0,0.0,0.0,8.824757191,0
peru21_2023-01-22_20,34,none,,niblack,docling_easyocr,deepseek,8,0,0,0,8,0.0,0.0,0.0,0,,,,,30.164472473,1
peru21_2023-01-22_20,34,none,,niblack,docling_rapidocr,deepseek,8,0,0,0,8,0.0,0.0,0.0,0,,,,,7.472474468,1
peru21_2023-01-22_20,34,none,,none_color,docling_easyocr,deepseek,8,0,0,0,8,0.0,0.0,0.0,0,,,,,34.112873884,1
peru21_2023-01-22_20,34,none,,none_color,docling_rapidocr,deepseek,8,1,1,0,7,1.0,0.125,0.222222,1,1.4090909090909092,1.75,0.0,0.0,11.988677355,0
peru21_2023-01-22_20,34,none,,none_grayscale,docling_easyocr,deepseek,8,0,0,0,8,0.0,0.0,0.0,0,,,,,34.122428032,1
peru21_2023-01-22_20,34,none,,none_grayscale,docling_rapidocr,deepseek,8,1,0,1,8,0.0,0.0,0.0,1,1.7777777777777777,2.3333333333333335,1.8402298850574712,2.2905405405405403,11.646859022,0
peru21_2023-01-22_20,34,none,,otsu,docling_easyocr,deepseek,8,0,0,0,8,0.0,0.0,0.0,0,,,,,41.007880375,1
peru21_2023-01-22_20,34,none,,otsu,docling_rapidocr,deepseek,8,1,0,1,8,0.0,0.0,0.0,1,1.0,1.0,0.7565217391304347,0.95,10.895596191,0
peru21_2023-01-22_20,34,none,,yannihorne,docling_easyocr,deepseek,8,0,0,0,8,0.0,0.0,0.0,0,,,,,29.967459127,1
peru21_2023-01-22_20,34,none,,yannihorne,docling_rapidocr,deepseek,8,0,0,0,8,0.0,0.0,0.0,0,,,,,7.363700554,1
peru21_2023-01-22_20,35,none,,adaptive_gaussian,docling_easyocr,deepseek,8,0,0,0,8,0.0,0.0,0.0,0,,,,,31.15824921,1
peru21_2023-01-22_20,35,none,,adaptive_gaussian,docling_rapidocr,deepseek,8,1,1,0,7,1.0,0.125,0.222222,1,0.9090909090909091,1.0,0.0,0.0,7.533824037,0
peru21_2023-01-22_20,35,none,,adaptive_mean,docling_easyocr,deepseek,8,0,0,0,8,0.0,0.0,0.0,0,,,,,30.599718403,1
peru21_2023-01-22_20,35,none,,adaptive_mean,docling_rapidocr,deepseek,8,1,1,0,7,1.0,0.125,0.222222,1,0.9090909090909091,1.0,0.0,0.0,7.347021173,0
peru21_2023-01-22_20,35,none,,basic,docling_easyocr,deepseek,8,0,0,0,8,0.0,0.0,0.0,0,,,,,33.197798893,1
peru21_2023-01-22_20,35,none,,basic,docling_rapidocr,deepseek,8,0,0,0,8,0.0,0.0,0.0,0,,,,,7.702933475,1
peru21_2023-01-22_20,35,none,,niblack,docling_easyocr,deepseek,8,0,0,0,8,0.0,0.0,0.0,0,,,,,29.098550379,1
peru21_2023-01-22_20,35,none,,niblack,docling_rapidocr,deepseek,8,0,0,0,8,0.0,0.0,0.0,0,,,,,7.377888262,1
peru21_2023-01-22_20,35,none,,none_color,docling_easyocr,deepseek,8,0,0,0,8,0.0,0.0,0.0,0,,,,,33.819425985,1
peru21_2023-01-22_20,35,none,,none_color,docling_rapidocr,deepseek,8,0,0,0,8,0.0,0.0,0.0,0,,,,,8.520348236,1
peru21_2023-01-22_20,35,none,,none_grayscale,docling_easyocr,deepseek,8,0,0,0,8,0.0,0.0,0.0,0,,,,,32.325791761,1
peru21_2023-01-22_20,35,none,,none_grayscale,docling_rapidocr,deepseek,8,0,0,0,8,0.0,0.0,0.0,0,,,,,8.190778419,1
peru21_2023-01-22_20,35,none,,otsu,docling_easyocr,deepseek,8,0,0,0,8,0.0,0.0,0.0,0,,,,,32.292580053,1
peru21_2023-01-22_20,35,none,,otsu,docling_rapidocr,deepseek,8,0,0,0,8,0.0,0.0,0.0,0,,,,,7.596918747,1
peru21_2023-01-22_20,35,none,,yannihorne,docling_easyocr,deepseek,8,0,0,0,8,0.0,0.0,0.0,0,,,,,29.632365868,1
peru21_2023-01-22_20,35,none,,yannihorne,docling_rapidocr,deepseek,8,0,0,0,8,0.0,0.0,0.0,0,,,,,7.590104029,1
peru21_2023-01-22_20,36,none,,adaptive_gaussian,docling_easyocr,deepseek,8,0,0,0,8,0.0,0.0,0.0,0,,,,,29.762944492,1
peru21_2023-01-22_20,36,none,,adaptive_gaussian,docling_rapidocr,deepseek,8,0,0,0,8,0.0,0.0,0.0,0,,,,,7.330690178,1
peru21_2023-01-22_20,36,none,,adaptive_mean,docling_easyocr,deepseek,8,0,0,0,8,0.0,0.0,0.0,0,,,,,30.656388076,1
peru21_2023-01-22_20,36,none,,adaptive_mean,docling_rapidocr,deepseek,8,0,0,0,8,0.0,0.0,0.0,0,,,,,7.340641531,1
peru21_2023-01-22_20,36,none,,basic,docling_easyocr,deepseek,8,0,0,0,8,0.0,0.0,0.0,0,,,,,32.539846069,1
peru21_2023-01-22_20,36,none,,basic,docling_rapidocr,deepseek,8,0,0,0,8,0.0,0.0,0.0,0,,,,,8.459564573,1
peru21_2023-01-22_20,36,none,,niblack,docling_easyocr,deepseek,8,0,0,0,8,0.0,0.0,0.0,0,,,,,30.595699642,1
peru21_2023-01-22_20,36,none,,niblack,docling_rapidocr,deepseek,8,0,0,0,8,0.0,0.0,0.0,0,,,,,7.237192247,1
peru21_2023-01-22_20,36,none,,none_color,docling_easyocr,deepseek,8,0,0,0,8,0.0,0.0,0.0,0,,,,,31.484538442,1
peru21_2023-01-22_20,36,none,,none_color,docling_rapidocr,deepseek,8,6,0,6,8,0.0,0.0,0.0,0,,,,,11.277470714,0
peru21_2023-01-22_20,36,none,,none_grayscale,docling_easyocr,deepseek,8,0,0,0,8,0.0,0.0,0.0,0,,,,,33.05399192,1
peru21_2023-01-22_20,36,none,,none_grayscale,docling_rapidocr,deepseek,8,2,0,2,8,0.0,0.0,0.0,2,0.7788461538461539,0.8125,0.8457440293937538,0.9412280701754385,11.242639906,0
peru21_2023-01-22_20,36,none,,otsu,docling_easyocr,deepseek,8,0,0,0,8,0.0,0.0,0.0,0,,,,,32.072751482,1
peru21_2023-01-22_20,36,none,,otsu,docling_rapidocr,deepseek,8,0,0,0,8,0.0,0.0,0.0,0,,,,,8.588908632,1
peru21_2023-01-22_20,36,none,,yannihorne,docling_easyocr,deepseek,8,0,0,0,8,0.0,0.0,0.0,0,,,,,29.970091302,1
peru21_2023-01-22_20,36,none,,yannihorne,docling_rapidocr,deepseek,8,0,0,0,8,0.0,0.0,0.0,0,,,,,7.484313448,1
peru21_2023-01-22_20,37,none,,adaptive_gaussian,docling_easyocr,deepseek,8,0,0,0,8,0.0,0.0,0.0,0,,,,,29.541289911,1
peru21_2023-01-22_20,37,none,,adaptive_gaussian,docling_rapidocr,deepseek,8,0,0,0,8,0.0,0.0,0.0,0,,,,,7.313135728,1
peru21_2023-01-22_20,37,none,,adaptive_mean,docling_easyocr,deepseek,8,0,0,0,8,0.0,0.0,0.0,0,,,,,30.821535692,1
peru21_2023-01-22_20,37,none,,adaptive_mean,docling_rapidocr,deepseek,8,0,0,0,8,0.0,0.0,0.0,0,,,,,7.504164323,1
peru21_2023-01-22_20,37,none,,basic,docling_easyocr,deepseek,8,0,0,0,8,0.0,0.0,0.0,0,,,,,36.336248119,1
peru21_2023-01-22_20,37,none,,basic,docling_rapidocr,deepseek,8,0,0,0,8,0.0,0.0,0.0,0,,,,,11.259951074,1
peru21_2023-01-22_20,37,none,,niblack,docling_easyocr,deepseek,8,0,0,0,8,0.0,0.0,0.0,0,,,,,30.811274383,1
peru21_2023-01-22_20,37,none,,niblack,docling_rapidocr,deepseek,8,0,0,0,8,0.0,0.0,0.0,0,,,,,7.162959192,1
peru21_2023-01-22_20,37,none,,none_color,docling_easyocr,deepseek,8,0,0,0,8,0.0,0.0,0.0,0,,,,,33.151450832,1
peru21_2023-01-22_20,37,none,,none_color,docling_rapidocr,deepseek,8,0,0,0,8,0.0,0.0,0.0,0,,,,,12.075406749,1
peru21_2023-01-22_20,37,none,,none_grayscale,docling_easyocr,deepseek,8,0,0,0,8,0.0,0.0,0.0,0,,,,,34.642989118,1
peru21_2023-01-22_20,37,none,,none_grayscale,docling_rapidocr,deepseek,8,0,0,0,8,0.0,0.0,0.0,0,,,,,11.885678012,1
peru21_2023-01-22_20,37,none,,otsu,docling_easyocr,deepseek,8,0,0,0,8,0.0,0.0,0.0,0,,,,,44.466680082,1
peru21_2023-01-22_20,37,none,,otsu,docling_rapidocr,deepseek,8,0,0,0,8,0.0,0.0,0.0,0,,,,,11.954152855,1
peru21_2023-01-22_20,38,none,,adaptive_gaussian,docling_easyocr,deepseek,8,0,0,0,8,0.0,0.0,0.0,0,,,,,29.561753378,1
peru21_2023-01-22_20,38,none,,adaptive_gaussian,docling_rapidocr,deepseek,8,0,0,0,8,0.0,0.0,0.0,0,,,,,7.305504665,1
peru21_2023-01-22_20,38,none,,adaptive_mean,docling_easyocr,deepseek,8,0,0,0,8,0.0,0.0,0.0,0,,,,,29.302442655,1
peru21_2023-01-22_20,38,none,,adaptive_mean,docling_rapidocr,deepseek,8,1,1,0,7,1.0,0.125,0.222222,1,0.9090909090909091,1.0,0.0,0.0,7.657158956,0
peru21_2023-01-22_20,38,none,,basic,docling_easyocr,deepseek,8,0,0,0,8,0.0,0.0,0.0,0,,,,,31.93692704,1
peru21_2023-01-22_20,38,none,,basic,docling_rapidocr,deepseek,8,0,0,0,8,0.0,0.0,0.0,0,,,,,7.811017234,1
peru21_2023-01-22_20,38,none,,niblack,docling_easyocr,deepseek,8,0,0,0,8,0.0,0.0,0.0,0,,,,,30.631445573,1
peru21_2023-01-22_20,38,none,,niblack,docling_rapidocr,deepseek,8,0,0,0,8,0.0,0.0,0.0,0,,,,,7.189145492,1
peru21_2023-01-22_20,38,none,,none_color,docling_easyocr,deepseek,8,0,0,0,8,0.0,0.0,0.0,0,,,,,33.134334524,1
peru21_2023-01-22_20,38,none,,none_color,docling_rapidocr,deepseek,8,1,0,1,8,0.0,0.0,0.0,1,1.0,1.0,0.7043478260869566,1.1,11.625365932,0
peru21_2023-01-22_20,38,none,,none_grayscale,docling_easyocr,deepseek,8,0,0,0,8,0.0,0.0,0.0,0,,,,,33.18854161,1
peru21_2023-01-22_20,38,none,,none_grayscale,docling_rapidocr,deepseek,8,1,0,1,8,0.0,0.0,0.0,1,1.0,1.0,0.7043478260869566,1.1,11.829424818,0
peru21_2023-01-22_20,38,none,,otsu,docling_easyocr,deepseek,8,0,0,0,8,0.0,0.0,0.0,0,,,,,31.566585739,1
peru21_2023-01-22_20,38,none,,otsu,docling_rapidocr,deepseek,8,0,0,0,8,0.0,0.0,0.0,0,,,,,7.968852003,1
peru21_2023-01-22_20,38,none,,yannihorne,docling_easyocr,deepseek,8,0,0,0,8,0.0,0.0,0.0,0,,,,,30.051082094,1
peru21_2023-01-22_20,38,none,,yannihorne,docling_rapidocr,deepseek,8,0,0,0,8,0.0,0.0,0.0,0,,,,,7.125449379,1
peru21_2023-01-22_20,39,none,,adaptive_gaussian,docling_easyocr,deepseek,8,0,0,0,8,0.0,0.0,0.0,0,,,,,36.569616039,1
peru21_2023-01-22_20,39,none,,adaptive_gaussian,docling_rapidocr,deepseek,8,0,0,0,8,0.0,0.0,0.0,0,,,,,14.022543628,1
peru21_2023-01-22_20,39,none,,adaptive_mean,docling_easyocr,deepseek,8,0,0,0,8,0.0,0.0,0.0,0,,,,,37.410140951,1
peru21_2023-01-22_20,39,none,,adaptive_mean,docling_rapidocr,deepseek,8,0,0,0,8,0.0,0.0,0.0,0,,,,,14.0707707,1
peru21_2023-01-22_20,39,none,,basic,docling_easyocr,deepseek,8,0,0,0,8,0.0,0.0,0.0,0,,,,,43.362144285,1
peru21_2023-01-22_20,39,none,,basic,docling_rapidocr,deepseek,8,11,2,9,6,0.181818,0.25,0.210526,7,0.5297245720891041,0.799969474969475,0.5762277386470694,0.7497469433117377,17.506856018,0
peru21_2023-01-22_20,39,none,,niblack,docling_easyocr,deepseek,8,0,0,0,8,0.0,0.0,0.0,0,,,,,35.682707092,1
peru21_2023-01-22_20,39,none,,niblack,docling_rapidocr,deepseek,8,0,0,0,8,0.0,0.0,0.0,0,,,,,14.072382709,1
peru21_2023-01-22_20,39,none,,none_color,docling_easyocr,deepseek,8,0,0,0,8,0.0,0.0,0.0,0,,,,,51.326879316,1
peru21_2023-01-22_20,39,none,,none_color,docling_rapidocr,deepseek,8,0,0,0,8,0.0,0.0,0.0,0,,,,,17.737543159,1
peru21_2023-01-22_20,39,none,,none_grayscale,docling_easyocr,deepseek,8,0,0,0,8,0.0,0.0,0.0,0,,,,,51.575727993,1
peru21_2023-01-22_20,39,none,,none_grayscale,docling_rapidocr,deepseek,8,0,0,0,8,0.0,0.0,0.0,0,,,,,17.879934126,1
peru21_2023-01-22_20,39,none,,otsu,docling_easyocr,deepseek,8,0,0,0,8,0.0,0.0,0.0,0,,,,,50.192088014,1
peru21_2023-01-22_20,39,none,,otsu,docling_rapidocr,deepseek,8,0,0,0,8,0.0,0.0,0.0,0,,,,,18.676340467,1
peru21_2023-01-22_20,39,none,,yannihorne,docling_easyocr,deepseek,8,0,0,0,8,0.0,0.0,0.0,0,,,,,35.044873363,1
peru21_2023-01-22_20,39,none,,yannihorne,docling_rapidocr,deepseek,8,0,0,0,8,0.0,0.0,0.0,0,,,,,14.096000558,1
peru21_2023-01-22_20,40,none,,adaptive_gaussian,docling_easyocr,deepseek,8,0,0,0,8,0.0,0.0,0.0,0,,,,,37.550276582,1
peru21_2023-01-22_20,40,none,,adaptive_gaussian,docling_rapidocr,deepseek,8,0,0,0,8,0.0,0.0,0.0,0,,,,,14.453184907,1
peru21_2023-01-22_20,40,none,,adaptive_mean,docling_easyocr,deepseek,8,0,0,0,8,0.0,0.0,0.0,0,,,,,37.316054097,1
peru21_2023-01-22_20,40,none,,adaptive_mean,docling_rapidocr,deepseek,8,0,0,0,8,0.0,0.0,0.0,0,,,,,14.73420786,1
peru21_2023-01-22_20,40,none,,basic,docling_easyocr,deepseek,8,0,0,0,8,0.0,0.0,0.0,0,,,,,49.669133986,1
peru21_2023-01-22_20,40,none,,basic,docling_rapidocr,deepseek,8,0,0,0,8,0.0,0.0,0.0,0,,,,,19.164919223,1
peru21_2023-01-22_20,40,none,,niblack,docling_easyocr,deepseek,8,0,0,0,8,0.0,0.0,0.0,0,,,,,36.92414885,1
peru21_2023-01-22_20,40,none,,niblack,docling_rapidocr,deepseek,8,0,0,0,8,0.0,0.0,0.0,0,,,,,14.527280145,1
peru21_2023-01-22_20,40,none,,none_color,docling_easyocr,deepseek,8,4,0,4,8,0.0,0.0,0.0,4,1.864155982905983,1.6127136752136753,0.7916184033591604,0.9791170516789711,49.028315391,0
peru21_2023-01-22_20,40,none,,none_color,docling_rapidocr,deepseek,8,1,1,0,7,1.0,0.125,0.222222,1,4.166666666666667,5.0,0.06956521739130435,0.4,19.309263076,0
peru21_2023-01-22_20,40,none,,none_grayscale,docling_easyocr,deepseek,8,2,0,2,8,0.0,0.0,0.0,2,1.9166666666666667,2.0,0.795344751866491,1.0,49.019942845,0
peru21_2023-01-22_20,40,none,,none_grayscale,docling_rapidocr,deepseek,8,1,1,0,7,1.0,0.125,0.222222,1,4.166666666666667,5.0,0.06086956521739131,0.35,19.069098557,0
peru21_2023-01-22_20,40,none,,otsu,docling_easyocr,deepseek,8,0,0,0,8,0.0,0.0,0.0,0,,,,,48.992604651,1
peru21_2023-01-22_20,40,none,,otsu,docling_rapidocr,deepseek,8,1,0,1,8,0.0,0.0,0.0,1,0.9555555555555556,1.0,0.9658119658119658,1.1794871794871795,19.181137719,0
peru21_2023-01-22_20,41,none,,adaptive_gaussian,docling_easyocr,deepseek,8,0,0,0,8,0.0,0.0,0.0,0,,,,,37.907558021,1
peru21_2023-01-22_20,41,none,,adaptive_gaussian,docling_rapidocr,deepseek,8,0,0,0,8,0.0,0.0,0.0,0,,,,,14.337989387,1
peru21_2023-01-22_20,41,none,,adaptive_mean,docling_easyocr,deepseek,8,0,0,0,8,0.0,0.0,0.0,0,,,,,37.342623528,1
peru21_2023-01-22_20,41,none,,adaptive_mean,docling_rapidocr,deepseek,8,0,0,0,8,0.0,0.0,0.0,0,,,,,14.073005017,1
peru21_2023-01-22_20,41,none,,basic,docling_easyocr,deepseek,8,0,0,0,8,0.0,0.0,0.0,0,,,,,39.879300744,1
peru21_2023-01-22_20,41,none,,basic,docling_rapidocr,deepseek,8,6,0,6,8,0.0,0.0,0.0,5,3.5026262626262623,3.3,0.6487797920678355,0.9120814479638009,15.11932388,0
peru21_2023-01-22_20,41,none,,niblack,docling_easyocr,deepseek,8,0,0,0,8,0.0,0.0,0.0,0,,,,,36.117729066,1
peru21_2023-01-22_20,41,none,,niblack,docling_rapidocr,deepseek,8,0,0,0,8,0.0,0.0,0.0,0,,,,,14.282770036,1
peru21_2023-01-22_20,41,none,,none_color,docling_easyocr,deepseek,8,1,0,1,8,0.0,0.0,0.0,1,0.8333333333333334,1.0,0.8540229885057471,1.0,50.32694307,0
peru21_2023-01-22_20,41,none,,none_color,docling_rapidocr,deepseek,8,0,0,0,8,0.0,0.0,0.0,0,,,,,18.273826034,1
peru21_2023-01-22_20,41,none,,none_grayscale,docling_easyocr,deepseek,8,1,0,1,8,0.0,0.0,0.0,1,0.8333333333333334,1.0,0.8540229885057471,1.0,50.02353254,0
peru21_2023-01-22_20,41,none,,none_grayscale,docling_rapidocr,deepseek,8,0,0,0,8,0.0,0.0,0.0,0,,,,,18.309269101,1
peru21_2023-01-22_20,41,none,,otsu,docling_easyocr,deepseek,8,1,1,0,7,1.0,0.125,0.222222,1,0.9090909090909091,1.0,1.0,1.0,48.160363585,0
peru21_2023-01-22_20,41,none,,otsu,docling_rapidocr,deepseek,8,1,0,1,8,0.0,0.0,0.0,1,0.7555555555555555,1.0,0.782051282051282,0.9230769230769231,17.762608678,0
peru21_2023-01-22_20,41,none,,yannihorne,docling_easyocr,deepseek,8,0,0,0,8,0.0,0.0,0.0,0,,,,,36.739848763,1
peru21_2023-01-22_20,41,none,,yannihorne,docling_rapidocr,deepseek,8,0,0,0,8,0.0,0.0,0.0,0,,,,,14.179518373,1
peru21_2023-01-22_20,42,none,,adaptive_gaussian,docling_easyocr,deepseek,8,0,0,0,8,0.0,0.0,0.0,0,,,,,32.217612964,1
peru21_2023-01-22_20,42,none,,adaptive_gaussian,docling_rapidocr,deepseek,8,0,0,0,8,0.0,0.0,0.0,0,,,,,8.080578309,1
peru21_2023-01-22_20,42,none,,adaptive_mean,docling_easyocr,deepseek,8,0,0,0,8,0.0,0.0,0.0,0,,,,,31.706881267,1
peru21_2023-01-22_20,42,none,,adaptive_mean,docling_rapidocr,deepseek,8,0,0,0,8,0.0,0.0,0.0,0,,,,,8.368188601,1
peru21_2023-01-22_20,42,none,,basic,docling_easyocr,deepseek,8,0,0,0,8,0.0,0.0,0.0,0,,,,,43.29316266,1
peru21_2023-01-22_20,42,none,,basic,docling_rapidocr,deepseek,8,9,0,9,8,0.0,0.0,0.0,7,4.6027695074493105,2.3215506715506717,0.8855479360294968,0.9979591836734694,11.523486928,0
peru21_2023-01-22_20,42,none,,niblack,docling_easyocr,deepseek,8,0,0,0,8,0.0,0.0,0.0,0,,,,,30.134595199,1
peru21_2023-01-22_20,42,none,,niblack,docling_rapidocr,deepseek,8,0,0,0,8,0.0,0.0,0.0,0,,,,,7.366040511,1
peru21_2023-01-22_20,42,none,,none_color,docling_easyocr,deepseek,8,2,0,2,8,0.0,0.0,0.0,2,1.2555555555555555,1.4444444444444444,0.8717948717948718,0.9871794871794872,42.478056268,0
peru21_2023-01-22_20,42,none,,none_color,docling_rapidocr,deepseek,8,1,0,1,8,0.0,0.0,0.0,1,0.11538461538461539,0.75,0.7408450704225352,0.9473684210526315,12.078276948,0
peru21_2023-01-22_20,42,none,,none_grayscale,docling_easyocr,deepseek,8,0,0,0,8,0.0,0.0,0.0,0,,,,,42.604997472,1
peru21_2023-01-22_20,42,none,,none_grayscale,docling_rapidocr,deepseek,8,0,0,0,8,0.0,0.0,0.0,0,,,,,12.144600705,1
peru21_2023-01-22_20,42,none,,otsu,docling_easyocr,deepseek,8,0,0,0,8,0.0,0.0,0.0,0,,,,,43.254341035,1
peru21_2023-01-22_20,42,none,,otsu,docling_rapidocr,deepseek,8,1,0,1,8,0.0,0.0,0.0,1,1.3333333333333333,1.0,0.8695652173913043,1.0,10.921611457,0
peru21_2023-01-22_20,43,none,,adaptive_gaussian,docling_easyocr,deepseek,8,0,0,0,8,0.0,0.0,0.0,0,,,,,30.693769582,1
peru21_2023-01-22_20,43,none,,adaptive_gaussian,docling_rapidocr,deepseek,8,0,0,0,8,0.0,0.0,0.0,0,,,,,7.252061971,1
peru21_2023-01-22_20,43,none,,adaptive_mean,docling_easyocr,deepseek,8,0,0,0,8,0.0,0.0,0.0,0,,,,,29.449317105,1
peru21_2023-01-22_20,43,none,,adaptive_mean,docling_rapidocr,deepseek,8,0,0,0,8,0.0,0.0,0.0,0,,,,,7.373893149,1
peru21_2023-01-22_20,43,none,,basic,docling_easyocr,deepseek,8,0,0,0,8,0.0,0.0,0.0,0,,,,,43.283166152,1
peru21_2023-01-22_20,43,none,,basic,docling_rapidocr,deepseek,8,1,1,0,7,1.0,0.125,0.222222,1,1.4545454545454546,1.25,0.0,0.0,10.848364097,0
peru21_2023-01-22_20,43,none,,niblack,docling_easyocr,deepseek,8,0,0,0,8,0.0,0.0,0.0,0,,,,,28.544542573,1
peru21_2023-01-22_20,43,none,,niblack,docling_rapidocr,deepseek,8,0,0,0,8,0.0,0.0,0.0,0,,,,,7.288515828,1
peru21_2023-01-22_20,43,none,,none_color,docling_easyocr,deepseek,8,1,1,0,7,1.0,0.125,0.222222,1,1.0909090909090908,1.0,0.0,0.0,42.890353185,0
peru21_2023-01-22_20,43,none,,none_color,docling_rapidocr,deepseek,8,1,1,0,7,1.0,0.125,0.222222,1,1.4545454545454546,1.25,0.0,0.0,11.959637147,0
peru21_2023-01-22_20,43,none,,none_grayscale,docling_easyocr,deepseek,8,1,1,0,7,1.0,0.125,0.222222,1,1.0909090909090908,1.0,0.0,0.0,41.363139134,0
peru21_2023-01-22_20,43,none,,none_grayscale,docling_rapidocr,deepseek,8,3,0,3,8,0.0,0.0,0.0,3,0.8137064404305784,0.9743589743589745,0.7808127675601497,0.9675177763413058,11.861254197,0
peru21_2023-01-22_20,43,none,,otsu,docling_easyocr,deepseek,8,0,0,0,8,0.0,0.0,0.0,0,,,,,42.676901395,1
peru21_2023-01-22_20,43,none,,otsu,docling_rapidocr,deepseek,8,0,0,0,8,0.0,0.0,0.0,0,,,,,11.548505361,1
peru21_2023-01-22_20,44,none,,adaptive_gaussian,docling_easyocr,deepseek,8,0,0,0,8,0.0,0.0,0.0,0,,,,,31.998447606,1
peru21_2023-01-22_20,44,none,,adaptive_gaussian,docling_rapidocr,deepseek,8,0,0,0,8,0.0,0.0,0.0,0,,,,,7.835148046,1
peru21_2023-01-22_20,44,none,,adaptive_mean,docling_easyocr,deepseek,8,0,0,0,8,0.0,0.0,0.0,0,,,,,30.711174676,1
peru21_2023-01-22_20,44,none,,adaptive_mean,docling_rapidocr,deepseek,8,0,0,0,8,0.0,0.0,0.0,0,,,,,7.265079686,1
peru21_2023-01-22_20,44,none,,basic,docling_easyocr,deepseek,8,0,0,0,8,0.0,0.0,0.0,0,,,,,141.457665725,1
peru21_2023-01-22_20,44,none,,basic,docling_rapidocr,deepseek,8,0,0,0,8,0.0,0.0,0.0,0,,,,,91.529162927,1
peru21_2023-01-22_20,44,none,,niblack,docling_easyocr,deepseek,8,0,0,0,8,0.0,0.0,0.0,0,,,,,28.480671655,1
peru21_2023-01-22_20,44,none,,niblack,docling_rapidocr,deepseek,8,0,0,0,8,0.0,0.0,0.0,0,,,,,7.307471524,1
peru21_2023-01-22_20,44,none,,none_color,docling_easyocr,deepseek,8,0,0,0,8,0.0,0.0,0.0,0,,,,,45.487335963,1
peru21_2023-01-22_20,44,none,,none_color,docling_rapidocr,deepseek,8,1,0,1,8,0.0,0.0,0.0,1,18.333333333333332,21.0,0.16521739130434782,0.65,12.058775945,0
peru21_2023-01-22_20,44,none,,none_grayscale,docling_easyocr,deepseek,8,0,0,0,8,0.0,0.0,0.0,0,,,,,43.80347733,1
peru21_2023-01-22_20,44,none,,none_grayscale,docling_rapidocr,deepseek,8,1,0,1,8,0.0,0.0,0.0,1,18.333333333333332,21.0,0.16521739130434782,0.65,11.432077212,0
peru21_2023-01-22_20,44,none,,otsu,docling_easyocr,deepseek,8,0,0,0,8,0.0,0.0,0.0,0,,,,,41.815210624,1
peru21_2023-01-22_20,44,none,,otsu,docling_rapidocr,deepseek,8,1,0,1,8,0.0,0.0,0.0,1,0.7931034482758621,1.0,0.7225130890052356,0.9285714285714286,11.093992276,0
peru21_2023-01-22_20,45,none,,adaptive_gaussian,docling_easyocr,deepseek,8,0,0,0,8,0.0,0.0,0.0,0,,,,,30.575529481,1
peru21_2023-01-22_20,45,none,,adaptive_gaussian,docling_rapidocr,deepseek,8,0,0,0,8,0.0,0.0,0.0,0,,,,,7.400431777,1
peru21_2023-01-22_20,45,none,,adaptive_mean,docling_easyocr,deepseek,8,0,0,0,8,0.0,0.0,0.0,0,,,,,29.291877652,1
peru21_2023-01-22_20,45,none,,adaptive_mean,docling_rapidocr,deepseek,8,0,0,0,8,0.0,0.0,0.0,0,,,,,7.493244554,1
peru21_2023-01-22_20,45,none,,basic,docling_easyocr,deepseek,8,0,0,0,8,0.0,0.0,0.0,0,,,,,29.069299697,1
peru21_2023-01-22_20,45,none,,basic,docling_rapidocr,deepseek,8,0,0,0,8,0.0,0.0,0.0,0,,,,,7.306970595,1
peru21_2023-01-22_20,45,none,,niblack,docling_easyocr,deepseek,8,0,0,0,8,0.0,0.0,0.0,0,,,,,30.644603385,1
peru21_2023-01-22_20,45,none,,otsu,docling_easyocr,deepseek,8,0,0,0,8,0.0,0.0,0.0,0,,,,,29.822868108,1
peru21_2023-01-22_20,45,none,,otsu,docling_rapidocr,deepseek,8,0,0,0,8,0.0,0.0,0.0,0,,,,,7.372207641,1
peru21_2023-01-22_20,45,none,,yannihorne,docling_easyocr,deepseek,8,0,0,0,8,0.0,0.0,0.0,0,,,,,28.687483787,1
peru21_2023-01-22_20,45,none,,yannihorne,docling_rapidocr,deepseek,8,0,0,0,8,0.0,0.0,0.0,0,,,,,7.846985101,1
peru21_2023-01-22_20,46,none,,adaptive_gaussian,docling_easyocr,deepseek,8,0,0,0,8,0.0,0.0,0.0,0,,,,,30.734776475,1
peru21_2023-01-22_20,46,none,,adaptive_gaussian,docling_rapidocr,deepseek,8,0,0,0,8,0.0,0.0,0.0,0,,,,,8.019799449,1
peru21_2023-01-22_20,46,none,,adaptive_mean,docling_easyocr,deepseek,8,0,0,0,8,0.0,0.0,0.0,0,,,,,29.971189477,1
peru21_2023-01-22_20,46,none,,adaptive_mean,docling_rapidocr,deepseek,8,0,0,0,8,0.0,0.0,0.0,0,,,,,7.540123679,1
peru21_2023-01-22_20,46,none,,basic,docling_easyocr,deepseek,8,0,0,0,8,0.0,0.0,0.0,0,,,,,30.030423474,1
peru21_2023-01-22_20,46,none,,basic,docling_rapidocr,deepseek,8,0,0,0,8,0.0,0.0,0.0,0,,,,,7.519898963,1
peru21_2023-01-22_20,46,none,,niblack,docling_easyocr,deepseek,8,0,0,0,8,0.0,0.0,0.0,0,,,,,29.712785687,1
peru21_2023-01-22_20,46,none,,none_color,docling_easyocr,deepseek,8,0,0,0,8,0.0,0.0,0.0,0,,,,,29.892030311,1
peru21_2023-01-22_20,46,none,,none_grayscale,docling_easyocr,deepseek,8,0,0,0,8,0.0,0.0,0.0,0,,,,,29.881465268,1
peru21_2023-01-22_20,46,none,,otsu,docling_easyocr,deepseek,8,0,0,0,8,0.0,0.0,0.0,0,,,,,30.208045077,1
peru21_2023-01-22_20,46,none,,otsu,docling_rapidocr,deepseek,8,0,0,0,8,0.0,0.0,0.0,0,,,,,7.321048093,1
peru21_2023-01-22_20,47,none,,adaptive_gaussian,docling_easyocr,deepseek,8,0,0,0,8,0.0,0.0,0.0,0,,,,,29.37135234,1
peru21_2023-01-22_20,47,none,,adaptive_gaussian,docling_rapidocr,deepseek,8,0,0,0,8,0.0,0.0,0.0,0,,,,,7.810864354,1
peru21_2023-01-22_20,47,none,,adaptive_mean,docling_easyocr,deepseek,8,0,0,0,8,0.0,0.0,0.0,0,,,,,29.302474643,1
peru21_2023-01-22_20,47,none,,adaptive_mean,docling_rapidocr,deepseek,8,0,0,0,8,0.0,0.0,0.0,0,,,,,7.782891417,1
peru21_2023-01-22_20,47,none,,basic,docling_easyocr,deepseek,8,0,0,0,8,0.0,0.0,0.0,0,,,,,30.171181916,1
peru21_2023-01-22_20,47,none,,basic,docling_rapidocr,deepseek,8,0,0,0,8,0.0,0.0,0.0,0,,,,,8.044306039,1
peru21_2023-01-22_20,47,none,,niblack,docling_easyocr,deepseek,8,0,0,0,8,0.0,0.0,0.0,0,,,,,29.990705695,1
peru21_2023-01-22_20,47,none,,otsu,docling_easyocr,deepseek,8,0,0,0,8,0.0,0.0,0.0,0,,,,,28.740968465,1
peru21_2023-01-22_20,47,none,,otsu,docling_rapidocr,deepseek,8,0,0,0,8,0.0,0.0,0.0,0,,,,,7.399438619,1
peru21_2023-01-22_20,47,none,,yannihorne,docling_easyocr,deepseek,8,0,0,0,8,0.0,0.0,0.0,0,,,,,29.899966001,1
peru21_2023-01-22_20,47,none,,yannihorne,docling_rapidocr,deepseek,8,0,0,0,8,0.0,0.0,0.0,0,,,,,7.778659104,1
peru21_2023-01-22_20,48,none,,adaptive_gaussian,docling_easyocr,deepseek,8,0,0,0,8,0.0,0.0,0.0,0,,,,,48.970107361,1
peru21_2023-01-22_20,48,none,,adaptive_gaussian,docling_rapidocr,deepseek,8,0,0,0,8,0.0,0.0,0.0,0,,,,,25.518931194,1
peru21_2023-01-22_20,48,none,,adaptive_mean,docling_easyocr,deepseek,8,0,0,0,8,0.0,0.0,0.0,0,,,,,48.820161148,1
peru21_2023-01-22_20,48,none,,adaptive_mean,docling_rapidocr,deepseek,8,0,0,0,8,0.0,0.0,0.0,0,,,,,25.80931501,1
peru21_2023-01-22_20,48,none,,basic,docling_easyocr,deepseek,8,0,0,0,8,0.0,0.0,0.0,0,,,,,51.720597881,1
peru21_2023-01-22_20,48,none,,basic,docling_rapidocr,deepseek,8,0,0,0,8,0.0,0.0,0.0,0,,,,,26.318023342,1
peru21_2023-01-22_20,48,none,,niblack,docling_easyocr,deepseek,8,0,0,0,8,0.0,0.0,0.0,0,,,,,48.43025473,1
peru21_2023-01-22_20,48,none,,niblack,docling_rapidocr,deepseek,8,0,0,0,8,0.0,0.0,0.0,0,,,,,25.379795345,1
peru21_2023-01-22_20,48,none,,none_color,docling_easyocr,deepseek,8,0,0,0,8,0.0,0.0,0.0,0,,,,,50.298470634,1
peru21_2023-01-22_20,48,none,,none_color,docling_rapidocr,deepseek,8,7,1,6,7,0.142857,0.125,0.133333,5,0.6196148296148296,1.0596153846153846,0.7578922356603388,0.79,29.927077431,0
peru21_2023-01-22_20,48,none,,none_grayscale,docling_easyocr,deepseek,8,0,0,0,8,0.0,0.0,0.0,0,,,,,50.530252594,1
peru21_2023-01-22_20,48,none,,none_grayscale,docling_rapidocr,deepseek,8,7,1,6,7,0.142857,0.125,0.133333,5,0.6196148296148296,1.0596153846153846,0.7578922356603388,0.79,29.36714949,0
peru21_2023-01-22_20,48,none,,otsu,docling_easyocr,deepseek,8,0,0,0,8,0.0,0.0,0.0,0,,,,,51.91475715,1
peru21_2023-01-22_20,48,none,,otsu,docling_rapidocr,deepseek,8,0,0,0,8,0.0,0.0,0.0,0,,,,,25.901275057,1
peru21_2023-01-22_20,48,none,,yannihorne,docling_easyocr,deepseek,8,0,0,0,8,0.0,0.0,0.0,0,,,,,46.822760242,1
peru21_2023-01-22_20,48,none,,yannihorne,docling_rapidocr,deepseek,8,0,0,0,8,0.0,0.0,0.0,0,,,,,25.821582931,1
peru21_2023-01-22_20,49,none,,adaptive_gaussian,docling_easyocr,deepseek,8,0,0,0,8,0.0,0.0,0.0,0,,,,,47.879706684,1
peru21_2023-01-22_20,49,none,,adaptive_gaussian,docling_rapidocr,deepseek,8,0,0,0,8,0.0,0.0,0.0,0,,,,,24.645883385,1
peru21_2023-01-22_20,49,none,,adaptive_mean,docling_easyocr,deepseek,8,0,0,0,8,0.0,0.0,0.0,0,,,,,46.614760223,1
peru21_2023-01-22_20,49,none,,adaptive_mean,docling_rapidocr,deepseek,8,0,0,0,8,0.0,0.0,0.0,0,,,,,24.588598314,1
peru21_2023-01-22_20,49,none,,basic,docling_easyocr,deepseek,8,0,0,0,8,0.0,0.0,0.0,0,,,,,52.97336141,1
peru21_2023-01-22_20,49,none,,basic,docling_rapidocr,deepseek,8,0,0,0,8,0.0,0.0,0.0,0,,,,,25.927162803,1
peru21_2023-01-22_20,49,none,,niblack,docling_easyocr,deepseek,8,0,0,0,8,0.0,0.0,0.0,0,,,,,47.835712484,1
peru21_2023-01-22_20,49,none,,niblack,docling_rapidocr,deepseek,8,0,0,0,8,0.0,0.0,0.0,0,,,,,24.596437744,1
peru21_2023-01-22_20,49,none,,none_color,docling_easyocr,deepseek,8,0,0,0,8,0.0,0.0,0.0,0,,,,,49.061516918,1
peru21_2023-01-22_20,49,none,,none_color,docling_rapidocr,deepseek,8,0,0,0,8,0.0,0.0,0.0,0,,,,,29.064773954,1
peru21_2023-01-22_20,49,none,,none_grayscale,docling_easyocr,deepseek,8,0,0,0,8,0.0,0.0,0.0,0,,,,,49.038153566,1
peru21_2023-01-22_20,49,none,,none_grayscale,docling_rapidocr,deepseek,8,0,0,0,8,0.0,0.0,0.0,0,,,,,28.663211025,1
peru21_2023-01-22_20,49,none,,otsu,docling_easyocr,deepseek,8,0,0,0,8,0.0,0.0,0.0,0,,,,,57.735153116,1
peru21_2023-01-22_20,49,none,,otsu,docling_rapidocr,deepseek,8,0,0,0,8,0.0,0.0,0.0,0,,,,,27.300783075,1
peru21_2023-01-22_20,50,none,,adaptive_gaussian,docling_easyocr,deepseek,8,0,0,0,8,0.0,0.0,0.0,0,,,,,46.253361927,1
peru21_2023-01-22_20,50,none,,adaptive_gaussian,docling_rapidocr,deepseek,8,0,0,0,8,0.0,0.0,0.0,0,,,,,23.612194286,1
peru21_2023-01-22_20,50,none,,adaptive_mean,docling_easyocr,deepseek,8,0,0,0,8,0.0,0.0,0.0,0,,,,,47.187654005,1
peru21_2023-01-22_20,50,none,,adaptive_mean,docling_rapidocr,deepseek,8,0,0,0,8,0.0,0.0,0.0,0,,,,,23.909744488,1
peru21_2023-01-22_20,50,none,,basic,docling_easyocr,deepseek,8,0,0,0,8,0.0,0.0,0.0,0,,,,,47.474618276,1
peru21_2023-01-22_20,50,none,,basic,docling_rapidocr,deepseek,8,0,0,0,8,0.0,0.0,0.0,0,,,,,24.002223095,1
peru21_2023-01-22_20,50,none,,niblack,docling_easyocr,deepseek,8,0,0,0,8,0.0,0.0,0.0,0,,,,,45.950332212,1
peru21_2023-01-22_20,50,none,,niblack,docling_rapidocr,deepseek,8,0,0,0,8,0.0,0.0,0.0,0,,,,,23.660143184,1
peru21_2023-01-22_20,50,none,,none_color,docling_easyocr,deepseek,8,0,0,0,8,0.0,0.0,0.0,0,,,,,47.570753654,1
peru21_2023-01-22_20,50,none,,none_color,docling_rapidocr,deepseek,8,0,0,0,8,0.0,0.0,0.0,0,,,,,27.826277813,1
peru21_2023-01-22_20,50,none,,none_grayscale,docling_easyocr,deepseek,8,0,0,0,8,0.0,0.0,0.0,0,,,,,48.580023369,1
peru21_2023-01-22_20,50,none,,none_grayscale,docling_rapidocr,deepseek,8,0,0,0,8,0.0,0.0,0.0,0,,,,,27.782271465,1
peru21_2023-01-22_20,50,none,,otsu,docling_easyocr,deepseek,8,0,0,0,8,0.0,0.0,0.0,0,,,,,49.754082998,1
peru21_2023-01-22_20,50,none,,otsu,docling_rapidocr,deepseek,8,0,0,0,8,0.0,0.0,0.0,0,,,,,23.816508373,1
peru21_2023-01-22_20,51,none,,adaptive_gaussian,docling_easyocr,deepseek,8,0,0,0,8,0.0,0.0,0.0,0,,,,,31.51257065,1
peru21_2023-01-22_20,51,none,,adaptive_gaussian,docling_rapidocr,deepseek,8,0,0,0,8,0.0,0.0,0.0,0,,,,,7.802847416,1
peru21_2023-01-22_20,51,none,,adaptive_mean,docling_easyocr,deepseek,8,0,0,0,8,0.0,0.0,0.0,0,,,,,30.328531534,1
peru21_2023-01-22_20,51,none,,adaptive_mean,docling_rapidocr,deepseek,8,0,0,0,8,0.0,0.0,0.0,0,,,,,7.713537485,1
peru21_2023-01-22_20,51,none,,basic,docling_easyocr,deepseek,8,0,0,0,8,0.0,0.0,0.0,0,,,,,43.595996504,1
peru21_2023-01-22_20,51,none,,basic,docling_rapidocr,deepseek,8,0,0,0,8,0.0,0.0,0.0,0,,,,,11.38092721,1
peru21_2023-01-22_20,51,none,,niblack,docling_easyocr,deepseek,8,0,0,0,8,0.0,0.0,0.0,0,,,,,29.459322305,1
peru21_2023-01-22_20,51,none,,niblack,docling_rapidocr,deepseek,8,0,0,0,8,0.0,0.0,0.0,0,,,,,7.550227495,1
peru21_2023-01-22_20,51,none,,none_color,docling_easyocr,deepseek,8,5,1,4,7,0.2,0.125,0.153846,4,4.3997564935064934,3.8125,0.7282871170948617,0.975,42.515668754,0
peru21_2023-01-22_20,51,none,,none_color,docling_rapidocr,deepseek,8,5,0,5,8,0.0,0.0,0.0,5,1.0594518125552608,1.0,0.7905748854873422,0.9742066705224598,11.44508708,0
peru21_2023-01-22_20,51,none,,none_grayscale,docling_easyocr,deepseek,8,7,1,6,7,0.142857,0.125,0.133333,6,0.7946104821104821,1.0566239316239316,0.8917171141241104,0.9957264957264957,42.74513114,0
peru21_2023-01-22_20,51,none,,none_grayscale,docling_rapidocr,deepseek,8,0,0,0,8,0.0,0.0,0.0,0,,,,,12.185753231,1
peru21_2023-01-22_20,51,none,,otsu,docling_easyocr,deepseek,8,0,0,0,8,0.0,0.0,0.0,0,,,,,42.844084221,1
peru21_2023-01-22_20,51,none,,otsu,docling_rapidocr,deepseek,8,0,0,0,8,0.0,0.0,0.0,0,,,,,11.398189503,1
peru21_2023-01-22_20,52,none,,adaptive_gaussian,docling_easyocr,deepseek,8,0,0,0,8,0.0,0.0,0.0,0,,,,,33.708192529,1
peru21_2023-01-22_20,52,none,,adaptive_gaussian,docling_rapidocr,deepseek,8,0,0,0,8,0.0,0.0,0.0,0,,,,,8.175375404,1
peru21_2023-01-22_20,52,none,,adaptive_mean,docling_easyocr,deepseek,8,0,0,0,8,0.0,0.0,0.0,0,,,,,33.246107282,1
peru21_2023-01-22_20,52,none,,adaptive_mean,docling_rapidocr,deepseek,8,0,0,0,8,0.0,0.0,0.0,0,,,,,7.815716924,1
peru21_2023-01-22_20,52,none,,basic,docling_easyocr,deepseek,8,0,0,0,8,0.0,0.0,0.0,0,,,,,42.431550539,1
peru21_2023-01-22_20,52,none,,basic,docling_rapidocr,deepseek,8,1,0,1,8,0.0,0.0,0.0,1,1.0,1.0,0.782608695652174,1.0,11.457136667,0
peru21_2023-01-22_20,52,none,,niblack,docling_easyocr,deepseek,8,0,0,0,8,0.0,0.0,0.0,0,,,,,29.353534391,1
peru21_2023-01-22_20,52,none,,niblack,docling_rapidocr,deepseek,8,0,0,0,8,0.0,0.0,0.0,0,,,,,7.734908512,1
peru21_2023-01-22_20,52,none,,none_color,docling_easyocr,deepseek,8,3,0,3,8,0.0,0.0,0.0,3,1.2185185185185186,1.3333333333333333,0.9188034188034188,1.0,41.462419784,0
peru21_2023-01-22_20,52,none,,none_color,docling_rapidocr,deepseek,8,1,1,0,7,1.0,0.125,0.222222,1,0.8636363636363636,1.0,0.0,0.0,12.092806852,0
peru21_2023-01-22_20,52,none,,none_grayscale,docling_easyocr,deepseek,8,3,0,3,8,0.0,0.0,0.0,2,2.5833333333333335,2.5,0.8475186649099693,1.0,41.387217319,0
peru21_2023-01-22_20,52,none,,none_grayscale,docling_rapidocr,deepseek,8,3,0,3,8,0.0,0.0,0.0,3,1.325925925925926,1.0,1.4200319809015463,2.135897435897436,12.271188295,0
peru21_2023-01-22_20,52,none,,otsu,docling_easyocr,deepseek,8,3,0,3,8,0.0,0.0,0.0,2,0.8712121212121212,1.0,0.9797979797979798,1.0,40.842517484,0
peru21_2023-01-22_20,52,none,,otsu,docling_rapidocr,deepseek,8,1,0,1,8,0.0,0.0,0.0,1,1.0,1.0,2.121739130434783,2.35,12.060092081,0
peru21_2023-01-22_20,53,none,,adaptive_gaussian,docling_easyocr,deepseek,8,0,0,0,8,0.0,0.0,0.0,0,,,,,31.916108312,1
peru21_2023-01-22_20,53,none,,adaptive_gaussian,docling_rapidocr,deepseek,8,0,0,0,8,0.0,0.0,0.0,0,,,,,7.413322629,1
peru21_2023-01-22_20,53,none,,adaptive_mean,docling_easyocr,deepseek,8,0,0,0,8,0.0,0.0,0.0,0,,,,,31.110488285,1
peru21_2023-01-22_20,53,none,,adaptive_mean,docling_rapidocr,deepseek,8,0,0,0,8,0.0,0.0,0.0,0,,,,,7.949985374,1
peru21_2023-01-22_20,53,none,,basic,docling_easyocr,deepseek,8,0,0,0,8,0.0,0.0,0.0,0,,,,,41.579036748,1
peru21_2023-01-22_20,53,none,,basic,docling_rapidocr,deepseek,8,1,0,1,8,0.0,0.0,0.0,0,,,,,11.926166809,0
peru21_2023-01-22_20,53,none,,niblack,docling_easyocr,deepseek,8,0,0,0,8,0.0,0.0,0.0,0,,,,,29.444204023,1
peru21_2023-01-22_20,53,none,,niblack,docling_rapidocr,deepseek,8,0,0,0,8,0.0,0.0,0.0,0,,,,,7.682754209,1
peru21_2023-01-22_20,53,none,,none_color,docling_easyocr,deepseek,8,3,0,3,8,0.0,0.0,0.0,3,0.8211138478379857,0.9743589743589745,0.7799401672111097,0.9675177763413058,44.635479248,0
peru21_2023-01-22_20,53,none,,none_color,docling_rapidocr,deepseek,8,1,0,1,8,0.0,0.0,0.0,1,4.166666666666667,5.0,0.9304347826086956,0.9,11.561669862,0
peru21_2023-01-22_20,53,none,,none_grayscale,docling_easyocr,deepseek,8,3,0,3,8,0.0,0.0,0.0,3,0.8211138478379857,0.9743589743589745,0.7799401672111097,0.9675177763413058,43.087902343,0
peru21_2023-01-22_20,53,none,,none_grayscale,docling_rapidocr,deepseek,8,1,0,1,8,0.0,0.0,0.0,1,4.166666666666667,5.0,0.9304347826086956,0.9,12.176804578,0
peru21_2023-01-22_20,53,none,,otsu,docling_easyocr,deepseek,8,0,0,0,8,0.0,0.0,0.0,0,,,,,44.2580984,1
peru21_2023-01-22_20,53,none,,otsu,docling_rapidocr,deepseek,8,0,0,0,8,0.0,0.0,0.0,0,,,,,12.243186271,1
peru21_2023-01-26_20,0,none,,adaptive_gaussian,docling_easyocr,deepseek,8,0,0,0,8,0.0,0.0,0.0,0,,,,,32.353870843,1
peru21_2023-01-26_20,0,none,,adaptive_gaussian,docling_rapidocr,deepseek,8,0,0,0,8,0.0,0.0,0.0,0,,,,,7.535804008,1
peru21_2023-01-26_20,0,none,,adaptive_mean,docling_easyocr,deepseek,8,0,0,0,8,0.0,0.0,0.0,0,,,,,30.790947889,1
peru21_2023-01-26_20,0,none,,adaptive_mean,docling_rapidocr,deepseek,8,0,0,0,8,0.0,0.0,0.0,0,,,,,7.687334274,1
peru21_2023-01-26_20,0,none,,basic,docling_easyocr,deepseek,8,0,0,0,8,0.0,0.0,0.0,0,,,,,32.919323751,1
peru21_2023-01-26_20,0,none,,basic,docling_rapidocr,deepseek,8,0,0,0,8,0.0,0.0,0.0,0,,,,,8.764651128,1
peru21_2023-01-26_20,0,none,,niblack,docling_easyocr,deepseek,8,0,0,0,8,0.0,0.0,0.0,0,,,,,29.306255376,1
peru21_2023-01-26_20,0,none,,niblack,docling_rapidocr,deepseek,8,0,0,0,8,0.0,0.0,0.0,0,,,,,7.373369253,1
peru21_2023-01-26_20,0,none,,none_color,docling_easyocr,deepseek,8,0,0,0,8,0.0,0.0,0.0,0,,,,,47.161864111,1
peru21_2023-01-26_20,0,none,,none_color,docling_rapidocr,deepseek,8,1,0,1,8,0.0,0.0,0.0,1,0.045454545454545456,0.25,1.0,1.0,12.749819109,0
peru21_2023-01-26_20,0,none,,none_grayscale,docling_easyocr,deepseek,8,0,0,0,8,0.0,0.0,0.0,0,,,,,45.414034435,1
peru21_2023-01-26_20,0,none,,none_grayscale,docling_rapidocr,deepseek,8,1,0,1,8,0.0,0.0,0.0,1,0.045454545454545456,0.25,1.0,1.0,13.02203972,0
peru21_2023-01-26_20,0,none,,otsu,docling_easyocr,deepseek,8,0,0,0,8,0.0,0.0,0.0,0,,,,,47.183053873,1
peru21_2023-01-26_20,0,none,,otsu,docling_rapidocr,deepseek,8,1,0,1,8,0.0,0.0,0.0,1,0.7959183673469388,1.0,0.7397660818713451,0.953125,12.984352968,0
peru21_2023-01-26_20,1,none,,adaptive_gaussian,docling_easyocr,deepseek,8,0,0,0,8,0.0,0.0,0.0,0,,,,,32.887887764,1
peru21_2023-01-26_20,1,none,,adaptive_gaussian,docling_rapidocr,deepseek,8,0,0,0,8,0.0,0.0,0.0,0,,,,,8.086104917,1
peru21_2023-01-26_20,1,none,,adaptive_mean,docling_easyocr,deepseek,8,0,0,0,8,0.0,0.0,0.0,0,,,,,31.795781898,1
peru21_2023-01-26_20,1,none,,adaptive_mean,docling_rapidocr,deepseek,8,0,0,0,8,0.0,0.0,0.0,0,,,,,7.782100486,1
peru21_2023-01-26_20,1,none,,basic,docling_easyocr,deepseek,8,0,0,0,8,0.0,0.0,0.0,0,,,,,44.237658403,1
peru21_2023-01-26_20,1,none,,basic,docling_rapidocr,deepseek,8,0,0,0,8,0.0,0.0,0.0,0,,,,,12.559804342,1
peru21_2023-01-26_20,1,none,,niblack,docling_easyocr,deepseek,8,0,0,0,8,0.0,0.0,0.0,0,,,,,30.189088453,1
peru21_2023-01-26_20,1,none,,niblack,docling_rapidocr,deepseek,8,0,0,0,8,0.0,0.0,0.0,0,,,,,7.852023948,1
peru21_2023-01-26_20,1,none,,none_color,docling_easyocr,deepseek,8,1,0,1,8,0.0,0.0,0.0,1,0.045454545454545456,0.375,0.9072681704260651,0.953125,45.231364152,0
peru21_2023-01-26_20,1,none,,none_color,docling_rapidocr,deepseek,8,11,1,10,7,0.090909,0.125,0.105263,5,0.03816567030852745,0.2809090909090909,0.9979416554855153,0.8,12.492255113,0
peru21_2023-01-26_20,1,none,,none_grayscale,docling_easyocr,deepseek,8,1,0,1,8,0.0,0.0,0.0,1,0.7857142857142857,1.0,0.7481481481481481,0.9305555555555556,45.18566694,0
peru21_2023-01-26_20,1,none,,none_grayscale,docling_rapidocr,deepseek,8,1,0,1,8,0.0,0.0,0.0,1,0.7857142857142857,1.0,0.7283950617283951,0.8472222222222222,12.864103458,0
peru21_2023-01-26_20,1,none,,otsu,docling_easyocr,deepseek,8,0,0,0,8,0.0,0.0,0.0,0,,,,,46.259644483,1
peru21_2023-01-26_20,1,none,,otsu,docling_rapidocr,deepseek,8,0,0,0,8,0.0,0.0,0.0,0,,,,,12.802442764,1
peru21_2023-01-26_20,2,none,,adaptive_gaussian,docling_easyocr,deepseek,8,0,0,0,8,0.0,0.0,0.0,0,,,,,31.71605811,1
peru21_2023-01-26_20,2,none,,adaptive_gaussian,docling_rapidocr,deepseek,8,0,0,0,8,0.0,0.0,0.0,0,,,,,7.693508719,1
peru21_2023-01-26_20,2,none,,adaptive_mean,docling_easyocr,deepseek,8,0,0,0,8,0.0,0.0,0.0,0,,,,,30.848582362,1
peru21_2023-01-26_20,2,none,,adaptive_mean,docling_rapidocr,deepseek,8,0,0,0,8,0.0,0.0,0.0,0,,,,,7.72928748,1
peru21_2023-01-26_20,2,none,,basic,docling_easyocr,deepseek,8,0,0,0,8,0.0,0.0,0.0,0,,,,,32.837575385,1
peru21_2023-01-26_20,2,none,,basic,docling_rapidocr,deepseek,8,0,0,0,8,0.0,0.0,0.0,0,,,,,8.345106074,1
peru21_2023-01-26_20,2,none,,niblack,docling_easyocr,deepseek,8,0,0,0,8,0.0,0.0,0.0,0,,,,,28.907099164,1
peru21_2023-01-26_20,2,none,,niblack,docling_rapidocr,deepseek,8,0,0,0,8,0.0,0.0,0.0,0,,,,,7.449472582,1
peru21_2023-01-26_20,2,none,,none_color,docling_easyocr,deepseek,8,0,0,0,8,0.0,0.0,0.0,0,,,,,48.348127076,1
peru21_2023-01-26_20,2,none,,none_color,docling_rapidocr,deepseek,8,1,0,1,8,0.0,0.0,0.0,1,0.045454545454545456,0.25,1.0,1.0,12.698696562,0
peru21_2023-01-26_20,2,none,,none_grayscale,docling_easyocr,deepseek,8,0,0,0,8,0.0,0.0,0.0,0,,,,,46.953782746,1
peru21_2023-01-26_20,2,none,,none_grayscale,docling_rapidocr,deepseek,8,1,0,1,8,0.0,0.0,0.0,1,0.045454545454545456,0.25,1.0,1.0,12.186661669,0
peru21_2023-01-26_20,2,none,,otsu,docling_easyocr,deepseek,8,0,0,0,8,0.0,0.0,0.0,0,,,,,38.588917205,1
peru21_2023-01-26_20,2,none,,otsu,docling_rapidocr,deepseek,8,1,0,1,8,0.0,0.0,0.0,1,0.7551020408163265,1.0,1.0,1.1875,10.199478337,0
peru21_2023-01-26_20,3,none,,adaptive_gaussian,docling_easyocr,deepseek,8,0,0,0,8,0.0,0.0,0.0,0,,,,,29.577687834,1
peru21_2023-01-26_20,3,none,,adaptive_gaussian,docling_rapidocr,deepseek,8,0,0,0,8,0.0,0.0,0.0,0,,,,,7.484032963,1
peru21_2023-01-26_20,3,none,,adaptive_mean,docling_easyocr,deepseek,8,0,0,0,8,0.0,0.0,0.0,0,,,,,30.776047251,1
peru21_2023-01-26_20,3,none,,adaptive_mean,docling_rapidocr,deepseek,8,0,0,0,8,0.0,0.0,0.0,0,,,,,7.924988053,1
peru21_2023-01-26_20,3,none,,basic,docling_easyocr,deepseek,8,0,0,0,8,0.0,0.0,0.0,0,,,,,31.503605958,1
peru21_2023-01-26_20,3,none,,basic,docling_rapidocr,deepseek,8,0,0,0,8,0.0,0.0,0.0,0,,,,,8.240208502,1
peru21_2023-01-26_20,3,none,,niblack,docling_easyocr,deepseek,8,0,0,0,8,0.0,0.0,0.0,0,,,,,30.393083417,1
peru21_2023-01-26_20,3,none,,niblack,docling_rapidocr,deepseek,8,0,0,0,8,0.0,0.0,0.0,0,,,,,7.373757445,1
peru21_2023-01-26_20,3,none,,none_color,docling_easyocr,deepseek,8,0,0,0,8,0.0,0.0,0.0,0,,,,,32.43236434,1
peru21_2023-01-26_20,3,none,,none_color,docling_rapidocr,deepseek,8,1,0,1,8,0.0,0.0,0.0,1,1.3333333333333333,2.0,0.38613861386138615,0.8235294117647058,10.117051001,0
peru21_2023-01-26_20,3,none,,none_grayscale,docling_easyocr,deepseek,8,0,0,0,8,0.0,0.0,0.0,0,,,,,32.151001092,1
peru21_2023-01-26_20,3,none,,none_grayscale,docling_rapidocr,deepseek,8,1,0,1,8,0.0,0.0,0.0,1,0.9090909090909091,1.0,1.0,1.0,11.66712081,0
peru21_2023-01-26_20,3,none,,otsu,docling_easyocr,deepseek,8,0,0,0,8,0.0,0.0,0.0,0,,,,,29.348196932,1
peru21_2023-01-26_20,3,none,,otsu,docling_rapidocr,deepseek,8,0,0,0,8,0.0,0.0,0.0,0,,,,,7.637626597,1
peru21_2023-01-26_20,4,none,,adaptive_gaussian,docling_easyocr,deepseek,8,0,0,0,8,0.0,0.0,0.0,0,,,,,30.216989611,1
peru21_2023-01-26_20,4,none,,adaptive_gaussian,docling_rapidocr,deepseek,8,0,0,0,8,0.0,0.0,0.0,0,,,,,7.720989321,1
peru21_2023-01-26_20,4,none,,adaptive_mean,docling_easyocr,deepseek,8,0,0,0,8,0.0,0.0,0.0,0,,,,,29.603360747,1
peru21_2023-01-26_20,4,none,,adaptive_mean,docling_rapidocr,deepseek,8,0,0,0,8,0.0,0.0,0.0,0,,,,,8.025423859,1
peru21_2023-01-26_20,4,none,,basic,docling_easyocr,deepseek,8,0,0,0,8,0.0,0.0,0.0,0,,,,,32.737127968,1
peru21_2023-01-26_20,4,none,,basic,docling_rapidocr,deepseek,8,0,0,0,8,0.0,0.0,0.0,0,,,,,8.461560675,1
peru21_2023-01-26_20,4,none,,niblack,docling_easyocr,deepseek,8,0,0,0,8,0.0,0.0,0.0,0,,,,,29.108816136,1
peru21_2023-01-26_20,4,none,,niblack,docling_rapidocr,deepseek,8,0,0,0,8,0.0,0.0,0.0,0,,,,,7.984850873,1
peru21_2023-01-26_20,4,none,,none_color,docling_easyocr,deepseek,8,0,0,0,8,0.0,0.0,0.0,0,,,,,33.089326331,1
peru21_2023-01-26_20,4,none,,none_color,docling_rapidocr,deepseek,8,0,0,0,8,0.0,0.0,0.0,0,,,,,11.922540137,1
peru21_2023-01-26_20,4,none,,none_grayscale,docling_easyocr,deepseek,8,0,0,0,8,0.0,0.0,0.0,0,,,,,32.576659152,1
peru21_2023-01-26_20,4,none,,none_grayscale,docling_rapidocr,deepseek,8,1,0,1,8,0.0,0.0,0.0,1,5.833333333333333,8.0,0.46534653465346537,0.9411764705882353,12.425380894,0
peru21_2023-01-26_20,4,none,,otsu,docling_easyocr,deepseek,8,0,0,0,8,0.0,0.0,0.0,0,,,,,33.169210456,1
peru21_2023-01-26_20,4,none,,otsu,docling_rapidocr,deepseek,8,0,0,0,8,0.0,0.0,0.0,0,,,,,12.253085873,1
peru21_2023-01-26_20,5,none,,adaptive_gaussian,docling_easyocr,deepseek,8,0,0,0,8,0.0,0.0,0.0,0,,,,,29.498552251,1
peru21_2023-01-26_20,5,none,,adaptive_gaussian,docling_rapidocr,deepseek,8,0,0,0,8,0.0,0.0,0.0,0,,,,,7.35871284,1
peru21_2023-01-26_20,5,none,,adaptive_mean,docling_easyocr,deepseek,8,0,0,0,8,0.0,0.0,0.0,0,,,,,30.388669346,1
peru21_2023-01-26_20,5,none,,adaptive_mean,docling_rapidocr,deepseek,8,0,0,0,8,0.0,0.0,0.0,0,,,,,7.533887242,1
peru21_2023-01-26_20,5,none,,basic,docling_easyocr,deepseek,8,0,0,0,8,0.0,0.0,0.0,0,,,,,30.452493451,1
peru21_2023-01-26_20,5,none,,basic,docling_rapidocr,deepseek,8,0,0,0,8,0.0,0.0,0.0,0,,,,,8.03771188,1
peru21_2023-01-26_20,5,none,,niblack,docling_easyocr,deepseek,8,0,0,0,8,0.0,0.0,0.0,0,,,,,30.530002106,1
peru21_2023-01-26_20,5,none,,niblack,docling_rapidocr,deepseek,8,0,0,0,8,0.0,0.0,0.0,0,,,,,7.717724789,1
peru21_2023-01-26_20,5,none,,none_color,docling_easyocr,deepseek,8,0,0,0,8,0.0,0.0,0.0,0,,,,,31.33651068,1
peru21_2023-01-26_20,5,none,,none_color,docling_rapidocr,deepseek,8,0,0,0,8,0.0,0.0,0.0,0,,,,,8.714731715,1
peru21_2023-01-26_20,5,none,,none_grayscale,docling_easyocr,deepseek,8,0,0,0,8,0.0,0.0,0.0,0,,,,,32.185887597,1
peru21_2023-01-26_20,5,none,,none_grayscale,docling_rapidocr,deepseek,8,0,0,0,8,0.0,0.0,0.0,0,,,,,8.437586806,1
peru21_2023-01-26_20,5,none,,otsu,docling_easyocr,deepseek,8,0,0,0,8,0.0,0.0,0.0,0,,,,,29.637970946,1
peru21_2023-01-26_20,5,none,,otsu,docling_rapidocr,deepseek,8,0,0,0,8,0.0,0.0,0.0,0,,,,,7.340956233,1
peru21_2023-01-26_20,6,none,,adaptive_gaussian,docling_easyocr,deepseek,8,0,0,0,8,0.0,0.0,0.0,0,,,,,29.505996023,1
peru21_2023-01-26_20,6,none,,adaptive_gaussian,docling_rapidocr,deepseek,8,0,0,0,8,0.0,0.0,0.0,0,,,,,7.352951799,1
peru21_2023-01-26_20,6,none,,adaptive_mean,docling_easyocr,deepseek,8,0,0,0,8,0.0,0.0,0.0,0,,,,,29.501159464,1
peru21_2023-01-26_20,6,none,,adaptive_mean,docling_rapidocr,deepseek,8,0,0,0,8,0.0,0.0,0.0,0,,,,,7.948979174,1
peru21_2023-01-26_20,6,none,,basic,docling_easyocr,deepseek,8,0,0,0,8,0.0,0.0,0.0,0,,,,,33.565627464,1
peru21_2023-01-26_20,6,none,,basic,docling_rapidocr,deepseek,8,0,0,0,8,0.0,0.0,0.0,0,,,,,8.423339733,1
peru21_2023-01-26_20,6,none,,niblack,docling_easyocr,deepseek,8,0,0,0,8,0.0,0.0,0.0,0,,,,,30.123254229,1
peru21_2023-01-26_20,6,none,,niblack,docling_rapidocr,deepseek,8,0,0,0,8,0.0,0.0,0.0,0,,,,,7.7565686,1
peru21_2023-01-26_20,6,none,,none_color,docling_easyocr,deepseek,8,0,0,0,8,0.0,0.0,0.0,0,,,,,33.571066746,1
peru21_2023-01-26_20,6,none,,none_color,docling_rapidocr,deepseek,8,1,0,1,8,0.0,0.0,0.0,0,,,,,9.123366007,0
peru21_2023-01-26_20,6,none,,none_grayscale,docling_easyocr,deepseek,8,0,0,0,8,0.0,0.0,0.0,0,,,,,33.539503464,1
peru21_2023-01-26_20,6,none,,none_grayscale,docling_rapidocr,deepseek,8,1,0,1,8,0.0,0.0,0.0,1,1.3888888888888888,2.0,1.0359869138495092,1.5033557046979866,9.642945894,0
peru21_2023-01-26_20,6,none,,otsu,docling_easyocr,deepseek,8,0,0,0,8,0.0,0.0,0.0,0,,,,,31.355592213,1
peru21_2023-01-26_20,6,none,,otsu,docling_rapidocr,deepseek,8,0,0,0,8,0.0,0.0,0.0,0,,,,,7.541617832,1
peru21_2023-01-26_20,7,none,,adaptive_gaussian,docling_easyocr,deepseek,8,0,0,0,8,0.0,0.0,0.0,0,,,,,29.792439091,1
peru21_2023-01-26_20,7,none,,adaptive_gaussian,docling_rapidocr,deepseek,8,0,0,0,8,0.0,0.0,0.0,0,,,,,7.499943602,1
peru21_2023-01-26_20,7,none,,adaptive_mean,docling_easyocr,deepseek,8,0,0,0,8,0.0,0.0,0.0,0,,,,,30.544021713,1
peru21_2023-01-26_20,7,none,,adaptive_mean,docling_rapidocr,deepseek,8,0,0,0,8,0.0,0.0,0.0,0,,,,,7.66306101,1
peru21_2023-01-26_20,7,none,,basic,docling_easyocr,deepseek,8,0,0,0,8,0.0,0.0,0.0,0,,,,,33.690820894,1
peru21_2023-01-26_20,7,none,,basic,docling_rapidocr,deepseek,8,0,0,0,8,0.0,0.0,0.0,0,,,,,8.365532122,1
peru21_2023-01-26_20,7,none,,niblack,docling_easyocr,deepseek,8,0,0,0,8,0.0,0.0,0.0,0,,,,,29.188403536,1
peru21_2023-01-26_20,7,none,,niblack,docling_rapidocr,deepseek,8,0,0,0,8,0.0,0.0,0.0,0,,,,,7.246365953,1
peru21_2023-01-26_20,7,none,,none_color,docling_easyocr,deepseek,8,0,0,0,8,0.0,0.0,0.0,0,,,,,34.36142417,1
peru21_2023-01-26_20,7,none,,none_color,docling_rapidocr,deepseek,8,1,0,1,8,0.0,0.0,0.0,1,5.5,7.0,0.7083333333333334,1.0714285714285714,12.660817823,0
peru21_2023-01-26_20,7,none,,none_grayscale,docling_easyocr,deepseek,8,0,0,0,8,0.0,0.0,0.0,0,,,,,34.156552277,1
peru21_2023-01-26_20,7,none,,none_grayscale,docling_rapidocr,deepseek,8,1,0,1,8,0.0,0.0,0.0,1,0.7727272727272727,1.0,0.9624060150375939,1.0,12.529386482,0
peru21_2023-01-26_20,7,none,,otsu,docling_easyocr,deepseek,8,0,0,0,8,0.0,0.0,0.0,0,,,,,36.999924694,1
peru21_2023-01-26_20,7,none,,otsu,docling_rapidocr,deepseek,8,0,0,0,8,0.0,0.0,0.0,0,,,,,9.39645866,1
peru21_2023-01-26_20,8,none,,adaptive_gaussian,docling_easyocr,deepseek,8,0,0,0,8,0.0,0.0,0.0,0,,,,,29.86176263,1
peru21_2023-01-26_20,8,none,,adaptive_gaussian,docling_rapidocr,deepseek,8,0,0,0,8,0.0,0.0,0.0,0,,,,,7.846879112,1
peru21_2023-01-26_20,8,none,,adaptive_mean,docling_easyocr,deepseek,8,0,0,0,8,0.0,0.0,0.0,0,,,,,29.575055395,1
peru21_2023-01-26_20,8,none,,adaptive_mean,docling_rapidocr,deepseek,8,0,0,0,8,0.0,0.0,0.0,0,,,,,7.798944269,1
peru21_2023-01-26_20,8,none,,basic,docling_easyocr,deepseek,8,0,0,0,8,0.0,0.0,0.0,0,,,,,32.299661121,1
peru21_2023-01-26_20,8,none,,basic,docling_rapidocr,deepseek,8,0,0,0,8,0.0,0.0,0.0,0,,,,,7.904401264,1
peru21_2023-01-26_20,8,none,,niblack,docling_easyocr,deepseek,8,0,0,0,8,0.0,0.0,0.0,0,,,,,30.277005125,1
peru21_2023-01-26_20,8,none,,niblack,docling_rapidocr,deepseek,8,0,0,0,8,0.0,0.0,0.0,0,,,,,7.179093767,1
peru21_2023-01-26_20,8,none,,none_color,docling_easyocr,deepseek,8,0,0,0,8,0.0,0.0,0.0,0,,,,,33.242715797,1
peru21_2023-01-26_20,8,none,,none_color,docling_rapidocr,deepseek,8,0,0,0,8,0.0,0.0,0.0,0,,,,,8.352357111,1
peru21_2023-01-26_20,8,none,,none_grayscale,docling_easyocr,deepseek,8,0,0,0,8,0.0,0.0,0.0,0,,,,,32.375678501,1
peru21_2023-01-26_20,8,none,,none_grayscale,docling_rapidocr,deepseek,8,0,0,0,8,0.0,0.0,0.0,0,,,,,8.725543461,1
peru21_2023-01-26_20,8,none,,otsu,docling_easyocr,deepseek,8,0,0,0,8,0.0,0.0,0.0,0,,,,,30.364828072,1
peru21_2023-01-26_20,8,none,,otsu,docling_rapidocr,deepseek,8,0,0,0,8,0.0,0.0,0.0,0,,,,,7.775197229,1
peru21_2023-01-26_20,9,none,,adaptive_gaussian,docling_easyocr,deepseek,8,0,0,0,8,0.0,0.0,0.0,0,,,,,30.169088875,1
peru21_2023-01-26_20,9,none,,adaptive_gaussian,docling_rapidocr,deepseek,8,0,0,0,8,0.0,0.0,0.0,0,,,,,7.567187344,1
peru21_2023-01-26_20,9,none,,adaptive_mean,docling_easyocr,deepseek,8,0,0,0,8,0.0,0.0,0.0,0,,,,,29.785603796,1
peru21_2023-01-26_20,9,none,,adaptive_mean,docling_rapidocr,deepseek,8,0,0,0,8,0.0,0.0,0.0,0,,,,,7.635283981,1
peru21_2023-01-26_20,9,none,,basic,docling_easyocr,deepseek,8,0,0,0,8,0.0,0.0,0.0,0,,,,,33.426392445,1
peru21_2023-01-26_20,9,none,,basic,docling_rapidocr,deepseek,8,0,0,0,8,0.0,0.0,0.0,0,,,,,8.354876408,1
peru21_2023-01-26_20,9,none,,niblack,docling_easyocr,deepseek,8,0,0,0,8,0.0,0.0,0.0,0,,,,,30.553451633,1
peru21_2023-01-26_20,9,none,,niblack,docling_rapidocr,deepseek,8,0,0,0,8,0.0,0.0,0.0,0,,,,,7.32138691,1
peru21_2023-01-26_20,9,none,,none_color,docling_easyocr,deepseek,8,0,0,0,8,0.0,0.0,0.0,0,,,,,32.556773075,1
peru21_2023-01-26_20,9,none,,none_color,docling_rapidocr,deepseek,8,0,0,0,8,0.0,0.0,0.0,0,,,,,12.668727526,1
peru21_2023-01-26_20,9,none,,none_grayscale,docling_easyocr,deepseek,8,0,0,0,8,0.0,0.0,0.0,0,,,,,33.887471565,1
peru21_2023-01-26_20,9,none,,none_grayscale,docling_rapidocr,deepseek,8,0,0,0,8,0.0,0.0,0.0,0,,,,,11.807468781,1
peru21_2023-01-26_20,9,none,,otsu,docling_easyocr,deepseek,8,0,0,0,8,0.0,0.0,0.0,0,,,,,35.811534128,1
peru21_2023-01-26_20,9,none,,otsu,docling_rapidocr,deepseek,8,0,0,0,8,0.0,0.0,0.0,0,,,,,10.998128853,1
peru21_2023-01-26_20,10,none,,adaptive_gaussian,docling_easyocr,deepseek,8,0,0,0,8,0.0,0.0,0.0,0,,,,,30.205060112,1
peru21_2023-01-26_20,10,none,,adaptive_gaussian,docling_rapidocr,deepseek,8,0,0,0,8,0.0,0.0,0.0,0,,,,,7.63542186,1
peru21_2023-01-26_20,10,none,,adaptive_mean,docling_easyocr,deepseek,8,0,0,0,8,0.0,0.0,0.0,0,,,,,30.178762304,1
peru21_2023-01-26_20,10,none,,adaptive_mean,docling_rapidocr,deepseek,8,0,0,0,8,0.0,0.0,0.0,0,,,,,7.57431041,1
peru21_2023-01-26_20,10,none,,basic,docling_easyocr,deepseek,8,0,0,0,8,0.0,0.0,0.0,0,,,,,54.422208748,1
peru21_2023-01-26_20,10,none,,basic,docling_rapidocr,deepseek,8,0,0,0,8,0.0,0.0,0.0,0,,,,,27.876692019,1
peru21_2023-01-26_20,10,none,,niblack,docling_easyocr,deepseek,8,0,0,0,8,0.0,0.0,0.0,0,,,,,30.400125195,1
peru21_2023-01-26_20,10,none,,niblack,docling_rapidocr,deepseek,8,0,0,0,8,0.0,0.0,0.0,0,,,,,7.367660929,1
peru21_2023-01-26_20,10,none,,none_color,docling_easyocr,deepseek,8,0,0,0,8,0.0,0.0,0.0,0,,,,,34.540141068,1
peru21_2023-01-26_20,10,none,,none_color,docling_rapidocr,deepseek,8,0,0,0,8,0.0,0.0,0.0,0,,,,,12.681228838,1
peru21_2023-01-26_20,10,none,,none_grayscale,docling_easyocr,deepseek,8,0,0,0,8,0.0,0.0,0.0,0,,,,,33.542953453,1
peru21_2023-01-26_20,10,none,,none_grayscale,docling_rapidocr,deepseek,8,0,0,0,8,0.0,0.0,0.0,0,,,,,12.554365597,1
peru21_2023-01-26_20,10,none,,otsu,docling_easyocr,deepseek,8,0,0,0,8,0.0,0.0,0.0,0,,,,,38.836240803,1
peru21_2023-01-26_20,10,none,,otsu,docling_rapidocr,deepseek,8,0,0,0,8,0.0,0.0,0.0,0,,,,,12.684520994,1
peru21_2023-01-26_20,11,none,,adaptive_gaussian,docling_easyocr,deepseek,8,0,0,0,8,0.0,0.0,0.0,0,,,,,31.099444019,1
peru21_2023-01-26_20,11,none,,adaptive_gaussian,docling_rapidocr,deepseek,8,0,0,0,8,0.0,0.0,0.0,0,,,,,7.244807112,1
peru21_2023-01-26_20,11,none,,adaptive_mean,docling_easyocr,deepseek,8,0,0,0,8,0.0,0.0,0.0,0,,,,,30.729220974,1
peru21_2023-01-26_20,11,none,,adaptive_mean,docling_rapidocr,deepseek,8,0,0,0,8,0.0,0.0,0.0,0,,,,,7.658974754,1
peru21_2023-01-26_20,11,none,,basic,docling_easyocr,deepseek,8,0,0,0,8,0.0,0.0,0.0,0,,,,,32.467355452,1
peru21_2023-01-26_20,11,none,,basic,docling_rapidocr,deepseek,8,0,0,0,8,0.0,0.0,0.0,0,,,,,8.289891443,1
peru21_2023-01-26_20,11,none,,niblack,docling_easyocr,deepseek,8,0,0,0,8,0.0,0.0,0.0,0,,,,,30.235352757,1
peru21_2023-01-26_20,11,none,,niblack,docling_rapidocr,deepseek,8,0,0,0,8,0.0,0.0,0.0,0,,,,,7.555303814,1
peru21_2023-01-26_20,11,none,,none_color,docling_easyocr,deepseek,8,0,0,0,8,0.0,0.0,0.0,0,,,,,32.608033142,1
peru21_2023-01-26_20,11,none,,none_color,docling_rapidocr,deepseek,8,0,0,0,8,0.0,0.0,0.0,0,,,,,12.67531415,1
peru21_2023-01-26_20,11,none,,none_grayscale,docling_easyocr,deepseek,8,0,0,0,8,0.0,0.0,0.0,0,,,,,32.587364874,1
peru21_2023-01-26_20,11,none,,none_grayscale,docling_rapidocr,deepseek,8,0,0,0,8,0.0,0.0,0.0,0,,,,,12.225653372,1
peru21_2023-01-26_20,11,none,,otsu,docling_easyocr,deepseek,8,0,0,0,8,0.0,0.0,0.0,0,,,,,31.698482237,1
peru21_2023-01-26_20,11,none,,otsu,docling_rapidocr,deepseek,8,0,0,0,8,0.0,0.0,0.0,0,,,,,7.425151787,1
peru21_2023-01-26_20,12,none,,adaptive_gaussian,docling_easyocr,deepseek,8,0,0,0,8,0.0,0.0,0.0,0,,,,,37.473654301,1
peru21_2023-01-26_20,12,none,,adaptive_gaussian,docling_rapidocr,deepseek,8,0,0,0,8,0.0,0.0,0.0,0,,,,,13.842875988,1
peru21_2023-01-26_20,12,none,,adaptive_mean,docling_easyocr,deepseek,8,0,0,0,8,0.0,0.0,0.0,0,,,,,36.39291814,1
peru21_2023-01-26_20,12,none,,adaptive_mean,docling_rapidocr,deepseek,8,0,0,0,8,0.0,0.0,0.0,0,,,,,13.738951714,1
peru21_2023-01-26_20,12,none,,basic,docling_easyocr,deepseek,8,0,0,0,8,0.0,0.0,0.0,0,,,,,38.004490738,1
peru21_2023-01-26_20,12,none,,basic,docling_rapidocr,deepseek,8,0,0,0,8,0.0,0.0,0.0,0,,,,,14.349479799,1
peru21_2023-01-26_20,12,none,,niblack,docling_easyocr,deepseek,8,0,0,0,8,0.0,0.0,0.0,0,,,,,35.523135443,1
peru21_2023-01-26_20,12,none,,niblack,docling_rapidocr,deepseek,8,0,0,0,8,0.0,0.0,0.0,0,,,,,13.535483141,1
peru21_2023-01-26_20,12,none,,none_color,docling_easyocr,deepseek,8,0,0,0,8,0.0,0.0,0.0,0,,,,,51.852463131,1
peru21_2023-01-26_20,12,none,,none_color,docling_rapidocr,deepseek,8,1,0,1,8,0.0,0.0,0.0,1,0.045454545454545456,0.25,1.0,1.0,18.72048295,0
peru21_2023-01-26_20,12,none,,none_grayscale,docling_easyocr,deepseek,8,2,0,2,8,0.0,0.0,0.0,2,0.7908163265306123,1.0,0.7437296946068876,0.9201388888888888,53.465839033,0
peru21_2023-01-26_20,12,none,,none_grayscale,docling_rapidocr,deepseek,8,1,0,1,8,0.0,0.0,0.0,1,0.7857142857142857,1.0,0.4641975308641975,0.5416666666666666,19.255977993,0
peru21_2023-01-26_20,12,none,,otsu,docling_easyocr,deepseek,8,0,0,0,8,0.0,0.0,0.0,0,,,,,52.301938492,1
peru21_2023-01-26_20,12,none,,otsu,docling_rapidocr,deepseek,8,1,0,1,8,0.0,0.0,0.0,1,10.5,14.0,0.4752475247524752,0.8823529411764706,18.6711721,0
peru21_2023-01-26_20,13,none,,adaptive_gaussian,docling_easyocr,deepseek,8,0,0,0,8,0.0,0.0,0.0,0,,,,,39.09510873,1
peru21_2023-01-26_20,13,none,,adaptive_gaussian,docling_rapidocr,deepseek,8,0,0,0,8,0.0,0.0,0.0,0,,,,,14.22008775,1
peru21_2023-01-26_20,13,none,,adaptive_mean,docling_easyocr,deepseek,8,0,0,0,8,0.0,0.0,0.0,0,,,,,37.999922497,1
peru21_2023-01-26_20,13,none,,adaptive_mean,docling_rapidocr,deepseek,8,0,0,0,8,0.0,0.0,0.0,0,,,,,13.715461714,1
peru21_2023-01-26_20,13,none,,basic,docling_easyocr,deepseek,8,0,0,0,8,0.0,0.0,0.0,0,,,,,52.147303658,1
peru21_2023-01-26_20,13,none,,basic,docling_rapidocr,deepseek,8,1,0,1,8,0.0,0.0,0.0,1,4.0,3.0,0.9479166666666666,1.0,18.046582298,0
peru21_2023-01-26_20,13,none,,niblack,docling_easyocr,deepseek,8,0,0,0,8,0.0,0.0,0.0,0,,,,,35.672480627,1
peru21_2023-01-26_20,13,none,,niblack,docling_rapidocr,deepseek,8,0,0,0,8,0.0,0.0,0.0,0,,,,,13.664110466,1
peru21_2023-01-26_20,13,none,,none_color,docling_easyocr,deepseek,8,1,0,1,8,0.0,0.0,0.0,1,0.125,0.5,0.8222222222222222,0.9444444444444444,51.322245436,0
peru21_2023-01-26_20,13,none,,none_color,docling_rapidocr,deepseek,8,1,0,1,8,0.0,0.0,0.0,1,0.045454545454545456,0.25,1.0,1.0,19.106213408,0
peru21_2023-01-26_20,13,none,,none_grayscale,docling_easyocr,deepseek,8,5,2,3,6,0.4,0.25,0.307692,5,0.4745670995670996,0.6822727272727273,0.7193225599711182,0.9284271579001973,50.735746937,0
peru21_2023-01-26_20,13,none,,none_grayscale,docling_rapidocr,deepseek,8,1,0,1,8,0.0,0.0,0.0,1,0.7959183673469388,1.0,0.7222222222222222,0.875,18.520321684,0
peru21_2023-01-26_20,13,none,,otsu,docling_easyocr,deepseek,8,0,0,0,8,0.0,0.0,0.0,0,,,,,52.632077127,1
peru21_2023-01-26_20,13,none,,otsu,docling_rapidocr,deepseek,8,1,0,1,8,0.0,0.0,0.0,1,15.5,16.0,0.22772277227722773,0.7058823529411765,18.428518206,0
peru21_2023-01-26_20,14,none,,adaptive_gaussian,docling_easyocr,deepseek,8,0,0,0,8,0.0,0.0,0.0,0,,,,,38.716282206,1
peru21_2023-01-26_20,14,none,,adaptive_gaussian,docling_rapidocr,deepseek,8,0,0,0,8,0.0,0.0,0.0,0,,,,,14.620827752,1
peru21_2023-01-26_20,14,none,,adaptive_mean,docling_easyocr,deepseek,8,0,0,0,8,0.0,0.0,0.0,0,,,,,36.838880139,1
peru21_2023-01-26_20,14,none,,adaptive_mean,docling_rapidocr,deepseek,8,0,0,0,8,0.0,0.0,0.0,0,,,,,14.20929988,1
peru21_2023-01-26_20,14,none,,basic,docling_easyocr,deepseek,8,0,0,0,8,0.0,0.0,0.0,0,,,,,39.419724873,1
peru21_2023-01-26_20,14,none,,basic,docling_rapidocr,deepseek,8,0,0,0,8,0.0,0.0,0.0,0,,,,,15.436557702,1
peru21_2023-01-26_20,14,none,,niblack,docling_easyocr,deepseek,8,0,0,0,8,0.0,0.0,0.0,0,,,,,36.050764533,1
peru21_2023-01-26_20,14,none,,niblack,docling_rapidocr,deepseek,8,0,0,0,8,0.0,0.0,0.0,0,,,,,14.090574952,1
peru21_2023-01-26_20,14,none,,none_color,docling_easyocr,deepseek,8,0,0,0,8,0.0,0.0,0.0,0,,,,,52.999979428,1
peru21_2023-01-26_20,14,none,,none_color,docling_rapidocr,deepseek,8,1,0,1,8,0.0,0.0,0.0,1,0.045454545454545456,0.25,1.0,1.0,19.68770688,0
peru21_2023-01-26_20,14,none,,none_grayscale,docling_easyocr,deepseek,8,0,0,0,8,0.0,0.0,0.0,0,,,,,54.214199475,1
peru21_2023-01-26_20,14,none,,none_grayscale,docling_rapidocr,deepseek,8,1,0,1,8,0.0,0.0,0.0,1,0.045454545454545456,0.25,1.0,1.0,19.515297583,0
peru21_2023-01-26_20,14,none,,otsu,docling_easyocr,deepseek,8,0,0,0,8,0.0,0.0,0.0,0,,,,,55.282048158,1
peru21_2023-01-26_20,14,none,,otsu,docling_rapidocr,deepseek,8,3,0,3,8,0.0,0.0,0.0,2,2.8333333333333335,3.909090909090909,0.8168859649122806,0.9814814814814814,27.064178399,0
peru21_2023-01-26_20,15,none,,adaptive_gaussian,docling_easyocr,deepseek,8,0,0,0,8,0.0,0.0,0.0,0,,,,,32.084253554,1
peru21_2023-01-26_20,15,none,,adaptive_gaussian,docling_rapidocr,deepseek,8,0,0,0,8,0.0,0.0,0.0,0,,,,,7.678572659,1
peru21_2023-01-26_20,15,none,,adaptive_mean,docling_easyocr,deepseek,8,0,0,0,8,0.0,0.0,0.0,0,,,,,32.652183061,1
peru21_2023-01-26_20,15,none,,adaptive_mean,docling_rapidocr,deepseek,8,0,0,0,8,0.0,0.0,0.0,0,,,,,7.754430299,1
peru21_2023-01-26_20,15,none,,basic,docling_easyocr,deepseek,8,0,0,0,8,0.0,0.0,0.0,0,,,,,40.376759627,1
peru21_2023-01-26_20,15,none,,basic,docling_rapidocr,deepseek,8,1,1,0,7,1.0,0.125,0.222222,1,1.2272727272727273,1.0,1.0,1.0,10.237378695,0
peru21_2023-01-26_20,15,none,,niblack,docling_easyocr,deepseek,8,0,0,0,8,0.0,0.0,0.0,0,,,,,29.590214961,1
peru21_2023-01-26_20,15,none,,niblack,docling_rapidocr,deepseek,8,0,0,0,8,0.0,0.0,0.0,0,,,,,7.177407735,1
peru21_2023-01-26_20,15,none,,none_color,docling_easyocr,deepseek,8,0,0,0,8,0.0,0.0,0.0,0,,,,,44.417048552,1
peru21_2023-01-26_20,15,none,,none_color,docling_rapidocr,deepseek,8,1,1,0,7,1.0,0.125,0.222222,1,0.08928571428571429,0.4,0.5160493827160494,0.9583333333333334,11.874174931,0
peru21_2023-01-26_20,15,none,,none_grayscale,docling_easyocr,deepseek,8,0,0,0,8,0.0,0.0,0.0,0,,,,,44.376082518,1
peru21_2023-01-26_20,15,none,,none_grayscale,docling_rapidocr,deepseek,8,1,0,1,8,0.0,0.0,0.0,1,0.10714285714285714,0.5,0.5851851851851851,0.875,11.749822238,0
peru21_2023-01-26_20,15,none,,otsu,docling_easyocr,deepseek,8,0,0,0,8,0.0,0.0,0.0,0,,,,,43.674317054,1
peru21_2023-01-26_20,15,none,,otsu,docling_rapidocr,deepseek,8,0,0,0,8,0.0,0.0,0.0,0,,,,,12.179089002,1
peru21_2023-01-26_20,16,none,,adaptive_gaussian,docling_easyocr,deepseek,8,0,0,0,8,0.0,0.0,0.0,0,,,,,31.345976907,1
peru21_2023-01-26_20,16,none,,adaptive_gaussian,docling_rapidocr,deepseek,8,0,0,0,8,0.0,0.0,0.0,0,,,,,7.800364095,1
peru21_2023-01-26_20,16,none,,adaptive_mean,docling_easyocr,deepseek,8,0,0,0,8,0.0,0.0,0.0,0,,,,,31.058104354,1
peru21_2023-01-26_20,16,none,,adaptive_mean,docling_rapidocr,deepseek,8,0,0,0,8,0.0,0.0,0.0,0,,,,,7.364311295,1
peru21_2023-01-26_20,16,none,,basic,docling_easyocr,deepseek,8,0,0,0,8,0.0,0.0,0.0,0,,,,,45.539220981,1
peru21_2023-01-26_20,16,none,,basic,docling_rapidocr,deepseek,8,0,0,0,8,0.0,0.0,0.0,0,,,,,11.440817527,1
peru21_2023-01-26_20,16,none,,niblack,docling_easyocr,deepseek,8,0,0,0,8,0.0,0.0,0.0,0,,,,,28.69111361,1
peru21_2023-01-26_20,16,none,,niblack,docling_rapidocr,deepseek,8,0,0,0,8,0.0,0.0,0.0,0,,,,,7.647955079,1
peru21_2023-01-26_20,16,none,,none_color,docling_easyocr,deepseek,8,1,0,1,8,0.0,0.0,0.0,0,,,,,44.288970164,0
peru21_2023-01-26_20,16,none,,none_color,docling_rapidocr,deepseek,8,1,0,1,8,0.0,0.0,0.0,1,0.14285714285714285,0.6,0.745679012345679,0.9722222222222222,12.039323262,0
peru21_2023-01-26_20,16,none,,none_grayscale,docling_easyocr,deepseek,8,0,0,0,8,0.0,0.0,0.0,0,,,,,45.530254773,1
peru21_2023-01-26_20,16,none,,none_grayscale,docling_rapidocr,deepseek,8,1,0,1,8,0.0,0.0,0.0,1,0.16071428571428573,0.7,0.7160493827160493,0.9722222222222222,12.323006801,0
peru21_2023-01-26_20,16,none,,otsu,docling_easyocr,deepseek,8,0,0,0,8,0.0,0.0,0.0,0,,,,,46.255404477,1
peru21_2023-01-26_20,16,none,,otsu,docling_rapidocr,deepseek,8,0,0,0,8,0.0,0.0,0.0,0,,,,,11.407564883,1
peru21_2023-01-26_20,17,none,,adaptive_gaussian,docling_easyocr,deepseek,8,0,0,0,8,0.0,0.0,0.0,0,,,,,31.66748491,1
peru21_2023-01-26_20,17,none,,adaptive_gaussian,docling_rapidocr,deepseek,8,0,0,0,8,0.0,0.0,0.0,0,,,,,7.243004949,1
peru21_2023-01-26_20,17,none,,adaptive_mean,docling_easyocr,deepseek,8,0,0,0,8,0.0,0.0,0.0,0,,,,,30.686138541,1
peru21_2023-01-26_20,17,none,,adaptive_mean,docling_rapidocr,deepseek,8,0,0,0,8,0.0,0.0,0.0,0,,,,,7.855631978,1
peru21_2023-01-26_20,17,none,,basic,docling_easyocr,deepseek,8,0,0,0,8,0.0,0.0,0.0,0,,,,,31.799729352,1
peru21_2023-01-26_20,17,none,,basic,docling_rapidocr,deepseek,8,0,0,0,8,0.0,0.0,0.0,0,,,,,8.427088027,1
peru21_2023-01-26_20,17,none,,niblack,docling_easyocr,deepseek,8,0,0,0,8,0.0,0.0,0.0,0,,,,,29.809521171,1
peru21_2023-01-26_20,17,none,,niblack,docling_rapidocr,deepseek,8,0,0,0,8,0.0,0.0,0.0,0,,,,,7.341956349,1
peru21_2023-01-26_20,17,none,,none_color,docling_easyocr,deepseek,8,0,0,0,8,0.0,0.0,0.0,0,,,,,44.932355885,1
peru21_2023-01-26_20,17,none,,none_color,docling_rapidocr,deepseek,8,1,0,1,8,0.0,0.0,0.0,1,0.08928571428571429,0.4,0.582716049382716,0.9722222222222222,12.468695645,0
peru21_2023-01-26_20,17,none,,none_grayscale,docling_easyocr,deepseek,8,0,0,0,8,0.0,0.0,0.0,0,,,,,44.914732699,1
peru21_2023-01-26_20,17,none,,none_grayscale,docling_rapidocr,deepseek,8,1,0,1,8,0.0,0.0,0.0,1,0.08928571428571429,0.4,0.582716049382716,0.9722222222222222,12.073873525,0
peru21_2023-01-26_20,17,none,,otsu,docling_easyocr,deepseek,8,0,0,0,8,0.0,0.0,0.0,0,,,,,45.930788522,1
peru21_2023-01-26_20,17,none,,otsu,docling_rapidocr,deepseek,8,4,0,4,8,0.0,0.0,0.0,4,1.1426681783824642,1.6363636363636365,0.8421042350945621,0.98828125,11.803633218,0
peru21_2023-01-26_20,18,none,,adaptive_gaussian,docling_easyocr,deepseek,8,0,0,0,8,0.0,0.0,0.0,0,,,,,30.263315361,1
peru21_2023-01-26_20,18,none,,adaptive_gaussian,docling_rapidocr,deepseek,8,0,0,0,8,0.0,0.0,0.0,0,,,,,7.432222526,1
peru21_2023-01-26_20,18,none,,basic,docling_easyocr,deepseek,8,0,0,0,8,0.0,0.0,0.0,0,,,,,29.472099796,1
peru21_2023-01-26_20,18,none,,basic,docling_rapidocr,deepseek,8,0,0,0,8,0.0,0.0,0.0,0,,,,,7.362713829,1
peru21_2023-01-26_20,18,none,,niblack,docling_easyocr,deepseek,8,0,0,0,8,0.0,0.0,0.0,0,,,,,30.030835062,1
peru21_2023-01-26_20,18,none,,otsu,docling_easyocr,deepseek,8,0,0,0,8,0.0,0.0,0.0,0,,,,,29.610844866,1
peru21_2023-01-26_20,18,none,,otsu,docling_rapidocr,deepseek,8,0,0,0,8,0.0,0.0,0.0,0,,,,,6.909512058,1
peru21_2023-01-26_20,18,none,,yannihorne,docling_easyocr,deepseek,8,0,0,0,8,0.0,0.0,0.0,0,,,,,28.379604116,1
peru21_2023-01-26_20,19,none,,adaptive_gaussian,docling_easyocr,deepseek,8,0,0,0,8,0.0,0.0,0.0,0,,,,,29.024708265,1
peru21_2023-01-26_20,19,none,,adaptive_gaussian,docling_rapidocr,deepseek,8,0,0,0,8,0.0,0.0,0.0,0,,,,,7.537163728,1
peru21_2023-01-26_20,19,none,,basic,docling_easyocr,deepseek,8,0,0,0,8,0.0,0.0,0.0,0,,,,,28.0884293,1
peru21_2023-01-26_20,19,none,,basic,docling_rapidocr,deepseek,8,0,0,0,8,0.0,0.0,0.0,0,,,,,7.101146785,1
peru21_2023-01-26_20,19,none,,niblack,docling_easyocr,deepseek,8,0,0,0,8,0.0,0.0,0.0,0,,,,,28.798155601,1
peru21_2023-01-26_20,19,none,,none_color,docling_easyocr,deepseek,8,0,0,0,8,0.0,0.0,0.0,0,,,,,30.379571764,1
peru21_2023-01-26_20,19,none,,none_grayscale,docling_easyocr,deepseek,8,0,0,0,8,0.0,0.0,0.0,0,,,,,30.346149532,1
peru21_2023-01-26_20,19,none,,otsu,docling_easyocr,deepseek,8,0,0,0,8,0.0,0.0,0.0,0,,,,,29.622857658,1
peru21_2023-01-26_20,19,none,,otsu,docling_rapidocr,deepseek,8,0,0,0,8,0.0,0.0,0.0,0,,,,,7.041615574,1
peru21_2023-01-26_20,19,none,,yannihorne,docling_easyocr,deepseek,8,0,0,0,8,0.0,0.0,0.0,0,,,,,28.304282991,1
peru21_2023-01-26_20,19,none,,yannihorne,docling_rapidocr,deepseek,8,0,0,0,8,0.0,0.0,0.0,0,,,,,7.030443041,1
peru21_2023-01-26_20,20,none,,adaptive_gaussian,docling_easyocr,deepseek,8,0,0,0,8,0.0,0.0,0.0,0,,,,,29.522845863,1
peru21_2023-01-26_20,20,none,,adaptive_gaussian,docling_rapidocr,deepseek,8,0,0,0,8,0.0,0.0,0.0,0,,,,,7.536450742,1
peru21_2023-01-26_20,20,none,,basic,docling_easyocr,deepseek,8,0,0,0,8,0.0,0.0,0.0,0,,,,,28.201740476,1
peru21_2023-01-26_20,20,none,,basic,docling_rapidocr,deepseek,8,0,0,0,8,0.0,0.0,0.0,0,,,,,7.263500664,1
peru21_2023-01-26_20,20,none,,niblack,docling_easyocr,deepseek,8,0,0,0,8,0.0,0.0,0.0,0,,,,,29.991915643,1
peru21_2023-01-26_20,20,none,,otsu,docling_easyocr,deepseek,8,0,0,0,8,0.0,0.0,0.0,0,,,,,29.425494882,1
peru21_2023-01-26_20,20,none,,otsu,docling_rapidocr,deepseek,8,0,0,0,8,0.0,0.0,0.0,0,,,,,7.099489424,1
peru21_2023-01-26_20,21,none,,adaptive_gaussian,docling_easyocr,deepseek,8,0,0,0,8,0.0,0.0,0.0,0,,,,,50.231817442,1
peru21_2023-01-26_20,21,none,,adaptive_gaussian,docling_rapidocr,deepseek,8,0,0,0,8,0.0,0.0,0.0,0,,,,,28.122430759,1
peru21_2023-01-26_20,21,none,,adaptive_mean,docling_easyocr,deepseek,8,0,0,0,8,0.0,0.0,0.0,0,,,,,49.811660724,1
peru21_2023-01-26_20,21,none,,adaptive_mean,docling_rapidocr,deepseek,8,0,0,0,8,0.0,0.0,0.0,0,,,,,28.163158613,1
peru21_2023-01-26_20,21,none,,basic,docling_easyocr,deepseek,8,0,0,0,8,0.0,0.0,0.0,0,,,,,52.065610698,1
peru21_2023-01-26_20,21,none,,basic,docling_rapidocr,deepseek,8,0,0,0,8,0.0,0.0,0.0,0,,,,,28.816611341,1
peru21_2023-01-26_20,21,none,,niblack,docling_easyocr,deepseek,8,0,0,0,8,0.0,0.0,0.0,0,,,,,50.782098955,1
peru21_2023-01-26_20,21,none,,niblack,docling_rapidocr,deepseek,8,0,0,0,8,0.0,0.0,0.0,0,,,,,28.124277061,1
peru21_2023-01-26_20,21,none,,none_color,docling_easyocr,deepseek,8,0,0,0,8,0.0,0.0,0.0,0,,,,,52.327031425,1
peru21_2023-01-26_20,21,none,,none_color,docling_rapidocr,deepseek,8,0,0,0,8,0.0,0.0,0.0,0,,,,,33.146115116,1
peru21_2023-01-26_20,21,none,,none_grayscale,docling_easyocr,deepseek,8,0,0,0,8,0.0,0.0,0.0,0,,,,,52.120140604,1
peru21_2023-01-26_20,21,none,,none_grayscale,docling_rapidocr,deepseek,8,0,0,0,8,0.0,0.0,0.0,0,,,,,33.214672378,1
peru21_2023-01-26_20,21,none,,otsu,docling_easyocr,deepseek,8,0,0,0,8,0.0,0.0,0.0,0,,,,,54.201685718,1
peru21_2023-01-26_20,21,none,,otsu,docling_rapidocr,deepseek,8,0,0,0,8,0.0,0.0,0.0,0,,,,,28.644213489,1
peru21_2023-01-26_20,22,none,,adaptive_gaussian,docling_easyocr,deepseek,8,0,0,0,8,0.0,0.0,0.0,0,,,,,49.313896212,1
peru21_2023-01-26_20,22,none,,adaptive_gaussian,docling_rapidocr,deepseek,8,0,0,0,8,0.0,0.0,0.0,0,,,,,27.053218398,1
peru21_2023-01-26_20,22,none,,adaptive_mean,docling_easyocr,deepseek,8,0,0,0,8,0.0,0.0,0.0,0,,,,,50.575759444,1
peru21_2023-01-26_20,22,none,,adaptive_mean,docling_rapidocr,deepseek,8,0,0,0,8,0.0,0.0,0.0,0,,,,,26.831147942,1
peru21_2023-01-26_20,22,none,,basic,docling_easyocr,deepseek,8,0,0,0,8,0.0,0.0,0.0,0,,,,,52.707717783,1
peru21_2023-01-26_20,22,none,,basic,docling_rapidocr,deepseek,8,0,0,0,8,0.0,0.0,0.0,0,,,,,27.828776247,1
peru21_2023-01-26_20,22,none,,niblack,docling_easyocr,deepseek,8,0,0,0,8,0.0,0.0,0.0,0,,,,,48.949754332,1
peru21_2023-01-26_20,22,none,,niblack,docling_rapidocr,deepseek,8,0,0,0,8,0.0,0.0,0.0,0,,,,,26.765040253,1
peru21_2023-01-26_20,22,none,,none_color,docling_easyocr,deepseek,8,0,0,0,8,0.0,0.0,0.0,0,,,,,51.990567572,1
peru21_2023-01-26_20,22,none,,none_color,docling_rapidocr,deepseek,8,0,0,0,8,0.0,0.0,0.0,0,,,,,31.629608519,1
peru21_2023-01-26_20,22,none,,none_grayscale,docling_easyocr,deepseek,8,0,0,0,8,0.0,0.0,0.0,0,,,,,52.23857177,1
peru21_2023-01-26_20,22,none,,none_grayscale,docling_rapidocr,deepseek,8,0,0,0,8,0.0,0.0,0.0,0,,,,,32.034913189,1
peru21_2023-01-26_20,22,none,,otsu,docling_easyocr,deepseek,8,0,0,0,8,0.0,0.0,0.0,0,,,,,53.18863333,1
peru21_2023-01-26_20,22,none,,otsu,docling_rapidocr,deepseek,8,0,0,0,8,0.0,0.0,0.0,0,,,,,27.961612112,1
peru21_2023-01-26_20,23,none,,adaptive_gaussian,docling_easyocr,deepseek,8,0,0,0,8,0.0,0.0,0.0,0,,,,,49.24275667,1
peru21_2023-01-26_20,23,none,,adaptive_gaussian,docling_rapidocr,deepseek,8,0,0,0,8,0.0,0.0,0.0,0,,,,,26.887744492,1
peru21_2023-01-26_20,23,none,,adaptive_mean,docling_easyocr,deepseek,8,0,0,0,8,0.0,0.0,0.0,0,,,,,49.11316759,1
peru21_2023-01-26_20,23,none,,adaptive_mean,docling_rapidocr,deepseek,8,0,0,0,8,0.0,0.0,0.0,0,,,,,26.978637999,1
peru21_2023-01-26_20,23,none,,basic,docling_easyocr,deepseek,8,0,0,0,8,0.0,0.0,0.0,0,,,,,51.358938853,1
peru21_2023-01-26_20,23,none,,basic,docling_rapidocr,deepseek,8,0,0,0,8,0.0,0.0,0.0,0,,,,,27.409580866,1
peru21_2023-01-26_20,23,none,,niblack,docling_easyocr,deepseek,8,0,0,0,8,0.0,0.0,0.0,0,,,,,49.784314759,1
peru21_2023-01-26_20,23,none,,niblack,docling_rapidocr,deepseek,8,0,0,0,8,0.0,0.0,0.0,0,,,,,26.869343646,1
peru21_2023-01-26_20,23,none,,none_color,docling_easyocr,deepseek,8,0,0,0,8,0.0,0.0,0.0,0,,,,,49.741381327,1
peru21_2023-01-26_20,23,none,,none_color,docling_rapidocr,deepseek,8,0,0,0,8,0.0,0.0,0.0,0,,,,,28.136285225,1
peru21_2023-01-26_20,23,none,,none_grayscale,docling_easyocr,deepseek,8,0,0,0,8,0.0,0.0,0.0,0,,,,,51.188272397,1
peru21_2023-01-26_20,23,none,,none_grayscale,docling_rapidocr,deepseek,8,0,0,0,8,0.0,0.0,0.0,0,,,,,28.358540694,1
peru21_2023-01-26_20,23,none,,otsu,docling_easyocr,deepseek,8,0,0,0,8,0.0,0.0,0.0,0,,,,,52.500440518,1
peru21_2023-01-26_20,23,none,,otsu,docling_rapidocr,deepseek,8,0,0,0,8,0.0,0.0,0.0,0,,,,,26.954957167,1
peru21_2023-01-26_20,24,none,,adaptive_gaussian,docling_easyocr,deepseek,8,0,0,0,8,0.0,0.0,0.0,0,,,,,33.32269048,1
peru21_2023-01-26_20,24,none,,adaptive_gaussian,docling_rapidocr,deepseek,8,0,0,0,8,0.0,0.0,0.0,0,,,,,7.81011843,1
peru21_2023-01-26_20,24,none,,adaptive_mean,docling_easyocr,deepseek,8,0,0,0,8,0.0,0.0,0.0,0,,,,,32.459142916,1
peru21_2023-01-26_20,24,none,,adaptive_mean,docling_rapidocr,deepseek,8,0,0,0,8,0.0,0.0,0.0,0,,,,,7.298803084,1
peru21_2023-01-26_20,24,none,,basic,docling_easyocr,deepseek,8,0,0,0,8,0.0,0.0,0.0,0,,,,,44.673655358,1
peru21_2023-01-26_20,24,none,,basic,docling_rapidocr,deepseek,8,0,0,0,8,0.0,0.0,0.0,0,,,,,12.398148146,1
peru21_2023-01-26_20,24,none,,niblack,docling_easyocr,deepseek,8,0,0,0,8,0.0,0.0,0.0,0,,,,,29.463726263,1
peru21_2023-01-26_20,24,none,,niblack,docling_rapidocr,deepseek,8,0,0,0,8,0.0,0.0,0.0,0,,,,,7.581759196,1
peru21_2023-01-26_20,24,none,,none_color,docling_easyocr,deepseek,8,1,0,1,8,0.0,0.0,0.0,1,0.045454545454545456,0.375,0.9022556390977443,0.953125,46.963241425,0
peru21_2023-01-26_20,24,none,,none_color,docling_rapidocr,deepseek,8,1,1,0,7,1.0,0.125,0.222222,1,6.166666666666667,8.0,0.019801980198019802,0.11764705882352941,12.446961012,0
peru21_2023-01-26_20,24,none,,none_grayscale,docling_easyocr,deepseek,8,0,0,0,8,0.0,0.0,0.0,0,,,,,45.253676262,1
peru21_2023-01-26_20,24,none,,none_grayscale,docling_rapidocr,deepseek,8,1,0,1,8,0.0,0.0,0.0,1,0.7857142857142857,1.0,0.6345679012345679,0.6944444444444444,12.489820567,0
peru21_2023-01-26_20,24,none,,otsu,docling_easyocr,deepseek,8,0,0,0,8,0.0,0.0,0.0,0,,,,,46.669570843,1
peru21_2023-01-26_20,24,none,,otsu,docling_rapidocr,deepseek,8,0,0,0,8,0.0,0.0,0.0,0,,,,,12.130926291,1
peru21_2023-01-26_20,25,none,,adaptive_gaussian,docling_easyocr,deepseek,8,0,0,0,8,0.0,0.0,0.0,0,,,,,31.130146735,1
peru21_2023-01-26_20,25,none,,adaptive_gaussian,docling_rapidocr,deepseek,8,0,0,0,8,0.0,0.0,0.0,0,,,,,7.985470049,1
peru21_2023-01-26_20,25,none,,adaptive_mean,docling_easyocr,deepseek,8,0,0,0,8,0.0,0.0,0.0,0,,,,,32.326695673,1
peru21_2023-01-26_20,25,none,,adaptive_mean,docling_rapidocr,deepseek,8,0,0,0,8,0.0,0.0,0.0,0,,,,,7.371694558,1
peru21_2023-01-26_20,25,none,,basic,docling_easyocr,deepseek,8,0,0,0,8,0.0,0.0,0.0,0,,,,,44.00563654,1
peru21_2023-01-26_20,25,none,,basic,docling_rapidocr,deepseek,8,0,0,0,8,0.0,0.0,0.0,0,,,,,11.595683661,1
peru21_2023-01-26_20,25,none,,niblack,docling_easyocr,deepseek,8,0,0,0,8,0.0,0.0,0.0,0,,,,,30.677039988,1
peru21_2023-01-26_20,25,none,,niblack,docling_rapidocr,deepseek,8,0,0,0,8,0.0,0.0,0.0,0,,,,,7.308474905,1
peru21_2023-01-26_20,25,none,,none_color,docling_easyocr,deepseek,8,0,0,0,8,0.0,0.0,0.0,0,,,,,44.640447464,1
peru21_2023-01-26_20,25,none,,none_color,docling_rapidocr,deepseek,8,1,0,1,8,0.0,0.0,0.0,1,0.7857142857142857,1.0,0.5481481481481482,0.8472222222222222,12.683200207,0
peru21_2023-01-26_20,25,none,,none_grayscale,docling_easyocr,deepseek,8,2,0,2,8,0.0,0.0,0.0,2,1.913690476190476,2.4,0.8104166666666667,1.0,44.644186106,0
peru21_2023-01-26_20,25,none,,none_grayscale,docling_rapidocr,deepseek,8,0,0,0,8,0.0,0.0,0.0,0,,,,,12.615838376,1
peru21_2023-01-26_20,25,none,,otsu,docling_easyocr,deepseek,8,4,0,4,8,0.0,0.0,0.0,3,1.4671201814058958,1.303030303030303,0.821764084303167,0.9367559523809524,43.792012612,0
peru21_2023-01-26_20,25,none,,otsu,docling_rapidocr,deepseek,8,1,0,1,8,0.0,0.0,0.0,1,3.0,4.0,0.8415841584158416,1.0,12.585477988,0
peru21_2023-01-26_20,26,none,,adaptive_gaussian,docling_easyocr,deepseek,8,0,0,0,8,0.0,0.0,0.0,0,,,,,31.755384387,1
peru21_2023-01-26_20,26,none,,adaptive_gaussian,docling_rapidocr,deepseek,8,0,0,0,8,0.0,0.0,0.0,0,,,,,7.784549178,1
peru21_2023-01-26_20,26,none,,adaptive_mean,docling_easyocr,deepseek,8,0,0,0,8,0.0,0.0,0.0,0,,,,,32.09196061,1
peru21_2023-01-26_20,26,none,,adaptive_mean,docling_rapidocr,deepseek,8,0,0,0,8,0.0,0.0,0.0,0,,,,,7.462665738,1
peru21_2023-01-26_20,26,none,,basic,docling_easyocr,deepseek,8,0,0,0,8,0.0,0.0,0.0,0,,,,,33.390919959,1
peru21_2023-01-26_20,26,none,,basic,docling_rapidocr,deepseek,8,8,0,8,8,0.0,0.0,0.0,7,4.791248245329878,5.260606060606059,0.7073801183926578,0.8205096449467184,8.600165402,0
peru21_2023-01-26_20,26,none,,niblack,docling_easyocr,deepseek,8,0,0,0,8,0.0,0.0,0.0,0,,,,,29.22818065,1
peru21_2023-01-26_20,26,none,,niblack,docling_rapidocr,deepseek,8,0,0,0,8,0.0,0.0,0.0,0,,,,,7.342833999,1
peru21_2023-01-26_20,26,none,,none_color,docling_easyocr,deepseek,8,5,0,5,8,0.0,0.0,0.0,4,0.2625060125060125,0.7357954545454546,0.9406090985038353,0.9891010802469136,47.517210996,0
peru21_2023-01-26_20,26,none,,none_color,docling_rapidocr,deepseek,8,1,0,1,8,0.0,0.0,0.0,1,0.045454545454545456,0.25,1.0,1.0,12.247394835,0
peru21_2023-01-26_20,26,none,,none_grayscale,docling_easyocr,deepseek,8,5,0,5,8,0.0,0.0,0.0,4,0.2625060125060125,0.7357954545454546,0.9406090985038353,0.9891010802469136,47.752525126,0
peru21_2023-01-26_20,26,none,,none_grayscale,docling_rapidocr,deepseek,8,1,0,1,8,0.0,0.0,0.0,1,0.045454545454545456,0.25,1.0,1.0,12.405407702,0
peru21_2023-01-26_20,26,none,,otsu,docling_easyocr,deepseek,8,1,1,0,7,1.0,0.125,0.222222,1,1.4545454545454546,1.25,0.0,0.0,46.764942204,0
peru21_2023-01-26_20,26,none,,otsu,docling_rapidocr,deepseek,8,1,0,1,8,0.0,0.0,0.0,1,0.7959183673469388,1.0,0.7631578947368421,0.96875,12.362789428,0
peru21_2023-01-26_20,27,none,,adaptive_gaussian,docling_easyocr,deepseek,8,0,0,0,8,0.0,0.0,0.0,0,,,,,31.548668181,1
peru21_2023-01-26_20,27,none,,adaptive_gaussian,docling_rapidocr,deepseek,8,0,0,0,8,0.0,0.0,0.0,0,,,,,7.59635142,1
peru21_2023-01-26_20,27,none,,adaptive_mean,docling_easyocr,deepseek,8,0,0,0,8,0.0,0.0,0.0,0,,,,,30.139372384,1
peru21_2023-01-26_20,27,none,,adaptive_mean,docling_rapidocr,deepseek,8,0,0,0,8,0.0,0.0,0.0,0,,,,,7.345314776,1
peru21_2023-01-26_20,27,none,,basic,docling_easyocr,deepseek,8,0,0,0,8,0.0,0.0,0.0,0,,,,,44.442555079,1
peru21_2023-01-26_20,27,none,,basic,docling_rapidocr,deepseek,8,1,0,1,8,0.0,0.0,0.0,1,0.7959183673469388,1.0,0.7573099415204678,0.921875,12.464532981,0
peru21_2023-01-26_20,27,none,,niblack,docling_easyocr,deepseek,8,0,0,0,8,0.0,0.0,0.0,0,,,,,30.201991582,1
peru21_2023-01-26_20,27,none,,niblack,docling_rapidocr,deepseek,8,0,0,0,8,0.0,0.0,0.0,0,,,,,7.705229306,1
peru21_2023-01-26_20,27,none,,none_color,docling_easyocr,deepseek,8,2,1,1,7,0.5,0.125,0.2,2,2.583333333333333,3.5,0.44343028052805283,0.75,44.290158162,0
peru21_2023-01-26_20,27,none,,none_color,docling_rapidocr,deepseek,8,1,1,0,7,1.0,0.125,0.222222,1,3.8181818181818183,4.25,1.0,0.0,12.086600671,0
peru21_2023-01-26_20,27,none,,none_grayscale,docling_easyocr,deepseek,8,3,1,2,7,0.333333,0.125,0.181818,3,1.5717377860235004,1.553030303030303,0.5988060428849903,0.6666666666666666,46.755762706,0
peru21_2023-01-26_20,27,none,,none_grayscale,docling_rapidocr,deepseek,8,0,0,0,8,0.0,0.0,0.0,0,,,,,12.550326238,1
peru21_2023-01-26_20,27,none,,otsu,docling_easyocr,deepseek,8,0,0,0,8,0.0,0.0,0.0,0,,,,,43.548614703,1
peru21_2023-01-26_20,27,none,,otsu,docling_rapidocr,deepseek,8,0,0,0,8,0.0,0.0,0.0,0,,,,,12.061172925,1
peru21_2023-01-26_20,28,none,,adaptive_gaussian,docling_easyocr,deepseek,8,0,0,0,8,0.0,0.0,0.0,0,,,,,31.750120271,1
peru21_2023-01-26_20,28,none,,adaptive_gaussian,docling_rapidocr,deepseek,8,0,0,0,8,0.0,0.0,0.0,0,,,,,7.45710336,1
peru21_2023-01-26_20,28,none,,adaptive_mean,docling_easyocr,deepseek,8,0,0,0,8,0.0,0.0,0.0,0,,,,,29.96600138,1
peru21_2023-01-26_20,28,none,,adaptive_mean,docling_rapidocr,deepseek,8,0,0,0,8,0.0,0.0,0.0,0,,,,,7.383636106,1
peru21_2023-01-26_20,28,none,,basic,docling_easyocr,deepseek,8,0,0,0,8,0.0,0.0,0.0,0,,,,,42.760058127,1
peru21_2023-01-26_20,28,none,,basic,docling_rapidocr,deepseek,8,0,0,0,8,0.0,0.0,0.0,0,,,,,12.518391572,1
peru21_2023-01-26_20,28,none,,niblack,docling_easyocr,deepseek,8,0,0,0,8,0.0,0.0,0.0,0,,,,,30.074542048,1
peru21_2023-01-26_20,28,none,,niblack,docling_rapidocr,deepseek,8,0,0,0,8,0.0,0.0,0.0,0,,,,,7.376238111,1
peru21_2023-01-26_20,28,none,,none_color,docling_easyocr,deepseek,8,10,0,10,8,0.0,0.0,0.0,6,4.576265775670538,4.201515151515152,0.716448685560564,0.8993306813466128,44.06527444,0
peru21_2023-01-26_20,28,none,,none_color,docling_rapidocr,deepseek,8,1,0,1,8,0.0,0.0,0.0,1,0.8035714285714286,1.0,0.5209876543209877,0.5972222222222222,12.267534696,0
peru21_2023-01-26_20,28,none,,none_grayscale,docling_easyocr,deepseek,8,3,0,3,8,0.0,0.0,0.0,2,0.3740079365079365,0.6636363636363636,0.995176915352354,1.0,43.435389482,0
peru21_2023-01-26_20,28,none,,none_grayscale,docling_rapidocr,deepseek,8,1,0,1,8,0.0,0.0,0.0,1,0.7857142857142857,1.0,0.654320987654321,0.7916666666666666,12.013605081,0
peru21_2023-01-26_20,28,none,,otsu,docling_easyocr,deepseek,8,0,0,0,8,0.0,0.0,0.0,0,,,,,42.574959552,1
peru21_2023-01-26_20,28,none,,otsu,docling_rapidocr,deepseek,8,1,0,1,8,0.0,0.0,0.0,1,0.875,1.0,0.582716049382716,0.9583333333333334,12.570561206,0
peru21_2023-01-26_20,29,none,,adaptive_gaussian,docling_easyocr,deepseek,8,0,0,0,8,0.0,0.0,0.0,0,,,,,29.562676061,1
peru21_2023-01-26_20,29,none,,adaptive_gaussian,docling_rapidocr,deepseek,8,0,0,0,8,0.0,0.0,0.0,0,,,,,7.713554729,1
peru21_2023-01-26_20,29,none,,adaptive_mean,docling_easyocr,deepseek,8,0,0,0,8,0.0,0.0,0.0,0,,,,,30.498827088,1
peru21_2023-01-26_20,29,none,,adaptive_mean,docling_rapidocr,deepseek,8,0,0,0,8,0.0,0.0,0.0,0,,,,,8.740041364,1
peru21_2023-01-26_20,29,none,,basic,docling_easyocr,deepseek,8,0,0,0,8,0.0,0.0,0.0,0,,,,,33.519501887,1
peru21_2023-01-26_20,29,none,,basic,docling_rapidocr,deepseek,8,0,0,0,8,0.0,0.0,0.0,0,,,,,10.257844411,1
peru21_2023-01-26_20,29,none,,niblack,docling_easyocr,deepseek,8,0,0,0,8,0.0,0.0,0.0,0,,,,,30.247601367,1
peru21_2023-01-26_20,29,none,,niblack,docling_rapidocr,deepseek,8,0,0,0,8,0.0,0.0,0.0,0,,,,,7.573246099,1
peru21_2023-01-26_20,29,none,,none_color,docling_easyocr,deepseek,8,0,0,0,8,0.0,0.0,0.0,0,,,,,46.601189576,1
peru21_2023-01-26_20,29,none,,none_color,docling_rapidocr,deepseek,8,0,0,0,8,0.0,0.0,0.0,0,,,,,13.063322745,1
peru21_2023-01-26_20,29,none,,none_grayscale,docling_easyocr,deepseek,8,0,0,0,8,0.0,0.0,0.0,0,,,,,46.878405057,1
peru21_2023-01-26_20,29,none,,none_grayscale,docling_rapidocr,deepseek,8,0,0,0,8,0.0,0.0,0.0,0,,,,,12.797405683,1
peru21_2023-01-26_20,29,none,,otsu,docling_easyocr,deepseek,8,0,0,0,8,0.0,0.0,0.0,0,,,,,45.212361775,1
peru21_2023-01-26_20,29,none,,otsu,docling_rapidocr,deepseek,8,1,0,1,8,0.0,0.0,0.0,1,0.8181818181818182,0.875,0.7393483709273183,0.984375,13.179532014,0
peru21_2023-01-26_20,30,none,,adaptive_gaussian,docling_easyocr,deepseek,8,0,0,0,8,0.0,0.0,0.0,0,,,,,30.92255561,1
peru21_2023-01-26_20,30,none,,adaptive_gaussian,docling_rapidocr,deepseek,8,0,0,0,8,0.0,0.0,0.0,0,,,,,7.814601584,1
peru21_2023-01-26_20,30,none,,adaptive_mean,docling_easyocr,deepseek,8,0,0,0,8,0.0,0.0,0.0,0,,,,,30.75147502,1
peru21_2023-01-26_20,30,none,,adaptive_mean,docling_rapidocr,deepseek,8,0,0,0,8,0.0,0.0,0.0,0,,,,,7.963238879,1
peru21_2023-01-26_20,30,none,,basic,docling_easyocr,deepseek,8,0,0,0,8,0.0,0.0,0.0,0,,,,,39.136578816,1
peru21_2023-01-26_20,30,none,,basic,docling_rapidocr,deepseek,8,0,0,0,8,0.0,0.0,0.0,0,,,,,15.061862487,1
peru21_2023-01-26_20,30,none,,niblack,docling_easyocr,deepseek,8,0,0,0,8,0.0,0.0,0.0,0,,,,,29.255417809,1
peru21_2023-01-26_20,30,none,,niblack,docling_rapidocr,deepseek,8,0,0,0,8,0.0,0.0,0.0,0,,,,,7.746130214,1
peru21_2023-01-26_20,30,none,,none_color,docling_easyocr,deepseek,8,0,0,0,8,0.0,0.0,0.0,0,,,,,30.576333779,1
peru21_2023-01-26_20,30,none,,none_color,docling_rapidocr,deepseek,8,0,0,0,8,0.0,0.0,0.0,0,,,,,11.53191616,1
peru21_2023-01-26_20,30,none,,none_grayscale,docling_easyocr,deepseek,8,0,0,0,8,0.0,0.0,0.0,0,,,,,30.973875779,1
peru21_2023-01-26_20,30,none,,none_grayscale,docling_rapidocr,deepseek,8,0,0,0,8,0.0,0.0,0.0,0,,,,,12.547305125,1
peru21_2023-01-26_20,30,none,,otsu,docling_easyocr,deepseek,8,0,0,0,8,0.0,0.0,0.0,0,,,,,31.507752986,1
peru21_2023-01-26_20,30,none,,otsu,docling_rapidocr,deepseek,8,0,0,0,8,0.0,0.0,0.0,0,,,,,8.2288588,1
peru21_2023-01-26_20,31,none,,adaptive_gaussian,docling_easyocr,deepseek,8,0,0,0,8,0.0,0.0,0.0,0,,,,,29.511205028,1
peru21_2023-01-26_20,31,none,,adaptive_gaussian,docling_rapidocr,deepseek,8,0,0,0,8,0.0,0.0,0.0,0,,,,,8.226093123,1
peru21_2023-01-26_20,31,none,,adaptive_mean,docling_easyocr,deepseek,8,0,0,0,8,0.0,0.0,0.0,0,,,,,29.743720363,1
peru21_2023-01-26_20,31,none,,adaptive_mean,docling_rapidocr,deepseek,8,0,0,0,8,0.0,0.0,0.0,0,,,,,7.584356616,1
peru21_2023-01-26_20,31,none,,basic,docling_easyocr,deepseek,8,0,0,0,8,0.0,0.0,0.0,0,,,,,32.163131877,1
peru21_2023-01-26_20,31,none,,basic,docling_rapidocr,deepseek,8,0,0,0,8,0.0,0.0,0.0,0,,,,,11.101742907,1
peru21_2023-01-26_20,31,none,,niblack,docling_easyocr,deepseek,8,0,0,0,8,0.0,0.0,0.0,0,,,,,30.326783954,1
peru21_2023-01-26_20,31,none,,niblack,docling_rapidocr,deepseek,8,0,0,0,8,0.0,0.0,0.0,0,,,,,7.830699502,1
peru21_2023-01-26_20,31,none,,none_color,docling_easyocr,deepseek,8,0,0,0,8,0.0,0.0,0.0,0,,,,,33.899085685,1
peru21_2023-01-26_20,31,none,,none_color,docling_rapidocr,deepseek,8,0,0,0,8,0.0,0.0,0.0,0,,,,,11.966375037,1
peru21_2023-01-26_20,31,none,,none_grayscale,docling_easyocr,deepseek,8,0,0,0,8,0.0,0.0,0.0,0,,,,,33.63873355,1
peru21_2023-01-26_20,31,none,,none_grayscale,docling_rapidocr,deepseek,8,0,0,0,8,0.0,0.0,0.0,0,,,,,12.774075194,1
peru21_2023-01-26_20,31,none,,otsu,docling_easyocr,deepseek,8,0,0,0,8,0.0,0.0,0.0,0,,,,,37.347711799,1
peru21_2023-01-26_20,31,none,,otsu,docling_rapidocr,deepseek,8,0,0,0,8,0.0,0.0,0.0,0,,,,,11.411197898,1
peru21_2023-01-26_20,32,none,,adaptive_gaussian,docling_easyocr,deepseek,8,0,0,0,8,0.0,0.0,0.0,0,,,,,29.290108512,1
peru21_2023-01-26_20,32,none,,adaptive_gaussian,docling_rapidocr,deepseek,8,0,0,0,8,0.0,0.0,0.0,0,,,,,7.789381812,1
peru21_2023-01-26_20,32,none,,adaptive_mean,docling_easyocr,deepseek,8,0,0,0,8,0.0,0.0,0.0,0,,,,,30.695811103,1
peru21_2023-01-26_20,32,none,,adaptive_mean,docling_rapidocr,deepseek,8,0,0,0,8,0.0,0.0,0.0,0,,,,,7.600906918,1
peru21_2023-01-26_20,32,none,,basic,docling_easyocr,deepseek,8,0,0,0,8,0.0,0.0,0.0,0,,,,,32.296197339,1
peru21_2023-01-26_20,32,none,,basic,docling_rapidocr,deepseek,8,0,0,0,8,0.0,0.0,0.0,0,,,,,8.035087033,1
peru21_2023-01-26_20,32,none,,niblack,docling_easyocr,deepseek,8,0,0,0,8,0.0,0.0,0.0,0,,,,,30.554831874,1
peru21_2023-01-26_20,32,none,,niblack,docling_rapidocr,deepseek,8,0,0,0,8,0.0,0.0,0.0,0,,,,,7.821539771,1
peru21_2023-01-26_20,32,none,,none_color,docling_easyocr,deepseek,8,0,0,0,8,0.0,0.0,0.0,0,,,,,30.64894311,1
peru21_2023-01-26_20,32,none,,none_color,docling_rapidocr,deepseek,8,0,0,0,8,0.0,0.0,0.0,0,,,,,9.471406384,1
peru21_2023-01-26_20,32,none,,none_grayscale,docling_easyocr,deepseek,8,0,0,0,8,0.0,0.0,0.0,0,,,,,32.222451135,1
peru21_2023-01-26_20,32,none,,none_grayscale,docling_rapidocr,deepseek,8,0,0,0,8,0.0,0.0,0.0,0,,,,,9.221597835,1
peru21_2023-01-26_20,32,none,,otsu,docling_easyocr,deepseek,8,0,0,0,8,0.0,0.0,0.0,0,,,,,30.622174188,1
peru21_2023-01-26_20,32,none,,otsu,docling_rapidocr,deepseek,8,0,0,0,8,0.0,0.0,0.0,0,,,,,7.797853633,1
peru21_2023-01-26_20,33,none,,adaptive_gaussian,docling_easyocr,deepseek,8,0,0,0,8,0.0,0.0,0.0,0,,,,,29.813018557,1
peru21_2023-01-26_20,33,none,,adaptive_gaussian,docling_rapidocr,deepseek,8,0,0,0,8,0.0,0.0,0.0,0,,,,,7.976860759,1
peru21_2023-01-26_20,33,none,,adaptive_mean,docling_easyocr,deepseek,8,0,0,0,8,0.0,0.0,0.0,0,,,,,30.516912457,1
peru21_2023-01-26_20,33,none,,adaptive_mean,docling_rapidocr,deepseek,8,0,0,0,8,0.0,0.0,0.0,0,,,,,7.921191689,1
peru21_2023-01-26_20,33,none,,basic,docling_easyocr,deepseek,8,0,0,0,8,0.0,0.0,0.0,0,,,,,31.889522643,1
peru21_2023-01-26_20,33,none,,basic,docling_rapidocr,deepseek,8,0,0,0,8,0.0,0.0,0.0,0,,,,,8.10330853,1
peru21_2023-01-26_20,33,none,,niblack,docling_easyocr,deepseek,8,0,0,0,8,0.0,0.0,0.0,0,,,,,29.387324391,1
peru21_2023-01-26_20,33,none,,niblack,docling_rapidocr,deepseek,8,0,0,0,8,0.0,0.0,0.0,0,,,,,7.825159846,1
peru21_2023-01-26_20,33,none,,none_color,docling_easyocr,deepseek,8,0,0,0,8,0.0,0.0,0.0,0,,,,,33.996396394,1
peru21_2023-01-26_20,33,none,,none_color,docling_rapidocr,deepseek,8,0,0,0,8,0.0,0.0,0.0,0,,,,,8.792886586,1
peru21_2023-01-26_20,33,none,,none_grayscale,docling_easyocr,deepseek,8,0,0,0,8,0.0,0.0,0.0,0,,,,,32.501301379,1
peru21_2023-01-26_20,33,none,,none_grayscale,docling_rapidocr,deepseek,8,1,0,1,8,0.0,0.0,0.0,1,0.875,1.0,0.6074074074074074,0.7083333333333334,11.45832953,0
peru21_2023-01-26_20,33,none,,otsu,docling_easyocr,deepseek,8,0,0,0,8,0.0,0.0,0.0,0,,,,,31.457561179,1
peru21_2023-01-26_20,33,none,,otsu,docling_rapidocr,deepseek,8,0,0,0,8,0.0,0.0,0.0,0,,,,,7.903658315,1
peru21_2023-01-26_20,34,none,,adaptive_gaussian,docling_easyocr,deepseek,8,0,0,0,8,0.0,0.0,0.0,0,,,,,29.741227003,1
peru21_2023-01-26_20,34,none,,adaptive_gaussian,docling_rapidocr,deepseek,8,0,0,0,8,0.0,0.0,0.0,0,,,,,7.496073099,1
peru21_2023-01-26_20,34,none,,adaptive_mean,docling_easyocr,deepseek,8,0,0,0,8,0.0,0.0,0.0,0,,,,,30.612937065,1
peru21_2023-01-26_20,34,none,,adaptive_mean,docling_rapidocr,deepseek,8,0,0,0,8,0.0,0.0,0.0,0,,,,,7.440992208,1
peru21_2023-01-26_20,34,none,,basic,docling_easyocr,deepseek,8,0,0,0,8,0.0,0.0,0.0,0,,,,,35.945815748,1
peru21_2023-01-26_20,34,none,,basic,docling_rapidocr,deepseek,8,0,0,0,8,0.0,0.0,0.0,0,,,,,9.552459425,1
peru21_2023-01-26_20,34,none,,niblack,docling_easyocr,deepseek,8,0,0,0,8,0.0,0.0,0.0,0,,,,,28.990231594,1
peru21_2023-01-26_20,34,none,,niblack,docling_rapidocr,deepseek,8,0,0,0,8,0.0,0.0,0.0,0,,,,,7.710148653,1
peru21_2023-01-26_20,34,none,,none_color,docling_easyocr,deepseek,8,0,0,0,8,0.0,0.0,0.0,0,,,,,34.503281063,1
peru21_2023-01-26_20,34,none,,none_color,docling_rapidocr,deepseek,8,1,0,1,8,0.0,0.0,0.0,1,0.8775510204081632,1.0,0.8070175438596491,0.921875,11.656160301,0
peru21_2023-01-26_20,34,none,,none_grayscale,docling_easyocr,deepseek,8,0,0,0,8,0.0,0.0,0.0,0,,,,,33.23391146,1
peru21_2023-01-26_20,34,none,,none_grayscale,docling_rapidocr,deepseek,8,1,0,1,8,0.0,0.0,0.0,1,5.333333333333333,7.0,0.8958333333333334,1.0,11.794913,0
peru21_2023-01-26_20,34,none,,otsu,docling_easyocr,deepseek,8,0,0,0,8,0.0,0.0,0.0,0,,,,,37.40299632,1
peru21_2023-01-26_20,34,none,,otsu,docling_rapidocr,deepseek,8,1,1,0,7,1.0,0.125,0.222222,1,0.8181818181818182,1.0,0.0,0.0,9.405194778,0
peru21_2023-01-26_20,35,none,,adaptive_gaussian,docling_easyocr,deepseek,8,0,0,0,8,0.0,0.0,0.0,0,,,,,29.635092443,1
peru21_2023-01-26_20,35,none,,adaptive_gaussian,docling_rapidocr,deepseek,8,0,0,0,8,0.0,0.0,0.0,0,,,,,7.850849575,1
peru21_2023-01-26_20,35,none,,adaptive_mean,docling_easyocr,deepseek,8,0,0,0,8,0.0,0.0,0.0,0,,,,,30.611898607,1
peru21_2023-01-26_20,35,none,,adaptive_mean,docling_rapidocr,deepseek,8,0,0,0,8,0.0,0.0,0.0,0,,,,,7.454091257,1
peru21_2023-01-26_20,35,none,,basic,docling_easyocr,deepseek,8,0,0,0,8,0.0,0.0,0.0,0,,,,,33.6234682,1
peru21_2023-01-26_20,35,none,,basic,docling_rapidocr,deepseek,8,0,0,0,8,0.0,0.0,0.0,0,,,,,8.277341882,1
peru21_2023-01-26_20,35,none,,niblack,docling_easyocr,deepseek,8,0,0,0,8,0.0,0.0,0.0,0,,,,,29.118589813,1
peru21_2023-01-26_20,35,none,,niblack,docling_rapidocr,deepseek,8,0,0,0,8,0.0,0.0,0.0,0,,,,,7.786477024,1
peru21_2023-01-26_20,35,none,,none_color,docling_easyocr,deepseek,8,0,0,0,8,0.0,0.0,0.0,0,,,,,32.234500209,1
peru21_2023-01-26_20,35,none,,none_color,docling_rapidocr,deepseek,8,0,0,0,8,0.0,0.0,0.0,0,,,,,8.208159248,1
peru21_2023-01-26_20,35,none,,none_grayscale,docling_easyocr,deepseek,8,0,0,0,8,0.0,0.0,0.0,0,,,,,33.86147813,1
peru21_2023-01-26_20,35,none,,none_grayscale,docling_rapidocr,deepseek,8,0,0,0,8,0.0,0.0,0.0,0,,,,,8.775242607,1
peru21_2023-01-26_20,35,none,,otsu,docling_easyocr,deepseek,8,0,0,0,8,0.0,0.0,0.0,0,,,,,30.543904583,1
peru21_2023-01-26_20,35,none,,otsu,docling_rapidocr,deepseek,8,0,0,0,8,0.0,0.0,0.0,0,,,,,7.426656763,1
peru21_2023-01-26_20,36,none,,adaptive_gaussian,docling_easyocr,deepseek,8,0,0,0,8,0.0,0.0,0.0,0,,,,,30.980380502,1
peru21_2023-01-26_20,36,none,,adaptive_gaussian,docling_rapidocr,deepseek,8,0,0,0,8,0.0,0.0,0.0,0,,,,,7.870789495,1
peru21_2023-01-26_20,36,none,,adaptive_mean,docling_easyocr,deepseek,8,0,0,0,8,0.0,0.0,0.0,0,,,,,29.485364404,1
peru21_2023-01-26_20,36,none,,adaptive_mean,docling_rapidocr,deepseek,8,0,0,0,8,0.0,0.0,0.0,0,,,,,7.501072851,1
peru21_2023-01-26_20,36,none,,basic,docling_easyocr,deepseek,8,0,0,0,8,0.0,0.0,0.0,0,,,,,33.933044971,1
peru21_2023-01-26_20,36,none,,basic,docling_rapidocr,deepseek,8,0,0,0,8,0.0,0.0,0.0,0,,,,,8.356269659,1
peru21_2023-01-26_20,36,none,,niblack,docling_easyocr,deepseek,8,0,0,0,8,0.0,0.0,0.0,0,,,,,30.533911899,1
peru21_2023-01-26_20,36,none,,niblack,docling_rapidocr,deepseek,8,0,0,0,8,0.0,0.0,0.0,0,,,,,7.271789507,1
peru21_2023-01-26_20,36,none,,none_color,docling_easyocr,deepseek,8,0,0,0,8,0.0,0.0,0.0,0,,,,,33.569191516,1
peru21_2023-01-26_20,36,none,,none_color,docling_rapidocr,deepseek,8,0,0,0,8,0.0,0.0,0.0,0,,,,,11.757935108,1
peru21_2023-01-26_20,36,none,,none_grayscale,docling_easyocr,deepseek,8,0,0,0,8,0.0,0.0,0.0,0,,,,,32.006354393,1
peru21_2023-01-26_20,36,none,,none_grayscale,docling_rapidocr,deepseek,8,0,0,0,8,0.0,0.0,0.0,0,,,,,11.974949182,1
peru21_2023-01-26_20,36,none,,otsu,docling_easyocr,deepseek,8,0,0,0,8,0.0,0.0,0.0,0,,,,,31.336541547,1
peru21_2023-01-26_20,36,none,,otsu,docling_rapidocr,deepseek,8,0,0,0,8,0.0,0.0,0.0,0,,,,,8.685521974,1
peru21_2023-01-26_20,37,none,,adaptive_gaussian,docling_easyocr,deepseek,8,0,0,0,8,0.0,0.0,0.0,0,,,,,31.155004613,1
peru21_2023-01-26_20,37,none,,adaptive_gaussian,docling_rapidocr,deepseek,8,0,0,0,8,0.0,0.0,0.0,0,,,,,7.413205974,1
peru21_2023-01-26_20,37,none,,adaptive_mean,docling_easyocr,deepseek,8,0,0,0,8,0.0,0.0,0.0,0,,,,,29.550576799,1
peru21_2023-01-26_20,37,none,,adaptive_mean,docling_rapidocr,deepseek,8,0,0,0,8,0.0,0.0,0.0,0,,,,,7.850125425,1
peru21_2023-01-26_20,37,none,,basic,docling_easyocr,deepseek,8,0,0,0,8,0.0,0.0,0.0,0,,,,,41.466191021,1
peru21_2023-01-26_20,37,none,,basic,docling_rapidocr,deepseek,8,0,0,0,8,0.0,0.0,0.0,0,,,,,11.860049692,1
peru21_2023-01-26_20,37,none,,niblack,docling_easyocr,deepseek,8,0,0,0,8,0.0,0.0,0.0,0,,,,,29.213457208,1
peru21_2023-01-26_20,37,none,,niblack,docling_rapidocr,deepseek,8,0,0,0,8,0.0,0.0,0.0,0,,,,,7.698862653,1
peru21_2023-01-26_20,37,none,,none_color,docling_easyocr,deepseek,8,0,0,0,8,0.0,0.0,0.0,0,,,,,32.756726709,1
peru21_2023-01-26_20,37,none,,none_color,docling_rapidocr,deepseek,8,0,0,0,8,0.0,0.0,0.0,0,,,,,12.692858663,1
peru21_2023-01-26_20,37,none,,none_grayscale,docling_easyocr,deepseek,8,0,0,0,8,0.0,0.0,0.0,0,,,,,32.486297575,1
peru21_2023-01-26_20,37,none,,none_grayscale,docling_rapidocr,deepseek,8,0,0,0,8,0.0,0.0,0.0,0,,,,,12.600214449,1
peru21_2023-01-26_20,37,none,,otsu,docling_easyocr,deepseek,8,0,0,0,8,0.0,0.0,0.0,0,,,,,41.950249712,1
peru21_2023-01-26_20,37,none,,otsu,docling_rapidocr,deepseek,8,0,0,0,8,0.0,0.0,0.0,0,,,,,11.489579717,1
peru21_2023-01-26_20,38,none,,adaptive_gaussian,docling_easyocr,deepseek,8,0,0,0,8,0.0,0.0,0.0,0,,,,,31.28596825,1
peru21_2023-01-26_20,38,none,,adaptive_gaussian,docling_rapidocr,deepseek,8,0,0,0,8,0.0,0.0,0.0,0,,,,,7.648123687,1
peru21_2023-01-26_20,38,none,,adaptive_mean,docling_easyocr,deepseek,8,0,0,0,8,0.0,0.0,0.0,0,,,,,29.798552221,1
peru21_2023-01-26_20,38,none,,adaptive_mean,docling_rapidocr,deepseek,8,0,0,0,8,0.0,0.0,0.0,0,,,,,7.627778238,1
peru21_2023-01-26_20,38,none,,basic,docling_easyocr,deepseek,8,0,0,0,8,0.0,0.0,0.0,0,,,,,33.704070608,1
peru21_2023-01-26_20,38,none,,basic,docling_rapidocr,deepseek,8,0,0,0,8,0.0,0.0,0.0,0,,,,,8.145185033,1
peru21_2023-01-26_20,38,none,,niblack,docling_easyocr,deepseek,8,0,0,0,8,0.0,0.0,0.0,0,,,,,29.601140102,1
peru21_2023-01-26_20,38,none,,niblack,docling_rapidocr,deepseek,8,0,0,0,8,0.0,0.0,0.0,0,,,,,7.495613416,1
peru21_2023-01-26_20,38,none,,none_color,docling_easyocr,deepseek,8,0,0,0,8,0.0,0.0,0.0,0,,,,,33.694600622,1
peru21_2023-01-26_20,38,none,,none_color,docling_rapidocr,deepseek,8,0,0,0,8,0.0,0.0,0.0,0,,,,,11.685013811,1
peru21_2023-01-26_20,38,none,,none_grayscale,docling_easyocr,deepseek,8,0,0,0,8,0.0,0.0,0.0,0,,,,,33.508202592,1
peru21_2023-01-26_20,38,none,,none_grayscale,docling_rapidocr,deepseek,8,0,0,0,8,0.0,0.0,0.0,0,,,,,11.756752769,1
peru21_2023-01-26_20,38,none,,otsu,docling_easyocr,deepseek,8,0,0,0,8,0.0,0.0,0.0,0,,,,,30.72207884,1
peru21_2023-01-26_20,38,none,,otsu,docling_rapidocr,deepseek,8,0,0,0,8,0.0,0.0,0.0,0,,,,,7.82073907,1
peru21_2023-01-26_20,39,none,,adaptive_gaussian,docling_easyocr,deepseek,8,0,0,0,8,0.0,0.0,0.0,0,,,,,37.045087074,1
peru21_2023-01-26_20,39,none,,adaptive_gaussian,docling_rapidocr,deepseek,8,0,0,0,8,0.0,0.0,0.0,0,,,,,14.01915953,1
peru21_2023-01-26_20,39,none,,adaptive_mean,docling_easyocr,deepseek,8,0,0,0,8,0.0,0.0,0.0,0,,,,,36.166051601,1
peru21_2023-01-26_20,39,none,,adaptive_mean,docling_rapidocr,deepseek,8,0,0,0,8,0.0,0.0,0.0,0,,,,,14.068284486,1
peru21_2023-01-26_20,39,none,,basic,docling_easyocr,deepseek,8,0,0,0,8,0.0,0.0,0.0,0,,,,,50.231268236,1
peru21_2023-01-26_20,39,none,,basic,docling_rapidocr,deepseek,8,1,0,1,8,0.0,0.0,0.0,1,14.666666666666666,18.0,0.3465346534653465,0.8823529411764706,19.147041627,0
peru21_2023-01-26_20,39,none,,niblack,docling_easyocr,deepseek,8,0,0,0,8,0.0,0.0,0.0,0,,,,,36.668636596,1
peru21_2023-01-26_20,39,none,,niblack,docling_rapidocr,deepseek,8,0,0,0,8,0.0,0.0,0.0,0,,,,,13.73814348,1
peru21_2023-01-26_20,39,none,,none_color,docling_easyocr,deepseek,8,1,0,1,8,0.0,0.0,0.0,1,0.46938775510204084,0.9090909090909091,1.0,1.0,52.545557567,0
peru21_2023-01-26_20,39,none,,none_color,docling_rapidocr,deepseek,8,12,1,11,7,0.083333,0.125,0.1,5,0.022727272727272728,0.15,0.9979416554855153,0.8,18.874058076,0
peru21_2023-01-26_20,39,none,,none_grayscale,docling_easyocr,deepseek,8,0,0,0,8,0.0,0.0,0.0,0,,,,,51.797251293,1
peru21_2023-01-26_20,39,none,,none_grayscale,docling_rapidocr,deepseek,8,1,0,1,8,0.0,0.0,0.0,1,0.045454545454545456,0.25,1.0,1.0,18.619575807,0
peru21_2023-01-26_20,39,none,,otsu,docling_easyocr,deepseek,8,0,0,0,8,0.0,0.0,0.0,0,,,,,52.494229696,1
peru21_2023-01-26_20,39,none,,otsu,docling_rapidocr,deepseek,8,1,0,1,8,0.0,0.0,0.0,1,3.0,4.0,0.7425742574257426,1.0,18.948701761,0
peru21_2023-01-26_20,40,none,,adaptive_gaussian,docling_easyocr,deepseek,8,0,0,0,8,0.0,0.0,0.0,0,,,,,37.08180763,1
peru21_2023-01-26_20,40,none,,adaptive_gaussian,docling_rapidocr,deepseek,8,0,0,0,8,0.0,0.0,0.0,0,,,,,14.091836946,1
peru21_2023-01-26_20,40,none,,adaptive_mean,docling_easyocr,deepseek,8,0,0,0,8,0.0,0.0,0.0,0,,,,,36.349227445,1
peru21_2023-01-26_20,40,none,,adaptive_mean,docling_rapidocr,deepseek,8,0,0,0,8,0.0,0.0,0.0,0,,,,,13.738938825,1
peru21_2023-01-26_20,40,none,,basic,docling_easyocr,deepseek,8,0,0,0,8,0.0,0.0,0.0,0,,,,,51.715347639,1
peru21_2023-01-26_20,40,none,,basic,docling_rapidocr,deepseek,8,0,0,0,8,0.0,0.0,0.0,0,,,,,18.948301664,1
peru21_2023-01-26_20,40,none,,niblack,docling_easyocr,deepseek,8,0,0,0,8,0.0,0.0,0.0,0,,,,,36.498325187,1
peru21_2023-01-26_20,40,none,,niblack,docling_rapidocr,deepseek,8,0,0,0,8,0.0,0.0,0.0,0,,,,,13.684455711,1
peru21_2023-01-26_20,40,none,,none_color,docling_easyocr,deepseek,8,2,0,2,8,0.0,0.0,0.0,1,1.8333333333333333,1.0,0.5445544554455446,0.7058823529411765,50.941618076,0
peru21_2023-01-26_20,40,none,,none_color,docling_rapidocr,deepseek,8,1,0,1,8,0.0,0.0,0.0,1,0.7959183673469388,1.0,0.7105263157894737,0.78125,18.571733585,0
peru21_2023-01-26_20,40,none,,none_grayscale,docling_easyocr,deepseek,8,0,0,0,8,0.0,0.0,0.0,0,,,,,51.699252716,1
peru21_2023-01-26_20,40,none,,none_grayscale,docling_rapidocr,deepseek,8,1,0,1,8,0.0,0.0,0.0,1,0.045454545454545456,0.25,1.0,1.0,18.874202838,0
peru21_2023-01-26_20,40,none,,otsu,docling_easyocr,deepseek,8,0,0,0,8,0.0,0.0,0.0,0,,,,,51.199915115,1
peru21_2023-01-26_20,40,none,,otsu,docling_rapidocr,deepseek,8,1,0,1,8,0.0,0.0,0.0,1,0.875,1.0,0.6765432098765433,0.9444444444444444,18.826086942,0
peru21_2023-01-26_20,41,none,,adaptive_gaussian,docling_easyocr,deepseek,8,0,0,0,8,0.0,0.0,0.0,0,,,,,36.62712837,1
peru21_2023-01-26_20,41,none,,adaptive_gaussian,docling_rapidocr,deepseek,8,0,0,0,8,0.0,0.0,0.0,0,,,,,13.797066934,1
peru21_2023-01-26_20,41,none,,adaptive_mean,docling_easyocr,deepseek,8,0,0,0,8,0.0,0.0,0.0,0,,,,,37.608943708,1
peru21_2023-01-26_20,41,none,,adaptive_mean,docling_rapidocr,deepseek,8,0,0,0,8,0.0,0.0,0.0,0,,,,,14.857877262,1
peru21_2023-01-26_20,41,none,,basic,docling_easyocr,deepseek,8,0,0,0,8,0.0,0.0,0.0,0,,,,,41.132518869,1
peru21_2023-01-26_20,41,none,,basic,docling_rapidocr,deepseek,8,0,0,0,8,0.0,0.0,0.0,0,,,,,16.122017246,1
peru21_2023-01-26_20,41,none,,niblack,docling_easyocr,deepseek,8,0,0,0,8,0.0,0.0,0.0,0,,,,,36.409902091,1
peru21_2023-01-26_20,41,none,,niblack,docling_rapidocr,deepseek,8,0,0,0,8,0.0,0.0,0.0,0,,,,,13.543898101,1
peru21_2023-01-26_20,41,none,,none_color,docling_easyocr,deepseek,8,0,0,0,8,0.0,0.0,0.0,0,,,,,51.315375667,1
peru21_2023-01-26_20,41,none,,none_color,docling_rapidocr,deepseek,8,1,0,1,8,0.0,0.0,0.0,1,0.045454545454545456,0.25,1.0,1.0,18.531983238,0
peru21_2023-01-26_20,41,none,,none_grayscale,docling_easyocr,deepseek,8,0,0,0,8,0.0,0.0,0.0,0,,,,,51.776846271,1
peru21_2023-01-26_20,41,none,,none_grayscale,docling_rapidocr,deepseek,8,1,0,1,8,0.0,0.0,0.0,1,0.045454545454545456,0.25,1.0,1.0,18.684601407,0
peru21_2023-01-26_20,41,none,,otsu,docling_easyocr,deepseek,8,0,0,0,8,0.0,0.0,0.0,0,,,,,51.111242395,1
peru21_2023-01-26_20,41,none,,otsu,docling_rapidocr,deepseek,8,0,0,0,8,0.0,0.0,0.0,0,,,,,18.2905582,1
peru21_2023-01-26_20,42,none,,adaptive_gaussian,docling_easyocr,deepseek,8,0,0,0,8,0.0,0.0,0.0,0,,,,,33.43638839,1
peru21_2023-01-26_20,42,none,,adaptive_gaussian,docling_rapidocr,deepseek,8,0,0,0,8,0.0,0.0,0.0,0,,,,,7.548579828,1
peru21_2023-01-26_20,42,none,,adaptive_mean,docling_easyocr,deepseek,8,0,0,0,8,0.0,0.0,0.0,0,,,,,31.820508854,1
peru21_2023-01-26_20,42,none,,adaptive_mean,docling_rapidocr,deepseek,8,0,0,0,8,0.0,0.0,0.0,0,,,,,7.449678318,1
peru21_2023-01-26_20,42,none,,basic,docling_easyocr,deepseek,8,0,0,0,8,0.0,0.0,0.0,0,,,,,44.428166857,1
peru21_2023-01-26_20,42,none,,basic,docling_rapidocr,deepseek,8,0,0,0,8,0.0,0.0,0.0,0,,,,,11.736814013,1
peru21_2023-01-26_20,42,none,,niblack,docling_easyocr,deepseek,8,0,0,0,8,0.0,0.0,0.0,0,,,,,28.487975555,1
peru21_2023-01-26_20,42,none,,niblack,docling_rapidocr,deepseek,8,0,0,0,8,0.0,0.0,0.0,0,,,,,7.533481556,1
peru21_2023-01-26_20,42,none,,none_color,docling_easyocr,deepseek,8,0,0,0,8,0.0,0.0,0.0,0,,,,,44.801901808,1
peru21_2023-01-26_20,42,none,,none_color,docling_rapidocr,deepseek,8,1,0,1,8,0.0,0.0,0.0,1,4.482142857142857,2.5,0.6271604938271605,0.9444444444444444,12.029357901,0
peru21_2023-01-26_20,42,none,,none_grayscale,docling_easyocr,deepseek,8,0,0,0,8,0.0,0.0,0.0,0,,,,,43.733021965,1
peru21_2023-01-26_20,42,none,,none_grayscale,docling_rapidocr,deepseek,8,1,0,1,8,0.0,0.0,0.0,1,0.1836734693877551,1.0,0.7251461988304093,0.859375,12.006431808,0
peru21_2023-01-26_20,42,none,,otsu,docling_easyocr,deepseek,8,0,0,0,8,0.0,0.0,0.0,0,,,,,43.167213264,1
peru21_2023-01-26_20,42,none,,otsu,docling_rapidocr,deepseek,8,0,0,0,8,0.0,0.0,0.0,0,,,,,11.573981586,1
peru21_2023-01-26_20,43,none,,adaptive_gaussian,docling_easyocr,deepseek,8,0,0,0,8,0.0,0.0,0.0,0,,,,,30.978986233,1
peru21_2023-01-26_20,43,none,,adaptive_gaussian,docling_rapidocr,deepseek,8,0,0,0,8,0.0,0.0,0.0,0,,,,,7.729320019,1
peru21_2023-01-26_20,43,none,,adaptive_mean,docling_easyocr,deepseek,8,0,0,0,8,0.0,0.0,0.0,0,,,,,31.26551792,1
peru21_2023-01-26_20,43,none,,adaptive_mean,docling_rapidocr,deepseek,8,0,0,0,8,0.0,0.0,0.0,0,,,,,7.581130236,1
peru21_2023-01-26_20,43,none,,basic,docling_easyocr,deepseek,8,0,0,0,8,0.0,0.0,0.0,0,,,,,42.474627558,1
peru21_2023-01-26_20,43,none,,basic,docling_rapidocr,deepseek,8,1,0,1,8,0.0,0.0,0.0,1,11.666666666666666,9.0,0.7623762376237624,1.0,11.72601873,0
peru21_2023-01-26_20,43,none,,niblack,docling_easyocr,deepseek,8,0,0,0,8,0.0,0.0,0.0,0,,,,,28.768142897,1
peru21_2023-01-26_20,43,none,,niblack,docling_rapidocr,deepseek,8,0,0,0,8,0.0,0.0,0.0,0,,,,,7.679843622,1
peru21_2023-01-26_20,43,none,,none_color,docling_easyocr,deepseek,8,0,0,0,8,0.0,0.0,0.0,0,,,,,42.834084812,1
peru21_2023-01-26_20,43,none,,none_color,docling_rapidocr,deepseek,8,0,0,0,8,0.0,0.0,0.0,0,,,,,12.167309824,1
peru21_2023-01-26_20,43,none,,none_grayscale,docling_easyocr,deepseek,8,0,0,0,8,0.0,0.0,0.0,0,,,,,41.329164568,1
peru21_2023-01-26_20,43,none,,none_grayscale,docling_rapidocr,deepseek,8,1,0,1,8,0.0,0.0,0.0,1,0.19642857142857142,0.9,0.7506172839506173,1.0,12.266551796,0
peru21_2023-01-26_20,43,none,,otsu,docling_easyocr,deepseek,8,0,0,0,8,0.0,0.0,0.0,0,,,,,39.823210613,1
peru21_2023-01-26_20,43,none,,otsu,docling_rapidocr,deepseek,8,1,0,1,8,0.0,0.0,0.0,1,1.2678571428571428,1.0,0.7728395061728395,0.9861111111111112,11.139384405,0
peru21_2023-01-26_20,44,none,,adaptive_gaussian,docling_easyocr,deepseek,8,0,0,0,8,0.0,0.0,0.0,0,,,,,32.264796942,1
peru21_2023-01-26_20,44,none,,adaptive_gaussian,docling_rapidocr,deepseek,8,0,0,0,8,0.0,0.0,0.0,0,,,,,7.536078899,1
peru21_2023-01-26_20,44,none,,adaptive_mean,docling_easyocr,deepseek,8,0,0,0,8,0.0,0.0,0.0,0,,,,,33.307201832,1
peru21_2023-01-26_20,44,none,,adaptive_mean,docling_rapidocr,deepseek,8,0,0,0,8,0.0,0.0,0.0,0,,,,,7.646474092,1
peru21_2023-01-26_20,44,none,,basic,docling_easyocr,deepseek,8,0,0,0,8,0.0,0.0,0.0,0,,,,,38.163663212,1
peru21_2023-01-26_20,44,none,,basic,docling_rapidocr,deepseek,8,0,0,0,8,0.0,0.0,0.0,0,,,,,8.263026062,1
peru21_2023-01-26_20,44,none,,niblack,docling_easyocr,deepseek,8,0,0,0,8,0.0,0.0,0.0,0,,,,,29.590928751,1
peru21_2023-01-26_20,44,none,,niblack,docling_rapidocr,deepseek,8,0,0,0,8,0.0,0.0,0.0,0,,,,,7.751021582,1
peru21_2023-01-26_20,44,none,,none_color,docling_easyocr,deepseek,8,0,0,0,8,0.0,0.0,0.0,0,,,,,46.564759556,1
peru21_2023-01-26_20,44,none,,none_color,docling_rapidocr,deepseek,8,1,0,1,8,0.0,0.0,0.0,1,4.517857142857143,2.3,0.6148148148148148,0.9583333333333334,12.103376928,0
peru21_2023-01-26_20,44,none,,none_grayscale,docling_easyocr,deepseek,8,0,0,0,8,0.0,0.0,0.0,0,,,,,45.096065107,1
peru21_2023-01-26_20,44,none,,none_grayscale,docling_rapidocr,deepseek,8,1,0,1,8,0.0,0.0,0.0,1,4.517857142857143,2.3,0.6148148148148148,0.9583333333333334,12.420913998,0
peru21_2023-01-26_20,44,none,,otsu,docling_easyocr,deepseek,8,0,0,0,8,0.0,0.0,0.0,0,,,,,44.543903891,1
peru21_2023-01-26_20,44,none,,otsu,docling_rapidocr,deepseek,8,0,0,0,8,0.0,0.0,0.0,0,,,,,12.047370735,1
peru21_2023-01-26_20,45,none,,adaptive_gaussian,docling_easyocr,deepseek,8,0,0,0,8,0.0,0.0,0.0,0,,,,,31.482975388,1
peru21_2023-01-26_20,45,none,,adaptive_mean,docling_easyocr,deepseek,8,0,0,0,8,0.0,0.0,0.0,0,,,,,29.815872574,1
peru21_2023-01-26_20,45,none,,basic,docling_easyocr,deepseek,8,0,0,0,8,0.0,0.0,0.0,0,,,,,30.220371006,1
peru21_2023-01-26_20,45,none,,basic,docling_rapidocr,deepseek,8,0,0,0,8,0.0,0.0,0.0,0,,,,,7.945610044,1
peru21_2023-01-26_20,45,none,,none_color,docling_easyocr,deepseek,8,0,0,0,8,0.0,0.0,0.0,0,,,,,30.137667654,1
peru21_2023-01-26_20,45,none,,none_grayscale,docling_easyocr,deepseek,8,0,0,0,8,0.0,0.0,0.0,0,,,,,29.763951061,1
peru21_2023-01-26_20,45,none,,otsu,docling_easyocr,deepseek,8,0,0,0,8,0.0,0.0,0.0,0,,,,,29.231738327,1
peru21_2023-01-26_20,45,none,,otsu,docling_rapidocr,deepseek,8,0,0,0,8,0.0,0.0,0.0,0,,,,,7.585318563,1
peru21_2023-01-26_20,46,none,,adaptive_gaussian,docling_easyocr,deepseek,8,0,0,0,8,0.0,0.0,0.0,0,,,,,30.069422575,1
peru21_2023-01-26_20,46,none,,adaptive_mean,docling_easyocr,deepseek,8,0,0,0,8,0.0,0.0,0.0,0,,,,,28.981785627,1
peru21_2023-01-26_20,46,none,,basic,docling_easyocr,deepseek,8,0,0,0,8,0.0,0.0,0.0,0,,,,,27.794683164,1
peru21_2023-01-26_20,46,none,,basic,docling_rapidocr,deepseek,8,0,0,0,8,0.0,0.0,0.0,0,,,,,6.978737539,1
peru21_2023-01-26_20,46,none,,niblack,docling_easyocr,deepseek,8,0,0,0,8,0.0,0.0,0.0,0,,,,,29.3829743,1
peru21_2023-01-26_20,46,none,,none_color,docling_easyocr,deepseek,8,0,0,0,8,0.0,0.0,0.0,0,,,,,29.908259338,1
peru21_2023-01-26_20,46,none,,none_grayscale,docling_easyocr,deepseek,8,0,0,0,8,0.0,0.0,0.0,0,,,,,30.059487289,1
peru21_2023-01-26_20,46,none,,otsu,docling_easyocr,deepseek,8,0,0,0,8,0.0,0.0,0.0,0,,,,,29.306018775,1
peru21_2023-01-26_20,46,none,,otsu,docling_rapidocr,deepseek,8,0,0,0,8,0.0,0.0,0.0,0,,,,,6.548860734,1
peru21_2023-01-26_20,47,none,,adaptive_gaussian,docling_easyocr,deepseek,8,0,0,0,8,0.0,0.0,0.0,0,,,,,28.683626577,1
peru21_2023-01-26_20,47,none,,adaptive_gaussian,docling_rapidocr,deepseek,8,0,0,0,8,0.0,0.0,0.0,0,,,,,6.827662155,1
peru21_2023-01-26_20,47,none,,adaptive_mean,docling_easyocr,deepseek,8,0,0,0,8,0.0,0.0,0.0,0,,,,,29.063410446,1
peru21_2023-01-26_20,47,none,,basic,docling_easyocr,deepseek,8,0,0,0,8,0.0,0.0,0.0,0,,,,,28.176317949,1
peru21_2023-01-26_20,47,none,,basic,docling_rapidocr,deepseek,8,0,0,0,8,0.0,0.0,0.0,0,,,,,6.716293115,1
peru21_2023-01-26_20,47,none,,niblack,docling_easyocr,deepseek,8,0,0,0,8,0.0,0.0,0.0,0,,,,,29.143050584,1
peru21_2023-01-26_20,47,none,,none_color,docling_easyocr,deepseek,8,0,0,0,8,0.0,0.0,0.0,0,,,,,28.92443921,1
peru21_2023-01-26_20,47,none,,none_grayscale,docling_easyocr,deepseek,8,0,0,0,8,0.0,0.0,0.0,0,,,,,29.757547397,1
peru21_2023-01-26_20,47,none,,otsu,docling_easyocr,deepseek,8,0,0,0,8,0.0,0.0,0.0,0,,,,,29.03358056,1
peru21_2023-01-26_20,47,none,,otsu,docling_rapidocr,deepseek,8,0,0,0,8,0.0,0.0,0.0,0,,,,,6.806984205,1
peru21_2023-01-26_20,48,none,,adaptive_gaussian,docling_easyocr,deepseek,8,0,0,0,8,0.0,0.0,0.0,0,,,,,45.230654777,1
peru21_2023-01-26_20,48,none,,adaptive_gaussian,docling_rapidocr,deepseek,8,0,0,0,8,0.0,0.0,0.0,0,,,,,24.84351641,1
peru21_2023-01-26_20,48,none,,adaptive_mean,docling_easyocr,deepseek,8,0,0,0,8,0.0,0.0,0.0,0,,,,,46.391708362,1
peru21_2023-01-26_20,48,none,,adaptive_mean,docling_rapidocr,deepseek,8,0,0,0,8,0.0,0.0,0.0,0,,,,,24.649922597,1
peru21_2023-01-26_20,48,none,,basic,docling_easyocr,deepseek,8,0,0,0,8,0.0,0.0,0.0,0,,,,,48.979080116,1
peru21_2023-01-26_20,48,none,,basic,docling_rapidocr,deepseek,8,0,0,0,8,0.0,0.0,0.0,0,,,,,24.832198774,1
peru21_2023-01-26_20,48,none,,niblack,docling_easyocr,deepseek,8,0,0,0,8,0.0,0.0,0.0,0,,,,,44.769130279,1
peru21_2023-01-26_20,48,none,,niblack,docling_rapidocr,deepseek,8,0,0,0,8,0.0,0.0,0.0,0,,,,,24.321182539,1
peru21_2023-01-26_20,48,none,,none_color,docling_easyocr,deepseek,8,0,0,0,8,0.0,0.0,0.0,0,,,,,48.19183675,1
peru21_2023-01-26_20,48,none,,none_color,docling_rapidocr,deepseek,8,0,0,0,8,0.0,0.0,0.0,0,,,,,28.557531272,1
peru21_2023-01-26_20,48,none,,none_grayscale,docling_easyocr,deepseek,8,0,0,0,8,0.0,0.0,0.0,0,,,,,47.147652542,1
peru21_2023-01-26_20,48,none,,none_grayscale,docling_rapidocr,deepseek,8,0,0,0,8,0.0,0.0,0.0,0,,,,,28.672964489,1
peru21_2023-01-26_20,48,none,,otsu,docling_easyocr,deepseek,8,0,0,0,8,0.0,0.0,0.0,0,,,,,48.535913621,1
peru21_2023-01-26_20,48,none,,otsu,docling_rapidocr,deepseek,8,0,0,0,8,0.0,0.0,0.0,0,,,,,24.959551727,1
peru21_2023-01-26_20,49,none,,adaptive_gaussian,docling_easyocr,deepseek,8,0,0,0,8,0.0,0.0,0.0,0,,,,,45.092011322,1
peru21_2023-01-26_20,49,none,,adaptive_gaussian,docling_rapidocr,deepseek,8,0,0,0,8,0.0,0.0,0.0,0,,,,,24.678110469,1
peru21_2023-01-26_20,49,none,,adaptive_mean,docling_easyocr,deepseek,8,0,0,0,8,0.0,0.0,0.0,0,,,,,45.656245817,1
peru21_2023-01-26_20,49,none,,adaptive_mean,docling_rapidocr,deepseek,8,0,0,0,8,0.0,0.0,0.0,0,,,,,24.44647919,1
peru21_2023-01-26_20,49,none,,basic,docling_easyocr,deepseek,8,0,0,0,8,0.0,0.0,0.0,0,,,,,50.602121078,1
peru21_2023-01-26_20,49,none,,basic,docling_rapidocr,deepseek,8,0,0,0,8,0.0,0.0,0.0,0,,,,,26.71396228,1
peru21_2023-01-26_20,49,none,,niblack,docling_easyocr,deepseek,8,0,0,0,8,0.0,0.0,0.0,0,,,,,44.280696085,1
peru21_2023-01-26_20,49,none,,niblack,docling_rapidocr,deepseek,8,0,0,0,8,0.0,0.0,0.0,0,,,,,24.377875974,1
peru21_2023-01-26_20,49,none,,none_color,docling_easyocr,deepseek,8,0,0,0,8,0.0,0.0,0.0,0,,,,,47.919840061,1
peru21_2023-01-26_20,49,none,,none_color,docling_rapidocr,deepseek,8,0,0,0,8,0.0,0.0,0.0,0,,,,,28.170424186,1
peru21_2023-01-26_20,49,none,,none_grayscale,docling_easyocr,deepseek,8,0,0,0,8,0.0,0.0,0.0,0,,,,,47.647343599,1
peru21_2023-01-26_20,49,none,,none_grayscale,docling_rapidocr,deepseek,8,0,0,0,8,0.0,0.0,0.0,0,,,,,28.138964855,1
peru21_2023-01-26_20,49,none,,otsu,docling_easyocr,deepseek,8,0,0,0,8,0.0,0.0,0.0,0,,,,,51.163897478,1
peru21_2023-01-26_20,49,none,,otsu,docling_rapidocr,deepseek,8,0,0,0,8,0.0,0.0,0.0,0,,,,,25.340609991,1
peru21_2023-01-26_20,50,none,,adaptive_gaussian,docling_easyocr,deepseek,8,0,0,0,8,0.0,0.0,0.0,0,,,,,43.894909702,1
peru21_2023-01-26_20,50,none,,adaptive_gaussian,docling_rapidocr,deepseek,8,0,0,0,8,0.0,0.0,0.0,0,,,,,24.286209188,1
peru21_2023-01-26_20,50,none,,adaptive_mean,docling_easyocr,deepseek,8,0,0,0,8,0.0,0.0,0.0,0,,,,,44.992382131,1
peru21_2023-01-26_20,50,none,,adaptive_mean,docling_rapidocr,deepseek,8,0,0,0,8,0.0,0.0,0.0,0,,,,,24.142344556,1
peru21_2023-01-26_20,50,none,,basic,docling_easyocr,deepseek,8,0,0,0,8,0.0,0.0,0.0,0,,,,,46.840819772,1
peru21_2023-01-26_20,50,none,,basic,docling_rapidocr,deepseek,8,0,0,0,8,0.0,0.0,0.0,0,,,,,24.148990568,1
peru21_2023-01-26_20,50,none,,niblack,docling_easyocr,deepseek,8,0,0,0,8,0.0,0.0,0.0,0,,,,,43.582036327,1
peru21_2023-01-26_20,50,none,,niblack,docling_rapidocr,deepseek,8,0,0,0,8,0.0,0.0,0.0,0,,,,,23.975096057,1
peru21_2023-01-26_20,50,none,,none_color,docling_easyocr,deepseek,8,0,0,0,8,0.0,0.0,0.0,0,,,,,46.426212486,1
peru21_2023-01-26_20,50,none,,none_color,docling_rapidocr,deepseek,8,0,0,0,8,0.0,0.0,0.0,0,,,,,26.187361654,1
peru21_2023-01-26_20,50,none,,none_grayscale,docling_easyocr,deepseek,8,0,0,0,8,0.0,0.0,0.0,0,,,,,46.331807312,1
peru21_2023-01-26_20,50,none,,none_grayscale,docling_rapidocr,deepseek,8,0,0,0,8,0.0,0.0,0.0,0,,,,,26.091314252,1
peru21_2023-01-26_20,50,none,,otsu,docling_easyocr,deepseek,8,0,0,0,8,0.0,0.0,0.0,0,,,,,45.676787551,1
peru21_2023-01-26_20,50,none,,otsu,docling_rapidocr,deepseek,8,0,0,0,8,0.0,0.0,0.0,0,,,,,24.209988292,1
peru21_2023-01-26_20,51,none,,adaptive_gaussian,docling_easyocr,deepseek,8,0,0,0,8,0.0,0.0,0.0,0,,,,,27.476267868,1
peru21_2023-01-26_20,51,none,,adaptive_gaussian,docling_rapidocr,deepseek,8,0,0,0,8,0.0,0.0,0.0,0,,,,,7.365197235,1
peru21_2023-01-26_20,51,none,,adaptive_mean,docling_easyocr,deepseek,8,0,0,0,8,0.0,0.0,0.0,0,,,,,26.318671518,1
peru21_2023-01-26_20,51,none,,adaptive_mean,docling_rapidocr,deepseek,8,0,0,0,8,0.0,0.0,0.0,0,,,,,6.878521257,1
peru21_2023-01-26_20,51,none,,basic,docling_easyocr,deepseek,8,0,0,0,8,0.0,0.0,0.0,0,,,,,34.236811546,1
peru21_2023-01-26_20,51,none,,basic,docling_rapidocr,deepseek,8,0,0,0,8,0.0,0.0,0.0,0,,,,,10.295457271,1
peru21_2023-01-26_20,51,none,,niblack,docling_easyocr,deepseek,8,0,0,0,8,0.0,0.0,0.0,0,,,,,25.636041444,1
peru21_2023-01-26_20,51,none,,niblack,docling_rapidocr,deepseek,8,0,0,0,8,0.0,0.0,0.0,0,,,,,7.047084373,1
peru21_2023-01-26_20,51,none,,none_color,docling_easyocr,deepseek,8,0,0,0,8,0.0,0.0,0.0,0,,,,,34.926180748,1
peru21_2023-01-26_20,51,none,,none_color,docling_rapidocr,deepseek,8,1,1,0,7,1.0,0.125,0.222222,1,0.3673469387755102,0.6363636363636364,0.09941520467836257,0.265625,10.498284009,0
peru21_2023-01-26_20,51,none,,none_grayscale,docling_easyocr,deepseek,8,7,0,7,8,0.0,0.0,0.0,6,0.6725589225589226,1.0015151515151515,0.9344550256682588,0.9715470679012346,35.702415613,0
peru21_2023-01-26_20,51,none,,none_grayscale,docling_rapidocr,deepseek,8,1,0,1,8,0.0,0.0,0.0,1,0.8775510204081632,1.0,0.8011695906432749,0.921875,10.422028688,0
peru21_2023-01-26_20,51,none,,otsu,docling_easyocr,deepseek,8,0,0,0,8,0.0,0.0,0.0,0,,,,,33.962895135,1
peru21_2023-01-26_20,51,none,,otsu,docling_rapidocr,deepseek,8,1,0,1,8,0.0,0.0,0.0,1,0.875,1.0,0.582716049382716,0.9583333333333334,10.089897136,0
peru21_2023-01-26_20,52,none,,adaptive_gaussian,docling_easyocr,deepseek,8,0,0,0,8,0.0,0.0,0.0,0,,,,,26.189816455,1
peru21_2023-01-26_20,52,none,,adaptive_gaussian,docling_rapidocr,deepseek,8,0,0,0,8,0.0,0.0,0.0,0,,,,,6.82835267,1
peru21_2023-01-26_20,52,none,,adaptive_mean,docling_easyocr,deepseek,8,0,0,0,8,0.0,0.0,0.0,0,,,,,26.370782594,1
peru21_2023-01-26_20,52,none,,adaptive_mean,docling_rapidocr,deepseek,8,0,0,0,8,0.0,0.0,0.0,0,,,,,6.914246778,1
peru21_2023-01-26_20,52,none,,basic,docling_easyocr,deepseek,8,0,0,0,8,0.0,0.0,0.0,0,,,,,33.021566942,1
peru21_2023-01-26_20,52,none,,basic,docling_rapidocr,deepseek,8,0,0,0,8,0.0,0.0,0.0,0,,,,,9.46399863,1
peru21_2023-01-26_20,52,none,,niblack,docling_easyocr,deepseek,8,0,0,0,8,0.0,0.0,0.0,0,,,,,24.594003957,1
peru21_2023-01-26_20,52,none,,niblack,docling_rapidocr,deepseek,8,0,0,0,8,0.0,0.0,0.0,0,,,,,6.617084783,1
peru21_2023-01-26_20,52,none,,none_color,docling_easyocr,deepseek,8,0,0,0,8,0.0,0.0,0.0,0,,,,,34.111506536,1
peru21_2023-01-26_20,52,none,,none_color,docling_rapidocr,deepseek,8,5,2,3,6,0.4,0.25,0.307692,5,3.437224283652855,3.975,0.6234770528013536,0.915625,9.77166517,0
peru21_2023-01-26_20,52,none,,none_grayscale,docling_easyocr,deepseek,8,0,0,0,8,0.0,0.0,0.0,0,,,,,32.922281816,1
peru21_2023-01-26_20,52,none,,none_grayscale,docling_rapidocr,deepseek,8,2,0,2,8,0.0,0.0,0.0,2,10.75,12.5,0.9114583333333333,1.023109243697479,9.620220258,0
peru21_2023-01-26_20,52,none,,otsu,docling_easyocr,deepseek,8,0,0,0,8,0.0,0.0,0.0,0,,,,,32.261476902,1
peru21_2023-01-26_20,52,none,,otsu,docling_rapidocr,deepseek,8,1,1,0,7,1.0,0.125,0.222222,1,1.4545454545454546,1.25,0.0,0.0,9.680702594,0
peru21_2023-01-26_20,53,none,,adaptive_gaussian,docling_easyocr,deepseek,8,0,0,0,8,0.0,0.0,0.0,0,,,,,25.979094081,1
peru21_2023-01-26_20,53,none,,adaptive_gaussian,docling_rapidocr,deepseek,8,0,0,0,8,0.0,0.0,0.0,0,,,,,6.466074281,1
peru21_2023-01-26_20,53,none,,adaptive_mean,docling_easyocr,deepseek,8,0,0,0,8,0.0,0.0,0.0,0,,,,,25.708996349,1
peru21_2023-01-26_20,53,none,,adaptive_mean,docling_rapidocr,deepseek,8,0,0,0,8,0.0,0.0,0.0,0,,,,,6.414023214,1
peru21_2023-01-26_20,53,none,,basic,docling_easyocr,deepseek,8,0,0,0,8,0.0,0.0,0.0,0,,,,,33.282878784,1
peru21_2023-01-26_20,53,none,,basic,docling_rapidocr,deepseek,8,1,0,1,8,0.0,0.0,0.0,1,0.36363636363636365,0.75,1.0,1.0,9.328802494,0
peru21_2023-01-26_20,53,none,,niblack,docling_easyocr,deepseek,8,0,0,0,8,0.0,0.0,0.0,0,,,,,24.785289329,1
peru21_2023-01-26_20,53,none,,niblack,docling_rapidocr,deepseek,8,0,0,0,8,0.0,0.0,0.0,0,,,,,6.313097042,1
peru21_2023-01-26_20,53,none,,none_color,docling_easyocr,deepseek,8,0,0,0,8,0.0,0.0,0.0,0,,,,,32.310665515,1
peru21_2023-01-26_20,53,none,,none_color,docling_rapidocr,deepseek,8,0,0,0,8,0.0,0.0,0.0,0,,,,,9.534675029,1
peru21_2023-01-26_20,53,none,,none_grayscale,docling_easyocr,deepseek,8,0,0,0,8,0.0,0.0,0.0,0,,,,,32.578887847,1
peru21_2023-01-26_20,53,none,,none_grayscale,docling_rapidocr,deepseek,8,0,0,0,8,0.0,0.0,0.0,0,,,,,9.577044157,1
peru21_2023-01-26_20,53,none,,otsu,docling_easyocr,deepseek,8,0,0,0,8,0.0,0.0,0.0,0,,,,,32.968875555,1
peru21_2023-01-26_20,53,none,,otsu,docling_rapidocr,deepseek,8,1,0,1,8,0.0,0.0,0.0,1,4.166666666666667,6.0,0.38613861386138615,0.7647058823529411,9.299564031,0
