2026-07-07 20:44:27,237 [INFO] __main__: Logging in to portal...
2026-07-07 20:44:27,237 [WARNING] __main__: PressReader login is currently disabled. Proceeding without login.
2026-07-07 20:44:28,025 [INFO] src.corpus_acquisition.downloader: Downloading page 1 from https://t.prcdn.co/img?file=eag12020010100000000001001&page=1&scale=80
2026-07-07 20:44:28,029 [INFO] src.corpus_acquisition.crawler: Downloading -> data/raw/images/peru21/2020/01/01/peru21_2020-01-01_1.jpg
2026-07-07 20:44:30,228 [INFO] src.corpus_acquisition.downloader: Downloading page 2 from https://t.prcdn.co/img?file=eag12020010100000000001001&page=2&scale=80
2026-07-07 20:44:30,228 [INFO] src.corpus_acquisition.crawler: Downloading -> data/raw/images/peru21/2020/01/01/peru21_2020-01-01_2.jpg
2026-07-07 20:44:32,355 [INFO] src.corpus_acquisition.downloader: Downloading page 3 from https://t.prcdn.co/img?file=eag12020010100000000001001&page=3&scale=80
2026-07-07 20:44:32,355 [INFO] src.corpus_acquisition.crawler: Downloading -> data/raw/images/peru21/2020/01/01/peru21_2020-01-01_3.jpg
2026-07-07 20:44:35,061 [INFO] src.corpus_acquisition.downloader: Downloading page 4 from https://t.prcdn.co/img?file=eag12020010100000000001001&page=4&scale=80
2026-07-07 20:44:35,062 [INFO] src.corpus_acquisition.crawler: Downloading -> data/raw/images/peru21/2020/01/01/peru21_2020-01-01_4.jpg
2026-07-07 20:44:37,604 [INFO] src.corpus_acquisition.downloader: Downloading page 5 from https://t.prcdn.co/img?file=eag12020010100000000001001&page=5&scale=80
2026-07-07 20:44:37,609 [INFO] src.corpus_acquisition.crawler: Downloading -> data/raw/images/peru21/2020/01/01/peru21_2020-01-01_5.jpg
2026-07-07 20:44:40,362 [INFO] src.corpus_acquisition.downloader: Downloading page 6 from https://t.prcdn.co/img?file=eag12020010100000000001001&page=6&scale=80
2026-07-07 20:44:40,362 [INFO] src.corpus_acquisition.crawler: Downloading -> data/raw/images/peru21/2020/01/01/peru21_2020-01-01_6.jpg
2026-07-07 20:44:42,889 [INFO] src.corpus_acquisition.downloader: Downloading page 7 from https://t.prcdn.co/img?file=eag12020010100000000001001&page=7&scale=80
2026-07-07 20:44:42,890 [INFO] src.corpus_acquisition.crawler: Downloading -> data/raw/images/peru21/2020/01/01/peru21_2020-01-01_7.jpg
2026-07-07 20:44:45,371 [INFO] src.corpus_acquisition.downloader: Downloading page 8 from https://t.prcdn.co/img?file=eag12020010100000000001001&page=8&scale=80
2026-07-07 20:44:45,372 [INFO] src.corpus_acquisition.crawler: Downloading -> data/raw/images/peru21/2020/01/01/peru21_2020-01-01_8.jpg
2026-07-07 20:44:48,357 [INFO] src.corpus_acquisition.downloader: Downloading page 9 from https://t.prcdn.co/img?file=eag12020010100000000001001&page=9&scale=80
2026-07-07 20:44:48,358 [INFO] src.corpus_acquisition.crawler: Downloading -> data/raw/images/peru21/2020/01/01/peru21_2020-01-01_9.jpg
2026-07-07 20:44:50,280 [INFO] src.corpus_acquisition.downloader: Downloading page 10 from https://t.prcdn.co/img?file=eag12020010100000000001001&page=10&scale=80
2026-07-07 20:44:50,281 [INFO] src.corpus_acquisition.crawler: Downloading -> data/raw/images/peru21/2020/01/01/peru21_2020-01-01_10.jpg
2026-07-07 20:44:52,911 [INFO] src.corpus_acquisition.downloader: Downloading page 11 from https://t.prcdn.co/img?file=eag12020010100000000001001&page=11&scale=80
2026-07-07 20:44:52,911 [INFO] src.corpus_acquisition.crawler: Downloading -> data/raw/images/peru21/2020/01/01/peru21_2020-01-01_11.jpg
2026-07-07 20:44:55,458 [INFO] src.corpus_acquisition.downloader: Downloading page 12 from https://t.prcdn.co/img?file=eag12020010100000000001001&page=12&scale=80
2026-07-07 20:44:55,458 [INFO] src.corpus_acquisition.crawler: Downloading -> data/raw/images/peru21/2020/01/01/peru21_2020-01-01_12.jpg
2026-07-07 20:44:57,986 [INFO] src.corpus_acquisition.downloader: Downloading page 13 from https://t.prcdn.co/img?file=eag12020010100000000001001&page=13&scale=80
2026-07-07 20:44:57,987 [INFO] src.corpus_acquisition.crawler: Downloading -> data/raw/images/peru21/2020/01/01/peru21_2020-01-01_13.jpg
2026-07-07 20:45:00,369 [INFO] src.corpus_acquisition.downloader: Downloading page 14 from https://t.prcdn.co/img?file=eag12020010100000000001001&page=14&scale=80
2026-07-07 20:45:00,369 [INFO] src.corpus_acquisition.crawler: Downloading -> data/raw/images/peru21/2020/01/01/peru21_2020-01-01_14.jpg
2026-07-07 20:45:03,058 [INFO] src.corpus_acquisition.downloader: Downloading page 15 from https://t.prcdn.co/img?file=eag12020010100000000001001&page=15&scale=80
2026-07-07 20:45:03,058 [INFO] src.corpus_acquisition.crawler: Downloading -> data/raw/images/peru21/2020/01/01/peru21_2020-01-01_15.jpg
2026-07-07 20:45:05,722 [INFO] src.corpus_acquisition.downloader: Downloading page 16 from https://t.prcdn.co/img?file=eag12020010100000000001001&page=16&scale=80
2026-07-07 20:45:05,722 [INFO] src.corpus_acquisition.crawler: Downloading -> data/raw/images/peru21/2020/01/01/peru21_2020-01-01_16.jpg
2026-07-07 20:45:09,251 [INFO] src.corpus_acquisition.downloader: Downloading page 17 from https://t.prcdn.co/img?file=eag12020010100000000001001&page=17&scale=80
2026-07-07 20:45:09,252 [INFO] src.corpus_acquisition.crawler: Downloading -> data/raw/images/peru21/2020/01/01/peru21_2020-01-01_17.jpg
2026-07-07 20:45:12,853 [INFO] src.corpus_acquisition.downloader: Downloading page 18 from https://t.prcdn.co/img?file=eag12020010100000000001001&page=18&scale=80
2026-07-07 20:45:12,853 [INFO] src.corpus_acquisition.crawler: Downloading -> data/raw/images/peru21/2020/01/01/peru21_2020-01-01_18.jpg
2026-07-07 20:45:16,749 [INFO] src.corpus_acquisition.downloader: Downloading page 19 from https://t.prcdn.co/img?file=eag12020010100000000001001&page=19&scale=80
2026-07-07 20:45:16,750 [INFO] src.corpus_acquisition.crawler: Downloading -> data/raw/images/peru21/2020/01/01/peru21_2020-01-01_19.jpg
2026-07-07 20:45:19,954 [INFO] src.corpus_acquisition.downloader: Downloading page 20 from https://t.prcdn.co/img?file=eag12020010100000000001001&page=20&scale=80
2026-07-07 20:45:19,954 [INFO] src.corpus_acquisition.crawler: Downloading -> data/raw/images/peru21/2020/01/01/peru21_2020-01-01_20.jpg
2026-07-07 20:45:22,870 [INFO] src.corpus_acquisition.downloader: Downloading page 21 from https://t.prcdn.co/img?file=eag12020010100000000001001&page=21&scale=80
2026-07-07 20:45:22,871 [INFO] src.corpus_acquisition.crawler: Downloading -> data/raw/images/peru21/2020/01/01/peru21_2020-01-01_21.jpg
2026-07-07 20:45:25,554 [INFO] src.corpus_acquisition.downloader: Downloading page 22 from https://t.prcdn.co/img?file=eag12020010100000000001001&page=22&scale=80
2026-07-07 20:45:25,554 [INFO] src.corpus_acquisition.crawler: Downloading -> data/raw/images/peru21/2020/01/01/peru21_2020-01-01_22.jpg
2026-07-07 20:45:29,523 [INFO] src.corpus_acquisition.downloader: Downloading page 23 from https://t.prcdn.co/img?file=eag12020010100000000001001&page=23&scale=80
2026-07-07 20:45:29,524 [INFO] src.corpus_acquisition.crawler: Downloading -> data/raw/images/peru21/2020/01/01/peru21_2020-01-01_23.jpg
2026-07-07 20:45:32,688 [INFO] src.corpus_acquisition.downloader: Downloading page 24 from https://t.prcdn.co/img?file=eag12020010100000000001001&page=24&scale=80
2026-07-07 20:45:32,688 [INFO] src.corpus_acquisition.crawler: Downloading -> data/raw/images/peru21/2020/01/01/peru21_2020-01-01_24.jpg
2026-07-07 20:45:35,955 [INFO] src.corpus_acquisition.downloader: Downloading page 25 from https://t.prcdn.co/img?file=eag12020010100000000001001&page=25&scale=80
2026-07-07 20:45:35,956 [INFO] src.corpus_acquisition.crawler: Downloading -> data/raw/images/peru21/2020/01/01/peru21_2020-01-01_25.jpg
2026-07-07 20:45:36,173 [WARNING] src.corpus_acquisition.downloader: Page 25 not found (1/3).
2026-07-07 20:45:36,173 [INFO] src.corpus_acquisition.downloader: Downloading page 26 from https://t.prcdn.co/img?file=eag12020010100000000001001&page=26&scale=80
2026-07-07 20:45:36,174 [INFO] src.corpus_acquisition.crawler: Downloading -> data/raw/images/peru21/2020/01/01/peru21_2020-01-01_26.jpg
2026-07-07 20:45:36,405 [WARNING] src.corpus_acquisition.downloader: Page 26 not found (2/3).
2026-07-07 20:45:36,406 [INFO] src.corpus_acquisition.downloader: Downloading page 27 from https://t.prcdn.co/img?file=eag12020010100000000001001&page=27&scale=80
2026-07-07 20:45:36,406 [INFO] src.corpus_acquisition.crawler: Downloading -> data/raw/images/peru21/2020/01/01/peru21_2020-01-01_27.jpg
2026-07-07 20:45:36,619 [WARNING] src.corpus_acquisition.downloader: Page 27 not found (3/3).
2026-07-07 20:45:36,619 [WARNING] src.corpus_acquisition.downloader: No new pages found after 3 attempts; stopping with 24 page(s).
2026-07-07 20:45:36,772 [INFO] src.corpus_acquisition.metadata_extractor: Saved metadata for 24 page(s) -> data/raw/metadata/raw_metadata.parquet (total rows: 92689)
2026-07-07 20:45:36,775 [INFO] src.corpus_acquisition.metadata_extractor: Saved crawl log -> data/raw/crawl_logs/peru21_2020-01-01.json (status=success)
2026-07-07 20:45:39,291 [INFO] src.corpus_acquisition.downloader: Downloading page 1 from https://t.prcdn.co/img?file=eag12020010200000000001001&page=1&scale=80
2026-07-07 20:45:39,292 [INFO] src.corpus_acquisition.crawler: Downloading -> data/raw/images/peru21/2020/01/02/peru21_2020-01-02_1.jpg
2026-07-07 20:45:42,223 [INFO] src.corpus_acquisition.downloader: Downloading page 2 from https://t.prcdn.co/img?file=eag12020010200000000001001&page=2&scale=80
2026-07-07 20:45:42,223 [INFO] src.corpus_acquisition.crawler: Downloading -> data/raw/images/peru21/2020/01/02/peru21_2020-01-02_2.jpg
2026-07-07 20:45:45,612 [INFO] src.corpus_acquisition.downloader: Downloading page 3 from https://t.prcdn.co/img?file=eag12020010200000000001001&page=3&scale=80
2026-07-07 20:45:45,613 [INFO] src.corpus_acquisition.crawler: Downloading -> data/raw/images/peru21/2020/01/02/peru21_2020-01-02_3.jpg
2026-07-07 20:45:49,248 [INFO] src.corpus_acquisition.downloader: Downloading page 4 from https://t.prcdn.co/img?file=eag12020010200000000001001&page=4&scale=80
2026-07-07 20:45:49,249 [INFO] src.corpus_acquisition.crawler: Downloading -> data/raw/images/peru21/2020/01/02/peru21_2020-01-02_4.jpg
2026-07-07 20:45:52,876 [INFO] src.corpus_acquisition.downloader: Downloading page 5 from https://t.prcdn.co/img?file=eag12020010200000000001001&page=5&scale=80
2026-07-07 20:45:52,876 [INFO] src.corpus_acquisition.crawler: Downloading -> data/raw/images/peru21/2020/01/02/peru21_2020-01-02_5.jpg
2026-07-07 20:45:55,580 [INFO] src.corpus_acquisition.downloader: Downloading page 6 from https://t.prcdn.co/img?file=eag12020010200000000001001&page=6&scale=80
2026-07-07 20:45:55,580 [INFO] src.corpus_acquisition.crawler: Downloading -> data/raw/images/peru21/2020/01/02/peru21_2020-01-02_6.jpg
2026-07-07 20:45:58,883 [INFO] src.corpus_acquisition.downloader: Downloading page 7 from https://t.prcdn.co/img?file=eag12020010200000000001001&page=7&scale=80
2026-07-07 20:45:58,883 [INFO] src.corpus_acquisition.crawler: Downloading -> data/raw/images/peru21/2020/01/02/peru21_2020-01-02_7.jpg
2026-07-07 20:46:01,860 [INFO] src.corpus_acquisition.downloader: Downloading page 8 from https://t.prcdn.co/img?file=eag12020010200000000001001&page=8&scale=80
2026-07-07 20:46:01,860 [INFO] src.corpus_acquisition.crawler: Downloading -> data/raw/images/peru21/2020/01/02/peru21_2020-01-02_8.jpg
2026-07-07 20:46:05,530 [INFO] src.corpus_acquisition.downloader: Downloading page 9 from https://t.prcdn.co/img?file=eag12020010200000000001001&page=9&scale=80
2026-07-07 20:46:05,530 [INFO] src.corpus_acquisition.crawler: Downloading -> data/raw/images/peru21/2020/01/02/peru21_2020-01-02_9.jpg
2026-07-07 20:46:08,476 [INFO] src.corpus_acquisition.downloader: Downloading page 10 from https://t.prcdn.co/img?file=eag12020010200000000001001&page=10&scale=80
2026-07-07 20:46:08,477 [INFO] src.corpus_acquisition.crawler: Downloading -> data/raw/images/peru21/2020/01/02/peru21_2020-01-02_10.jpg
2026-07-07 20:46:11,271 [INFO] src.corpus_acquisition.downloader: Downloading page 11 from https://t.prcdn.co/img?file=eag12020010200000000001001&page=11&scale=80
2026-07-07 20:46:11,272 [INFO] src.corpus_acquisition.crawler: Downloading -> data/raw/images/peru21/2020/01/02/peru21_2020-01-02_11.jpg
2026-07-07 20:46:14,150 [INFO] src.corpus_acquisition.downloader: Downloading page 12 from https://t.prcdn.co/img?file=eag12020010200000000001001&page=12&scale=80
2026-07-07 20:46:14,151 [INFO] src.corpus_acquisition.crawler: Downloading -> data/raw/images/peru21/2020/01/02/peru21_2020-01-02_12.jpg
2026-07-07 20:46:17,469 [INFO] src.corpus_acquisition.downloader: Downloading page 13 from https://t.prcdn.co/img?file=eag12020010200000000001001&page=13&scale=80
2026-07-07 20:46:17,470 [INFO] src.corpus_acquisition.crawler: Downloading -> data/raw/images/peru21/2020/01/02/peru21_2020-01-02_13.jpg
2026-07-07 20:46:20,196 [INFO] src.corpus_acquisition.downloader: Downloading page 14 from https://t.prcdn.co/img?file=eag12020010200000000001001&page=14&scale=80
2026-07-07 20:46:20,196 [INFO] src.corpus_acquisition.crawler: Downloading -> data/raw/images/peru21/2020/01/02/peru21_2020-01-02_14.jpg
2026-07-07 20:46:23,755 [INFO] src.corpus_acquisition.downloader: Downloading page 15 from https://t.prcdn.co/img?file=eag12020010200000000001001&page=15&scale=80
2026-07-07 20:46:23,755 [INFO] src.corpus_acquisition.crawler: Downloading -> data/raw/images/peru21/2020/01/02/peru21_2020-01-02_15.jpg
2026-07-07 20:46:27,005 [INFO] src.corpus_acquisition.downloader: Downloading page 16 from https://t.prcdn.co/img?file=eag12020010200000000001001&page=16&scale=80
2026-07-07 20:46:27,006 [INFO] src.corpus_acquisition.crawler: Downloading -> data/raw/images/peru21/2020/01/02/peru21_2020-01-02_16.jpg
2026-07-07 20:46:31,388 [INFO] src.corpus_acquisition.downloader: Downloading page 17 from https://t.prcdn.co/img?file=eag12020010200000000001001&page=17&scale=80
2026-07-07 20:46:31,388 [INFO] src.corpus_acquisition.crawler: Downloading -> data/raw/images/peru21/2020/01/02/peru21_2020-01-02_17.jpg
2026-07-07 20:46:34,668 [INFO] src.corpus_acquisition.downloader: Downloading page 18 from https://t.prcdn.co/img?file=eag12020010200000000001001&page=18&scale=80
2026-07-07 20:46:34,668 [INFO] src.corpus_acquisition.crawler: Downloading -> data/raw/images/peru21/2020/01/02/peru21_2020-01-02_18.jpg
2026-07-07 20:46:37,809 [INFO] src.corpus_acquisition.downloader: Downloading page 19 from https://t.prcdn.co/img?file=eag12020010200000000001001&page=19&scale=80
2026-07-07 20:46:37,810 [INFO] src.corpus_acquisition.crawler: Downloading -> data/raw/images/peru21/2020/01/02/peru21_2020-01-02_19.jpg
2026-07-07 20:46:40,609 [INFO] src.corpus_acquisition.downloader: Downloading page 20 from https://t.prcdn.co/img?file=eag12020010200000000001001&page=20&scale=80
2026-07-07 20:46:40,609 [INFO] src.corpus_acquisition.crawler: Downloading -> data/raw/images/peru21/2020/01/02/peru21_2020-01-02_20.jpg
2026-07-07 20:46:43,171 [INFO] src.corpus_acquisition.downloader: Downloading page 21 from https://t.prcdn.co/img?file=eag12020010200000000001001&page=21&scale=80
2026-07-07 20:46:43,172 [INFO] src.corpus_acquisition.crawler: Downloading -> data/raw/images/peru21/2020/01/02/peru21_2020-01-02_21.jpg
2026-07-07 20:46:46,672 [INFO] src.corpus_acquisition.downloader: Downloading page 22 from https://t.prcdn.co/img?file=eag12020010200000000001001&page=22&scale=80
2026-07-07 20:46:46,673 [INFO] src.corpus_acquisition.crawler: Downloading -> data/raw/images/peru21/2020/01/02/peru21_2020-01-02_22.jpg
2026-07-07 20:46:50,126 [INFO] src.corpus_acquisition.downloader: Downloading page 23 from https://t.prcdn.co/img?file=eag12020010200000000001001&page=23&scale=80
2026-07-07 20:46:50,127 [INFO] src.corpus_acquisition.crawler: Downloading -> data/raw/images/peru21/2020/01/02/peru21_2020-01-02_23.jpg
2026-07-07 20:46:53,276 [INFO] src.corpus_acquisition.downloader: Downloading page 24 from https://t.prcdn.co/img?file=eag12020010200000000001001&page=24&scale=80
2026-07-07 20:46:53,276 [INFO] src.corpus_acquisition.crawler: Downloading -> data/raw/images/peru21/2020/01/02/peru21_2020-01-02_24.jpg
2026-07-07 20:46:57,192 [INFO] src.corpus_acquisition.downloader: Downloading page 25 from https://t.prcdn.co/img?file=eag12020010200000000001001&page=25&scale=80
2026-07-07 20:46:57,193 [INFO] src.corpus_acquisition.crawler: Downloading -> data/raw/images/peru21/2020/01/02/peru21_2020-01-02_25.jpg
2026-07-07 20:46:57,435 [WARNING] src.corpus_acquisition.downloader: Page 25 not found (1/3).
2026-07-07 20:46:57,436 [INFO] src.corpus_acquisition.downloader: Downloading page 26 from https://t.prcdn.co/img?file=eag12020010200000000001001&page=26&scale=80
2026-07-07 20:46:57,436 [INFO] src.corpus_acquisition.crawler: Downloading -> data/raw/images/peru21/2020/01/02/peru21_2020-01-02_26.jpg
2026-07-07 20:46:57,711 [WARNING] src.corpus_acquisition.downloader: Page 26 not found (2/3).
2026-07-07 20:46:57,711 [INFO] src.corpus_acquisition.downloader: Downloading page 27 from https://t.prcdn.co/img?file=eag12020010200000000001001&page=27&scale=80
2026-07-07 20:46:57,712 [INFO] src.corpus_acquisition.crawler: Downloading -> data/raw/images/peru21/2020/01/02/peru21_2020-01-02_27.jpg
2026-07-07 20:46:57,963 [WARNING] src.corpus_acquisition.downloader: Page 27 not found (3/3).
2026-07-07 20:46:57,963 [WARNING] src.corpus_acquisition.downloader: No new pages found after 3 attempts; stopping with 24 page(s).
2026-07-07 20:46:58,109 [INFO] src.corpus_acquisition.metadata_extractor: Saved metadata for 24 page(s) -> data/raw/metadata/raw_metadata.parquet (total rows: 92869)
2026-07-07 20:46:58,113 [INFO] src.corpus_acquisition.metadata_extractor: Saved crawl log -> data/raw/crawl_logs/peru21_2020-01-02.json (status=success)
2026-07-07 20:47:00,586 [INFO] src.corpus_acquisition.downloader: Downloading page 1 from https://t.prcdn.co/img?file=eag12020010300000000001001&page=1&scale=80
2026-07-07 20:47:00,588 [INFO] src.corpus_acquisition.crawler: Downloading -> data/raw/images/peru21/2020/01/03/peru21_2020-01-03_1.jpg
2026-07-07 20:47:00,820 [WARNING] src.corpus_acquisition.downloader: Page 1 not found (1/3).
2026-07-07 20:47:00,821 [INFO] src.corpus_acquisition.downloader: Downloading page 2 from https://t.prcdn.co/img?file=eag12020010300000000001001&page=2&scale=80
2026-07-07 20:47:00,821 [INFO] src.corpus_acquisition.crawler: Downloading -> data/raw/images/peru21/2020/01/03/peru21_2020-01-03_2.jpg
2026-07-07 20:47:01,181 [WARNING] src.corpus_acquisition.downloader: Page 2 not found (2/3).
2026-07-07 20:47:01,181 [INFO] src.corpus_acquisition.downloader: Downloading page 3 from https://t.prcdn.co/img?file=eag12020010300000000001001&page=3&scale=80
2026-07-07 20:47:01,182 [INFO] src.corpus_acquisition.crawler: Downloading -> data/raw/images/peru21/2020/01/03/peru21_2020-01-03_3.jpg
2026-07-07 20:47:01,419 [WARNING] src.corpus_acquisition.downloader: Page 3 not found (3/3).
2026-07-07 20:47:01,419 [WARNING] src.corpus_acquisition.downloader: No new pages found after 3 attempts; stopping with 0 page(s).
2026-07-07 20:47:01,421 [INFO] src.corpus_acquisition.metadata_extractor: Saved crawl log -> data/raw/crawl_logs/peru21_2020-01-03.json (status=failed)
2026-07-07 20:47:04,086 [INFO] src.corpus_acquisition.downloader: Downloading page 1 from https://t.prcdn.co/img?file=eag12020010400000000001001&page=1&scale=80
2026-07-07 20:47:04,086 [INFO] src.corpus_acquisition.crawler: Downloading -> data/raw/images/peru21/2020/01/04/peru21_2020-01-04_1.jpg
2026-07-07 20:47:04,301 [WARNING] src.corpus_acquisition.downloader: Page 1 not found (1/3).
2026-07-07 20:47:04,302 [INFO] src.corpus_acquisition.downloader: Downloading page 2 from https://t.prcdn.co/img?file=eag12020010400000000001001&page=2&scale=80
2026-07-07 20:47:04,302 [INFO] src.corpus_acquisition.crawler: Downloading -> data/raw/images/peru21/2020/01/04/peru21_2020-01-04_2.jpg
2026-07-07 20:47:04,545 [WARNING] src.corpus_acquisition.downloader: Page 2 not found (2/3).
2026-07-07 20:47:04,546 [INFO] src.corpus_acquisition.downloader: Downloading page 3 from https://t.prcdn.co/img?file=eag12020010400000000001001&page=3&scale=80
2026-07-07 20:47:04,546 [INFO] src.corpus_acquisition.crawler: Downloading -> data/raw/images/peru21/2020/01/04/peru21_2020-01-04_3.jpg
2026-07-07 20:47:04,750 [WARNING] src.corpus_acquisition.downloader: Page 3 not found (3/3).
2026-07-07 20:47:04,750 [WARNING] src.corpus_acquisition.downloader: No new pages found after 3 attempts; stopping with 0 page(s).
2026-07-07 20:47:04,752 [INFO] src.corpus_acquisition.metadata_extractor: Saved crawl log -> data/raw/crawl_logs/peru21_2020-01-04.json (status=failed)
2026-07-07 20:47:07,034 [INFO] src.corpus_acquisition.downloader: Downloading page 1 from https://t.prcdn.co/img?file=eag12020010500000000001001&page=1&scale=80
2026-07-07 20:47:07,035 [INFO] src.corpus_acquisition.crawler: Downloading -> data/raw/images/peru21/2020/01/05/peru21_2020-01-05_1.jpg
2026-07-07 20:47:07,264 [WARNING] src.corpus_acquisition.downloader: Page 1 not found (1/3).
2026-07-07 20:47:07,265 [INFO] src.corpus_acquisition.downloader: Downloading page 2 from https://t.prcdn.co/img?file=eag12020010500000000001001&page=2&scale=80
2026-07-07 20:47:07,265 [INFO] src.corpus_acquisition.crawler: Downloading -> data/raw/images/peru21/2020/01/05/peru21_2020-01-05_2.jpg
2026-07-07 20:47:07,471 [WARNING] src.corpus_acquisition.downloader: Page 2 not found (2/3).
2026-07-07 20:47:07,471 [INFO] src.corpus_acquisition.downloader: Downloading page 3 from https://t.prcdn.co/img?file=eag12020010500000000001001&page=3&scale=80
2026-07-07 20:47:07,471 [INFO] src.corpus_acquisition.crawler: Downloading -> data/raw/images/peru21/2020/01/05/peru21_2020-01-05_3.jpg
2026-07-07 20:47:07,708 [WARNING] src.corpus_acquisition.downloader: Page 3 not found (3/3).
2026-07-07 20:47:07,708 [WARNING] src.corpus_acquisition.downloader: No new pages found after 3 attempts; stopping with 0 page(s).
2026-07-07 20:47:07,710 [INFO] src.corpus_acquisition.metadata_extractor: Saved crawl log -> data/raw/crawl_logs/peru21_2020-01-05.json (status=failed)
2026-07-07 20:47:10,695 [INFO] src.corpus_acquisition.downloader: Downloading page 1 from https://t.prcdn.co/img?file=eag12020010600000000001001&page=1&scale=80
2026-07-07 20:47:10,696 [INFO] src.corpus_acquisition.crawler: Downloading -> data/raw/images/peru21/2020/01/06/peru21_2020-01-06_1.jpg
2026-07-07 20:47:13,733 [INFO] src.corpus_acquisition.downloader: Downloading page 2 from https://t.prcdn.co/img?file=eag12020010600000000001001&page=2&scale=80
2026-07-07 20:47:13,734 [INFO] src.corpus_acquisition.crawler: Downloading -> data/raw/images/peru21/2020/01/06/peru21_2020-01-06_2.jpg
2026-07-07 20:47:17,067 [INFO] src.corpus_acquisition.downloader: Downloading page 3 from https://t.prcdn.co/img?file=eag12020010600000000001001&page=3&scale=80
2026-07-07 20:47:17,067 [INFO] src.corpus_acquisition.crawler: Downloading -> data/raw/images/peru21/2020/01/06/peru21_2020-01-06_3.jpg
2026-07-07 20:47:20,584 [INFO] src.corpus_acquisition.downloader: Downloading page 4 from https://t.prcdn.co/img?file=eag12020010600000000001001&page=4&scale=80
2026-07-07 20:47:20,584 [INFO] src.corpus_acquisition.crawler: Downloading -> data/raw/images/peru21/2020/01/06/peru21_2020-01-06_4.jpg
2026-07-07 20:47:23,635 [INFO] src.corpus_acquisition.downloader: Downloading page 5 from https://t.prcdn.co/img?file=eag12020010600000000001001&page=5&scale=80
2026-07-07 20:47:23,635 [INFO] src.corpus_acquisition.crawler: Downloading -> data/raw/images/peru21/2020/01/06/peru21_2020-01-06_5.jpg
2026-07-07 20:47:26,525 [INFO] src.corpus_acquisition.downloader: Downloading page 6 from https://t.prcdn.co/img?file=eag12020010600000000001001&page=6&scale=80
2026-07-07 20:47:26,526 [INFO] src.corpus_acquisition.crawler: Downloading -> data/raw/images/peru21/2020/01/06/peru21_2020-01-06_6.jpg
2026-07-07 20:47:29,809 [INFO] src.corpus_acquisition.downloader: Downloading page 7 from https://t.prcdn.co/img?file=eag12020010600000000001001&page=7&scale=80
2026-07-07 20:47:29,811 [INFO] src.corpus_acquisition.crawler: Downloading -> data/raw/images/peru21/2020/01/06/peru21_2020-01-06_7.jpg
2026-07-07 20:47:32,800 [INFO] src.corpus_acquisition.downloader: Downloading page 8 from https://t.prcdn.co/img?file=eag12020010600000000001001&page=8&scale=80
2026-07-07 20:47:32,809 [INFO] src.corpus_acquisition.crawler: Downloading -> data/raw/images/peru21/2020/01/06/peru21_2020-01-06_8.jpg
2026-07-07 20:47:35,505 [INFO] src.corpus_acquisition.downloader: Downloading page 9 from https://t.prcdn.co/img?file=eag12020010600000000001001&page=9&scale=80
2026-07-07 20:47:35,506 [INFO] src.corpus_acquisition.crawler: Downloading -> data/raw/images/peru21/2020/01/06/peru21_2020-01-06_9.jpg
2026-07-07 20:47:39,179 [INFO] src.corpus_acquisition.downloader: Downloading page 10 from https://t.prcdn.co/img?file=eag12020010600000000001001&page=10&scale=80
2026-07-07 20:47:39,179 [INFO] src.corpus_acquisition.crawler: Downloading -> data/raw/images/peru21/2020/01/06/peru21_2020-01-06_10.jpg
2026-07-07 20:47:42,155 [INFO] src.corpus_acquisition.downloader: Downloading page 11 from https://t.prcdn.co/img?file=eag12020010600000000001001&page=11&scale=80
2026-07-07 20:47:42,156 [INFO] src.corpus_acquisition.crawler: Downloading -> data/raw/images/peru21/2020/01/06/peru21_2020-01-06_11.jpg
2026-07-07 20:47:45,253 [INFO] src.corpus_acquisition.downloader: Downloading page 12 from https://t.prcdn.co/img?file=eag12020010600000000001001&page=12&scale=80
2026-07-07 20:47:45,254 [INFO] src.corpus_acquisition.crawler: Downloading -> data/raw/images/peru21/2020/01/06/peru21_2020-01-06_12.jpg
2026-07-07 20:47:48,112 [INFO] src.corpus_acquisition.downloader: Downloading page 13 from https://t.prcdn.co/img?file=eag12020010600000000001001&page=13&scale=80
2026-07-07 20:47:48,112 [INFO] src.corpus_acquisition.crawler: Downloading -> data/raw/images/peru21/2020/01/06/peru21_2020-01-06_13.jpg
2026-07-07 20:47:50,786 [INFO] src.corpus_acquisition.downloader: Downloading page 14 from https://t.prcdn.co/img?file=eag12020010600000000001001&page=14&scale=80
2026-07-07 20:47:50,787 [INFO] src.corpus_acquisition.crawler: Downloading -> data/raw/images/peru21/2020/01/06/peru21_2020-01-06_14.jpg
2026-07-07 20:47:54,030 [INFO] src.corpus_acquisition.downloader: Downloading page 15 from https://t.prcdn.co/img?file=eag12020010600000000001001&page=15&scale=80
2026-07-07 20:47:54,048 [INFO] src.corpus_acquisition.crawler: Downloading -> data/raw/images/peru21/2020/01/06/peru21_2020-01-06_15.jpg
2026-07-07 20:47:57,830 [INFO] src.corpus_acquisition.downloader: Downloading page 16 from https://t.prcdn.co/img?file=eag12020010600000000001001&page=16&scale=80
2026-07-07 20:47:57,830 [INFO] src.corpus_acquisition.crawler: Downloading -> data/raw/images/peru21/2020/01/06/peru21_2020-01-06_16.jpg
2026-07-07 20:48:01,349 [INFO] src.corpus_acquisition.downloader: Downloading page 17 from https://t.prcdn.co/img?file=eag12020010600000000001001&page=17&scale=80
2026-07-07 20:48:01,350 [INFO] src.corpus_acquisition.crawler: Downloading -> data/raw/images/peru21/2020/01/06/peru21_2020-01-06_17.jpg
2026-07-07 20:48:04,617 [INFO] src.corpus_acquisition.downloader: Downloading page 18 from https://t.prcdn.co/img?file=eag12020010600000000001001&page=18&scale=80
2026-07-07 20:48:04,618 [INFO] src.corpus_acquisition.crawler: Downloading -> data/raw/images/peru21/2020/01/06/peru21_2020-01-06_18.jpg
2026-07-07 20:48:07,955 [INFO] src.corpus_acquisition.downloader: Downloading page 19 from https://t.prcdn.co/img?file=eag12020010600000000001001&page=19&scale=80
2026-07-07 20:48:07,956 [INFO] src.corpus_acquisition.crawler: Downloading -> data/raw/images/peru21/2020/01/06/peru21_2020-01-06_19.jpg
2026-07-07 20:48:10,989 [INFO] src.corpus_acquisition.downloader: Downloading page 20 from https://t.prcdn.co/img?file=eag12020010600000000001001&page=20&scale=80
2026-07-07 20:48:10,989 [INFO] src.corpus_acquisition.crawler: Downloading -> data/raw/images/peru21/2020/01/06/peru21_2020-01-06_20.jpg
2026-07-07 20:48:14,195 [INFO] src.corpus_acquisition.downloader: Downloading page 21 from https://t.prcdn.co/img?file=eag12020010600000000001001&page=21&scale=80
2026-07-07 20:48:14,196 [INFO] src.corpus_acquisition.crawler: Downloading -> data/raw/images/peru21/2020/01/06/peru21_2020-01-06_21.jpg
2026-07-07 20:48:17,571 [INFO] src.corpus_acquisition.downloader: Downloading page 22 from https://t.prcdn.co/img?file=eag12020010600000000001001&page=22&scale=80
2026-07-07 20:48:17,572 [INFO] src.corpus_acquisition.crawler: Downloading -> data/raw/images/peru21/2020/01/06/peru21_2020-01-06_22.jpg
2026-07-07 20:48:21,411 [INFO] src.corpus_acquisition.downloader: Downloading page 23 from https://t.prcdn.co/img?file=eag12020010600000000001001&page=23&scale=80
2026-07-07 20:48:21,411 [INFO] src.corpus_acquisition.crawler: Downloading -> data/raw/images/peru21/2020/01/06/peru21_2020-01-06_23.jpg
2026-07-07 20:48:24,925 [INFO] src.corpus_acquisition.downloader: Downloading page 24 from https://t.prcdn.co/img?file=eag12020010600000000001001&page=24&scale=80
2026-07-07 20:48:24,925 [INFO] src.corpus_acquisition.crawler: Downloading -> data/raw/images/peru21/2020/01/06/peru21_2020-01-06_24.jpg
2026-07-07 20:48:28,188 [INFO] src.corpus_acquisition.downloader: Downloading page 25 from https://t.prcdn.co/img?file=eag12020010600000000001001&page=25&scale=80
2026-07-07 20:48:28,189 [INFO] src.corpus_acquisition.crawler: Downloading -> data/raw/images/peru21/2020/01/06/peru21_2020-01-06_25.jpg
2026-07-07 20:48:30,728 [INFO] src.corpus_acquisition.downloader: Downloading page 26 from https://t.prcdn.co/img?file=eag12020010600000000001001&page=26&scale=80
2026-07-07 20:48:30,728 [INFO] src.corpus_acquisition.crawler: Downloading -> data/raw/images/peru21/2020/01/06/peru21_2020-01-06_26.jpg
2026-07-07 20:48:33,808 [INFO] src.corpus_acquisition.downloader: Downloading page 27 from https://t.prcdn.co/img?file=eag12020010600000000001001&page=27&scale=80
2026-07-07 20:48:33,809 [INFO] src.corpus_acquisition.crawler: Downloading -> data/raw/images/peru21/2020/01/06/peru21_2020-01-06_27.jpg
2026-07-07 20:48:36,546 [INFO] src.corpus_acquisition.downloader: Downloading page 28 from https://t.prcdn.co/img?file=eag12020010600000000001001&page=28&scale=80
2026-07-07 20:48:36,547 [INFO] src.corpus_acquisition.crawler: Downloading -> data/raw/images/peru21/2020/01/06/peru21_2020-01-06_28.jpg
2026-07-07 20:48:39,117 [INFO] src.corpus_acquisition.downloader: Downloading page 29 from https://t.prcdn.co/img?file=eag12020010600000000001001&page=29&scale=80
2026-07-07 20:48:39,118 [INFO] src.corpus_acquisition.crawler: Downloading -> data/raw/images/peru21/2020/01/06/peru21_2020-01-06_29.jpg
2026-07-07 20:48:39,332 [WARNING] src.corpus_acquisition.downloader: Page 29 not found (1/3).
2026-07-07 20:48:39,332 [INFO] src.corpus_acquisition.downloader: Downloading page 30 from https://t.prcdn.co/img?file=eag12020010600000000001001&page=30&scale=80
2026-07-07 20:48:39,332 [INFO] src.corpus_acquisition.crawler: Downloading -> data/raw/images/peru21/2020/01/06/peru21_2020-01-06_30.jpg
2026-07-07 20:48:39,623 [WARNING] src.corpus_acquisition.downloader: Page 30 not found (2/3).
2026-07-07 20:48:39,624 [INFO] src.corpus_acquisition.downloader: Downloading page 31 from https://t.prcdn.co/img?file=eag12020010600000000001001&page=31&scale=80
2026-07-07 20:48:39,624 [INFO] src.corpus_acquisition.crawler: Downloading -> data/raw/images/peru21/2020/01/06/peru21_2020-01-06_31.jpg
2026-07-07 20:48:39,837 [WARNING] src.corpus_acquisition.downloader: Page 31 not found (3/3).
2026-07-07 20:48:39,837 [WARNING] src.corpus_acquisition.downloader: No new pages found after 3 attempts; stopping with 28 page(s).
2026-07-07 20:48:39,965 [INFO] src.corpus_acquisition.metadata_extractor: Saved metadata for 28 page(s) -> data/raw/metadata/raw_metadata.parquet (total rows: 93001)
2026-07-07 20:48:39,968 [INFO] src.corpus_acquisition.metadata_extractor: Saved crawl log -> data/raw/crawl_logs/peru21_2020-01-06.json (status=success)
2026-07-07 20:48:42,762 [INFO] src.corpus_acquisition.downloader: Downloading page 1 from https://t.prcdn.co/img?file=eag12020010700000000001001&page=1&scale=80
2026-07-07 20:48:42,763 [INFO] src.corpus_acquisition.crawler: Downloading -> data/raw/images/peru21/2020/01/07/peru21_2020-01-07_1.jpg
2026-07-07 20:48:43,001 [WARNING] src.corpus_acquisition.downloader: Page 1 not found (1/3).
2026-07-07 20:48:43,002 [INFO] src.corpus_acquisition.downloader: Downloading page 2 from https://t.prcdn.co/img?file=eag12020010700000000001001&page=2&scale=80
2026-07-07 20:48:43,002 [INFO] src.corpus_acquisition.crawler: Downloading -> data/raw/images/peru21/2020/01/07/peru21_2020-01-07_2.jpg
2026-07-07 20:48:43,238 [WARNING] src.corpus_acquisition.downloader: Page 2 not found (2/3).
2026-07-07 20:48:43,238 [INFO] src.corpus_acquisition.downloader: Downloading page 3 from https://t.prcdn.co/img?file=eag12020010700000000001001&page=3&scale=80
2026-07-07 20:48:43,238 [INFO] src.corpus_acquisition.crawler: Downloading -> data/raw/images/peru21/2020/01/07/peru21_2020-01-07_3.jpg
2026-07-07 20:48:43,494 [WARNING] src.corpus_acquisition.downloader: Page 3 not found (3/3).
2026-07-07 20:48:43,494 [WARNING] src.corpus_acquisition.downloader: No new pages found after 3 attempts; stopping with 0 page(s).
2026-07-07 20:48:43,497 [INFO] src.corpus_acquisition.metadata_extractor: Saved crawl log -> data/raw/crawl_logs/peru21_2020-01-07.json (status=failed)
2026-07-07 20:48:46,083 [INFO] src.corpus_acquisition.downloader: Downloading page 1 from https://t.prcdn.co/img?file=eag12020010800000000001001&page=1&scale=80
2026-07-07 20:48:46,084 [INFO] src.corpus_acquisition.crawler: Downloading -> data/raw/images/peru21/2020/01/08/peru21_2020-01-08_1.jpg
2026-07-07 20:48:49,600 [INFO] src.corpus_acquisition.downloader: Downloading page 2 from https://t.prcdn.co/img?file=eag12020010800000000001001&page=2&scale=80
2026-07-07 20:48:49,600 [INFO] src.corpus_acquisition.crawler: Downloading -> data/raw/images/peru21/2020/01/08/peru21_2020-01-08_2.jpg
2026-07-07 20:48:53,763 [INFO] src.corpus_acquisition.downloader: Downloading page 3 from https://t.prcdn.co/img?file=eag12020010800000000001001&page=3&scale=80
2026-07-07 20:48:53,763 [INFO] src.corpus_acquisition.crawler: Downloading -> data/raw/images/peru21/2020/01/08/peru21_2020-01-08_3.jpg
2026-07-07 20:48:56,886 [INFO] src.corpus_acquisition.downloader: Downloading page 4 from https://t.prcdn.co/img?file=eag12020010800000000001001&page=4&scale=80
2026-07-07 20:48:56,886 [INFO] src.corpus_acquisition.crawler: Downloading -> data/raw/images/peru21/2020/01/08/peru21_2020-01-08_4.jpg
2026-07-07 20:48:59,834 [INFO] src.corpus_acquisition.downloader: Downloading page 5 from https://t.prcdn.co/img?file=eag12020010800000000001001&page=5&scale=80
2026-07-07 20:48:59,835 [INFO] src.corpus_acquisition.crawler: Downloading -> data/raw/images/peru21/2020/01/08/peru21_2020-01-08_5.jpg
2026-07-07 20:49:03,074 [INFO] src.corpus_acquisition.downloader: Downloading page 6 from https://t.prcdn.co/img?file=eag12020010800000000001001&page=6&scale=80
2026-07-07 20:49:03,075 [INFO] src.corpus_acquisition.crawler: Downloading -> data/raw/images/peru21/2020/01/08/peru21_2020-01-08_6.jpg
2026-07-07 20:49:06,704 [INFO] src.corpus_acquisition.downloader: Downloading page 7 from https://t.prcdn.co/img?file=eag12020010800000000001001&page=7&scale=80
2026-07-07 20:49:06,705 [INFO] src.corpus_acquisition.crawler: Downloading -> data/raw/images/peru21/2020/01/08/peru21_2020-01-08_7.jpg
2026-07-07 20:49:10,572 [INFO] src.corpus_acquisition.downloader: Downloading page 8 from https://t.prcdn.co/img?file=eag12020010800000000001001&page=8&scale=80
2026-07-07 20:49:10,573 [INFO] src.corpus_acquisition.crawler: Downloading -> data/raw/images/peru21/2020/01/08/peru21_2020-01-08_8.jpg
2026-07-07 20:49:14,734 [INFO] src.corpus_acquisition.downloader: Downloading page 9 from https://t.prcdn.co/img?file=eag12020010800000000001001&page=9&scale=80
2026-07-07 20:49:14,734 [INFO] src.corpus_acquisition.crawler: Downloading -> data/raw/images/peru21/2020/01/08/peru21_2020-01-08_9.jpg
2026-07-07 20:49:17,870 [INFO] src.corpus_acquisition.downloader: Downloading page 10 from https://t.prcdn.co/img?file=eag12020010800000000001001&page=10&scale=80
2026-07-07 20:49:17,870 [INFO] src.corpus_acquisition.crawler: Downloading -> data/raw/images/peru21/2020/01/08/peru21_2020-01-08_10.jpg
2026-07-07 20:49:21,026 [INFO] src.corpus_acquisition.downloader: Downloading page 11 from https://t.prcdn.co/img?file=eag12020010800000000001001&page=11&scale=80
2026-07-07 20:49:21,027 [INFO] src.corpus_acquisition.crawler: Downloading -> data/raw/images/peru21/2020/01/08/peru21_2020-01-08_11.jpg
2026-07-07 20:49:24,581 [INFO] src.corpus_acquisition.downloader: Downloading page 12 from https://t.prcdn.co/img?file=eag12020010800000000001001&page=12&scale=80
2026-07-07 20:49:24,581 [INFO] src.corpus_acquisition.crawler: Downloading -> data/raw/images/peru21/2020/01/08/peru21_2020-01-08_12.jpg
2026-07-07 20:49:27,290 [INFO] src.corpus_acquisition.downloader: Downloading page 13 from https://t.prcdn.co/img?file=eag12020010800000000001001&page=13&scale=80
2026-07-07 20:49:27,290 [INFO] src.corpus_acquisition.crawler: Downloading -> data/raw/images/peru21/2020/01/08/peru21_2020-01-08_13.jpg
2026-07-07 20:49:30,748 [INFO] src.corpus_acquisition.downloader: Downloading page 14 from https://t.prcdn.co/img?file=eag12020010800000000001001&page=14&scale=80
2026-07-07 20:49:30,748 [INFO] src.corpus_acquisition.crawler: Downloading -> data/raw/images/peru21/2020/01/08/peru21_2020-01-08_14.jpg
2026-07-07 20:49:33,950 [INFO] src.corpus_acquisition.downloader: Downloading page 15 from https://t.prcdn.co/img?file=eag12020010800000000001001&page=15&scale=80
2026-07-07 20:49:33,951 [INFO] src.corpus_acquisition.crawler: Downloading -> data/raw/images/peru21/2020/01/08/peru21_2020-01-08_15.jpg
2026-07-07 20:49:37,126 [INFO] src.corpus_acquisition.downloader: Downloading page 16 from https://t.prcdn.co/img?file=eag12020010800000000001001&page=16&scale=80
2026-07-07 20:49:37,127 [INFO] src.corpus_acquisition.crawler: Downloading -> data/raw/images/peru21/2020/01/08/peru21_2020-01-08_16.jpg
2026-07-07 20:49:40,576 [INFO] src.corpus_acquisition.downloader: Downloading page 17 from https://t.prcdn.co/img?file=eag12020010800000000001001&page=17&scale=80
2026-07-07 20:49:40,577 [INFO] src.corpus_acquisition.crawler: Downloading -> data/raw/images/peru21/2020/01/08/peru21_2020-01-08_17.jpg
2026-07-07 20:49:43,618 [INFO] src.corpus_acquisition.downloader: Downloading page 18 from https://t.prcdn.co/img?file=eag12020010800000000001001&page=18&scale=80
2026-07-07 20:49:43,618 [INFO] src.corpus_acquisition.crawler: Downloading -> data/raw/images/peru21/2020/01/08/peru21_2020-01-08_18.jpg
2026-07-07 20:49:47,136 [INFO] src.corpus_acquisition.downloader: Downloading page 19 from https://t.prcdn.co/img?file=eag12020010800000000001001&page=19&scale=80
2026-07-07 20:49:47,136 [INFO] src.corpus_acquisition.crawler: Downloading -> data/raw/images/peru21/2020/01/08/peru21_2020-01-08_19.jpg
2026-07-07 20:49:50,571 [INFO] src.corpus_acquisition.downloader: Downloading page 20 from https://t.prcdn.co/img?file=eag12020010800000000001001&page=20&scale=80
2026-07-07 20:49:50,571 [INFO] src.corpus_acquisition.crawler: Downloading -> data/raw/images/peru21/2020/01/08/peru21_2020-01-08_20.jpg
2026-07-07 20:49:53,888 [INFO] src.corpus_acquisition.downloader: Downloading page 21 from https://t.prcdn.co/img?file=eag12020010800000000001001&page=21&scale=80
2026-07-07 20:49:53,889 [INFO] src.corpus_acquisition.crawler: Downloading -> data/raw/images/peru21/2020/01/08/peru21_2020-01-08_21.jpg
2026-07-07 20:49:57,729 [INFO] src.corpus_acquisition.downloader: Downloading page 22 from https://t.prcdn.co/img?file=eag12020010800000000001001&page=22&scale=80
2026-07-07 20:49:57,730 [INFO] src.corpus_acquisition.crawler: Downloading -> data/raw/images/peru21/2020/01/08/peru21_2020-01-08_22.jpg
2026-07-07 20:50:01,492 [INFO] src.corpus_acquisition.downloader: Downloading page 23 from https://t.prcdn.co/img?file=eag12020010800000000001001&page=23&scale=80
2026-07-07 20:50:01,493 [INFO] src.corpus_acquisition.crawler: Downloading -> data/raw/images/peru21/2020/01/08/peru21_2020-01-08_23.jpg
2026-07-07 20:50:06,061 [INFO] src.corpus_acquisition.downloader: Downloading page 24 from https://t.prcdn.co/img?file=eag12020010800000000001001&page=24&scale=80
2026-07-07 20:50:06,062 [INFO] src.corpus_acquisition.crawler: Downloading -> data/raw/images/peru21/2020/01/08/peru21_2020-01-08_24.jpg
2026-07-07 20:50:09,345 [INFO] src.corpus_acquisition.downloader: Downloading page 25 from https://t.prcdn.co/img?file=eag12020010800000000001001&page=25&scale=80
2026-07-07 20:50:09,345 [INFO] src.corpus_acquisition.crawler: Downloading -> data/raw/images/peru21/2020/01/08/peru21_2020-01-08_25.jpg
2026-07-07 20:50:12,764 [INFO] src.corpus_acquisition.downloader: Downloading page 26 from https://t.prcdn.co/img?file=eag12020010800000000001001&page=26&scale=80
2026-07-07 20:50:12,765 [INFO] src.corpus_acquisition.crawler: Downloading -> data/raw/images/peru21/2020/01/08/peru21_2020-01-08_26.jpg
2026-07-07 20:50:16,344 [INFO] src.corpus_acquisition.downloader: Downloading page 27 from https://t.prcdn.co/img?file=eag12020010800000000001001&page=27&scale=80
2026-07-07 20:50:16,344 [INFO] src.corpus_acquisition.crawler: Downloading -> data/raw/images/peru21/2020/01/08/peru21_2020-01-08_27.jpg
2026-07-07 20:50:19,824 [INFO] src.corpus_acquisition.downloader: Downloading page 28 from https://t.prcdn.co/img?file=eag12020010800000000001001&page=28&scale=80
2026-07-07 20:50:19,825 [INFO] src.corpus_acquisition.crawler: Downloading -> data/raw/images/peru21/2020/01/08/peru21_2020-01-08_28.jpg
2026-07-07 20:50:23,359 [INFO] src.corpus_acquisition.downloader: Downloading page 29 from https://t.prcdn.co/img?file=eag12020010800000000001001&page=29&scale=80
2026-07-07 20:50:23,359 [INFO] src.corpus_acquisition.crawler: Downloading -> data/raw/images/peru21/2020/01/08/peru21_2020-01-08_29.jpg
2026-07-07 20:50:23,617 [WARNING] src.corpus_acquisition.downloader: Page 29 not found (1/3).
2026-07-07 20:50:23,617 [INFO] src.corpus_acquisition.downloader: Downloading page 30 from https://t.prcdn.co/img?file=eag12020010800000000001001&page=30&scale=80
2026-07-07 20:50:23,617 [INFO] src.corpus_acquisition.crawler: Downloading -> data/raw/images/peru21/2020/01/08/peru21_2020-01-08_30.jpg
2026-07-07 20:50:23,830 [WARNING] src.corpus_acquisition.downloader: Page 30 not found (2/3).
2026-07-07 20:50:23,831 [INFO] src.corpus_acquisition.downloader: Downloading page 31 from https://t.prcdn.co/img?file=eag12020010800000000001001&page=31&scale=80
2026-07-07 20:50:23,831 [INFO] src.corpus_acquisition.crawler: Downloading -> data/raw/images/peru21/2020/01/08/peru21_2020-01-08_31.jpg
2026-07-07 20:50:24,138 [WARNING] src.corpus_acquisition.downloader: Page 31 not found (3/3).
2026-07-07 20:50:24,138 [WARNING] src.corpus_acquisition.downloader: No new pages found after 3 attempts; stopping with 28 page(s).
2026-07-07 20:50:24,265 [INFO] src.corpus_acquisition.metadata_extractor: Saved metadata for 28 page(s) -> data/raw/metadata/raw_metadata.parquet (total rows: 93185)
2026-07-07 20:50:24,267 [INFO] src.corpus_acquisition.metadata_extractor: Saved crawl log -> data/raw/crawl_logs/peru21_2020-01-08.json (status=success)
2026-07-07 20:50:27,302 [INFO] src.corpus_acquisition.downloader: Downloading page 1 from https://t.prcdn.co/img?file=eag12020010900000000001001&page=1&scale=80
2026-07-07 20:50:27,303 [INFO] src.corpus_acquisition.crawler: Downloading -> data/raw/images/peru21/2020/01/09/peru21_2020-01-09_1.jpg
2026-07-07 20:50:27,530 [WARNING] src.corpus_acquisition.downloader: Page 1 not found (1/3).
2026-07-07 20:50:27,531 [INFO] src.corpus_acquisition.downloader: Downloading page 2 from https://t.prcdn.co/img?file=eag12020010900000000001001&page=2&scale=80
2026-07-07 20:50:27,532 [INFO] src.corpus_acquisition.crawler: Downloading -> data/raw/images/peru21/2020/01/09/peru21_2020-01-09_2.jpg
2026-07-07 20:50:27,773 [WARNING] src.corpus_acquisition.downloader: Page 2 not found (2/3).
2026-07-07 20:50:27,774 [INFO] src.corpus_acquisition.downloader: Downloading page 3 from https://t.prcdn.co/img?file=eag12020010900000000001001&page=3&scale=80
2026-07-07 20:50:27,774 [INFO] src.corpus_acquisition.crawler: Downloading -> data/raw/images/peru21/2020/01/09/peru21_2020-01-09_3.jpg
2026-07-07 20:50:28,035 [WARNING] src.corpus_acquisition.downloader: Page 3 not found (3/3).
2026-07-07 20:50:28,035 [WARNING] src.corpus_acquisition.downloader: No new pages found after 3 attempts; stopping with 0 page(s).
2026-07-07 20:50:28,037 [INFO] src.corpus_acquisition.metadata_extractor: Saved crawl log -> data/raw/crawl_logs/peru21_2020-01-09.json (status=failed)
2026-07-07 20:50:30,517 [INFO] src.corpus_acquisition.downloader: Downloading page 1 from https://t.prcdn.co/img?file=eag12020011000000000001001&page=1&scale=80
2026-07-07 20:50:30,518 [INFO] src.corpus_acquisition.crawler: Downloading -> data/raw/images/peru21/2020/01/10/peru21_2020-01-10_1.jpg
2026-07-07 20:50:30,856 [WARNING] src.corpus_acquisition.downloader: Page 1 not found (1/3).
2026-07-07 20:50:30,857 [INFO] src.corpus_acquisition.downloader: Downloading page 2 from https://t.prcdn.co/img?file=eag12020011000000000001001&page=2&scale=80
2026-07-07 20:50:30,857 [INFO] src.corpus_acquisition.crawler: Downloading -> data/raw/images/peru21/2020/01/10/peru21_2020-01-10_2.jpg
2026-07-07 20:50:31,077 [WARNING] src.corpus_acquisition.downloader: Page 2 not found (2/3).
2026-07-07 20:50:31,077 [INFO] src.corpus_acquisition.downloader: Downloading page 3 from https://t.prcdn.co/img?file=eag12020011000000000001001&page=3&scale=80
2026-07-07 20:50:31,077 [INFO] src.corpus_acquisition.crawler: Downloading -> data/raw/images/peru21/2020/01/10/peru21_2020-01-10_3.jpg
2026-07-07 20:50:31,358 [WARNING] src.corpus_acquisition.downloader: Page 3 not found (3/3).
2026-07-07 20:50:31,358 [WARNING] src.corpus_acquisition.downloader: No new pages found after 3 attempts; stopping with 0 page(s).
2026-07-07 20:50:31,361 [INFO] src.corpus_acquisition.metadata_extractor: Saved crawl log -> data/raw/crawl_logs/peru21_2020-01-10.json (status=failed)
2026-07-07 20:50:34,289 [INFO] src.corpus_acquisition.downloader: Downloading page 1 from https://t.prcdn.co/img?file=eag12020011100000000001001&page=1&scale=80
2026-07-07 20:50:34,290 [INFO] src.corpus_acquisition.crawler: Downloading -> data/raw/images/peru21/2020/01/11/peru21_2020-01-11_1.jpg
2026-07-07 20:50:34,527 [WARNING] src.corpus_acquisition.downloader: Page 1 not found (1/3).
2026-07-07 20:50:34,528 [INFO] src.corpus_acquisition.downloader: Downloading page 2 from https://t.prcdn.co/img?file=eag12020011100000000001001&page=2&scale=80
2026-07-07 20:50:34,528 [INFO] src.corpus_acquisition.crawler: Downloading -> data/raw/images/peru21/2020/01/11/peru21_2020-01-11_2.jpg
2026-07-07 20:50:34,769 [WARNING] src.corpus_acquisition.downloader: Page 2 not found (2/3).
2026-07-07 20:50:34,770 [INFO] src.corpus_acquisition.downloader: Downloading page 3 from https://t.prcdn.co/img?file=eag12020011100000000001001&page=3&scale=80
2026-07-07 20:50:34,770 [INFO] src.corpus_acquisition.crawler: Downloading -> data/raw/images/peru21/2020/01/11/peru21_2020-01-11_3.jpg
2026-07-07 20:50:35,078 [WARNING] src.corpus_acquisition.downloader: Page 3 not found (3/3).
2026-07-07 20:50:35,078 [WARNING] src.corpus_acquisition.downloader: No new pages found after 3 attempts; stopping with 0 page(s).
2026-07-07 20:50:35,081 [INFO] src.corpus_acquisition.metadata_extractor: Saved crawl log -> data/raw/crawl_logs/peru21_2020-01-11.json (status=failed)
2026-07-07 20:50:38,023 [INFO] src.corpus_acquisition.downloader: Downloading page 1 from https://t.prcdn.co/img?file=eag12020011200000000001001&page=1&scale=80
2026-07-07 20:50:38,024 [INFO] src.corpus_acquisition.crawler: Downloading -> data/raw/images/peru21/2020/01/12/peru21_2020-01-12_1.jpg
2026-07-07 20:50:41,863 [INFO] src.corpus_acquisition.downloader: Downloading page 2 from https://t.prcdn.co/img?file=eag12020011200000000001001&page=2&scale=80
2026-07-07 20:50:41,864 [INFO] src.corpus_acquisition.crawler: Downloading -> data/raw/images/peru21/2020/01/12/peru21_2020-01-12_2.jpg
2026-07-07 20:50:45,676 [INFO] src.corpus_acquisition.downloader: Downloading page 3 from https://t.prcdn.co/img?file=eag12020011200000000001001&page=3&scale=80
2026-07-07 20:50:45,677 [INFO] src.corpus_acquisition.crawler: Downloading -> data/raw/images/peru21/2020/01/12/peru21_2020-01-12_3.jpg
2026-07-07 20:50:49,464 [INFO] src.corpus_acquisition.downloader: Downloading page 4 from https://t.prcdn.co/img?file=eag12020011200000000001001&page=4&scale=80
2026-07-07 20:50:49,464 [INFO] src.corpus_acquisition.crawler: Downloading -> data/raw/images/peru21/2020/01/12/peru21_2020-01-12_4.jpg
2026-07-07 20:50:52,525 [INFO] src.corpus_acquisition.downloader: Downloading page 5 from https://t.prcdn.co/img?file=eag12020011200000000001001&page=5&scale=80
2026-07-07 20:50:52,526 [INFO] src.corpus_acquisition.crawler: Downloading -> data/raw/images/peru21/2020/01/12/peru21_2020-01-12_5.jpg
2026-07-07 20:50:55,826 [INFO] src.corpus_acquisition.downloader: Downloading page 6 from https://t.prcdn.co/img?file=eag12020011200000000001001&page=6&scale=80
2026-07-07 20:50:55,827 [INFO] src.corpus_acquisition.crawler: Downloading -> data/raw/images/peru21/2020/01/12/peru21_2020-01-12_6.jpg
2026-07-07 20:50:59,519 [INFO] src.corpus_acquisition.downloader: Downloading page 7 from https://t.prcdn.co/img?file=eag12020011200000000001001&page=7&scale=80
2026-07-07 20:50:59,520 [INFO] src.corpus_acquisition.crawler: Downloading -> data/raw/images/peru21/2020/01/12/peru21_2020-01-12_7.jpg
2026-07-07 20:51:02,528 [INFO] src.corpus_acquisition.downloader: Downloading page 8 from https://t.prcdn.co/img?file=eag12020011200000000001001&page=8&scale=80
2026-07-07 20:51:02,529 [INFO] src.corpus_acquisition.crawler: Downloading -> data/raw/images/peru21/2020/01/12/peru21_2020-01-12_8.jpg
2026-07-07 20:51:05,794 [INFO] src.corpus_acquisition.downloader: Downloading page 9 from https://t.prcdn.co/img?file=eag12020011200000000001001&page=9&scale=80
2026-07-07 20:51:05,794 [INFO] src.corpus_acquisition.crawler: Downloading -> data/raw/images/peru21/2020/01/12/peru21_2020-01-12_9.jpg
2026-07-07 20:51:08,510 [INFO] src.corpus_acquisition.downloader: Downloading page 10 from https://t.prcdn.co/img?file=eag12020011200000000001001&page=10&scale=80
2026-07-07 20:51:08,511 [INFO] src.corpus_acquisition.crawler: Downloading -> data/raw/images/peru21/2020/01/12/peru21_2020-01-12_10.jpg
2026-07-07 20:51:12,201 [INFO] src.corpus_acquisition.downloader: Downloading page 11 from https://t.prcdn.co/img?file=eag12020011200000000001001&page=11&scale=80
2026-07-07 20:51:12,202 [INFO] src.corpus_acquisition.crawler: Downloading -> data/raw/images/peru21/2020/01/12/peru21_2020-01-12_11.jpg
2026-07-07 20:51:15,263 [INFO] src.corpus_acquisition.downloader: Downloading page 12 from https://t.prcdn.co/img?file=eag12020011200000000001001&page=12&scale=80
2026-07-07 20:51:15,264 [INFO] src.corpus_acquisition.crawler: Downloading -> data/raw/images/peru21/2020/01/12/peru21_2020-01-12_12.jpg
2026-07-07 20:51:18,892 [INFO] src.corpus_acquisition.downloader: Downloading page 13 from https://t.prcdn.co/img?file=eag12020011200000000001001&page=13&scale=80
2026-07-07 20:51:18,893 [INFO] src.corpus_acquisition.crawler: Downloading -> data/raw/images/peru21/2020/01/12/peru21_2020-01-12_13.jpg
2026-07-07 20:51:22,700 [INFO] src.corpus_acquisition.downloader: Downloading page 14 from https://t.prcdn.co/img?file=eag12020011200000000001001&page=14&scale=80
2026-07-07 20:51:22,700 [INFO] src.corpus_acquisition.crawler: Downloading -> data/raw/images/peru21/2020/01/12/peru21_2020-01-12_14.jpg
2026-07-07 20:51:25,431 [INFO] src.corpus_acquisition.downloader: Downloading page 15 from https://t.prcdn.co/img?file=eag12020011200000000001001&page=15&scale=80
2026-07-07 20:51:25,432 [INFO] src.corpus_acquisition.crawler: Downloading -> data/raw/images/peru21/2020/01/12/peru21_2020-01-12_15.jpg
2026-07-07 20:51:28,883 [INFO] src.corpus_acquisition.downloader: Downloading page 16 from https://t.prcdn.co/img?file=eag12020011200000000001001&page=16&scale=80
2026-07-07 20:51:28,883 [INFO] src.corpus_acquisition.crawler: Downloading -> data/raw/images/peru21/2020/01/12/peru21_2020-01-12_16.jpg
2026-07-07 20:51:32,869 [INFO] src.corpus_acquisition.downloader: Downloading page 17 from https://t.prcdn.co/img?file=eag12020011200000000001001&page=17&scale=80
2026-07-07 20:51:32,870 [INFO] src.corpus_acquisition.crawler: Downloading -> data/raw/images/peru21/2020/01/12/peru21_2020-01-12_17.jpg
2026-07-07 20:51:35,585 [INFO] src.corpus_acquisition.downloader: Downloading page 18 from https://t.prcdn.co/img?file=eag12020011200000000001001&page=18&scale=80
2026-07-07 20:51:35,585 [INFO] src.corpus_acquisition.crawler: Downloading -> data/raw/images/peru21/2020/01/12/peru21_2020-01-12_18.jpg
2026-07-07 20:51:38,759 [INFO] src.corpus_acquisition.downloader: Downloading page 19 from https://t.prcdn.co/img?file=eag12020011200000000001001&page=19&scale=80
2026-07-07 20:51:38,760 [INFO] src.corpus_acquisition.crawler: Downloading -> data/raw/images/peru21/2020/01/12/peru21_2020-01-12_19.jpg
2026-07-07 20:51:41,969 [INFO] src.corpus_acquisition.downloader: Downloading page 20 from https://t.prcdn.co/img?file=eag12020011200000000001001&page=20&scale=80
2026-07-07 20:51:41,970 [INFO] src.corpus_acquisition.crawler: Downloading -> data/raw/images/peru21/2020/01/12/peru21_2020-01-12_20.jpg
2026-07-07 20:51:46,140 [INFO] src.corpus_acquisition.downloader: Downloading page 21 from https://t.prcdn.co/img?file=eag12020011200000000001001&page=21&scale=80
2026-07-07 20:51:46,140 [INFO] src.corpus_acquisition.crawler: Downloading -> data/raw/images/peru21/2020/01/12/peru21_2020-01-12_21.jpg
2026-07-07 20:51:50,006 [INFO] src.corpus_acquisition.downloader: Downloading page 22 from https://t.prcdn.co/img?file=eag12020011200000000001001&page=22&scale=80
2026-07-07 20:51:50,007 [INFO] src.corpus_acquisition.crawler: Downloading -> data/raw/images/peru21/2020/01/12/peru21_2020-01-12_22.jpg
2026-07-07 20:51:53,518 [INFO] src.corpus_acquisition.downloader: Downloading page 23 from https://t.prcdn.co/img?file=eag12020011200000000001001&page=23&scale=80
2026-07-07 20:51:53,519 [INFO] src.corpus_acquisition.crawler: Downloading -> data/raw/images/peru21/2020/01/12/peru21_2020-01-12_23.jpg
2026-07-07 20:51:56,585 [INFO] src.corpus_acquisition.downloader: Downloading page 24 from https://t.prcdn.co/img?file=eag12020011200000000001001&page=24&scale=80
2026-07-07 20:51:56,585 [INFO] src.corpus_acquisition.crawler: Downloading -> data/raw/images/peru21/2020/01/12/peru21_2020-01-12_24.jpg
2026-07-07 20:51:59,239 [INFO] src.corpus_acquisition.downloader: Downloading page 25 from https://t.prcdn.co/img?file=eag12020011200000000001001&page=25&scale=80
2026-07-07 20:51:59,239 [INFO] src.corpus_acquisition.crawler: Downloading -> data/raw/images/peru21/2020/01/12/peru21_2020-01-12_25.jpg
2026-07-07 20:52:02,402 [INFO] src.corpus_acquisition.downloader: Downloading page 26 from https://t.prcdn.co/img?file=eag12020011200000000001001&page=26&scale=80
2026-07-07 20:52:02,402 [INFO] src.corpus_acquisition.crawler: Downloading -> data/raw/images/peru21/2020/01/12/peru21_2020-01-12_26.jpg
2026-07-07 20:52:05,783 [INFO] src.corpus_acquisition.downloader: Downloading page 27 from https://t.prcdn.co/img?file=eag12020011200000000001001&page=27&scale=80
2026-07-07 20:52:05,784 [INFO] src.corpus_acquisition.crawler: Downloading -> data/raw/images/peru21/2020/01/12/peru21_2020-01-12_27.jpg
2026-07-07 20:52:09,780 [INFO] src.corpus_acquisition.downloader: Downloading page 28 from https://t.prcdn.co/img?file=eag12020011200000000001001&page=28&scale=80
2026-07-07 20:52:09,781 [INFO] src.corpus_acquisition.crawler: Downloading -> data/raw/images/peru21/2020/01/12/peru21_2020-01-12_28.jpg
2026-07-07 20:52:13,369 [INFO] src.corpus_acquisition.downloader: Downloading page 29 from https://t.prcdn.co/img?file=eag12020011200000000001001&page=29&scale=80
2026-07-07 20:52:13,370 [INFO] src.corpus_acquisition.crawler: Downloading -> data/raw/images/peru21/2020/01/12/peru21_2020-01-12_29.jpg
2026-07-07 20:52:13,611 [WARNING] src.corpus_acquisition.downloader: Page 29 not found (1/3).
2026-07-07 20:52:13,611 [INFO] src.corpus_acquisition.downloader: Downloading page 30 from https://t.prcdn.co/img?file=eag12020011200000000001001&page=30&scale=80
2026-07-07 20:52:13,612 [INFO] src.corpus_acquisition.crawler: Downloading -> data/raw/images/peru21/2020/01/12/peru21_2020-01-12_30.jpg
2026-07-07 20:52:13,838 [WARNING] src.corpus_acquisition.downloader: Page 30 not found (2/3).
2026-07-07 20:52:13,838 [INFO] src.corpus_acquisition.downloader: Downloading page 31 from https://t.prcdn.co/img?file=eag12020011200000000001001&page=31&scale=80
2026-07-07 20:52:13,838 [INFO] src.corpus_acquisition.crawler: Downloading -> data/raw/images/peru21/2020/01/12/peru21_2020-01-12_31.jpg
2026-07-07 20:52:14,080 [WARNING] src.corpus_acquisition.downloader: Page 31 not found (3/3).
2026-07-07 20:52:14,080 [WARNING] src.corpus_acquisition.downloader: No new pages found after 3 attempts; stopping with 28 page(s).
2026-07-07 20:52:14,220 [INFO] src.corpus_acquisition.metadata_extractor: Saved metadata for 28 page(s) -> data/raw/metadata/raw_metadata.parquet (total rows: 93349)
2026-07-07 20:52:14,225 [INFO] src.corpus_acquisition.metadata_extractor: Saved crawl log -> data/raw/crawl_logs/peru21_2020-01-12.json (status=success)
2026-07-07 20:52:16,694 [INFO] src.corpus_acquisition.downloader: Downloading page 1 from https://t.prcdn.co/img?file=eag12020011300000000001001&page=1&scale=80
2026-07-07 20:52:16,695 [INFO] src.corpus_acquisition.crawler: Downloading -> data/raw/images/peru21/2020/01/13/peru21_2020-01-13_1.jpg
2026-07-07 20:52:19,617 [INFO] src.corpus_acquisition.downloader: Downloading page 2 from https://t.prcdn.co/img?file=eag12020011300000000001001&page=2&scale=80
2026-07-07 20:52:19,617 [INFO] src.corpus_acquisition.crawler: Downloading -> data/raw/images/peru21/2020/01/13/peru21_2020-01-13_2.jpg
2026-07-07 20:52:23,044 [INFO] src.corpus_acquisition.downloader: Downloading page 3 from https://t.prcdn.co/img?file=eag12020011300000000001001&page=3&scale=80
2026-07-07 20:52:23,044 [INFO] src.corpus_acquisition.crawler: Downloading -> data/raw/images/peru21/2020/01/13/peru21_2020-01-13_3.jpg
2026-07-07 20:52:26,047 [INFO] src.corpus_acquisition.downloader: Downloading page 4 from https://t.prcdn.co/img?file=eag12020011300000000001001&page=4&scale=80
2026-07-07 20:52:26,048 [INFO] src.corpus_acquisition.crawler: Downloading -> data/raw/images/peru21/2020/01/13/peru21_2020-01-13_4.jpg
2026-07-07 20:52:28,990 [INFO] src.corpus_acquisition.downloader: Downloading page 5 from https://t.prcdn.co/img?file=eag12020011300000000001001&page=5&scale=80
2026-07-07 20:52:28,990 [INFO] src.corpus_acquisition.crawler: Downloading -> data/raw/images/peru21/2020/01/13/peru21_2020-01-13_5.jpg
2026-07-07 20:52:32,944 [INFO] src.corpus_acquisition.downloader: Downloading page 6 from https://t.prcdn.co/img?file=eag12020011300000000001001&page=6&scale=80
2026-07-07 20:52:32,945 [INFO] src.corpus_acquisition.crawler: Downloading -> data/raw/images/peru21/2020/01/13/peru21_2020-01-13_6.jpg
2026-07-07 20:52:36,116 [INFO] src.corpus_acquisition.downloader: Downloading page 7 from https://t.prcdn.co/img?file=eag12020011300000000001001&page=7&scale=80
2026-07-07 20:52:36,117 [INFO] src.corpus_acquisition.crawler: Downloading -> data/raw/images/peru21/2020/01/13/peru21_2020-01-13_7.jpg
2026-07-07 20:52:39,452 [INFO] src.corpus_acquisition.downloader: Downloading page 8 from https://t.prcdn.co/img?file=eag12020011300000000001001&page=8&scale=80
2026-07-07 20:52:39,453 [INFO] src.corpus_acquisition.crawler: Downloading -> data/raw/images/peru21/2020/01/13/peru21_2020-01-13_8.jpg
2026-07-07 20:52:43,174 [INFO] src.corpus_acquisition.downloader: Downloading page 9 from https://t.prcdn.co/img?file=eag12020011300000000001001&page=9&scale=80
2026-07-07 20:52:43,174 [INFO] src.corpus_acquisition.crawler: Downloading -> data/raw/images/peru21/2020/01/13/peru21_2020-01-13_9.jpg
2026-07-07 20:52:46,127 [INFO] src.corpus_acquisition.downloader: Downloading page 10 from https://t.prcdn.co/img?file=eag12020011300000000001001&page=10&scale=80
2026-07-07 20:52:46,128 [INFO] src.corpus_acquisition.crawler: Downloading -> data/raw/images/peru21/2020/01/13/peru21_2020-01-13_10.jpg
2026-07-07 20:52:48,941 [INFO] src.corpus_acquisition.downloader: Downloading page 11 from https://t.prcdn.co/img?file=eag12020011300000000001001&page=11&scale=80
2026-07-07 20:52:48,942 [INFO] src.corpus_acquisition.crawler: Downloading -> data/raw/images/peru21/2020/01/13/peru21_2020-01-13_11.jpg
2026-07-07 20:52:52,115 [INFO] src.corpus_acquisition.downloader: Downloading page 12 from https://t.prcdn.co/img?file=eag12020011300000000001001&page=12&scale=80
2026-07-07 20:52:52,116 [INFO] src.corpus_acquisition.crawler: Downloading -> data/raw/images/peru21/2020/01/13/peru21_2020-01-13_12.jpg
2026-07-07 20:52:55,534 [INFO] src.corpus_acquisition.downloader: Downloading page 13 from https://t.prcdn.co/img?file=eag12020011300000000001001&page=13&scale=80
2026-07-07 20:52:55,535 [INFO] src.corpus_acquisition.crawler: Downloading -> data/raw/images/peru21/2020/01/13/peru21_2020-01-13_13.jpg
2026-07-07 20:52:58,975 [INFO] src.corpus_acquisition.downloader: Downloading page 14 from https://t.prcdn.co/img?file=eag12020011300000000001001&page=14&scale=80
2026-07-07 20:52:58,976 [INFO] src.corpus_acquisition.crawler: Downloading -> data/raw/images/peru21/2020/01/13/peru21_2020-01-13_14.jpg
2026-07-07 20:53:02,100 [INFO] src.corpus_acquisition.downloader: Downloading page 15 from https://t.prcdn.co/img?file=eag12020011300000000001001&page=15&scale=80
2026-07-07 20:53:02,100 [INFO] src.corpus_acquisition.crawler: Downloading -> data/raw/images/peru21/2020/01/13/peru21_2020-01-13_15.jpg
2026-07-07 20:53:05,722 [INFO] src.corpus_acquisition.downloader: Downloading page 16 from https://t.prcdn.co/img?file=eag12020011300000000001001&page=16&scale=80
2026-07-07 20:53:05,722 [INFO] src.corpus_acquisition.crawler: Downloading -> data/raw/images/peru21/2020/01/13/peru21_2020-01-13_16.jpg
2026-07-07 20:53:08,711 [INFO] src.corpus_acquisition.downloader: Downloading page 17 from https://t.prcdn.co/img?file=eag12020011300000000001001&page=17&scale=80
2026-07-07 20:53:08,712 [INFO] src.corpus_acquisition.crawler: Downloading -> data/raw/images/peru21/2020/01/13/peru21_2020-01-13_17.jpg
2026-07-07 20:53:11,962 [INFO] src.corpus_acquisition.downloader: Downloading page 18 from https://t.prcdn.co/img?file=eag12020011300000000001001&page=18&scale=80
2026-07-07 20:53:11,963 [INFO] src.corpus_acquisition.crawler: Downloading -> data/raw/images/peru21/2020/01/13/peru21_2020-01-13_18.jpg
2026-07-07 20:53:14,863 [INFO] src.corpus_acquisition.downloader: Downloading page 19 from https://t.prcdn.co/img?file=eag12020011300000000001001&page=19&scale=80
2026-07-07 20:53:14,864 [INFO] src.corpus_acquisition.crawler: Downloading -> data/raw/images/peru21/2020/01/13/peru21_2020-01-13_19.jpg
2026-07-07 20:53:18,021 [INFO] src.corpus_acquisition.downloader: Downloading page 20 from https://t.prcdn.co/img?file=eag12020011300000000001001&page=20&scale=80
2026-07-07 20:53:18,022 [INFO] src.corpus_acquisition.crawler: Downloading -> data/raw/images/peru21/2020/01/13/peru21_2020-01-13_20.jpg
2026-07-07 20:53:20,957 [INFO] src.corpus_acquisition.downloader: Downloading page 21 from https://t.prcdn.co/img?file=eag12020011300000000001001&page=21&scale=80
2026-07-07 20:53:20,957 [INFO] src.corpus_acquisition.crawler: Downloading -> data/raw/images/peru21/2020/01/13/peru21_2020-01-13_21.jpg
2026-07-07 20:53:25,545 [INFO] src.corpus_acquisition.downloader: Downloading page 22 from https://t.prcdn.co/img?file=eag12020011300000000001001&page=22&scale=80
2026-07-07 20:53:25,545 [INFO] src.corpus_acquisition.crawler: Downloading -> data/raw/images/peru21/2020/01/13/peru21_2020-01-13_22.jpg
2026-07-07 20:53:28,425 [INFO] src.corpus_acquisition.downloader: Downloading page 23 from https://t.prcdn.co/img?file=eag12020011300000000001001&page=23&scale=80
2026-07-07 20:53:28,426 [INFO] src.corpus_acquisition.crawler: Downloading -> data/raw/images/peru21/2020/01/13/peru21_2020-01-13_23.jpg
2026-07-07 20:53:31,984 [INFO] src.corpus_acquisition.downloader: Downloading page 24 from https://t.prcdn.co/img?file=eag12020011300000000001001&page=24&scale=80
2026-07-07 20:53:31,985 [INFO] src.corpus_acquisition.crawler: Downloading -> data/raw/images/peru21/2020/01/13/peru21_2020-01-13_24.jpg
2026-07-07 20:53:35,465 [INFO] src.corpus_acquisition.downloader: Downloading page 25 from https://t.prcdn.co/img?file=eag12020011300000000001001&page=25&scale=80
2026-07-07 20:53:35,466 [INFO] src.corpus_acquisition.crawler: Downloading -> data/raw/images/peru21/2020/01/13/peru21_2020-01-13_25.jpg
2026-07-07 20:53:35,685 [WARNING] src.corpus_acquisition.downloader: Page 25 not found (1/3).
2026-07-07 20:53:35,686 [INFO] src.corpus_acquisition.downloader: Downloading page 26 from https://t.prcdn.co/img?file=eag12020011300000000001001&page=26&scale=80
2026-07-07 20:53:35,686 [INFO] src.corpus_acquisition.crawler: Downloading -> data/raw/images/peru21/2020/01/13/peru21_2020-01-13_26.jpg
2026-07-07 20:53:35,942 [WARNING] src.corpus_acquisition.downloader: Page 26 not found (2/3).
2026-07-07 20:53:35,942 [INFO] src.corpus_acquisition.downloader: Downloading page 27 from https://t.prcdn.co/img?file=eag12020011300000000001001&page=27&scale=80
2026-07-07 20:53:35,942 [INFO] src.corpus_acquisition.crawler: Downloading -> data/raw/images/peru21/2020/01/13/peru21_2020-01-13_27.jpg
2026-07-07 20:53:36,144 [WARNING] src.corpus_acquisition.downloader: Page 27 not found (3/3).
2026-07-07 20:53:36,144 [WARNING] src.corpus_acquisition.downloader: No new pages found after 3 attempts; stopping with 24 page(s).
2026-07-07 20:53:36,283 [INFO] src.corpus_acquisition.metadata_extractor: Saved metadata for 24 page(s) -> data/raw/metadata/raw_metadata.parquet (total rows: 93551)
2026-07-07 20:53:36,286 [INFO] src.corpus_acquisition.metadata_extractor: Saved crawl log -> data/raw/crawl_logs/peru21_2020-01-13.json (status=success)
2026-07-07 20:53:38,346 [INFO] src.corpus_acquisition.downloader: Downloading page 1 from https://t.prcdn.co/img?file=eag12020011400000000001001&page=1&scale=80
2026-07-07 20:53:38,347 [INFO] src.corpus_acquisition.crawler: Downloading -> data/raw/images/peru21/2020/01/14/peru21_2020-01-14_1.jpg
2026-07-07 20:53:38,555 [WARNING] src.corpus_acquisition.downloader: Page 1 not found (1/3).
2026-07-07 20:53:38,556 [INFO] src.corpus_acquisition.downloader: Downloading page 2 from https://t.prcdn.co/img?file=eag12020011400000000001001&page=2&scale=80
2026-07-07 20:53:38,557 [INFO] src.corpus_acquisition.crawler: Downloading -> data/raw/images/peru21/2020/01/14/peru21_2020-01-14_2.jpg
2026-07-07 20:53:38,784 [WARNING] src.corpus_acquisition.downloader: Page 2 not found (2/3).
2026-07-07 20:53:38,785 [INFO] src.corpus_acquisition.downloader: Downloading page 3 from https://t.prcdn.co/img?file=eag12020011400000000001001&page=3&scale=80
2026-07-07 20:53:38,785 [INFO] src.corpus_acquisition.crawler: Downloading -> data/raw/images/peru21/2020/01/14/peru21_2020-01-14_3.jpg
2026-07-07 20:53:39,051 [WARNING] src.corpus_acquisition.downloader: Page 3 not found (3/3).
2026-07-07 20:53:39,051 [WARNING] src.corpus_acquisition.downloader: No new pages found after 3 attempts; stopping with 0 page(s).
2026-07-07 20:53:39,053 [INFO] src.corpus_acquisition.metadata_extractor: Saved crawl log -> data/raw/crawl_logs/peru21_2020-01-14.json (status=failed)
2026-07-07 20:53:41,702 [INFO] src.corpus_acquisition.downloader: Downloading page 1 from https://t.prcdn.co/img?file=eag12020011500000000001001&page=1&scale=80
2026-07-07 20:53:41,703 [INFO] src.corpus_acquisition.crawler: Downloading -> data/raw/images/peru21/2020/01/15/peru21_2020-01-15_1.jpg
2026-07-07 20:53:43,928 [INFO] src.corpus_acquisition.downloader: Downloading page 2 from https://t.prcdn.co/img?file=eag12020011500000000001001&page=2&scale=80
2026-07-07 20:53:43,929 [INFO] src.corpus_acquisition.crawler: Downloading -> data/raw/images/peru21/2020/01/15/peru21_2020-01-15_2.jpg
2026-07-07 20:53:48,211 [INFO] src.corpus_acquisition.downloader: Downloading page 3 from https://t.prcdn.co/img?file=eag12020011500000000001001&page=3&scale=80
2026-07-07 20:53:48,211 [INFO] src.corpus_acquisition.crawler: Downloading -> data/raw/images/peru21/2020/01/15/peru21_2020-01-15_3.jpg
2026-07-07 20:53:51,760 [INFO] src.corpus_acquisition.downloader: Downloading page 4 from https://t.prcdn.co/img?file=eag12020011500000000001001&page=4&scale=80
2026-07-07 20:53:51,760 [INFO] src.corpus_acquisition.crawler: Downloading -> data/raw/images/peru21/2020/01/15/peru21_2020-01-15_4.jpg
2026-07-07 20:53:54,371 [INFO] src.corpus_acquisition.downloader: Downloading page 5 from https://t.prcdn.co/img?file=eag12020011500000000001001&page=5&scale=80
2026-07-07 20:53:54,371 [INFO] src.corpus_acquisition.crawler: Downloading -> data/raw/images/peru21/2020/01/15/peru21_2020-01-15_5.jpg
2026-07-07 20:53:59,007 [INFO] src.corpus_acquisition.downloader: Downloading page 6 from https://t.prcdn.co/img?file=eag12020011500000000001001&page=6&scale=80
2026-07-07 20:53:59,008 [INFO] src.corpus_acquisition.crawler: Downloading -> data/raw/images/peru21/2020/01/15/peru21_2020-01-15_6.jpg
2026-07-07 20:54:02,587 [INFO] src.corpus_acquisition.downloader: Downloading page 7 from https://t.prcdn.co/img?file=eag12020011500000000001001&page=7&scale=80
2026-07-07 20:54:02,587 [INFO] src.corpus_acquisition.crawler: Downloading -> data/raw/images/peru21/2020/01/15/peru21_2020-01-15_7.jpg
2026-07-07 20:54:05,033 [INFO] src.corpus_acquisition.downloader: Downloading page 8 from https://t.prcdn.co/img?file=eag12020011500000000001001&page=8&scale=80
2026-07-07 20:54:05,034 [INFO] src.corpus_acquisition.crawler: Downloading -> data/raw/images/peru21/2020/01/15/peru21_2020-01-15_8.jpg
2026-07-07 20:54:08,928 [INFO] src.corpus_acquisition.downloader: Downloading page 9 from https://t.prcdn.co/img?file=eag12020011500000000001001&page=9&scale=80
2026-07-07 20:54:08,929 [INFO] src.corpus_acquisition.crawler: Downloading -> data/raw/images/peru21/2020/01/15/peru21_2020-01-15_9.jpg
2026-07-07 20:54:11,796 [INFO] src.corpus_acquisition.downloader: Downloading page 10 from https://t.prcdn.co/img?file=eag12020011500000000001001&page=10&scale=80
2026-07-07 20:54:11,796 [INFO] src.corpus_acquisition.crawler: Downloading -> data/raw/images/peru21/2020/01/15/peru21_2020-01-15_10.jpg
2026-07-07 20:54:14,297 [INFO] src.corpus_acquisition.downloader: Downloading page 11 from https://t.prcdn.co/img?file=eag12020011500000000001001&page=11&scale=80
2026-07-07 20:54:14,297 [INFO] src.corpus_acquisition.crawler: Downloading -> data/raw/images/peru21/2020/01/15/peru21_2020-01-15_11.jpg
2026-07-07 20:54:18,216 [INFO] src.corpus_acquisition.downloader: Downloading page 12 from https://t.prcdn.co/img?file=eag12020011500000000001001&page=12&scale=80
2026-07-07 20:54:18,216 [INFO] src.corpus_acquisition.crawler: Downloading -> data/raw/images/peru21/2020/01/15/peru21_2020-01-15_12.jpg
2026-07-07 20:54:21,203 [INFO] src.corpus_acquisition.downloader: Downloading page 13 from https://t.prcdn.co/img?file=eag12020011500000000001001&page=13&scale=80
2026-07-07 20:54:21,203 [INFO] src.corpus_acquisition.crawler: Downloading -> data/raw/images/peru21/2020/01/15/peru21_2020-01-15_13.jpg
2026-07-07 20:54:24,358 [INFO] src.corpus_acquisition.downloader: Downloading page 14 from https://t.prcdn.co/img?file=eag12020011500000000001001&page=14&scale=80
2026-07-07 20:54:24,358 [INFO] src.corpus_acquisition.crawler: Downloading -> data/raw/images/peru21/2020/01/15/peru21_2020-01-15_14.jpg
2026-07-07 20:54:28,215 [INFO] src.corpus_acquisition.downloader: Downloading page 15 from https://t.prcdn.co/img?file=eag12020011500000000001001&page=15&scale=80
2026-07-07 20:54:28,217 [INFO] src.corpus_acquisition.crawler: Downloading -> data/raw/images/peru21/2020/01/15/peru21_2020-01-15_15.jpg
2026-07-07 20:54:32,167 [INFO] src.corpus_acquisition.downloader: Downloading page 16 from https://t.prcdn.co/img?file=eag12020011500000000001001&page=16&scale=80
2026-07-07 20:54:32,172 [INFO] src.corpus_acquisition.crawler: Downloading -> data/raw/images/peru21/2020/01/15/peru21_2020-01-15_16.jpg
2026-07-07 20:54:35,236 [INFO] src.corpus_acquisition.downloader: Downloading page 17 from https://t.prcdn.co/img?file=eag12020011500000000001001&page=17&scale=80
2026-07-07 20:54:35,237 [INFO] src.corpus_acquisition.crawler: Downloading -> data/raw/images/peru21/2020/01/15/peru21_2020-01-15_17.jpg
2026-07-07 20:54:38,109 [INFO] src.corpus_acquisition.downloader: Downloading page 18 from https://t.prcdn.co/img?file=eag12020011500000000001001&page=18&scale=80
2026-07-07 20:54:38,110 [INFO] src.corpus_acquisition.crawler: Downloading -> data/raw/images/peru21/2020/01/15/peru21_2020-01-15_18.jpg
2026-07-07 20:54:41,217 [INFO] src.corpus_acquisition.downloader: Downloading page 19 from https://t.prcdn.co/img?file=eag12020011500000000001001&page=19&scale=80
2026-07-07 20:54:41,217 [INFO] src.corpus_acquisition.crawler: Downloading -> data/raw/images/peru21/2020/01/15/peru21_2020-01-15_19.jpg
2026-07-07 20:54:45,816 [INFO] src.corpus_acquisition.downloader: Downloading page 20 from https://t.prcdn.co/img?file=eag12020011500000000001001&page=20&scale=80
2026-07-07 20:54:45,816 [INFO] src.corpus_acquisition.crawler: Downloading -> data/raw/images/peru21/2020/01/15/peru21_2020-01-15_20.jpg
2026-07-07 20:54:50,003 [INFO] src.corpus_acquisition.downloader: Downloading page 21 from https://t.prcdn.co/img?file=eag12020011500000000001001&page=21&scale=80
2026-07-07 20:54:50,003 [INFO] src.corpus_acquisition.crawler: Downloading -> data/raw/images/peru21/2020/01/15/peru21_2020-01-15_21.jpg
2026-07-07 20:54:53,821 [INFO] src.corpus_acquisition.downloader: Downloading page 22 from https://t.prcdn.co/img?file=eag12020011500000000001001&page=22&scale=80
2026-07-07 20:54:53,821 [INFO] src.corpus_acquisition.crawler: Downloading -> data/raw/images/peru21/2020/01/15/peru21_2020-01-15_22.jpg
2026-07-07 20:54:57,101 [INFO] src.corpus_acquisition.downloader: Downloading page 23 from https://t.prcdn.co/img?file=eag12020011500000000001001&page=23&scale=80
2026-07-07 20:54:57,101 [INFO] src.corpus_acquisition.crawler: Downloading -> data/raw/images/peru21/2020/01/15/peru21_2020-01-15_23.jpg
2026-07-07 20:55:00,460 [INFO] src.corpus_acquisition.downloader: Downloading page 24 from https://t.prcdn.co/img?file=eag12020011500000000001001&page=24&scale=80
2026-07-07 20:55:00,461 [INFO] src.corpus_acquisition.crawler: Downloading -> data/raw/images/peru21/2020/01/15/peru21_2020-01-15_24.jpg
2026-07-07 20:55:03,509 [INFO] src.corpus_acquisition.downloader: Downloading page 25 from https://t.prcdn.co/img?file=eag12020011500000000001001&page=25&scale=80
2026-07-07 20:55:03,509 [INFO] src.corpus_acquisition.crawler: Downloading -> data/raw/images/peru21/2020/01/15/peru21_2020-01-15_25.jpg
2026-07-07 20:55:03,728 [WARNING] src.corpus_acquisition.downloader: Page 25 not found (1/3).
2026-07-07 20:55:03,728 [INFO] src.corpus_acquisition.downloader: Downloading page 26 from https://t.prcdn.co/img?file=eag12020011500000000001001&page=26&scale=80
2026-07-07 20:55:03,729 [INFO] src.corpus_acquisition.crawler: Downloading -> data/raw/images/peru21/2020/01/15/peru21_2020-01-15_26.jpg
2026-07-07 20:55:03,970 [WARNING] src.corpus_acquisition.downloader: Page 26 not found (2/3).
2026-07-07 20:55:03,970 [INFO] src.corpus_acquisition.downloader: Downloading page 27 from https://t.prcdn.co/img?file=eag12020011500000000001001&page=27&scale=80
2026-07-07 20:55:03,970 [INFO] src.corpus_acquisition.crawler: Downloading -> data/raw/images/peru21/2020/01/15/peru21_2020-01-15_27.jpg
2026-07-07 20:55:04,190 [WARNING] src.corpus_acquisition.downloader: Page 27 not found (3/3).
2026-07-07 20:55:04,190 [WARNING] src.corpus_acquisition.downloader: No new pages found after 3 attempts; stopping with 24 page(s).
2026-07-07 20:55:04,322 [INFO] src.corpus_acquisition.metadata_extractor: Saved metadata for 24 page(s) -> data/raw/metadata/raw_metadata.parquet (total rows: 93685)
2026-07-07 20:55:04,324 [INFO] src.corpus_acquisition.metadata_extractor: Saved crawl log -> data/raw/crawl_logs/peru21_2020-01-15.json (status=success)
2026-07-07 20:55:06,540 [INFO] src.corpus_acquisition.downloader: Downloading page 1 from https://t.prcdn.co/img?file=eag12020011600000000001001&page=1&scale=80
2026-07-07 20:55:06,541 [INFO] src.corpus_acquisition.crawler: Downloading -> data/raw/images/peru21/2020/01/16/peru21_2020-01-16_1.jpg
2026-07-07 20:55:06,780 [WARNING] src.corpus_acquisition.downloader: Page 1 not found (1/3).
2026-07-07 20:55:06,781 [INFO] src.corpus_acquisition.downloader: Downloading page 2 from https://t.prcdn.co/img?file=eag12020011600000000001001&page=2&scale=80
2026-07-07 20:55:06,782 [INFO] src.corpus_acquisition.crawler: Downloading -> data/raw/images/peru21/2020/01/16/peru21_2020-01-16_2.jpg
2026-07-07 20:55:07,064 [WARNING] src.corpus_acquisition.downloader: Page 2 not found (2/3).
2026-07-07 20:55:07,065 [INFO] src.corpus_acquisition.downloader: Downloading page 3 from https://t.prcdn.co/img?file=eag12020011600000000001001&page=3&scale=80
2026-07-07 20:55:07,065 [INFO] src.corpus_acquisition.crawler: Downloading -> data/raw/images/peru21/2020/01/16/peru21_2020-01-16_3.jpg
2026-07-07 20:55:07,271 [WARNING] src.corpus_acquisition.downloader: Page 3 not found (3/3).
2026-07-07 20:55:07,271 [WARNING] src.corpus_acquisition.downloader: No new pages found after 3 attempts; stopping with 0 page(s).
2026-07-07 20:55:07,273 [INFO] src.corpus_acquisition.metadata_extractor: Saved crawl log -> data/raw/crawl_logs/peru21_2020-01-16.json (status=failed)
2026-07-07 20:55:09,925 [INFO] src.corpus_acquisition.downloader: Downloading page 1 from https://t.prcdn.co/img?file=eag12020011700000000001001&page=1&scale=80
2026-07-07 20:55:09,926 [INFO] src.corpus_acquisition.crawler: Downloading -> data/raw/images/peru21/2020/01/17/peru21_2020-01-17_1.jpg
2026-07-07 20:55:10,144 [WARNING] src.corpus_acquisition.downloader: Page 1 not found (1/3).
2026-07-07 20:55:10,144 [INFO] src.corpus_acquisition.downloader: Downloading page 2 from https://t.prcdn.co/img?file=eag12020011700000000001001&page=2&scale=80
2026-07-07 20:55:10,145 [INFO] src.corpus_acquisition.crawler: Downloading -> data/raw/images/peru21/2020/01/17/peru21_2020-01-17_2.jpg
2026-07-07 20:55:10,402 [WARNING] src.corpus_acquisition.downloader: Page 2 not found (2/3).
2026-07-07 20:55:10,402 [INFO] src.corpus_acquisition.downloader: Downloading page 3 from https://t.prcdn.co/img?file=eag12020011700000000001001&page=3&scale=80
2026-07-07 20:55:10,403 [INFO] src.corpus_acquisition.crawler: Downloading -> data/raw/images/peru21/2020/01/17/peru21_2020-01-17_3.jpg
2026-07-07 20:55:10,641 [WARNING] src.corpus_acquisition.downloader: Page 3 not found (3/3).
2026-07-07 20:55:10,642 [WARNING] src.corpus_acquisition.downloader: No new pages found after 3 attempts; stopping with 0 page(s).
2026-07-07 20:55:10,644 [INFO] src.corpus_acquisition.metadata_extractor: Saved crawl log -> data/raw/crawl_logs/peru21_2020-01-17.json (status=failed)
2026-07-07 20:55:13,582 [INFO] src.corpus_acquisition.downloader: Downloading page 1 from https://t.prcdn.co/img?file=eag12020011800000000001001&page=1&scale=80
2026-07-07 20:55:13,583 [INFO] src.corpus_acquisition.crawler: Downloading -> data/raw/images/peru21/2020/01/18/peru21_2020-01-18_1.jpg
2026-07-07 20:55:13,822 [WARNING] src.corpus_acquisition.downloader: Page 1 not found (1/3).
2026-07-07 20:55:13,823 [INFO] src.corpus_acquisition.downloader: Downloading page 2 from https://t.prcdn.co/img?file=eag12020011800000000001001&page=2&scale=80
2026-07-07 20:55:13,824 [INFO] src.corpus_acquisition.crawler: Downloading -> data/raw/images/peru21/2020/01/18/peru21_2020-01-18_2.jpg
2026-07-07 20:55:14,076 [WARNING] src.corpus_acquisition.downloader: Page 2 not found (2/3).
2026-07-07 20:55:14,076 [INFO] src.corpus_acquisition.downloader: Downloading page 3 from https://t.prcdn.co/img?file=eag12020011800000000001001&page=3&scale=80
2026-07-07 20:55:14,076 [INFO] src.corpus_acquisition.crawler: Downloading -> data/raw/images/peru21/2020/01/18/peru21_2020-01-18_3.jpg
2026-07-07 20:55:14,295 [WARNING] src.corpus_acquisition.downloader: Page 3 not found (3/3).
2026-07-07 20:55:14,295 [WARNING] src.corpus_acquisition.downloader: No new pages found after 3 attempts; stopping with 0 page(s).
2026-07-07 20:55:14,298 [INFO] src.corpus_acquisition.metadata_extractor: Saved crawl log -> data/raw/crawl_logs/peru21_2020-01-18.json (status=failed)
2026-07-07 20:55:16,674 [INFO] src.corpus_acquisition.downloader: Downloading page 1 from https://t.prcdn.co/img?file=eag12020011900000000001001&page=1&scale=80
2026-07-07 20:55:16,675 [INFO] src.corpus_acquisition.crawler: Downloading -> data/raw/images/peru21/2020/01/19/peru21_2020-01-19_1.jpg
2026-07-07 20:55:19,867 [INFO] src.corpus_acquisition.downloader: Downloading page 2 from https://t.prcdn.co/img?file=eag12020011900000000001001&page=2&scale=80
2026-07-07 20:55:19,868 [INFO] src.corpus_acquisition.crawler: Downloading -> data/raw/images/peru21/2020/01/19/peru21_2020-01-19_2.jpg
2026-07-07 20:55:23,947 [INFO] src.corpus_acquisition.downloader: Downloading page 3 from https://t.prcdn.co/img?file=eag12020011900000000001001&page=3&scale=80
2026-07-07 20:55:23,948 [INFO] src.corpus_acquisition.crawler: Downloading -> data/raw/images/peru21/2020/01/19/peru21_2020-01-19_3.jpg
2026-07-07 20:55:26,911 [INFO] src.corpus_acquisition.downloader: Downloading page 4 from https://t.prcdn.co/img?file=eag12020011900000000001001&page=4&scale=80
2026-07-07 20:55:26,911 [INFO] src.corpus_acquisition.crawler: Downloading -> data/raw/images/peru21/2020/01/19/peru21_2020-01-19_4.jpg
2026-07-07 20:55:29,998 [INFO] src.corpus_acquisition.downloader: Downloading page 5 from https://t.prcdn.co/img?file=eag12020011900000000001001&page=5&scale=80
2026-07-07 20:55:29,998 [INFO] src.corpus_acquisition.crawler: Downloading -> data/raw/images/peru21/2020/01/19/peru21_2020-01-19_5.jpg
2026-07-07 20:55:33,213 [INFO] src.corpus_acquisition.downloader: Downloading page 6 from https://t.prcdn.co/img?file=eag12020011900000000001001&page=6&scale=80
2026-07-07 20:55:33,214 [INFO] src.corpus_acquisition.crawler: Downloading -> data/raw/images/peru21/2020/01/19/peru21_2020-01-19_6.jpg
2026-07-07 20:55:36,795 [INFO] src.corpus_acquisition.downloader: Downloading page 7 from https://t.prcdn.co/img?file=eag12020011900000000001001&page=7&scale=80
2026-07-07 20:55:36,795 [INFO] src.corpus_acquisition.crawler: Downloading -> data/raw/images/peru21/2020/01/19/peru21_2020-01-19_7.jpg
2026-07-07 20:55:39,748 [INFO] src.corpus_acquisition.downloader: Downloading page 8 from https://t.prcdn.co/img?file=eag12020011900000000001001&page=8&scale=80
2026-07-07 20:55:39,748 [INFO] src.corpus_acquisition.crawler: Downloading -> data/raw/images/peru21/2020/01/19/peru21_2020-01-19_8.jpg
2026-07-07 20:55:43,351 [INFO] src.corpus_acquisition.downloader: Downloading page 9 from https://t.prcdn.co/img?file=eag12020011900000000001001&page=9&scale=80
2026-07-07 20:55:43,352 [INFO] src.corpus_acquisition.crawler: Downloading -> data/raw/images/peru21/2020/01/19/peru21_2020-01-19_9.jpg
2026-07-07 20:55:46,931 [INFO] src.corpus_acquisition.downloader: Downloading page 10 from https://t.prcdn.co/img?file=eag12020011900000000001001&page=10&scale=80
2026-07-07 20:55:46,932 [INFO] src.corpus_acquisition.crawler: Downloading -> data/raw/images/peru21/2020/01/19/peru21_2020-01-19_10.jpg
2026-07-07 20:55:51,403 [INFO] src.corpus_acquisition.downloader: Downloading page 11 from https://t.prcdn.co/img?file=eag12020011900000000001001&page=11&scale=80
2026-07-07 20:55:51,404 [INFO] src.corpus_acquisition.crawler: Downloading -> data/raw/images/peru21/2020/01/19/peru21_2020-01-19_11.jpg
2026-07-07 20:55:55,175 [INFO] src.corpus_acquisition.downloader: Downloading page 12 from https://t.prcdn.co/img?file=eag12020011900000000001001&page=12&scale=80
2026-07-07 20:55:55,175 [INFO] src.corpus_acquisition.crawler: Downloading -> data/raw/images/peru21/2020/01/19/peru21_2020-01-19_12.jpg
2026-07-07 20:55:59,060 [INFO] src.corpus_acquisition.downloader: Downloading page 13 from https://t.prcdn.co/img?file=eag12020011900000000001001&page=13&scale=80
2026-07-07 20:55:59,061 [INFO] src.corpus_acquisition.crawler: Downloading -> data/raw/images/peru21/2020/01/19/peru21_2020-01-19_13.jpg
2026-07-07 20:56:02,844 [INFO] src.corpus_acquisition.downloader: Downloading page 14 from https://t.prcdn.co/img?file=eag12020011900000000001001&page=14&scale=80
2026-07-07 20:56:02,845 [INFO] src.corpus_acquisition.crawler: Downloading -> data/raw/images/peru21/2020/01/19/peru21_2020-01-19_14.jpg
2026-07-07 20:56:05,878 [INFO] src.corpus_acquisition.downloader: Downloading page 15 from https://t.prcdn.co/img?file=eag12020011900000000001001&page=15&scale=80
2026-07-07 20:56:05,878 [INFO] src.corpus_acquisition.crawler: Downloading -> data/raw/images/peru21/2020/01/19/peru21_2020-01-19_15.jpg
2026-07-07 20:56:09,139 [INFO] src.corpus_acquisition.downloader: Downloading page 16 from https://t.prcdn.co/img?file=eag12020011900000000001001&page=16&scale=80
2026-07-07 20:56:09,140 [INFO] src.corpus_acquisition.crawler: Downloading -> data/raw/images/peru21/2020/01/19/peru21_2020-01-19_16.jpg
2026-07-07 20:56:12,357 [INFO] src.corpus_acquisition.downloader: Downloading page 17 from https://t.prcdn.co/img?file=eag12020011900000000001001&page=17&scale=80
2026-07-07 20:56:12,358 [INFO] src.corpus_acquisition.crawler: Downloading -> data/raw/images/peru21/2020/01/19/peru21_2020-01-19_17.jpg
2026-07-07 20:56:15,204 [INFO] src.corpus_acquisition.downloader: Downloading page 18 from https://t.prcdn.co/img?file=eag12020011900000000001001&page=18&scale=80
2026-07-07 20:56:15,204 [INFO] src.corpus_acquisition.crawler: Downloading -> data/raw/images/peru21/2020/01/19/peru21_2020-01-19_18.jpg
2026-07-07 20:56:18,235 [INFO] src.corpus_acquisition.downloader: Downloading page 19 from https://t.prcdn.co/img?file=eag12020011900000000001001&page=19&scale=80
2026-07-07 20:56:18,236 [INFO] src.corpus_acquisition.crawler: Downloading -> data/raw/images/peru21/2020/01/19/peru21_2020-01-19_19.jpg
2026-07-07 20:56:21,817 [INFO] src.corpus_acquisition.downloader: Downloading page 20 from https://t.prcdn.co/img?file=eag12020011900000000001001&page=20&scale=80
2026-07-07 20:56:21,818 [INFO] src.corpus_acquisition.crawler: Downloading -> data/raw/images/peru21/2020/01/19/peru21_2020-01-19_20.jpg
2026-07-07 20:56:24,592 [INFO] src.corpus_acquisition.downloader: Downloading page 21 from https://t.prcdn.co/img?file=eag12020011900000000001001&page=21&scale=80
2026-07-07 20:56:24,593 [INFO] src.corpus_acquisition.crawler: Downloading -> data/raw/images/peru21/2020/01/19/peru21_2020-01-19_21.jpg
2026-07-07 20:56:27,730 [INFO] src.corpus_acquisition.downloader: Downloading page 22 from https://t.prcdn.co/img?file=eag12020011900000000001001&page=22&scale=80
2026-07-07 20:56:27,730 [INFO] src.corpus_acquisition.crawler: Downloading -> data/raw/images/peru21/2020/01/19/peru21_2020-01-19_22.jpg
2026-07-07 20:56:31,193 [INFO] src.corpus_acquisition.downloader: Downloading page 23 from https://t.prcdn.co/img?file=eag12020011900000000001001&page=23&scale=80
2026-07-07 20:56:31,193 [INFO] src.corpus_acquisition.crawler: Downloading -> data/raw/images/peru21/2020/01/19/peru21_2020-01-19_23.jpg
2026-07-07 20:56:34,140 [INFO] src.corpus_acquisition.downloader: Downloading page 24 from https://t.prcdn.co/img?file=eag12020011900000000001001&page=24&scale=80
2026-07-07 20:56:34,140 [INFO] src.corpus_acquisition.crawler: Downloading -> data/raw/images/peru21/2020/01/19/peru21_2020-01-19_24.jpg
2026-07-07 20:56:37,072 [INFO] src.corpus_acquisition.downloader: Downloading page 25 from https://t.prcdn.co/img?file=eag12020011900000000001001&page=25&scale=80
2026-07-07 20:56:37,072 [INFO] src.corpus_acquisition.crawler: Downloading -> data/raw/images/peru21/2020/01/19/peru21_2020-01-19_25.jpg
2026-07-07 20:56:40,118 [INFO] src.corpus_acquisition.downloader: Downloading page 26 from https://t.prcdn.co/img?file=eag12020011900000000001001&page=26&scale=80
2026-07-07 20:56:40,118 [INFO] src.corpus_acquisition.crawler: Downloading -> data/raw/images/peru21/2020/01/19/peru21_2020-01-19_26.jpg
2026-07-07 20:56:43,124 [INFO] src.corpus_acquisition.downloader: Downloading page 27 from https://t.prcdn.co/img?file=eag12020011900000000001001&page=27&scale=80
2026-07-07 20:56:43,124 [INFO] src.corpus_acquisition.crawler: Downloading -> data/raw/images/peru21/2020/01/19/peru21_2020-01-19_27.jpg
2026-07-07 20:56:46,480 [INFO] src.corpus_acquisition.downloader: Downloading page 28 from https://t.prcdn.co/img?file=eag12020011900000000001001&page=28&scale=80
2026-07-07 20:56:46,480 [INFO] src.corpus_acquisition.crawler: Downloading -> data/raw/images/peru21/2020/01/19/peru21_2020-01-19_28.jpg
2026-07-07 20:56:49,758 [INFO] src.corpus_acquisition.downloader: Downloading page 29 from https://t.prcdn.co/img?file=eag12020011900000000001001&page=29&scale=80
2026-07-07 20:56:49,758 [INFO] src.corpus_acquisition.crawler: Downloading -> data/raw/images/peru21/2020/01/19/peru21_2020-01-19_29.jpg
2026-07-07 20:56:50,040 [WARNING] src.corpus_acquisition.downloader: Page 29 not found (1/3).
2026-07-07 20:56:50,047 [INFO] src.corpus_acquisition.downloader: Downloading page 30 from https://t.prcdn.co/img?file=eag12020011900000000001001&page=30&scale=80
2026-07-07 20:56:50,060 [INFO] src.corpus_acquisition.crawler: Downloading -> data/raw/images/peru21/2020/01/19/peru21_2020-01-19_30.jpg
2026-07-07 20:56:50,413 [WARNING] src.corpus_acquisition.downloader: Page 30 not found (2/3).
2026-07-07 20:56:50,416 [INFO] src.corpus_acquisition.downloader: Downloading page 31 from https://t.prcdn.co/img?file=eag12020011900000000001001&page=31&scale=80
2026-07-07 20:56:50,416 [INFO] src.corpus_acquisition.crawler: Downloading -> data/raw/images/peru21/2020/01/19/peru21_2020-01-19_31.jpg
2026-07-07 20:56:50,626 [WARNING] src.corpus_acquisition.downloader: Page 31 not found (3/3).
2026-07-07 20:56:50,626 [WARNING] src.corpus_acquisition.downloader: No new pages found after 3 attempts; stopping with 28 page(s).
2026-07-07 20:56:50,831 [INFO] src.corpus_acquisition.metadata_extractor: Saved metadata for 28 page(s) -> data/raw/metadata/raw_metadata.parquet (total rows: 93857)
2026-07-07 20:56:50,968 [INFO] src.corpus_acquisition.metadata_extractor: Saved crawl log -> data/raw/crawl_logs/peru21_2020-01-19.json (status=success)
2026-07-07 20:56:53,921 [INFO] src.corpus_acquisition.downloader: Downloading page 1 from https://t.prcdn.co/img?file=eag12020012000000000001001&page=1&scale=80
2026-07-07 20:56:53,922 [INFO] src.corpus_acquisition.crawler: Downloading -> data/raw/images/peru21/2020/01/20/peru21_2020-01-20_1.jpg
2026-07-07 20:56:54,155 [WARNING] src.corpus_acquisition.downloader: Page 1 not found (1/3).
2026-07-07 20:56:54,156 [INFO] src.corpus_acquisition.downloader: Downloading page 2 from https://t.prcdn.co/img?file=eag12020012000000000001001&page=2&scale=80
2026-07-07 20:56:54,156 [INFO] src.corpus_acquisition.crawler: Downloading -> data/raw/images/peru21/2020/01/20/peru21_2020-01-20_2.jpg
2026-07-07 20:56:54,390 [WARNING] src.corpus_acquisition.downloader: Page 2 not found (2/3).
2026-07-07 20:56:54,391 [INFO] src.corpus_acquisition.downloader: Downloading page 3 from https://t.prcdn.co/img?file=eag12020012000000000001001&page=3&scale=80
2026-07-07 20:56:54,391 [INFO] src.corpus_acquisition.crawler: Downloading -> data/raw/images/peru21/2020/01/20/peru21_2020-01-20_3.jpg
2026-07-07 20:56:54,601 [WARNING] src.corpus_acquisition.downloader: Page 3 not found (3/3).
2026-07-07 20:56:54,601 [WARNING] src.corpus_acquisition.downloader: No new pages found after 3 attempts; stopping with 0 page(s).
2026-07-07 20:56:54,634 [INFO] src.corpus_acquisition.metadata_extractor: Saved crawl log -> data/raw/crawl_logs/peru21_2020-01-20.json (status=failed)
2026-07-07 20:56:56,686 [INFO] src.corpus_acquisition.downloader: Downloading page 1 from https://t.prcdn.co/img?file=eag12020012100000000001001&page=1&scale=80
2026-07-07 20:56:56,687 [INFO] src.corpus_acquisition.crawler: Downloading -> data/raw/images/peru21/2020/01/21/peru21_2020-01-21_1.jpg
2026-07-07 20:56:57,015 [WARNING] src.corpus_acquisition.downloader: Page 1 not found (1/3).
2026-07-07 20:56:57,016 [INFO] src.corpus_acquisition.downloader: Downloading page 2 from https://t.prcdn.co/img?file=eag12020012100000000001001&page=2&scale=80
2026-07-07 20:56:57,017 [INFO] src.corpus_acquisition.crawler: Downloading -> data/raw/images/peru21/2020/01/21/peru21_2020-01-21_2.jpg
2026-07-07 20:56:57,263 [WARNING] src.corpus_acquisition.downloader: Page 2 not found (2/3).
2026-07-07 20:56:57,263 [INFO] src.corpus_acquisition.downloader: Downloading page 3 from https://t.prcdn.co/img?file=eag12020012100000000001001&page=3&scale=80
2026-07-07 20:56:57,264 [INFO] src.corpus_acquisition.crawler: Downloading -> data/raw/images/peru21/2020/01/21/peru21_2020-01-21_3.jpg
2026-07-07 20:56:57,502 [WARNING] src.corpus_acquisition.downloader: Page 3 not found (3/3).
2026-07-07 20:56:57,502 [WARNING] src.corpus_acquisition.downloader: No new pages found after 3 attempts; stopping with 0 page(s).
2026-07-07 20:56:57,505 [INFO] src.corpus_acquisition.metadata_extractor: Saved crawl log -> data/raw/crawl_logs/peru21_2020-01-21.json (status=failed)
2026-07-07 20:57:00,089 [INFO] src.corpus_acquisition.downloader: Downloading page 1 from https://t.prcdn.co/img?file=eag12020012200000000001001&page=1&scale=80
2026-07-07 20:57:00,090 [INFO] src.corpus_acquisition.crawler: Downloading -> data/raw/images/peru21/2020/01/22/peru21_2020-01-22_1.jpg
2026-07-07 20:57:02,518 [INFO] src.corpus_acquisition.downloader: Downloading page 2 from https://t.prcdn.co/img?file=eag12020012200000000001001&page=2&scale=80
2026-07-07 20:57:02,518 [INFO] src.corpus_acquisition.crawler: Downloading -> data/raw/images/peru21/2020/01/22/peru21_2020-01-22_2.jpg
2026-07-07 20:57:06,404 [INFO] src.corpus_acquisition.downloader: Downloading page 3 from https://t.prcdn.co/img?file=eag12020012200000000001001&page=3&scale=80
2026-07-07 20:57:06,405 [INFO] src.corpus_acquisition.crawler: Downloading -> data/raw/images/peru21/2020/01/22/peru21_2020-01-22_3.jpg
2026-07-07 20:57:09,602 [INFO] src.corpus_acquisition.downloader: Downloading page 4 from https://t.prcdn.co/img?file=eag12020012200000000001001&page=4&scale=80
2026-07-07 20:57:09,602 [INFO] src.corpus_acquisition.crawler: Downloading -> data/raw/images/peru21/2020/01/22/peru21_2020-01-22_4.jpg
2026-07-07 20:57:13,047 [INFO] src.corpus_acquisition.downloader: Downloading page 5 from https://t.prcdn.co/img?file=eag12020012200000000001001&page=5&scale=80
2026-07-07 20:57:13,047 [INFO] src.corpus_acquisition.crawler: Downloading -> data/raw/images/peru21/2020/01/22/peru21_2020-01-22_5.jpg
2026-07-07 20:57:16,326 [INFO] src.corpus_acquisition.downloader: Downloading page 6 from https://t.prcdn.co/img?file=eag12020012200000000001001&page=6&scale=80
2026-07-07 20:57:16,327 [INFO] src.corpus_acquisition.crawler: Downloading -> data/raw/images/peru21/2020/01/22/peru21_2020-01-22_6.jpg
2026-07-07 20:57:18,967 [INFO] src.corpus_acquisition.downloader: Downloading page 7 from https://t.prcdn.co/img?file=eag12020012200000000001001&page=7&scale=80
2026-07-07 20:57:18,968 [INFO] src.corpus_acquisition.crawler: Downloading -> data/raw/images/peru21/2020/01/22/peru21_2020-01-22_7.jpg
2026-07-07 20:57:22,542 [INFO] src.corpus_acquisition.downloader: Downloading page 8 from https://t.prcdn.co/img?file=eag12020012200000000001001&page=8&scale=80
2026-07-07 20:57:22,542 [INFO] src.corpus_acquisition.crawler: Downloading -> data/raw/images/peru21/2020/01/22/peru21_2020-01-22_8.jpg
2026-07-07 20:57:25,710 [INFO] src.corpus_acquisition.downloader: Downloading page 9 from https://t.prcdn.co/img?file=eag12020012200000000001001&page=9&scale=80
2026-07-07 20:57:25,710 [INFO] src.corpus_acquisition.crawler: Downloading -> data/raw/images/peru21/2020/01/22/peru21_2020-01-22_9.jpg
2026-07-07 20:57:30,158 [INFO] src.corpus_acquisition.downloader: Downloading page 10 from https://t.prcdn.co/img?file=eag12020012200000000001001&page=10&scale=80
2026-07-07 20:57:30,158 [INFO] src.corpus_acquisition.crawler: Downloading -> data/raw/images/peru21/2020/01/22/peru21_2020-01-22_10.jpg
2026-07-07 20:57:33,681 [INFO] src.corpus_acquisition.downloader: Downloading page 11 from https://t.prcdn.co/img?file=eag12020012200000000001001&page=11&scale=80
2026-07-07 20:57:33,682 [INFO] src.corpus_acquisition.crawler: Downloading -> data/raw/images/peru21/2020/01/22/peru21_2020-01-22_11.jpg
2026-07-07 20:57:36,955 [INFO] src.corpus_acquisition.downloader: Downloading page 12 from https://t.prcdn.co/img?file=eag12020012200000000001001&page=12&scale=80
2026-07-07 20:57:36,956 [INFO] src.corpus_acquisition.crawler: Downloading -> data/raw/images/peru21/2020/01/22/peru21_2020-01-22_12.jpg
2026-07-07 20:57:40,355 [INFO] src.corpus_acquisition.downloader: Downloading page 13 from https://t.prcdn.co/img?file=eag12020012200000000001001&page=13&scale=80
2026-07-07 20:57:40,356 [INFO] src.corpus_acquisition.crawler: Downloading -> data/raw/images/peru21/2020/01/22/peru21_2020-01-22_13.jpg
2026-07-07 20:57:44,009 [INFO] src.corpus_acquisition.downloader: Downloading page 14 from https://t.prcdn.co/img?file=eag12020012200000000001001&page=14&scale=80
2026-07-07 20:57:44,009 [INFO] src.corpus_acquisition.crawler: Downloading -> data/raw/images/peru21/2020/01/22/peru21_2020-01-22_14.jpg
2026-07-07 20:57:47,261 [INFO] src.corpus_acquisition.downloader: Downloading page 15 from https://t.prcdn.co/img?file=eag12020012200000000001001&page=15&scale=80
2026-07-07 20:57:47,261 [INFO] src.corpus_acquisition.crawler: Downloading -> data/raw/images/peru21/2020/01/22/peru21_2020-01-22_15.jpg
2026-07-07 20:57:50,334 [INFO] src.corpus_acquisition.downloader: Downloading page 16 from https://t.prcdn.co/img?file=eag12020012200000000001001&page=16&scale=80
2026-07-07 20:57:50,334 [INFO] src.corpus_acquisition.crawler: Downloading -> data/raw/images/peru21/2020/01/22/peru21_2020-01-22_16.jpg
2026-07-07 20:57:53,540 [INFO] src.corpus_acquisition.downloader: Downloading page 17 from https://t.prcdn.co/img?file=eag12020012200000000001001&page=17&scale=80
2026-07-07 20:57:53,541 [INFO] src.corpus_acquisition.crawler: Downloading -> data/raw/images/peru21/2020/01/22/peru21_2020-01-22_17.jpg
2026-07-07 20:57:56,734 [INFO] src.corpus_acquisition.downloader: Downloading page 18 from https://t.prcdn.co/img?file=eag12020012200000000001001&page=18&scale=80
2026-07-07 20:57:56,734 [INFO] src.corpus_acquisition.crawler: Downloading -> data/raw/images/peru21/2020/01/22/peru21_2020-01-22_18.jpg
2026-07-07 20:57:59,622 [INFO] src.corpus_acquisition.downloader: Downloading page 19 from https://t.prcdn.co/img?file=eag12020012200000000001001&page=19&scale=80
2026-07-07 20:57:59,623 [INFO] src.corpus_acquisition.crawler: Downloading -> data/raw/images/peru21/2020/01/22/peru21_2020-01-22_19.jpg
2026-07-07 20:58:02,784 [INFO] src.corpus_acquisition.downloader: Downloading page 20 from https://t.prcdn.co/img?file=eag12020012200000000001001&page=20&scale=80
2026-07-07 20:58:02,785 [INFO] src.corpus_acquisition.crawler: Downloading -> data/raw/images/peru21/2020/01/22/peru21_2020-01-22_20.jpg
2026-07-07 20:58:05,592 [INFO] src.corpus_acquisition.downloader: Downloading page 21 from https://t.prcdn.co/img?file=eag12020012200000000001001&page=21&scale=80
2026-07-07 20:58:05,593 [INFO] src.corpus_acquisition.crawler: Downloading -> data/raw/images/peru21/2020/01/22/peru21_2020-01-22_21.jpg
2026-07-07 20:58:09,411 [INFO] src.corpus_acquisition.downloader: Downloading page 22 from https://t.prcdn.co/img?file=eag12020012200000000001001&page=22&scale=80
2026-07-07 20:58:09,411 [INFO] src.corpus_acquisition.crawler: Downloading -> data/raw/images/peru21/2020/01/22/peru21_2020-01-22_22.jpg
2026-07-07 20:58:12,833 [INFO] src.corpus_acquisition.downloader: Downloading page 23 from https://t.prcdn.co/img?file=eag12020012200000000001001&page=23&scale=80
2026-07-07 20:58:12,833 [INFO] src.corpus_acquisition.crawler: Downloading -> data/raw/images/peru21/2020/01/22/peru21_2020-01-22_23.jpg
2026-07-07 20:58:16,430 [INFO] src.corpus_acquisition.downloader: Downloading page 24 from https://t.prcdn.co/img?file=eag12020012200000000001001&page=24&scale=80
2026-07-07 20:58:16,431 [INFO] src.corpus_acquisition.crawler: Downloading -> data/raw/images/peru21/2020/01/22/peru21_2020-01-22_24.jpg
2026-07-07 20:58:19,634 [INFO] src.corpus_acquisition.downloader: Downloading page 25 from https://t.prcdn.co/img?file=eag12020012200000000001001&page=25&scale=80
2026-07-07 20:58:19,635 [INFO] src.corpus_acquisition.crawler: Downloading -> data/raw/images/peru21/2020/01/22/peru21_2020-01-22_25.jpg
2026-07-07 20:58:19,874 [WARNING] src.corpus_acquisition.downloader: Page 25 not found (1/3).
2026-07-07 20:58:19,875 [INFO] src.corpus_acquisition.downloader: Downloading page 26 from https://t.prcdn.co/img?file=eag12020012200000000001001&page=26&scale=80
2026-07-07 20:58:19,875 [INFO] src.corpus_acquisition.crawler: Downloading -> data/raw/images/peru21/2020/01/22/peru21_2020-01-22_26.jpg
2026-07-07 20:58:20,130 [WARNING] src.corpus_acquisition.downloader: Page 26 not found (2/3).
2026-07-07 20:58:20,131 [INFO] src.corpus_acquisition.downloader: Downloading page 27 from https://t.prcdn.co/img?file=eag12020012200000000001001&page=27&scale=80
2026-07-07 20:58:20,131 [INFO] src.corpus_acquisition.crawler: Downloading -> data/raw/images/peru21/2020/01/22/peru21_2020-01-22_27.jpg
2026-07-07 20:58:20,352 [WARNING] src.corpus_acquisition.downloader: Page 27 not found (3/3).
2026-07-07 20:58:20,352 [WARNING] src.corpus_acquisition.downloader: No new pages found after 3 attempts; stopping with 24 page(s).
2026-07-07 20:58:20,488 [INFO] src.corpus_acquisition.metadata_extractor: Saved metadata for 24 page(s) -> data/raw/metadata/raw_metadata.parquet (total rows: 93961)
2026-07-07 20:58:20,490 [INFO] src.corpus_acquisition.metadata_extractor: Saved crawl log -> data/raw/crawl_logs/peru21_2020-01-22.json (status=success)
2026-07-07 20:58:22,772 [INFO] src.corpus_acquisition.downloader: Downloading page 1 from https://t.prcdn.co/img?file=eag12020012300000000001001&page=1&scale=80
2026-07-07 20:58:22,773 [INFO] src.corpus_acquisition.crawler: Downloading -> data/raw/images/peru21/2020/01/23/peru21_2020-01-23_1.jpg
2026-07-07 20:58:23,071 [WARNING] src.corpus_acquisition.downloader: Page 1 not found (1/3).
2026-07-07 20:58:23,072 [INFO] src.corpus_acquisition.downloader: Downloading page 2 from https://t.prcdn.co/img?file=eag12020012300000000001001&page=2&scale=80
2026-07-07 20:58:23,072 [INFO] src.corpus_acquisition.crawler: Downloading -> data/raw/images/peru21/2020/01/23/peru21_2020-01-23_2.jpg
2026-07-07 20:58:23,290 [WARNING] src.corpus_acquisition.downloader: Page 2 not found (2/3).
2026-07-07 20:58:23,291 [INFO] src.corpus_acquisition.downloader: Downloading page 3 from https://t.prcdn.co/img?file=eag12020012300000000001001&page=3&scale=80
2026-07-07 20:58:23,291 [INFO] src.corpus_acquisition.crawler: Downloading -> data/raw/images/peru21/2020/01/23/peru21_2020-01-23_3.jpg
2026-07-07 20:58:23,600 [WARNING] src.corpus_acquisition.downloader: Page 3 not found (3/3).
2026-07-07 20:58:23,600 [WARNING] src.corpus_acquisition.downloader: No new pages found after 3 attempts; stopping with 0 page(s).
2026-07-07 20:58:23,602 [INFO] src.corpus_acquisition.metadata_extractor: Saved crawl log -> data/raw/crawl_logs/peru21_2020-01-23.json (status=failed)
2026-07-07 20:58:26,006 [INFO] src.corpus_acquisition.downloader: Downloading page 1 from https://t.prcdn.co/img?file=eag12020012400000000001001&page=1&scale=80
2026-07-07 20:58:26,007 [INFO] src.corpus_acquisition.crawler: Downloading -> data/raw/images/peru21/2020/01/24/peru21_2020-01-24_1.jpg
2026-07-07 20:58:26,230 [WARNING] src.corpus_acquisition.downloader: Page 1 not found (1/3).
2026-07-07 20:58:26,231 [INFO] src.corpus_acquisition.downloader: Downloading page 2 from https://t.prcdn.co/img?file=eag12020012400000000001001&page=2&scale=80
2026-07-07 20:58:26,231 [INFO] src.corpus_acquisition.crawler: Downloading -> data/raw/images/peru21/2020/01/24/peru21_2020-01-24_2.jpg
2026-07-07 20:58:26,524 [WARNING] src.corpus_acquisition.downloader: Page 2 not found (2/3).
2026-07-07 20:58:26,524 [INFO] src.corpus_acquisition.downloader: Downloading page 3 from https://t.prcdn.co/img?file=eag12020012400000000001001&page=3&scale=80
2026-07-07 20:58:26,525 [INFO] src.corpus_acquisition.crawler: Downloading -> data/raw/images/peru21/2020/01/24/peru21_2020-01-24_3.jpg
2026-07-07 20:58:26,733 [WARNING] src.corpus_acquisition.downloader: Page 3 not found (3/3).
2026-07-07 20:58:26,733 [WARNING] src.corpus_acquisition.downloader: No new pages found after 3 attempts; stopping with 0 page(s).
2026-07-07 20:58:26,735 [INFO] src.corpus_acquisition.metadata_extractor: Saved crawl log -> data/raw/crawl_logs/peru21_2020-01-24.json (status=failed)
2026-07-07 20:58:29,341 [INFO] src.corpus_acquisition.downloader: Downloading page 1 from https://t.prcdn.co/img?file=eag12020012500000000001001&page=1&scale=80
2026-07-07 20:58:29,342 [INFO] src.corpus_acquisition.crawler: Downloading -> data/raw/images/peru21/2020/01/25/peru21_2020-01-25_1.jpg
2026-07-07 20:58:29,558 [WARNING] src.corpus_acquisition.downloader: Page 1 not found (1/3).
2026-07-07 20:58:29,558 [INFO] src.corpus_acquisition.downloader: Downloading page 2 from https://t.prcdn.co/img?file=eag12020012500000000001001&page=2&scale=80
2026-07-07 20:58:29,559 [INFO] src.corpus_acquisition.crawler: Downloading -> data/raw/images/peru21/2020/01/25/peru21_2020-01-25_2.jpg
2026-07-07 20:58:29,887 [WARNING] src.corpus_acquisition.downloader: Page 2 not found (2/3).
2026-07-07 20:58:29,887 [INFO] src.corpus_acquisition.downloader: Downloading page 3 from https://t.prcdn.co/img?file=eag12020012500000000001001&page=3&scale=80
2026-07-07 20:58:29,887 [INFO] src.corpus_acquisition.crawler: Downloading -> data/raw/images/peru21/2020/01/25/peru21_2020-01-25_3.jpg
2026-07-07 20:58:30,107 [WARNING] src.corpus_acquisition.downloader: Page 3 not found (3/3).
2026-07-07 20:58:30,107 [WARNING] src.corpus_acquisition.downloader: No new pages found after 3 attempts; stopping with 0 page(s).
2026-07-07 20:58:30,110 [INFO] src.corpus_acquisition.metadata_extractor: Saved crawl log -> data/raw/crawl_logs/peru21_2020-01-25.json (status=failed)
2026-07-07 20:58:32,490 [INFO] src.corpus_acquisition.downloader: Downloading page 1 from https://t.prcdn.co/img?file=eag12020012600000000001001&page=1&scale=80
2026-07-07 20:58:32,490 [INFO] src.corpus_acquisition.crawler: Downloading -> data/raw/images/peru21/2020/01/26/peru21_2020-01-26_1.jpg
2026-07-07 20:58:32,765 [WARNING] src.corpus_acquisition.downloader: Page 1 not found (1/3).
2026-07-07 20:58:32,766 [INFO] src.corpus_acquisition.downloader: Downloading page 2 from https://t.prcdn.co/img?file=eag12020012600000000001001&page=2&scale=80
2026-07-07 20:58:32,766 [INFO] src.corpus_acquisition.crawler: Downloading -> data/raw/images/peru21/2020/01/26/peru21_2020-01-26_2.jpg
2026-07-07 20:58:33,069 [WARNING] src.corpus_acquisition.downloader: Page 2 not found (2/3).
2026-07-07 20:58:33,070 [INFO] src.corpus_acquisition.downloader: Downloading page 3 from https://t.prcdn.co/img?file=eag12020012600000000001001&page=3&scale=80
2026-07-07 20:58:33,070 [INFO] src.corpus_acquisition.crawler: Downloading -> data/raw/images/peru21/2020/01/26/peru21_2020-01-26_3.jpg
2026-07-07 20:58:33,306 [WARNING] src.corpus_acquisition.downloader: Page 3 not found (3/3).
2026-07-07 20:58:33,306 [WARNING] src.corpus_acquisition.downloader: No new pages found after 3 attempts; stopping with 0 page(s).
2026-07-07 20:58:33,309 [INFO] src.corpus_acquisition.metadata_extractor: Saved crawl log -> data/raw/crawl_logs/peru21_2020-01-26.json (status=failed)
2026-07-07 20:58:35,652 [INFO] src.corpus_acquisition.downloader: Downloading page 1 from https://t.prcdn.co/img?file=eag12020012700000000001001&page=1&scale=80
2026-07-07 20:58:35,653 [INFO] src.corpus_acquisition.crawler: Downloading -> data/raw/images/peru21/2020/01/27/peru21_2020-01-27_1.jpg
2026-07-07 20:58:38,012 [INFO] src.corpus_acquisition.downloader: Downloading page 2 from https://t.prcdn.co/img?file=eag12020012700000000001001&page=2&scale=80
2026-07-07 20:58:38,013 [INFO] src.corpus_acquisition.crawler: Downloading -> data/raw/images/peru21/2020/01/27/peru21_2020-01-27_2.jpg
2026-07-07 20:58:42,387 [INFO] src.corpus_acquisition.downloader: Downloading page 3 from https://t.prcdn.co/img?file=eag12020012700000000001001&page=3&scale=80
2026-07-07 20:58:42,387 [INFO] src.corpus_acquisition.crawler: Downloading -> data/raw/images/peru21/2020/01/27/peru21_2020-01-27_3.jpg
2026-07-07 20:58:45,241 [INFO] src.corpus_acquisition.downloader: Downloading page 4 from https://t.prcdn.co/img?file=eag12020012700000000001001&page=4&scale=80
2026-07-07 20:58:45,242 [INFO] src.corpus_acquisition.crawler: Downloading -> data/raw/images/peru21/2020/01/27/peru21_2020-01-27_4.jpg
2026-07-07 20:58:48,375 [INFO] src.corpus_acquisition.downloader: Downloading page 5 from https://t.prcdn.co/img?file=eag12020012700000000001001&page=5&scale=80
2026-07-07 20:58:48,375 [INFO] src.corpus_acquisition.crawler: Downloading -> data/raw/images/peru21/2020/01/27/peru21_2020-01-27_5.jpg
2026-07-07 20:58:52,143 [INFO] src.corpus_acquisition.downloader: Downloading page 6 from https://t.prcdn.co/img?file=eag12020012700000000001001&page=6&scale=80
2026-07-07 20:58:52,143 [INFO] src.corpus_acquisition.crawler: Downloading -> data/raw/images/peru21/2020/01/27/peru21_2020-01-27_6.jpg
2026-07-07 20:58:55,014 [INFO] src.corpus_acquisition.downloader: Downloading page 7 from https://t.prcdn.co/img?file=eag12020012700000000001001&page=7&scale=80
2026-07-07 20:58:55,014 [INFO] src.corpus_acquisition.crawler: Downloading -> data/raw/images/peru21/2020/01/27/peru21_2020-01-27_7.jpg
2026-07-07 20:58:58,620 [INFO] src.corpus_acquisition.downloader: Downloading page 8 from https://t.prcdn.co/img?file=eag12020012700000000001001&page=8&scale=80
2026-07-07 20:58:58,621 [INFO] src.corpus_acquisition.crawler: Downloading -> data/raw/images/peru21/2020/01/27/peru21_2020-01-27_8.jpg
2026-07-07 20:59:01,784 [INFO] src.corpus_acquisition.downloader: Downloading page 9 from https://t.prcdn.co/img?file=eag12020012700000000001001&page=9&scale=80
2026-07-07 20:59:01,785 [INFO] src.corpus_acquisition.crawler: Downloading -> data/raw/images/peru21/2020/01/27/peru21_2020-01-27_9.jpg
2026-07-07 20:59:04,943 [INFO] src.corpus_acquisition.downloader: Downloading page 10 from https://t.prcdn.co/img?file=eag12020012700000000001001&page=10&scale=80
2026-07-07 20:59:04,943 [INFO] src.corpus_acquisition.crawler: Downloading -> data/raw/images/peru21/2020/01/27/peru21_2020-01-27_10.jpg
2026-07-07 20:59:07,740 [INFO] src.corpus_acquisition.downloader: Downloading page 11 from https://t.prcdn.co/img?file=eag12020012700000000001001&page=11&scale=80
2026-07-07 20:59:07,740 [INFO] src.corpus_acquisition.crawler: Downloading -> data/raw/images/peru21/2020/01/27/peru21_2020-01-27_11.jpg
2026-07-07 20:59:11,456 [INFO] src.corpus_acquisition.downloader: Downloading page 12 from https://t.prcdn.co/img?file=eag12020012700000000001001&page=12&scale=80
2026-07-07 20:59:11,457 [INFO] src.corpus_acquisition.crawler: Downloading -> data/raw/images/peru21/2020/01/27/peru21_2020-01-27_12.jpg
2026-07-07 20:59:15,882 [INFO] src.corpus_acquisition.downloader: Downloading page 13 from https://t.prcdn.co/img?file=eag12020012700000000001001&page=13&scale=80
2026-07-07 20:59:15,883 [INFO] src.corpus_acquisition.crawler: Downloading -> data/raw/images/peru21/2020/01/27/peru21_2020-01-27_13.jpg
2026-07-07 20:59:19,894 [INFO] src.corpus_acquisition.downloader: Downloading page 14 from https://t.prcdn.co/img?file=eag12020012700000000001001&page=14&scale=80
2026-07-07 20:59:19,895 [INFO] src.corpus_acquisition.crawler: Downloading -> data/raw/images/peru21/2020/01/27/peru21_2020-01-27_14.jpg
2026-07-07 20:59:23,266 [INFO] src.corpus_acquisition.downloader: Downloading page 15 from https://t.prcdn.co/img?file=eag12020012700000000001001&page=15&scale=80
2026-07-07 20:59:23,266 [INFO] src.corpus_acquisition.crawler: Downloading -> data/raw/images/peru21/2020/01/27/peru21_2020-01-27_15.jpg
2026-07-07 20:59:27,021 [INFO] src.corpus_acquisition.downloader: Downloading page 16 from https://t.prcdn.co/img?file=eag12020012700000000001001&page=16&scale=80
2026-07-07 20:59:27,021 [INFO] src.corpus_acquisition.crawler: Downloading -> data/raw/images/peru21/2020/01/27/peru21_2020-01-27_16.jpg
2026-07-07 20:59:30,192 [INFO] src.corpus_acquisition.downloader: Downloading page 17 from https://t.prcdn.co/img?file=eag12020012700000000001001&page=17&scale=80
2026-07-07 20:59:30,192 [INFO] src.corpus_acquisition.crawler: Downloading -> data/raw/images/peru21/2020/01/27/peru21_2020-01-27_17.jpg
2026-07-07 20:59:33,410 [INFO] src.corpus_acquisition.downloader: Downloading page 18 from https://t.prcdn.co/img?file=eag12020012700000000001001&page=18&scale=80
2026-07-07 20:59:33,410 [INFO] src.corpus_acquisition.crawler: Downloading -> data/raw/images/peru21/2020/01/27/peru21_2020-01-27_18.jpg
2026-07-07 20:59:37,106 [INFO] src.corpus_acquisition.downloader: Downloading page 19 from https://t.prcdn.co/img?file=eag12020012700000000001001&page=19&scale=80
2026-07-07 20:59:37,106 [INFO] src.corpus_acquisition.crawler: Downloading -> data/raw/images/peru21/2020/01/27/peru21_2020-01-27_19.jpg
2026-07-07 20:59:40,928 [INFO] src.corpus_acquisition.downloader: Downloading page 20 from https://t.prcdn.co/img?file=eag12020012700000000001001&page=20&scale=80
2026-07-07 20:59:40,928 [INFO] src.corpus_acquisition.crawler: Downloading -> data/raw/images/peru21/2020/01/27/peru21_2020-01-27_20.jpg
2026-07-07 20:59:44,182 [INFO] src.corpus_acquisition.downloader: Downloading page 21 from https://t.prcdn.co/img?file=eag12020012700000000001001&page=21&scale=80
2026-07-07 20:59:44,182 [INFO] src.corpus_acquisition.crawler: Downloading -> data/raw/images/peru21/2020/01/27/peru21_2020-01-27_21.jpg
2026-07-07 20:59:47,812 [INFO] src.corpus_acquisition.downloader: Downloading page 22 from https://t.prcdn.co/img?file=eag12020012700000000001001&page=22&scale=80
2026-07-07 20:59:47,813 [INFO] src.corpus_acquisition.crawler: Downloading -> data/raw/images/peru21/2020/01/27/peru21_2020-01-27_22.jpg
2026-07-07 20:59:51,052 [INFO] src.corpus_acquisition.downloader: Downloading page 23 from https://t.prcdn.co/img?file=eag12020012700000000001001&page=23&scale=80
2026-07-07 20:59:51,052 [INFO] src.corpus_acquisition.crawler: Downloading -> data/raw/images/peru21/2020/01/27/peru21_2020-01-27_23.jpg
2026-07-07 20:59:54,076 [INFO] src.corpus_acquisition.downloader: Downloading page 24 from https://t.prcdn.co/img?file=eag12020012700000000001001&page=24&scale=80
2026-07-07 20:59:54,076 [INFO] src.corpus_acquisition.crawler: Downloading -> data/raw/images/peru21/2020/01/27/peru21_2020-01-27_24.jpg
2026-07-07 20:59:57,107 [INFO] src.corpus_acquisition.downloader: Downloading page 25 from https://t.prcdn.co/img?file=eag12020012700000000001001&page=25&scale=80
2026-07-07 20:59:57,108 [INFO] src.corpus_acquisition.crawler: Downloading -> data/raw/images/peru21/2020/01/27/peru21_2020-01-27_25.jpg
2026-07-07 20:59:57,357 [WARNING] src.corpus_acquisition.downloader: Page 25 not found (1/3).
2026-07-07 20:59:57,357 [INFO] src.corpus_acquisition.downloader: Downloading page 26 from https://t.prcdn.co/img?file=eag12020012700000000001001&page=26&scale=80
2026-07-07 20:59:57,358 [INFO] src.corpus_acquisition.crawler: Downloading -> data/raw/images/peru21/2020/01/27/peru21_2020-01-27_26.jpg
2026-07-07 20:59:57,647 [WARNING] src.corpus_acquisition.downloader: Page 26 not found (2/3).
2026-07-07 20:59:57,648 [INFO] src.corpus_acquisition.downloader: Downloading page 27 from https://t.prcdn.co/img?file=eag12020012700000000001001&page=27&scale=80
2026-07-07 20:59:57,648 [INFO] src.corpus_acquisition.crawler: Downloading -> data/raw/images/peru21/2020/01/27/peru21_2020-01-27_27.jpg
2026-07-07 20:59:57,853 [WARNING] src.corpus_acquisition.downloader: Page 27 not found (3/3).
2026-07-07 20:59:57,853 [WARNING] src.corpus_acquisition.downloader: No new pages found after 3 attempts; stopping with 24 page(s).
2026-07-07 20:59:57,986 [INFO] src.corpus_acquisition.metadata_extractor: Saved metadata for 24 page(s) -> data/raw/metadata/raw_metadata.parquet (total rows: 94093)
2026-07-07 20:59:57,989 [INFO] src.corpus_acquisition.metadata_extractor: Saved crawl log -> data/raw/crawl_logs/peru21_2020-01-27.json (status=success)
2026-07-07 21:00:00,656 [INFO] src.corpus_acquisition.downloader: Downloading page 1 from https://t.prcdn.co/img?file=eag12020012800000000001001&page=1&scale=80
2026-07-07 21:00:00,656 [INFO] src.corpus_acquisition.crawler: Downloading -> data/raw/images/peru21/2020/01/28/peru21_2020-01-28_1.jpg
2026-07-07 21:00:03,835 [INFO] src.corpus_acquisition.downloader: Downloading page 2 from https://t.prcdn.co/img?file=eag12020012800000000001001&page=2&scale=80
2026-07-07 21:00:03,835 [INFO] src.corpus_acquisition.crawler: Downloading -> data/raw/images/peru21/2020/01/28/peru21_2020-01-28_2.jpg
2026-07-07 21:00:09,801 [INFO] src.corpus_acquisition.downloader: Downloading page 3 from https://t.prcdn.co/img?file=eag12020012800000000001001&page=3&scale=80
2026-07-07 21:00:09,801 [INFO] src.corpus_acquisition.crawler: Downloading -> data/raw/images/peru21/2020/01/28/peru21_2020-01-28_3.jpg
2026-07-07 21:00:12,889 [INFO] src.corpus_acquisition.downloader: Downloading page 4 from https://t.prcdn.co/img?file=eag12020012800000000001001&page=4&scale=80
2026-07-07 21:00:12,890 [INFO] src.corpus_acquisition.crawler: Downloading -> data/raw/images/peru21/2020/01/28/peru21_2020-01-28_4.jpg
2026-07-07 21:00:15,671 [INFO] src.corpus_acquisition.downloader: Downloading page 5 from https://t.prcdn.co/img?file=eag12020012800000000001001&page=5&scale=80
2026-07-07 21:00:15,671 [INFO] src.corpus_acquisition.crawler: Downloading -> data/raw/images/peru21/2020/01/28/peru21_2020-01-28_5.jpg
2026-07-07 21:00:18,883 [INFO] src.corpus_acquisition.downloader: Downloading page 6 from https://t.prcdn.co/img?file=eag12020012800000000001001&page=6&scale=80
2026-07-07 21:00:18,883 [INFO] src.corpus_acquisition.crawler: Downloading -> data/raw/images/peru21/2020/01/28/peru21_2020-01-28_6.jpg
2026-07-07 21:00:22,104 [INFO] src.corpus_acquisition.downloader: Downloading page 7 from https://t.prcdn.co/img?file=eag12020012800000000001001&page=7&scale=80
2026-07-07 21:00:22,104 [INFO] src.corpus_acquisition.crawler: Downloading -> data/raw/images/peru21/2020/01/28/peru21_2020-01-28_7.jpg
2026-07-07 21:00:25,849 [INFO] src.corpus_acquisition.downloader: Downloading page 8 from https://t.prcdn.co/img?file=eag12020012800000000001001&page=8&scale=80
2026-07-07 21:00:25,850 [INFO] src.corpus_acquisition.crawler: Downloading -> data/raw/images/peru21/2020/01/28/peru21_2020-01-28_8.jpg
2026-07-07 21:00:29,455 [INFO] src.corpus_acquisition.downloader: Downloading page 9 from https://t.prcdn.co/img?file=eag12020012800000000001001&page=9&scale=80
2026-07-07 21:00:29,455 [INFO] src.corpus_acquisition.crawler: Downloading -> data/raw/images/peru21/2020/01/28/peru21_2020-01-28_9.jpg
2026-07-07 21:00:33,273 [INFO] src.corpus_acquisition.downloader: Downloading page 10 from https://t.prcdn.co/img?file=eag12020012800000000001001&page=10&scale=80
2026-07-07 21:00:33,273 [INFO] src.corpus_acquisition.crawler: Downloading -> data/raw/images/peru21/2020/01/28/peru21_2020-01-28_10.jpg
2026-07-07 21:00:37,765 [INFO] src.corpus_acquisition.downloader: Downloading page 11 from https://t.prcdn.co/img?file=eag12020012800000000001001&page=11&scale=80
2026-07-07 21:00:37,766 [INFO] src.corpus_acquisition.crawler: Downloading -> data/raw/images/peru21/2020/01/28/peru21_2020-01-28_11.jpg
2026-07-07 21:00:42,450 [INFO] src.corpus_acquisition.downloader: Downloading page 12 from https://t.prcdn.co/img?file=eag12020012800000000001001&page=12&scale=80
2026-07-07 21:00:42,450 [INFO] src.corpus_acquisition.crawler: Downloading -> data/raw/images/peru21/2020/01/28/peru21_2020-01-28_12.jpg
2026-07-07 21:00:46,142 [INFO] src.corpus_acquisition.downloader: Downloading page 13 from https://t.prcdn.co/img?file=eag12020012800000000001001&page=13&scale=80
2026-07-07 21:00:46,142 [INFO] src.corpus_acquisition.crawler: Downloading -> data/raw/images/peru21/2020/01/28/peru21_2020-01-28_13.jpg
2026-07-07 21:00:49,770 [INFO] src.corpus_acquisition.downloader: Downloading page 14 from https://t.prcdn.co/img?file=eag12020012800000000001001&page=14&scale=80
2026-07-07 21:00:49,771 [INFO] src.corpus_acquisition.crawler: Downloading -> data/raw/images/peru21/2020/01/28/peru21_2020-01-28_14.jpg
2026-07-07 21:00:52,761 [INFO] src.corpus_acquisition.downloader: Downloading page 15 from https://t.prcdn.co/img?file=eag12020012800000000001001&page=15&scale=80
2026-07-07 21:00:52,762 [INFO] src.corpus_acquisition.crawler: Downloading -> data/raw/images/peru21/2020/01/28/peru21_2020-01-28_15.jpg
2026-07-07 21:00:56,350 [INFO] src.corpus_acquisition.downloader: Downloading page 16 from https://t.prcdn.co/img?file=eag12020012800000000001001&page=16&scale=80
2026-07-07 21:00:56,351 [INFO] src.corpus_acquisition.crawler: Downloading -> data/raw/images/peru21/2020/01/28/peru21_2020-01-28_16.jpg
2026-07-07 21:00:59,901 [INFO] src.corpus_acquisition.downloader: Downloading page 17 from https://t.prcdn.co/img?file=eag12020012800000000001001&page=17&scale=80
2026-07-07 21:00:59,901 [INFO] src.corpus_acquisition.crawler: Downloading -> data/raw/images/peru21/2020/01/28/peru21_2020-01-28_17.jpg
2026-07-07 21:01:04,002 [INFO] src.corpus_acquisition.downloader: Downloading page 18 from https://t.prcdn.co/img?file=eag12020012800000000001001&page=18&scale=80
2026-07-07 21:01:04,004 [INFO] src.corpus_acquisition.crawler: Downloading -> data/raw/images/peru21/2020/01/28/peru21_2020-01-28_18.jpg
2026-07-07 21:01:08,104 [INFO] src.corpus_acquisition.downloader: Downloading page 19 from https://t.prcdn.co/img?file=eag12020012800000000001001&page=19&scale=80
2026-07-07 21:01:08,104 [INFO] src.corpus_acquisition.crawler: Downloading -> data/raw/images/peru21/2020/01/28/peru21_2020-01-28_19.jpg
2026-07-07 21:01:11,011 [INFO] src.corpus_acquisition.downloader: Downloading page 20 from https://t.prcdn.co/img?file=eag12020012800000000001001&page=20&scale=80
2026-07-07 21:01:11,012 [INFO] src.corpus_acquisition.crawler: Downloading -> data/raw/images/peru21/2020/01/28/peru21_2020-01-28_20.jpg
2026-07-07 21:01:14,672 [INFO] src.corpus_acquisition.downloader: Downloading page 21 from https://t.prcdn.co/img?file=eag12020012800000000001001&page=21&scale=80
2026-07-07 21:01:14,672 [INFO] src.corpus_acquisition.crawler: Downloading -> data/raw/images/peru21/2020/01/28/peru21_2020-01-28_21.jpg
2026-07-07 21:01:18,834 [INFO] src.corpus_acquisition.downloader: Downloading page 22 from https://t.prcdn.co/img?file=eag12020012800000000001001&page=22&scale=80
2026-07-07 21:01:18,834 [INFO] src.corpus_acquisition.crawler: Downloading -> data/raw/images/peru21/2020/01/28/peru21_2020-01-28_22.jpg
2026-07-07 21:01:22,429 [INFO] src.corpus_acquisition.downloader: Downloading page 23 from https://t.prcdn.co/img?file=eag12020012800000000001001&page=23&scale=80
2026-07-07 21:01:22,429 [INFO] src.corpus_acquisition.crawler: Downloading -> data/raw/images/peru21/2020/01/28/peru21_2020-01-28_23.jpg
2026-07-07 21:01:26,212 [INFO] src.corpus_acquisition.downloader: Downloading page 24 from https://t.prcdn.co/img?file=eag12020012800000000001001&page=24&scale=80
2026-07-07 21:01:26,212 [INFO] src.corpus_acquisition.crawler: Downloading -> data/raw/images/peru21/2020/01/28/peru21_2020-01-28_24.jpg
2026-07-07 21:01:29,672 [INFO] src.corpus_acquisition.downloader: Downloading page 25 from https://t.prcdn.co/img?file=eag12020012800000000001001&page=25&scale=80
2026-07-07 21:01:29,672 [INFO] src.corpus_acquisition.crawler: Downloading -> data/raw/images/peru21/2020/01/28/peru21_2020-01-28_25.jpg
2026-07-07 21:01:29,889 [WARNING] src.corpus_acquisition.downloader: Page 25 not found (1/3).
2026-07-07 21:01:29,890 [INFO] src.corpus_acquisition.downloader: Downloading page 26 from https://t.prcdn.co/img?file=eag12020012800000000001001&page=26&scale=80
2026-07-07 21:01:29,890 [INFO] src.corpus_acquisition.crawler: Downloading -> data/raw/images/peru21/2020/01/28/peru21_2020-01-28_26.jpg
2026-07-07 21:01:30,149 [WARNING] src.corpus_acquisition.downloader: Page 26 not found (2/3).
2026-07-07 21:01:30,149 [INFO] src.corpus_acquisition.downloader: Downloading page 27 from https://t.prcdn.co/img?file=eag12020012800000000001001&page=27&scale=80
2026-07-07 21:01:30,149 [INFO] src.corpus_acquisition.crawler: Downloading -> data/raw/images/peru21/2020/01/28/peru21_2020-01-28_27.jpg
2026-07-07 21:01:30,383 [WARNING] src.corpus_acquisition.downloader: Page 27 not found (3/3).
2026-07-07 21:01:30,383 [WARNING] src.corpus_acquisition.downloader: No new pages found after 3 attempts; stopping with 24 page(s).
2026-07-07 21:01:30,517 [INFO] src.corpus_acquisition.metadata_extractor: Saved metadata for 24 page(s) -> data/raw/metadata/raw_metadata.parquet (total rows: 94275)
2026-07-07 21:01:30,528 [INFO] src.corpus_acquisition.metadata_extractor: Saved crawl log -> data/raw/crawl_logs/peru21_2020-01-28.json (status=success)
2026-07-07 21:01:32,572 [INFO] src.corpus_acquisition.downloader: Downloading page 1 from https://t.prcdn.co/img?file=eag12020012900000000001001&page=1&scale=80
2026-07-07 21:01:32,573 [INFO] src.corpus_acquisition.crawler: Downloading -> data/raw/images/peru21/2020/01/29/peru21_2020-01-29_1.jpg
2026-07-07 21:01:32,772 [WARNING] src.corpus_acquisition.downloader: Page 1 not found (1/3).
2026-07-07 21:01:32,773 [INFO] src.corpus_acquisition.downloader: Downloading page 2 from https://t.prcdn.co/img?file=eag12020012900000000001001&page=2&scale=80
2026-07-07 21:01:32,773 [INFO] src.corpus_acquisition.crawler: Downloading -> data/raw/images/peru21/2020/01/29/peru21_2020-01-29_2.jpg
2026-07-07 21:01:32,998 [WARNING] src.corpus_acquisition.downloader: Page 2 not found (2/3).
2026-07-07 21:01:32,999 [INFO] src.corpus_acquisition.downloader: Downloading page 3 from https://t.prcdn.co/img?file=eag12020012900000000001001&page=3&scale=80
2026-07-07 21:01:32,999 [INFO] src.corpus_acquisition.crawler: Downloading -> data/raw/images/peru21/2020/01/29/peru21_2020-01-29_3.jpg
2026-07-07 21:01:33,296 [WARNING] src.corpus_acquisition.downloader: Page 3 not found (3/3).
2026-07-07 21:01:33,296 [WARNING] src.corpus_acquisition.downloader: No new pages found after 3 attempts; stopping with 0 page(s).
2026-07-07 21:01:33,302 [INFO] src.corpus_acquisition.metadata_extractor: Saved crawl log -> data/raw/crawl_logs/peru21_2020-01-29.json (status=failed)
2026-07-07 21:01:36,149 [INFO] src.corpus_acquisition.downloader: Downloading page 1 from https://t.prcdn.co/img?file=eag12020013000000000001001&page=1&scale=80
2026-07-07 21:01:36,149 [INFO] src.corpus_acquisition.crawler: Downloading -> data/raw/images/peru21/2020/01/30/peru21_2020-01-30_1.jpg
2026-07-07 21:01:36,380 [WARNING] src.corpus_acquisition.downloader: Page 1 not found (1/3).
2026-07-07 21:01:36,381 [INFO] src.corpus_acquisition.downloader: Downloading page 2 from https://t.prcdn.co/img?file=eag12020013000000000001001&page=2&scale=80
2026-07-07 21:01:36,381 [INFO] src.corpus_acquisition.crawler: Downloading -> data/raw/images/peru21/2020/01/30/peru21_2020-01-30_2.jpg
2026-07-07 21:01:36,705 [WARNING] src.corpus_acquisition.downloader: Page 2 not found (2/3).
2026-07-07 21:01:36,706 [INFO] src.corpus_acquisition.downloader: Downloading page 3 from https://t.prcdn.co/img?file=eag12020013000000000001001&page=3&scale=80
2026-07-07 21:01:36,706 [INFO] src.corpus_acquisition.crawler: Downloading -> data/raw/images/peru21/2020/01/30/peru21_2020-01-30_3.jpg
2026-07-07 21:01:36,963 [WARNING] src.corpus_acquisition.downloader: Page 3 not found (3/3).
2026-07-07 21:01:36,963 [WARNING] src.corpus_acquisition.downloader: No new pages found after 3 attempts; stopping with 0 page(s).
2026-07-07 21:01:36,965 [INFO] src.corpus_acquisition.metadata_extractor: Saved crawl log -> data/raw/crawl_logs/peru21_2020-01-30.json (status=failed)
2026-07-07 21:01:39,556 [INFO] src.corpus_acquisition.downloader: Downloading page 1 from https://t.prcdn.co/img?file=eag12020013100000000001001&page=1&scale=80
2026-07-07 21:01:39,557 [INFO] src.corpus_acquisition.crawler: Downloading -> data/raw/images/peru21/2020/01/31/peru21_2020-01-31_1.jpg
2026-07-07 21:01:42,450 [INFO] src.corpus_acquisition.downloader: Downloading page 2 from https://t.prcdn.co/img?file=eag12020013100000000001001&page=2&scale=80
2026-07-07 21:01:42,450 [INFO] src.corpus_acquisition.crawler: Downloading -> data/raw/images/peru21/2020/01/31/peru21_2020-01-31_2.jpg
2026-07-07 21:01:46,336 [INFO] src.corpus_acquisition.downloader: Downloading page 3 from https://t.prcdn.co/img?file=eag12020013100000000001001&page=3&scale=80
2026-07-07 21:01:46,337 [INFO] src.corpus_acquisition.crawler: Downloading -> data/raw/images/peru21/2020/01/31/peru21_2020-01-31_3.jpg
2026-07-07 21:01:49,673 [INFO] src.corpus_acquisition.downloader: Downloading page 4 from https://t.prcdn.co/img?file=eag12020013100000000001001&page=4&scale=80
2026-07-07 21:01:49,674 [INFO] src.corpus_acquisition.crawler: Downloading -> data/raw/images/peru21/2020/01/31/peru21_2020-01-31_4.jpg
2026-07-07 21:01:53,021 [INFO] src.corpus_acquisition.downloader: Downloading page 5 from https://t.prcdn.co/img?file=eag12020013100000000001001&page=5&scale=80
2026-07-07 21:01:53,021 [INFO] src.corpus_acquisition.crawler: Downloading -> data/raw/images/peru21/2020/01/31/peru21_2020-01-31_5.jpg
2026-07-07 21:01:56,718 [INFO] src.corpus_acquisition.downloader: Downloading page 6 from https://t.prcdn.co/img?file=eag12020013100000000001001&page=6&scale=80
2026-07-07 21:01:56,719 [INFO] src.corpus_acquisition.crawler: Downloading -> data/raw/images/peru21/2020/01/31/peru21_2020-01-31_6.jpg
2026-07-07 21:01:59,915 [INFO] src.corpus_acquisition.downloader: Downloading page 7 from https://t.prcdn.co/img?file=eag12020013100000000001001&page=7&scale=80
2026-07-07 21:01:59,915 [INFO] src.corpus_acquisition.crawler: Downloading -> data/raw/images/peru21/2020/01/31/peru21_2020-01-31_7.jpg
2026-07-07 21:02:03,219 [INFO] src.corpus_acquisition.downloader: Downloading page 8 from https://t.prcdn.co/img?file=eag12020013100000000001001&page=8&scale=80
2026-07-07 21:02:03,220 [INFO] src.corpus_acquisition.crawler: Downloading -> data/raw/images/peru21/2020/01/31/peru21_2020-01-31_8.jpg
2026-07-07 21:02:06,020 [INFO] src.corpus_acquisition.downloader: Downloading page 9 from https://t.prcdn.co/img?file=eag12020013100000000001001&page=9&scale=80
2026-07-07 21:02:06,020 [INFO] src.corpus_acquisition.crawler: Downloading -> data/raw/images/peru21/2020/01/31/peru21_2020-01-31_9.jpg
2026-07-07 21:02:08,795 [INFO] src.corpus_acquisition.downloader: Downloading page 10 from https://t.prcdn.co/img?file=eag12020013100000000001001&page=10&scale=80
2026-07-07 21:02:08,795 [INFO] src.corpus_acquisition.crawler: Downloading -> data/raw/images/peru21/2020/01/31/peru21_2020-01-31_10.jpg
2026-07-07 21:02:11,947 [INFO] src.corpus_acquisition.downloader: Downloading page 11 from https://t.prcdn.co/img?file=eag12020013100000000001001&page=11&scale=80
2026-07-07 21:02:11,947 [INFO] src.corpus_acquisition.crawler: Downloading -> data/raw/images/peru21/2020/01/31/peru21_2020-01-31_11.jpg
2026-07-07 21:02:15,446 [INFO] src.corpus_acquisition.downloader: Downloading page 12 from https://t.prcdn.co/img?file=eag12020013100000000001001&page=12&scale=80
2026-07-07 21:02:15,447 [INFO] src.corpus_acquisition.crawler: Downloading -> data/raw/images/peru21/2020/01/31/peru21_2020-01-31_12.jpg
2026-07-07 21:02:18,827 [INFO] src.corpus_acquisition.downloader: Downloading page 13 from https://t.prcdn.co/img?file=eag12020013100000000001001&page=13&scale=80
2026-07-07 21:02:18,828 [INFO] src.corpus_acquisition.crawler: Downloading -> data/raw/images/peru21/2020/01/31/peru21_2020-01-31_13.jpg
2026-07-07 21:02:21,943 [INFO] src.corpus_acquisition.downloader: Downloading page 14 from https://t.prcdn.co/img?file=eag12020013100000000001001&page=14&scale=80
2026-07-07 21:02:21,943 [INFO] src.corpus_acquisition.crawler: Downloading -> data/raw/images/peru21/2020/01/31/peru21_2020-01-31_14.jpg
2026-07-07 21:02:25,234 [INFO] src.corpus_acquisition.downloader: Downloading page 15 from https://t.prcdn.co/img?file=eag12020013100000000001001&page=15&scale=80
2026-07-07 21:02:25,234 [INFO] src.corpus_acquisition.crawler: Downloading -> data/raw/images/peru21/2020/01/31/peru21_2020-01-31_15.jpg
2026-07-07 21:02:28,549 [INFO] src.corpus_acquisition.downloader: Downloading page 16 from https://t.prcdn.co/img?file=eag12020013100000000001001&page=16&scale=80
2026-07-07 21:02:28,551 [INFO] src.corpus_acquisition.crawler: Downloading -> data/raw/images/peru21/2020/01/31/peru21_2020-01-31_16.jpg
2026-07-07 21:02:32,469 [INFO] src.corpus_acquisition.downloader: Downloading page 17 from https://t.prcdn.co/img?file=eag12020013100000000001001&page=17&scale=80
2026-07-07 21:02:32,469 [INFO] src.corpus_acquisition.crawler: Downloading -> data/raw/images/peru21/2020/01/31/peru21_2020-01-31_17.jpg
2026-07-07 21:02:35,929 [INFO] src.corpus_acquisition.downloader: Downloading page 18 from https://t.prcdn.co/img?file=eag12020013100000000001001&page=18&scale=80
2026-07-07 21:02:35,930 [INFO] src.corpus_acquisition.crawler: Downloading -> data/raw/images/peru21/2020/01/31/peru21_2020-01-31_18.jpg
2026-07-07 21:02:38,636 [INFO] src.corpus_acquisition.downloader: Downloading page 19 from https://t.prcdn.co/img?file=eag12020013100000000001001&page=19&scale=80
2026-07-07 21:02:38,636 [INFO] src.corpus_acquisition.crawler: Downloading -> data/raw/images/peru21/2020/01/31/peru21_2020-01-31_19.jpg
2026-07-07 21:02:41,130 [INFO] src.corpus_acquisition.downloader: Downloading page 20 from https://t.prcdn.co/img?file=eag12020013100000000001001&page=20&scale=80
2026-07-07 21:02:41,131 [INFO] src.corpus_acquisition.crawler: Downloading -> data/raw/images/peru21/2020/01/31/peru21_2020-01-31_20.jpg
2026-07-07 21:02:45,300 [INFO] src.corpus_acquisition.downloader: Downloading page 21 from https://t.prcdn.co/img?file=eag12020013100000000001001&page=21&scale=80
2026-07-07 21:02:45,300 [INFO] src.corpus_acquisition.crawler: Downloading -> data/raw/images/peru21/2020/01/31/peru21_2020-01-31_21.jpg
2026-07-07 21:02:49,713 [INFO] src.corpus_acquisition.downloader: Downloading page 22 from https://t.prcdn.co/img?file=eag12020013100000000001001&page=22&scale=80
2026-07-07 21:02:49,714 [INFO] src.corpus_acquisition.crawler: Downloading -> data/raw/images/peru21/2020/01/31/peru21_2020-01-31_22.jpg
2026-07-07 21:02:52,492 [INFO] src.corpus_acquisition.downloader: Downloading page 23 from https://t.prcdn.co/img?file=eag12020013100000000001001&page=23&scale=80
2026-07-07 21:02:52,492 [INFO] src.corpus_acquisition.crawler: Downloading -> data/raw/images/peru21/2020/01/31/peru21_2020-01-31_23.jpg
2026-07-07 21:02:55,402 [INFO] src.corpus_acquisition.downloader: Downloading page 24 from https://t.prcdn.co/img?file=eag12020013100000000001001&page=24&scale=80
2026-07-07 21:02:55,402 [INFO] src.corpus_acquisition.crawler: Downloading -> data/raw/images/peru21/2020/01/31/peru21_2020-01-31_24.jpg
2026-07-07 21:02:59,108 [INFO] src.corpus_acquisition.downloader: Downloading page 25 from https://t.prcdn.co/img?file=eag12020013100000000001001&page=25&scale=80
2026-07-07 21:02:59,109 [INFO] src.corpus_acquisition.crawler: Downloading -> data/raw/images/peru21/2020/01/31/peru21_2020-01-31_25.jpg
2026-07-07 21:02:59,329 [WARNING] src.corpus_acquisition.downloader: Page 25 not found (1/3).
2026-07-07 21:02:59,329 [INFO] src.corpus_acquisition.downloader: Downloading page 26 from https://t.prcdn.co/img?file=eag12020013100000000001001&page=26&scale=80
2026-07-07 21:02:59,330 [INFO] src.corpus_acquisition.crawler: Downloading -> data/raw/images/peru21/2020/01/31/peru21_2020-01-31_26.jpg
2026-07-07 21:02:59,628 [WARNING] src.corpus_acquisition.downloader: Page 26 not found (2/3).
2026-07-07 21:02:59,628 [INFO] src.corpus_acquisition.downloader: Downloading page 27 from https://t.prcdn.co/img?file=eag12020013100000000001001&page=27&scale=80
2026-07-07 21:02:59,629 [INFO] src.corpus_acquisition.crawler: Downloading -> data/raw/images/peru21/2020/01/31/peru21_2020-01-31_27.jpg
2026-07-07 21:02:59,859 [WARNING] src.corpus_acquisition.downloader: Page 27 not found (3/3).
2026-07-07 21:02:59,859 [WARNING] src.corpus_acquisition.downloader: No new pages found after 3 attempts; stopping with 24 page(s).
2026-07-07 21:02:59,995 [INFO] src.corpus_acquisition.metadata_extractor: Saved metadata for 24 page(s) -> data/raw/metadata/raw_metadata.parquet (total rows: 94463)
2026-07-07 21:02:59,997 [INFO] src.corpus_acquisition.metadata_extractor: Saved crawl log -> data/raw/crawl_logs/peru21_2020-01-31.json (status=success)
2026-07-07 21:03:02,657 [INFO] src.corpus_acquisition.downloader: Downloading page 1 from https://t.prcdn.co/img?file=eag12020020100000000001001&page=1&scale=80
2026-07-07 21:03:02,659 [INFO] src.corpus_acquisition.crawler: Downloading -> data/raw/images/peru21/2020/02/01/peru21_2020-02-01_1.jpg
2026-07-07 21:03:02,987 [WARNING] src.corpus_acquisition.downloader: Page 1 not found (1/3).
2026-07-07 21:03:02,988 [INFO] src.corpus_acquisition.downloader: Downloading page 2 from https://t.prcdn.co/img?file=eag12020020100000000001001&page=2&scale=80
2026-07-07 21:03:02,988 [INFO] src.corpus_acquisition.crawler: Downloading -> data/raw/images/peru21/2020/02/01/peru21_2020-02-01_2.jpg
2026-07-07 21:03:03,225 [WARNING] src.corpus_acquisition.downloader: Page 2 not found (2/3).
2026-07-07 21:03:03,226 [INFO] src.corpus_acquisition.downloader: Downloading page 3 from https://t.prcdn.co/img?file=eag12020020100000000001001&page=3&scale=80
2026-07-07 21:03:03,226 [INFO] src.corpus_acquisition.crawler: Downloading -> data/raw/images/peru21/2020/02/01/peru21_2020-02-01_3.jpg
2026-07-07 21:03:03,540 [WARNING] src.corpus_acquisition.downloader: Page 3 not found (3/3).
2026-07-07 21:03:03,540 [WARNING] src.corpus_acquisition.downloader: No new pages found after 3 attempts; stopping with 0 page(s).
2026-07-07 21:03:03,542 [INFO] src.corpus_acquisition.metadata_extractor: Saved crawl log -> data/raw/crawl_logs/peru21_2020-02-01.json (status=failed)
2026-07-07 21:03:05,654 [INFO] src.corpus_acquisition.downloader: Downloading page 1 from https://t.prcdn.co/img?file=eag12020020200000000001001&page=1&scale=80
2026-07-07 21:03:05,655 [INFO] src.corpus_acquisition.crawler: Downloading -> data/raw/images/peru21/2020/02/02/peru21_2020-02-02_1.jpg
2026-07-07 21:03:05,898 [WARNING] src.corpus_acquisition.downloader: Page 1 not found (1/3).
2026-07-07 21:03:05,899 [INFO] src.corpus_acquisition.downloader: Downloading page 2 from https://t.prcdn.co/img?file=eag12020020200000000001001&page=2&scale=80
2026-07-07 21:03:05,900 [INFO] src.corpus_acquisition.crawler: Downloading -> data/raw/images/peru21/2020/02/02/peru21_2020-02-02_2.jpg
2026-07-07 21:03:06,147 [WARNING] src.corpus_acquisition.downloader: Page 2 not found (2/3).
2026-07-07 21:03:06,148 [INFO] src.corpus_acquisition.downloader: Downloading page 3 from https://t.prcdn.co/img?file=eag12020020200000000001001&page=3&scale=80
2026-07-07 21:03:06,148 [INFO] src.corpus_acquisition.crawler: Downloading -> data/raw/images/peru21/2020/02/02/peru21_2020-02-02_3.jpg
2026-07-07 21:03:06,367 [WARNING] src.corpus_acquisition.downloader: Page 3 not found (3/3).
2026-07-07 21:03:06,367 [WARNING] src.corpus_acquisition.downloader: No new pages found after 3 attempts; stopping with 0 page(s).
2026-07-07 21:03:06,382 [INFO] src.corpus_acquisition.metadata_extractor: Saved crawl log -> data/raw/crawl_logs/peru21_2020-02-02.json (status=failed)
2026-07-07 21:03:09,261 [INFO] src.corpus_acquisition.downloader: Downloading page 1 from https://t.prcdn.co/img?file=eag12020020300000000001001&page=1&scale=80
2026-07-07 21:03:09,262 [INFO] src.corpus_acquisition.crawler: Downloading -> data/raw/images/peru21/2020/02/03/peru21_2020-02-03_1.jpg
2026-07-07 21:03:09,482 [WARNING] src.corpus_acquisition.downloader: Page 1 not found (1/3).
2026-07-07 21:03:09,483 [INFO] src.corpus_acquisition.downloader: Downloading page 2 from https://t.prcdn.co/img?file=eag12020020300000000001001&page=2&scale=80
2026-07-07 21:03:09,483 [INFO] src.corpus_acquisition.crawler: Downloading -> data/raw/images/peru21/2020/02/03/peru21_2020-02-03_2.jpg
2026-07-07 21:03:09,793 [WARNING] src.corpus_acquisition.downloader: Page 2 not found (2/3).
2026-07-07 21:03:09,793 [INFO] src.corpus_acquisition.downloader: Downloading page 3 from https://t.prcdn.co/img?file=eag12020020300000000001001&page=3&scale=80
2026-07-07 21:03:09,794 [INFO] src.corpus_acquisition.crawler: Downloading -> data/raw/images/peru21/2020/02/03/peru21_2020-02-03_3.jpg
2026-07-07 21:03:10,041 [WARNING] src.corpus_acquisition.downloader: Page 3 not found (3/3).
2026-07-07 21:03:10,041 [WARNING] src.corpus_acquisition.downloader: No new pages found after 3 attempts; stopping with 0 page(s).
2026-07-07 21:03:10,044 [INFO] src.corpus_acquisition.metadata_extractor: Saved crawl log -> data/raw/crawl_logs/peru21_2020-02-03.json (status=failed)
2026-07-07 21:03:12,800 [INFO] src.corpus_acquisition.downloader: Downloading page 1 from https://t.prcdn.co/img?file=eag12020020400000000001001&page=1&scale=80
2026-07-07 21:03:12,802 [INFO] src.corpus_acquisition.crawler: Downloading -> data/raw/images/peru21/2020/02/04/peru21_2020-02-04_1.jpg
2026-07-07 21:03:15,991 [INFO] src.corpus_acquisition.downloader: Downloading page 2 from https://t.prcdn.co/img?file=eag12020020400000000001001&page=2&scale=80
2026-07-07 21:03:15,991 [INFO] src.corpus_acquisition.crawler: Downloading -> data/raw/images/peru21/2020/02/04/peru21_2020-02-04_2.jpg
2026-07-07 21:03:19,861 [INFO] src.corpus_acquisition.downloader: Downloading page 3 from https://t.prcdn.co/img?file=eag12020020400000000001001&page=3&scale=80
2026-07-07 21:03:19,861 [INFO] src.corpus_acquisition.crawler: Downloading -> data/raw/images/peru21/2020/02/04/peru21_2020-02-04_3.jpg
2026-07-07 21:03:22,896 [INFO] src.corpus_acquisition.downloader: Downloading page 4 from https://t.prcdn.co/img?file=eag12020020400000000001001&page=4&scale=80
2026-07-07 21:03:22,896 [INFO] src.corpus_acquisition.crawler: Downloading -> data/raw/images/peru21/2020/02/04/peru21_2020-02-04_4.jpg
2026-07-07 21:03:26,302 [INFO] src.corpus_acquisition.downloader: Downloading page 5 from https://t.prcdn.co/img?file=eag12020020400000000001001&page=5&scale=80
2026-07-07 21:03:26,302 [INFO] src.corpus_acquisition.crawler: Downloading -> data/raw/images/peru21/2020/02/04/peru21_2020-02-04_5.jpg
2026-07-07 21:03:29,319 [INFO] src.corpus_acquisition.downloader: Downloading page 6 from https://t.prcdn.co/img?file=eag12020020400000000001001&page=6&scale=80
2026-07-07 21:03:29,320 [INFO] src.corpus_acquisition.crawler: Downloading -> data/raw/images/peru21/2020/02/04/peru21_2020-02-04_6.jpg
2026-07-07 21:03:33,243 [INFO] src.corpus_acquisition.downloader: Downloading page 7 from https://t.prcdn.co/img?file=eag12020020400000000001001&page=7&scale=80
2026-07-07 21:03:33,244 [INFO] src.corpus_acquisition.crawler: Downloading -> data/raw/images/peru21/2020/02/04/peru21_2020-02-04_7.jpg
2026-07-07 21:03:36,361 [INFO] src.corpus_acquisition.downloader: Downloading page 8 from https://t.prcdn.co/img?file=eag12020020400000000001001&page=8&scale=80
2026-07-07 21:03:36,362 [INFO] src.corpus_acquisition.crawler: Downloading -> data/raw/images/peru21/2020/02/04/peru21_2020-02-04_8.jpg
2026-07-07 21:03:40,192 [INFO] src.corpus_acquisition.downloader: Downloading page 9 from https://t.prcdn.co/img?file=eag12020020400000000001001&page=9&scale=80
2026-07-07 21:03:40,192 [INFO] src.corpus_acquisition.crawler: Downloading -> data/raw/images/peru21/2020/02/04/peru21_2020-02-04_9.jpg
2026-07-07 21:03:43,230 [INFO] src.corpus_acquisition.downloader: Downloading page 10 from https://t.prcdn.co/img?file=eag12020020400000000001001&page=10&scale=80
2026-07-07 21:03:43,230 [INFO] src.corpus_acquisition.crawler: Downloading -> data/raw/images/peru21/2020/02/04/peru21_2020-02-04_10.jpg
2026-07-07 21:03:46,953 [INFO] src.corpus_acquisition.downloader: Downloading page 11 from https://t.prcdn.co/img?file=eag12020020400000000001001&page=11&scale=80
2026-07-07 21:03:46,954 [INFO] src.corpus_acquisition.crawler: Downloading -> data/raw/images/peru21/2020/02/04/peru21_2020-02-04_11.jpg
2026-07-07 21:03:50,769 [INFO] src.corpus_acquisition.downloader: Downloading page 12 from https://t.prcdn.co/img?file=eag12020020400000000001001&page=12&scale=80
2026-07-07 21:03:50,770 [INFO] src.corpus_acquisition.crawler: Downloading -> data/raw/images/peru21/2020/02/04/peru21_2020-02-04_12.jpg
2026-07-07 21:03:54,735 [INFO] src.corpus_acquisition.downloader: Downloading page 13 from https://t.prcdn.co/img?file=eag12020020400000000001001&page=13&scale=80
2026-07-07 21:03:54,737 [INFO] src.corpus_acquisition.crawler: Downloading -> data/raw/images/peru21/2020/02/04/peru21_2020-02-04_13.jpg
2026-07-07 21:03:57,600 [INFO] src.corpus_acquisition.downloader: Downloading page 14 from https://t.prcdn.co/img?file=eag12020020400000000001001&page=14&scale=80
2026-07-07 21:03:57,600 [INFO] src.corpus_acquisition.crawler: Downloading -> data/raw/images/peru21/2020/02/04/peru21_2020-02-04_14.jpg
2026-07-07 21:04:01,293 [INFO] src.corpus_acquisition.downloader: Downloading page 15 from https://t.prcdn.co/img?file=eag12020020400000000001001&page=15&scale=80
2026-07-07 21:04:01,293 [INFO] src.corpus_acquisition.crawler: Downloading -> data/raw/images/peru21/2020/02/04/peru21_2020-02-04_15.jpg
2026-07-07 21:04:04,594 [INFO] src.corpus_acquisition.downloader: Downloading page 16 from https://t.prcdn.co/img?file=eag12020020400000000001001&page=16&scale=80
2026-07-07 21:04:04,596 [INFO] src.corpus_acquisition.crawler: Downloading -> data/raw/images/peru21/2020/02/04/peru21_2020-02-04_16.jpg
2026-07-07 21:04:07,345 [INFO] src.corpus_acquisition.downloader: Downloading page 17 from https://t.prcdn.co/img?file=eag12020020400000000001001&page=17&scale=80
2026-07-07 21:04:07,346 [INFO] src.corpus_acquisition.crawler: Downloading -> data/raw/images/peru21/2020/02/04/peru21_2020-02-04_17.jpg
2026-07-07 21:04:10,775 [INFO] src.corpus_acquisition.downloader: Downloading page 18 from https://t.prcdn.co/img?file=eag12020020400000000001001&page=18&scale=80
2026-07-07 21:04:10,775 [INFO] src.corpus_acquisition.crawler: Downloading -> data/raw/images/peru21/2020/02/04/peru21_2020-02-04_18.jpg
2026-07-07 21:04:14,128 [INFO] src.corpus_acquisition.downloader: Downloading page 19 from https://t.prcdn.co/img?file=eag12020020400000000001001&page=19&scale=80
2026-07-07 21:04:14,128 [INFO] src.corpus_acquisition.crawler: Downloading -> data/raw/images/peru21/2020/02/04/peru21_2020-02-04_19.jpg
2026-07-07 21:04:17,188 [INFO] src.corpus_acquisition.downloader: Downloading page 20 from https://t.prcdn.co/img?file=eag12020020400000000001001&page=20&scale=80
2026-07-07 21:04:17,189 [INFO] src.corpus_acquisition.crawler: Downloading -> data/raw/images/peru21/2020/02/04/peru21_2020-02-04_20.jpg
2026-07-07 21:04:20,855 [INFO] src.corpus_acquisition.downloader: Downloading page 21 from https://t.prcdn.co/img?file=eag12020020400000000001001&page=21&scale=80
2026-07-07 21:04:20,856 [INFO] src.corpus_acquisition.crawler: Downloading -> data/raw/images/peru21/2020/02/04/peru21_2020-02-04_21.jpg
2026-07-07 21:04:23,949 [INFO] src.corpus_acquisition.downloader: Downloading page 22 from https://t.prcdn.co/img?file=eag12020020400000000001001&page=22&scale=80
2026-07-07 21:04:23,949 [INFO] src.corpus_acquisition.crawler: Downloading -> data/raw/images/peru21/2020/02/04/peru21_2020-02-04_22.jpg
2026-07-07 21:04:27,530 [INFO] src.corpus_acquisition.downloader: Downloading page 23 from https://t.prcdn.co/img?file=eag12020020400000000001001&page=23&scale=80
2026-07-07 21:04:27,530 [INFO] src.corpus_acquisition.crawler: Downloading -> data/raw/images/peru21/2020/02/04/peru21_2020-02-04_23.jpg
2026-07-07 21:04:31,341 [INFO] src.corpus_acquisition.downloader: Downloading page 24 from https://t.prcdn.co/img?file=eag12020020400000000001001&page=24&scale=80
2026-07-07 21:04:31,341 [INFO] src.corpus_acquisition.crawler: Downloading -> data/raw/images/peru21/2020/02/04/peru21_2020-02-04_24.jpg
2026-07-07 21:04:34,616 [INFO] src.corpus_acquisition.downloader: Downloading page 25 from https://t.prcdn.co/img?file=eag12020020400000000001001&page=25&scale=80
2026-07-07 21:04:34,617 [INFO] src.corpus_acquisition.crawler: Downloading -> data/raw/images/peru21/2020/02/04/peru21_2020-02-04_25.jpg
2026-07-07 21:04:34,834 [WARNING] src.corpus_acquisition.downloader: Page 25 not found (1/3).
2026-07-07 21:04:34,834 [INFO] src.corpus_acquisition.downloader: Downloading page 26 from https://t.prcdn.co/img?file=eag12020020400000000001001&page=26&scale=80
2026-07-07 21:04:34,835 [INFO] src.corpus_acquisition.crawler: Downloading -> data/raw/images/peru21/2020/02/04/peru21_2020-02-04_26.jpg
2026-07-07 21:04:35,078 [WARNING] src.corpus_acquisition.downloader: Page 26 not found (2/3).
2026-07-07 21:04:35,078 [INFO] src.corpus_acquisition.downloader: Downloading page 27 from https://t.prcdn.co/img?file=eag12020020400000000001001&page=27&scale=80
2026-07-07 21:04:35,078 [INFO] src.corpus_acquisition.crawler: Downloading -> data/raw/images/peru21/2020/02/04/peru21_2020-02-04_27.jpg
2026-07-07 21:04:35,294 [WARNING] src.corpus_acquisition.downloader: Page 27 not found (3/3).
2026-07-07 21:04:35,294 [WARNING] src.corpus_acquisition.downloader: No new pages found after 3 attempts; stopping with 24 page(s).
2026-07-07 21:04:35,421 [INFO] src.corpus_acquisition.metadata_extractor: Saved metadata for 24 page(s) -> data/raw/metadata/raw_metadata.parquet (total rows: 94595)
2026-07-07 21:04:35,423 [INFO] src.corpus_acquisition.metadata_extractor: Saved crawl log -> data/raw/crawl_logs/peru21_2020-02-04.json (status=success)
2026-07-07 21:04:38,093 [INFO] src.corpus_acquisition.downloader: Downloading page 1 from https://t.prcdn.co/img?file=eag12020020500000000001001&page=1&scale=80
2026-07-07 21:04:38,095 [INFO] src.corpus_acquisition.crawler: Downloading -> data/raw/images/peru21/2020/02/05/peru21_2020-02-05_1.jpg
2026-07-07 21:04:40,985 [INFO] src.corpus_acquisition.downloader: Downloading page 2 from https://t.prcdn.co/img?file=eag12020020500000000001001&page=2&scale=80
2026-07-07 21:04:40,986 [INFO] src.corpus_acquisition.crawler: Downloading -> data/raw/images/peru21/2020/02/05/peru21_2020-02-05_2.jpg
2026-07-07 21:04:45,541 [INFO] src.corpus_acquisition.downloader: Downloading page 3 from https://t.prcdn.co/img?file=eag12020020500000000001001&page=3&scale=80
2026-07-07 21:04:45,541 [INFO] src.corpus_acquisition.crawler: Downloading -> data/raw/images/peru21/2020/02/05/peru21_2020-02-05_3.jpg
2026-07-07 21:04:48,494 [INFO] src.corpus_acquisition.downloader: Downloading page 4 from https://t.prcdn.co/img?file=eag12020020500000000001001&page=4&scale=80
2026-07-07 21:04:48,495 [INFO] src.corpus_acquisition.crawler: Downloading -> data/raw/images/peru21/2020/02/05/peru21_2020-02-05_4.jpg
2026-07-07 21:04:51,953 [INFO] src.corpus_acquisition.downloader: Downloading page 5 from https://t.prcdn.co/img?file=eag12020020500000000001001&page=5&scale=80
2026-07-07 21:04:51,953 [INFO] src.corpus_acquisition.crawler: Downloading -> data/raw/images/peru21/2020/02/05/peru21_2020-02-05_5.jpg
2026-07-07 21:04:55,500 [INFO] src.corpus_acquisition.downloader: Downloading page 6 from https://t.prcdn.co/img?file=eag12020020500000000001001&page=6&scale=80
2026-07-07 21:04:55,500 [INFO] src.corpus_acquisition.crawler: Downloading -> data/raw/images/peru21/2020/02/05/peru21_2020-02-05_6.jpg
2026-07-07 21:04:58,189 [INFO] src.corpus_acquisition.downloader: Downloading page 7 from https://t.prcdn.co/img?file=eag12020020500000000001001&page=7&scale=80
2026-07-07 21:04:58,190 [INFO] src.corpus_acquisition.crawler: Downloading -> data/raw/images/peru21/2020/02/05/peru21_2020-02-05_7.jpg
2026-07-07 21:05:01,835 [INFO] src.corpus_acquisition.downloader: Downloading page 8 from https://t.prcdn.co/img?file=eag12020020500000000001001&page=8&scale=80
2026-07-07 21:05:01,836 [INFO] src.corpus_acquisition.crawler: Downloading -> data/raw/images/peru21/2020/02/05/peru21_2020-02-05_8.jpg
2026-07-07 21:05:05,645 [INFO] src.corpus_acquisition.downloader: Downloading page 9 from https://t.prcdn.co/img?file=eag12020020500000000001001&page=9&scale=80
2026-07-07 21:05:05,646 [INFO] src.corpus_acquisition.crawler: Downloading -> data/raw/images/peru21/2020/02/05/peru21_2020-02-05_9.jpg
2026-07-07 21:05:09,486 [INFO] src.corpus_acquisition.downloader: Downloading page 10 from https://t.prcdn.co/img?file=eag12020020500000000001001&page=10&scale=80
2026-07-07 21:05:09,487 [INFO] src.corpus_acquisition.crawler: Downloading -> data/raw/images/peru21/2020/02/05/peru21_2020-02-05_10.jpg
2026-07-07 21:05:12,863 [INFO] src.corpus_acquisition.downloader: Downloading page 11 from https://t.prcdn.co/img?file=eag12020020500000000001001&page=11&scale=80
2026-07-07 21:05:12,863 [INFO] src.corpus_acquisition.crawler: Downloading -> data/raw/images/peru21/2020/02/05/peru21_2020-02-05_11.jpg
2026-07-07 21:05:16,449 [INFO] src.corpus_acquisition.downloader: Downloading page 12 from https://t.prcdn.co/img?file=eag12020020500000000001001&page=12&scale=80
2026-07-07 21:05:16,450 [INFO] src.corpus_acquisition.crawler: Downloading -> data/raw/images/peru21/2020/02/05/peru21_2020-02-05_12.jpg
2026-07-07 21:05:20,110 [INFO] src.corpus_acquisition.downloader: Downloading page 13 from https://t.prcdn.co/img?file=eag12020020500000000001001&page=13&scale=80
2026-07-07 21:05:20,111 [INFO] src.corpus_acquisition.crawler: Downloading -> data/raw/images/peru21/2020/02/05/peru21_2020-02-05_13.jpg
2026-07-07 21:05:23,736 [INFO] src.corpus_acquisition.downloader: Downloading page 14 from https://t.prcdn.co/img?file=eag12020020500000000001001&page=14&scale=80
2026-07-07 21:05:23,736 [INFO] src.corpus_acquisition.crawler: Downloading -> data/raw/images/peru21/2020/02/05/peru21_2020-02-05_14.jpg
2026-07-07 21:05:27,392 [INFO] src.corpus_acquisition.downloader: Downloading page 15 from https://t.prcdn.co/img?file=eag12020020500000000001001&page=15&scale=80
2026-07-07 21:05:27,393 [INFO] src.corpus_acquisition.crawler: Downloading -> data/raw/images/peru21/2020/02/05/peru21_2020-02-05_15.jpg
2026-07-07 21:05:31,216 [INFO] src.corpus_acquisition.downloader: Downloading page 16 from https://t.prcdn.co/img?file=eag12020020500000000001001&page=16&scale=80
2026-07-07 21:05:31,216 [INFO] src.corpus_acquisition.crawler: Downloading -> data/raw/images/peru21/2020/02/05/peru21_2020-02-05_16.jpg
2026-07-07 21:05:34,709 [INFO] src.corpus_acquisition.downloader: Downloading page 17 from https://t.prcdn.co/img?file=eag12020020500000000001001&page=17&scale=80
2026-07-07 21:05:34,710 [INFO] src.corpus_acquisition.crawler: Downloading -> data/raw/images/peru21/2020/02/05/peru21_2020-02-05_17.jpg
2026-07-07 21:05:38,081 [INFO] src.corpus_acquisition.downloader: Downloading page 18 from https://t.prcdn.co/img?file=eag12020020500000000001001&page=18&scale=80
2026-07-07 21:05:38,081 [INFO] src.corpus_acquisition.crawler: Downloading -> data/raw/images/peru21/2020/02/05/peru21_2020-02-05_18.jpg
2026-07-07 21:05:41,660 [INFO] src.corpus_acquisition.downloader: Downloading page 19 from https://t.prcdn.co/img?file=eag12020020500000000001001&page=19&scale=80
2026-07-07 21:05:41,661 [INFO] src.corpus_acquisition.crawler: Downloading -> data/raw/images/peru21/2020/02/05/peru21_2020-02-05_19.jpg
2026-07-07 21:05:45,186 [INFO] src.corpus_acquisition.downloader: Downloading page 20 from https://t.prcdn.co/img?file=eag12020020500000000001001&page=20&scale=80
2026-07-07 21:05:45,186 [INFO] src.corpus_acquisition.crawler: Downloading -> data/raw/images/peru21/2020/02/05/peru21_2020-02-05_20.jpg
2026-07-07 21:05:48,692 [INFO] src.corpus_acquisition.downloader: Downloading page 21 from https://t.prcdn.co/img?file=eag12020020500000000001001&page=21&scale=80
2026-07-07 21:05:48,692 [INFO] src.corpus_acquisition.crawler: Downloading -> data/raw/images/peru21/2020/02/05/peru21_2020-02-05_21.jpg
2026-07-07 21:05:51,767 [INFO] src.corpus_acquisition.downloader: Downloading page 22 from https://t.prcdn.co/img?file=eag12020020500000000001001&page=22&scale=80
2026-07-07 21:05:51,774 [INFO] src.corpus_acquisition.crawler: Downloading -> data/raw/images/peru21/2020/02/05/peru21_2020-02-05_22.jpg
2026-07-07 21:05:55,980 [INFO] src.corpus_acquisition.downloader: Downloading page 23 from https://t.prcdn.co/img?file=eag12020020500000000001001&page=23&scale=80
2026-07-07 21:05:55,984 [INFO] src.corpus_acquisition.crawler: Downloading -> data/raw/images/peru21/2020/02/05/peru21_2020-02-05_23.jpg
2026-07-07 21:05:59,090 [INFO] src.corpus_acquisition.downloader: Downloading page 24 from https://t.prcdn.co/img?file=eag12020020500000000001001&page=24&scale=80
2026-07-07 21:05:59,090 [INFO] src.corpus_acquisition.crawler: Downloading -> data/raw/images/peru21/2020/02/05/peru21_2020-02-05_24.jpg
2026-07-07 21:06:02,701 [INFO] src.corpus_acquisition.downloader: Downloading page 25 from https://t.prcdn.co/img?file=eag12020020500000000001001&page=25&scale=80
2026-07-07 21:06:02,701 [INFO] src.corpus_acquisition.crawler: Downloading -> data/raw/images/peru21/2020/02/05/peru21_2020-02-05_25.jpg
2026-07-07 21:06:02,995 [WARNING] src.corpus_acquisition.downloader: Page 25 not found (1/3).
2026-07-07 21:06:03,001 [INFO] src.corpus_acquisition.downloader: Downloading page 26 from https://t.prcdn.co/img?file=eag12020020500000000001001&page=26&scale=80
2026-07-07 21:06:03,002 [INFO] src.corpus_acquisition.crawler: Downloading -> data/raw/images/peru21/2020/02/05/peru21_2020-02-05_26.jpg
2026-07-07 21:06:03,236 [WARNING] src.corpus_acquisition.downloader: Page 26 not found (2/3).
2026-07-07 21:06:03,312 [INFO] src.corpus_acquisition.downloader: Downloading page 27 from https://t.prcdn.co/img?file=eag12020020500000000001001&page=27&scale=80
2026-07-07 21:06:03,313 [INFO] src.corpus_acquisition.crawler: Downloading -> data/raw/images/peru21/2020/02/05/peru21_2020-02-05_27.jpg
2026-07-07 21:06:03,550 [WARNING] src.corpus_acquisition.downloader: Page 27 not found (3/3).
2026-07-07 21:06:03,551 [WARNING] src.corpus_acquisition.downloader: No new pages found after 3 attempts; stopping with 24 page(s).
2026-07-07 21:06:03,731 [INFO] src.corpus_acquisition.metadata_extractor: Saved metadata for 24 page(s) -> data/raw/metadata/raw_metadata.parquet (total rows: 94737)
2026-07-07 21:06:03,741 [INFO] src.corpus_acquisition.metadata_extractor: Saved crawl log -> data/raw/crawl_logs/peru21_2020-02-05.json (status=success)
2026-07-07 21:06:06,034 [INFO] src.corpus_acquisition.downloader: Downloading page 1 from https://t.prcdn.co/img?file=eag12020020600000000001001&page=1&scale=80
2026-07-07 21:06:06,035 [INFO] src.corpus_acquisition.crawler: Downloading -> data/raw/images/peru21/2020/02/06/peru21_2020-02-06_1.jpg
2026-07-07 21:06:08,637 [INFO] src.corpus_acquisition.downloader: Downloading page 2 from https://t.prcdn.co/img?file=eag12020020600000000001001&page=2&scale=80
2026-07-07 21:06:08,638 [INFO] src.corpus_acquisition.crawler: Downloading -> data/raw/images/peru21/2020/02/06/peru21_2020-02-06_2.jpg
2026-07-07 21:06:13,458 [INFO] src.corpus_acquisition.downloader: Downloading page 3 from https://t.prcdn.co/img?file=eag12020020600000000001001&page=3&scale=80
2026-07-07 21:06:13,458 [INFO] src.corpus_acquisition.crawler: Downloading -> data/raw/images/peru21/2020/02/06/peru21_2020-02-06_3.jpg
2026-07-07 21:06:16,793 [INFO] src.corpus_acquisition.downloader: Downloading page 4 from https://t.prcdn.co/img?file=eag12020020600000000001001&page=4&scale=80
2026-07-07 21:06:16,793 [INFO] src.corpus_acquisition.crawler: Downloading -> data/raw/images/peru21/2020/02/06/peru21_2020-02-06_4.jpg
2026-07-07 21:06:20,850 [INFO] src.corpus_acquisition.downloader: Downloading page 5 from https://t.prcdn.co/img?file=eag12020020600000000001001&page=5&scale=80
2026-07-07 21:06:20,850 [INFO] src.corpus_acquisition.crawler: Downloading -> data/raw/images/peru21/2020/02/06/peru21_2020-02-06_5.jpg
2026-07-07 21:06:24,120 [INFO] src.corpus_acquisition.downloader: Downloading page 6 from https://t.prcdn.co/img?file=eag12020020600000000001001&page=6&scale=80
2026-07-07 21:06:24,121 [INFO] src.corpus_acquisition.crawler: Downloading -> data/raw/images/peru21/2020/02/06/peru21_2020-02-06_6.jpg
2026-07-07 21:06:27,187 [INFO] src.corpus_acquisition.downloader: Downloading page 7 from https://t.prcdn.co/img?file=eag12020020600000000001001&page=7&scale=80
2026-07-07 21:06:27,188 [INFO] src.corpus_acquisition.crawler: Downloading -> data/raw/images/peru21/2020/02/06/peru21_2020-02-06_7.jpg
2026-07-07 21:06:30,368 [INFO] src.corpus_acquisition.downloader: Downloading page 8 from https://t.prcdn.co/img?file=eag12020020600000000001001&page=8&scale=80
2026-07-07 21:06:30,369 [INFO] src.corpus_acquisition.crawler: Downloading -> data/raw/images/peru21/2020/02/06/peru21_2020-02-06_8.jpg
2026-07-07 21:06:33,839 [INFO] src.corpus_acquisition.downloader: Downloading page 9 from https://t.prcdn.co/img?file=eag12020020600000000001001&page=9&scale=80
2026-07-07 21:06:33,840 [INFO] src.corpus_acquisition.crawler: Downloading -> data/raw/images/peru21/2020/02/06/peru21_2020-02-06_9.jpg
2026-07-07 21:06:37,642 [INFO] src.corpus_acquisition.downloader: Downloading page 10 from https://t.prcdn.co/img?file=eag12020020600000000001001&page=10&scale=80
2026-07-07 21:06:37,642 [INFO] src.corpus_acquisition.crawler: Downloading -> data/raw/images/peru21/2020/02/06/peru21_2020-02-06_10.jpg
2026-07-07 21:06:41,018 [INFO] src.corpus_acquisition.downloader: Downloading page 11 from https://t.prcdn.co/img?file=eag12020020600000000001001&page=11&scale=80
2026-07-07 21:06:41,019 [INFO] src.corpus_acquisition.crawler: Downloading -> data/raw/images/peru21/2020/02/06/peru21_2020-02-06_11.jpg
2026-07-07 21:06:44,202 [INFO] src.corpus_acquisition.downloader: Downloading page 12 from https://t.prcdn.co/img?file=eag12020020600000000001001&page=12&scale=80
2026-07-07 21:06:44,203 [INFO] src.corpus_acquisition.crawler: Downloading -> data/raw/images/peru21/2020/02/06/peru21_2020-02-06_12.jpg
2026-07-07 21:06:47,560 [INFO] src.corpus_acquisition.downloader: Downloading page 13 from https://t.prcdn.co/img?file=eag12020020600000000001001&page=13&scale=80
2026-07-07 21:06:47,560 [INFO] src.corpus_acquisition.crawler: Downloading -> data/raw/images/peru21/2020/02/06/peru21_2020-02-06_13.jpg
2026-07-07 21:06:50,783 [INFO] src.corpus_acquisition.downloader: Downloading page 14 from https://t.prcdn.co/img?file=eag12020020600000000001001&page=14&scale=80
2026-07-07 21:06:50,784 [INFO] src.corpus_acquisition.crawler: Downloading -> data/raw/images/peru21/2020/02/06/peru21_2020-02-06_14.jpg
2026-07-07 21:06:54,522 [INFO] src.corpus_acquisition.downloader: Downloading page 15 from https://t.prcdn.co/img?file=eag12020020600000000001001&page=15&scale=80
2026-07-07 21:06:54,523 [INFO] src.corpus_acquisition.crawler: Downloading -> data/raw/images/peru21/2020/02/06/peru21_2020-02-06_15.jpg
2026-07-07 21:06:57,851 [INFO] src.corpus_acquisition.downloader: Downloading page 16 from https://t.prcdn.co/img?file=eag12020020600000000001001&page=16&scale=80
2026-07-07 21:06:57,851 [INFO] src.corpus_acquisition.crawler: Downloading -> data/raw/images/peru21/2020/02/06/peru21_2020-02-06_16.jpg
2026-07-07 21:07:01,416 [INFO] src.corpus_acquisition.downloader: Downloading page 17 from https://t.prcdn.co/img?file=eag12020020600000000001001&page=17&scale=80
2026-07-07 21:07:01,416 [INFO] src.corpus_acquisition.crawler: Downloading -> data/raw/images/peru21/2020/02/06/peru21_2020-02-06_17.jpg
2026-07-07 21:07:04,653 [INFO] src.corpus_acquisition.downloader: Downloading page 18 from https://t.prcdn.co/img?file=eag12020020600000000001001&page=18&scale=80
2026-07-07 21:07:04,653 [INFO] src.corpus_acquisition.crawler: Downloading -> data/raw/images/peru21/2020/02/06/peru21_2020-02-06_18.jpg
2026-07-07 21:07:07,975 [INFO] src.corpus_acquisition.downloader: Downloading page 19 from https://t.prcdn.co/img?file=eag12020020600000000001001&page=19&scale=80
2026-07-07 21:07:07,975 [INFO] src.corpus_acquisition.crawler: Downloading -> data/raw/images/peru21/2020/02/06/peru21_2020-02-06_19.jpg
2026-07-07 21:07:11,614 [INFO] src.corpus_acquisition.downloader: Downloading page 20 from https://t.prcdn.co/img?file=eag12020020600000000001001&page=20&scale=80
2026-07-07 21:07:11,615 [INFO] src.corpus_acquisition.crawler: Downloading -> data/raw/images/peru21/2020/02/06/peru21_2020-02-06_20.jpg
2026-07-07 21:07:15,331 [INFO] src.corpus_acquisition.downloader: Downloading page 21 from https://t.prcdn.co/img?file=eag12020020600000000001001&page=21&scale=80
2026-07-07 21:07:15,332 [INFO] src.corpus_acquisition.crawler: Downloading -> data/raw/images/peru21/2020/02/06/peru21_2020-02-06_21.jpg
2026-07-07 21:07:18,637 [INFO] src.corpus_acquisition.downloader: Downloading page 22 from https://t.prcdn.co/img?file=eag12020020600000000001001&page=22&scale=80
2026-07-07 21:07:18,637 [INFO] src.corpus_acquisition.crawler: Downloading -> data/raw/images/peru21/2020/02/06/peru21_2020-02-06_22.jpg
2026-07-07 21:07:22,214 [INFO] src.corpus_acquisition.downloader: Downloading page 23 from https://t.prcdn.co/img?file=eag12020020600000000001001&page=23&scale=80
2026-07-07 21:07:22,215 [INFO] src.corpus_acquisition.crawler: Downloading -> data/raw/images/peru21/2020/02/06/peru21_2020-02-06_23.jpg
2026-07-07 21:07:25,721 [INFO] src.corpus_acquisition.downloader: Downloading page 24 from https://t.prcdn.co/img?file=eag12020020600000000001001&page=24&scale=80
2026-07-07 21:07:25,722 [INFO] src.corpus_acquisition.crawler: Downloading -> data/raw/images/peru21/2020/02/06/peru21_2020-02-06_24.jpg
2026-07-07 21:07:28,678 [INFO] src.corpus_acquisition.downloader: Downloading page 25 from https://t.prcdn.co/img?file=eag12020020600000000001001&page=25&scale=80
2026-07-07 21:07:28,679 [INFO] src.corpus_acquisition.crawler: Downloading -> data/raw/images/peru21/2020/02/06/peru21_2020-02-06_25.jpg
2026-07-07 21:07:28,886 [WARNING] src.corpus_acquisition.downloader: Page 25 not found (1/3).
2026-07-07 21:07:28,892 [INFO] src.corpus_acquisition.downloader: Downloading page 26 from https://t.prcdn.co/img?file=eag12020020600000000001001&page=26&scale=80
2026-07-07 21:07:28,899 [INFO] src.corpus_acquisition.crawler: Downloading -> data/raw/images/peru21/2020/02/06/peru21_2020-02-06_26.jpg
2026-07-07 21:07:29,108 [WARNING] src.corpus_acquisition.downloader: Page 26 not found (2/3).
2026-07-07 21:07:29,109 [INFO] src.corpus_acquisition.downloader: Downloading page 27 from https://t.prcdn.co/img?file=eag12020020600000000001001&page=27&scale=80
2026-07-07 21:07:29,110 [INFO] src.corpus_acquisition.crawler: Downloading -> data/raw/images/peru21/2020/02/06/peru21_2020-02-06_27.jpg
2026-07-07 21:07:29,314 [WARNING] src.corpus_acquisition.downloader: Page 27 not found (3/3).
2026-07-07 21:07:29,314 [WARNING] src.corpus_acquisition.downloader: No new pages found after 3 attempts; stopping with 24 page(s).
2026-07-07 21:07:29,631 [INFO] src.corpus_acquisition.metadata_extractor: Saved metadata for 24 page(s) -> data/raw/metadata/raw_metadata.parquet (total rows: 94873)
2026-07-07 21:07:29,645 [INFO] src.corpus_acquisition.metadata_extractor: Saved crawl log -> data/raw/crawl_logs/peru21_2020-02-06.json (status=success)
2026-07-07 21:07:31,976 [INFO] src.corpus_acquisition.downloader: Downloading page 1 from https://t.prcdn.co/img?file=eag12020020700000000001001&page=1&scale=80
2026-07-07 21:07:31,978 [INFO] src.corpus_acquisition.crawler: Downloading -> data/raw/images/peru21/2020/02/07/peru21_2020-02-07_1.jpg
2026-07-07 21:07:35,259 [INFO] src.corpus_acquisition.downloader: Downloading page 2 from https://t.prcdn.co/img?file=eag12020020700000000001001&page=2&scale=80
2026-07-07 21:07:35,259 [INFO] src.corpus_acquisition.crawler: Downloading -> data/raw/images/peru21/2020/02/07/peru21_2020-02-07_2.jpg
2026-07-07 21:07:38,651 [INFO] src.corpus_acquisition.downloader: Downloading page 3 from https://t.prcdn.co/img?file=eag12020020700000000001001&page=3&scale=80
2026-07-07 21:07:38,652 [INFO] src.corpus_acquisition.crawler: Downloading -> data/raw/images/peru21/2020/02/07/peru21_2020-02-07_3.jpg
2026-07-07 21:07:42,057 [INFO] src.corpus_acquisition.downloader: Downloading page 4 from https://t.prcdn.co/img?file=eag12020020700000000001001&page=4&scale=80
2026-07-07 21:07:42,058 [INFO] src.corpus_acquisition.crawler: Downloading -> data/raw/images/peru21/2020/02/07/peru21_2020-02-07_4.jpg
2026-07-07 21:07:45,501 [INFO] src.corpus_acquisition.downloader: Downloading page 5 from https://t.prcdn.co/img?file=eag12020020700000000001001&page=5&scale=80
2026-07-07 21:07:45,501 [INFO] src.corpus_acquisition.crawler: Downloading -> data/raw/images/peru21/2020/02/07/peru21_2020-02-07_5.jpg
2026-07-07 21:07:48,917 [INFO] src.corpus_acquisition.downloader: Downloading page 6 from https://t.prcdn.co/img?file=eag12020020700000000001001&page=6&scale=80
2026-07-07 21:07:48,918 [INFO] src.corpus_acquisition.crawler: Downloading -> data/raw/images/peru21/2020/02/07/peru21_2020-02-07_6.jpg
2026-07-07 21:07:52,371 [INFO] src.corpus_acquisition.downloader: Downloading page 7 from https://t.prcdn.co/img?file=eag12020020700000000001001&page=7&scale=80
2026-07-07 21:07:52,371 [INFO] src.corpus_acquisition.crawler: Downloading -> data/raw/images/peru21/2020/02/07/peru21_2020-02-07_7.jpg
2026-07-07 21:07:55,784 [INFO] src.corpus_acquisition.downloader: Downloading page 8 from https://t.prcdn.co/img?file=eag12020020700000000001001&page=8&scale=80
2026-07-07 21:07:55,784 [INFO] src.corpus_acquisition.crawler: Downloading -> data/raw/images/peru21/2020/02/07/peru21_2020-02-07_8.jpg
2026-07-07 21:07:58,580 [INFO] src.corpus_acquisition.downloader: Downloading page 9 from https://t.prcdn.co/img?file=eag12020020700000000001001&page=9&scale=80
2026-07-07 21:07:58,581 [INFO] src.corpus_acquisition.crawler: Downloading -> data/raw/images/peru21/2020/02/07/peru21_2020-02-07_9.jpg
2026-07-07 21:08:01,681 [INFO] src.corpus_acquisition.downloader: Downloading page 10 from https://t.prcdn.co/img?file=eag12020020700000000001001&page=10&scale=80
2026-07-07 21:08:01,681 [INFO] src.corpus_acquisition.crawler: Downloading -> data/raw/images/peru21/2020/02/07/peru21_2020-02-07_10.jpg
2026-07-07 21:08:05,510 [INFO] src.corpus_acquisition.downloader: Downloading page 11 from https://t.prcdn.co/img?file=eag12020020700000000001001&page=11&scale=80
2026-07-07 21:08:05,511 [INFO] src.corpus_acquisition.crawler: Downloading -> data/raw/images/peru21/2020/02/07/peru21_2020-02-07_11.jpg
2026-07-07 21:08:08,415 [INFO] src.corpus_acquisition.downloader: Downloading page 12 from https://t.prcdn.co/img?file=eag12020020700000000001001&page=12&scale=80
2026-07-07 21:08:08,415 [INFO] src.corpus_acquisition.crawler: Downloading -> data/raw/images/peru21/2020/02/07/peru21_2020-02-07_12.jpg
2026-07-07 21:08:11,693 [INFO] src.corpus_acquisition.downloader: Downloading page 13 from https://t.prcdn.co/img?file=eag12020020700000000001001&page=13&scale=80
2026-07-07 21:08:11,693 [INFO] src.corpus_acquisition.crawler: Downloading -> data/raw/images/peru21/2020/02/07/peru21_2020-02-07_13.jpg
2026-07-07 21:08:14,634 [INFO] src.corpus_acquisition.downloader: Downloading page 14 from https://t.prcdn.co/img?file=eag12020020700000000001001&page=14&scale=80
2026-07-07 21:08:14,635 [INFO] src.corpus_acquisition.crawler: Downloading -> data/raw/images/peru21/2020/02/07/peru21_2020-02-07_14.jpg
2026-07-07 21:08:17,487 [INFO] src.corpus_acquisition.downloader: Downloading page 15 from https://t.prcdn.co/img?file=eag12020020700000000001001&page=15&scale=80
2026-07-07 21:08:17,487 [INFO] src.corpus_acquisition.crawler: Downloading -> data/raw/images/peru21/2020/02/07/peru21_2020-02-07_15.jpg
2026-07-07 21:08:20,760 [INFO] src.corpus_acquisition.downloader: Downloading page 16 from https://t.prcdn.co/img?file=eag12020020700000000001001&page=16&scale=80
2026-07-07 21:08:20,761 [INFO] src.corpus_acquisition.crawler: Downloading -> data/raw/images/peru21/2020/02/07/peru21_2020-02-07_16.jpg
2026-07-07 21:08:24,212 [INFO] src.corpus_acquisition.downloader: Downloading page 17 from https://t.prcdn.co/img?file=eag12020020700000000001001&page=17&scale=80
2026-07-07 21:08:24,212 [INFO] src.corpus_acquisition.crawler: Downloading -> data/raw/images/peru21/2020/02/07/peru21_2020-02-07_17.jpg
2026-07-07 21:08:27,848 [INFO] src.corpus_acquisition.downloader: Downloading page 18 from https://t.prcdn.co/img?file=eag12020020700000000001001&page=18&scale=80
2026-07-07 21:08:27,848 [INFO] src.corpus_acquisition.crawler: Downloading -> data/raw/images/peru21/2020/02/07/peru21_2020-02-07_18.jpg
2026-07-07 21:08:31,534 [INFO] src.corpus_acquisition.downloader: Downloading page 19 from https://t.prcdn.co/img?file=eag12020020700000000001001&page=19&scale=80
2026-07-07 21:08:31,534 [INFO] src.corpus_acquisition.crawler: Downloading -> data/raw/images/peru21/2020/02/07/peru21_2020-02-07_19.jpg
2026-07-07 21:08:34,797 [INFO] src.corpus_acquisition.downloader: Downloading page 20 from https://t.prcdn.co/img?file=eag12020020700000000001001&page=20&scale=80
2026-07-07 21:08:34,797 [INFO] src.corpus_acquisition.crawler: Downloading -> data/raw/images/peru21/2020/02/07/peru21_2020-02-07_20.jpg
2026-07-07 21:08:38,103 [INFO] src.corpus_acquisition.downloader: Downloading page 21 from https://t.prcdn.co/img?file=eag12020020700000000001001&page=21&scale=80
2026-07-07 21:08:38,104 [INFO] src.corpus_acquisition.crawler: Downloading -> data/raw/images/peru21/2020/02/07/peru21_2020-02-07_21.jpg
2026-07-07 21:08:41,347 [INFO] src.corpus_acquisition.downloader: Downloading page 22 from https://t.prcdn.co/img?file=eag12020020700000000001001&page=22&scale=80
2026-07-07 21:08:41,347 [INFO] src.corpus_acquisition.crawler: Downloading -> data/raw/images/peru21/2020/02/07/peru21_2020-02-07_22.jpg
2026-07-07 21:08:45,041 [INFO] src.corpus_acquisition.downloader: Downloading page 23 from https://t.prcdn.co/img?file=eag12020020700000000001001&page=23&scale=80
2026-07-07 21:08:45,041 [INFO] src.corpus_acquisition.crawler: Downloading -> data/raw/images/peru21/2020/02/07/peru21_2020-02-07_23.jpg
2026-07-07 21:08:48,194 [INFO] src.corpus_acquisition.downloader: Downloading page 24 from https://t.prcdn.co/img?file=eag12020020700000000001001&page=24&scale=80
2026-07-07 21:08:48,194 [INFO] src.corpus_acquisition.crawler: Downloading -> data/raw/images/peru21/2020/02/07/peru21_2020-02-07_24.jpg
2026-07-07 21:08:51,440 [INFO] src.corpus_acquisition.downloader: Downloading page 25 from https://t.prcdn.co/img?file=eag12020020700000000001001&page=25&scale=80
2026-07-07 21:08:51,440 [INFO] src.corpus_acquisition.crawler: Downloading -> data/raw/images/peru21/2020/02/07/peru21_2020-02-07_25.jpg
2026-07-07 21:08:51,684 [WARNING] src.corpus_acquisition.downloader: Page 25 not found (1/3).
2026-07-07 21:08:51,685 [INFO] src.corpus_acquisition.downloader: Downloading page 26 from https://t.prcdn.co/img?file=eag12020020700000000001001&page=26&scale=80
2026-07-07 21:08:51,685 [INFO] src.corpus_acquisition.crawler: Downloading -> data/raw/images/peru21/2020/02/07/peru21_2020-02-07_26.jpg
2026-07-07 21:08:51,924 [WARNING] src.corpus_acquisition.downloader: Page 26 not found (2/3).
2026-07-07 21:08:51,924 [INFO] src.corpus_acquisition.downloader: Downloading page 27 from https://t.prcdn.co/img?file=eag12020020700000000001001&page=27&scale=80
2026-07-07 21:08:51,925 [INFO] src.corpus_acquisition.crawler: Downloading -> data/raw/images/peru21/2020/02/07/peru21_2020-02-07_27.jpg
2026-07-07 21:08:52,135 [WARNING] src.corpus_acquisition.downloader: Page 27 not found (3/3).
2026-07-07 21:08:52,135 [WARNING] src.corpus_acquisition.downloader: No new pages found after 3 attempts; stopping with 24 page(s).
2026-07-07 21:08:52,266 [INFO] src.corpus_acquisition.metadata_extractor: Saved metadata for 24 page(s) -> data/raw/metadata/raw_metadata.parquet (total rows: 95029)
2026-07-07 21:08:52,268 [INFO] src.corpus_acquisition.metadata_extractor: Saved crawl log -> data/raw/crawl_logs/peru21_2020-02-07.json (status=success)
2026-07-07 21:08:55,271 [INFO] src.corpus_acquisition.downloader: Downloading page 1 from https://t.prcdn.co/img?file=eag12020020800000000001001&page=1&scale=80
2026-07-07 21:08:55,272 [INFO] src.corpus_acquisition.crawler: Downloading -> data/raw/images/peru21/2020/02/08/peru21_2020-02-08_1.jpg
2026-07-07 21:08:58,245 [INFO] src.corpus_acquisition.downloader: Downloading page 2 from https://t.prcdn.co/img?file=eag12020020800000000001001&page=2&scale=80
2026-07-07 21:08:58,246 [INFO] src.corpus_acquisition.crawler: Downloading -> data/raw/images/peru21/2020/02/08/peru21_2020-02-08_2.jpg
2026-07-07 21:09:02,144 [INFO] src.corpus_acquisition.downloader: Downloading page 3 from https://t.prcdn.co/img?file=eag12020020800000000001001&page=3&scale=80
2026-07-07 21:09:02,144 [INFO] src.corpus_acquisition.crawler: Downloading -> data/raw/images/peru21/2020/02/08/peru21_2020-02-08_3.jpg
2026-07-07 21:09:05,556 [INFO] src.corpus_acquisition.downloader: Downloading page 4 from https://t.prcdn.co/img?file=eag12020020800000000001001&page=4&scale=80
2026-07-07 21:09:05,556 [INFO] src.corpus_acquisition.crawler: Downloading -> data/raw/images/peru21/2020/02/08/peru21_2020-02-08_4.jpg
2026-07-07 21:09:09,341 [INFO] src.corpus_acquisition.downloader: Downloading page 5 from https://t.prcdn.co/img?file=eag12020020800000000001001&page=5&scale=80
2026-07-07 21:09:09,342 [INFO] src.corpus_acquisition.crawler: Downloading -> data/raw/images/peru21/2020/02/08/peru21_2020-02-08_5.jpg
2026-07-07 21:09:14,002 [INFO] src.corpus_acquisition.downloader: Downloading page 6 from https://t.prcdn.co/img?file=eag12020020800000000001001&page=6&scale=80
2026-07-07 21:09:14,002 [INFO] src.corpus_acquisition.crawler: Downloading -> data/raw/images/peru21/2020/02/08/peru21_2020-02-08_6.jpg
2026-07-07 21:09:17,602 [INFO] src.corpus_acquisition.downloader: Downloading page 7 from https://t.prcdn.co/img?file=eag12020020800000000001001&page=7&scale=80
2026-07-07 21:09:17,603 [INFO] src.corpus_acquisition.crawler: Downloading -> data/raw/images/peru21/2020/02/08/peru21_2020-02-08_7.jpg
2026-07-07 21:09:20,447 [INFO] src.corpus_acquisition.downloader: Downloading page 8 from https://t.prcdn.co/img?file=eag12020020800000000001001&page=8&scale=80
2026-07-07 21:09:20,448 [INFO] src.corpus_acquisition.crawler: Downloading -> data/raw/images/peru21/2020/02/08/peru21_2020-02-08_8.jpg
2026-07-07 21:09:24,179 [INFO] src.corpus_acquisition.downloader: Downloading page 9 from https://t.prcdn.co/img?file=eag12020020800000000001001&page=9&scale=80
2026-07-07 21:09:24,179 [INFO] src.corpus_acquisition.crawler: Downloading -> data/raw/images/peru21/2020/02/08/peru21_2020-02-08_9.jpg
2026-07-07 21:09:26,966 [INFO] src.corpus_acquisition.downloader: Downloading page 10 from https://t.prcdn.co/img?file=eag12020020800000000001001&page=10&scale=80
2026-07-07 21:09:26,966 [INFO] src.corpus_acquisition.crawler: Downloading -> data/raw/images/peru21/2020/02/08/peru21_2020-02-08_10.jpg
2026-07-07 21:09:30,267 [INFO] src.corpus_acquisition.downloader: Downloading page 11 from https://t.prcdn.co/img?file=eag12020020800000000001001&page=11&scale=80
2026-07-07 21:09:30,268 [INFO] src.corpus_acquisition.crawler: Downloading -> data/raw/images/peru21/2020/02/08/peru21_2020-02-08_11.jpg
2026-07-07 21:09:33,344 [INFO] src.corpus_acquisition.downloader: Downloading page 12 from https://t.prcdn.co/img?file=eag12020020800000000001001&page=12&scale=80
2026-07-07 21:09:33,345 [INFO] src.corpus_acquisition.crawler: Downloading -> data/raw/images/peru21/2020/02/08/peru21_2020-02-08_12.jpg
2026-07-07 21:09:36,478 [INFO] src.corpus_acquisition.downloader: Downloading page 13 from https://t.prcdn.co/img?file=eag12020020800000000001001&page=13&scale=80
2026-07-07 21:09:36,479 [INFO] src.corpus_acquisition.crawler: Downloading -> data/raw/images/peru21/2020/02/08/peru21_2020-02-08_13.jpg
2026-07-07 21:09:40,154 [INFO] src.corpus_acquisition.downloader: Downloading page 14 from https://t.prcdn.co/img?file=eag12020020800000000001001&page=14&scale=80
2026-07-07 21:09:40,154 [INFO] src.corpus_acquisition.crawler: Downloading -> data/raw/images/peru21/2020/02/08/peru21_2020-02-08_14.jpg
2026-07-07 21:09:43,176 [INFO] src.corpus_acquisition.downloader: Downloading page 15 from https://t.prcdn.co/img?file=eag12020020800000000001001&page=15&scale=80
2026-07-07 21:09:43,177 [INFO] src.corpus_acquisition.crawler: Downloading -> data/raw/images/peru21/2020/02/08/peru21_2020-02-08_15.jpg
2026-07-07 21:09:47,004 [INFO] src.corpus_acquisition.downloader: Downloading page 16 from https://t.prcdn.co/img?file=eag12020020800000000001001&page=16&scale=80
2026-07-07 21:09:47,004 [INFO] src.corpus_acquisition.crawler: Downloading -> data/raw/images/peru21/2020/02/08/peru21_2020-02-08_16.jpg
2026-07-07 21:09:50,345 [INFO] src.corpus_acquisition.downloader: Downloading page 17 from https://t.prcdn.co/img?file=eag12020020800000000001001&page=17&scale=80
2026-07-07 21:09:50,346 [INFO] src.corpus_acquisition.crawler: Downloading -> data/raw/images/peru21/2020/02/08/peru21_2020-02-08_17.jpg
2026-07-07 21:09:53,845 [INFO] src.corpus_acquisition.downloader: Downloading page 18 from https://t.prcdn.co/img?file=eag12020020800000000001001&page=18&scale=80
2026-07-07 21:09:53,845 [INFO] src.corpus_acquisition.crawler: Downloading -> data/raw/images/peru21/2020/02/08/peru21_2020-02-08_18.jpg
2026-07-07 21:09:57,573 [INFO] src.corpus_acquisition.downloader: Downloading page 19 from https://t.prcdn.co/img?file=eag12020020800000000001001&page=19&scale=80
2026-07-07 21:09:57,573 [INFO] src.corpus_acquisition.crawler: Downloading -> data/raw/images/peru21/2020/02/08/peru21_2020-02-08_19.jpg
2026-07-07 21:10:01,333 [INFO] src.corpus_acquisition.downloader: Downloading page 20 from https://t.prcdn.co/img?file=eag12020020800000000001001&page=20&scale=80
2026-07-07 21:10:01,333 [INFO] src.corpus_acquisition.crawler: Downloading -> data/raw/images/peru21/2020/02/08/peru21_2020-02-08_20.jpg
2026-07-07 21:10:04,459 [INFO] src.corpus_acquisition.downloader: Downloading page 21 from https://t.prcdn.co/img?file=eag12020020800000000001001&page=21&scale=80
2026-07-07 21:10:04,459 [INFO] src.corpus_acquisition.crawler: Downloading -> data/raw/images/peru21/2020/02/08/peru21_2020-02-08_21.jpg
2026-07-07 21:10:07,606 [INFO] src.corpus_acquisition.downloader: Downloading page 22 from https://t.prcdn.co/img?file=eag12020020800000000001001&page=22&scale=80
2026-07-07 21:10:07,606 [INFO] src.corpus_acquisition.crawler: Downloading -> data/raw/images/peru21/2020/02/08/peru21_2020-02-08_22.jpg
2026-07-07 21:10:11,373 [INFO] src.corpus_acquisition.downloader: Downloading page 23 from https://t.prcdn.co/img?file=eag12020020800000000001001&page=23&scale=80
2026-07-07 21:10:11,373 [INFO] src.corpus_acquisition.crawler: Downloading -> data/raw/images/peru21/2020/02/08/peru21_2020-02-08_23.jpg
2026-07-07 21:10:14,727 [INFO] src.corpus_acquisition.downloader: Downloading page 24 from https://t.prcdn.co/img?file=eag12020020800000000001001&page=24&scale=80
2026-07-07 21:10:14,727 [INFO] src.corpus_acquisition.crawler: Downloading -> data/raw/images/peru21/2020/02/08/peru21_2020-02-08_24.jpg
2026-07-07 21:10:18,530 [INFO] src.corpus_acquisition.downloader: Downloading page 25 from https://t.prcdn.co/img?file=eag12020020800000000001001&page=25&scale=80
2026-07-07 21:10:18,531 [INFO] src.corpus_acquisition.crawler: Downloading -> data/raw/images/peru21/2020/02/08/peru21_2020-02-08_25.jpg
2026-07-07 21:10:18,748 [WARNING] src.corpus_acquisition.downloader: Page 25 not found (1/3).
2026-07-07 21:10:18,748 [INFO] src.corpus_acquisition.downloader: Downloading page 26 from https://t.prcdn.co/img?file=eag12020020800000000001001&page=26&scale=80
2026-07-07 21:10:18,749 [INFO] src.corpus_acquisition.crawler: Downloading -> data/raw/images/peru21/2020/02/08/peru21_2020-02-08_26.jpg
2026-07-07 21:10:18,961 [WARNING] src.corpus_acquisition.downloader: Page 26 not found (2/3).
2026-07-07 21:10:18,961 [INFO] src.corpus_acquisition.downloader: Downloading page 27 from https://t.prcdn.co/img?file=eag12020020800000000001001&page=27&scale=80
2026-07-07 21:10:18,961 [INFO] src.corpus_acquisition.crawler: Downloading -> data/raw/images/peru21/2020/02/08/peru21_2020-02-08_27.jpg
2026-07-07 21:10:19,191 [WARNING] src.corpus_acquisition.downloader: Page 27 not found (3/3).
2026-07-07 21:10:19,191 [WARNING] src.corpus_acquisition.downloader: No new pages found after 3 attempts; stopping with 24 page(s).
2026-07-07 21:10:19,401 [INFO] src.corpus_acquisition.metadata_extractor: Saved metadata for 24 page(s) -> data/raw/metadata/raw_metadata.parquet (total rows: 95165)
2026-07-07 21:10:19,439 [INFO] src.corpus_acquisition.metadata_extractor: Saved crawl log -> data/raw/crawl_logs/peru21_2020-02-08.json (status=success)
2026-07-07 21:10:22,373 [INFO] src.corpus_acquisition.downloader: Downloading page 1 from https://t.prcdn.co/img?file=eag12020020900000000001001&page=1&scale=80
2026-07-07 21:10:22,377 [INFO] src.corpus_acquisition.crawler: Downloading -> data/raw/images/peru21/2020/02/09/peru21_2020-02-09_1.jpg
2026-07-07 21:10:25,637 [INFO] src.corpus_acquisition.downloader: Downloading page 2 from https://t.prcdn.co/img?file=eag12020020900000000001001&page=2&scale=80
2026-07-07 21:10:25,638 [INFO] src.corpus_acquisition.crawler: Downloading -> data/raw/images/peru21/2020/02/09/peru21_2020-02-09_2.jpg
2026-07-07 21:10:29,901 [INFO] src.corpus_acquisition.downloader: Downloading page 3 from https://t.prcdn.co/img?file=eag12020020900000000001001&page=3&scale=80
2026-07-07 21:10:29,902 [INFO] src.corpus_acquisition.crawler: Downloading -> data/raw/images/peru21/2020/02/09/peru21_2020-02-09_3.jpg
2026-07-07 21:10:32,625 [INFO] src.corpus_acquisition.downloader: Downloading page 4 from https://t.prcdn.co/img?file=eag12020020900000000001001&page=4&scale=80
2026-07-07 21:10:32,626 [INFO] src.corpus_acquisition.crawler: Downloading -> data/raw/images/peru21/2020/02/09/peru21_2020-02-09_4.jpg
2026-07-07 21:10:36,552 [INFO] src.corpus_acquisition.downloader: Downloading page 5 from https://t.prcdn.co/img?file=eag12020020900000000001001&page=5&scale=80
2026-07-07 21:10:36,552 [INFO] src.corpus_acquisition.crawler: Downloading -> data/raw/images/peru21/2020/02/09/peru21_2020-02-09_5.jpg
2026-07-07 21:10:40,118 [INFO] src.corpus_acquisition.downloader: Downloading page 6 from https://t.prcdn.co/img?file=eag12020020900000000001001&page=6&scale=80
2026-07-07 21:10:40,118 [INFO] src.corpus_acquisition.crawler: Downloading -> data/raw/images/peru21/2020/02/09/peru21_2020-02-09_6.jpg
2026-07-07 21:10:43,431 [INFO] src.corpus_acquisition.downloader: Downloading page 7 from https://t.prcdn.co/img?file=eag12020020900000000001001&page=7&scale=80
2026-07-07 21:10:43,432 [INFO] src.corpus_acquisition.crawler: Downloading -> data/raw/images/peru21/2020/02/09/peru21_2020-02-09_7.jpg
2026-07-07 21:10:46,412 [INFO] src.corpus_acquisition.downloader: Downloading page 8 from https://t.prcdn.co/img?file=eag12020020900000000001001&page=8&scale=80
2026-07-07 21:10:46,412 [INFO] src.corpus_acquisition.crawler: Downloading -> data/raw/images/peru21/2020/02/09/peru21_2020-02-09_8.jpg
2026-07-07 21:10:49,493 [INFO] src.corpus_acquisition.downloader: Downloading page 9 from https://t.prcdn.co/img?file=eag12020020900000000001001&page=9&scale=80
2026-07-07 21:10:49,494 [INFO] src.corpus_acquisition.crawler: Downloading -> data/raw/images/peru21/2020/02/09/peru21_2020-02-09_9.jpg
2026-07-07 21:10:52,343 [INFO] src.corpus_acquisition.downloader: Downloading page 10 from https://t.prcdn.co/img?file=eag12020020900000000001001&page=10&scale=80
2026-07-07 21:10:52,343 [INFO] src.corpus_acquisition.crawler: Downloading -> data/raw/images/peru21/2020/02/09/peru21_2020-02-09_10.jpg
2026-07-07 21:10:56,440 [INFO] src.corpus_acquisition.downloader: Downloading page 11 from https://t.prcdn.co/img?file=eag12020020900000000001001&page=11&scale=80
2026-07-07 21:10:56,441 [INFO] src.corpus_acquisition.crawler: Downloading -> data/raw/images/peru21/2020/02/09/peru21_2020-02-09_11.jpg
2026-07-07 21:10:59,425 [INFO] src.corpus_acquisition.downloader: Downloading page 12 from https://t.prcdn.co/img?file=eag12020020900000000001001&page=12&scale=80
2026-07-07 21:10:59,425 [INFO] src.corpus_acquisition.crawler: Downloading -> data/raw/images/peru21/2020/02/09/peru21_2020-02-09_12.jpg
2026-07-07 21:11:02,992 [INFO] src.corpus_acquisition.downloader: Downloading page 13 from https://t.prcdn.co/img?file=eag12020020900000000001001&page=13&scale=80
2026-07-07 21:11:02,992 [INFO] src.corpus_acquisition.crawler: Downloading -> data/raw/images/peru21/2020/02/09/peru21_2020-02-09_13.jpg
2026-07-07 21:11:06,804 [INFO] src.corpus_acquisition.downloader: Downloading page 14 from https://t.prcdn.co/img?file=eag12020020900000000001001&page=14&scale=80
2026-07-07 21:11:06,804 [INFO] src.corpus_acquisition.crawler: Downloading -> data/raw/images/peru21/2020/02/09/peru21_2020-02-09_14.jpg
2026-07-07 21:11:09,565 [INFO] src.corpus_acquisition.downloader: Downloading page 15 from https://t.prcdn.co/img?file=eag12020020900000000001001&page=15&scale=80
2026-07-07 21:11:09,566 [INFO] src.corpus_acquisition.crawler: Downloading -> data/raw/images/peru21/2020/02/09/peru21_2020-02-09_15.jpg
2026-07-07 21:11:12,560 [INFO] src.corpus_acquisition.downloader: Downloading page 16 from https://t.prcdn.co/img?file=eag12020020900000000001001&page=16&scale=80
2026-07-07 21:11:12,561 [INFO] src.corpus_acquisition.crawler: Downloading -> data/raw/images/peru21/2020/02/09/peru21_2020-02-09_16.jpg
2026-07-07 21:11:16,276 [INFO] src.corpus_acquisition.downloader: Downloading page 17 from https://t.prcdn.co/img?file=eag12020020900000000001001&page=17&scale=80
2026-07-07 21:11:16,277 [INFO] src.corpus_acquisition.crawler: Downloading -> data/raw/images/peru21/2020/02/09/peru21_2020-02-09_17.jpg
2026-07-07 21:11:18,756 [INFO] src.corpus_acquisition.downloader: Downloading page 18 from https://t.prcdn.co/img?file=eag12020020900000000001001&page=18&scale=80
2026-07-07 21:11:18,757 [INFO] src.corpus_acquisition.crawler: Downloading -> data/raw/images/peru21/2020/02/09/peru21_2020-02-09_18.jpg
2026-07-07 21:11:22,636 [INFO] src.corpus_acquisition.downloader: Downloading page 19 from https://t.prcdn.co/img?file=eag12020020900000000001001&page=19&scale=80
2026-07-07 21:11:22,636 [INFO] src.corpus_acquisition.crawler: Downloading -> data/raw/images/peru21/2020/02/09/peru21_2020-02-09_19.jpg
2026-07-07 21:11:26,468 [INFO] src.corpus_acquisition.downloader: Downloading page 20 from https://t.prcdn.co/img?file=eag12020020900000000001001&page=20&scale=80
2026-07-07 21:11:26,469 [INFO] src.corpus_acquisition.crawler: Downloading -> data/raw/images/peru21/2020/02/09/peru21_2020-02-09_20.jpg
2026-07-07 21:11:30,260 [INFO] src.corpus_acquisition.downloader: Downloading page 21 from https://t.prcdn.co/img?file=eag12020020900000000001001&page=21&scale=80
2026-07-07 21:11:30,261 [INFO] src.corpus_acquisition.crawler: Downloading -> data/raw/images/peru21/2020/02/09/peru21_2020-02-09_21.jpg
2026-07-07 21:11:32,883 [INFO] src.corpus_acquisition.downloader: Downloading page 22 from https://t.prcdn.co/img?file=eag12020020900000000001001&page=22&scale=80
2026-07-07 21:11:32,883 [INFO] src.corpus_acquisition.crawler: Downloading -> data/raw/images/peru21/2020/02/09/peru21_2020-02-09_22.jpg
2026-07-07 21:11:36,889 [INFO] src.corpus_acquisition.downloader: Downloading page 23 from https://t.prcdn.co/img?file=eag12020020900000000001001&page=23&scale=80
2026-07-07 21:11:36,889 [INFO] src.corpus_acquisition.crawler: Downloading -> data/raw/images/peru21/2020/02/09/peru21_2020-02-09_23.jpg
2026-07-07 21:11:40,302 [INFO] src.corpus_acquisition.downloader: Downloading page 24 from https://t.prcdn.co/img?file=eag12020020900000000001001&page=24&scale=80
2026-07-07 21:11:40,303 [INFO] src.corpus_acquisition.crawler: Downloading -> data/raw/images/peru21/2020/02/09/peru21_2020-02-09_24.jpg
2026-07-07 21:11:43,413 [INFO] src.corpus_acquisition.downloader: Downloading page 25 from https://t.prcdn.co/img?file=eag12020020900000000001001&page=25&scale=80
2026-07-07 21:11:43,414 [INFO] src.corpus_acquisition.crawler: Downloading -> data/raw/images/peru21/2020/02/09/peru21_2020-02-09_25.jpg
2026-07-07 21:11:46,767 [INFO] src.corpus_acquisition.downloader: Downloading page 26 from https://t.prcdn.co/img?file=eag12020020900000000001001&page=26&scale=80
2026-07-07 21:11:46,768 [INFO] src.corpus_acquisition.crawler: Downloading -> data/raw/images/peru21/2020/02/09/peru21_2020-02-09_26.jpg
2026-07-07 21:11:50,162 [INFO] src.corpus_acquisition.downloader: Downloading page 27 from https://t.prcdn.co/img?file=eag12020020900000000001001&page=27&scale=80
2026-07-07 21:11:50,163 [INFO] src.corpus_acquisition.crawler: Downloading -> data/raw/images/peru21/2020/02/09/peru21_2020-02-09_27.jpg
2026-07-07 21:11:53,400 [INFO] src.corpus_acquisition.downloader: Downloading page 28 from https://t.prcdn.co/img?file=eag12020020900000000001001&page=28&scale=80
2026-07-07 21:11:53,400 [INFO] src.corpus_acquisition.crawler: Downloading -> data/raw/images/peru21/2020/02/09/peru21_2020-02-09_28.jpg
2026-07-07 21:11:57,074 [INFO] src.corpus_acquisition.downloader: Downloading page 29 from https://t.prcdn.co/img?file=eag12020020900000000001001&page=29&scale=80
2026-07-07 21:11:57,074 [INFO] src.corpus_acquisition.crawler: Downloading -> data/raw/images/peru21/2020/02/09/peru21_2020-02-09_29.jpg
2026-07-07 21:11:57,331 [WARNING] src.corpus_acquisition.downloader: Page 29 not found (1/3).
2026-07-07 21:11:57,332 [INFO] src.corpus_acquisition.downloader: Downloading page 30 from https://t.prcdn.co/img?file=eag12020020900000000001001&page=30&scale=80
2026-07-07 21:11:57,333 [INFO] src.corpus_acquisition.crawler: Downloading -> data/raw/images/peru21/2020/02/09/peru21_2020-02-09_30.jpg
2026-07-07 21:11:57,583 [WARNING] src.corpus_acquisition.downloader: Page 30 not found (2/3).
2026-07-07 21:11:57,583 [INFO] src.corpus_acquisition.downloader: Downloading page 31 from https://t.prcdn.co/img?file=eag12020020900000000001001&page=31&scale=80
2026-07-07 21:11:57,583 [INFO] src.corpus_acquisition.crawler: Downloading -> data/raw/images/peru21/2020/02/09/peru21_2020-02-09_31.jpg
2026-07-07 21:11:57,790 [WARNING] src.corpus_acquisition.downloader: Page 31 not found (3/3).
2026-07-07 21:11:57,791 [WARNING] src.corpus_acquisition.downloader: No new pages found after 3 attempts; stopping with 28 page(s).
2026-07-07 21:11:57,925 [INFO] src.corpus_acquisition.metadata_extractor: Saved metadata for 28 page(s) -> data/raw/metadata/raw_metadata.parquet (total rows: 95273)
2026-07-07 21:11:57,928 [INFO] src.corpus_acquisition.metadata_extractor: Saved crawl log -> data/raw/crawl_logs/peru21_2020-02-09.json (status=success)
2026-07-07 21:12:00,939 [INFO] src.corpus_acquisition.downloader: Downloading page 1 from https://t.prcdn.co/img?file=eag12020021000000000001001&page=1&scale=80
2026-07-07 21:12:00,940 [INFO] src.corpus_acquisition.crawler: Downloading -> data/raw/images/peru21/2020/02/10/peru21_2020-02-10_1.jpg
2026-07-07 21:12:03,875 [INFO] src.corpus_acquisition.downloader: Downloading page 2 from https://t.prcdn.co/img?file=eag12020021000000000001001&page=2&scale=80
2026-07-07 21:12:03,875 [INFO] src.corpus_acquisition.crawler: Downloading -> data/raw/images/peru21/2020/02/10/peru21_2020-02-10_2.jpg
2026-07-07 21:12:07,405 [INFO] src.corpus_acquisition.downloader: Downloading page 3 from https://t.prcdn.co/img?file=eag12020021000000000001001&page=3&scale=80
2026-07-07 21:12:07,405 [INFO] src.corpus_acquisition.crawler: Downloading -> data/raw/images/peru21/2020/02/10/peru21_2020-02-10_3.jpg
2026-07-07 21:12:10,346 [INFO] src.corpus_acquisition.downloader: Downloading page 4 from https://t.prcdn.co/img?file=eag12020021000000000001001&page=4&scale=80
2026-07-07 21:12:10,346 [INFO] src.corpus_acquisition.crawler: Downloading -> data/raw/images/peru21/2020/02/10/peru21_2020-02-10_4.jpg
2026-07-07 21:12:13,047 [INFO] src.corpus_acquisition.downloader: Downloading page 5 from https://t.prcdn.co/img?file=eag12020021000000000001001&page=5&scale=80
2026-07-07 21:12:13,047 [INFO] src.corpus_acquisition.crawler: Downloading -> data/raw/images/peru21/2020/02/10/peru21_2020-02-10_5.jpg
2026-07-07 21:12:16,520 [INFO] src.corpus_acquisition.downloader: Downloading page 6 from https://t.prcdn.co/img?file=eag12020021000000000001001&page=6&scale=80
2026-07-07 21:12:16,521 [INFO] src.corpus_acquisition.crawler: Downloading -> data/raw/images/peru21/2020/02/10/peru21_2020-02-10_6.jpg
2026-07-07 21:12:20,024 [INFO] src.corpus_acquisition.downloader: Downloading page 7 from https://t.prcdn.co/img?file=eag12020021000000000001001&page=7&scale=80
2026-07-07 21:12:20,024 [INFO] src.corpus_acquisition.crawler: Downloading -> data/raw/images/peru21/2020/02/10/peru21_2020-02-10_7.jpg
2026-07-07 21:12:23,824 [INFO] src.corpus_acquisition.downloader: Downloading page 8 from https://t.prcdn.co/img?file=eag12020021000000000001001&page=8&scale=80
2026-07-07 21:12:23,824 [INFO] src.corpus_acquisition.crawler: Downloading -> data/raw/images/peru21/2020/02/10/peru21_2020-02-10_8.jpg
2026-07-07 21:12:27,130 [INFO] src.corpus_acquisition.downloader: Downloading page 9 from https://t.prcdn.co/img?file=eag12020021000000000001001&page=9&scale=80
2026-07-07 21:12:27,131 [INFO] src.corpus_acquisition.crawler: Downloading -> data/raw/images/peru21/2020/02/10/peru21_2020-02-10_9.jpg
2026-07-07 21:12:30,181 [INFO] src.corpus_acquisition.downloader: Downloading page 10 from https://t.prcdn.co/img?file=eag12020021000000000001001&page=10&scale=80
2026-07-07 21:12:30,181 [INFO] src.corpus_acquisition.crawler: Downloading -> data/raw/images/peru21/2020/02/10/peru21_2020-02-10_10.jpg
2026-07-07 21:12:33,595 [INFO] src.corpus_acquisition.downloader: Downloading page 11 from https://t.prcdn.co/img?file=eag12020021000000000001001&page=11&scale=80
2026-07-07 21:12:33,595 [INFO] src.corpus_acquisition.crawler: Downloading -> data/raw/images/peru21/2020/02/10/peru21_2020-02-10_11.jpg
2026-07-07 21:12:36,885 [INFO] src.corpus_acquisition.downloader: Downloading page 12 from https://t.prcdn.co/img?file=eag12020021000000000001001&page=12&scale=80
2026-07-07 21:12:36,886 [INFO] src.corpus_acquisition.crawler: Downloading -> data/raw/images/peru21/2020/02/10/peru21_2020-02-10_12.jpg
2026-07-07 21:12:40,062 [INFO] src.corpus_acquisition.downloader: Downloading page 13 from https://t.prcdn.co/img?file=eag12020021000000000001001&page=13&scale=80
2026-07-07 21:12:40,062 [INFO] src.corpus_acquisition.crawler: Downloading -> data/raw/images/peru21/2020/02/10/peru21_2020-02-10_13.jpg
2026-07-07 21:12:43,986 [INFO] src.corpus_acquisition.downloader: Downloading page 14 from https://t.prcdn.co/img?file=eag12020021000000000001001&page=14&scale=80
2026-07-07 21:12:43,986 [INFO] src.corpus_acquisition.crawler: Downloading -> data/raw/images/peru21/2020/02/10/peru21_2020-02-10_14.jpg
2026-07-07 21:12:48,722 [INFO] src.corpus_acquisition.downloader: Downloading page 15 from https://t.prcdn.co/img?file=eag12020021000000000001001&page=15&scale=80
2026-07-07 21:12:48,722 [INFO] src.corpus_acquisition.crawler: Downloading -> data/raw/images/peru21/2020/02/10/peru21_2020-02-10_15.jpg
2026-07-07 21:12:52,148 [INFO] src.corpus_acquisition.downloader: Downloading page 16 from https://t.prcdn.co/img?file=eag12020021000000000001001&page=16&scale=80
2026-07-07 21:12:52,149 [INFO] src.corpus_acquisition.crawler: Downloading -> data/raw/images/peru21/2020/02/10/peru21_2020-02-10_16.jpg
2026-07-07 21:12:55,175 [INFO] src.corpus_acquisition.downloader: Downloading page 17 from https://t.prcdn.co/img?file=eag12020021000000000001001&page=17&scale=80
2026-07-07 21:12:55,176 [INFO] src.corpus_acquisition.crawler: Downloading -> data/raw/images/peru21/2020/02/10/peru21_2020-02-10_17.jpg
2026-07-07 21:12:58,741 [INFO] src.corpus_acquisition.downloader: Downloading page 18 from https://t.prcdn.co/img?file=eag12020021000000000001001&page=18&scale=80
2026-07-07 21:12:58,741 [INFO] src.corpus_acquisition.crawler: Downloading -> data/raw/images/peru21/2020/02/10/peru21_2020-02-10_18.jpg
2026-07-07 21:13:01,711 [INFO] src.corpus_acquisition.downloader: Downloading page 19 from https://t.prcdn.co/img?file=eag12020021000000000001001&page=19&scale=80
2026-07-07 21:13:01,712 [INFO] src.corpus_acquisition.crawler: Downloading -> data/raw/images/peru21/2020/02/10/peru21_2020-02-10_19.jpg
2026-07-07 21:13:05,150 [INFO] src.corpus_acquisition.downloader: Downloading page 20 from https://t.prcdn.co/img?file=eag12020021000000000001001&page=20&scale=80
2026-07-07 21:13:05,150 [INFO] src.corpus_acquisition.crawler: Downloading -> data/raw/images/peru21/2020/02/10/peru21_2020-02-10_20.jpg
2026-07-07 21:13:08,153 [INFO] src.corpus_acquisition.downloader: Downloading page 21 from https://t.prcdn.co/img?file=eag12020021000000000001001&page=21&scale=80
2026-07-07 21:13:08,154 [INFO] src.corpus_acquisition.crawler: Downloading -> data/raw/images/peru21/2020/02/10/peru21_2020-02-10_21.jpg
2026-07-07 21:13:11,354 [INFO] src.corpus_acquisition.downloader: Downloading page 22 from https://t.prcdn.co/img?file=eag12020021000000000001001&page=22&scale=80
2026-07-07 21:13:11,354 [INFO] src.corpus_acquisition.crawler: Downloading -> data/raw/images/peru21/2020/02/10/peru21_2020-02-10_22.jpg
2026-07-07 21:13:14,016 [INFO] src.corpus_acquisition.downloader: Downloading page 23 from https://t.prcdn.co/img?file=eag12020021000000000001001&page=23&scale=80
2026-07-07 21:13:14,016 [INFO] src.corpus_acquisition.crawler: Downloading -> data/raw/images/peru21/2020/02/10/peru21_2020-02-10_23.jpg
2026-07-07 21:13:16,629 [INFO] src.corpus_acquisition.downloader: Downloading page 24 from https://t.prcdn.co/img?file=eag12020021000000000001001&page=24&scale=80
2026-07-07 21:13:16,629 [INFO] src.corpus_acquisition.crawler: Downloading -> data/raw/images/peru21/2020/02/10/peru21_2020-02-10_24.jpg
2026-07-07 21:13:19,683 [INFO] src.corpus_acquisition.downloader: Downloading page 25 from https://t.prcdn.co/img?file=eag12020021000000000001001&page=25&scale=80
2026-07-07 21:13:19,684 [INFO] src.corpus_acquisition.crawler: Downloading -> data/raw/images/peru21/2020/02/10/peru21_2020-02-10_25.jpg
2026-07-07 21:13:19,910 [WARNING] src.corpus_acquisition.downloader: Page 25 not found (1/3).
2026-07-07 21:13:19,910 [INFO] src.corpus_acquisition.downloader: Downloading page 26 from https://t.prcdn.co/img?file=eag12020021000000000001001&page=26&scale=80
2026-07-07 21:13:19,911 [INFO] src.corpus_acquisition.crawler: Downloading -> data/raw/images/peru21/2020/02/10/peru21_2020-02-10_26.jpg
2026-07-07 21:13:20,151 [WARNING] src.corpus_acquisition.downloader: Page 26 not found (2/3).
2026-07-07 21:13:20,151 [INFO] src.corpus_acquisition.downloader: Downloading page 27 from https://t.prcdn.co/img?file=eag12020021000000000001001&page=27&scale=80
2026-07-07 21:13:20,151 [INFO] src.corpus_acquisition.crawler: Downloading -> data/raw/images/peru21/2020/02/10/peru21_2020-02-10_27.jpg
2026-07-07 21:13:20,388 [WARNING] src.corpus_acquisition.downloader: Page 27 not found (3/3).
2026-07-07 21:13:20,388 [WARNING] src.corpus_acquisition.downloader: No new pages found after 3 attempts; stopping with 24 page(s).
2026-07-07 21:13:20,517 [INFO] src.corpus_acquisition.metadata_extractor: Saved metadata for 24 page(s) -> data/raw/metadata/raw_metadata.parquet (total rows: 95493)
2026-07-07 21:13:20,519 [INFO] src.corpus_acquisition.metadata_extractor: Saved crawl log -> data/raw/crawl_logs/peru21_2020-02-10.json (status=success)
2026-07-07 21:13:22,631 [INFO] src.corpus_acquisition.downloader: Downloading page 1 from https://t.prcdn.co/img?file=eag12020021100000000001001&page=1&scale=80
2026-07-07 21:13:22,632 [INFO] src.corpus_acquisition.crawler: Downloading -> data/raw/images/peru21/2020/02/11/peru21_2020-02-11_1.jpg
2026-07-07 21:13:22,944 [WARNING] src.corpus_acquisition.downloader: Page 1 not found (1/3).
2026-07-07 21:13:22,945 [INFO] src.corpus_acquisition.downloader: Downloading page 2 from https://t.prcdn.co/img?file=eag12020021100000000001001&page=2&scale=80
2026-07-07 21:13:22,945 [INFO] src.corpus_acquisition.crawler: Downloading -> data/raw/images/peru21/2020/02/11/peru21_2020-02-11_2.jpg
2026-07-07 21:13:23,163 [WARNING] src.corpus_acquisition.downloader: Page 2 not found (2/3).
2026-07-07 21:13:23,164 [INFO] src.corpus_acquisition.downloader: Downloading page 3 from https://t.prcdn.co/img?file=eag12020021100000000001001&page=3&scale=80
2026-07-07 21:13:23,164 [INFO] src.corpus_acquisition.crawler: Downloading -> data/raw/images/peru21/2020/02/11/peru21_2020-02-11_3.jpg
2026-07-07 21:13:23,469 [WARNING] src.corpus_acquisition.downloader: Page 3 not found (3/3).
2026-07-07 21:13:23,469 [WARNING] src.corpus_acquisition.downloader: No new pages found after 3 attempts; stopping with 0 page(s).
2026-07-07 21:13:23,471 [INFO] src.corpus_acquisition.metadata_extractor: Saved crawl log -> data/raw/crawl_logs/peru21_2020-02-11.json (status=failed)
2026-07-07 21:13:25,806 [INFO] src.corpus_acquisition.downloader: Downloading page 1 from https://t.prcdn.co/img?file=eag12020021200000000001001&page=1&scale=80
2026-07-07 21:13:25,806 [INFO] src.corpus_acquisition.crawler: Downloading -> data/raw/images/peru21/2020/02/12/peru21_2020-02-12_1.jpg
2026-07-07 21:13:28,197 [INFO] src.corpus_acquisition.downloader: Downloading page 2 from https://t.prcdn.co/img?file=eag12020021200000000001001&page=2&scale=80
2026-07-07 21:13:28,197 [INFO] src.corpus_acquisition.crawler: Downloading -> data/raw/images/peru21/2020/02/12/peru21_2020-02-12_2.jpg
2026-07-07 21:13:32,206 [INFO] src.corpus_acquisition.downloader: Downloading page 3 from https://t.prcdn.co/img?file=eag12020021200000000001001&page=3&scale=80
2026-07-07 21:13:32,207 [INFO] src.corpus_acquisition.crawler: Downloading -> data/raw/images/peru21/2020/02/12/peru21_2020-02-12_3.jpg
2026-07-07 21:13:35,783 [INFO] src.corpus_acquisition.downloader: Downloading page 4 from https://t.prcdn.co/img?file=eag12020021200000000001001&page=4&scale=80
2026-07-07 21:13:35,783 [INFO] src.corpus_acquisition.crawler: Downloading -> data/raw/images/peru21/2020/02/12/peru21_2020-02-12_4.jpg
2026-07-07 21:13:38,853 [INFO] src.corpus_acquisition.downloader: Downloading page 5 from https://t.prcdn.co/img?file=eag12020021200000000001001&page=5&scale=80
2026-07-07 21:13:38,853 [INFO] src.corpus_acquisition.crawler: Downloading -> data/raw/images/peru21/2020/02/12/peru21_2020-02-12_5.jpg
2026-07-07 21:13:41,956 [INFO] src.corpus_acquisition.downloader: Downloading page 6 from https://t.prcdn.co/img?file=eag12020021200000000001001&page=6&scale=80
2026-07-07 21:13:41,957 [INFO] src.corpus_acquisition.crawler: Downloading -> data/raw/images/peru21/2020/02/12/peru21_2020-02-12_6.jpg
2026-07-07 21:13:45,310 [INFO] src.corpus_acquisition.downloader: Downloading page 7 from https://t.prcdn.co/img?file=eag12020021200000000001001&page=7&scale=80
2026-07-07 21:13:45,310 [INFO] src.corpus_acquisition.crawler: Downloading -> data/raw/images/peru21/2020/02/12/peru21_2020-02-12_7.jpg
2026-07-07 21:13:48,058 [INFO] src.corpus_acquisition.downloader: Downloading page 8 from https://t.prcdn.co/img?file=eag12020021200000000001001&page=8&scale=80
2026-07-07 21:13:48,058 [INFO] src.corpus_acquisition.crawler: Downloading -> data/raw/images/peru21/2020/02/12/peru21_2020-02-12_8.jpg
2026-07-07 21:13:50,873 [INFO] src.corpus_acquisition.downloader: Downloading page 9 from https://t.prcdn.co/img?file=eag12020021200000000001001&page=9&scale=80
2026-07-07 21:13:50,874 [INFO] src.corpus_acquisition.crawler: Downloading -> data/raw/images/peru21/2020/02/12/peru21_2020-02-12_9.jpg
2026-07-07 21:13:55,008 [INFO] src.corpus_acquisition.downloader: Downloading page 10 from https://t.prcdn.co/img?file=eag12020021200000000001001&page=10&scale=80
2026-07-07 21:13:55,008 [INFO] src.corpus_acquisition.crawler: Downloading -> data/raw/images/peru21/2020/02/12/peru21_2020-02-12_10.jpg
2026-07-07 21:13:58,387 [INFO] src.corpus_acquisition.downloader: Downloading page 11 from https://t.prcdn.co/img?file=eag12020021200000000001001&page=11&scale=80
2026-07-07 21:13:58,387 [INFO] src.corpus_acquisition.crawler: Downloading -> data/raw/images/peru21/2020/02/12/peru21_2020-02-12_11.jpg
2026-07-07 21:14:01,993 [INFO] src.corpus_acquisition.downloader: Downloading page 12 from https://t.prcdn.co/img?file=eag12020021200000000001001&page=12&scale=80
2026-07-07 21:14:01,993 [INFO] src.corpus_acquisition.crawler: Downloading -> data/raw/images/peru21/2020/02/12/peru21_2020-02-12_12.jpg
2026-07-07 21:14:04,995 [INFO] src.corpus_acquisition.downloader: Downloading page 13 from https://t.prcdn.co/img?file=eag12020021200000000001001&page=13&scale=80
2026-07-07 21:14:04,996 [INFO] src.corpus_acquisition.crawler: Downloading -> data/raw/images/peru21/2020/02/12/peru21_2020-02-12_13.jpg
2026-07-07 21:14:08,502 [INFO] src.corpus_acquisition.downloader: Downloading page 14 from https://t.prcdn.co/img?file=eag12020021200000000001001&page=14&scale=80
2026-07-07 21:14:08,503 [INFO] src.corpus_acquisition.crawler: Downloading -> data/raw/images/peru21/2020/02/12/peru21_2020-02-12_14.jpg
2026-07-07 21:14:12,065 [INFO] src.corpus_acquisition.downloader: Downloading page 15 from https://t.prcdn.co/img?file=eag12020021200000000001001&page=15&scale=80
2026-07-07 21:14:12,065 [INFO] src.corpus_acquisition.crawler: Downloading -> data/raw/images/peru21/2020/02/12/peru21_2020-02-12_15.jpg
2026-07-07 21:14:14,956 [INFO] src.corpus_acquisition.downloader: Downloading page 16 from https://t.prcdn.co/img?file=eag12020021200000000001001&page=16&scale=80
2026-07-07 21:14:14,957 [INFO] src.corpus_acquisition.crawler: Downloading -> data/raw/images/peru21/2020/02/12/peru21_2020-02-12_16.jpg
2026-07-07 21:14:18,035 [INFO] src.corpus_acquisition.downloader: Downloading page 17 from https://t.prcdn.co/img?file=eag12020021200000000001001&page=17&scale=80
2026-07-07 21:14:18,035 [INFO] src.corpus_acquisition.crawler: Downloading -> data/raw/images/peru21/2020/02/12/peru21_2020-02-12_17.jpg
2026-07-07 21:14:21,815 [INFO] src.corpus_acquisition.downloader: Downloading page 18 from https://t.prcdn.co/img?file=eag12020021200000000001001&page=18&scale=80
2026-07-07 21:14:21,815 [INFO] src.corpus_acquisition.crawler: Downloading -> data/raw/images/peru21/2020/02/12/peru21_2020-02-12_18.jpg
2026-07-07 21:14:24,715 [INFO] src.corpus_acquisition.downloader: Downloading page 19 from https://t.prcdn.co/img?file=eag12020021200000000001001&page=19&scale=80
2026-07-07 21:14:24,715 [INFO] src.corpus_acquisition.crawler: Downloading -> data/raw/images/peru21/2020/02/12/peru21_2020-02-12_19.jpg
2026-07-07 21:14:28,619 [INFO] src.corpus_acquisition.downloader: Downloading page 20 from https://t.prcdn.co/img?file=eag12020021200000000001001&page=20&scale=80
2026-07-07 21:14:28,620 [INFO] src.corpus_acquisition.crawler: Downloading -> data/raw/images/peru21/2020/02/12/peru21_2020-02-12_20.jpg
2026-07-07 21:14:32,735 [INFO] src.corpus_acquisition.downloader: Downloading page 21 from https://t.prcdn.co/img?file=eag12020021200000000001001&page=21&scale=80
2026-07-07 21:14:32,736 [INFO] src.corpus_acquisition.crawler: Downloading -> data/raw/images/peru21/2020/02/12/peru21_2020-02-12_21.jpg
2026-07-07 21:14:36,570 [INFO] src.corpus_acquisition.downloader: Downloading page 22 from https://t.prcdn.co/img?file=eag12020021200000000001001&page=22&scale=80
2026-07-07 21:14:36,570 [INFO] src.corpus_acquisition.crawler: Downloading -> data/raw/images/peru21/2020/02/12/peru21_2020-02-12_22.jpg
2026-07-07 21:14:40,234 [INFO] src.corpus_acquisition.downloader: Downloading page 23 from https://t.prcdn.co/img?file=eag12020021200000000001001&page=23&scale=80
2026-07-07 21:14:40,234 [INFO] src.corpus_acquisition.crawler: Downloading -> data/raw/images/peru21/2020/02/12/peru21_2020-02-12_23.jpg
2026-07-07 21:14:43,409 [INFO] src.corpus_acquisition.downloader: Downloading page 24 from https://t.prcdn.co/img?file=eag12020021200000000001001&page=24&scale=80
2026-07-07 21:14:43,410 [INFO] src.corpus_acquisition.crawler: Downloading -> data/raw/images/peru21/2020/02/12/peru21_2020-02-12_24.jpg
2026-07-07 21:14:46,117 [INFO] src.corpus_acquisition.downloader: Downloading page 25 from https://t.prcdn.co/img?file=eag12020021200000000001001&page=25&scale=80
2026-07-07 21:14:46,117 [INFO] src.corpus_acquisition.crawler: Downloading -> data/raw/images/peru21/2020/02/12/peru21_2020-02-12_25.jpg
2026-07-07 21:14:46,346 [WARNING] src.corpus_acquisition.downloader: Page 25 not found (1/3).
2026-07-07 21:14:46,347 [INFO] src.corpus_acquisition.downloader: Downloading page 26 from https://t.prcdn.co/img?file=eag12020021200000000001001&page=26&scale=80
2026-07-07 21:14:46,347 [INFO] src.corpus_acquisition.crawler: Downloading -> data/raw/images/peru21/2020/02/12/peru21_2020-02-12_26.jpg
2026-07-07 21:14:46,690 [WARNING] src.corpus_acquisition.downloader: Page 26 not found (2/3).
2026-07-07 21:14:46,690 [INFO] src.corpus_acquisition.downloader: Downloading page 27 from https://t.prcdn.co/img?file=eag12020021200000000001001&page=27&scale=80
2026-07-07 21:14:46,690 [INFO] src.corpus_acquisition.crawler: Downloading -> data/raw/images/peru21/2020/02/12/peru21_2020-02-12_27.jpg
2026-07-07 21:14:46,920 [WARNING] src.corpus_acquisition.downloader: Page 27 not found (3/3).
2026-07-07 21:14:46,920 [WARNING] src.corpus_acquisition.downloader: No new pages found after 3 attempts; stopping with 24 page(s).
2026-07-07 21:14:47,050 [INFO] src.corpus_acquisition.metadata_extractor: Saved metadata for 24 page(s) -> data/raw/metadata/raw_metadata.parquet (total rows: 95597)
2026-07-07 21:14:47,053 [INFO] src.corpus_acquisition.metadata_extractor: Saved crawl log -> data/raw/crawl_logs/peru21_2020-02-12.json (status=success)
2026-07-07 21:14:49,199 [INFO] src.corpus_acquisition.downloader: Downloading page 1 from https://t.prcdn.co/img?file=eag12020021300000000001001&page=1&scale=80
2026-07-07 21:14:49,200 [INFO] src.corpus_acquisition.crawler: Downloading -> data/raw/images/peru21/2020/02/13/peru21_2020-02-13_1.jpg
2026-07-07 21:14:52,260 [INFO] src.corpus_acquisition.downloader: Downloading page 2 from https://t.prcdn.co/img?file=eag12020021300000000001001&page=2&scale=80
2026-07-07 21:14:52,260 [INFO] src.corpus_acquisition.crawler: Downloading -> data/raw/images/peru21/2020/02/13/peru21_2020-02-13_2.jpg
2026-07-07 21:14:56,221 [INFO] src.corpus_acquisition.downloader: Downloading page 3 from https://t.prcdn.co/img?file=eag12020021300000000001001&page=3&scale=80
2026-07-07 21:14:56,221 [INFO] src.corpus_acquisition.crawler: Downloading -> data/raw/images/peru21/2020/02/13/peru21_2020-02-13_3.jpg
2026-07-07 21:14:59,669 [INFO] src.corpus_acquisition.downloader: Downloading page 4 from https://t.prcdn.co/img?file=eag12020021300000000001001&page=4&scale=80
2026-07-07 21:14:59,669 [INFO] src.corpus_acquisition.crawler: Downloading -> data/raw/images/peru21/2020/02/13/peru21_2020-02-13_4.jpg
2026-07-07 21:15:03,246 [INFO] src.corpus_acquisition.downloader: Downloading page 5 from https://t.prcdn.co/img?file=eag12020021300000000001001&page=5&scale=80
2026-07-07 21:15:03,246 [INFO] src.corpus_acquisition.crawler: Downloading -> data/raw/images/peru21/2020/02/13/peru21_2020-02-13_5.jpg
2026-07-07 21:15:06,306 [INFO] src.corpus_acquisition.downloader: Downloading page 6 from https://t.prcdn.co/img?file=eag12020021300000000001001&page=6&scale=80
2026-07-07 21:15:06,307 [INFO] src.corpus_acquisition.crawler: Downloading -> data/raw/images/peru21/2020/02/13/peru21_2020-02-13_6.jpg
2026-07-07 21:15:09,753 [INFO] src.corpus_acquisition.downloader: Downloading page 7 from https://t.prcdn.co/img?file=eag12020021300000000001001&page=7&scale=80
2026-07-07 21:15:09,754 [INFO] src.corpus_acquisition.crawler: Downloading -> data/raw/images/peru21/2020/02/13/peru21_2020-02-13_7.jpg
2026-07-07 21:15:12,427 [INFO] src.corpus_acquisition.downloader: Downloading page 8 from https://t.prcdn.co/img?file=eag12020021300000000001001&page=8&scale=80
2026-07-07 21:15:12,427 [INFO] src.corpus_acquisition.crawler: Downloading -> data/raw/images/peru21/2020/02/13/peru21_2020-02-13_8.jpg
2026-07-07 21:15:16,151 [INFO] src.corpus_acquisition.downloader: Downloading page 9 from https://t.prcdn.co/img?file=eag12020021300000000001001&page=9&scale=80
2026-07-07 21:15:16,151 [INFO] src.corpus_acquisition.crawler: Downloading -> data/raw/images/peru21/2020/02/13/peru21_2020-02-13_9.jpg
2026-07-07 21:15:19,411 [INFO] src.corpus_acquisition.downloader: Downloading page 10 from https://t.prcdn.co/img?file=eag12020021300000000001001&page=10&scale=80
2026-07-07 21:15:19,412 [INFO] src.corpus_acquisition.crawler: Downloading -> data/raw/images/peru21/2020/02/13/peru21_2020-02-13_10.jpg
2026-07-07 21:15:22,879 [INFO] src.corpus_acquisition.downloader: Downloading page 11 from https://t.prcdn.co/img?file=eag12020021300000000001001&page=11&scale=80
2026-07-07 21:15:22,879 [INFO] src.corpus_acquisition.crawler: Downloading -> data/raw/images/peru21/2020/02/13/peru21_2020-02-13_11.jpg
2026-07-07 21:15:26,187 [INFO] src.corpus_acquisition.downloader: Downloading page 12 from https://t.prcdn.co/img?file=eag12020021300000000001001&page=12&scale=80
2026-07-07 21:15:26,187 [INFO] src.corpus_acquisition.crawler: Downloading -> data/raw/images/peru21/2020/02/13/peru21_2020-02-13_12.jpg
2026-07-07 21:15:29,415 [INFO] src.corpus_acquisition.downloader: Downloading page 13 from https://t.prcdn.co/img?file=eag12020021300000000001001&page=13&scale=80
2026-07-07 21:15:29,415 [INFO] src.corpus_acquisition.crawler: Downloading -> data/raw/images/peru21/2020/02/13/peru21_2020-02-13_13.jpg
2026-07-07 21:15:32,748 [INFO] src.corpus_acquisition.downloader: Downloading page 14 from https://t.prcdn.co/img?file=eag12020021300000000001001&page=14&scale=80
2026-07-07 21:15:32,748 [INFO] src.corpus_acquisition.crawler: Downloading -> data/raw/images/peru21/2020/02/13/peru21_2020-02-13_14.jpg
2026-07-07 21:15:35,858 [INFO] src.corpus_acquisition.downloader: Downloading page 15 from https://t.prcdn.co/img?file=eag12020021300000000001001&page=15&scale=80
2026-07-07 21:15:35,858 [INFO] src.corpus_acquisition.crawler: Downloading -> data/raw/images/peru21/2020/02/13/peru21_2020-02-13_15.jpg
2026-07-07 21:15:38,815 [INFO] src.corpus_acquisition.downloader: Downloading page 16 from https://t.prcdn.co/img?file=eag12020021300000000001001&page=16&scale=80
2026-07-07 21:15:38,816 [INFO] src.corpus_acquisition.crawler: Downloading -> data/raw/images/peru21/2020/02/13/peru21_2020-02-13_16.jpg
2026-07-07 21:15:41,997 [INFO] src.corpus_acquisition.downloader: Downloading page 17 from https://t.prcdn.co/img?file=eag12020021300000000001001&page=17&scale=80
2026-07-07 21:15:41,997 [INFO] src.corpus_acquisition.crawler: Downloading -> data/raw/images/peru21/2020/02/13/peru21_2020-02-13_17.jpg
2026-07-07 21:15:44,760 [INFO] src.corpus_acquisition.downloader: Downloading page 18 from https://t.prcdn.co/img?file=eag12020021300000000001001&page=18&scale=80
2026-07-07 21:15:44,760 [INFO] src.corpus_acquisition.crawler: Downloading -> data/raw/images/peru21/2020/02/13/peru21_2020-02-13_18.jpg
2026-07-07 21:15:48,377 [INFO] src.corpus_acquisition.downloader: Downloading page 19 from https://t.prcdn.co/img?file=eag12020021300000000001001&page=19&scale=80
2026-07-07 21:15:48,378 [INFO] src.corpus_acquisition.crawler: Downloading -> data/raw/images/peru21/2020/02/13/peru21_2020-02-13_19.jpg
2026-07-07 21:15:51,909 [INFO] src.corpus_acquisition.downloader: Downloading page 20 from https://t.prcdn.co/img?file=eag12020021300000000001001&page=20&scale=80
2026-07-07 21:15:51,910 [INFO] src.corpus_acquisition.crawler: Downloading -> data/raw/images/peru21/2020/02/13/peru21_2020-02-13_20.jpg
2026-07-07 21:15:55,491 [INFO] src.corpus_acquisition.downloader: Downloading page 21 from https://t.prcdn.co/img?file=eag12020021300000000001001&page=21&scale=80
2026-07-07 21:15:55,492 [INFO] src.corpus_acquisition.crawler: Downloading -> data/raw/images/peru21/2020/02/13/peru21_2020-02-13_21.jpg
2026-07-07 21:15:58,897 [INFO] src.corpus_acquisition.downloader: Downloading page 22 from https://t.prcdn.co/img?file=eag12020021300000000001001&page=22&scale=80
2026-07-07 21:15:58,897 [INFO] src.corpus_acquisition.crawler: Downloading -> data/raw/images/peru21/2020/02/13/peru21_2020-02-13_22.jpg
2026-07-07 21:16:02,270 [INFO] src.corpus_acquisition.downloader: Downloading page 23 from https://t.prcdn.co/img?file=eag12020021300000000001001&page=23&scale=80
2026-07-07 21:16:02,271 [INFO] src.corpus_acquisition.crawler: Downloading -> data/raw/images/peru21/2020/02/13/peru21_2020-02-13_23.jpg
2026-07-07 21:16:04,897 [INFO] src.corpus_acquisition.downloader: Downloading page 24 from https://t.prcdn.co/img?file=eag12020021300000000001001&page=24&scale=80
2026-07-07 21:16:04,897 [INFO] src.corpus_acquisition.crawler: Downloading -> data/raw/images/peru21/2020/02/13/peru21_2020-02-13_24.jpg
2026-07-07 21:16:08,385 [INFO] src.corpus_acquisition.downloader: Downloading page 25 from https://t.prcdn.co/img?file=eag12020021300000000001001&page=25&scale=80
2026-07-07 21:16:08,386 [INFO] src.corpus_acquisition.crawler: Downloading -> data/raw/images/peru21/2020/02/13/peru21_2020-02-13_25.jpg
2026-07-07 21:16:08,606 [WARNING] src.corpus_acquisition.downloader: Page 25 not found (1/3).
2026-07-07 21:16:08,606 [INFO] src.corpus_acquisition.downloader: Downloading page 26 from https://t.prcdn.co/img?file=eag12020021300000000001001&page=26&scale=80
2026-07-07 21:16:08,607 [INFO] src.corpus_acquisition.crawler: Downloading -> data/raw/images/peru21/2020/02/13/peru21_2020-02-13_26.jpg
2026-07-07 21:16:08,846 [WARNING] src.corpus_acquisition.downloader: Page 26 not found (2/3).
2026-07-07 21:16:08,847 [INFO] src.corpus_acquisition.downloader: Downloading page 27 from https://t.prcdn.co/img?file=eag12020021300000000001001&page=27&scale=80
2026-07-07 21:16:08,847 [INFO] src.corpus_acquisition.crawler: Downloading -> data/raw/images/peru21/2020/02/13/peru21_2020-02-13_27.jpg
2026-07-07 21:16:09,056 [WARNING] src.corpus_acquisition.downloader: Page 27 not found (3/3).
2026-07-07 21:16:09,056 [WARNING] src.corpus_acquisition.downloader: No new pages found after 3 attempts; stopping with 24 page(s).
2026-07-07 21:16:09,195 [INFO] src.corpus_acquisition.metadata_extractor: Saved metadata for 24 page(s) -> data/raw/metadata/raw_metadata.parquet (total rows: 95735)
2026-07-07 21:16:09,197 [INFO] src.corpus_acquisition.metadata_extractor: Saved crawl log -> data/raw/crawl_logs/peru21_2020-02-13.json (status=success)
2026-07-07 21:16:11,596 [INFO] src.corpus_acquisition.downloader: Downloading page 1 from https://t.prcdn.co/img?file=eag12020021400000000001001&page=1&scale=80
2026-07-07 21:16:11,597 [INFO] src.corpus_acquisition.crawler: Downloading -> data/raw/images/peru21/2020/02/14/peru21_2020-02-14_1.jpg
2026-07-07 21:16:13,944 [INFO] src.corpus_acquisition.downloader: Downloading page 2 from https://t.prcdn.co/img?file=eag12020021400000000001001&page=2&scale=80
2026-07-07 21:16:13,944 [INFO] src.corpus_acquisition.crawler: Downloading -> data/raw/images/peru21/2020/02/14/peru21_2020-02-14_2.jpg
2026-07-07 21:16:18,860 [INFO] src.corpus_acquisition.downloader: Downloading page 3 from https://t.prcdn.co/img?file=eag12020021400000000001001&page=3&scale=80
2026-07-07 21:16:18,861 [INFO] src.corpus_acquisition.crawler: Downloading -> data/raw/images/peru21/2020/02/14/peru21_2020-02-14_3.jpg
2026-07-07 21:16:22,059 [INFO] src.corpus_acquisition.downloader: Downloading page 4 from https://t.prcdn.co/img?file=eag12020021400000000001001&page=4&scale=80
2026-07-07 21:16:22,060 [INFO] src.corpus_acquisition.crawler: Downloading -> data/raw/images/peru21/2020/02/14/peru21_2020-02-14_4.jpg
2026-07-07 21:16:25,595 [INFO] src.corpus_acquisition.downloader: Downloading page 5 from https://t.prcdn.co/img?file=eag12020021400000000001001&page=5&scale=80
2026-07-07 21:16:25,595 [INFO] src.corpus_acquisition.crawler: Downloading -> data/raw/images/peru21/2020/02/14/peru21_2020-02-14_5.jpg
2026-07-07 21:16:28,959 [INFO] src.corpus_acquisition.downloader: Downloading page 6 from https://t.prcdn.co/img?file=eag12020021400000000001001&page=6&scale=80
2026-07-07 21:16:28,960 [INFO] src.corpus_acquisition.crawler: Downloading -> data/raw/images/peru21/2020/02/14/peru21_2020-02-14_6.jpg
2026-07-07 21:16:32,571 [INFO] src.corpus_acquisition.downloader: Downloading page 7 from https://t.prcdn.co/img?file=eag12020021400000000001001&page=7&scale=80
2026-07-07 21:16:32,571 [INFO] src.corpus_acquisition.crawler: Downloading -> data/raw/images/peru21/2020/02/14/peru21_2020-02-14_7.jpg
2026-07-07 21:16:35,904 [INFO] src.corpus_acquisition.downloader: Downloading page 8 from https://t.prcdn.co/img?file=eag12020021400000000001001&page=8&scale=80
2026-07-07 21:16:35,904 [INFO] src.corpus_acquisition.crawler: Downloading -> data/raw/images/peru21/2020/02/14/peru21_2020-02-14_8.jpg
2026-07-07 21:16:39,265 [INFO] src.corpus_acquisition.downloader: Downloading page 9 from https://t.prcdn.co/img?file=eag12020021400000000001001&page=9&scale=80
2026-07-07 21:16:39,265 [INFO] src.corpus_acquisition.crawler: Downloading -> data/raw/images/peru21/2020/02/14/peru21_2020-02-14_9.jpg
2026-07-07 21:16:42,146 [INFO] src.corpus_acquisition.downloader: Downloading page 10 from https://t.prcdn.co/img?file=eag12020021400000000001001&page=10&scale=80
2026-07-07 21:16:42,146 [INFO] src.corpus_acquisition.crawler: Downloading -> data/raw/images/peru21/2020/02/14/peru21_2020-02-14_10.jpg
2026-07-07 21:16:45,195 [INFO] src.corpus_acquisition.downloader: Downloading page 11 from https://t.prcdn.co/img?file=eag12020021400000000001001&page=11&scale=80
2026-07-07 21:16:45,195 [INFO] src.corpus_acquisition.crawler: Downloading -> data/raw/images/peru21/2020/02/14/peru21_2020-02-14_11.jpg
2026-07-07 21:16:48,580 [INFO] src.corpus_acquisition.downloader: Downloading page 12 from https://t.prcdn.co/img?file=eag12020021400000000001001&page=12&scale=80
2026-07-07 21:16:48,581 [INFO] src.corpus_acquisition.crawler: Downloading -> data/raw/images/peru21/2020/02/14/peru21_2020-02-14_12.jpg
2026-07-07 21:16:52,228 [INFO] src.corpus_acquisition.downloader: Downloading page 13 from https://t.prcdn.co/img?file=eag12020021400000000001001&page=13&scale=80
2026-07-07 21:16:52,228 [INFO] src.corpus_acquisition.crawler: Downloading -> data/raw/images/peru21/2020/02/14/peru21_2020-02-14_13.jpg
2026-07-07 21:16:55,672 [INFO] src.corpus_acquisition.downloader: Downloading page 14 from https://t.prcdn.co/img?file=eag12020021400000000001001&page=14&scale=80
2026-07-07 21:16:55,672 [INFO] src.corpus_acquisition.crawler: Downloading -> data/raw/images/peru21/2020/02/14/peru21_2020-02-14_14.jpg
2026-07-07 21:16:59,541 [INFO] src.corpus_acquisition.downloader: Downloading page 15 from https://t.prcdn.co/img?file=eag12020021400000000001001&page=15&scale=80
2026-07-07 21:16:59,542 [INFO] src.corpus_acquisition.crawler: Downloading -> data/raw/images/peru21/2020/02/14/peru21_2020-02-14_15.jpg
2026-07-07 21:17:02,662 [INFO] src.corpus_acquisition.downloader: Downloading page 16 from https://t.prcdn.co/img?file=eag12020021400000000001001&page=16&scale=80
2026-07-07 21:17:02,663 [INFO] src.corpus_acquisition.crawler: Downloading -> data/raw/images/peru21/2020/02/14/peru21_2020-02-14_16.jpg
2026-07-07 21:17:06,658 [INFO] src.corpus_acquisition.downloader: Downloading page 17 from https://t.prcdn.co/img?file=eag12020021400000000001001&page=17&scale=80
2026-07-07 21:17:06,659 [INFO] src.corpus_acquisition.crawler: Downloading -> data/raw/images/peru21/2020/02/14/peru21_2020-02-14_17.jpg
2026-07-07 21:17:09,763 [INFO] src.corpus_acquisition.downloader: Downloading page 18 from https://t.prcdn.co/img?file=eag12020021400000000001001&page=18&scale=80
2026-07-07 21:17:09,764 [INFO] src.corpus_acquisition.crawler: Downloading -> data/raw/images/peru21/2020/02/14/peru21_2020-02-14_18.jpg
2026-07-07 21:17:15,380 [INFO] src.corpus_acquisition.downloader: Downloading page 19 from https://t.prcdn.co/img?file=eag12020021400000000001001&page=19&scale=80
2026-07-07 21:17:15,380 [INFO] src.corpus_acquisition.crawler: Downloading -> data/raw/images/peru21/2020/02/14/peru21_2020-02-14_19.jpg
2026-07-07 21:17:18,964 [INFO] src.corpus_acquisition.downloader: Downloading page 20 from https://t.prcdn.co/img?file=eag12020021400000000001001&page=20&scale=80
2026-07-07 21:17:18,965 [INFO] src.corpus_acquisition.crawler: Downloading -> data/raw/images/peru21/2020/02/14/peru21_2020-02-14_20.jpg
2026-07-07 21:17:22,132 [INFO] src.corpus_acquisition.downloader: Downloading page 21 from https://t.prcdn.co/img?file=eag12020021400000000001001&page=21&scale=80
2026-07-07 21:17:22,132 [INFO] src.corpus_acquisition.crawler: Downloading -> data/raw/images/peru21/2020/02/14/peru21_2020-02-14_21.jpg
2026-07-07 21:17:24,939 [INFO] src.corpus_acquisition.downloader: Downloading page 22 from https://t.prcdn.co/img?file=eag12020021400000000001001&page=22&scale=80
2026-07-07 21:17:24,940 [INFO] src.corpus_acquisition.crawler: Downloading -> data/raw/images/peru21/2020/02/14/peru21_2020-02-14_22.jpg
2026-07-07 21:17:28,156 [INFO] src.corpus_acquisition.downloader: Downloading page 23 from https://t.prcdn.co/img?file=eag12020021400000000001001&page=23&scale=80
2026-07-07 21:17:28,157 [INFO] src.corpus_acquisition.crawler: Downloading -> data/raw/images/peru21/2020/02/14/peru21_2020-02-14_23.jpg
2026-07-07 21:17:30,814 [INFO] src.corpus_acquisition.downloader: Downloading page 24 from https://t.prcdn.co/img?file=eag12020021400000000001001&page=24&scale=80
2026-07-07 21:17:30,814 [INFO] src.corpus_acquisition.crawler: Downloading -> data/raw/images/peru21/2020/02/14/peru21_2020-02-14_24.jpg
2026-07-07 21:17:33,626 [INFO] src.corpus_acquisition.downloader: Downloading page 25 from https://t.prcdn.co/img?file=eag12020021400000000001001&page=25&scale=80
2026-07-07 21:17:33,627 [INFO] src.corpus_acquisition.crawler: Downloading -> data/raw/images/peru21/2020/02/14/peru21_2020-02-14_25.jpg
2026-07-07 21:17:33,870 [WARNING] src.corpus_acquisition.downloader: Page 25 not found (1/3).
2026-07-07 21:17:33,870 [INFO] src.corpus_acquisition.downloader: Downloading page 26 from https://t.prcdn.co/img?file=eag12020021400000000001001&page=26&scale=80
2026-07-07 21:17:33,871 [INFO] src.corpus_acquisition.crawler: Downloading -> data/raw/images/peru21/2020/02/14/peru21_2020-02-14_26.jpg
2026-07-07 21:17:34,101 [WARNING] src.corpus_acquisition.downloader: Page 26 not found (2/3).
2026-07-07 21:17:34,102 [INFO] src.corpus_acquisition.downloader: Downloading page 27 from https://t.prcdn.co/img?file=eag12020021400000000001001&page=27&scale=80
2026-07-07 21:17:34,102 [INFO] src.corpus_acquisition.crawler: Downloading -> data/raw/images/peru21/2020/02/14/peru21_2020-02-14_27.jpg
2026-07-07 21:17:34,346 [WARNING] src.corpus_acquisition.downloader: Page 27 not found (3/3).
2026-07-07 21:17:34,346 [WARNING] src.corpus_acquisition.downloader: No new pages found after 3 attempts; stopping with 24 page(s).
2026-07-07 21:17:34,497 [INFO] src.corpus_acquisition.metadata_extractor: Saved metadata for 24 page(s) -> data/raw/metadata/raw_metadata.parquet (total rows: 95919)
2026-07-07 21:17:34,516 [INFO] src.corpus_acquisition.metadata_extractor: Saved crawl log -> data/raw/crawl_logs/peru21_2020-02-14.json (status=success)
2026-07-07 21:17:36,931 [INFO] src.corpus_acquisition.downloader: Downloading page 1 from https://t.prcdn.co/img?file=eag12020021500000000001001&page=1&scale=80
2026-07-07 21:17:36,932 [INFO] src.corpus_acquisition.crawler: Downloading -> data/raw/images/peru21/2020/02/15/peru21_2020-02-15_1.jpg
2026-07-07 21:17:39,136 [INFO] src.corpus_acquisition.downloader: Downloading page 2 from https://t.prcdn.co/img?file=eag12020021500000000001001&page=2&scale=80
2026-07-07 21:17:39,137 [INFO] src.corpus_acquisition.crawler: Downloading -> data/raw/images/peru21/2020/02/15/peru21_2020-02-15_2.jpg
2026-07-07 21:17:43,821 [INFO] src.corpus_acquisition.downloader: Downloading page 3 from https://t.prcdn.co/img?file=eag12020021500000000001001&page=3&scale=80
2026-07-07 21:17:43,821 [INFO] src.corpus_acquisition.crawler: Downloading -> data/raw/images/peru21/2020/02/15/peru21_2020-02-15_3.jpg
2026-07-07 21:17:46,597 [INFO] src.corpus_acquisition.downloader: Downloading page 4 from https://t.prcdn.co/img?file=eag12020021500000000001001&page=4&scale=80
2026-07-07 21:17:46,597 [INFO] src.corpus_acquisition.crawler: Downloading -> data/raw/images/peru21/2020/02/15/peru21_2020-02-15_4.jpg
2026-07-07 21:17:50,182 [INFO] src.corpus_acquisition.downloader: Downloading page 5 from https://t.prcdn.co/img?file=eag12020021500000000001001&page=5&scale=80
2026-07-07 21:17:50,183 [INFO] src.corpus_acquisition.crawler: Downloading -> data/raw/images/peru21/2020/02/15/peru21_2020-02-15_5.jpg
2026-07-07 21:17:53,538 [INFO] src.corpus_acquisition.downloader: Downloading page 6 from https://t.prcdn.co/img?file=eag12020021500000000001001&page=6&scale=80
2026-07-07 21:17:53,538 [INFO] src.corpus_acquisition.crawler: Downloading -> data/raw/images/peru21/2020/02/15/peru21_2020-02-15_6.jpg
2026-07-07 21:17:56,196 [INFO] src.corpus_acquisition.downloader: Downloading page 7 from https://t.prcdn.co/img?file=eag12020021500000000001001&page=7&scale=80
2026-07-07 21:17:56,197 [INFO] src.corpus_acquisition.crawler: Downloading -> data/raw/images/peru21/2020/02/15/peru21_2020-02-15_7.jpg
2026-07-07 21:18:01,157 [INFO] src.corpus_acquisition.downloader: Downloading page 8 from https://t.prcdn.co/img?file=eag12020021500000000001001&page=8&scale=80
2026-07-07 21:18:01,158 [INFO] src.corpus_acquisition.crawler: Downloading -> data/raw/images/peru21/2020/02/15/peru21_2020-02-15_8.jpg
2026-07-07 21:18:04,797 [INFO] src.corpus_acquisition.downloader: Downloading page 9 from https://t.prcdn.co/img?file=eag12020021500000000001001&page=9&scale=80
2026-07-07 21:18:04,798 [INFO] src.corpus_acquisition.crawler: Downloading -> data/raw/images/peru21/2020/02/15/peru21_2020-02-15_9.jpg
2026-07-07 21:18:07,430 [INFO] src.corpus_acquisition.downloader: Downloading page 10 from https://t.prcdn.co/img?file=eag12020021500000000001001&page=10&scale=80
2026-07-07 21:18:07,431 [INFO] src.corpus_acquisition.crawler: Downloading -> data/raw/images/peru21/2020/02/15/peru21_2020-02-15_10.jpg
2026-07-07 21:18:10,248 [INFO] src.corpus_acquisition.downloader: Downloading page 11 from https://t.prcdn.co/img?file=eag12020021500000000001001&page=11&scale=80
2026-07-07 21:18:10,249 [INFO] src.corpus_acquisition.crawler: Downloading -> data/raw/images/peru21/2020/02/15/peru21_2020-02-15_11.jpg
2026-07-07 21:18:13,526 [INFO] src.corpus_acquisition.downloader: Downloading page 12 from https://t.prcdn.co/img?file=eag12020021500000000001001&page=12&scale=80
2026-07-07 21:18:13,526 [INFO] src.corpus_acquisition.crawler: Downloading -> data/raw/images/peru21/2020/02/15/peru21_2020-02-15_12.jpg
2026-07-07 21:18:16,899 [INFO] src.corpus_acquisition.downloader: Downloading page 13 from https://t.prcdn.co/img?file=eag12020021500000000001001&page=13&scale=80
2026-07-07 21:18:16,899 [INFO] src.corpus_acquisition.crawler: Downloading -> data/raw/images/peru21/2020/02/15/peru21_2020-02-15_13.jpg
2026-07-07 21:18:22,653 [INFO] src.corpus_acquisition.downloader: Downloading page 14 from https://t.prcdn.co/img?file=eag12020021500000000001001&page=14&scale=80
2026-07-07 21:18:22,653 [INFO] src.corpus_acquisition.crawler: Downloading -> data/raw/images/peru21/2020/02/15/peru21_2020-02-15_14.jpg
2026-07-07 21:18:25,565 [INFO] src.corpus_acquisition.downloader: Downloading page 15 from https://t.prcdn.co/img?file=eag12020021500000000001001&page=15&scale=80
2026-07-07 21:18:25,566 [INFO] src.corpus_acquisition.crawler: Downloading -> data/raw/images/peru21/2020/02/15/peru21_2020-02-15_15.jpg
2026-07-07 21:18:29,328 [INFO] src.corpus_acquisition.downloader: Downloading page 16 from https://t.prcdn.co/img?file=eag12020021500000000001001&page=16&scale=80
2026-07-07 21:18:29,329 [INFO] src.corpus_acquisition.crawler: Downloading -> data/raw/images/peru21/2020/02/15/peru21_2020-02-15_16.jpg
2026-07-07 21:18:33,141 [INFO] src.corpus_acquisition.downloader: Downloading page 17 from https://t.prcdn.co/img?file=eag12020021500000000001001&page=17&scale=80
2026-07-07 21:18:33,142 [INFO] src.corpus_acquisition.crawler: Downloading -> data/raw/images/peru21/2020/02/15/peru21_2020-02-15_17.jpg
2026-07-07 21:18:36,271 [INFO] src.corpus_acquisition.downloader: Downloading page 18 from https://t.prcdn.co/img?file=eag12020021500000000001001&page=18&scale=80
2026-07-07 21:18:36,271 [INFO] src.corpus_acquisition.crawler: Downloading -> data/raw/images/peru21/2020/02/15/peru21_2020-02-15_18.jpg
2026-07-07 21:18:39,514 [INFO] src.corpus_acquisition.downloader: Downloading page 19 from https://t.prcdn.co/img?file=eag12020021500000000001001&page=19&scale=80
2026-07-07 21:18:39,515 [INFO] src.corpus_acquisition.crawler: Downloading -> data/raw/images/peru21/2020/02/15/peru21_2020-02-15_19.jpg
2026-07-07 21:18:42,618 [INFO] src.corpus_acquisition.downloader: Downloading page 20 from https://t.prcdn.co/img?file=eag12020021500000000001001&page=20&scale=80
2026-07-07 21:18:42,619 [INFO] src.corpus_acquisition.crawler: Downloading -> data/raw/images/peru21/2020/02/15/peru21_2020-02-15_20.jpg
2026-07-07 21:18:46,036 [INFO] src.corpus_acquisition.downloader: Downloading page 21 from https://t.prcdn.co/img?file=eag12020021500000000001001&page=21&scale=80
2026-07-07 21:18:46,036 [INFO] src.corpus_acquisition.crawler: Downloading -> data/raw/images/peru21/2020/02/15/peru21_2020-02-15_21.jpg
2026-07-07 21:18:49,463 [INFO] src.corpus_acquisition.downloader: Downloading page 22 from https://t.prcdn.co/img?file=eag12020021500000000001001&page=22&scale=80
2026-07-07 21:18:49,463 [INFO] src.corpus_acquisition.crawler: Downloading -> data/raw/images/peru21/2020/02/15/peru21_2020-02-15_22.jpg
2026-07-07 21:18:52,006 [INFO] src.corpus_acquisition.downloader: Downloading page 23 from https://t.prcdn.co/img?file=eag12020021500000000001001&page=23&scale=80
2026-07-07 21:18:52,007 [INFO] src.corpus_acquisition.crawler: Downloading -> data/raw/images/peru21/2020/02/15/peru21_2020-02-15_23.jpg
2026-07-07 21:18:56,304 [INFO] src.corpus_acquisition.downloader: Downloading page 24 from https://t.prcdn.co/img?file=eag12020021500000000001001&page=24&scale=80
2026-07-07 21:18:56,305 [INFO] src.corpus_acquisition.crawler: Downloading -> data/raw/images/peru21/2020/02/15/peru21_2020-02-15_24.jpg
2026-07-07 21:19:00,411 [INFO] src.corpus_acquisition.downloader: Downloading page 25 from https://t.prcdn.co/img?file=eag12020021500000000001001&page=25&scale=80
2026-07-07 21:19:00,412 [INFO] src.corpus_acquisition.crawler: Downloading -> data/raw/images/peru21/2020/02/15/peru21_2020-02-15_25.jpg
2026-07-07 21:19:00,678 [WARNING] src.corpus_acquisition.downloader: Page 25 not found (1/3).
2026-07-07 21:19:00,679 [INFO] src.corpus_acquisition.downloader: Downloading page 26 from https://t.prcdn.co/img?file=eag12020021500000000001001&page=26&scale=80
2026-07-07 21:19:00,679 [INFO] src.corpus_acquisition.crawler: Downloading -> data/raw/images/peru21/2020/02/15/peru21_2020-02-15_26.jpg
2026-07-07 21:19:00,908 [WARNING] src.corpus_acquisition.downloader: Page 26 not found (2/3).
2026-07-07 21:19:00,908 [INFO] src.corpus_acquisition.downloader: Downloading page 27 from https://t.prcdn.co/img?file=eag12020021500000000001001&page=27&scale=80
2026-07-07 21:19:00,909 [INFO] src.corpus_acquisition.crawler: Downloading -> data/raw/images/peru21/2020/02/15/peru21_2020-02-15_27.jpg
2026-07-07 21:19:01,166 [WARNING] src.corpus_acquisition.downloader: Page 27 not found (3/3).
2026-07-07 21:19:01,166 [WARNING] src.corpus_acquisition.downloader: No new pages found after 3 attempts; stopping with 24 page(s).
2026-07-07 21:19:01,333 [INFO] src.corpus_acquisition.metadata_extractor: Saved metadata for 24 page(s) -> data/raw/metadata/raw_metadata.parquet (total rows: 96051)
2026-07-07 21:19:01,336 [INFO] src.corpus_acquisition.metadata_extractor: Saved crawl log -> data/raw/crawl_logs/peru21_2020-02-15.json (status=success)
2026-07-07 21:19:04,269 [INFO] src.corpus_acquisition.downloader: Downloading page 1 from https://t.prcdn.co/img?file=eag12020021600000000001001&page=1&scale=80
2026-07-07 21:19:04,270 [INFO] src.corpus_acquisition.crawler: Downloading -> data/raw/images/peru21/2020/02/16/peru21_2020-02-16_1.jpg
2026-07-07 21:19:07,465 [INFO] src.corpus_acquisition.downloader: Downloading page 2 from https://t.prcdn.co/img?file=eag12020021600000000001001&page=2&scale=80
2026-07-07 21:19:07,465 [INFO] src.corpus_acquisition.crawler: Downloading -> data/raw/images/peru21/2020/02/16/peru21_2020-02-16_2.jpg
2026-07-07 21:19:11,870 [INFO] src.corpus_acquisition.downloader: Downloading page 3 from https://t.prcdn.co/img?file=eag12020021600000000001001&page=3&scale=80
2026-07-07 21:19:11,871 [INFO] src.corpus_acquisition.crawler: Downloading -> data/raw/images/peru21/2020/02/16/peru21_2020-02-16_3.jpg
2026-07-07 21:19:14,729 [INFO] src.corpus_acquisition.downloader: Downloading page 4 from https://t.prcdn.co/img?file=eag12020021600000000001001&page=4&scale=80
2026-07-07 21:19:14,729 [INFO] src.corpus_acquisition.crawler: Downloading -> data/raw/images/peru21/2020/02/16/peru21_2020-02-16_4.jpg
2026-07-07 21:19:18,176 [INFO] src.corpus_acquisition.downloader: Downloading page 5 from https://t.prcdn.co/img?file=eag12020021600000000001001&page=5&scale=80
2026-07-07 21:19:18,176 [INFO] src.corpus_acquisition.crawler: Downloading -> data/raw/images/peru21/2020/02/16/peru21_2020-02-16_5.jpg
2026-07-07 21:19:21,546 [INFO] src.corpus_acquisition.downloader: Downloading page 6 from https://t.prcdn.co/img?file=eag12020021600000000001001&page=6&scale=80
2026-07-07 21:19:21,547 [INFO] src.corpus_acquisition.crawler: Downloading -> data/raw/images/peru21/2020/02/16/peru21_2020-02-16_6.jpg
2026-07-07 21:19:25,557 [INFO] src.corpus_acquisition.downloader: Downloading page 7 from https://t.prcdn.co/img?file=eag12020021600000000001001&page=7&scale=80
2026-07-07 21:19:25,558 [INFO] src.corpus_acquisition.crawler: Downloading -> data/raw/images/peru21/2020/02/16/peru21_2020-02-16_7.jpg
2026-07-07 21:19:29,350 [INFO] src.corpus_acquisition.downloader: Downloading page 8 from https://t.prcdn.co/img?file=eag12020021600000000001001&page=8&scale=80
2026-07-07 21:19:29,351 [INFO] src.corpus_acquisition.crawler: Downloading -> data/raw/images/peru21/2020/02/16/peru21_2020-02-16_8.jpg
2026-07-07 21:19:33,033 [INFO] src.corpus_acquisition.downloader: Downloading page 9 from https://t.prcdn.co/img?file=eag12020021600000000001001&page=9&scale=80
2026-07-07 21:19:33,033 [INFO] src.corpus_acquisition.crawler: Downloading -> data/raw/images/peru21/2020/02/16/peru21_2020-02-16_9.jpg
2026-07-07 21:19:36,396 [INFO] src.corpus_acquisition.downloader: Downloading page 10 from https://t.prcdn.co/img?file=eag12020021600000000001001&page=10&scale=80
2026-07-07 21:19:36,397 [INFO] src.corpus_acquisition.crawler: Downloading -> data/raw/images/peru21/2020/02/16/peru21_2020-02-16_10.jpg
2026-07-07 21:19:39,102 [INFO] src.corpus_acquisition.downloader: Downloading page 11 from https://t.prcdn.co/img?file=eag12020021600000000001001&page=11&scale=80
2026-07-07 21:19:39,103 [INFO] src.corpus_acquisition.crawler: Downloading -> data/raw/images/peru21/2020/02/16/peru21_2020-02-16_11.jpg
2026-07-07 21:19:42,126 [INFO] src.corpus_acquisition.downloader: Downloading page 12 from https://t.prcdn.co/img?file=eag12020021600000000001001&page=12&scale=80
2026-07-07 21:19:42,127 [INFO] src.corpus_acquisition.crawler: Downloading -> data/raw/images/peru21/2020/02/16/peru21_2020-02-16_12.jpg
2026-07-07 21:19:45,444 [INFO] src.corpus_acquisition.downloader: Downloading page 13 from https://t.prcdn.co/img?file=eag12020021600000000001001&page=13&scale=80
2026-07-07 21:19:45,445 [INFO] src.corpus_acquisition.crawler: Downloading -> data/raw/images/peru21/2020/02/16/peru21_2020-02-16_13.jpg
2026-07-07 21:19:48,887 [INFO] src.corpus_acquisition.downloader: Downloading page 14 from https://t.prcdn.co/img?file=eag12020021600000000001001&page=14&scale=80
2026-07-07 21:19:48,887 [INFO] src.corpus_acquisition.crawler: Downloading -> data/raw/images/peru21/2020/02/16/peru21_2020-02-16_14.jpg
2026-07-07 21:19:51,766 [INFO] src.corpus_acquisition.downloader: Downloading page 15 from https://t.prcdn.co/img?file=eag12020021600000000001001&page=15&scale=80
2026-07-07 21:19:51,766 [INFO] src.corpus_acquisition.crawler: Downloading -> data/raw/images/peru21/2020/02/16/peru21_2020-02-16_15.jpg
2026-07-07 21:19:56,317 [INFO] src.corpus_acquisition.downloader: Downloading page 16 from https://t.prcdn.co/img?file=eag12020021600000000001001&page=16&scale=80
2026-07-07 21:19:56,318 [INFO] src.corpus_acquisition.crawler: Downloading -> data/raw/images/peru21/2020/02/16/peru21_2020-02-16_16.jpg
2026-07-07 21:19:59,828 [INFO] src.corpus_acquisition.downloader: Downloading page 17 from https://t.prcdn.co/img?file=eag12020021600000000001001&page=17&scale=80
2026-07-07 21:19:59,829 [INFO] src.corpus_acquisition.crawler: Downloading -> data/raw/images/peru21/2020/02/16/peru21_2020-02-16_17.jpg
2026-07-07 21:20:03,926 [INFO] src.corpus_acquisition.downloader: Downloading page 18 from https://t.prcdn.co/img?file=eag12020021600000000001001&page=18&scale=80
2026-07-07 21:20:03,926 [INFO] src.corpus_acquisition.crawler: Downloading -> data/raw/images/peru21/2020/02/16/peru21_2020-02-16_18.jpg
2026-07-07 21:20:07,560 [INFO] src.corpus_acquisition.downloader: Downloading page 19 from https://t.prcdn.co/img?file=eag12020021600000000001001&page=19&scale=80
2026-07-07 21:20:07,560 [INFO] src.corpus_acquisition.crawler: Downloading -> data/raw/images/peru21/2020/02/16/peru21_2020-02-16_19.jpg
2026-07-07 21:20:11,051 [INFO] src.corpus_acquisition.downloader: Downloading page 20 from https://t.prcdn.co/img?file=eag12020021600000000001001&page=20&scale=80
2026-07-07 21:20:11,052 [INFO] src.corpus_acquisition.crawler: Downloading -> data/raw/images/peru21/2020/02/16/peru21_2020-02-16_20.jpg
2026-07-07 21:20:15,012 [INFO] src.corpus_acquisition.downloader: Downloading page 21 from https://t.prcdn.co/img?file=eag12020021600000000001001&page=21&scale=80
2026-07-07 21:20:15,012 [INFO] src.corpus_acquisition.crawler: Downloading -> data/raw/images/peru21/2020/02/16/peru21_2020-02-16_21.jpg
2026-07-07 21:20:17,810 [INFO] src.corpus_acquisition.downloader: Downloading page 22 from https://t.prcdn.co/img?file=eag12020021600000000001001&page=22&scale=80
2026-07-07 21:20:17,810 [INFO] src.corpus_acquisition.crawler: Downloading -> data/raw/images/peru21/2020/02/16/peru21_2020-02-16_22.jpg
2026-07-07 21:20:21,209 [INFO] src.corpus_acquisition.downloader: Downloading page 23 from https://t.prcdn.co/img?file=eag12020021600000000001001&page=23&scale=80
2026-07-07 21:20:21,209 [INFO] src.corpus_acquisition.crawler: Downloading -> data/raw/images/peru21/2020/02/16/peru21_2020-02-16_23.jpg
2026-07-07 21:20:24,450 [INFO] src.corpus_acquisition.downloader: Downloading page 24 from https://t.prcdn.co/img?file=eag12020021600000000001001&page=24&scale=80
2026-07-07 21:20:24,450 [INFO] src.corpus_acquisition.crawler: Downloading -> data/raw/images/peru21/2020/02/16/peru21_2020-02-16_24.jpg
2026-07-07 21:20:27,712 [INFO] src.corpus_acquisition.downloader: Downloading page 25 from https://t.prcdn.co/img?file=eag12020021600000000001001&page=25&scale=80
2026-07-07 21:20:27,712 [INFO] src.corpus_acquisition.crawler: Downloading -> data/raw/images/peru21/2020/02/16/peru21_2020-02-16_25.jpg
2026-07-07 21:20:30,543 [INFO] src.corpus_acquisition.downloader: Downloading page 26 from https://t.prcdn.co/img?file=eag12020021600000000001001&page=26&scale=80
2026-07-07 21:20:30,543 [INFO] src.corpus_acquisition.crawler: Downloading -> data/raw/images/peru21/2020/02/16/peru21_2020-02-16_26.jpg
2026-07-07 21:20:34,550 [INFO] src.corpus_acquisition.downloader: Downloading page 27 from https://t.prcdn.co/img?file=eag12020021600000000001001&page=27&scale=80
2026-07-07 21:20:34,550 [INFO] src.corpus_acquisition.crawler: Downloading -> data/raw/images/peru21/2020/02/16/peru21_2020-02-16_27.jpg
2026-07-07 21:20:37,390 [INFO] src.corpus_acquisition.downloader: Downloading page 28 from https://t.prcdn.co/img?file=eag12020021600000000001001&page=28&scale=80
2026-07-07 21:20:37,390 [INFO] src.corpus_acquisition.crawler: Downloading -> data/raw/images/peru21/2020/02/16/peru21_2020-02-16_28.jpg
2026-07-07 21:20:40,113 [INFO] src.corpus_acquisition.downloader: Downloading page 29 from https://t.prcdn.co/img?file=eag12020021600000000001001&page=29&scale=80
2026-07-07 21:20:40,113 [INFO] src.corpus_acquisition.crawler: Downloading -> data/raw/images/peru21/2020/02/16/peru21_2020-02-16_29.jpg
2026-07-07 21:20:40,409 [WARNING] src.corpus_acquisition.downloader: Page 29 not found (1/3).
2026-07-07 21:20:40,410 [INFO] src.corpus_acquisition.downloader: Downloading page 30 from https://t.prcdn.co/img?file=eag12020021600000000001001&page=30&scale=80
2026-07-07 21:20:40,410 [INFO] src.corpus_acquisition.crawler: Downloading -> data/raw/images/peru21/2020/02/16/peru21_2020-02-16_30.jpg
2026-07-07 21:20:40,645 [WARNING] src.corpus_acquisition.downloader: Page 30 not found (2/3).
2026-07-07 21:20:40,645 [INFO] src.corpus_acquisition.downloader: Downloading page 31 from https://t.prcdn.co/img?file=eag12020021600000000001001&page=31&scale=80
2026-07-07 21:20:40,646 [INFO] src.corpus_acquisition.crawler: Downloading -> data/raw/images/peru21/2020/02/16/peru21_2020-02-16_31.jpg
2026-07-07 21:20:40,854 [WARNING] src.corpus_acquisition.downloader: Page 31 not found (3/3).
2026-07-07 21:20:40,854 [WARNING] src.corpus_acquisition.downloader: No new pages found after 3 attempts; stopping with 28 page(s).
2026-07-07 21:20:40,982 [INFO] src.corpus_acquisition.metadata_extractor: Saved metadata for 28 page(s) -> data/raw/metadata/raw_metadata.parquet (total rows: 96241)
2026-07-07 21:20:40,985 [INFO] src.corpus_acquisition.metadata_extractor: Saved crawl log -> data/raw/crawl_logs/peru21_2020-02-16.json (status=success)
2026-07-07 21:20:43,090 [INFO] src.corpus_acquisition.downloader: Downloading page 1 from https://t.prcdn.co/img?file=eag12020021700000000001001&page=1&scale=80
2026-07-07 21:20:43,091 [INFO] src.corpus_acquisition.crawler: Downloading -> data/raw/images/peru21/2020/02/17/peru21_2020-02-17_1.jpg
2026-07-07 21:20:46,354 [INFO] src.corpus_acquisition.downloader: Downloading page 2 from https://t.prcdn.co/img?file=eag12020021700000000001001&page=2&scale=80
2026-07-07 21:20:46,354 [INFO] src.corpus_acquisition.crawler: Downloading -> data/raw/images/peru21/2020/02/17/peru21_2020-02-17_2.jpg
2026-07-07 21:20:50,362 [INFO] src.corpus_acquisition.downloader: Downloading page 3 from https://t.prcdn.co/img?file=eag12020021700000000001001&page=3&scale=80
2026-07-07 21:20:50,362 [INFO] src.corpus_acquisition.crawler: Downloading -> data/raw/images/peru21/2020/02/17/peru21_2020-02-17_3.jpg
2026-07-07 21:20:53,529 [INFO] src.corpus_acquisition.downloader: Downloading page 4 from https://t.prcdn.co/img?file=eag12020021700000000001001&page=4&scale=80
2026-07-07 21:20:53,529 [INFO] src.corpus_acquisition.crawler: Downloading -> data/raw/images/peru21/2020/02/17/peru21_2020-02-17_4.jpg
2026-07-07 21:20:57,344 [INFO] src.corpus_acquisition.downloader: Downloading page 5 from https://t.prcdn.co/img?file=eag12020021700000000001001&page=5&scale=80
2026-07-07 21:20:57,345 [INFO] src.corpus_acquisition.crawler: Downloading -> data/raw/images/peru21/2020/02/17/peru21_2020-02-17_5.jpg
2026-07-07 21:21:01,108 [INFO] src.corpus_acquisition.downloader: Downloading page 6 from https://t.prcdn.co/img?file=eag12020021700000000001001&page=6&scale=80
2026-07-07 21:21:01,109 [INFO] src.corpus_acquisition.crawler: Downloading -> data/raw/images/peru21/2020/02/17/peru21_2020-02-17_6.jpg
2026-07-07 21:21:04,575 [INFO] src.corpus_acquisition.downloader: Downloading page 7 from https://t.prcdn.co/img?file=eag12020021700000000001001&page=7&scale=80
2026-07-07 21:21:04,576 [INFO] src.corpus_acquisition.crawler: Downloading -> data/raw/images/peru21/2020/02/17/peru21_2020-02-17_7.jpg
2026-07-07 21:21:08,485 [INFO] src.corpus_acquisition.downloader: Downloading page 8 from https://t.prcdn.co/img?file=eag12020021700000000001001&page=8&scale=80
2026-07-07 21:21:08,485 [INFO] src.corpus_acquisition.crawler: Downloading -> data/raw/images/peru21/2020/02/17/peru21_2020-02-17_8.jpg
2026-07-07 21:21:11,637 [INFO] src.corpus_acquisition.downloader: Downloading page 9 from https://t.prcdn.co/img?file=eag12020021700000000001001&page=9&scale=80
2026-07-07 21:21:11,638 [INFO] src.corpus_acquisition.crawler: Downloading -> data/raw/images/peru21/2020/02/17/peru21_2020-02-17_9.jpg
2026-07-07 21:21:14,644 [INFO] src.corpus_acquisition.downloader: Downloading page 10 from https://t.prcdn.co/img?file=eag12020021700000000001001&page=10&scale=80
2026-07-07 21:21:14,645 [INFO] src.corpus_acquisition.crawler: Downloading -> data/raw/images/peru21/2020/02/17/peru21_2020-02-17_10.jpg
2026-07-07 21:21:17,455 [INFO] src.corpus_acquisition.downloader: Downloading page 11 from https://t.prcdn.co/img?file=eag12020021700000000001001&page=11&scale=80
2026-07-07 21:21:17,455 [INFO] src.corpus_acquisition.crawler: Downloading -> data/raw/images/peru21/2020/02/17/peru21_2020-02-17_11.jpg
2026-07-07 21:21:21,291 [INFO] src.corpus_acquisition.downloader: Downloading page 12 from https://t.prcdn.co/img?file=eag12020021700000000001001&page=12&scale=80
2026-07-07 21:21:21,291 [INFO] src.corpus_acquisition.crawler: Downloading -> data/raw/images/peru21/2020/02/17/peru21_2020-02-17_12.jpg
2026-07-07 21:21:24,500 [INFO] src.corpus_acquisition.downloader: Downloading page 13 from https://t.prcdn.co/img?file=eag12020021700000000001001&page=13&scale=80
2026-07-07 21:21:24,500 [INFO] src.corpus_acquisition.crawler: Downloading -> data/raw/images/peru21/2020/02/17/peru21_2020-02-17_13.jpg
2026-07-07 21:21:27,495 [INFO] src.corpus_acquisition.downloader: Downloading page 14 from https://t.prcdn.co/img?file=eag12020021700000000001001&page=14&scale=80
2026-07-07 21:21:27,495 [INFO] src.corpus_acquisition.crawler: Downloading -> data/raw/images/peru21/2020/02/17/peru21_2020-02-17_14.jpg
2026-07-07 21:21:30,181 [INFO] src.corpus_acquisition.downloader: Downloading page 15 from https://t.prcdn.co/img?file=eag12020021700000000001001&page=15&scale=80
2026-07-07 21:21:30,181 [INFO] src.corpus_acquisition.crawler: Downloading -> data/raw/images/peru21/2020/02/17/peru21_2020-02-17_15.jpg
2026-07-07 21:21:33,965 [INFO] src.corpus_acquisition.downloader: Downloading page 16 from https://t.prcdn.co/img?file=eag12020021700000000001001&page=16&scale=80
2026-07-07 21:21:33,966 [INFO] src.corpus_acquisition.crawler: Downloading -> data/raw/images/peru21/2020/02/17/peru21_2020-02-17_16.jpg
2026-07-07 21:21:37,130 [INFO] src.corpus_acquisition.downloader: Downloading page 17 from https://t.prcdn.co/img?file=eag12020021700000000001001&page=17&scale=80
2026-07-07 21:21:37,131 [INFO] src.corpus_acquisition.crawler: Downloading -> data/raw/images/peru21/2020/02/17/peru21_2020-02-17_17.jpg
2026-07-07 21:21:40,690 [INFO] src.corpus_acquisition.downloader: Downloading page 18 from https://t.prcdn.co/img?file=eag12020021700000000001001&page=18&scale=80
2026-07-07 21:21:40,691 [INFO] src.corpus_acquisition.crawler: Downloading -> data/raw/images/peru21/2020/02/17/peru21_2020-02-17_18.jpg
2026-07-07 21:21:43,981 [INFO] src.corpus_acquisition.downloader: Downloading page 19 from https://t.prcdn.co/img?file=eag12020021700000000001001&page=19&scale=80
2026-07-07 21:21:43,981 [INFO] src.corpus_acquisition.crawler: Downloading -> data/raw/images/peru21/2020/02/17/peru21_2020-02-17_19.jpg
2026-07-07 21:21:47,218 [INFO] src.corpus_acquisition.downloader: Downloading page 20 from https://t.prcdn.co/img?file=eag12020021700000000001001&page=20&scale=80
2026-07-07 21:21:47,218 [INFO] src.corpus_acquisition.crawler: Downloading -> data/raw/images/peru21/2020/02/17/peru21_2020-02-17_20.jpg
2026-07-07 21:21:51,014 [INFO] src.corpus_acquisition.downloader: Downloading page 21 from https://t.prcdn.co/img?file=eag12020021700000000001001&page=21&scale=80
2026-07-07 21:21:51,015 [INFO] src.corpus_acquisition.crawler: Downloading -> data/raw/images/peru21/2020/02/17/peru21_2020-02-17_21.jpg
2026-07-07 21:21:54,060 [INFO] src.corpus_acquisition.downloader: Downloading page 22 from https://t.prcdn.co/img?file=eag12020021700000000001001&page=22&scale=80
2026-07-07 21:21:54,061 [INFO] src.corpus_acquisition.crawler: Downloading -> data/raw/images/peru21/2020/02/17/peru21_2020-02-17_22.jpg
2026-07-07 21:21:56,948 [INFO] src.corpus_acquisition.downloader: Downloading page 23 from https://t.prcdn.co/img?file=eag12020021700000000001001&page=23&scale=80
2026-07-07 21:21:56,948 [INFO] src.corpus_acquisition.crawler: Downloading -> data/raw/images/peru21/2020/02/17/peru21_2020-02-17_23.jpg
2026-07-07 21:22:00,369 [INFO] src.corpus_acquisition.downloader: Downloading page 24 from https://t.prcdn.co/img?file=eag12020021700000000001001&page=24&scale=80
2026-07-07 21:22:00,370 [INFO] src.corpus_acquisition.crawler: Downloading -> data/raw/images/peru21/2020/02/17/peru21_2020-02-17_24.jpg
2026-07-07 21:22:03,630 [INFO] src.corpus_acquisition.downloader: Downloading page 25 from https://t.prcdn.co/img?file=eag12020021700000000001001&page=25&scale=80
2026-07-07 21:22:03,631 [INFO] src.corpus_acquisition.crawler: Downloading -> data/raw/images/peru21/2020/02/17/peru21_2020-02-17_25.jpg
2026-07-07 21:22:03,880 [WARNING] src.corpus_acquisition.downloader: Page 25 not found (1/3).
2026-07-07 21:22:03,880 [INFO] src.corpus_acquisition.downloader: Downloading page 26 from https://t.prcdn.co/img?file=eag12020021700000000001001&page=26&scale=80
2026-07-07 21:22:03,881 [INFO] src.corpus_acquisition.crawler: Downloading -> data/raw/images/peru21/2020/02/17/peru21_2020-02-17_26.jpg
2026-07-07 21:22:04,102 [WARNING] src.corpus_acquisition.downloader: Page 26 not found (2/3).
2026-07-07 21:22:04,102 [INFO] src.corpus_acquisition.downloader: Downloading page 27 from https://t.prcdn.co/img?file=eag12020021700000000001001&page=27&scale=80
2026-07-07 21:22:04,102 [INFO] src.corpus_acquisition.crawler: Downloading -> data/raw/images/peru21/2020/02/17/peru21_2020-02-17_27.jpg
2026-07-07 21:22:04,394 [WARNING] src.corpus_acquisition.downloader: Page 27 not found (3/3).
2026-07-07 21:22:04,394 [WARNING] src.corpus_acquisition.downloader: No new pages found after 3 attempts; stopping with 24 page(s).
2026-07-07 21:22:04,521 [INFO] src.corpus_acquisition.metadata_extractor: Saved metadata for 24 page(s) -> data/raw/metadata/raw_metadata.parquet (total rows: 96345)
2026-07-07 21:22:04,524 [INFO] src.corpus_acquisition.metadata_extractor: Saved crawl log -> data/raw/crawl_logs/peru21_2020-02-17.json (status=success)
2026-07-07 21:22:07,242 [INFO] src.corpus_acquisition.downloader: Downloading page 1 from https://t.prcdn.co/img?file=eag12020021800000000001001&page=1&scale=80
2026-07-07 21:22:07,243 [INFO] src.corpus_acquisition.crawler: Downloading -> data/raw/images/peru21/2020/02/18/peru21_2020-02-18_1.jpg
2026-07-07 21:22:10,584 [INFO] src.corpus_acquisition.downloader: Downloading page 2 from https://t.prcdn.co/img?file=eag12020021800000000001001&page=2&scale=80
2026-07-07 21:22:10,584 [INFO] src.corpus_acquisition.crawler: Downloading -> data/raw/images/peru21/2020/02/18/peru21_2020-02-18_2.jpg
2026-07-07 21:22:14,687 [INFO] src.corpus_acquisition.downloader: Downloading page 3 from https://t.prcdn.co/img?file=eag12020021800000000001001&page=3&scale=80
2026-07-07 21:22:14,687 [INFO] src.corpus_acquisition.crawler: Downloading -> data/raw/images/peru21/2020/02/18/peru21_2020-02-18_3.jpg
2026-07-07 21:22:17,465 [INFO] src.corpus_acquisition.downloader: Downloading page 4 from https://t.prcdn.co/img?file=eag12020021800000000001001&page=4&scale=80
2026-07-07 21:22:17,465 [INFO] src.corpus_acquisition.crawler: Downloading -> data/raw/images/peru21/2020/02/18/peru21_2020-02-18_4.jpg
2026-07-07 21:22:20,702 [INFO] src.corpus_acquisition.downloader: Downloading page 5 from https://t.prcdn.co/img?file=eag12020021800000000001001&page=5&scale=80
2026-07-07 21:22:20,702 [INFO] src.corpus_acquisition.crawler: Downloading -> data/raw/images/peru21/2020/02/18/peru21_2020-02-18_5.jpg
2026-07-07 21:22:23,934 [INFO] src.corpus_acquisition.downloader: Downloading page 6 from https://t.prcdn.co/img?file=eag12020021800000000001001&page=6&scale=80
2026-07-07 21:22:23,934 [INFO] src.corpus_acquisition.crawler: Downloading -> data/raw/images/peru21/2020/02/18/peru21_2020-02-18_6.jpg
2026-07-07 21:22:27,694 [INFO] src.corpus_acquisition.downloader: Downloading page 7 from https://t.prcdn.co/img?file=eag12020021800000000001001&page=7&scale=80
2026-07-07 21:22:27,695 [INFO] src.corpus_acquisition.crawler: Downloading -> data/raw/images/peru21/2020/02/18/peru21_2020-02-18_7.jpg
2026-07-07 21:22:31,519 [INFO] src.corpus_acquisition.downloader: Downloading page 8 from https://t.prcdn.co/img?file=eag12020021800000000001001&page=8&scale=80
2026-07-07 21:22:31,520 [INFO] src.corpus_acquisition.crawler: Downloading -> data/raw/images/peru21/2020/02/18/peru21_2020-02-18_8.jpg
2026-07-07 21:22:34,113 [INFO] src.corpus_acquisition.downloader: Downloading page 9 from https://t.prcdn.co/img?file=eag12020021800000000001001&page=9&scale=80
2026-07-07 21:22:34,113 [INFO] src.corpus_acquisition.crawler: Downloading -> data/raw/images/peru21/2020/02/18/peru21_2020-02-18_9.jpg
2026-07-07 21:22:37,429 [INFO] src.corpus_acquisition.downloader: Downloading page 10 from https://t.prcdn.co/img?file=eag12020021800000000001001&page=10&scale=80
2026-07-07 21:22:37,429 [INFO] src.corpus_acquisition.crawler: Downloading -> data/raw/images/peru21/2020/02/18/peru21_2020-02-18_10.jpg
2026-07-07 21:22:40,803 [INFO] src.corpus_acquisition.downloader: Downloading page 11 from https://t.prcdn.co/img?file=eag12020021800000000001001&page=11&scale=80
2026-07-07 21:22:40,804 [INFO] src.corpus_acquisition.crawler: Downloading -> data/raw/images/peru21/2020/02/18/peru21_2020-02-18_11.jpg
2026-07-07 21:22:43,614 [INFO] src.corpus_acquisition.downloader: Downloading page 12 from https://t.prcdn.co/img?file=eag12020021800000000001001&page=12&scale=80
2026-07-07 21:22:43,614 [INFO] src.corpus_acquisition.crawler: Downloading -> data/raw/images/peru21/2020/02/18/peru21_2020-02-18_12.jpg
2026-07-07 21:22:46,357 [INFO] src.corpus_acquisition.downloader: Downloading page 13 from https://t.prcdn.co/img?file=eag12020021800000000001001&page=13&scale=80
2026-07-07 21:22:46,358 [INFO] src.corpus_acquisition.crawler: Downloading -> data/raw/images/peru21/2020/02/18/peru21_2020-02-18_13.jpg
2026-07-07 21:22:49,421 [INFO] src.corpus_acquisition.downloader: Downloading page 14 from https://t.prcdn.co/img?file=eag12020021800000000001001&page=14&scale=80
2026-07-07 21:22:49,422 [INFO] src.corpus_acquisition.crawler: Downloading -> data/raw/images/peru21/2020/02/18/peru21_2020-02-18_14.jpg
2026-07-07 21:22:52,805 [INFO] src.corpus_acquisition.downloader: Downloading page 15 from https://t.prcdn.co/img?file=eag12020021800000000001001&page=15&scale=80
2026-07-07 21:22:52,806 [INFO] src.corpus_acquisition.crawler: Downloading -> data/raw/images/peru21/2020/02/18/peru21_2020-02-18_15.jpg
2026-07-07 21:22:56,130 [INFO] src.corpus_acquisition.downloader: Downloading page 16 from https://t.prcdn.co/img?file=eag12020021800000000001001&page=16&scale=80
2026-07-07 21:22:56,130 [INFO] src.corpus_acquisition.crawler: Downloading -> data/raw/images/peru21/2020/02/18/peru21_2020-02-18_16.jpg
2026-07-07 21:22:59,647 [INFO] src.corpus_acquisition.downloader: Downloading page 17 from https://t.prcdn.co/img?file=eag12020021800000000001001&page=17&scale=80
2026-07-07 21:22:59,647 [INFO] src.corpus_acquisition.crawler: Downloading -> data/raw/images/peru21/2020/02/18/peru21_2020-02-18_17.jpg
2026-07-07 21:23:02,556 [INFO] src.corpus_acquisition.downloader: Downloading page 18 from https://t.prcdn.co/img?file=eag12020021800000000001001&page=18&scale=80
2026-07-07 21:23:02,556 [INFO] src.corpus_acquisition.crawler: Downloading -> data/raw/images/peru21/2020/02/18/peru21_2020-02-18_18.jpg
2026-07-07 21:23:06,035 [INFO] src.corpus_acquisition.downloader: Downloading page 19 from https://t.prcdn.co/img?file=eag12020021800000000001001&page=19&scale=80
2026-07-07 21:23:06,035 [INFO] src.corpus_acquisition.crawler: Downloading -> data/raw/images/peru21/2020/02/18/peru21_2020-02-18_19.jpg
2026-07-07 21:23:09,205 [INFO] src.corpus_acquisition.downloader: Downloading page 20 from https://t.prcdn.co/img?file=eag12020021800000000001001&page=20&scale=80
2026-07-07 21:23:09,215 [INFO] src.corpus_acquisition.crawler: Downloading -> data/raw/images/peru21/2020/02/18/peru21_2020-02-18_20.jpg
2026-07-07 21:23:12,320 [INFO] src.corpus_acquisition.downloader: Downloading page 21 from https://t.prcdn.co/img?file=eag12020021800000000001001&page=21&scale=80
2026-07-07 21:23:12,320 [INFO] src.corpus_acquisition.crawler: Downloading -> data/raw/images/peru21/2020/02/18/peru21_2020-02-18_21.jpg
2026-07-07 21:23:16,069 [INFO] src.corpus_acquisition.downloader: Downloading page 22 from https://t.prcdn.co/img?file=eag12020021800000000001001&page=22&scale=80
2026-07-07 21:23:16,069 [INFO] src.corpus_acquisition.crawler: Downloading -> data/raw/images/peru21/2020/02/18/peru21_2020-02-18_22.jpg
2026-07-07 21:23:19,436 [INFO] src.corpus_acquisition.downloader: Downloading page 23 from https://t.prcdn.co/img?file=eag12020021800000000001001&page=23&scale=80
2026-07-07 21:23:19,436 [INFO] src.corpus_acquisition.crawler: Downloading -> data/raw/images/peru21/2020/02/18/peru21_2020-02-18_23.jpg
2026-07-07 21:23:22,601 [INFO] src.corpus_acquisition.downloader: Downloading page 24 from https://t.prcdn.co/img?file=eag12020021800000000001001&page=24&scale=80
2026-07-07 21:23:22,602 [INFO] src.corpus_acquisition.crawler: Downloading -> data/raw/images/peru21/2020/02/18/peru21_2020-02-18_24.jpg
2026-07-07 21:23:25,901 [INFO] src.corpus_acquisition.downloader: Downloading page 25 from https://t.prcdn.co/img?file=eag12020021800000000001001&page=25&scale=80
2026-07-07 21:23:25,902 [INFO] src.corpus_acquisition.crawler: Downloading -> data/raw/images/peru21/2020/02/18/peru21_2020-02-18_25.jpg
2026-07-07 21:23:26,144 [WARNING] src.corpus_acquisition.downloader: Page 25 not found (1/3).
2026-07-07 21:23:26,144 [INFO] src.corpus_acquisition.downloader: Downloading page 26 from https://t.prcdn.co/img?file=eag12020021800000000001001&page=26&scale=80
2026-07-07 21:23:26,145 [INFO] src.corpus_acquisition.crawler: Downloading -> data/raw/images/peru21/2020/02/18/peru21_2020-02-18_26.jpg
2026-07-07 21:23:26,386 [WARNING] src.corpus_acquisition.downloader: Page 26 not found (2/3).
2026-07-07 21:23:26,387 [INFO] src.corpus_acquisition.downloader: Downloading page 27 from https://t.prcdn.co/img?file=eag12020021800000000001001&page=27&scale=80
2026-07-07 21:23:26,387 [INFO] src.corpus_acquisition.crawler: Downloading -> data/raw/images/peru21/2020/02/18/peru21_2020-02-18_27.jpg
2026-07-07 21:23:26,596 [WARNING] src.corpus_acquisition.downloader: Page 27 not found (3/3).
2026-07-07 21:23:26,596 [WARNING] src.corpus_acquisition.downloader: No new pages found after 3 attempts; stopping with 24 page(s).
2026-07-07 21:23:26,728 [INFO] src.corpus_acquisition.metadata_extractor: Saved metadata for 24 page(s) -> data/raw/metadata/raw_metadata.parquet (total rows: 96503)
2026-07-07 21:23:26,730 [INFO] src.corpus_acquisition.metadata_extractor: Saved crawl log -> data/raw/crawl_logs/peru21_2020-02-18.json (status=success)
2026-07-07 21:23:29,040 [INFO] src.corpus_acquisition.downloader: Downloading page 1 from https://t.prcdn.co/img?file=eag12020021900000000001001&page=1&scale=80
2026-07-07 21:23:29,040 [INFO] src.corpus_acquisition.crawler: Downloading -> data/raw/images/peru21/2020/02/19/peru21_2020-02-19_1.jpg
2026-07-07 21:23:32,502 [INFO] src.corpus_acquisition.downloader: Downloading page 2 from https://t.prcdn.co/img?file=eag12020021900000000001001&page=2&scale=80
2026-07-07 21:23:32,503 [INFO] src.corpus_acquisition.crawler: Downloading -> data/raw/images/peru21/2020/02/19/peru21_2020-02-19_2.jpg
2026-07-07 21:23:36,240 [INFO] src.corpus_acquisition.downloader: Downloading page 3 from https://t.prcdn.co/img?file=eag12020021900000000001001&page=3&scale=80
2026-07-07 21:23:36,241 [INFO] src.corpus_acquisition.crawler: Downloading -> data/raw/images/peru21/2020/02/19/peru21_2020-02-19_3.jpg
2026-07-07 21:23:39,613 [INFO] src.corpus_acquisition.downloader: Downloading page 4 from https://t.prcdn.co/img?file=eag12020021900000000001001&page=4&scale=80
2026-07-07 21:23:39,613 [INFO] src.corpus_acquisition.crawler: Downloading -> data/raw/images/peru21/2020/02/19/peru21_2020-02-19_4.jpg
2026-07-07 21:23:42,972 [INFO] src.corpus_acquisition.downloader: Downloading page 5 from https://t.prcdn.co/img?file=eag12020021900000000001001&page=5&scale=80
2026-07-07 21:23:42,972 [INFO] src.corpus_acquisition.crawler: Downloading -> data/raw/images/peru21/2020/02/19/peru21_2020-02-19_5.jpg
2026-07-07 21:23:46,528 [INFO] src.corpus_acquisition.downloader: Downloading page 6 from https://t.prcdn.co/img?file=eag12020021900000000001001&page=6&scale=80
2026-07-07 21:23:46,529 [INFO] src.corpus_acquisition.crawler: Downloading -> data/raw/images/peru21/2020/02/19/peru21_2020-02-19_6.jpg
2026-07-07 21:23:49,933 [INFO] src.corpus_acquisition.downloader: Downloading page 7 from https://t.prcdn.co/img?file=eag12020021900000000001001&page=7&scale=80
2026-07-07 21:23:49,941 [INFO] src.corpus_acquisition.crawler: Downloading -> data/raw/images/peru21/2020/02/19/peru21_2020-02-19_7.jpg
2026-07-07 21:23:54,098 [INFO] src.corpus_acquisition.downloader: Downloading page 8 from https://t.prcdn.co/img?file=eag12020021900000000001001&page=8&scale=80
2026-07-07 21:23:54,098 [INFO] src.corpus_acquisition.crawler: Downloading -> data/raw/images/peru21/2020/02/19/peru21_2020-02-19_8.jpg
2026-07-07 21:23:57,295 [INFO] src.corpus_acquisition.downloader: Downloading page 9 from https://t.prcdn.co/img?file=eag12020021900000000001001&page=9&scale=80
2026-07-07 21:23:57,296 [INFO] src.corpus_acquisition.crawler: Downloading -> data/raw/images/peru21/2020/02/19/peru21_2020-02-19_9.jpg
2026-07-07 21:23:59,759 [INFO] src.corpus_acquisition.downloader: Downloading page 10 from https://t.prcdn.co/img?file=eag12020021900000000001001&page=10&scale=80
2026-07-07 21:23:59,759 [INFO] src.corpus_acquisition.crawler: Downloading -> data/raw/images/peru21/2020/02/19/peru21_2020-02-19_10.jpg
2026-07-07 21:24:03,648 [INFO] src.corpus_acquisition.downloader: Downloading page 11 from https://t.prcdn.co/img?file=eag12020021900000000001001&page=11&scale=80
2026-07-07 21:24:03,648 [INFO] src.corpus_acquisition.crawler: Downloading -> data/raw/images/peru21/2020/02/19/peru21_2020-02-19_11.jpg
2026-07-07 21:24:07,456 [INFO] src.corpus_acquisition.downloader: Downloading page 12 from https://t.prcdn.co/img?file=eag12020021900000000001001&page=12&scale=80
2026-07-07 21:24:07,456 [INFO] src.corpus_acquisition.crawler: Downloading -> data/raw/images/peru21/2020/02/19/peru21_2020-02-19_12.jpg
2026-07-07 21:24:10,264 [INFO] src.corpus_acquisition.downloader: Downloading page 13 from https://t.prcdn.co/img?file=eag12020021900000000001001&page=13&scale=80
2026-07-07 21:24:10,265 [INFO] src.corpus_acquisition.crawler: Downloading -> data/raw/images/peru21/2020/02/19/peru21_2020-02-19_13.jpg
2026-07-07 21:24:13,807 [INFO] src.corpus_acquisition.downloader: Downloading page 14 from https://t.prcdn.co/img?file=eag12020021900000000001001&page=14&scale=80
2026-07-07 21:24:13,807 [INFO] src.corpus_acquisition.crawler: Downloading -> data/raw/images/peru21/2020/02/19/peru21_2020-02-19_14.jpg
2026-07-07 21:24:17,078 [INFO] src.corpus_acquisition.downloader: Downloading page 15 from https://t.prcdn.co/img?file=eag12020021900000000001001&page=15&scale=80
2026-07-07 21:24:17,078 [INFO] src.corpus_acquisition.crawler: Downloading -> data/raw/images/peru21/2020/02/19/peru21_2020-02-19_15.jpg
2026-07-07 21:24:20,680 [INFO] src.corpus_acquisition.downloader: Downloading page 16 from https://t.prcdn.co/img?file=eag12020021900000000001001&page=16&scale=80
2026-07-07 21:24:20,680 [INFO] src.corpus_acquisition.crawler: Downloading -> data/raw/images/peru21/2020/02/19/peru21_2020-02-19_16.jpg
2026-07-07 21:24:24,450 [INFO] src.corpus_acquisition.downloader: Downloading page 17 from https://t.prcdn.co/img?file=eag12020021900000000001001&page=17&scale=80
2026-07-07 21:24:24,451 [INFO] src.corpus_acquisition.crawler: Downloading -> data/raw/images/peru21/2020/02/19/peru21_2020-02-19_17.jpg
2026-07-07 21:24:28,192 [INFO] src.corpus_acquisition.downloader: Downloading page 18 from https://t.prcdn.co/img?file=eag12020021900000000001001&page=18&scale=80
2026-07-07 21:24:28,192 [INFO] src.corpus_acquisition.crawler: Downloading -> data/raw/images/peru21/2020/02/19/peru21_2020-02-19_18.jpg
2026-07-07 21:24:31,650 [INFO] src.corpus_acquisition.downloader: Downloading page 19 from https://t.prcdn.co/img?file=eag12020021900000000001001&page=19&scale=80
2026-07-07 21:24:31,650 [INFO] src.corpus_acquisition.crawler: Downloading -> data/raw/images/peru21/2020/02/19/peru21_2020-02-19_19.jpg
2026-07-07 21:24:34,742 [INFO] src.corpus_acquisition.downloader: Downloading page 20 from https://t.prcdn.co/img?file=eag12020021900000000001001&page=20&scale=80
2026-07-07 21:24:34,742 [INFO] src.corpus_acquisition.crawler: Downloading -> data/raw/images/peru21/2020/02/19/peru21_2020-02-19_20.jpg
2026-07-07 21:24:38,292 [INFO] src.corpus_acquisition.downloader: Downloading page 21 from https://t.prcdn.co/img?file=eag12020021900000000001001&page=21&scale=80
2026-07-07 21:24:38,293 [INFO] src.corpus_acquisition.crawler: Downloading -> data/raw/images/peru21/2020/02/19/peru21_2020-02-19_21.jpg
2026-07-07 21:24:42,206 [INFO] src.corpus_acquisition.downloader: Downloading page 22 from https://t.prcdn.co/img?file=eag12020021900000000001001&page=22&scale=80
2026-07-07 21:24:42,207 [INFO] src.corpus_acquisition.crawler: Downloading -> data/raw/images/peru21/2020/02/19/peru21_2020-02-19_22.jpg
2026-07-07 21:24:45,548 [INFO] src.corpus_acquisition.downloader: Downloading page 23 from https://t.prcdn.co/img?file=eag12020021900000000001001&page=23&scale=80
2026-07-07 21:24:45,548 [INFO] src.corpus_acquisition.crawler: Downloading -> data/raw/images/peru21/2020/02/19/peru21_2020-02-19_23.jpg
2026-07-07 21:24:49,177 [INFO] src.corpus_acquisition.downloader: Downloading page 24 from https://t.prcdn.co/img?file=eag12020021900000000001001&page=24&scale=80
2026-07-07 21:24:49,177 [INFO] src.corpus_acquisition.crawler: Downloading -> data/raw/images/peru21/2020/02/19/peru21_2020-02-19_24.jpg
2026-07-07 21:24:52,378 [INFO] src.corpus_acquisition.downloader: Downloading page 25 from https://t.prcdn.co/img?file=eag12020021900000000001001&page=25&scale=80
2026-07-07 21:24:52,378 [INFO] src.corpus_acquisition.crawler: Downloading -> data/raw/images/peru21/2020/02/19/peru21_2020-02-19_25.jpg
2026-07-07 21:24:52,641 [WARNING] src.corpus_acquisition.downloader: Page 25 not found (1/3).
2026-07-07 21:24:52,641 [INFO] src.corpus_acquisition.downloader: Downloading page 26 from https://t.prcdn.co/img?file=eag12020021900000000001001&page=26&scale=80
2026-07-07 21:24:52,641 [INFO] src.corpus_acquisition.crawler: Downloading -> data/raw/images/peru21/2020/02/19/peru21_2020-02-19_26.jpg
2026-07-07 21:24:52,945 [WARNING] src.corpus_acquisition.downloader: Page 26 not found (2/3).
2026-07-07 21:24:52,946 [INFO] src.corpus_acquisition.downloader: Downloading page 27 from https://t.prcdn.co/img?file=eag12020021900000000001001&page=27&scale=80
2026-07-07 21:24:52,946 [INFO] src.corpus_acquisition.crawler: Downloading -> data/raw/images/peru21/2020/02/19/peru21_2020-02-19_27.jpg
2026-07-07 21:24:53,155 [WARNING] src.corpus_acquisition.downloader: Page 27 not found (3/3).
2026-07-07 21:24:53,155 [WARNING] src.corpus_acquisition.downloader: No new pages found after 3 attempts; stopping with 24 page(s).
2026-07-07 21:24:53,288 [INFO] src.corpus_acquisition.metadata_extractor: Saved metadata for 24 page(s) -> data/raw/metadata/raw_metadata.parquet (total rows: 96635)
2026-07-07 21:24:53,293 [INFO] src.corpus_acquisition.metadata_extractor: Saved crawl log -> data/raw/crawl_logs/peru21_2020-02-19.json (status=success)
2026-07-07 21:24:56,289 [INFO] src.corpus_acquisition.downloader: Downloading page 1 from https://t.prcdn.co/img?file=eag12020022000000000001001&page=1&scale=80
2026-07-07 21:24:56,289 [INFO] src.corpus_acquisition.crawler: Downloading -> data/raw/images/peru21/2020/02/20/peru21_2020-02-20_1.jpg
2026-07-07 21:25:00,510 [INFO] src.corpus_acquisition.downloader: Downloading page 2 from https://t.prcdn.co/img?file=eag12020022000000000001001&page=2&scale=80
2026-07-07 21:25:00,510 [INFO] src.corpus_acquisition.crawler: Downloading -> data/raw/images/peru21/2020/02/20/peru21_2020-02-20_2.jpg
2026-07-07 21:25:04,377 [INFO] src.corpus_acquisition.downloader: Downloading page 3 from https://t.prcdn.co/img?file=eag12020022000000000001001&page=3&scale=80
2026-07-07 21:25:04,378 [INFO] src.corpus_acquisition.crawler: Downloading -> data/raw/images/peru21/2020/02/20/peru21_2020-02-20_3.jpg
2026-07-07 21:25:07,314 [INFO] src.corpus_acquisition.downloader: Downloading page 4 from https://t.prcdn.co/img?file=eag12020022000000000001001&page=4&scale=80
2026-07-07 21:25:07,314 [INFO] src.corpus_acquisition.crawler: Downloading -> data/raw/images/peru21/2020/02/20/peru21_2020-02-20_4.jpg
2026-07-07 21:25:10,983 [INFO] src.corpus_acquisition.downloader: Downloading page 5 from https://t.prcdn.co/img?file=eag12020022000000000001001&page=5&scale=80
2026-07-07 21:25:10,983 [INFO] src.corpus_acquisition.crawler: Downloading -> data/raw/images/peru21/2020/02/20/peru21_2020-02-20_5.jpg
2026-07-07 21:25:13,649 [INFO] src.corpus_acquisition.downloader: Downloading page 6 from https://t.prcdn.co/img?file=eag12020022000000000001001&page=6&scale=80
2026-07-07 21:25:13,650 [INFO] src.corpus_acquisition.crawler: Downloading -> data/raw/images/peru21/2020/02/20/peru21_2020-02-20_6.jpg
2026-07-07 21:25:16,642 [INFO] src.corpus_acquisition.downloader: Downloading page 7 from https://t.prcdn.co/img?file=eag12020022000000000001001&page=7&scale=80
2026-07-07 21:25:16,642 [INFO] src.corpus_acquisition.crawler: Downloading -> data/raw/images/peru21/2020/02/20/peru21_2020-02-20_7.jpg
2026-07-07 21:25:20,828 [INFO] src.corpus_acquisition.downloader: Downloading page 8 from https://t.prcdn.co/img?file=eag12020022000000000001001&page=8&scale=80
2026-07-07 21:25:20,829 [INFO] src.corpus_acquisition.crawler: Downloading -> data/raw/images/peru21/2020/02/20/peru21_2020-02-20_8.jpg
2026-07-07 21:25:23,628 [INFO] src.corpus_acquisition.downloader: Downloading page 9 from https://t.prcdn.co/img?file=eag12020022000000000001001&page=9&scale=80
2026-07-07 21:25:23,628 [INFO] src.corpus_acquisition.crawler: Downloading -> data/raw/images/peru21/2020/02/20/peru21_2020-02-20_9.jpg
2026-07-07 21:25:26,190 [INFO] src.corpus_acquisition.downloader: Downloading page 10 from https://t.prcdn.co/img?file=eag12020022000000000001001&page=10&scale=80
2026-07-07 21:25:26,191 [INFO] src.corpus_acquisition.crawler: Downloading -> data/raw/images/peru21/2020/02/20/peru21_2020-02-20_10.jpg
2026-07-07 21:25:29,359 [INFO] src.corpus_acquisition.downloader: Downloading page 11 from https://t.prcdn.co/img?file=eag12020022000000000001001&page=11&scale=80
2026-07-07 21:25:29,359 [INFO] src.corpus_acquisition.crawler: Downloading -> data/raw/images/peru21/2020/02/20/peru21_2020-02-20_11.jpg
2026-07-07 21:25:33,333 [INFO] src.corpus_acquisition.downloader: Downloading page 12 from https://t.prcdn.co/img?file=eag12020022000000000001001&page=12&scale=80
2026-07-07 21:25:33,333 [INFO] src.corpus_acquisition.crawler: Downloading -> data/raw/images/peru21/2020/02/20/peru21_2020-02-20_12.jpg
2026-07-07 21:25:36,319 [INFO] src.corpus_acquisition.downloader: Downloading page 13 from https://t.prcdn.co/img?file=eag12020022000000000001001&page=13&scale=80
2026-07-07 21:25:36,320 [INFO] src.corpus_acquisition.crawler: Downloading -> data/raw/images/peru21/2020/02/20/peru21_2020-02-20_13.jpg
2026-07-07 21:25:38,918 [INFO] src.corpus_acquisition.downloader: Downloading page 14 from https://t.prcdn.co/img?file=eag12020022000000000001001&page=14&scale=80
2026-07-07 21:25:38,918 [INFO] src.corpus_acquisition.crawler: Downloading -> data/raw/images/peru21/2020/02/20/peru21_2020-02-20_14.jpg
2026-07-07 21:25:42,098 [INFO] src.corpus_acquisition.downloader: Downloading page 15 from https://t.prcdn.co/img?file=eag12020022000000000001001&page=15&scale=80
2026-07-07 21:25:42,099 [INFO] src.corpus_acquisition.crawler: Downloading -> data/raw/images/peru21/2020/02/20/peru21_2020-02-20_15.jpg
2026-07-07 21:25:45,704 [INFO] src.corpus_acquisition.downloader: Downloading page 16 from https://t.prcdn.co/img?file=eag12020022000000000001001&page=16&scale=80
2026-07-07 21:25:45,705 [INFO] src.corpus_acquisition.crawler: Downloading -> data/raw/images/peru21/2020/02/20/peru21_2020-02-20_16.jpg
2026-07-07 21:25:48,926 [INFO] src.corpus_acquisition.downloader: Downloading page 17 from https://t.prcdn.co/img?file=eag12020022000000000001001&page=17&scale=80
2026-07-07 21:25:48,926 [INFO] src.corpus_acquisition.crawler: Downloading -> data/raw/images/peru21/2020/02/20/peru21_2020-02-20_17.jpg
2026-07-07 21:25:52,431 [INFO] src.corpus_acquisition.downloader: Downloading page 18 from https://t.prcdn.co/img?file=eag12020022000000000001001&page=18&scale=80
2026-07-07 21:25:52,431 [INFO] src.corpus_acquisition.crawler: Downloading -> data/raw/images/peru21/2020/02/20/peru21_2020-02-20_18.jpg
2026-07-07 21:25:55,255 [INFO] src.corpus_acquisition.downloader: Downloading page 19 from https://t.prcdn.co/img?file=eag12020022000000000001001&page=19&scale=80
2026-07-07 21:25:55,256 [INFO] src.corpus_acquisition.crawler: Downloading -> data/raw/images/peru21/2020/02/20/peru21_2020-02-20_19.jpg
2026-07-07 21:25:58,397 [INFO] src.corpus_acquisition.downloader: Downloading page 20 from https://t.prcdn.co/img?file=eag12020022000000000001001&page=20&scale=80
2026-07-07 21:25:58,398 [INFO] src.corpus_acquisition.crawler: Downloading -> data/raw/images/peru21/2020/02/20/peru21_2020-02-20_20.jpg
2026-07-07 21:26:01,898 [INFO] src.corpus_acquisition.downloader: Downloading page 21 from https://t.prcdn.co/img?file=eag12020022000000000001001&page=21&scale=80
2026-07-07 21:26:01,898 [INFO] src.corpus_acquisition.crawler: Downloading -> data/raw/images/peru21/2020/02/20/peru21_2020-02-20_21.jpg
2026-07-07 21:26:05,798 [INFO] src.corpus_acquisition.downloader: Downloading page 22 from https://t.prcdn.co/img?file=eag12020022000000000001001&page=22&scale=80
2026-07-07 21:26:05,798 [INFO] src.corpus_acquisition.crawler: Downloading -> data/raw/images/peru21/2020/02/20/peru21_2020-02-20_22.jpg
2026-07-07 21:26:09,441 [INFO] src.corpus_acquisition.downloader: Downloading page 23 from https://t.prcdn.co/img?file=eag12020022000000000001001&page=23&scale=80
2026-07-07 21:26:09,442 [INFO] src.corpus_acquisition.crawler: Downloading -> data/raw/images/peru21/2020/02/20/peru21_2020-02-20_23.jpg
2026-07-07 21:26:12,945 [INFO] src.corpus_acquisition.downloader: Downloading page 24 from https://t.prcdn.co/img?file=eag12020022000000000001001&page=24&scale=80
2026-07-07 21:26:12,946 [INFO] src.corpus_acquisition.crawler: Downloading -> data/raw/images/peru21/2020/02/20/peru21_2020-02-20_24.jpg
2026-07-07 21:26:16,449 [INFO] src.corpus_acquisition.downloader: Downloading page 25 from https://t.prcdn.co/img?file=eag12020022000000000001001&page=25&scale=80
2026-07-07 21:26:16,450 [INFO] src.corpus_acquisition.crawler: Downloading -> data/raw/images/peru21/2020/02/20/peru21_2020-02-20_25.jpg
2026-07-07 21:26:16,670 [WARNING] src.corpus_acquisition.downloader: Page 25 not found (1/3).
2026-07-07 21:26:16,670 [INFO] src.corpus_acquisition.downloader: Downloading page 26 from https://t.prcdn.co/img?file=eag12020022000000000001001&page=26&scale=80
2026-07-07 21:26:16,670 [INFO] src.corpus_acquisition.crawler: Downloading -> data/raw/images/peru21/2020/02/20/peru21_2020-02-20_26.jpg
2026-07-07 21:26:16,901 [WARNING] src.corpus_acquisition.downloader: Page 26 not found (2/3).
2026-07-07 21:26:16,901 [INFO] src.corpus_acquisition.downloader: Downloading page 27 from https://t.prcdn.co/img?file=eag12020022000000000001001&page=27&scale=80
2026-07-07 21:26:16,902 [INFO] src.corpus_acquisition.crawler: Downloading -> data/raw/images/peru21/2020/02/20/peru21_2020-02-20_27.jpg
2026-07-07 21:26:17,113 [WARNING] src.corpus_acquisition.downloader: Page 27 not found (3/3).
2026-07-07 21:26:17,113 [WARNING] src.corpus_acquisition.downloader: No new pages found after 3 attempts; stopping with 24 page(s).
2026-07-07 21:26:17,244 [INFO] src.corpus_acquisition.metadata_extractor: Saved metadata for 24 page(s) -> data/raw/metadata/raw_metadata.parquet (total rows: 96767)
2026-07-07 21:26:17,246 [INFO] src.corpus_acquisition.metadata_extractor: Saved crawl log -> data/raw/crawl_logs/peru21_2020-02-20.json (status=success)
2026-07-07 21:26:19,563 [INFO] src.corpus_acquisition.downloader: Downloading page 1 from https://t.prcdn.co/img?file=eag12020022100000000001001&page=1&scale=80
2026-07-07 21:26:19,564 [INFO] src.corpus_acquisition.crawler: Downloading -> data/raw/images/peru21/2020/02/21/peru21_2020-02-21_1.jpg
2026-07-07 21:26:22,354 [INFO] src.corpus_acquisition.downloader: Downloading page 2 from https://t.prcdn.co/img?file=eag12020022100000000001001&page=2&scale=80
2026-07-07 21:26:22,354 [INFO] src.corpus_acquisition.crawler: Downloading -> data/raw/images/peru21/2020/02/21/peru21_2020-02-21_2.jpg
2026-07-07 21:26:27,105 [INFO] src.corpus_acquisition.downloader: Downloading page 3 from https://t.prcdn.co/img?file=eag12020022100000000001001&page=3&scale=80
2026-07-07 21:26:27,105 [INFO] src.corpus_acquisition.crawler: Downloading -> data/raw/images/peru21/2020/02/21/peru21_2020-02-21_3.jpg
2026-07-07 21:26:29,878 [INFO] src.corpus_acquisition.downloader: Downloading page 4 from https://t.prcdn.co/img?file=eag12020022100000000001001&page=4&scale=80
2026-07-07 21:26:29,879 [INFO] src.corpus_acquisition.crawler: Downloading -> data/raw/images/peru21/2020/02/21/peru21_2020-02-21_4.jpg
2026-07-07 21:26:33,540 [INFO] src.corpus_acquisition.downloader: Downloading page 5 from https://t.prcdn.co/img?file=eag12020022100000000001001&page=5&scale=80
2026-07-07 21:26:33,540 [INFO] src.corpus_acquisition.crawler: Downloading -> data/raw/images/peru21/2020/02/21/peru21_2020-02-21_5.jpg
2026-07-07 21:26:36,829 [INFO] src.corpus_acquisition.downloader: Downloading page 6 from https://t.prcdn.co/img?file=eag12020022100000000001001&page=6&scale=80
2026-07-07 21:26:36,830 [INFO] src.corpus_acquisition.crawler: Downloading -> data/raw/images/peru21/2020/02/21/peru21_2020-02-21_6.jpg
2026-07-07 21:26:39,999 [INFO] src.corpus_acquisition.downloader: Downloading page 7 from https://t.prcdn.co/img?file=eag12020022100000000001001&page=7&scale=80
2026-07-07 21:26:40,000 [INFO] src.corpus_acquisition.crawler: Downloading -> data/raw/images/peru21/2020/02/21/peru21_2020-02-21_7.jpg
2026-07-07 21:26:43,185 [INFO] src.corpus_acquisition.downloader: Downloading page 8 from https://t.prcdn.co/img?file=eag12020022100000000001001&page=8&scale=80
2026-07-07 21:26:43,185 [INFO] src.corpus_acquisition.crawler: Downloading -> data/raw/images/peru21/2020/02/21/peru21_2020-02-21_8.jpg
2026-07-07 21:26:46,135 [INFO] src.corpus_acquisition.downloader: Downloading page 9 from https://t.prcdn.co/img?file=eag12020022100000000001001&page=9&scale=80
2026-07-07 21:26:46,136 [INFO] src.corpus_acquisition.crawler: Downloading -> data/raw/images/peru21/2020/02/21/peru21_2020-02-21_9.jpg
2026-07-07 21:26:49,693 [INFO] src.corpus_acquisition.downloader: Downloading page 10 from https://t.prcdn.co/img?file=eag12020022100000000001001&page=10&scale=80
2026-07-07 21:26:49,693 [INFO] src.corpus_acquisition.crawler: Downloading -> data/raw/images/peru21/2020/02/21/peru21_2020-02-21_10.jpg
2026-07-07 21:26:53,404 [INFO] src.corpus_acquisition.downloader: Downloading page 11 from https://t.prcdn.co/img?file=eag12020022100000000001001&page=11&scale=80
2026-07-07 21:26:53,404 [INFO] src.corpus_acquisition.crawler: Downloading -> data/raw/images/peru21/2020/02/21/peru21_2020-02-21_11.jpg
2026-07-07 21:26:56,268 [INFO] src.corpus_acquisition.downloader: Downloading page 12 from https://t.prcdn.co/img?file=eag12020022100000000001001&page=12&scale=80
2026-07-07 21:26:56,268 [INFO] src.corpus_acquisition.crawler: Downloading -> data/raw/images/peru21/2020/02/21/peru21_2020-02-21_12.jpg
2026-07-07 21:26:59,501 [INFO] src.corpus_acquisition.downloader: Downloading page 13 from https://t.prcdn.co/img?file=eag12020022100000000001001&page=13&scale=80
2026-07-07 21:26:59,502 [INFO] src.corpus_acquisition.crawler: Downloading -> data/raw/images/peru21/2020/02/21/peru21_2020-02-21_13.jpg
2026-07-07 21:27:03,052 [INFO] src.corpus_acquisition.downloader: Downloading page 14 from https://t.prcdn.co/img?file=eag12020022100000000001001&page=14&scale=80
2026-07-07 21:27:03,053 [INFO] src.corpus_acquisition.crawler: Downloading -> data/raw/images/peru21/2020/02/21/peru21_2020-02-21_14.jpg
2026-07-07 21:27:05,884 [INFO] src.corpus_acquisition.downloader: Downloading page 15 from https://t.prcdn.co/img?file=eag12020022100000000001001&page=15&scale=80
2026-07-07 21:27:05,885 [INFO] src.corpus_acquisition.crawler: Downloading -> data/raw/images/peru21/2020/02/21/peru21_2020-02-21_15.jpg
2026-07-07 21:27:09,948 [INFO] src.corpus_acquisition.downloader: Downloading page 16 from https://t.prcdn.co/img?file=eag12020022100000000001001&page=16&scale=80
2026-07-07 21:27:09,948 [INFO] src.corpus_acquisition.crawler: Downloading -> data/raw/images/peru21/2020/02/21/peru21_2020-02-21_16.jpg
2026-07-07 21:27:13,849 [INFO] src.corpus_acquisition.downloader: Downloading page 17 from https://t.prcdn.co/img?file=eag12020022100000000001001&page=17&scale=80
2026-07-07 21:27:13,849 [INFO] src.corpus_acquisition.crawler: Downloading -> data/raw/images/peru21/2020/02/21/peru21_2020-02-21_17.jpg
2026-07-07 21:27:17,319 [INFO] src.corpus_acquisition.downloader: Downloading page 18 from https://t.prcdn.co/img?file=eag12020022100000000001001&page=18&scale=80
2026-07-07 21:27:17,322 [INFO] src.corpus_acquisition.crawler: Downloading -> data/raw/images/peru21/2020/02/21/peru21_2020-02-21_18.jpg
2026-07-07 21:27:20,768 [INFO] src.corpus_acquisition.downloader: Downloading page 19 from https://t.prcdn.co/img?file=eag12020022100000000001001&page=19&scale=80
2026-07-07 21:27:20,769 [INFO] src.corpus_acquisition.crawler: Downloading -> data/raw/images/peru21/2020/02/21/peru21_2020-02-21_19.jpg
2026-07-07 21:27:25,650 [INFO] src.corpus_acquisition.downloader: Downloading page 20 from https://t.prcdn.co/img?file=eag12020022100000000001001&page=20&scale=80
2026-07-07 21:27:25,650 [INFO] src.corpus_acquisition.crawler: Downloading -> data/raw/images/peru21/2020/02/21/peru21_2020-02-21_20.jpg
2026-07-07 21:27:29,407 [INFO] src.corpus_acquisition.downloader: Downloading page 21 from https://t.prcdn.co/img?file=eag12020022100000000001001&page=21&scale=80
2026-07-07 21:27:29,408 [INFO] src.corpus_acquisition.crawler: Downloading -> data/raw/images/peru21/2020/02/21/peru21_2020-02-21_21.jpg
2026-07-07 21:27:32,936 [INFO] src.corpus_acquisition.downloader: Downloading page 22 from https://t.prcdn.co/img?file=eag12020022100000000001001&page=22&scale=80
2026-07-07 21:27:32,937 [INFO] src.corpus_acquisition.crawler: Downloading -> data/raw/images/peru21/2020/02/21/peru21_2020-02-21_22.jpg
2026-07-07 21:27:36,312 [INFO] src.corpus_acquisition.downloader: Downloading page 23 from https://t.prcdn.co/img?file=eag12020022100000000001001&page=23&scale=80
2026-07-07 21:27:36,312 [INFO] src.corpus_acquisition.crawler: Downloading -> data/raw/images/peru21/2020/02/21/peru21_2020-02-21_23.jpg
2026-07-07 21:27:39,011 [INFO] src.corpus_acquisition.downloader: Downloading page 24 from https://t.prcdn.co/img?file=eag12020022100000000001001&page=24&scale=80
2026-07-07 21:27:39,011 [INFO] src.corpus_acquisition.crawler: Downloading -> data/raw/images/peru21/2020/02/21/peru21_2020-02-21_24.jpg
2026-07-07 21:27:42,799 [INFO] src.corpus_acquisition.downloader: Downloading page 25 from https://t.prcdn.co/img?file=eag12020022100000000001001&page=25&scale=80
2026-07-07 21:27:42,799 [INFO] src.corpus_acquisition.crawler: Downloading -> data/raw/images/peru21/2020/02/21/peru21_2020-02-21_25.jpg
2026-07-07 21:27:43,186 [WARNING] src.corpus_acquisition.downloader: Page 25 not found (1/3).
2026-07-07 21:27:43,186 [INFO] src.corpus_acquisition.downloader: Downloading page 26 from https://t.prcdn.co/img?file=eag12020022100000000001001&page=26&scale=80
2026-07-07 21:27:43,187 [INFO] src.corpus_acquisition.crawler: Downloading -> data/raw/images/peru21/2020/02/21/peru21_2020-02-21_26.jpg
2026-07-07 21:27:43,436 [WARNING] src.corpus_acquisition.downloader: Page 26 not found (2/3).
2026-07-07 21:27:43,436 [INFO] src.corpus_acquisition.downloader: Downloading page 27 from https://t.prcdn.co/img?file=eag12020022100000000001001&page=27&scale=80
2026-07-07 21:27:43,436 [INFO] src.corpus_acquisition.crawler: Downloading -> data/raw/images/peru21/2020/02/21/peru21_2020-02-21_27.jpg
2026-07-07 21:27:43,699 [WARNING] src.corpus_acquisition.downloader: Page 27 not found (3/3).
2026-07-07 21:27:43,699 [WARNING] src.corpus_acquisition.downloader: No new pages found after 3 attempts; stopping with 24 page(s).
2026-07-07 21:27:43,835 [INFO] src.corpus_acquisition.metadata_extractor: Saved metadata for 24 page(s) -> data/raw/metadata/raw_metadata.parquet (total rows: 96957)
2026-07-07 21:27:43,837 [INFO] src.corpus_acquisition.metadata_extractor: Saved crawl log -> data/raw/crawl_logs/peru21_2020-02-21.json (status=success)
2026-07-07 21:27:46,524 [INFO] src.corpus_acquisition.downloader: Downloading page 1 from https://t.prcdn.co/img?file=eag12020022200000000001001&page=1&scale=80
2026-07-07 21:27:46,525 [INFO] src.corpus_acquisition.crawler: Downloading -> data/raw/images/peru21/2020/02/22/peru21_2020-02-22_1.jpg
2026-07-07 21:27:46,797 [WARNING] src.corpus_acquisition.downloader: Page 1 not found (1/3).
2026-07-07 21:27:46,798 [INFO] src.corpus_acquisition.downloader: Downloading page 2 from https://t.prcdn.co/img?file=eag12020022200000000001001&page=2&scale=80
2026-07-07 21:27:46,799 [INFO] src.corpus_acquisition.crawler: Downloading -> data/raw/images/peru21/2020/02/22/peru21_2020-02-22_2.jpg
2026-07-07 21:27:47,056 [WARNING] src.corpus_acquisition.downloader: Page 2 not found (2/3).
2026-07-07 21:27:47,057 [INFO] src.corpus_acquisition.downloader: Downloading page 3 from https://t.prcdn.co/img?file=eag12020022200000000001001&page=3&scale=80
2026-07-07 21:27:47,057 [INFO] src.corpus_acquisition.crawler: Downloading -> data/raw/images/peru21/2020/02/22/peru21_2020-02-22_3.jpg
2026-07-07 21:27:47,339 [WARNING] src.corpus_acquisition.downloader: Page 3 not found (3/3).
2026-07-07 21:27:47,339 [WARNING] src.corpus_acquisition.downloader: No new pages found after 3 attempts; stopping with 0 page(s).
2026-07-07 21:27:47,341 [INFO] src.corpus_acquisition.metadata_extractor: Saved crawl log -> data/raw/crawl_logs/peru21_2020-02-22.json (status=failed)
2026-07-07 21:27:50,250 [INFO] src.corpus_acquisition.downloader: Downloading page 1 from https://t.prcdn.co/img?file=eag12020022300000000001001&page=1&scale=80
2026-07-07 21:27:50,251 [INFO] src.corpus_acquisition.crawler: Downloading -> data/raw/images/peru21/2020/02/23/peru21_2020-02-23_1.jpg
2026-07-07 21:27:53,374 [INFO] src.corpus_acquisition.downloader: Downloading page 2 from https://t.prcdn.co/img?file=eag12020022300000000001001&page=2&scale=80
2026-07-07 21:27:53,375 [INFO] src.corpus_acquisition.crawler: Downloading -> data/raw/images/peru21/2020/02/23/peru21_2020-02-23_2.jpg
2026-07-07 21:27:57,917 [INFO] src.corpus_acquisition.downloader: Downloading page 3 from https://t.prcdn.co/img?file=eag12020022300000000001001&page=3&scale=80
2026-07-07 21:27:57,917 [INFO] src.corpus_acquisition.crawler: Downloading -> data/raw/images/peru21/2020/02/23/peru21_2020-02-23_3.jpg
2026-07-07 21:28:01,375 [INFO] src.corpus_acquisition.downloader: Downloading page 4 from https://t.prcdn.co/img?file=eag12020022300000000001001&page=4&scale=80
2026-07-07 21:28:01,375 [INFO] src.corpus_acquisition.crawler: Downloading -> data/raw/images/peru21/2020/02/23/peru21_2020-02-23_4.jpg
2026-07-07 21:28:04,620 [INFO] src.corpus_acquisition.downloader: Downloading page 5 from https://t.prcdn.co/img?file=eag12020022300000000001001&page=5&scale=80
2026-07-07 21:28:04,620 [INFO] src.corpus_acquisition.crawler: Downloading -> data/raw/images/peru21/2020/02/23/peru21_2020-02-23_5.jpg
2026-07-07 21:28:07,896 [INFO] src.corpus_acquisition.downloader: Downloading page 6 from https://t.prcdn.co/img?file=eag12020022300000000001001&page=6&scale=80
2026-07-07 21:28:07,896 [INFO] src.corpus_acquisition.crawler: Downloading -> data/raw/images/peru21/2020/02/23/peru21_2020-02-23_6.jpg
2026-07-07 21:28:11,717 [INFO] src.corpus_acquisition.downloader: Downloading page 7 from https://t.prcdn.co/img?file=eag12020022300000000001001&page=7&scale=80
2026-07-07 21:28:11,717 [INFO] src.corpus_acquisition.crawler: Downloading -> data/raw/images/peru21/2020/02/23/peru21_2020-02-23_7.jpg
2026-07-07 21:28:14,520 [INFO] src.corpus_acquisition.downloader: Downloading page 8 from https://t.prcdn.co/img?file=eag12020022300000000001001&page=8&scale=80
2026-07-07 21:28:14,520 [INFO] src.corpus_acquisition.crawler: Downloading -> data/raw/images/peru21/2020/02/23/peru21_2020-02-23_8.jpg
2026-07-07 21:28:17,605 [INFO] src.corpus_acquisition.downloader: Downloading page 9 from https://t.prcdn.co/img?file=eag12020022300000000001001&page=9&scale=80
2026-07-07 21:28:17,605 [INFO] src.corpus_acquisition.crawler: Downloading -> data/raw/images/peru21/2020/02/23/peru21_2020-02-23_9.jpg
2026-07-07 21:28:20,833 [INFO] src.corpus_acquisition.downloader: Downloading page 10 from https://t.prcdn.co/img?file=eag12020022300000000001001&page=10&scale=80
2026-07-07 21:28:20,833 [INFO] src.corpus_acquisition.crawler: Downloading -> data/raw/images/peru21/2020/02/23/peru21_2020-02-23_10.jpg
2026-07-07 21:28:23,241 [INFO] src.corpus_acquisition.downloader: Downloading page 11 from https://t.prcdn.co/img?file=eag12020022300000000001001&page=11&scale=80
2026-07-07 21:28:23,241 [INFO] src.corpus_acquisition.crawler: Downloading -> data/raw/images/peru21/2020/02/23/peru21_2020-02-23_11.jpg
2026-07-07 21:28:26,914 [INFO] src.corpus_acquisition.downloader: Downloading page 12 from https://t.prcdn.co/img?file=eag12020022300000000001001&page=12&scale=80
2026-07-07 21:28:26,914 [INFO] src.corpus_acquisition.crawler: Downloading -> data/raw/images/peru21/2020/02/23/peru21_2020-02-23_12.jpg
2026-07-07 21:28:29,920 [INFO] src.corpus_acquisition.downloader: Downloading page 13 from https://t.prcdn.co/img?file=eag12020022300000000001001&page=13&scale=80
2026-07-07 21:28:29,920 [INFO] src.corpus_acquisition.crawler: Downloading -> data/raw/images/peru21/2020/02/23/peru21_2020-02-23_13.jpg
2026-07-07 21:28:33,093 [INFO] src.corpus_acquisition.downloader: Downloading page 14 from https://t.prcdn.co/img?file=eag12020022300000000001001&page=14&scale=80
2026-07-07 21:28:33,094 [INFO] src.corpus_acquisition.crawler: Downloading -> data/raw/images/peru21/2020/02/23/peru21_2020-02-23_14.jpg
2026-07-07 21:28:35,893 [INFO] src.corpus_acquisition.downloader: Downloading page 15 from https://t.prcdn.co/img?file=eag12020022300000000001001&page=15&scale=80
2026-07-07 21:28:35,894 [INFO] src.corpus_acquisition.crawler: Downloading -> data/raw/images/peru21/2020/02/23/peru21_2020-02-23_15.jpg
2026-07-07 21:28:39,439 [INFO] src.corpus_acquisition.downloader: Downloading page 16 from https://t.prcdn.co/img?file=eag12020022300000000001001&page=16&scale=80
2026-07-07 21:28:39,439 [INFO] src.corpus_acquisition.crawler: Downloading -> data/raw/images/peru21/2020/02/23/peru21_2020-02-23_16.jpg
2026-07-07 21:28:43,755 [INFO] src.corpus_acquisition.downloader: Downloading page 17 from https://t.prcdn.co/img?file=eag12020022300000000001001&page=17&scale=80
2026-07-07 21:28:43,756 [INFO] src.corpus_acquisition.crawler: Downloading -> data/raw/images/peru21/2020/02/23/peru21_2020-02-23_17.jpg
2026-07-07 21:28:46,546 [INFO] src.corpus_acquisition.downloader: Downloading page 18 from https://t.prcdn.co/img?file=eag12020022300000000001001&page=18&scale=80
2026-07-07 21:28:46,546 [INFO] src.corpus_acquisition.crawler: Downloading -> data/raw/images/peru21/2020/02/23/peru21_2020-02-23_18.jpg
2026-07-07 21:28:50,307 [INFO] src.corpus_acquisition.downloader: Downloading page 19 from https://t.prcdn.co/img?file=eag12020022300000000001001&page=19&scale=80
2026-07-07 21:28:50,308 [INFO] src.corpus_acquisition.crawler: Downloading -> data/raw/images/peru21/2020/02/23/peru21_2020-02-23_19.jpg
2026-07-07 21:28:54,003 [INFO] src.corpus_acquisition.downloader: Downloading page 20 from https://t.prcdn.co/img?file=eag12020022300000000001001&page=20&scale=80
2026-07-07 21:28:54,003 [INFO] src.corpus_acquisition.crawler: Downloading -> data/raw/images/peru21/2020/02/23/peru21_2020-02-23_20.jpg
2026-07-07 21:28:56,932 [INFO] src.corpus_acquisition.downloader: Downloading page 21 from https://t.prcdn.co/img?file=eag12020022300000000001001&page=21&scale=80
2026-07-07 21:28:56,932 [INFO] src.corpus_acquisition.crawler: Downloading -> data/raw/images/peru21/2020/02/23/peru21_2020-02-23_21.jpg
2026-07-07 21:29:00,838 [INFO] src.corpus_acquisition.downloader: Downloading page 22 from https://t.prcdn.co/img?file=eag12020022300000000001001&page=22&scale=80
2026-07-07 21:29:00,838 [INFO] src.corpus_acquisition.crawler: Downloading -> data/raw/images/peru21/2020/02/23/peru21_2020-02-23_22.jpg
2026-07-07 21:29:04,410 [INFO] src.corpus_acquisition.downloader: Downloading page 23 from https://t.prcdn.co/img?file=eag12020022300000000001001&page=23&scale=80
2026-07-07 21:29:04,410 [INFO] src.corpus_acquisition.crawler: Downloading -> data/raw/images/peru21/2020/02/23/peru21_2020-02-23_23.jpg
2026-07-07 21:29:07,208 [INFO] src.corpus_acquisition.downloader: Downloading page 24 from https://t.prcdn.co/img?file=eag12020022300000000001001&page=24&scale=80
2026-07-07 21:29:07,208 [INFO] src.corpus_acquisition.crawler: Downloading -> data/raw/images/peru21/2020/02/23/peru21_2020-02-23_24.jpg
2026-07-07 21:29:09,970 [INFO] src.corpus_acquisition.downloader: Downloading page 25 from https://t.prcdn.co/img?file=eag12020022300000000001001&page=25&scale=80
2026-07-07 21:29:09,970 [INFO] src.corpus_acquisition.crawler: Downloading -> data/raw/images/peru21/2020/02/23/peru21_2020-02-23_25.jpg
2026-07-07 21:29:13,692 [INFO] src.corpus_acquisition.downloader: Downloading page 26 from https://t.prcdn.co/img?file=eag12020022300000000001001&page=26&scale=80
2026-07-07 21:29:13,692 [INFO] src.corpus_acquisition.crawler: Downloading -> data/raw/images/peru21/2020/02/23/peru21_2020-02-23_26.jpg
2026-07-07 21:29:17,615 [INFO] src.corpus_acquisition.downloader: Downloading page 27 from https://t.prcdn.co/img?file=eag12020022300000000001001&page=27&scale=80
2026-07-07 21:29:17,615 [INFO] src.corpus_acquisition.crawler: Downloading -> data/raw/images/peru21/2020/02/23/peru21_2020-02-23_27.jpg
2026-07-07 21:29:20,718 [INFO] src.corpus_acquisition.downloader: Downloading page 28 from https://t.prcdn.co/img?file=eag12020022300000000001001&page=28&scale=80
2026-07-07 21:29:20,718 [INFO] src.corpus_acquisition.crawler: Downloading -> data/raw/images/peru21/2020/02/23/peru21_2020-02-23_28.jpg
2026-07-07 21:29:24,374 [INFO] src.corpus_acquisition.downloader: Downloading page 29 from https://t.prcdn.co/img?file=eag12020022300000000001001&page=29&scale=80
2026-07-07 21:29:24,375 [INFO] src.corpus_acquisition.crawler: Downloading -> data/raw/images/peru21/2020/02/23/peru21_2020-02-23_29.jpg
2026-07-07 21:29:24,615 [WARNING] src.corpus_acquisition.downloader: Page 29 not found (1/3).
2026-07-07 21:29:24,615 [INFO] src.corpus_acquisition.downloader: Downloading page 30 from https://t.prcdn.co/img?file=eag12020022300000000001001&page=30&scale=80
2026-07-07 21:29:24,616 [INFO] src.corpus_acquisition.crawler: Downloading -> data/raw/images/peru21/2020/02/23/peru21_2020-02-23_30.jpg
2026-07-07 21:29:25,087 [WARNING] src.corpus_acquisition.downloader: Page 30 not found (2/3).
2026-07-07 21:29:25,087 [INFO] src.corpus_acquisition.downloader: Downloading page 31 from https://t.prcdn.co/img?file=eag12020022300000000001001&page=31&scale=80
2026-07-07 21:29:25,087 [INFO] src.corpus_acquisition.crawler: Downloading -> data/raw/images/peru21/2020/02/23/peru21_2020-02-23_31.jpg
2026-07-07 21:29:25,312 [WARNING] src.corpus_acquisition.downloader: Page 31 not found (3/3).
2026-07-07 21:29:25,312 [WARNING] src.corpus_acquisition.downloader: No new pages found after 3 attempts; stopping with 28 page(s).
2026-07-07 21:29:25,441 [INFO] src.corpus_acquisition.metadata_extractor: Saved metadata for 28 page(s) -> data/raw/metadata/raw_metadata.parquet (total rows: 97035)
2026-07-07 21:29:25,443 [INFO] src.corpus_acquisition.metadata_extractor: Saved crawl log -> data/raw/crawl_logs/peru21_2020-02-23.json (status=success)
2026-07-07 21:29:27,670 [INFO] src.corpus_acquisition.downloader: Downloading page 1 from https://t.prcdn.co/img?file=eag12020022400000000001001&page=1&scale=80
2026-07-07 21:29:27,671 [INFO] src.corpus_acquisition.crawler: Downloading -> data/raw/images/peru21/2020/02/24/peru21_2020-02-24_1.jpg
2026-07-07 21:29:30,838 [INFO] src.corpus_acquisition.downloader: Downloading page 2 from https://t.prcdn.co/img?file=eag12020022400000000001001&page=2&scale=80
2026-07-07 21:29:30,838 [INFO] src.corpus_acquisition.crawler: Downloading -> data/raw/images/peru21/2020/02/24/peru21_2020-02-24_2.jpg
2026-07-07 21:29:34,973 [INFO] src.corpus_acquisition.downloader: Downloading page 3 from https://t.prcdn.co/img?file=eag12020022400000000001001&page=3&scale=80
2026-07-07 21:29:34,973 [INFO] src.corpus_acquisition.crawler: Downloading -> data/raw/images/peru21/2020/02/24/peru21_2020-02-24_3.jpg
2026-07-07 21:29:38,042 [INFO] src.corpus_acquisition.downloader: Downloading page 4 from https://t.prcdn.co/img?file=eag12020022400000000001001&page=4&scale=80
2026-07-07 21:29:38,042 [INFO] src.corpus_acquisition.crawler: Downloading -> data/raw/images/peru21/2020/02/24/peru21_2020-02-24_4.jpg
2026-07-07 21:29:40,922 [INFO] src.corpus_acquisition.downloader: Downloading page 5 from https://t.prcdn.co/img?file=eag12020022400000000001001&page=5&scale=80
2026-07-07 21:29:40,923 [INFO] src.corpus_acquisition.crawler: Downloading -> data/raw/images/peru21/2020/02/24/peru21_2020-02-24_5.jpg
2026-07-07 21:29:44,468 [INFO] src.corpus_acquisition.downloader: Downloading page 6 from https://t.prcdn.co/img?file=eag12020022400000000001001&page=6&scale=80
2026-07-07 21:29:44,468 [INFO] src.corpus_acquisition.crawler: Downloading -> data/raw/images/peru21/2020/02/24/peru21_2020-02-24_6.jpg
2026-07-07 21:29:47,797 [INFO] src.corpus_acquisition.downloader: Downloading page 7 from https://t.prcdn.co/img?file=eag12020022400000000001001&page=7&scale=80
2026-07-07 21:29:47,797 [INFO] src.corpus_acquisition.crawler: Downloading -> data/raw/images/peru21/2020/02/24/peru21_2020-02-24_7.jpg
2026-07-07 21:29:50,484 [INFO] src.corpus_acquisition.downloader: Downloading page 8 from https://t.prcdn.co/img?file=eag12020022400000000001001&page=8&scale=80
2026-07-07 21:29:50,484 [INFO] src.corpus_acquisition.crawler: Downloading -> data/raw/images/peru21/2020/02/24/peru21_2020-02-24_8.jpg
2026-07-07 21:29:53,800 [INFO] src.corpus_acquisition.downloader: Downloading page 9 from https://t.prcdn.co/img?file=eag12020022400000000001001&page=9&scale=80
2026-07-07 21:29:53,800 [INFO] src.corpus_acquisition.crawler: Downloading -> data/raw/images/peru21/2020/02/24/peru21_2020-02-24_9.jpg
2026-07-07 21:29:57,251 [INFO] src.corpus_acquisition.downloader: Downloading page 10 from https://t.prcdn.co/img?file=eag12020022400000000001001&page=10&scale=80
2026-07-07 21:29:57,251 [INFO] src.corpus_acquisition.crawler: Downloading -> data/raw/images/peru21/2020/02/24/peru21_2020-02-24_10.jpg
2026-07-07 21:30:00,369 [INFO] src.corpus_acquisition.downloader: Downloading page 11 from https://t.prcdn.co/img?file=eag12020022400000000001001&page=11&scale=80
2026-07-07 21:30:00,370 [INFO] src.corpus_acquisition.crawler: Downloading -> data/raw/images/peru21/2020/02/24/peru21_2020-02-24_11.jpg
2026-07-07 21:30:04,476 [INFO] src.corpus_acquisition.downloader: Downloading page 12 from https://t.prcdn.co/img?file=eag12020022400000000001001&page=12&scale=80
2026-07-07 21:30:04,476 [INFO] src.corpus_acquisition.crawler: Downloading -> data/raw/images/peru21/2020/02/24/peru21_2020-02-24_12.jpg
2026-07-07 21:30:07,449 [INFO] src.corpus_acquisition.downloader: Downloading page 13 from https://t.prcdn.co/img?file=eag12020022400000000001001&page=13&scale=80
2026-07-07 21:30:07,450 [INFO] src.corpus_acquisition.crawler: Downloading -> data/raw/images/peru21/2020/02/24/peru21_2020-02-24_13.jpg
2026-07-07 21:30:10,973 [INFO] src.corpus_acquisition.downloader: Downloading page 14 from https://t.prcdn.co/img?file=eag12020022400000000001001&page=14&scale=80
2026-07-07 21:30:10,973 [INFO] src.corpus_acquisition.crawler: Downloading -> data/raw/images/peru21/2020/02/24/peru21_2020-02-24_14.jpg
2026-07-07 21:30:14,662 [INFO] src.corpus_acquisition.downloader: Downloading page 15 from https://t.prcdn.co/img?file=eag12020022400000000001001&page=15&scale=80
2026-07-07 21:30:14,662 [INFO] src.corpus_acquisition.crawler: Downloading -> data/raw/images/peru21/2020/02/24/peru21_2020-02-24_15.jpg
2026-07-07 21:30:17,800 [INFO] src.corpus_acquisition.downloader: Downloading page 16 from https://t.prcdn.co/img?file=eag12020022400000000001001&page=16&scale=80
2026-07-07 21:30:17,800 [INFO] src.corpus_acquisition.crawler: Downloading -> data/raw/images/peru21/2020/02/24/peru21_2020-02-24_16.jpg
2026-07-07 21:30:21,015 [INFO] src.corpus_acquisition.downloader: Downloading page 17 from https://t.prcdn.co/img?file=eag12020022400000000001001&page=17&scale=80
2026-07-07 21:30:21,016 [INFO] src.corpus_acquisition.crawler: Downloading -> data/raw/images/peru21/2020/02/24/peru21_2020-02-24_17.jpg
2026-07-07 21:30:24,671 [INFO] src.corpus_acquisition.downloader: Downloading page 18 from https://t.prcdn.co/img?file=eag12020022400000000001001&page=18&scale=80
2026-07-07 21:30:24,671 [INFO] src.corpus_acquisition.crawler: Downloading -> data/raw/images/peru21/2020/02/24/peru21_2020-02-24_18.jpg
2026-07-07 21:30:27,840 [INFO] src.corpus_acquisition.downloader: Downloading page 19 from https://t.prcdn.co/img?file=eag12020022400000000001001&page=19&scale=80
2026-07-07 21:30:27,840 [INFO] src.corpus_acquisition.crawler: Downloading -> data/raw/images/peru21/2020/02/24/peru21_2020-02-24_19.jpg
2026-07-07 21:30:30,870 [INFO] src.corpus_acquisition.downloader: Downloading page 20 from https://t.prcdn.co/img?file=eag12020022400000000001001&page=20&scale=80
2026-07-07 21:30:30,870 [INFO] src.corpus_acquisition.crawler: Downloading -> data/raw/images/peru21/2020/02/24/peru21_2020-02-24_20.jpg
2026-07-07 21:30:34,339 [INFO] src.corpus_acquisition.downloader: Downloading page 21 from https://t.prcdn.co/img?file=eag12020022400000000001001&page=21&scale=80
2026-07-07 21:30:34,340 [INFO] src.corpus_acquisition.crawler: Downloading -> data/raw/images/peru21/2020/02/24/peru21_2020-02-24_21.jpg
2026-07-07 21:30:38,416 [INFO] src.corpus_acquisition.downloader: Downloading page 22 from https://t.prcdn.co/img?file=eag12020022400000000001001&page=22&scale=80
2026-07-07 21:30:38,416 [INFO] src.corpus_acquisition.crawler: Downloading -> data/raw/images/peru21/2020/02/24/peru21_2020-02-24_22.jpg
2026-07-07 21:30:41,428 [INFO] src.corpus_acquisition.downloader: Downloading page 23 from https://t.prcdn.co/img?file=eag12020022400000000001001&page=23&scale=80
2026-07-07 21:30:41,429 [INFO] src.corpus_acquisition.crawler: Downloading -> data/raw/images/peru21/2020/02/24/peru21_2020-02-24_23.jpg
2026-07-07 21:30:44,256 [INFO] src.corpus_acquisition.downloader: Downloading page 24 from https://t.prcdn.co/img?file=eag12020022400000000001001&page=24&scale=80
2026-07-07 21:30:44,257 [INFO] src.corpus_acquisition.crawler: Downloading -> data/raw/images/peru21/2020/02/24/peru21_2020-02-24_24.jpg
2026-07-07 21:30:48,304 [INFO] src.corpus_acquisition.downloader: Downloading page 25 from https://t.prcdn.co/img?file=eag12020022400000000001001&page=25&scale=80
2026-07-07 21:30:48,305 [INFO] src.corpus_acquisition.crawler: Downloading -> data/raw/images/peru21/2020/02/24/peru21_2020-02-24_25.jpg
2026-07-07 21:30:48,535 [WARNING] src.corpus_acquisition.downloader: Page 25 not found (1/3).
2026-07-07 21:30:48,535 [INFO] src.corpus_acquisition.downloader: Downloading page 26 from https://t.prcdn.co/img?file=eag12020022400000000001001&page=26&scale=80
2026-07-07 21:30:48,535 [INFO] src.corpus_acquisition.crawler: Downloading -> data/raw/images/peru21/2020/02/24/peru21_2020-02-24_26.jpg
2026-07-07 21:30:48,786 [WARNING] src.corpus_acquisition.downloader: Page 26 not found (2/3).
2026-07-07 21:30:48,786 [INFO] src.corpus_acquisition.downloader: Downloading page 27 from https://t.prcdn.co/img?file=eag12020022400000000001001&page=27&scale=80
2026-07-07 21:30:48,787 [INFO] src.corpus_acquisition.crawler: Downloading -> data/raw/images/peru21/2020/02/24/peru21_2020-02-24_27.jpg
2026-07-07 21:30:49,014 [WARNING] src.corpus_acquisition.downloader: Page 27 not found (3/3).
2026-07-07 21:30:49,014 [WARNING] src.corpus_acquisition.downloader: No new pages found after 3 attempts; stopping with 24 page(s).
2026-07-07 21:30:49,146 [INFO] src.corpus_acquisition.metadata_extractor: Saved metadata for 24 page(s) -> data/raw/metadata/raw_metadata.parquet (total rows: 97228)
2026-07-07 21:30:49,148 [INFO] src.corpus_acquisition.metadata_extractor: Saved crawl log -> data/raw/crawl_logs/peru21_2020-02-24.json (status=success)
2026-07-07 21:30:51,521 [INFO] src.corpus_acquisition.downloader: Downloading page 1 from https://t.prcdn.co/img?file=eag12020022500000000001001&page=1&scale=80
2026-07-07 21:30:51,521 [INFO] src.corpus_acquisition.crawler: Downloading -> data/raw/images/peru21/2020/02/25/peru21_2020-02-25_1.jpg
2026-07-07 21:30:54,704 [INFO] src.corpus_acquisition.downloader: Downloading page 2 from https://t.prcdn.co/img?file=eag12020022500000000001001&page=2&scale=80
2026-07-07 21:30:54,704 [INFO] src.corpus_acquisition.crawler: Downloading -> data/raw/images/peru21/2020/02/25/peru21_2020-02-25_2.jpg
2026-07-07 21:30:58,102 [INFO] src.corpus_acquisition.downloader: Downloading page 3 from https://t.prcdn.co/img?file=eag12020022500000000001001&page=3&scale=80
2026-07-07 21:30:58,103 [INFO] src.corpus_acquisition.crawler: Downloading -> data/raw/images/peru21/2020/02/25/peru21_2020-02-25_3.jpg
2026-07-07 21:31:01,372 [INFO] src.corpus_acquisition.downloader: Downloading page 4 from https://t.prcdn.co/img?file=eag12020022500000000001001&page=4&scale=80
2026-07-07 21:31:01,373 [INFO] src.corpus_acquisition.crawler: Downloading -> data/raw/images/peru21/2020/02/25/peru21_2020-02-25_4.jpg
2026-07-07 21:31:04,728 [INFO] src.corpus_acquisition.downloader: Downloading page 5 from https://t.prcdn.co/img?file=eag12020022500000000001001&page=5&scale=80
2026-07-07 21:31:04,728 [INFO] src.corpus_acquisition.crawler: Downloading -> data/raw/images/peru21/2020/02/25/peru21_2020-02-25_5.jpg
2026-07-07 21:31:08,355 [INFO] src.corpus_acquisition.downloader: Downloading page 6 from https://t.prcdn.co/img?file=eag12020022500000000001001&page=6&scale=80
2026-07-07 21:31:08,356 [INFO] src.corpus_acquisition.crawler: Downloading -> data/raw/images/peru21/2020/02/25/peru21_2020-02-25_6.jpg
2026-07-07 21:31:12,816 [INFO] src.corpus_acquisition.downloader: Downloading page 7 from https://t.prcdn.co/img?file=eag12020022500000000001001&page=7&scale=80
2026-07-07 21:31:12,816 [INFO] src.corpus_acquisition.crawler: Downloading -> data/raw/images/peru21/2020/02/25/peru21_2020-02-25_7.jpg
2026-07-07 21:31:17,012 [INFO] src.corpus_acquisition.downloader: Downloading page 8 from https://t.prcdn.co/img?file=eag12020022500000000001001&page=8&scale=80
2026-07-07 21:31:17,012 [INFO] src.corpus_acquisition.crawler: Downloading -> data/raw/images/peru21/2020/02/25/peru21_2020-02-25_8.jpg
2026-07-07 21:31:20,808 [INFO] src.corpus_acquisition.downloader: Downloading page 9 from https://t.prcdn.co/img?file=eag12020022500000000001001&page=9&scale=80
2026-07-07 21:31:20,809 [INFO] src.corpus_acquisition.crawler: Downloading -> data/raw/images/peru21/2020/02/25/peru21_2020-02-25_9.jpg
2026-07-07 21:31:24,339 [INFO] src.corpus_acquisition.downloader: Downloading page 10 from https://t.prcdn.co/img?file=eag12020022500000000001001&page=10&scale=80
2026-07-07 21:31:24,339 [INFO] src.corpus_acquisition.crawler: Downloading -> data/raw/images/peru21/2020/02/25/peru21_2020-02-25_10.jpg
2026-07-07 21:31:27,908 [INFO] src.corpus_acquisition.downloader: Downloading page 11 from https://t.prcdn.co/img?file=eag12020022500000000001001&page=11&scale=80
2026-07-07 21:31:27,908 [INFO] src.corpus_acquisition.crawler: Downloading -> data/raw/images/peru21/2020/02/25/peru21_2020-02-25_11.jpg
2026-07-07 21:31:31,805 [INFO] src.corpus_acquisition.downloader: Downloading page 12 from https://t.prcdn.co/img?file=eag12020022500000000001001&page=12&scale=80
2026-07-07 21:31:31,805 [INFO] src.corpus_acquisition.crawler: Downloading -> data/raw/images/peru21/2020/02/25/peru21_2020-02-25_12.jpg
2026-07-07 21:31:34,731 [INFO] src.corpus_acquisition.downloader: Downloading page 13 from https://t.prcdn.co/img?file=eag12020022500000000001001&page=13&scale=80
2026-07-07 21:31:34,731 [INFO] src.corpus_acquisition.crawler: Downloading -> data/raw/images/peru21/2020/02/25/peru21_2020-02-25_13.jpg
2026-07-07 21:31:37,290 [INFO] src.corpus_acquisition.downloader: Downloading page 14 from https://t.prcdn.co/img?file=eag12020022500000000001001&page=14&scale=80
2026-07-07 21:31:37,290 [INFO] src.corpus_acquisition.crawler: Downloading -> data/raw/images/peru21/2020/02/25/peru21_2020-02-25_14.jpg
2026-07-07 21:31:41,277 [INFO] src.corpus_acquisition.downloader: Downloading page 15 from https://t.prcdn.co/img?file=eag12020022500000000001001&page=15&scale=80
2026-07-07 21:31:41,277 [INFO] src.corpus_acquisition.crawler: Downloading -> data/raw/images/peru21/2020/02/25/peru21_2020-02-25_15.jpg
2026-07-07 21:31:43,964 [INFO] src.corpus_acquisition.downloader: Downloading page 16 from https://t.prcdn.co/img?file=eag12020022500000000001001&page=16&scale=80
2026-07-07 21:31:43,964 [INFO] src.corpus_acquisition.crawler: Downloading -> data/raw/images/peru21/2020/02/25/peru21_2020-02-25_16.jpg
2026-07-07 21:31:47,548 [INFO] src.corpus_acquisition.downloader: Downloading page 17 from https://t.prcdn.co/img?file=eag12020022500000000001001&page=17&scale=80
2026-07-07 21:31:47,548 [INFO] src.corpus_acquisition.crawler: Downloading -> data/raw/images/peru21/2020/02/25/peru21_2020-02-25_17.jpg
2026-07-07 21:31:50,247 [INFO] src.corpus_acquisition.downloader: Downloading page 18 from https://t.prcdn.co/img?file=eag12020022500000000001001&page=18&scale=80
2026-07-07 21:31:50,248 [INFO] src.corpus_acquisition.crawler: Downloading -> data/raw/images/peru21/2020/02/25/peru21_2020-02-25_18.jpg
2026-07-07 21:31:53,105 [INFO] src.corpus_acquisition.downloader: Downloading page 19 from https://t.prcdn.co/img?file=eag12020022500000000001001&page=19&scale=80
2026-07-07 21:31:53,106 [INFO] src.corpus_acquisition.crawler: Downloading -> data/raw/images/peru21/2020/02/25/peru21_2020-02-25_19.jpg
2026-07-07 21:31:56,001 [INFO] src.corpus_acquisition.downloader: Downloading page 20 from https://t.prcdn.co/img?file=eag12020022500000000001001&page=20&scale=80
2026-07-07 21:31:56,001 [INFO] src.corpus_acquisition.crawler: Downloading -> data/raw/images/peru21/2020/02/25/peru21_2020-02-25_20.jpg
2026-07-07 21:31:59,896 [INFO] src.corpus_acquisition.downloader: Downloading page 21 from https://t.prcdn.co/img?file=eag12020022500000000001001&page=21&scale=80
2026-07-07 21:31:59,896 [INFO] src.corpus_acquisition.crawler: Downloading -> data/raw/images/peru21/2020/02/25/peru21_2020-02-25_21.jpg
2026-07-07 21:32:03,503 [INFO] src.corpus_acquisition.downloader: Downloading page 22 from https://t.prcdn.co/img?file=eag12020022500000000001001&page=22&scale=80
2026-07-07 21:32:03,503 [INFO] src.corpus_acquisition.crawler: Downloading -> data/raw/images/peru21/2020/02/25/peru21_2020-02-25_22.jpg
2026-07-07 21:32:06,651 [INFO] src.corpus_acquisition.downloader: Downloading page 23 from https://t.prcdn.co/img?file=eag12020022500000000001001&page=23&scale=80
2026-07-07 21:32:06,651 [INFO] src.corpus_acquisition.crawler: Downloading -> data/raw/images/peru21/2020/02/25/peru21_2020-02-25_23.jpg
2026-07-07 21:32:09,872 [INFO] src.corpus_acquisition.downloader: Downloading page 24 from https://t.prcdn.co/img?file=eag12020022500000000001001&page=24&scale=80
2026-07-07 21:32:09,873 [INFO] src.corpus_acquisition.crawler: Downloading -> data/raw/images/peru21/2020/02/25/peru21_2020-02-25_24.jpg
2026-07-07 21:32:13,229 [INFO] src.corpus_acquisition.downloader: Downloading page 25 from https://t.prcdn.co/img?file=eag12020022500000000001001&page=25&scale=80
2026-07-07 21:32:13,230 [INFO] src.corpus_acquisition.crawler: Downloading -> data/raw/images/peru21/2020/02/25/peru21_2020-02-25_25.jpg
2026-07-07 21:32:13,469 [WARNING] src.corpus_acquisition.downloader: Page 25 not found (1/3).
2026-07-07 21:32:13,470 [INFO] src.corpus_acquisition.downloader: Downloading page 26 from https://t.prcdn.co/img?file=eag12020022500000000001001&page=26&scale=80
2026-07-07 21:32:13,470 [INFO] src.corpus_acquisition.crawler: Downloading -> data/raw/images/peru21/2020/02/25/peru21_2020-02-25_26.jpg
2026-07-07 21:32:13,723 [WARNING] src.corpus_acquisition.downloader: Page 26 not found (2/3).
2026-07-07 21:32:13,723 [INFO] src.corpus_acquisition.downloader: Downloading page 27 from https://t.prcdn.co/img?file=eag12020022500000000001001&page=27&scale=80
2026-07-07 21:32:13,724 [INFO] src.corpus_acquisition.crawler: Downloading -> data/raw/images/peru21/2020/02/25/peru21_2020-02-25_27.jpg
2026-07-07 21:32:13,941 [WARNING] src.corpus_acquisition.downloader: Page 27 not found (3/3).
2026-07-07 21:32:13,941 [WARNING] src.corpus_acquisition.downloader: No new pages found after 3 attempts; stopping with 24 page(s).
2026-07-07 21:32:14,076 [INFO] src.corpus_acquisition.metadata_extractor: Saved metadata for 24 page(s) -> data/raw/metadata/raw_metadata.parquet (total rows: 97368)
2026-07-07 21:32:14,078 [INFO] src.corpus_acquisition.metadata_extractor: Saved crawl log -> data/raw/crawl_logs/peru21_2020-02-25.json (status=success)
2026-07-07 21:32:16,565 [INFO] src.corpus_acquisition.downloader: Downloading page 1 from https://t.prcdn.co/img?file=eag12020022600000000001001&page=1&scale=80
2026-07-07 21:32:16,570 [INFO] src.corpus_acquisition.crawler: Downloading -> data/raw/images/peru21/2020/02/26/peru21_2020-02-26_1.jpg
2026-07-07 21:32:20,028 [INFO] src.corpus_acquisition.downloader: Downloading page 2 from https://t.prcdn.co/img?file=eag12020022600000000001001&page=2&scale=80
2026-07-07 21:32:20,028 [INFO] src.corpus_acquisition.crawler: Downloading -> data/raw/images/peru21/2020/02/26/peru21_2020-02-26_2.jpg
2026-07-07 21:32:25,074 [INFO] src.corpus_acquisition.downloader: Downloading page 3 from https://t.prcdn.co/img?file=eag12020022600000000001001&page=3&scale=80
2026-07-07 21:32:25,075 [INFO] src.corpus_acquisition.crawler: Downloading -> data/raw/images/peru21/2020/02/26/peru21_2020-02-26_3.jpg
2026-07-07 21:32:27,753 [INFO] src.corpus_acquisition.downloader: Downloading page 4 from https://t.prcdn.co/img?file=eag12020022600000000001001&page=4&scale=80
2026-07-07 21:32:27,754 [INFO] src.corpus_acquisition.crawler: Downloading -> data/raw/images/peru21/2020/02/26/peru21_2020-02-26_4.jpg
2026-07-07 21:32:31,282 [INFO] src.corpus_acquisition.downloader: Downloading page 5 from https://t.prcdn.co/img?file=eag12020022600000000001001&page=5&scale=80
2026-07-07 21:32:31,283 [INFO] src.corpus_acquisition.crawler: Downloading -> data/raw/images/peru21/2020/02/26/peru21_2020-02-26_5.jpg
2026-07-07 21:32:34,815 [INFO] src.corpus_acquisition.downloader: Downloading page 6 from https://t.prcdn.co/img?file=eag12020022600000000001001&page=6&scale=80
2026-07-07 21:32:34,816 [INFO] src.corpus_acquisition.crawler: Downloading -> data/raw/images/peru21/2020/02/26/peru21_2020-02-26_6.jpg
2026-07-07 21:32:38,002 [INFO] src.corpus_acquisition.downloader: Downloading page 7 from https://t.prcdn.co/img?file=eag12020022600000000001001&page=7&scale=80
2026-07-07 21:32:38,003 [INFO] src.corpus_acquisition.crawler: Downloading -> data/raw/images/peru21/2020/02/26/peru21_2020-02-26_7.jpg
2026-07-07 21:32:40,668 [INFO] src.corpus_acquisition.downloader: Downloading page 8 from https://t.prcdn.co/img?file=eag12020022600000000001001&page=8&scale=80
2026-07-07 21:32:40,668 [INFO] src.corpus_acquisition.crawler: Downloading -> data/raw/images/peru21/2020/02/26/peru21_2020-02-26_8.jpg
2026-07-07 21:32:44,415 [INFO] src.corpus_acquisition.downloader: Downloading page 9 from https://t.prcdn.co/img?file=eag12020022600000000001001&page=9&scale=80
2026-07-07 21:32:44,416 [INFO] src.corpus_acquisition.crawler: Downloading -> data/raw/images/peru21/2020/02/26/peru21_2020-02-26_9.jpg
2026-07-07 21:32:47,565 [INFO] src.corpus_acquisition.downloader: Downloading page 10 from https://t.prcdn.co/img?file=eag12020022600000000001001&page=10&scale=80
2026-07-07 21:32:47,566 [INFO] src.corpus_acquisition.crawler: Downloading -> data/raw/images/peru21/2020/02/26/peru21_2020-02-26_10.jpg
2026-07-07 21:32:51,107 [INFO] src.corpus_acquisition.downloader: Downloading page 11 from https://t.prcdn.co/img?file=eag12020022600000000001001&page=11&scale=80
2026-07-07 21:32:51,107 [INFO] src.corpus_acquisition.crawler: Downloading -> data/raw/images/peru21/2020/02/26/peru21_2020-02-26_11.jpg
2026-07-07 21:32:54,767 [INFO] src.corpus_acquisition.downloader: Downloading page 12 from https://t.prcdn.co/img?file=eag12020022600000000001001&page=12&scale=80
2026-07-07 21:32:54,767 [INFO] src.corpus_acquisition.crawler: Downloading -> data/raw/images/peru21/2020/02/26/peru21_2020-02-26_12.jpg
2026-07-07 21:32:58,201 [INFO] src.corpus_acquisition.downloader: Downloading page 13 from https://t.prcdn.co/img?file=eag12020022600000000001001&page=13&scale=80
2026-07-07 21:32:58,202 [INFO] src.corpus_acquisition.crawler: Downloading -> data/raw/images/peru21/2020/02/26/peru21_2020-02-26_13.jpg
2026-07-07 21:33:01,047 [INFO] src.corpus_acquisition.downloader: Downloading page 14 from https://t.prcdn.co/img?file=eag12020022600000000001001&page=14&scale=80
2026-07-07 21:33:01,047 [INFO] src.corpus_acquisition.crawler: Downloading -> data/raw/images/peru21/2020/02/26/peru21_2020-02-26_14.jpg
2026-07-07 21:33:04,280 [INFO] src.corpus_acquisition.downloader: Downloading page 15 from https://t.prcdn.co/img?file=eag12020022600000000001001&page=15&scale=80
2026-07-07 21:33:04,280 [INFO] src.corpus_acquisition.crawler: Downloading -> data/raw/images/peru21/2020/02/26/peru21_2020-02-26_15.jpg
2026-07-07 21:33:06,854 [INFO] src.corpus_acquisition.downloader: Downloading page 16 from https://t.prcdn.co/img?file=eag12020022600000000001001&page=16&scale=80
2026-07-07 21:33:06,854 [INFO] src.corpus_acquisition.crawler: Downloading -> data/raw/images/peru21/2020/02/26/peru21_2020-02-26_16.jpg
2026-07-07 21:33:10,486 [INFO] src.corpus_acquisition.downloader: Downloading page 17 from https://t.prcdn.co/img?file=eag12020022600000000001001&page=17&scale=80
2026-07-07 21:33:10,486 [INFO] src.corpus_acquisition.crawler: Downloading -> data/raw/images/peru21/2020/02/26/peru21_2020-02-26_17.jpg
2026-07-07 21:33:12,961 [INFO] src.corpus_acquisition.downloader: Downloading page 18 from https://t.prcdn.co/img?file=eag12020022600000000001001&page=18&scale=80
2026-07-07 21:33:12,962 [INFO] src.corpus_acquisition.crawler: Downloading -> data/raw/images/peru21/2020/02/26/peru21_2020-02-26_18.jpg
2026-07-07 21:33:16,967 [INFO] src.corpus_acquisition.downloader: Downloading page 19 from https://t.prcdn.co/img?file=eag12020022600000000001001&page=19&scale=80
2026-07-07 21:33:16,967 [INFO] src.corpus_acquisition.crawler: Downloading -> data/raw/images/peru21/2020/02/26/peru21_2020-02-26_19.jpg
2026-07-07 21:33:21,293 [INFO] src.corpus_acquisition.downloader: Downloading page 20 from https://t.prcdn.co/img?file=eag12020022600000000001001&page=20&scale=80
2026-07-07 21:33:21,293 [INFO] src.corpus_acquisition.crawler: Downloading -> data/raw/images/peru21/2020/02/26/peru21_2020-02-26_20.jpg
2026-07-07 21:33:24,256 [INFO] src.corpus_acquisition.downloader: Downloading page 21 from https://t.prcdn.co/img?file=eag12020022600000000001001&page=21&scale=80
2026-07-07 21:33:24,257 [INFO] src.corpus_acquisition.crawler: Downloading -> data/raw/images/peru21/2020/02/26/peru21_2020-02-26_21.jpg
2026-07-07 21:33:27,382 [INFO] src.corpus_acquisition.downloader: Downloading page 22 from https://t.prcdn.co/img?file=eag12020022600000000001001&page=22&scale=80
2026-07-07 21:33:27,382 [INFO] src.corpus_acquisition.crawler: Downloading -> data/raw/images/peru21/2020/02/26/peru21_2020-02-26_22.jpg
2026-07-07 21:33:31,014 [INFO] src.corpus_acquisition.downloader: Downloading page 23 from https://t.prcdn.co/img?file=eag12020022600000000001001&page=23&scale=80
2026-07-07 21:33:31,014 [INFO] src.corpus_acquisition.crawler: Downloading -> data/raw/images/peru21/2020/02/26/peru21_2020-02-26_23.jpg
2026-07-07 21:33:34,511 [INFO] src.corpus_acquisition.downloader: Downloading page 24 from https://t.prcdn.co/img?file=eag12020022600000000001001&page=24&scale=80
2026-07-07 21:33:34,511 [INFO] src.corpus_acquisition.crawler: Downloading -> data/raw/images/peru21/2020/02/26/peru21_2020-02-26_24.jpg
2026-07-07 21:33:37,836 [INFO] src.corpus_acquisition.downloader: Downloading page 25 from https://t.prcdn.co/img?file=eag12020022600000000001001&page=25&scale=80
2026-07-07 21:33:37,836 [INFO] src.corpus_acquisition.crawler: Downloading -> data/raw/images/peru21/2020/02/26/peru21_2020-02-26_25.jpg
2026-07-07 21:33:38,084 [WARNING] src.corpus_acquisition.downloader: Page 25 not found (1/3).
2026-07-07 21:33:38,085 [INFO] src.corpus_acquisition.downloader: Downloading page 26 from https://t.prcdn.co/img?file=eag12020022600000000001001&page=26&scale=80
2026-07-07 21:33:38,085 [INFO] src.corpus_acquisition.crawler: Downloading -> data/raw/images/peru21/2020/02/26/peru21_2020-02-26_26.jpg
2026-07-07 21:33:38,422 [WARNING] src.corpus_acquisition.downloader: Page 26 not found (2/3).
2026-07-07 21:33:38,422 [INFO] src.corpus_acquisition.downloader: Downloading page 27 from https://t.prcdn.co/img?file=eag12020022600000000001001&page=27&scale=80
2026-07-07 21:33:38,423 [INFO] src.corpus_acquisition.crawler: Downloading -> data/raw/images/peru21/2020/02/26/peru21_2020-02-26_27.jpg
2026-07-07 21:33:38,653 [WARNING] src.corpus_acquisition.downloader: Page 27 not found (3/3).
2026-07-07 21:33:38,653 [WARNING] src.corpus_acquisition.downloader: No new pages found after 3 attempts; stopping with 24 page(s).
2026-07-07 21:33:38,786 [INFO] src.corpus_acquisition.metadata_extractor: Saved metadata for 24 page(s) -> data/raw/metadata/raw_metadata.parquet (total rows: 97504)
2026-07-07 21:33:38,789 [INFO] src.corpus_acquisition.metadata_extractor: Saved crawl log -> data/raw/crawl_logs/peru21_2020-02-26.json (status=success)
2026-07-07 21:33:41,782 [INFO] src.corpus_acquisition.downloader: Downloading page 1 from https://t.prcdn.co/img?file=eag12020022700000000001001&page=1&scale=80
2026-07-07 21:33:41,783 [INFO] src.corpus_acquisition.crawler: Downloading -> data/raw/images/peru21/2020/02/27/peru21_2020-02-27_1.jpg
2026-07-07 21:33:44,248 [INFO] src.corpus_acquisition.downloader: Downloading page 2 from https://t.prcdn.co/img?file=eag12020022700000000001001&page=2&scale=80
2026-07-07 21:33:44,248 [INFO] src.corpus_acquisition.crawler: Downloading -> data/raw/images/peru21/2020/02/27/peru21_2020-02-27_2.jpg
2026-07-07 21:33:48,430 [INFO] src.corpus_acquisition.downloader: Downloading page 3 from https://t.prcdn.co/img?file=eag12020022700000000001001&page=3&scale=80
2026-07-07 21:33:48,430 [INFO] src.corpus_acquisition.crawler: Downloading -> data/raw/images/peru21/2020/02/27/peru21_2020-02-27_3.jpg
2026-07-07 21:33:52,378 [INFO] src.corpus_acquisition.downloader: Downloading page 4 from https://t.prcdn.co/img?file=eag12020022700000000001001&page=4&scale=80
2026-07-07 21:33:52,379 [INFO] src.corpus_acquisition.crawler: Downloading -> data/raw/images/peru21/2020/02/27/peru21_2020-02-27_4.jpg
2026-07-07 21:33:55,535 [INFO] src.corpus_acquisition.downloader: Downloading page 5 from https://t.prcdn.co/img?file=eag12020022700000000001001&page=5&scale=80
2026-07-07 21:33:55,535 [INFO] src.corpus_acquisition.crawler: Downloading -> data/raw/images/peru21/2020/02/27/peru21_2020-02-27_5.jpg
2026-07-07 21:33:59,256 [INFO] src.corpus_acquisition.downloader: Downloading page 6 from https://t.prcdn.co/img?file=eag12020022700000000001001&page=6&scale=80
2026-07-07 21:33:59,256 [INFO] src.corpus_acquisition.crawler: Downloading -> data/raw/images/peru21/2020/02/27/peru21_2020-02-27_6.jpg
2026-07-07 21:34:02,556 [INFO] src.corpus_acquisition.downloader: Downloading page 7 from https://t.prcdn.co/img?file=eag12020022700000000001001&page=7&scale=80
2026-07-07 21:34:02,556 [INFO] src.corpus_acquisition.crawler: Downloading -> data/raw/images/peru21/2020/02/27/peru21_2020-02-27_7.jpg
2026-07-07 21:34:06,665 [INFO] src.corpus_acquisition.downloader: Downloading page 8 from https://t.prcdn.co/img?file=eag12020022700000000001001&page=8&scale=80
2026-07-07 21:34:06,666 [INFO] src.corpus_acquisition.crawler: Downloading -> data/raw/images/peru21/2020/02/27/peru21_2020-02-27_8.jpg
2026-07-07 21:34:09,594 [INFO] src.corpus_acquisition.downloader: Downloading page 9 from https://t.prcdn.co/img?file=eag12020022700000000001001&page=9&scale=80
2026-07-07 21:34:09,595 [INFO] src.corpus_acquisition.crawler: Downloading -> data/raw/images/peru21/2020/02/27/peru21_2020-02-27_9.jpg
2026-07-07 21:34:13,389 [INFO] src.corpus_acquisition.downloader: Downloading page 10 from https://t.prcdn.co/img?file=eag12020022700000000001001&page=10&scale=80
2026-07-07 21:34:13,389 [INFO] src.corpus_acquisition.crawler: Downloading -> data/raw/images/peru21/2020/02/27/peru21_2020-02-27_10.jpg
2026-07-07 21:34:16,354 [INFO] src.corpus_acquisition.downloader: Downloading page 11 from https://t.prcdn.co/img?file=eag12020022700000000001001&page=11&scale=80
2026-07-07 21:34:16,354 [INFO] src.corpus_acquisition.crawler: Downloading -> data/raw/images/peru21/2020/02/27/peru21_2020-02-27_11.jpg
2026-07-07 21:34:20,116 [INFO] src.corpus_acquisition.downloader: Downloading page 12 from https://t.prcdn.co/img?file=eag12020022700000000001001&page=12&scale=80
2026-07-07 21:34:20,116 [INFO] src.corpus_acquisition.crawler: Downloading -> data/raw/images/peru21/2020/02/27/peru21_2020-02-27_12.jpg
2026-07-07 21:34:23,467 [INFO] src.corpus_acquisition.downloader: Downloading page 13 from https://t.prcdn.co/img?file=eag12020022700000000001001&page=13&scale=80
2026-07-07 21:34:23,468 [INFO] src.corpus_acquisition.crawler: Downloading -> data/raw/images/peru21/2020/02/27/peru21_2020-02-27_13.jpg
2026-07-07 21:34:27,098 [INFO] src.corpus_acquisition.downloader: Downloading page 14 from https://t.prcdn.co/img?file=eag12020022700000000001001&page=14&scale=80
2026-07-07 21:34:27,099 [INFO] src.corpus_acquisition.crawler: Downloading -> data/raw/images/peru21/2020/02/27/peru21_2020-02-27_14.jpg
2026-07-07 21:34:30,361 [INFO] src.corpus_acquisition.downloader: Downloading page 15 from https://t.prcdn.co/img?file=eag12020022700000000001001&page=15&scale=80
2026-07-07 21:34:30,361 [INFO] src.corpus_acquisition.crawler: Downloading -> data/raw/images/peru21/2020/02/27/peru21_2020-02-27_15.jpg
2026-07-07 21:34:33,746 [INFO] src.corpus_acquisition.downloader: Downloading page 16 from https://t.prcdn.co/img?file=eag12020022700000000001001&page=16&scale=80
2026-07-07 21:34:33,747 [INFO] src.corpus_acquisition.crawler: Downloading -> data/raw/images/peru21/2020/02/27/peru21_2020-02-27_16.jpg
2026-07-07 21:34:37,665 [INFO] src.corpus_acquisition.downloader: Downloading page 17 from https://t.prcdn.co/img?file=eag12020022700000000001001&page=17&scale=80
2026-07-07 21:34:37,666 [INFO] src.corpus_acquisition.crawler: Downloading -> data/raw/images/peru21/2020/02/27/peru21_2020-02-27_17.jpg
2026-07-07 21:34:41,272 [INFO] src.corpus_acquisition.downloader: Downloading page 18 from https://t.prcdn.co/img?file=eag12020022700000000001001&page=18&scale=80
2026-07-07 21:34:41,273 [INFO] src.corpus_acquisition.crawler: Downloading -> data/raw/images/peru21/2020/02/27/peru21_2020-02-27_18.jpg
2026-07-07 21:34:44,602 [INFO] src.corpus_acquisition.downloader: Downloading page 19 from https://t.prcdn.co/img?file=eag12020022700000000001001&page=19&scale=80
2026-07-07 21:34:44,602 [INFO] src.corpus_acquisition.crawler: Downloading -> data/raw/images/peru21/2020/02/27/peru21_2020-02-27_19.jpg
2026-07-07 21:34:48,156 [INFO] src.corpus_acquisition.downloader: Downloading page 20 from https://t.prcdn.co/img?file=eag12020022700000000001001&page=20&scale=80
2026-07-07 21:34:48,156 [INFO] src.corpus_acquisition.crawler: Downloading -> data/raw/images/peru21/2020/02/27/peru21_2020-02-27_20.jpg
2026-07-07 21:34:51,598 [INFO] src.corpus_acquisition.downloader: Downloading page 21 from https://t.prcdn.co/img?file=eag12020022700000000001001&page=21&scale=80
2026-07-07 21:34:51,598 [INFO] src.corpus_acquisition.crawler: Downloading -> data/raw/images/peru21/2020/02/27/peru21_2020-02-27_21.jpg
2026-07-07 21:34:55,700 [INFO] src.corpus_acquisition.downloader: Downloading page 22 from https://t.prcdn.co/img?file=eag12020022700000000001001&page=22&scale=80
2026-07-07 21:34:55,700 [INFO] src.corpus_acquisition.crawler: Downloading -> data/raw/images/peru21/2020/02/27/peru21_2020-02-27_22.jpg
2026-07-07 21:34:59,474 [INFO] src.corpus_acquisition.downloader: Downloading page 23 from https://t.prcdn.co/img?file=eag12020022700000000001001&page=23&scale=80
2026-07-07 21:34:59,474 [INFO] src.corpus_acquisition.crawler: Downloading -> data/raw/images/peru21/2020/02/27/peru21_2020-02-27_23.jpg
2026-07-07 21:35:02,731 [INFO] src.corpus_acquisition.downloader: Downloading page 24 from https://t.prcdn.co/img?file=eag12020022700000000001001&page=24&scale=80
2026-07-07 21:35:02,732 [INFO] src.corpus_acquisition.crawler: Downloading -> data/raw/images/peru21/2020/02/27/peru21_2020-02-27_24.jpg
2026-07-07 21:35:05,360 [INFO] src.corpus_acquisition.downloader: Downloading page 25 from https://t.prcdn.co/img?file=eag12020022700000000001001&page=25&scale=80
2026-07-07 21:35:05,361 [INFO] src.corpus_acquisition.crawler: Downloading -> data/raw/images/peru21/2020/02/27/peru21_2020-02-27_25.jpg
2026-07-07 21:35:05,615 [WARNING] src.corpus_acquisition.downloader: Page 25 not found (1/3).
2026-07-07 21:35:05,616 [INFO] src.corpus_acquisition.downloader: Downloading page 26 from https://t.prcdn.co/img?file=eag12020022700000000001001&page=26&scale=80
2026-07-07 21:35:05,616 [INFO] src.corpus_acquisition.crawler: Downloading -> data/raw/images/peru21/2020/02/27/peru21_2020-02-27_26.jpg
2026-07-07 21:35:05,870 [WARNING] src.corpus_acquisition.downloader: Page 26 not found (2/3).
2026-07-07 21:35:05,870 [INFO] src.corpus_acquisition.downloader: Downloading page 27 from https://t.prcdn.co/img?file=eag12020022700000000001001&page=27&scale=80
2026-07-07 21:35:05,870 [INFO] src.corpus_acquisition.crawler: Downloading -> data/raw/images/peru21/2020/02/27/peru21_2020-02-27_27.jpg
2026-07-07 21:35:06,111 [WARNING] src.corpus_acquisition.downloader: Page 27 not found (3/3).
2026-07-07 21:35:06,111 [WARNING] src.corpus_acquisition.downloader: No new pages found after 3 attempts; stopping with 24 page(s).
2026-07-07 21:35:06,241 [INFO] src.corpus_acquisition.metadata_extractor: Saved metadata for 24 page(s) -> data/raw/metadata/raw_metadata.parquet (total rows: 97652)
2026-07-07 21:35:06,243 [INFO] src.corpus_acquisition.metadata_extractor: Saved crawl log -> data/raw/crawl_logs/peru21_2020-02-27.json (status=success)
2026-07-07 21:35:08,472 [INFO] src.corpus_acquisition.downloader: Downloading page 1 from https://t.prcdn.co/img?file=eag12020022800000000001001&page=1&scale=80
2026-07-07 21:35:08,473 [INFO] src.corpus_acquisition.crawler: Downloading -> data/raw/images/peru21/2020/02/28/peru21_2020-02-28_1.jpg
2026-07-07 21:35:11,235 [INFO] src.corpus_acquisition.downloader: Downloading page 2 from https://t.prcdn.co/img?file=eag12020022800000000001001&page=2&scale=80
2026-07-07 21:35:11,236 [INFO] src.corpus_acquisition.crawler: Downloading -> data/raw/images/peru21/2020/02/28/peru21_2020-02-28_2.jpg
2026-07-07 21:35:16,364 [INFO] src.corpus_acquisition.downloader: Downloading page 3 from https://t.prcdn.co/img?file=eag12020022800000000001001&page=3&scale=80
2026-07-07 21:35:16,364 [INFO] src.corpus_acquisition.crawler: Downloading -> data/raw/images/peru21/2020/02/28/peru21_2020-02-28_3.jpg
2026-07-07 21:35:19,133 [INFO] src.corpus_acquisition.downloader: Downloading page 4 from https://t.prcdn.co/img?file=eag12020022800000000001001&page=4&scale=80
2026-07-07 21:35:19,133 [INFO] src.corpus_acquisition.crawler: Downloading -> data/raw/images/peru21/2020/02/28/peru21_2020-02-28_4.jpg
2026-07-07 21:35:22,318 [INFO] src.corpus_acquisition.downloader: Downloading page 5 from https://t.prcdn.co/img?file=eag12020022800000000001001&page=5&scale=80
2026-07-07 21:35:22,318 [INFO] src.corpus_acquisition.crawler: Downloading -> data/raw/images/peru21/2020/02/28/peru21_2020-02-28_5.jpg
2026-07-07 21:35:25,710 [INFO] src.corpus_acquisition.downloader: Downloading page 6 from https://t.prcdn.co/img?file=eag12020022800000000001001&page=6&scale=80
2026-07-07 21:35:25,711 [INFO] src.corpus_acquisition.crawler: Downloading -> data/raw/images/peru21/2020/02/28/peru21_2020-02-28_6.jpg
2026-07-07 21:35:28,676 [INFO] src.corpus_acquisition.downloader: Downloading page 7 from https://t.prcdn.co/img?file=eag12020022800000000001001&page=7&scale=80
2026-07-07 21:35:28,677 [INFO] src.corpus_acquisition.crawler: Downloading -> data/raw/images/peru21/2020/02/28/peru21_2020-02-28_7.jpg
2026-07-07 21:35:31,982 [INFO] src.corpus_acquisition.downloader: Downloading page 8 from https://t.prcdn.co/img?file=eag12020022800000000001001&page=8&scale=80
2026-07-07 21:35:31,983 [INFO] src.corpus_acquisition.crawler: Downloading -> data/raw/images/peru21/2020/02/28/peru21_2020-02-28_8.jpg
2026-07-07 21:35:35,511 [INFO] src.corpus_acquisition.downloader: Downloading page 9 from https://t.prcdn.co/img?file=eag12020022800000000001001&page=9&scale=80
2026-07-07 21:35:35,511 [INFO] src.corpus_acquisition.crawler: Downloading -> data/raw/images/peru21/2020/02/28/peru21_2020-02-28_9.jpg
2026-07-07 21:35:39,046 [INFO] src.corpus_acquisition.downloader: Downloading page 10 from https://t.prcdn.co/img?file=eag12020022800000000001001&page=10&scale=80
2026-07-07 21:35:39,047 [INFO] src.corpus_acquisition.crawler: Downloading -> data/raw/images/peru21/2020/02/28/peru21_2020-02-28_10.jpg
2026-07-07 21:35:42,226 [INFO] src.corpus_acquisition.downloader: Downloading page 11 from https://t.prcdn.co/img?file=eag12020022800000000001001&page=11&scale=80
2026-07-07 21:35:42,226 [INFO] src.corpus_acquisition.crawler: Downloading -> data/raw/images/peru21/2020/02/28/peru21_2020-02-28_11.jpg
2026-07-07 21:35:46,256 [INFO] src.corpus_acquisition.downloader: Downloading page 12 from https://t.prcdn.co/img?file=eag12020022800000000001001&page=12&scale=80
2026-07-07 21:35:46,257 [INFO] src.corpus_acquisition.crawler: Downloading -> data/raw/images/peru21/2020/02/28/peru21_2020-02-28_12.jpg
2026-07-07 21:35:49,183 [INFO] src.corpus_acquisition.downloader: Downloading page 13 from https://t.prcdn.co/img?file=eag12020022800000000001001&page=13&scale=80
2026-07-07 21:35:49,184 [INFO] src.corpus_acquisition.crawler: Downloading -> data/raw/images/peru21/2020/02/28/peru21_2020-02-28_13.jpg
2026-07-07 21:35:52,547 [INFO] src.corpus_acquisition.downloader: Downloading page 14 from https://t.prcdn.co/img?file=eag12020022800000000001001&page=14&scale=80
2026-07-07 21:35:52,548 [INFO] src.corpus_acquisition.crawler: Downloading -> data/raw/images/peru21/2020/02/28/peru21_2020-02-28_14.jpg
2026-07-07 21:35:56,986 [INFO] src.corpus_acquisition.downloader: Downloading page 15 from https://t.prcdn.co/img?file=eag12020022800000000001001&page=15&scale=80
2026-07-07 21:35:56,986 [INFO] src.corpus_acquisition.crawler: Downloading -> data/raw/images/peru21/2020/02/28/peru21_2020-02-28_15.jpg
2026-07-07 21:36:00,444 [INFO] src.corpus_acquisition.downloader: Downloading page 16 from https://t.prcdn.co/img?file=eag12020022800000000001001&page=16&scale=80
2026-07-07 21:36:00,445 [INFO] src.corpus_acquisition.crawler: Downloading -> data/raw/images/peru21/2020/02/28/peru21_2020-02-28_16.jpg
2026-07-07 21:36:03,601 [INFO] src.corpus_acquisition.downloader: Downloading page 17 from https://t.prcdn.co/img?file=eag12020022800000000001001&page=17&scale=80
2026-07-07 21:36:03,601 [INFO] src.corpus_acquisition.crawler: Downloading -> data/raw/images/peru21/2020/02/28/peru21_2020-02-28_17.jpg
2026-07-07 21:36:07,244 [INFO] src.corpus_acquisition.downloader: Downloading page 18 from https://t.prcdn.co/img?file=eag12020022800000000001001&page=18&scale=80
2026-07-07 21:36:07,244 [INFO] src.corpus_acquisition.crawler: Downloading -> data/raw/images/peru21/2020/02/28/peru21_2020-02-28_18.jpg
2026-07-07 21:36:10,961 [INFO] src.corpus_acquisition.downloader: Downloading page 19 from https://t.prcdn.co/img?file=eag12020022800000000001001&page=19&scale=80
2026-07-07 21:36:10,962 [INFO] src.corpus_acquisition.crawler: Downloading -> data/raw/images/peru21/2020/02/28/peru21_2020-02-28_19.jpg
2026-07-07 21:36:14,278 [INFO] src.corpus_acquisition.downloader: Downloading page 20 from https://t.prcdn.co/img?file=eag12020022800000000001001&page=20&scale=80
2026-07-07 21:36:14,278 [INFO] src.corpus_acquisition.crawler: Downloading -> data/raw/images/peru21/2020/02/28/peru21_2020-02-28_20.jpg
2026-07-07 21:36:17,358 [INFO] src.corpus_acquisition.downloader: Downloading page 21 from https://t.prcdn.co/img?file=eag12020022800000000001001&page=21&scale=80
2026-07-07 21:36:17,358 [INFO] src.corpus_acquisition.crawler: Downloading -> data/raw/images/peru21/2020/02/28/peru21_2020-02-28_21.jpg
2026-07-07 21:36:20,786 [INFO] src.corpus_acquisition.downloader: Downloading page 22 from https://t.prcdn.co/img?file=eag12020022800000000001001&page=22&scale=80
2026-07-07 21:36:20,787 [INFO] src.corpus_acquisition.crawler: Downloading -> data/raw/images/peru21/2020/02/28/peru21_2020-02-28_22.jpg
2026-07-07 21:36:24,486 [INFO] src.corpus_acquisition.downloader: Downloading page 23 from https://t.prcdn.co/img?file=eag12020022800000000001001&page=23&scale=80
2026-07-07 21:36:24,486 [INFO] src.corpus_acquisition.crawler: Downloading -> data/raw/images/peru21/2020/02/28/peru21_2020-02-28_23.jpg
2026-07-07 21:36:28,140 [INFO] src.corpus_acquisition.downloader: Downloading page 24 from https://t.prcdn.co/img?file=eag12020022800000000001001&page=24&scale=80
2026-07-07 21:36:28,140 [INFO] src.corpus_acquisition.crawler: Downloading -> data/raw/images/peru21/2020/02/28/peru21_2020-02-28_24.jpg
2026-07-07 21:36:32,027 [INFO] src.corpus_acquisition.downloader: Downloading page 25 from https://t.prcdn.co/img?file=eag12020022800000000001001&page=25&scale=80
2026-07-07 21:36:32,028 [INFO] src.corpus_acquisition.crawler: Downloading -> data/raw/images/peru21/2020/02/28/peru21_2020-02-28_25.jpg
2026-07-07 21:36:32,262 [WARNING] src.corpus_acquisition.downloader: Page 25 not found (1/3).
2026-07-07 21:36:32,263 [INFO] src.corpus_acquisition.downloader: Downloading page 26 from https://t.prcdn.co/img?file=eag12020022800000000001001&page=26&scale=80
2026-07-07 21:36:32,263 [INFO] src.corpus_acquisition.crawler: Downloading -> data/raw/images/peru21/2020/02/28/peru21_2020-02-28_26.jpg
2026-07-07 21:36:32,509 [WARNING] src.corpus_acquisition.downloader: Page 26 not found (2/3).
2026-07-07 21:36:32,510 [INFO] src.corpus_acquisition.downloader: Downloading page 27 from https://t.prcdn.co/img?file=eag12020022800000000001001&page=27&scale=80
2026-07-07 21:36:32,510 [INFO] src.corpus_acquisition.crawler: Downloading -> data/raw/images/peru21/2020/02/28/peru21_2020-02-28_27.jpg
2026-07-07 21:36:32,756 [WARNING] src.corpus_acquisition.downloader: Page 27 not found (3/3).
2026-07-07 21:36:32,756 [WARNING] src.corpus_acquisition.downloader: No new pages found after 3 attempts; stopping with 24 page(s).
2026-07-07 21:36:32,884 [INFO] src.corpus_acquisition.metadata_extractor: Saved metadata for 24 page(s) -> data/raw/metadata/raw_metadata.parquet (total rows: 97824)
2026-07-07 21:36:32,887 [INFO] src.corpus_acquisition.metadata_extractor: Saved crawl log -> data/raw/crawl_logs/peru21_2020-02-28.json (status=success)
2026-07-07 21:36:34,961 [INFO] src.corpus_acquisition.downloader: Downloading page 1 from https://t.prcdn.co/img?file=eag12020022900000000001001&page=1&scale=80
2026-07-07 21:36:34,961 [INFO] src.corpus_acquisition.crawler: Downloading -> data/raw/images/peru21/2020/02/29/peru21_2020-02-29_1.jpg
2026-07-07 21:36:38,015 [INFO] src.corpus_acquisition.downloader: Downloading page 2 from https://t.prcdn.co/img?file=eag12020022900000000001001&page=2&scale=80
2026-07-07 21:36:38,015 [INFO] src.corpus_acquisition.crawler: Downloading -> data/raw/images/peru21/2020/02/29/peru21_2020-02-29_2.jpg
2026-07-07 21:36:41,972 [INFO] src.corpus_acquisition.downloader: Downloading page 3 from https://t.prcdn.co/img?file=eag12020022900000000001001&page=3&scale=80
2026-07-07 21:36:41,973 [INFO] src.corpus_acquisition.crawler: Downloading -> data/raw/images/peru21/2020/02/29/peru21_2020-02-29_3.jpg
2026-07-07 21:36:45,095 [INFO] src.corpus_acquisition.downloader: Downloading page 4 from https://t.prcdn.co/img?file=eag12020022900000000001001&page=4&scale=80
2026-07-07 21:36:45,096 [INFO] src.corpus_acquisition.crawler: Downloading -> data/raw/images/peru21/2020/02/29/peru21_2020-02-29_4.jpg
2026-07-07 21:36:48,440 [INFO] src.corpus_acquisition.downloader: Downloading page 5 from https://t.prcdn.co/img?file=eag12020022900000000001001&page=5&scale=80
2026-07-07 21:36:48,441 [INFO] src.corpus_acquisition.crawler: Downloading -> data/raw/images/peru21/2020/02/29/peru21_2020-02-29_5.jpg
2026-07-07 21:36:51,651 [INFO] src.corpus_acquisition.downloader: Downloading page 6 from https://t.prcdn.co/img?file=eag12020022900000000001001&page=6&scale=80
2026-07-07 21:36:51,651 [INFO] src.corpus_acquisition.crawler: Downloading -> data/raw/images/peru21/2020/02/29/peru21_2020-02-29_6.jpg
2026-07-07 21:36:55,070 [INFO] src.corpus_acquisition.downloader: Downloading page 7 from https://t.prcdn.co/img?file=eag12020022900000000001001&page=7&scale=80
2026-07-07 21:36:55,072 [INFO] src.corpus_acquisition.crawler: Downloading -> data/raw/images/peru21/2020/02/29/peru21_2020-02-29_7.jpg
2026-07-07 21:36:58,317 [INFO] src.corpus_acquisition.downloader: Downloading page 8 from https://t.prcdn.co/img?file=eag12020022900000000001001&page=8&scale=80
2026-07-07 21:36:58,317 [INFO] src.corpus_acquisition.crawler: Downloading -> data/raw/images/peru21/2020/02/29/peru21_2020-02-29_8.jpg
2026-07-07 21:37:01,973 [INFO] src.corpus_acquisition.downloader: Downloading page 9 from https://t.prcdn.co/img?file=eag12020022900000000001001&page=9&scale=80
2026-07-07 21:37:01,973 [INFO] src.corpus_acquisition.crawler: Downloading -> data/raw/images/peru21/2020/02/29/peru21_2020-02-29_9.jpg
2026-07-07 21:37:05,799 [INFO] src.corpus_acquisition.downloader: Downloading page 10 from https://t.prcdn.co/img?file=eag12020022900000000001001&page=10&scale=80
2026-07-07 21:37:05,799 [INFO] src.corpus_acquisition.crawler: Downloading -> data/raw/images/peru21/2020/02/29/peru21_2020-02-29_10.jpg
2026-07-07 21:37:11,055 [INFO] src.corpus_acquisition.downloader: Downloading page 11 from https://t.prcdn.co/img?file=eag12020022900000000001001&page=11&scale=80
2026-07-07 21:37:11,055 [INFO] src.corpus_acquisition.crawler: Downloading -> data/raw/images/peru21/2020/02/29/peru21_2020-02-29_11.jpg
2026-07-07 21:37:14,246 [INFO] src.corpus_acquisition.downloader: Downloading page 12 from https://t.prcdn.co/img?file=eag12020022900000000001001&page=12&scale=80
2026-07-07 21:37:14,246 [INFO] src.corpus_acquisition.crawler: Downloading -> data/raw/images/peru21/2020/02/29/peru21_2020-02-29_12.jpg
2026-07-07 21:37:17,543 [INFO] src.corpus_acquisition.downloader: Downloading page 13 from https://t.prcdn.co/img?file=eag12020022900000000001001&page=13&scale=80
2026-07-07 21:37:17,543 [INFO] src.corpus_acquisition.crawler: Downloading -> data/raw/images/peru21/2020/02/29/peru21_2020-02-29_13.jpg
2026-07-07 21:37:20,655 [INFO] src.corpus_acquisition.downloader: Downloading page 14 from https://t.prcdn.co/img?file=eag12020022900000000001001&page=14&scale=80
2026-07-07 21:37:20,656 [INFO] src.corpus_acquisition.crawler: Downloading -> data/raw/images/peru21/2020/02/29/peru21_2020-02-29_14.jpg
2026-07-07 21:37:23,293 [INFO] src.corpus_acquisition.downloader: Downloading page 15 from https://t.prcdn.co/img?file=eag12020022900000000001001&page=15&scale=80
2026-07-07 21:37:23,293 [INFO] src.corpus_acquisition.crawler: Downloading -> data/raw/images/peru21/2020/02/29/peru21_2020-02-29_15.jpg
2026-07-07 21:37:25,777 [INFO] src.corpus_acquisition.downloader: Downloading page 16 from https://t.prcdn.co/img?file=eag12020022900000000001001&page=16&scale=80
2026-07-07 21:37:25,777 [INFO] src.corpus_acquisition.crawler: Downloading -> data/raw/images/peru21/2020/02/29/peru21_2020-02-29_16.jpg
2026-07-07 21:37:29,738 [INFO] src.corpus_acquisition.downloader: Downloading page 17 from https://t.prcdn.co/img?file=eag12020022900000000001001&page=17&scale=80
2026-07-07 21:37:29,738 [INFO] src.corpus_acquisition.crawler: Downloading -> data/raw/images/peru21/2020/02/29/peru21_2020-02-29_17.jpg
2026-07-07 21:37:32,579 [INFO] src.corpus_acquisition.downloader: Downloading page 18 from https://t.prcdn.co/img?file=eag12020022900000000001001&page=18&scale=80
2026-07-07 21:37:32,579 [INFO] src.corpus_acquisition.crawler: Downloading -> data/raw/images/peru21/2020/02/29/peru21_2020-02-29_18.jpg
2026-07-07 21:37:35,966 [INFO] src.corpus_acquisition.downloader: Downloading page 19 from https://t.prcdn.co/img?file=eag12020022900000000001001&page=19&scale=80
2026-07-07 21:37:35,966 [INFO] src.corpus_acquisition.crawler: Downloading -> data/raw/images/peru21/2020/02/29/peru21_2020-02-29_19.jpg
2026-07-07 21:37:39,133 [INFO] src.corpus_acquisition.downloader: Downloading page 20 from https://t.prcdn.co/img?file=eag12020022900000000001001&page=20&scale=80
2026-07-07 21:37:39,134 [INFO] src.corpus_acquisition.crawler: Downloading -> data/raw/images/peru21/2020/02/29/peru21_2020-02-29_20.jpg
2026-07-07 21:37:41,834 [INFO] src.corpus_acquisition.downloader: Downloading page 21 from https://t.prcdn.co/img?file=eag12020022900000000001001&page=21&scale=80
2026-07-07 21:37:41,834 [INFO] src.corpus_acquisition.crawler: Downloading -> data/raw/images/peru21/2020/02/29/peru21_2020-02-29_21.jpg
2026-07-07 21:37:46,209 [INFO] src.corpus_acquisition.downloader: Downloading page 22 from https://t.prcdn.co/img?file=eag12020022900000000001001&page=22&scale=80
2026-07-07 21:37:46,210 [INFO] src.corpus_acquisition.crawler: Downloading -> data/raw/images/peru21/2020/02/29/peru21_2020-02-29_22.jpg
2026-07-07 21:37:49,016 [INFO] src.corpus_acquisition.downloader: Downloading page 23 from https://t.prcdn.co/img?file=eag12020022900000000001001&page=23&scale=80
2026-07-07 21:37:49,017 [INFO] src.corpus_acquisition.crawler: Downloading -> data/raw/images/peru21/2020/02/29/peru21_2020-02-29_23.jpg
2026-07-07 21:37:52,622 [INFO] src.corpus_acquisition.downloader: Downloading page 24 from https://t.prcdn.co/img?file=eag12020022900000000001001&page=24&scale=80
2026-07-07 21:37:52,622 [INFO] src.corpus_acquisition.crawler: Downloading -> data/raw/images/peru21/2020/02/29/peru21_2020-02-29_24.jpg
2026-07-07 21:37:55,495 [INFO] src.corpus_acquisition.downloader: Downloading page 25 from https://t.prcdn.co/img?file=eag12020022900000000001001&page=25&scale=80
2026-07-07 21:37:55,495 [INFO] src.corpus_acquisition.crawler: Downloading -> data/raw/images/peru21/2020/02/29/peru21_2020-02-29_25.jpg
2026-07-07 21:37:55,725 [WARNING] src.corpus_acquisition.downloader: Page 25 not found (1/3).
2026-07-07 21:37:55,726 [INFO] src.corpus_acquisition.downloader: Downloading page 26 from https://t.prcdn.co/img?file=eag12020022900000000001001&page=26&scale=80
2026-07-07 21:37:55,726 [INFO] src.corpus_acquisition.crawler: Downloading -> data/raw/images/peru21/2020/02/29/peru21_2020-02-29_26.jpg
2026-07-07 21:37:55,952 [WARNING] src.corpus_acquisition.downloader: Page 26 not found (2/3).
2026-07-07 21:37:55,953 [INFO] src.corpus_acquisition.downloader: Downloading page 27 from https://t.prcdn.co/img?file=eag12020022900000000001001&page=27&scale=80
2026-07-07 21:37:55,953 [INFO] src.corpus_acquisition.crawler: Downloading -> data/raw/images/peru21/2020/02/29/peru21_2020-02-29_27.jpg
2026-07-07 21:37:56,178 [WARNING] src.corpus_acquisition.downloader: Page 27 not found (3/3).
2026-07-07 21:37:56,178 [WARNING] src.corpus_acquisition.downloader: No new pages found after 3 attempts; stopping with 24 page(s).
2026-07-07 21:37:56,315 [INFO] src.corpus_acquisition.metadata_extractor: Saved metadata for 24 page(s) -> data/raw/metadata/raw_metadata.parquet (total rows: 97964)
2026-07-07 21:37:56,318 [INFO] src.corpus_acquisition.metadata_extractor: Saved crawl log -> data/raw/crawl_logs/peru21_2020-02-29.json (status=success)
2026-07-07 21:37:58,545 [INFO] src.corpus_acquisition.downloader: Downloading page 1 from https://t.prcdn.co/img?file=eag12020030100000000001001&page=1&scale=80
2026-07-07 21:37:58,546 [INFO] src.corpus_acquisition.crawler: Downloading -> data/raw/images/peru21/2020/03/01/peru21_2020-03-01_1.jpg
2026-07-07 21:38:01,007 [INFO] src.corpus_acquisition.downloader: Downloading page 2 from https://t.prcdn.co/img?file=eag12020030100000000001001&page=2&scale=80
2026-07-07 21:38:01,008 [INFO] src.corpus_acquisition.crawler: Downloading -> data/raw/images/peru21/2020/03/01/peru21_2020-03-01_2.jpg
2026-07-07 21:38:05,093 [INFO] src.corpus_acquisition.downloader: Downloading page 3 from https://t.prcdn.co/img?file=eag12020030100000000001001&page=3&scale=80
2026-07-07 21:38:05,093 [INFO] src.corpus_acquisition.crawler: Downloading -> data/raw/images/peru21/2020/03/01/peru21_2020-03-01_3.jpg
2026-07-07 21:38:08,528 [INFO] src.corpus_acquisition.downloader: Downloading page 4 from https://t.prcdn.co/img?file=eag12020030100000000001001&page=4&scale=80
2026-07-07 21:38:08,528 [INFO] src.corpus_acquisition.crawler: Downloading -> data/raw/images/peru21/2020/03/01/peru21_2020-03-01_4.jpg
2026-07-07 21:38:11,712 [INFO] src.corpus_acquisition.downloader: Downloading page 5 from https://t.prcdn.co/img?file=eag12020030100000000001001&page=5&scale=80
2026-07-07 21:38:11,713 [INFO] src.corpus_acquisition.crawler: Downloading -> data/raw/images/peru21/2020/03/01/peru21_2020-03-01_5.jpg
2026-07-07 21:38:15,715 [INFO] src.corpus_acquisition.downloader: Downloading page 6 from https://t.prcdn.co/img?file=eag12020030100000000001001&page=6&scale=80
2026-07-07 21:38:15,716 [INFO] src.corpus_acquisition.crawler: Downloading -> data/raw/images/peru21/2020/03/01/peru21_2020-03-01_6.jpg
2026-07-07 21:38:19,416 [INFO] src.corpus_acquisition.downloader: Downloading page 7 from https://t.prcdn.co/img?file=eag12020030100000000001001&page=7&scale=80
2026-07-07 21:38:19,417 [INFO] src.corpus_acquisition.crawler: Downloading -> data/raw/images/peru21/2020/03/01/peru21_2020-03-01_7.jpg
2026-07-07 21:38:23,237 [INFO] src.corpus_acquisition.downloader: Downloading page 8 from https://t.prcdn.co/img?file=eag12020030100000000001001&page=8&scale=80
2026-07-07 21:38:23,238 [INFO] src.corpus_acquisition.crawler: Downloading -> data/raw/images/peru21/2020/03/01/peru21_2020-03-01_8.jpg
2026-07-07 21:38:26,267 [INFO] src.corpus_acquisition.downloader: Downloading page 9 from https://t.prcdn.co/img?file=eag12020030100000000001001&page=9&scale=80
2026-07-07 21:38:26,267 [INFO] src.corpus_acquisition.crawler: Downloading -> data/raw/images/peru21/2020/03/01/peru21_2020-03-01_9.jpg
2026-07-07 21:38:29,478 [INFO] src.corpus_acquisition.downloader: Downloading page 10 from https://t.prcdn.co/img?file=eag12020030100000000001001&page=10&scale=80
2026-07-07 21:38:29,478 [INFO] src.corpus_acquisition.crawler: Downloading -> data/raw/images/peru21/2020/03/01/peru21_2020-03-01_10.jpg
2026-07-07 21:38:33,126 [INFO] src.corpus_acquisition.downloader: Downloading page 11 from https://t.prcdn.co/img?file=eag12020030100000000001001&page=11&scale=80
2026-07-07 21:38:33,126 [INFO] src.corpus_acquisition.crawler: Downloading -> data/raw/images/peru21/2020/03/01/peru21_2020-03-01_11.jpg
2026-07-07 21:38:35,889 [INFO] src.corpus_acquisition.downloader: Downloading page 12 from https://t.prcdn.co/img?file=eag12020030100000000001001&page=12&scale=80
2026-07-07 21:38:35,889 [INFO] src.corpus_acquisition.crawler: Downloading -> data/raw/images/peru21/2020/03/01/peru21_2020-03-01_12.jpg
2026-07-07 21:38:38,974 [INFO] src.corpus_acquisition.downloader: Downloading page 13 from https://t.prcdn.co/img?file=eag12020030100000000001001&page=13&scale=80
2026-07-07 21:38:38,975 [INFO] src.corpus_acquisition.crawler: Downloading -> data/raw/images/peru21/2020/03/01/peru21_2020-03-01_13.jpg
2026-07-07 21:38:42,751 [INFO] src.corpus_acquisition.downloader: Downloading page 14 from https://t.prcdn.co/img?file=eag12020030100000000001001&page=14&scale=80
2026-07-07 21:38:42,751 [INFO] src.corpus_acquisition.crawler: Downloading -> data/raw/images/peru21/2020/03/01/peru21_2020-03-01_14.jpg
2026-07-07 21:38:45,973 [INFO] src.corpus_acquisition.downloader: Downloading page 15 from https://t.prcdn.co/img?file=eag12020030100000000001001&page=15&scale=80
2026-07-07 21:38:45,974 [INFO] src.corpus_acquisition.crawler: Downloading -> data/raw/images/peru21/2020/03/01/peru21_2020-03-01_15.jpg
2026-07-07 21:38:49,731 [INFO] src.corpus_acquisition.downloader: Downloading page 16 from https://t.prcdn.co/img?file=eag12020030100000000001001&page=16&scale=80
2026-07-07 21:38:49,731 [INFO] src.corpus_acquisition.crawler: Downloading -> data/raw/images/peru21/2020/03/01/peru21_2020-03-01_16.jpg
2026-07-07 21:38:52,553 [INFO] src.corpus_acquisition.downloader: Downloading page 17 from https://t.prcdn.co/img?file=eag12020030100000000001001&page=17&scale=80
2026-07-07 21:38:52,554 [INFO] src.corpus_acquisition.crawler: Downloading -> data/raw/images/peru21/2020/03/01/peru21_2020-03-01_17.jpg
2026-07-07 21:38:56,201 [INFO] src.corpus_acquisition.downloader: Downloading page 18 from https://t.prcdn.co/img?file=eag12020030100000000001001&page=18&scale=80
2026-07-07 21:38:56,201 [INFO] src.corpus_acquisition.crawler: Downloading -> data/raw/images/peru21/2020/03/01/peru21_2020-03-01_18.jpg
2026-07-07 21:38:59,385 [INFO] src.corpus_acquisition.downloader: Downloading page 19 from https://t.prcdn.co/img?file=eag12020030100000000001001&page=19&scale=80
2026-07-07 21:38:59,386 [INFO] src.corpus_acquisition.crawler: Downloading -> data/raw/images/peru21/2020/03/01/peru21_2020-03-01_19.jpg
2026-07-07 21:39:02,388 [INFO] src.corpus_acquisition.downloader: Downloading page 20 from https://t.prcdn.co/img?file=eag12020030100000000001001&page=20&scale=80
2026-07-07 21:39:02,389 [INFO] src.corpus_acquisition.crawler: Downloading -> data/raw/images/peru21/2020/03/01/peru21_2020-03-01_20.jpg
2026-07-07 21:39:05,232 [INFO] src.corpus_acquisition.downloader: Downloading page 21 from https://t.prcdn.co/img?file=eag12020030100000000001001&page=21&scale=80
2026-07-07 21:39:05,232 [INFO] src.corpus_acquisition.crawler: Downloading -> data/raw/images/peru21/2020/03/01/peru21_2020-03-01_21.jpg
2026-07-07 21:39:08,815 [INFO] src.corpus_acquisition.downloader: Downloading page 22 from https://t.prcdn.co/img?file=eag12020030100000000001001&page=22&scale=80
2026-07-07 21:39:08,815 [INFO] src.corpus_acquisition.crawler: Downloading -> data/raw/images/peru21/2020/03/01/peru21_2020-03-01_22.jpg
2026-07-07 21:39:11,739 [INFO] src.corpus_acquisition.downloader: Downloading page 23 from https://t.prcdn.co/img?file=eag12020030100000000001001&page=23&scale=80
2026-07-07 21:39:11,739 [INFO] src.corpus_acquisition.crawler: Downloading -> data/raw/images/peru21/2020/03/01/peru21_2020-03-01_23.jpg
2026-07-07 21:39:14,711 [INFO] src.corpus_acquisition.downloader: Downloading page 24 from https://t.prcdn.co/img?file=eag12020030100000000001001&page=24&scale=80
2026-07-07 21:39:14,712 [INFO] src.corpus_acquisition.crawler: Downloading -> data/raw/images/peru21/2020/03/01/peru21_2020-03-01_24.jpg
2026-07-07 21:39:17,260 [INFO] src.corpus_acquisition.downloader: Downloading page 25 from https://t.prcdn.co/img?file=eag12020030100000000001001&page=25&scale=80
2026-07-07 21:39:17,260 [INFO] src.corpus_acquisition.crawler: Downloading -> data/raw/images/peru21/2020/03/01/peru21_2020-03-01_25.jpg
2026-07-07 21:39:20,597 [INFO] src.corpus_acquisition.downloader: Downloading page 26 from https://t.prcdn.co/img?file=eag12020030100000000001001&page=26&scale=80
2026-07-07 21:39:20,597 [INFO] src.corpus_acquisition.crawler: Downloading -> data/raw/images/peru21/2020/03/01/peru21_2020-03-01_26.jpg
2026-07-07 21:39:23,777 [INFO] src.corpus_acquisition.downloader: Downloading page 27 from https://t.prcdn.co/img?file=eag12020030100000000001001&page=27&scale=80
2026-07-07 21:39:23,778 [INFO] src.corpus_acquisition.crawler: Downloading -> data/raw/images/peru21/2020/03/01/peru21_2020-03-01_27.jpg
2026-07-07 21:39:26,820 [INFO] src.corpus_acquisition.downloader: Downloading page 28 from https://t.prcdn.co/img?file=eag12020030100000000001001&page=28&scale=80
2026-07-07 21:39:26,821 [INFO] src.corpus_acquisition.crawler: Downloading -> data/raw/images/peru21/2020/03/01/peru21_2020-03-01_28.jpg
2026-07-07 21:39:27,036 [WARNING] src.corpus_acquisition.downloader: Page 28 not found (1/3).
2026-07-07 21:39:27,037 [INFO] src.corpus_acquisition.downloader: Downloading page 29 from https://t.prcdn.co/img?file=eag12020030100000000001001&page=29&scale=80
2026-07-07 21:39:27,037 [INFO] src.corpus_acquisition.crawler: Downloading -> data/raw/images/peru21/2020/03/01/peru21_2020-03-01_29.jpg
2026-07-07 21:39:27,257 [WARNING] src.corpus_acquisition.downloader: Page 29 not found (2/3).
2026-07-07 21:39:27,258 [INFO] src.corpus_acquisition.downloader: Downloading page 30 from https://t.prcdn.co/img?file=eag12020030100000000001001&page=30&scale=80
2026-07-07 21:39:27,258 [INFO] src.corpus_acquisition.crawler: Downloading -> data/raw/images/peru21/2020/03/01/peru21_2020-03-01_30.jpg
2026-07-07 21:39:27,504 [WARNING] src.corpus_acquisition.downloader: Page 30 not found (3/3).
2026-07-07 21:39:27,504 [WARNING] src.corpus_acquisition.downloader: No new pages found after 3 attempts; stopping with 27 page(s).
2026-07-07 21:39:27,635 [INFO] src.corpus_acquisition.metadata_extractor: Saved metadata for 27 page(s) -> data/raw/metadata/raw_metadata.parquet (total rows: 98111)
2026-07-07 21:39:27,637 [INFO] src.corpus_acquisition.metadata_extractor: Saved crawl log -> data/raw/crawl_logs/peru21_2020-03-01.json (status=success)
2026-07-07 21:39:30,223 [INFO] src.corpus_acquisition.downloader: Downloading page 1 from https://t.prcdn.co/img?file=eag12020030200000000001001&page=1&scale=80
2026-07-07 21:39:30,224 [INFO] src.corpus_acquisition.crawler: Downloading -> data/raw/images/peru21/2020/03/02/peru21_2020-03-02_1.jpg
2026-07-07 21:39:33,021 [INFO] src.corpus_acquisition.downloader: Downloading page 2 from https://t.prcdn.co/img?file=eag12020030200000000001001&page=2&scale=80
2026-07-07 21:39:33,022 [INFO] src.corpus_acquisition.crawler: Downloading -> data/raw/images/peru21/2020/03/02/peru21_2020-03-02_2.jpg
2026-07-07 21:39:36,621 [INFO] src.corpus_acquisition.downloader: Downloading page 3 from https://t.prcdn.co/img?file=eag12020030200000000001001&page=3&scale=80
2026-07-07 21:39:36,622 [INFO] src.corpus_acquisition.crawler: Downloading -> data/raw/images/peru21/2020/03/02/peru21_2020-03-02_3.jpg
2026-07-07 21:39:39,879 [INFO] src.corpus_acquisition.downloader: Downloading page 4 from https://t.prcdn.co/img?file=eag12020030200000000001001&page=4&scale=80
2026-07-07 21:39:39,880 [INFO] src.corpus_acquisition.crawler: Downloading -> data/raw/images/peru21/2020/03/02/peru21_2020-03-02_4.jpg
2026-07-07 21:39:43,256 [INFO] src.corpus_acquisition.downloader: Downloading page 5 from https://t.prcdn.co/img?file=eag12020030200000000001001&page=5&scale=80
2026-07-07 21:39:43,256 [INFO] src.corpus_acquisition.crawler: Downloading -> data/raw/images/peru21/2020/03/02/peru21_2020-03-02_5.jpg
2026-07-07 21:39:46,580 [INFO] src.corpus_acquisition.downloader: Downloading page 6 from https://t.prcdn.co/img?file=eag12020030200000000001001&page=6&scale=80
2026-07-07 21:39:46,580 [INFO] src.corpus_acquisition.crawler: Downloading -> data/raw/images/peru21/2020/03/02/peru21_2020-03-02_6.jpg
2026-07-07 21:39:49,477 [INFO] src.corpus_acquisition.downloader: Downloading page 7 from https://t.prcdn.co/img?file=eag12020030200000000001001&page=7&scale=80
2026-07-07 21:39:49,477 [INFO] src.corpus_acquisition.crawler: Downloading -> data/raw/images/peru21/2020/03/02/peru21_2020-03-02_7.jpg
2026-07-07 21:39:52,519 [INFO] src.corpus_acquisition.downloader: Downloading page 8 from https://t.prcdn.co/img?file=eag12020030200000000001001&page=8&scale=80
2026-07-07 21:39:52,520 [INFO] src.corpus_acquisition.crawler: Downloading -> data/raw/images/peru21/2020/03/02/peru21_2020-03-02_8.jpg
2026-07-07 21:39:55,962 [INFO] src.corpus_acquisition.downloader: Downloading page 9 from https://t.prcdn.co/img?file=eag12020030200000000001001&page=9&scale=80
2026-07-07 21:39:55,962 [INFO] src.corpus_acquisition.crawler: Downloading -> data/raw/images/peru21/2020/03/02/peru21_2020-03-02_9.jpg
2026-07-07 21:39:58,830 [INFO] src.corpus_acquisition.downloader: Downloading page 10 from https://t.prcdn.co/img?file=eag12020030200000000001001&page=10&scale=80
2026-07-07 21:39:58,831 [INFO] src.corpus_acquisition.crawler: Downloading -> data/raw/images/peru21/2020/03/02/peru21_2020-03-02_10.jpg
2026-07-07 21:40:01,543 [INFO] src.corpus_acquisition.downloader: Downloading page 11 from https://t.prcdn.co/img?file=eag12020030200000000001001&page=11&scale=80
2026-07-07 21:40:01,543 [INFO] src.corpus_acquisition.crawler: Downloading -> data/raw/images/peru21/2020/03/02/peru21_2020-03-02_11.jpg
2026-07-07 21:40:05,092 [INFO] src.corpus_acquisition.downloader: Downloading page 12 from https://t.prcdn.co/img?file=eag12020030200000000001001&page=12&scale=80
2026-07-07 21:40:05,093 [INFO] src.corpus_acquisition.crawler: Downloading -> data/raw/images/peru21/2020/03/02/peru21_2020-03-02_12.jpg
2026-07-07 21:40:08,502 [INFO] src.corpus_acquisition.downloader: Downloading page 13 from https://t.prcdn.co/img?file=eag12020030200000000001001&page=13&scale=80
2026-07-07 21:40:08,502 [INFO] src.corpus_acquisition.crawler: Downloading -> data/raw/images/peru21/2020/03/02/peru21_2020-03-02_13.jpg
2026-07-07 21:40:11,418 [INFO] src.corpus_acquisition.downloader: Downloading page 14 from https://t.prcdn.co/img?file=eag12020030200000000001001&page=14&scale=80
2026-07-07 21:40:11,418 [INFO] src.corpus_acquisition.crawler: Downloading -> data/raw/images/peru21/2020/03/02/peru21_2020-03-02_14.jpg
2026-07-07 21:40:14,678 [INFO] src.corpus_acquisition.downloader: Downloading page 15 from https://t.prcdn.co/img?file=eag12020030200000000001001&page=15&scale=80
2026-07-07 21:40:14,678 [INFO] src.corpus_acquisition.crawler: Downloading -> data/raw/images/peru21/2020/03/02/peru21_2020-03-02_15.jpg
2026-07-07 21:40:17,989 [INFO] src.corpus_acquisition.downloader: Downloading page 16 from https://t.prcdn.co/img?file=eag12020030200000000001001&page=16&scale=80
2026-07-07 21:40:17,989 [INFO] src.corpus_acquisition.crawler: Downloading -> data/raw/images/peru21/2020/03/02/peru21_2020-03-02_16.jpg
2026-07-07 21:40:21,347 [INFO] src.corpus_acquisition.downloader: Downloading page 17 from https://t.prcdn.co/img?file=eag12020030200000000001001&page=17&scale=80
2026-07-07 21:40:21,347 [INFO] src.corpus_acquisition.crawler: Downloading -> data/raw/images/peru21/2020/03/02/peru21_2020-03-02_17.jpg
2026-07-07 21:40:24,769 [INFO] src.corpus_acquisition.downloader: Downloading page 18 from https://t.prcdn.co/img?file=eag12020030200000000001001&page=18&scale=80
2026-07-07 21:40:24,770 [INFO] src.corpus_acquisition.crawler: Downloading -> data/raw/images/peru21/2020/03/02/peru21_2020-03-02_18.jpg
2026-07-07 21:40:27,853 [INFO] src.corpus_acquisition.downloader: Downloading page 19 from https://t.prcdn.co/img?file=eag12020030200000000001001&page=19&scale=80
2026-07-07 21:40:27,854 [INFO] src.corpus_acquisition.crawler: Downloading -> data/raw/images/peru21/2020/03/02/peru21_2020-03-02_19.jpg
2026-07-07 21:40:30,760 [INFO] src.corpus_acquisition.downloader: Downloading page 20 from https://t.prcdn.co/img?file=eag12020030200000000001001&page=20&scale=80
2026-07-07 21:40:30,760 [INFO] src.corpus_acquisition.crawler: Downloading -> data/raw/images/peru21/2020/03/02/peru21_2020-03-02_20.jpg
2026-07-07 21:40:33,821 [INFO] src.corpus_acquisition.downloader: Downloading page 21 from https://t.prcdn.co/img?file=eag12020030200000000001001&page=21&scale=80
2026-07-07 21:40:33,821 [INFO] src.corpus_acquisition.crawler: Downloading -> data/raw/images/peru21/2020/03/02/peru21_2020-03-02_21.jpg
2026-07-07 21:40:37,614 [INFO] src.corpus_acquisition.downloader: Downloading page 22 from https://t.prcdn.co/img?file=eag12020030200000000001001&page=22&scale=80
2026-07-07 21:40:37,615 [INFO] src.corpus_acquisition.crawler: Downloading -> data/raw/images/peru21/2020/03/02/peru21_2020-03-02_22.jpg
2026-07-07 21:40:40,499 [INFO] src.corpus_acquisition.downloader: Downloading page 23 from https://t.prcdn.co/img?file=eag12020030200000000001001&page=23&scale=80
2026-07-07 21:40:40,499 [INFO] src.corpus_acquisition.crawler: Downloading -> data/raw/images/peru21/2020/03/02/peru21_2020-03-02_23.jpg
2026-07-07 21:40:43,868 [INFO] src.corpus_acquisition.downloader: Downloading page 24 from https://t.prcdn.co/img?file=eag12020030200000000001001&page=24&scale=80
2026-07-07 21:40:43,869 [INFO] src.corpus_acquisition.crawler: Downloading -> data/raw/images/peru21/2020/03/02/peru21_2020-03-02_24.jpg
2026-07-07 21:40:47,554 [INFO] src.corpus_acquisition.downloader: Downloading page 25 from https://t.prcdn.co/img?file=eag12020030200000000001001&page=25&scale=80
2026-07-07 21:40:47,554 [INFO] src.corpus_acquisition.crawler: Downloading -> data/raw/images/peru21/2020/03/02/peru21_2020-03-02_25.jpg
2026-07-07 21:40:47,854 [WARNING] src.corpus_acquisition.downloader: Page 25 not found (1/3).
2026-07-07 21:40:47,855 [INFO] src.corpus_acquisition.downloader: Downloading page 26 from https://t.prcdn.co/img?file=eag12020030200000000001001&page=26&scale=80
2026-07-07 21:40:47,855 [INFO] src.corpus_acquisition.crawler: Downloading -> data/raw/images/peru21/2020/03/02/peru21_2020-03-02_26.jpg
2026-07-07 21:40:48,182 [WARNING] src.corpus_acquisition.downloader: Page 26 not found (2/3).
2026-07-07 21:40:48,182 [INFO] src.corpus_acquisition.downloader: Downloading page 27 from https://t.prcdn.co/img?file=eag12020030200000000001001&page=27&scale=80
2026-07-07 21:40:48,183 [INFO] src.corpus_acquisition.crawler: Downloading -> data/raw/images/peru21/2020/03/02/peru21_2020-03-02_27.jpg
2026-07-07 21:40:48,487 [WARNING] src.corpus_acquisition.downloader: Page 27 not found (3/3).
2026-07-07 21:40:48,487 [WARNING] src.corpus_acquisition.downloader: No new pages found after 3 attempts; stopping with 24 page(s).
2026-07-07 21:40:48,623 [INFO] src.corpus_acquisition.metadata_extractor: Saved metadata for 24 page(s) -> data/raw/metadata/raw_metadata.parquet (total rows: 98215)
2026-07-07 21:40:48,625 [INFO] src.corpus_acquisition.metadata_extractor: Saved crawl log -> data/raw/crawl_logs/peru21_2020-03-02.json (status=success)
2026-07-07 21:40:50,870 [INFO] src.corpus_acquisition.downloader: Downloading page 1 from https://t.prcdn.co/img?file=eag12020030300000000001001&page=1&scale=80
2026-07-07 21:40:50,871 [INFO] src.corpus_acquisition.crawler: Downloading -> data/raw/images/peru21/2020/03/03/peru21_2020-03-03_1.jpg
2026-07-07 21:40:51,117 [WARNING] src.corpus_acquisition.downloader: Page 1 not found (1/3).
2026-07-07 21:40:51,118 [INFO] src.corpus_acquisition.downloader: Downloading page 2 from https://t.prcdn.co/img?file=eag12020030300000000001001&page=2&scale=80
2026-07-07 21:40:51,118 [INFO] src.corpus_acquisition.crawler: Downloading -> data/raw/images/peru21/2020/03/03/peru21_2020-03-03_2.jpg
2026-07-07 21:40:51,334 [WARNING] src.corpus_acquisition.downloader: Page 2 not found (2/3).
2026-07-07 21:40:51,334 [INFO] src.corpus_acquisition.downloader: Downloading page 3 from https://t.prcdn.co/img?file=eag12020030300000000001001&page=3&scale=80
2026-07-07 21:40:51,334 [INFO] src.corpus_acquisition.crawler: Downloading -> data/raw/images/peru21/2020/03/03/peru21_2020-03-03_3.jpg
2026-07-07 21:40:51,579 [WARNING] src.corpus_acquisition.downloader: Page 3 not found (3/3).
2026-07-07 21:40:51,579 [WARNING] src.corpus_acquisition.downloader: No new pages found after 3 attempts; stopping with 0 page(s).
2026-07-07 21:40:51,581 [INFO] src.corpus_acquisition.metadata_extractor: Saved crawl log -> data/raw/crawl_logs/peru21_2020-03-03.json (status=failed)
2026-07-07 21:40:54,376 [INFO] src.corpus_acquisition.downloader: Downloading page 1 from https://t.prcdn.co/img?file=eag12020030400000000001001&page=1&scale=80
2026-07-07 21:40:54,377 [INFO] src.corpus_acquisition.crawler: Downloading -> data/raw/images/peru21/2020/03/04/peru21_2020-03-04_1.jpg
2026-07-07 21:40:54,598 [WARNING] src.corpus_acquisition.downloader: Page 1 not found (1/3).
2026-07-07 21:40:54,599 [INFO] src.corpus_acquisition.downloader: Downloading page 2 from https://t.prcdn.co/img?file=eag12020030400000000001001&page=2&scale=80
2026-07-07 21:40:54,599 [INFO] src.corpus_acquisition.crawler: Downloading -> data/raw/images/peru21/2020/03/04/peru21_2020-03-04_2.jpg
2026-07-07 21:40:54,865 [WARNING] src.corpus_acquisition.downloader: Page 2 not found (2/3).
2026-07-07 21:40:54,865 [INFO] src.corpus_acquisition.downloader: Downloading page 3 from https://t.prcdn.co/img?file=eag12020030400000000001001&page=3&scale=80
2026-07-07 21:40:54,866 [INFO] src.corpus_acquisition.crawler: Downloading -> data/raw/images/peru21/2020/03/04/peru21_2020-03-04_3.jpg
2026-07-07 21:40:55,098 [WARNING] src.corpus_acquisition.downloader: Page 3 not found (3/3).
2026-07-07 21:40:55,099 [WARNING] src.corpus_acquisition.downloader: No new pages found after 3 attempts; stopping with 0 page(s).
2026-07-07 21:40:55,101 [INFO] src.corpus_acquisition.metadata_extractor: Saved crawl log -> data/raw/crawl_logs/peru21_2020-03-04.json (status=failed)
2026-07-07 21:40:57,731 [INFO] src.corpus_acquisition.downloader: Downloading page 1 from https://t.prcdn.co/img?file=eag12020030500000000001001&page=1&scale=80
2026-07-07 21:40:57,732 [INFO] src.corpus_acquisition.crawler: Downloading -> data/raw/images/peru21/2020/03/05/peru21_2020-03-05_1.jpg
2026-07-07 21:41:00,703 [INFO] src.corpus_acquisition.downloader: Downloading page 2 from https://t.prcdn.co/img?file=eag12020030500000000001001&page=2&scale=80
2026-07-07 21:41:00,703 [INFO] src.corpus_acquisition.crawler: Downloading -> data/raw/images/peru21/2020/03/05/peru21_2020-03-05_2.jpg
2026-07-07 21:41:04,785 [INFO] src.corpus_acquisition.downloader: Downloading page 3 from https://t.prcdn.co/img?file=eag12020030500000000001001&page=3&scale=80
2026-07-07 21:41:04,785 [INFO] src.corpus_acquisition.crawler: Downloading -> data/raw/images/peru21/2020/03/05/peru21_2020-03-05_3.jpg
2026-07-07 21:41:07,884 [INFO] src.corpus_acquisition.downloader: Downloading page 4 from https://t.prcdn.co/img?file=eag12020030500000000001001&page=4&scale=80
2026-07-07 21:41:07,884 [INFO] src.corpus_acquisition.crawler: Downloading -> data/raw/images/peru21/2020/03/05/peru21_2020-03-05_4.jpg
2026-07-07 21:41:11,398 [INFO] src.corpus_acquisition.downloader: Downloading page 5 from https://t.prcdn.co/img?file=eag12020030500000000001001&page=5&scale=80
2026-07-07 21:41:11,398 [INFO] src.corpus_acquisition.crawler: Downloading -> data/raw/images/peru21/2020/03/05/peru21_2020-03-05_5.jpg
2026-07-07 21:41:16,687 [INFO] src.corpus_acquisition.downloader: Downloading page 6 from https://t.prcdn.co/img?file=eag12020030500000000001001&page=6&scale=80
2026-07-07 21:41:16,687 [INFO] src.corpus_acquisition.crawler: Downloading -> data/raw/images/peru21/2020/03/05/peru21_2020-03-05_6.jpg
2026-07-07 21:41:19,774 [INFO] src.corpus_acquisition.downloader: Downloading page 7 from https://t.prcdn.co/img?file=eag12020030500000000001001&page=7&scale=80
2026-07-07 21:41:19,775 [INFO] src.corpus_acquisition.crawler: Downloading -> data/raw/images/peru21/2020/03/05/peru21_2020-03-05_7.jpg
2026-07-07 21:41:22,965 [INFO] src.corpus_acquisition.downloader: Downloading page 8 from https://t.prcdn.co/img?file=eag12020030500000000001001&page=8&scale=80
2026-07-07 21:41:22,966 [INFO] src.corpus_acquisition.crawler: Downloading -> data/raw/images/peru21/2020/03/05/peru21_2020-03-05_8.jpg
2026-07-07 21:41:26,429 [INFO] src.corpus_acquisition.downloader: Downloading page 9 from https://t.prcdn.co/img?file=eag12020030500000000001001&page=9&scale=80
2026-07-07 21:41:26,430 [INFO] src.corpus_acquisition.crawler: Downloading -> data/raw/images/peru21/2020/03/05/peru21_2020-03-05_9.jpg
2026-07-07 21:41:30,055 [INFO] src.corpus_acquisition.downloader: Downloading page 10 from https://t.prcdn.co/img?file=eag12020030500000000001001&page=10&scale=80
2026-07-07 21:41:30,055 [INFO] src.corpus_acquisition.crawler: Downloading -> data/raw/images/peru21/2020/03/05/peru21_2020-03-05_10.jpg
2026-07-07 21:41:33,313 [INFO] src.corpus_acquisition.downloader: Downloading page 11 from https://t.prcdn.co/img?file=eag12020030500000000001001&page=11&scale=80
2026-07-07 21:41:33,314 [INFO] src.corpus_acquisition.crawler: Downloading -> data/raw/images/peru21/2020/03/05/peru21_2020-03-05_11.jpg
2026-07-07 21:41:36,824 [INFO] src.corpus_acquisition.downloader: Downloading page 12 from https://t.prcdn.co/img?file=eag12020030500000000001001&page=12&scale=80
2026-07-07 21:41:36,825 [INFO] src.corpus_acquisition.crawler: Downloading -> data/raw/images/peru21/2020/03/05/peru21_2020-03-05_12.jpg
2026-07-07 21:41:40,879 [INFO] src.corpus_acquisition.downloader: Downloading page 13 from https://t.prcdn.co/img?file=eag12020030500000000001001&page=13&scale=80
2026-07-07 21:41:40,879 [INFO] src.corpus_acquisition.crawler: Downloading -> data/raw/images/peru21/2020/03/05/peru21_2020-03-05_13.jpg
2026-07-07 21:41:43,969 [INFO] src.corpus_acquisition.downloader: Downloading page 14 from https://t.prcdn.co/img?file=eag12020030500000000001001&page=14&scale=80
2026-07-07 21:41:43,969 [INFO] src.corpus_acquisition.crawler: Downloading -> data/raw/images/peru21/2020/03/05/peru21_2020-03-05_14.jpg
2026-07-07 21:41:46,822 [INFO] src.corpus_acquisition.downloader: Downloading page 15 from https://t.prcdn.co/img?file=eag12020030500000000001001&page=15&scale=80
2026-07-07 21:41:46,822 [INFO] src.corpus_acquisition.crawler: Downloading -> data/raw/images/peru21/2020/03/05/peru21_2020-03-05_15.jpg
2026-07-07 21:41:50,248 [INFO] src.corpus_acquisition.downloader: Downloading page 16 from https://t.prcdn.co/img?file=eag12020030500000000001001&page=16&scale=80
2026-07-07 21:41:50,248 [INFO] src.corpus_acquisition.crawler: Downloading -> data/raw/images/peru21/2020/03/05/peru21_2020-03-05_16.jpg
2026-07-07 21:41:53,492 [INFO] src.corpus_acquisition.downloader: Downloading page 17 from https://t.prcdn.co/img?file=eag12020030500000000001001&page=17&scale=80
2026-07-07 21:41:53,492 [INFO] src.corpus_acquisition.crawler: Downloading -> data/raw/images/peru21/2020/03/05/peru21_2020-03-05_17.jpg
2026-07-07 21:41:57,083 [INFO] src.corpus_acquisition.downloader: Downloading page 18 from https://t.prcdn.co/img?file=eag12020030500000000001001&page=18&scale=80
2026-07-07 21:41:57,084 [INFO] src.corpus_acquisition.crawler: Downloading -> data/raw/images/peru21/2020/03/05/peru21_2020-03-05_18.jpg
2026-07-07 21:41:59,683 [INFO] src.corpus_acquisition.downloader: Downloading page 19 from https://t.prcdn.co/img?file=eag12020030500000000001001&page=19&scale=80
2026-07-07 21:41:59,683 [INFO] src.corpus_acquisition.crawler: Downloading -> data/raw/images/peru21/2020/03/05/peru21_2020-03-05_19.jpg
2026-07-07 21:42:02,826 [INFO] src.corpus_acquisition.downloader: Downloading page 20 from https://t.prcdn.co/img?file=eag12020030500000000001001&page=20&scale=80
2026-07-07 21:42:02,826 [INFO] src.corpus_acquisition.crawler: Downloading -> data/raw/images/peru21/2020/03/05/peru21_2020-03-05_20.jpg
2026-07-07 21:42:05,721 [INFO] src.corpus_acquisition.downloader: Downloading page 21 from https://t.prcdn.co/img?file=eag12020030500000000001001&page=21&scale=80
2026-07-07 21:42:05,722 [INFO] src.corpus_acquisition.crawler: Downloading -> data/raw/images/peru21/2020/03/05/peru21_2020-03-05_21.jpg
2026-07-07 21:42:08,768 [INFO] src.corpus_acquisition.downloader: Downloading page 22 from https://t.prcdn.co/img?file=eag12020030500000000001001&page=22&scale=80
2026-07-07 21:42:08,768 [INFO] src.corpus_acquisition.crawler: Downloading -> data/raw/images/peru21/2020/03/05/peru21_2020-03-05_22.jpg
2026-07-07 21:42:11,416 [INFO] src.corpus_acquisition.downloader: Downloading page 23 from https://t.prcdn.co/img?file=eag12020030500000000001001&page=23&scale=80
2026-07-07 21:42:11,416 [INFO] src.corpus_acquisition.crawler: Downloading -> data/raw/images/peru21/2020/03/05/peru21_2020-03-05_23.jpg
2026-07-07 21:42:14,839 [INFO] src.corpus_acquisition.downloader: Downloading page 24 from https://t.prcdn.co/img?file=eag12020030500000000001001&page=24&scale=80
2026-07-07 21:42:14,839 [INFO] src.corpus_acquisition.crawler: Downloading -> data/raw/images/peru21/2020/03/05/peru21_2020-03-05_24.jpg
2026-07-07 21:42:18,159 [INFO] src.corpus_acquisition.downloader: Downloading page 25 from https://t.prcdn.co/img?file=eag12020030500000000001001&page=25&scale=80
2026-07-07 21:42:18,160 [INFO] src.corpus_acquisition.crawler: Downloading -> data/raw/images/peru21/2020/03/05/peru21_2020-03-05_25.jpg
2026-07-07 21:42:18,560 [WARNING] src.corpus_acquisition.downloader: Page 25 not found (1/3).
2026-07-07 21:42:18,560 [INFO] src.corpus_acquisition.downloader: Downloading page 26 from https://t.prcdn.co/img?file=eag12020030500000000001001&page=26&scale=80
2026-07-07 21:42:18,560 [INFO] src.corpus_acquisition.crawler: Downloading -> data/raw/images/peru21/2020/03/05/peru21_2020-03-05_26.jpg
2026-07-07 21:42:18,853 [WARNING] src.corpus_acquisition.downloader: Page 26 not found (2/3).
2026-07-07 21:42:18,853 [INFO] src.corpus_acquisition.downloader: Downloading page 27 from https://t.prcdn.co/img?file=eag12020030500000000001001&page=27&scale=80
2026-07-07 21:42:18,854 [INFO] src.corpus_acquisition.crawler: Downloading -> data/raw/images/peru21/2020/03/05/peru21_2020-03-05_27.jpg
2026-07-07 21:42:19,100 [WARNING] src.corpus_acquisition.downloader: Page 27 not found (3/3).
2026-07-07 21:42:19,100 [WARNING] src.corpus_acquisition.downloader: No new pages found after 3 attempts; stopping with 24 page(s).
2026-07-07 21:42:19,231 [INFO] src.corpus_acquisition.metadata_extractor: Saved metadata for 24 page(s) -> data/raw/metadata/raw_metadata.parquet (total rows: 98417)
2026-07-07 21:42:19,234 [INFO] src.corpus_acquisition.metadata_extractor: Saved crawl log -> data/raw/crawl_logs/peru21_2020-03-05.json (status=success)
2026-07-07 21:42:21,694 [INFO] src.corpus_acquisition.downloader: Downloading page 1 from https://t.prcdn.co/img?file=eag12020030600000000001001&page=1&scale=80
2026-07-07 21:42:21,696 [INFO] src.corpus_acquisition.crawler: Downloading -> data/raw/images/peru21/2020/03/06/peru21_2020-03-06_1.jpg
2026-07-07 21:42:25,348 [INFO] src.corpus_acquisition.downloader: Downloading page 2 from https://t.prcdn.co/img?file=eag12020030600000000001001&page=2&scale=80
2026-07-07 21:42:25,348 [INFO] src.corpus_acquisition.crawler: Downloading -> data/raw/images/peru21/2020/03/06/peru21_2020-03-06_2.jpg
2026-07-07 21:42:29,127 [INFO] src.corpus_acquisition.downloader: Downloading page 3 from https://t.prcdn.co/img?file=eag12020030600000000001001&page=3&scale=80
2026-07-07 21:42:29,127 [INFO] src.corpus_acquisition.crawler: Downloading -> data/raw/images/peru21/2020/03/06/peru21_2020-03-06_3.jpg
2026-07-07 21:42:33,367 [INFO] src.corpus_acquisition.downloader: Downloading page 4 from https://t.prcdn.co/img?file=eag12020030600000000001001&page=4&scale=80
2026-07-07 21:42:33,368 [INFO] src.corpus_acquisition.crawler: Downloading -> data/raw/images/peru21/2020/03/06/peru21_2020-03-06_4.jpg
2026-07-07 21:42:36,486 [INFO] src.corpus_acquisition.downloader: Downloading page 5 from https://t.prcdn.co/img?file=eag12020030600000000001001&page=5&scale=80
2026-07-07 21:42:36,486 [INFO] src.corpus_acquisition.crawler: Downloading -> data/raw/images/peru21/2020/03/06/peru21_2020-03-06_5.jpg
2026-07-07 21:42:39,500 [INFO] src.corpus_acquisition.downloader: Downloading page 6 from https://t.prcdn.co/img?file=eag12020030600000000001001&page=6&scale=80
2026-07-07 21:42:39,500 [INFO] src.corpus_acquisition.crawler: Downloading -> data/raw/images/peru21/2020/03/06/peru21_2020-03-06_6.jpg
2026-07-07 21:42:42,223 [INFO] src.corpus_acquisition.downloader: Downloading page 7 from https://t.prcdn.co/img?file=eag12020030600000000001001&page=7&scale=80
2026-07-07 21:42:42,223 [INFO] src.corpus_acquisition.crawler: Downloading -> data/raw/images/peru21/2020/03/06/peru21_2020-03-06_7.jpg
2026-07-07 21:42:45,777 [INFO] src.corpus_acquisition.downloader: Downloading page 8 from https://t.prcdn.co/img?file=eag12020030600000000001001&page=8&scale=80
2026-07-07 21:42:45,778 [INFO] src.corpus_acquisition.crawler: Downloading -> data/raw/images/peru21/2020/03/06/peru21_2020-03-06_8.jpg
2026-07-07 21:42:49,163 [INFO] src.corpus_acquisition.downloader: Downloading page 9 from https://t.prcdn.co/img?file=eag12020030600000000001001&page=9&scale=80
2026-07-07 21:42:49,164 [INFO] src.corpus_acquisition.crawler: Downloading -> data/raw/images/peru21/2020/03/06/peru21_2020-03-06_9.jpg
2026-07-07 21:42:52,325 [INFO] src.corpus_acquisition.downloader: Downloading page 10 from https://t.prcdn.co/img?file=eag12020030600000000001001&page=10&scale=80
2026-07-07 21:42:52,326 [INFO] src.corpus_acquisition.crawler: Downloading -> data/raw/images/peru21/2020/03/06/peru21_2020-03-06_10.jpg
2026-07-07 21:42:55,146 [INFO] src.corpus_acquisition.downloader: Downloading page 11 from https://t.prcdn.co/img?file=eag12020030600000000001001&page=11&scale=80
2026-07-07 21:42:55,147 [INFO] src.corpus_acquisition.crawler: Downloading -> data/raw/images/peru21/2020/03/06/peru21_2020-03-06_11.jpg
2026-07-07 21:42:58,458 [INFO] src.corpus_acquisition.downloader: Downloading page 12 from https://t.prcdn.co/img?file=eag12020030600000000001001&page=12&scale=80
2026-07-07 21:42:58,459 [INFO] src.corpus_acquisition.crawler: Downloading -> data/raw/images/peru21/2020/03/06/peru21_2020-03-06_12.jpg
2026-07-07 21:43:01,226 [INFO] src.corpus_acquisition.downloader: Downloading page 13 from https://t.prcdn.co/img?file=eag12020030600000000001001&page=13&scale=80
2026-07-07 21:43:01,226 [INFO] src.corpus_acquisition.crawler: Downloading -> data/raw/images/peru21/2020/03/06/peru21_2020-03-06_13.jpg
2026-07-07 21:43:05,157 [INFO] src.corpus_acquisition.downloader: Downloading page 14 from https://t.prcdn.co/img?file=eag12020030600000000001001&page=14&scale=80
2026-07-07 21:43:05,157 [INFO] src.corpus_acquisition.crawler: Downloading -> data/raw/images/peru21/2020/03/06/peru21_2020-03-06_14.jpg
2026-07-07 21:43:08,459 [INFO] src.corpus_acquisition.downloader: Downloading page 15 from https://t.prcdn.co/img?file=eag12020030600000000001001&page=15&scale=80
2026-07-07 21:43:08,459 [INFO] src.corpus_acquisition.crawler: Downloading -> data/raw/images/peru21/2020/03/06/peru21_2020-03-06_15.jpg
2026-07-07 21:43:11,842 [INFO] src.corpus_acquisition.downloader: Downloading page 16 from https://t.prcdn.co/img?file=eag12020030600000000001001&page=16&scale=80
2026-07-07 21:43:11,842 [INFO] src.corpus_acquisition.crawler: Downloading -> data/raw/images/peru21/2020/03/06/peru21_2020-03-06_16.jpg
2026-07-07 21:43:14,493 [INFO] src.corpus_acquisition.downloader: Downloading page 17 from https://t.prcdn.co/img?file=eag12020030600000000001001&page=17&scale=80
2026-07-07 21:43:14,494 [INFO] src.corpus_acquisition.crawler: Downloading -> data/raw/images/peru21/2020/03/06/peru21_2020-03-06_17.jpg
2026-07-07 21:43:17,778 [INFO] src.corpus_acquisition.downloader: Downloading page 18 from https://t.prcdn.co/img?file=eag12020030600000000001001&page=18&scale=80
2026-07-07 21:43:17,778 [INFO] src.corpus_acquisition.crawler: Downloading -> data/raw/images/peru21/2020/03/06/peru21_2020-03-06_18.jpg
2026-07-07 21:43:21,705 [INFO] src.corpus_acquisition.downloader: Downloading page 19 from https://t.prcdn.co/img?file=eag12020030600000000001001&page=19&scale=80
2026-07-07 21:43:21,705 [INFO] src.corpus_acquisition.crawler: Downloading -> data/raw/images/peru21/2020/03/06/peru21_2020-03-06_19.jpg
2026-07-07 21:43:24,955 [INFO] src.corpus_acquisition.downloader: Downloading page 20 from https://t.prcdn.co/img?file=eag12020030600000000001001&page=20&scale=80
2026-07-07 21:43:24,956 [INFO] src.corpus_acquisition.crawler: Downloading -> data/raw/images/peru21/2020/03/06/peru21_2020-03-06_20.jpg
2026-07-07 21:43:28,414 [INFO] src.corpus_acquisition.downloader: Downloading page 21 from https://t.prcdn.co/img?file=eag12020030600000000001001&page=21&scale=80
2026-07-07 21:43:28,415 [INFO] src.corpus_acquisition.crawler: Downloading -> data/raw/images/peru21/2020/03/06/peru21_2020-03-06_21.jpg
2026-07-07 21:43:31,630 [ERROR] src.corpus_acquisition.downloader: Failed to download page 21: Failed to download page 21: 520
2026-07-07 21:43:31,630 [INFO] src.corpus_acquisition.downloader: Downloading page 22 from https://t.prcdn.co/img?file=eag12020030600000000001001&page=22&scale=80
2026-07-07 21:43:31,631 [INFO] src.corpus_acquisition.crawler: Downloading -> data/raw/images/peru21/2020/03/06/peru21_2020-03-06_22.jpg
2026-07-07 21:43:35,021 [INFO] src.corpus_acquisition.downloader: Downloading page 23 from https://t.prcdn.co/img?file=eag12020030600000000001001&page=23&scale=80
2026-07-07 21:43:35,021 [INFO] src.corpus_acquisition.crawler: Downloading -> data/raw/images/peru21/2020/03/06/peru21_2020-03-06_23.jpg
2026-07-07 21:43:37,861 [INFO] src.corpus_acquisition.downloader: Downloading page 24 from https://t.prcdn.co/img?file=eag12020030600000000001001&page=24&scale=80
2026-07-07 21:43:37,861 [INFO] src.corpus_acquisition.crawler: Downloading -> data/raw/images/peru21/2020/03/06/peru21_2020-03-06_24.jpg
2026-07-07 21:43:41,195 [INFO] src.corpus_acquisition.downloader: Downloading page 25 from https://t.prcdn.co/img?file=eag12020030600000000001001&page=25&scale=80
2026-07-07 21:43:41,196 [INFO] src.corpus_acquisition.crawler: Downloading -> data/raw/images/peru21/2020/03/06/peru21_2020-03-06_25.jpg
2026-07-07 21:43:41,414 [WARNING] src.corpus_acquisition.downloader: Page 25 not found (1/3).
2026-07-07 21:43:41,415 [INFO] src.corpus_acquisition.downloader: Downloading page 26 from https://t.prcdn.co/img?file=eag12020030600000000001001&page=26&scale=80
2026-07-07 21:43:41,415 [INFO] src.corpus_acquisition.crawler: Downloading -> data/raw/images/peru21/2020/03/06/peru21_2020-03-06_26.jpg
2026-07-07 21:43:41,720 [WARNING] src.corpus_acquisition.downloader: Page 26 not found (2/3).
2026-07-07 21:43:41,721 [INFO] src.corpus_acquisition.downloader: Downloading page 27 from https://t.prcdn.co/img?file=eag12020030600000000001001&page=27&scale=80
2026-07-07 21:43:41,721 [INFO] src.corpus_acquisition.crawler: Downloading -> data/raw/images/peru21/2020/03/06/peru21_2020-03-06_27.jpg
2026-07-07 21:43:41,976 [WARNING] src.corpus_acquisition.downloader: Page 27 not found (3/3).
2026-07-07 21:43:41,976 [WARNING] src.corpus_acquisition.downloader: No new pages found after 3 attempts; stopping with 23 page(s).
2026-07-07 21:43:42,104 [INFO] src.corpus_acquisition.metadata_extractor: Saved metadata for 23 page(s) -> data/raw/metadata/raw_metadata.parquet (total rows: 98520)
2026-07-07 21:43:42,107 [INFO] src.corpus_acquisition.metadata_extractor: Saved crawl log -> data/raw/crawl_logs/peru21_2020-03-06.json (status=partial)
2026-07-07 21:43:44,956 [INFO] src.corpus_acquisition.downloader: Downloading page 1 from https://t.prcdn.co/img?file=eag12020030700000000001001&page=1&scale=80
2026-07-07 21:43:44,957 [INFO] src.corpus_acquisition.crawler: Downloading -> data/raw/images/peru21/2020/03/07/peru21_2020-03-07_1.jpg
2026-07-07 21:43:48,585 [INFO] src.corpus_acquisition.downloader: Downloading page 2 from https://t.prcdn.co/img?file=eag12020030700000000001001&page=2&scale=80
2026-07-07 21:43:48,585 [INFO] src.corpus_acquisition.crawler: Downloading -> data/raw/images/peru21/2020/03/07/peru21_2020-03-07_2.jpg
2026-07-07 21:43:53,153 [INFO] src.corpus_acquisition.downloader: Downloading page 3 from https://t.prcdn.co/img?file=eag12020030700000000001001&page=3&scale=80
2026-07-07 21:43:53,154 [INFO] src.corpus_acquisition.crawler: Downloading -> data/raw/images/peru21/2020/03/07/peru21_2020-03-07_3.jpg
2026-07-07 21:43:56,341 [INFO] src.corpus_acquisition.downloader: Downloading page 4 from https://t.prcdn.co/img?file=eag12020030700000000001001&page=4&scale=80
2026-07-07 21:43:56,341 [INFO] src.corpus_acquisition.crawler: Downloading -> data/raw/images/peru21/2020/03/07/peru21_2020-03-07_4.jpg
2026-07-07 21:44:00,163 [INFO] src.corpus_acquisition.downloader: Downloading page 5 from https://t.prcdn.co/img?file=eag12020030700000000001001&page=5&scale=80
2026-07-07 21:44:00,163 [INFO] src.corpus_acquisition.crawler: Downloading -> data/raw/images/peru21/2020/03/07/peru21_2020-03-07_5.jpg
2026-07-07 21:44:03,993 [INFO] src.corpus_acquisition.downloader: Downloading page 6 from https://t.prcdn.co/img?file=eag12020030700000000001001&page=6&scale=80
2026-07-07 21:44:03,994 [INFO] src.corpus_acquisition.crawler: Downloading -> data/raw/images/peru21/2020/03/07/peru21_2020-03-07_6.jpg
2026-07-07 21:44:06,859 [INFO] src.corpus_acquisition.downloader: Downloading page 7 from https://t.prcdn.co/img?file=eag12020030700000000001001&page=7&scale=80
2026-07-07 21:44:06,860 [INFO] src.corpus_acquisition.crawler: Downloading -> data/raw/images/peru21/2020/03/07/peru21_2020-03-07_7.jpg
2026-07-07 21:44:09,934 [INFO] src.corpus_acquisition.downloader: Downloading page 8 from https://t.prcdn.co/img?file=eag12020030700000000001001&page=8&scale=80
2026-07-07 21:44:09,934 [INFO] src.corpus_acquisition.crawler: Downloading -> data/raw/images/peru21/2020/03/07/peru21_2020-03-07_8.jpg
2026-07-07 21:44:12,549 [INFO] src.corpus_acquisition.downloader: Downloading page 9 from https://t.prcdn.co/img?file=eag12020030700000000001001&page=9&scale=80
2026-07-07 21:44:12,549 [INFO] src.corpus_acquisition.crawler: Downloading -> data/raw/images/peru21/2020/03/07/peru21_2020-03-07_9.jpg
2026-07-07 21:44:15,412 [INFO] src.corpus_acquisition.downloader: Downloading page 10 from https://t.prcdn.co/img?file=eag12020030700000000001001&page=10&scale=80
2026-07-07 21:44:15,412 [INFO] src.corpus_acquisition.crawler: Downloading -> data/raw/images/peru21/2020/03/07/peru21_2020-03-07_10.jpg
2026-07-07 21:44:18,120 [INFO] src.corpus_acquisition.downloader: Downloading page 11 from https://t.prcdn.co/img?file=eag12020030700000000001001&page=11&scale=80
2026-07-07 21:44:18,121 [INFO] src.corpus_acquisition.crawler: Downloading -> data/raw/images/peru21/2020/03/07/peru21_2020-03-07_11.jpg
2026-07-07 21:44:21,744 [INFO] src.corpus_acquisition.downloader: Downloading page 12 from https://t.prcdn.co/img?file=eag12020030700000000001001&page=12&scale=80
2026-07-07 21:44:21,744 [INFO] src.corpus_acquisition.crawler: Downloading -> data/raw/images/peru21/2020/03/07/peru21_2020-03-07_12.jpg
2026-07-07 21:44:25,296 [INFO] src.corpus_acquisition.downloader: Downloading page 13 from https://t.prcdn.co/img?file=eag12020030700000000001001&page=13&scale=80
2026-07-07 21:44:25,296 [INFO] src.corpus_acquisition.crawler: Downloading -> data/raw/images/peru21/2020/03/07/peru21_2020-03-07_13.jpg
2026-07-07 21:44:28,500 [INFO] src.corpus_acquisition.downloader: Downloading page 14 from https://t.prcdn.co/img?file=eag12020030700000000001001&page=14&scale=80
2026-07-07 21:44:28,500 [INFO] src.corpus_acquisition.crawler: Downloading -> data/raw/images/peru21/2020/03/07/peru21_2020-03-07_14.jpg
2026-07-07 21:44:31,651 [INFO] src.corpus_acquisition.downloader: Downloading page 15 from https://t.prcdn.co/img?file=eag12020030700000000001001&page=15&scale=80
2026-07-07 21:44:31,652 [INFO] src.corpus_acquisition.crawler: Downloading -> data/raw/images/peru21/2020/03/07/peru21_2020-03-07_15.jpg
2026-07-07 21:44:34,473 [INFO] src.corpus_acquisition.downloader: Downloading page 16 from https://t.prcdn.co/img?file=eag12020030700000000001001&page=16&scale=80
2026-07-07 21:44:34,473 [INFO] src.corpus_acquisition.crawler: Downloading -> data/raw/images/peru21/2020/03/07/peru21_2020-03-07_16.jpg
2026-07-07 21:44:37,233 [INFO] src.corpus_acquisition.downloader: Downloading page 17 from https://t.prcdn.co/img?file=eag12020030700000000001001&page=17&scale=80
2026-07-07 21:44:37,233 [INFO] src.corpus_acquisition.crawler: Downloading -> data/raw/images/peru21/2020/03/07/peru21_2020-03-07_17.jpg
2026-07-07 21:44:40,173 [INFO] src.corpus_acquisition.downloader: Downloading page 18 from https://t.prcdn.co/img?file=eag12020030700000000001001&page=18&scale=80
2026-07-07 21:44:40,174 [INFO] src.corpus_acquisition.crawler: Downloading -> data/raw/images/peru21/2020/03/07/peru21_2020-03-07_18.jpg
2026-07-07 21:44:43,744 [INFO] src.corpus_acquisition.downloader: Downloading page 19 from https://t.prcdn.co/img?file=eag12020030700000000001001&page=19&scale=80
2026-07-07 21:44:43,745 [INFO] src.corpus_acquisition.crawler: Downloading -> data/raw/images/peru21/2020/03/07/peru21_2020-03-07_19.jpg
2026-07-07 21:44:48,108 [INFO] src.corpus_acquisition.downloader: Downloading page 20 from https://t.prcdn.co/img?file=eag12020030700000000001001&page=20&scale=80
2026-07-07 21:44:48,109 [INFO] src.corpus_acquisition.crawler: Downloading -> data/raw/images/peru21/2020/03/07/peru21_2020-03-07_20.jpg
2026-07-07 21:44:51,586 [INFO] src.corpus_acquisition.downloader: Downloading page 21 from https://t.prcdn.co/img?file=eag12020030700000000001001&page=21&scale=80
2026-07-07 21:44:51,587 [INFO] src.corpus_acquisition.crawler: Downloading -> data/raw/images/peru21/2020/03/07/peru21_2020-03-07_21.jpg
2026-07-07 21:44:54,919 [INFO] src.corpus_acquisition.downloader: Downloading page 22 from https://t.prcdn.co/img?file=eag12020030700000000001001&page=22&scale=80
2026-07-07 21:44:54,920 [INFO] src.corpus_acquisition.crawler: Downloading -> data/raw/images/peru21/2020/03/07/peru21_2020-03-07_22.jpg
2026-07-07 21:44:57,925 [INFO] src.corpus_acquisition.downloader: Downloading page 23 from https://t.prcdn.co/img?file=eag12020030700000000001001&page=23&scale=80
2026-07-07 21:44:57,926 [INFO] src.corpus_acquisition.crawler: Downloading -> data/raw/images/peru21/2020/03/07/peru21_2020-03-07_23.jpg
2026-07-07 21:45:00,573 [INFO] src.corpus_acquisition.downloader: Downloading page 24 from https://t.prcdn.co/img?file=eag12020030700000000001001&page=24&scale=80
2026-07-07 21:45:00,574 [INFO] src.corpus_acquisition.crawler: Downloading -> data/raw/images/peru21/2020/03/07/peru21_2020-03-07_24.jpg
2026-07-07 21:45:03,775 [INFO] src.corpus_acquisition.downloader: Downloading page 25 from https://t.prcdn.co/img?file=eag12020030700000000001001&page=25&scale=80
2026-07-07 21:45:03,776 [INFO] src.corpus_acquisition.crawler: Downloading -> data/raw/images/peru21/2020/03/07/peru21_2020-03-07_25.jpg
2026-07-07 21:45:04,026 [WARNING] src.corpus_acquisition.downloader: Page 25 not found (1/3).
2026-07-07 21:45:04,026 [INFO] src.corpus_acquisition.downloader: Downloading page 26 from https://t.prcdn.co/img?file=eag12020030700000000001001&page=26&scale=80
2026-07-07 21:45:04,027 [INFO] src.corpus_acquisition.crawler: Downloading -> data/raw/images/peru21/2020/03/07/peru21_2020-03-07_26.jpg
2026-07-07 21:45:04,273 [WARNING] src.corpus_acquisition.downloader: Page 26 not found (2/3).
2026-07-07 21:45:04,273 [INFO] src.corpus_acquisition.downloader: Downloading page 27 from https://t.prcdn.co/img?file=eag12020030700000000001001&page=27&scale=80
2026-07-07 21:45:04,274 [INFO] src.corpus_acquisition.crawler: Downloading -> data/raw/images/peru21/2020/03/07/peru21_2020-03-07_27.jpg
2026-07-07 21:45:04,486 [WARNING] src.corpus_acquisition.downloader: Page 27 not found (3/3).
2026-07-07 21:45:04,486 [WARNING] src.corpus_acquisition.downloader: No new pages found after 3 attempts; stopping with 24 page(s).
2026-07-07 21:45:04,629 [INFO] src.corpus_acquisition.metadata_extractor: Saved metadata for 24 page(s) -> data/raw/metadata/raw_metadata.parquet (total rows: 98710)
2026-07-07 21:45:04,631 [INFO] src.corpus_acquisition.metadata_extractor: Saved crawl log -> data/raw/crawl_logs/peru21_2020-03-07.json (status=success)
2026-07-07 21:45:06,836 [INFO] src.corpus_acquisition.downloader: Downloading page 1 from https://t.prcdn.co/img?file=eag12020030800000000001001&page=1&scale=80
2026-07-07 21:45:06,836 [INFO] src.corpus_acquisition.crawler: Downloading -> data/raw/images/peru21/2020/03/08/peru21_2020-03-08_1.jpg
2026-07-07 21:45:09,835 [INFO] src.corpus_acquisition.downloader: Downloading page 2 from https://t.prcdn.co/img?file=eag12020030800000000001001&page=2&scale=80
2026-07-07 21:45:09,835 [INFO] src.corpus_acquisition.crawler: Downloading -> data/raw/images/peru21/2020/03/08/peru21_2020-03-08_2.jpg
2026-07-07 21:45:13,659 [INFO] src.corpus_acquisition.downloader: Downloading page 3 from https://t.prcdn.co/img?file=eag12020030800000000001001&page=3&scale=80
2026-07-07 21:45:13,659 [INFO] src.corpus_acquisition.crawler: Downloading -> data/raw/images/peru21/2020/03/08/peru21_2020-03-08_3.jpg
2026-07-07 21:45:17,992 [INFO] src.corpus_acquisition.downloader: Downloading page 4 from https://t.prcdn.co/img?file=eag12020030800000000001001&page=4&scale=80
2026-07-07 21:45:17,992 [INFO] src.corpus_acquisition.crawler: Downloading -> data/raw/images/peru21/2020/03/08/peru21_2020-03-08_4.jpg
2026-07-07 21:45:21,065 [INFO] src.corpus_acquisition.downloader: Downloading page 5 from https://t.prcdn.co/img?file=eag12020030800000000001001&page=5&scale=80
2026-07-07 21:45:21,066 [INFO] src.corpus_acquisition.crawler: Downloading -> data/raw/images/peru21/2020/03/08/peru21_2020-03-08_5.jpg
2026-07-07 21:45:24,019 [INFO] src.corpus_acquisition.downloader: Downloading page 6 from https://t.prcdn.co/img?file=eag12020030800000000001001&page=6&scale=80
2026-07-07 21:45:24,019 [INFO] src.corpus_acquisition.crawler: Downloading -> data/raw/images/peru21/2020/03/08/peru21_2020-03-08_6.jpg
2026-07-07 21:45:27,537 [INFO] src.corpus_acquisition.downloader: Downloading page 7 from https://t.prcdn.co/img?file=eag12020030800000000001001&page=7&scale=80
2026-07-07 21:45:27,538 [INFO] src.corpus_acquisition.crawler: Downloading -> data/raw/images/peru21/2020/03/08/peru21_2020-03-08_7.jpg
2026-07-07 21:45:30,531 [INFO] src.corpus_acquisition.downloader: Downloading page 8 from https://t.prcdn.co/img?file=eag12020030800000000001001&page=8&scale=80
2026-07-07 21:45:30,532 [INFO] src.corpus_acquisition.crawler: Downloading -> data/raw/images/peru21/2020/03/08/peru21_2020-03-08_8.jpg
2026-07-07 21:45:33,950 [INFO] src.corpus_acquisition.downloader: Downloading page 9 from https://t.prcdn.co/img?file=eag12020030800000000001001&page=9&scale=80
2026-07-07 21:45:33,950 [INFO] src.corpus_acquisition.crawler: Downloading -> data/raw/images/peru21/2020/03/08/peru21_2020-03-08_9.jpg
2026-07-07 21:45:37,860 [INFO] src.corpus_acquisition.downloader: Downloading page 10 from https://t.prcdn.co/img?file=eag12020030800000000001001&page=10&scale=80
2026-07-07 21:45:37,861 [INFO] src.corpus_acquisition.crawler: Downloading -> data/raw/images/peru21/2020/03/08/peru21_2020-03-08_10.jpg
2026-07-07 21:45:41,048 [INFO] src.corpus_acquisition.downloader: Downloading page 11 from https://t.prcdn.co/img?file=eag12020030800000000001001&page=11&scale=80
2026-07-07 21:45:41,049 [INFO] src.corpus_acquisition.crawler: Downloading -> data/raw/images/peru21/2020/03/08/peru21_2020-03-08_11.jpg
2026-07-07 21:45:44,217 [INFO] src.corpus_acquisition.downloader: Downloading page 12 from https://t.prcdn.co/img?file=eag12020030800000000001001&page=12&scale=80
2026-07-07 21:45:44,217 [INFO] src.corpus_acquisition.crawler: Downloading -> data/raw/images/peru21/2020/03/08/peru21_2020-03-08_12.jpg
2026-07-07 21:45:46,731 [INFO] src.corpus_acquisition.downloader: Downloading page 13 from https://t.prcdn.co/img?file=eag12020030800000000001001&page=13&scale=80
2026-07-07 21:45:46,731 [INFO] src.corpus_acquisition.crawler: Downloading -> data/raw/images/peru21/2020/03/08/peru21_2020-03-08_13.jpg
2026-07-07 21:45:50,194 [INFO] src.corpus_acquisition.downloader: Downloading page 14 from https://t.prcdn.co/img?file=eag12020030800000000001001&page=14&scale=80
2026-07-07 21:45:50,194 [INFO] src.corpus_acquisition.crawler: Downloading -> data/raw/images/peru21/2020/03/08/peru21_2020-03-08_14.jpg
2026-07-07 21:45:52,923 [INFO] src.corpus_acquisition.downloader: Downloading page 15 from https://t.prcdn.co/img?file=eag12020030800000000001001&page=15&scale=80
2026-07-07 21:45:52,923 [INFO] src.corpus_acquisition.crawler: Downloading -> data/raw/images/peru21/2020/03/08/peru21_2020-03-08_15.jpg
2026-07-07 21:45:56,063 [INFO] src.corpus_acquisition.downloader: Downloading page 16 from https://t.prcdn.co/img?file=eag12020030800000000001001&page=16&scale=80
2026-07-07 21:45:56,064 [INFO] src.corpus_acquisition.crawler: Downloading -> data/raw/images/peru21/2020/03/08/peru21_2020-03-08_16.jpg
2026-07-07 21:45:59,371 [INFO] src.corpus_acquisition.downloader: Downloading page 17 from https://t.prcdn.co/img?file=eag12020030800000000001001&page=17&scale=80
2026-07-07 21:45:59,371 [INFO] src.corpus_acquisition.crawler: Downloading -> data/raw/images/peru21/2020/03/08/peru21_2020-03-08_17.jpg
2026-07-07 21:46:02,492 [INFO] src.corpus_acquisition.downloader: Downloading page 18 from https://t.prcdn.co/img?file=eag12020030800000000001001&page=18&scale=80
2026-07-07 21:46:02,493 [INFO] src.corpus_acquisition.crawler: Downloading -> data/raw/images/peru21/2020/03/08/peru21_2020-03-08_18.jpg
2026-07-07 21:46:05,451 [INFO] src.corpus_acquisition.downloader: Downloading page 19 from https://t.prcdn.co/img?file=eag12020030800000000001001&page=19&scale=80
2026-07-07 21:46:05,451 [INFO] src.corpus_acquisition.crawler: Downloading -> data/raw/images/peru21/2020/03/08/peru21_2020-03-08_19.jpg
2026-07-07 21:46:08,780 [INFO] src.corpus_acquisition.downloader: Downloading page 20 from https://t.prcdn.co/img?file=eag12020030800000000001001&page=20&scale=80
2026-07-07 21:46:08,781 [INFO] src.corpus_acquisition.crawler: Downloading -> data/raw/images/peru21/2020/03/08/peru21_2020-03-08_20.jpg
2026-07-07 21:46:11,478 [INFO] src.corpus_acquisition.downloader: Downloading page 21 from https://t.prcdn.co/img?file=eag12020030800000000001001&page=21&scale=80
2026-07-07 21:46:11,479 [INFO] src.corpus_acquisition.crawler: Downloading -> data/raw/images/peru21/2020/03/08/peru21_2020-03-08_21.jpg
2026-07-07 21:46:14,604 [INFO] src.corpus_acquisition.downloader: Downloading page 22 from https://t.prcdn.co/img?file=eag12020030800000000001001&page=22&scale=80
2026-07-07 21:46:14,605 [INFO] src.corpus_acquisition.crawler: Downloading -> data/raw/images/peru21/2020/03/08/peru21_2020-03-08_22.jpg
2026-07-07 21:46:18,591 [INFO] src.corpus_acquisition.downloader: Downloading page 23 from https://t.prcdn.co/img?file=eag12020030800000000001001&page=23&scale=80
2026-07-07 21:46:18,591 [INFO] src.corpus_acquisition.crawler: Downloading -> data/raw/images/peru21/2020/03/08/peru21_2020-03-08_23.jpg
2026-07-07 21:46:21,392 [INFO] src.corpus_acquisition.downloader: Downloading page 24 from https://t.prcdn.co/img?file=eag12020030800000000001001&page=24&scale=80
2026-07-07 21:46:21,392 [INFO] src.corpus_acquisition.crawler: Downloading -> data/raw/images/peru21/2020/03/08/peru21_2020-03-08_24.jpg
2026-07-07 21:46:24,774 [INFO] src.corpus_acquisition.downloader: Downloading page 25 from https://t.prcdn.co/img?file=eag12020030800000000001001&page=25&scale=80
2026-07-07 21:46:24,774 [INFO] src.corpus_acquisition.crawler: Downloading -> data/raw/images/peru21/2020/03/08/peru21_2020-03-08_25.jpg
2026-07-07 21:46:27,975 [INFO] src.corpus_acquisition.downloader: Downloading page 26 from https://t.prcdn.co/img?file=eag12020030800000000001001&page=26&scale=80
2026-07-07 21:46:27,976 [INFO] src.corpus_acquisition.crawler: Downloading -> data/raw/images/peru21/2020/03/08/peru21_2020-03-08_26.jpg
2026-07-07 21:46:31,599 [INFO] src.corpus_acquisition.downloader: Downloading page 27 from https://t.prcdn.co/img?file=eag12020030800000000001001&page=27&scale=80
2026-07-07 21:46:31,600 [INFO] src.corpus_acquisition.crawler: Downloading -> data/raw/images/peru21/2020/03/08/peru21_2020-03-08_27.jpg
2026-07-07 21:46:35,440 [INFO] src.corpus_acquisition.downloader: Downloading page 28 from https://t.prcdn.co/img?file=eag12020030800000000001001&page=28&scale=80
2026-07-07 21:46:35,441 [INFO] src.corpus_acquisition.crawler: Downloading -> data/raw/images/peru21/2020/03/08/peru21_2020-03-08_28.jpg
2026-07-07 21:46:38,146 [INFO] src.corpus_acquisition.downloader: Downloading page 29 from https://t.prcdn.co/img?file=eag12020030800000000001001&page=29&scale=80
2026-07-07 21:46:38,146 [INFO] src.corpus_acquisition.crawler: Downloading -> data/raw/images/peru21/2020/03/08/peru21_2020-03-08_29.jpg
2026-07-07 21:46:38,372 [WARNING] src.corpus_acquisition.downloader: Page 29 not found (1/3).
2026-07-07 21:46:38,373 [INFO] src.corpus_acquisition.downloader: Downloading page 30 from https://t.prcdn.co/img?file=eag12020030800000000001001&page=30&scale=80
2026-07-07 21:46:38,373 [INFO] src.corpus_acquisition.crawler: Downloading -> data/raw/images/peru21/2020/03/08/peru21_2020-03-08_30.jpg
2026-07-07 21:46:38,610 [WARNING] src.corpus_acquisition.downloader: Page 30 not found (2/3).
2026-07-07 21:46:38,629 [INFO] src.corpus_acquisition.downloader: Downloading page 31 from https://t.prcdn.co/img?file=eag12020030800000000001001&page=31&scale=80
2026-07-07 21:46:38,629 [INFO] src.corpus_acquisition.crawler: Downloading -> data/raw/images/peru21/2020/03/08/peru21_2020-03-08_31.jpg
2026-07-07 21:46:38,851 [WARNING] src.corpus_acquisition.downloader: Page 31 not found (3/3).
2026-07-07 21:46:38,851 [WARNING] src.corpus_acquisition.downloader: No new pages found after 3 attempts; stopping with 28 page(s).
2026-07-07 21:46:38,990 [INFO] src.corpus_acquisition.metadata_extractor: Saved metadata for 28 page(s) -> data/raw/metadata/raw_metadata.parquet (total rows: 98847)
2026-07-07 21:46:38,992 [INFO] src.corpus_acquisition.metadata_extractor: Saved crawl log -> data/raw/crawl_logs/peru21_2020-03-08.json (status=success)
2026-07-07 21:46:41,278 [INFO] src.corpus_acquisition.downloader: Downloading page 1 from https://t.prcdn.co/img?file=eag12020030900000000001001&page=1&scale=80
2026-07-07 21:46:41,279 [INFO] src.corpus_acquisition.crawler: Downloading -> data/raw/images/peru21/2020/03/09/peru21_2020-03-09_1.jpg
2026-07-07 21:46:41,490 [WARNING] src.corpus_acquisition.downloader: Page 1 not found (1/3).
2026-07-07 21:46:41,491 [INFO] src.corpus_acquisition.downloader: Downloading page 2 from https://t.prcdn.co/img?file=eag12020030900000000001001&page=2&scale=80
2026-07-07 21:46:41,492 [INFO] src.corpus_acquisition.crawler: Downloading -> data/raw/images/peru21/2020/03/09/peru21_2020-03-09_2.jpg
2026-07-07 21:46:41,734 [WARNING] src.corpus_acquisition.downloader: Page 2 not found (2/3).
2026-07-07 21:46:41,735 [INFO] src.corpus_acquisition.downloader: Downloading page 3 from https://t.prcdn.co/img?file=eag12020030900000000001001&page=3&scale=80
2026-07-07 21:46:41,735 [INFO] src.corpus_acquisition.crawler: Downloading -> data/raw/images/peru21/2020/03/09/peru21_2020-03-09_3.jpg
2026-07-07 21:46:41,949 [WARNING] src.corpus_acquisition.downloader: Page 3 not found (3/3).
2026-07-07 21:46:41,949 [WARNING] src.corpus_acquisition.downloader: No new pages found after 3 attempts; stopping with 0 page(s).
2026-07-07 21:46:41,951 [INFO] src.corpus_acquisition.metadata_extractor: Saved crawl log -> data/raw/crawl_logs/peru21_2020-03-09.json (status=failed)
2026-07-07 21:46:44,523 [INFO] src.corpus_acquisition.downloader: Downloading page 1 from https://t.prcdn.co/img?file=eag12020031000000000001001&page=1&scale=80
2026-07-07 21:46:44,525 [INFO] src.corpus_acquisition.crawler: Downloading -> data/raw/images/peru21/2020/03/10/peru21_2020-03-10_1.jpg
2026-07-07 21:46:46,712 [INFO] src.corpus_acquisition.downloader: Downloading page 2 from https://t.prcdn.co/img?file=eag12020031000000000001001&page=2&scale=80
2026-07-07 21:46:46,713 [INFO] src.corpus_acquisition.crawler: Downloading -> data/raw/images/peru21/2020/03/10/peru21_2020-03-10_2.jpg
2026-07-07 21:46:50,293 [INFO] src.corpus_acquisition.downloader: Downloading page 3 from https://t.prcdn.co/img?file=eag12020031000000000001001&page=3&scale=80
2026-07-07 21:46:50,293 [INFO] src.corpus_acquisition.crawler: Downloading -> data/raw/images/peru21/2020/03/10/peru21_2020-03-10_3.jpg
2026-07-07 21:46:53,530 [INFO] src.corpus_acquisition.downloader: Downloading page 4 from https://t.prcdn.co/img?file=eag12020031000000000001001&page=4&scale=80
2026-07-07 21:46:53,530 [INFO] src.corpus_acquisition.crawler: Downloading -> data/raw/images/peru21/2020/03/10/peru21_2020-03-10_4.jpg
2026-07-07 21:46:57,288 [INFO] src.corpus_acquisition.downloader: Downloading page 5 from https://t.prcdn.co/img?file=eag12020031000000000001001&page=5&scale=80
2026-07-07 21:46:57,289 [INFO] src.corpus_acquisition.crawler: Downloading -> data/raw/images/peru21/2020/03/10/peru21_2020-03-10_5.jpg
2026-07-07 21:47:01,023 [INFO] src.corpus_acquisition.downloader: Downloading page 6 from https://t.prcdn.co/img?file=eag12020031000000000001001&page=6&scale=80
2026-07-07 21:47:01,024 [INFO] src.corpus_acquisition.crawler: Downloading -> data/raw/images/peru21/2020/03/10/peru21_2020-03-10_6.jpg
2026-07-07 21:47:03,542 [INFO] src.corpus_acquisition.downloader: Downloading page 7 from https://t.prcdn.co/img?file=eag12020031000000000001001&page=7&scale=80
2026-07-07 21:47:03,542 [INFO] src.corpus_acquisition.crawler: Downloading -> data/raw/images/peru21/2020/03/10/peru21_2020-03-10_7.jpg
2026-07-07 21:47:06,575 [INFO] src.corpus_acquisition.downloader: Downloading page 8 from https://t.prcdn.co/img?file=eag12020031000000000001001&page=8&scale=80
2026-07-07 21:47:06,576 [INFO] src.corpus_acquisition.crawler: Downloading -> data/raw/images/peru21/2020/03/10/peru21_2020-03-10_8.jpg
2026-07-07 21:47:09,938 [INFO] src.corpus_acquisition.downloader: Downloading page 9 from https://t.prcdn.co/img?file=eag12020031000000000001001&page=9&scale=80
2026-07-07 21:47:09,939 [INFO] src.corpus_acquisition.crawler: Downloading -> data/raw/images/peru21/2020/03/10/peru21_2020-03-10_9.jpg
2026-07-07 21:47:13,265 [INFO] src.corpus_acquisition.downloader: Downloading page 10 from https://t.prcdn.co/img?file=eag12020031000000000001001&page=10&scale=80
2026-07-07 21:47:13,265 [INFO] src.corpus_acquisition.crawler: Downloading -> data/raw/images/peru21/2020/03/10/peru21_2020-03-10_10.jpg
2026-07-07 21:47:16,545 [INFO] src.corpus_acquisition.downloader: Downloading page 11 from https://t.prcdn.co/img?file=eag12020031000000000001001&page=11&scale=80
2026-07-07 21:47:16,545 [INFO] src.corpus_acquisition.crawler: Downloading -> data/raw/images/peru21/2020/03/10/peru21_2020-03-10_11.jpg
2026-07-07 21:47:20,794 [INFO] src.corpus_acquisition.downloader: Downloading page 12 from https://t.prcdn.co/img?file=eag12020031000000000001001&page=12&scale=80
2026-07-07 21:47:20,794 [INFO] src.corpus_acquisition.crawler: Downloading -> data/raw/images/peru21/2020/03/10/peru21_2020-03-10_12.jpg
2026-07-07 21:47:24,100 [INFO] src.corpus_acquisition.downloader: Downloading page 13 from https://t.prcdn.co/img?file=eag12020031000000000001001&page=13&scale=80
2026-07-07 21:47:24,100 [INFO] src.corpus_acquisition.crawler: Downloading -> data/raw/images/peru21/2020/03/10/peru21_2020-03-10_13.jpg
2026-07-07 21:47:27,399 [INFO] src.corpus_acquisition.downloader: Downloading page 14 from https://t.prcdn.co/img?file=eag12020031000000000001001&page=14&scale=80
2026-07-07 21:47:27,400 [INFO] src.corpus_acquisition.crawler: Downloading -> data/raw/images/peru21/2020/03/10/peru21_2020-03-10_14.jpg
2026-07-07 21:47:30,771 [INFO] src.corpus_acquisition.downloader: Downloading page 15 from https://t.prcdn.co/img?file=eag12020031000000000001001&page=15&scale=80
2026-07-07 21:47:30,771 [INFO] src.corpus_acquisition.crawler: Downloading -> data/raw/images/peru21/2020/03/10/peru21_2020-03-10_15.jpg
2026-07-07 21:47:33,993 [INFO] src.corpus_acquisition.downloader: Downloading page 16 from https://t.prcdn.co/img?file=eag12020031000000000001001&page=16&scale=80
2026-07-07 21:47:33,993 [INFO] src.corpus_acquisition.crawler: Downloading -> data/raw/images/peru21/2020/03/10/peru21_2020-03-10_16.jpg
2026-07-07 21:47:36,975 [INFO] src.corpus_acquisition.downloader: Downloading page 17 from https://t.prcdn.co/img?file=eag12020031000000000001001&page=17&scale=80
2026-07-07 21:47:36,976 [INFO] src.corpus_acquisition.crawler: Downloading -> data/raw/images/peru21/2020/03/10/peru21_2020-03-10_17.jpg
2026-07-07 21:47:39,603 [INFO] src.corpus_acquisition.downloader: Downloading page 18 from https://t.prcdn.co/img?file=eag12020031000000000001001&page=18&scale=80
2026-07-07 21:47:39,603 [INFO] src.corpus_acquisition.crawler: Downloading -> data/raw/images/peru21/2020/03/10/peru21_2020-03-10_18.jpg
2026-07-07 21:47:42,354 [INFO] src.corpus_acquisition.downloader: Downloading page 19 from https://t.prcdn.co/img?file=eag12020031000000000001001&page=19&scale=80
2026-07-07 21:47:42,355 [INFO] src.corpus_acquisition.crawler: Downloading -> data/raw/images/peru21/2020/03/10/peru21_2020-03-10_19.jpg
2026-07-07 21:47:45,665 [INFO] src.corpus_acquisition.downloader: Downloading page 20 from https://t.prcdn.co/img?file=eag12020031000000000001001&page=20&scale=80
2026-07-07 21:47:45,665 [INFO] src.corpus_acquisition.crawler: Downloading -> data/raw/images/peru21/2020/03/10/peru21_2020-03-10_20.jpg
2026-07-07 21:47:48,767 [INFO] src.corpus_acquisition.downloader: Downloading page 21 from https://t.prcdn.co/img?file=eag12020031000000000001001&page=21&scale=80
2026-07-07 21:47:48,768 [INFO] src.corpus_acquisition.crawler: Downloading -> data/raw/images/peru21/2020/03/10/peru21_2020-03-10_21.jpg
2026-07-07 21:47:51,526 [INFO] src.corpus_acquisition.downloader: Downloading page 22 from https://t.prcdn.co/img?file=eag12020031000000000001001&page=22&scale=80
2026-07-07 21:47:51,527 [INFO] src.corpus_acquisition.crawler: Downloading -> data/raw/images/peru21/2020/03/10/peru21_2020-03-10_22.jpg
2026-07-07 21:47:55,166 [INFO] src.corpus_acquisition.downloader: Downloading page 23 from https://t.prcdn.co/img?file=eag12020031000000000001001&page=23&scale=80
2026-07-07 21:47:55,167 [INFO] src.corpus_acquisition.crawler: Downloading -> data/raw/images/peru21/2020/03/10/peru21_2020-03-10_23.jpg
2026-07-07 21:47:58,965 [INFO] src.corpus_acquisition.downloader: Downloading page 24 from https://t.prcdn.co/img?file=eag12020031000000000001001&page=24&scale=80
2026-07-07 21:47:58,966 [INFO] src.corpus_acquisition.crawler: Downloading -> data/raw/images/peru21/2020/03/10/peru21_2020-03-10_24.jpg
2026-07-07 21:48:02,514 [INFO] src.corpus_acquisition.downloader: Downloading page 25 from https://t.prcdn.co/img?file=eag12020031000000000001001&page=25&scale=80
2026-07-07 21:48:02,514 [INFO] src.corpus_acquisition.crawler: Downloading -> data/raw/images/peru21/2020/03/10/peru21_2020-03-10_25.jpg
2026-07-07 21:48:06,151 [INFO] src.corpus_acquisition.downloader: Downloading page 26 from https://t.prcdn.co/img?file=eag12020031000000000001001&page=26&scale=80
2026-07-07 21:48:06,152 [INFO] src.corpus_acquisition.crawler: Downloading -> data/raw/images/peru21/2020/03/10/peru21_2020-03-10_26.jpg
2026-07-07 21:48:09,590 [INFO] src.corpus_acquisition.downloader: Downloading page 27 from https://t.prcdn.co/img?file=eag12020031000000000001001&page=27&scale=80
2026-07-07 21:48:09,590 [INFO] src.corpus_acquisition.crawler: Downloading -> data/raw/images/peru21/2020/03/10/peru21_2020-03-10_27.jpg
2026-07-07 21:48:12,579 [INFO] src.corpus_acquisition.downloader: Downloading page 28 from https://t.prcdn.co/img?file=eag12020031000000000001001&page=28&scale=80
2026-07-07 21:48:12,580 [INFO] src.corpus_acquisition.crawler: Downloading -> data/raw/images/peru21/2020/03/10/peru21_2020-03-10_28.jpg
2026-07-07 21:48:15,731 [INFO] src.corpus_acquisition.downloader: Downloading page 29 from https://t.prcdn.co/img?file=eag12020031000000000001001&page=29&scale=80
2026-07-07 21:48:15,731 [INFO] src.corpus_acquisition.crawler: Downloading -> data/raw/images/peru21/2020/03/10/peru21_2020-03-10_29.jpg
2026-07-07 21:48:16,058 [WARNING] src.corpus_acquisition.downloader: Page 29 not found (1/3).
2026-07-07 21:48:16,059 [INFO] src.corpus_acquisition.downloader: Downloading page 30 from https://t.prcdn.co/img?file=eag12020031000000000001001&page=30&scale=80
2026-07-07 21:48:16,059 [INFO] src.corpus_acquisition.crawler: Downloading -> data/raw/images/peru21/2020/03/10/peru21_2020-03-10_30.jpg
2026-07-07 21:48:16,405 [WARNING] src.corpus_acquisition.downloader: Page 30 not found (2/3).
2026-07-07 21:48:16,406 [INFO] src.corpus_acquisition.downloader: Downloading page 31 from https://t.prcdn.co/img?file=eag12020031000000000001001&page=31&scale=80
2026-07-07 21:48:16,406 [INFO] src.corpus_acquisition.crawler: Downloading -> data/raw/images/peru21/2020/03/10/peru21_2020-03-10_31.jpg
2026-07-07 21:48:16,734 [WARNING] src.corpus_acquisition.downloader: Page 31 not found (3/3).
2026-07-07 21:48:16,734 [WARNING] src.corpus_acquisition.downloader: No new pages found after 3 attempts; stopping with 28 page(s).
2026-07-07 21:48:16,869 [INFO] src.corpus_acquisition.metadata_extractor: Saved metadata for 28 page(s) -> data/raw/metadata/raw_metadata.parquet (total rows: 99003)
2026-07-07 21:48:16,871 [INFO] src.corpus_acquisition.metadata_extractor: Saved crawl log -> data/raw/crawl_logs/peru21_2020-03-10.json (status=success)
2026-07-07 21:48:18,930 [INFO] src.corpus_acquisition.downloader: Downloading page 1 from https://t.prcdn.co/img?file=eag12020031100000000001001&page=1&scale=80
2026-07-07 21:48:18,931 [INFO] src.corpus_acquisition.crawler: Downloading -> data/raw/images/peru21/2020/03/11/peru21_2020-03-11_1.jpg
2026-07-07 21:48:22,250 [INFO] src.corpus_acquisition.downloader: Downloading page 2 from https://t.prcdn.co/img?file=eag12020031100000000001001&page=2&scale=80
2026-07-07 21:48:22,250 [INFO] src.corpus_acquisition.crawler: Downloading -> data/raw/images/peru21/2020/03/11/peru21_2020-03-11_2.jpg
2026-07-07 21:48:26,437 [INFO] src.corpus_acquisition.downloader: Downloading page 3 from https://t.prcdn.co/img?file=eag12020031100000000001001&page=3&scale=80
2026-07-07 21:48:26,437 [INFO] src.corpus_acquisition.crawler: Downloading -> data/raw/images/peru21/2020/03/11/peru21_2020-03-11_3.jpg
2026-07-07 21:48:29,451 [INFO] src.corpus_acquisition.downloader: Downloading page 4 from https://t.prcdn.co/img?file=eag12020031100000000001001&page=4&scale=80
2026-07-07 21:48:29,452 [INFO] src.corpus_acquisition.crawler: Downloading -> data/raw/images/peru21/2020/03/11/peru21_2020-03-11_4.jpg
2026-07-07 21:48:33,525 [INFO] src.corpus_acquisition.downloader: Downloading page 5 from https://t.prcdn.co/img?file=eag12020031100000000001001&page=5&scale=80
2026-07-07 21:48:33,525 [INFO] src.corpus_acquisition.crawler: Downloading -> data/raw/images/peru21/2020/03/11/peru21_2020-03-11_5.jpg
2026-07-07 21:48:36,715 [INFO] src.corpus_acquisition.downloader: Downloading page 6 from https://t.prcdn.co/img?file=eag12020031100000000001001&page=6&scale=80
2026-07-07 21:48:36,716 [INFO] src.corpus_acquisition.crawler: Downloading -> data/raw/images/peru21/2020/03/11/peru21_2020-03-11_6.jpg
2026-07-07 21:48:40,035 [INFO] src.corpus_acquisition.downloader: Downloading page 7 from https://t.prcdn.co/img?file=eag12020031100000000001001&page=7&scale=80
2026-07-07 21:48:40,035 [INFO] src.corpus_acquisition.crawler: Downloading -> data/raw/images/peru21/2020/03/11/peru21_2020-03-11_7.jpg
2026-07-07 21:48:43,257 [INFO] src.corpus_acquisition.downloader: Downloading page 8 from https://t.prcdn.co/img?file=eag12020031100000000001001&page=8&scale=80
2026-07-07 21:48:43,257 [INFO] src.corpus_acquisition.crawler: Downloading -> data/raw/images/peru21/2020/03/11/peru21_2020-03-11_8.jpg
2026-07-07 21:48:45,834 [INFO] src.corpus_acquisition.downloader: Downloading page 9 from https://t.prcdn.co/img?file=eag12020031100000000001001&page=9&scale=80
2026-07-07 21:48:45,834 [INFO] src.corpus_acquisition.crawler: Downloading -> data/raw/images/peru21/2020/03/11/peru21_2020-03-11_9.jpg
2026-07-07 21:48:50,125 [INFO] src.corpus_acquisition.downloader: Downloading page 10 from https://t.prcdn.co/img?file=eag12020031100000000001001&page=10&scale=80
2026-07-07 21:48:50,125 [INFO] src.corpus_acquisition.crawler: Downloading -> data/raw/images/peru21/2020/03/11/peru21_2020-03-11_10.jpg
2026-07-07 21:48:53,563 [INFO] src.corpus_acquisition.downloader: Downloading page 11 from https://t.prcdn.co/img?file=eag12020031100000000001001&page=11&scale=80
2026-07-07 21:48:53,564 [INFO] src.corpus_acquisition.crawler: Downloading -> data/raw/images/peru21/2020/03/11/peru21_2020-03-11_11.jpg
2026-07-07 21:48:57,022 [INFO] src.corpus_acquisition.downloader: Downloading page 12 from https://t.prcdn.co/img?file=eag12020031100000000001001&page=12&scale=80
2026-07-07 21:48:57,022 [INFO] src.corpus_acquisition.crawler: Downloading -> data/raw/images/peru21/2020/03/11/peru21_2020-03-11_12.jpg
2026-07-07 21:48:59,726 [INFO] src.corpus_acquisition.downloader: Downloading page 13 from https://t.prcdn.co/img?file=eag12020031100000000001001&page=13&scale=80
2026-07-07 21:48:59,726 [INFO] src.corpus_acquisition.crawler: Downloading -> data/raw/images/peru21/2020/03/11/peru21_2020-03-11_13.jpg
2026-07-07 21:49:02,585 [INFO] src.corpus_acquisition.downloader: Downloading page 14 from https://t.prcdn.co/img?file=eag12020031100000000001001&page=14&scale=80
2026-07-07 21:49:02,585 [INFO] src.corpus_acquisition.crawler: Downloading -> data/raw/images/peru21/2020/03/11/peru21_2020-03-11_14.jpg
2026-07-07 21:49:06,047 [INFO] src.corpus_acquisition.downloader: Downloading page 15 from https://t.prcdn.co/img?file=eag12020031100000000001001&page=15&scale=80
2026-07-07 21:49:06,048 [INFO] src.corpus_acquisition.crawler: Downloading -> data/raw/images/peru21/2020/03/11/peru21_2020-03-11_15.jpg
2026-07-07 21:49:09,667 [INFO] src.corpus_acquisition.downloader: Downloading page 16 from https://t.prcdn.co/img?file=eag12020031100000000001001&page=16&scale=80
2026-07-07 21:49:09,667 [INFO] src.corpus_acquisition.crawler: Downloading -> data/raw/images/peru21/2020/03/11/peru21_2020-03-11_16.jpg
2026-07-07 21:49:13,719 [INFO] src.corpus_acquisition.downloader: Downloading page 17 from https://t.prcdn.co/img?file=eag12020031100000000001001&page=17&scale=80
2026-07-07 21:49:13,719 [INFO] src.corpus_acquisition.crawler: Downloading -> data/raw/images/peru21/2020/03/11/peru21_2020-03-11_17.jpg
2026-07-07 21:49:16,275 [INFO] src.corpus_acquisition.downloader: Downloading page 18 from https://t.prcdn.co/img?file=eag12020031100000000001001&page=18&scale=80
2026-07-07 21:49:16,276 [INFO] src.corpus_acquisition.crawler: Downloading -> data/raw/images/peru21/2020/03/11/peru21_2020-03-11_18.jpg
2026-07-07 21:49:18,962 [INFO] src.corpus_acquisition.downloader: Downloading page 19 from https://t.prcdn.co/img?file=eag12020031100000000001001&page=19&scale=80
2026-07-07 21:49:18,962 [INFO] src.corpus_acquisition.crawler: Downloading -> data/raw/images/peru21/2020/03/11/peru21_2020-03-11_19.jpg
2026-07-07 21:49:21,873 [INFO] src.corpus_acquisition.downloader: Downloading page 20 from https://t.prcdn.co/img?file=eag12020031100000000001001&page=20&scale=80
2026-07-07 21:49:21,873 [INFO] src.corpus_acquisition.crawler: Downloading -> data/raw/images/peru21/2020/03/11/peru21_2020-03-11_20.jpg
2026-07-07 21:49:24,944 [INFO] src.corpus_acquisition.downloader: Downloading page 21 from https://t.prcdn.co/img?file=eag12020031100000000001001&page=21&scale=80
2026-07-07 21:49:24,945 [INFO] src.corpus_acquisition.crawler: Downloading -> data/raw/images/peru21/2020/03/11/peru21_2020-03-11_21.jpg
2026-07-07 21:49:28,380 [INFO] src.corpus_acquisition.downloader: Downloading page 22 from https://t.prcdn.co/img?file=eag12020031100000000001001&page=22&scale=80
2026-07-07 21:49:28,380 [INFO] src.corpus_acquisition.crawler: Downloading -> data/raw/images/peru21/2020/03/11/peru21_2020-03-11_22.jpg
2026-07-07 21:49:31,394 [INFO] src.corpus_acquisition.downloader: Downloading page 23 from https://t.prcdn.co/img?file=eag12020031100000000001001&page=23&scale=80
2026-07-07 21:49:31,395 [INFO] src.corpus_acquisition.crawler: Downloading -> data/raw/images/peru21/2020/03/11/peru21_2020-03-11_23.jpg
2026-07-07 21:49:34,141 [INFO] src.corpus_acquisition.downloader: Downloading page 24 from https://t.prcdn.co/img?file=eag12020031100000000001001&page=24&scale=80
2026-07-07 21:49:34,141 [INFO] src.corpus_acquisition.crawler: Downloading -> data/raw/images/peru21/2020/03/11/peru21_2020-03-11_24.jpg
2026-07-07 21:49:37,333 [INFO] src.corpus_acquisition.downloader: Downloading page 25 from https://t.prcdn.co/img?file=eag12020031100000000001001&page=25&scale=80
2026-07-07 21:49:37,333 [INFO] src.corpus_acquisition.crawler: Downloading -> data/raw/images/peru21/2020/03/11/peru21_2020-03-11_25.jpg
2026-07-07 21:49:37,601 [WARNING] src.corpus_acquisition.downloader: Page 25 not found (1/3).
2026-07-07 21:49:37,601 [INFO] src.corpus_acquisition.downloader: Downloading page 26 from https://t.prcdn.co/img?file=eag12020031100000000001001&page=26&scale=80
2026-07-07 21:49:37,602 [INFO] src.corpus_acquisition.crawler: Downloading -> data/raw/images/peru21/2020/03/11/peru21_2020-03-11_26.jpg
2026-07-07 21:49:37,842 [WARNING] src.corpus_acquisition.downloader: Page 26 not found (2/3).
2026-07-07 21:49:37,842 [INFO] src.corpus_acquisition.downloader: Downloading page 27 from https://t.prcdn.co/img?file=eag12020031100000000001001&page=27&scale=80
2026-07-07 21:49:37,843 [INFO] src.corpus_acquisition.crawler: Downloading -> data/raw/images/peru21/2020/03/11/peru21_2020-03-11_27.jpg
2026-07-07 21:49:38,170 [WARNING] src.corpus_acquisition.downloader: Page 27 not found (3/3).
2026-07-07 21:49:38,170 [WARNING] src.corpus_acquisition.downloader: No new pages found after 3 attempts; stopping with 24 page(s).
2026-07-07 21:49:38,301 [INFO] src.corpus_acquisition.metadata_extractor: Saved metadata for 24 page(s) -> data/raw/metadata/raw_metadata.parquet (total rows: 99111)
2026-07-07 21:49:38,304 [INFO] src.corpus_acquisition.metadata_extractor: Saved crawl log -> data/raw/crawl_logs/peru21_2020-03-11.json (status=success)
2026-07-07 21:49:40,924 [INFO] src.corpus_acquisition.downloader: Downloading page 1 from https://t.prcdn.co/img?file=eag12020031200000000001001&page=1&scale=80
2026-07-07 21:49:40,925 [INFO] src.corpus_acquisition.crawler: Downloading -> data/raw/images/peru21/2020/03/12/peru21_2020-03-12_1.jpg
2026-07-07 21:49:41,148 [WARNING] src.corpus_acquisition.downloader: Page 1 not found (1/3).
2026-07-07 21:49:41,149 [INFO] src.corpus_acquisition.downloader: Downloading page 2 from https://t.prcdn.co/img?file=eag12020031200000000001001&page=2&scale=80
2026-07-07 21:49:41,149 [INFO] src.corpus_acquisition.crawler: Downloading -> data/raw/images/peru21/2020/03/12/peru21_2020-03-12_2.jpg
2026-07-07 21:49:41,343 [WARNING] src.corpus_acquisition.downloader: Page 2 not found (2/3).
2026-07-07 21:49:41,344 [INFO] src.corpus_acquisition.downloader: Downloading page 3 from https://t.prcdn.co/img?file=eag12020031200000000001001&page=3&scale=80
2026-07-07 21:49:41,344 [INFO] src.corpus_acquisition.crawler: Downloading -> data/raw/images/peru21/2020/03/12/peru21_2020-03-12_3.jpg
2026-07-07 21:49:41,561 [WARNING] src.corpus_acquisition.downloader: Page 3 not found (3/3).
2026-07-07 21:49:41,561 [WARNING] src.corpus_acquisition.downloader: No new pages found after 3 attempts; stopping with 0 page(s).
2026-07-07 21:49:41,563 [INFO] src.corpus_acquisition.metadata_extractor: Saved crawl log -> data/raw/crawl_logs/peru21_2020-03-12.json (status=failed)
2026-07-07 21:49:44,305 [INFO] src.corpus_acquisition.downloader: Downloading page 1 from https://t.prcdn.co/img?file=eag12020031300000000001001&page=1&scale=80
2026-07-07 21:49:44,305 [INFO] src.corpus_acquisition.crawler: Downloading -> data/raw/images/peru21/2020/03/13/peru21_2020-03-13_1.jpg
2026-07-07 21:49:47,338 [INFO] src.corpus_acquisition.downloader: Downloading page 2 from https://t.prcdn.co/img?file=eag12020031300000000001001&page=2&scale=80
2026-07-07 21:49:47,339 [INFO] src.corpus_acquisition.crawler: Downloading -> data/raw/images/peru21/2020/03/13/peru21_2020-03-13_2.jpg
2026-07-07 21:49:51,586 [INFO] src.corpus_acquisition.downloader: Downloading page 3 from https://t.prcdn.co/img?file=eag12020031300000000001001&page=3&scale=80
2026-07-07 21:49:51,586 [INFO] src.corpus_acquisition.crawler: Downloading -> data/raw/images/peru21/2020/03/13/peru21_2020-03-13_3.jpg
2026-07-07 21:49:55,193 [INFO] src.corpus_acquisition.downloader: Downloading page 4 from https://t.prcdn.co/img?file=eag12020031300000000001001&page=4&scale=80
2026-07-07 21:49:55,193 [INFO] src.corpus_acquisition.crawler: Downloading -> data/raw/images/peru21/2020/03/13/peru21_2020-03-13_4.jpg
2026-07-07 21:49:58,518 [INFO] src.corpus_acquisition.downloader: Downloading page 5 from https://t.prcdn.co/img?file=eag12020031300000000001001&page=5&scale=80
2026-07-07 21:49:58,519 [INFO] src.corpus_acquisition.crawler: Downloading -> data/raw/images/peru21/2020/03/13/peru21_2020-03-13_5.jpg
2026-07-07 21:50:01,790 [INFO] src.corpus_acquisition.downloader: Downloading page 6 from https://t.prcdn.co/img?file=eag12020031300000000001001&page=6&scale=80
2026-07-07 21:50:01,791 [INFO] src.corpus_acquisition.crawler: Downloading -> data/raw/images/peru21/2020/03/13/peru21_2020-03-13_6.jpg
2026-07-07 21:50:05,235 [INFO] src.corpus_acquisition.downloader: Downloading page 7 from https://t.prcdn.co/img?file=eag12020031300000000001001&page=7&scale=80
2026-07-07 21:50:05,235 [INFO] src.corpus_acquisition.crawler: Downloading -> data/raw/images/peru21/2020/03/13/peru21_2020-03-13_7.jpg
2026-07-07 21:50:08,015 [INFO] src.corpus_acquisition.downloader: Downloading page 8 from https://t.prcdn.co/img?file=eag12020031300000000001001&page=8&scale=80
2026-07-07 21:50:08,016 [INFO] src.corpus_acquisition.crawler: Downloading -> data/raw/images/peru21/2020/03/13/peru21_2020-03-13_8.jpg
2026-07-07 21:50:10,839 [INFO] src.corpus_acquisition.downloader: Downloading page 9 from https://t.prcdn.co/img?file=eag12020031300000000001001&page=9&scale=80
2026-07-07 21:50:10,839 [INFO] src.corpus_acquisition.crawler: Downloading -> data/raw/images/peru21/2020/03/13/peru21_2020-03-13_9.jpg
2026-07-07 21:50:14,447 [INFO] src.corpus_acquisition.downloader: Downloading page 10 from https://t.prcdn.co/img?file=eag12020031300000000001001&page=10&scale=80
2026-07-07 21:50:14,447 [INFO] src.corpus_acquisition.crawler: Downloading -> data/raw/images/peru21/2020/03/13/peru21_2020-03-13_10.jpg
2026-07-07 21:50:18,009 [INFO] src.corpus_acquisition.downloader: Downloading page 11 from https://t.prcdn.co/img?file=eag12020031300000000001001&page=11&scale=80
2026-07-07 21:50:18,009 [INFO] src.corpus_acquisition.crawler: Downloading -> data/raw/images/peru21/2020/03/13/peru21_2020-03-13_11.jpg
2026-07-07 21:50:21,425 [INFO] src.corpus_acquisition.downloader: Downloading page 12 from https://t.prcdn.co/img?file=eag12020031300000000001001&page=12&scale=80
2026-07-07 21:50:21,426 [INFO] src.corpus_acquisition.crawler: Downloading -> data/raw/images/peru21/2020/03/13/peru21_2020-03-13_12.jpg
2026-07-07 21:50:24,358 [INFO] src.corpus_acquisition.downloader: Downloading page 13 from https://t.prcdn.co/img?file=eag12020031300000000001001&page=13&scale=80
2026-07-07 21:50:24,358 [INFO] src.corpus_acquisition.crawler: Downloading -> data/raw/images/peru21/2020/03/13/peru21_2020-03-13_13.jpg
2026-07-07 21:50:27,383 [INFO] src.corpus_acquisition.downloader: Downloading page 14 from https://t.prcdn.co/img?file=eag12020031300000000001001&page=14&scale=80
2026-07-07 21:50:27,384 [INFO] src.corpus_acquisition.crawler: Downloading -> data/raw/images/peru21/2020/03/13/peru21_2020-03-13_14.jpg
2026-07-07 21:50:30,157 [INFO] src.corpus_acquisition.downloader: Downloading page 15 from https://t.prcdn.co/img?file=eag12020031300000000001001&page=15&scale=80
2026-07-07 21:50:30,158 [INFO] src.corpus_acquisition.crawler: Downloading -> data/raw/images/peru21/2020/03/13/peru21_2020-03-13_15.jpg
2026-07-07 21:50:32,869 [INFO] src.corpus_acquisition.downloader: Downloading page 16 from https://t.prcdn.co/img?file=eag12020031300000000001001&page=16&scale=80
2026-07-07 21:50:32,870 [INFO] src.corpus_acquisition.crawler: Downloading -> data/raw/images/peru21/2020/03/13/peru21_2020-03-13_16.jpg
2026-07-07 21:50:35,981 [INFO] src.corpus_acquisition.downloader: Downloading page 17 from https://t.prcdn.co/img?file=eag12020031300000000001001&page=17&scale=80
2026-07-07 21:50:35,982 [INFO] src.corpus_acquisition.crawler: Downloading -> data/raw/images/peru21/2020/03/13/peru21_2020-03-13_17.jpg
2026-07-07 21:50:38,987 [INFO] src.corpus_acquisition.downloader: Downloading page 18 from https://t.prcdn.co/img?file=eag12020031300000000001001&page=18&scale=80
2026-07-07 21:50:38,987 [INFO] src.corpus_acquisition.crawler: Downloading -> data/raw/images/peru21/2020/03/13/peru21_2020-03-13_18.jpg
2026-07-07 21:50:43,354 [INFO] src.corpus_acquisition.downloader: Downloading page 19 from https://t.prcdn.co/img?file=eag12020031300000000001001&page=19&scale=80
2026-07-07 21:50:43,354 [INFO] src.corpus_acquisition.crawler: Downloading -> data/raw/images/peru21/2020/03/13/peru21_2020-03-13_19.jpg
2026-07-07 21:50:46,411 [INFO] src.corpus_acquisition.downloader: Downloading page 20 from https://t.prcdn.co/img?file=eag12020031300000000001001&page=20&scale=80
2026-07-07 21:50:46,411 [INFO] src.corpus_acquisition.crawler: Downloading -> data/raw/images/peru21/2020/03/13/peru21_2020-03-13_20.jpg
2026-07-07 21:50:50,184 [INFO] src.corpus_acquisition.downloader: Downloading page 21 from https://t.prcdn.co/img?file=eag12020031300000000001001&page=21&scale=80
2026-07-07 21:50:50,185 [INFO] src.corpus_acquisition.crawler: Downloading -> data/raw/images/peru21/2020/03/13/peru21_2020-03-13_21.jpg
2026-07-07 21:50:53,857 [INFO] src.corpus_acquisition.downloader: Downloading page 22 from https://t.prcdn.co/img?file=eag12020031300000000001001&page=22&scale=80
2026-07-07 21:50:53,857 [INFO] src.corpus_acquisition.crawler: Downloading -> data/raw/images/peru21/2020/03/13/peru21_2020-03-13_22.jpg
2026-07-07 21:50:56,579 [INFO] src.corpus_acquisition.downloader: Downloading page 23 from https://t.prcdn.co/img?file=eag12020031300000000001001&page=23&scale=80
2026-07-07 21:50:56,580 [INFO] src.corpus_acquisition.crawler: Downloading -> data/raw/images/peru21/2020/03/13/peru21_2020-03-13_23.jpg
2026-07-07 21:50:59,997 [INFO] src.corpus_acquisition.downloader: Downloading page 24 from https://t.prcdn.co/img?file=eag12020031300000000001001&page=24&scale=80
2026-07-07 21:50:59,998 [INFO] src.corpus_acquisition.crawler: Downloading -> data/raw/images/peru21/2020/03/13/peru21_2020-03-13_24.jpg
2026-07-07 21:51:03,373 [INFO] src.corpus_acquisition.downloader: Downloading page 25 from https://t.prcdn.co/img?file=eag12020031300000000001001&page=25&scale=80
2026-07-07 21:51:03,373 [INFO] src.corpus_acquisition.crawler: Downloading -> data/raw/images/peru21/2020/03/13/peru21_2020-03-13_25.jpg
2026-07-07 21:51:03,610 [WARNING] src.corpus_acquisition.downloader: Page 25 not found (1/3).
2026-07-07 21:51:03,610 [INFO] src.corpus_acquisition.downloader: Downloading page 26 from https://t.prcdn.co/img?file=eag12020031300000000001001&page=26&scale=80
2026-07-07 21:51:03,611 [INFO] src.corpus_acquisition.crawler: Downloading -> data/raw/images/peru21/2020/03/13/peru21_2020-03-13_26.jpg
2026-07-07 21:51:03,877 [WARNING] src.corpus_acquisition.downloader: Page 26 not found (2/3).
2026-07-07 21:51:03,878 [INFO] src.corpus_acquisition.downloader: Downloading page 27 from https://t.prcdn.co/img?file=eag12020031300000000001001&page=27&scale=80
2026-07-07 21:51:03,878 [INFO] src.corpus_acquisition.crawler: Downloading -> data/raw/images/peru21/2020/03/13/peru21_2020-03-13_27.jpg
2026-07-07 21:51:04,136 [WARNING] src.corpus_acquisition.downloader: Page 27 not found (3/3).
2026-07-07 21:51:04,136 [WARNING] src.corpus_acquisition.downloader: No new pages found after 3 attempts; stopping with 24 page(s).
2026-07-07 21:51:04,268 [INFO] src.corpus_acquisition.metadata_extractor: Saved metadata for 24 page(s) -> data/raw/metadata/raw_metadata.parquet (total rows: 99247)
2026-07-07 21:51:04,271 [INFO] src.corpus_acquisition.metadata_extractor: Saved crawl log -> data/raw/crawl_logs/peru21_2020-03-13.json (status=success)
2026-07-07 21:51:07,016 [INFO] src.corpus_acquisition.downloader: Downloading page 1 from https://t.prcdn.co/img?file=eag12020031400000000001001&page=1&scale=80
2026-07-07 21:51:07,017 [INFO] src.corpus_acquisition.crawler: Downloading -> data/raw/images/peru21/2020/03/14/peru21_2020-03-14_1.jpg
2026-07-07 21:51:10,528 [INFO] src.corpus_acquisition.downloader: Downloading page 2 from https://t.prcdn.co/img?file=eag12020031400000000001001&page=2&scale=80
2026-07-07 21:51:10,528 [INFO] src.corpus_acquisition.crawler: Downloading -> data/raw/images/peru21/2020/03/14/peru21_2020-03-14_2.jpg
2026-07-07 21:51:14,847 [INFO] src.corpus_acquisition.downloader: Downloading page 3 from https://t.prcdn.co/img?file=eag12020031400000000001001&page=3&scale=80
2026-07-07 21:51:14,847 [INFO] src.corpus_acquisition.crawler: Downloading -> data/raw/images/peru21/2020/03/14/peru21_2020-03-14_3.jpg
2026-07-07 21:51:18,329 [INFO] src.corpus_acquisition.downloader: Downloading page 4 from https://t.prcdn.co/img?file=eag12020031400000000001001&page=4&scale=80
2026-07-07 21:51:18,330 [INFO] src.corpus_acquisition.crawler: Downloading -> data/raw/images/peru21/2020/03/14/peru21_2020-03-14_4.jpg
2026-07-07 21:51:21,922 [INFO] src.corpus_acquisition.downloader: Downloading page 5 from https://t.prcdn.co/img?file=eag12020031400000000001001&page=5&scale=80
2026-07-07 21:51:21,923 [INFO] src.corpus_acquisition.crawler: Downloading -> data/raw/images/peru21/2020/03/14/peru21_2020-03-14_5.jpg
2026-07-07 21:51:25,749 [INFO] src.corpus_acquisition.downloader: Downloading page 6 from https://t.prcdn.co/img?file=eag12020031400000000001001&page=6&scale=80
2026-07-07 21:51:25,750 [INFO] src.corpus_acquisition.crawler: Downloading -> data/raw/images/peru21/2020/03/14/peru21_2020-03-14_6.jpg
2026-07-07 21:51:29,373 [INFO] src.corpus_acquisition.downloader: Downloading page 7 from https://t.prcdn.co/img?file=eag12020031400000000001001&page=7&scale=80
2026-07-07 21:51:29,373 [INFO] src.corpus_acquisition.crawler: Downloading -> data/raw/images/peru21/2020/03/14/peru21_2020-03-14_7.jpg
2026-07-07 21:51:32,426 [INFO] src.corpus_acquisition.downloader: Downloading page 8 from https://t.prcdn.co/img?file=eag12020031400000000001001&page=8&scale=80
2026-07-07 21:51:32,427 [INFO] src.corpus_acquisition.crawler: Downloading -> data/raw/images/peru21/2020/03/14/peru21_2020-03-14_8.jpg
2026-07-07 21:51:35,001 [INFO] src.corpus_acquisition.downloader: Downloading page 9 from https://t.prcdn.co/img?file=eag12020031400000000001001&page=9&scale=80
2026-07-07 21:51:35,001 [INFO] src.corpus_acquisition.crawler: Downloading -> data/raw/images/peru21/2020/03/14/peru21_2020-03-14_9.jpg
2026-07-07 21:51:38,437 [INFO] src.corpus_acquisition.downloader: Downloading page 10 from https://t.prcdn.co/img?file=eag12020031400000000001001&page=10&scale=80
2026-07-07 21:51:38,437 [INFO] src.corpus_acquisition.crawler: Downloading -> data/raw/images/peru21/2020/03/14/peru21_2020-03-14_10.jpg
2026-07-07 21:51:42,079 [INFO] src.corpus_acquisition.downloader: Downloading page 11 from https://t.prcdn.co/img?file=eag12020031400000000001001&page=11&scale=80
2026-07-07 21:51:42,080 [INFO] src.corpus_acquisition.crawler: Downloading -> data/raw/images/peru21/2020/03/14/peru21_2020-03-14_11.jpg
2026-07-07 21:51:45,418 [INFO] src.corpus_acquisition.downloader: Downloading page 12 from https://t.prcdn.co/img?file=eag12020031400000000001001&page=12&scale=80
2026-07-07 21:51:45,419 [INFO] src.corpus_acquisition.crawler: Downloading -> data/raw/images/peru21/2020/03/14/peru21_2020-03-14_12.jpg
2026-07-07 21:51:48,670 [INFO] src.corpus_acquisition.downloader: Downloading page 13 from https://t.prcdn.co/img?file=eag12020031400000000001001&page=13&scale=80
2026-07-07 21:51:48,671 [INFO] src.corpus_acquisition.crawler: Downloading -> data/raw/images/peru21/2020/03/14/peru21_2020-03-14_13.jpg
2026-07-07 21:51:51,988 [INFO] src.corpus_acquisition.downloader: Downloading page 14 from https://t.prcdn.co/img?file=eag12020031400000000001001&page=14&scale=80
2026-07-07 21:51:51,988 [INFO] src.corpus_acquisition.crawler: Downloading -> data/raw/images/peru21/2020/03/14/peru21_2020-03-14_14.jpg
2026-07-07 21:51:54,736 [INFO] src.corpus_acquisition.downloader: Downloading page 15 from https://t.prcdn.co/img?file=eag12020031400000000001001&page=15&scale=80
2026-07-07 21:51:54,736 [INFO] src.corpus_acquisition.crawler: Downloading -> data/raw/images/peru21/2020/03/14/peru21_2020-03-14_15.jpg
2026-07-07 21:51:58,920 [INFO] src.corpus_acquisition.downloader: Downloading page 16 from https://t.prcdn.co/img?file=eag12020031400000000001001&page=16&scale=80
2026-07-07 21:51:58,920 [INFO] src.corpus_acquisition.crawler: Downloading -> data/raw/images/peru21/2020/03/14/peru21_2020-03-14_16.jpg
2026-07-07 21:52:02,025 [INFO] src.corpus_acquisition.downloader: Downloading page 17 from https://t.prcdn.co/img?file=eag12020031400000000001001&page=17&scale=80
2026-07-07 21:52:02,025 [INFO] src.corpus_acquisition.crawler: Downloading -> data/raw/images/peru21/2020/03/14/peru21_2020-03-14_17.jpg
2026-07-07 21:52:05,180 [INFO] src.corpus_acquisition.downloader: Downloading page 18 from https://t.prcdn.co/img?file=eag12020031400000000001001&page=18&scale=80
2026-07-07 21:52:05,180 [INFO] src.corpus_acquisition.crawler: Downloading -> data/raw/images/peru21/2020/03/14/peru21_2020-03-14_18.jpg
2026-07-07 21:52:08,655 [INFO] src.corpus_acquisition.downloader: Downloading page 19 from https://t.prcdn.co/img?file=eag12020031400000000001001&page=19&scale=80
2026-07-07 21:52:08,656 [INFO] src.corpus_acquisition.crawler: Downloading -> data/raw/images/peru21/2020/03/14/peru21_2020-03-14_19.jpg
2026-07-07 21:52:11,682 [INFO] src.corpus_acquisition.downloader: Downloading page 20 from https://t.prcdn.co/img?file=eag12020031400000000001001&page=20&scale=80
2026-07-07 21:52:11,683 [INFO] src.corpus_acquisition.crawler: Downloading -> data/raw/images/peru21/2020/03/14/peru21_2020-03-14_20.jpg
2026-07-07 21:52:15,070 [INFO] src.corpus_acquisition.downloader: Downloading page 21 from https://t.prcdn.co/img?file=eag12020031400000000001001&page=21&scale=80
2026-07-07 21:52:15,070 [INFO] src.corpus_acquisition.crawler: Downloading -> data/raw/images/peru21/2020/03/14/peru21_2020-03-14_21.jpg
2026-07-07 21:52:18,187 [INFO] src.corpus_acquisition.downloader: Downloading page 22 from https://t.prcdn.co/img?file=eag12020031400000000001001&page=22&scale=80
2026-07-07 21:52:18,187 [INFO] src.corpus_acquisition.crawler: Downloading -> data/raw/images/peru21/2020/03/14/peru21_2020-03-14_22.jpg
2026-07-07 21:52:20,967 [INFO] src.corpus_acquisition.downloader: Downloading page 23 from https://t.prcdn.co/img?file=eag12020031400000000001001&page=23&scale=80
2026-07-07 21:52:20,967 [INFO] src.corpus_acquisition.crawler: Downloading -> data/raw/images/peru21/2020/03/14/peru21_2020-03-14_23.jpg
2026-07-07 21:52:24,338 [INFO] src.corpus_acquisition.downloader: Downloading page 24 from https://t.prcdn.co/img?file=eag12020031400000000001001&page=24&scale=80
2026-07-07 21:52:24,338 [INFO] src.corpus_acquisition.crawler: Downloading -> data/raw/images/peru21/2020/03/14/peru21_2020-03-14_24.jpg
2026-07-07 21:52:28,215 [INFO] src.corpus_acquisition.downloader: Downloading page 25 from https://t.prcdn.co/img?file=eag12020031400000000001001&page=25&scale=80
2026-07-07 21:52:28,216 [INFO] src.corpus_acquisition.crawler: Downloading -> data/raw/images/peru21/2020/03/14/peru21_2020-03-14_25.jpg
2026-07-07 21:52:28,505 [WARNING] src.corpus_acquisition.downloader: Page 25 not found (1/3).
2026-07-07 21:52:28,505 [INFO] src.corpus_acquisition.downloader: Downloading page 26 from https://t.prcdn.co/img?file=eag12020031400000000001001&page=26&scale=80
2026-07-07 21:52:28,506 [INFO] src.corpus_acquisition.crawler: Downloading -> data/raw/images/peru21/2020/03/14/peru21_2020-03-14_26.jpg
2026-07-07 21:52:28,724 [WARNING] src.corpus_acquisition.downloader: Page 26 not found (2/3).
2026-07-07 21:52:28,725 [INFO] src.corpus_acquisition.downloader: Downloading page 27 from https://t.prcdn.co/img?file=eag12020031400000000001001&page=27&scale=80
2026-07-07 21:52:28,725 [INFO] src.corpus_acquisition.crawler: Downloading -> data/raw/images/peru21/2020/03/14/peru21_2020-03-14_27.jpg
2026-07-07 21:52:28,953 [WARNING] src.corpus_acquisition.downloader: Page 27 not found (3/3).
2026-07-07 21:52:28,953 [WARNING] src.corpus_acquisition.downloader: No new pages found after 3 attempts; stopping with 24 page(s).
2026-07-07 21:52:29,085 [INFO] src.corpus_acquisition.metadata_extractor: Saved metadata for 24 page(s) -> data/raw/metadata/raw_metadata.parquet (total rows: 99391)
2026-07-07 21:52:29,087 [INFO] src.corpus_acquisition.metadata_extractor: Saved crawl log -> data/raw/crawl_logs/peru21_2020-03-14.json (status=success)
2026-07-07 21:52:31,874 [INFO] src.corpus_acquisition.downloader: Downloading page 1 from https://t.prcdn.co/img?file=eag12020031500000000001001&page=1&scale=80
2026-07-07 21:52:31,874 [INFO] src.corpus_acquisition.crawler: Downloading -> data/raw/images/peru21/2020/03/15/peru21_2020-03-15_1.jpg
2026-07-07 21:52:32,182 [WARNING] src.corpus_acquisition.downloader: Page 1 not found (1/3).
2026-07-07 21:52:32,183 [INFO] src.corpus_acquisition.downloader: Downloading page 2 from https://t.prcdn.co/img?file=eag12020031500000000001001&page=2&scale=80
2026-07-07 21:52:32,183 [INFO] src.corpus_acquisition.crawler: Downloading -> data/raw/images/peru21/2020/03/15/peru21_2020-03-15_2.jpg
2026-07-07 21:52:32,425 [WARNING] src.corpus_acquisition.downloader: Page 2 not found (2/3).
2026-07-07 21:52:32,426 [INFO] src.corpus_acquisition.downloader: Downloading page 3 from https://t.prcdn.co/img?file=eag12020031500000000001001&page=3&scale=80
2026-07-07 21:52:32,426 [INFO] src.corpus_acquisition.crawler: Downloading -> data/raw/images/peru21/2020/03/15/peru21_2020-03-15_3.jpg
2026-07-07 21:52:32,682 [WARNING] src.corpus_acquisition.downloader: Page 3 not found (3/3).
2026-07-07 21:52:32,682 [WARNING] src.corpus_acquisition.downloader: No new pages found after 3 attempts; stopping with 0 page(s).
2026-07-07 21:52:32,684 [INFO] src.corpus_acquisition.metadata_extractor: Saved crawl log -> data/raw/crawl_logs/peru21_2020-03-15.json (status=failed)
2026-07-07 21:52:35,616 [INFO] src.corpus_acquisition.downloader: Downloading page 1 from https://t.prcdn.co/img?file=eag12020031600000000001001&page=1&scale=80
2026-07-07 21:52:35,617 [INFO] src.corpus_acquisition.crawler: Downloading -> data/raw/images/peru21/2020/03/16/peru21_2020-03-16_1.jpg
2026-07-07 21:52:35,833 [WARNING] src.corpus_acquisition.downloader: Page 1 not found (1/3).
2026-07-07 21:52:35,834 [INFO] src.corpus_acquisition.downloader: Downloading page 2 from https://t.prcdn.co/img?file=eag12020031600000000001001&page=2&scale=80
2026-07-07 21:52:35,835 [INFO] src.corpus_acquisition.crawler: Downloading -> data/raw/images/peru21/2020/03/16/peru21_2020-03-16_2.jpg
2026-07-07 21:52:36,087 [WARNING] src.corpus_acquisition.downloader: Page 2 not found (2/3).
2026-07-07 21:52:36,087 [INFO] src.corpus_acquisition.downloader: Downloading page 3 from https://t.prcdn.co/img?file=eag12020031600000000001001&page=3&scale=80
2026-07-07 21:52:36,087 [INFO] src.corpus_acquisition.crawler: Downloading -> data/raw/images/peru21/2020/03/16/peru21_2020-03-16_3.jpg
2026-07-07 21:52:36,390 [WARNING] src.corpus_acquisition.downloader: Page 3 not found (3/3).
2026-07-07 21:52:36,390 [WARNING] src.corpus_acquisition.downloader: No new pages found after 3 attempts; stopping with 0 page(s).
2026-07-07 21:52:36,392 [INFO] src.corpus_acquisition.metadata_extractor: Saved crawl log -> data/raw/crawl_logs/peru21_2020-03-16.json (status=failed)
2026-07-07 21:52:38,835 [INFO] src.corpus_acquisition.downloader: Downloading page 1 from https://t.prcdn.co/img?file=eag12020031700000000001001&page=1&scale=80
2026-07-07 21:52:38,836 [INFO] src.corpus_acquisition.crawler: Downloading -> data/raw/images/peru21/2020/03/17/peru21_2020-03-17_1.jpg
2026-07-07 21:52:42,685 [INFO] src.corpus_acquisition.downloader: Downloading page 2 from https://t.prcdn.co/img?file=eag12020031700000000001001&page=2&scale=80
2026-07-07 21:52:42,686 [INFO] src.corpus_acquisition.crawler: Downloading -> data/raw/images/peru21/2020/03/17/peru21_2020-03-17_2.jpg
2026-07-07 21:52:46,665 [INFO] src.corpus_acquisition.downloader: Downloading page 3 from https://t.prcdn.co/img?file=eag12020031700000000001001&page=3&scale=80
2026-07-07 21:52:46,666 [INFO] src.corpus_acquisition.crawler: Downloading -> data/raw/images/peru21/2020/03/17/peru21_2020-03-17_3.jpg
2026-07-07 21:52:51,743 [INFO] src.corpus_acquisition.downloader: Downloading page 4 from https://t.prcdn.co/img?file=eag12020031700000000001001&page=4&scale=80
2026-07-07 21:52:51,743 [INFO] src.corpus_acquisition.crawler: Downloading -> data/raw/images/peru21/2020/03/17/peru21_2020-03-17_4.jpg
2026-07-07 21:52:54,646 [INFO] src.corpus_acquisition.downloader: Downloading page 5 from https://t.prcdn.co/img?file=eag12020031700000000001001&page=5&scale=80
2026-07-07 21:52:54,647 [INFO] src.corpus_acquisition.crawler: Downloading -> data/raw/images/peru21/2020/03/17/peru21_2020-03-17_5.jpg
2026-07-07 21:52:57,968 [INFO] src.corpus_acquisition.downloader: Downloading page 6 from https://t.prcdn.co/img?file=eag12020031700000000001001&page=6&scale=80
2026-07-07 21:52:57,968 [INFO] src.corpus_acquisition.crawler: Downloading -> data/raw/images/peru21/2020/03/17/peru21_2020-03-17_6.jpg
2026-07-07 21:53:01,572 [INFO] src.corpus_acquisition.downloader: Downloading page 7 from https://t.prcdn.co/img?file=eag12020031700000000001001&page=7&scale=80
2026-07-07 21:53:01,573 [INFO] src.corpus_acquisition.crawler: Downloading -> data/raw/images/peru21/2020/03/17/peru21_2020-03-17_7.jpg
2026-07-07 21:53:04,601 [INFO] src.corpus_acquisition.downloader: Downloading page 8 from https://t.prcdn.co/img?file=eag12020031700000000001001&page=8&scale=80
2026-07-07 21:53:04,601 [INFO] src.corpus_acquisition.crawler: Downloading -> data/raw/images/peru21/2020/03/17/peru21_2020-03-17_8.jpg
2026-07-07 21:53:07,889 [INFO] src.corpus_acquisition.downloader: Downloading page 9 from https://t.prcdn.co/img?file=eag12020031700000000001001&page=9&scale=80
2026-07-07 21:53:07,889 [INFO] src.corpus_acquisition.crawler: Downloading -> data/raw/images/peru21/2020/03/17/peru21_2020-03-17_9.jpg
2026-07-07 21:53:10,990 [INFO] src.corpus_acquisition.downloader: Downloading page 10 from https://t.prcdn.co/img?file=eag12020031700000000001001&page=10&scale=80
2026-07-07 21:53:10,991 [INFO] src.corpus_acquisition.crawler: Downloading -> data/raw/images/peru21/2020/03/17/peru21_2020-03-17_10.jpg
2026-07-07 21:53:14,766 [INFO] src.corpus_acquisition.downloader: Downloading page 11 from https://t.prcdn.co/img?file=eag12020031700000000001001&page=11&scale=80
2026-07-07 21:53:14,766 [INFO] src.corpus_acquisition.crawler: Downloading -> data/raw/images/peru21/2020/03/17/peru21_2020-03-17_11.jpg
2026-07-07 21:53:17,845 [INFO] src.corpus_acquisition.downloader: Downloading page 12 from https://t.prcdn.co/img?file=eag12020031700000000001001&page=12&scale=80
2026-07-07 21:53:17,846 [INFO] src.corpus_acquisition.crawler: Downloading -> data/raw/images/peru21/2020/03/17/peru21_2020-03-17_12.jpg
2026-07-07 21:53:21,520 [INFO] src.corpus_acquisition.downloader: Downloading page 13 from https://t.prcdn.co/img?file=eag12020031700000000001001&page=13&scale=80
2026-07-07 21:53:21,521 [INFO] src.corpus_acquisition.crawler: Downloading -> data/raw/images/peru21/2020/03/17/peru21_2020-03-17_13.jpg
2026-07-07 21:53:24,885 [INFO] src.corpus_acquisition.downloader: Downloading page 14 from https://t.prcdn.co/img?file=eag12020031700000000001001&page=14&scale=80
2026-07-07 21:53:24,885 [INFO] src.corpus_acquisition.crawler: Downloading -> data/raw/images/peru21/2020/03/17/peru21_2020-03-17_14.jpg
2026-07-07 21:53:27,940 [INFO] src.corpus_acquisition.downloader: Downloading page 15 from https://t.prcdn.co/img?file=eag12020031700000000001001&page=15&scale=80
2026-07-07 21:53:27,941 [INFO] src.corpus_acquisition.crawler: Downloading -> data/raw/images/peru21/2020/03/17/peru21_2020-03-17_15.jpg
2026-07-07 21:53:31,780 [INFO] src.corpus_acquisition.downloader: Downloading page 16 from https://t.prcdn.co/img?file=eag12020031700000000001001&page=16&scale=80
2026-07-07 21:53:31,781 [INFO] src.corpus_acquisition.crawler: Downloading -> data/raw/images/peru21/2020/03/17/peru21_2020-03-17_16.jpg
2026-07-07 21:53:35,022 [INFO] src.corpus_acquisition.downloader: Downloading page 17 from https://t.prcdn.co/img?file=eag12020031700000000001001&page=17&scale=80
2026-07-07 21:53:35,023 [INFO] src.corpus_acquisition.crawler: Downloading -> data/raw/images/peru21/2020/03/17/peru21_2020-03-17_17.jpg
2026-07-07 21:53:38,293 [INFO] src.corpus_acquisition.downloader: Downloading page 18 from https://t.prcdn.co/img?file=eag12020031700000000001001&page=18&scale=80
2026-07-07 21:53:38,293 [INFO] src.corpus_acquisition.crawler: Downloading -> data/raw/images/peru21/2020/03/17/peru21_2020-03-17_18.jpg
2026-07-07 21:53:41,752 [INFO] src.corpus_acquisition.downloader: Downloading page 19 from https://t.prcdn.co/img?file=eag12020031700000000001001&page=19&scale=80
2026-07-07 21:53:41,752 [INFO] src.corpus_acquisition.crawler: Downloading -> data/raw/images/peru21/2020/03/17/peru21_2020-03-17_19.jpg
2026-07-07 21:53:45,548 [INFO] src.corpus_acquisition.downloader: Downloading page 20 from https://t.prcdn.co/img?file=eag12020031700000000001001&page=20&scale=80
2026-07-07 21:53:45,548 [INFO] src.corpus_acquisition.crawler: Downloading -> data/raw/images/peru21/2020/03/17/peru21_2020-03-17_20.jpg
2026-07-07 21:53:49,277 [INFO] src.corpus_acquisition.downloader: Downloading page 21 from https://t.prcdn.co/img?file=eag12020031700000000001001&page=21&scale=80
2026-07-07 21:53:49,277 [INFO] src.corpus_acquisition.crawler: Downloading -> data/raw/images/peru21/2020/03/17/peru21_2020-03-17_21.jpg
2026-07-07 21:53:53,112 [INFO] src.corpus_acquisition.downloader: Downloading page 22 from https://t.prcdn.co/img?file=eag12020031700000000001001&page=22&scale=80
2026-07-07 21:53:53,112 [INFO] src.corpus_acquisition.crawler: Downloading -> data/raw/images/peru21/2020/03/17/peru21_2020-03-17_22.jpg
2026-07-07 21:53:56,621 [INFO] src.corpus_acquisition.downloader: Downloading page 23 from https://t.prcdn.co/img?file=eag12020031700000000001001&page=23&scale=80
2026-07-07 21:53:56,622 [INFO] src.corpus_acquisition.crawler: Downloading -> data/raw/images/peru21/2020/03/17/peru21_2020-03-17_23.jpg
2026-07-07 21:53:59,505 [INFO] src.corpus_acquisition.downloader: Downloading page 24 from https://t.prcdn.co/img?file=eag12020031700000000001001&page=24&scale=80
2026-07-07 21:53:59,505 [INFO] src.corpus_acquisition.crawler: Downloading -> data/raw/images/peru21/2020/03/17/peru21_2020-03-17_24.jpg
2026-07-07 21:54:02,536 [INFO] src.corpus_acquisition.downloader: Downloading page 25 from https://t.prcdn.co/img?file=eag12020031700000000001001&page=25&scale=80
2026-07-07 21:54:02,537 [INFO] src.corpus_acquisition.crawler: Downloading -> data/raw/images/peru21/2020/03/17/peru21_2020-03-17_25.jpg
2026-07-07 21:54:02,771 [WARNING] src.corpus_acquisition.downloader: Page 25 not found (1/3).
2026-07-07 21:54:02,772 [INFO] src.corpus_acquisition.downloader: Downloading page 26 from https://t.prcdn.co/img?file=eag12020031700000000001001&page=26&scale=80
2026-07-07 21:54:02,772 [INFO] src.corpus_acquisition.crawler: Downloading -> data/raw/images/peru21/2020/03/17/peru21_2020-03-17_26.jpg
2026-07-07 21:54:02,986 [WARNING] src.corpus_acquisition.downloader: Page 26 not found (2/3).
2026-07-07 21:54:02,986 [INFO] src.corpus_acquisition.downloader: Downloading page 27 from https://t.prcdn.co/img?file=eag12020031700000000001001&page=27&scale=80
2026-07-07 21:54:02,987 [INFO] src.corpus_acquisition.crawler: Downloading -> data/raw/images/peru21/2020/03/17/peru21_2020-03-17_27.jpg
2026-07-07 21:54:03,228 [WARNING] src.corpus_acquisition.downloader: Page 27 not found (3/3).
2026-07-07 21:54:03,228 [WARNING] src.corpus_acquisition.downloader: No new pages found after 3 attempts; stopping with 24 page(s).
2026-07-07 21:54:03,361 [INFO] src.corpus_acquisition.metadata_extractor: Saved metadata for 24 page(s) -> data/raw/metadata/raw_metadata.parquet (total rows: 99579)
2026-07-07 21:54:03,363 [INFO] src.corpus_acquisition.metadata_extractor: Saved crawl log -> data/raw/crawl_logs/peru21_2020-03-17.json (status=success)
2026-07-07 21:54:05,532 [INFO] src.corpus_acquisition.downloader: Downloading page 1 from https://t.prcdn.co/img?file=eag12020031800000000001001&page=1&scale=80
2026-07-07 21:54:05,533 [INFO] src.corpus_acquisition.crawler: Downloading -> data/raw/images/peru21/2020/03/18/peru21_2020-03-18_1.jpg
2026-07-07 21:54:05,891 [WARNING] src.corpus_acquisition.downloader: Page 1 not found (1/3).
2026-07-07 21:54:05,892 [INFO] src.corpus_acquisition.downloader: Downloading page 2 from https://t.prcdn.co/img?file=eag12020031800000000001001&page=2&scale=80
2026-07-07 21:54:05,893 [INFO] src.corpus_acquisition.crawler: Downloading -> data/raw/images/peru21/2020/03/18/peru21_2020-03-18_2.jpg
2026-07-07 21:54:06,130 [WARNING] src.corpus_acquisition.downloader: Page 2 not found (2/3).
2026-07-07 21:54:06,130 [INFO] src.corpus_acquisition.downloader: Downloading page 3 from https://t.prcdn.co/img?file=eag12020031800000000001001&page=3&scale=80
2026-07-07 21:54:06,130 [INFO] src.corpus_acquisition.crawler: Downloading -> data/raw/images/peru21/2020/03/18/peru21_2020-03-18_3.jpg
2026-07-07 21:54:06,345 [WARNING] src.corpus_acquisition.downloader: Page 3 not found (3/3).
2026-07-07 21:54:06,345 [WARNING] src.corpus_acquisition.downloader: No new pages found after 3 attempts; stopping with 0 page(s).
2026-07-07 21:54:06,348 [INFO] src.corpus_acquisition.metadata_extractor: Saved crawl log -> data/raw/crawl_logs/peru21_2020-03-18.json (status=failed)
2026-07-07 21:54:08,893 [INFO] src.corpus_acquisition.downloader: Downloading page 1 from https://t.prcdn.co/img?file=eag12020031900000000001001&page=1&scale=80
2026-07-07 21:54:08,894 [INFO] src.corpus_acquisition.crawler: Downloading -> data/raw/images/peru21/2020/03/19/peru21_2020-03-19_1.jpg
2026-07-07 21:54:09,130 [WARNING] src.corpus_acquisition.downloader: Page 1 not found (1/3).
2026-07-07 21:54:09,131 [INFO] src.corpus_acquisition.downloader: Downloading page 2 from https://t.prcdn.co/img?file=eag12020031900000000001001&page=2&scale=80
2026-07-07 21:54:09,131 [INFO] src.corpus_acquisition.crawler: Downloading -> data/raw/images/peru21/2020/03/19/peru21_2020-03-19_2.jpg
2026-07-07 21:54:09,487 [WARNING] src.corpus_acquisition.downloader: Page 2 not found (2/3).
2026-07-07 21:54:09,487 [INFO] src.corpus_acquisition.downloader: Downloading page 3 from https://t.prcdn.co/img?file=eag12020031900000000001001&page=3&scale=80
2026-07-07 21:54:09,487 [INFO] src.corpus_acquisition.crawler: Downloading -> data/raw/images/peru21/2020/03/19/peru21_2020-03-19_3.jpg
2026-07-07 21:54:09,730 [WARNING] src.corpus_acquisition.downloader: Page 3 not found (3/3).
2026-07-07 21:54:09,730 [WARNING] src.corpus_acquisition.downloader: No new pages found after 3 attempts; stopping with 0 page(s).
2026-07-07 21:54:09,733 [INFO] src.corpus_acquisition.metadata_extractor: Saved crawl log -> data/raw/crawl_logs/peru21_2020-03-19.json (status=failed)
2026-07-07 21:54:11,884 [INFO] src.corpus_acquisition.downloader: Downloading page 1 from https://t.prcdn.co/img?file=eag12020032000000000001001&page=1&scale=80
2026-07-07 21:54:11,885 [INFO] src.corpus_acquisition.crawler: Downloading -> data/raw/images/peru21/2020/03/20/peru21_2020-03-20_1.jpg
2026-07-07 21:54:15,461 [INFO] src.corpus_acquisition.downloader: Downloading page 2 from https://t.prcdn.co/img?file=eag12020032000000000001001&page=2&scale=80
2026-07-07 21:54:15,462 [INFO] src.corpus_acquisition.crawler: Downloading -> data/raw/images/peru21/2020/03/20/peru21_2020-03-20_2.jpg
2026-07-07 21:54:19,205 [INFO] src.corpus_acquisition.downloader: Downloading page 3 from https://t.prcdn.co/img?file=eag12020032000000000001001&page=3&scale=80
2026-07-07 21:54:19,205 [INFO] src.corpus_acquisition.crawler: Downloading -> data/raw/images/peru21/2020/03/20/peru21_2020-03-20_3.jpg
2026-07-07 21:54:21,743 [INFO] src.corpus_acquisition.downloader: Downloading page 4 from https://t.prcdn.co/img?file=eag12020032000000000001001&page=4&scale=80
2026-07-07 21:54:21,744 [INFO] src.corpus_acquisition.crawler: Downloading -> data/raw/images/peru21/2020/03/20/peru21_2020-03-20_4.jpg
2026-07-07 21:54:25,399 [INFO] src.corpus_acquisition.downloader: Downloading page 5 from https://t.prcdn.co/img?file=eag12020032000000000001001&page=5&scale=80
2026-07-07 21:54:25,400 [INFO] src.corpus_acquisition.crawler: Downloading -> data/raw/images/peru21/2020/03/20/peru21_2020-03-20_5.jpg
2026-07-07 21:54:28,630 [INFO] src.corpus_acquisition.downloader: Downloading page 6 from https://t.prcdn.co/img?file=eag12020032000000000001001&page=6&scale=80
2026-07-07 21:54:28,630 [INFO] src.corpus_acquisition.crawler: Downloading -> data/raw/images/peru21/2020/03/20/peru21_2020-03-20_6.jpg
2026-07-07 21:54:31,935 [INFO] src.corpus_acquisition.downloader: Downloading page 7 from https://t.prcdn.co/img?file=eag12020032000000000001001&page=7&scale=80
2026-07-07 21:54:31,936 [INFO] src.corpus_acquisition.crawler: Downloading -> data/raw/images/peru21/2020/03/20/peru21_2020-03-20_7.jpg
2026-07-07 21:54:35,421 [INFO] src.corpus_acquisition.downloader: Downloading page 8 from https://t.prcdn.co/img?file=eag12020032000000000001001&page=8&scale=80
2026-07-07 21:54:35,422 [INFO] src.corpus_acquisition.crawler: Downloading -> data/raw/images/peru21/2020/03/20/peru21_2020-03-20_8.jpg
2026-07-07 21:54:38,210 [INFO] src.corpus_acquisition.downloader: Downloading page 9 from https://t.prcdn.co/img?file=eag12020032000000000001001&page=9&scale=80
2026-07-07 21:54:38,210 [INFO] src.corpus_acquisition.crawler: Downloading -> data/raw/images/peru21/2020/03/20/peru21_2020-03-20_9.jpg
2026-07-07 21:54:41,283 [INFO] src.corpus_acquisition.downloader: Downloading page 10 from https://t.prcdn.co/img?file=eag12020032000000000001001&page=10&scale=80
2026-07-07 21:54:41,283 [INFO] src.corpus_acquisition.crawler: Downloading -> data/raw/images/peru21/2020/03/20/peru21_2020-03-20_10.jpg
2026-07-07 21:54:45,102 [INFO] src.corpus_acquisition.downloader: Downloading page 11 from https://t.prcdn.co/img?file=eag12020032000000000001001&page=11&scale=80
2026-07-07 21:54:45,102 [INFO] src.corpus_acquisition.crawler: Downloading -> data/raw/images/peru21/2020/03/20/peru21_2020-03-20_11.jpg
2026-07-07 21:54:47,861 [INFO] src.corpus_acquisition.downloader: Downloading page 12 from https://t.prcdn.co/img?file=eag12020032000000000001001&page=12&scale=80
2026-07-07 21:54:47,861 [INFO] src.corpus_acquisition.crawler: Downloading -> data/raw/images/peru21/2020/03/20/peru21_2020-03-20_12.jpg
2026-07-07 21:54:50,441 [INFO] src.corpus_acquisition.downloader: Downloading page 13 from https://t.prcdn.co/img?file=eag12020032000000000001001&page=13&scale=80
2026-07-07 21:54:50,441 [INFO] src.corpus_acquisition.crawler: Downloading -> data/raw/images/peru21/2020/03/20/peru21_2020-03-20_13.jpg
2026-07-07 21:54:53,264 [INFO] src.corpus_acquisition.downloader: Downloading page 14 from https://t.prcdn.co/img?file=eag12020032000000000001001&page=14&scale=80
2026-07-07 21:54:53,264 [INFO] src.corpus_acquisition.crawler: Downloading -> data/raw/images/peru21/2020/03/20/peru21_2020-03-20_14.jpg
2026-07-07 21:54:56,501 [INFO] src.corpus_acquisition.downloader: Downloading page 15 from https://t.prcdn.co/img?file=eag12020032000000000001001&page=15&scale=80
2026-07-07 21:54:56,501 [INFO] src.corpus_acquisition.crawler: Downloading -> data/raw/images/peru21/2020/03/20/peru21_2020-03-20_15.jpg
2026-07-07 21:54:59,976 [INFO] src.corpus_acquisition.downloader: Downloading page 16 from https://t.prcdn.co/img?file=eag12020032000000000001001&page=16&scale=80
2026-07-07 21:54:59,976 [INFO] src.corpus_acquisition.crawler: Downloading -> data/raw/images/peru21/2020/03/20/peru21_2020-03-20_16.jpg
2026-07-07 21:55:02,886 [INFO] src.corpus_acquisition.downloader: Downloading page 17 from https://t.prcdn.co/img?file=eag12020032000000000001001&page=17&scale=80
2026-07-07 21:55:02,886 [INFO] src.corpus_acquisition.crawler: Downloading -> data/raw/images/peru21/2020/03/20/peru21_2020-03-20_17.jpg
2026-07-07 21:55:06,637 [INFO] src.corpus_acquisition.downloader: Downloading page 18 from https://t.prcdn.co/img?file=eag12020032000000000001001&page=18&scale=80
2026-07-07 21:55:06,638 [INFO] src.corpus_acquisition.crawler: Downloading -> data/raw/images/peru21/2020/03/20/peru21_2020-03-20_18.jpg
2026-07-07 21:55:09,677 [INFO] src.corpus_acquisition.downloader: Downloading page 19 from https://t.prcdn.co/img?file=eag12020032000000000001001&page=19&scale=80
2026-07-07 21:55:09,678 [INFO] src.corpus_acquisition.crawler: Downloading -> data/raw/images/peru21/2020/03/20/peru21_2020-03-20_19.jpg
2026-07-07 21:55:13,148 [INFO] src.corpus_acquisition.downloader: Downloading page 20 from https://t.prcdn.co/img?file=eag12020032000000000001001&page=20&scale=80
2026-07-07 21:55:13,149 [INFO] src.corpus_acquisition.crawler: Downloading -> data/raw/images/peru21/2020/03/20/peru21_2020-03-20_20.jpg
2026-07-07 21:55:16,838 [INFO] src.corpus_acquisition.downloader: Downloading page 21 from https://t.prcdn.co/img?file=eag12020032000000000001001&page=21&scale=80
2026-07-07 21:55:16,838 [INFO] src.corpus_acquisition.crawler: Downloading -> data/raw/images/peru21/2020/03/20/peru21_2020-03-20_21.jpg
2026-07-07 21:55:17,044 [WARNING] src.corpus_acquisition.downloader: Page 21 not found (1/3).
2026-07-07 21:55:17,044 [INFO] src.corpus_acquisition.downloader: Downloading page 22 from https://t.prcdn.co/img?file=eag12020032000000000001001&page=22&scale=80
2026-07-07 21:55:17,045 [INFO] src.corpus_acquisition.crawler: Downloading -> data/raw/images/peru21/2020/03/20/peru21_2020-03-20_22.jpg
2026-07-07 21:55:17,258 [WARNING] src.corpus_acquisition.downloader: Page 22 not found (2/3).
2026-07-07 21:55:17,258 [INFO] src.corpus_acquisition.downloader: Downloading page 23 from https://t.prcdn.co/img?file=eag12020032000000000001001&page=23&scale=80
2026-07-07 21:55:17,259 [INFO] src.corpus_acquisition.crawler: Downloading -> data/raw/images/peru21/2020/03/20/peru21_2020-03-20_23.jpg
2026-07-07 21:55:17,576 [WARNING] src.corpus_acquisition.downloader: Page 23 not found (3/3).
2026-07-07 21:55:17,576 [WARNING] src.corpus_acquisition.downloader: No new pages found after 3 attempts; stopping with 20 page(s).
2026-07-07 21:55:17,707 [INFO] src.corpus_acquisition.metadata_extractor: Saved metadata for 20 page(s) -> data/raw/metadata/raw_metadata.parquet (total rows: 99687)
2026-07-07 21:55:17,709 [INFO] src.corpus_acquisition.metadata_extractor: Saved crawl log -> data/raw/crawl_logs/peru21_2020-03-20.json (status=success)
2026-07-07 21:55:20,060 [INFO] src.corpus_acquisition.downloader: Downloading page 1 from https://t.prcdn.co/img?file=eag12020032100000000001001&page=1&scale=80
2026-07-07 21:55:20,061 [INFO] src.corpus_acquisition.crawler: Downloading -> data/raw/images/peru21/2020/03/21/peru21_2020-03-21_1.jpg
2026-07-07 21:55:23,578 [INFO] src.corpus_acquisition.downloader: Downloading page 2 from https://t.prcdn.co/img?file=eag12020032100000000001001&page=2&scale=80
2026-07-07 21:55:23,578 [INFO] src.corpus_acquisition.crawler: Downloading -> data/raw/images/peru21/2020/03/21/peru21_2020-03-21_2.jpg
2026-07-07 21:55:27,435 [INFO] src.corpus_acquisition.downloader: Downloading page 3 from https://t.prcdn.co/img?file=eag12020032100000000001001&page=3&scale=80
2026-07-07 21:55:27,436 [INFO] src.corpus_acquisition.crawler: Downloading -> data/raw/images/peru21/2020/03/21/peru21_2020-03-21_3.jpg
2026-07-07 21:55:30,311 [INFO] src.corpus_acquisition.downloader: Downloading page 4 from https://t.prcdn.co/img?file=eag12020032100000000001001&page=4&scale=80
2026-07-07 21:55:30,312 [INFO] src.corpus_acquisition.crawler: Downloading -> data/raw/images/peru21/2020/03/21/peru21_2020-03-21_4.jpg
2026-07-07 21:55:33,674 [INFO] src.corpus_acquisition.downloader: Downloading page 5 from https://t.prcdn.co/img?file=eag12020032100000000001001&page=5&scale=80
2026-07-07 21:55:33,674 [INFO] src.corpus_acquisition.crawler: Downloading -> data/raw/images/peru21/2020/03/21/peru21_2020-03-21_5.jpg
2026-07-07 21:55:37,297 [INFO] src.corpus_acquisition.downloader: Downloading page 6 from https://t.prcdn.co/img?file=eag12020032100000000001001&page=6&scale=80
2026-07-07 21:55:37,297 [INFO] src.corpus_acquisition.crawler: Downloading -> data/raw/images/peru21/2020/03/21/peru21_2020-03-21_6.jpg
2026-07-07 21:55:40,145 [INFO] src.corpus_acquisition.downloader: Downloading page 7 from https://t.prcdn.co/img?file=eag12020032100000000001001&page=7&scale=80
2026-07-07 21:55:40,145 [INFO] src.corpus_acquisition.crawler: Downloading -> data/raw/images/peru21/2020/03/21/peru21_2020-03-21_7.jpg
2026-07-07 21:55:43,140 [INFO] src.corpus_acquisition.downloader: Downloading page 8 from https://t.prcdn.co/img?file=eag12020032100000000001001&page=8&scale=80
2026-07-07 21:55:43,141 [INFO] src.corpus_acquisition.crawler: Downloading -> data/raw/images/peru21/2020/03/21/peru21_2020-03-21_8.jpg
2026-07-07 21:55:47,888 [INFO] src.corpus_acquisition.downloader: Downloading page 9 from https://t.prcdn.co/img?file=eag12020032100000000001001&page=9&scale=80
2026-07-07 21:55:47,889 [INFO] src.corpus_acquisition.crawler: Downloading -> data/raw/images/peru21/2020/03/21/peru21_2020-03-21_9.jpg
2026-07-07 21:55:51,009 [INFO] src.corpus_acquisition.downloader: Downloading page 10 from https://t.prcdn.co/img?file=eag12020032100000000001001&page=10&scale=80
2026-07-07 21:55:51,010 [INFO] src.corpus_acquisition.crawler: Downloading -> data/raw/images/peru21/2020/03/21/peru21_2020-03-21_10.jpg
2026-07-07 21:55:54,163 [INFO] src.corpus_acquisition.downloader: Downloading page 11 from https://t.prcdn.co/img?file=eag12020032100000000001001&page=11&scale=80
2026-07-07 21:55:54,164 [INFO] src.corpus_acquisition.crawler: Downloading -> data/raw/images/peru21/2020/03/21/peru21_2020-03-21_11.jpg
2026-07-07 21:55:57,623 [INFO] src.corpus_acquisition.downloader: Downloading page 12 from https://t.prcdn.co/img?file=eag12020032100000000001001&page=12&scale=80
2026-07-07 21:55:57,624 [INFO] src.corpus_acquisition.crawler: Downloading -> data/raw/images/peru21/2020/03/21/peru21_2020-03-21_12.jpg
2026-07-07 21:56:01,266 [INFO] src.corpus_acquisition.downloader: Downloading page 13 from https://t.prcdn.co/img?file=eag12020032100000000001001&page=13&scale=80
2026-07-07 21:56:01,267 [INFO] src.corpus_acquisition.crawler: Downloading -> data/raw/images/peru21/2020/03/21/peru21_2020-03-21_13.jpg
2026-07-07 21:56:05,530 [INFO] src.corpus_acquisition.downloader: Downloading page 14 from https://t.prcdn.co/img?file=eag12020032100000000001001&page=14&scale=80
2026-07-07 21:56:05,531 [INFO] src.corpus_acquisition.crawler: Downloading -> data/raw/images/peru21/2020/03/21/peru21_2020-03-21_14.jpg
2026-07-07 21:56:08,995 [INFO] src.corpus_acquisition.downloader: Downloading page 15 from https://t.prcdn.co/img?file=eag12020032100000000001001&page=15&scale=80
2026-07-07 21:56:08,996 [INFO] src.corpus_acquisition.crawler: Downloading -> data/raw/images/peru21/2020/03/21/peru21_2020-03-21_15.jpg
2026-07-07 21:56:12,196 [INFO] src.corpus_acquisition.downloader: Downloading page 16 from https://t.prcdn.co/img?file=eag12020032100000000001001&page=16&scale=80
2026-07-07 21:56:12,197 [INFO] src.corpus_acquisition.crawler: Downloading -> data/raw/images/peru21/2020/03/21/peru21_2020-03-21_16.jpg
2026-07-07 21:56:15,166 [INFO] src.corpus_acquisition.downloader: Downloading page 17 from https://t.prcdn.co/img?file=eag12020032100000000001001&page=17&scale=80
2026-07-07 21:56:15,166 [INFO] src.corpus_acquisition.crawler: Downloading -> data/raw/images/peru21/2020/03/21/peru21_2020-03-21_17.jpg
2026-07-07 21:56:18,737 [INFO] src.corpus_acquisition.downloader: Downloading page 18 from https://t.prcdn.co/img?file=eag12020032100000000001001&page=18&scale=80
2026-07-07 21:56:18,738 [INFO] src.corpus_acquisition.crawler: Downloading -> data/raw/images/peru21/2020/03/21/peru21_2020-03-21_18.jpg
2026-07-07 21:56:22,521 [INFO] src.corpus_acquisition.downloader: Downloading page 19 from https://t.prcdn.co/img?file=eag12020032100000000001001&page=19&scale=80
2026-07-07 21:56:22,522 [INFO] src.corpus_acquisition.crawler: Downloading -> data/raw/images/peru21/2020/03/21/peru21_2020-03-21_19.jpg
2026-07-07 21:56:25,446 [INFO] src.corpus_acquisition.downloader: Downloading page 20 from https://t.prcdn.co/img?file=eag12020032100000000001001&page=20&scale=80
2026-07-07 21:56:25,446 [INFO] src.corpus_acquisition.crawler: Downloading -> data/raw/images/peru21/2020/03/21/peru21_2020-03-21_20.jpg
2026-07-07 21:56:29,164 [INFO] src.corpus_acquisition.downloader: Downloading page 21 from https://t.prcdn.co/img?file=eag12020032100000000001001&page=21&scale=80
2026-07-07 21:56:29,164 [INFO] src.corpus_acquisition.crawler: Downloading -> data/raw/images/peru21/2020/03/21/peru21_2020-03-21_21.jpg
2026-07-07 21:56:29,388 [WARNING] src.corpus_acquisition.downloader: Page 21 not found (1/3).
2026-07-07 21:56:29,388 [INFO] src.corpus_acquisition.downloader: Downloading page 22 from https://t.prcdn.co/img?file=eag12020032100000000001001&page=22&scale=80
2026-07-07 21:56:29,389 [INFO] src.corpus_acquisition.crawler: Downloading -> data/raw/images/peru21/2020/03/21/peru21_2020-03-21_22.jpg
2026-07-07 21:56:29,611 [WARNING] src.corpus_acquisition.downloader: Page 22 not found (2/3).
2026-07-07 21:56:29,612 [INFO] src.corpus_acquisition.downloader: Downloading page 23 from https://t.prcdn.co/img?file=eag12020032100000000001001&page=23&scale=80
2026-07-07 21:56:29,612 [INFO] src.corpus_acquisition.crawler: Downloading -> data/raw/images/peru21/2020/03/21/peru21_2020-03-21_23.jpg
2026-07-07 21:56:29,875 [WARNING] src.corpus_acquisition.downloader: Page 23 not found (3/3).
2026-07-07 21:56:29,875 [WARNING] src.corpus_acquisition.downloader: No new pages found after 3 attempts; stopping with 20 page(s).
2026-07-07 21:56:30,009 [INFO] src.corpus_acquisition.metadata_extractor: Saved metadata for 20 page(s) -> data/raw/metadata/raw_metadata.parquet (total rows: 99863)
2026-07-07 21:56:30,011 [INFO] src.corpus_acquisition.metadata_extractor: Saved crawl log -> data/raw/crawl_logs/peru21_2020-03-21.json (status=success)
2026-07-07 21:56:32,566 [INFO] src.corpus_acquisition.downloader: Downloading page 1 from https://t.prcdn.co/img?file=eag12020032200000000001001&page=1&scale=80
2026-07-07 21:56:32,567 [INFO] src.corpus_acquisition.crawler: Downloading -> data/raw/images/peru21/2020/03/22/peru21_2020-03-22_1.jpg
2026-07-07 21:56:35,607 [INFO] src.corpus_acquisition.downloader: Downloading page 2 from https://t.prcdn.co/img?file=eag12020032200000000001001&page=2&scale=80
2026-07-07 21:56:35,608 [INFO] src.corpus_acquisition.crawler: Downloading -> data/raw/images/peru21/2020/03/22/peru21_2020-03-22_2.jpg
2026-07-07 21:56:39,897 [INFO] src.corpus_acquisition.downloader: Downloading page 3 from https://t.prcdn.co/img?file=eag12020032200000000001001&page=3&scale=80
2026-07-07 21:56:39,898 [INFO] src.corpus_acquisition.crawler: Downloading -> data/raw/images/peru21/2020/03/22/peru21_2020-03-22_3.jpg
2026-07-07 21:56:42,849 [INFO] src.corpus_acquisition.downloader: Downloading page 4 from https://t.prcdn.co/img?file=eag12020032200000000001001&page=4&scale=80
2026-07-07 21:56:42,849 [INFO] src.corpus_acquisition.crawler: Downloading -> data/raw/images/peru21/2020/03/22/peru21_2020-03-22_4.jpg
2026-07-07 21:56:46,083 [INFO] src.corpus_acquisition.downloader: Downloading page 5 from https://t.prcdn.co/img?file=eag12020032200000000001001&page=5&scale=80
2026-07-07 21:56:46,083 [INFO] src.corpus_acquisition.crawler: Downloading -> data/raw/images/peru21/2020/03/22/peru21_2020-03-22_5.jpg
2026-07-07 21:56:49,077 [INFO] src.corpus_acquisition.downloader: Downloading page 6 from https://t.prcdn.co/img?file=eag12020032200000000001001&page=6&scale=80
2026-07-07 21:56:49,078 [INFO] src.corpus_acquisition.crawler: Downloading -> data/raw/images/peru21/2020/03/22/peru21_2020-03-22_6.jpg
2026-07-07 21:56:51,749 [INFO] src.corpus_acquisition.downloader: Downloading page 7 from https://t.prcdn.co/img?file=eag12020032200000000001001&page=7&scale=80
2026-07-07 21:56:51,749 [INFO] src.corpus_acquisition.crawler: Downloading -> data/raw/images/peru21/2020/03/22/peru21_2020-03-22_7.jpg
2026-07-07 21:56:54,285 [INFO] src.corpus_acquisition.downloader: Downloading page 8 from https://t.prcdn.co/img?file=eag12020032200000000001001&page=8&scale=80
2026-07-07 21:56:54,285 [INFO] src.corpus_acquisition.crawler: Downloading -> data/raw/images/peru21/2020/03/22/peru21_2020-03-22_8.jpg
2026-07-07 21:56:57,716 [INFO] src.corpus_acquisition.downloader: Downloading page 9 from https://t.prcdn.co/img?file=eag12020032200000000001001&page=9&scale=80
2026-07-07 21:56:57,717 [INFO] src.corpus_acquisition.crawler: Downloading -> data/raw/images/peru21/2020/03/22/peru21_2020-03-22_9.jpg
2026-07-07 21:57:00,983 [INFO] src.corpus_acquisition.downloader: Downloading page 10 from https://t.prcdn.co/img?file=eag12020032200000000001001&page=10&scale=80
2026-07-07 21:57:00,983 [INFO] src.corpus_acquisition.crawler: Downloading -> data/raw/images/peru21/2020/03/22/peru21_2020-03-22_10.jpg
2026-07-07 21:57:03,876 [INFO] src.corpus_acquisition.downloader: Downloading page 11 from https://t.prcdn.co/img?file=eag12020032200000000001001&page=11&scale=80
2026-07-07 21:57:03,876 [INFO] src.corpus_acquisition.crawler: Downloading -> data/raw/images/peru21/2020/03/22/peru21_2020-03-22_11.jpg
2026-07-07 21:57:07,799 [INFO] src.corpus_acquisition.downloader: Downloading page 12 from https://t.prcdn.co/img?file=eag12020032200000000001001&page=12&scale=80
2026-07-07 21:57:07,799 [INFO] src.corpus_acquisition.crawler: Downloading -> data/raw/images/peru21/2020/03/22/peru21_2020-03-22_12.jpg
2026-07-07 21:57:11,041 [INFO] src.corpus_acquisition.downloader: Downloading page 13 from https://t.prcdn.co/img?file=eag12020032200000000001001&page=13&scale=80
2026-07-07 21:57:11,042 [INFO] src.corpus_acquisition.crawler: Downloading -> data/raw/images/peru21/2020/03/22/peru21_2020-03-22_13.jpg
2026-07-07 21:57:13,826 [INFO] src.corpus_acquisition.downloader: Downloading page 14 from https://t.prcdn.co/img?file=eag12020032200000000001001&page=14&scale=80
2026-07-07 21:57:13,827 [INFO] src.corpus_acquisition.crawler: Downloading -> data/raw/images/peru21/2020/03/22/peru21_2020-03-22_14.jpg
2026-07-07 21:57:17,076 [INFO] src.corpus_acquisition.downloader: Downloading page 15 from https://t.prcdn.co/img?file=eag12020032200000000001001&page=15&scale=80
2026-07-07 21:57:17,077 [INFO] src.corpus_acquisition.crawler: Downloading -> data/raw/images/peru21/2020/03/22/peru21_2020-03-22_15.jpg
2026-07-07 21:57:20,234 [INFO] src.corpus_acquisition.downloader: Downloading page 16 from https://t.prcdn.co/img?file=eag12020032200000000001001&page=16&scale=80
2026-07-07 21:57:20,234 [INFO] src.corpus_acquisition.crawler: Downloading -> data/raw/images/peru21/2020/03/22/peru21_2020-03-22_16.jpg
2026-07-07 21:57:23,279 [INFO] src.corpus_acquisition.downloader: Downloading page 17 from https://t.prcdn.co/img?file=eag12020032200000000001001&page=17&scale=80
2026-07-07 21:57:23,279 [INFO] src.corpus_acquisition.crawler: Downloading -> data/raw/images/peru21/2020/03/22/peru21_2020-03-22_17.jpg
2026-07-07 21:57:26,650 [INFO] src.corpus_acquisition.downloader: Downloading page 18 from https://t.prcdn.co/img?file=eag12020032200000000001001&page=18&scale=80
2026-07-07 21:57:26,650 [INFO] src.corpus_acquisition.crawler: Downloading -> data/raw/images/peru21/2020/03/22/peru21_2020-03-22_18.jpg
2026-07-07 21:57:29,488 [INFO] src.corpus_acquisition.downloader: Downloading page 19 from https://t.prcdn.co/img?file=eag12020032200000000001001&page=19&scale=80
2026-07-07 21:57:29,488 [INFO] src.corpus_acquisition.crawler: Downloading -> data/raw/images/peru21/2020/03/22/peru21_2020-03-22_19.jpg
2026-07-07 21:57:32,282 [INFO] src.corpus_acquisition.downloader: Downloading page 20 from https://t.prcdn.co/img?file=eag12020032200000000001001&page=20&scale=80
2026-07-07 21:57:32,283 [INFO] src.corpus_acquisition.crawler: Downloading -> data/raw/images/peru21/2020/03/22/peru21_2020-03-22_20.jpg
2026-07-07 21:57:35,381 [INFO] src.corpus_acquisition.downloader: Downloading page 21 from https://t.prcdn.co/img?file=eag12020032200000000001001&page=21&scale=80
2026-07-07 21:57:35,381 [INFO] src.corpus_acquisition.crawler: Downloading -> data/raw/images/peru21/2020/03/22/peru21_2020-03-22_21.jpg
2026-07-07 21:57:39,168 [INFO] src.corpus_acquisition.downloader: Downloading page 22 from https://t.prcdn.co/img?file=eag12020032200000000001001&page=22&scale=80
2026-07-07 21:57:39,168 [INFO] src.corpus_acquisition.crawler: Downloading -> data/raw/images/peru21/2020/03/22/peru21_2020-03-22_22.jpg
2026-07-07 21:57:41,620 [INFO] src.corpus_acquisition.downloader: Downloading page 23 from https://t.prcdn.co/img?file=eag12020032200000000001001&page=23&scale=80
2026-07-07 21:57:41,620 [INFO] src.corpus_acquisition.crawler: Downloading -> data/raw/images/peru21/2020/03/22/peru21_2020-03-22_23.jpg
2026-07-07 21:57:41,908 [WARNING] src.corpus_acquisition.downloader: Page 23 not found (1/3).
2026-07-07 21:57:41,909 [INFO] src.corpus_acquisition.downloader: Downloading page 24 from https://t.prcdn.co/img?file=eag12020032200000000001001&page=24&scale=80
2026-07-07 21:57:41,909 [INFO] src.corpus_acquisition.crawler: Downloading -> data/raw/images/peru21/2020/03/22/peru21_2020-03-22_24.jpg
2026-07-07 21:57:42,170 [WARNING] src.corpus_acquisition.downloader: Page 24 not found (2/3).
2026-07-07 21:57:42,171 [INFO] src.corpus_acquisition.downloader: Downloading page 25 from https://t.prcdn.co/img?file=eag12020032200000000001001&page=25&scale=80
2026-07-07 21:57:42,171 [INFO] src.corpus_acquisition.crawler: Downloading -> data/raw/images/peru21/2020/03/22/peru21_2020-03-22_25.jpg
2026-07-07 21:57:42,413 [WARNING] src.corpus_acquisition.downloader: Page 25 not found (3/3).
2026-07-07 21:57:42,413 [WARNING] src.corpus_acquisition.downloader: No new pages found after 3 attempts; stopping with 22 page(s).
2026-07-07 21:57:42,542 [INFO] src.corpus_acquisition.metadata_extractor: Saved metadata for 22 page(s) -> data/raw/metadata/raw_metadata.parquet (total rows: 99909)
2026-07-07 21:57:42,544 [INFO] src.corpus_acquisition.metadata_extractor: Saved crawl log -> data/raw/crawl_logs/peru21_2020-03-22.json (status=success)
2026-07-07 21:57:44,853 [INFO] src.corpus_acquisition.downloader: Downloading page 1 from https://t.prcdn.co/img?file=eag12020032300000000001001&page=1&scale=80
2026-07-07 21:57:44,855 [INFO] src.corpus_acquisition.crawler: Downloading -> data/raw/images/peru21/2020/03/23/peru21_2020-03-23_1.jpg
2026-07-07 21:57:47,218 [INFO] src.corpus_acquisition.downloader: Downloading page 2 from https://t.prcdn.co/img?file=eag12020032300000000001001&page=2&scale=80
2026-07-07 21:57:47,218 [INFO] src.corpus_acquisition.crawler: Downloading -> data/raw/images/peru21/2020/03/23/peru21_2020-03-23_2.jpg
2026-07-07 21:57:51,600 [INFO] src.corpus_acquisition.downloader: Downloading page 3 from https://t.prcdn.co/img?file=eag12020032300000000001001&page=3&scale=80
2026-07-07 21:57:51,600 [INFO] src.corpus_acquisition.crawler: Downloading -> data/raw/images/peru21/2020/03/23/peru21_2020-03-23_3.jpg
2026-07-07 21:57:55,378 [INFO] src.corpus_acquisition.downloader: Downloading page 4 from https://t.prcdn.co/img?file=eag12020032300000000001001&page=4&scale=80
2026-07-07 21:57:55,379 [INFO] src.corpus_acquisition.crawler: Downloading -> data/raw/images/peru21/2020/03/23/peru21_2020-03-23_4.jpg
2026-07-07 21:57:58,981 [INFO] src.corpus_acquisition.downloader: Downloading page 5 from https://t.prcdn.co/img?file=eag12020032300000000001001&page=5&scale=80
2026-07-07 21:57:58,981 [INFO] src.corpus_acquisition.crawler: Downloading -> data/raw/images/peru21/2020/03/23/peru21_2020-03-23_5.jpg
2026-07-07 21:58:02,416 [INFO] src.corpus_acquisition.downloader: Downloading page 6 from https://t.prcdn.co/img?file=eag12020032300000000001001&page=6&scale=80
2026-07-07 21:58:02,416 [INFO] src.corpus_acquisition.crawler: Downloading -> data/raw/images/peru21/2020/03/23/peru21_2020-03-23_6.jpg
2026-07-07 21:58:04,900 [INFO] src.corpus_acquisition.downloader: Downloading page 7 from https://t.prcdn.co/img?file=eag12020032300000000001001&page=7&scale=80
2026-07-07 21:58:04,900 [INFO] src.corpus_acquisition.crawler: Downloading -> data/raw/images/peru21/2020/03/23/peru21_2020-03-23_7.jpg
2026-07-07 21:58:07,885 [INFO] src.corpus_acquisition.downloader: Downloading page 8 from https://t.prcdn.co/img?file=eag12020032300000000001001&page=8&scale=80
2026-07-07 21:58:07,886 [INFO] src.corpus_acquisition.crawler: Downloading -> data/raw/images/peru21/2020/03/23/peru21_2020-03-23_8.jpg
2026-07-07 21:58:10,929 [INFO] src.corpus_acquisition.downloader: Downloading page 9 from https://t.prcdn.co/img?file=eag12020032300000000001001&page=9&scale=80
2026-07-07 21:58:10,929 [INFO] src.corpus_acquisition.crawler: Downloading -> data/raw/images/peru21/2020/03/23/peru21_2020-03-23_9.jpg
2026-07-07 21:58:14,109 [INFO] src.corpus_acquisition.downloader: Downloading page 10 from https://t.prcdn.co/img?file=eag12020032300000000001001&page=10&scale=80
2026-07-07 21:58:14,109 [INFO] src.corpus_acquisition.crawler: Downloading -> data/raw/images/peru21/2020/03/23/peru21_2020-03-23_10.jpg
2026-07-07 21:58:17,014 [INFO] src.corpus_acquisition.downloader: Downloading page 11 from https://t.prcdn.co/img?file=eag12020032300000000001001&page=11&scale=80
2026-07-07 21:58:17,014 [INFO] src.corpus_acquisition.crawler: Downloading -> data/raw/images/peru21/2020/03/23/peru21_2020-03-23_11.jpg
2026-07-07 21:58:20,602 [INFO] src.corpus_acquisition.downloader: Downloading page 12 from https://t.prcdn.co/img?file=eag12020032300000000001001&page=12&scale=80
2026-07-07 21:58:20,602 [INFO] src.corpus_acquisition.crawler: Downloading -> data/raw/images/peru21/2020/03/23/peru21_2020-03-23_12.jpg
2026-07-07 21:58:24,100 [INFO] src.corpus_acquisition.downloader: Downloading page 13 from https://t.prcdn.co/img?file=eag12020032300000000001001&page=13&scale=80
2026-07-07 21:58:24,101 [INFO] src.corpus_acquisition.crawler: Downloading -> data/raw/images/peru21/2020/03/23/peru21_2020-03-23_13.jpg
2026-07-07 21:58:27,233 [INFO] src.corpus_acquisition.downloader: Downloading page 14 from https://t.prcdn.co/img?file=eag12020032300000000001001&page=14&scale=80
2026-07-07 21:58:27,233 [INFO] src.corpus_acquisition.crawler: Downloading -> data/raw/images/peru21/2020/03/23/peru21_2020-03-23_14.jpg
2026-07-07 21:58:30,096 [INFO] src.corpus_acquisition.downloader: Downloading page 15 from https://t.prcdn.co/img?file=eag12020032300000000001001&page=15&scale=80
2026-07-07 21:58:30,097 [INFO] src.corpus_acquisition.crawler: Downloading -> data/raw/images/peru21/2020/03/23/peru21_2020-03-23_15.jpg
2026-07-07 21:58:33,240 [INFO] src.corpus_acquisition.downloader: Downloading page 16 from https://t.prcdn.co/img?file=eag12020032300000000001001&page=16&scale=80
2026-07-07 21:58:33,241 [INFO] src.corpus_acquisition.crawler: Downloading -> data/raw/images/peru21/2020/03/23/peru21_2020-03-23_16.jpg
2026-07-07 21:58:37,516 [INFO] src.corpus_acquisition.downloader: Downloading page 17 from https://t.prcdn.co/img?file=eag12020032300000000001001&page=17&scale=80
2026-07-07 21:58:37,517 [INFO] src.corpus_acquisition.crawler: Downloading -> data/raw/images/peru21/2020/03/23/peru21_2020-03-23_17.jpg
2026-07-07 21:58:41,243 [INFO] src.corpus_acquisition.downloader: Downloading page 18 from https://t.prcdn.co/img?file=eag12020032300000000001001&page=18&scale=80
2026-07-07 21:58:41,244 [INFO] src.corpus_acquisition.crawler: Downloading -> data/raw/images/peru21/2020/03/23/peru21_2020-03-23_18.jpg
2026-07-07 21:58:44,225 [INFO] src.corpus_acquisition.downloader: Downloading page 19 from https://t.prcdn.co/img?file=eag12020032300000000001001&page=19&scale=80
2026-07-07 21:58:44,225 [INFO] src.corpus_acquisition.crawler: Downloading -> data/raw/images/peru21/2020/03/23/peru21_2020-03-23_19.jpg
2026-07-07 21:58:47,943 [INFO] src.corpus_acquisition.downloader: Downloading page 20 from https://t.prcdn.co/img?file=eag12020032300000000001001&page=20&scale=80
2026-07-07 21:58:47,944 [INFO] src.corpus_acquisition.crawler: Downloading -> data/raw/images/peru21/2020/03/23/peru21_2020-03-23_20.jpg
2026-07-07 21:58:50,811 [INFO] src.corpus_acquisition.downloader: Downloading page 21 from https://t.prcdn.co/img?file=eag12020032300000000001001&page=21&scale=80
2026-07-07 21:58:50,811 [INFO] src.corpus_acquisition.crawler: Downloading -> data/raw/images/peru21/2020/03/23/peru21_2020-03-23_21.jpg
2026-07-07 21:58:51,041 [WARNING] src.corpus_acquisition.downloader: Page 21 not found (1/3).
2026-07-07 21:58:51,042 [INFO] src.corpus_acquisition.downloader: Downloading page 22 from https://t.prcdn.co/img?file=eag12020032300000000001001&page=22&scale=80
2026-07-07 21:58:51,042 [INFO] src.corpus_acquisition.crawler: Downloading -> data/raw/images/peru21/2020/03/23/peru21_2020-03-23_22.jpg
2026-07-07 21:58:51,288 [WARNING] src.corpus_acquisition.downloader: Page 22 not found (2/3).
2026-07-07 21:58:51,289 [INFO] src.corpus_acquisition.downloader: Downloading page 23 from https://t.prcdn.co/img?file=eag12020032300000000001001&page=23&scale=80
2026-07-07 21:58:51,289 [INFO] src.corpus_acquisition.crawler: Downloading -> data/raw/images/peru21/2020/03/23/peru21_2020-03-23_23.jpg
2026-07-07 21:58:51,513 [WARNING] src.corpus_acquisition.downloader: Page 23 not found (3/3).
2026-07-07 21:58:51,513 [WARNING] src.corpus_acquisition.downloader: No new pages found after 3 attempts; stopping with 20 page(s).
2026-07-07 21:58:51,646 [INFO] src.corpus_acquisition.metadata_extractor: Saved metadata for 20 page(s) -> data/raw/metadata/raw_metadata.parquet (total rows: 100095)
2026-07-07 21:58:51,649 [INFO] src.corpus_acquisition.metadata_extractor: Saved crawl log -> data/raw/crawl_logs/peru21_2020-03-23.json (status=success)
2026-07-07 21:58:54,673 [INFO] src.corpus_acquisition.downloader: Downloading page 1 from https://t.prcdn.co/img?file=eag12020032400000000001001&page=1&scale=80
2026-07-07 21:58:54,674 [INFO] src.corpus_acquisition.crawler: Downloading -> data/raw/images/peru21/2020/03/24/peru21_2020-03-24_1.jpg
2026-07-07 21:58:54,884 [WARNING] src.corpus_acquisition.downloader: Page 1 not found (1/3).
2026-07-07 21:58:54,885 [INFO] src.corpus_acquisition.downloader: Downloading page 2 from https://t.prcdn.co/img?file=eag12020032400000000001001&page=2&scale=80
2026-07-07 21:58:54,886 [INFO] src.corpus_acquisition.crawler: Downloading -> data/raw/images/peru21/2020/03/24/peru21_2020-03-24_2.jpg
2026-07-07 21:58:55,114 [WARNING] src.corpus_acquisition.downloader: Page 2 not found (2/3).
2026-07-07 21:58:55,115 [INFO] src.corpus_acquisition.downloader: Downloading page 3 from https://t.prcdn.co/img?file=eag12020032400000000001001&page=3&scale=80
2026-07-07 21:58:55,115 [INFO] src.corpus_acquisition.crawler: Downloading -> data/raw/images/peru21/2020/03/24/peru21_2020-03-24_3.jpg
2026-07-07 21:58:55,348 [WARNING] src.corpus_acquisition.downloader: Page 3 not found (3/3).
2026-07-07 21:58:55,349 [WARNING] src.corpus_acquisition.downloader: No new pages found after 3 attempts; stopping with 0 page(s).
2026-07-07 21:58:55,351 [INFO] src.corpus_acquisition.metadata_extractor: Saved crawl log -> data/raw/crawl_logs/peru21_2020-03-24.json (status=failed)
2026-07-07 21:58:57,933 [INFO] src.corpus_acquisition.downloader: Downloading page 1 from https://t.prcdn.co/img?file=eag12020032500000000001001&page=1&scale=80
2026-07-07 21:58:57,934 [INFO] src.corpus_acquisition.crawler: Downloading -> data/raw/images/peru21/2020/03/25/peru21_2020-03-25_1.jpg
2026-07-07 21:58:58,181 [WARNING] src.corpus_acquisition.downloader: Page 1 not found (1/3).
2026-07-07 21:58:58,182 [INFO] src.corpus_acquisition.downloader: Downloading page 2 from https://t.prcdn.co/img?file=eag12020032500000000001001&page=2&scale=80
2026-07-07 21:58:58,182 [INFO] src.corpus_acquisition.crawler: Downloading -> data/raw/images/peru21/2020/03/25/peru21_2020-03-25_2.jpg
2026-07-07 21:58:58,465 [WARNING] src.corpus_acquisition.downloader: Page 2 not found (2/3).
2026-07-07 21:58:58,466 [INFO] src.corpus_acquisition.downloader: Downloading page 3 from https://t.prcdn.co/img?file=eag12020032500000000001001&page=3&scale=80
2026-07-07 21:58:58,466 [INFO] src.corpus_acquisition.crawler: Downloading -> data/raw/images/peru21/2020/03/25/peru21_2020-03-25_3.jpg
2026-07-07 21:58:58,708 [WARNING] src.corpus_acquisition.downloader: Page 3 not found (3/3).
2026-07-07 21:58:58,708 [WARNING] src.corpus_acquisition.downloader: No new pages found after 3 attempts; stopping with 0 page(s).
2026-07-07 21:58:58,710 [INFO] src.corpus_acquisition.metadata_extractor: Saved crawl log -> data/raw/crawl_logs/peru21_2020-03-25.json (status=failed)
2026-07-07 21:59:01,651 [INFO] src.corpus_acquisition.downloader: Downloading page 1 from https://t.prcdn.co/img?file=eag12020032600000000001001&page=1&scale=80
2026-07-07 21:59:01,652 [INFO] src.corpus_acquisition.crawler: Downloading -> data/raw/images/peru21/2020/03/26/peru21_2020-03-26_1.jpg
2026-07-07 21:59:04,310 [INFO] src.corpus_acquisition.downloader: Downloading page 2 from https://t.prcdn.co/img?file=eag12020032600000000001001&page=2&scale=80
2026-07-07 21:59:04,310 [INFO] src.corpus_acquisition.crawler: Downloading -> data/raw/images/peru21/2020/03/26/peru21_2020-03-26_2.jpg
2026-07-07 21:59:08,947 [INFO] src.corpus_acquisition.downloader: Downloading page 3 from https://t.prcdn.co/img?file=eag12020032600000000001001&page=3&scale=80
2026-07-07 21:59:08,948 [INFO] src.corpus_acquisition.crawler: Downloading -> data/raw/images/peru21/2020/03/26/peru21_2020-03-26_3.jpg
2026-07-07 21:59:12,693 [INFO] src.corpus_acquisition.downloader: Downloading page 4 from https://t.prcdn.co/img?file=eag12020032600000000001001&page=4&scale=80
2026-07-07 21:59:12,694 [INFO] src.corpus_acquisition.crawler: Downloading -> data/raw/images/peru21/2020/03/26/peru21_2020-03-26_4.jpg
2026-07-07 21:59:16,352 [INFO] src.corpus_acquisition.downloader: Downloading page 5 from https://t.prcdn.co/img?file=eag12020032600000000001001&page=5&scale=80
2026-07-07 21:59:16,352 [INFO] src.corpus_acquisition.crawler: Downloading -> data/raw/images/peru21/2020/03/26/peru21_2020-03-26_5.jpg
2026-07-07 21:59:19,812 [INFO] src.corpus_acquisition.downloader: Downloading page 6 from https://t.prcdn.co/img?file=eag12020032600000000001001&page=6&scale=80
2026-07-07 21:59:19,812 [INFO] src.corpus_acquisition.crawler: Downloading -> data/raw/images/peru21/2020/03/26/peru21_2020-03-26_6.jpg
2026-07-07 21:59:22,613 [INFO] src.corpus_acquisition.downloader: Downloading page 7 from https://t.prcdn.co/img?file=eag12020032600000000001001&page=7&scale=80
2026-07-07 21:59:22,614 [INFO] src.corpus_acquisition.crawler: Downloading -> data/raw/images/peru21/2020/03/26/peru21_2020-03-26_7.jpg
2026-07-07 21:59:25,371 [INFO] src.corpus_acquisition.downloader: Downloading page 8 from https://t.prcdn.co/img?file=eag12020032600000000001001&page=8&scale=80
2026-07-07 21:59:25,371 [INFO] src.corpus_acquisition.crawler: Downloading -> data/raw/images/peru21/2020/03/26/peru21_2020-03-26_8.jpg
2026-07-07 21:59:28,924 [INFO] src.corpus_acquisition.downloader: Downloading page 9 from https://t.prcdn.co/img?file=eag12020032600000000001001&page=9&scale=80
2026-07-07 21:59:28,925 [INFO] src.corpus_acquisition.crawler: Downloading -> data/raw/images/peru21/2020/03/26/peru21_2020-03-26_9.jpg
2026-07-07 21:59:32,280 [INFO] src.corpus_acquisition.downloader: Downloading page 10 from https://t.prcdn.co/img?file=eag12020032600000000001001&page=10&scale=80
2026-07-07 21:59:32,280 [INFO] src.corpus_acquisition.crawler: Downloading -> data/raw/images/peru21/2020/03/26/peru21_2020-03-26_10.jpg
2026-07-07 21:59:34,992 [INFO] src.corpus_acquisition.downloader: Downloading page 11 from https://t.prcdn.co/img?file=eag12020032600000000001001&page=11&scale=80
2026-07-07 21:59:34,993 [INFO] src.corpus_acquisition.crawler: Downloading -> data/raw/images/peru21/2020/03/26/peru21_2020-03-26_11.jpg
2026-07-07 21:59:37,855 [INFO] src.corpus_acquisition.downloader: Downloading page 12 from https://t.prcdn.co/img?file=eag12020032600000000001001&page=12&scale=80
2026-07-07 21:59:37,856 [INFO] src.corpus_acquisition.crawler: Downloading -> data/raw/images/peru21/2020/03/26/peru21_2020-03-26_12.jpg
2026-07-07 21:59:40,993 [INFO] src.corpus_acquisition.downloader: Downloading page 13 from https://t.prcdn.co/img?file=eag12020032600000000001001&page=13&scale=80
2026-07-07 21:59:40,993 [INFO] src.corpus_acquisition.crawler: Downloading -> data/raw/images/peru21/2020/03/26/peru21_2020-03-26_13.jpg
2026-07-07 21:59:44,279 [INFO] src.corpus_acquisition.downloader: Downloading page 14 from https://t.prcdn.co/img?file=eag12020032600000000001001&page=14&scale=80
2026-07-07 21:59:44,279 [INFO] src.corpus_acquisition.crawler: Downloading -> data/raw/images/peru21/2020/03/26/peru21_2020-03-26_14.jpg
2026-07-07 21:59:47,873 [INFO] src.corpus_acquisition.downloader: Downloading page 15 from https://t.prcdn.co/img?file=eag12020032600000000001001&page=15&scale=80
2026-07-07 21:59:47,873 [INFO] src.corpus_acquisition.crawler: Downloading -> data/raw/images/peru21/2020/03/26/peru21_2020-03-26_15.jpg
2026-07-07 21:59:50,505 [INFO] src.corpus_acquisition.downloader: Downloading page 16 from https://t.prcdn.co/img?file=eag12020032600000000001001&page=16&scale=80
2026-07-07 21:59:50,506 [INFO] src.corpus_acquisition.crawler: Downloading -> data/raw/images/peru21/2020/03/26/peru21_2020-03-26_16.jpg
2026-07-07 21:59:53,923 [INFO] src.corpus_acquisition.downloader: Downloading page 17 from https://t.prcdn.co/img?file=eag12020032600000000001001&page=17&scale=80
2026-07-07 21:59:53,923 [INFO] src.corpus_acquisition.crawler: Downloading -> data/raw/images/peru21/2020/03/26/peru21_2020-03-26_17.jpg
2026-07-07 21:59:57,284 [INFO] src.corpus_acquisition.downloader: Downloading page 18 from https://t.prcdn.co/img?file=eag12020032600000000001001&page=18&scale=80
2026-07-07 21:59:57,284 [INFO] src.corpus_acquisition.crawler: Downloading -> data/raw/images/peru21/2020/03/26/peru21_2020-03-26_18.jpg
2026-07-07 22:00:00,509 [INFO] src.corpus_acquisition.downloader: Downloading page 19 from https://t.prcdn.co/img?file=eag12020032600000000001001&page=19&scale=80
2026-07-07 22:00:00,509 [INFO] src.corpus_acquisition.crawler: Downloading -> data/raw/images/peru21/2020/03/26/peru21_2020-03-26_19.jpg
2026-07-07 22:00:03,972 [INFO] src.corpus_acquisition.downloader: Downloading page 20 from https://t.prcdn.co/img?file=eag12020032600000000001001&page=20&scale=80
2026-07-07 22:00:03,972 [INFO] src.corpus_acquisition.crawler: Downloading -> data/raw/images/peru21/2020/03/26/peru21_2020-03-26_20.jpg
2026-07-07 22:00:07,234 [INFO] src.corpus_acquisition.downloader: Downloading page 21 from https://t.prcdn.co/img?file=eag12020032600000000001001&page=21&scale=80
2026-07-07 22:00:07,234 [INFO] src.corpus_acquisition.crawler: Downloading -> data/raw/images/peru21/2020/03/26/peru21_2020-03-26_21.jpg
2026-07-07 22:00:07,463 [WARNING] src.corpus_acquisition.downloader: Page 21 not found (1/3).
2026-07-07 22:00:07,464 [INFO] src.corpus_acquisition.downloader: Downloading page 22 from https://t.prcdn.co/img?file=eag12020032600000000001001&page=22&scale=80
2026-07-07 22:00:07,464 [INFO] src.corpus_acquisition.crawler: Downloading -> data/raw/images/peru21/2020/03/26/peru21_2020-03-26_22.jpg
2026-07-07 22:00:07,777 [WARNING] src.corpus_acquisition.downloader: Page 22 not found (2/3).
2026-07-07 22:00:07,778 [INFO] src.corpus_acquisition.downloader: Downloading page 23 from https://t.prcdn.co/img?file=eag12020032600000000001001&page=23&scale=80
2026-07-07 22:00:07,778 [INFO] src.corpus_acquisition.crawler: Downloading -> data/raw/images/peru21/2020/03/26/peru21_2020-03-26_23.jpg
2026-07-07 22:00:08,077 [WARNING] src.corpus_acquisition.downloader: Page 23 not found (3/3).
2026-07-07 22:00:08,077 [WARNING] src.corpus_acquisition.downloader: No new pages found after 3 attempts; stopping with 20 page(s).
2026-07-07 22:00:08,206 [INFO] src.corpus_acquisition.metadata_extractor: Saved metadata for 20 page(s) -> data/raw/metadata/raw_metadata.parquet (total rows: 100207)
2026-07-07 22:00:08,208 [INFO] src.corpus_acquisition.metadata_extractor: Saved crawl log -> data/raw/crawl_logs/peru21_2020-03-26.json (status=success)
2026-07-07 22:00:10,525 [INFO] src.corpus_acquisition.downloader: Downloading page 1 from https://t.prcdn.co/img?file=eag12020032700000000001001&page=1&scale=80
2026-07-07 22:00:10,525 [INFO] src.corpus_acquisition.crawler: Downloading -> data/raw/images/peru21/2020/03/27/peru21_2020-03-27_1.jpg
2026-07-07 22:00:13,243 [INFO] src.corpus_acquisition.downloader: Downloading page 2 from https://t.prcdn.co/img?file=eag12020032700000000001001&page=2&scale=80
2026-07-07 22:00:13,244 [INFO] src.corpus_acquisition.crawler: Downloading -> data/raw/images/peru21/2020/03/27/peru21_2020-03-27_2.jpg
2026-07-07 22:00:18,648 [INFO] src.corpus_acquisition.downloader: Downloading page 3 from https://t.prcdn.co/img?file=eag12020032700000000001001&page=3&scale=80
2026-07-07 22:00:18,648 [INFO] src.corpus_acquisition.crawler: Downloading -> data/raw/images/peru21/2020/03/27/peru21_2020-03-27_3.jpg
2026-07-07 22:00:21,407 [INFO] src.corpus_acquisition.downloader: Downloading page 4 from https://t.prcdn.co/img?file=eag12020032700000000001001&page=4&scale=80
2026-07-07 22:00:21,408 [INFO] src.corpus_acquisition.crawler: Downloading -> data/raw/images/peru21/2020/03/27/peru21_2020-03-27_4.jpg
2026-07-07 22:00:24,820 [INFO] src.corpus_acquisition.downloader: Downloading page 5 from https://t.prcdn.co/img?file=eag12020032700000000001001&page=5&scale=80
2026-07-07 22:00:24,820 [INFO] src.corpus_acquisition.crawler: Downloading -> data/raw/images/peru21/2020/03/27/peru21_2020-03-27_5.jpg
2026-07-07 22:00:27,680 [INFO] src.corpus_acquisition.downloader: Downloading page 6 from https://t.prcdn.co/img?file=eag12020032700000000001001&page=6&scale=80
2026-07-07 22:00:27,681 [INFO] src.corpus_acquisition.crawler: Downloading -> data/raw/images/peru21/2020/03/27/peru21_2020-03-27_6.jpg
2026-07-07 22:00:30,572 [INFO] src.corpus_acquisition.downloader: Downloading page 7 from https://t.prcdn.co/img?file=eag12020032700000000001001&page=7&scale=80
2026-07-07 22:00:30,573 [INFO] src.corpus_acquisition.crawler: Downloading -> data/raw/images/peru21/2020/03/27/peru21_2020-03-27_7.jpg
2026-07-07 22:00:34,435 [INFO] src.corpus_acquisition.downloader: Downloading page 8 from https://t.prcdn.co/img?file=eag12020032700000000001001&page=8&scale=80
2026-07-07 22:00:34,435 [INFO] src.corpus_acquisition.crawler: Downloading -> data/raw/images/peru21/2020/03/27/peru21_2020-03-27_8.jpg
2026-07-07 22:00:42,137 [INFO] src.corpus_acquisition.downloader: Downloading page 9 from https://t.prcdn.co/img?file=eag12020032700000000001001&page=9&scale=80
2026-07-07 22:00:42,138 [INFO] src.corpus_acquisition.crawler: Downloading -> data/raw/images/peru21/2020/03/27/peru21_2020-03-27_9.jpg
2026-07-07 22:00:45,411 [INFO] src.corpus_acquisition.downloader: Downloading page 10 from https://t.prcdn.co/img?file=eag12020032700000000001001&page=10&scale=80
2026-07-07 22:00:45,411 [INFO] src.corpus_acquisition.crawler: Downloading -> data/raw/images/peru21/2020/03/27/peru21_2020-03-27_10.jpg
2026-07-07 22:00:48,505 [INFO] src.corpus_acquisition.downloader: Downloading page 11 from https://t.prcdn.co/img?file=eag12020032700000000001001&page=11&scale=80
2026-07-07 22:00:48,505 [INFO] src.corpus_acquisition.crawler: Downloading -> data/raw/images/peru21/2020/03/27/peru21_2020-03-27_11.jpg
2026-07-07 22:00:59,862 [INFO] src.corpus_acquisition.downloader: Downloading page 12 from https://t.prcdn.co/img?file=eag12020032700000000001001&page=12&scale=80
2026-07-07 22:01:00,008 [INFO] src.corpus_acquisition.crawler: Downloading -> data/raw/images/peru21/2020/03/27/peru21_2020-03-27_12.jpg
2026-07-07 22:01:02,655 [INFO] src.corpus_acquisition.downloader: Downloading page 13 from https://t.prcdn.co/img?file=eag12020032700000000001001&page=13&scale=80
2026-07-07 22:01:02,656 [INFO] src.corpus_acquisition.crawler: Downloading -> data/raw/images/peru21/2020/03/27/peru21_2020-03-27_13.jpg
2026-07-07 22:01:06,275 [INFO] src.corpus_acquisition.downloader: Downloading page 14 from https://t.prcdn.co/img?file=eag12020032700000000001001&page=14&scale=80
2026-07-07 22:01:06,276 [INFO] src.corpus_acquisition.crawler: Downloading -> data/raw/images/peru21/2020/03/27/peru21_2020-03-27_14.jpg
2026-07-07 22:01:09,400 [INFO] src.corpus_acquisition.downloader: Downloading page 15 from https://t.prcdn.co/img?file=eag12020032700000000001001&page=15&scale=80
2026-07-07 22:01:09,400 [INFO] src.corpus_acquisition.crawler: Downloading -> data/raw/images/peru21/2020/03/27/peru21_2020-03-27_15.jpg
2026-07-07 22:01:12,764 [INFO] src.corpus_acquisition.downloader: Downloading page 16 from https://t.prcdn.co/img?file=eag12020032700000000001001&page=16&scale=80
2026-07-07 22:01:22,518 [INFO] src.corpus_acquisition.crawler: Downloading -> data/raw/images/peru21/2020/03/27/peru21_2020-03-27_16.jpg
2026-07-07 22:01:26,097 [INFO] src.corpus_acquisition.downloader: Downloading page 17 from https://t.prcdn.co/img?file=eag12020032700000000001001&page=17&scale=80
2026-07-07 22:01:29,224 [INFO] src.corpus_acquisition.crawler: Downloading -> data/raw/images/peru21/2020/03/27/peru21_2020-03-27_17.jpg
2026-07-07 22:01:32,912 [INFO] src.corpus_acquisition.downloader: Downloading page 18 from https://t.prcdn.co/img?file=eag12020032700000000001001&page=18&scale=80
2026-07-07 22:01:32,912 [INFO] src.corpus_acquisition.crawler: Downloading -> data/raw/images/peru21/2020/03/27/peru21_2020-03-27_18.jpg
2026-07-07 22:01:36,283 [INFO] src.corpus_acquisition.downloader: Downloading page 19 from https://t.prcdn.co/img?file=eag12020032700000000001001&page=19&scale=80
2026-07-07 22:01:47,535 [INFO] src.corpus_acquisition.crawler: Downloading -> data/raw/images/peru21/2020/03/27/peru21_2020-03-27_19.jpg
2026-07-07 22:01:50,751 [INFO] src.corpus_acquisition.downloader: Downloading page 20 from https://t.prcdn.co/img?file=eag12020032700000000001001&page=20&scale=80
2026-07-07 22:01:50,752 [INFO] src.corpus_acquisition.crawler: Downloading -> data/raw/images/peru21/2020/03/27/peru21_2020-03-27_20.jpg
2026-07-07 22:01:54,703 [INFO] src.corpus_acquisition.downloader: Downloading page 21 from https://t.prcdn.co/img?file=eag12020032700000000001001&page=21&scale=80
2026-07-07 22:01:54,703 [INFO] src.corpus_acquisition.crawler: Downloading -> data/raw/images/peru21/2020/03/27/peru21_2020-03-27_21.jpg
2026-07-07 22:01:54,911 [WARNING] src.corpus_acquisition.downloader: Page 21 not found (1/3).
2026-07-07 22:01:54,912 [INFO] src.corpus_acquisition.downloader: Downloading page 22 from https://t.prcdn.co/img?file=eag12020032700000000001001&page=22&scale=80
2026-07-07 22:01:54,912 [INFO] src.corpus_acquisition.crawler: Downloading -> data/raw/images/peru21/2020/03/27/peru21_2020-03-27_22.jpg
2026-07-07 22:01:55,124 [WARNING] src.corpus_acquisition.downloader: Page 22 not found (2/3).
2026-07-07 22:01:55,124 [INFO] src.corpus_acquisition.downloader: Downloading page 23 from https://t.prcdn.co/img?file=eag12020032700000000001001&page=23&scale=80
2026-07-07 22:01:55,124 [INFO] src.corpus_acquisition.crawler: Downloading -> data/raw/images/peru21/2020/03/27/peru21_2020-03-27_23.jpg
2026-07-07 22:01:55,347 [WARNING] src.corpus_acquisition.downloader: Page 23 not found (3/3).
2026-07-07 22:01:55,347 [WARNING] src.corpus_acquisition.downloader: No new pages found after 3 attempts; stopping with 20 page(s).
2026-07-07 22:02:01,276 [INFO] src.corpus_acquisition.metadata_extractor: Saved metadata for 20 page(s) -> data/raw/metadata/raw_metadata.parquet (total rows: 100275)
2026-07-07 22:02:01,287 [INFO] src.corpus_acquisition.metadata_extractor: Saved crawl log -> data/raw/crawl_logs/peru21_2020-03-27.json (status=success)
2026-07-07 22:02:03,592 [INFO] src.corpus_acquisition.downloader: Downloading page 1 from https://t.prcdn.co/img?file=eag12020032800000000001001&page=1&scale=80
2026-07-07 22:02:03,593 [INFO] src.corpus_acquisition.crawler: Downloading -> data/raw/images/peru21/2020/03/28/peru21_2020-03-28_1.jpg
2026-07-07 22:02:07,215 [INFO] src.corpus_acquisition.downloader: Downloading page 2 from https://t.prcdn.co/img?file=eag12020032800000000001001&page=2&scale=80
2026-07-07 22:02:07,215 [INFO] src.corpus_acquisition.crawler: Downloading -> data/raw/images/peru21/2020/03/28/peru21_2020-03-28_2.jpg
2026-07-07 22:02:11,940 [INFO] src.corpus_acquisition.downloader: Downloading page 3 from https://t.prcdn.co/img?file=eag12020032800000000001001&page=3&scale=80
2026-07-07 22:02:11,941 [INFO] src.corpus_acquisition.crawler: Downloading -> data/raw/images/peru21/2020/03/28/peru21_2020-03-28_3.jpg
2026-07-07 22:02:20,988 [INFO] src.corpus_acquisition.downloader: Downloading page 4 from https://t.prcdn.co/img?file=eag12020032800000000001001&page=4&scale=80
2026-07-07 22:02:20,988 [INFO] src.corpus_acquisition.crawler: Downloading -> data/raw/images/peru21/2020/03/28/peru21_2020-03-28_4.jpg
2026-07-07 22:02:24,390 [INFO] src.corpus_acquisition.downloader: Downloading page 5 from https://t.prcdn.co/img?file=eag12020032800000000001001&page=5&scale=80
2026-07-07 22:02:24,390 [INFO] src.corpus_acquisition.crawler: Downloading -> data/raw/images/peru21/2020/03/28/peru21_2020-03-28_5.jpg
2026-07-07 22:02:28,487 [INFO] src.corpus_acquisition.downloader: Downloading page 6 from https://t.prcdn.co/img?file=eag12020032800000000001001&page=6&scale=80
2026-07-07 22:02:28,487 [INFO] src.corpus_acquisition.crawler: Downloading -> data/raw/images/peru21/2020/03/28/peru21_2020-03-28_6.jpg
2026-07-07 22:02:33,272 [INFO] src.corpus_acquisition.downloader: Downloading page 7 from https://t.prcdn.co/img?file=eag12020032800000000001001&page=7&scale=80
2026-07-07 22:02:33,272 [INFO] src.corpus_acquisition.crawler: Downloading -> data/raw/images/peru21/2020/03/28/peru21_2020-03-28_7.jpg
2026-07-07 22:02:36,449 [INFO] src.corpus_acquisition.downloader: Downloading page 8 from https://t.prcdn.co/img?file=eag12020032800000000001001&page=8&scale=80
2026-07-07 22:02:36,450 [INFO] src.corpus_acquisition.crawler: Downloading -> data/raw/images/peru21/2020/03/28/peru21_2020-03-28_8.jpg
2026-07-07 22:02:39,765 [INFO] src.corpus_acquisition.downloader: Downloading page 9 from https://t.prcdn.co/img?file=eag12020032800000000001001&page=9&scale=80
2026-07-07 22:02:39,765 [INFO] src.corpus_acquisition.crawler: Downloading -> data/raw/images/peru21/2020/03/28/peru21_2020-03-28_9.jpg
2026-07-07 22:02:43,253 [INFO] src.corpus_acquisition.downloader: Downloading page 10 from https://t.prcdn.co/img?file=eag12020032800000000001001&page=10&scale=80
2026-07-07 22:02:43,253 [INFO] src.corpus_acquisition.crawler: Downloading -> data/raw/images/peru21/2020/03/28/peru21_2020-03-28_10.jpg
2026-07-07 22:02:46,872 [INFO] src.corpus_acquisition.downloader: Downloading page 11 from https://t.prcdn.co/img?file=eag12020032800000000001001&page=11&scale=80
2026-07-07 22:02:46,872 [INFO] src.corpus_acquisition.crawler: Downloading -> data/raw/images/peru21/2020/03/28/peru21_2020-03-28_11.jpg
2026-07-07 22:02:50,130 [INFO] src.corpus_acquisition.downloader: Downloading page 12 from https://t.prcdn.co/img?file=eag12020032800000000001001&page=12&scale=80
2026-07-07 22:02:50,130 [INFO] src.corpus_acquisition.crawler: Downloading -> data/raw/images/peru21/2020/03/28/peru21_2020-03-28_12.jpg
2026-07-07 22:02:53,208 [INFO] src.corpus_acquisition.downloader: Downloading page 13 from https://t.prcdn.co/img?file=eag12020032800000000001001&page=13&scale=80
2026-07-07 22:02:53,209 [INFO] src.corpus_acquisition.crawler: Downloading -> data/raw/images/peru21/2020/03/28/peru21_2020-03-28_13.jpg
2026-07-07 22:02:55,707 [INFO] src.corpus_acquisition.downloader: Downloading page 14 from https://t.prcdn.co/img?file=eag12020032800000000001001&page=14&scale=80
2026-07-07 22:02:55,707 [INFO] src.corpus_acquisition.crawler: Downloading -> data/raw/images/peru21/2020/03/28/peru21_2020-03-28_14.jpg
2026-07-07 22:02:58,671 [INFO] src.corpus_acquisition.downloader: Downloading page 15 from https://t.prcdn.co/img?file=eag12020032800000000001001&page=15&scale=80
2026-07-07 22:03:06,685 [INFO] src.corpus_acquisition.crawler: Downloading -> data/raw/images/peru21/2020/03/28/peru21_2020-03-28_15.jpg
2026-07-07 22:03:10,360 [INFO] src.corpus_acquisition.downloader: Downloading page 16 from https://t.prcdn.co/img?file=eag12020032800000000001001&page=16&scale=80
2026-07-07 22:03:13,073 [INFO] src.corpus_acquisition.crawler: Downloading -> data/raw/images/peru21/2020/03/28/peru21_2020-03-28_16.jpg
2026-07-07 22:03:16,222 [INFO] src.corpus_acquisition.downloader: Downloading page 17 from https://t.prcdn.co/img?file=eag12020032800000000001001&page=17&scale=80
2026-07-07 22:03:16,223 [INFO] src.corpus_acquisition.crawler: Downloading -> data/raw/images/peru21/2020/03/28/peru21_2020-03-28_17.jpg
2026-07-07 22:03:19,175 [INFO] src.corpus_acquisition.downloader: Downloading page 18 from https://t.prcdn.co/img?file=eag12020032800000000001001&page=18&scale=80
2026-07-07 22:03:30,116 [INFO] src.corpus_acquisition.crawler: Downloading -> data/raw/images/peru21/2020/03/28/peru21_2020-03-28_18.jpg
2026-07-07 22:03:32,856 [INFO] src.corpus_acquisition.downloader: Downloading page 19 from https://t.prcdn.co/img?file=eag12020032800000000001001&page=19&scale=80
2026-07-07 22:03:32,856 [INFO] src.corpus_acquisition.crawler: Downloading -> data/raw/images/peru21/2020/03/28/peru21_2020-03-28_19.jpg
2026-07-07 22:03:36,079 [INFO] src.corpus_acquisition.downloader: Downloading page 20 from https://t.prcdn.co/img?file=eag12020032800000000001001&page=20&scale=80
2026-07-07 22:03:36,080 [INFO] src.corpus_acquisition.crawler: Downloading -> data/raw/images/peru21/2020/03/28/peru21_2020-03-28_20.jpg
2026-07-07 22:03:39,810 [INFO] src.corpus_acquisition.downloader: Downloading page 21 from https://t.prcdn.co/img?file=eag12020032800000000001001&page=21&scale=80
2026-07-07 22:03:39,810 [INFO] src.corpus_acquisition.crawler: Downloading -> data/raw/images/peru21/2020/03/28/peru21_2020-03-28_21.jpg
2026-07-07 22:03:40,115 [WARNING] src.corpus_acquisition.downloader: Page 21 not found (1/3).
2026-07-07 22:03:40,115 [INFO] src.corpus_acquisition.downloader: Downloading page 22 from https://t.prcdn.co/img?file=eag12020032800000000001001&page=22&scale=80
2026-07-07 22:03:40,116 [INFO] src.corpus_acquisition.crawler: Downloading -> data/raw/images/peru21/2020/03/28/peru21_2020-03-28_22.jpg
2026-07-07 22:03:40,351 [WARNING] src.corpus_acquisition.downloader: Page 22 not found (2/3).
2026-07-07 22:03:40,351 [INFO] src.corpus_acquisition.downloader: Downloading page 23 from https://t.prcdn.co/img?file=eag12020032800000000001001&page=23&scale=80
2026-07-07 22:03:40,352 [INFO] src.corpus_acquisition.crawler: Downloading -> data/raw/images/peru21/2020/03/28/peru21_2020-03-28_23.jpg
2026-07-07 22:03:40,625 [WARNING] src.corpus_acquisition.downloader: Page 23 not found (3/3).
2026-07-07 22:03:40,625 [WARNING] src.corpus_acquisition.downloader: No new pages found after 3 attempts; stopping with 20 page(s).
2026-07-07 22:03:40,627 [ERROR] src.corpus_acquisition.downloader: Skipping peru21 on 2020-03-28 due to unrecoverable error: Could not open Parquet input source '<Buffer>': Couldn't deserialize thrift: TProtocolException: Invalid data

2026-07-07 22:03:40,630 [INFO] src.corpus_acquisition.metadata_extractor: Saved crawl log -> data/raw/crawl_logs/peru21_2020-03-28.json (status=failed)
2026-07-07 22:03:40,631 [ERROR] src.corpus_acquisition.downloader: Skipping peru21 on 2020-03-29 due to unrecoverable error: Could not open Parquet input source '<Buffer>': Couldn't deserialize thrift: TProtocolException: Invalid data

2026-07-07 22:03:40,633 [INFO] src.corpus_acquisition.metadata_extractor: Saved crawl log -> data/raw/crawl_logs/peru21_2020-03-29.json (status=failed)
2026-07-07 22:03:40,635 [ERROR] src.corpus_acquisition.downloader: Skipping peru21 on 2020-03-30 due to unrecoverable error: Could not open Parquet input source '<Buffer>': Couldn't deserialize thrift: TProtocolException: Invalid data

2026-07-07 22:03:40,637 [INFO] src.corpus_acquisition.metadata_extractor: Saved crawl log -> data/raw/crawl_logs/peru21_2020-03-30.json (status=failed)
2026-07-07 22:03:40,639 [ERROR] src.corpus_acquisition.downloader: Skipping peru21 on 2020-03-31 due to unrecoverable error: Could not open Parquet input source '<Buffer>': Couldn't deserialize thrift: TProtocolException: Invalid data

2026-07-07 22:03:40,641 [INFO] src.corpus_acquisition.metadata_extractor: Saved crawl log -> data/raw/crawl_logs/peru21_2020-03-31.json (status=failed)
2026-07-07 22:03:40,642 [ERROR] src.corpus_acquisition.downloader: Skipping peru21 on 2020-04-01 due to unrecoverable error: Could not open Parquet input source '<Buffer>': Couldn't deserialize thrift: TProtocolException: Invalid data

2026-07-07 22:03:40,644 [INFO] src.corpus_acquisition.metadata_extractor: Saved crawl log -> data/raw/crawl_logs/peru21_2020-04-01.json (status=failed)
2026-07-07 22:03:40,645 [ERROR] src.corpus_acquisition.downloader: Skipping peru21 on 2020-04-02 due to unrecoverable error: Could not open Parquet input source '<Buffer>': Couldn't deserialize thrift: TProtocolException: Invalid data

2026-07-07 22:03:40,647 [INFO] src.corpus_acquisition.metadata_extractor: Saved crawl log -> data/raw/crawl_logs/peru21_2020-04-02.json (status=failed)
2026-07-07 22:03:40,649 [ERROR] src.corpus_acquisition.downloader: Skipping peru21 on 2020-04-03 due to unrecoverable error: Could not open Parquet input source '<Buffer>': Couldn't deserialize thrift: TProtocolException: Invalid data

2026-07-07 22:03:40,650 [INFO] src.corpus_acquisition.metadata_extractor: Saved crawl log -> data/raw/crawl_logs/peru21_2020-04-03.json (status=failed)
2026-07-07 22:03:40,652 [ERROR] src.corpus_acquisition.downloader: Skipping peru21 on 2020-04-04 due to unrecoverable error: Could not open Parquet input source '<Buffer>': Couldn't deserialize thrift: TProtocolException: Invalid data

2026-07-07 22:03:40,654 [INFO] src.corpus_acquisition.metadata_extractor: Saved crawl log -> data/raw/crawl_logs/peru21_2020-04-04.json (status=failed)
2026-07-07 22:03:40,656 [ERROR] src.corpus_acquisition.downloader: Skipping peru21 on 2020-04-05 due to unrecoverable error: Could not open Parquet input source '<Buffer>': Couldn't deserialize thrift: TProtocolException: Invalid data

2026-07-07 22:03:40,658 [INFO] src.corpus_acquisition.metadata_extractor: Saved crawl log -> data/raw/crawl_logs/peru21_2020-04-05.json (status=failed)
2026-07-07 22:03:40,659 [ERROR] src.corpus_acquisition.downloader: Skipping peru21 on 2020-04-06 due to unrecoverable error: Could not open Parquet input source '<Buffer>': Couldn't deserialize thrift: TProtocolException: Invalid data

2026-07-07 22:03:40,660 [INFO] src.corpus_acquisition.metadata_extractor: Saved crawl log -> data/raw/crawl_logs/peru21_2020-04-06.json (status=failed)
2026-07-07 22:03:40,662 [ERROR] src.corpus_acquisition.downloader: Skipping peru21 on 2020-04-07 due to unrecoverable error: Could not open Parquet input source '<Buffer>': Couldn't deserialize thrift: TProtocolException: Invalid data

2026-07-07 22:03:40,664 [INFO] src.corpus_acquisition.metadata_extractor: Saved crawl log -> data/raw/crawl_logs/peru21_2020-04-07.json (status=failed)
2026-07-07 22:03:40,666 [ERROR] src.corpus_acquisition.downloader: Skipping peru21 on 2020-04-08 due to unrecoverable error: Could not open Parquet input source '<Buffer>': Couldn't deserialize thrift: TProtocolException: Invalid data

2026-07-07 22:03:40,667 [INFO] src.corpus_acquisition.metadata_extractor: Saved crawl log -> data/raw/crawl_logs/peru21_2020-04-08.json (status=failed)
2026-07-07 22:03:40,669 [ERROR] src.corpus_acquisition.downloader: Skipping peru21 on 2020-04-09 due to unrecoverable error: Could not open Parquet input source '<Buffer>': Couldn't deserialize thrift: TProtocolException: Invalid data

2026-07-07 22:03:40,670 [INFO] src.corpus_acquisition.metadata_extractor: Saved crawl log -> data/raw/crawl_logs/peru21_2020-04-09.json (status=failed)
2026-07-07 22:03:40,672 [ERROR] src.corpus_acquisition.downloader: Skipping peru21 on 2020-04-10 due to unrecoverable error: Could not open Parquet input source '<Buffer>': Couldn't deserialize thrift: TProtocolException: Invalid data

2026-07-07 22:03:40,674 [INFO] src.corpus_acquisition.metadata_extractor: Saved crawl log -> data/raw/crawl_logs/peru21_2020-04-10.json (status=failed)
2026-07-07 22:03:40,676 [ERROR] src.corpus_acquisition.downloader: Skipping peru21 on 2020-04-11 due to unrecoverable error: Could not open Parquet input source '<Buffer>': Couldn't deserialize thrift: TProtocolException: Invalid data

2026-07-07 22:03:40,677 [INFO] src.corpus_acquisition.metadata_extractor: Saved crawl log -> data/raw/crawl_logs/peru21_2020-04-11.json (status=failed)
2026-07-07 22:03:40,679 [ERROR] src.corpus_acquisition.downloader: Skipping peru21 on 2020-04-12 due to unrecoverable error: Could not open Parquet input source '<Buffer>': Couldn't deserialize thrift: TProtocolException: Invalid data

2026-07-07 22:03:40,681 [INFO] src.corpus_acquisition.metadata_extractor: Saved crawl log -> data/raw/crawl_logs/peru21_2020-04-12.json (status=failed)
2026-07-07 22:03:40,682 [ERROR] src.corpus_acquisition.downloader: Skipping peru21 on 2020-04-13 due to unrecoverable error: Could not open Parquet input source '<Buffer>': Couldn't deserialize thrift: TProtocolException: Invalid data

2026-07-07 22:03:40,684 [INFO] src.corpus_acquisition.metadata_extractor: Saved crawl log -> data/raw/crawl_logs/peru21_2020-04-13.json (status=failed)
2026-07-07 22:03:40,686 [ERROR] src.corpus_acquisition.downloader: Skipping peru21 on 2020-04-14 due to unrecoverable error: Could not open Parquet input source '<Buffer>': Couldn't deserialize thrift: TProtocolException: Invalid data

2026-07-07 22:03:40,688 [INFO] src.corpus_acquisition.metadata_extractor: Saved crawl log -> data/raw/crawl_logs/peru21_2020-04-14.json (status=failed)
2026-07-07 22:03:40,690 [ERROR] src.corpus_acquisition.downloader: Skipping peru21 on 2020-04-15 due to unrecoverable error: Could not open Parquet input source '<Buffer>': Couldn't deserialize thrift: TProtocolException: Invalid data

2026-07-07 22:03:40,691 [INFO] src.corpus_acquisition.metadata_extractor: Saved crawl log -> data/raw/crawl_logs/peru21_2020-04-15.json (status=failed)
2026-07-07 22:03:40,693 [ERROR] src.corpus_acquisition.downloader: Skipping peru21 on 2020-04-16 due to unrecoverable error: Could not open Parquet input source '<Buffer>': Couldn't deserialize thrift: TProtocolException: Invalid data

2026-07-07 22:03:40,695 [INFO] src.corpus_acquisition.metadata_extractor: Saved crawl log -> data/raw/crawl_logs/peru21_2020-04-16.json (status=failed)
2026-07-07 22:03:40,697 [ERROR] src.corpus_acquisition.downloader: Skipping peru21 on 2020-04-17 due to unrecoverable error: Could not open Parquet input source '<Buffer>': Couldn't deserialize thrift: TProtocolException: Invalid data

2026-07-07 22:03:40,698 [INFO] src.corpus_acquisition.metadata_extractor: Saved crawl log -> data/raw/crawl_logs/peru21_2020-04-17.json (status=failed)
2026-07-07 22:03:40,700 [ERROR] src.corpus_acquisition.downloader: Skipping peru21 on 2020-04-18 due to unrecoverable error: Could not open Parquet input source '<Buffer>': Couldn't deserialize thrift: TProtocolException: Invalid data

2026-07-07 22:03:40,705 [INFO] src.corpus_acquisition.metadata_extractor: Saved crawl log -> data/raw/crawl_logs/peru21_2020-04-18.json (status=failed)
2026-07-07 22:03:40,707 [ERROR] src.corpus_acquisition.downloader: Skipping peru21 on 2020-04-19 due to unrecoverable error: Could not open Parquet input source '<Buffer>': Couldn't deserialize thrift: TProtocolException: Invalid data

2026-07-07 22:03:40,708 [INFO] src.corpus_acquisition.metadata_extractor: Saved crawl log -> data/raw/crawl_logs/peru21_2020-04-19.json (status=failed)
2026-07-07 22:03:40,710 [ERROR] src.corpus_acquisition.downloader: Skipping peru21 on 2020-04-20 due to unrecoverable error: Could not open Parquet input source '<Buffer>': Couldn't deserialize thrift: TProtocolException: Invalid data

2026-07-07 22:03:40,712 [INFO] src.corpus_acquisition.metadata_extractor: Saved crawl log -> data/raw/crawl_logs/peru21_2020-04-20.json (status=failed)
2026-07-07 22:03:40,713 [ERROR] src.corpus_acquisition.downloader: Skipping peru21 on 2020-04-21 due to unrecoverable error: Could not open Parquet input source '<Buffer>': Couldn't deserialize thrift: TProtocolException: Invalid data

2026-07-07 22:03:40,716 [INFO] src.corpus_acquisition.metadata_extractor: Saved crawl log -> data/raw/crawl_logs/peru21_2020-04-21.json (status=failed)
2026-07-07 22:03:40,717 [ERROR] src.corpus_acquisition.downloader: Skipping peru21 on 2020-04-22 due to unrecoverable error: Could not open Parquet input source '<Buffer>': Couldn't deserialize thrift: TProtocolException: Invalid data

2026-07-07 22:03:40,719 [INFO] src.corpus_acquisition.metadata_extractor: Saved crawl log -> data/raw/crawl_logs/peru21_2020-04-22.json (status=failed)
2026-07-07 22:03:40,721 [ERROR] src.corpus_acquisition.downloader: Skipping peru21 on 2020-04-23 due to unrecoverable error: Could not open Parquet input source '<Buffer>': Couldn't deserialize thrift: TProtocolException: Invalid data

2026-07-07 22:03:40,724 [INFO] src.corpus_acquisition.metadata_extractor: Saved crawl log -> data/raw/crawl_logs/peru21_2020-04-23.json (status=failed)
2026-07-07 22:03:40,726 [ERROR] src.corpus_acquisition.downloader: Skipping peru21 on 2020-04-24 due to unrecoverable error: Could not open Parquet input source '<Buffer>': Couldn't deserialize thrift: TProtocolException: Invalid data

2026-07-07 22:03:40,731 [INFO] src.corpus_acquisition.metadata_extractor: Saved crawl log -> data/raw/crawl_logs/peru21_2020-04-24.json (status=failed)
2026-07-07 22:03:40,732 [ERROR] src.corpus_acquisition.downloader: Skipping peru21 on 2020-04-25 due to unrecoverable error: Could not open Parquet input source '<Buffer>': Couldn't deserialize thrift: TProtocolException: Invalid data

2026-07-07 22:03:40,737 [INFO] src.corpus_acquisition.metadata_extractor: Saved crawl log -> data/raw/crawl_logs/peru21_2020-04-25.json (status=failed)
2026-07-07 22:03:40,739 [ERROR] src.corpus_acquisition.downloader: Skipping peru21 on 2020-04-26 due to unrecoverable error: Could not open Parquet input source '<Buffer>': Couldn't deserialize thrift: TProtocolException: Invalid data

2026-07-07 22:03:40,741 [INFO] src.corpus_acquisition.metadata_extractor: Saved crawl log -> data/raw/crawl_logs/peru21_2020-04-26.json (status=failed)
2026-07-07 22:03:40,742 [ERROR] src.corpus_acquisition.downloader: Skipping peru21 on 2020-04-27 due to unrecoverable error: Could not open Parquet input source '<Buffer>': Couldn't deserialize thrift: TProtocolException: Invalid data

2026-07-07 22:03:40,746 [INFO] src.corpus_acquisition.metadata_extractor: Saved crawl log -> data/raw/crawl_logs/peru21_2020-04-27.json (status=failed)
2026-07-07 22:03:40,747 [ERROR] src.corpus_acquisition.downloader: Skipping peru21 on 2020-04-28 due to unrecoverable error: Could not open Parquet input source '<Buffer>': Couldn't deserialize thrift: TProtocolException: Invalid data

2026-07-07 22:03:40,749 [INFO] src.corpus_acquisition.metadata_extractor: Saved crawl log -> data/raw/crawl_logs/peru21_2020-04-28.json (status=failed)
2026-07-07 22:03:40,750 [ERROR] src.corpus_acquisition.downloader: Skipping peru21 on 2020-04-29 due to unrecoverable error: Could not open Parquet input source '<Buffer>': Couldn't deserialize thrift: TProtocolException: Invalid data

2026-07-07 22:03:40,753 [INFO] src.corpus_acquisition.metadata_extractor: Saved crawl log -> data/raw/crawl_logs/peru21_2020-04-29.json (status=failed)
2026-07-07 22:03:40,754 [ERROR] src.corpus_acquisition.downloader: Skipping peru21 on 2020-04-30 due to unrecoverable error: Could not open Parquet input source '<Buffer>': Couldn't deserialize thrift: TProtocolException: Invalid data

2026-07-07 22:03:40,757 [INFO] src.corpus_acquisition.metadata_extractor: Saved crawl log -> data/raw/crawl_logs/peru21_2020-04-30.json (status=failed)
2026-07-07 22:03:40,758 [ERROR] src.corpus_acquisition.downloader: Skipping peru21 on 2020-05-01 due to unrecoverable error: Could not open Parquet input source '<Buffer>': Couldn't deserialize thrift: TProtocolException: Invalid data

2026-07-07 22:03:40,760 [INFO] src.corpus_acquisition.metadata_extractor: Saved crawl log -> data/raw/crawl_logs/peru21_2020-05-01.json (status=failed)
2026-07-07 22:03:40,761 [ERROR] src.corpus_acquisition.downloader: Skipping peru21 on 2020-05-02 due to unrecoverable error: Could not open Parquet input source '<Buffer>': Couldn't deserialize thrift: TProtocolException: Invalid data

2026-07-07 22:03:40,763 [INFO] src.corpus_acquisition.metadata_extractor: Saved crawl log -> data/raw/crawl_logs/peru21_2020-05-02.json (status=failed)
2026-07-07 22:03:40,765 [ERROR] src.corpus_acquisition.downloader: Skipping peru21 on 2020-05-03 due to unrecoverable error: Could not open Parquet input source '<Buffer>': Couldn't deserialize thrift: TProtocolException: Invalid data

2026-07-07 22:03:40,767 [INFO] src.corpus_acquisition.metadata_extractor: Saved crawl log -> data/raw/crawl_logs/peru21_2020-05-03.json (status=failed)
2026-07-07 22:03:40,769 [ERROR] src.corpus_acquisition.downloader: Skipping peru21 on 2020-05-04 due to unrecoverable error: Could not open Parquet input source '<Buffer>': Couldn't deserialize thrift: TProtocolException: Invalid data

2026-07-07 22:03:40,770 [INFO] src.corpus_acquisition.metadata_extractor: Saved crawl log -> data/raw/crawl_logs/peru21_2020-05-04.json (status=failed)
2026-07-07 22:03:40,772 [ERROR] src.corpus_acquisition.downloader: Skipping peru21 on 2020-05-05 due to unrecoverable error: Could not open Parquet input source '<Buffer>': Couldn't deserialize thrift: TProtocolException: Invalid data

2026-07-07 22:03:40,774 [INFO] src.corpus_acquisition.metadata_extractor: Saved crawl log -> data/raw/crawl_logs/peru21_2020-05-05.json (status=failed)
2026-07-07 22:03:40,775 [ERROR] src.corpus_acquisition.downloader: Skipping peru21 on 2020-05-06 due to unrecoverable error: Could not open Parquet input source '<Buffer>': Couldn't deserialize thrift: TProtocolException: Invalid data

2026-07-07 22:03:40,777 [INFO] src.corpus_acquisition.metadata_extractor: Saved crawl log -> data/raw/crawl_logs/peru21_2020-05-06.json (status=failed)
2026-07-07 22:03:40,778 [ERROR] src.corpus_acquisition.downloader: Skipping peru21 on 2020-05-07 due to unrecoverable error: Could not open Parquet input source '<Buffer>': Couldn't deserialize thrift: TProtocolException: Invalid data

2026-07-07 22:03:40,779 [INFO] src.corpus_acquisition.metadata_extractor: Saved crawl log -> data/raw/crawl_logs/peru21_2020-05-07.json (status=failed)
2026-07-07 22:03:40,780 [ERROR] src.corpus_acquisition.downloader: Skipping peru21 on 2020-05-08 due to unrecoverable error: Could not open Parquet input source '<Buffer>': Couldn't deserialize thrift: TProtocolException: Invalid data

2026-07-07 22:03:40,783 [INFO] src.corpus_acquisition.metadata_extractor: Saved crawl log -> data/raw/crawl_logs/peru21_2020-05-08.json (status=failed)
2026-07-07 22:03:40,784 [ERROR] src.corpus_acquisition.downloader: Skipping peru21 on 2020-05-09 due to unrecoverable error: Could not open Parquet input source '<Buffer>': Couldn't deserialize thrift: TProtocolException: Invalid data

2026-07-07 22:03:40,786 [INFO] src.corpus_acquisition.metadata_extractor: Saved crawl log -> data/raw/crawl_logs/peru21_2020-05-09.json (status=failed)
2026-07-07 22:03:40,788 [ERROR] src.corpus_acquisition.downloader: Skipping peru21 on 2020-05-10 due to unrecoverable error: Could not open Parquet input source '<Buffer>': Couldn't deserialize thrift: TProtocolException: Invalid data

2026-07-07 22:03:40,790 [INFO] src.corpus_acquisition.metadata_extractor: Saved crawl log -> data/raw/crawl_logs/peru21_2020-05-10.json (status=failed)
2026-07-07 22:03:40,791 [ERROR] src.corpus_acquisition.downloader: Skipping peru21 on 2020-05-11 due to unrecoverable error: Could not open Parquet input source '<Buffer>': Couldn't deserialize thrift: TProtocolException: Invalid data

2026-07-07 22:03:40,792 [INFO] src.corpus_acquisition.metadata_extractor: Saved crawl log -> data/raw/crawl_logs/peru21_2020-05-11.json (status=failed)
2026-07-07 22:03:40,793 [ERROR] src.corpus_acquisition.downloader: Skipping peru21 on 2020-05-12 due to unrecoverable error: Could not open Parquet input source '<Buffer>': Couldn't deserialize thrift: TProtocolException: Invalid data

2026-07-07 22:03:40,794 [INFO] src.corpus_acquisition.metadata_extractor: Saved crawl log -> data/raw/crawl_logs/peru21_2020-05-12.json (status=failed)
2026-07-07 22:03:40,795 [ERROR] src.corpus_acquisition.downloader: Skipping peru21 on 2020-05-13 due to unrecoverable error: Could not open Parquet input source '<Buffer>': Couldn't deserialize thrift: TProtocolException: Invalid data

2026-07-07 22:03:40,797 [INFO] src.corpus_acquisition.metadata_extractor: Saved crawl log -> data/raw/crawl_logs/peru21_2020-05-13.json (status=failed)
2026-07-07 22:03:40,798 [ERROR] src.corpus_acquisition.downloader: Skipping peru21 on 2020-05-14 due to unrecoverable error: Could not open Parquet input source '<Buffer>': Couldn't deserialize thrift: TProtocolException: Invalid data

2026-07-07 22:03:40,800 [INFO] src.corpus_acquisition.metadata_extractor: Saved crawl log -> data/raw/crawl_logs/peru21_2020-05-14.json (status=failed)
2026-07-07 22:03:40,801 [ERROR] src.corpus_acquisition.downloader: Skipping peru21 on 2020-05-15 due to unrecoverable error: Could not open Parquet input source '<Buffer>': Couldn't deserialize thrift: TProtocolException: Invalid data

2026-07-07 22:03:40,802 [INFO] src.corpus_acquisition.metadata_extractor: Saved crawl log -> data/raw/crawl_logs/peru21_2020-05-15.json (status=failed)
2026-07-07 22:03:40,804 [ERROR] src.corpus_acquisition.downloader: Skipping peru21 on 2020-05-16 due to unrecoverable error: Could not open Parquet input source '<Buffer>': Couldn't deserialize thrift: TProtocolException: Invalid data

2026-07-07 22:03:40,806 [INFO] src.corpus_acquisition.metadata_extractor: Saved crawl log -> data/raw/crawl_logs/peru21_2020-05-16.json (status=failed)
2026-07-07 22:03:40,807 [ERROR] src.corpus_acquisition.downloader: Skipping peru21 on 2020-05-17 due to unrecoverable error: Could not open Parquet input source '<Buffer>': Couldn't deserialize thrift: TProtocolException: Invalid data

2026-07-07 22:03:40,809 [INFO] src.corpus_acquisition.metadata_extractor: Saved crawl log -> data/raw/crawl_logs/peru21_2020-05-17.json (status=failed)
2026-07-07 22:03:40,810 [ERROR] src.corpus_acquisition.downloader: Skipping peru21 on 2020-05-18 due to unrecoverable error: Could not open Parquet input source '<Buffer>': Couldn't deserialize thrift: TProtocolException: Invalid data

2026-07-07 22:03:40,811 [INFO] src.corpus_acquisition.metadata_extractor: Saved crawl log -> data/raw/crawl_logs/peru21_2020-05-18.json (status=failed)
2026-07-07 22:03:40,812 [ERROR] src.corpus_acquisition.downloader: Skipping peru21 on 2020-05-19 due to unrecoverable error: Could not open Parquet input source '<Buffer>': Couldn't deserialize thrift: TProtocolException: Invalid data

2026-07-07 22:03:40,814 [INFO] src.corpus_acquisition.metadata_extractor: Saved crawl log -> data/raw/crawl_logs/peru21_2020-05-19.json (status=failed)
2026-07-07 22:03:40,815 [ERROR] src.corpus_acquisition.downloader: Skipping peru21 on 2020-05-20 due to unrecoverable error: Could not open Parquet input source '<Buffer>': Couldn't deserialize thrift: TProtocolException: Invalid data

2026-07-07 22:03:40,816 [INFO] src.corpus_acquisition.metadata_extractor: Saved crawl log -> data/raw/crawl_logs/peru21_2020-05-20.json (status=failed)
2026-07-07 22:03:40,817 [ERROR] src.corpus_acquisition.downloader: Skipping peru21 on 2020-05-21 due to unrecoverable error: Could not open Parquet input source '<Buffer>': Couldn't deserialize thrift: TProtocolException: Invalid data

2026-07-07 22:03:40,819 [INFO] src.corpus_acquisition.metadata_extractor: Saved crawl log -> data/raw/crawl_logs/peru21_2020-05-21.json (status=failed)
2026-07-07 22:03:40,820 [ERROR] src.corpus_acquisition.downloader: Skipping peru21 on 2020-05-22 due to unrecoverable error: Could not open Parquet input source '<Buffer>': Couldn't deserialize thrift: TProtocolException: Invalid data

2026-07-07 22:03:40,821 [INFO] src.corpus_acquisition.metadata_extractor: Saved crawl log -> data/raw/crawl_logs/peru21_2020-05-22.json (status=failed)
2026-07-07 22:03:40,822 [ERROR] src.corpus_acquisition.downloader: Skipping peru21 on 2020-05-23 due to unrecoverable error: Could not open Parquet input source '<Buffer>': Couldn't deserialize thrift: TProtocolException: Invalid data

2026-07-07 22:03:40,823 [INFO] src.corpus_acquisition.metadata_extractor: Saved crawl log -> data/raw/crawl_logs/peru21_2020-05-23.json (status=failed)
2026-07-07 22:03:40,824 [ERROR] src.corpus_acquisition.downloader: Skipping peru21 on 2020-05-24 due to unrecoverable error: Could not open Parquet input source '<Buffer>': Couldn't deserialize thrift: TProtocolException: Invalid data

2026-07-07 22:03:40,826 [INFO] src.corpus_acquisition.metadata_extractor: Saved crawl log -> data/raw/crawl_logs/peru21_2020-05-24.json (status=failed)
2026-07-07 22:03:40,827 [ERROR] src.corpus_acquisition.downloader: Skipping peru21 on 2020-05-25 due to unrecoverable error: Could not open Parquet input source '<Buffer>': Couldn't deserialize thrift: TProtocolException: Invalid data

2026-07-07 22:03:40,828 [INFO] src.corpus_acquisition.metadata_extractor: Saved crawl log -> data/raw/crawl_logs/peru21_2020-05-25.json (status=failed)
2026-07-07 22:03:40,829 [ERROR] src.corpus_acquisition.downloader: Skipping peru21 on 2020-05-26 due to unrecoverable error: Could not open Parquet input source '<Buffer>': Couldn't deserialize thrift: TProtocolException: Invalid data

2026-07-07 22:03:40,830 [INFO] src.corpus_acquisition.metadata_extractor: Saved crawl log -> data/raw/crawl_logs/peru21_2020-05-26.json (status=failed)
2026-07-07 22:03:40,831 [ERROR] src.corpus_acquisition.downloader: Skipping peru21 on 2020-05-27 due to unrecoverable error: Could not open Parquet input source '<Buffer>': Couldn't deserialize thrift: TProtocolException: Invalid data

2026-07-07 22:03:40,833 [INFO] src.corpus_acquisition.metadata_extractor: Saved crawl log -> data/raw/crawl_logs/peru21_2020-05-27.json (status=failed)
2026-07-07 22:03:40,834 [ERROR] src.corpus_acquisition.downloader: Skipping peru21 on 2020-05-28 due to unrecoverable error: Could not open Parquet input source '<Buffer>': Couldn't deserialize thrift: TProtocolException: Invalid data

2026-07-07 22:03:40,835 [INFO] src.corpus_acquisition.metadata_extractor: Saved crawl log -> data/raw/crawl_logs/peru21_2020-05-28.json (status=failed)
2026-07-07 22:03:40,836 [ERROR] src.corpus_acquisition.downloader: Skipping peru21 on 2020-05-29 due to unrecoverable error: Could not open Parquet input source '<Buffer>': Couldn't deserialize thrift: TProtocolException: Invalid data

2026-07-07 22:03:40,838 [INFO] src.corpus_acquisition.metadata_extractor: Saved crawl log -> data/raw/crawl_logs/peru21_2020-05-29.json (status=failed)
2026-07-07 22:03:40,839 [ERROR] src.corpus_acquisition.downloader: Skipping peru21 on 2020-05-30 due to unrecoverable error: Could not open Parquet input source '<Buffer>': Couldn't deserialize thrift: TProtocolException: Invalid data

2026-07-07 22:03:40,841 [INFO] src.corpus_acquisition.metadata_extractor: Saved crawl log -> data/raw/crawl_logs/peru21_2020-05-30.json (status=failed)
2026-07-07 22:03:40,842 [ERROR] src.corpus_acquisition.downloader: Skipping peru21 on 2020-05-31 due to unrecoverable error: Could not open Parquet input source '<Buffer>': Couldn't deserialize thrift: TProtocolException: Invalid data

2026-07-07 22:03:40,843 [INFO] src.corpus_acquisition.metadata_extractor: Saved crawl log -> data/raw/crawl_logs/peru21_2020-05-31.json (status=failed)
2026-07-07 22:03:40,844 [ERROR] src.corpus_acquisition.downloader: Skipping peru21 on 2020-06-01 due to unrecoverable error: Could not open Parquet input source '<Buffer>': Couldn't deserialize thrift: TProtocolException: Invalid data

2026-07-07 22:03:40,846 [INFO] src.corpus_acquisition.metadata_extractor: Saved crawl log -> data/raw/crawl_logs/peru21_2020-06-01.json (status=failed)
2026-07-07 22:03:40,847 [ERROR] src.corpus_acquisition.downloader: Skipping peru21 on 2020-06-02 due to unrecoverable error: Could not open Parquet input source '<Buffer>': Couldn't deserialize thrift: TProtocolException: Invalid data

2026-07-07 22:03:40,849 [INFO] src.corpus_acquisition.metadata_extractor: Saved crawl log -> data/raw/crawl_logs/peru21_2020-06-02.json (status=failed)
2026-07-07 22:03:40,850 [ERROR] src.corpus_acquisition.downloader: Skipping peru21 on 2020-06-03 due to unrecoverable error: Could not open Parquet input source '<Buffer>': Couldn't deserialize thrift: TProtocolException: Invalid data

2026-07-07 22:03:40,851 [INFO] src.corpus_acquisition.metadata_extractor: Saved crawl log -> data/raw/crawl_logs/peru21_2020-06-03.json (status=failed)
2026-07-07 22:03:40,853 [ERROR] src.corpus_acquisition.downloader: Skipping peru21 on 2020-06-04 due to unrecoverable error: Could not open Parquet input source '<Buffer>': Couldn't deserialize thrift: TProtocolException: Invalid data

2026-07-07 22:03:40,855 [INFO] src.corpus_acquisition.metadata_extractor: Saved crawl log -> data/raw/crawl_logs/peru21_2020-06-04.json (status=failed)
2026-07-07 22:03:40,856 [ERROR] src.corpus_acquisition.downloader: Skipping peru21 on 2020-06-05 due to unrecoverable error: Could not open Parquet input source '<Buffer>': Couldn't deserialize thrift: TProtocolException: Invalid data

2026-07-07 22:03:40,857 [INFO] src.corpus_acquisition.metadata_extractor: Saved crawl log -> data/raw/crawl_logs/peru21_2020-06-05.json (status=failed)
2026-07-07 22:03:40,858 [ERROR] src.corpus_acquisition.downloader: Skipping peru21 on 2020-06-06 due to unrecoverable error: Could not open Parquet input source '<Buffer>': Couldn't deserialize thrift: TProtocolException: Invalid data

2026-07-07 22:03:40,860 [INFO] src.corpus_acquisition.metadata_extractor: Saved crawl log -> data/raw/crawl_logs/peru21_2020-06-06.json (status=failed)
2026-07-07 22:03:40,861 [ERROR] src.corpus_acquisition.downloader: Skipping peru21 on 2020-06-07 due to unrecoverable error: Could not open Parquet input source '<Buffer>': Couldn't deserialize thrift: TProtocolException: Invalid data

2026-07-07 22:03:40,863 [INFO] src.corpus_acquisition.metadata_extractor: Saved crawl log -> data/raw/crawl_logs/peru21_2020-06-07.json (status=failed)
2026-07-07 22:03:40,864 [ERROR] src.corpus_acquisition.downloader: Skipping peru21 on 2020-06-08 due to unrecoverable error: Could not open Parquet input source '<Buffer>': Couldn't deserialize thrift: TProtocolException: Invalid data

2026-07-07 22:03:40,865 [INFO] src.corpus_acquisition.metadata_extractor: Saved crawl log -> data/raw/crawl_logs/peru21_2020-06-08.json (status=failed)
2026-07-07 22:03:40,867 [ERROR] src.corpus_acquisition.downloader: Skipping peru21 on 2020-06-09 due to unrecoverable error: Could not open Parquet input source '<Buffer>': Couldn't deserialize thrift: TProtocolException: Invalid data

2026-07-07 22:03:40,869 [INFO] src.corpus_acquisition.metadata_extractor: Saved crawl log -> data/raw/crawl_logs/peru21_2020-06-09.json (status=failed)
2026-07-07 22:03:40,870 [ERROR] src.corpus_acquisition.downloader: Skipping peru21 on 2020-06-10 due to unrecoverable error: Could not open Parquet input source '<Buffer>': Couldn't deserialize thrift: TProtocolException: Invalid data

2026-07-07 22:03:40,872 [INFO] src.corpus_acquisition.metadata_extractor: Saved crawl log -> data/raw/crawl_logs/peru21_2020-06-10.json (status=failed)
2026-07-07 22:03:40,874 [ERROR] src.corpus_acquisition.downloader: Skipping peru21 on 2020-06-11 due to unrecoverable error: Could not open Parquet input source '<Buffer>': Couldn't deserialize thrift: TProtocolException: Invalid data

2026-07-07 22:03:40,876 [INFO] src.corpus_acquisition.metadata_extractor: Saved crawl log -> data/raw/crawl_logs/peru21_2020-06-11.json (status=failed)
2026-07-07 22:03:40,877 [ERROR] src.corpus_acquisition.downloader: Skipping peru21 on 2020-06-12 due to unrecoverable error: Could not open Parquet input source '<Buffer>': Couldn't deserialize thrift: TProtocolException: Invalid data

2026-07-07 22:03:40,878 [INFO] src.corpus_acquisition.metadata_extractor: Saved crawl log -> data/raw/crawl_logs/peru21_2020-06-12.json (status=failed)
2026-07-07 22:03:40,879 [ERROR] src.corpus_acquisition.downloader: Skipping peru21 on 2020-06-13 due to unrecoverable error: Could not open Parquet input source '<Buffer>': Couldn't deserialize thrift: TProtocolException: Invalid data

2026-07-07 22:03:40,881 [INFO] src.corpus_acquisition.metadata_extractor: Saved crawl log -> data/raw/crawl_logs/peru21_2020-06-13.json (status=failed)
2026-07-07 22:03:40,882 [ERROR] src.corpus_acquisition.downloader: Skipping peru21 on 2020-06-14 due to unrecoverable error: Could not open Parquet input source '<Buffer>': Couldn't deserialize thrift: TProtocolException: Invalid data

2026-07-07 22:03:40,883 [INFO] src.corpus_acquisition.metadata_extractor: Saved crawl log -> data/raw/crawl_logs/peru21_2020-06-14.json (status=failed)
2026-07-07 22:03:40,885 [ERROR] src.corpus_acquisition.downloader: Skipping peru21 on 2020-06-15 due to unrecoverable error: Could not open Parquet input source '<Buffer>': Couldn't deserialize thrift: TProtocolException: Invalid data

2026-07-07 22:03:40,887 [INFO] src.corpus_acquisition.metadata_extractor: Saved crawl log -> data/raw/crawl_logs/peru21_2020-06-15.json (status=failed)
2026-07-07 22:03:40,888 [ERROR] src.corpus_acquisition.downloader: Skipping peru21 on 2020-06-16 due to unrecoverable error: Could not open Parquet input source '<Buffer>': Couldn't deserialize thrift: TProtocolException: Invalid data

2026-07-07 22:03:40,890 [INFO] src.corpus_acquisition.metadata_extractor: Saved crawl log -> data/raw/crawl_logs/peru21_2020-06-16.json (status=failed)
2026-07-07 22:03:40,891 [ERROR] src.corpus_acquisition.downloader: Skipping peru21 on 2020-06-17 due to unrecoverable error: Could not open Parquet input source '<Buffer>': Couldn't deserialize thrift: TProtocolException: Invalid data

2026-07-07 22:03:40,893 [INFO] src.corpus_acquisition.metadata_extractor: Saved crawl log -> data/raw/crawl_logs/peru21_2020-06-17.json (status=failed)
2026-07-07 22:03:40,894 [ERROR] src.corpus_acquisition.downloader: Skipping peru21 on 2020-06-18 due to unrecoverable error: Could not open Parquet input source '<Buffer>': Couldn't deserialize thrift: TProtocolException: Invalid data

2026-07-07 22:03:40,897 [INFO] src.corpus_acquisition.metadata_extractor: Saved crawl log -> data/raw/crawl_logs/peru21_2020-06-18.json (status=failed)
2026-07-07 22:03:40,898 [ERROR] src.corpus_acquisition.downloader: Skipping peru21 on 2020-06-19 due to unrecoverable error: Could not open Parquet input source '<Buffer>': Couldn't deserialize thrift: TProtocolException: Invalid data

2026-07-07 22:03:40,899 [INFO] src.corpus_acquisition.metadata_extractor: Saved crawl log -> data/raw/crawl_logs/peru21_2020-06-19.json (status=failed)
2026-07-07 22:03:40,901 [ERROR] src.corpus_acquisition.downloader: Skipping peru21 on 2020-06-20 due to unrecoverable error: Could not open Parquet input source '<Buffer>': Couldn't deserialize thrift: TProtocolException: Invalid data

2026-07-07 22:03:40,903 [INFO] src.corpus_acquisition.metadata_extractor: Saved crawl log -> data/raw/crawl_logs/peru21_2020-06-20.json (status=failed)
2026-07-07 22:03:40,904 [ERROR] src.corpus_acquisition.downloader: Skipping peru21 on 2020-06-21 due to unrecoverable error: Could not open Parquet input source '<Buffer>': Couldn't deserialize thrift: TProtocolException: Invalid data

2026-07-07 22:03:40,906 [INFO] src.corpus_acquisition.metadata_extractor: Saved crawl log -> data/raw/crawl_logs/peru21_2020-06-21.json (status=failed)
2026-07-07 22:03:40,907 [ERROR] src.corpus_acquisition.downloader: Skipping peru21 on 2020-06-22 due to unrecoverable error: Could not open Parquet input source '<Buffer>': Couldn't deserialize thrift: TProtocolException: Invalid data

2026-07-07 22:03:40,909 [INFO] src.corpus_acquisition.metadata_extractor: Saved crawl log -> data/raw/crawl_logs/peru21_2020-06-22.json (status=failed)
2026-07-07 22:03:40,910 [ERROR] src.corpus_acquisition.downloader: Skipping peru21 on 2020-06-23 due to unrecoverable error: Could not open Parquet input source '<Buffer>': Couldn't deserialize thrift: TProtocolException: Invalid data

2026-07-07 22:03:40,912 [INFO] src.corpus_acquisition.metadata_extractor: Saved crawl log -> data/raw/crawl_logs/peru21_2020-06-23.json (status=failed)
2026-07-07 22:03:40,913 [ERROR] src.corpus_acquisition.downloader: Skipping peru21 on 2020-06-24 due to unrecoverable error: Could not open Parquet input source '<Buffer>': Couldn't deserialize thrift: TProtocolException: Invalid data

2026-07-07 22:03:40,914 [INFO] src.corpus_acquisition.metadata_extractor: Saved crawl log -> data/raw/crawl_logs/peru21_2020-06-24.json (status=failed)
2026-07-07 22:03:40,915 [ERROR] src.corpus_acquisition.downloader: Skipping peru21 on 2020-06-25 due to unrecoverable error: Could not open Parquet input source '<Buffer>': Couldn't deserialize thrift: TProtocolException: Invalid data

2026-07-07 22:03:40,917 [INFO] src.corpus_acquisition.metadata_extractor: Saved crawl log -> data/raw/crawl_logs/peru21_2020-06-25.json (status=failed)
2026-07-07 22:03:40,919 [ERROR] src.corpus_acquisition.downloader: Skipping peru21 on 2020-06-26 due to unrecoverable error: Could not open Parquet input source '<Buffer>': Couldn't deserialize thrift: TProtocolException: Invalid data

2026-07-07 22:03:40,920 [INFO] src.corpus_acquisition.metadata_extractor: Saved crawl log -> data/raw/crawl_logs/peru21_2020-06-26.json (status=failed)
2026-07-07 22:03:40,922 [ERROR] src.corpus_acquisition.downloader: Skipping peru21 on 2020-06-27 due to unrecoverable error: Could not open Parquet input source '<Buffer>': Couldn't deserialize thrift: TProtocolException: Invalid data

2026-07-07 22:03:40,924 [INFO] src.corpus_acquisition.metadata_extractor: Saved crawl log -> data/raw/crawl_logs/peru21_2020-06-27.json (status=failed)
2026-07-07 22:03:40,925 [ERROR] src.corpus_acquisition.downloader: Skipping peru21 on 2020-06-28 due to unrecoverable error: Could not open Parquet input source '<Buffer>': Couldn't deserialize thrift: TProtocolException: Invalid data

2026-07-07 22:03:40,926 [INFO] src.corpus_acquisition.metadata_extractor: Saved crawl log -> data/raw/crawl_logs/peru21_2020-06-28.json (status=failed)
2026-07-07 22:03:40,928 [ERROR] src.corpus_acquisition.downloader: Skipping peru21 on 2020-06-29 due to unrecoverable error: Could not open Parquet input source '<Buffer>': Couldn't deserialize thrift: TProtocolException: Invalid data

2026-07-07 22:03:40,929 [INFO] src.corpus_acquisition.metadata_extractor: Saved crawl log -> data/raw/crawl_logs/peru21_2020-06-29.json (status=failed)
2026-07-07 22:03:40,930 [ERROR] src.corpus_acquisition.downloader: Skipping peru21 on 2020-06-30 due to unrecoverable error: Could not open Parquet input source '<Buffer>': Couldn't deserialize thrift: TProtocolException: Invalid data

2026-07-07 22:03:40,932 [INFO] src.corpus_acquisition.metadata_extractor: Saved crawl log -> data/raw/crawl_logs/peru21_2020-06-30.json (status=failed)
2026-07-07 22:03:40,933 [ERROR] src.corpus_acquisition.downloader: Skipping peru21 on 2020-07-01 due to unrecoverable error: Could not open Parquet input source '<Buffer>': Couldn't deserialize thrift: TProtocolException: Invalid data

2026-07-07 22:03:40,935 [INFO] src.corpus_acquisition.metadata_extractor: Saved crawl log -> data/raw/crawl_logs/peru21_2020-07-01.json (status=failed)
2026-07-07 22:03:40,937 [ERROR] src.corpus_acquisition.downloader: Skipping peru21 on 2020-07-02 due to unrecoverable error: Could not open Parquet input source '<Buffer>': Couldn't deserialize thrift: TProtocolException: Invalid data

2026-07-07 22:03:40,939 [INFO] src.corpus_acquisition.metadata_extractor: Saved crawl log -> data/raw/crawl_logs/peru21_2020-07-02.json (status=failed)
2026-07-07 22:03:40,940 [ERROR] src.corpus_acquisition.downloader: Skipping peru21 on 2020-07-03 due to unrecoverable error: Could not open Parquet input source '<Buffer>': Couldn't deserialize thrift: TProtocolException: Invalid data

2026-07-07 22:03:40,941 [INFO] src.corpus_acquisition.metadata_extractor: Saved crawl log -> data/raw/crawl_logs/peru21_2020-07-03.json (status=failed)
2026-07-07 22:03:40,943 [ERROR] src.corpus_acquisition.downloader: Skipping peru21 on 2020-07-04 due to unrecoverable error: Could not open Parquet input source '<Buffer>': Couldn't deserialize thrift: TProtocolException: Invalid data

2026-07-07 22:03:40,944 [INFO] src.corpus_acquisition.metadata_extractor: Saved crawl log -> data/raw/crawl_logs/peru21_2020-07-04.json (status=failed)
2026-07-07 22:03:40,945 [ERROR] src.corpus_acquisition.downloader: Skipping peru21 on 2020-07-05 due to unrecoverable error: Could not open Parquet input source '<Buffer>': Couldn't deserialize thrift: TProtocolException: Invalid data

2026-07-07 22:03:40,949 [INFO] src.corpus_acquisition.metadata_extractor: Saved crawl log -> data/raw/crawl_logs/peru21_2020-07-05.json (status=failed)
2026-07-07 22:03:40,950 [ERROR] src.corpus_acquisition.downloader: Skipping peru21 on 2020-07-06 due to unrecoverable error: Could not open Parquet input source '<Buffer>': Couldn't deserialize thrift: TProtocolException: Invalid data

2026-07-07 22:03:40,952 [INFO] src.corpus_acquisition.metadata_extractor: Saved crawl log -> data/raw/crawl_logs/peru21_2020-07-06.json (status=failed)
2026-07-07 22:03:40,954 [ERROR] src.corpus_acquisition.downloader: Skipping peru21 on 2020-07-07 due to unrecoverable error: Could not open Parquet input source '<Buffer>': Couldn't deserialize thrift: TProtocolException: Invalid data

2026-07-07 22:03:40,957 [INFO] src.corpus_acquisition.metadata_extractor: Saved crawl log -> data/raw/crawl_logs/peru21_2020-07-07.json (status=failed)
2026-07-07 22:03:40,958 [ERROR] src.corpus_acquisition.downloader: Skipping peru21 on 2020-07-08 due to unrecoverable error: Could not open Parquet input source '<Buffer>': Couldn't deserialize thrift: TProtocolException: Invalid data

2026-07-07 22:03:40,960 [INFO] src.corpus_acquisition.metadata_extractor: Saved crawl log -> data/raw/crawl_logs/peru21_2020-07-08.json (status=failed)
2026-07-07 22:03:40,961 [ERROR] src.corpus_acquisition.downloader: Skipping peru21 on 2020-07-09 due to unrecoverable error: Could not open Parquet input source '<Buffer>': Couldn't deserialize thrift: TProtocolException: Invalid data

2026-07-07 22:03:40,962 [INFO] src.corpus_acquisition.metadata_extractor: Saved crawl log -> data/raw/crawl_logs/peru21_2020-07-09.json (status=failed)
2026-07-07 22:03:40,963 [ERROR] src.corpus_acquisition.downloader: Skipping peru21 on 2020-07-10 due to unrecoverable error: Could not open Parquet input source '<Buffer>': Couldn't deserialize thrift: TProtocolException: Invalid data

2026-07-07 22:03:40,965 [INFO] src.corpus_acquisition.metadata_extractor: Saved crawl log -> data/raw/crawl_logs/peru21_2020-07-10.json (status=failed)
2026-07-07 22:03:40,966 [ERROR] src.corpus_acquisition.downloader: Skipping peru21 on 2020-07-11 due to unrecoverable error: Could not open Parquet input source '<Buffer>': Couldn't deserialize thrift: TProtocolException: Invalid data

2026-07-07 22:03:40,968 [INFO] src.corpus_acquisition.metadata_extractor: Saved crawl log -> data/raw/crawl_logs/peru21_2020-07-11.json (status=failed)
2026-07-07 22:03:40,969 [ERROR] src.corpus_acquisition.downloader: Skipping peru21 on 2020-07-12 due to unrecoverable error: Could not open Parquet input source '<Buffer>': Couldn't deserialize thrift: TProtocolException: Invalid data

2026-07-07 22:03:40,971 [INFO] src.corpus_acquisition.metadata_extractor: Saved crawl log -> data/raw/crawl_logs/peru21_2020-07-12.json (status=failed)
2026-07-07 22:03:40,972 [ERROR] src.corpus_acquisition.downloader: Skipping peru21 on 2020-07-13 due to unrecoverable error: Could not open Parquet input source '<Buffer>': Couldn't deserialize thrift: TProtocolException: Invalid data

2026-07-07 22:03:40,974 [INFO] src.corpus_acquisition.metadata_extractor: Saved crawl log -> data/raw/crawl_logs/peru21_2020-07-13.json (status=failed)
2026-07-07 22:03:40,975 [ERROR] src.corpus_acquisition.downloader: Skipping peru21 on 2020-07-14 due to unrecoverable error: Could not open Parquet input source '<Buffer>': Couldn't deserialize thrift: TProtocolException: Invalid data

2026-07-07 22:03:40,976 [INFO] src.corpus_acquisition.metadata_extractor: Saved crawl log -> data/raw/crawl_logs/peru21_2020-07-14.json (status=failed)
2026-07-07 22:03:40,977 [ERROR] src.corpus_acquisition.downloader: Skipping peru21 on 2020-07-15 due to unrecoverable error: Could not open Parquet input source '<Buffer>': Couldn't deserialize thrift: TProtocolException: Invalid data

2026-07-07 22:03:40,979 [INFO] src.corpus_acquisition.metadata_extractor: Saved crawl log -> data/raw/crawl_logs/peru21_2020-07-15.json (status=failed)
2026-07-07 22:03:40,980 [ERROR] src.corpus_acquisition.downloader: Skipping peru21 on 2020-07-16 due to unrecoverable error: Could not open Parquet input source '<Buffer>': Couldn't deserialize thrift: TProtocolException: Invalid data

2026-07-07 22:03:40,982 [INFO] src.corpus_acquisition.metadata_extractor: Saved crawl log -> data/raw/crawl_logs/peru21_2020-07-16.json (status=failed)
2026-07-07 22:03:40,983 [ERROR] src.corpus_acquisition.downloader: Skipping peru21 on 2020-07-17 due to unrecoverable error: Could not open Parquet input source '<Buffer>': Couldn't deserialize thrift: TProtocolException: Invalid data

2026-07-07 22:03:40,986 [INFO] src.corpus_acquisition.metadata_extractor: Saved crawl log -> data/raw/crawl_logs/peru21_2020-07-17.json (status=failed)
2026-07-07 22:03:40,988 [ERROR] src.corpus_acquisition.downloader: Skipping peru21 on 2020-07-18 due to unrecoverable error: Could not open Parquet input source '<Buffer>': Couldn't deserialize thrift: TProtocolException: Invalid data

2026-07-07 22:03:40,990 [INFO] src.corpus_acquisition.metadata_extractor: Saved crawl log -> data/raw/crawl_logs/peru21_2020-07-18.json (status=failed)
2026-07-07 22:03:40,991 [ERROR] src.corpus_acquisition.downloader: Skipping peru21 on 2020-07-19 due to unrecoverable error: Could not open Parquet input source '<Buffer>': Couldn't deserialize thrift: TProtocolException: Invalid data

2026-07-07 22:03:40,992 [INFO] src.corpus_acquisition.metadata_extractor: Saved crawl log -> data/raw/crawl_logs/peru21_2020-07-19.json (status=failed)
2026-07-07 22:03:40,993 [ERROR] src.corpus_acquisition.downloader: Skipping peru21 on 2020-07-20 due to unrecoverable error: Could not open Parquet input source '<Buffer>': Couldn't deserialize thrift: TProtocolException: Invalid data

2026-07-07 22:03:40,995 [INFO] src.corpus_acquisition.metadata_extractor: Saved crawl log -> data/raw/crawl_logs/peru21_2020-07-20.json (status=failed)
2026-07-07 22:03:40,996 [ERROR] src.corpus_acquisition.downloader: Skipping peru21 on 2020-07-21 due to unrecoverable error: Could not open Parquet input source '<Buffer>': Couldn't deserialize thrift: TProtocolException: Invalid data

2026-07-07 22:03:40,998 [INFO] src.corpus_acquisition.metadata_extractor: Saved crawl log -> data/raw/crawl_logs/peru21_2020-07-21.json (status=failed)
2026-07-07 22:03:40,999 [ERROR] src.corpus_acquisition.downloader: Skipping peru21 on 2020-07-22 due to unrecoverable error: Could not open Parquet input source '<Buffer>': Couldn't deserialize thrift: TProtocolException: Invalid data

2026-07-07 22:03:41,000 [INFO] src.corpus_acquisition.metadata_extractor: Saved crawl log -> data/raw/crawl_logs/peru21_2020-07-22.json (status=failed)
2026-07-07 22:03:41,002 [ERROR] src.corpus_acquisition.downloader: Skipping peru21 on 2020-07-23 due to unrecoverable error: Could not open Parquet input source '<Buffer>': Couldn't deserialize thrift: TProtocolException: Invalid data

2026-07-07 22:03:41,004 [INFO] src.corpus_acquisition.metadata_extractor: Saved crawl log -> data/raw/crawl_logs/peru21_2020-07-23.json (status=failed)
2026-07-07 22:03:41,005 [ERROR] src.corpus_acquisition.downloader: Skipping peru21 on 2020-07-24 due to unrecoverable error: Could not open Parquet input source '<Buffer>': Couldn't deserialize thrift: TProtocolException: Invalid data

2026-07-07 22:03:41,007 [INFO] src.corpus_acquisition.metadata_extractor: Saved crawl log -> data/raw/crawl_logs/peru21_2020-07-24.json (status=failed)
2026-07-07 22:03:41,008 [ERROR] src.corpus_acquisition.downloader: Skipping peru21 on 2020-07-25 due to unrecoverable error: Could not open Parquet input source '<Buffer>': Couldn't deserialize thrift: TProtocolException: Invalid data

2026-07-07 22:03:41,010 [INFO] src.corpus_acquisition.metadata_extractor: Saved crawl log -> data/raw/crawl_logs/peru21_2020-07-25.json (status=failed)
2026-07-07 22:03:41,011 [ERROR] src.corpus_acquisition.downloader: Skipping peru21 on 2020-07-26 due to unrecoverable error: Could not open Parquet input source '<Buffer>': Couldn't deserialize thrift: TProtocolException: Invalid data

2026-07-07 22:03:41,012 [INFO] src.corpus_acquisition.metadata_extractor: Saved crawl log -> data/raw/crawl_logs/peru21_2020-07-26.json (status=failed)
2026-07-07 22:03:41,013 [ERROR] src.corpus_acquisition.downloader: Skipping peru21 on 2020-07-27 due to unrecoverable error: Could not open Parquet input source '<Buffer>': Couldn't deserialize thrift: TProtocolException: Invalid data

2026-07-07 22:03:41,016 [INFO] src.corpus_acquisition.metadata_extractor: Saved crawl log -> data/raw/crawl_logs/peru21_2020-07-27.json (status=failed)
2026-07-07 22:03:41,018 [ERROR] src.corpus_acquisition.downloader: Skipping peru21 on 2020-07-28 due to unrecoverable error: Could not open Parquet input source '<Buffer>': Couldn't deserialize thrift: TProtocolException: Invalid data

2026-07-07 22:03:41,020 [INFO] src.corpus_acquisition.metadata_extractor: Saved crawl log -> data/raw/crawl_logs/peru21_2020-07-28.json (status=failed)
2026-07-07 22:03:41,021 [ERROR] src.corpus_acquisition.downloader: Skipping peru21 on 2020-07-29 due to unrecoverable error: Could not open Parquet input source '<Buffer>': Couldn't deserialize thrift: TProtocolException: Invalid data

2026-07-07 22:03:41,023 [INFO] src.corpus_acquisition.metadata_extractor: Saved crawl log -> data/raw/crawl_logs/peru21_2020-07-29.json (status=failed)
2026-07-07 22:03:41,024 [ERROR] src.corpus_acquisition.downloader: Skipping peru21 on 2020-07-30 due to unrecoverable error: Could not open Parquet input source '<Buffer>': Couldn't deserialize thrift: TProtocolException: Invalid data

2026-07-07 22:03:41,026 [INFO] src.corpus_acquisition.metadata_extractor: Saved crawl log -> data/raw/crawl_logs/peru21_2020-07-30.json (status=failed)
2026-07-07 22:03:41,027 [ERROR] src.corpus_acquisition.downloader: Skipping peru21 on 2020-07-31 due to unrecoverable error: Could not open Parquet input source '<Buffer>': Couldn't deserialize thrift: TProtocolException: Invalid data

2026-07-07 22:03:41,028 [INFO] src.corpus_acquisition.metadata_extractor: Saved crawl log -> data/raw/crawl_logs/peru21_2020-07-31.json (status=failed)
2026-07-07 22:03:41,029 [ERROR] src.corpus_acquisition.downloader: Skipping peru21 on 2020-08-01 due to unrecoverable error: Could not open Parquet input source '<Buffer>': Couldn't deserialize thrift: TProtocolException: Invalid data

2026-07-07 22:03:41,031 [INFO] src.corpus_acquisition.metadata_extractor: Saved crawl log -> data/raw/crawl_logs/peru21_2020-08-01.json (status=failed)
2026-07-07 22:03:41,032 [ERROR] src.corpus_acquisition.downloader: Skipping peru21 on 2020-08-02 due to unrecoverable error: Could not open Parquet input source '<Buffer>': Couldn't deserialize thrift: TProtocolException: Invalid data

2026-07-07 22:03:41,035 [INFO] src.corpus_acquisition.metadata_extractor: Saved crawl log -> data/raw/crawl_logs/peru21_2020-08-02.json (status=failed)
2026-07-07 22:03:41,036 [ERROR] src.corpus_acquisition.downloader: Skipping peru21 on 2020-08-03 due to unrecoverable error: Could not open Parquet input source '<Buffer>': Couldn't deserialize thrift: TProtocolException: Invalid data

2026-07-07 22:03:41,038 [INFO] src.corpus_acquisition.metadata_extractor: Saved crawl log -> data/raw/crawl_logs/peru21_2020-08-03.json (status=failed)
2026-07-07 22:03:41,040 [ERROR] src.corpus_acquisition.downloader: Skipping peru21 on 2020-08-04 due to unrecoverable error: Could not open Parquet input source '<Buffer>': Couldn't deserialize thrift: TProtocolException: Invalid data

2026-07-07 22:03:41,041 [INFO] src.corpus_acquisition.metadata_extractor: Saved crawl log -> data/raw/crawl_logs/peru21_2020-08-04.json (status=failed)
2026-07-07 22:03:41,042 [ERROR] src.corpus_acquisition.downloader: Skipping peru21 on 2020-08-05 due to unrecoverable error: Could not open Parquet input source '<Buffer>': Couldn't deserialize thrift: TProtocolException: Invalid data

2026-07-07 22:03:41,044 [INFO] src.corpus_acquisition.metadata_extractor: Saved crawl log -> data/raw/crawl_logs/peru21_2020-08-05.json (status=failed)
2026-07-07 22:03:41,045 [ERROR] src.corpus_acquisition.downloader: Skipping peru21 on 2020-08-06 due to unrecoverable error: Could not open Parquet input source '<Buffer>': Couldn't deserialize thrift: TProtocolException: Invalid data

2026-07-07 22:03:41,046 [INFO] src.corpus_acquisition.metadata_extractor: Saved crawl log -> data/raw/crawl_logs/peru21_2020-08-06.json (status=failed)
2026-07-07 22:03:41,047 [ERROR] src.corpus_acquisition.downloader: Skipping peru21 on 2020-08-07 due to unrecoverable error: Could not open Parquet input source '<Buffer>': Couldn't deserialize thrift: TProtocolException: Invalid data

2026-07-07 22:03:41,049 [INFO] src.corpus_acquisition.metadata_extractor: Saved crawl log -> data/raw/crawl_logs/peru21_2020-08-07.json (status=failed)
2026-07-07 22:03:41,050 [ERROR] src.corpus_acquisition.downloader: Skipping peru21 on 2020-08-08 due to unrecoverable error: Could not open Parquet input source '<Buffer>': Couldn't deserialize thrift: TProtocolException: Invalid data

2026-07-07 22:03:41,052 [INFO] src.corpus_acquisition.metadata_extractor: Saved crawl log -> data/raw/crawl_logs/peru21_2020-08-08.json (status=failed)
2026-07-07 22:03:41,054 [ERROR] src.corpus_acquisition.downloader: Skipping peru21 on 2020-08-09 due to unrecoverable error: Could not open Parquet input source '<Buffer>': Couldn't deserialize thrift: TProtocolException: Invalid data

2026-07-07 22:03:41,056 [INFO] src.corpus_acquisition.metadata_extractor: Saved crawl log -> data/raw/crawl_logs/peru21_2020-08-09.json (status=failed)
2026-07-07 22:03:41,057 [ERROR] src.corpus_acquisition.downloader: Skipping peru21 on 2020-08-10 due to unrecoverable error: Could not open Parquet input source '<Buffer>': Couldn't deserialize thrift: TProtocolException: Invalid data

2026-07-07 22:03:41,059 [INFO] src.corpus_acquisition.metadata_extractor: Saved crawl log -> data/raw/crawl_logs/peru21_2020-08-10.json (status=failed)
2026-07-07 22:03:41,060 [ERROR] src.corpus_acquisition.downloader: Skipping peru21 on 2020-08-11 due to unrecoverable error: Could not open Parquet input source '<Buffer>': Couldn't deserialize thrift: TProtocolException: Invalid data

2026-07-07 22:03:41,061 [INFO] src.corpus_acquisition.metadata_extractor: Saved crawl log -> data/raw/crawl_logs/peru21_2020-08-11.json (status=failed)
2026-07-07 22:03:41,062 [ERROR] src.corpus_acquisition.downloader: Skipping peru21 on 2020-08-12 due to unrecoverable error: Could not open Parquet input source '<Buffer>': Couldn't deserialize thrift: TProtocolException: Invalid data

2026-07-07 22:03:41,064 [INFO] src.corpus_acquisition.metadata_extractor: Saved crawl log -> data/raw/crawl_logs/peru21_2020-08-12.json (status=failed)
2026-07-07 22:03:41,065 [ERROR] src.corpus_acquisition.downloader: Skipping peru21 on 2020-08-13 due to unrecoverable error: Could not open Parquet input source '<Buffer>': Couldn't deserialize thrift: TProtocolException: Invalid data

2026-07-07 22:03:41,066 [INFO] src.corpus_acquisition.metadata_extractor: Saved crawl log -> data/raw/crawl_logs/peru21_2020-08-13.json (status=failed)
2026-07-07 22:03:41,068 [ERROR] src.corpus_acquisition.downloader: Skipping peru21 on 2020-08-14 due to unrecoverable error: Could not open Parquet input source '<Buffer>': Couldn't deserialize thrift: TProtocolException: Invalid data

2026-07-07 22:03:41,070 [INFO] src.corpus_acquisition.metadata_extractor: Saved crawl log -> data/raw/crawl_logs/peru21_2020-08-14.json (status=failed)
2026-07-07 22:03:41,071 [ERROR] src.corpus_acquisition.downloader: Skipping peru21 on 2020-08-15 due to unrecoverable error: Could not open Parquet input source '<Buffer>': Couldn't deserialize thrift: TProtocolException: Invalid data

2026-07-07 22:03:41,073 [INFO] src.corpus_acquisition.metadata_extractor: Saved crawl log -> data/raw/crawl_logs/peru21_2020-08-15.json (status=failed)
2026-07-07 22:03:41,074 [ERROR] src.corpus_acquisition.downloader: Skipping peru21 on 2020-08-16 due to unrecoverable error: Could not open Parquet input source '<Buffer>': Couldn't deserialize thrift: TProtocolException: Invalid data

2026-07-07 22:03:41,076 [INFO] src.corpus_acquisition.metadata_extractor: Saved crawl log -> data/raw/crawl_logs/peru21_2020-08-16.json (status=failed)
2026-07-07 22:03:41,077 [ERROR] src.corpus_acquisition.downloader: Skipping peru21 on 2020-08-17 due to unrecoverable error: Could not open Parquet input source '<Buffer>': Couldn't deserialize thrift: TProtocolException: Invalid data

2026-07-07 22:03:41,078 [INFO] src.corpus_acquisition.metadata_extractor: Saved crawl log -> data/raw/crawl_logs/peru21_2020-08-17.json (status=failed)
2026-07-07 22:03:41,079 [ERROR] src.corpus_acquisition.downloader: Skipping peru21 on 2020-08-18 due to unrecoverable error: Could not open Parquet input source '<Buffer>': Couldn't deserialize thrift: TProtocolException: Invalid data

2026-07-07 22:03:41,086 [INFO] src.corpus_acquisition.metadata_extractor: Saved crawl log -> data/raw/crawl_logs/peru21_2020-08-18.json (status=failed)
2026-07-07 22:03:41,087 [ERROR] src.corpus_acquisition.downloader: Skipping peru21 on 2020-08-19 due to unrecoverable error: Could not open Parquet input source '<Buffer>': Couldn't deserialize thrift: TProtocolException: Invalid data

2026-07-07 22:03:41,091 [INFO] src.corpus_acquisition.metadata_extractor: Saved crawl log -> data/raw/crawl_logs/peru21_2020-08-19.json (status=failed)
2026-07-07 22:03:41,092 [ERROR] src.corpus_acquisition.downloader: Skipping peru21 on 2020-08-20 due to unrecoverable error: Could not open Parquet input source '<Buffer>': Couldn't deserialize thrift: TProtocolException: Invalid data

2026-07-07 22:03:41,097 [INFO] src.corpus_acquisition.metadata_extractor: Saved crawl log -> data/raw/crawl_logs/peru21_2020-08-20.json (status=failed)
2026-07-07 22:03:41,098 [ERROR] src.corpus_acquisition.downloader: Skipping peru21 on 2020-08-21 due to unrecoverable error: Could not open Parquet input source '<Buffer>': Couldn't deserialize thrift: TProtocolException: Invalid data

2026-07-07 22:03:41,103 [INFO] src.corpus_acquisition.metadata_extractor: Saved crawl log -> data/raw/crawl_logs/peru21_2020-08-21.json (status=failed)
2026-07-07 22:03:41,104 [ERROR] src.corpus_acquisition.downloader: Skipping peru21 on 2020-08-22 due to unrecoverable error: Could not open Parquet input source '<Buffer>': Couldn't deserialize thrift: TProtocolException: Invalid data

2026-07-07 22:03:41,110 [INFO] src.corpus_acquisition.metadata_extractor: Saved crawl log -> data/raw/crawl_logs/peru21_2020-08-22.json (status=failed)
2026-07-07 22:03:41,111 [ERROR] src.corpus_acquisition.downloader: Skipping peru21 on 2020-08-23 due to unrecoverable error: Could not open Parquet input source '<Buffer>': Couldn't deserialize thrift: TProtocolException: Invalid data

2026-07-07 22:03:41,119 [INFO] src.corpus_acquisition.metadata_extractor: Saved crawl log -> data/raw/crawl_logs/peru21_2020-08-23.json (status=failed)
2026-07-07 22:03:41,120 [ERROR] src.corpus_acquisition.downloader: Skipping peru21 on 2020-08-24 due to unrecoverable error: Could not open Parquet input source '<Buffer>': Couldn't deserialize thrift: TProtocolException: Invalid data

2026-07-07 22:03:41,122 [INFO] src.corpus_acquisition.metadata_extractor: Saved crawl log -> data/raw/crawl_logs/peru21_2020-08-24.json (status=failed)
2026-07-07 22:03:41,124 [ERROR] src.corpus_acquisition.downloader: Skipping peru21 on 2020-08-25 due to unrecoverable error: Could not open Parquet input source '<Buffer>': Couldn't deserialize thrift: TProtocolException: Invalid data

2026-07-07 22:03:41,127 [INFO] src.corpus_acquisition.metadata_extractor: Saved crawl log -> data/raw/crawl_logs/peru21_2020-08-25.json (status=failed)
2026-07-07 22:03:41,129 [ERROR] src.corpus_acquisition.downloader: Skipping peru21 on 2020-08-26 due to unrecoverable error: Could not open Parquet input source '<Buffer>': Couldn't deserialize thrift: TProtocolException: Invalid data

2026-07-07 22:03:41,131 [INFO] src.corpus_acquisition.metadata_extractor: Saved crawl log -> data/raw/crawl_logs/peru21_2020-08-26.json (status=failed)
2026-07-07 22:03:41,132 [ERROR] src.corpus_acquisition.downloader: Skipping peru21 on 2020-08-27 due to unrecoverable error: Could not open Parquet input source '<Buffer>': Couldn't deserialize thrift: TProtocolException: Invalid data

2026-07-07 22:03:41,134 [INFO] src.corpus_acquisition.metadata_extractor: Saved crawl log -> data/raw/crawl_logs/peru21_2020-08-27.json (status=failed)
2026-07-07 22:03:41,136 [ERROR] src.corpus_acquisition.downloader: Skipping peru21 on 2020-08-28 due to unrecoverable error: Could not open Parquet input source '<Buffer>': Couldn't deserialize thrift: TProtocolException: Invalid data

2026-07-07 22:03:41,138 [INFO] src.corpus_acquisition.metadata_extractor: Saved crawl log -> data/raw/crawl_logs/peru21_2020-08-28.json (status=failed)
2026-07-07 22:03:41,139 [ERROR] src.corpus_acquisition.downloader: Skipping peru21 on 2020-08-29 due to unrecoverable error: Could not open Parquet input source '<Buffer>': Couldn't deserialize thrift: TProtocolException: Invalid data

2026-07-07 22:03:41,141 [INFO] src.corpus_acquisition.metadata_extractor: Saved crawl log -> data/raw/crawl_logs/peru21_2020-08-29.json (status=failed)
2026-07-07 22:03:41,142 [ERROR] src.corpus_acquisition.downloader: Skipping peru21 on 2020-08-30 due to unrecoverable error: Could not open Parquet input source '<Buffer>': Couldn't deserialize thrift: TProtocolException: Invalid data

2026-07-07 22:03:41,144 [INFO] src.corpus_acquisition.metadata_extractor: Saved crawl log -> data/raw/crawl_logs/peru21_2020-08-30.json (status=failed)
2026-07-07 22:03:41,146 [ERROR] src.corpus_acquisition.downloader: Skipping peru21 on 2020-08-31 due to unrecoverable error: Could not open Parquet input source '<Buffer>': Couldn't deserialize thrift: TProtocolException: Invalid data

2026-07-07 22:03:41,148 [INFO] src.corpus_acquisition.metadata_extractor: Saved crawl log -> data/raw/crawl_logs/peru21_2020-08-31.json (status=failed)
2026-07-07 22:03:41,149 [ERROR] src.corpus_acquisition.downloader: Skipping peru21 on 2020-09-01 due to unrecoverable error: Could not open Parquet input source '<Buffer>': Couldn't deserialize thrift: TProtocolException: Invalid data

2026-07-07 22:03:41,151 [INFO] src.corpus_acquisition.metadata_extractor: Saved crawl log -> data/raw/crawl_logs/peru21_2020-09-01.json (status=failed)
2026-07-07 22:03:41,152 [ERROR] src.corpus_acquisition.downloader: Skipping peru21 on 2020-09-02 due to unrecoverable error: Could not open Parquet input source '<Buffer>': Couldn't deserialize thrift: TProtocolException: Invalid data

2026-07-07 22:03:41,154 [INFO] src.corpus_acquisition.metadata_extractor: Saved crawl log -> data/raw/crawl_logs/peru21_2020-09-02.json (status=failed)
2026-07-07 22:03:41,156 [ERROR] src.corpus_acquisition.downloader: Skipping peru21 on 2020-09-03 due to unrecoverable error: Could not open Parquet input source '<Buffer>': Couldn't deserialize thrift: TProtocolException: Invalid data

2026-07-07 22:03:41,158 [INFO] src.corpus_acquisition.metadata_extractor: Saved crawl log -> data/raw/crawl_logs/peru21_2020-09-03.json (status=failed)
2026-07-07 22:03:41,159 [ERROR] src.corpus_acquisition.downloader: Skipping peru21 on 2020-09-04 due to unrecoverable error: Could not open Parquet input source '<Buffer>': Couldn't deserialize thrift: TProtocolException: Invalid data

2026-07-07 22:03:41,163 [INFO] src.corpus_acquisition.metadata_extractor: Saved crawl log -> data/raw/crawl_logs/peru21_2020-09-04.json (status=failed)
2026-07-07 22:03:41,164 [ERROR] src.corpus_acquisition.downloader: Skipping peru21 on 2020-09-05 due to unrecoverable error: Could not open Parquet input source '<Buffer>': Couldn't deserialize thrift: TProtocolException: Invalid data

2026-07-07 22:03:41,166 [INFO] src.corpus_acquisition.metadata_extractor: Saved crawl log -> data/raw/crawl_logs/peru21_2020-09-05.json (status=failed)
2026-07-07 22:03:41,168 [ERROR] src.corpus_acquisition.downloader: Skipping peru21 on 2020-09-06 due to unrecoverable error: Could not open Parquet input source '<Buffer>': Couldn't deserialize thrift: TProtocolException: Invalid data

2026-07-07 22:03:41,170 [INFO] src.corpus_acquisition.metadata_extractor: Saved crawl log -> data/raw/crawl_logs/peru21_2020-09-06.json (status=failed)
2026-07-07 22:03:41,171 [ERROR] src.corpus_acquisition.downloader: Skipping peru21 on 2020-09-07 due to unrecoverable error: Could not open Parquet input source '<Buffer>': Couldn't deserialize thrift: TProtocolException: Invalid data

2026-07-07 22:03:41,174 [INFO] src.corpus_acquisition.metadata_extractor: Saved crawl log -> data/raw/crawl_logs/peru21_2020-09-07.json (status=failed)
2026-07-07 22:03:41,175 [ERROR] src.corpus_acquisition.downloader: Skipping peru21 on 2020-09-08 due to unrecoverable error: Could not open Parquet input source '<Buffer>': Couldn't deserialize thrift: TProtocolException: Invalid data

2026-07-07 22:03:41,177 [INFO] src.corpus_acquisition.metadata_extractor: Saved crawl log -> data/raw/crawl_logs/peru21_2020-09-08.json (status=failed)
2026-07-07 22:03:41,178 [ERROR] src.corpus_acquisition.downloader: Skipping peru21 on 2020-09-09 due to unrecoverable error: Could not open Parquet input source '<Buffer>': Couldn't deserialize thrift: TProtocolException: Invalid data

2026-07-07 22:03:41,180 [INFO] src.corpus_acquisition.metadata_extractor: Saved crawl log -> data/raw/crawl_logs/peru21_2020-09-09.json (status=failed)
2026-07-07 22:03:41,181 [ERROR] src.corpus_acquisition.downloader: Skipping peru21 on 2020-09-10 due to unrecoverable error: Could not open Parquet input source '<Buffer>': Couldn't deserialize thrift: TProtocolException: Invalid data

2026-07-07 22:03:41,183 [INFO] src.corpus_acquisition.metadata_extractor: Saved crawl log -> data/raw/crawl_logs/peru21_2020-09-10.json (status=failed)
2026-07-07 22:03:41,185 [ERROR] src.corpus_acquisition.downloader: Skipping peru21 on 2020-09-11 due to unrecoverable error: Could not open Parquet input source '<Buffer>': Couldn't deserialize thrift: TProtocolException: Invalid data

2026-07-07 22:03:41,188 [INFO] src.corpus_acquisition.metadata_extractor: Saved crawl log -> data/raw/crawl_logs/peru21_2020-09-11.json (status=failed)
2026-07-07 22:03:41,189 [ERROR] src.corpus_acquisition.downloader: Skipping peru21 on 2020-09-12 due to unrecoverable error: Could not open Parquet input source '<Buffer>': Couldn't deserialize thrift: TProtocolException: Invalid data

2026-07-07 22:03:41,191 [INFO] src.corpus_acquisition.metadata_extractor: Saved crawl log -> data/raw/crawl_logs/peru21_2020-09-12.json (status=failed)
2026-07-07 22:03:41,192 [ERROR] src.corpus_acquisition.downloader: Skipping peru21 on 2020-09-13 due to unrecoverable error: Could not open Parquet input source '<Buffer>': Couldn't deserialize thrift: TProtocolException: Invalid data

2026-07-07 22:03:41,198 [INFO] src.corpus_acquisition.metadata_extractor: Saved crawl log -> data/raw/crawl_logs/peru21_2020-09-13.json (status=failed)
2026-07-07 22:03:41,199 [ERROR] src.corpus_acquisition.downloader: Skipping peru21 on 2020-09-14 due to unrecoverable error: Could not open Parquet input source '<Buffer>': Couldn't deserialize thrift: TProtocolException: Invalid data

2026-07-07 22:03:41,201 [INFO] src.corpus_acquisition.metadata_extractor: Saved crawl log -> data/raw/crawl_logs/peru21_2020-09-14.json (status=failed)
2026-07-07 22:03:41,202 [ERROR] src.corpus_acquisition.downloader: Skipping peru21 on 2020-09-15 due to unrecoverable error: Could not open Parquet input source '<Buffer>': Couldn't deserialize thrift: TProtocolException: Invalid data

2026-07-07 22:03:41,205 [INFO] src.corpus_acquisition.metadata_extractor: Saved crawl log -> data/raw/crawl_logs/peru21_2020-09-15.json (status=failed)
2026-07-07 22:03:41,206 [ERROR] src.corpus_acquisition.downloader: Skipping peru21 on 2020-09-16 due to unrecoverable error: Could not open Parquet input source '<Buffer>': Couldn't deserialize thrift: TProtocolException: Invalid data

2026-07-07 22:03:41,208 [INFO] src.corpus_acquisition.metadata_extractor: Saved crawl log -> data/raw/crawl_logs/peru21_2020-09-16.json (status=failed)
2026-07-07 22:03:41,210 [ERROR] src.corpus_acquisition.downloader: Skipping peru21 on 2020-09-17 due to unrecoverable error: Could not open Parquet input source '<Buffer>': Couldn't deserialize thrift: TProtocolException: Invalid data

2026-07-07 22:03:41,212 [INFO] src.corpus_acquisition.metadata_extractor: Saved crawl log -> data/raw/crawl_logs/peru21_2020-09-17.json (status=failed)
2026-07-07 22:03:41,213 [ERROR] src.corpus_acquisition.downloader: Skipping peru21 on 2020-09-18 due to unrecoverable error: Could not open Parquet input source '<Buffer>': Couldn't deserialize thrift: TProtocolException: Invalid data

2026-07-07 22:03:41,215 [INFO] src.corpus_acquisition.metadata_extractor: Saved crawl log -> data/raw/crawl_logs/peru21_2020-09-18.json (status=failed)
2026-07-07 22:03:41,216 [ERROR] src.corpus_acquisition.downloader: Skipping peru21 on 2020-09-19 due to unrecoverable error: Could not open Parquet input source '<Buffer>': Couldn't deserialize thrift: TProtocolException: Invalid data

2026-07-07 22:03:41,218 [INFO] src.corpus_acquisition.metadata_extractor: Saved crawl log -> data/raw/crawl_logs/peru21_2020-09-19.json (status=failed)
2026-07-07 22:03:41,220 [ERROR] src.corpus_acquisition.downloader: Skipping peru21 on 2020-09-20 due to unrecoverable error: Could not open Parquet input source '<Buffer>': Couldn't deserialize thrift: TProtocolException: Invalid data

2026-07-07 22:03:41,222 [INFO] src.corpus_acquisition.metadata_extractor: Saved crawl log -> data/raw/crawl_logs/peru21_2020-09-20.json (status=failed)
2026-07-07 22:03:41,224 [ERROR] src.corpus_acquisition.downloader: Skipping peru21 on 2020-09-21 due to unrecoverable error: Could not open Parquet input source '<Buffer>': Couldn't deserialize thrift: TProtocolException: Invalid data

2026-07-07 22:03:41,226 [INFO] src.corpus_acquisition.metadata_extractor: Saved crawl log -> data/raw/crawl_logs/peru21_2020-09-21.json (status=failed)
2026-07-07 22:03:41,228 [ERROR] src.corpus_acquisition.downloader: Skipping peru21 on 2020-09-22 due to unrecoverable error: Could not open Parquet input source '<Buffer>': Couldn't deserialize thrift: TProtocolException: Invalid data

2026-07-07 22:03:41,234 [INFO] src.corpus_acquisition.metadata_extractor: Saved crawl log -> data/raw/crawl_logs/peru21_2020-09-22.json (status=failed)
2026-07-07 22:03:41,235 [ERROR] src.corpus_acquisition.downloader: Skipping peru21 on 2020-09-23 due to unrecoverable error: Could not open Parquet input source '<Buffer>': Couldn't deserialize thrift: TProtocolException: Invalid data

2026-07-07 22:03:41,237 [INFO] src.corpus_acquisition.metadata_extractor: Saved crawl log -> data/raw/crawl_logs/peru21_2020-09-23.json (status=failed)
2026-07-07 22:03:41,239 [ERROR] src.corpus_acquisition.downloader: Skipping peru21 on 2020-09-24 due to unrecoverable error: Could not open Parquet input source '<Buffer>': Couldn't deserialize thrift: TProtocolException: Invalid data

2026-07-07 22:03:41,241 [INFO] src.corpus_acquisition.metadata_extractor: Saved crawl log -> data/raw/crawl_logs/peru21_2020-09-24.json (status=failed)
2026-07-07 22:03:41,242 [ERROR] src.corpus_acquisition.downloader: Skipping peru21 on 2020-09-25 due to unrecoverable error: Could not open Parquet input source '<Buffer>': Couldn't deserialize thrift: TProtocolException: Invalid data

2026-07-07 22:03:41,245 [INFO] src.corpus_acquisition.metadata_extractor: Saved crawl log -> data/raw/crawl_logs/peru21_2020-09-25.json (status=failed)
2026-07-07 22:03:41,247 [ERROR] src.corpus_acquisition.downloader: Skipping peru21 on 2020-09-26 due to unrecoverable error: Could not open Parquet input source '<Buffer>': Couldn't deserialize thrift: TProtocolException: Invalid data

2026-07-07 22:03:41,249 [INFO] src.corpus_acquisition.metadata_extractor: Saved crawl log -> data/raw/crawl_logs/peru21_2020-09-26.json (status=failed)
2026-07-07 22:03:41,251 [ERROR] src.corpus_acquisition.downloader: Skipping peru21 on 2020-09-27 due to unrecoverable error: Could not open Parquet input source '<Buffer>': Couldn't deserialize thrift: TProtocolException: Invalid data

2026-07-07 22:03:41,253 [INFO] src.corpus_acquisition.metadata_extractor: Saved crawl log -> data/raw/crawl_logs/peru21_2020-09-27.json (status=failed)
2026-07-07 22:03:41,254 [ERROR] src.corpus_acquisition.downloader: Skipping peru21 on 2020-09-28 due to unrecoverable error: Could not open Parquet input source '<Buffer>': Couldn't deserialize thrift: TProtocolException: Invalid data

2026-07-07 22:03:41,256 [INFO] src.corpus_acquisition.metadata_extractor: Saved crawl log -> data/raw/crawl_logs/peru21_2020-09-28.json (status=failed)
2026-07-07 22:03:41,257 [ERROR] src.corpus_acquisition.downloader: Skipping peru21 on 2020-09-29 due to unrecoverable error: Could not open Parquet input source '<Buffer>': Couldn't deserialize thrift: TProtocolException: Invalid data

2026-07-07 22:03:41,261 [INFO] src.corpus_acquisition.metadata_extractor: Saved crawl log -> data/raw/crawl_logs/peru21_2020-09-29.json (status=failed)
2026-07-07 22:03:41,262 [ERROR] src.corpus_acquisition.downloader: Skipping peru21 on 2020-09-30 due to unrecoverable error: Could not open Parquet input source '<Buffer>': Couldn't deserialize thrift: TProtocolException: Invalid data

2026-07-07 22:03:41,264 [INFO] src.corpus_acquisition.metadata_extractor: Saved crawl log -> data/raw/crawl_logs/peru21_2020-09-30.json (status=failed)
2026-07-07 22:03:41,265 [ERROR] src.corpus_acquisition.downloader: Skipping peru21 on 2020-10-01 due to unrecoverable error: Could not open Parquet input source '<Buffer>': Couldn't deserialize thrift: TProtocolException: Invalid data

2026-07-07 22:03:41,268 [INFO] src.corpus_acquisition.metadata_extractor: Saved crawl log -> data/raw/crawl_logs/peru21_2020-10-01.json (status=failed)
2026-07-07 22:03:41,270 [ERROR] src.corpus_acquisition.downloader: Skipping peru21 on 2020-10-02 due to unrecoverable error: Could not open Parquet input source '<Buffer>': Couldn't deserialize thrift: TProtocolException: Invalid data

2026-07-07 22:03:41,272 [INFO] src.corpus_acquisition.metadata_extractor: Saved crawl log -> data/raw/crawl_logs/peru21_2020-10-02.json (status=failed)
2026-07-07 22:03:41,273 [ERROR] src.corpus_acquisition.downloader: Skipping peru21 on 2020-10-03 due to unrecoverable error: Could not open Parquet input source '<Buffer>': Couldn't deserialize thrift: TProtocolException: Invalid data

2026-07-07 22:03:41,276 [INFO] src.corpus_acquisition.metadata_extractor: Saved crawl log -> data/raw/crawl_logs/peru21_2020-10-03.json (status=failed)
2026-07-07 22:03:41,278 [ERROR] src.corpus_acquisition.downloader: Skipping peru21 on 2020-10-04 due to unrecoverable error: Could not open Parquet input source '<Buffer>': Couldn't deserialize thrift: TProtocolException: Invalid data

2026-07-07 22:03:41,280 [INFO] src.corpus_acquisition.metadata_extractor: Saved crawl log -> data/raw/crawl_logs/peru21_2020-10-04.json (status=failed)
2026-07-07 22:03:41,282 [ERROR] src.corpus_acquisition.downloader: Skipping peru21 on 2020-10-05 due to unrecoverable error: Could not open Parquet input source '<Buffer>': Couldn't deserialize thrift: TProtocolException: Invalid data

2026-07-07 22:03:41,285 [INFO] src.corpus_acquisition.metadata_extractor: Saved crawl log -> data/raw/crawl_logs/peru21_2020-10-05.json (status=failed)
2026-07-07 22:03:41,287 [ERROR] src.corpus_acquisition.downloader: Skipping peru21 on 2020-10-06 due to unrecoverable error: Could not open Parquet input source '<Buffer>': Couldn't deserialize thrift: TProtocolException: Invalid data

2026-07-07 22:03:41,289 [INFO] src.corpus_acquisition.metadata_extractor: Saved crawl log -> data/raw/crawl_logs/peru21_2020-10-06.json (status=failed)
2026-07-07 22:03:41,291 [ERROR] src.corpus_acquisition.downloader: Skipping peru21 on 2020-10-07 due to unrecoverable error: Could not open Parquet input source '<Buffer>': Couldn't deserialize thrift: TProtocolException: Invalid data

2026-07-07 22:03:41,293 [INFO] src.corpus_acquisition.metadata_extractor: Saved crawl log -> data/raw/crawl_logs/peru21_2020-10-07.json (status=failed)
2026-07-07 22:03:41,295 [ERROR] src.corpus_acquisition.downloader: Skipping peru21 on 2020-10-08 due to unrecoverable error: Could not open Parquet input source '<Buffer>': Couldn't deserialize thrift: TProtocolException: Invalid data

2026-07-07 22:03:41,296 [INFO] src.corpus_acquisition.metadata_extractor: Saved crawl log -> data/raw/crawl_logs/peru21_2020-10-08.json (status=failed)
2026-07-07 22:03:41,298 [ERROR] src.corpus_acquisition.downloader: Skipping peru21 on 2020-10-09 due to unrecoverable error: Could not open Parquet input source '<Buffer>': Couldn't deserialize thrift: TProtocolException: Invalid data

2026-07-07 22:03:41,300 [INFO] src.corpus_acquisition.metadata_extractor: Saved crawl log -> data/raw/crawl_logs/peru21_2020-10-09.json (status=failed)
2026-07-07 22:03:41,301 [ERROR] src.corpus_acquisition.downloader: Skipping peru21 on 2020-10-10 due to unrecoverable error: Could not open Parquet input source '<Buffer>': Couldn't deserialize thrift: TProtocolException: Invalid data

2026-07-07 22:03:41,305 [INFO] src.corpus_acquisition.metadata_extractor: Saved crawl log -> data/raw/crawl_logs/peru21_2020-10-10.json (status=failed)
2026-07-07 22:03:41,306 [ERROR] src.corpus_acquisition.downloader: Skipping peru21 on 2020-10-11 due to unrecoverable error: Could not open Parquet input source '<Buffer>': Couldn't deserialize thrift: TProtocolException: Invalid data

2026-07-07 22:03:41,308 [INFO] src.corpus_acquisition.metadata_extractor: Saved crawl log -> data/raw/crawl_logs/peru21_2020-10-11.json (status=failed)
2026-07-07 22:03:41,309 [ERROR] src.corpus_acquisition.downloader: Skipping peru21 on 2020-10-12 due to unrecoverable error: Could not open Parquet input source '<Buffer>': Couldn't deserialize thrift: TProtocolException: Invalid data

2026-07-07 22:03:41,312 [INFO] src.corpus_acquisition.metadata_extractor: Saved crawl log -> data/raw/crawl_logs/peru21_2020-10-12.json (status=failed)
2026-07-07 22:03:41,314 [ERROR] src.corpus_acquisition.downloader: Skipping peru21 on 2020-10-13 due to unrecoverable error: Could not open Parquet input source '<Buffer>': Couldn't deserialize thrift: TProtocolException: Invalid data

2026-07-07 22:03:41,316 [INFO] src.corpus_acquisition.metadata_extractor: Saved crawl log -> data/raw/crawl_logs/peru21_2020-10-13.json (status=failed)
2026-07-07 22:03:41,317 [ERROR] src.corpus_acquisition.downloader: Skipping peru21 on 2020-10-14 due to unrecoverable error: Could not open Parquet input source '<Buffer>': Couldn't deserialize thrift: TProtocolException: Invalid data

2026-07-07 22:03:41,320 [INFO] src.corpus_acquisition.metadata_extractor: Saved crawl log -> data/raw/crawl_logs/peru21_2020-10-14.json (status=failed)
2026-07-07 22:03:41,322 [ERROR] src.corpus_acquisition.downloader: Skipping peru21 on 2020-10-15 due to unrecoverable error: Could not open Parquet input source '<Buffer>': Couldn't deserialize thrift: TProtocolException: Invalid data

2026-07-07 22:03:41,323 [INFO] src.corpus_acquisition.metadata_extractor: Saved crawl log -> data/raw/crawl_logs/peru21_2020-10-15.json (status=failed)
2026-07-07 22:03:41,325 [ERROR] src.corpus_acquisition.downloader: Skipping peru21 on 2020-10-16 due to unrecoverable error: Could not open Parquet input source '<Buffer>': Couldn't deserialize thrift: TProtocolException: Invalid data

2026-07-07 22:03:41,330 [INFO] src.corpus_acquisition.metadata_extractor: Saved crawl log -> data/raw/crawl_logs/peru21_2020-10-16.json (status=failed)
2026-07-07 22:03:41,331 [ERROR] src.corpus_acquisition.downloader: Skipping peru21 on 2020-10-17 due to unrecoverable error: Could not open Parquet input source '<Buffer>': Couldn't deserialize thrift: TProtocolException: Invalid data

2026-07-07 22:03:41,333 [INFO] src.corpus_acquisition.metadata_extractor: Saved crawl log -> data/raw/crawl_logs/peru21_2020-10-17.json (status=failed)
2026-07-07 22:03:41,334 [ERROR] src.corpus_acquisition.downloader: Skipping peru21 on 2020-10-18 due to unrecoverable error: Could not open Parquet input source '<Buffer>': Couldn't deserialize thrift: TProtocolException: Invalid data

2026-07-07 22:03:41,337 [INFO] src.corpus_acquisition.metadata_extractor: Saved crawl log -> data/raw/crawl_logs/peru21_2020-10-18.json (status=failed)
2026-07-07 22:03:41,338 [ERROR] src.corpus_acquisition.downloader: Skipping peru21 on 2020-10-19 due to unrecoverable error: Could not open Parquet input source '<Buffer>': Couldn't deserialize thrift: TProtocolException: Invalid data

2026-07-07 22:03:41,340 [INFO] src.corpus_acquisition.metadata_extractor: Saved crawl log -> data/raw/crawl_logs/peru21_2020-10-19.json (status=failed)
2026-07-07 22:03:41,342 [ERROR] src.corpus_acquisition.downloader: Skipping peru21 on 2020-10-20 due to unrecoverable error: Could not open Parquet input source '<Buffer>': Couldn't deserialize thrift: TProtocolException: Invalid data

2026-07-07 22:03:41,344 [INFO] src.corpus_acquisition.metadata_extractor: Saved crawl log -> data/raw/crawl_logs/peru21_2020-10-20.json (status=failed)
2026-07-07 22:03:41,345 [ERROR] src.corpus_acquisition.downloader: Skipping peru21 on 2020-10-21 due to unrecoverable error: Could not open Parquet input source '<Buffer>': Couldn't deserialize thrift: TProtocolException: Invalid data

2026-07-07 22:03:41,347 [INFO] src.corpus_acquisition.metadata_extractor: Saved crawl log -> data/raw/crawl_logs/peru21_2020-10-21.json (status=failed)
2026-07-07 22:03:41,348 [ERROR] src.corpus_acquisition.downloader: Skipping peru21 on 2020-10-22 due to unrecoverable error: Could not open Parquet input source '<Buffer>': Couldn't deserialize thrift: TProtocolException: Invalid data

2026-07-07 22:03:41,350 [INFO] src.corpus_acquisition.metadata_extractor: Saved crawl log -> data/raw/crawl_logs/peru21_2020-10-22.json (status=failed)
2026-07-07 22:03:41,352 [ERROR] src.corpus_acquisition.downloader: Skipping peru21 on 2020-10-23 due to unrecoverable error: Could not open Parquet input source '<Buffer>': Couldn't deserialize thrift: TProtocolException: Invalid data

2026-07-07 22:03:41,353 [INFO] src.corpus_acquisition.metadata_extractor: Saved crawl log -> data/raw/crawl_logs/peru21_2020-10-23.json (status=failed)
2026-07-07 22:03:41,354 [ERROR] src.corpus_acquisition.downloader: Skipping peru21 on 2020-10-24 due to unrecoverable error: Could not open Parquet input source '<Buffer>': Couldn't deserialize thrift: TProtocolException: Invalid data

2026-07-07 22:03:41,356 [INFO] src.corpus_acquisition.metadata_extractor: Saved crawl log -> data/raw/crawl_logs/peru21_2020-10-24.json (status=failed)
2026-07-07 22:03:41,358 [ERROR] src.corpus_acquisition.downloader: Skipping peru21 on 2020-10-25 due to unrecoverable error: Could not open Parquet input source '<Buffer>': Couldn't deserialize thrift: TProtocolException: Invalid data

2026-07-07 22:03:41,359 [INFO] src.corpus_acquisition.metadata_extractor: Saved crawl log -> data/raw/crawl_logs/peru21_2020-10-25.json (status=failed)
2026-07-07 22:03:41,361 [ERROR] src.corpus_acquisition.downloader: Skipping peru21 on 2020-10-26 due to unrecoverable error: Could not open Parquet input source '<Buffer>': Couldn't deserialize thrift: TProtocolException: Invalid data

2026-07-07 22:03:41,362 [INFO] src.corpus_acquisition.metadata_extractor: Saved crawl log -> data/raw/crawl_logs/peru21_2020-10-26.json (status=failed)
2026-07-07 22:03:41,364 [ERROR] src.corpus_acquisition.downloader: Skipping peru21 on 2020-10-27 due to unrecoverable error: Could not open Parquet input source '<Buffer>': Couldn't deserialize thrift: TProtocolException: Invalid data

2026-07-07 22:03:41,365 [INFO] src.corpus_acquisition.metadata_extractor: Saved crawl log -> data/raw/crawl_logs/peru21_2020-10-27.json (status=failed)
2026-07-07 22:03:41,367 [ERROR] src.corpus_acquisition.downloader: Skipping peru21 on 2020-10-28 due to unrecoverable error: Could not open Parquet input source '<Buffer>': Couldn't deserialize thrift: TProtocolException: Invalid data

2026-07-07 22:03:41,370 [INFO] src.corpus_acquisition.metadata_extractor: Saved crawl log -> data/raw/crawl_logs/peru21_2020-10-28.json (status=failed)
2026-07-07 22:03:41,371 [ERROR] src.corpus_acquisition.downloader: Skipping peru21 on 2020-10-29 due to unrecoverable error: Could not open Parquet input source '<Buffer>': Couldn't deserialize thrift: TProtocolException: Invalid data

2026-07-07 22:03:41,373 [INFO] src.corpus_acquisition.metadata_extractor: Saved crawl log -> data/raw/crawl_logs/peru21_2020-10-29.json (status=failed)
2026-07-07 22:03:41,375 [ERROR] src.corpus_acquisition.downloader: Skipping peru21 on 2020-10-30 due to unrecoverable error: Could not open Parquet input source '<Buffer>': Couldn't deserialize thrift: TProtocolException: Invalid data

2026-07-07 22:03:41,377 [INFO] src.corpus_acquisition.metadata_extractor: Saved crawl log -> data/raw/crawl_logs/peru21_2020-10-30.json (status=failed)
2026-07-07 22:03:41,378 [ERROR] src.corpus_acquisition.downloader: Skipping peru21 on 2020-10-31 due to unrecoverable error: Could not open Parquet input source '<Buffer>': Couldn't deserialize thrift: TProtocolException: Invalid data

2026-07-07 22:03:41,380 [INFO] src.corpus_acquisition.metadata_extractor: Saved crawl log -> data/raw/crawl_logs/peru21_2020-10-31.json (status=failed)
2026-07-07 22:03:41,381 [ERROR] src.corpus_acquisition.downloader: Skipping peru21 on 2020-11-01 due to unrecoverable error: Could not open Parquet input source '<Buffer>': Couldn't deserialize thrift: TProtocolException: Invalid data

2026-07-07 22:03:41,383 [INFO] src.corpus_acquisition.metadata_extractor: Saved crawl log -> data/raw/crawl_logs/peru21_2020-11-01.json (status=failed)
2026-07-07 22:03:41,385 [ERROR] src.corpus_acquisition.downloader: Skipping peru21 on 2020-11-02 due to unrecoverable error: Could not open Parquet input source '<Buffer>': Couldn't deserialize thrift: TProtocolException: Invalid data

2026-07-07 22:03:41,387 [INFO] src.corpus_acquisition.metadata_extractor: Saved crawl log -> data/raw/crawl_logs/peru21_2020-11-02.json (status=failed)
2026-07-07 22:03:41,388 [ERROR] src.corpus_acquisition.downloader: Skipping peru21 on 2020-11-03 due to unrecoverable error: Could not open Parquet input source '<Buffer>': Couldn't deserialize thrift: TProtocolException: Invalid data

2026-07-07 22:03:41,390 [INFO] src.corpus_acquisition.metadata_extractor: Saved crawl log -> data/raw/crawl_logs/peru21_2020-11-03.json (status=failed)
2026-07-07 22:03:41,392 [ERROR] src.corpus_acquisition.downloader: Skipping peru21 on 2020-11-04 due to unrecoverable error: Could not open Parquet input source '<Buffer>': Couldn't deserialize thrift: TProtocolException: Invalid data

2026-07-07 22:03:41,394 [INFO] src.corpus_acquisition.metadata_extractor: Saved crawl log -> data/raw/crawl_logs/peru21_2020-11-04.json (status=failed)
2026-07-07 22:03:41,395 [ERROR] src.corpus_acquisition.downloader: Skipping peru21 on 2020-11-05 due to unrecoverable error: Could not open Parquet input source '<Buffer>': Couldn't deserialize thrift: TProtocolException: Invalid data

2026-07-07 22:03:41,397 [INFO] src.corpus_acquisition.metadata_extractor: Saved crawl log -> data/raw/crawl_logs/peru21_2020-11-05.json (status=failed)
2026-07-07 22:03:41,398 [ERROR] src.corpus_acquisition.downloader: Skipping peru21 on 2020-11-06 due to unrecoverable error: Could not open Parquet input source '<Buffer>': Couldn't deserialize thrift: TProtocolException: Invalid data

2026-07-07 22:03:41,400 [INFO] src.corpus_acquisition.metadata_extractor: Saved crawl log -> data/raw/crawl_logs/peru21_2020-11-06.json (status=failed)
2026-07-07 22:03:41,402 [ERROR] src.corpus_acquisition.downloader: Skipping peru21 on 2020-11-07 due to unrecoverable error: Could not open Parquet input source '<Buffer>': Couldn't deserialize thrift: TProtocolException: Invalid data

2026-07-07 22:03:41,403 [INFO] src.corpus_acquisition.metadata_extractor: Saved crawl log -> data/raw/crawl_logs/peru21_2020-11-07.json (status=failed)
2026-07-07 22:03:41,405 [ERROR] src.corpus_acquisition.downloader: Skipping peru21 on 2020-11-08 due to unrecoverable error: Could not open Parquet input source '<Buffer>': Couldn't deserialize thrift: TProtocolException: Invalid data

2026-07-07 22:03:41,407 [INFO] src.corpus_acquisition.metadata_extractor: Saved crawl log -> data/raw/crawl_logs/peru21_2020-11-08.json (status=failed)
2026-07-07 22:03:41,408 [ERROR] src.corpus_acquisition.downloader: Skipping peru21 on 2020-11-09 due to unrecoverable error: Could not open Parquet input source '<Buffer>': Couldn't deserialize thrift: TProtocolException: Invalid data

2026-07-07 22:03:41,411 [INFO] src.corpus_acquisition.metadata_extractor: Saved crawl log -> data/raw/crawl_logs/peru21_2020-11-09.json (status=failed)
2026-07-07 22:03:41,413 [ERROR] src.corpus_acquisition.downloader: Skipping peru21 on 2020-11-10 due to unrecoverable error: Could not open Parquet input source '<Buffer>': Couldn't deserialize thrift: TProtocolException: Invalid data

2026-07-07 22:03:41,415 [INFO] src.corpus_acquisition.metadata_extractor: Saved crawl log -> data/raw/crawl_logs/peru21_2020-11-10.json (status=failed)
2026-07-07 22:03:41,416 [ERROR] src.corpus_acquisition.downloader: Skipping peru21 on 2020-11-11 due to unrecoverable error: Could not open Parquet input source '<Buffer>': Couldn't deserialize thrift: TProtocolException: Invalid data

2026-07-07 22:03:41,419 [INFO] src.corpus_acquisition.metadata_extractor: Saved crawl log -> data/raw/crawl_logs/peru21_2020-11-11.json (status=failed)
2026-07-07 22:03:41,420 [ERROR] src.corpus_acquisition.downloader: Skipping peru21 on 2020-11-12 due to unrecoverable error: Could not open Parquet input source '<Buffer>': Couldn't deserialize thrift: TProtocolException: Invalid data

2026-07-07 22:03:41,422 [INFO] src.corpus_acquisition.metadata_extractor: Saved crawl log -> data/raw/crawl_logs/peru21_2020-11-12.json (status=failed)
2026-07-07 22:03:41,424 [ERROR] src.corpus_acquisition.downloader: Skipping peru21 on 2020-11-13 due to unrecoverable error: Could not open Parquet input source '<Buffer>': Couldn't deserialize thrift: TProtocolException: Invalid data

2026-07-07 22:03:41,426 [INFO] src.corpus_acquisition.metadata_extractor: Saved crawl log -> data/raw/crawl_logs/peru21_2020-11-13.json (status=failed)
2026-07-07 22:03:41,427 [ERROR] src.corpus_acquisition.downloader: Skipping peru21 on 2020-11-14 due to unrecoverable error: Could not open Parquet input source '<Buffer>': Couldn't deserialize thrift: TProtocolException: Invalid data

2026-07-07 22:03:41,429 [INFO] src.corpus_acquisition.metadata_extractor: Saved crawl log -> data/raw/crawl_logs/peru21_2020-11-14.json (status=failed)
2026-07-07 22:03:41,431 [ERROR] src.corpus_acquisition.downloader: Skipping peru21 on 2020-11-15 due to unrecoverable error: Could not open Parquet input source '<Buffer>': Couldn't deserialize thrift: TProtocolException: Invalid data

2026-07-07 22:03:41,433 [INFO] src.corpus_acquisition.metadata_extractor: Saved crawl log -> data/raw/crawl_logs/peru21_2020-11-15.json (status=failed)
2026-07-07 22:03:41,434 [ERROR] src.corpus_acquisition.downloader: Skipping peru21 on 2020-11-16 due to unrecoverable error: Could not open Parquet input source '<Buffer>': Couldn't deserialize thrift: TProtocolException: Invalid data

2026-07-07 22:03:41,435 [INFO] src.corpus_acquisition.metadata_extractor: Saved crawl log -> data/raw/crawl_logs/peru21_2020-11-16.json (status=failed)
2026-07-07 22:03:41,437 [ERROR] src.corpus_acquisition.downloader: Skipping peru21 on 2020-11-17 due to unrecoverable error: Could not open Parquet input source '<Buffer>': Couldn't deserialize thrift: TProtocolException: Invalid data

2026-07-07 22:03:41,438 [INFO] src.corpus_acquisition.metadata_extractor: Saved crawl log -> data/raw/crawl_logs/peru21_2020-11-17.json (status=failed)
2026-07-07 22:03:41,440 [ERROR] src.corpus_acquisition.downloader: Skipping peru21 on 2020-11-18 due to unrecoverable error: Could not open Parquet input source '<Buffer>': Couldn't deserialize thrift: TProtocolException: Invalid data

2026-07-07 22:03:41,443 [INFO] src.corpus_acquisition.metadata_extractor: Saved crawl log -> data/raw/crawl_logs/peru21_2020-11-18.json (status=failed)
2026-07-07 22:03:41,445 [ERROR] src.corpus_acquisition.downloader: Skipping peru21 on 2020-11-19 due to unrecoverable error: Could not open Parquet input source '<Buffer>': Couldn't deserialize thrift: TProtocolException: Invalid data

2026-07-07 22:03:41,446 [INFO] src.corpus_acquisition.metadata_extractor: Saved crawl log -> data/raw/crawl_logs/peru21_2020-11-19.json (status=failed)
2026-07-07 22:03:41,448 [ERROR] src.corpus_acquisition.downloader: Skipping peru21 on 2020-11-20 due to unrecoverable error: Could not open Parquet input source '<Buffer>': Couldn't deserialize thrift: TProtocolException: Invalid data

2026-07-07 22:03:41,449 [INFO] src.corpus_acquisition.metadata_extractor: Saved crawl log -> data/raw/crawl_logs/peru21_2020-11-20.json (status=failed)
2026-07-07 22:03:41,451 [ERROR] src.corpus_acquisition.downloader: Skipping peru21 on 2020-11-21 due to unrecoverable error: Could not open Parquet input source '<Buffer>': Couldn't deserialize thrift: TProtocolException: Invalid data

2026-07-07 22:03:41,453 [INFO] src.corpus_acquisition.metadata_extractor: Saved crawl log -> data/raw/crawl_logs/peru21_2020-11-21.json (status=failed)
2026-07-07 22:03:41,454 [ERROR] src.corpus_acquisition.downloader: Skipping peru21 on 2020-11-22 due to unrecoverable error: Could not open Parquet input source '<Buffer>': Couldn't deserialize thrift: TProtocolException: Invalid data

2026-07-07 22:03:41,456 [INFO] src.corpus_acquisition.metadata_extractor: Saved crawl log -> data/raw/crawl_logs/peru21_2020-11-22.json (status=failed)
2026-07-07 22:03:41,457 [ERROR] src.corpus_acquisition.downloader: Skipping peru21 on 2020-11-23 due to unrecoverable error: Could not open Parquet input source '<Buffer>': Couldn't deserialize thrift: TProtocolException: Invalid data

2026-07-07 22:03:41,460 [INFO] src.corpus_acquisition.metadata_extractor: Saved crawl log -> data/raw/crawl_logs/peru21_2020-11-23.json (status=failed)
2026-07-07 22:03:41,461 [ERROR] src.corpus_acquisition.downloader: Skipping peru21 on 2020-11-24 due to unrecoverable error: Could not open Parquet input source '<Buffer>': Couldn't deserialize thrift: TProtocolException: Invalid data

2026-07-07 22:03:41,463 [INFO] src.corpus_acquisition.metadata_extractor: Saved crawl log -> data/raw/crawl_logs/peru21_2020-11-24.json (status=failed)
2026-07-07 22:03:41,465 [ERROR] src.corpus_acquisition.downloader: Skipping peru21 on 2020-11-25 due to unrecoverable error: Could not open Parquet input source '<Buffer>': Couldn't deserialize thrift: TProtocolException: Invalid data

2026-07-07 22:03:41,466 [INFO] src.corpus_acquisition.metadata_extractor: Saved crawl log -> data/raw/crawl_logs/peru21_2020-11-25.json (status=failed)
2026-07-07 22:03:41,468 [ERROR] src.corpus_acquisition.downloader: Skipping peru21 on 2020-11-26 due to unrecoverable error: Could not open Parquet input source '<Buffer>': Couldn't deserialize thrift: TProtocolException: Invalid data

2026-07-07 22:03:41,469 [INFO] src.corpus_acquisition.metadata_extractor: Saved crawl log -> data/raw/crawl_logs/peru21_2020-11-26.json (status=failed)
2026-07-07 22:03:41,471 [ERROR] src.corpus_acquisition.downloader: Skipping peru21 on 2020-11-27 due to unrecoverable error: Could not open Parquet input source '<Buffer>': Couldn't deserialize thrift: TProtocolException: Invalid data

2026-07-07 22:03:41,473 [INFO] src.corpus_acquisition.metadata_extractor: Saved crawl log -> data/raw/crawl_logs/peru21_2020-11-27.json (status=failed)
2026-07-07 22:03:41,474 [ERROR] src.corpus_acquisition.downloader: Skipping peru21 on 2020-11-28 due to unrecoverable error: Could not open Parquet input source '<Buffer>': Couldn't deserialize thrift: TProtocolException: Invalid data

2026-07-07 22:03:41,476 [INFO] src.corpus_acquisition.metadata_extractor: Saved crawl log -> data/raw/crawl_logs/peru21_2020-11-28.json (status=failed)
2026-07-07 22:03:41,477 [ERROR] src.corpus_acquisition.downloader: Skipping peru21 on 2020-11-29 due to unrecoverable error: Could not open Parquet input source '<Buffer>': Couldn't deserialize thrift: TProtocolException: Invalid data

2026-07-07 22:03:41,479 [INFO] src.corpus_acquisition.metadata_extractor: Saved crawl log -> data/raw/crawl_logs/peru21_2020-11-29.json (status=failed)
2026-07-07 22:03:41,480 [ERROR] src.corpus_acquisition.downloader: Skipping peru21 on 2020-11-30 due to unrecoverable error: Could not open Parquet input source '<Buffer>': Couldn't deserialize thrift: TProtocolException: Invalid data

2026-07-07 22:03:41,482 [INFO] src.corpus_acquisition.metadata_extractor: Saved crawl log -> data/raw/crawl_logs/peru21_2020-11-30.json (status=failed)
2026-07-07 22:03:41,483 [ERROR] src.corpus_acquisition.downloader: Skipping peru21 on 2020-12-01 due to unrecoverable error: Could not open Parquet input source '<Buffer>': Couldn't deserialize thrift: TProtocolException: Invalid data

2026-07-07 22:03:41,486 [INFO] src.corpus_acquisition.metadata_extractor: Saved crawl log -> data/raw/crawl_logs/peru21_2020-12-01.json (status=failed)
2026-07-07 22:03:41,488 [ERROR] src.corpus_acquisition.downloader: Skipping peru21 on 2020-12-02 due to unrecoverable error: Could not open Parquet input source '<Buffer>': Couldn't deserialize thrift: TProtocolException: Invalid data

2026-07-07 22:03:41,489 [INFO] src.corpus_acquisition.metadata_extractor: Saved crawl log -> data/raw/crawl_logs/peru21_2020-12-02.json (status=failed)
2026-07-07 22:03:41,491 [ERROR] src.corpus_acquisition.downloader: Skipping peru21 on 2020-12-03 due to unrecoverable error: Could not open Parquet input source '<Buffer>': Couldn't deserialize thrift: TProtocolException: Invalid data

2026-07-07 22:03:41,492 [INFO] src.corpus_acquisition.metadata_extractor: Saved crawl log -> data/raw/crawl_logs/peru21_2020-12-03.json (status=failed)
2026-07-07 22:03:41,494 [ERROR] src.corpus_acquisition.downloader: Skipping peru21 on 2020-12-04 due to unrecoverable error: Could not open Parquet input source '<Buffer>': Couldn't deserialize thrift: TProtocolException: Invalid data

2026-07-07 22:03:41,495 [INFO] src.corpus_acquisition.metadata_extractor: Saved crawl log -> data/raw/crawl_logs/peru21_2020-12-04.json (status=failed)
2026-07-07 22:03:41,497 [ERROR] src.corpus_acquisition.downloader: Skipping peru21 on 2020-12-05 due to unrecoverable error: Could not open Parquet input source '<Buffer>': Couldn't deserialize thrift: TProtocolException: Invalid data

2026-07-07 22:03:41,500 [INFO] src.corpus_acquisition.metadata_extractor: Saved crawl log -> data/raw/crawl_logs/peru21_2020-12-05.json (status=failed)
2026-07-07 22:03:41,501 [ERROR] src.corpus_acquisition.downloader: Skipping peru21 on 2020-12-06 due to unrecoverable error: Could not open Parquet input source '<Buffer>': Couldn't deserialize thrift: TProtocolException: Invalid data

2026-07-07 22:03:41,503 [INFO] src.corpus_acquisition.metadata_extractor: Saved crawl log -> data/raw/crawl_logs/peru21_2020-12-06.json (status=failed)
2026-07-07 22:03:41,504 [ERROR] src.corpus_acquisition.downloader: Skipping peru21 on 2020-12-07 due to unrecoverable error: Could not open Parquet input source '<Buffer>': Couldn't deserialize thrift: TProtocolException: Invalid data

2026-07-07 22:03:41,506 [INFO] src.corpus_acquisition.metadata_extractor: Saved crawl log -> data/raw/crawl_logs/peru21_2020-12-07.json (status=failed)
2026-07-07 22:03:41,507 [ERROR] src.corpus_acquisition.downloader: Skipping peru21 on 2020-12-08 due to unrecoverable error: Could not open Parquet input source '<Buffer>': Couldn't deserialize thrift: TProtocolException: Invalid data

2026-07-07 22:03:41,509 [INFO] src.corpus_acquisition.metadata_extractor: Saved crawl log -> data/raw/crawl_logs/peru21_2020-12-08.json (status=failed)
2026-07-07 22:03:41,511 [ERROR] src.corpus_acquisition.downloader: Skipping peru21 on 2020-12-09 due to unrecoverable error: Could not open Parquet input source '<Buffer>': Couldn't deserialize thrift: TProtocolException: Invalid data

2026-07-07 22:03:41,512 [INFO] src.corpus_acquisition.metadata_extractor: Saved crawl log -> data/raw/crawl_logs/peru21_2020-12-09.json (status=failed)
2026-07-07 22:03:41,513 [ERROR] src.corpus_acquisition.downloader: Skipping peru21 on 2020-12-10 due to unrecoverable error: Could not open Parquet input source '<Buffer>': Couldn't deserialize thrift: TProtocolException: Invalid data

2026-07-07 22:03:41,515 [INFO] src.corpus_acquisition.metadata_extractor: Saved crawl log -> data/raw/crawl_logs/peru21_2020-12-10.json (status=failed)
2026-07-07 22:03:41,517 [ERROR] src.corpus_acquisition.downloader: Skipping peru21 on 2020-12-11 due to unrecoverable error: Could not open Parquet input source '<Buffer>': Couldn't deserialize thrift: TProtocolException: Invalid data

2026-07-07 22:03:41,519 [INFO] src.corpus_acquisition.metadata_extractor: Saved crawl log -> data/raw/crawl_logs/peru21_2020-12-11.json (status=failed)
2026-07-07 22:03:41,520 [ERROR] src.corpus_acquisition.downloader: Skipping peru21 on 2020-12-12 due to unrecoverable error: Could not open Parquet input source '<Buffer>': Couldn't deserialize thrift: TProtocolException: Invalid data

2026-07-07 22:03:41,522 [INFO] src.corpus_acquisition.metadata_extractor: Saved crawl log -> data/raw/crawl_logs/peru21_2020-12-12.json (status=failed)
2026-07-07 22:03:41,523 [ERROR] src.corpus_acquisition.downloader: Skipping peru21 on 2020-12-13 due to unrecoverable error: Could not open Parquet input source '<Buffer>': Couldn't deserialize thrift: TProtocolException: Invalid data

2026-07-07 22:03:41,525 [INFO] src.corpus_acquisition.metadata_extractor: Saved crawl log -> data/raw/crawl_logs/peru21_2020-12-13.json (status=failed)
2026-07-07 22:03:41,526 [ERROR] src.corpus_acquisition.downloader: Skipping peru21 on 2020-12-14 due to unrecoverable error: Could not open Parquet input source '<Buffer>': Couldn't deserialize thrift: TProtocolException: Invalid data

2026-07-07 22:03:41,527 [INFO] src.corpus_acquisition.metadata_extractor: Saved crawl log -> data/raw/crawl_logs/peru21_2020-12-14.json (status=failed)
2026-07-07 22:03:41,529 [ERROR] src.corpus_acquisition.downloader: Skipping peru21 on 2020-12-15 due to unrecoverable error: Could not open Parquet input source '<Buffer>': Couldn't deserialize thrift: TProtocolException: Invalid data

2026-07-07 22:03:41,531 [INFO] src.corpus_acquisition.metadata_extractor: Saved crawl log -> data/raw/crawl_logs/peru21_2020-12-15.json (status=failed)
2026-07-07 22:03:41,532 [ERROR] src.corpus_acquisition.downloader: Skipping peru21 on 2020-12-16 due to unrecoverable error: Could not open Parquet input source '<Buffer>': Couldn't deserialize thrift: TProtocolException: Invalid data

2026-07-07 22:03:41,535 [INFO] src.corpus_acquisition.metadata_extractor: Saved crawl log -> data/raw/crawl_logs/peru21_2020-12-16.json (status=failed)
2026-07-07 22:03:41,536 [ERROR] src.corpus_acquisition.downloader: Skipping peru21 on 2020-12-17 due to unrecoverable error: Could not open Parquet input source '<Buffer>': Couldn't deserialize thrift: TProtocolException: Invalid data

2026-07-07 22:03:41,538 [INFO] src.corpus_acquisition.metadata_extractor: Saved crawl log -> data/raw/crawl_logs/peru21_2020-12-17.json (status=failed)
2026-07-07 22:03:41,539 [ERROR] src.corpus_acquisition.downloader: Skipping peru21 on 2020-12-18 due to unrecoverable error: Could not open Parquet input source '<Buffer>': Couldn't deserialize thrift: TProtocolException: Invalid data

2026-07-07 22:03:41,541 [INFO] src.corpus_acquisition.metadata_extractor: Saved crawl log -> data/raw/crawl_logs/peru21_2020-12-18.json (status=failed)
2026-07-07 22:03:41,542 [ERROR] src.corpus_acquisition.downloader: Skipping peru21 on 2020-12-19 due to unrecoverable error: Could not open Parquet input source '<Buffer>': Couldn't deserialize thrift: TProtocolException: Invalid data

2026-07-07 22:03:41,544 [INFO] src.corpus_acquisition.metadata_extractor: Saved crawl log -> data/raw/crawl_logs/peru21_2020-12-19.json (status=failed)
2026-07-07 22:03:41,545 [ERROR] src.corpus_acquisition.downloader: Skipping peru21 on 2020-12-20 due to unrecoverable error: Could not open Parquet input source '<Buffer>': Couldn't deserialize thrift: TProtocolException: Invalid data

2026-07-07 22:03:41,547 [INFO] src.corpus_acquisition.metadata_extractor: Saved crawl log -> data/raw/crawl_logs/peru21_2020-12-20.json (status=failed)
2026-07-07 22:03:41,548 [ERROR] src.corpus_acquisition.downloader: Skipping peru21 on 2020-12-21 due to unrecoverable error: Could not open Parquet input source '<Buffer>': Couldn't deserialize thrift: TProtocolException: Invalid data

2026-07-07 22:03:41,550 [INFO] src.corpus_acquisition.metadata_extractor: Saved crawl log -> data/raw/crawl_logs/peru21_2020-12-21.json (status=failed)
2026-07-07 22:03:41,552 [ERROR] src.corpus_acquisition.downloader: Skipping peru21 on 2020-12-22 due to unrecoverable error: Could not open Parquet input source '<Buffer>': Couldn't deserialize thrift: TProtocolException: Invalid data

2026-07-07 22:03:41,554 [INFO] src.corpus_acquisition.metadata_extractor: Saved crawl log -> data/raw/crawl_logs/peru21_2020-12-22.json (status=failed)
2026-07-07 22:03:41,555 [ERROR] src.corpus_acquisition.downloader: Skipping peru21 on 2020-12-23 due to unrecoverable error: Could not open Parquet input source '<Buffer>': Couldn't deserialize thrift: TProtocolException: Invalid data

2026-07-07 22:03:41,557 [INFO] src.corpus_acquisition.metadata_extractor: Saved crawl log -> data/raw/crawl_logs/peru21_2020-12-23.json (status=failed)
2026-07-07 22:03:41,558 [ERROR] src.corpus_acquisition.downloader: Skipping peru21 on 2020-12-24 due to unrecoverable error: Could not open Parquet input source '<Buffer>': Couldn't deserialize thrift: TProtocolException: Invalid data

2026-07-07 22:03:41,560 [INFO] src.corpus_acquisition.metadata_extractor: Saved crawl log -> data/raw/crawl_logs/peru21_2020-12-24.json (status=failed)
2026-07-07 22:03:41,561 [ERROR] src.corpus_acquisition.downloader: Skipping peru21 on 2020-12-25 due to unrecoverable error: Could not open Parquet input source '<Buffer>': Couldn't deserialize thrift: TProtocolException: Invalid data

2026-07-07 22:03:41,563 [INFO] src.corpus_acquisition.metadata_extractor: Saved crawl log -> data/raw/crawl_logs/peru21_2020-12-25.json (status=failed)
2026-07-07 22:03:41,565 [ERROR] src.corpus_acquisition.downloader: Skipping peru21 on 2020-12-26 due to unrecoverable error: Could not open Parquet input source '<Buffer>': Couldn't deserialize thrift: TProtocolException: Invalid data

2026-07-07 22:03:41,566 [INFO] src.corpus_acquisition.metadata_extractor: Saved crawl log -> data/raw/crawl_logs/peru21_2020-12-26.json (status=failed)
2026-07-07 22:03:41,568 [ERROR] src.corpus_acquisition.downloader: Skipping peru21 on 2020-12-27 due to unrecoverable error: Could not open Parquet input source '<Buffer>': Couldn't deserialize thrift: TProtocolException: Invalid data

2026-07-07 22:03:41,570 [INFO] src.corpus_acquisition.metadata_extractor: Saved crawl log -> data/raw/crawl_logs/peru21_2020-12-27.json (status=failed)
2026-07-07 22:03:41,572 [ERROR] src.corpus_acquisition.downloader: Skipping peru21 on 2020-12-28 due to unrecoverable error: Could not open Parquet input source '<Buffer>': Couldn't deserialize thrift: TProtocolException: Invalid data

2026-07-07 22:03:41,574 [INFO] src.corpus_acquisition.metadata_extractor: Saved crawl log -> data/raw/crawl_logs/peru21_2020-12-28.json (status=failed)
2026-07-07 22:03:41,575 [ERROR] src.corpus_acquisition.downloader: Skipping peru21 on 2020-12-29 due to unrecoverable error: Could not open Parquet input source '<Buffer>': Couldn't deserialize thrift: TProtocolException: Invalid data

2026-07-07 22:03:41,577 [INFO] src.corpus_acquisition.metadata_extractor: Saved crawl log -> data/raw/crawl_logs/peru21_2020-12-29.json (status=failed)
2026-07-07 22:03:41,579 [ERROR] src.corpus_acquisition.downloader: Skipping peru21 on 2020-12-30 due to unrecoverable error: Could not open Parquet input source '<Buffer>': Couldn't deserialize thrift: TProtocolException: Invalid data

2026-07-07 22:03:41,581 [INFO] src.corpus_acquisition.metadata_extractor: Saved crawl log -> data/raw/crawl_logs/peru21_2020-12-30.json (status=failed)
2026-07-07 22:03:41,582 [ERROR] src.corpus_acquisition.downloader: Skipping peru21 on 2020-12-31 due to unrecoverable error: Could not open Parquet input source '<Buffer>': Couldn't deserialize thrift: TProtocolException: Invalid data

2026-07-07 22:03:41,585 [INFO] src.corpus_acquisition.metadata_extractor: Saved crawl log -> data/raw/crawl_logs/peru21_2020-12-31.json (status=failed)
2026-07-07 22:03:41,586 [ERROR] src.corpus_acquisition.downloader: Skipping peru21 on 2021-01-01 due to unrecoverable error: Could not open Parquet input source '<Buffer>': Couldn't deserialize thrift: TProtocolException: Invalid data

2026-07-07 22:03:41,588 [INFO] src.corpus_acquisition.metadata_extractor: Saved crawl log -> data/raw/crawl_logs/peru21_2021-01-01.json (status=failed)
2026-07-07 22:03:41,590 [ERROR] src.corpus_acquisition.downloader: Skipping peru21 on 2021-01-02 due to unrecoverable error: Could not open Parquet input source '<Buffer>': Couldn't deserialize thrift: TProtocolException: Invalid data

2026-07-07 22:03:41,595 [INFO] src.corpus_acquisition.metadata_extractor: Saved crawl log -> data/raw/crawl_logs/peru21_2021-01-02.json (status=failed)
2026-07-07 22:03:41,597 [ERROR] src.corpus_acquisition.downloader: Skipping peru21 on 2021-01-03 due to unrecoverable error: Could not open Parquet input source '<Buffer>': Couldn't deserialize thrift: TProtocolException: Invalid data

2026-07-07 22:03:41,599 [INFO] src.corpus_acquisition.metadata_extractor: Saved crawl log -> data/raw/crawl_logs/peru21_2021-01-03.json (status=failed)
2026-07-07 22:03:41,600 [ERROR] src.corpus_acquisition.downloader: Skipping peru21 on 2021-01-04 due to unrecoverable error: Could not open Parquet input source '<Buffer>': Couldn't deserialize thrift: TProtocolException: Invalid data

2026-07-07 22:03:41,602 [INFO] src.corpus_acquisition.metadata_extractor: Saved crawl log -> data/raw/crawl_logs/peru21_2021-01-04.json (status=failed)
2026-07-07 22:03:41,604 [ERROR] src.corpus_acquisition.downloader: Skipping peru21 on 2021-01-05 due to unrecoverable error: Could not open Parquet input source '<Buffer>': Couldn't deserialize thrift: TProtocolException: Invalid data

2026-07-07 22:03:41,605 [INFO] src.corpus_acquisition.metadata_extractor: Saved crawl log -> data/raw/crawl_logs/peru21_2021-01-05.json (status=failed)
2026-07-07 22:03:41,607 [ERROR] src.corpus_acquisition.downloader: Skipping peru21 on 2021-01-06 due to unrecoverable error: Could not open Parquet input source '<Buffer>': Couldn't deserialize thrift: TProtocolException: Invalid data

2026-07-07 22:03:41,608 [INFO] src.corpus_acquisition.metadata_extractor: Saved crawl log -> data/raw/crawl_logs/peru21_2021-01-06.json (status=failed)
2026-07-07 22:03:41,610 [ERROR] src.corpus_acquisition.downloader: Skipping peru21 on 2021-01-07 due to unrecoverable error: Could not open Parquet input source '<Buffer>': Couldn't deserialize thrift: TProtocolException: Invalid data

2026-07-07 22:03:41,612 [INFO] src.corpus_acquisition.metadata_extractor: Saved crawl log -> data/raw/crawl_logs/peru21_2021-01-07.json (status=failed)
2026-07-07 22:03:41,613 [ERROR] src.corpus_acquisition.downloader: Skipping peru21 on 2021-01-08 due to unrecoverable error: Could not open Parquet input source '<Buffer>': Couldn't deserialize thrift: TProtocolException: Invalid data

2026-07-07 22:03:41,616 [INFO] src.corpus_acquisition.metadata_extractor: Saved crawl log -> data/raw/crawl_logs/peru21_2021-01-08.json (status=failed)
2026-07-07 22:03:41,617 [ERROR] src.corpus_acquisition.downloader: Skipping peru21 on 2021-01-09 due to unrecoverable error: Could not open Parquet input source '<Buffer>': Couldn't deserialize thrift: TProtocolException: Invalid data

2026-07-07 22:03:41,619 [INFO] src.corpus_acquisition.metadata_extractor: Saved crawl log -> data/raw/crawl_logs/peru21_2021-01-09.json (status=failed)
2026-07-07 22:03:41,620 [ERROR] src.corpus_acquisition.downloader: Skipping peru21 on 2021-01-10 due to unrecoverable error: Could not open Parquet input source '<Buffer>': Couldn't deserialize thrift: TProtocolException: Invalid data

2026-07-07 22:03:41,623 [INFO] src.corpus_acquisition.metadata_extractor: Saved crawl log -> data/raw/crawl_logs/peru21_2021-01-10.json (status=failed)
2026-07-07 22:03:41,624 [ERROR] src.corpus_acquisition.downloader: Skipping peru21 on 2021-01-11 due to unrecoverable error: Could not open Parquet input source '<Buffer>': Couldn't deserialize thrift: TProtocolException: Invalid data

2026-07-07 22:03:41,625 [INFO] src.corpus_acquisition.metadata_extractor: Saved crawl log -> data/raw/crawl_logs/peru21_2021-01-11.json (status=failed)
2026-07-07 22:03:41,627 [ERROR] src.corpus_acquisition.downloader: Skipping peru21 on 2021-01-12 due to unrecoverable error: Could not open Parquet input source '<Buffer>': Couldn't deserialize thrift: TProtocolException: Invalid data

2026-07-07 22:03:41,629 [INFO] src.corpus_acquisition.metadata_extractor: Saved crawl log -> data/raw/crawl_logs/peru21_2021-01-12.json (status=failed)
2026-07-07 22:03:41,631 [ERROR] src.corpus_acquisition.downloader: Skipping peru21 on 2021-01-13 due to unrecoverable error: Could not open Parquet input source '<Buffer>': Couldn't deserialize thrift: TProtocolException: Invalid data

2026-07-07 22:03:41,633 [INFO] src.corpus_acquisition.metadata_extractor: Saved crawl log -> data/raw/crawl_logs/peru21_2021-01-13.json (status=failed)
2026-07-07 22:03:41,634 [ERROR] src.corpus_acquisition.downloader: Skipping peru21 on 2021-01-14 due to unrecoverable error: Could not open Parquet input source '<Buffer>': Couldn't deserialize thrift: TProtocolException: Invalid data

2026-07-07 22:03:41,637 [INFO] src.corpus_acquisition.metadata_extractor: Saved crawl log -> data/raw/crawl_logs/peru21_2021-01-14.json (status=failed)
2026-07-07 22:03:41,638 [ERROR] src.corpus_acquisition.downloader: Skipping peru21 on 2021-01-15 due to unrecoverable error: Could not open Parquet input source '<Buffer>': Couldn't deserialize thrift: TProtocolException: Invalid data

2026-07-07 22:03:41,642 [INFO] src.corpus_acquisition.metadata_extractor: Saved crawl log -> data/raw/crawl_logs/peru21_2021-01-15.json (status=failed)
2026-07-07 22:03:41,644 [ERROR] src.corpus_acquisition.downloader: Skipping peru21 on 2021-01-16 due to unrecoverable error: Could not open Parquet input source '<Buffer>': Couldn't deserialize thrift: TProtocolException: Invalid data

2026-07-07 22:03:41,646 [INFO] src.corpus_acquisition.metadata_extractor: Saved crawl log -> data/raw/crawl_logs/peru21_2021-01-16.json (status=failed)
2026-07-07 22:03:41,648 [ERROR] src.corpus_acquisition.downloader: Skipping peru21 on 2021-01-17 due to unrecoverable error: Could not open Parquet input source '<Buffer>': Couldn't deserialize thrift: TProtocolException: Invalid data

2026-07-07 22:03:41,649 [INFO] src.corpus_acquisition.metadata_extractor: Saved crawl log -> data/raw/crawl_logs/peru21_2021-01-17.json (status=failed)
2026-07-07 22:03:41,651 [ERROR] src.corpus_acquisition.downloader: Skipping peru21 on 2021-01-18 due to unrecoverable error: Could not open Parquet input source '<Buffer>': Couldn't deserialize thrift: TProtocolException: Invalid data

2026-07-07 22:03:41,653 [INFO] src.corpus_acquisition.metadata_extractor: Saved crawl log -> data/raw/crawl_logs/peru21_2021-01-18.json (status=failed)
2026-07-07 22:03:41,654 [ERROR] src.corpus_acquisition.downloader: Skipping peru21 on 2021-01-19 due to unrecoverable error: Could not open Parquet input source '<Buffer>': Couldn't deserialize thrift: TProtocolException: Invalid data

2026-07-07 22:03:41,656 [INFO] src.corpus_acquisition.metadata_extractor: Saved crawl log -> data/raw/crawl_logs/peru21_2021-01-19.json (status=failed)
2026-07-07 22:03:41,657 [ERROR] src.corpus_acquisition.downloader: Skipping peru21 on 2021-01-20 due to unrecoverable error: Could not open Parquet input source '<Buffer>': Couldn't deserialize thrift: TProtocolException: Invalid data

2026-07-07 22:03:41,659 [INFO] src.corpus_acquisition.metadata_extractor: Saved crawl log -> data/raw/crawl_logs/peru21_2021-01-20.json (status=failed)
2026-07-07 22:03:41,661 [ERROR] src.corpus_acquisition.downloader: Skipping peru21 on 2021-01-21 due to unrecoverable error: Could not open Parquet input source '<Buffer>': Couldn't deserialize thrift: TProtocolException: Invalid data

2026-07-07 22:03:41,664 [INFO] src.corpus_acquisition.metadata_extractor: Saved crawl log -> data/raw/crawl_logs/peru21_2021-01-21.json (status=failed)
2026-07-07 22:03:41,665 [ERROR] src.corpus_acquisition.downloader: Skipping peru21 on 2021-01-22 due to unrecoverable error: Could not open Parquet input source '<Buffer>': Couldn't deserialize thrift: TProtocolException: Invalid data

2026-07-07 22:03:41,666 [INFO] src.corpus_acquisition.metadata_extractor: Saved crawl log -> data/raw/crawl_logs/peru21_2021-01-22.json (status=failed)
2026-07-07 22:03:41,668 [ERROR] src.corpus_acquisition.downloader: Skipping peru21 on 2021-01-23 due to unrecoverable error: Could not open Parquet input source '<Buffer>': Couldn't deserialize thrift: TProtocolException: Invalid data

2026-07-07 22:03:41,670 [INFO] src.corpus_acquisition.metadata_extractor: Saved crawl log -> data/raw/crawl_logs/peru21_2021-01-23.json (status=failed)
2026-07-07 22:03:41,671 [ERROR] src.corpus_acquisition.downloader: Skipping peru21 on 2021-01-24 due to unrecoverable error: Could not open Parquet input source '<Buffer>': Couldn't deserialize thrift: TProtocolException: Invalid data

2026-07-07 22:03:41,673 [INFO] src.corpus_acquisition.metadata_extractor: Saved crawl log -> data/raw/crawl_logs/peru21_2021-01-24.json (status=failed)
2026-07-07 22:03:41,674 [ERROR] src.corpus_acquisition.downloader: Skipping peru21 on 2021-01-25 due to unrecoverable error: Could not open Parquet input source '<Buffer>': Couldn't deserialize thrift: TProtocolException: Invalid data

2026-07-07 22:03:41,676 [INFO] src.corpus_acquisition.metadata_extractor: Saved crawl log -> data/raw/crawl_logs/peru21_2021-01-25.json (status=failed)
2026-07-07 22:03:41,678 [ERROR] src.corpus_acquisition.downloader: Skipping peru21 on 2021-01-26 due to unrecoverable error: Could not open Parquet input source '<Buffer>': Couldn't deserialize thrift: TProtocolException: Invalid data

2026-07-07 22:03:41,679 [INFO] src.corpus_acquisition.metadata_extractor: Saved crawl log -> data/raw/crawl_logs/peru21_2021-01-26.json (status=failed)
2026-07-07 22:03:41,681 [ERROR] src.corpus_acquisition.downloader: Skipping peru21 on 2021-01-27 due to unrecoverable error: Could not open Parquet input source '<Buffer>': Couldn't deserialize thrift: TProtocolException: Invalid data

2026-07-07 22:03:41,683 [INFO] src.corpus_acquisition.metadata_extractor: Saved crawl log -> data/raw/crawl_logs/peru21_2021-01-27.json (status=failed)
2026-07-07 22:03:41,684 [ERROR] src.corpus_acquisition.downloader: Skipping peru21 on 2021-01-28 due to unrecoverable error: Could not open Parquet input source '<Buffer>': Couldn't deserialize thrift: TProtocolException: Invalid data

2026-07-07 22:03:41,686 [INFO] src.corpus_acquisition.metadata_extractor: Saved crawl log -> data/raw/crawl_logs/peru21_2021-01-28.json (status=failed)
2026-07-07 22:03:41,687 [ERROR] src.corpus_acquisition.downloader: Skipping peru21 on 2021-01-29 due to unrecoverable error: Could not open Parquet input source '<Buffer>': Couldn't deserialize thrift: TProtocolException: Invalid data

2026-07-07 22:03:41,689 [INFO] src.corpus_acquisition.metadata_extractor: Saved crawl log -> data/raw/crawl_logs/peru21_2021-01-29.json (status=failed)
2026-07-07 22:03:41,690 [ERROR] src.corpus_acquisition.downloader: Skipping peru21 on 2021-01-30 due to unrecoverable error: Could not open Parquet input source '<Buffer>': Couldn't deserialize thrift: TProtocolException: Invalid data

2026-07-07 22:03:41,692 [INFO] src.corpus_acquisition.metadata_extractor: Saved crawl log -> data/raw/crawl_logs/peru21_2021-01-30.json (status=failed)
2026-07-07 22:03:41,694 [ERROR] src.corpus_acquisition.downloader: Skipping peru21 on 2021-01-31 due to unrecoverable error: Could not open Parquet input source '<Buffer>': Couldn't deserialize thrift: TProtocolException: Invalid data

2026-07-07 22:03:41,695 [INFO] src.corpus_acquisition.metadata_extractor: Saved crawl log -> data/raw/crawl_logs/peru21_2021-01-31.json (status=failed)
2026-07-07 22:03:41,697 [ERROR] src.corpus_acquisition.downloader: Skipping peru21 on 2021-02-01 due to unrecoverable error: Could not open Parquet input source '<Buffer>': Couldn't deserialize thrift: TProtocolException: Invalid data

2026-07-07 22:03:41,699 [INFO] src.corpus_acquisition.metadata_extractor: Saved crawl log -> data/raw/crawl_logs/peru21_2021-02-01.json (status=failed)
2026-07-07 22:03:41,700 [ERROR] src.corpus_acquisition.downloader: Skipping peru21 on 2021-02-02 due to unrecoverable error: Could not open Parquet input source '<Buffer>': Couldn't deserialize thrift: TProtocolException: Invalid data

2026-07-07 22:03:41,702 [INFO] src.corpus_acquisition.metadata_extractor: Saved crawl log -> data/raw/crawl_logs/peru21_2021-02-02.json (status=failed)
2026-07-07 22:03:41,703 [ERROR] src.corpus_acquisition.downloader: Skipping peru21 on 2021-02-03 due to unrecoverable error: Could not open Parquet input source '<Buffer>': Couldn't deserialize thrift: TProtocolException: Invalid data

2026-07-07 22:03:41,705 [INFO] src.corpus_acquisition.metadata_extractor: Saved crawl log -> data/raw/crawl_logs/peru21_2021-02-03.json (status=failed)
2026-07-07 22:03:41,706 [ERROR] src.corpus_acquisition.downloader: Skipping peru21 on 2021-02-04 due to unrecoverable error: Could not open Parquet input source '<Buffer>': Couldn't deserialize thrift: TProtocolException: Invalid data

2026-07-07 22:03:41,708 [INFO] src.corpus_acquisition.metadata_extractor: Saved crawl log -> data/raw/crawl_logs/peru21_2021-02-04.json (status=failed)
2026-07-07 22:03:41,710 [ERROR] src.corpus_acquisition.downloader: Skipping peru21 on 2021-02-05 due to unrecoverable error: Could not open Parquet input source '<Buffer>': Couldn't deserialize thrift: TProtocolException: Invalid data

2026-07-07 22:03:41,712 [INFO] src.corpus_acquisition.metadata_extractor: Saved crawl log -> data/raw/crawl_logs/peru21_2021-02-05.json (status=failed)
2026-07-07 22:03:41,714 [ERROR] src.corpus_acquisition.downloader: Skipping peru21 on 2021-02-06 due to unrecoverable error: Could not open Parquet input source '<Buffer>': Couldn't deserialize thrift: TProtocolException: Invalid data

2026-07-07 22:03:41,716 [INFO] src.corpus_acquisition.metadata_extractor: Saved crawl log -> data/raw/crawl_logs/peru21_2021-02-06.json (status=failed)
2026-07-07 22:03:41,717 [ERROR] src.corpus_acquisition.downloader: Skipping peru21 on 2021-02-07 due to unrecoverable error: Could not open Parquet input source '<Buffer>': Couldn't deserialize thrift: TProtocolException: Invalid data

2026-07-07 22:03:41,721 [INFO] src.corpus_acquisition.metadata_extractor: Saved crawl log -> data/raw/crawl_logs/peru21_2021-02-07.json (status=failed)
2026-07-07 22:03:41,723 [ERROR] src.corpus_acquisition.downloader: Skipping peru21 on 2021-02-08 due to unrecoverable error: Could not open Parquet input source '<Buffer>': Couldn't deserialize thrift: TProtocolException: Invalid data

2026-07-07 22:03:41,724 [INFO] src.corpus_acquisition.metadata_extractor: Saved crawl log -> data/raw/crawl_logs/peru21_2021-02-08.json (status=failed)
2026-07-07 22:03:41,726 [ERROR] src.corpus_acquisition.downloader: Skipping peru21 on 2021-02-09 due to unrecoverable error: Could not open Parquet input source '<Buffer>': Couldn't deserialize thrift: TProtocolException: Invalid data

2026-07-07 22:03:41,728 [INFO] src.corpus_acquisition.metadata_extractor: Saved crawl log -> data/raw/crawl_logs/peru21_2021-02-09.json (status=failed)
2026-07-07 22:03:41,729 [ERROR] src.corpus_acquisition.downloader: Skipping peru21 on 2021-02-10 due to unrecoverable error: Could not open Parquet input source '<Buffer>': Couldn't deserialize thrift: TProtocolException: Invalid data

2026-07-07 22:03:41,731 [INFO] src.corpus_acquisition.metadata_extractor: Saved crawl log -> data/raw/crawl_logs/peru21_2021-02-10.json (status=failed)
2026-07-07 22:03:41,732 [ERROR] src.corpus_acquisition.downloader: Skipping peru21 on 2021-02-11 due to unrecoverable error: Could not open Parquet input source '<Buffer>': Couldn't deserialize thrift: TProtocolException: Invalid data

2026-07-07 22:03:41,734 [INFO] src.corpus_acquisition.metadata_extractor: Saved crawl log -> data/raw/crawl_logs/peru21_2021-02-11.json (status=failed)
2026-07-07 22:03:41,736 [ERROR] src.corpus_acquisition.downloader: Skipping peru21 on 2021-02-12 due to unrecoverable error: Could not open Parquet input source '<Buffer>': Couldn't deserialize thrift: TProtocolException: Invalid data

2026-07-07 22:03:41,738 [INFO] src.corpus_acquisition.metadata_extractor: Saved crawl log -> data/raw/crawl_logs/peru21_2021-02-12.json (status=failed)
2026-07-07 22:03:41,739 [ERROR] src.corpus_acquisition.downloader: Skipping peru21 on 2021-02-13 due to unrecoverable error: Could not open Parquet input source '<Buffer>': Couldn't deserialize thrift: TProtocolException: Invalid data

2026-07-07 22:03:41,740 [INFO] src.corpus_acquisition.metadata_extractor: Saved crawl log -> data/raw/crawl_logs/peru21_2021-02-13.json (status=failed)
2026-07-07 22:03:41,742 [ERROR] src.corpus_acquisition.downloader: Skipping peru21 on 2021-02-14 due to unrecoverable error: Could not open Parquet input source '<Buffer>': Couldn't deserialize thrift: TProtocolException: Invalid data

2026-07-07 22:03:41,743 [INFO] src.corpus_acquisition.metadata_extractor: Saved crawl log -> data/raw/crawl_logs/peru21_2021-02-14.json (status=failed)
2026-07-07 22:03:41,745 [ERROR] src.corpus_acquisition.downloader: Skipping peru21 on 2021-02-15 due to unrecoverable error: Could not open Parquet input source '<Buffer>': Couldn't deserialize thrift: TProtocolException: Invalid data

2026-07-07 22:03:41,747 [INFO] src.corpus_acquisition.metadata_extractor: Saved crawl log -> data/raw/crawl_logs/peru21_2021-02-15.json (status=failed)
2026-07-07 22:03:41,749 [ERROR] src.corpus_acquisition.downloader: Skipping peru21 on 2021-02-16 due to unrecoverable error: Could not open Parquet input source '<Buffer>': Couldn't deserialize thrift: TProtocolException: Invalid data

2026-07-07 22:03:41,750 [INFO] src.corpus_acquisition.metadata_extractor: Saved crawl log -> data/raw/crawl_logs/peru21_2021-02-16.json (status=failed)
2026-07-07 22:03:41,752 [ERROR] src.corpus_acquisition.downloader: Skipping peru21 on 2021-02-17 due to unrecoverable error: Could not open Parquet input source '<Buffer>': Couldn't deserialize thrift: TProtocolException: Invalid data

2026-07-07 22:03:41,753 [INFO] src.corpus_acquisition.metadata_extractor: Saved crawl log -> data/raw/crawl_logs/peru21_2021-02-17.json (status=failed)
2026-07-07 22:03:41,755 [ERROR] src.corpus_acquisition.downloader: Skipping peru21 on 2021-02-18 due to unrecoverable error: Could not open Parquet input source '<Buffer>': Couldn't deserialize thrift: TProtocolException: Invalid data

2026-07-07 22:03:41,756 [INFO] src.corpus_acquisition.metadata_extractor: Saved crawl log -> data/raw/crawl_logs/peru21_2021-02-18.json (status=failed)
2026-07-07 22:03:41,758 [ERROR] src.corpus_acquisition.downloader: Skipping peru21 on 2021-02-19 due to unrecoverable error: Could not open Parquet input source '<Buffer>': Couldn't deserialize thrift: TProtocolException: Invalid data

2026-07-07 22:03:41,759 [INFO] src.corpus_acquisition.metadata_extractor: Saved crawl log -> data/raw/crawl_logs/peru21_2021-02-19.json (status=failed)
2026-07-07 22:03:41,760 [ERROR] src.corpus_acquisition.downloader: Skipping peru21 on 2021-02-20 due to unrecoverable error: Could not open Parquet input source '<Buffer>': Couldn't deserialize thrift: TProtocolException: Invalid data

2026-07-07 22:03:41,762 [INFO] src.corpus_acquisition.metadata_extractor: Saved crawl log -> data/raw/crawl_logs/peru21_2021-02-20.json (status=failed)
2026-07-07 22:03:41,764 [ERROR] src.corpus_acquisition.downloader: Skipping peru21 on 2021-02-21 due to unrecoverable error: Could not open Parquet input source '<Buffer>': Couldn't deserialize thrift: TProtocolException: Invalid data

2026-07-07 22:03:41,765 [INFO] src.corpus_acquisition.metadata_extractor: Saved crawl log -> data/raw/crawl_logs/peru21_2021-02-21.json (status=failed)
2026-07-07 22:03:41,767 [ERROR] src.corpus_acquisition.downloader: Skipping peru21 on 2021-02-22 due to unrecoverable error: Could not open Parquet input source '<Buffer>': Couldn't deserialize thrift: TProtocolException: Invalid data

2026-07-07 22:03:41,772 [INFO] src.corpus_acquisition.metadata_extractor: Saved crawl log -> data/raw/crawl_logs/peru21_2021-02-22.json (status=failed)
2026-07-07 22:03:41,774 [ERROR] src.corpus_acquisition.downloader: Skipping peru21 on 2021-02-23 due to unrecoverable error: Could not open Parquet input source '<Buffer>': Couldn't deserialize thrift: TProtocolException: Invalid data

2026-07-07 22:03:41,775 [INFO] src.corpus_acquisition.metadata_extractor: Saved crawl log -> data/raw/crawl_logs/peru21_2021-02-23.json (status=failed)
2026-07-07 22:03:41,777 [ERROR] src.corpus_acquisition.downloader: Skipping peru21 on 2021-02-24 due to unrecoverable error: Could not open Parquet input source '<Buffer>': Couldn't deserialize thrift: TProtocolException: Invalid data

2026-07-07 22:03:41,778 [INFO] src.corpus_acquisition.metadata_extractor: Saved crawl log -> data/raw/crawl_logs/peru21_2021-02-24.json (status=failed)
2026-07-07 22:03:41,780 [ERROR] src.corpus_acquisition.downloader: Skipping peru21 on 2021-02-25 due to unrecoverable error: Could not open Parquet input source '<Buffer>': Couldn't deserialize thrift: TProtocolException: Invalid data

2026-07-07 22:03:41,781 [INFO] src.corpus_acquisition.metadata_extractor: Saved crawl log -> data/raw/crawl_logs/peru21_2021-02-25.json (status=failed)
2026-07-07 22:03:41,783 [ERROR] src.corpus_acquisition.downloader: Skipping peru21 on 2021-02-26 due to unrecoverable error: Could not open Parquet input source '<Buffer>': Couldn't deserialize thrift: TProtocolException: Invalid data

2026-07-07 22:03:41,785 [INFO] src.corpus_acquisition.metadata_extractor: Saved crawl log -> data/raw/crawl_logs/peru21_2021-02-26.json (status=failed)
2026-07-07 22:03:41,786 [ERROR] src.corpus_acquisition.downloader: Skipping peru21 on 2021-02-27 due to unrecoverable error: Could not open Parquet input source '<Buffer>': Couldn't deserialize thrift: TProtocolException: Invalid data

2026-07-07 22:03:41,788 [INFO] src.corpus_acquisition.metadata_extractor: Saved crawl log -> data/raw/crawl_logs/peru21_2021-02-27.json (status=failed)
2026-07-07 22:03:41,789 [ERROR] src.corpus_acquisition.downloader: Skipping peru21 on 2021-02-28 due to unrecoverable error: Could not open Parquet input source '<Buffer>': Couldn't deserialize thrift: TProtocolException: Invalid data

2026-07-07 22:03:41,791 [INFO] src.corpus_acquisition.metadata_extractor: Saved crawl log -> data/raw/crawl_logs/peru21_2021-02-28.json (status=failed)
2026-07-07 22:03:41,793 [ERROR] src.corpus_acquisition.downloader: Skipping peru21 on 2021-03-01 due to unrecoverable error: Could not open Parquet input source '<Buffer>': Couldn't deserialize thrift: TProtocolException: Invalid data

2026-07-07 22:03:41,794 [INFO] src.corpus_acquisition.metadata_extractor: Saved crawl log -> data/raw/crawl_logs/peru21_2021-03-01.json (status=failed)
2026-07-07 22:03:41,796 [ERROR] src.corpus_acquisition.downloader: Skipping peru21 on 2021-03-02 due to unrecoverable error: Could not open Parquet input source '<Buffer>': Couldn't deserialize thrift: TProtocolException: Invalid data

2026-07-07 22:03:41,797 [INFO] src.corpus_acquisition.metadata_extractor: Saved crawl log -> data/raw/crawl_logs/peru21_2021-03-02.json (status=failed)
2026-07-07 22:03:41,799 [ERROR] src.corpus_acquisition.downloader: Skipping peru21 on 2021-03-03 due to unrecoverable error: Could not open Parquet input source '<Buffer>': Couldn't deserialize thrift: TProtocolException: Invalid data

2026-07-07 22:03:41,801 [INFO] src.corpus_acquisition.metadata_extractor: Saved crawl log -> data/raw/crawl_logs/peru21_2021-03-03.json (status=failed)
2026-07-07 22:03:41,802 [ERROR] src.corpus_acquisition.downloader: Skipping peru21 on 2021-03-04 due to unrecoverable error: Could not open Parquet input source '<Buffer>': Couldn't deserialize thrift: TProtocolException: Invalid data

2026-07-07 22:03:41,804 [INFO] src.corpus_acquisition.metadata_extractor: Saved crawl log -> data/raw/crawl_logs/peru21_2021-03-04.json (status=failed)
2026-07-07 22:03:41,806 [ERROR] src.corpus_acquisition.downloader: Skipping peru21 on 2021-03-05 due to unrecoverable error: Could not open Parquet input source '<Buffer>': Couldn't deserialize thrift: TProtocolException: Invalid data

2026-07-07 22:03:41,808 [INFO] src.corpus_acquisition.metadata_extractor: Saved crawl log -> data/raw/crawl_logs/peru21_2021-03-05.json (status=failed)
2026-07-07 22:03:41,810 [ERROR] src.corpus_acquisition.downloader: Skipping peru21 on 2021-03-06 due to unrecoverable error: Could not open Parquet input source '<Buffer>': Couldn't deserialize thrift: TProtocolException: Invalid data

2026-07-07 22:03:41,811 [INFO] src.corpus_acquisition.metadata_extractor: Saved crawl log -> data/raw/crawl_logs/peru21_2021-03-06.json (status=failed)
2026-07-07 22:03:41,813 [ERROR] src.corpus_acquisition.downloader: Skipping peru21 on 2021-03-07 due to unrecoverable error: Could not open Parquet input source '<Buffer>': Couldn't deserialize thrift: TProtocolException: Invalid data

2026-07-07 22:03:41,815 [INFO] src.corpus_acquisition.metadata_extractor: Saved crawl log -> data/raw/crawl_logs/peru21_2021-03-07.json (status=failed)
2026-07-07 22:03:41,817 [ERROR] src.corpus_acquisition.downloader: Skipping peru21 on 2021-03-08 due to unrecoverable error: Could not open Parquet input source '<Buffer>': Couldn't deserialize thrift: TProtocolException: Invalid data

2026-07-07 22:03:41,819 [INFO] src.corpus_acquisition.metadata_extractor: Saved crawl log -> data/raw/crawl_logs/peru21_2021-03-08.json (status=failed)
2026-07-07 22:03:41,820 [ERROR] src.corpus_acquisition.downloader: Skipping peru21 on 2021-03-09 due to unrecoverable error: Could not open Parquet input source '<Buffer>': Couldn't deserialize thrift: TProtocolException: Invalid data

2026-07-07 22:03:41,822 [INFO] src.corpus_acquisition.metadata_extractor: Saved crawl log -> data/raw/crawl_logs/peru21_2021-03-09.json (status=failed)
2026-07-07 22:03:41,824 [ERROR] src.corpus_acquisition.downloader: Skipping peru21 on 2021-03-10 due to unrecoverable error: Could not open Parquet input source '<Buffer>': Couldn't deserialize thrift: TProtocolException: Invalid data

2026-07-07 22:03:41,826 [INFO] src.corpus_acquisition.metadata_extractor: Saved crawl log -> data/raw/crawl_logs/peru21_2021-03-10.json (status=failed)
2026-07-07 22:03:41,827 [ERROR] src.corpus_acquisition.downloader: Skipping peru21 on 2021-03-11 due to unrecoverable error: Could not open Parquet input source '<Buffer>': Couldn't deserialize thrift: TProtocolException: Invalid data

2026-07-07 22:03:41,829 [INFO] src.corpus_acquisition.metadata_extractor: Saved crawl log -> data/raw/crawl_logs/peru21_2021-03-11.json (status=failed)
2026-07-07 22:03:41,831 [ERROR] src.corpus_acquisition.downloader: Skipping peru21 on 2021-03-12 due to unrecoverable error: Could not open Parquet input source '<Buffer>': Couldn't deserialize thrift: TProtocolException: Invalid data

2026-07-07 22:03:41,832 [INFO] src.corpus_acquisition.metadata_extractor: Saved crawl log -> data/raw/crawl_logs/peru21_2021-03-12.json (status=failed)
2026-07-07 22:03:41,834 [ERROR] src.corpus_acquisition.downloader: Skipping peru21 on 2021-03-13 due to unrecoverable error: Could not open Parquet input source '<Buffer>': Couldn't deserialize thrift: TProtocolException: Invalid data

2026-07-07 22:03:41,835 [INFO] src.corpus_acquisition.metadata_extractor: Saved crawl log -> data/raw/crawl_logs/peru21_2021-03-13.json (status=failed)
2026-07-07 22:03:41,837 [ERROR] src.corpus_acquisition.downloader: Skipping peru21 on 2021-03-14 due to unrecoverable error: Could not open Parquet input source '<Buffer>': Couldn't deserialize thrift: TProtocolException: Invalid data

2026-07-07 22:03:41,838 [INFO] src.corpus_acquisition.metadata_extractor: Saved crawl log -> data/raw/crawl_logs/peru21_2021-03-14.json (status=failed)
2026-07-07 22:03:41,840 [ERROR] src.corpus_acquisition.downloader: Skipping peru21 on 2021-03-15 due to unrecoverable error: Could not open Parquet input source '<Buffer>': Couldn't deserialize thrift: TProtocolException: Invalid data

2026-07-07 22:03:41,842 [INFO] src.corpus_acquisition.metadata_extractor: Saved crawl log -> data/raw/crawl_logs/peru21_2021-03-15.json (status=failed)
2026-07-07 22:03:41,843 [ERROR] src.corpus_acquisition.downloader: Skipping peru21 on 2021-03-16 due to unrecoverable error: Could not open Parquet input source '<Buffer>': Couldn't deserialize thrift: TProtocolException: Invalid data

2026-07-07 22:03:41,845 [INFO] src.corpus_acquisition.metadata_extractor: Saved crawl log -> data/raw/crawl_logs/peru21_2021-03-16.json (status=failed)
2026-07-07 22:03:41,847 [ERROR] src.corpus_acquisition.downloader: Skipping peru21 on 2021-03-17 due to unrecoverable error: Could not open Parquet input source '<Buffer>': Couldn't deserialize thrift: TProtocolException: Invalid data

2026-07-07 22:03:41,848 [INFO] src.corpus_acquisition.metadata_extractor: Saved crawl log -> data/raw/crawl_logs/peru21_2021-03-17.json (status=failed)
2026-07-07 22:03:41,850 [ERROR] src.corpus_acquisition.downloader: Skipping peru21 on 2021-03-18 due to unrecoverable error: Could not open Parquet input source '<Buffer>': Couldn't deserialize thrift: TProtocolException: Invalid data

2026-07-07 22:03:41,852 [INFO] src.corpus_acquisition.metadata_extractor: Saved crawl log -> data/raw/crawl_logs/peru21_2021-03-18.json (status=failed)
2026-07-07 22:03:41,853 [ERROR] src.corpus_acquisition.downloader: Skipping peru21 on 2021-03-19 due to unrecoverable error: Could not open Parquet input source '<Buffer>': Couldn't deserialize thrift: TProtocolException: Invalid data

2026-07-07 22:03:41,855 [INFO] src.corpus_acquisition.metadata_extractor: Saved crawl log -> data/raw/crawl_logs/peru21_2021-03-19.json (status=failed)
2026-07-07 22:03:41,857 [ERROR] src.corpus_acquisition.downloader: Skipping peru21 on 2021-03-20 due to unrecoverable error: Could not open Parquet input source '<Buffer>': Couldn't deserialize thrift: TProtocolException: Invalid data

2026-07-07 22:03:41,859 [INFO] src.corpus_acquisition.metadata_extractor: Saved crawl log -> data/raw/crawl_logs/peru21_2021-03-20.json (status=failed)
2026-07-07 22:03:41,860 [ERROR] src.corpus_acquisition.downloader: Skipping peru21 on 2021-03-21 due to unrecoverable error: Could not open Parquet input source '<Buffer>': Couldn't deserialize thrift: TProtocolException: Invalid data

2026-07-07 22:03:41,862 [INFO] src.corpus_acquisition.metadata_extractor: Saved crawl log -> data/raw/crawl_logs/peru21_2021-03-21.json (status=failed)
2026-07-07 22:03:41,864 [ERROR] src.corpus_acquisition.downloader: Skipping peru21 on 2021-03-22 due to unrecoverable error: Could not open Parquet input source '<Buffer>': Couldn't deserialize thrift: TProtocolException: Invalid data

2026-07-07 22:03:41,866 [INFO] src.corpus_acquisition.metadata_extractor: Saved crawl log -> data/raw/crawl_logs/peru21_2021-03-22.json (status=failed)
2026-07-07 22:03:41,867 [ERROR] src.corpus_acquisition.downloader: Skipping peru21 on 2021-03-23 due to unrecoverable error: Could not open Parquet input source '<Buffer>': Couldn't deserialize thrift: TProtocolException: Invalid data

2026-07-07 22:03:41,868 [INFO] src.corpus_acquisition.metadata_extractor: Saved crawl log -> data/raw/crawl_logs/peru21_2021-03-23.json (status=failed)
2026-07-07 22:03:41,870 [ERROR] src.corpus_acquisition.downloader: Skipping peru21 on 2021-03-24 due to unrecoverable error: Could not open Parquet input source '<Buffer>': Couldn't deserialize thrift: TProtocolException: Invalid data

2026-07-07 22:03:41,871 [INFO] src.corpus_acquisition.metadata_extractor: Saved crawl log -> data/raw/crawl_logs/peru21_2021-03-24.json (status=failed)
2026-07-07 22:03:41,873 [ERROR] src.corpus_acquisition.downloader: Skipping peru21 on 2021-03-25 due to unrecoverable error: Could not open Parquet input source '<Buffer>': Couldn't deserialize thrift: TProtocolException: Invalid data

2026-07-07 22:03:41,875 [INFO] src.corpus_acquisition.metadata_extractor: Saved crawl log -> data/raw/crawl_logs/peru21_2021-03-25.json (status=failed)
2026-07-07 22:03:41,876 [ERROR] src.corpus_acquisition.downloader: Skipping peru21 on 2021-03-26 due to unrecoverable error: Could not open Parquet input source '<Buffer>': Couldn't deserialize thrift: TProtocolException: Invalid data

2026-07-07 22:03:41,878 [INFO] src.corpus_acquisition.metadata_extractor: Saved crawl log -> data/raw/crawl_logs/peru21_2021-03-26.json (status=failed)
2026-07-07 22:03:41,879 [ERROR] src.corpus_acquisition.downloader: Skipping peru21 on 2021-03-27 due to unrecoverable error: Could not open Parquet input source '<Buffer>': Couldn't deserialize thrift: TProtocolException: Invalid data

2026-07-07 22:03:41,881 [INFO] src.corpus_acquisition.metadata_extractor: Saved crawl log -> data/raw/crawl_logs/peru21_2021-03-27.json (status=failed)
2026-07-07 22:03:41,882 [ERROR] src.corpus_acquisition.downloader: Skipping peru21 on 2021-03-28 due to unrecoverable error: Could not open Parquet input source '<Buffer>': Couldn't deserialize thrift: TProtocolException: Invalid data

2026-07-07 22:03:41,884 [INFO] src.corpus_acquisition.metadata_extractor: Saved crawl log -> data/raw/crawl_logs/peru21_2021-03-28.json (status=failed)
2026-07-07 22:03:41,886 [ERROR] src.corpus_acquisition.downloader: Skipping peru21 on 2021-03-29 due to unrecoverable error: Could not open Parquet input source '<Buffer>': Couldn't deserialize thrift: TProtocolException: Invalid data

2026-07-07 22:03:41,887 [INFO] src.corpus_acquisition.metadata_extractor: Saved crawl log -> data/raw/crawl_logs/peru21_2021-03-29.json (status=failed)
2026-07-07 22:03:41,889 [ERROR] src.corpus_acquisition.downloader: Skipping peru21 on 2021-03-30 due to unrecoverable error: Could not open Parquet input source '<Buffer>': Couldn't deserialize thrift: TProtocolException: Invalid data

2026-07-07 22:03:41,891 [INFO] src.corpus_acquisition.metadata_extractor: Saved crawl log -> data/raw/crawl_logs/peru21_2021-03-30.json (status=failed)
2026-07-07 22:03:41,892 [ERROR] src.corpus_acquisition.downloader: Skipping peru21 on 2021-03-31 due to unrecoverable error: Could not open Parquet input source '<Buffer>': Couldn't deserialize thrift: TProtocolException: Invalid data

2026-07-07 22:03:41,894 [INFO] src.corpus_acquisition.metadata_extractor: Saved crawl log -> data/raw/crawl_logs/peru21_2021-03-31.json (status=failed)
2026-07-07 22:03:41,895 [ERROR] src.corpus_acquisition.downloader: Skipping peru21 on 2021-04-01 due to unrecoverable error: Could not open Parquet input source '<Buffer>': Couldn't deserialize thrift: TProtocolException: Invalid data

2026-07-07 22:03:41,900 [INFO] src.corpus_acquisition.metadata_extractor: Saved crawl log -> data/raw/crawl_logs/peru21_2021-04-01.json (status=failed)
2026-07-07 22:03:41,902 [ERROR] src.corpus_acquisition.downloader: Skipping peru21 on 2021-04-02 due to unrecoverable error: Could not open Parquet input source '<Buffer>': Couldn't deserialize thrift: TProtocolException: Invalid data

2026-07-07 22:03:41,906 [INFO] src.corpus_acquisition.metadata_extractor: Saved crawl log -> data/raw/crawl_logs/peru21_2021-04-02.json (status=failed)
2026-07-07 22:03:41,908 [ERROR] src.corpus_acquisition.downloader: Skipping peru21 on 2021-04-03 due to unrecoverable error: Could not open Parquet input source '<Buffer>': Couldn't deserialize thrift: TProtocolException: Invalid data

2026-07-07 22:03:41,913 [INFO] src.corpus_acquisition.metadata_extractor: Saved crawl log -> data/raw/crawl_logs/peru21_2021-04-03.json (status=failed)
2026-07-07 22:03:41,915 [ERROR] src.corpus_acquisition.downloader: Skipping peru21 on 2021-04-04 due to unrecoverable error: Could not open Parquet input source '<Buffer>': Couldn't deserialize thrift: TProtocolException: Invalid data

2026-07-07 22:03:41,919 [INFO] src.corpus_acquisition.metadata_extractor: Saved crawl log -> data/raw/crawl_logs/peru21_2021-04-04.json (status=failed)
2026-07-07 22:03:41,921 [ERROR] src.corpus_acquisition.downloader: Skipping peru21 on 2021-04-05 due to unrecoverable error: Could not open Parquet input source '<Buffer>': Couldn't deserialize thrift: TProtocolException: Invalid data

2026-07-07 22:03:41,922 [INFO] src.corpus_acquisition.metadata_extractor: Saved crawl log -> data/raw/crawl_logs/peru21_2021-04-05.json (status=failed)
2026-07-07 22:03:41,924 [ERROR] src.corpus_acquisition.downloader: Skipping peru21 on 2021-04-06 due to unrecoverable error: Could not open Parquet input source '<Buffer>': Couldn't deserialize thrift: TProtocolException: Invalid data

2026-07-07 22:03:41,926 [INFO] src.corpus_acquisition.metadata_extractor: Saved crawl log -> data/raw/crawl_logs/peru21_2021-04-06.json (status=failed)
2026-07-07 22:03:41,927 [ERROR] src.corpus_acquisition.downloader: Skipping peru21 on 2021-04-07 due to unrecoverable error: Could not open Parquet input source '<Buffer>': Couldn't deserialize thrift: TProtocolException: Invalid data

2026-07-07 22:03:41,929 [INFO] src.corpus_acquisition.metadata_extractor: Saved crawl log -> data/raw/crawl_logs/peru21_2021-04-07.json (status=failed)
2026-07-07 22:03:41,931 [ERROR] src.corpus_acquisition.downloader: Skipping peru21 on 2021-04-08 due to unrecoverable error: Could not open Parquet input source '<Buffer>': Couldn't deserialize thrift: TProtocolException: Invalid data

2026-07-07 22:03:41,933 [INFO] src.corpus_acquisition.metadata_extractor: Saved crawl log -> data/raw/crawl_logs/peru21_2021-04-08.json (status=failed)
2026-07-07 22:03:41,934 [ERROR] src.corpus_acquisition.downloader: Skipping peru21 on 2021-04-09 due to unrecoverable error: Could not open Parquet input source '<Buffer>': Couldn't deserialize thrift: TProtocolException: Invalid data

2026-07-07 22:03:41,935 [INFO] src.corpus_acquisition.metadata_extractor: Saved crawl log -> data/raw/crawl_logs/peru21_2021-04-09.json (status=failed)
2026-07-07 22:03:41,937 [ERROR] src.corpus_acquisition.downloader: Skipping peru21 on 2021-04-10 due to unrecoverable error: Could not open Parquet input source '<Buffer>': Couldn't deserialize thrift: TProtocolException: Invalid data

2026-07-07 22:03:41,940 [INFO] src.corpus_acquisition.metadata_extractor: Saved crawl log -> data/raw/crawl_logs/peru21_2021-04-10.json (status=failed)
2026-07-07 22:03:41,941 [ERROR] src.corpus_acquisition.downloader: Skipping peru21 on 2021-04-11 due to unrecoverable error: Could not open Parquet input source '<Buffer>': Couldn't deserialize thrift: TProtocolException: Invalid data

2026-07-07 22:03:41,943 [INFO] src.corpus_acquisition.metadata_extractor: Saved crawl log -> data/raw/crawl_logs/peru21_2021-04-11.json (status=failed)
2026-07-07 22:03:41,945 [ERROR] src.corpus_acquisition.downloader: Skipping peru21 on 2021-04-12 due to unrecoverable error: Could not open Parquet input source '<Buffer>': Couldn't deserialize thrift: TProtocolException: Invalid data

2026-07-07 22:03:41,947 [INFO] src.corpus_acquisition.metadata_extractor: Saved crawl log -> data/raw/crawl_logs/peru21_2021-04-12.json (status=failed)
2026-07-07 22:03:41,948 [ERROR] src.corpus_acquisition.downloader: Skipping peru21 on 2021-04-13 due to unrecoverable error: Could not open Parquet input source '<Buffer>': Couldn't deserialize thrift: TProtocolException: Invalid data

2026-07-07 22:03:41,950 [INFO] src.corpus_acquisition.metadata_extractor: Saved crawl log -> data/raw/crawl_logs/peru21_2021-04-13.json (status=failed)
2026-07-07 22:03:41,951 [ERROR] src.corpus_acquisition.downloader: Skipping peru21 on 2021-04-14 due to unrecoverable error: Could not open Parquet input source '<Buffer>': Couldn't deserialize thrift: TProtocolException: Invalid data

2026-07-07 22:03:41,953 [INFO] src.corpus_acquisition.metadata_extractor: Saved crawl log -> data/raw/crawl_logs/peru21_2021-04-14.json (status=failed)
2026-07-07 22:03:41,954 [ERROR] src.corpus_acquisition.downloader: Skipping peru21 on 2021-04-15 due to unrecoverable error: Could not open Parquet input source '<Buffer>': Couldn't deserialize thrift: TProtocolException: Invalid data

2026-07-07 22:03:41,956 [INFO] src.corpus_acquisition.metadata_extractor: Saved crawl log -> data/raw/crawl_logs/peru21_2021-04-15.json (status=failed)
2026-07-07 22:03:41,957 [ERROR] src.corpus_acquisition.downloader: Skipping peru21 on 2021-04-16 due to unrecoverable error: Could not open Parquet input source '<Buffer>': Couldn't deserialize thrift: TProtocolException: Invalid data

2026-07-07 22:03:41,959 [INFO] src.corpus_acquisition.metadata_extractor: Saved crawl log -> data/raw/crawl_logs/peru21_2021-04-16.json (status=failed)
2026-07-07 22:03:41,961 [ERROR] src.corpus_acquisition.downloader: Skipping peru21 on 2021-04-17 due to unrecoverable error: Could not open Parquet input source '<Buffer>': Couldn't deserialize thrift: TProtocolException: Invalid data

2026-07-07 22:03:41,962 [INFO] src.corpus_acquisition.metadata_extractor: Saved crawl log -> data/raw/crawl_logs/peru21_2021-04-17.json (status=failed)
2026-07-07 22:03:41,964 [ERROR] src.corpus_acquisition.downloader: Skipping peru21 on 2021-04-18 due to unrecoverable error: Could not open Parquet input source '<Buffer>': Couldn't deserialize thrift: TProtocolException: Invalid data

2026-07-07 22:03:41,966 [INFO] src.corpus_acquisition.metadata_extractor: Saved crawl log -> data/raw/crawl_logs/peru21_2021-04-18.json (status=failed)
2026-07-07 22:03:41,967 [ERROR] src.corpus_acquisition.downloader: Skipping peru21 on 2021-04-19 due to unrecoverable error: Could not open Parquet input source '<Buffer>': Couldn't deserialize thrift: TProtocolException: Invalid data

2026-07-07 22:03:41,969 [INFO] src.corpus_acquisition.metadata_extractor: Saved crawl log -> data/raw/crawl_logs/peru21_2021-04-19.json (status=failed)
2026-07-07 22:03:41,971 [ERROR] src.corpus_acquisition.downloader: Skipping peru21 on 2021-04-20 due to unrecoverable error: Could not open Parquet input source '<Buffer>': Couldn't deserialize thrift: TProtocolException: Invalid data

2026-07-07 22:03:41,972 [INFO] src.corpus_acquisition.metadata_extractor: Saved crawl log -> data/raw/crawl_logs/peru21_2021-04-20.json (status=failed)
2026-07-07 22:03:41,974 [ERROR] src.corpus_acquisition.downloader: Skipping peru21 on 2021-04-21 due to unrecoverable error: Could not open Parquet input source '<Buffer>': Couldn't deserialize thrift: TProtocolException: Invalid data

2026-07-07 22:03:41,976 [INFO] src.corpus_acquisition.metadata_extractor: Saved crawl log -> data/raw/crawl_logs/peru21_2021-04-21.json (status=failed)
2026-07-07 22:03:41,977 [ERROR] src.corpus_acquisition.downloader: Skipping peru21 on 2021-04-22 due to unrecoverable error: Could not open Parquet input source '<Buffer>': Couldn't deserialize thrift: TProtocolException: Invalid data

2026-07-07 22:03:41,979 [INFO] src.corpus_acquisition.metadata_extractor: Saved crawl log -> data/raw/crawl_logs/peru21_2021-04-22.json (status=failed)
2026-07-07 22:03:41,980 [ERROR] src.corpus_acquisition.downloader: Skipping peru21 on 2021-04-23 due to unrecoverable error: Could not open Parquet input source '<Buffer>': Couldn't deserialize thrift: TProtocolException: Invalid data

2026-07-07 22:03:41,982 [INFO] src.corpus_acquisition.metadata_extractor: Saved crawl log -> data/raw/crawl_logs/peru21_2021-04-23.json (status=failed)
2026-07-07 22:03:41,984 [ERROR] src.corpus_acquisition.downloader: Skipping peru21 on 2021-04-24 due to unrecoverable error: Could not open Parquet input source '<Buffer>': Couldn't deserialize thrift: TProtocolException: Invalid data

2026-07-07 22:03:41,986 [INFO] src.corpus_acquisition.metadata_extractor: Saved crawl log -> data/raw/crawl_logs/peru21_2021-04-24.json (status=failed)
2026-07-07 22:03:41,988 [ERROR] src.corpus_acquisition.downloader: Skipping peru21 on 2021-04-25 due to unrecoverable error: Could not open Parquet input source '<Buffer>': Couldn't deserialize thrift: TProtocolException: Invalid data

2026-07-07 22:03:41,989 [INFO] src.corpus_acquisition.metadata_extractor: Saved crawl log -> data/raw/crawl_logs/peru21_2021-04-25.json (status=failed)
2026-07-07 22:03:41,991 [ERROR] src.corpus_acquisition.downloader: Skipping peru21 on 2021-04-26 due to unrecoverable error: Could not open Parquet input source '<Buffer>': Couldn't deserialize thrift: TProtocolException: Invalid data

2026-07-07 22:03:41,994 [INFO] src.corpus_acquisition.metadata_extractor: Saved crawl log -> data/raw/crawl_logs/peru21_2021-04-26.json (status=failed)
2026-07-07 22:03:41,995 [ERROR] src.corpus_acquisition.downloader: Skipping peru21 on 2021-04-27 due to unrecoverable error: Could not open Parquet input source '<Buffer>': Couldn't deserialize thrift: TProtocolException: Invalid data

2026-07-07 22:03:41,997 [INFO] src.corpus_acquisition.metadata_extractor: Saved crawl log -> data/raw/crawl_logs/peru21_2021-04-27.json (status=failed)
2026-07-07 22:03:41,998 [ERROR] src.corpus_acquisition.downloader: Skipping peru21 on 2021-04-28 due to unrecoverable error: Could not open Parquet input source '<Buffer>': Couldn't deserialize thrift: TProtocolException: Invalid data

2026-07-07 22:03:42,000 [INFO] src.corpus_acquisition.metadata_extractor: Saved crawl log -> data/raw/crawl_logs/peru21_2021-04-28.json (status=failed)
2026-07-07 22:03:42,001 [ERROR] src.corpus_acquisition.downloader: Skipping peru21 on 2021-04-29 due to unrecoverable error: Could not open Parquet input source '<Buffer>': Couldn't deserialize thrift: TProtocolException: Invalid data

2026-07-07 22:03:42,003 [INFO] src.corpus_acquisition.metadata_extractor: Saved crawl log -> data/raw/crawl_logs/peru21_2021-04-29.json (status=failed)
2026-07-07 22:03:42,004 [ERROR] src.corpus_acquisition.downloader: Skipping peru21 on 2021-04-30 due to unrecoverable error: Could not open Parquet input source '<Buffer>': Couldn't deserialize thrift: TProtocolException: Invalid data

2026-07-07 22:03:42,006 [INFO] src.corpus_acquisition.metadata_extractor: Saved crawl log -> data/raw/crawl_logs/peru21_2021-04-30.json (status=failed)
2026-07-07 22:03:42,007 [ERROR] src.corpus_acquisition.downloader: Skipping peru21 on 2021-05-01 due to unrecoverable error: Could not open Parquet input source '<Buffer>': Couldn't deserialize thrift: TProtocolException: Invalid data

2026-07-07 22:03:42,009 [INFO] src.corpus_acquisition.metadata_extractor: Saved crawl log -> data/raw/crawl_logs/peru21_2021-05-01.json (status=failed)
2026-07-07 22:03:42,010 [ERROR] src.corpus_acquisition.downloader: Skipping peru21 on 2021-05-02 due to unrecoverable error: Could not open Parquet input source '<Buffer>': Couldn't deserialize thrift: TProtocolException: Invalid data

2026-07-07 22:03:42,012 [INFO] src.corpus_acquisition.metadata_extractor: Saved crawl log -> data/raw/crawl_logs/peru21_2021-05-02.json (status=failed)
2026-07-07 22:03:42,014 [ERROR] src.corpus_acquisition.downloader: Skipping peru21 on 2021-05-03 due to unrecoverable error: Could not open Parquet input source '<Buffer>': Couldn't deserialize thrift: TProtocolException: Invalid data

2026-07-07 22:03:42,015 [INFO] src.corpus_acquisition.metadata_extractor: Saved crawl log -> data/raw/crawl_logs/peru21_2021-05-03.json (status=failed)
2026-07-07 22:03:42,017 [ERROR] src.corpus_acquisition.downloader: Skipping peru21 on 2021-05-04 due to unrecoverable error: Could not open Parquet input source '<Buffer>': Couldn't deserialize thrift: TProtocolException: Invalid data

2026-07-07 22:03:42,019 [INFO] src.corpus_acquisition.metadata_extractor: Saved crawl log -> data/raw/crawl_logs/peru21_2021-05-04.json (status=failed)
2026-07-07 22:03:42,021 [ERROR] src.corpus_acquisition.downloader: Skipping peru21 on 2021-05-05 due to unrecoverable error: Could not open Parquet input source '<Buffer>': Couldn't deserialize thrift: TProtocolException: Invalid data

2026-07-07 22:03:42,022 [INFO] src.corpus_acquisition.metadata_extractor: Saved crawl log -> data/raw/crawl_logs/peru21_2021-05-05.json (status=failed)
2026-07-07 22:03:42,024 [ERROR] src.corpus_acquisition.downloader: Skipping peru21 on 2021-05-06 due to unrecoverable error: Could not open Parquet input source '<Buffer>': Couldn't deserialize thrift: TProtocolException: Invalid data

2026-07-07 22:03:42,026 [INFO] src.corpus_acquisition.metadata_extractor: Saved crawl log -> data/raw/crawl_logs/peru21_2021-05-06.json (status=failed)
2026-07-07 22:03:42,027 [ERROR] src.corpus_acquisition.downloader: Skipping peru21 on 2021-05-07 due to unrecoverable error: Could not open Parquet input source '<Buffer>': Couldn't deserialize thrift: TProtocolException: Invalid data

2026-07-07 22:03:42,029 [INFO] src.corpus_acquisition.metadata_extractor: Saved crawl log -> data/raw/crawl_logs/peru21_2021-05-07.json (status=failed)
2026-07-07 22:03:42,031 [ERROR] src.corpus_acquisition.downloader: Skipping peru21 on 2021-05-08 due to unrecoverable error: Could not open Parquet input source '<Buffer>': Couldn't deserialize thrift: TProtocolException: Invalid data

2026-07-07 22:03:42,033 [INFO] src.corpus_acquisition.metadata_extractor: Saved crawl log -> data/raw/crawl_logs/peru21_2021-05-08.json (status=failed)
2026-07-07 22:03:42,034 [ERROR] src.corpus_acquisition.downloader: Skipping peru21 on 2021-05-09 due to unrecoverable error: Could not open Parquet input source '<Buffer>': Couldn't deserialize thrift: TProtocolException: Invalid data

2026-07-07 22:03:42,036 [INFO] src.corpus_acquisition.metadata_extractor: Saved crawl log -> data/raw/crawl_logs/peru21_2021-05-09.json (status=failed)
2026-07-07 22:03:42,037 [ERROR] src.corpus_acquisition.downloader: Skipping peru21 on 2021-05-10 due to unrecoverable error: Could not open Parquet input source '<Buffer>': Couldn't deserialize thrift: TProtocolException: Invalid data

2026-07-07 22:03:42,039 [INFO] src.corpus_acquisition.metadata_extractor: Saved crawl log -> data/raw/crawl_logs/peru21_2021-05-10.json (status=failed)
2026-07-07 22:03:42,040 [ERROR] src.corpus_acquisition.downloader: Skipping peru21 on 2021-05-11 due to unrecoverable error: Could not open Parquet input source '<Buffer>': Couldn't deserialize thrift: TProtocolException: Invalid data

2026-07-07 22:03:42,042 [INFO] src.corpus_acquisition.metadata_extractor: Saved crawl log -> data/raw/crawl_logs/peru21_2021-05-11.json (status=failed)
2026-07-07 22:03:42,043 [ERROR] src.corpus_acquisition.downloader: Skipping peru21 on 2021-05-12 due to unrecoverable error: Could not open Parquet input source '<Buffer>': Couldn't deserialize thrift: TProtocolException: Invalid data

2026-07-07 22:03:42,045 [INFO] src.corpus_acquisition.metadata_extractor: Saved crawl log -> data/raw/crawl_logs/peru21_2021-05-12.json (status=failed)
2026-07-07 22:03:42,047 [ERROR] src.corpus_acquisition.downloader: Skipping peru21 on 2021-05-13 due to unrecoverable error: Could not open Parquet input source '<Buffer>': Couldn't deserialize thrift: TProtocolException: Invalid data

2026-07-07 22:03:42,049 [INFO] src.corpus_acquisition.metadata_extractor: Saved crawl log -> data/raw/crawl_logs/peru21_2021-05-13.json (status=failed)
2026-07-07 22:03:42,050 [ERROR] src.corpus_acquisition.downloader: Skipping peru21 on 2021-05-14 due to unrecoverable error: Could not open Parquet input source '<Buffer>': Couldn't deserialize thrift: TProtocolException: Invalid data

2026-07-07 22:03:42,051 [INFO] src.corpus_acquisition.metadata_extractor: Saved crawl log -> data/raw/crawl_logs/peru21_2021-05-14.json (status=failed)
2026-07-07 22:03:42,053 [ERROR] src.corpus_acquisition.downloader: Skipping peru21 on 2021-05-15 due to unrecoverable error: Could not open Parquet input source '<Buffer>': Couldn't deserialize thrift: TProtocolException: Invalid data

2026-07-07 22:03:42,054 [INFO] src.corpus_acquisition.metadata_extractor: Saved crawl log -> data/raw/crawl_logs/peru21_2021-05-15.json (status=failed)
2026-07-07 22:03:42,056 [ERROR] src.corpus_acquisition.downloader: Skipping peru21 on 2021-05-16 due to unrecoverable error: Could not open Parquet input source '<Buffer>': Couldn't deserialize thrift: TProtocolException: Invalid data

2026-07-07 22:03:42,058 [INFO] src.corpus_acquisition.metadata_extractor: Saved crawl log -> data/raw/crawl_logs/peru21_2021-05-16.json (status=failed)
2026-07-07 22:03:42,060 [ERROR] src.corpus_acquisition.downloader: Skipping peru21 on 2021-05-17 due to unrecoverable error: Could not open Parquet input source '<Buffer>': Couldn't deserialize thrift: TProtocolException: Invalid data

2026-07-07 22:03:42,061 [INFO] src.corpus_acquisition.metadata_extractor: Saved crawl log -> data/raw/crawl_logs/peru21_2021-05-17.json (status=failed)
2026-07-07 22:03:42,063 [ERROR] src.corpus_acquisition.downloader: Skipping peru21 on 2021-05-18 due to unrecoverable error: Could not open Parquet input source '<Buffer>': Couldn't deserialize thrift: TProtocolException: Invalid data

2026-07-07 22:03:42,064 [INFO] src.corpus_acquisition.metadata_extractor: Saved crawl log -> data/raw/crawl_logs/peru21_2021-05-18.json (status=failed)
2026-07-07 22:03:42,066 [ERROR] src.corpus_acquisition.downloader: Skipping peru21 on 2021-05-19 due to unrecoverable error: Could not open Parquet input source '<Buffer>': Couldn't deserialize thrift: TProtocolException: Invalid data

2026-07-07 22:03:42,067 [INFO] src.corpus_acquisition.metadata_extractor: Saved crawl log -> data/raw/crawl_logs/peru21_2021-05-19.json (status=failed)
2026-07-07 22:03:42,069 [ERROR] src.corpus_acquisition.downloader: Skipping peru21 on 2021-05-20 due to unrecoverable error: Could not open Parquet input source '<Buffer>': Couldn't deserialize thrift: TProtocolException: Invalid data

2026-07-07 22:03:42,071 [INFO] src.corpus_acquisition.metadata_extractor: Saved crawl log -> data/raw/crawl_logs/peru21_2021-05-20.json (status=failed)
2026-07-07 22:03:42,072 [ERROR] src.corpus_acquisition.downloader: Skipping peru21 on 2021-05-21 due to unrecoverable error: Could not open Parquet input source '<Buffer>': Couldn't deserialize thrift: TProtocolException: Invalid data

2026-07-07 22:03:42,074 [INFO] src.corpus_acquisition.metadata_extractor: Saved crawl log -> data/raw/crawl_logs/peru21_2021-05-21.json (status=failed)
2026-07-07 22:03:42,076 [ERROR] src.corpus_acquisition.downloader: Skipping peru21 on 2021-05-22 due to unrecoverable error: Could not open Parquet input source '<Buffer>': Couldn't deserialize thrift: TProtocolException: Invalid data

2026-07-07 22:03:42,078 [INFO] src.corpus_acquisition.metadata_extractor: Saved crawl log -> data/raw/crawl_logs/peru21_2021-05-22.json (status=failed)
2026-07-07 22:03:42,079 [ERROR] src.corpus_acquisition.downloader: Skipping peru21 on 2021-05-23 due to unrecoverable error: Could not open Parquet input source '<Buffer>': Couldn't deserialize thrift: TProtocolException: Invalid data

2026-07-07 22:03:42,085 [INFO] src.corpus_acquisition.metadata_extractor: Saved crawl log -> data/raw/crawl_logs/peru21_2021-05-23.json (status=failed)
2026-07-07 22:03:42,086 [ERROR] src.corpus_acquisition.downloader: Skipping peru21 on 2021-05-24 due to unrecoverable error: Could not open Parquet input source '<Buffer>': Couldn't deserialize thrift: TProtocolException: Invalid data

2026-07-07 22:03:42,088 [INFO] src.corpus_acquisition.metadata_extractor: Saved crawl log -> data/raw/crawl_logs/peru21_2021-05-24.json (status=failed)
2026-07-07 22:03:42,090 [ERROR] src.corpus_acquisition.downloader: Skipping peru21 on 2021-05-25 due to unrecoverable error: Could not open Parquet input source '<Buffer>': Couldn't deserialize thrift: TProtocolException: Invalid data

2026-07-07 22:03:42,092 [INFO] src.corpus_acquisition.metadata_extractor: Saved crawl log -> data/raw/crawl_logs/peru21_2021-05-25.json (status=failed)
2026-07-07 22:03:42,093 [ERROR] src.corpus_acquisition.downloader: Skipping peru21 on 2021-05-26 due to unrecoverable error: Could not open Parquet input source '<Buffer>': Couldn't deserialize thrift: TProtocolException: Invalid data

2026-07-07 22:03:42,095 [INFO] src.corpus_acquisition.metadata_extractor: Saved crawl log -> data/raw/crawl_logs/peru21_2021-05-26.json (status=failed)
2026-07-07 22:03:42,096 [ERROR] src.corpus_acquisition.downloader: Skipping peru21 on 2021-05-27 due to unrecoverable error: Could not open Parquet input source '<Buffer>': Couldn't deserialize thrift: TProtocolException: Invalid data

2026-07-07 22:03:42,098 [INFO] src.corpus_acquisition.metadata_extractor: Saved crawl log -> data/raw/crawl_logs/peru21_2021-05-27.json (status=failed)
2026-07-07 22:03:42,099 [ERROR] src.corpus_acquisition.downloader: Skipping peru21 on 2021-05-28 due to unrecoverable error: Could not open Parquet input source '<Buffer>': Couldn't deserialize thrift: TProtocolException: Invalid data

2026-07-07 22:03:42,101 [INFO] src.corpus_acquisition.metadata_extractor: Saved crawl log -> data/raw/crawl_logs/peru21_2021-05-28.json (status=failed)
2026-07-07 22:03:42,102 [ERROR] src.corpus_acquisition.downloader: Skipping peru21 on 2021-05-29 due to unrecoverable error: Could not open Parquet input source '<Buffer>': Couldn't deserialize thrift: TProtocolException: Invalid data

2026-07-07 22:03:42,104 [INFO] src.corpus_acquisition.metadata_extractor: Saved crawl log -> data/raw/crawl_logs/peru21_2021-05-29.json (status=failed)
2026-07-07 22:03:42,105 [ERROR] src.corpus_acquisition.downloader: Skipping peru21 on 2021-05-30 due to unrecoverable error: Could not open Parquet input source '<Buffer>': Couldn't deserialize thrift: TProtocolException: Invalid data

2026-07-07 22:03:42,107 [INFO] src.corpus_acquisition.metadata_extractor: Saved crawl log -> data/raw/crawl_logs/peru21_2021-05-30.json (status=failed)
2026-07-07 22:03:42,109 [ERROR] src.corpus_acquisition.downloader: Skipping peru21 on 2021-05-31 due to unrecoverable error: Could not open Parquet input source '<Buffer>': Couldn't deserialize thrift: TProtocolException: Invalid data

2026-07-07 22:03:42,111 [INFO] src.corpus_acquisition.metadata_extractor: Saved crawl log -> data/raw/crawl_logs/peru21_2021-05-31.json (status=failed)
2026-07-07 22:03:42,112 [ERROR] src.corpus_acquisition.downloader: Skipping peru21 on 2021-06-01 due to unrecoverable error: Could not open Parquet input source '<Buffer>': Couldn't deserialize thrift: TProtocolException: Invalid data

2026-07-07 22:03:42,114 [INFO] src.corpus_acquisition.metadata_extractor: Saved crawl log -> data/raw/crawl_logs/peru21_2021-06-01.json (status=failed)
2026-07-07 22:03:42,115 [ERROR] src.corpus_acquisition.downloader: Skipping peru21 on 2021-06-02 due to unrecoverable error: Could not open Parquet input source '<Buffer>': Couldn't deserialize thrift: TProtocolException: Invalid data

2026-07-07 22:03:42,117 [INFO] src.corpus_acquisition.metadata_extractor: Saved crawl log -> data/raw/crawl_logs/peru21_2021-06-02.json (status=failed)
2026-07-07 22:03:42,119 [ERROR] src.corpus_acquisition.downloader: Skipping peru21 on 2021-06-03 due to unrecoverable error: Could not open Parquet input source '<Buffer>': Couldn't deserialize thrift: TProtocolException: Invalid data

2026-07-07 22:03:42,120 [INFO] src.corpus_acquisition.metadata_extractor: Saved crawl log -> data/raw/crawl_logs/peru21_2021-06-03.json (status=failed)
2026-07-07 22:03:42,122 [ERROR] src.corpus_acquisition.downloader: Skipping peru21 on 2021-06-04 due to unrecoverable error: Could not open Parquet input source '<Buffer>': Couldn't deserialize thrift: TProtocolException: Invalid data

2026-07-07 22:03:42,124 [INFO] src.corpus_acquisition.metadata_extractor: Saved crawl log -> data/raw/crawl_logs/peru21_2021-06-04.json (status=failed)
2026-07-07 22:03:42,125 [ERROR] src.corpus_acquisition.downloader: Skipping peru21 on 2021-06-05 due to unrecoverable error: Could not open Parquet input source '<Buffer>': Couldn't deserialize thrift: TProtocolException: Invalid data

2026-07-07 22:03:42,127 [INFO] src.corpus_acquisition.metadata_extractor: Saved crawl log -> data/raw/crawl_logs/peru21_2021-06-05.json (status=failed)
2026-07-07 22:03:42,128 [ERROR] src.corpus_acquisition.downloader: Skipping peru21 on 2021-06-06 due to unrecoverable error: Could not open Parquet input source '<Buffer>': Couldn't deserialize thrift: TProtocolException: Invalid data

2026-07-07 22:03:42,130 [INFO] src.corpus_acquisition.metadata_extractor: Saved crawl log -> data/raw/crawl_logs/peru21_2021-06-06.json (status=failed)
2026-07-07 22:03:42,131 [ERROR] src.corpus_acquisition.downloader: Skipping peru21 on 2021-06-07 due to unrecoverable error: Could not open Parquet input source '<Buffer>': Couldn't deserialize thrift: TProtocolException: Invalid data

2026-07-07 22:03:42,133 [INFO] src.corpus_acquisition.metadata_extractor: Saved crawl log -> data/raw/crawl_logs/peru21_2021-06-07.json (status=failed)
2026-07-07 22:03:42,134 [ERROR] src.corpus_acquisition.downloader: Skipping peru21 on 2021-06-08 due to unrecoverable error: Could not open Parquet input source '<Buffer>': Couldn't deserialize thrift: TProtocolException: Invalid data

2026-07-07 22:03:42,136 [INFO] src.corpus_acquisition.metadata_extractor: Saved crawl log -> data/raw/crawl_logs/peru21_2021-06-08.json (status=failed)
2026-07-07 22:03:42,138 [ERROR] src.corpus_acquisition.downloader: Skipping peru21 on 2021-06-09 due to unrecoverable error: Could not open Parquet input source '<Buffer>': Couldn't deserialize thrift: TProtocolException: Invalid data

2026-07-07 22:03:42,139 [INFO] src.corpus_acquisition.metadata_extractor: Saved crawl log -> data/raw/crawl_logs/peru21_2021-06-09.json (status=failed)
2026-07-07 22:03:42,141 [ERROR] src.corpus_acquisition.downloader: Skipping peru21 on 2021-06-10 due to unrecoverable error: Could not open Parquet input source '<Buffer>': Couldn't deserialize thrift: TProtocolException: Invalid data

2026-07-07 22:03:42,143 [INFO] src.corpus_acquisition.metadata_extractor: Saved crawl log -> data/raw/crawl_logs/peru21_2021-06-10.json (status=failed)
2026-07-07 22:03:42,145 [ERROR] src.corpus_acquisition.downloader: Skipping peru21 on 2021-06-11 due to unrecoverable error: Could not open Parquet input source '<Buffer>': Couldn't deserialize thrift: TProtocolException: Invalid data

2026-07-07 22:03:42,150 [INFO] src.corpus_acquisition.metadata_extractor: Saved crawl log -> data/raw/crawl_logs/peru21_2021-06-11.json (status=failed)
2026-07-07 22:03:42,152 [ERROR] src.corpus_acquisition.downloader: Skipping peru21 on 2021-06-12 due to unrecoverable error: Could not open Parquet input source '<Buffer>': Couldn't deserialize thrift: TProtocolException: Invalid data

2026-07-07 22:03:42,153 [INFO] src.corpus_acquisition.metadata_extractor: Saved crawl log -> data/raw/crawl_logs/peru21_2021-06-12.json (status=failed)
2026-07-07 22:03:42,155 [ERROR] src.corpus_acquisition.downloader: Skipping peru21 on 2021-06-13 due to unrecoverable error: Could not open Parquet input source '<Buffer>': Couldn't deserialize thrift: TProtocolException: Invalid data

2026-07-07 22:03:42,157 [INFO] src.corpus_acquisition.metadata_extractor: Saved crawl log -> data/raw/crawl_logs/peru21_2021-06-13.json (status=failed)
2026-07-07 22:03:42,159 [ERROR] src.corpus_acquisition.downloader: Skipping peru21 on 2021-06-14 due to unrecoverable error: Could not open Parquet input source '<Buffer>': Couldn't deserialize thrift: TProtocolException: Invalid data

2026-07-07 22:03:42,160 [INFO] src.corpus_acquisition.metadata_extractor: Saved crawl log -> data/raw/crawl_logs/peru21_2021-06-14.json (status=failed)
2026-07-07 22:03:42,162 [ERROR] src.corpus_acquisition.downloader: Skipping peru21 on 2021-06-15 due to unrecoverable error: Could not open Parquet input source '<Buffer>': Couldn't deserialize thrift: TProtocolException: Invalid data

2026-07-07 22:03:42,164 [INFO] src.corpus_acquisition.metadata_extractor: Saved crawl log -> data/raw/crawl_logs/peru21_2021-06-15.json (status=failed)
2026-07-07 22:03:42,165 [ERROR] src.corpus_acquisition.downloader: Skipping peru21 on 2021-06-16 due to unrecoverable error: Could not open Parquet input source '<Buffer>': Couldn't deserialize thrift: TProtocolException: Invalid data

2026-07-07 22:03:42,167 [INFO] src.corpus_acquisition.metadata_extractor: Saved crawl log -> data/raw/crawl_logs/peru21_2021-06-16.json (status=failed)
2026-07-07 22:03:42,168 [ERROR] src.corpus_acquisition.downloader: Skipping peru21 on 2021-06-17 due to unrecoverable error: Could not open Parquet input source '<Buffer>': Couldn't deserialize thrift: TProtocolException: Invalid data

2026-07-07 22:03:42,170 [INFO] src.corpus_acquisition.metadata_extractor: Saved crawl log -> data/raw/crawl_logs/peru21_2021-06-17.json (status=failed)
2026-07-07 22:03:42,171 [ERROR] src.corpus_acquisition.downloader: Skipping peru21 on 2021-06-18 due to unrecoverable error: Could not open Parquet input source '<Buffer>': Couldn't deserialize thrift: TProtocolException: Invalid data

2026-07-07 22:03:42,173 [INFO] src.corpus_acquisition.metadata_extractor: Saved crawl log -> data/raw/crawl_logs/peru21_2021-06-18.json (status=failed)
2026-07-07 22:03:42,174 [ERROR] src.corpus_acquisition.downloader: Skipping peru21 on 2021-06-19 due to unrecoverable error: Could not open Parquet input source '<Buffer>': Couldn't deserialize thrift: TProtocolException: Invalid data

2026-07-07 22:03:42,176 [INFO] src.corpus_acquisition.metadata_extractor: Saved crawl log -> data/raw/crawl_logs/peru21_2021-06-19.json (status=failed)
2026-07-07 22:03:42,177 [ERROR] src.corpus_acquisition.downloader: Skipping peru21 on 2021-06-20 due to unrecoverable error: Could not open Parquet input source '<Buffer>': Couldn't deserialize thrift: TProtocolException: Invalid data

2026-07-07 22:03:42,179 [INFO] src.corpus_acquisition.metadata_extractor: Saved crawl log -> data/raw/crawl_logs/peru21_2021-06-20.json (status=failed)
2026-07-07 22:03:42,181 [ERROR] src.corpus_acquisition.downloader: Skipping peru21 on 2021-06-21 due to unrecoverable error: Could not open Parquet input source '<Buffer>': Couldn't deserialize thrift: TProtocolException: Invalid data

2026-07-07 22:03:42,182 [INFO] src.corpus_acquisition.metadata_extractor: Saved crawl log -> data/raw/crawl_logs/peru21_2021-06-21.json (status=failed)
2026-07-07 22:03:42,184 [ERROR] src.corpus_acquisition.downloader: Skipping peru21 on 2021-06-22 due to unrecoverable error: Could not open Parquet input source '<Buffer>': Couldn't deserialize thrift: TProtocolException: Invalid data

2026-07-07 22:03:42,186 [INFO] src.corpus_acquisition.metadata_extractor: Saved crawl log -> data/raw/crawl_logs/peru21_2021-06-22.json (status=failed)
2026-07-07 22:03:42,187 [ERROR] src.corpus_acquisition.downloader: Skipping peru21 on 2021-06-23 due to unrecoverable error: Could not open Parquet input source '<Buffer>': Couldn't deserialize thrift: TProtocolException: Invalid data

2026-07-07 22:03:42,189 [INFO] src.corpus_acquisition.metadata_extractor: Saved crawl log -> data/raw/crawl_logs/peru21_2021-06-23.json (status=failed)
2026-07-07 22:03:42,190 [ERROR] src.corpus_acquisition.downloader: Skipping peru21 on 2021-06-24 due to unrecoverable error: Could not open Parquet input source '<Buffer>': Couldn't deserialize thrift: TProtocolException: Invalid data

2026-07-07 22:03:42,192 [INFO] src.corpus_acquisition.metadata_extractor: Saved crawl log -> data/raw/crawl_logs/peru21_2021-06-24.json (status=failed)
2026-07-07 22:03:42,193 [ERROR] src.corpus_acquisition.downloader: Skipping peru21 on 2021-06-25 due to unrecoverable error: Could not open Parquet input source '<Buffer>': Couldn't deserialize thrift: TProtocolException: Invalid data

2026-07-07 22:03:42,195 [INFO] src.corpus_acquisition.metadata_extractor: Saved crawl log -> data/raw/crawl_logs/peru21_2021-06-25.json (status=failed)
2026-07-07 22:03:42,197 [ERROR] src.corpus_acquisition.downloader: Skipping peru21 on 2021-06-26 due to unrecoverable error: Could not open Parquet input source '<Buffer>': Couldn't deserialize thrift: TProtocolException: Invalid data

2026-07-07 22:03:42,199 [INFO] src.corpus_acquisition.metadata_extractor: Saved crawl log -> data/raw/crawl_logs/peru21_2021-06-26.json (status=failed)
2026-07-07 22:03:42,201 [ERROR] src.corpus_acquisition.downloader: Skipping peru21 on 2021-06-27 due to unrecoverable error: Could not open Parquet input source '<Buffer>': Couldn't deserialize thrift: TProtocolException: Invalid data

2026-07-07 22:03:42,202 [INFO] src.corpus_acquisition.metadata_extractor: Saved crawl log -> data/raw/crawl_logs/peru21_2021-06-27.json (status=failed)
2026-07-07 22:03:42,204 [ERROR] src.corpus_acquisition.downloader: Skipping peru21 on 2021-06-28 due to unrecoverable error: Could not open Parquet input source '<Buffer>': Couldn't deserialize thrift: TProtocolException: Invalid data

2026-07-07 22:03:42,205 [INFO] src.corpus_acquisition.metadata_extractor: Saved crawl log -> data/raw/crawl_logs/peru21_2021-06-28.json (status=failed)
2026-07-07 22:03:42,207 [ERROR] src.corpus_acquisition.downloader: Skipping peru21 on 2021-06-29 due to unrecoverable error: Could not open Parquet input source '<Buffer>': Couldn't deserialize thrift: TProtocolException: Invalid data

2026-07-07 22:03:42,208 [INFO] src.corpus_acquisition.metadata_extractor: Saved crawl log -> data/raw/crawl_logs/peru21_2021-06-29.json (status=failed)
2026-07-07 22:03:42,210 [ERROR] src.corpus_acquisition.downloader: Skipping peru21 on 2021-06-30 due to unrecoverable error: Could not open Parquet input source '<Buffer>': Couldn't deserialize thrift: TProtocolException: Invalid data

2026-07-07 22:03:42,212 [INFO] src.corpus_acquisition.metadata_extractor: Saved crawl log -> data/raw/crawl_logs/peru21_2021-06-30.json (status=failed)
2026-07-07 22:03:42,214 [ERROR] src.corpus_acquisition.downloader: Skipping peru21 on 2021-07-01 due to unrecoverable error: Could not open Parquet input source '<Buffer>': Couldn't deserialize thrift: TProtocolException: Invalid data

2026-07-07 22:03:42,216 [INFO] src.corpus_acquisition.metadata_extractor: Saved crawl log -> data/raw/crawl_logs/peru21_2021-07-01.json (status=failed)
2026-07-07 22:03:42,218 [ERROR] src.corpus_acquisition.downloader: Skipping peru21 on 2021-07-02 due to unrecoverable error: Could not open Parquet input source '<Buffer>': Couldn't deserialize thrift: TProtocolException: Invalid data

2026-07-07 22:03:42,219 [INFO] src.corpus_acquisition.metadata_extractor: Saved crawl log -> data/raw/crawl_logs/peru21_2021-07-02.json (status=failed)
2026-07-07 22:03:42,220 [ERROR] src.corpus_acquisition.downloader: Skipping peru21 on 2021-07-03 due to unrecoverable error: Could not open Parquet input source '<Buffer>': Couldn't deserialize thrift: TProtocolException: Invalid data

2026-07-07 22:03:42,222 [INFO] src.corpus_acquisition.metadata_extractor: Saved crawl log -> data/raw/crawl_logs/peru21_2021-07-03.json (status=failed)
2026-07-07 22:03:42,224 [ERROR] src.corpus_acquisition.downloader: Skipping peru21 on 2021-07-04 due to unrecoverable error: Could not open Parquet input source '<Buffer>': Couldn't deserialize thrift: TProtocolException: Invalid data

2026-07-07 22:03:42,226 [INFO] src.corpus_acquisition.metadata_extractor: Saved crawl log -> data/raw/crawl_logs/peru21_2021-07-04.json (status=failed)
2026-07-07 22:03:42,228 [ERROR] src.corpus_acquisition.downloader: Skipping peru21 on 2021-07-05 due to unrecoverable error: Could not open Parquet input source '<Buffer>': Couldn't deserialize thrift: TProtocolException: Invalid data

2026-07-07 22:03:42,229 [INFO] src.corpus_acquisition.metadata_extractor: Saved crawl log -> data/raw/crawl_logs/peru21_2021-07-05.json (status=failed)
2026-07-07 22:03:42,231 [ERROR] src.corpus_acquisition.downloader: Skipping peru21 on 2021-07-06 due to unrecoverable error: Could not open Parquet input source '<Buffer>': Couldn't deserialize thrift: TProtocolException: Invalid data

2026-07-07 22:03:42,233 [INFO] src.corpus_acquisition.metadata_extractor: Saved crawl log -> data/raw/crawl_logs/peru21_2021-07-06.json (status=failed)
2026-07-07 22:03:42,235 [ERROR] src.corpus_acquisition.downloader: Skipping peru21 on 2021-07-07 due to unrecoverable error: Could not open Parquet input source '<Buffer>': Couldn't deserialize thrift: TProtocolException: Invalid data

2026-07-07 22:03:42,237 [INFO] src.corpus_acquisition.metadata_extractor: Saved crawl log -> data/raw/crawl_logs/peru21_2021-07-07.json (status=failed)
2026-07-07 22:03:42,238 [ERROR] src.corpus_acquisition.downloader: Skipping peru21 on 2021-07-08 due to unrecoverable error: Could not open Parquet input source '<Buffer>': Couldn't deserialize thrift: TProtocolException: Invalid data

2026-07-07 22:03:42,240 [INFO] src.corpus_acquisition.metadata_extractor: Saved crawl log -> data/raw/crawl_logs/peru21_2021-07-08.json (status=failed)
2026-07-07 22:03:42,241 [ERROR] src.corpus_acquisition.downloader: Skipping peru21 on 2021-07-09 due to unrecoverable error: Could not open Parquet input source '<Buffer>': Couldn't deserialize thrift: TProtocolException: Invalid data

2026-07-07 22:03:42,242 [INFO] src.corpus_acquisition.metadata_extractor: Saved crawl log -> data/raw/crawl_logs/peru21_2021-07-09.json (status=failed)
2026-07-07 22:03:42,244 [ERROR] src.corpus_acquisition.downloader: Skipping peru21 on 2021-07-10 due to unrecoverable error: Could not open Parquet input source '<Buffer>': Couldn't deserialize thrift: TProtocolException: Invalid data

2026-07-07 22:03:42,246 [INFO] src.corpus_acquisition.metadata_extractor: Saved crawl log -> data/raw/crawl_logs/peru21_2021-07-10.json (status=failed)
2026-07-07 22:03:42,247 [ERROR] src.corpus_acquisition.downloader: Skipping peru21 on 2021-07-11 due to unrecoverable error: Could not open Parquet input source '<Buffer>': Couldn't deserialize thrift: TProtocolException: Invalid data

2026-07-07 22:03:42,252 [INFO] src.corpus_acquisition.metadata_extractor: Saved crawl log -> data/raw/crawl_logs/peru21_2021-07-11.json (status=failed)
2026-07-07 22:03:42,254 [ERROR] src.corpus_acquisition.downloader: Skipping peru21 on 2021-07-12 due to unrecoverable error: Could not open Parquet input source '<Buffer>': Couldn't deserialize thrift: TProtocolException: Invalid data

2026-07-07 22:03:42,255 [INFO] src.corpus_acquisition.metadata_extractor: Saved crawl log -> data/raw/crawl_logs/peru21_2021-07-12.json (status=failed)
2026-07-07 22:03:42,256 [ERROR] src.corpus_acquisition.downloader: Skipping peru21 on 2021-07-13 due to unrecoverable error: Could not open Parquet input source '<Buffer>': Couldn't deserialize thrift: TProtocolException: Invalid data

2026-07-07 22:03:42,259 [INFO] src.corpus_acquisition.metadata_extractor: Saved crawl log -> data/raw/crawl_logs/peru21_2021-07-13.json (status=failed)
2026-07-07 22:03:42,261 [ERROR] src.corpus_acquisition.downloader: Skipping peru21 on 2021-07-14 due to unrecoverable error: Could not open Parquet input source '<Buffer>': Couldn't deserialize thrift: TProtocolException: Invalid data

2026-07-07 22:03:42,262 [INFO] src.corpus_acquisition.metadata_extractor: Saved crawl log -> data/raw/crawl_logs/peru21_2021-07-14.json (status=failed)
2026-07-07 22:03:42,264 [ERROR] src.corpus_acquisition.downloader: Skipping peru21 on 2021-07-15 due to unrecoverable error: Could not open Parquet input source '<Buffer>': Couldn't deserialize thrift: TProtocolException: Invalid data

2026-07-07 22:03:42,266 [INFO] src.corpus_acquisition.metadata_extractor: Saved crawl log -> data/raw/crawl_logs/peru21_2021-07-15.json (status=failed)
2026-07-07 22:03:42,267 [ERROR] src.corpus_acquisition.downloader: Skipping peru21 on 2021-07-16 due to unrecoverable error: Could not open Parquet input source '<Buffer>': Couldn't deserialize thrift: TProtocolException: Invalid data

2026-07-07 22:03:42,269 [INFO] src.corpus_acquisition.metadata_extractor: Saved crawl log -> data/raw/crawl_logs/peru21_2021-07-16.json (status=failed)
2026-07-07 22:03:42,271 [ERROR] src.corpus_acquisition.downloader: Skipping peru21 on 2021-07-17 due to unrecoverable error: Could not open Parquet input source '<Buffer>': Couldn't deserialize thrift: TProtocolException: Invalid data

2026-07-07 22:03:42,273 [INFO] src.corpus_acquisition.metadata_extractor: Saved crawl log -> data/raw/crawl_logs/peru21_2021-07-17.json (status=failed)
2026-07-07 22:03:42,274 [ERROR] src.corpus_acquisition.downloader: Skipping peru21 on 2021-07-18 due to unrecoverable error: Could not open Parquet input source '<Buffer>': Couldn't deserialize thrift: TProtocolException: Invalid data

2026-07-07 22:03:42,276 [INFO] src.corpus_acquisition.metadata_extractor: Saved crawl log -> data/raw/crawl_logs/peru21_2021-07-18.json (status=failed)
2026-07-07 22:03:42,277 [ERROR] src.corpus_acquisition.downloader: Skipping peru21 on 2021-07-19 due to unrecoverable error: Could not open Parquet input source '<Buffer>': Couldn't deserialize thrift: TProtocolException: Invalid data

2026-07-07 22:03:42,279 [INFO] src.corpus_acquisition.metadata_extractor: Saved crawl log -> data/raw/crawl_logs/peru21_2021-07-19.json (status=failed)
2026-07-07 22:03:42,280 [ERROR] src.corpus_acquisition.downloader: Skipping peru21 on 2021-07-20 due to unrecoverable error: Could not open Parquet input source '<Buffer>': Couldn't deserialize thrift: TProtocolException: Invalid data

2026-07-07 22:03:42,282 [INFO] src.corpus_acquisition.metadata_extractor: Saved crawl log -> data/raw/crawl_logs/peru21_2021-07-20.json (status=failed)
2026-07-07 22:03:42,284 [ERROR] src.corpus_acquisition.downloader: Skipping peru21 on 2021-07-21 due to unrecoverable error: Could not open Parquet input source '<Buffer>': Couldn't deserialize thrift: TProtocolException: Invalid data

2026-07-07 22:03:42,286 [INFO] src.corpus_acquisition.metadata_extractor: Saved crawl log -> data/raw/crawl_logs/peru21_2021-07-21.json (status=failed)
2026-07-07 22:03:42,287 [ERROR] src.corpus_acquisition.downloader: Skipping peru21 on 2021-07-22 due to unrecoverable error: Could not open Parquet input source '<Buffer>': Couldn't deserialize thrift: TProtocolException: Invalid data

2026-07-07 22:03:42,289 [INFO] src.corpus_acquisition.metadata_extractor: Saved crawl log -> data/raw/crawl_logs/peru21_2021-07-22.json (status=failed)
2026-07-07 22:03:42,290 [ERROR] src.corpus_acquisition.downloader: Skipping peru21 on 2021-07-23 due to unrecoverable error: Could not open Parquet input source '<Buffer>': Couldn't deserialize thrift: TProtocolException: Invalid data

2026-07-07 22:03:42,292 [INFO] src.corpus_acquisition.metadata_extractor: Saved crawl log -> data/raw/crawl_logs/peru21_2021-07-23.json (status=failed)
2026-07-07 22:03:42,294 [ERROR] src.corpus_acquisition.downloader: Skipping peru21 on 2021-07-24 due to unrecoverable error: Could not open Parquet input source '<Buffer>': Couldn't deserialize thrift: TProtocolException: Invalid data

2026-07-07 22:03:42,296 [INFO] src.corpus_acquisition.metadata_extractor: Saved crawl log -> data/raw/crawl_logs/peru21_2021-07-24.json (status=failed)
2026-07-07 22:03:42,297 [ERROR] src.corpus_acquisition.downloader: Skipping peru21 on 2021-07-25 due to unrecoverable error: Could not open Parquet input source '<Buffer>': Couldn't deserialize thrift: TProtocolException: Invalid data

2026-07-07 22:03:42,299 [INFO] src.corpus_acquisition.metadata_extractor: Saved crawl log -> data/raw/crawl_logs/peru21_2021-07-25.json (status=failed)
2026-07-07 22:03:42,300 [ERROR] src.corpus_acquisition.downloader: Skipping peru21 on 2021-07-26 due to unrecoverable error: Could not open Parquet input source '<Buffer>': Couldn't deserialize thrift: TProtocolException: Invalid data

2026-07-07 22:03:42,302 [INFO] src.corpus_acquisition.metadata_extractor: Saved crawl log -> data/raw/crawl_logs/peru21_2021-07-26.json (status=failed)
2026-07-07 22:03:42,303 [ERROR] src.corpus_acquisition.downloader: Skipping peru21 on 2021-07-27 due to unrecoverable error: Could not open Parquet input source '<Buffer>': Couldn't deserialize thrift: TProtocolException: Invalid data

2026-07-07 22:03:42,305 [INFO] src.corpus_acquisition.metadata_extractor: Saved crawl log -> data/raw/crawl_logs/peru21_2021-07-27.json (status=failed)
2026-07-07 22:03:42,306 [ERROR] src.corpus_acquisition.downloader: Skipping peru21 on 2021-07-28 due to unrecoverable error: Could not open Parquet input source '<Buffer>': Couldn't deserialize thrift: TProtocolException: Invalid data

2026-07-07 22:03:42,308 [INFO] src.corpus_acquisition.metadata_extractor: Saved crawl log -> data/raw/crawl_logs/peru21_2021-07-28.json (status=failed)
2026-07-07 22:03:42,309 [ERROR] src.corpus_acquisition.downloader: Skipping peru21 on 2021-07-29 due to unrecoverable error: Could not open Parquet input source '<Buffer>': Couldn't deserialize thrift: TProtocolException: Invalid data

2026-07-07 22:03:42,311 [INFO] src.corpus_acquisition.metadata_extractor: Saved crawl log -> data/raw/crawl_logs/peru21_2021-07-29.json (status=failed)
2026-07-07 22:03:42,312 [ERROR] src.corpus_acquisition.downloader: Skipping peru21 on 2021-07-30 due to unrecoverable error: Could not open Parquet input source '<Buffer>': Couldn't deserialize thrift: TProtocolException: Invalid data

2026-07-07 22:03:42,314 [INFO] src.corpus_acquisition.metadata_extractor: Saved crawl log -> data/raw/crawl_logs/peru21_2021-07-30.json (status=failed)
2026-07-07 22:03:42,315 [ERROR] src.corpus_acquisition.downloader: Skipping peru21 on 2021-07-31 due to unrecoverable error: Could not open Parquet input source '<Buffer>': Couldn't deserialize thrift: TProtocolException: Invalid data

2026-07-07 22:03:42,316 [INFO] src.corpus_acquisition.metadata_extractor: Saved crawl log -> data/raw/crawl_logs/peru21_2021-07-31.json (status=failed)
2026-07-07 22:03:42,318 [ERROR] src.corpus_acquisition.downloader: Skipping peru21 on 2021-08-01 due to unrecoverable error: Could not open Parquet input source '<Buffer>': Couldn't deserialize thrift: TProtocolException: Invalid data

2026-07-07 22:03:42,320 [INFO] src.corpus_acquisition.metadata_extractor: Saved crawl log -> data/raw/crawl_logs/peru21_2021-08-01.json (status=failed)
2026-07-07 22:03:42,321 [ERROR] src.corpus_acquisition.downloader: Skipping peru21 on 2021-08-02 due to unrecoverable error: Could not open Parquet input source '<Buffer>': Couldn't deserialize thrift: TProtocolException: Invalid data

2026-07-07 22:03:42,322 [INFO] src.corpus_acquisition.metadata_extractor: Saved crawl log -> data/raw/crawl_logs/peru21_2021-08-02.json (status=failed)
2026-07-07 22:03:42,324 [ERROR] src.corpus_acquisition.downloader: Skipping peru21 on 2021-08-03 due to unrecoverable error: Could not open Parquet input source '<Buffer>': Couldn't deserialize thrift: TProtocolException: Invalid data

2026-07-07 22:03:42,325 [INFO] src.corpus_acquisition.metadata_extractor: Saved crawl log -> data/raw/crawl_logs/peru21_2021-08-03.json (status=failed)
2026-07-07 22:03:42,327 [ERROR] src.corpus_acquisition.downloader: Skipping peru21 on 2021-08-04 due to unrecoverable error: Could not open Parquet input source '<Buffer>': Couldn't deserialize thrift: TProtocolException: Invalid data

2026-07-07 22:03:42,329 [INFO] src.corpus_acquisition.metadata_extractor: Saved crawl log -> data/raw/crawl_logs/peru21_2021-08-04.json (status=failed)
2026-07-07 22:03:42,330 [ERROR] src.corpus_acquisition.downloader: Skipping peru21 on 2021-08-05 due to unrecoverable error: Could not open Parquet input source '<Buffer>': Couldn't deserialize thrift: TProtocolException: Invalid data

2026-07-07 22:03:42,332 [INFO] src.corpus_acquisition.metadata_extractor: Saved crawl log -> data/raw/crawl_logs/peru21_2021-08-05.json (status=failed)
2026-07-07 22:03:42,334 [ERROR] src.corpus_acquisition.downloader: Skipping peru21 on 2021-08-06 due to unrecoverable error: Could not open Parquet input source '<Buffer>': Couldn't deserialize thrift: TProtocolException: Invalid data

2026-07-07 22:03:42,336 [INFO] src.corpus_acquisition.metadata_extractor: Saved crawl log -> data/raw/crawl_logs/peru21_2021-08-06.json (status=failed)
2026-07-07 22:03:42,338 [ERROR] src.corpus_acquisition.downloader: Skipping peru21 on 2021-08-07 due to unrecoverable error: Could not open Parquet input source '<Buffer>': Couldn't deserialize thrift: TProtocolException: Invalid data

2026-07-07 22:03:42,339 [INFO] src.corpus_acquisition.metadata_extractor: Saved crawl log -> data/raw/crawl_logs/peru21_2021-08-07.json (status=failed)
2026-07-07 22:03:42,341 [ERROR] src.corpus_acquisition.downloader: Skipping peru21 on 2021-08-08 due to unrecoverable error: Could not open Parquet input source '<Buffer>': Couldn't deserialize thrift: TProtocolException: Invalid data

2026-07-07 22:03:42,343 [INFO] src.corpus_acquisition.metadata_extractor: Saved crawl log -> data/raw/crawl_logs/peru21_2021-08-08.json (status=failed)
2026-07-07 22:03:42,344 [ERROR] src.corpus_acquisition.downloader: Skipping peru21 on 2021-08-09 due to unrecoverable error: Could not open Parquet input source '<Buffer>': Couldn't deserialize thrift: TProtocolException: Invalid data

2026-07-07 22:03:42,346 [INFO] src.corpus_acquisition.metadata_extractor: Saved crawl log -> data/raw/crawl_logs/peru21_2021-08-09.json (status=failed)
2026-07-07 22:03:42,348 [ERROR] src.corpus_acquisition.downloader: Skipping peru21 on 2021-08-10 due to unrecoverable error: Could not open Parquet input source '<Buffer>': Couldn't deserialize thrift: TProtocolException: Invalid data

2026-07-07 22:03:42,349 [INFO] src.corpus_acquisition.metadata_extractor: Saved crawl log -> data/raw/crawl_logs/peru21_2021-08-10.json (status=failed)
2026-07-07 22:03:42,350 [ERROR] src.corpus_acquisition.downloader: Skipping peru21 on 2021-08-11 due to unrecoverable error: Could not open Parquet input source '<Buffer>': Couldn't deserialize thrift: TProtocolException: Invalid data

2026-07-07 22:03:42,353 [INFO] src.corpus_acquisition.metadata_extractor: Saved crawl log -> data/raw/crawl_logs/peru21_2021-08-11.json (status=failed)
2026-07-07 22:03:42,355 [ERROR] src.corpus_acquisition.downloader: Skipping peru21 on 2021-08-12 due to unrecoverable error: Could not open Parquet input source '<Buffer>': Couldn't deserialize thrift: TProtocolException: Invalid data

2026-07-07 22:03:42,356 [INFO] src.corpus_acquisition.metadata_extractor: Saved crawl log -> data/raw/crawl_logs/peru21_2021-08-12.json (status=failed)
2026-07-07 22:03:42,358 [ERROR] src.corpus_acquisition.downloader: Skipping peru21 on 2021-08-13 due to unrecoverable error: Could not open Parquet input source '<Buffer>': Couldn't deserialize thrift: TProtocolException: Invalid data

2026-07-07 22:03:42,362 [INFO] src.corpus_acquisition.metadata_extractor: Saved crawl log -> data/raw/crawl_logs/peru21_2021-08-13.json (status=failed)
2026-07-07 22:03:42,364 [ERROR] src.corpus_acquisition.downloader: Skipping peru21 on 2021-08-14 due to unrecoverable error: Could not open Parquet input source '<Buffer>': Couldn't deserialize thrift: TProtocolException: Invalid data

2026-07-07 22:03:42,366 [INFO] src.corpus_acquisition.metadata_extractor: Saved crawl log -> data/raw/crawl_logs/peru21_2021-08-14.json (status=failed)
2026-07-07 22:03:42,368 [ERROR] src.corpus_acquisition.downloader: Skipping peru21 on 2021-08-15 due to unrecoverable error: Could not open Parquet input source '<Buffer>': Couldn't deserialize thrift: TProtocolException: Invalid data

2026-07-07 22:03:42,369 [INFO] src.corpus_acquisition.metadata_extractor: Saved crawl log -> data/raw/crawl_logs/peru21_2021-08-15.json (status=failed)
2026-07-07 22:03:42,371 [ERROR] src.corpus_acquisition.downloader: Skipping peru21 on 2021-08-16 due to unrecoverable error: Could not open Parquet input source '<Buffer>': Couldn't deserialize thrift: TProtocolException: Invalid data

2026-07-07 22:03:42,373 [INFO] src.corpus_acquisition.metadata_extractor: Saved crawl log -> data/raw/crawl_logs/peru21_2021-08-16.json (status=failed)
2026-07-07 22:03:42,374 [ERROR] src.corpus_acquisition.downloader: Skipping peru21 on 2021-08-17 due to unrecoverable error: Could not open Parquet input source '<Buffer>': Couldn't deserialize thrift: TProtocolException: Invalid data

2026-07-07 22:03:42,376 [INFO] src.corpus_acquisition.metadata_extractor: Saved crawl log -> data/raw/crawl_logs/peru21_2021-08-17.json (status=failed)
2026-07-07 22:03:42,377 [ERROR] src.corpus_acquisition.downloader: Skipping peru21 on 2021-08-18 due to unrecoverable error: Could not open Parquet input source '<Buffer>': Couldn't deserialize thrift: TProtocolException: Invalid data

2026-07-07 22:03:42,378 [INFO] src.corpus_acquisition.metadata_extractor: Saved crawl log -> data/raw/crawl_logs/peru21_2021-08-18.json (status=failed)
2026-07-07 22:03:42,380 [ERROR] src.corpus_acquisition.downloader: Skipping peru21 on 2021-08-19 due to unrecoverable error: Could not open Parquet input source '<Buffer>': Couldn't deserialize thrift: TProtocolException: Invalid data

2026-07-07 22:03:42,382 [INFO] src.corpus_acquisition.metadata_extractor: Saved crawl log -> data/raw/crawl_logs/peru21_2021-08-19.json (status=failed)
2026-07-07 22:03:42,383 [ERROR] src.corpus_acquisition.downloader: Skipping peru21 on 2021-08-20 due to unrecoverable error: Could not open Parquet input source '<Buffer>': Couldn't deserialize thrift: TProtocolException: Invalid data

2026-07-07 22:03:42,385 [INFO] src.corpus_acquisition.metadata_extractor: Saved crawl log -> data/raw/crawl_logs/peru21_2021-08-20.json (status=failed)
2026-07-07 22:03:42,386 [ERROR] src.corpus_acquisition.downloader: Skipping peru21 on 2021-08-21 due to unrecoverable error: Could not open Parquet input source '<Buffer>': Couldn't deserialize thrift: TProtocolException: Invalid data

2026-07-07 22:03:42,388 [INFO] src.corpus_acquisition.metadata_extractor: Saved crawl log -> data/raw/crawl_logs/peru21_2021-08-21.json (status=failed)
2026-07-07 22:03:42,389 [ERROR] src.corpus_acquisition.downloader: Skipping peru21 on 2021-08-22 due to unrecoverable error: Could not open Parquet input source '<Buffer>': Couldn't deserialize thrift: TProtocolException: Invalid data

2026-07-07 22:03:42,391 [INFO] src.corpus_acquisition.metadata_extractor: Saved crawl log -> data/raw/crawl_logs/peru21_2021-08-22.json (status=failed)
2026-07-07 22:03:42,392 [ERROR] src.corpus_acquisition.downloader: Skipping peru21 on 2021-08-23 due to unrecoverable error: Could not open Parquet input source '<Buffer>': Couldn't deserialize thrift: TProtocolException: Invalid data

2026-07-07 22:03:42,394 [INFO] src.corpus_acquisition.metadata_extractor: Saved crawl log -> data/raw/crawl_logs/peru21_2021-08-23.json (status=failed)
2026-07-07 22:03:42,395 [ERROR] src.corpus_acquisition.downloader: Skipping peru21 on 2021-08-24 due to unrecoverable error: Could not open Parquet input source '<Buffer>': Couldn't deserialize thrift: TProtocolException: Invalid data

2026-07-07 22:03:42,397 [INFO] src.corpus_acquisition.metadata_extractor: Saved crawl log -> data/raw/crawl_logs/peru21_2021-08-24.json (status=failed)
2026-07-07 22:03:42,399 [ERROR] src.corpus_acquisition.downloader: Skipping peru21 on 2021-08-25 due to unrecoverable error: Could not open Parquet input source '<Buffer>': Couldn't deserialize thrift: TProtocolException: Invalid data

2026-07-07 22:03:42,400 [INFO] src.corpus_acquisition.metadata_extractor: Saved crawl log -> data/raw/crawl_logs/peru21_2021-08-25.json (status=failed)
2026-07-07 22:03:42,402 [ERROR] src.corpus_acquisition.downloader: Skipping peru21 on 2021-08-26 due to unrecoverable error: Could not open Parquet input source '<Buffer>': Couldn't deserialize thrift: TProtocolException: Invalid data

2026-07-07 22:03:42,403 [INFO] src.corpus_acquisition.metadata_extractor: Saved crawl log -> data/raw/crawl_logs/peru21_2021-08-26.json (status=failed)
2026-07-07 22:03:42,405 [ERROR] src.corpus_acquisition.downloader: Skipping peru21 on 2021-08-27 due to unrecoverable error: Could not open Parquet input source '<Buffer>': Couldn't deserialize thrift: TProtocolException: Invalid data

2026-07-07 22:03:42,407 [INFO] src.corpus_acquisition.metadata_extractor: Saved crawl log -> data/raw/crawl_logs/peru21_2021-08-27.json (status=failed)
2026-07-07 22:03:42,408 [ERROR] src.corpus_acquisition.downloader: Skipping peru21 on 2021-08-28 due to unrecoverable error: Could not open Parquet input source '<Buffer>': Couldn't deserialize thrift: TProtocolException: Invalid data

2026-07-07 22:03:42,410 [INFO] src.corpus_acquisition.metadata_extractor: Saved crawl log -> data/raw/crawl_logs/peru21_2021-08-28.json (status=failed)
2026-07-07 22:03:42,411 [ERROR] src.corpus_acquisition.downloader: Skipping peru21 on 2021-08-29 due to unrecoverable error: Could not open Parquet input source '<Buffer>': Couldn't deserialize thrift: TProtocolException: Invalid data

2026-07-07 22:03:42,413 [INFO] src.corpus_acquisition.metadata_extractor: Saved crawl log -> data/raw/crawl_logs/peru21_2021-08-29.json (status=failed)
2026-07-07 22:03:42,415 [ERROR] src.corpus_acquisition.downloader: Skipping peru21 on 2021-08-30 due to unrecoverable error: Could not open Parquet input source '<Buffer>': Couldn't deserialize thrift: TProtocolException: Invalid data

2026-07-07 22:03:42,417 [INFO] src.corpus_acquisition.metadata_extractor: Saved crawl log -> data/raw/crawl_logs/peru21_2021-08-30.json (status=failed)
2026-07-07 22:03:42,418 [ERROR] src.corpus_acquisition.downloader: Skipping peru21 on 2021-08-31 due to unrecoverable error: Could not open Parquet input source '<Buffer>': Couldn't deserialize thrift: TProtocolException: Invalid data

2026-07-07 22:03:42,419 [INFO] src.corpus_acquisition.metadata_extractor: Saved crawl log -> data/raw/crawl_logs/peru21_2021-08-31.json (status=failed)
2026-07-07 22:03:42,421 [ERROR] src.corpus_acquisition.downloader: Skipping peru21 on 2021-09-01 due to unrecoverable error: Could not open Parquet input source '<Buffer>': Couldn't deserialize thrift: TProtocolException: Invalid data

2026-07-07 22:03:42,423 [INFO] src.corpus_acquisition.metadata_extractor: Saved crawl log -> data/raw/crawl_logs/peru21_2021-09-01.json (status=failed)
2026-07-07 22:03:42,424 [ERROR] src.corpus_acquisition.downloader: Skipping peru21 on 2021-09-02 due to unrecoverable error: Could not open Parquet input source '<Buffer>': Couldn't deserialize thrift: TProtocolException: Invalid data

2026-07-07 22:03:42,426 [INFO] src.corpus_acquisition.metadata_extractor: Saved crawl log -> data/raw/crawl_logs/peru21_2021-09-02.json (status=failed)
2026-07-07 22:03:42,427 [ERROR] src.corpus_acquisition.downloader: Skipping peru21 on 2021-09-03 due to unrecoverable error: Could not open Parquet input source '<Buffer>': Couldn't deserialize thrift: TProtocolException: Invalid data

2026-07-07 22:03:42,429 [INFO] src.corpus_acquisition.metadata_extractor: Saved crawl log -> data/raw/crawl_logs/peru21_2021-09-03.json (status=failed)
2026-07-07 22:03:42,431 [ERROR] src.corpus_acquisition.downloader: Skipping peru21 on 2021-09-04 due to unrecoverable error: Could not open Parquet input source '<Buffer>': Couldn't deserialize thrift: TProtocolException: Invalid data

2026-07-07 22:03:42,432 [INFO] src.corpus_acquisition.metadata_extractor: Saved crawl log -> data/raw/crawl_logs/peru21_2021-09-04.json (status=failed)
2026-07-07 22:03:42,434 [ERROR] src.corpus_acquisition.downloader: Skipping peru21 on 2021-09-05 due to unrecoverable error: Could not open Parquet input source '<Buffer>': Couldn't deserialize thrift: TProtocolException: Invalid data

2026-07-07 22:03:42,436 [INFO] src.corpus_acquisition.metadata_extractor: Saved crawl log -> data/raw/crawl_logs/peru21_2021-09-05.json (status=failed)
2026-07-07 22:03:42,437 [ERROR] src.corpus_acquisition.downloader: Skipping peru21 on 2021-09-06 due to unrecoverable error: Could not open Parquet input source '<Buffer>': Couldn't deserialize thrift: TProtocolException: Invalid data

2026-07-07 22:03:42,439 [INFO] src.corpus_acquisition.metadata_extractor: Saved crawl log -> data/raw/crawl_logs/peru21_2021-09-06.json (status=failed)
2026-07-07 22:03:42,440 [ERROR] src.corpus_acquisition.downloader: Skipping peru21 on 2021-09-07 due to unrecoverable error: Could not open Parquet input source '<Buffer>': Couldn't deserialize thrift: TProtocolException: Invalid data

2026-07-07 22:03:42,441 [INFO] src.corpus_acquisition.metadata_extractor: Saved crawl log -> data/raw/crawl_logs/peru21_2021-09-07.json (status=failed)
2026-07-07 22:03:42,443 [ERROR] src.corpus_acquisition.downloader: Skipping peru21 on 2021-09-08 due to unrecoverable error: Could not open Parquet input source '<Buffer>': Couldn't deserialize thrift: TProtocolException: Invalid data

2026-07-07 22:03:42,445 [INFO] src.corpus_acquisition.metadata_extractor: Saved crawl log -> data/raw/crawl_logs/peru21_2021-09-08.json (status=failed)
2026-07-07 22:03:42,446 [ERROR] src.corpus_acquisition.downloader: Skipping peru21 on 2021-09-09 due to unrecoverable error: Could not open Parquet input source '<Buffer>': Couldn't deserialize thrift: TProtocolException: Invalid data

2026-07-07 22:03:42,448 [INFO] src.corpus_acquisition.metadata_extractor: Saved crawl log -> data/raw/crawl_logs/peru21_2021-09-09.json (status=failed)
2026-07-07 22:03:42,450 [ERROR] src.corpus_acquisition.downloader: Skipping peru21 on 2021-09-10 due to unrecoverable error: Could not open Parquet input source '<Buffer>': Couldn't deserialize thrift: TProtocolException: Invalid data

2026-07-07 22:03:42,451 [INFO] src.corpus_acquisition.metadata_extractor: Saved crawl log -> data/raw/crawl_logs/peru21_2021-09-10.json (status=failed)
2026-07-07 22:03:42,453 [ERROR] src.corpus_acquisition.downloader: Skipping peru21 on 2021-09-11 due to unrecoverable error: Could not open Parquet input source '<Buffer>': Couldn't deserialize thrift: TProtocolException: Invalid data

2026-07-07 22:03:42,455 [INFO] src.corpus_acquisition.metadata_extractor: Saved crawl log -> data/raw/crawl_logs/peru21_2021-09-11.json (status=failed)
2026-07-07 22:03:42,457 [ERROR] src.corpus_acquisition.downloader: Skipping peru21 on 2021-09-12 due to unrecoverable error: Could not open Parquet input source '<Buffer>': Couldn't deserialize thrift: TProtocolException: Invalid data

2026-07-07 22:03:42,459 [INFO] src.corpus_acquisition.metadata_extractor: Saved crawl log -> data/raw/crawl_logs/peru21_2021-09-12.json (status=failed)
2026-07-07 22:03:42,460 [ERROR] src.corpus_acquisition.downloader: Skipping peru21 on 2021-09-13 due to unrecoverable error: Could not open Parquet input source '<Buffer>': Couldn't deserialize thrift: TProtocolException: Invalid data

2026-07-07 22:03:42,462 [INFO] src.corpus_acquisition.metadata_extractor: Saved crawl log -> data/raw/crawl_logs/peru21_2021-09-13.json (status=failed)
2026-07-07 22:03:42,464 [ERROR] src.corpus_acquisition.downloader: Skipping peru21 on 2021-09-14 due to unrecoverable error: Could not open Parquet input source '<Buffer>': Couldn't deserialize thrift: TProtocolException: Invalid data

2026-07-07 22:03:42,465 [INFO] src.corpus_acquisition.metadata_extractor: Saved crawl log -> data/raw/crawl_logs/peru21_2021-09-14.json (status=failed)
2026-07-07 22:03:42,467 [ERROR] src.corpus_acquisition.downloader: Skipping peru21 on 2021-09-15 due to unrecoverable error: Could not open Parquet input source '<Buffer>': Couldn't deserialize thrift: TProtocolException: Invalid data

2026-07-07 22:03:42,469 [INFO] src.corpus_acquisition.metadata_extractor: Saved crawl log -> data/raw/crawl_logs/peru21_2021-09-15.json (status=failed)
2026-07-07 22:03:42,471 [ERROR] src.corpus_acquisition.downloader: Skipping peru21 on 2021-09-16 due to unrecoverable error: Could not open Parquet input source '<Buffer>': Couldn't deserialize thrift: TProtocolException: Invalid data

2026-07-07 22:03:42,473 [INFO] src.corpus_acquisition.metadata_extractor: Saved crawl log -> data/raw/crawl_logs/peru21_2021-09-16.json (status=failed)
2026-07-07 22:03:42,474 [ERROR] src.corpus_acquisition.downloader: Skipping peru21 on 2021-09-17 due to unrecoverable error: Could not open Parquet input source '<Buffer>': Couldn't deserialize thrift: TProtocolException: Invalid data

2026-07-07 22:03:42,479 [INFO] src.corpus_acquisition.metadata_extractor: Saved crawl log -> data/raw/crawl_logs/peru21_2021-09-17.json (status=failed)
2026-07-07 22:03:42,481 [ERROR] src.corpus_acquisition.downloader: Skipping peru21 on 2021-09-18 due to unrecoverable error: Could not open Parquet input source '<Buffer>': Couldn't deserialize thrift: TProtocolException: Invalid data

2026-07-07 22:03:42,482 [INFO] src.corpus_acquisition.metadata_extractor: Saved crawl log -> data/raw/crawl_logs/peru21_2021-09-18.json (status=failed)
2026-07-07 22:03:42,484 [ERROR] src.corpus_acquisition.downloader: Skipping peru21 on 2021-09-19 due to unrecoverable error: Could not open Parquet input source '<Buffer>': Couldn't deserialize thrift: TProtocolException: Invalid data

2026-07-07 22:03:42,485 [INFO] src.corpus_acquisition.metadata_extractor: Saved crawl log -> data/raw/crawl_logs/peru21_2021-09-19.json (status=failed)
2026-07-07 22:03:42,486 [ERROR] src.corpus_acquisition.downloader: Skipping peru21 on 2021-09-20 due to unrecoverable error: Could not open Parquet input source '<Buffer>': Couldn't deserialize thrift: TProtocolException: Invalid data

2026-07-07 22:03:42,488 [INFO] src.corpus_acquisition.metadata_extractor: Saved crawl log -> data/raw/crawl_logs/peru21_2021-09-20.json (status=failed)
2026-07-07 22:03:42,489 [ERROR] src.corpus_acquisition.downloader: Skipping peru21 on 2021-09-21 due to unrecoverable error: Could not open Parquet input source '<Buffer>': Couldn't deserialize thrift: TProtocolException: Invalid data

2026-07-07 22:03:42,491 [INFO] src.corpus_acquisition.metadata_extractor: Saved crawl log -> data/raw/crawl_logs/peru21_2021-09-21.json (status=failed)
2026-07-07 22:03:42,492 [ERROR] src.corpus_acquisition.downloader: Skipping peru21 on 2021-09-22 due to unrecoverable error: Could not open Parquet input source '<Buffer>': Couldn't deserialize thrift: TProtocolException: Invalid data

2026-07-07 22:03:42,494 [INFO] src.corpus_acquisition.metadata_extractor: Saved crawl log -> data/raw/crawl_logs/peru21_2021-09-22.json (status=failed)
2026-07-07 22:03:42,496 [ERROR] src.corpus_acquisition.downloader: Skipping peru21 on 2021-09-23 due to unrecoverable error: Could not open Parquet input source '<Buffer>': Couldn't deserialize thrift: TProtocolException: Invalid data

2026-07-07 22:03:42,498 [INFO] src.corpus_acquisition.metadata_extractor: Saved crawl log -> data/raw/crawl_logs/peru21_2021-09-23.json (status=failed)
2026-07-07 22:03:42,500 [ERROR] src.corpus_acquisition.downloader: Skipping peru21 on 2021-09-24 due to unrecoverable error: Could not open Parquet input source '<Buffer>': Couldn't deserialize thrift: TProtocolException: Invalid data

2026-07-07 22:03:42,501 [INFO] src.corpus_acquisition.metadata_extractor: Saved crawl log -> data/raw/crawl_logs/peru21_2021-09-24.json (status=failed)
2026-07-07 22:03:42,503 [ERROR] src.corpus_acquisition.downloader: Skipping peru21 on 2021-09-25 due to unrecoverable error: Could not open Parquet input source '<Buffer>': Couldn't deserialize thrift: TProtocolException: Invalid data

2026-07-07 22:03:42,505 [INFO] src.corpus_acquisition.metadata_extractor: Saved crawl log -> data/raw/crawl_logs/peru21_2021-09-25.json (status=failed)
2026-07-07 22:03:42,506 [ERROR] src.corpus_acquisition.downloader: Skipping peru21 on 2021-09-26 due to unrecoverable error: Could not open Parquet input source '<Buffer>': Couldn't deserialize thrift: TProtocolException: Invalid data

2026-07-07 22:03:42,508 [INFO] src.corpus_acquisition.metadata_extractor: Saved crawl log -> data/raw/crawl_logs/peru21_2021-09-26.json (status=failed)
2026-07-07 22:03:42,510 [ERROR] src.corpus_acquisition.downloader: Skipping peru21 on 2021-09-27 due to unrecoverable error: Could not open Parquet input source '<Buffer>': Couldn't deserialize thrift: TProtocolException: Invalid data

2026-07-07 22:03:42,511 [INFO] src.corpus_acquisition.metadata_extractor: Saved crawl log -> data/raw/crawl_logs/peru21_2021-09-27.json (status=failed)
2026-07-07 22:03:42,513 [ERROR] src.corpus_acquisition.downloader: Skipping peru21 on 2021-09-28 due to unrecoverable error: Could not open Parquet input source '<Buffer>': Couldn't deserialize thrift: TProtocolException: Invalid data

2026-07-07 22:03:42,517 [INFO] src.corpus_acquisition.metadata_extractor: Saved crawl log -> data/raw/crawl_logs/peru21_2021-09-28.json (status=failed)
2026-07-07 22:03:42,518 [ERROR] src.corpus_acquisition.downloader: Skipping peru21 on 2021-09-29 due to unrecoverable error: Could not open Parquet input source '<Buffer>': Couldn't deserialize thrift: TProtocolException: Invalid data

2026-07-07 22:03:42,520 [INFO] src.corpus_acquisition.metadata_extractor: Saved crawl log -> data/raw/crawl_logs/peru21_2021-09-29.json (status=failed)
2026-07-07 22:03:42,522 [ERROR] src.corpus_acquisition.downloader: Skipping peru21 on 2021-09-30 due to unrecoverable error: Could not open Parquet input source '<Buffer>': Couldn't deserialize thrift: TProtocolException: Invalid data

2026-07-07 22:03:42,523 [INFO] src.corpus_acquisition.metadata_extractor: Saved crawl log -> data/raw/crawl_logs/peru21_2021-09-30.json (status=failed)
2026-07-07 22:03:42,525 [ERROR] src.corpus_acquisition.downloader: Skipping peru21 on 2021-10-01 due to unrecoverable error: Could not open Parquet input source '<Buffer>': Couldn't deserialize thrift: TProtocolException: Invalid data

2026-07-07 22:03:42,527 [INFO] src.corpus_acquisition.metadata_extractor: Saved crawl log -> data/raw/crawl_logs/peru21_2021-10-01.json (status=failed)
2026-07-07 22:03:42,528 [ERROR] src.corpus_acquisition.downloader: Skipping peru21 on 2021-10-02 due to unrecoverable error: Could not open Parquet input source '<Buffer>': Couldn't deserialize thrift: TProtocolException: Invalid data

2026-07-07 22:03:42,530 [INFO] src.corpus_acquisition.metadata_extractor: Saved crawl log -> data/raw/crawl_logs/peru21_2021-10-02.json (status=failed)
2026-07-07 22:03:42,532 [ERROR] src.corpus_acquisition.downloader: Skipping peru21 on 2021-10-03 due to unrecoverable error: Could not open Parquet input source '<Buffer>': Couldn't deserialize thrift: TProtocolException: Invalid data

2026-07-07 22:03:42,534 [INFO] src.corpus_acquisition.metadata_extractor: Saved crawl log -> data/raw/crawl_logs/peru21_2021-10-03.json (status=failed)
2026-07-07 22:03:42,536 [ERROR] src.corpus_acquisition.downloader: Skipping peru21 on 2021-10-04 due to unrecoverable error: Could not open Parquet input source '<Buffer>': Couldn't deserialize thrift: TProtocolException: Invalid data

2026-07-07 22:03:42,537 [INFO] src.corpus_acquisition.metadata_extractor: Saved crawl log -> data/raw/crawl_logs/peru21_2021-10-04.json (status=failed)
2026-07-07 22:03:42,539 [ERROR] src.corpus_acquisition.downloader: Skipping peru21 on 2021-10-05 due to unrecoverable error: Could not open Parquet input source '<Buffer>': Couldn't deserialize thrift: TProtocolException: Invalid data

2026-07-07 22:03:42,540 [INFO] src.corpus_acquisition.metadata_extractor: Saved crawl log -> data/raw/crawl_logs/peru21_2021-10-05.json (status=failed)
2026-07-07 22:03:42,542 [ERROR] src.corpus_acquisition.downloader: Skipping peru21 on 2021-10-06 due to unrecoverable error: Could not open Parquet input source '<Buffer>': Couldn't deserialize thrift: TProtocolException: Invalid data

2026-07-07 22:03:42,544 [INFO] src.corpus_acquisition.metadata_extractor: Saved crawl log -> data/raw/crawl_logs/peru21_2021-10-06.json (status=failed)
2026-07-07 22:03:42,546 [ERROR] src.corpus_acquisition.downloader: Skipping peru21 on 2021-10-07 due to unrecoverable error: Could not open Parquet input source '<Buffer>': Couldn't deserialize thrift: TProtocolException: Invalid data

2026-07-07 22:03:42,547 [INFO] src.corpus_acquisition.metadata_extractor: Saved crawl log -> data/raw/crawl_logs/peru21_2021-10-07.json (status=failed)
2026-07-07 22:03:42,549 [ERROR] src.corpus_acquisition.downloader: Skipping peru21 on 2021-10-08 due to unrecoverable error: Could not open Parquet input source '<Buffer>': Couldn't deserialize thrift: TProtocolException: Invalid data

2026-07-07 22:03:42,551 [INFO] src.corpus_acquisition.metadata_extractor: Saved crawl log -> data/raw/crawl_logs/peru21_2021-10-08.json (status=failed)
2026-07-07 22:03:42,552 [ERROR] src.corpus_acquisition.downloader: Skipping peru21 on 2021-10-09 due to unrecoverable error: Could not open Parquet input source '<Buffer>': Couldn't deserialize thrift: TProtocolException: Invalid data

2026-07-07 22:03:42,554 [INFO] src.corpus_acquisition.metadata_extractor: Saved crawl log -> data/raw/crawl_logs/peru21_2021-10-09.json (status=failed)
2026-07-07 22:03:42,556 [ERROR] src.corpus_acquisition.downloader: Skipping peru21 on 2021-10-10 due to unrecoverable error: Could not open Parquet input source '<Buffer>': Couldn't deserialize thrift: TProtocolException: Invalid data

2026-07-07 22:03:42,557 [INFO] src.corpus_acquisition.metadata_extractor: Saved crawl log -> data/raw/crawl_logs/peru21_2021-10-10.json (status=failed)
2026-07-07 22:03:42,559 [ERROR] src.corpus_acquisition.downloader: Skipping peru21 on 2021-10-11 due to unrecoverable error: Could not open Parquet input source '<Buffer>': Couldn't deserialize thrift: TProtocolException: Invalid data

2026-07-07 22:03:42,561 [INFO] src.corpus_acquisition.metadata_extractor: Saved crawl log -> data/raw/crawl_logs/peru21_2021-10-11.json (status=failed)
2026-07-07 22:03:42,562 [ERROR] src.corpus_acquisition.downloader: Skipping peru21 on 2021-10-12 due to unrecoverable error: Could not open Parquet input source '<Buffer>': Couldn't deserialize thrift: TProtocolException: Invalid data

2026-07-07 22:03:42,564 [INFO] src.corpus_acquisition.metadata_extractor: Saved crawl log -> data/raw/crawl_logs/peru21_2021-10-12.json (status=failed)
2026-07-07 22:03:42,566 [ERROR] src.corpus_acquisition.downloader: Skipping peru21 on 2021-10-13 due to unrecoverable error: Could not open Parquet input source '<Buffer>': Couldn't deserialize thrift: TProtocolException: Invalid data

2026-07-07 22:03:42,571 [INFO] src.corpus_acquisition.metadata_extractor: Saved crawl log -> data/raw/crawl_logs/peru21_2021-10-13.json (status=failed)
2026-07-07 22:03:42,572 [ERROR] src.corpus_acquisition.downloader: Skipping peru21 on 2021-10-14 due to unrecoverable error: Could not open Parquet input source '<Buffer>': Couldn't deserialize thrift: TProtocolException: Invalid data

2026-07-07 22:03:42,574 [INFO] src.corpus_acquisition.metadata_extractor: Saved crawl log -> data/raw/crawl_logs/peru21_2021-10-14.json (status=failed)
2026-07-07 22:03:42,576 [ERROR] src.corpus_acquisition.downloader: Skipping peru21 on 2021-10-15 due to unrecoverable error: Could not open Parquet input source '<Buffer>': Couldn't deserialize thrift: TProtocolException: Invalid data

2026-07-07 22:03:42,577 [INFO] src.corpus_acquisition.metadata_extractor: Saved crawl log -> data/raw/crawl_logs/peru21_2021-10-15.json (status=failed)
2026-07-07 22:03:42,578 [ERROR] src.corpus_acquisition.downloader: Skipping peru21 on 2021-10-16 due to unrecoverable error: Could not open Parquet input source '<Buffer>': Couldn't deserialize thrift: TProtocolException: Invalid data

2026-07-07 22:03:42,580 [INFO] src.corpus_acquisition.metadata_extractor: Saved crawl log -> data/raw/crawl_logs/peru21_2021-10-16.json (status=failed)
2026-07-07 22:03:42,581 [ERROR] src.corpus_acquisition.downloader: Skipping peru21 on 2021-10-17 due to unrecoverable error: Could not open Parquet input source '<Buffer>': Couldn't deserialize thrift: TProtocolException: Invalid data

2026-07-07 22:03:42,582 [INFO] src.corpus_acquisition.metadata_extractor: Saved crawl log -> data/raw/crawl_logs/peru21_2021-10-17.json (status=failed)
2026-07-07 22:03:42,583 [ERROR] src.corpus_acquisition.downloader: Skipping peru21 on 2021-10-18 due to unrecoverable error: Could not open Parquet input source '<Buffer>': Couldn't deserialize thrift: TProtocolException: Invalid data

2026-07-07 22:03:42,585 [INFO] src.corpus_acquisition.metadata_extractor: Saved crawl log -> data/raw/crawl_logs/peru21_2021-10-18.json (status=failed)
2026-07-07 22:03:42,586 [ERROR] src.corpus_acquisition.downloader: Skipping peru21 on 2021-10-19 due to unrecoverable error: Could not open Parquet input source '<Buffer>': Couldn't deserialize thrift: TProtocolException: Invalid data

2026-07-07 22:03:42,587 [INFO] src.corpus_acquisition.metadata_extractor: Saved crawl log -> data/raw/crawl_logs/peru21_2021-10-19.json (status=failed)
2026-07-07 22:03:42,588 [ERROR] src.corpus_acquisition.downloader: Skipping peru21 on 2021-10-20 due to unrecoverable error: Could not open Parquet input source '<Buffer>': Couldn't deserialize thrift: TProtocolException: Invalid data

2026-07-07 22:03:42,590 [INFO] src.corpus_acquisition.metadata_extractor: Saved crawl log -> data/raw/crawl_logs/peru21_2021-10-20.json (status=failed)
2026-07-07 22:03:42,591 [ERROR] src.corpus_acquisition.downloader: Skipping peru21 on 2021-10-21 due to unrecoverable error: Could not open Parquet input source '<Buffer>': Couldn't deserialize thrift: TProtocolException: Invalid data

2026-07-07 22:03:42,592 [INFO] src.corpus_acquisition.metadata_extractor: Saved crawl log -> data/raw/crawl_logs/peru21_2021-10-21.json (status=failed)
2026-07-07 22:03:42,593 [ERROR] src.corpus_acquisition.downloader: Skipping peru21 on 2021-10-22 due to unrecoverable error: Could not open Parquet input source '<Buffer>': Couldn't deserialize thrift: TProtocolException: Invalid data

2026-07-07 22:03:42,595 [INFO] src.corpus_acquisition.metadata_extractor: Saved crawl log -> data/raw/crawl_logs/peru21_2021-10-22.json (status=failed)
2026-07-07 22:03:42,596 [ERROR] src.corpus_acquisition.downloader: Skipping peru21 on 2021-10-23 due to unrecoverable error: Could not open Parquet input source '<Buffer>': Couldn't deserialize thrift: TProtocolException: Invalid data

2026-07-07 22:03:42,597 [INFO] src.corpus_acquisition.metadata_extractor: Saved crawl log -> data/raw/crawl_logs/peru21_2021-10-23.json (status=failed)
2026-07-07 22:03:42,598 [ERROR] src.corpus_acquisition.downloader: Skipping peru21 on 2021-10-24 due to unrecoverable error: Could not open Parquet input source '<Buffer>': Couldn't deserialize thrift: TProtocolException: Invalid data

2026-07-07 22:03:42,600 [INFO] src.corpus_acquisition.metadata_extractor: Saved crawl log -> data/raw/crawl_logs/peru21_2021-10-24.json (status=failed)
2026-07-07 22:03:42,601 [ERROR] src.corpus_acquisition.downloader: Skipping peru21 on 2021-10-25 due to unrecoverable error: Could not open Parquet input source '<Buffer>': Couldn't deserialize thrift: TProtocolException: Invalid data

2026-07-07 22:03:42,602 [INFO] src.corpus_acquisition.metadata_extractor: Saved crawl log -> data/raw/crawl_logs/peru21_2021-10-25.json (status=failed)
2026-07-07 22:03:42,603 [ERROR] src.corpus_acquisition.downloader: Skipping peru21 on 2021-10-26 due to unrecoverable error: Could not open Parquet input source '<Buffer>': Couldn't deserialize thrift: TProtocolException: Invalid data

2026-07-07 22:03:42,605 [INFO] src.corpus_acquisition.metadata_extractor: Saved crawl log -> data/raw/crawl_logs/peru21_2021-10-26.json (status=failed)
2026-07-07 22:03:42,606 [ERROR] src.corpus_acquisition.downloader: Skipping peru21 on 2021-10-27 due to unrecoverable error: Could not open Parquet input source '<Buffer>': Couldn't deserialize thrift: TProtocolException: Invalid data

2026-07-07 22:03:42,607 [INFO] src.corpus_acquisition.metadata_extractor: Saved crawl log -> data/raw/crawl_logs/peru21_2021-10-27.json (status=failed)
2026-07-07 22:03:42,608 [ERROR] src.corpus_acquisition.downloader: Skipping peru21 on 2021-10-28 due to unrecoverable error: Could not open Parquet input source '<Buffer>': Couldn't deserialize thrift: TProtocolException: Invalid data

2026-07-07 22:03:42,609 [INFO] src.corpus_acquisition.metadata_extractor: Saved crawl log -> data/raw/crawl_logs/peru21_2021-10-28.json (status=failed)
2026-07-07 22:03:42,610 [ERROR] src.corpus_acquisition.downloader: Skipping peru21 on 2021-10-29 due to unrecoverable error: Could not open Parquet input source '<Buffer>': Couldn't deserialize thrift: TProtocolException: Invalid data

2026-07-07 22:03:42,612 [INFO] src.corpus_acquisition.metadata_extractor: Saved crawl log -> data/raw/crawl_logs/peru21_2021-10-29.json (status=failed)
2026-07-07 22:03:42,613 [ERROR] src.corpus_acquisition.downloader: Skipping peru21 on 2021-10-30 due to unrecoverable error: Could not open Parquet input source '<Buffer>': Couldn't deserialize thrift: TProtocolException: Invalid data

2026-07-07 22:03:42,614 [INFO] src.corpus_acquisition.metadata_extractor: Saved crawl log -> data/raw/crawl_logs/peru21_2021-10-30.json (status=failed)
2026-07-07 22:03:42,615 [ERROR] src.corpus_acquisition.downloader: Skipping peru21 on 2021-10-31 due to unrecoverable error: Could not open Parquet input source '<Buffer>': Couldn't deserialize thrift: TProtocolException: Invalid data

2026-07-07 22:03:42,616 [INFO] src.corpus_acquisition.metadata_extractor: Saved crawl log -> data/raw/crawl_logs/peru21_2021-10-31.json (status=failed)
2026-07-07 22:03:42,617 [ERROR] src.corpus_acquisition.downloader: Skipping peru21 on 2021-11-01 due to unrecoverable error: Could not open Parquet input source '<Buffer>': Couldn't deserialize thrift: TProtocolException: Invalid data

2026-07-07 22:03:42,622 [INFO] src.corpus_acquisition.metadata_extractor: Saved crawl log -> data/raw/crawl_logs/peru21_2021-11-01.json (status=failed)
2026-07-07 22:03:42,623 [ERROR] src.corpus_acquisition.downloader: Skipping peru21 on 2021-11-02 due to unrecoverable error: Could not open Parquet input source '<Buffer>': Couldn't deserialize thrift: TProtocolException: Invalid data

2026-07-07 22:03:42,625 [INFO] src.corpus_acquisition.metadata_extractor: Saved crawl log -> data/raw/crawl_logs/peru21_2021-11-02.json (status=failed)
2026-07-07 22:03:42,626 [ERROR] src.corpus_acquisition.downloader: Skipping peru21 on 2021-11-03 due to unrecoverable error: Could not open Parquet input source '<Buffer>': Couldn't deserialize thrift: TProtocolException: Invalid data

2026-07-07 22:03:42,627 [INFO] src.corpus_acquisition.metadata_extractor: Saved crawl log -> data/raw/crawl_logs/peru21_2021-11-03.json (status=failed)
2026-07-07 22:03:42,628 [ERROR] src.corpus_acquisition.downloader: Skipping peru21 on 2021-11-04 due to unrecoverable error: Could not open Parquet input source '<Buffer>': Couldn't deserialize thrift: TProtocolException: Invalid data

2026-07-07 22:03:42,630 [INFO] src.corpus_acquisition.metadata_extractor: Saved crawl log -> data/raw/crawl_logs/peru21_2021-11-04.json (status=failed)
2026-07-07 22:03:42,631 [ERROR] src.corpus_acquisition.downloader: Skipping peru21 on 2021-11-05 due to unrecoverable error: Could not open Parquet input source '<Buffer>': Couldn't deserialize thrift: TProtocolException: Invalid data

2026-07-07 22:03:42,632 [INFO] src.corpus_acquisition.metadata_extractor: Saved crawl log -> data/raw/crawl_logs/peru21_2021-11-05.json (status=failed)
2026-07-07 22:03:42,633 [ERROR] src.corpus_acquisition.downloader: Skipping peru21 on 2021-11-06 due to unrecoverable error: Could not open Parquet input source '<Buffer>': Couldn't deserialize thrift: TProtocolException: Invalid data

2026-07-07 22:03:42,635 [INFO] src.corpus_acquisition.metadata_extractor: Saved crawl log -> data/raw/crawl_logs/peru21_2021-11-06.json (status=failed)
2026-07-07 22:03:42,636 [ERROR] src.corpus_acquisition.downloader: Skipping peru21 on 2021-11-07 due to unrecoverable error: Could not open Parquet input source '<Buffer>': Couldn't deserialize thrift: TProtocolException: Invalid data

2026-07-07 22:03:42,637 [INFO] src.corpus_acquisition.metadata_extractor: Saved crawl log -> data/raw/crawl_logs/peru21_2021-11-07.json (status=failed)
2026-07-07 22:03:42,638 [ERROR] src.corpus_acquisition.downloader: Skipping peru21 on 2021-11-08 due to unrecoverable error: Could not open Parquet input source '<Buffer>': Couldn't deserialize thrift: TProtocolException: Invalid data

2026-07-07 22:03:42,640 [INFO] src.corpus_acquisition.metadata_extractor: Saved crawl log -> data/raw/crawl_logs/peru21_2021-11-08.json (status=failed)
2026-07-07 22:03:42,641 [ERROR] src.corpus_acquisition.downloader: Skipping peru21 on 2021-11-09 due to unrecoverable error: Could not open Parquet input source '<Buffer>': Couldn't deserialize thrift: TProtocolException: Invalid data

2026-07-07 22:03:42,642 [INFO] src.corpus_acquisition.metadata_extractor: Saved crawl log -> data/raw/crawl_logs/peru21_2021-11-09.json (status=failed)
2026-07-07 22:03:42,643 [ERROR] src.corpus_acquisition.downloader: Skipping peru21 on 2021-11-10 due to unrecoverable error: Could not open Parquet input source '<Buffer>': Couldn't deserialize thrift: TProtocolException: Invalid data

2026-07-07 22:03:42,644 [INFO] src.corpus_acquisition.metadata_extractor: Saved crawl log -> data/raw/crawl_logs/peru21_2021-11-10.json (status=failed)
2026-07-07 22:03:42,645 [ERROR] src.corpus_acquisition.downloader: Skipping peru21 on 2021-11-11 due to unrecoverable error: Could not open Parquet input source '<Buffer>': Couldn't deserialize thrift: TProtocolException: Invalid data

2026-07-07 22:03:42,647 [INFO] src.corpus_acquisition.metadata_extractor: Saved crawl log -> data/raw/crawl_logs/peru21_2021-11-11.json (status=failed)
2026-07-07 22:03:42,648 [ERROR] src.corpus_acquisition.downloader: Skipping peru21 on 2021-11-12 due to unrecoverable error: Could not open Parquet input source '<Buffer>': Couldn't deserialize thrift: TProtocolException: Invalid data

2026-07-07 22:03:42,649 [INFO] src.corpus_acquisition.metadata_extractor: Saved crawl log -> data/raw/crawl_logs/peru21_2021-11-12.json (status=failed)
2026-07-07 22:03:42,650 [ERROR] src.corpus_acquisition.downloader: Skipping peru21 on 2021-11-13 due to unrecoverable error: Could not open Parquet input source '<Buffer>': Couldn't deserialize thrift: TProtocolException: Invalid data

2026-07-07 22:03:42,652 [INFO] src.corpus_acquisition.metadata_extractor: Saved crawl log -> data/raw/crawl_logs/peru21_2021-11-13.json (status=failed)
2026-07-07 22:03:42,653 [ERROR] src.corpus_acquisition.downloader: Skipping peru21 on 2021-11-14 due to unrecoverable error: Could not open Parquet input source '<Buffer>': Couldn't deserialize thrift: TProtocolException: Invalid data

2026-07-07 22:03:42,655 [INFO] src.corpus_acquisition.metadata_extractor: Saved crawl log -> data/raw/crawl_logs/peru21_2021-11-14.json (status=failed)
2026-07-07 22:03:42,656 [ERROR] src.corpus_acquisition.downloader: Skipping peru21 on 2021-11-15 due to unrecoverable error: Could not open Parquet input source '<Buffer>': Couldn't deserialize thrift: TProtocolException: Invalid data

2026-07-07 22:03:42,658 [INFO] src.corpus_acquisition.metadata_extractor: Saved crawl log -> data/raw/crawl_logs/peru21_2021-11-15.json (status=failed)
2026-07-07 22:03:42,659 [ERROR] src.corpus_acquisition.downloader: Skipping peru21 on 2021-11-16 due to unrecoverable error: Could not open Parquet input source '<Buffer>': Couldn't deserialize thrift: TProtocolException: Invalid data

2026-07-07 22:03:42,660 [INFO] src.corpus_acquisition.metadata_extractor: Saved crawl log -> data/raw/crawl_logs/peru21_2021-11-16.json (status=failed)
2026-07-07 22:03:42,661 [ERROR] src.corpus_acquisition.downloader: Skipping peru21 on 2021-11-17 due to unrecoverable error: Could not open Parquet input source '<Buffer>': Couldn't deserialize thrift: TProtocolException: Invalid data

2026-07-07 22:03:42,663 [INFO] src.corpus_acquisition.metadata_extractor: Saved crawl log -> data/raw/crawl_logs/peru21_2021-11-17.json (status=failed)
2026-07-07 22:03:42,664 [ERROR] src.corpus_acquisition.downloader: Skipping peru21 on 2021-11-18 due to unrecoverable error: Could not open Parquet input source '<Buffer>': Couldn't deserialize thrift: TProtocolException: Invalid data

2026-07-07 22:03:42,666 [INFO] src.corpus_acquisition.metadata_extractor: Saved crawl log -> data/raw/crawl_logs/peru21_2021-11-18.json (status=failed)
2026-07-07 22:03:42,667 [ERROR] src.corpus_acquisition.downloader: Skipping peru21 on 2021-11-19 due to unrecoverable error: Could not open Parquet input source '<Buffer>': Couldn't deserialize thrift: TProtocolException: Invalid data

2026-07-07 22:03:42,669 [INFO] src.corpus_acquisition.metadata_extractor: Saved crawl log -> data/raw/crawl_logs/peru21_2021-11-19.json (status=failed)
2026-07-07 22:03:42,671 [ERROR] src.corpus_acquisition.downloader: Skipping peru21 on 2021-11-20 due to unrecoverable error: Could not open Parquet input source '<Buffer>': Couldn't deserialize thrift: TProtocolException: Invalid data

2026-07-07 22:03:42,672 [INFO] src.corpus_acquisition.metadata_extractor: Saved crawl log -> data/raw/crawl_logs/peru21_2021-11-20.json (status=failed)
2026-07-07 22:03:42,674 [ERROR] src.corpus_acquisition.downloader: Skipping peru21 on 2021-11-21 due to unrecoverable error: Could not open Parquet input source '<Buffer>': Couldn't deserialize thrift: TProtocolException: Invalid data

2026-07-07 22:03:42,676 [INFO] src.corpus_acquisition.metadata_extractor: Saved crawl log -> data/raw/crawl_logs/peru21_2021-11-21.json (status=failed)
2026-07-07 22:03:42,677 [ERROR] src.corpus_acquisition.downloader: Skipping peru21 on 2021-11-22 due to unrecoverable error: Could not open Parquet input source '<Buffer>': Couldn't deserialize thrift: TProtocolException: Invalid data

2026-07-07 22:03:42,679 [INFO] src.corpus_acquisition.metadata_extractor: Saved crawl log -> data/raw/crawl_logs/peru21_2021-11-22.json (status=failed)
2026-07-07 22:03:42,680 [ERROR] src.corpus_acquisition.downloader: Skipping peru21 on 2021-11-23 due to unrecoverable error: Could not open Parquet input source '<Buffer>': Couldn't deserialize thrift: TProtocolException: Invalid data

2026-07-07 22:03:42,682 [INFO] src.corpus_acquisition.metadata_extractor: Saved crawl log -> data/raw/crawl_logs/peru21_2021-11-23.json (status=failed)
2026-07-07 22:03:42,683 [ERROR] src.corpus_acquisition.downloader: Skipping peru21 on 2021-11-24 due to unrecoverable error: Could not open Parquet input source '<Buffer>': Couldn't deserialize thrift: TProtocolException: Invalid data

2026-07-07 22:03:42,685 [INFO] src.corpus_acquisition.metadata_extractor: Saved crawl log -> data/raw/crawl_logs/peru21_2021-11-24.json (status=failed)
2026-07-07 22:03:42,686 [ERROR] src.corpus_acquisition.downloader: Skipping peru21 on 2021-11-25 due to unrecoverable error: Could not open Parquet input source '<Buffer>': Couldn't deserialize thrift: TProtocolException: Invalid data

2026-07-07 22:03:42,688 [INFO] src.corpus_acquisition.metadata_extractor: Saved crawl log -> data/raw/crawl_logs/peru21_2021-11-25.json (status=failed)
2026-07-07 22:03:42,689 [ERROR] src.corpus_acquisition.downloader: Skipping peru21 on 2021-11-26 due to unrecoverable error: Could not open Parquet input source '<Buffer>': Couldn't deserialize thrift: TProtocolException: Invalid data

2026-07-07 22:03:42,691 [INFO] src.corpus_acquisition.metadata_extractor: Saved crawl log -> data/raw/crawl_logs/peru21_2021-11-26.json (status=failed)
2026-07-07 22:03:42,692 [ERROR] src.corpus_acquisition.downloader: Skipping peru21 on 2021-11-27 due to unrecoverable error: Could not open Parquet input source '<Buffer>': Couldn't deserialize thrift: TProtocolException: Invalid data

2026-07-07 22:03:42,694 [INFO] src.corpus_acquisition.metadata_extractor: Saved crawl log -> data/raw/crawl_logs/peru21_2021-11-27.json (status=failed)
2026-07-07 22:03:42,695 [ERROR] src.corpus_acquisition.downloader: Skipping peru21 on 2021-11-28 due to unrecoverable error: Could not open Parquet input source '<Buffer>': Couldn't deserialize thrift: TProtocolException: Invalid data

2026-07-07 22:03:42,697 [INFO] src.corpus_acquisition.metadata_extractor: Saved crawl log -> data/raw/crawl_logs/peru21_2021-11-28.json (status=failed)
2026-07-07 22:03:42,698 [ERROR] src.corpus_acquisition.downloader: Skipping peru21 on 2021-11-29 due to unrecoverable error: Could not open Parquet input source '<Buffer>': Couldn't deserialize thrift: TProtocolException: Invalid data

2026-07-07 22:03:42,700 [INFO] src.corpus_acquisition.metadata_extractor: Saved crawl log -> data/raw/crawl_logs/peru21_2021-11-29.json (status=failed)
2026-07-07 22:03:42,701 [ERROR] src.corpus_acquisition.downloader: Skipping peru21 on 2021-11-30 due to unrecoverable error: Could not open Parquet input source '<Buffer>': Couldn't deserialize thrift: TProtocolException: Invalid data

2026-07-07 22:03:42,703 [INFO] src.corpus_acquisition.metadata_extractor: Saved crawl log -> data/raw/crawl_logs/peru21_2021-11-30.json (status=failed)
2026-07-07 22:03:42,705 [ERROR] src.corpus_acquisition.downloader: Skipping peru21 on 2021-12-01 due to unrecoverable error: Could not open Parquet input source '<Buffer>': Couldn't deserialize thrift: TProtocolException: Invalid data

2026-07-07 22:03:42,707 [INFO] src.corpus_acquisition.metadata_extractor: Saved crawl log -> data/raw/crawl_logs/peru21_2021-12-01.json (status=failed)
2026-07-07 22:03:42,708 [ERROR] src.corpus_acquisition.downloader: Skipping peru21 on 2021-12-02 due to unrecoverable error: Could not open Parquet input source '<Buffer>': Couldn't deserialize thrift: TProtocolException: Invalid data

2026-07-07 22:03:42,710 [INFO] src.corpus_acquisition.metadata_extractor: Saved crawl log -> data/raw/crawl_logs/peru21_2021-12-02.json (status=failed)
2026-07-07 22:03:42,712 [ERROR] src.corpus_acquisition.downloader: Skipping peru21 on 2021-12-03 due to unrecoverable error: Could not open Parquet input source '<Buffer>': Couldn't deserialize thrift: TProtocolException: Invalid data

2026-07-07 22:03:42,713 [INFO] src.corpus_acquisition.metadata_extractor: Saved crawl log -> data/raw/crawl_logs/peru21_2021-12-03.json (status=failed)
2026-07-07 22:03:42,714 [ERROR] src.corpus_acquisition.downloader: Skipping peru21 on 2021-12-04 due to unrecoverable error: Could not open Parquet input source '<Buffer>': Couldn't deserialize thrift: TProtocolException: Invalid data

2026-07-07 22:03:42,716 [INFO] src.corpus_acquisition.metadata_extractor: Saved crawl log -> data/raw/crawl_logs/peru21_2021-12-04.json (status=failed)
2026-07-07 22:03:42,717 [ERROR] src.corpus_acquisition.downloader: Skipping peru21 on 2021-12-05 due to unrecoverable error: Could not open Parquet input source '<Buffer>': Couldn't deserialize thrift: TProtocolException: Invalid data

2026-07-07 22:03:42,722 [INFO] src.corpus_acquisition.metadata_extractor: Saved crawl log -> data/raw/crawl_logs/peru21_2021-12-05.json (status=failed)
2026-07-07 22:03:42,724 [ERROR] src.corpus_acquisition.downloader: Skipping peru21 on 2021-12-06 due to unrecoverable error: Could not open Parquet input source '<Buffer>': Couldn't deserialize thrift: TProtocolException: Invalid data

2026-07-07 22:03:42,725 [INFO] src.corpus_acquisition.metadata_extractor: Saved crawl log -> data/raw/crawl_logs/peru21_2021-12-06.json (status=failed)
2026-07-07 22:03:42,727 [ERROR] src.corpus_acquisition.downloader: Skipping peru21 on 2021-12-07 due to unrecoverable error: Could not open Parquet input source '<Buffer>': Couldn't deserialize thrift: TProtocolException: Invalid data

2026-07-07 22:03:42,728 [INFO] src.corpus_acquisition.metadata_extractor: Saved crawl log -> data/raw/crawl_logs/peru21_2021-12-07.json (status=failed)
2026-07-07 22:03:42,730 [ERROR] src.corpus_acquisition.downloader: Skipping peru21 on 2021-12-08 due to unrecoverable error: Could not open Parquet input source '<Buffer>': Couldn't deserialize thrift: TProtocolException: Invalid data

2026-07-07 22:03:42,732 [INFO] src.corpus_acquisition.metadata_extractor: Saved crawl log -> data/raw/crawl_logs/peru21_2021-12-08.json (status=failed)
2026-07-07 22:03:42,734 [ERROR] src.corpus_acquisition.downloader: Skipping peru21 on 2021-12-09 due to unrecoverable error: Could not open Parquet input source '<Buffer>': Couldn't deserialize thrift: TProtocolException: Invalid data

2026-07-07 22:03:42,735 [INFO] src.corpus_acquisition.metadata_extractor: Saved crawl log -> data/raw/crawl_logs/peru21_2021-12-09.json (status=failed)
2026-07-07 22:03:42,737 [ERROR] src.corpus_acquisition.downloader: Skipping peru21 on 2021-12-10 due to unrecoverable error: Could not open Parquet input source '<Buffer>': Couldn't deserialize thrift: TProtocolException: Invalid data

2026-07-07 22:03:42,738 [INFO] src.corpus_acquisition.metadata_extractor: Saved crawl log -> data/raw/crawl_logs/peru21_2021-12-10.json (status=failed)
2026-07-07 22:03:42,740 [ERROR] src.corpus_acquisition.downloader: Skipping peru21 on 2021-12-11 due to unrecoverable error: Could not open Parquet input source '<Buffer>': Couldn't deserialize thrift: TProtocolException: Invalid data

2026-07-07 22:03:42,742 [INFO] src.corpus_acquisition.metadata_extractor: Saved crawl log -> data/raw/crawl_logs/peru21_2021-12-11.json (status=failed)
2026-07-07 22:03:42,744 [ERROR] src.corpus_acquisition.downloader: Skipping peru21 on 2021-12-12 due to unrecoverable error: Could not open Parquet input source '<Buffer>': Couldn't deserialize thrift: TProtocolException: Invalid data

2026-07-07 22:03:42,746 [INFO] src.corpus_acquisition.metadata_extractor: Saved crawl log -> data/raw/crawl_logs/peru21_2021-12-12.json (status=failed)
2026-07-07 22:03:42,747 [ERROR] src.corpus_acquisition.downloader: Skipping peru21 on 2021-12-13 due to unrecoverable error: Could not open Parquet input source '<Buffer>': Couldn't deserialize thrift: TProtocolException: Invalid data

2026-07-07 22:03:42,749 [INFO] src.corpus_acquisition.metadata_extractor: Saved crawl log -> data/raw/crawl_logs/peru21_2021-12-13.json (status=failed)
2026-07-07 22:03:42,751 [ERROR] src.corpus_acquisition.downloader: Skipping peru21 on 2021-12-14 due to unrecoverable error: Could not open Parquet input source '<Buffer>': Couldn't deserialize thrift: TProtocolException: Invalid data

2026-07-07 22:03:42,753 [INFO] src.corpus_acquisition.metadata_extractor: Saved crawl log -> data/raw/crawl_logs/peru21_2021-12-14.json (status=failed)
2026-07-07 22:03:42,754 [ERROR] src.corpus_acquisition.downloader: Skipping peru21 on 2021-12-15 due to unrecoverable error: Could not open Parquet input source '<Buffer>': Couldn't deserialize thrift: TProtocolException: Invalid data

2026-07-07 22:03:42,756 [INFO] src.corpus_acquisition.metadata_extractor: Saved crawl log -> data/raw/crawl_logs/peru21_2021-12-15.json (status=failed)
2026-07-07 22:03:42,757 [ERROR] src.corpus_acquisition.downloader: Skipping peru21 on 2021-12-16 due to unrecoverable error: Could not open Parquet input source '<Buffer>': Couldn't deserialize thrift: TProtocolException: Invalid data

2026-07-07 22:03:42,759 [INFO] src.corpus_acquisition.metadata_extractor: Saved crawl log -> data/raw/crawl_logs/peru21_2021-12-16.json (status=failed)
2026-07-07 22:03:42,760 [ERROR] src.corpus_acquisition.downloader: Skipping peru21 on 2021-12-17 due to unrecoverable error: Could not open Parquet input source '<Buffer>': Couldn't deserialize thrift: TProtocolException: Invalid data

2026-07-07 22:03:42,762 [INFO] src.corpus_acquisition.metadata_extractor: Saved crawl log -> data/raw/crawl_logs/peru21_2021-12-17.json (status=failed)
2026-07-07 22:03:42,763 [ERROR] src.corpus_acquisition.downloader: Skipping peru21 on 2021-12-18 due to unrecoverable error: Could not open Parquet input source '<Buffer>': Couldn't deserialize thrift: TProtocolException: Invalid data

2026-07-07 22:03:42,765 [INFO] src.corpus_acquisition.metadata_extractor: Saved crawl log -> data/raw/crawl_logs/peru21_2021-12-18.json (status=failed)
2026-07-07 22:03:42,767 [ERROR] src.corpus_acquisition.downloader: Skipping peru21 on 2021-12-19 due to unrecoverable error: Could not open Parquet input source '<Buffer>': Couldn't deserialize thrift: TProtocolException: Invalid data

2026-07-07 22:03:42,768 [INFO] src.corpus_acquisition.metadata_extractor: Saved crawl log -> data/raw/crawl_logs/peru21_2021-12-19.json (status=failed)
2026-07-07 22:03:42,770 [ERROR] src.corpus_acquisition.downloader: Skipping peru21 on 2021-12-20 due to unrecoverable error: Could not open Parquet input source '<Buffer>': Couldn't deserialize thrift: TProtocolException: Invalid data

2026-07-07 22:03:42,771 [INFO] src.corpus_acquisition.metadata_extractor: Saved crawl log -> data/raw/crawl_logs/peru21_2021-12-20.json (status=failed)
2026-07-07 22:03:42,773 [ERROR] src.corpus_acquisition.downloader: Skipping peru21 on 2021-12-21 due to unrecoverable error: Could not open Parquet input source '<Buffer>': Couldn't deserialize thrift: TProtocolException: Invalid data

2026-07-07 22:03:42,774 [INFO] src.corpus_acquisition.metadata_extractor: Saved crawl log -> data/raw/crawl_logs/peru21_2021-12-21.json (status=failed)
2026-07-07 22:03:42,776 [ERROR] src.corpus_acquisition.downloader: Skipping peru21 on 2021-12-22 due to unrecoverable error: Could not open Parquet input source '<Buffer>': Couldn't deserialize thrift: TProtocolException: Invalid data

2026-07-07 22:03:42,777 [INFO] src.corpus_acquisition.metadata_extractor: Saved crawl log -> data/raw/crawl_logs/peru21_2021-12-22.json (status=failed)
2026-07-07 22:03:42,779 [ERROR] src.corpus_acquisition.downloader: Skipping peru21 on 2021-12-23 due to unrecoverable error: Could not open Parquet input source '<Buffer>': Couldn't deserialize thrift: TProtocolException: Invalid data

2026-07-07 22:03:42,781 [INFO] src.corpus_acquisition.metadata_extractor: Saved crawl log -> data/raw/crawl_logs/peru21_2021-12-23.json (status=failed)
2026-07-07 22:03:42,782 [ERROR] src.corpus_acquisition.downloader: Skipping peru21 on 2021-12-24 due to unrecoverable error: Could not open Parquet input source '<Buffer>': Couldn't deserialize thrift: TProtocolException: Invalid data

2026-07-07 22:03:42,784 [INFO] src.corpus_acquisition.metadata_extractor: Saved crawl log -> data/raw/crawl_logs/peru21_2021-12-24.json (status=failed)
2026-07-07 22:03:42,785 [ERROR] src.corpus_acquisition.downloader: Skipping peru21 on 2021-12-25 due to unrecoverable error: Could not open Parquet input source '<Buffer>': Couldn't deserialize thrift: TProtocolException: Invalid data

2026-07-07 22:03:42,787 [INFO] src.corpus_acquisition.metadata_extractor: Saved crawl log -> data/raw/crawl_logs/peru21_2021-12-25.json (status=failed)
2026-07-07 22:03:42,788 [ERROR] src.corpus_acquisition.downloader: Skipping peru21 on 2021-12-26 due to unrecoverable error: Could not open Parquet input source '<Buffer>': Couldn't deserialize thrift: TProtocolException: Invalid data

2026-07-07 22:03:42,790 [INFO] src.corpus_acquisition.metadata_extractor: Saved crawl log -> data/raw/crawl_logs/peru21_2021-12-26.json (status=failed)
2026-07-07 22:03:42,792 [ERROR] src.corpus_acquisition.downloader: Skipping peru21 on 2021-12-27 due to unrecoverable error: Could not open Parquet input source '<Buffer>': Couldn't deserialize thrift: TProtocolException: Invalid data

2026-07-07 22:03:42,794 [INFO] src.corpus_acquisition.metadata_extractor: Saved crawl log -> data/raw/crawl_logs/peru21_2021-12-27.json (status=failed)
2026-07-07 22:03:42,796 [ERROR] src.corpus_acquisition.downloader: Skipping peru21 on 2021-12-28 due to unrecoverable error: Could not open Parquet input source '<Buffer>': Couldn't deserialize thrift: TProtocolException: Invalid data

2026-07-07 22:03:42,798 [INFO] src.corpus_acquisition.metadata_extractor: Saved crawl log -> data/raw/crawl_logs/peru21_2021-12-28.json (status=failed)
2026-07-07 22:03:42,799 [ERROR] src.corpus_acquisition.downloader: Skipping peru21 on 2021-12-29 due to unrecoverable error: Could not open Parquet input source '<Buffer>': Couldn't deserialize thrift: TProtocolException: Invalid data

2026-07-07 22:03:42,801 [INFO] src.corpus_acquisition.metadata_extractor: Saved crawl log -> data/raw/crawl_logs/peru21_2021-12-29.json (status=failed)
2026-07-07 22:03:42,803 [ERROR] src.corpus_acquisition.downloader: Skipping peru21 on 2021-12-30 due to unrecoverable error: Could not open Parquet input source '<Buffer>': Couldn't deserialize thrift: TProtocolException: Invalid data

2026-07-07 22:03:42,805 [INFO] src.corpus_acquisition.metadata_extractor: Saved crawl log -> data/raw/crawl_logs/peru21_2021-12-30.json (status=failed)
2026-07-07 22:03:42,806 [ERROR] src.corpus_acquisition.downloader: Skipping peru21 on 2021-12-31 due to unrecoverable error: Could not open Parquet input source '<Buffer>': Couldn't deserialize thrift: TProtocolException: Invalid data

2026-07-07 22:03:42,808 [INFO] src.corpus_acquisition.metadata_extractor: Saved crawl log -> data/raw/crawl_logs/peru21_2021-12-31.json (status=failed)
2026-07-07 22:03:42,810 [ERROR] src.corpus_acquisition.downloader: Skipping peru21 on 2022-01-01 due to unrecoverable error: Could not open Parquet input source '<Buffer>': Couldn't deserialize thrift: TProtocolException: Invalid data

2026-07-07 22:03:42,815 [INFO] src.corpus_acquisition.metadata_extractor: Saved crawl log -> data/raw/crawl_logs/peru21_2022-01-01.json (status=failed)
2026-07-07 22:03:42,817 [ERROR] src.corpus_acquisition.downloader: Skipping peru21 on 2022-01-02 due to unrecoverable error: Could not open Parquet input source '<Buffer>': Couldn't deserialize thrift: TProtocolException: Invalid data

2026-07-07 22:03:42,819 [INFO] src.corpus_acquisition.metadata_extractor: Saved crawl log -> data/raw/crawl_logs/peru21_2022-01-02.json (status=failed)
2026-07-07 22:03:42,820 [ERROR] src.corpus_acquisition.downloader: Skipping peru21 on 2022-01-03 due to unrecoverable error: Could not open Parquet input source '<Buffer>': Couldn't deserialize thrift: TProtocolException: Invalid data

2026-07-07 22:03:42,822 [INFO] src.corpus_acquisition.metadata_extractor: Saved crawl log -> data/raw/crawl_logs/peru21_2022-01-03.json (status=failed)
2026-07-07 22:03:42,824 [ERROR] src.corpus_acquisition.downloader: Skipping peru21 on 2022-01-04 due to unrecoverable error: Could not open Parquet input source '<Buffer>': Couldn't deserialize thrift: TProtocolException: Invalid data

2026-07-07 22:03:42,826 [INFO] src.corpus_acquisition.metadata_extractor: Saved crawl log -> data/raw/crawl_logs/peru21_2022-01-04.json (status=failed)
2026-07-07 22:03:42,827 [ERROR] src.corpus_acquisition.downloader: Skipping peru21 on 2022-01-05 due to unrecoverable error: Could not open Parquet input source '<Buffer>': Couldn't deserialize thrift: TProtocolException: Invalid data

2026-07-07 22:03:42,828 [INFO] src.corpus_acquisition.metadata_extractor: Saved crawl log -> data/raw/crawl_logs/peru21_2022-01-05.json (status=failed)
2026-07-07 22:03:42,829 [ERROR] src.corpus_acquisition.downloader: Skipping peru21 on 2022-01-06 due to unrecoverable error: Could not open Parquet input source '<Buffer>': Couldn't deserialize thrift: TProtocolException: Invalid data

2026-07-07 22:03:42,831 [INFO] src.corpus_acquisition.metadata_extractor: Saved crawl log -> data/raw/crawl_logs/peru21_2022-01-06.json (status=failed)
2026-07-07 22:03:42,833 [ERROR] src.corpus_acquisition.downloader: Skipping peru21 on 2022-01-07 due to unrecoverable error: Could not open Parquet input source '<Buffer>': Couldn't deserialize thrift: TProtocolException: Invalid data

2026-07-07 22:03:42,835 [INFO] src.corpus_acquisition.metadata_extractor: Saved crawl log -> data/raw/crawl_logs/peru21_2022-01-07.json (status=failed)
2026-07-07 22:03:42,836 [ERROR] src.corpus_acquisition.downloader: Skipping peru21 on 2022-01-08 due to unrecoverable error: Could not open Parquet input source '<Buffer>': Couldn't deserialize thrift: TProtocolException: Invalid data

2026-07-07 22:03:42,838 [INFO] src.corpus_acquisition.metadata_extractor: Saved crawl log -> data/raw/crawl_logs/peru21_2022-01-08.json (status=failed)
2026-07-07 22:03:42,839 [ERROR] src.corpus_acquisition.downloader: Skipping peru21 on 2022-01-09 due to unrecoverable error: Could not open Parquet input source '<Buffer>': Couldn't deserialize thrift: TProtocolException: Invalid data

2026-07-07 22:03:42,841 [INFO] src.corpus_acquisition.metadata_extractor: Saved crawl log -> data/raw/crawl_logs/peru21_2022-01-09.json (status=failed)
2026-07-07 22:03:42,842 [ERROR] src.corpus_acquisition.downloader: Skipping peru21 on 2022-01-10 due to unrecoverable error: Could not open Parquet input source '<Buffer>': Couldn't deserialize thrift: TProtocolException: Invalid data

2026-07-07 22:03:42,844 [INFO] src.corpus_acquisition.metadata_extractor: Saved crawl log -> data/raw/crawl_logs/peru21_2022-01-10.json (status=failed)
2026-07-07 22:03:42,845 [ERROR] src.corpus_acquisition.downloader: Skipping peru21 on 2022-01-11 due to unrecoverable error: Could not open Parquet input source '<Buffer>': Couldn't deserialize thrift: TProtocolException: Invalid data

2026-07-07 22:03:42,847 [INFO] src.corpus_acquisition.metadata_extractor: Saved crawl log -> data/raw/crawl_logs/peru21_2022-01-11.json (status=failed)
2026-07-07 22:03:42,849 [ERROR] src.corpus_acquisition.downloader: Skipping peru21 on 2022-01-12 due to unrecoverable error: Could not open Parquet input source '<Buffer>': Couldn't deserialize thrift: TProtocolException: Invalid data

2026-07-07 22:03:42,850 [INFO] src.corpus_acquisition.metadata_extractor: Saved crawl log -> data/raw/crawl_logs/peru21_2022-01-12.json (status=failed)
2026-07-07 22:03:42,852 [ERROR] src.corpus_acquisition.downloader: Skipping peru21 on 2022-01-13 due to unrecoverable error: Could not open Parquet input source '<Buffer>': Couldn't deserialize thrift: TProtocolException: Invalid data

2026-07-07 22:03:42,853 [INFO] src.corpus_acquisition.metadata_extractor: Saved crawl log -> data/raw/crawl_logs/peru21_2022-01-13.json (status=failed)
2026-07-07 22:03:42,855 [ERROR] src.corpus_acquisition.downloader: Skipping peru21 on 2022-01-14 due to unrecoverable error: Could not open Parquet input source '<Buffer>': Couldn't deserialize thrift: TProtocolException: Invalid data

2026-07-07 22:03:42,857 [INFO] src.corpus_acquisition.metadata_extractor: Saved crawl log -> data/raw/crawl_logs/peru21_2022-01-14.json (status=failed)
2026-07-07 22:03:42,858 [ERROR] src.corpus_acquisition.downloader: Skipping peru21 on 2022-01-15 due to unrecoverable error: Could not open Parquet input source '<Buffer>': Couldn't deserialize thrift: TProtocolException: Invalid data

2026-07-07 22:03:42,860 [INFO] src.corpus_acquisition.metadata_extractor: Saved crawl log -> data/raw/crawl_logs/peru21_2022-01-15.json (status=failed)
2026-07-07 22:03:42,861 [ERROR] src.corpus_acquisition.downloader: Skipping peru21 on 2022-01-16 due to unrecoverable error: Could not open Parquet input source '<Buffer>': Couldn't deserialize thrift: TProtocolException: Invalid data

2026-07-07 22:03:42,862 [INFO] src.corpus_acquisition.metadata_extractor: Saved crawl log -> data/raw/crawl_logs/peru21_2022-01-16.json (status=failed)
2026-07-07 22:03:42,863 [ERROR] src.corpus_acquisition.downloader: Skipping peru21 on 2022-01-17 due to unrecoverable error: Could not open Parquet input source '<Buffer>': Couldn't deserialize thrift: TProtocolException: Invalid data

2026-07-07 22:03:42,865 [INFO] src.corpus_acquisition.metadata_extractor: Saved crawl log -> data/raw/crawl_logs/peru21_2022-01-17.json (status=failed)
2026-07-07 22:03:42,866 [ERROR] src.corpus_acquisition.downloader: Skipping peru21 on 2022-01-18 due to unrecoverable error: Could not open Parquet input source '<Buffer>': Couldn't deserialize thrift: TProtocolException: Invalid data

2026-07-07 22:03:42,868 [INFO] src.corpus_acquisition.metadata_extractor: Saved crawl log -> data/raw/crawl_logs/peru21_2022-01-18.json (status=failed)
2026-07-07 22:03:42,869 [ERROR] src.corpus_acquisition.downloader: Skipping peru21 on 2022-01-19 due to unrecoverable error: Could not open Parquet input source '<Buffer>': Couldn't deserialize thrift: TProtocolException: Invalid data

2026-07-07 22:03:42,871 [INFO] src.corpus_acquisition.metadata_extractor: Saved crawl log -> data/raw/crawl_logs/peru21_2022-01-19.json (status=failed)
2026-07-07 22:03:42,873 [ERROR] src.corpus_acquisition.downloader: Skipping peru21 on 2022-01-20 due to unrecoverable error: Could not open Parquet input source '<Buffer>': Couldn't deserialize thrift: TProtocolException: Invalid data

2026-07-07 22:03:42,874 [INFO] src.corpus_acquisition.metadata_extractor: Saved crawl log -> data/raw/crawl_logs/peru21_2022-01-20.json (status=failed)
2026-07-07 22:03:42,875 [ERROR] src.corpus_acquisition.downloader: Skipping peru21 on 2022-01-21 due to unrecoverable error: Could not open Parquet input source '<Buffer>': Couldn't deserialize thrift: TProtocolException: Invalid data

2026-07-07 22:03:42,877 [INFO] src.corpus_acquisition.metadata_extractor: Saved crawl log -> data/raw/crawl_logs/peru21_2022-01-21.json (status=failed)
2026-07-07 22:03:42,878 [ERROR] src.corpus_acquisition.downloader: Skipping peru21 on 2022-01-22 due to unrecoverable error: Could not open Parquet input source '<Buffer>': Couldn't deserialize thrift: TProtocolException: Invalid data

2026-07-07 22:03:42,882 [INFO] src.corpus_acquisition.metadata_extractor: Saved crawl log -> data/raw/crawl_logs/peru21_2022-01-22.json (status=failed)
2026-07-07 22:03:42,883 [ERROR] src.corpus_acquisition.downloader: Skipping peru21 on 2022-01-23 due to unrecoverable error: Could not open Parquet input source '<Buffer>': Couldn't deserialize thrift: TProtocolException: Invalid data

2026-07-07 22:03:42,885 [INFO] src.corpus_acquisition.metadata_extractor: Saved crawl log -> data/raw/crawl_logs/peru21_2022-01-23.json (status=failed)
2026-07-07 22:03:42,886 [ERROR] src.corpus_acquisition.downloader: Skipping peru21 on 2022-01-24 due to unrecoverable error: Could not open Parquet input source '<Buffer>': Couldn't deserialize thrift: TProtocolException: Invalid data

2026-07-07 22:03:42,888 [INFO] src.corpus_acquisition.metadata_extractor: Saved crawl log -> data/raw/crawl_logs/peru21_2022-01-24.json (status=failed)
2026-07-07 22:03:42,889 [ERROR] src.corpus_acquisition.downloader: Skipping peru21 on 2022-01-25 due to unrecoverable error: Could not open Parquet input source '<Buffer>': Couldn't deserialize thrift: TProtocolException: Invalid data

2026-07-07 22:03:42,891 [INFO] src.corpus_acquisition.metadata_extractor: Saved crawl log -> data/raw/crawl_logs/peru21_2022-01-25.json (status=failed)
2026-07-07 22:03:42,892 [ERROR] src.corpus_acquisition.downloader: Skipping peru21 on 2022-01-26 due to unrecoverable error: Could not open Parquet input source '<Buffer>': Couldn't deserialize thrift: TProtocolException: Invalid data

2026-07-07 22:03:42,893 [INFO] src.corpus_acquisition.metadata_extractor: Saved crawl log -> data/raw/crawl_logs/peru21_2022-01-26.json (status=failed)
2026-07-07 22:03:42,894 [ERROR] src.corpus_acquisition.downloader: Skipping peru21 on 2022-01-27 due to unrecoverable error: Could not open Parquet input source '<Buffer>': Couldn't deserialize thrift: TProtocolException: Invalid data

2026-07-07 22:03:42,896 [INFO] src.corpus_acquisition.metadata_extractor: Saved crawl log -> data/raw/crawl_logs/peru21_2022-01-27.json (status=failed)
2026-07-07 22:03:42,897 [ERROR] src.corpus_acquisition.downloader: Skipping peru21 on 2022-01-28 due to unrecoverable error: Could not open Parquet input source '<Buffer>': Couldn't deserialize thrift: TProtocolException: Invalid data

2026-07-07 22:03:42,898 [INFO] src.corpus_acquisition.metadata_extractor: Saved crawl log -> data/raw/crawl_logs/peru21_2022-01-28.json (status=failed)
2026-07-07 22:03:42,899 [ERROR] src.corpus_acquisition.downloader: Skipping peru21 on 2022-01-29 due to unrecoverable error: Could not open Parquet input source '<Buffer>': Couldn't deserialize thrift: TProtocolException: Invalid data

2026-07-07 22:03:42,901 [INFO] src.corpus_acquisition.metadata_extractor: Saved crawl log -> data/raw/crawl_logs/peru21_2022-01-29.json (status=failed)
2026-07-07 22:03:42,902 [ERROR] src.corpus_acquisition.downloader: Skipping peru21 on 2022-01-30 due to unrecoverable error: Could not open Parquet input source '<Buffer>': Couldn't deserialize thrift: TProtocolException: Invalid data

2026-07-07 22:03:42,903 [INFO] src.corpus_acquisition.metadata_extractor: Saved crawl log -> data/raw/crawl_logs/peru21_2022-01-30.json (status=failed)
2026-07-07 22:03:42,904 [ERROR] src.corpus_acquisition.downloader: Skipping peru21 on 2022-01-31 due to unrecoverable error: Could not open Parquet input source '<Buffer>': Couldn't deserialize thrift: TProtocolException: Invalid data

2026-07-07 22:03:42,906 [INFO] src.corpus_acquisition.metadata_extractor: Saved crawl log -> data/raw/crawl_logs/peru21_2022-01-31.json (status=failed)
2026-07-07 22:03:42,907 [ERROR] src.corpus_acquisition.downloader: Skipping peru21 on 2022-02-01 due to unrecoverable error: Could not open Parquet input source '<Buffer>': Couldn't deserialize thrift: TProtocolException: Invalid data

2026-07-07 22:03:42,908 [INFO] src.corpus_acquisition.metadata_extractor: Saved crawl log -> data/raw/crawl_logs/peru21_2022-02-01.json (status=failed)
2026-07-07 22:03:42,909 [ERROR] src.corpus_acquisition.downloader: Skipping peru21 on 2022-02-02 due to unrecoverable error: Could not open Parquet input source '<Buffer>': Couldn't deserialize thrift: TProtocolException: Invalid data

2026-07-07 22:03:42,913 [INFO] src.corpus_acquisition.metadata_extractor: Saved crawl log -> data/raw/crawl_logs/peru21_2022-02-02.json (status=failed)
2026-07-07 22:03:42,914 [ERROR] src.corpus_acquisition.downloader: Skipping peru21 on 2022-02-03 due to unrecoverable error: Could not open Parquet input source '<Buffer>': Couldn't deserialize thrift: TProtocolException: Invalid data

2026-07-07 22:03:42,916 [INFO] src.corpus_acquisition.metadata_extractor: Saved crawl log -> data/raw/crawl_logs/peru21_2022-02-03.json (status=failed)
2026-07-07 22:03:42,917 [ERROR] src.corpus_acquisition.downloader: Skipping peru21 on 2022-02-04 due to unrecoverable error: Could not open Parquet input source '<Buffer>': Couldn't deserialize thrift: TProtocolException: Invalid data

2026-07-07 22:03:42,918 [INFO] src.corpus_acquisition.metadata_extractor: Saved crawl log -> data/raw/crawl_logs/peru21_2022-02-04.json (status=failed)
2026-07-07 22:03:42,919 [ERROR] src.corpus_acquisition.downloader: Skipping peru21 on 2022-02-05 due to unrecoverable error: Could not open Parquet input source '<Buffer>': Couldn't deserialize thrift: TProtocolException: Invalid data

2026-07-07 22:03:42,921 [INFO] src.corpus_acquisition.metadata_extractor: Saved crawl log -> data/raw/crawl_logs/peru21_2022-02-05.json (status=failed)
2026-07-07 22:03:42,922 [ERROR] src.corpus_acquisition.downloader: Skipping peru21 on 2022-02-06 due to unrecoverable error: Could not open Parquet input source '<Buffer>': Couldn't deserialize thrift: TProtocolException: Invalid data

2026-07-07 22:03:42,925 [INFO] src.corpus_acquisition.metadata_extractor: Saved crawl log -> data/raw/crawl_logs/peru21_2022-02-06.json (status=failed)
2026-07-07 22:03:42,926 [ERROR] src.corpus_acquisition.downloader: Skipping peru21 on 2022-02-07 due to unrecoverable error: Could not open Parquet input source '<Buffer>': Couldn't deserialize thrift: TProtocolException: Invalid data

2026-07-07 22:03:42,928 [INFO] src.corpus_acquisition.metadata_extractor: Saved crawl log -> data/raw/crawl_logs/peru21_2022-02-07.json (status=failed)
2026-07-07 22:03:42,929 [ERROR] src.corpus_acquisition.downloader: Skipping peru21 on 2022-02-08 due to unrecoverable error: Could not open Parquet input source '<Buffer>': Couldn't deserialize thrift: TProtocolException: Invalid data

2026-07-07 22:03:42,930 [INFO] src.corpus_acquisition.metadata_extractor: Saved crawl log -> data/raw/crawl_logs/peru21_2022-02-08.json (status=failed)
2026-07-07 22:03:42,931 [ERROR] src.corpus_acquisition.downloader: Skipping peru21 on 2022-02-09 due to unrecoverable error: Could not open Parquet input source '<Buffer>': Couldn't deserialize thrift: TProtocolException: Invalid data

2026-07-07 22:03:42,932 [INFO] src.corpus_acquisition.metadata_extractor: Saved crawl log -> data/raw/crawl_logs/peru21_2022-02-09.json (status=failed)
2026-07-07 22:03:42,933 [ERROR] src.corpus_acquisition.downloader: Skipping peru21 on 2022-02-10 due to unrecoverable error: Could not open Parquet input source '<Buffer>': Couldn't deserialize thrift: TProtocolException: Invalid data

2026-07-07 22:03:42,935 [INFO] src.corpus_acquisition.metadata_extractor: Saved crawl log -> data/raw/crawl_logs/peru21_2022-02-10.json (status=failed)
2026-07-07 22:03:42,936 [ERROR] src.corpus_acquisition.downloader: Skipping peru21 on 2022-02-11 due to unrecoverable error: Could not open Parquet input source '<Buffer>': Couldn't deserialize thrift: TProtocolException: Invalid data

2026-07-07 22:03:42,941 [INFO] src.corpus_acquisition.metadata_extractor: Saved crawl log -> data/raw/crawl_logs/peru21_2022-02-11.json (status=failed)
2026-07-07 22:03:42,942 [ERROR] src.corpus_acquisition.downloader: Skipping peru21 on 2022-02-12 due to unrecoverable error: Could not open Parquet input source '<Buffer>': Couldn't deserialize thrift: TProtocolException: Invalid data

2026-07-07 22:03:42,944 [INFO] src.corpus_acquisition.metadata_extractor: Saved crawl log -> data/raw/crawl_logs/peru21_2022-02-12.json (status=failed)
2026-07-07 22:03:42,945 [ERROR] src.corpus_acquisition.downloader: Skipping peru21 on 2022-02-13 due to unrecoverable error: Could not open Parquet input source '<Buffer>': Couldn't deserialize thrift: TProtocolException: Invalid data

2026-07-07 22:03:42,946 [INFO] src.corpus_acquisition.metadata_extractor: Saved crawl log -> data/raw/crawl_logs/peru21_2022-02-13.json (status=failed)
2026-07-07 22:03:42,947 [ERROR] src.corpus_acquisition.downloader: Skipping peru21 on 2022-02-14 due to unrecoverable error: Could not open Parquet input source '<Buffer>': Couldn't deserialize thrift: TProtocolException: Invalid data

2026-07-07 22:03:42,949 [INFO] src.corpus_acquisition.metadata_extractor: Saved crawl log -> data/raw/crawl_logs/peru21_2022-02-14.json (status=failed)
2026-07-07 22:03:42,950 [ERROR] src.corpus_acquisition.downloader: Skipping peru21 on 2022-02-15 due to unrecoverable error: Could not open Parquet input source '<Buffer>': Couldn't deserialize thrift: TProtocolException: Invalid data

2026-07-07 22:03:42,952 [INFO] src.corpus_acquisition.metadata_extractor: Saved crawl log -> data/raw/crawl_logs/peru21_2022-02-15.json (status=failed)
2026-07-07 22:03:42,953 [ERROR] src.corpus_acquisition.downloader: Skipping peru21 on 2022-02-16 due to unrecoverable error: Could not open Parquet input source '<Buffer>': Couldn't deserialize thrift: TProtocolException: Invalid data

2026-07-07 22:03:42,955 [INFO] src.corpus_acquisition.metadata_extractor: Saved crawl log -> data/raw/crawl_logs/peru21_2022-02-16.json (status=failed)
2026-07-07 22:03:42,957 [ERROR] src.corpus_acquisition.downloader: Skipping peru21 on 2022-02-17 due to unrecoverable error: Could not open Parquet input source '<Buffer>': Couldn't deserialize thrift: TProtocolException: Invalid data

2026-07-07 22:03:42,958 [INFO] src.corpus_acquisition.metadata_extractor: Saved crawl log -> data/raw/crawl_logs/peru21_2022-02-17.json (status=failed)
2026-07-07 22:03:42,959 [ERROR] src.corpus_acquisition.downloader: Skipping peru21 on 2022-02-18 due to unrecoverable error: Could not open Parquet input source '<Buffer>': Couldn't deserialize thrift: TProtocolException: Invalid data

2026-07-07 22:03:42,963 [INFO] src.corpus_acquisition.metadata_extractor: Saved crawl log -> data/raw/crawl_logs/peru21_2022-02-18.json (status=failed)
2026-07-07 22:03:42,964 [ERROR] src.corpus_acquisition.downloader: Skipping peru21 on 2022-02-19 due to unrecoverable error: Could not open Parquet input source '<Buffer>': Couldn't deserialize thrift: TProtocolException: Invalid data

2026-07-07 22:03:42,966 [INFO] src.corpus_acquisition.metadata_extractor: Saved crawl log -> data/raw/crawl_logs/peru21_2022-02-19.json (status=failed)
2026-07-07 22:03:42,967 [ERROR] src.corpus_acquisition.downloader: Skipping peru21 on 2022-02-20 due to unrecoverable error: Could not open Parquet input source '<Buffer>': Couldn't deserialize thrift: TProtocolException: Invalid data

2026-07-07 22:03:42,968 [INFO] src.corpus_acquisition.metadata_extractor: Saved crawl log -> data/raw/crawl_logs/peru21_2022-02-20.json (status=failed)
2026-07-07 22:03:42,970 [ERROR] src.corpus_acquisition.downloader: Skipping peru21 on 2022-02-21 due to unrecoverable error: Could not open Parquet input source '<Buffer>': Couldn't deserialize thrift: TProtocolException: Invalid data

2026-07-07 22:03:42,971 [INFO] src.corpus_acquisition.metadata_extractor: Saved crawl log -> data/raw/crawl_logs/peru21_2022-02-21.json (status=failed)
2026-07-07 22:03:42,973 [ERROR] src.corpus_acquisition.downloader: Skipping peru21 on 2022-02-22 due to unrecoverable error: Could not open Parquet input source '<Buffer>': Couldn't deserialize thrift: TProtocolException: Invalid data

2026-07-07 22:03:42,975 [INFO] src.corpus_acquisition.metadata_extractor: Saved crawl log -> data/raw/crawl_logs/peru21_2022-02-22.json (status=failed)
2026-07-07 22:03:42,976 [ERROR] src.corpus_acquisition.downloader: Skipping peru21 on 2022-02-23 due to unrecoverable error: Could not open Parquet input source '<Buffer>': Couldn't deserialize thrift: TProtocolException: Invalid data

2026-07-07 22:03:42,977 [INFO] src.corpus_acquisition.metadata_extractor: Saved crawl log -> data/raw/crawl_logs/peru21_2022-02-23.json (status=failed)
2026-07-07 22:03:42,978 [ERROR] src.corpus_acquisition.downloader: Skipping peru21 on 2022-02-24 due to unrecoverable error: Could not open Parquet input source '<Buffer>': Couldn't deserialize thrift: TProtocolException: Invalid data

2026-07-07 22:03:42,979 [INFO] src.corpus_acquisition.metadata_extractor: Saved crawl log -> data/raw/crawl_logs/peru21_2022-02-24.json (status=failed)
2026-07-07 22:03:42,980 [ERROR] src.corpus_acquisition.downloader: Skipping peru21 on 2022-02-25 due to unrecoverable error: Could not open Parquet input source '<Buffer>': Couldn't deserialize thrift: TProtocolException: Invalid data

2026-07-07 22:03:42,982 [INFO] src.corpus_acquisition.metadata_extractor: Saved crawl log -> data/raw/crawl_logs/peru21_2022-02-25.json (status=failed)
2026-07-07 22:03:42,983 [ERROR] src.corpus_acquisition.downloader: Skipping peru21 on 2022-02-26 due to unrecoverable error: Could not open Parquet input source '<Buffer>': Couldn't deserialize thrift: TProtocolException: Invalid data

2026-07-07 22:03:42,984 [INFO] src.corpus_acquisition.metadata_extractor: Saved crawl log -> data/raw/crawl_logs/peru21_2022-02-26.json (status=failed)
2026-07-07 22:03:42,986 [ERROR] src.corpus_acquisition.downloader: Skipping peru21 on 2022-02-27 due to unrecoverable error: Could not open Parquet input source '<Buffer>': Couldn't deserialize thrift: TProtocolException: Invalid data

2026-07-07 22:03:42,987 [INFO] src.corpus_acquisition.metadata_extractor: Saved crawl log -> data/raw/crawl_logs/peru21_2022-02-27.json (status=failed)
2026-07-07 22:03:42,989 [ERROR] src.corpus_acquisition.downloader: Skipping peru21 on 2022-02-28 due to unrecoverable error: Could not open Parquet input source '<Buffer>': Couldn't deserialize thrift: TProtocolException: Invalid data

2026-07-07 22:03:42,991 [INFO] src.corpus_acquisition.metadata_extractor: Saved crawl log -> data/raw/crawl_logs/peru21_2022-02-28.json (status=failed)
2026-07-07 22:03:42,992 [ERROR] src.corpus_acquisition.downloader: Skipping peru21 on 2022-03-01 due to unrecoverable error: Could not open Parquet input source '<Buffer>': Couldn't deserialize thrift: TProtocolException: Invalid data

2026-07-07 22:03:42,993 [INFO] src.corpus_acquisition.metadata_extractor: Saved crawl log -> data/raw/crawl_logs/peru21_2022-03-01.json (status=failed)
2026-07-07 22:03:42,994 [ERROR] src.corpus_acquisition.downloader: Skipping peru21 on 2022-03-02 due to unrecoverable error: Could not open Parquet input source '<Buffer>': Couldn't deserialize thrift: TProtocolException: Invalid data

2026-07-07 22:03:42,999 [INFO] src.corpus_acquisition.metadata_extractor: Saved crawl log -> data/raw/crawl_logs/peru21_2022-03-02.json (status=failed)
2026-07-07 22:03:43,000 [ERROR] src.corpus_acquisition.downloader: Skipping peru21 on 2022-03-03 due to unrecoverable error: Could not open Parquet input source '<Buffer>': Couldn't deserialize thrift: TProtocolException: Invalid data

2026-07-07 22:03:43,002 [INFO] src.corpus_acquisition.metadata_extractor: Saved crawl log -> data/raw/crawl_logs/peru21_2022-03-03.json (status=failed)
2026-07-07 22:03:43,003 [ERROR] src.corpus_acquisition.downloader: Skipping peru21 on 2022-03-04 due to unrecoverable error: Could not open Parquet input source '<Buffer>': Couldn't deserialize thrift: TProtocolException: Invalid data

2026-07-07 22:03:43,005 [INFO] src.corpus_acquisition.metadata_extractor: Saved crawl log -> data/raw/crawl_logs/peru21_2022-03-04.json (status=failed)
2026-07-07 22:03:43,006 [ERROR] src.corpus_acquisition.downloader: Skipping peru21 on 2022-03-05 due to unrecoverable error: Could not open Parquet input source '<Buffer>': Couldn't deserialize thrift: TProtocolException: Invalid data

2026-07-07 22:03:43,008 [INFO] src.corpus_acquisition.metadata_extractor: Saved crawl log -> data/raw/crawl_logs/peru21_2022-03-05.json (status=failed)
2026-07-07 22:03:43,009 [ERROR] src.corpus_acquisition.downloader: Skipping peru21 on 2022-03-06 due to unrecoverable error: Could not open Parquet input source '<Buffer>': Couldn't deserialize thrift: TProtocolException: Invalid data

2026-07-07 22:03:43,010 [INFO] src.corpus_acquisition.metadata_extractor: Saved crawl log -> data/raw/crawl_logs/peru21_2022-03-06.json (status=failed)
2026-07-07 22:03:43,011 [ERROR] src.corpus_acquisition.downloader: Skipping peru21 on 2022-03-07 due to unrecoverable error: Could not open Parquet input source '<Buffer>': Couldn't deserialize thrift: TProtocolException: Invalid data

2026-07-07 22:03:43,013 [INFO] src.corpus_acquisition.metadata_extractor: Saved crawl log -> data/raw/crawl_logs/peru21_2022-03-07.json (status=failed)
2026-07-07 22:03:43,014 [ERROR] src.corpus_acquisition.downloader: Skipping peru21 on 2022-03-08 due to unrecoverable error: Could not open Parquet input source '<Buffer>': Couldn't deserialize thrift: TProtocolException: Invalid data

2026-07-07 22:03:43,015 [INFO] src.corpus_acquisition.metadata_extractor: Saved crawl log -> data/raw/crawl_logs/peru21_2022-03-08.json (status=failed)
2026-07-07 22:03:43,017 [ERROR] src.corpus_acquisition.downloader: Skipping peru21 on 2022-03-09 due to unrecoverable error: Could not open Parquet input source '<Buffer>': Couldn't deserialize thrift: TProtocolException: Invalid data

2026-07-07 22:03:43,019 [INFO] src.corpus_acquisition.metadata_extractor: Saved crawl log -> data/raw/crawl_logs/peru21_2022-03-09.json (status=failed)
2026-07-07 22:03:43,021 [ERROR] src.corpus_acquisition.downloader: Skipping peru21 on 2022-03-10 due to unrecoverable error: Could not open Parquet input source '<Buffer>': Couldn't deserialize thrift: TProtocolException: Invalid data

2026-07-07 22:03:43,022 [INFO] src.corpus_acquisition.metadata_extractor: Saved crawl log -> data/raw/crawl_logs/peru21_2022-03-10.json (status=failed)
2026-07-07 22:03:43,023 [ERROR] src.corpus_acquisition.downloader: Skipping peru21 on 2022-03-11 due to unrecoverable error: Could not open Parquet input source '<Buffer>': Couldn't deserialize thrift: TProtocolException: Invalid data

2026-07-07 22:03:43,025 [INFO] src.corpus_acquisition.metadata_extractor: Saved crawl log -> data/raw/crawl_logs/peru21_2022-03-11.json (status=failed)
2026-07-07 22:03:43,026 [ERROR] src.corpus_acquisition.downloader: Skipping peru21 on 2022-03-12 due to unrecoverable error: Could not open Parquet input source '<Buffer>': Couldn't deserialize thrift: TProtocolException: Invalid data

2026-07-07 22:03:43,027 [INFO] src.corpus_acquisition.metadata_extractor: Saved crawl log -> data/raw/crawl_logs/peru21_2022-03-12.json (status=failed)
2026-07-07 22:03:43,028 [ERROR] src.corpus_acquisition.downloader: Skipping peru21 on 2022-03-13 due to unrecoverable error: Could not open Parquet input source '<Buffer>': Couldn't deserialize thrift: TProtocolException: Invalid data

2026-07-07 22:03:43,029 [INFO] src.corpus_acquisition.metadata_extractor: Saved crawl log -> data/raw/crawl_logs/peru21_2022-03-13.json (status=failed)
2026-07-07 22:03:43,030 [ERROR] src.corpus_acquisition.downloader: Skipping peru21 on 2022-03-14 due to unrecoverable error: Could not open Parquet input source '<Buffer>': Couldn't deserialize thrift: TProtocolException: Invalid data

2026-07-07 22:03:43,032 [INFO] src.corpus_acquisition.metadata_extractor: Saved crawl log -> data/raw/crawl_logs/peru21_2022-03-14.json (status=failed)
2026-07-07 22:03:43,033 [ERROR] src.corpus_acquisition.downloader: Skipping peru21 on 2022-03-15 due to unrecoverable error: Could not open Parquet input source '<Buffer>': Couldn't deserialize thrift: TProtocolException: Invalid data

2026-07-07 22:03:43,035 [INFO] src.corpus_acquisition.metadata_extractor: Saved crawl log -> data/raw/crawl_logs/peru21_2022-03-15.json (status=failed)
2026-07-07 22:03:43,036 [ERROR] src.corpus_acquisition.downloader: Skipping peru21 on 2022-03-16 due to unrecoverable error: Could not open Parquet input source '<Buffer>': Couldn't deserialize thrift: TProtocolException: Invalid data

2026-07-07 22:03:43,038 [INFO] src.corpus_acquisition.metadata_extractor: Saved crawl log -> data/raw/crawl_logs/peru21_2022-03-16.json (status=failed)
2026-07-07 22:03:43,039 [ERROR] src.corpus_acquisition.downloader: Skipping peru21 on 2022-03-17 due to unrecoverable error: Could not open Parquet input source '<Buffer>': Couldn't deserialize thrift: TProtocolException: Invalid data

2026-07-07 22:03:43,041 [INFO] src.corpus_acquisition.metadata_extractor: Saved crawl log -> data/raw/crawl_logs/peru21_2022-03-17.json (status=failed)
2026-07-07 22:03:43,042 [ERROR] src.corpus_acquisition.downloader: Skipping peru21 on 2022-03-18 due to unrecoverable error: Could not open Parquet input source '<Buffer>': Couldn't deserialize thrift: TProtocolException: Invalid data

2026-07-07 22:03:43,043 [INFO] src.corpus_acquisition.metadata_extractor: Saved crawl log -> data/raw/crawl_logs/peru21_2022-03-18.json (status=failed)
2026-07-07 22:03:43,044 [ERROR] src.corpus_acquisition.downloader: Skipping peru21 on 2022-03-19 due to unrecoverable error: Could not open Parquet input source '<Buffer>': Couldn't deserialize thrift: TProtocolException: Invalid data

2026-07-07 22:03:43,046 [INFO] src.corpus_acquisition.metadata_extractor: Saved crawl log -> data/raw/crawl_logs/peru21_2022-03-19.json (status=failed)
2026-07-07 22:03:43,047 [ERROR] src.corpus_acquisition.downloader: Skipping peru21 on 2022-03-20 due to unrecoverable error: Could not open Parquet input source '<Buffer>': Couldn't deserialize thrift: TProtocolException: Invalid data

2026-07-07 22:03:43,048 [INFO] src.corpus_acquisition.metadata_extractor: Saved crawl log -> data/raw/crawl_logs/peru21_2022-03-20.json (status=failed)
2026-07-07 22:03:43,049 [ERROR] src.corpus_acquisition.downloader: Skipping peru21 on 2022-03-21 due to unrecoverable error: Could not open Parquet input source '<Buffer>': Couldn't deserialize thrift: TProtocolException: Invalid data

2026-07-07 22:03:43,051 [INFO] src.corpus_acquisition.metadata_extractor: Saved crawl log -> data/raw/crawl_logs/peru21_2022-03-21.json (status=failed)
2026-07-07 22:03:43,052 [ERROR] src.corpus_acquisition.downloader: Skipping peru21 on 2022-03-22 due to unrecoverable error: Could not open Parquet input source '<Buffer>': Couldn't deserialize thrift: TProtocolException: Invalid data

2026-07-07 22:03:43,054 [INFO] src.corpus_acquisition.metadata_extractor: Saved crawl log -> data/raw/crawl_logs/peru21_2022-03-22.json (status=failed)
2026-07-07 22:03:43,055 [ERROR] src.corpus_acquisition.downloader: Skipping peru21 on 2022-03-23 due to unrecoverable error: Could not open Parquet input source '<Buffer>': Couldn't deserialize thrift: TProtocolException: Invalid data

2026-07-07 22:03:43,056 [INFO] src.corpus_acquisition.metadata_extractor: Saved crawl log -> data/raw/crawl_logs/peru21_2022-03-23.json (status=failed)
2026-07-07 22:03:43,057 [ERROR] src.corpus_acquisition.downloader: Skipping peru21 on 2022-03-24 due to unrecoverable error: Could not open Parquet input source '<Buffer>': Couldn't deserialize thrift: TProtocolException: Invalid data

2026-07-07 22:03:43,059 [INFO] src.corpus_acquisition.metadata_extractor: Saved crawl log -> data/raw/crawl_logs/peru21_2022-03-24.json (status=failed)
2026-07-07 22:03:43,060 [ERROR] src.corpus_acquisition.downloader: Skipping peru21 on 2022-03-25 due to unrecoverable error: Could not open Parquet input source '<Buffer>': Couldn't deserialize thrift: TProtocolException: Invalid data

2026-07-07 22:03:43,061 [INFO] src.corpus_acquisition.metadata_extractor: Saved crawl log -> data/raw/crawl_logs/peru21_2022-03-25.json (status=failed)
2026-07-07 22:03:43,062 [ERROR] src.corpus_acquisition.downloader: Skipping peru21 on 2022-03-26 due to unrecoverable error: Could not open Parquet input source '<Buffer>': Couldn't deserialize thrift: TProtocolException: Invalid data

2026-07-07 22:03:43,064 [INFO] src.corpus_acquisition.metadata_extractor: Saved crawl log -> data/raw/crawl_logs/peru21_2022-03-26.json (status=failed)
2026-07-07 22:03:43,065 [ERROR] src.corpus_acquisition.downloader: Skipping peru21 on 2022-03-27 due to unrecoverable error: Could not open Parquet input source '<Buffer>': Couldn't deserialize thrift: TProtocolException: Invalid data

2026-07-07 22:03:43,066 [INFO] src.corpus_acquisition.metadata_extractor: Saved crawl log -> data/raw/crawl_logs/peru21_2022-03-27.json (status=failed)
2026-07-07 22:03:43,068 [ERROR] src.corpus_acquisition.downloader: Skipping peru21 on 2022-03-28 due to unrecoverable error: Could not open Parquet input source '<Buffer>': Couldn't deserialize thrift: TProtocolException: Invalid data

2026-07-07 22:03:43,069 [INFO] src.corpus_acquisition.metadata_extractor: Saved crawl log -> data/raw/crawl_logs/peru21_2022-03-28.json (status=failed)
2026-07-07 22:03:43,071 [ERROR] src.corpus_acquisition.downloader: Skipping peru21 on 2022-03-29 due to unrecoverable error: Could not open Parquet input source '<Buffer>': Couldn't deserialize thrift: TProtocolException: Invalid data

2026-07-07 22:03:43,073 [INFO] src.corpus_acquisition.metadata_extractor: Saved crawl log -> data/raw/crawl_logs/peru21_2022-03-29.json (status=failed)
2026-07-07 22:03:43,073 [ERROR] src.corpus_acquisition.downloader: Skipping peru21 on 2022-03-30 due to unrecoverable error: Could not open Parquet input source '<Buffer>': Couldn't deserialize thrift: TProtocolException: Invalid data

2026-07-07 22:03:43,077 [INFO] src.corpus_acquisition.metadata_extractor: Saved crawl log -> data/raw/crawl_logs/peru21_2022-03-30.json (status=failed)
2026-07-07 22:03:43,078 [ERROR] src.corpus_acquisition.downloader: Skipping peru21 on 2022-03-31 due to unrecoverable error: Could not open Parquet input source '<Buffer>': Couldn't deserialize thrift: TProtocolException: Invalid data

2026-07-07 22:03:43,080 [INFO] src.corpus_acquisition.metadata_extractor: Saved crawl log -> data/raw/crawl_logs/peru21_2022-03-31.json (status=failed)
2026-07-07 22:03:43,081 [ERROR] src.corpus_acquisition.downloader: Skipping peru21 on 2022-04-01 due to unrecoverable error: Could not open Parquet input source '<Buffer>': Couldn't deserialize thrift: TProtocolException: Invalid data

2026-07-07 22:03:43,083 [INFO] src.corpus_acquisition.metadata_extractor: Saved crawl log -> data/raw/crawl_logs/peru21_2022-04-01.json (status=failed)
2026-07-07 22:03:43,084 [ERROR] src.corpus_acquisition.downloader: Skipping peru21 on 2022-04-02 due to unrecoverable error: Could not open Parquet input source '<Buffer>': Couldn't deserialize thrift: TProtocolException: Invalid data

2026-07-07 22:03:43,086 [INFO] src.corpus_acquisition.metadata_extractor: Saved crawl log -> data/raw/crawl_logs/peru21_2022-04-02.json (status=failed)
2026-07-07 22:03:43,087 [ERROR] src.corpus_acquisition.downloader: Skipping peru21 on 2022-04-03 due to unrecoverable error: Could not open Parquet input source '<Buffer>': Couldn't deserialize thrift: TProtocolException: Invalid data

2026-07-07 22:03:43,089 [INFO] src.corpus_acquisition.metadata_extractor: Saved crawl log -> data/raw/crawl_logs/peru21_2022-04-03.json (status=failed)
2026-07-07 22:03:43,090 [ERROR] src.corpus_acquisition.downloader: Skipping peru21 on 2022-04-04 due to unrecoverable error: Could not open Parquet input source '<Buffer>': Couldn't deserialize thrift: TProtocolException: Invalid data

2026-07-07 22:03:43,091 [INFO] src.corpus_acquisition.metadata_extractor: Saved crawl log -> data/raw/crawl_logs/peru21_2022-04-04.json (status=failed)
2026-07-07 22:03:43,092 [ERROR] src.corpus_acquisition.downloader: Skipping peru21 on 2022-04-05 due to unrecoverable error: Could not open Parquet input source '<Buffer>': Couldn't deserialize thrift: TProtocolException: Invalid data

2026-07-07 22:03:43,093 [INFO] src.corpus_acquisition.metadata_extractor: Saved crawl log -> data/raw/crawl_logs/peru21_2022-04-05.json (status=failed)
2026-07-07 22:03:43,094 [ERROR] src.corpus_acquisition.downloader: Skipping peru21 on 2022-04-06 due to unrecoverable error: Could not open Parquet input source '<Buffer>': Couldn't deserialize thrift: TProtocolException: Invalid data

2026-07-07 22:03:43,096 [INFO] src.corpus_acquisition.metadata_extractor: Saved crawl log -> data/raw/crawl_logs/peru21_2022-04-06.json (status=failed)
2026-07-07 22:03:43,097 [ERROR] src.corpus_acquisition.downloader: Skipping peru21 on 2022-04-07 due to unrecoverable error: Could not open Parquet input source '<Buffer>': Couldn't deserialize thrift: TProtocolException: Invalid data

2026-07-07 22:03:43,098 [INFO] src.corpus_acquisition.metadata_extractor: Saved crawl log -> data/raw/crawl_logs/peru21_2022-04-07.json (status=failed)
2026-07-07 22:03:43,100 [ERROR] src.corpus_acquisition.downloader: Skipping peru21 on 2022-04-08 due to unrecoverable error: Could not open Parquet input source '<Buffer>': Couldn't deserialize thrift: TProtocolException: Invalid data

2026-07-07 22:03:43,101 [INFO] src.corpus_acquisition.metadata_extractor: Saved crawl log -> data/raw/crawl_logs/peru21_2022-04-08.json (status=failed)
2026-07-07 22:03:43,103 [ERROR] src.corpus_acquisition.downloader: Skipping peru21 on 2022-04-09 due to unrecoverable error: Could not open Parquet input source '<Buffer>': Couldn't deserialize thrift: TProtocolException: Invalid data

2026-07-07 22:03:43,105 [INFO] src.corpus_acquisition.metadata_extractor: Saved crawl log -> data/raw/crawl_logs/peru21_2022-04-09.json (status=failed)
2026-07-07 22:03:43,106 [ERROR] src.corpus_acquisition.downloader: Skipping peru21 on 2022-04-10 due to unrecoverable error: Could not open Parquet input source '<Buffer>': Couldn't deserialize thrift: TProtocolException: Invalid data

2026-07-07 22:03:43,107 [INFO] src.corpus_acquisition.metadata_extractor: Saved crawl log -> data/raw/crawl_logs/peru21_2022-04-10.json (status=failed)
2026-07-07 22:03:43,108 [ERROR] src.corpus_acquisition.downloader: Skipping peru21 on 2022-04-11 due to unrecoverable error: Could not open Parquet input source '<Buffer>': Couldn't deserialize thrift: TProtocolException: Invalid data

2026-07-07 22:03:43,110 [INFO] src.corpus_acquisition.metadata_extractor: Saved crawl log -> data/raw/crawl_logs/peru21_2022-04-11.json (status=failed)
2026-07-07 22:03:43,111 [ERROR] src.corpus_acquisition.downloader: Skipping peru21 on 2022-04-12 due to unrecoverable error: Could not open Parquet input source '<Buffer>': Couldn't deserialize thrift: TProtocolException: Invalid data

2026-07-07 22:03:43,112 [INFO] src.corpus_acquisition.metadata_extractor: Saved crawl log -> data/raw/crawl_logs/peru21_2022-04-12.json (status=failed)
2026-07-07 22:03:43,114 [ERROR] src.corpus_acquisition.downloader: Skipping peru21 on 2022-04-13 due to unrecoverable error: Could not open Parquet input source '<Buffer>': Couldn't deserialize thrift: TProtocolException: Invalid data

2026-07-07 22:03:43,115 [INFO] src.corpus_acquisition.metadata_extractor: Saved crawl log -> data/raw/crawl_logs/peru21_2022-04-13.json (status=failed)
2026-07-07 22:03:43,117 [ERROR] src.corpus_acquisition.downloader: Skipping peru21 on 2022-04-14 due to unrecoverable error: Could not open Parquet input source '<Buffer>': Couldn't deserialize thrift: TProtocolException: Invalid data

2026-07-07 22:03:43,118 [INFO] src.corpus_acquisition.metadata_extractor: Saved crawl log -> data/raw/crawl_logs/peru21_2022-04-14.json (status=failed)
2026-07-07 22:03:43,120 [ERROR] src.corpus_acquisition.downloader: Skipping peru21 on 2022-04-15 due to unrecoverable error: Could not open Parquet input source '<Buffer>': Couldn't deserialize thrift: TProtocolException: Invalid data

2026-07-07 22:03:43,121 [INFO] src.corpus_acquisition.metadata_extractor: Saved crawl log -> data/raw/crawl_logs/peru21_2022-04-15.json (status=failed)
2026-07-07 22:03:43,123 [ERROR] src.corpus_acquisition.downloader: Skipping peru21 on 2022-04-16 due to unrecoverable error: Could not open Parquet input source '<Buffer>': Couldn't deserialize thrift: TProtocolException: Invalid data

2026-07-07 22:03:43,124 [INFO] src.corpus_acquisition.metadata_extractor: Saved crawl log -> data/raw/crawl_logs/peru21_2022-04-16.json (status=failed)
2026-07-07 22:03:43,125 [ERROR] src.corpus_acquisition.downloader: Skipping peru21 on 2022-04-17 due to unrecoverable error: Could not open Parquet input source '<Buffer>': Couldn't deserialize thrift: TProtocolException: Invalid data

2026-07-07 22:03:43,127 [INFO] src.corpus_acquisition.metadata_extractor: Saved crawl log -> data/raw/crawl_logs/peru21_2022-04-17.json (status=failed)
2026-07-07 22:03:43,128 [ERROR] src.corpus_acquisition.downloader: Skipping peru21 on 2022-04-18 due to unrecoverable error: Could not open Parquet input source '<Buffer>': Couldn't deserialize thrift: TProtocolException: Invalid data

2026-07-07 22:03:43,129 [INFO] src.corpus_acquisition.metadata_extractor: Saved crawl log -> data/raw/crawl_logs/peru21_2022-04-18.json (status=failed)
2026-07-07 22:03:43,130 [ERROR] src.corpus_acquisition.downloader: Skipping peru21 on 2022-04-19 due to unrecoverable error: Could not open Parquet input source '<Buffer>': Couldn't deserialize thrift: TProtocolException: Invalid data

2026-07-07 22:03:43,132 [INFO] src.corpus_acquisition.metadata_extractor: Saved crawl log -> data/raw/crawl_logs/peru21_2022-04-19.json (status=failed)
2026-07-07 22:03:43,133 [ERROR] src.corpus_acquisition.downloader: Skipping peru21 on 2022-04-20 due to unrecoverable error: Could not open Parquet input source '<Buffer>': Couldn't deserialize thrift: TProtocolException: Invalid data

2026-07-07 22:03:43,135 [INFO] src.corpus_acquisition.metadata_extractor: Saved crawl log -> data/raw/crawl_logs/peru21_2022-04-20.json (status=failed)
2026-07-07 22:03:43,137 [ERROR] src.corpus_acquisition.downloader: Skipping peru21 on 2022-04-21 due to unrecoverable error: Could not open Parquet input source '<Buffer>': Couldn't deserialize thrift: TProtocolException: Invalid data

2026-07-07 22:03:43,138 [INFO] src.corpus_acquisition.metadata_extractor: Saved crawl log -> data/raw/crawl_logs/peru21_2022-04-21.json (status=failed)
2026-07-07 22:03:43,139 [ERROR] src.corpus_acquisition.downloader: Skipping peru21 on 2022-04-22 due to unrecoverable error: Could not open Parquet input source '<Buffer>': Couldn't deserialize thrift: TProtocolException: Invalid data

2026-07-07 22:03:43,141 [INFO] src.corpus_acquisition.metadata_extractor: Saved crawl log -> data/raw/crawl_logs/peru21_2022-04-22.json (status=failed)
2026-07-07 22:03:43,142 [ERROR] src.corpus_acquisition.downloader: Skipping peru21 on 2022-04-23 due to unrecoverable error: Could not open Parquet input source '<Buffer>': Couldn't deserialize thrift: TProtocolException: Invalid data

2026-07-07 22:03:43,144 [INFO] src.corpus_acquisition.metadata_extractor: Saved crawl log -> data/raw/crawl_logs/peru21_2022-04-23.json (status=failed)
2026-07-07 22:03:43,144 [ERROR] src.corpus_acquisition.downloader: Skipping peru21 on 2022-04-24 due to unrecoverable error: Could not open Parquet input source '<Buffer>': Couldn't deserialize thrift: TProtocolException: Invalid data

2026-07-07 22:03:43,146 [INFO] src.corpus_acquisition.metadata_extractor: Saved crawl log -> data/raw/crawl_logs/peru21_2022-04-24.json (status=failed)
2026-07-07 22:03:43,147 [ERROR] src.corpus_acquisition.downloader: Skipping peru21 on 2022-04-25 due to unrecoverable error: Could not open Parquet input source '<Buffer>': Couldn't deserialize thrift: TProtocolException: Invalid data

2026-07-07 22:03:43,148 [INFO] src.corpus_acquisition.metadata_extractor: Saved crawl log -> data/raw/crawl_logs/peru21_2022-04-25.json (status=failed)
2026-07-07 22:03:43,149 [ERROR] src.corpus_acquisition.downloader: Skipping peru21 on 2022-04-26 due to unrecoverable error: Could not open Parquet input source '<Buffer>': Couldn't deserialize thrift: TProtocolException: Invalid data

2026-07-07 22:03:43,152 [INFO] src.corpus_acquisition.metadata_extractor: Saved crawl log -> data/raw/crawl_logs/peru21_2022-04-26.json (status=failed)
2026-07-07 22:03:43,153 [ERROR] src.corpus_acquisition.downloader: Skipping peru21 on 2022-04-27 due to unrecoverable error: Could not open Parquet input source '<Buffer>': Couldn't deserialize thrift: TProtocolException: Invalid data

2026-07-07 22:03:43,155 [INFO] src.corpus_acquisition.metadata_extractor: Saved crawl log -> data/raw/crawl_logs/peru21_2022-04-27.json (status=failed)
2026-07-07 22:03:43,156 [ERROR] src.corpus_acquisition.downloader: Skipping peru21 on 2022-04-28 due to unrecoverable error: Could not open Parquet input source '<Buffer>': Couldn't deserialize thrift: TProtocolException: Invalid data

2026-07-07 22:03:43,158 [INFO] src.corpus_acquisition.metadata_extractor: Saved crawl log -> data/raw/crawl_logs/peru21_2022-04-28.json (status=failed)
2026-07-07 22:03:43,159 [ERROR] src.corpus_acquisition.downloader: Skipping peru21 on 2022-04-29 due to unrecoverable error: Could not open Parquet input source '<Buffer>': Couldn't deserialize thrift: TProtocolException: Invalid data

2026-07-07 22:03:43,160 [INFO] src.corpus_acquisition.metadata_extractor: Saved crawl log -> data/raw/crawl_logs/peru21_2022-04-29.json (status=failed)
2026-07-07 22:03:43,162 [ERROR] src.corpus_acquisition.downloader: Skipping peru21 on 2022-04-30 due to unrecoverable error: Could not open Parquet input source '<Buffer>': Couldn't deserialize thrift: TProtocolException: Invalid data

2026-07-07 22:03:43,164 [INFO] src.corpus_acquisition.metadata_extractor: Saved crawl log -> data/raw/crawl_logs/peru21_2022-04-30.json (status=failed)
2026-07-07 22:03:43,165 [ERROR] src.corpus_acquisition.downloader: Skipping peru21 on 2022-05-01 due to unrecoverable error: Could not open Parquet input source '<Buffer>': Couldn't deserialize thrift: TProtocolException: Invalid data

2026-07-07 22:03:43,167 [INFO] src.corpus_acquisition.metadata_extractor: Saved crawl log -> data/raw/crawl_logs/peru21_2022-05-01.json (status=failed)
2026-07-07 22:03:43,169 [ERROR] src.corpus_acquisition.downloader: Skipping peru21 on 2022-05-02 due to unrecoverable error: Could not open Parquet input source '<Buffer>': Couldn't deserialize thrift: TProtocolException: Invalid data

2026-07-07 22:03:43,171 [INFO] src.corpus_acquisition.metadata_extractor: Saved crawl log -> data/raw/crawl_logs/peru21_2022-05-02.json (status=failed)
2026-07-07 22:03:43,172 [ERROR] src.corpus_acquisition.downloader: Skipping peru21 on 2022-05-03 due to unrecoverable error: Could not open Parquet input source '<Buffer>': Couldn't deserialize thrift: TProtocolException: Invalid data

2026-07-07 22:03:43,174 [INFO] src.corpus_acquisition.metadata_extractor: Saved crawl log -> data/raw/crawl_logs/peru21_2022-05-03.json (status=failed)
2026-07-07 22:03:43,175 [ERROR] src.corpus_acquisition.downloader: Skipping peru21 on 2022-05-04 due to unrecoverable error: Could not open Parquet input source '<Buffer>': Couldn't deserialize thrift: TProtocolException: Invalid data

2026-07-07 22:03:43,176 [INFO] src.corpus_acquisition.metadata_extractor: Saved crawl log -> data/raw/crawl_logs/peru21_2022-05-04.json (status=failed)
2026-07-07 22:03:43,177 [ERROR] src.corpus_acquisition.downloader: Skipping peru21 on 2022-05-05 due to unrecoverable error: Could not open Parquet input source '<Buffer>': Couldn't deserialize thrift: TProtocolException: Invalid data

2026-07-07 22:03:43,178 [INFO] src.corpus_acquisition.metadata_extractor: Saved crawl log -> data/raw/crawl_logs/peru21_2022-05-05.json (status=failed)
2026-07-07 22:03:43,179 [ERROR] src.corpus_acquisition.downloader: Skipping peru21 on 2022-05-06 due to unrecoverable error: Could not open Parquet input source '<Buffer>': Couldn't deserialize thrift: TProtocolException: Invalid data

2026-07-07 22:03:43,181 [INFO] src.corpus_acquisition.metadata_extractor: Saved crawl log -> data/raw/crawl_logs/peru21_2022-05-06.json (status=failed)
2026-07-07 22:03:43,182 [ERROR] src.corpus_acquisition.downloader: Skipping peru21 on 2022-05-07 due to unrecoverable error: Could not open Parquet input source '<Buffer>': Couldn't deserialize thrift: TProtocolException: Invalid data

2026-07-07 22:03:43,183 [INFO] src.corpus_acquisition.metadata_extractor: Saved crawl log -> data/raw/crawl_logs/peru21_2022-05-07.json (status=failed)
2026-07-07 22:03:43,184 [ERROR] src.corpus_acquisition.downloader: Skipping peru21 on 2022-05-08 due to unrecoverable error: Could not open Parquet input source '<Buffer>': Couldn't deserialize thrift: TProtocolException: Invalid data

2026-07-07 22:03:43,186 [INFO] src.corpus_acquisition.metadata_extractor: Saved crawl log -> data/raw/crawl_logs/peru21_2022-05-08.json (status=failed)
2026-07-07 22:03:43,187 [ERROR] src.corpus_acquisition.downloader: Skipping peru21 on 2022-05-09 due to unrecoverable error: Could not open Parquet input source '<Buffer>': Couldn't deserialize thrift: TProtocolException: Invalid data

2026-07-07 22:03:43,188 [INFO] src.corpus_acquisition.metadata_extractor: Saved crawl log -> data/raw/crawl_logs/peru21_2022-05-09.json (status=failed)
2026-07-07 22:03:43,189 [ERROR] src.corpus_acquisition.downloader: Skipping peru21 on 2022-05-10 due to unrecoverable error: Could not open Parquet input source '<Buffer>': Couldn't deserialize thrift: TProtocolException: Invalid data

2026-07-07 22:03:43,190 [INFO] src.corpus_acquisition.metadata_extractor: Saved crawl log -> data/raw/crawl_logs/peru21_2022-05-10.json (status=failed)
2026-07-07 22:03:43,191 [ERROR] src.corpus_acquisition.downloader: Skipping peru21 on 2022-05-11 due to unrecoverable error: Could not open Parquet input source '<Buffer>': Couldn't deserialize thrift: TProtocolException: Invalid data

2026-07-07 22:03:43,193 [INFO] src.corpus_acquisition.metadata_extractor: Saved crawl log -> data/raw/crawl_logs/peru21_2022-05-11.json (status=failed)
2026-07-07 22:03:43,194 [ERROR] src.corpus_acquisition.downloader: Skipping peru21 on 2022-05-12 due to unrecoverable error: Could not open Parquet input source '<Buffer>': Couldn't deserialize thrift: TProtocolException: Invalid data

2026-07-07 22:03:43,195 [INFO] src.corpus_acquisition.metadata_extractor: Saved crawl log -> data/raw/crawl_logs/peru21_2022-05-12.json (status=failed)
2026-07-07 22:03:43,196 [ERROR] src.corpus_acquisition.downloader: Skipping peru21 on 2022-05-13 due to unrecoverable error: Could not open Parquet input source '<Buffer>': Couldn't deserialize thrift: TProtocolException: Invalid data

2026-07-07 22:03:43,198 [INFO] src.corpus_acquisition.metadata_extractor: Saved crawl log -> data/raw/crawl_logs/peru21_2022-05-13.json (status=failed)
2026-07-07 22:03:43,199 [ERROR] src.corpus_acquisition.downloader: Skipping peru21 on 2022-05-14 due to unrecoverable error: Could not open Parquet input source '<Buffer>': Couldn't deserialize thrift: TProtocolException: Invalid data

2026-07-07 22:03:43,201 [INFO] src.corpus_acquisition.metadata_extractor: Saved crawl log -> data/raw/crawl_logs/peru21_2022-05-14.json (status=failed)
2026-07-07 22:03:43,202 [ERROR] src.corpus_acquisition.downloader: Skipping peru21 on 2022-05-15 due to unrecoverable error: Could not open Parquet input source '<Buffer>': Couldn't deserialize thrift: TProtocolException: Invalid data

2026-07-07 22:03:43,204 [INFO] src.corpus_acquisition.metadata_extractor: Saved crawl log -> data/raw/crawl_logs/peru21_2022-05-15.json (status=failed)
2026-07-07 22:03:43,205 [ERROR] src.corpus_acquisition.downloader: Skipping peru21 on 2022-05-16 due to unrecoverable error: Could not open Parquet input source '<Buffer>': Couldn't deserialize thrift: TProtocolException: Invalid data

2026-07-07 22:03:43,206 [INFO] src.corpus_acquisition.metadata_extractor: Saved crawl log -> data/raw/crawl_logs/peru21_2022-05-16.json (status=failed)
2026-07-07 22:03:43,208 [ERROR] src.corpus_acquisition.downloader: Skipping peru21 on 2022-05-17 due to unrecoverable error: Could not open Parquet input source '<Buffer>': Couldn't deserialize thrift: TProtocolException: Invalid data

2026-07-07 22:03:43,210 [INFO] src.corpus_acquisition.metadata_extractor: Saved crawl log -> data/raw/crawl_logs/peru21_2022-05-17.json (status=failed)
2026-07-07 22:03:43,211 [ERROR] src.corpus_acquisition.downloader: Skipping peru21 on 2022-05-18 due to unrecoverable error: Could not open Parquet input source '<Buffer>': Couldn't deserialize thrift: TProtocolException: Invalid data

2026-07-07 22:03:43,213 [INFO] src.corpus_acquisition.metadata_extractor: Saved crawl log -> data/raw/crawl_logs/peru21_2022-05-18.json (status=failed)
2026-07-07 22:03:43,214 [ERROR] src.corpus_acquisition.downloader: Skipping peru21 on 2022-05-19 due to unrecoverable error: Could not open Parquet input source '<Buffer>': Couldn't deserialize thrift: TProtocolException: Invalid data

2026-07-07 22:03:43,216 [INFO] src.corpus_acquisition.metadata_extractor: Saved crawl log -> data/raw/crawl_logs/peru21_2022-05-19.json (status=failed)
2026-07-07 22:03:43,218 [ERROR] src.corpus_acquisition.downloader: Skipping peru21 on 2022-05-20 due to unrecoverable error: Could not open Parquet input source '<Buffer>': Couldn't deserialize thrift: TProtocolException: Invalid data

2026-07-07 22:03:43,220 [INFO] src.corpus_acquisition.metadata_extractor: Saved crawl log -> data/raw/crawl_logs/peru21_2022-05-20.json (status=failed)
2026-07-07 22:03:43,222 [ERROR] src.corpus_acquisition.downloader: Skipping peru21 on 2022-05-21 due to unrecoverable error: Could not open Parquet input source '<Buffer>': Couldn't deserialize thrift: TProtocolException: Invalid data

2026-07-07 22:03:43,224 [INFO] src.corpus_acquisition.metadata_extractor: Saved crawl log -> data/raw/crawl_logs/peru21_2022-05-21.json (status=failed)
2026-07-07 22:03:43,225 [ERROR] src.corpus_acquisition.downloader: Skipping peru21 on 2022-05-22 due to unrecoverable error: Could not open Parquet input source '<Buffer>': Couldn't deserialize thrift: TProtocolException: Invalid data

2026-07-07 22:03:43,227 [INFO] src.corpus_acquisition.metadata_extractor: Saved crawl log -> data/raw/crawl_logs/peru21_2022-05-22.json (status=failed)
2026-07-07 22:03:43,228 [ERROR] src.corpus_acquisition.downloader: Skipping peru21 on 2022-05-23 due to unrecoverable error: Could not open Parquet input source '<Buffer>': Couldn't deserialize thrift: TProtocolException: Invalid data

2026-07-07 22:03:43,230 [INFO] src.corpus_acquisition.metadata_extractor: Saved crawl log -> data/raw/crawl_logs/peru21_2022-05-23.json (status=failed)
2026-07-07 22:03:43,231 [ERROR] src.corpus_acquisition.downloader: Skipping peru21 on 2022-05-24 due to unrecoverable error: Could not open Parquet input source '<Buffer>': Couldn't deserialize thrift: TProtocolException: Invalid data

2026-07-07 22:03:43,233 [INFO] src.corpus_acquisition.metadata_extractor: Saved crawl log -> data/raw/crawl_logs/peru21_2022-05-24.json (status=failed)
2026-07-07 22:03:43,234 [ERROR] src.corpus_acquisition.downloader: Skipping peru21 on 2022-05-25 due to unrecoverable error: Could not open Parquet input source '<Buffer>': Couldn't deserialize thrift: TProtocolException: Invalid data

2026-07-07 22:03:43,236 [INFO] src.corpus_acquisition.metadata_extractor: Saved crawl log -> data/raw/crawl_logs/peru21_2022-05-25.json (status=failed)
2026-07-07 22:03:43,237 [ERROR] src.corpus_acquisition.downloader: Skipping peru21 on 2022-05-26 due to unrecoverable error: Could not open Parquet input source '<Buffer>': Couldn't deserialize thrift: TProtocolException: Invalid data

2026-07-07 22:03:43,239 [INFO] src.corpus_acquisition.metadata_extractor: Saved crawl log -> data/raw/crawl_logs/peru21_2022-05-26.json (status=failed)
2026-07-07 22:03:43,241 [ERROR] src.corpus_acquisition.downloader: Skipping peru21 on 2022-05-27 due to unrecoverable error: Could not open Parquet input source '<Buffer>': Couldn't deserialize thrift: TProtocolException: Invalid data

2026-07-07 22:03:43,242 [INFO] src.corpus_acquisition.metadata_extractor: Saved crawl log -> data/raw/crawl_logs/peru21_2022-05-27.json (status=failed)
2026-07-07 22:03:43,244 [ERROR] src.corpus_acquisition.downloader: Skipping peru21 on 2022-05-28 due to unrecoverable error: Could not open Parquet input source '<Buffer>': Couldn't deserialize thrift: TProtocolException: Invalid data

2026-07-07 22:03:43,246 [INFO] src.corpus_acquisition.metadata_extractor: Saved crawl log -> data/raw/crawl_logs/peru21_2022-05-28.json (status=failed)
2026-07-07 22:03:43,247 [ERROR] src.corpus_acquisition.downloader: Skipping peru21 on 2022-05-29 due to unrecoverable error: Could not open Parquet input source '<Buffer>': Couldn't deserialize thrift: TProtocolException: Invalid data

2026-07-07 22:03:43,249 [INFO] src.corpus_acquisition.metadata_extractor: Saved crawl log -> data/raw/crawl_logs/peru21_2022-05-29.json (status=failed)
2026-07-07 22:03:43,250 [ERROR] src.corpus_acquisition.downloader: Skipping peru21 on 2022-05-30 due to unrecoverable error: Could not open Parquet input source '<Buffer>': Couldn't deserialize thrift: TProtocolException: Invalid data

2026-07-07 22:03:43,252 [INFO] src.corpus_acquisition.metadata_extractor: Saved crawl log -> data/raw/crawl_logs/peru21_2022-05-30.json (status=failed)
2026-07-07 22:03:43,253 [ERROR] src.corpus_acquisition.downloader: Skipping peru21 on 2022-05-31 due to unrecoverable error: Could not open Parquet input source '<Buffer>': Couldn't deserialize thrift: TProtocolException: Invalid data

2026-07-07 22:03:43,255 [INFO] src.corpus_acquisition.metadata_extractor: Saved crawl log -> data/raw/crawl_logs/peru21_2022-05-31.json (status=failed)
2026-07-07 22:03:43,256 [ERROR] src.corpus_acquisition.downloader: Skipping peru21 on 2022-06-01 due to unrecoverable error: Could not open Parquet input source '<Buffer>': Couldn't deserialize thrift: TProtocolException: Invalid data

2026-07-07 22:03:43,258 [INFO] src.corpus_acquisition.metadata_extractor: Saved crawl log -> data/raw/crawl_logs/peru21_2022-06-01.json (status=failed)
2026-07-07 22:03:43,260 [ERROR] src.corpus_acquisition.downloader: Skipping peru21 on 2022-06-02 due to unrecoverable error: Could not open Parquet input source '<Buffer>': Couldn't deserialize thrift: TProtocolException: Invalid data

2026-07-07 22:03:43,262 [INFO] src.corpus_acquisition.metadata_extractor: Saved crawl log -> data/raw/crawl_logs/peru21_2022-06-02.json (status=failed)
2026-07-07 22:03:43,263 [ERROR] src.corpus_acquisition.downloader: Skipping peru21 on 2022-06-03 due to unrecoverable error: Could not open Parquet input source '<Buffer>': Couldn't deserialize thrift: TProtocolException: Invalid data

2026-07-07 22:03:43,265 [INFO] src.corpus_acquisition.metadata_extractor: Saved crawl log -> data/raw/crawl_logs/peru21_2022-06-03.json (status=failed)
2026-07-07 22:03:43,266 [ERROR] src.corpus_acquisition.downloader: Skipping peru21 on 2022-06-04 due to unrecoverable error: Could not open Parquet input source '<Buffer>': Couldn't deserialize thrift: TProtocolException: Invalid data

2026-07-07 22:03:43,268 [INFO] src.corpus_acquisition.metadata_extractor: Saved crawl log -> data/raw/crawl_logs/peru21_2022-06-04.json (status=failed)
2026-07-07 22:03:43,269 [ERROR] src.corpus_acquisition.downloader: Skipping peru21 on 2022-06-05 due to unrecoverable error: Could not open Parquet input source '<Buffer>': Couldn't deserialize thrift: TProtocolException: Invalid data

2026-07-07 22:03:43,271 [INFO] src.corpus_acquisition.metadata_extractor: Saved crawl log -> data/raw/crawl_logs/peru21_2022-06-05.json (status=failed)
2026-07-07 22:03:43,272 [ERROR] src.corpus_acquisition.downloader: Skipping peru21 on 2022-06-06 due to unrecoverable error: Could not open Parquet input source '<Buffer>': Couldn't deserialize thrift: TProtocolException: Invalid data

2026-07-07 22:03:43,274 [INFO] src.corpus_acquisition.metadata_extractor: Saved crawl log -> data/raw/crawl_logs/peru21_2022-06-06.json (status=failed)
2026-07-07 22:03:43,276 [ERROR] src.corpus_acquisition.downloader: Skipping peru21 on 2022-06-07 due to unrecoverable error: Could not open Parquet input source '<Buffer>': Couldn't deserialize thrift: TProtocolException: Invalid data

2026-07-07 22:03:43,277 [INFO] src.corpus_acquisition.metadata_extractor: Saved crawl log -> data/raw/crawl_logs/peru21_2022-06-07.json (status=failed)
2026-07-07 22:03:43,279 [ERROR] src.corpus_acquisition.downloader: Skipping peru21 on 2022-06-08 due to unrecoverable error: Could not open Parquet input source '<Buffer>': Couldn't deserialize thrift: TProtocolException: Invalid data

2026-07-07 22:03:43,280 [INFO] src.corpus_acquisition.metadata_extractor: Saved crawl log -> data/raw/crawl_logs/peru21_2022-06-08.json (status=failed)
2026-07-07 22:03:43,281 [ERROR] src.corpus_acquisition.downloader: Skipping peru21 on 2022-06-09 due to unrecoverable error: Could not open Parquet input source '<Buffer>': Couldn't deserialize thrift: TProtocolException: Invalid data

2026-07-07 22:03:43,283 [INFO] src.corpus_acquisition.metadata_extractor: Saved crawl log -> data/raw/crawl_logs/peru21_2022-06-09.json (status=failed)
2026-07-07 22:03:43,284 [ERROR] src.corpus_acquisition.downloader: Skipping peru21 on 2022-06-10 due to unrecoverable error: Could not open Parquet input source '<Buffer>': Couldn't deserialize thrift: TProtocolException: Invalid data

2026-07-07 22:03:43,286 [INFO] src.corpus_acquisition.metadata_extractor: Saved crawl log -> data/raw/crawl_logs/peru21_2022-06-10.json (status=failed)
2026-07-07 22:03:43,288 [ERROR] src.corpus_acquisition.downloader: Skipping peru21 on 2022-06-11 due to unrecoverable error: Could not open Parquet input source '<Buffer>': Couldn't deserialize thrift: TProtocolException: Invalid data

2026-07-07 22:03:43,289 [INFO] src.corpus_acquisition.metadata_extractor: Saved crawl log -> data/raw/crawl_logs/peru21_2022-06-11.json (status=failed)
2026-07-07 22:03:43,291 [ERROR] src.corpus_acquisition.downloader: Skipping peru21 on 2022-06-12 due to unrecoverable error: Could not open Parquet input source '<Buffer>': Couldn't deserialize thrift: TProtocolException: Invalid data

2026-07-07 22:03:43,293 [INFO] src.corpus_acquisition.metadata_extractor: Saved crawl log -> data/raw/crawl_logs/peru21_2022-06-12.json (status=failed)
2026-07-07 22:03:43,294 [ERROR] src.corpus_acquisition.downloader: Skipping peru21 on 2022-06-13 due to unrecoverable error: Could not open Parquet input source '<Buffer>': Couldn't deserialize thrift: TProtocolException: Invalid data

2026-07-07 22:03:43,296 [INFO] src.corpus_acquisition.metadata_extractor: Saved crawl log -> data/raw/crawl_logs/peru21_2022-06-13.json (status=failed)
2026-07-07 22:03:43,297 [ERROR] src.corpus_acquisition.downloader: Skipping peru21 on 2022-06-14 due to unrecoverable error: Could not open Parquet input source '<Buffer>': Couldn't deserialize thrift: TProtocolException: Invalid data

2026-07-07 22:03:43,299 [INFO] src.corpus_acquisition.metadata_extractor: Saved crawl log -> data/raw/crawl_logs/peru21_2022-06-14.json (status=failed)
2026-07-07 22:03:43,301 [ERROR] src.corpus_acquisition.downloader: Skipping peru21 on 2022-06-15 due to unrecoverable error: Could not open Parquet input source '<Buffer>': Couldn't deserialize thrift: TProtocolException: Invalid data

2026-07-07 22:03:43,302 [INFO] src.corpus_acquisition.metadata_extractor: Saved crawl log -> data/raw/crawl_logs/peru21_2022-06-15.json (status=failed)
2026-07-07 22:03:43,304 [ERROR] src.corpus_acquisition.downloader: Skipping peru21 on 2022-06-16 due to unrecoverable error: Could not open Parquet input source '<Buffer>': Couldn't deserialize thrift: TProtocolException: Invalid data

2026-07-07 22:03:43,305 [INFO] src.corpus_acquisition.metadata_extractor: Saved crawl log -> data/raw/crawl_logs/peru21_2022-06-16.json (status=failed)
2026-07-07 22:03:43,307 [ERROR] src.corpus_acquisition.downloader: Skipping peru21 on 2022-06-17 due to unrecoverable error: Could not open Parquet input source '<Buffer>': Couldn't deserialize thrift: TProtocolException: Invalid data

2026-07-07 22:03:43,308 [INFO] src.corpus_acquisition.metadata_extractor: Saved crawl log -> data/raw/crawl_logs/peru21_2022-06-17.json (status=failed)
2026-07-07 22:03:43,309 [ERROR] src.corpus_acquisition.downloader: Skipping peru21 on 2022-06-18 due to unrecoverable error: Could not open Parquet input source '<Buffer>': Couldn't deserialize thrift: TProtocolException: Invalid data

2026-07-07 22:03:43,311 [INFO] src.corpus_acquisition.metadata_extractor: Saved crawl log -> data/raw/crawl_logs/peru21_2022-06-18.json (status=failed)
2026-07-07 22:03:43,313 [ERROR] src.corpus_acquisition.downloader: Skipping peru21 on 2022-06-19 due to unrecoverable error: Could not open Parquet input source '<Buffer>': Couldn't deserialize thrift: TProtocolException: Invalid data

2026-07-07 22:03:43,318 [INFO] src.corpus_acquisition.metadata_extractor: Saved crawl log -> data/raw/crawl_logs/peru21_2022-06-19.json (status=failed)
2026-07-07 22:03:43,319 [ERROR] src.corpus_acquisition.downloader: Skipping peru21 on 2022-06-20 due to unrecoverable error: Could not open Parquet input source '<Buffer>': Couldn't deserialize thrift: TProtocolException: Invalid data

2026-07-07 22:03:43,321 [INFO] src.corpus_acquisition.metadata_extractor: Saved crawl log -> data/raw/crawl_logs/peru21_2022-06-20.json (status=failed)
2026-07-07 22:03:43,323 [ERROR] src.corpus_acquisition.downloader: Skipping peru21 on 2022-06-21 due to unrecoverable error: Could not open Parquet input source '<Buffer>': Couldn't deserialize thrift: TProtocolException: Invalid data

2026-07-07 22:03:43,324 [INFO] src.corpus_acquisition.metadata_extractor: Saved crawl log -> data/raw/crawl_logs/peru21_2022-06-21.json (status=failed)
2026-07-07 22:03:43,326 [ERROR] src.corpus_acquisition.downloader: Skipping peru21 on 2022-06-22 due to unrecoverable error: Could not open Parquet input source '<Buffer>': Couldn't deserialize thrift: TProtocolException: Invalid data

2026-07-07 22:03:43,328 [INFO] src.corpus_acquisition.metadata_extractor: Saved crawl log -> data/raw/crawl_logs/peru21_2022-06-22.json (status=failed)
2026-07-07 22:03:43,329 [ERROR] src.corpus_acquisition.downloader: Skipping peru21 on 2022-06-23 due to unrecoverable error: Could not open Parquet input source '<Buffer>': Couldn't deserialize thrift: TProtocolException: Invalid data

2026-07-07 22:03:43,330 [INFO] src.corpus_acquisition.metadata_extractor: Saved crawl log -> data/raw/crawl_logs/peru21_2022-06-23.json (status=failed)
2026-07-07 22:03:43,332 [ERROR] src.corpus_acquisition.downloader: Skipping peru21 on 2022-06-24 due to unrecoverable error: Could not open Parquet input source '<Buffer>': Couldn't deserialize thrift: TProtocolException: Invalid data

2026-07-07 22:03:43,334 [INFO] src.corpus_acquisition.metadata_extractor: Saved crawl log -> data/raw/crawl_logs/peru21_2022-06-24.json (status=failed)
2026-07-07 22:03:43,335 [ERROR] src.corpus_acquisition.downloader: Skipping peru21 on 2022-06-25 due to unrecoverable error: Could not open Parquet input source '<Buffer>': Couldn't deserialize thrift: TProtocolException: Invalid data

2026-07-07 22:03:43,337 [INFO] src.corpus_acquisition.metadata_extractor: Saved crawl log -> data/raw/crawl_logs/peru21_2022-06-25.json (status=failed)
2026-07-07 22:03:43,338 [ERROR] src.corpus_acquisition.downloader: Skipping peru21 on 2022-06-26 due to unrecoverable error: Could not open Parquet input source '<Buffer>': Couldn't deserialize thrift: TProtocolException: Invalid data

2026-07-07 22:03:43,340 [INFO] src.corpus_acquisition.metadata_extractor: Saved crawl log -> data/raw/crawl_logs/peru21_2022-06-26.json (status=failed)
2026-07-07 22:03:43,342 [ERROR] src.corpus_acquisition.downloader: Skipping peru21 on 2022-06-27 due to unrecoverable error: Could not open Parquet input source '<Buffer>': Couldn't deserialize thrift: TProtocolException: Invalid data

2026-07-07 22:03:43,344 [INFO] src.corpus_acquisition.metadata_extractor: Saved crawl log -> data/raw/crawl_logs/peru21_2022-06-27.json (status=failed)
2026-07-07 22:03:43,345 [ERROR] src.corpus_acquisition.downloader: Skipping peru21 on 2022-06-28 due to unrecoverable error: Could not open Parquet input source '<Buffer>': Couldn't deserialize thrift: TProtocolException: Invalid data

2026-07-07 22:03:43,346 [INFO] src.corpus_acquisition.metadata_extractor: Saved crawl log -> data/raw/crawl_logs/peru21_2022-06-28.json (status=failed)
2026-07-07 22:03:43,348 [ERROR] src.corpus_acquisition.downloader: Skipping peru21 on 2022-06-29 due to unrecoverable error: Could not open Parquet input source '<Buffer>': Couldn't deserialize thrift: TProtocolException: Invalid data

2026-07-07 22:03:43,349 [INFO] src.corpus_acquisition.metadata_extractor: Saved crawl log -> data/raw/crawl_logs/peru21_2022-06-29.json (status=failed)
2026-07-07 22:03:43,351 [ERROR] src.corpus_acquisition.downloader: Skipping peru21 on 2022-06-30 due to unrecoverable error: Could not open Parquet input source '<Buffer>': Couldn't deserialize thrift: TProtocolException: Invalid data

2026-07-07 22:03:43,352 [INFO] src.corpus_acquisition.metadata_extractor: Saved crawl log -> data/raw/crawl_logs/peru21_2022-06-30.json (status=failed)
2026-07-07 22:03:43,354 [ERROR] src.corpus_acquisition.downloader: Skipping peru21 on 2022-07-01 due to unrecoverable error: Could not open Parquet input source '<Buffer>': Couldn't deserialize thrift: TProtocolException: Invalid data

2026-07-07 22:03:43,356 [INFO] src.corpus_acquisition.metadata_extractor: Saved crawl log -> data/raw/crawl_logs/peru21_2022-07-01.json (status=failed)
2026-07-07 22:03:43,357 [ERROR] src.corpus_acquisition.downloader: Skipping peru21 on 2022-07-02 due to unrecoverable error: Could not open Parquet input source '<Buffer>': Couldn't deserialize thrift: TProtocolException: Invalid data

2026-07-07 22:03:43,358 [INFO] src.corpus_acquisition.metadata_extractor: Saved crawl log -> data/raw/crawl_logs/peru21_2022-07-02.json (status=failed)
2026-07-07 22:03:43,360 [ERROR] src.corpus_acquisition.downloader: Skipping peru21 on 2022-07-03 due to unrecoverable error: Could not open Parquet input source '<Buffer>': Couldn't deserialize thrift: TProtocolException: Invalid data

2026-07-07 22:03:43,361 [INFO] src.corpus_acquisition.metadata_extractor: Saved crawl log -> data/raw/crawl_logs/peru21_2022-07-03.json (status=failed)
2026-07-07 22:03:43,363 [ERROR] src.corpus_acquisition.downloader: Skipping peru21 on 2022-07-04 due to unrecoverable error: Could not open Parquet input source '<Buffer>': Couldn't deserialize thrift: TProtocolException: Invalid data

2026-07-07 22:03:43,365 [INFO] src.corpus_acquisition.metadata_extractor: Saved crawl log -> data/raw/crawl_logs/peru21_2022-07-04.json (status=failed)
2026-07-07 22:03:43,366 [ERROR] src.corpus_acquisition.downloader: Skipping peru21 on 2022-07-05 due to unrecoverable error: Could not open Parquet input source '<Buffer>': Couldn't deserialize thrift: TProtocolException: Invalid data

2026-07-07 22:03:43,368 [INFO] src.corpus_acquisition.metadata_extractor: Saved crawl log -> data/raw/crawl_logs/peru21_2022-07-05.json (status=failed)
2026-07-07 22:03:43,369 [ERROR] src.corpus_acquisition.downloader: Skipping peru21 on 2022-07-06 due to unrecoverable error: Could not open Parquet input source '<Buffer>': Couldn't deserialize thrift: TProtocolException: Invalid data

2026-07-07 22:03:43,371 [INFO] src.corpus_acquisition.metadata_extractor: Saved crawl log -> data/raw/crawl_logs/peru21_2022-07-06.json (status=failed)
2026-07-07 22:03:43,372 [ERROR] src.corpus_acquisition.downloader: Skipping peru21 on 2022-07-07 due to unrecoverable error: Could not open Parquet input source '<Buffer>': Couldn't deserialize thrift: TProtocolException: Invalid data

2026-07-07 22:03:43,374 [INFO] src.corpus_acquisition.metadata_extractor: Saved crawl log -> data/raw/crawl_logs/peru21_2022-07-07.json (status=failed)
2026-07-07 22:03:43,376 [ERROR] src.corpus_acquisition.downloader: Skipping peru21 on 2022-07-08 due to unrecoverable error: Could not open Parquet input source '<Buffer>': Couldn't deserialize thrift: TProtocolException: Invalid data

2026-07-07 22:03:43,377 [INFO] src.corpus_acquisition.metadata_extractor: Saved crawl log -> data/raw/crawl_logs/peru21_2022-07-08.json (status=failed)
2026-07-07 22:03:43,379 [ERROR] src.corpus_acquisition.downloader: Skipping peru21 on 2022-07-09 due to unrecoverable error: Could not open Parquet input source '<Buffer>': Couldn't deserialize thrift: TProtocolException: Invalid data

2026-07-07 22:03:43,381 [INFO] src.corpus_acquisition.metadata_extractor: Saved crawl log -> data/raw/crawl_logs/peru21_2022-07-09.json (status=failed)
2026-07-07 22:03:43,382 [ERROR] src.corpus_acquisition.downloader: Skipping peru21 on 2022-07-10 due to unrecoverable error: Could not open Parquet input source '<Buffer>': Couldn't deserialize thrift: TProtocolException: Invalid data

2026-07-07 22:03:43,384 [INFO] src.corpus_acquisition.metadata_extractor: Saved crawl log -> data/raw/crawl_logs/peru21_2022-07-10.json (status=failed)
2026-07-07 22:03:43,385 [ERROR] src.corpus_acquisition.downloader: Skipping peru21 on 2022-07-11 due to unrecoverable error: Could not open Parquet input source '<Buffer>': Couldn't deserialize thrift: TProtocolException: Invalid data

2026-07-07 22:03:43,387 [INFO] src.corpus_acquisition.metadata_extractor: Saved crawl log -> data/raw/crawl_logs/peru21_2022-07-11.json (status=failed)
2026-07-07 22:03:43,389 [ERROR] src.corpus_acquisition.downloader: Skipping peru21 on 2022-07-12 due to unrecoverable error: Could not open Parquet input source '<Buffer>': Couldn't deserialize thrift: TProtocolException: Invalid data

2026-07-07 22:03:43,391 [INFO] src.corpus_acquisition.metadata_extractor: Saved crawl log -> data/raw/crawl_logs/peru21_2022-07-12.json (status=failed)
2026-07-07 22:03:43,392 [ERROR] src.corpus_acquisition.downloader: Skipping peru21 on 2022-07-13 due to unrecoverable error: Could not open Parquet input source '<Buffer>': Couldn't deserialize thrift: TProtocolException: Invalid data

2026-07-07 22:03:43,393 [INFO] src.corpus_acquisition.metadata_extractor: Saved crawl log -> data/raw/crawl_logs/peru21_2022-07-13.json (status=failed)
2026-07-07 22:03:43,395 [ERROR] src.corpus_acquisition.downloader: Skipping peru21 on 2022-07-14 due to unrecoverable error: Could not open Parquet input source '<Buffer>': Couldn't deserialize thrift: TProtocolException: Invalid data

2026-07-07 22:03:43,396 [INFO] src.corpus_acquisition.metadata_extractor: Saved crawl log -> data/raw/crawl_logs/peru21_2022-07-14.json (status=failed)
2026-07-07 22:03:43,398 [ERROR] src.corpus_acquisition.downloader: Skipping peru21 on 2022-07-15 due to unrecoverable error: Could not open Parquet input source '<Buffer>': Couldn't deserialize thrift: TProtocolException: Invalid data

2026-07-07 22:03:43,400 [INFO] src.corpus_acquisition.metadata_extractor: Saved crawl log -> data/raw/crawl_logs/peru21_2022-07-15.json (status=failed)
2026-07-07 22:03:43,401 [ERROR] src.corpus_acquisition.downloader: Skipping peru21 on 2022-07-16 due to unrecoverable error: Could not open Parquet input source '<Buffer>': Couldn't deserialize thrift: TProtocolException: Invalid data

2026-07-07 22:03:43,403 [INFO] src.corpus_acquisition.metadata_extractor: Saved crawl log -> data/raw/crawl_logs/peru21_2022-07-16.json (status=failed)
2026-07-07 22:03:43,404 [ERROR] src.corpus_acquisition.downloader: Skipping peru21 on 2022-07-17 due to unrecoverable error: Could not open Parquet input source '<Buffer>': Couldn't deserialize thrift: TProtocolException: Invalid data

2026-07-07 22:03:43,406 [INFO] src.corpus_acquisition.metadata_extractor: Saved crawl log -> data/raw/crawl_logs/peru21_2022-07-17.json (status=failed)
2026-07-07 22:03:43,407 [ERROR] src.corpus_acquisition.downloader: Skipping peru21 on 2022-07-18 due to unrecoverable error: Could not open Parquet input source '<Buffer>': Couldn't deserialize thrift: TProtocolException: Invalid data

2026-07-07 22:03:43,409 [INFO] src.corpus_acquisition.metadata_extractor: Saved crawl log -> data/raw/crawl_logs/peru21_2022-07-18.json (status=failed)
2026-07-07 22:03:43,410 [ERROR] src.corpus_acquisition.downloader: Skipping peru21 on 2022-07-19 due to unrecoverable error: Could not open Parquet input source '<Buffer>': Couldn't deserialize thrift: TProtocolException: Invalid data

2026-07-07 22:03:43,412 [INFO] src.corpus_acquisition.metadata_extractor: Saved crawl log -> data/raw/crawl_logs/peru21_2022-07-19.json (status=failed)
2026-07-07 22:03:43,414 [ERROR] src.corpus_acquisition.downloader: Skipping peru21 on 2022-07-20 due to unrecoverable error: Could not open Parquet input source '<Buffer>': Couldn't deserialize thrift: TProtocolException: Invalid data

2026-07-07 22:03:43,416 [INFO] src.corpus_acquisition.metadata_extractor: Saved crawl log -> data/raw/crawl_logs/peru21_2022-07-20.json (status=failed)
2026-07-07 22:03:43,417 [ERROR] src.corpus_acquisition.downloader: Skipping peru21 on 2022-07-21 due to unrecoverable error: Could not open Parquet input source '<Buffer>': Couldn't deserialize thrift: TProtocolException: Invalid data

2026-07-07 22:03:43,419 [INFO] src.corpus_acquisition.metadata_extractor: Saved crawl log -> data/raw/crawl_logs/peru21_2022-07-21.json (status=failed)
2026-07-07 22:03:43,421 [ERROR] src.corpus_acquisition.downloader: Skipping peru21 on 2022-07-22 due to unrecoverable error: Could not open Parquet input source '<Buffer>': Couldn't deserialize thrift: TProtocolException: Invalid data

2026-07-07 22:03:43,423 [INFO] src.corpus_acquisition.metadata_extractor: Saved crawl log -> data/raw/crawl_logs/peru21_2022-07-22.json (status=failed)
2026-07-07 22:03:43,424 [ERROR] src.corpus_acquisition.downloader: Skipping peru21 on 2022-07-23 due to unrecoverable error: Could not open Parquet input source '<Buffer>': Couldn't deserialize thrift: TProtocolException: Invalid data

2026-07-07 22:03:43,426 [INFO] src.corpus_acquisition.metadata_extractor: Saved crawl log -> data/raw/crawl_logs/peru21_2022-07-23.json (status=failed)
2026-07-07 22:03:43,427 [ERROR] src.corpus_acquisition.downloader: Skipping peru21 on 2022-07-24 due to unrecoverable error: Could not open Parquet input source '<Buffer>': Couldn't deserialize thrift: TProtocolException: Invalid data

2026-07-07 22:03:43,429 [INFO] src.corpus_acquisition.metadata_extractor: Saved crawl log -> data/raw/crawl_logs/peru21_2022-07-24.json (status=failed)
2026-07-07 22:03:43,431 [ERROR] src.corpus_acquisition.downloader: Skipping peru21 on 2022-07-25 due to unrecoverable error: Could not open Parquet input source '<Buffer>': Couldn't deserialize thrift: TProtocolException: Invalid data

2026-07-07 22:03:43,433 [INFO] src.corpus_acquisition.metadata_extractor: Saved crawl log -> data/raw/crawl_logs/peru21_2022-07-25.json (status=failed)
2026-07-07 22:03:43,435 [ERROR] src.corpus_acquisition.downloader: Skipping peru21 on 2022-07-26 due to unrecoverable error: Could not open Parquet input source '<Buffer>': Couldn't deserialize thrift: TProtocolException: Invalid data

2026-07-07 22:03:43,436 [INFO] src.corpus_acquisition.metadata_extractor: Saved crawl log -> data/raw/crawl_logs/peru21_2022-07-26.json (status=failed)
2026-07-07 22:03:43,438 [ERROR] src.corpus_acquisition.downloader: Skipping peru21 on 2022-07-27 due to unrecoverable error: Could not open Parquet input source '<Buffer>': Couldn't deserialize thrift: TProtocolException: Invalid data

2026-07-07 22:03:43,439 [INFO] src.corpus_acquisition.metadata_extractor: Saved crawl log -> data/raw/crawl_logs/peru21_2022-07-27.json (status=failed)
2026-07-07 22:03:43,441 [ERROR] src.corpus_acquisition.downloader: Skipping peru21 on 2022-07-28 due to unrecoverable error: Could not open Parquet input source '<Buffer>': Couldn't deserialize thrift: TProtocolException: Invalid data

2026-07-07 22:03:43,443 [INFO] src.corpus_acquisition.metadata_extractor: Saved crawl log -> data/raw/crawl_logs/peru21_2022-07-28.json (status=failed)
2026-07-07 22:03:43,445 [ERROR] src.corpus_acquisition.downloader: Skipping peru21 on 2022-07-29 due to unrecoverable error: Could not open Parquet input source '<Buffer>': Couldn't deserialize thrift: TProtocolException: Invalid data

2026-07-07 22:03:43,447 [INFO] src.corpus_acquisition.metadata_extractor: Saved crawl log -> data/raw/crawl_logs/peru21_2022-07-29.json (status=failed)
2026-07-07 22:03:43,449 [ERROR] src.corpus_acquisition.downloader: Skipping peru21 on 2022-07-30 due to unrecoverable error: Could not open Parquet input source '<Buffer>': Couldn't deserialize thrift: TProtocolException: Invalid data

2026-07-07 22:03:43,450 [INFO] src.corpus_acquisition.metadata_extractor: Saved crawl log -> data/raw/crawl_logs/peru21_2022-07-30.json (status=failed)
2026-07-07 22:03:43,452 [ERROR] src.corpus_acquisition.downloader: Skipping peru21 on 2022-07-31 due to unrecoverable error: Could not open Parquet input source '<Buffer>': Couldn't deserialize thrift: TProtocolException: Invalid data

2026-07-07 22:03:43,453 [INFO] src.corpus_acquisition.metadata_extractor: Saved crawl log -> data/raw/crawl_logs/peru21_2022-07-31.json (status=failed)
2026-07-07 22:03:43,454 [ERROR] src.corpus_acquisition.downloader: Skipping peru21 on 2022-08-01 due to unrecoverable error: Could not open Parquet input source '<Buffer>': Couldn't deserialize thrift: TProtocolException: Invalid data

2026-07-07 22:03:43,456 [INFO] src.corpus_acquisition.metadata_extractor: Saved crawl log -> data/raw/crawl_logs/peru21_2022-08-01.json (status=failed)
2026-07-07 22:03:43,458 [ERROR] src.corpus_acquisition.downloader: Skipping peru21 on 2022-08-02 due to unrecoverable error: Could not open Parquet input source '<Buffer>': Couldn't deserialize thrift: TProtocolException: Invalid data

2026-07-07 22:03:43,460 [INFO] src.corpus_acquisition.metadata_extractor: Saved crawl log -> data/raw/crawl_logs/peru21_2022-08-02.json (status=failed)
2026-07-07 22:03:43,461 [ERROR] src.corpus_acquisition.downloader: Skipping peru21 on 2022-08-03 due to unrecoverable error: Could not open Parquet input source '<Buffer>': Couldn't deserialize thrift: TProtocolException: Invalid data

2026-07-07 22:03:43,463 [INFO] src.corpus_acquisition.metadata_extractor: Saved crawl log -> data/raw/crawl_logs/peru21_2022-08-03.json (status=failed)
2026-07-07 22:03:43,464 [ERROR] src.corpus_acquisition.downloader: Skipping peru21 on 2022-08-04 due to unrecoverable error: Could not open Parquet input source '<Buffer>': Couldn't deserialize thrift: TProtocolException: Invalid data

2026-07-07 22:03:43,466 [INFO] src.corpus_acquisition.metadata_extractor: Saved crawl log -> data/raw/crawl_logs/peru21_2022-08-04.json (status=failed)
2026-07-07 22:03:43,468 [ERROR] src.corpus_acquisition.downloader: Skipping peru21 on 2022-08-05 due to unrecoverable error: Could not open Parquet input source '<Buffer>': Couldn't deserialize thrift: TProtocolException: Invalid data

2026-07-07 22:03:43,470 [INFO] src.corpus_acquisition.metadata_extractor: Saved crawl log -> data/raw/crawl_logs/peru21_2022-08-05.json (status=failed)
2026-07-07 22:03:43,471 [ERROR] src.corpus_acquisition.downloader: Skipping peru21 on 2022-08-06 due to unrecoverable error: Could not open Parquet input source '<Buffer>': Couldn't deserialize thrift: TProtocolException: Invalid data

2026-07-07 22:03:43,473 [INFO] src.corpus_acquisition.metadata_extractor: Saved crawl log -> data/raw/crawl_logs/peru21_2022-08-06.json (status=failed)
2026-07-07 22:03:43,475 [ERROR] src.corpus_acquisition.downloader: Skipping peru21 on 2022-08-07 due to unrecoverable error: Could not open Parquet input source '<Buffer>': Couldn't deserialize thrift: TProtocolException: Invalid data

2026-07-07 22:03:43,476 [INFO] src.corpus_acquisition.metadata_extractor: Saved crawl log -> data/raw/crawl_logs/peru21_2022-08-07.json (status=failed)
2026-07-07 22:03:43,478 [ERROR] src.corpus_acquisition.downloader: Skipping peru21 on 2022-08-08 due to unrecoverable error: Could not open Parquet input source '<Buffer>': Couldn't deserialize thrift: TProtocolException: Invalid data

2026-07-07 22:03:43,480 [INFO] src.corpus_acquisition.metadata_extractor: Saved crawl log -> data/raw/crawl_logs/peru21_2022-08-08.json (status=failed)
2026-07-07 22:03:43,481 [ERROR] src.corpus_acquisition.downloader: Skipping peru21 on 2022-08-09 due to unrecoverable error: Could not open Parquet input source '<Buffer>': Couldn't deserialize thrift: TProtocolException: Invalid data

2026-07-07 22:03:43,483 [INFO] src.corpus_acquisition.metadata_extractor: Saved crawl log -> data/raw/crawl_logs/peru21_2022-08-09.json (status=failed)
2026-07-07 22:03:43,484 [ERROR] src.corpus_acquisition.downloader: Skipping peru21 on 2022-08-10 due to unrecoverable error: Could not open Parquet input source '<Buffer>': Couldn't deserialize thrift: TProtocolException: Invalid data

2026-07-07 22:03:43,485 [INFO] src.corpus_acquisition.metadata_extractor: Saved crawl log -> data/raw/crawl_logs/peru21_2022-08-10.json (status=failed)
2026-07-07 22:03:43,487 [ERROR] src.corpus_acquisition.downloader: Skipping peru21 on 2022-08-11 due to unrecoverable error: Could not open Parquet input source '<Buffer>': Couldn't deserialize thrift: TProtocolException: Invalid data

2026-07-07 22:03:43,488 [INFO] src.corpus_acquisition.metadata_extractor: Saved crawl log -> data/raw/crawl_logs/peru21_2022-08-11.json (status=failed)
2026-07-07 22:03:43,490 [ERROR] src.corpus_acquisition.downloader: Skipping peru21 on 2022-08-12 due to unrecoverable error: Could not open Parquet input source '<Buffer>': Couldn't deserialize thrift: TProtocolException: Invalid data

2026-07-07 22:03:43,491 [INFO] src.corpus_acquisition.metadata_extractor: Saved crawl log -> data/raw/crawl_logs/peru21_2022-08-12.json (status=failed)
2026-07-07 22:03:43,493 [ERROR] src.corpus_acquisition.downloader: Skipping peru21 on 2022-08-13 due to unrecoverable error: Could not open Parquet input source '<Buffer>': Couldn't deserialize thrift: TProtocolException: Invalid data

2026-07-07 22:03:43,494 [INFO] src.corpus_acquisition.metadata_extractor: Saved crawl log -> data/raw/crawl_logs/peru21_2022-08-13.json (status=failed)
2026-07-07 22:03:43,495 [ERROR] src.corpus_acquisition.downloader: Skipping peru21 on 2022-08-14 due to unrecoverable error: Could not open Parquet input source '<Buffer>': Couldn't deserialize thrift: TProtocolException: Invalid data

2026-07-07 22:03:43,498 [INFO] src.corpus_acquisition.metadata_extractor: Saved crawl log -> data/raw/crawl_logs/peru21_2022-08-14.json (status=failed)
2026-07-07 22:03:43,500 [ERROR] src.corpus_acquisition.downloader: Skipping peru21 on 2022-08-15 due to unrecoverable error: Could not open Parquet input source '<Buffer>': Couldn't deserialize thrift: TProtocolException: Invalid data

2026-07-07 22:03:43,501 [INFO] src.corpus_acquisition.metadata_extractor: Saved crawl log -> data/raw/crawl_logs/peru21_2022-08-15.json (status=failed)
2026-07-07 22:03:43,503 [ERROR] src.corpus_acquisition.downloader: Skipping peru21 on 2022-08-16 due to unrecoverable error: Could not open Parquet input source '<Buffer>': Couldn't deserialize thrift: TProtocolException: Invalid data

2026-07-07 22:03:43,505 [INFO] src.corpus_acquisition.metadata_extractor: Saved crawl log -> data/raw/crawl_logs/peru21_2022-08-16.json (status=failed)
2026-07-07 22:03:43,506 [ERROR] src.corpus_acquisition.downloader: Skipping peru21 on 2022-08-17 due to unrecoverable error: Could not open Parquet input source '<Buffer>': Couldn't deserialize thrift: TProtocolException: Invalid data

2026-07-07 22:03:43,508 [INFO] src.corpus_acquisition.metadata_extractor: Saved crawl log -> data/raw/crawl_logs/peru21_2022-08-17.json (status=failed)
2026-07-07 22:03:43,510 [ERROR] src.corpus_acquisition.downloader: Skipping peru21 on 2022-08-18 due to unrecoverable error: Could not open Parquet input source '<Buffer>': Couldn't deserialize thrift: TProtocolException: Invalid data

2026-07-07 22:03:43,512 [INFO] src.corpus_acquisition.metadata_extractor: Saved crawl log -> data/raw/crawl_logs/peru21_2022-08-18.json (status=failed)
2026-07-07 22:03:43,513 [ERROR] src.corpus_acquisition.downloader: Skipping peru21 on 2022-08-19 due to unrecoverable error: Could not open Parquet input source '<Buffer>': Couldn't deserialize thrift: TProtocolException: Invalid data

2026-07-07 22:03:43,515 [INFO] src.corpus_acquisition.metadata_extractor: Saved crawl log -> data/raw/crawl_logs/peru21_2022-08-19.json (status=failed)
2026-07-07 22:03:43,517 [ERROR] src.corpus_acquisition.downloader: Skipping peru21 on 2022-08-20 due to unrecoverable error: Could not open Parquet input source '<Buffer>': Couldn't deserialize thrift: TProtocolException: Invalid data

2026-07-07 22:03:43,518 [INFO] src.corpus_acquisition.metadata_extractor: Saved crawl log -> data/raw/crawl_logs/peru21_2022-08-20.json (status=failed)
2026-07-07 22:03:43,520 [ERROR] src.corpus_acquisition.downloader: Skipping peru21 on 2022-08-21 due to unrecoverable error: Could not open Parquet input source '<Buffer>': Couldn't deserialize thrift: TProtocolException: Invalid data

2026-07-07 22:03:43,522 [INFO] src.corpus_acquisition.metadata_extractor: Saved crawl log -> data/raw/crawl_logs/peru21_2022-08-21.json (status=failed)
2026-07-07 22:03:43,523 [ERROR] src.corpus_acquisition.downloader: Skipping peru21 on 2022-08-22 due to unrecoverable error: Could not open Parquet input source '<Buffer>': Couldn't deserialize thrift: TProtocolException: Invalid data

2026-07-07 22:03:43,525 [INFO] src.corpus_acquisition.metadata_extractor: Saved crawl log -> data/raw/crawl_logs/peru21_2022-08-22.json (status=failed)
2026-07-07 22:03:43,527 [ERROR] src.corpus_acquisition.downloader: Skipping peru21 on 2022-08-23 due to unrecoverable error: Could not open Parquet input source '<Buffer>': Couldn't deserialize thrift: TProtocolException: Invalid data

2026-07-07 22:03:43,528 [INFO] src.corpus_acquisition.metadata_extractor: Saved crawl log -> data/raw/crawl_logs/peru21_2022-08-23.json (status=failed)
2026-07-07 22:03:43,530 [ERROR] src.corpus_acquisition.downloader: Skipping peru21 on 2022-08-24 due to unrecoverable error: Could not open Parquet input source '<Buffer>': Couldn't deserialize thrift: TProtocolException: Invalid data

2026-07-07 22:03:43,532 [INFO] src.corpus_acquisition.metadata_extractor: Saved crawl log -> data/raw/crawl_logs/peru21_2022-08-24.json (status=failed)
2026-07-07 22:03:43,533 [ERROR] src.corpus_acquisition.downloader: Skipping peru21 on 2022-08-25 due to unrecoverable error: Could not open Parquet input source '<Buffer>': Couldn't deserialize thrift: TProtocolException: Invalid data

2026-07-07 22:03:43,535 [INFO] src.corpus_acquisition.metadata_extractor: Saved crawl log -> data/raw/crawl_logs/peru21_2022-08-25.json (status=failed)
2026-07-07 22:03:43,536 [ERROR] src.corpus_acquisition.downloader: Skipping peru21 on 2022-08-26 due to unrecoverable error: Could not open Parquet input source '<Buffer>': Couldn't deserialize thrift: TProtocolException: Invalid data

2026-07-07 22:03:43,538 [INFO] src.corpus_acquisition.metadata_extractor: Saved crawl log -> data/raw/crawl_logs/peru21_2022-08-26.json (status=failed)
2026-07-07 22:03:43,540 [ERROR] src.corpus_acquisition.downloader: Skipping peru21 on 2022-08-27 due to unrecoverable error: Could not open Parquet input source '<Buffer>': Couldn't deserialize thrift: TProtocolException: Invalid data

2026-07-07 22:03:43,542 [INFO] src.corpus_acquisition.metadata_extractor: Saved crawl log -> data/raw/crawl_logs/peru21_2022-08-27.json (status=failed)
2026-07-07 22:03:43,544 [ERROR] src.corpus_acquisition.downloader: Skipping peru21 on 2022-08-28 due to unrecoverable error: Could not open Parquet input source '<Buffer>': Couldn't deserialize thrift: TProtocolException: Invalid data

2026-07-07 22:03:43,545 [INFO] src.corpus_acquisition.metadata_extractor: Saved crawl log -> data/raw/crawl_logs/peru21_2022-08-28.json (status=failed)
2026-07-07 22:03:43,547 [ERROR] src.corpus_acquisition.downloader: Skipping peru21 on 2022-08-29 due to unrecoverable error: Could not open Parquet input source '<Buffer>': Couldn't deserialize thrift: TProtocolException: Invalid data

2026-07-07 22:03:43,549 [INFO] src.corpus_acquisition.metadata_extractor: Saved crawl log -> data/raw/crawl_logs/peru21_2022-08-29.json (status=failed)
2026-07-07 22:03:43,550 [ERROR] src.corpus_acquisition.downloader: Skipping peru21 on 2022-08-30 due to unrecoverable error: Could not open Parquet input source '<Buffer>': Couldn't deserialize thrift: TProtocolException: Invalid data

2026-07-07 22:03:43,551 [INFO] src.corpus_acquisition.metadata_extractor: Saved crawl log -> data/raw/crawl_logs/peru21_2022-08-30.json (status=failed)
2026-07-07 22:03:43,553 [ERROR] src.corpus_acquisition.downloader: Skipping peru21 on 2022-08-31 due to unrecoverable error: Could not open Parquet input source '<Buffer>': Couldn't deserialize thrift: TProtocolException: Invalid data

2026-07-07 22:03:43,555 [INFO] src.corpus_acquisition.metadata_extractor: Saved crawl log -> data/raw/crawl_logs/peru21_2022-08-31.json (status=failed)
2026-07-07 22:03:43,556 [ERROR] src.corpus_acquisition.downloader: Skipping peru21 on 2022-09-01 due to unrecoverable error: Could not open Parquet input source '<Buffer>': Couldn't deserialize thrift: TProtocolException: Invalid data

2026-07-07 22:03:43,558 [INFO] src.corpus_acquisition.metadata_extractor: Saved crawl log -> data/raw/crawl_logs/peru21_2022-09-01.json (status=failed)
2026-07-07 22:03:43,559 [ERROR] src.corpus_acquisition.downloader: Skipping peru21 on 2022-09-02 due to unrecoverable error: Could not open Parquet input source '<Buffer>': Couldn't deserialize thrift: TProtocolException: Invalid data

2026-07-07 22:03:43,561 [INFO] src.corpus_acquisition.metadata_extractor: Saved crawl log -> data/raw/crawl_logs/peru21_2022-09-02.json (status=failed)
2026-07-07 22:03:43,562 [ERROR] src.corpus_acquisition.downloader: Skipping peru21 on 2022-09-03 due to unrecoverable error: Could not open Parquet input source '<Buffer>': Couldn't deserialize thrift: TProtocolException: Invalid data

2026-07-07 22:03:43,564 [INFO] src.corpus_acquisition.metadata_extractor: Saved crawl log -> data/raw/crawl_logs/peru21_2022-09-03.json (status=failed)
2026-07-07 22:03:43,566 [ERROR] src.corpus_acquisition.downloader: Skipping peru21 on 2022-09-04 due to unrecoverable error: Could not open Parquet input source '<Buffer>': Couldn't deserialize thrift: TProtocolException: Invalid data

2026-07-07 22:03:43,568 [INFO] src.corpus_acquisition.metadata_extractor: Saved crawl log -> data/raw/crawl_logs/peru21_2022-09-04.json (status=failed)
2026-07-07 22:03:43,570 [ERROR] src.corpus_acquisition.downloader: Skipping peru21 on 2022-09-05 due to unrecoverable error: Could not open Parquet input source '<Buffer>': Couldn't deserialize thrift: TProtocolException: Invalid data

2026-07-07 22:03:43,572 [INFO] src.corpus_acquisition.metadata_extractor: Saved crawl log -> data/raw/crawl_logs/peru21_2022-09-05.json (status=failed)
2026-07-07 22:03:43,573 [ERROR] src.corpus_acquisition.downloader: Skipping peru21 on 2022-09-06 due to unrecoverable error: Could not open Parquet input source '<Buffer>': Couldn't deserialize thrift: TProtocolException: Invalid data

2026-07-07 22:03:43,574 [INFO] src.corpus_acquisition.metadata_extractor: Saved crawl log -> data/raw/crawl_logs/peru21_2022-09-06.json (status=failed)
2026-07-07 22:03:43,576 [ERROR] src.corpus_acquisition.downloader: Skipping peru21 on 2022-09-07 due to unrecoverable error: Could not open Parquet input source '<Buffer>': Couldn't deserialize thrift: TProtocolException: Invalid data

2026-07-07 22:03:43,578 [INFO] src.corpus_acquisition.metadata_extractor: Saved crawl log -> data/raw/crawl_logs/peru21_2022-09-07.json (status=failed)
2026-07-07 22:03:43,579 [ERROR] src.corpus_acquisition.downloader: Skipping peru21 on 2022-09-08 due to unrecoverable error: Could not open Parquet input source '<Buffer>': Couldn't deserialize thrift: TProtocolException: Invalid data

2026-07-07 22:03:43,581 [INFO] src.corpus_acquisition.metadata_extractor: Saved crawl log -> data/raw/crawl_logs/peru21_2022-09-08.json (status=failed)
2026-07-07 22:03:43,583 [ERROR] src.corpus_acquisition.downloader: Skipping peru21 on 2022-09-09 due to unrecoverable error: Could not open Parquet input source '<Buffer>': Couldn't deserialize thrift: TProtocolException: Invalid data

2026-07-07 22:03:43,584 [INFO] src.corpus_acquisition.metadata_extractor: Saved crawl log -> data/raw/crawl_logs/peru21_2022-09-09.json (status=failed)
2026-07-07 22:03:43,586 [ERROR] src.corpus_acquisition.downloader: Skipping peru21 on 2022-09-10 due to unrecoverable error: Could not open Parquet input source '<Buffer>': Couldn't deserialize thrift: TProtocolException: Invalid data

2026-07-07 22:03:43,587 [INFO] src.corpus_acquisition.metadata_extractor: Saved crawl log -> data/raw/crawl_logs/peru21_2022-09-10.json (status=failed)
2026-07-07 22:03:43,589 [ERROR] src.corpus_acquisition.downloader: Skipping peru21 on 2022-09-11 due to unrecoverable error: Could not open Parquet input source '<Buffer>': Couldn't deserialize thrift: TProtocolException: Invalid data

2026-07-07 22:03:43,590 [INFO] src.corpus_acquisition.metadata_extractor: Saved crawl log -> data/raw/crawl_logs/peru21_2022-09-11.json (status=failed)
2026-07-07 22:03:43,591 [ERROR] src.corpus_acquisition.downloader: Skipping peru21 on 2022-09-12 due to unrecoverable error: Could not open Parquet input source '<Buffer>': Couldn't deserialize thrift: TProtocolException: Invalid data

2026-07-07 22:03:43,593 [INFO] src.corpus_acquisition.metadata_extractor: Saved crawl log -> data/raw/crawl_logs/peru21_2022-09-12.json (status=failed)
2026-07-07 22:03:43,595 [ERROR] src.corpus_acquisition.downloader: Skipping peru21 on 2022-09-13 due to unrecoverable error: Could not open Parquet input source '<Buffer>': Couldn't deserialize thrift: TProtocolException: Invalid data

2026-07-07 22:03:43,596 [INFO] src.corpus_acquisition.metadata_extractor: Saved crawl log -> data/raw/crawl_logs/peru21_2022-09-13.json (status=failed)
2026-07-07 22:03:43,598 [ERROR] src.corpus_acquisition.downloader: Skipping peru21 on 2022-09-14 due to unrecoverable error: Could not open Parquet input source '<Buffer>': Couldn't deserialize thrift: TProtocolException: Invalid data

2026-07-07 22:03:43,599 [INFO] src.corpus_acquisition.metadata_extractor: Saved crawl log -> data/raw/crawl_logs/peru21_2022-09-14.json (status=failed)
2026-07-07 22:03:43,601 [ERROR] src.corpus_acquisition.downloader: Skipping peru21 on 2022-09-15 due to unrecoverable error: Could not open Parquet input source '<Buffer>': Couldn't deserialize thrift: TProtocolException: Invalid data

2026-07-07 22:03:43,603 [INFO] src.corpus_acquisition.metadata_extractor: Saved crawl log -> data/raw/crawl_logs/peru21_2022-09-15.json (status=failed)
2026-07-07 22:03:43,604 [ERROR] src.corpus_acquisition.downloader: Skipping peru21 on 2022-09-16 due to unrecoverable error: Could not open Parquet input source '<Buffer>': Couldn't deserialize thrift: TProtocolException: Invalid data

2026-07-07 22:03:43,606 [INFO] src.corpus_acquisition.metadata_extractor: Saved crawl log -> data/raw/crawl_logs/peru21_2022-09-16.json (status=failed)
2026-07-07 22:03:43,608 [ERROR] src.corpus_acquisition.downloader: Skipping peru21 on 2022-09-17 due to unrecoverable error: Could not open Parquet input source '<Buffer>': Couldn't deserialize thrift: TProtocolException: Invalid data

2026-07-07 22:03:43,610 [INFO] src.corpus_acquisition.metadata_extractor: Saved crawl log -> data/raw/crawl_logs/peru21_2022-09-17.json (status=failed)
2026-07-07 22:03:43,611 [ERROR] src.corpus_acquisition.downloader: Skipping peru21 on 2022-09-18 due to unrecoverable error: Could not open Parquet input source '<Buffer>': Couldn't deserialize thrift: TProtocolException: Invalid data

2026-07-07 22:03:43,613 [INFO] src.corpus_acquisition.metadata_extractor: Saved crawl log -> data/raw/crawl_logs/peru21_2022-09-18.json (status=failed)
2026-07-07 22:03:43,614 [ERROR] src.corpus_acquisition.downloader: Skipping peru21 on 2022-09-19 due to unrecoverable error: Could not open Parquet input source '<Buffer>': Couldn't deserialize thrift: TProtocolException: Invalid data

2026-07-07 22:03:43,616 [INFO] src.corpus_acquisition.metadata_extractor: Saved crawl log -> data/raw/crawl_logs/peru21_2022-09-19.json (status=failed)
2026-07-07 22:03:43,617 [ERROR] src.corpus_acquisition.downloader: Skipping peru21 on 2022-09-20 due to unrecoverable error: Could not open Parquet input source '<Buffer>': Couldn't deserialize thrift: TProtocolException: Invalid data

2026-07-07 22:03:43,619 [INFO] src.corpus_acquisition.metadata_extractor: Saved crawl log -> data/raw/crawl_logs/peru21_2022-09-20.json (status=failed)
2026-07-07 22:03:43,620 [ERROR] src.corpus_acquisition.downloader: Skipping peru21 on 2022-09-21 due to unrecoverable error: Could not open Parquet input source '<Buffer>': Couldn't deserialize thrift: TProtocolException: Invalid data

2026-07-07 22:03:43,623 [INFO] src.corpus_acquisition.metadata_extractor: Saved crawl log -> data/raw/crawl_logs/peru21_2022-09-21.json (status=failed)
2026-07-07 22:03:43,624 [ERROR] src.corpus_acquisition.downloader: Skipping peru21 on 2022-09-22 due to unrecoverable error: Could not open Parquet input source '<Buffer>': Couldn't deserialize thrift: TProtocolException: Invalid data

2026-07-07 22:03:43,626 [INFO] src.corpus_acquisition.metadata_extractor: Saved crawl log -> data/raw/crawl_logs/peru21_2022-09-22.json (status=failed)
2026-07-07 22:03:43,627 [ERROR] src.corpus_acquisition.downloader: Skipping peru21 on 2022-09-23 due to unrecoverable error: Could not open Parquet input source '<Buffer>': Couldn't deserialize thrift: TProtocolException: Invalid data

2026-07-07 22:03:43,629 [INFO] src.corpus_acquisition.metadata_extractor: Saved crawl log -> data/raw/crawl_logs/peru21_2022-09-23.json (status=failed)
2026-07-07 22:03:43,630 [ERROR] src.corpus_acquisition.downloader: Skipping peru21 on 2022-09-24 due to unrecoverable error: Could not open Parquet input source '<Buffer>': Couldn't deserialize thrift: TProtocolException: Invalid data

2026-07-07 22:03:43,634 [INFO] src.corpus_acquisition.metadata_extractor: Saved crawl log -> data/raw/crawl_logs/peru21_2022-09-24.json (status=failed)
2026-07-07 22:03:43,635 [ERROR] src.corpus_acquisition.downloader: Skipping peru21 on 2022-09-25 due to unrecoverable error: Could not open Parquet input source '<Buffer>': Couldn't deserialize thrift: TProtocolException: Invalid data

2026-07-07 22:03:43,637 [INFO] src.corpus_acquisition.metadata_extractor: Saved crawl log -> data/raw/crawl_logs/peru21_2022-09-25.json (status=failed)
2026-07-07 22:03:43,638 [ERROR] src.corpus_acquisition.downloader: Skipping peru21 on 2022-09-26 due to unrecoverable error: Could not open Parquet input source '<Buffer>': Couldn't deserialize thrift: TProtocolException: Invalid data

2026-07-07 22:03:43,640 [INFO] src.corpus_acquisition.metadata_extractor: Saved crawl log -> data/raw/crawl_logs/peru21_2022-09-26.json (status=failed)
2026-07-07 22:03:43,642 [ERROR] src.corpus_acquisition.downloader: Skipping peru21 on 2022-09-27 due to unrecoverable error: Could not open Parquet input source '<Buffer>': Couldn't deserialize thrift: TProtocolException: Invalid data

2026-07-07 22:03:43,644 [INFO] src.corpus_acquisition.metadata_extractor: Saved crawl log -> data/raw/crawl_logs/peru21_2022-09-27.json (status=failed)
2026-07-07 22:03:43,646 [ERROR] src.corpus_acquisition.downloader: Skipping peru21 on 2022-09-28 due to unrecoverable error: Could not open Parquet input source '<Buffer>': Couldn't deserialize thrift: TProtocolException: Invalid data

2026-07-07 22:03:43,647 [INFO] src.corpus_acquisition.metadata_extractor: Saved crawl log -> data/raw/crawl_logs/peru21_2022-09-28.json (status=failed)
2026-07-07 22:03:43,649 [ERROR] src.corpus_acquisition.downloader: Skipping peru21 on 2022-09-29 due to unrecoverable error: Could not open Parquet input source '<Buffer>': Couldn't deserialize thrift: TProtocolException: Invalid data

2026-07-07 22:03:43,651 [INFO] src.corpus_acquisition.metadata_extractor: Saved crawl log -> data/raw/crawl_logs/peru21_2022-09-29.json (status=failed)
2026-07-07 22:03:43,653 [ERROR] src.corpus_acquisition.downloader: Skipping peru21 on 2022-09-30 due to unrecoverable error: Could not open Parquet input source '<Buffer>': Couldn't deserialize thrift: TProtocolException: Invalid data

2026-07-07 22:03:43,655 [INFO] src.corpus_acquisition.metadata_extractor: Saved crawl log -> data/raw/crawl_logs/peru21_2022-09-30.json (status=failed)
2026-07-07 22:03:43,657 [ERROR] src.corpus_acquisition.downloader: Skipping peru21 on 2022-10-01 due to unrecoverable error: Could not open Parquet input source '<Buffer>': Couldn't deserialize thrift: TProtocolException: Invalid data

2026-07-07 22:03:43,659 [INFO] src.corpus_acquisition.metadata_extractor: Saved crawl log -> data/raw/crawl_logs/peru21_2022-10-01.json (status=failed)
2026-07-07 22:03:43,660 [ERROR] src.corpus_acquisition.downloader: Skipping peru21 on 2022-10-02 due to unrecoverable error: Could not open Parquet input source '<Buffer>': Couldn't deserialize thrift: TProtocolException: Invalid data

2026-07-07 22:03:43,662 [INFO] src.corpus_acquisition.metadata_extractor: Saved crawl log -> data/raw/crawl_logs/peru21_2022-10-02.json (status=failed)
2026-07-07 22:03:43,663 [ERROR] src.corpus_acquisition.downloader: Skipping peru21 on 2022-10-03 due to unrecoverable error: Could not open Parquet input source '<Buffer>': Couldn't deserialize thrift: TProtocolException: Invalid data

2026-07-07 22:03:43,665 [INFO] src.corpus_acquisition.metadata_extractor: Saved crawl log -> data/raw/crawl_logs/peru21_2022-10-03.json (status=failed)
2026-07-07 22:03:43,667 [ERROR] src.corpus_acquisition.downloader: Skipping peru21 on 2022-10-04 due to unrecoverable error: Could not open Parquet input source '<Buffer>': Couldn't deserialize thrift: TProtocolException: Invalid data

2026-07-07 22:03:43,669 [INFO] src.corpus_acquisition.metadata_extractor: Saved crawl log -> data/raw/crawl_logs/peru21_2022-10-04.json (status=failed)
2026-07-07 22:03:43,670 [ERROR] src.corpus_acquisition.downloader: Skipping peru21 on 2022-10-05 due to unrecoverable error: Could not open Parquet input source '<Buffer>': Couldn't deserialize thrift: TProtocolException: Invalid data

2026-07-07 22:03:43,672 [INFO] src.corpus_acquisition.metadata_extractor: Saved crawl log -> data/raw/crawl_logs/peru21_2022-10-05.json (status=failed)
2026-07-07 22:03:43,674 [ERROR] src.corpus_acquisition.downloader: Skipping peru21 on 2022-10-06 due to unrecoverable error: Could not open Parquet input source '<Buffer>': Couldn't deserialize thrift: TProtocolException: Invalid data

2026-07-07 22:03:43,675 [INFO] src.corpus_acquisition.metadata_extractor: Saved crawl log -> data/raw/crawl_logs/peru21_2022-10-06.json (status=failed)
2026-07-07 22:03:43,677 [ERROR] src.corpus_acquisition.downloader: Skipping peru21 on 2022-10-07 due to unrecoverable error: Could not open Parquet input source '<Buffer>': Couldn't deserialize thrift: TProtocolException: Invalid data

2026-07-07 22:03:43,678 [INFO] src.corpus_acquisition.metadata_extractor: Saved crawl log -> data/raw/crawl_logs/peru21_2022-10-07.json (status=failed)
2026-07-07 22:03:43,680 [ERROR] src.corpus_acquisition.downloader: Skipping peru21 on 2022-10-08 due to unrecoverable error: Could not open Parquet input source '<Buffer>': Couldn't deserialize thrift: TProtocolException: Invalid data

2026-07-07 22:03:43,681 [INFO] src.corpus_acquisition.metadata_extractor: Saved crawl log -> data/raw/crawl_logs/peru21_2022-10-08.json (status=failed)
2026-07-07 22:03:43,682 [ERROR] src.corpus_acquisition.downloader: Skipping peru21 on 2022-10-09 due to unrecoverable error: Could not open Parquet input source '<Buffer>': Couldn't deserialize thrift: TProtocolException: Invalid data

2026-07-07 22:03:43,684 [INFO] src.corpus_acquisition.metadata_extractor: Saved crawl log -> data/raw/crawl_logs/peru21_2022-10-09.json (status=failed)
2026-07-07 22:03:43,685 [ERROR] src.corpus_acquisition.downloader: Skipping peru21 on 2022-10-10 due to unrecoverable error: Could not open Parquet input source '<Buffer>': Couldn't deserialize thrift: TProtocolException: Invalid data

2026-07-07 22:03:43,687 [INFO] src.corpus_acquisition.metadata_extractor: Saved crawl log -> data/raw/crawl_logs/peru21_2022-10-10.json (status=failed)
2026-07-07 22:03:43,689 [ERROR] src.corpus_acquisition.downloader: Skipping peru21 on 2022-10-11 due to unrecoverable error: Could not open Parquet input source '<Buffer>': Couldn't deserialize thrift: TProtocolException: Invalid data

2026-07-07 22:03:43,692 [INFO] src.corpus_acquisition.metadata_extractor: Saved crawl log -> data/raw/crawl_logs/peru21_2022-10-11.json (status=failed)
2026-07-07 22:03:43,693 [ERROR] src.corpus_acquisition.downloader: Skipping peru21 on 2022-10-12 due to unrecoverable error: Could not open Parquet input source '<Buffer>': Couldn't deserialize thrift: TProtocolException: Invalid data

2026-07-07 22:03:43,695 [INFO] src.corpus_acquisition.metadata_extractor: Saved crawl log -> data/raw/crawl_logs/peru21_2022-10-12.json (status=failed)
2026-07-07 22:03:43,696 [ERROR] src.corpus_acquisition.downloader: Skipping peru21 on 2022-10-13 due to unrecoverable error: Could not open Parquet input source '<Buffer>': Couldn't deserialize thrift: TProtocolException: Invalid data

2026-07-07 22:03:43,698 [INFO] src.corpus_acquisition.metadata_extractor: Saved crawl log -> data/raw/crawl_logs/peru21_2022-10-13.json (status=failed)
2026-07-07 22:03:43,700 [ERROR] src.corpus_acquisition.downloader: Skipping peru21 on 2022-10-14 due to unrecoverable error: Could not open Parquet input source '<Buffer>': Couldn't deserialize thrift: TProtocolException: Invalid data

2026-07-07 22:03:43,701 [INFO] src.corpus_acquisition.metadata_extractor: Saved crawl log -> data/raw/crawl_logs/peru21_2022-10-14.json (status=failed)
2026-07-07 22:03:43,703 [ERROR] src.corpus_acquisition.downloader: Skipping peru21 on 2022-10-15 due to unrecoverable error: Could not open Parquet input source '<Buffer>': Couldn't deserialize thrift: TProtocolException: Invalid data

2026-07-07 22:03:43,705 [INFO] src.corpus_acquisition.metadata_extractor: Saved crawl log -> data/raw/crawl_logs/peru21_2022-10-15.json (status=failed)
2026-07-07 22:03:43,706 [ERROR] src.corpus_acquisition.downloader: Skipping peru21 on 2022-10-16 due to unrecoverable error: Could not open Parquet input source '<Buffer>': Couldn't deserialize thrift: TProtocolException: Invalid data

2026-07-07 22:03:43,708 [INFO] src.corpus_acquisition.metadata_extractor: Saved crawl log -> data/raw/crawl_logs/peru21_2022-10-16.json (status=failed)
2026-07-07 22:03:43,710 [ERROR] src.corpus_acquisition.downloader: Skipping peru21 on 2022-10-17 due to unrecoverable error: Could not open Parquet input source '<Buffer>': Couldn't deserialize thrift: TProtocolException: Invalid data

2026-07-07 22:03:43,712 [INFO] src.corpus_acquisition.metadata_extractor: Saved crawl log -> data/raw/crawl_logs/peru21_2022-10-17.json (status=failed)
2026-07-07 22:03:43,713 [ERROR] src.corpus_acquisition.downloader: Skipping peru21 on 2022-10-18 due to unrecoverable error: Could not open Parquet input source '<Buffer>': Couldn't deserialize thrift: TProtocolException: Invalid data

2026-07-07 22:03:43,715 [INFO] src.corpus_acquisition.metadata_extractor: Saved crawl log -> data/raw/crawl_logs/peru21_2022-10-18.json (status=failed)
2026-07-07 22:03:43,717 [ERROR] src.corpus_acquisition.downloader: Skipping peru21 on 2022-10-19 due to unrecoverable error: Could not open Parquet input source '<Buffer>': Couldn't deserialize thrift: TProtocolException: Invalid data

2026-07-07 22:03:43,718 [INFO] src.corpus_acquisition.metadata_extractor: Saved crawl log -> data/raw/crawl_logs/peru21_2022-10-19.json (status=failed)
2026-07-07 22:03:43,720 [ERROR] src.corpus_acquisition.downloader: Skipping peru21 on 2022-10-20 due to unrecoverable error: Could not open Parquet input source '<Buffer>': Couldn't deserialize thrift: TProtocolException: Invalid data

2026-07-07 22:03:43,721 [INFO] src.corpus_acquisition.metadata_extractor: Saved crawl log -> data/raw/crawl_logs/peru21_2022-10-20.json (status=failed)
2026-07-07 22:03:43,723 [ERROR] src.corpus_acquisition.downloader: Skipping peru21 on 2022-10-21 due to unrecoverable error: Could not open Parquet input source '<Buffer>': Couldn't deserialize thrift: TProtocolException: Invalid data

2026-07-07 22:03:43,725 [INFO] src.corpus_acquisition.metadata_extractor: Saved crawl log -> data/raw/crawl_logs/peru21_2022-10-21.json (status=failed)
2026-07-07 22:03:43,726 [ERROR] src.corpus_acquisition.downloader: Skipping peru21 on 2022-10-22 due to unrecoverable error: Could not open Parquet input source '<Buffer>': Couldn't deserialize thrift: TProtocolException: Invalid data

2026-07-07 22:03:43,728 [INFO] src.corpus_acquisition.metadata_extractor: Saved crawl log -> data/raw/crawl_logs/peru21_2022-10-22.json (status=failed)
2026-07-07 22:03:43,729 [ERROR] src.corpus_acquisition.downloader: Skipping peru21 on 2022-10-23 due to unrecoverable error: Could not open Parquet input source '<Buffer>': Couldn't deserialize thrift: TProtocolException: Invalid data

2026-07-07 22:03:43,730 [INFO] src.corpus_acquisition.metadata_extractor: Saved crawl log -> data/raw/crawl_logs/peru21_2022-10-23.json (status=failed)
2026-07-07 22:03:43,732 [ERROR] src.corpus_acquisition.downloader: Skipping peru21 on 2022-10-24 due to unrecoverable error: Could not open Parquet input source '<Buffer>': Couldn't deserialize thrift: TProtocolException: Invalid data

2026-07-07 22:03:43,733 [INFO] src.corpus_acquisition.metadata_extractor: Saved crawl log -> data/raw/crawl_logs/peru21_2022-10-24.json (status=failed)
2026-07-07 22:03:43,734 [ERROR] src.corpus_acquisition.downloader: Skipping peru21 on 2022-10-25 due to unrecoverable error: Could not open Parquet input source '<Buffer>': Couldn't deserialize thrift: TProtocolException: Invalid data

2026-07-07 22:03:43,736 [INFO] src.corpus_acquisition.metadata_extractor: Saved crawl log -> data/raw/crawl_logs/peru21_2022-10-25.json (status=failed)
2026-07-07 22:03:43,737 [ERROR] src.corpus_acquisition.downloader: Skipping peru21 on 2022-10-26 due to unrecoverable error: Could not open Parquet input source '<Buffer>': Couldn't deserialize thrift: TProtocolException: Invalid data

2026-07-07 22:03:43,739 [INFO] src.corpus_acquisition.metadata_extractor: Saved crawl log -> data/raw/crawl_logs/peru21_2022-10-26.json (status=failed)
2026-07-07 22:03:43,741 [ERROR] src.corpus_acquisition.downloader: Skipping peru21 on 2022-10-27 due to unrecoverable error: Could not open Parquet input source '<Buffer>': Couldn't deserialize thrift: TProtocolException: Invalid data

2026-07-07 22:03:43,742 [INFO] src.corpus_acquisition.metadata_extractor: Saved crawl log -> data/raw/crawl_logs/peru21_2022-10-27.json (status=failed)
2026-07-07 22:03:43,744 [ERROR] src.corpus_acquisition.downloader: Skipping peru21 on 2022-10-28 due to unrecoverable error: Could not open Parquet input source '<Buffer>': Couldn't deserialize thrift: TProtocolException: Invalid data

2026-07-07 22:03:43,745 [INFO] src.corpus_acquisition.metadata_extractor: Saved crawl log -> data/raw/crawl_logs/peru21_2022-10-28.json (status=failed)
2026-07-07 22:03:43,747 [ERROR] src.corpus_acquisition.downloader: Skipping peru21 on 2022-10-29 due to unrecoverable error: Could not open Parquet input source '<Buffer>': Couldn't deserialize thrift: TProtocolException: Invalid data

2026-07-07 22:03:43,749 [INFO] src.corpus_acquisition.metadata_extractor: Saved crawl log -> data/raw/crawl_logs/peru21_2022-10-29.json (status=failed)
2026-07-07 22:03:43,750 [ERROR] src.corpus_acquisition.downloader: Skipping peru21 on 2022-10-30 due to unrecoverable error: Could not open Parquet input source '<Buffer>': Couldn't deserialize thrift: TProtocolException: Invalid data

2026-07-07 22:03:43,751 [INFO] src.corpus_acquisition.metadata_extractor: Saved crawl log -> data/raw/crawl_logs/peru21_2022-10-30.json (status=failed)
2026-07-07 22:03:43,753 [ERROR] src.corpus_acquisition.downloader: Skipping peru21 on 2022-10-31 due to unrecoverable error: Could not open Parquet input source '<Buffer>': Couldn't deserialize thrift: TProtocolException: Invalid data

2026-07-07 22:03:43,754 [INFO] src.corpus_acquisition.metadata_extractor: Saved crawl log -> data/raw/crawl_logs/peru21_2022-10-31.json (status=failed)
2026-07-07 22:03:43,756 [ERROR] src.corpus_acquisition.downloader: Skipping peru21 on 2022-11-01 due to unrecoverable error: Could not open Parquet input source '<Buffer>': Couldn't deserialize thrift: TProtocolException: Invalid data

2026-07-07 22:03:43,757 [INFO] src.corpus_acquisition.metadata_extractor: Saved crawl log -> data/raw/crawl_logs/peru21_2022-11-01.json (status=failed)
2026-07-07 22:03:43,759 [ERROR] src.corpus_acquisition.downloader: Skipping peru21 on 2022-11-02 due to unrecoverable error: Could not open Parquet input source '<Buffer>': Couldn't deserialize thrift: TProtocolException: Invalid data

2026-07-07 22:03:43,760 [INFO] src.corpus_acquisition.metadata_extractor: Saved crawl log -> data/raw/crawl_logs/peru21_2022-11-02.json (status=failed)
2026-07-07 22:03:43,762 [ERROR] src.corpus_acquisition.downloader: Skipping peru21 on 2022-11-03 due to unrecoverable error: Could not open Parquet input source '<Buffer>': Couldn't deserialize thrift: TProtocolException: Invalid data

2026-07-07 22:03:43,763 [INFO] src.corpus_acquisition.metadata_extractor: Saved crawl log -> data/raw/crawl_logs/peru21_2022-11-03.json (status=failed)
2026-07-07 22:03:43,764 [ERROR] src.corpus_acquisition.downloader: Skipping peru21 on 2022-11-04 due to unrecoverable error: Could not open Parquet input source '<Buffer>': Couldn't deserialize thrift: TProtocolException: Invalid data

2026-07-07 22:03:43,766 [INFO] src.corpus_acquisition.metadata_extractor: Saved crawl log -> data/raw/crawl_logs/peru21_2022-11-04.json (status=failed)
2026-07-07 22:03:43,768 [ERROR] src.corpus_acquisition.downloader: Skipping peru21 on 2022-11-05 due to unrecoverable error: Could not open Parquet input source '<Buffer>': Couldn't deserialize thrift: TProtocolException: Invalid data

2026-07-07 22:03:43,770 [INFO] src.corpus_acquisition.metadata_extractor: Saved crawl log -> data/raw/crawl_logs/peru21_2022-11-05.json (status=failed)
2026-07-07 22:03:43,771 [ERROR] src.corpus_acquisition.downloader: Skipping peru21 on 2022-11-06 due to unrecoverable error: Could not open Parquet input source '<Buffer>': Couldn't deserialize thrift: TProtocolException: Invalid data

2026-07-07 22:03:43,773 [INFO] src.corpus_acquisition.metadata_extractor: Saved crawl log -> data/raw/crawl_logs/peru21_2022-11-06.json (status=failed)
2026-07-07 22:03:43,774 [ERROR] src.corpus_acquisition.downloader: Skipping peru21 on 2022-11-07 due to unrecoverable error: Could not open Parquet input source '<Buffer>': Couldn't deserialize thrift: TProtocolException: Invalid data

2026-07-07 22:03:43,776 [INFO] src.corpus_acquisition.metadata_extractor: Saved crawl log -> data/raw/crawl_logs/peru21_2022-11-07.json (status=failed)
2026-07-07 22:03:43,777 [ERROR] src.corpus_acquisition.downloader: Skipping peru21 on 2022-11-08 due to unrecoverable error: Could not open Parquet input source '<Buffer>': Couldn't deserialize thrift: TProtocolException: Invalid data

2026-07-07 22:03:43,779 [INFO] src.corpus_acquisition.metadata_extractor: Saved crawl log -> data/raw/crawl_logs/peru21_2022-11-08.json (status=failed)
2026-07-07 22:03:43,780 [ERROR] src.corpus_acquisition.downloader: Skipping peru21 on 2022-11-09 due to unrecoverable error: Could not open Parquet input source '<Buffer>': Couldn't deserialize thrift: TProtocolException: Invalid data

2026-07-07 22:03:43,782 [INFO] src.corpus_acquisition.metadata_extractor: Saved crawl log -> data/raw/crawl_logs/peru21_2022-11-09.json (status=failed)
2026-07-07 22:03:43,784 [ERROR] src.corpus_acquisition.downloader: Skipping peru21 on 2022-11-10 due to unrecoverable error: Could not open Parquet input source '<Buffer>': Couldn't deserialize thrift: TProtocolException: Invalid data

2026-07-07 22:03:43,786 [INFO] src.corpus_acquisition.metadata_extractor: Saved crawl log -> data/raw/crawl_logs/peru21_2022-11-10.json (status=failed)
2026-07-07 22:03:43,788 [ERROR] src.corpus_acquisition.downloader: Skipping peru21 on 2022-11-11 due to unrecoverable error: Could not open Parquet input source '<Buffer>': Couldn't deserialize thrift: TProtocolException: Invalid data

2026-07-07 22:03:43,790 [INFO] src.corpus_acquisition.metadata_extractor: Saved crawl log -> data/raw/crawl_logs/peru21_2022-11-11.json (status=failed)
2026-07-07 22:03:43,791 [ERROR] src.corpus_acquisition.downloader: Skipping peru21 on 2022-11-12 due to unrecoverable error: Could not open Parquet input source '<Buffer>': Couldn't deserialize thrift: TProtocolException: Invalid data

2026-07-07 22:03:43,793 [INFO] src.corpus_acquisition.metadata_extractor: Saved crawl log -> data/raw/crawl_logs/peru21_2022-11-12.json (status=failed)
2026-07-07 22:03:43,794 [ERROR] src.corpus_acquisition.downloader: Skipping peru21 on 2022-11-13 due to unrecoverable error: Could not open Parquet input source '<Buffer>': Couldn't deserialize thrift: TProtocolException: Invalid data

2026-07-07 22:03:43,796 [INFO] src.corpus_acquisition.metadata_extractor: Saved crawl log -> data/raw/crawl_logs/peru21_2022-11-13.json (status=failed)
2026-07-07 22:03:43,797 [ERROR] src.corpus_acquisition.downloader: Skipping peru21 on 2022-11-14 due to unrecoverable error: Could not open Parquet input source '<Buffer>': Couldn't deserialize thrift: TProtocolException: Invalid data

2026-07-07 22:03:43,799 [INFO] src.corpus_acquisition.metadata_extractor: Saved crawl log -> data/raw/crawl_logs/peru21_2022-11-14.json (status=failed)
2026-07-07 22:03:43,801 [ERROR] src.corpus_acquisition.downloader: Skipping peru21 on 2022-11-15 due to unrecoverable error: Could not open Parquet input source '<Buffer>': Couldn't deserialize thrift: TProtocolException: Invalid data

2026-07-07 22:03:43,802 [INFO] src.corpus_acquisition.metadata_extractor: Saved crawl log -> data/raw/crawl_logs/peru21_2022-11-15.json (status=failed)
2026-07-07 22:03:43,804 [ERROR] src.corpus_acquisition.downloader: Skipping peru21 on 2022-11-16 due to unrecoverable error: Could not open Parquet input source '<Buffer>': Couldn't deserialize thrift: TProtocolException: Invalid data

2026-07-07 22:03:43,805 [INFO] src.corpus_acquisition.metadata_extractor: Saved crawl log -> data/raw/crawl_logs/peru21_2022-11-16.json (status=failed)
2026-07-07 22:03:43,807 [ERROR] src.corpus_acquisition.downloader: Skipping peru21 on 2022-11-17 due to unrecoverable error: Could not open Parquet input source '<Buffer>': Couldn't deserialize thrift: TProtocolException: Invalid data

2026-07-07 22:03:43,809 [INFO] src.corpus_acquisition.metadata_extractor: Saved crawl log -> data/raw/crawl_logs/peru21_2022-11-17.json (status=failed)
2026-07-07 22:03:43,811 [ERROR] src.corpus_acquisition.downloader: Skipping peru21 on 2022-11-18 due to unrecoverable error: Could not open Parquet input source '<Buffer>': Couldn't deserialize thrift: TProtocolException: Invalid data

2026-07-07 22:03:43,812 [INFO] src.corpus_acquisition.metadata_extractor: Saved crawl log -> data/raw/crawl_logs/peru21_2022-11-18.json (status=failed)
2026-07-07 22:03:43,814 [ERROR] src.corpus_acquisition.downloader: Skipping peru21 on 2022-11-19 due to unrecoverable error: Could not open Parquet input source '<Buffer>': Couldn't deserialize thrift: TProtocolException: Invalid data

2026-07-07 22:03:43,815 [INFO] src.corpus_acquisition.metadata_extractor: Saved crawl log -> data/raw/crawl_logs/peru21_2022-11-19.json (status=failed)
2026-07-07 22:03:43,817 [ERROR] src.corpus_acquisition.downloader: Skipping peru21 on 2022-11-20 due to unrecoverable error: Could not open Parquet input source '<Buffer>': Couldn't deserialize thrift: TProtocolException: Invalid data

2026-07-07 22:03:43,818 [INFO] src.corpus_acquisition.metadata_extractor: Saved crawl log -> data/raw/crawl_logs/peru21_2022-11-20.json (status=failed)
2026-07-07 22:03:43,820 [ERROR] src.corpus_acquisition.downloader: Skipping peru21 on 2022-11-21 due to unrecoverable error: Could not open Parquet input source '<Buffer>': Couldn't deserialize thrift: TProtocolException: Invalid data

2026-07-07 22:03:43,822 [INFO] src.corpus_acquisition.metadata_extractor: Saved crawl log -> data/raw/crawl_logs/peru21_2022-11-21.json (status=failed)
2026-07-07 22:03:43,823 [ERROR] src.corpus_acquisition.downloader: Skipping peru21 on 2022-11-22 due to unrecoverable error: Could not open Parquet input source '<Buffer>': Couldn't deserialize thrift: TProtocolException: Invalid data

2026-07-07 22:03:43,825 [INFO] src.corpus_acquisition.metadata_extractor: Saved crawl log -> data/raw/crawl_logs/peru21_2022-11-22.json (status=failed)
2026-07-07 22:03:43,826 [ERROR] src.corpus_acquisition.downloader: Skipping peru21 on 2022-11-23 due to unrecoverable error: Could not open Parquet input source '<Buffer>': Couldn't deserialize thrift: TProtocolException: Invalid data

2026-07-07 22:03:43,828 [INFO] src.corpus_acquisition.metadata_extractor: Saved crawl log -> data/raw/crawl_logs/peru21_2022-11-23.json (status=failed)
2026-07-07 22:03:43,830 [ERROR] src.corpus_acquisition.downloader: Skipping peru21 on 2022-11-24 due to unrecoverable error: Could not open Parquet input source '<Buffer>': Couldn't deserialize thrift: TProtocolException: Invalid data

2026-07-07 22:03:43,832 [INFO] src.corpus_acquisition.metadata_extractor: Saved crawl log -> data/raw/crawl_logs/peru21_2022-11-24.json (status=failed)
2026-07-07 22:03:43,833 [ERROR] src.corpus_acquisition.downloader: Skipping peru21 on 2022-11-25 due to unrecoverable error: Could not open Parquet input source '<Buffer>': Couldn't deserialize thrift: TProtocolException: Invalid data

2026-07-07 22:03:43,835 [INFO] src.corpus_acquisition.metadata_extractor: Saved crawl log -> data/raw/crawl_logs/peru21_2022-11-25.json (status=failed)
2026-07-07 22:03:43,837 [ERROR] src.corpus_acquisition.downloader: Skipping peru21 on 2022-11-26 due to unrecoverable error: Could not open Parquet input source '<Buffer>': Couldn't deserialize thrift: TProtocolException: Invalid data

2026-07-07 22:03:43,838 [INFO] src.corpus_acquisition.metadata_extractor: Saved crawl log -> data/raw/crawl_logs/peru21_2022-11-26.json (status=failed)
2026-07-07 22:03:43,840 [ERROR] src.corpus_acquisition.downloader: Skipping peru21 on 2022-11-27 due to unrecoverable error: Could not open Parquet input source '<Buffer>': Couldn't deserialize thrift: TProtocolException: Invalid data

2026-07-07 22:03:43,842 [INFO] src.corpus_acquisition.metadata_extractor: Saved crawl log -> data/raw/crawl_logs/peru21_2022-11-27.json (status=failed)
2026-07-07 22:03:43,843 [ERROR] src.corpus_acquisition.downloader: Skipping peru21 on 2022-11-28 due to unrecoverable error: Could not open Parquet input source '<Buffer>': Couldn't deserialize thrift: TProtocolException: Invalid data

2026-07-07 22:03:43,845 [INFO] src.corpus_acquisition.metadata_extractor: Saved crawl log -> data/raw/crawl_logs/peru21_2022-11-28.json (status=failed)
2026-07-07 22:03:43,846 [ERROR] src.corpus_acquisition.downloader: Skipping peru21 on 2022-11-29 due to unrecoverable error: Could not open Parquet input source '<Buffer>': Couldn't deserialize thrift: TProtocolException: Invalid data

2026-07-07 22:03:43,848 [INFO] src.corpus_acquisition.metadata_extractor: Saved crawl log -> data/raw/crawl_logs/peru21_2022-11-29.json (status=failed)
2026-07-07 22:03:43,849 [ERROR] src.corpus_acquisition.downloader: Skipping peru21 on 2022-11-30 due to unrecoverable error: Could not open Parquet input source '<Buffer>': Couldn't deserialize thrift: TProtocolException: Invalid data

2026-07-07 22:03:43,851 [INFO] src.corpus_acquisition.metadata_extractor: Saved crawl log -> data/raw/crawl_logs/peru21_2022-11-30.json (status=failed)
2026-07-07 22:03:43,853 [ERROR] src.corpus_acquisition.downloader: Skipping peru21 on 2022-12-01 due to unrecoverable error: Could not open Parquet input source '<Buffer>': Couldn't deserialize thrift: TProtocolException: Invalid data

2026-07-07 22:03:43,854 [INFO] src.corpus_acquisition.metadata_extractor: Saved crawl log -> data/raw/crawl_logs/peru21_2022-12-01.json (status=failed)
2026-07-07 22:03:43,855 [ERROR] src.corpus_acquisition.downloader: Skipping peru21 on 2022-12-02 due to unrecoverable error: Could not open Parquet input source '<Buffer>': Couldn't deserialize thrift: TProtocolException: Invalid data

2026-07-07 22:03:43,860 [INFO] src.corpus_acquisition.metadata_extractor: Saved crawl log -> data/raw/crawl_logs/peru21_2022-12-02.json (status=failed)
2026-07-07 22:03:43,862 [ERROR] src.corpus_acquisition.downloader: Skipping peru21 on 2022-12-03 due to unrecoverable error: Could not open Parquet input source '<Buffer>': Couldn't deserialize thrift: TProtocolException: Invalid data

2026-07-07 22:03:43,863 [INFO] src.corpus_acquisition.metadata_extractor: Saved crawl log -> data/raw/crawl_logs/peru21_2022-12-03.json (status=failed)
2026-07-07 22:03:43,865 [ERROR] src.corpus_acquisition.downloader: Skipping peru21 on 2022-12-04 due to unrecoverable error: Could not open Parquet input source '<Buffer>': Couldn't deserialize thrift: TProtocolException: Invalid data

2026-07-07 22:03:43,866 [INFO] src.corpus_acquisition.metadata_extractor: Saved crawl log -> data/raw/crawl_logs/peru21_2022-12-04.json (status=failed)
2026-07-07 22:03:43,868 [ERROR] src.corpus_acquisition.downloader: Skipping peru21 on 2022-12-05 due to unrecoverable error: Could not open Parquet input source '<Buffer>': Couldn't deserialize thrift: TProtocolException: Invalid data

2026-07-07 22:03:43,869 [INFO] src.corpus_acquisition.metadata_extractor: Saved crawl log -> data/raw/crawl_logs/peru21_2022-12-05.json (status=failed)
2026-07-07 22:03:43,871 [ERROR] src.corpus_acquisition.downloader: Skipping peru21 on 2022-12-06 due to unrecoverable error: Could not open Parquet input source '<Buffer>': Couldn't deserialize thrift: TProtocolException: Invalid data

2026-07-07 22:03:43,873 [INFO] src.corpus_acquisition.metadata_extractor: Saved crawl log -> data/raw/crawl_logs/peru21_2022-12-06.json (status=failed)
2026-07-07 22:03:43,874 [ERROR] src.corpus_acquisition.downloader: Skipping peru21 on 2022-12-07 due to unrecoverable error: Could not open Parquet input source '<Buffer>': Couldn't deserialize thrift: TProtocolException: Invalid data

2026-07-07 22:03:43,876 [INFO] src.corpus_acquisition.metadata_extractor: Saved crawl log -> data/raw/crawl_logs/peru21_2022-12-07.json (status=failed)
2026-07-07 22:03:43,878 [ERROR] src.corpus_acquisition.downloader: Skipping peru21 on 2022-12-08 due to unrecoverable error: Could not open Parquet input source '<Buffer>': Couldn't deserialize thrift: TProtocolException: Invalid data

2026-07-07 22:03:43,879 [INFO] src.corpus_acquisition.metadata_extractor: Saved crawl log -> data/raw/crawl_logs/peru21_2022-12-08.json (status=failed)
2026-07-07 22:03:43,881 [ERROR] src.corpus_acquisition.downloader: Skipping peru21 on 2022-12-09 due to unrecoverable error: Could not open Parquet input source '<Buffer>': Couldn't deserialize thrift: TProtocolException: Invalid data

2026-07-07 22:03:43,882 [INFO] src.corpus_acquisition.metadata_extractor: Saved crawl log -> data/raw/crawl_logs/peru21_2022-12-09.json (status=failed)
2026-07-07 22:03:43,884 [ERROR] src.corpus_acquisition.downloader: Skipping peru21 on 2022-12-10 due to unrecoverable error: Could not open Parquet input source '<Buffer>': Couldn't deserialize thrift: TProtocolException: Invalid data

2026-07-07 22:03:43,886 [INFO] src.corpus_acquisition.metadata_extractor: Saved crawl log -> data/raw/crawl_logs/peru21_2022-12-10.json (status=failed)
2026-07-07 22:03:43,887 [ERROR] src.corpus_acquisition.downloader: Skipping peru21 on 2022-12-11 due to unrecoverable error: Could not open Parquet input source '<Buffer>': Couldn't deserialize thrift: TProtocolException: Invalid data

2026-07-07 22:03:43,889 [INFO] src.corpus_acquisition.metadata_extractor: Saved crawl log -> data/raw/crawl_logs/peru21_2022-12-11.json (status=failed)
2026-07-07 22:03:43,890 [ERROR] src.corpus_acquisition.downloader: Skipping peru21 on 2022-12-12 due to unrecoverable error: Could not open Parquet input source '<Buffer>': Couldn't deserialize thrift: TProtocolException: Invalid data

2026-07-07 22:03:43,892 [INFO] src.corpus_acquisition.metadata_extractor: Saved crawl log -> data/raw/crawl_logs/peru21_2022-12-12.json (status=failed)
2026-07-07 22:03:43,893 [ERROR] src.corpus_acquisition.downloader: Skipping peru21 on 2022-12-13 due to unrecoverable error: Could not open Parquet input source '<Buffer>': Couldn't deserialize thrift: TProtocolException: Invalid data

2026-07-07 22:03:43,895 [INFO] src.corpus_acquisition.metadata_extractor: Saved crawl log -> data/raw/crawl_logs/peru21_2022-12-13.json (status=failed)
2026-07-07 22:03:43,896 [ERROR] src.corpus_acquisition.downloader: Skipping peru21 on 2022-12-14 due to unrecoverable error: Could not open Parquet input source '<Buffer>': Couldn't deserialize thrift: TProtocolException: Invalid data

2026-07-07 22:03:43,898 [INFO] src.corpus_acquisition.metadata_extractor: Saved crawl log -> data/raw/crawl_logs/peru21_2022-12-14.json (status=failed)
2026-07-07 22:03:43,899 [ERROR] src.corpus_acquisition.downloader: Skipping peru21 on 2022-12-15 due to unrecoverable error: Could not open Parquet input source '<Buffer>': Couldn't deserialize thrift: TProtocolException: Invalid data

2026-07-07 22:03:43,901 [INFO] src.corpus_acquisition.metadata_extractor: Saved crawl log -> data/raw/crawl_logs/peru21_2022-12-15.json (status=failed)
2026-07-07 22:03:43,903 [ERROR] src.corpus_acquisition.downloader: Skipping peru21 on 2022-12-16 due to unrecoverable error: Could not open Parquet input source '<Buffer>': Couldn't deserialize thrift: TProtocolException: Invalid data

2026-07-07 22:03:43,905 [INFO] src.corpus_acquisition.metadata_extractor: Saved crawl log -> data/raw/crawl_logs/peru21_2022-12-16.json (status=failed)
2026-07-07 22:03:43,906 [ERROR] src.corpus_acquisition.downloader: Skipping peru21 on 2022-12-17 due to unrecoverable error: Could not open Parquet input source '<Buffer>': Couldn't deserialize thrift: TProtocolException: Invalid data

2026-07-07 22:03:43,908 [INFO] src.corpus_acquisition.metadata_extractor: Saved crawl log -> data/raw/crawl_logs/peru21_2022-12-17.json (status=failed)
2026-07-07 22:03:43,910 [ERROR] src.corpus_acquisition.downloader: Skipping peru21 on 2022-12-18 due to unrecoverable error: Could not open Parquet input source '<Buffer>': Couldn't deserialize thrift: TProtocolException: Invalid data

2026-07-07 22:03:43,911 [INFO] src.corpus_acquisition.metadata_extractor: Saved crawl log -> data/raw/crawl_logs/peru21_2022-12-18.json (status=failed)
2026-07-07 22:03:43,912 [ERROR] src.corpus_acquisition.downloader: Skipping peru21 on 2022-12-19 due to unrecoverable error: Could not open Parquet input source '<Buffer>': Couldn't deserialize thrift: TProtocolException: Invalid data

2026-07-07 22:03:43,914 [INFO] src.corpus_acquisition.metadata_extractor: Saved crawl log -> data/raw/crawl_logs/peru21_2022-12-19.json (status=failed)
2026-07-07 22:03:43,916 [ERROR] src.corpus_acquisition.downloader: Skipping peru21 on 2022-12-20 due to unrecoverable error: Could not open Parquet input source '<Buffer>': Couldn't deserialize thrift: TProtocolException: Invalid data

2026-07-07 22:03:43,917 [INFO] src.corpus_acquisition.metadata_extractor: Saved crawl log -> data/raw/crawl_logs/peru21_2022-12-20.json (status=failed)
2026-07-07 22:03:43,919 [ERROR] src.corpus_acquisition.downloader: Skipping peru21 on 2022-12-21 due to unrecoverable error: Could not open Parquet input source '<Buffer>': Couldn't deserialize thrift: TProtocolException: Invalid data

2026-07-07 22:03:43,920 [INFO] src.corpus_acquisition.metadata_extractor: Saved crawl log -> data/raw/crawl_logs/peru21_2022-12-21.json (status=failed)
2026-07-07 22:03:43,922 [ERROR] src.corpus_acquisition.downloader: Skipping peru21 on 2022-12-22 due to unrecoverable error: Could not open Parquet input source '<Buffer>': Couldn't deserialize thrift: TProtocolException: Invalid data

2026-07-07 22:03:43,923 [INFO] src.corpus_acquisition.metadata_extractor: Saved crawl log -> data/raw/crawl_logs/peru21_2022-12-22.json (status=failed)
2026-07-07 22:03:43,925 [ERROR] src.corpus_acquisition.downloader: Skipping peru21 on 2022-12-23 due to unrecoverable error: Could not open Parquet input source '<Buffer>': Couldn't deserialize thrift: TProtocolException: Invalid data

2026-07-07 22:03:43,927 [INFO] src.corpus_acquisition.metadata_extractor: Saved crawl log -> data/raw/crawl_logs/peru21_2022-12-23.json (status=failed)
2026-07-07 22:03:43,929 [ERROR] src.corpus_acquisition.downloader: Skipping peru21 on 2022-12-24 due to unrecoverable error: Could not open Parquet input source '<Buffer>': Couldn't deserialize thrift: TProtocolException: Invalid data

2026-07-07 22:03:43,931 [INFO] src.corpus_acquisition.metadata_extractor: Saved crawl log -> data/raw/crawl_logs/peru21_2022-12-24.json (status=failed)
2026-07-07 22:03:43,932 [ERROR] src.corpus_acquisition.downloader: Skipping peru21 on 2022-12-25 due to unrecoverable error: Could not open Parquet input source '<Buffer>': Couldn't deserialize thrift: TProtocolException: Invalid data

2026-07-07 22:03:43,933 [INFO] src.corpus_acquisition.metadata_extractor: Saved crawl log -> data/raw/crawl_logs/peru21_2022-12-25.json (status=failed)
2026-07-07 22:03:43,935 [ERROR] src.corpus_acquisition.downloader: Skipping peru21 on 2022-12-26 due to unrecoverable error: Could not open Parquet input source '<Buffer>': Couldn't deserialize thrift: TProtocolException: Invalid data

2026-07-07 22:03:43,936 [INFO] src.corpus_acquisition.metadata_extractor: Saved crawl log -> data/raw/crawl_logs/peru21_2022-12-26.json (status=failed)
2026-07-07 22:03:43,938 [ERROR] src.corpus_acquisition.downloader: Skipping peru21 on 2022-12-27 due to unrecoverable error: Could not open Parquet input source '<Buffer>': Couldn't deserialize thrift: TProtocolException: Invalid data

2026-07-07 22:03:43,940 [INFO] src.corpus_acquisition.metadata_extractor: Saved crawl log -> data/raw/crawl_logs/peru21_2022-12-27.json (status=failed)
2026-07-07 22:03:43,942 [ERROR] src.corpus_acquisition.downloader: Skipping peru21 on 2022-12-28 due to unrecoverable error: Could not open Parquet input source '<Buffer>': Couldn't deserialize thrift: TProtocolException: Invalid data

2026-07-07 22:03:43,944 [INFO] src.corpus_acquisition.metadata_extractor: Saved crawl log -> data/raw/crawl_logs/peru21_2022-12-28.json (status=failed)
2026-07-07 22:03:43,945 [ERROR] src.corpus_acquisition.downloader: Skipping peru21 on 2022-12-29 due to unrecoverable error: Could not open Parquet input source '<Buffer>': Couldn't deserialize thrift: TProtocolException: Invalid data

2026-07-07 22:03:43,947 [INFO] src.corpus_acquisition.metadata_extractor: Saved crawl log -> data/raw/crawl_logs/peru21_2022-12-29.json (status=failed)
2026-07-07 22:03:43,948 [ERROR] src.corpus_acquisition.downloader: Skipping peru21 on 2022-12-30 due to unrecoverable error: Could not open Parquet input source '<Buffer>': Couldn't deserialize thrift: TProtocolException: Invalid data

2026-07-07 22:03:43,950 [INFO] src.corpus_acquisition.metadata_extractor: Saved crawl log -> data/raw/crawl_logs/peru21_2022-12-30.json (status=failed)
2026-07-07 22:03:43,951 [ERROR] src.corpus_acquisition.downloader: Skipping peru21 on 2022-12-31 due to unrecoverable error: Could not open Parquet input source '<Buffer>': Couldn't deserialize thrift: TProtocolException: Invalid data

2026-07-07 22:03:43,953 [INFO] src.corpus_acquisition.metadata_extractor: Saved crawl log -> data/raw/crawl_logs/peru21_2022-12-31.json (status=failed)
2026-07-07 22:03:43,954 [ERROR] src.corpus_acquisition.downloader: Skipping peru21 on 2023-01-01 due to unrecoverable error: Could not open Parquet input source '<Buffer>': Couldn't deserialize thrift: TProtocolException: Invalid data

2026-07-07 22:03:43,956 [INFO] src.corpus_acquisition.metadata_extractor: Saved crawl log -> data/raw/crawl_logs/peru21_2023-01-01.json (status=failed)
2026-07-07 22:03:43,958 [ERROR] src.corpus_acquisition.downloader: Skipping peru21 on 2023-01-02 due to unrecoverable error: Could not open Parquet input source '<Buffer>': Couldn't deserialize thrift: TProtocolException: Invalid data

2026-07-07 22:03:43,959 [INFO] src.corpus_acquisition.metadata_extractor: Saved crawl log -> data/raw/crawl_logs/peru21_2023-01-02.json (status=failed)
2026-07-07 22:03:43,961 [ERROR] src.corpus_acquisition.downloader: Skipping peru21 on 2023-01-03 due to unrecoverable error: Could not open Parquet input source '<Buffer>': Couldn't deserialize thrift: TProtocolException: Invalid data

2026-07-07 22:03:43,962 [INFO] src.corpus_acquisition.metadata_extractor: Saved crawl log -> data/raw/crawl_logs/peru21_2023-01-03.json (status=failed)
2026-07-07 22:03:43,964 [ERROR] src.corpus_acquisition.downloader: Skipping peru21 on 2023-01-04 due to unrecoverable error: Could not open Parquet input source '<Buffer>': Couldn't deserialize thrift: TProtocolException: Invalid data

2026-07-07 22:03:43,965 [INFO] src.corpus_acquisition.metadata_extractor: Saved crawl log -> data/raw/crawl_logs/peru21_2023-01-04.json (status=failed)
2026-07-07 22:03:43,967 [ERROR] src.corpus_acquisition.downloader: Skipping peru21 on 2023-01-05 due to unrecoverable error: Could not open Parquet input source '<Buffer>': Couldn't deserialize thrift: TProtocolException: Invalid data

2026-07-07 22:03:43,968 [INFO] src.corpus_acquisition.metadata_extractor: Saved crawl log -> data/raw/crawl_logs/peru21_2023-01-05.json (status=failed)
2026-07-07 22:03:43,970 [ERROR] src.corpus_acquisition.downloader: Skipping peru21 on 2023-01-06 due to unrecoverable error: Could not open Parquet input source '<Buffer>': Couldn't deserialize thrift: TProtocolException: Invalid data

2026-07-07 22:03:43,971 [INFO] src.corpus_acquisition.metadata_extractor: Saved crawl log -> data/raw/crawl_logs/peru21_2023-01-06.json (status=failed)
2026-07-07 22:03:43,973 [ERROR] src.corpus_acquisition.downloader: Skipping peru21 on 2023-01-07 due to unrecoverable error: Could not open Parquet input source '<Buffer>': Couldn't deserialize thrift: TProtocolException: Invalid data

2026-07-07 22:03:43,975 [INFO] src.corpus_acquisition.metadata_extractor: Saved crawl log -> data/raw/crawl_logs/peru21_2023-01-07.json (status=failed)
2026-07-07 22:03:43,976 [ERROR] src.corpus_acquisition.downloader: Skipping peru21 on 2023-01-08 due to unrecoverable error: Could not open Parquet input source '<Buffer>': Couldn't deserialize thrift: TProtocolException: Invalid data

2026-07-07 22:03:43,978 [INFO] src.corpus_acquisition.metadata_extractor: Saved crawl log -> data/raw/crawl_logs/peru21_2023-01-08.json (status=failed)
2026-07-07 22:03:43,980 [ERROR] src.corpus_acquisition.downloader: Skipping peru21 on 2023-01-09 due to unrecoverable error: Could not open Parquet input source '<Buffer>': Couldn't deserialize thrift: TProtocolException: Invalid data

2026-07-07 22:03:43,982 [INFO] src.corpus_acquisition.metadata_extractor: Saved crawl log -> data/raw/crawl_logs/peru21_2023-01-09.json (status=failed)
2026-07-07 22:03:43,983 [ERROR] src.corpus_acquisition.downloader: Skipping peru21 on 2023-01-10 due to unrecoverable error: Could not open Parquet input source '<Buffer>': Couldn't deserialize thrift: TProtocolException: Invalid data

2026-07-07 22:03:43,985 [INFO] src.corpus_acquisition.metadata_extractor: Saved crawl log -> data/raw/crawl_logs/peru21_2023-01-10.json (status=failed)
2026-07-07 22:03:43,987 [ERROR] src.corpus_acquisition.downloader: Skipping peru21 on 2023-01-11 due to unrecoverable error: Could not open Parquet input source '<Buffer>': Couldn't deserialize thrift: TProtocolException: Invalid data

2026-07-07 22:03:43,989 [INFO] src.corpus_acquisition.metadata_extractor: Saved crawl log -> data/raw/crawl_logs/peru21_2023-01-11.json (status=failed)
2026-07-07 22:03:43,990 [ERROR] src.corpus_acquisition.downloader: Skipping peru21 on 2023-01-12 due to unrecoverable error: Could not open Parquet input source '<Buffer>': Couldn't deserialize thrift: TProtocolException: Invalid data

2026-07-07 22:03:43,992 [INFO] src.corpus_acquisition.metadata_extractor: Saved crawl log -> data/raw/crawl_logs/peru21_2023-01-12.json (status=failed)
2026-07-07 22:03:43,993 [ERROR] src.corpus_acquisition.downloader: Skipping peru21 on 2023-01-13 due to unrecoverable error: Could not open Parquet input source '<Buffer>': Couldn't deserialize thrift: TProtocolException: Invalid data

2026-07-07 22:03:43,995 [INFO] src.corpus_acquisition.metadata_extractor: Saved crawl log -> data/raw/crawl_logs/peru21_2023-01-13.json (status=failed)
2026-07-07 22:03:43,996 [ERROR] src.corpus_acquisition.downloader: Skipping peru21 on 2023-01-14 due to unrecoverable error: Could not open Parquet input source '<Buffer>': Couldn't deserialize thrift: TProtocolException: Invalid data

2026-07-07 22:03:43,998 [INFO] src.corpus_acquisition.metadata_extractor: Saved crawl log -> data/raw/crawl_logs/peru21_2023-01-14.json (status=failed)
2026-07-07 22:03:44,000 [ERROR] src.corpus_acquisition.downloader: Skipping peru21 on 2023-01-15 due to unrecoverable error: Could not open Parquet input source '<Buffer>': Couldn't deserialize thrift: TProtocolException: Invalid data

2026-07-07 22:03:44,002 [INFO] src.corpus_acquisition.metadata_extractor: Saved crawl log -> data/raw/crawl_logs/peru21_2023-01-15.json (status=failed)
2026-07-07 22:03:44,003 [ERROR] src.corpus_acquisition.downloader: Skipping peru21 on 2023-01-16 due to unrecoverable error: Could not open Parquet input source '<Buffer>': Couldn't deserialize thrift: TProtocolException: Invalid data

2026-07-07 22:03:44,005 [INFO] src.corpus_acquisition.metadata_extractor: Saved crawl log -> data/raw/crawl_logs/peru21_2023-01-16.json (status=failed)
2026-07-07 22:03:44,007 [ERROR] src.corpus_acquisition.downloader: Skipping peru21 on 2023-01-17 due to unrecoverable error: Could not open Parquet input source '<Buffer>': Couldn't deserialize thrift: TProtocolException: Invalid data

2026-07-07 22:03:44,009 [INFO] src.corpus_acquisition.metadata_extractor: Saved crawl log -> data/raw/crawl_logs/peru21_2023-01-17.json (status=failed)
2026-07-07 22:03:44,010 [ERROR] src.corpus_acquisition.downloader: Skipping peru21 on 2023-01-18 due to unrecoverable error: Could not open Parquet input source '<Buffer>': Couldn't deserialize thrift: TProtocolException: Invalid data

2026-07-07 22:03:44,012 [INFO] src.corpus_acquisition.metadata_extractor: Saved crawl log -> data/raw/crawl_logs/peru21_2023-01-18.json (status=failed)
2026-07-07 22:03:44,014 [ERROR] src.corpus_acquisition.downloader: Skipping peru21 on 2023-01-19 due to unrecoverable error: Could not open Parquet input source '<Buffer>': Couldn't deserialize thrift: TProtocolException: Invalid data

2026-07-07 22:03:44,015 [INFO] src.corpus_acquisition.metadata_extractor: Saved crawl log -> data/raw/crawl_logs/peru21_2023-01-19.json (status=failed)
2026-07-07 22:03:44,017 [ERROR] src.corpus_acquisition.downloader: Skipping peru21 on 2023-01-20 due to unrecoverable error: Could not open Parquet input source '<Buffer>': Couldn't deserialize thrift: TProtocolException: Invalid data

2026-07-07 22:03:44,019 [INFO] src.corpus_acquisition.metadata_extractor: Saved crawl log -> data/raw/crawl_logs/peru21_2023-01-20.json (status=failed)
2026-07-07 22:03:44,021 [ERROR] src.corpus_acquisition.downloader: Skipping peru21 on 2023-01-21 due to unrecoverable error: Could not open Parquet input source '<Buffer>': Couldn't deserialize thrift: TProtocolException: Invalid data

2026-07-07 22:03:44,022 [INFO] src.corpus_acquisition.metadata_extractor: Saved crawl log -> data/raw/crawl_logs/peru21_2023-01-21.json (status=failed)
2026-07-07 22:03:44,024 [ERROR] src.corpus_acquisition.downloader: Skipping peru21 on 2023-01-22 due to unrecoverable error: Could not open Parquet input source '<Buffer>': Couldn't deserialize thrift: TProtocolException: Invalid data

2026-07-07 22:03:44,026 [INFO] src.corpus_acquisition.metadata_extractor: Saved crawl log -> data/raw/crawl_logs/peru21_2023-01-22.json (status=failed)
2026-07-07 22:03:44,027 [ERROR] src.corpus_acquisition.downloader: Skipping peru21 on 2023-01-23 due to unrecoverable error: Could not open Parquet input source '<Buffer>': Couldn't deserialize thrift: TProtocolException: Invalid data

2026-07-07 22:03:44,029 [INFO] src.corpus_acquisition.metadata_extractor: Saved crawl log -> data/raw/crawl_logs/peru21_2023-01-23.json (status=failed)
2026-07-07 22:03:44,030 [ERROR] src.corpus_acquisition.downloader: Skipping peru21 on 2023-01-24 due to unrecoverable error: Could not open Parquet input source '<Buffer>': Couldn't deserialize thrift: TProtocolException: Invalid data

2026-07-07 22:03:44,032 [INFO] src.corpus_acquisition.metadata_extractor: Saved crawl log -> data/raw/crawl_logs/peru21_2023-01-24.json (status=failed)
2026-07-07 22:03:44,033 [ERROR] src.corpus_acquisition.downloader: Skipping peru21 on 2023-01-25 due to unrecoverable error: Could not open Parquet input source '<Buffer>': Couldn't deserialize thrift: TProtocolException: Invalid data

2026-07-07 22:03:44,035 [INFO] src.corpus_acquisition.metadata_extractor: Saved crawl log -> data/raw/crawl_logs/peru21_2023-01-25.json (status=failed)
2026-07-07 22:03:44,036 [ERROR] src.corpus_acquisition.downloader: Skipping peru21 on 2023-01-26 due to unrecoverable error: Could not open Parquet input source '<Buffer>': Couldn't deserialize thrift: TProtocolException: Invalid data

2026-07-07 22:03:44,038 [INFO] src.corpus_acquisition.metadata_extractor: Saved crawl log -> data/raw/crawl_logs/peru21_2023-01-26.json (status=failed)
2026-07-07 22:03:44,039 [ERROR] src.corpus_acquisition.downloader: Skipping peru21 on 2023-01-27 due to unrecoverable error: Could not open Parquet input source '<Buffer>': Couldn't deserialize thrift: TProtocolException: Invalid data

2026-07-07 22:03:44,041 [INFO] src.corpus_acquisition.metadata_extractor: Saved crawl log -> data/raw/crawl_logs/peru21_2023-01-27.json (status=failed)
2026-07-07 22:03:44,042 [ERROR] src.corpus_acquisition.downloader: Skipping peru21 on 2023-01-28 due to unrecoverable error: Could not open Parquet input source '<Buffer>': Couldn't deserialize thrift: TProtocolException: Invalid data

2026-07-07 22:03:44,044 [INFO] src.corpus_acquisition.metadata_extractor: Saved crawl log -> data/raw/crawl_logs/peru21_2023-01-28.json (status=failed)
2026-07-07 22:03:44,045 [ERROR] src.corpus_acquisition.downloader: Skipping peru21 on 2023-01-29 due to unrecoverable error: Could not open Parquet input source '<Buffer>': Couldn't deserialize thrift: TProtocolException: Invalid data

2026-07-07 22:03:44,046 [INFO] src.corpus_acquisition.metadata_extractor: Saved crawl log -> data/raw/crawl_logs/peru21_2023-01-29.json (status=failed)
2026-07-07 22:03:44,048 [ERROR] src.corpus_acquisition.downloader: Skipping peru21 on 2023-01-30 due to unrecoverable error: Could not open Parquet input source '<Buffer>': Couldn't deserialize thrift: TProtocolException: Invalid data

2026-07-07 22:03:44,050 [INFO] src.corpus_acquisition.metadata_extractor: Saved crawl log -> data/raw/crawl_logs/peru21_2023-01-30.json (status=failed)
2026-07-07 22:03:44,051 [ERROR] src.corpus_acquisition.downloader: Skipping peru21 on 2023-01-31 due to unrecoverable error: Could not open Parquet input source '<Buffer>': Couldn't deserialize thrift: TProtocolException: Invalid data

2026-07-07 22:03:44,053 [INFO] src.corpus_acquisition.metadata_extractor: Saved crawl log -> data/raw/crawl_logs/peru21_2023-01-31.json (status=failed)
2026-07-07 22:03:44,053 [INFO] __main__: Finished. Downloaded 1288 page(s) across the requested date range.
