2026-07-18 15:16:00,112 [INFO] __main__: Logging in to portal...
2026-07-18 15:16:00,112 [WARNING] __main__: PressReader login is currently disabled. Proceeding without login.
2026-07-18 15:16:00,115 [INFO] src.corpus_acquisition.downloader: Skipping trome on 2023-11-29: already crawled successfully.
2026-07-18 15:16:00,863 [INFO] src.corpus_acquisition.downloader: Page 1 already downloaded, skipping.
2026-07-18 15:16:00,864 [INFO] src.corpus_acquisition.downloader: Page 2 already downloaded, skipping.
2026-07-18 15:16:00,864 [INFO] src.corpus_acquisition.downloader: Page 3 already downloaded, skipping.
2026-07-18 15:16:00,865 [INFO] src.corpus_acquisition.downloader: Page 4 already downloaded, skipping.
2026-07-18 15:16:00,865 [INFO] src.corpus_acquisition.downloader: Downloading page 5 from https://t.prcdn.co/img?file=eag82023113000000000001001&page=5&scale=80
2026-07-18 15:16:00,865 [INFO] src.corpus_acquisition.crawler: Downloading -> data/raw/images/trome/2023/11/30/trome_2023-11-30_5.jpg
2026-07-18 15:16:01,497 [WARNING] src.corpus_acquisition.downloader: Rate-limited (403) on page 5 for trome on 2023-11-30; skipping page.
2026-07-18 15:16:01,497 [INFO] src.corpus_acquisition.downloader: Downloading page 6 from https://t.prcdn.co/img?file=eag82023113000000000001001&page=6&scale=80
2026-07-18 15:16:01,498 [INFO] src.corpus_acquisition.crawler: Downloading -> data/raw/images/trome/2023/11/30/trome_2023-11-30_6.jpg
2026-07-18 15:16:01,711 [WARNING] src.corpus_acquisition.downloader: Rate-limited (403) on page 6 for trome on 2023-11-30; skipping page.
2026-07-18 15:16:01,711 [INFO] src.corpus_acquisition.downloader: Page 7 already downloaded, skipping.
2026-07-18 15:16:01,711 [INFO] src.corpus_acquisition.downloader: Page 8 already downloaded, skipping.
2026-07-18 15:16:01,711 [INFO] src.corpus_acquisition.downloader: Page 9 already downloaded, skipping.
2026-07-18 15:16:01,711 [INFO] src.corpus_acquisition.downloader: Page 10 already downloaded, skipping.
2026-07-18 15:16:01,711 [INFO] src.corpus_acquisition.downloader: Page 11 already downloaded, skipping.
2026-07-18 15:16:01,711 [INFO] src.corpus_acquisition.downloader: Page 12 already downloaded, skipping.
2026-07-18 15:16:01,711 [INFO] src.corpus_acquisition.downloader: Page 13 already downloaded, skipping.
2026-07-18 15:16:01,711 [INFO] src.corpus_acquisition.downloader: Page 14 already downloaded, skipping.
2026-07-18 15:16:01,711 [INFO] src.corpus_acquisition.downloader: Page 15 already downloaded, skipping.
2026-07-18 15:16:01,711 [INFO] src.corpus_acquisition.downloader: Page 16 already downloaded, skipping.
2026-07-18 15:16:01,711 [INFO] src.corpus_acquisition.downloader: Page 17 already downloaded, skipping.
2026-07-18 15:16:01,711 [INFO] src.corpus_acquisition.downloader: Page 18 already downloaded, skipping.
2026-07-18 15:16:01,711 [INFO] src.corpus_acquisition.downloader: Page 19 already downloaded, skipping.
2026-07-18 15:16:01,711 [INFO] src.corpus_acquisition.downloader: Page 20 already downloaded, skipping.
2026-07-18 15:16:01,712 [INFO] src.corpus_acquisition.downloader: Page 21 already downloaded, skipping.
2026-07-18 15:16:01,712 [INFO] src.corpus_acquisition.downloader: Page 22 already downloaded, skipping.
2026-07-18 15:16:01,712 [INFO] src.corpus_acquisition.downloader: Downloading page 23 from https://t.prcdn.co/img?file=eag82023113000000000001001&page=23&scale=80
2026-07-18 15:16:01,712 [INFO] src.corpus_acquisition.crawler: Downloading -> data/raw/images/trome/2023/11/30/trome_2023-11-30_23.jpg
2026-07-18 15:16:01,865 [WARNING] src.corpus_acquisition.downloader: Rate-limited (403) on page 23 for trome on 2023-11-30; skipping page.
2026-07-18 15:16:01,865 [INFO] src.corpus_acquisition.downloader: Downloading page 24 from https://t.prcdn.co/img?file=eag82023113000000000001001&page=24&scale=80
2026-07-18 15:16:01,865 [INFO] src.corpus_acquisition.crawler: Downloading -> data/raw/images/trome/2023/11/30/trome_2023-11-30_24.jpg
2026-07-18 15:16:01,991 [WARNING] src.corpus_acquisition.downloader: Rate-limited (403) on page 24 for trome on 2023-11-30; skipping page.
2026-07-18 15:16:01,991 [INFO] src.corpus_acquisition.downloader: Page 25 already downloaded, skipping.
2026-07-18 15:16:01,991 [INFO] src.corpus_acquisition.downloader: Page 26 already downloaded, skipping.
2026-07-18 15:16:01,992 [INFO] src.corpus_acquisition.downloader: Page 27 already downloaded, skipping.
2026-07-18 15:16:01,992 [INFO] src.corpus_acquisition.downloader: Page 28 already downloaded, skipping.
2026-07-18 15:16:01,992 [INFO] src.corpus_acquisition.downloader: Downloading page 29 from https://t.prcdn.co/img?file=eag82023113000000000001001&page=29&scale=80
2026-07-18 15:16:01,992 [INFO] src.corpus_acquisition.crawler: Downloading -> data/raw/images/trome/2023/11/30/trome_2023-11-30_29.jpg
2026-07-18 15:16:02,257 [WARNING] src.corpus_acquisition.downloader: Page 29 not found (1/3).
2026-07-18 15:16:02,257 [INFO] src.corpus_acquisition.downloader: Downloading page 30 from https://t.prcdn.co/img?file=eag82023113000000000001001&page=30&scale=80
2026-07-18 15:16:02,258 [INFO] src.corpus_acquisition.crawler: Downloading -> data/raw/images/trome/2023/11/30/trome_2023-11-30_30.jpg
2026-07-18 15:16:02,497 [WARNING] src.corpus_acquisition.downloader: Page 30 not found (2/3).
2026-07-18 15:16:02,498 [INFO] src.corpus_acquisition.downloader: Downloading page 31 from https://t.prcdn.co/img?file=eag82023113000000000001001&page=31&scale=80
2026-07-18 15:16:02,498 [INFO] src.corpus_acquisition.crawler: Downloading -> data/raw/images/trome/2023/11/30/trome_2023-11-30_31.jpg
2026-07-18 15:16:02,709 [WARNING] src.corpus_acquisition.downloader: Page 31 not found (3/3).
2026-07-18 15:16:02,709 [WARNING] src.corpus_acquisition.downloader: No new pages found after 3 attempts; stopping with 0 page(s).
2026-07-18 15:16:02,711 [INFO] src.corpus_acquisition.metadata_extractor: Saved crawl log -> data/raw/crawl_logs/trome_2023-11-30.json (status=failed)
2026-07-18 15:16:03,854 [INFO] src.corpus_acquisition.downloader: Skipping trome on 2023-12-01: already crawled successfully.
2026-07-18 15:16:03,875 [INFO] src.corpus_acquisition.downloader: Page 1 already downloaded, skipping.
2026-07-18 15:16:03,876 [INFO] src.corpus_acquisition.downloader: Page 2 already downloaded, skipping.
2026-07-18 15:16:03,876 [INFO] src.corpus_acquisition.downloader: Page 3 already downloaded, skipping.
2026-07-18 15:16:03,876 [INFO] src.corpus_acquisition.downloader: Page 4 already downloaded, skipping.
2026-07-18 15:16:03,876 [INFO] src.corpus_acquisition.downloader: Page 5 already downloaded, skipping.
2026-07-18 15:16:03,877 [INFO] src.corpus_acquisition.downloader: Page 6 already downloaded, skipping.
2026-07-18 15:16:03,877 [INFO] src.corpus_acquisition.downloader: Page 7 already downloaded, skipping.
2026-07-18 15:16:03,877 [INFO] src.corpus_acquisition.downloader: Page 8 already downloaded, skipping.
2026-07-18 15:16:03,877 [INFO] src.corpus_acquisition.downloader: Page 9 already downloaded, skipping.
2026-07-18 15:16:03,878 [INFO] src.corpus_acquisition.downloader: Page 10 already downloaded, skipping.
2026-07-18 15:16:03,878 [INFO] src.corpus_acquisition.downloader: Downloading page 11 from https://t.prcdn.co/img?file=eag82023120200000000001001&page=11&scale=80
2026-07-18 15:16:03,878 [INFO] src.corpus_acquisition.crawler: Downloading -> data/raw/images/trome/2023/12/02/trome_2023-12-02_11.jpg
2026-07-18 15:16:06,692 [INFO] src.corpus_acquisition.downloader: Downloading page 12 from https://t.prcdn.co/img?file=eag82023120200000000001001&page=12&scale=80
2026-07-18 15:16:06,692 [INFO] src.corpus_acquisition.crawler: Downloading -> data/raw/images/trome/2023/12/02/trome_2023-12-02_12.jpg
2026-07-18 15:16:09,606 [INFO] src.corpus_acquisition.downloader: Downloading page 13 from https://t.prcdn.co/img?file=eag82023120200000000001001&page=13&scale=80
2026-07-18 15:16:09,607 [INFO] src.corpus_acquisition.crawler: Downloading -> data/raw/images/trome/2023/12/02/trome_2023-12-02_13.jpg
2026-07-18 15:16:12,352 [INFO] src.corpus_acquisition.downloader: Downloading page 14 from https://t.prcdn.co/img?file=eag82023120200000000001001&page=14&scale=80
2026-07-18 15:16:12,353 [INFO] src.corpus_acquisition.crawler: Downloading -> data/raw/images/trome/2023/12/02/trome_2023-12-02_14.jpg
2026-07-18 15:16:15,016 [INFO] src.corpus_acquisition.downloader: Downloading page 15 from https://t.prcdn.co/img?file=eag82023120200000000001001&page=15&scale=80
2026-07-18 15:16:15,017 [INFO] src.corpus_acquisition.crawler: Downloading -> data/raw/images/trome/2023/12/02/trome_2023-12-02_15.jpg
2026-07-18 15:16:18,234 [INFO] src.corpus_acquisition.downloader: Downloading page 16 from https://t.prcdn.co/img?file=eag82023120200000000001001&page=16&scale=80
2026-07-18 15:16:18,235 [INFO] src.corpus_acquisition.crawler: Downloading -> data/raw/images/trome/2023/12/02/trome_2023-12-02_16.jpg
2026-07-18 15:16:20,758 [INFO] src.corpus_acquisition.downloader: Downloading page 17 from https://t.prcdn.co/img?file=eag82023120200000000001001&page=17&scale=80
2026-07-18 15:16:20,758 [INFO] src.corpus_acquisition.crawler: Downloading -> data/raw/images/trome/2023/12/02/trome_2023-12-02_17.jpg
2026-07-18 15:16:23,789 [INFO] src.corpus_acquisition.downloader: Downloading page 18 from https://t.prcdn.co/img?file=eag82023120200000000001001&page=18&scale=80
2026-07-18 15:16:23,790 [INFO] src.corpus_acquisition.crawler: Downloading -> data/raw/images/trome/2023/12/02/trome_2023-12-02_18.jpg
2026-07-18 15:16:26,885 [INFO] src.corpus_acquisition.downloader: Downloading page 19 from https://t.prcdn.co/img?file=eag82023120200000000001001&page=19&scale=80
2026-07-18 15:16:26,886 [INFO] src.corpus_acquisition.crawler: Downloading -> data/raw/images/trome/2023/12/02/trome_2023-12-02_19.jpg
2026-07-18 15:16:29,447 [INFO] src.corpus_acquisition.downloader: Downloading page 20 from https://t.prcdn.co/img?file=eag82023120200000000001001&page=20&scale=80
2026-07-18 15:16:29,448 [INFO] src.corpus_acquisition.crawler: Downloading -> data/raw/images/trome/2023/12/02/trome_2023-12-02_20.jpg
2026-07-18 15:16:33,408 [INFO] src.corpus_acquisition.downloader: Downloading page 21 from https://t.prcdn.co/img?file=eag82023120200000000001001&page=21&scale=80
2026-07-18 15:16:33,409 [INFO] src.corpus_acquisition.crawler: Downloading -> data/raw/images/trome/2023/12/02/trome_2023-12-02_21.jpg
2026-07-18 15:16:36,250 [INFO] src.corpus_acquisition.downloader: Downloading page 22 from https://t.prcdn.co/img?file=eag82023120200000000001001&page=22&scale=80
2026-07-18 15:16:36,250 [INFO] src.corpus_acquisition.crawler: Downloading -> data/raw/images/trome/2023/12/02/trome_2023-12-02_22.jpg
2026-07-18 15:16:38,328 [INFO] src.corpus_acquisition.downloader: Downloading page 23 from https://t.prcdn.co/img?file=eag82023120200000000001001&page=23&scale=80
2026-07-18 15:16:38,328 [INFO] src.corpus_acquisition.crawler: Downloading -> data/raw/images/trome/2023/12/02/trome_2023-12-02_23.jpg
2026-07-18 15:16:40,880 [INFO] src.corpus_acquisition.downloader: Downloading page 24 from https://t.prcdn.co/img?file=eag82023120200000000001001&page=24&scale=80
2026-07-18 15:16:40,880 [INFO] src.corpus_acquisition.crawler: Downloading -> data/raw/images/trome/2023/12/02/trome_2023-12-02_24.jpg
2026-07-18 15:16:42,944 [INFO] src.corpus_acquisition.downloader: Downloading page 25 from https://t.prcdn.co/img?file=eag82023120200000000001001&page=25&scale=80
2026-07-18 15:16:42,944 [INFO] src.corpus_acquisition.crawler: Downloading -> data/raw/images/trome/2023/12/02/trome_2023-12-02_25.jpg
2026-07-18 15:16:43,207 [WARNING] src.corpus_acquisition.downloader: Page 25 not found (1/3).
2026-07-18 15:16:43,207 [INFO] src.corpus_acquisition.downloader: Downloading page 26 from https://t.prcdn.co/img?file=eag82023120200000000001001&page=26&scale=80
2026-07-18 15:16:43,207 [INFO] src.corpus_acquisition.crawler: Downloading -> data/raw/images/trome/2023/12/02/trome_2023-12-02_26.jpg
2026-07-18 15:16:43,468 [WARNING] src.corpus_acquisition.downloader: Page 26 not found (2/3).
2026-07-18 15:16:43,468 [INFO] src.corpus_acquisition.downloader: Downloading page 27 from https://t.prcdn.co/img?file=eag82023120200000000001001&page=27&scale=80
2026-07-18 15:16:43,469 [INFO] src.corpus_acquisition.crawler: Downloading -> data/raw/images/trome/2023/12/02/trome_2023-12-02_27.jpg
2026-07-18 15:16:43,700 [WARNING] src.corpus_acquisition.downloader: Page 27 not found (3/3).
2026-07-18 15:16:43,700 [WARNING] src.corpus_acquisition.downloader: No new pages found after 3 attempts; stopping with 14 page(s).
2026-07-18 15:16:43,748 [INFO] src.corpus_acquisition.metadata_extractor: Saved metadata for 14 page(s) -> data/raw/metadata/trome_metadata.parquet (total rows: 35984)
2026-07-18 15:16:43,750 [INFO] src.corpus_acquisition.metadata_extractor: Saved crawl log -> data/raw/crawl_logs/trome_2023-12-02.json (status=success)
2026-07-18 15:16:44,637 [INFO] src.corpus_acquisition.downloader: Downloading page 1 from https://t.prcdn.co/img?file=eag82023120300000000001001&page=1&scale=80
2026-07-18 15:16:44,638 [INFO] src.corpus_acquisition.crawler: Downloading -> data/raw/images/trome/2023/12/03/trome_2023-12-03_1.jpg
2026-07-18 15:16:48,047 [INFO] src.corpus_acquisition.downloader: Downloading page 2 from https://t.prcdn.co/img?file=eag82023120300000000001001&page=2&scale=80
2026-07-18 15:16:48,047 [INFO] src.corpus_acquisition.crawler: Downloading -> data/raw/images/trome/2023/12/03/trome_2023-12-03_2.jpg
2026-07-18 15:16:51,501 [INFO] src.corpus_acquisition.downloader: Downloading page 3 from https://t.prcdn.co/img?file=eag82023120300000000001001&page=3&scale=80
2026-07-18 15:16:51,502 [INFO] src.corpus_acquisition.crawler: Downloading -> data/raw/images/trome/2023/12/03/trome_2023-12-03_3.jpg
2026-07-18 15:16:54,126 [INFO] src.corpus_acquisition.downloader: Downloading page 4 from https://t.prcdn.co/img?file=eag82023120300000000001001&page=4&scale=80
2026-07-18 15:16:54,126 [INFO] src.corpus_acquisition.crawler: Downloading -> data/raw/images/trome/2023/12/03/trome_2023-12-03_4.jpg
2026-07-18 15:16:57,198 [INFO] src.corpus_acquisition.downloader: Downloading page 5 from https://t.prcdn.co/img?file=eag82023120300000000001001&page=5&scale=80
2026-07-18 15:16:57,199 [INFO] src.corpus_acquisition.crawler: Downloading -> data/raw/images/trome/2023/12/03/trome_2023-12-03_5.jpg
2026-07-18 15:16:59,701 [INFO] src.corpus_acquisition.downloader: Downloading page 6 from https://t.prcdn.co/img?file=eag82023120300000000001001&page=6&scale=80
2026-07-18 15:16:59,701 [INFO] src.corpus_acquisition.crawler: Downloading -> data/raw/images/trome/2023/12/03/trome_2023-12-03_6.jpg
2026-07-18 15:17:02,511 [INFO] src.corpus_acquisition.downloader: Downloading page 7 from https://t.prcdn.co/img?file=eag82023120300000000001001&page=7&scale=80
2026-07-18 15:17:02,511 [INFO] src.corpus_acquisition.crawler: Downloading -> data/raw/images/trome/2023/12/03/trome_2023-12-03_7.jpg
2026-07-18 15:17:04,859 [INFO] src.corpus_acquisition.downloader: Downloading page 8 from https://t.prcdn.co/img?file=eag82023120300000000001001&page=8&scale=80
2026-07-18 15:17:04,859 [INFO] src.corpus_acquisition.crawler: Downloading -> data/raw/images/trome/2023/12/03/trome_2023-12-03_8.jpg
2026-07-18 15:17:07,567 [INFO] src.corpus_acquisition.downloader: Downloading page 9 from https://t.prcdn.co/img?file=eag82023120300000000001001&page=9&scale=80
2026-07-18 15:17:07,567 [INFO] src.corpus_acquisition.crawler: Downloading -> data/raw/images/trome/2023/12/03/trome_2023-12-03_9.jpg
2026-07-18 15:17:10,987 [INFO] src.corpus_acquisition.downloader: Downloading page 10 from https://t.prcdn.co/img?file=eag82023120300000000001001&page=10&scale=80
2026-07-18 15:17:10,988 [INFO] src.corpus_acquisition.crawler: Downloading -> data/raw/images/trome/2023/12/03/trome_2023-12-03_10.jpg
2026-07-18 15:17:13,062 [INFO] src.corpus_acquisition.downloader: Downloading page 11 from https://t.prcdn.co/img?file=eag82023120300000000001001&page=11&scale=80
2026-07-18 15:17:13,063 [INFO] src.corpus_acquisition.crawler: Downloading -> data/raw/images/trome/2023/12/03/trome_2023-12-03_11.jpg
2026-07-18 15:17:15,314 [INFO] src.corpus_acquisition.downloader: Downloading page 12 from https://t.prcdn.co/img?file=eag82023120300000000001001&page=12&scale=80
2026-07-18 15:17:15,315 [INFO] src.corpus_acquisition.crawler: Downloading -> data/raw/images/trome/2023/12/03/trome_2023-12-03_12.jpg
2026-07-18 15:17:19,314 [INFO] src.corpus_acquisition.downloader: Downloading page 13 from https://t.prcdn.co/img?file=eag82023120300000000001001&page=13&scale=80
2026-07-18 15:17:19,314 [INFO] src.corpus_acquisition.crawler: Downloading -> data/raw/images/trome/2023/12/03/trome_2023-12-03_13.jpg
2026-07-18 15:17:21,895 [INFO] src.corpus_acquisition.downloader: Downloading page 14 from https://t.prcdn.co/img?file=eag82023120300000000001001&page=14&scale=80
2026-07-18 15:17:21,895 [INFO] src.corpus_acquisition.crawler: Downloading -> data/raw/images/trome/2023/12/03/trome_2023-12-03_14.jpg
2026-07-18 15:17:24,982 [INFO] src.corpus_acquisition.downloader: Downloading page 15 from https://t.prcdn.co/img?file=eag82023120300000000001001&page=15&scale=80
2026-07-18 15:17:24,983 [INFO] src.corpus_acquisition.crawler: Downloading -> data/raw/images/trome/2023/12/03/trome_2023-12-03_15.jpg
2026-07-18 15:17:28,009 [INFO] src.corpus_acquisition.downloader: Downloading page 16 from https://t.prcdn.co/img?file=eag82023120300000000001001&page=16&scale=80
2026-07-18 15:17:28,009 [INFO] src.corpus_acquisition.crawler: Downloading -> data/raw/images/trome/2023/12/03/trome_2023-12-03_16.jpg
2026-07-18 15:17:30,494 [INFO] src.corpus_acquisition.downloader: Downloading page 17 from https://t.prcdn.co/img?file=eag82023120300000000001001&page=17&scale=80
2026-07-18 15:17:30,494 [INFO] src.corpus_acquisition.crawler: Downloading -> data/raw/images/trome/2023/12/03/trome_2023-12-03_17.jpg
2026-07-18 15:17:32,792 [INFO] src.corpus_acquisition.downloader: Downloading page 18 from https://t.prcdn.co/img?file=eag82023120300000000001001&page=18&scale=80
2026-07-18 15:17:32,792 [INFO] src.corpus_acquisition.crawler: Downloading -> data/raw/images/trome/2023/12/03/trome_2023-12-03_18.jpg
2026-07-18 15:17:35,456 [INFO] src.corpus_acquisition.downloader: Downloading page 19 from https://t.prcdn.co/img?file=eag82023120300000000001001&page=19&scale=80
2026-07-18 15:17:35,456 [INFO] src.corpus_acquisition.crawler: Downloading -> data/raw/images/trome/2023/12/03/trome_2023-12-03_19.jpg
2026-07-18 15:17:38,687 [INFO] src.corpus_acquisition.downloader: Downloading page 20 from https://t.prcdn.co/img?file=eag82023120300000000001001&page=20&scale=80
2026-07-18 15:17:38,687 [INFO] src.corpus_acquisition.crawler: Downloading -> data/raw/images/trome/2023/12/03/trome_2023-12-03_20.jpg
2026-07-18 15:17:41,225 [INFO] src.corpus_acquisition.downloader: Downloading page 21 from https://t.prcdn.co/img?file=eag82023120300000000001001&page=21&scale=80
2026-07-18 15:17:41,226 [INFO] src.corpus_acquisition.crawler: Downloading -> data/raw/images/trome/2023/12/03/trome_2023-12-03_21.jpg
2026-07-18 15:17:44,419 [INFO] src.corpus_acquisition.downloader: Downloading page 22 from https://t.prcdn.co/img?file=eag82023120300000000001001&page=22&scale=80
2026-07-18 15:17:44,419 [INFO] src.corpus_acquisition.crawler: Downloading -> data/raw/images/trome/2023/12/03/trome_2023-12-03_22.jpg
2026-07-18 15:17:47,640 [INFO] src.corpus_acquisition.downloader: Downloading page 23 from https://t.prcdn.co/img?file=eag82023120300000000001001&page=23&scale=80
2026-07-18 15:17:47,640 [INFO] src.corpus_acquisition.crawler: Downloading -> data/raw/images/trome/2023/12/03/trome_2023-12-03_23.jpg
2026-07-18 15:17:51,012 [INFO] src.corpus_acquisition.downloader: Downloading page 24 from https://t.prcdn.co/img?file=eag82023120300000000001001&page=24&scale=80
2026-07-18 15:17:51,012 [INFO] src.corpus_acquisition.crawler: Downloading -> data/raw/images/trome/2023/12/03/trome_2023-12-03_24.jpg
2026-07-18 15:17:54,462 [INFO] src.corpus_acquisition.downloader: Downloading page 25 from https://t.prcdn.co/img?file=eag82023120300000000001001&page=25&scale=80
2026-07-18 15:17:54,463 [INFO] src.corpus_acquisition.crawler: Downloading -> data/raw/images/trome/2023/12/03/trome_2023-12-03_25.jpg
2026-07-18 15:17:56,913 [INFO] src.corpus_acquisition.downloader: Downloading page 26 from https://t.prcdn.co/img?file=eag82023120300000000001001&page=26&scale=80
2026-07-18 15:17:56,914 [INFO] src.corpus_acquisition.crawler: Downloading -> data/raw/images/trome/2023/12/03/trome_2023-12-03_26.jpg
2026-07-18 15:17:59,713 [INFO] src.corpus_acquisition.downloader: Downloading page 27 from https://t.prcdn.co/img?file=eag82023120300000000001001&page=27&scale=80
2026-07-18 15:17:59,713 [INFO] src.corpus_acquisition.crawler: Downloading -> data/raw/images/trome/2023/12/03/trome_2023-12-03_27.jpg
2026-07-18 15:18:01,909 [INFO] src.corpus_acquisition.downloader: Downloading page 28 from https://t.prcdn.co/img?file=eag82023120300000000001001&page=28&scale=80
2026-07-18 15:18:01,910 [INFO] src.corpus_acquisition.crawler: Downloading -> data/raw/images/trome/2023/12/03/trome_2023-12-03_28.jpg
2026-07-18 15:18:04,287 [INFO] src.corpus_acquisition.downloader: Downloading page 29 from https://t.prcdn.co/img?file=eag82023120300000000001001&page=29&scale=80
2026-07-18 15:18:04,287 [INFO] src.corpus_acquisition.crawler: Downloading -> data/raw/images/trome/2023/12/03/trome_2023-12-03_29.jpg
2026-07-18 15:18:04,505 [WARNING] src.corpus_acquisition.downloader: Page 29 not found (1/3).
2026-07-18 15:18:04,505 [INFO] src.corpus_acquisition.downloader: Downloading page 30 from https://t.prcdn.co/img?file=eag82023120300000000001001&page=30&scale=80
2026-07-18 15:18:04,505 [INFO] src.corpus_acquisition.crawler: Downloading -> data/raw/images/trome/2023/12/03/trome_2023-12-03_30.jpg
2026-07-18 15:18:04,708 [WARNING] src.corpus_acquisition.downloader: Page 30 not found (2/3).
2026-07-18 15:18:04,709 [INFO] src.corpus_acquisition.downloader: Downloading page 31 from https://t.prcdn.co/img?file=eag82023120300000000001001&page=31&scale=80
2026-07-18 15:18:04,709 [INFO] src.corpus_acquisition.crawler: Downloading -> data/raw/images/trome/2023/12/03/trome_2023-12-03_31.jpg
2026-07-18 15:18:04,914 [WARNING] src.corpus_acquisition.downloader: Page 31 not found (3/3).
2026-07-18 15:18:04,914 [WARNING] src.corpus_acquisition.downloader: No new pages found after 3 attempts; stopping with 28 page(s).
2026-07-18 15:18:04,956 [INFO] src.corpus_acquisition.metadata_extractor: Saved metadata for 28 page(s) -> data/raw/metadata/trome_metadata.parquet (total rows: 36012)
2026-07-18 15:18:04,972 [INFO] src.corpus_acquisition.metadata_extractor: Saved crawl log -> data/raw/crawl_logs/trome_2023-12-03.json (status=success)
2026-07-18 15:18:06,151 [INFO] src.corpus_acquisition.downloader: Downloading page 1 from https://t.prcdn.co/img?file=eag82023120400000000001001&page=1&scale=80
2026-07-18 15:18:06,152 [INFO] src.corpus_acquisition.crawler: Downloading -> data/raw/images/trome/2023/12/04/trome_2023-12-04_1.jpg
2026-07-18 15:18:08,373 [INFO] src.corpus_acquisition.downloader: Downloading page 2 from https://t.prcdn.co/img?file=eag82023120400000000001001&page=2&scale=80
2026-07-18 15:18:08,374 [INFO] src.corpus_acquisition.crawler: Downloading -> data/raw/images/trome/2023/12/04/trome_2023-12-04_2.jpg
2026-07-18 15:18:11,698 [INFO] src.corpus_acquisition.downloader: Downloading page 3 from https://t.prcdn.co/img?file=eag82023120400000000001001&page=3&scale=80
2026-07-18 15:18:11,699 [INFO] src.corpus_acquisition.crawler: Downloading -> data/raw/images/trome/2023/12/04/trome_2023-12-04_3.jpg
2026-07-18 15:18:14,444 [INFO] src.corpus_acquisition.downloader: Downloading page 4 from https://t.prcdn.co/img?file=eag82023120400000000001001&page=4&scale=80
2026-07-18 15:18:14,445 [INFO] src.corpus_acquisition.crawler: Downloading -> data/raw/images/trome/2023/12/04/trome_2023-12-04_4.jpg
2026-07-18 15:18:18,227 [INFO] src.corpus_acquisition.downloader: Downloading page 5 from https://t.prcdn.co/img?file=eag82023120400000000001001&page=5&scale=80
2026-07-18 15:18:18,228 [INFO] src.corpus_acquisition.crawler: Downloading -> data/raw/images/trome/2023/12/04/trome_2023-12-04_5.jpg
2026-07-18 15:18:21,609 [INFO] src.corpus_acquisition.downloader: Downloading page 6 from https://t.prcdn.co/img?file=eag82023120400000000001001&page=6&scale=80
2026-07-18 15:18:21,610 [INFO] src.corpus_acquisition.crawler: Downloading -> data/raw/images/trome/2023/12/04/trome_2023-12-04_6.jpg
2026-07-18 15:18:24,852 [INFO] src.corpus_acquisition.downloader: Downloading page 7 from https://t.prcdn.co/img?file=eag82023120400000000001001&page=7&scale=80
2026-07-18 15:18:24,852 [INFO] src.corpus_acquisition.crawler: Downloading -> data/raw/images/trome/2023/12/04/trome_2023-12-04_7.jpg
2026-07-18 15:18:27,417 [INFO] src.corpus_acquisition.downloader: Downloading page 8 from https://t.prcdn.co/img?file=eag82023120400000000001001&page=8&scale=80
2026-07-18 15:18:27,417 [INFO] src.corpus_acquisition.crawler: Downloading -> data/raw/images/trome/2023/12/04/trome_2023-12-04_8.jpg
2026-07-18 15:18:29,828 [INFO] src.corpus_acquisition.downloader: Downloading page 9 from https://t.prcdn.co/img?file=eag82023120400000000001001&page=9&scale=80
2026-07-18 15:18:29,829 [INFO] src.corpus_acquisition.crawler: Downloading -> data/raw/images/trome/2023/12/04/trome_2023-12-04_9.jpg
2026-07-18 15:18:32,624 [INFO] src.corpus_acquisition.downloader: Downloading page 10 from https://t.prcdn.co/img?file=eag82023120400000000001001&page=10&scale=80
2026-07-18 15:18:32,624 [INFO] src.corpus_acquisition.crawler: Downloading -> data/raw/images/trome/2023/12/04/trome_2023-12-04_10.jpg
2026-07-18 15:18:34,862 [INFO] src.corpus_acquisition.downloader: Downloading page 11 from https://t.prcdn.co/img?file=eag82023120400000000001001&page=11&scale=80
2026-07-18 15:18:34,863 [INFO] src.corpus_acquisition.crawler: Downloading -> data/raw/images/trome/2023/12/04/trome_2023-12-04_11.jpg
2026-07-18 15:18:38,413 [INFO] src.corpus_acquisition.downloader: Downloading page 12 from https://t.prcdn.co/img?file=eag82023120400000000001001&page=12&scale=80
2026-07-18 15:18:38,414 [INFO] src.corpus_acquisition.crawler: Downloading -> data/raw/images/trome/2023/12/04/trome_2023-12-04_12.jpg
2026-07-18 15:18:40,522 [INFO] src.corpus_acquisition.downloader: Downloading page 13 from https://t.prcdn.co/img?file=eag82023120400000000001001&page=13&scale=80
2026-07-18 15:18:40,523 [INFO] src.corpus_acquisition.crawler: Downloading -> data/raw/images/trome/2023/12/04/trome_2023-12-04_13.jpg
2026-07-18 15:18:43,670 [INFO] src.corpus_acquisition.downloader: Downloading page 14 from https://t.prcdn.co/img?file=eag82023120400000000001001&page=14&scale=80
2026-07-18 15:18:43,671 [INFO] src.corpus_acquisition.crawler: Downloading -> data/raw/images/trome/2023/12/04/trome_2023-12-04_14.jpg
2026-07-18 15:18:45,937 [INFO] src.corpus_acquisition.downloader: Downloading page 15 from https://t.prcdn.co/img?file=eag82023120400000000001001&page=15&scale=80
2026-07-18 15:18:45,938 [INFO] src.corpus_acquisition.crawler: Downloading -> data/raw/images/trome/2023/12/04/trome_2023-12-04_15.jpg
2026-07-18 15:18:49,252 [INFO] src.corpus_acquisition.downloader: Downloading page 16 from https://t.prcdn.co/img?file=eag82023120400000000001001&page=16&scale=80
2026-07-18 15:18:49,253 [INFO] src.corpus_acquisition.crawler: Downloading -> data/raw/images/trome/2023/12/04/trome_2023-12-04_16.jpg
2026-07-18 15:18:52,125 [INFO] src.corpus_acquisition.downloader: Downloading page 17 from https://t.prcdn.co/img?file=eag82023120400000000001001&page=17&scale=80
2026-07-18 15:18:52,126 [INFO] src.corpus_acquisition.crawler: Downloading -> data/raw/images/trome/2023/12/04/trome_2023-12-04_17.jpg
2026-07-18 15:18:55,347 [INFO] src.corpus_acquisition.downloader: Downloading page 18 from https://t.prcdn.co/img?file=eag82023120400000000001001&page=18&scale=80
2026-07-18 15:18:55,347 [INFO] src.corpus_acquisition.crawler: Downloading -> data/raw/images/trome/2023/12/04/trome_2023-12-04_18.jpg
2026-07-18 15:18:58,083 [INFO] src.corpus_acquisition.downloader: Downloading page 19 from https://t.prcdn.co/img?file=eag82023120400000000001001&page=19&scale=80
2026-07-18 15:18:58,083 [INFO] src.corpus_acquisition.crawler: Downloading -> data/raw/images/trome/2023/12/04/trome_2023-12-04_19.jpg
2026-07-18 15:19:01,065 [INFO] src.corpus_acquisition.downloader: Downloading page 20 from https://t.prcdn.co/img?file=eag82023120400000000001001&page=20&scale=80
2026-07-18 15:19:01,065 [INFO] src.corpus_acquisition.crawler: Downloading -> data/raw/images/trome/2023/12/04/trome_2023-12-04_20.jpg
2026-07-18 15:19:04,184 [INFO] src.corpus_acquisition.downloader: Downloading page 21 from https://t.prcdn.co/img?file=eag82023120400000000001001&page=21&scale=80
2026-07-18 15:19:04,184 [INFO] src.corpus_acquisition.crawler: Downloading -> data/raw/images/trome/2023/12/04/trome_2023-12-04_21.jpg
2026-07-18 15:19:06,919 [INFO] src.corpus_acquisition.downloader: Downloading page 22 from https://t.prcdn.co/img?file=eag82023120400000000001001&page=22&scale=80
2026-07-18 15:19:06,919 [INFO] src.corpus_acquisition.crawler: Downloading -> data/raw/images/trome/2023/12/04/trome_2023-12-04_22.jpg
2026-07-18 15:19:10,057 [INFO] src.corpus_acquisition.downloader: Downloading page 23 from https://t.prcdn.co/img?file=eag82023120400000000001001&page=23&scale=80
2026-07-18 15:19:10,057 [INFO] src.corpus_acquisition.crawler: Downloading -> data/raw/images/trome/2023/12/04/trome_2023-12-04_23.jpg
2026-07-18 15:19:12,175 [INFO] src.corpus_acquisition.downloader: Downloading page 24 from https://t.prcdn.co/img?file=eag82023120400000000001001&page=24&scale=80
2026-07-18 15:19:12,175 [INFO] src.corpus_acquisition.crawler: Downloading -> data/raw/images/trome/2023/12/04/trome_2023-12-04_24.jpg
2026-07-18 15:19:15,007 [INFO] src.corpus_acquisition.downloader: Downloading page 25 from https://t.prcdn.co/img?file=eag82023120400000000001001&page=25&scale=80
2026-07-18 15:19:15,007 [INFO] src.corpus_acquisition.crawler: Downloading -> data/raw/images/trome/2023/12/04/trome_2023-12-04_25.jpg
2026-07-18 15:19:15,233 [WARNING] src.corpus_acquisition.downloader: Page 25 not found (1/3).
2026-07-18 15:19:15,234 [INFO] src.corpus_acquisition.downloader: Downloading page 26 from https://t.prcdn.co/img?file=eag82023120400000000001001&page=26&scale=80
2026-07-18 15:19:15,234 [INFO] src.corpus_acquisition.crawler: Downloading -> data/raw/images/trome/2023/12/04/trome_2023-12-04_26.jpg
2026-07-18 15:19:15,500 [WARNING] src.corpus_acquisition.downloader: Page 26 not found (2/3).
2026-07-18 15:19:15,500 [INFO] src.corpus_acquisition.downloader: Downloading page 27 from https://t.prcdn.co/img?file=eag82023120400000000001001&page=27&scale=80
2026-07-18 15:19:15,500 [INFO] src.corpus_acquisition.crawler: Downloading -> data/raw/images/trome/2023/12/04/trome_2023-12-04_27.jpg
2026-07-18 15:19:15,700 [WARNING] src.corpus_acquisition.downloader: Page 27 not found (3/3).
2026-07-18 15:19:15,700 [WARNING] src.corpus_acquisition.downloader: No new pages found after 3 attempts; stopping with 24 page(s).
2026-07-18 15:19:15,744 [INFO] src.corpus_acquisition.metadata_extractor: Saved metadata for 24 page(s) -> data/raw/metadata/trome_metadata.parquet (total rows: 36036)
2026-07-18 15:19:15,746 [INFO] src.corpus_acquisition.metadata_extractor: Saved crawl log -> data/raw/crawl_logs/trome_2023-12-04.json (status=success)
2026-07-18 15:19:16,933 [INFO] src.corpus_acquisition.downloader: Downloading page 1 from https://t.prcdn.co/img?file=eag82023120500000000001001&page=1&scale=80
2026-07-18 15:19:16,934 [INFO] src.corpus_acquisition.crawler: Downloading -> data/raw/images/trome/2023/12/05/trome_2023-12-05_1.jpg
2026-07-18 15:19:19,572 [INFO] src.corpus_acquisition.downloader: Downloading page 2 from https://t.prcdn.co/img?file=eag82023120500000000001001&page=2&scale=80
2026-07-18 15:19:19,572 [INFO] src.corpus_acquisition.crawler: Downloading -> data/raw/images/trome/2023/12/05/trome_2023-12-05_2.jpg
2026-07-18 15:19:23,320 [INFO] src.corpus_acquisition.downloader: Downloading page 3 from https://t.prcdn.co/img?file=eag82023120500000000001001&page=3&scale=80
2026-07-18 15:19:23,321 [INFO] src.corpus_acquisition.crawler: Downloading -> data/raw/images/trome/2023/12/05/trome_2023-12-05_3.jpg
2026-07-18 15:19:26,630 [INFO] src.corpus_acquisition.downloader: Downloading page 4 from https://t.prcdn.co/img?file=eag82023120500000000001001&page=4&scale=80
2026-07-18 15:19:26,630 [INFO] src.corpus_acquisition.crawler: Downloading -> data/raw/images/trome/2023/12/05/trome_2023-12-05_4.jpg
2026-07-18 15:19:29,929 [INFO] src.corpus_acquisition.downloader: Downloading page 5 from https://t.prcdn.co/img?file=eag82023120500000000001001&page=5&scale=80
2026-07-18 15:19:29,929 [INFO] src.corpus_acquisition.crawler: Downloading -> data/raw/images/trome/2023/12/05/trome_2023-12-05_5.jpg
2026-07-18 15:19:33,380 [INFO] src.corpus_acquisition.downloader: Downloading page 6 from https://t.prcdn.co/img?file=eag82023120500000000001001&page=6&scale=80
2026-07-18 15:19:33,380 [INFO] src.corpus_acquisition.crawler: Downloading -> data/raw/images/trome/2023/12/05/trome_2023-12-05_6.jpg
2026-07-18 15:19:36,488 [INFO] src.corpus_acquisition.downloader: Downloading page 7 from https://t.prcdn.co/img?file=eag82023120500000000001001&page=7&scale=80
2026-07-18 15:19:36,488 [INFO] src.corpus_acquisition.crawler: Downloading -> data/raw/images/trome/2023/12/05/trome_2023-12-05_7.jpg
2026-07-18 15:19:38,915 [INFO] src.corpus_acquisition.downloader: Downloading page 8 from https://t.prcdn.co/img?file=eag82023120500000000001001&page=8&scale=80
2026-07-18 15:19:38,915 [INFO] src.corpus_acquisition.crawler: Downloading -> data/raw/images/trome/2023/12/05/trome_2023-12-05_8.jpg
2026-07-18 15:19:42,115 [INFO] src.corpus_acquisition.downloader: Downloading page 9 from https://t.prcdn.co/img?file=eag82023120500000000001001&page=9&scale=80
2026-07-18 15:19:42,116 [INFO] src.corpus_acquisition.crawler: Downloading -> data/raw/images/trome/2023/12/05/trome_2023-12-05_9.jpg
2026-07-18 15:19:44,532 [INFO] src.corpus_acquisition.downloader: Downloading page 10 from https://t.prcdn.co/img?file=eag82023120500000000001001&page=10&scale=80
2026-07-18 15:19:44,532 [INFO] src.corpus_acquisition.crawler: Downloading -> data/raw/images/trome/2023/12/05/trome_2023-12-05_10.jpg
2026-07-18 15:19:47,045 [INFO] src.corpus_acquisition.downloader: Downloading page 11 from https://t.prcdn.co/img?file=eag82023120500000000001001&page=11&scale=80
2026-07-18 15:19:47,046 [INFO] src.corpus_acquisition.crawler: Downloading -> data/raw/images/trome/2023/12/05/trome_2023-12-05_11.jpg
2026-07-18 15:19:49,914 [INFO] src.corpus_acquisition.downloader: Downloading page 12 from https://t.prcdn.co/img?file=eag82023120500000000001001&page=12&scale=80
2026-07-18 15:19:49,914 [INFO] src.corpus_acquisition.crawler: Downloading -> data/raw/images/trome/2023/12/05/trome_2023-12-05_12.jpg
2026-07-18 15:19:52,445 [INFO] src.corpus_acquisition.downloader: Downloading page 13 from https://t.prcdn.co/img?file=eag82023120500000000001001&page=13&scale=80
2026-07-18 15:19:52,446 [INFO] src.corpus_acquisition.crawler: Downloading -> data/raw/images/trome/2023/12/05/trome_2023-12-05_13.jpg
2026-07-18 15:19:55,158 [INFO] src.corpus_acquisition.downloader: Downloading page 14 from https://t.prcdn.co/img?file=eag82023120500000000001001&page=14&scale=80
2026-07-18 15:19:55,158 [INFO] src.corpus_acquisition.crawler: Downloading -> data/raw/images/trome/2023/12/05/trome_2023-12-05_14.jpg
2026-07-18 15:19:58,389 [INFO] src.corpus_acquisition.downloader: Downloading page 15 from https://t.prcdn.co/img?file=eag82023120500000000001001&page=15&scale=80
2026-07-18 15:19:58,390 [INFO] src.corpus_acquisition.crawler: Downloading -> data/raw/images/trome/2023/12/05/trome_2023-12-05_15.jpg
2026-07-18 15:20:01,655 [INFO] src.corpus_acquisition.downloader: Downloading page 16 from https://t.prcdn.co/img?file=eag82023120500000000001001&page=16&scale=80
2026-07-18 15:20:01,656 [INFO] src.corpus_acquisition.crawler: Downloading -> data/raw/images/trome/2023/12/05/trome_2023-12-05_16.jpg
2026-07-18 15:20:04,968 [INFO] src.corpus_acquisition.downloader: Downloading page 17 from https://t.prcdn.co/img?file=eag82023120500000000001001&page=17&scale=80
2026-07-18 15:20:04,968 [INFO] src.corpus_acquisition.crawler: Downloading -> data/raw/images/trome/2023/12/05/trome_2023-12-05_17.jpg
2026-07-18 15:20:07,736 [INFO] src.corpus_acquisition.downloader: Downloading page 18 from https://t.prcdn.co/img?file=eag82023120500000000001001&page=18&scale=80
2026-07-18 15:20:07,737 [INFO] src.corpus_acquisition.crawler: Downloading -> data/raw/images/trome/2023/12/05/trome_2023-12-05_18.jpg
2026-07-18 15:20:10,828 [INFO] src.corpus_acquisition.downloader: Downloading page 19 from https://t.prcdn.co/img?file=eag82023120500000000001001&page=19&scale=80
2026-07-18 15:20:10,828 [INFO] src.corpus_acquisition.crawler: Downloading -> data/raw/images/trome/2023/12/05/trome_2023-12-05_19.jpg
2026-07-18 15:20:13,683 [INFO] src.corpus_acquisition.downloader: Downloading page 20 from https://t.prcdn.co/img?file=eag82023120500000000001001&page=20&scale=80
2026-07-18 15:20:13,684 [INFO] src.corpus_acquisition.crawler: Downloading -> data/raw/images/trome/2023/12/05/trome_2023-12-05_20.jpg
2026-07-18 15:20:16,926 [INFO] src.corpus_acquisition.downloader: Downloading page 21 from https://t.prcdn.co/img?file=eag82023120500000000001001&page=21&scale=80
2026-07-18 15:20:16,926 [INFO] src.corpus_acquisition.crawler: Downloading -> data/raw/images/trome/2023/12/05/trome_2023-12-05_21.jpg
2026-07-18 15:20:19,755 [INFO] src.corpus_acquisition.downloader: Downloading page 22 from https://t.prcdn.co/img?file=eag82023120500000000001001&page=22&scale=80
2026-07-18 15:20:19,756 [INFO] src.corpus_acquisition.crawler: Downloading -> data/raw/images/trome/2023/12/05/trome_2023-12-05_22.jpg
2026-07-18 15:20:21,760 [INFO] src.corpus_acquisition.downloader: Downloading page 23 from https://t.prcdn.co/img?file=eag82023120500000000001001&page=23&scale=80
2026-07-18 15:20:21,760 [INFO] src.corpus_acquisition.crawler: Downloading -> data/raw/images/trome/2023/12/05/trome_2023-12-05_23.jpg
2026-07-18 15:20:24,748 [INFO] src.corpus_acquisition.downloader: Downloading page 24 from https://t.prcdn.co/img?file=eag82023120500000000001001&page=24&scale=80
2026-07-18 15:20:24,749 [INFO] src.corpus_acquisition.crawler: Downloading -> data/raw/images/trome/2023/12/05/trome_2023-12-05_24.jpg
2026-07-18 15:20:27,563 [INFO] src.corpus_acquisition.downloader: Downloading page 25 from https://t.prcdn.co/img?file=eag82023120500000000001001&page=25&scale=80
2026-07-18 15:20:27,564 [INFO] src.corpus_acquisition.crawler: Downloading -> data/raw/images/trome/2023/12/05/trome_2023-12-05_25.jpg
2026-07-18 15:20:27,821 [WARNING] src.corpus_acquisition.downloader: Page 25 not found (1/3).
2026-07-18 15:20:27,821 [INFO] src.corpus_acquisition.downloader: Downloading page 26 from https://t.prcdn.co/img?file=eag82023120500000000001001&page=26&scale=80
2026-07-18 15:20:27,822 [INFO] src.corpus_acquisition.crawler: Downloading -> data/raw/images/trome/2023/12/05/trome_2023-12-05_26.jpg
2026-07-18 15:20:28,107 [WARNING] src.corpus_acquisition.downloader: Page 26 not found (2/3).
2026-07-18 15:20:28,107 [INFO] src.corpus_acquisition.downloader: Downloading page 27 from https://t.prcdn.co/img?file=eag82023120500000000001001&page=27&scale=80
2026-07-18 15:20:28,107 [INFO] src.corpus_acquisition.crawler: Downloading -> data/raw/images/trome/2023/12/05/trome_2023-12-05_27.jpg
2026-07-18 15:20:28,341 [WARNING] src.corpus_acquisition.downloader: Page 27 not found (3/3).
2026-07-18 15:20:28,341 [WARNING] src.corpus_acquisition.downloader: No new pages found after 3 attempts; stopping with 24 page(s).
2026-07-18 15:20:28,385 [INFO] src.corpus_acquisition.metadata_extractor: Saved metadata for 24 page(s) -> data/raw/metadata/trome_metadata.parquet (total rows: 36060)
2026-07-18 15:20:28,389 [INFO] src.corpus_acquisition.metadata_extractor: Saved crawl log -> data/raw/crawl_logs/trome_2023-12-05.json (status=success)
2026-07-18 15:20:29,319 [INFO] src.corpus_acquisition.downloader: Downloading page 1 from https://t.prcdn.co/img?file=eag82023120600000000001001&page=1&scale=80
2026-07-18 15:20:29,320 [INFO] src.corpus_acquisition.crawler: Downloading -> data/raw/images/trome/2023/12/06/trome_2023-12-06_1.jpg
2026-07-18 15:20:31,156 [INFO] src.corpus_acquisition.downloader: Downloading page 2 from https://t.prcdn.co/img?file=eag82023120600000000001001&page=2&scale=80
2026-07-18 15:20:31,156 [INFO] src.corpus_acquisition.crawler: Downloading -> data/raw/images/trome/2023/12/06/trome_2023-12-06_2.jpg
2026-07-18 15:20:34,508 [INFO] src.corpus_acquisition.downloader: Downloading page 3 from https://t.prcdn.co/img?file=eag82023120600000000001001&page=3&scale=80
2026-07-18 15:20:34,509 [INFO] src.corpus_acquisition.crawler: Downloading -> data/raw/images/trome/2023/12/06/trome_2023-12-06_3.jpg
2026-07-18 15:20:38,244 [INFO] src.corpus_acquisition.downloader: Downloading page 4 from https://t.prcdn.co/img?file=eag82023120600000000001001&page=4&scale=80
2026-07-18 15:20:38,245 [INFO] src.corpus_acquisition.crawler: Downloading -> data/raw/images/trome/2023/12/06/trome_2023-12-06_4.jpg
2026-07-18 15:20:40,607 [INFO] src.corpus_acquisition.downloader: Downloading page 5 from https://t.prcdn.co/img?file=eag82023120600000000001001&page=5&scale=80
2026-07-18 15:20:40,607 [INFO] src.corpus_acquisition.crawler: Downloading -> data/raw/images/trome/2023/12/06/trome_2023-12-06_5.jpg
2026-07-18 15:20:42,983 [INFO] src.corpus_acquisition.downloader: Downloading page 6 from https://t.prcdn.co/img?file=eag82023120600000000001001&page=6&scale=80
2026-07-18 15:20:42,983 [INFO] src.corpus_acquisition.crawler: Downloading -> data/raw/images/trome/2023/12/06/trome_2023-12-06_6.jpg
2026-07-18 15:20:46,962 [INFO] src.corpus_acquisition.downloader: Downloading page 7 from https://t.prcdn.co/img?file=eag82023120600000000001001&page=7&scale=80
2026-07-18 15:20:46,962 [INFO] src.corpus_acquisition.crawler: Downloading -> data/raw/images/trome/2023/12/06/trome_2023-12-06_7.jpg
2026-07-18 15:20:49,556 [INFO] src.corpus_acquisition.downloader: Downloading page 8 from https://t.prcdn.co/img?file=eag82023120600000000001001&page=8&scale=80
2026-07-18 15:20:49,557 [INFO] src.corpus_acquisition.crawler: Downloading -> data/raw/images/trome/2023/12/06/trome_2023-12-06_8.jpg
2026-07-18 15:20:52,494 [INFO] src.corpus_acquisition.downloader: Downloading page 9 from https://t.prcdn.co/img?file=eag82023120600000000001001&page=9&scale=80
2026-07-18 15:20:52,495 [INFO] src.corpus_acquisition.crawler: Downloading -> data/raw/images/trome/2023/12/06/trome_2023-12-06_9.jpg
2026-07-18 15:20:55,490 [INFO] src.corpus_acquisition.downloader: Downloading page 10 from https://t.prcdn.co/img?file=eag82023120600000000001001&page=10&scale=80
2026-07-18 15:20:55,491 [INFO] src.corpus_acquisition.crawler: Downloading -> data/raw/images/trome/2023/12/06/trome_2023-12-06_10.jpg
2026-07-18 15:20:58,469 [INFO] src.corpus_acquisition.downloader: Downloading page 11 from https://t.prcdn.co/img?file=eag82023120600000000001001&page=11&scale=80
2026-07-18 15:20:58,469 [INFO] src.corpus_acquisition.crawler: Downloading -> data/raw/images/trome/2023/12/06/trome_2023-12-06_11.jpg
2026-07-18 15:21:00,510 [INFO] src.corpus_acquisition.downloader: Downloading page 12 from https://t.prcdn.co/img?file=eag82023120600000000001001&page=12&scale=80
2026-07-18 15:21:00,510 [INFO] src.corpus_acquisition.crawler: Downloading -> data/raw/images/trome/2023/12/06/trome_2023-12-06_12.jpg
2026-07-18 15:21:03,050 [INFO] src.corpus_acquisition.downloader: Downloading page 13 from https://t.prcdn.co/img?file=eag82023120600000000001001&page=13&scale=80
2026-07-18 15:21:03,051 [INFO] src.corpus_acquisition.crawler: Downloading -> data/raw/images/trome/2023/12/06/trome_2023-12-06_13.jpg
2026-07-18 15:21:05,658 [INFO] src.corpus_acquisition.downloader: Downloading page 14 from https://t.prcdn.co/img?file=eag82023120600000000001001&page=14&scale=80
2026-07-18 15:21:05,659 [INFO] src.corpus_acquisition.crawler: Downloading -> data/raw/images/trome/2023/12/06/trome_2023-12-06_14.jpg
2026-07-18 15:21:08,371 [INFO] src.corpus_acquisition.downloader: Downloading page 15 from https://t.prcdn.co/img?file=eag82023120600000000001001&page=15&scale=80
2026-07-18 15:21:08,371 [INFO] src.corpus_acquisition.crawler: Downloading -> data/raw/images/trome/2023/12/06/trome_2023-12-06_15.jpg
2026-07-18 15:21:11,684 [INFO] src.corpus_acquisition.downloader: Downloading page 16 from https://t.prcdn.co/img?file=eag82023120600000000001001&page=16&scale=80
2026-07-18 15:21:11,684 [INFO] src.corpus_acquisition.crawler: Downloading -> data/raw/images/trome/2023/12/06/trome_2023-12-06_16.jpg
2026-07-18 15:21:14,180 [INFO] src.corpus_acquisition.downloader: Downloading page 17 from https://t.prcdn.co/img?file=eag82023120600000000001001&page=17&scale=80
2026-07-18 15:21:14,180 [INFO] src.corpus_acquisition.crawler: Downloading -> data/raw/images/trome/2023/12/06/trome_2023-12-06_17.jpg
2026-07-18 15:21:17,001 [INFO] src.corpus_acquisition.downloader: Downloading page 18 from https://t.prcdn.co/img?file=eag82023120600000000001001&page=18&scale=80
2026-07-18 15:21:17,001 [INFO] src.corpus_acquisition.crawler: Downloading -> data/raw/images/trome/2023/12/06/trome_2023-12-06_18.jpg
2026-07-18 15:21:19,730 [INFO] src.corpus_acquisition.downloader: Downloading page 19 from https://t.prcdn.co/img?file=eag82023120600000000001001&page=19&scale=80
2026-07-18 15:21:19,731 [INFO] src.corpus_acquisition.crawler: Downloading -> data/raw/images/trome/2023/12/06/trome_2023-12-06_19.jpg
2026-07-18 15:21:22,899 [INFO] src.corpus_acquisition.downloader: Downloading page 20 from https://t.prcdn.co/img?file=eag82023120600000000001001&page=20&scale=80
2026-07-18 15:21:22,899 [INFO] src.corpus_acquisition.crawler: Downloading -> data/raw/images/trome/2023/12/06/trome_2023-12-06_20.jpg
2026-07-18 15:21:25,523 [INFO] src.corpus_acquisition.downloader: Downloading page 21 from https://t.prcdn.co/img?file=eag82023120600000000001001&page=21&scale=80
2026-07-18 15:21:25,524 [INFO] src.corpus_acquisition.crawler: Downloading -> data/raw/images/trome/2023/12/06/trome_2023-12-06_21.jpg
2026-07-18 15:21:28,456 [INFO] src.corpus_acquisition.downloader: Downloading page 22 from https://t.prcdn.co/img?file=eag82023120600000000001001&page=22&scale=80
2026-07-18 15:21:28,456 [INFO] src.corpus_acquisition.crawler: Downloading -> data/raw/images/trome/2023/12/06/trome_2023-12-06_22.jpg
2026-07-18 15:21:31,649 [INFO] src.corpus_acquisition.downloader: Downloading page 23 from https://t.prcdn.co/img?file=eag82023120600000000001001&page=23&scale=80
2026-07-18 15:21:31,649 [INFO] src.corpus_acquisition.crawler: Downloading -> data/raw/images/trome/2023/12/06/trome_2023-12-06_23.jpg
2026-07-18 15:21:34,079 [INFO] src.corpus_acquisition.downloader: Downloading page 24 from https://t.prcdn.co/img?file=eag82023120600000000001001&page=24&scale=80
2026-07-18 15:21:34,080 [INFO] src.corpus_acquisition.crawler: Downloading -> data/raw/images/trome/2023/12/06/trome_2023-12-06_24.jpg
2026-07-18 15:21:36,901 [INFO] src.corpus_acquisition.downloader: Downloading page 25 from https://t.prcdn.co/img?file=eag82023120600000000001001&page=25&scale=80
2026-07-18 15:21:36,902 [INFO] src.corpus_acquisition.crawler: Downloading -> data/raw/images/trome/2023/12/06/trome_2023-12-06_25.jpg
2026-07-18 15:21:37,197 [WARNING] src.corpus_acquisition.downloader: Page 25 not found (1/3).
2026-07-18 15:21:37,197 [INFO] src.corpus_acquisition.downloader: Downloading page 26 from https://t.prcdn.co/img?file=eag82023120600000000001001&page=26&scale=80
2026-07-18 15:21:37,198 [INFO] src.corpus_acquisition.crawler: Downloading -> data/raw/images/trome/2023/12/06/trome_2023-12-06_26.jpg
2026-07-18 15:21:37,401 [WARNING] src.corpus_acquisition.downloader: Page 26 not found (2/3).
2026-07-18 15:21:37,402 [INFO] src.corpus_acquisition.downloader: Downloading page 27 from https://t.prcdn.co/img?file=eag82023120600000000001001&page=27&scale=80
2026-07-18 15:21:37,402 [INFO] src.corpus_acquisition.crawler: Downloading -> data/raw/images/trome/2023/12/06/trome_2023-12-06_27.jpg
2026-07-18 15:21:37,648 [WARNING] src.corpus_acquisition.downloader: Page 27 not found (3/3).
2026-07-18 15:21:37,648 [WARNING] src.corpus_acquisition.downloader: No new pages found after 3 attempts; stopping with 24 page(s).
2026-07-18 15:21:37,690 [INFO] src.corpus_acquisition.metadata_extractor: Saved metadata for 24 page(s) -> data/raw/metadata/trome_metadata.parquet (total rows: 36084)
2026-07-18 15:21:37,692 [INFO] src.corpus_acquisition.metadata_extractor: Saved crawl log -> data/raw/crawl_logs/trome_2023-12-06.json (status=success)
2026-07-18 15:21:38,237 [INFO] src.corpus_acquisition.downloader: Downloading page 1 from https://t.prcdn.co/img?file=eag82023120700000000001001&page=1&scale=80
2026-07-18 15:21:38,237 [INFO] src.corpus_acquisition.crawler: Downloading -> data/raw/images/trome/2023/12/07/trome_2023-12-07_1.jpg
2026-07-18 15:21:40,918 [INFO] src.corpus_acquisition.downloader: Downloading page 2 from https://t.prcdn.co/img?file=eag82023120700000000001001&page=2&scale=80
2026-07-18 15:21:40,918 [INFO] src.corpus_acquisition.crawler: Downloading -> data/raw/images/trome/2023/12/07/trome_2023-12-07_2.jpg
2026-07-18 15:21:44,404 [INFO] src.corpus_acquisition.downloader: Downloading page 3 from https://t.prcdn.co/img?file=eag82023120700000000001001&page=3&scale=80
2026-07-18 15:21:44,405 [INFO] src.corpus_acquisition.crawler: Downloading -> data/raw/images/trome/2023/12/07/trome_2023-12-07_3.jpg
2026-07-18 15:21:47,381 [INFO] src.corpus_acquisition.downloader: Downloading page 4 from https://t.prcdn.co/img?file=eag82023120700000000001001&page=4&scale=80
2026-07-18 15:21:47,381 [INFO] src.corpus_acquisition.crawler: Downloading -> data/raw/images/trome/2023/12/07/trome_2023-12-07_4.jpg
2026-07-18 15:21:51,548 [INFO] src.corpus_acquisition.downloader: Downloading page 5 from https://t.prcdn.co/img?file=eag82023120700000000001001&page=5&scale=80
2026-07-18 15:21:51,548 [INFO] src.corpus_acquisition.crawler: Downloading -> data/raw/images/trome/2023/12/07/trome_2023-12-07_5.jpg
2026-07-18 15:21:55,641 [INFO] src.corpus_acquisition.downloader: Downloading page 6 from https://t.prcdn.co/img?file=eag82023120700000000001001&page=6&scale=80
2026-07-18 15:21:55,641 [INFO] src.corpus_acquisition.crawler: Downloading -> data/raw/images/trome/2023/12/07/trome_2023-12-07_6.jpg
2026-07-18 15:21:58,919 [INFO] src.corpus_acquisition.downloader: Downloading page 7 from https://t.prcdn.co/img?file=eag82023120700000000001001&page=7&scale=80
2026-07-18 15:21:58,920 [INFO] src.corpus_acquisition.crawler: Downloading -> data/raw/images/trome/2023/12/07/trome_2023-12-07_7.jpg
2026-07-18 15:22:01,487 [INFO] src.corpus_acquisition.downloader: Downloading page 8 from https://t.prcdn.co/img?file=eag82023120700000000001001&page=8&scale=80
2026-07-18 15:22:01,488 [INFO] src.corpus_acquisition.crawler: Downloading -> data/raw/images/trome/2023/12/07/trome_2023-12-07_8.jpg
2026-07-18 15:22:03,439 [INFO] src.corpus_acquisition.downloader: Downloading page 9 from https://t.prcdn.co/img?file=eag82023120700000000001001&page=9&scale=80
2026-07-18 15:22:03,440 [INFO] src.corpus_acquisition.crawler: Downloading -> data/raw/images/trome/2023/12/07/trome_2023-12-07_9.jpg
2026-07-18 15:22:06,474 [INFO] src.corpus_acquisition.downloader: Downloading page 10 from https://t.prcdn.co/img?file=eag82023120700000000001001&page=10&scale=80
2026-07-18 15:22:06,474 [INFO] src.corpus_acquisition.crawler: Downloading -> data/raw/images/trome/2023/12/07/trome_2023-12-07_10.jpg
2026-07-18 15:22:09,563 [INFO] src.corpus_acquisition.downloader: Downloading page 11 from https://t.prcdn.co/img?file=eag82023120700000000001001&page=11&scale=80
2026-07-18 15:22:09,563 [INFO] src.corpus_acquisition.crawler: Downloading -> data/raw/images/trome/2023/12/07/trome_2023-12-07_11.jpg
2026-07-18 15:22:11,940 [INFO] src.corpus_acquisition.downloader: Downloading page 12 from https://t.prcdn.co/img?file=eag82023120700000000001001&page=12&scale=80
2026-07-18 15:22:11,940 [INFO] src.corpus_acquisition.crawler: Downloading -> data/raw/images/trome/2023/12/07/trome_2023-12-07_12.jpg
2026-07-18 15:22:14,406 [INFO] src.corpus_acquisition.downloader: Downloading page 13 from https://t.prcdn.co/img?file=eag82023120700000000001001&page=13&scale=80
2026-07-18 15:22:14,406 [INFO] src.corpus_acquisition.crawler: Downloading -> data/raw/images/trome/2023/12/07/trome_2023-12-07_13.jpg
2026-07-18 15:22:17,369 [INFO] src.corpus_acquisition.downloader: Downloading page 14 from https://t.prcdn.co/img?file=eag82023120700000000001001&page=14&scale=80
2026-07-18 15:22:17,370 [INFO] src.corpus_acquisition.crawler: Downloading -> data/raw/images/trome/2023/12/07/trome_2023-12-07_14.jpg
2026-07-18 15:22:20,200 [INFO] src.corpus_acquisition.downloader: Downloading page 15 from https://t.prcdn.co/img?file=eag82023120700000000001001&page=15&scale=80
2026-07-18 15:22:20,200 [INFO] src.corpus_acquisition.crawler: Downloading -> data/raw/images/trome/2023/12/07/trome_2023-12-07_15.jpg
2026-07-18 15:22:22,801 [INFO] src.corpus_acquisition.downloader: Downloading page 16 from https://t.prcdn.co/img?file=eag82023120700000000001001&page=16&scale=80
2026-07-18 15:22:22,801 [INFO] src.corpus_acquisition.crawler: Downloading -> data/raw/images/trome/2023/12/07/trome_2023-12-07_16.jpg
2026-07-18 15:22:24,858 [INFO] src.corpus_acquisition.downloader: Downloading page 17 from https://t.prcdn.co/img?file=eag82023120700000000001001&page=17&scale=80
2026-07-18 15:22:24,859 [INFO] src.corpus_acquisition.crawler: Downloading -> data/raw/images/trome/2023/12/07/trome_2023-12-07_17.jpg
2026-07-18 15:22:28,104 [INFO] src.corpus_acquisition.downloader: Downloading page 18 from https://t.prcdn.co/img?file=eag82023120700000000001001&page=18&scale=80
2026-07-18 15:22:28,105 [INFO] src.corpus_acquisition.crawler: Downloading -> data/raw/images/trome/2023/12/07/trome_2023-12-07_18.jpg
2026-07-18 15:22:31,093 [INFO] src.corpus_acquisition.downloader: Downloading page 19 from https://t.prcdn.co/img?file=eag82023120700000000001001&page=19&scale=80
2026-07-18 15:22:31,093 [INFO] src.corpus_acquisition.crawler: Downloading -> data/raw/images/trome/2023/12/07/trome_2023-12-07_19.jpg
2026-07-18 15:22:34,413 [INFO] src.corpus_acquisition.downloader: Downloading page 20 from https://t.prcdn.co/img?file=eag82023120700000000001001&page=20&scale=80
2026-07-18 15:22:34,414 [INFO] src.corpus_acquisition.crawler: Downloading -> data/raw/images/trome/2023/12/07/trome_2023-12-07_20.jpg
2026-07-18 15:22:37,455 [INFO] src.corpus_acquisition.downloader: Downloading page 21 from https://t.prcdn.co/img?file=eag82023120700000000001001&page=21&scale=80
2026-07-18 15:22:37,456 [INFO] src.corpus_acquisition.crawler: Downloading -> data/raw/images/trome/2023/12/07/trome_2023-12-07_21.jpg
2026-07-18 15:22:41,235 [INFO] src.corpus_acquisition.downloader: Downloading page 22 from https://t.prcdn.co/img?file=eag82023120700000000001001&page=22&scale=80
2026-07-18 15:22:41,235 [INFO] src.corpus_acquisition.crawler: Downloading -> data/raw/images/trome/2023/12/07/trome_2023-12-07_22.jpg
2026-07-18 15:22:44,838 [INFO] src.corpus_acquisition.downloader: Downloading page 23 from https://t.prcdn.co/img?file=eag82023120700000000001001&page=23&scale=80
2026-07-18 15:22:44,839 [INFO] src.corpus_acquisition.crawler: Downloading -> data/raw/images/trome/2023/12/07/trome_2023-12-07_23.jpg
2026-07-18 15:22:47,620 [INFO] src.corpus_acquisition.downloader: Downloading page 24 from https://t.prcdn.co/img?file=eag82023120700000000001001&page=24&scale=80
2026-07-18 15:22:47,621 [INFO] src.corpus_acquisition.crawler: Downloading -> data/raw/images/trome/2023/12/07/trome_2023-12-07_24.jpg
2026-07-18 15:22:50,728 [INFO] src.corpus_acquisition.downloader: Downloading page 25 from https://t.prcdn.co/img?file=eag82023120700000000001001&page=25&scale=80
2026-07-18 15:22:50,728 [INFO] src.corpus_acquisition.crawler: Downloading -> data/raw/images/trome/2023/12/07/trome_2023-12-07_25.jpg
2026-07-18 15:22:51,016 [WARNING] src.corpus_acquisition.downloader: Page 25 not found (1/3).
2026-07-18 15:22:51,016 [INFO] src.corpus_acquisition.downloader: Downloading page 26 from https://t.prcdn.co/img?file=eag82023120700000000001001&page=26&scale=80
2026-07-18 15:22:51,016 [INFO] src.corpus_acquisition.crawler: Downloading -> data/raw/images/trome/2023/12/07/trome_2023-12-07_26.jpg
2026-07-18 15:22:51,350 [WARNING] src.corpus_acquisition.downloader: Page 26 not found (2/3).
2026-07-18 15:22:51,351 [INFO] src.corpus_acquisition.downloader: Downloading page 27 from https://t.prcdn.co/img?file=eag82023120700000000001001&page=27&scale=80
2026-07-18 15:22:51,351 [INFO] src.corpus_acquisition.crawler: Downloading -> data/raw/images/trome/2023/12/07/trome_2023-12-07_27.jpg
2026-07-18 15:22:51,742 [WARNING] src.corpus_acquisition.downloader: Page 27 not found (3/3).
2026-07-18 15:22:51,742 [WARNING] src.corpus_acquisition.downloader: No new pages found after 3 attempts; stopping with 24 page(s).
2026-07-18 15:22:51,786 [INFO] src.corpus_acquisition.metadata_extractor: Saved metadata for 24 page(s) -> data/raw/metadata/trome_metadata.parquet (total rows: 36108)
2026-07-18 15:22:51,789 [INFO] src.corpus_acquisition.metadata_extractor: Saved crawl log -> data/raw/crawl_logs/trome_2023-12-07.json (status=success)
2026-07-18 15:22:52,401 [INFO] src.corpus_acquisition.downloader: Downloading page 1 from https://t.prcdn.co/img?file=eag82023120800000000001001&page=1&scale=80
2026-07-18 15:22:52,402 [INFO] src.corpus_acquisition.crawler: Downloading -> data/raw/images/trome/2023/12/08/trome_2023-12-08_1.jpg
2026-07-18 15:22:55,200 [INFO] src.corpus_acquisition.downloader: Downloading page 2 from https://t.prcdn.co/img?file=eag82023120800000000001001&page=2&scale=80
2026-07-18 15:22:55,200 [INFO] src.corpus_acquisition.crawler: Downloading -> data/raw/images/trome/2023/12/08/trome_2023-12-08_2.jpg
2026-07-18 15:22:58,344 [INFO] src.corpus_acquisition.downloader: Downloading page 3 from https://t.prcdn.co/img?file=eag82023120800000000001001&page=3&scale=80
2026-07-18 15:22:58,345 [INFO] src.corpus_acquisition.crawler: Downloading -> data/raw/images/trome/2023/12/08/trome_2023-12-08_3.jpg
2026-07-18 15:23:00,937 [INFO] src.corpus_acquisition.downloader: Downloading page 4 from https://t.prcdn.co/img?file=eag82023120800000000001001&page=4&scale=80
2026-07-18 15:23:00,937 [INFO] src.corpus_acquisition.crawler: Downloading -> data/raw/images/trome/2023/12/08/trome_2023-12-08_4.jpg
2026-07-18 15:23:04,057 [INFO] src.corpus_acquisition.downloader: Downloading page 5 from https://t.prcdn.co/img?file=eag82023120800000000001001&page=5&scale=80
2026-07-18 15:23:04,057 [INFO] src.corpus_acquisition.crawler: Downloading -> data/raw/images/trome/2023/12/08/trome_2023-12-08_5.jpg
2026-07-18 15:23:06,444 [INFO] src.corpus_acquisition.downloader: Downloading page 6 from https://t.prcdn.co/img?file=eag82023120800000000001001&page=6&scale=80
2026-07-18 15:23:06,445 [INFO] src.corpus_acquisition.crawler: Downloading -> data/raw/images/trome/2023/12/08/trome_2023-12-08_6.jpg
2026-07-18 15:23:08,941 [INFO] src.corpus_acquisition.downloader: Downloading page 7 from https://t.prcdn.co/img?file=eag82023120800000000001001&page=7&scale=80
2026-07-18 15:23:08,941 [INFO] src.corpus_acquisition.crawler: Downloading -> data/raw/images/trome/2023/12/08/trome_2023-12-08_7.jpg
2026-07-18 15:23:11,463 [INFO] src.corpus_acquisition.downloader: Downloading page 8 from https://t.prcdn.co/img?file=eag82023120800000000001001&page=8&scale=80
2026-07-18 15:23:11,463 [INFO] src.corpus_acquisition.crawler: Downloading -> data/raw/images/trome/2023/12/08/trome_2023-12-08_8.jpg
2026-07-18 15:23:13,831 [INFO] src.corpus_acquisition.downloader: Downloading page 9 from https://t.prcdn.co/img?file=eag82023120800000000001001&page=9&scale=80
2026-07-18 15:23:13,831 [INFO] src.corpus_acquisition.crawler: Downloading -> data/raw/images/trome/2023/12/08/trome_2023-12-08_9.jpg
2026-07-18 15:23:15,996 [INFO] src.corpus_acquisition.downloader: Downloading page 10 from https://t.prcdn.co/img?file=eag82023120800000000001001&page=10&scale=80
2026-07-18 15:23:15,997 [INFO] src.corpus_acquisition.crawler: Downloading -> data/raw/images/trome/2023/12/08/trome_2023-12-08_10.jpg
2026-07-18 15:23:18,924 [INFO] src.corpus_acquisition.downloader: Downloading page 11 from https://t.prcdn.co/img?file=eag82023120800000000001001&page=11&scale=80
2026-07-18 15:23:18,924 [INFO] src.corpus_acquisition.crawler: Downloading -> data/raw/images/trome/2023/12/08/trome_2023-12-08_11.jpg
2026-07-18 15:23:21,822 [INFO] src.corpus_acquisition.downloader: Downloading page 12 from https://t.prcdn.co/img?file=eag82023120800000000001001&page=12&scale=80
2026-07-18 15:23:21,822 [INFO] src.corpus_acquisition.crawler: Downloading -> data/raw/images/trome/2023/12/08/trome_2023-12-08_12.jpg
2026-07-18 15:23:26,102 [INFO] src.corpus_acquisition.downloader: Downloading page 13 from https://t.prcdn.co/img?file=eag82023120800000000001001&page=13&scale=80
2026-07-18 15:23:26,103 [INFO] src.corpus_acquisition.crawler: Downloading -> data/raw/images/trome/2023/12/08/trome_2023-12-08_13.jpg
2026-07-18 15:23:28,533 [INFO] src.corpus_acquisition.downloader: Downloading page 14 from https://t.prcdn.co/img?file=eag82023120800000000001001&page=14&scale=80
2026-07-18 15:23:28,534 [INFO] src.corpus_acquisition.crawler: Downloading -> data/raw/images/trome/2023/12/08/trome_2023-12-08_14.jpg
2026-07-18 15:23:31,352 [INFO] src.corpus_acquisition.downloader: Downloading page 15 from https://t.prcdn.co/img?file=eag82023120800000000001001&page=15&scale=80
2026-07-18 15:23:31,352 [INFO] src.corpus_acquisition.crawler: Downloading -> data/raw/images/trome/2023/12/08/trome_2023-12-08_15.jpg
2026-07-18 15:23:34,336 [INFO] src.corpus_acquisition.downloader: Downloading page 16 from https://t.prcdn.co/img?file=eag82023120800000000001001&page=16&scale=80
2026-07-18 15:23:34,336 [INFO] src.corpus_acquisition.crawler: Downloading -> data/raw/images/trome/2023/12/08/trome_2023-12-08_16.jpg
2026-07-18 15:23:37,042 [INFO] src.corpus_acquisition.downloader: Downloading page 17 from https://t.prcdn.co/img?file=eag82023120800000000001001&page=17&scale=80
2026-07-18 15:23:37,042 [INFO] src.corpus_acquisition.crawler: Downloading -> data/raw/images/trome/2023/12/08/trome_2023-12-08_17.jpg
2026-07-18 15:23:40,138 [INFO] src.corpus_acquisition.downloader: Downloading page 18 from https://t.prcdn.co/img?file=eag82023120800000000001001&page=18&scale=80
2026-07-18 15:23:40,139 [INFO] src.corpus_acquisition.crawler: Downloading -> data/raw/images/trome/2023/12/08/trome_2023-12-08_18.jpg
2026-07-18 15:23:42,344 [INFO] src.corpus_acquisition.downloader: Downloading page 19 from https://t.prcdn.co/img?file=eag82023120800000000001001&page=19&scale=80
2026-07-18 15:23:42,345 [INFO] src.corpus_acquisition.crawler: Downloading -> data/raw/images/trome/2023/12/08/trome_2023-12-08_19.jpg
2026-07-18 15:23:44,737 [INFO] src.corpus_acquisition.downloader: Downloading page 20 from https://t.prcdn.co/img?file=eag82023120800000000001001&page=20&scale=80
2026-07-18 15:23:44,738 [INFO] src.corpus_acquisition.crawler: Downloading -> data/raw/images/trome/2023/12/08/trome_2023-12-08_20.jpg
2026-07-18 15:23:47,525 [INFO] src.corpus_acquisition.downloader: Downloading page 21 from https://t.prcdn.co/img?file=eag82023120800000000001001&page=21&scale=80
2026-07-18 15:23:47,525 [INFO] src.corpus_acquisition.crawler: Downloading -> data/raw/images/trome/2023/12/08/trome_2023-12-08_21.jpg
2026-07-18 15:23:50,823 [INFO] src.corpus_acquisition.downloader: Downloading page 22 from https://t.prcdn.co/img?file=eag82023120800000000001001&page=22&scale=80
2026-07-18 15:23:50,823 [INFO] src.corpus_acquisition.crawler: Downloading -> data/raw/images/trome/2023/12/08/trome_2023-12-08_22.jpg
2026-07-18 15:23:53,824 [INFO] src.corpus_acquisition.downloader: Downloading page 23 from https://t.prcdn.co/img?file=eag82023120800000000001001&page=23&scale=80
2026-07-18 15:23:53,824 [INFO] src.corpus_acquisition.crawler: Downloading -> data/raw/images/trome/2023/12/08/trome_2023-12-08_23.jpg
2026-07-18 15:23:56,137 [INFO] src.corpus_acquisition.downloader: Downloading page 24 from https://t.prcdn.co/img?file=eag82023120800000000001001&page=24&scale=80
2026-07-18 15:23:56,138 [INFO] src.corpus_acquisition.crawler: Downloading -> data/raw/images/trome/2023/12/08/trome_2023-12-08_24.jpg
2026-07-18 15:23:58,445 [INFO] src.corpus_acquisition.downloader: Downloading page 25 from https://t.prcdn.co/img?file=eag82023120800000000001001&page=25&scale=80
2026-07-18 15:23:58,446 [INFO] src.corpus_acquisition.crawler: Downloading -> data/raw/images/trome/2023/12/08/trome_2023-12-08_25.jpg
2026-07-18 15:24:01,225 [INFO] src.corpus_acquisition.downloader: Downloading page 26 from https://t.prcdn.co/img?file=eag82023120800000000001001&page=26&scale=80
2026-07-18 15:24:01,225 [INFO] src.corpus_acquisition.crawler: Downloading -> data/raw/images/trome/2023/12/08/trome_2023-12-08_26.jpg
2026-07-18 15:24:03,951 [INFO] src.corpus_acquisition.downloader: Downloading page 27 from https://t.prcdn.co/img?file=eag82023120800000000001001&page=27&scale=80
2026-07-18 15:24:03,952 [INFO] src.corpus_acquisition.crawler: Downloading -> data/raw/images/trome/2023/12/08/trome_2023-12-08_27.jpg
2026-07-18 15:24:06,766 [INFO] src.corpus_acquisition.downloader: Downloading page 28 from https://t.prcdn.co/img?file=eag82023120800000000001001&page=28&scale=80
2026-07-18 15:24:06,767 [INFO] src.corpus_acquisition.crawler: Downloading -> data/raw/images/trome/2023/12/08/trome_2023-12-08_28.jpg
2026-07-18 15:24:09,117 [INFO] src.corpus_acquisition.downloader: Downloading page 29 from https://t.prcdn.co/img?file=eag82023120800000000001001&page=29&scale=80
2026-07-18 15:24:09,118 [INFO] src.corpus_acquisition.crawler: Downloading -> data/raw/images/trome/2023/12/08/trome_2023-12-08_29.jpg
2026-07-18 15:24:09,334 [WARNING] src.corpus_acquisition.downloader: Page 29 not found (1/3).
2026-07-18 15:24:09,334 [INFO] src.corpus_acquisition.downloader: Downloading page 30 from https://t.prcdn.co/img?file=eag82023120800000000001001&page=30&scale=80
2026-07-18 15:24:09,334 [INFO] src.corpus_acquisition.crawler: Downloading -> data/raw/images/trome/2023/12/08/trome_2023-12-08_30.jpg
2026-07-18 15:24:09,569 [WARNING] src.corpus_acquisition.downloader: Page 30 not found (2/3).
2026-07-18 15:24:09,569 [INFO] src.corpus_acquisition.downloader: Downloading page 31 from https://t.prcdn.co/img?file=eag82023120800000000001001&page=31&scale=80
2026-07-18 15:24:09,570 [INFO] src.corpus_acquisition.crawler: Downloading -> data/raw/images/trome/2023/12/08/trome_2023-12-08_31.jpg
2026-07-18 15:24:09,859 [WARNING] src.corpus_acquisition.downloader: Page 31 not found (3/3).
2026-07-18 15:24:09,859 [WARNING] src.corpus_acquisition.downloader: No new pages found after 3 attempts; stopping with 28 page(s).
2026-07-18 15:24:09,902 [INFO] src.corpus_acquisition.metadata_extractor: Saved metadata for 28 page(s) -> data/raw/metadata/trome_metadata.parquet (total rows: 36136)
2026-07-18 15:24:09,904 [INFO] src.corpus_acquisition.metadata_extractor: Saved crawl log -> data/raw/crawl_logs/trome_2023-12-08.json (status=success)
2026-07-18 15:24:10,574 [INFO] src.corpus_acquisition.downloader: Downloading page 1 from https://t.prcdn.co/img?file=eag82023120900000000001001&page=1&scale=80
2026-07-18 15:24:10,575 [INFO] src.corpus_acquisition.crawler: Downloading -> data/raw/images/trome/2023/12/09/trome_2023-12-09_1.jpg
2026-07-18 15:24:12,498 [INFO] src.corpus_acquisition.downloader: Downloading page 2 from https://t.prcdn.co/img?file=eag82023120900000000001001&page=2&scale=80
2026-07-18 15:24:12,498 [INFO] src.corpus_acquisition.crawler: Downloading -> data/raw/images/trome/2023/12/09/trome_2023-12-09_2.jpg
2026-07-18 15:24:16,108 [INFO] src.corpus_acquisition.downloader: Downloading page 3 from https://t.prcdn.co/img?file=eag82023120900000000001001&page=3&scale=80
2026-07-18 15:24:16,109 [INFO] src.corpus_acquisition.crawler: Downloading -> data/raw/images/trome/2023/12/09/trome_2023-12-09_3.jpg
2026-07-18 15:24:19,135 [INFO] src.corpus_acquisition.downloader: Downloading page 4 from https://t.prcdn.co/img?file=eag82023120900000000001001&page=4&scale=80
2026-07-18 15:24:19,135 [INFO] src.corpus_acquisition.crawler: Downloading -> data/raw/images/trome/2023/12/09/trome_2023-12-09_4.jpg
2026-07-18 15:24:22,136 [INFO] src.corpus_acquisition.downloader: Downloading page 5 from https://t.prcdn.co/img?file=eag82023120900000000001001&page=5&scale=80
2026-07-18 15:24:22,136 [INFO] src.corpus_acquisition.crawler: Downloading -> data/raw/images/trome/2023/12/09/trome_2023-12-09_5.jpg
2026-07-18 15:24:25,328 [INFO] src.corpus_acquisition.downloader: Downloading page 6 from https://t.prcdn.co/img?file=eag82023120900000000001001&page=6&scale=80
2026-07-18 15:24:25,328 [INFO] src.corpus_acquisition.crawler: Downloading -> data/raw/images/trome/2023/12/09/trome_2023-12-09_6.jpg
2026-07-18 15:24:28,249 [INFO] src.corpus_acquisition.downloader: Downloading page 7 from https://t.prcdn.co/img?file=eag82023120900000000001001&page=7&scale=80
2026-07-18 15:24:28,249 [INFO] src.corpus_acquisition.crawler: Downloading -> data/raw/images/trome/2023/12/09/trome_2023-12-09_7.jpg
2026-07-18 15:24:31,626 [INFO] src.corpus_acquisition.downloader: Downloading page 8 from https://t.prcdn.co/img?file=eag82023120900000000001001&page=8&scale=80
2026-07-18 15:24:31,626 [INFO] src.corpus_acquisition.crawler: Downloading -> data/raw/images/trome/2023/12/09/trome_2023-12-09_8.jpg
2026-07-18 15:24:34,168 [INFO] src.corpus_acquisition.downloader: Downloading page 9 from https://t.prcdn.co/img?file=eag82023120900000000001001&page=9&scale=80
2026-07-18 15:24:34,168 [INFO] src.corpus_acquisition.crawler: Downloading -> data/raw/images/trome/2023/12/09/trome_2023-12-09_9.jpg
2026-07-18 15:24:37,239 [INFO] src.corpus_acquisition.downloader: Downloading page 10 from https://t.prcdn.co/img?file=eag82023120900000000001001&page=10&scale=80
2026-07-18 15:24:37,240 [INFO] src.corpus_acquisition.crawler: Downloading -> data/raw/images/trome/2023/12/09/trome_2023-12-09_10.jpg
2026-07-18 15:24:39,918 [INFO] src.corpus_acquisition.downloader: Downloading page 11 from https://t.prcdn.co/img?file=eag82023120900000000001001&page=11&scale=80
2026-07-18 15:24:39,919 [INFO] src.corpus_acquisition.crawler: Downloading -> data/raw/images/trome/2023/12/09/trome_2023-12-09_11.jpg
2026-07-18 15:24:42,654 [INFO] src.corpus_acquisition.downloader: Downloading page 12 from https://t.prcdn.co/img?file=eag82023120900000000001001&page=12&scale=80
2026-07-18 15:24:42,655 [INFO] src.corpus_acquisition.crawler: Downloading -> data/raw/images/trome/2023/12/09/trome_2023-12-09_12.jpg
2026-07-18 15:24:44,854 [INFO] src.corpus_acquisition.downloader: Downloading page 13 from https://t.prcdn.co/img?file=eag82023120900000000001001&page=13&scale=80
2026-07-18 15:24:44,854 [INFO] src.corpus_acquisition.crawler: Downloading -> data/raw/images/trome/2023/12/09/trome_2023-12-09_13.jpg
2026-07-18 15:24:47,957 [INFO] src.corpus_acquisition.downloader: Downloading page 14 from https://t.prcdn.co/img?file=eag82023120900000000001001&page=14&scale=80
2026-07-18 15:24:47,958 [INFO] src.corpus_acquisition.crawler: Downloading -> data/raw/images/trome/2023/12/09/trome_2023-12-09_14.jpg
2026-07-18 15:24:50,459 [INFO] src.corpus_acquisition.downloader: Downloading page 15 from https://t.prcdn.co/img?file=eag82023120900000000001001&page=15&scale=80
2026-07-18 15:24:50,460 [INFO] src.corpus_acquisition.crawler: Downloading -> data/raw/images/trome/2023/12/09/trome_2023-12-09_15.jpg
2026-07-18 15:24:52,833 [INFO] src.corpus_acquisition.downloader: Downloading page 16 from https://t.prcdn.co/img?file=eag82023120900000000001001&page=16&scale=80
2026-07-18 15:24:52,833 [INFO] src.corpus_acquisition.crawler: Downloading -> data/raw/images/trome/2023/12/09/trome_2023-12-09_16.jpg
2026-07-18 15:24:56,096 [INFO] src.corpus_acquisition.downloader: Downloading page 17 from https://t.prcdn.co/img?file=eag82023120900000000001001&page=17&scale=80
2026-07-18 15:24:56,096 [INFO] src.corpus_acquisition.crawler: Downloading -> data/raw/images/trome/2023/12/09/trome_2023-12-09_17.jpg
2026-07-18 15:24:58,694 [INFO] src.corpus_acquisition.downloader: Downloading page 18 from https://t.prcdn.co/img?file=eag82023120900000000001001&page=18&scale=80
2026-07-18 15:24:58,695 [INFO] src.corpus_acquisition.crawler: Downloading -> data/raw/images/trome/2023/12/09/trome_2023-12-09_18.jpg
2026-07-18 15:25:01,685 [INFO] src.corpus_acquisition.downloader: Downloading page 19 from https://t.prcdn.co/img?file=eag82023120900000000001001&page=19&scale=80
2026-07-18 15:25:01,685 [INFO] src.corpus_acquisition.crawler: Downloading -> data/raw/images/trome/2023/12/09/trome_2023-12-09_19.jpg
2026-07-18 15:25:04,748 [INFO] src.corpus_acquisition.downloader: Downloading page 20 from https://t.prcdn.co/img?file=eag82023120900000000001001&page=20&scale=80
2026-07-18 15:25:04,748 [INFO] src.corpus_acquisition.crawler: Downloading -> data/raw/images/trome/2023/12/09/trome_2023-12-09_20.jpg
2026-07-18 15:25:07,361 [INFO] src.corpus_acquisition.downloader: Downloading page 21 from https://t.prcdn.co/img?file=eag82023120900000000001001&page=21&scale=80
2026-07-18 15:25:07,361 [INFO] src.corpus_acquisition.crawler: Downloading -> data/raw/images/trome/2023/12/09/trome_2023-12-09_21.jpg
2026-07-18 15:25:10,076 [INFO] src.corpus_acquisition.downloader: Downloading page 22 from https://t.prcdn.co/img?file=eag82023120900000000001001&page=22&scale=80
2026-07-18 15:25:10,076 [INFO] src.corpus_acquisition.crawler: Downloading -> data/raw/images/trome/2023/12/09/trome_2023-12-09_22.jpg
2026-07-18 15:25:12,982 [INFO] src.corpus_acquisition.downloader: Downloading page 23 from https://t.prcdn.co/img?file=eag82023120900000000001001&page=23&scale=80
2026-07-18 15:25:12,982 [INFO] src.corpus_acquisition.crawler: Downloading -> data/raw/images/trome/2023/12/09/trome_2023-12-09_23.jpg
2026-07-18 15:25:15,894 [INFO] src.corpus_acquisition.downloader: Downloading page 24 from https://t.prcdn.co/img?file=eag82023120900000000001001&page=24&scale=80
2026-07-18 15:25:15,895 [INFO] src.corpus_acquisition.crawler: Downloading -> data/raw/images/trome/2023/12/09/trome_2023-12-09_24.jpg
2026-07-18 15:25:18,302 [INFO] src.corpus_acquisition.downloader: Downloading page 25 from https://t.prcdn.co/img?file=eag82023120900000000001001&page=25&scale=80
2026-07-18 15:25:18,302 [INFO] src.corpus_acquisition.crawler: Downloading -> data/raw/images/trome/2023/12/09/trome_2023-12-09_25.jpg
2026-07-18 15:25:18,558 [WARNING] src.corpus_acquisition.downloader: Page 25 not found (1/3).
2026-07-18 15:25:18,558 [INFO] src.corpus_acquisition.downloader: Downloading page 26 from https://t.prcdn.co/img?file=eag82023120900000000001001&page=26&scale=80
2026-07-18 15:25:18,559 [INFO] src.corpus_acquisition.crawler: Downloading -> data/raw/images/trome/2023/12/09/trome_2023-12-09_26.jpg
2026-07-18 15:25:18,811 [WARNING] src.corpus_acquisition.downloader: Page 26 not found (2/3).
2026-07-18 15:25:18,811 [INFO] src.corpus_acquisition.downloader: Downloading page 27 from https://t.prcdn.co/img?file=eag82023120900000000001001&page=27&scale=80
2026-07-18 15:25:18,812 [INFO] src.corpus_acquisition.crawler: Downloading -> data/raw/images/trome/2023/12/09/trome_2023-12-09_27.jpg
2026-07-18 15:25:19,154 [WARNING] src.corpus_acquisition.downloader: Page 27 not found (3/3).
2026-07-18 15:25:19,154 [WARNING] src.corpus_acquisition.downloader: No new pages found after 3 attempts; stopping with 24 page(s).
2026-07-18 15:25:19,199 [INFO] src.corpus_acquisition.metadata_extractor: Saved metadata for 24 page(s) -> data/raw/metadata/trome_metadata.parquet (total rows: 36160)
2026-07-18 15:25:19,202 [INFO] src.corpus_acquisition.metadata_extractor: Saved crawl log -> data/raw/crawl_logs/trome_2023-12-09.json (status=success)
2026-07-18 15:25:20,575 [INFO] src.corpus_acquisition.downloader: Downloading page 1 from https://t.prcdn.co/img?file=eag82023121000000000001001&page=1&scale=80
2026-07-18 15:25:20,575 [INFO] src.corpus_acquisition.crawler: Downloading -> data/raw/images/trome/2023/12/10/trome_2023-12-10_1.jpg
2026-07-18 15:25:23,127 [INFO] src.corpus_acquisition.downloader: Downloading page 2 from https://t.prcdn.co/img?file=eag82023121000000000001001&page=2&scale=80
2026-07-18 15:25:23,128 [INFO] src.corpus_acquisition.crawler: Downloading -> data/raw/images/trome/2023/12/10/trome_2023-12-10_2.jpg
2026-07-18 15:25:26,768 [INFO] src.corpus_acquisition.downloader: Downloading page 3 from https://t.prcdn.co/img?file=eag82023121000000000001001&page=3&scale=80
2026-07-18 15:25:26,769 [INFO] src.corpus_acquisition.crawler: Downloading -> data/raw/images/trome/2023/12/10/trome_2023-12-10_3.jpg
2026-07-18 15:25:28,931 [INFO] src.corpus_acquisition.downloader: Downloading page 4 from https://t.prcdn.co/img?file=eag82023121000000000001001&page=4&scale=80
2026-07-18 15:25:28,932 [INFO] src.corpus_acquisition.crawler: Downloading -> data/raw/images/trome/2023/12/10/trome_2023-12-10_4.jpg
2026-07-18 15:25:31,085 [INFO] src.corpus_acquisition.downloader: Downloading page 5 from https://t.prcdn.co/img?file=eag82023121000000000001001&page=5&scale=80
2026-07-18 15:25:31,086 [INFO] src.corpus_acquisition.crawler: Downloading -> data/raw/images/trome/2023/12/10/trome_2023-12-10_5.jpg
2026-07-18 15:25:34,222 [INFO] src.corpus_acquisition.downloader: Downloading page 6 from https://t.prcdn.co/img?file=eag82023121000000000001001&page=6&scale=80
2026-07-18 15:25:34,223 [INFO] src.corpus_acquisition.crawler: Downloading -> data/raw/images/trome/2023/12/10/trome_2023-12-10_6.jpg
2026-07-18 15:25:37,320 [INFO] src.corpus_acquisition.downloader: Downloading page 7 from https://t.prcdn.co/img?file=eag82023121000000000001001&page=7&scale=80
2026-07-18 15:25:37,321 [INFO] src.corpus_acquisition.crawler: Downloading -> data/raw/images/trome/2023/12/10/trome_2023-12-10_7.jpg
2026-07-18 15:25:39,964 [INFO] src.corpus_acquisition.downloader: Downloading page 8 from https://t.prcdn.co/img?file=eag82023121000000000001001&page=8&scale=80
2026-07-18 15:25:39,965 [INFO] src.corpus_acquisition.crawler: Downloading -> data/raw/images/trome/2023/12/10/trome_2023-12-10_8.jpg
2026-07-18 15:25:42,525 [INFO] src.corpus_acquisition.downloader: Downloading page 9 from https://t.prcdn.co/img?file=eag82023121000000000001001&page=9&scale=80
2026-07-18 15:25:42,526 [INFO] src.corpus_acquisition.crawler: Downloading -> data/raw/images/trome/2023/12/10/trome_2023-12-10_9.jpg
2026-07-18 15:25:48,228 [INFO] src.corpus_acquisition.downloader: Downloading page 10 from https://t.prcdn.co/img?file=eag82023121000000000001001&page=10&scale=80
2026-07-18 15:25:48,228 [INFO] src.corpus_acquisition.crawler: Downloading -> data/raw/images/trome/2023/12/10/trome_2023-12-10_10.jpg
2026-07-18 15:25:51,007 [INFO] src.corpus_acquisition.downloader: Downloading page 11 from https://t.prcdn.co/img?file=eag82023121000000000001001&page=11&scale=80
2026-07-18 15:25:51,007 [INFO] src.corpus_acquisition.crawler: Downloading -> data/raw/images/trome/2023/12/10/trome_2023-12-10_11.jpg
2026-07-18 15:25:53,841 [INFO] src.corpus_acquisition.downloader: Downloading page 12 from https://t.prcdn.co/img?file=eag82023121000000000001001&page=12&scale=80
2026-07-18 15:25:53,842 [INFO] src.corpus_acquisition.crawler: Downloading -> data/raw/images/trome/2023/12/10/trome_2023-12-10_12.jpg
2026-07-18 15:25:56,778 [INFO] src.corpus_acquisition.downloader: Downloading page 13 from https://t.prcdn.co/img?file=eag82023121000000000001001&page=13&scale=80
2026-07-18 15:25:56,778 [INFO] src.corpus_acquisition.crawler: Downloading -> data/raw/images/trome/2023/12/10/trome_2023-12-10_13.jpg
2026-07-18 15:25:59,775 [INFO] src.corpus_acquisition.downloader: Downloading page 14 from https://t.prcdn.co/img?file=eag82023121000000000001001&page=14&scale=80
2026-07-18 15:25:59,775 [INFO] src.corpus_acquisition.crawler: Downloading -> data/raw/images/trome/2023/12/10/trome_2023-12-10_14.jpg
2026-07-18 15:26:02,050 [INFO] src.corpus_acquisition.downloader: Downloading page 15 from https://t.prcdn.co/img?file=eag82023121000000000001001&page=15&scale=80
2026-07-18 15:26:02,050 [INFO] src.corpus_acquisition.crawler: Downloading -> data/raw/images/trome/2023/12/10/trome_2023-12-10_15.jpg
2026-07-18 15:26:04,782 [INFO] src.corpus_acquisition.downloader: Downloading page 16 from https://t.prcdn.co/img?file=eag82023121000000000001001&page=16&scale=80
2026-07-18 15:26:04,782 [INFO] src.corpus_acquisition.crawler: Downloading -> data/raw/images/trome/2023/12/10/trome_2023-12-10_16.jpg
2026-07-18 15:26:07,672 [INFO] src.corpus_acquisition.downloader: Downloading page 17 from https://t.prcdn.co/img?file=eag82023121000000000001001&page=17&scale=80
2026-07-18 15:26:07,672 [INFO] src.corpus_acquisition.crawler: Downloading -> data/raw/images/trome/2023/12/10/trome_2023-12-10_17.jpg
2026-07-18 15:26:10,034 [INFO] src.corpus_acquisition.downloader: Downloading page 18 from https://t.prcdn.co/img?file=eag82023121000000000001001&page=18&scale=80
2026-07-18 15:26:10,035 [INFO] src.corpus_acquisition.crawler: Downloading -> data/raw/images/trome/2023/12/10/trome_2023-12-10_18.jpg
2026-07-18 15:26:13,626 [INFO] src.corpus_acquisition.downloader: Downloading page 19 from https://t.prcdn.co/img?file=eag82023121000000000001001&page=19&scale=80
2026-07-18 15:26:13,626 [INFO] src.corpus_acquisition.crawler: Downloading -> data/raw/images/trome/2023/12/10/trome_2023-12-10_19.jpg
2026-07-18 15:26:16,595 [INFO] src.corpus_acquisition.downloader: Downloading page 20 from https://t.prcdn.co/img?file=eag82023121000000000001001&page=20&scale=80
2026-07-18 15:26:16,595 [INFO] src.corpus_acquisition.crawler: Downloading -> data/raw/images/trome/2023/12/10/trome_2023-12-10_20.jpg
2026-07-18 15:26:19,729 [INFO] src.corpus_acquisition.downloader: Downloading page 21 from https://t.prcdn.co/img?file=eag82023121000000000001001&page=21&scale=80
2026-07-18 15:26:19,729 [INFO] src.corpus_acquisition.crawler: Downloading -> data/raw/images/trome/2023/12/10/trome_2023-12-10_21.jpg
2026-07-18 15:26:22,257 [INFO] src.corpus_acquisition.downloader: Downloading page 22 from https://t.prcdn.co/img?file=eag82023121000000000001001&page=22&scale=80
2026-07-18 15:26:22,257 [INFO] src.corpus_acquisition.crawler: Downloading -> data/raw/images/trome/2023/12/10/trome_2023-12-10_22.jpg
2026-07-18 15:26:25,131 [INFO] src.corpus_acquisition.downloader: Downloading page 23 from https://t.prcdn.co/img?file=eag82023121000000000001001&page=23&scale=80
2026-07-18 15:26:25,131 [INFO] src.corpus_acquisition.crawler: Downloading -> data/raw/images/trome/2023/12/10/trome_2023-12-10_23.jpg
2026-07-18 15:26:28,292 [INFO] src.corpus_acquisition.downloader: Downloading page 24 from https://t.prcdn.co/img?file=eag82023121000000000001001&page=24&scale=80
2026-07-18 15:26:28,293 [INFO] src.corpus_acquisition.crawler: Downloading -> data/raw/images/trome/2023/12/10/trome_2023-12-10_24.jpg
2026-07-18 15:26:30,642 [INFO] src.corpus_acquisition.downloader: Downloading page 25 from https://t.prcdn.co/img?file=eag82023121000000000001001&page=25&scale=80
2026-07-18 15:26:30,642 [INFO] src.corpus_acquisition.crawler: Downloading -> data/raw/images/trome/2023/12/10/trome_2023-12-10_25.jpg
2026-07-18 15:26:33,490 [INFO] src.corpus_acquisition.downloader: Downloading page 26 from https://t.prcdn.co/img?file=eag82023121000000000001001&page=26&scale=80
2026-07-18 15:26:33,490 [INFO] src.corpus_acquisition.crawler: Downloading -> data/raw/images/trome/2023/12/10/trome_2023-12-10_26.jpg
2026-07-18 15:26:36,310 [INFO] src.corpus_acquisition.downloader: Downloading page 27 from https://t.prcdn.co/img?file=eag82023121000000000001001&page=27&scale=80
2026-07-18 15:26:36,310 [INFO] src.corpus_acquisition.crawler: Downloading -> data/raw/images/trome/2023/12/10/trome_2023-12-10_27.jpg
2026-07-18 15:26:39,311 [INFO] src.corpus_acquisition.downloader: Downloading page 28 from https://t.prcdn.co/img?file=eag82023121000000000001001&page=28&scale=80
2026-07-18 15:26:39,311 [INFO] src.corpus_acquisition.crawler: Downloading -> data/raw/images/trome/2023/12/10/trome_2023-12-10_28.jpg
2026-07-18 15:26:42,007 [INFO] src.corpus_acquisition.downloader: Downloading page 29 from https://t.prcdn.co/img?file=eag82023121000000000001001&page=29&scale=80
2026-07-18 15:26:42,007 [INFO] src.corpus_acquisition.crawler: Downloading -> data/raw/images/trome/2023/12/10/trome_2023-12-10_29.jpg
2026-07-18 15:26:42,238 [WARNING] src.corpus_acquisition.downloader: Page 29 not found (1/3).
2026-07-18 15:26:42,239 [INFO] src.corpus_acquisition.downloader: Downloading page 30 from https://t.prcdn.co/img?file=eag82023121000000000001001&page=30&scale=80
2026-07-18 15:26:42,239 [INFO] src.corpus_acquisition.crawler: Downloading -> data/raw/images/trome/2023/12/10/trome_2023-12-10_30.jpg
2026-07-18 15:26:42,448 [WARNING] src.corpus_acquisition.downloader: Page 30 not found (2/3).
2026-07-18 15:26:42,448 [INFO] src.corpus_acquisition.downloader: Downloading page 31 from https://t.prcdn.co/img?file=eag82023121000000000001001&page=31&scale=80
2026-07-18 15:26:42,448 [INFO] src.corpus_acquisition.crawler: Downloading -> data/raw/images/trome/2023/12/10/trome_2023-12-10_31.jpg
2026-07-18 15:26:42,844 [WARNING] src.corpus_acquisition.downloader: Page 31 not found (3/3).
2026-07-18 15:26:42,844 [WARNING] src.corpus_acquisition.downloader: No new pages found after 3 attempts; stopping with 28 page(s).
2026-07-18 15:26:42,887 [INFO] src.corpus_acquisition.metadata_extractor: Saved metadata for 28 page(s) -> data/raw/metadata/trome_metadata.parquet (total rows: 36188)
2026-07-18 15:26:42,890 [INFO] src.corpus_acquisition.metadata_extractor: Saved crawl log -> data/raw/crawl_logs/trome_2023-12-10.json (status=success)
2026-07-18 15:26:43,496 [INFO] src.corpus_acquisition.downloader: Downloading page 1 from https://t.prcdn.co/img?file=eag82023121100000000001001&page=1&scale=80
2026-07-18 15:26:43,497 [INFO] src.corpus_acquisition.crawler: Downloading -> data/raw/images/trome/2023/12/11/trome_2023-12-11_1.jpg
2026-07-18 15:26:45,378 [INFO] src.corpus_acquisition.downloader: Downloading page 2 from https://t.prcdn.co/img?file=eag82023121100000000001001&page=2&scale=80
2026-07-18 15:26:45,378 [INFO] src.corpus_acquisition.crawler: Downloading -> data/raw/images/trome/2023/12/11/trome_2023-12-11_2.jpg
2026-07-18 15:26:49,231 [INFO] src.corpus_acquisition.downloader: Downloading page 3 from https://t.prcdn.co/img?file=eag82023121100000000001001&page=3&scale=80
2026-07-18 15:26:49,232 [INFO] src.corpus_acquisition.crawler: Downloading -> data/raw/images/trome/2023/12/11/trome_2023-12-11_3.jpg
2026-07-18 15:26:51,712 [INFO] src.corpus_acquisition.downloader: Downloading page 4 from https://t.prcdn.co/img?file=eag82023121100000000001001&page=4&scale=80
2026-07-18 15:26:51,713 [INFO] src.corpus_acquisition.crawler: Downloading -> data/raw/images/trome/2023/12/11/trome_2023-12-11_4.jpg
2026-07-18 15:26:54,813 [INFO] src.corpus_acquisition.downloader: Downloading page 5 from https://t.prcdn.co/img?file=eag82023121100000000001001&page=5&scale=80
2026-07-18 15:26:54,814 [INFO] src.corpus_acquisition.crawler: Downloading -> data/raw/images/trome/2023/12/11/trome_2023-12-11_5.jpg
2026-07-18 15:26:57,256 [INFO] src.corpus_acquisition.downloader: Downloading page 6 from https://t.prcdn.co/img?file=eag82023121100000000001001&page=6&scale=80
2026-07-18 15:26:57,257 [INFO] src.corpus_acquisition.crawler: Downloading -> data/raw/images/trome/2023/12/11/trome_2023-12-11_6.jpg
2026-07-18 15:26:59,839 [INFO] src.corpus_acquisition.downloader: Downloading page 7 from https://t.prcdn.co/img?file=eag82023121100000000001001&page=7&scale=80
2026-07-18 15:26:59,839 [INFO] src.corpus_acquisition.crawler: Downloading -> data/raw/images/trome/2023/12/11/trome_2023-12-11_7.jpg
2026-07-18 15:27:02,216 [INFO] src.corpus_acquisition.downloader: Downloading page 8 from https://t.prcdn.co/img?file=eag82023121100000000001001&page=8&scale=80
2026-07-18 15:27:02,217 [INFO] src.corpus_acquisition.crawler: Downloading -> data/raw/images/trome/2023/12/11/trome_2023-12-11_8.jpg
2026-07-18 15:27:05,281 [INFO] src.corpus_acquisition.downloader: Downloading page 9 from https://t.prcdn.co/img?file=eag82023121100000000001001&page=9&scale=80
2026-07-18 15:27:05,282 [INFO] src.corpus_acquisition.crawler: Downloading -> data/raw/images/trome/2023/12/11/trome_2023-12-11_9.jpg
2026-07-18 15:27:08,337 [INFO] src.corpus_acquisition.downloader: Downloading page 10 from https://t.prcdn.co/img?file=eag82023121100000000001001&page=10&scale=80
2026-07-18 15:27:08,338 [INFO] src.corpus_acquisition.crawler: Downloading -> data/raw/images/trome/2023/12/11/trome_2023-12-11_10.jpg
2026-07-18 15:27:10,981 [INFO] src.corpus_acquisition.downloader: Downloading page 11 from https://t.prcdn.co/img?file=eag82023121100000000001001&page=11&scale=80
2026-07-18 15:27:10,982 [INFO] src.corpus_acquisition.crawler: Downloading -> data/raw/images/trome/2023/12/11/trome_2023-12-11_11.jpg
2026-07-18 15:27:13,293 [INFO] src.corpus_acquisition.downloader: Downloading page 12 from https://t.prcdn.co/img?file=eag82023121100000000001001&page=12&scale=80
2026-07-18 15:27:13,293 [INFO] src.corpus_acquisition.crawler: Downloading -> data/raw/images/trome/2023/12/11/trome_2023-12-11_12.jpg
2026-07-18 15:27:15,628 [INFO] src.corpus_acquisition.downloader: Downloading page 13 from https://t.prcdn.co/img?file=eag82023121100000000001001&page=13&scale=80
2026-07-18 15:27:15,628 [INFO] src.corpus_acquisition.crawler: Downloading -> data/raw/images/trome/2023/12/11/trome_2023-12-11_13.jpg
2026-07-18 15:27:18,389 [INFO] src.corpus_acquisition.downloader: Downloading page 14 from https://t.prcdn.co/img?file=eag82023121100000000001001&page=14&scale=80
2026-07-18 15:27:18,390 [INFO] src.corpus_acquisition.crawler: Downloading -> data/raw/images/trome/2023/12/11/trome_2023-12-11_14.jpg
2026-07-18 15:27:21,628 [INFO] src.corpus_acquisition.downloader: Downloading page 15 from https://t.prcdn.co/img?file=eag82023121100000000001001&page=15&scale=80
2026-07-18 15:27:21,629 [INFO] src.corpus_acquisition.crawler: Downloading -> data/raw/images/trome/2023/12/11/trome_2023-12-11_15.jpg
2026-07-18 15:27:24,782 [INFO] src.corpus_acquisition.downloader: Downloading page 16 from https://t.prcdn.co/img?file=eag82023121100000000001001&page=16&scale=80
2026-07-18 15:27:24,782 [INFO] src.corpus_acquisition.crawler: Downloading -> data/raw/images/trome/2023/12/11/trome_2023-12-11_16.jpg
2026-07-18 15:27:27,787 [INFO] src.corpus_acquisition.downloader: Downloading page 17 from https://t.prcdn.co/img?file=eag82023121100000000001001&page=17&scale=80
2026-07-18 15:27:27,787 [INFO] src.corpus_acquisition.crawler: Downloading -> data/raw/images/trome/2023/12/11/trome_2023-12-11_17.jpg
2026-07-18 15:27:30,745 [INFO] src.corpus_acquisition.downloader: Downloading page 18 from https://t.prcdn.co/img?file=eag82023121100000000001001&page=18&scale=80
2026-07-18 15:27:30,745 [INFO] src.corpus_acquisition.crawler: Downloading -> data/raw/images/trome/2023/12/11/trome_2023-12-11_18.jpg
2026-07-18 15:27:33,351 [INFO] src.corpus_acquisition.downloader: Downloading page 19 from https://t.prcdn.co/img?file=eag82023121100000000001001&page=19&scale=80
2026-07-18 15:27:33,352 [INFO] src.corpus_acquisition.crawler: Downloading -> data/raw/images/trome/2023/12/11/trome_2023-12-11_19.jpg
2026-07-18 15:27:35,743 [INFO] src.corpus_acquisition.downloader: Downloading page 20 from https://t.prcdn.co/img?file=eag82023121100000000001001&page=20&scale=80
2026-07-18 15:27:35,743 [INFO] src.corpus_acquisition.crawler: Downloading -> data/raw/images/trome/2023/12/11/trome_2023-12-11_20.jpg
2026-07-18 15:27:38,166 [INFO] src.corpus_acquisition.downloader: Downloading page 21 from https://t.prcdn.co/img?file=eag82023121100000000001001&page=21&scale=80
2026-07-18 15:27:38,166 [INFO] src.corpus_acquisition.crawler: Downloading -> data/raw/images/trome/2023/12/11/trome_2023-12-11_21.jpg
2026-07-18 15:27:40,740 [INFO] src.corpus_acquisition.downloader: Downloading page 22 from https://t.prcdn.co/img?file=eag82023121100000000001001&page=22&scale=80
2026-07-18 15:27:40,740 [INFO] src.corpus_acquisition.crawler: Downloading -> data/raw/images/trome/2023/12/11/trome_2023-12-11_22.jpg
2026-07-18 15:27:43,802 [INFO] src.corpus_acquisition.downloader: Downloading page 23 from https://t.prcdn.co/img?file=eag82023121100000000001001&page=23&scale=80
2026-07-18 15:27:43,803 [INFO] src.corpus_acquisition.crawler: Downloading -> data/raw/images/trome/2023/12/11/trome_2023-12-11_23.jpg
2026-07-18 15:27:47,554 [INFO] src.corpus_acquisition.downloader: Downloading page 24 from https://t.prcdn.co/img?file=eag82023121100000000001001&page=24&scale=80
2026-07-18 15:27:47,554 [INFO] src.corpus_acquisition.crawler: Downloading -> data/raw/images/trome/2023/12/11/trome_2023-12-11_24.jpg
2026-07-18 15:27:47,853 [WARNING] src.corpus_acquisition.downloader: Page 24 not found (1/3).
2026-07-18 15:27:47,854 [INFO] src.corpus_acquisition.downloader: Downloading page 25 from https://t.prcdn.co/img?file=eag82023121100000000001001&page=25&scale=80
2026-07-18 15:27:47,854 [INFO] src.corpus_acquisition.crawler: Downloading -> data/raw/images/trome/2023/12/11/trome_2023-12-11_25.jpg
2026-07-18 15:27:48,067 [WARNING] src.corpus_acquisition.downloader: Page 25 not found (2/3).
2026-07-18 15:27:48,067 [INFO] src.corpus_acquisition.downloader: Downloading page 26 from https://t.prcdn.co/img?file=eag82023121100000000001001&page=26&scale=80
2026-07-18 15:27:48,068 [INFO] src.corpus_acquisition.crawler: Downloading -> data/raw/images/trome/2023/12/11/trome_2023-12-11_26.jpg
2026-07-18 15:27:48,275 [WARNING] src.corpus_acquisition.downloader: Page 26 not found (3/3).
2026-07-18 15:27:48,275 [WARNING] src.corpus_acquisition.downloader: No new pages found after 3 attempts; stopping with 23 page(s).
2026-07-18 15:27:48,317 [INFO] src.corpus_acquisition.metadata_extractor: Saved metadata for 23 page(s) -> data/raw/metadata/trome_metadata.parquet (total rows: 36211)
2026-07-18 15:27:48,320 [INFO] src.corpus_acquisition.metadata_extractor: Saved crawl log -> data/raw/crawl_logs/trome_2023-12-11.json (status=success)
2026-07-18 15:27:48,943 [INFO] src.corpus_acquisition.downloader: Downloading page 1 from https://t.prcdn.co/img?file=eag82023121200000000001001&page=1&scale=80
2026-07-18 15:27:48,943 [INFO] src.corpus_acquisition.crawler: Downloading -> data/raw/images/trome/2023/12/12/trome_2023-12-12_1.jpg
2026-07-18 15:27:51,741 [INFO] src.corpus_acquisition.downloader: Downloading page 2 from https://t.prcdn.co/img?file=eag82023121200000000001001&page=2&scale=80
2026-07-18 15:27:51,742 [INFO] src.corpus_acquisition.crawler: Downloading -> data/raw/images/trome/2023/12/12/trome_2023-12-12_2.jpg
2026-07-18 15:27:54,653 [INFO] src.corpus_acquisition.downloader: Downloading page 3 from https://t.prcdn.co/img?file=eag82023121200000000001001&page=3&scale=80
2026-07-18 15:27:54,653 [INFO] src.corpus_acquisition.crawler: Downloading -> data/raw/images/trome/2023/12/12/trome_2023-12-12_3.jpg
2026-07-18 15:27:57,540 [INFO] src.corpus_acquisition.downloader: Downloading page 4 from https://t.prcdn.co/img?file=eag82023121200000000001001&page=4&scale=80
2026-07-18 15:27:57,541 [INFO] src.corpus_acquisition.crawler: Downloading -> data/raw/images/trome/2023/12/12/trome_2023-12-12_4.jpg
2026-07-18 15:28:00,047 [INFO] src.corpus_acquisition.downloader: Downloading page 5 from https://t.prcdn.co/img?file=eag82023121200000000001001&page=5&scale=80
2026-07-18 15:28:00,047 [INFO] src.corpus_acquisition.crawler: Downloading -> data/raw/images/trome/2023/12/12/trome_2023-12-12_5.jpg
2026-07-18 15:28:02,632 [INFO] src.corpus_acquisition.downloader: Downloading page 6 from https://t.prcdn.co/img?file=eag82023121200000000001001&page=6&scale=80
2026-07-18 15:28:02,632 [INFO] src.corpus_acquisition.crawler: Downloading -> data/raw/images/trome/2023/12/12/trome_2023-12-12_6.jpg
2026-07-18 15:28:05,151 [INFO] src.corpus_acquisition.downloader: Downloading page 7 from https://t.prcdn.co/img?file=eag82023121200000000001001&page=7&scale=80
2026-07-18 15:28:05,152 [INFO] src.corpus_acquisition.crawler: Downloading -> data/raw/images/trome/2023/12/12/trome_2023-12-12_7.jpg
2026-07-18 15:28:07,841 [INFO] src.corpus_acquisition.downloader: Downloading page 8 from https://t.prcdn.co/img?file=eag82023121200000000001001&page=8&scale=80
2026-07-18 15:28:07,841 [INFO] src.corpus_acquisition.crawler: Downloading -> data/raw/images/trome/2023/12/12/trome_2023-12-12_8.jpg
2026-07-18 15:28:10,522 [INFO] src.corpus_acquisition.downloader: Downloading page 9 from https://t.prcdn.co/img?file=eag82023121200000000001001&page=9&scale=80
2026-07-18 15:28:10,523 [INFO] src.corpus_acquisition.crawler: Downloading -> data/raw/images/trome/2023/12/12/trome_2023-12-12_9.jpg
2026-07-18 15:28:13,184 [INFO] src.corpus_acquisition.downloader: Downloading page 10 from https://t.prcdn.co/img?file=eag82023121200000000001001&page=10&scale=80
2026-07-18 15:28:13,184 [INFO] src.corpus_acquisition.crawler: Downloading -> data/raw/images/trome/2023/12/12/trome_2023-12-12_10.jpg
2026-07-18 15:28:15,913 [INFO] src.corpus_acquisition.downloader: Downloading page 11 from https://t.prcdn.co/img?file=eag82023121200000000001001&page=11&scale=80
2026-07-18 15:28:15,913 [INFO] src.corpus_acquisition.crawler: Downloading -> data/raw/images/trome/2023/12/12/trome_2023-12-12_11.jpg
2026-07-18 15:28:19,348 [INFO] src.corpus_acquisition.downloader: Downloading page 12 from https://t.prcdn.co/img?file=eag82023121200000000001001&page=12&scale=80
2026-07-18 15:28:19,348 [INFO] src.corpus_acquisition.crawler: Downloading -> data/raw/images/trome/2023/12/12/trome_2023-12-12_12.jpg
2026-07-18 15:28:22,317 [INFO] src.corpus_acquisition.downloader: Downloading page 13 from https://t.prcdn.co/img?file=eag82023121200000000001001&page=13&scale=80
2026-07-18 15:28:22,317 [INFO] src.corpus_acquisition.crawler: Downloading -> data/raw/images/trome/2023/12/12/trome_2023-12-12_13.jpg
2026-07-18 15:28:24,803 [INFO] src.corpus_acquisition.downloader: Downloading page 14 from https://t.prcdn.co/img?file=eag82023121200000000001001&page=14&scale=80
2026-07-18 15:28:24,803 [INFO] src.corpus_acquisition.crawler: Downloading -> data/raw/images/trome/2023/12/12/trome_2023-12-12_14.jpg
2026-07-18 15:28:27,704 [INFO] src.corpus_acquisition.downloader: Downloading page 15 from https://t.prcdn.co/img?file=eag82023121200000000001001&page=15&scale=80
2026-07-18 15:28:27,705 [INFO] src.corpus_acquisition.crawler: Downloading -> data/raw/images/trome/2023/12/12/trome_2023-12-12_15.jpg
2026-07-18 15:28:30,962 [INFO] src.corpus_acquisition.downloader: Downloading page 16 from https://t.prcdn.co/img?file=eag82023121200000000001001&page=16&scale=80
2026-07-18 15:28:30,963 [INFO] src.corpus_acquisition.crawler: Downloading -> data/raw/images/trome/2023/12/12/trome_2023-12-12_16.jpg
2026-07-18 15:28:33,386 [INFO] src.corpus_acquisition.downloader: Downloading page 17 from https://t.prcdn.co/img?file=eag82023121200000000001001&page=17&scale=80
2026-07-18 15:28:33,386 [INFO] src.corpus_acquisition.crawler: Downloading -> data/raw/images/trome/2023/12/12/trome_2023-12-12_17.jpg
2026-07-18 15:28:36,020 [INFO] src.corpus_acquisition.downloader: Downloading page 18 from https://t.prcdn.co/img?file=eag82023121200000000001001&page=18&scale=80
2026-07-18 15:28:36,020 [INFO] src.corpus_acquisition.crawler: Downloading -> data/raw/images/trome/2023/12/12/trome_2023-12-12_18.jpg
2026-07-18 15:28:39,342 [INFO] src.corpus_acquisition.downloader: Downloading page 19 from https://t.prcdn.co/img?file=eag82023121200000000001001&page=19&scale=80
2026-07-18 15:28:39,342 [INFO] src.corpus_acquisition.crawler: Downloading -> data/raw/images/trome/2023/12/12/trome_2023-12-12_19.jpg
2026-07-18 15:28:41,816 [INFO] src.corpus_acquisition.downloader: Downloading page 20 from https://t.prcdn.co/img?file=eag82023121200000000001001&page=20&scale=80
2026-07-18 15:28:41,816 [INFO] src.corpus_acquisition.crawler: Downloading -> data/raw/images/trome/2023/12/12/trome_2023-12-12_20.jpg
2026-07-18 15:28:44,643 [INFO] src.corpus_acquisition.downloader: Downloading page 21 from https://t.prcdn.co/img?file=eag82023121200000000001001&page=21&scale=80
2026-07-18 15:28:44,643 [INFO] src.corpus_acquisition.crawler: Downloading -> data/raw/images/trome/2023/12/12/trome_2023-12-12_21.jpg
2026-07-18 15:28:48,334 [INFO] src.corpus_acquisition.downloader: Downloading page 22 from https://t.prcdn.co/img?file=eag82023121200000000001001&page=22&scale=80
2026-07-18 15:28:48,334 [INFO] src.corpus_acquisition.crawler: Downloading -> data/raw/images/trome/2023/12/12/trome_2023-12-12_22.jpg
2026-07-18 15:28:50,788 [INFO] src.corpus_acquisition.downloader: Downloading page 23 from https://t.prcdn.co/img?file=eag82023121200000000001001&page=23&scale=80
2026-07-18 15:28:50,788 [INFO] src.corpus_acquisition.crawler: Downloading -> data/raw/images/trome/2023/12/12/trome_2023-12-12_23.jpg
2026-07-18 15:28:53,534 [INFO] src.corpus_acquisition.downloader: Downloading page 24 from https://t.prcdn.co/img?file=eag82023121200000000001001&page=24&scale=80
2026-07-18 15:28:53,534 [INFO] src.corpus_acquisition.crawler: Downloading -> data/raw/images/trome/2023/12/12/trome_2023-12-12_24.jpg
2026-07-18 15:28:55,907 [INFO] src.corpus_acquisition.downloader: Downloading page 25 from https://t.prcdn.co/img?file=eag82023121200000000001001&page=25&scale=80
2026-07-18 15:28:55,907 [INFO] src.corpus_acquisition.crawler: Downloading -> data/raw/images/trome/2023/12/12/trome_2023-12-12_25.jpg
2026-07-18 15:28:56,112 [WARNING] src.corpus_acquisition.downloader: Page 25 not found (1/3).
2026-07-18 15:28:56,113 [INFO] src.corpus_acquisition.downloader: Downloading page 26 from https://t.prcdn.co/img?file=eag82023121200000000001001&page=26&scale=80
2026-07-18 15:28:56,113 [INFO] src.corpus_acquisition.crawler: Downloading -> data/raw/images/trome/2023/12/12/trome_2023-12-12_26.jpg
2026-07-18 15:28:56,320 [WARNING] src.corpus_acquisition.downloader: Page 26 not found (2/3).
2026-07-18 15:28:56,321 [INFO] src.corpus_acquisition.downloader: Downloading page 27 from https://t.prcdn.co/img?file=eag82023121200000000001001&page=27&scale=80
2026-07-18 15:28:56,321 [INFO] src.corpus_acquisition.crawler: Downloading -> data/raw/images/trome/2023/12/12/trome_2023-12-12_27.jpg
2026-07-18 15:28:56,522 [WARNING] src.corpus_acquisition.downloader: Page 27 not found (3/3).
2026-07-18 15:28:56,523 [WARNING] src.corpus_acquisition.downloader: No new pages found after 3 attempts; stopping with 24 page(s).
2026-07-18 15:28:56,566 [INFO] src.corpus_acquisition.metadata_extractor: Saved metadata for 24 page(s) -> data/raw/metadata/trome_metadata.parquet (total rows: 36235)
2026-07-18 15:28:56,571 [INFO] src.corpus_acquisition.metadata_extractor: Saved crawl log -> data/raw/crawl_logs/trome_2023-12-12.json (status=success)
2026-07-18 15:28:57,386 [INFO] src.corpus_acquisition.downloader: Downloading page 1 from https://t.prcdn.co/img?file=eag82023121300000000001001&page=1&scale=80
2026-07-18 15:28:57,386 [INFO] src.corpus_acquisition.crawler: Downloading -> data/raw/images/trome/2023/12/13/trome_2023-12-13_1.jpg
2026-07-18 15:28:59,452 [INFO] src.corpus_acquisition.downloader: Downloading page 2 from https://t.prcdn.co/img?file=eag82023121300000000001001&page=2&scale=80
2026-07-18 15:28:59,452 [INFO] src.corpus_acquisition.crawler: Downloading -> data/raw/images/trome/2023/12/13/trome_2023-12-13_2.jpg
2026-07-18 15:29:02,530 [INFO] src.corpus_acquisition.downloader: Downloading page 3 from https://t.prcdn.co/img?file=eag82023121300000000001001&page=3&scale=80
2026-07-18 15:29:02,530 [INFO] src.corpus_acquisition.crawler: Downloading -> data/raw/images/trome/2023/12/13/trome_2023-12-13_3.jpg
2026-07-18 15:29:05,784 [INFO] src.corpus_acquisition.downloader: Downloading page 4 from https://t.prcdn.co/img?file=eag82023121300000000001001&page=4&scale=80
2026-07-18 15:29:05,784 [INFO] src.corpus_acquisition.crawler: Downloading -> data/raw/images/trome/2023/12/13/trome_2023-12-13_4.jpg
2026-07-18 15:29:08,330 [INFO] src.corpus_acquisition.downloader: Downloading page 5 from https://t.prcdn.co/img?file=eag82023121300000000001001&page=5&scale=80
2026-07-18 15:29:08,330 [INFO] src.corpus_acquisition.crawler: Downloading -> data/raw/images/trome/2023/12/13/trome_2023-12-13_5.jpg
2026-07-18 15:29:11,209 [INFO] src.corpus_acquisition.downloader: Downloading page 6 from https://t.prcdn.co/img?file=eag82023121300000000001001&page=6&scale=80
2026-07-18 15:29:11,210 [INFO] src.corpus_acquisition.crawler: Downloading -> data/raw/images/trome/2023/12/13/trome_2023-12-13_6.jpg
2026-07-18 15:29:14,555 [INFO] src.corpus_acquisition.downloader: Downloading page 7 from https://t.prcdn.co/img?file=eag82023121300000000001001&page=7&scale=80
2026-07-18 15:29:14,555 [INFO] src.corpus_acquisition.crawler: Downloading -> data/raw/images/trome/2023/12/13/trome_2023-12-13_7.jpg
2026-07-18 15:29:18,144 [INFO] src.corpus_acquisition.downloader: Downloading page 8 from https://t.prcdn.co/img?file=eag82023121300000000001001&page=8&scale=80
2026-07-18 15:29:18,144 [INFO] src.corpus_acquisition.crawler: Downloading -> data/raw/images/trome/2023/12/13/trome_2023-12-13_8.jpg
2026-07-18 15:29:21,543 [INFO] src.corpus_acquisition.downloader: Downloading page 9 from https://t.prcdn.co/img?file=eag82023121300000000001001&page=9&scale=80
2026-07-18 15:29:21,544 [INFO] src.corpus_acquisition.crawler: Downloading -> data/raw/images/trome/2023/12/13/trome_2023-12-13_9.jpg
2026-07-18 15:29:23,453 [INFO] src.corpus_acquisition.downloader: Downloading page 10 from https://t.prcdn.co/img?file=eag82023121300000000001001&page=10&scale=80
2026-07-18 15:29:23,454 [INFO] src.corpus_acquisition.crawler: Downloading -> data/raw/images/trome/2023/12/13/trome_2023-12-13_10.jpg
2026-07-18 15:29:27,045 [INFO] src.corpus_acquisition.downloader: Downloading page 11 from https://t.prcdn.co/img?file=eag82023121300000000001001&page=11&scale=80
2026-07-18 15:29:27,046 [INFO] src.corpus_acquisition.crawler: Downloading -> data/raw/images/trome/2023/12/13/trome_2023-12-13_11.jpg
2026-07-18 15:29:29,789 [INFO] src.corpus_acquisition.downloader: Downloading page 12 from https://t.prcdn.co/img?file=eag82023121300000000001001&page=12&scale=80
2026-07-18 15:29:29,789 [INFO] src.corpus_acquisition.crawler: Downloading -> data/raw/images/trome/2023/12/13/trome_2023-12-13_12.jpg
2026-07-18 15:29:32,937 [INFO] src.corpus_acquisition.downloader: Downloading page 13 from https://t.prcdn.co/img?file=eag82023121300000000001001&page=13&scale=80
2026-07-18 15:29:32,937 [INFO] src.corpus_acquisition.crawler: Downloading -> data/raw/images/trome/2023/12/13/trome_2023-12-13_13.jpg
2026-07-18 15:29:35,498 [INFO] src.corpus_acquisition.downloader: Downloading page 14 from https://t.prcdn.co/img?file=eag82023121300000000001001&page=14&scale=80
2026-07-18 15:29:35,498 [INFO] src.corpus_acquisition.crawler: Downloading -> data/raw/images/trome/2023/12/13/trome_2023-12-13_14.jpg
2026-07-18 15:29:38,020 [INFO] src.corpus_acquisition.downloader: Downloading page 15 from https://t.prcdn.co/img?file=eag82023121300000000001001&page=15&scale=80
2026-07-18 15:29:38,020 [INFO] src.corpus_acquisition.crawler: Downloading -> data/raw/images/trome/2023/12/13/trome_2023-12-13_15.jpg
2026-07-18 15:29:40,491 [INFO] src.corpus_acquisition.downloader: Downloading page 16 from https://t.prcdn.co/img?file=eag82023121300000000001001&page=16&scale=80
2026-07-18 15:29:40,491 [INFO] src.corpus_acquisition.crawler: Downloading -> data/raw/images/trome/2023/12/13/trome_2023-12-13_16.jpg
2026-07-18 15:29:42,900 [INFO] src.corpus_acquisition.downloader: Downloading page 17 from https://t.prcdn.co/img?file=eag82023121300000000001001&page=17&scale=80
2026-07-18 15:29:42,901 [INFO] src.corpus_acquisition.crawler: Downloading -> data/raw/images/trome/2023/12/13/trome_2023-12-13_17.jpg
2026-07-18 15:29:46,258 [INFO] src.corpus_acquisition.downloader: Downloading page 18 from https://t.prcdn.co/img?file=eag82023121300000000001001&page=18&scale=80
2026-07-18 15:29:46,258 [INFO] src.corpus_acquisition.crawler: Downloading -> data/raw/images/trome/2023/12/13/trome_2023-12-13_18.jpg
2026-07-18 15:29:49,188 [INFO] src.corpus_acquisition.downloader: Downloading page 19 from https://t.prcdn.co/img?file=eag82023121300000000001001&page=19&scale=80
2026-07-18 15:29:49,189 [INFO] src.corpus_acquisition.crawler: Downloading -> data/raw/images/trome/2023/12/13/trome_2023-12-13_19.jpg
2026-07-18 15:29:51,896 [INFO] src.corpus_acquisition.downloader: Downloading page 20 from https://t.prcdn.co/img?file=eag82023121300000000001001&page=20&scale=80
2026-07-18 15:29:51,897 [INFO] src.corpus_acquisition.crawler: Downloading -> data/raw/images/trome/2023/12/13/trome_2023-12-13_20.jpg
2026-07-18 15:29:54,896 [INFO] src.corpus_acquisition.downloader: Downloading page 21 from https://t.prcdn.co/img?file=eag82023121300000000001001&page=21&scale=80
2026-07-18 15:29:54,896 [INFO] src.corpus_acquisition.crawler: Downloading -> data/raw/images/trome/2023/12/13/trome_2023-12-13_21.jpg
2026-07-18 15:29:57,808 [INFO] src.corpus_acquisition.downloader: Downloading page 22 from https://t.prcdn.co/img?file=eag82023121300000000001001&page=22&scale=80
2026-07-18 15:29:57,809 [INFO] src.corpus_acquisition.crawler: Downloading -> data/raw/images/trome/2023/12/13/trome_2023-12-13_22.jpg
2026-07-18 15:30:00,042 [INFO] src.corpus_acquisition.downloader: Downloading page 23 from https://t.prcdn.co/img?file=eag82023121300000000001001&page=23&scale=80
2026-07-18 15:30:00,042 [INFO] src.corpus_acquisition.crawler: Downloading -> data/raw/images/trome/2023/12/13/trome_2023-12-13_23.jpg
2026-07-18 15:30:02,812 [INFO] src.corpus_acquisition.downloader: Downloading page 24 from https://t.prcdn.co/img?file=eag82023121300000000001001&page=24&scale=80
2026-07-18 15:30:02,812 [INFO] src.corpus_acquisition.crawler: Downloading -> data/raw/images/trome/2023/12/13/trome_2023-12-13_24.jpg
2026-07-18 15:30:05,867 [INFO] src.corpus_acquisition.downloader: Downloading page 25 from https://t.prcdn.co/img?file=eag82023121300000000001001&page=25&scale=80
2026-07-18 15:30:05,867 [INFO] src.corpus_acquisition.crawler: Downloading -> data/raw/images/trome/2023/12/13/trome_2023-12-13_25.jpg
2026-07-18 15:30:06,103 [WARNING] src.corpus_acquisition.downloader: Page 25 not found (1/3).
2026-07-18 15:30:06,104 [INFO] src.corpus_acquisition.downloader: Downloading page 26 from https://t.prcdn.co/img?file=eag82023121300000000001001&page=26&scale=80
2026-07-18 15:30:06,104 [INFO] src.corpus_acquisition.crawler: Downloading -> data/raw/images/trome/2023/12/13/trome_2023-12-13_26.jpg
2026-07-18 15:30:06,348 [WARNING] src.corpus_acquisition.downloader: Page 26 not found (2/3).
2026-07-18 15:30:06,349 [INFO] src.corpus_acquisition.downloader: Downloading page 27 from https://t.prcdn.co/img?file=eag82023121300000000001001&page=27&scale=80
2026-07-18 15:30:06,349 [INFO] src.corpus_acquisition.crawler: Downloading -> data/raw/images/trome/2023/12/13/trome_2023-12-13_27.jpg
2026-07-18 15:30:06,567 [WARNING] src.corpus_acquisition.downloader: Page 27 not found (3/3).
2026-07-18 15:30:06,567 [WARNING] src.corpus_acquisition.downloader: No new pages found after 3 attempts; stopping with 24 page(s).
2026-07-18 15:30:06,609 [INFO] src.corpus_acquisition.metadata_extractor: Saved metadata for 24 page(s) -> data/raw/metadata/trome_metadata.parquet (total rows: 36259)
2026-07-18 15:30:06,611 [INFO] src.corpus_acquisition.metadata_extractor: Saved crawl log -> data/raw/crawl_logs/trome_2023-12-13.json (status=success)
2026-07-18 15:30:08,078 [INFO] src.corpus_acquisition.downloader: Downloading page 1 from https://t.prcdn.co/img?file=eag82023121400000000001001&page=1&scale=80
2026-07-18 15:30:08,079 [INFO] src.corpus_acquisition.crawler: Downloading -> data/raw/images/trome/2023/12/14/trome_2023-12-14_1.jpg
2026-07-18 15:30:10,768 [INFO] src.corpus_acquisition.downloader: Downloading page 2 from https://t.prcdn.co/img?file=eag82023121400000000001001&page=2&scale=80
2026-07-18 15:30:10,768 [INFO] src.corpus_acquisition.crawler: Downloading -> data/raw/images/trome/2023/12/14/trome_2023-12-14_2.jpg
2026-07-18 15:30:14,218 [INFO] src.corpus_acquisition.downloader: Downloading page 3 from https://t.prcdn.co/img?file=eag82023121400000000001001&page=3&scale=80
2026-07-18 15:30:14,218 [INFO] src.corpus_acquisition.crawler: Downloading -> data/raw/images/trome/2023/12/14/trome_2023-12-14_3.jpg
2026-07-18 15:30:17,847 [INFO] src.corpus_acquisition.downloader: Downloading page 4 from https://t.prcdn.co/img?file=eag82023121400000000001001&page=4&scale=80
2026-07-18 15:30:17,847 [INFO] src.corpus_acquisition.crawler: Downloading -> data/raw/images/trome/2023/12/14/trome_2023-12-14_4.jpg
2026-07-18 15:30:20,303 [INFO] src.corpus_acquisition.downloader: Downloading page 5 from https://t.prcdn.co/img?file=eag82023121400000000001001&page=5&scale=80
2026-07-18 15:30:20,303 [INFO] src.corpus_acquisition.crawler: Downloading -> data/raw/images/trome/2023/12/14/trome_2023-12-14_5.jpg
2026-07-18 15:30:22,919 [INFO] src.corpus_acquisition.downloader: Downloading page 6 from https://t.prcdn.co/img?file=eag82023121400000000001001&page=6&scale=80
2026-07-18 15:30:22,920 [INFO] src.corpus_acquisition.crawler: Downloading -> data/raw/images/trome/2023/12/14/trome_2023-12-14_6.jpg
2026-07-18 15:30:26,322 [INFO] src.corpus_acquisition.downloader: Downloading page 7 from https://t.prcdn.co/img?file=eag82023121400000000001001&page=7&scale=80
2026-07-18 15:30:26,323 [INFO] src.corpus_acquisition.crawler: Downloading -> data/raw/images/trome/2023/12/14/trome_2023-12-14_7.jpg
2026-07-18 15:30:29,162 [INFO] src.corpus_acquisition.downloader: Downloading page 8 from https://t.prcdn.co/img?file=eag82023121400000000001001&page=8&scale=80
2026-07-18 15:30:29,162 [INFO] src.corpus_acquisition.crawler: Downloading -> data/raw/images/trome/2023/12/14/trome_2023-12-14_8.jpg
2026-07-18 15:30:32,181 [INFO] src.corpus_acquisition.downloader: Downloading page 9 from https://t.prcdn.co/img?file=eag82023121400000000001001&page=9&scale=80
2026-07-18 15:30:32,182 [INFO] src.corpus_acquisition.crawler: Downloading -> data/raw/images/trome/2023/12/14/trome_2023-12-14_9.jpg
2026-07-18 15:30:35,837 [INFO] src.corpus_acquisition.downloader: Downloading page 10 from https://t.prcdn.co/img?file=eag82023121400000000001001&page=10&scale=80
2026-07-18 15:30:35,837 [INFO] src.corpus_acquisition.crawler: Downloading -> data/raw/images/trome/2023/12/14/trome_2023-12-14_10.jpg
2026-07-18 15:30:38,215 [INFO] src.corpus_acquisition.downloader: Downloading page 11 from https://t.prcdn.co/img?file=eag82023121400000000001001&page=11&scale=80
2026-07-18 15:30:38,216 [INFO] src.corpus_acquisition.crawler: Downloading -> data/raw/images/trome/2023/12/14/trome_2023-12-14_11.jpg
2026-07-18 15:30:40,554 [INFO] src.corpus_acquisition.downloader: Downloading page 12 from https://t.prcdn.co/img?file=eag82023121400000000001001&page=12&scale=80
2026-07-18 15:30:40,554 [INFO] src.corpus_acquisition.crawler: Downloading -> data/raw/images/trome/2023/12/14/trome_2023-12-14_12.jpg
2026-07-18 15:30:43,593 [INFO] src.corpus_acquisition.downloader: Downloading page 13 from https://t.prcdn.co/img?file=eag82023121400000000001001&page=13&scale=80
2026-07-18 15:30:43,594 [INFO] src.corpus_acquisition.crawler: Downloading -> data/raw/images/trome/2023/12/14/trome_2023-12-14_13.jpg
2026-07-18 15:30:46,545 [INFO] src.corpus_acquisition.downloader: Downloading page 14 from https://t.prcdn.co/img?file=eag82023121400000000001001&page=14&scale=80
2026-07-18 15:30:46,546 [INFO] src.corpus_acquisition.crawler: Downloading -> data/raw/images/trome/2023/12/14/trome_2023-12-14_14.jpg
2026-07-18 15:30:49,564 [INFO] src.corpus_acquisition.downloader: Downloading page 15 from https://t.prcdn.co/img?file=eag82023121400000000001001&page=15&scale=80
2026-07-18 15:30:49,565 [INFO] src.corpus_acquisition.crawler: Downloading -> data/raw/images/trome/2023/12/14/trome_2023-12-14_15.jpg
2026-07-18 15:30:52,565 [INFO] src.corpus_acquisition.downloader: Downloading page 16 from https://t.prcdn.co/img?file=eag82023121400000000001001&page=16&scale=80
2026-07-18 15:30:52,565 [INFO] src.corpus_acquisition.crawler: Downloading -> data/raw/images/trome/2023/12/14/trome_2023-12-14_16.jpg
2026-07-18 15:30:54,907 [INFO] src.corpus_acquisition.downloader: Downloading page 17 from https://t.prcdn.co/img?file=eag82023121400000000001001&page=17&scale=80
2026-07-18 15:30:54,908 [INFO] src.corpus_acquisition.crawler: Downloading -> data/raw/images/trome/2023/12/14/trome_2023-12-14_17.jpg
2026-07-18 15:30:58,193 [INFO] src.corpus_acquisition.downloader: Downloading page 18 from https://t.prcdn.co/img?file=eag82023121400000000001001&page=18&scale=80
2026-07-18 15:30:58,194 [INFO] src.corpus_acquisition.crawler: Downloading -> data/raw/images/trome/2023/12/14/trome_2023-12-14_18.jpg
2026-07-18 15:31:01,161 [INFO] src.corpus_acquisition.downloader: Downloading page 19 from https://t.prcdn.co/img?file=eag82023121400000000001001&page=19&scale=80
2026-07-18 15:31:01,161 [INFO] src.corpus_acquisition.crawler: Downloading -> data/raw/images/trome/2023/12/14/trome_2023-12-14_19.jpg
2026-07-18 15:31:03,761 [INFO] src.corpus_acquisition.downloader: Downloading page 20 from https://t.prcdn.co/img?file=eag82023121400000000001001&page=20&scale=80
2026-07-18 15:31:03,761 [INFO] src.corpus_acquisition.crawler: Downloading -> data/raw/images/trome/2023/12/14/trome_2023-12-14_20.jpg
2026-07-18 15:31:07,225 [INFO] src.corpus_acquisition.downloader: Downloading page 21 from https://t.prcdn.co/img?file=eag82023121400000000001001&page=21&scale=80
2026-07-18 15:31:07,225 [INFO] src.corpus_acquisition.crawler: Downloading -> data/raw/images/trome/2023/12/14/trome_2023-12-14_21.jpg
2026-07-18 15:31:10,286 [INFO] src.corpus_acquisition.downloader: Downloading page 22 from https://t.prcdn.co/img?file=eag82023121400000000001001&page=22&scale=80
2026-07-18 15:31:10,286 [INFO] src.corpus_acquisition.crawler: Downloading -> data/raw/images/trome/2023/12/14/trome_2023-12-14_22.jpg
2026-07-18 15:31:13,295 [INFO] src.corpus_acquisition.downloader: Downloading page 23 from https://t.prcdn.co/img?file=eag82023121400000000001001&page=23&scale=80
2026-07-18 15:31:13,295 [INFO] src.corpus_acquisition.crawler: Downloading -> data/raw/images/trome/2023/12/14/trome_2023-12-14_23.jpg
2026-07-18 15:31:16,380 [INFO] src.corpus_acquisition.downloader: Downloading page 24 from https://t.prcdn.co/img?file=eag82023121400000000001001&page=24&scale=80
2026-07-18 15:31:16,381 [INFO] src.corpus_acquisition.crawler: Downloading -> data/raw/images/trome/2023/12/14/trome_2023-12-14_24.jpg
2026-07-18 15:31:18,590 [INFO] src.corpus_acquisition.downloader: Downloading page 25 from https://t.prcdn.co/img?file=eag82023121400000000001001&page=25&scale=80
2026-07-18 15:31:18,590 [INFO] src.corpus_acquisition.crawler: Downloading -> data/raw/images/trome/2023/12/14/trome_2023-12-14_25.jpg
2026-07-18 15:31:18,823 [WARNING] src.corpus_acquisition.downloader: Page 25 not found (1/3).
2026-07-18 15:31:18,823 [INFO] src.corpus_acquisition.downloader: Downloading page 26 from https://t.prcdn.co/img?file=eag82023121400000000001001&page=26&scale=80
2026-07-18 15:31:18,824 [INFO] src.corpus_acquisition.crawler: Downloading -> data/raw/images/trome/2023/12/14/trome_2023-12-14_26.jpg
2026-07-18 15:31:19,027 [WARNING] src.corpus_acquisition.downloader: Page 26 not found (2/3).
2026-07-18 15:31:19,027 [INFO] src.corpus_acquisition.downloader: Downloading page 27 from https://t.prcdn.co/img?file=eag82023121400000000001001&page=27&scale=80
2026-07-18 15:31:19,027 [INFO] src.corpus_acquisition.crawler: Downloading -> data/raw/images/trome/2023/12/14/trome_2023-12-14_27.jpg
2026-07-18 15:31:19,262 [WARNING] src.corpus_acquisition.downloader: Page 27 not found (3/3).
2026-07-18 15:31:19,262 [WARNING] src.corpus_acquisition.downloader: No new pages found after 3 attempts; stopping with 24 page(s).
2026-07-18 15:31:19,306 [INFO] src.corpus_acquisition.metadata_extractor: Saved metadata for 24 page(s) -> data/raw/metadata/trome_metadata.parquet (total rows: 36283)
2026-07-18 15:31:19,308 [INFO] src.corpus_acquisition.metadata_extractor: Saved crawl log -> data/raw/crawl_logs/trome_2023-12-14.json (status=success)
2026-07-18 15:31:20,088 [INFO] src.corpus_acquisition.downloader: Downloading page 1 from https://t.prcdn.co/img?file=eag82023121500000000001001&page=1&scale=80
2026-07-18 15:31:20,088 [INFO] src.corpus_acquisition.crawler: Downloading -> data/raw/images/trome/2023/12/15/trome_2023-12-15_1.jpg
2026-07-18 15:31:22,031 [INFO] src.corpus_acquisition.downloader: Downloading page 2 from https://t.prcdn.co/img?file=eag82023121500000000001001&page=2&scale=80
2026-07-18 15:31:22,032 [INFO] src.corpus_acquisition.crawler: Downloading -> data/raw/images/trome/2023/12/15/trome_2023-12-15_2.jpg
2026-07-18 15:31:26,081 [INFO] src.corpus_acquisition.downloader: Downloading page 3 from https://t.prcdn.co/img?file=eag82023121500000000001001&page=3&scale=80
2026-07-18 15:31:26,081 [INFO] src.corpus_acquisition.crawler: Downloading -> data/raw/images/trome/2023/12/15/trome_2023-12-15_3.jpg
2026-07-18 15:31:29,136 [INFO] src.corpus_acquisition.downloader: Downloading page 4 from https://t.prcdn.co/img?file=eag82023121500000000001001&page=4&scale=80
2026-07-18 15:31:29,136 [INFO] src.corpus_acquisition.crawler: Downloading -> data/raw/images/trome/2023/12/15/trome_2023-12-15_4.jpg
2026-07-18 15:31:32,485 [INFO] src.corpus_acquisition.downloader: Downloading page 5 from https://t.prcdn.co/img?file=eag82023121500000000001001&page=5&scale=80
2026-07-18 15:31:32,486 [INFO] src.corpus_acquisition.crawler: Downloading -> data/raw/images/trome/2023/12/15/trome_2023-12-15_5.jpg
2026-07-18 15:31:35,838 [INFO] src.corpus_acquisition.downloader: Downloading page 6 from https://t.prcdn.co/img?file=eag82023121500000000001001&page=6&scale=80
2026-07-18 15:31:35,838 [INFO] src.corpus_acquisition.crawler: Downloading -> data/raw/images/trome/2023/12/15/trome_2023-12-15_6.jpg
2026-07-18 15:31:39,082 [INFO] src.corpus_acquisition.downloader: Downloading page 7 from https://t.prcdn.co/img?file=eag82023121500000000001001&page=7&scale=80
2026-07-18 15:31:39,082 [INFO] src.corpus_acquisition.crawler: Downloading -> data/raw/images/trome/2023/12/15/trome_2023-12-15_7.jpg
2026-07-18 15:31:41,454 [INFO] src.corpus_acquisition.downloader: Downloading page 8 from https://t.prcdn.co/img?file=eag82023121500000000001001&page=8&scale=80
2026-07-18 15:31:41,455 [INFO] src.corpus_acquisition.crawler: Downloading -> data/raw/images/trome/2023/12/15/trome_2023-12-15_8.jpg
2026-07-18 15:31:43,714 [INFO] src.corpus_acquisition.downloader: Downloading page 9 from https://t.prcdn.co/img?file=eag82023121500000000001001&page=9&scale=80
2026-07-18 15:31:43,714 [INFO] src.corpus_acquisition.crawler: Downloading -> data/raw/images/trome/2023/12/15/trome_2023-12-15_9.jpg
2026-07-18 15:31:46,710 [INFO] src.corpus_acquisition.downloader: Downloading page 10 from https://t.prcdn.co/img?file=eag82023121500000000001001&page=10&scale=80
2026-07-18 15:31:46,710 [INFO] src.corpus_acquisition.crawler: Downloading -> data/raw/images/trome/2023/12/15/trome_2023-12-15_10.jpg
2026-07-18 15:31:49,828 [INFO] src.corpus_acquisition.downloader: Downloading page 11 from https://t.prcdn.co/img?file=eag82023121500000000001001&page=11&scale=80
2026-07-18 15:31:49,829 [INFO] src.corpus_acquisition.crawler: Downloading -> data/raw/images/trome/2023/12/15/trome_2023-12-15_11.jpg
2026-07-18 15:31:52,661 [INFO] src.corpus_acquisition.downloader: Downloading page 12 from https://t.prcdn.co/img?file=eag82023121500000000001001&page=12&scale=80
2026-07-18 15:31:52,662 [INFO] src.corpus_acquisition.crawler: Downloading -> data/raw/images/trome/2023/12/15/trome_2023-12-15_12.jpg
2026-07-18 15:31:54,899 [INFO] src.corpus_acquisition.downloader: Downloading page 13 from https://t.prcdn.co/img?file=eag82023121500000000001001&page=13&scale=80
2026-07-18 15:31:54,900 [INFO] src.corpus_acquisition.crawler: Downloading -> data/raw/images/trome/2023/12/15/trome_2023-12-15_13.jpg
2026-07-18 15:31:57,701 [INFO] src.corpus_acquisition.downloader: Downloading page 14 from https://t.prcdn.co/img?file=eag82023121500000000001001&page=14&scale=80
2026-07-18 15:31:57,702 [INFO] src.corpus_acquisition.crawler: Downloading -> data/raw/images/trome/2023/12/15/trome_2023-12-15_14.jpg
2026-07-18 15:32:00,798 [INFO] src.corpus_acquisition.downloader: Downloading page 15 from https://t.prcdn.co/img?file=eag82023121500000000001001&page=15&scale=80
2026-07-18 15:32:00,799 [INFO] src.corpus_acquisition.crawler: Downloading -> data/raw/images/trome/2023/12/15/trome_2023-12-15_15.jpg
2026-07-18 15:32:03,470 [INFO] src.corpus_acquisition.downloader: Downloading page 16 from https://t.prcdn.co/img?file=eag82023121500000000001001&page=16&scale=80
2026-07-18 15:32:03,470 [INFO] src.corpus_acquisition.crawler: Downloading -> data/raw/images/trome/2023/12/15/trome_2023-12-15_16.jpg
2026-07-18 15:32:05,527 [INFO] src.corpus_acquisition.downloader: Downloading page 17 from https://t.prcdn.co/img?file=eag82023121500000000001001&page=17&scale=80
2026-07-18 15:32:05,528 [INFO] src.corpus_acquisition.crawler: Downloading -> data/raw/images/trome/2023/12/15/trome_2023-12-15_17.jpg
2026-07-18 15:32:08,252 [INFO] src.corpus_acquisition.downloader: Downloading page 18 from https://t.prcdn.co/img?file=eag82023121500000000001001&page=18&scale=80
2026-07-18 15:32:08,252 [INFO] src.corpus_acquisition.crawler: Downloading -> data/raw/images/trome/2023/12/15/trome_2023-12-15_18.jpg
2026-07-18 15:32:11,053 [INFO] src.corpus_acquisition.downloader: Downloading page 19 from https://t.prcdn.co/img?file=eag82023121500000000001001&page=19&scale=80
2026-07-18 15:32:11,053 [INFO] src.corpus_acquisition.crawler: Downloading -> data/raw/images/trome/2023/12/15/trome_2023-12-15_19.jpg
2026-07-18 15:32:13,727 [INFO] src.corpus_acquisition.downloader: Downloading page 20 from https://t.prcdn.co/img?file=eag82023121500000000001001&page=20&scale=80
2026-07-18 15:32:13,727 [INFO] src.corpus_acquisition.crawler: Downloading -> data/raw/images/trome/2023/12/15/trome_2023-12-15_20.jpg
2026-07-18 15:32:16,279 [INFO] src.corpus_acquisition.downloader: Downloading page 21 from https://t.prcdn.co/img?file=eag82023121500000000001001&page=21&scale=80
2026-07-18 15:32:16,279 [INFO] src.corpus_acquisition.crawler: Downloading -> data/raw/images/trome/2023/12/15/trome_2023-12-15_21.jpg
2026-07-18 15:32:19,120 [INFO] src.corpus_acquisition.downloader: Downloading page 22 from https://t.prcdn.co/img?file=eag82023121500000000001001&page=22&scale=80
2026-07-18 15:32:19,120 [INFO] src.corpus_acquisition.crawler: Downloading -> data/raw/images/trome/2023/12/15/trome_2023-12-15_22.jpg
2026-07-18 15:32:21,698 [INFO] src.corpus_acquisition.downloader: Downloading page 23 from https://t.prcdn.co/img?file=eag82023121500000000001001&page=23&scale=80
2026-07-18 15:32:21,698 [INFO] src.corpus_acquisition.crawler: Downloading -> data/raw/images/trome/2023/12/15/trome_2023-12-15_23.jpg
2026-07-18 15:32:24,739 [INFO] src.corpus_acquisition.downloader: Downloading page 24 from https://t.prcdn.co/img?file=eag82023121500000000001001&page=24&scale=80
2026-07-18 15:32:24,740 [INFO] src.corpus_acquisition.crawler: Downloading -> data/raw/images/trome/2023/12/15/trome_2023-12-15_24.jpg
2026-07-18 15:32:27,259 [INFO] src.corpus_acquisition.downloader: Downloading page 25 from https://t.prcdn.co/img?file=eag82023121500000000001001&page=25&scale=80
2026-07-18 15:32:27,260 [INFO] src.corpus_acquisition.crawler: Downloading -> data/raw/images/trome/2023/12/15/trome_2023-12-15_25.jpg
2026-07-18 15:32:27,519 [WARNING] src.corpus_acquisition.downloader: Page 25 not found (1/3).
2026-07-18 15:32:27,519 [INFO] src.corpus_acquisition.downloader: Downloading page 26 from https://t.prcdn.co/img?file=eag82023121500000000001001&page=26&scale=80
2026-07-18 15:32:27,519 [INFO] src.corpus_acquisition.crawler: Downloading -> data/raw/images/trome/2023/12/15/trome_2023-12-15_26.jpg
2026-07-18 15:32:27,755 [WARNING] src.corpus_acquisition.downloader: Page 26 not found (2/3).
2026-07-18 15:32:27,756 [INFO] src.corpus_acquisition.downloader: Downloading page 27 from https://t.prcdn.co/img?file=eag82023121500000000001001&page=27&scale=80
2026-07-18 15:32:27,756 [INFO] src.corpus_acquisition.crawler: Downloading -> data/raw/images/trome/2023/12/15/trome_2023-12-15_27.jpg
2026-07-18 15:32:27,982 [WARNING] src.corpus_acquisition.downloader: Page 27 not found (3/3).
2026-07-18 15:32:27,983 [WARNING] src.corpus_acquisition.downloader: No new pages found after 3 attempts; stopping with 24 page(s).
2026-07-18 15:32:28,026 [INFO] src.corpus_acquisition.metadata_extractor: Saved metadata for 24 page(s) -> data/raw/metadata/trome_metadata.parquet (total rows: 36307)
2026-07-18 15:32:28,028 [INFO] src.corpus_acquisition.metadata_extractor: Saved crawl log -> data/raw/crawl_logs/trome_2023-12-15.json (status=success)
2026-07-18 15:32:29,488 [INFO] src.corpus_acquisition.downloader: Downloading page 1 from https://t.prcdn.co/img?file=eag82023121600000000001001&page=1&scale=80
2026-07-18 15:32:29,489 [INFO] src.corpus_acquisition.crawler: Downloading -> data/raw/images/trome/2023/12/16/trome_2023-12-16_1.jpg
2026-07-18 15:32:32,168 [INFO] src.corpus_acquisition.downloader: Downloading page 2 from https://t.prcdn.co/img?file=eag82023121600000000001001&page=2&scale=80
2026-07-18 15:32:32,168 [INFO] src.corpus_acquisition.crawler: Downloading -> data/raw/images/trome/2023/12/16/trome_2023-12-16_2.jpg
2026-07-18 15:32:35,529 [INFO] src.corpus_acquisition.downloader: Downloading page 3 from https://t.prcdn.co/img?file=eag82023121600000000001001&page=3&scale=80
2026-07-18 15:32:35,529 [INFO] src.corpus_acquisition.crawler: Downloading -> data/raw/images/trome/2023/12/16/trome_2023-12-16_3.jpg
2026-07-18 15:32:38,388 [INFO] src.corpus_acquisition.downloader: Downloading page 4 from https://t.prcdn.co/img?file=eag82023121600000000001001&page=4&scale=80
2026-07-18 15:32:38,389 [INFO] src.corpus_acquisition.crawler: Downloading -> data/raw/images/trome/2023/12/16/trome_2023-12-16_4.jpg
2026-07-18 15:32:42,073 [INFO] src.corpus_acquisition.downloader: Downloading page 5 from https://t.prcdn.co/img?file=eag82023121600000000001001&page=5&scale=80
2026-07-18 15:32:42,073 [INFO] src.corpus_acquisition.crawler: Downloading -> data/raw/images/trome/2023/12/16/trome_2023-12-16_5.jpg
2026-07-18 15:32:44,859 [INFO] src.corpus_acquisition.downloader: Downloading page 6 from https://t.prcdn.co/img?file=eag82023121600000000001001&page=6&scale=80
2026-07-18 15:32:44,859 [INFO] src.corpus_acquisition.crawler: Downloading -> data/raw/images/trome/2023/12/16/trome_2023-12-16_6.jpg
2026-07-18 15:32:48,019 [INFO] src.corpus_acquisition.downloader: Downloading page 7 from https://t.prcdn.co/img?file=eag82023121600000000001001&page=7&scale=80
2026-07-18 15:32:48,019 [INFO] src.corpus_acquisition.crawler: Downloading -> data/raw/images/trome/2023/12/16/trome_2023-12-16_7.jpg
2026-07-18 15:32:51,102 [INFO] src.corpus_acquisition.downloader: Downloading page 8 from https://t.prcdn.co/img?file=eag82023121600000000001001&page=8&scale=80
2026-07-18 15:32:51,103 [INFO] src.corpus_acquisition.crawler: Downloading -> data/raw/images/trome/2023/12/16/trome_2023-12-16_8.jpg
2026-07-18 15:32:53,624 [INFO] src.corpus_acquisition.downloader: Downloading page 9 from https://t.prcdn.co/img?file=eag82023121600000000001001&page=9&scale=80
2026-07-18 15:32:53,625 [INFO] src.corpus_acquisition.crawler: Downloading -> data/raw/images/trome/2023/12/16/trome_2023-12-16_9.jpg
2026-07-18 15:32:56,760 [INFO] src.corpus_acquisition.downloader: Downloading page 10 from https://t.prcdn.co/img?file=eag82023121600000000001001&page=10&scale=80
2026-07-18 15:32:56,760 [INFO] src.corpus_acquisition.crawler: Downloading -> data/raw/images/trome/2023/12/16/trome_2023-12-16_10.jpg
2026-07-18 15:33:00,054 [INFO] src.corpus_acquisition.downloader: Downloading page 11 from https://t.prcdn.co/img?file=eag82023121600000000001001&page=11&scale=80
2026-07-18 15:33:00,055 [INFO] src.corpus_acquisition.crawler: Downloading -> data/raw/images/trome/2023/12/16/trome_2023-12-16_11.jpg
2026-07-18 15:33:02,474 [INFO] src.corpus_acquisition.downloader: Downloading page 12 from https://t.prcdn.co/img?file=eag82023121600000000001001&page=12&scale=80
2026-07-18 15:33:02,474 [INFO] src.corpus_acquisition.crawler: Downloading -> data/raw/images/trome/2023/12/16/trome_2023-12-16_12.jpg
2026-07-18 15:33:05,015 [INFO] src.corpus_acquisition.downloader: Downloading page 13 from https://t.prcdn.co/img?file=eag82023121600000000001001&page=13&scale=80
2026-07-18 15:33:05,016 [INFO] src.corpus_acquisition.crawler: Downloading -> data/raw/images/trome/2023/12/16/trome_2023-12-16_13.jpg
2026-07-18 15:33:08,096 [INFO] src.corpus_acquisition.downloader: Downloading page 14 from https://t.prcdn.co/img?file=eag82023121600000000001001&page=14&scale=80
2026-07-18 15:33:08,096 [INFO] src.corpus_acquisition.crawler: Downloading -> data/raw/images/trome/2023/12/16/trome_2023-12-16_14.jpg
2026-07-18 15:33:10,569 [INFO] src.corpus_acquisition.downloader: Downloading page 15 from https://t.prcdn.co/img?file=eag82023121600000000001001&page=15&scale=80
2026-07-18 15:33:10,569 [INFO] src.corpus_acquisition.crawler: Downloading -> data/raw/images/trome/2023/12/16/trome_2023-12-16_15.jpg
2026-07-18 15:33:13,383 [INFO] src.corpus_acquisition.downloader: Downloading page 16 from https://t.prcdn.co/img?file=eag82023121600000000001001&page=16&scale=80
2026-07-18 15:33:13,384 [INFO] src.corpus_acquisition.crawler: Downloading -> data/raw/images/trome/2023/12/16/trome_2023-12-16_16.jpg
2026-07-18 15:33:15,782 [INFO] src.corpus_acquisition.downloader: Downloading page 17 from https://t.prcdn.co/img?file=eag82023121600000000001001&page=17&scale=80
2026-07-18 15:33:15,782 [INFO] src.corpus_acquisition.crawler: Downloading -> data/raw/images/trome/2023/12/16/trome_2023-12-16_17.jpg
2026-07-18 15:33:18,243 [INFO] src.corpus_acquisition.downloader: Downloading page 18 from https://t.prcdn.co/img?file=eag82023121600000000001001&page=18&scale=80
2026-07-18 15:33:18,244 [INFO] src.corpus_acquisition.crawler: Downloading -> data/raw/images/trome/2023/12/16/trome_2023-12-16_18.jpg
2026-07-18 15:33:20,918 [INFO] src.corpus_acquisition.downloader: Downloading page 19 from https://t.prcdn.co/img?file=eag82023121600000000001001&page=19&scale=80
2026-07-18 15:33:20,919 [INFO] src.corpus_acquisition.crawler: Downloading -> data/raw/images/trome/2023/12/16/trome_2023-12-16_19.jpg
2026-07-18 15:33:23,866 [INFO] src.corpus_acquisition.downloader: Downloading page 20 from https://t.prcdn.co/img?file=eag82023121600000000001001&page=20&scale=80
2026-07-18 15:33:23,866 [INFO] src.corpus_acquisition.crawler: Downloading -> data/raw/images/trome/2023/12/16/trome_2023-12-16_20.jpg
2026-07-18 15:33:27,214 [INFO] src.corpus_acquisition.downloader: Downloading page 21 from https://t.prcdn.co/img?file=eag82023121600000000001001&page=21&scale=80
2026-07-18 15:33:27,214 [INFO] src.corpus_acquisition.crawler: Downloading -> data/raw/images/trome/2023/12/16/trome_2023-12-16_21.jpg
2026-07-18 15:33:29,845 [INFO] src.corpus_acquisition.downloader: Downloading page 22 from https://t.prcdn.co/img?file=eag82023121600000000001001&page=22&scale=80
2026-07-18 15:33:29,846 [INFO] src.corpus_acquisition.crawler: Downloading -> data/raw/images/trome/2023/12/16/trome_2023-12-16_22.jpg
2026-07-18 15:33:32,126 [INFO] src.corpus_acquisition.downloader: Downloading page 23 from https://t.prcdn.co/img?file=eag82023121600000000001001&page=23&scale=80
2026-07-18 15:33:32,127 [INFO] src.corpus_acquisition.crawler: Downloading -> data/raw/images/trome/2023/12/16/trome_2023-12-16_23.jpg
2026-07-18 15:33:35,096 [INFO] src.corpus_acquisition.downloader: Downloading page 24 from https://t.prcdn.co/img?file=eag82023121600000000001001&page=24&scale=80
2026-07-18 15:33:35,096 [INFO] src.corpus_acquisition.crawler: Downloading -> data/raw/images/trome/2023/12/16/trome_2023-12-16_24.jpg
2026-07-18 15:33:37,622 [INFO] src.corpus_acquisition.downloader: Downloading page 25 from https://t.prcdn.co/img?file=eag82023121600000000001001&page=25&scale=80
2026-07-18 15:33:37,622 [INFO] src.corpus_acquisition.crawler: Downloading -> data/raw/images/trome/2023/12/16/trome_2023-12-16_25.jpg
2026-07-18 15:33:37,830 [WARNING] src.corpus_acquisition.downloader: Page 25 not found (1/3).
2026-07-18 15:33:37,831 [INFO] src.corpus_acquisition.downloader: Downloading page 26 from https://t.prcdn.co/img?file=eag82023121600000000001001&page=26&scale=80
2026-07-18 15:33:37,831 [INFO] src.corpus_acquisition.crawler: Downloading -> data/raw/images/trome/2023/12/16/trome_2023-12-16_26.jpg
2026-07-18 15:33:38,043 [WARNING] src.corpus_acquisition.downloader: Page 26 not found (2/3).
2026-07-18 15:33:38,043 [INFO] src.corpus_acquisition.downloader: Downloading page 27 from https://t.prcdn.co/img?file=eag82023121600000000001001&page=27&scale=80
2026-07-18 15:33:38,044 [INFO] src.corpus_acquisition.crawler: Downloading -> data/raw/images/trome/2023/12/16/trome_2023-12-16_27.jpg
2026-07-18 15:33:38,249 [WARNING] src.corpus_acquisition.downloader: Page 27 not found (3/3).
2026-07-18 15:33:38,249 [WARNING] src.corpus_acquisition.downloader: No new pages found after 3 attempts; stopping with 24 page(s).
2026-07-18 15:33:38,292 [INFO] src.corpus_acquisition.metadata_extractor: Saved metadata for 24 page(s) -> data/raw/metadata/trome_metadata.parquet (total rows: 36331)
2026-07-18 15:33:38,294 [INFO] src.corpus_acquisition.metadata_extractor: Saved crawl log -> data/raw/crawl_logs/trome_2023-12-16.json (status=success)
2026-07-18 15:33:39,630 [INFO] src.corpus_acquisition.downloader: Downloading page 1 from https://t.prcdn.co/img?file=eag82023121700000000001001&page=1&scale=80
2026-07-18 15:33:39,631 [INFO] src.corpus_acquisition.crawler: Downloading -> data/raw/images/trome/2023/12/17/trome_2023-12-17_1.jpg
2026-07-18 15:33:41,537 [INFO] src.corpus_acquisition.downloader: Downloading page 2 from https://t.prcdn.co/img?file=eag82023121700000000001001&page=2&scale=80
2026-07-18 15:33:41,537 [INFO] src.corpus_acquisition.crawler: Downloading -> data/raw/images/trome/2023/12/17/trome_2023-12-17_2.jpg
2026-07-18 15:33:43,516 [INFO] src.corpus_acquisition.downloader: Downloading page 3 from https://t.prcdn.co/img?file=eag82023121700000000001001&page=3&scale=80
2026-07-18 15:33:43,517 [INFO] src.corpus_acquisition.crawler: Downloading -> data/raw/images/trome/2023/12/17/trome_2023-12-17_3.jpg
2026-07-18 15:33:46,335 [INFO] src.corpus_acquisition.downloader: Downloading page 4 from https://t.prcdn.co/img?file=eag82023121700000000001001&page=4&scale=80
2026-07-18 15:33:46,336 [INFO] src.corpus_acquisition.crawler: Downloading -> data/raw/images/trome/2023/12/17/trome_2023-12-17_4.jpg
2026-07-18 15:33:50,045 [INFO] src.corpus_acquisition.downloader: Downloading page 5 from https://t.prcdn.co/img?file=eag82023121700000000001001&page=5&scale=80
2026-07-18 15:33:50,046 [INFO] src.corpus_acquisition.crawler: Downloading -> data/raw/images/trome/2023/12/17/trome_2023-12-17_5.jpg
2026-07-18 15:33:53,109 [INFO] src.corpus_acquisition.downloader: Downloading page 6 from https://t.prcdn.co/img?file=eag82023121700000000001001&page=6&scale=80
2026-07-18 15:33:53,109 [INFO] src.corpus_acquisition.crawler: Downloading -> data/raw/images/trome/2023/12/17/trome_2023-12-17_6.jpg
2026-07-18 15:33:56,855 [INFO] src.corpus_acquisition.downloader: Downloading page 7 from https://t.prcdn.co/img?file=eag82023121700000000001001&page=7&scale=80
2026-07-18 15:33:56,855 [INFO] src.corpus_acquisition.crawler: Downloading -> data/raw/images/trome/2023/12/17/trome_2023-12-17_7.jpg
2026-07-18 15:33:59,048 [INFO] src.corpus_acquisition.downloader: Downloading page 8 from https://t.prcdn.co/img?file=eag82023121700000000001001&page=8&scale=80
2026-07-18 15:33:59,048 [INFO] src.corpus_acquisition.crawler: Downloading -> data/raw/images/trome/2023/12/17/trome_2023-12-17_8.jpg
2026-07-18 15:34:01,335 [INFO] src.corpus_acquisition.downloader: Downloading page 9 from https://t.prcdn.co/img?file=eag82023121700000000001001&page=9&scale=80
2026-07-18 15:34:01,335 [INFO] src.corpus_acquisition.crawler: Downloading -> data/raw/images/trome/2023/12/17/trome_2023-12-17_9.jpg
2026-07-18 15:34:04,064 [INFO] src.corpus_acquisition.downloader: Downloading page 10 from https://t.prcdn.co/img?file=eag82023121700000000001001&page=10&scale=80
2026-07-18 15:34:04,064 [INFO] src.corpus_acquisition.crawler: Downloading -> data/raw/images/trome/2023/12/17/trome_2023-12-17_10.jpg
2026-07-18 15:34:06,954 [INFO] src.corpus_acquisition.downloader: Downloading page 11 from https://t.prcdn.co/img?file=eag82023121700000000001001&page=11&scale=80
2026-07-18 15:34:06,954 [INFO] src.corpus_acquisition.crawler: Downloading -> data/raw/images/trome/2023/12/17/trome_2023-12-17_11.jpg
2026-07-18 15:34:09,759 [INFO] src.corpus_acquisition.downloader: Downloading page 12 from https://t.prcdn.co/img?file=eag82023121700000000001001&page=12&scale=80
2026-07-18 15:34:09,759 [INFO] src.corpus_acquisition.crawler: Downloading -> data/raw/images/trome/2023/12/17/trome_2023-12-17_12.jpg
2026-07-18 15:34:13,115 [INFO] src.corpus_acquisition.downloader: Downloading page 13 from https://t.prcdn.co/img?file=eag82023121700000000001001&page=13&scale=80
2026-07-18 15:34:13,115 [INFO] src.corpus_acquisition.crawler: Downloading -> data/raw/images/trome/2023/12/17/trome_2023-12-17_13.jpg
2026-07-18 15:34:15,873 [INFO] src.corpus_acquisition.downloader: Downloading page 14 from https://t.prcdn.co/img?file=eag82023121700000000001001&page=14&scale=80
2026-07-18 15:34:15,874 [INFO] src.corpus_acquisition.crawler: Downloading -> data/raw/images/trome/2023/12/17/trome_2023-12-17_14.jpg
2026-07-18 15:34:17,941 [INFO] src.corpus_acquisition.downloader: Downloading page 15 from https://t.prcdn.co/img?file=eag82023121700000000001001&page=15&scale=80
2026-07-18 15:34:17,941 [INFO] src.corpus_acquisition.crawler: Downloading -> data/raw/images/trome/2023/12/17/trome_2023-12-17_15.jpg
2026-07-18 15:34:21,611 [INFO] src.corpus_acquisition.downloader: Downloading page 16 from https://t.prcdn.co/img?file=eag82023121700000000001001&page=16&scale=80
2026-07-18 15:34:21,611 [INFO] src.corpus_acquisition.crawler: Downloading -> data/raw/images/trome/2023/12/17/trome_2023-12-17_16.jpg
2026-07-18 15:34:24,479 [INFO] src.corpus_acquisition.downloader: Downloading page 17 from https://t.prcdn.co/img?file=eag82023121700000000001001&page=17&scale=80
2026-07-18 15:34:24,479 [INFO] src.corpus_acquisition.crawler: Downloading -> data/raw/images/trome/2023/12/17/trome_2023-12-17_17.jpg
2026-07-18 15:34:26,641 [INFO] src.corpus_acquisition.downloader: Downloading page 18 from https://t.prcdn.co/img?file=eag82023121700000000001001&page=18&scale=80
2026-07-18 15:34:26,641 [INFO] src.corpus_acquisition.crawler: Downloading -> data/raw/images/trome/2023/12/17/trome_2023-12-17_18.jpg
2026-07-18 15:34:28,938 [INFO] src.corpus_acquisition.downloader: Downloading page 19 from https://t.prcdn.co/img?file=eag82023121700000000001001&page=19&scale=80
2026-07-18 15:34:28,938 [INFO] src.corpus_acquisition.crawler: Downloading -> data/raw/images/trome/2023/12/17/trome_2023-12-17_19.jpg
2026-07-18 15:34:32,012 [INFO] src.corpus_acquisition.downloader: Downloading page 20 from https://t.prcdn.co/img?file=eag82023121700000000001001&page=20&scale=80
2026-07-18 15:34:32,012 [INFO] src.corpus_acquisition.crawler: Downloading -> data/raw/images/trome/2023/12/17/trome_2023-12-17_20.jpg
2026-07-18 15:34:35,106 [INFO] src.corpus_acquisition.downloader: Downloading page 21 from https://t.prcdn.co/img?file=eag82023121700000000001001&page=21&scale=80
2026-07-18 15:34:35,106 [INFO] src.corpus_acquisition.crawler: Downloading -> data/raw/images/trome/2023/12/17/trome_2023-12-17_21.jpg
2026-07-18 15:34:37,524 [INFO] src.corpus_acquisition.downloader: Downloading page 22 from https://t.prcdn.co/img?file=eag82023121700000000001001&page=22&scale=80
2026-07-18 15:34:37,524 [INFO] src.corpus_acquisition.crawler: Downloading -> data/raw/images/trome/2023/12/17/trome_2023-12-17_22.jpg
2026-07-18 15:34:40,324 [INFO] src.corpus_acquisition.downloader: Downloading page 23 from https://t.prcdn.co/img?file=eag82023121700000000001001&page=23&scale=80
2026-07-18 15:34:40,324 [INFO] src.corpus_acquisition.crawler: Downloading -> data/raw/images/trome/2023/12/17/trome_2023-12-17_23.jpg
2026-07-18 15:34:42,919 [INFO] src.corpus_acquisition.downloader: Downloading page 24 from https://t.prcdn.co/img?file=eag82023121700000000001001&page=24&scale=80
2026-07-18 15:34:42,919 [INFO] src.corpus_acquisition.crawler: Downloading -> data/raw/images/trome/2023/12/17/trome_2023-12-17_24.jpg
2026-07-18 15:34:45,736 [INFO] src.corpus_acquisition.downloader: Downloading page 25 from https://t.prcdn.co/img?file=eag82023121700000000001001&page=25&scale=80
2026-07-18 15:34:45,737 [INFO] src.corpus_acquisition.crawler: Downloading -> data/raw/images/trome/2023/12/17/trome_2023-12-17_25.jpg
2026-07-18 15:34:48,767 [INFO] src.corpus_acquisition.downloader: Downloading page 26 from https://t.prcdn.co/img?file=eag82023121700000000001001&page=26&scale=80
2026-07-18 15:34:48,768 [INFO] src.corpus_acquisition.crawler: Downloading -> data/raw/images/trome/2023/12/17/trome_2023-12-17_26.jpg
2026-07-18 15:34:51,282 [INFO] src.corpus_acquisition.downloader: Downloading page 27 from https://t.prcdn.co/img?file=eag82023121700000000001001&page=27&scale=80
2026-07-18 15:34:51,283 [INFO] src.corpus_acquisition.crawler: Downloading -> data/raw/images/trome/2023/12/17/trome_2023-12-17_27.jpg
2026-07-18 15:34:53,806 [INFO] src.corpus_acquisition.downloader: Downloading page 28 from https://t.prcdn.co/img?file=eag82023121700000000001001&page=28&scale=80
2026-07-18 15:34:53,807 [INFO] src.corpus_acquisition.crawler: Downloading -> data/raw/images/trome/2023/12/17/trome_2023-12-17_28.jpg
2026-07-18 15:34:56,660 [INFO] src.corpus_acquisition.downloader: Downloading page 29 from https://t.prcdn.co/img?file=eag82023121700000000001001&page=29&scale=80
2026-07-18 15:34:56,660 [INFO] src.corpus_acquisition.crawler: Downloading -> data/raw/images/trome/2023/12/17/trome_2023-12-17_29.jpg
2026-07-18 15:34:56,892 [WARNING] src.corpus_acquisition.downloader: Page 29 not found (1/3).
2026-07-18 15:34:56,892 [INFO] src.corpus_acquisition.downloader: Downloading page 30 from https://t.prcdn.co/img?file=eag82023121700000000001001&page=30&scale=80
2026-07-18 15:34:56,892 [INFO] src.corpus_acquisition.crawler: Downloading -> data/raw/images/trome/2023/12/17/trome_2023-12-17_30.jpg
2026-07-18 15:34:57,097 [WARNING] src.corpus_acquisition.downloader: Page 30 not found (2/3).
2026-07-18 15:34:57,097 [INFO] src.corpus_acquisition.downloader: Downloading page 31 from https://t.prcdn.co/img?file=eag82023121700000000001001&page=31&scale=80
2026-07-18 15:34:57,097 [INFO] src.corpus_acquisition.crawler: Downloading -> data/raw/images/trome/2023/12/17/trome_2023-12-17_31.jpg
2026-07-18 15:34:57,305 [WARNING] src.corpus_acquisition.downloader: Page 31 not found (3/3).
2026-07-18 15:34:57,306 [WARNING] src.corpus_acquisition.downloader: No new pages found after 3 attempts; stopping with 28 page(s).
2026-07-18 15:34:57,347 [INFO] src.corpus_acquisition.metadata_extractor: Saved metadata for 28 page(s) -> data/raw/metadata/trome_metadata.parquet (total rows: 36359)
2026-07-18 15:34:57,349 [INFO] src.corpus_acquisition.metadata_extractor: Saved crawl log -> data/raw/crawl_logs/trome_2023-12-17.json (status=success)
2026-07-18 15:34:58,827 [INFO] src.corpus_acquisition.downloader: Downloading page 1 from https://t.prcdn.co/img?file=eag82023121800000000001001&page=1&scale=80
2026-07-18 15:34:58,828 [INFO] src.corpus_acquisition.crawler: Downloading -> data/raw/images/trome/2023/12/18/trome_2023-12-18_1.jpg
2026-07-18 15:35:01,109 [INFO] src.corpus_acquisition.downloader: Downloading page 2 from https://t.prcdn.co/img?file=eag82023121800000000001001&page=2&scale=80
2026-07-18 15:35:01,109 [INFO] src.corpus_acquisition.crawler: Downloading -> data/raw/images/trome/2023/12/18/trome_2023-12-18_2.jpg
2026-07-18 15:35:04,246 [INFO] src.corpus_acquisition.downloader: Downloading page 3 from https://t.prcdn.co/img?file=eag82023121800000000001001&page=3&scale=80
2026-07-18 15:35:04,246 [INFO] src.corpus_acquisition.crawler: Downloading -> data/raw/images/trome/2023/12/18/trome_2023-12-18_3.jpg
2026-07-18 15:35:06,422 [INFO] src.corpus_acquisition.downloader: Downloading page 4 from https://t.prcdn.co/img?file=eag82023121800000000001001&page=4&scale=80
2026-07-18 15:35:06,423 [INFO] src.corpus_acquisition.crawler: Downloading -> data/raw/images/trome/2023/12/18/trome_2023-12-18_4.jpg
2026-07-18 15:35:08,926 [INFO] src.corpus_acquisition.downloader: Downloading page 5 from https://t.prcdn.co/img?file=eag82023121800000000001001&page=5&scale=80
2026-07-18 15:35:08,927 [INFO] src.corpus_acquisition.crawler: Downloading -> data/raw/images/trome/2023/12/18/trome_2023-12-18_5.jpg
2026-07-18 15:35:10,933 [INFO] src.corpus_acquisition.downloader: Downloading page 6 from https://t.prcdn.co/img?file=eag82023121800000000001001&page=6&scale=80
2026-07-18 15:35:10,933 [INFO] src.corpus_acquisition.crawler: Downloading -> data/raw/images/trome/2023/12/18/trome_2023-12-18_6.jpg
2026-07-18 15:35:13,933 [INFO] src.corpus_acquisition.downloader: Downloading page 7 from https://t.prcdn.co/img?file=eag82023121800000000001001&page=7&scale=80
2026-07-18 15:35:13,934 [INFO] src.corpus_acquisition.crawler: Downloading -> data/raw/images/trome/2023/12/18/trome_2023-12-18_7.jpg
2026-07-18 15:35:18,295 [INFO] src.corpus_acquisition.downloader: Downloading page 8 from https://t.prcdn.co/img?file=eag82023121800000000001001&page=8&scale=80
2026-07-18 15:35:18,296 [INFO] src.corpus_acquisition.crawler: Downloading -> data/raw/images/trome/2023/12/18/trome_2023-12-18_8.jpg
2026-07-18 15:35:20,771 [INFO] src.corpus_acquisition.downloader: Downloading page 9 from https://t.prcdn.co/img?file=eag82023121800000000001001&page=9&scale=80
2026-07-18 15:35:20,772 [INFO] src.corpus_acquisition.crawler: Downloading -> data/raw/images/trome/2023/12/18/trome_2023-12-18_9.jpg
2026-07-18 15:35:24,762 [INFO] src.corpus_acquisition.downloader: Downloading page 10 from https://t.prcdn.co/img?file=eag82023121800000000001001&page=10&scale=80
2026-07-18 15:35:24,762 [INFO] src.corpus_acquisition.crawler: Downloading -> data/raw/images/trome/2023/12/18/trome_2023-12-18_10.jpg
2026-07-18 15:35:27,995 [INFO] src.corpus_acquisition.downloader: Downloading page 11 from https://t.prcdn.co/img?file=eag82023121800000000001001&page=11&scale=80
2026-07-18 15:35:27,995 [INFO] src.corpus_acquisition.crawler: Downloading -> data/raw/images/trome/2023/12/18/trome_2023-12-18_11.jpg
2026-07-18 15:35:31,748 [INFO] src.corpus_acquisition.downloader: Downloading page 12 from https://t.prcdn.co/img?file=eag82023121800000000001001&page=12&scale=80
2026-07-18 15:35:31,749 [INFO] src.corpus_acquisition.crawler: Downloading -> data/raw/images/trome/2023/12/18/trome_2023-12-18_12.jpg
2026-07-18 15:35:34,377 [INFO] src.corpus_acquisition.downloader: Downloading page 13 from https://t.prcdn.co/img?file=eag82023121800000000001001&page=13&scale=80
2026-07-18 15:35:34,377 [INFO] src.corpus_acquisition.crawler: Downloading -> data/raw/images/trome/2023/12/18/trome_2023-12-18_13.jpg
2026-07-18 15:35:37,353 [INFO] src.corpus_acquisition.downloader: Downloading page 14 from https://t.prcdn.co/img?file=eag82023121800000000001001&page=14&scale=80
2026-07-18 15:35:37,354 [INFO] src.corpus_acquisition.crawler: Downloading -> data/raw/images/trome/2023/12/18/trome_2023-12-18_14.jpg
2026-07-18 15:35:40,818 [INFO] src.corpus_acquisition.downloader: Downloading page 15 from https://t.prcdn.co/img?file=eag82023121800000000001001&page=15&scale=80
2026-07-18 15:35:40,818 [INFO] src.corpus_acquisition.crawler: Downloading -> data/raw/images/trome/2023/12/18/trome_2023-12-18_15.jpg
2026-07-18 15:35:43,897 [INFO] src.corpus_acquisition.downloader: Downloading page 16 from https://t.prcdn.co/img?file=eag82023121800000000001001&page=16&scale=80
2026-07-18 15:35:43,897 [INFO] src.corpus_acquisition.crawler: Downloading -> data/raw/images/trome/2023/12/18/trome_2023-12-18_16.jpg
2026-07-18 15:35:47,746 [INFO] src.corpus_acquisition.downloader: Downloading page 17 from https://t.prcdn.co/img?file=eag82023121800000000001001&page=17&scale=80
2026-07-18 15:35:47,747 [INFO] src.corpus_acquisition.crawler: Downloading -> data/raw/images/trome/2023/12/18/trome_2023-12-18_17.jpg
2026-07-18 15:35:51,345 [INFO] src.corpus_acquisition.downloader: Downloading page 18 from https://t.prcdn.co/img?file=eag82023121800000000001001&page=18&scale=80
2026-07-18 15:35:51,345 [INFO] src.corpus_acquisition.crawler: Downloading -> data/raw/images/trome/2023/12/18/trome_2023-12-18_18.jpg
2026-07-18 15:35:54,276 [INFO] src.corpus_acquisition.downloader: Downloading page 19 from https://t.prcdn.co/img?file=eag82023121800000000001001&page=19&scale=80
2026-07-18 15:35:54,276 [INFO] src.corpus_acquisition.crawler: Downloading -> data/raw/images/trome/2023/12/18/trome_2023-12-18_19.jpg
2026-07-18 15:35:59,060 [INFO] src.corpus_acquisition.downloader: Downloading page 20 from https://t.prcdn.co/img?file=eag82023121800000000001001&page=20&scale=80
2026-07-18 15:35:59,061 [INFO] src.corpus_acquisition.crawler: Downloading -> data/raw/images/trome/2023/12/18/trome_2023-12-18_20.jpg
2026-07-18 15:36:02,129 [INFO] src.corpus_acquisition.downloader: Downloading page 21 from https://t.prcdn.co/img?file=eag82023121800000000001001&page=21&scale=80
2026-07-18 15:36:02,130 [INFO] src.corpus_acquisition.crawler: Downloading -> data/raw/images/trome/2023/12/18/trome_2023-12-18_21.jpg
2026-07-18 15:36:06,513 [INFO] src.corpus_acquisition.downloader: Downloading page 22 from https://t.prcdn.co/img?file=eag82023121800000000001001&page=22&scale=80
2026-07-18 15:36:06,514 [INFO] src.corpus_acquisition.crawler: Downloading -> data/raw/images/trome/2023/12/18/trome_2023-12-18_22.jpg
2026-07-18 15:36:09,052 [INFO] src.corpus_acquisition.downloader: Downloading page 23 from https://t.prcdn.co/img?file=eag82023121800000000001001&page=23&scale=80
2026-07-18 15:36:09,052 [INFO] src.corpus_acquisition.crawler: Downloading -> data/raw/images/trome/2023/12/18/trome_2023-12-18_23.jpg
2026-07-18 15:36:11,909 [INFO] src.corpus_acquisition.downloader: Downloading page 24 from https://t.prcdn.co/img?file=eag82023121800000000001001&page=24&scale=80
2026-07-18 15:36:11,909 [INFO] src.corpus_acquisition.crawler: Downloading -> data/raw/images/trome/2023/12/18/trome_2023-12-18_24.jpg
2026-07-18 15:36:14,954 [INFO] src.corpus_acquisition.downloader: Downloading page 25 from https://t.prcdn.co/img?file=eag82023121800000000001001&page=25&scale=80
2026-07-18 15:36:14,955 [INFO] src.corpus_acquisition.crawler: Downloading -> data/raw/images/trome/2023/12/18/trome_2023-12-18_25.jpg
2026-07-18 15:36:15,185 [WARNING] src.corpus_acquisition.downloader: Page 25 not found (1/3).
2026-07-18 15:36:15,185 [INFO] src.corpus_acquisition.downloader: Downloading page 26 from https://t.prcdn.co/img?file=eag82023121800000000001001&page=26&scale=80
2026-07-18 15:36:15,185 [INFO] src.corpus_acquisition.crawler: Downloading -> data/raw/images/trome/2023/12/18/trome_2023-12-18_26.jpg
2026-07-18 15:36:15,387 [WARNING] src.corpus_acquisition.downloader: Page 26 not found (2/3).
2026-07-18 15:36:15,388 [INFO] src.corpus_acquisition.downloader: Downloading page 27 from https://t.prcdn.co/img?file=eag82023121800000000001001&page=27&scale=80
2026-07-18 15:36:15,388 [INFO] src.corpus_acquisition.crawler: Downloading -> data/raw/images/trome/2023/12/18/trome_2023-12-18_27.jpg
2026-07-18 15:36:15,760 [WARNING] src.corpus_acquisition.downloader: Page 27 not found (3/3).
2026-07-18 15:36:15,760 [WARNING] src.corpus_acquisition.downloader: No new pages found after 3 attempts; stopping with 24 page(s).
2026-07-18 15:36:15,804 [INFO] src.corpus_acquisition.metadata_extractor: Saved metadata for 24 page(s) -> data/raw/metadata/trome_metadata.parquet (total rows: 36383)
2026-07-18 15:36:15,807 [INFO] src.corpus_acquisition.metadata_extractor: Saved crawl log -> data/raw/crawl_logs/trome_2023-12-18.json (status=success)
2026-07-18 15:36:16,952 [INFO] src.corpus_acquisition.downloader: Downloading page 1 from https://t.prcdn.co/img?file=eag82023121900000000001001&page=1&scale=80
2026-07-18 15:36:16,953 [INFO] src.corpus_acquisition.crawler: Downloading -> data/raw/images/trome/2023/12/19/trome_2023-12-19_1.jpg
2026-07-18 15:36:19,662 [INFO] src.corpus_acquisition.downloader: Downloading page 2 from https://t.prcdn.co/img?file=eag82023121900000000001001&page=2&scale=80
2026-07-18 15:36:19,662 [INFO] src.corpus_acquisition.crawler: Downloading -> data/raw/images/trome/2023/12/19/trome_2023-12-19_2.jpg
2026-07-18 15:36:22,437 [INFO] src.corpus_acquisition.downloader: Downloading page 3 from https://t.prcdn.co/img?file=eag82023121900000000001001&page=3&scale=80
2026-07-18 15:36:22,437 [INFO] src.corpus_acquisition.crawler: Downloading -> data/raw/images/trome/2023/12/19/trome_2023-12-19_3.jpg
2026-07-18 15:36:25,086 [INFO] src.corpus_acquisition.downloader: Downloading page 4 from https://t.prcdn.co/img?file=eag82023121900000000001001&page=4&scale=80
2026-07-18 15:36:25,086 [INFO] src.corpus_acquisition.crawler: Downloading -> data/raw/images/trome/2023/12/19/trome_2023-12-19_4.jpg
2026-07-18 15:36:28,225 [INFO] src.corpus_acquisition.downloader: Downloading page 5 from https://t.prcdn.co/img?file=eag82023121900000000001001&page=5&scale=80
2026-07-18 15:36:28,225 [INFO] src.corpus_acquisition.crawler: Downloading -> data/raw/images/trome/2023/12/19/trome_2023-12-19_5.jpg
2026-07-18 15:36:30,721 [INFO] src.corpus_acquisition.downloader: Downloading page 6 from https://t.prcdn.co/img?file=eag82023121900000000001001&page=6&scale=80
2026-07-18 15:36:30,721 [INFO] src.corpus_acquisition.crawler: Downloading -> data/raw/images/trome/2023/12/19/trome_2023-12-19_6.jpg
2026-07-18 15:36:33,483 [INFO] src.corpus_acquisition.downloader: Downloading page 7 from https://t.prcdn.co/img?file=eag82023121900000000001001&page=7&scale=80
2026-07-18 15:36:33,484 [INFO] src.corpus_acquisition.crawler: Downloading -> data/raw/images/trome/2023/12/19/trome_2023-12-19_7.jpg
2026-07-18 15:36:37,336 [INFO] src.corpus_acquisition.downloader: Downloading page 8 from https://t.prcdn.co/img?file=eag82023121900000000001001&page=8&scale=80
2026-07-18 15:36:37,337 [INFO] src.corpus_acquisition.crawler: Downloading -> data/raw/images/trome/2023/12/19/trome_2023-12-19_8.jpg
2026-07-18 15:36:40,715 [INFO] src.corpus_acquisition.downloader: Downloading page 9 from https://t.prcdn.co/img?file=eag82023121900000000001001&page=9&scale=80
2026-07-18 15:36:40,715 [INFO] src.corpus_acquisition.crawler: Downloading -> data/raw/images/trome/2023/12/19/trome_2023-12-19_9.jpg
2026-07-18 15:36:43,749 [INFO] src.corpus_acquisition.downloader: Downloading page 10 from https://t.prcdn.co/img?file=eag82023121900000000001001&page=10&scale=80
2026-07-18 15:36:43,749 [INFO] src.corpus_acquisition.crawler: Downloading -> data/raw/images/trome/2023/12/19/trome_2023-12-19_10.jpg
2026-07-18 15:36:46,149 [INFO] src.corpus_acquisition.downloader: Downloading page 11 from https://t.prcdn.co/img?file=eag82023121900000000001001&page=11&scale=80
2026-07-18 15:36:46,149 [INFO] src.corpus_acquisition.crawler: Downloading -> data/raw/images/trome/2023/12/19/trome_2023-12-19_11.jpg
2026-07-18 15:36:48,734 [INFO] src.corpus_acquisition.downloader: Downloading page 12 from https://t.prcdn.co/img?file=eag82023121900000000001001&page=12&scale=80
2026-07-18 15:36:48,734 [INFO] src.corpus_acquisition.crawler: Downloading -> data/raw/images/trome/2023/12/19/trome_2023-12-19_12.jpg
2026-07-18 15:36:51,776 [INFO] src.corpus_acquisition.downloader: Downloading page 13 from https://t.prcdn.co/img?file=eag82023121900000000001001&page=13&scale=80
2026-07-18 15:36:51,777 [INFO] src.corpus_acquisition.crawler: Downloading -> data/raw/images/trome/2023/12/19/trome_2023-12-19_13.jpg
2026-07-18 15:36:53,999 [INFO] src.corpus_acquisition.downloader: Downloading page 14 from https://t.prcdn.co/img?file=eag82023121900000000001001&page=14&scale=80
2026-07-18 15:36:53,999 [INFO] src.corpus_acquisition.crawler: Downloading -> data/raw/images/trome/2023/12/19/trome_2023-12-19_14.jpg
2026-07-18 15:36:56,731 [INFO] src.corpus_acquisition.downloader: Downloading page 15 from https://t.prcdn.co/img?file=eag82023121900000000001001&page=15&scale=80
2026-07-18 15:36:56,731 [INFO] src.corpus_acquisition.crawler: Downloading -> data/raw/images/trome/2023/12/19/trome_2023-12-19_15.jpg
2026-07-18 15:36:59,423 [INFO] src.corpus_acquisition.downloader: Downloading page 16 from https://t.prcdn.co/img?file=eag82023121900000000001001&page=16&scale=80
2026-07-18 15:36:59,424 [INFO] src.corpus_acquisition.crawler: Downloading -> data/raw/images/trome/2023/12/19/trome_2023-12-19_16.jpg
2026-07-18 15:37:02,480 [INFO] src.corpus_acquisition.downloader: Downloading page 17 from https://t.prcdn.co/img?file=eag82023121900000000001001&page=17&scale=80
2026-07-18 15:37:02,480 [INFO] src.corpus_acquisition.crawler: Downloading -> data/raw/images/trome/2023/12/19/trome_2023-12-19_17.jpg
2026-07-18 15:37:05,214 [INFO] src.corpus_acquisition.downloader: Downloading page 18 from https://t.prcdn.co/img?file=eag82023121900000000001001&page=18&scale=80
2026-07-18 15:37:05,215 [INFO] src.corpus_acquisition.crawler: Downloading -> data/raw/images/trome/2023/12/19/trome_2023-12-19_18.jpg
2026-07-18 15:37:08,301 [INFO] src.corpus_acquisition.downloader: Downloading page 19 from https://t.prcdn.co/img?file=eag82023121900000000001001&page=19&scale=80
2026-07-18 15:37:08,301 [INFO] src.corpus_acquisition.crawler: Downloading -> data/raw/images/trome/2023/12/19/trome_2023-12-19_19.jpg
2026-07-18 15:37:10,665 [INFO] src.corpus_acquisition.downloader: Downloading page 20 from https://t.prcdn.co/img?file=eag82023121900000000001001&page=20&scale=80
2026-07-18 15:37:10,665 [INFO] src.corpus_acquisition.crawler: Downloading -> data/raw/images/trome/2023/12/19/trome_2023-12-19_20.jpg
2026-07-18 15:37:13,724 [INFO] src.corpus_acquisition.downloader: Downloading page 21 from https://t.prcdn.co/img?file=eag82023121900000000001001&page=21&scale=80
2026-07-18 15:37:13,724 [INFO] src.corpus_acquisition.crawler: Downloading -> data/raw/images/trome/2023/12/19/trome_2023-12-19_21.jpg
2026-07-18 15:37:17,059 [INFO] src.corpus_acquisition.downloader: Downloading page 22 from https://t.prcdn.co/img?file=eag82023121900000000001001&page=22&scale=80
2026-07-18 15:37:17,060 [INFO] src.corpus_acquisition.crawler: Downloading -> data/raw/images/trome/2023/12/19/trome_2023-12-19_22.jpg
2026-07-18 15:37:19,854 [INFO] src.corpus_acquisition.downloader: Downloading page 23 from https://t.prcdn.co/img?file=eag82023121900000000001001&page=23&scale=80
2026-07-18 15:37:19,855 [INFO] src.corpus_acquisition.crawler: Downloading -> data/raw/images/trome/2023/12/19/trome_2023-12-19_23.jpg
2026-07-18 15:37:23,316 [INFO] src.corpus_acquisition.downloader: Downloading page 24 from https://t.prcdn.co/img?file=eag82023121900000000001001&page=24&scale=80
2026-07-18 15:37:23,317 [INFO] src.corpus_acquisition.crawler: Downloading -> data/raw/images/trome/2023/12/19/trome_2023-12-19_24.jpg
2026-07-18 15:37:27,126 [INFO] src.corpus_acquisition.downloader: Downloading page 25 from https://t.prcdn.co/img?file=eag82023121900000000001001&page=25&scale=80
2026-07-18 15:37:27,126 [INFO] src.corpus_acquisition.crawler: Downloading -> data/raw/images/trome/2023/12/19/trome_2023-12-19_25.jpg
2026-07-18 15:37:27,456 [WARNING] src.corpus_acquisition.downloader: Page 25 not found (1/3).
2026-07-18 15:37:27,457 [INFO] src.corpus_acquisition.downloader: Downloading page 26 from https://t.prcdn.co/img?file=eag82023121900000000001001&page=26&scale=80
2026-07-18 15:37:27,457 [INFO] src.corpus_acquisition.crawler: Downloading -> data/raw/images/trome/2023/12/19/trome_2023-12-19_26.jpg
2026-07-18 15:37:27,687 [WARNING] src.corpus_acquisition.downloader: Page 26 not found (2/3).
2026-07-18 15:37:27,688 [INFO] src.corpus_acquisition.downloader: Downloading page 27 from https://t.prcdn.co/img?file=eag82023121900000000001001&page=27&scale=80
2026-07-18 15:37:27,688 [INFO] src.corpus_acquisition.crawler: Downloading -> data/raw/images/trome/2023/12/19/trome_2023-12-19_27.jpg
2026-07-18 15:37:27,940 [WARNING] src.corpus_acquisition.downloader: Page 27 not found (3/3).
2026-07-18 15:37:27,940 [WARNING] src.corpus_acquisition.downloader: No new pages found after 3 attempts; stopping with 24 page(s).
2026-07-18 15:37:27,984 [INFO] src.corpus_acquisition.metadata_extractor: Saved metadata for 24 page(s) -> data/raw/metadata/trome_metadata.parquet (total rows: 36407)
2026-07-18 15:37:27,986 [INFO] src.corpus_acquisition.metadata_extractor: Saved crawl log -> data/raw/crawl_logs/trome_2023-12-19.json (status=success)
2026-07-18 15:37:28,965 [INFO] src.corpus_acquisition.downloader: Downloading page 1 from https://t.prcdn.co/img?file=eag82023122000000000001001&page=1&scale=80
2026-07-18 15:37:28,966 [INFO] src.corpus_acquisition.crawler: Downloading -> data/raw/images/trome/2023/12/20/trome_2023-12-20_1.jpg
2026-07-18 15:37:31,470 [INFO] src.corpus_acquisition.downloader: Downloading page 2 from https://t.prcdn.co/img?file=eag82023122000000000001001&page=2&scale=80
2026-07-18 15:37:31,471 [INFO] src.corpus_acquisition.crawler: Downloading -> data/raw/images/trome/2023/12/20/trome_2023-12-20_2.jpg
2026-07-18 15:37:35,011 [INFO] src.corpus_acquisition.downloader: Downloading page 3 from https://t.prcdn.co/img?file=eag82023122000000000001001&page=3&scale=80
2026-07-18 15:37:35,011 [INFO] src.corpus_acquisition.crawler: Downloading -> data/raw/images/trome/2023/12/20/trome_2023-12-20_3.jpg
2026-07-18 15:37:38,002 [INFO] src.corpus_acquisition.downloader: Downloading page 4 from https://t.prcdn.co/img?file=eag82023122000000000001001&page=4&scale=80
2026-07-18 15:37:38,002 [INFO] src.corpus_acquisition.crawler: Downloading -> data/raw/images/trome/2023/12/20/trome_2023-12-20_4.jpg
2026-07-18 15:37:40,872 [INFO] src.corpus_acquisition.downloader: Downloading page 5 from https://t.prcdn.co/img?file=eag82023122000000000001001&page=5&scale=80
2026-07-18 15:37:40,872 [INFO] src.corpus_acquisition.crawler: Downloading -> data/raw/images/trome/2023/12/20/trome_2023-12-20_5.jpg
2026-07-18 15:37:43,219 [INFO] src.corpus_acquisition.downloader: Downloading page 6 from https://t.prcdn.co/img?file=eag82023122000000000001001&page=6&scale=80
2026-07-18 15:37:43,219 [INFO] src.corpus_acquisition.crawler: Downloading -> data/raw/images/trome/2023/12/20/trome_2023-12-20_6.jpg
2026-07-18 15:37:45,777 [INFO] src.corpus_acquisition.downloader: Downloading page 7 from https://t.prcdn.co/img?file=eag82023122000000000001001&page=7&scale=80
2026-07-18 15:37:45,778 [INFO] src.corpus_acquisition.crawler: Downloading -> data/raw/images/trome/2023/12/20/trome_2023-12-20_7.jpg
2026-07-18 15:37:48,628 [INFO] src.corpus_acquisition.downloader: Downloading page 8 from https://t.prcdn.co/img?file=eag82023122000000000001001&page=8&scale=80
2026-07-18 15:37:48,628 [INFO] src.corpus_acquisition.crawler: Downloading -> data/raw/images/trome/2023/12/20/trome_2023-12-20_8.jpg
2026-07-18 15:37:51,631 [INFO] src.corpus_acquisition.downloader: Downloading page 9 from https://t.prcdn.co/img?file=eag82023122000000000001001&page=9&scale=80
2026-07-18 15:37:51,631 [INFO] src.corpus_acquisition.crawler: Downloading -> data/raw/images/trome/2023/12/20/trome_2023-12-20_9.jpg
2026-07-18 15:37:54,754 [INFO] src.corpus_acquisition.downloader: Downloading page 10 from https://t.prcdn.co/img?file=eag82023122000000000001001&page=10&scale=80
2026-07-18 15:37:54,754 [INFO] src.corpus_acquisition.crawler: Downloading -> data/raw/images/trome/2023/12/20/trome_2023-12-20_10.jpg
2026-07-18 15:37:57,933 [INFO] src.corpus_acquisition.downloader: Downloading page 11 from https://t.prcdn.co/img?file=eag82023122000000000001001&page=11&scale=80
2026-07-18 15:37:57,933 [INFO] src.corpus_acquisition.crawler: Downloading -> data/raw/images/trome/2023/12/20/trome_2023-12-20_11.jpg
2026-07-18 15:38:00,879 [INFO] src.corpus_acquisition.downloader: Downloading page 12 from https://t.prcdn.co/img?file=eag82023122000000000001001&page=12&scale=80
2026-07-18 15:38:00,879 [INFO] src.corpus_acquisition.crawler: Downloading -> data/raw/images/trome/2023/12/20/trome_2023-12-20_12.jpg
2026-07-18 15:38:03,781 [INFO] src.corpus_acquisition.downloader: Downloading page 13 from https://t.prcdn.co/img?file=eag82023122000000000001001&page=13&scale=80
2026-07-18 15:38:03,781 [INFO] src.corpus_acquisition.crawler: Downloading -> data/raw/images/trome/2023/12/20/trome_2023-12-20_13.jpg
2026-07-18 15:38:06,406 [INFO] src.corpus_acquisition.downloader: Downloading page 14 from https://t.prcdn.co/img?file=eag82023122000000000001001&page=14&scale=80
2026-07-18 15:38:06,407 [INFO] src.corpus_acquisition.crawler: Downloading -> data/raw/images/trome/2023/12/20/trome_2023-12-20_14.jpg
2026-07-18 15:38:09,908 [INFO] src.corpus_acquisition.downloader: Downloading page 15 from https://t.prcdn.co/img?file=eag82023122000000000001001&page=15&scale=80
2026-07-18 15:38:09,909 [INFO] src.corpus_acquisition.crawler: Downloading -> data/raw/images/trome/2023/12/20/trome_2023-12-20_15.jpg
2026-07-18 15:38:12,107 [INFO] src.corpus_acquisition.downloader: Downloading page 16 from https://t.prcdn.co/img?file=eag82023122000000000001001&page=16&scale=80
2026-07-18 15:38:12,107 [INFO] src.corpus_acquisition.crawler: Downloading -> data/raw/images/trome/2023/12/20/trome_2023-12-20_16.jpg
2026-07-18 15:38:14,886 [INFO] src.corpus_acquisition.downloader: Downloading page 17 from https://t.prcdn.co/img?file=eag82023122000000000001001&page=17&scale=80
2026-07-18 15:38:14,887 [INFO] src.corpus_acquisition.crawler: Downloading -> data/raw/images/trome/2023/12/20/trome_2023-12-20_17.jpg
2026-07-18 15:38:17,276 [INFO] src.corpus_acquisition.downloader: Downloading page 18 from https://t.prcdn.co/img?file=eag82023122000000000001001&page=18&scale=80
2026-07-18 15:38:17,276 [INFO] src.corpus_acquisition.crawler: Downloading -> data/raw/images/trome/2023/12/20/trome_2023-12-20_18.jpg
2026-07-18 15:38:20,238 [INFO] src.corpus_acquisition.downloader: Downloading page 19 from https://t.prcdn.co/img?file=eag82023122000000000001001&page=19&scale=80
2026-07-18 15:38:20,239 [INFO] src.corpus_acquisition.crawler: Downloading -> data/raw/images/trome/2023/12/20/trome_2023-12-20_19.jpg
2026-07-18 15:38:22,840 [INFO] src.corpus_acquisition.downloader: Downloading page 20 from https://t.prcdn.co/img?file=eag82023122000000000001001&page=20&scale=80
2026-07-18 15:38:22,840 [INFO] src.corpus_acquisition.crawler: Downloading -> data/raw/images/trome/2023/12/20/trome_2023-12-20_20.jpg
2026-07-18 15:38:26,207 [INFO] src.corpus_acquisition.downloader: Downloading page 21 from https://t.prcdn.co/img?file=eag82023122000000000001001&page=21&scale=80
2026-07-18 15:38:26,207 [INFO] src.corpus_acquisition.crawler: Downloading -> data/raw/images/trome/2023/12/20/trome_2023-12-20_21.jpg
2026-07-18 15:38:29,268 [INFO] src.corpus_acquisition.downloader: Downloading page 22 from https://t.prcdn.co/img?file=eag82023122000000000001001&page=22&scale=80
2026-07-18 15:38:29,269 [INFO] src.corpus_acquisition.crawler: Downloading -> data/raw/images/trome/2023/12/20/trome_2023-12-20_22.jpg
2026-07-18 15:38:31,905 [INFO] src.corpus_acquisition.downloader: Downloading page 23 from https://t.prcdn.co/img?file=eag82023122000000000001001&page=23&scale=80
2026-07-18 15:38:31,905 [INFO] src.corpus_acquisition.crawler: Downloading -> data/raw/images/trome/2023/12/20/trome_2023-12-20_23.jpg
2026-07-18 15:38:34,026 [INFO] src.corpus_acquisition.downloader: Downloading page 24 from https://t.prcdn.co/img?file=eag82023122000000000001001&page=24&scale=80
2026-07-18 15:38:34,027 [INFO] src.corpus_acquisition.crawler: Downloading -> data/raw/images/trome/2023/12/20/trome_2023-12-20_24.jpg
2026-07-18 15:38:36,794 [INFO] src.corpus_acquisition.downloader: Downloading page 25 from https://t.prcdn.co/img?file=eag82023122000000000001001&page=25&scale=80
2026-07-18 15:38:36,794 [INFO] src.corpus_acquisition.crawler: Downloading -> data/raw/images/trome/2023/12/20/trome_2023-12-20_25.jpg
2026-07-18 15:38:37,025 [WARNING] src.corpus_acquisition.downloader: Page 25 not found (1/3).
2026-07-18 15:38:37,026 [INFO] src.corpus_acquisition.downloader: Downloading page 26 from https://t.prcdn.co/img?file=eag82023122000000000001001&page=26&scale=80
2026-07-18 15:38:37,026 [INFO] src.corpus_acquisition.crawler: Downloading -> data/raw/images/trome/2023/12/20/trome_2023-12-20_26.jpg
2026-07-18 15:38:37,261 [WARNING] src.corpus_acquisition.downloader: Page 26 not found (2/3).
2026-07-18 15:38:37,261 [INFO] src.corpus_acquisition.downloader: Downloading page 27 from https://t.prcdn.co/img?file=eag82023122000000000001001&page=27&scale=80
2026-07-18 15:38:37,262 [INFO] src.corpus_acquisition.crawler: Downloading -> data/raw/images/trome/2023/12/20/trome_2023-12-20_27.jpg
2026-07-18 15:38:37,463 [WARNING] src.corpus_acquisition.downloader: Page 27 not found (3/3).
2026-07-18 15:38:37,463 [WARNING] src.corpus_acquisition.downloader: No new pages found after 3 attempts; stopping with 24 page(s).
2026-07-18 15:38:37,511 [INFO] src.corpus_acquisition.metadata_extractor: Saved metadata for 24 page(s) -> data/raw/metadata/trome_metadata.parquet (total rows: 36431)
2026-07-18 15:38:37,514 [INFO] src.corpus_acquisition.metadata_extractor: Saved crawl log -> data/raw/crawl_logs/trome_2023-12-20.json (status=success)
2026-07-18 15:38:38,840 [INFO] src.corpus_acquisition.downloader: Downloading page 1 from https://t.prcdn.co/img?file=eag82023122100000000001001&page=1&scale=80
2026-07-18 15:38:38,841 [INFO] src.corpus_acquisition.crawler: Downloading -> data/raw/images/trome/2023/12/21/trome_2023-12-21_1.jpg
2026-07-18 15:38:41,191 [INFO] src.corpus_acquisition.downloader: Downloading page 2 from https://t.prcdn.co/img?file=eag82023122100000000001001&page=2&scale=80
2026-07-18 15:38:41,191 [INFO] src.corpus_acquisition.crawler: Downloading -> data/raw/images/trome/2023/12/21/trome_2023-12-21_2.jpg
2026-07-18 15:38:44,568 [INFO] src.corpus_acquisition.downloader: Downloading page 3 from https://t.prcdn.co/img?file=eag82023122100000000001001&page=3&scale=80
2026-07-18 15:38:44,569 [INFO] src.corpus_acquisition.crawler: Downloading -> data/raw/images/trome/2023/12/21/trome_2023-12-21_3.jpg
2026-07-18 15:38:48,963 [INFO] src.corpus_acquisition.downloader: Downloading page 4 from https://t.prcdn.co/img?file=eag82023122100000000001001&page=4&scale=80
2026-07-18 15:38:48,964 [INFO] src.corpus_acquisition.crawler: Downloading -> data/raw/images/trome/2023/12/21/trome_2023-12-21_4.jpg
2026-07-18 15:38:51,370 [INFO] src.corpus_acquisition.downloader: Downloading page 5 from https://t.prcdn.co/img?file=eag82023122100000000001001&page=5&scale=80
2026-07-18 15:38:51,371 [INFO] src.corpus_acquisition.crawler: Downloading -> data/raw/images/trome/2023/12/21/trome_2023-12-21_5.jpg
2026-07-18 15:38:54,521 [INFO] src.corpus_acquisition.downloader: Downloading page 6 from https://t.prcdn.co/img?file=eag82023122100000000001001&page=6&scale=80
2026-07-18 15:38:54,521 [INFO] src.corpus_acquisition.crawler: Downloading -> data/raw/images/trome/2023/12/21/trome_2023-12-21_6.jpg
2026-07-18 15:38:56,878 [INFO] src.corpus_acquisition.downloader: Downloading page 7 from https://t.prcdn.co/img?file=eag82023122100000000001001&page=7&scale=80
2026-07-18 15:38:56,878 [INFO] src.corpus_acquisition.crawler: Downloading -> data/raw/images/trome/2023/12/21/trome_2023-12-21_7.jpg
2026-07-18 15:38:59,850 [INFO] src.corpus_acquisition.downloader: Downloading page 8 from https://t.prcdn.co/img?file=eag82023122100000000001001&page=8&scale=80
2026-07-18 15:38:59,851 [INFO] src.corpus_acquisition.crawler: Downloading -> data/raw/images/trome/2023/12/21/trome_2023-12-21_8.jpg
2026-07-18 15:39:02,220 [INFO] src.corpus_acquisition.downloader: Downloading page 9 from https://t.prcdn.co/img?file=eag82023122100000000001001&page=9&scale=80
2026-07-18 15:39:02,220 [INFO] src.corpus_acquisition.crawler: Downloading -> data/raw/images/trome/2023/12/21/trome_2023-12-21_9.jpg
2026-07-18 15:39:04,784 [INFO] src.corpus_acquisition.downloader: Downloading page 10 from https://t.prcdn.co/img?file=eag82023122100000000001001&page=10&scale=80
2026-07-18 15:39:04,784 [INFO] src.corpus_acquisition.crawler: Downloading -> data/raw/images/trome/2023/12/21/trome_2023-12-21_10.jpg
2026-07-18 15:39:07,182 [INFO] src.corpus_acquisition.downloader: Downloading page 11 from https://t.prcdn.co/img?file=eag82023122100000000001001&page=11&scale=80
2026-07-18 15:39:07,182 [INFO] src.corpus_acquisition.crawler: Downloading -> data/raw/images/trome/2023/12/21/trome_2023-12-21_11.jpg
2026-07-18 15:39:09,373 [INFO] src.corpus_acquisition.downloader: Downloading page 12 from https://t.prcdn.co/img?file=eag82023122100000000001001&page=12&scale=80
2026-07-18 15:39:09,374 [INFO] src.corpus_acquisition.crawler: Downloading -> data/raw/images/trome/2023/12/21/trome_2023-12-21_12.jpg
2026-07-18 15:39:11,698 [INFO] src.corpus_acquisition.downloader: Downloading page 13 from https://t.prcdn.co/img?file=eag82023122100000000001001&page=13&scale=80
2026-07-18 15:39:11,699 [INFO] src.corpus_acquisition.crawler: Downloading -> data/raw/images/trome/2023/12/21/trome_2023-12-21_13.jpg
2026-07-18 15:39:14,532 [INFO] src.corpus_acquisition.downloader: Downloading page 14 from https://t.prcdn.co/img?file=eag82023122100000000001001&page=14&scale=80
2026-07-18 15:39:14,532 [INFO] src.corpus_acquisition.crawler: Downloading -> data/raw/images/trome/2023/12/21/trome_2023-12-21_14.jpg
2026-07-18 15:39:16,952 [INFO] src.corpus_acquisition.downloader: Downloading page 15 from https://t.prcdn.co/img?file=eag82023122100000000001001&page=15&scale=80
2026-07-18 15:39:16,953 [INFO] src.corpus_acquisition.crawler: Downloading -> data/raw/images/trome/2023/12/21/trome_2023-12-21_15.jpg
2026-07-18 15:39:20,203 [INFO] src.corpus_acquisition.downloader: Downloading page 16 from https://t.prcdn.co/img?file=eag82023122100000000001001&page=16&scale=80
2026-07-18 15:39:20,204 [INFO] src.corpus_acquisition.crawler: Downloading -> data/raw/images/trome/2023/12/21/trome_2023-12-21_16.jpg
2026-07-18 15:39:23,529 [INFO] src.corpus_acquisition.downloader: Downloading page 17 from https://t.prcdn.co/img?file=eag82023122100000000001001&page=17&scale=80
2026-07-18 15:39:23,529 [INFO] src.corpus_acquisition.crawler: Downloading -> data/raw/images/trome/2023/12/21/trome_2023-12-21_17.jpg
2026-07-18 15:39:26,817 [INFO] src.corpus_acquisition.downloader: Downloading page 18 from https://t.prcdn.co/img?file=eag82023122100000000001001&page=18&scale=80
2026-07-18 15:39:26,817 [INFO] src.corpus_acquisition.crawler: Downloading -> data/raw/images/trome/2023/12/21/trome_2023-12-21_18.jpg
2026-07-18 15:39:29,760 [INFO] src.corpus_acquisition.downloader: Downloading page 19 from https://t.prcdn.co/img?file=eag82023122100000000001001&page=19&scale=80
2026-07-18 15:39:29,761 [INFO] src.corpus_acquisition.crawler: Downloading -> data/raw/images/trome/2023/12/21/trome_2023-12-21_19.jpg
2026-07-18 15:39:32,875 [INFO] src.corpus_acquisition.downloader: Downloading page 20 from https://t.prcdn.co/img?file=eag82023122100000000001001&page=20&scale=80
2026-07-18 15:39:32,875 [INFO] src.corpus_acquisition.crawler: Downloading -> data/raw/images/trome/2023/12/21/trome_2023-12-21_20.jpg
2026-07-18 15:39:35,203 [INFO] src.corpus_acquisition.downloader: Downloading page 21 from https://t.prcdn.co/img?file=eag82023122100000000001001&page=21&scale=80
2026-07-18 15:39:35,203 [INFO] src.corpus_acquisition.crawler: Downloading -> data/raw/images/trome/2023/12/21/trome_2023-12-21_21.jpg
2026-07-18 15:39:37,875 [INFO] src.corpus_acquisition.downloader: Downloading page 22 from https://t.prcdn.co/img?file=eag82023122100000000001001&page=22&scale=80
2026-07-18 15:39:37,875 [INFO] src.corpus_acquisition.crawler: Downloading -> data/raw/images/trome/2023/12/21/trome_2023-12-21_22.jpg
2026-07-18 15:39:40,875 [INFO] src.corpus_acquisition.downloader: Downloading page 23 from https://t.prcdn.co/img?file=eag82023122100000000001001&page=23&scale=80
2026-07-18 15:39:40,875 [INFO] src.corpus_acquisition.crawler: Downloading -> data/raw/images/trome/2023/12/21/trome_2023-12-21_23.jpg
2026-07-18 15:39:43,540 [INFO] src.corpus_acquisition.downloader: Downloading page 24 from https://t.prcdn.co/img?file=eag82023122100000000001001&page=24&scale=80
2026-07-18 15:39:43,541 [INFO] src.corpus_acquisition.crawler: Downloading -> data/raw/images/trome/2023/12/21/trome_2023-12-21_24.jpg
2026-07-18 15:39:46,445 [INFO] src.corpus_acquisition.downloader: Downloading page 25 from https://t.prcdn.co/img?file=eag82023122100000000001001&page=25&scale=80
2026-07-18 15:39:46,445 [INFO] src.corpus_acquisition.crawler: Downloading -> data/raw/images/trome/2023/12/21/trome_2023-12-21_25.jpg
2026-07-18 15:39:46,704 [WARNING] src.corpus_acquisition.downloader: Page 25 not found (1/3).
2026-07-18 15:39:46,705 [INFO] src.corpus_acquisition.downloader: Downloading page 26 from https://t.prcdn.co/img?file=eag82023122100000000001001&page=26&scale=80
2026-07-18 15:39:46,705 [INFO] src.corpus_acquisition.crawler: Downloading -> data/raw/images/trome/2023/12/21/trome_2023-12-21_26.jpg
2026-07-18 15:39:46,906 [WARNING] src.corpus_acquisition.downloader: Page 26 not found (2/3).
2026-07-18 15:39:46,907 [INFO] src.corpus_acquisition.downloader: Downloading page 27 from https://t.prcdn.co/img?file=eag82023122100000000001001&page=27&scale=80
2026-07-18 15:39:46,907 [INFO] src.corpus_acquisition.crawler: Downloading -> data/raw/images/trome/2023/12/21/trome_2023-12-21_27.jpg
2026-07-18 15:39:47,139 [WARNING] src.corpus_acquisition.downloader: Page 27 not found (3/3).
2026-07-18 15:39:47,139 [WARNING] src.corpus_acquisition.downloader: No new pages found after 3 attempts; stopping with 24 page(s).
2026-07-18 15:39:47,182 [INFO] src.corpus_acquisition.metadata_extractor: Saved metadata for 24 page(s) -> data/raw/metadata/trome_metadata.parquet (total rows: 36455)
2026-07-18 15:39:47,187 [INFO] src.corpus_acquisition.metadata_extractor: Saved crawl log -> data/raw/crawl_logs/trome_2023-12-21.json (status=success)
2026-07-18 15:39:47,702 [INFO] src.corpus_acquisition.downloader: Downloading page 1 from https://t.prcdn.co/img?file=eag82023122200000000001001&page=1&scale=80
2026-07-18 15:39:47,703 [INFO] src.corpus_acquisition.crawler: Downloading -> data/raw/images/trome/2023/12/22/trome_2023-12-22_1.jpg
2026-07-18 15:39:50,209 [INFO] src.corpus_acquisition.downloader: Downloading page 2 from https://t.prcdn.co/img?file=eag82023122200000000001001&page=2&scale=80
2026-07-18 15:39:50,209 [INFO] src.corpus_acquisition.crawler: Downloading -> data/raw/images/trome/2023/12/22/trome_2023-12-22_2.jpg
2026-07-18 15:39:53,483 [INFO] src.corpus_acquisition.downloader: Downloading page 3 from https://t.prcdn.co/img?file=eag82023122200000000001001&page=3&scale=80
2026-07-18 15:39:53,484 [INFO] src.corpus_acquisition.crawler: Downloading -> data/raw/images/trome/2023/12/22/trome_2023-12-22_3.jpg
2026-07-18 15:39:57,011 [INFO] src.corpus_acquisition.downloader: Downloading page 4 from https://t.prcdn.co/img?file=eag82023122200000000001001&page=4&scale=80
2026-07-18 15:39:57,011 [INFO] src.corpus_acquisition.crawler: Downloading -> data/raw/images/trome/2023/12/22/trome_2023-12-22_4.jpg
2026-07-18 15:39:59,920 [INFO] src.corpus_acquisition.downloader: Downloading page 5 from https://t.prcdn.co/img?file=eag82023122200000000001001&page=5&scale=80
2026-07-18 15:39:59,921 [INFO] src.corpus_acquisition.crawler: Downloading -> data/raw/images/trome/2023/12/22/trome_2023-12-22_5.jpg
2026-07-18 15:40:02,760 [INFO] src.corpus_acquisition.downloader: Downloading page 6 from https://t.prcdn.co/img?file=eag82023122200000000001001&page=6&scale=80
2026-07-18 15:40:02,761 [INFO] src.corpus_acquisition.crawler: Downloading -> data/raw/images/trome/2023/12/22/trome_2023-12-22_6.jpg
2026-07-18 15:40:06,150 [INFO] src.corpus_acquisition.downloader: Downloading page 7 from https://t.prcdn.co/img?file=eag82023122200000000001001&page=7&scale=80
2026-07-18 15:40:06,150 [INFO] src.corpus_acquisition.crawler: Downloading -> data/raw/images/trome/2023/12/22/trome_2023-12-22_7.jpg
2026-07-18 15:40:09,043 [INFO] src.corpus_acquisition.downloader: Downloading page 8 from https://t.prcdn.co/img?file=eag82023122200000000001001&page=8&scale=80
2026-07-18 15:40:09,043 [INFO] src.corpus_acquisition.crawler: Downloading -> data/raw/images/trome/2023/12/22/trome_2023-12-22_8.jpg
2026-07-18 15:40:12,887 [INFO] src.corpus_acquisition.downloader: Downloading page 9 from https://t.prcdn.co/img?file=eag82023122200000000001001&page=9&scale=80
2026-07-18 15:40:12,887 [INFO] src.corpus_acquisition.crawler: Downloading -> data/raw/images/trome/2023/12/22/trome_2023-12-22_9.jpg
2026-07-18 15:40:15,812 [INFO] src.corpus_acquisition.downloader: Downloading page 10 from https://t.prcdn.co/img?file=eag82023122200000000001001&page=10&scale=80
2026-07-18 15:40:15,813 [INFO] src.corpus_acquisition.crawler: Downloading -> data/raw/images/trome/2023/12/22/trome_2023-12-22_10.jpg
2026-07-18 15:40:18,661 [INFO] src.corpus_acquisition.downloader: Downloading page 11 from https://t.prcdn.co/img?file=eag82023122200000000001001&page=11&scale=80
2026-07-18 15:40:18,661 [INFO] src.corpus_acquisition.crawler: Downloading -> data/raw/images/trome/2023/12/22/trome_2023-12-22_11.jpg
2026-07-18 15:40:21,533 [INFO] src.corpus_acquisition.downloader: Downloading page 12 from https://t.prcdn.co/img?file=eag82023122200000000001001&page=12&scale=80
2026-07-18 15:40:21,534 [INFO] src.corpus_acquisition.crawler: Downloading -> data/raw/images/trome/2023/12/22/trome_2023-12-22_12.jpg
2026-07-18 15:40:24,314 [INFO] src.corpus_acquisition.downloader: Downloading page 13 from https://t.prcdn.co/img?file=eag82023122200000000001001&page=13&scale=80
2026-07-18 15:40:24,314 [INFO] src.corpus_acquisition.crawler: Downloading -> data/raw/images/trome/2023/12/22/trome_2023-12-22_13.jpg
2026-07-18 15:40:27,327 [INFO] src.corpus_acquisition.downloader: Downloading page 14 from https://t.prcdn.co/img?file=eag82023122200000000001001&page=14&scale=80
2026-07-18 15:40:27,328 [INFO] src.corpus_acquisition.crawler: Downloading -> data/raw/images/trome/2023/12/22/trome_2023-12-22_14.jpg
2026-07-18 15:40:30,518 [INFO] src.corpus_acquisition.downloader: Downloading page 15 from https://t.prcdn.co/img?file=eag82023122200000000001001&page=15&scale=80
2026-07-18 15:40:30,518 [INFO] src.corpus_acquisition.crawler: Downloading -> data/raw/images/trome/2023/12/22/trome_2023-12-22_15.jpg
2026-07-18 15:40:33,018 [INFO] src.corpus_acquisition.downloader: Downloading page 16 from https://t.prcdn.co/img?file=eag82023122200000000001001&page=16&scale=80
2026-07-18 15:40:33,018 [INFO] src.corpus_acquisition.crawler: Downloading -> data/raw/images/trome/2023/12/22/trome_2023-12-22_16.jpg
2026-07-18 15:40:36,013 [INFO] src.corpus_acquisition.downloader: Downloading page 17 from https://t.prcdn.co/img?file=eag82023122200000000001001&page=17&scale=80
2026-07-18 15:40:36,013 [INFO] src.corpus_acquisition.crawler: Downloading -> data/raw/images/trome/2023/12/22/trome_2023-12-22_17.jpg
2026-07-18 15:40:39,059 [INFO] src.corpus_acquisition.downloader: Downloading page 18 from https://t.prcdn.co/img?file=eag82023122200000000001001&page=18&scale=80
2026-07-18 15:40:39,059 [INFO] src.corpus_acquisition.crawler: Downloading -> data/raw/images/trome/2023/12/22/trome_2023-12-22_18.jpg
2026-07-18 15:40:42,074 [INFO] src.corpus_acquisition.downloader: Downloading page 19 from https://t.prcdn.co/img?file=eag82023122200000000001001&page=19&scale=80
2026-07-18 15:40:42,074 [INFO] src.corpus_acquisition.crawler: Downloading -> data/raw/images/trome/2023/12/22/trome_2023-12-22_19.jpg
2026-07-18 15:40:45,063 [INFO] src.corpus_acquisition.downloader: Downloading page 20 from https://t.prcdn.co/img?file=eag82023122200000000001001&page=20&scale=80
2026-07-18 15:40:45,064 [INFO] src.corpus_acquisition.crawler: Downloading -> data/raw/images/trome/2023/12/22/trome_2023-12-22_20.jpg
2026-07-18 15:40:47,236 [INFO] src.corpus_acquisition.downloader: Downloading page 21 from https://t.prcdn.co/img?file=eag82023122200000000001001&page=21&scale=80
2026-07-18 15:40:47,236 [INFO] src.corpus_acquisition.crawler: Downloading -> data/raw/images/trome/2023/12/22/trome_2023-12-22_21.jpg
2026-07-18 15:40:50,273 [INFO] src.corpus_acquisition.downloader: Downloading page 22 from https://t.prcdn.co/img?file=eag82023122200000000001001&page=22&scale=80
2026-07-18 15:40:50,273 [INFO] src.corpus_acquisition.crawler: Downloading -> data/raw/images/trome/2023/12/22/trome_2023-12-22_22.jpg
2026-07-18 15:40:53,228 [INFO] src.corpus_acquisition.downloader: Downloading page 23 from https://t.prcdn.co/img?file=eag82023122200000000001001&page=23&scale=80
2026-07-18 15:40:53,228 [INFO] src.corpus_acquisition.crawler: Downloading -> data/raw/images/trome/2023/12/22/trome_2023-12-22_23.jpg
2026-07-18 15:40:55,406 [INFO] src.corpus_acquisition.downloader: Downloading page 24 from https://t.prcdn.co/img?file=eag82023122200000000001001&page=24&scale=80
2026-07-18 15:40:55,407 [INFO] src.corpus_acquisition.crawler: Downloading -> data/raw/images/trome/2023/12/22/trome_2023-12-22_24.jpg
2026-07-18 15:40:57,884 [INFO] src.corpus_acquisition.downloader: Downloading page 25 from https://t.prcdn.co/img?file=eag82023122200000000001001&page=25&scale=80
2026-07-18 15:40:57,884 [INFO] src.corpus_acquisition.crawler: Downloading -> data/raw/images/trome/2023/12/22/trome_2023-12-22_25.jpg
2026-07-18 15:41:00,142 [INFO] src.corpus_acquisition.downloader: Downloading page 26 from https://t.prcdn.co/img?file=eag82023122200000000001001&page=26&scale=80
2026-07-18 15:41:00,142 [INFO] src.corpus_acquisition.crawler: Downloading -> data/raw/images/trome/2023/12/22/trome_2023-12-22_26.jpg
2026-07-18 15:41:03,277 [INFO] src.corpus_acquisition.downloader: Downloading page 27 from https://t.prcdn.co/img?file=eag82023122200000000001001&page=27&scale=80
2026-07-18 15:41:03,278 [INFO] src.corpus_acquisition.crawler: Downloading -> data/raw/images/trome/2023/12/22/trome_2023-12-22_27.jpg
2026-07-18 15:41:06,542 [INFO] src.corpus_acquisition.downloader: Downloading page 28 from https://t.prcdn.co/img?file=eag82023122200000000001001&page=28&scale=80
2026-07-18 15:41:06,542 [INFO] src.corpus_acquisition.crawler: Downloading -> data/raw/images/trome/2023/12/22/trome_2023-12-22_28.jpg
2026-07-18 15:41:09,004 [INFO] src.corpus_acquisition.downloader: Downloading page 29 from https://t.prcdn.co/img?file=eag82023122200000000001001&page=29&scale=80
2026-07-18 15:41:09,004 [INFO] src.corpus_acquisition.crawler: Downloading -> data/raw/images/trome/2023/12/22/trome_2023-12-22_29.jpg
2026-07-18 15:41:09,239 [WARNING] src.corpus_acquisition.downloader: Page 29 not found (1/3).
2026-07-18 15:41:09,239 [INFO] src.corpus_acquisition.downloader: Downloading page 30 from https://t.prcdn.co/img?file=eag82023122200000000001001&page=30&scale=80
2026-07-18 15:41:09,240 [INFO] src.corpus_acquisition.crawler: Downloading -> data/raw/images/trome/2023/12/22/trome_2023-12-22_30.jpg
2026-07-18 15:41:09,472 [WARNING] src.corpus_acquisition.downloader: Page 30 not found (2/3).
2026-07-18 15:41:09,472 [INFO] src.corpus_acquisition.downloader: Downloading page 31 from https://t.prcdn.co/img?file=eag82023122200000000001001&page=31&scale=80
2026-07-18 15:41:09,473 [INFO] src.corpus_acquisition.crawler: Downloading -> data/raw/images/trome/2023/12/22/trome_2023-12-22_31.jpg
2026-07-18 15:41:09,823 [WARNING] src.corpus_acquisition.downloader: Page 31 not found (3/3).
2026-07-18 15:41:09,823 [WARNING] src.corpus_acquisition.downloader: No new pages found after 3 attempts; stopping with 28 page(s).
2026-07-18 15:41:09,866 [INFO] src.corpus_acquisition.metadata_extractor: Saved metadata for 28 page(s) -> data/raw/metadata/trome_metadata.parquet (total rows: 36483)
2026-07-18 15:41:09,869 [INFO] src.corpus_acquisition.metadata_extractor: Saved crawl log -> data/raw/crawl_logs/trome_2023-12-22.json (status=success)
2026-07-18 15:41:10,863 [INFO] src.corpus_acquisition.downloader: Downloading page 1 from https://t.prcdn.co/img?file=eag82023122300000000001001&page=1&scale=80
2026-07-18 15:41:10,864 [INFO] src.corpus_acquisition.crawler: Downloading -> data/raw/images/trome/2023/12/23/trome_2023-12-23_1.jpg
2026-07-18 15:41:13,610 [INFO] src.corpus_acquisition.downloader: Downloading page 2 from https://t.prcdn.co/img?file=eag82023122300000000001001&page=2&scale=80
2026-07-18 15:41:13,611 [INFO] src.corpus_acquisition.crawler: Downloading -> data/raw/images/trome/2023/12/23/trome_2023-12-23_2.jpg
2026-07-18 15:41:17,157 [INFO] src.corpus_acquisition.downloader: Downloading page 3 from https://t.prcdn.co/img?file=eag82023122300000000001001&page=3&scale=80
2026-07-18 15:41:17,158 [INFO] src.corpus_acquisition.crawler: Downloading -> data/raw/images/trome/2023/12/23/trome_2023-12-23_3.jpg
2026-07-18 15:41:20,496 [INFO] src.corpus_acquisition.downloader: Downloading page 4 from https://t.prcdn.co/img?file=eag82023122300000000001001&page=4&scale=80
2026-07-18 15:41:20,497 [INFO] src.corpus_acquisition.crawler: Downloading -> data/raw/images/trome/2023/12/23/trome_2023-12-23_4.jpg
2026-07-18 15:41:23,371 [INFO] src.corpus_acquisition.downloader: Downloading page 5 from https://t.prcdn.co/img?file=eag82023122300000000001001&page=5&scale=80
2026-07-18 15:41:23,371 [INFO] src.corpus_acquisition.crawler: Downloading -> data/raw/images/trome/2023/12/23/trome_2023-12-23_5.jpg
2026-07-18 15:41:26,071 [INFO] src.corpus_acquisition.downloader: Downloading page 6 from https://t.prcdn.co/img?file=eag82023122300000000001001&page=6&scale=80
2026-07-18 15:41:26,071 [INFO] src.corpus_acquisition.crawler: Downloading -> data/raw/images/trome/2023/12/23/trome_2023-12-23_6.jpg
2026-07-18 15:41:29,155 [INFO] src.corpus_acquisition.downloader: Downloading page 7 from https://t.prcdn.co/img?file=eag82023122300000000001001&page=7&scale=80
2026-07-18 15:41:29,155 [INFO] src.corpus_acquisition.crawler: Downloading -> data/raw/images/trome/2023/12/23/trome_2023-12-23_7.jpg
2026-07-18 15:41:31,342 [INFO] src.corpus_acquisition.downloader: Downloading page 8 from https://t.prcdn.co/img?file=eag82023122300000000001001&page=8&scale=80
2026-07-18 15:41:31,342 [INFO] src.corpus_acquisition.crawler: Downloading -> data/raw/images/trome/2023/12/23/trome_2023-12-23_8.jpg
2026-07-18 15:41:33,662 [INFO] src.corpus_acquisition.downloader: Downloading page 9 from https://t.prcdn.co/img?file=eag82023122300000000001001&page=9&scale=80
2026-07-18 15:41:33,662 [INFO] src.corpus_acquisition.crawler: Downloading -> data/raw/images/trome/2023/12/23/trome_2023-12-23_9.jpg
2026-07-18 15:41:36,651 [INFO] src.corpus_acquisition.downloader: Downloading page 10 from https://t.prcdn.co/img?file=eag82023122300000000001001&page=10&scale=80
2026-07-18 15:41:36,652 [INFO] src.corpus_acquisition.crawler: Downloading -> data/raw/images/trome/2023/12/23/trome_2023-12-23_10.jpg
2026-07-18 15:41:39,548 [INFO] src.corpus_acquisition.downloader: Downloading page 11 from https://t.prcdn.co/img?file=eag82023122300000000001001&page=11&scale=80
2026-07-18 15:41:39,548 [INFO] src.corpus_acquisition.crawler: Downloading -> data/raw/images/trome/2023/12/23/trome_2023-12-23_11.jpg
2026-07-18 15:41:42,689 [INFO] src.corpus_acquisition.downloader: Downloading page 12 from https://t.prcdn.co/img?file=eag82023122300000000001001&page=12&scale=80
2026-07-18 15:41:42,689 [INFO] src.corpus_acquisition.crawler: Downloading -> data/raw/images/trome/2023/12/23/trome_2023-12-23_12.jpg
2026-07-18 15:41:45,500 [INFO] src.corpus_acquisition.downloader: Downloading page 13 from https://t.prcdn.co/img?file=eag82023122300000000001001&page=13&scale=80
2026-07-18 15:41:45,501 [INFO] src.corpus_acquisition.crawler: Downloading -> data/raw/images/trome/2023/12/23/trome_2023-12-23_13.jpg
2026-07-18 15:41:47,462 [INFO] src.corpus_acquisition.downloader: Downloading page 14 from https://t.prcdn.co/img?file=eag82023122300000000001001&page=14&scale=80
2026-07-18 15:41:47,462 [INFO] src.corpus_acquisition.crawler: Downloading -> data/raw/images/trome/2023/12/23/trome_2023-12-23_14.jpg
2026-07-18 15:41:50,033 [INFO] src.corpus_acquisition.downloader: Downloading page 15 from https://t.prcdn.co/img?file=eag82023122300000000001001&page=15&scale=80
2026-07-18 15:41:50,033 [INFO] src.corpus_acquisition.crawler: Downloading -> data/raw/images/trome/2023/12/23/trome_2023-12-23_15.jpg
2026-07-18 15:41:52,246 [INFO] src.corpus_acquisition.downloader: Downloading page 16 from https://t.prcdn.co/img?file=eag82023122300000000001001&page=16&scale=80
2026-07-18 15:41:52,246 [INFO] src.corpus_acquisition.crawler: Downloading -> data/raw/images/trome/2023/12/23/trome_2023-12-23_16.jpg
2026-07-18 15:41:55,741 [INFO] src.corpus_acquisition.downloader: Downloading page 17 from https://t.prcdn.co/img?file=eag82023122300000000001001&page=17&scale=80
2026-07-18 15:41:55,741 [INFO] src.corpus_acquisition.crawler: Downloading -> data/raw/images/trome/2023/12/23/trome_2023-12-23_17.jpg
2026-07-18 15:41:59,167 [INFO] src.corpus_acquisition.downloader: Downloading page 18 from https://t.prcdn.co/img?file=eag82023122300000000001001&page=18&scale=80
2026-07-18 15:41:59,167 [INFO] src.corpus_acquisition.crawler: Downloading -> data/raw/images/trome/2023/12/23/trome_2023-12-23_18.jpg
2026-07-18 15:42:01,532 [INFO] src.corpus_acquisition.downloader: Downloading page 19 from https://t.prcdn.co/img?file=eag82023122300000000001001&page=19&scale=80
2026-07-18 15:42:01,533 [INFO] src.corpus_acquisition.crawler: Downloading -> data/raw/images/trome/2023/12/23/trome_2023-12-23_19.jpg
2026-07-18 15:42:04,871 [INFO] src.corpus_acquisition.downloader: Downloading page 20 from https://t.prcdn.co/img?file=eag82023122300000000001001&page=20&scale=80
2026-07-18 15:42:04,872 [INFO] src.corpus_acquisition.crawler: Downloading -> data/raw/images/trome/2023/12/23/trome_2023-12-23_20.jpg
2026-07-18 15:42:08,025 [INFO] src.corpus_acquisition.downloader: Downloading page 21 from https://t.prcdn.co/img?file=eag82023122300000000001001&page=21&scale=80
2026-07-18 15:42:08,025 [INFO] src.corpus_acquisition.crawler: Downloading -> data/raw/images/trome/2023/12/23/trome_2023-12-23_21.jpg
2026-07-18 15:42:11,106 [INFO] src.corpus_acquisition.downloader: Downloading page 22 from https://t.prcdn.co/img?file=eag82023122300000000001001&page=22&scale=80
2026-07-18 15:42:11,106 [INFO] src.corpus_acquisition.crawler: Downloading -> data/raw/images/trome/2023/12/23/trome_2023-12-23_22.jpg
2026-07-18 15:42:13,672 [INFO] src.corpus_acquisition.downloader: Downloading page 23 from https://t.prcdn.co/img?file=eag82023122300000000001001&page=23&scale=80
2026-07-18 15:42:13,672 [INFO] src.corpus_acquisition.crawler: Downloading -> data/raw/images/trome/2023/12/23/trome_2023-12-23_23.jpg
2026-07-18 15:42:16,741 [INFO] src.corpus_acquisition.downloader: Downloading page 24 from https://t.prcdn.co/img?file=eag82023122300000000001001&page=24&scale=80
2026-07-18 15:42:16,742 [INFO] src.corpus_acquisition.crawler: Downloading -> data/raw/images/trome/2023/12/23/trome_2023-12-23_24.jpg
2026-07-18 15:42:19,081 [INFO] src.corpus_acquisition.downloader: Downloading page 25 from https://t.prcdn.co/img?file=eag82023122300000000001001&page=25&scale=80
2026-07-18 15:42:19,081 [INFO] src.corpus_acquisition.crawler: Downloading -> data/raw/images/trome/2023/12/23/trome_2023-12-23_25.jpg
2026-07-18 15:42:19,381 [WARNING] src.corpus_acquisition.downloader: Page 25 not found (1/3).
2026-07-18 15:42:19,381 [INFO] src.corpus_acquisition.downloader: Downloading page 26 from https://t.prcdn.co/img?file=eag82023122300000000001001&page=26&scale=80
2026-07-18 15:42:19,382 [INFO] src.corpus_acquisition.crawler: Downloading -> data/raw/images/trome/2023/12/23/trome_2023-12-23_26.jpg
2026-07-18 15:42:19,597 [WARNING] src.corpus_acquisition.downloader: Page 26 not found (2/3).
2026-07-18 15:42:19,597 [INFO] src.corpus_acquisition.downloader: Downloading page 27 from https://t.prcdn.co/img?file=eag82023122300000000001001&page=27&scale=80
2026-07-18 15:42:19,597 [INFO] src.corpus_acquisition.crawler: Downloading -> data/raw/images/trome/2023/12/23/trome_2023-12-23_27.jpg
2026-07-18 15:42:19,831 [WARNING] src.corpus_acquisition.downloader: Page 27 not found (3/3).
2026-07-18 15:42:19,831 [WARNING] src.corpus_acquisition.downloader: No new pages found after 3 attempts; stopping with 24 page(s).
2026-07-18 15:42:19,875 [INFO] src.corpus_acquisition.metadata_extractor: Saved metadata for 24 page(s) -> data/raw/metadata/trome_metadata.parquet (total rows: 36507)
2026-07-18 15:42:19,878 [INFO] src.corpus_acquisition.metadata_extractor: Saved crawl log -> data/raw/crawl_logs/trome_2023-12-23.json (status=success)
2026-07-18 15:42:21,119 [INFO] src.corpus_acquisition.downloader: Downloading page 1 from https://t.prcdn.co/img?file=eag82023122400000000001001&page=1&scale=80
2026-07-18 15:42:21,120 [INFO] src.corpus_acquisition.crawler: Downloading -> data/raw/images/trome/2023/12/24/trome_2023-12-24_1.jpg
2026-07-18 15:42:23,529 [INFO] src.corpus_acquisition.downloader: Downloading page 2 from https://t.prcdn.co/img?file=eag82023122400000000001001&page=2&scale=80
2026-07-18 15:42:23,530 [INFO] src.corpus_acquisition.crawler: Downloading -> data/raw/images/trome/2023/12/24/trome_2023-12-24_2.jpg
2026-07-18 15:42:27,157 [INFO] src.corpus_acquisition.downloader: Downloading page 3 from https://t.prcdn.co/img?file=eag82023122400000000001001&page=3&scale=80
2026-07-18 15:42:27,157 [INFO] src.corpus_acquisition.crawler: Downloading -> data/raw/images/trome/2023/12/24/trome_2023-12-24_3.jpg
2026-07-18 15:42:29,590 [INFO] src.corpus_acquisition.downloader: Downloading page 4 from https://t.prcdn.co/img?file=eag82023122400000000001001&page=4&scale=80
2026-07-18 15:42:29,590 [INFO] src.corpus_acquisition.crawler: Downloading -> data/raw/images/trome/2023/12/24/trome_2023-12-24_4.jpg
2026-07-18 15:42:31,943 [INFO] src.corpus_acquisition.downloader: Downloading page 5 from https://t.prcdn.co/img?file=eag82023122400000000001001&page=5&scale=80
2026-07-18 15:42:31,943 [INFO] src.corpus_acquisition.crawler: Downloading -> data/raw/images/trome/2023/12/24/trome_2023-12-24_5.jpg
2026-07-18 15:42:34,026 [INFO] src.corpus_acquisition.downloader: Downloading page 6 from https://t.prcdn.co/img?file=eag82023122400000000001001&page=6&scale=80
2026-07-18 15:42:34,026 [INFO] src.corpus_acquisition.crawler: Downloading -> data/raw/images/trome/2023/12/24/trome_2023-12-24_6.jpg
2026-07-18 15:42:37,208 [INFO] src.corpus_acquisition.downloader: Downloading page 7 from https://t.prcdn.co/img?file=eag82023122400000000001001&page=7&scale=80
2026-07-18 15:42:37,208 [INFO] src.corpus_acquisition.crawler: Downloading -> data/raw/images/trome/2023/12/24/trome_2023-12-24_7.jpg
2026-07-18 15:42:39,753 [INFO] src.corpus_acquisition.downloader: Downloading page 8 from https://t.prcdn.co/img?file=eag82023122400000000001001&page=8&scale=80
2026-07-18 15:42:39,753 [INFO] src.corpus_acquisition.crawler: Downloading -> data/raw/images/trome/2023/12/24/trome_2023-12-24_8.jpg
2026-07-18 15:42:42,329 [INFO] src.corpus_acquisition.downloader: Downloading page 9 from https://t.prcdn.co/img?file=eag82023122400000000001001&page=9&scale=80
2026-07-18 15:42:42,330 [INFO] src.corpus_acquisition.crawler: Downloading -> data/raw/images/trome/2023/12/24/trome_2023-12-24_9.jpg
2026-07-18 15:42:44,308 [INFO] src.corpus_acquisition.downloader: Downloading page 10 from https://t.prcdn.co/img?file=eag82023122400000000001001&page=10&scale=80
2026-07-18 15:42:44,308 [INFO] src.corpus_acquisition.crawler: Downloading -> data/raw/images/trome/2023/12/24/trome_2023-12-24_10.jpg
2026-07-18 15:42:46,479 [INFO] src.corpus_acquisition.downloader: Downloading page 11 from https://t.prcdn.co/img?file=eag82023122400000000001001&page=11&scale=80
2026-07-18 15:42:46,479 [INFO] src.corpus_acquisition.crawler: Downloading -> data/raw/images/trome/2023/12/24/trome_2023-12-24_11.jpg
2026-07-18 15:42:49,108 [INFO] src.corpus_acquisition.downloader: Downloading page 12 from https://t.prcdn.co/img?file=eag82023122400000000001001&page=12&scale=80
2026-07-18 15:42:49,108 [INFO] src.corpus_acquisition.crawler: Downloading -> data/raw/images/trome/2023/12/24/trome_2023-12-24_12.jpg
2026-07-18 15:42:51,853 [INFO] src.corpus_acquisition.downloader: Downloading page 13 from https://t.prcdn.co/img?file=eag82023122400000000001001&page=13&scale=80
2026-07-18 15:42:51,854 [INFO] src.corpus_acquisition.crawler: Downloading -> data/raw/images/trome/2023/12/24/trome_2023-12-24_13.jpg
2026-07-18 15:42:54,691 [INFO] src.corpus_acquisition.downloader: Downloading page 14 from https://t.prcdn.co/img?file=eag82023122400000000001001&page=14&scale=80
2026-07-18 15:42:54,692 [INFO] src.corpus_acquisition.crawler: Downloading -> data/raw/images/trome/2023/12/24/trome_2023-12-24_14.jpg
2026-07-18 15:42:57,427 [INFO] src.corpus_acquisition.downloader: Downloading page 15 from https://t.prcdn.co/img?file=eag82023122400000000001001&page=15&scale=80
2026-07-18 15:42:57,427 [INFO] src.corpus_acquisition.crawler: Downloading -> data/raw/images/trome/2023/12/24/trome_2023-12-24_15.jpg
2026-07-18 15:43:00,254 [INFO] src.corpus_acquisition.downloader: Downloading page 16 from https://t.prcdn.co/img?file=eag82023122400000000001001&page=16&scale=80
2026-07-18 15:43:00,255 [INFO] src.corpus_acquisition.crawler: Downloading -> data/raw/images/trome/2023/12/24/trome_2023-12-24_16.jpg
2026-07-18 15:43:02,635 [INFO] src.corpus_acquisition.downloader: Downloading page 17 from https://t.prcdn.co/img?file=eag82023122400000000001001&page=17&scale=80
2026-07-18 15:43:02,636 [INFO] src.corpus_acquisition.crawler: Downloading -> data/raw/images/trome/2023/12/24/trome_2023-12-24_17.jpg
2026-07-18 15:43:05,595 [INFO] src.corpus_acquisition.downloader: Downloading page 18 from https://t.prcdn.co/img?file=eag82023122400000000001001&page=18&scale=80
2026-07-18 15:43:05,595 [INFO] src.corpus_acquisition.crawler: Downloading -> data/raw/images/trome/2023/12/24/trome_2023-12-24_18.jpg
2026-07-18 15:43:08,801 [INFO] src.corpus_acquisition.downloader: Downloading page 19 from https://t.prcdn.co/img?file=eag82023122400000000001001&page=19&scale=80
2026-07-18 15:43:08,801 [INFO] src.corpus_acquisition.crawler: Downloading -> data/raw/images/trome/2023/12/24/trome_2023-12-24_19.jpg
2026-07-18 15:43:12,056 [INFO] src.corpus_acquisition.downloader: Downloading page 20 from https://t.prcdn.co/img?file=eag82023122400000000001001&page=20&scale=80
2026-07-18 15:43:12,056 [INFO] src.corpus_acquisition.crawler: Downloading -> data/raw/images/trome/2023/12/24/trome_2023-12-24_20.jpg
2026-07-18 15:43:14,593 [INFO] src.corpus_acquisition.downloader: Downloading page 21 from https://t.prcdn.co/img?file=eag82023122400000000001001&page=21&scale=80
2026-07-18 15:43:14,593 [INFO] src.corpus_acquisition.crawler: Downloading -> data/raw/images/trome/2023/12/24/trome_2023-12-24_21.jpg
2026-07-18 15:43:17,503 [INFO] src.corpus_acquisition.downloader: Downloading page 22 from https://t.prcdn.co/img?file=eag82023122400000000001001&page=22&scale=80
2026-07-18 15:43:17,504 [INFO] src.corpus_acquisition.crawler: Downloading -> data/raw/images/trome/2023/12/24/trome_2023-12-24_22.jpg
2026-07-18 15:43:20,452 [INFO] src.corpus_acquisition.downloader: Downloading page 23 from https://t.prcdn.co/img?file=eag82023122400000000001001&page=23&scale=80
2026-07-18 15:43:20,452 [INFO] src.corpus_acquisition.crawler: Downloading -> data/raw/images/trome/2023/12/24/trome_2023-12-24_23.jpg
2026-07-18 15:43:23,673 [INFO] src.corpus_acquisition.downloader: Downloading page 24 from https://t.prcdn.co/img?file=eag82023122400000000001001&page=24&scale=80
2026-07-18 15:43:23,673 [INFO] src.corpus_acquisition.crawler: Downloading -> data/raw/images/trome/2023/12/24/trome_2023-12-24_24.jpg
2026-07-18 15:43:26,205 [INFO] src.corpus_acquisition.downloader: Downloading page 25 from https://t.prcdn.co/img?file=eag82023122400000000001001&page=25&scale=80
2026-07-18 15:43:26,206 [INFO] src.corpus_acquisition.crawler: Downloading -> data/raw/images/trome/2023/12/24/trome_2023-12-24_25.jpg
2026-07-18 15:43:28,856 [INFO] src.corpus_acquisition.downloader: Downloading page 26 from https://t.prcdn.co/img?file=eag82023122400000000001001&page=26&scale=80
2026-07-18 15:43:28,856 [INFO] src.corpus_acquisition.crawler: Downloading -> data/raw/images/trome/2023/12/24/trome_2023-12-24_26.jpg
2026-07-18 15:43:31,713 [INFO] src.corpus_acquisition.downloader: Downloading page 27 from https://t.prcdn.co/img?file=eag82023122400000000001001&page=27&scale=80
2026-07-18 15:43:31,714 [INFO] src.corpus_acquisition.crawler: Downloading -> data/raw/images/trome/2023/12/24/trome_2023-12-24_27.jpg
2026-07-18 15:43:34,194 [INFO] src.corpus_acquisition.downloader: Downloading page 28 from https://t.prcdn.co/img?file=eag82023122400000000001001&page=28&scale=80
2026-07-18 15:43:34,194 [INFO] src.corpus_acquisition.crawler: Downloading -> data/raw/images/trome/2023/12/24/trome_2023-12-24_28.jpg
2026-07-18 15:43:37,250 [INFO] src.corpus_acquisition.downloader: Downloading page 29 from https://t.prcdn.co/img?file=eag82023122400000000001001&page=29&scale=80
2026-07-18 15:43:37,250 [INFO] src.corpus_acquisition.crawler: Downloading -> data/raw/images/trome/2023/12/24/trome_2023-12-24_29.jpg
2026-07-18 15:43:37,522 [WARNING] src.corpus_acquisition.downloader: Page 29 not found (1/3).
2026-07-18 15:43:37,523 [INFO] src.corpus_acquisition.downloader: Downloading page 30 from https://t.prcdn.co/img?file=eag82023122400000000001001&page=30&scale=80
2026-07-18 15:43:37,523 [INFO] src.corpus_acquisition.crawler: Downloading -> data/raw/images/trome/2023/12/24/trome_2023-12-24_30.jpg
2026-07-18 15:43:37,777 [WARNING] src.corpus_acquisition.downloader: Page 30 not found (2/3).
2026-07-18 15:43:37,777 [INFO] src.corpus_acquisition.downloader: Downloading page 31 from https://t.prcdn.co/img?file=eag82023122400000000001001&page=31&scale=80
2026-07-18 15:43:37,778 [INFO] src.corpus_acquisition.crawler: Downloading -> data/raw/images/trome/2023/12/24/trome_2023-12-24_31.jpg
2026-07-18 15:43:38,028 [WARNING] src.corpus_acquisition.downloader: Page 31 not found (3/3).
2026-07-18 15:43:38,028 [WARNING] src.corpus_acquisition.downloader: No new pages found after 3 attempts; stopping with 28 page(s).
2026-07-18 15:43:38,073 [INFO] src.corpus_acquisition.metadata_extractor: Saved metadata for 28 page(s) -> data/raw/metadata/trome_metadata.parquet (total rows: 36535)
2026-07-18 15:43:38,075 [INFO] src.corpus_acquisition.metadata_extractor: Saved crawl log -> data/raw/crawl_logs/trome_2023-12-24.json (status=success)
2026-07-18 15:43:38,760 [INFO] src.corpus_acquisition.downloader: Downloading page 1 from https://t.prcdn.co/img?file=eag82023122500000000001001&page=1&scale=80
2026-07-18 15:43:38,761 [INFO] src.corpus_acquisition.crawler: Downloading -> data/raw/images/trome/2023/12/25/trome_2023-12-25_1.jpg
2026-07-18 15:43:40,792 [INFO] src.corpus_acquisition.downloader: Downloading page 2 from https://t.prcdn.co/img?file=eag82023122500000000001001&page=2&scale=80
2026-07-18 15:43:40,792 [INFO] src.corpus_acquisition.crawler: Downloading -> data/raw/images/trome/2023/12/25/trome_2023-12-25_2.jpg
2026-07-18 15:43:43,828 [INFO] src.corpus_acquisition.downloader: Downloading page 3 from https://t.prcdn.co/img?file=eag82023122500000000001001&page=3&scale=80
2026-07-18 15:43:43,828 [INFO] src.corpus_acquisition.crawler: Downloading -> data/raw/images/trome/2023/12/25/trome_2023-12-25_3.jpg
2026-07-18 15:43:46,777 [INFO] src.corpus_acquisition.downloader: Downloading page 4 from https://t.prcdn.co/img?file=eag82023122500000000001001&page=4&scale=80
2026-07-18 15:43:46,777 [INFO] src.corpus_acquisition.crawler: Downloading -> data/raw/images/trome/2023/12/25/trome_2023-12-25_4.jpg
2026-07-18 15:43:49,751 [INFO] src.corpus_acquisition.downloader: Downloading page 5 from https://t.prcdn.co/img?file=eag82023122500000000001001&page=5&scale=80
2026-07-18 15:43:49,752 [INFO] src.corpus_acquisition.crawler: Downloading -> data/raw/images/trome/2023/12/25/trome_2023-12-25_5.jpg
2026-07-18 15:43:52,044 [INFO] src.corpus_acquisition.downloader: Downloading page 6 from https://t.prcdn.co/img?file=eag82023122500000000001001&page=6&scale=80
2026-07-18 15:43:52,044 [INFO] src.corpus_acquisition.crawler: Downloading -> data/raw/images/trome/2023/12/25/trome_2023-12-25_6.jpg
2026-07-18 15:43:54,903 [INFO] src.corpus_acquisition.downloader: Downloading page 7 from https://t.prcdn.co/img?file=eag82023122500000000001001&page=7&scale=80
2026-07-18 15:43:54,904 [INFO] src.corpus_acquisition.crawler: Downloading -> data/raw/images/trome/2023/12/25/trome_2023-12-25_7.jpg
2026-07-18 15:43:58,013 [INFO] src.corpus_acquisition.downloader: Downloading page 8 from https://t.prcdn.co/img?file=eag82023122500000000001001&page=8&scale=80
2026-07-18 15:43:58,013 [INFO] src.corpus_acquisition.crawler: Downloading -> data/raw/images/trome/2023/12/25/trome_2023-12-25_8.jpg
2026-07-18 15:44:01,090 [INFO] src.corpus_acquisition.downloader: Downloading page 9 from https://t.prcdn.co/img?file=eag82023122500000000001001&page=9&scale=80
2026-07-18 15:44:01,091 [INFO] src.corpus_acquisition.crawler: Downloading -> data/raw/images/trome/2023/12/25/trome_2023-12-25_9.jpg
2026-07-18 15:44:04,238 [INFO] src.corpus_acquisition.downloader: Downloading page 10 from https://t.prcdn.co/img?file=eag82023122500000000001001&page=10&scale=80
2026-07-18 15:44:04,238 [INFO] src.corpus_acquisition.crawler: Downloading -> data/raw/images/trome/2023/12/25/trome_2023-12-25_10.jpg
2026-07-18 15:44:07,117 [INFO] src.corpus_acquisition.downloader: Downloading page 11 from https://t.prcdn.co/img?file=eag82023122500000000001001&page=11&scale=80
2026-07-18 15:44:07,118 [INFO] src.corpus_acquisition.crawler: Downloading -> data/raw/images/trome/2023/12/25/trome_2023-12-25_11.jpg
2026-07-18 15:44:10,045 [INFO] src.corpus_acquisition.downloader: Downloading page 12 from https://t.prcdn.co/img?file=eag82023122500000000001001&page=12&scale=80
2026-07-18 15:44:10,045 [INFO] src.corpus_acquisition.crawler: Downloading -> data/raw/images/trome/2023/12/25/trome_2023-12-25_12.jpg
2026-07-18 15:44:13,677 [INFO] src.corpus_acquisition.downloader: Downloading page 13 from https://t.prcdn.co/img?file=eag82023122500000000001001&page=13&scale=80
2026-07-18 15:44:13,678 [INFO] src.corpus_acquisition.crawler: Downloading -> data/raw/images/trome/2023/12/25/trome_2023-12-25_13.jpg
2026-07-18 15:44:16,801 [INFO] src.corpus_acquisition.downloader: Downloading page 14 from https://t.prcdn.co/img?file=eag82023122500000000001001&page=14&scale=80
2026-07-18 15:44:16,801 [INFO] src.corpus_acquisition.crawler: Downloading -> data/raw/images/trome/2023/12/25/trome_2023-12-25_14.jpg
2026-07-18 15:44:19,449 [INFO] src.corpus_acquisition.downloader: Downloading page 15 from https://t.prcdn.co/img?file=eag82023122500000000001001&page=15&scale=80
2026-07-18 15:44:19,450 [INFO] src.corpus_acquisition.crawler: Downloading -> data/raw/images/trome/2023/12/25/trome_2023-12-25_15.jpg
2026-07-18 15:44:21,986 [INFO] src.corpus_acquisition.downloader: Downloading page 16 from https://t.prcdn.co/img?file=eag82023122500000000001001&page=16&scale=80
2026-07-18 15:44:21,987 [INFO] src.corpus_acquisition.crawler: Downloading -> data/raw/images/trome/2023/12/25/trome_2023-12-25_16.jpg
2026-07-18 15:44:24,806 [INFO] src.corpus_acquisition.downloader: Downloading page 17 from https://t.prcdn.co/img?file=eag82023122500000000001001&page=17&scale=80
2026-07-18 15:44:24,806 [INFO] src.corpus_acquisition.crawler: Downloading -> data/raw/images/trome/2023/12/25/trome_2023-12-25_17.jpg
2026-07-18 15:44:27,574 [INFO] src.corpus_acquisition.downloader: Downloading page 18 from https://t.prcdn.co/img?file=eag82023122500000000001001&page=18&scale=80
2026-07-18 15:44:27,574 [INFO] src.corpus_acquisition.crawler: Downloading -> data/raw/images/trome/2023/12/25/trome_2023-12-25_18.jpg
2026-07-18 15:44:30,898 [INFO] src.corpus_acquisition.downloader: Downloading page 19 from https://t.prcdn.co/img?file=eag82023122500000000001001&page=19&scale=80
2026-07-18 15:44:30,898 [INFO] src.corpus_acquisition.crawler: Downloading -> data/raw/images/trome/2023/12/25/trome_2023-12-25_19.jpg
2026-07-18 15:44:33,846 [INFO] src.corpus_acquisition.downloader: Downloading page 20 from https://t.prcdn.co/img?file=eag82023122500000000001001&page=20&scale=80
2026-07-18 15:44:33,846 [INFO] src.corpus_acquisition.crawler: Downloading -> data/raw/images/trome/2023/12/25/trome_2023-12-25_20.jpg
2026-07-18 15:44:35,781 [INFO] src.corpus_acquisition.downloader: Downloading page 21 from https://t.prcdn.co/img?file=eag82023122500000000001001&page=21&scale=80
2026-07-18 15:44:35,782 [INFO] src.corpus_acquisition.crawler: Downloading -> data/raw/images/trome/2023/12/25/trome_2023-12-25_21.jpg
2026-07-18 15:44:38,348 [INFO] src.corpus_acquisition.downloader: Downloading page 22 from https://t.prcdn.co/img?file=eag82023122500000000001001&page=22&scale=80
2026-07-18 15:44:38,348 [INFO] src.corpus_acquisition.crawler: Downloading -> data/raw/images/trome/2023/12/25/trome_2023-12-25_22.jpg
2026-07-18 15:44:40,596 [INFO] src.corpus_acquisition.downloader: Downloading page 23 from https://t.prcdn.co/img?file=eag82023122500000000001001&page=23&scale=80
2026-07-18 15:44:40,596 [INFO] src.corpus_acquisition.crawler: Downloading -> data/raw/images/trome/2023/12/25/trome_2023-12-25_23.jpg
2026-07-18 15:44:43,603 [INFO] src.corpus_acquisition.downloader: Downloading page 24 from https://t.prcdn.co/img?file=eag82023122500000000001001&page=24&scale=80
2026-07-18 15:44:43,604 [INFO] src.corpus_acquisition.crawler: Downloading -> data/raw/images/trome/2023/12/25/trome_2023-12-25_24.jpg
2026-07-18 15:44:43,823 [WARNING] src.corpus_acquisition.downloader: Page 24 not found (1/3).
2026-07-18 15:44:43,824 [INFO] src.corpus_acquisition.downloader: Downloading page 25 from https://t.prcdn.co/img?file=eag82023122500000000001001&page=25&scale=80
2026-07-18 15:44:43,824 [INFO] src.corpus_acquisition.crawler: Downloading -> data/raw/images/trome/2023/12/25/trome_2023-12-25_25.jpg
2026-07-18 15:44:44,080 [WARNING] src.corpus_acquisition.downloader: Page 25 not found (2/3).
2026-07-18 15:44:44,081 [INFO] src.corpus_acquisition.downloader: Downloading page 26 from https://t.prcdn.co/img?file=eag82023122500000000001001&page=26&scale=80
2026-07-18 15:44:44,081 [INFO] src.corpus_acquisition.crawler: Downloading -> data/raw/images/trome/2023/12/25/trome_2023-12-25_26.jpg
2026-07-18 15:44:44,297 [WARNING] src.corpus_acquisition.downloader: Page 26 not found (3/3).
2026-07-18 15:44:44,297 [WARNING] src.corpus_acquisition.downloader: No new pages found after 3 attempts; stopping with 23 page(s).
2026-07-18 15:44:44,341 [INFO] src.corpus_acquisition.metadata_extractor: Saved metadata for 23 page(s) -> data/raw/metadata/trome_metadata.parquet (total rows: 36558)
2026-07-18 15:44:44,344 [INFO] src.corpus_acquisition.metadata_extractor: Saved crawl log -> data/raw/crawl_logs/trome_2023-12-25.json (status=success)
2026-07-18 15:44:45,768 [INFO] src.corpus_acquisition.downloader: Downloading page 1 from https://t.prcdn.co/img?file=eag82023122600000000001001&page=1&scale=80
2026-07-18 15:44:45,768 [INFO] src.corpus_acquisition.crawler: Downloading -> data/raw/images/trome/2023/12/26/trome_2023-12-26_1.jpg
2026-07-18 15:44:47,993 [INFO] src.corpus_acquisition.downloader: Downloading page 2 from https://t.prcdn.co/img?file=eag82023122600000000001001&page=2&scale=80
2026-07-18 15:44:47,993 [INFO] src.corpus_acquisition.crawler: Downloading -> data/raw/images/trome/2023/12/26/trome_2023-12-26_2.jpg
2026-07-18 15:44:50,704 [INFO] src.corpus_acquisition.downloader: Downloading page 3 from https://t.prcdn.co/img?file=eag82023122600000000001001&page=3&scale=80
2026-07-18 15:44:50,704 [INFO] src.corpus_acquisition.crawler: Downloading -> data/raw/images/trome/2023/12/26/trome_2023-12-26_3.jpg
2026-07-18 15:44:53,609 [INFO] src.corpus_acquisition.downloader: Downloading page 4 from https://t.prcdn.co/img?file=eag82023122600000000001001&page=4&scale=80
2026-07-18 15:44:53,610 [INFO] src.corpus_acquisition.crawler: Downloading -> data/raw/images/trome/2023/12/26/trome_2023-12-26_4.jpg
2026-07-18 15:44:56,406 [INFO] src.corpus_acquisition.downloader: Downloading page 5 from https://t.prcdn.co/img?file=eag82023122600000000001001&page=5&scale=80
2026-07-18 15:44:56,406 [INFO] src.corpus_acquisition.crawler: Downloading -> data/raw/images/trome/2023/12/26/trome_2023-12-26_5.jpg
2026-07-18 15:44:58,826 [INFO] src.corpus_acquisition.downloader: Downloading page 6 from https://t.prcdn.co/img?file=eag82023122600000000001001&page=6&scale=80
2026-07-18 15:44:58,826 [INFO] src.corpus_acquisition.crawler: Downloading -> data/raw/images/trome/2023/12/26/trome_2023-12-26_6.jpg
2026-07-18 15:45:02,615 [INFO] src.corpus_acquisition.downloader: Downloading page 7 from https://t.prcdn.co/img?file=eag82023122600000000001001&page=7&scale=80
2026-07-18 15:45:02,616 [INFO] src.corpus_acquisition.crawler: Downloading -> data/raw/images/trome/2023/12/26/trome_2023-12-26_7.jpg
2026-07-18 15:45:05,329 [INFO] src.corpus_acquisition.downloader: Downloading page 8 from https://t.prcdn.co/img?file=eag82023122600000000001001&page=8&scale=80
2026-07-18 15:45:05,330 [INFO] src.corpus_acquisition.crawler: Downloading -> data/raw/images/trome/2023/12/26/trome_2023-12-26_8.jpg
2026-07-18 15:45:08,478 [INFO] src.corpus_acquisition.downloader: Downloading page 9 from https://t.prcdn.co/img?file=eag82023122600000000001001&page=9&scale=80
2026-07-18 15:45:08,479 [INFO] src.corpus_acquisition.crawler: Downloading -> data/raw/images/trome/2023/12/26/trome_2023-12-26_9.jpg
2026-07-18 15:45:11,330 [INFO] src.corpus_acquisition.downloader: Downloading page 10 from https://t.prcdn.co/img?file=eag82023122600000000001001&page=10&scale=80
2026-07-18 15:45:11,330 [INFO] src.corpus_acquisition.crawler: Downloading -> data/raw/images/trome/2023/12/26/trome_2023-12-26_10.jpg
2026-07-18 15:45:13,734 [INFO] src.corpus_acquisition.downloader: Downloading page 11 from https://t.prcdn.co/img?file=eag82023122600000000001001&page=11&scale=80
2026-07-18 15:45:13,734 [INFO] src.corpus_acquisition.crawler: Downloading -> data/raw/images/trome/2023/12/26/trome_2023-12-26_11.jpg
2026-07-18 15:45:16,127 [INFO] src.corpus_acquisition.downloader: Downloading page 12 from https://t.prcdn.co/img?file=eag82023122600000000001001&page=12&scale=80
2026-07-18 15:45:16,127 [INFO] src.corpus_acquisition.crawler: Downloading -> data/raw/images/trome/2023/12/26/trome_2023-12-26_12.jpg
2026-07-18 15:45:19,097 [INFO] src.corpus_acquisition.downloader: Downloading page 13 from https://t.prcdn.co/img?file=eag82023122600000000001001&page=13&scale=80
2026-07-18 15:45:19,098 [INFO] src.corpus_acquisition.crawler: Downloading -> data/raw/images/trome/2023/12/26/trome_2023-12-26_13.jpg
2026-07-18 15:45:21,702 [INFO] src.corpus_acquisition.downloader: Downloading page 14 from https://t.prcdn.co/img?file=eag82023122600000000001001&page=14&scale=80
2026-07-18 15:45:21,703 [INFO] src.corpus_acquisition.crawler: Downloading -> data/raw/images/trome/2023/12/26/trome_2023-12-26_14.jpg
2026-07-18 15:45:24,170 [INFO] src.corpus_acquisition.downloader: Downloading page 15 from https://t.prcdn.co/img?file=eag82023122600000000001001&page=15&scale=80
2026-07-18 15:45:24,171 [INFO] src.corpus_acquisition.crawler: Downloading -> data/raw/images/trome/2023/12/26/trome_2023-12-26_15.jpg
2026-07-18 15:45:27,636 [INFO] src.corpus_acquisition.downloader: Downloading page 16 from https://t.prcdn.co/img?file=eag82023122600000000001001&page=16&scale=80
2026-07-18 15:45:27,636 [INFO] src.corpus_acquisition.crawler: Downloading -> data/raw/images/trome/2023/12/26/trome_2023-12-26_16.jpg
2026-07-18 15:45:30,917 [INFO] src.corpus_acquisition.downloader: Downloading page 17 from https://t.prcdn.co/img?file=eag82023122600000000001001&page=17&scale=80
2026-07-18 15:45:30,918 [INFO] src.corpus_acquisition.crawler: Downloading -> data/raw/images/trome/2023/12/26/trome_2023-12-26_17.jpg
2026-07-18 15:45:33,502 [INFO] src.corpus_acquisition.downloader: Downloading page 18 from https://t.prcdn.co/img?file=eag82023122600000000001001&page=18&scale=80
2026-07-18 15:45:33,502 [INFO] src.corpus_acquisition.crawler: Downloading -> data/raw/images/trome/2023/12/26/trome_2023-12-26_18.jpg
2026-07-18 15:45:36,293 [INFO] src.corpus_acquisition.downloader: Downloading page 19 from https://t.prcdn.co/img?file=eag82023122600000000001001&page=19&scale=80
2026-07-18 15:45:36,293 [INFO] src.corpus_acquisition.crawler: Downloading -> data/raw/images/trome/2023/12/26/trome_2023-12-26_19.jpg
2026-07-18 15:45:38,602 [INFO] src.corpus_acquisition.downloader: Downloading page 20 from https://t.prcdn.co/img?file=eag82023122600000000001001&page=20&scale=80
2026-07-18 15:45:38,602 [INFO] src.corpus_acquisition.crawler: Downloading -> data/raw/images/trome/2023/12/26/trome_2023-12-26_20.jpg
2026-07-18 15:45:41,746 [INFO] src.corpus_acquisition.downloader: Downloading page 21 from https://t.prcdn.co/img?file=eag82023122600000000001001&page=21&scale=80
2026-07-18 15:45:41,747 [INFO] src.corpus_acquisition.crawler: Downloading -> data/raw/images/trome/2023/12/26/trome_2023-12-26_21.jpg
2026-07-18 15:45:44,344 [INFO] src.corpus_acquisition.downloader: Downloading page 22 from https://t.prcdn.co/img?file=eag82023122600000000001001&page=22&scale=80
2026-07-18 15:45:44,344 [INFO] src.corpus_acquisition.crawler: Downloading -> data/raw/images/trome/2023/12/26/trome_2023-12-26_22.jpg
2026-07-18 15:45:47,031 [INFO] src.corpus_acquisition.downloader: Downloading page 23 from https://t.prcdn.co/img?file=eag82023122600000000001001&page=23&scale=80
2026-07-18 15:45:47,031 [INFO] src.corpus_acquisition.crawler: Downloading -> data/raw/images/trome/2023/12/26/trome_2023-12-26_23.jpg
2026-07-18 15:45:50,081 [INFO] src.corpus_acquisition.downloader: Downloading page 24 from https://t.prcdn.co/img?file=eag82023122600000000001001&page=24&scale=80
2026-07-18 15:45:50,081 [INFO] src.corpus_acquisition.crawler: Downloading -> data/raw/images/trome/2023/12/26/trome_2023-12-26_24.jpg
2026-07-18 15:45:52,717 [INFO] src.corpus_acquisition.downloader: Downloading page 25 from https://t.prcdn.co/img?file=eag82023122600000000001001&page=25&scale=80
2026-07-18 15:45:52,718 [INFO] src.corpus_acquisition.crawler: Downloading -> data/raw/images/trome/2023/12/26/trome_2023-12-26_25.jpg
2026-07-18 15:45:52,936 [WARNING] src.corpus_acquisition.downloader: Page 25 not found (1/3).
2026-07-18 15:45:52,936 [INFO] src.corpus_acquisition.downloader: Downloading page 26 from https://t.prcdn.co/img?file=eag82023122600000000001001&page=26&scale=80
2026-07-18 15:45:52,936 [INFO] src.corpus_acquisition.crawler: Downloading -> data/raw/images/trome/2023/12/26/trome_2023-12-26_26.jpg
2026-07-18 15:45:53,174 [WARNING] src.corpus_acquisition.downloader: Page 26 not found (2/3).
2026-07-18 15:45:53,175 [INFO] src.corpus_acquisition.downloader: Downloading page 27 from https://t.prcdn.co/img?file=eag82023122600000000001001&page=27&scale=80
2026-07-18 15:45:53,175 [INFO] src.corpus_acquisition.crawler: Downloading -> data/raw/images/trome/2023/12/26/trome_2023-12-26_27.jpg
2026-07-18 15:45:53,441 [WARNING] src.corpus_acquisition.downloader: Page 27 not found (3/3).
2026-07-18 15:45:53,441 [WARNING] src.corpus_acquisition.downloader: No new pages found after 3 attempts; stopping with 24 page(s).
2026-07-18 15:45:53,485 [INFO] src.corpus_acquisition.metadata_extractor: Saved metadata for 24 page(s) -> data/raw/metadata/trome_metadata.parquet (total rows: 36582)
2026-07-18 15:45:53,488 [INFO] src.corpus_acquisition.metadata_extractor: Saved crawl log -> data/raw/crawl_logs/trome_2023-12-26.json (status=success)
2026-07-18 15:45:54,576 [INFO] src.corpus_acquisition.downloader: Downloading page 1 from https://t.prcdn.co/img?file=eag82023122700000000001001&page=1&scale=80
2026-07-18 15:45:54,577 [INFO] src.corpus_acquisition.crawler: Downloading -> data/raw/images/trome/2023/12/27/trome_2023-12-27_1.jpg
2026-07-18 15:45:57,987 [INFO] src.corpus_acquisition.downloader: Downloading page 2 from https://t.prcdn.co/img?file=eag82023122700000000001001&page=2&scale=80
2026-07-18 15:45:57,987 [INFO] src.corpus_acquisition.crawler: Downloading -> data/raw/images/trome/2023/12/27/trome_2023-12-27_2.jpg
2026-07-18 15:46:01,461 [INFO] src.corpus_acquisition.downloader: Downloading page 3 from https://t.prcdn.co/img?file=eag82023122700000000001001&page=3&scale=80
2026-07-18 15:46:01,462 [INFO] src.corpus_acquisition.crawler: Downloading -> data/raw/images/trome/2023/12/27/trome_2023-12-27_3.jpg
2026-07-18 15:46:04,211 [INFO] src.corpus_acquisition.downloader: Downloading page 4 from https://t.prcdn.co/img?file=eag82023122700000000001001&page=4&scale=80
2026-07-18 15:46:04,211 [INFO] src.corpus_acquisition.crawler: Downloading -> data/raw/images/trome/2023/12/27/trome_2023-12-27_4.jpg
2026-07-18 15:46:06,434 [INFO] src.corpus_acquisition.downloader: Downloading page 5 from https://t.prcdn.co/img?file=eag82023122700000000001001&page=5&scale=80
2026-07-18 15:46:06,435 [INFO] src.corpus_acquisition.crawler: Downloading -> data/raw/images/trome/2023/12/27/trome_2023-12-27_5.jpg
2026-07-18 15:46:08,574 [INFO] src.corpus_acquisition.downloader: Downloading page 6 from https://t.prcdn.co/img?file=eag82023122700000000001001&page=6&scale=80
2026-07-18 15:46:08,575 [INFO] src.corpus_acquisition.crawler: Downloading -> data/raw/images/trome/2023/12/27/trome_2023-12-27_6.jpg
2026-07-18 15:46:11,972 [INFO] src.corpus_acquisition.downloader: Downloading page 7 from https://t.prcdn.co/img?file=eag82023122700000000001001&page=7&scale=80
2026-07-18 15:46:11,972 [INFO] src.corpus_acquisition.crawler: Downloading -> data/raw/images/trome/2023/12/27/trome_2023-12-27_7.jpg
2026-07-18 15:46:16,553 [INFO] src.corpus_acquisition.downloader: Downloading page 8 from https://t.prcdn.co/img?file=eag82023122700000000001001&page=8&scale=80
2026-07-18 15:46:16,553 [INFO] src.corpus_acquisition.crawler: Downloading -> data/raw/images/trome/2023/12/27/trome_2023-12-27_8.jpg
2026-07-18 15:46:20,535 [INFO] src.corpus_acquisition.downloader: Downloading page 9 from https://t.prcdn.co/img?file=eag82023122700000000001001&page=9&scale=80
2026-07-18 15:46:20,536 [INFO] src.corpus_acquisition.crawler: Downloading -> data/raw/images/trome/2023/12/27/trome_2023-12-27_9.jpg
2026-07-18 15:46:23,688 [INFO] src.corpus_acquisition.downloader: Downloading page 10 from https://t.prcdn.co/img?file=eag82023122700000000001001&page=10&scale=80
2026-07-18 15:46:23,689 [INFO] src.corpus_acquisition.crawler: Downloading -> data/raw/images/trome/2023/12/27/trome_2023-12-27_10.jpg
2026-07-18 15:46:26,504 [INFO] src.corpus_acquisition.downloader: Downloading page 11 from https://t.prcdn.co/img?file=eag82023122700000000001001&page=11&scale=80
2026-07-18 15:46:26,504 [INFO] src.corpus_acquisition.crawler: Downloading -> data/raw/images/trome/2023/12/27/trome_2023-12-27_11.jpg
2026-07-18 15:46:28,902 [INFO] src.corpus_acquisition.downloader: Downloading page 12 from https://t.prcdn.co/img?file=eag82023122700000000001001&page=12&scale=80
2026-07-18 15:46:28,903 [INFO] src.corpus_acquisition.crawler: Downloading -> data/raw/images/trome/2023/12/27/trome_2023-12-27_12.jpg
2026-07-18 15:46:31,985 [INFO] src.corpus_acquisition.downloader: Downloading page 13 from https://t.prcdn.co/img?file=eag82023122700000000001001&page=13&scale=80
2026-07-18 15:46:31,985 [INFO] src.corpus_acquisition.crawler: Downloading -> data/raw/images/trome/2023/12/27/trome_2023-12-27_13.jpg
2026-07-18 15:46:35,112 [INFO] src.corpus_acquisition.downloader: Downloading page 14 from https://t.prcdn.co/img?file=eag82023122700000000001001&page=14&scale=80
2026-07-18 15:46:35,113 [INFO] src.corpus_acquisition.crawler: Downloading -> data/raw/images/trome/2023/12/27/trome_2023-12-27_14.jpg
2026-07-18 15:46:37,941 [INFO] src.corpus_acquisition.downloader: Downloading page 15 from https://t.prcdn.co/img?file=eag82023122700000000001001&page=15&scale=80
2026-07-18 15:46:37,942 [INFO] src.corpus_acquisition.crawler: Downloading -> data/raw/images/trome/2023/12/27/trome_2023-12-27_15.jpg
2026-07-18 15:46:40,939 [INFO] src.corpus_acquisition.downloader: Downloading page 16 from https://t.prcdn.co/img?file=eag82023122700000000001001&page=16&scale=80
2026-07-18 15:46:40,940 [INFO] src.corpus_acquisition.crawler: Downloading -> data/raw/images/trome/2023/12/27/trome_2023-12-27_16.jpg
2026-07-18 15:46:43,253 [INFO] src.corpus_acquisition.downloader: Downloading page 17 from https://t.prcdn.co/img?file=eag82023122700000000001001&page=17&scale=80
2026-07-18 15:46:43,254 [INFO] src.corpus_acquisition.crawler: Downloading -> data/raw/images/trome/2023/12/27/trome_2023-12-27_17.jpg
2026-07-18 15:46:46,492 [INFO] src.corpus_acquisition.downloader: Downloading page 18 from https://t.prcdn.co/img?file=eag82023122700000000001001&page=18&scale=80
2026-07-18 15:46:46,492 [INFO] src.corpus_acquisition.crawler: Downloading -> data/raw/images/trome/2023/12/27/trome_2023-12-27_18.jpg
2026-07-18 15:46:49,153 [INFO] src.corpus_acquisition.downloader: Downloading page 19 from https://t.prcdn.co/img?file=eag82023122700000000001001&page=19&scale=80
2026-07-18 15:46:49,153 [INFO] src.corpus_acquisition.crawler: Downloading -> data/raw/images/trome/2023/12/27/trome_2023-12-27_19.jpg
2026-07-18 15:46:51,770 [INFO] src.corpus_acquisition.downloader: Downloading page 20 from https://t.prcdn.co/img?file=eag82023122700000000001001&page=20&scale=80
2026-07-18 15:46:51,771 [INFO] src.corpus_acquisition.crawler: Downloading -> data/raw/images/trome/2023/12/27/trome_2023-12-27_20.jpg
2026-07-18 15:46:53,870 [INFO] src.corpus_acquisition.downloader: Downloading page 21 from https://t.prcdn.co/img?file=eag82023122700000000001001&page=21&scale=80
2026-07-18 15:46:53,870 [INFO] src.corpus_acquisition.crawler: Downloading -> data/raw/images/trome/2023/12/27/trome_2023-12-27_21.jpg
2026-07-18 15:46:56,443 [INFO] src.corpus_acquisition.downloader: Downloading page 22 from https://t.prcdn.co/img?file=eag82023122700000000001001&page=22&scale=80
2026-07-18 15:46:56,444 [INFO] src.corpus_acquisition.crawler: Downloading -> data/raw/images/trome/2023/12/27/trome_2023-12-27_22.jpg
2026-07-18 15:46:59,867 [INFO] src.corpus_acquisition.downloader: Downloading page 23 from https://t.prcdn.co/img?file=eag82023122700000000001001&page=23&scale=80
2026-07-18 15:46:59,868 [INFO] src.corpus_acquisition.crawler: Downloading -> data/raw/images/trome/2023/12/27/trome_2023-12-27_23.jpg
2026-07-18 15:47:02,900 [INFO] src.corpus_acquisition.downloader: Downloading page 24 from https://t.prcdn.co/img?file=eag82023122700000000001001&page=24&scale=80
2026-07-18 15:47:02,901 [INFO] src.corpus_acquisition.crawler: Downloading -> data/raw/images/trome/2023/12/27/trome_2023-12-27_24.jpg
2026-07-18 15:47:05,744 [INFO] src.corpus_acquisition.downloader: Downloading page 25 from https://t.prcdn.co/img?file=eag82023122700000000001001&page=25&scale=80
2026-07-18 15:47:05,745 [INFO] src.corpus_acquisition.crawler: Downloading -> data/raw/images/trome/2023/12/27/trome_2023-12-27_25.jpg
2026-07-18 15:47:06,091 [WARNING] src.corpus_acquisition.downloader: Page 25 not found (1/3).
2026-07-18 15:47:06,091 [INFO] src.corpus_acquisition.downloader: Downloading page 26 from https://t.prcdn.co/img?file=eag82023122700000000001001&page=26&scale=80
2026-07-18 15:47:06,091 [INFO] src.corpus_acquisition.crawler: Downloading -> data/raw/images/trome/2023/12/27/trome_2023-12-27_26.jpg
2026-07-18 15:47:06,338 [WARNING] src.corpus_acquisition.downloader: Page 26 not found (2/3).
2026-07-18 15:47:06,338 [INFO] src.corpus_acquisition.downloader: Downloading page 27 from https://t.prcdn.co/img?file=eag82023122700000000001001&page=27&scale=80
2026-07-18 15:47:06,339 [INFO] src.corpus_acquisition.crawler: Downloading -> data/raw/images/trome/2023/12/27/trome_2023-12-27_27.jpg
2026-07-18 15:47:06,585 [WARNING] src.corpus_acquisition.downloader: Page 27 not found (3/3).
2026-07-18 15:47:06,586 [WARNING] src.corpus_acquisition.downloader: No new pages found after 3 attempts; stopping with 24 page(s).
2026-07-18 15:47:06,628 [INFO] src.corpus_acquisition.metadata_extractor: Saved metadata for 24 page(s) -> data/raw/metadata/trome_metadata.parquet (total rows: 36606)
2026-07-18 15:47:06,631 [INFO] src.corpus_acquisition.metadata_extractor: Saved crawl log -> data/raw/crawl_logs/trome_2023-12-27.json (status=success)
2026-07-18 15:47:07,413 [INFO] src.corpus_acquisition.downloader: Downloading page 1 from https://t.prcdn.co/img?file=eag82023122800000000001001&page=1&scale=80
2026-07-18 15:47:07,414 [INFO] src.corpus_acquisition.crawler: Downloading -> data/raw/images/trome/2023/12/28/trome_2023-12-28_1.jpg
2026-07-18 15:47:10,029 [INFO] src.corpus_acquisition.downloader: Downloading page 2 from https://t.prcdn.co/img?file=eag82023122800000000001001&page=2&scale=80
2026-07-18 15:47:10,029 [INFO] src.corpus_acquisition.crawler: Downloading -> data/raw/images/trome/2023/12/28/trome_2023-12-28_2.jpg
2026-07-18 15:47:13,028 [INFO] src.corpus_acquisition.downloader: Downloading page 3 from https://t.prcdn.co/img?file=eag82023122800000000001001&page=3&scale=80
2026-07-18 15:47:13,028 [INFO] src.corpus_acquisition.crawler: Downloading -> data/raw/images/trome/2023/12/28/trome_2023-12-28_3.jpg
2026-07-18 15:47:15,870 [INFO] src.corpus_acquisition.downloader: Downloading page 4 from https://t.prcdn.co/img?file=eag82023122800000000001001&page=4&scale=80
2026-07-18 15:47:15,871 [INFO] src.corpus_acquisition.crawler: Downloading -> data/raw/images/trome/2023/12/28/trome_2023-12-28_4.jpg
2026-07-18 15:47:18,350 [INFO] src.corpus_acquisition.downloader: Downloading page 5 from https://t.prcdn.co/img?file=eag82023122800000000001001&page=5&scale=80
2026-07-18 15:47:18,350 [INFO] src.corpus_acquisition.crawler: Downloading -> data/raw/images/trome/2023/12/28/trome_2023-12-28_5.jpg
2026-07-18 15:47:20,739 [INFO] src.corpus_acquisition.downloader: Downloading page 6 from https://t.prcdn.co/img?file=eag82023122800000000001001&page=6&scale=80
2026-07-18 15:47:20,739 [INFO] src.corpus_acquisition.crawler: Downloading -> data/raw/images/trome/2023/12/28/trome_2023-12-28_6.jpg
2026-07-18 15:47:24,435 [INFO] src.corpus_acquisition.downloader: Downloading page 7 from https://t.prcdn.co/img?file=eag82023122800000000001001&page=7&scale=80
2026-07-18 15:47:24,435 [INFO] src.corpus_acquisition.crawler: Downloading -> data/raw/images/trome/2023/12/28/trome_2023-12-28_7.jpg
2026-07-18 15:47:27,763 [INFO] src.corpus_acquisition.downloader: Downloading page 8 from https://t.prcdn.co/img?file=eag82023122800000000001001&page=8&scale=80
2026-07-18 15:47:27,764 [INFO] src.corpus_acquisition.crawler: Downloading -> data/raw/images/trome/2023/12/28/trome_2023-12-28_8.jpg
2026-07-18 15:47:30,825 [INFO] src.corpus_acquisition.downloader: Downloading page 9 from https://t.prcdn.co/img?file=eag82023122800000000001001&page=9&scale=80
2026-07-18 15:47:30,826 [INFO] src.corpus_acquisition.crawler: Downloading -> data/raw/images/trome/2023/12/28/trome_2023-12-28_9.jpg
2026-07-18 15:47:33,577 [INFO] src.corpus_acquisition.downloader: Downloading page 10 from https://t.prcdn.co/img?file=eag82023122800000000001001&page=10&scale=80
2026-07-18 15:47:33,577 [INFO] src.corpus_acquisition.crawler: Downloading -> data/raw/images/trome/2023/12/28/trome_2023-12-28_10.jpg
2026-07-18 15:47:37,022 [INFO] src.corpus_acquisition.downloader: Downloading page 11 from https://t.prcdn.co/img?file=eag82023122800000000001001&page=11&scale=80
2026-07-18 15:47:37,022 [INFO] src.corpus_acquisition.crawler: Downloading -> data/raw/images/trome/2023/12/28/trome_2023-12-28_11.jpg
2026-07-18 15:47:39,319 [INFO] src.corpus_acquisition.downloader: Downloading page 12 from https://t.prcdn.co/img?file=eag82023122800000000001001&page=12&scale=80
2026-07-18 15:47:39,319 [INFO] src.corpus_acquisition.crawler: Downloading -> data/raw/images/trome/2023/12/28/trome_2023-12-28_12.jpg
2026-07-18 15:47:42,919 [INFO] src.corpus_acquisition.downloader: Downloading page 13 from https://t.prcdn.co/img?file=eag82023122800000000001001&page=13&scale=80
2026-07-18 15:47:42,920 [INFO] src.corpus_acquisition.crawler: Downloading -> data/raw/images/trome/2023/12/28/trome_2023-12-28_13.jpg
2026-07-18 15:47:46,043 [INFO] src.corpus_acquisition.downloader: Downloading page 14 from https://t.prcdn.co/img?file=eag82023122800000000001001&page=14&scale=80
2026-07-18 15:47:46,043 [INFO] src.corpus_acquisition.crawler: Downloading -> data/raw/images/trome/2023/12/28/trome_2023-12-28_14.jpg
2026-07-18 15:47:48,872 [INFO] src.corpus_acquisition.downloader: Downloading page 15 from https://t.prcdn.co/img?file=eag82023122800000000001001&page=15&scale=80
2026-07-18 15:47:48,872 [INFO] src.corpus_acquisition.crawler: Downloading -> data/raw/images/trome/2023/12/28/trome_2023-12-28_15.jpg
2026-07-18 15:47:51,549 [INFO] src.corpus_acquisition.downloader: Downloading page 16 from https://t.prcdn.co/img?file=eag82023122800000000001001&page=16&scale=80
2026-07-18 15:47:51,550 [INFO] src.corpus_acquisition.crawler: Downloading -> data/raw/images/trome/2023/12/28/trome_2023-12-28_16.jpg
2026-07-18 15:47:54,111 [INFO] src.corpus_acquisition.downloader: Downloading page 17 from https://t.prcdn.co/img?file=eag82023122800000000001001&page=17&scale=80
2026-07-18 15:47:54,111 [INFO] src.corpus_acquisition.crawler: Downloading -> data/raw/images/trome/2023/12/28/trome_2023-12-28_17.jpg
2026-07-18 15:47:56,765 [INFO] src.corpus_acquisition.downloader: Downloading page 18 from https://t.prcdn.co/img?file=eag82023122800000000001001&page=18&scale=80
2026-07-18 15:47:56,766 [INFO] src.corpus_acquisition.crawler: Downloading -> data/raw/images/trome/2023/12/28/trome_2023-12-28_18.jpg
2026-07-18 15:47:59,066 [INFO] src.corpus_acquisition.downloader: Downloading page 19 from https://t.prcdn.co/img?file=eag82023122800000000001001&page=19&scale=80
2026-07-18 15:47:59,067 [INFO] src.corpus_acquisition.crawler: Downloading -> data/raw/images/trome/2023/12/28/trome_2023-12-28_19.jpg
2026-07-18 15:48:02,265 [INFO] src.corpus_acquisition.downloader: Downloading page 20 from https://t.prcdn.co/img?file=eag82023122800000000001001&page=20&scale=80
2026-07-18 15:48:02,265 [INFO] src.corpus_acquisition.crawler: Downloading -> data/raw/images/trome/2023/12/28/trome_2023-12-28_20.jpg
2026-07-18 15:48:05,799 [INFO] src.corpus_acquisition.downloader: Downloading page 21 from https://t.prcdn.co/img?file=eag82023122800000000001001&page=21&scale=80
2026-07-18 15:48:05,800 [INFO] src.corpus_acquisition.crawler: Downloading -> data/raw/images/trome/2023/12/28/trome_2023-12-28_21.jpg
2026-07-18 15:48:08,414 [INFO] src.corpus_acquisition.downloader: Downloading page 22 from https://t.prcdn.co/img?file=eag82023122800000000001001&page=22&scale=80
2026-07-18 15:48:08,415 [INFO] src.corpus_acquisition.crawler: Downloading -> data/raw/images/trome/2023/12/28/trome_2023-12-28_22.jpg
2026-07-18 15:48:11,000 [INFO] src.corpus_acquisition.downloader: Downloading page 23 from https://t.prcdn.co/img?file=eag82023122800000000001001&page=23&scale=80
2026-07-18 15:48:11,000 [INFO] src.corpus_acquisition.crawler: Downloading -> data/raw/images/trome/2023/12/28/trome_2023-12-28_23.jpg
2026-07-18 15:48:13,671 [INFO] src.corpus_acquisition.downloader: Downloading page 24 from https://t.prcdn.co/img?file=eag82023122800000000001001&page=24&scale=80
2026-07-18 15:48:13,671 [INFO] src.corpus_acquisition.crawler: Downloading -> data/raw/images/trome/2023/12/28/trome_2023-12-28_24.jpg
2026-07-18 15:48:16,479 [INFO] src.corpus_acquisition.downloader: Downloading page 25 from https://t.prcdn.co/img?file=eag82023122800000000001001&page=25&scale=80
2026-07-18 15:48:16,479 [INFO] src.corpus_acquisition.crawler: Downloading -> data/raw/images/trome/2023/12/28/trome_2023-12-28_25.jpg
2026-07-18 15:48:16,695 [WARNING] src.corpus_acquisition.downloader: Page 25 not found (1/3).
2026-07-18 15:48:16,695 [INFO] src.corpus_acquisition.downloader: Downloading page 26 from https://t.prcdn.co/img?file=eag82023122800000000001001&page=26&scale=80
2026-07-18 15:48:16,695 [INFO] src.corpus_acquisition.crawler: Downloading -> data/raw/images/trome/2023/12/28/trome_2023-12-28_26.jpg
2026-07-18 15:48:16,900 [WARNING] src.corpus_acquisition.downloader: Page 26 not found (2/3).
2026-07-18 15:48:16,900 [INFO] src.corpus_acquisition.downloader: Downloading page 27 from https://t.prcdn.co/img?file=eag82023122800000000001001&page=27&scale=80
2026-07-18 15:48:16,901 [INFO] src.corpus_acquisition.crawler: Downloading -> data/raw/images/trome/2023/12/28/trome_2023-12-28_27.jpg
2026-07-18 15:48:17,121 [WARNING] src.corpus_acquisition.downloader: Page 27 not found (3/3).
2026-07-18 15:48:17,121 [WARNING] src.corpus_acquisition.downloader: No new pages found after 3 attempts; stopping with 24 page(s).
2026-07-18 15:48:17,167 [INFO] src.corpus_acquisition.metadata_extractor: Saved metadata for 24 page(s) -> data/raw/metadata/trome_metadata.parquet (total rows: 36630)
2026-07-18 15:48:17,172 [INFO] src.corpus_acquisition.metadata_extractor: Saved crawl log -> data/raw/crawl_logs/trome_2023-12-28.json (status=success)
2026-07-18 15:48:18,398 [INFO] src.corpus_acquisition.downloader: Downloading page 1 from https://t.prcdn.co/img?file=eag82023122900000000001001&page=1&scale=80
2026-07-18 15:48:18,399 [INFO] src.corpus_acquisition.crawler: Downloading -> data/raw/images/trome/2023/12/29/trome_2023-12-29_1.jpg
2026-07-18 15:48:20,889 [INFO] src.corpus_acquisition.downloader: Downloading page 2 from https://t.prcdn.co/img?file=eag82023122900000000001001&page=2&scale=80
2026-07-18 15:48:20,889 [INFO] src.corpus_acquisition.crawler: Downloading -> data/raw/images/trome/2023/12/29/trome_2023-12-29_2.jpg
2026-07-18 15:48:24,101 [INFO] src.corpus_acquisition.downloader: Downloading page 3 from https://t.prcdn.co/img?file=eag82023122900000000001001&page=3&scale=80
2026-07-18 15:48:24,102 [INFO] src.corpus_acquisition.crawler: Downloading -> data/raw/images/trome/2023/12/29/trome_2023-12-29_3.jpg
2026-07-18 15:48:27,192 [INFO] src.corpus_acquisition.downloader: Downloading page 4 from https://t.prcdn.co/img?file=eag82023122900000000001001&page=4&scale=80
2026-07-18 15:48:27,193 [INFO] src.corpus_acquisition.crawler: Downloading -> data/raw/images/trome/2023/12/29/trome_2023-12-29_4.jpg
2026-07-18 15:48:29,605 [INFO] src.corpus_acquisition.downloader: Downloading page 5 from https://t.prcdn.co/img?file=eag82023122900000000001001&page=5&scale=80
2026-07-18 15:48:29,605 [INFO] src.corpus_acquisition.crawler: Downloading -> data/raw/images/trome/2023/12/29/trome_2023-12-29_5.jpg
2026-07-18 15:48:32,213 [INFO] src.corpus_acquisition.downloader: Downloading page 6 from https://t.prcdn.co/img?file=eag82023122900000000001001&page=6&scale=80
2026-07-18 15:48:32,213 [INFO] src.corpus_acquisition.crawler: Downloading -> data/raw/images/trome/2023/12/29/trome_2023-12-29_6.jpg
2026-07-18 15:48:34,830 [INFO] src.corpus_acquisition.downloader: Downloading page 7 from https://t.prcdn.co/img?file=eag82023122900000000001001&page=7&scale=80
2026-07-18 15:48:34,830 [INFO] src.corpus_acquisition.crawler: Downloading -> data/raw/images/trome/2023/12/29/trome_2023-12-29_7.jpg
2026-07-18 15:48:37,258 [INFO] src.corpus_acquisition.downloader: Downloading page 8 from https://t.prcdn.co/img?file=eag82023122900000000001001&page=8&scale=80
2026-07-18 15:48:37,259 [INFO] src.corpus_acquisition.crawler: Downloading -> data/raw/images/trome/2023/12/29/trome_2023-12-29_8.jpg
2026-07-18 15:48:40,811 [INFO] src.corpus_acquisition.downloader: Downloading page 9 from https://t.prcdn.co/img?file=eag82023122900000000001001&page=9&scale=80
2026-07-18 15:48:40,811 [INFO] src.corpus_acquisition.crawler: Downloading -> data/raw/images/trome/2023/12/29/trome_2023-12-29_9.jpg
2026-07-18 15:48:43,513 [INFO] src.corpus_acquisition.downloader: Downloading page 10 from https://t.prcdn.co/img?file=eag82023122900000000001001&page=10&scale=80
2026-07-18 15:48:43,513 [INFO] src.corpus_acquisition.crawler: Downloading -> data/raw/images/trome/2023/12/29/trome_2023-12-29_10.jpg
2026-07-18 15:48:47,175 [INFO] src.corpus_acquisition.downloader: Downloading page 11 from https://t.prcdn.co/img?file=eag82023122900000000001001&page=11&scale=80
2026-07-18 15:48:47,175 [INFO] src.corpus_acquisition.crawler: Downloading -> data/raw/images/trome/2023/12/29/trome_2023-12-29_11.jpg
2026-07-18 15:48:49,935 [INFO] src.corpus_acquisition.downloader: Downloading page 12 from https://t.prcdn.co/img?file=eag82023122900000000001001&page=12&scale=80
2026-07-18 15:48:49,935 [INFO] src.corpus_acquisition.crawler: Downloading -> data/raw/images/trome/2023/12/29/trome_2023-12-29_12.jpg
2026-07-18 15:48:52,918 [INFO] src.corpus_acquisition.downloader: Downloading page 13 from https://t.prcdn.co/img?file=eag82023122900000000001001&page=13&scale=80
2026-07-18 15:48:52,919 [INFO] src.corpus_acquisition.crawler: Downloading -> data/raw/images/trome/2023/12/29/trome_2023-12-29_13.jpg
2026-07-18 15:48:56,097 [INFO] src.corpus_acquisition.downloader: Downloading page 14 from https://t.prcdn.co/img?file=eag82023122900000000001001&page=14&scale=80
2026-07-18 15:48:56,098 [INFO] src.corpus_acquisition.crawler: Downloading -> data/raw/images/trome/2023/12/29/trome_2023-12-29_14.jpg
2026-07-18 15:48:58,667 [INFO] src.corpus_acquisition.downloader: Downloading page 15 from https://t.prcdn.co/img?file=eag82023122900000000001001&page=15&scale=80
2026-07-18 15:48:58,668 [INFO] src.corpus_acquisition.crawler: Downloading -> data/raw/images/trome/2023/12/29/trome_2023-12-29_15.jpg
2026-07-18 15:49:01,959 [INFO] src.corpus_acquisition.downloader: Downloading page 16 from https://t.prcdn.co/img?file=eag82023122900000000001001&page=16&scale=80
2026-07-18 15:49:01,959 [INFO] src.corpus_acquisition.crawler: Downloading -> data/raw/images/trome/2023/12/29/trome_2023-12-29_16.jpg
2026-07-18 15:49:05,330 [INFO] src.corpus_acquisition.downloader: Downloading page 17 from https://t.prcdn.co/img?file=eag82023122900000000001001&page=17&scale=80
2026-07-18 15:49:05,330 [INFO] src.corpus_acquisition.crawler: Downloading -> data/raw/images/trome/2023/12/29/trome_2023-12-29_17.jpg
2026-07-18 15:49:07,560 [INFO] src.corpus_acquisition.downloader: Downloading page 18 from https://t.prcdn.co/img?file=eag82023122900000000001001&page=18&scale=80
2026-07-18 15:49:07,561 [INFO] src.corpus_acquisition.crawler: Downloading -> data/raw/images/trome/2023/12/29/trome_2023-12-29_18.jpg
2026-07-18 15:49:10,435 [INFO] src.corpus_acquisition.downloader: Downloading page 19 from https://t.prcdn.co/img?file=eag82023122900000000001001&page=19&scale=80
2026-07-18 15:49:10,435 [INFO] src.corpus_acquisition.crawler: Downloading -> data/raw/images/trome/2023/12/29/trome_2023-12-29_19.jpg
2026-07-18 15:49:13,155 [INFO] src.corpus_acquisition.downloader: Downloading page 20 from https://t.prcdn.co/img?file=eag82023122900000000001001&page=20&scale=80
2026-07-18 15:49:13,156 [INFO] src.corpus_acquisition.crawler: Downloading -> data/raw/images/trome/2023/12/29/trome_2023-12-29_20.jpg
2026-07-18 15:49:15,706 [INFO] src.corpus_acquisition.downloader: Downloading page 21 from https://t.prcdn.co/img?file=eag82023122900000000001001&page=21&scale=80
2026-07-18 15:49:15,706 [INFO] src.corpus_acquisition.crawler: Downloading -> data/raw/images/trome/2023/12/29/trome_2023-12-29_21.jpg
2026-07-18 15:49:18,739 [INFO] src.corpus_acquisition.downloader: Downloading page 22 from https://t.prcdn.co/img?file=eag82023122900000000001001&page=22&scale=80
2026-07-18 15:49:18,740 [INFO] src.corpus_acquisition.crawler: Downloading -> data/raw/images/trome/2023/12/29/trome_2023-12-29_22.jpg
2026-07-18 15:49:22,357 [INFO] src.corpus_acquisition.downloader: Downloading page 23 from https://t.prcdn.co/img?file=eag82023122900000000001001&page=23&scale=80
2026-07-18 15:49:22,357 [INFO] src.corpus_acquisition.crawler: Downloading -> data/raw/images/trome/2023/12/29/trome_2023-12-29_23.jpg
2026-07-18 15:49:25,135 [INFO] src.corpus_acquisition.downloader: Downloading page 24 from https://t.prcdn.co/img?file=eag82023122900000000001001&page=24&scale=80
2026-07-18 15:49:25,135 [INFO] src.corpus_acquisition.crawler: Downloading -> data/raw/images/trome/2023/12/29/trome_2023-12-29_24.jpg
2026-07-18 15:49:27,544 [INFO] src.corpus_acquisition.downloader: Downloading page 25 from https://t.prcdn.co/img?file=eag82023122900000000001001&page=25&scale=80
2026-07-18 15:49:27,545 [INFO] src.corpus_acquisition.crawler: Downloading -> data/raw/images/trome/2023/12/29/trome_2023-12-29_25.jpg
2026-07-18 15:49:27,763 [WARNING] src.corpus_acquisition.downloader: Page 25 not found (1/3).
2026-07-18 15:49:27,763 [INFO] src.corpus_acquisition.downloader: Downloading page 26 from https://t.prcdn.co/img?file=eag82023122900000000001001&page=26&scale=80
2026-07-18 15:49:27,764 [INFO] src.corpus_acquisition.crawler: Downloading -> data/raw/images/trome/2023/12/29/trome_2023-12-29_26.jpg
2026-07-18 15:49:28,030 [WARNING] src.corpus_acquisition.downloader: Page 26 not found (2/3).
2026-07-18 15:49:28,031 [INFO] src.corpus_acquisition.downloader: Downloading page 27 from https://t.prcdn.co/img?file=eag82023122900000000001001&page=27&scale=80
2026-07-18 15:49:28,031 [INFO] src.corpus_acquisition.crawler: Downloading -> data/raw/images/trome/2023/12/29/trome_2023-12-29_27.jpg
2026-07-18 15:49:28,256 [WARNING] src.corpus_acquisition.downloader: Page 27 not found (3/3).
2026-07-18 15:49:28,256 [WARNING] src.corpus_acquisition.downloader: No new pages found after 3 attempts; stopping with 24 page(s).
2026-07-18 15:49:28,300 [INFO] src.corpus_acquisition.metadata_extractor: Saved metadata for 24 page(s) -> data/raw/metadata/trome_metadata.parquet (total rows: 36654)
2026-07-18 15:49:28,303 [INFO] src.corpus_acquisition.metadata_extractor: Saved crawl log -> data/raw/crawl_logs/trome_2023-12-29.json (status=success)
2026-07-18 15:49:29,315 [INFO] src.corpus_acquisition.downloader: Downloading page 1 from https://t.prcdn.co/img?file=eag82023123000000000001001&page=1&scale=80
2026-07-18 15:49:29,316 [INFO] src.corpus_acquisition.crawler: Downloading -> data/raw/images/trome/2023/12/30/trome_2023-12-30_1.jpg
2026-07-18 15:49:31,681 [INFO] src.corpus_acquisition.downloader: Downloading page 2 from https://t.prcdn.co/img?file=eag82023123000000000001001&page=2&scale=80
2026-07-18 15:49:31,682 [INFO] src.corpus_acquisition.crawler: Downloading -> data/raw/images/trome/2023/12/30/trome_2023-12-30_2.jpg
2026-07-18 15:49:36,161 [INFO] src.corpus_acquisition.downloader: Downloading page 3 from https://t.prcdn.co/img?file=eag82023123000000000001001&page=3&scale=80
2026-07-18 15:49:36,161 [INFO] src.corpus_acquisition.crawler: Downloading -> data/raw/images/trome/2023/12/30/trome_2023-12-30_3.jpg
2026-07-18 15:49:39,427 [INFO] src.corpus_acquisition.downloader: Downloading page 4 from https://t.prcdn.co/img?file=eag82023123000000000001001&page=4&scale=80
2026-07-18 15:49:39,428 [INFO] src.corpus_acquisition.crawler: Downloading -> data/raw/images/trome/2023/12/30/trome_2023-12-30_4.jpg
2026-07-18 15:49:41,651 [INFO] src.corpus_acquisition.downloader: Downloading page 5 from https://t.prcdn.co/img?file=eag82023123000000000001001&page=5&scale=80
2026-07-18 15:49:41,652 [INFO] src.corpus_acquisition.crawler: Downloading -> data/raw/images/trome/2023/12/30/trome_2023-12-30_5.jpg
2026-07-18 15:49:43,840 [INFO] src.corpus_acquisition.downloader: Downloading page 6 from https://t.prcdn.co/img?file=eag82023123000000000001001&page=6&scale=80
2026-07-18 15:49:43,840 [INFO] src.corpus_acquisition.crawler: Downloading -> data/raw/images/trome/2023/12/30/trome_2023-12-30_6.jpg
2026-07-18 15:49:46,707 [INFO] src.corpus_acquisition.downloader: Downloading page 7 from https://t.prcdn.co/img?file=eag82023123000000000001001&page=7&scale=80
2026-07-18 15:49:46,707 [INFO] src.corpus_acquisition.crawler: Downloading -> data/raw/images/trome/2023/12/30/trome_2023-12-30_7.jpg
2026-07-18 15:49:49,426 [INFO] src.corpus_acquisition.downloader: Downloading page 8 from https://t.prcdn.co/img?file=eag82023123000000000001001&page=8&scale=80
2026-07-18 15:49:49,426 [INFO] src.corpus_acquisition.crawler: Downloading -> data/raw/images/trome/2023/12/30/trome_2023-12-30_8.jpg
2026-07-18 15:49:52,614 [INFO] src.corpus_acquisition.downloader: Downloading page 9 from https://t.prcdn.co/img?file=eag82023123000000000001001&page=9&scale=80
2026-07-18 15:49:52,615 [INFO] src.corpus_acquisition.crawler: Downloading -> data/raw/images/trome/2023/12/30/trome_2023-12-30_9.jpg
2026-07-18 15:49:55,655 [INFO] src.corpus_acquisition.downloader: Downloading page 10 from https://t.prcdn.co/img?file=eag82023123000000000001001&page=10&scale=80
2026-07-18 15:49:55,656 [INFO] src.corpus_acquisition.crawler: Downloading -> data/raw/images/trome/2023/12/30/trome_2023-12-30_10.jpg
2026-07-18 15:49:58,879 [INFO] src.corpus_acquisition.downloader: Downloading page 11 from https://t.prcdn.co/img?file=eag82023123000000000001001&page=11&scale=80
2026-07-18 15:49:58,879 [INFO] src.corpus_acquisition.crawler: Downloading -> data/raw/images/trome/2023/12/30/trome_2023-12-30_11.jpg
2026-07-18 15:50:01,537 [INFO] src.corpus_acquisition.downloader: Downloading page 12 from https://t.prcdn.co/img?file=eag82023123000000000001001&page=12&scale=80
2026-07-18 15:50:01,537 [INFO] src.corpus_acquisition.crawler: Downloading -> data/raw/images/trome/2023/12/30/trome_2023-12-30_12.jpg
2026-07-18 15:50:05,037 [INFO] src.corpus_acquisition.downloader: Downloading page 13 from https://t.prcdn.co/img?file=eag82023123000000000001001&page=13&scale=80
2026-07-18 15:50:05,037 [INFO] src.corpus_acquisition.crawler: Downloading -> data/raw/images/trome/2023/12/30/trome_2023-12-30_13.jpg
2026-07-18 15:50:08,199 [INFO] src.corpus_acquisition.downloader: Downloading page 14 from https://t.prcdn.co/img?file=eag82023123000000000001001&page=14&scale=80
2026-07-18 15:50:08,199 [INFO] src.corpus_acquisition.crawler: Downloading -> data/raw/images/trome/2023/12/30/trome_2023-12-30_14.jpg
2026-07-18 15:50:10,871 [INFO] src.corpus_acquisition.downloader: Downloading page 15 from https://t.prcdn.co/img?file=eag82023123000000000001001&page=15&scale=80
2026-07-18 15:50:10,872 [INFO] src.corpus_acquisition.crawler: Downloading -> data/raw/images/trome/2023/12/30/trome_2023-12-30_15.jpg
2026-07-18 15:50:13,574 [INFO] src.corpus_acquisition.downloader: Downloading page 16 from https://t.prcdn.co/img?file=eag82023123000000000001001&page=16&scale=80
2026-07-18 15:50:13,574 [INFO] src.corpus_acquisition.crawler: Downloading -> data/raw/images/trome/2023/12/30/trome_2023-12-30_16.jpg
2026-07-18 15:50:16,617 [INFO] src.corpus_acquisition.downloader: Downloading page 17 from https://t.prcdn.co/img?file=eag82023123000000000001001&page=17&scale=80
2026-07-18 15:50:16,617 [INFO] src.corpus_acquisition.crawler: Downloading -> data/raw/images/trome/2023/12/30/trome_2023-12-30_17.jpg
2026-07-18 15:50:19,167 [INFO] src.corpus_acquisition.downloader: Downloading page 18 from https://t.prcdn.co/img?file=eag82023123000000000001001&page=18&scale=80
2026-07-18 15:50:19,167 [INFO] src.corpus_acquisition.crawler: Downloading -> data/raw/images/trome/2023/12/30/trome_2023-12-30_18.jpg
2026-07-18 15:50:22,061 [INFO] src.corpus_acquisition.downloader: Downloading page 19 from https://t.prcdn.co/img?file=eag82023123000000000001001&page=19&scale=80
2026-07-18 15:50:22,062 [INFO] src.corpus_acquisition.crawler: Downloading -> data/raw/images/trome/2023/12/30/trome_2023-12-30_19.jpg
2026-07-18 15:50:25,098 [INFO] src.corpus_acquisition.downloader: Downloading page 20 from https://t.prcdn.co/img?file=eag82023123000000000001001&page=20&scale=80
2026-07-18 15:50:25,098 [INFO] src.corpus_acquisition.crawler: Downloading -> data/raw/images/trome/2023/12/30/trome_2023-12-30_20.jpg
2026-07-18 15:50:27,787 [INFO] src.corpus_acquisition.downloader: Downloading page 21 from https://t.prcdn.co/img?file=eag82023123000000000001001&page=21&scale=80
2026-07-18 15:50:27,788 [INFO] src.corpus_acquisition.crawler: Downloading -> data/raw/images/trome/2023/12/30/trome_2023-12-30_21.jpg
2026-07-18 15:50:31,467 [INFO] src.corpus_acquisition.downloader: Downloading page 22 from https://t.prcdn.co/img?file=eag82023123000000000001001&page=22&scale=80
2026-07-18 15:50:31,468 [INFO] src.corpus_acquisition.crawler: Downloading -> data/raw/images/trome/2023/12/30/trome_2023-12-30_22.jpg
2026-07-18 15:50:34,183 [INFO] src.corpus_acquisition.downloader: Downloading page 23 from https://t.prcdn.co/img?file=eag82023123000000000001001&page=23&scale=80
2026-07-18 15:50:34,184 [INFO] src.corpus_acquisition.crawler: Downloading -> data/raw/images/trome/2023/12/30/trome_2023-12-30_23.jpg
2026-07-18 15:50:36,342 [INFO] src.corpus_acquisition.downloader: Downloading page 24 from https://t.prcdn.co/img?file=eag82023123000000000001001&page=24&scale=80
2026-07-18 15:50:36,342 [INFO] src.corpus_acquisition.crawler: Downloading -> data/raw/images/trome/2023/12/30/trome_2023-12-30_24.jpg
2026-07-18 15:50:39,260 [INFO] src.corpus_acquisition.downloader: Downloading page 25 from https://t.prcdn.co/img?file=eag82023123000000000001001&page=25&scale=80
2026-07-18 15:50:39,261 [INFO] src.corpus_acquisition.crawler: Downloading -> data/raw/images/trome/2023/12/30/trome_2023-12-30_25.jpg
2026-07-18 15:50:39,508 [WARNING] src.corpus_acquisition.downloader: Page 25 not found (1/3).
2026-07-18 15:50:39,508 [INFO] src.corpus_acquisition.downloader: Downloading page 26 from https://t.prcdn.co/img?file=eag82023123000000000001001&page=26&scale=80
2026-07-18 15:50:39,508 [INFO] src.corpus_acquisition.crawler: Downloading -> data/raw/images/trome/2023/12/30/trome_2023-12-30_26.jpg
2026-07-18 15:50:39,718 [WARNING] src.corpus_acquisition.downloader: Page 26 not found (2/3).
2026-07-18 15:50:39,718 [INFO] src.corpus_acquisition.downloader: Downloading page 27 from https://t.prcdn.co/img?file=eag82023123000000000001001&page=27&scale=80
2026-07-18 15:50:39,719 [INFO] src.corpus_acquisition.crawler: Downloading -> data/raw/images/trome/2023/12/30/trome_2023-12-30_27.jpg
2026-07-18 15:50:39,934 [WARNING] src.corpus_acquisition.downloader: Page 27 not found (3/3).
2026-07-18 15:50:39,934 [WARNING] src.corpus_acquisition.downloader: No new pages found after 3 attempts; stopping with 24 page(s).
2026-07-18 15:50:39,978 [INFO] src.corpus_acquisition.metadata_extractor: Saved metadata for 24 page(s) -> data/raw/metadata/trome_metadata.parquet (total rows: 36678)
2026-07-18 15:50:39,981 [INFO] src.corpus_acquisition.metadata_extractor: Saved crawl log -> data/raw/crawl_logs/trome_2023-12-30.json (status=success)
2026-07-18 15:50:40,576 [INFO] src.corpus_acquisition.downloader: Downloading page 1 from https://t.prcdn.co/img?file=eag82023123100000000001001&page=1&scale=80
2026-07-18 15:50:40,576 [INFO] src.corpus_acquisition.crawler: Downloading -> data/raw/images/trome/2023/12/31/trome_2023-12-31_1.jpg
2026-07-18 15:50:43,313 [INFO] src.corpus_acquisition.downloader: Downloading page 2 from https://t.prcdn.co/img?file=eag82023123100000000001001&page=2&scale=80
2026-07-18 15:50:43,314 [INFO] src.corpus_acquisition.crawler: Downloading -> data/raw/images/trome/2023/12/31/trome_2023-12-31_2.jpg
2026-07-18 15:50:46,437 [INFO] src.corpus_acquisition.downloader: Downloading page 3 from https://t.prcdn.co/img?file=eag82023123100000000001001&page=3&scale=80
2026-07-18 15:50:46,438 [INFO] src.corpus_acquisition.crawler: Downloading -> data/raw/images/trome/2023/12/31/trome_2023-12-31_3.jpg
2026-07-18 15:50:50,081 [INFO] src.corpus_acquisition.downloader: Downloading page 4 from https://t.prcdn.co/img?file=eag82023123100000000001001&page=4&scale=80
2026-07-18 15:50:50,082 [INFO] src.corpus_acquisition.crawler: Downloading -> data/raw/images/trome/2023/12/31/trome_2023-12-31_4.jpg
2026-07-18 15:50:53,093 [INFO] src.corpus_acquisition.downloader: Downloading page 5 from https://t.prcdn.co/img?file=eag82023123100000000001001&page=5&scale=80
2026-07-18 15:50:53,093 [INFO] src.corpus_acquisition.crawler: Downloading -> data/raw/images/trome/2023/12/31/trome_2023-12-31_5.jpg
2026-07-18 15:50:55,841 [INFO] src.corpus_acquisition.downloader: Downloading page 6 from https://t.prcdn.co/img?file=eag82023123100000000001001&page=6&scale=80
2026-07-18 15:50:55,842 [INFO] src.corpus_acquisition.crawler: Downloading -> data/raw/images/trome/2023/12/31/trome_2023-12-31_6.jpg
2026-07-18 15:51:00,585 [INFO] src.corpus_acquisition.downloader: Downloading page 7 from https://t.prcdn.co/img?file=eag82023123100000000001001&page=7&scale=80
2026-07-18 15:51:00,586 [INFO] src.corpus_acquisition.crawler: Downloading -> data/raw/images/trome/2023/12/31/trome_2023-12-31_7.jpg
2026-07-18 15:51:03,404 [INFO] src.corpus_acquisition.downloader: Downloading page 8 from https://t.prcdn.co/img?file=eag82023123100000000001001&page=8&scale=80
2026-07-18 15:51:03,405 [INFO] src.corpus_acquisition.crawler: Downloading -> data/raw/images/trome/2023/12/31/trome_2023-12-31_8.jpg
2026-07-18 15:51:05,318 [INFO] src.corpus_acquisition.downloader: Downloading page 9 from https://t.prcdn.co/img?file=eag82023123100000000001001&page=9&scale=80
2026-07-18 15:51:05,318 [INFO] src.corpus_acquisition.crawler: Downloading -> data/raw/images/trome/2023/12/31/trome_2023-12-31_9.jpg
2026-07-18 15:51:08,461 [INFO] src.corpus_acquisition.downloader: Downloading page 10 from https://t.prcdn.co/img?file=eag82023123100000000001001&page=10&scale=80
2026-07-18 15:51:08,461 [INFO] src.corpus_acquisition.crawler: Downloading -> data/raw/images/trome/2023/12/31/trome_2023-12-31_10.jpg
2026-07-18 15:51:10,420 [INFO] src.corpus_acquisition.downloader: Downloading page 11 from https://t.prcdn.co/img?file=eag82023123100000000001001&page=11&scale=80
2026-07-18 15:51:10,421 [INFO] src.corpus_acquisition.crawler: Downloading -> data/raw/images/trome/2023/12/31/trome_2023-12-31_11.jpg
2026-07-18 15:51:13,276 [INFO] src.corpus_acquisition.downloader: Downloading page 12 from https://t.prcdn.co/img?file=eag82023123100000000001001&page=12&scale=80
2026-07-18 15:51:13,277 [INFO] src.corpus_acquisition.crawler: Downloading -> data/raw/images/trome/2023/12/31/trome_2023-12-31_12.jpg
2026-07-18 15:51:16,458 [INFO] src.corpus_acquisition.downloader: Downloading page 13 from https://t.prcdn.co/img?file=eag82023123100000000001001&page=13&scale=80
2026-07-18 15:51:16,458 [INFO] src.corpus_acquisition.crawler: Downloading -> data/raw/images/trome/2023/12/31/trome_2023-12-31_13.jpg
2026-07-18 15:51:19,621 [INFO] src.corpus_acquisition.downloader: Downloading page 14 from https://t.prcdn.co/img?file=eag82023123100000000001001&page=14&scale=80
2026-07-18 15:51:19,621 [INFO] src.corpus_acquisition.crawler: Downloading -> data/raw/images/trome/2023/12/31/trome_2023-12-31_14.jpg
2026-07-18 15:51:22,154 [INFO] src.corpus_acquisition.downloader: Downloading page 15 from https://t.prcdn.co/img?file=eag82023123100000000001001&page=15&scale=80
2026-07-18 15:51:22,155 [INFO] src.corpus_acquisition.crawler: Downloading -> data/raw/images/trome/2023/12/31/trome_2023-12-31_15.jpg
2026-07-18 15:51:25,179 [INFO] src.corpus_acquisition.downloader: Downloading page 16 from https://t.prcdn.co/img?file=eag82023123100000000001001&page=16&scale=80
2026-07-18 15:51:25,179 [INFO] src.corpus_acquisition.crawler: Downloading -> data/raw/images/trome/2023/12/31/trome_2023-12-31_16.jpg
2026-07-18 15:51:28,491 [INFO] src.corpus_acquisition.downloader: Downloading page 17 from https://t.prcdn.co/img?file=eag82023123100000000001001&page=17&scale=80
2026-07-18 15:51:28,491 [INFO] src.corpus_acquisition.crawler: Downloading -> data/raw/images/trome/2023/12/31/trome_2023-12-31_17.jpg
2026-07-18 15:51:31,926 [INFO] src.corpus_acquisition.downloader: Downloading page 18 from https://t.prcdn.co/img?file=eag82023123100000000001001&page=18&scale=80
2026-07-18 15:51:31,927 [INFO] src.corpus_acquisition.crawler: Downloading -> data/raw/images/trome/2023/12/31/trome_2023-12-31_18.jpg
2026-07-18 15:51:35,949 [INFO] src.corpus_acquisition.downloader: Downloading page 19 from https://t.prcdn.co/img?file=eag82023123100000000001001&page=19&scale=80
2026-07-18 15:51:35,950 [INFO] src.corpus_acquisition.crawler: Downloading -> data/raw/images/trome/2023/12/31/trome_2023-12-31_19.jpg
2026-07-18 15:51:39,918 [INFO] src.corpus_acquisition.downloader: Downloading page 20 from https://t.prcdn.co/img?file=eag82023123100000000001001&page=20&scale=80
2026-07-18 15:51:39,919 [INFO] src.corpus_acquisition.crawler: Downloading -> data/raw/images/trome/2023/12/31/trome_2023-12-31_20.jpg
2026-07-18 15:51:44,048 [INFO] src.corpus_acquisition.downloader: Downloading page 21 from https://t.prcdn.co/img?file=eag82023123100000000001001&page=21&scale=80
2026-07-18 15:51:44,049 [INFO] src.corpus_acquisition.crawler: Downloading -> data/raw/images/trome/2023/12/31/trome_2023-12-31_21.jpg
2026-07-18 15:51:46,820 [INFO] src.corpus_acquisition.downloader: Downloading page 22 from https://t.prcdn.co/img?file=eag82023123100000000001001&page=22&scale=80
2026-07-18 15:51:46,820 [INFO] src.corpus_acquisition.crawler: Downloading -> data/raw/images/trome/2023/12/31/trome_2023-12-31_22.jpg
2026-07-18 15:51:48,939 [INFO] src.corpus_acquisition.downloader: Downloading page 23 from https://t.prcdn.co/img?file=eag82023123100000000001001&page=23&scale=80
2026-07-18 15:51:48,939 [INFO] src.corpus_acquisition.crawler: Downloading -> data/raw/images/trome/2023/12/31/trome_2023-12-31_23.jpg
2026-07-18 15:51:51,098 [INFO] src.corpus_acquisition.downloader: Downloading page 24 from https://t.prcdn.co/img?file=eag82023123100000000001001&page=24&scale=80
2026-07-18 15:51:51,099 [INFO] src.corpus_acquisition.crawler: Downloading -> data/raw/images/trome/2023/12/31/trome_2023-12-31_24.jpg
2026-07-18 15:51:54,268 [INFO] src.corpus_acquisition.downloader: Downloading page 25 from https://t.prcdn.co/img?file=eag82023123100000000001001&page=25&scale=80
2026-07-18 15:51:54,268 [INFO] src.corpus_acquisition.crawler: Downloading -> data/raw/images/trome/2023/12/31/trome_2023-12-31_25.jpg
2026-07-18 15:51:54,475 [WARNING] src.corpus_acquisition.downloader: Page 25 not found (1/3).
2026-07-18 15:51:54,476 [INFO] src.corpus_acquisition.downloader: Downloading page 26 from https://t.prcdn.co/img?file=eag82023123100000000001001&page=26&scale=80
2026-07-18 15:51:54,476 [INFO] src.corpus_acquisition.crawler: Downloading -> data/raw/images/trome/2023/12/31/trome_2023-12-31_26.jpg
2026-07-18 15:51:54,698 [WARNING] src.corpus_acquisition.downloader: Page 26 not found (2/3).
2026-07-18 15:51:54,699 [INFO] src.corpus_acquisition.downloader: Downloading page 27 from https://t.prcdn.co/img?file=eag82023123100000000001001&page=27&scale=80
2026-07-18 15:51:54,699 [INFO] src.corpus_acquisition.crawler: Downloading -> data/raw/images/trome/2023/12/31/trome_2023-12-31_27.jpg
2026-07-18 15:51:54,910 [WARNING] src.corpus_acquisition.downloader: Page 27 not found (3/3).
2026-07-18 15:51:54,910 [WARNING] src.corpus_acquisition.downloader: No new pages found after 3 attempts; stopping with 24 page(s).
2026-07-18 15:51:54,952 [INFO] src.corpus_acquisition.metadata_extractor: Saved metadata for 24 page(s) -> data/raw/metadata/trome_metadata.parquet (total rows: 36702)
2026-07-18 15:51:54,954 [INFO] src.corpus_acquisition.metadata_extractor: Saved crawl log -> data/raw/crawl_logs/trome_2023-12-31.json (status=success)
2026-07-18 15:51:56,210 [INFO] src.corpus_acquisition.downloader: Downloading page 1 from https://t.prcdn.co/img?file=eag82024010100000000001001&page=1&scale=80
2026-07-18 15:51:56,212 [INFO] src.corpus_acquisition.crawler: Downloading -> data/raw/images/trome/2024/01/01/trome_2024-01-01_1.jpg
2026-07-18 15:51:58,979 [INFO] src.corpus_acquisition.downloader: Downloading page 2 from https://t.prcdn.co/img?file=eag82024010100000000001001&page=2&scale=80
2026-07-18 15:51:58,980 [INFO] src.corpus_acquisition.crawler: Downloading -> data/raw/images/trome/2024/01/01/trome_2024-01-01_2.jpg
2026-07-18 15:52:03,753 [INFO] src.corpus_acquisition.downloader: Downloading page 3 from https://t.prcdn.co/img?file=eag82024010100000000001001&page=3&scale=80
2026-07-18 15:52:03,753 [INFO] src.corpus_acquisition.crawler: Downloading -> data/raw/images/trome/2024/01/01/trome_2024-01-01_3.jpg
2026-07-18 15:52:06,180 [INFO] src.corpus_acquisition.downloader: Downloading page 4 from https://t.prcdn.co/img?file=eag82024010100000000001001&page=4&scale=80
2026-07-18 15:52:06,180 [INFO] src.corpus_acquisition.crawler: Downloading -> data/raw/images/trome/2024/01/01/trome_2024-01-01_4.jpg
2026-07-18 15:52:09,009 [INFO] src.corpus_acquisition.downloader: Downloading page 5 from https://t.prcdn.co/img?file=eag82024010100000000001001&page=5&scale=80
2026-07-18 15:52:09,010 [INFO] src.corpus_acquisition.crawler: Downloading -> data/raw/images/trome/2024/01/01/trome_2024-01-01_5.jpg
2026-07-18 15:52:12,651 [INFO] src.corpus_acquisition.downloader: Downloading page 6 from https://t.prcdn.co/img?file=eag82024010100000000001001&page=6&scale=80
2026-07-18 15:52:12,652 [INFO] src.corpus_acquisition.crawler: Downloading -> data/raw/images/trome/2024/01/01/trome_2024-01-01_6.jpg
2026-07-18 15:52:16,266 [INFO] src.corpus_acquisition.downloader: Downloading page 7 from https://t.prcdn.co/img?file=eag82024010100000000001001&page=7&scale=80
2026-07-18 15:52:16,266 [INFO] src.corpus_acquisition.crawler: Downloading -> data/raw/images/trome/2024/01/01/trome_2024-01-01_7.jpg
2026-07-18 15:52:19,495 [INFO] src.corpus_acquisition.downloader: Downloading page 8 from https://t.prcdn.co/img?file=eag82024010100000000001001&page=8&scale=80
2026-07-18 15:52:19,496 [INFO] src.corpus_acquisition.crawler: Downloading -> data/raw/images/trome/2024/01/01/trome_2024-01-01_8.jpg
2026-07-18 15:52:22,699 [INFO] src.corpus_acquisition.downloader: Downloading page 9 from https://t.prcdn.co/img?file=eag82024010100000000001001&page=9&scale=80
2026-07-18 15:52:22,700 [INFO] src.corpus_acquisition.crawler: Downloading -> data/raw/images/trome/2024/01/01/trome_2024-01-01_9.jpg
2026-07-18 15:52:24,983 [INFO] src.corpus_acquisition.downloader: Downloading page 10 from https://t.prcdn.co/img?file=eag82024010100000000001001&page=10&scale=80
2026-07-18 15:52:24,984 [INFO] src.corpus_acquisition.crawler: Downloading -> data/raw/images/trome/2024/01/01/trome_2024-01-01_10.jpg
2026-07-18 15:52:28,424 [INFO] src.corpus_acquisition.downloader: Downloading page 11 from https://t.prcdn.co/img?file=eag82024010100000000001001&page=11&scale=80
2026-07-18 15:52:28,425 [INFO] src.corpus_acquisition.crawler: Downloading -> data/raw/images/trome/2024/01/01/trome_2024-01-01_11.jpg
2026-07-18 15:52:31,270 [INFO] src.corpus_acquisition.downloader: Downloading page 12 from https://t.prcdn.co/img?file=eag82024010100000000001001&page=12&scale=80
2026-07-18 15:52:31,271 [INFO] src.corpus_acquisition.crawler: Downloading -> data/raw/images/trome/2024/01/01/trome_2024-01-01_12.jpg
2026-07-18 15:52:34,084 [INFO] src.corpus_acquisition.downloader: Downloading page 13 from https://t.prcdn.co/img?file=eag82024010100000000001001&page=13&scale=80
2026-07-18 15:52:34,085 [INFO] src.corpus_acquisition.crawler: Downloading -> data/raw/images/trome/2024/01/01/trome_2024-01-01_13.jpg
2026-07-18 15:52:37,214 [INFO] src.corpus_acquisition.downloader: Downloading page 14 from https://t.prcdn.co/img?file=eag82024010100000000001001&page=14&scale=80
2026-07-18 15:52:37,214 [INFO] src.corpus_acquisition.crawler: Downloading -> data/raw/images/trome/2024/01/01/trome_2024-01-01_14.jpg
2026-07-18 15:52:40,287 [INFO] src.corpus_acquisition.downloader: Downloading page 15 from https://t.prcdn.co/img?file=eag82024010100000000001001&page=15&scale=80
2026-07-18 15:52:40,288 [INFO] src.corpus_acquisition.crawler: Downloading -> data/raw/images/trome/2024/01/01/trome_2024-01-01_15.jpg
2026-07-18 15:52:42,486 [INFO] src.corpus_acquisition.downloader: Downloading page 16 from https://t.prcdn.co/img?file=eag82024010100000000001001&page=16&scale=80
2026-07-18 15:52:42,487 [INFO] src.corpus_acquisition.crawler: Downloading -> data/raw/images/trome/2024/01/01/trome_2024-01-01_16.jpg
2026-07-18 15:52:45,082 [INFO] src.corpus_acquisition.downloader: Downloading page 17 from https://t.prcdn.co/img?file=eag82024010100000000001001&page=17&scale=80
2026-07-18 15:52:45,082 [INFO] src.corpus_acquisition.crawler: Downloading -> data/raw/images/trome/2024/01/01/trome_2024-01-01_17.jpg
2026-07-18 15:52:47,423 [INFO] src.corpus_acquisition.downloader: Downloading page 18 from https://t.prcdn.co/img?file=eag82024010100000000001001&page=18&scale=80
2026-07-18 15:52:47,423 [INFO] src.corpus_acquisition.crawler: Downloading -> data/raw/images/trome/2024/01/01/trome_2024-01-01_18.jpg
2026-07-18 15:52:51,351 [INFO] src.corpus_acquisition.downloader: Downloading page 19 from https://t.prcdn.co/img?file=eag82024010100000000001001&page=19&scale=80
2026-07-18 15:52:51,351 [INFO] src.corpus_acquisition.crawler: Downloading -> data/raw/images/trome/2024/01/01/trome_2024-01-01_19.jpg
2026-07-18 15:52:54,219 [INFO] src.corpus_acquisition.downloader: Downloading page 20 from https://t.prcdn.co/img?file=eag82024010100000000001001&page=20&scale=80
2026-07-18 15:52:54,220 [INFO] src.corpus_acquisition.crawler: Downloading -> data/raw/images/trome/2024/01/01/trome_2024-01-01_20.jpg
2026-07-18 15:52:56,863 [INFO] src.corpus_acquisition.downloader: Downloading page 21 from https://t.prcdn.co/img?file=eag82024010100000000001001&page=21&scale=80
2026-07-18 15:52:56,864 [INFO] src.corpus_acquisition.crawler: Downloading -> data/raw/images/trome/2024/01/01/trome_2024-01-01_21.jpg
2026-07-18 15:52:59,596 [INFO] src.corpus_acquisition.downloader: Downloading page 22 from https://t.prcdn.co/img?file=eag82024010100000000001001&page=22&scale=80
2026-07-18 15:52:59,596 [INFO] src.corpus_acquisition.crawler: Downloading -> data/raw/images/trome/2024/01/01/trome_2024-01-01_22.jpg
2026-07-18 15:53:01,694 [INFO] src.corpus_acquisition.downloader: Downloading page 23 from https://t.prcdn.co/img?file=eag82024010100000000001001&page=23&scale=80
2026-07-18 15:53:01,694 [INFO] src.corpus_acquisition.crawler: Downloading -> data/raw/images/trome/2024/01/01/trome_2024-01-01_23.jpg
2026-07-18 15:53:04,595 [INFO] src.corpus_acquisition.downloader: Downloading page 24 from https://t.prcdn.co/img?file=eag82024010100000000001001&page=24&scale=80
2026-07-18 15:53:04,595 [INFO] src.corpus_acquisition.crawler: Downloading -> data/raw/images/trome/2024/01/01/trome_2024-01-01_24.jpg
2026-07-18 15:53:07,595 [INFO] src.corpus_acquisition.downloader: Downloading page 25 from https://t.prcdn.co/img?file=eag82024010100000000001001&page=25&scale=80
2026-07-18 15:53:07,596 [INFO] src.corpus_acquisition.crawler: Downloading -> data/raw/images/trome/2024/01/01/trome_2024-01-01_25.jpg
2026-07-18 15:53:07,810 [WARNING] src.corpus_acquisition.downloader: Page 25 not found (1/3).
2026-07-18 15:53:07,811 [INFO] src.corpus_acquisition.downloader: Downloading page 26 from https://t.prcdn.co/img?file=eag82024010100000000001001&page=26&scale=80
2026-07-18 15:53:07,811 [INFO] src.corpus_acquisition.crawler: Downloading -> data/raw/images/trome/2024/01/01/trome_2024-01-01_26.jpg
2026-07-18 15:53:08,062 [WARNING] src.corpus_acquisition.downloader: Page 26 not found (2/3).
2026-07-18 15:53:08,062 [INFO] src.corpus_acquisition.downloader: Downloading page 27 from https://t.prcdn.co/img?file=eag82024010100000000001001&page=27&scale=80
2026-07-18 15:53:08,063 [INFO] src.corpus_acquisition.crawler: Downloading -> data/raw/images/trome/2024/01/01/trome_2024-01-01_27.jpg
2026-07-18 15:53:08,263 [WARNING] src.corpus_acquisition.downloader: Page 27 not found (3/3).
2026-07-18 15:53:08,264 [WARNING] src.corpus_acquisition.downloader: No new pages found after 3 attempts; stopping with 24 page(s).
2026-07-18 15:53:08,307 [INFO] src.corpus_acquisition.metadata_extractor: Saved metadata for 24 page(s) -> data/raw/metadata/trome_metadata.parquet (total rows: 36726)
2026-07-18 15:53:08,310 [INFO] src.corpus_acquisition.metadata_extractor: Saved crawl log -> data/raw/crawl_logs/trome_2024-01-01.json (status=success)
2026-07-18 15:53:08,930 [INFO] src.corpus_acquisition.downloader: Downloading page 1 from https://t.prcdn.co/img?file=eag82024010200000000001001&page=1&scale=80
2026-07-18 15:53:08,930 [INFO] src.corpus_acquisition.crawler: Downloading -> data/raw/images/trome/2024/01/02/trome_2024-01-02_1.jpg
2026-07-18 15:53:12,624 [INFO] src.corpus_acquisition.downloader: Downloading page 2 from https://t.prcdn.co/img?file=eag82024010200000000001001&page=2&scale=80
2026-07-18 15:53:12,625 [INFO] src.corpus_acquisition.crawler: Downloading -> data/raw/images/trome/2024/01/02/trome_2024-01-02_2.jpg
2026-07-18 15:53:15,403 [INFO] src.corpus_acquisition.downloader: Downloading page 3 from https://t.prcdn.co/img?file=eag82024010200000000001001&page=3&scale=80
2026-07-18 15:53:15,403 [INFO] src.corpus_acquisition.crawler: Downloading -> data/raw/images/trome/2024/01/02/trome_2024-01-02_3.jpg
2026-07-18 15:53:18,256 [INFO] src.corpus_acquisition.downloader: Downloading page 4 from https://t.prcdn.co/img?file=eag82024010200000000001001&page=4&scale=80
2026-07-18 15:53:18,256 [INFO] src.corpus_acquisition.crawler: Downloading -> data/raw/images/trome/2024/01/02/trome_2024-01-02_4.jpg
2026-07-18 15:53:20,802 [INFO] src.corpus_acquisition.downloader: Downloading page 5 from https://t.prcdn.co/img?file=eag82024010200000000001001&page=5&scale=80
2026-07-18 15:53:20,803 [INFO] src.corpus_acquisition.crawler: Downloading -> data/raw/images/trome/2024/01/02/trome_2024-01-02_5.jpg
2026-07-18 15:53:23,386 [INFO] src.corpus_acquisition.downloader: Downloading page 6 from https://t.prcdn.co/img?file=eag82024010200000000001001&page=6&scale=80
2026-07-18 15:53:23,386 [INFO] src.corpus_acquisition.crawler: Downloading -> data/raw/images/trome/2024/01/02/trome_2024-01-02_6.jpg
2026-07-18 15:53:26,250 [INFO] src.corpus_acquisition.downloader: Downloading page 7 from https://t.prcdn.co/img?file=eag82024010200000000001001&page=7&scale=80
2026-07-18 15:53:26,251 [INFO] src.corpus_acquisition.crawler: Downloading -> data/raw/images/trome/2024/01/02/trome_2024-01-02_7.jpg
2026-07-18 15:53:28,931 [INFO] src.corpus_acquisition.downloader: Downloading page 8 from https://t.prcdn.co/img?file=eag82024010200000000001001&page=8&scale=80
2026-07-18 15:53:28,931 [INFO] src.corpus_acquisition.crawler: Downloading -> data/raw/images/trome/2024/01/02/trome_2024-01-02_8.jpg
2026-07-18 15:53:31,350 [INFO] src.corpus_acquisition.downloader: Downloading page 9 from https://t.prcdn.co/img?file=eag82024010200000000001001&page=9&scale=80
2026-07-18 15:53:31,350 [INFO] src.corpus_acquisition.crawler: Downloading -> data/raw/images/trome/2024/01/02/trome_2024-01-02_9.jpg
2026-07-18 15:53:34,452 [INFO] src.corpus_acquisition.downloader: Downloading page 10 from https://t.prcdn.co/img?file=eag82024010200000000001001&page=10&scale=80
2026-07-18 15:53:34,452 [INFO] src.corpus_acquisition.crawler: Downloading -> data/raw/images/trome/2024/01/02/trome_2024-01-02_10.jpg
2026-07-18 15:53:36,583 [INFO] src.corpus_acquisition.downloader: Downloading page 11 from https://t.prcdn.co/img?file=eag82024010200000000001001&page=11&scale=80
2026-07-18 15:53:36,584 [INFO] src.corpus_acquisition.crawler: Downloading -> data/raw/images/trome/2024/01/02/trome_2024-01-02_11.jpg
2026-07-18 15:53:40,227 [INFO] src.corpus_acquisition.downloader: Downloading page 12 from https://t.prcdn.co/img?file=eag82024010200000000001001&page=12&scale=80
2026-07-18 15:53:40,228 [INFO] src.corpus_acquisition.crawler: Downloading -> data/raw/images/trome/2024/01/02/trome_2024-01-02_12.jpg
2026-07-18 15:53:43,080 [INFO] src.corpus_acquisition.downloader: Downloading page 13 from https://t.prcdn.co/img?file=eag82024010200000000001001&page=13&scale=80
2026-07-18 15:53:43,080 [INFO] src.corpus_acquisition.crawler: Downloading -> data/raw/images/trome/2024/01/02/trome_2024-01-02_13.jpg
2026-07-18 15:53:45,461 [INFO] src.corpus_acquisition.downloader: Downloading page 14 from https://t.prcdn.co/img?file=eag82024010200000000001001&page=14&scale=80
2026-07-18 15:53:45,461 [INFO] src.corpus_acquisition.crawler: Downloading -> data/raw/images/trome/2024/01/02/trome_2024-01-02_14.jpg
2026-07-18 15:53:48,469 [INFO] src.corpus_acquisition.downloader: Downloading page 15 from https://t.prcdn.co/img?file=eag82024010200000000001001&page=15&scale=80
2026-07-18 15:53:48,469 [INFO] src.corpus_acquisition.crawler: Downloading -> data/raw/images/trome/2024/01/02/trome_2024-01-02_15.jpg
2026-07-18 15:53:50,955 [INFO] src.corpus_acquisition.downloader: Downloading page 16 from https://t.prcdn.co/img?file=eag82024010200000000001001&page=16&scale=80
2026-07-18 15:53:50,955 [INFO] src.corpus_acquisition.crawler: Downloading -> data/raw/images/trome/2024/01/02/trome_2024-01-02_16.jpg
2026-07-18 15:53:53,604 [INFO] src.corpus_acquisition.downloader: Downloading page 17 from https://t.prcdn.co/img?file=eag82024010200000000001001&page=17&scale=80
2026-07-18 15:53:53,605 [INFO] src.corpus_acquisition.crawler: Downloading -> data/raw/images/trome/2024/01/02/trome_2024-01-02_17.jpg
2026-07-18 15:53:56,938 [INFO] src.corpus_acquisition.downloader: Downloading page 18 from https://t.prcdn.co/img?file=eag82024010200000000001001&page=18&scale=80
2026-07-18 15:53:56,938 [INFO] src.corpus_acquisition.crawler: Downloading -> data/raw/images/trome/2024/01/02/trome_2024-01-02_18.jpg
2026-07-18 15:53:59,373 [INFO] src.corpus_acquisition.downloader: Downloading page 19 from https://t.prcdn.co/img?file=eag82024010200000000001001&page=19&scale=80
2026-07-18 15:53:59,373 [INFO] src.corpus_acquisition.crawler: Downloading -> data/raw/images/trome/2024/01/02/trome_2024-01-02_19.jpg
2026-07-18 15:54:02,513 [INFO] src.corpus_acquisition.downloader: Downloading page 20 from https://t.prcdn.co/img?file=eag82024010200000000001001&page=20&scale=80
2026-07-18 15:54:02,513 [INFO] src.corpus_acquisition.crawler: Downloading -> data/raw/images/trome/2024/01/02/trome_2024-01-02_20.jpg
2026-07-18 15:54:05,103 [INFO] src.corpus_acquisition.downloader: Downloading page 21 from https://t.prcdn.co/img?file=eag82024010200000000001001&page=21&scale=80
2026-07-18 15:54:05,103 [INFO] src.corpus_acquisition.crawler: Downloading -> data/raw/images/trome/2024/01/02/trome_2024-01-02_21.jpg
2026-07-18 15:54:07,972 [INFO] src.corpus_acquisition.downloader: Downloading page 22 from https://t.prcdn.co/img?file=eag82024010200000000001001&page=22&scale=80
2026-07-18 15:54:07,973 [INFO] src.corpus_acquisition.crawler: Downloading -> data/raw/images/trome/2024/01/02/trome_2024-01-02_22.jpg
2026-07-18 15:54:10,393 [INFO] src.corpus_acquisition.downloader: Downloading page 23 from https://t.prcdn.co/img?file=eag82024010200000000001001&page=23&scale=80
2026-07-18 15:54:10,394 [INFO] src.corpus_acquisition.crawler: Downloading -> data/raw/images/trome/2024/01/02/trome_2024-01-02_23.jpg
2026-07-18 15:54:13,561 [INFO] src.corpus_acquisition.downloader: Downloading page 24 from https://t.prcdn.co/img?file=eag82024010200000000001001&page=24&scale=80
2026-07-18 15:54:13,561 [INFO] src.corpus_acquisition.crawler: Downloading -> data/raw/images/trome/2024/01/02/trome_2024-01-02_24.jpg
2026-07-18 15:54:17,067 [INFO] src.corpus_acquisition.downloader: Downloading page 25 from https://t.prcdn.co/img?file=eag82024010200000000001001&page=25&scale=80
2026-07-18 15:54:17,068 [INFO] src.corpus_acquisition.crawler: Downloading -> data/raw/images/trome/2024/01/02/trome_2024-01-02_25.jpg
2026-07-18 15:54:17,319 [WARNING] src.corpus_acquisition.downloader: Page 25 not found (1/3).
2026-07-18 15:54:17,320 [INFO] src.corpus_acquisition.downloader: Downloading page 26 from https://t.prcdn.co/img?file=eag82024010200000000001001&page=26&scale=80
2026-07-18 15:54:17,320 [INFO] src.corpus_acquisition.crawler: Downloading -> data/raw/images/trome/2024/01/02/trome_2024-01-02_26.jpg
2026-07-18 15:54:17,606 [WARNING] src.corpus_acquisition.downloader: Page 26 not found (2/3).
2026-07-18 15:54:17,607 [INFO] src.corpus_acquisition.downloader: Downloading page 27 from https://t.prcdn.co/img?file=eag82024010200000000001001&page=27&scale=80
2026-07-18 15:54:17,607 [INFO] src.corpus_acquisition.crawler: Downloading -> data/raw/images/trome/2024/01/02/trome_2024-01-02_27.jpg
2026-07-18 15:54:17,843 [WARNING] src.corpus_acquisition.downloader: Page 27 not found (3/3).
2026-07-18 15:54:17,844 [WARNING] src.corpus_acquisition.downloader: No new pages found after 3 attempts; stopping with 24 page(s).
2026-07-18 15:54:17,909 [INFO] src.corpus_acquisition.metadata_extractor: Saved metadata for 24 page(s) -> data/raw/metadata/trome_metadata.parquet (total rows: 36750)
2026-07-18 15:54:17,911 [INFO] src.corpus_acquisition.metadata_extractor: Saved crawl log -> data/raw/crawl_logs/trome_2024-01-02.json (status=success)
2026-07-18 15:54:18,818 [INFO] src.corpus_acquisition.downloader: Downloading page 1 from https://t.prcdn.co/img?file=eag82024010300000000001001&page=1&scale=80
2026-07-18 15:54:18,819 [INFO] src.corpus_acquisition.crawler: Downloading -> data/raw/images/trome/2024/01/03/trome_2024-01-03_1.jpg
2026-07-18 15:54:20,720 [INFO] src.corpus_acquisition.downloader: Downloading page 2 from https://t.prcdn.co/img?file=eag82024010300000000001001&page=2&scale=80
2026-07-18 15:54:20,721 [INFO] src.corpus_acquisition.crawler: Downloading -> data/raw/images/trome/2024/01/03/trome_2024-01-03_2.jpg
2026-07-18 15:54:24,731 [INFO] src.corpus_acquisition.downloader: Downloading page 3 from https://t.prcdn.co/img?file=eag82024010300000000001001&page=3&scale=80
2026-07-18 15:54:24,731 [INFO] src.corpus_acquisition.crawler: Downloading -> data/raw/images/trome/2024/01/03/trome_2024-01-03_3.jpg
2026-07-18 15:54:27,182 [INFO] src.corpus_acquisition.downloader: Downloading page 4 from https://t.prcdn.co/img?file=eag82024010300000000001001&page=4&scale=80
2026-07-18 15:54:27,183 [INFO] src.corpus_acquisition.crawler: Downloading -> data/raw/images/trome/2024/01/03/trome_2024-01-03_4.jpg
2026-07-18 15:54:29,828 [INFO] src.corpus_acquisition.downloader: Downloading page 5 from https://t.prcdn.co/img?file=eag82024010300000000001001&page=5&scale=80
2026-07-18 15:54:29,828 [INFO] src.corpus_acquisition.crawler: Downloading -> data/raw/images/trome/2024/01/03/trome_2024-01-03_5.jpg
2026-07-18 15:54:33,054 [INFO] src.corpus_acquisition.downloader: Downloading page 6 from https://t.prcdn.co/img?file=eag82024010300000000001001&page=6&scale=80
2026-07-18 15:54:33,054 [INFO] src.corpus_acquisition.crawler: Downloading -> data/raw/images/trome/2024/01/03/trome_2024-01-03_6.jpg
2026-07-18 15:54:36,178 [INFO] src.corpus_acquisition.downloader: Downloading page 7 from https://t.prcdn.co/img?file=eag82024010300000000001001&page=7&scale=80
2026-07-18 15:54:36,178 [INFO] src.corpus_acquisition.crawler: Downloading -> data/raw/images/trome/2024/01/03/trome_2024-01-03_7.jpg
2026-07-18 15:54:39,916 [INFO] src.corpus_acquisition.downloader: Downloading page 8 from https://t.prcdn.co/img?file=eag82024010300000000001001&page=8&scale=80
2026-07-18 15:54:39,917 [INFO] src.corpus_acquisition.crawler: Downloading -> data/raw/images/trome/2024/01/03/trome_2024-01-03_8.jpg
2026-07-18 15:54:42,350 [INFO] src.corpus_acquisition.downloader: Downloading page 9 from https://t.prcdn.co/img?file=eag82024010300000000001001&page=9&scale=80
2026-07-18 15:54:42,350 [INFO] src.corpus_acquisition.crawler: Downloading -> data/raw/images/trome/2024/01/03/trome_2024-01-03_9.jpg
2026-07-18 15:54:45,165 [INFO] src.corpus_acquisition.downloader: Downloading page 10 from https://t.prcdn.co/img?file=eag82024010300000000001001&page=10&scale=80
2026-07-18 15:54:45,166 [INFO] src.corpus_acquisition.crawler: Downloading -> data/raw/images/trome/2024/01/03/trome_2024-01-03_10.jpg
2026-07-18 15:54:48,613 [INFO] src.corpus_acquisition.downloader: Downloading page 11 from https://t.prcdn.co/img?file=eag82024010300000000001001&page=11&scale=80
2026-07-18 15:54:48,613 [INFO] src.corpus_acquisition.crawler: Downloading -> data/raw/images/trome/2024/01/03/trome_2024-01-03_11.jpg
2026-07-18 15:54:50,793 [INFO] src.corpus_acquisition.downloader: Downloading page 12 from https://t.prcdn.co/img?file=eag82024010300000000001001&page=12&scale=80
2026-07-18 15:54:50,794 [INFO] src.corpus_acquisition.crawler: Downloading -> data/raw/images/trome/2024/01/03/trome_2024-01-03_12.jpg
2026-07-18 15:54:53,922 [INFO] src.corpus_acquisition.downloader: Downloading page 13 from https://t.prcdn.co/img?file=eag82024010300000000001001&page=13&scale=80
2026-07-18 15:54:53,923 [INFO] src.corpus_acquisition.crawler: Downloading -> data/raw/images/trome/2024/01/03/trome_2024-01-03_13.jpg
2026-07-18 15:54:56,945 [INFO] src.corpus_acquisition.downloader: Downloading page 14 from https://t.prcdn.co/img?file=eag82024010300000000001001&page=14&scale=80
2026-07-18 15:54:56,945 [INFO] src.corpus_acquisition.crawler: Downloading -> data/raw/images/trome/2024/01/03/trome_2024-01-03_14.jpg
2026-07-18 15:55:00,920 [INFO] src.corpus_acquisition.downloader: Downloading page 15 from https://t.prcdn.co/img?file=eag82024010300000000001001&page=15&scale=80
2026-07-18 15:55:00,920 [INFO] src.corpus_acquisition.crawler: Downloading -> data/raw/images/trome/2024/01/03/trome_2024-01-03_15.jpg
2026-07-18 15:55:03,550 [INFO] src.corpus_acquisition.downloader: Downloading page 16 from https://t.prcdn.co/img?file=eag82024010300000000001001&page=16&scale=80
2026-07-18 15:55:03,550 [INFO] src.corpus_acquisition.crawler: Downloading -> data/raw/images/trome/2024/01/03/trome_2024-01-03_16.jpg
2026-07-18 15:55:06,157 [INFO] src.corpus_acquisition.downloader: Downloading page 17 from https://t.prcdn.co/img?file=eag82024010300000000001001&page=17&scale=80
2026-07-18 15:55:06,158 [INFO] src.corpus_acquisition.crawler: Downloading -> data/raw/images/trome/2024/01/03/trome_2024-01-03_17.jpg
2026-07-18 15:55:09,274 [INFO] src.corpus_acquisition.downloader: Downloading page 18 from https://t.prcdn.co/img?file=eag82024010300000000001001&page=18&scale=80
2026-07-18 15:55:09,275 [INFO] src.corpus_acquisition.crawler: Downloading -> data/raw/images/trome/2024/01/03/trome_2024-01-03_18.jpg
2026-07-18 15:55:11,853 [INFO] src.corpus_acquisition.downloader: Downloading page 19 from https://t.prcdn.co/img?file=eag82024010300000000001001&page=19&scale=80
2026-07-18 15:55:11,853 [INFO] src.corpus_acquisition.crawler: Downloading -> data/raw/images/trome/2024/01/03/trome_2024-01-03_19.jpg
2026-07-18 15:55:14,447 [INFO] src.corpus_acquisition.downloader: Downloading page 20 from https://t.prcdn.co/img?file=eag82024010300000000001001&page=20&scale=80
2026-07-18 15:55:14,448 [INFO] src.corpus_acquisition.crawler: Downloading -> data/raw/images/trome/2024/01/03/trome_2024-01-03_20.jpg
2026-07-18 15:55:16,623 [INFO] src.corpus_acquisition.downloader: Downloading page 21 from https://t.prcdn.co/img?file=eag82024010300000000001001&page=21&scale=80
2026-07-18 15:55:16,624 [INFO] src.corpus_acquisition.crawler: Downloading -> data/raw/images/trome/2024/01/03/trome_2024-01-03_21.jpg
2026-07-18 15:55:19,503 [INFO] src.corpus_acquisition.downloader: Downloading page 22 from https://t.prcdn.co/img?file=eag82024010300000000001001&page=22&scale=80
2026-07-18 15:55:19,504 [INFO] src.corpus_acquisition.crawler: Downloading -> data/raw/images/trome/2024/01/03/trome_2024-01-03_22.jpg
2026-07-18 15:55:22,285 [INFO] src.corpus_acquisition.downloader: Downloading page 23 from https://t.prcdn.co/img?file=eag82024010300000000001001&page=23&scale=80
2026-07-18 15:55:22,286 [INFO] src.corpus_acquisition.crawler: Downloading -> data/raw/images/trome/2024/01/03/trome_2024-01-03_23.jpg
2026-07-18 15:55:25,075 [INFO] src.corpus_acquisition.downloader: Downloading page 24 from https://t.prcdn.co/img?file=eag82024010300000000001001&page=24&scale=80
2026-07-18 15:55:25,075 [INFO] src.corpus_acquisition.crawler: Downloading -> data/raw/images/trome/2024/01/03/trome_2024-01-03_24.jpg
2026-07-18 15:55:28,982 [INFO] src.corpus_acquisition.downloader: Downloading page 25 from https://t.prcdn.co/img?file=eag82024010300000000001001&page=25&scale=80
2026-07-18 15:55:28,983 [INFO] src.corpus_acquisition.crawler: Downloading -> data/raw/images/trome/2024/01/03/trome_2024-01-03_25.jpg
2026-07-18 15:55:29,193 [WARNING] src.corpus_acquisition.downloader: Page 25 not found (1/3).
2026-07-18 15:55:29,193 [INFO] src.corpus_acquisition.downloader: Downloading page 26 from https://t.prcdn.co/img?file=eag82024010300000000001001&page=26&scale=80
2026-07-18 15:55:29,194 [INFO] src.corpus_acquisition.crawler: Downloading -> data/raw/images/trome/2024/01/03/trome_2024-01-03_26.jpg
2026-07-18 15:55:29,407 [WARNING] src.corpus_acquisition.downloader: Page 26 not found (2/3).
2026-07-18 15:55:29,408 [INFO] src.corpus_acquisition.downloader: Downloading page 27 from https://t.prcdn.co/img?file=eag82024010300000000001001&page=27&scale=80
2026-07-18 15:55:29,408 [INFO] src.corpus_acquisition.crawler: Downloading -> data/raw/images/trome/2024/01/03/trome_2024-01-03_27.jpg
2026-07-18 15:55:29,610 [WARNING] src.corpus_acquisition.downloader: Page 27 not found (3/3).
2026-07-18 15:55:29,610 [WARNING] src.corpus_acquisition.downloader: No new pages found after 3 attempts; stopping with 24 page(s).
2026-07-18 15:55:29,653 [INFO] src.corpus_acquisition.metadata_extractor: Saved metadata for 24 page(s) -> data/raw/metadata/trome_metadata.parquet (total rows: 36774)
2026-07-18 15:55:29,655 [INFO] src.corpus_acquisition.metadata_extractor: Saved crawl log -> data/raw/crawl_logs/trome_2024-01-03.json (status=success)
2026-07-18 15:55:31,015 [INFO] src.corpus_acquisition.downloader: Downloading page 1 from https://t.prcdn.co/img?file=eag82024010400000000001001&page=1&scale=80
2026-07-18 15:55:31,016 [INFO] src.corpus_acquisition.crawler: Downloading -> data/raw/images/trome/2024/01/04/trome_2024-01-04_1.jpg
2026-07-18 15:55:33,162 [INFO] src.corpus_acquisition.downloader: Downloading page 2 from https://t.prcdn.co/img?file=eag82024010400000000001001&page=2&scale=80
2026-07-18 15:55:33,162 [INFO] src.corpus_acquisition.crawler: Downloading -> data/raw/images/trome/2024/01/04/trome_2024-01-04_2.jpg
2026-07-18 15:55:36,357 [INFO] src.corpus_acquisition.downloader: Downloading page 3 from https://t.prcdn.co/img?file=eag82024010400000000001001&page=3&scale=80
2026-07-18 15:55:36,357 [INFO] src.corpus_acquisition.crawler: Downloading -> data/raw/images/trome/2024/01/04/trome_2024-01-04_3.jpg
2026-07-18 15:55:39,036 [INFO] src.corpus_acquisition.downloader: Downloading page 4 from https://t.prcdn.co/img?file=eag82024010400000000001001&page=4&scale=80
2026-07-18 15:55:39,037 [INFO] src.corpus_acquisition.crawler: Downloading -> data/raw/images/trome/2024/01/04/trome_2024-01-04_4.jpg
2026-07-18 15:55:42,461 [INFO] src.corpus_acquisition.downloader: Downloading page 5 from https://t.prcdn.co/img?file=eag82024010400000000001001&page=5&scale=80
2026-07-18 15:55:42,461 [INFO] src.corpus_acquisition.crawler: Downloading -> data/raw/images/trome/2024/01/04/trome_2024-01-04_5.jpg
2026-07-18 15:55:46,124 [INFO] src.corpus_acquisition.downloader: Downloading page 6 from https://t.prcdn.co/img?file=eag82024010400000000001001&page=6&scale=80
2026-07-18 15:55:46,124 [INFO] src.corpus_acquisition.crawler: Downloading -> data/raw/images/trome/2024/01/04/trome_2024-01-04_6.jpg
2026-07-18 15:55:48,781 [INFO] src.corpus_acquisition.downloader: Downloading page 7 from https://t.prcdn.co/img?file=eag82024010400000000001001&page=7&scale=80
2026-07-18 15:55:48,782 [INFO] src.corpus_acquisition.crawler: Downloading -> data/raw/images/trome/2024/01/04/trome_2024-01-04_7.jpg
2026-07-18 15:55:51,642 [INFO] src.corpus_acquisition.downloader: Downloading page 8 from https://t.prcdn.co/img?file=eag82024010400000000001001&page=8&scale=80
2026-07-18 15:55:51,642 [INFO] src.corpus_acquisition.crawler: Downloading -> data/raw/images/trome/2024/01/04/trome_2024-01-04_8.jpg
2026-07-18 15:55:54,513 [INFO] src.corpus_acquisition.downloader: Downloading page 9 from https://t.prcdn.co/img?file=eag82024010400000000001001&page=9&scale=80
2026-07-18 15:55:54,513 [INFO] src.corpus_acquisition.crawler: Downloading -> data/raw/images/trome/2024/01/04/trome_2024-01-04_9.jpg
2026-07-18 15:55:57,675 [INFO] src.corpus_acquisition.downloader: Downloading page 10 from https://t.prcdn.co/img?file=eag82024010400000000001001&page=10&scale=80
2026-07-18 15:55:57,675 [INFO] src.corpus_acquisition.crawler: Downloading -> data/raw/images/trome/2024/01/04/trome_2024-01-04_10.jpg
2026-07-18 15:56:01,188 [INFO] src.corpus_acquisition.downloader: Downloading page 11 from https://t.prcdn.co/img?file=eag82024010400000000001001&page=11&scale=80
2026-07-18 15:56:01,188 [INFO] src.corpus_acquisition.crawler: Downloading -> data/raw/images/trome/2024/01/04/trome_2024-01-04_11.jpg
2026-07-18 15:56:03,521 [INFO] src.corpus_acquisition.downloader: Downloading page 12 from https://t.prcdn.co/img?file=eag82024010400000000001001&page=12&scale=80
2026-07-18 15:56:03,521 [INFO] src.corpus_acquisition.crawler: Downloading -> data/raw/images/trome/2024/01/04/trome_2024-01-04_12.jpg
2026-07-18 15:56:05,711 [INFO] src.corpus_acquisition.downloader: Downloading page 13 from https://t.prcdn.co/img?file=eag82024010400000000001001&page=13&scale=80
2026-07-18 15:56:05,711 [INFO] src.corpus_acquisition.crawler: Downloading -> data/raw/images/trome/2024/01/04/trome_2024-01-04_13.jpg
2026-07-18 15:56:08,465 [INFO] src.corpus_acquisition.downloader: Downloading page 14 from https://t.prcdn.co/img?file=eag82024010400000000001001&page=14&scale=80
2026-07-18 15:56:08,466 [INFO] src.corpus_acquisition.crawler: Downloading -> data/raw/images/trome/2024/01/04/trome_2024-01-04_14.jpg
2026-07-18 15:56:11,731 [INFO] src.corpus_acquisition.downloader: Downloading page 15 from https://t.prcdn.co/img?file=eag82024010400000000001001&page=15&scale=80
2026-07-18 15:56:11,731 [INFO] src.corpus_acquisition.crawler: Downloading -> data/raw/images/trome/2024/01/04/trome_2024-01-04_15.jpg
2026-07-18 15:56:14,699 [INFO] src.corpus_acquisition.downloader: Downloading page 16 from https://t.prcdn.co/img?file=eag82024010400000000001001&page=16&scale=80
2026-07-18 15:56:14,700 [INFO] src.corpus_acquisition.crawler: Downloading -> data/raw/images/trome/2024/01/04/trome_2024-01-04_16.jpg
2026-07-18 15:56:17,177 [INFO] src.corpus_acquisition.downloader: Downloading page 17 from https://t.prcdn.co/img?file=eag82024010400000000001001&page=17&scale=80
2026-07-18 15:56:17,177 [INFO] src.corpus_acquisition.crawler: Downloading -> data/raw/images/trome/2024/01/04/trome_2024-01-04_17.jpg
2026-07-18 15:56:19,697 [INFO] src.corpus_acquisition.downloader: Downloading page 18 from https://t.prcdn.co/img?file=eag82024010400000000001001&page=18&scale=80
2026-07-18 15:56:19,698 [INFO] src.corpus_acquisition.crawler: Downloading -> data/raw/images/trome/2024/01/04/trome_2024-01-04_18.jpg
2026-07-18 15:56:22,113 [INFO] src.corpus_acquisition.downloader: Downloading page 19 from https://t.prcdn.co/img?file=eag82024010400000000001001&page=19&scale=80
2026-07-18 15:56:22,113 [INFO] src.corpus_acquisition.crawler: Downloading -> data/raw/images/trome/2024/01/04/trome_2024-01-04_19.jpg
2026-07-18 15:56:25,253 [INFO] src.corpus_acquisition.downloader: Downloading page 20 from https://t.prcdn.co/img?file=eag82024010400000000001001&page=20&scale=80
2026-07-18 15:56:25,253 [INFO] src.corpus_acquisition.crawler: Downloading -> data/raw/images/trome/2024/01/04/trome_2024-01-04_20.jpg
2026-07-18 15:56:27,487 [INFO] src.corpus_acquisition.downloader: Downloading page 21 from https://t.prcdn.co/img?file=eag82024010400000000001001&page=21&scale=80
2026-07-18 15:56:27,488 [INFO] src.corpus_acquisition.crawler: Downloading -> data/raw/images/trome/2024/01/04/trome_2024-01-04_21.jpg
2026-07-18 15:56:30,268 [INFO] src.corpus_acquisition.downloader: Downloading page 22 from https://t.prcdn.co/img?file=eag82024010400000000001001&page=22&scale=80
2026-07-18 15:56:30,269 [INFO] src.corpus_acquisition.crawler: Downloading -> data/raw/images/trome/2024/01/04/trome_2024-01-04_22.jpg
2026-07-18 15:56:32,639 [INFO] src.corpus_acquisition.downloader: Downloading page 23 from https://t.prcdn.co/img?file=eag82024010400000000001001&page=23&scale=80
2026-07-18 15:56:32,639 [INFO] src.corpus_acquisition.crawler: Downloading -> data/raw/images/trome/2024/01/04/trome_2024-01-04_23.jpg
2026-07-18 15:56:36,515 [INFO] src.corpus_acquisition.downloader: Downloading page 24 from https://t.prcdn.co/img?file=eag82024010400000000001001&page=24&scale=80
2026-07-18 15:56:36,516 [INFO] src.corpus_acquisition.crawler: Downloading -> data/raw/images/trome/2024/01/04/trome_2024-01-04_24.jpg
2026-07-18 15:56:39,438 [INFO] src.corpus_acquisition.downloader: Downloading page 25 from https://t.prcdn.co/img?file=eag82024010400000000001001&page=25&scale=80
2026-07-18 15:56:39,439 [INFO] src.corpus_acquisition.crawler: Downloading -> data/raw/images/trome/2024/01/04/trome_2024-01-04_25.jpg
2026-07-18 15:56:39,806 [WARNING] src.corpus_acquisition.downloader: Page 25 not found (1/3).
2026-07-18 15:56:39,807 [INFO] src.corpus_acquisition.downloader: Downloading page 26 from https://t.prcdn.co/img?file=eag82024010400000000001001&page=26&scale=80
2026-07-18 15:56:39,807 [INFO] src.corpus_acquisition.crawler: Downloading -> data/raw/images/trome/2024/01/04/trome_2024-01-04_26.jpg
2026-07-18 15:56:40,056 [WARNING] src.corpus_acquisition.downloader: Page 26 not found (2/3).
2026-07-18 15:56:40,056 [INFO] src.corpus_acquisition.downloader: Downloading page 27 from https://t.prcdn.co/img?file=eag82024010400000000001001&page=27&scale=80
2026-07-18 15:56:40,056 [INFO] src.corpus_acquisition.crawler: Downloading -> data/raw/images/trome/2024/01/04/trome_2024-01-04_27.jpg
2026-07-18 15:56:40,298 [WARNING] src.corpus_acquisition.downloader: Page 27 not found (3/3).
2026-07-18 15:56:40,298 [WARNING] src.corpus_acquisition.downloader: No new pages found after 3 attempts; stopping with 24 page(s).
2026-07-18 15:56:40,339 [INFO] src.corpus_acquisition.metadata_extractor: Saved metadata for 24 page(s) -> data/raw/metadata/trome_metadata.parquet (total rows: 36798)
2026-07-18 15:56:40,342 [INFO] src.corpus_acquisition.metadata_extractor: Saved crawl log -> data/raw/crawl_logs/trome_2024-01-04.json (status=success)
2026-07-18 15:56:42,001 [INFO] src.corpus_acquisition.downloader: Downloading page 1 from https://t.prcdn.co/img?file=eag82024010500000000001001&page=1&scale=80
2026-07-18 15:56:42,016 [INFO] src.corpus_acquisition.crawler: Downloading -> data/raw/images/trome/2024/01/05/trome_2024-01-05_1.jpg
2026-07-18 15:56:43,933 [INFO] src.corpus_acquisition.downloader: Downloading page 2 from https://t.prcdn.co/img?file=eag82024010500000000001001&page=2&scale=80
2026-07-18 15:56:43,934 [INFO] src.corpus_acquisition.crawler: Downloading -> data/raw/images/trome/2024/01/05/trome_2024-01-05_2.jpg
2026-07-18 15:56:46,792 [INFO] src.corpus_acquisition.downloader: Downloading page 3 from https://t.prcdn.co/img?file=eag82024010500000000001001&page=3&scale=80
2026-07-18 15:56:46,793 [INFO] src.corpus_acquisition.crawler: Downloading -> data/raw/images/trome/2024/01/05/trome_2024-01-05_3.jpg
2026-07-18 15:56:49,350 [INFO] src.corpus_acquisition.downloader: Downloading page 4 from https://t.prcdn.co/img?file=eag82024010500000000001001&page=4&scale=80
2026-07-18 15:56:49,350 [INFO] src.corpus_acquisition.crawler: Downloading -> data/raw/images/trome/2024/01/05/trome_2024-01-05_4.jpg
2026-07-18 15:56:52,289 [INFO] src.corpus_acquisition.downloader: Downloading page 5 from https://t.prcdn.co/img?file=eag82024010500000000001001&page=5&scale=80
2026-07-18 15:56:52,289 [INFO] src.corpus_acquisition.crawler: Downloading -> data/raw/images/trome/2024/01/05/trome_2024-01-05_5.jpg
2026-07-18 15:56:54,854 [INFO] src.corpus_acquisition.downloader: Downloading page 6 from https://t.prcdn.co/img?file=eag82024010500000000001001&page=6&scale=80
2026-07-18 15:56:54,854 [INFO] src.corpus_acquisition.crawler: Downloading -> data/raw/images/trome/2024/01/05/trome_2024-01-05_6.jpg
2026-07-18 15:56:57,575 [INFO] src.corpus_acquisition.downloader: Downloading page 7 from https://t.prcdn.co/img?file=eag82024010500000000001001&page=7&scale=80
2026-07-18 15:56:57,575 [INFO] src.corpus_acquisition.crawler: Downloading -> data/raw/images/trome/2024/01/05/trome_2024-01-05_7.jpg
2026-07-18 15:57:00,070 [INFO] src.corpus_acquisition.downloader: Downloading page 8 from https://t.prcdn.co/img?file=eag82024010500000000001001&page=8&scale=80
2026-07-18 15:57:00,070 [INFO] src.corpus_acquisition.crawler: Downloading -> data/raw/images/trome/2024/01/05/trome_2024-01-05_8.jpg
2026-07-18 15:57:02,768 [INFO] src.corpus_acquisition.downloader: Downloading page 9 from https://t.prcdn.co/img?file=eag82024010500000000001001&page=9&scale=80
2026-07-18 15:57:02,769 [INFO] src.corpus_acquisition.crawler: Downloading -> data/raw/images/trome/2024/01/05/trome_2024-01-05_9.jpg
2026-07-18 15:57:05,337 [INFO] src.corpus_acquisition.downloader: Downloading page 10 from https://t.prcdn.co/img?file=eag82024010500000000001001&page=10&scale=80
2026-07-18 15:57:05,337 [INFO] src.corpus_acquisition.crawler: Downloading -> data/raw/images/trome/2024/01/05/trome_2024-01-05_10.jpg
2026-07-18 15:57:08,394 [INFO] src.corpus_acquisition.downloader: Downloading page 11 from https://t.prcdn.co/img?file=eag82024010500000000001001&page=11&scale=80
2026-07-18 15:57:08,395 [INFO] src.corpus_acquisition.crawler: Downloading -> data/raw/images/trome/2024/01/05/trome_2024-01-05_11.jpg
2026-07-18 15:57:11,234 [INFO] src.corpus_acquisition.downloader: Downloading page 12 from https://t.prcdn.co/img?file=eag82024010500000000001001&page=12&scale=80
2026-07-18 15:57:11,234 [INFO] src.corpus_acquisition.crawler: Downloading -> data/raw/images/trome/2024/01/05/trome_2024-01-05_12.jpg
2026-07-18 15:57:13,584 [INFO] src.corpus_acquisition.downloader: Downloading page 13 from https://t.prcdn.co/img?file=eag82024010500000000001001&page=13&scale=80
2026-07-18 15:57:13,584 [INFO] src.corpus_acquisition.crawler: Downloading -> data/raw/images/trome/2024/01/05/trome_2024-01-05_13.jpg
2026-07-18 15:57:16,097 [INFO] src.corpus_acquisition.downloader: Downloading page 14 from https://t.prcdn.co/img?file=eag82024010500000000001001&page=14&scale=80
2026-07-18 15:57:16,098 [INFO] src.corpus_acquisition.crawler: Downloading -> data/raw/images/trome/2024/01/05/trome_2024-01-05_14.jpg
2026-07-18 15:57:19,143 [INFO] src.corpus_acquisition.downloader: Downloading page 15 from https://t.prcdn.co/img?file=eag82024010500000000001001&page=15&scale=80
2026-07-18 15:57:19,143 [INFO] src.corpus_acquisition.crawler: Downloading -> data/raw/images/trome/2024/01/05/trome_2024-01-05_15.jpg
2026-07-18 15:57:22,366 [INFO] src.corpus_acquisition.downloader: Downloading page 16 from https://t.prcdn.co/img?file=eag82024010500000000001001&page=16&scale=80
2026-07-18 15:57:22,366 [INFO] src.corpus_acquisition.crawler: Downloading -> data/raw/images/trome/2024/01/05/trome_2024-01-05_16.jpg
2026-07-18 15:57:25,053 [INFO] src.corpus_acquisition.downloader: Downloading page 17 from https://t.prcdn.co/img?file=eag82024010500000000001001&page=17&scale=80
2026-07-18 15:57:25,053 [INFO] src.corpus_acquisition.crawler: Downloading -> data/raw/images/trome/2024/01/05/trome_2024-01-05_17.jpg
2026-07-18 15:57:28,159 [INFO] src.corpus_acquisition.downloader: Downloading page 18 from https://t.prcdn.co/img?file=eag82024010500000000001001&page=18&scale=80
2026-07-18 15:57:28,160 [INFO] src.corpus_acquisition.crawler: Downloading -> data/raw/images/trome/2024/01/05/trome_2024-01-05_18.jpg
2026-07-18 15:57:31,396 [INFO] src.corpus_acquisition.downloader: Downloading page 19 from https://t.prcdn.co/img?file=eag82024010500000000001001&page=19&scale=80
2026-07-18 15:57:31,397 [INFO] src.corpus_acquisition.crawler: Downloading -> data/raw/images/trome/2024/01/05/trome_2024-01-05_19.jpg
2026-07-18 15:57:33,645 [INFO] src.corpus_acquisition.downloader: Downloading page 20 from https://t.prcdn.co/img?file=eag82024010500000000001001&page=20&scale=80
2026-07-18 15:57:33,645 [INFO] src.corpus_acquisition.crawler: Downloading -> data/raw/images/trome/2024/01/05/trome_2024-01-05_20.jpg
2026-07-18 15:57:36,803 [INFO] src.corpus_acquisition.downloader: Downloading page 21 from https://t.prcdn.co/img?file=eag82024010500000000001001&page=21&scale=80
2026-07-18 15:57:36,803 [INFO] src.corpus_acquisition.crawler: Downloading -> data/raw/images/trome/2024/01/05/trome_2024-01-05_21.jpg
2026-07-18 15:57:40,820 [INFO] src.corpus_acquisition.downloader: Downloading page 22 from https://t.prcdn.co/img?file=eag82024010500000000001001&page=22&scale=80
2026-07-18 15:57:40,820 [INFO] src.corpus_acquisition.crawler: Downloading -> data/raw/images/trome/2024/01/05/trome_2024-01-05_22.jpg
2026-07-18 15:57:43,296 [INFO] src.corpus_acquisition.downloader: Downloading page 23 from https://t.prcdn.co/img?file=eag82024010500000000001001&page=23&scale=80
2026-07-18 15:57:43,297 [INFO] src.corpus_acquisition.crawler: Downloading -> data/raw/images/trome/2024/01/05/trome_2024-01-05_23.jpg
2026-07-18 15:57:46,207 [INFO] src.corpus_acquisition.downloader: Downloading page 24 from https://t.prcdn.co/img?file=eag82024010500000000001001&page=24&scale=80
2026-07-18 15:57:46,208 [INFO] src.corpus_acquisition.crawler: Downloading -> data/raw/images/trome/2024/01/05/trome_2024-01-05_24.jpg
2026-07-18 15:57:49,241 [INFO] src.corpus_acquisition.downloader: Downloading page 25 from https://t.prcdn.co/img?file=eag82024010500000000001001&page=25&scale=80
2026-07-18 15:57:49,241 [INFO] src.corpus_acquisition.crawler: Downloading -> data/raw/images/trome/2024/01/05/trome_2024-01-05_25.jpg
2026-07-18 15:57:49,562 [WARNING] src.corpus_acquisition.downloader: Page 25 not found (1/3).
2026-07-18 15:57:49,563 [INFO] src.corpus_acquisition.downloader: Downloading page 26 from https://t.prcdn.co/img?file=eag82024010500000000001001&page=26&scale=80
2026-07-18 15:57:49,563 [INFO] src.corpus_acquisition.crawler: Downloading -> data/raw/images/trome/2024/01/05/trome_2024-01-05_26.jpg
2026-07-18 15:57:49,854 [WARNING] src.corpus_acquisition.downloader: Page 26 not found (2/3).
2026-07-18 15:57:49,854 [INFO] src.corpus_acquisition.downloader: Downloading page 27 from https://t.prcdn.co/img?file=eag82024010500000000001001&page=27&scale=80
2026-07-18 15:57:49,855 [INFO] src.corpus_acquisition.crawler: Downloading -> data/raw/images/trome/2024/01/05/trome_2024-01-05_27.jpg
2026-07-18 15:57:50,064 [WARNING] src.corpus_acquisition.downloader: Page 27 not found (3/3).
2026-07-18 15:57:50,064 [WARNING] src.corpus_acquisition.downloader: No new pages found after 3 attempts; stopping with 24 page(s).
2026-07-18 15:57:50,106 [INFO] src.corpus_acquisition.metadata_extractor: Saved metadata for 24 page(s) -> data/raw/metadata/trome_metadata.parquet (total rows: 36822)
2026-07-18 15:57:50,110 [INFO] src.corpus_acquisition.metadata_extractor: Saved crawl log -> data/raw/crawl_logs/trome_2024-01-05.json (status=success)
2026-07-18 15:57:51,178 [INFO] src.corpus_acquisition.downloader: Downloading page 1 from https://t.prcdn.co/img?file=eag82024010600000000001001&page=1&scale=80
2026-07-18 15:57:51,179 [INFO] src.corpus_acquisition.crawler: Downloading -> data/raw/images/trome/2024/01/06/trome_2024-01-06_1.jpg
2026-07-18 15:57:54,245 [INFO] src.corpus_acquisition.downloader: Downloading page 2 from https://t.prcdn.co/img?file=eag82024010600000000001001&page=2&scale=80
2026-07-18 15:57:54,246 [INFO] src.corpus_acquisition.crawler: Downloading -> data/raw/images/trome/2024/01/06/trome_2024-01-06_2.jpg
2026-07-18 15:57:57,245 [INFO] src.corpus_acquisition.downloader: Downloading page 3 from https://t.prcdn.co/img?file=eag82024010600000000001001&page=3&scale=80
2026-07-18 15:57:57,246 [INFO] src.corpus_acquisition.crawler: Downloading -> data/raw/images/trome/2024/01/06/trome_2024-01-06_3.jpg
2026-07-18 15:58:00,029 [INFO] src.corpus_acquisition.downloader: Downloading page 4 from https://t.prcdn.co/img?file=eag82024010600000000001001&page=4&scale=80
2026-07-18 15:58:00,030 [INFO] src.corpus_acquisition.crawler: Downloading -> data/raw/images/trome/2024/01/06/trome_2024-01-06_4.jpg
2026-07-18 15:58:02,904 [INFO] src.corpus_acquisition.downloader: Downloading page 5 from https://t.prcdn.co/img?file=eag82024010600000000001001&page=5&scale=80
2026-07-18 15:58:02,905 [INFO] src.corpus_acquisition.crawler: Downloading -> data/raw/images/trome/2024/01/06/trome_2024-01-06_5.jpg
2026-07-18 15:58:05,619 [INFO] src.corpus_acquisition.downloader: Downloading page 6 from https://t.prcdn.co/img?file=eag82024010600000000001001&page=6&scale=80
2026-07-18 15:58:05,620 [INFO] src.corpus_acquisition.crawler: Downloading -> data/raw/images/trome/2024/01/06/trome_2024-01-06_6.jpg
2026-07-18 15:58:08,392 [INFO] src.corpus_acquisition.downloader: Downloading page 7 from https://t.prcdn.co/img?file=eag82024010600000000001001&page=7&scale=80
2026-07-18 15:58:08,393 [INFO] src.corpus_acquisition.crawler: Downloading -> data/raw/images/trome/2024/01/06/trome_2024-01-06_7.jpg
2026-07-18 15:58:10,799 [INFO] src.corpus_acquisition.downloader: Downloading page 8 from https://t.prcdn.co/img?file=eag82024010600000000001001&page=8&scale=80
2026-07-18 15:58:10,799 [INFO] src.corpus_acquisition.crawler: Downloading -> data/raw/images/trome/2024/01/06/trome_2024-01-06_8.jpg
2026-07-18 15:58:13,856 [INFO] src.corpus_acquisition.downloader: Downloading page 9 from https://t.prcdn.co/img?file=eag82024010600000000001001&page=9&scale=80
2026-07-18 15:58:13,857 [INFO] src.corpus_acquisition.crawler: Downloading -> data/raw/images/trome/2024/01/06/trome_2024-01-06_9.jpg
2026-07-18 15:58:16,011 [INFO] src.corpus_acquisition.downloader: Downloading page 10 from https://t.prcdn.co/img?file=eag82024010600000000001001&page=10&scale=80
2026-07-18 15:58:16,011 [INFO] src.corpus_acquisition.crawler: Downloading -> data/raw/images/trome/2024/01/06/trome_2024-01-06_10.jpg
2026-07-18 15:58:18,493 [INFO] src.corpus_acquisition.downloader: Downloading page 11 from https://t.prcdn.co/img?file=eag82024010600000000001001&page=11&scale=80
2026-07-18 15:58:18,493 [INFO] src.corpus_acquisition.crawler: Downloading -> data/raw/images/trome/2024/01/06/trome_2024-01-06_11.jpg
2026-07-18 15:58:20,903 [INFO] src.corpus_acquisition.downloader: Downloading page 12 from https://t.prcdn.co/img?file=eag82024010600000000001001&page=12&scale=80
2026-07-18 15:58:20,903 [INFO] src.corpus_acquisition.crawler: Downloading -> data/raw/images/trome/2024/01/06/trome_2024-01-06_12.jpg
2026-07-18 15:58:23,480 [INFO] src.corpus_acquisition.downloader: Downloading page 13 from https://t.prcdn.co/img?file=eag82024010600000000001001&page=13&scale=80
2026-07-18 15:58:23,480 [INFO] src.corpus_acquisition.crawler: Downloading -> data/raw/images/trome/2024/01/06/trome_2024-01-06_13.jpg
2026-07-18 15:58:26,648 [INFO] src.corpus_acquisition.downloader: Downloading page 14 from https://t.prcdn.co/img?file=eag82024010600000000001001&page=14&scale=80
2026-07-18 15:58:26,649 [INFO] src.corpus_acquisition.crawler: Downloading -> data/raw/images/trome/2024/01/06/trome_2024-01-06_14.jpg
2026-07-18 15:58:29,530 [INFO] src.corpus_acquisition.downloader: Downloading page 15 from https://t.prcdn.co/img?file=eag82024010600000000001001&page=15&scale=80
2026-07-18 15:58:29,530 [INFO] src.corpus_acquisition.crawler: Downloading -> data/raw/images/trome/2024/01/06/trome_2024-01-06_15.jpg
2026-07-18 15:58:31,590 [INFO] src.corpus_acquisition.downloader: Downloading page 16 from https://t.prcdn.co/img?file=eag82024010600000000001001&page=16&scale=80
2026-07-18 15:58:31,590 [INFO] src.corpus_acquisition.crawler: Downloading -> data/raw/images/trome/2024/01/06/trome_2024-01-06_16.jpg
2026-07-18 15:58:34,155 [INFO] src.corpus_acquisition.downloader: Downloading page 17 from https://t.prcdn.co/img?file=eag82024010600000000001001&page=17&scale=80
2026-07-18 15:58:34,155 [INFO] src.corpus_acquisition.crawler: Downloading -> data/raw/images/trome/2024/01/06/trome_2024-01-06_17.jpg
2026-07-18 15:58:36,641 [INFO] src.corpus_acquisition.downloader: Downloading page 18 from https://t.prcdn.co/img?file=eag82024010600000000001001&page=18&scale=80
2026-07-18 15:58:36,642 [INFO] src.corpus_acquisition.crawler: Downloading -> data/raw/images/trome/2024/01/06/trome_2024-01-06_18.jpg
2026-07-18 15:58:40,048 [INFO] src.corpus_acquisition.downloader: Downloading page 19 from https://t.prcdn.co/img?file=eag82024010600000000001001&page=19&scale=80
2026-07-18 15:58:40,049 [INFO] src.corpus_acquisition.crawler: Downloading -> data/raw/images/trome/2024/01/06/trome_2024-01-06_19.jpg
2026-07-18 15:58:42,725 [INFO] src.corpus_acquisition.downloader: Downloading page 20 from https://t.prcdn.co/img?file=eag82024010600000000001001&page=20&scale=80
2026-07-18 15:58:42,726 [INFO] src.corpus_acquisition.crawler: Downloading -> data/raw/images/trome/2024/01/06/trome_2024-01-06_20.jpg
2026-07-18 15:58:45,711 [INFO] src.corpus_acquisition.downloader: Downloading page 21 from https://t.prcdn.co/img?file=eag82024010600000000001001&page=21&scale=80
2026-07-18 15:58:45,712 [INFO] src.corpus_acquisition.crawler: Downloading -> data/raw/images/trome/2024/01/06/trome_2024-01-06_21.jpg
2026-07-18 15:58:48,775 [INFO] src.corpus_acquisition.downloader: Downloading page 22 from https://t.prcdn.co/img?file=eag82024010600000000001001&page=22&scale=80
2026-07-18 15:58:48,776 [INFO] src.corpus_acquisition.crawler: Downloading -> data/raw/images/trome/2024/01/06/trome_2024-01-06_22.jpg
2026-07-18 15:58:51,432 [INFO] src.corpus_acquisition.downloader: Downloading page 23 from https://t.prcdn.co/img?file=eag82024010600000000001001&page=23&scale=80
2026-07-18 15:58:51,432 [INFO] src.corpus_acquisition.crawler: Downloading -> data/raw/images/trome/2024/01/06/trome_2024-01-06_23.jpg
2026-07-18 15:58:54,347 [INFO] src.corpus_acquisition.downloader: Downloading page 24 from https://t.prcdn.co/img?file=eag82024010600000000001001&page=24&scale=80
2026-07-18 15:58:54,347 [INFO] src.corpus_acquisition.crawler: Downloading -> data/raw/images/trome/2024/01/06/trome_2024-01-06_24.jpg
2026-07-18 15:58:57,050 [INFO] src.corpus_acquisition.downloader: Downloading page 25 from https://t.prcdn.co/img?file=eag82024010600000000001001&page=25&scale=80
2026-07-18 15:58:57,050 [INFO] src.corpus_acquisition.crawler: Downloading -> data/raw/images/trome/2024/01/06/trome_2024-01-06_25.jpg
2026-07-18 15:58:57,309 [WARNING] src.corpus_acquisition.downloader: Page 25 not found (1/3).
2026-07-18 15:58:57,310 [INFO] src.corpus_acquisition.downloader: Downloading page 26 from https://t.prcdn.co/img?file=eag82024010600000000001001&page=26&scale=80
2026-07-18 15:58:57,310 [INFO] src.corpus_acquisition.crawler: Downloading -> data/raw/images/trome/2024/01/06/trome_2024-01-06_26.jpg
2026-07-18 15:58:57,515 [WARNING] src.corpus_acquisition.downloader: Page 26 not found (2/3).
2026-07-18 15:58:57,516 [INFO] src.corpus_acquisition.downloader: Downloading page 27 from https://t.prcdn.co/img?file=eag82024010600000000001001&page=27&scale=80
2026-07-18 15:58:57,516 [INFO] src.corpus_acquisition.crawler: Downloading -> data/raw/images/trome/2024/01/06/trome_2024-01-06_27.jpg
2026-07-18 15:58:57,804 [WARNING] src.corpus_acquisition.downloader: Page 27 not found (3/3).
2026-07-18 15:58:57,804 [WARNING] src.corpus_acquisition.downloader: No new pages found after 3 attempts; stopping with 24 page(s).
2026-07-18 15:58:57,847 [INFO] src.corpus_acquisition.metadata_extractor: Saved metadata for 24 page(s) -> data/raw/metadata/trome_metadata.parquet (total rows: 36846)
2026-07-18 15:58:57,850 [INFO] src.corpus_acquisition.metadata_extractor: Saved crawl log -> data/raw/crawl_logs/trome_2024-01-06.json (status=success)
2026-07-18 15:58:59,014 [INFO] src.corpus_acquisition.downloader: Downloading page 1 from https://t.prcdn.co/img?file=eag82024010700000000001001&page=1&scale=80
2026-07-18 15:58:59,014 [INFO] src.corpus_acquisition.crawler: Downloading -> data/raw/images/trome/2024/01/07/trome_2024-01-07_1.jpg
2026-07-18 15:59:01,572 [INFO] src.corpus_acquisition.downloader: Downloading page 2 from https://t.prcdn.co/img?file=eag82024010700000000001001&page=2&scale=80
2026-07-18 15:59:01,573 [INFO] src.corpus_acquisition.crawler: Downloading -> data/raw/images/trome/2024/01/07/trome_2024-01-07_2.jpg
2026-07-18 15:59:05,810 [INFO] src.corpus_acquisition.downloader: Downloading page 3 from https://t.prcdn.co/img?file=eag82024010700000000001001&page=3&scale=80
2026-07-18 15:59:05,810 [INFO] src.corpus_acquisition.crawler: Downloading -> data/raw/images/trome/2024/01/07/trome_2024-01-07_3.jpg
2026-07-18 15:59:08,761 [INFO] src.corpus_acquisition.downloader: Downloading page 4 from https://t.prcdn.co/img?file=eag82024010700000000001001&page=4&scale=80
2026-07-18 15:59:08,761 [INFO] src.corpus_acquisition.crawler: Downloading -> data/raw/images/trome/2024/01/07/trome_2024-01-07_4.jpg
2026-07-18 15:59:11,560 [INFO] src.corpus_acquisition.downloader: Downloading page 5 from https://t.prcdn.co/img?file=eag82024010700000000001001&page=5&scale=80
2026-07-18 15:59:11,561 [INFO] src.corpus_acquisition.crawler: Downloading -> data/raw/images/trome/2024/01/07/trome_2024-01-07_5.jpg
2026-07-18 15:59:13,522 [INFO] src.corpus_acquisition.downloader: Downloading page 6 from https://t.prcdn.co/img?file=eag82024010700000000001001&page=6&scale=80
2026-07-18 15:59:13,522 [INFO] src.corpus_acquisition.crawler: Downloading -> data/raw/images/trome/2024/01/07/trome_2024-01-07_6.jpg
2026-07-18 15:59:16,499 [INFO] src.corpus_acquisition.downloader: Downloading page 7 from https://t.prcdn.co/img?file=eag82024010700000000001001&page=7&scale=80
2026-07-18 15:59:16,499 [INFO] src.corpus_acquisition.crawler: Downloading -> data/raw/images/trome/2024/01/07/trome_2024-01-07_7.jpg
2026-07-18 15:59:19,005 [INFO] src.corpus_acquisition.downloader: Downloading page 8 from https://t.prcdn.co/img?file=eag82024010700000000001001&page=8&scale=80
2026-07-18 15:59:19,006 [INFO] src.corpus_acquisition.crawler: Downloading -> data/raw/images/trome/2024/01/07/trome_2024-01-07_8.jpg
2026-07-18 15:59:21,192 [INFO] src.corpus_acquisition.downloader: Downloading page 9 from https://t.prcdn.co/img?file=eag82024010700000000001001&page=9&scale=80
2026-07-18 15:59:21,192 [INFO] src.corpus_acquisition.crawler: Downloading -> data/raw/images/trome/2024/01/07/trome_2024-01-07_9.jpg
2026-07-18 15:59:23,752 [INFO] src.corpus_acquisition.downloader: Downloading page 10 from https://t.prcdn.co/img?file=eag82024010700000000001001&page=10&scale=80
2026-07-18 15:59:23,753 [INFO] src.corpus_acquisition.crawler: Downloading -> data/raw/images/trome/2024/01/07/trome_2024-01-07_10.jpg
2026-07-18 15:59:27,098 [INFO] src.corpus_acquisition.downloader: Downloading page 11 from https://t.prcdn.co/img?file=eag82024010700000000001001&page=11&scale=80
2026-07-18 15:59:27,098 [INFO] src.corpus_acquisition.crawler: Downloading -> data/raw/images/trome/2024/01/07/trome_2024-01-07_11.jpg
2026-07-18 15:59:29,673 [INFO] src.corpus_acquisition.downloader: Downloading page 12 from https://t.prcdn.co/img?file=eag82024010700000000001001&page=12&scale=80
2026-07-18 15:59:29,673 [INFO] src.corpus_acquisition.crawler: Downloading -> data/raw/images/trome/2024/01/07/trome_2024-01-07_12.jpg
2026-07-18 15:59:32,462 [INFO] src.corpus_acquisition.downloader: Downloading page 13 from https://t.prcdn.co/img?file=eag82024010700000000001001&page=13&scale=80
2026-07-18 15:59:32,463 [INFO] src.corpus_acquisition.crawler: Downloading -> data/raw/images/trome/2024/01/07/trome_2024-01-07_13.jpg
2026-07-18 15:59:34,648 [INFO] src.corpus_acquisition.downloader: Downloading page 14 from https://t.prcdn.co/img?file=eag82024010700000000001001&page=14&scale=80
2026-07-18 15:59:34,649 [INFO] src.corpus_acquisition.crawler: Downloading -> data/raw/images/trome/2024/01/07/trome_2024-01-07_14.jpg
2026-07-18 15:59:36,959 [INFO] src.corpus_acquisition.downloader: Downloading page 15 from https://t.prcdn.co/img?file=eag82024010700000000001001&page=15&scale=80
2026-07-18 15:59:36,959 [INFO] src.corpus_acquisition.crawler: Downloading -> data/raw/images/trome/2024/01/07/trome_2024-01-07_15.jpg
2026-07-18 15:59:39,279 [INFO] src.corpus_acquisition.downloader: Downloading page 16 from https://t.prcdn.co/img?file=eag82024010700000000001001&page=16&scale=80
2026-07-18 15:59:39,279 [INFO] src.corpus_acquisition.crawler: Downloading -> data/raw/images/trome/2024/01/07/trome_2024-01-07_16.jpg
2026-07-18 15:59:41,189 [INFO] src.corpus_acquisition.downloader: Downloading page 17 from https://t.prcdn.co/img?file=eag82024010700000000001001&page=17&scale=80
2026-07-18 15:59:41,189 [INFO] src.corpus_acquisition.crawler: Downloading -> data/raw/images/trome/2024/01/07/trome_2024-01-07_17.jpg
2026-07-18 15:59:43,209 [INFO] src.corpus_acquisition.downloader: Downloading page 18 from https://t.prcdn.co/img?file=eag82024010700000000001001&page=18&scale=80
2026-07-18 15:59:43,210 [INFO] src.corpus_acquisition.crawler: Downloading -> data/raw/images/trome/2024/01/07/trome_2024-01-07_18.jpg
2026-07-18 15:59:46,497 [INFO] src.corpus_acquisition.downloader: Downloading page 19 from https://t.prcdn.co/img?file=eag82024010700000000001001&page=19&scale=80
2026-07-18 15:59:46,497 [INFO] src.corpus_acquisition.crawler: Downloading -> data/raw/images/trome/2024/01/07/trome_2024-01-07_19.jpg
2026-07-18 15:59:48,298 [INFO] src.corpus_acquisition.downloader: Downloading page 20 from https://t.prcdn.co/img?file=eag82024010700000000001001&page=20&scale=80
2026-07-18 15:59:48,299 [INFO] src.corpus_acquisition.crawler: Downloading -> data/raw/images/trome/2024/01/07/trome_2024-01-07_20.jpg
2026-07-18 15:59:51,325 [INFO] src.corpus_acquisition.downloader: Downloading page 21 from https://t.prcdn.co/img?file=eag82024010700000000001001&page=21&scale=80
2026-07-18 15:59:51,325 [INFO] src.corpus_acquisition.crawler: Downloading -> data/raw/images/trome/2024/01/07/trome_2024-01-07_21.jpg
2026-07-18 15:59:54,362 [INFO] src.corpus_acquisition.downloader: Downloading page 22 from https://t.prcdn.co/img?file=eag82024010700000000001001&page=22&scale=80
2026-07-18 15:59:54,363 [INFO] src.corpus_acquisition.crawler: Downloading -> data/raw/images/trome/2024/01/07/trome_2024-01-07_22.jpg
2026-07-18 15:59:58,011 [INFO] src.corpus_acquisition.downloader: Downloading page 23 from https://t.prcdn.co/img?file=eag82024010700000000001001&page=23&scale=80
2026-07-18 15:59:58,012 [INFO] src.corpus_acquisition.crawler: Downloading -> data/raw/images/trome/2024/01/07/trome_2024-01-07_23.jpg
2026-07-18 16:00:00,890 [INFO] src.corpus_acquisition.downloader: Downloading page 24 from https://t.prcdn.co/img?file=eag82024010700000000001001&page=24&scale=80
2026-07-18 16:00:00,891 [INFO] src.corpus_acquisition.crawler: Downloading -> data/raw/images/trome/2024/01/07/trome_2024-01-07_24.jpg
2026-07-18 16:00:03,710 [INFO] src.corpus_acquisition.downloader: Downloading page 25 from https://t.prcdn.co/img?file=eag82024010700000000001001&page=25&scale=80
2026-07-18 16:00:03,711 [INFO] src.corpus_acquisition.crawler: Downloading -> data/raw/images/trome/2024/01/07/trome_2024-01-07_25.jpg
2026-07-18 16:00:06,473 [INFO] src.corpus_acquisition.downloader: Downloading page 26 from https://t.prcdn.co/img?file=eag82024010700000000001001&page=26&scale=80
2026-07-18 16:00:06,473 [INFO] src.corpus_acquisition.crawler: Downloading -> data/raw/images/trome/2024/01/07/trome_2024-01-07_26.jpg
2026-07-18 16:00:09,389 [INFO] src.corpus_acquisition.downloader: Downloading page 27 from https://t.prcdn.co/img?file=eag82024010700000000001001&page=27&scale=80
2026-07-18 16:00:09,389 [INFO] src.corpus_acquisition.crawler: Downloading -> data/raw/images/trome/2024/01/07/trome_2024-01-07_27.jpg
2026-07-18 16:00:12,385 [INFO] src.corpus_acquisition.downloader: Downloading page 28 from https://t.prcdn.co/img?file=eag82024010700000000001001&page=28&scale=80
2026-07-18 16:00:12,386 [INFO] src.corpus_acquisition.crawler: Downloading -> data/raw/images/trome/2024/01/07/trome_2024-01-07_28.jpg
2026-07-18 16:00:15,620 [INFO] src.corpus_acquisition.downloader: Downloading page 29 from https://t.prcdn.co/img?file=eag82024010700000000001001&page=29&scale=80
2026-07-18 16:00:15,621 [INFO] src.corpus_acquisition.crawler: Downloading -> data/raw/images/trome/2024/01/07/trome_2024-01-07_29.jpg
2026-07-18 16:00:15,837 [WARNING] src.corpus_acquisition.downloader: Page 29 not found (1/3).
2026-07-18 16:00:15,837 [INFO] src.corpus_acquisition.downloader: Downloading page 30 from https://t.prcdn.co/img?file=eag82024010700000000001001&page=30&scale=80
2026-07-18 16:00:15,838 [INFO] src.corpus_acquisition.crawler: Downloading -> data/raw/images/trome/2024/01/07/trome_2024-01-07_30.jpg
2026-07-18 16:00:16,038 [WARNING] src.corpus_acquisition.downloader: Page 30 not found (2/3).
2026-07-18 16:00:16,038 [INFO] src.corpus_acquisition.downloader: Downloading page 31 from https://t.prcdn.co/img?file=eag82024010700000000001001&page=31&scale=80
2026-07-18 16:00:16,039 [INFO] src.corpus_acquisition.crawler: Downloading -> data/raw/images/trome/2024/01/07/trome_2024-01-07_31.jpg
2026-07-18 16:00:16,722 [WARNING] src.corpus_acquisition.downloader: Page 31 not found (3/3).
2026-07-18 16:00:16,722 [WARNING] src.corpus_acquisition.downloader: No new pages found after 3 attempts; stopping with 28 page(s).
2026-07-18 16:00:16,764 [INFO] src.corpus_acquisition.metadata_extractor: Saved metadata for 28 page(s) -> data/raw/metadata/trome_metadata.parquet (total rows: 36874)
2026-07-18 16:00:16,766 [INFO] src.corpus_acquisition.metadata_extractor: Saved crawl log -> data/raw/crawl_logs/trome_2024-01-07.json (status=success)
2026-07-18 16:00:17,439 [INFO] src.corpus_acquisition.downloader: Downloading page 1 from https://t.prcdn.co/img?file=eag82024010800000000001001&page=1&scale=80
2026-07-18 16:00:17,439 [INFO] src.corpus_acquisition.crawler: Downloading -> data/raw/images/trome/2024/01/08/trome_2024-01-08_1.jpg
2026-07-18 16:00:20,362 [INFO] src.corpus_acquisition.downloader: Downloading page 2 from https://t.prcdn.co/img?file=eag82024010800000000001001&page=2&scale=80
2026-07-18 16:00:20,363 [INFO] src.corpus_acquisition.crawler: Downloading -> data/raw/images/trome/2024/01/08/trome_2024-01-08_2.jpg
2026-07-18 16:00:24,363 [INFO] src.corpus_acquisition.downloader: Downloading page 3 from https://t.prcdn.co/img?file=eag82024010800000000001001&page=3&scale=80
2026-07-18 16:00:24,363 [INFO] src.corpus_acquisition.crawler: Downloading -> data/raw/images/trome/2024/01/08/trome_2024-01-08_3.jpg
2026-07-18 16:00:27,335 [INFO] src.corpus_acquisition.downloader: Downloading page 4 from https://t.prcdn.co/img?file=eag82024010800000000001001&page=4&scale=80
2026-07-18 16:00:27,336 [INFO] src.corpus_acquisition.crawler: Downloading -> data/raw/images/trome/2024/01/08/trome_2024-01-08_4.jpg
2026-07-18 16:00:30,435 [INFO] src.corpus_acquisition.downloader: Downloading page 5 from https://t.prcdn.co/img?file=eag82024010800000000001001&page=5&scale=80
2026-07-18 16:00:30,435 [INFO] src.corpus_acquisition.crawler: Downloading -> data/raw/images/trome/2024/01/08/trome_2024-01-08_5.jpg
2026-07-18 16:00:33,090 [INFO] src.corpus_acquisition.downloader: Downloading page 6 from https://t.prcdn.co/img?file=eag82024010800000000001001&page=6&scale=80
2026-07-18 16:00:33,091 [INFO] src.corpus_acquisition.crawler: Downloading -> data/raw/images/trome/2024/01/08/trome_2024-01-08_6.jpg
2026-07-18 16:00:36,670 [INFO] src.corpus_acquisition.downloader: Downloading page 7 from https://t.prcdn.co/img?file=eag82024010800000000001001&page=7&scale=80
2026-07-18 16:00:36,670 [INFO] src.corpus_acquisition.crawler: Downloading -> data/raw/images/trome/2024/01/08/trome_2024-01-08_7.jpg
2026-07-18 16:00:39,706 [INFO] src.corpus_acquisition.downloader: Downloading page 8 from https://t.prcdn.co/img?file=eag82024010800000000001001&page=8&scale=80
2026-07-18 16:00:39,706 [INFO] src.corpus_acquisition.crawler: Downloading -> data/raw/images/trome/2024/01/08/trome_2024-01-08_8.jpg
2026-07-18 16:00:42,519 [INFO] src.corpus_acquisition.downloader: Downloading page 9 from https://t.prcdn.co/img?file=eag82024010800000000001001&page=9&scale=80
2026-07-18 16:00:42,519 [INFO] src.corpus_acquisition.crawler: Downloading -> data/raw/images/trome/2024/01/08/trome_2024-01-08_9.jpg
2026-07-18 16:00:45,249 [INFO] src.corpus_acquisition.downloader: Downloading page 10 from https://t.prcdn.co/img?file=eag82024010800000000001001&page=10&scale=80
2026-07-18 16:00:45,249 [INFO] src.corpus_acquisition.crawler: Downloading -> data/raw/images/trome/2024/01/08/trome_2024-01-08_10.jpg
2026-07-18 16:00:48,098 [INFO] src.corpus_acquisition.downloader: Downloading page 11 from https://t.prcdn.co/img?file=eag82024010800000000001001&page=11&scale=80
2026-07-18 16:00:48,098 [INFO] src.corpus_acquisition.crawler: Downloading -> data/raw/images/trome/2024/01/08/trome_2024-01-08_11.jpg
2026-07-18 16:00:50,500 [INFO] src.corpus_acquisition.downloader: Downloading page 12 from https://t.prcdn.co/img?file=eag82024010800000000001001&page=12&scale=80
2026-07-18 16:00:50,501 [INFO] src.corpus_acquisition.crawler: Downloading -> data/raw/images/trome/2024/01/08/trome_2024-01-08_12.jpg
2026-07-18 16:00:53,460 [INFO] src.corpus_acquisition.downloader: Downloading page 13 from https://t.prcdn.co/img?file=eag82024010800000000001001&page=13&scale=80
2026-07-18 16:00:53,461 [INFO] src.corpus_acquisition.crawler: Downloading -> data/raw/images/trome/2024/01/08/trome_2024-01-08_13.jpg
2026-07-18 16:00:55,793 [INFO] src.corpus_acquisition.downloader: Downloading page 14 from https://t.prcdn.co/img?file=eag82024010800000000001001&page=14&scale=80
2026-07-18 16:00:55,793 [INFO] src.corpus_acquisition.crawler: Downloading -> data/raw/images/trome/2024/01/08/trome_2024-01-08_14.jpg
2026-07-18 16:00:58,524 [INFO] src.corpus_acquisition.downloader: Downloading page 15 from https://t.prcdn.co/img?file=eag82024010800000000001001&page=15&scale=80
2026-07-18 16:00:58,525 [INFO] src.corpus_acquisition.crawler: Downloading -> data/raw/images/trome/2024/01/08/trome_2024-01-08_15.jpg
2026-07-18 16:01:01,552 [INFO] src.corpus_acquisition.downloader: Downloading page 16 from https://t.prcdn.co/img?file=eag82024010800000000001001&page=16&scale=80
2026-07-18 16:01:01,553 [INFO] src.corpus_acquisition.crawler: Downloading -> data/raw/images/trome/2024/01/08/trome_2024-01-08_16.jpg
2026-07-18 16:01:04,880 [INFO] src.corpus_acquisition.downloader: Downloading page 17 from https://t.prcdn.co/img?file=eag82024010800000000001001&page=17&scale=80
2026-07-18 16:01:04,880 [INFO] src.corpus_acquisition.crawler: Downloading -> data/raw/images/trome/2024/01/08/trome_2024-01-08_17.jpg
2026-07-18 16:01:08,496 [INFO] src.corpus_acquisition.downloader: Downloading page 18 from https://t.prcdn.co/img?file=eag82024010800000000001001&page=18&scale=80
2026-07-18 16:01:08,496 [INFO] src.corpus_acquisition.crawler: Downloading -> data/raw/images/trome/2024/01/08/trome_2024-01-08_18.jpg
2026-07-18 16:01:10,573 [INFO] src.corpus_acquisition.downloader: Downloading page 19 from https://t.prcdn.co/img?file=eag82024010800000000001001&page=19&scale=80
2026-07-18 16:01:10,573 [INFO] src.corpus_acquisition.crawler: Downloading -> data/raw/images/trome/2024/01/08/trome_2024-01-08_19.jpg
2026-07-18 16:01:13,071 [INFO] src.corpus_acquisition.downloader: Downloading page 20 from https://t.prcdn.co/img?file=eag82024010800000000001001&page=20&scale=80
2026-07-18 16:01:13,071 [INFO] src.corpus_acquisition.crawler: Downloading -> data/raw/images/trome/2024/01/08/trome_2024-01-08_20.jpg
2026-07-18 16:01:15,889 [INFO] src.corpus_acquisition.downloader: Downloading page 21 from https://t.prcdn.co/img?file=eag82024010800000000001001&page=21&scale=80
2026-07-18 16:01:15,889 [INFO] src.corpus_acquisition.crawler: Downloading -> data/raw/images/trome/2024/01/08/trome_2024-01-08_21.jpg
2026-07-18 16:01:18,721 [INFO] src.corpus_acquisition.downloader: Downloading page 22 from https://t.prcdn.co/img?file=eag82024010800000000001001&page=22&scale=80
2026-07-18 16:01:18,721 [INFO] src.corpus_acquisition.crawler: Downloading -> data/raw/images/trome/2024/01/08/trome_2024-01-08_22.jpg
2026-07-18 16:01:20,773 [INFO] src.corpus_acquisition.downloader: Downloading page 23 from https://t.prcdn.co/img?file=eag82024010800000000001001&page=23&scale=80
2026-07-18 16:01:20,774 [INFO] src.corpus_acquisition.crawler: Downloading -> data/raw/images/trome/2024/01/08/trome_2024-01-08_23.jpg
2026-07-18 16:01:23,609 [INFO] src.corpus_acquisition.downloader: Downloading page 24 from https://t.prcdn.co/img?file=eag82024010800000000001001&page=24&scale=80
2026-07-18 16:01:23,610 [INFO] src.corpus_acquisition.crawler: Downloading -> data/raw/images/trome/2024/01/08/trome_2024-01-08_24.jpg
2026-07-18 16:01:26,474 [INFO] src.corpus_acquisition.downloader: Downloading page 25 from https://t.prcdn.co/img?file=eag82024010800000000001001&page=25&scale=80
2026-07-18 16:01:26,475 [INFO] src.corpus_acquisition.crawler: Downloading -> data/raw/images/trome/2024/01/08/trome_2024-01-08_25.jpg
2026-07-18 16:01:26,686 [WARNING] src.corpus_acquisition.downloader: Page 25 not found (1/3).
2026-07-18 16:01:26,686 [INFO] src.corpus_acquisition.downloader: Downloading page 26 from https://t.prcdn.co/img?file=eag82024010800000000001001&page=26&scale=80
2026-07-18 16:01:26,686 [INFO] src.corpus_acquisition.crawler: Downloading -> data/raw/images/trome/2024/01/08/trome_2024-01-08_26.jpg
2026-07-18 16:01:26,885 [WARNING] src.corpus_acquisition.downloader: Page 26 not found (2/3).
2026-07-18 16:01:26,886 [INFO] src.corpus_acquisition.downloader: Downloading page 27 from https://t.prcdn.co/img?file=eag82024010800000000001001&page=27&scale=80
2026-07-18 16:01:26,886 [INFO] src.corpus_acquisition.crawler: Downloading -> data/raw/images/trome/2024/01/08/trome_2024-01-08_27.jpg
2026-07-18 16:01:27,115 [WARNING] src.corpus_acquisition.downloader: Page 27 not found (3/3).
2026-07-18 16:01:27,115 [WARNING] src.corpus_acquisition.downloader: No new pages found after 3 attempts; stopping with 24 page(s).
2026-07-18 16:01:27,161 [INFO] src.corpus_acquisition.metadata_extractor: Saved metadata for 24 page(s) -> data/raw/metadata/trome_metadata.parquet (total rows: 36898)
2026-07-18 16:01:27,164 [INFO] src.corpus_acquisition.metadata_extractor: Saved crawl log -> data/raw/crawl_logs/trome_2024-01-08.json (status=success)
2026-07-18 16:01:28,486 [INFO] src.corpus_acquisition.downloader: Downloading page 1 from https://t.prcdn.co/img?file=eag82024010900000000001001&page=1&scale=80
2026-07-18 16:01:28,486 [INFO] src.corpus_acquisition.crawler: Downloading -> data/raw/images/trome/2024/01/09/trome_2024-01-09_1.jpg
2026-07-18 16:01:30,633 [INFO] src.corpus_acquisition.downloader: Downloading page 2 from https://t.prcdn.co/img?file=eag82024010900000000001001&page=2&scale=80
2026-07-18 16:01:30,633 [INFO] src.corpus_acquisition.crawler: Downloading -> data/raw/images/trome/2024/01/09/trome_2024-01-09_2.jpg
2026-07-18 16:01:34,653 [INFO] src.corpus_acquisition.downloader: Downloading page 3 from https://t.prcdn.co/img?file=eag82024010900000000001001&page=3&scale=80
2026-07-18 16:01:34,654 [INFO] src.corpus_acquisition.crawler: Downloading -> data/raw/images/trome/2024/01/09/trome_2024-01-09_3.jpg
2026-07-18 16:01:37,938 [INFO] src.corpus_acquisition.downloader: Downloading page 4 from https://t.prcdn.co/img?file=eag82024010900000000001001&page=4&scale=80
2026-07-18 16:01:37,939 [INFO] src.corpus_acquisition.crawler: Downloading -> data/raw/images/trome/2024/01/09/trome_2024-01-09_4.jpg
2026-07-18 16:01:40,732 [INFO] src.corpus_acquisition.downloader: Downloading page 5 from https://t.prcdn.co/img?file=eag82024010900000000001001&page=5&scale=80
2026-07-18 16:01:40,732 [INFO] src.corpus_acquisition.crawler: Downloading -> data/raw/images/trome/2024/01/09/trome_2024-01-09_5.jpg
2026-07-18 16:01:42,960 [INFO] src.corpus_acquisition.downloader: Downloading page 6 from https://t.prcdn.co/img?file=eag82024010900000000001001&page=6&scale=80
2026-07-18 16:01:42,961 [INFO] src.corpus_acquisition.crawler: Downloading -> data/raw/images/trome/2024/01/09/trome_2024-01-09_6.jpg
2026-07-18 16:01:46,383 [INFO] src.corpus_acquisition.downloader: Downloading page 7 from https://t.prcdn.co/img?file=eag82024010900000000001001&page=7&scale=80
2026-07-18 16:01:46,384 [INFO] src.corpus_acquisition.crawler: Downloading -> data/raw/images/trome/2024/01/09/trome_2024-01-09_7.jpg
2026-07-18 16:01:49,332 [INFO] src.corpus_acquisition.downloader: Downloading page 8 from https://t.prcdn.co/img?file=eag82024010900000000001001&page=8&scale=80
2026-07-18 16:01:49,332 [INFO] src.corpus_acquisition.crawler: Downloading -> data/raw/images/trome/2024/01/09/trome_2024-01-09_8.jpg
2026-07-18 16:01:52,369 [INFO] src.corpus_acquisition.downloader: Downloading page 9 from https://t.prcdn.co/img?file=eag82024010900000000001001&page=9&scale=80
2026-07-18 16:01:52,369 [INFO] src.corpus_acquisition.crawler: Downloading -> data/raw/images/trome/2024/01/09/trome_2024-01-09_9.jpg
2026-07-18 16:01:55,108 [INFO] src.corpus_acquisition.downloader: Downloading page 10 from https://t.prcdn.co/img?file=eag82024010900000000001001&page=10&scale=80
2026-07-18 16:01:55,108 [INFO] src.corpus_acquisition.crawler: Downloading -> data/raw/images/trome/2024/01/09/trome_2024-01-09_10.jpg
2026-07-18 16:01:58,881 [INFO] src.corpus_acquisition.downloader: Downloading page 11 from https://t.prcdn.co/img?file=eag82024010900000000001001&page=11&scale=80
2026-07-18 16:01:58,881 [INFO] src.corpus_acquisition.crawler: Downloading -> data/raw/images/trome/2024/01/09/trome_2024-01-09_11.jpg
2026-07-18 16:02:02,525 [INFO] src.corpus_acquisition.downloader: Downloading page 12 from https://t.prcdn.co/img?file=eag82024010900000000001001&page=12&scale=80
2026-07-18 16:02:02,525 [INFO] src.corpus_acquisition.crawler: Downloading -> data/raw/images/trome/2024/01/09/trome_2024-01-09_12.jpg
2026-07-18 16:02:05,623 [INFO] src.corpus_acquisition.downloader: Downloading page 13 from https://t.prcdn.co/img?file=eag82024010900000000001001&page=13&scale=80
2026-07-18 16:02:05,623 [INFO] src.corpus_acquisition.crawler: Downloading -> data/raw/images/trome/2024/01/09/trome_2024-01-09_13.jpg
2026-07-18 16:02:08,701 [INFO] src.corpus_acquisition.downloader: Downloading page 14 from https://t.prcdn.co/img?file=eag82024010900000000001001&page=14&scale=80
2026-07-18 16:02:08,701 [INFO] src.corpus_acquisition.crawler: Downloading -> data/raw/images/trome/2024/01/09/trome_2024-01-09_14.jpg
2026-07-18 16:02:11,574 [INFO] src.corpus_acquisition.downloader: Downloading page 15 from https://t.prcdn.co/img?file=eag82024010900000000001001&page=15&scale=80
2026-07-18 16:02:11,575 [INFO] src.corpus_acquisition.crawler: Downloading -> data/raw/images/trome/2024/01/09/trome_2024-01-09_15.jpg
2026-07-18 16:02:14,845 [INFO] src.corpus_acquisition.downloader: Downloading page 16 from https://t.prcdn.co/img?file=eag82024010900000000001001&page=16&scale=80
2026-07-18 16:02:14,846 [INFO] src.corpus_acquisition.crawler: Downloading -> data/raw/images/trome/2024/01/09/trome_2024-01-09_16.jpg
2026-07-18 16:02:18,181 [INFO] src.corpus_acquisition.downloader: Downloading page 17 from https://t.prcdn.co/img?file=eag82024010900000000001001&page=17&scale=80
2026-07-18 16:02:18,181 [INFO] src.corpus_acquisition.crawler: Downloading -> data/raw/images/trome/2024/01/09/trome_2024-01-09_17.jpg
2026-07-18 16:02:20,799 [INFO] src.corpus_acquisition.downloader: Downloading page 18 from https://t.prcdn.co/img?file=eag82024010900000000001001&page=18&scale=80
2026-07-18 16:02:20,800 [INFO] src.corpus_acquisition.crawler: Downloading -> data/raw/images/trome/2024/01/09/trome_2024-01-09_18.jpg
2026-07-18 16:02:24,241 [INFO] src.corpus_acquisition.downloader: Downloading page 19 from https://t.prcdn.co/img?file=eag82024010900000000001001&page=19&scale=80
2026-07-18 16:02:24,242 [INFO] src.corpus_acquisition.crawler: Downloading -> data/raw/images/trome/2024/01/09/trome_2024-01-09_19.jpg
2026-07-18 16:02:27,035 [INFO] src.corpus_acquisition.downloader: Downloading page 20 from https://t.prcdn.co/img?file=eag82024010900000000001001&page=20&scale=80
2026-07-18 16:02:27,035 [INFO] src.corpus_acquisition.crawler: Downloading -> data/raw/images/trome/2024/01/09/trome_2024-01-09_20.jpg
2026-07-18 16:02:29,623 [INFO] src.corpus_acquisition.downloader: Downloading page 21 from https://t.prcdn.co/img?file=eag82024010900000000001001&page=21&scale=80
2026-07-18 16:02:29,623 [INFO] src.corpus_acquisition.crawler: Downloading -> data/raw/images/trome/2024/01/09/trome_2024-01-09_21.jpg
2026-07-18 16:02:32,719 [INFO] src.corpus_acquisition.downloader: Downloading page 22 from https://t.prcdn.co/img?file=eag82024010900000000001001&page=22&scale=80
2026-07-18 16:02:32,719 [INFO] src.corpus_acquisition.crawler: Downloading -> data/raw/images/trome/2024/01/09/trome_2024-01-09_22.jpg
2026-07-18 16:02:35,787 [INFO] src.corpus_acquisition.downloader: Downloading page 23 from https://t.prcdn.co/img?file=eag82024010900000000001001&page=23&scale=80
2026-07-18 16:02:35,787 [INFO] src.corpus_acquisition.crawler: Downloading -> data/raw/images/trome/2024/01/09/trome_2024-01-09_23.jpg
2026-07-18 16:02:38,930 [INFO] src.corpus_acquisition.downloader: Downloading page 24 from https://t.prcdn.co/img?file=eag82024010900000000001001&page=24&scale=80
2026-07-18 16:02:38,931 [INFO] src.corpus_acquisition.crawler: Downloading -> data/raw/images/trome/2024/01/09/trome_2024-01-09_24.jpg
2026-07-18 16:02:42,139 [INFO] src.corpus_acquisition.downloader: Downloading page 25 from https://t.prcdn.co/img?file=eag82024010900000000001001&page=25&scale=80
2026-07-18 16:02:42,139 [INFO] src.corpus_acquisition.crawler: Downloading -> data/raw/images/trome/2024/01/09/trome_2024-01-09_25.jpg
2026-07-18 16:02:42,337 [WARNING] src.corpus_acquisition.downloader: Page 25 not found (1/3).
2026-07-18 16:02:42,338 [INFO] src.corpus_acquisition.downloader: Downloading page 26 from https://t.prcdn.co/img?file=eag82024010900000000001001&page=26&scale=80
2026-07-18 16:02:42,338 [INFO] src.corpus_acquisition.crawler: Downloading -> data/raw/images/trome/2024/01/09/trome_2024-01-09_26.jpg
2026-07-18 16:02:42,549 [WARNING] src.corpus_acquisition.downloader: Page 26 not found (2/3).
2026-07-18 16:02:42,549 [INFO] src.corpus_acquisition.downloader: Downloading page 27 from https://t.prcdn.co/img?file=eag82024010900000000001001&page=27&scale=80
2026-07-18 16:02:42,549 [INFO] src.corpus_acquisition.crawler: Downloading -> data/raw/images/trome/2024/01/09/trome_2024-01-09_27.jpg
2026-07-18 16:02:42,740 [WARNING] src.corpus_acquisition.downloader: Page 27 not found (3/3).
2026-07-18 16:02:42,740 [WARNING] src.corpus_acquisition.downloader: No new pages found after 3 attempts; stopping with 24 page(s).
2026-07-18 16:02:42,784 [INFO] src.corpus_acquisition.metadata_extractor: Saved metadata for 24 page(s) -> data/raw/metadata/trome_metadata.parquet (total rows: 36922)
2026-07-18 16:02:42,786 [INFO] src.corpus_acquisition.metadata_extractor: Saved crawl log -> data/raw/crawl_logs/trome_2024-01-09.json (status=success)
2026-07-18 16:02:43,987 [INFO] src.corpus_acquisition.downloader: Downloading page 1 from https://t.prcdn.co/img?file=eag82024011000000000001001&page=1&scale=80
2026-07-18 16:02:43,988 [INFO] src.corpus_acquisition.crawler: Downloading -> data/raw/images/trome/2024/01/10/trome_2024-01-10_1.jpg
2026-07-18 16:02:46,774 [INFO] src.corpus_acquisition.downloader: Downloading page 2 from https://t.prcdn.co/img?file=eag82024011000000000001001&page=2&scale=80
2026-07-18 16:02:46,774 [INFO] src.corpus_acquisition.crawler: Downloading -> data/raw/images/trome/2024/01/10/trome_2024-01-10_2.jpg
2026-07-18 16:02:50,683 [INFO] src.corpus_acquisition.downloader: Downloading page 3 from https://t.prcdn.co/img?file=eag82024011000000000001001&page=3&scale=80
2026-07-18 16:02:50,683 [INFO] src.corpus_acquisition.crawler: Downloading -> data/raw/images/trome/2024/01/10/trome_2024-01-10_3.jpg
2026-07-18 16:02:53,772 [INFO] src.corpus_acquisition.downloader: Downloading page 4 from https://t.prcdn.co/img?file=eag82024011000000000001001&page=4&scale=80
2026-07-18 16:02:53,773 [INFO] src.corpus_acquisition.crawler: Downloading -> data/raw/images/trome/2024/01/10/trome_2024-01-10_4.jpg
2026-07-18 16:02:56,630 [INFO] src.corpus_acquisition.downloader: Downloading page 5 from https://t.prcdn.co/img?file=eag82024011000000000001001&page=5&scale=80
2026-07-18 16:02:56,630 [INFO] src.corpus_acquisition.crawler: Downloading -> data/raw/images/trome/2024/01/10/trome_2024-01-10_5.jpg
2026-07-18 16:02:58,533 [INFO] src.corpus_acquisition.downloader: Downloading page 6 from https://t.prcdn.co/img?file=eag82024011000000000001001&page=6&scale=80
2026-07-18 16:02:58,534 [INFO] src.corpus_acquisition.crawler: Downloading -> data/raw/images/trome/2024/01/10/trome_2024-01-10_6.jpg
2026-07-18 16:03:01,860 [INFO] src.corpus_acquisition.downloader: Downloading page 7 from https://t.prcdn.co/img?file=eag82024011000000000001001&page=7&scale=80
2026-07-18 16:03:01,860 [INFO] src.corpus_acquisition.crawler: Downloading -> data/raw/images/trome/2024/01/10/trome_2024-01-10_7.jpg
2026-07-18 16:03:04,431 [INFO] src.corpus_acquisition.downloader: Downloading page 8 from https://t.prcdn.co/img?file=eag82024011000000000001001&page=8&scale=80
2026-07-18 16:03:04,431 [INFO] src.corpus_acquisition.crawler: Downloading -> data/raw/images/trome/2024/01/10/trome_2024-01-10_8.jpg
2026-07-18 16:03:07,466 [INFO] src.corpus_acquisition.downloader: Downloading page 9 from https://t.prcdn.co/img?file=eag82024011000000000001001&page=9&scale=80
2026-07-18 16:03:07,466 [INFO] src.corpus_acquisition.crawler: Downloading -> data/raw/images/trome/2024/01/10/trome_2024-01-10_9.jpg
2026-07-18 16:03:09,575 [INFO] src.corpus_acquisition.downloader: Downloading page 10 from https://t.prcdn.co/img?file=eag82024011000000000001001&page=10&scale=80
2026-07-18 16:03:09,575 [INFO] src.corpus_acquisition.crawler: Downloading -> data/raw/images/trome/2024/01/10/trome_2024-01-10_10.jpg
2026-07-18 16:03:12,608 [INFO] src.corpus_acquisition.downloader: Downloading page 11 from https://t.prcdn.co/img?file=eag82024011000000000001001&page=11&scale=80
2026-07-18 16:03:12,608 [INFO] src.corpus_acquisition.crawler: Downloading -> data/raw/images/trome/2024/01/10/trome_2024-01-10_11.jpg
2026-07-18 16:03:15,699 [INFO] src.corpus_acquisition.downloader: Downloading page 12 from https://t.prcdn.co/img?file=eag82024011000000000001001&page=12&scale=80
2026-07-18 16:03:15,699 [INFO] src.corpus_acquisition.crawler: Downloading -> data/raw/images/trome/2024/01/10/trome_2024-01-10_12.jpg
2026-07-18 16:03:18,951 [INFO] src.corpus_acquisition.downloader: Downloading page 13 from https://t.prcdn.co/img?file=eag82024011000000000001001&page=13&scale=80
2026-07-18 16:03:18,952 [INFO] src.corpus_acquisition.crawler: Downloading -> data/raw/images/trome/2024/01/10/trome_2024-01-10_13.jpg
2026-07-18 16:03:21,523 [INFO] src.corpus_acquisition.downloader: Downloading page 14 from https://t.prcdn.co/img?file=eag82024011000000000001001&page=14&scale=80
2026-07-18 16:03:21,524 [INFO] src.corpus_acquisition.crawler: Downloading -> data/raw/images/trome/2024/01/10/trome_2024-01-10_14.jpg
2026-07-18 16:03:24,007 [INFO] src.corpus_acquisition.downloader: Downloading page 15 from https://t.prcdn.co/img?file=eag82024011000000000001001&page=15&scale=80
2026-07-18 16:03:24,008 [INFO] src.corpus_acquisition.crawler: Downloading -> data/raw/images/trome/2024/01/10/trome_2024-01-10_15.jpg
2026-07-18 16:03:27,074 [INFO] src.corpus_acquisition.downloader: Downloading page 16 from https://t.prcdn.co/img?file=eag82024011000000000001001&page=16&scale=80
2026-07-18 16:03:27,074 [INFO] src.corpus_acquisition.crawler: Downloading -> data/raw/images/trome/2024/01/10/trome_2024-01-10_16.jpg
2026-07-18 16:03:29,680 [INFO] src.corpus_acquisition.downloader: Downloading page 17 from https://t.prcdn.co/img?file=eag82024011000000000001001&page=17&scale=80
2026-07-18 16:03:29,681 [INFO] src.corpus_acquisition.crawler: Downloading -> data/raw/images/trome/2024/01/10/trome_2024-01-10_17.jpg
2026-07-18 16:03:32,672 [INFO] src.corpus_acquisition.downloader: Downloading page 18 from https://t.prcdn.co/img?file=eag82024011000000000001001&page=18&scale=80
2026-07-18 16:03:32,672 [INFO] src.corpus_acquisition.crawler: Downloading -> data/raw/images/trome/2024/01/10/trome_2024-01-10_18.jpg
2026-07-18 16:03:35,829 [INFO] src.corpus_acquisition.downloader: Downloading page 19 from https://t.prcdn.co/img?file=eag82024011000000000001001&page=19&scale=80
2026-07-18 16:03:35,829 [INFO] src.corpus_acquisition.crawler: Downloading -> data/raw/images/trome/2024/01/10/trome_2024-01-10_19.jpg
2026-07-18 16:03:38,562 [INFO] src.corpus_acquisition.downloader: Downloading page 20 from https://t.prcdn.co/img?file=eag82024011000000000001001&page=20&scale=80
2026-07-18 16:03:38,563 [INFO] src.corpus_acquisition.crawler: Downloading -> data/raw/images/trome/2024/01/10/trome_2024-01-10_20.jpg
2026-07-18 16:03:41,254 [INFO] src.corpus_acquisition.downloader: Downloading page 21 from https://t.prcdn.co/img?file=eag82024011000000000001001&page=21&scale=80
2026-07-18 16:03:41,255 [INFO] src.corpus_acquisition.crawler: Downloading -> data/raw/images/trome/2024/01/10/trome_2024-01-10_21.jpg
2026-07-18 16:03:43,429 [INFO] src.corpus_acquisition.downloader: Downloading page 22 from https://t.prcdn.co/img?file=eag82024011000000000001001&page=22&scale=80
2026-07-18 16:03:43,429 [INFO] src.corpus_acquisition.crawler: Downloading -> data/raw/images/trome/2024/01/10/trome_2024-01-10_22.jpg
2026-07-18 16:03:46,226 [INFO] src.corpus_acquisition.downloader: Downloading page 23 from https://t.prcdn.co/img?file=eag82024011000000000001001&page=23&scale=80
2026-07-18 16:03:46,227 [INFO] src.corpus_acquisition.crawler: Downloading -> data/raw/images/trome/2024/01/10/trome_2024-01-10_23.jpg
2026-07-18 16:03:48,490 [INFO] src.corpus_acquisition.downloader: Downloading page 24 from https://t.prcdn.co/img?file=eag82024011000000000001001&page=24&scale=80
2026-07-18 16:03:48,490 [INFO] src.corpus_acquisition.crawler: Downloading -> data/raw/images/trome/2024/01/10/trome_2024-01-10_24.jpg
2026-07-18 16:03:51,361 [INFO] src.corpus_acquisition.downloader: Downloading page 25 from https://t.prcdn.co/img?file=eag82024011000000000001001&page=25&scale=80
2026-07-18 16:03:51,362 [INFO] src.corpus_acquisition.crawler: Downloading -> data/raw/images/trome/2024/01/10/trome_2024-01-10_25.jpg
2026-07-18 16:03:51,585 [WARNING] src.corpus_acquisition.downloader: Page 25 not found (1/3).
2026-07-18 16:03:51,585 [INFO] src.corpus_acquisition.downloader: Downloading page 26 from https://t.prcdn.co/img?file=eag82024011000000000001001&page=26&scale=80
2026-07-18 16:03:51,586 [INFO] src.corpus_acquisition.crawler: Downloading -> data/raw/images/trome/2024/01/10/trome_2024-01-10_26.jpg
2026-07-18 16:03:51,819 [WARNING] src.corpus_acquisition.downloader: Page 26 not found (2/3).
2026-07-18 16:03:51,819 [INFO] src.corpus_acquisition.downloader: Downloading page 27 from https://t.prcdn.co/img?file=eag82024011000000000001001&page=27&scale=80
2026-07-18 16:03:51,819 [INFO] src.corpus_acquisition.crawler: Downloading -> data/raw/images/trome/2024/01/10/trome_2024-01-10_27.jpg
2026-07-18 16:03:52,024 [WARNING] src.corpus_acquisition.downloader: Page 27 not found (3/3).
2026-07-18 16:03:52,024 [WARNING] src.corpus_acquisition.downloader: No new pages found after 3 attempts; stopping with 24 page(s).
2026-07-18 16:03:52,067 [INFO] src.corpus_acquisition.metadata_extractor: Saved metadata for 24 page(s) -> data/raw/metadata/trome_metadata.parquet (total rows: 36946)
2026-07-18 16:03:52,070 [INFO] src.corpus_acquisition.metadata_extractor: Saved crawl log -> data/raw/crawl_logs/trome_2024-01-10.json (status=success)
2026-07-18 16:03:52,907 [INFO] src.corpus_acquisition.downloader: Downloading page 1 from https://t.prcdn.co/img?file=eag82024011100000000001001&page=1&scale=80
2026-07-18 16:03:52,907 [INFO] src.corpus_acquisition.crawler: Downloading -> data/raw/images/trome/2024/01/11/trome_2024-01-11_1.jpg
2026-07-18 16:03:55,016 [INFO] src.corpus_acquisition.downloader: Downloading page 2 from https://t.prcdn.co/img?file=eag82024011100000000001001&page=2&scale=80
2026-07-18 16:03:55,016 [INFO] src.corpus_acquisition.crawler: Downloading -> data/raw/images/trome/2024/01/11/trome_2024-01-11_2.jpg
2026-07-18 16:03:58,021 [INFO] src.corpus_acquisition.downloader: Downloading page 3 from https://t.prcdn.co/img?file=eag82024011100000000001001&page=3&scale=80
2026-07-18 16:03:58,022 [INFO] src.corpus_acquisition.crawler: Downloading -> data/raw/images/trome/2024/01/11/trome_2024-01-11_3.jpg
2026-07-18 16:04:00,941 [INFO] src.corpus_acquisition.downloader: Downloading page 4 from https://t.prcdn.co/img?file=eag82024011100000000001001&page=4&scale=80
2026-07-18 16:04:00,942 [INFO] src.corpus_acquisition.crawler: Downloading -> data/raw/images/trome/2024/01/11/trome_2024-01-11_4.jpg
2026-07-18 16:04:03,454 [INFO] src.corpus_acquisition.downloader: Downloading page 5 from https://t.prcdn.co/img?file=eag82024011100000000001001&page=5&scale=80
2026-07-18 16:04:03,454 [INFO] src.corpus_acquisition.crawler: Downloading -> data/raw/images/trome/2024/01/11/trome_2024-01-11_5.jpg
2026-07-18 16:04:05,804 [INFO] src.corpus_acquisition.downloader: Downloading page 6 from https://t.prcdn.co/img?file=eag82024011100000000001001&page=6&scale=80
2026-07-18 16:04:05,805 [INFO] src.corpus_acquisition.crawler: Downloading -> data/raw/images/trome/2024/01/11/trome_2024-01-11_6.jpg
2026-07-18 16:04:08,494 [INFO] src.corpus_acquisition.downloader: Downloading page 7 from https://t.prcdn.co/img?file=eag82024011100000000001001&page=7&scale=80
2026-07-18 16:04:08,494 [INFO] src.corpus_acquisition.crawler: Downloading -> data/raw/images/trome/2024/01/11/trome_2024-01-11_7.jpg
2026-07-18 16:04:11,296 [INFO] src.corpus_acquisition.downloader: Downloading page 8 from https://t.prcdn.co/img?file=eag82024011100000000001001&page=8&scale=80
2026-07-18 16:04:11,296 [INFO] src.corpus_acquisition.crawler: Downloading -> data/raw/images/trome/2024/01/11/trome_2024-01-11_8.jpg
2026-07-18 16:04:14,967 [INFO] src.corpus_acquisition.downloader: Downloading page 9 from https://t.prcdn.co/img?file=eag82024011100000000001001&page=9&scale=80
2026-07-18 16:04:14,968 [INFO] src.corpus_acquisition.crawler: Downloading -> data/raw/images/trome/2024/01/11/trome_2024-01-11_9.jpg
2026-07-18 16:04:17,764 [INFO] src.corpus_acquisition.downloader: Downloading page 10 from https://t.prcdn.co/img?file=eag82024011100000000001001&page=10&scale=80
2026-07-18 16:04:17,764 [INFO] src.corpus_acquisition.crawler: Downloading -> data/raw/images/trome/2024/01/11/trome_2024-01-11_10.jpg
2026-07-18 16:04:20,624 [INFO] src.corpus_acquisition.downloader: Downloading page 11 from https://t.prcdn.co/img?file=eag82024011100000000001001&page=11&scale=80
2026-07-18 16:04:20,624 [INFO] src.corpus_acquisition.crawler: Downloading -> data/raw/images/trome/2024/01/11/trome_2024-01-11_11.jpg
2026-07-18 16:04:23,372 [INFO] src.corpus_acquisition.downloader: Downloading page 12 from https://t.prcdn.co/img?file=eag82024011100000000001001&page=12&scale=80
2026-07-18 16:04:23,373 [INFO] src.corpus_acquisition.crawler: Downloading -> data/raw/images/trome/2024/01/11/trome_2024-01-11_12.jpg
2026-07-18 16:04:26,591 [INFO] src.corpus_acquisition.downloader: Downloading page 13 from https://t.prcdn.co/img?file=eag82024011100000000001001&page=13&scale=80
2026-07-18 16:04:26,591 [INFO] src.corpus_acquisition.crawler: Downloading -> data/raw/images/trome/2024/01/11/trome_2024-01-11_13.jpg
2026-07-18 16:04:29,798 [INFO] src.corpus_acquisition.downloader: Downloading page 14 from https://t.prcdn.co/img?file=eag82024011100000000001001&page=14&scale=80
2026-07-18 16:04:29,799 [INFO] src.corpus_acquisition.crawler: Downloading -> data/raw/images/trome/2024/01/11/trome_2024-01-11_14.jpg
2026-07-18 16:04:32,186 [INFO] src.corpus_acquisition.downloader: Downloading page 15 from https://t.prcdn.co/img?file=eag82024011100000000001001&page=15&scale=80
2026-07-18 16:04:32,187 [INFO] src.corpus_acquisition.crawler: Downloading -> data/raw/images/trome/2024/01/11/trome_2024-01-11_15.jpg
2026-07-18 16:04:35,231 [INFO] src.corpus_acquisition.downloader: Downloading page 16 from https://t.prcdn.co/img?file=eag82024011100000000001001&page=16&scale=80
2026-07-18 16:04:35,231 [INFO] src.corpus_acquisition.crawler: Downloading -> data/raw/images/trome/2024/01/11/trome_2024-01-11_16.jpg
2026-07-18 16:04:37,976 [INFO] src.corpus_acquisition.downloader: Downloading page 17 from https://t.prcdn.co/img?file=eag82024011100000000001001&page=17&scale=80
2026-07-18 16:04:37,977 [INFO] src.corpus_acquisition.crawler: Downloading -> data/raw/images/trome/2024/01/11/trome_2024-01-11_17.jpg
2026-07-18 16:04:40,113 [INFO] src.corpus_acquisition.downloader: Downloading page 18 from https://t.prcdn.co/img?file=eag82024011100000000001001&page=18&scale=80
2026-07-18 16:04:40,113 [INFO] src.corpus_acquisition.crawler: Downloading -> data/raw/images/trome/2024/01/11/trome_2024-01-11_18.jpg
2026-07-18 16:04:42,689 [INFO] src.corpus_acquisition.downloader: Downloading page 19 from https://t.prcdn.co/img?file=eag82024011100000000001001&page=19&scale=80
2026-07-18 16:04:42,690 [INFO] src.corpus_acquisition.crawler: Downloading -> data/raw/images/trome/2024/01/11/trome_2024-01-11_19.jpg
2026-07-18 16:04:45,443 [INFO] src.corpus_acquisition.downloader: Downloading page 20 from https://t.prcdn.co/img?file=eag82024011100000000001001&page=20&scale=80
2026-07-18 16:04:45,443 [INFO] src.corpus_acquisition.crawler: Downloading -> data/raw/images/trome/2024/01/11/trome_2024-01-11_20.jpg
2026-07-18 16:04:47,788 [INFO] src.corpus_acquisition.downloader: Downloading page 21 from https://t.prcdn.co/img?file=eag82024011100000000001001&page=21&scale=80
2026-07-18 16:04:47,789 [INFO] src.corpus_acquisition.crawler: Downloading -> data/raw/images/trome/2024/01/11/trome_2024-01-11_21.jpg
2026-07-18 16:04:51,498 [INFO] src.corpus_acquisition.downloader: Downloading page 22 from https://t.prcdn.co/img?file=eag82024011100000000001001&page=22&scale=80
2026-07-18 16:04:51,499 [INFO] src.corpus_acquisition.crawler: Downloading -> data/raw/images/trome/2024/01/11/trome_2024-01-11_22.jpg
2026-07-18 16:04:54,406 [INFO] src.corpus_acquisition.downloader: Downloading page 23 from https://t.prcdn.co/img?file=eag82024011100000000001001&page=23&scale=80
2026-07-18 16:04:54,406 [INFO] src.corpus_acquisition.crawler: Downloading -> data/raw/images/trome/2024/01/11/trome_2024-01-11_23.jpg
2026-07-18 16:04:57,215 [INFO] src.corpus_acquisition.downloader: Downloading page 24 from https://t.prcdn.co/img?file=eag82024011100000000001001&page=24&scale=80
2026-07-18 16:04:57,215 [INFO] src.corpus_acquisition.crawler: Downloading -> data/raw/images/trome/2024/01/11/trome_2024-01-11_24.jpg
2026-07-18 16:04:59,721 [INFO] src.corpus_acquisition.downloader: Downloading page 25 from https://t.prcdn.co/img?file=eag82024011100000000001001&page=25&scale=80
2026-07-18 16:04:59,722 [INFO] src.corpus_acquisition.crawler: Downloading -> data/raw/images/trome/2024/01/11/trome_2024-01-11_25.jpg
2026-07-18 16:04:59,931 [WARNING] src.corpus_acquisition.downloader: Page 25 not found (1/3).
2026-07-18 16:04:59,931 [INFO] src.corpus_acquisition.downloader: Downloading page 26 from https://t.prcdn.co/img?file=eag82024011100000000001001&page=26&scale=80
2026-07-18 16:04:59,932 [INFO] src.corpus_acquisition.crawler: Downloading -> data/raw/images/trome/2024/01/11/trome_2024-01-11_26.jpg
2026-07-18 16:05:00,137 [WARNING] src.corpus_acquisition.downloader: Page 26 not found (2/3).
2026-07-18 16:05:00,138 [INFO] src.corpus_acquisition.downloader: Downloading page 27 from https://t.prcdn.co/img?file=eag82024011100000000001001&page=27&scale=80
2026-07-18 16:05:00,138 [INFO] src.corpus_acquisition.crawler: Downloading -> data/raw/images/trome/2024/01/11/trome_2024-01-11_27.jpg
2026-07-18 16:05:00,363 [WARNING] src.corpus_acquisition.downloader: Page 27 not found (3/3).
2026-07-18 16:05:00,363 [WARNING] src.corpus_acquisition.downloader: No new pages found after 3 attempts; stopping with 24 page(s).
2026-07-18 16:05:00,406 [INFO] src.corpus_acquisition.metadata_extractor: Saved metadata for 24 page(s) -> data/raw/metadata/trome_metadata.parquet (total rows: 36970)
2026-07-18 16:05:00,410 [INFO] src.corpus_acquisition.metadata_extractor: Saved crawl log -> data/raw/crawl_logs/trome_2024-01-11.json (status=success)
2026-07-18 16:05:01,368 [INFO] src.corpus_acquisition.downloader: Downloading page 1 from https://t.prcdn.co/img?file=eag82024011200000000001001&page=1&scale=80
2026-07-18 16:05:01,369 [INFO] src.corpus_acquisition.crawler: Downloading -> data/raw/images/trome/2024/01/12/trome_2024-01-12_1.jpg
2026-07-18 16:05:03,834 [INFO] src.corpus_acquisition.downloader: Downloading page 2 from https://t.prcdn.co/img?file=eag82024011200000000001001&page=2&scale=80
2026-07-18 16:05:03,835 [INFO] src.corpus_acquisition.crawler: Downloading -> data/raw/images/trome/2024/01/12/trome_2024-01-12_2.jpg
2026-07-18 16:05:07,172 [INFO] src.corpus_acquisition.downloader: Downloading page 3 from https://t.prcdn.co/img?file=eag82024011200000000001001&page=3&scale=80
2026-07-18 16:05:07,173 [INFO] src.corpus_acquisition.crawler: Downloading -> data/raw/images/trome/2024/01/12/trome_2024-01-12_3.jpg
2026-07-18 16:05:09,879 [INFO] src.corpus_acquisition.downloader: Downloading page 4 from https://t.prcdn.co/img?file=eag82024011200000000001001&page=4&scale=80
2026-07-18 16:05:09,879 [INFO] src.corpus_acquisition.crawler: Downloading -> data/raw/images/trome/2024/01/12/trome_2024-01-12_4.jpg
2026-07-18 16:05:12,153 [INFO] src.corpus_acquisition.downloader: Downloading page 5 from https://t.prcdn.co/img?file=eag82024011200000000001001&page=5&scale=80
2026-07-18 16:05:12,153 [INFO] src.corpus_acquisition.crawler: Downloading -> data/raw/images/trome/2024/01/12/trome_2024-01-12_5.jpg
2026-07-18 16:05:15,143 [INFO] src.corpus_acquisition.downloader: Downloading page 6 from https://t.prcdn.co/img?file=eag82024011200000000001001&page=6&scale=80
2026-07-18 16:05:15,144 [INFO] src.corpus_acquisition.crawler: Downloading -> data/raw/images/trome/2024/01/12/trome_2024-01-12_6.jpg
2026-07-18 16:05:18,464 [INFO] src.corpus_acquisition.downloader: Downloading page 7 from https://t.prcdn.co/img?file=eag82024011200000000001001&page=7&scale=80
2026-07-18 16:05:18,464 [INFO] src.corpus_acquisition.crawler: Downloading -> data/raw/images/trome/2024/01/12/trome_2024-01-12_7.jpg
2026-07-18 16:05:20,807 [INFO] src.corpus_acquisition.downloader: Downloading page 8 from https://t.prcdn.co/img?file=eag82024011200000000001001&page=8&scale=80
2026-07-18 16:05:20,807 [INFO] src.corpus_acquisition.crawler: Downloading -> data/raw/images/trome/2024/01/12/trome_2024-01-12_8.jpg
2026-07-18 16:05:23,887 [INFO] src.corpus_acquisition.downloader: Downloading page 9 from https://t.prcdn.co/img?file=eag82024011200000000001001&page=9&scale=80
2026-07-18 16:05:23,888 [INFO] src.corpus_acquisition.crawler: Downloading -> data/raw/images/trome/2024/01/12/trome_2024-01-12_9.jpg
2026-07-18 16:05:26,955 [INFO] src.corpus_acquisition.downloader: Downloading page 10 from https://t.prcdn.co/img?file=eag82024011200000000001001&page=10&scale=80
2026-07-18 16:05:26,955 [INFO] src.corpus_acquisition.crawler: Downloading -> data/raw/images/trome/2024/01/12/trome_2024-01-12_10.jpg
2026-07-18 16:05:31,486 [INFO] src.corpus_acquisition.downloader: Downloading page 11 from https://t.prcdn.co/img?file=eag82024011200000000001001&page=11&scale=80
2026-07-18 16:05:31,486 [INFO] src.corpus_acquisition.crawler: Downloading -> data/raw/images/trome/2024/01/12/trome_2024-01-12_11.jpg
2026-07-18 16:05:34,539 [INFO] src.corpus_acquisition.downloader: Downloading page 12 from https://t.prcdn.co/img?file=eag82024011200000000001001&page=12&scale=80
2026-07-18 16:05:34,540 [INFO] src.corpus_acquisition.crawler: Downloading -> data/raw/images/trome/2024/01/12/trome_2024-01-12_12.jpg
2026-07-18 16:05:37,357 [INFO] src.corpus_acquisition.downloader: Downloading page 13 from https://t.prcdn.co/img?file=eag82024011200000000001001&page=13&scale=80
2026-07-18 16:05:37,357 [INFO] src.corpus_acquisition.crawler: Downloading -> data/raw/images/trome/2024/01/12/trome_2024-01-12_13.jpg
2026-07-18 16:05:39,823 [INFO] src.corpus_acquisition.downloader: Downloading page 14 from https://t.prcdn.co/img?file=eag82024011200000000001001&page=14&scale=80
2026-07-18 16:05:39,824 [INFO] src.corpus_acquisition.crawler: Downloading -> data/raw/images/trome/2024/01/12/trome_2024-01-12_14.jpg
2026-07-18 16:05:43,154 [INFO] src.corpus_acquisition.downloader: Downloading page 15 from https://t.prcdn.co/img?file=eag82024011200000000001001&page=15&scale=80
2026-07-18 16:05:43,155 [INFO] src.corpus_acquisition.crawler: Downloading -> data/raw/images/trome/2024/01/12/trome_2024-01-12_15.jpg
2026-07-18 16:05:45,715 [INFO] src.corpus_acquisition.downloader: Downloading page 16 from https://t.prcdn.co/img?file=eag82024011200000000001001&page=16&scale=80
2026-07-18 16:05:45,715 [INFO] src.corpus_acquisition.crawler: Downloading -> data/raw/images/trome/2024/01/12/trome_2024-01-12_16.jpg
2026-07-18 16:05:48,058 [INFO] src.corpus_acquisition.downloader: Downloading page 17 from https://t.prcdn.co/img?file=eag82024011200000000001001&page=17&scale=80
2026-07-18 16:05:48,058 [INFO] src.corpus_acquisition.crawler: Downloading -> data/raw/images/trome/2024/01/12/trome_2024-01-12_17.jpg
2026-07-18 16:05:50,527 [INFO] src.corpus_acquisition.downloader: Downloading page 18 from https://t.prcdn.co/img?file=eag82024011200000000001001&page=18&scale=80
2026-07-18 16:05:50,528 [INFO] src.corpus_acquisition.crawler: Downloading -> data/raw/images/trome/2024/01/12/trome_2024-01-12_18.jpg
2026-07-18 16:05:54,109 [INFO] src.corpus_acquisition.downloader: Downloading page 19 from https://t.prcdn.co/img?file=eag82024011200000000001001&page=19&scale=80
2026-07-18 16:05:54,109 [INFO] src.corpus_acquisition.crawler: Downloading -> data/raw/images/trome/2024/01/12/trome_2024-01-12_19.jpg
2026-07-18 16:05:55,830 [INFO] src.corpus_acquisition.downloader: Downloading page 20 from https://t.prcdn.co/img?file=eag82024011200000000001001&page=20&scale=80
2026-07-18 16:05:55,831 [INFO] src.corpus_acquisition.crawler: Downloading -> data/raw/images/trome/2024/01/12/trome_2024-01-12_20.jpg
2026-07-18 16:05:59,116 [INFO] src.corpus_acquisition.downloader: Downloading page 21 from https://t.prcdn.co/img?file=eag82024011200000000001001&page=21&scale=80
2026-07-18 16:05:59,117 [INFO] src.corpus_acquisition.crawler: Downloading -> data/raw/images/trome/2024/01/12/trome_2024-01-12_21.jpg
2026-07-18 16:06:02,042 [INFO] src.corpus_acquisition.downloader: Downloading page 22 from https://t.prcdn.co/img?file=eag82024011200000000001001&page=22&scale=80
2026-07-18 16:06:02,042 [INFO] src.corpus_acquisition.crawler: Downloading -> data/raw/images/trome/2024/01/12/trome_2024-01-12_22.jpg
2026-07-18 16:06:04,933 [INFO] src.corpus_acquisition.downloader: Downloading page 23 from https://t.prcdn.co/img?file=eag82024011200000000001001&page=23&scale=80
2026-07-18 16:06:04,934 [INFO] src.corpus_acquisition.crawler: Downloading -> data/raw/images/trome/2024/01/12/trome_2024-01-12_23.jpg
2026-07-18 16:06:07,948 [INFO] src.corpus_acquisition.downloader: Downloading page 24 from https://t.prcdn.co/img?file=eag82024011200000000001001&page=24&scale=80
2026-07-18 16:06:07,948 [INFO] src.corpus_acquisition.crawler: Downloading -> data/raw/images/trome/2024/01/12/trome_2024-01-12_24.jpg
2026-07-18 16:06:10,908 [INFO] src.corpus_acquisition.downloader: Downloading page 25 from https://t.prcdn.co/img?file=eag82024011200000000001001&page=25&scale=80
2026-07-18 16:06:10,908 [INFO] src.corpus_acquisition.crawler: Downloading -> data/raw/images/trome/2024/01/12/trome_2024-01-12_25.jpg
2026-07-18 16:06:11,111 [WARNING] src.corpus_acquisition.downloader: Page 25 not found (1/3).
2026-07-18 16:06:11,112 [INFO] src.corpus_acquisition.downloader: Downloading page 26 from https://t.prcdn.co/img?file=eag82024011200000000001001&page=26&scale=80
2026-07-18 16:06:11,112 [INFO] src.corpus_acquisition.crawler: Downloading -> data/raw/images/trome/2024/01/12/trome_2024-01-12_26.jpg
2026-07-18 16:06:11,355 [WARNING] src.corpus_acquisition.downloader: Page 26 not found (2/3).
2026-07-18 16:06:11,355 [INFO] src.corpus_acquisition.downloader: Downloading page 27 from https://t.prcdn.co/img?file=eag82024011200000000001001&page=27&scale=80
2026-07-18 16:06:11,356 [INFO] src.corpus_acquisition.crawler: Downloading -> data/raw/images/trome/2024/01/12/trome_2024-01-12_27.jpg
2026-07-18 16:06:11,567 [WARNING] src.corpus_acquisition.downloader: Page 27 not found (3/3).
2026-07-18 16:06:11,567 [WARNING] src.corpus_acquisition.downloader: No new pages found after 3 attempts; stopping with 24 page(s).
2026-07-18 16:06:11,610 [INFO] src.corpus_acquisition.metadata_extractor: Saved metadata for 24 page(s) -> data/raw/metadata/trome_metadata.parquet (total rows: 36994)
2026-07-18 16:06:11,612 [INFO] src.corpus_acquisition.metadata_extractor: Saved crawl log -> data/raw/crawl_logs/trome_2024-01-12.json (status=success)
2026-07-18 16:06:12,775 [INFO] src.corpus_acquisition.downloader: Downloading page 1 from https://t.prcdn.co/img?file=eag82024011300000000001001&page=1&scale=80
2026-07-18 16:06:12,776 [INFO] src.corpus_acquisition.crawler: Downloading -> data/raw/images/trome/2024/01/13/trome_2024-01-13_1.jpg
2026-07-18 16:06:14,955 [INFO] src.corpus_acquisition.downloader: Downloading page 2 from https://t.prcdn.co/img?file=eag82024011300000000001001&page=2&scale=80
2026-07-18 16:06:14,955 [INFO] src.corpus_acquisition.crawler: Downloading -> data/raw/images/trome/2024/01/13/trome_2024-01-13_2.jpg
2026-07-18 16:06:18,569 [INFO] src.corpus_acquisition.downloader: Downloading page 3 from https://t.prcdn.co/img?file=eag82024011300000000001001&page=3&scale=80
2026-07-18 16:06:18,570 [INFO] src.corpus_acquisition.crawler: Downloading -> data/raw/images/trome/2024/01/13/trome_2024-01-13_3.jpg
2026-07-18 16:06:20,736 [INFO] src.corpus_acquisition.downloader: Downloading page 4 from https://t.prcdn.co/img?file=eag82024011300000000001001&page=4&scale=80
2026-07-18 16:06:20,736 [INFO] src.corpus_acquisition.crawler: Downloading -> data/raw/images/trome/2024/01/13/trome_2024-01-13_4.jpg
2026-07-18 16:06:23,951 [INFO] src.corpus_acquisition.downloader: Downloading page 5 from https://t.prcdn.co/img?file=eag82024011300000000001001&page=5&scale=80
2026-07-18 16:06:23,952 [INFO] src.corpus_acquisition.crawler: Downloading -> data/raw/images/trome/2024/01/13/trome_2024-01-13_5.jpg
2026-07-18 16:06:26,774 [INFO] src.corpus_acquisition.downloader: Downloading page 6 from https://t.prcdn.co/img?file=eag82024011300000000001001&page=6&scale=80
2026-07-18 16:06:26,775 [INFO] src.corpus_acquisition.crawler: Downloading -> data/raw/images/trome/2024/01/13/trome_2024-01-13_6.jpg
2026-07-18 16:06:29,793 [INFO] src.corpus_acquisition.downloader: Downloading page 7 from https://t.prcdn.co/img?file=eag82024011300000000001001&page=7&scale=80
2026-07-18 16:06:29,793 [INFO] src.corpus_acquisition.crawler: Downloading -> data/raw/images/trome/2024/01/13/trome_2024-01-13_7.jpg
2026-07-18 16:06:32,112 [INFO] src.corpus_acquisition.downloader: Downloading page 8 from https://t.prcdn.co/img?file=eag82024011300000000001001&page=8&scale=80
2026-07-18 16:06:32,113 [INFO] src.corpus_acquisition.crawler: Downloading -> data/raw/images/trome/2024/01/13/trome_2024-01-13_8.jpg
2026-07-18 16:06:34,903 [INFO] src.corpus_acquisition.downloader: Downloading page 9 from https://t.prcdn.co/img?file=eag82024011300000000001001&page=9&scale=80
2026-07-18 16:06:34,904 [INFO] src.corpus_acquisition.crawler: Downloading -> data/raw/images/trome/2024/01/13/trome_2024-01-13_9.jpg
2026-07-18 16:06:38,081 [INFO] src.corpus_acquisition.downloader: Downloading page 10 from https://t.prcdn.co/img?file=eag82024011300000000001001&page=10&scale=80
2026-07-18 16:06:38,081 [INFO] src.corpus_acquisition.crawler: Downloading -> data/raw/images/trome/2024/01/13/trome_2024-01-13_10.jpg
2026-07-18 16:06:40,981 [INFO] src.corpus_acquisition.downloader: Downloading page 11 from https://t.prcdn.co/img?file=eag82024011300000000001001&page=11&scale=80
2026-07-18 16:06:40,981 [INFO] src.corpus_acquisition.crawler: Downloading -> data/raw/images/trome/2024/01/13/trome_2024-01-13_11.jpg
2026-07-18 16:06:43,855 [INFO] src.corpus_acquisition.downloader: Downloading page 12 from https://t.prcdn.co/img?file=eag82024011300000000001001&page=12&scale=80
2026-07-18 16:06:43,855 [INFO] src.corpus_acquisition.crawler: Downloading -> data/raw/images/trome/2024/01/13/trome_2024-01-13_12.jpg
2026-07-18 16:06:46,186 [INFO] src.corpus_acquisition.downloader: Downloading page 13 from https://t.prcdn.co/img?file=eag82024011300000000001001&page=13&scale=80
2026-07-18 16:06:46,186 [INFO] src.corpus_acquisition.crawler: Downloading -> data/raw/images/trome/2024/01/13/trome_2024-01-13_13.jpg
2026-07-18 16:06:49,479 [INFO] src.corpus_acquisition.downloader: Downloading page 14 from https://t.prcdn.co/img?file=eag82024011300000000001001&page=14&scale=80
2026-07-18 16:06:49,479 [INFO] src.corpus_acquisition.crawler: Downloading -> data/raw/images/trome/2024/01/13/trome_2024-01-13_14.jpg
2026-07-18 16:06:53,259 [INFO] src.corpus_acquisition.downloader: Downloading page 15 from https://t.prcdn.co/img?file=eag82024011300000000001001&page=15&scale=80
2026-07-18 16:06:53,260 [INFO] src.corpus_acquisition.crawler: Downloading -> data/raw/images/trome/2024/01/13/trome_2024-01-13_15.jpg
2026-07-18 16:06:55,878 [INFO] src.corpus_acquisition.downloader: Downloading page 16 from https://t.prcdn.co/img?file=eag82024011300000000001001&page=16&scale=80
2026-07-18 16:06:55,879 [INFO] src.corpus_acquisition.crawler: Downloading -> data/raw/images/trome/2024/01/13/trome_2024-01-13_16.jpg
2026-07-18 16:06:59,138 [INFO] src.corpus_acquisition.downloader: Downloading page 17 from https://t.prcdn.co/img?file=eag82024011300000000001001&page=17&scale=80
2026-07-18 16:06:59,139 [INFO] src.corpus_acquisition.crawler: Downloading -> data/raw/images/trome/2024/01/13/trome_2024-01-13_17.jpg
2026-07-18 16:07:02,433 [INFO] src.corpus_acquisition.downloader: Downloading page 18 from https://t.prcdn.co/img?file=eag82024011300000000001001&page=18&scale=80
2026-07-18 16:07:02,434 [INFO] src.corpus_acquisition.crawler: Downloading -> data/raw/images/trome/2024/01/13/trome_2024-01-13_18.jpg
2026-07-18 16:07:05,051 [INFO] src.corpus_acquisition.downloader: Downloading page 19 from https://t.prcdn.co/img?file=eag82024011300000000001001&page=19&scale=80
2026-07-18 16:07:05,051 [INFO] src.corpus_acquisition.crawler: Downloading -> data/raw/images/trome/2024/01/13/trome_2024-01-13_19.jpg
2026-07-18 16:07:08,207 [INFO] src.corpus_acquisition.downloader: Downloading page 20 from https://t.prcdn.co/img?file=eag82024011300000000001001&page=20&scale=80
2026-07-18 16:07:08,208 [INFO] src.corpus_acquisition.crawler: Downloading -> data/raw/images/trome/2024/01/13/trome_2024-01-13_20.jpg
2026-07-18 16:07:10,967 [INFO] src.corpus_acquisition.downloader: Downloading page 21 from https://t.prcdn.co/img?file=eag82024011300000000001001&page=21&scale=80
2026-07-18 16:07:10,967 [INFO] src.corpus_acquisition.crawler: Downloading -> data/raw/images/trome/2024/01/13/trome_2024-01-13_21.jpg
2026-07-18 16:07:13,935 [INFO] src.corpus_acquisition.downloader: Downloading page 22 from https://t.prcdn.co/img?file=eag82024011300000000001001&page=22&scale=80
2026-07-18 16:07:13,936 [INFO] src.corpus_acquisition.crawler: Downloading -> data/raw/images/trome/2024/01/13/trome_2024-01-13_22.jpg
2026-07-18 16:07:17,339 [INFO] src.corpus_acquisition.downloader: Downloading page 23 from https://t.prcdn.co/img?file=eag82024011300000000001001&page=23&scale=80
2026-07-18 16:07:17,339 [INFO] src.corpus_acquisition.crawler: Downloading -> data/raw/images/trome/2024/01/13/trome_2024-01-13_23.jpg
2026-07-18 16:07:19,980 [INFO] src.corpus_acquisition.downloader: Downloading page 24 from https://t.prcdn.co/img?file=eag82024011300000000001001&page=24&scale=80
2026-07-18 16:07:19,980 [INFO] src.corpus_acquisition.crawler: Downloading -> data/raw/images/trome/2024/01/13/trome_2024-01-13_24.jpg
2026-07-18 16:07:22,193 [INFO] src.corpus_acquisition.downloader: Downloading page 25 from https://t.prcdn.co/img?file=eag82024011300000000001001&page=25&scale=80
2026-07-18 16:07:22,194 [INFO] src.corpus_acquisition.crawler: Downloading -> data/raw/images/trome/2024/01/13/trome_2024-01-13_25.jpg
2026-07-18 16:07:22,399 [WARNING] src.corpus_acquisition.downloader: Page 25 not found (1/3).
2026-07-18 16:07:22,400 [INFO] src.corpus_acquisition.downloader: Downloading page 26 from https://t.prcdn.co/img?file=eag82024011300000000001001&page=26&scale=80
2026-07-18 16:07:22,400 [INFO] src.corpus_acquisition.crawler: Downloading -> data/raw/images/trome/2024/01/13/trome_2024-01-13_26.jpg
2026-07-18 16:07:22,600 [WARNING] src.corpus_acquisition.downloader: Page 26 not found (2/3).
2026-07-18 16:07:22,600 [INFO] src.corpus_acquisition.downloader: Downloading page 27 from https://t.prcdn.co/img?file=eag82024011300000000001001&page=27&scale=80
2026-07-18 16:07:22,600 [INFO] src.corpus_acquisition.crawler: Downloading -> data/raw/images/trome/2024/01/13/trome_2024-01-13_27.jpg
2026-07-18 16:07:22,833 [WARNING] src.corpus_acquisition.downloader: Page 27 not found (3/3).
2026-07-18 16:07:22,833 [WARNING] src.corpus_acquisition.downloader: No new pages found after 3 attempts; stopping with 24 page(s).
2026-07-18 16:07:22,878 [INFO] src.corpus_acquisition.metadata_extractor: Saved metadata for 24 page(s) -> data/raw/metadata/trome_metadata.parquet (total rows: 37018)
2026-07-18 16:07:22,882 [INFO] src.corpus_acquisition.metadata_extractor: Saved crawl log -> data/raw/crawl_logs/trome_2024-01-13.json (status=success)
2026-07-18 16:07:23,996 [INFO] src.corpus_acquisition.downloader: Downloading page 1 from https://t.prcdn.co/img?file=eag82024011400000000001001&page=1&scale=80
2026-07-18 16:07:23,997 [INFO] src.corpus_acquisition.crawler: Downloading -> data/raw/images/trome/2024/01/14/trome_2024-01-14_1.jpg
2026-07-18 16:07:26,193 [INFO] src.corpus_acquisition.downloader: Downloading page 2 from https://t.prcdn.co/img?file=eag82024011400000000001001&page=2&scale=80
2026-07-18 16:07:26,194 [INFO] src.corpus_acquisition.crawler: Downloading -> data/raw/images/trome/2024/01/14/trome_2024-01-14_2.jpg
2026-07-18 16:07:29,021 [INFO] src.corpus_acquisition.downloader: Downloading page 3 from https://t.prcdn.co/img?file=eag82024011400000000001001&page=3&scale=80
2026-07-18 16:07:29,022 [INFO] src.corpus_acquisition.crawler: Downloading -> data/raw/images/trome/2024/01/14/trome_2024-01-14_3.jpg
2026-07-18 16:07:31,655 [INFO] src.corpus_acquisition.downloader: Downloading page 4 from https://t.prcdn.co/img?file=eag82024011400000000001001&page=4&scale=80
2026-07-18 16:07:31,655 [INFO] src.corpus_acquisition.crawler: Downloading -> data/raw/images/trome/2024/01/14/trome_2024-01-14_4.jpg
2026-07-18 16:07:34,957 [INFO] src.corpus_acquisition.downloader: Downloading page 5 from https://t.prcdn.co/img?file=eag82024011400000000001001&page=5&scale=80
2026-07-18 16:07:34,957 [INFO] src.corpus_acquisition.crawler: Downloading -> data/raw/images/trome/2024/01/14/trome_2024-01-14_5.jpg
2026-07-18 16:07:37,160 [INFO] src.corpus_acquisition.downloader: Downloading page 6 from https://t.prcdn.co/img?file=eag82024011400000000001001&page=6&scale=80
2026-07-18 16:07:37,161 [INFO] src.corpus_acquisition.crawler: Downloading -> data/raw/images/trome/2024/01/14/trome_2024-01-14_6.jpg
2026-07-18 16:07:40,676 [INFO] src.corpus_acquisition.downloader: Downloading page 7 from https://t.prcdn.co/img?file=eag82024011400000000001001&page=7&scale=80
2026-07-18 16:07:40,676 [INFO] src.corpus_acquisition.crawler: Downloading -> data/raw/images/trome/2024/01/14/trome_2024-01-14_7.jpg
2026-07-18 16:07:43,203 [INFO] src.corpus_acquisition.downloader: Downloading page 8 from https://t.prcdn.co/img?file=eag82024011400000000001001&page=8&scale=80
2026-07-18 16:07:43,204 [INFO] src.corpus_acquisition.crawler: Downloading -> data/raw/images/trome/2024/01/14/trome_2024-01-14_8.jpg
2026-07-18 16:07:46,043 [INFO] src.corpus_acquisition.downloader: Downloading page 9 from https://t.prcdn.co/img?file=eag82024011400000000001001&page=9&scale=80
2026-07-18 16:07:46,043 [INFO] src.corpus_acquisition.crawler: Downloading -> data/raw/images/trome/2024/01/14/trome_2024-01-14_9.jpg
2026-07-18 16:07:49,698 [INFO] src.corpus_acquisition.downloader: Downloading page 10 from https://t.prcdn.co/img?file=eag82024011400000000001001&page=10&scale=80
2026-07-18 16:07:49,699 [INFO] src.corpus_acquisition.crawler: Downloading -> data/raw/images/trome/2024/01/14/trome_2024-01-14_10.jpg
2026-07-18 16:07:52,619 [INFO] src.corpus_acquisition.downloader: Downloading page 11 from https://t.prcdn.co/img?file=eag82024011400000000001001&page=11&scale=80
2026-07-18 16:07:52,619 [INFO] src.corpus_acquisition.crawler: Downloading -> data/raw/images/trome/2024/01/14/trome_2024-01-14_11.jpg
2026-07-18 16:07:55,587 [INFO] src.corpus_acquisition.downloader: Downloading page 12 from https://t.prcdn.co/img?file=eag82024011400000000001001&page=12&scale=80
2026-07-18 16:07:55,588 [INFO] src.corpus_acquisition.crawler: Downloading -> data/raw/images/trome/2024/01/14/trome_2024-01-14_12.jpg
2026-07-18 16:07:58,669 [INFO] src.corpus_acquisition.downloader: Downloading page 13 from https://t.prcdn.co/img?file=eag82024011400000000001001&page=13&scale=80
2026-07-18 16:07:58,669 [INFO] src.corpus_acquisition.crawler: Downloading -> data/raw/images/trome/2024/01/14/trome_2024-01-14_13.jpg
2026-07-18 16:08:01,178 [INFO] src.corpus_acquisition.downloader: Downloading page 14 from https://t.prcdn.co/img?file=eag82024011400000000001001&page=14&scale=80
2026-07-18 16:08:01,178 [INFO] src.corpus_acquisition.crawler: Downloading -> data/raw/images/trome/2024/01/14/trome_2024-01-14_14.jpg
2026-07-18 16:08:04,089 [INFO] src.corpus_acquisition.downloader: Downloading page 15 from https://t.prcdn.co/img?file=eag82024011400000000001001&page=15&scale=80
2026-07-18 16:08:04,089 [INFO] src.corpus_acquisition.crawler: Downloading -> data/raw/images/trome/2024/01/14/trome_2024-01-14_15.jpg
2026-07-18 16:08:09,353 [INFO] src.corpus_acquisition.downloader: Downloading page 16 from https://t.prcdn.co/img?file=eag82024011400000000001001&page=16&scale=80
2026-07-18 16:08:09,353 [INFO] src.corpus_acquisition.crawler: Downloading -> data/raw/images/trome/2024/01/14/trome_2024-01-14_16.jpg
2026-07-18 16:08:11,960 [INFO] src.corpus_acquisition.downloader: Downloading page 17 from https://t.prcdn.co/img?file=eag82024011400000000001001&page=17&scale=80
2026-07-18 16:08:11,961 [INFO] src.corpus_acquisition.crawler: Downloading -> data/raw/images/trome/2024/01/14/trome_2024-01-14_17.jpg
2026-07-18 16:08:14,951 [INFO] src.corpus_acquisition.downloader: Downloading page 18 from https://t.prcdn.co/img?file=eag82024011400000000001001&page=18&scale=80
2026-07-18 16:08:14,951 [INFO] src.corpus_acquisition.crawler: Downloading -> data/raw/images/trome/2024/01/14/trome_2024-01-14_18.jpg
2026-07-18 16:08:17,930 [INFO] src.corpus_acquisition.downloader: Downloading page 19 from https://t.prcdn.co/img?file=eag82024011400000000001001&page=19&scale=80
2026-07-18 16:08:17,930 [INFO] src.corpus_acquisition.crawler: Downloading -> data/raw/images/trome/2024/01/14/trome_2024-01-14_19.jpg
2026-07-18 16:08:20,428 [INFO] src.corpus_acquisition.downloader: Downloading page 20 from https://t.prcdn.co/img?file=eag82024011400000000001001&page=20&scale=80
2026-07-18 16:08:20,428 [INFO] src.corpus_acquisition.crawler: Downloading -> data/raw/images/trome/2024/01/14/trome_2024-01-14_20.jpg
2026-07-18 16:08:23,555 [INFO] src.corpus_acquisition.downloader: Downloading page 21 from https://t.prcdn.co/img?file=eag82024011400000000001001&page=21&scale=80
2026-07-18 16:08:23,556 [INFO] src.corpus_acquisition.crawler: Downloading -> data/raw/images/trome/2024/01/14/trome_2024-01-14_21.jpg
2026-07-18 16:08:25,962 [INFO] src.corpus_acquisition.downloader: Downloading page 22 from https://t.prcdn.co/img?file=eag82024011400000000001001&page=22&scale=80
2026-07-18 16:08:25,962 [INFO] src.corpus_acquisition.crawler: Downloading -> data/raw/images/trome/2024/01/14/trome_2024-01-14_22.jpg
2026-07-18 16:08:28,812 [INFO] src.corpus_acquisition.downloader: Downloading page 23 from https://t.prcdn.co/img?file=eag82024011400000000001001&page=23&scale=80
2026-07-18 16:08:28,812 [INFO] src.corpus_acquisition.crawler: Downloading -> data/raw/images/trome/2024/01/14/trome_2024-01-14_23.jpg
2026-07-18 16:08:31,200 [INFO] src.corpus_acquisition.downloader: Downloading page 24 from https://t.prcdn.co/img?file=eag82024011400000000001001&page=24&scale=80
2026-07-18 16:08:31,201 [INFO] src.corpus_acquisition.crawler: Downloading -> data/raw/images/trome/2024/01/14/trome_2024-01-14_24.jpg
2026-07-18 16:08:34,228 [INFO] src.corpus_acquisition.downloader: Downloading page 25 from https://t.prcdn.co/img?file=eag82024011400000000001001&page=25&scale=80
2026-07-18 16:08:34,229 [INFO] src.corpus_acquisition.crawler: Downloading -> data/raw/images/trome/2024/01/14/trome_2024-01-14_25.jpg
2026-07-18 16:08:37,558 [INFO] src.corpus_acquisition.downloader: Downloading page 26 from https://t.prcdn.co/img?file=eag82024011400000000001001&page=26&scale=80
2026-07-18 16:08:37,558 [INFO] src.corpus_acquisition.crawler: Downloading -> data/raw/images/trome/2024/01/14/trome_2024-01-14_26.jpg
2026-07-18 16:08:40,325 [INFO] src.corpus_acquisition.downloader: Downloading page 27 from https://t.prcdn.co/img?file=eag82024011400000000001001&page=27&scale=80
2026-07-18 16:08:40,326 [INFO] src.corpus_acquisition.crawler: Downloading -> data/raw/images/trome/2024/01/14/trome_2024-01-14_27.jpg
2026-07-18 16:08:43,252 [INFO] src.corpus_acquisition.downloader: Downloading page 28 from https://t.prcdn.co/img?file=eag82024011400000000001001&page=28&scale=80
2026-07-18 16:08:43,253 [INFO] src.corpus_acquisition.crawler: Downloading -> data/raw/images/trome/2024/01/14/trome_2024-01-14_28.jpg
2026-07-18 16:08:46,087 [INFO] src.corpus_acquisition.downloader: Downloading page 29 from https://t.prcdn.co/img?file=eag82024011400000000001001&page=29&scale=80
2026-07-18 16:08:46,087 [INFO] src.corpus_acquisition.crawler: Downloading -> data/raw/images/trome/2024/01/14/trome_2024-01-14_29.jpg
2026-07-18 16:08:46,286 [WARNING] src.corpus_acquisition.downloader: Page 29 not found (1/3).
2026-07-18 16:08:46,287 [INFO] src.corpus_acquisition.downloader: Downloading page 30 from https://t.prcdn.co/img?file=eag82024011400000000001001&page=30&scale=80
2026-07-18 16:08:46,287 [INFO] src.corpus_acquisition.crawler: Downloading -> data/raw/images/trome/2024/01/14/trome_2024-01-14_30.jpg
2026-07-18 16:08:46,488 [WARNING] src.corpus_acquisition.downloader: Page 30 not found (2/3).
2026-07-18 16:08:46,488 [INFO] src.corpus_acquisition.downloader: Downloading page 31 from https://t.prcdn.co/img?file=eag82024011400000000001001&page=31&scale=80
2026-07-18 16:08:46,488 [INFO] src.corpus_acquisition.crawler: Downloading -> data/raw/images/trome/2024/01/14/trome_2024-01-14_31.jpg
2026-07-18 16:08:46,938 [WARNING] src.corpus_acquisition.downloader: Page 31 not found (3/3).
2026-07-18 16:08:46,938 [WARNING] src.corpus_acquisition.downloader: No new pages found after 3 attempts; stopping with 28 page(s).
2026-07-18 16:08:46,981 [INFO] src.corpus_acquisition.metadata_extractor: Saved metadata for 28 page(s) -> data/raw/metadata/trome_metadata.parquet (total rows: 37046)
2026-07-18 16:08:46,983 [INFO] src.corpus_acquisition.metadata_extractor: Saved crawl log -> data/raw/crawl_logs/trome_2024-01-14.json (status=success)
2026-07-18 16:08:48,246 [INFO] src.corpus_acquisition.downloader: Downloading page 1 from https://t.prcdn.co/img?file=eag82024011500000000001001&page=1&scale=80
2026-07-18 16:08:48,247 [INFO] src.corpus_acquisition.crawler: Downloading -> data/raw/images/trome/2024/01/15/trome_2024-01-15_1.jpg
2026-07-18 16:08:51,735 [INFO] src.corpus_acquisition.downloader: Downloading page 2 from https://t.prcdn.co/img?file=eag82024011500000000001001&page=2&scale=80
2026-07-18 16:08:51,735 [INFO] src.corpus_acquisition.crawler: Downloading -> data/raw/images/trome/2024/01/15/trome_2024-01-15_2.jpg
2026-07-18 16:08:55,033 [INFO] src.corpus_acquisition.downloader: Downloading page 3 from https://t.prcdn.co/img?file=eag82024011500000000001001&page=3&scale=80
2026-07-18 16:08:55,033 [INFO] src.corpus_acquisition.crawler: Downloading -> data/raw/images/trome/2024/01/15/trome_2024-01-15_3.jpg
2026-07-18 16:08:58,025 [INFO] src.corpus_acquisition.downloader: Downloading page 4 from https://t.prcdn.co/img?file=eag82024011500000000001001&page=4&scale=80
2026-07-18 16:08:58,025 [INFO] src.corpus_acquisition.crawler: Downloading -> data/raw/images/trome/2024/01/15/trome_2024-01-15_4.jpg
2026-07-18 16:09:00,556 [INFO] src.corpus_acquisition.downloader: Downloading page 5 from https://t.prcdn.co/img?file=eag82024011500000000001001&page=5&scale=80
2026-07-18 16:09:00,557 [INFO] src.corpus_acquisition.crawler: Downloading -> data/raw/images/trome/2024/01/15/trome_2024-01-15_5.jpg
2026-07-18 16:09:03,610 [INFO] src.corpus_acquisition.downloader: Downloading page 6 from https://t.prcdn.co/img?file=eag82024011500000000001001&page=6&scale=80
2026-07-18 16:09:03,610 [INFO] src.corpus_acquisition.crawler: Downloading -> data/raw/images/trome/2024/01/15/trome_2024-01-15_6.jpg
2026-07-18 16:09:07,112 [INFO] src.corpus_acquisition.downloader: Downloading page 7 from https://t.prcdn.co/img?file=eag82024011500000000001001&page=7&scale=80
2026-07-18 16:09:07,112 [INFO] src.corpus_acquisition.crawler: Downloading -> data/raw/images/trome/2024/01/15/trome_2024-01-15_7.jpg
2026-07-18 16:09:09,323 [INFO] src.corpus_acquisition.downloader: Downloading page 8 from https://t.prcdn.co/img?file=eag82024011500000000001001&page=8&scale=80
2026-07-18 16:09:09,323 [INFO] src.corpus_acquisition.crawler: Downloading -> data/raw/images/trome/2024/01/15/trome_2024-01-15_8.jpg
2026-07-18 16:09:11,732 [INFO] src.corpus_acquisition.downloader: Downloading page 9 from https://t.prcdn.co/img?file=eag82024011500000000001001&page=9&scale=80
2026-07-18 16:09:11,733 [INFO] src.corpus_acquisition.crawler: Downloading -> data/raw/images/trome/2024/01/15/trome_2024-01-15_9.jpg
2026-07-18 16:09:14,539 [INFO] src.corpus_acquisition.downloader: Downloading page 10 from https://t.prcdn.co/img?file=eag82024011500000000001001&page=10&scale=80
2026-07-18 16:09:14,539 [INFO] src.corpus_acquisition.crawler: Downloading -> data/raw/images/trome/2024/01/15/trome_2024-01-15_10.jpg
2026-07-18 16:09:19,275 [INFO] src.corpus_acquisition.downloader: Downloading page 11 from https://t.prcdn.co/img?file=eag82024011500000000001001&page=11&scale=80
2026-07-18 16:09:19,276 [INFO] src.corpus_acquisition.crawler: Downloading -> data/raw/images/trome/2024/01/15/trome_2024-01-15_11.jpg
2026-07-18 16:09:22,066 [INFO] src.corpus_acquisition.downloader: Downloading page 12 from https://t.prcdn.co/img?file=eag82024011500000000001001&page=12&scale=80
2026-07-18 16:09:22,067 [INFO] src.corpus_acquisition.crawler: Downloading -> data/raw/images/trome/2024/01/15/trome_2024-01-15_12.jpg
2026-07-18 16:09:24,651 [INFO] src.corpus_acquisition.downloader: Downloading page 13 from https://t.prcdn.co/img?file=eag82024011500000000001001&page=13&scale=80
2026-07-18 16:09:24,651 [INFO] src.corpus_acquisition.crawler: Downloading -> data/raw/images/trome/2024/01/15/trome_2024-01-15_13.jpg
2026-07-18 16:09:27,603 [INFO] src.corpus_acquisition.downloader: Downloading page 14 from https://t.prcdn.co/img?file=eag82024011500000000001001&page=14&scale=80
2026-07-18 16:09:27,603 [INFO] src.corpus_acquisition.crawler: Downloading -> data/raw/images/trome/2024/01/15/trome_2024-01-15_14.jpg
2026-07-18 16:09:30,162 [INFO] src.corpus_acquisition.downloader: Downloading page 15 from https://t.prcdn.co/img?file=eag82024011500000000001001&page=15&scale=80
2026-07-18 16:09:30,162 [INFO] src.corpus_acquisition.crawler: Downloading -> data/raw/images/trome/2024/01/15/trome_2024-01-15_15.jpg
2026-07-18 16:09:32,816 [INFO] src.corpus_acquisition.downloader: Downloading page 16 from https://t.prcdn.co/img?file=eag82024011500000000001001&page=16&scale=80
2026-07-18 16:09:32,817 [INFO] src.corpus_acquisition.crawler: Downloading -> data/raw/images/trome/2024/01/15/trome_2024-01-15_16.jpg
2026-07-18 16:09:36,219 [INFO] src.corpus_acquisition.downloader: Downloading page 17 from https://t.prcdn.co/img?file=eag82024011500000000001001&page=17&scale=80
2026-07-18 16:09:36,219 [INFO] src.corpus_acquisition.crawler: Downloading -> data/raw/images/trome/2024/01/15/trome_2024-01-15_17.jpg
2026-07-18 16:09:39,206 [INFO] src.corpus_acquisition.downloader: Downloading page 18 from https://t.prcdn.co/img?file=eag82024011500000000001001&page=18&scale=80
2026-07-18 16:09:39,206 [INFO] src.corpus_acquisition.crawler: Downloading -> data/raw/images/trome/2024/01/15/trome_2024-01-15_18.jpg
2026-07-18 16:09:42,917 [INFO] src.corpus_acquisition.downloader: Downloading page 19 from https://t.prcdn.co/img?file=eag82024011500000000001001&page=19&scale=80
2026-07-18 16:09:42,917 [INFO] src.corpus_acquisition.crawler: Downloading -> data/raw/images/trome/2024/01/15/trome_2024-01-15_19.jpg
2026-07-18 16:09:45,700 [INFO] src.corpus_acquisition.downloader: Downloading page 20 from https://t.prcdn.co/img?file=eag82024011500000000001001&page=20&scale=80
2026-07-18 16:09:45,700 [INFO] src.corpus_acquisition.crawler: Downloading -> data/raw/images/trome/2024/01/15/trome_2024-01-15_20.jpg
2026-07-18 16:09:47,922 [INFO] src.corpus_acquisition.downloader: Downloading page 21 from https://t.prcdn.co/img?file=eag82024011500000000001001&page=21&scale=80
2026-07-18 16:09:47,922 [INFO] src.corpus_acquisition.crawler: Downloading -> data/raw/images/trome/2024/01/15/trome_2024-01-15_21.jpg
2026-07-18 16:09:51,004 [INFO] src.corpus_acquisition.downloader: Downloading page 22 from https://t.prcdn.co/img?file=eag82024011500000000001001&page=22&scale=80
2026-07-18 16:09:51,005 [INFO] src.corpus_acquisition.crawler: Downloading -> data/raw/images/trome/2024/01/15/trome_2024-01-15_22.jpg
2026-07-18 16:09:54,156 [INFO] src.corpus_acquisition.downloader: Downloading page 23 from https://t.prcdn.co/img?file=eag82024011500000000001001&page=23&scale=80
2026-07-18 16:09:54,157 [INFO] src.corpus_acquisition.crawler: Downloading -> data/raw/images/trome/2024/01/15/trome_2024-01-15_23.jpg
2026-07-18 16:09:56,970 [INFO] src.corpus_acquisition.downloader: Downloading page 24 from https://t.prcdn.co/img?file=eag82024011500000000001001&page=24&scale=80
2026-07-18 16:09:56,971 [INFO] src.corpus_acquisition.crawler: Downloading -> data/raw/images/trome/2024/01/15/trome_2024-01-15_24.jpg
2026-07-18 16:10:00,772 [INFO] src.corpus_acquisition.downloader: Downloading page 25 from https://t.prcdn.co/img?file=eag82024011500000000001001&page=25&scale=80
2026-07-18 16:10:00,773 [INFO] src.corpus_acquisition.crawler: Downloading -> data/raw/images/trome/2024/01/15/trome_2024-01-15_25.jpg
2026-07-18 16:10:01,035 [WARNING] src.corpus_acquisition.downloader: Page 25 not found (1/3).
2026-07-18 16:10:01,036 [INFO] src.corpus_acquisition.downloader: Downloading page 26 from https://t.prcdn.co/img?file=eag82024011500000000001001&page=26&scale=80
2026-07-18 16:10:01,036 [INFO] src.corpus_acquisition.crawler: Downloading -> data/raw/images/trome/2024/01/15/trome_2024-01-15_26.jpg
2026-07-18 16:10:01,243 [WARNING] src.corpus_acquisition.downloader: Page 26 not found (2/3).
2026-07-18 16:10:01,244 [INFO] src.corpus_acquisition.downloader: Downloading page 27 from https://t.prcdn.co/img?file=eag82024011500000000001001&page=27&scale=80
2026-07-18 16:10:01,244 [INFO] src.corpus_acquisition.crawler: Downloading -> data/raw/images/trome/2024/01/15/trome_2024-01-15_27.jpg
2026-07-18 16:10:01,483 [WARNING] src.corpus_acquisition.downloader: Page 27 not found (3/3).
2026-07-18 16:10:01,483 [WARNING] src.corpus_acquisition.downloader: No new pages found after 3 attempts; stopping with 24 page(s).
2026-07-18 16:10:01,525 [INFO] src.corpus_acquisition.metadata_extractor: Saved metadata for 24 page(s) -> data/raw/metadata/trome_metadata.parquet (total rows: 37070)
2026-07-18 16:10:01,528 [INFO] src.corpus_acquisition.metadata_extractor: Saved crawl log -> data/raw/crawl_logs/trome_2024-01-15.json (status=success)
2026-07-18 16:10:02,939 [INFO] src.corpus_acquisition.downloader: Downloading page 1 from https://t.prcdn.co/img?file=eag82024011600000000001001&page=1&scale=80
2026-07-18 16:10:02,940 [INFO] src.corpus_acquisition.crawler: Downloading -> data/raw/images/trome/2024/01/16/trome_2024-01-16_1.jpg
2026-07-18 16:10:05,362 [INFO] src.corpus_acquisition.downloader: Downloading page 2 from https://t.prcdn.co/img?file=eag82024011600000000001001&page=2&scale=80
2026-07-18 16:10:05,363 [INFO] src.corpus_acquisition.crawler: Downloading -> data/raw/images/trome/2024/01/16/trome_2024-01-16_2.jpg
2026-07-18 16:10:09,117 [INFO] src.corpus_acquisition.downloader: Downloading page 3 from https://t.prcdn.co/img?file=eag82024011600000000001001&page=3&scale=80
2026-07-18 16:10:09,118 [INFO] src.corpus_acquisition.crawler: Downloading -> data/raw/images/trome/2024/01/16/trome_2024-01-16_3.jpg
2026-07-18 16:10:12,130 [INFO] src.corpus_acquisition.downloader: Downloading page 4 from https://t.prcdn.co/img?file=eag82024011600000000001001&page=4&scale=80
2026-07-18 16:10:12,131 [INFO] src.corpus_acquisition.crawler: Downloading -> data/raw/images/trome/2024/01/16/trome_2024-01-16_4.jpg
2026-07-18 16:10:15,387 [INFO] src.corpus_acquisition.downloader: Downloading page 5 from https://t.prcdn.co/img?file=eag82024011600000000001001&page=5&scale=80
2026-07-18 16:10:15,387 [INFO] src.corpus_acquisition.crawler: Downloading -> data/raw/images/trome/2024/01/16/trome_2024-01-16_5.jpg
2026-07-18 16:10:17,879 [INFO] src.corpus_acquisition.downloader: Downloading page 6 from https://t.prcdn.co/img?file=eag82024011600000000001001&page=6&scale=80
2026-07-18 16:10:17,880 [INFO] src.corpus_acquisition.crawler: Downloading -> data/raw/images/trome/2024/01/16/trome_2024-01-16_6.jpg
2026-07-18 16:10:20,190 [INFO] src.corpus_acquisition.downloader: Downloading page 7 from https://t.prcdn.co/img?file=eag82024011600000000001001&page=7&scale=80
2026-07-18 16:10:20,191 [INFO] src.corpus_acquisition.crawler: Downloading -> data/raw/images/trome/2024/01/16/trome_2024-01-16_7.jpg
2026-07-18 16:10:22,956 [INFO] src.corpus_acquisition.downloader: Downloading page 8 from https://t.prcdn.co/img?file=eag82024011600000000001001&page=8&scale=80
2026-07-18 16:10:22,956 [INFO] src.corpus_acquisition.crawler: Downloading -> data/raw/images/trome/2024/01/16/trome_2024-01-16_8.jpg
2026-07-18 16:10:25,603 [INFO] src.corpus_acquisition.downloader: Downloading page 9 from https://t.prcdn.co/img?file=eag82024011600000000001001&page=9&scale=80
2026-07-18 16:10:25,603 [INFO] src.corpus_acquisition.crawler: Downloading -> data/raw/images/trome/2024/01/16/trome_2024-01-16_9.jpg
2026-07-18 16:10:28,803 [INFO] src.corpus_acquisition.downloader: Downloading page 10 from https://t.prcdn.co/img?file=eag82024011600000000001001&page=10&scale=80
2026-07-18 16:10:28,803 [INFO] src.corpus_acquisition.crawler: Downloading -> data/raw/images/trome/2024/01/16/trome_2024-01-16_10.jpg
2026-07-18 16:10:32,133 [INFO] src.corpus_acquisition.downloader: Downloading page 11 from https://t.prcdn.co/img?file=eag82024011600000000001001&page=11&scale=80
2026-07-18 16:10:32,133 [INFO] src.corpus_acquisition.crawler: Downloading -> data/raw/images/trome/2024/01/16/trome_2024-01-16_11.jpg
2026-07-18 16:10:36,300 [INFO] src.corpus_acquisition.downloader: Downloading page 12 from https://t.prcdn.co/img?file=eag82024011600000000001001&page=12&scale=80
2026-07-18 16:10:36,301 [INFO] src.corpus_acquisition.crawler: Downloading -> data/raw/images/trome/2024/01/16/trome_2024-01-16_12.jpg
2026-07-18 16:10:38,828 [INFO] src.corpus_acquisition.downloader: Downloading page 13 from https://t.prcdn.co/img?file=eag82024011600000000001001&page=13&scale=80
2026-07-18 16:10:38,828 [INFO] src.corpus_acquisition.crawler: Downloading -> data/raw/images/trome/2024/01/16/trome_2024-01-16_13.jpg
2026-07-18 16:10:41,759 [INFO] src.corpus_acquisition.downloader: Downloading page 14 from https://t.prcdn.co/img?file=eag82024011600000000001001&page=14&scale=80
2026-07-18 16:10:41,759 [INFO] src.corpus_acquisition.crawler: Downloading -> data/raw/images/trome/2024/01/16/trome_2024-01-16_14.jpg
2026-07-18 16:10:44,988 [INFO] src.corpus_acquisition.downloader: Downloading page 15 from https://t.prcdn.co/img?file=eag82024011600000000001001&page=15&scale=80
2026-07-18 16:10:44,989 [INFO] src.corpus_acquisition.crawler: Downloading -> data/raw/images/trome/2024/01/16/trome_2024-01-16_15.jpg
2026-07-18 16:10:47,645 [INFO] src.corpus_acquisition.downloader: Downloading page 16 from https://t.prcdn.co/img?file=eag82024011600000000001001&page=16&scale=80
2026-07-18 16:10:47,645 [INFO] src.corpus_acquisition.crawler: Downloading -> data/raw/images/trome/2024/01/16/trome_2024-01-16_16.jpg
2026-07-18 16:10:50,044 [INFO] src.corpus_acquisition.downloader: Downloading page 17 from https://t.prcdn.co/img?file=eag82024011600000000001001&page=17&scale=80
2026-07-18 16:10:50,045 [INFO] src.corpus_acquisition.crawler: Downloading -> data/raw/images/trome/2024/01/16/trome_2024-01-16_17.jpg
2026-07-18 16:10:53,607 [INFO] src.corpus_acquisition.downloader: Downloading page 18 from https://t.prcdn.co/img?file=eag82024011600000000001001&page=18&scale=80
2026-07-18 16:10:53,607 [INFO] src.corpus_acquisition.crawler: Downloading -> data/raw/images/trome/2024/01/16/trome_2024-01-16_18.jpg
2026-07-18 16:10:56,391 [INFO] src.corpus_acquisition.downloader: Downloading page 19 from https://t.prcdn.co/img?file=eag82024011600000000001001&page=19&scale=80
2026-07-18 16:10:56,391 [INFO] src.corpus_acquisition.crawler: Downloading -> data/raw/images/trome/2024/01/16/trome_2024-01-16_19.jpg
2026-07-18 16:10:59,277 [INFO] src.corpus_acquisition.downloader: Downloading page 20 from https://t.prcdn.co/img?file=eag82024011600000000001001&page=20&scale=80
2026-07-18 16:10:59,277 [INFO] src.corpus_acquisition.crawler: Downloading -> data/raw/images/trome/2024/01/16/trome_2024-01-16_20.jpg
2026-07-18 16:11:02,735 [INFO] src.corpus_acquisition.downloader: Downloading page 21 from https://t.prcdn.co/img?file=eag82024011600000000001001&page=21&scale=80
2026-07-18 16:11:02,735 [INFO] src.corpus_acquisition.crawler: Downloading -> data/raw/images/trome/2024/01/16/trome_2024-01-16_21.jpg
2026-07-18 16:11:05,533 [INFO] src.corpus_acquisition.downloader: Downloading page 22 from https://t.prcdn.co/img?file=eag82024011600000000001001&page=22&scale=80
2026-07-18 16:11:05,533 [INFO] src.corpus_acquisition.crawler: Downloading -> data/raw/images/trome/2024/01/16/trome_2024-01-16_22.jpg
2026-07-18 16:11:07,624 [INFO] src.corpus_acquisition.downloader: Downloading page 23 from https://t.prcdn.co/img?file=eag82024011600000000001001&page=23&scale=80
2026-07-18 16:11:07,625 [INFO] src.corpus_acquisition.crawler: Downloading -> data/raw/images/trome/2024/01/16/trome_2024-01-16_23.jpg
2026-07-18 16:11:10,164 [INFO] src.corpus_acquisition.downloader: Downloading page 24 from https://t.prcdn.co/img?file=eag82024011600000000001001&page=24&scale=80
2026-07-18 16:11:10,165 [INFO] src.corpus_acquisition.crawler: Downloading -> data/raw/images/trome/2024/01/16/trome_2024-01-16_24.jpg
2026-07-18 16:11:13,545 [INFO] src.corpus_acquisition.downloader: Downloading page 25 from https://t.prcdn.co/img?file=eag82024011600000000001001&page=25&scale=80
2026-07-18 16:11:13,546 [INFO] src.corpus_acquisition.crawler: Downloading -> data/raw/images/trome/2024/01/16/trome_2024-01-16_25.jpg
2026-07-18 16:11:13,791 [WARNING] src.corpus_acquisition.downloader: Page 25 not found (1/3).
2026-07-18 16:11:13,791 [INFO] src.corpus_acquisition.downloader: Downloading page 26 from https://t.prcdn.co/img?file=eag82024011600000000001001&page=26&scale=80
2026-07-18 16:11:13,792 [INFO] src.corpus_acquisition.crawler: Downloading -> data/raw/images/trome/2024/01/16/trome_2024-01-16_26.jpg
2026-07-18 16:11:14,026 [WARNING] src.corpus_acquisition.downloader: Page 26 not found (2/3).
2026-07-18 16:11:14,027 [INFO] src.corpus_acquisition.downloader: Downloading page 27 from https://t.prcdn.co/img?file=eag82024011600000000001001&page=27&scale=80
2026-07-18 16:11:14,027 [INFO] src.corpus_acquisition.crawler: Downloading -> data/raw/images/trome/2024/01/16/trome_2024-01-16_27.jpg
2026-07-18 16:11:14,254 [WARNING] src.corpus_acquisition.downloader: Page 27 not found (3/3).
2026-07-18 16:11:14,254 [WARNING] src.corpus_acquisition.downloader: No new pages found after 3 attempts; stopping with 24 page(s).
2026-07-18 16:11:14,297 [INFO] src.corpus_acquisition.metadata_extractor: Saved metadata for 24 page(s) -> data/raw/metadata/trome_metadata.parquet (total rows: 37094)
2026-07-18 16:11:14,299 [INFO] src.corpus_acquisition.metadata_extractor: Saved crawl log -> data/raw/crawl_logs/trome_2024-01-16.json (status=success)
2026-07-18 16:11:15,171 [INFO] src.corpus_acquisition.downloader: Downloading page 1 from https://t.prcdn.co/img?file=eag82024011700000000001001&page=1&scale=80
2026-07-18 16:11:15,172 [INFO] src.corpus_acquisition.crawler: Downloading -> data/raw/images/trome/2024/01/17/trome_2024-01-17_1.jpg
2026-07-18 16:11:17,275 [INFO] src.corpus_acquisition.downloader: Downloading page 2 from https://t.prcdn.co/img?file=eag82024011700000000001001&page=2&scale=80
2026-07-18 16:11:17,276 [INFO] src.corpus_acquisition.crawler: Downloading -> data/raw/images/trome/2024/01/17/trome_2024-01-17_2.jpg
2026-07-18 16:11:21,077 [INFO] src.corpus_acquisition.downloader: Downloading page 3 from https://t.prcdn.co/img?file=eag82024011700000000001001&page=3&scale=80
2026-07-18 16:11:21,077 [INFO] src.corpus_acquisition.crawler: Downloading -> data/raw/images/trome/2024/01/17/trome_2024-01-17_3.jpg
2026-07-18 16:11:23,271 [INFO] src.corpus_acquisition.downloader: Downloading page 4 from https://t.prcdn.co/img?file=eag82024011700000000001001&page=4&scale=80
2026-07-18 16:11:23,271 [INFO] src.corpus_acquisition.crawler: Downloading -> data/raw/images/trome/2024/01/17/trome_2024-01-17_4.jpg
2026-07-18 16:11:26,949 [INFO] src.corpus_acquisition.downloader: Downloading page 5 from https://t.prcdn.co/img?file=eag82024011700000000001001&page=5&scale=80
2026-07-18 16:11:26,950 [INFO] src.corpus_acquisition.crawler: Downloading -> data/raw/images/trome/2024/01/17/trome_2024-01-17_5.jpg
2026-07-18 16:11:30,258 [INFO] src.corpus_acquisition.downloader: Downloading page 6 from https://t.prcdn.co/img?file=eag82024011700000000001001&page=6&scale=80
2026-07-18 16:11:30,259 [INFO] src.corpus_acquisition.crawler: Downloading -> data/raw/images/trome/2024/01/17/trome_2024-01-17_6.jpg
2026-07-18 16:11:33,584 [INFO] src.corpus_acquisition.downloader: Downloading page 7 from https://t.prcdn.co/img?file=eag82024011700000000001001&page=7&scale=80
2026-07-18 16:11:33,585 [INFO] src.corpus_acquisition.crawler: Downloading -> data/raw/images/trome/2024/01/17/trome_2024-01-17_7.jpg
2026-07-18 16:11:36,381 [INFO] src.corpus_acquisition.downloader: Downloading page 8 from https://t.prcdn.co/img?file=eag82024011700000000001001&page=8&scale=80
2026-07-18 16:11:36,381 [INFO] src.corpus_acquisition.crawler: Downloading -> data/raw/images/trome/2024/01/17/trome_2024-01-17_8.jpg
2026-07-18 16:11:38,666 [INFO] src.corpus_acquisition.downloader: Downloading page 9 from https://t.prcdn.co/img?file=eag82024011700000000001001&page=9&scale=80
2026-07-18 16:11:38,667 [INFO] src.corpus_acquisition.crawler: Downloading -> data/raw/images/trome/2024/01/17/trome_2024-01-17_9.jpg
2026-07-18 16:11:42,121 [INFO] src.corpus_acquisition.downloader: Downloading page 10 from https://t.prcdn.co/img?file=eag82024011700000000001001&page=10&scale=80
2026-07-18 16:11:42,121 [INFO] src.corpus_acquisition.crawler: Downloading -> data/raw/images/trome/2024/01/17/trome_2024-01-17_10.jpg
2026-07-18 16:11:44,660 [INFO] src.corpus_acquisition.downloader: Downloading page 11 from https://t.prcdn.co/img?file=eag82024011700000000001001&page=11&scale=80
2026-07-18 16:11:44,660 [INFO] src.corpus_acquisition.crawler: Downloading -> data/raw/images/trome/2024/01/17/trome_2024-01-17_11.jpg
2026-07-18 16:11:47,087 [INFO] src.corpus_acquisition.downloader: Downloading page 12 from https://t.prcdn.co/img?file=eag82024011700000000001001&page=12&scale=80
2026-07-18 16:11:47,087 [INFO] src.corpus_acquisition.crawler: Downloading -> data/raw/images/trome/2024/01/17/trome_2024-01-17_12.jpg
2026-07-18 16:11:49,782 [INFO] src.corpus_acquisition.downloader: Downloading page 13 from https://t.prcdn.co/img?file=eag82024011700000000001001&page=13&scale=80
2026-07-18 16:11:49,783 [INFO] src.corpus_acquisition.crawler: Downloading -> data/raw/images/trome/2024/01/17/trome_2024-01-17_13.jpg
2026-07-18 16:11:53,409 [INFO] src.corpus_acquisition.downloader: Downloading page 14 from https://t.prcdn.co/img?file=eag82024011700000000001001&page=14&scale=80
2026-07-18 16:11:53,410 [INFO] src.corpus_acquisition.crawler: Downloading -> data/raw/images/trome/2024/01/17/trome_2024-01-17_14.jpg
2026-07-18 16:11:56,684 [INFO] src.corpus_acquisition.downloader: Downloading page 15 from https://t.prcdn.co/img?file=eag82024011700000000001001&page=15&scale=80
2026-07-18 16:11:56,684 [INFO] src.corpus_acquisition.crawler: Downloading -> data/raw/images/trome/2024/01/17/trome_2024-01-17_15.jpg
2026-07-18 16:11:59,077 [INFO] src.corpus_acquisition.downloader: Downloading page 16 from https://t.prcdn.co/img?file=eag82024011700000000001001&page=16&scale=80
2026-07-18 16:11:59,077 [INFO] src.corpus_acquisition.crawler: Downloading -> data/raw/images/trome/2024/01/17/trome_2024-01-17_16.jpg
2026-07-18 16:12:02,331 [INFO] src.corpus_acquisition.downloader: Downloading page 17 from https://t.prcdn.co/img?file=eag82024011700000000001001&page=17&scale=80
2026-07-18 16:12:02,332 [INFO] src.corpus_acquisition.crawler: Downloading -> data/raw/images/trome/2024/01/17/trome_2024-01-17_17.jpg
2026-07-18 16:12:05,968 [INFO] src.corpus_acquisition.downloader: Downloading page 18 from https://t.prcdn.co/img?file=eag82024011700000000001001&page=18&scale=80
2026-07-18 16:12:05,968 [INFO] src.corpus_acquisition.crawler: Downloading -> data/raw/images/trome/2024/01/17/trome_2024-01-17_18.jpg
2026-07-18 16:12:08,742 [INFO] src.corpus_acquisition.downloader: Downloading page 19 from https://t.prcdn.co/img?file=eag82024011700000000001001&page=19&scale=80
2026-07-18 16:12:08,742 [INFO] src.corpus_acquisition.crawler: Downloading -> data/raw/images/trome/2024/01/17/trome_2024-01-17_19.jpg
2026-07-18 16:12:10,787 [INFO] src.corpus_acquisition.downloader: Downloading page 20 from https://t.prcdn.co/img?file=eag82024011700000000001001&page=20&scale=80
2026-07-18 16:12:10,787 [INFO] src.corpus_acquisition.crawler: Downloading -> data/raw/images/trome/2024/01/17/trome_2024-01-17_20.jpg
2026-07-18 16:12:13,723 [INFO] src.corpus_acquisition.downloader: Downloading page 21 from https://t.prcdn.co/img?file=eag82024011700000000001001&page=21&scale=80
2026-07-18 16:12:13,724 [INFO] src.corpus_acquisition.crawler: Downloading -> data/raw/images/trome/2024/01/17/trome_2024-01-17_21.jpg
2026-07-18 16:12:16,792 [INFO] src.corpus_acquisition.downloader: Downloading page 22 from https://t.prcdn.co/img?file=eag82024011700000000001001&page=22&scale=80
2026-07-18 16:12:16,792 [INFO] src.corpus_acquisition.crawler: Downloading -> data/raw/images/trome/2024/01/17/trome_2024-01-17_22.jpg
2026-07-18 16:12:19,011 [INFO] src.corpus_acquisition.downloader: Downloading page 23 from https://t.prcdn.co/img?file=eag82024011700000000001001&page=23&scale=80
2026-07-18 16:12:19,011 [INFO] src.corpus_acquisition.crawler: Downloading -> data/raw/images/trome/2024/01/17/trome_2024-01-17_23.jpg
2026-07-18 16:12:21,770 [INFO] src.corpus_acquisition.downloader: Downloading page 24 from https://t.prcdn.co/img?file=eag82024011700000000001001&page=24&scale=80
2026-07-18 16:12:21,770 [INFO] src.corpus_acquisition.crawler: Downloading -> data/raw/images/trome/2024/01/17/trome_2024-01-17_24.jpg
2026-07-18 16:12:24,902 [INFO] src.corpus_acquisition.downloader: Downloading page 25 from https://t.prcdn.co/img?file=eag82024011700000000001001&page=25&scale=80
2026-07-18 16:12:24,902 [INFO] src.corpus_acquisition.crawler: Downloading -> data/raw/images/trome/2024/01/17/trome_2024-01-17_25.jpg
2026-07-18 16:12:25,208 [WARNING] src.corpus_acquisition.downloader: Page 25 not found (1/3).
2026-07-18 16:12:25,208 [INFO] src.corpus_acquisition.downloader: Downloading page 26 from https://t.prcdn.co/img?file=eag82024011700000000001001&page=26&scale=80
2026-07-18 16:12:25,208 [INFO] src.corpus_acquisition.crawler: Downloading -> data/raw/images/trome/2024/01/17/trome_2024-01-17_26.jpg
2026-07-18 16:12:25,424 [WARNING] src.corpus_acquisition.downloader: Page 26 not found (2/3).
2026-07-18 16:12:25,425 [INFO] src.corpus_acquisition.downloader: Downloading page 27 from https://t.prcdn.co/img?file=eag82024011700000000001001&page=27&scale=80
2026-07-18 16:12:25,425 [INFO] src.corpus_acquisition.crawler: Downloading -> data/raw/images/trome/2024/01/17/trome_2024-01-17_27.jpg
2026-07-18 16:12:25,651 [WARNING] src.corpus_acquisition.downloader: Page 27 not found (3/3).
2026-07-18 16:12:25,651 [WARNING] src.corpus_acquisition.downloader: No new pages found after 3 attempts; stopping with 24 page(s).
2026-07-18 16:12:25,693 [INFO] src.corpus_acquisition.metadata_extractor: Saved metadata for 24 page(s) -> data/raw/metadata/trome_metadata.parquet (total rows: 37118)
2026-07-18 16:12:25,695 [INFO] src.corpus_acquisition.metadata_extractor: Saved crawl log -> data/raw/crawl_logs/trome_2024-01-17.json (status=success)
2026-07-18 16:12:26,558 [INFO] src.corpus_acquisition.downloader: Downloading page 1 from https://t.prcdn.co/img?file=eag82024011800000000001001&page=1&scale=80
2026-07-18 16:12:26,559 [INFO] src.corpus_acquisition.crawler: Downloading -> data/raw/images/trome/2024/01/18/trome_2024-01-18_1.jpg
2026-07-18 16:12:28,708 [INFO] src.corpus_acquisition.downloader: Downloading page 2 from https://t.prcdn.co/img?file=eag82024011800000000001001&page=2&scale=80
2026-07-18 16:12:28,708 [INFO] src.corpus_acquisition.crawler: Downloading -> data/raw/images/trome/2024/01/18/trome_2024-01-18_2.jpg
2026-07-18 16:12:32,184 [INFO] src.corpus_acquisition.downloader: Downloading page 3 from https://t.prcdn.co/img?file=eag82024011800000000001001&page=3&scale=80
2026-07-18 16:12:32,185 [INFO] src.corpus_acquisition.crawler: Downloading -> data/raw/images/trome/2024/01/18/trome_2024-01-18_3.jpg
2026-07-18 16:12:34,970 [INFO] src.corpus_acquisition.downloader: Downloading page 4 from https://t.prcdn.co/img?file=eag82024011800000000001001&page=4&scale=80
2026-07-18 16:12:34,971 [INFO] src.corpus_acquisition.crawler: Downloading -> data/raw/images/trome/2024/01/18/trome_2024-01-18_4.jpg
2026-07-18 16:12:38,069 [INFO] src.corpus_acquisition.downloader: Downloading page 5 from https://t.prcdn.co/img?file=eag82024011800000000001001&page=5&scale=80
2026-07-18 16:12:38,070 [INFO] src.corpus_acquisition.crawler: Downloading -> data/raw/images/trome/2024/01/18/trome_2024-01-18_5.jpg
2026-07-18 16:12:41,130 [INFO] src.corpus_acquisition.downloader: Downloading page 6 from https://t.prcdn.co/img?file=eag82024011800000000001001&page=6&scale=80
2026-07-18 16:12:41,130 [INFO] src.corpus_acquisition.crawler: Downloading -> data/raw/images/trome/2024/01/18/trome_2024-01-18_6.jpg
2026-07-18 16:12:44,507 [INFO] src.corpus_acquisition.downloader: Downloading page 7 from https://t.prcdn.co/img?file=eag82024011800000000001001&page=7&scale=80
2026-07-18 16:12:44,507 [INFO] src.corpus_acquisition.crawler: Downloading -> data/raw/images/trome/2024/01/18/trome_2024-01-18_7.jpg
2026-07-18 16:12:47,262 [INFO] src.corpus_acquisition.downloader: Downloading page 8 from https://t.prcdn.co/img?file=eag82024011800000000001001&page=8&scale=80
2026-07-18 16:12:47,262 [INFO] src.corpus_acquisition.crawler: Downloading -> data/raw/images/trome/2024/01/18/trome_2024-01-18_8.jpg
2026-07-18 16:12:50,550 [INFO] src.corpus_acquisition.downloader: Downloading page 9 from https://t.prcdn.co/img?file=eag82024011800000000001001&page=9&scale=80
2026-07-18 16:12:50,550 [INFO] src.corpus_acquisition.crawler: Downloading -> data/raw/images/trome/2024/01/18/trome_2024-01-18_9.jpg
2026-07-18 16:12:52,851 [INFO] src.corpus_acquisition.downloader: Downloading page 10 from https://t.prcdn.co/img?file=eag82024011800000000001001&page=10&scale=80
2026-07-18 16:12:52,851 [INFO] src.corpus_acquisition.crawler: Downloading -> data/raw/images/trome/2024/01/18/trome_2024-01-18_10.jpg
2026-07-18 16:12:56,366 [INFO] src.corpus_acquisition.downloader: Downloading page 11 from https://t.prcdn.co/img?file=eag82024011800000000001001&page=11&scale=80
2026-07-18 16:12:56,366 [INFO] src.corpus_acquisition.crawler: Downloading -> data/raw/images/trome/2024/01/18/trome_2024-01-18_11.jpg
2026-07-18 16:12:59,338 [INFO] src.corpus_acquisition.downloader: Downloading page 12 from https://t.prcdn.co/img?file=eag82024011800000000001001&page=12&scale=80
2026-07-18 16:12:59,339 [INFO] src.corpus_acquisition.crawler: Downloading -> data/raw/images/trome/2024/01/18/trome_2024-01-18_12.jpg
2026-07-18 16:13:01,736 [INFO] src.corpus_acquisition.downloader: Downloading page 13 from https://t.prcdn.co/img?file=eag82024011800000000001001&page=13&scale=80
2026-07-18 16:13:01,736 [INFO] src.corpus_acquisition.crawler: Downloading -> data/raw/images/trome/2024/01/18/trome_2024-01-18_13.jpg
2026-07-18 16:13:04,740 [INFO] src.corpus_acquisition.downloader: Downloading page 14 from https://t.prcdn.co/img?file=eag82024011800000000001001&page=14&scale=80
2026-07-18 16:13:04,740 [INFO] src.corpus_acquisition.crawler: Downloading -> data/raw/images/trome/2024/01/18/trome_2024-01-18_14.jpg
2026-07-18 16:13:07,992 [INFO] src.corpus_acquisition.downloader: Downloading page 15 from https://t.prcdn.co/img?file=eag82024011800000000001001&page=15&scale=80
2026-07-18 16:13:07,993 [INFO] src.corpus_acquisition.crawler: Downloading -> data/raw/images/trome/2024/01/18/trome_2024-01-18_15.jpg
2026-07-18 16:13:10,490 [INFO] src.corpus_acquisition.downloader: Downloading page 16 from https://t.prcdn.co/img?file=eag82024011800000000001001&page=16&scale=80
2026-07-18 16:13:10,491 [INFO] src.corpus_acquisition.crawler: Downloading -> data/raw/images/trome/2024/01/18/trome_2024-01-18_16.jpg
2026-07-18 16:13:14,717 [INFO] src.corpus_acquisition.downloader: Downloading page 17 from https://t.prcdn.co/img?file=eag82024011800000000001001&page=17&scale=80
2026-07-18 16:13:14,718 [INFO] src.corpus_acquisition.crawler: Downloading -> data/raw/images/trome/2024/01/18/trome_2024-01-18_17.jpg
2026-07-18 16:13:17,052 [INFO] src.corpus_acquisition.downloader: Downloading page 18 from https://t.prcdn.co/img?file=eag82024011800000000001001&page=18&scale=80
2026-07-18 16:13:17,053 [INFO] src.corpus_acquisition.crawler: Downloading -> data/raw/images/trome/2024/01/18/trome_2024-01-18_18.jpg
2026-07-18 16:13:19,661 [INFO] src.corpus_acquisition.downloader: Downloading page 19 from https://t.prcdn.co/img?file=eag82024011800000000001001&page=19&scale=80
2026-07-18 16:13:19,662 [INFO] src.corpus_acquisition.crawler: Downloading -> data/raw/images/trome/2024/01/18/trome_2024-01-18_19.jpg
2026-07-18 16:13:22,125 [INFO] src.corpus_acquisition.downloader: Downloading page 20 from https://t.prcdn.co/img?file=eag82024011800000000001001&page=20&scale=80
2026-07-18 16:13:22,126 [INFO] src.corpus_acquisition.crawler: Downloading -> data/raw/images/trome/2024/01/18/trome_2024-01-18_20.jpg
2026-07-18 16:13:26,541 [INFO] src.corpus_acquisition.downloader: Downloading page 21 from https://t.prcdn.co/img?file=eag82024011800000000001001&page=21&scale=80
2026-07-18 16:13:26,543 [INFO] src.corpus_acquisition.crawler: Downloading -> data/raw/images/trome/2024/01/18/trome_2024-01-18_21.jpg
2026-07-18 16:13:29,336 [INFO] src.corpus_acquisition.downloader: Downloading page 22 from https://t.prcdn.co/img?file=eag82024011800000000001001&page=22&scale=80
2026-07-18 16:13:29,337 [INFO] src.corpus_acquisition.crawler: Downloading -> data/raw/images/trome/2024/01/18/trome_2024-01-18_22.jpg
2026-07-18 16:13:31,825 [INFO] src.corpus_acquisition.downloader: Downloading page 23 from https://t.prcdn.co/img?file=eag82024011800000000001001&page=23&scale=80
2026-07-18 16:13:31,826 [INFO] src.corpus_acquisition.crawler: Downloading -> data/raw/images/trome/2024/01/18/trome_2024-01-18_23.jpg
2026-07-18 16:13:34,365 [INFO] src.corpus_acquisition.downloader: Downloading page 24 from https://t.prcdn.co/img?file=eag82024011800000000001001&page=24&scale=80
2026-07-18 16:13:34,372 [INFO] src.corpus_acquisition.crawler: Downloading -> data/raw/images/trome/2024/01/18/trome_2024-01-18_24.jpg
2026-07-18 16:13:37,493 [INFO] src.corpus_acquisition.downloader: Downloading page 25 from https://t.prcdn.co/img?file=eag82024011800000000001001&page=25&scale=80
2026-07-18 16:13:37,494 [INFO] src.corpus_acquisition.crawler: Downloading -> data/raw/images/trome/2024/01/18/trome_2024-01-18_25.jpg
2026-07-18 16:13:37,711 [WARNING] src.corpus_acquisition.downloader: Page 25 not found (1/3).
2026-07-18 16:13:37,713 [INFO] src.corpus_acquisition.downloader: Downloading page 26 from https://t.prcdn.co/img?file=eag82024011800000000001001&page=26&scale=80
2026-07-18 16:13:37,717 [INFO] src.corpus_acquisition.crawler: Downloading -> data/raw/images/trome/2024/01/18/trome_2024-01-18_26.jpg
2026-07-18 16:13:37,950 [WARNING] src.corpus_acquisition.downloader: Page 26 not found (2/3).
2026-07-18 16:13:37,952 [INFO] src.corpus_acquisition.downloader: Downloading page 27 from https://t.prcdn.co/img?file=eag82024011800000000001001&page=27&scale=80
2026-07-18 16:13:37,953 [INFO] src.corpus_acquisition.crawler: Downloading -> data/raw/images/trome/2024/01/18/trome_2024-01-18_27.jpg
2026-07-18 16:13:38,159 [WARNING] src.corpus_acquisition.downloader: Page 27 not found (3/3).
2026-07-18 16:13:38,159 [WARNING] src.corpus_acquisition.downloader: No new pages found after 3 attempts; stopping with 24 page(s).
2026-07-18 16:13:38,218 [INFO] src.corpus_acquisition.metadata_extractor: Saved metadata for 24 page(s) -> data/raw/metadata/trome_metadata.parquet (total rows: 37142)
2026-07-18 16:13:38,226 [INFO] src.corpus_acquisition.metadata_extractor: Saved crawl log -> data/raw/crawl_logs/trome_2024-01-18.json (status=success)
2026-07-18 16:13:39,647 [INFO] src.corpus_acquisition.downloader: Downloading page 1 from https://t.prcdn.co/img?file=eag82024011900000000001001&page=1&scale=80
2026-07-18 16:13:39,650 [INFO] src.corpus_acquisition.crawler: Downloading -> data/raw/images/trome/2024/01/19/trome_2024-01-19_1.jpg
2026-07-18 16:13:41,804 [INFO] src.corpus_acquisition.downloader: Downloading page 2 from https://t.prcdn.co/img?file=eag82024011900000000001001&page=2&scale=80
2026-07-18 16:13:41,806 [INFO] src.corpus_acquisition.crawler: Downloading -> data/raw/images/trome/2024/01/19/trome_2024-01-19_2.jpg
2026-07-18 16:13:46,187 [INFO] src.corpus_acquisition.downloader: Downloading page 3 from https://t.prcdn.co/img?file=eag82024011900000000001001&page=3&scale=80
2026-07-18 16:13:46,187 [INFO] src.corpus_acquisition.crawler: Downloading -> data/raw/images/trome/2024/01/19/trome_2024-01-19_3.jpg
2026-07-18 16:13:48,727 [INFO] src.corpus_acquisition.downloader: Downloading page 4 from https://t.prcdn.co/img?file=eag82024011900000000001001&page=4&scale=80
2026-07-18 16:13:48,731 [INFO] src.corpus_acquisition.crawler: Downloading -> data/raw/images/trome/2024/01/19/trome_2024-01-19_4.jpg
2026-07-18 16:13:53,485 [INFO] src.corpus_acquisition.downloader: Downloading page 5 from https://t.prcdn.co/img?file=eag82024011900000000001001&page=5&scale=80
2026-07-18 16:13:53,487 [INFO] src.corpus_acquisition.crawler: Downloading -> data/raw/images/trome/2024/01/19/trome_2024-01-19_5.jpg
2026-07-18 16:13:56,465 [INFO] src.corpus_acquisition.downloader: Downloading page 6 from https://t.prcdn.co/img?file=eag82024011900000000001001&page=6&scale=80
2026-07-18 16:13:56,467 [INFO] src.corpus_acquisition.crawler: Downloading -> data/raw/images/trome/2024/01/19/trome_2024-01-19_6.jpg
2026-07-18 16:13:59,122 [INFO] src.corpus_acquisition.downloader: Downloading page 7 from https://t.prcdn.co/img?file=eag82024011900000000001001&page=7&scale=80
2026-07-18 16:13:59,123 [INFO] src.corpus_acquisition.crawler: Downloading -> data/raw/images/trome/2024/01/19/trome_2024-01-19_7.jpg
2026-07-18 16:14:01,840 [INFO] src.corpus_acquisition.downloader: Downloading page 8 from https://t.prcdn.co/img?file=eag82024011900000000001001&page=8&scale=80
2026-07-18 16:14:01,843 [INFO] src.corpus_acquisition.crawler: Downloading -> data/raw/images/trome/2024/01/19/trome_2024-01-19_8.jpg
2026-07-18 16:14:04,147 [INFO] src.corpus_acquisition.downloader: Downloading page 9 from https://t.prcdn.co/img?file=eag82024011900000000001001&page=9&scale=80
2026-07-18 16:14:04,148 [INFO] src.corpus_acquisition.crawler: Downloading -> data/raw/images/trome/2024/01/19/trome_2024-01-19_9.jpg
2026-07-18 16:14:06,933 [INFO] src.corpus_acquisition.downloader: Downloading page 10 from https://t.prcdn.co/img?file=eag82024011900000000001001&page=10&scale=80
2026-07-18 16:14:06,936 [INFO] src.corpus_acquisition.crawler: Downloading -> data/raw/images/trome/2024/01/19/trome_2024-01-19_10.jpg
2026-07-18 16:14:09,955 [INFO] src.corpus_acquisition.downloader: Downloading page 11 from https://t.prcdn.co/img?file=eag82024011900000000001001&page=11&scale=80
2026-07-18 16:14:09,957 [INFO] src.corpus_acquisition.crawler: Downloading -> data/raw/images/trome/2024/01/19/trome_2024-01-19_11.jpg
2026-07-18 16:14:12,979 [INFO] src.corpus_acquisition.downloader: Downloading page 12 from https://t.prcdn.co/img?file=eag82024011900000000001001&page=12&scale=80
2026-07-18 16:14:12,980 [INFO] src.corpus_acquisition.crawler: Downloading -> data/raw/images/trome/2024/01/19/trome_2024-01-19_12.jpg
2026-07-18 16:14:15,772 [INFO] src.corpus_acquisition.downloader: Downloading page 13 from https://t.prcdn.co/img?file=eag82024011900000000001001&page=13&scale=80
2026-07-18 16:14:15,773 [INFO] src.corpus_acquisition.crawler: Downloading -> data/raw/images/trome/2024/01/19/trome_2024-01-19_13.jpg
2026-07-18 16:14:18,226 [INFO] src.corpus_acquisition.downloader: Downloading page 14 from https://t.prcdn.co/img?file=eag82024011900000000001001&page=14&scale=80
2026-07-18 16:14:18,230 [INFO] src.corpus_acquisition.crawler: Downloading -> data/raw/images/trome/2024/01/19/trome_2024-01-19_14.jpg
2026-07-18 16:14:21,778 [INFO] src.corpus_acquisition.downloader: Downloading page 15 from https://t.prcdn.co/img?file=eag82024011900000000001001&page=15&scale=80
2026-07-18 16:14:21,779 [INFO] src.corpus_acquisition.crawler: Downloading -> data/raw/images/trome/2024/01/19/trome_2024-01-19_15.jpg
2026-07-18 16:14:25,022 [INFO] src.corpus_acquisition.downloader: Downloading page 16 from https://t.prcdn.co/img?file=eag82024011900000000001001&page=16&scale=80
2026-07-18 16:14:25,026 [INFO] src.corpus_acquisition.crawler: Downloading -> data/raw/images/trome/2024/01/19/trome_2024-01-19_16.jpg
2026-07-18 16:14:29,166 [INFO] src.corpus_acquisition.downloader: Downloading page 17 from https://t.prcdn.co/img?file=eag82024011900000000001001&page=17&scale=80
2026-07-18 16:14:29,170 [INFO] src.corpus_acquisition.crawler: Downloading -> data/raw/images/trome/2024/01/19/trome_2024-01-19_17.jpg
2026-07-18 16:14:31,587 [INFO] src.corpus_acquisition.downloader: Downloading page 18 from https://t.prcdn.co/img?file=eag82024011900000000001001&page=18&scale=80
2026-07-18 16:14:31,589 [INFO] src.corpus_acquisition.crawler: Downloading -> data/raw/images/trome/2024/01/19/trome_2024-01-19_18.jpg
2026-07-18 16:14:35,011 [INFO] src.corpus_acquisition.downloader: Downloading page 19 from https://t.prcdn.co/img?file=eag82024011900000000001001&page=19&scale=80
2026-07-18 16:14:35,013 [INFO] src.corpus_acquisition.crawler: Downloading -> data/raw/images/trome/2024/01/19/trome_2024-01-19_19.jpg
2026-07-18 16:14:37,228 [INFO] src.corpus_acquisition.downloader: Downloading page 20 from https://t.prcdn.co/img?file=eag82024011900000000001001&page=20&scale=80
2026-07-18 16:14:37,230 [INFO] src.corpus_acquisition.crawler: Downloading -> data/raw/images/trome/2024/01/19/trome_2024-01-19_20.jpg
2026-07-18 16:14:39,938 [INFO] src.corpus_acquisition.downloader: Downloading page 21 from https://t.prcdn.co/img?file=eag82024011900000000001001&page=21&scale=80
2026-07-18 16:14:39,944 [INFO] src.corpus_acquisition.crawler: Downloading -> data/raw/images/trome/2024/01/19/trome_2024-01-19_21.jpg
2026-07-18 16:14:43,445 [INFO] src.corpus_acquisition.downloader: Downloading page 22 from https://t.prcdn.co/img?file=eag82024011900000000001001&page=22&scale=80
2026-07-18 16:14:43,450 [INFO] src.corpus_acquisition.crawler: Downloading -> data/raw/images/trome/2024/01/19/trome_2024-01-19_22.jpg
2026-07-18 16:14:46,308 [INFO] src.corpus_acquisition.downloader: Downloading page 23 from https://t.prcdn.co/img?file=eag82024011900000000001001&page=23&scale=80
2026-07-18 16:14:46,309 [INFO] src.corpus_acquisition.crawler: Downloading -> data/raw/images/trome/2024/01/19/trome_2024-01-19_23.jpg
2026-07-18 16:14:49,056 [INFO] src.corpus_acquisition.downloader: Downloading page 24 from https://t.prcdn.co/img?file=eag82024011900000000001001&page=24&scale=80
2026-07-18 16:14:49,058 [INFO] src.corpus_acquisition.crawler: Downloading -> data/raw/images/trome/2024/01/19/trome_2024-01-19_24.jpg
2026-07-18 16:14:52,345 [INFO] src.corpus_acquisition.downloader: Downloading page 25 from https://t.prcdn.co/img?file=eag82024011900000000001001&page=25&scale=80
2026-07-18 16:14:52,349 [INFO] src.corpus_acquisition.crawler: Downloading -> data/raw/images/trome/2024/01/19/trome_2024-01-19_25.jpg
2026-07-18 16:14:52,671 [WARNING] src.corpus_acquisition.downloader: Page 25 not found (1/3).
2026-07-18 16:14:52,676 [INFO] src.corpus_acquisition.downloader: Downloading page 26 from https://t.prcdn.co/img?file=eag82024011900000000001001&page=26&scale=80
2026-07-18 16:14:52,681 [INFO] src.corpus_acquisition.crawler: Downloading -> data/raw/images/trome/2024/01/19/trome_2024-01-19_26.jpg
2026-07-18 16:14:52,882 [WARNING] src.corpus_acquisition.downloader: Page 26 not found (2/3).
2026-07-18 16:14:52,884 [INFO] src.corpus_acquisition.downloader: Downloading page 27 from https://t.prcdn.co/img?file=eag82024011900000000001001&page=27&scale=80
2026-07-18 16:14:52,887 [INFO] src.corpus_acquisition.crawler: Downloading -> data/raw/images/trome/2024/01/19/trome_2024-01-19_27.jpg
2026-07-18 16:14:53,107 [WARNING] src.corpus_acquisition.downloader: Page 27 not found (3/3).
2026-07-18 16:14:53,107 [WARNING] src.corpus_acquisition.downloader: No new pages found after 3 attempts; stopping with 24 page(s).
2026-07-18 16:14:53,189 [INFO] src.corpus_acquisition.metadata_extractor: Saved metadata for 24 page(s) -> data/raw/metadata/trome_metadata.parquet (total rows: 37166)
2026-07-18 16:14:53,206 [INFO] src.corpus_acquisition.metadata_extractor: Saved crawl log -> data/raw/crawl_logs/trome_2024-01-19.json (status=success)
2026-07-18 16:14:54,685 [INFO] src.corpus_acquisition.downloader: Downloading page 1 from https://t.prcdn.co/img?file=eag82024012000000000001001&page=1&scale=80
2026-07-18 16:14:54,690 [INFO] src.corpus_acquisition.crawler: Downloading -> data/raw/images/trome/2024/01/20/trome_2024-01-20_1.jpg
2026-07-18 16:14:57,340 [INFO] src.corpus_acquisition.downloader: Downloading page 2 from https://t.prcdn.co/img?file=eag82024012000000000001001&page=2&scale=80
2026-07-18 16:14:57,342 [INFO] src.corpus_acquisition.crawler: Downloading -> data/raw/images/trome/2024/01/20/trome_2024-01-20_2.jpg
2026-07-18 16:15:01,612 [INFO] src.corpus_acquisition.downloader: Downloading page 3 from https://t.prcdn.co/img?file=eag82024012000000000001001&page=3&scale=80
2026-07-18 16:15:01,613 [INFO] src.corpus_acquisition.crawler: Downloading -> data/raw/images/trome/2024/01/20/trome_2024-01-20_3.jpg
2026-07-18 16:15:04,073 [INFO] src.corpus_acquisition.downloader: Downloading page 4 from https://t.prcdn.co/img?file=eag82024012000000000001001&page=4&scale=80
2026-07-18 16:15:04,081 [INFO] src.corpus_acquisition.crawler: Downloading -> data/raw/images/trome/2024/01/20/trome_2024-01-20_4.jpg
2026-07-18 16:15:06,635 [INFO] src.corpus_acquisition.downloader: Downloading page 5 from https://t.prcdn.co/img?file=eag82024012000000000001001&page=5&scale=80
2026-07-18 16:15:06,638 [INFO] src.corpus_acquisition.crawler: Downloading -> data/raw/images/trome/2024/01/20/trome_2024-01-20_5.jpg
2026-07-18 16:15:09,635 [INFO] src.corpus_acquisition.downloader: Downloading page 6 from https://t.prcdn.co/img?file=eag82024012000000000001001&page=6&scale=80
2026-07-18 16:15:09,645 [INFO] src.corpus_acquisition.crawler: Downloading -> data/raw/images/trome/2024/01/20/trome_2024-01-20_6.jpg
2026-07-18 16:15:13,874 [INFO] src.corpus_acquisition.downloader: Downloading page 7 from https://t.prcdn.co/img?file=eag82024012000000000001001&page=7&scale=80
2026-07-18 16:15:13,880 [INFO] src.corpus_acquisition.crawler: Downloading -> data/raw/images/trome/2024/01/20/trome_2024-01-20_7.jpg
2026-07-18 16:15:16,263 [INFO] src.corpus_acquisition.downloader: Downloading page 8 from https://t.prcdn.co/img?file=eag82024012000000000001001&page=8&scale=80
2026-07-18 16:15:16,274 [INFO] src.corpus_acquisition.crawler: Downloading -> data/raw/images/trome/2024/01/20/trome_2024-01-20_8.jpg
2026-07-18 16:15:19,335 [INFO] src.corpus_acquisition.downloader: Downloading page 9 from https://t.prcdn.co/img?file=eag82024012000000000001001&page=9&scale=80
2026-07-18 16:15:19,337 [INFO] src.corpus_acquisition.crawler: Downloading -> data/raw/images/trome/2024/01/20/trome_2024-01-20_9.jpg
2026-07-18 16:15:22,653 [INFO] src.corpus_acquisition.downloader: Downloading page 10 from https://t.prcdn.co/img?file=eag82024012000000000001001&page=10&scale=80
2026-07-18 16:15:22,654 [INFO] src.corpus_acquisition.crawler: Downloading -> data/raw/images/trome/2024/01/20/trome_2024-01-20_10.jpg
2026-07-18 16:15:25,264 [INFO] src.corpus_acquisition.downloader: Downloading page 11 from https://t.prcdn.co/img?file=eag82024012000000000001001&page=11&scale=80
2026-07-18 16:15:25,265 [INFO] src.corpus_acquisition.crawler: Downloading -> data/raw/images/trome/2024/01/20/trome_2024-01-20_11.jpg
2026-07-18 16:15:28,423 [INFO] src.corpus_acquisition.downloader: Downloading page 12 from https://t.prcdn.co/img?file=eag82024012000000000001001&page=12&scale=80
2026-07-18 16:15:28,423 [INFO] src.corpus_acquisition.crawler: Downloading -> data/raw/images/trome/2024/01/20/trome_2024-01-20_12.jpg
2026-07-18 16:15:32,703 [INFO] src.corpus_acquisition.downloader: Downloading page 13 from https://t.prcdn.co/img?file=eag82024012000000000001001&page=13&scale=80
2026-07-18 16:15:32,703 [INFO] src.corpus_acquisition.crawler: Downloading -> data/raw/images/trome/2024/01/20/trome_2024-01-20_13.jpg
2026-07-18 16:15:36,276 [INFO] src.corpus_acquisition.downloader: Downloading page 14 from https://t.prcdn.co/img?file=eag82024012000000000001001&page=14&scale=80
2026-07-18 16:15:36,277 [INFO] src.corpus_acquisition.crawler: Downloading -> data/raw/images/trome/2024/01/20/trome_2024-01-20_14.jpg
2026-07-18 16:15:38,806 [INFO] src.corpus_acquisition.downloader: Downloading page 15 from https://t.prcdn.co/img?file=eag82024012000000000001001&page=15&scale=80
2026-07-18 16:15:38,806 [INFO] src.corpus_acquisition.crawler: Downloading -> data/raw/images/trome/2024/01/20/trome_2024-01-20_15.jpg
2026-07-18 16:15:41,801 [INFO] src.corpus_acquisition.downloader: Downloading page 16 from https://t.prcdn.co/img?file=eag82024012000000000001001&page=16&scale=80
2026-07-18 16:15:41,801 [INFO] src.corpus_acquisition.crawler: Downloading -> data/raw/images/trome/2024/01/20/trome_2024-01-20_16.jpg
2026-07-18 16:15:44,151 [INFO] src.corpus_acquisition.downloader: Downloading page 17 from https://t.prcdn.co/img?file=eag82024012000000000001001&page=17&scale=80
2026-07-18 16:15:44,151 [INFO] src.corpus_acquisition.crawler: Downloading -> data/raw/images/trome/2024/01/20/trome_2024-01-20_17.jpg
2026-07-18 16:15:46,693 [INFO] src.corpus_acquisition.downloader: Downloading page 18 from https://t.prcdn.co/img?file=eag82024012000000000001001&page=18&scale=80
2026-07-18 16:15:46,694 [INFO] src.corpus_acquisition.crawler: Downloading -> data/raw/images/trome/2024/01/20/trome_2024-01-20_18.jpg
2026-07-18 16:15:49,970 [INFO] src.corpus_acquisition.downloader: Downloading page 19 from https://t.prcdn.co/img?file=eag82024012000000000001001&page=19&scale=80
2026-07-18 16:15:49,970 [INFO] src.corpus_acquisition.crawler: Downloading -> data/raw/images/trome/2024/01/20/trome_2024-01-20_19.jpg
2026-07-18 16:15:52,999 [INFO] src.corpus_acquisition.downloader: Downloading page 20 from https://t.prcdn.co/img?file=eag82024012000000000001001&page=20&scale=80
2026-07-18 16:15:53,000 [INFO] src.corpus_acquisition.crawler: Downloading -> data/raw/images/trome/2024/01/20/trome_2024-01-20_20.jpg
2026-07-18 16:15:55,449 [INFO] src.corpus_acquisition.downloader: Downloading page 21 from https://t.prcdn.co/img?file=eag82024012000000000001001&page=21&scale=80
2026-07-18 16:15:55,450 [INFO] src.corpus_acquisition.crawler: Downloading -> data/raw/images/trome/2024/01/20/trome_2024-01-20_21.jpg
2026-07-18 16:15:58,234 [INFO] src.corpus_acquisition.downloader: Downloading page 22 from https://t.prcdn.co/img?file=eag82024012000000000001001&page=22&scale=80
2026-07-18 16:15:58,234 [INFO] src.corpus_acquisition.crawler: Downloading -> data/raw/images/trome/2024/01/20/trome_2024-01-20_22.jpg
2026-07-18 16:16:01,299 [INFO] src.corpus_acquisition.downloader: Downloading page 23 from https://t.prcdn.co/img?file=eag82024012000000000001001&page=23&scale=80
2026-07-18 16:16:01,300 [INFO] src.corpus_acquisition.crawler: Downloading -> data/raw/images/trome/2024/01/20/trome_2024-01-20_23.jpg
2026-07-18 16:16:03,364 [INFO] src.corpus_acquisition.downloader: Downloading page 24 from https://t.prcdn.co/img?file=eag82024012000000000001001&page=24&scale=80
2026-07-18 16:16:03,364 [INFO] src.corpus_acquisition.crawler: Downloading -> data/raw/images/trome/2024/01/20/trome_2024-01-20_24.jpg
2026-07-18 16:16:06,468 [INFO] src.corpus_acquisition.downloader: Downloading page 25 from https://t.prcdn.co/img?file=eag82024012000000000001001&page=25&scale=80
2026-07-18 16:16:06,468 [INFO] src.corpus_acquisition.crawler: Downloading -> data/raw/images/trome/2024/01/20/trome_2024-01-20_25.jpg
2026-07-18 16:16:06,762 [WARNING] src.corpus_acquisition.downloader: Page 25 not found (1/3).
2026-07-18 16:16:06,763 [INFO] src.corpus_acquisition.downloader: Downloading page 26 from https://t.prcdn.co/img?file=eag82024012000000000001001&page=26&scale=80
2026-07-18 16:16:06,763 [INFO] src.corpus_acquisition.crawler: Downloading -> data/raw/images/trome/2024/01/20/trome_2024-01-20_26.jpg
2026-07-18 16:16:06,961 [WARNING] src.corpus_acquisition.downloader: Page 26 not found (2/3).
2026-07-18 16:16:06,962 [INFO] src.corpus_acquisition.downloader: Downloading page 27 from https://t.prcdn.co/img?file=eag82024012000000000001001&page=27&scale=80
2026-07-18 16:16:06,962 [INFO] src.corpus_acquisition.crawler: Downloading -> data/raw/images/trome/2024/01/20/trome_2024-01-20_27.jpg
2026-07-18 16:16:07,175 [WARNING] src.corpus_acquisition.downloader: Page 27 not found (3/3).
2026-07-18 16:16:07,175 [WARNING] src.corpus_acquisition.downloader: No new pages found after 3 attempts; stopping with 24 page(s).
2026-07-18 16:16:07,219 [INFO] src.corpus_acquisition.metadata_extractor: Saved metadata for 24 page(s) -> data/raw/metadata/trome_metadata.parquet (total rows: 37190)
2026-07-18 16:16:07,222 [INFO] src.corpus_acquisition.metadata_extractor: Saved crawl log -> data/raw/crawl_logs/trome_2024-01-20.json (status=success)
2026-07-18 16:16:08,076 [INFO] src.corpus_acquisition.downloader: Downloading page 1 from https://t.prcdn.co/img?file=eag82024012100000000001001&page=1&scale=80
2026-07-18 16:16:08,077 [INFO] src.corpus_acquisition.crawler: Downloading -> data/raw/images/trome/2024/01/21/trome_2024-01-21_1.jpg
2026-07-18 16:16:10,489 [INFO] src.corpus_acquisition.downloader: Downloading page 2 from https://t.prcdn.co/img?file=eag82024012100000000001001&page=2&scale=80
2026-07-18 16:16:10,490 [INFO] src.corpus_acquisition.crawler: Downloading -> data/raw/images/trome/2024/01/21/trome_2024-01-21_2.jpg
2026-07-18 16:16:13,880 [INFO] src.corpus_acquisition.downloader: Downloading page 3 from https://t.prcdn.co/img?file=eag82024012100000000001001&page=3&scale=80
2026-07-18 16:16:13,881 [INFO] src.corpus_acquisition.crawler: Downloading -> data/raw/images/trome/2024/01/21/trome_2024-01-21_3.jpg
2026-07-18 16:16:16,842 [INFO] src.corpus_acquisition.downloader: Downloading page 4 from https://t.prcdn.co/img?file=eag82024012100000000001001&page=4&scale=80
2026-07-18 16:16:16,843 [INFO] src.corpus_acquisition.crawler: Downloading -> data/raw/images/trome/2024/01/21/trome_2024-01-21_4.jpg
2026-07-18 16:16:20,086 [INFO] src.corpus_acquisition.downloader: Downloading page 5 from https://t.prcdn.co/img?file=eag82024012100000000001001&page=5&scale=80
2026-07-18 16:16:20,086 [INFO] src.corpus_acquisition.crawler: Downloading -> data/raw/images/trome/2024/01/21/trome_2024-01-21_5.jpg
2026-07-18 16:16:22,675 [INFO] src.corpus_acquisition.downloader: Downloading page 6 from https://t.prcdn.co/img?file=eag82024012100000000001001&page=6&scale=80
2026-07-18 16:16:22,675 [INFO] src.corpus_acquisition.crawler: Downloading -> data/raw/images/trome/2024/01/21/trome_2024-01-21_6.jpg
2026-07-18 16:16:25,736 [INFO] src.corpus_acquisition.downloader: Downloading page 7 from https://t.prcdn.co/img?file=eag82024012100000000001001&page=7&scale=80
2026-07-18 16:16:25,737 [INFO] src.corpus_acquisition.crawler: Downloading -> data/raw/images/trome/2024/01/21/trome_2024-01-21_7.jpg
2026-07-18 16:16:28,048 [INFO] src.corpus_acquisition.downloader: Downloading page 8 from https://t.prcdn.co/img?file=eag82024012100000000001001&page=8&scale=80
2026-07-18 16:16:28,048 [INFO] src.corpus_acquisition.crawler: Downloading -> data/raw/images/trome/2024/01/21/trome_2024-01-21_8.jpg
2026-07-18 16:16:30,106 [INFO] src.corpus_acquisition.downloader: Downloading page 9 from https://t.prcdn.co/img?file=eag82024012100000000001001&page=9&scale=80
2026-07-18 16:16:30,107 [INFO] src.corpus_acquisition.crawler: Downloading -> data/raw/images/trome/2024/01/21/trome_2024-01-21_9.jpg
2026-07-18 16:16:32,969 [INFO] src.corpus_acquisition.downloader: Downloading page 10 from https://t.prcdn.co/img?file=eag82024012100000000001001&page=10&scale=80
2026-07-18 16:16:32,970 [INFO] src.corpus_acquisition.crawler: Downloading -> data/raw/images/trome/2024/01/21/trome_2024-01-21_10.jpg
2026-07-18 16:16:35,868 [INFO] src.corpus_acquisition.downloader: Downloading page 11 from https://t.prcdn.co/img?file=eag82024012100000000001001&page=11&scale=80
2026-07-18 16:16:35,869 [INFO] src.corpus_acquisition.crawler: Downloading -> data/raw/images/trome/2024/01/21/trome_2024-01-21_11.jpg
2026-07-18 16:16:38,638 [INFO] src.corpus_acquisition.downloader: Downloading page 12 from https://t.prcdn.co/img?file=eag82024012100000000001001&page=12&scale=80
2026-07-18 16:16:38,639 [INFO] src.corpus_acquisition.crawler: Downloading -> data/raw/images/trome/2024/01/21/trome_2024-01-21_12.jpg
2026-07-18 16:16:41,770 [INFO] src.corpus_acquisition.downloader: Downloading page 13 from https://t.prcdn.co/img?file=eag82024012100000000001001&page=13&scale=80
2026-07-18 16:16:41,771 [INFO] src.corpus_acquisition.crawler: Downloading -> data/raw/images/trome/2024/01/21/trome_2024-01-21_13.jpg
2026-07-18 16:16:44,847 [INFO] src.corpus_acquisition.downloader: Downloading page 14 from https://t.prcdn.co/img?file=eag82024012100000000001001&page=14&scale=80
2026-07-18 16:16:44,848 [INFO] src.corpus_acquisition.crawler: Downloading -> data/raw/images/trome/2024/01/21/trome_2024-01-21_14.jpg
2026-07-18 16:16:47,526 [INFO] src.corpus_acquisition.downloader: Downloading page 15 from https://t.prcdn.co/img?file=eag82024012100000000001001&page=15&scale=80
2026-07-18 16:16:47,527 [INFO] src.corpus_acquisition.crawler: Downloading -> data/raw/images/trome/2024/01/21/trome_2024-01-21_15.jpg
2026-07-18 16:16:49,833 [INFO] src.corpus_acquisition.downloader: Downloading page 16 from https://t.prcdn.co/img?file=eag82024012100000000001001&page=16&scale=80
2026-07-18 16:16:49,834 [INFO] src.corpus_acquisition.crawler: Downloading -> data/raw/images/trome/2024/01/21/trome_2024-01-21_16.jpg
2026-07-18 16:16:52,430 [INFO] src.corpus_acquisition.downloader: Downloading page 17 from https://t.prcdn.co/img?file=eag82024012100000000001001&page=17&scale=80
2026-07-18 16:16:52,430 [INFO] src.corpus_acquisition.crawler: Downloading -> data/raw/images/trome/2024/01/21/trome_2024-01-21_17.jpg
2026-07-18 16:16:54,628 [INFO] src.corpus_acquisition.downloader: Downloading page 18 from https://t.prcdn.co/img?file=eag82024012100000000001001&page=18&scale=80
2026-07-18 16:16:54,628 [INFO] src.corpus_acquisition.crawler: Downloading -> data/raw/images/trome/2024/01/21/trome_2024-01-21_18.jpg
2026-07-18 16:16:57,027 [INFO] src.corpus_acquisition.downloader: Downloading page 19 from https://t.prcdn.co/img?file=eag82024012100000000001001&page=19&scale=80
2026-07-18 16:16:57,027 [INFO] src.corpus_acquisition.crawler: Downloading -> data/raw/images/trome/2024/01/21/trome_2024-01-21_19.jpg
2026-07-18 16:16:59,678 [INFO] src.corpus_acquisition.downloader: Downloading page 20 from https://t.prcdn.co/img?file=eag82024012100000000001001&page=20&scale=80
2026-07-18 16:16:59,679 [INFO] src.corpus_acquisition.crawler: Downloading -> data/raw/images/trome/2024/01/21/trome_2024-01-21_20.jpg
2026-07-18 16:17:02,405 [INFO] src.corpus_acquisition.downloader: Downloading page 21 from https://t.prcdn.co/img?file=eag82024012100000000001001&page=21&scale=80
2026-07-18 16:17:02,406 [INFO] src.corpus_acquisition.crawler: Downloading -> data/raw/images/trome/2024/01/21/trome_2024-01-21_21.jpg
2026-07-18 16:17:05,250 [INFO] src.corpus_acquisition.downloader: Downloading page 22 from https://t.prcdn.co/img?file=eag82024012100000000001001&page=22&scale=80
2026-07-18 16:17:05,250 [INFO] src.corpus_acquisition.crawler: Downloading -> data/raw/images/trome/2024/01/21/trome_2024-01-21_22.jpg
2026-07-18 16:17:07,686 [INFO] src.corpus_acquisition.downloader: Downloading page 23 from https://t.prcdn.co/img?file=eag82024012100000000001001&page=23&scale=80
2026-07-18 16:17:07,686 [INFO] src.corpus_acquisition.crawler: Downloading -> data/raw/images/trome/2024/01/21/trome_2024-01-21_23.jpg
2026-07-18 16:17:10,268 [INFO] src.corpus_acquisition.downloader: Downloading page 24 from https://t.prcdn.co/img?file=eag82024012100000000001001&page=24&scale=80
2026-07-18 16:17:10,268 [INFO] src.corpus_acquisition.crawler: Downloading -> data/raw/images/trome/2024/01/21/trome_2024-01-21_24.jpg
2026-07-18 16:17:13,234 [INFO] src.corpus_acquisition.downloader: Downloading page 25 from https://t.prcdn.co/img?file=eag82024012100000000001001&page=25&scale=80
2026-07-18 16:17:13,235 [INFO] src.corpus_acquisition.crawler: Downloading -> data/raw/images/trome/2024/01/21/trome_2024-01-21_25.jpg
2026-07-18 16:17:15,954 [INFO] src.corpus_acquisition.downloader: Downloading page 26 from https://t.prcdn.co/img?file=eag82024012100000000001001&page=26&scale=80
2026-07-18 16:17:15,954 [INFO] src.corpus_acquisition.crawler: Downloading -> data/raw/images/trome/2024/01/21/trome_2024-01-21_26.jpg
2026-07-18 16:17:18,517 [INFO] src.corpus_acquisition.downloader: Downloading page 27 from https://t.prcdn.co/img?file=eag82024012100000000001001&page=27&scale=80
2026-07-18 16:17:18,517 [INFO] src.corpus_acquisition.crawler: Downloading -> data/raw/images/trome/2024/01/21/trome_2024-01-21_27.jpg
2026-07-18 16:17:21,219 [INFO] src.corpus_acquisition.downloader: Downloading page 28 from https://t.prcdn.co/img?file=eag82024012100000000001001&page=28&scale=80
2026-07-18 16:17:21,219 [INFO] src.corpus_acquisition.crawler: Downloading -> data/raw/images/trome/2024/01/21/trome_2024-01-21_28.jpg
2026-07-18 16:17:23,476 [INFO] src.corpus_acquisition.downloader: Downloading page 29 from https://t.prcdn.co/img?file=eag82024012100000000001001&page=29&scale=80
2026-07-18 16:17:23,476 [INFO] src.corpus_acquisition.crawler: Downloading -> data/raw/images/trome/2024/01/21/trome_2024-01-21_29.jpg
2026-07-18 16:17:23,703 [WARNING] src.corpus_acquisition.downloader: Page 29 not found (1/3).
2026-07-18 16:17:23,704 [INFO] src.corpus_acquisition.downloader: Downloading page 30 from https://t.prcdn.co/img?file=eag82024012100000000001001&page=30&scale=80
2026-07-18 16:17:23,704 [INFO] src.corpus_acquisition.crawler: Downloading -> data/raw/images/trome/2024/01/21/trome_2024-01-21_30.jpg
2026-07-18 16:17:24,000 [WARNING] src.corpus_acquisition.downloader: Page 30 not found (2/3).
2026-07-18 16:17:24,001 [INFO] src.corpus_acquisition.downloader: Downloading page 31 from https://t.prcdn.co/img?file=eag82024012100000000001001&page=31&scale=80
2026-07-18 16:17:24,001 [INFO] src.corpus_acquisition.crawler: Downloading -> data/raw/images/trome/2024/01/21/trome_2024-01-21_31.jpg
2026-07-18 16:17:24,221 [WARNING] src.corpus_acquisition.downloader: Page 31 not found (3/3).
2026-07-18 16:17:24,221 [WARNING] src.corpus_acquisition.downloader: No new pages found after 3 attempts; stopping with 28 page(s).
2026-07-18 16:17:24,264 [INFO] src.corpus_acquisition.metadata_extractor: Saved metadata for 28 page(s) -> data/raw/metadata/trome_metadata.parquet (total rows: 37218)
2026-07-18 16:17:24,268 [INFO] src.corpus_acquisition.metadata_extractor: Saved crawl log -> data/raw/crawl_logs/trome_2024-01-21.json (status=success)
2026-07-18 16:17:24,835 [INFO] src.corpus_acquisition.downloader: Downloading page 1 from https://t.prcdn.co/img?file=eag82024012200000000001001&page=1&scale=80
2026-07-18 16:17:24,836 [INFO] src.corpus_acquisition.crawler: Downloading -> data/raw/images/trome/2024/01/22/trome_2024-01-22_1.jpg
2026-07-18 16:17:26,942 [INFO] src.corpus_acquisition.downloader: Downloading page 2 from https://t.prcdn.co/img?file=eag82024012200000000001001&page=2&scale=80
2026-07-18 16:17:26,943 [INFO] src.corpus_acquisition.crawler: Downloading -> data/raw/images/trome/2024/01/22/trome_2024-01-22_2.jpg
2026-07-18 16:17:29,985 [INFO] src.corpus_acquisition.downloader: Downloading page 3 from https://t.prcdn.co/img?file=eag82024012200000000001001&page=3&scale=80
2026-07-18 16:17:29,985 [INFO] src.corpus_acquisition.crawler: Downloading -> data/raw/images/trome/2024/01/22/trome_2024-01-22_3.jpg
2026-07-18 16:17:32,615 [INFO] src.corpus_acquisition.downloader: Downloading page 4 from https://t.prcdn.co/img?file=eag82024012200000000001001&page=4&scale=80
2026-07-18 16:17:32,615 [INFO] src.corpus_acquisition.crawler: Downloading -> data/raw/images/trome/2024/01/22/trome_2024-01-22_4.jpg
2026-07-18 16:17:35,497 [INFO] src.corpus_acquisition.downloader: Downloading page 5 from https://t.prcdn.co/img?file=eag82024012200000000001001&page=5&scale=80
2026-07-18 16:17:35,497 [INFO] src.corpus_acquisition.crawler: Downloading -> data/raw/images/trome/2024/01/22/trome_2024-01-22_5.jpg
2026-07-18 16:17:38,505 [INFO] src.corpus_acquisition.downloader: Downloading page 6 from https://t.prcdn.co/img?file=eag82024012200000000001001&page=6&scale=80
2026-07-18 16:17:38,505 [INFO] src.corpus_acquisition.crawler: Downloading -> data/raw/images/trome/2024/01/22/trome_2024-01-22_6.jpg
2026-07-18 16:17:41,390 [INFO] src.corpus_acquisition.downloader: Downloading page 7 from https://t.prcdn.co/img?file=eag82024012200000000001001&page=7&scale=80
2026-07-18 16:17:41,391 [INFO] src.corpus_acquisition.crawler: Downloading -> data/raw/images/trome/2024/01/22/trome_2024-01-22_7.jpg
2026-07-18 16:17:43,758 [INFO] src.corpus_acquisition.downloader: Downloading page 8 from https://t.prcdn.co/img?file=eag82024012200000000001001&page=8&scale=80
2026-07-18 16:17:43,758 [INFO] src.corpus_acquisition.crawler: Downloading -> data/raw/images/trome/2024/01/22/trome_2024-01-22_8.jpg
2026-07-18 16:17:46,659 [INFO] src.corpus_acquisition.downloader: Downloading page 9 from https://t.prcdn.co/img?file=eag82024012200000000001001&page=9&scale=80
2026-07-18 16:17:46,660 [INFO] src.corpus_acquisition.crawler: Downloading -> data/raw/images/trome/2024/01/22/trome_2024-01-22_9.jpg
2026-07-18 16:17:49,732 [INFO] src.corpus_acquisition.downloader: Downloading page 10 from https://t.prcdn.co/img?file=eag82024012200000000001001&page=10&scale=80
2026-07-18 16:17:49,732 [INFO] src.corpus_acquisition.crawler: Downloading -> data/raw/images/trome/2024/01/22/trome_2024-01-22_10.jpg
2026-07-18 16:17:52,669 [INFO] src.corpus_acquisition.downloader: Downloading page 11 from https://t.prcdn.co/img?file=eag82024012200000000001001&page=11&scale=80
2026-07-18 16:17:52,670 [INFO] src.corpus_acquisition.crawler: Downloading -> data/raw/images/trome/2024/01/22/trome_2024-01-22_11.jpg
2026-07-18 16:17:55,497 [INFO] src.corpus_acquisition.downloader: Downloading page 12 from https://t.prcdn.co/img?file=eag82024012200000000001001&page=12&scale=80
2026-07-18 16:17:55,497 [INFO] src.corpus_acquisition.crawler: Downloading -> data/raw/images/trome/2024/01/22/trome_2024-01-22_12.jpg
2026-07-18 16:17:58,183 [INFO] src.corpus_acquisition.downloader: Downloading page 13 from https://t.prcdn.co/img?file=eag82024012200000000001001&page=13&scale=80
2026-07-18 16:17:58,183 [INFO] src.corpus_acquisition.crawler: Downloading -> data/raw/images/trome/2024/01/22/trome_2024-01-22_13.jpg
2026-07-18 16:18:00,391 [INFO] src.corpus_acquisition.downloader: Downloading page 14 from https://t.prcdn.co/img?file=eag82024012200000000001001&page=14&scale=80
2026-07-18 16:18:00,392 [INFO] src.corpus_acquisition.crawler: Downloading -> data/raw/images/trome/2024/01/22/trome_2024-01-22_14.jpg
2026-07-18 16:18:03,547 [INFO] src.corpus_acquisition.downloader: Downloading page 15 from https://t.prcdn.co/img?file=eag82024012200000000001001&page=15&scale=80
2026-07-18 16:18:03,547 [INFO] src.corpus_acquisition.crawler: Downloading -> data/raw/images/trome/2024/01/22/trome_2024-01-22_15.jpg
2026-07-18 16:18:06,682 [INFO] src.corpus_acquisition.downloader: Downloading page 16 from https://t.prcdn.co/img?file=eag82024012200000000001001&page=16&scale=80
2026-07-18 16:18:06,683 [INFO] src.corpus_acquisition.crawler: Downloading -> data/raw/images/trome/2024/01/22/trome_2024-01-22_16.jpg
2026-07-18 16:18:10,083 [INFO] src.corpus_acquisition.downloader: Downloading page 17 from https://t.prcdn.co/img?file=eag82024012200000000001001&page=17&scale=80
2026-07-18 16:18:10,083 [INFO] src.corpus_acquisition.crawler: Downloading -> data/raw/images/trome/2024/01/22/trome_2024-01-22_17.jpg
2026-07-18 16:18:12,924 [INFO] src.corpus_acquisition.downloader: Downloading page 18 from https://t.prcdn.co/img?file=eag82024012200000000001001&page=18&scale=80
2026-07-18 16:18:12,924 [INFO] src.corpus_acquisition.crawler: Downloading -> data/raw/images/trome/2024/01/22/trome_2024-01-22_18.jpg
2026-07-18 16:18:15,839 [INFO] src.corpus_acquisition.downloader: Downloading page 19 from https://t.prcdn.co/img?file=eag82024012200000000001001&page=19&scale=80
2026-07-18 16:18:15,839 [INFO] src.corpus_acquisition.crawler: Downloading -> data/raw/images/trome/2024/01/22/trome_2024-01-22_19.jpg
2026-07-18 16:18:18,856 [INFO] src.corpus_acquisition.downloader: Downloading page 20 from https://t.prcdn.co/img?file=eag82024012200000000001001&page=20&scale=80
2026-07-18 16:18:18,857 [INFO] src.corpus_acquisition.crawler: Downloading -> data/raw/images/trome/2024/01/22/trome_2024-01-22_20.jpg
2026-07-18 16:18:22,251 [INFO] src.corpus_acquisition.downloader: Downloading page 21 from https://t.prcdn.co/img?file=eag82024012200000000001001&page=21&scale=80
2026-07-18 16:18:22,251 [INFO] src.corpus_acquisition.crawler: Downloading -> data/raw/images/trome/2024/01/22/trome_2024-01-22_21.jpg
2026-07-18 16:18:25,422 [INFO] src.corpus_acquisition.downloader: Downloading page 22 from https://t.prcdn.co/img?file=eag82024012200000000001001&page=22&scale=80
2026-07-18 16:18:25,423 [INFO] src.corpus_acquisition.crawler: Downloading -> data/raw/images/trome/2024/01/22/trome_2024-01-22_22.jpg
2026-07-18 16:18:28,019 [INFO] src.corpus_acquisition.downloader: Downloading page 23 from https://t.prcdn.co/img?file=eag82024012200000000001001&page=23&scale=80
2026-07-18 16:18:28,020 [INFO] src.corpus_acquisition.crawler: Downloading -> data/raw/images/trome/2024/01/22/trome_2024-01-22_23.jpg
2026-07-18 16:18:30,780 [INFO] src.corpus_acquisition.downloader: Downloading page 24 from https://t.prcdn.co/img?file=eag82024012200000000001001&page=24&scale=80
2026-07-18 16:18:30,780 [INFO] src.corpus_acquisition.crawler: Downloading -> data/raw/images/trome/2024/01/22/trome_2024-01-22_24.jpg
2026-07-18 16:18:33,523 [INFO] src.corpus_acquisition.downloader: Downloading page 25 from https://t.prcdn.co/img?file=eag82024012200000000001001&page=25&scale=80
2026-07-18 16:18:33,524 [INFO] src.corpus_acquisition.crawler: Downloading -> data/raw/images/trome/2024/01/22/trome_2024-01-22_25.jpg
2026-07-18 16:18:33,739 [WARNING] src.corpus_acquisition.downloader: Page 25 not found (1/3).
2026-07-18 16:18:33,740 [INFO] src.corpus_acquisition.downloader: Downloading page 26 from https://t.prcdn.co/img?file=eag82024012200000000001001&page=26&scale=80
2026-07-18 16:18:33,740 [INFO] src.corpus_acquisition.crawler: Downloading -> data/raw/images/trome/2024/01/22/trome_2024-01-22_26.jpg
2026-07-18 16:18:33,946 [WARNING] src.corpus_acquisition.downloader: Page 26 not found (2/3).
2026-07-18 16:18:33,947 [INFO] src.corpus_acquisition.downloader: Downloading page 27 from https://t.prcdn.co/img?file=eag82024012200000000001001&page=27&scale=80
2026-07-18 16:18:33,947 [INFO] src.corpus_acquisition.crawler: Downloading -> data/raw/images/trome/2024/01/22/trome_2024-01-22_27.jpg
2026-07-18 16:18:34,163 [WARNING] src.corpus_acquisition.downloader: Page 27 not found (3/3).
2026-07-18 16:18:34,163 [WARNING] src.corpus_acquisition.downloader: No new pages found after 3 attempts; stopping with 24 page(s).
2026-07-18 16:18:34,207 [INFO] src.corpus_acquisition.metadata_extractor: Saved metadata for 24 page(s) -> data/raw/metadata/trome_metadata.parquet (total rows: 37242)
2026-07-18 16:18:34,210 [INFO] src.corpus_acquisition.metadata_extractor: Saved crawl log -> data/raw/crawl_logs/trome_2024-01-22.json (status=success)
2026-07-18 16:18:35,004 [INFO] src.corpus_acquisition.downloader: Downloading page 1 from https://t.prcdn.co/img?file=eag82024012300000000001001&page=1&scale=80
2026-07-18 16:18:35,005 [INFO] src.corpus_acquisition.crawler: Downloading -> data/raw/images/trome/2024/01/23/trome_2024-01-23_1.jpg
2026-07-18 16:18:38,694 [INFO] src.corpus_acquisition.downloader: Downloading page 2 from https://t.prcdn.co/img?file=eag82024012300000000001001&page=2&scale=80
2026-07-18 16:18:38,695 [INFO] src.corpus_acquisition.crawler: Downloading -> data/raw/images/trome/2024/01/23/trome_2024-01-23_2.jpg
2026-07-18 16:18:43,587 [INFO] src.corpus_acquisition.downloader: Downloading page 3 from https://t.prcdn.co/img?file=eag82024012300000000001001&page=3&scale=80
2026-07-18 16:18:43,587 [INFO] src.corpus_acquisition.crawler: Downloading -> data/raw/images/trome/2024/01/23/trome_2024-01-23_3.jpg
2026-07-18 16:18:47,473 [INFO] src.corpus_acquisition.downloader: Downloading page 4 from https://t.prcdn.co/img?file=eag82024012300000000001001&page=4&scale=80
2026-07-18 16:18:47,474 [INFO] src.corpus_acquisition.crawler: Downloading -> data/raw/images/trome/2024/01/23/trome_2024-01-23_4.jpg
2026-07-18 16:18:50,098 [INFO] src.corpus_acquisition.downloader: Downloading page 5 from https://t.prcdn.co/img?file=eag82024012300000000001001&page=5&scale=80
2026-07-18 16:18:50,099 [INFO] src.corpus_acquisition.crawler: Downloading -> data/raw/images/trome/2024/01/23/trome_2024-01-23_5.jpg
2026-07-18 16:18:52,899 [INFO] src.corpus_acquisition.downloader: Downloading page 6 from https://t.prcdn.co/img?file=eag82024012300000000001001&page=6&scale=80
2026-07-18 16:18:52,899 [INFO] src.corpus_acquisition.crawler: Downloading -> data/raw/images/trome/2024/01/23/trome_2024-01-23_6.jpg
2026-07-18 16:18:56,659 [INFO] src.corpus_acquisition.downloader: Downloading page 7 from https://t.prcdn.co/img?file=eag82024012300000000001001&page=7&scale=80
2026-07-18 16:18:56,659 [INFO] src.corpus_acquisition.crawler: Downloading -> data/raw/images/trome/2024/01/23/trome_2024-01-23_7.jpg
2026-07-18 16:18:59,289 [INFO] src.corpus_acquisition.downloader: Downloading page 8 from https://t.prcdn.co/img?file=eag82024012300000000001001&page=8&scale=80
2026-07-18 16:18:59,289 [INFO] src.corpus_acquisition.crawler: Downloading -> data/raw/images/trome/2024/01/23/trome_2024-01-23_8.jpg
2026-07-18 16:19:01,874 [INFO] src.corpus_acquisition.downloader: Downloading page 9 from https://t.prcdn.co/img?file=eag82024012300000000001001&page=9&scale=80
2026-07-18 16:19:01,874 [INFO] src.corpus_acquisition.crawler: Downloading -> data/raw/images/trome/2024/01/23/trome_2024-01-23_9.jpg
2026-07-18 16:19:05,046 [INFO] src.corpus_acquisition.downloader: Downloading page 10 from https://t.prcdn.co/img?file=eag82024012300000000001001&page=10&scale=80
2026-07-18 16:19:05,046 [INFO] src.corpus_acquisition.crawler: Downloading -> data/raw/images/trome/2024/01/23/trome_2024-01-23_10.jpg
2026-07-18 16:19:08,390 [INFO] src.corpus_acquisition.downloader: Downloading page 11 from https://t.prcdn.co/img?file=eag82024012300000000001001&page=11&scale=80
2026-07-18 16:19:08,390 [INFO] src.corpus_acquisition.crawler: Downloading -> data/raw/images/trome/2024/01/23/trome_2024-01-23_11.jpg
2026-07-18 16:19:12,459 [INFO] src.corpus_acquisition.downloader: Downloading page 12 from https://t.prcdn.co/img?file=eag82024012300000000001001&page=12&scale=80
2026-07-18 16:19:12,460 [INFO] src.corpus_acquisition.crawler: Downloading -> data/raw/images/trome/2024/01/23/trome_2024-01-23_12.jpg
2026-07-18 16:19:15,364 [INFO] src.corpus_acquisition.downloader: Downloading page 13 from https://t.prcdn.co/img?file=eag82024012300000000001001&page=13&scale=80
2026-07-18 16:19:15,365 [INFO] src.corpus_acquisition.crawler: Downloading -> data/raw/images/trome/2024/01/23/trome_2024-01-23_13.jpg
2026-07-18 16:19:19,141 [INFO] src.corpus_acquisition.downloader: Downloading page 14 from https://t.prcdn.co/img?file=eag82024012300000000001001&page=14&scale=80
2026-07-18 16:19:19,141 [INFO] src.corpus_acquisition.crawler: Downloading -> data/raw/images/trome/2024/01/23/trome_2024-01-23_14.jpg
2026-07-18 16:19:22,800 [INFO] src.corpus_acquisition.downloader: Downloading page 15 from https://t.prcdn.co/img?file=eag82024012300000000001001&page=15&scale=80
2026-07-18 16:19:22,800 [INFO] src.corpus_acquisition.crawler: Downloading -> data/raw/images/trome/2024/01/23/trome_2024-01-23_15.jpg
2026-07-18 16:19:27,482 [INFO] src.corpus_acquisition.downloader: Downloading page 16 from https://t.prcdn.co/img?file=eag82024012300000000001001&page=16&scale=80
2026-07-18 16:19:27,483 [INFO] src.corpus_acquisition.crawler: Downloading -> data/raw/images/trome/2024/01/23/trome_2024-01-23_16.jpg
2026-07-18 16:19:31,104 [INFO] src.corpus_acquisition.downloader: Downloading page 17 from https://t.prcdn.co/img?file=eag82024012300000000001001&page=17&scale=80
2026-07-18 16:19:31,105 [INFO] src.corpus_acquisition.crawler: Downloading -> data/raw/images/trome/2024/01/23/trome_2024-01-23_17.jpg
2026-07-18 16:19:33,608 [INFO] src.corpus_acquisition.downloader: Downloading page 18 from https://t.prcdn.co/img?file=eag82024012300000000001001&page=18&scale=80
2026-07-18 16:19:33,609 [INFO] src.corpus_acquisition.crawler: Downloading -> data/raw/images/trome/2024/01/23/trome_2024-01-23_18.jpg
2026-07-18 16:19:37,477 [INFO] src.corpus_acquisition.downloader: Downloading page 19 from https://t.prcdn.co/img?file=eag82024012300000000001001&page=19&scale=80
2026-07-18 16:19:37,477 [INFO] src.corpus_acquisition.crawler: Downloading -> data/raw/images/trome/2024/01/23/trome_2024-01-23_19.jpg
2026-07-18 16:19:40,572 [INFO] src.corpus_acquisition.downloader: Downloading page 20 from https://t.prcdn.co/img?file=eag82024012300000000001001&page=20&scale=80
2026-07-18 16:19:40,572 [INFO] src.corpus_acquisition.crawler: Downloading -> data/raw/images/trome/2024/01/23/trome_2024-01-23_20.jpg
2026-07-18 16:19:43,720 [INFO] src.corpus_acquisition.downloader: Downloading page 21 from https://t.prcdn.co/img?file=eag82024012300000000001001&page=21&scale=80
2026-07-18 16:19:43,721 [INFO] src.corpus_acquisition.crawler: Downloading -> data/raw/images/trome/2024/01/23/trome_2024-01-23_21.jpg
2026-07-18 16:19:46,100 [INFO] src.corpus_acquisition.downloader: Downloading page 22 from https://t.prcdn.co/img?file=eag82024012300000000001001&page=22&scale=80
2026-07-18 16:19:46,100 [INFO] src.corpus_acquisition.crawler: Downloading -> data/raw/images/trome/2024/01/23/trome_2024-01-23_22.jpg
2026-07-18 16:19:48,338 [INFO] src.corpus_acquisition.downloader: Downloading page 23 from https://t.prcdn.co/img?file=eag82024012300000000001001&page=23&scale=80
2026-07-18 16:19:48,339 [INFO] src.corpus_acquisition.crawler: Downloading -> data/raw/images/trome/2024/01/23/trome_2024-01-23_23.jpg
2026-07-18 16:19:50,817 [INFO] src.corpus_acquisition.downloader: Downloading page 24 from https://t.prcdn.co/img?file=eag82024012300000000001001&page=24&scale=80
2026-07-18 16:19:50,817 [INFO] src.corpus_acquisition.crawler: Downloading -> data/raw/images/trome/2024/01/23/trome_2024-01-23_24.jpg
2026-07-18 16:19:53,556 [INFO] src.corpus_acquisition.downloader: Downloading page 25 from https://t.prcdn.co/img?file=eag82024012300000000001001&page=25&scale=80
2026-07-18 16:19:53,557 [INFO] src.corpus_acquisition.crawler: Downloading -> data/raw/images/trome/2024/01/23/trome_2024-01-23_25.jpg
2026-07-18 16:19:53,838 [WARNING] src.corpus_acquisition.downloader: Page 25 not found (1/3).
2026-07-18 16:19:53,839 [INFO] src.corpus_acquisition.downloader: Downloading page 26 from https://t.prcdn.co/img?file=eag82024012300000000001001&page=26&scale=80
2026-07-18 16:19:53,839 [INFO] src.corpus_acquisition.crawler: Downloading -> data/raw/images/trome/2024/01/23/trome_2024-01-23_26.jpg
2026-07-18 16:19:54,047 [WARNING] src.corpus_acquisition.downloader: Page 26 not found (2/3).
2026-07-18 16:19:54,047 [INFO] src.corpus_acquisition.downloader: Downloading page 27 from https://t.prcdn.co/img?file=eag82024012300000000001001&page=27&scale=80
2026-07-18 16:19:54,047 [INFO] src.corpus_acquisition.crawler: Downloading -> data/raw/images/trome/2024/01/23/trome_2024-01-23_27.jpg
2026-07-18 16:19:54,261 [WARNING] src.corpus_acquisition.downloader: Page 27 not found (3/3).
2026-07-18 16:19:54,261 [WARNING] src.corpus_acquisition.downloader: No new pages found after 3 attempts; stopping with 24 page(s).
2026-07-18 16:19:54,306 [INFO] src.corpus_acquisition.metadata_extractor: Saved metadata for 24 page(s) -> data/raw/metadata/trome_metadata.parquet (total rows: 37266)
2026-07-18 16:19:54,308 [INFO] src.corpus_acquisition.metadata_extractor: Saved crawl log -> data/raw/crawl_logs/trome_2024-01-23.json (status=success)
2026-07-18 16:19:55,688 [INFO] src.corpus_acquisition.downloader: Downloading page 1 from https://t.prcdn.co/img?file=eag82024012400000000001001&page=1&scale=80
2026-07-18 16:19:55,689 [INFO] src.corpus_acquisition.crawler: Downloading -> data/raw/images/trome/2024/01/24/trome_2024-01-24_1.jpg
2026-07-18 16:19:58,039 [INFO] src.corpus_acquisition.downloader: Downloading page 2 from https://t.prcdn.co/img?file=eag82024012400000000001001&page=2&scale=80
2026-07-18 16:19:58,040 [INFO] src.corpus_acquisition.crawler: Downloading -> data/raw/images/trome/2024/01/24/trome_2024-01-24_2.jpg
2026-07-18 16:20:01,713 [INFO] src.corpus_acquisition.downloader: Downloading page 3 from https://t.prcdn.co/img?file=eag82024012400000000001001&page=3&scale=80
2026-07-18 16:20:01,714 [INFO] src.corpus_acquisition.crawler: Downloading -> data/raw/images/trome/2024/01/24/trome_2024-01-24_3.jpg
2026-07-18 16:20:04,628 [INFO] src.corpus_acquisition.downloader: Downloading page 4 from https://t.prcdn.co/img?file=eag82024012400000000001001&page=4&scale=80
2026-07-18 16:20:04,629 [INFO] src.corpus_acquisition.crawler: Downloading -> data/raw/images/trome/2024/01/24/trome_2024-01-24_4.jpg
2026-07-18 16:20:07,299 [INFO] src.corpus_acquisition.downloader: Downloading page 5 from https://t.prcdn.co/img?file=eag82024012400000000001001&page=5&scale=80
2026-07-18 16:20:07,300 [INFO] src.corpus_acquisition.crawler: Downloading -> data/raw/images/trome/2024/01/24/trome_2024-01-24_5.jpg
2026-07-18 16:20:09,986 [INFO] src.corpus_acquisition.downloader: Downloading page 6 from https://t.prcdn.co/img?file=eag82024012400000000001001&page=6&scale=80
2026-07-18 16:20:09,986 [INFO] src.corpus_acquisition.crawler: Downloading -> data/raw/images/trome/2024/01/24/trome_2024-01-24_6.jpg
2026-07-18 16:20:13,757 [INFO] src.corpus_acquisition.downloader: Downloading page 7 from https://t.prcdn.co/img?file=eag82024012400000000001001&page=7&scale=80
2026-07-18 16:20:13,757 [INFO] src.corpus_acquisition.crawler: Downloading -> data/raw/images/trome/2024/01/24/trome_2024-01-24_7.jpg
2026-07-18 16:20:16,978 [INFO] src.corpus_acquisition.downloader: Downloading page 8 from https://t.prcdn.co/img?file=eag82024012400000000001001&page=8&scale=80
2026-07-18 16:20:16,978 [INFO] src.corpus_acquisition.crawler: Downloading -> data/raw/images/trome/2024/01/24/trome_2024-01-24_8.jpg
2026-07-18 16:20:20,026 [INFO] src.corpus_acquisition.downloader: Downloading page 9 from https://t.prcdn.co/img?file=eag82024012400000000001001&page=9&scale=80
2026-07-18 16:20:20,026 [INFO] src.corpus_acquisition.crawler: Downloading -> data/raw/images/trome/2024/01/24/trome_2024-01-24_9.jpg
2026-07-18 16:20:23,332 [INFO] src.corpus_acquisition.downloader: Downloading page 10 from https://t.prcdn.co/img?file=eag82024012400000000001001&page=10&scale=80
2026-07-18 16:20:23,333 [INFO] src.corpus_acquisition.crawler: Downloading -> data/raw/images/trome/2024/01/24/trome_2024-01-24_10.jpg
2026-07-18 16:20:26,927 [INFO] src.corpus_acquisition.downloader: Downloading page 11 from https://t.prcdn.co/img?file=eag82024012400000000001001&page=11&scale=80
2026-07-18 16:20:26,928 [INFO] src.corpus_acquisition.crawler: Downloading -> data/raw/images/trome/2024/01/24/trome_2024-01-24_11.jpg
2026-07-18 16:20:29,258 [INFO] src.corpus_acquisition.downloader: Downloading page 12 from https://t.prcdn.co/img?file=eag82024012400000000001001&page=12&scale=80
2026-07-18 16:20:29,259 [INFO] src.corpus_acquisition.crawler: Downloading -> data/raw/images/trome/2024/01/24/trome_2024-01-24_12.jpg
2026-07-18 16:20:31,556 [INFO] src.corpus_acquisition.downloader: Downloading page 13 from https://t.prcdn.co/img?file=eag82024012400000000001001&page=13&scale=80
2026-07-18 16:20:31,556 [INFO] src.corpus_acquisition.crawler: Downloading -> data/raw/images/trome/2024/01/24/trome_2024-01-24_13.jpg
2026-07-18 16:20:34,594 [INFO] src.corpus_acquisition.downloader: Downloading page 14 from https://t.prcdn.co/img?file=eag82024012400000000001001&page=14&scale=80
2026-07-18 16:20:34,594 [INFO] src.corpus_acquisition.crawler: Downloading -> data/raw/images/trome/2024/01/24/trome_2024-01-24_14.jpg
2026-07-18 16:20:37,380 [INFO] src.corpus_acquisition.downloader: Downloading page 15 from https://t.prcdn.co/img?file=eag82024012400000000001001&page=15&scale=80
2026-07-18 16:20:37,380 [INFO] src.corpus_acquisition.crawler: Downloading -> data/raw/images/trome/2024/01/24/trome_2024-01-24_15.jpg
2026-07-18 16:20:40,427 [INFO] src.corpus_acquisition.downloader: Downloading page 16 from https://t.prcdn.co/img?file=eag82024012400000000001001&page=16&scale=80
2026-07-18 16:20:40,427 [INFO] src.corpus_acquisition.crawler: Downloading -> data/raw/images/trome/2024/01/24/trome_2024-01-24_16.jpg
2026-07-18 16:20:43,194 [INFO] src.corpus_acquisition.downloader: Downloading page 17 from https://t.prcdn.co/img?file=eag82024012400000000001001&page=17&scale=80
2026-07-18 16:20:43,194 [INFO] src.corpus_acquisition.crawler: Downloading -> data/raw/images/trome/2024/01/24/trome_2024-01-24_17.jpg
2026-07-18 16:20:45,338 [INFO] src.corpus_acquisition.downloader: Downloading page 18 from https://t.prcdn.co/img?file=eag82024012400000000001001&page=18&scale=80
2026-07-18 16:20:45,338 [INFO] src.corpus_acquisition.crawler: Downloading -> data/raw/images/trome/2024/01/24/trome_2024-01-24_18.jpg
2026-07-18 16:20:48,265 [INFO] src.corpus_acquisition.downloader: Downloading page 19 from https://t.prcdn.co/img?file=eag82024012400000000001001&page=19&scale=80
2026-07-18 16:20:48,265 [INFO] src.corpus_acquisition.crawler: Downloading -> data/raw/images/trome/2024/01/24/trome_2024-01-24_19.jpg
2026-07-18 16:20:50,678 [INFO] src.corpus_acquisition.downloader: Downloading page 20 from https://t.prcdn.co/img?file=eag82024012400000000001001&page=20&scale=80
2026-07-18 16:20:50,678 [INFO] src.corpus_acquisition.crawler: Downloading -> data/raw/images/trome/2024/01/24/trome_2024-01-24_20.jpg
2026-07-18 16:20:55,233 [INFO] src.corpus_acquisition.downloader: Downloading page 21 from https://t.prcdn.co/img?file=eag82024012400000000001001&page=21&scale=80
2026-07-18 16:20:55,234 [INFO] src.corpus_acquisition.crawler: Downloading -> data/raw/images/trome/2024/01/24/trome_2024-01-24_21.jpg
2026-07-18 16:20:58,499 [INFO] src.corpus_acquisition.downloader: Downloading page 22 from https://t.prcdn.co/img?file=eag82024012400000000001001&page=22&scale=80
2026-07-18 16:20:58,499 [INFO] src.corpus_acquisition.crawler: Downloading -> data/raw/images/trome/2024/01/24/trome_2024-01-24_22.jpg
2026-07-18 16:21:01,248 [INFO] src.corpus_acquisition.downloader: Downloading page 23 from https://t.prcdn.co/img?file=eag82024012400000000001001&page=23&scale=80
2026-07-18 16:21:01,248 [INFO] src.corpus_acquisition.crawler: Downloading -> data/raw/images/trome/2024/01/24/trome_2024-01-24_23.jpg
2026-07-18 16:21:04,159 [INFO] src.corpus_acquisition.downloader: Downloading page 24 from https://t.prcdn.co/img?file=eag82024012400000000001001&page=24&scale=80
2026-07-18 16:21:04,159 [INFO] src.corpus_acquisition.crawler: Downloading -> data/raw/images/trome/2024/01/24/trome_2024-01-24_24.jpg
2026-07-18 16:21:06,955 [INFO] src.corpus_acquisition.downloader: Downloading page 25 from https://t.prcdn.co/img?file=eag82024012400000000001001&page=25&scale=80
2026-07-18 16:21:06,955 [INFO] src.corpus_acquisition.crawler: Downloading -> data/raw/images/trome/2024/01/24/trome_2024-01-24_25.jpg
2026-07-18 16:21:07,178 [WARNING] src.corpus_acquisition.downloader: Page 25 not found (1/3).
2026-07-18 16:21:07,179 [INFO] src.corpus_acquisition.downloader: Downloading page 26 from https://t.prcdn.co/img?file=eag82024012400000000001001&page=26&scale=80
2026-07-18 16:21:07,179 [INFO] src.corpus_acquisition.crawler: Downloading -> data/raw/images/trome/2024/01/24/trome_2024-01-24_26.jpg
2026-07-18 16:21:07,421 [WARNING] src.corpus_acquisition.downloader: Page 26 not found (2/3).
2026-07-18 16:21:07,421 [INFO] src.corpus_acquisition.downloader: Downloading page 27 from https://t.prcdn.co/img?file=eag82024012400000000001001&page=27&scale=80
2026-07-18 16:21:07,422 [INFO] src.corpus_acquisition.crawler: Downloading -> data/raw/images/trome/2024/01/24/trome_2024-01-24_27.jpg
2026-07-18 16:21:07,674 [WARNING] src.corpus_acquisition.downloader: Page 27 not found (3/3).
2026-07-18 16:21:07,674 [WARNING] src.corpus_acquisition.downloader: No new pages found after 3 attempts; stopping with 24 page(s).
2026-07-18 16:21:07,717 [INFO] src.corpus_acquisition.metadata_extractor: Saved metadata for 24 page(s) -> data/raw/metadata/trome_metadata.parquet (total rows: 37290)
2026-07-18 16:21:07,720 [INFO] src.corpus_acquisition.metadata_extractor: Saved crawl log -> data/raw/crawl_logs/trome_2024-01-24.json (status=success)
2026-07-18 16:21:08,402 [INFO] src.corpus_acquisition.downloader: Downloading page 1 from https://t.prcdn.co/img?file=eag82024012500000000001001&page=1&scale=80
2026-07-18 16:21:08,403 [INFO] src.corpus_acquisition.crawler: Downloading -> data/raw/images/trome/2024/01/25/trome_2024-01-25_1.jpg
2026-07-18 16:21:10,562 [INFO] src.corpus_acquisition.downloader: Downloading page 2 from https://t.prcdn.co/img?file=eag82024012500000000001001&page=2&scale=80
2026-07-18 16:21:10,562 [INFO] src.corpus_acquisition.crawler: Downloading -> data/raw/images/trome/2024/01/25/trome_2024-01-25_2.jpg
2026-07-18 16:21:13,662 [INFO] src.corpus_acquisition.downloader: Downloading page 3 from https://t.prcdn.co/img?file=eag82024012500000000001001&page=3&scale=80
2026-07-18 16:21:13,663 [INFO] src.corpus_acquisition.crawler: Downloading -> data/raw/images/trome/2024/01/25/trome_2024-01-25_3.jpg
2026-07-18 16:21:16,641 [INFO] src.corpus_acquisition.downloader: Downloading page 4 from https://t.prcdn.co/img?file=eag82024012500000000001001&page=4&scale=80
2026-07-18 16:21:16,642 [INFO] src.corpus_acquisition.crawler: Downloading -> data/raw/images/trome/2024/01/25/trome_2024-01-25_4.jpg
2026-07-18 16:21:19,467 [INFO] src.corpus_acquisition.downloader: Downloading page 5 from https://t.prcdn.co/img?file=eag82024012500000000001001&page=5&scale=80
2026-07-18 16:21:19,467 [INFO] src.corpus_acquisition.crawler: Downloading -> data/raw/images/trome/2024/01/25/trome_2024-01-25_5.jpg
2026-07-18 16:21:22,484 [INFO] src.corpus_acquisition.downloader: Downloading page 6 from https://t.prcdn.co/img?file=eag82024012500000000001001&page=6&scale=80
2026-07-18 16:21:22,485 [INFO] src.corpus_acquisition.crawler: Downloading -> data/raw/images/trome/2024/01/25/trome_2024-01-25_6.jpg
2026-07-18 16:21:25,520 [INFO] src.corpus_acquisition.downloader: Downloading page 7 from https://t.prcdn.co/img?file=eag82024012500000000001001&page=7&scale=80
2026-07-18 16:21:25,520 [INFO] src.corpus_acquisition.crawler: Downloading -> data/raw/images/trome/2024/01/25/trome_2024-01-25_7.jpg
2026-07-18 16:21:28,424 [INFO] src.corpus_acquisition.downloader: Downloading page 8 from https://t.prcdn.co/img?file=eag82024012500000000001001&page=8&scale=80
2026-07-18 16:21:28,425 [INFO] src.corpus_acquisition.crawler: Downloading -> data/raw/images/trome/2024/01/25/trome_2024-01-25_8.jpg
2026-07-18 16:21:31,292 [INFO] src.corpus_acquisition.downloader: Downloading page 9 from https://t.prcdn.co/img?file=eag82024012500000000001001&page=9&scale=80
2026-07-18 16:21:31,292 [INFO] src.corpus_acquisition.crawler: Downloading -> data/raw/images/trome/2024/01/25/trome_2024-01-25_9.jpg
2026-07-18 16:21:34,419 [INFO] src.corpus_acquisition.downloader: Downloading page 10 from https://t.prcdn.co/img?file=eag82024012500000000001001&page=10&scale=80
2026-07-18 16:21:34,419 [INFO] src.corpus_acquisition.crawler: Downloading -> data/raw/images/trome/2024/01/25/trome_2024-01-25_10.jpg
2026-07-18 16:21:37,778 [INFO] src.corpus_acquisition.downloader: Downloading page 11 from https://t.prcdn.co/img?file=eag82024012500000000001001&page=11&scale=80
2026-07-18 16:21:37,778 [INFO] src.corpus_acquisition.crawler: Downloading -> data/raw/images/trome/2024/01/25/trome_2024-01-25_11.jpg
2026-07-18 16:21:40,405 [INFO] src.corpus_acquisition.downloader: Downloading page 12 from https://t.prcdn.co/img?file=eag82024012500000000001001&page=12&scale=80
2026-07-18 16:21:40,405 [INFO] src.corpus_acquisition.crawler: Downloading -> data/raw/images/trome/2024/01/25/trome_2024-01-25_12.jpg
2026-07-18 16:21:43,470 [INFO] src.corpus_acquisition.downloader: Downloading page 13 from https://t.prcdn.co/img?file=eag82024012500000000001001&page=13&scale=80
2026-07-18 16:21:43,471 [INFO] src.corpus_acquisition.crawler: Downloading -> data/raw/images/trome/2024/01/25/trome_2024-01-25_13.jpg
2026-07-18 16:21:46,570 [INFO] src.corpus_acquisition.downloader: Downloading page 14 from https://t.prcdn.co/img?file=eag82024012500000000001001&page=14&scale=80
2026-07-18 16:21:46,571 [INFO] src.corpus_acquisition.crawler: Downloading -> data/raw/images/trome/2024/01/25/trome_2024-01-25_14.jpg
2026-07-18 16:21:48,927 [INFO] src.corpus_acquisition.downloader: Downloading page 15 from https://t.prcdn.co/img?file=eag82024012500000000001001&page=15&scale=80
2026-07-18 16:21:48,927 [INFO] src.corpus_acquisition.crawler: Downloading -> data/raw/images/trome/2024/01/25/trome_2024-01-25_15.jpg
2026-07-18 16:21:51,463 [INFO] src.corpus_acquisition.downloader: Downloading page 16 from https://t.prcdn.co/img?file=eag82024012500000000001001&page=16&scale=80
2026-07-18 16:21:51,464 [INFO] src.corpus_acquisition.crawler: Downloading -> data/raw/images/trome/2024/01/25/trome_2024-01-25_16.jpg
2026-07-18 16:21:53,931 [INFO] src.corpus_acquisition.downloader: Downloading page 17 from https://t.prcdn.co/img?file=eag82024012500000000001001&page=17&scale=80
2026-07-18 16:21:53,931 [INFO] src.corpus_acquisition.crawler: Downloading -> data/raw/images/trome/2024/01/25/trome_2024-01-25_17.jpg
2026-07-18 16:21:56,687 [INFO] src.corpus_acquisition.downloader: Downloading page 18 from https://t.prcdn.co/img?file=eag82024012500000000001001&page=18&scale=80
2026-07-18 16:21:56,687 [INFO] src.corpus_acquisition.crawler: Downloading -> data/raw/images/trome/2024/01/25/trome_2024-01-25_18.jpg
2026-07-18 16:21:59,324 [INFO] src.corpus_acquisition.downloader: Downloading page 19 from https://t.prcdn.co/img?file=eag82024012500000000001001&page=19&scale=80
2026-07-18 16:21:59,324 [INFO] src.corpus_acquisition.crawler: Downloading -> data/raw/images/trome/2024/01/25/trome_2024-01-25_19.jpg
2026-07-18 16:22:02,117 [INFO] src.corpus_acquisition.downloader: Downloading page 20 from https://t.prcdn.co/img?file=eag82024012500000000001001&page=20&scale=80
2026-07-18 16:22:02,117 [INFO] src.corpus_acquisition.crawler: Downloading -> data/raw/images/trome/2024/01/25/trome_2024-01-25_20.jpg
2026-07-18 16:22:05,308 [INFO] src.corpus_acquisition.downloader: Downloading page 21 from https://t.prcdn.co/img?file=eag82024012500000000001001&page=21&scale=80
2026-07-18 16:22:05,308 [INFO] src.corpus_acquisition.crawler: Downloading -> data/raw/images/trome/2024/01/25/trome_2024-01-25_21.jpg
2026-07-18 16:22:08,539 [INFO] src.corpus_acquisition.downloader: Downloading page 22 from https://t.prcdn.co/img?file=eag82024012500000000001001&page=22&scale=80
2026-07-18 16:22:08,540 [INFO] src.corpus_acquisition.crawler: Downloading -> data/raw/images/trome/2024/01/25/trome_2024-01-25_22.jpg
2026-07-18 16:22:11,604 [INFO] src.corpus_acquisition.downloader: Downloading page 23 from https://t.prcdn.co/img?file=eag82024012500000000001001&page=23&scale=80
2026-07-18 16:22:11,604 [INFO] src.corpus_acquisition.crawler: Downloading -> data/raw/images/trome/2024/01/25/trome_2024-01-25_23.jpg
2026-07-18 16:22:13,814 [INFO] src.corpus_acquisition.downloader: Downloading page 24 from https://t.prcdn.co/img?file=eag82024012500000000001001&page=24&scale=80
2026-07-18 16:22:13,814 [INFO] src.corpus_acquisition.crawler: Downloading -> data/raw/images/trome/2024/01/25/trome_2024-01-25_24.jpg
2026-07-18 16:22:16,602 [INFO] src.corpus_acquisition.downloader: Downloading page 25 from https://t.prcdn.co/img?file=eag82024012500000000001001&page=25&scale=80
2026-07-18 16:22:16,603 [INFO] src.corpus_acquisition.crawler: Downloading -> data/raw/images/trome/2024/01/25/trome_2024-01-25_25.jpg
2026-07-18 16:22:16,814 [WARNING] src.corpus_acquisition.downloader: Page 25 not found (1/3).
2026-07-18 16:22:16,815 [INFO] src.corpus_acquisition.downloader: Downloading page 26 from https://t.prcdn.co/img?file=eag82024012500000000001001&page=26&scale=80
2026-07-18 16:22:16,815 [INFO] src.corpus_acquisition.crawler: Downloading -> data/raw/images/trome/2024/01/25/trome_2024-01-25_26.jpg
2026-07-18 16:22:17,013 [WARNING] src.corpus_acquisition.downloader: Page 26 not found (2/3).
2026-07-18 16:22:17,014 [INFO] src.corpus_acquisition.downloader: Downloading page 27 from https://t.prcdn.co/img?file=eag82024012500000000001001&page=27&scale=80
2026-07-18 16:22:17,014 [INFO] src.corpus_acquisition.crawler: Downloading -> data/raw/images/trome/2024/01/25/trome_2024-01-25_27.jpg
2026-07-18 16:22:17,270 [WARNING] src.corpus_acquisition.downloader: Page 27 not found (3/3).
2026-07-18 16:22:17,270 [WARNING] src.corpus_acquisition.downloader: No new pages found after 3 attempts; stopping with 24 page(s).
2026-07-18 16:22:17,314 [INFO] src.corpus_acquisition.metadata_extractor: Saved metadata for 24 page(s) -> data/raw/metadata/trome_metadata.parquet (total rows: 37314)
2026-07-18 16:22:17,316 [INFO] src.corpus_acquisition.metadata_extractor: Saved crawl log -> data/raw/crawl_logs/trome_2024-01-25.json (status=success)
2026-07-18 16:22:18,786 [INFO] src.corpus_acquisition.downloader: Downloading page 1 from https://t.prcdn.co/img?file=eag82024012600000000001001&page=1&scale=80
2026-07-18 16:22:18,787 [INFO] src.corpus_acquisition.crawler: Downloading -> data/raw/images/trome/2024/01/26/trome_2024-01-26_1.jpg
2026-07-18 16:22:21,525 [INFO] src.corpus_acquisition.downloader: Downloading page 2 from https://t.prcdn.co/img?file=eag82024012600000000001001&page=2&scale=80
2026-07-18 16:22:21,525 [INFO] src.corpus_acquisition.crawler: Downloading -> data/raw/images/trome/2024/01/26/trome_2024-01-26_2.jpg
2026-07-18 16:22:25,217 [INFO] src.corpus_acquisition.downloader: Downloading page 3 from https://t.prcdn.co/img?file=eag82024012600000000001001&page=3&scale=80
2026-07-18 16:22:25,218 [INFO] src.corpus_acquisition.crawler: Downloading -> data/raw/images/trome/2024/01/26/trome_2024-01-26_3.jpg
2026-07-18 16:22:27,753 [INFO] src.corpus_acquisition.downloader: Downloading page 4 from https://t.prcdn.co/img?file=eag82024012600000000001001&page=4&scale=80
2026-07-18 16:22:27,753 [INFO] src.corpus_acquisition.crawler: Downloading -> data/raw/images/trome/2024/01/26/trome_2024-01-26_4.jpg
2026-07-18 16:22:30,489 [INFO] src.corpus_acquisition.downloader: Downloading page 5 from https://t.prcdn.co/img?file=eag82024012600000000001001&page=5&scale=80
2026-07-18 16:22:30,489 [INFO] src.corpus_acquisition.crawler: Downloading -> data/raw/images/trome/2024/01/26/trome_2024-01-26_5.jpg
2026-07-18 16:22:33,666 [INFO] src.corpus_acquisition.downloader: Downloading page 6 from https://t.prcdn.co/img?file=eag82024012600000000001001&page=6&scale=80
2026-07-18 16:22:33,666 [INFO] src.corpus_acquisition.crawler: Downloading -> data/raw/images/trome/2024/01/26/trome_2024-01-26_6.jpg
2026-07-18 16:22:37,031 [INFO] src.corpus_acquisition.downloader: Downloading page 7 from https://t.prcdn.co/img?file=eag82024012600000000001001&page=7&scale=80
2026-07-18 16:22:37,032 [INFO] src.corpus_acquisition.crawler: Downloading -> data/raw/images/trome/2024/01/26/trome_2024-01-26_7.jpg
2026-07-18 16:22:39,621 [INFO] src.corpus_acquisition.downloader: Downloading page 8 from https://t.prcdn.co/img?file=eag82024012600000000001001&page=8&scale=80
2026-07-18 16:22:39,622 [INFO] src.corpus_acquisition.crawler: Downloading -> data/raw/images/trome/2024/01/26/trome_2024-01-26_8.jpg
2026-07-18 16:22:42,337 [INFO] src.corpus_acquisition.downloader: Downloading page 9 from https://t.prcdn.co/img?file=eag82024012600000000001001&page=9&scale=80
2026-07-18 16:22:42,337 [INFO] src.corpus_acquisition.crawler: Downloading -> data/raw/images/trome/2024/01/26/trome_2024-01-26_9.jpg
2026-07-18 16:22:44,331 [INFO] src.corpus_acquisition.downloader: Downloading page 10 from https://t.prcdn.co/img?file=eag82024012600000000001001&page=10&scale=80
2026-07-18 16:22:44,331 [INFO] src.corpus_acquisition.crawler: Downloading -> data/raw/images/trome/2024/01/26/trome_2024-01-26_10.jpg
2026-07-18 16:22:46,513 [INFO] src.corpus_acquisition.downloader: Downloading page 11 from https://t.prcdn.co/img?file=eag82024012600000000001001&page=11&scale=80
2026-07-18 16:22:46,514 [INFO] src.corpus_acquisition.crawler: Downloading -> data/raw/images/trome/2024/01/26/trome_2024-01-26_11.jpg
2026-07-18 16:22:49,321 [INFO] src.corpus_acquisition.downloader: Downloading page 12 from https://t.prcdn.co/img?file=eag82024012600000000001001&page=12&scale=80
2026-07-18 16:22:49,322 [INFO] src.corpus_acquisition.crawler: Downloading -> data/raw/images/trome/2024/01/26/trome_2024-01-26_12.jpg
2026-07-18 16:22:51,812 [INFO] src.corpus_acquisition.downloader: Downloading page 13 from https://t.prcdn.co/img?file=eag82024012600000000001001&page=13&scale=80
2026-07-18 16:22:51,813 [INFO] src.corpus_acquisition.crawler: Downloading -> data/raw/images/trome/2024/01/26/trome_2024-01-26_13.jpg
2026-07-18 16:22:53,623 [INFO] src.corpus_acquisition.downloader: Downloading page 14 from https://t.prcdn.co/img?file=eag82024012600000000001001&page=14&scale=80
2026-07-18 16:22:53,623 [INFO] src.corpus_acquisition.crawler: Downloading -> data/raw/images/trome/2024/01/26/trome_2024-01-26_14.jpg
2026-07-18 16:22:56,177 [INFO] src.corpus_acquisition.downloader: Downloading page 15 from https://t.prcdn.co/img?file=eag82024012600000000001001&page=15&scale=80
2026-07-18 16:22:56,177 [INFO] src.corpus_acquisition.crawler: Downloading -> data/raw/images/trome/2024/01/26/trome_2024-01-26_15.jpg
2026-07-18 16:23:00,735 [INFO] src.corpus_acquisition.downloader: Downloading page 16 from https://t.prcdn.co/img?file=eag82024012600000000001001&page=16&scale=80
2026-07-18 16:23:00,736 [INFO] src.corpus_acquisition.crawler: Downloading -> data/raw/images/trome/2024/01/26/trome_2024-01-26_16.jpg
2026-07-18 16:23:05,362 [INFO] src.corpus_acquisition.downloader: Downloading page 17 from https://t.prcdn.co/img?file=eag82024012600000000001001&page=17&scale=80
2026-07-18 16:23:05,362 [INFO] src.corpus_acquisition.crawler: Downloading -> data/raw/images/trome/2024/01/26/trome_2024-01-26_17.jpg
2026-07-18 16:23:08,673 [INFO] src.corpus_acquisition.downloader: Downloading page 18 from https://t.prcdn.co/img?file=eag82024012600000000001001&page=18&scale=80
2026-07-18 16:23:08,673 [INFO] src.corpus_acquisition.crawler: Downloading -> data/raw/images/trome/2024/01/26/trome_2024-01-26_18.jpg
2026-07-18 16:23:11,708 [INFO] src.corpus_acquisition.downloader: Downloading page 19 from https://t.prcdn.co/img?file=eag82024012600000000001001&page=19&scale=80
2026-07-18 16:23:11,708 [INFO] src.corpus_acquisition.crawler: Downloading -> data/raw/images/trome/2024/01/26/trome_2024-01-26_19.jpg
2026-07-18 16:23:14,302 [INFO] src.corpus_acquisition.downloader: Downloading page 20 from https://t.prcdn.co/img?file=eag82024012600000000001001&page=20&scale=80
2026-07-18 16:23:14,302 [INFO] src.corpus_acquisition.crawler: Downloading -> data/raw/images/trome/2024/01/26/trome_2024-01-26_20.jpg
2026-07-18 16:23:17,313 [INFO] src.corpus_acquisition.downloader: Downloading page 21 from https://t.prcdn.co/img?file=eag82024012600000000001001&page=21&scale=80
2026-07-18 16:23:17,313 [INFO] src.corpus_acquisition.crawler: Downloading -> data/raw/images/trome/2024/01/26/trome_2024-01-26_21.jpg
2026-07-18 16:23:20,405 [INFO] src.corpus_acquisition.downloader: Downloading page 22 from https://t.prcdn.co/img?file=eag82024012600000000001001&page=22&scale=80
2026-07-18 16:23:20,406 [INFO] src.corpus_acquisition.crawler: Downloading -> data/raw/images/trome/2024/01/26/trome_2024-01-26_22.jpg
2026-07-18 16:23:22,888 [INFO] src.corpus_acquisition.downloader: Downloading page 23 from https://t.prcdn.co/img?file=eag82024012600000000001001&page=23&scale=80
2026-07-18 16:23:22,888 [INFO] src.corpus_acquisition.crawler: Downloading -> data/raw/images/trome/2024/01/26/trome_2024-01-26_23.jpg
2026-07-18 16:23:27,274 [INFO] src.corpus_acquisition.downloader: Downloading page 24 from https://t.prcdn.co/img?file=eag82024012600000000001001&page=24&scale=80
2026-07-18 16:23:27,274 [INFO] src.corpus_acquisition.crawler: Downloading -> data/raw/images/trome/2024/01/26/trome_2024-01-26_24.jpg
2026-07-18 16:23:30,810 [INFO] src.corpus_acquisition.downloader: Downloading page 25 from https://t.prcdn.co/img?file=eag82024012600000000001001&page=25&scale=80
2026-07-18 16:23:30,810 [INFO] src.corpus_acquisition.crawler: Downloading -> data/raw/images/trome/2024/01/26/trome_2024-01-26_25.jpg
2026-07-18 16:23:31,028 [WARNING] src.corpus_acquisition.downloader: Page 25 not found (1/3).
2026-07-18 16:23:31,028 [INFO] src.corpus_acquisition.downloader: Downloading page 26 from https://t.prcdn.co/img?file=eag82024012600000000001001&page=26&scale=80
2026-07-18 16:23:31,029 [INFO] src.corpus_acquisition.crawler: Downloading -> data/raw/images/trome/2024/01/26/trome_2024-01-26_26.jpg
2026-07-18 16:23:31,267 [WARNING] src.corpus_acquisition.downloader: Page 26 not found (2/3).
2026-07-18 16:23:31,267 [INFO] src.corpus_acquisition.downloader: Downloading page 27 from https://t.prcdn.co/img?file=eag82024012600000000001001&page=27&scale=80
2026-07-18 16:23:31,268 [INFO] src.corpus_acquisition.crawler: Downloading -> data/raw/images/trome/2024/01/26/trome_2024-01-26_27.jpg
2026-07-18 16:23:31,474 [WARNING] src.corpus_acquisition.downloader: Page 27 not found (3/3).
2026-07-18 16:23:31,474 [WARNING] src.corpus_acquisition.downloader: No new pages found after 3 attempts; stopping with 24 page(s).
2026-07-18 16:23:31,518 [INFO] src.corpus_acquisition.metadata_extractor: Saved metadata for 24 page(s) -> data/raw/metadata/trome_metadata.parquet (total rows: 37338)
2026-07-18 16:23:31,520 [INFO] src.corpus_acquisition.metadata_extractor: Saved crawl log -> data/raw/crawl_logs/trome_2024-01-26.json (status=success)
2026-07-18 16:23:32,844 [INFO] src.corpus_acquisition.downloader: Downloading page 1 from https://t.prcdn.co/img?file=eag82024012700000000001001&page=1&scale=80
2026-07-18 16:23:32,845 [INFO] src.corpus_acquisition.crawler: Downloading -> data/raw/images/trome/2024/01/27/trome_2024-01-27_1.jpg
2026-07-18 16:23:35,570 [INFO] src.corpus_acquisition.downloader: Downloading page 2 from https://t.prcdn.co/img?file=eag82024012700000000001001&page=2&scale=80
2026-07-18 16:23:35,571 [INFO] src.corpus_acquisition.crawler: Downloading -> data/raw/images/trome/2024/01/27/trome_2024-01-27_2.jpg
2026-07-18 16:23:38,639 [INFO] src.corpus_acquisition.downloader: Downloading page 3 from https://t.prcdn.co/img?file=eag82024012700000000001001&page=3&scale=80
2026-07-18 16:23:38,639 [INFO] src.corpus_acquisition.crawler: Downloading -> data/raw/images/trome/2024/01/27/trome_2024-01-27_3.jpg
2026-07-18 16:23:40,892 [INFO] src.corpus_acquisition.downloader: Downloading page 4 from https://t.prcdn.co/img?file=eag82024012700000000001001&page=4&scale=80
2026-07-18 16:23:40,893 [INFO] src.corpus_acquisition.crawler: Downloading -> data/raw/images/trome/2024/01/27/trome_2024-01-27_4.jpg
2026-07-18 16:23:43,881 [INFO] src.corpus_acquisition.downloader: Downloading page 5 from https://t.prcdn.co/img?file=eag82024012700000000001001&page=5&scale=80
2026-07-18 16:23:43,882 [INFO] src.corpus_acquisition.crawler: Downloading -> data/raw/images/trome/2024/01/27/trome_2024-01-27_5.jpg
2026-07-18 16:23:46,914 [INFO] src.corpus_acquisition.downloader: Downloading page 6 from https://t.prcdn.co/img?file=eag82024012700000000001001&page=6&scale=80
2026-07-18 16:23:46,915 [INFO] src.corpus_acquisition.crawler: Downloading -> data/raw/images/trome/2024/01/27/trome_2024-01-27_6.jpg
2026-07-18 16:23:50,658 [INFO] src.corpus_acquisition.downloader: Downloading page 7 from https://t.prcdn.co/img?file=eag82024012700000000001001&page=7&scale=80
2026-07-18 16:23:50,658 [INFO] src.corpus_acquisition.crawler: Downloading -> data/raw/images/trome/2024/01/27/trome_2024-01-27_7.jpg
2026-07-18 16:23:53,697 [INFO] src.corpus_acquisition.downloader: Downloading page 8 from https://t.prcdn.co/img?file=eag82024012700000000001001&page=8&scale=80
2026-07-18 16:23:53,697 [INFO] src.corpus_acquisition.crawler: Downloading -> data/raw/images/trome/2024/01/27/trome_2024-01-27_8.jpg
2026-07-18 16:23:56,859 [INFO] src.corpus_acquisition.downloader: Downloading page 9 from https://t.prcdn.co/img?file=eag82024012700000000001001&page=9&scale=80
2026-07-18 16:23:56,859 [INFO] src.corpus_acquisition.crawler: Downloading -> data/raw/images/trome/2024/01/27/trome_2024-01-27_9.jpg
2026-07-18 16:24:00,641 [INFO] src.corpus_acquisition.downloader: Downloading page 10 from https://t.prcdn.co/img?file=eag82024012700000000001001&page=10&scale=80
2026-07-18 16:24:00,641 [INFO] src.corpus_acquisition.crawler: Downloading -> data/raw/images/trome/2024/01/27/trome_2024-01-27_10.jpg
2026-07-18 16:24:02,831 [INFO] src.corpus_acquisition.downloader: Downloading page 11 from https://t.prcdn.co/img?file=eag82024012700000000001001&page=11&scale=80
2026-07-18 16:24:02,831 [INFO] src.corpus_acquisition.crawler: Downloading -> data/raw/images/trome/2024/01/27/trome_2024-01-27_11.jpg
2026-07-18 16:24:05,025 [INFO] src.corpus_acquisition.downloader: Downloading page 12 from https://t.prcdn.co/img?file=eag82024012700000000001001&page=12&scale=80
2026-07-18 16:24:05,026 [INFO] src.corpus_acquisition.crawler: Downloading -> data/raw/images/trome/2024/01/27/trome_2024-01-27_12.jpg
2026-07-18 16:24:08,706 [INFO] src.corpus_acquisition.downloader: Downloading page 13 from https://t.prcdn.co/img?file=eag82024012700000000001001&page=13&scale=80
2026-07-18 16:24:08,707 [INFO] src.corpus_acquisition.crawler: Downloading -> data/raw/images/trome/2024/01/27/trome_2024-01-27_13.jpg
2026-07-18 16:24:11,469 [INFO] src.corpus_acquisition.downloader: Downloading page 14 from https://t.prcdn.co/img?file=eag82024012700000000001001&page=14&scale=80
2026-07-18 16:24:11,470 [INFO] src.corpus_acquisition.crawler: Downloading -> data/raw/images/trome/2024/01/27/trome_2024-01-27_14.jpg
2026-07-18 16:24:14,334 [INFO] src.corpus_acquisition.downloader: Downloading page 15 from https://t.prcdn.co/img?file=eag82024012700000000001001&page=15&scale=80
2026-07-18 16:24:14,335 [INFO] src.corpus_acquisition.crawler: Downloading -> data/raw/images/trome/2024/01/27/trome_2024-01-27_15.jpg
2026-07-18 16:24:17,229 [INFO] src.corpus_acquisition.downloader: Downloading page 16 from https://t.prcdn.co/img?file=eag82024012700000000001001&page=16&scale=80
2026-07-18 16:24:17,229 [INFO] src.corpus_acquisition.crawler: Downloading -> data/raw/images/trome/2024/01/27/trome_2024-01-27_16.jpg
2026-07-18 16:24:20,237 [INFO] src.corpus_acquisition.downloader: Downloading page 17 from https://t.prcdn.co/img?file=eag82024012700000000001001&page=17&scale=80
2026-07-18 16:24:20,237 [INFO] src.corpus_acquisition.crawler: Downloading -> data/raw/images/trome/2024/01/27/trome_2024-01-27_17.jpg
2026-07-18 16:24:23,131 [INFO] src.corpus_acquisition.downloader: Downloading page 18 from https://t.prcdn.co/img?file=eag82024012700000000001001&page=18&scale=80
2026-07-18 16:24:23,132 [INFO] src.corpus_acquisition.crawler: Downloading -> data/raw/images/trome/2024/01/27/trome_2024-01-27_18.jpg
2026-07-18 16:24:25,936 [INFO] src.corpus_acquisition.downloader: Downloading page 19 from https://t.prcdn.co/img?file=eag82024012700000000001001&page=19&scale=80
2026-07-18 16:24:25,936 [INFO] src.corpus_acquisition.crawler: Downloading -> data/raw/images/trome/2024/01/27/trome_2024-01-27_19.jpg
2026-07-18 16:24:29,130 [INFO] src.corpus_acquisition.downloader: Downloading page 20 from https://t.prcdn.co/img?file=eag82024012700000000001001&page=20&scale=80
2026-07-18 16:24:29,130 [INFO] src.corpus_acquisition.crawler: Downloading -> data/raw/images/trome/2024/01/27/trome_2024-01-27_20.jpg
2026-07-18 16:24:31,854 [INFO] src.corpus_acquisition.downloader: Downloading page 21 from https://t.prcdn.co/img?file=eag82024012700000000001001&page=21&scale=80
2026-07-18 16:24:31,855 [INFO] src.corpus_acquisition.crawler: Downloading -> data/raw/images/trome/2024/01/27/trome_2024-01-27_21.jpg
2026-07-18 16:24:33,878 [INFO] src.corpus_acquisition.downloader: Downloading page 22 from https://t.prcdn.co/img?file=eag82024012700000000001001&page=22&scale=80
2026-07-18 16:24:33,878 [INFO] src.corpus_acquisition.crawler: Downloading -> data/raw/images/trome/2024/01/27/trome_2024-01-27_22.jpg
2026-07-18 16:24:36,214 [INFO] src.corpus_acquisition.downloader: Downloading page 23 from https://t.prcdn.co/img?file=eag82024012700000000001001&page=23&scale=80
2026-07-18 16:24:36,214 [INFO] src.corpus_acquisition.crawler: Downloading -> data/raw/images/trome/2024/01/27/trome_2024-01-27_23.jpg
2026-07-18 16:24:40,712 [INFO] src.corpus_acquisition.downloader: Downloading page 24 from https://t.prcdn.co/img?file=eag82024012700000000001001&page=24&scale=80
2026-07-18 16:24:40,713 [INFO] src.corpus_acquisition.crawler: Downloading -> data/raw/images/trome/2024/01/27/trome_2024-01-27_24.jpg
2026-07-18 16:24:43,794 [INFO] src.corpus_acquisition.downloader: Downloading page 25 from https://t.prcdn.co/img?file=eag82024012700000000001001&page=25&scale=80
2026-07-18 16:24:43,794 [INFO] src.corpus_acquisition.crawler: Downloading -> data/raw/images/trome/2024/01/27/trome_2024-01-27_25.jpg
2026-07-18 16:24:44,000 [WARNING] src.corpus_acquisition.downloader: Page 25 not found (1/3).
2026-07-18 16:24:44,001 [INFO] src.corpus_acquisition.downloader: Downloading page 26 from https://t.prcdn.co/img?file=eag82024012700000000001001&page=26&scale=80
2026-07-18 16:24:44,001 [INFO] src.corpus_acquisition.crawler: Downloading -> data/raw/images/trome/2024/01/27/trome_2024-01-27_26.jpg
2026-07-18 16:24:44,224 [WARNING] src.corpus_acquisition.downloader: Page 26 not found (2/3).
2026-07-18 16:24:44,224 [INFO] src.corpus_acquisition.downloader: Downloading page 27 from https://t.prcdn.co/img?file=eag82024012700000000001001&page=27&scale=80
2026-07-18 16:24:44,225 [INFO] src.corpus_acquisition.crawler: Downloading -> data/raw/images/trome/2024/01/27/trome_2024-01-27_27.jpg
2026-07-18 16:24:44,440 [WARNING] src.corpus_acquisition.downloader: Page 27 not found (3/3).
2026-07-18 16:24:44,440 [WARNING] src.corpus_acquisition.downloader: No new pages found after 3 attempts; stopping with 24 page(s).
2026-07-18 16:24:44,485 [INFO] src.corpus_acquisition.metadata_extractor: Saved metadata for 24 page(s) -> data/raw/metadata/trome_metadata.parquet (total rows: 37362)
2026-07-18 16:24:44,487 [INFO] src.corpus_acquisition.metadata_extractor: Saved crawl log -> data/raw/crawl_logs/trome_2024-01-27.json (status=success)
2026-07-18 16:24:45,249 [INFO] src.corpus_acquisition.downloader: Downloading page 1 from https://t.prcdn.co/img?file=eag82024012800000000001001&page=1&scale=80
2026-07-18 16:24:45,252 [INFO] src.corpus_acquisition.crawler: Downloading -> data/raw/images/trome/2024/01/28/trome_2024-01-28_1.jpg
2026-07-18 16:24:47,570 [INFO] src.corpus_acquisition.downloader: Downloading page 2 from https://t.prcdn.co/img?file=eag82024012800000000001001&page=2&scale=80
2026-07-18 16:24:47,570 [INFO] src.corpus_acquisition.crawler: Downloading -> data/raw/images/trome/2024/01/28/trome_2024-01-28_2.jpg
2026-07-18 16:24:51,884 [INFO] src.corpus_acquisition.downloader: Downloading page 3 from https://t.prcdn.co/img?file=eag82024012800000000001001&page=3&scale=80
2026-07-18 16:24:51,884 [INFO] src.corpus_acquisition.crawler: Downloading -> data/raw/images/trome/2024/01/28/trome_2024-01-28_3.jpg
2026-07-18 16:24:54,156 [INFO] src.corpus_acquisition.downloader: Downloading page 4 from https://t.prcdn.co/img?file=eag82024012800000000001001&page=4&scale=80
2026-07-18 16:24:54,156 [INFO] src.corpus_acquisition.crawler: Downloading -> data/raw/images/trome/2024/01/28/trome_2024-01-28_4.jpg
2026-07-18 16:24:57,686 [INFO] src.corpus_acquisition.downloader: Downloading page 5 from https://t.prcdn.co/img?file=eag82024012800000000001001&page=5&scale=80
2026-07-18 16:24:57,686 [INFO] src.corpus_acquisition.crawler: Downloading -> data/raw/images/trome/2024/01/28/trome_2024-01-28_5.jpg
2026-07-18 16:25:00,041 [INFO] src.corpus_acquisition.downloader: Downloading page 6 from https://t.prcdn.co/img?file=eag82024012800000000001001&page=6&scale=80
2026-07-18 16:25:00,041 [INFO] src.corpus_acquisition.crawler: Downloading -> data/raw/images/trome/2024/01/28/trome_2024-01-28_6.jpg
2026-07-18 16:25:02,953 [INFO] src.corpus_acquisition.downloader: Downloading page 7 from https://t.prcdn.co/img?file=eag82024012800000000001001&page=7&scale=80
2026-07-18 16:25:02,954 [INFO] src.corpus_acquisition.crawler: Downloading -> data/raw/images/trome/2024/01/28/trome_2024-01-28_7.jpg
2026-07-18 16:25:05,752 [INFO] src.corpus_acquisition.downloader: Downloading page 8 from https://t.prcdn.co/img?file=eag82024012800000000001001&page=8&scale=80
2026-07-18 16:25:05,753 [INFO] src.corpus_acquisition.crawler: Downloading -> data/raw/images/trome/2024/01/28/trome_2024-01-28_8.jpg
2026-07-18 16:25:08,450 [INFO] src.corpus_acquisition.downloader: Downloading page 9 from https://t.prcdn.co/img?file=eag82024012800000000001001&page=9&scale=80
2026-07-18 16:25:08,450 [INFO] src.corpus_acquisition.crawler: Downloading -> data/raw/images/trome/2024/01/28/trome_2024-01-28_9.jpg
2026-07-18 16:25:12,574 [INFO] src.corpus_acquisition.downloader: Downloading page 10 from https://t.prcdn.co/img?file=eag82024012800000000001001&page=10&scale=80
2026-07-18 16:25:12,574 [INFO] src.corpus_acquisition.crawler: Downloading -> data/raw/images/trome/2024/01/28/trome_2024-01-28_10.jpg
2026-07-18 16:25:16,049 [INFO] src.corpus_acquisition.downloader: Downloading page 11 from https://t.prcdn.co/img?file=eag82024012800000000001001&page=11&scale=80
2026-07-18 16:25:16,049 [INFO] src.corpus_acquisition.crawler: Downloading -> data/raw/images/trome/2024/01/28/trome_2024-01-28_11.jpg
2026-07-18 16:25:19,674 [INFO] src.corpus_acquisition.downloader: Downloading page 12 from https://t.prcdn.co/img?file=eag82024012800000000001001&page=12&scale=80
2026-07-18 16:25:19,675 [INFO] src.corpus_acquisition.crawler: Downloading -> data/raw/images/trome/2024/01/28/trome_2024-01-28_12.jpg
2026-07-18 16:25:26,885 [INFO] src.corpus_acquisition.downloader: Downloading page 13 from https://t.prcdn.co/img?file=eag82024012800000000001001&page=13&scale=80
2026-07-18 16:25:26,886 [INFO] src.corpus_acquisition.crawler: Downloading -> data/raw/images/trome/2024/01/28/trome_2024-01-28_13.jpg
2026-07-18 16:25:29,287 [INFO] src.corpus_acquisition.downloader: Downloading page 14 from https://t.prcdn.co/img?file=eag82024012800000000001001&page=14&scale=80
2026-07-18 16:25:29,288 [INFO] src.corpus_acquisition.crawler: Downloading -> data/raw/images/trome/2024/01/28/trome_2024-01-28_14.jpg
2026-07-18 16:25:32,410 [INFO] src.corpus_acquisition.downloader: Downloading page 15 from https://t.prcdn.co/img?file=eag82024012800000000001001&page=15&scale=80
2026-07-18 16:25:32,410 [INFO] src.corpus_acquisition.crawler: Downloading -> data/raw/images/trome/2024/01/28/trome_2024-01-28_15.jpg
2026-07-18 16:25:34,604 [INFO] src.corpus_acquisition.downloader: Downloading page 16 from https://t.prcdn.co/img?file=eag82024012800000000001001&page=16&scale=80
2026-07-18 16:25:34,604 [INFO] src.corpus_acquisition.crawler: Downloading -> data/raw/images/trome/2024/01/28/trome_2024-01-28_16.jpg
2026-07-18 16:25:36,927 [INFO] src.corpus_acquisition.downloader: Downloading page 17 from https://t.prcdn.co/img?file=eag82024012800000000001001&page=17&scale=80
2026-07-18 16:25:36,927 [INFO] src.corpus_acquisition.crawler: Downloading -> data/raw/images/trome/2024/01/28/trome_2024-01-28_17.jpg
2026-07-18 16:25:39,295 [INFO] src.corpus_acquisition.downloader: Downloading page 18 from https://t.prcdn.co/img?file=eag82024012800000000001001&page=18&scale=80
2026-07-18 16:25:39,296 [INFO] src.corpus_acquisition.crawler: Downloading -> data/raw/images/trome/2024/01/28/trome_2024-01-28_18.jpg
2026-07-18 16:25:42,675 [INFO] src.corpus_acquisition.downloader: Downloading page 19 from https://t.prcdn.co/img?file=eag82024012800000000001001&page=19&scale=80
2026-07-18 16:25:42,675 [INFO] src.corpus_acquisition.crawler: Downloading -> data/raw/images/trome/2024/01/28/trome_2024-01-28_19.jpg
2026-07-18 16:25:45,656 [INFO] src.corpus_acquisition.downloader: Downloading page 20 from https://t.prcdn.co/img?file=eag82024012800000000001001&page=20&scale=80
2026-07-18 16:25:45,656 [INFO] src.corpus_acquisition.crawler: Downloading -> data/raw/images/trome/2024/01/28/trome_2024-01-28_20.jpg
2026-07-18 16:25:49,045 [INFO] src.corpus_acquisition.downloader: Downloading page 21 from https://t.prcdn.co/img?file=eag82024012800000000001001&page=21&scale=80
2026-07-18 16:25:49,046 [INFO] src.corpus_acquisition.crawler: Downloading -> data/raw/images/trome/2024/01/28/trome_2024-01-28_21.jpg
2026-07-18 16:25:52,090 [INFO] src.corpus_acquisition.downloader: Downloading page 22 from https://t.prcdn.co/img?file=eag82024012800000000001001&page=22&scale=80
2026-07-18 16:25:52,090 [INFO] src.corpus_acquisition.crawler: Downloading -> data/raw/images/trome/2024/01/28/trome_2024-01-28_22.jpg
2026-07-18 16:25:53,903 [INFO] src.corpus_acquisition.downloader: Downloading page 23 from https://t.prcdn.co/img?file=eag82024012800000000001001&page=23&scale=80
2026-07-18 16:25:53,903 [INFO] src.corpus_acquisition.crawler: Downloading -> data/raw/images/trome/2024/01/28/trome_2024-01-28_23.jpg
2026-07-18 16:25:57,225 [INFO] src.corpus_acquisition.downloader: Downloading page 24 from https://t.prcdn.co/img?file=eag82024012800000000001001&page=24&scale=80
2026-07-18 16:25:57,226 [INFO] src.corpus_acquisition.crawler: Downloading -> data/raw/images/trome/2024/01/28/trome_2024-01-28_24.jpg
2026-07-18 16:26:00,731 [INFO] src.corpus_acquisition.downloader: Downloading page 25 from https://t.prcdn.co/img?file=eag82024012800000000001001&page=25&scale=80
2026-07-18 16:26:00,732 [INFO] src.corpus_acquisition.crawler: Downloading -> data/raw/images/trome/2024/01/28/trome_2024-01-28_25.jpg
2026-07-18 16:26:03,731 [INFO] src.corpus_acquisition.downloader: Downloading page 26 from https://t.prcdn.co/img?file=eag82024012800000000001001&page=26&scale=80
2026-07-18 16:26:03,732 [INFO] src.corpus_acquisition.crawler: Downloading -> data/raw/images/trome/2024/01/28/trome_2024-01-28_26.jpg
2026-07-18 16:26:06,808 [INFO] src.corpus_acquisition.downloader: Downloading page 27 from https://t.prcdn.co/img?file=eag82024012800000000001001&page=27&scale=80
2026-07-18 16:26:06,808 [INFO] src.corpus_acquisition.crawler: Downloading -> data/raw/images/trome/2024/01/28/trome_2024-01-28_27.jpg
2026-07-18 16:26:09,774 [INFO] src.corpus_acquisition.downloader: Downloading page 28 from https://t.prcdn.co/img?file=eag82024012800000000001001&page=28&scale=80
2026-07-18 16:26:09,774 [INFO] src.corpus_acquisition.crawler: Downloading -> data/raw/images/trome/2024/01/28/trome_2024-01-28_28.jpg
2026-07-18 16:26:12,546 [INFO] src.corpus_acquisition.downloader: Downloading page 29 from https://t.prcdn.co/img?file=eag82024012800000000001001&page=29&scale=80
2026-07-18 16:26:12,547 [INFO] src.corpus_acquisition.crawler: Downloading -> data/raw/images/trome/2024/01/28/trome_2024-01-28_29.jpg
2026-07-18 16:26:12,759 [WARNING] src.corpus_acquisition.downloader: Page 29 not found (1/3).
2026-07-18 16:26:12,759 [INFO] src.corpus_acquisition.downloader: Downloading page 30 from https://t.prcdn.co/img?file=eag82024012800000000001001&page=30&scale=80
2026-07-18 16:26:12,760 [INFO] src.corpus_acquisition.crawler: Downloading -> data/raw/images/trome/2024/01/28/trome_2024-01-28_30.jpg
2026-07-18 16:26:12,977 [WARNING] src.corpus_acquisition.downloader: Page 30 not found (2/3).
2026-07-18 16:26:12,977 [INFO] src.corpus_acquisition.downloader: Downloading page 31 from https://t.prcdn.co/img?file=eag82024012800000000001001&page=31&scale=80
2026-07-18 16:26:12,977 [INFO] src.corpus_acquisition.crawler: Downloading -> data/raw/images/trome/2024/01/28/trome_2024-01-28_31.jpg
2026-07-18 16:26:13,199 [WARNING] src.corpus_acquisition.downloader: Page 31 not found (3/3).
2026-07-18 16:26:13,199 [WARNING] src.corpus_acquisition.downloader: No new pages found after 3 attempts; stopping with 28 page(s).
2026-07-18 16:26:13,243 [INFO] src.corpus_acquisition.metadata_extractor: Saved metadata for 28 page(s) -> data/raw/metadata/trome_metadata.parquet (total rows: 37390)
2026-07-18 16:26:13,251 [INFO] src.corpus_acquisition.metadata_extractor: Saved crawl log -> data/raw/crawl_logs/trome_2024-01-28.json (status=success)
2026-07-18 16:26:14,459 [INFO] src.corpus_acquisition.downloader: Downloading page 1 from https://t.prcdn.co/img?file=eag82024012900000000001001&page=1&scale=80
2026-07-18 16:26:14,460 [INFO] src.corpus_acquisition.crawler: Downloading -> data/raw/images/trome/2024/01/29/trome_2024-01-29_1.jpg
2026-07-18 16:26:17,405 [INFO] src.corpus_acquisition.downloader: Downloading page 2 from https://t.prcdn.co/img?file=eag82024012900000000001001&page=2&scale=80
2026-07-18 16:26:17,406 [INFO] src.corpus_acquisition.crawler: Downloading -> data/raw/images/trome/2024/01/29/trome_2024-01-29_2.jpg
2026-07-18 16:26:21,663 [INFO] src.corpus_acquisition.downloader: Downloading page 3 from https://t.prcdn.co/img?file=eag82024012900000000001001&page=3&scale=80
2026-07-18 16:26:21,664 [INFO] src.corpus_acquisition.crawler: Downloading -> data/raw/images/trome/2024/01/29/trome_2024-01-29_3.jpg
2026-07-18 16:26:24,290 [INFO] src.corpus_acquisition.downloader: Downloading page 4 from https://t.prcdn.co/img?file=eag82024012900000000001001&page=4&scale=80
2026-07-18 16:26:24,290 [INFO] src.corpus_acquisition.crawler: Downloading -> data/raw/images/trome/2024/01/29/trome_2024-01-29_4.jpg
2026-07-18 16:26:27,026 [INFO] src.corpus_acquisition.downloader: Downloading page 5 from https://t.prcdn.co/img?file=eag82024012900000000001001&page=5&scale=80
2026-07-18 16:26:27,027 [INFO] src.corpus_acquisition.crawler: Downloading -> data/raw/images/trome/2024/01/29/trome_2024-01-29_5.jpg
2026-07-18 16:26:30,008 [INFO] src.corpus_acquisition.downloader: Downloading page 6 from https://t.prcdn.co/img?file=eag82024012900000000001001&page=6&scale=80
2026-07-18 16:26:30,009 [INFO] src.corpus_acquisition.crawler: Downloading -> data/raw/images/trome/2024/01/29/trome_2024-01-29_6.jpg
2026-07-18 16:26:32,840 [INFO] src.corpus_acquisition.downloader: Downloading page 7 from https://t.prcdn.co/img?file=eag82024012900000000001001&page=7&scale=80
2026-07-18 16:26:32,840 [INFO] src.corpus_acquisition.crawler: Downloading -> data/raw/images/trome/2024/01/29/trome_2024-01-29_7.jpg
2026-07-18 16:26:36,142 [INFO] src.corpus_acquisition.downloader: Downloading page 8 from https://t.prcdn.co/img?file=eag82024012900000000001001&page=8&scale=80
2026-07-18 16:26:36,142 [INFO] src.corpus_acquisition.crawler: Downloading -> data/raw/images/trome/2024/01/29/trome_2024-01-29_8.jpg
2026-07-18 16:26:38,649 [INFO] src.corpus_acquisition.downloader: Downloading page 9 from https://t.prcdn.co/img?file=eag82024012900000000001001&page=9&scale=80
2026-07-18 16:26:38,649 [INFO] src.corpus_acquisition.crawler: Downloading -> data/raw/images/trome/2024/01/29/trome_2024-01-29_9.jpg
2026-07-18 16:26:41,096 [INFO] src.corpus_acquisition.downloader: Downloading page 10 from https://t.prcdn.co/img?file=eag82024012900000000001001&page=10&scale=80
2026-07-18 16:26:41,096 [INFO] src.corpus_acquisition.crawler: Downloading -> data/raw/images/trome/2024/01/29/trome_2024-01-29_10.jpg
2026-07-18 16:26:44,054 [INFO] src.corpus_acquisition.downloader: Downloading page 11 from https://t.prcdn.co/img?file=eag82024012900000000001001&page=11&scale=80
2026-07-18 16:26:44,054 [INFO] src.corpus_acquisition.crawler: Downloading -> data/raw/images/trome/2024/01/29/trome_2024-01-29_11.jpg
2026-07-18 16:26:46,896 [INFO] src.corpus_acquisition.downloader: Downloading page 12 from https://t.prcdn.co/img?file=eag82024012900000000001001&page=12&scale=80
2026-07-18 16:26:46,896 [INFO] src.corpus_acquisition.crawler: Downloading -> data/raw/images/trome/2024/01/29/trome_2024-01-29_12.jpg
2026-07-18 16:26:50,201 [INFO] src.corpus_acquisition.downloader: Downloading page 13 from https://t.prcdn.co/img?file=eag82024012900000000001001&page=13&scale=80
2026-07-18 16:26:50,202 [INFO] src.corpus_acquisition.crawler: Downloading -> data/raw/images/trome/2024/01/29/trome_2024-01-29_13.jpg
2026-07-18 16:26:53,154 [INFO] src.corpus_acquisition.downloader: Downloading page 14 from https://t.prcdn.co/img?file=eag82024012900000000001001&page=14&scale=80
2026-07-18 16:26:53,155 [INFO] src.corpus_acquisition.crawler: Downloading -> data/raw/images/trome/2024/01/29/trome_2024-01-29_14.jpg
2026-07-18 16:26:55,702 [INFO] src.corpus_acquisition.downloader: Downloading page 15 from https://t.prcdn.co/img?file=eag82024012900000000001001&page=15&scale=80
2026-07-18 16:26:55,702 [INFO] src.corpus_acquisition.crawler: Downloading -> data/raw/images/trome/2024/01/29/trome_2024-01-29_15.jpg
2026-07-18 16:26:58,673 [INFO] src.corpus_acquisition.downloader: Downloading page 16 from https://t.prcdn.co/img?file=eag82024012900000000001001&page=16&scale=80
2026-07-18 16:26:58,674 [INFO] src.corpus_acquisition.crawler: Downloading -> data/raw/images/trome/2024/01/29/trome_2024-01-29_16.jpg
2026-07-18 16:27:01,139 [INFO] src.corpus_acquisition.downloader: Downloading page 17 from https://t.prcdn.co/img?file=eag82024012900000000001001&page=17&scale=80
2026-07-18 16:27:01,140 [INFO] src.corpus_acquisition.crawler: Downloading -> data/raw/images/trome/2024/01/29/trome_2024-01-29_17.jpg
2026-07-18 16:27:04,480 [INFO] src.corpus_acquisition.downloader: Downloading page 18 from https://t.prcdn.co/img?file=eag82024012900000000001001&page=18&scale=80
2026-07-18 16:27:04,481 [INFO] src.corpus_acquisition.crawler: Downloading -> data/raw/images/trome/2024/01/29/trome_2024-01-29_18.jpg
2026-07-18 16:27:06,947 [INFO] src.corpus_acquisition.downloader: Downloading page 19 from https://t.prcdn.co/img?file=eag82024012900000000001001&page=19&scale=80
2026-07-18 16:27:06,948 [INFO] src.corpus_acquisition.crawler: Downloading -> data/raw/images/trome/2024/01/29/trome_2024-01-29_19.jpg
2026-07-18 16:27:09,190 [INFO] src.corpus_acquisition.downloader: Downloading page 20 from https://t.prcdn.co/img?file=eag82024012900000000001001&page=20&scale=80
2026-07-18 16:27:09,191 [INFO] src.corpus_acquisition.crawler: Downloading -> data/raw/images/trome/2024/01/29/trome_2024-01-29_20.jpg
2026-07-18 16:27:12,701 [INFO] src.corpus_acquisition.downloader: Downloading page 21 from https://t.prcdn.co/img?file=eag82024012900000000001001&page=21&scale=80
2026-07-18 16:27:12,701 [INFO] src.corpus_acquisition.crawler: Downloading -> data/raw/images/trome/2024/01/29/trome_2024-01-29_21.jpg
2026-07-18 16:27:15,793 [INFO] src.corpus_acquisition.downloader: Downloading page 22 from https://t.prcdn.co/img?file=eag82024012900000000001001&page=22&scale=80
2026-07-18 16:27:15,793 [INFO] src.corpus_acquisition.crawler: Downloading -> data/raw/images/trome/2024/01/29/trome_2024-01-29_22.jpg
2026-07-18 16:27:18,242 [INFO] src.corpus_acquisition.downloader: Downloading page 23 from https://t.prcdn.co/img?file=eag82024012900000000001001&page=23&scale=80
2026-07-18 16:27:18,243 [INFO] src.corpus_acquisition.crawler: Downloading -> data/raw/images/trome/2024/01/29/trome_2024-01-29_23.jpg
2026-07-18 16:27:21,260 [INFO] src.corpus_acquisition.downloader: Downloading page 24 from https://t.prcdn.co/img?file=eag82024012900000000001001&page=24&scale=80
2026-07-18 16:27:21,260 [INFO] src.corpus_acquisition.crawler: Downloading -> data/raw/images/trome/2024/01/29/trome_2024-01-29_24.jpg
2026-07-18 16:27:23,555 [INFO] src.corpus_acquisition.downloader: Downloading page 25 from https://t.prcdn.co/img?file=eag82024012900000000001001&page=25&scale=80
2026-07-18 16:27:23,555 [INFO] src.corpus_acquisition.crawler: Downloading -> data/raw/images/trome/2024/01/29/trome_2024-01-29_25.jpg
2026-07-18 16:27:23,856 [WARNING] src.corpus_acquisition.downloader: Page 25 not found (1/3).
2026-07-18 16:27:23,857 [INFO] src.corpus_acquisition.downloader: Downloading page 26 from https://t.prcdn.co/img?file=eag82024012900000000001001&page=26&scale=80
2026-07-18 16:27:23,857 [INFO] src.corpus_acquisition.crawler: Downloading -> data/raw/images/trome/2024/01/29/trome_2024-01-29_26.jpg
2026-07-18 16:27:24,065 [WARNING] src.corpus_acquisition.downloader: Page 26 not found (2/3).
2026-07-18 16:27:24,066 [INFO] src.corpus_acquisition.downloader: Downloading page 27 from https://t.prcdn.co/img?file=eag82024012900000000001001&page=27&scale=80
2026-07-18 16:27:24,066 [INFO] src.corpus_acquisition.crawler: Downloading -> data/raw/images/trome/2024/01/29/trome_2024-01-29_27.jpg
2026-07-18 16:27:24,290 [WARNING] src.corpus_acquisition.downloader: Page 27 not found (3/3).
2026-07-18 16:27:24,290 [WARNING] src.corpus_acquisition.downloader: No new pages found after 3 attempts; stopping with 24 page(s).
2026-07-18 16:27:24,334 [INFO] src.corpus_acquisition.metadata_extractor: Saved metadata for 24 page(s) -> data/raw/metadata/trome_metadata.parquet (total rows: 37414)
2026-07-18 16:27:24,337 [INFO] src.corpus_acquisition.metadata_extractor: Saved crawl log -> data/raw/crawl_logs/trome_2024-01-29.json (status=success)
2026-07-18 16:27:25,066 [INFO] src.corpus_acquisition.downloader: Downloading page 1 from https://t.prcdn.co/img?file=eag82024013000000000001001&page=1&scale=80
2026-07-18 16:27:25,068 [INFO] src.corpus_acquisition.crawler: Downloading -> data/raw/images/trome/2024/01/30/trome_2024-01-30_1.jpg
2026-07-18 16:27:28,094 [INFO] src.corpus_acquisition.downloader: Downloading page 2 from https://t.prcdn.co/img?file=eag82024013000000000001001&page=2&scale=80
2026-07-18 16:27:28,094 [INFO] src.corpus_acquisition.crawler: Downloading -> data/raw/images/trome/2024/01/30/trome_2024-01-30_2.jpg
2026-07-18 16:27:30,762 [INFO] src.corpus_acquisition.downloader: Downloading page 3 from https://t.prcdn.co/img?file=eag82024013000000000001001&page=3&scale=80
2026-07-18 16:27:30,762 [INFO] src.corpus_acquisition.crawler: Downloading -> data/raw/images/trome/2024/01/30/trome_2024-01-30_3.jpg
2026-07-18 16:27:33,362 [INFO] src.corpus_acquisition.downloader: Downloading page 4 from https://t.prcdn.co/img?file=eag82024013000000000001001&page=4&scale=80
2026-07-18 16:27:33,362 [INFO] src.corpus_acquisition.crawler: Downloading -> data/raw/images/trome/2024/01/30/trome_2024-01-30_4.jpg
2026-07-18 16:27:36,012 [INFO] src.corpus_acquisition.downloader: Downloading page 5 from https://t.prcdn.co/img?file=eag82024013000000000001001&page=5&scale=80
2026-07-18 16:27:36,012 [INFO] src.corpus_acquisition.crawler: Downloading -> data/raw/images/trome/2024/01/30/trome_2024-01-30_5.jpg
2026-07-18 16:27:38,879 [INFO] src.corpus_acquisition.downloader: Downloading page 6 from https://t.prcdn.co/img?file=eag82024013000000000001001&page=6&scale=80
2026-07-18 16:27:38,879 [INFO] src.corpus_acquisition.crawler: Downloading -> data/raw/images/trome/2024/01/30/trome_2024-01-30_6.jpg
2026-07-18 16:27:42,941 [INFO] src.corpus_acquisition.downloader: Downloading page 7 from https://t.prcdn.co/img?file=eag82024013000000000001001&page=7&scale=80
2026-07-18 16:27:42,942 [INFO] src.corpus_acquisition.crawler: Downloading -> data/raw/images/trome/2024/01/30/trome_2024-01-30_7.jpg
2026-07-18 16:27:45,769 [INFO] src.corpus_acquisition.downloader: Downloading page 8 from https://t.prcdn.co/img?file=eag82024013000000000001001&page=8&scale=80
2026-07-18 16:27:45,770 [INFO] src.corpus_acquisition.crawler: Downloading -> data/raw/images/trome/2024/01/30/trome_2024-01-30_8.jpg
2026-07-18 16:27:49,035 [INFO] src.corpus_acquisition.downloader: Downloading page 9 from https://t.prcdn.co/img?file=eag82024013000000000001001&page=9&scale=80
2026-07-18 16:27:49,035 [INFO] src.corpus_acquisition.crawler: Downloading -> data/raw/images/trome/2024/01/30/trome_2024-01-30_9.jpg
2026-07-18 16:27:51,911 [INFO] src.corpus_acquisition.downloader: Downloading page 10 from https://t.prcdn.co/img?file=eag82024013000000000001001&page=10&scale=80
2026-07-18 16:27:51,911 [INFO] src.corpus_acquisition.crawler: Downloading -> data/raw/images/trome/2024/01/30/trome_2024-01-30_10.jpg
2026-07-18 16:27:55,331 [INFO] src.corpus_acquisition.downloader: Downloading page 11 from https://t.prcdn.co/img?file=eag82024013000000000001001&page=11&scale=80
2026-07-18 16:27:55,332 [INFO] src.corpus_acquisition.crawler: Downloading -> data/raw/images/trome/2024/01/30/trome_2024-01-30_11.jpg
2026-07-18 16:27:57,192 [INFO] src.corpus_acquisition.downloader: Downloading page 12 from https://t.prcdn.co/img?file=eag82024013000000000001001&page=12&scale=80
2026-07-18 16:27:57,192 [INFO] src.corpus_acquisition.crawler: Downloading -> data/raw/images/trome/2024/01/30/trome_2024-01-30_12.jpg
2026-07-18 16:28:00,129 [INFO] src.corpus_acquisition.downloader: Downloading page 13 from https://t.prcdn.co/img?file=eag82024013000000000001001&page=13&scale=80
2026-07-18 16:28:00,129 [INFO] src.corpus_acquisition.crawler: Downloading -> data/raw/images/trome/2024/01/30/trome_2024-01-30_13.jpg
2026-07-18 16:28:03,691 [INFO] src.corpus_acquisition.downloader: Downloading page 14 from https://t.prcdn.co/img?file=eag82024013000000000001001&page=14&scale=80
2026-07-18 16:28:03,691 [INFO] src.corpus_acquisition.crawler: Downloading -> data/raw/images/trome/2024/01/30/trome_2024-01-30_14.jpg
2026-07-18 16:28:06,407 [INFO] src.corpus_acquisition.downloader: Downloading page 15 from https://t.prcdn.co/img?file=eag82024013000000000001001&page=15&scale=80
2026-07-18 16:28:06,407 [INFO] src.corpus_acquisition.crawler: Downloading -> data/raw/images/trome/2024/01/30/trome_2024-01-30_15.jpg
2026-07-18 16:28:09,505 [INFO] src.corpus_acquisition.downloader: Downloading page 16 from https://t.prcdn.co/img?file=eag82024013000000000001001&page=16&scale=80
2026-07-18 16:28:09,505 [INFO] src.corpus_acquisition.crawler: Downloading -> data/raw/images/trome/2024/01/30/trome_2024-01-30_16.jpg
2026-07-18 16:28:12,755 [INFO] src.corpus_acquisition.downloader: Downloading page 17 from https://t.prcdn.co/img?file=eag82024013000000000001001&page=17&scale=80
2026-07-18 16:28:12,756 [INFO] src.corpus_acquisition.crawler: Downloading -> data/raw/images/trome/2024/01/30/trome_2024-01-30_17.jpg
2026-07-18 16:28:15,805 [INFO] src.corpus_acquisition.downloader: Downloading page 18 from https://t.prcdn.co/img?file=eag82024013000000000001001&page=18&scale=80
2026-07-18 16:28:15,806 [INFO] src.corpus_acquisition.crawler: Downloading -> data/raw/images/trome/2024/01/30/trome_2024-01-30_18.jpg
2026-07-18 16:28:19,160 [INFO] src.corpus_acquisition.downloader: Downloading page 19 from https://t.prcdn.co/img?file=eag82024013000000000001001&page=19&scale=80
2026-07-18 16:28:19,160 [INFO] src.corpus_acquisition.crawler: Downloading -> data/raw/images/trome/2024/01/30/trome_2024-01-30_19.jpg
2026-07-18 16:28:22,521 [INFO] src.corpus_acquisition.downloader: Downloading page 20 from https://t.prcdn.co/img?file=eag82024013000000000001001&page=20&scale=80
2026-07-18 16:28:22,521 [INFO] src.corpus_acquisition.crawler: Downloading -> data/raw/images/trome/2024/01/30/trome_2024-01-30_20.jpg
2026-07-18 16:28:25,964 [INFO] src.corpus_acquisition.downloader: Downloading page 21 from https://t.prcdn.co/img?file=eag82024013000000000001001&page=21&scale=80
2026-07-18 16:28:25,964 [INFO] src.corpus_acquisition.crawler: Downloading -> data/raw/images/trome/2024/01/30/trome_2024-01-30_21.jpg
2026-07-18 16:28:28,188 [INFO] src.corpus_acquisition.downloader: Downloading page 22 from https://t.prcdn.co/img?file=eag82024013000000000001001&page=22&scale=80
2026-07-18 16:28:28,188 [INFO] src.corpus_acquisition.crawler: Downloading -> data/raw/images/trome/2024/01/30/trome_2024-01-30_22.jpg
2026-07-18 16:28:30,703 [INFO] src.corpus_acquisition.downloader: Downloading page 23 from https://t.prcdn.co/img?file=eag82024013000000000001001&page=23&scale=80
2026-07-18 16:28:30,704 [INFO] src.corpus_acquisition.crawler: Downloading -> data/raw/images/trome/2024/01/30/trome_2024-01-30_23.jpg
2026-07-18 16:28:33,664 [INFO] src.corpus_acquisition.downloader: Downloading page 24 from https://t.prcdn.co/img?file=eag82024013000000000001001&page=24&scale=80
2026-07-18 16:28:33,665 [INFO] src.corpus_acquisition.crawler: Downloading -> data/raw/images/trome/2024/01/30/trome_2024-01-30_24.jpg
2026-07-18 16:28:36,532 [INFO] src.corpus_acquisition.downloader: Downloading page 25 from https://t.prcdn.co/img?file=eag82024013000000000001001&page=25&scale=80
2026-07-18 16:28:36,533 [INFO] src.corpus_acquisition.crawler: Downloading -> data/raw/images/trome/2024/01/30/trome_2024-01-30_25.jpg
2026-07-18 16:28:36,764 [WARNING] src.corpus_acquisition.downloader: Page 25 not found (1/3).
2026-07-18 16:28:36,765 [INFO] src.corpus_acquisition.downloader: Downloading page 26 from https://t.prcdn.co/img?file=eag82024013000000000001001&page=26&scale=80
2026-07-18 16:28:36,765 [INFO] src.corpus_acquisition.crawler: Downloading -> data/raw/images/trome/2024/01/30/trome_2024-01-30_26.jpg
2026-07-18 16:28:36,986 [WARNING] src.corpus_acquisition.downloader: Page 26 not found (2/3).
2026-07-18 16:28:36,986 [INFO] src.corpus_acquisition.downloader: Downloading page 27 from https://t.prcdn.co/img?file=eag82024013000000000001001&page=27&scale=80
2026-07-18 16:28:36,987 [INFO] src.corpus_acquisition.crawler: Downloading -> data/raw/images/trome/2024/01/30/trome_2024-01-30_27.jpg
2026-07-18 16:28:37,270 [WARNING] src.corpus_acquisition.downloader: Page 27 not found (3/3).
2026-07-18 16:28:37,270 [WARNING] src.corpus_acquisition.downloader: No new pages found after 3 attempts; stopping with 24 page(s).
2026-07-18 16:28:37,315 [INFO] src.corpus_acquisition.metadata_extractor: Saved metadata for 24 page(s) -> data/raw/metadata/trome_metadata.parquet (total rows: 37438)
2026-07-18 16:28:37,318 [INFO] src.corpus_acquisition.metadata_extractor: Saved crawl log -> data/raw/crawl_logs/trome_2024-01-30.json (status=success)
2026-07-18 16:28:37,872 [INFO] src.corpus_acquisition.downloader: Downloading page 1 from https://t.prcdn.co/img?file=eag82024013100000000001001&page=1&scale=80
2026-07-18 16:28:37,874 [INFO] src.corpus_acquisition.crawler: Downloading -> data/raw/images/trome/2024/01/31/trome_2024-01-31_1.jpg
2026-07-18 16:28:40,156 [INFO] src.corpus_acquisition.downloader: Downloading page 2 from https://t.prcdn.co/img?file=eag82024013100000000001001&page=2&scale=80
2026-07-18 16:28:40,157 [INFO] src.corpus_acquisition.crawler: Downloading -> data/raw/images/trome/2024/01/31/trome_2024-01-31_2.jpg
2026-07-18 16:28:44,107 [INFO] src.corpus_acquisition.downloader: Downloading page 3 from https://t.prcdn.co/img?file=eag82024013100000000001001&page=3&scale=80
2026-07-18 16:28:44,107 [INFO] src.corpus_acquisition.crawler: Downloading -> data/raw/images/trome/2024/01/31/trome_2024-01-31_3.jpg
2026-07-18 16:28:47,506 [INFO] src.corpus_acquisition.downloader: Downloading page 4 from https://t.prcdn.co/img?file=eag82024013100000000001001&page=4&scale=80
2026-07-18 16:28:47,506 [INFO] src.corpus_acquisition.crawler: Downloading -> data/raw/images/trome/2024/01/31/trome_2024-01-31_4.jpg
2026-07-18 16:28:49,558 [INFO] src.corpus_acquisition.downloader: Downloading page 5 from https://t.prcdn.co/img?file=eag82024013100000000001001&page=5&scale=80
2026-07-18 16:28:49,558 [INFO] src.corpus_acquisition.crawler: Downloading -> data/raw/images/trome/2024/01/31/trome_2024-01-31_5.jpg
2026-07-18 16:28:52,078 [INFO] src.corpus_acquisition.downloader: Downloading page 6 from https://t.prcdn.co/img?file=eag82024013100000000001001&page=6&scale=80
2026-07-18 16:28:52,079 [INFO] src.corpus_acquisition.crawler: Downloading -> data/raw/images/trome/2024/01/31/trome_2024-01-31_6.jpg
2026-07-18 16:28:55,458 [INFO] src.corpus_acquisition.downloader: Downloading page 7 from https://t.prcdn.co/img?file=eag82024013100000000001001&page=7&scale=80
2026-07-18 16:28:55,459 [INFO] src.corpus_acquisition.crawler: Downloading -> data/raw/images/trome/2024/01/31/trome_2024-01-31_7.jpg
2026-07-18 16:28:58,479 [INFO] src.corpus_acquisition.downloader: Downloading page 8 from https://t.prcdn.co/img?file=eag82024013100000000001001&page=8&scale=80
2026-07-18 16:28:58,480 [INFO] src.corpus_acquisition.crawler: Downloading -> data/raw/images/trome/2024/01/31/trome_2024-01-31_8.jpg
2026-07-18 16:29:01,704 [INFO] src.corpus_acquisition.downloader: Downloading page 9 from https://t.prcdn.co/img?file=eag82024013100000000001001&page=9&scale=80
2026-07-18 16:29:01,704 [INFO] src.corpus_acquisition.crawler: Downloading -> data/raw/images/trome/2024/01/31/trome_2024-01-31_9.jpg
2026-07-18 16:29:04,724 [INFO] src.corpus_acquisition.downloader: Downloading page 10 from https://t.prcdn.co/img?file=eag82024013100000000001001&page=10&scale=80
2026-07-18 16:29:04,724 [INFO] src.corpus_acquisition.crawler: Downloading -> data/raw/images/trome/2024/01/31/trome_2024-01-31_10.jpg
2026-07-18 16:29:07,695 [INFO] src.corpus_acquisition.downloader: Downloading page 11 from https://t.prcdn.co/img?file=eag82024013100000000001001&page=11&scale=80
2026-07-18 16:29:07,695 [INFO] src.corpus_acquisition.crawler: Downloading -> data/raw/images/trome/2024/01/31/trome_2024-01-31_11.jpg
2026-07-18 16:29:10,415 [INFO] src.corpus_acquisition.downloader: Downloading page 12 from https://t.prcdn.co/img?file=eag82024013100000000001001&page=12&scale=80
2026-07-18 16:29:10,415 [INFO] src.corpus_acquisition.crawler: Downloading -> data/raw/images/trome/2024/01/31/trome_2024-01-31_12.jpg
2026-07-18 16:29:13,272 [INFO] src.corpus_acquisition.downloader: Downloading page 13 from https://t.prcdn.co/img?file=eag82024013100000000001001&page=13&scale=80
2026-07-18 16:29:13,273 [INFO] src.corpus_acquisition.crawler: Downloading -> data/raw/images/trome/2024/01/31/trome_2024-01-31_13.jpg
2026-07-18 16:29:16,388 [INFO] src.corpus_acquisition.downloader: Downloading page 14 from https://t.prcdn.co/img?file=eag82024013100000000001001&page=14&scale=80
2026-07-18 16:29:16,388 [INFO] src.corpus_acquisition.crawler: Downloading -> data/raw/images/trome/2024/01/31/trome_2024-01-31_14.jpg
2026-07-18 16:29:18,977 [INFO] src.corpus_acquisition.downloader: Downloading page 15 from https://t.prcdn.co/img?file=eag82024013100000000001001&page=15&scale=80
2026-07-18 16:29:18,977 [INFO] src.corpus_acquisition.crawler: Downloading -> data/raw/images/trome/2024/01/31/trome_2024-01-31_15.jpg
2026-07-18 16:29:22,055 [INFO] src.corpus_acquisition.downloader: Downloading page 16 from https://t.prcdn.co/img?file=eag82024013100000000001001&page=16&scale=80
2026-07-18 16:29:22,055 [INFO] src.corpus_acquisition.crawler: Downloading -> data/raw/images/trome/2024/01/31/trome_2024-01-31_16.jpg
2026-07-18 16:29:24,717 [INFO] src.corpus_acquisition.downloader: Downloading page 17 from https://t.prcdn.co/img?file=eag82024013100000000001001&page=17&scale=80
2026-07-18 16:29:24,718 [INFO] src.corpus_acquisition.crawler: Downloading -> data/raw/images/trome/2024/01/31/trome_2024-01-31_17.jpg
2026-07-18 16:29:27,316 [INFO] src.corpus_acquisition.downloader: Downloading page 18 from https://t.prcdn.co/img?file=eag82024013100000000001001&page=18&scale=80
2026-07-18 16:29:27,316 [INFO] src.corpus_acquisition.crawler: Downloading -> data/raw/images/trome/2024/01/31/trome_2024-01-31_18.jpg
2026-07-18 16:29:30,038 [INFO] src.corpus_acquisition.downloader: Downloading page 19 from https://t.prcdn.co/img?file=eag82024013100000000001001&page=19&scale=80
2026-07-18 16:29:30,039 [INFO] src.corpus_acquisition.crawler: Downloading -> data/raw/images/trome/2024/01/31/trome_2024-01-31_19.jpg
2026-07-18 16:29:32,886 [INFO] src.corpus_acquisition.downloader: Downloading page 20 from https://t.prcdn.co/img?file=eag82024013100000000001001&page=20&scale=80
2026-07-18 16:29:32,886 [INFO] src.corpus_acquisition.crawler: Downloading -> data/raw/images/trome/2024/01/31/trome_2024-01-31_20.jpg
2026-07-18 16:29:35,588 [INFO] src.corpus_acquisition.downloader: Downloading page 21 from https://t.prcdn.co/img?file=eag82024013100000000001001&page=21&scale=80
2026-07-18 16:29:35,589 [INFO] src.corpus_acquisition.crawler: Downloading -> data/raw/images/trome/2024/01/31/trome_2024-01-31_21.jpg
2026-07-18 16:29:38,203 [INFO] src.corpus_acquisition.downloader: Downloading page 22 from https://t.prcdn.co/img?file=eag82024013100000000001001&page=22&scale=80
2026-07-18 16:29:38,204 [INFO] src.corpus_acquisition.crawler: Downloading -> data/raw/images/trome/2024/01/31/trome_2024-01-31_22.jpg
2026-07-18 16:29:41,015 [INFO] src.corpus_acquisition.downloader: Downloading page 23 from https://t.prcdn.co/img?file=eag82024013100000000001001&page=23&scale=80
2026-07-18 16:29:41,016 [INFO] src.corpus_acquisition.crawler: Downloading -> data/raw/images/trome/2024/01/31/trome_2024-01-31_23.jpg
2026-07-18 16:29:44,145 [INFO] src.corpus_acquisition.downloader: Downloading page 24 from https://t.prcdn.co/img?file=eag82024013100000000001001&page=24&scale=80
2026-07-18 16:29:44,145 [INFO] src.corpus_acquisition.crawler: Downloading -> data/raw/images/trome/2024/01/31/trome_2024-01-31_24.jpg
2026-07-18 16:29:46,652 [INFO] src.corpus_acquisition.downloader: Downloading page 25 from https://t.prcdn.co/img?file=eag82024013100000000001001&page=25&scale=80
2026-07-18 16:29:46,653 [INFO] src.corpus_acquisition.crawler: Downloading -> data/raw/images/trome/2024/01/31/trome_2024-01-31_25.jpg
2026-07-18 16:29:46,869 [WARNING] src.corpus_acquisition.downloader: Page 25 not found (1/3).
2026-07-18 16:29:46,869 [INFO] src.corpus_acquisition.downloader: Downloading page 26 from https://t.prcdn.co/img?file=eag82024013100000000001001&page=26&scale=80
2026-07-18 16:29:46,869 [INFO] src.corpus_acquisition.crawler: Downloading -> data/raw/images/trome/2024/01/31/trome_2024-01-31_26.jpg
2026-07-18 16:29:47,085 [WARNING] src.corpus_acquisition.downloader: Page 26 not found (2/3).
2026-07-18 16:29:47,085 [INFO] src.corpus_acquisition.downloader: Downloading page 27 from https://t.prcdn.co/img?file=eag82024013100000000001001&page=27&scale=80
2026-07-18 16:29:47,086 [INFO] src.corpus_acquisition.crawler: Downloading -> data/raw/images/trome/2024/01/31/trome_2024-01-31_27.jpg
2026-07-18 16:29:47,319 [WARNING] src.corpus_acquisition.downloader: Page 27 not found (3/3).
2026-07-18 16:29:47,319 [WARNING] src.corpus_acquisition.downloader: No new pages found after 3 attempts; stopping with 24 page(s).
2026-07-18 16:29:47,363 [INFO] src.corpus_acquisition.metadata_extractor: Saved metadata for 24 page(s) -> data/raw/metadata/trome_metadata.parquet (total rows: 37462)
2026-07-18 16:29:47,366 [INFO] src.corpus_acquisition.metadata_extractor: Saved crawl log -> data/raw/crawl_logs/trome_2024-01-31.json (status=success)
2026-07-18 16:29:48,078 [INFO] src.corpus_acquisition.downloader: Downloading page 1 from https://t.prcdn.co/img?file=eag82024020100000000001001&page=1&scale=80
2026-07-18 16:29:48,080 [INFO] src.corpus_acquisition.crawler: Downloading -> data/raw/images/trome/2024/02/01/trome_2024-02-01_1.jpg
2026-07-18 16:29:50,972 [INFO] src.corpus_acquisition.downloader: Downloading page 2 from https://t.prcdn.co/img?file=eag82024020100000000001001&page=2&scale=80
2026-07-18 16:29:50,973 [INFO] src.corpus_acquisition.crawler: Downloading -> data/raw/images/trome/2024/02/01/trome_2024-02-01_2.jpg
2026-07-18 16:29:54,020 [INFO] src.corpus_acquisition.downloader: Downloading page 3 from https://t.prcdn.co/img?file=eag82024020100000000001001&page=3&scale=80
2026-07-18 16:29:54,020 [INFO] src.corpus_acquisition.crawler: Downloading -> data/raw/images/trome/2024/02/01/trome_2024-02-01_3.jpg
2026-07-18 16:29:56,965 [INFO] src.corpus_acquisition.downloader: Downloading page 4 from https://t.prcdn.co/img?file=eag82024020100000000001001&page=4&scale=80
2026-07-18 16:29:56,966 [INFO] src.corpus_acquisition.crawler: Downloading -> data/raw/images/trome/2024/02/01/trome_2024-02-01_4.jpg
2026-07-18 16:29:59,410 [INFO] src.corpus_acquisition.downloader: Downloading page 5 from https://t.prcdn.co/img?file=eag82024020100000000001001&page=5&scale=80
2026-07-18 16:29:59,411 [INFO] src.corpus_acquisition.crawler: Downloading -> data/raw/images/trome/2024/02/01/trome_2024-02-01_5.jpg
2026-07-18 16:30:02,305 [INFO] src.corpus_acquisition.downloader: Downloading page 6 from https://t.prcdn.co/img?file=eag82024020100000000001001&page=6&scale=80
2026-07-18 16:30:02,306 [INFO] src.corpus_acquisition.crawler: Downloading -> data/raw/images/trome/2024/02/01/trome_2024-02-01_6.jpg
2026-07-18 16:30:05,744 [INFO] src.corpus_acquisition.downloader: Downloading page 7 from https://t.prcdn.co/img?file=eag82024020100000000001001&page=7&scale=80
2026-07-18 16:30:05,744 [INFO] src.corpus_acquisition.crawler: Downloading -> data/raw/images/trome/2024/02/01/trome_2024-02-01_7.jpg
2026-07-18 16:30:10,282 [INFO] src.corpus_acquisition.downloader: Downloading page 8 from https://t.prcdn.co/img?file=eag82024020100000000001001&page=8&scale=80
2026-07-18 16:30:10,282 [INFO] src.corpus_acquisition.crawler: Downloading -> data/raw/images/trome/2024/02/01/trome_2024-02-01_8.jpg
2026-07-18 16:30:12,979 [INFO] src.corpus_acquisition.downloader: Downloading page 9 from https://t.prcdn.co/img?file=eag82024020100000000001001&page=9&scale=80
2026-07-18 16:30:12,980 [INFO] src.corpus_acquisition.crawler: Downloading -> data/raw/images/trome/2024/02/01/trome_2024-02-01_9.jpg
2026-07-18 16:30:15,966 [INFO] src.corpus_acquisition.downloader: Downloading page 10 from https://t.prcdn.co/img?file=eag82024020100000000001001&page=10&scale=80
2026-07-18 16:30:15,966 [INFO] src.corpus_acquisition.crawler: Downloading -> data/raw/images/trome/2024/02/01/trome_2024-02-01_10.jpg
2026-07-18 16:30:21,121 [INFO] src.corpus_acquisition.downloader: Downloading page 11 from https://t.prcdn.co/img?file=eag82024020100000000001001&page=11&scale=80
2026-07-18 16:30:21,121 [INFO] src.corpus_acquisition.crawler: Downloading -> data/raw/images/trome/2024/02/01/trome_2024-02-01_11.jpg
2026-07-18 16:30:23,464 [INFO] src.corpus_acquisition.downloader: Downloading page 12 from https://t.prcdn.co/img?file=eag82024020100000000001001&page=12&scale=80
2026-07-18 16:30:23,464 [INFO] src.corpus_acquisition.crawler: Downloading -> data/raw/images/trome/2024/02/01/trome_2024-02-01_12.jpg
2026-07-18 16:30:26,587 [INFO] src.corpus_acquisition.downloader: Downloading page 13 from https://t.prcdn.co/img?file=eag82024020100000000001001&page=13&scale=80
2026-07-18 16:30:26,587 [INFO] src.corpus_acquisition.crawler: Downloading -> data/raw/images/trome/2024/02/01/trome_2024-02-01_13.jpg
2026-07-18 16:30:29,899 [INFO] src.corpus_acquisition.downloader: Downloading page 14 from https://t.prcdn.co/img?file=eag82024020100000000001001&page=14&scale=80
2026-07-18 16:30:29,899 [INFO] src.corpus_acquisition.crawler: Downloading -> data/raw/images/trome/2024/02/01/trome_2024-02-01_14.jpg
2026-07-18 16:30:33,605 [INFO] src.corpus_acquisition.downloader: Downloading page 15 from https://t.prcdn.co/img?file=eag82024020100000000001001&page=15&scale=80
2026-07-18 16:30:33,605 [INFO] src.corpus_acquisition.crawler: Downloading -> data/raw/images/trome/2024/02/01/trome_2024-02-01_15.jpg
2026-07-18 16:30:36,637 [INFO] src.corpus_acquisition.downloader: Downloading page 16 from https://t.prcdn.co/img?file=eag82024020100000000001001&page=16&scale=80
2026-07-18 16:30:36,638 [INFO] src.corpus_acquisition.crawler: Downloading -> data/raw/images/trome/2024/02/01/trome_2024-02-01_16.jpg
2026-07-18 16:30:39,520 [INFO] src.corpus_acquisition.downloader: Downloading page 17 from https://t.prcdn.co/img?file=eag82024020100000000001001&page=17&scale=80
2026-07-18 16:30:39,521 [INFO] src.corpus_acquisition.crawler: Downloading -> data/raw/images/trome/2024/02/01/trome_2024-02-01_17.jpg
2026-07-18 16:30:42,219 [INFO] src.corpus_acquisition.downloader: Downloading page 18 from https://t.prcdn.co/img?file=eag82024020100000000001001&page=18&scale=80
2026-07-18 16:30:42,219 [INFO] src.corpus_acquisition.crawler: Downloading -> data/raw/images/trome/2024/02/01/trome_2024-02-01_18.jpg
2026-07-18 16:30:44,752 [INFO] src.corpus_acquisition.downloader: Downloading page 19 from https://t.prcdn.co/img?file=eag82024020100000000001001&page=19&scale=80
2026-07-18 16:30:44,753 [INFO] src.corpus_acquisition.crawler: Downloading -> data/raw/images/trome/2024/02/01/trome_2024-02-01_19.jpg
2026-07-18 16:30:47,817 [INFO] src.corpus_acquisition.downloader: Downloading page 20 from https://t.prcdn.co/img?file=eag82024020100000000001001&page=20&scale=80
2026-07-18 16:30:47,817 [INFO] src.corpus_acquisition.crawler: Downloading -> data/raw/images/trome/2024/02/01/trome_2024-02-01_20.jpg
2026-07-18 16:30:50,990 [INFO] src.corpus_acquisition.downloader: Downloading page 21 from https://t.prcdn.co/img?file=eag82024020100000000001001&page=21&scale=80
2026-07-18 16:30:50,991 [INFO] src.corpus_acquisition.crawler: Downloading -> data/raw/images/trome/2024/02/01/trome_2024-02-01_21.jpg
2026-07-18 16:30:52,894 [INFO] src.corpus_acquisition.downloader: Downloading page 22 from https://t.prcdn.co/img?file=eag82024020100000000001001&page=22&scale=80
2026-07-18 16:30:52,895 [INFO] src.corpus_acquisition.crawler: Downloading -> data/raw/images/trome/2024/02/01/trome_2024-02-01_22.jpg
2026-07-18 16:30:55,938 [INFO] src.corpus_acquisition.downloader: Downloading page 23 from https://t.prcdn.co/img?file=eag82024020100000000001001&page=23&scale=80
2026-07-18 16:30:55,938 [INFO] src.corpus_acquisition.crawler: Downloading -> data/raw/images/trome/2024/02/01/trome_2024-02-01_23.jpg
2026-07-18 16:30:58,801 [INFO] src.corpus_acquisition.downloader: Downloading page 24 from https://t.prcdn.co/img?file=eag82024020100000000001001&page=24&scale=80
2026-07-18 16:30:58,802 [INFO] src.corpus_acquisition.crawler: Downloading -> data/raw/images/trome/2024/02/01/trome_2024-02-01_24.jpg
2026-07-18 16:30:59,020 [WARNING] src.corpus_acquisition.downloader: Page 24 not found (1/3).
2026-07-18 16:30:59,020 [INFO] src.corpus_acquisition.downloader: Downloading page 25 from https://t.prcdn.co/img?file=eag82024020100000000001001&page=25&scale=80
2026-07-18 16:30:59,020 [INFO] src.corpus_acquisition.crawler: Downloading -> data/raw/images/trome/2024/02/01/trome_2024-02-01_25.jpg
2026-07-18 16:30:59,240 [WARNING] src.corpus_acquisition.downloader: Page 25 not found (2/3).
2026-07-18 16:30:59,240 [INFO] src.corpus_acquisition.downloader: Downloading page 26 from https://t.prcdn.co/img?file=eag82024020100000000001001&page=26&scale=80
2026-07-18 16:30:59,241 [INFO] src.corpus_acquisition.crawler: Downloading -> data/raw/images/trome/2024/02/01/trome_2024-02-01_26.jpg
2026-07-18 16:30:59,480 [WARNING] src.corpus_acquisition.downloader: Page 26 not found (3/3).
2026-07-18 16:30:59,481 [WARNING] src.corpus_acquisition.downloader: No new pages found after 3 attempts; stopping with 23 page(s).
2026-07-18 16:30:59,523 [INFO] src.corpus_acquisition.metadata_extractor: Saved metadata for 23 page(s) -> data/raw/metadata/trome_metadata.parquet (total rows: 37485)
2026-07-18 16:30:59,526 [INFO] src.corpus_acquisition.metadata_extractor: Saved crawl log -> data/raw/crawl_logs/trome_2024-02-01.json (status=success)
2026-07-18 16:31:00,050 [INFO] src.corpus_acquisition.downloader: Downloading page 1 from https://t.prcdn.co/img?file=eag82024020200000000001001&page=1&scale=80
2026-07-18 16:31:00,051 [INFO] src.corpus_acquisition.crawler: Downloading -> data/raw/images/trome/2024/02/02/trome_2024-02-02_1.jpg
2026-07-18 16:31:02,792 [INFO] src.corpus_acquisition.downloader: Downloading page 2 from https://t.prcdn.co/img?file=eag82024020200000000001001&page=2&scale=80
2026-07-18 16:31:02,793 [INFO] src.corpus_acquisition.crawler: Downloading -> data/raw/images/trome/2024/02/02/trome_2024-02-02_2.jpg
2026-07-18 16:31:06,603 [INFO] src.corpus_acquisition.downloader: Downloading page 3 from https://t.prcdn.co/img?file=eag82024020200000000001001&page=3&scale=80
2026-07-18 16:31:06,603 [INFO] src.corpus_acquisition.crawler: Downloading -> data/raw/images/trome/2024/02/02/trome_2024-02-02_3.jpg
2026-07-18 16:31:09,170 [INFO] src.corpus_acquisition.downloader: Downloading page 4 from https://t.prcdn.co/img?file=eag82024020200000000001001&page=4&scale=80
2026-07-18 16:31:09,171 [INFO] src.corpus_acquisition.crawler: Downloading -> data/raw/images/trome/2024/02/02/trome_2024-02-02_4.jpg
2026-07-18 16:31:11,796 [INFO] src.corpus_acquisition.downloader: Downloading page 5 from https://t.prcdn.co/img?file=eag82024020200000000001001&page=5&scale=80
2026-07-18 16:31:11,797 [INFO] src.corpus_acquisition.crawler: Downloading -> data/raw/images/trome/2024/02/02/trome_2024-02-02_5.jpg
2026-07-18 16:31:13,818 [INFO] src.corpus_acquisition.downloader: Downloading page 6 from https://t.prcdn.co/img?file=eag82024020200000000001001&page=6&scale=80
2026-07-18 16:31:13,818 [INFO] src.corpus_acquisition.crawler: Downloading -> data/raw/images/trome/2024/02/02/trome_2024-02-02_6.jpg
2026-07-18 16:31:17,008 [INFO] src.corpus_acquisition.downloader: Downloading page 7 from https://t.prcdn.co/img?file=eag82024020200000000001001&page=7&scale=80
2026-07-18 16:31:17,009 [INFO] src.corpus_acquisition.crawler: Downloading -> data/raw/images/trome/2024/02/02/trome_2024-02-02_7.jpg
2026-07-18 16:31:20,049 [INFO] src.corpus_acquisition.downloader: Downloading page 8 from https://t.prcdn.co/img?file=eag82024020200000000001001&page=8&scale=80
2026-07-18 16:31:20,049 [INFO] src.corpus_acquisition.crawler: Downloading -> data/raw/images/trome/2024/02/02/trome_2024-02-02_8.jpg
2026-07-18 16:31:22,684 [INFO] src.corpus_acquisition.downloader: Downloading page 9 from https://t.prcdn.co/img?file=eag82024020200000000001001&page=9&scale=80
2026-07-18 16:31:22,684 [INFO] src.corpus_acquisition.crawler: Downloading -> data/raw/images/trome/2024/02/02/trome_2024-02-02_9.jpg
2026-07-18 16:31:25,853 [INFO] src.corpus_acquisition.downloader: Downloading page 10 from https://t.prcdn.co/img?file=eag82024020200000000001001&page=10&scale=80
2026-07-18 16:31:25,854 [INFO] src.corpus_acquisition.crawler: Downloading -> data/raw/images/trome/2024/02/02/trome_2024-02-02_10.jpg
2026-07-18 16:31:28,166 [INFO] src.corpus_acquisition.downloader: Downloading page 11 from https://t.prcdn.co/img?file=eag82024020200000000001001&page=11&scale=80
2026-07-18 16:31:28,166 [INFO] src.corpus_acquisition.crawler: Downloading -> data/raw/images/trome/2024/02/02/trome_2024-02-02_11.jpg
2026-07-18 16:31:31,124 [INFO] src.corpus_acquisition.downloader: Downloading page 12 from https://t.prcdn.co/img?file=eag82024020200000000001001&page=12&scale=80
2026-07-18 16:31:31,125 [INFO] src.corpus_acquisition.crawler: Downloading -> data/raw/images/trome/2024/02/02/trome_2024-02-02_12.jpg
2026-07-18 16:31:33,485 [INFO] src.corpus_acquisition.downloader: Downloading page 13 from https://t.prcdn.co/img?file=eag82024020200000000001001&page=13&scale=80
2026-07-18 16:31:33,485 [INFO] src.corpus_acquisition.crawler: Downloading -> data/raw/images/trome/2024/02/02/trome_2024-02-02_13.jpg
2026-07-18 16:31:35,811 [INFO] src.corpus_acquisition.downloader: Downloading page 14 from https://t.prcdn.co/img?file=eag82024020200000000001001&page=14&scale=80
2026-07-18 16:31:35,812 [INFO] src.corpus_acquisition.crawler: Downloading -> data/raw/images/trome/2024/02/02/trome_2024-02-02_14.jpg
2026-07-18 16:31:39,006 [INFO] src.corpus_acquisition.downloader: Downloading page 15 from https://t.prcdn.co/img?file=eag82024020200000000001001&page=15&scale=80
2026-07-18 16:31:39,007 [INFO] src.corpus_acquisition.crawler: Downloading -> data/raw/images/trome/2024/02/02/trome_2024-02-02_15.jpg
2026-07-18 16:31:41,422 [INFO] src.corpus_acquisition.downloader: Downloading page 16 from https://t.prcdn.co/img?file=eag82024020200000000001001&page=16&scale=80
2026-07-18 16:31:41,423 [INFO] src.corpus_acquisition.crawler: Downloading -> data/raw/images/trome/2024/02/02/trome_2024-02-02_16.jpg
2026-07-18 16:31:44,804 [INFO] src.corpus_acquisition.downloader: Downloading page 17 from https://t.prcdn.co/img?file=eag82024020200000000001001&page=17&scale=80
2026-07-18 16:31:44,805 [INFO] src.corpus_acquisition.crawler: Downloading -> data/raw/images/trome/2024/02/02/trome_2024-02-02_17.jpg
2026-07-18 16:31:47,689 [INFO] src.corpus_acquisition.downloader: Downloading page 18 from https://t.prcdn.co/img?file=eag82024020200000000001001&page=18&scale=80
2026-07-18 16:31:47,689 [INFO] src.corpus_acquisition.crawler: Downloading -> data/raw/images/trome/2024/02/02/trome_2024-02-02_18.jpg
2026-07-18 16:31:49,934 [INFO] src.corpus_acquisition.downloader: Downloading page 19 from https://t.prcdn.co/img?file=eag82024020200000000001001&page=19&scale=80
2026-07-18 16:31:49,935 [INFO] src.corpus_acquisition.crawler: Downloading -> data/raw/images/trome/2024/02/02/trome_2024-02-02_19.jpg
2026-07-18 16:31:52,972 [INFO] src.corpus_acquisition.downloader: Downloading page 20 from https://t.prcdn.co/img?file=eag82024020200000000001001&page=20&scale=80
2026-07-18 16:31:52,972 [INFO] src.corpus_acquisition.crawler: Downloading -> data/raw/images/trome/2024/02/02/trome_2024-02-02_20.jpg
2026-07-18 16:31:55,697 [INFO] src.corpus_acquisition.downloader: Downloading page 21 from https://t.prcdn.co/img?file=eag82024020200000000001001&page=21&scale=80
2026-07-18 16:31:55,698 [INFO] src.corpus_acquisition.crawler: Downloading -> data/raw/images/trome/2024/02/02/trome_2024-02-02_21.jpg
2026-07-18 16:31:58,823 [INFO] src.corpus_acquisition.downloader: Downloading page 22 from https://t.prcdn.co/img?file=eag82024020200000000001001&page=22&scale=80
2026-07-18 16:31:58,824 [INFO] src.corpus_acquisition.crawler: Downloading -> data/raw/images/trome/2024/02/02/trome_2024-02-02_22.jpg
2026-07-18 16:32:01,641 [INFO] src.corpus_acquisition.downloader: Downloading page 23 from https://t.prcdn.co/img?file=eag82024020200000000001001&page=23&scale=80
2026-07-18 16:32:01,642 [INFO] src.corpus_acquisition.crawler: Downloading -> data/raw/images/trome/2024/02/02/trome_2024-02-02_23.jpg
2026-07-18 16:32:04,880 [INFO] src.corpus_acquisition.downloader: Downloading page 24 from https://t.prcdn.co/img?file=eag82024020200000000001001&page=24&scale=80
2026-07-18 16:32:04,880 [INFO] src.corpus_acquisition.crawler: Downloading -> data/raw/images/trome/2024/02/02/trome_2024-02-02_24.jpg
2026-07-18 16:32:07,458 [INFO] src.corpus_acquisition.downloader: Downloading page 25 from https://t.prcdn.co/img?file=eag82024020200000000001001&page=25&scale=80
2026-07-18 16:32:07,458 [INFO] src.corpus_acquisition.crawler: Downloading -> data/raw/images/trome/2024/02/02/trome_2024-02-02_25.jpg
2026-07-18 16:32:07,675 [WARNING] src.corpus_acquisition.downloader: Page 25 not found (1/3).
2026-07-18 16:32:07,676 [INFO] src.corpus_acquisition.downloader: Downloading page 26 from https://t.prcdn.co/img?file=eag82024020200000000001001&page=26&scale=80
2026-07-18 16:32:07,676 [INFO] src.corpus_acquisition.crawler: Downloading -> data/raw/images/trome/2024/02/02/trome_2024-02-02_26.jpg
2026-07-18 16:32:07,990 [WARNING] src.corpus_acquisition.downloader: Page 26 not found (2/3).
2026-07-18 16:32:07,991 [INFO] src.corpus_acquisition.downloader: Downloading page 27 from https://t.prcdn.co/img?file=eag82024020200000000001001&page=27&scale=80
2026-07-18 16:32:07,991 [INFO] src.corpus_acquisition.crawler: Downloading -> data/raw/images/trome/2024/02/02/trome_2024-02-02_27.jpg
2026-07-18 16:32:08,207 [WARNING] src.corpus_acquisition.downloader: Page 27 not found (3/3).
2026-07-18 16:32:08,207 [WARNING] src.corpus_acquisition.downloader: No new pages found after 3 attempts; stopping with 24 page(s).
2026-07-18 16:32:08,252 [INFO] src.corpus_acquisition.metadata_extractor: Saved metadata for 24 page(s) -> data/raw/metadata/trome_metadata.parquet (total rows: 37509)
2026-07-18 16:32:08,254 [INFO] src.corpus_acquisition.metadata_extractor: Saved crawl log -> data/raw/crawl_logs/trome_2024-02-02.json (status=success)
2026-07-18 16:32:09,675 [INFO] src.corpus_acquisition.downloader: Downloading page 1 from https://t.prcdn.co/img?file=eag82024020300000000001001&page=1&scale=80
2026-07-18 16:32:09,675 [INFO] src.corpus_acquisition.crawler: Downloading -> data/raw/images/trome/2024/02/03/trome_2024-02-03_1.jpg
2026-07-18 16:32:13,311 [INFO] src.corpus_acquisition.downloader: Downloading page 2 from https://t.prcdn.co/img?file=eag82024020300000000001001&page=2&scale=80
2026-07-18 16:32:13,312 [INFO] src.corpus_acquisition.crawler: Downloading -> data/raw/images/trome/2024/02/03/trome_2024-02-03_2.jpg
2026-07-18 16:32:17,310 [INFO] src.corpus_acquisition.downloader: Downloading page 3 from https://t.prcdn.co/img?file=eag82024020300000000001001&page=3&scale=80
2026-07-18 16:32:17,310 [INFO] src.corpus_acquisition.crawler: Downloading -> data/raw/images/trome/2024/02/03/trome_2024-02-03_3.jpg
2026-07-18 16:32:20,737 [INFO] src.corpus_acquisition.downloader: Downloading page 4 from https://t.prcdn.co/img?file=eag82024020300000000001001&page=4&scale=80
2026-07-18 16:32:20,738 [INFO] src.corpus_acquisition.crawler: Downloading -> data/raw/images/trome/2024/02/03/trome_2024-02-03_4.jpg
2026-07-18 16:32:23,840 [INFO] src.corpus_acquisition.downloader: Downloading page 5 from https://t.prcdn.co/img?file=eag82024020300000000001001&page=5&scale=80
2026-07-18 16:32:23,841 [INFO] src.corpus_acquisition.crawler: Downloading -> data/raw/images/trome/2024/02/03/trome_2024-02-03_5.jpg
2026-07-18 16:32:26,872 [INFO] src.corpus_acquisition.downloader: Downloading page 6 from https://t.prcdn.co/img?file=eag82024020300000000001001&page=6&scale=80
2026-07-18 16:32:26,872 [INFO] src.corpus_acquisition.crawler: Downloading -> data/raw/images/trome/2024/02/03/trome_2024-02-03_6.jpg
2026-07-18 16:32:30,346 [INFO] src.corpus_acquisition.downloader: Downloading page 7 from https://t.prcdn.co/img?file=eag82024020300000000001001&page=7&scale=80
2026-07-18 16:32:30,346 [INFO] src.corpus_acquisition.crawler: Downloading -> data/raw/images/trome/2024/02/03/trome_2024-02-03_7.jpg
2026-07-18 16:32:33,717 [INFO] src.corpus_acquisition.downloader: Downloading page 8 from https://t.prcdn.co/img?file=eag82024020300000000001001&page=8&scale=80
2026-07-18 16:32:33,718 [INFO] src.corpus_acquisition.crawler: Downloading -> data/raw/images/trome/2024/02/03/trome_2024-02-03_8.jpg
2026-07-18 16:32:36,756 [INFO] src.corpus_acquisition.downloader: Downloading page 9 from https://t.prcdn.co/img?file=eag82024020300000000001001&page=9&scale=80
2026-07-18 16:32:36,757 [INFO] src.corpus_acquisition.crawler: Downloading -> data/raw/images/trome/2024/02/03/trome_2024-02-03_9.jpg
2026-07-18 16:32:40,275 [INFO] src.corpus_acquisition.downloader: Downloading page 10 from https://t.prcdn.co/img?file=eag82024020300000000001001&page=10&scale=80
2026-07-18 16:32:40,276 [INFO] src.corpus_acquisition.crawler: Downloading -> data/raw/images/trome/2024/02/03/trome_2024-02-03_10.jpg
2026-07-18 16:32:42,773 [INFO] src.corpus_acquisition.downloader: Downloading page 11 from https://t.prcdn.co/img?file=eag82024020300000000001001&page=11&scale=80
2026-07-18 16:32:42,774 [INFO] src.corpus_acquisition.crawler: Downloading -> data/raw/images/trome/2024/02/03/trome_2024-02-03_11.jpg
2026-07-18 16:32:45,621 [INFO] src.corpus_acquisition.downloader: Downloading page 12 from https://t.prcdn.co/img?file=eag82024020300000000001001&page=12&scale=80
2026-07-18 16:32:45,622 [INFO] src.corpus_acquisition.crawler: Downloading -> data/raw/images/trome/2024/02/03/trome_2024-02-03_12.jpg
2026-07-18 16:32:48,253 [INFO] src.corpus_acquisition.downloader: Downloading page 13 from https://t.prcdn.co/img?file=eag82024020300000000001001&page=13&scale=80
2026-07-18 16:32:48,254 [INFO] src.corpus_acquisition.crawler: Downloading -> data/raw/images/trome/2024/02/03/trome_2024-02-03_13.jpg
2026-07-18 16:32:51,309 [INFO] src.corpus_acquisition.downloader: Downloading page 14 from https://t.prcdn.co/img?file=eag82024020300000000001001&page=14&scale=80
2026-07-18 16:32:51,310 [INFO] src.corpus_acquisition.crawler: Downloading -> data/raw/images/trome/2024/02/03/trome_2024-02-03_14.jpg
2026-07-18 16:32:54,088 [INFO] src.corpus_acquisition.downloader: Downloading page 15 from https://t.prcdn.co/img?file=eag82024020300000000001001&page=15&scale=80
2026-07-18 16:32:54,088 [INFO] src.corpus_acquisition.crawler: Downloading -> data/raw/images/trome/2024/02/03/trome_2024-02-03_15.jpg
2026-07-18 16:32:56,552 [INFO] src.corpus_acquisition.downloader: Downloading page 16 from https://t.prcdn.co/img?file=eag82024020300000000001001&page=16&scale=80
2026-07-18 16:32:56,552 [INFO] src.corpus_acquisition.crawler: Downloading -> data/raw/images/trome/2024/02/03/trome_2024-02-03_16.jpg
2026-07-18 16:32:59,691 [INFO] src.corpus_acquisition.downloader: Downloading page 17 from https://t.prcdn.co/img?file=eag82024020300000000001001&page=17&scale=80
2026-07-18 16:32:59,691 [INFO] src.corpus_acquisition.crawler: Downloading -> data/raw/images/trome/2024/02/03/trome_2024-02-03_17.jpg
2026-07-18 16:33:02,761 [INFO] src.corpus_acquisition.downloader: Downloading page 18 from https://t.prcdn.co/img?file=eag82024020300000000001001&page=18&scale=80
2026-07-18 16:33:02,761 [INFO] src.corpus_acquisition.crawler: Downloading -> data/raw/images/trome/2024/02/03/trome_2024-02-03_18.jpg
2026-07-18 16:33:05,245 [INFO] src.corpus_acquisition.downloader: Downloading page 19 from https://t.prcdn.co/img?file=eag82024020300000000001001&page=19&scale=80
2026-07-18 16:33:05,246 [INFO] src.corpus_acquisition.crawler: Downloading -> data/raw/images/trome/2024/02/03/trome_2024-02-03_19.jpg
2026-07-18 16:33:08,516 [INFO] src.corpus_acquisition.downloader: Downloading page 20 from https://t.prcdn.co/img?file=eag82024020300000000001001&page=20&scale=80
2026-07-18 16:33:08,517 [INFO] src.corpus_acquisition.crawler: Downloading -> data/raw/images/trome/2024/02/03/trome_2024-02-03_20.jpg
2026-07-18 16:33:11,778 [INFO] src.corpus_acquisition.downloader: Downloading page 21 from https://t.prcdn.co/img?file=eag82024020300000000001001&page=21&scale=80
2026-07-18 16:33:11,778 [INFO] src.corpus_acquisition.crawler: Downloading -> data/raw/images/trome/2024/02/03/trome_2024-02-03_21.jpg
2026-07-18 16:33:14,977 [INFO] src.corpus_acquisition.downloader: Downloading page 22 from https://t.prcdn.co/img?file=eag82024020300000000001001&page=22&scale=80
2026-07-18 16:33:14,977 [INFO] src.corpus_acquisition.crawler: Downloading -> data/raw/images/trome/2024/02/03/trome_2024-02-03_22.jpg
2026-07-18 16:33:17,858 [INFO] src.corpus_acquisition.downloader: Downloading page 23 from https://t.prcdn.co/img?file=eag82024020300000000001001&page=23&scale=80
2026-07-18 16:33:17,858 [INFO] src.corpus_acquisition.crawler: Downloading -> data/raw/images/trome/2024/02/03/trome_2024-02-03_23.jpg
2026-07-18 16:33:20,495 [INFO] src.corpus_acquisition.downloader: Downloading page 24 from https://t.prcdn.co/img?file=eag82024020300000000001001&page=24&scale=80
2026-07-18 16:33:20,496 [INFO] src.corpus_acquisition.crawler: Downloading -> data/raw/images/trome/2024/02/03/trome_2024-02-03_24.jpg
2026-07-18 16:33:23,692 [INFO] src.corpus_acquisition.downloader: Downloading page 25 from https://t.prcdn.co/img?file=eag82024020300000000001001&page=25&scale=80
2026-07-18 16:33:23,693 [INFO] src.corpus_acquisition.crawler: Downloading -> data/raw/images/trome/2024/02/03/trome_2024-02-03_25.jpg
2026-07-18 16:33:23,906 [WARNING] src.corpus_acquisition.downloader: Page 25 not found (1/3).
2026-07-18 16:33:23,906 [INFO] src.corpus_acquisition.downloader: Downloading page 26 from https://t.prcdn.co/img?file=eag82024020300000000001001&page=26&scale=80
2026-07-18 16:33:23,907 [INFO] src.corpus_acquisition.crawler: Downloading -> data/raw/images/trome/2024/02/03/trome_2024-02-03_26.jpg
2026-07-18 16:33:24,123 [WARNING] src.corpus_acquisition.downloader: Page 26 not found (2/3).
2026-07-18 16:33:24,123 [INFO] src.corpus_acquisition.downloader: Downloading page 27 from https://t.prcdn.co/img?file=eag82024020300000000001001&page=27&scale=80
2026-07-18 16:33:24,124 [INFO] src.corpus_acquisition.crawler: Downloading -> data/raw/images/trome/2024/02/03/trome_2024-02-03_27.jpg
2026-07-18 16:33:24,405 [WARNING] src.corpus_acquisition.downloader: Page 27 not found (3/3).
2026-07-18 16:33:24,405 [WARNING] src.corpus_acquisition.downloader: No new pages found after 3 attempts; stopping with 24 page(s).
2026-07-18 16:33:24,449 [INFO] src.corpus_acquisition.metadata_extractor: Saved metadata for 24 page(s) -> data/raw/metadata/trome_metadata.parquet (total rows: 37533)
2026-07-18 16:33:24,451 [INFO] src.corpus_acquisition.metadata_extractor: Saved crawl log -> data/raw/crawl_logs/trome_2024-02-03.json (status=success)
2026-07-18 16:33:25,687 [INFO] src.corpus_acquisition.downloader: Downloading page 1 from https://t.prcdn.co/img?file=eag82024020400000000001001&page=1&scale=80
2026-07-18 16:33:25,689 [INFO] src.corpus_acquisition.crawler: Downloading -> data/raw/images/trome/2024/02/04/trome_2024-02-04_1.jpg
2026-07-18 16:33:28,226 [INFO] src.corpus_acquisition.downloader: Downloading page 2 from https://t.prcdn.co/img?file=eag82024020400000000001001&page=2&scale=80
2026-07-18 16:33:28,226 [INFO] src.corpus_acquisition.crawler: Downloading -> data/raw/images/trome/2024/02/04/trome_2024-02-04_2.jpg
2026-07-18 16:33:31,127 [INFO] src.corpus_acquisition.downloader: Downloading page 3 from https://t.prcdn.co/img?file=eag82024020400000000001001&page=3&scale=80
2026-07-18 16:33:31,128 [INFO] src.corpus_acquisition.crawler: Downloading -> data/raw/images/trome/2024/02/04/trome_2024-02-04_3.jpg
2026-07-18 16:33:33,926 [INFO] src.corpus_acquisition.downloader: Downloading page 4 from https://t.prcdn.co/img?file=eag82024020400000000001001&page=4&scale=80
2026-07-18 16:33:33,926 [INFO] src.corpus_acquisition.crawler: Downloading -> data/raw/images/trome/2024/02/04/trome_2024-02-04_4.jpg
2026-07-18 16:33:36,433 [INFO] src.corpus_acquisition.downloader: Downloading page 5 from https://t.prcdn.co/img?file=eag82024020400000000001001&page=5&scale=80
2026-07-18 16:33:36,433 [INFO] src.corpus_acquisition.crawler: Downloading -> data/raw/images/trome/2024/02/04/trome_2024-02-04_5.jpg
2026-07-18 16:33:40,269 [INFO] src.corpus_acquisition.downloader: Downloading page 6 from https://t.prcdn.co/img?file=eag82024020400000000001001&page=6&scale=80
2026-07-18 16:33:40,270 [INFO] src.corpus_acquisition.crawler: Downloading -> data/raw/images/trome/2024/02/04/trome_2024-02-04_6.jpg
2026-07-18 16:33:43,728 [INFO] src.corpus_acquisition.downloader: Downloading page 7 from https://t.prcdn.co/img?file=eag82024020400000000001001&page=7&scale=80
2026-07-18 16:33:43,729 [INFO] src.corpus_acquisition.crawler: Downloading -> data/raw/images/trome/2024/02/04/trome_2024-02-04_7.jpg
2026-07-18 16:33:46,542 [INFO] src.corpus_acquisition.downloader: Downloading page 8 from https://t.prcdn.co/img?file=eag82024020400000000001001&page=8&scale=80
2026-07-18 16:33:46,542 [INFO] src.corpus_acquisition.crawler: Downloading -> data/raw/images/trome/2024/02/04/trome_2024-02-04_8.jpg
2026-07-18 16:33:48,988 [INFO] src.corpus_acquisition.downloader: Downloading page 9 from https://t.prcdn.co/img?file=eag82024020400000000001001&page=9&scale=80
2026-07-18 16:33:48,988 [INFO] src.corpus_acquisition.crawler: Downloading -> data/raw/images/trome/2024/02/04/trome_2024-02-04_9.jpg
2026-07-18 16:33:52,125 [INFO] src.corpus_acquisition.downloader: Downloading page 10 from https://t.prcdn.co/img?file=eag82024020400000000001001&page=10&scale=80
2026-07-18 16:33:52,125 [INFO] src.corpus_acquisition.crawler: Downloading -> data/raw/images/trome/2024/02/04/trome_2024-02-04_10.jpg
2026-07-18 16:33:54,660 [INFO] src.corpus_acquisition.downloader: Downloading page 11 from https://t.prcdn.co/img?file=eag82024020400000000001001&page=11&scale=80
2026-07-18 16:33:54,661 [INFO] src.corpus_acquisition.crawler: Downloading -> data/raw/images/trome/2024/02/04/trome_2024-02-04_11.jpg
2026-07-18 16:33:57,278 [INFO] src.corpus_acquisition.downloader: Downloading page 12 from https://t.prcdn.co/img?file=eag82024020400000000001001&page=12&scale=80
2026-07-18 16:33:57,278 [INFO] src.corpus_acquisition.crawler: Downloading -> data/raw/images/trome/2024/02/04/trome_2024-02-04_12.jpg
2026-07-18 16:33:59,563 [INFO] src.corpus_acquisition.downloader: Downloading page 13 from https://t.prcdn.co/img?file=eag82024020400000000001001&page=13&scale=80
2026-07-18 16:33:59,564 [INFO] src.corpus_acquisition.crawler: Downloading -> data/raw/images/trome/2024/02/04/trome_2024-02-04_13.jpg
2026-07-18 16:34:03,002 [INFO] src.corpus_acquisition.downloader: Downloading page 14 from https://t.prcdn.co/img?file=eag82024020400000000001001&page=14&scale=80
2026-07-18 16:34:03,002 [INFO] src.corpus_acquisition.crawler: Downloading -> data/raw/images/trome/2024/02/04/trome_2024-02-04_14.jpg
2026-07-18 16:34:05,153 [INFO] src.corpus_acquisition.downloader: Downloading page 15 from https://t.prcdn.co/img?file=eag82024020400000000001001&page=15&scale=80
2026-07-18 16:34:05,153 [INFO] src.corpus_acquisition.crawler: Downloading -> data/raw/images/trome/2024/02/04/trome_2024-02-04_15.jpg
2026-07-18 16:34:08,396 [INFO] src.corpus_acquisition.downloader: Downloading page 16 from https://t.prcdn.co/img?file=eag82024020400000000001001&page=16&scale=80
2026-07-18 16:34:08,396 [INFO] src.corpus_acquisition.crawler: Downloading -> data/raw/images/trome/2024/02/04/trome_2024-02-04_16.jpg
2026-07-18 16:34:11,615 [INFO] src.corpus_acquisition.downloader: Downloading page 17 from https://t.prcdn.co/img?file=eag82024020400000000001001&page=17&scale=80
2026-07-18 16:34:11,615 [INFO] src.corpus_acquisition.crawler: Downloading -> data/raw/images/trome/2024/02/04/trome_2024-02-04_17.jpg
2026-07-18 16:34:14,764 [INFO] src.corpus_acquisition.downloader: Downloading page 18 from https://t.prcdn.co/img?file=eag82024020400000000001001&page=18&scale=80
2026-07-18 16:34:14,764 [INFO] src.corpus_acquisition.crawler: Downloading -> data/raw/images/trome/2024/02/04/trome_2024-02-04_18.jpg
2026-07-18 16:34:16,941 [INFO] src.corpus_acquisition.downloader: Downloading page 19 from https://t.prcdn.co/img?file=eag82024020400000000001001&page=19&scale=80
2026-07-18 16:34:16,941 [INFO] src.corpus_acquisition.crawler: Downloading -> data/raw/images/trome/2024/02/04/trome_2024-02-04_19.jpg
2026-07-18 16:34:20,181 [INFO] src.corpus_acquisition.downloader: Downloading page 20 from https://t.prcdn.co/img?file=eag82024020400000000001001&page=20&scale=80
2026-07-18 16:34:20,181 [INFO] src.corpus_acquisition.crawler: Downloading -> data/raw/images/trome/2024/02/04/trome_2024-02-04_20.jpg
2026-07-18 16:34:22,938 [INFO] src.corpus_acquisition.downloader: Downloading page 21 from https://t.prcdn.co/img?file=eag82024020400000000001001&page=21&scale=80
2026-07-18 16:34:22,939 [INFO] src.corpus_acquisition.crawler: Downloading -> data/raw/images/trome/2024/02/04/trome_2024-02-04_21.jpg
2026-07-18 16:34:25,742 [INFO] src.corpus_acquisition.downloader: Downloading page 22 from https://t.prcdn.co/img?file=eag82024020400000000001001&page=22&scale=80
2026-07-18 16:34:25,742 [INFO] src.corpus_acquisition.crawler: Downloading -> data/raw/images/trome/2024/02/04/trome_2024-02-04_22.jpg
2026-07-18 16:34:28,086 [INFO] src.corpus_acquisition.downloader: Downloading page 23 from https://t.prcdn.co/img?file=eag82024020400000000001001&page=23&scale=80
2026-07-18 16:34:28,086 [INFO] src.corpus_acquisition.crawler: Downloading -> data/raw/images/trome/2024/02/04/trome_2024-02-04_23.jpg
2026-07-18 16:34:31,014 [INFO] src.corpus_acquisition.downloader: Downloading page 24 from https://t.prcdn.co/img?file=eag82024020400000000001001&page=24&scale=80
2026-07-18 16:34:31,014 [INFO] src.corpus_acquisition.crawler: Downloading -> data/raw/images/trome/2024/02/04/trome_2024-02-04_24.jpg
2026-07-18 16:34:34,091 [INFO] src.corpus_acquisition.downloader: Downloading page 25 from https://t.prcdn.co/img?file=eag82024020400000000001001&page=25&scale=80
2026-07-18 16:34:34,091 [INFO] src.corpus_acquisition.crawler: Downloading -> data/raw/images/trome/2024/02/04/trome_2024-02-04_25.jpg
2026-07-18 16:34:36,835 [INFO] src.corpus_acquisition.downloader: Downloading page 26 from https://t.prcdn.co/img?file=eag82024020400000000001001&page=26&scale=80
2026-07-18 16:34:36,836 [INFO] src.corpus_acquisition.crawler: Downloading -> data/raw/images/trome/2024/02/04/trome_2024-02-04_26.jpg
2026-07-18 16:34:40,091 [INFO] src.corpus_acquisition.downloader: Downloading page 27 from https://t.prcdn.co/img?file=eag82024020400000000001001&page=27&scale=80
2026-07-18 16:34:40,091 [INFO] src.corpus_acquisition.crawler: Downloading -> data/raw/images/trome/2024/02/04/trome_2024-02-04_27.jpg
2026-07-18 16:34:43,472 [INFO] src.corpus_acquisition.downloader: Downloading page 28 from https://t.prcdn.co/img?file=eag82024020400000000001001&page=28&scale=80
2026-07-18 16:34:43,472 [INFO] src.corpus_acquisition.crawler: Downloading -> data/raw/images/trome/2024/02/04/trome_2024-02-04_28.jpg
2026-07-18 16:34:43,677 [WARNING] src.corpus_acquisition.downloader: Page 28 not found (1/3).
2026-07-18 16:34:43,677 [INFO] src.corpus_acquisition.downloader: Downloading page 29 from https://t.prcdn.co/img?file=eag82024020400000000001001&page=29&scale=80
2026-07-18 16:34:43,678 [INFO] src.corpus_acquisition.crawler: Downloading -> data/raw/images/trome/2024/02/04/trome_2024-02-04_29.jpg
2026-07-18 16:34:43,895 [WARNING] src.corpus_acquisition.downloader: Page 29 not found (2/3).
2026-07-18 16:34:43,896 [INFO] src.corpus_acquisition.downloader: Downloading page 30 from https://t.prcdn.co/img?file=eag82024020400000000001001&page=30&scale=80
2026-07-18 16:34:43,896 [INFO] src.corpus_acquisition.crawler: Downloading -> data/raw/images/trome/2024/02/04/trome_2024-02-04_30.jpg
2026-07-18 16:34:44,101 [WARNING] src.corpus_acquisition.downloader: Page 30 not found (3/3).
2026-07-18 16:34:44,101 [WARNING] src.corpus_acquisition.downloader: No new pages found after 3 attempts; stopping with 27 page(s).
2026-07-18 16:34:44,146 [INFO] src.corpus_acquisition.metadata_extractor: Saved metadata for 27 page(s) -> data/raw/metadata/trome_metadata.parquet (total rows: 37560)
2026-07-18 16:34:44,149 [INFO] src.corpus_acquisition.metadata_extractor: Saved crawl log -> data/raw/crawl_logs/trome_2024-02-04.json (status=success)
2026-07-18 16:34:45,254 [INFO] src.corpus_acquisition.downloader: Downloading page 1 from https://t.prcdn.co/img?file=eag82024020500000000001001&page=1&scale=80
2026-07-18 16:34:45,254 [INFO] src.corpus_acquisition.crawler: Downloading -> data/raw/images/trome/2024/02/05/trome_2024-02-05_1.jpg
2026-07-18 16:34:47,884 [INFO] src.corpus_acquisition.downloader: Downloading page 2 from https://t.prcdn.co/img?file=eag82024020500000000001001&page=2&scale=80
2026-07-18 16:34:47,885 [INFO] src.corpus_acquisition.crawler: Downloading -> data/raw/images/trome/2024/02/05/trome_2024-02-05_2.jpg
2026-07-18 16:34:52,221 [INFO] src.corpus_acquisition.downloader: Downloading page 3 from https://t.prcdn.co/img?file=eag82024020500000000001001&page=3&scale=80
2026-07-18 16:34:52,221 [INFO] src.corpus_acquisition.crawler: Downloading -> data/raw/images/trome/2024/02/05/trome_2024-02-05_3.jpg
2026-07-18 16:34:55,269 [INFO] src.corpus_acquisition.downloader: Downloading page 4 from https://t.prcdn.co/img?file=eag82024020500000000001001&page=4&scale=80
2026-07-18 16:34:55,270 [INFO] src.corpus_acquisition.crawler: Downloading -> data/raw/images/trome/2024/02/05/trome_2024-02-05_4.jpg
2026-07-18 16:34:58,239 [INFO] src.corpus_acquisition.downloader: Downloading page 5 from https://t.prcdn.co/img?file=eag82024020500000000001001&page=5&scale=80
2026-07-18 16:34:58,239 [INFO] src.corpus_acquisition.crawler: Downloading -> data/raw/images/trome/2024/02/05/trome_2024-02-05_5.jpg
2026-07-18 16:35:01,393 [INFO] src.corpus_acquisition.downloader: Downloading page 6 from https://t.prcdn.co/img?file=eag82024020500000000001001&page=6&scale=80
2026-07-18 16:35:01,393 [INFO] src.corpus_acquisition.crawler: Downloading -> data/raw/images/trome/2024/02/05/trome_2024-02-05_6.jpg
2026-07-18 16:35:03,902 [INFO] src.corpus_acquisition.downloader: Downloading page 7 from https://t.prcdn.co/img?file=eag82024020500000000001001&page=7&scale=80
2026-07-18 16:35:03,902 [INFO] src.corpus_acquisition.crawler: Downloading -> data/raw/images/trome/2024/02/05/trome_2024-02-05_7.jpg
2026-07-18 16:35:07,979 [INFO] src.corpus_acquisition.downloader: Downloading page 8 from https://t.prcdn.co/img?file=eag82024020500000000001001&page=8&scale=80
2026-07-18 16:35:07,979 [INFO] src.corpus_acquisition.crawler: Downloading -> data/raw/images/trome/2024/02/05/trome_2024-02-05_8.jpg
2026-07-18 16:35:10,656 [INFO] src.corpus_acquisition.downloader: Downloading page 9 from https://t.prcdn.co/img?file=eag82024020500000000001001&page=9&scale=80
2026-07-18 16:35:10,656 [INFO] src.corpus_acquisition.crawler: Downloading -> data/raw/images/trome/2024/02/05/trome_2024-02-05_9.jpg
2026-07-18 16:35:14,469 [INFO] src.corpus_acquisition.downloader: Downloading page 10 from https://t.prcdn.co/img?file=eag82024020500000000001001&page=10&scale=80
2026-07-18 16:35:14,469 [INFO] src.corpus_acquisition.crawler: Downloading -> data/raw/images/trome/2024/02/05/trome_2024-02-05_10.jpg
2026-07-18 16:35:17,247 [INFO] src.corpus_acquisition.downloader: Downloading page 11 from https://t.prcdn.co/img?file=eag82024020500000000001001&page=11&scale=80
2026-07-18 16:35:17,247 [INFO] src.corpus_acquisition.crawler: Downloading -> data/raw/images/trome/2024/02/05/trome_2024-02-05_11.jpg
2026-07-18 16:35:20,029 [INFO] src.corpus_acquisition.downloader: Downloading page 12 from https://t.prcdn.co/img?file=eag82024020500000000001001&page=12&scale=80
2026-07-18 16:35:20,029 [INFO] src.corpus_acquisition.crawler: Downloading -> data/raw/images/trome/2024/02/05/trome_2024-02-05_12.jpg
2026-07-18 16:35:23,373 [INFO] src.corpus_acquisition.downloader: Downloading page 13 from https://t.prcdn.co/img?file=eag82024020500000000001001&page=13&scale=80
2026-07-18 16:35:23,373 [INFO] src.corpus_acquisition.crawler: Downloading -> data/raw/images/trome/2024/02/05/trome_2024-02-05_13.jpg
2026-07-18 16:35:25,757 [INFO] src.corpus_acquisition.downloader: Downloading page 14 from https://t.prcdn.co/img?file=eag82024020500000000001001&page=14&scale=80
2026-07-18 16:35:25,757 [INFO] src.corpus_acquisition.crawler: Downloading -> data/raw/images/trome/2024/02/05/trome_2024-02-05_14.jpg
2026-07-18 16:35:27,841 [INFO] src.corpus_acquisition.downloader: Downloading page 15 from https://t.prcdn.co/img?file=eag82024020500000000001001&page=15&scale=80
2026-07-18 16:35:27,841 [INFO] src.corpus_acquisition.crawler: Downloading -> data/raw/images/trome/2024/02/05/trome_2024-02-05_15.jpg
2026-07-18 16:35:30,418 [INFO] src.corpus_acquisition.downloader: Downloading page 16 from https://t.prcdn.co/img?file=eag82024020500000000001001&page=16&scale=80
2026-07-18 16:35:30,419 [INFO] src.corpus_acquisition.crawler: Downloading -> data/raw/images/trome/2024/02/05/trome_2024-02-05_16.jpg
2026-07-18 16:35:32,666 [INFO] src.corpus_acquisition.downloader: Downloading page 17 from https://t.prcdn.co/img?file=eag82024020500000000001001&page=17&scale=80
2026-07-18 16:35:32,667 [INFO] src.corpus_acquisition.crawler: Downloading -> data/raw/images/trome/2024/02/05/trome_2024-02-05_17.jpg
2026-07-18 16:35:35,278 [INFO] src.corpus_acquisition.downloader: Downloading page 18 from https://t.prcdn.co/img?file=eag82024020500000000001001&page=18&scale=80
2026-07-18 16:35:35,279 [INFO] src.corpus_acquisition.crawler: Downloading -> data/raw/images/trome/2024/02/05/trome_2024-02-05_18.jpg
2026-07-18 16:35:38,346 [INFO] src.corpus_acquisition.downloader: Downloading page 19 from https://t.prcdn.co/img?file=eag82024020500000000001001&page=19&scale=80
2026-07-18 16:35:38,347 [INFO] src.corpus_acquisition.crawler: Downloading -> data/raw/images/trome/2024/02/05/trome_2024-02-05_19.jpg
2026-07-18 16:35:40,551 [INFO] src.corpus_acquisition.downloader: Downloading page 20 from https://t.prcdn.co/img?file=eag82024020500000000001001&page=20&scale=80
2026-07-18 16:35:40,552 [INFO] src.corpus_acquisition.crawler: Downloading -> data/raw/images/trome/2024/02/05/trome_2024-02-05_20.jpg
2026-07-18 16:35:43,001 [INFO] src.corpus_acquisition.downloader: Downloading page 21 from https://t.prcdn.co/img?file=eag82024020500000000001001&page=21&scale=80
2026-07-18 16:35:43,001 [INFO] src.corpus_acquisition.crawler: Downloading -> data/raw/images/trome/2024/02/05/trome_2024-02-05_21.jpg
2026-07-18 16:35:45,359 [INFO] src.corpus_acquisition.downloader: Downloading page 22 from https://t.prcdn.co/img?file=eag82024020500000000001001&page=22&scale=80
2026-07-18 16:35:45,360 [INFO] src.corpus_acquisition.crawler: Downloading -> data/raw/images/trome/2024/02/05/trome_2024-02-05_22.jpg
2026-07-18 16:35:47,521 [INFO] src.corpus_acquisition.downloader: Downloading page 23 from https://t.prcdn.co/img?file=eag82024020500000000001001&page=23&scale=80
2026-07-18 16:35:47,522 [INFO] src.corpus_acquisition.crawler: Downloading -> data/raw/images/trome/2024/02/05/trome_2024-02-05_23.jpg
2026-07-18 16:35:49,766 [INFO] src.corpus_acquisition.downloader: Downloading page 24 from https://t.prcdn.co/img?file=eag82024020500000000001001&page=24&scale=80
2026-07-18 16:35:49,767 [INFO] src.corpus_acquisition.crawler: Downloading -> data/raw/images/trome/2024/02/05/trome_2024-02-05_24.jpg
2026-07-18 16:35:53,991 [INFO] src.corpus_acquisition.downloader: Downloading page 25 from https://t.prcdn.co/img?file=eag82024020500000000001001&page=25&scale=80
2026-07-18 16:35:53,991 [INFO] src.corpus_acquisition.crawler: Downloading -> data/raw/images/trome/2024/02/05/trome_2024-02-05_25.jpg
2026-07-18 16:35:54,206 [WARNING] src.corpus_acquisition.downloader: Page 25 not found (1/3).
2026-07-18 16:35:54,207 [INFO] src.corpus_acquisition.downloader: Downloading page 26 from https://t.prcdn.co/img?file=eag82024020500000000001001&page=26&scale=80
2026-07-18 16:35:54,207 [INFO] src.corpus_acquisition.crawler: Downloading -> data/raw/images/trome/2024/02/05/trome_2024-02-05_26.jpg
2026-07-18 16:35:54,441 [WARNING] src.corpus_acquisition.downloader: Page 26 not found (2/3).
2026-07-18 16:35:54,442 [INFO] src.corpus_acquisition.downloader: Downloading page 27 from https://t.prcdn.co/img?file=eag82024020500000000001001&page=27&scale=80
2026-07-18 16:35:54,442 [INFO] src.corpus_acquisition.crawler: Downloading -> data/raw/images/trome/2024/02/05/trome_2024-02-05_27.jpg
2026-07-18 16:35:54,639 [WARNING] src.corpus_acquisition.downloader: Page 27 not found (3/3).
2026-07-18 16:35:54,639 [WARNING] src.corpus_acquisition.downloader: No new pages found after 3 attempts; stopping with 24 page(s).
2026-07-18 16:35:54,681 [INFO] src.corpus_acquisition.metadata_extractor: Saved metadata for 24 page(s) -> data/raw/metadata/trome_metadata.parquet (total rows: 37584)
2026-07-18 16:35:54,684 [INFO] src.corpus_acquisition.metadata_extractor: Saved crawl log -> data/raw/crawl_logs/trome_2024-02-05.json (status=success)
2026-07-18 16:35:56,095 [INFO] src.corpus_acquisition.downloader: Downloading page 1 from https://t.prcdn.co/img?file=eag82024020600000000001001&page=1&scale=80
2026-07-18 16:35:56,096 [INFO] src.corpus_acquisition.crawler: Downloading -> data/raw/images/trome/2024/02/06/trome_2024-02-06_1.jpg
2026-07-18 16:35:58,788 [INFO] src.corpus_acquisition.downloader: Downloading page 2 from https://t.prcdn.co/img?file=eag82024020600000000001001&page=2&scale=80
2026-07-18 16:35:58,789 [INFO] src.corpus_acquisition.crawler: Downloading -> data/raw/images/trome/2024/02/06/trome_2024-02-06_2.jpg
2026-07-18 16:36:03,073 [INFO] src.corpus_acquisition.downloader: Downloading page 3 from https://t.prcdn.co/img?file=eag82024020600000000001001&page=3&scale=80
2026-07-18 16:36:03,074 [INFO] src.corpus_acquisition.crawler: Downloading -> data/raw/images/trome/2024/02/06/trome_2024-02-06_3.jpg
2026-07-18 16:36:05,306 [INFO] src.corpus_acquisition.downloader: Downloading page 4 from https://t.prcdn.co/img?file=eag82024020600000000001001&page=4&scale=80
2026-07-18 16:36:05,307 [INFO] src.corpus_acquisition.crawler: Downloading -> data/raw/images/trome/2024/02/06/trome_2024-02-06_4.jpg
2026-07-18 16:36:09,630 [INFO] src.corpus_acquisition.downloader: Downloading page 5 from https://t.prcdn.co/img?file=eag82024020600000000001001&page=5&scale=80
2026-07-18 16:36:09,631 [INFO] src.corpus_acquisition.crawler: Downloading -> data/raw/images/trome/2024/02/06/trome_2024-02-06_5.jpg
2026-07-18 16:36:13,029 [INFO] src.corpus_acquisition.downloader: Downloading page 6 from https://t.prcdn.co/img?file=eag82024020600000000001001&page=6&scale=80
2026-07-18 16:36:13,029 [INFO] src.corpus_acquisition.crawler: Downloading -> data/raw/images/trome/2024/02/06/trome_2024-02-06_6.jpg
2026-07-18 16:36:16,079 [INFO] src.corpus_acquisition.downloader: Downloading page 7 from https://t.prcdn.co/img?file=eag82024020600000000001001&page=7&scale=80
2026-07-18 16:36:16,079 [INFO] src.corpus_acquisition.crawler: Downloading -> data/raw/images/trome/2024/02/06/trome_2024-02-06_7.jpg
2026-07-18 16:36:18,519 [INFO] src.corpus_acquisition.downloader: Downloading page 8 from https://t.prcdn.co/img?file=eag82024020600000000001001&page=8&scale=80
2026-07-18 16:36:18,519 [INFO] src.corpus_acquisition.crawler: Downloading -> data/raw/images/trome/2024/02/06/trome_2024-02-06_8.jpg
2026-07-18 16:36:21,313 [INFO] src.corpus_acquisition.downloader: Downloading page 9 from https://t.prcdn.co/img?file=eag82024020600000000001001&page=9&scale=80
2026-07-18 16:36:21,314 [INFO] src.corpus_acquisition.crawler: Downloading -> data/raw/images/trome/2024/02/06/trome_2024-02-06_9.jpg
2026-07-18 16:36:23,779 [INFO] src.corpus_acquisition.downloader: Downloading page 10 from https://t.prcdn.co/img?file=eag82024020600000000001001&page=10&scale=80
2026-07-18 16:36:23,780 [INFO] src.corpus_acquisition.crawler: Downloading -> data/raw/images/trome/2024/02/06/trome_2024-02-06_10.jpg
2026-07-18 16:36:26,249 [INFO] src.corpus_acquisition.downloader: Downloading page 11 from https://t.prcdn.co/img?file=eag82024020600000000001001&page=11&scale=80
2026-07-18 16:36:26,249 [INFO] src.corpus_acquisition.crawler: Downloading -> data/raw/images/trome/2024/02/06/trome_2024-02-06_11.jpg
2026-07-18 16:36:29,069 [INFO] src.corpus_acquisition.downloader: Downloading page 12 from https://t.prcdn.co/img?file=eag82024020600000000001001&page=12&scale=80
2026-07-18 16:36:29,069 [INFO] src.corpus_acquisition.crawler: Downloading -> data/raw/images/trome/2024/02/06/trome_2024-02-06_12.jpg
2026-07-18 16:36:32,229 [INFO] src.corpus_acquisition.downloader: Downloading page 13 from https://t.prcdn.co/img?file=eag82024020600000000001001&page=13&scale=80
2026-07-18 16:36:32,229 [INFO] src.corpus_acquisition.crawler: Downloading -> data/raw/images/trome/2024/02/06/trome_2024-02-06_13.jpg
2026-07-18 16:36:35,052 [INFO] src.corpus_acquisition.downloader: Downloading page 14 from https://t.prcdn.co/img?file=eag82024020600000000001001&page=14&scale=80
2026-07-18 16:36:35,053 [INFO] src.corpus_acquisition.crawler: Downloading -> data/raw/images/trome/2024/02/06/trome_2024-02-06_14.jpg
2026-07-18 16:36:37,690 [INFO] src.corpus_acquisition.downloader: Downloading page 15 from https://t.prcdn.co/img?file=eag82024020600000000001001&page=15&scale=80
2026-07-18 16:36:37,691 [INFO] src.corpus_acquisition.crawler: Downloading -> data/raw/images/trome/2024/02/06/trome_2024-02-06_15.jpg
2026-07-18 16:36:40,923 [INFO] src.corpus_acquisition.downloader: Downloading page 16 from https://t.prcdn.co/img?file=eag82024020600000000001001&page=16&scale=80
2026-07-18 16:36:40,923 [INFO] src.corpus_acquisition.crawler: Downloading -> data/raw/images/trome/2024/02/06/trome_2024-02-06_16.jpg
2026-07-18 16:36:43,412 [INFO] src.corpus_acquisition.downloader: Downloading page 17 from https://t.prcdn.co/img?file=eag82024020600000000001001&page=17&scale=80
2026-07-18 16:36:43,412 [INFO] src.corpus_acquisition.crawler: Downloading -> data/raw/images/trome/2024/02/06/trome_2024-02-06_17.jpg
2026-07-18 16:36:46,166 [INFO] src.corpus_acquisition.downloader: Downloading page 18 from https://t.prcdn.co/img?file=eag82024020600000000001001&page=18&scale=80
2026-07-18 16:36:46,167 [INFO] src.corpus_acquisition.crawler: Downloading -> data/raw/images/trome/2024/02/06/trome_2024-02-06_18.jpg
2026-07-18 16:36:49,459 [INFO] src.corpus_acquisition.downloader: Downloading page 19 from https://t.prcdn.co/img?file=eag82024020600000000001001&page=19&scale=80
2026-07-18 16:36:49,460 [INFO] src.corpus_acquisition.crawler: Downloading -> data/raw/images/trome/2024/02/06/trome_2024-02-06_19.jpg
2026-07-18 16:36:52,374 [INFO] src.corpus_acquisition.downloader: Downloading page 20 from https://t.prcdn.co/img?file=eag82024020600000000001001&page=20&scale=80
2026-07-18 16:36:52,375 [INFO] src.corpus_acquisition.crawler: Downloading -> data/raw/images/trome/2024/02/06/trome_2024-02-06_20.jpg
2026-07-18 16:36:55,476 [INFO] src.corpus_acquisition.downloader: Downloading page 21 from https://t.prcdn.co/img?file=eag82024020600000000001001&page=21&scale=80
2026-07-18 16:36:55,477 [INFO] src.corpus_acquisition.crawler: Downloading -> data/raw/images/trome/2024/02/06/trome_2024-02-06_21.jpg
2026-07-18 16:36:57,695 [INFO] src.corpus_acquisition.downloader: Downloading page 22 from https://t.prcdn.co/img?file=eag82024020600000000001001&page=22&scale=80
2026-07-18 16:36:57,695 [INFO] src.corpus_acquisition.crawler: Downloading -> data/raw/images/trome/2024/02/06/trome_2024-02-06_22.jpg
2026-07-18 16:36:59,972 [INFO] src.corpus_acquisition.downloader: Downloading page 23 from https://t.prcdn.co/img?file=eag82024020600000000001001&page=23&scale=80
2026-07-18 16:36:59,973 [INFO] src.corpus_acquisition.crawler: Downloading -> data/raw/images/trome/2024/02/06/trome_2024-02-06_23.jpg
2026-07-18 16:37:02,774 [INFO] src.corpus_acquisition.downloader: Downloading page 24 from https://t.prcdn.co/img?file=eag82024020600000000001001&page=24&scale=80
2026-07-18 16:37:02,775 [INFO] src.corpus_acquisition.crawler: Downloading -> data/raw/images/trome/2024/02/06/trome_2024-02-06_24.jpg
2026-07-18 16:37:05,853 [INFO] src.corpus_acquisition.downloader: Downloading page 25 from https://t.prcdn.co/img?file=eag82024020600000000001001&page=25&scale=80
2026-07-18 16:37:05,853 [INFO] src.corpus_acquisition.crawler: Downloading -> data/raw/images/trome/2024/02/06/trome_2024-02-06_25.jpg
2026-07-18 16:37:06,183 [WARNING] src.corpus_acquisition.downloader: Page 25 not found (1/3).
2026-07-18 16:37:06,184 [INFO] src.corpus_acquisition.downloader: Downloading page 26 from https://t.prcdn.co/img?file=eag82024020600000000001001&page=26&scale=80
2026-07-18 16:37:06,184 [INFO] src.corpus_acquisition.crawler: Downloading -> data/raw/images/trome/2024/02/06/trome_2024-02-06_26.jpg
2026-07-18 16:37:06,394 [WARNING] src.corpus_acquisition.downloader: Page 26 not found (2/3).
2026-07-18 16:37:06,394 [INFO] src.corpus_acquisition.downloader: Downloading page 27 from https://t.prcdn.co/img?file=eag82024020600000000001001&page=27&scale=80
2026-07-18 16:37:06,395 [INFO] src.corpus_acquisition.crawler: Downloading -> data/raw/images/trome/2024/02/06/trome_2024-02-06_27.jpg
2026-07-18 16:37:06,608 [WARNING] src.corpus_acquisition.downloader: Page 27 not found (3/3).
2026-07-18 16:37:06,608 [WARNING] src.corpus_acquisition.downloader: No new pages found after 3 attempts; stopping with 24 page(s).
2026-07-18 16:37:06,651 [INFO] src.corpus_acquisition.metadata_extractor: Saved metadata for 24 page(s) -> data/raw/metadata/trome_metadata.parquet (total rows: 37608)
2026-07-18 16:37:06,654 [INFO] src.corpus_acquisition.metadata_extractor: Saved crawl log -> data/raw/crawl_logs/trome_2024-02-06.json (status=success)
2026-07-18 16:37:08,076 [INFO] src.corpus_acquisition.downloader: Downloading page 1 from https://t.prcdn.co/img?file=eag82024020700000000001001&page=1&scale=80
2026-07-18 16:37:08,077 [INFO] src.corpus_acquisition.crawler: Downloading -> data/raw/images/trome/2024/02/07/trome_2024-02-07_1.jpg
2026-07-18 16:37:11,005 [INFO] src.corpus_acquisition.downloader: Downloading page 2 from https://t.prcdn.co/img?file=eag82024020700000000001001&page=2&scale=80
2026-07-18 16:37:11,006 [INFO] src.corpus_acquisition.crawler: Downloading -> data/raw/images/trome/2024/02/07/trome_2024-02-07_2.jpg
2026-07-18 16:37:14,375 [INFO] src.corpus_acquisition.downloader: Downloading page 3 from https://t.prcdn.co/img?file=eag82024020700000000001001&page=3&scale=80
2026-07-18 16:37:14,376 [INFO] src.corpus_acquisition.crawler: Downloading -> data/raw/images/trome/2024/02/07/trome_2024-02-07_3.jpg
2026-07-18 16:37:16,535 [INFO] src.corpus_acquisition.downloader: Downloading page 4 from https://t.prcdn.co/img?file=eag82024020700000000001001&page=4&scale=80
2026-07-18 16:37:16,535 [INFO] src.corpus_acquisition.crawler: Downloading -> data/raw/images/trome/2024/02/07/trome_2024-02-07_4.jpg
2026-07-18 16:37:19,997 [INFO] src.corpus_acquisition.downloader: Downloading page 5 from https://t.prcdn.co/img?file=eag82024020700000000001001&page=5&scale=80
2026-07-18 16:37:19,998 [INFO] src.corpus_acquisition.crawler: Downloading -> data/raw/images/trome/2024/02/07/trome_2024-02-07_5.jpg
2026-07-18 16:37:23,061 [INFO] src.corpus_acquisition.downloader: Downloading page 6 from https://t.prcdn.co/img?file=eag82024020700000000001001&page=6&scale=80
2026-07-18 16:37:23,061 [INFO] src.corpus_acquisition.crawler: Downloading -> data/raw/images/trome/2024/02/07/trome_2024-02-07_6.jpg
2026-07-18 16:37:26,010 [INFO] src.corpus_acquisition.downloader: Downloading page 7 from https://t.prcdn.co/img?file=eag82024020700000000001001&page=7&scale=80
2026-07-18 16:37:26,010 [INFO] src.corpus_acquisition.crawler: Downloading -> data/raw/images/trome/2024/02/07/trome_2024-02-07_7.jpg
2026-07-18 16:37:28,792 [INFO] src.corpus_acquisition.downloader: Downloading page 8 from https://t.prcdn.co/img?file=eag82024020700000000001001&page=8&scale=80
2026-07-18 16:37:28,792 [INFO] src.corpus_acquisition.crawler: Downloading -> data/raw/images/trome/2024/02/07/trome_2024-02-07_8.jpg
2026-07-18 16:37:30,867 [INFO] src.corpus_acquisition.downloader: Downloading page 9 from https://t.prcdn.co/img?file=eag82024020700000000001001&page=9&scale=80
2026-07-18 16:37:30,867 [INFO] src.corpus_acquisition.crawler: Downloading -> data/raw/images/trome/2024/02/07/trome_2024-02-07_9.jpg
2026-07-18 16:37:33,990 [INFO] src.corpus_acquisition.downloader: Downloading page 10 from https://t.prcdn.co/img?file=eag82024020700000000001001&page=10&scale=80
2026-07-18 16:37:33,990 [INFO] src.corpus_acquisition.crawler: Downloading -> data/raw/images/trome/2024/02/07/trome_2024-02-07_10.jpg
2026-07-18 16:37:36,854 [INFO] src.corpus_acquisition.downloader: Downloading page 11 from https://t.prcdn.co/img?file=eag82024020700000000001001&page=11&scale=80
2026-07-18 16:37:36,855 [INFO] src.corpus_acquisition.crawler: Downloading -> data/raw/images/trome/2024/02/07/trome_2024-02-07_11.jpg
2026-07-18 16:37:40,033 [INFO] src.corpus_acquisition.downloader: Downloading page 12 from https://t.prcdn.co/img?file=eag82024020700000000001001&page=12&scale=80
2026-07-18 16:37:40,033 [INFO] src.corpus_acquisition.crawler: Downloading -> data/raw/images/trome/2024/02/07/trome_2024-02-07_12.jpg
2026-07-18 16:37:43,145 [INFO] src.corpus_acquisition.downloader: Downloading page 13 from https://t.prcdn.co/img?file=eag82024020700000000001001&page=13&scale=80
2026-07-18 16:37:43,146 [INFO] src.corpus_acquisition.crawler: Downloading -> data/raw/images/trome/2024/02/07/trome_2024-02-07_13.jpg
2026-07-18 16:37:45,850 [INFO] src.corpus_acquisition.downloader: Downloading page 14 from https://t.prcdn.co/img?file=eag82024020700000000001001&page=14&scale=80
2026-07-18 16:37:45,850 [INFO] src.corpus_acquisition.crawler: Downloading -> data/raw/images/trome/2024/02/07/trome_2024-02-07_14.jpg
2026-07-18 16:37:48,268 [INFO] src.corpus_acquisition.downloader: Downloading page 15 from https://t.prcdn.co/img?file=eag82024020700000000001001&page=15&scale=80
2026-07-18 16:37:48,268 [INFO] src.corpus_acquisition.crawler: Downloading -> data/raw/images/trome/2024/02/07/trome_2024-02-07_15.jpg
2026-07-18 16:37:51,009 [INFO] src.corpus_acquisition.downloader: Downloading page 16 from https://t.prcdn.co/img?file=eag82024020700000000001001&page=16&scale=80
2026-07-18 16:37:51,010 [INFO] src.corpus_acquisition.crawler: Downloading -> data/raw/images/trome/2024/02/07/trome_2024-02-07_16.jpg
2026-07-18 16:37:54,142 [INFO] src.corpus_acquisition.downloader: Downloading page 17 from https://t.prcdn.co/img?file=eag82024020700000000001001&page=17&scale=80
2026-07-18 16:37:54,142 [INFO] src.corpus_acquisition.crawler: Downloading -> data/raw/images/trome/2024/02/07/trome_2024-02-07_17.jpg
2026-07-18 16:37:56,782 [INFO] src.corpus_acquisition.downloader: Downloading page 18 from https://t.prcdn.co/img?file=eag82024020700000000001001&page=18&scale=80
2026-07-18 16:37:56,782 [INFO] src.corpus_acquisition.crawler: Downloading -> data/raw/images/trome/2024/02/07/trome_2024-02-07_18.jpg
2026-07-18 16:37:59,904 [INFO] src.corpus_acquisition.downloader: Downloading page 19 from https://t.prcdn.co/img?file=eag82024020700000000001001&page=19&scale=80
2026-07-18 16:37:59,904 [INFO] src.corpus_acquisition.crawler: Downloading -> data/raw/images/trome/2024/02/07/trome_2024-02-07_19.jpg
2026-07-18 16:38:02,820 [INFO] src.corpus_acquisition.downloader: Downloading page 20 from https://t.prcdn.co/img?file=eag82024020700000000001001&page=20&scale=80
2026-07-18 16:38:02,821 [INFO] src.corpus_acquisition.crawler: Downloading -> data/raw/images/trome/2024/02/07/trome_2024-02-07_20.jpg
2026-07-18 16:38:06,304 [INFO] src.corpus_acquisition.downloader: Downloading page 21 from https://t.prcdn.co/img?file=eag82024020700000000001001&page=21&scale=80
2026-07-18 16:38:06,304 [INFO] src.corpus_acquisition.crawler: Downloading -> data/raw/images/trome/2024/02/07/trome_2024-02-07_21.jpg
2026-07-18 16:38:08,619 [INFO] src.corpus_acquisition.downloader: Downloading page 22 from https://t.prcdn.co/img?file=eag82024020700000000001001&page=22&scale=80
2026-07-18 16:38:08,620 [INFO] src.corpus_acquisition.crawler: Downloading -> data/raw/images/trome/2024/02/07/trome_2024-02-07_22.jpg
2026-07-18 16:38:10,759 [INFO] src.corpus_acquisition.downloader: Downloading page 23 from https://t.prcdn.co/img?file=eag82024020700000000001001&page=23&scale=80
2026-07-18 16:38:10,759 [INFO] src.corpus_acquisition.crawler: Downloading -> data/raw/images/trome/2024/02/07/trome_2024-02-07_23.jpg
2026-07-18 16:38:13,684 [INFO] src.corpus_acquisition.downloader: Downloading page 24 from https://t.prcdn.co/img?file=eag82024020700000000001001&page=24&scale=80
2026-07-18 16:38:13,684 [INFO] src.corpus_acquisition.crawler: Downloading -> data/raw/images/trome/2024/02/07/trome_2024-02-07_24.jpg
2026-07-18 16:38:17,635 [INFO] src.corpus_acquisition.downloader: Downloading page 25 from https://t.prcdn.co/img?file=eag82024020700000000001001&page=25&scale=80
2026-07-18 16:38:17,636 [INFO] src.corpus_acquisition.crawler: Downloading -> data/raw/images/trome/2024/02/07/trome_2024-02-07_25.jpg
2026-07-18 16:38:17,860 [WARNING] src.corpus_acquisition.downloader: Page 25 not found (1/3).
2026-07-18 16:38:17,860 [INFO] src.corpus_acquisition.downloader: Downloading page 26 from https://t.prcdn.co/img?file=eag82024020700000000001001&page=26&scale=80
2026-07-18 16:38:17,860 [INFO] src.corpus_acquisition.crawler: Downloading -> data/raw/images/trome/2024/02/07/trome_2024-02-07_26.jpg
2026-07-18 16:38:18,065 [WARNING] src.corpus_acquisition.downloader: Page 26 not found (2/3).
2026-07-18 16:38:18,065 [INFO] src.corpus_acquisition.downloader: Downloading page 27 from https://t.prcdn.co/img?file=eag82024020700000000001001&page=27&scale=80
2026-07-18 16:38:18,065 [INFO] src.corpus_acquisition.crawler: Downloading -> data/raw/images/trome/2024/02/07/trome_2024-02-07_27.jpg
2026-07-18 16:38:18,282 [WARNING] src.corpus_acquisition.downloader: Page 27 not found (3/3).
2026-07-18 16:38:18,282 [WARNING] src.corpus_acquisition.downloader: No new pages found after 3 attempts; stopping with 24 page(s).
2026-07-18 16:38:18,326 [INFO] src.corpus_acquisition.metadata_extractor: Saved metadata for 24 page(s) -> data/raw/metadata/trome_metadata.parquet (total rows: 37632)
2026-07-18 16:38:18,330 [INFO] src.corpus_acquisition.metadata_extractor: Saved crawl log -> data/raw/crawl_logs/trome_2024-02-07.json (status=success)
2026-07-18 16:38:19,042 [INFO] src.corpus_acquisition.downloader: Downloading page 1 from https://t.prcdn.co/img?file=eag82024020800000000001001&page=1&scale=80
2026-07-18 16:38:19,042 [INFO] src.corpus_acquisition.crawler: Downloading -> data/raw/images/trome/2024/02/08/trome_2024-02-08_1.jpg
2026-07-18 16:38:21,096 [INFO] src.corpus_acquisition.downloader: Downloading page 2 from https://t.prcdn.co/img?file=eag82024020800000000001001&page=2&scale=80
2026-07-18 16:38:21,096 [INFO] src.corpus_acquisition.crawler: Downloading -> data/raw/images/trome/2024/02/08/trome_2024-02-08_2.jpg
2026-07-18 16:38:24,831 [INFO] src.corpus_acquisition.downloader: Downloading page 3 from https://t.prcdn.co/img?file=eag82024020800000000001001&page=3&scale=80
2026-07-18 16:38:24,832 [INFO] src.corpus_acquisition.crawler: Downloading -> data/raw/images/trome/2024/02/08/trome_2024-02-08_3.jpg
2026-07-18 16:38:27,666 [INFO] src.corpus_acquisition.downloader: Downloading page 4 from https://t.prcdn.co/img?file=eag82024020800000000001001&page=4&scale=80
2026-07-18 16:38:27,667 [INFO] src.corpus_acquisition.crawler: Downloading -> data/raw/images/trome/2024/02/08/trome_2024-02-08_4.jpg
2026-07-18 16:38:30,484 [INFO] src.corpus_acquisition.downloader: Downloading page 5 from https://t.prcdn.co/img?file=eag82024020800000000001001&page=5&scale=80
2026-07-18 16:38:30,484 [INFO] src.corpus_acquisition.crawler: Downloading -> data/raw/images/trome/2024/02/08/trome_2024-02-08_5.jpg
2026-07-18 16:38:32,810 [INFO] src.corpus_acquisition.downloader: Downloading page 6 from https://t.prcdn.co/img?file=eag82024020800000000001001&page=6&scale=80
2026-07-18 16:38:32,810 [INFO] src.corpus_acquisition.crawler: Downloading -> data/raw/images/trome/2024/02/08/trome_2024-02-08_6.jpg
2026-07-18 16:38:35,242 [INFO] src.corpus_acquisition.downloader: Downloading page 7 from https://t.prcdn.co/img?file=eag82024020800000000001001&page=7&scale=80
2026-07-18 16:38:35,242 [INFO] src.corpus_acquisition.crawler: Downloading -> data/raw/images/trome/2024/02/08/trome_2024-02-08_7.jpg
2026-07-18 16:38:38,287 [INFO] src.corpus_acquisition.downloader: Downloading page 8 from https://t.prcdn.co/img?file=eag82024020800000000001001&page=8&scale=80
2026-07-18 16:38:38,287 [INFO] src.corpus_acquisition.crawler: Downloading -> data/raw/images/trome/2024/02/08/trome_2024-02-08_8.jpg
2026-07-18 16:38:41,589 [INFO] src.corpus_acquisition.downloader: Downloading page 9 from https://t.prcdn.co/img?file=eag82024020800000000001001&page=9&scale=80
2026-07-18 16:38:41,589 [INFO] src.corpus_acquisition.crawler: Downloading -> data/raw/images/trome/2024/02/08/trome_2024-02-08_9.jpg
2026-07-18 16:38:44,997 [INFO] src.corpus_acquisition.downloader: Downloading page 10 from https://t.prcdn.co/img?file=eag82024020800000000001001&page=10&scale=80
2026-07-18 16:38:44,997 [INFO] src.corpus_acquisition.crawler: Downloading -> data/raw/images/trome/2024/02/08/trome_2024-02-08_10.jpg
2026-07-18 16:38:48,455 [INFO] src.corpus_acquisition.downloader: Downloading page 11 from https://t.prcdn.co/img?file=eag82024020800000000001001&page=11&scale=80
2026-07-18 16:38:48,455 [INFO] src.corpus_acquisition.crawler: Downloading -> data/raw/images/trome/2024/02/08/trome_2024-02-08_11.jpg
2026-07-18 16:38:50,694 [INFO] src.corpus_acquisition.downloader: Downloading page 12 from https://t.prcdn.co/img?file=eag82024020800000000001001&page=12&scale=80
2026-07-18 16:38:50,695 [INFO] src.corpus_acquisition.crawler: Downloading -> data/raw/images/trome/2024/02/08/trome_2024-02-08_12.jpg
2026-07-18 16:38:53,862 [INFO] src.corpus_acquisition.downloader: Downloading page 13 from https://t.prcdn.co/img?file=eag82024020800000000001001&page=13&scale=80
2026-07-18 16:38:53,863 [INFO] src.corpus_acquisition.crawler: Downloading -> data/raw/images/trome/2024/02/08/trome_2024-02-08_13.jpg
2026-07-18 16:38:55,984 [INFO] src.corpus_acquisition.downloader: Downloading page 14 from https://t.prcdn.co/img?file=eag82024020800000000001001&page=14&scale=80
2026-07-18 16:38:55,984 [INFO] src.corpus_acquisition.crawler: Downloading -> data/raw/images/trome/2024/02/08/trome_2024-02-08_14.jpg
2026-07-18 16:38:58,910 [INFO] src.corpus_acquisition.downloader: Downloading page 15 from https://t.prcdn.co/img?file=eag82024020800000000001001&page=15&scale=80
2026-07-18 16:38:58,911 [INFO] src.corpus_acquisition.crawler: Downloading -> data/raw/images/trome/2024/02/08/trome_2024-02-08_15.jpg
2026-07-18 16:39:01,488 [INFO] src.corpus_acquisition.downloader: Downloading page 16 from https://t.prcdn.co/img?file=eag82024020800000000001001&page=16&scale=80
2026-07-18 16:39:01,488 [INFO] src.corpus_acquisition.crawler: Downloading -> data/raw/images/trome/2024/02/08/trome_2024-02-08_16.jpg
2026-07-18 16:39:04,425 [INFO] src.corpus_acquisition.downloader: Downloading page 17 from https://t.prcdn.co/img?file=eag82024020800000000001001&page=17&scale=80
2026-07-18 16:39:04,425 [INFO] src.corpus_acquisition.crawler: Downloading -> data/raw/images/trome/2024/02/08/trome_2024-02-08_17.jpg
2026-07-18 16:39:06,788 [INFO] src.corpus_acquisition.downloader: Downloading page 18 from https://t.prcdn.co/img?file=eag82024020800000000001001&page=18&scale=80
2026-07-18 16:39:06,789 [INFO] src.corpus_acquisition.crawler: Downloading -> data/raw/images/trome/2024/02/08/trome_2024-02-08_18.jpg
2026-07-18 16:39:10,466 [INFO] src.corpus_acquisition.downloader: Downloading page 19 from https://t.prcdn.co/img?file=eag82024020800000000001001&page=19&scale=80
2026-07-18 16:39:10,467 [INFO] src.corpus_acquisition.crawler: Downloading -> data/raw/images/trome/2024/02/08/trome_2024-02-08_19.jpg
2026-07-18 16:39:12,694 [INFO] src.corpus_acquisition.downloader: Downloading page 20 from https://t.prcdn.co/img?file=eag82024020800000000001001&page=20&scale=80
2026-07-18 16:39:12,695 [INFO] src.corpus_acquisition.crawler: Downloading -> data/raw/images/trome/2024/02/08/trome_2024-02-08_20.jpg
2026-07-18 16:39:16,444 [INFO] src.corpus_acquisition.downloader: Downloading page 21 from https://t.prcdn.co/img?file=eag82024020800000000001001&page=21&scale=80
2026-07-18 16:39:16,445 [INFO] src.corpus_acquisition.crawler: Downloading -> data/raw/images/trome/2024/02/08/trome_2024-02-08_21.jpg
2026-07-18 16:39:19,422 [INFO] src.corpus_acquisition.downloader: Downloading page 22 from https://t.prcdn.co/img?file=eag82024020800000000001001&page=22&scale=80
2026-07-18 16:39:19,423 [INFO] src.corpus_acquisition.crawler: Downloading -> data/raw/images/trome/2024/02/08/trome_2024-02-08_22.jpg
2026-07-18 16:39:21,743 [INFO] src.corpus_acquisition.downloader: Downloading page 23 from https://t.prcdn.co/img?file=eag82024020800000000001001&page=23&scale=80
2026-07-18 16:39:21,743 [INFO] src.corpus_acquisition.crawler: Downloading -> data/raw/images/trome/2024/02/08/trome_2024-02-08_23.jpg
2026-07-18 16:39:24,289 [INFO] src.corpus_acquisition.downloader: Downloading page 24 from https://t.prcdn.co/img?file=eag82024020800000000001001&page=24&scale=80
2026-07-18 16:39:24,289 [INFO] src.corpus_acquisition.crawler: Downloading -> data/raw/images/trome/2024/02/08/trome_2024-02-08_24.jpg
2026-07-18 16:39:27,371 [INFO] src.corpus_acquisition.downloader: Downloading page 25 from https://t.prcdn.co/img?file=eag82024020800000000001001&page=25&scale=80
2026-07-18 16:39:27,371 [INFO] src.corpus_acquisition.crawler: Downloading -> data/raw/images/trome/2024/02/08/trome_2024-02-08_25.jpg
2026-07-18 16:39:27,585 [WARNING] src.corpus_acquisition.downloader: Page 25 not found (1/3).
2026-07-18 16:39:27,585 [INFO] src.corpus_acquisition.downloader: Downloading page 26 from https://t.prcdn.co/img?file=eag82024020800000000001001&page=26&scale=80
2026-07-18 16:39:27,586 [INFO] src.corpus_acquisition.crawler: Downloading -> data/raw/images/trome/2024/02/08/trome_2024-02-08_26.jpg
2026-07-18 16:39:27,799 [WARNING] src.corpus_acquisition.downloader: Page 26 not found (2/3).
2026-07-18 16:39:27,800 [INFO] src.corpus_acquisition.downloader: Downloading page 27 from https://t.prcdn.co/img?file=eag82024020800000000001001&page=27&scale=80
2026-07-18 16:39:27,800 [INFO] src.corpus_acquisition.crawler: Downloading -> data/raw/images/trome/2024/02/08/trome_2024-02-08_27.jpg
2026-07-18 16:39:28,001 [WARNING] src.corpus_acquisition.downloader: Page 27 not found (3/3).
2026-07-18 16:39:28,001 [WARNING] src.corpus_acquisition.downloader: No new pages found after 3 attempts; stopping with 24 page(s).
2026-07-18 16:39:28,046 [INFO] src.corpus_acquisition.metadata_extractor: Saved metadata for 24 page(s) -> data/raw/metadata/trome_metadata.parquet (total rows: 37656)
2026-07-18 16:39:28,048 [INFO] src.corpus_acquisition.metadata_extractor: Saved crawl log -> data/raw/crawl_logs/trome_2024-02-08.json (status=success)
2026-07-18 16:39:29,355 [INFO] src.corpus_acquisition.downloader: Downloading page 1 from https://t.prcdn.co/img?file=eag82024020900000000001001&page=1&scale=80
2026-07-18 16:39:29,356 [INFO] src.corpus_acquisition.crawler: Downloading -> data/raw/images/trome/2024/02/09/trome_2024-02-09_1.jpg
2026-07-18 16:39:32,111 [INFO] src.corpus_acquisition.downloader: Downloading page 2 from https://t.prcdn.co/img?file=eag82024020900000000001001&page=2&scale=80
2026-07-18 16:39:32,111 [INFO] src.corpus_acquisition.crawler: Downloading -> data/raw/images/trome/2024/02/09/trome_2024-02-09_2.jpg
2026-07-18 16:39:35,779 [INFO] src.corpus_acquisition.downloader: Downloading page 3 from https://t.prcdn.co/img?file=eag82024020900000000001001&page=3&scale=80
2026-07-18 16:39:35,779 [INFO] src.corpus_acquisition.crawler: Downloading -> data/raw/images/trome/2024/02/09/trome_2024-02-09_3.jpg
2026-07-18 16:39:38,423 [INFO] src.corpus_acquisition.downloader: Downloading page 4 from https://t.prcdn.co/img?file=eag82024020900000000001001&page=4&scale=80
2026-07-18 16:39:38,424 [INFO] src.corpus_acquisition.crawler: Downloading -> data/raw/images/trome/2024/02/09/trome_2024-02-09_4.jpg
2026-07-18 16:39:41,828 [INFO] src.corpus_acquisition.downloader: Downloading page 5 from https://t.prcdn.co/img?file=eag82024020900000000001001&page=5&scale=80
2026-07-18 16:39:41,828 [INFO] src.corpus_acquisition.crawler: Downloading -> data/raw/images/trome/2024/02/09/trome_2024-02-09_5.jpg
2026-07-18 16:39:43,973 [INFO] src.corpus_acquisition.downloader: Downloading page 6 from https://t.prcdn.co/img?file=eag82024020900000000001001&page=6&scale=80
2026-07-18 16:39:43,973 [INFO] src.corpus_acquisition.crawler: Downloading -> data/raw/images/trome/2024/02/09/trome_2024-02-09_6.jpg
2026-07-18 16:39:47,086 [INFO] src.corpus_acquisition.downloader: Downloading page 7 from https://t.prcdn.co/img?file=eag82024020900000000001001&page=7&scale=80
2026-07-18 16:39:47,086 [INFO] src.corpus_acquisition.crawler: Downloading -> data/raw/images/trome/2024/02/09/trome_2024-02-09_7.jpg
2026-07-18 16:39:50,737 [INFO] src.corpus_acquisition.downloader: Downloading page 8 from https://t.prcdn.co/img?file=eag82024020900000000001001&page=8&scale=80
2026-07-18 16:39:50,738 [INFO] src.corpus_acquisition.crawler: Downloading -> data/raw/images/trome/2024/02/09/trome_2024-02-09_8.jpg
2026-07-18 16:39:53,112 [INFO] src.corpus_acquisition.downloader: Downloading page 9 from https://t.prcdn.co/img?file=eag82024020900000000001001&page=9&scale=80
2026-07-18 16:39:53,112 [INFO] src.corpus_acquisition.crawler: Downloading -> data/raw/images/trome/2024/02/09/trome_2024-02-09_9.jpg
2026-07-18 16:39:55,911 [INFO] src.corpus_acquisition.downloader: Downloading page 10 from https://t.prcdn.co/img?file=eag82024020900000000001001&page=10&scale=80
2026-07-18 16:39:55,912 [INFO] src.corpus_acquisition.crawler: Downloading -> data/raw/images/trome/2024/02/09/trome_2024-02-09_10.jpg
2026-07-18 16:39:58,507 [INFO] src.corpus_acquisition.downloader: Downloading page 11 from https://t.prcdn.co/img?file=eag82024020900000000001001&page=11&scale=80
2026-07-18 16:39:58,507 [INFO] src.corpus_acquisition.crawler: Downloading -> data/raw/images/trome/2024/02/09/trome_2024-02-09_11.jpg
2026-07-18 16:40:01,186 [INFO] src.corpus_acquisition.downloader: Downloading page 12 from https://t.prcdn.co/img?file=eag82024020900000000001001&page=12&scale=80
2026-07-18 16:40:01,187 [INFO] src.corpus_acquisition.crawler: Downloading -> data/raw/images/trome/2024/02/09/trome_2024-02-09_12.jpg
2026-07-18 16:40:04,622 [INFO] src.corpus_acquisition.downloader: Downloading page 13 from https://t.prcdn.co/img?file=eag82024020900000000001001&page=13&scale=80
2026-07-18 16:40:04,622 [INFO] src.corpus_acquisition.crawler: Downloading -> data/raw/images/trome/2024/02/09/trome_2024-02-09_13.jpg
2026-07-18 16:40:06,998 [INFO] src.corpus_acquisition.downloader: Downloading page 14 from https://t.prcdn.co/img?file=eag82024020900000000001001&page=14&scale=80
2026-07-18 16:40:06,998 [INFO] src.corpus_acquisition.crawler: Downloading -> data/raw/images/trome/2024/02/09/trome_2024-02-09_14.jpg
2026-07-18 16:40:11,230 [INFO] src.corpus_acquisition.downloader: Downloading page 15 from https://t.prcdn.co/img?file=eag82024020900000000001001&page=15&scale=80
2026-07-18 16:40:11,230 [INFO] src.corpus_acquisition.crawler: Downloading -> data/raw/images/trome/2024/02/09/trome_2024-02-09_15.jpg
2026-07-18 16:40:14,030 [INFO] src.corpus_acquisition.downloader: Downloading page 16 from https://t.prcdn.co/img?file=eag82024020900000000001001&page=16&scale=80
2026-07-18 16:40:14,030 [INFO] src.corpus_acquisition.crawler: Downloading -> data/raw/images/trome/2024/02/09/trome_2024-02-09_16.jpg
2026-07-18 16:40:16,705 [INFO] src.corpus_acquisition.downloader: Downloading page 17 from https://t.prcdn.co/img?file=eag82024020900000000001001&page=17&scale=80
2026-07-18 16:40:16,706 [INFO] src.corpus_acquisition.crawler: Downloading -> data/raw/images/trome/2024/02/09/trome_2024-02-09_17.jpg
2026-07-18 16:40:19,378 [INFO] src.corpus_acquisition.downloader: Downloading page 18 from https://t.prcdn.co/img?file=eag82024020900000000001001&page=18&scale=80
2026-07-18 16:40:19,378 [INFO] src.corpus_acquisition.crawler: Downloading -> data/raw/images/trome/2024/02/09/trome_2024-02-09_18.jpg
2026-07-18 16:40:22,707 [INFO] src.corpus_acquisition.downloader: Downloading page 19 from https://t.prcdn.co/img?file=eag82024020900000000001001&page=19&scale=80
2026-07-18 16:40:22,707 [INFO] src.corpus_acquisition.crawler: Downloading -> data/raw/images/trome/2024/02/09/trome_2024-02-09_19.jpg
2026-07-18 16:40:24,934 [INFO] src.corpus_acquisition.downloader: Downloading page 20 from https://t.prcdn.co/img?file=eag82024020900000000001001&page=20&scale=80
2026-07-18 16:40:24,935 [INFO] src.corpus_acquisition.crawler: Downloading -> data/raw/images/trome/2024/02/09/trome_2024-02-09_20.jpg
2026-07-18 16:40:27,657 [INFO] src.corpus_acquisition.downloader: Downloading page 21 from https://t.prcdn.co/img?file=eag82024020900000000001001&page=21&scale=80
2026-07-18 16:40:27,657 [INFO] src.corpus_acquisition.crawler: Downloading -> data/raw/images/trome/2024/02/09/trome_2024-02-09_21.jpg
2026-07-18 16:40:30,887 [INFO] src.corpus_acquisition.downloader: Downloading page 22 from https://t.prcdn.co/img?file=eag82024020900000000001001&page=22&scale=80
2026-07-18 16:40:30,887 [INFO] src.corpus_acquisition.crawler: Downloading -> data/raw/images/trome/2024/02/09/trome_2024-02-09_22.jpg
2026-07-18 16:40:33,546 [INFO] src.corpus_acquisition.downloader: Downloading page 23 from https://t.prcdn.co/img?file=eag82024020900000000001001&page=23&scale=80
2026-07-18 16:40:33,547 [INFO] src.corpus_acquisition.crawler: Downloading -> data/raw/images/trome/2024/02/09/trome_2024-02-09_23.jpg
2026-07-18 16:40:35,830 [INFO] src.corpus_acquisition.downloader: Downloading page 24 from https://t.prcdn.co/img?file=eag82024020900000000001001&page=24&scale=80
2026-07-18 16:40:35,830 [INFO] src.corpus_acquisition.crawler: Downloading -> data/raw/images/trome/2024/02/09/trome_2024-02-09_24.jpg
2026-07-18 16:40:38,612 [INFO] src.corpus_acquisition.downloader: Downloading page 25 from https://t.prcdn.co/img?file=eag82024020900000000001001&page=25&scale=80
2026-07-18 16:40:38,613 [INFO] src.corpus_acquisition.crawler: Downloading -> data/raw/images/trome/2024/02/09/trome_2024-02-09_25.jpg
2026-07-18 16:40:38,907 [WARNING] src.corpus_acquisition.downloader: Page 25 not found (1/3).
2026-07-18 16:40:38,907 [INFO] src.corpus_acquisition.downloader: Downloading page 26 from https://t.prcdn.co/img?file=eag82024020900000000001001&page=26&scale=80
2026-07-18 16:40:38,907 [INFO] src.corpus_acquisition.crawler: Downloading -> data/raw/images/trome/2024/02/09/trome_2024-02-09_26.jpg
2026-07-18 16:40:39,133 [WARNING] src.corpus_acquisition.downloader: Page 26 not found (2/3).
2026-07-18 16:40:39,133 [INFO] src.corpus_acquisition.downloader: Downloading page 27 from https://t.prcdn.co/img?file=eag82024020900000000001001&page=27&scale=80
2026-07-18 16:40:39,134 [INFO] src.corpus_acquisition.crawler: Downloading -> data/raw/images/trome/2024/02/09/trome_2024-02-09_27.jpg
2026-07-18 16:40:39,337 [WARNING] src.corpus_acquisition.downloader: Page 27 not found (3/3).
2026-07-18 16:40:39,337 [WARNING] src.corpus_acquisition.downloader: No new pages found after 3 attempts; stopping with 24 page(s).
2026-07-18 16:40:39,381 [INFO] src.corpus_acquisition.metadata_extractor: Saved metadata for 24 page(s) -> data/raw/metadata/trome_metadata.parquet (total rows: 37680)
2026-07-18 16:40:39,384 [INFO] src.corpus_acquisition.metadata_extractor: Saved crawl log -> data/raw/crawl_logs/trome_2024-02-09.json (status=success)
2026-07-18 16:40:40,482 [INFO] src.corpus_acquisition.downloader: Downloading page 1 from https://t.prcdn.co/img?file=eag82024021000000000001001&page=1&scale=80
2026-07-18 16:40:40,483 [INFO] src.corpus_acquisition.crawler: Downloading -> data/raw/images/trome/2024/02/10/trome_2024-02-10_1.jpg
2026-07-18 16:40:43,481 [INFO] src.corpus_acquisition.downloader: Downloading page 2 from https://t.prcdn.co/img?file=eag82024021000000000001001&page=2&scale=80
2026-07-18 16:40:43,481 [INFO] src.corpus_acquisition.crawler: Downloading -> data/raw/images/trome/2024/02/10/trome_2024-02-10_2.jpg
2026-07-18 16:40:46,622 [INFO] src.corpus_acquisition.downloader: Downloading page 3 from https://t.prcdn.co/img?file=eag82024021000000000001001&page=3&scale=80
2026-07-18 16:40:46,623 [INFO] src.corpus_acquisition.crawler: Downloading -> data/raw/images/trome/2024/02/10/trome_2024-02-10_3.jpg
2026-07-18 16:40:50,279 [INFO] src.corpus_acquisition.downloader: Downloading page 4 from https://t.prcdn.co/img?file=eag82024021000000000001001&page=4&scale=80
2026-07-18 16:40:50,280 [INFO] src.corpus_acquisition.crawler: Downloading -> data/raw/images/trome/2024/02/10/trome_2024-02-10_4.jpg
2026-07-18 16:40:52,859 [INFO] src.corpus_acquisition.downloader: Downloading page 5 from https://t.prcdn.co/img?file=eag82024021000000000001001&page=5&scale=80
2026-07-18 16:40:52,859 [INFO] src.corpus_acquisition.crawler: Downloading -> data/raw/images/trome/2024/02/10/trome_2024-02-10_5.jpg
2026-07-18 16:40:55,965 [INFO] src.corpus_acquisition.downloader: Downloading page 6 from https://t.prcdn.co/img?file=eag82024021000000000001001&page=6&scale=80
2026-07-18 16:40:55,966 [INFO] src.corpus_acquisition.crawler: Downloading -> data/raw/images/trome/2024/02/10/trome_2024-02-10_6.jpg
2026-07-18 16:40:59,483 [INFO] src.corpus_acquisition.downloader: Downloading page 7 from https://t.prcdn.co/img?file=eag82024021000000000001001&page=7&scale=80
2026-07-18 16:40:59,483 [INFO] src.corpus_acquisition.crawler: Downloading -> data/raw/images/trome/2024/02/10/trome_2024-02-10_7.jpg
2026-07-18 16:41:02,572 [INFO] src.corpus_acquisition.downloader: Downloading page 8 from https://t.prcdn.co/img?file=eag82024021000000000001001&page=8&scale=80
2026-07-18 16:41:02,573 [INFO] src.corpus_acquisition.crawler: Downloading -> data/raw/images/trome/2024/02/10/trome_2024-02-10_8.jpg
2026-07-18 16:41:05,361 [INFO] src.corpus_acquisition.downloader: Downloading page 9 from https://t.prcdn.co/img?file=eag82024021000000000001001&page=9&scale=80
2026-07-18 16:41:05,362 [INFO] src.corpus_acquisition.crawler: Downloading -> data/raw/images/trome/2024/02/10/trome_2024-02-10_9.jpg
2026-07-18 16:41:08,327 [INFO] src.corpus_acquisition.downloader: Downloading page 10 from https://t.prcdn.co/img?file=eag82024021000000000001001&page=10&scale=80
2026-07-18 16:41:08,327 [INFO] src.corpus_acquisition.crawler: Downloading -> data/raw/images/trome/2024/02/10/trome_2024-02-10_10.jpg
2026-07-18 16:41:10,717 [INFO] src.corpus_acquisition.downloader: Downloading page 11 from https://t.prcdn.co/img?file=eag82024021000000000001001&page=11&scale=80
2026-07-18 16:41:10,717 [INFO] src.corpus_acquisition.crawler: Downloading -> data/raw/images/trome/2024/02/10/trome_2024-02-10_11.jpg
2026-07-18 16:41:13,478 [INFO] src.corpus_acquisition.downloader: Downloading page 12 from https://t.prcdn.co/img?file=eag82024021000000000001001&page=12&scale=80
2026-07-18 16:41:13,478 [INFO] src.corpus_acquisition.crawler: Downloading -> data/raw/images/trome/2024/02/10/trome_2024-02-10_12.jpg
2026-07-18 16:41:16,285 [INFO] src.corpus_acquisition.downloader: Downloading page 13 from https://t.prcdn.co/img?file=eag82024021000000000001001&page=13&scale=80
2026-07-18 16:41:16,285 [INFO] src.corpus_acquisition.crawler: Downloading -> data/raw/images/trome/2024/02/10/trome_2024-02-10_13.jpg
2026-07-18 16:41:19,096 [INFO] src.corpus_acquisition.downloader: Downloading page 14 from https://t.prcdn.co/img?file=eag82024021000000000001001&page=14&scale=80
2026-07-18 16:41:19,097 [INFO] src.corpus_acquisition.crawler: Downloading -> data/raw/images/trome/2024/02/10/trome_2024-02-10_14.jpg
2026-07-18 16:41:22,354 [INFO] src.corpus_acquisition.downloader: Downloading page 15 from https://t.prcdn.co/img?file=eag82024021000000000001001&page=15&scale=80
2026-07-18 16:41:22,354 [INFO] src.corpus_acquisition.crawler: Downloading -> data/raw/images/trome/2024/02/10/trome_2024-02-10_15.jpg
2026-07-18 16:41:25,593 [INFO] src.corpus_acquisition.downloader: Downloading page 16 from https://t.prcdn.co/img?file=eag82024021000000000001001&page=16&scale=80
2026-07-18 16:41:25,593 [INFO] src.corpus_acquisition.crawler: Downloading -> data/raw/images/trome/2024/02/10/trome_2024-02-10_16.jpg
2026-07-18 16:41:28,149 [INFO] src.corpus_acquisition.downloader: Downloading page 17 from https://t.prcdn.co/img?file=eag82024021000000000001001&page=17&scale=80
2026-07-18 16:41:28,149 [INFO] src.corpus_acquisition.crawler: Downloading -> data/raw/images/trome/2024/02/10/trome_2024-02-10_17.jpg
2026-07-18 16:41:31,061 [INFO] src.corpus_acquisition.downloader: Downloading page 18 from https://t.prcdn.co/img?file=eag82024021000000000001001&page=18&scale=80
2026-07-18 16:41:31,062 [INFO] src.corpus_acquisition.crawler: Downloading -> data/raw/images/trome/2024/02/10/trome_2024-02-10_18.jpg
2026-07-18 16:41:34,231 [INFO] src.corpus_acquisition.downloader: Downloading page 19 from https://t.prcdn.co/img?file=eag82024021000000000001001&page=19&scale=80
2026-07-18 16:41:34,231 [INFO] src.corpus_acquisition.crawler: Downloading -> data/raw/images/trome/2024/02/10/trome_2024-02-10_19.jpg
2026-07-18 16:41:37,288 [INFO] src.corpus_acquisition.downloader: Downloading page 20 from https://t.prcdn.co/img?file=eag82024021000000000001001&page=20&scale=80
2026-07-18 16:41:37,288 [INFO] src.corpus_acquisition.crawler: Downloading -> data/raw/images/trome/2024/02/10/trome_2024-02-10_20.jpg
2026-07-18 16:41:39,581 [INFO] src.corpus_acquisition.downloader: Downloading page 21 from https://t.prcdn.co/img?file=eag82024021000000000001001&page=21&scale=80
2026-07-18 16:41:39,581 [INFO] src.corpus_acquisition.crawler: Downloading -> data/raw/images/trome/2024/02/10/trome_2024-02-10_21.jpg
2026-07-18 16:41:41,583 [INFO] src.corpus_acquisition.downloader: Downloading page 22 from https://t.prcdn.co/img?file=eag82024021000000000001001&page=22&scale=80
2026-07-18 16:41:41,583 [INFO] src.corpus_acquisition.crawler: Downloading -> data/raw/images/trome/2024/02/10/trome_2024-02-10_22.jpg
2026-07-18 16:41:43,857 [INFO] src.corpus_acquisition.downloader: Downloading page 23 from https://t.prcdn.co/img?file=eag82024021000000000001001&page=23&scale=80
2026-07-18 16:41:43,858 [INFO] src.corpus_acquisition.crawler: Downloading -> data/raw/images/trome/2024/02/10/trome_2024-02-10_23.jpg
2026-07-18 16:41:46,237 [INFO] src.corpus_acquisition.downloader: Downloading page 24 from https://t.prcdn.co/img?file=eag82024021000000000001001&page=24&scale=80
2026-07-18 16:41:46,237 [INFO] src.corpus_acquisition.crawler: Downloading -> data/raw/images/trome/2024/02/10/trome_2024-02-10_24.jpg
2026-07-18 16:41:48,491 [INFO] src.corpus_acquisition.downloader: Downloading page 25 from https://t.prcdn.co/img?file=eag82024021000000000001001&page=25&scale=80
2026-07-18 16:41:48,491 [INFO] src.corpus_acquisition.crawler: Downloading -> data/raw/images/trome/2024/02/10/trome_2024-02-10_25.jpg
2026-07-18 16:41:48,701 [WARNING] src.corpus_acquisition.downloader: Page 25 not found (1/3).
2026-07-18 16:41:48,702 [INFO] src.corpus_acquisition.downloader: Downloading page 26 from https://t.prcdn.co/img?file=eag82024021000000000001001&page=26&scale=80
2026-07-18 16:41:48,702 [INFO] src.corpus_acquisition.crawler: Downloading -> data/raw/images/trome/2024/02/10/trome_2024-02-10_26.jpg
2026-07-18 16:41:48,918 [WARNING] src.corpus_acquisition.downloader: Page 26 not found (2/3).
2026-07-18 16:41:48,919 [INFO] src.corpus_acquisition.downloader: Downloading page 27 from https://t.prcdn.co/img?file=eag82024021000000000001001&page=27&scale=80
2026-07-18 16:41:48,919 [INFO] src.corpus_acquisition.crawler: Downloading -> data/raw/images/trome/2024/02/10/trome_2024-02-10_27.jpg
2026-07-18 16:41:49,156 [WARNING] src.corpus_acquisition.downloader: Page 27 not found (3/3).
2026-07-18 16:41:49,156 [WARNING] src.corpus_acquisition.downloader: No new pages found after 3 attempts; stopping with 24 page(s).
2026-07-18 16:41:49,201 [INFO] src.corpus_acquisition.metadata_extractor: Saved metadata for 24 page(s) -> data/raw/metadata/trome_metadata.parquet (total rows: 37704)
2026-07-18 16:41:49,204 [INFO] src.corpus_acquisition.metadata_extractor: Saved crawl log -> data/raw/crawl_logs/trome_2024-02-10.json (status=success)
2026-07-18 16:41:49,957 [INFO] src.corpus_acquisition.downloader: Downloading page 1 from https://t.prcdn.co/img?file=eag82024021100000000001001&page=1&scale=80
2026-07-18 16:41:49,958 [INFO] src.corpus_acquisition.crawler: Downloading -> data/raw/images/trome/2024/02/11/trome_2024-02-11_1.jpg
2026-07-18 16:41:52,748 [INFO] src.corpus_acquisition.downloader: Downloading page 2 from https://t.prcdn.co/img?file=eag82024021100000000001001&page=2&scale=80
2026-07-18 16:41:52,749 [INFO] src.corpus_acquisition.crawler: Downloading -> data/raw/images/trome/2024/02/11/trome_2024-02-11_2.jpg
2026-07-18 16:41:55,852 [INFO] src.corpus_acquisition.downloader: Downloading page 3 from https://t.prcdn.co/img?file=eag82024021100000000001001&page=3&scale=80
2026-07-18 16:41:55,852 [INFO] src.corpus_acquisition.crawler: Downloading -> data/raw/images/trome/2024/02/11/trome_2024-02-11_3.jpg
2026-07-18 16:41:58,737 [INFO] src.corpus_acquisition.downloader: Downloading page 4 from https://t.prcdn.co/img?file=eag82024021100000000001001&page=4&scale=80
2026-07-18 16:41:58,737 [INFO] src.corpus_acquisition.crawler: Downloading -> data/raw/images/trome/2024/02/11/trome_2024-02-11_4.jpg
2026-07-18 16:42:02,035 [INFO] src.corpus_acquisition.downloader: Downloading page 5 from https://t.prcdn.co/img?file=eag82024021100000000001001&page=5&scale=80
2026-07-18 16:42:02,035 [INFO] src.corpus_acquisition.crawler: Downloading -> data/raw/images/trome/2024/02/11/trome_2024-02-11_5.jpg
2026-07-18 16:42:04,273 [INFO] src.corpus_acquisition.downloader: Downloading page 6 from https://t.prcdn.co/img?file=eag82024021100000000001001&page=6&scale=80
2026-07-18 16:42:04,273 [INFO] src.corpus_acquisition.crawler: Downloading -> data/raw/images/trome/2024/02/11/trome_2024-02-11_6.jpg
2026-07-18 16:42:06,839 [INFO] src.corpus_acquisition.downloader: Downloading page 7 from https://t.prcdn.co/img?file=eag82024021100000000001001&page=7&scale=80
2026-07-18 16:42:06,840 [INFO] src.corpus_acquisition.crawler: Downloading -> data/raw/images/trome/2024/02/11/trome_2024-02-11_7.jpg
2026-07-18 16:42:09,580 [INFO] src.corpus_acquisition.downloader: Downloading page 8 from https://t.prcdn.co/img?file=eag82024021100000000001001&page=8&scale=80
2026-07-18 16:42:09,581 [INFO] src.corpus_acquisition.crawler: Downloading -> data/raw/images/trome/2024/02/11/trome_2024-02-11_8.jpg
2026-07-18 16:42:12,651 [INFO] src.corpus_acquisition.downloader: Downloading page 9 from https://t.prcdn.co/img?file=eag82024021100000000001001&page=9&scale=80
2026-07-18 16:42:12,652 [INFO] src.corpus_acquisition.crawler: Downloading -> data/raw/images/trome/2024/02/11/trome_2024-02-11_9.jpg
2026-07-18 16:42:15,428 [INFO] src.corpus_acquisition.downloader: Downloading page 10 from https://t.prcdn.co/img?file=eag82024021100000000001001&page=10&scale=80
2026-07-18 16:42:15,429 [INFO] src.corpus_acquisition.crawler: Downloading -> data/raw/images/trome/2024/02/11/trome_2024-02-11_10.jpg
2026-07-18 16:42:18,585 [INFO] src.corpus_acquisition.downloader: Downloading page 11 from https://t.prcdn.co/img?file=eag82024021100000000001001&page=11&scale=80
2026-07-18 16:42:18,586 [INFO] src.corpus_acquisition.crawler: Downloading -> data/raw/images/trome/2024/02/11/trome_2024-02-11_11.jpg
2026-07-18 16:42:21,256 [INFO] src.corpus_acquisition.downloader: Downloading page 12 from https://t.prcdn.co/img?file=eag82024021100000000001001&page=12&scale=80
2026-07-18 16:42:21,257 [INFO] src.corpus_acquisition.crawler: Downloading -> data/raw/images/trome/2024/02/11/trome_2024-02-11_12.jpg
2026-07-18 16:42:23,856 [INFO] src.corpus_acquisition.downloader: Downloading page 13 from https://t.prcdn.co/img?file=eag82024021100000000001001&page=13&scale=80
2026-07-18 16:42:23,857 [INFO] src.corpus_acquisition.crawler: Downloading -> data/raw/images/trome/2024/02/11/trome_2024-02-11_13.jpg
2026-07-18 16:42:26,809 [INFO] src.corpus_acquisition.downloader: Downloading page 14 from https://t.prcdn.co/img?file=eag82024021100000000001001&page=14&scale=80
2026-07-18 16:42:26,809 [INFO] src.corpus_acquisition.crawler: Downloading -> data/raw/images/trome/2024/02/11/trome_2024-02-11_14.jpg
2026-07-18 16:42:28,985 [INFO] src.corpus_acquisition.downloader: Downloading page 15 from https://t.prcdn.co/img?file=eag82024021100000000001001&page=15&scale=80
2026-07-18 16:42:28,985 [INFO] src.corpus_acquisition.crawler: Downloading -> data/raw/images/trome/2024/02/11/trome_2024-02-11_15.jpg
2026-07-18 16:42:31,719 [INFO] src.corpus_acquisition.downloader: Downloading page 16 from https://t.prcdn.co/img?file=eag82024021100000000001001&page=16&scale=80
2026-07-18 16:42:31,719 [INFO] src.corpus_acquisition.crawler: Downloading -> data/raw/images/trome/2024/02/11/trome_2024-02-11_16.jpg
2026-07-18 16:42:34,873 [INFO] src.corpus_acquisition.downloader: Downloading page 17 from https://t.prcdn.co/img?file=eag82024021100000000001001&page=17&scale=80
2026-07-18 16:42:34,874 [INFO] src.corpus_acquisition.crawler: Downloading -> data/raw/images/trome/2024/02/11/trome_2024-02-11_17.jpg
2026-07-18 16:42:37,571 [INFO] src.corpus_acquisition.downloader: Downloading page 18 from https://t.prcdn.co/img?file=eag82024021100000000001001&page=18&scale=80
2026-07-18 16:42:37,571 [INFO] src.corpus_acquisition.crawler: Downloading -> data/raw/images/trome/2024/02/11/trome_2024-02-11_18.jpg
2026-07-18 16:42:40,505 [INFO] src.corpus_acquisition.downloader: Downloading page 19 from https://t.prcdn.co/img?file=eag82024021100000000001001&page=19&scale=80
2026-07-18 16:42:40,506 [INFO] src.corpus_acquisition.crawler: Downloading -> data/raw/images/trome/2024/02/11/trome_2024-02-11_19.jpg
2026-07-18 16:42:43,693 [INFO] src.corpus_acquisition.downloader: Downloading page 20 from https://t.prcdn.co/img?file=eag82024021100000000001001&page=20&scale=80
2026-07-18 16:42:43,693 [INFO] src.corpus_acquisition.crawler: Downloading -> data/raw/images/trome/2024/02/11/trome_2024-02-11_20.jpg
2026-07-18 16:42:46,796 [INFO] src.corpus_acquisition.downloader: Downloading page 21 from https://t.prcdn.co/img?file=eag82024021100000000001001&page=21&scale=80
2026-07-18 16:42:46,796 [INFO] src.corpus_acquisition.crawler: Downloading -> data/raw/images/trome/2024/02/11/trome_2024-02-11_21.jpg
2026-07-18 16:42:50,678 [INFO] src.corpus_acquisition.downloader: Downloading page 22 from https://t.prcdn.co/img?file=eag82024021100000000001001&page=22&scale=80
2026-07-18 16:42:50,678 [INFO] src.corpus_acquisition.crawler: Downloading -> data/raw/images/trome/2024/02/11/trome_2024-02-11_22.jpg
2026-07-18 16:42:52,985 [INFO] src.corpus_acquisition.downloader: Downloading page 23 from https://t.prcdn.co/img?file=eag82024021100000000001001&page=23&scale=80
2026-07-18 16:42:52,985 [INFO] src.corpus_acquisition.crawler: Downloading -> data/raw/images/trome/2024/02/11/trome_2024-02-11_23.jpg
2026-07-18 16:42:55,386 [INFO] src.corpus_acquisition.downloader: Downloading page 24 from https://t.prcdn.co/img?file=eag82024021100000000001001&page=24&scale=80
2026-07-18 16:42:55,386 [INFO] src.corpus_acquisition.crawler: Downloading -> data/raw/images/trome/2024/02/11/trome_2024-02-11_24.jpg
2026-07-18 16:42:57,987 [INFO] src.corpus_acquisition.downloader: Downloading page 25 from https://t.prcdn.co/img?file=eag82024021100000000001001&page=25&scale=80
2026-07-18 16:42:57,987 [INFO] src.corpus_acquisition.crawler: Downloading -> data/raw/images/trome/2024/02/11/trome_2024-02-11_25.jpg
2026-07-18 16:43:01,316 [INFO] src.corpus_acquisition.downloader: Downloading page 26 from https://t.prcdn.co/img?file=eag82024021100000000001001&page=26&scale=80
2026-07-18 16:43:01,317 [INFO] src.corpus_acquisition.crawler: Downloading -> data/raw/images/trome/2024/02/11/trome_2024-02-11_26.jpg
2026-07-18 16:43:03,481 [INFO] src.corpus_acquisition.downloader: Downloading page 27 from https://t.prcdn.co/img?file=eag82024021100000000001001&page=27&scale=80
2026-07-18 16:43:03,481 [INFO] src.corpus_acquisition.crawler: Downloading -> data/raw/images/trome/2024/02/11/trome_2024-02-11_27.jpg
2026-07-18 16:43:05,706 [INFO] src.corpus_acquisition.downloader: Downloading page 28 from https://t.prcdn.co/img?file=eag82024021100000000001001&page=28&scale=80
2026-07-18 16:43:05,707 [INFO] src.corpus_acquisition.crawler: Downloading -> data/raw/images/trome/2024/02/11/trome_2024-02-11_28.jpg
2026-07-18 16:43:08,355 [INFO] src.corpus_acquisition.downloader: Downloading page 29 from https://t.prcdn.co/img?file=eag82024021100000000001001&page=29&scale=80
2026-07-18 16:43:08,356 [INFO] src.corpus_acquisition.crawler: Downloading -> data/raw/images/trome/2024/02/11/trome_2024-02-11_29.jpg
2026-07-18 16:43:08,576 [WARNING] src.corpus_acquisition.downloader: Page 29 not found (1/3).
2026-07-18 16:43:08,577 [INFO] src.corpus_acquisition.downloader: Downloading page 30 from https://t.prcdn.co/img?file=eag82024021100000000001001&page=30&scale=80
2026-07-18 16:43:08,577 [INFO] src.corpus_acquisition.crawler: Downloading -> data/raw/images/trome/2024/02/11/trome_2024-02-11_30.jpg
2026-07-18 16:43:08,795 [WARNING] src.corpus_acquisition.downloader: Page 30 not found (2/3).
2026-07-18 16:43:08,795 [INFO] src.corpus_acquisition.downloader: Downloading page 31 from https://t.prcdn.co/img?file=eag82024021100000000001001&page=31&scale=80
2026-07-18 16:43:08,796 [INFO] src.corpus_acquisition.crawler: Downloading -> data/raw/images/trome/2024/02/11/trome_2024-02-11_31.jpg
2026-07-18 16:43:09,011 [WARNING] src.corpus_acquisition.downloader: Page 31 not found (3/3).
2026-07-18 16:43:09,011 [WARNING] src.corpus_acquisition.downloader: No new pages found after 3 attempts; stopping with 28 page(s).
2026-07-18 16:43:09,055 [INFO] src.corpus_acquisition.metadata_extractor: Saved metadata for 28 page(s) -> data/raw/metadata/trome_metadata.parquet (total rows: 37732)
2026-07-18 16:43:09,058 [INFO] src.corpus_acquisition.metadata_extractor: Saved crawl log -> data/raw/crawl_logs/trome_2024-02-11.json (status=success)
2026-07-18 16:43:10,573 [INFO] src.corpus_acquisition.downloader: Downloading page 1 from https://t.prcdn.co/img?file=eag82024021200000000001001&page=1&scale=80
2026-07-18 16:43:10,574 [INFO] src.corpus_acquisition.crawler: Downloading -> data/raw/images/trome/2024/02/12/trome_2024-02-12_1.jpg
2026-07-18 16:43:12,808 [INFO] src.corpus_acquisition.downloader: Downloading page 2 from https://t.prcdn.co/img?file=eag82024021200000000001001&page=2&scale=80
2026-07-18 16:43:12,808 [INFO] src.corpus_acquisition.crawler: Downloading -> data/raw/images/trome/2024/02/12/trome_2024-02-12_2.jpg
2026-07-18 16:43:16,168 [INFO] src.corpus_acquisition.downloader: Downloading page 3 from https://t.prcdn.co/img?file=eag82024021200000000001001&page=3&scale=80
2026-07-18 16:43:16,168 [INFO] src.corpus_acquisition.crawler: Downloading -> data/raw/images/trome/2024/02/12/trome_2024-02-12_3.jpg
2026-07-18 16:43:19,529 [INFO] src.corpus_acquisition.downloader: Downloading page 4 from https://t.prcdn.co/img?file=eag82024021200000000001001&page=4&scale=80
2026-07-18 16:43:19,530 [INFO] src.corpus_acquisition.crawler: Downloading -> data/raw/images/trome/2024/02/12/trome_2024-02-12_4.jpg
2026-07-18 16:43:22,068 [INFO] src.corpus_acquisition.downloader: Downloading page 5 from https://t.prcdn.co/img?file=eag82024021200000000001001&page=5&scale=80
2026-07-18 16:43:22,068 [INFO] src.corpus_acquisition.crawler: Downloading -> data/raw/images/trome/2024/02/12/trome_2024-02-12_5.jpg
2026-07-18 16:43:24,397 [INFO] src.corpus_acquisition.downloader: Downloading page 6 from https://t.prcdn.co/img?file=eag82024021200000000001001&page=6&scale=80
2026-07-18 16:43:24,398 [INFO] src.corpus_acquisition.crawler: Downloading -> data/raw/images/trome/2024/02/12/trome_2024-02-12_6.jpg
2026-07-18 16:43:27,298 [INFO] src.corpus_acquisition.downloader: Downloading page 7 from https://t.prcdn.co/img?file=eag82024021200000000001001&page=7&scale=80
2026-07-18 16:43:27,299 [INFO] src.corpus_acquisition.crawler: Downloading -> data/raw/images/trome/2024/02/12/trome_2024-02-12_7.jpg
2026-07-18 16:43:30,477 [INFO] src.corpus_acquisition.downloader: Downloading page 8 from https://t.prcdn.co/img?file=eag82024021200000000001001&page=8&scale=80
2026-07-18 16:43:30,478 [INFO] src.corpus_acquisition.crawler: Downloading -> data/raw/images/trome/2024/02/12/trome_2024-02-12_8.jpg
2026-07-18 16:43:33,098 [INFO] src.corpus_acquisition.downloader: Downloading page 9 from https://t.prcdn.co/img?file=eag82024021200000000001001&page=9&scale=80
2026-07-18 16:43:33,098 [INFO] src.corpus_acquisition.crawler: Downloading -> data/raw/images/trome/2024/02/12/trome_2024-02-12_9.jpg
2026-07-18 16:43:36,349 [INFO] src.corpus_acquisition.downloader: Downloading page 10 from https://t.prcdn.co/img?file=eag82024021200000000001001&page=10&scale=80
2026-07-18 16:43:36,349 [INFO] src.corpus_acquisition.crawler: Downloading -> data/raw/images/trome/2024/02/12/trome_2024-02-12_10.jpg
2026-07-18 16:43:39,616 [INFO] src.corpus_acquisition.downloader: Downloading page 11 from https://t.prcdn.co/img?file=eag82024021200000000001001&page=11&scale=80
2026-07-18 16:43:39,617 [INFO] src.corpus_acquisition.crawler: Downloading -> data/raw/images/trome/2024/02/12/trome_2024-02-12_11.jpg
2026-07-18 16:43:42,676 [INFO] src.corpus_acquisition.downloader: Downloading page 12 from https://t.prcdn.co/img?file=eag82024021200000000001001&page=12&scale=80
2026-07-18 16:43:42,677 [INFO] src.corpus_acquisition.crawler: Downloading -> data/raw/images/trome/2024/02/12/trome_2024-02-12_12.jpg
2026-07-18 16:43:45,388 [INFO] src.corpus_acquisition.downloader: Downloading page 13 from https://t.prcdn.co/img?file=eag82024021200000000001001&page=13&scale=80
2026-07-18 16:43:45,388 [INFO] src.corpus_acquisition.crawler: Downloading -> data/raw/images/trome/2024/02/12/trome_2024-02-12_13.jpg
2026-07-18 16:43:48,761 [INFO] src.corpus_acquisition.downloader: Downloading page 14 from https://t.prcdn.co/img?file=eag82024021200000000001001&page=14&scale=80
2026-07-18 16:43:48,761 [INFO] src.corpus_acquisition.crawler: Downloading -> data/raw/images/trome/2024/02/12/trome_2024-02-12_14.jpg
2026-07-18 16:43:51,618 [INFO] src.corpus_acquisition.downloader: Downloading page 15 from https://t.prcdn.co/img?file=eag82024021200000000001001&page=15&scale=80
2026-07-18 16:43:51,619 [INFO] src.corpus_acquisition.crawler: Downloading -> data/raw/images/trome/2024/02/12/trome_2024-02-12_15.jpg
2026-07-18 16:43:55,203 [INFO] src.corpus_acquisition.downloader: Downloading page 16 from https://t.prcdn.co/img?file=eag82024021200000000001001&page=16&scale=80
2026-07-18 16:43:55,204 [INFO] src.corpus_acquisition.crawler: Downloading -> data/raw/images/trome/2024/02/12/trome_2024-02-12_16.jpg
2026-07-18 16:43:58,519 [INFO] src.corpus_acquisition.downloader: Downloading page 17 from https://t.prcdn.co/img?file=eag82024021200000000001001&page=17&scale=80
2026-07-18 16:43:58,520 [INFO] src.corpus_acquisition.crawler: Downloading -> data/raw/images/trome/2024/02/12/trome_2024-02-12_17.jpg
2026-07-18 16:44:00,818 [INFO] src.corpus_acquisition.downloader: Downloading page 18 from https://t.prcdn.co/img?file=eag82024021200000000001001&page=18&scale=80
2026-07-18 16:44:00,818 [INFO] src.corpus_acquisition.crawler: Downloading -> data/raw/images/trome/2024/02/12/trome_2024-02-12_18.jpg
2026-07-18 16:44:03,641 [INFO] src.corpus_acquisition.downloader: Downloading page 19 from https://t.prcdn.co/img?file=eag82024021200000000001001&page=19&scale=80
2026-07-18 16:44:03,641 [INFO] src.corpus_acquisition.crawler: Downloading -> data/raw/images/trome/2024/02/12/trome_2024-02-12_19.jpg
2026-07-18 16:44:07,216 [INFO] src.corpus_acquisition.downloader: Downloading page 20 from https://t.prcdn.co/img?file=eag82024021200000000001001&page=20&scale=80
2026-07-18 16:44:07,217 [INFO] src.corpus_acquisition.crawler: Downloading -> data/raw/images/trome/2024/02/12/trome_2024-02-12_20.jpg
2026-07-18 16:44:09,695 [INFO] src.corpus_acquisition.downloader: Downloading page 21 from https://t.prcdn.co/img?file=eag82024021200000000001001&page=21&scale=80
2026-07-18 16:44:09,695 [INFO] src.corpus_acquisition.crawler: Downloading -> data/raw/images/trome/2024/02/12/trome_2024-02-12_21.jpg
2026-07-18 16:44:12,606 [INFO] src.corpus_acquisition.downloader: Downloading page 22 from https://t.prcdn.co/img?file=eag82024021200000000001001&page=22&scale=80
2026-07-18 16:44:12,606 [INFO] src.corpus_acquisition.crawler: Downloading -> data/raw/images/trome/2024/02/12/trome_2024-02-12_22.jpg
