image_stem,config_id,layout_mode,detector,binarization,ocr_extractor,llm_extractor,gold_articles,predicted_articles,tp,fp,fn,detection_precision,detection_recall,detection_f1,matched_pairs_for_error_mean,matched_title_cer_mean,matched_title_wer_mean,matched_body_cer_mean,matched_body_wer_mean,total_pipeline_seconds,parse_failure_rows
gestion_2013-08-22_32,0,none,,adaptive_gaussian,docling_easyocr,qwen,4,0,0,0,4,0.0,0.0,0.0,0,,,,,78.954943621,1
gestion_2013-08-22_32,0,none,,adaptive_gaussian,docling_rapidocr,qwen,4,3,0,3,4,0.0,0.0,0.0,3,1.8333333333333333,1.8333333333333333,0.8510007325461566,0.980735978601967,93.341938698,0
gestion_2013-08-22_32,0,none,,adaptive_mean,docling_easyocr,qwen,4,0,0,0,4,0.0,0.0,0.0,0,,,,,79.656929333,1
gestion_2013-08-22_32,0,none,,adaptive_mean,docling_rapidocr,qwen,4,2,0,2,4,0.0,0.0,0.0,2,0.0,0.0,0.961280590010057,0.9885706914344685,94.305494148,0
gestion_2013-08-22_32,0,none,,basic,docling_easyocr,qwen,4,0,0,0,4,0.0,0.0,0.0,0,,,,,65.274968434,6
gestion_2013-08-22_32,0,none,,basic,docling_rapidocr,qwen,4,1,0,1,4,0.0,0.0,0.0,1,0.9464285714285714,1.0,0.49256900212314225,0.6253869969040248,98.798998404,0
gestion_2013-08-22_32,0,none,,niblack,docling_easyocr,qwen,4,0,0,0,4,0.0,0.0,0.0,0,,,,,30.478696341,1
gestion_2013-08-22_32,0,none,,niblack,docling_rapidocr,qwen,4,0,0,0,4,0.0,0.0,0.0,0,,,,,87.882491583,1
gestion_2013-08-22_32,0,none,,none_color,docling_easyocr,qwen,4,0,0,0,4,0.0,0.0,0.0,0,,,,,81.733965372,4
gestion_2013-08-22_32,0,none,,none_color,docling_rapidocr,qwen,4,2,2,0,2,1.0,0.5,0.666667,2,0.0,0.0,0.5251238499646143,0.6299535603715171,96.7947757,0
gestion_2013-08-22_32,0,none,,none_grayscale,docling_easyocr,qwen,4,0,0,0,4,0.0,0.0,0.0,0,,,,,66.592337635,1
gestion_2013-08-22_32,0,none,,none_grayscale,docling_rapidocr,qwen,4,0,0,0,4,0.0,0.0,0.0,0,,,,,98.569289473,3
gestion_2013-08-22_32,0,none,,otsu,docling_easyocr,qwen,4,0,0,0,4,0.0,0.0,0.0,0,,,,,66.981991411,7
gestion_2013-08-22_32,0,none,,otsu,docling_rapidocr,qwen,4,5,2,3,2,0.4,0.5,0.444444,4,0.0,0.0,0.5325292742972348,0.6181699704173167,97.795453669,0
gestion_2013-08-22_32,1,none,,adaptive_gaussian,docling_easyocr,qwen,4,2,0,2,4,0.0,0.0,0.0,2,0.306266846361186,0.3958333333333333,0.9486441688084329,0.985952012383901,71.829777266,0
gestion_2013-08-22_32,1,none,,adaptive_gaussian,docling_rapidocr,qwen,4,2,0,2,4,0.0,0.0,0.0,2,0.017857142857142856,0.0625,0.9949575371549894,1.0,90.927918698,0
gestion_2013-08-22_32,1,none,,adaptive_mean,docling_easyocr,qwen,4,1,0,1,4,0.0,0.0,0.0,1,0.17857142857142858,0.125,0.9485138004246284,0.9907120743034056,80.76343343,0
gestion_2013-08-22_32,1,none,,adaptive_mean,docling_rapidocr,qwen,4,2,0,2,4,0.0,0.0,0.0,1,0.10714285714285714,0.125,0.9723991507430998,0.9907120743034056,90.095177386,0
gestion_2013-08-22_32,1,none,,basic,docling_easyocr,qwen,4,5,1,4,3,0.2,0.25,0.222222,4,1.1066543126684636,1.125,0.9415728849881284,1.1022341628959276,62.958863201,0
gestion_2013-08-22_32,1,none,,basic,docling_rapidocr,qwen,4,5,3,2,1,0.6,0.75,0.666667,4,0.0,0.0,0.3864734036202431,0.470169707559137,95.448897066,0
gestion_2013-08-22_32,1,none,,niblack,docling_easyocr,qwen,4,0,0,0,4,0.0,0.0,0.0,0,,,,,30.580470421,1
gestion_2013-08-22_32,1,none,,niblack,docling_rapidocr,qwen,4,0,0,0,4,0.0,0.0,0.0,0,,,,,88.281950094,1
gestion_2013-08-22_32,1,none,,none_color,docling_easyocr,qwen,4,0,0,0,4,0.0,0.0,0.0,0,,,,,65.302927935,1
gestion_2013-08-22_32,1,none,,none_color,docling_rapidocr,qwen,4,2,2,0,2,1.0,0.5,0.666667,2,0.0,0.0,0.43732539948597604,0.5390995872033024,98.480314457,0
gestion_2013-08-22_32,1,none,,none_grayscale,docling_easyocr,qwen,4,6,3,3,1,0.5,0.75,0.6,4,0.018867924528301886,0.027777777777777776,0.5944310178973372,0.6949750142972169,63.834830227,0
gestion_2013-08-22_32,1,none,,none_grayscale,docling_rapidocr,qwen,4,2,2,0,2,1.0,0.5,0.666667,2,0.0,0.0,0.43732539948597604,0.5390995872033024,98.255781593,0
gestion_2013-08-22_32,1,none,,otsu,docling_easyocr,qwen,4,5,0,5,4,0.0,0.0,0.0,4,0.4563679245283019,0.4027777777777778,0.827427948358638,0.9348723193730933,65.119361178,0
gestion_2013-08-22_32,1,none,,otsu,docling_rapidocr,qwen,4,5,3,2,1,0.6,0.75,0.666667,4,0.0,0.0,0.3386982496029524,0.4289011252274189,95.427093283,0
gestion_2013-08-22_32,2,none,,adaptive_gaussian,docling_easyocr,qwen,4,2,0,2,4,0.0,0.0,0.0,2,0.12702156334231807,0.11805555555555555,0.9944267515923566,1.0,92.777511673,0
gestion_2013-08-22_32,2,none,,adaptive_gaussian,docling_rapidocr,qwen,4,2,0,2,4,0.0,0.0,0.0,2,0.42857142857142855,0.5625,0.8283026657230479,0.9727680545902572,97.512126284,0
gestion_2013-08-22_32,2,none,,adaptive_mean,docling_easyocr,qwen,4,2,0,2,4,0.0,0.0,0.0,2,0.17671832884097036,0.4583333333333333,0.9507160949081834,0.9870227038183694,87.656495047,0
gestion_2013-08-22_32,2,none,,adaptive_mean,docling_rapidocr,qwen,4,2,0,2,4,0.0,0.0,0.0,2,0.0,0.0,0.9356352665102246,0.9916666666666667,94.233564329,0
gestion_2013-08-22_32,2,none,,basic,docling_easyocr,qwen,4,1,0,1,4,0.0,0.0,0.0,1,0.0,0.0,0.8604033970276008,0.9473684210526315,84.628287787,0
gestion_2013-08-22_32,2,none,,basic,docling_rapidocr,qwen,4,2,2,0,2,1.0,0.5,0.666667,2,0.0,0.0,0.5621903750884643,0.7072239422084623,99.550265307,0
gestion_2013-08-22_32,2,none,,niblack,docling_easyocr,qwen,4,0,0,0,4,0.0,0.0,0.0,0,,,,,31.862368899,1
gestion_2013-08-22_32,2,none,,niblack,docling_rapidocr,qwen,4,0,0,0,4,0.0,0.0,0.0,0,,,,,88.334649639,1
gestion_2013-08-22_32,2,none,,none_color,docling_easyocr,qwen,4,0,0,0,4,0.0,0.0,0.0,0,,,,,63.75130772,2
gestion_2013-08-22_32,2,none,,none_color,docling_rapidocr,qwen,4,2,2,0,2,1.0,0.5,0.666667,2,0.0,0.0,0.49889652475136886,0.6103070175438596,94.432787651,0
gestion_2013-08-22_32,2,none,,none_grayscale,docling_easyocr,qwen,4,0,0,0,4,0.0,0.0,0.0,0,,,,,65.795000475,2
gestion_2013-08-22_32,2,none,,none_grayscale,docling_rapidocr,qwen,4,2,2,0,2,1.0,0.5,0.666667,2,0.0,0.0,0.49889652475136886,0.6103070175438596,99.715011995,0
gestion_2013-08-22_32,2,none,,otsu,docling_easyocr,qwen,4,0,0,0,4,0.0,0.0,0.0,0,,,,,70.480781622,8
gestion_2013-08-22_32,2,none,,otsu,docling_rapidocr,qwen,4,2,1,1,3,0.5,0.25,0.333333,2,0.8,1.0,1.7622846360290492,2.004024767801858,97.830668755,0
gestion_2013-08-22_32,3,none,,adaptive_gaussian,docling_easyocr,qwen,4,2,0,2,4,0.0,0.0,0.0,2,0.24022911051212936,0.2847222222222222,1.0,1.0,82.945357763,0
gestion_2013-08-22_32,3,none,,adaptive_gaussian,docling_rapidocr,qwen,4,2,0,2,4,0.0,0.0,0.0,2,0.009433962264150943,0.05555555555555555,0.9029733303534846,1.076780185758514,95.715111458,0
gestion_2013-08-22_32,3,none,,adaptive_mean,docling_easyocr,qwen,4,2,0,2,4,0.0,0.0,0.0,2,10.647405660377359,7.416666666666667,0.8444931773879143,0.9508503401360544,63.562917549,0
gestion_2013-08-22_32,3,none,,adaptive_mean,docling_rapidocr,qwen,4,0,0,0,4,0.0,0.0,0.0,0,,,,,92.27573188,3
gestion_2013-08-22_32,3,none,,basic,docling_easyocr,qwen,4,2,0,2,4,0.0,0.0,0.0,2,0.4375,0.5,0.822523000707714,0.9517280596449106,40.668774891,0
gestion_2013-08-22_32,3,none,,basic,docling_rapidocr,qwen,4,2,0,2,4,0.0,0.0,0.0,2,0.8125,0.5,0.8738304093567251,0.9856292517006803,89.016367483,0
gestion_2013-08-22_32,3,none,,niblack,docling_easyocr,qwen,4,0,0,0,4,0.0,0.0,0.0,0,,,,,33.324538651,1
gestion_2013-08-22_32,3,none,,niblack,docling_rapidocr,qwen,4,0,0,0,4,0.0,0.0,0.0,0,,,,,85.191899481,1
gestion_2013-08-22_32,3,none,,none_color,docling_easyocr,qwen,4,3,0,3,4,0.0,0.0,0.0,3,0.5668238993710691,0.5370370370370371,0.7432955471954243,0.9321805915348595,69.434006832,0
gestion_2013-08-22_32,3,none,,none_color,docling_rapidocr,qwen,4,6,3,3,1,0.5,0.75,0.6,4,0.0,0.0,0.36301104360915787,0.42120881753511125,95.929938219,0
gestion_2013-08-22_32,3,none,,none_grayscale,docling_easyocr,qwen,4,1,0,1,4,0.0,0.0,0.0,1,0.0,0.0,0.7038216560509554,0.8947368421052632,68.298613835,0
gestion_2013-08-22_32,3,none,,none_grayscale,docling_rapidocr,qwen,4,2,2,0,2,1.0,0.5,0.666667,2,0.0,0.0,0.5108391999106046,0.6118550051599587,98.203282404,0
gestion_2013-08-22_32,3,none,,otsu,docling_easyocr,qwen,4,3,0,3,4,0.0,0.0,0.0,3,2.3333333333333335,2.3333333333333335,0.7852903071220481,0.9420397713741367,68.576928736,0
gestion_2013-08-22_32,3,none,,otsu,docling_rapidocr,qwen,4,6,2,4,2,0.333333,0.5,0.4,4,0.5625,0.5,0.5953135207086284,0.6885948913978547,96.9758209,0
gestion_2013-08-22_32,4,none,,adaptive_gaussian,docling_easyocr,qwen,4,2,0,2,4,0.0,0.0,0.0,2,0.16475741239892183,0.22916666666666666,1.0,1.0,83.821905927,0
gestion_2013-08-22_32,4,none,,adaptive_gaussian,docling_rapidocr,qwen,4,2,0,2,4,0.0,0.0,0.0,2,0.0,0.0,0.8569206987745372,0.951780185758514,98.962526873,0
gestion_2013-08-22_32,4,none,,adaptive_mean,docling_easyocr,qwen,4,2,0,2,4,0.0,0.0,0.0,2,10.507075471698114,6.444444444444445,0.8415204678362573,0.9652210884353742,81.864735793,0
gestion_2013-08-22_32,4,none,,adaptive_mean,docling_rapidocr,qwen,4,3,0,3,4,0.0,0.0,0.0,3,6.465296495956873,4.782407407407407,0.8773310073958193,0.9535250942482256,96.461308907,0
gestion_2013-08-22_32,4,none,,basic,docling_easyocr,qwen,4,2,0,2,4,0.0,0.0,0.0,2,0.03773584905660377,0.05555555555555555,0.9516472976496442,0.9813080495356037,86.147083918,0
gestion_2013-08-22_32,4,none,,basic,docling_rapidocr,qwen,4,0,0,0,4,0.0,0.0,0.0,0,,,,,97.866758506,7
gestion_2013-08-22_32,4,none,,niblack,docling_easyocr,qwen,4,0,0,0,4,0.0,0.0,0.0,0,,,,,33.829763944,1
gestion_2013-08-22_32,4,none,,niblack,docling_rapidocr,qwen,4,0,0,0,4,0.0,0.0,0.0,0,,,,,87.200775201,1
gestion_2013-08-22_32,4,none,,none_color,docling_easyocr,qwen,4,3,0,3,4,0.0,0.0,0.0,3,0.5416666666666666,0.5,1.0517487987484635,1.2593993737846014,67.338488593,0
gestion_2013-08-22_32,4,none,,none_color,docling_rapidocr,qwen,4,4,1,3,3,0.25,0.25,0.25,4,0.6875,0.625,0.6624840367412682,0.7705383570432222,98.57778336,0
gestion_2013-08-22_32,4,none,,none_grayscale,docling_easyocr,qwen,4,5,0,5,4,0.0,0.0,0.0,4,0.3375,0.375,0.9652026933904703,1.129151326522512,68.138776938,0
gestion_2013-08-22_32,4,none,,none_grayscale,docling_rapidocr,qwen,4,5,3,2,1,0.6,0.75,0.666667,4,0.0,0.0,0.28077289083793344,0.3390234433854514,97.822726886,0
gestion_2013-08-22_32,4,none,,otsu,docling_easyocr,qwen,4,0,0,0,4,0.0,0.0,0.0,0,,,,,66.399883979,2
gestion_2013-08-22_32,4,none,,otsu,docling_rapidocr,qwen,4,4,2,2,2,0.5,0.5,0.5,4,0.18867924528301888,0.2222222222222222,1.2743351701933523,1.3510879452995774,97.26662659,0
gestion_2013-08-22_32,5,none,,adaptive_gaussian,docling_easyocr,qwen,4,2,0,2,4,0.0,0.0,0.0,1,0.17857142857142858,0.125,1.0,1.0,79.173596457,0
gestion_2013-08-22_32,5,none,,adaptive_gaussian,docling_rapidocr,qwen,4,2,0,2,4,0.0,0.0,0.0,2,0.009433962264150943,0.05555555555555555,0.8279463254739822,0.9616615067079464,94.966155604,0
gestion_2013-08-22_32,5,none,,adaptive_mean,docling_easyocr,qwen,4,2,0,2,4,0.0,0.0,0.0,2,10.69811320754717,7.388888888888889,0.8484892787524366,0.9508503401360544,57.618727469,0
gestion_2013-08-22_32,5,none,,adaptive_mean,docling_rapidocr,qwen,4,4,0,4,4,0.0,0.0,0.0,4,4.185074123989219,4.059027777777778,0.8576864574494686,0.9591358405710463,91.251488471,0
gestion_2013-08-22_32,5,none,,basic,docling_easyocr,qwen,4,1,0,1,4,0.0,0.0,0.0,1,0.0,0.0,0.9904458598726115,1.0,38.502135747,0
gestion_2013-08-22_32,5,none,,basic,docling_rapidocr,qwen,4,1,0,1,4,0.0,0.0,0.0,1,0.0,0.0,0.9830148619957537,1.0,89.354457372,0
gestion_2013-08-22_32,5,none,,niblack,docling_easyocr,qwen,4,0,0,0,4,0.0,0.0,0.0,0,,,,,33.889037736,1
gestion_2013-08-22_32,5,none,,niblack,docling_rapidocr,qwen,4,0,0,0,4,0.0,0.0,0.0,0,,,,,88.249937184,1
gestion_2013-08-22_32,5,none,,none_color,docling_easyocr,qwen,4,4,0,4,4,0.0,0.0,0.0,4,0.7412735849056604,0.7361111111111112,0.8105091701233489,0.9607453507718877,66.523202889,0
gestion_2013-08-22_32,5,none,,none_color,docling_rapidocr,qwen,4,5,3,2,1,0.6,0.75,0.666667,4,0.0,0.0,0.4753181969856717,0.5241850080113017,99.079450839,0
gestion_2013-08-22_32,5,none,,none_grayscale,docling_easyocr,qwen,4,4,0,4,4,0.0,0.0,0.0,4,0.7412735849056604,0.7361111111111112,0.8105091701233489,0.9607453507718877,67.986021916,0
gestion_2013-08-22_32,5,none,,none_grayscale,docling_rapidocr,qwen,4,5,3,2,1,0.6,0.75,0.666667,4,0.0,0.0,0.4753181969856717,0.5241850080113017,99.536595265,0
gestion_2013-08-22_32,5,none,,otsu,docling_easyocr,qwen,4,2,0,2,4,0.0,0.0,0.0,2,0.44845013477088946,0.5555555555555556,0.9610105412150334,0.988093395252838,70.601193255,0
gestion_2013-08-22_32,5,none,,otsu,docling_rapidocr,qwen,4,5,2,3,2,0.4,0.5,0.444444,4,0.6746462264150943,0.75,0.367152731729916,0.5303445568510805,97.881274527,0
gestion_2013-08-22_32,6,none,,adaptive_gaussian,docling_easyocr,qwen,4,2,0,2,4,0.0,0.0,0.0,2,0.22136118598382748,0.22916666666666666,1.0,1.0,176.020944091,0
gestion_2013-08-22_32,6,none,,adaptive_gaussian,docling_rapidocr,qwen,4,0,0,0,4,0.0,0.0,0.0,0,,,,,95.849555226,3
gestion_2013-08-22_32,6,none,,adaptive_mean,docling_easyocr,qwen,4,2,0,2,4,0.0,0.0,0.0,2,0.31570080862533695,0.3402777777777778,1.0,1.0,170.016417113,0
gestion_2013-08-22_32,6,none,,adaptive_mean,docling_rapidocr,qwen,4,3,0,3,4,0.0,0.0,0.0,3,0.3693845462713387,0.41203703703703703,0.8114128207993444,0.9621766250359793,96.021160928,0
gestion_2013-08-22_32,6,none,,basic,docling_easyocr,qwen,4,2,0,2,4,0.0,0.0,0.0,2,0.03773584905660377,0.05555555555555555,0.9927598986851418,0.9958333333333333,178.841578778,0
gestion_2013-08-22_32,6,none,,basic,docling_rapidocr,qwen,4,7,2,5,2,0.285714,0.5,0.363636,4,0.23113207547169812,0.25,0.5549775753933462,0.7640966305550561,98.769223985,0
gestion_2013-08-22_32,6,none,,niblack,docling_easyocr,qwen,4,0,0,0,4,0.0,0.0,0.0,0,,,,,144.871586347,1
gestion_2013-08-22_32,6,none,,niblack,docling_rapidocr,qwen,4,0,0,0,4,0.0,0.0,0.0,0,,,,,84.484721208,1
gestion_2013-08-22_32,6,none,,none_color,docling_easyocr,qwen,4,7,2,5,2,0.285714,0.5,0.363636,4,0.5938679245283018,0.7777777777777778,0.5078735912541802,0.6073441623613008,66.424380452,0
gestion_2013-08-22_32,6,none,,none_color,docling_rapidocr,qwen,4,2,2,0,2,1.0,0.5,0.666667,2,0.0,0.0,0.48350374343502067,0.5932791537667699,98.974767358,0
gestion_2013-08-22_32,6,none,,none_grayscale,docling_easyocr,qwen,4,0,0,0,4,0.0,0.0,0.0,0,,,,,66.009046849,6
gestion_2013-08-22_32,6,none,,none_grayscale,docling_rapidocr,qwen,4,2,1,1,3,0.5,0.25,0.333333,2,0.0,0.0,0.5854192274742057,0.7089009287925696,97.81612378,0
gestion_2013-08-22_32,6,none,,otsu,docling_easyocr,qwen,4,0,0,0,4,0.0,0.0,0.0,0,,,,,167.587320218,3
gestion_2013-08-22_32,6,none,,otsu,docling_rapidocr,qwen,4,2,2,0,2,1.0,0.5,0.666667,2,0.0,0.0,0.47169143665958957,0.5829205366357069,97.635834584,0
gestion_2013-08-22_32,7,none,,adaptive_gaussian,docling_easyocr,qwen,4,2,0,2,4,0.0,0.0,0.0,2,0.24022911051212936,0.4513888888888889,1.0,1.0,179.380357724,0
gestion_2013-08-22_32,7,none,,adaptive_gaussian,docling_rapidocr,qwen,4,2,0,2,4,0.0,0.0,0.0,2,0.0,0.0,0.8715405818154729,0.9476135190918473,95.463732463,0
gestion_2013-08-22_32,7,none,,adaptive_mean,docling_easyocr,qwen,4,2,0,2,4,0.0,0.0,0.0,2,0.24022911051212936,0.4513888888888889,1.0,1.0,177.379281306,0
gestion_2013-08-22_32,7,none,,adaptive_mean,docling_rapidocr,qwen,4,2,0,2,4,0.0,0.0,0.0,2,0.16037735849056603,0.2222222222222222,0.8379055387939063,0.9709494324045408,97.674572968,0
gestion_2013-08-22_32,7,none,,basic,docling_easyocr,qwen,4,0,0,0,4,0.0,0.0,0.0,0,,,,,157.002259082,3
gestion_2013-08-22_32,7,none,,basic,docling_rapidocr,qwen,4,6,2,4,2,0.333333,0.5,0.4,4,0.23113207547169812,0.25,0.3346548322106231,0.40761206304384107,99.162295169,0
gestion_2013-08-22_32,7,none,,niblack,docling_easyocr,qwen,4,0,0,0,4,0.0,0.0,0.0,0,,,,,147.087069711,1
gestion_2013-08-22_32,7,none,,niblack,docling_rapidocr,qwen,4,0,0,0,4,0.0,0.0,0.0,0,,,,,87.619008263,1
gestion_2013-08-22_32,7,none,,none_color,docling_easyocr,qwen,4,0,0,0,4,0.0,0.0,0.0,0,,,,,157.281207005,5
gestion_2013-08-22_32,7,none,,none_color,docling_rapidocr,qwen,4,2,2,0,2,1.0,0.5,0.666667,2,0.0,0.0,0.5193317689127277,0.6350748194014448,93.961783568,0
gestion_2013-08-22_32,7,none,,none_grayscale,docling_easyocr,qwen,4,0,0,0,4,0.0,0.0,0.0,0,,,,,157.087554282,1
gestion_2013-08-22_32,7,none,,none_grayscale,docling_rapidocr,qwen,4,2,2,0,2,1.0,0.5,0.666667,2,0.0,0.0,0.4885462062800313,0.6025670794633643,98.383783406,0
gestion_2013-08-22_32,7,none,,otsu,docling_easyocr,qwen,4,0,0,0,4,0.0,0.0,0.0,0,,,,,168.711526294,5
gestion_2013-08-22_32,7,none,,otsu,docling_rapidocr,qwen,4,2,1,1,3,0.5,0.25,0.333333,2,0.4732142857142857,0.5,0.6318629642045666,0.7568885448916409,98.345679898,0
gestion_2013-08-22_32,8,none,,adaptive_gaussian,docling_easyocr,qwen,4,2,0,2,4,0.0,0.0,0.0,2,0.22136118598382748,0.22916666666666666,1.0,1.0,176.853616432,0
gestion_2013-08-22_32,8,none,,adaptive_gaussian,docling_rapidocr,qwen,4,2,0,2,4,0.0,0.0,0.0,2,0.0,0.0,0.8372490408611764,0.978328173374613,20.199214414,0
gestion_2013-08-22_32,8,none,,adaptive_mean,docling_easyocr,qwen,4,2,0,2,4,0.0,0.0,0.0,2,9.319575471698114,6.472222222222222,0.8559454191033138,0.9508503401360544,161.144745493,0
gestion_2013-08-22_32,8,none,,adaptive_mean,docling_rapidocr,qwen,4,2,0,2,4,0.0,0.0,0.0,2,4.75,4.5,0.7990249897476627,0.9306263396046678,18.277037763,0
gestion_2013-08-22_32,8,none,,basic,docling_easyocr,qwen,4,2,0,2,4,0.0,0.0,0.0,2,0.0,0.0,0.9752393191045554,0.9938080495356036,151.973972433,0
gestion_2013-08-22_32,8,none,,basic,docling_rapidocr,qwen,4,1,0,1,4,0.0,0.0,0.0,1,0.0,0.0,0.97953216374269,1.0,10.325492017,0
gestion_2013-08-22_32,8,none,,niblack,docling_easyocr,qwen,4,0,0,0,4,0.0,0.0,0.0,0,,,,,147.267632471,1
gestion_2013-08-22_32,8,none,,niblack,docling_rapidocr,qwen,4,0,0,0,4,0.0,0.0,0.0,0,,,,,10.57121657,1
gestion_2013-08-22_32,8,none,,none_color,docling_easyocr,qwen,4,5,1,4,3,0.2,0.25,0.222222,4,2.512617924528302,2.0277777777777777,0.7109355771175663,0.7871846916904414,171.380667249,0
gestion_2013-08-22_32,8,none,,none_color,docling_rapidocr,qwen,4,5,3,2,1,0.6,0.75,0.666667,4,0.0,0.0,0.3179202480784817,0.3742107571773649,17.276477615,0
gestion_2013-08-22_32,8,none,,none_grayscale,docling_easyocr,qwen,4,5,1,4,3,0.2,0.25,0.222222,4,2.512617924528302,2.0277777777777777,0.7090837252657145,0.7820826508741149,156.001575748,0
gestion_2013-08-22_32,8,none,,none_grayscale,docling_rapidocr,qwen,4,5,3,2,1,0.6,0.75,0.666667,4,0.0,0.0,0.3179202480784817,0.3742107571773649,17.909926931,0
gestion_2013-08-22_32,8,none,,otsu,docling_easyocr,qwen,4,3,0,3,4,0.0,0.0,0.0,3,0.2918238993710692,0.3703703703703704,0.7772377257233168,0.9365616151993862,169.026692575,0
gestion_2013-08-22_32,8,none,,otsu,docling_rapidocr,qwen,4,5,3,2,1,0.6,0.75,0.666667,4,0.0,0.0,0.3892267143685327,0.4530896164133669,18.193462557,0
gestion_2013-08-22_32,9,none,,adaptive_gaussian,docling_easyocr,qwen,4,2,0,2,4,0.0,0.0,0.0,2,0.22136118598382748,0.22916666666666666,0.9962146608559616,1.0,164.208632778,0
gestion_2013-08-22_32,9,none,,adaptive_gaussian,docling_rapidocr,qwen,4,0,0,0,4,0.0,0.0,0.0,0,,,,,19.610761713,1
gestion_2013-08-22_32,9,none,,adaptive_mean,docling_easyocr,qwen,4,3,0,3,4,0.0,0.0,0.0,2,0.22136118598382748,0.3958333333333333,1.0,1.0,168.505965418,0
gestion_2013-08-22_32,9,none,,adaptive_mean,docling_rapidocr,qwen,4,2,0,2,4,0.0,0.0,0.0,2,0.0,0.0,0.9434806496070325,0.975593395252838,20.021655744,0
gestion_2013-08-22_32,9,none,,basic,docling_easyocr,qwen,4,0,0,0,4,0.0,0.0,0.0,0,,,,,150.952009117,1
gestion_2013-08-22_32,9,none,,basic,docling_rapidocr,qwen,4,0,0,0,4,0.0,0.0,0.0,0,,,,,16.780421411,5
gestion_2013-08-22_32,9,none,,niblack,docling_easyocr,qwen,4,0,0,0,4,0.0,0.0,0.0,0,,,,,147.343062523,1
gestion_2013-08-22_32,9,none,,niblack,docling_rapidocr,qwen,4,0,0,0,4,0.0,0.0,0.0,0,,,,,10.708048227,1
gestion_2013-08-22_32,9,none,,none_color,docling_easyocr,qwen,4,2,0,2,4,0.0,0.0,0.0,2,0.0,0.0,0.9604890676798152,0.9849974200206398,178.19855977,0
gestion_2013-08-22_32,9,none,,none_color,docling_rapidocr,qwen,4,3,1,2,3,0.333333,0.25,0.285714,3,0.5333333333333333,0.6666666666666666,0.9796344290804341,1.0562561191818158,22.043313989,0
gestion_2013-08-22_32,9,none,,none_grayscale,docling_easyocr,qwen,4,2,0,2,4,0.0,0.0,0.0,2,0.0,0.0,0.90700543822401,0.9694014447884417,178.074977791,0
gestion_2013-08-22_32,9,none,,none_grayscale,docling_rapidocr,qwen,4,6,3,3,1,0.5,0.75,0.6,4,0.0,0.0,0.5091001746168309,0.6282423191948845,21.362083112,0
gestion_2013-08-22_32,9,none,,otsu,docling_easyocr,qwen,4,2,0,2,4,0.0,0.0,0.0,2,0.03773584905660377,0.05555555555555555,0.9918286959436808,0.9984520123839009,177.112174022,0
gestion_2013-08-22_32,9,none,,otsu,docling_rapidocr,qwen,4,0,0,0,4,0.0,0.0,0.0,0,,,,,20.191203106,6
gestion_2013-08-22_32,10,none,,adaptive_gaussian,docling_easyocr,qwen,4,2,0,2,4,0.0,0.0,0.0,2,0.1553234501347709,0.1736111111111111,0.9842719856967259,0.9953560371517027,172.507539446,0
gestion_2013-08-22_32,10,none,,adaptive_gaussian,docling_rapidocr,qwen,4,2,0,2,4,0.0,0.0,0.0,2,0.08928571428571429,0.0625,0.9779444630684992,1.0,17.575132543,0
gestion_2013-08-22_32,10,none,,adaptive_mean,docling_easyocr,qwen,4,2,0,2,4,0.0,0.0,0.0,2,0.2024932614555256,0.3958333333333333,0.9992038216560509,1.0,165.44280479,0
gestion_2013-08-22_32,10,none,,adaptive_mean,docling_rapidocr,qwen,4,2,0,2,4,0.0,0.0,0.0,2,0.375,0.5,0.9859341825902335,0.9953560371517027,18.755538679,0
gestion_2013-08-22_32,10,none,,basic,docling_easyocr,qwen,4,0,0,0,4,0.0,0.0,0.0,0,,,,,180.693043489,1
gestion_2013-08-22_32,10,none,,basic,docling_rapidocr,qwen,4,3,1,2,3,0.333333,0.25,0.285714,3,0.75,0.3333333333333333,1.3112758305293786,1.5022949530689467,21.29539587,0
gestion_2013-08-22_32,10,none,,niblack,docling_easyocr,qwen,4,0,0,0,4,0.0,0.0,0.0,0,,,,,148.027312576,1
gestion_2013-08-22_32,10,none,,niblack,docling_rapidocr,qwen,4,0,0,0,4,0.0,0.0,0.0,0,,,,,8.830951749,1
gestion_2013-08-22_32,10,none,,none_color,docling_easyocr,qwen,4,2,0,2,4,0.0,0.0,0.0,2,0.04716981132075472,0.1111111111111111,1.0,1.0,181.908291929,0
gestion_2013-08-22_32,10,none,,none_color,docling_rapidocr,qwen,4,2,1,1,3,0.5,0.25,0.333333,2,0.0,0.0,0.6253585130554624,0.7223555211558308,20.543887727,0
gestion_2013-08-22_32,10,none,,none_grayscale,docling_easyocr,qwen,4,2,0,2,4,0.0,0.0,0.0,2,0.03773584905660377,0.05555555555555555,1.0,1.0,181.832383175,0
gestion_2013-08-22_32,10,none,,none_grayscale,docling_rapidocr,qwen,4,2,1,1,3,0.5,0.25,0.333333,2,0.0,0.0,0.6297398219540358,0.7460526315789473,20.450935383,0
gestion_2013-08-22_32,10,none,,otsu,docling_easyocr,qwen,4,0,0,0,4,0.0,0.0,0.0,0,,,,,179.314308258,1
gestion_2013-08-22_32,10,none,,otsu,docling_rapidocr,qwen,4,2,2,0,2,1.0,0.5,0.666667,2,0.0,0.0,0.5532554847841472,0.6712719298245614,20.219255062,0
gestion_2013-08-22_32,11,none,,adaptive_gaussian,docling_easyocr,qwen,4,1,0,1,4,0.0,0.0,0.0,1,0.10714285714285714,0.125,0.9729299363057324,0.9938080495356038,164.846602085,0
gestion_2013-08-22_32,11,none,,adaptive_gaussian,docling_rapidocr,qwen,4,0,0,0,4,0.0,0.0,0.0,0,,,,,16.673973921,1
gestion_2013-08-22_32,11,none,,adaptive_mean,docling_easyocr,qwen,4,2,0,2,4,0.0,0.0,0.0,2,0.16475741239892183,0.1736111111111111,1.0,1.0,177.309044265,0
gestion_2013-08-22_32,11,none,,adaptive_mean,docling_rapidocr,qwen,4,1,0,1,4,0.0,0.0,0.0,1,0.0,0.0,0.9181286549707602,1.0,16.077913189,0
gestion_2013-08-22_32,11,none,,basic,docling_easyocr,qwen,4,3,0,3,4,0.0,0.0,0.0,3,0.85,0.8333333333333334,0.8254590192017193,0.9537508930697784,153.624411218,0
gestion_2013-08-22_32,11,none,,basic,docling_rapidocr,qwen,4,2,0,2,4,0.0,0.0,0.0,2,0.8,1.0,0.9464276444541344,1.0,9.747436874,0
gestion_2013-08-22_32,11,none,,niblack,docling_easyocr,qwen,4,0,0,0,4,0.0,0.0,0.0,0,,,,,150.601461656,1
gestion_2013-08-22_32,11,none,,niblack,docling_rapidocr,qwen,4,0,0,0,4,0.0,0.0,0.0,0,,,,,8.421400554,1
gestion_2013-08-22_32,11,none,,none_color,docling_easyocr,qwen,4,1,0,1,4,0.0,0.0,0.0,1,0.0,0.0,0.9278131634819533,0.9690402476780186,163.608406418,0
gestion_2013-08-22_32,11,none,,none_color,docling_rapidocr,qwen,4,3,1,2,3,0.333333,0.25,0.285714,3,0.5333333333333333,0.6666666666666666,0.5308523329808575,0.6707906644439152,20.245415323,0
gestion_2013-08-22_32,11,none,,none_grayscale,docling_easyocr,qwen,4,1,0,1,4,0.0,0.0,0.0,1,0.0,0.0,0.9278131634819533,0.9690402476780186,178.440338651,0
gestion_2013-08-22_32,11,none,,none_grayscale,docling_rapidocr,qwen,4,3,1,2,3,0.333333,0.25,0.285714,3,0.5333333333333333,0.6666666666666666,0.5347509684584404,0.7069017755550263,17.181145469,0
gestion_2013-08-22_32,11,none,,otsu,docling_easyocr,qwen,4,1,0,1,4,0.0,0.0,0.0,1,0.07547169811320754,0.1111111111111111,0.9926900584795322,1.0,182.722397035,0
gestion_2013-08-22_32,11,none,,otsu,docling_rapidocr,qwen,4,0,0,0,4,0.0,0.0,0.0,0,,,,,16.249868816,5
gestion_2013-08-22_32,12,none,,adaptive_gaussian,docling_easyocr,qwen,4,2,0,2,4,0.0,0.0,0.0,2,0.12702156334231807,0.11805555555555555,0.9994692144373674,1.0,228.213461294,0
gestion_2013-08-22_32,12,none,,adaptive_gaussian,docling_rapidocr,qwen,4,1,0,1,4,0.0,0.0,0.0,1,0.0,0.0,0.8789808917197452,0.978328173374613,59.058332338,0
gestion_2013-08-22_32,12,none,,adaptive_mean,docling_easyocr,qwen,4,0,0,0,4,0.0,0.0,0.0,0,,,,,222.710124336,1
gestion_2013-08-22_32,12,none,,adaptive_mean,docling_rapidocr,qwen,4,1,0,1,4,0.0,0.0,0.0,1,0.0,0.0,0.971868365180467,0.9907120743034056,61.946266018,0
gestion_2013-08-22_32,12,none,,basic,docling_easyocr,qwen,4,0,0,0,4,0.0,0.0,0.0,0,,,,,213.217635206,5
gestion_2013-08-22_32,12,none,,basic,docling_rapidocr,qwen,4,5,2,3,2,0.4,0.5,0.444444,4,0.4375,0.375,0.6962842517542357,0.8529121972675711,58.871347717,0
gestion_2013-08-22_32,12,none,,niblack,docling_easyocr,qwen,4,0,0,0,4,0.0,0.0,0.0,0,,,,,191.699963039,1
gestion_2013-08-22_32,12,none,,niblack,docling_rapidocr,qwen,4,0,0,0,4,0.0,0.0,0.0,0,,,,,51.920597261,1
gestion_2013-08-22_32,12,none,,none_color,docling_easyocr,qwen,4,1,1,0,3,1.0,0.25,0.4,1,0.0,0.0,0.826963906581741,0.9876160990712074,211.684165861,0
gestion_2013-08-22_32,12,none,,none_color,docling_rapidocr,qwen,4,2,1,1,3,0.5,0.25,0.333333,2,0.0,0.0,0.5749338846053562,0.6257868937048504,58.394234087,0
gestion_2013-08-22_32,12,none,,none_grayscale,docling_easyocr,qwen,4,1,0,1,4,0.0,0.0,0.0,1,0.0,0.0,0.9219745222929936,0.9535603715170279,213.215333036,0
gestion_2013-08-22_32,12,none,,none_grayscale,docling_rapidocr,qwen,4,6,3,3,1,0.5,0.75,0.6,4,0.0,0.0,0.3327474789298493,0.37800345846840766,58.897535375,0
gestion_2013-08-22_32,12,none,,otsu,docling_easyocr,qwen,4,0,0,0,4,0.0,0.0,0.0,0,,,,,213.804561262,5
gestion_2013-08-22_32,12,none,,otsu,docling_rapidocr,qwen,4,0,0,0,4,0.0,0.0,0.0,0,,,,,61.576840763,5
gestion_2013-08-22_32,13,none,,adaptive_gaussian,docling_easyocr,qwen,4,2,0,2,4,0.0,0.0,0.0,1,0.17857142857142858,0.125,0.9973460721868365,1.0,211.449784376,0
gestion_2013-08-22_32,13,none,,adaptive_gaussian,docling_rapidocr,qwen,4,2,0,2,4,0.0,0.0,0.0,2,0.06300539083557952,0.1736111111111111,0.9830800461876559,0.9938080495356036,53.764033414,0
gestion_2013-08-22_32,13,none,,adaptive_mean,docling_easyocr,qwen,4,1,0,1,4,0.0,0.0,0.0,1,0.17857142857142858,0.125,0.9830148619957537,0.9969040247678018,201.700429247,0
gestion_2013-08-22_32,13,none,,adaptive_mean,docling_rapidocr,qwen,4,2,0,2,4,0.0,0.0,0.0,2,0.044642857142857144,0.0625,0.9489887138227735,0.977141382868937,55.583462999,0
gestion_2013-08-22_32,13,none,,basic,docling_easyocr,qwen,4,0,0,0,4,0.0,0.0,0.0,0,,,,,212.821408214,4
gestion_2013-08-22_32,13,none,,basic,docling_rapidocr,qwen,4,5,3,2,1,0.6,0.75,0.666667,4,0.0,0.0,0.3855982957881799,0.4685933077684515,62.102261009,0
gestion_2013-08-22_32,13,none,,niblack,docling_easyocr,qwen,4,0,0,0,4,0.0,0.0,0.0,0,,,,,178.867839319,1
gestion_2013-08-22_32,13,none,,niblack,docling_rapidocr,qwen,4,0,0,0,4,0.0,0.0,0.0,0,,,,,52.024832946,1
gestion_2013-08-22_32,13,none,,none_color,docling_easyocr,qwen,4,0,0,0,4,0.0,0.0,0.0,0,,,,,199.444385637,7
gestion_2013-08-22_32,13,none,,none_color,docling_rapidocr,qwen,4,6,3,3,1,0.5,0.75,0.6,4,0.0,0.0,0.5523149370019717,0.623714050397487,61.7861632,0
gestion_2013-08-22_32,13,none,,none_grayscale,docling_easyocr,qwen,4,0,0,0,4,0.0,0.0,0.0,0,,,,,213.361020269,4
gestion_2013-08-22_32,13,none,,none_grayscale,docling_rapidocr,qwen,4,4,1,3,3,0.25,0.25,0.25,4,0.70625,0.5,0.7008728469901995,0.8453781006329658,62.890980663,0
gestion_2013-08-22_32,13,none,,otsu,docling_easyocr,qwen,4,8,0,8,4,0.0,0.0,0.0,4,0.6563679245283018,0.6527777777777778,0.7525727374831856,0.8728272280572147,211.820245115,0
gestion_2013-08-22_32,13,none,,otsu,docling_rapidocr,qwen,4,5,3,2,1,0.6,0.75,0.666667,4,0.0,0.0,0.3380870026591871,0.4250549713812651,62.935483543,0
gestion_2013-08-22_32,14,none,,adaptive_gaussian,docling_easyocr,qwen,4,2,0,2,4,0.0,0.0,0.0,1,0.17857142857142858,0.125,0.9729299363057324,0.9907120743034056,136.439397062,0
gestion_2013-08-22_32,14,none,,adaptive_gaussian,docling_rapidocr,qwen,4,3,0,3,4,0.0,0.0,0.0,3,0.5833333333333334,0.6666666666666666,0.8499032925335491,0.9682716811420925,61.366949285,0
gestion_2013-08-22_32,14,none,,adaptive_mean,docling_easyocr,qwen,4,2,0,2,4,0.0,0.0,0.0,2,0.17419137466307277,0.1736111111111111,0.939481133832458,0.9870227038183694,126.560712251,0
gestion_2013-08-22_32,14,none,,adaptive_mean,docling_rapidocr,qwen,4,2,0,2,4,0.0,0.0,0.0,2,0.0,0.0,0.9510513278951094,0.9942853457172343,61.891171369,0
gestion_2013-08-22_32,14,none,,basic,docling_easyocr,qwen,4,1,0,1,4,0.0,0.0,0.0,1,1.0,1.0,0.7333333333333333,0.9183673469387755,124.904871109,0
gestion_2013-08-22_32,14,none,,basic,docling_rapidocr,qwen,4,0,0,0,4,0.0,0.0,0.0,0,,,,,62.623851421,5
gestion_2013-08-22_32,14,none,,niblack,docling_easyocr,qwen,4,0,0,0,4,0.0,0.0,0.0,0,,,,,100.931225835,1
gestion_2013-08-22_32,14,none,,niblack,docling_rapidocr,qwen,4,0,0,0,4,0.0,0.0,0.0,0,,,,,52.293318569,1
gestion_2013-08-22_32,14,none,,none_color,docling_easyocr,qwen,4,5,2,3,2,0.4,0.5,0.444444,4,0.58125,0.375,0.5770857328690039,0.6729171729420513,198.323881126,0
gestion_2013-08-22_32,14,none,,none_color,docling_rapidocr,qwen,4,2,2,0,2,1.0,0.5,0.666667,2,0.0,0.0,0.4662578686631654,0.5664860681114552,61.943675733,0
gestion_2013-08-22_32,14,none,,none_grayscale,docling_easyocr,qwen,4,5,2,3,2,0.4,0.5,0.444444,4,0.58125,0.375,0.5770857328690039,0.6729171729420513,211.813541628,0
gestion_2013-08-22_32,14,none,,none_grayscale,docling_rapidocr,qwen,4,2,2,0,2,1.0,0.5,0.666667,2,0.0,0.0,0.4662578686631654,0.5664860681114552,63.32388208,0
gestion_2013-08-22_32,14,none,,otsu,docling_easyocr,qwen,4,0,0,0,4,0.0,0.0,0.0,0,,,,,118.020093086,1
gestion_2013-08-22_32,14,none,,otsu,docling_rapidocr,qwen,4,0,0,0,4,0.0,0.0,0.0,0,,,,,61.623818519,6
gestion_2013-08-22_32,15,none,,adaptive_gaussian,docling_easyocr,qwen,4,0,0,0,4,0.0,0.0,0.0,0,,,,,63.208118833,1
gestion_2013-08-22_32,15,none,,adaptive_gaussian,docling_rapidocr,qwen,4,0,0,0,4,0.0,0.0,0.0,0,,,,,9.966065563,1
gestion_2013-08-22_32,15,none,,adaptive_mean,docling_easyocr,qwen,4,0,0,0,4,0.0,0.0,0.0,0,,,,,62.826046167,1
gestion_2013-08-22_32,15,none,,adaptive_mean,docling_rapidocr,qwen,4,0,0,0,4,0.0,0.0,0.0,0,,,,,10.049737154,1
gestion_2013-08-22_32,15,none,,basic,docling_easyocr,qwen,4,1,0,1,4,0.0,0.0,0.0,1,1.1785714285714286,0.875,0.6640127388535032,0.8854489164086687,82.573246626,0
gestion_2013-08-22_32,15,none,,basic,docling_rapidocr,qwen,4,5,0,5,4,0.0,0.0,0.0,4,1.5463106469002694,1.6944444444444444,1.0617274299602726,1.242827363739018,21.950220255,0
gestion_2013-08-22_32,15,none,,niblack,docling_easyocr,qwen,4,0,0,0,4,0.0,0.0,0.0,0,,,,,57.629739565,1
gestion_2013-08-22_32,15,none,,niblack,docling_rapidocr,qwen,4,0,0,0,4,0.0,0.0,0.0,0,,,,,10.04327063,1
gestion_2013-08-22_32,15,none,,none_color,docling_easyocr,qwen,4,1,0,1,4,0.0,0.0,0.0,1,0.5357142857142857,0.625,0.7813163481953291,0.9071207430340558,80.295315982,0
gestion_2013-08-22_32,15,none,,none_color,docling_rapidocr,qwen,4,1,1,0,3,1.0,0.25,0.4,1,0.0,0.0,1.017515923566879,1.1640866873065014,22.087729456,0
gestion_2013-08-22_32,15,none,,none_grayscale,docling_easyocr,qwen,4,0,0,0,4,0.0,0.0,0.0,0,,,,,80.509225992,1
gestion_2013-08-22_32,15,none,,none_grayscale,docling_rapidocr,qwen,4,0,0,0,4,0.0,0.0,0.0,0,,,,,22.385188249,1
gestion_2013-08-22_32,15,none,,otsu,docling_easyocr,qwen,4,0,0,0,4,0.0,0.0,0.0,0,,,,,75.59930871,1
gestion_2013-08-22_32,15,none,,otsu,docling_rapidocr,qwen,4,5,2,3,2,0.4,0.5,0.444444,4,0.7074123989218328,0.875,0.7009766795110413,0.938946884421785,21.607874374,0
gestion_2013-08-22_32,16,none,,adaptive_gaussian,docling_easyocr,qwen,4,0,0,0,4,0.0,0.0,0.0,0,,,,,59.023213266,1
gestion_2013-08-22_32,16,none,,adaptive_gaussian,docling_rapidocr,qwen,4,0,0,0,4,0.0,0.0,0.0,0,,,,,9.330925821,1
gestion_2013-08-22_32,16,none,,adaptive_mean,docling_easyocr,qwen,4,0,0,0,4,0.0,0.0,0.0,0,,,,,59.222951955,1
gestion_2013-08-22_32,16,none,,adaptive_mean,docling_rapidocr,qwen,4,0,0,0,4,0.0,0.0,0.0,0,,,,,10.10622055,1
gestion_2013-08-22_32,16,none,,basic,docling_easyocr,qwen,4,0,0,0,4,0.0,0.0,0.0,0,,,,,86.765386306,1
gestion_2013-08-22_32,16,none,,basic,docling_rapidocr,qwen,4,6,2,4,2,0.333333,0.5,0.4,4,0.6860849056603774,0.8055555555555556,0.4562102055024049,0.582057286477344,21.804618322,0
gestion_2013-08-22_32,16,none,,niblack,docling_easyocr,qwen,4,0,0,0,4,0.0,0.0,0.0,0,,,,,50.549984407,1
gestion_2013-08-22_32,16,none,,niblack,docling_rapidocr,qwen,4,0,0,0,4,0.0,0.0,0.0,0,,,,,8.576457214,1
gestion_2013-08-22_32,16,none,,none_color,docling_easyocr,qwen,4,0,0,0,4,0.0,0.0,0.0,0,,,,,81.06709176,1
gestion_2013-08-22_32,16,none,,none_color,docling_rapidocr,qwen,4,3,1,2,3,0.333333,0.25,0.285714,3,0.8955974842767297,0.8333333333333334,2.1340428475903583,2.4703626524833955,21.918449935,0
gestion_2013-08-22_32,16,none,,none_grayscale,docling_easyocr,qwen,4,3,0,3,4,0.0,0.0,0.0,3,1.1109613656783468,0.7268518518518517,1.0070009891442453,1.1845968211846143,78.117590868,0
gestion_2013-08-22_32,16,none,,none_grayscale,docling_rapidocr,qwen,4,0,0,0,4,0.0,0.0,0.0,0,,,,,21.874455892,2
gestion_2013-08-22_32,16,none,,otsu,docling_easyocr,qwen,4,0,0,0,4,0.0,0.0,0.0,0,,,,,85.908698356,1
gestion_2013-08-22_32,16,none,,otsu,docling_rapidocr,qwen,4,2,2,0,2,1.0,0.5,0.666667,2,0.017857142857142856,0.0625,0.5653285283271874,0.6759158926728586,21.436647212,0
gestion_2013-08-22_32,17,none,,adaptive_gaussian,docling_easyocr,qwen,4,0,0,0,4,0.0,0.0,0.0,0,,,,,60.858722587,1
gestion_2013-08-22_32,17,none,,adaptive_gaussian,docling_rapidocr,qwen,4,0,0,0,4,0.0,0.0,0.0,0,,,,,9.620499988,1
gestion_2013-08-22_32,17,none,,adaptive_mean,docling_easyocr,qwen,4,0,0,0,4,0.0,0.0,0.0,0,,,,,56.497416179,1
gestion_2013-08-22_32,17,none,,adaptive_mean,docling_rapidocr,qwen,4,0,0,0,4,0.0,0.0,0.0,0,,,,,8.345702569,1
gestion_2013-08-22_32,17,none,,basic,docling_easyocr,qwen,4,0,0,0,4,0.0,0.0,0.0,0,,,,,74.334835182,1
gestion_2013-08-22_32,17,none,,basic,docling_rapidocr,qwen,4,0,0,0,4,0.0,0.0,0.0,0,,,,,15.492574821,1
gestion_2013-08-22_32,17,none,,niblack,docling_easyocr,qwen,4,0,0,0,4,0.0,0.0,0.0,0,,,,,50.89418819,1
gestion_2013-08-22_32,17,none,,niblack,docling_rapidocr,qwen,4,0,0,0,4,0.0,0.0,0.0,0,,,,,8.841956163,1
gestion_2013-08-22_32,17,none,,none_color,docling_easyocr,qwen,4,1,1,0,3,1.0,0.25,0.4,1,0.017857142857142856,0.125,0.6650743099787686,0.8390092879256966,82.483515153,0
gestion_2013-08-22_32,17,none,,none_color,docling_rapidocr,qwen,4,1,1,0,3,1.0,0.25,0.4,1,0.07142857142857142,0.25,0.403927813163482,0.6873065015479877,19.918126474,0
gestion_2013-08-22_32,17,none,,none_grayscale,docling_easyocr,qwen,4,1,1,0,3,1.0,0.25,0.4,1,0.017857142857142856,0.125,0.5636942675159236,0.6656346749226006,72.125345048,0
gestion_2013-08-22_32,17,none,,none_grayscale,docling_rapidocr,qwen,4,1,1,0,3,1.0,0.25,0.4,1,0.07142857142857142,0.25,0.403927813163482,0.6873065015479877,19.582746562,0
gestion_2013-08-22_32,17,none,,otsu,docling_easyocr,qwen,4,2,0,2,4,0.0,0.0,0.0,2,0.42351752021563344,0.5625,0.9894820650351994,1.2087848297213624,74.82606455,0
gestion_2013-08-22_32,17,none,,otsu,docling_rapidocr,qwen,4,4,1,3,3,0.25,0.25,0.25,4,0.28982479784366577,0.5034722222222222,1.0368043980030035,1.2015727039803776,16.501259529,0
gestion_2013-08-22_32,18,none,,adaptive_gaussian,docling_easyocr,qwen,4,0,0,0,4,0.0,0.0,0.0,0,,,,,54.663018713,1
gestion_2013-08-22_32,18,none,,adaptive_gaussian,docling_rapidocr,qwen,4,0,0,0,4,0.0,0.0,0.0,0,,,,,12.760079631,1
gestion_2013-08-22_32,18,none,,adaptive_mean,docling_easyocr,qwen,4,0,0,0,4,0.0,0.0,0.0,0,,,,,58.54317637,1
gestion_2013-08-22_32,18,none,,adaptive_mean,docling_rapidocr,qwen,4,0,0,0,4,0.0,0.0,0.0,0,,,,,13.369951444,1
gestion_2013-08-22_32,18,none,,basic,docling_easyocr,qwen,4,0,0,0,4,0.0,0.0,0.0,0,,,,,58.841593908,1
gestion_2013-08-22_32,18,none,,basic,docling_rapidocr,qwen,4,0,0,0,4,0.0,0.0,0.0,0,,,,,11.376562761,1
gestion_2013-08-22_32,18,none,,niblack,docling_easyocr,qwen,4,0,0,0,4,0.0,0.0,0.0,0,,,,,59.673488035,1
gestion_2013-08-22_32,18,none,,otsu,docling_easyocr,qwen,4,0,0,0,4,0.0,0.0,0.0,0,,,,,59.00420165,1
gestion_2013-08-22_32,18,none,,otsu,docling_rapidocr,qwen,4,0,0,0,4,0.0,0.0,0.0,0,,,,,10.89482069,1
gestion_2013-08-22_32,19,none,,adaptive_gaussian,docling_easyocr,qwen,4,0,0,0,4,0.0,0.0,0.0,0,,,,,58.980961133,1
gestion_2013-08-22_32,19,none,,adaptive_gaussian,docling_rapidocr,qwen,4,0,0,0,4,0.0,0.0,0.0,0,,,,,11.904463102,1
gestion_2013-08-22_32,19,none,,adaptive_mean,docling_easyocr,qwen,4,0,0,0,4,0.0,0.0,0.0,0,,,,,58.796871421,1
gestion_2013-08-22_32,19,none,,adaptive_mean,docling_rapidocr,qwen,4,0,0,0,4,0.0,0.0,0.0,0,,,,,12.995674608,1
gestion_2013-08-22_32,19,none,,basic,docling_easyocr,qwen,4,0,0,0,4,0.0,0.0,0.0,0,,,,,59.63056759,1
gestion_2013-08-22_32,19,none,,basic,docling_rapidocr,qwen,4,0,0,0,4,0.0,0.0,0.0,0,,,,,12.227291147,1
gestion_2013-08-22_32,19,none,,niblack,docling_easyocr,qwen,4,0,0,0,4,0.0,0.0,0.0,0,,,,,61.874542575,1
gestion_2013-08-22_32,19,none,,otsu,docling_easyocr,qwen,4,0,0,0,4,0.0,0.0,0.0,0,,,,,52.484291904,1
gestion_2013-08-22_32,19,none,,otsu,docling_rapidocr,qwen,4,0,0,0,4,0.0,0.0,0.0,0,,,,,11.536837451,1
gestion_2013-08-22_32,19,none,,yannihorne,docling_easyocr,qwen,4,0,0,0,4,0.0,0.0,0.0,0,,,,,59.794273489,1
gestion_2013-08-22_32,20,none,,adaptive_gaussian,docling_easyocr,qwen,4,0,0,0,4,0.0,0.0,0.0,0,,,,,59.397486783,1
gestion_2013-08-22_32,20,none,,adaptive_gaussian,docling_rapidocr,qwen,4,0,0,0,4,0.0,0.0,0.0,0,,,,,11.343858815,1
gestion_2013-08-22_32,20,none,,adaptive_mean,docling_easyocr,qwen,4,0,0,0,4,0.0,0.0,0.0,0,,,,,59.358111022,1
gestion_2013-08-22_32,20,none,,adaptive_mean,docling_rapidocr,qwen,4,0,0,0,4,0.0,0.0,0.0,0,,,,,11.994591591,1
gestion_2013-08-22_32,20,none,,basic,docling_easyocr,qwen,4,0,0,0,4,0.0,0.0,0.0,0,,,,,59.420795765,1
gestion_2013-08-22_32,20,none,,basic,docling_rapidocr,qwen,4,0,0,0,4,0.0,0.0,0.0,0,,,,,11.050558892,1
gestion_2013-08-22_32,20,none,,niblack,docling_easyocr,qwen,4,0,0,0,4,0.0,0.0,0.0,0,,,,,61.112203413,1
gestion_2013-08-22_32,20,none,,otsu,docling_easyocr,qwen,4,0,0,0,4,0.0,0.0,0.0,0,,,,,60.123956362,1
gestion_2013-08-22_32,20,none,,otsu,docling_rapidocr,qwen,4,0,0,0,4,0.0,0.0,0.0,0,,,,,10.890272299,1
gestion_2013-08-22_32,21,none,,adaptive_gaussian,docling_easyocr,qwen,4,2,0,2,4,0.0,0.0,0.0,2,0.23079514824797842,0.4513888888888889,1.0,1.0,217.166507075,0
gestion_2013-08-22_32,21,none,,adaptive_gaussian,docling_rapidocr,qwen,4,1,0,1,4,0.0,0.0,0.0,1,0.0,0.0,0.7997076023391813,0.9583333333333334,140.375629256,0
gestion_2013-08-22_32,21,none,,adaptive_mean,docling_easyocr,qwen,4,2,0,2,4,0.0,0.0,0.0,2,0.14942722371967654,0.3402777777777778,0.9509814876894997,0.9828560371517028,212.403654831,0
gestion_2013-08-22_32,21,none,,adaptive_mean,docling_rapidocr,qwen,4,1,0,1,4,0.0,0.0,0.0,1,0.03571428571428571,0.125,0.9676220806794055,0.9907120743034056,142.66837098,0
gestion_2013-08-22_32,21,none,,basic,docling_easyocr,qwen,4,2,0,2,4,0.0,0.0,0.0,2,0.0,0.0,0.962107808445388,0.9938080495356036,204.372488963,0
gestion_2013-08-22_32,21,none,,basic,docling_rapidocr,qwen,4,2,0,2,4,0.0,0.0,0.0,2,0.0,0.0,0.8870311394196745,0.9942853457172343,139.918833243,0
gestion_2013-08-22_32,21,none,,niblack,docling_easyocr,qwen,4,0,0,0,4,0.0,0.0,0.0,0,,,,,185.451997328,1
gestion_2013-08-22_32,21,none,,niblack,docling_rapidocr,qwen,4,0,0,0,4,0.0,0.0,0.0,0,,,,,133.704902936,1
gestion_2013-08-22_32,21,none,,none_color,docling_easyocr,qwen,4,4,0,4,4,0.0,0.0,0.0,3,0.6501572327044025,0.5370370370370371,0.8762454319332184,0.9478665150270634,221.204565989,0
gestion_2013-08-22_32,21,none,,none_color,docling_rapidocr,qwen,4,2,2,0,2,1.0,0.5,0.666667,2,0.0,0.0,0.5509274779304951,0.641860165118679,144.123466002,0
gestion_2013-08-22_32,21,none,,none_grayscale,docling_easyocr,qwen,4,4,0,4,4,0.0,0.0,0.0,3,0.6501572327044025,0.5370370370370371,0.8762454319332184,0.9478665150270634,219.983544741,0
gestion_2013-08-22_32,21,none,,none_grayscale,docling_rapidocr,qwen,4,2,2,0,2,1.0,0.5,0.666667,2,0.0,0.0,0.5509274779304951,0.641860165118679,142.885415469,0
gestion_2013-08-22_32,21,none,,otsu,docling_easyocr,qwen,4,0,0,0,4,0.0,0.0,0.0,0,,,,,209.608579218,1
gestion_2013-08-22_32,21,none,,otsu,docling_rapidocr,qwen,4,6,0,6,4,0.0,0.0,0.0,4,0.2028301886792453,0.25,0.7549013104959619,0.9343292073914587,142.872761071,0
gestion_2013-08-22_32,22,none,,adaptive_gaussian,docling_easyocr,qwen,4,1,0,1,4,0.0,0.0,0.0,1,0.17857142857142858,0.125,1.0,1.0,211.423361477,0
gestion_2013-08-22_32,22,none,,adaptive_gaussian,docling_rapidocr,qwen,4,2,0,2,4,0.0,0.0,0.0,2,0.09871967654986523,0.11805555555555555,1.0,1.0,140.834020075,0
gestion_2013-08-22_32,22,none,,adaptive_mean,docling_easyocr,qwen,4,2,0,2,4,0.0,0.0,0.0,2,0.16475741239892183,0.3958333333333333,0.9976114649681529,0.9984520123839009,214.435823493,0
gestion_2013-08-22_32,22,none,,adaptive_mean,docling_rapidocr,qwen,4,2,0,2,4,0.0,0.0,0.0,2,0.0,0.0,0.9487233210414572,0.977141382868937,143.833480887,0
gestion_2013-08-22_32,22,none,,basic,docling_easyocr,qwen,4,0,0,0,4,0.0,0.0,0.0,0,,,,,217.168458006,1
gestion_2013-08-22_32,22,none,,basic,docling_rapidocr,qwen,4,1,0,1,4,0.0,0.0,0.0,1,0.0,0.0,0.9256900212314225,0.9721362229102167,142.201484225,0
gestion_2013-08-22_32,22,none,,niblack,docling_easyocr,qwen,4,0,0,0,4,0.0,0.0,0.0,0,,,,,183.90645591,1
gestion_2013-08-22_32,22,none,,niblack,docling_rapidocr,qwen,4,0,0,0,4,0.0,0.0,0.0,0,,,,,133.723838961,1
gestion_2013-08-22_32,22,none,,none_color,docling_easyocr,qwen,4,2,0,2,4,0.0,0.0,0.0,2,0.0,0.0,0.8853596304987522,0.9610681114551083,218.841547438,0
gestion_2013-08-22_32,22,none,,none_color,docling_rapidocr,qwen,4,2,2,0,2,1.0,0.5,0.666667,2,0.0,0.0,0.4620069281483965,0.5582688338493292,142.726196476,0
gestion_2013-08-22_32,22,none,,none_grayscale,docling_easyocr,qwen,4,2,0,2,4,0.0,0.0,0.0,2,0.0,0.0,0.8853596304987522,0.9610681114551083,217.803704211,0
gestion_2013-08-22_32,22,none,,none_grayscale,docling_rapidocr,qwen,4,2,2,0,2,1.0,0.5,0.666667,2,0.0,0.0,0.4620069281483965,0.5582688338493292,142.486363837,0
gestion_2013-08-22_32,22,none,,otsu,docling_easyocr,qwen,4,3,0,3,4,0.0,0.0,0.0,3,0.05031446540880503,0.07407407407407407,1.0,1.0,217.563717698,0
gestion_2013-08-22_32,22,none,,otsu,docling_rapidocr,qwen,4,8,0,8,4,0.0,0.0,0.0,4,0.0,0.0,0.8065082647544635,0.8970145041822397,144.260578011,0
gestion_2013-08-22_32,23,none,,adaptive_gaussian,docling_easyocr,qwen,4,2,0,2,4,0.0,0.0,0.0,2,0.22388814016172506,0.3958333333333333,0.9570948336871903,0.9828560371517028,207.744419962,0
gestion_2013-08-22_32,23,none,,adaptive_gaussian,docling_rapidocr,qwen,4,0,0,0,4,0.0,0.0,0.0,0,,,,,145.658605486,1
gestion_2013-08-22_32,23,none,,adaptive_mean,docling_easyocr,qwen,4,2,0,2,4,0.0,0.0,0.0,2,0.16475741239892183,0.22916666666666666,1.0,1.0,218.358547474,0
gestion_2013-08-22_32,23,none,,adaptive_mean,docling_rapidocr,qwen,4,2,0,2,4,0.0,0.0,0.0,2,0.009433962264150943,0.05555555555555555,0.9783402242336201,0.9958333333333333,145.978703047,0
gestion_2013-08-22_32,23,none,,basic,docling_easyocr,qwen,4,2,0,2,4,0.0,0.0,0.0,2,0.07547169811320754,0.1111111111111111,0.9532396543375423,0.977141382868937,195.21095068,0
gestion_2013-08-22_32,23,none,,basic,docling_rapidocr,qwen,4,0,0,0,4,0.0,0.0,0.0,0,,,,,137.597440072,1
gestion_2013-08-22_32,23,none,,niblack,docling_easyocr,qwen,4,0,0,0,4,0.0,0.0,0.0,0,,,,,178.088678488,1
gestion_2013-08-22_32,23,none,,niblack,docling_rapidocr,qwen,4,0,0,0,4,0.0,0.0,0.0,0,,,,,136.059826979,1
gestion_2013-08-22_32,23,none,,none_color,docling_easyocr,qwen,4,2,0,2,4,0.0,0.0,0.0,2,0.03773584905660377,0.05555555555555555,0.922882444965918,0.9724974200206398,218.93875956,0
gestion_2013-08-22_32,23,none,,none_color,docling_rapidocr,qwen,4,4,0,4,4,0.0,0.0,0.0,4,11.70625,9.0,0.9791508570905388,1.0688391955972674,144.267139191,0
gestion_2013-08-22_32,23,none,,none_grayscale,docling_easyocr,qwen,4,2,0,2,4,0.0,0.0,0.0,2,0.03773584905660377,0.05555555555555555,0.922882444965918,0.9724974200206398,211.891372675,0
gestion_2013-08-22_32,23,none,,none_grayscale,docling_rapidocr,qwen,4,4,0,4,4,0.0,0.0,0.0,4,11.70625,9.0,0.9791508570905388,1.0688391955972674,146.752846713,0
gestion_2013-08-22_32,23,none,,otsu,docling_easyocr,qwen,4,3,0,3,4,0.0,0.0,0.0,3,0.06682389937106918,0.20370370370370372,1.0,1.0,217.117536135,0
gestion_2013-08-22_32,23,none,,otsu,docling_rapidocr,qwen,4,2,0,2,4,0.0,0.0,0.0,2,0.0,0.0,0.8389112377546839,0.9616615067079464,146.826777049,0
gestion_2013-08-22_32,24,none,,adaptive_gaussian,docling_easyocr,qwen,4,0,0,0,4,0.0,0.0,0.0,0,,,,,74.982024884,1
gestion_2013-08-22_32,24,none,,adaptive_gaussian,docling_rapidocr,qwen,4,1,0,1,4,0.0,0.0,0.0,1,0.10714285714285714,0.125,0.971868365180467,0.9907120743034056,12.393892264,0
gestion_2013-08-22_32,24,none,,adaptive_mean,docling_easyocr,qwen,4,1,0,1,4,0.0,0.0,0.0,1,0.17857142857142858,0.125,0.9851380042462845,1.0,91.134068269,0
gestion_2013-08-22_32,24,none,,adaptive_mean,docling_rapidocr,qwen,4,1,0,1,4,0.0,0.0,0.0,1,0.0,0.0,0.9723991507430998,0.9907120743034056,12.972901362,0
gestion_2013-08-22_32,24,none,,basic,docling_easyocr,qwen,4,0,0,0,4,0.0,0.0,0.0,0,,,,,81.823770511,1
gestion_2013-08-22_32,24,none,,basic,docling_rapidocr,qwen,4,5,3,2,1,0.6,0.75,0.666667,4,0.0,0.0,0.3864734036202431,0.470169707559137,20.443325984,0
gestion_2013-08-22_32,24,none,,niblack,docling_easyocr,qwen,4,0,0,0,4,0.0,0.0,0.0,0,,,,,54.929927781,1
gestion_2013-08-22_32,24,none,,niblack,docling_rapidocr,qwen,4,0,0,0,4,0.0,0.0,0.0,0,,,,,10.40661259,1
gestion_2013-08-22_32,24,none,,none_color,docling_easyocr,qwen,4,6,2,4,2,0.333333,0.5,0.4,4,0.4252358490566038,0.5555555555555556,0.6466658168208395,0.7761773839090291,80.691244922,0
gestion_2013-08-22_32,24,none,,none_color,docling_rapidocr,qwen,4,2,2,0,2,1.0,0.5,0.666667,2,0.0,0.0,0.44098037024620995,0.5474329205366357,20.842213473,0
gestion_2013-08-22_32,24,none,,none_grayscale,docling_easyocr,qwen,4,4,1,3,3,0.25,0.25,0.25,4,0.7689858490566037,0.6805555555555556,0.6122230499073973,0.7055250541512151,75.395481574,0
gestion_2013-08-22_32,24,none,,none_grayscale,docling_rapidocr,qwen,4,2,2,0,2,1.0,0.5,0.666667,2,0.0,0.0,0.4813200730062949,0.6000644994840041,20.257323491,0
gestion_2013-08-22_32,24,none,,otsu,docling_easyocr,qwen,4,5,1,4,3,0.2,0.25,0.222222,4,0.6349393530997305,0.5590277777777778,0.8776869737471256,1.0148430019781192,82.475123777,0
gestion_2013-08-22_32,24,none,,otsu,docling_rapidocr,qwen,4,5,3,2,1,0.6,0.75,0.666667,4,0.0,0.0,0.3365741962612309,0.41194011005211806,20.213377847,0
gestion_2013-08-22_32,25,none,,adaptive_gaussian,docling_easyocr,qwen,4,2,0,2,4,0.0,0.0,0.0,1,0.17857142857142858,0.125,0.9984076433121019,1.0,74.635719033,0
gestion_2013-08-22_32,25,none,,adaptive_gaussian,docling_rapidocr,qwen,4,2,0,2,4,0.0,0.0,0.0,2,0.009433962264150943,0.1111111111111111,0.951046671881402,0.9813080495356037,10.099014731,0
gestion_2013-08-22_32,25,none,,adaptive_mean,docling_easyocr,qwen,4,0,0,0,4,0.0,0.0,0.0,0,,,,,76.9949747,1
gestion_2013-08-22_32,25,none,,adaptive_mean,docling_rapidocr,qwen,4,2,0,2,4,0.0,0.0,0.0,2,0.0,0.0,0.9503156777293552,0.977141382868937,10.751063434,0
gestion_2013-08-22_32,25,none,,basic,docling_easyocr,qwen,4,1,1,0,3,1.0,0.25,0.4,1,0.017857142857142856,0.125,1.0440552016985138,1.1981424148606812,82.567269858,0
gestion_2013-08-22_32,25,none,,basic,docling_rapidocr,qwen,4,0,0,0,4,0.0,0.0,0.0,0,,,,,20.311673221,7
gestion_2013-08-22_32,25,none,,niblack,docling_easyocr,qwen,4,0,0,0,4,0.0,0.0,0.0,0,,,,,55.138877582,1
gestion_2013-08-22_32,25,none,,niblack,docling_rapidocr,qwen,4,0,0,0,4,0.0,0.0,0.0,0,,,,,10.281739663,1
gestion_2013-08-22_32,25,none,,none_color,docling_easyocr,qwen,4,9,0,9,4,0.0,0.0,0.0,4,0.7813679245283018,0.7777777777777778,1.0421016055119188,1.1897612587545139,82.648292691,0
gestion_2013-08-22_32,25,none,,none_color,docling_rapidocr,qwen,4,2,1,1,3,0.5,0.25,0.333333,2,0.4716981132075472,0.5,1.0035152903490148,1.1203044375644995,21.393191964,0
gestion_2013-08-22_32,25,none,,none_grayscale,docling_easyocr,qwen,4,0,0,0,4,0.0,0.0,0.0,0,,,,,78.880817947,5
gestion_2013-08-22_32,25,none,,none_grayscale,docling_rapidocr,qwen,4,2,2,0,2,1.0,0.5,0.666667,2,0.0,0.0,0.40477520765821134,0.4663828689370485,21.370724973,0
gestion_2013-08-22_32,25,none,,otsu,docling_easyocr,qwen,4,3,1,2,3,0.333333,0.25,0.285714,3,0.43333333333333335,0.5,0.9783006310412631,1.166521790902596,82.462331901,0
gestion_2013-08-22_32,25,none,,otsu,docling_rapidocr,qwen,4,6,2,4,2,0.333333,0.5,0.4,4,0.0,0.0,0.5424361592596811,0.7639416799108307,19.775200973,0
gestion_2013-08-22_32,26,none,,adaptive_gaussian,docling_easyocr,qwen,4,2,0,2,4,0.0,0.0,0.0,1,0.07142857142857142,0.125,0.9872611464968153,0.9969040247678018,93.056529899,0
gestion_2013-08-22_32,26,none,,adaptive_gaussian,docling_rapidocr,qwen,4,2,0,2,4,0.0,0.0,0.0,2,0.0,0.0,0.9948876969493798,1.0,15.838670631,0
gestion_2013-08-22_32,26,none,,adaptive_mean,docling_easyocr,qwen,4,0,0,0,4,0.0,0.0,0.0,0,,,,,93.426790563,1
gestion_2013-08-22_32,26,none,,adaptive_mean,docling_rapidocr,qwen,4,2,0,2,4,0.0,0.0,0.0,2,0.0,0.0,0.9730277125935858,0.9958333333333333,17.504798976,0
gestion_2013-08-22_32,26,none,,basic,docling_easyocr,qwen,4,0,0,0,4,0.0,0.0,0.0,0,,,,,82.377653178,1
gestion_2013-08-22_32,26,none,,basic,docling_rapidocr,qwen,4,5,3,2,1,0.6,0.75,0.666667,4,0.0,0.0,0.3366825261801541,0.4117787297105077,21.279927787,0
gestion_2013-08-22_32,26,none,,niblack,docling_easyocr,qwen,4,0,0,0,4,0.0,0.0,0.0,0,,,,,59.53985851,1
gestion_2013-08-22_32,26,none,,niblack,docling_rapidocr,qwen,4,0,0,0,4,0.0,0.0,0.0,0,,,,,10.490718057,1
gestion_2013-08-22_32,26,none,,none_color,docling_easyocr,qwen,4,6,1,5,3,0.166667,0.25,0.2,4,0.0,0.0,1.0010300210353158,1.0890684208906234,72.334832652,0
gestion_2013-08-22_32,26,none,,none_color,docling_rapidocr,qwen,4,2,2,0,2,1.0,0.5,0.666667,2,0.0,0.0,0.5355207285730249,0.6655572755417957,20.979916795,0
gestion_2013-08-22_32,26,none,,none_grayscale,docling_easyocr,qwen,4,6,1,5,3,0.166667,0.25,0.2,4,0.0,0.0,1.0010300210353158,1.0890684208906234,78.923086865,0
gestion_2013-08-22_32,26,none,,none_grayscale,docling_rapidocr,qwen,4,2,2,0,2,1.0,0.5,0.666667,2,0.0,0.0,0.5355207285730249,0.6655572755417957,21.465154393,0
gestion_2013-08-22_32,26,none,,otsu,docling_easyocr,qwen,4,8,2,6,2,0.25,0.5,0.333333,4,0.3849393530997305,0.4340277777777778,0.4637506470227361,0.56534851794969,83.387910495,0
gestion_2013-08-22_32,26,none,,otsu,docling_rapidocr,qwen,4,5,3,2,1,0.6,0.75,0.666667,4,0.3875,0.5,0.39020271539933693,0.46119769770256286,17.76797236,0
gestion_2013-08-22_32,27,none,,adaptive_gaussian,docling_easyocr,qwen,4,0,0,0,4,0.0,0.0,0.0,0,,,,,87.550250285,1
gestion_2013-08-22_32,27,none,,adaptive_gaussian,docling_rapidocr,qwen,4,2,0,2,4,0.0,0.0,0.0,2,0.0818733153638814,0.29166666666666663,0.9499851007561366,0.9828560371517028,19.417502873,0
gestion_2013-08-22_32,27,none,,adaptive_mean,docling_easyocr,qwen,4,2,0,2,4,0.0,0.0,0.0,2,0.3251347708894879,0.5069444444444444,0.9617415353670801,0.9911893704850361,90.041852344,0
gestion_2013-08-22_32,27,none,,adaptive_mean,docling_rapidocr,qwen,4,2,0,2,4,0.0,0.0,0.0,2,0.4,0.5,0.935667881373969,0.9814717789949988,19.388973344,0
gestion_2013-08-22_32,27,none,,basic,docling_easyocr,qwen,4,4,1,3,3,0.25,0.25,0.25,4,0.6563679245283018,0.6527777777777778,1.4191710730694678,1.5802971289730467,83.257152396,0
gestion_2013-08-22_32,27,none,,basic,docling_rapidocr,qwen,4,4,3,1,1,0.75,0.75,0.75,4,0.0,0.0,0.2796497051312747,0.32823056348045293,17.805255014,0
gestion_2013-08-22_32,27,none,,niblack,docling_easyocr,qwen,4,0,0,0,4,0.0,0.0,0.0,0,,,,,56.662613437,1
gestion_2013-08-22_32,27,none,,niblack,docling_rapidocr,qwen,4,0,0,0,4,0.0,0.0,0.0,0,,,,,9.598740384,1
gestion_2013-08-22_32,27,none,,none_color,docling_easyocr,qwen,4,0,0,0,4,0.0,0.0,0.0,0,,,,,82.497034482,4
gestion_2013-08-22_32,27,none,,none_color,docling_rapidocr,qwen,4,2,2,0,2,1.0,0.5,0.666667,2,0.0,0.0,0.5787844079412969,0.7181888544891641,19.159169606,0
gestion_2013-08-22_32,27,none,,none_grayscale,docling_easyocr,qwen,4,6,3,3,1,0.5,0.75,0.6,4,0.4063679245283019,0.5277777777777778,0.43075383685127616,0.572155238613664,72.939515668,0
gestion_2013-08-22_32,27,none,,none_grayscale,docling_rapidocr,qwen,4,0,0,0,4,0.0,0.0,0.0,0,,,,,20.548015672,1
gestion_2013-08-22_32,27,none,,otsu,docling_easyocr,qwen,4,1,1,0,3,1.0,0.25,0.4,1,0.0,0.0,1.0047770700636942,1.1981424148606812,81.574415834,0
gestion_2013-08-22_32,27,none,,otsu,docling_rapidocr,qwen,4,0,0,0,4,0.0,0.0,0.0,0,,,,,16.259958179,2
gestion_2013-08-22_32,28,none,,adaptive_gaussian,docling_easyocr,qwen,4,1,0,1,4,0.0,0.0,0.0,1,0.17857142857142858,0.125,0.9766454352441614,0.9969040247678018,84.933626051,0
gestion_2013-08-22_32,28,none,,adaptive_gaussian,docling_rapidocr,qwen,4,1,0,1,4,0.0,0.0,0.0,1,0.0,0.0,0.9723991507430998,0.9907120743034056,12.13744032,0
gestion_2013-08-22_32,28,none,,adaptive_mean,docling_easyocr,qwen,4,2,0,2,4,0.0,0.0,0.0,2,0.2024932614555256,0.2847222222222222,0.9980072261332738,1.0,89.153296057,0
gestion_2013-08-22_32,28,none,,adaptive_mean,docling_rapidocr,qwen,4,3,0,3,4,0.0,0.0,0.0,3,2.2202380952380953,1.5833333333333333,0.9114984914515589,0.9711554797357539,18.485115115,0
gestion_2013-08-22_32,28,none,,basic,docling_easyocr,qwen,4,0,0,0,4,0.0,0.0,0.0,0,,,,,82.686351737,8
gestion_2013-08-22_32,28,none,,basic,docling_rapidocr,qwen,4,2,1,1,3,0.5,0.25,0.333333,2,0.8,1.0,1.6769190039400121,1.914717789949988,19.88209935,0
gestion_2013-08-22_32,28,none,,niblack,docling_easyocr,qwen,4,0,0,0,4,0.0,0.0,0.0,0,,,,,59.533669379,1
gestion_2013-08-22_32,28,none,,niblack,docling_rapidocr,qwen,4,0,0,0,4,0.0,0.0,0.0,0,,,,,9.583068278,1
gestion_2013-08-22_32,28,none,,none_color,docling_easyocr,qwen,4,0,0,0,4,0.0,0.0,0.0,0,,,,,82.511287266,1
gestion_2013-08-22_32,28,none,,none_color,docling_rapidocr,qwen,4,2,2,0,2,1.0,0.5,0.666667,2,0.0,0.0,0.3906442060565426,0.49376934984520127,20.383311326,0
gestion_2013-08-22_32,28,none,,none_grayscale,docling_easyocr,qwen,4,3,1,2,3,0.333333,0.25,0.285714,3,0.6251572327044025,0.5370370370370371,1.0942513477546965,1.2125082691646158,82.131595095,0
gestion_2013-08-22_32,28,none,,none_grayscale,docling_rapidocr,qwen,4,0,0,0,4,0.0,0.0,0.0,0,,,,,19.978122195,1
gestion_2013-08-22_32,28,none,,otsu,docling_easyocr,qwen,4,2,1,1,3,0.5,0.25,0.333333,2,0.0,0.0,0.6524611688456811,0.9265350877192983,83.084255728,0
gestion_2013-08-22_32,28,none,,otsu,docling_rapidocr,qwen,4,0,0,0,4,0.0,0.0,0.0,0,,,,,19.715577635,5
gestion_2013-08-22_32,29,none,,adaptive_gaussian,docling_easyocr,qwen,4,2,0,2,4,0.0,0.0,0.0,2,0.16475741239892183,0.2847222222222222,1.0,1.0,79.437970847,0
gestion_2013-08-22_32,29,none,,adaptive_gaussian,docling_rapidocr,qwen,4,2,0,2,4,0.0,0.0,0.0,2,0.017857142857142856,0.0625,0.9497848921667225,0.977141382868937,15.806915015,0
gestion_2013-08-22_32,29,none,,adaptive_mean,docling_easyocr,qwen,4,2,0,2,4,0.0,0.0,0.0,1,0.17857142857142858,0.125,0.9989384288747346,1.0,90.149292222,0
gestion_2013-08-22_32,29,none,,adaptive_mean,docling_rapidocr,qwen,4,2,0,2,4,0.0,0.0,0.0,2,0.017857142857142856,0.0625,0.9397279025589451,0.9916666666666667,16.803204051,0
gestion_2013-08-22_32,29,none,,basic,docling_easyocr,qwen,4,2,0,2,4,0.0,0.0,0.0,2,0.5377358490566038,0.5555555555555556,0.6473391097956791,0.7842948717948719,86.776739485,0
gestion_2013-08-22_32,29,none,,basic,docling_rapidocr,qwen,4,0,0,0,4,0.0,0.0,0.0,0,,,,,20.793387778,6
gestion_2013-08-22_32,29,none,,niblack,docling_easyocr,qwen,4,0,0,0,4,0.0,0.0,0.0,0,,,,,60.004898476,1
gestion_2013-08-22_32,29,none,,niblack,docling_rapidocr,qwen,4,0,0,0,4,0.0,0.0,0.0,0,,,,,10.757541346,1
gestion_2013-08-22_32,29,none,,none_color,docling_easyocr,qwen,4,0,0,0,4,0.0,0.0,0.0,0,,,,,81.835394986,1
gestion_2013-08-22_32,29,none,,none_color,docling_rapidocr,qwen,4,2,2,0,2,1.0,0.5,0.666667,2,0.0,0.0,0.525654635527247,0.6345975232198142,21.295633442,0
gestion_2013-08-22_32,29,none,,none_grayscale,docling_easyocr,qwen,4,0,0,0,4,0.0,0.0,0.0,0,,,,,81.629710967,1
gestion_2013-08-22_32,29,none,,none_grayscale,docling_rapidocr,qwen,4,2,2,0,2,1.0,0.5,0.666667,2,0.0,0.0,0.525654635527247,0.6345975232198142,17.521815354,0
gestion_2013-08-22_32,29,none,,otsu,docling_easyocr,qwen,4,2,1,1,3,0.5,0.25,0.333333,2,0.0,0.0,1.3707984883642461,1.5407001667063587,81.039879998,0
gestion_2013-08-22_32,29,none,,otsu,docling_rapidocr,qwen,4,5,2,3,2,0.4,0.5,0.444444,4,0.0,0.0,0.6538672034006947,0.7113797239543591,19.523818453,0
gestion_2013-08-22_32,30,none,,adaptive_gaussian,docling_easyocr,qwen,4,2,0,2,4,0.0,0.0,0.0,2,0.1553234501347709,0.22916666666666666,0.9466746750102433,0.9761867905056759,77.810980715,0
gestion_2013-08-22_32,30,none,,adaptive_gaussian,docling_rapidocr,qwen,4,1,0,1,4,0.0,0.0,0.0,1,0.9,1.0,0.7408312958435208,0.9076923076923077,19.668519892,0
gestion_2013-08-22_32,30,none,,adaptive_mean,docling_easyocr,qwen,4,2,0,2,4,0.0,0.0,0.0,2,0.30576145552560646,0.5694444444444444,1.0,1.0,74.078539,0
gestion_2013-08-22_32,30,none,,adaptive_mean,docling_rapidocr,qwen,4,1,0,1,4,0.0,0.0,0.0,1,0.08928571428571429,0.125,0.9256900212314225,0.9690402476780186,12.859954224,0
gestion_2013-08-22_32,30,none,,basic,docling_easyocr,qwen,4,1,0,1,4,0.0,0.0,0.0,1,0.0,0.0,0.9745222929936306,0.9907120743034056,82.571756199,0
gestion_2013-08-22_32,30,none,,basic,docling_rapidocr,qwen,4,5,2,3,2,0.4,0.5,0.444444,4,0.0,0.0,0.5699135733052664,0.908204040725602,20.170241908,0
gestion_2013-08-22_32,30,none,,niblack,docling_easyocr,qwen,4,0,0,0,4,0.0,0.0,0.0,0,,,,,60.685994595,1
gestion_2013-08-22_32,30,none,,niblack,docling_rapidocr,qwen,4,0,0,0,4,0.0,0.0,0.0,0,,,,,11.185925215,1
gestion_2013-08-22_32,30,none,,none_color,docling_easyocr,qwen,4,4,0,4,4,0.0,0.0,0.0,4,0.6375,0.625,0.8881338515677705,1.078109766173676,71.455969979,0
gestion_2013-08-22_32,30,none,,none_color,docling_rapidocr,qwen,4,2,2,0,2,1.0,0.5,0.666667,2,0.0,0.0,0.5160399672216636,0.7117518059855521,16.379117419,0
gestion_2013-08-22_32,30,none,,none_grayscale,docling_easyocr,qwen,4,0,0,0,4,0.0,0.0,0.0,0,,,,,82.997539118,4
gestion_2013-08-22_32,30,none,,none_grayscale,docling_rapidocr,qwen,4,5,2,3,2,0.4,0.5,0.444444,4,0.0,0.0,1.0173503607283618,1.0492667714859223,20.345070914,0
gestion_2013-08-22_32,30,none,,otsu,docling_easyocr,qwen,4,2,0,2,4,0.0,0.0,0.0,2,0.3113207547169811,0.4444444444444444,0.8371652326144448,0.9353457172342621,81.923959403,0
gestion_2013-08-22_32,30,none,,otsu,docling_rapidocr,qwen,4,0,0,0,4,0.0,0.0,0.0,0,,,,,19.460672526,2
gestion_2013-08-22_32,31,none,,adaptive_gaussian,docling_easyocr,qwen,4,2,0,2,4,0.0,0.0,0.0,1,0.17857142857142858,0.125,0.9750530785562632,0.9876160990712074,90.146977446,0
gestion_2013-08-22_32,31,none,,adaptive_gaussian,docling_rapidocr,qwen,4,3,0,3,4,0.0,0.0,0.0,3,0.3333333333333333,0.3333333333333333,0.8067514263035829,0.9649936492815749,19.12932565,0
gestion_2013-08-22_32,31,none,,adaptive_mean,docling_easyocr,qwen,4,2,0,2,4,0.0,0.0,0.0,2,0.12702156334231807,0.11805555555555555,0.9392390211196782,0.9735681114551084,76.72147073,0
gestion_2013-08-22_32,31,none,,adaptive_mean,docling_rapidocr,qwen,4,3,0,3,4,0.0,0.0,0.0,3,3.25,2.5,0.8160150316815867,0.9445901167484538,17.899836915,0
gestion_2013-08-22_32,31,none,,basic,docling_easyocr,qwen,4,1,0,1,4,0.0,0.0,0.0,1,0.0,0.0,0.9463906581740976,0.9814241486068112,76.78394805,0
gestion_2013-08-22_32,31,none,,basic,docling_rapidocr,qwen,4,0,0,0,4,0.0,0.0,0.0,0,,,,,16.752177344,6
gestion_2013-08-22_32,31,none,,niblack,docling_easyocr,qwen,4,0,0,0,4,0.0,0.0,0.0,0,,,,,59.829109265,1
gestion_2013-08-22_32,31,none,,niblack,docling_rapidocr,qwen,4,0,0,0,4,0.0,0.0,0.0,0,,,,,11.005058838,1
gestion_2013-08-22_32,31,none,,none_color,docling_easyocr,qwen,4,0,0,0,4,0.0,0.0,0.0,0,,,,,81.252901038,2
gestion_2013-08-22_32,31,none,,none_color,docling_rapidocr,qwen,4,6,3,3,1,0.5,0.75,0.6,4,0.0,0.0,0.4935314160938973,0.5789390452537291,18.249161681,0
gestion_2013-08-22_32,31,none,,none_grayscale,docling_easyocr,qwen,4,2,0,2,4,0.0,0.0,0.0,2,0.0,0.0,0.7037657838864677,0.8125902992776057,81.861651288,0
gestion_2013-08-22_32,31,none,,none_grayscale,docling_rapidocr,qwen,4,6,3,3,1,0.5,0.75,0.6,4,0.71875,0.5,0.36857285461589234,0.41178639471983125,18.05802332,0
gestion_2013-08-22_32,31,none,,otsu,docling_easyocr,qwen,4,0,0,0,4,0.0,0.0,0.0,0,,,,,80.024363053,3
gestion_2013-08-22_32,31,none,,otsu,docling_rapidocr,qwen,4,5,3,2,1,0.6,0.75,0.666667,4,0.03125,0.125,0.6062906585353467,0.7741074364968659,16.702417386,0
gestion_2013-08-22_32,32,none,,adaptive_gaussian,docling_easyocr,qwen,4,2,0,2,4,0.0,0.0,0.0,2,0.2779649595687332,0.3958333333333333,1.0,1.0,77.843019681,0
gestion_2013-08-22_32,32,none,,adaptive_gaussian,docling_rapidocr,qwen,4,4,0,4,4,0.0,0.0,0.0,4,0.4219339622641509,0.5555555555555556,0.8252576122674571,0.9668031078828292,19.360556321,0
gestion_2013-08-22_32,32,none,,adaptive_mean,docling_easyocr,qwen,4,2,0,2,4,0.0,0.0,0.0,2,6.26061320754717,3.388888888888889,0.8216374269005848,0.9425170068027211,64.412501407,0
gestion_2013-08-22_32,32,none,,adaptive_mean,docling_rapidocr,qwen,4,3,0,3,4,0.0,0.0,0.0,3,4.000673854447439,2.949074074074074,0.9481481481481482,0.9727891156462585,12.815667224,0
gestion_2013-08-22_32,32,none,,basic,docling_easyocr,qwen,4,4,0,4,4,0.0,0.0,0.0,3,0.300314465408805,0.40740740740740744,0.9996461429582449,1.0,63.19875204,0
gestion_2013-08-22_32,32,none,,basic,docling_rapidocr,qwen,4,4,0,4,4,0.0,0.0,0.0,4,0.3875,0.5,0.9058587193468473,0.9669657134108705,12.143295402,0
gestion_2013-08-22_32,32,none,,niblack,docling_easyocr,qwen,4,0,0,0,4,0.0,0.0,0.0,0,,,,,59.594519811,1
gestion_2013-08-22_32,32,none,,niblack,docling_rapidocr,qwen,4,0,0,0,4,0.0,0.0,0.0,0,,,,,10.720655399,1
gestion_2013-08-22_32,32,none,,none_color,docling_easyocr,qwen,4,0,0,0,4,0.0,0.0,0.0,0,,,,,81.034953397,2
gestion_2013-08-22_32,32,none,,none_color,docling_rapidocr,qwen,4,5,3,2,1,0.6,0.75,0.666667,4,0.008928571428571428,0.03125,0.4054255047824661,0.4616261383095749,20.26890425,0
gestion_2013-08-22_32,32,none,,none_grayscale,docling_easyocr,qwen,4,0,0,0,4,0.0,0.0,0.0,0,,,,,81.557412666,2
gestion_2013-08-22_32,32,none,,none_grayscale,docling_rapidocr,qwen,4,5,3,2,1,0.6,0.75,0.666667,4,0.008928571428571428,0.03125,0.4048142578387008,0.45777998446342105,16.419863504,0
gestion_2013-08-22_32,32,none,,otsu,docling_easyocr,qwen,4,2,0,2,4,0.0,0.0,0.0,2,0.0660377358490566,0.16666666666666666,0.876117443289753,0.9379643962848296,81.202543445,0
gestion_2013-08-22_32,32,none,,otsu,docling_rapidocr,qwen,4,0,0,0,4,0.0,0.0,0.0,0,,,,,18.641274162,4
gestion_2013-08-22_32,33,none,,adaptive_gaussian,docling_easyocr,qwen,4,2,0,2,4,0.0,0.0,0.0,2,0.2779649595687332,0.3958333333333333,0.9230314374045517,0.9559468524251806,91.6963737,0
gestion_2013-08-22_32,33,none,,adaptive_gaussian,docling_rapidocr,qwen,4,0,0,0,4,0.0,0.0,0.0,0,,,,,15.883079767,3
gestion_2013-08-22_32,33,none,,adaptive_mean,docling_easyocr,qwen,4,2,0,2,4,0.0,0.0,0.0,2,0.2779649595687332,0.4513888888888889,0.9994692144373674,1.0,85.240522571,0
gestion_2013-08-22_32,33,none,,adaptive_mean,docling_rapidocr,qwen,4,3,0,3,4,0.0,0.0,0.0,3,3.0833333333333335,2.3333333333333335,0.8036741121499195,0.9664941415162557,16.382226415,2
gestion_2013-08-22_32,33,none,,basic,docling_easyocr,qwen,4,2,1,1,3,0.5,0.25,0.333333,2,2.4377358490566037,2.0555555555555554,0.6119600651996739,0.8365384615384616,89.337621606,0
gestion_2013-08-22_32,33,none,,basic,docling_rapidocr,qwen,4,0,0,0,4,0.0,0.0,0.0,0,,,,,20.918374456,1
gestion_2013-08-22_32,33,none,,niblack,docling_easyocr,qwen,4,0,0,0,4,0.0,0.0,0.0,0,,,,,57.146765521,1
gestion_2013-08-22_32,33,none,,niblack,docling_rapidocr,qwen,4,0,0,0,4,0.0,0.0,0.0,0,,,,,10.036541274,1
gestion_2013-08-22_32,33,none,,none_color,docling_easyocr,qwen,4,0,0,0,4,0.0,0.0,0.0,0,,,,,72.141325008,3
gestion_2013-08-22_32,33,none,,none_color,docling_rapidocr,qwen,4,6,3,3,1,0.5,0.75,0.6,4,0.0,0.0,0.3475585302284499,0.3991457615434838,20.265364896,0
gestion_2013-08-22_32,33,none,,none_grayscale,docling_easyocr,qwen,4,1,0,1,4,0.0,0.0,0.0,1,0.9464285714285714,1.0,0.7622080679405521,0.934984520123839,73.791769183,0
gestion_2013-08-22_32,33,none,,none_grayscale,docling_rapidocr,qwen,4,6,3,3,1,0.5,0.75,0.6,4,0.0,0.0,0.3512441229115976,0.4157862638982719,20.207803644,0
gestion_2013-08-22_32,33,none,,otsu,docling_easyocr,qwen,4,2,0,2,4,0.0,0.0,0.0,2,0.0,0.0,0.8885769359704995,1.0712848297213622,80.060831298,0
gestion_2013-08-22_32,33,none,,otsu,docling_rapidocr,qwen,4,2,1,1,3,0.5,0.25,0.333333,2,0.0,0.0,0.6064085372667337,0.7552115583075335,16.763223876,0
gestion_2013-08-22_32,34,none,,adaptive_gaussian,docling_easyocr,qwen,4,1,0,1,4,0.0,0.0,0.0,1,0.19642857142857142,0.25,1.0,1.0,91.511860805,0
gestion_2013-08-22_32,34,none,,adaptive_gaussian,docling_rapidocr,qwen,4,3,0,3,4,0.0,0.0,0.0,3,0.35455974842767296,0.40740740740740744,0.8946422732935192,1.0481267945774801,19.915390449,0
gestion_2013-08-22_32,34,none,,adaptive_mean,docling_easyocr,qwen,4,2,0,2,4,0.0,0.0,0.0,1,0.19642857142857142,0.25,1.0,1.0,88.92475946,0
gestion_2013-08-22_32,34,none,,adaptive_mean,docling_rapidocr,qwen,4,0,0,0,4,0.0,0.0,0.0,0,,,,,15.923800302,4
gestion_2013-08-22_32,34,none,,basic,docling_easyocr,qwen,4,0,0,0,4,0.0,0.0,0.0,0,,,,,83.017185087,5
gestion_2013-08-22_32,34,none,,basic,docling_rapidocr,qwen,4,0,0,0,4,0.0,0.0,0.0,0,,,,,19.925421352,1
gestion_2013-08-22_32,34,none,,niblack,docling_easyocr,qwen,4,0,0,0,4,0.0,0.0,0.0,0,,,,,51.810721603,1
gestion_2013-08-22_32,34,none,,niblack,docling_rapidocr,qwen,4,0,0,0,4,0.0,0.0,0.0,0,,,,,9.991009202,1
gestion_2013-08-22_32,34,none,,none_color,docling_easyocr,qwen,4,3,0,3,4,0.0,0.0,0.0,3,1.0285714285714287,1.0833333333333333,1.0563440421800385,1.3572801725278503,81.509185045,4
gestion_2013-08-22_32,34,none,,none_color,docling_rapidocr,qwen,4,4,1,3,3,0.25,0.25,0.25,4,0.65625,0.5,0.608574558481642,0.714608869863735,20.459995715,0
gestion_2013-08-22_32,34,none,,none_grayscale,docling_easyocr,qwen,4,0,0,0,4,0.0,0.0,0.0,0,,,,,75.476410264,3
gestion_2013-08-22_32,34,none,,none_grayscale,docling_rapidocr,qwen,4,6,3,3,1,0.5,0.75,0.6,4,0.0,0.0,0.4051797549147242,0.4598633177967544,20.001619453,0
gestion_2013-08-22_32,34,none,,otsu,docling_easyocr,qwen,4,3,2,1,2,0.666667,0.5,0.571429,3,0.5166666666666667,0.6666666666666666,0.5871742924253059,0.6996009739928359,79.926282831,0
gestion_2013-08-22_32,34,none,,otsu,docling_rapidocr,qwen,4,2,1,1,3,0.5,0.25,0.333333,2,0.0,0.0,0.622169143665959,0.7464009287925697,19.464762159,0
gestion_2013-08-22_32,35,none,,adaptive_gaussian,docling_easyocr,qwen,4,2,0,2,4,0.0,0.0,0.0,2,0.31570080862533695,0.4513888888888889,1.0,1.0,88.659575969,0
gestion_2013-08-22_32,35,none,,adaptive_gaussian,docling_rapidocr,qwen,4,2,0,2,4,0.0,0.0,0.0,2,0.018867924528301886,0.1111111111111111,0.8446707267106195,0.9611842105263158,19.763567478,0
gestion_2013-08-22_32,35,none,,adaptive_mean,docling_easyocr,qwen,4,2,0,2,4,0.0,0.0,0.0,2,0.2873989218328841,0.4513888888888889,0.9994692144373674,1.0,83.235666969,0
gestion_2013-08-22_32,35,none,,adaptive_mean,docling_rapidocr,qwen,4,0,0,0,4,0.0,0.0,0.0,0,,,,,16.29890392,2
gestion_2013-08-22_32,35,none,,basic,docling_easyocr,qwen,4,4,0,4,4,0.0,0.0,0.0,3,0.45,0.5,0.9906227883934889,0.9948400412796697,81.576424547,0
gestion_2013-08-22_32,35,none,,basic,docling_rapidocr,qwen,4,6,2,4,2,0.333333,0.5,0.4,4,0.23113207547169812,0.25,0.583305422295662,0.9642913339424838,20.232862897,0
gestion_2013-08-22_32,35,none,,niblack,docling_easyocr,qwen,4,0,0,0,4,0.0,0.0,0.0,0,,,,,60.751173816,1
gestion_2013-08-22_32,35,none,,niblack,docling_rapidocr,qwen,4,0,0,0,4,0.0,0.0,0.0,0,,,,,10.014473043,1
gestion_2013-08-22_32,35,none,,none_color,docling_easyocr,qwen,4,1,0,1,4,0.0,0.0,0.0,1,1.8,1.5,0.7481662591687042,0.9076923076923077,82.446678109,0
gestion_2013-08-22_32,35,none,,none_color,docling_rapidocr,qwen,4,6,3,3,1,0.5,0.75,0.6,4,0.0,0.0,0.3341844211435813,0.3913581930748008,20.504685827,0
gestion_2013-08-22_32,35,none,,none_grayscale,docling_easyocr,qwen,4,1,0,1,4,0.0,0.0,0.0,1,1.8,1.5,0.7481662591687042,0.9076923076923077,82.764541978,0
gestion_2013-08-22_32,35,none,,none_grayscale,docling_rapidocr,qwen,4,6,3,3,1,0.5,0.75,0.6,4,0.0,0.0,0.3341844211435813,0.3913581930748008,20.565220947,0
gestion_2013-08-22_32,35,none,,otsu,docling_easyocr,qwen,4,0,0,0,4,0.0,0.0,0.0,0,,,,,80.002834102,2
gestion_2013-08-22_32,35,none,,otsu,docling_rapidocr,qwen,4,5,3,2,1,0.6,0.75,0.666667,4,0.03125,0.125,0.4762471866976345,0.5450172174132811,15.829795142,0
gestion_2013-08-22_32,36,none,,adaptive_gaussian,docling_easyocr,qwen,4,2,0,2,4,0.0,0.0,0.0,1,0.17857142857142858,0.125,1.0,1.0,89.601979004,0
gestion_2013-08-22_32,36,none,,adaptive_gaussian,docling_rapidocr,qwen,4,2,0,2,4,0.0,0.0,0.0,2,0.0,0.0,0.9416834283160129,0.9984520123839009,16.519431577,0
gestion_2013-08-22_32,36,none,,adaptive_mean,docling_easyocr,qwen,4,1,0,1,4,0.0,0.0,0.0,1,0.17857142857142858,0.125,0.971868365180467,0.9907120743034056,87.54326647,0
gestion_2013-08-22_32,36,none,,adaptive_mean,docling_rapidocr,qwen,4,2,0,2,4,0.0,0.0,0.0,2,0.0,0.0,0.9859341825902335,0.9953560371517027,19.735958034,0
gestion_2013-08-22_32,36,none,,basic,docling_easyocr,qwen,4,0,0,0,4,0.0,0.0,0.0,0,,,,,83.101836347,1
gestion_2013-08-22_32,36,none,,basic,docling_rapidocr,qwen,4,0,0,0,4,0.0,0.0,0.0,0,,,,,20.358308458,6
gestion_2013-08-22_32,36,none,,niblack,docling_easyocr,qwen,4,0,0,0,4,0.0,0.0,0.0,0,,,,,61.208603347,1
gestion_2013-08-22_32,36,none,,niblack,docling_rapidocr,qwen,4,0,0,0,4,0.0,0.0,0.0,0,,,,,9.842328037,1
gestion_2013-08-22_32,36,none,,none_color,docling_easyocr,qwen,4,3,0,3,4,0.0,0.0,0.0,3,0.5333333333333333,0.6666666666666666,0.9227895409858071,0.9807421079092906,87.659489463,0
gestion_2013-08-22_32,36,none,,none_color,docling_rapidocr,qwen,4,5,1,4,3,0.2,0.25,0.222222,4,0.53125,0.5,0.4675640448156384,0.5187947446184952,21.321316074,0
gestion_2013-08-22_32,36,none,,none_grayscale,docling_easyocr,qwen,4,5,0,5,4,0.0,0.0,0.0,4,0.3875,0.5,1.0,1.0,87.162691974,0
gestion_2013-08-22_32,36,none,,none_grayscale,docling_rapidocr,qwen,4,5,3,2,1,0.6,0.75,0.666667,4,0.0,0.0,0.448534130546094,0.4984021240074978,20.808107519,0
gestion_2013-08-22_32,36,none,,otsu,docling_easyocr,qwen,4,2,0,2,4,0.0,0.0,0.0,2,0.03773584905660377,0.05555555555555555,0.9185896003277834,0.9601135190918473,82.8573241,0
gestion_2013-08-22_32,36,none,,otsu,docling_rapidocr,qwen,4,0,0,0,4,0.0,0.0,0.0,0,,,,,19.928505397,5
gestion_2013-08-22_32,37,none,,adaptive_gaussian,docling_easyocr,qwen,4,2,0,2,4,0.0,0.0,0.0,1,0.19642857142857142,0.25,1.0,1.0,78.074136657,0
gestion_2013-08-22_32,37,none,,adaptive_gaussian,docling_rapidocr,qwen,4,1,0,1,4,0.0,0.0,0.0,1,0.0,0.0,0.9962845010615711,1.0,12.467297239,0
gestion_2013-08-22_32,37,none,,adaptive_mean,docling_easyocr,qwen,4,2,0,2,4,0.0,0.0,0.0,2,0.3018867924528302,0.5,0.9583566134018698,0.989641382868937,83.428888597,0
gestion_2013-08-22_32,37,none,,adaptive_mean,docling_rapidocr,qwen,4,2,0,2,4,0.0,0.0,0.0,2,0.0,0.0,0.9503156777293552,0.977141382868937,18.831312933,0
gestion_2013-08-22_32,37,none,,basic,docling_easyocr,qwen,4,5,0,5,4,0.0,0.0,0.0,4,0.4063679245283019,0.5277777777777778,0.9987708123812716,0.9979166666666667,91.197771556,0
gestion_2013-08-22_32,37,none,,basic,docling_rapidocr,qwen,4,2,1,1,3,0.5,0.25,0.333333,2,0.0,0.0,0.617671434424703,0.7455753353973168,20.173077591,0
gestion_2013-08-22_32,37,none,,niblack,docling_easyocr,qwen,4,0,0,0,4,0.0,0.0,0.0,0,,,,,58.497623035,1
gestion_2013-08-22_32,37,none,,niblack,docling_rapidocr,qwen,4,0,0,0,4,0.0,0.0,0.0,0,,,,,9.857060262,1
gestion_2013-08-22_32,37,none,,none_color,docling_easyocr,qwen,4,1,0,1,4,0.0,0.0,0.0,1,0.0,0.0,0.75,0.9009287925696594,86.051869493,0
gestion_2013-08-22_32,37,none,,none_color,docling_rapidocr,qwen,4,5,3,2,1,0.6,0.75,0.666667,4,0.0,0.0,0.3919918935879489,0.48136384108299196,20.57315002,0
gestion_2013-08-22_32,37,none,,none_grayscale,docling_easyocr,qwen,4,0,0,0,4,0.0,0.0,0.0,0,,,,,87.167942293,1
gestion_2013-08-22_32,37,none,,none_grayscale,docling_rapidocr,qwen,4,5,2,3,2,0.4,0.5,0.444444,4,0.0,0.0,0.7250689321501245,0.8690895082729448,20.919577129,0
gestion_2013-08-22_32,37,none,,otsu,docling_easyocr,qwen,4,4,0,4,4,0.0,0.0,0.0,3,0.2751572327044025,0.3703703703703704,1.0,1.0,83.745374044,0
gestion_2013-08-22_32,37,none,,otsu,docling_rapidocr,qwen,4,2,1,1,3,0.5,0.25,0.333333,2,0.0,0.0,0.5685644578537639,0.6350748194014448,19.571641048,0
gestion_2013-08-22_32,38,none,,adaptive_gaussian,docling_easyocr,qwen,4,2,0,2,4,0.0,0.0,0.0,2,0.1553234501347709,0.22916666666666666,0.9846072186836519,0.9938080495356036,89.593184084,0
gestion_2013-08-22_32,38,none,,adaptive_gaussian,docling_rapidocr,qwen,4,2,0,2,4,0.0,0.0,0.0,2,0.0,0.0,0.9528857972957873,0.9984520123839009,19.81243667,0
gestion_2013-08-22_32,38,none,,adaptive_mean,docling_easyocr,qwen,4,1,0,1,4,0.0,0.0,0.0,1,0.17857142857142858,0.125,0.9792993630573248,0.9938080495356038,77.78373722,0
gestion_2013-08-22_32,38,none,,adaptive_mean,docling_rapidocr,qwen,4,2,0,2,4,0.0,0.0,0.0,1,0.0,0.0,0.9723991507430998,0.9907120743034056,18.908024349,0
gestion_2013-08-22_32,38,none,,basic,docling_easyocr,qwen,4,3,0,3,4,0.0,0.0,0.0,2,0.03773584905660377,0.05555555555555555,0.9960144522665475,1.0,65.065093286,0
gestion_2013-08-22_32,38,none,,basic,docling_rapidocr,qwen,4,3,0,3,4,0.0,0.0,0.0,3,0.625,0.6666666666666666,0.9301643469371706,0.9689884725820153,14.942136533,0
gestion_2013-08-22_32,38,none,,niblack,docling_easyocr,qwen,4,0,0,0,4,0.0,0.0,0.0,0,,,,,59.472665907,1
gestion_2013-08-22_32,38,none,,niblack,docling_rapidocr,qwen,4,0,0,0,4,0.0,0.0,0.0,0,,,,,9.076939941,1
gestion_2013-08-22_32,38,none,,none_color,docling_easyocr,qwen,4,3,0,3,4,0.0,0.0,0.0,3,1.9583333333333333,1.3333333333333333,0.8980597873546806,0.9785689714482283,86.622993238,0
gestion_2013-08-22_32,38,none,,none_color,docling_rapidocr,qwen,4,2,2,0,2,1.0,0.5,0.666667,2,0.0,0.0,0.5080502476999292,0.6149509803921569,20.057739742,0
gestion_2013-08-22_32,38,none,,none_grayscale,docling_easyocr,qwen,4,3,0,3,4,0.0,0.0,0.0,3,1.9583333333333333,1.3333333333333333,0.8980597873546806,0.9785689714482283,79.848482782,0
gestion_2013-08-22_32,38,none,,none_grayscale,docling_rapidocr,qwen,4,2,2,0,2,1.0,0.5,0.666667,2,0.0,0.0,0.5080502476999292,0.6149509803921569,17.339417154,0
gestion_2013-08-22_32,38,none,,otsu,docling_easyocr,qwen,4,1,0,1,4,0.0,0.0,0.0,1,0.07547169811320754,0.1111111111111111,0.9122807017543859,0.9666666666666667,75.216023286,0
gestion_2013-08-22_32,38,none,,otsu,docling_rapidocr,qwen,4,0,0,0,4,0.0,0.0,0.0,0,,,,,15.806989988,6
gestion_2013-08-22_32,39,none,,adaptive_gaussian,docling_easyocr,qwen,4,1,0,1,4,0.0,0.0,0.0,1,0.19642857142857142,0.25,0.9968152866242038,1.0,133.811443575,0
gestion_2013-08-22_32,39,none,,adaptive_gaussian,docling_rapidocr,qwen,4,2,0,2,4,0.0,0.0,0.0,2,0.0,0.0,0.9538961522702722,0.9870227038183694,60.711021192,0
gestion_2013-08-22_32,39,none,,adaptive_mean,docling_easyocr,qwen,4,2,0,2,4,0.0,0.0,0.0,2,0.33456873315363883,0.5069444444444444,0.9610850374343503,0.9938080495356036,130.273212793,0
gestion_2013-08-22_32,39,none,,adaptive_mean,docling_rapidocr,qwen,4,2,0,2,4,0.0,0.0,0.0,2,0.0,0.0,0.9495800275636012,0.9901186790505676,57.651996734,0
gestion_2013-08-22_32,39,none,,basic,docling_easyocr,qwen,4,0,0,0,4,0.0,0.0,0.0,0,,,,,125.459786983,3
gestion_2013-08-22_32,39,none,,basic,docling_rapidocr,qwen,4,5,3,2,1,0.6,0.75,0.666667,4,0.0,0.0,0.27633819298218293,0.32080654123997776,62.328977914,0
gestion_2013-08-22_32,39,none,,niblack,docling_easyocr,qwen,4,0,0,0,4,0.0,0.0,0.0,0,,,,,96.412185655,1
gestion_2013-08-22_32,39,none,,niblack,docling_rapidocr,qwen,4,0,0,0,4,0.0,0.0,0.0,0,,,,,51.99262713,1
gestion_2013-08-22_32,39,none,,none_color,docling_easyocr,qwen,4,0,0,0,4,0.0,0.0,0.0,0,,,,,113.803416437,1
gestion_2013-08-22_32,39,none,,none_color,docling_rapidocr,qwen,4,2,2,0,2,1.0,0.5,0.666667,2,0.0,0.0,0.5472026669646516,0.673297213622291,59.19584865,0
gestion_2013-08-22_32,39,none,,none_grayscale,docling_easyocr,qwen,4,0,0,0,4,0.0,0.0,0.0,0,,,,,123.406994911,6
gestion_2013-08-22_32,39,none,,none_grayscale,docling_rapidocr,qwen,4,2,2,0,2,1.0,0.5,0.666667,2,0.0,0.0,0.537648526837263,0.6655572755417957,62.709149452,0
gestion_2013-08-22_32,39,none,,otsu,docling_easyocr,qwen,4,4,2,2,2,0.5,0.5,0.5,4,0.4252358490566038,0.5555555555555556,0.5228475666040674,0.6498307420134045,122.49537842,0
gestion_2013-08-22_32,39,none,,otsu,docling_rapidocr,qwen,4,6,3,3,1,0.5,0.75,0.6,4,0.0,0.0,0.4083557368418321,0.4714017793352159,57.879814788,0
gestion_2013-08-22_32,40,none,,adaptive_gaussian,docling_easyocr,qwen,4,2,0,2,4,0.0,0.0,0.0,1,0.17857142857142858,0.125,0.9761146496815286,0.9907120743034056,113.00834774,0
gestion_2013-08-22_32,40,none,,adaptive_gaussian,docling_rapidocr,qwen,4,3,0,3,4,0.0,0.0,0.0,3,0.5146226415094339,0.4537037037037037,0.9376010908990787,0.9824104945621973,51.647009601,0
gestion_2013-08-22_32,40,none,,adaptive_mean,docling_easyocr,qwen,4,2,0,2,4,0.0,0.0,0.0,2,0.29683288409703507,0.4513888888888889,0.9602795470629866,0.9870227038183694,129.643841682,0
gestion_2013-08-22_32,40,none,,adaptive_mean,docling_rapidocr,qwen,4,3,0,3,4,0.0,0.0,0.0,3,0.6666666666666666,0.5,0.8977413160171009,0.9643527586473186,57.268854318,0
gestion_2013-08-22_32,40,none,,basic,docling_easyocr,qwen,4,0,0,0,4,0.0,0.0,0.0,0,,,,,112.689446357,7
gestion_2013-08-22_32,40,none,,basic,docling_rapidocr,qwen,4,5,2,3,2,0.4,0.5,0.444444,4,0.0,0.0,0.34333636782480964,0.46219377427084196,61.554951814,0
gestion_2013-08-22_32,40,none,,niblack,docling_easyocr,qwen,4,0,0,0,4,0.0,0.0,0.0,0,,,,,93.963516183,1
gestion_2013-08-22_32,40,none,,niblack,docling_rapidocr,qwen,4,0,0,0,4,0.0,0.0,0.0,0,,,,,52.05531282,1
gestion_2013-08-22_32,40,none,,none_color,docling_easyocr,qwen,4,0,0,0,4,0.0,0.0,0.0,0,,,,,123.012967588,6
gestion_2013-08-22_32,40,none,,none_color,docling_rapidocr,qwen,4,4,1,3,3,0.25,0.25,0.25,4,0.70625,0.5,0.6974371744755796,0.806475039408476,62.244955541,0
gestion_2013-08-22_32,40,none,,none_grayscale,docling_easyocr,qwen,4,0,0,0,4,0.0,0.0,0.0,0,,,,,122.66643968,6
gestion_2013-08-22_32,40,none,,none_grayscale,docling_rapidocr,qwen,4,2,2,0,2,1.0,0.5,0.666667,2,0.0,0.0,0.4742429321711923,0.5433049535603716,61.955507425,0
gestion_2013-08-22_32,40,none,,otsu,docling_easyocr,qwen,4,2,0,2,4,0.0,0.0,0.0,2,1.3375,1.25,0.8234352856898136,0.9723267444629674,124.941359198,8
gestion_2013-08-22_32,40,none,,otsu,docling_rapidocr,qwen,4,0,0,0,4,0.0,0.0,0.0,0,,,,,58.447868328,5
gestion_2013-08-22_32,41,none,,adaptive_gaussian,docling_easyocr,qwen,4,2,0,2,4,0.0,0.0,0.0,2,0.19558625336927224,0.3958333333333333,0.9514470890602302,0.9828560371517028,134.627475759,0
gestion_2013-08-22_32,41,none,,adaptive_gaussian,docling_rapidocr,qwen,4,3,0,3,4,0.0,0.0,0.0,3,0.26666666666666666,0.5,0.9354057975119295,0.9948717948717949,61.535183689,0
gestion_2013-08-22_32,41,none,,adaptive_mean,docling_easyocr,qwen,4,2,0,2,4,0.0,0.0,0.0,2,0.4684973045822103,0.6388888888888888,0.9513772488546206,0.9828560371517028,131.405428855,0
gestion_2013-08-22_32,41,none,,adaptive_mean,docling_rapidocr,qwen,4,2,0,2,4,0.0,0.0,0.0,2,0.027291105121293797,0.11805555555555555,0.9123272618914591,0.975593395252838,60.922944276,0
gestion_2013-08-22_32,41,none,,basic,docling_easyocr,qwen,4,2,0,2,4,0.0,0.0,0.0,2,0.03773584905660377,0.05555555555555555,0.7990324803516222,0.8501160990712074,117.949732719,0
gestion_2013-08-22_32,41,none,,basic,docling_rapidocr,qwen,4,0,0,0,4,0.0,0.0,0.0,0,,,,,62.431673704,6
gestion_2013-08-22_32,41,none,,niblack,docling_easyocr,qwen,4,0,0,0,4,0.0,0.0,0.0,0,,,,,101.114533237,1
gestion_2013-08-22_32,41,none,,niblack,docling_rapidocr,qwen,4,0,0,0,4,0.0,0.0,0.0,0,,,,,52.441390089,1
gestion_2013-08-22_32,41,none,,none_color,docling_easyocr,qwen,4,0,0,0,4,0.0,0.0,0.0,0,,,,,122.338429087,5
gestion_2013-08-22_32,41,none,,none_color,docling_rapidocr,qwen,4,2,1,1,3,0.5,0.25,0.333333,2,0.0,0.0,0.5912532126494581,0.7310500515995872,58.608293472,0
gestion_2013-08-22_32,41,none,,none_grayscale,docling_easyocr,qwen,4,0,0,0,4,0.0,0.0,0.0,0,,,,,112.52639471,5
gestion_2013-08-22_32,41,none,,none_grayscale,docling_rapidocr,qwen,4,2,2,0,2,1.0,0.5,0.666667,2,0.0,0.0,0.5015504525645323,0.616498968008256,62.585163459,0
gestion_2013-08-22_32,41,none,,otsu,docling_easyocr,qwen,4,6,2,4,2,0.333333,0.5,0.4,4,0.4252358490566038,0.5555555555555556,1.1077983493896364,1.148407227263375,122.422715198,0
gestion_2013-08-22_32,41,none,,otsu,docling_rapidocr,qwen,4,5,3,2,1,0.6,0.75,0.666667,4,0.0,0.0,0.3534768423766552,0.42120881753511125,61.1322775,0
gestion_2013-08-22_32,42,none,,adaptive_gaussian,docling_easyocr,qwen,4,0,0,0,4,0.0,0.0,0.0,0,,,,,73.662843427,1
gestion_2013-08-22_32,42,none,,adaptive_gaussian,docling_rapidocr,qwen,4,0,0,0,4,0.0,0.0,0.0,0,,,,,8.999279699,1
gestion_2013-08-22_32,42,none,,adaptive_mean,docling_easyocr,qwen,4,0,0,0,4,0.0,0.0,0.0,0,,,,,77.454614788,1
gestion_2013-08-22_32,42,none,,adaptive_mean,docling_rapidocr,qwen,4,0,0,0,4,0.0,0.0,0.0,0,,,,,8.061598688,1
gestion_2013-08-22_32,42,none,,basic,docling_easyocr,qwen,4,0,0,0,4,0.0,0.0,0.0,0,,,,,84.246846555,1
gestion_2013-08-22_32,42,none,,basic,docling_rapidocr,qwen,4,1,0,1,4,0.0,0.0,0.0,1,0.9464285714285714,1.0,0.8057324840764332,0.978328173374613,15.139960884,0
gestion_2013-08-22_32,42,none,,niblack,docling_easyocr,qwen,4,0,0,0,4,0.0,0.0,0.0,0,,,,,53.085500181,1
gestion_2013-08-22_32,42,none,,niblack,docling_rapidocr,qwen,4,0,0,0,4,0.0,0.0,0.0,0,,,,,10.622119367,1
gestion_2013-08-22_32,42,none,,none_color,docling_easyocr,qwen,4,2,0,2,4,0.0,0.0,0.0,2,2.275,1.75,0.7722674997736123,0.9615384615384616,82.983617351,0
gestion_2013-08-22_32,42,none,,none_color,docling_rapidocr,qwen,4,5,1,4,3,0.2,0.25,0.222222,4,0.2868935309973046,0.2847222222222222,1.0842043930517673,1.14959055484542,20.298746154,0
gestion_2013-08-22_32,42,none,,none_grayscale,docling_easyocr,qwen,4,0,0,0,4,0.0,0.0,0.0,0,,,,,81.876100896,1
gestion_2013-08-22_32,42,none,,none_grayscale,docling_rapidocr,qwen,4,1,0,1,4,0.0,0.0,0.0,1,0.39285714285714285,0.25,1.0599787685774946,1.2136222910216719,20.084694742,0
gestion_2013-08-22_32,42,none,,otsu,docling_easyocr,qwen,4,0,0,0,4,0.0,0.0,0.0,0,,,,,84.569245529,1
gestion_2013-08-22_32,42,none,,otsu,docling_rapidocr,qwen,4,0,0,0,4,0.0,0.0,0.0,0,,,,,17.351951789,3
gestion_2013-08-22_32,43,none,,adaptive_gaussian,docling_easyocr,qwen,4,0,0,0,4,0.0,0.0,0.0,0,,,,,62.316235462,1
gestion_2013-08-22_32,43,none,,adaptive_gaussian,docling_rapidocr,qwen,4,0,0,0,4,0.0,0.0,0.0,0,,,,,9.604823747,1
gestion_2013-08-22_32,43,none,,adaptive_mean,docling_easyocr,qwen,4,0,0,0,4,0.0,0.0,0.0,0,,,,,62.971161399,1
gestion_2013-08-22_32,43,none,,adaptive_mean,docling_rapidocr,qwen,4,0,0,0,4,0.0,0.0,0.0,0,,,,,8.22512177,1
gestion_2013-08-22_32,43,none,,basic,docling_easyocr,qwen,4,0,0,0,4,0.0,0.0,0.0,0,,,,,85.25913525,1
gestion_2013-08-22_32,43,none,,basic,docling_rapidocr,qwen,4,1,0,1,4,0.0,0.0,0.0,0,,,,,9.379632476,0
gestion_2013-08-22_32,43,none,,niblack,docling_easyocr,qwen,4,0,0,0,4,0.0,0.0,0.0,0,,,,,58.00026161,1
gestion_2013-08-22_32,43,none,,niblack,docling_rapidocr,qwen,4,0,0,0,4,0.0,0.0,0.0,0,,,,,10.313549345,1
gestion_2013-08-22_32,43,none,,none_color,docling_easyocr,qwen,4,0,0,0,4,0.0,0.0,0.0,0,,,,,87.73078499,1
gestion_2013-08-22_32,43,none,,none_color,docling_rapidocr,qwen,4,5,0,5,4,0.0,0.0,0.0,4,0.6607142857142857,0.625,0.9002627316057558,0.9937943497236952,20.370233156,0
gestion_2013-08-22_32,43,none,,none_grayscale,docling_easyocr,qwen,4,0,0,0,4,0.0,0.0,0.0,0,,,,,76.618390802,1
gestion_2013-08-22_32,43,none,,none_grayscale,docling_rapidocr,qwen,4,0,0,0,4,0.0,0.0,0.0,0,,,,,20.631707195,6
gestion_2013-08-22_32,43,none,,otsu,docling_easyocr,qwen,4,0,0,0,4,0.0,0.0,0.0,0,,,,,79.699560956,1
gestion_2013-08-22_32,43,none,,otsu,docling_rapidocr,qwen,4,0,0,0,4,0.0,0.0,0.0,0,,,,,8.337693767,1
gestion_2013-08-22_32,44,none,,adaptive_gaussian,docling_easyocr,qwen,4,0,0,0,4,0.0,0.0,0.0,0,,,,,78.227227182,1
gestion_2013-08-22_32,44,none,,adaptive_gaussian,docling_rapidocr,qwen,4,0,0,0,4,0.0,0.0,0.0,0,,,,,10.393308133,1
gestion_2013-08-22_32,44,none,,adaptive_mean,docling_easyocr,qwen,4,0,0,0,4,0.0,0.0,0.0,0,,,,,80.440395917,1
gestion_2013-08-22_32,44,none,,adaptive_mean,docling_rapidocr,qwen,4,0,0,0,4,0.0,0.0,0.0,0,,,,,10.424485053,1
gestion_2013-08-22_32,44,none,,basic,docling_easyocr,qwen,4,0,0,0,4,0.0,0.0,0.0,0,,,,,85.371146972,1
gestion_2013-08-22_32,44,none,,basic,docling_rapidocr,qwen,4,1,0,1,4,0.0,0.0,0.0,1,1.0,1.0,1.0435244161358812,1.1424148606811146,18.866034324,0
gestion_2013-08-22_32,44,none,,niblack,docling_easyocr,qwen,4,0,0,0,4,0.0,0.0,0.0,0,,,,,58.58847725,1
gestion_2013-08-22_32,44,none,,niblack,docling_rapidocr,qwen,4,0,0,0,4,0.0,0.0,0.0,0,,,,,9.59498727,1
gestion_2013-08-22_32,44,none,,none_color,docling_easyocr,qwen,4,2,0,2,4,0.0,0.0,0.0,2,0.7321428571428572,0.875,0.6661653691908469,0.9368800151639604,81.603797729,0
gestion_2013-08-22_32,44,none,,none_color,docling_rapidocr,qwen,4,3,0,3,4,0.0,0.0,0.0,3,0.8391284815813117,0.75,0.7251097324149839,0.9298973300521288,20.112446363,0
gestion_2013-08-22_32,44,none,,none_grayscale,docling_easyocr,qwen,4,2,0,2,4,0.0,0.0,0.0,2,0.7321428571428572,0.875,0.6661653691908469,0.9368800151639604,81.772032004,0
gestion_2013-08-22_32,44,none,,none_grayscale,docling_rapidocr,qwen,4,3,0,3,4,0.0,0.0,0.0,3,0.8391284815813117,0.75,0.7251097324149839,0.9298973300521288,20.681308728,0
gestion_2013-08-22_32,44,none,,otsu,docling_easyocr,qwen,4,0,0,0,4,0.0,0.0,0.0,0,,,,,85.303521045,1
gestion_2013-08-22_32,44,none,,otsu,docling_rapidocr,qwen,4,0,0,0,4,0.0,0.0,0.0,0,,,,,18.111546405,5
gestion_2013-08-22_32,45,none,,adaptive_gaussian,docling_easyocr,qwen,4,0,0,0,4,0.0,0.0,0.0,0,,,,,59.277616347,1
gestion_2013-08-22_32,45,none,,adaptive_gaussian,docling_rapidocr,qwen,4,0,0,0,4,0.0,0.0,0.0,0,,,,,11.702218618,1
gestion_2013-08-22_32,45,none,,adaptive_mean,docling_easyocr,qwen,4,0,0,0,4,0.0,0.0,0.0,0,,,,,59.700918231,1
gestion_2013-08-22_32,45,none,,adaptive_mean,docling_rapidocr,qwen,4,0,0,0,4,0.0,0.0,0.0,0,,,,,13.419471059,1
gestion_2013-08-22_32,45,none,,basic,docling_easyocr,qwen,4,0,0,0,4,0.0,0.0,0.0,0,,,,,54.359120372,1
gestion_2013-08-22_32,45,none,,basic,docling_rapidocr,qwen,4,0,0,0,4,0.0,0.0,0.0,0,,,,,9.891061071,1
gestion_2013-08-22_32,45,none,,niblack,docling_easyocr,qwen,4,0,0,0,4,0.0,0.0,0.0,0,,,,,60.915308612,1
gestion_2013-08-22_32,45,none,,otsu,docling_easyocr,qwen,4,0,0,0,4,0.0,0.0,0.0,0,,,,,54.118757085,1
gestion_2013-08-22_32,45,none,,otsu,docling_rapidocr,qwen,4,0,0,0,4,0.0,0.0,0.0,0,,,,,11.012361125,1
gestion_2013-08-22_32,46,none,,adaptive_gaussian,docling_easyocr,qwen,4,0,0,0,4,0.0,0.0,0.0,0,,,,,59.043662667,1
gestion_2013-08-22_32,46,none,,adaptive_gaussian,docling_rapidocr,qwen,4,0,0,0,4,0.0,0.0,0.0,0,,,,,10.709880948,1
gestion_2013-08-22_32,46,none,,adaptive_mean,docling_easyocr,qwen,4,0,0,0,4,0.0,0.0,0.0,0,,,,,53.685062404,1
gestion_2013-08-22_32,46,none,,adaptive_mean,docling_rapidocr,qwen,4,0,0,0,4,0.0,0.0,0.0,0,,,,,12.231249328,1
gestion_2013-08-22_32,46,none,,basic,docling_easyocr,qwen,4,0,0,0,4,0.0,0.0,0.0,0,,,,,59.067475595,1
gestion_2013-08-22_32,46,none,,basic,docling_rapidocr,qwen,4,0,0,0,4,0.0,0.0,0.0,0,,,,,11.65254692,1
gestion_2013-08-22_32,46,none,,none_color,docling_easyocr,qwen,4,0,0,0,4,0.0,0.0,0.0,0,,,,,62.351220407,1
gestion_2013-08-22_32,46,none,,none_grayscale,docling_easyocr,qwen,4,0,0,0,4,0.0,0.0,0.0,0,,,,,60.369207824,1
gestion_2013-08-22_32,46,none,,otsu,docling_easyocr,qwen,4,0,0,0,4,0.0,0.0,0.0,0,,,,,53.408928266,1
gestion_2013-08-22_32,46,none,,otsu,docling_rapidocr,qwen,4,0,0,0,4,0.0,0.0,0.0,0,,,,,11.23690783,1
gestion_2013-08-22_32,47,none,,adaptive_gaussian,docling_easyocr,qwen,4,0,0,0,4,0.0,0.0,0.0,0,,,,,51.063498843,1
gestion_2013-08-22_32,47,none,,adaptive_gaussian,docling_rapidocr,qwen,4,0,0,0,4,0.0,0.0,0.0,0,,,,,12.181496966,1
gestion_2013-08-22_32,47,none,,adaptive_mean,docling_easyocr,qwen,4,0,0,0,4,0.0,0.0,0.0,0,,,,,59.369680793,1
gestion_2013-08-22_32,47,none,,adaptive_mean,docling_rapidocr,qwen,4,0,0,0,4,0.0,0.0,0.0,0,,,,,12.15432039,1
gestion_2013-08-22_32,47,none,,basic,docling_easyocr,qwen,4,0,0,0,4,0.0,0.0,0.0,0,,,,,51.303739263,1
gestion_2013-08-22_32,47,none,,basic,docling_rapidocr,qwen,4,0,0,0,4,0.0,0.0,0.0,0,,,,,11.863837196,1
gestion_2013-08-22_32,47,none,,niblack,docling_easyocr,qwen,4,0,0,0,4,0.0,0.0,0.0,0,,,,,60.870785634,1
gestion_2013-08-22_32,47,none,,otsu,docling_easyocr,qwen,4,0,0,0,4,0.0,0.0,0.0,0,,,,,53.383088853,1
gestion_2013-08-22_32,47,none,,otsu,docling_rapidocr,qwen,4,0,0,0,4,0.0,0.0,0.0,0,,,,,9.363840844,1
gestion_2013-08-22_32,48,none,,adaptive_gaussian,docling_easyocr,qwen,4,2,0,2,4,0.0,0.0,0.0,2,0.25909703504043125,0.3958333333333333,0.9573555704547994,0.9870227038183694,216.983995718,0
gestion_2013-08-22_32,48,none,,adaptive_gaussian,docling_rapidocr,qwen,4,2,0,2,4,0.0,0.0,0.0,2,0.14150943396226415,0.2222222222222222,0.9545247141207585,0.9865454076367389,143.380566639,0
gestion_2013-08-22_32,48,none,,adaptive_mean,docling_easyocr,qwen,4,2,0,2,4,0.0,0.0,0.0,2,0.19305929919137466,0.3958333333333333,1.0,1.0,215.594183529,0
gestion_2013-08-22_32,48,none,,adaptive_mean,docling_rapidocr,qwen,4,2,0,2,4,0.0,0.0,0.0,2,0.1320754716981132,0.2777777777777778,0.9622862889708348,0.988093395252838,142.033670032,0
gestion_2013-08-22_32,48,none,,basic,docling_easyocr,qwen,4,2,0,2,4,0.0,0.0,0.0,2,0.07547169811320754,0.1111111111111111,0.946395314187805,0.9813080495356037,220.663173324,0
gestion_2013-08-22_32,48,none,,basic,docling_rapidocr,qwen,4,0,0,0,4,0.0,0.0,0.0,0,,,,,143.844710952,6
gestion_2013-08-22_32,48,none,,niblack,docling_easyocr,qwen,4,0,0,0,4,0.0,0.0,0.0,0,,,,,177.640854784,1
gestion_2013-08-22_32,48,none,,niblack,docling_rapidocr,qwen,4,0,0,0,4,0.0,0.0,0.0,0,,,,,135.750696369,1
gestion_2013-08-22_32,48,none,,none_color,docling_easyocr,qwen,4,5,0,5,4,0.0,0.0,0.0,3,0.025157232704402514,0.037037037037037035,0.9659676438087433,0.9792827657378741,211.116252548,0
gestion_2013-08-22_32,48,none,,none_color,docling_rapidocr,qwen,4,2,1,1,3,0.5,0.25,0.333333,2,0.0,0.0,0.5947079748202779,0.716640866873065,145.877437717,0
gestion_2013-08-22_32,48,none,,none_grayscale,docling_easyocr,qwen,4,5,0,5,4,0.0,0.0,0.0,3,0.025157232704402514,0.037037037037037035,0.9659676438087433,0.9792827657378741,215.594382816,0
gestion_2013-08-22_32,48,none,,none_grayscale,docling_rapidocr,qwen,4,2,1,1,3,0.5,0.25,0.333333,2,0.0,0.0,0.5947079748202779,0.716640866873065,143.777689748,0
gestion_2013-08-22_32,48,none,,otsu,docling_easyocr,qwen,4,2,0,2,4,0.0,0.0,0.0,2,0.03773584905660377,0.05555555555555555,0.9209222631951428,0.9642801857585139,214.809580762,0
gestion_2013-08-22_32,48,none,,otsu,docling_rapidocr,qwen,4,7,1,6,3,0.142857,0.25,0.181818,4,0.5,0.5,0.8029938035325841,0.940798424633011,141.906889637,0
gestion_2013-08-22_32,49,none,,adaptive_gaussian,docling_easyocr,qwen,4,0,0,0,4,0.0,0.0,0.0,0,,,,,213.814356018,1
gestion_2013-08-22_32,49,none,,adaptive_gaussian,docling_rapidocr,qwen,4,2,0,2,4,0.0,0.0,0.0,2,0.009433962264150943,0.05555555555555555,0.9778979029314263,0.9922600619195047,140.885701109,0
gestion_2013-08-22_32,49,none,,adaptive_mean,docling_easyocr,qwen,4,2,0,2,4,0.0,0.0,0.0,2,0.29683288409703507,0.5069444444444444,1.0,1.0,211.634796186,0
gestion_2013-08-22_32,49,none,,adaptive_mean,docling_rapidocr,qwen,4,1,0,1,4,0.0,0.0,0.0,1,0.03571428571428571,0.125,0.9235668789808917,0.9721362229102167,144.549818082,0
gestion_2013-08-22_32,49,none,,basic,docling_easyocr,qwen,4,3,0,3,4,0.0,0.0,0.0,3,0.06682389937106918,0.20370370370370372,0.964537523331802,0.9875386996904024,209.658015813,0
gestion_2013-08-22_32,49,none,,basic,docling_rapidocr,qwen,4,6,1,5,3,0.166667,0.25,0.2,4,0.19339622641509435,0.25,0.6880389242897715,0.944935666574322,144.993989076,0
gestion_2013-08-22_32,49,none,,niblack,docling_easyocr,qwen,4,0,0,0,4,0.0,0.0,0.0,0,,,,,185.185119444,1
gestion_2013-08-22_32,49,none,,niblack,docling_rapidocr,qwen,4,0,0,0,4,0.0,0.0,0.0,0,,,,,135.437178903,1
gestion_2013-08-22_32,49,none,,none_color,docling_easyocr,qwen,4,2,0,2,4,0.0,0.0,0.0,2,0.03773584905660377,0.05555555555555555,0.9755140239132865,0.9849974200206398,215.095278991,0
gestion_2013-08-22_32,49,none,,none_color,docling_rapidocr,qwen,4,5,3,2,1,0.6,0.75,0.666667,4,0.0,0.0,0.525556883904503,0.5954444328338623,143.038067115,0
gestion_2013-08-22_32,49,none,,none_grayscale,docling_easyocr,qwen,4,2,0,2,4,0.0,0.0,0.0,2,0.03773584905660377,0.05555555555555555,0.9755140239132865,0.9849974200206398,214.078177703,0
gestion_2013-08-22_32,49,none,,none_grayscale,docling_rapidocr,qwen,4,5,3,2,1,0.6,0.75,0.666667,4,0.0,0.0,0.525556883904503,0.5954444328338623,145.344289554,0
gestion_2013-08-22_32,49,none,,otsu,docling_easyocr,qwen,4,1,0,1,4,0.0,0.0,0.0,1,0.07547169811320754,0.1111111111111111,0.9912280701754386,0.9916666666666667,205.4402558,0
gestion_2013-08-22_32,49,none,,otsu,docling_rapidocr,qwen,4,0,0,0,4,0.0,0.0,0.0,0,,,,,143.977003255,1
gestion_2013-08-22_32,50,none,,adaptive_gaussian,docling_easyocr,qwen,4,2,0,2,4,0.0,0.0,0.0,2,0.25909703504043125,0.2847222222222222,0.9994692144373674,1.0,217.345640529,0
gestion_2013-08-22_32,50,none,,adaptive_gaussian,docling_rapidocr,qwen,4,2,0,2,4,0.0,0.0,0.0,2,0.02830188679245283,0.1111111111111111,1.0,1.0,145.389741052,0
gestion_2013-08-22_32,50,none,,adaptive_mean,docling_easyocr,qwen,4,2,0,2,4,0.0,0.0,0.0,2,0.17419137466307277,0.4513888888888889,0.9997346072186837,1.0,214.355414302,0
gestion_2013-08-22_32,50,none,,adaptive_mean,docling_rapidocr,qwen,4,2,0,2,4,0.0,0.0,0.0,2,0.027291105121293797,0.11805555555555555,0.9636085968637091,0.9938080495356036,142.111895235,0
gestion_2013-08-22_32,50,none,,basic,docling_easyocr,qwen,4,0,0,0,4,0.0,0.0,0.0,0,,,,,216.947057201,1
gestion_2013-08-22_32,50,none,,basic,docling_rapidocr,qwen,4,7,0,7,4,0.0,0.0,0.0,4,0.0,0.0,0.8893582651597303,0.9839267285861713,145.390676214,0
gestion_2013-08-22_32,50,none,,niblack,docling_easyocr,qwen,4,0,0,0,4,0.0,0.0,0.0,0,,,,,185.056618705,1
gestion_2013-08-22_32,50,none,,niblack,docling_rapidocr,qwen,4,0,0,0,4,0.0,0.0,0.0,0,,,,,136.523592964,1
gestion_2013-08-22_32,50,none,,none_color,docling_easyocr,qwen,4,3,0,3,4,0.0,0.0,0.0,1,0.0,0.0,1.0,1.0,214.640124513,0
gestion_2013-08-22_32,50,none,,none_color,docling_rapidocr,qwen,4,2,1,1,3,0.5,0.25,0.333333,2,0.4732142857142857,0.5,0.6125544753603754,0.7414086687306501,143.499863817,0
gestion_2013-08-22_32,50,none,,none_grayscale,docling_easyocr,qwen,4,3,0,3,4,0.0,0.0,0.0,1,0.0,0.0,1.0,1.0,213.642367721,0
gestion_2013-08-22_32,50,none,,none_grayscale,docling_rapidocr,qwen,4,2,1,1,3,0.5,0.25,0.333333,2,0.4732142857142857,0.5,0.6125544753603754,0.7414086687306501,146.007393718,0
gestion_2013-08-22_32,50,none,,otsu,docling_easyocr,qwen,4,3,0,3,4,0.0,0.0,0.0,2,0.03773584905660377,0.05555555555555555,1.0,1.0,217.514490869,0
gestion_2013-08-22_32,50,none,,otsu,docling_rapidocr,qwen,4,7,0,7,4,0.0,0.0,0.0,4,0.0,0.0,0.7486729249106948,0.9527052420158347,143.753279474,0
gestion_2013-08-22_32,51,none,,adaptive_gaussian,docling_easyocr,qwen,4,2,0,2,4,0.0,0.0,0.0,1,0.17857142857142858,0.125,0.9984076433121019,1.0,84.582956667,0
gestion_2013-08-22_32,51,none,,adaptive_gaussian,docling_rapidocr,qwen,4,2,0,2,4,0.0,0.0,0.0,2,0.08928571428571429,0.25,1.0,1.0,11.415598983,0
gestion_2013-08-22_32,51,none,,adaptive_mean,docling_easyocr,qwen,4,2,0,2,4,0.0,0.0,0.0,2,0.19305929919137466,0.22916666666666666,0.9882435653890564,1.0,81.873838415,0
gestion_2013-08-22_32,51,none,,adaptive_mean,docling_rapidocr,qwen,4,2,0,2,4,0.0,0.0,0.0,2,0.14285714285714285,0.125,0.9984076433121019,1.0,17.92368864,0
gestion_2013-08-22_32,51,none,,basic,docling_easyocr,qwen,4,12,3,9,1,0.25,0.75,0.375,4,0.03773584905660377,0.05555555555555555,0.7222543430248543,0.8190104989364166,83.122463424,0
gestion_2013-08-22_32,51,none,,basic,docling_rapidocr,qwen,4,0,0,0,4,0.0,0.0,0.0,0,,,,,19.319492538,5
gestion_2013-08-22_32,51,none,,niblack,docling_easyocr,qwen,4,0,0,0,4,0.0,0.0,0.0,0,,,,,52.434624599,1
gestion_2013-08-22_32,51,none,,niblack,docling_rapidocr,qwen,4,0,0,0,4,0.0,0.0,0.0,0,,,,,9.720153974,1
gestion_2013-08-22_32,51,none,,none_color,docling_easyocr,qwen,4,0,0,0,4,0.0,0.0,0.0,0,,,,,80.563385851,1
gestion_2013-08-22_32,51,none,,none_color,docling_rapidocr,qwen,4,2,2,0,2,1.0,0.5,0.666667,2,0.0,0.0,0.3906442060565426,0.4922213622291022,19.030041105,0
gestion_2013-08-22_32,51,none,,none_grayscale,docling_easyocr,qwen,4,0,0,0,4,0.0,0.0,0.0,0,,,,,75.390616853,7
gestion_2013-08-22_32,51,none,,none_grayscale,docling_rapidocr,qwen,4,0,0,0,4,0.0,0.0,0.0,0,,,,,16.663988311,1
gestion_2013-08-22_32,51,none,,otsu,docling_easyocr,qwen,4,5,1,4,3,0.2,0.25,0.222222,4,0.3875,0.5,0.8267110732740746,0.9417329887420556,70.177983389,0
gestion_2013-08-22_32,51,none,,otsu,docling_rapidocr,qwen,4,5,3,2,1,0.6,0.75,0.666667,4,0.0,0.0,0.2795503969504029,0.3351772895392975,18.365093336,0
gestion_2013-08-22_32,52,none,,adaptive_gaussian,docling_easyocr,qwen,4,2,0,2,4,0.0,0.0,0.0,1,0.10714285714285714,0.25,0.9909766454352441,0.9969040247678018,92.347231792,0
gestion_2013-08-22_32,52,none,,adaptive_gaussian,docling_rapidocr,qwen,4,1,0,1,4,0.0,0.0,0.0,1,0.0,0.0,0.971868365180467,0.9907120743034056,14.653572963,0
gestion_2013-08-22_32,52,none,,adaptive_mean,docling_easyocr,qwen,4,1,0,1,4,0.0,0.0,0.0,1,0.17857142857142858,0.125,0.9835456475583864,0.9969040247678018,91.808580202,0
gestion_2013-08-22_32,52,none,,adaptive_mean,docling_rapidocr,qwen,4,2,0,2,4,0.0,0.0,0.0,2,0.0,0.0,0.9503156777293552,0.977141382868937,15.840667289,0
gestion_2013-08-22_32,52,none,,basic,docling_easyocr,qwen,4,3,0,3,4,0.0,0.0,0.0,3,0.4674303683737646,0.6342592592592592,0.9807834932932709,0.9969040247678018,84.647861253,0
gestion_2013-08-22_32,52,none,,basic,docling_rapidocr,qwen,4,7,2,5,2,0.285714,0.5,0.363636,4,0.17857142857142858,0.15625,0.40694657285364444,0.8515726027253007,18.230530035,0
gestion_2013-08-22_32,52,none,,niblack,docling_easyocr,qwen,4,0,0,0,4,0.0,0.0,0.0,0,,,,,59.077852705,1
gestion_2013-08-22_32,52,none,,niblack,docling_rapidocr,qwen,4,0,0,0,4,0.0,0.0,0.0,0,,,,,9.887254455,1
gestion_2013-08-22_32,52,none,,none_color,docling_easyocr,qwen,4,0,0,0,4,0.0,0.0,0.0,0,,,,,80.797376976,1
gestion_2013-08-22_32,52,none,,none_color,docling_rapidocr,qwen,4,6,3,3,1,0.5,0.75,0.6,4,0.0,0.0,0.49410135087691975,0.5670846678752473,20.524304018,0
gestion_2013-08-22_32,52,none,,none_grayscale,docling_easyocr,qwen,4,0,0,0,4,0.0,0.0,0.0,0,,,,,80.900543701,1
gestion_2013-08-22_32,52,none,,none_grayscale,docling_rapidocr,qwen,4,2,2,0,2,1.0,0.5,0.666667,2,0.0,0.0,0.5834264536074794,0.7243808049535604,19.842955839,0
gestion_2013-08-22_32,52,none,,otsu,docling_easyocr,qwen,4,2,0,2,4,0.0,0.0,0.0,2,0.244777628032345,0.5069444444444444,0.9867955451260848,1.0,85.585237587,0
gestion_2013-08-22_32,52,none,,otsu,docling_rapidocr,qwen,4,0,0,0,4,0.0,0.0,0.0,0,,,,,16.282044256,6
gestion_2013-08-22_32,53,none,,adaptive_gaussian,docling_easyocr,qwen,4,1,0,1,4,0.0,0.0,0.0,1,0.19642857142857142,0.25,0.9856687898089171,0.9969040247678018,78.752607387,0
gestion_2013-08-22_32,53,none,,adaptive_gaussian,docling_rapidocr,qwen,4,3,0,3,4,0.0,0.0,0.0,3,0.3,0.3333333333333333,0.9468163248355732,0.9887115979995237,14.221272749,0
gestion_2013-08-22_32,53,none,,adaptive_mean,docling_easyocr,qwen,4,2,0,2,4,0.0,0.0,0.0,2,0.2873989218328841,0.3402777777777778,0.9860505829329161,1.0,86.355403248,0
gestion_2013-08-22_32,53,none,,adaptive_mean,docling_rapidocr,qwen,4,2,0,2,4,0.0,0.0,0.0,2,0.07142857142857142,0.125,0.9978768577494692,1.0,18.438217941,0
gestion_2013-08-22_32,53,none,,basic,docling_easyocr,qwen,4,9,0,9,4,0.0,0.0,0.0,4,4.775117924528302,3.6527777777777777,0.5571778537888142,0.6433909393717001,83.529230865,0
gestion_2013-08-22_32,53,none,,basic,docling_rapidocr,qwen,4,5,2,3,2,0.4,0.5,0.444444,4,0.0,0.0,0.39569204058289315,0.4750126670101239,17.80720261,0
gestion_2013-08-22_32,53,none,,niblack,docling_easyocr,qwen,4,0,0,0,4,0.0,0.0,0.0,0,,,,,52.117293783,1
gestion_2013-08-22_32,53,none,,niblack,docling_rapidocr,qwen,4,0,0,0,4,0.0,0.0,0.0,0,,,,,9.844190307,1
gestion_2013-08-22_32,53,none,,none_color,docling_easyocr,qwen,4,4,3,1,1,0.75,0.75,0.75,4,0.018867924528301886,0.027777777777777776,1.02352770243915,1.0760739518479456,81.367262396,0
gestion_2013-08-22_32,53,none,,none_color,docling_rapidocr,qwen,4,4,3,1,1,0.75,0.75,0.75,4,0.53125,0.5,0.4629848678567908,0.4913953030604955,20.637143882,0
gestion_2013-08-22_32,53,none,,none_grayscale,docling_easyocr,qwen,4,4,3,1,1,0.75,0.75,0.75,4,0.018867924528301886,0.027777777777777776,1.02352770243915,1.0760739518479456,72.853257854,0
gestion_2013-08-22_32,53,none,,none_grayscale,docling_rapidocr,qwen,4,4,3,1,1,0.75,0.75,0.75,4,0.53125,0.5,0.4629848678567908,0.4913953030604955,20.475685556,0
gestion_2013-08-22_32,53,none,,otsu,docling_easyocr,qwen,4,0,0,0,4,0.0,0.0,0.0,0,,,,,83.899979219,1
gestion_2013-08-22_32,53,none,,otsu,docling_rapidocr,qwen,4,5,3,2,1,0.6,0.75,0.666667,4,0.5997641509433962,0.75,0.34959463082615305,0.46232029248946543,18.887295351,0
gestion_2015-01-30_1,0,none,,adaptive_gaussian,docling_easyocr,qwen,10,0,0,0,10,0.0,0.0,0.0,0,,,,,90.309363056,1
gestion_2015-01-30_1,0,none,,adaptive_gaussian,docling_rapidocr,qwen,10,5,3,2,7,0.6,0.3,0.4,5,0.9482033011004237,0.9142857142857143,0.31786657578597594,0.39012345679012345,18.895664621,0
gestion_2015-01-30_1,0,none,,adaptive_mean,docling_easyocr,qwen,10,0,0,0,10,0.0,0.0,0.0,0,,,,,76.144369076,1
gestion_2015-01-30_1,0,none,,adaptive_mean,docling_rapidocr,qwen,10,2,0,2,10,0.0,0.0,0.0,2,0.0,0.0,0.9585498849791259,1.1358024691358024,17.44148917,0
gestion_2015-01-30_1,0,none,,basic,docling_easyocr,qwen,10,0,0,0,10,0.0,0.0,0.0,0,,,,,78.948877804,8
gestion_2015-01-30_1,0,none,,basic,docling_rapidocr,qwen,10,0,0,0,10,0.0,0.0,0.0,0,,,,,18.72260379,1
gestion_2015-01-30_1,0,none,,niblack,docling_easyocr,qwen,10,0,0,0,10,0.0,0.0,0.0,0,,,,,58.475681131,1
gestion_2015-01-30_1,0,none,,niblack,docling_rapidocr,qwen,10,0,0,0,10,0.0,0.0,0.0,0,,,,,11.969806974,1
gestion_2015-01-30_1,0,none,,none_color,docling_easyocr,qwen,10,0,0,0,10,0.0,0.0,0.0,0,,,,,74.611312713,6
gestion_2015-01-30_1,0,none,,none_color,docling_rapidocr,qwen,10,8,2,6,8,0.25,0.2,0.222222,8,0.20627257571547652,0.31875,0.7822052712056393,0.8635948298777246,19.10607418,0
gestion_2015-01-30_1,0,none,,none_grayscale,docling_easyocr,qwen,10,7,1,6,9,0.142857,0.1,0.117647,6,0.41373583965970745,0.5654761904761905,0.7351564919512436,0.8520071573434147,80.698033968,0
gestion_2015-01-30_1,0,none,,none_grayscale,docling_rapidocr,qwen,10,12,4,8,6,0.333333,0.4,0.363636,9,0.2248062015503876,0.1728395061728395,0.5825771427034425,0.6246531264562454,19.822173277,0
gestion_2015-01-30_1,0,none,,otsu,docling_easyocr,qwen,10,1,0,1,10,0.0,0.0,0.0,1,0.7441860465116279,1.1428571428571428,0.4152892561983471,0.5061728395061729,80.389181202,0
gestion_2015-01-30_1,0,none,,otsu,docling_rapidocr,qwen,10,8,2,6,8,0.25,0.2,0.222222,7,0.22450009007386054,0.2857142857142857,0.6475805417287352,0.6804699037155179,19.297945564,0
gestion_2015-01-30_1,1,none,,adaptive_gaussian,docling_easyocr,qwen,10,0,0,0,10,0.0,0.0,0.0,0,,,,,83.39629191,1
gestion_2015-01-30_1,1,none,,adaptive_gaussian,docling_rapidocr,qwen,10,4,0,4,10,0.0,0.0,0.0,4,0.21153846153846154,0.25,0.8462921513781736,0.9914772727272727,15.94220203,0
gestion_2015-01-30_1,1,none,,adaptive_mean,docling_easyocr,qwen,10,0,0,0,10,0.0,0.0,0.0,0,,,,,83.827287323,1
gestion_2015-01-30_1,1,none,,adaptive_mean,docling_rapidocr,qwen,10,0,0,0,10,0.0,0.0,0.0,0,,,,,16.970234043,4
gestion_2015-01-30_1,1,none,,basic,docling_easyocr,qwen,10,5,2,3,8,0.4,0.2,0.266667,5,0.3087090258316115,0.48571428571428577,0.5808761640466018,0.7993457971528147,80.489364076,0
gestion_2015-01-30_1,1,none,,basic,docling_rapidocr,qwen,10,6,1,5,9,0.166667,0.1,0.125,5,0.8888876804876729,1.1714285714285715,0.5615765462130436,0.613649063736783,18.820536543,0
gestion_2015-01-30_1,1,none,,niblack,docling_easyocr,qwen,10,0,0,0,10,0.0,0.0,0.0,0,,,,,57.037709238,1
gestion_2015-01-30_1,1,none,,niblack,docling_rapidocr,qwen,10,0,0,0,10,0.0,0.0,0.0,0,,,,,11.444103004,1
gestion_2015-01-30_1,1,none,,none_color,docling_easyocr,qwen,10,0,0,0,10,0.0,0.0,0.0,0,,,,,80.610550903,9
gestion_2015-01-30_1,1,none,,none_color,docling_rapidocr,qwen,10,6,1,5,9,0.166667,0.1,0.125,5,0.7060541663083713,0.8,0.5954745608447576,0.693330970523953,20.257119201,0
gestion_2015-01-30_1,1,none,,none_grayscale,docling_easyocr,qwen,10,5,1,4,9,0.2,0.1,0.133333,5,0.49412874836435644,0.6571428571428571,0.6761665292057579,0.7367712209817473,79.548660135,0
gestion_2015-01-30_1,1,none,,none_grayscale,docling_rapidocr,qwen,10,12,3,9,7,0.25,0.3,0.272727,10,0.4438461538461539,0.33333333333333337,0.6663530616302071,0.7439940339063147,19.146551466,0
gestion_2015-01-30_1,1,none,,otsu,docling_easyocr,qwen,10,0,0,0,10,0.0,0.0,0.0,0,,,,,80.018342497,5
gestion_2015-01-30_1,1,none,,otsu,docling_rapidocr,qwen,10,9,1,8,9,0.111111,0.1,0.105263,7,0.5250296618867992,0.6938775510204083,0.7017126296146244,0.7569447608921294,19.150512459,0
gestion_2015-01-30_1,2,none,,adaptive_gaussian,docling_easyocr,qwen,10,2,0,2,10,0.0,0.0,0.0,2,0.05604269919939001,0.12142857142857143,0.8900531286894924,0.9876543209876543,89.212686613,0
gestion_2015-01-30_1,2,none,,adaptive_gaussian,docling_rapidocr,qwen,10,7,4,3,6,0.571429,0.4,0.470588,7,0.7930128677186506,0.9591836734693878,0.34644867858818856,0.4014109347442681,18.613972977,0
gestion_2015-01-30_1,2,none,,adaptive_mean,docling_easyocr,qwen,10,3,0,3,10,0.0,0.0,0.0,3,0.3592128801431127,0.38095238095238093,0.8437075264629154,0.9835390946502057,76.047177338,0
gestion_2015-01-30_1,2,none,,adaptive_mean,docling_rapidocr,qwen,10,5,0,5,10,0.0,0.0,0.0,5,0.25846153846153846,0.21666666666666665,0.8667884108572286,0.9857744107744107,17.270457768,0
gestion_2015-01-30_1,2,none,,basic,docling_easyocr,qwen,10,0,0,0,10,0.0,0.0,0.0,0,,,,,81.368303364,1
gestion_2015-01-30_1,2,none,,basic,docling_rapidocr,qwen,10,0,0,0,10,0.0,0.0,0.0,0,,,,,18.903878039,8
gestion_2015-01-30_1,2,none,,niblack,docling_easyocr,qwen,10,0,0,0,10,0.0,0.0,0.0,0,,,,,63.586633084,1
gestion_2015-01-30_1,2,none,,niblack,docling_rapidocr,qwen,10,0,0,0,10,0.0,0.0,0.0,0,,,,,12.393586991,1
gestion_2015-01-30_1,2,none,,none_color,docling_easyocr,qwen,10,0,0,0,10,0.0,0.0,0.0,0,,,,,81.050504915,7
gestion_2015-01-30_1,2,none,,none_color,docling_rapidocr,qwen,10,12,4,8,6,0.333333,0.4,0.363636,10,0.18944055944055943,0.13833333333333334,0.6320614625106524,0.6445919723551303,19.998793118,0
gestion_2015-01-30_1,2,none,,none_grayscale,docling_easyocr,qwen,10,0,0,0,10,0.0,0.0,0.0,0,,,,,79.347330563,7
gestion_2015-01-30_1,2,none,,none_grayscale,docling_rapidocr,qwen,10,12,4,8,6,0.333333,0.4,0.363636,10,0.18944055944055943,0.13833333333333334,0.6320614625106524,0.6445919723551303,19.134349577,0
gestion_2015-01-30_1,2,none,,otsu,docling_easyocr,qwen,10,7,1,6,9,0.142857,0.1,0.117647,5,0.606940835671297,0.8171428571428571,1.191361987412329,1.3068545100124047,79.972937483,0
gestion_2015-01-30_1,2,none,,otsu,docling_rapidocr,qwen,10,10,4,6,6,0.4,0.4,0.4,9,0.20707070707070707,0.14444444444444446,0.6043473356701365,0.6582969066887195,18.949203629,0
gestion_2015-01-30_1,3,none,,adaptive_gaussian,docling_easyocr,qwen,10,4,4,0,6,1.0,0.4,0.571429,4,0.9537129537129538,1.2214285714285715,0.0,0.0,71.173438572,0
gestion_2015-01-30_1,3,none,,adaptive_gaussian,docling_rapidocr,qwen,10,0,0,0,10,0.0,0.0,0.0,0,,,,,17.236077093,5
gestion_2015-01-30_1,3,none,,adaptive_mean,docling_easyocr,qwen,10,5,5,0,5,1.0,0.5,0.666667,5,0.8170985345403949,1.0133333333333332,0.0,0.0,78.604627104,0
gestion_2015-01-30_1,3,none,,adaptive_mean,docling_rapidocr,qwen,10,3,1,2,9,0.333333,0.1,0.153846,3,0.6522198731501057,0.48095238095238096,0.4739499020192553,0.6090534979423868,15.267875881,0
gestion_2015-01-30_1,3,none,,basic,docling_easyocr,qwen,10,8,6,2,4,0.75,0.6,0.666667,8,0.5884305168400557,0.8650793650793651,0.20615627928772257,0.24537037037037035,69.679123654,0
gestion_2015-01-30_1,3,none,,basic,docling_rapidocr,qwen,10,2,0,2,10,0.0,0.0,0.0,2,0.8667556233320626,1.0714285714285714,0.6562025636700961,0.8486251402918069,15.814379229,0
gestion_2015-01-30_1,3,none,,niblack,docling_easyocr,qwen,10,1,0,1,10,0.0,0.0,0.0,1,0.0,0.0,0.9173553719008265,1.0,66.983119833,0
gestion_2015-01-30_1,3,none,,niblack,docling_rapidocr,qwen,10,0,0,0,10,0.0,0.0,0.0,0,,,,,12.51201092,1
gestion_2015-01-30_1,3,none,,none_color,docling_easyocr,qwen,10,0,0,0,10,0.0,0.0,0.0,0,,,,,81.332332003,5
gestion_2015-01-30_1,3,none,,none_color,docling_rapidocr,qwen,10,1,1,0,9,1.0,0.1,0.181818,1,1.0232558139534884,1.8571428571428572,0.30785123966942146,0.32098765432098764,16.286302197,0
gestion_2015-01-30_1,3,none,,none_grayscale,docling_easyocr,qwen,10,0,0,0,10,0.0,0.0,0.0,0,,,,,70.44307989,6
gestion_2015-01-30_1,3,none,,none_grayscale,docling_rapidocr,qwen,10,8,1,7,9,0.125,0.1,0.111111,7,0.5626604402918237,0.6887755102040816,0.7739730734490025,0.8288980025822131,15.817905844,0
gestion_2015-01-30_1,3,none,,otsu,docling_easyocr,qwen,10,3,0,3,10,0.0,0.0,0.0,3,0.6009722769675471,0.7619047619047619,0.9226238373379892,1.1228070175438596,80.538554039,0
gestion_2015-01-30_1,3,none,,otsu,docling_rapidocr,qwen,10,0,0,0,10,0.0,0.0,0.0,0,,,,,17.910142269,8
gestion_2015-01-30_1,4,none,,adaptive_gaussian,docling_easyocr,qwen,10,3,3,0,7,1.0,0.3,0.461538,3,1.0066137566137565,1.2476190476190476,0.0,0.0,83.548620495,0
gestion_2015-01-30_1,4,none,,adaptive_gaussian,docling_rapidocr,qwen,10,5,0,5,10,0.0,0.0,0.0,4,0.33076923076923076,0.2708333333333333,0.8261721198945058,0.9791315937149271,16.588845047,0
gestion_2015-01-30_1,4,none,,adaptive_mean,docling_easyocr,qwen,10,2,2,0,8,1.0,0.2,0.333333,2,0.49388111888111885,0.9166666666666667,0.0,0.0,79.504265455,0
gestion_2015-01-30_1,4,none,,adaptive_mean,docling_rapidocr,qwen,10,0,0,0,10,0.0,0.0,0.0,0,,,,,16.705696491,5
gestion_2015-01-30_1,4,none,,basic,docling_easyocr,qwen,10,0,0,0,10,0.0,0.0,0.0,0,,,,,83.495944689,1
gestion_2015-01-30_1,4,none,,basic,docling_rapidocr,qwen,10,0,0,0,10,0.0,0.0,0.0,0,,,,,14.99548478,6
gestion_2015-01-30_1,4,none,,niblack,docling_easyocr,qwen,10,0,0,0,10,0.0,0.0,0.0,0,,,,,56.671767403,1
gestion_2015-01-30_1,4,none,,niblack,docling_rapidocr,qwen,10,0,0,0,10,0.0,0.0,0.0,0,,,,,12.10896938,1
gestion_2015-01-30_1,4,none,,none_color,docling_easyocr,qwen,10,0,0,0,10,0.0,0.0,0.0,0,,,,,72.761318489,5
gestion_2015-01-30_1,4,none,,none_color,docling_rapidocr,qwen,10,14,5,9,5,0.357143,0.5,0.416667,10,0.09343434343434343,0.15,0.5443175176974882,0.6106983578474806,16.195576235,0
gestion_2015-01-30_1,4,none,,none_grayscale,docling_easyocr,qwen,10,0,0,0,10,0.0,0.0,0.0,0,,,,,80.19017528,5
gestion_2015-01-30_1,4,none,,none_grayscale,docling_rapidocr,qwen,10,11,5,6,5,0.454545,0.5,0.47619,9,0.5130314553494119,0.5730158730158731,0.4398245847681292,0.47821227216938716,15.743012141,0
gestion_2015-01-30_1,4,none,,otsu,docling_easyocr,qwen,10,6,0,6,10,0.0,0.0,0.0,5,0.4865653697285223,0.6771428571428572,0.842499725174782,0.9541526374859707,68.353163538,7
gestion_2015-01-30_1,4,none,,otsu,docling_rapidocr,qwen,10,0,0,0,10,0.0,0.0,0.0,0,,,,,15.711507582,6
gestion_2015-01-30_1,5,none,,adaptive_gaussian,docling_easyocr,qwen,10,4,4,0,6,1.0,0.4,0.571429,4,0.9483016983016983,1.2571428571428571,0.0,0.0,82.622854618,0
gestion_2015-01-30_1,5,none,,adaptive_gaussian,docling_rapidocr,qwen,10,6,0,6,10,0.0,0.0,0.0,4,0.506697795700555,0.5357142857142857,0.854652766789599,0.9827160493827161,14.552316097,0
gestion_2015-01-30_1,5,none,,adaptive_mean,docling_easyocr,qwen,10,0,0,0,10,0.0,0.0,0.0,0,,,,,79.26762805,1
gestion_2015-01-30_1,5,none,,adaptive_mean,docling_rapidocr,qwen,10,3,0,3,10,0.0,0.0,0.0,3,0.3592128801431127,0.38095238095238093,0.7355052961894574,0.9382716049382717,14.870225287,0
gestion_2015-01-30_1,5,none,,basic,docling_easyocr,qwen,10,8,6,2,4,0.75,0.6,0.666667,8,0.5403991196142359,0.7053571428571428,0.25,0.25,75.216463465,0
gestion_2015-01-30_1,5,none,,basic,docling_rapidocr,qwen,10,0,0,0,10,0.0,0.0,0.0,0,,,,,13.680263657,10
gestion_2015-01-30_1,5,none,,niblack,docling_easyocr,qwen,10,0,0,0,10,0.0,0.0,0.0,0,,,,,68.360958267,1
gestion_2015-01-30_1,5,none,,niblack,docling_rapidocr,qwen,10,0,0,0,10,0.0,0.0,0.0,0,,,,,10.463031222,1
gestion_2015-01-30_1,5,none,,none_color,docling_easyocr,qwen,10,1,0,1,10,0.0,0.0,0.0,1,0.023255813953488372,0.2857142857142857,0.6694214876033058,0.8024691358024691,71.492024487,0
gestion_2015-01-30_1,5,none,,none_color,docling_rapidocr,qwen,10,0,0,0,10,0.0,0.0,0.0,0,,,,,18.146811312,1
gestion_2015-01-30_1,5,none,,none_grayscale,docling_easyocr,qwen,10,1,0,1,10,0.0,0.0,0.0,1,0.023255813953488372,0.2857142857142857,0.6694214876033058,0.8024691358024691,81.197502678,0
gestion_2015-01-30_1,5,none,,none_grayscale,docling_rapidocr,qwen,10,0,0,0,10,0.0,0.0,0.0,0,,,,,15.875308102,1
gestion_2015-01-30_1,5,none,,otsu,docling_easyocr,qwen,10,0,0,0,10,0.0,0.0,0.0,0,,,,,81.717485876,1
gestion_2015-01-30_1,5,none,,otsu,docling_rapidocr,qwen,10,3,1,2,9,0.333333,0.1,0.153846,3,0.5798186834844304,0.7619047619047619,0.6537095028860995,0.8198653198653197,17.415472718,0
gestion_2015-01-30_1,6,none,,adaptive_gaussian,docling_easyocr,qwen,10,4,4,0,6,1.0,0.4,0.571429,4,0.9537129537129538,1.1357142857142857,0.0,0.0,83.578220697,0
gestion_2015-01-30_1,6,none,,adaptive_gaussian,docling_rapidocr,qwen,10,0,0,0,10,0.0,0.0,0.0,0,,,,,16.892326446,1
gestion_2015-01-30_1,6,none,,adaptive_mean,docling_easyocr,qwen,10,4,4,0,6,1.0,0.4,0.571429,4,0.6987942612942614,0.8833333333333334,0.0,0.0,80.929898612,0
gestion_2015-01-30_1,6,none,,adaptive_mean,docling_rapidocr,qwen,10,6,0,6,10,0.0,0.0,0.0,4,0.5,0.5,0.8304741850731943,1.1154213922854275,17.003145568,0
gestion_2015-01-30_1,6,none,,basic,docling_easyocr,qwen,10,1,0,1,10,0.0,0.0,0.0,1,0.023255813953488372,0.2857142857142857,0.9070247933884298,1.0,81.987858211,0
gestion_2015-01-30_1,6,none,,basic,docling_rapidocr,qwen,10,0,0,0,10,0.0,0.0,0.0,0,,,,,18.53600279,6
gestion_2015-01-30_1,6,none,,niblack,docling_easyocr,qwen,10,0,0,0,10,0.0,0.0,0.0,0,,,,,65.086995517,1
gestion_2015-01-30_1,6,none,,niblack,docling_rapidocr,qwen,10,0,0,0,10,0.0,0.0,0.0,0,,,,,11.748230373,1
gestion_2015-01-30_1,6,none,,none_color,docling_easyocr,qwen,10,8,1,7,9,0.125,0.1,0.111111,7,0.5505628451643817,0.8193877551020409,0.89869807228222,1.0140371973705309,71.511603603,6
gestion_2015-01-30_1,6,none,,none_color,docling_rapidocr,qwen,10,13,3,10,7,0.230769,0.3,0.26087,10,0.16042875157629255,0.22166666666666668,0.6948118360121305,0.7845600744284955,19.596755514,0
gestion_2015-01-30_1,6,none,,none_grayscale,docling_easyocr,qwen,10,0,0,0,10,0.0,0.0,0.0,0,,,,,81.55429276,1
gestion_2015-01-30_1,6,none,,none_grayscale,docling_rapidocr,qwen,10,1,1,0,9,1.0,0.1,0.181818,1,1.0232558139534884,1.8571428571428572,0.2024793388429752,0.2345679012345679,18.915466629,0
gestion_2015-01-30_1,6,none,,otsu,docling_easyocr,qwen,10,1,1,0,9,1.0,0.1,0.181818,1,0.0,0.0,0.42355371900826444,0.5555555555555556,80.75995754,0
gestion_2015-01-30_1,6,none,,otsu,docling_rapidocr,qwen,10,5,1,4,9,0.2,0.1,0.133333,5,0.2992959582790091,0.4,0.7533117453053187,0.8430935081812274,15.538614976,0
gestion_2015-01-30_1,7,none,,adaptive_gaussian,docling_easyocr,qwen,10,3,3,0,7,1.0,0.3,0.461538,3,0.9735449735449735,1.3428571428571427,0.0,0.0,82.362184221,0
gestion_2015-01-30_1,7,none,,adaptive_gaussian,docling_rapidocr,qwen,10,7,0,7,10,0.0,0.0,0.0,5,0.2216457960644007,0.29523809523809524,0.8503053989196712,0.9622526433929943,17.832391435,0
gestion_2015-01-30_1,7,none,,adaptive_mean,docling_easyocr,qwen,10,0,0,0,10,0.0,0.0,0.0,0,,,,,83.831121089,1
gestion_2015-01-30_1,7,none,,adaptive_mean,docling_rapidocr,qwen,10,0,0,0,10,0.0,0.0,0.0,0,,,,,15.71858609,4
gestion_2015-01-30_1,7,none,,basic,docling_easyocr,qwen,10,0,0,0,10,0.0,0.0,0.0,0,,,,,81.494907304,4
gestion_2015-01-30_1,7,none,,basic,docling_rapidocr,qwen,10,7,2,5,8,0.285714,0.2,0.235294,7,0.13203798785194135,0.20612244897959184,0.8049584403274895,0.8709203564466722,18.024182006,0
gestion_2015-01-30_1,7,none,,niblack,docling_easyocr,qwen,10,0,0,0,10,0.0,0.0,0.0,0,,,,,65.287312484,1
gestion_2015-01-30_1,7,none,,niblack,docling_rapidocr,qwen,10,0,0,0,10,0.0,0.0,0.0,0,,,,,11.303549266,1
gestion_2015-01-30_1,7,none,,none_color,docling_easyocr,qwen,10,3,0,3,10,0.0,0.0,0.0,3,0.8535079727142122,1.0476190476190477,1.4371620591663437,1.6222876917321358,71.032184381,0
gestion_2015-01-30_1,7,none,,none_color,docling_rapidocr,qwen,10,7,1,6,9,0.142857,0.1,0.117647,7,0.5174266043603134,0.729591836734694,0.746556473829201,0.7927588331097103,18.896965761,0
gestion_2015-01-30_1,7,none,,none_grayscale,docling_easyocr,qwen,10,0,0,0,10,0.0,0.0,0.0,0,,,,,72.511986824,6
gestion_2015-01-30_1,7,none,,none_grayscale,docling_rapidocr,qwen,10,8,1,7,9,0.125,0.1,0.111111,5,0.5765840938722295,0.7714285714285715,0.6808166008728334,0.7970890188434048,18.646077486,0
gestion_2015-01-30_1,7,none,,otsu,docling_easyocr,qwen,10,1,0,1,10,0.0,0.0,0.0,1,0.7441860465116279,1.0,0.39669421487603307,0.5061728395061729,72.362640855,0
gestion_2015-01-30_1,7,none,,otsu,docling_rapidocr,qwen,10,5,2,3,8,0.4,0.2,0.266667,4,0.5605606258148631,0.6875,0.44692466958667254,0.5103465207631874,18.601839063,0
gestion_2015-01-30_1,8,none,,adaptive_gaussian,docling_easyocr,qwen,10,0,0,0,10,0.0,0.0,0.0,0,,,,,86.632364871,1
gestion_2015-01-30_1,8,none,,adaptive_gaussian,docling_rapidocr,qwen,10,3,0,3,10,0.0,0.0,0.0,3,0.3592128801431127,0.38095238095238093,0.9141632777996413,1.1115442928308426,17.039719465,0
gestion_2015-01-30_1,8,none,,adaptive_mean,docling_easyocr,qwen,10,4,0,4,10,0.0,0.0,0.0,4,0.34896984900894257,0.5508928571428571,0.854541170363235,0.9943181818181819,80.049411367,0
gestion_2015-01-30_1,8,none,,adaptive_mean,docling_rapidocr,qwen,10,5,1,4,9,0.2,0.1,0.133333,5,0.5889178617992178,0.6,0.6578089194838425,0.8921407052986,16.043043445,0
gestion_2015-01-30_1,8,none,,basic,docling_easyocr,qwen,10,9,6,3,4,0.666667,0.6,0.631579,9,0.3934127170561279,0.5590828924162258,0.3333333333333333,0.3333333333333333,80.069287889,0
gestion_2015-01-30_1,8,none,,basic,docling_rapidocr,qwen,10,0,0,0,10,0.0,0.0,0.0,0,,,,,17.391343706,7
gestion_2015-01-30_1,8,none,,niblack,docling_easyocr,qwen,10,0,0,0,10,0.0,0.0,0.0,0,,,,,67.171778335,1
gestion_2015-01-30_1,8,none,,niblack,docling_rapidocr,qwen,10,0,0,0,10,0.0,0.0,0.0,0,,,,,11.676329507,1
gestion_2015-01-30_1,8,none,,none_color,docling_easyocr,qwen,10,7,1,6,9,0.142857,0.1,0.117647,7,0.3865230082732823,0.5469387755102041,0.7922377863132983,0.8962475633528265,81.292594711,0
gestion_2015-01-30_1,8,none,,none_color,docling_rapidocr,qwen,10,12,3,9,7,0.25,0.3,0.272727,8,0.1076923076923077,0.125,0.6634915720427502,0.712318912812334,18.446593086,0
gestion_2015-01-30_1,8,none,,none_grayscale,docling_easyocr,qwen,10,7,1,6,9,0.142857,0.1,0.117647,7,0.3865230082732823,0.5469387755102041,0.7922377863132983,0.8962475633528265,80.973304788,0
gestion_2015-01-30_1,8,none,,none_grayscale,docling_rapidocr,qwen,10,12,3,9,7,0.25,0.3,0.272727,8,0.1076923076923077,0.125,0.6634915720427502,0.712318912812334,19.100773612,0
gestion_2015-01-30_1,8,none,,otsu,docling_easyocr,qwen,10,0,0,0,10,0.0,0.0,0.0,0,,,,,71.423292821,7
gestion_2015-01-30_1,8,none,,otsu,docling_rapidocr,qwen,10,6,2,4,8,0.333333,0.2,0.25,6,0.33799693714947954,0.37103174603174605,0.8449986575907048,0.9263655069210625,18.727727836,0
gestion_2015-01-30_1,9,none,,adaptive_gaussian,docling_easyocr,qwen,10,3,0,3,10,0.0,0.0,0.0,3,0.20524746571258198,0.3531746031746032,0.829649194222765,0.9958847736625515,77.032955333,0
gestion_2015-01-30_1,9,none,,adaptive_gaussian,docling_rapidocr,qwen,10,5,0,5,10,0.0,0.0,0.0,4,0.33076923076923076,0.2708333333333333,0.8365026984069024,0.9822180134680134,13.959372684,0
gestion_2015-01-30_1,9,none,,adaptive_mean,docling_easyocr,qwen,10,0,0,0,10,0.0,0.0,0.0,0,,,,,82.908979051,1
gestion_2015-01-30_1,9,none,,adaptive_mean,docling_rapidocr,qwen,10,3,0,3,10,0.0,0.0,0.0,3,0.6086918730986528,0.6666666666666666,0.8015073978054296,0.9876543209876543,17.282619827,0
gestion_2015-01-30_1,9,none,,basic,docling_easyocr,qwen,10,8,6,2,4,0.75,0.6,0.666667,8,0.39416849300570234,0.5892857142857143,0.25,0.25,82.868886148,0
gestion_2015-01-30_1,9,none,,basic,docling_rapidocr,qwen,10,3,0,3,10,0.0,0.0,0.0,3,0.5646206633625619,0.6666666666666666,0.8196997807387417,0.9841937897493453,17.137541687,0
gestion_2015-01-30_1,9,none,,niblack,docling_easyocr,qwen,10,0,0,0,10,0.0,0.0,0.0,0,,,,,63.301208318,1
gestion_2015-01-30_1,9,none,,niblack,docling_rapidocr,qwen,10,0,0,0,10,0.0,0.0,0.0,0,,,,,11.539313377,1
gestion_2015-01-30_1,9,none,,none_color,docling_easyocr,qwen,10,0,0,0,10,0.0,0.0,0.0,0,,,,,84.230040321,7
gestion_2015-01-30_1,9,none,,none_color,docling_rapidocr,qwen,10,0,0,0,10,0.0,0.0,0.0,0,,,,,18.218096742,11
gestion_2015-01-30_1,9,none,,none_grayscale,docling_easyocr,qwen,10,5,0,5,10,0.0,0.0,0.0,4,0.7638362077321219,0.8571428571428572,0.7797538387142082,0.9824635241301908,84.172069154,0
gestion_2015-01-30_1,9,none,,none_grayscale,docling_rapidocr,qwen,10,8,0,8,10,0.0,0.0,0.0,4,0.869167021648331,1.2142857142857144,0.6800030312883438,0.8262799781440133,18.96658691,0
gestion_2015-01-30_1,9,none,,otsu,docling_easyocr,qwen,10,0,0,0,10,0.0,0.0,0.0,0,,,,,82.663792837,1
gestion_2015-01-30_1,9,none,,otsu,docling_rapidocr,qwen,10,0,0,0,10,0.0,0.0,0.0,0,,,,,18.17316221,10
gestion_2015-01-30_1,10,none,,adaptive_gaussian,docling_easyocr,qwen,10,0,0,0,10,0.0,0.0,0.0,0,,,,,74.006941709,1
gestion_2015-01-30_1,10,none,,adaptive_gaussian,docling_rapidocr,qwen,10,3,0,3,10,0.0,0.0,0.0,3,0.0,0.0,0.8723942077469992,0.9886363636363636,12.925977143,0
gestion_2015-01-30_1,10,none,,adaptive_mean,docling_easyocr,qwen,10,0,0,0,10,0.0,0.0,0.0,0,,,,,78.868542056,1
gestion_2015-01-30_1,10,none,,adaptive_mean,docling_rapidocr,qwen,10,3,0,3,10,0.0,0.0,0.0,3,0.2671881790525858,0.375,0.8643742057519003,0.9876543209876543,13.877263408,0
gestion_2015-01-30_1,10,none,,basic,docling_easyocr,qwen,10,4,0,4,10,0.0,0.0,0.0,4,0.498194315554758,0.6714285714285715,0.8131473124025674,0.9943181818181819,84.681178474,0
gestion_2015-01-30_1,10,none,,basic,docling_rapidocr,qwen,10,0,0,0,10,0.0,0.0,0.0,0,,,,,16.332668923,1
gestion_2015-01-30_1,10,none,,niblack,docling_easyocr,qwen,10,0,0,0,10,0.0,0.0,0.0,0,,,,,64.440347772,1
gestion_2015-01-30_1,10,none,,niblack,docling_rapidocr,qwen,10,0,0,0,10,0.0,0.0,0.0,0,,,,,9.469807963,1
gestion_2015-01-30_1,10,none,,none_color,docling_easyocr,qwen,10,6,0,6,10,0.0,0.0,0.0,6,0.5650207096611782,0.7361111111111112,0.8228353883562077,0.9370089786756454,85.116890189,0
gestion_2015-01-30_1,10,none,,none_color,docling_rapidocr,qwen,10,0,0,0,10,0.0,0.0,0.0,0,,,,,19.068961379,8
gestion_2015-01-30_1,10,none,,none_grayscale,docling_easyocr,qwen,10,0,0,0,10,0.0,0.0,0.0,0,,,,,83.485352824,0
gestion_2015-01-30_1,10,none,,none_grayscale,docling_rapidocr,qwen,10,12,4,8,6,0.333333,0.4,0.363636,9,0.6661883967485652,0.8606701940035273,0.40081721567418005,0.4425871778210959,18.572527955,0
gestion_2015-01-30_1,10,none,,otsu,docling_easyocr,qwen,10,0,0,0,10,0.0,0.0,0.0,0,,,,,83.958623624,1
gestion_2015-01-30_1,10,none,,otsu,docling_rapidocr,qwen,10,11,1,10,9,0.090909,0.1,0.095238,7,0.13111966097914576,0.19183673469387758,0.8271834032119402,1.0188950912635124,18.720288014,0
gestion_2015-01-30_1,11,none,,adaptive_gaussian,docling_easyocr,qwen,10,3,0,3,10,0.0,0.0,0.0,2,0.08139534883720931,0.21428571428571427,0.9896800715685439,1.0,74.505032163,0
gestion_2015-01-30_1,11,none,,adaptive_gaussian,docling_rapidocr,qwen,10,6,0,6,10,0.0,0.0,0.0,4,0.5460644007155635,0.5357142857142857,0.8262541086128581,0.9853044332210998,14.108320575,0
gestion_2015-01-30_1,11,none,,adaptive_mean,docling_easyocr,qwen,10,4,3,1,7,0.75,0.3,0.428571,4,0.8883676351896691,1.15,0.19329896907216496,0.25,69.748334933,0
gestion_2015-01-30_1,11,none,,adaptive_mean,docling_rapidocr,qwen,10,4,0,4,10,0.0,0.0,0.0,4,0.19615384615384615,0.25,0.8226138095180136,0.9853044332210998,14.269925881,0
gestion_2015-01-30_1,11,none,,basic,docling_easyocr,qwen,10,4,4,0,6,1.0,0.4,0.571429,4,0.7504162504162504,1.0904761904761904,0.0,0.0,67.410730691,0
gestion_2015-01-30_1,11,none,,basic,docling_rapidocr,qwen,10,0,0,0,10,0.0,0.0,0.0,0,,,,,14.66714272,11
gestion_2015-01-30_1,11,none,,niblack,docling_easyocr,qwen,10,0,0,0,10,0.0,0.0,0.0,0,,,,,54.989041606,1
gestion_2015-01-30_1,11,none,,niblack,docling_rapidocr,qwen,10,0,0,0,10,0.0,0.0,0.0,0,,,,,11.812041322,1
gestion_2015-01-30_1,11,none,,none_color,docling_easyocr,qwen,10,4,0,4,10,0.0,0.0,0.0,4,0.20966010733452595,0.3214285714285714,0.8726714358743412,1.0,84.336204381,0
gestion_2015-01-30_1,11,none,,none_color,docling_rapidocr,qwen,10,10,2,8,8,0.2,0.2,0.2,7,0.5217074027505866,0.6938775510204083,0.6491246068163995,0.6769961519961519,17.9774507,0
gestion_2015-01-30_1,11,none,,none_grayscale,docling_easyocr,qwen,10,4,0,4,10,0.0,0.0,0.0,4,0.20966010733452595,0.3214285714285714,0.8726714358743412,1.0,82.830849904,0
gestion_2015-01-30_1,11,none,,none_grayscale,docling_rapidocr,qwen,10,10,2,8,8,0.2,0.2,0.2,7,0.5217074027505866,0.6938775510204083,0.6491246068163995,0.6769961519961519,18.690067548,0
gestion_2015-01-30_1,11,none,,otsu,docling_easyocr,qwen,10,3,0,3,10,0.0,0.0,0.0,3,0.3667262969588551,0.48412698412698413,0.8593291102663173,1.087719298245614,73.370675727,0
gestion_2015-01-30_1,11,none,,otsu,docling_rapidocr,qwen,10,1,1,0,9,1.0,0.1,0.181818,1,0.0,0.0,0.48760330578512395,0.9135802469135802,17.585147544,0
gestion_2015-01-30_1,12,none,,adaptive_gaussian,docling_easyocr,qwen,10,0,0,0,10,0.0,0.0,0.0,0,,,,,127.674265368,1
gestion_2015-01-30_1,12,none,,adaptive_gaussian,docling_rapidocr,qwen,10,2,0,2,10,0.0,0.0,0.0,2,0.584548679542767,0.6428571428571428,0.818352219476868,0.9481481481481482,55.903775199,0
gestion_2015-01-30_1,12,none,,adaptive_mean,docling_easyocr,qwen,10,4,2,2,8,0.5,0.2,0.285714,4,0.6253605726161895,0.7857142857142857,0.4536082474226804,0.5,123.360609298,0
gestion_2015-01-30_1,12,none,,adaptive_mean,docling_rapidocr,qwen,10,3,0,3,10,0.0,0.0,0.0,3,0.0,0.0,0.8414727482541111,0.9762906846240179,55.000529771,3
gestion_2015-01-30_1,12,none,,basic,docling_easyocr,qwen,10,7,0,7,10,0.0,0.0,0.0,7,0.42060250642082625,0.664795918367347,0.9567839380302322,1.0821561479456216,117.488927888,9
gestion_2015-01-30_1,12,none,,basic,docling_rapidocr,qwen,10,8,2,6,8,0.25,0.2,0.222222,7,0.5812439345710861,0.7418367346938776,0.7316420687401696,0.7766480595427964,52.956282901,0
gestion_2015-01-30_1,12,none,,niblack,docling_easyocr,qwen,10,0,0,0,10,0.0,0.0,0.0,0,,,,,101.74692228,1
gestion_2015-01-30_1,12,none,,niblack,docling_rapidocr,qwen,10,0,0,0,10,0.0,0.0,0.0,0,,,,,49.453456666,1
gestion_2015-01-30_1,12,none,,none_color,docling_easyocr,qwen,10,0,0,0,10,0.0,0.0,0.0,0,,,,,108.289215943,6
gestion_2015-01-30_1,12,none,,none_color,docling_rapidocr,qwen,10,10,2,8,8,0.2,0.2,0.2,9,0.1918678243238683,0.2992063492063492,0.8075501608884034,0.8861583672987181,55.583945415,0
gestion_2015-01-30_1,12,none,,none_grayscale,docling_easyocr,qwen,10,0,0,0,10,0.0,0.0,0.0,0,,,,,118.597534869,4
gestion_2015-01-30_1,12,none,,none_grayscale,docling_rapidocr,qwen,10,8,1,7,9,0.125,0.1,0.111111,4,0.9224457101729213,1.2142857142857144,0.6014266495840335,0.708581797507236,53.605020736,0
gestion_2015-01-30_1,12,none,,otsu,docling_easyocr,qwen,10,0,0,0,10,0.0,0.0,0.0,0,,,,,118.648485303,6
gestion_2015-01-30_1,12,none,,otsu,docling_rapidocr,qwen,10,8,1,7,9,0.125,0.1,0.111111,5,0.5670814542501122,0.6799999999999999,0.6709689516089302,0.8157129777305215,57.193838954,0
gestion_2015-01-30_1,13,none,,adaptive_gaussian,docling_easyocr,qwen,10,0,0,0,10,0.0,0.0,0.0,0,,,,,122.811939042,1
gestion_2015-01-30_1,13,none,,adaptive_gaussian,docling_rapidocr,qwen,10,4,0,4,10,0.0,0.0,0.0,4,0.20039113428943936,0.28125,0.8601810402670624,0.9914772727272727,53.819978517,0
gestion_2015-01-30_1,13,none,,adaptive_mean,docling_easyocr,qwen,10,2,1,1,9,0.5,0.1,0.166667,2,0.4783298097251586,0.5714285714285714,0.5,0.5,123.884069194,0
gestion_2015-01-30_1,13,none,,adaptive_mean,docling_rapidocr,qwen,10,0,0,0,10,0.0,0.0,0.0,0,,,,,51.097870339,5
gestion_2015-01-30_1,13,none,,basic,docling_easyocr,qwen,10,0,0,0,10,0.0,0.0,0.0,0,,,,,120.80935498,7
gestion_2015-01-30_1,13,none,,basic,docling_rapidocr,qwen,10,9,1,8,9,0.111111,0.1,0.105263,6,0.43585397653194263,0.625,0.8314771844193453,0.9235466261051056,57.127743442,0
gestion_2015-01-30_1,13,none,,niblack,docling_easyocr,qwen,10,0,0,0,10,0.0,0.0,0.0,0,,,,,93.232311591,1
gestion_2015-01-30_1,13,none,,niblack,docling_rapidocr,qwen,10,0,0,0,10,0.0,0.0,0.0,0,,,,,49.914391383,1
gestion_2015-01-30_1,13,none,,none_color,docling_easyocr,qwen,10,9,1,8,9,0.111111,0.1,0.105263,8,0.3407155709648085,0.4720238095238095,0.9071963538759629,1.0174487934904601,110.313905364,0
gestion_2015-01-30_1,13,none,,none_color,docling_rapidocr,qwen,10,12,0,12,10,0.0,0.0,0.0,8,0.43854698258957836,0.5375,0.8015018534038818,0.8389887545041054,58.107512361,0
gestion_2015-01-30_1,13,none,,none_grayscale,docling_easyocr,qwen,10,0,0,0,10,0.0,0.0,0.0,0,,,,,118.074923474,5
gestion_2015-01-30_1,13,none,,none_grayscale,docling_rapidocr,qwen,10,11,3,8,7,0.272727,0.3,0.285714,10,0.4438461538461539,0.33333333333333337,0.6847615116024541,0.7277498670919723,56.653408725,0
gestion_2015-01-30_1,13,none,,otsu,docling_easyocr,qwen,10,4,1,3,9,0.25,0.1,0.142857,4,0.49771875610448346,0.7401785714285714,1.2486136540896213,1.4267787524366473,118.275055989,0
gestion_2015-01-30_1,13,none,,otsu,docling_rapidocr,qwen,10,11,1,10,9,0.090909,0.1,0.095238,9,0.3059607482787048,0.4285714285714286,0.7282884857861427,0.7773165376966547,57.730678424,0
gestion_2015-01-30_1,14,none,,adaptive_gaussian,docling_easyocr,qwen,10,4,2,2,8,0.5,0.2,0.285714,4,0.7519447606656909,1.0071428571428571,0.4503968253968254,0.5,128.781230879,0
gestion_2015-01-30_1,14,none,,adaptive_gaussian,docling_rapidocr,qwen,10,6,4,2,6,0.666667,0.4,0.5,6,0.7919817558169943,0.9285714285714285,0.26317060009656074,0.3065843621399177,57.125797701,0
gestion_2015-01-30_1,14,none,,adaptive_mean,docling_easyocr,qwen,10,3,3,0,7,1.0,0.3,0.461538,3,0.896076146076146,1.0,0.0,0.0,113.387937043,0
gestion_2015-01-30_1,14,none,,adaptive_mean,docling_rapidocr,qwen,10,5,2,3,8,0.4,0.2,0.266667,5,0.7347833876805103,0.6485714285714286,0.5016708020858509,0.5977272727272728,53.555115197,0
gestion_2015-01-30_1,14,none,,basic,docling_easyocr,qwen,10,0,0,0,10,0.0,0.0,0.0,0,,,,,119.865699307,1
gestion_2015-01-30_1,14,none,,basic,docling_rapidocr,qwen,10,0,0,0,10,0.0,0.0,0.0,0,,,,,56.383695618,7
gestion_2015-01-30_1,14,none,,niblack,docling_easyocr,qwen,10,0,0,0,10,0.0,0.0,0.0,0,,,,,94.114093703,1
gestion_2015-01-30_1,14,none,,niblack,docling_rapidocr,qwen,10,0,0,0,10,0.0,0.0,0.0,0,,,,,49.98058502,1
gestion_2015-01-30_1,14,none,,none_color,docling_easyocr,qwen,10,0,0,0,10,0.0,0.0,0.0,0,,,,,119.741120043,7
gestion_2015-01-30_1,14,none,,none_color,docling_rapidocr,qwen,10,11,2,9,8,0.181818,0.2,0.190476,9,0.08717948717948718,0.1111111111111111,0.7622552405321182,0.7746928347805542,53.818277302,0
gestion_2015-01-30_1,14,none,,none_grayscale,docling_easyocr,qwen,10,0,0,0,10,0.0,0.0,0.0,0,,,,,119.552267733,7
gestion_2015-01-30_1,14,none,,none_grayscale,docling_rapidocr,qwen,10,11,2,9,8,0.181818,0.2,0.190476,9,0.08717948717948718,0.1111111111111111,0.7622552405321182,0.7746928347805542,57.884702387,0
gestion_2015-01-30_1,14,none,,otsu,docling_easyocr,qwen,10,0,0,0,10,0.0,0.0,0.0,0,,,,,118.990517943,3
gestion_2015-01-30_1,14,none,,otsu,docling_rapidocr,qwen,10,10,3,7,7,0.3,0.3,0.3,8,0.003472222222222222,0.025,0.6904949790543579,0.7252818757752968,56.730480521,0
gestion_2015-01-30_1,15,none,,adaptive_gaussian,docling_easyocr,qwen,10,0,0,0,10,0.0,0.0,0.0,0,,,,,79.655897143,1
gestion_2015-01-30_1,15,none,,adaptive_gaussian,docling_rapidocr,qwen,10,0,0,0,10,0.0,0.0,0.0,0,,,,,9.93431473,1
gestion_2015-01-30_1,15,none,,adaptive_mean,docling_easyocr,qwen,10,0,0,0,10,0.0,0.0,0.0,0,,,,,77.942239712,1
gestion_2015-01-30_1,15,none,,adaptive_mean,docling_rapidocr,qwen,10,0,0,0,10,0.0,0.0,0.0,0,,,,,8.637686919,1
gestion_2015-01-30_1,15,none,,basic,docling_easyocr,qwen,10,1,0,1,10,0.0,0.0,0.0,1,1.278688524590164,1.8,0.922077922077922,1.0681818181818181,79.949367516,0
gestion_2015-01-30_1,15,none,,basic,docling_rapidocr,qwen,10,0,0,0,10,0.0,0.0,0.0,0,,,,,18.017486565,1
gestion_2015-01-30_1,15,none,,niblack,docling_easyocr,qwen,10,0,0,0,10,0.0,0.0,0.0,0,,,,,61.89367704,1
gestion_2015-01-30_1,15,none,,niblack,docling_rapidocr,qwen,10,0,0,0,10,0.0,0.0,0.0,0,,,,,9.961841389,1
gestion_2015-01-30_1,15,none,,none_color,docling_easyocr,qwen,10,3,0,3,10,0.0,0.0,0.0,2,1.3651162790697675,1.7857142857142858,0.5877607241243605,0.8794671864847303,81.680400935,0
gestion_2015-01-30_1,15,none,,none_color,docling_rapidocr,qwen,10,0,0,0,10,0.0,0.0,0.0,0,,,,,16.624684897,1
gestion_2015-01-30_1,15,none,,none_grayscale,docling_easyocr,qwen,10,2,0,2,10,0.0,0.0,0.0,2,0.8651162790697675,1.0,0.8139512003148367,1.127030539311241,81.604175011,0
gestion_2015-01-30_1,15,none,,none_grayscale,docling_rapidocr,qwen,10,0,0,0,10,0.0,0.0,0.0,0,,,,,18.058324257,1
gestion_2015-01-30_1,15,none,,otsu,docling_easyocr,qwen,10,2,0,2,10,0.0,0.0,0.0,2,0.8651162790697675,1.0,0.677718745900564,0.9304743339831059,81.492667979,0
gestion_2015-01-30_1,15,none,,otsu,docling_rapidocr,qwen,10,3,1,2,9,0.333333,0.1,0.153846,3,0.9932647096200279,1.2857142857142858,0.547266798003175,0.740516273849607,18.860192602,0
gestion_2015-01-30_1,16,none,,adaptive_gaussian,docling_easyocr,qwen,10,0,0,0,10,0.0,0.0,0.0,0,,,,,61.90770479,1
gestion_2015-01-30_1,16,none,,adaptive_gaussian,docling_rapidocr,qwen,10,0,0,0,10,0.0,0.0,0.0,0,,,,,10.405238827,1
gestion_2015-01-30_1,16,none,,adaptive_mean,docling_easyocr,qwen,10,0,0,0,10,0.0,0.0,0.0,0,,,,,70.379090933,1
gestion_2015-01-30_1,16,none,,adaptive_mean,docling_rapidocr,qwen,10,0,0,0,10,0.0,0.0,0.0,0,,,,,10.127945809,1
gestion_2015-01-30_1,16,none,,basic,docling_easyocr,qwen,10,0,0,0,10,0.0,0.0,0.0,0,,,,,84.249673079,1
gestion_2015-01-30_1,16,none,,basic,docling_rapidocr,qwen,10,0,0,0,10,0.0,0.0,0.0,0,,,,,17.733084595,10
gestion_2015-01-30_1,16,none,,niblack,docling_easyocr,qwen,10,0,0,0,10,0.0,0.0,0.0,0,,,,,62.673481156,1
gestion_2015-01-30_1,16,none,,niblack,docling_rapidocr,qwen,10,0,0,0,10,0.0,0.0,0.0,0,,,,,10.347639967,1
gestion_2015-01-30_1,16,none,,none_color,docling_easyocr,qwen,10,6,0,6,10,0.0,0.0,0.0,5,0.7604560598973776,1.1095238095238096,0.8190717205913349,0.9731717762419517,81.572424694,0
gestion_2015-01-30_1,16,none,,none_color,docling_rapidocr,qwen,10,3,0,3,10,0.0,0.0,0.0,3,0.920453190220632,1.0,0.7074226668884589,0.8593458956032055,19.16550593,0
gestion_2015-01-30_1,16,none,,none_grayscale,docling_easyocr,qwen,10,5,1,4,9,0.2,0.1,0.133333,4,0.9730625553004347,1.1785714285714286,0.6281552977897871,0.7438271604938271,80.592794297,0
gestion_2015-01-30_1,16,none,,none_grayscale,docling_rapidocr,qwen,10,1,0,1,10,0.0,0.0,0.0,1,1.2093023255813953,1.8571428571428572,0.378099173553719,0.41975308641975306,15.554820416,0
gestion_2015-01-30_1,16,none,,otsu,docling_easyocr,qwen,10,0,0,0,10,0.0,0.0,0.0,0,,,,,74.670566344,1
gestion_2015-01-30_1,16,none,,otsu,docling_rapidocr,qwen,10,3,1,2,9,0.333333,0.1,0.153846,3,0.664286875914783,0.8428571428571429,0.5848856530674712,0.7236300628113493,14.935615086,0
gestion_2015-01-30_1,17,none,,adaptive_gaussian,docling_easyocr,qwen,10,0,0,0,10,0.0,0.0,0.0,0,,,,,80.040113171,1
gestion_2015-01-30_1,17,none,,adaptive_gaussian,docling_rapidocr,qwen,10,0,0,0,10,0.0,0.0,0.0,0,,,,,10.880495509,1
gestion_2015-01-30_1,17,none,,adaptive_mean,docling_easyocr,qwen,10,0,0,0,10,0.0,0.0,0.0,0,,,,,81.515066771,1
gestion_2015-01-30_1,17,none,,adaptive_mean,docling_rapidocr,qwen,10,0,0,0,10,0.0,0.0,0.0,0,,,,,10.120421795,1
gestion_2015-01-30_1,17,none,,basic,docling_easyocr,qwen,10,0,0,0,10,0.0,0.0,0.0,0,,,,,71.848683308,1
gestion_2015-01-30_1,17,none,,basic,docling_rapidocr,qwen,10,0,0,0,10,0.0,0.0,0.0,0,,,,,16.953561018,4
gestion_2015-01-30_1,17,none,,niblack,docling_easyocr,qwen,10,0,0,0,10,0.0,0.0,0.0,0,,,,,57.271047097,1
gestion_2015-01-30_1,17,none,,niblack,docling_rapidocr,qwen,10,0,0,0,10,0.0,0.0,0.0,0,,,,,10.505270462,1
gestion_2015-01-30_1,17,none,,none_color,docling_easyocr,qwen,10,3,0,3,10,0.0,0.0,0.0,3,1.2589106859504966,1.6785714285714286,0.6485881260951551,0.9355425601039635,81.488150236,0
gestion_2015-01-30_1,17,none,,none_color,docling_rapidocr,qwen,10,0,0,0,10,0.0,0.0,0.0,0,,,,,18.798809407,1
gestion_2015-01-30_1,17,none,,none_grayscale,docling_easyocr,qwen,10,3,0,3,10,0.0,0.0,0.0,3,1.2589106859504966,1.6785714285714286,0.6485881260951551,0.9355425601039635,82.650959847,0
gestion_2015-01-30_1,17,none,,none_grayscale,docling_rapidocr,qwen,10,0,0,0,10,0.0,0.0,0.0,0,,,,,18.569602845,1
gestion_2015-01-30_1,17,none,,otsu,docling_easyocr,qwen,10,0,0,0,10,0.0,0.0,0.0,0,,,,,81.497019314,1
gestion_2015-01-30_1,17,none,,otsu,docling_rapidocr,qwen,10,0,0,0,10,0.0,0.0,0.0,0,,,,,18.344671034,3
gestion_2015-01-30_1,18,none,,adaptive_gaussian,docling_easyocr,qwen,10,0,0,0,10,0.0,0.0,0.0,0,,,,,55.350880547,1
gestion_2015-01-30_1,18,none,,adaptive_gaussian,docling_rapidocr,qwen,10,0,0,0,10,0.0,0.0,0.0,0,,,,,9.745325251,1
gestion_2015-01-30_1,18,none,,adaptive_mean,docling_easyocr,qwen,10,0,0,0,10,0.0,0.0,0.0,0,,,,,62.317080848,1
gestion_2015-01-30_1,18,none,,adaptive_mean,docling_rapidocr,qwen,10,0,0,0,10,0.0,0.0,0.0,0,,,,,10.627096288,1
gestion_2015-01-30_1,18,none,,basic,docling_easyocr,qwen,10,0,0,0,10,0.0,0.0,0.0,0,,,,,62.10484377,1
gestion_2015-01-30_1,18,none,,basic,docling_rapidocr,qwen,10,0,0,0,10,0.0,0.0,0.0,0,,,,,10.555206929,1
gestion_2015-01-30_1,18,none,,niblack,docling_easyocr,qwen,10,0,0,0,10,0.0,0.0,0.0,0,,,,,64.268668141,1
gestion_2015-01-30_1,18,none,,otsu,docling_easyocr,qwen,10,0,0,0,10,0.0,0.0,0.0,0,,,,,62.343688237,1
gestion_2015-01-30_1,18,none,,otsu,docling_rapidocr,qwen,10,0,0,0,10,0.0,0.0,0.0,0,,,,,9.847663628,1
gestion_2015-01-30_1,18,none,,yannihorne,docling_easyocr,qwen,10,0,0,0,10,0.0,0.0,0.0,0,,,,,53.891112077,1
gestion_2015-01-30_1,18,none,,yannihorne,docling_rapidocr,qwen,10,0,0,0,10,0.0,0.0,0.0,0,,,,,11.316274869,1
gestion_2015-01-30_1,19,none,,adaptive_gaussian,docling_easyocr,qwen,10,0,0,0,10,0.0,0.0,0.0,0,,,,,53.594842482,1
gestion_2015-01-30_1,19,none,,adaptive_gaussian,docling_rapidocr,qwen,10,0,0,0,10,0.0,0.0,0.0,0,,,,,10.325447369,1
gestion_2015-01-30_1,19,none,,adaptive_mean,docling_easyocr,qwen,10,0,0,0,10,0.0,0.0,0.0,0,,,,,54.505964038,1
gestion_2015-01-30_1,19,none,,adaptive_mean,docling_rapidocr,qwen,10,0,0,0,10,0.0,0.0,0.0,0,,,,,10.654676673,1
gestion_2015-01-30_1,19,none,,basic,docling_easyocr,qwen,10,0,0,0,10,0.0,0.0,0.0,0,,,,,62.180950442,1
gestion_2015-01-30_1,19,none,,basic,docling_rapidocr,qwen,10,0,0,0,10,0.0,0.0,0.0,0,,,,,8.919747153,1
gestion_2015-01-30_1,19,none,,niblack,docling_easyocr,qwen,10,0,0,0,10,0.0,0.0,0.0,0,,,,,63.174698392,1
gestion_2015-01-30_1,19,none,,otsu,docling_easyocr,qwen,10,0,0,0,10,0.0,0.0,0.0,0,,,,,60.128617636,1
gestion_2015-01-30_1,19,none,,otsu,docling_rapidocr,qwen,10,0,0,0,10,0.0,0.0,0.0,0,,,,,10.088085763,1
gestion_2015-01-30_1,19,none,,yannihorne,docling_easyocr,qwen,10,0,0,0,10,0.0,0.0,0.0,0,,,,,60.362024657,1
gestion_2015-01-30_1,19,none,,yannihorne,docling_rapidocr,qwen,10,0,0,0,10,0.0,0.0,0.0,0,,,,,11.694606654,1
gestion_2015-01-30_1,20,none,,adaptive_gaussian,docling_easyocr,qwen,10,0,0,0,10,0.0,0.0,0.0,0,,,,,63.926607232,1
gestion_2015-01-30_1,20,none,,adaptive_gaussian,docling_rapidocr,qwen,10,0,0,0,10,0.0,0.0,0.0,0,,,,,9.676375727,1
gestion_2015-01-30_1,20,none,,adaptive_mean,docling_easyocr,qwen,10,0,0,0,10,0.0,0.0,0.0,0,,,,,57.330870749,1
gestion_2015-01-30_1,20,none,,adaptive_mean,docling_rapidocr,qwen,10,0,0,0,10,0.0,0.0,0.0,0,,,,,9.716611268,1
gestion_2015-01-30_1,20,none,,basic,docling_easyocr,qwen,10,0,0,0,10,0.0,0.0,0.0,0,,,,,62.092505307,1
gestion_2015-01-30_1,20,none,,basic,docling_rapidocr,qwen,10,0,0,0,10,0.0,0.0,0.0,0,,,,,10.951352925,1
gestion_2015-01-30_1,20,none,,niblack,docling_easyocr,qwen,10,0,0,0,10,0.0,0.0,0.0,0,,,,,54.973526091,1
gestion_2015-01-30_1,20,none,,otsu,docling_easyocr,qwen,10,0,0,0,10,0.0,0.0,0.0,0,,,,,62.019465371,1
gestion_2015-01-30_1,20,none,,otsu,docling_rapidocr,qwen,10,0,0,0,10,0.0,0.0,0.0,0,,,,,10.4620537,1
gestion_2015-01-30_1,20,none,,yannihorne,docling_easyocr,qwen,10,0,0,0,10,0.0,0.0,0.0,0,,,,,62.2333142,1
gestion_2015-01-30_1,20,none,,yannihorne,docling_rapidocr,qwen,10,0,0,0,10,0.0,0.0,0.0,0,,,,,11.204811259,1
gestion_2015-01-30_1,21,none,,adaptive_gaussian,docling_easyocr,qwen,10,0,0,0,10,0.0,0.0,0.0,0,,,,,196.474767163,1
gestion_2015-01-30_1,21,none,,adaptive_gaussian,docling_rapidocr,qwen,10,0,0,0,10,0.0,0.0,0.0,0,,,,,128.275069669,4
gestion_2015-01-30_1,21,none,,adaptive_mean,docling_easyocr,qwen,10,3,3,0,7,1.0,0.3,0.461538,3,1.056008806008806,1.0666666666666667,0.0,0.0,193.996668004,0
gestion_2015-01-30_1,21,none,,adaptive_mean,docling_rapidocr,qwen,10,5,0,5,10,0.0,0.0,0.0,5,0.2910196779964222,0.27380952380952384,0.8644777345205782,0.9859708193041528,127.692976378,0
gestion_2015-01-30_1,21,none,,basic,docling_easyocr,qwen,10,6,0,6,10,0.0,0.0,0.0,5,0.21857297867972666,0.3304761904761905,0.9039991078081853,0.9931818181818182,191.586490815,0
gestion_2015-01-30_1,21,none,,basic,docling_rapidocr,qwen,10,1,0,1,10,0.0,0.0,0.0,1,0.8923076923076924,1.0,0.8412698412698413,1.5263157894736843,127.713143771,0
gestion_2015-01-30_1,21,none,,niblack,docling_easyocr,qwen,10,0,0,0,10,0.0,0.0,0.0,0,,,,,174.508276646,1
gestion_2015-01-30_1,21,none,,niblack,docling_rapidocr,qwen,10,0,0,0,10,0.0,0.0,0.0,0,,,,,122.096084063,1
gestion_2015-01-30_1,21,none,,none_color,docling_easyocr,qwen,10,4,0,4,10,0.0,0.0,0.0,4,0.7072040235784041,0.8505952380952381,0.7917778525456929,0.96875,187.32585632,0
gestion_2015-01-30_1,21,none,,none_color,docling_rapidocr,qwen,10,8,1,7,9,0.125,0.1,0.111111,8,0.7121992024627285,0.8205357142857143,0.744448458148418,0.8266216625317503,129.514718882,0
gestion_2015-01-30_1,21,none,,none_grayscale,docling_easyocr,qwen,10,6,0,6,10,0.0,0.0,0.0,5,0.6151380452033735,0.7771428571428571,0.877393447509929,0.9863636363636363,197.364133231,0
gestion_2015-01-30_1,21,none,,none_grayscale,docling_rapidocr,qwen,10,8,1,7,9,0.125,0.1,0.111111,8,0.5397992187255355,0.650595238095238,0.8266351206922233,0.9094030583613917,129.211655728,0
gestion_2015-01-30_1,21,none,,otsu,docling_easyocr,qwen,10,5,0,5,10,0.0,0.0,0.0,4,0.6068492241683116,0.6422619047619047,0.8379182294030332,0.9943181818181819,195.518785733,0
gestion_2015-01-30_1,21,none,,otsu,docling_rapidocr,qwen,10,0,0,0,10,0.0,0.0,0.0,0,,,,,128.045270699,3
gestion_2015-01-30_1,22,none,,adaptive_gaussian,docling_easyocr,qwen,10,3,3,0,7,1.0,0.3,0.461538,3,0.9722222222222223,1.2952380952380953,1.0,1.0,198.721786951,0
gestion_2015-01-30_1,22,none,,adaptive_gaussian,docling_rapidocr,qwen,10,4,0,4,10,0.0,0.0,0.0,4,0.19615384615384615,0.25,0.8409031500476138,0.9886363636363636,129.132891868,0
gestion_2015-01-30_1,22,none,,adaptive_mean,docling_easyocr,qwen,10,0,0,0,10,0.0,0.0,0.0,0,,,,,196.523181839,1
gestion_2015-01-30_1,22,none,,adaptive_mean,docling_rapidocr,qwen,10,5,0,5,10,0.0,0.0,0.0,4,0.37920393559928445,0.3630952380952381,0.8826097243305036,0.9914772727272727,129.144527835,0
gestion_2015-01-30_1,22,none,,basic,docling_easyocr,qwen,10,6,6,0,4,1.0,0.6,0.75,6,0.767746465420884,1.0325396825396826,0.0,0.0,197.934594358,0
gestion_2015-01-30_1,22,none,,basic,docling_rapidocr,qwen,10,0,0,0,10,0.0,0.0,0.0,0,,,,,129.786901916,1
gestion_2015-01-30_1,22,none,,niblack,docling_easyocr,qwen,10,0,0,0,10,0.0,0.0,0.0,0,,,,,176.599943748,1
gestion_2015-01-30_1,22,none,,niblack,docling_rapidocr,qwen,10,0,0,0,10,0.0,0.0,0.0,0,,,,,123.02992641,1
gestion_2015-01-30_1,22,none,,none_color,docling_easyocr,qwen,10,0,0,0,10,0.0,0.0,0.0,0,,,,,188.026986969,16
gestion_2015-01-30_1,22,none,,none_color,docling_rapidocr,qwen,10,9,1,8,9,0.111111,0.1,0.105263,9,0.43805425533683384,0.548941798941799,0.9475632679207453,1.0092966704077815,131.148200643,0
gestion_2015-01-30_1,22,none,,none_grayscale,docling_easyocr,qwen,10,0,0,0,10,0.0,0.0,0.0,0,,,,,198.300481689,16
gestion_2015-01-30_1,22,none,,none_grayscale,docling_rapidocr,qwen,10,9,1,8,9,0.111111,0.1,0.105263,9,0.43805425533683384,0.548941798941799,0.9475632679207453,1.0092966704077815,128.09886111,0
gestion_2015-01-30_1,22,none,,otsu,docling_easyocr,qwen,10,1,0,1,10,0.0,0.0,0.0,1,0.11627906976744186,0.2857142857142857,0.9194214876033058,1.0,196.179252662,0
gestion_2015-01-30_1,22,none,,otsu,docling_rapidocr,qwen,10,5,1,4,9,0.2,0.1,0.133333,5,0.5456505249558876,0.79,1.0840678170106472,1.2298877665544332,130.408206977,0
gestion_2015-01-30_1,23,none,,adaptive_gaussian,docling_easyocr,qwen,10,0,0,0,10,0.0,0.0,0.0,0,,,,,191.699132412,1
gestion_2015-01-30_1,23,none,,adaptive_gaussian,docling_rapidocr,qwen,10,4,2,2,8,0.5,0.2,0.285714,4,0.7906163029586364,1.0214285714285714,0.4371112720456676,0.5,124.105199544,0
gestion_2015-01-30_1,23,none,,adaptive_mean,docling_easyocr,qwen,10,4,4,0,6,1.0,0.4,0.571429,4,0.9621489621489622,1.1273809523809524,0.0,0.0,190.399882711,0
gestion_2015-01-30_1,23,none,,adaptive_mean,docling_rapidocr,qwen,10,5,0,5,10,0.0,0.0,0.0,5,0.25291298865069356,0.23666666666666666,0.8995323431124742,1.0712209817472975,123.865107931,0
gestion_2015-01-30_1,23,none,,basic,docling_easyocr,qwen,10,3,2,1,8,0.666667,0.2,0.307692,3,0.3971588520768849,0.5555555555555556,0.30303030303030304,0.32954545454545453,185.726350505,0
gestion_2015-01-30_1,23,none,,basic,docling_rapidocr,qwen,10,0,0,0,10,0.0,0.0,0.0,0,,,,,122.488606174,1
gestion_2015-01-30_1,23,none,,niblack,docling_easyocr,qwen,10,0,0,0,10,0.0,0.0,0.0,0,,,,,171.292340932,1
gestion_2015-01-30_1,23,none,,niblack,docling_rapidocr,qwen,10,0,0,0,10,0.0,0.0,0.0,0,,,,,118.52303022,1
gestion_2015-01-30_1,23,none,,none_color,docling_easyocr,qwen,10,5,0,5,10,0.0,0.0,0.0,5,0.2819038184429088,0.43380952380952376,0.867344311272548,1.0354545454545456,192.775230533,0
gestion_2015-01-30_1,23,none,,none_color,docling_rapidocr,qwen,10,1,1,0,9,1.0,0.1,0.181818,1,1.1627906976744187,1.7142857142857142,0.024793388429752067,0.08641975308641975,122.339447385,0
gestion_2015-01-30_1,23,none,,none_grayscale,docling_easyocr,qwen,10,11,0,11,10,0.0,0.0,0.0,9,0.29137379859791984,0.7158730158730159,0.9303570143263096,0.9974747474747474,192.621609813,0
gestion_2015-01-30_1,23,none,,none_grayscale,docling_rapidocr,qwen,10,1,1,0,9,1.0,0.1,0.181818,1,1.1627906976744187,1.7142857142857142,0.024793388429752067,0.08641975308641975,125.869799501,0
gestion_2015-01-30_1,23,none,,otsu,docling_easyocr,qwen,10,0,0,0,10,0.0,0.0,0.0,0,,,,,188.325889381,1
gestion_2015-01-30_1,23,none,,otsu,docling_rapidocr,qwen,10,0,0,0,10,0.0,0.0,0.0,0,,,,,124.310652526,1
gestion_2015-01-30_1,24,none,,adaptive_gaussian,docling_easyocr,qwen,10,0,0,0,10,0.0,0.0,0.0,0,,,,,71.325310146,1
gestion_2015-01-30_1,24,none,,adaptive_gaussian,docling_rapidocr,qwen,10,0,0,0,10,0.0,0.0,0.0,0,,,,,12.342371856,7
gestion_2015-01-30_1,24,none,,adaptive_mean,docling_easyocr,qwen,10,0,0,0,10,0.0,0.0,0.0,0,,,,,83.978338748,1
gestion_2015-01-30_1,24,none,,adaptive_mean,docling_rapidocr,qwen,10,4,0,4,10,0.0,0.0,0.0,4,0.19615384615384615,0.25,0.8482762783623006,0.9914772727272727,15.579206258,0
gestion_2015-01-30_1,24,none,,basic,docling_easyocr,qwen,10,5,2,3,8,0.4,0.2,0.266667,5,0.3054299372943441,0.5071428571428571,0.7897349062029742,0.9534228247386143,80.867458892,0
gestion_2015-01-30_1,24,none,,basic,docling_rapidocr,qwen,10,9,0,9,10,0.0,0.0,0.0,7,0.507396132625363,0.6795918367346939,0.7847443521037232,0.8563622861868475,15.625771595,0
gestion_2015-01-30_1,24,none,,niblack,docling_easyocr,qwen,10,0,0,0,10,0.0,0.0,0.0,0,,,,,64.145102241,1
gestion_2015-01-30_1,24,none,,niblack,docling_rapidocr,qwen,10,0,0,0,10,0.0,0.0,0.0,0,,,,,11.386978843,1
gestion_2015-01-30_1,24,none,,none_color,docling_easyocr,qwen,10,0,0,0,10,0.0,0.0,0.0,0,,,,,80.316231216,9
gestion_2015-01-30_1,24,none,,none_color,docling_rapidocr,qwen,10,6,1,5,9,0.166667,0.1,0.125,5,0.6814387816929867,0.8,0.593887259257456,0.7354362336818477,18.883043693,0
gestion_2015-01-30_1,24,none,,none_grayscale,docling_easyocr,qwen,10,0,0,0,10,0.0,0.0,0.0,0,,,,,81.078828168,7
gestion_2015-01-30_1,24,none,,none_grayscale,docling_rapidocr,qwen,10,12,3,9,7,0.25,0.3,0.272727,10,0.4438461538461539,0.33333333333333337,0.6663530616302071,0.7439940339063147,16.632539821,0
gestion_2015-01-30_1,24,none,,otsu,docling_easyocr,qwen,10,0,0,0,10,0.0,0.0,0.0,0,,,,,81.752009536,1
gestion_2015-01-30_1,24,none,,otsu,docling_rapidocr,qwen,10,13,5,8,5,0.384615,0.5,0.434783,9,0.3969218268493907,0.38253968253968257,0.4363443347354624,0.5377637650054805,19.255028631,0
gestion_2015-01-30_1,25,none,,adaptive_gaussian,docling_easyocr,qwen,10,0,0,0,10,0.0,0.0,0.0,0,,,,,70.827805486,1
gestion_2015-01-30_1,25,none,,adaptive_gaussian,docling_rapidocr,qwen,10,3,2,1,8,0.666667,0.2,0.307692,3,0.9290789248416368,1.2,0.2508591065292096,0.3333333333333333,14.847244707,0
gestion_2015-01-30_1,25,none,,adaptive_mean,docling_easyocr,qwen,10,0,0,0,10,0.0,0.0,0.0,0,,,,,84.546449981,1
gestion_2015-01-30_1,25,none,,adaptive_mean,docling_rapidocr,qwen,10,5,0,5,10,0.0,0.0,0.0,5,0.2630769230769231,0.25,0.887341811280759,0.9931818181818182,15.894462905,0
gestion_2015-01-30_1,25,none,,basic,docling_easyocr,qwen,10,6,0,6,10,0.0,0.0,0.0,5,0.5431114956124488,0.6685714285714286,0.8909236774145061,1.0424236517218974,80.824717407,0
gestion_2015-01-30_1,25,none,,basic,docling_rapidocr,qwen,10,12,3,9,7,0.25,0.3,0.272727,10,0.10327868852459017,0.13,0.7838032168364208,0.8229883631638018,15.281315689,0
gestion_2015-01-30_1,25,none,,niblack,docling_easyocr,qwen,10,0,0,0,10,0.0,0.0,0.0,0,,,,,55.5323248,1
gestion_2015-01-30_1,25,none,,niblack,docling_rapidocr,qwen,10,0,0,0,10,0.0,0.0,0.0,0,,,,,10.614378938,1
gestion_2015-01-30_1,25,none,,none_color,docling_easyocr,qwen,10,6,2,4,8,0.333333,0.2,0.25,5,0.31906203086530954,0.45714285714285713,0.6450846567930515,0.8437686809616635,80.356295326,0
gestion_2015-01-30_1,25,none,,none_color,docling_rapidocr,qwen,10,8,2,6,8,0.25,0.2,0.222222,8,0.24923971377459747,0.35714285714285715,0.7627534658889257,0.8133770083879733,17.270209529,0
gestion_2015-01-30_1,25,none,,none_grayscale,docling_easyocr,qwen,10,0,0,0,10,0.0,0.0,0.0,0,,,,,79.713885597,8
gestion_2015-01-30_1,25,none,,none_grayscale,docling_rapidocr,qwen,10,1,1,0,9,1.0,0.1,0.181818,1,1.255813953488372,1.8571428571428572,0.2024793388429752,0.2222222222222222,16.601206831,0
gestion_2015-01-30_1,25,none,,otsu,docling_easyocr,qwen,10,0,0,0,10,0.0,0.0,0.0,0,,,,,68.588906484,1
gestion_2015-01-30_1,25,none,,otsu,docling_rapidocr,qwen,10,5,0,5,10,0.0,0.0,0.0,4,0.9172886674443955,1.2142857142857144,0.8814510148440393,1.0599116161616162,18.301162916,0
gestion_2015-01-30_1,26,none,,adaptive_gaussian,docling_easyocr,qwen,10,0,0,0,10,0.0,0.0,0.0,0,,,,,72.763750375,1
gestion_2015-01-30_1,26,none,,adaptive_gaussian,docling_rapidocr,qwen,10,2,0,2,10,0.0,0.0,0.0,2,0.11312573906188413,0.20535714285714285,0.8545518445940189,1.0,12.680919469,0
gestion_2015-01-30_1,26,none,,adaptive_mean,docling_easyocr,qwen,10,0,0,0,10,0.0,0.0,0.0,0,,,,,84.984039077,1
gestion_2015-01-30_1,26,none,,adaptive_mean,docling_rapidocr,qwen,10,4,0,4,10,0.0,0.0,0.0,4,0.21940966010733454,0.2857142857142857,0.8471905134778344,0.9914772727272727,17.822867164,0
gestion_2015-01-30_1,26,none,,basic,docling_easyocr,qwen,10,6,2,4,8,0.333333,0.2,0.25,6,0.14740607353930177,0.4146825396825396,0.7514416732016144,0.9222008092622126,83.715438894,0
gestion_2015-01-30_1,26,none,,basic,docling_rapidocr,qwen,10,7,1,6,9,0.142857,0.1,0.117647,7,0.4979756545814947,0.7173469387755101,0.7313772139575938,0.8099788612946508,18.686232856,0
gestion_2015-01-30_1,26,none,,niblack,docling_easyocr,qwen,10,0,0,0,10,0.0,0.0,0.0,0,,,,,56.563661367,1
gestion_2015-01-30_1,26,none,,niblack,docling_rapidocr,qwen,10,0,0,0,10,0.0,0.0,0.0,0,,,,,11.185172588,1
gestion_2015-01-30_1,26,none,,none_color,docling_easyocr,qwen,10,10,0,10,10,0.0,0.0,0.0,7,0.37802116142805087,0.4642857142857143,0.9540614433839766,1.0563219918483076,73.00176721,0
gestion_2015-01-30_1,26,none,,none_color,docling_rapidocr,qwen,10,13,3,10,7,0.230769,0.3,0.26087,10,0.003076923076923077,0.008333333333333333,0.7055911186149505,0.7250785634118968,18.468618921,0
gestion_2015-01-30_1,26,none,,none_grayscale,docling_easyocr,qwen,10,10,0,10,10,0.0,0.0,0.0,7,0.37802116142805087,0.4642857142857143,0.9540614433839766,1.0563219918483076,80.860684612,0
gestion_2015-01-30_1,26,none,,none_grayscale,docling_rapidocr,qwen,10,13,3,10,7,0.230769,0.3,0.26087,10,0.003076923076923077,0.008333333333333333,0.7055911186149505,0.7250785634118968,18.492451408,0
gestion_2015-01-30_1,26,none,,otsu,docling_easyocr,qwen,10,0,0,0,10,0.0,0.0,0.0,0,,,,,80.101630811,3
gestion_2015-01-30_1,26,none,,otsu,docling_rapidocr,qwen,10,0,0,0,10,0.0,0.0,0.0,0,,,,,19.832913522,8
gestion_2015-01-30_1,27,none,,adaptive_gaussian,docling_easyocr,qwen,10,0,0,0,10,0.0,0.0,0.0,0,,,,,72.855288091,1
gestion_2015-01-30_1,27,none,,adaptive_gaussian,docling_rapidocr,qwen,10,0,0,0,10,0.0,0.0,0.0,0,,,,,15.095387283,1
gestion_2015-01-30_1,27,none,,adaptive_mean,docling_easyocr,qwen,10,4,4,0,6,1.0,0.4,0.571429,4,0.670403724182794,0.7916666666666666,0.0,0.0,83.908601223,0
gestion_2015-01-30_1,27,none,,adaptive_mean,docling_rapidocr,qwen,10,3,0,3,10,0.0,0.0,0.0,3,0.26153846153846155,0.3333333333333333,0.7761488225405752,0.9753086419753086,16.562734542,0
gestion_2015-01-30_1,27,none,,basic,docling_easyocr,qwen,10,5,2,3,8,0.4,0.2,0.266667,5,0.5474661444192386,0.8238095238095238,0.6698318127625933,0.8498018193632231,70.028496246,0
gestion_2015-01-30_1,27,none,,basic,docling_rapidocr,qwen,10,8,2,6,8,0.25,0.2,0.222222,8,0.5674156107314623,0.63125,0.6765630913692904,0.7115196187016363,19.06434081,0
gestion_2015-01-30_1,27,none,,niblack,docling_easyocr,qwen,10,0,0,0,10,0.0,0.0,0.0,0,,,,,65.205702264,1
gestion_2015-01-30_1,27,none,,niblack,docling_rapidocr,qwen,10,0,0,0,10,0.0,0.0,0.0,0,,,,,11.643309553,1
gestion_2015-01-30_1,27,none,,none_color,docling_easyocr,qwen,10,6,1,5,9,0.166667,0.1,0.125,6,0.5344541309841749,0.6666666666666666,0.7179223909040484,0.8562968869986413,81.410543754,0
gestion_2015-01-30_1,27,none,,none_color,docling_rapidocr,qwen,10,5,1,4,9,0.2,0.1,0.133333,5,0.8237611222755674,0.9714285714285715,0.6438096609806344,0.746705948372615,19.41847594,0
gestion_2015-01-30_1,27,none,,none_grayscale,docling_easyocr,qwen,10,0,0,0,10,0.0,0.0,0.0,0,,,,,80.90971866,5
gestion_2015-01-30_1,27,none,,none_grayscale,docling_rapidocr,qwen,10,8,1,7,9,0.125,0.1,0.111111,6,0.5524873652208765,0.692857142857143,0.6400108906133809,0.7121869277571031,18.675828603,0
gestion_2015-01-30_1,27,none,,otsu,docling_easyocr,qwen,10,1,0,1,10,0.0,0.0,0.0,1,1.0465116279069768,1.8571428571428572,0.384297520661157,0.38271604938271603,72.5412777,0
gestion_2015-01-30_1,27,none,,otsu,docling_rapidocr,qwen,10,5,3,2,7,0.6,0.3,0.4,4,1.0156925423032934,1.2142857142857144,0.1608088323512075,0.20498737373737375,14.951491886,0
gestion_2015-01-30_1,28,none,,adaptive_gaussian,docling_easyocr,qwen,10,2,0,2,10,0.0,0.0,0.0,2,0.3675601103665747,0.6428571428571428,0.8111740649228933,0.9358024691358025,81.799048776,0
gestion_2015-01-30_1,28,none,,adaptive_gaussian,docling_rapidocr,qwen,10,4,1,3,9,0.25,0.1,0.142857,4,0.261892177589852,0.2857142857142857,0.6874543205712036,0.7469135802469136,14.847307558,0
gestion_2015-01-30_1,28,none,,adaptive_mean,docling_easyocr,qwen,10,0,0,0,10,0.0,0.0,0.0,0,,,,,72.75883316,1
gestion_2015-01-30_1,28,none,,adaptive_mean,docling_rapidocr,qwen,10,4,2,2,8,0.5,0.2,0.285714,4,0.7575757575757576,0.7250000000000001,0.47115871141845167,0.49382716049382713,16.233174314,0
gestion_2015-01-30_1,28,none,,basic,docling_easyocr,qwen,10,0,0,0,10,0.0,0.0,0.0,0,,,,,70.493321689,4
gestion_2015-01-30_1,28,none,,basic,docling_rapidocr,qwen,10,8,2,6,8,0.25,0.2,0.222222,5,1.12051990643938,1.2914285714285714,0.3793536613191185,0.47059513261267644,19.99683741,0
gestion_2015-01-30_1,28,none,,niblack,docling_easyocr,qwen,10,0,0,0,10,0.0,0.0,0.0,0,,,,,63.837129697,1
gestion_2015-01-30_1,28,none,,niblack,docling_rapidocr,qwen,10,0,0,0,10,0.0,0.0,0.0,0,,,,,9.492568836,1
gestion_2015-01-30_1,28,none,,none_color,docling_easyocr,qwen,10,0,0,0,10,0.0,0.0,0.0,0,,,,,68.915575391,5
gestion_2015-01-30_1,28,none,,none_color,docling_rapidocr,qwen,10,3,1,2,9,0.333333,0.1,0.153846,3,0.656887298747764,0.9523809523809524,0.6128539570098012,0.6455244452320476,18.562436468,0
gestion_2015-01-30_1,28,none,,none_grayscale,docling_easyocr,qwen,10,0,0,0,10,0.0,0.0,0.0,0,,,,,80.679310997,6
gestion_2015-01-30_1,28,none,,none_grayscale,docling_rapidocr,qwen,10,1,0,1,10,0.0,0.0,0.0,1,1.186046511627907,1.8571428571428572,0.7252066115702479,0.7901234567901234,18.742444236,0
gestion_2015-01-30_1,28,none,,otsu,docling_easyocr,qwen,10,1,1,0,9,1.0,0.1,0.181818,1,0.023255813953488372,0.2857142857142857,0.6363636363636364,0.7283950617283951,79.295878515,0
gestion_2015-01-30_1,28,none,,otsu,docling_rapidocr,qwen,10,6,2,4,8,0.333333,0.2,0.25,6,0.6157370620574224,0.9011904761904762,0.6535016210340885,0.7405898655167662,18.007000074,0
gestion_2015-01-30_1,29,none,,adaptive_gaussian,docling_easyocr,qwen,10,3,0,3,10,0.0,0.0,0.0,3,0.3026671922217843,0.6785714285714285,0.8240925567542249,0.9824561403508771,73.92533831,0
gestion_2015-01-30_1,29,none,,adaptive_gaussian,docling_rapidocr,qwen,10,4,0,4,10,0.0,0.0,0.0,4,0.24615384615384617,0.25,0.8424360130579169,0.9613385315139701,17.181800884,0
gestion_2015-01-30_1,29,none,,adaptive_mean,docling_easyocr,qwen,10,4,0,4,10,0.0,0.0,0.0,4,0.4609294670900931,0.7866071428571428,0.8711598609509976,1.0,82.744380537,0
gestion_2015-01-30_1,29,none,,adaptive_mean,docling_rapidocr,qwen,10,4,0,4,10,0.0,0.0,0.0,4,0.4983702737940026,0.5208333333333333,0.8236278131428084,1.0178687459389213,16.803860965,0
gestion_2015-01-30_1,29,none,,basic,docling_easyocr,qwen,10,0,0,0,10,0.0,0.0,0.0,0,,,,,80.673277959,8
gestion_2015-01-30_1,29,none,,basic,docling_rapidocr,qwen,10,7,1,6,9,0.142857,0.1,0.117647,7,0.23315218479152905,0.30238095238095236,0.7869889903485909,0.8310686227352894,17.959178791,0
gestion_2015-01-30_1,29,none,,niblack,docling_easyocr,qwen,10,0,0,0,10,0.0,0.0,0.0,0,,,,,64.211783254,1
gestion_2015-01-30_1,29,none,,niblack,docling_rapidocr,qwen,10,0,0,0,10,0.0,0.0,0.0,0,,,,,11.473535383,1
gestion_2015-01-30_1,29,none,,none_color,docling_easyocr,qwen,10,0,0,0,10,0.0,0.0,0.0,0,,,,,79.969556125,7
gestion_2015-01-30_1,29,none,,none_color,docling_rapidocr,qwen,10,9,3,6,7,0.333333,0.3,0.315789,7,0.28816764630718117,0.40816326530612246,0.5674421843778996,0.6165808038615056,18.552639755,0
gestion_2015-01-30_1,29,none,,none_grayscale,docling_easyocr,qwen,10,0,0,0,10,0.0,0.0,0.0,0,,,,,79.903716835,7
gestion_2015-01-30_1,29,none,,none_grayscale,docling_rapidocr,qwen,10,9,3,6,7,0.333333,0.3,0.315789,7,0.28816764630718117,0.40816326530612246,0.5674421843778996,0.6165808038615056,15.878110918,0
gestion_2015-01-30_1,29,none,,otsu,docling_easyocr,qwen,10,7,0,7,10,0.0,0.0,0.0,7,0.6006893530390737,0.8531746031746031,0.9160811088636578,1.028689358075323,68.142543254,0
gestion_2015-01-30_1,29,none,,otsu,docling_rapidocr,qwen,10,9,0,9,10,0.0,0.0,0.0,7,0.4387054018114326,0.5867346938775511,0.7734030129455028,0.8337307916255284,18.617548643,0
gestion_2015-01-30_1,30,none,,adaptive_gaussian,docling_easyocr,qwen,10,0,0,0,10,0.0,0.0,0.0,0,,,,,82.454885533,1
gestion_2015-01-30_1,30,none,,adaptive_gaussian,docling_rapidocr,qwen,10,5,2,3,8,0.4,0.2,0.266667,5,0.7355944055944056,0.78,0.6196687047202512,0.6440545808966862,13.375694086,0
gestion_2015-01-30_1,30,none,,adaptive_mean,docling_easyocr,qwen,10,0,0,0,10,0.0,0.0,0.0,0,,,,,77.519618986,1
gestion_2015-01-30_1,30,none,,adaptive_mean,docling_rapidocr,qwen,10,2,0,2,10,0.0,0.0,0.0,2,0.3813559322033898,0.5,0.7264952713640624,0.9691358024691358,13.38488221,0
gestion_2015-01-30_1,30,none,,basic,docling_easyocr,qwen,10,0,0,0,10,0.0,0.0,0.0,0,,,,,83.325959484,11
gestion_2015-01-30_1,30,none,,basic,docling_rapidocr,qwen,10,0,0,0,10,0.0,0.0,0.0,0,,,,,14.649401228,7
gestion_2015-01-30_1,30,none,,niblack,docling_easyocr,qwen,10,0,0,0,10,0.0,0.0,0.0,0,,,,,69.083056656,1
gestion_2015-01-30_1,30,none,,niblack,docling_rapidocr,qwen,10,0,0,0,10,0.0,0.0,0.0,0,,,,,12.476542202,1
gestion_2015-01-30_1,30,none,,none_color,docling_easyocr,qwen,10,0,0,0,10,0.0,0.0,0.0,0,,,,,70.420772925,3
gestion_2015-01-30_1,30,none,,none_color,docling_rapidocr,qwen,10,6,1,5,9,0.166667,0.1,0.125,6,0.581974586129487,0.8095238095238096,0.7380004016601954,0.8011036288814067,19.109720125,0
gestion_2015-01-30_1,30,none,,none_grayscale,docling_easyocr,qwen,10,0,0,0,10,0.0,0.0,0.0,0,,,,,81.389268128,6
gestion_2015-01-30_1,30,none,,none_grayscale,docling_rapidocr,qwen,10,1,0,1,10,0.0,0.0,0.0,1,0.9180327868852459,1.3,2.458256029684601,2.5681818181818183,18.057392803,0
gestion_2015-01-30_1,30,none,,otsu,docling_easyocr,qwen,10,5,0,5,10,0.0,0.0,0.0,4,0.08518578257426904,0.2505952380952381,0.8480303122072435,0.988145342312009,68.098230713,0
gestion_2015-01-30_1,30,none,,otsu,docling_rapidocr,qwen,10,5,2,3,8,0.4,0.2,0.266667,4,1.0124901023490425,1.2892857142857144,0.6806250105051818,0.9646243133085239,18.423939341,0
gestion_2015-01-30_1,31,none,,adaptive_gaussian,docling_easyocr,qwen,10,1,0,1,10,0.0,0.0,0.0,1,0.11627906976744186,0.14285714285714285,0.7913223140495868,0.9876543209876543,82.96271666,0
gestion_2015-01-30_1,31,none,,adaptive_gaussian,docling_rapidocr,qwen,10,0,0,0,10,0.0,0.0,0.0,0,,,,,17.19439896,6
gestion_2015-01-30_1,31,none,,adaptive_mean,docling_easyocr,qwen,10,0,0,0,10,0.0,0.0,0.0,0,,,,,79.834804253,1
gestion_2015-01-30_1,31,none,,adaptive_mean,docling_rapidocr,qwen,10,2,0,2,10,0.0,0.0,0.0,2,0.4461538461538462,0.5,0.7663321526957891,0.962962962962963,16.623540358,0
gestion_2015-01-30_1,31,none,,basic,docling_easyocr,qwen,10,0,0,0,10,0.0,0.0,0.0,0,,,,,71.196341036,1
gestion_2015-01-30_1,31,none,,basic,docling_rapidocr,qwen,10,0,0,0,10,0.0,0.0,0.0,0,,,,,18.919577835,5
gestion_2015-01-30_1,31,none,,niblack,docling_easyocr,qwen,10,0,0,0,10,0.0,0.0,0.0,0,,,,,57.432138565,1
gestion_2015-01-30_1,31,none,,niblack,docling_rapidocr,qwen,10,0,0,0,10,0.0,0.0,0.0,0,,,,,11.665533188,1
gestion_2015-01-30_1,31,none,,none_color,docling_easyocr,qwen,10,5,1,4,9,0.2,0.1,0.133333,5,0.5154999543385206,0.6333333333333334,0.7700784309634223,0.874554315080631,81.340163323,0
gestion_2015-01-30_1,31,none,,none_color,docling_rapidocr,qwen,10,9,1,8,9,0.111111,0.1,0.105263,7,0.505602196481446,0.6938775510204083,0.7772410026584423,0.7795152865328304,18.308421703,0
gestion_2015-01-30_1,31,none,,none_grayscale,docling_easyocr,qwen,10,7,0,7,10,0.0,0.0,0.0,7,0.38583151833921014,0.5755102040816327,0.8538754316301512,0.9464486131152798,80.021441862,0
gestion_2015-01-30_1,31,none,,none_grayscale,docling_rapidocr,qwen,10,9,2,7,8,0.222222,0.2,0.210526,9,0.42603313998662834,0.46190476190476193,0.6587696249409106,0.7401296919815439,15.710267708,0
gestion_2015-01-30_1,31,none,,otsu,docling_easyocr,qwen,10,1,0,1,10,0.0,0.0,0.0,1,1.2093023255813953,1.8571428571428572,0.7107438016528925,0.9506172839506173,78.195413183,0
gestion_2015-01-30_1,31,none,,otsu,docling_rapidocr,qwen,10,8,2,6,8,0.25,0.2,0.222222,4,1.055189301739054,1.3892857142857142,0.35476645217741754,0.5148303207513734,16.317449402,0
gestion_2015-01-30_1,32,none,,adaptive_gaussian,docling_easyocr,qwen,10,1,0,1,10,0.0,0.0,0.0,1,0.046511627906976744,0.14285714285714285,0.8367768595041323,0.9876543209876543,81.281700857,0
gestion_2015-01-30_1,32,none,,adaptive_gaussian,docling_rapidocr,qwen,10,3,0,3,10,0.0,0.0,0.0,3,0.7487179487179487,0.6666666666666666,0.9585759185103141,1.2683560753736192,16.379496105,0
gestion_2015-01-30_1,32,none,,adaptive_mean,docling_easyocr,qwen,10,2,0,2,10,0.0,0.0,0.0,2,0.5039355992844365,0.6428571428571428,0.8690476190476191,1.0,76.715377764,0
gestion_2015-01-30_1,32,none,,adaptive_mean,docling_rapidocr,qwen,10,2,0,2,10,0.0,0.0,0.0,2,0.3813559322033898,0.5,0.8131869302206697,0.9814814814814814,13.611322359,0
gestion_2015-01-30_1,32,none,,basic,docling_easyocr,qwen,10,6,2,4,8,0.333333,0.2,0.25,6,0.4705622279958175,0.6698412698412698,0.609835218534509,0.6606575009352788,78.489510296,0
gestion_2015-01-30_1,32,none,,basic,docling_rapidocr,qwen,10,1,0,1,10,0.0,0.0,0.0,1,0.0,0.0,0.78099173553719,0.9629629629629629,14.159220932,0
gestion_2015-01-30_1,32,none,,niblack,docling_easyocr,qwen,10,0,0,0,10,0.0,0.0,0.0,0,,,,,62.498183134,1
gestion_2015-01-30_1,32,none,,niblack,docling_rapidocr,qwen,10,0,0,0,10,0.0,0.0,0.0,0,,,,,11.343804243,1
gestion_2015-01-30_1,32,none,,none_color,docling_easyocr,qwen,10,1,0,1,10,0.0,0.0,0.0,1,0.023255813953488372,0.2857142857142857,0.7045454545454546,0.8395061728395061,80.769277975,0
gestion_2015-01-30_1,32,none,,none_color,docling_rapidocr,qwen,10,8,1,7,9,0.125,0.1,0.111111,6,0.5180191012444157,0.6428571428571429,0.9223157255859089,0.9425199854293421,18.485672161,0
gestion_2015-01-30_1,32,none,,none_grayscale,docling_easyocr,qwen,10,1,0,1,10,0.0,0.0,0.0,1,0.023255813953488372,0.2857142857142857,0.7045454545454546,0.8395061728395061,74.970945761,0
gestion_2015-01-30_1,32,none,,none_grayscale,docling_rapidocr,qwen,10,8,1,7,9,0.125,0.1,0.111111,6,0.5180191012444157,0.6428571428571429,0.9223157255859089,0.9425199854293421,17.940144703,0
gestion_2015-01-30_1,32,none,,otsu,docling_easyocr,qwen,10,5,0,5,10,0.0,0.0,0.0,4,0.058866083353505565,0.3339285714285714,0.8276683596672885,0.9914772727272727,80.041725706,0
gestion_2015-01-30_1,32,none,,otsu,docling_rapidocr,qwen,10,0,0,0,10,0.0,0.0,0.0,0,,,,,14.840589117,5
gestion_2015-01-30_1,33,none,,adaptive_gaussian,docling_easyocr,qwen,10,0,0,0,10,0.0,0.0,0.0,0,,,,,83.108946301,1
gestion_2015-01-30_1,33,none,,adaptive_gaussian,docling_rapidocr,qwen,10,5,0,5,10,0.0,0.0,0.0,5,0.8357317203496699,0.8916666666666668,0.8555611100195382,0.9880471380471381,16.298141934,0
gestion_2015-01-30_1,33,none,,adaptive_mean,docling_easyocr,qwen,10,0,0,0,10,0.0,0.0,0.0,0,,,,,79.979235575,1
gestion_2015-01-30_1,33,none,,adaptive_mean,docling_rapidocr,qwen,10,3,0,3,10,0.0,0.0,0.0,3,0.6642976259058245,0.7142857142857143,0.9571488076642716,1.2256443578081004,15.689476177,0
gestion_2015-01-30_1,33,none,,basic,docling_easyocr,qwen,10,6,1,5,9,0.166667,0.1,0.125,6,0.7315878779082382,0.8744708994708995,0.6898585582311649,0.7725635989524878,80.756680218,0
gestion_2015-01-30_1,33,none,,basic,docling_rapidocr,qwen,10,0,0,0,10,0.0,0.0,0.0,0,,,,,17.499930349,4
gestion_2015-01-30_1,33,none,,niblack,docling_easyocr,qwen,10,0,0,0,10,0.0,0.0,0.0,0,,,,,66.935875124,1
gestion_2015-01-30_1,33,none,,niblack,docling_rapidocr,qwen,10,0,0,0,10,0.0,0.0,0.0,0,,,,,11.099281496,1
gestion_2015-01-30_1,33,none,,none_color,docling_easyocr,qwen,10,9,1,8,9,0.111111,0.1,0.105263,8,0.3845638309777654,0.41369047619047616,0.9091086290385058,1.0132573911630929,80.597708286,0
gestion_2015-01-30_1,33,none,,none_color,docling_rapidocr,qwen,10,7,1,6,9,0.142857,0.1,0.117647,6,0.6240432519269664,0.8095238095238096,0.7038975705965932,0.7625046763935653,18.762260498,0
gestion_2015-01-30_1,33,none,,none_grayscale,docling_easyocr,qwen,10,0,0,0,10,0.0,0.0,0.0,0,,,,,80.377336874,1
gestion_2015-01-30_1,33,none,,none_grayscale,docling_rapidocr,qwen,10,9,1,8,9,0.111111,0.1,0.105263,8,0.4418718601519703,0.6071428571428572,0.8524312770321272,0.9176021915057002,16.277852669,0
gestion_2015-01-30_1,33,none,,otsu,docling_easyocr,qwen,10,3,1,2,9,0.333333,0.1,0.153846,3,0.2776796973518285,0.3611111111111111,0.6900217387230375,0.8981063067320377,79.464921515,0
gestion_2015-01-30_1,33,none,,otsu,docling_rapidocr,qwen,10,7,3,4,7,0.428571,0.3,0.352941,5,0.18983050847457628,0.2,0.4250353891805224,0.4498741804004962,16.889552395,0
gestion_2015-01-30_1,34,none,,adaptive_gaussian,docling_easyocr,qwen,10,0,0,0,10,0.0,0.0,0.0,0,,,,,72.718077225,1
gestion_2015-01-30_1,34,none,,adaptive_gaussian,docling_rapidocr,qwen,10,3,0,3,10,0.0,0.0,0.0,2,0.49230769230769234,0.5,0.9914895710350256,1.462962962962963,17.286830706,0
gestion_2015-01-30_1,34,none,,adaptive_mean,docling_easyocr,qwen,10,0,0,0,10,0.0,0.0,0.0,0,,,,,70.457193769,1
gestion_2015-01-30_1,34,none,,adaptive_mean,docling_rapidocr,qwen,10,0,0,0,10,0.0,0.0,0.0,0,,,,,13.369309582,1
gestion_2015-01-30_1,34,none,,basic,docling_easyocr,qwen,10,0,0,0,10,0.0,0.0,0.0,0,,,,,79.672281702,5
gestion_2015-01-30_1,34,none,,basic,docling_rapidocr,qwen,10,9,2,7,8,0.222222,0.2,0.210526,6,0.13455710955710956,0.18333333333333335,0.6869339155957177,0.7633821155019985,15.767221888,0
gestion_2015-01-30_1,34,none,,niblack,docling_easyocr,qwen,10,0,0,0,10,0.0,0.0,0.0,0,,,,,56.03320266,1
gestion_2015-01-30_1,34,none,,niblack,docling_rapidocr,qwen,10,0,0,0,10,0.0,0.0,0.0,0,,,,,11.410542738,1
gestion_2015-01-30_1,34,none,,none_color,docling_easyocr,qwen,10,5,1,4,9,0.2,0.1,0.133333,4,0.751390070090032,0.8214285714285714,0.690494810005454,0.8779812008978676,80.359580093,0
gestion_2015-01-30_1,34,none,,none_color,docling_rapidocr,qwen,10,8,0,8,10,0.0,0.0,0.0,8,0.47522254492278465,0.65625,0.7715353511686689,0.8103306456376631,17.628227764,0
gestion_2015-01-30_1,34,none,,none_grayscale,docling_easyocr,qwen,10,1,0,1,10,0.0,0.0,0.0,1,0.9069767441860465,1.0,0.7479338842975206,0.8271604938271605,73.529420025,0
gestion_2015-01-30_1,34,none,,none_grayscale,docling_rapidocr,qwen,10,9,3,6,7,0.333333,0.3,0.315789,8,0.4560314685314685,0.5196428571428572,0.5336316635938406,0.6155406403213421,19.231969006,0
gestion_2015-01-30_1,34,none,,otsu,docling_easyocr,qwen,10,0,0,0,10,0.0,0.0,0.0,0,,,,,80.496397051,3
gestion_2015-01-30_1,34,none,,otsu,docling_rapidocr,qwen,10,7,2,5,8,0.285714,0.2,0.235294,4,0.969123727968562,1.2392857142857143,0.34454843608512103,0.3618236458148738,15.798415216,0
gestion_2015-01-30_1,35,none,,adaptive_gaussian,docling_easyocr,qwen,10,0,0,0,10,0.0,0.0,0.0,0,,,,,83.487662378,1
gestion_2015-01-30_1,35,none,,adaptive_gaussian,docling_rapidocr,qwen,10,6,0,6,10,0.0,0.0,0.0,3,0.628509343763581,0.611111111111111,0.9878271265337807,1.3506172839506174,16.042109076,0
gestion_2015-01-30_1,35,none,,adaptive_mean,docling_easyocr,qwen,10,0,0,0,10,0.0,0.0,0.0,0,,,,,79.710852945,1
gestion_2015-01-30_1,35,none,,adaptive_mean,docling_rapidocr,qwen,10,5,1,4,9,0.2,0.1,0.133333,5,0.7522816166883963,0.9199999999999999,0.7589836451464513,0.9049282296650718,15.897869671,0
gestion_2015-01-30_1,35,none,,basic,docling_easyocr,qwen,10,0,0,0,10,0.0,0.0,0.0,0,,,,,83.253117449,1
gestion_2015-01-30_1,35,none,,basic,docling_rapidocr,qwen,10,4,2,2,8,0.5,0.2,0.285714,4,0.383767926988266,0.5,1.2912854493136325,1.6547115895800104,17.991618521,0
gestion_2015-01-30_1,35,none,,niblack,docling_easyocr,qwen,10,0,0,0,10,0.0,0.0,0.0,0,,,,,68.927862324,1
gestion_2015-01-30_1,35,none,,niblack,docling_rapidocr,qwen,10,0,0,0,10,0.0,0.0,0.0,0,,,,,10.625238575,1
gestion_2015-01-30_1,35,none,,none_color,docling_easyocr,qwen,10,6,1,5,9,0.166667,0.1,0.125,6,0.4335242695620578,0.5,0.6936591478866214,0.8436250910666114,80.32540136,0
gestion_2015-01-30_1,35,none,,none_color,docling_rapidocr,qwen,10,9,2,7,8,0.222222,0.2,0.210526,6,0.5257710392289119,0.6428571428571429,0.5282668684563182,0.6106240278023903,16.195009523,0
gestion_2015-01-30_1,35,none,,none_grayscale,docling_easyocr,qwen,10,6,1,5,9,0.166667,0.1,0.125,6,0.4335242695620578,0.5,0.6936591478866214,0.8436250910666114,71.863920504,0
gestion_2015-01-30_1,35,none,,none_grayscale,docling_rapidocr,qwen,10,9,2,7,8,0.222222,0.2,0.210526,6,0.5257710392289119,0.6428571428571429,0.5282668684563182,0.6106240278023903,18.510628754,0
gestion_2015-01-30_1,35,none,,otsu,docling_easyocr,qwen,10,4,1,3,9,0.25,0.1,0.142857,4,1.0427549194991055,1.2142857142857144,0.555954957740672,0.8119775976135626,78.964852055,0
gestion_2015-01-30_1,35,none,,otsu,docling_rapidocr,qwen,10,6,0,6,10,0.0,0.0,0.0,4,0.8749809751367031,1.2142857142857144,0.7434216671815412,0.8324077765963731,17.653703888,0
gestion_2015-01-30_1,36,none,,adaptive_gaussian,docling_easyocr,qwen,10,0,0,0,10,0.0,0.0,0.0,0,,,,,82.661436735,1
gestion_2015-01-30_1,36,none,,adaptive_gaussian,docling_rapidocr,qwen,10,3,0,3,10,0.0,0.0,0.0,2,0.49230769230769234,0.5,0.8267906336088154,0.9814814814814814,14.429571091,0
gestion_2015-01-30_1,36,none,,adaptive_mean,docling_easyocr,qwen,10,0,0,0,10,0.0,0.0,0.0,0,,,,,82.026274092,1
gestion_2015-01-30_1,36,none,,adaptive_mean,docling_rapidocr,qwen,10,4,0,4,10,0.0,0.0,0.0,4,0.6063233376792698,0.65625,0.8607080985244059,0.9574398960363872,16.21239031,0
gestion_2015-01-30_1,36,none,,basic,docling_easyocr,qwen,10,5,0,5,10,0.0,0.0,0.0,5,0.09010873504369761,0.4238095238095238,0.8958545827805434,1.0,83.588888098,0
gestion_2015-01-30_1,36,none,,basic,docling_rapidocr,qwen,10,0,0,0,10,0.0,0.0,0.0,0,,,,,16.255398203,3
gestion_2015-01-30_1,36,none,,niblack,docling_easyocr,qwen,10,0,0,0,10,0.0,0.0,0.0,0,,,,,64.088718271,1
gestion_2015-01-30_1,36,none,,niblack,docling_rapidocr,qwen,10,0,0,0,10,0.0,0.0,0.0,0,,,,,11.580308294,1
gestion_2015-01-30_1,36,none,,none_color,docling_easyocr,qwen,10,4,0,4,10,0.0,0.0,0.0,4,0.7377049180327868,0.75,0.7458429787807884,0.964574472798157,73.927382492,0
gestion_2015-01-30_1,36,none,,none_color,docling_rapidocr,qwen,10,7,1,6,9,0.142857,0.1,0.117647,6,0.684131267497448,0.8095238095238096,0.7487524190898136,0.881048545887727,18.373039507,0
gestion_2015-01-30_1,36,none,,none_grayscale,docling_easyocr,qwen,10,7,1,6,9,0.142857,0.1,0.117647,6,0.693498668908505,0.7952380952380952,0.719741067311023,0.8124251777029555,83.721343374,0
gestion_2015-01-30_1,36,none,,none_grayscale,docling_rapidocr,qwen,10,9,1,8,9,0.111111,0.1,0.105263,9,0.6431053528393229,0.7119047619047619,0.7487643222792952,0.8059173607419221,18.209318733,0
gestion_2015-01-30_1,36,none,,otsu,docling_easyocr,qwen,10,6,0,6,10,0.0,0.0,0.0,4,0.582766456196091,0.7386904761904762,0.8602593944339827,1.0519710998877665,72.965125086,0
gestion_2015-01-30_1,36,none,,otsu,docling_rapidocr,qwen,10,0,0,0,10,0.0,0.0,0.0,0,,,,,18.233907463,4
gestion_2015-01-30_1,37,none,,adaptive_gaussian,docling_easyocr,qwen,10,0,0,0,10,0.0,0.0,0.0,0,,,,,79.051973001,1
gestion_2015-01-30_1,37,none,,adaptive_gaussian,docling_rapidocr,qwen,10,6,0,6,10,0.0,0.0,0.0,4,0.721903520208605,0.75,0.8206868572881426,0.9554798718175911,14.505331652,5
gestion_2015-01-30_1,37,none,,adaptive_mean,docling_easyocr,qwen,10,0,0,0,10,0.0,0.0,0.0,0,,,,,70.765214766,1
gestion_2015-01-30_1,37,none,,adaptive_mean,docling_rapidocr,qwen,10,4,0,4,10,0.0,0.0,0.0,4,0.6882210870540962,0.75,0.8368544046512985,0.9914772727272727,13.380548799,0
gestion_2015-01-30_1,37,none,,basic,docling_easyocr,qwen,10,0,0,0,10,0.0,0.0,0.0,0,,,,,75.545854694,1
gestion_2015-01-30_1,37,none,,basic,docling_rapidocr,qwen,10,0,0,0,10,0.0,0.0,0.0,0,,,,,18.493195183,5
gestion_2015-01-30_1,37,none,,niblack,docling_easyocr,qwen,10,0,0,0,10,0.0,0.0,0.0,0,,,,,59.583632408,1
gestion_2015-01-30_1,37,none,,niblack,docling_rapidocr,qwen,10,0,0,0,10,0.0,0.0,0.0,0,,,,,12.140290438,1
gestion_2015-01-30_1,37,none,,none_color,docling_easyocr,qwen,10,5,0,5,10,0.0,0.0,0.0,5,0.3901639344262295,0.4,0.8316629079850394,0.9645002658160553,73.789763908,0
gestion_2015-01-30_1,37,none,,none_color,docling_rapidocr,qwen,10,8,1,7,9,0.125,0.1,0.111111,7,0.5197685247350206,0.8010204081632654,0.7583169714694302,0.8635690657620483,18.543771009,0
gestion_2015-01-30_1,37,none,,none_grayscale,docling_easyocr,qwen,10,6,1,5,9,0.166667,0.1,0.125,6,0.6571282637809516,0.7222222222222223,0.7397434005078938,0.751987467265245,81.036484056,0
gestion_2015-01-30_1,37,none,,none_grayscale,docling_rapidocr,qwen,10,7,3,4,7,0.428571,0.3,0.352941,7,0.652774068658972,0.7163265306122449,0.591432052318,0.6772098596660001,18.320667559,0
gestion_2015-01-30_1,37,none,,otsu,docling_easyocr,qwen,10,0,0,0,10,0.0,0.0,0.0,0,,,,,80.514728983,1
gestion_2015-01-30_1,37,none,,otsu,docling_rapidocr,qwen,10,6,0,6,10,0.0,0.0,0.0,6,0.5093023255813954,0.6474867724867724,0.8264222277477065,0.9637813318368874,17.782263954,0
gestion_2015-01-30_1,38,none,,adaptive_gaussian,docling_easyocr,qwen,10,3,2,1,8,0.666667,0.2,0.307692,3,0.7051282051282052,0.7698412698412698,0.27892561983471076,0.3292181069958848,81.68744733,0
gestion_2015-01-30_1,38,none,,adaptive_gaussian,docling_rapidocr,qwen,10,0,0,0,10,0.0,0.0,0.0,0,,,,,16.84955742,1
gestion_2015-01-30_1,38,none,,adaptive_mean,docling_easyocr,qwen,10,4,4,0,6,1.0,0.4,0.571429,4,0.8668623043623045,1.0357142857142856,0.0,0.0,80.644159524,0
gestion_2015-01-30_1,38,none,,adaptive_mean,docling_rapidocr,qwen,10,4,0,4,10,0.0,0.0,0.0,4,0.2694096601073345,0.2857142857142857,0.8437914954684268,0.9914772727272727,13.611016719,0
gestion_2015-01-30_1,38,none,,basic,docling_easyocr,qwen,10,4,0,4,10,0.0,0.0,0.0,4,0.24244699258042757,0.37142857142857144,0.886025369507094,0.9971590909090909,70.25431491,0
gestion_2015-01-30_1,38,none,,basic,docling_rapidocr,qwen,10,6,0,6,10,0.0,0.0,0.0,6,0.26167575362490614,0.36111111111111116,0.9238882587389751,1.1349289680430033,17.459611665,0
gestion_2015-01-30_1,38,none,,niblack,docling_easyocr,qwen,10,0,0,0,10,0.0,0.0,0.0,0,,,,,57.663729492,1
gestion_2015-01-30_1,38,none,,niblack,docling_rapidocr,qwen,10,0,0,0,10,0.0,0.0,0.0,0,,,,,10.19256002,1
gestion_2015-01-30_1,38,none,,none_color,docling_easyocr,qwen,10,0,0,0,10,0.0,0.0,0.0,0,,,,,72.44293016,3
gestion_2015-01-30_1,38,none,,none_color,docling_rapidocr,qwen,10,0,0,0,10,0.0,0.0,0.0,0,,,,,18.70847982,9
gestion_2015-01-30_1,38,none,,none_grayscale,docling_easyocr,qwen,10,0,0,0,10,0.0,0.0,0.0,0,,,,,81.854608713,3
gestion_2015-01-30_1,38,none,,none_grayscale,docling_rapidocr,qwen,10,0,0,0,10,0.0,0.0,0.0,0,,,,,18.926558671,9
gestion_2015-01-30_1,38,none,,otsu,docling_easyocr,qwen,10,0,0,0,10,0.0,0.0,0.0,0,,,,,81.354387843,1
gestion_2015-01-30_1,38,none,,otsu,docling_rapidocr,qwen,10,0,0,0,10,0.0,0.0,0.0,0,,,,,18.052075469,5
gestion_2015-01-30_1,39,none,,adaptive_gaussian,docling_easyocr,qwen,10,3,3,0,7,1.0,0.3,0.461538,3,0.630989380989381,1.0,0.0,0.0,120.875340667,0
gestion_2015-01-30_1,39,none,,adaptive_gaussian,docling_rapidocr,qwen,10,5,0,5,10,0.0,0.0,0.0,5,0.2912252509020345,0.34523809523809523,0.9036290645876935,0.9819248035914703,52.587509837,0
gestion_2015-01-30_1,39,none,,adaptive_mean,docling_easyocr,qwen,10,0,0,0,10,0.0,0.0,0.0,0,,,,,117.292334876,1
gestion_2015-01-30_1,39,none,,adaptive_mean,docling_rapidocr,qwen,10,6,0,6,10,0.0,0.0,0.0,5,0.28897856242118536,0.27666666666666667,0.878292130802507,0.9931818181818182,54.433922611,0
gestion_2015-01-30_1,39,none,,basic,docling_easyocr,qwen,10,6,2,4,8,0.333333,0.2,0.25,6,0.4404205536582424,0.6285714285714286,0.7216766933596496,0.8589835981648847,117.955253724,0
gestion_2015-01-30_1,39,none,,basic,docling_rapidocr,qwen,10,10,2,8,8,0.2,0.2,0.2,8,0.1015491452991453,0.15,0.7521322379737161,0.7863442539429382,56.368832473,0
gestion_2015-01-30_1,39,none,,niblack,docling_easyocr,qwen,10,0,0,0,10,0.0,0.0,0.0,0,,,,,102.344035966,1
gestion_2015-01-30_1,39,none,,niblack,docling_rapidocr,qwen,10,0,0,0,10,0.0,0.0,0.0,0,,,,,49.692945583,1
gestion_2015-01-30_1,39,none,,none_color,docling_easyocr,qwen,10,7,0,7,10,0.0,0.0,0.0,7,0.45051589039878515,0.6122448979591837,0.9335395688560197,1.0416185666185667,111.270101287,0
gestion_2015-01-30_1,39,none,,none_color,docling_rapidocr,qwen,10,9,1,8,9,0.111111,0.1,0.105263,6,0.64980204698085,0.6666666666666666,1.0170498216421364,1.0724703172071592,57.408067443,0
gestion_2015-01-30_1,39,none,,none_grayscale,docling_easyocr,qwen,10,0,0,0,10,0.0,0.0,0.0,0,,,,,111.357867769,14
gestion_2015-01-30_1,39,none,,none_grayscale,docling_rapidocr,qwen,10,9,1,8,9,0.111111,0.1,0.105263,4,1.0147335698994107,1.2142857142857144,0.4281152742543156,0.5406886850965799,57.019678167,0
gestion_2015-01-30_1,39,none,,otsu,docling_easyocr,qwen,10,1,0,1,10,0.0,0.0,0.0,1,1.0465116279069768,1.8571428571428572,0.38016528925619836,0.38271604938271603,117.157563405,0
gestion_2015-01-30_1,39,none,,otsu,docling_rapidocr,qwen,10,5,3,2,7,0.6,0.3,0.4,4,0.7773204492800375,0.9642857142857143,0.16990255248388866,0.3636359944473979,53.585301357,0
gestion_2015-01-30_1,40,none,,adaptive_gaussian,docling_easyocr,qwen,10,0,0,0,10,0.0,0.0,0.0,0,,,,,120.608345161,1
gestion_2015-01-30_1,40,none,,adaptive_gaussian,docling_rapidocr,qwen,10,3,1,2,9,0.333333,0.1,0.153846,3,0.6082804792107118,0.7142857142857143,0.558299444663081,0.6543209876543209,51.653607498,0
gestion_2015-01-30_1,40,none,,adaptive_mean,docling_easyocr,qwen,10,0,0,0,10,0.0,0.0,0.0,0,,,,,122.173117881,1
gestion_2015-01-30_1,40,none,,adaptive_mean,docling_rapidocr,qwen,10,6,0,6,10,0.0,0.0,0.0,5,0.25846153846153846,0.2,0.8857545096934574,0.9931818181818182,54.961723333,0
gestion_2015-01-30_1,40,none,,basic,docling_easyocr,qwen,10,0,0,0,10,0.0,0.0,0.0,0,,,,,118.818931388,4
gestion_2015-01-30_1,40,none,,basic,docling_rapidocr,qwen,10,8,3,5,7,0.375,0.3,0.333333,7,0.7940083908544139,0.9581632653061225,0.5511302968507031,0.5711342750816435,56.372176217,0
gestion_2015-01-30_1,40,none,,niblack,docling_easyocr,qwen,10,0,0,0,10,0.0,0.0,0.0,0,,,,,102.506289249,1
gestion_2015-01-30_1,40,none,,niblack,docling_rapidocr,qwen,10,0,0,0,10,0.0,0.0,0.0,0,,,,,49.577409511,1
gestion_2015-01-30_1,40,none,,none_color,docling_easyocr,qwen,10,6,1,5,9,0.166667,0.1,0.125,5,0.5852348525102584,0.8171428571428571,0.9579662412237054,1.1440480831708901,118.073008201,0
gestion_2015-01-30_1,40,none,,none_color,docling_rapidocr,qwen,10,5,1,4,9,0.2,0.1,0.133333,5,0.706684807833318,1.0,0.5966204709142183,0.6813382361627977,56.802164218,0
gestion_2015-01-30_1,40,none,,none_grayscale,docling_easyocr,qwen,10,6,1,5,9,0.166667,0.1,0.125,6,0.5874516737149768,0.7142857142857143,0.8885024511447058,1.013084056943706,110.219019388,0
gestion_2015-01-30_1,40,none,,none_grayscale,docling_rapidocr,qwen,10,11,4,7,6,0.363636,0.4,0.380952,10,0.45093364000340747,0.35873015873015873,0.6228656513299705,0.6578941461397602,55.125304435,0
gestion_2015-01-30_1,40,none,,otsu,docling_easyocr,qwen,10,5,0,5,10,0.0,0.0,0.0,4,1.0562611806797852,1.2142857142857144,0.5718219240779155,0.7295048437592297,117.011185766,0
gestion_2015-01-30_1,40,none,,otsu,docling_rapidocr,qwen,10,8,3,5,7,0.375,0.3,0.333333,6,0.9103201533201468,1.0261904761904763,0.4184059625383765,0.49536101758323986,56.407468915,0
gestion_2015-01-30_1,41,none,,adaptive_gaussian,docling_easyocr,qwen,10,3,0,3,10,0.0,0.0,0.0,3,0.2997898276586801,0.39999999999999997,0.917988001198605,1.0,120.205893411,0
gestion_2015-01-30_1,41,none,,adaptive_gaussian,docling_rapidocr,qwen,10,4,0,4,10,0.0,0.0,0.0,4,0.19615384615384615,0.25,0.8135271169897625,0.9670314253647587,52.846210851,0
gestion_2015-01-30_1,41,none,,adaptive_mean,docling_easyocr,qwen,10,3,2,1,8,0.666667,0.2,0.307692,3,0.8620955315870571,1.0666666666666667,0.27835051546391754,0.3333333333333333,111.63920704,0
gestion_2015-01-30_1,41,none,,adaptive_mean,docling_rapidocr,qwen,10,4,0,4,10,0.0,0.0,0.0,4,0.5688396349413298,0.5,0.8090085846897335,0.9883908529741863,55.618707572,0
gestion_2015-01-30_1,41,none,,basic,docling_easyocr,qwen,10,0,0,0,10,0.0,0.0,0.0,0,,,,,119.832717065,8
gestion_2015-01-30_1,41,none,,basic,docling_rapidocr,qwen,10,0,0,0,10,0.0,0.0,0.0,0,,,,,53.036385183,11
gestion_2015-01-30_1,41,none,,niblack,docling_easyocr,qwen,10,0,0,0,10,0.0,0.0,0.0,0,,,,,101.768163472,1
gestion_2015-01-30_1,41,none,,niblack,docling_rapidocr,qwen,10,0,0,0,10,0.0,0.0,0.0,0,,,,,50.047223121,1
gestion_2015-01-30_1,41,none,,none_color,docling_easyocr,qwen,10,0,0,0,10,0.0,0.0,0.0,0,,,,,118.66538482,1
gestion_2015-01-30_1,41,none,,none_color,docling_rapidocr,qwen,10,10,3,7,7,0.3,0.3,0.3,9,0.49643598659992105,0.5730158730158731,0.5790039962731532,0.6313649818523114,53.805208019,0
gestion_2015-01-30_1,41,none,,none_grayscale,docling_easyocr,qwen,10,0,0,0,10,0.0,0.0,0.0,0,,,,,119.173468402,1
gestion_2015-01-30_1,41,none,,none_grayscale,docling_rapidocr,qwen,10,10,3,7,7,0.3,0.3,0.3,9,0.49643598659992105,0.5730158730158731,0.5790039962731532,0.6313649818523114,57.011841825,0
gestion_2015-01-30_1,41,none,,otsu,docling_easyocr,qwen,10,1,0,1,10,0.0,0.0,0.0,1,1.069767441860465,1.8571428571428572,0.4793388429752066,0.5925925925925926,118.365400272,0
gestion_2015-01-30_1,41,none,,otsu,docling_rapidocr,qwen,10,11,3,8,7,0.272727,0.3,0.285714,8,0.22889087656529516,0.35714285714285715,0.6318096943557179,0.6580141694725028,56.61969276,0
gestion_2015-01-30_1,42,none,,adaptive_gaussian,docling_easyocr,qwen,10,0,0,0,10,0.0,0.0,0.0,0,,,,,79.935510771,1
gestion_2015-01-30_1,42,none,,adaptive_gaussian,docling_rapidocr,qwen,10,0,0,0,10,0.0,0.0,0.0,0,,,,,10.799415008,1
gestion_2015-01-30_1,42,none,,adaptive_mean,docling_easyocr,qwen,10,0,0,0,10,0.0,0.0,0.0,0,,,,,82.389298927,1
gestion_2015-01-30_1,42,none,,adaptive_mean,docling_rapidocr,qwen,10,0,0,0,10,0.0,0.0,0.0,0,,,,,10.920923721,1
gestion_2015-01-30_1,42,none,,basic,docling_easyocr,qwen,10,0,0,0,10,0.0,0.0,0.0,0,,,,,83.678770595,1
gestion_2015-01-30_1,42,none,,basic,docling_rapidocr,qwen,10,0,0,0,10,0.0,0.0,0.0,0,,,,,14.320778185,1
gestion_2015-01-30_1,42,none,,niblack,docling_easyocr,qwen,10,0,0,0,10,0.0,0.0,0.0,0,,,,,62.466784033,1
gestion_2015-01-30_1,42,none,,niblack,docling_rapidocr,qwen,10,0,0,0,10,0.0,0.0,0.0,0,,,,,10.072464021,1
gestion_2015-01-30_1,42,none,,none_color,docling_easyocr,qwen,10,3,0,3,10,0.0,0.0,0.0,3,0.503656998738966,0.6388888888888888,0.7377469812534748,0.9702261405477781,81.662144569,0
gestion_2015-01-30_1,42,none,,none_color,docling_rapidocr,qwen,10,0,0,0,10,0.0,0.0,0.0,0,,,,,18.843164114,1
gestion_2015-01-30_1,42,none,,none_grayscale,docling_easyocr,qwen,10,0,0,0,10,0.0,0.0,0.0,0,,,,,81.131987791,1
gestion_2015-01-30_1,42,none,,none_grayscale,docling_rapidocr,qwen,10,0,0,0,10,0.0,0.0,0.0,0,,,,,16.768754701,1
gestion_2015-01-30_1,42,none,,otsu,docling_easyocr,qwen,10,0,0,0,10,0.0,0.0,0.0,0,,,,,85.385037071,1
gestion_2015-01-30_1,42,none,,otsu,docling_rapidocr,qwen,10,0,0,0,10,0.0,0.0,0.0,0,,,,,10.49463833,1
gestion_2015-01-30_1,43,none,,adaptive_gaussian,docling_easyocr,qwen,10,0,0,0,10,0.0,0.0,0.0,0,,,,,76.999432201,1
gestion_2015-01-30_1,43,none,,adaptive_gaussian,docling_rapidocr,qwen,10,0,0,0,10,0.0,0.0,0.0,0,,,,,10.509766693,1
gestion_2015-01-30_1,43,none,,adaptive_mean,docling_easyocr,qwen,10,0,0,0,10,0.0,0.0,0.0,0,,,,,77.538129154,1
gestion_2015-01-30_1,43,none,,adaptive_mean,docling_rapidocr,qwen,10,0,0,0,10,0.0,0.0,0.0,0,,,,,9.734964195,1
gestion_2015-01-30_1,43,none,,basic,docling_easyocr,qwen,10,0,0,0,10,0.0,0.0,0.0,0,,,,,84.273918972,1
gestion_2015-01-30_1,43,none,,basic,docling_rapidocr,qwen,10,0,0,0,10,0.0,0.0,0.0,0,,,,,10.310868129,1
gestion_2015-01-30_1,43,none,,niblack,docling_easyocr,qwen,10,0,0,0,10,0.0,0.0,0.0,0,,,,,56.676724134,1
gestion_2015-01-30_1,43,none,,niblack,docling_rapidocr,qwen,10,0,0,0,10,0.0,0.0,0.0,0,,,,,11.629349886,1
gestion_2015-01-30_1,43,none,,none_color,docling_easyocr,qwen,10,2,1,1,9,0.5,0.1,0.166667,2,0.6908914728682171,1.0,0.4865702479338843,0.5,86.471808632,0
gestion_2015-01-30_1,43,none,,none_color,docling_rapidocr,qwen,10,1,0,1,10,0.0,0.0,0.0,1,0.20930232558139536,0.2857142857142857,0.6177685950413223,0.8024691358024691,17.710798223,0
gestion_2015-01-30_1,43,none,,none_grayscale,docling_easyocr,qwen,10,0,0,0,10,0.0,0.0,0.0,0,,,,,86.430816683,1
gestion_2015-01-30_1,43,none,,none_grayscale,docling_rapidocr,qwen,10,0,0,0,10,0.0,0.0,0.0,0,,,,,18.850320133,6
gestion_2015-01-30_1,43,none,,otsu,docling_easyocr,qwen,10,0,0,0,10,0.0,0.0,0.0,0,,,,,84.169132887,1
gestion_2015-01-30_1,43,none,,otsu,docling_rapidocr,qwen,10,0,0,0,10,0.0,0.0,0.0,0,,,,,11.212253032,1
gestion_2015-01-30_1,44,none,,adaptive_gaussian,docling_easyocr,qwen,10,0,0,0,10,0.0,0.0,0.0,0,,,,,81.976328176,1
gestion_2015-01-30_1,44,none,,adaptive_gaussian,docling_rapidocr,qwen,10,0,0,0,10,0.0,0.0,0.0,0,,,,,8.99398784,1
gestion_2015-01-30_1,44,none,,adaptive_mean,docling_easyocr,qwen,10,0,0,0,10,0.0,0.0,0.0,0,,,,,82.366889944,1
gestion_2015-01-30_1,44,none,,adaptive_mean,docling_rapidocr,qwen,10,0,0,0,10,0.0,0.0,0.0,0,,,,,10.30599164,1
gestion_2015-01-30_1,44,none,,basic,docling_easyocr,qwen,10,0,0,0,10,0.0,0.0,0.0,0,,,,,81.631326946,1
gestion_2015-01-30_1,44,none,,basic,docling_rapidocr,qwen,10,2,0,2,10,0.0,0.0,0.0,2,1.361990087685856,1.8571428571428572,0.5487223815145893,0.66912177328844,14.02249864,0
gestion_2015-01-30_1,44,none,,niblack,docling_easyocr,qwen,10,0,0,0,10,0.0,0.0,0.0,0,,,,,62.316267978,1
gestion_2015-01-30_1,44,none,,niblack,docling_rapidocr,qwen,10,0,0,0,10,0.0,0.0,0.0,0,,,,,11.130199444,1
gestion_2015-01-30_1,44,none,,none_color,docling_easyocr,qwen,10,0,0,0,10,0.0,0.0,0.0,0,,,,,72.585159977,4
gestion_2015-01-30_1,44,none,,none_color,docling_rapidocr,qwen,10,0,0,0,10,0.0,0.0,0.0,0,,,,,19.602356155,1
gestion_2015-01-30_1,44,none,,none_grayscale,docling_easyocr,qwen,10,0,0,0,10,0.0,0.0,0.0,0,,,,,80.985409935,4
gestion_2015-01-30_1,44,none,,none_grayscale,docling_rapidocr,qwen,10,0,0,0,10,0.0,0.0,0.0,0,,,,,15.715752561,1
gestion_2015-01-30_1,44,none,,otsu,docling_easyocr,qwen,10,0,0,0,10,0.0,0.0,0.0,0,,,,,87.787873611,1
gestion_2015-01-30_1,44,none,,otsu,docling_rapidocr,qwen,10,0,0,0,10,0.0,0.0,0.0,0,,,,,11.224633322,1
gestion_2015-01-30_1,45,none,,adaptive_gaussian,docling_rapidocr,qwen,10,0,0,0,10,0.0,0.0,0.0,0,,,,,11.518281339,1
gestion_2015-01-30_1,45,none,,adaptive_mean,docling_easyocr,qwen,10,0,0,0,10,0.0,0.0,0.0,0,,,,,54.352040119,1
gestion_2015-01-30_1,45,none,,adaptive_mean,docling_rapidocr,qwen,10,0,0,0,10,0.0,0.0,0.0,0,,,,,12.025288887,1
gestion_2015-01-30_1,45,none,,basic,docling_easyocr,qwen,10,0,0,0,10,0.0,0.0,0.0,0,,,,,53.054854263,1
gestion_2015-01-30_1,45,none,,basic,docling_rapidocr,qwen,10,0,0,0,10,0.0,0.0,0.0,0,,,,,11.342575659,1
gestion_2015-01-30_1,45,none,,niblack,docling_easyocr,qwen,10,0,0,0,10,0.0,0.0,0.0,0,,,,,55.550300924,1
gestion_2015-01-30_1,45,none,,none_color,docling_easyocr,qwen,10,0,0,0,10,0.0,0.0,0.0,0,,,,,64.157345093,1
gestion_2015-01-30_1,45,none,,none_grayscale,docling_easyocr,qwen,10,0,0,0,10,0.0,0.0,0.0,0,,,,,57.144364393,1
gestion_2015-01-30_1,45,none,,otsu,docling_easyocr,qwen,10,0,0,0,10,0.0,0.0,0.0,0,,,,,62.871231975,1
gestion_2015-01-30_1,45,none,,otsu,docling_rapidocr,qwen,10,0,0,0,10,0.0,0.0,0.0,0,,,,,9.477469387,1
gestion_2015-01-30_1,45,none,,yannihorne,docling_easyocr,qwen,10,0,0,0,10,0.0,0.0,0.0,0,,,,,62.083646717,1
gestion_2015-01-30_1,45,none,,yannihorne,docling_rapidocr,qwen,10,0,0,0,10,0.0,0.0,0.0,0,,,,,11.049572887,1
gestion_2015-01-30_1,46,none,,adaptive_mean,docling_easyocr,qwen,10,0,0,0,10,0.0,0.0,0.0,0,,,,,62.582952571,1
gestion_2015-01-30_1,46,none,,adaptive_mean,docling_rapidocr,qwen,10,0,0,0,10,0.0,0.0,0.0,0,,,,,11.144733262,1
gestion_2015-01-30_1,46,none,,basic,docling_easyocr,qwen,10,0,0,0,10,0.0,0.0,0.0,0,,,,,62.07965743,1
gestion_2015-01-30_1,46,none,,basic,docling_rapidocr,qwen,10,0,0,0,10,0.0,0.0,0.0,0,,,,,10.683018321,1
gestion_2015-01-30_1,46,none,,niblack,docling_easyocr,qwen,10,0,0,0,10,0.0,0.0,0.0,0,,,,,63.463230298,1
gestion_2015-01-30_1,46,none,,niblack,docling_rapidocr,qwen,10,0,0,0,10,0.0,0.0,0.0,0,,,,,10.715913223,1
gestion_2015-01-30_1,46,none,,none_color,docling_easyocr,qwen,10,0,0,0,10,0.0,0.0,0.0,0,,,,,56.261275571,1
gestion_2015-01-30_1,46,none,,none_grayscale,docling_easyocr,qwen,10,0,0,0,10,0.0,0.0,0.0,0,,,,,56.625889343,1
gestion_2015-01-30_1,46,none,,otsu,docling_easyocr,qwen,10,0,0,0,10,0.0,0.0,0.0,0,,,,,62.493838497,1
gestion_2015-01-30_1,46,none,,otsu,docling_rapidocr,qwen,10,0,0,0,10,0.0,0.0,0.0,0,,,,,10.2585072,1
gestion_2015-01-30_1,46,none,,yannihorne,docling_easyocr,qwen,10,0,0,0,10,0.0,0.0,0.0,0,,,,,62.287734933,1
gestion_2015-01-30_1,46,none,,yannihorne,docling_rapidocr,qwen,10,0,0,0,10,0.0,0.0,0.0,0,,,,,10.81527371,1
gestion_2015-01-30_1,47,none,,adaptive_gaussian,docling_rapidocr,qwen,10,0,0,0,10,0.0,0.0,0.0,0,,,,,10.727288608,1
gestion_2015-01-30_1,47,none,,adaptive_mean,docling_easyocr,qwen,10,0,0,0,10,0.0,0.0,0.0,0,,,,,63.514115644,1
gestion_2015-01-30_1,47,none,,adaptive_mean,docling_rapidocr,qwen,10,0,0,0,10,0.0,0.0,0.0,0,,,,,10.161694122,1
gestion_2015-01-30_1,47,none,,basic,docling_easyocr,qwen,10,0,0,0,10,0.0,0.0,0.0,0,,,,,62.782285804,1
gestion_2015-01-30_1,47,none,,basic,docling_rapidocr,qwen,10,0,0,0,10,0.0,0.0,0.0,0,,,,,9.551531429,1
gestion_2015-01-30_1,47,none,,niblack,docling_easyocr,qwen,10,0,0,0,10,0.0,0.0,0.0,0,,,,,63.773895812,1
gestion_2015-01-30_1,47,none,,none_color,docling_easyocr,qwen,10,0,0,0,10,0.0,0.0,0.0,0,,,,,64.022712344,1
gestion_2015-01-30_1,47,none,,none_grayscale,docling_easyocr,qwen,10,0,0,0,10,0.0,0.0,0.0,0,,,,,64.194814008,1
gestion_2015-01-30_1,47,none,,otsu,docling_easyocr,qwen,10,0,0,0,10,0.0,0.0,0.0,0,,,,,55.623062082,1
gestion_2015-01-30_1,47,none,,otsu,docling_rapidocr,qwen,10,0,0,0,10,0.0,0.0,0.0,0,,,,,10.247731633,1
gestion_2015-01-30_1,47,none,,yannihorne,docling_easyocr,qwen,10,0,0,0,10,0.0,0.0,0.0,0,,,,,61.805069871,1
gestion_2015-01-30_1,47,none,,yannihorne,docling_rapidocr,qwen,10,0,0,0,10,0.0,0.0,0.0,0,,,,,10.806466289,1
gestion_2015-01-30_1,48,none,,adaptive_gaussian,docling_easyocr,qwen,10,5,5,0,5,1.0,0.5,0.666667,5,0.9203397377815982,1.119047619047619,0.0,0.0,196.363836742,0
gestion_2015-01-30_1,48,none,,adaptive_gaussian,docling_rapidocr,qwen,10,0,0,0,10,0.0,0.0,0.0,0,,,,,128.775685287,5
gestion_2015-01-30_1,48,none,,adaptive_mean,docling_easyocr,qwen,10,4,4,0,6,1.0,0.4,0.571429,4,0.9344821844821846,1.2214285714285715,0.0,0.0,188.765850231,0
gestion_2015-01-30_1,48,none,,adaptive_mean,docling_rapidocr,qwen,10,5,0,5,10,0.0,0.0,0.0,4,0.2153846153846154,0.25,0.7851838344039441,0.9760451739618407,127.961048766,0
gestion_2015-01-30_1,48,none,,basic,docling_easyocr,qwen,10,4,0,4,10,0.0,0.0,0.0,4,0.2831249586821225,0.5276785714285714,0.8418098196934052,0.9776515151515152,196.000069036,0
gestion_2015-01-30_1,48,none,,basic,docling_rapidocr,qwen,10,1,0,1,10,0.0,0.0,0.0,1,0.0,0.0,0.7706611570247934,0.9382716049382716,127.433062209,0
gestion_2015-01-30_1,48,none,,niblack,docling_easyocr,qwen,10,0,0,0,10,0.0,0.0,0.0,0,,,,,176.646246877,1
gestion_2015-01-30_1,48,none,,niblack,docling_rapidocr,qwen,10,0,0,0,10,0.0,0.0,0.0,0,,,,,123.243476119,1
gestion_2015-01-30_1,48,none,,none_color,docling_easyocr,qwen,10,0,0,0,10,0.0,0.0,0.0,0,,,,,186.088649572,12
gestion_2015-01-30_1,48,none,,none_color,docling_rapidocr,qwen,10,9,2,7,8,0.222222,0.2,0.210526,9,0.36210946676062955,0.3507936507936508,0.7042440913329475,0.7777379053694844,130.832686246,0
gestion_2015-01-30_1,48,none,,none_grayscale,docling_easyocr,qwen,10,0,0,0,10,0.0,0.0,0.0,0,,,,,194.848953618,12
gestion_2015-01-30_1,48,none,,none_grayscale,docling_rapidocr,qwen,10,10,2,8,8,0.2,0.2,0.2,9,0.5610216656728285,0.46560846560846564,0.7010713063732209,0.7703304979620769,130.927725686,0
gestion_2015-01-30_1,48,none,,otsu,docling_easyocr,qwen,10,0,0,0,10,0.0,0.0,0.0,0,,,,,186.18062016,1
gestion_2015-01-30_1,48,none,,otsu,docling_rapidocr,qwen,10,3,1,2,9,0.333333,0.1,0.153846,3,0.3282051282051282,0.3333333333333333,0.6331012662181493,0.8610175832398054,130.118416753,0
gestion_2015-01-30_1,49,none,,adaptive_gaussian,docling_easyocr,qwen,10,0,0,0,10,0.0,0.0,0.0,0,,,,,194.899776893,1
gestion_2015-01-30_1,49,none,,adaptive_gaussian,docling_rapidocr,qwen,10,3,0,3,10,0.0,0.0,0.0,3,0.27283789656671015,0.4583333333333333,0.8084015502009879,0.9917695473251028,129.056190925,0
gestion_2015-01-30_1,49,none,,adaptive_mean,docling_easyocr,qwen,10,4,3,1,7,0.75,0.3,0.428571,4,0.8925824175824175,1.1714285714285715,0.19444444444444445,0.25,193.601211215,0
gestion_2015-01-30_1,49,none,,adaptive_mean,docling_rapidocr,qwen,10,5,0,5,10,0.0,0.0,0.0,4,0.19615384615384615,0.25,0.9239760152449268,1.0,128.889498855,0
gestion_2015-01-30_1,49,none,,basic,docling_easyocr,qwen,10,3,0,3,10,0.0,0.0,0.0,3,0.09032473242169735,0.373015873015873,0.8321001779296062,0.9701104613385314,185.631905431,0
gestion_2015-01-30_1,49,none,,basic,docling_rapidocr,qwen,10,5,0,5,10,0.0,0.0,0.0,5,0.5105739668293866,0.7357142857142858,1.5311962364111245,1.7700268769567014,128.568455571,0
gestion_2015-01-30_1,49,none,,niblack,docling_easyocr,qwen,10,0,0,0,10,0.0,0.0,0.0,0,,,,,176.380255647,1
gestion_2015-01-30_1,49,none,,niblack,docling_rapidocr,qwen,10,0,0,0,10,0.0,0.0,0.0,0,,,,,123.124971338,1
gestion_2015-01-30_1,49,none,,none_color,docling_easyocr,qwen,10,2,0,2,10,0.0,0.0,0.0,2,0.44681662218833396,0.6428571428571428,0.7422204418957665,0.9417087542087541,187.159212869,7
gestion_2015-01-30_1,49,none,,none_color,docling_rapidocr,qwen,10,7,3,4,7,0.428571,0.3,0.352941,7,0.7112458294563143,0.7367346938775511,0.6936405927569403,0.8502972498586533,132.745076698,0
gestion_2015-01-30_1,49,none,,none_grayscale,docling_easyocr,qwen,10,2,0,2,10,0.0,0.0,0.0,2,0.44681662218833396,0.6428571428571428,0.7422204418957665,0.9417087542087541,194.568455022,7
gestion_2015-01-30_1,49,none,,none_grayscale,docling_rapidocr,qwen,10,7,3,4,7,0.428571,0.3,0.352941,7,0.7112458294563143,0.7367346938775511,0.6936405927569403,0.8502972498586533,130.586482089,0
gestion_2015-01-30_1,49,none,,otsu,docling_easyocr,qwen,10,0,0,0,10,0.0,0.0,0.0,0,,,,,196.070486493,1
gestion_2015-01-30_1,49,none,,otsu,docling_rapidocr,qwen,10,0,0,0,10,0.0,0.0,0.0,0,,,,,130.623880334,4
gestion_2015-01-30_1,50,none,,adaptive_gaussian,docling_easyocr,qwen,10,5,5,0,5,1.0,0.5,0.666667,5,0.7210602059439268,1.0323809523809522,0.0,0.0,194.347856021,0
gestion_2015-01-30_1,50,none,,adaptive_gaussian,docling_rapidocr,qwen,10,3,0,3,10,0.0,0.0,0.0,3,0.0,0.0,1.016267817512964,1.2,125.099318004,0
gestion_2015-01-30_1,50,none,,adaptive_mean,docling_easyocr,qwen,10,3,3,0,7,1.0,0.3,0.461538,3,0.9684944684944686,1.2285714285714286,0.0,0.0,191.537409873,0
gestion_2015-01-30_1,50,none,,adaptive_mean,docling_rapidocr,qwen,10,4,2,2,8,0.5,0.2,0.285714,4,0.4750874125874126,0.5,0.4365255175939337,0.4907407407407407,124.817966552,0
gestion_2015-01-30_1,50,none,,basic,docling_easyocr,qwen,10,0,0,0,10,0.0,0.0,0.0,0,,,,,194.213935747,4
gestion_2015-01-30_1,50,none,,basic,docling_rapidocr,qwen,10,6,0,6,10,0.0,0.0,0.0,5,0.5033025075043207,0.6333333333333333,0.8905918875459644,1.0424171539961014,128.028322114,0
gestion_2015-01-30_1,50,none,,niblack,docling_easyocr,qwen,10,0,0,0,10,0.0,0.0,0.0,0,,,,,175.513453834,1
gestion_2015-01-30_1,50,none,,niblack,docling_rapidocr,qwen,10,0,0,0,10,0.0,0.0,0.0,0,,,,,121.699304216,1
gestion_2015-01-30_1,50,none,,none_color,docling_easyocr,qwen,10,0,0,0,10,0.0,0.0,0.0,0,,,,,193.532825292,2
gestion_2015-01-30_1,50,none,,none_color,docling_rapidocr,qwen,10,0,0,0,10,0.0,0.0,0.0,0,,,,,130.292622371,10
gestion_2015-01-30_1,50,none,,none_grayscale,docling_easyocr,qwen,10,0,0,0,10,0.0,0.0,0.0,0,,,,,194.133178295,2
gestion_2015-01-30_1,50,none,,none_grayscale,docling_rapidocr,qwen,10,0,0,0,10,0.0,0.0,0.0,0,,,,,129.931485935,10
gestion_2015-01-30_1,50,none,,otsu,docling_easyocr,qwen,10,2,0,2,10,0.0,0.0,0.0,2,0.4889087656529517,0.6428571428571428,0.7661189820280729,0.9753086419753086,183.171810594,0
gestion_2015-01-30_1,50,none,,otsu,docling_rapidocr,qwen,10,1,0,1,10,0.0,0.0,0.0,1,0.8837209302325582,1.4285714285714286,0.7727272727272727,1.0493827160493827,128.494340625,0
gestion_2015-01-30_1,51,none,,adaptive_gaussian,docling_easyocr,qwen,10,1,0,1,10,0.0,0.0,0.0,1,0.0,0.0,0.9008264462809917,0.9629629629629629,82.208654489,0
gestion_2015-01-30_1,51,none,,adaptive_gaussian,docling_rapidocr,qwen,10,4,0,4,10,0.0,0.0,0.0,4,0.23557654407082865,0.4107142857142857,0.9037498451995037,0.9914772727272727,14.661832418,0
gestion_2015-01-30_1,51,none,,adaptive_mean,docling_easyocr,qwen,10,4,4,0,6,1.0,0.4,0.571429,4,0.9053515928515928,1.1,0.0,0.0,84.10857657,0
gestion_2015-01-30_1,51,none,,adaptive_mean,docling_rapidocr,qwen,10,2,1,1,9,0.5,0.1,0.166667,2,0.4090909090909091,0.5,0.437847866419295,0.48863636363636365,15.978065048,0
gestion_2015-01-30_1,51,none,,basic,docling_easyocr,qwen,10,2,2,0,8,1.0,0.2,0.333333,2,0.07720167746854747,0.24285714285714285,0.5495867768595041,0.7080527497194165,79.034497264,0
gestion_2015-01-30_1,51,none,,basic,docling_rapidocr,qwen,10,6,0,6,10,0.0,0.0,0.0,5,0.9960371411534202,1.1714285714285715,0.9552600870514916,1.0611134739204915,15.182179931,0
gestion_2015-01-30_1,51,none,,niblack,docling_easyocr,qwen,10,0,0,0,10,0.0,0.0,0.0,0,,,,,64.344572029,1
gestion_2015-01-30_1,51,none,,niblack,docling_rapidocr,qwen,10,0,0,0,10,0.0,0.0,0.0,0,,,,,10.947165927,1
gestion_2015-01-30_1,51,none,,none_color,docling_easyocr,qwen,10,0,0,0,10,0.0,0.0,0.0,0,,,,,79.673390962,7
gestion_2015-01-30_1,51,none,,none_color,docling_rapidocr,qwen,10,5,1,4,9,0.2,0.1,0.133333,5,0.528558608756855,0.7714285714285715,0.6568504121991872,0.9077497194163862,19.843869068,0
gestion_2015-01-30_1,51,none,,none_grayscale,docling_easyocr,qwen,10,0,0,0,10,0.0,0.0,0.0,0,,,,,69.164590839,6
gestion_2015-01-30_1,51,none,,none_grayscale,docling_rapidocr,qwen,10,9,2,7,8,0.222222,0.2,0.210526,9,0.20942158616577222,0.31746031746031744,0.7433744582626629,0.7867516949875625,19.277701858,0
gestion_2015-01-30_1,51,none,,otsu,docling_easyocr,qwen,10,0,0,0,10,0.0,0.0,0.0,0,,,,,78.577157335,4
gestion_2015-01-30_1,51,none,,otsu,docling_rapidocr,qwen,10,11,2,9,8,0.181818,0.2,0.190476,8,0.2019546027742749,0.25,0.6490767297518536,0.6794754932364582,18.782041149,0
gestion_2015-01-30_1,52,none,,adaptive_gaussian,docling_easyocr,qwen,10,2,2,0,8,1.0,0.2,0.333333,2,0.8035714285714286,1.0714285714285714,0.0,0.0,74.538240808,0
gestion_2015-01-30_1,52,none,,adaptive_gaussian,docling_rapidocr,qwen,10,4,0,4,10,0.0,0.0,0.0,4,0.22248525107103395,0.42946428571428574,0.8384334783869527,0.9883908529741863,15.337524312,0
gestion_2015-01-30_1,52,none,,adaptive_mean,docling_easyocr,qwen,10,3,3,0,7,1.0,0.3,0.461538,3,0.7592592592592592,1.0,0.0,0.0,76.145624889,0
gestion_2015-01-30_1,52,none,,adaptive_mean,docling_rapidocr,qwen,10,5,4,1,6,0.8,0.4,0.533333,5,0.8289210789210788,0.8990476190476192,0.19917355371900827,0.2,14.902288927,0
gestion_2015-01-30_1,52,none,,basic,docling_easyocr,qwen,10,0,0,0,10,0.0,0.0,0.0,0,,,,,83.43088227,1
gestion_2015-01-30_1,52,none,,basic,docling_rapidocr,qwen,10,1,0,1,10,0.0,0.0,0.0,1,1.0232558139534884,1.8571428571428572,0.6528925619834711,0.7407407407407407,15.766834314,0
gestion_2015-01-30_1,52,none,,niblack,docling_easyocr,qwen,10,0,0,0,10,0.0,0.0,0.0,0,,,,,63.714707574,1
gestion_2015-01-30_1,52,none,,niblack,docling_rapidocr,qwen,10,0,0,0,10,0.0,0.0,0.0,0,,,,,10.801134786,1
gestion_2015-01-30_1,52,none,,none_color,docling_easyocr,qwen,10,0,0,0,10,0.0,0.0,0.0,0,,,,,78.610676675,4
gestion_2015-01-30_1,52,none,,none_color,docling_rapidocr,qwen,10,3,2,1,8,0.666667,0.2,0.307692,3,0.672391174716756,0.9523809523809524,0.4458249782925108,0.49066198042806225,18.442567735,0
gestion_2015-01-30_1,52,none,,none_grayscale,docling_easyocr,qwen,10,0,0,0,10,0.0,0.0,0.0,0,,,,,78.95420025,5
gestion_2015-01-30_1,52,none,,none_grayscale,docling_rapidocr,qwen,10,1,0,1,10,0.0,0.0,0.0,1,1.186046511627907,1.8571428571428572,0.5867768595041323,0.7530864197530864,17.16896866,0
gestion_2015-01-30_1,52,none,,otsu,docling_easyocr,qwen,10,2,1,1,9,0.5,0.1,0.166667,2,0.3171834625322998,0.6428571428571428,0.45144628099173556,0.49382716049382713,83.640686162,0
gestion_2015-01-30_1,52,none,,otsu,docling_rapidocr,qwen,10,0,0,0,10,0.0,0.0,0.0,0,,,,,18.598077663,1
gestion_2015-01-30_1,53,none,,adaptive_gaussian,docling_easyocr,qwen,10,0,0,0,10,0.0,0.0,0.0,0,,,,,78.267174236,1
gestion_2015-01-30_1,53,none,,adaptive_gaussian,docling_rapidocr,qwen,10,0,0,0,10,0.0,0.0,0.0,0,,,,,15.78618621,5
gestion_2015-01-30_1,53,none,,adaptive_mean,docling_easyocr,qwen,10,0,0,0,10,0.0,0.0,0.0,0,,,,,84.311805189,1
gestion_2015-01-30_1,53,none,,adaptive_mean,docling_rapidocr,qwen,10,0,0,0,10,0.0,0.0,0.0,0,,,,,16.502438962,1
gestion_2015-01-30_1,53,none,,basic,docling_easyocr,qwen,10,8,2,6,8,0.25,0.2,0.222222,8,0.42271861848133035,0.5220238095238096,0.7714651294615145,0.8499625273199835,73.785774929,0
gestion_2015-01-30_1,53,none,,basic,docling_rapidocr,qwen,10,9,3,6,7,0.333333,0.3,0.315789,9,0.29254079254079257,0.25555555555555554,0.6543741763427575,0.6888298186543801,19.145028812,0
gestion_2015-01-30_1,53,none,,niblack,docling_easyocr,qwen,10,0,0,0,10,0.0,0.0,0.0,0,,,,,63.545603454,1
gestion_2015-01-30_1,53,none,,niblack,docling_rapidocr,qwen,10,0,0,0,10,0.0,0.0,0.0,0,,,,,11.220947444,1
gestion_2015-01-30_1,53,none,,none_color,docling_easyocr,qwen,10,0,0,0,10,0.0,0.0,0.0,0,,,,,73.519916921,7
gestion_2015-01-30_1,53,none,,none_color,docling_rapidocr,qwen,10,1,1,0,9,1.0,0.1,0.181818,1,1.186046511627907,1.8571428571428572,0.2706611570247934,0.3333333333333333,19.203741222,0
gestion_2015-01-30_1,53,none,,none_grayscale,docling_easyocr,qwen,10,0,0,0,10,0.0,0.0,0.0,0,,,,,79.895755439,7
gestion_2015-01-30_1,53,none,,none_grayscale,docling_rapidocr,qwen,10,1,1,0,9,1.0,0.1,0.181818,1,1.186046511627907,1.8571428571428572,0.2706611570247934,0.3333333333333333,16.995770126,0
gestion_2015-01-30_1,53,none,,otsu,docling_easyocr,qwen,10,0,0,0,10,0.0,0.0,0.0,0,,,,,73.960180814,3
gestion_2015-01-30_1,53,none,,otsu,docling_rapidocr,qwen,10,8,1,7,9,0.125,0.1,0.111111,7,0.5206340574911948,0.6938775510204083,0.755654147636245,0.8416835438765264,18.624026115,0
gestion_2016-01-04_32,0,none,,adaptive_gaussian,docling_easyocr,qwen,3,0,0,0,3,0.0,0.0,0.0,0,,,,,90.731194017,1
gestion_2016-01-04_32,0,none,,adaptive_gaussian,docling_rapidocr,qwen,3,1,0,1,3,0.0,0.0,0.0,1,0.03333333333333333,0.18181818181818182,0.8715898400752587,0.9722991689750693,17.579303978,0
gestion_2016-01-04_32,0,none,,adaptive_mean,docling_easyocr,qwen,3,0,0,0,3,0.0,0.0,0.0,0,,,,,90.644181364,1
gestion_2016-01-04_32,0,none,,adaptive_mean,docling_rapidocr,qwen,3,2,0,2,3,0.0,0.0,0.0,2,0.45416666666666666,0.5909090909090909,0.8647991496359286,0.9869870514720093,17.399393194,0
gestion_2016-01-04_32,0,none,,basic,docling_easyocr,qwen,3,0,0,0,3,0.0,0.0,0.0,0,,,,,83.402161991,1
gestion_2016-01-04_32,0,none,,basic,docling_rapidocr,qwen,3,0,0,0,3,0.0,0.0,0.0,0,,,,,19.273170864,1
gestion_2016-01-04_32,0,none,,niblack,docling_easyocr,qwen,3,0,0,0,3,0.0,0.0,0.0,0,,,,,55.433737505,1
gestion_2016-01-04_32,0,none,,niblack,docling_rapidocr,qwen,3,0,0,0,3,0.0,0.0,0.0,0,,,,,10.276757228,1
gestion_2016-01-04_32,0,none,,none_color,docling_easyocr,qwen,3,0,0,0,3,0.0,0.0,0.0,0,,,,,83.590252647,1
gestion_2016-01-04_32,0,none,,none_color,docling_rapidocr,qwen,3,0,0,0,3,0.0,0.0,0.0,0,,,,,18.223237285,1
gestion_2016-01-04_32,0,none,,none_grayscale,docling_easyocr,qwen,3,0,0,0,3,0.0,0.0,0.0,0,,,,,82.604001604,1
gestion_2016-01-04_32,0,none,,none_grayscale,docling_rapidocr,qwen,3,0,0,0,3,0.0,0.0,0.0,0,,,,,15.559803567,1
gestion_2016-01-04_32,0,none,,otsu,docling_easyocr,qwen,3,0,0,0,3,0.0,0.0,0.0,0,,,,,82.761491764,1
gestion_2016-01-04_32,0,none,,otsu,docling_rapidocr,qwen,3,0,0,0,3,0.0,0.0,0.0,0,,,,,18.17601918,1
gestion_2016-01-04_32,1,none,,adaptive_gaussian,docling_easyocr,qwen,3,0,0,0,3,0.0,0.0,0.0,0,,,,,85.141441249,1
gestion_2016-01-04_32,1,none,,adaptive_gaussian,docling_rapidocr,qwen,3,0,0,0,3,0.0,0.0,0.0,0,,,,,11.908197546,1
gestion_2016-01-04_32,1,none,,adaptive_mean,docling_easyocr,qwen,3,0,0,0,3,0.0,0.0,0.0,0,,,,,90.210150261,1
gestion_2016-01-04_32,1,none,,adaptive_mean,docling_rapidocr,qwen,3,0,0,0,3,0.0,0.0,0.0,0,,,,,13.136769075,1
gestion_2016-01-04_32,1,none,,basic,docling_easyocr,qwen,3,0,0,0,3,0.0,0.0,0.0,0,,,,,81.648305,1
gestion_2016-01-04_32,1,none,,basic,docling_rapidocr,qwen,3,0,0,0,3,0.0,0.0,0.0,0,,,,,16.747517408,1
gestion_2016-01-04_32,1,none,,niblack,docling_easyocr,qwen,3,0,0,0,3,0.0,0.0,0.0,0,,,,,63.030556242,1
gestion_2016-01-04_32,1,none,,niblack,docling_rapidocr,qwen,3,0,0,0,3,0.0,0.0,0.0,0,,,,,9.784961025,1
gestion_2016-01-04_32,1,none,,none_color,docling_easyocr,qwen,3,0,0,0,3,0.0,0.0,0.0,0,,,,,82.923612033,1
gestion_2016-01-04_32,1,none,,none_color,docling_rapidocr,qwen,3,0,0,0,3,0.0,0.0,0.0,0,,,,,15.416492139,1
gestion_2016-01-04_32,1,none,,none_grayscale,docling_easyocr,qwen,3,0,0,0,3,0.0,0.0,0.0,0,,,,,80.763237941,3
gestion_2016-01-04_32,1,none,,none_grayscale,docling_rapidocr,qwen,3,1,1,0,2,1.0,0.333333,0.5,1,0.03333333333333333,0.18181818181818182,0.5446848541862653,0.554016620498615,16.111550558,0
gestion_2016-01-04_32,1,none,,otsu,docling_easyocr,qwen,3,5,3,2,0,0.6,1.0,0.75,3,0.6777777777777777,0.7272727272727272,0.29179648353101634,0.5483026210978282,79.295226707,0
gestion_2016-01-04_32,1,none,,otsu,docling_rapidocr,qwen,3,0,0,0,3,0.0,0.0,0.0,0,,,,,18.866136207,1
gestion_2016-01-04_32,2,none,,adaptive_gaussian,docling_easyocr,qwen,3,0,0,0,3,0.0,0.0,0.0,0,,,,,91.676069713,1
gestion_2016-01-04_32,2,none,,adaptive_gaussian,docling_rapidocr,qwen,3,0,0,0,3,0.0,0.0,0.0,0,,,,,17.764116741,1
gestion_2016-01-04_32,2,none,,adaptive_mean,docling_easyocr,qwen,3,0,0,0,3,0.0,0.0,0.0,0,,,,,81.027087541,1
gestion_2016-01-04_32,2,none,,adaptive_mean,docling_rapidocr,qwen,3,2,0,2,3,0.0,0.0,0.0,2,0.43333333333333335,0.5909090909090909,1.1711504485693962,2.284329244163039,17.287455412,0
gestion_2016-01-04_32,2,none,,basic,docling_easyocr,qwen,3,0,0,0,3,0.0,0.0,0.0,0,,,,,76.409241809,1
gestion_2016-01-04_32,2,none,,basic,docling_rapidocr,qwen,3,1,1,0,2,1.0,0.333333,0.5,1,0.03333333333333333,0.18181818181818182,0.7746942615239887,0.8808864265927978,17.930661096,0
gestion_2016-01-04_32,2,none,,niblack,docling_easyocr,qwen,3,0,0,0,3,0.0,0.0,0.0,0,,,,,55.002765913,1
gestion_2016-01-04_32,2,none,,niblack,docling_rapidocr,qwen,3,0,0,0,3,0.0,0.0,0.0,0,,,,,9.500552673,1
gestion_2016-01-04_32,2,none,,none_color,docling_easyocr,qwen,3,0,0,0,3,0.0,0.0,0.0,0,,,,,81.910503686,1
gestion_2016-01-04_32,2,none,,none_color,docling_rapidocr,qwen,3,0,0,0,3,0.0,0.0,0.0,0,,,,,15.888981641,1
gestion_2016-01-04_32,2,none,,none_grayscale,docling_easyocr,qwen,3,0,0,0,3,0.0,0.0,0.0,0,,,,,81.898733438,1
gestion_2016-01-04_32,2,none,,none_grayscale,docling_rapidocr,qwen,3,0,0,0,3,0.0,0.0,0.0,0,,,,,18.934353174,1
gestion_2016-01-04_32,2,none,,otsu,docling_easyocr,qwen,3,0,0,0,3,0.0,0.0,0.0,0,,,,,80.985258546,1
gestion_2016-01-04_32,2,none,,otsu,docling_rapidocr,qwen,3,0,0,0,3,0.0,0.0,0.0,0,,,,,18.461530653,1
gestion_2016-01-04_32,3,none,,adaptive_gaussian,docling_easyocr,qwen,3,0,0,0,3,0.0,0.0,0.0,0,,,,,86.353558393,1
gestion_2016-01-04_32,3,none,,adaptive_gaussian,docling_rapidocr,qwen,3,3,0,3,3,0.0,0.0,0.0,3,0.6944444444444443,0.8181818181818182,0.8541361452125348,1.0071936266615131,16.861661287,0
gestion_2016-01-04_32,3,none,,adaptive_mean,docling_easyocr,qwen,3,0,0,0,3,0.0,0.0,0.0,0,,,,,78.784790794,1
gestion_2016-01-04_32,3,none,,adaptive_mean,docling_rapidocr,qwen,3,2,0,2,3,0.0,0.0,0.0,2,4.416666666666667,3.75,0.8937007874015748,0.9767441860465116,12.790243427,0
gestion_2016-01-04_32,3,none,,basic,docling_easyocr,qwen,3,0,0,0,3,0.0,0.0,0.0,0,,,,,85.236254297,1
gestion_2016-01-04_32,3,none,,basic,docling_rapidocr,qwen,3,0,0,0,3,0.0,0.0,0.0,0,,,,,18.429920993,2
gestion_2016-01-04_32,3,none,,niblack,docling_easyocr,qwen,3,0,0,0,3,0.0,0.0,0.0,0,,,,,63.238844787,1
gestion_2016-01-04_32,3,none,,niblack,docling_rapidocr,qwen,3,0,0,0,3,0.0,0.0,0.0,0,,,,,9.543204462,1
gestion_2016-01-04_32,3,none,,none_color,docling_easyocr,qwen,3,0,0,0,3,0.0,0.0,0.0,0,,,,,70.80278581,2
gestion_2016-01-04_32,3,none,,none_color,docling_rapidocr,qwen,3,1,0,1,3,0.0,0.0,0.0,1,0.03333333333333333,0.18181818181818182,0.8396048918156162,0.9168975069252078,18.01828092,0
gestion_2016-01-04_32,3,none,,none_grayscale,docling_easyocr,qwen,3,5,0,5,3,0.0,0.0,0.0,3,0.7027777777777778,0.4545454545454546,1.4836947308369834,2.167568042914303,83.418569812,0
gestion_2016-01-04_32,3,none,,none_grayscale,docling_rapidocr,qwen,3,0,0,0,3,0.0,0.0,0.0,0,,,,,17.820065507,1
gestion_2016-01-04_32,3,none,,otsu,docling_easyocr,qwen,3,1,0,1,3,0.0,0.0,0.0,1,0.03333333333333333,0.18181818181818182,0.8673565380997178,0.9473684210526315,83.693511402,0
gestion_2016-01-04_32,3,none,,otsu,docling_rapidocr,qwen,3,2,1,1,2,0.5,0.333333,0.4,2,0.875,1.0,0.4873963896563729,0.837144881788314,15.823121225,0
gestion_2016-01-04_32,4,none,,adaptive_gaussian,docling_easyocr,qwen,3,0,0,0,3,0.0,0.0,0.0,0,,,,,80.840301188,1
gestion_2016-01-04_32,4,none,,adaptive_gaussian,docling_rapidocr,qwen,3,0,0,0,3,0.0,0.0,0.0,0,,,,,17.81284562,1
gestion_2016-01-04_32,4,none,,adaptive_mean,docling_easyocr,qwen,3,0,0,0,3,0.0,0.0,0.0,0,,,,,83.173030166,1
gestion_2016-01-04_32,4,none,,adaptive_mean,docling_rapidocr,qwen,3,3,0,3,3,0.0,0.0,0.0,3,0.6833333333333332,0.787878787878788,0.8819668634794214,1.306014935339164,16.127760199,0
gestion_2016-01-04_32,4,none,,basic,docling_easyocr,qwen,3,0,0,0,3,0.0,0.0,0.0,0,,,,,87.835763524,1
gestion_2016-01-04_32,4,none,,basic,docling_rapidocr,qwen,3,1,1,0,2,1.0,0.333333,0.5,1,0.03333333333333333,0.18181818181818182,0.3297271872060207,0.45706371191135736,17.672796557,0
gestion_2016-01-04_32,4,none,,niblack,docling_easyocr,qwen,3,0,0,0,3,0.0,0.0,0.0,0,,,,,55.644183923,1
gestion_2016-01-04_32,4,none,,niblack,docling_rapidocr,qwen,3,0,0,0,3,0.0,0.0,0.0,0,,,,,10.671861697,1
gestion_2016-01-04_32,4,none,,none_color,docling_easyocr,qwen,3,2,1,1,2,0.5,0.333333,0.4,2,0.475,0.6363636363636364,0.5987918608010311,0.7330090832957548,82.724823638,0
gestion_2016-01-04_32,4,none,,none_color,docling_rapidocr,qwen,3,1,0,1,3,0.0,0.0,0.0,1,0.03333333333333333,0.18181818181818182,0.7173095014111006,0.8725761772853186,18.136420174,0
gestion_2016-01-04_32,4,none,,none_grayscale,docling_easyocr,qwen,3,3,0,3,3,0.0,0.0,0.0,3,0.31666666666666665,0.42424242424242425,1.5820635896524224,2.202235494897996,73.051269528,0
gestion_2016-01-04_32,4,none,,none_grayscale,docling_rapidocr,qwen,3,0,0,0,3,0.0,0.0,0.0,0,,,,,15.241547582,1
gestion_2016-01-04_32,4,none,,otsu,docling_easyocr,qwen,3,0,0,0,3,0.0,0.0,0.0,0,,,,,73.467506789,1
gestion_2016-01-04_32,4,none,,otsu,docling_rapidocr,qwen,3,1,1,0,2,1.0,0.333333,0.5,1,0.03333333333333333,0.18181818181818182,0.5023518344308561,0.667590027700831,17.938305281,0
gestion_2016-01-04_32,5,none,,adaptive_gaussian,docling_easyocr,qwen,3,0,0,0,3,0.0,0.0,0.0,0,,,,,86.595137053,1
gestion_2016-01-04_32,5,none,,adaptive_gaussian,docling_rapidocr,qwen,3,0,0,0,3,0.0,0.0,0.0,0,,,,,17.165635281,2
gestion_2016-01-04_32,5,none,,adaptive_mean,docling_easyocr,qwen,3,0,0,0,3,0.0,0.0,0.0,0,,,,,77.820399167,1
gestion_2016-01-04_32,5,none,,adaptive_mean,docling_rapidocr,qwen,3,2,0,2,3,0.0,0.0,0.0,2,7.0625,5.5,0.821994430574227,0.9174972314507198,12.230375649,0
gestion_2016-01-04_32,5,none,,basic,docling_easyocr,qwen,3,0,0,0,3,0.0,0.0,0.0,0,,,,,67.142001553,1
gestion_2016-01-04_32,5,none,,basic,docling_rapidocr,qwen,3,0,0,0,3,0.0,0.0,0.0,0,,,,,12.198190375,1
gestion_2016-01-04_32,5,none,,niblack,docling_easyocr,qwen,3,0,0,0,3,0.0,0.0,0.0,0,,,,,63.289986731,1
gestion_2016-01-04_32,5,none,,niblack,docling_rapidocr,qwen,3,0,0,0,3,0.0,0.0,0.0,0,,,,,10.625802876,1
gestion_2016-01-04_32,5,none,,none_color,docling_easyocr,qwen,3,0,0,0,3,0.0,0.0,0.0,0,,,,,84.012801738,1
gestion_2016-01-04_32,5,none,,none_color,docling_rapidocr,qwen,3,0,0,0,3,0.0,0.0,0.0,0,,,,,16.950751395,1
gestion_2016-01-04_32,5,none,,none_grayscale,docling_easyocr,qwen,3,0,0,0,3,0.0,0.0,0.0,0,,,,,82.054654689,1
gestion_2016-01-04_32,5,none,,none_grayscale,docling_rapidocr,qwen,3,0,0,0,3,0.0,0.0,0.0,0,,,,,18.810070844,1
gestion_2016-01-04_32,5,none,,otsu,docling_easyocr,qwen,3,1,0,1,3,0.0,0.0,0.0,1,4.25,3.6666666666666665,0.5853658536585366,0.7142857142857143,91.443548199,0
gestion_2016-01-04_32,5,none,,otsu,docling_rapidocr,qwen,3,0,0,0,3,0.0,0.0,0.0,0,,,,,16.04110789,1
gestion_2016-01-04_32,6,none,,adaptive_gaussian,docling_easyocr,qwen,3,0,0,0,3,0.0,0.0,0.0,0,,,,,88.704339864,1
gestion_2016-01-04_32,6,none,,adaptive_gaussian,docling_rapidocr,qwen,3,0,0,0,3,0.0,0.0,0.0,0,,,,,17.390921952,2
gestion_2016-01-04_32,6,none,,adaptive_mean,docling_easyocr,qwen,3,0,0,0,3,0.0,0.0,0.0,0,,,,,83.971694777,1
gestion_2016-01-04_32,6,none,,adaptive_mean,docling_rapidocr,qwen,3,2,0,2,3,0.0,0.0,0.0,2,0.8833333333333333,1.0909090909090908,0.8127458315123591,0.9722991689750693,16.028913329,0
gestion_2016-01-04_32,6,none,,basic,docling_easyocr,qwen,3,0,0,0,3,0.0,0.0,0.0,0,,,,,89.027285687,1
gestion_2016-01-04_32,6,none,,basic,docling_rapidocr,qwen,3,4,0,4,3,0.0,0.0,0.0,3,0.5111111111111111,0.7272727272727272,1.499533517457233,2.0081108524064137,15.690816037,0
gestion_2016-01-04_32,6,none,,niblack,docling_easyocr,qwen,3,0,0,0,3,0.0,0.0,0.0,0,,,,,62.983046145,1
gestion_2016-01-04_32,6,none,,niblack,docling_rapidocr,qwen,3,0,0,0,3,0.0,0.0,0.0,0,,,,,10.11883554,1
gestion_2016-01-04_32,6,none,,none_color,docling_easyocr,qwen,3,5,1,4,2,0.2,0.333333,0.25,3,1.05,0.8989898989898989,0.4696840697897872,0.6140003210801381,82.890081611,0
gestion_2016-01-04_32,6,none,,none_color,docling_rapidocr,qwen,3,0,0,0,3,0.0,0.0,0.0,0,,,,,18.685442414,1
gestion_2016-01-04_32,6,none,,none_grayscale,docling_easyocr,qwen,3,6,2,4,1,0.333333,0.666667,0.444444,3,0.6333333333333333,0.787878787878788,0.6478045962080498,0.9272007026951302,73.273005763,0
gestion_2016-01-04_32,6,none,,none_grayscale,docling_rapidocr,qwen,3,0,0,0,3,0.0,0.0,0.0,0,,,,,18.088951865,1
gestion_2016-01-04_32,6,none,,otsu,docling_easyocr,qwen,3,4,0,4,3,0.0,0.0,0.0,3,0.03333333333333333,0.0909090909090909,1.1720994629187629,1.6335708712826538,73.037697738,0
gestion_2016-01-04_32,6,none,,otsu,docling_rapidocr,qwen,3,0,0,0,3,0.0,0.0,0.0,0,,,,,15.527617162,1
gestion_2016-01-04_32,7,none,,adaptive_gaussian,docling_easyocr,qwen,3,0,0,0,3,0.0,0.0,0.0,0,,,,,90.631326827,1
gestion_2016-01-04_32,7,none,,adaptive_gaussian,docling_rapidocr,qwen,3,2,0,2,3,0.0,0.0,0.0,2,1.25,1.0,0.669555406183983,0.9501661129568106,18.02302328,0
gestion_2016-01-04_32,7,none,,adaptive_mean,docling_easyocr,qwen,3,0,0,0,3,0.0,0.0,0.0,0,,,,,88.099012475,1
gestion_2016-01-04_32,7,none,,adaptive_mean,docling_rapidocr,qwen,3,3,0,3,3,0.0,0.0,0.0,3,0.736111111111111,0.8181818181818182,0.9957781703875365,1.0,16.18021832,0
gestion_2016-01-04_32,7,none,,basic,docling_easyocr,qwen,3,0,0,0,3,0.0,0.0,0.0,0,,,,,82.49877014,1
gestion_2016-01-04_32,7,none,,basic,docling_rapidocr,qwen,3,0,0,0,3,0.0,0.0,0.0,0,,,,,18.560462855,1
gestion_2016-01-04_32,7,none,,niblack,docling_easyocr,qwen,3,0,0,0,3,0.0,0.0,0.0,0,,,,,62.670575335,1
gestion_2016-01-04_32,7,none,,niblack,docling_rapidocr,qwen,3,0,0,0,3,0.0,0.0,0.0,0,,,,,9.054778531,1
gestion_2016-01-04_32,7,none,,none_color,docling_easyocr,qwen,3,6,0,6,3,0.0,0.0,0.0,3,2.2333333333333334,1.671717171717172,1.0724874034356746,1.4530686160525752,82.646110293,0
gestion_2016-01-04_32,7,none,,none_color,docling_rapidocr,qwen,3,0,0,0,3,0.0,0.0,0.0,0,,,,,18.201375005,1
gestion_2016-01-04_32,7,none,,none_grayscale,docling_easyocr,qwen,3,1,0,1,3,0.0,0.0,0.0,1,0.11666666666666667,0.18181818181818182,1.1975540921919097,1.368421052631579,74.965833018,0
gestion_2016-01-04_32,7,none,,none_grayscale,docling_rapidocr,qwen,3,0,0,0,3,0.0,0.0,0.0,0,,,,,15.610843728,1
gestion_2016-01-04_32,7,none,,otsu,docling_easyocr,qwen,3,1,0,1,3,0.0,0.0,0.0,1,0.06666666666666667,0.2727272727272727,0.647695202257761,0.8033240997229917,71.012861705,0
gestion_2016-01-04_32,7,none,,otsu,docling_rapidocr,qwen,3,0,0,0,3,0.0,0.0,0.0,0,,,,,18.042793727,2
gestion_2016-01-04_32,8,none,,adaptive_gaussian,docling_easyocr,qwen,3,0,0,0,3,0.0,0.0,0.0,0,,,,,88.805977828,1
gestion_2016-01-04_32,8,none,,adaptive_gaussian,docling_rapidocr,qwen,3,3,0,3,3,0.0,0.0,0.0,3,0.8805555555555555,1.0606060606060606,1.208388474448518,1.8545537650736386,14.743332154,0
gestion_2016-01-04_32,8,none,,adaptive_mean,docling_easyocr,qwen,3,0,0,0,3,0.0,0.0,0.0,0,,,,,83.242133023,1
gestion_2016-01-04_32,8,none,,adaptive_mean,docling_rapidocr,qwen,3,3,0,3,3,0.0,0.0,0.0,3,0.9027777777777777,1.0303030303030303,0.8188448077138603,1.0863736248004752,15.652821662,0
gestion_2016-01-04_32,8,none,,basic,docling_easyocr,qwen,3,0,0,0,3,0.0,0.0,0.0,0,,,,,80.097155495,1
gestion_2016-01-04_32,8,none,,basic,docling_rapidocr,qwen,3,3,1,2,2,0.333333,0.333333,0.333333,3,0.5111111111111111,0.7272727272727272,0.6909335600826324,0.9446198114625609,17.663453503,0
gestion_2016-01-04_32,8,none,,niblack,docling_easyocr,qwen,3,0,0,0,3,0.0,0.0,0.0,0,,,,,62.996621274,1
gestion_2016-01-04_32,8,none,,niblack,docling_rapidocr,qwen,3,0,0,0,3,0.0,0.0,0.0,0,,,,,9.869940184,1
gestion_2016-01-04_32,8,none,,none_color,docling_easyocr,qwen,3,1,0,1,3,0.0,0.0,0.0,1,0.23333333333333334,0.36363636363636365,0.7977422389463782,0.8642659279778393,75.970970006,0
gestion_2016-01-04_32,8,none,,none_color,docling_rapidocr,qwen,3,0,0,0,3,0.0,0.0,0.0,0,,,,,18.408389659,1
gestion_2016-01-04_32,8,none,,none_grayscale,docling_easyocr,qwen,3,2,0,2,3,0.0,0.0,0.0,2,0.4916666666666667,0.6818181818181819,11.880813619989446,15.86347447566284,81.56002769,0
gestion_2016-01-04_32,8,none,,none_grayscale,docling_rapidocr,qwen,3,0,0,0,3,0.0,0.0,0.0,0,,,,,15.768155427,1
gestion_2016-01-04_32,8,none,,otsu,docling_easyocr,qwen,3,1,0,1,3,0.0,0.0,0.0,1,0.03333333333333333,0.18181818181818182,0.7497648165569144,0.9085872576177285,82.099822995,0
gestion_2016-01-04_32,8,none,,otsu,docling_rapidocr,qwen,3,1,1,0,2,1.0,0.333333,0.5,1,0.03333333333333333,0.18181818181818182,0.48824082784571965,0.6066481994459834,17.890027282,0
gestion_2016-01-04_32,9,none,,adaptive_gaussian,docling_easyocr,qwen,3,0,0,0,3,0.0,0.0,0.0,0,,,,,89.78333788,1
gestion_2016-01-04_32,9,none,,adaptive_gaussian,docling_rapidocr,qwen,3,0,0,0,3,0.0,0.0,0.0,0,,,,,17.889983702,1
gestion_2016-01-04_32,9,none,,adaptive_mean,docling_easyocr,qwen,3,0,0,0,3,0.0,0.0,0.0,0,,,,,78.918890712,1
gestion_2016-01-04_32,9,none,,adaptive_mean,docling_rapidocr,qwen,3,2,0,2,3,0.0,0.0,0.0,2,0.625,0.7272727272727273,0.9338417502237111,0.9986149584487535,16.315759417,0
gestion_2016-01-04_32,9,none,,basic,docling_easyocr,qwen,3,0,0,0,3,0.0,0.0,0.0,0,,,,,90.601992646,1
gestion_2016-01-04_32,9,none,,basic,docling_rapidocr,qwen,3,0,0,0,3,0.0,0.0,0.0,0,,,,,19.081636468,1
gestion_2016-01-04_32,9,none,,niblack,docling_easyocr,qwen,3,0,0,0,3,0.0,0.0,0.0,0,,,,,56.491627711,1
gestion_2016-01-04_32,9,none,,niblack,docling_rapidocr,qwen,3,0,0,0,3,0.0,0.0,0.0,0,,,,,8.696429986,1
gestion_2016-01-04_32,9,none,,none_color,docling_easyocr,qwen,3,0,0,0,3,0.0,0.0,0.0,0,,,,,76.465525521,1
gestion_2016-01-04_32,9,none,,none_color,docling_rapidocr,qwen,3,0,0,0,3,0.0,0.0,0.0,0,,,,,18.873228921,1
gestion_2016-01-04_32,9,none,,none_grayscale,docling_easyocr,qwen,3,0,0,0,3,0.0,0.0,0.0,0,,,,,77.75855371,1
gestion_2016-01-04_32,9,none,,none_grayscale,docling_rapidocr,qwen,3,1,1,0,2,1.0,0.333333,0.5,1,0.03333333333333333,0.18181818181818182,0.49200376293508935,0.6066481994459834,19.273365702,0
gestion_2016-01-04_32,9,none,,otsu,docling_easyocr,qwen,3,0,0,0,3,0.0,0.0,0.0,0,,,,,90.218519561,1
gestion_2016-01-04_32,9,none,,otsu,docling_rapidocr,qwen,3,2,1,1,2,0.5,0.333333,0.4,2,1.7666666666666666,1.5909090909090908,0.7025133147161873,0.923242929846035,19.142183177,0
gestion_2016-01-04_32,10,none,,adaptive_gaussian,docling_easyocr,qwen,3,0,0,0,3,0.0,0.0,0.0,0,,,,,76.276290973,1
gestion_2016-01-04_32,10,none,,adaptive_gaussian,docling_rapidocr,qwen,3,1,0,1,3,0.0,0.0,0.0,1,0.03333333333333333,0.18181818181818182,0.9967074317968015,1.0,12.075701316,0
gestion_2016-01-04_32,10,none,,adaptive_mean,docling_easyocr,qwen,3,0,0,0,3,0.0,0.0,0.0,0,,,,,68.88234673,1
gestion_2016-01-04_32,10,none,,adaptive_mean,docling_rapidocr,qwen,3,0,0,0,3,0.0,0.0,0.0,0,,,,,10.630818467,1
gestion_2016-01-04_32,10,none,,basic,docling_easyocr,qwen,3,0,0,0,3,0.0,0.0,0.0,0,,,,,90.488518546,1
gestion_2016-01-04_32,10,none,,basic,docling_rapidocr,qwen,3,2,0,2,3,0.0,0.0,0.0,2,10.829166666666667,4.340909090909091,2.186635654550707,2.63811763190105,16.159926246,0
gestion_2016-01-04_32,10,none,,niblack,docling_easyocr,qwen,3,0,0,0,3,0.0,0.0,0.0,0,,,,,62.707725501,1
gestion_2016-01-04_32,10,none,,niblack,docling_rapidocr,qwen,3,0,0,0,3,0.0,0.0,0.0,0,,,,,10.52660892,1
gestion_2016-01-04_32,10,none,,none_color,docling_easyocr,qwen,3,0,0,0,3,0.0,0.0,0.0,0,,,,,86.888822242,1
gestion_2016-01-04_32,10,none,,none_color,docling_rapidocr,qwen,3,0,0,0,3,0.0,0.0,0.0,0,,,,,18.337092563,1
gestion_2016-01-04_32,10,none,,none_grayscale,docling_easyocr,qwen,3,0,0,0,3,0.0,0.0,0.0,0,,,,,88.140346762,1
gestion_2016-01-04_32,10,none,,none_grayscale,docling_rapidocr,qwen,3,0,0,0,3,0.0,0.0,0.0,0,,,,,18.617324349,1
gestion_2016-01-04_32,10,none,,otsu,docling_easyocr,qwen,3,0,0,0,3,0.0,0.0,0.0,0,,,,,88.782588862,1
gestion_2016-01-04_32,10,none,,otsu,docling_rapidocr,qwen,3,0,0,0,3,0.0,0.0,0.0,0,,,,,18.417190694,1
gestion_2016-01-04_32,11,none,,adaptive_gaussian,docling_easyocr,qwen,3,0,0,0,3,0.0,0.0,0.0,0,,,,,80.105017596,1
gestion_2016-01-04_32,11,none,,adaptive_gaussian,docling_rapidocr,qwen,3,2,0,2,3,0.0,0.0,0.0,2,0.475,0.5909090909090909,0.8953404997361356,0.9930747922437673,18.275183373,0
gestion_2016-01-04_32,11,none,,adaptive_mean,docling_easyocr,qwen,3,0,0,0,3,0.0,0.0,0.0,0,,,,,77.813897254,1
gestion_2016-01-04_32,11,none,,adaptive_mean,docling_rapidocr,qwen,3,3,0,3,3,0.0,0.0,0.0,3,0.638888888888889,0.8181818181818182,0.9324277814744281,1.0,15.755596043,0
gestion_2016-01-04_32,11,none,,basic,docling_easyocr,qwen,3,0,0,0,3,0.0,0.0,0.0,0,,,,,63.225511952,1
gestion_2016-01-04_32,11,none,,basic,docling_rapidocr,qwen,3,0,0,0,3,0.0,0.0,0.0,0,,,,,12.334497615,1
gestion_2016-01-04_32,11,none,,niblack,docling_easyocr,qwen,3,0,0,0,3,0.0,0.0,0.0,0,,,,,63.0320946,1
gestion_2016-01-04_32,11,none,,niblack,docling_rapidocr,qwen,3,0,0,0,3,0.0,0.0,0.0,0,,,,,10.32457626,1
gestion_2016-01-04_32,11,none,,none_color,docling_easyocr,qwen,3,0,0,0,3,0.0,0.0,0.0,0,,,,,87.664738984,1
gestion_2016-01-04_32,11,none,,none_color,docling_rapidocr,qwen,3,0,0,0,3,0.0,0.0,0.0,0,,,,,19.361417622,1
gestion_2016-01-04_32,11,none,,none_grayscale,docling_easyocr,qwen,3,0,0,0,3,0.0,0.0,0.0,0,,,,,89.630890698,1
gestion_2016-01-04_32,11,none,,none_grayscale,docling_rapidocr,qwen,3,0,0,0,3,0.0,0.0,0.0,0,,,,,18.572387309,1
gestion_2016-01-04_32,11,none,,otsu,docling_easyocr,qwen,3,0,0,0,3,0.0,0.0,0.0,0,,,,,80.622940299,1
gestion_2016-01-04_32,11,none,,otsu,docling_rapidocr,qwen,3,0,0,0,3,0.0,0.0,0.0,0,,,,,18.894588467,1
gestion_2016-01-04_32,12,none,,adaptive_gaussian,docling_easyocr,qwen,3,0,0,0,3,0.0,0.0,0.0,0,,,,,124.864232975,1
gestion_2016-01-04_32,12,none,,adaptive_gaussian,docling_rapidocr,qwen,3,0,0,0,3,0.0,0.0,0.0,0,,,,,49.985879618,1
gestion_2016-01-04_32,12,none,,adaptive_mean,docling_easyocr,qwen,3,1,0,1,3,0.0,0.0,0.0,1,0.23333333333333334,0.36363636363636365,0.9995296331138288,1.0,124.206853297,0
gestion_2016-01-04_32,12,none,,adaptive_mean,docling_rapidocr,qwen,3,2,0,2,3,0.0,0.0,0.0,2,0.45416666666666666,0.5909090909090909,0.8679602373315753,0.9648263866520647,50.553977158,0
gestion_2016-01-04_32,12,none,,basic,docling_easyocr,qwen,3,0,0,0,3,0.0,0.0,0.0,0,,,,,106.714588591,1
gestion_2016-01-04_32,12,none,,basic,docling_rapidocr,qwen,3,0,0,0,3,0.0,0.0,0.0,0,,,,,50.187755295,1
gestion_2016-01-04_32,12,none,,niblack,docling_easyocr,qwen,3,0,0,0,3,0.0,0.0,0.0,0,,,,,94.07526376,1
gestion_2016-01-04_32,12,none,,niblack,docling_rapidocr,qwen,3,0,0,0,3,0.0,0.0,0.0,0,,,,,40.729476712,1
gestion_2016-01-04_32,12,none,,none_color,docling_easyocr,qwen,3,0,0,0,3,0.0,0.0,0.0,0,,,,,109.142690058,1
gestion_2016-01-04_32,12,none,,none_color,docling_rapidocr,qwen,3,0,0,0,3,0.0,0.0,0.0,0,,,,,50.813436385,1
gestion_2016-01-04_32,12,none,,none_grayscale,docling_easyocr,qwen,3,0,0,0,3,0.0,0.0,0.0,0,,,,,114.217821785,1
gestion_2016-01-04_32,12,none,,none_grayscale,docling_rapidocr,qwen,3,0,0,0,3,0.0,0.0,0.0,0,,,,,50.623454281,1
gestion_2016-01-04_32,12,none,,otsu,docling_easyocr,qwen,3,0,0,0,3,0.0,0.0,0.0,0,,,,,113.241652583,1
gestion_2016-01-04_32,12,none,,otsu,docling_rapidocr,qwen,3,0,0,0,3,0.0,0.0,0.0,0,,,,,49.055472706,1
gestion_2016-01-04_32,13,none,,adaptive_gaussian,docling_easyocr,qwen,3,0,0,0,3,0.0,0.0,0.0,0,,,,,115.094938479,1
gestion_2016-01-04_32,13,none,,adaptive_gaussian,docling_rapidocr,qwen,3,1,0,1,3,0.0,0.0,0.0,1,0.3333333333333333,0.45454545454545453,0.9976481655691439,1.0,41.950081311,0
gestion_2016-01-04_32,13,none,,adaptive_mean,docling_easyocr,qwen,3,0,0,0,3,0.0,0.0,0.0,0,,,,,120.448433714,1
gestion_2016-01-04_32,13,none,,adaptive_mean,docling_rapidocr,qwen,3,0,0,0,3,0.0,0.0,0.0,0,,,,,45.180788832,1
gestion_2016-01-04_32,13,none,,basic,docling_easyocr,qwen,3,0,0,0,3,0.0,0.0,0.0,0,,,,,114.207863926,1
gestion_2016-01-04_32,13,none,,basic,docling_rapidocr,qwen,3,0,0,0,3,0.0,0.0,0.0,0,,,,,47.656226277,1
gestion_2016-01-04_32,13,none,,niblack,docling_easyocr,qwen,3,0,0,0,3,0.0,0.0,0.0,0,,,,,94.844351887,1
gestion_2016-01-04_32,13,none,,niblack,docling_rapidocr,qwen,3,0,0,0,3,0.0,0.0,0.0,0,,,,,41.553275704,1
gestion_2016-01-04_32,13,none,,none_color,docling_easyocr,qwen,3,0,0,0,3,0.0,0.0,0.0,0,,,,,113.648108218,1
gestion_2016-01-04_32,13,none,,none_color,docling_rapidocr,qwen,3,1,1,0,2,1.0,0.333333,0.5,1,0.03333333333333333,0.18181818181818182,0.5672624647224835,0.5734072022160664,50.630250189,0
gestion_2016-01-04_32,13,none,,none_grayscale,docling_easyocr,qwen,3,0,0,0,3,0.0,0.0,0.0,0,,,,,114.178712414,1
gestion_2016-01-04_32,13,none,,none_grayscale,docling_rapidocr,qwen,3,1,1,0,2,1.0,0.333333,0.5,1,0.03333333333333333,0.18181818181818182,0.4501411100658514,0.45429362880886426,50.4151731,0
gestion_2016-01-04_32,13,none,,otsu,docling_easyocr,qwen,3,8,1,7,2,0.125,0.333333,0.181818,3,0.6777777777777777,0.7272727272727272,0.670603539040331,0.8894185688619753,112.490083647,0
gestion_2016-01-04_32,13,none,,otsu,docling_rapidocr,qwen,3,0,0,0,3,0.0,0.0,0.0,0,,,,,50.474760962,1
gestion_2016-01-04_32,14,none,,adaptive_gaussian,docling_easyocr,qwen,3,0,0,0,3,0.0,0.0,0.0,0,,,,,126.058938393,1
gestion_2016-01-04_32,14,none,,adaptive_gaussian,docling_rapidocr,qwen,3,2,0,2,3,0.0,0.0,0.0,2,2.2916666666666665,1.9772727272727273,0.8125884252709239,1.2378084133221672,50.786762366,0
gestion_2016-01-04_32,14,none,,adaptive_mean,docling_easyocr,qwen,3,0,0,0,3,0.0,0.0,0.0,0,,,,,122.685961085,1
gestion_2016-01-04_32,14,none,,adaptive_mean,docling_rapidocr,qwen,3,2,0,2,3,0.0,0.0,0.0,2,0.45416666666666666,0.5909090909090909,0.8298105199220747,0.9930747922437673,50.038895445,0
gestion_2016-01-04_32,14,none,,basic,docling_easyocr,qwen,3,3,0,3,3,0.0,0.0,0.0,3,9.872222222222222,7.171717171717172,0.6228181507598589,0.7340249849429776,118.823077797,0
gestion_2016-01-04_32,14,none,,basic,docling_rapidocr,qwen,3,0,0,0,3,0.0,0.0,0.0,0,,,,,50.790213942,1
gestion_2016-01-04_32,14,none,,niblack,docling_easyocr,qwen,3,0,0,0,3,0.0,0.0,0.0,0,,,,,94.854509285,1
gestion_2016-01-04_32,14,none,,niblack,docling_rapidocr,qwen,3,0,0,0,3,0.0,0.0,0.0,0,,,,,40.861951998,1
gestion_2016-01-04_32,14,none,,none_color,docling_easyocr,qwen,3,0,0,0,3,0.0,0.0,0.0,0,,,,,114.838009881,1
gestion_2016-01-04_32,14,none,,none_color,docling_rapidocr,qwen,3,0,0,0,3,0.0,0.0,0.0,0,,,,,49.94802122,1
gestion_2016-01-04_32,14,none,,none_grayscale,docling_easyocr,qwen,3,0,0,0,3,0.0,0.0,0.0,0,,,,,105.062103079,1
gestion_2016-01-04_32,14,none,,none_grayscale,docling_rapidocr,qwen,3,0,0,0,3,0.0,0.0,0.0,0,,,,,48.874629782,1
gestion_2016-01-04_32,14,none,,otsu,docling_easyocr,qwen,3,0,0,0,3,0.0,0.0,0.0,0,,,,,105.548516703,1
gestion_2016-01-04_32,14,none,,otsu,docling_rapidocr,qwen,3,0,0,0,3,0.0,0.0,0.0,0,,,,,49.798799706,1
gestion_2016-01-04_32,15,none,,adaptive_gaussian,docling_easyocr,qwen,3,0,0,0,3,0.0,0.0,0.0,0,,,,,62.901003861,1
gestion_2016-01-04_32,15,none,,adaptive_gaussian,docling_rapidocr,qwen,3,0,0,0,3,0.0,0.0,0.0,0,,,,,10.058500313,1
gestion_2016-01-04_32,15,none,,adaptive_mean,docling_easyocr,qwen,3,0,0,0,3,0.0,0.0,0.0,0,,,,,70.365733119,1
gestion_2016-01-04_32,15,none,,adaptive_mean,docling_rapidocr,qwen,3,0,0,0,3,0.0,0.0,0.0,0,,,,,10.504950018,1
gestion_2016-01-04_32,15,none,,basic,docling_easyocr,qwen,3,1,0,1,3,0.0,0.0,0.0,1,0.6166666666666667,0.7272727272727273,0.5380997177798683,0.6897506925207756,82.884669556,0
gestion_2016-01-04_32,15,none,,basic,docling_rapidocr,qwen,3,1,1,0,2,1.0,0.333333,0.5,1,0.1,0.36363636363636365,0.5818438381937912,0.628808864265928,19.021646752,0
gestion_2016-01-04_32,15,none,,niblack,docling_easyocr,qwen,3,0,0,0,3,0.0,0.0,0.0,0,,,,,61.227941143,1
gestion_2016-01-04_32,15,none,,niblack,docling_rapidocr,qwen,3,0,0,0,3,0.0,0.0,0.0,0,,,,,9.334807026,1
gestion_2016-01-04_32,15,none,,none_color,docling_easyocr,qwen,3,0,0,0,3,0.0,0.0,0.0,0,,,,,81.98034178,1
gestion_2016-01-04_32,15,none,,none_color,docling_rapidocr,qwen,3,0,0,0,3,0.0,0.0,0.0,0,,,,,17.289163458,1
gestion_2016-01-04_32,15,none,,none_grayscale,docling_easyocr,qwen,3,2,1,1,2,0.5,0.333333,0.4,2,4.116666666666666,3.227272727272727,0.7481611247324094,0.9741351542871868,82.692380131,0
gestion_2016-01-04_32,15,none,,none_grayscale,docling_rapidocr,qwen,3,0,0,0,3,0.0,0.0,0.0,0,,,,,18.328551472,1
gestion_2016-01-04_32,15,none,,otsu,docling_easyocr,qwen,3,1,1,0,2,1.0,0.333333,0.5,1,0.2,0.36363636363636365,0.4501411100658514,0.5650969529085873,82.42834672,0
gestion_2016-01-04_32,15,none,,otsu,docling_rapidocr,qwen,3,3,2,1,1,0.666667,0.666667,0.666667,3,1.3388888888888888,1.2323232323232325,0.4817386628211065,0.6324593613777405,19.182759848,0
gestion_2016-01-04_32,16,none,,adaptive_gaussian,docling_easyocr,qwen,3,0,0,0,3,0.0,0.0,0.0,0,,,,,62.728382483,1
gestion_2016-01-04_32,16,none,,adaptive_gaussian,docling_rapidocr,qwen,3,0,0,0,3,0.0,0.0,0.0,0,,,,,10.382610693,1
gestion_2016-01-04_32,16,none,,adaptive_mean,docling_easyocr,qwen,3,0,0,0,3,0.0,0.0,0.0,0,,,,,64.985490643,1
gestion_2016-01-04_32,16,none,,adaptive_mean,docling_rapidocr,qwen,3,0,0,0,3,0.0,0.0,0.0,0,,,,,10.338894211,1
gestion_2016-01-04_32,16,none,,basic,docling_easyocr,qwen,3,1,0,1,3,0.0,0.0,0.0,1,0.03333333333333333,0.18181818181818182,0.8828786453433678,0.9473684210526315,85.812391405,0
gestion_2016-01-04_32,16,none,,basic,docling_rapidocr,qwen,3,0,0,0,3,0.0,0.0,0.0,0,,,,,18.076916342,1
gestion_2016-01-04_32,16,none,,niblack,docling_easyocr,qwen,3,0,0,0,3,0.0,0.0,0.0,0,,,,,61.74967235,1
gestion_2016-01-04_32,16,none,,niblack,docling_rapidocr,qwen,3,0,0,0,3,0.0,0.0,0.0,0,,,,,11.790616926,1
gestion_2016-01-04_32,16,none,,none_color,docling_easyocr,qwen,3,3,0,3,3,0.0,0.0,0.0,3,4.297222222222222,3.616161616161616,0.9331777909745083,1.2493381556706946,82.362431744,0
gestion_2016-01-04_32,16,none,,none_color,docling_rapidocr,qwen,3,0,0,0,3,0.0,0.0,0.0,0,,,,,19.22453759,1
gestion_2016-01-04_32,16,none,,none_grayscale,docling_easyocr,qwen,3,0,0,0,3,0.0,0.0,0.0,0,,,,,72.770744375,1
gestion_2016-01-04_32,16,none,,none_grayscale,docling_rapidocr,qwen,3,0,0,0,3,0.0,0.0,0.0,0,,,,,18.212306074,1
gestion_2016-01-04_32,16,none,,otsu,docling_easyocr,qwen,3,0,0,0,3,0.0,0.0,0.0,0,,,,,85.865014034,1
gestion_2016-01-04_32,16,none,,otsu,docling_rapidocr,qwen,3,2,1,1,2,0.5,0.333333,0.4,2,0.4708333333333333,0.6363636363636364,1.0558681046807061,1.274528119564517,15.447000462,0
gestion_2016-01-04_32,17,none,,adaptive_gaussian,docling_easyocr,qwen,3,0,0,0,3,0.0,0.0,0.0,0,,,,,62.784646095,1
gestion_2016-01-04_32,17,none,,adaptive_gaussian,docling_rapidocr,qwen,3,0,0,0,3,0.0,0.0,0.0,0,,,,,10.107768358,1
gestion_2016-01-04_32,17,none,,adaptive_mean,docling_easyocr,qwen,3,0,0,0,3,0.0,0.0,0.0,0,,,,,72.051803671,1
gestion_2016-01-04_32,17,none,,adaptive_mean,docling_rapidocr,qwen,3,0,0,0,3,0.0,0.0,0.0,0,,,,,10.259258352,1
gestion_2016-01-04_32,17,none,,basic,docling_easyocr,qwen,3,1,0,1,3,0.0,0.0,0.0,1,1.4333333333333333,1.6363636363636365,0.6820319849482597,0.8393351800554016,75.173015957,0
gestion_2016-01-04_32,17,none,,basic,docling_rapidocr,qwen,3,0,0,0,3,0.0,0.0,0.0,0,,,,,15.679275875,1
gestion_2016-01-04_32,17,none,,niblack,docling_easyocr,qwen,3,0,0,0,3,0.0,0.0,0.0,0,,,,,53.489574629,1
gestion_2016-01-04_32,17,none,,niblack,docling_rapidocr,qwen,3,0,0,0,3,0.0,0.0,0.0,0,,,,,10.921545225,1
gestion_2016-01-04_32,17,none,,none_color,docling_easyocr,qwen,3,0,0,0,3,0.0,0.0,0.0,0,,,,,76.436322741,4
gestion_2016-01-04_32,17,none,,none_color,docling_rapidocr,qwen,3,0,0,0,3,0.0,0.0,0.0,0,,,,,18.888747029,1
gestion_2016-01-04_32,17,none,,none_grayscale,docling_easyocr,qwen,3,0,0,0,3,0.0,0.0,0.0,0,,,,,73.929783873,4
gestion_2016-01-04_32,17,none,,none_grayscale,docling_rapidocr,qwen,3,0,0,0,3,0.0,0.0,0.0,0,,,,,18.776502661,1
gestion_2016-01-04_32,17,none,,otsu,docling_easyocr,qwen,3,3,0,3,3,0.0,0.0,0.0,3,2.4,1.4545454545454544,1.2974702897413046,1.5141873451478551,81.964618164,0
gestion_2016-01-04_32,17,none,,otsu,docling_rapidocr,qwen,3,0,0,0,3,0.0,0.0,0.0,0,,,,,18.876415688,1
gestion_2016-01-04_32,18,none,,adaptive_gaussian,docling_easyocr,qwen,3,0,0,0,3,0.0,0.0,0.0,0,,,,,61.726019285,1
gestion_2016-01-04_32,18,none,,adaptive_gaussian,docling_rapidocr,qwen,3,0,0,0,3,0.0,0.0,0.0,0,,,,,10.413359068,1
gestion_2016-01-04_32,18,none,,adaptive_mean,docling_easyocr,qwen,3,0,0,0,3,0.0,0.0,0.0,0,,,,,61.722918434,1
gestion_2016-01-04_32,18,none,,adaptive_mean,docling_rapidocr,qwen,3,0,0,0,3,0.0,0.0,0.0,0,,,,,10.182768269,1
gestion_2016-01-04_32,18,none,,basic,docling_easyocr,qwen,3,0,0,0,3,0.0,0.0,0.0,0,,,,,61.889652695,1
gestion_2016-01-04_32,18,none,,basic,docling_rapidocr,qwen,3,0,0,0,3,0.0,0.0,0.0,0,,,,,10.710964407,1
gestion_2016-01-04_32,18,none,,niblack,docling_easyocr,qwen,3,0,0,0,3,0.0,0.0,0.0,0,,,,,62.9076409,1
gestion_2016-01-04_32,18,none,,none_color,docling_easyocr,qwen,3,0,0,0,3,0.0,0.0,0.0,0,,,,,55.814777744,1
gestion_2016-01-04_32,18,none,,none_grayscale,docling_easyocr,qwen,3,0,0,0,3,0.0,0.0,0.0,0,,,,,64.192773712,1
gestion_2016-01-04_32,18,none,,otsu,docling_easyocr,qwen,3,0,0,0,3,0.0,0.0,0.0,0,,,,,62.506448784,1
gestion_2016-01-04_32,18,none,,otsu,docling_rapidocr,qwen,3,0,0,0,3,0.0,0.0,0.0,0,,,,,10.826738634,1
gestion_2016-01-04_32,18,none,,yannihorne,docling_rapidocr,qwen,3,0,0,0,3,0.0,0.0,0.0,0,,,,,11.146513977,1
gestion_2016-01-04_32,19,none,,adaptive_gaussian,docling_easyocr,qwen,3,0,0,0,3,0.0,0.0,0.0,0,,,,,63.119673746,1
gestion_2016-01-04_32,19,none,,adaptive_gaussian,docling_rapidocr,qwen,3,0,0,0,3,0.0,0.0,0.0,0,,,,,10.579780834,1
gestion_2016-01-04_32,19,none,,adaptive_mean,docling_easyocr,qwen,3,0,0,0,3,0.0,0.0,0.0,0,,,,,54.570656265,1
gestion_2016-01-04_32,19,none,,adaptive_mean,docling_rapidocr,qwen,3,0,0,0,3,0.0,0.0,0.0,0,,,,,10.768212523,1
gestion_2016-01-04_32,19,none,,basic,docling_easyocr,qwen,3,0,0,0,3,0.0,0.0,0.0,0,,,,,53.749733456,1
gestion_2016-01-04_32,19,none,,basic,docling_rapidocr,qwen,3,0,0,0,3,0.0,0.0,0.0,0,,,,,9.735295065,1
gestion_2016-01-04_32,19,none,,niblack,docling_easyocr,qwen,3,0,0,0,3,0.0,0.0,0.0,0,,,,,54.056939268,1
gestion_2016-01-04_32,19,none,,otsu,docling_easyocr,qwen,3,0,0,0,3,0.0,0.0,0.0,0,,,,,62.166049561,1
gestion_2016-01-04_32,19,none,,otsu,docling_rapidocr,qwen,3,0,0,0,3,0.0,0.0,0.0,0,,,,,9.48052462,1
gestion_2016-01-04_32,19,none,,yannihorne,docling_easyocr,qwen,3,0,0,0,3,0.0,0.0,0.0,0,,,,,62.160623154,1
gestion_2016-01-04_32,19,none,,yannihorne,docling_rapidocr,qwen,3,0,0,0,3,0.0,0.0,0.0,0,,,,,12.058042368,1
gestion_2016-01-04_32,20,none,,adaptive_gaussian,docling_easyocr,qwen,3,0,0,0,3,0.0,0.0,0.0,0,,,,,61.63576968,1
gestion_2016-01-04_32,20,none,,adaptive_gaussian,docling_rapidocr,qwen,3,0,0,0,3,0.0,0.0,0.0,0,,,,,9.855057791,1
gestion_2016-01-04_32,20,none,,adaptive_mean,docling_easyocr,qwen,3,0,0,0,3,0.0,0.0,0.0,0,,,,,54.162259674,1
gestion_2016-01-04_32,20,none,,adaptive_mean,docling_rapidocr,qwen,3,0,0,0,3,0.0,0.0,0.0,0,,,,,9.801380968,1
gestion_2016-01-04_32,20,none,,basic,docling_easyocr,qwen,3,0,0,0,3,0.0,0.0,0.0,0,,,,,57.618481296,1
gestion_2016-01-04_32,20,none,,basic,docling_rapidocr,qwen,3,0,0,0,3,0.0,0.0,0.0,0,,,,,9.932626384,1
gestion_2016-01-04_32,20,none,,niblack,docling_easyocr,qwen,3,0,0,0,3,0.0,0.0,0.0,0,,,,,63.499311409,1
gestion_2016-01-04_32,20,none,,none_color,docling_easyocr,qwen,3,0,0,0,3,0.0,0.0,0.0,0,,,,,63.719985073,1
gestion_2016-01-04_32,20,none,,none_grayscale,docling_easyocr,qwen,3,0,0,0,3,0.0,0.0,0.0,0,,,,,63.094235962,1
gestion_2016-01-04_32,20,none,,otsu,docling_easyocr,qwen,3,0,0,0,3,0.0,0.0,0.0,0,,,,,56.721356363,1
gestion_2016-01-04_32,20,none,,otsu,docling_rapidocr,qwen,3,0,0,0,3,0.0,0.0,0.0,0,,,,,9.84803936,1
gestion_2016-01-04_32,20,none,,yannihorne,docling_rapidocr,qwen,3,0,0,0,3,0.0,0.0,0.0,0,,,,,11.428795309,1
gestion_2016-01-04_32,21,none,,adaptive_gaussian,docling_easyocr,qwen,3,0,0,0,3,0.0,0.0,0.0,0,,,,,177.922930097,1
gestion_2016-01-04_32,21,none,,adaptive_gaussian,docling_rapidocr,qwen,3,2,0,2,3,0.0,0.0,0.0,2,1.875,1.6666666666666667,0.7660361052429422,0.964562569213732,105.272800064,0
gestion_2016-01-04_32,21,none,,adaptive_mean,docling_easyocr,qwen,3,0,0,0,3,0.0,0.0,0.0,0,,,,,177.230040189,1
gestion_2016-01-04_32,21,none,,adaptive_mean,docling_rapidocr,qwen,3,3,0,3,3,0.0,0.0,0.0,2,0.5416666666666666,0.7272727272727273,0.9280357182539388,0.9986149584487535,105.315411207,0
gestion_2016-01-04_32,21,none,,basic,docling_easyocr,qwen,3,0,0,0,3,0.0,0.0,0.0,0,,,,,160.159363832,1
gestion_2016-01-04_32,21,none,,basic,docling_rapidocr,qwen,3,0,0,0,3,0.0,0.0,0.0,0,,,,,103.880022373,1
gestion_2016-01-04_32,21,none,,niblack,docling_easyocr,qwen,3,0,0,0,3,0.0,0.0,0.0,0,,,,,143.065823299,1
gestion_2016-01-04_32,21,none,,niblack,docling_rapidocr,qwen,3,0,0,0,3,0.0,0.0,0.0,0,,,,,97.399375421,1
gestion_2016-01-04_32,21,none,,none_color,docling_easyocr,qwen,3,0,0,0,3,0.0,0.0,0.0,0,,,,,180.545795931,1
gestion_2016-01-04_32,21,none,,none_color,docling_rapidocr,qwen,3,0,0,0,3,0.0,0.0,0.0,0,,,,,106.827044023,1
gestion_2016-01-04_32,21,none,,none_grayscale,docling_easyocr,qwen,3,0,0,0,3,0.0,0.0,0.0,0,,,,,179.384098305,1
gestion_2016-01-04_32,21,none,,none_grayscale,docling_rapidocr,qwen,3,0,0,0,3,0.0,0.0,0.0,0,,,,,106.525467886,1
gestion_2016-01-04_32,21,none,,otsu,docling_easyocr,qwen,3,0,0,0,3,0.0,0.0,0.0,0,,,,,180.772532144,1
gestion_2016-01-04_32,21,none,,otsu,docling_rapidocr,qwen,3,2,0,2,3,0.0,0.0,0.0,2,0.39166666666666666,0.5909090909090909,1.0020851697394835,1.519358371448818,103.385823408,0
gestion_2016-01-04_32,22,none,,adaptive_gaussian,docling_easyocr,qwen,3,0,0,0,3,0.0,0.0,0.0,0,,,,,179.357383173,1
gestion_2016-01-04_32,22,none,,adaptive_gaussian,docling_rapidocr,qwen,3,2,0,2,3,0.0,0.0,0.0,1,1.0,1.0,0.905511811023622,0.9767441860465116,106.795986097,0
gestion_2016-01-04_32,22,none,,adaptive_mean,docling_easyocr,qwen,3,0,0,0,3,0.0,0.0,0.0,0,,,,,176.851237406,1
gestion_2016-01-04_32,22,none,,adaptive_mean,docling_rapidocr,qwen,3,1,0,1,3,0.0,0.0,0.0,1,2.75,2.3333333333333335,0.7987804878048781,1.0,106.815655102,0
gestion_2016-01-04_32,22,none,,basic,docling_easyocr,qwen,3,0,0,0,3,0.0,0.0,0.0,0,,,,,177.663244159,1
gestion_2016-01-04_32,22,none,,basic,docling_rapidocr,qwen,3,2,0,2,3,0.0,0.0,0.0,2,0.016666666666666666,0.09090909090909091,0.6772560943993007,0.9531984796753206,107.444802673,0
gestion_2016-01-04_32,22,none,,niblack,docling_easyocr,qwen,3,0,0,0,3,0.0,0.0,0.0,0,,,,,151.641414617,1
gestion_2016-01-04_32,22,none,,niblack,docling_rapidocr,qwen,3,0,0,0,3,0.0,0.0,0.0,0,,,,,97.953631376,1
gestion_2016-01-04_32,22,none,,none_color,docling_easyocr,qwen,3,1,0,1,3,0.0,0.0,0.0,1,0.11666666666666667,0.18181818181818182,0.9764816556914393,0.9916897506925207,180.709475834,0
gestion_2016-01-04_32,22,none,,none_color,docling_rapidocr,qwen,3,0,0,0,3,0.0,0.0,0.0,0,,,,,107.191523153,1
gestion_2016-01-04_32,22,none,,none_grayscale,docling_easyocr,qwen,3,1,0,1,3,0.0,0.0,0.0,1,0.11666666666666667,0.18181818181818182,0.9764816556914393,0.9916897506925207,178.857573826,0
gestion_2016-01-04_32,22,none,,none_grayscale,docling_rapidocr,qwen,3,0,0,0,3,0.0,0.0,0.0,0,,,,,107.034208137,1
gestion_2016-01-04_32,22,none,,otsu,docling_easyocr,qwen,3,0,0,0,3,0.0,0.0,0.0,0,,,,,180.804720863,1
gestion_2016-01-04_32,22,none,,otsu,docling_rapidocr,qwen,3,1,1,0,2,1.0,0.333333,0.5,1,0.03333333333333333,0.18181818181818182,0.616650987770461,0.8337950138504155,106.953642591,0
gestion_2016-01-04_32,23,none,,adaptive_gaussian,docling_easyocr,qwen,3,0,0,0,3,0.0,0.0,0.0,0,,,,,177.951088701,1
gestion_2016-01-04_32,23,none,,adaptive_gaussian,docling_rapidocr,qwen,3,2,0,2,3,0.0,0.0,0.0,2,2.5208333333333335,2.166666666666667,0.765844056078356,1.2093023255813953,106.623843227,0
gestion_2016-01-04_32,23,none,,adaptive_mean,docling_easyocr,qwen,3,0,0,0,3,0.0,0.0,0.0,0,,,,,177.188913162,1
gestion_2016-01-04_32,23,none,,adaptive_mean,docling_rapidocr,qwen,3,1,0,1,3,0.0,0.0,0.0,1,4.25,3.5,0.7165354330708661,0.9302325581395349,105.916251238,0
gestion_2016-01-04_32,23,none,,basic,docling_easyocr,qwen,3,0,0,0,3,0.0,0.0,0.0,0,,,,,164.805468822,1
gestion_2016-01-04_32,23,none,,basic,docling_rapidocr,qwen,3,3,0,3,3,0.0,0.0,0.0,3,0.5111111111111111,0.7272727272727272,0.9184965085775034,0.9907663896583564,102.982840086,0
gestion_2016-01-04_32,23,none,,niblack,docling_easyocr,qwen,3,0,0,0,3,0.0,0.0,0.0,0,,,,,150.589735979,1
gestion_2016-01-04_32,23,none,,niblack,docling_rapidocr,qwen,3,0,0,0,3,0.0,0.0,0.0,0,,,,,98.52410602,1
gestion_2016-01-04_32,23,none,,none_color,docling_easyocr,qwen,3,1,0,1,3,0.0,0.0,0.0,1,0.16666666666666666,0.2727272727272727,0.9868297271872061,0.9916897506925207,180.852391195,0
gestion_2016-01-04_32,23,none,,none_color,docling_rapidocr,qwen,3,0,0,0,3,0.0,0.0,0.0,0,,,,,107.050848675,1
gestion_2016-01-04_32,23,none,,none_grayscale,docling_easyocr,qwen,3,1,0,1,3,0.0,0.0,0.0,1,0.16666666666666666,0.2727272727272727,0.9868297271872061,0.9916897506925207,180.363369894,0
gestion_2016-01-04_32,23,none,,none_grayscale,docling_rapidocr,qwen,3,0,0,0,3,0.0,0.0,0.0,0,,,,,107.429910612,1
gestion_2016-01-04_32,23,none,,otsu,docling_easyocr,qwen,3,1,0,1,3,0.0,0.0,0.0,1,0.03333333333333333,0.18181818181818182,0.9995296331138288,1.0,170.933562376,0
gestion_2016-01-04_32,23,none,,otsu,docling_rapidocr,qwen,3,0,0,0,3,0.0,0.0,0.0,0,,,,,105.743395902,1
gestion_2016-01-04_32,24,none,,adaptive_gaussian,docling_easyocr,qwen,3,0,0,0,3,0.0,0.0,0.0,0,,,,,85.085492675,1
gestion_2016-01-04_32,24,none,,adaptive_gaussian,docling_rapidocr,qwen,3,2,0,2,3,0.0,0.0,0.0,2,0.55,0.6363636363636364,0.9992944496707432,1.0,10.520973747,0
gestion_2016-01-04_32,24,none,,adaptive_mean,docling_easyocr,qwen,3,0,0,0,3,0.0,0.0,0.0,0,,,,,89.860658493,1
gestion_2016-01-04_32,24,none,,adaptive_mean,docling_rapidocr,qwen,3,0,0,0,3,0.0,0.0,0.0,0,,,,,12.931671705,1
gestion_2016-01-04_32,24,none,,basic,docling_easyocr,qwen,3,0,0,0,3,0.0,0.0,0.0,0,,,,,80.662898906,1
gestion_2016-01-04_32,24,none,,basic,docling_rapidocr,qwen,3,0,0,0,3,0.0,0.0,0.0,0,,,,,18.24656237,1
gestion_2016-01-04_32,24,none,,niblack,docling_easyocr,qwen,3,0,0,0,3,0.0,0.0,0.0,0,,,,,63.306856096,1
gestion_2016-01-04_32,24,none,,niblack,docling_rapidocr,qwen,3,0,0,0,3,0.0,0.0,0.0,0,,,,,10.088419616,1
gestion_2016-01-04_32,24,none,,none_color,docling_easyocr,qwen,3,0,0,0,3,0.0,0.0,0.0,0,,,,,80.671418172,1
gestion_2016-01-04_32,24,none,,none_color,docling_rapidocr,qwen,3,0,0,0,3,0.0,0.0,0.0,0,,,,,16.245510561,1
gestion_2016-01-04_32,24,none,,none_grayscale,docling_easyocr,qwen,3,0,0,0,3,0.0,0.0,0.0,0,,,,,83.217455442,1
gestion_2016-01-04_32,24,none,,none_grayscale,docling_rapidocr,qwen,3,1,1,0,2,1.0,0.333333,0.5,1,0.03333333333333333,0.18181818181818182,0.4473189087488241,0.4903047091412742,18.635160739,0
gestion_2016-01-04_32,24,none,,otsu,docling_easyocr,qwen,3,0,0,0,3,0.0,0.0,0.0,0,,,,,79.334567508,1
gestion_2016-01-04_32,24,none,,otsu,docling_rapidocr,qwen,3,1,1,0,2,1.0,0.333333,0.5,1,0.03333333333333333,0.18181818181818182,0.5206961429915334,0.592797783933518,19.089571914,0
gestion_2016-01-04_32,25,none,,adaptive_gaussian,docling_easyocr,qwen,3,0,0,0,3,0.0,0.0,0.0,0,,,,,72.185497224,1
gestion_2016-01-04_32,25,none,,adaptive_gaussian,docling_rapidocr,qwen,3,0,0,0,3,0.0,0.0,0.0,0,,,,,10.699399889,1
gestion_2016-01-04_32,25,none,,adaptive_mean,docling_easyocr,qwen,3,0,0,0,3,0.0,0.0,0.0,0,,,,,86.606347139,1
gestion_2016-01-04_32,25,none,,adaptive_mean,docling_rapidocr,qwen,3,0,0,0,3,0.0,0.0,0.0,0,,,,,9.802498634,1
gestion_2016-01-04_32,25,none,,basic,docling_easyocr,qwen,3,2,1,1,2,0.5,0.333333,0.4,2,0.39166666666666666,0.5909090909090909,1.8316679135710106,1.8570830380725374,70.427880312,0
gestion_2016-01-04_32,25,none,,basic,docling_rapidocr,qwen,3,0,0,0,3,0.0,0.0,0.0,0,,,,,14.885037685,1
gestion_2016-01-04_32,25,none,,niblack,docling_easyocr,qwen,3,0,0,0,3,0.0,0.0,0.0,0,,,,,63.166444015,1
gestion_2016-01-04_32,25,none,,niblack,docling_rapidocr,qwen,3,0,0,0,3,0.0,0.0,0.0,0,,,,,10.4445755,1
gestion_2016-01-04_32,25,none,,none_color,docling_easyocr,qwen,3,0,0,0,3,0.0,0.0,0.0,0,,,,,81.563903284,1
gestion_2016-01-04_32,25,none,,none_color,docling_rapidocr,qwen,3,0,0,0,3,0.0,0.0,0.0,0,,,,,18.493039798,2
gestion_2016-01-04_32,25,none,,none_grayscale,docling_easyocr,qwen,3,0,0,0,3,0.0,0.0,0.0,0,,,,,77.381570364,1
gestion_2016-01-04_32,25,none,,none_grayscale,docling_rapidocr,qwen,3,0,0,0,3,0.0,0.0,0.0,0,,,,,14.893426443,1
gestion_2016-01-04_32,25,none,,otsu,docling_easyocr,qwen,3,0,0,0,3,0.0,0.0,0.0,0,,,,,82.598447254,1
gestion_2016-01-04_32,25,none,,otsu,docling_rapidocr,qwen,3,1,1,0,2,1.0,0.333333,0.5,1,0.03333333333333333,0.18181818181818182,0.5625587958607714,0.6232686980609419,17.875670126,0
gestion_2016-01-04_32,26,none,,adaptive_gaussian,docling_easyocr,qwen,3,0,0,0,3,0.0,0.0,0.0,0,,,,,89.237691986,1
gestion_2016-01-04_32,26,none,,adaptive_gaussian,docling_rapidocr,qwen,3,2,0,2,3,0.0,0.0,0.0,2,1.0625,1.1666666666666665,0.9736412521605531,1.0,11.821386205,0
gestion_2016-01-04_32,26,none,,adaptive_mean,docling_easyocr,qwen,3,0,0,0,3,0.0,0.0,0.0,0,,,,,91.06491197,1
gestion_2016-01-04_32,26,none,,adaptive_mean,docling_rapidocr,qwen,3,0,0,0,3,0.0,0.0,0.0,0,,,,,14.702622541,1
gestion_2016-01-04_32,26,none,,basic,docling_easyocr,qwen,3,1,1,0,2,1.0,0.333333,0.5,1,0.03333333333333333,0.18181818181818182,0.5634995296331138,0.7313019390581718,75.390555551,0
gestion_2016-01-04_32,26,none,,basic,docling_rapidocr,qwen,3,0,0,0,3,0.0,0.0,0.0,0,,,,,16.702132871,1
gestion_2016-01-04_32,26,none,,niblack,docling_easyocr,qwen,3,0,0,0,3,0.0,0.0,0.0,0,,,,,54.808660728,1
gestion_2016-01-04_32,26,none,,niblack,docling_rapidocr,qwen,3,0,0,0,3,0.0,0.0,0.0,0,,,,,10.43090604,1
gestion_2016-01-04_32,26,none,,none_color,docling_easyocr,qwen,3,0,0,0,3,0.0,0.0,0.0,0,,,,,82.320631601,1
gestion_2016-01-04_32,26,none,,none_color,docling_rapidocr,qwen,3,0,0,0,3,0.0,0.0,0.0,0,,,,,18.921016552,1
gestion_2016-01-04_32,26,none,,none_grayscale,docling_easyocr,qwen,3,0,0,0,3,0.0,0.0,0.0,0,,,,,76.769272186,1
gestion_2016-01-04_32,26,none,,none_grayscale,docling_rapidocr,qwen,3,0,0,0,3,0.0,0.0,0.0,0,,,,,18.879388429,1
gestion_2016-01-04_32,26,none,,otsu,docling_easyocr,qwen,3,0,0,0,3,0.0,0.0,0.0,0,,,,,81.734794143,1
gestion_2016-01-04_32,26,none,,otsu,docling_rapidocr,qwen,3,0,0,0,3,0.0,0.0,0.0,0,,,,,18.459527019,1
gestion_2016-01-04_32,27,none,,adaptive_gaussian,docling_easyocr,qwen,3,0,0,0,3,0.0,0.0,0.0,0,,,,,77.025248802,1
gestion_2016-01-04_32,27,none,,adaptive_gaussian,docling_rapidocr,qwen,3,2,0,2,3,0.0,0.0,0.0,2,2.5,2.25,0.8613645093143845,1.0,17.61365608,0
gestion_2016-01-04_32,27,none,,adaptive_mean,docling_easyocr,qwen,3,0,0,0,3,0.0,0.0,0.0,0,,,,,86.884079917,1
gestion_2016-01-04_32,27,none,,adaptive_mean,docling_rapidocr,qwen,3,0,0,0,3,0.0,0.0,0.0,0,,,,,16.723126873,1
gestion_2016-01-04_32,27,none,,basic,docling_easyocr,qwen,3,0,0,0,3,0.0,0.0,0.0,0,,,,,82.108457592,1
gestion_2016-01-04_32,27,none,,basic,docling_rapidocr,qwen,3,0,0,0,3,0.0,0.0,0.0,0,,,,,15.855144765,1
gestion_2016-01-04_32,27,none,,niblack,docling_easyocr,qwen,3,0,0,0,3,0.0,0.0,0.0,0,,,,,64.017806701,1
gestion_2016-01-04_32,27,none,,niblack,docling_rapidocr,qwen,3,0,0,0,3,0.0,0.0,0.0,0,,,,,10.072653226,1
gestion_2016-01-04_32,27,none,,none_color,docling_easyocr,qwen,3,0,0,0,3,0.0,0.0,0.0,0,,,,,82.338331819,1
gestion_2016-01-04_32,27,none,,none_color,docling_rapidocr,qwen,3,0,0,0,3,0.0,0.0,0.0,0,,,,,18.567551733,1
gestion_2016-01-04_32,27,none,,none_grayscale,docling_easyocr,qwen,3,0,0,0,3,0.0,0.0,0.0,0,,,,,74.206267072,1
gestion_2016-01-04_32,27,none,,none_grayscale,docling_rapidocr,qwen,3,1,1,0,2,1.0,0.333333,0.5,1,0.03333333333333333,0.18181818181818182,0.5559736594543744,0.6537396121883656,18.863874628,0
gestion_2016-01-04_32,27,none,,otsu,docling_easyocr,qwen,3,0,0,0,3,0.0,0.0,0.0,0,,,,,81.23975406,1
gestion_2016-01-04_32,27,none,,otsu,docling_rapidocr,qwen,3,0,0,0,3,0.0,0.0,0.0,0,,,,,17.628131727,1
gestion_2016-01-04_32,28,none,,adaptive_gaussian,docling_easyocr,qwen,3,0,0,0,3,0.0,0.0,0.0,0,,,,,83.731998301,1
gestion_2016-01-04_32,28,none,,adaptive_gaussian,docling_rapidocr,qwen,3,0,0,0,3,0.0,0.0,0.0,0,,,,,12.283410168,1
gestion_2016-01-04_32,28,none,,adaptive_mean,docling_easyocr,qwen,3,0,0,0,3,0.0,0.0,0.0,0,,,,,86.458210917,1
gestion_2016-01-04_32,28,none,,adaptive_mean,docling_rapidocr,qwen,3,3,0,3,3,0.0,0.0,0.0,2,0.35833333333333334,0.6818181818181819,0.9959148450752217,0.997229916897507,15.746652098,0
gestion_2016-01-04_32,28,none,,basic,docling_easyocr,qwen,3,0,0,0,3,0.0,0.0,0.0,0,,,,,73.146123185,1
gestion_2016-01-04_32,28,none,,basic,docling_rapidocr,qwen,3,0,0,0,3,0.0,0.0,0.0,0,,,,,17.536071553,1
gestion_2016-01-04_32,28,none,,niblack,docling_easyocr,qwen,3,0,0,0,3,0.0,0.0,0.0,0,,,,,57.990244143,1
gestion_2016-01-04_32,28,none,,niblack,docling_rapidocr,qwen,3,0,0,0,3,0.0,0.0,0.0,0,,,,,10.412981503,1
gestion_2016-01-04_32,28,none,,none_color,docling_easyocr,qwen,3,0,0,0,3,0.0,0.0,0.0,0,,,,,71.106104958,1
gestion_2016-01-04_32,28,none,,none_color,docling_rapidocr,qwen,3,1,1,0,2,1.0,0.333333,0.5,1,0.38333333333333336,0.5454545454545454,0.4539040451552211,0.5124653739612188,15.914478886,0
gestion_2016-01-04_32,28,none,,none_grayscale,docling_easyocr,qwen,3,0,0,0,3,0.0,0.0,0.0,0,,,,,81.488193453,1
gestion_2016-01-04_32,28,none,,none_grayscale,docling_rapidocr,qwen,3,0,0,0,3,0.0,0.0,0.0,0,,,,,18.050185145,1
gestion_2016-01-04_32,28,none,,otsu,docling_easyocr,qwen,3,3,1,2,2,0.333333,0.333333,0.333333,3,0.5222222222222223,0.7575757575757575,0.5855948944190296,0.6891586371068431,80.063702193,0
gestion_2016-01-04_32,28,none,,otsu,docling_rapidocr,qwen,3,0,0,0,3,0.0,0.0,0.0,0,,,,,18.235744801,1
gestion_2016-01-04_32,29,none,,adaptive_gaussian,docling_easyocr,qwen,3,0,0,0,3,0.0,0.0,0.0,0,,,,,80.957262229,1
gestion_2016-01-04_32,29,none,,adaptive_gaussian,docling_rapidocr,qwen,3,0,0,0,3,0.0,0.0,0.0,0,,,,,18.240074824,1
gestion_2016-01-04_32,29,none,,adaptive_mean,docling_easyocr,qwen,3,0,0,0,3,0.0,0.0,0.0,0,,,,,87.955660792,1
gestion_2016-01-04_32,29,none,,adaptive_mean,docling_rapidocr,qwen,3,2,0,2,3,0.0,0.0,0.0,1,0.03333333333333333,0.18181818181818182,0.9793038570084666,0.997229916897507,15.348123284,0
gestion_2016-01-04_32,29,none,,basic,docling_easyocr,qwen,3,0,0,0,3,0.0,0.0,0.0,0,,,,,74.929762782,1
gestion_2016-01-04_32,29,none,,basic,docling_rapidocr,qwen,3,0,0,0,3,0.0,0.0,0.0,0,,,,,15.583884896,1
gestion_2016-01-04_32,29,none,,niblack,docling_easyocr,qwen,3,0,0,0,3,0.0,0.0,0.0,0,,,,,62.926312699,1
gestion_2016-01-04_32,29,none,,niblack,docling_rapidocr,qwen,3,0,0,0,3,0.0,0.0,0.0,0,,,,,10.075203433,1
gestion_2016-01-04_32,29,none,,none_color,docling_easyocr,qwen,3,0,0,0,3,0.0,0.0,0.0,0,,,,,81.572255719,1
gestion_2016-01-04_32,29,none,,none_color,docling_rapidocr,qwen,3,0,0,0,3,0.0,0.0,0.0,0,,,,,18.268888342,1
gestion_2016-01-04_32,29,none,,none_grayscale,docling_easyocr,qwen,3,0,0,0,3,0.0,0.0,0.0,0,,,,,73.10003053,1
gestion_2016-01-04_32,29,none,,none_grayscale,docling_rapidocr,qwen,3,0,0,0,3,0.0,0.0,0.0,0,,,,,19.008201468,1
gestion_2016-01-04_32,29,none,,otsu,docling_easyocr,qwen,3,0,0,0,3,0.0,0.0,0.0,0,,,,,82.051731362,1
gestion_2016-01-04_32,29,none,,otsu,docling_rapidocr,qwen,3,0,0,0,3,0.0,0.0,0.0,0,,,,,18.123664155,1
gestion_2016-01-04_32,30,none,,adaptive_gaussian,docling_easyocr,qwen,3,0,0,0,3,0.0,0.0,0.0,0,,,,,74.994884535,1
gestion_2016-01-04_32,30,none,,adaptive_gaussian,docling_rapidocr,qwen,3,2,0,2,3,0.0,0.0,0.0,2,1.875,1.6666666666666667,0.946538313808335,1.4047619047619047,16.461960599,0
gestion_2016-01-04_32,30,none,,adaptive_mean,docling_easyocr,qwen,3,0,0,0,3,0.0,0.0,0.0,0,,,,,78.608928362,1
gestion_2016-01-04_32,30,none,,adaptive_mean,docling_rapidocr,qwen,3,1,0,1,3,0.0,0.0,0.0,1,4.25,3.6666666666666665,0.6280487804878049,0.8571428571428571,11.754132668,0
gestion_2016-01-04_32,30,none,,basic,docling_easyocr,qwen,3,1,0,1,3,0.0,0.0,0.0,1,0.03333333333333333,0.18181818181818182,0.9952963311382879,1.0,92.131952963,0
gestion_2016-01-04_32,30,none,,basic,docling_rapidocr,qwen,3,1,1,0,2,1.0,0.333333,0.5,1,0.03333333333333333,0.18181818181818182,0.5729068673565381,0.7673130193905817,18.279213868,0
gestion_2016-01-04_32,30,none,,niblack,docling_easyocr,qwen,3,0,0,0,3,0.0,0.0,0.0,0,,,,,55.711395009,1
gestion_2016-01-04_32,30,none,,niblack,docling_rapidocr,qwen,3,0,0,0,3,0.0,0.0,0.0,0,,,,,10.761878235,1
gestion_2016-01-04_32,30,none,,none_color,docling_easyocr,qwen,3,0,0,0,3,0.0,0.0,0.0,0,,,,,82.43634754,2
gestion_2016-01-04_32,30,none,,none_color,docling_rapidocr,qwen,3,0,0,0,3,0.0,0.0,0.0,0,,,,,15.263773259,1
gestion_2016-01-04_32,30,none,,none_grayscale,docling_easyocr,qwen,3,5,0,5,3,0.0,0.0,0.0,3,0.6333333333333334,0.3434343434343434,0.8075198840743306,1.1097654376659725,83.611078868,0
gestion_2016-01-04_32,30,none,,none_grayscale,docling_rapidocr,qwen,3,0,0,0,3,0.0,0.0,0.0,0,,,,,15.734431634,1
gestion_2016-01-04_32,30,none,,otsu,docling_easyocr,qwen,3,1,0,1,3,0.0,0.0,0.0,1,0.03333333333333333,0.18181818181818182,0.7384760112888052,0.8365650969529086,82.613482272,0
gestion_2016-01-04_32,30,none,,otsu,docling_rapidocr,qwen,3,1,1,0,2,1.0,0.333333,0.5,1,0.03333333333333333,0.18181818181818182,0.559266227657573,0.6565096952908587,14.793309247,0
gestion_2016-01-04_32,31,none,,adaptive_gaussian,docling_easyocr,qwen,3,0,0,0,3,0.0,0.0,0.0,0,,,,,86.893380572,1
gestion_2016-01-04_32,31,none,,adaptive_gaussian,docling_rapidocr,qwen,3,2,0,2,3,0.0,0.0,0.0,2,2.6041666666666665,2.25,0.8417514883810255,1.5598006644518272,16.073076417,0
gestion_2016-01-04_32,31,none,,adaptive_mean,docling_easyocr,qwen,3,0,0,0,3,0.0,0.0,0.0,0,,,,,81.696316359,1
gestion_2016-01-04_32,31,none,,adaptive_mean,docling_rapidocr,qwen,3,2,0,2,3,0.0,0.0,0.0,2,2.5,2.25,0.7452707893220665,0.929125138427464,15.42607486,0
gestion_2016-01-04_32,31,none,,basic,docling_easyocr,qwen,3,3,0,3,3,0.0,0.0,0.0,1,0.03333333333333333,0.18181818181818182,1.0,1.0,77.326940457,0
gestion_2016-01-04_32,31,none,,basic,docling_rapidocr,qwen,3,1,1,0,2,1.0,0.333333,0.5,1,0.03333333333333333,0.18181818181818182,0.5174035747883349,0.6454293628808865,16.050361554,0
gestion_2016-01-04_32,31,none,,niblack,docling_easyocr,qwen,3,0,0,0,3,0.0,0.0,0.0,0,,,,,62.995826382,1
gestion_2016-01-04_32,31,none,,niblack,docling_rapidocr,qwen,3,0,0,0,3,0.0,0.0,0.0,0,,,,,10.6716186,1
gestion_2016-01-04_32,31,none,,none_color,docling_easyocr,qwen,3,0,0,0,3,0.0,0.0,0.0,0,,,,,82.766906514,1
gestion_2016-01-04_32,31,none,,none_color,docling_rapidocr,qwen,3,0,0,0,3,0.0,0.0,0.0,0,,,,,18.292855038,1
gestion_2016-01-04_32,31,none,,none_grayscale,docling_easyocr,qwen,3,1,0,1,3,0.0,0.0,0.0,1,0.35,0.36363636363636365,0.6472248353715898,0.8033240997229917,82.206714551,0
gestion_2016-01-04_32,31,none,,none_grayscale,docling_rapidocr,qwen,3,0,0,0,3,0.0,0.0,0.0,0,,,,,17.758062998,1
gestion_2016-01-04_32,31,none,,otsu,docling_easyocr,qwen,3,2,0,2,3,0.0,0.0,0.0,2,0.39166666666666666,0.5909090909090909,0.8337224376477066,0.9963725102229257,82.985647194,0
gestion_2016-01-04_32,31,none,,otsu,docling_rapidocr,qwen,3,1,1,0,2,1.0,0.333333,0.5,1,0.03333333333333333,0.18181818181818182,0.4261523988711195,0.4792243767313019,18.668784134,0
gestion_2016-01-04_32,32,none,,adaptive_gaussian,docling_easyocr,qwen,3,0,0,0,3,0.0,0.0,0.0,0,,,,,76.402426939,1
gestion_2016-01-04_32,32,none,,adaptive_gaussian,docling_rapidocr,qwen,3,2,0,2,3,0.0,0.0,0.0,2,0.43333333333333335,0.5909090909090909,1.0261340430901957,1.862946840786176,13.88979743,0
gestion_2016-01-04_32,32,none,,adaptive_mean,docling_easyocr,qwen,3,0,0,0,3,0.0,0.0,0.0,0,,,,,77.989416601,1
gestion_2016-01-04_32,32,none,,adaptive_mean,docling_rapidocr,qwen,3,0,0,0,3,0.0,0.0,0.0,0,,,,,11.362414839,1
gestion_2016-01-04_32,32,none,,basic,docling_easyocr,qwen,3,0,0,0,3,0.0,0.0,0.0,0,,,,,84.295600147,1
gestion_2016-01-04_32,32,none,,basic,docling_rapidocr,qwen,3,0,0,0,3,0.0,0.0,0.0,0,,,,,17.02275321,1
gestion_2016-01-04_32,32,none,,niblack,docling_easyocr,qwen,3,0,0,0,3,0.0,0.0,0.0,0,,,,,64.230219532,1
gestion_2016-01-04_32,32,none,,niblack,docling_rapidocr,qwen,3,0,0,0,3,0.0,0.0,0.0,0,,,,,10.552613665,1
gestion_2016-01-04_32,32,none,,none_color,docling_easyocr,qwen,3,1,0,1,3,0.0,0.0,0.0,1,0.23333333333333334,0.36363636363636365,0.616650987770461,0.7257617728531855,82.350938053,0
gestion_2016-01-04_32,32,none,,none_color,docling_rapidocr,qwen,3,0,0,0,3,0.0,0.0,0.0,0,,,,,18.418444128,1
gestion_2016-01-04_32,32,none,,none_grayscale,docling_easyocr,qwen,3,1,0,1,3,0.0,0.0,0.0,1,0.23333333333333334,0.36363636363636365,0.616650987770461,0.7257617728531855,84.23138401,0
gestion_2016-01-04_32,32,none,,none_grayscale,docling_rapidocr,qwen,3,0,0,0,3,0.0,0.0,0.0,0,,,,,18.197170467,1
gestion_2016-01-04_32,32,none,,otsu,docling_easyocr,qwen,3,1,0,1,3,0.0,0.0,0.0,1,0.03333333333333333,0.18181818181818182,0.8132643461900282,0.9224376731301939,83.793207689,0
gestion_2016-01-04_32,32,none,,otsu,docling_rapidocr,qwen,3,1,1,0,2,1.0,0.333333,0.5,1,0.03333333333333333,0.18181818181818182,0.5277516462841016,0.590027700831025,17.130511805,0
gestion_2016-01-04_32,33,none,,adaptive_gaussian,docling_easyocr,qwen,3,0,0,0,3,0.0,0.0,0.0,0,,,,,87.790201593,1
gestion_2016-01-04_32,33,none,,adaptive_gaussian,docling_rapidocr,qwen,3,2,0,2,3,0.0,0.0,0.0,2,0.5166666666666667,0.5909090909090909,0.8123625010185109,0.9537460542420924,16.551795174,0
gestion_2016-01-04_32,33,none,,adaptive_mean,docling_easyocr,qwen,3,0,0,0,3,0.0,0.0,0.0,0,,,,,73.615240213,1
gestion_2016-01-04_32,33,none,,adaptive_mean,docling_rapidocr,qwen,3,3,0,3,3,0.0,0.0,0.0,3,0.611111111111111,0.8181818181818182,0.8692340008562418,1.3316665797500689,15.695757505,0
gestion_2016-01-04_32,33,none,,basic,docling_easyocr,qwen,3,1,0,1,3,0.0,0.0,0.0,1,6.75,6.0,0.6377952755905512,0.9069767441860465,86.667317787,0
gestion_2016-01-04_32,33,none,,basic,docling_rapidocr,qwen,3,1,1,0,2,1.0,0.333333,0.5,1,0.03333333333333333,0.18181818181818182,0.69379115710254,0.8227146814404432,17.982146422,0
gestion_2016-01-04_32,33,none,,niblack,docling_easyocr,qwen,3,0,0,0,3,0.0,0.0,0.0,0,,,,,63.768425312,1
gestion_2016-01-04_32,33,none,,niblack,docling_rapidocr,qwen,3,0,0,0,3,0.0,0.0,0.0,0,,,,,9.59778389,1
gestion_2016-01-04_32,33,none,,none_color,docling_easyocr,qwen,3,1,1,0,2,1.0,0.333333,0.5,1,0.23333333333333334,0.36363636363636365,0.5061147695202258,0.5761772853185596,82.00860652,0
gestion_2016-01-04_32,33,none,,none_color,docling_rapidocr,qwen,3,0,0,0,3,0.0,0.0,0.0,0,,,,,16.073523846,1
gestion_2016-01-04_32,33,none,,none_grayscale,docling_easyocr,qwen,3,0,0,0,3,0.0,0.0,0.0,0,,,,,83.376226273,1
gestion_2016-01-04_32,33,none,,none_grayscale,docling_rapidocr,qwen,3,0,0,0,3,0.0,0.0,0.0,0,,,,,18.438720074,1
gestion_2016-01-04_32,33,none,,otsu,docling_easyocr,qwen,3,0,0,0,3,0.0,0.0,0.0,0,,,,,82.322359316,1
gestion_2016-01-04_32,33,none,,otsu,docling_rapidocr,qwen,3,0,0,0,3,0.0,0.0,0.0,0,,,,,18.431043379,1
gestion_2016-01-04_32,34,none,,adaptive_gaussian,docling_easyocr,qwen,3,0,0,0,3,0.0,0.0,0.0,0,,,,,88.439762241,1
gestion_2016-01-04_32,34,none,,adaptive_gaussian,docling_rapidocr,qwen,3,3,0,3,3,0.0,0.0,0.0,2,0.6666666666666666,0.7727272727272727,0.9936672555813046,1.0,17.419101603,0
gestion_2016-01-04_32,34,none,,adaptive_mean,docling_easyocr,qwen,3,0,0,0,3,0.0,0.0,0.0,0,,,,,75.328989031,1
gestion_2016-01-04_32,34,none,,adaptive_mean,docling_rapidocr,qwen,3,3,0,3,3,0.0,0.0,0.0,3,0.5805555555555556,0.7272727272727272,0.8564101121081729,0.9839378127080246,15.330125095,0
gestion_2016-01-04_32,34,none,,basic,docling_easyocr,qwen,3,0,0,0,3,0.0,0.0,0.0,0,,,,,73.979238077,1
gestion_2016-01-04_32,34,none,,basic,docling_rapidocr,qwen,3,0,0,0,3,0.0,0.0,0.0,0,,,,,18.168134733,2
gestion_2016-01-04_32,34,none,,niblack,docling_easyocr,qwen,3,0,0,0,3,0.0,0.0,0.0,0,,,,,63.136269426,1
gestion_2016-01-04_32,34,none,,niblack,docling_rapidocr,qwen,3,0,0,0,3,0.0,0.0,0.0,0,,,,,10.176557636,1
gestion_2016-01-04_32,34,none,,none_color,docling_easyocr,qwen,3,0,0,0,3,0.0,0.0,0.0,0,,,,,70.979998964,1
gestion_2016-01-04_32,34,none,,none_color,docling_rapidocr,qwen,3,0,0,0,3,0.0,0.0,0.0,0,,,,,18.144404549,1
gestion_2016-01-04_32,34,none,,none_grayscale,docling_easyocr,qwen,3,0,0,0,3,0.0,0.0,0.0,0,,,,,80.725720377,1
gestion_2016-01-04_32,34,none,,none_grayscale,docling_rapidocr,qwen,3,0,0,0,3,0.0,0.0,0.0,0,,,,,17.782223673,1
gestion_2016-01-04_32,34,none,,otsu,docling_easyocr,qwen,3,0,0,0,3,0.0,0.0,0.0,0,,,,,70.149596331,1
gestion_2016-01-04_32,34,none,,otsu,docling_rapidocr,qwen,3,1,0,1,3,0.0,0.0,0.0,1,0.9833333333333333,1.0,0.47412982126058323,0.5706371191135734,18.679609654,0
gestion_2016-01-04_32,35,none,,adaptive_gaussian,docling_easyocr,qwen,3,0,0,0,3,0.0,0.0,0.0,0,,,,,78.945937853,1
gestion_2016-01-04_32,35,none,,adaptive_gaussian,docling_rapidocr,qwen,3,1,0,1,3,0.0,0.0,0.0,1,0.03333333333333333,0.18181818181818182,0.8038570084666039,0.9279778393351801,14.261202555,0
gestion_2016-01-04_32,35,none,,adaptive_mean,docling_easyocr,qwen,3,1,0,1,3,0.0,0.0,0.0,1,0.38333333333333336,0.45454545454545453,1.0,1.0,71.542404104,0
gestion_2016-01-04_32,35,none,,adaptive_mean,docling_rapidocr,qwen,3,3,0,3,3,0.0,0.0,0.0,2,0.8125,1.0,0.9812752064528519,1.6428571428571428,15.239645887,0
gestion_2016-01-04_32,35,none,,basic,docling_easyocr,qwen,3,0,0,0,3,0.0,0.0,0.0,0,,,,,92.928903313,1
gestion_2016-01-04_32,35,none,,basic,docling_rapidocr,qwen,3,1,1,0,2,1.0,0.333333,0.5,1,0.03333333333333333,0.18181818181818182,0.5658513640639699,0.8975069252077562,16.109260054,0
gestion_2016-01-04_32,35,none,,niblack,docling_easyocr,qwen,3,0,0,0,3,0.0,0.0,0.0,0,,,,,62.904766842,1
gestion_2016-01-04_32,35,none,,niblack,docling_rapidocr,qwen,3,0,0,0,3,0.0,0.0,0.0,0,,,,,10.683740183,1
gestion_2016-01-04_32,35,none,,none_color,docling_easyocr,qwen,3,1,1,0,2,1.0,0.333333,0.5,1,0.38333333333333336,0.45454545454545453,0.5117591721542804,0.5955678670360111,71.616810698,0
gestion_2016-01-04_32,35,none,,none_color,docling_rapidocr,qwen,3,0,0,0,3,0.0,0.0,0.0,0,,,,,18.132043261,1
gestion_2016-01-04_32,35,none,,none_grayscale,docling_easyocr,qwen,3,1,1,0,2,1.0,0.333333,0.5,1,0.38333333333333336,0.45454545454545453,0.5117591721542804,0.5955678670360111,82.210463423,0
gestion_2016-01-04_32,35,none,,none_grayscale,docling_rapidocr,qwen,3,0,0,0,3,0.0,0.0,0.0,0,,,,,17.94526853,1
gestion_2016-01-04_32,35,none,,otsu,docling_easyocr,qwen,3,0,0,0,3,0.0,0.0,0.0,0,,,,,82.236415647,2
gestion_2016-01-04_32,35,none,,otsu,docling_rapidocr,qwen,3,1,1,0,2,1.0,0.333333,0.5,1,0.03333333333333333,0.18181818181818182,0.46001881467544686,0.5678670360110804,15.379881188,0
gestion_2016-01-04_32,36,none,,adaptive_gaussian,docling_easyocr,qwen,3,0,0,0,3,0.0,0.0,0.0,0,,,,,87.089890656,1
gestion_2016-01-04_32,36,none,,adaptive_gaussian,docling_rapidocr,qwen,3,0,0,0,3,0.0,0.0,0.0,0,,,,,16.210721908,1
gestion_2016-01-04_32,36,none,,adaptive_mean,docling_easyocr,qwen,3,0,0,0,3,0.0,0.0,0.0,0,,,,,87.754555112,1
gestion_2016-01-04_32,36,none,,adaptive_mean,docling_rapidocr,qwen,3,2,0,2,3,0.0,0.0,0.0,2,2.7291666666666665,2.5,0.7908104474745534,0.9767441860465116,16.502513057,0
gestion_2016-01-04_32,36,none,,basic,docling_easyocr,qwen,3,0,0,0,3,0.0,0.0,0.0,0,,,,,91.564628053,1
gestion_2016-01-04_32,36,none,,basic,docling_rapidocr,qwen,3,0,0,0,3,0.0,0.0,0.0,0,,,,,18.61781733,1
gestion_2016-01-04_32,36,none,,niblack,docling_easyocr,qwen,3,0,0,0,3,0.0,0.0,0.0,0,,,,,63.410250499,1
gestion_2016-01-04_32,36,none,,niblack,docling_rapidocr,qwen,3,0,0,0,3,0.0,0.0,0.0,0,,,,,10.473481013,1
gestion_2016-01-04_32,36,none,,none_color,docling_easyocr,qwen,3,2,0,2,3,0.0,0.0,0.0,2,3.0,2.5,0.7638755521413482,0.9651162790697674,86.145037434,0
gestion_2016-01-04_32,36,none,,none_color,docling_rapidocr,qwen,3,0,0,0,3,0.0,0.0,0.0,0,,,,,16.345512889,1
gestion_2016-01-04_32,36,none,,none_grayscale,docling_easyocr,qwen,3,1,0,1,3,0.0,0.0,0.0,1,4.5,4.5,0.7677165354330708,0.9534883720930233,84.767148112,0
gestion_2016-01-04_32,36,none,,none_grayscale,docling_rapidocr,qwen,3,4,3,1,0,0.75,1.0,0.857143,3,0.7083333333333334,0.9090909090909092,0.09128640600855531,0.21839277917355607,18.926981782,0
gestion_2016-01-04_32,36,none,,otsu,docling_easyocr,qwen,3,0,0,0,3,0.0,0.0,0.0,0,,,,,85.582138062,1
gestion_2016-01-04_32,36,none,,otsu,docling_rapidocr,qwen,3,0,0,0,3,0.0,0.0,0.0,0,,,,,16.851950646,1
gestion_2016-01-04_32,37,none,,adaptive_gaussian,docling_easyocr,qwen,3,0,0,0,3,0.0,0.0,0.0,0,,,,,79.150101413,1
gestion_2016-01-04_32,37,none,,adaptive_gaussian,docling_rapidocr,qwen,3,0,0,0,3,0.0,0.0,0.0,0,,,,,9.723662604,1
gestion_2016-01-04_32,37,none,,adaptive_mean,docling_easyocr,qwen,3,0,0,0,3,0.0,0.0,0.0,0,,,,,69.045076785,1
gestion_2016-01-04_32,37,none,,adaptive_mean,docling_rapidocr,qwen,3,1,0,1,3,0.0,0.0,0.0,1,0.03333333333333333,0.18181818181818182,0.9289746001881467,0.9750692520775623,15.313034472,0
gestion_2016-01-04_32,37,none,,basic,docling_easyocr,qwen,3,0,0,0,3,0.0,0.0,0.0,0,,,,,86.78948615,1
gestion_2016-01-04_32,37,none,,basic,docling_rapidocr,qwen,3,0,0,0,3,0.0,0.0,0.0,0,,,,,18.260163287,1
gestion_2016-01-04_32,37,none,,niblack,docling_easyocr,qwen,3,0,0,0,3,0.0,0.0,0.0,0,,,,,55.898702435,1
gestion_2016-01-04_32,37,none,,niblack,docling_rapidocr,qwen,3,0,0,0,3,0.0,0.0,0.0,0,,,,,9.57719212,1
gestion_2016-01-04_32,37,none,,none_color,docling_easyocr,qwen,3,0,0,0,3,0.0,0.0,0.0,0,,,,,72.568036391,1
gestion_2016-01-04_32,37,none,,none_color,docling_rapidocr,qwen,3,0,0,0,3,0.0,0.0,0.0,0,,,,,18.570101334,1
gestion_2016-01-04_32,37,none,,none_grayscale,docling_easyocr,qwen,3,3,0,3,3,0.0,0.0,0.0,3,0.14722222222222223,0.3181818181818182,0.8519159569007709,0.9534842819001809,84.348358777,0
gestion_2016-01-04_32,37,none,,none_grayscale,docling_rapidocr,qwen,3,0,0,0,3,0.0,0.0,0.0,0,,,,,18.811832097,1
gestion_2016-01-04_32,37,none,,otsu,docling_easyocr,qwen,3,4,0,4,3,0.0,0.0,0.0,3,0.4694444444444444,0.6161616161616161,0.8616757159823507,0.9916897506925207,73.006471686,0
gestion_2016-01-04_32,37,none,,otsu,docling_rapidocr,qwen,3,0,0,0,3,0.0,0.0,0.0,0,,,,,17.328970961,1
gestion_2016-01-04_32,38,none,,adaptive_gaussian,docling_easyocr,qwen,3,0,0,0,3,0.0,0.0,0.0,0,,,,,76.828682412,1
gestion_2016-01-04_32,38,none,,adaptive_gaussian,docling_rapidocr,qwen,3,0,0,0,3,0.0,0.0,0.0,0,,,,,16.946645011,1
gestion_2016-01-04_32,38,none,,adaptive_mean,docling_easyocr,qwen,3,0,0,0,3,0.0,0.0,0.0,0,,,,,75.192106257,1
gestion_2016-01-04_32,38,none,,adaptive_mean,docling_rapidocr,qwen,3,0,0,0,3,0.0,0.0,0.0,0,,,,,14.009240161,1
gestion_2016-01-04_32,38,none,,basic,docling_easyocr,qwen,3,0,0,0,3,0.0,0.0,0.0,0,,,,,76.531112723,1
gestion_2016-01-04_32,38,none,,basic,docling_rapidocr,qwen,3,0,0,0,3,0.0,0.0,0.0,0,,,,,14.137879186,1
gestion_2016-01-04_32,38,none,,niblack,docling_easyocr,qwen,3,0,0,0,3,0.0,0.0,0.0,0,,,,,59.300187858,1
gestion_2016-01-04_32,38,none,,niblack,docling_rapidocr,qwen,3,0,0,0,3,0.0,0.0,0.0,0,,,,,10.077257188,1
gestion_2016-01-04_32,38,none,,none_color,docling_easyocr,qwen,3,2,0,2,3,0.0,0.0,0.0,2,4.0,3.25,0.8524822354522757,1.2270210409745292,86.402785519,0
gestion_2016-01-04_32,38,none,,none_color,docling_rapidocr,qwen,3,1,1,0,2,1.0,0.333333,0.5,1,0.4666666666666667,0.7272727272727273,0.4487300094073377,0.5678670360110804,16.576674441,0
gestion_2016-01-04_32,38,none,,none_grayscale,docling_easyocr,qwen,3,2,0,2,3,0.0,0.0,0.0,2,4.0,3.25,0.8524822354522757,1.2270210409745292,86.603901605,0
gestion_2016-01-04_32,38,none,,none_grayscale,docling_rapidocr,qwen,3,1,1,0,2,1.0,0.333333,0.5,1,0.4666666666666667,0.7272727272727273,0.4487300094073377,0.5678670360110804,18.159628133,0
gestion_2016-01-04_32,38,none,,otsu,docling_easyocr,qwen,3,0,0,0,3,0.0,0.0,0.0,0,,,,,87.760916835,1
gestion_2016-01-04_32,38,none,,otsu,docling_rapidocr,qwen,3,1,1,0,2,1.0,0.333333,0.5,1,0.03333333333333333,0.18181818181818182,0.6458137347130762,0.8337950138504155,16.72972024,0
gestion_2016-01-04_32,39,none,,adaptive_gaussian,docling_easyocr,qwen,3,0,0,0,3,0.0,0.0,0.0,0,,,,,121.777872525,1
gestion_2016-01-04_32,39,none,,adaptive_gaussian,docling_rapidocr,qwen,3,2,0,2,3,0.0,0.0,0.0,2,0.5166666666666667,0.5909090909090909,0.8974544633002719,0.9609611544160278,49.177145205,0
gestion_2016-01-04_32,39,none,,adaptive_mean,docling_easyocr,qwen,3,0,0,0,3,0.0,0.0,0.0,0,,,,,108.754480988,1
gestion_2016-01-04_32,39,none,,adaptive_mean,docling_rapidocr,qwen,3,1,0,1,3,0.0,0.0,0.0,1,4.25,3.5,0.7204724409448819,0.9767441860465116,50.209510238,0
gestion_2016-01-04_32,39,none,,basic,docling_easyocr,qwen,3,0,0,0,3,0.0,0.0,0.0,0,,,,,114.167365504,1
gestion_2016-01-04_32,39,none,,basic,docling_rapidocr,qwen,3,1,1,0,2,1.0,0.333333,0.5,1,0.08333333333333333,0.2727272727272727,0.6269990592662277,0.7562326869806094,49.15559454,0
gestion_2016-01-04_32,39,none,,niblack,docling_easyocr,qwen,3,0,0,0,3,0.0,0.0,0.0,0,,,,,86.654994492,1
gestion_2016-01-04_32,39,none,,niblack,docling_rapidocr,qwen,3,0,0,0,3,0.0,0.0,0.0,0,,,,,42.610450749,1
gestion_2016-01-04_32,39,none,,none_color,docling_easyocr,qwen,3,0,0,0,3,0.0,0.0,0.0,0,,,,,114.097641276,1
gestion_2016-01-04_32,39,none,,none_color,docling_rapidocr,qwen,3,0,0,0,3,0.0,0.0,0.0,0,,,,,50.865116643,1
gestion_2016-01-04_32,39,none,,none_grayscale,docling_easyocr,qwen,3,1,0,1,3,0.0,0.0,0.0,1,0.35,0.36363636363636365,0.7102539981185324,0.8808864265927978,114.216745019,0
gestion_2016-01-04_32,39,none,,none_grayscale,docling_rapidocr,qwen,3,0,0,0,3,0.0,0.0,0.0,0,,,,,49.161301732,1
gestion_2016-01-04_32,39,none,,otsu,docling_easyocr,qwen,3,2,0,2,3,0.0,0.0,0.0,2,0.39166666666666666,0.5909090909090909,1.0960844734483448,1.2549120659666302,114.499622371,0
gestion_2016-01-04_32,39,none,,otsu,docling_rapidocr,qwen,3,0,0,0,3,0.0,0.0,0.0,0,,,,,49.106719043,1
gestion_2016-01-04_32,40,none,,adaptive_gaussian,docling_easyocr,qwen,3,0,0,0,3,0.0,0.0,0.0,0,,,,,114.886303701,1
gestion_2016-01-04_32,40,none,,adaptive_gaussian,docling_rapidocr,qwen,3,0,0,0,3,0.0,0.0,0.0,0,,,,,43.563987531,1
gestion_2016-01-04_32,40,none,,adaptive_mean,docling_easyocr,qwen,3,0,0,0,3,0.0,0.0,0.0,0,,,,,106.568412839,1
gestion_2016-01-04_32,40,none,,adaptive_mean,docling_rapidocr,qwen,3,0,0,0,3,0.0,0.0,0.0,0,,,,,46.732056438,1
gestion_2016-01-04_32,40,none,,basic,docling_easyocr,qwen,3,0,0,0,3,0.0,0.0,0.0,0,,,,,115.96529582,1
gestion_2016-01-04_32,40,none,,basic,docling_rapidocr,qwen,3,0,0,0,3,0.0,0.0,0.0,0,,,,,50.231552629,1
gestion_2016-01-04_32,40,none,,niblack,docling_easyocr,qwen,3,0,0,0,3,0.0,0.0,0.0,0,,,,,95.511513458,1
gestion_2016-01-04_32,40,none,,niblack,docling_rapidocr,qwen,3,0,0,0,3,0.0,0.0,0.0,0,,,,,42.975070701,1
gestion_2016-01-04_32,40,none,,none_color,docling_easyocr,qwen,3,0,0,0,3,0.0,0.0,0.0,0,,,,,113.36668575,1
gestion_2016-01-04_32,40,none,,none_color,docling_rapidocr,qwen,3,1,1,0,2,1.0,0.333333,0.5,1,0.35,0.45454545454545453,0.4722483537158984,0.49584487534626037,49.734584691,0
gestion_2016-01-04_32,40,none,,none_grayscale,docling_easyocr,qwen,3,0,0,0,3,0.0,0.0,0.0,0,,,,,113.365914062,1
gestion_2016-01-04_32,40,none,,none_grayscale,docling_rapidocr,qwen,3,0,0,0,3,0.0,0.0,0.0,0,,,,,48.771080449,1
gestion_2016-01-04_32,40,none,,otsu,docling_easyocr,qwen,3,0,0,0,3,0.0,0.0,0.0,0,,,,,114.242956977,1
gestion_2016-01-04_32,40,none,,otsu,docling_rapidocr,qwen,3,1,1,0,2,1.0,0.333333,0.5,1,0.03333333333333333,0.18181818181818182,0.49858889934148637,0.5346260387811634,47.717916351,0
gestion_2016-01-04_32,41,none,,adaptive_gaussian,docling_easyocr,qwen,3,0,0,0,3,0.0,0.0,0.0,0,,,,,120.939566774,1
gestion_2016-01-04_32,41,none,,adaptive_gaussian,docling_rapidocr,qwen,3,2,0,2,3,0.0,0.0,0.0,2,1.875,1.6666666666666667,0.8438160169003265,0.9523809523809523,49.790591878,0
gestion_2016-01-04_32,41,none,,adaptive_mean,docling_easyocr,qwen,3,0,0,0,3,0.0,0.0,0.0,0,,,,,119.65393037,1
gestion_2016-01-04_32,41,none,,adaptive_mean,docling_rapidocr,qwen,3,2,0,2,3,0.0,0.0,0.0,2,0.43333333333333335,0.5909090909090909,0.9162374090815226,0.9958448753462603,49.172479335,0
gestion_2016-01-04_32,41,none,,basic,docling_easyocr,qwen,3,1,0,1,3,0.0,0.0,0.0,1,0.03333333333333333,0.18181818181818182,0.8019755409219191,0.9196675900277008,117.561377916,0
gestion_2016-01-04_32,41,none,,basic,docling_rapidocr,qwen,3,0,0,0,3,0.0,0.0,0.0,0,,,,,50.64118329,1
gestion_2016-01-04_32,41,none,,niblack,docling_easyocr,qwen,3,0,0,0,3,0.0,0.0,0.0,0,,,,,95.924223626,1
gestion_2016-01-04_32,41,none,,niblack,docling_rapidocr,qwen,3,0,0,0,3,0.0,0.0,0.0,0,,,,,42.550938094,1
gestion_2016-01-04_32,41,none,,none_color,docling_easyocr,qwen,3,0,0,0,3,0.0,0.0,0.0,0,,,,,104.709406455,1
gestion_2016-01-04_32,41,none,,none_color,docling_rapidocr,qwen,3,0,0,0,3,0.0,0.0,0.0,0,,,,,49.97662886,1
gestion_2016-01-04_32,41,none,,none_grayscale,docling_easyocr,qwen,3,0,0,0,3,0.0,0.0,0.0,0,,,,,102.1365846,1
gestion_2016-01-04_32,41,none,,none_grayscale,docling_rapidocr,qwen,3,0,0,0,3,0.0,0.0,0.0,0,,,,,48.862555583,1
gestion_2016-01-04_32,41,none,,otsu,docling_easyocr,qwen,3,7,0,7,3,0.0,0.0,0.0,3,1.2055555555555555,1.005050505050505,0.77123419983098,0.9951674371567433,103.66373323,0
gestion_2016-01-04_32,41,none,,otsu,docling_rapidocr,qwen,3,0,0,0,3,0.0,0.0,0.0,0,,,,,50.933547244,1
gestion_2016-01-04_32,42,none,,adaptive_gaussian,docling_easyocr,qwen,3,0,0,0,3,0.0,0.0,0.0,0,,,,,80.01249417,1
gestion_2016-01-04_32,42,none,,adaptive_gaussian,docling_rapidocr,qwen,3,0,0,0,3,0.0,0.0,0.0,0,,,,,10.122244918,1
gestion_2016-01-04_32,42,none,,adaptive_mean,docling_easyocr,qwen,3,0,0,0,3,0.0,0.0,0.0,0,,,,,78.988845546,1
gestion_2016-01-04_32,42,none,,adaptive_mean,docling_rapidocr,qwen,3,0,0,0,3,0.0,0.0,0.0,0,,,,,10.172114093,1
gestion_2016-01-04_32,42,none,,basic,docling_easyocr,qwen,3,0,0,0,3,0.0,0.0,0.0,0,,,,,84.953712226,1
gestion_2016-01-04_32,42,none,,basic,docling_rapidocr,qwen,3,0,0,0,3,0.0,0.0,0.0,0,,,,,17.473161699,1
gestion_2016-01-04_32,42,none,,niblack,docling_easyocr,qwen,3,0,0,0,3,0.0,0.0,0.0,0,,,,,62.805207471,1
gestion_2016-01-04_32,42,none,,niblack,docling_rapidocr,qwen,3,0,0,0,3,0.0,0.0,0.0,0,,,,,9.780358295,1
gestion_2016-01-04_32,42,none,,none_color,docling_easyocr,qwen,3,2,0,2,3,0.0,0.0,0.0,2,1.5958333333333332,1.2272727272727273,0.8685083814193969,0.9626038781163435,85.816030597,0
gestion_2016-01-04_32,42,none,,none_color,docling_rapidocr,qwen,3,2,0,2,3,0.0,0.0,0.0,2,0.5416666666666666,0.7272727272727273,0.9349875186109733,1.1477162919538748,19.671597575,0
gestion_2016-01-04_32,42,none,,none_grayscale,docling_easyocr,qwen,3,1,0,1,3,0.0,0.0,0.0,1,0.23333333333333334,0.45454545454545453,0.6745061147695203,0.7977839335180056,82.650650907,0
gestion_2016-01-04_32,42,none,,none_grayscale,docling_rapidocr,qwen,3,1,0,1,3,0.0,0.0,0.0,1,1.4333333333333333,1.6363636363636365,0.4045155221072437,0.45429362880886426,18.31520598,0
gestion_2016-01-04_32,42,none,,otsu,docling_easyocr,qwen,3,0,0,0,3,0.0,0.0,0.0,0,,,,,84.388815954,1
gestion_2016-01-04_32,42,none,,otsu,docling_rapidocr,qwen,3,0,0,0,3,0.0,0.0,0.0,0,,,,,11.54053457,1
gestion_2016-01-04_32,43,none,,adaptive_gaussian,docling_easyocr,qwen,3,0,0,0,3,0.0,0.0,0.0,0,,,,,59.45498735,1
gestion_2016-01-04_32,43,none,,adaptive_gaussian,docling_rapidocr,qwen,3,0,0,0,3,0.0,0.0,0.0,0,,,,,10.305847707,1
gestion_2016-01-04_32,43,none,,adaptive_mean,docling_easyocr,qwen,3,0,0,0,3,0.0,0.0,0.0,0,,,,,68.665687023,1
gestion_2016-01-04_32,43,none,,adaptive_mean,docling_rapidocr,qwen,3,0,0,0,3,0.0,0.0,0.0,0,,,,,10.461060939,1
gestion_2016-01-04_32,43,none,,basic,docling_easyocr,qwen,3,0,0,0,3,0.0,0.0,0.0,0,,,,,84.83407114,1
gestion_2016-01-04_32,43,none,,basic,docling_rapidocr,qwen,3,0,0,0,3,0.0,0.0,0.0,0,,,,,9.963970641,1
gestion_2016-01-04_32,43,none,,niblack,docling_easyocr,qwen,3,0,0,0,3,0.0,0.0,0.0,0,,,,,62.299644813,1
gestion_2016-01-04_32,43,none,,niblack,docling_rapidocr,qwen,3,0,0,0,3,0.0,0.0,0.0,0,,,,,9.006417617,1
gestion_2016-01-04_32,43,none,,none_color,docling_easyocr,qwen,3,0,0,0,3,0.0,0.0,0.0,0,,,,,86.845208003,1
gestion_2016-01-04_32,43,none,,none_color,docling_rapidocr,qwen,3,0,0,0,3,0.0,0.0,0.0,0,,,,,18.731010749,2
gestion_2016-01-04_32,43,none,,none_grayscale,docling_easyocr,qwen,3,0,0,0,3,0.0,0.0,0.0,0,,,,,87.05327287,1
gestion_2016-01-04_32,43,none,,none_grayscale,docling_rapidocr,qwen,3,1,0,1,3,0.0,0.0,0.0,1,0.8833333333333333,1.0,0.5225776105362182,0.631578947368421,18.870463994,0
gestion_2016-01-04_32,43,none,,otsu,docling_easyocr,qwen,3,0,0,0,3,0.0,0.0,0.0,0,,,,,84.857198053,1
gestion_2016-01-04_32,43,none,,otsu,docling_rapidocr,qwen,3,0,0,0,3,0.0,0.0,0.0,0,,,,,10.475431972,1
gestion_2016-01-04_32,44,none,,adaptive_gaussian,docling_easyocr,qwen,3,0,0,0,3,0.0,0.0,0.0,0,,,,,72.104103843,1
gestion_2016-01-04_32,44,none,,adaptive_gaussian,docling_rapidocr,qwen,3,0,0,0,3,0.0,0.0,0.0,0,,,,,9.400516072,1
gestion_2016-01-04_32,44,none,,adaptive_mean,docling_easyocr,qwen,3,0,0,0,3,0.0,0.0,0.0,0,,,,,82.325011718,1
gestion_2016-01-04_32,44,none,,adaptive_mean,docling_rapidocr,qwen,3,0,0,0,3,0.0,0.0,0.0,0,,,,,9.648937451,1
gestion_2016-01-04_32,44,none,,basic,docling_easyocr,qwen,3,0,0,0,3,0.0,0.0,0.0,0,,,,,83.612549335,1
gestion_2016-01-04_32,44,none,,basic,docling_rapidocr,qwen,3,0,0,0,3,0.0,0.0,0.0,0,,,,,16.042394191,1
gestion_2016-01-04_32,44,none,,niblack,docling_easyocr,qwen,3,0,0,0,3,0.0,0.0,0.0,0,,,,,61.886403829,1
gestion_2016-01-04_32,44,none,,niblack,docling_rapidocr,qwen,3,0,0,0,3,0.0,0.0,0.0,0,,,,,11.535298139,1
gestion_2016-01-04_32,44,none,,none_color,docling_easyocr,qwen,3,0,0,0,3,0.0,0.0,0.0,0,,,,,82.951117949,1
gestion_2016-01-04_32,44,none,,none_color,docling_rapidocr,qwen,3,0,0,0,3,0.0,0.0,0.0,0,,,,,18.616454558,1
gestion_2016-01-04_32,44,none,,none_grayscale,docling_easyocr,qwen,3,0,0,0,3,0.0,0.0,0.0,0,,,,,71.968864875,1
gestion_2016-01-04_32,44,none,,none_grayscale,docling_rapidocr,qwen,3,0,0,0,3,0.0,0.0,0.0,0,,,,,17.88992949,1
gestion_2016-01-04_32,44,none,,otsu,docling_easyocr,qwen,3,0,0,0,3,0.0,0.0,0.0,0,,,,,84.586202962,1
gestion_2016-01-04_32,44,none,,otsu,docling_rapidocr,qwen,3,0,0,0,3,0.0,0.0,0.0,0,,,,,10.572094304,1
gestion_2016-01-04_32,45,none,,adaptive_gaussian,docling_easyocr,qwen,3,0,0,0,3,0.0,0.0,0.0,0,,,,,61.517983441,1
gestion_2016-01-04_32,45,none,,adaptive_gaussian,docling_rapidocr,qwen,3,0,0,0,3,0.0,0.0,0.0,0,,,,,11.109907393,1
gestion_2016-01-04_32,45,none,,adaptive_mean,docling_easyocr,qwen,3,0,0,0,3,0.0,0.0,0.0,0,,,,,61.430200768,1
gestion_2016-01-04_32,45,none,,adaptive_mean,docling_rapidocr,qwen,3,0,0,0,3,0.0,0.0,0.0,0,,,,,11.144829942,1
gestion_2016-01-04_32,45,none,,basic,docling_easyocr,qwen,3,0,0,0,3,0.0,0.0,0.0,0,,,,,61.805307145,1
gestion_2016-01-04_32,45,none,,basic,docling_rapidocr,qwen,3,0,0,0,3,0.0,0.0,0.0,0,,,,,9.609085317,1
gestion_2016-01-04_32,45,none,,niblack,docling_easyocr,qwen,3,0,0,0,3,0.0,0.0,0.0,0,,,,,63.387602946,1
gestion_2016-01-04_32,45,none,,none_color,docling_easyocr,qwen,3,0,0,0,3,0.0,0.0,0.0,0,,,,,55.166905087,1
gestion_2016-01-04_32,45,none,,none_grayscale,docling_easyocr,qwen,3,0,0,0,3,0.0,0.0,0.0,0,,,,,56.300328177,1
gestion_2016-01-04_32,45,none,,otsu,docling_easyocr,qwen,3,0,0,0,3,0.0,0.0,0.0,0,,,,,62.317021914,1
gestion_2016-01-04_32,45,none,,otsu,docling_rapidocr,qwen,3,0,0,0,3,0.0,0.0,0.0,0,,,,,10.257438727,1
gestion_2016-01-04_32,45,none,,yannihorne,docling_rapidocr,qwen,3,0,0,0,3,0.0,0.0,0.0,0,,,,,11.313635894,1
gestion_2016-01-04_32,46,none,,adaptive_gaussian,docling_easyocr,qwen,3,0,0,0,3,0.0,0.0,0.0,0,,,,,61.920489554,1
gestion_2016-01-04_32,46,none,,adaptive_gaussian,docling_rapidocr,qwen,3,0,0,0,3,0.0,0.0,0.0,0,,,,,9.945431476,1
gestion_2016-01-04_32,46,none,,adaptive_mean,docling_easyocr,qwen,3,0,0,0,3,0.0,0.0,0.0,0,,,,,62.260498954,1
gestion_2016-01-04_32,46,none,,adaptive_mean,docling_rapidocr,qwen,3,0,0,0,3,0.0,0.0,0.0,0,,,,,10.643020822,1
gestion_2016-01-04_32,46,none,,basic,docling_easyocr,qwen,3,0,0,0,3,0.0,0.0,0.0,0,,,,,62.702715392,1
gestion_2016-01-04_32,46,none,,basic,docling_rapidocr,qwen,3,0,0,0,3,0.0,0.0,0.0,0,,,,,10.625296588,1
gestion_2016-01-04_32,46,none,,niblack,docling_easyocr,qwen,3,0,0,0,3,0.0,0.0,0.0,0,,,,,55.430882833,1
gestion_2016-01-04_32,46,none,,none_color,docling_easyocr,qwen,3,0,0,0,3,0.0,0.0,0.0,0,,,,,56.681153459,1
gestion_2016-01-04_32,46,none,,none_grayscale,docling_easyocr,qwen,3,0,0,0,3,0.0,0.0,0.0,0,,,,,62.933327836,1
gestion_2016-01-04_32,46,none,,otsu,docling_easyocr,qwen,3,0,0,0,3,0.0,0.0,0.0,0,,,,,61.716071673,1
gestion_2016-01-04_32,46,none,,otsu,docling_rapidocr,qwen,3,0,0,0,3,0.0,0.0,0.0,0,,,,,10.381263085,1
gestion_2016-01-04_32,46,none,,yannihorne,docling_rapidocr,qwen,3,0,0,0,3,0.0,0.0,0.0,0,,,,,10.335380622,1
gestion_2016-01-04_32,47,none,,adaptive_gaussian,docling_easyocr,qwen,3,0,0,0,3,0.0,0.0,0.0,0,,,,,61.47121292,1
gestion_2016-01-04_32,47,none,,adaptive_gaussian,docling_rapidocr,qwen,3,0,0,0,3,0.0,0.0,0.0,0,,,,,10.438177403,1
gestion_2016-01-04_32,47,none,,adaptive_mean,docling_easyocr,qwen,3,0,0,0,3,0.0,0.0,0.0,0,,,,,62.677797799,1
gestion_2016-01-04_32,47,none,,adaptive_mean,docling_rapidocr,qwen,3,0,0,0,3,0.0,0.0,0.0,0,,,,,11.056529527,1
gestion_2016-01-04_32,47,none,,basic,docling_easyocr,qwen,3,0,0,0,3,0.0,0.0,0.0,0,,,,,62.529544639,1
gestion_2016-01-04_32,47,none,,basic,docling_rapidocr,qwen,3,0,0,0,3,0.0,0.0,0.0,0,,,,,10.215959834,1
gestion_2016-01-04_32,47,none,,niblack,docling_easyocr,qwen,3,0,0,0,3,0.0,0.0,0.0,0,,,,,62.927717494,1
gestion_2016-01-04_32,47,none,,none_color,docling_easyocr,qwen,3,0,0,0,3,0.0,0.0,0.0,0,,,,,55.645971511,1
gestion_2016-01-04_32,47,none,,none_grayscale,docling_easyocr,qwen,3,0,0,0,3,0.0,0.0,0.0,0,,,,,55.130475019,1
gestion_2016-01-04_32,47,none,,otsu,docling_easyocr,qwen,3,0,0,0,3,0.0,0.0,0.0,0,,,,,62.341266036,1
gestion_2016-01-04_32,47,none,,otsu,docling_rapidocr,qwen,3,0,0,0,3,0.0,0.0,0.0,0,,,,,10.245115876,1
gestion_2016-01-04_32,47,none,,yannihorne,docling_rapidocr,qwen,3,0,0,0,3,0.0,0.0,0.0,0,,,,,11.459505034,1
gestion_2016-01-04_32,48,none,,adaptive_gaussian,docling_easyocr,qwen,3,0,0,0,3,0.0,0.0,0.0,0,,,,,179.078982596,1
gestion_2016-01-04_32,48,none,,adaptive_gaussian,docling_rapidocr,qwen,3,0,0,0,3,0.0,0.0,0.0,0,,,,,104.850391392,1
gestion_2016-01-04_32,48,none,,adaptive_mean,docling_easyocr,qwen,3,0,0,0,3,0.0,0.0,0.0,0,,,,,174.800770951,1
gestion_2016-01-04_32,48,none,,adaptive_mean,docling_rapidocr,qwen,3,2,0,2,3,0.0,0.0,0.0,2,2.5,2.166666666666667,0.8994622623391588,1.0,104.905105543,0
gestion_2016-01-04_32,48,none,,basic,docling_easyocr,qwen,3,0,0,0,3,0.0,0.0,0.0,0,,,,,170.430163378,1
gestion_2016-01-04_32,48,none,,basic,docling_rapidocr,qwen,3,2,0,2,3,0.0,0.0,0.0,2,0.39166666666666666,0.5909090909090909,0.9935704179969038,1.2693744765831347,104.705368513,0
gestion_2016-01-04_32,48,none,,niblack,docling_easyocr,qwen,3,0,0,0,3,0.0,0.0,0.0,0,,,,,143.168571207,1
gestion_2016-01-04_32,48,none,,niblack,docling_rapidocr,qwen,3,0,0,0,3,0.0,0.0,0.0,0,,,,,98.558651421,1
gestion_2016-01-04_32,48,none,,none_color,docling_easyocr,qwen,3,0,0,0,3,0.0,0.0,0.0,0,,,,,178.610913437,1
gestion_2016-01-04_32,48,none,,none_color,docling_rapidocr,qwen,3,0,0,0,3,0.0,0.0,0.0,0,,,,,107.086446684,1
gestion_2016-01-04_32,48,none,,none_grayscale,docling_easyocr,qwen,3,0,0,0,3,0.0,0.0,0.0,0,,,,,179.784929436,1
gestion_2016-01-04_32,48,none,,none_grayscale,docling_rapidocr,qwen,3,0,0,0,3,0.0,0.0,0.0,0,,,,,107.27568261,1
gestion_2016-01-04_32,48,none,,otsu,docling_easyocr,qwen,3,0,0,0,3,0.0,0.0,0.0,0,,,,,178.964214392,1
gestion_2016-01-04_32,48,none,,otsu,docling_rapidocr,qwen,3,0,0,0,3,0.0,0.0,0.0,0,,,,,105.351425715,1
gestion_2016-01-04_32,49,none,,adaptive_gaussian,docling_easyocr,qwen,3,0,0,0,3,0.0,0.0,0.0,0,,,,,175.749626585,1
gestion_2016-01-04_32,49,none,,adaptive_gaussian,docling_rapidocr,qwen,3,0,0,0,3,0.0,0.0,0.0,0,,,,,105.075033375,1
gestion_2016-01-04_32,49,none,,adaptive_mean,docling_easyocr,qwen,3,0,0,0,3,0.0,0.0,0.0,0,,,,,171.332599776,1
gestion_2016-01-04_32,49,none,,adaptive_mean,docling_rapidocr,qwen,3,1,0,1,3,0.0,0.0,0.0,1,0.3333333333333333,0.45454545454545453,0.993414863593603,0.997229916897507,105.207350151,0
gestion_2016-01-04_32,49,none,,basic,docling_easyocr,qwen,3,1,0,1,3,0.0,0.0,0.0,1,0.03333333333333333,0.18181818181818182,0.9995296331138288,1.0,169.614222943,0
gestion_2016-01-04_32,49,none,,basic,docling_rapidocr,qwen,3,2,0,2,3,0.0,0.0,0.0,2,0.6416666666666667,0.5909090909090909,0.8387846178555859,1.2131644901728005,106.407856165,0
gestion_2016-01-04_32,49,none,,niblack,docling_easyocr,qwen,3,0,0,0,3,0.0,0.0,0.0,0,,,,,151.883105787,1
gestion_2016-01-04_32,49,none,,niblack,docling_rapidocr,qwen,3,0,0,0,3,0.0,0.0,0.0,0,,,,,99.085270437,1
gestion_2016-01-04_32,49,none,,none_color,docling_easyocr,qwen,3,0,0,0,3,0.0,0.0,0.0,0,,,,,177.496023045,1
gestion_2016-01-04_32,49,none,,none_color,docling_rapidocr,qwen,3,1,1,0,2,1.0,0.333333,0.5,1,0.4,0.5454545454545454,0.5272812793979303,0.6786703601108033,107.136230812,0
gestion_2016-01-04_32,49,none,,none_grayscale,docling_easyocr,qwen,3,0,0,0,3,0.0,0.0,0.0,0,,,,,176.83080183,1
gestion_2016-01-04_32,49,none,,none_grayscale,docling_rapidocr,qwen,3,1,1,0,2,1.0,0.333333,0.5,1,0.4,0.5454545454545454,0.5272812793979303,0.6786703601108033,108.777927504,0
gestion_2016-01-04_32,49,none,,otsu,docling_easyocr,qwen,3,0,0,0,3,0.0,0.0,0.0,0,,,,,169.181558382,1
gestion_2016-01-04_32,49,none,,otsu,docling_rapidocr,qwen,3,0,0,0,3,0.0,0.0,0.0,0,,,,,103.565064919,1
gestion_2016-01-04_32,50,none,,adaptive_gaussian,docling_easyocr,qwen,3,0,0,0,3,0.0,0.0,0.0,0,,,,,177.098721527,1
gestion_2016-01-04_32,50,none,,adaptive_gaussian,docling_rapidocr,qwen,3,0,0,0,3,0.0,0.0,0.0,0,,,,,104.272268795,1
gestion_2016-01-04_32,50,none,,adaptive_mean,docling_easyocr,qwen,3,0,0,0,3,0.0,0.0,0.0,0,,,,,174.173436686,1
gestion_2016-01-04_32,50,none,,adaptive_mean,docling_rapidocr,qwen,3,3,0,3,3,0.0,0.0,0.0,2,0.39166666666666666,0.5909090909090909,0.981420507996237,0.9986149584487535,104.954399391,0
gestion_2016-01-04_32,50,none,,basic,docling_easyocr,qwen,3,0,0,0,3,0.0,0.0,0.0,0,,,,,181.430608763,1
gestion_2016-01-04_32,50,none,,basic,docling_rapidocr,qwen,3,2,0,2,3,0.0,0.0,0.0,2,0.39166666666666666,0.5909090909090909,0.7941144880408293,0.9745216775107904,105.731652273,0
gestion_2016-01-04_32,50,none,,niblack,docling_easyocr,qwen,3,0,0,0,3,0.0,0.0,0.0,0,,,,,152.03742692,1
gestion_2016-01-04_32,50,none,,niblack,docling_rapidocr,qwen,3,0,0,0,3,0.0,0.0,0.0,0,,,,,98.46716878,1
gestion_2016-01-04_32,50,none,,none_color,docling_easyocr,qwen,3,0,0,0,3,0.0,0.0,0.0,0,,,,,177.881759823,1
gestion_2016-01-04_32,50,none,,none_color,docling_rapidocr,qwen,3,0,0,0,3,0.0,0.0,0.0,0,,,,,106.747638405,1
gestion_2016-01-04_32,50,none,,none_grayscale,docling_easyocr,qwen,3,0,0,0,3,0.0,0.0,0.0,0,,,,,177.951286019,1
gestion_2016-01-04_32,50,none,,none_grayscale,docling_rapidocr,qwen,3,0,0,0,3,0.0,0.0,0.0,0,,,,,107.619427622,1
gestion_2016-01-04_32,50,none,,otsu,docling_easyocr,qwen,3,0,0,0,3,0.0,0.0,0.0,0,,,,,180.292640295,1
gestion_2016-01-04_32,50,none,,otsu,docling_rapidocr,qwen,3,2,0,2,3,0.0,0.0,0.0,2,0.45416666666666666,0.5909090909090909,2.054319968000237,2.617084326483283,104.475145903,0
gestion_2016-01-04_32,51,none,,adaptive_gaussian,docling_easyocr,qwen,3,0,0,0,3,0.0,0.0,0.0,0,,,,,84.178659201,1
gestion_2016-01-04_32,51,none,,adaptive_gaussian,docling_rapidocr,qwen,3,0,0,0,3,0.0,0.0,0.0,0,,,,,11.735097647,1
gestion_2016-01-04_32,51,none,,adaptive_mean,docling_easyocr,qwen,3,0,0,0,3,0.0,0.0,0.0,0,,,,,78.769110079,1
gestion_2016-01-04_32,51,none,,adaptive_mean,docling_rapidocr,qwen,3,0,0,0,3,0.0,0.0,0.0,0,,,,,16.077547188,1
gestion_2016-01-04_32,51,none,,basic,docling_easyocr,qwen,3,0,0,0,3,0.0,0.0,0.0,0,,,,,70.790727534,1
gestion_2016-01-04_32,51,none,,basic,docling_rapidocr,qwen,3,0,0,0,3,0.0,0.0,0.0,0,,,,,17.990017094,1
gestion_2016-01-04_32,51,none,,niblack,docling_easyocr,qwen,3,0,0,0,3,0.0,0.0,0.0,0,,,,,63.130395165,1
gestion_2016-01-04_32,51,none,,niblack,docling_rapidocr,qwen,3,0,0,0,3,0.0,0.0,0.0,0,,,,,10.715121975,1
gestion_2016-01-04_32,51,none,,none_color,docling_easyocr,qwen,3,0,0,0,3,0.0,0.0,0.0,0,,,,,81.782833111,1
gestion_2016-01-04_32,51,none,,none_color,docling_rapidocr,qwen,3,1,1,0,2,1.0,0.333333,0.5,1,0.38333333333333336,0.5454545454545454,0.4336782690498589,0.5069252077562327,19.224803698,0
gestion_2016-01-04_32,51,none,,none_grayscale,docling_easyocr,qwen,3,0,0,0,3,0.0,0.0,0.0,0,,,,,73.578768576,1
gestion_2016-01-04_32,51,none,,none_grayscale,docling_rapidocr,qwen,3,1,0,1,3,0.0,0.0,0.0,1,0.35,0.45454545454545453,0.7055503292568204,0.8448753462603878,19.288143957,0
gestion_2016-01-04_32,51,none,,otsu,docling_easyocr,qwen,3,2,0,2,3,0.0,0.0,0.0,2,0.4083333333333333,0.6363636363636364,1.2661350656661803,1.4611866262964635,82.056650629,0
gestion_2016-01-04_32,51,none,,otsu,docling_rapidocr,qwen,3,0,0,0,3,0.0,0.0,0.0,0,,,,,16.384911766,1
gestion_2016-01-04_32,52,none,,adaptive_gaussian,docling_easyocr,qwen,3,0,0,0,3,0.0,0.0,0.0,0,,,,,91.264751337,1
gestion_2016-01-04_32,52,none,,adaptive_gaussian,docling_rapidocr,qwen,3,0,0,0,3,0.0,0.0,0.0,0,,,,,16.130756757,1
gestion_2016-01-04_32,52,none,,adaptive_mean,docling_easyocr,qwen,3,0,0,0,3,0.0,0.0,0.0,0,,,,,90.218108194,1
gestion_2016-01-04_32,52,none,,adaptive_mean,docling_rapidocr,qwen,3,0,0,0,3,0.0,0.0,0.0,0,,,,,16.141181724,1
gestion_2016-01-04_32,52,none,,basic,docling_easyocr,qwen,3,0,0,0,3,0.0,0.0,0.0,0,,,,,83.347998916,1
gestion_2016-01-04_32,52,none,,basic,docling_rapidocr,qwen,3,4,0,4,3,0.0,0.0,0.0,3,0.5111111111111111,0.7272727272727272,1.1807001519952607,1.5359706896780914,15.672127306,0
gestion_2016-01-04_32,52,none,,niblack,docling_easyocr,qwen,3,0,0,0,3,0.0,0.0,0.0,0,,,,,54.878777925,1
gestion_2016-01-04_32,52,none,,niblack,docling_rapidocr,qwen,3,0,0,0,3,0.0,0.0,0.0,0,,,,,10.013792698,1
gestion_2016-01-04_32,52,none,,none_color,docling_easyocr,qwen,3,1,0,1,3,0.0,0.0,0.0,1,0.3,0.45454545454545453,0.7935089369708372,0.8559556786703602,82.833766613,0
gestion_2016-01-04_32,52,none,,none_color,docling_rapidocr,qwen,3,0,0,0,3,0.0,0.0,0.0,0,,,,,19.196222219,1
gestion_2016-01-04_32,52,none,,none_grayscale,docling_easyocr,qwen,3,1,0,1,3,0.0,0.0,0.0,1,0.2,0.2727272727272727,0.570555032925682,0.6537396121883656,72.623443113,0
gestion_2016-01-04_32,52,none,,none_grayscale,docling_rapidocr,qwen,3,0,0,0,3,0.0,0.0,0.0,0,,,,,19.046725021,1
gestion_2016-01-04_32,52,none,,otsu,docling_easyocr,qwen,3,3,0,3,3,0.0,0.0,0.0,3,0.5499999999999999,0.787878787878788,0.9814989024772656,0.9926131117266852,82.709100616,0
gestion_2016-01-04_32,52,none,,otsu,docling_rapidocr,qwen,3,1,1,0,2,1.0,0.333333,0.5,1,0.03333333333333333,0.18181818181818182,0.48118532455315144,0.6121883656509696,17.101697815,0
gestion_2016-01-04_32,53,none,,adaptive_gaussian,docling_easyocr,qwen,3,0,0,0,3,0.0,0.0,0.0,0,,,,,88.918163679,1
gestion_2016-01-04_32,53,none,,adaptive_gaussian,docling_rapidocr,qwen,3,0,0,0,3,0.0,0.0,0.0,0,,,,,13.022192381,1
gestion_2016-01-04_32,53,none,,adaptive_mean,docling_easyocr,qwen,3,0,0,0,3,0.0,0.0,0.0,0,,,,,86.588943809,1
gestion_2016-01-04_32,53,none,,adaptive_mean,docling_rapidocr,qwen,3,0,0,0,3,0.0,0.0,0.0,0,,,,,16.042385667,1
gestion_2016-01-04_32,53,none,,basic,docling_easyocr,qwen,3,0,0,0,3,0.0,0.0,0.0,0,,,,,82.129096639,1
gestion_2016-01-04_32,53,none,,basic,docling_rapidocr,qwen,3,0,0,0,3,0.0,0.0,0.0,0,,,,,18.363675487,1
gestion_2016-01-04_32,53,none,,niblack,docling_easyocr,qwen,3,0,0,0,3,0.0,0.0,0.0,0,,,,,63.706451433,1
gestion_2016-01-04_32,53,none,,niblack,docling_rapidocr,qwen,3,0,0,0,3,0.0,0.0,0.0,0,,,,,10.539255636,1
gestion_2016-01-04_32,53,none,,none_color,docling_easyocr,qwen,3,1,0,1,3,0.0,0.0,0.0,1,0.35,0.36363636363636365,0.647695202257761,0.8393351800554016,72.720718681,0
gestion_2016-01-04_32,53,none,,none_color,docling_rapidocr,qwen,3,0,0,0,3,0.0,0.0,0.0,0,,,,,18.504656374,1
gestion_2016-01-04_32,53,none,,none_grayscale,docling_easyocr,qwen,3,1,0,1,3,0.0,0.0,0.0,1,0.35,0.36363636363636365,0.647695202257761,0.8393351800554016,80.627882063,0
gestion_2016-01-04_32,53,none,,none_grayscale,docling_rapidocr,qwen,3,0,0,0,3,0.0,0.0,0.0,0,,,,,18.189983188,1
gestion_2016-01-04_32,53,none,,otsu,docling_easyocr,qwen,3,0,0,0,3,0.0,0.0,0.0,0,,,,,83.282172722,2
gestion_2016-01-04_32,53,none,,otsu,docling_rapidocr,qwen,3,0,0,0,3,0.0,0.0,0.0,0,,,,,17.747399057,1
gestion_2017-02-14_19,0,none,,adaptive_gaussian,docling_easyocr,qwen,7,4,0,4,7,0.0,0.0,0.0,4,0.14544838087986867,0.21071428571428572,1.0,1.0,105.597257194,0
gestion_2017-02-14_19,0,none,,adaptive_gaussian,docling_rapidocr,qwen,7,7,0,7,7,0.0,0.0,0.0,3,0.19634445072545695,0.2333333333333333,1.0,1.0,25.674907264,0
gestion_2017-02-14_19,0,none,,adaptive_mean,docling_easyocr,qwen,7,4,0,4,7,0.0,0.0,0.0,3,0.2592963700337918,0.30952380952380953,1.0,1.0,106.273420412,0
gestion_2017-02-14_19,0,none,,adaptive_mean,docling_rapidocr,qwen,7,6,0,6,7,0.0,0.0,0.0,6,0.19279982650184344,0.31547619047619047,0.9134032109236868,0.9861675092106509,22.719761926,0
gestion_2017-02-14_19,0,none,,basic,docling_easyocr,qwen,7,0,0,0,7,0.0,0.0,0.0,0,,,,,100.074054361,8
gestion_2017-02-14_19,0,none,,basic,docling_rapidocr,qwen,7,1,1,0,6,1.0,0.142857,0.25,1,0.0,0.0,0.5181861124232404,0.5701754385964912,24.769178033,0
gestion_2017-02-14_19,0,none,,niblack,docling_easyocr,qwen,7,0,0,0,7,0.0,0.0,0.0,0,,,,,65.59130888,1
gestion_2017-02-14_19,0,none,,niblack,docling_rapidocr,qwen,7,0,0,0,7,0.0,0.0,0.0,0,,,,,11.583149004,1
gestion_2017-02-14_19,0,none,,none_color,docling_easyocr,qwen,7,0,0,0,7,0.0,0.0,0.0,0,,,,,99.228796695,1
gestion_2017-02-14_19,0,none,,none_color,docling_rapidocr,qwen,7,5,4,1,3,0.8,0.571429,0.666667,5,0.43023872679045094,0.4954545454545455,0.1501926961334244,0.17189792663476872,25.088132356,0
gestion_2017-02-14_19,0,none,,none_grayscale,docling_easyocr,qwen,7,1,0,1,7,0.0,0.0,0.0,1,0.0,0.0,0.6957959376476146,0.716374269005848,99.412223625,0
gestion_2017-02-14_19,0,none,,none_grayscale,docling_rapidocr,qwen,7,5,4,1,3,0.8,0.571429,0.666667,5,0.43023872679045094,0.4954545454545455,0.1524009692034986,0.18201742828745116,24.573957252,0
gestion_2017-02-14_19,0,none,,otsu,docling_easyocr,qwen,7,5,3,2,4,0.6,0.428571,0.5,5,0.7448275862068965,0.95,0.5155002257504074,0.5621139399629101,98.658312036,0
gestion_2017-02-14_19,0,none,,otsu,docling_rapidocr,qwen,7,7,6,1,1,0.857143,0.857143,0.857143,7,0.4649488442591891,0.5681818181818182,0.28780233889062906,0.3061145663985885,22.478979303,0
gestion_2017-02-14_19,1,none,,adaptive_gaussian,docling_easyocr,qwen,7,0,0,0,7,0.0,0.0,0.0,0,,,,,106.64583501,1
gestion_2017-02-14_19,1,none,,adaptive_gaussian,docling_rapidocr,qwen,7,0,0,0,7,0.0,0.0,0.0,0,,,,,17.557122795,1
gestion_2017-02-14_19,1,none,,adaptive_mean,docling_easyocr,qwen,7,0,0,0,7,0.0,0.0,0.0,0,,,,,117.828837597,1
gestion_2017-02-14_19,1,none,,adaptive_mean,docling_rapidocr,qwen,7,0,0,0,7,0.0,0.0,0.0,0,,,,,20.029078924,1
gestion_2017-02-14_19,1,none,,basic,docling_easyocr,qwen,7,0,0,0,7,0.0,0.0,0.0,0,,,,,93.829055626,5
gestion_2017-02-14_19,1,none,,basic,docling_rapidocr,qwen,7,8,5,3,2,0.625,0.714286,0.666667,7,0.3780945620673644,0.411038961038961,0.25640283414399184,0.3074174632594339,24.937922079,0
gestion_2017-02-14_19,1,none,,niblack,docling_easyocr,qwen,7,0,0,0,7,0.0,0.0,0.0,0,,,,,57.240273243,1
gestion_2017-02-14_19,1,none,,niblack,docling_rapidocr,qwen,7,0,0,0,7,0.0,0.0,0.0,0,,,,,11.76870132,1
gestion_2017-02-14_19,1,none,,none_color,docling_easyocr,qwen,7,0,0,0,7,0.0,0.0,0.0,0,,,,,98.712104253,4
gestion_2017-02-14_19,1,none,,none_color,docling_rapidocr,qwen,7,5,4,1,3,0.8,0.571429,0.666667,5,0.4631058596575838,0.5227272727272727,0.14785683539552613,0.1741608302706701,22.763025455,0
gestion_2017-02-14_19,1,none,,none_grayscale,docling_easyocr,qwen,7,6,3,3,4,0.5,0.428571,0.461538,6,0.0,0.0,0.5455579676261503,0.6002333686813429,88.269537693,0
gestion_2017-02-14_19,1,none,,none_grayscale,docling_rapidocr,qwen,7,8,5,3,2,0.625,0.714286,0.666667,7,0.2325416205940732,0.21883116883116882,0.302948075151524,0.32087686135673754,24.618787532,0
gestion_2017-02-14_19,1,none,,otsu,docling_easyocr,qwen,7,0,0,0,7,0.0,0.0,0.0,0,,,,,98.425018461,6
gestion_2017-02-14_19,1,none,,otsu,docling_rapidocr,qwen,7,6,5,1,2,0.833333,0.714286,0.769231,6,0.4045092838196287,0.49621212121212127,0.18408484045140314,0.2186000139139862,25.2343134,0
gestion_2017-02-14_19,2,none,,adaptive_gaussian,docling_easyocr,qwen,7,3,0,3,7,0.0,0.0,0.0,3,0.21837157598648912,0.29523809523809524,0.9998425444811841,1.0,112.351128099,0
gestion_2017-02-14_19,2,none,,adaptive_gaussian,docling_rapidocr,qwen,7,6,0,6,7,0.0,0.0,0.0,6,0.22214854111405835,0.45075757575757575,0.9347954331939494,0.9833732057416267,25.345784662,0
gestion_2017-02-14_19,2,none,,adaptive_mean,docling_easyocr,qwen,7,5,0,5,7,0.0,0.0,0.0,3,0.13404169734356236,0.16190476190476188,0.9994667459092187,1.0,116.74714901,0
gestion_2017-02-14_19,2,none,,adaptive_mean,docling_rapidocr,qwen,7,8,0,8,7,0.0,0.0,0.0,6,0.06920835356969403,0.18333333333333335,0.9831345335160209,0.9915204678362572,24.527935524,0
gestion_2017-02-14_19,2,none,,basic,docling_easyocr,qwen,7,0,0,0,7,0.0,0.0,0.0,0,,,,,106.131241144,5
gestion_2017-02-14_19,2,none,,basic,docling_rapidocr,qwen,7,7,6,1,1,0.857143,0.857143,0.857143,7,0.19649316201040337,0.22402597402597405,0.32154373023218746,0.3520395863241469,20.93870169,0
gestion_2017-02-14_19,2,none,,niblack,docling_easyocr,qwen,7,0,0,0,7,0.0,0.0,0.0,0,,,,,65.266605957,1
gestion_2017-02-14_19,2,none,,niblack,docling_rapidocr,qwen,7,0,0,0,7,0.0,0.0,0.0,0,,,,,11.669396026,1
gestion_2017-02-14_19,2,none,,none_color,docling_easyocr,qwen,7,8,3,5,4,0.375,0.428571,0.4,7,2.5400349162873552,3.0733766233766233,0.5432894015938332,0.6160286375355699,99.735305059,0
gestion_2017-02-14_19,2,none,,none_color,docling_rapidocr,qwen,7,5,3,2,4,0.6,0.428571,0.5,5,0.46590306245478663,0.5272727272727272,0.2680573939215166,0.2847634237107921,25.229537237,0
gestion_2017-02-14_19,2,none,,none_grayscale,docling_easyocr,qwen,7,8,4,4,3,0.5,0.571429,0.533333,7,3.3282122561888334,3.966233766233766,0.4695288915634075,0.5414053203493235,98.508263576,0
gestion_2017-02-14_19,2,none,,none_grayscale,docling_rapidocr,qwen,7,10,3,7,4,0.3,0.428571,0.352941,7,0.5846515310818371,0.6448051948051948,0.4146185747919356,0.4382117538464288,24.93405174,0
gestion_2017-02-14_19,2,none,,otsu,docling_easyocr,qwen,7,6,2,4,5,0.333333,0.285714,0.307692,6,0.632183908045977,0.8333333333333334,0.4755381695722994,0.5148137336133701,101.209038152,0
gestion_2017-02-14_19,2,none,,otsu,docling_rapidocr,qwen,7,7,6,1,1,0.857143,0.857143,0.857143,7,0.3701987667504909,0.4448051948051948,0.28626319689122603,0.3100533218146625,24.499232425,0
gestion_2017-02-14_19,3,none,,adaptive_gaussian,docling_easyocr,qwen,7,4,0,4,7,0.0,0.0,0.0,4,0.1437097926012857,0.30714285714285716,1.0,1.0,111.246354288,0
gestion_2017-02-14_19,3,none,,adaptive_gaussian,docling_rapidocr,qwen,7,6,0,6,7,0.0,0.0,0.0,6,0.08558797524314765,0.225,0.9065425266741944,0.9696896200547432,19.885439581,0
gestion_2017-02-14_19,3,none,,adaptive_mean,docling_easyocr,qwen,7,4,0,4,7,0.0,0.0,0.0,3,0.21634000310762394,0.3904761904761904,0.9994667459092187,1.0,96.690062107,0
gestion_2017-02-14_19,3,none,,adaptive_mean,docling_rapidocr,qwen,7,0,0,0,7,0.0,0.0,0.0,0,,,,,23.527780355,5
gestion_2017-02-14_19,3,none,,basic,docling_easyocr,qwen,7,5,0,5,7,0.0,0.0,0.0,4,0.0,0.0,0.999200118863828,1.0,88.909241375,0
gestion_2017-02-14_19,3,none,,basic,docling_rapidocr,qwen,7,0,0,0,7,0.0,0.0,0.0,0,,,,,22.884574112,12
gestion_2017-02-14_19,3,none,,niblack,docling_easyocr,qwen,7,0,0,0,7,0.0,0.0,0.0,0,,,,,68.436215452,1
gestion_2017-02-14_19,3,none,,niblack,docling_rapidocr,qwen,7,3,0,3,7,0.0,0.0,0.0,1,0.0,0.0,0.9452054794520548,0.9824561403508771,9.765899948,0
gestion_2017-02-14_19,3,none,,none_color,docling_easyocr,qwen,7,0,0,0,7,0.0,0.0,0.0,0,,,,,88.842277557,4
gestion_2017-02-14_19,3,none,,none_color,docling_rapidocr,qwen,7,7,4,3,3,0.571429,0.571429,0.571429,7,0.49953116334855047,0.5681818181818182,0.3420581356965523,0.4014660639610162,22.36593631,0
gestion_2017-02-14_19,3,none,,none_grayscale,docling_easyocr,qwen,7,0,0,0,7,0.0,0.0,0.0,0,,,,,98.752660377,4
gestion_2017-02-14_19,3,none,,none_grayscale,docling_rapidocr,qwen,7,5,4,1,3,0.8,0.571429,0.666667,5,0.4631058596575838,0.5227272727272727,0.1980615266784102,0.23898157779164642,25.498060568,0
gestion_2017-02-14_19,3,none,,otsu,docling_easyocr,qwen,7,0,0,0,7,0.0,0.0,0.0,0,,,,,100.474196205,1
gestion_2017-02-14_19,3,none,,otsu,docling_rapidocr,qwen,7,10,4,6,3,0.4,0.571429,0.470588,7,0.20948017499741636,0.2435064935064935,0.42235838967252237,0.4853402015940716,25.299473057,0
gestion_2017-02-14_19,4,none,,adaptive_gaussian,docling_easyocr,qwen,7,4,0,4,7,0.0,0.0,0.0,2,0.09016393442622951,0.1,1.0,1.0,114.624466728,0
gestion_2017-02-14_19,4,none,,adaptive_gaussian,docling_rapidocr,qwen,7,0,0,0,7,0.0,0.0,0.0,0,,,,,21.222535442,3
gestion_2017-02-14_19,4,none,,adaptive_mean,docling_easyocr,qwen,7,5,0,5,7,0.0,0.0,0.0,3,0.18731276202425398,0.40952380952380957,0.9996850889623682,1.0,107.337941189,0
gestion_2017-02-14_19,4,none,,adaptive_mean,docling_rapidocr,qwen,7,6,0,6,7,0.0,0.0,0.0,6,0.07984084880636605,0.225,0.9274252657465967,0.9841484724998657,24.487087507,0
gestion_2017-02-14_19,4,none,,basic,docling_easyocr,qwen,7,8,0,8,7,0.0,0.0,0.0,6,0.10344827586206896,0.20833333333333334,0.9985041725712486,1.0,114.959307182,0
gestion_2017-02-14_19,4,none,,basic,docling_rapidocr,qwen,7,7,3,4,4,0.428571,0.428571,0.428571,7,0.2531606324709773,0.2824675324675325,0.6469676857213594,0.7449747172556433,26.387313831,0
gestion_2017-02-14_19,4,none,,niblack,docling_easyocr,qwen,7,0,0,0,7,0.0,0.0,0.0,0,,,,,67.948637806,1
gestion_2017-02-14_19,4,none,,niblack,docling_rapidocr,qwen,7,0,0,0,7,0.0,0.0,0.0,0,,,,,12.020522199,1
gestion_2017-02-14_19,4,none,,none_color,docling_easyocr,qwen,7,7,3,4,4,0.428571,0.428571,0.428571,7,0.3851665575803507,0.42857142857142855,0.4964539956959723,0.5568798272964378,91.002185737,0
gestion_2017-02-14_19,4,none,,none_color,docling_rapidocr,qwen,7,8,3,5,4,0.375,0.428571,0.4,7,0.5165563916413844,0.5824675324675325,0.3829722499359289,0.43734836079700795,22.319950496,0
gestion_2017-02-14_19,4,none,,none_grayscale,docling_easyocr,qwen,7,7,4,3,3,0.571429,0.571429,0.571429,7,0.33675290227014365,0.3474025974025974,0.4508456876981202,0.5173146098304262,97.436446178,0
gestion_2017-02-14_19,4,none,,none_grayscale,docling_rapidocr,qwen,7,5,4,1,3,0.8,0.571429,0.666667,5,0.43023872679045094,0.4954545454545455,0.16311991673475373,0.2067073480803458,25.384800422,0
gestion_2017-02-14_19,4,none,,otsu,docling_easyocr,qwen,7,7,1,6,6,0.142857,0.142857,0.142857,7,0.4525267835612663,0.5357142857142857,0.7142207082610257,0.8359880965716204,97.660195007,0
gestion_2017-02-14_19,4,none,,otsu,docling_rapidocr,qwen,7,5,4,1,3,0.8,0.571429,0.666667,5,0.8152640462985291,1.0681818181818181,0.26977572465715693,0.3124667729930887,24.289126053,0
gestion_2017-02-14_19,5,none,,adaptive_gaussian,docling_easyocr,qwen,7,4,0,4,7,0.0,0.0,0.0,4,0.13862996676674288,0.28214285714285714,1.0,1.0,111.926916048,0
gestion_2017-02-14_19,5,none,,adaptive_gaussian,docling_rapidocr,qwen,7,5,0,5,7,0.0,0.0,0.0,5,0.35787798408488064,0.5700000000000001,0.8301811288835632,0.9352198857811995,25.237462208,0
gestion_2017-02-14_19,5,none,,adaptive_mean,docling_easyocr,qwen,7,6,0,6,7,0.0,0.0,0.0,4,0.3080046004452325,0.3571428571428571,0.9997638167217762,1.0,93.251726501,0
gestion_2017-02-14_19,5,none,,adaptive_mean,docling_rapidocr,qwen,7,7,0,7,7,0.0,0.0,0.0,6,0.20627763041556144,0.26666666666666666,0.8849233605754079,0.9645619187027856,22.335103386,0
gestion_2017-02-14_19,5,none,,basic,docling_easyocr,qwen,7,5,0,5,7,0.0,0.0,0.0,5,0.030864895421141885,0.12,1.0,1.0,72.980313455,0
gestion_2017-02-14_19,5,none,,basic,docling_rapidocr,qwen,7,6,1,5,6,0.166667,0.142857,0.153846,6,0.1048951048951049,0.10606060606060606,0.7725086334681724,0.8391318419569194,16.136294042,0
gestion_2017-02-14_19,5,none,,niblack,docling_easyocr,qwen,7,0,0,0,7,0.0,0.0,0.0,0,,,,,69.138974127,1
gestion_2017-02-14_19,5,none,,niblack,docling_rapidocr,qwen,7,1,0,1,7,0.0,0.0,0.0,1,0.01639344262295082,0.1,0.9716580066131318,0.9883040935672515,11.454787906,0
gestion_2017-02-14_19,5,none,,none_color,docling_easyocr,qwen,7,1,0,1,7,0.0,0.0,0.0,1,0.0,0.0,0.8214454416627303,0.8391812865497076,95.790460192,0
gestion_2017-02-14_19,5,none,,none_color,docling_rapidocr,qwen,7,0,0,0,7,0.0,0.0,0.0,0,,,,,24.988319002,5
gestion_2017-02-14_19,5,none,,none_grayscale,docling_easyocr,qwen,7,1,0,1,7,0.0,0.0,0.0,1,0.0,0.0,0.8214454416627303,0.8391812865497076,99.742813192,0
gestion_2017-02-14_19,5,none,,none_grayscale,docling_rapidocr,qwen,7,0,0,0,7,0.0,0.0,0.0,0,,,,,24.54023131,5
gestion_2017-02-14_19,5,none,,otsu,docling_easyocr,qwen,7,1,0,1,7,0.0,0.0,0.0,1,0.0,0.0,0.8502598016060463,0.9415204678362573,94.56095146,0
gestion_2017-02-14_19,5,none,,otsu,docling_rapidocr,qwen,7,0,0,0,7,0.0,0.0,0.0,0,,,,,21.51808666,8
gestion_2017-02-14_19,6,none,,adaptive_gaussian,docling_easyocr,qwen,7,3,0,3,7,0.0,0.0,0.0,3,0.43697404553104785,0.6285714285714286,0.9156172383999897,0.9680856553147574,116.331555232,0
gestion_2017-02-14_19,6,none,,adaptive_gaussian,docling_rapidocr,qwen,7,0,0,0,7,0.0,0.0,0.0,0,,,,,25.241475924,8
gestion_2017-02-14_19,6,none,,adaptive_mean,docling_easyocr,qwen,7,4,0,4,7,0.0,0.0,0.0,3,0.22548716362511598,0.22857142857142856,1.0,1.0,106.951210551,0
gestion_2017-02-14_19,6,none,,adaptive_mean,docling_rapidocr,qwen,7,7,0,7,7,0.0,0.0,0.0,6,0.06834659593280283,0.18333333333333335,0.9307911878755193,0.9876218323586744,25.646371178,0
gestion_2017-02-14_19,6,none,,basic,docling_easyocr,qwen,7,5,1,4,6,0.2,0.142857,0.166667,5,0.3770774053532674,0.4945454545454545,0.6990170434304132,0.7818230531078829,117.400812959,0
gestion_2017-02-14_19,6,none,,basic,docling_rapidocr,qwen,7,7,2,5,5,0.285714,0.285714,0.285714,7,0.3861655585793517,0.4253246753246754,0.6759574353081722,0.8065409269541723,24.424126958,0
gestion_2017-02-14_19,6,none,,niblack,docling_easyocr,qwen,7,0,0,0,7,0.0,0.0,0.0,0,,,,,68.137597749,1
gestion_2017-02-14_19,6,none,,niblack,docling_rapidocr,qwen,7,1,0,1,7,0.0,0.0,0.0,1,0.0,0.0,0.9678790741615494,0.9824561403508771,11.923253486,0
gestion_2017-02-14_19,6,none,,none_color,docling_easyocr,qwen,7,6,3,3,4,0.5,0.428571,0.461538,6,0.32758620689655177,0.3333333333333333,0.43114605227773306,0.45007687207175695,100.913970254,0
gestion_2017-02-14_19,6,none,,none_color,docling_rapidocr,qwen,7,5,4,1,3,0.8,0.571429,0.666667,5,0.43023872679045094,0.4954545454545455,0.1508799813567921,0.17942398816540692,25.562050603,0
gestion_2017-02-14_19,6,none,,none_grayscale,docling_easyocr,qwen,7,0,0,0,7,0.0,0.0,0.0,0,,,,,87.965340543,9
gestion_2017-02-14_19,6,none,,none_grayscale,docling_rapidocr,qwen,7,5,4,1,3,0.8,0.571429,0.666667,5,0.4631058596575838,0.5227272727272727,0.15202307595834036,0.18377181425236344,25.018268037,0
gestion_2017-02-14_19,6,none,,otsu,docling_easyocr,qwen,7,0,0,0,7,0.0,0.0,0.0,0,,,,,95.133908749,6
gestion_2017-02-14_19,6,none,,otsu,docling_rapidocr,qwen,7,5,4,1,3,0.8,0.571429,0.666667,5,0.8152640462985291,1.0681818181818181,0.15578710172783,0.1804040404040404,23.393105031,0
gestion_2017-02-14_19,7,none,,adaptive_gaussian,docling_easyocr,qwen,7,3,0,3,7,0.0,0.0,0.0,2,0.8373454782042941,1.0178571428571428,0.9090909090909092,0.9736842105263157,116.758650914,0
gestion_2017-02-14_19,7,none,,adaptive_gaussian,docling_rapidocr,qwen,7,7,0,7,7,0.0,0.0,0.0,6,0.08045977011494253,0.20833333333333334,0.8953548348342818,0.9838262631387548,25.339368955,0
gestion_2017-02-14_19,7,none,,adaptive_mean,docling_easyocr,qwen,7,3,0,3,7,0.0,0.0,0.0,3,0.1355809877306939,0.1952380952380952,0.9990552668871043,1.0,107.976457679,0
gestion_2017-02-14_19,7,none,,adaptive_mean,docling_rapidocr,qwen,7,5,0,5,7,0.0,0.0,0.0,4,0.5767120810224258,0.6875,0.8351922893984657,0.9567341030441716,24.537265622,0
gestion_2017-02-14_19,7,none,,basic,docling_easyocr,qwen,7,0,0,0,7,0.0,0.0,0.0,0,,,,,98.188591367,8
gestion_2017-02-14_19,7,none,,basic,docling_rapidocr,qwen,7,8,4,4,3,0.5,0.571429,0.533333,7,0.39867029522201936,0.4805194805194805,0.39637141862428643,0.4075078258514791,25.487388974,0
gestion_2017-02-14_19,7,none,,niblack,docling_easyocr,qwen,7,0,0,0,7,0.0,0.0,0.0,0,,,,,66.159676242,1
gestion_2017-02-14_19,7,none,,niblack,docling_rapidocr,qwen,7,0,0,0,7,0.0,0.0,0.0,0,,,,,10.828651595,1
gestion_2017-02-14_19,7,none,,none_color,docling_easyocr,qwen,7,0,0,0,7,0.0,0.0,0.0,0,,,,,98.854730586,1
gestion_2017-02-14_19,7,none,,none_color,docling_rapidocr,qwen,7,5,4,1,3,0.8,0.571429,0.666667,5,0.43023872679045094,0.4954545454545455,0.15009822282213484,0.17248272195640618,25.287031869,0
gestion_2017-02-14_19,7,none,,none_grayscale,docling_easyocr,qwen,7,7,4,3,3,0.571429,0.571429,0.571429,7,1.4048882152330429,1.6655844155844155,0.4462675008779831,0.5508808207690964,98.045417123,0
gestion_2017-02-14_19,7,none,,none_grayscale,docling_rapidocr,qwen,7,5,4,1,3,0.8,0.571429,0.666667,5,0.43023872679045094,0.4954545454545455,0.15426446338494904,0.17624575272172524,24.94855886,0
gestion_2017-02-14_19,7,none,,otsu,docling_easyocr,qwen,7,5,1,4,6,0.2,0.142857,0.166667,5,0.07972027972027972,0.09545454545454546,0.6178576390641757,0.6639425332149791,97.582856614,0
gestion_2017-02-14_19,7,none,,otsu,docling_rapidocr,qwen,7,7,6,1,1,0.857143,0.857143,0.857143,7,0.6093044886148334,0.7857142857142857,0.24195434031965846,0.2648957080071631,22.24999829,0
gestion_2017-02-14_19,8,none,,adaptive_gaussian,docling_easyocr,qwen,7,4,0,4,7,0.0,0.0,0.0,4,0.1515500531323275,0.3571428571428571,0.9997638167217762,1.0,101.413159692,0
gestion_2017-02-14_19,8,none,,adaptive_gaussian,docling_rapidocr,qwen,7,0,0,0,7,0.0,0.0,0.0,0,,,,,21.495200002,6
gestion_2017-02-14_19,8,none,,adaptive_mean,docling_easyocr,qwen,7,4,0,4,7,0.0,0.0,0.0,3,0.24736686953352238,0.44285714285714284,1.0,1.0,97.195674285,0
gestion_2017-02-14_19,8,none,,adaptive_mean,docling_rapidocr,qwen,7,6,0,6,7,0.0,0.0,0.0,6,0.12581786030061892,0.30833333333333335,0.8893546851943932,0.981520983030271,24.996173009,0
gestion_2017-02-14_19,8,none,,basic,docling_easyocr,qwen,7,1,0,1,7,0.0,0.0,0.0,1,0.0,0.0,0.9622106754841757,0.9883040935672515,102.553392556,0
gestion_2017-02-14_19,8,none,,basic,docling_rapidocr,qwen,7,8,2,6,5,0.25,0.285714,0.266667,7,0.16052912604636743,0.1461038961038961,0.7385611777398361,0.8315189002529156,26.563450721,0
gestion_2017-02-14_19,8,none,,niblack,docling_easyocr,qwen,7,0,0,0,7,0.0,0.0,0.0,0,,,,,67.415074494,1
gestion_2017-02-14_19,8,none,,niblack,docling_rapidocr,qwen,7,1,0,1,7,0.0,0.0,0.0,1,0.0,0.0,0.9617383089277279,0.9853801169590644,10.990450766,0
gestion_2017-02-14_19,8,none,,none_color,docling_easyocr,qwen,7,0,0,0,7,0.0,0.0,0.0,0,,,,,90.167988923,1
gestion_2017-02-14_19,8,none,,none_color,docling_rapidocr,qwen,7,5,4,1,3,0.8,0.571429,0.666667,5,0.43023872679045094,0.4954545454545455,0.15341420358334298,0.17683054804336268,25.213319924,0
gestion_2017-02-14_19,8,none,,none_grayscale,docling_easyocr,qwen,7,0,0,0,7,0.0,0.0,0.0,0,,,,,98.514554574,1
gestion_2017-02-14_19,8,none,,none_grayscale,docling_rapidocr,qwen,7,5,4,1,3,0.8,0.571429,0.666667,5,0.43023872679045094,0.4954545454545455,0.37986048457507854,0.4294621269907311,25.059408976,0
gestion_2017-02-14_19,8,none,,otsu,docling_easyocr,qwen,7,1,1,0,6,1.0,0.142857,0.25,1,0.0,0.0,0.5805384978743505,0.6140350877192983,100.636730412,0
gestion_2017-02-14_19,8,none,,otsu,docling_rapidocr,qwen,7,6,1,5,6,0.166667,0.142857,0.153846,6,0.7218846273571501,0.8333333333333334,0.7323375832289485,0.8302972290319174,26.476140479,0
gestion_2017-02-14_19,9,none,,adaptive_gaussian,docling_easyocr,qwen,7,4,0,4,7,0.0,0.0,0.0,4,0.10183419630778077,0.3821428571428571,0.9990635787452187,1.0,104.210362777,0
gestion_2017-02-14_19,9,none,,adaptive_gaussian,docling_rapidocr,qwen,7,7,0,7,7,0.0,0.0,0.0,6,0.07518371961560204,0.11666666666666665,0.931588089990758,0.9982456140350878,21.510323628,0
gestion_2017-02-14_19,9,none,,adaptive_mean,docling_easyocr,qwen,7,4,0,4,7,0.0,0.0,0.0,3,0.22073569367540433,0.29523809523809524,0.9998425444811841,1.0,114.290137271,0
gestion_2017-02-14_19,9,none,,adaptive_mean,docling_rapidocr,qwen,7,5,0,5,7,0.0,0.0,0.0,5,0.020689655172413793,0.1,0.9960712892086245,1.0,21.667724112,0
gestion_2017-02-14_19,9,none,,basic,docling_easyocr,qwen,7,0,0,0,7,0.0,0.0,0.0,0,,,,,102.384614489,1
gestion_2017-02-14_19,9,none,,basic,docling_rapidocr,qwen,7,1,0,1,7,0.0,0.0,0.0,1,0.0,0.0,0.8308927727916864,0.9327485380116959,25.715965054,0
gestion_2017-02-14_19,9,none,,niblack,docling_easyocr,qwen,7,0,0,0,7,0.0,0.0,0.0,0,,,,,61.954406232,1
gestion_2017-02-14_19,9,none,,niblack,docling_rapidocr,qwen,7,0,0,0,7,0.0,0.0,0.0,0,,,,,11.69535467,1
gestion_2017-02-14_19,9,none,,none_color,docling_easyocr,qwen,7,0,0,0,7,0.0,0.0,0.0,0,,,,,108.606940219,6
gestion_2017-02-14_19,9,none,,none_color,docling_rapidocr,qwen,7,6,4,2,3,0.666667,0.571429,0.615385,6,0.36878868258178604,0.4462121212121213,0.25888550749824474,0.29905192273613324,25.022762963,0
gestion_2017-02-14_19,9,none,,none_grayscale,docling_easyocr,qwen,7,2,0,2,7,0.0,0.0,0.0,2,0.4528301886792453,0.5,0.9469163412422947,1.05,108.717635321,0
gestion_2017-02-14_19,9,none,,none_grayscale,docling_rapidocr,qwen,7,5,3,2,4,0.6,0.428571,0.5,5,0.3502387267904509,0.44000000000000006,0.29178489545447583,0.34697419539524804,24.55621283,0
gestion_2017-02-14_19,9,none,,otsu,docling_easyocr,qwen,7,6,0,6,7,0.0,0.0,0.0,4,0.1,0.1,0.9963391591875295,1.0,103.840202737,0
gestion_2017-02-14_19,9,none,,otsu,docling_rapidocr,qwen,7,6,0,6,7,0.0,0.0,0.0,6,0.7192001340667574,0.8333333333333334,0.8033963731729741,1.0217952422185832,25.628478694,0
gestion_2017-02-14_19,10,none,,adaptive_gaussian,docling_easyocr,qwen,7,2,0,2,7,0.0,0.0,0.0,2,0.3379214351995051,0.40714285714285714,0.981607777324645,0.9956140350877193,104.307310571,0
gestion_2017-02-14_19,10,none,,adaptive_gaussian,docling_rapidocr,qwen,7,8,0,8,7,0.0,0.0,0.0,4,0.6968604600600077,0.775,0.9956306093528579,1.0,26.271647204,0
gestion_2017-02-14_19,10,none,,adaptive_mean,docling_easyocr,qwen,7,1,0,1,7,0.0,0.0,0.0,1,0.18032786885245902,0.2,0.9811053377420879,0.9970760233918129,92.05272573,0
gestion_2017-02-14_19,10,none,,adaptive_mean,docling_rapidocr,qwen,7,4,0,4,7,0.0,0.0,0.0,4,0.0,0.0,0.9239248046050561,0.9765273748439384,25.447600303,0
gestion_2017-02-14_19,10,none,,basic,docling_easyocr,qwen,7,5,0,5,7,0.0,0.0,0.0,2,0.5613340870548332,0.65,0.8797250859106529,1.0,114.933555821,0
gestion_2017-02-14_19,10,none,,basic,docling_rapidocr,qwen,7,0,0,0,7,0.0,0.0,0.0,0,,,,,25.578834514,1
gestion_2017-02-14_19,10,none,,niblack,docling_easyocr,qwen,7,0,0,0,7,0.0,0.0,0.0,0,,,,,66.174619842,1
gestion_2017-02-14_19,10,none,,niblack,docling_rapidocr,qwen,7,0,0,0,7,0.0,0.0,0.0,0,,,,,10.906055856,1
gestion_2017-02-14_19,10,none,,none_color,docling_easyocr,qwen,7,5,1,4,6,0.2,0.142857,0.166667,5,0.16477453580901857,0.22000000000000003,0.7869662312108174,0.9536627648237556,108.567659928,0
gestion_2017-02-14_19,10,none,,none_color,docling_rapidocr,qwen,7,7,3,4,4,0.428571,0.428571,0.428571,7,0.3881807847325089,0.41883116883116883,0.5399461295409475,0.6325124569572004,25.879303052,0
gestion_2017-02-14_19,10,none,,none_grayscale,docling_easyocr,qwen,7,8,0,8,7,0.0,0.0,0.0,7,0.4460502412356674,0.55,0.8108113118649563,0.9163363789558433,109.056338218,0
gestion_2017-02-14_19,10,none,,none_grayscale,docling_rapidocr,qwen,7,9,4,5,3,0.444444,0.571429,0.5,7,0.2531606324709773,0.2824675324675325,0.37190048607101767,0.40503978119067635,26.772290376,0
gestion_2017-02-14_19,10,none,,otsu,docling_easyocr,qwen,7,3,0,3,7,0.0,0.0,0.0,3,0.0,0.0,0.8457697478377657,0.9313266827198716,108.60927587,0
gestion_2017-02-14_19,10,none,,otsu,docling_rapidocr,qwen,7,5,2,3,5,0.4,0.285714,0.333333,5,0.13006993006993006,0.13636363636363635,0.5781689155376812,0.6469207194594191,21.955823235,0
gestion_2017-02-14_19,11,none,,adaptive_gaussian,docling_easyocr,qwen,7,4,0,4,7,0.0,0.0,0.0,4,0.14566915399460936,0.3464285714285714,1.0,1.0,117.3428681,0
gestion_2017-02-14_19,11,none,,adaptive_gaussian,docling_rapidocr,qwen,7,2,0,2,7,0.0,0.0,0.0,2,0.04225352112676056,0.05,0.9249546590853389,0.971594427244582,26.12839819,0
gestion_2017-02-14_19,11,none,,adaptive_mean,docling_easyocr,qwen,7,3,0,3,7,0.0,0.0,0.0,3,0.2262553566579392,0.3428571428571428,0.9994667459092187,1.0,113.461691649,0
gestion_2017-02-14_19,11,none,,adaptive_mean,docling_rapidocr,qwen,7,2,0,2,7,0.0,0.0,0.0,2,0.0,0.0,0.9561513894872613,0.9882610939112487,25.822418721,0
gestion_2017-02-14_19,11,none,,basic,docling_easyocr,qwen,7,4,0,4,7,0.0,0.0,0.0,4,0.004098360655737705,0.025,1.0,1.0,70.219397141,0
gestion_2017-02-14_19,11,none,,basic,docling_rapidocr,qwen,7,1,0,1,7,0.0,0.0,0.0,1,1.7586206896551724,2.25,0.768595041322314,0.9473684210526315,15.818600728,0
gestion_2017-02-14_19,11,none,,niblack,docling_easyocr,qwen,7,0,0,0,7,0.0,0.0,0.0,0,,,,,65.893065091,1
gestion_2017-02-14_19,11,none,,niblack,docling_rapidocr,qwen,7,0,0,0,7,0.0,0.0,0.0,0,,,,,11.109038945,1
gestion_2017-02-14_19,11,none,,none_color,docling_easyocr,qwen,7,4,1,3,6,0.25,0.142857,0.181818,4,0.4396551724137931,0.5625,0.7852701124824852,0.9023984336097339,108.676477195,0
gestion_2017-02-14_19,11,none,,none_color,docling_rapidocr,qwen,7,5,4,1,3,0.8,0.571429,0.666667,5,0.7819628647214854,0.9954545454545455,0.16064934012566962,0.1831463375170469,25.62083006,0
gestion_2017-02-14_19,11,none,,none_grayscale,docling_easyocr,qwen,7,4,1,3,6,0.25,0.142857,0.181818,4,0.4396551724137931,0.5625,0.7852701124824852,0.9023984336097339,110.227293088,0
gestion_2017-02-14_19,11,none,,none_grayscale,docling_rapidocr,qwen,7,5,4,1,3,0.8,0.571429,0.666667,5,0.7819628647214854,0.9954545454545455,0.16064934012566962,0.1831463375170469,21.549821689,0
gestion_2017-02-14_19,11,none,,otsu,docling_easyocr,qwen,7,8,0,8,7,0.0,0.0,0.0,4,0.023076923076923078,0.075,0.9965107715018647,1.0,105.410899547,0
gestion_2017-02-14_19,11,none,,otsu,docling_rapidocr,qwen,7,8,1,7,6,0.125,0.142857,0.133333,7,0.828030146107249,0.8571428571428571,0.6285349500521267,0.8554391234765444,26.676299956,0
gestion_2017-02-14_19,12,none,,adaptive_gaussian,docling_easyocr,qwen,7,3,0,3,7,0.0,0.0,0.0,3,0.1995036514581872,0.29523809523809524,1.0,1.0,151.623210563,0
gestion_2017-02-14_19,12,none,,adaptive_gaussian,docling_rapidocr,qwen,7,0,0,0,7,0.0,0.0,0.0,0,,,,,52.267847194,9
gestion_2017-02-14_19,12,none,,adaptive_mean,docling_easyocr,qwen,7,5,0,5,7,0.0,0.0,0.0,3,0.24671775368159055,0.2619047619047619,1.0,1.0,149.330123101,0
gestion_2017-02-14_19,12,none,,adaptive_mean,docling_rapidocr,qwen,7,6,0,6,7,0.0,0.0,0.0,6,0.04597701149425287,0.16666666666666666,0.9279351440851914,0.9769020956882715,55.854513083,0
gestion_2017-02-14_19,12,none,,basic,docling_easyocr,qwen,7,0,0,0,7,0.0,0.0,0.0,0,,,,,120.940052228,1
gestion_2017-02-14_19,12,none,,basic,docling_rapidocr,qwen,7,1,1,0,6,1.0,0.142857,0.25,1,0.0,0.0,0.4619744922059518,0.5672514619883041,56.630442338,0
gestion_2017-02-14_19,12,none,,niblack,docling_easyocr,qwen,7,0,0,0,7,0.0,0.0,0.0,0,,,,,95.743462541,1
gestion_2017-02-14_19,12,none,,niblack,docling_rapidocr,qwen,7,0,0,0,7,0.0,0.0,0.0,0,,,,,40.218877532,1
gestion_2017-02-14_19,12,none,,none_color,docling_easyocr,qwen,7,1,1,0,6,1.0,0.142857,0.25,1,0.0,0.0,0.5106282475200756,0.5292397660818714,130.688970139,0
gestion_2017-02-14_19,12,none,,none_color,docling_rapidocr,qwen,7,8,4,4,3,0.5,0.571429,0.533333,7,0.4929377567551439,0.5824675324675325,0.3428982634517837,0.39151658455064026,51.351119807,0
gestion_2017-02-14_19,12,none,,none_grayscale,docling_easyocr,qwen,7,0,0,0,7,0.0,0.0,0.0,0,,,,,130.260724429,9
gestion_2017-02-14_19,12,none,,none_grayscale,docling_rapidocr,qwen,7,5,4,1,3,0.8,0.571429,0.666667,5,0.43023872679045094,0.4954545454545455,0.15485108122659208,0.17821371610845294,56.057209853,0
gestion_2017-02-14_19,12,none,,otsu,docling_easyocr,qwen,7,6,4,2,3,0.666667,0.571429,0.615385,6,0.6206896551724138,0.7916666666666666,0.5656083982086858,0.6313595301514268,128.984408885,0
gestion_2017-02-14_19,12,none,,otsu,docling_rapidocr,qwen,7,7,6,1,1,0.857143,0.857143,0.857143,7,0.6317820110923559,0.8051948051948052,0.291570767290097,0.3148336292265489,55.985670358,0
gestion_2017-02-14_19,13,none,,adaptive_gaussian,docling_easyocr,qwen,7,0,0,0,7,0.0,0.0,0.0,0,,,,,135.489355058,1
gestion_2017-02-14_19,13,none,,adaptive_gaussian,docling_rapidocr,qwen,7,0,0,0,7,0.0,0.0,0.0,0,,,,,48.740991563,1
gestion_2017-02-14_19,13,none,,adaptive_mean,docling_easyocr,qwen,7,0,0,0,7,0.0,0.0,0.0,0,,,,,144.088652768,1
gestion_2017-02-14_19,13,none,,adaptive_mean,docling_rapidocr,qwen,7,3,0,3,7,0.0,0.0,0.0,2,0.11538461538461539,0.05,0.9329435431192572,0.9784810777457836,50.075800815,0
gestion_2017-02-14_19,13,none,,basic,docling_easyocr,qwen,7,0,0,0,7,0.0,0.0,0.0,0,,,,,116.207826814,7
gestion_2017-02-14_19,13,none,,basic,docling_rapidocr,qwen,7,6,3,3,4,0.5,0.428571,0.461538,6,0.4482155775259224,0.537878787878788,0.40194556962372463,0.45715938650721255,56.659707269,0
gestion_2017-02-14_19,13,none,,niblack,docling_easyocr,qwen,7,0,0,0,7,0.0,0.0,0.0,0,,,,,98.207785422,1
gestion_2017-02-14_19,13,none,,niblack,docling_rapidocr,qwen,7,0,0,0,7,0.0,0.0,0.0,0,,,,,42.810756976,1
gestion_2017-02-14_19,13,none,,none_color,docling_easyocr,qwen,7,6,3,3,4,0.5,0.428571,0.461538,6,0.6678924523752109,0.8901515151515151,0.7642628316323766,0.8698062063420792,129.512301095,5
gestion_2017-02-14_19,13,none,,none_color,docling_rapidocr,qwen,7,5,4,1,3,0.8,0.571429,0.666667,5,0.4631058596575838,0.5227272727272727,0.15002972155518604,0.17825439752213207,56.458991416,0
gestion_2017-02-14_19,13,none,,none_grayscale,docling_easyocr,qwen,7,0,0,0,7,0.0,0.0,0.0,0,,,,,130.25944682,5
gestion_2017-02-14_19,13,none,,none_grayscale,docling_rapidocr,qwen,7,5,4,1,3,0.8,0.571429,0.666667,5,0.5182782734506872,0.6227272727272728,0.18147195331117844,0.20617201765943186,51.985529622,0
gestion_2017-02-14_19,13,none,,otsu,docling_easyocr,qwen,7,0,0,0,7,0.0,0.0,0.0,0,,,,,121.455430137,7
gestion_2017-02-14_19,13,none,,otsu,docling_rapidocr,qwen,7,7,4,3,3,0.571429,0.571429,0.571429,7,0.3841847807365049,0.4610389610389611,0.3112649810151798,0.3565909677734957,52.968137132,0
gestion_2017-02-14_19,14,none,,adaptive_gaussian,docling_easyocr,qwen,7,0,0,0,7,0.0,0.0,0.0,0,,,,,136.123392162,1
gestion_2017-02-14_19,14,none,,adaptive_gaussian,docling_rapidocr,qwen,7,0,0,0,7,0.0,0.0,0.0,0,,,,,57.835008439,6
gestion_2017-02-14_19,14,none,,adaptive_mean,docling_easyocr,qwen,7,4,0,4,7,0.0,0.0,0.0,3,0.1622107114280694,0.1952380952380952,1.0,1.0,149.878992729,0
gestion_2017-02-14_19,14,none,,adaptive_mean,docling_rapidocr,qwen,7,5,0,5,7,0.0,0.0,0.0,5,0.2689655172413793,0.35,0.9172475026640357,0.9878503628705542,57.820474319,0
gestion_2017-02-14_19,14,none,,basic,docling_easyocr,qwen,7,0,0,0,7,0.0,0.0,0.0,0,,,,,141.161567424,6
gestion_2017-02-14_19,14,none,,basic,docling_rapidocr,qwen,7,1,0,1,7,0.0,0.0,0.0,1,0.0,0.0,0.8072744449692961,0.9415204678362573,57.093465303,0
gestion_2017-02-14_19,14,none,,niblack,docling_easyocr,qwen,7,0,0,0,7,0.0,0.0,0.0,0,,,,,95.998685687,1
gestion_2017-02-14_19,14,none,,niblack,docling_rapidocr,qwen,7,0,0,0,7,0.0,0.0,0.0,0,,,,,41.0657278,1
gestion_2017-02-14_19,14,none,,none_color,docling_easyocr,qwen,7,0,0,0,7,0.0,0.0,0.0,0,,,,,135.116298101,9
gestion_2017-02-14_19,14,none,,none_color,docling_rapidocr,qwen,7,5,3,2,4,0.6,0.428571,0.5,5,0.4631058596575838,0.5227272727272727,0.2680573939215166,0.2847634237107921,52.247834823,0
gestion_2017-02-14_19,14,none,,none_grayscale,docling_easyocr,qwen,7,9,4,5,3,0.444444,0.571429,0.5,7,1.893967190909286,2.357142857142857,0.3533738487747539,0.3831681584743908,118.074203155,0
gestion_2017-02-14_19,14,none,,none_grayscale,docling_rapidocr,qwen,7,5,3,2,4,0.6,0.428571,0.5,5,0.4631058596575838,0.5227272727272727,0.26900212703441223,0.285933014354067,55.942865512,0
gestion_2017-02-14_19,14,none,,otsu,docling_easyocr,qwen,7,6,3,3,4,0.5,0.428571,0.461538,6,0.2528735632183908,0.3333333333333333,0.47743187093887934,0.5275826150338198,130.743703174,0
gestion_2017-02-14_19,14,none,,otsu,docling_rapidocr,qwen,7,7,5,2,2,0.714286,0.714286,0.714286,7,0.34672224327396745,0.4253246753246754,0.3490149952899042,0.38319916574055757,55.969059276,0
gestion_2017-02-14_19,15,none,,adaptive_gaussian,docling_easyocr,qwen,7,0,0,0,7,0.0,0.0,0.0,0,,,,,80.60973928,1
gestion_2017-02-14_19,15,none,,adaptive_gaussian,docling_rapidocr,qwen,7,0,0,0,7,0.0,0.0,0.0,0,,,,,11.743818975,1
gestion_2017-02-14_19,15,none,,adaptive_mean,docling_easyocr,qwen,7,0,0,0,7,0.0,0.0,0.0,0,,,,,68.56005034,1
gestion_2017-02-14_19,15,none,,adaptive_mean,docling_rapidocr,qwen,7,0,0,0,7,0.0,0.0,0.0,0,,,,,12.750721546,1
gestion_2017-02-14_19,15,none,,basic,docling_easyocr,qwen,7,3,0,3,7,0.0,0.0,0.0,3,0.4347204707860446,0.5,0.6691446246254428,0.8024059760901867,101.14759871,0
gestion_2017-02-14_19,15,none,,basic,docling_rapidocr,qwen,7,0,0,0,7,0.0,0.0,0.0,0,,,,,26.056766,1
gestion_2017-02-14_19,15,none,,niblack,docling_easyocr,qwen,7,0,0,0,7,0.0,0.0,0.0,0,,,,,64.585142103,1
gestion_2017-02-14_19,15,none,,niblack,docling_rapidocr,qwen,7,0,0,0,7,0.0,0.0,0.0,0,,,,,11.645534482,1
gestion_2017-02-14_19,15,none,,none_color,docling_easyocr,qwen,7,4,2,2,5,0.5,0.285714,0.363636,4,0.23539309064923153,0.3464285714285714,0.7304161609939632,0.8283023735810113,100.5742324,0
gestion_2017-02-14_19,15,none,,none_color,docling_rapidocr,qwen,7,0,0,0,7,0.0,0.0,0.0,0,,,,,26.935318054,1
gestion_2017-02-14_19,15,none,,none_grayscale,docling_easyocr,qwen,7,4,2,2,5,0.5,0.285714,0.363636,4,0.23539309064923153,0.3464285714285714,0.7304161609939632,0.8283023735810113,98.459460868,0
gestion_2017-02-14_19,15,none,,none_grayscale,docling_rapidocr,qwen,7,0,0,0,7,0.0,0.0,0.0,0,,,,,26.146413459,1
gestion_2017-02-14_19,15,none,,otsu,docling_easyocr,qwen,7,0,0,0,7,0.0,0.0,0.0,0,,,,,98.410611192,6
gestion_2017-02-14_19,15,none,,otsu,docling_rapidocr,qwen,7,0,0,0,7,0.0,0.0,0.0,0,,,,,25.475426236,5
gestion_2017-02-14_19,16,none,,adaptive_gaussian,docling_easyocr,qwen,7,0,0,0,7,0.0,0.0,0.0,0,,,,,74.468226295,1
gestion_2017-02-14_19,16,none,,adaptive_gaussian,docling_rapidocr,qwen,7,0,0,0,7,0.0,0.0,0.0,0,,,,,12.584477764,1
gestion_2017-02-14_19,16,none,,adaptive_mean,docling_easyocr,qwen,7,0,0,0,7,0.0,0.0,0.0,0,,,,,74.855250884,1
gestion_2017-02-14_19,16,none,,adaptive_mean,docling_rapidocr,qwen,7,0,0,0,7,0.0,0.0,0.0,0,,,,,11.104086448,1
gestion_2017-02-14_19,16,none,,basic,docling_easyocr,qwen,7,2,0,2,7,0.0,0.0,0.0,2,0.639344262295082,0.6,0.7900028107762036,0.9824561403508771,103.907047767,0
gestion_2017-02-14_19,16,none,,basic,docling_rapidocr,qwen,7,6,2,4,5,0.333333,0.285714,0.307692,6,0.5974516179075928,0.6795454545454546,0.5368482177569519,0.6697085779044993,24.715700406,0
gestion_2017-02-14_19,16,none,,niblack,docling_easyocr,qwen,7,0,0,0,7,0.0,0.0,0.0,0,,,,,65.193497003,1
gestion_2017-02-14_19,16,none,,niblack,docling_rapidocr,qwen,7,0,0,0,7,0.0,0.0,0.0,0,,,,,9.488122285,1
gestion_2017-02-14_19,16,none,,none_color,docling_easyocr,qwen,7,0,0,0,7,0.0,0.0,0.0,0,,,,,89.277488178,1
gestion_2017-02-14_19,16,none,,none_color,docling_rapidocr,qwen,7,1,0,1,7,0.0,0.0,0.0,1,0.18032786885245902,0.3,0.7458667926310817,0.827485380116959,27.43666405,0
gestion_2017-02-14_19,16,none,,none_grayscale,docling_easyocr,qwen,7,0,0,0,7,0.0,0.0,0.0,0,,,,,99.66358592,1
gestion_2017-02-14_19,16,none,,none_grayscale,docling_rapidocr,qwen,7,5,3,2,4,0.6,0.428571,0.5,5,1.1693408738301385,1.5097402597402598,0.29817505613648637,0.3553056884635832,26.035938758,0
gestion_2017-02-14_19,16,none,,otsu,docling_easyocr,qwen,7,0,0,0,7,0.0,0.0,0.0,0,,,,,94.124517127,1
gestion_2017-02-14_19,16,none,,otsu,docling_rapidocr,qwen,7,5,3,2,4,0.6,0.428571,0.5,5,1.1212177873003197,1.3627272727272728,0.4664567904483169,0.5611224371865104,25.133210584,0
gestion_2017-02-14_19,17,none,,adaptive_gaussian,docling_easyocr,qwen,7,0,0,0,7,0.0,0.0,0.0,0,,,,,69.814584045,1
gestion_2017-02-14_19,17,none,,adaptive_gaussian,docling_rapidocr,qwen,7,0,0,0,7,0.0,0.0,0.0,0,,,,,12.115302114,1
gestion_2017-02-14_19,17,none,,adaptive_mean,docling_easyocr,qwen,7,0,0,0,7,0.0,0.0,0.0,0,,,,,83.532837844,1
gestion_2017-02-14_19,17,none,,adaptive_mean,docling_rapidocr,qwen,7,0,0,0,7,0.0,0.0,0.0,0,,,,,12.18421433,1
gestion_2017-02-14_19,17,none,,basic,docling_easyocr,qwen,7,1,0,1,7,0.0,0.0,0.0,1,1.1724137931034482,1.75,0.7851239669421488,0.9736842105263158,91.28534748,0
gestion_2017-02-14_19,17,none,,basic,docling_rapidocr,qwen,7,0,0,0,7,0.0,0.0,0.0,0,,,,,26.060638208,3
gestion_2017-02-14_19,17,none,,niblack,docling_easyocr,qwen,7,0,0,0,7,0.0,0.0,0.0,0,,,,,55.51953272,1
gestion_2017-02-14_19,17,none,,niblack,docling_rapidocr,qwen,7,0,0,0,7,0.0,0.0,0.0,0,,,,,10.340379993,1
gestion_2017-02-14_19,17,none,,none_color,docling_easyocr,qwen,7,0,0,0,7,0.0,0.0,0.0,0,,,,,98.950248426,7
gestion_2017-02-14_19,17,none,,none_color,docling_rapidocr,qwen,7,6,3,3,4,0.5,0.428571,0.461538,6,0.630050889378193,0.7378787878787879,0.3422579309034219,0.3560077034535239,25.666865056,0
gestion_2017-02-14_19,17,none,,none_grayscale,docling_easyocr,qwen,7,0,0,0,7,0.0,0.0,0.0,0,,,,,100.131914323,7
gestion_2017-02-14_19,17,none,,none_grayscale,docling_rapidocr,qwen,7,6,3,3,4,0.5,0.428571,0.461538,6,0.630050889378193,0.7378787878787879,0.3422579309034219,0.3560077034535239,25.38659591,0
gestion_2017-02-14_19,17,none,,otsu,docling_easyocr,qwen,7,7,2,5,5,0.285714,0.285714,0.285714,7,0.6736896484354664,0.8110389610389611,0.6423182487547355,0.7926015321929981,102.043800207,0
gestion_2017-02-14_19,17,none,,otsu,docling_rapidocr,qwen,7,0,0,0,7,0.0,0.0,0.0,0,,,,,25.109929891,8
gestion_2017-02-14_19,18,none,,adaptive_gaussian,docling_easyocr,qwen,7,0,0,0,7,0.0,0.0,0.0,0,,,,,57.112033767,1
gestion_2017-02-14_19,18,none,,adaptive_gaussian,docling_rapidocr,qwen,7,0,0,0,7,0.0,0.0,0.0,0,,,,,11.609075708,1
gestion_2017-02-14_19,18,none,,adaptive_mean,docling_easyocr,qwen,7,0,0,0,7,0.0,0.0,0.0,0,,,,,64.756555263,1
gestion_2017-02-14_19,18,none,,adaptive_mean,docling_rapidocr,qwen,7,0,0,0,7,0.0,0.0,0.0,0,,,,,12.778551761,1
gestion_2017-02-14_19,18,none,,basic,docling_easyocr,qwen,7,0,0,0,7,0.0,0.0,0.0,0,,,,,64.83575891,1
gestion_2017-02-14_19,18,none,,basic,docling_rapidocr,qwen,7,0,0,0,7,0.0,0.0,0.0,0,,,,,9.658492074,1
gestion_2017-02-14_19,18,none,,niblack,docling_easyocr,qwen,7,0,0,0,7,0.0,0.0,0.0,0,,,,,65.793772228,1
gestion_2017-02-14_19,18,none,,none_color,docling_easyocr,qwen,7,0,0,0,7,0.0,0.0,0.0,0,,,,,56.889473352,1
gestion_2017-02-14_19,18,none,,none_grayscale,docling_easyocr,qwen,7,0,0,0,7,0.0,0.0,0.0,0,,,,,67.184511813,1
gestion_2017-02-14_19,18,none,,otsu,docling_easyocr,qwen,7,0,0,0,7,0.0,0.0,0.0,0,,,,,64.979854642,1
gestion_2017-02-14_19,18,none,,otsu,docling_rapidocr,qwen,7,0,0,0,7,0.0,0.0,0.0,0,,,,,11.337816297,1
gestion_2017-02-14_19,18,none,,yannihorne,docling_easyocr,qwen,7,0,0,0,7,0.0,0.0,0.0,0,,,,,56.129252254,1
gestion_2017-02-14_19,18,none,,yannihorne,docling_rapidocr,qwen,7,0,0,0,7,0.0,0.0,0.0,0,,,,,9.762316285,1
gestion_2017-02-14_19,19,none,,adaptive_gaussian,docling_easyocr,qwen,7,0,0,0,7,0.0,0.0,0.0,0,,,,,64.507245021,1
gestion_2017-02-14_19,19,none,,adaptive_gaussian,docling_rapidocr,qwen,7,0,0,0,7,0.0,0.0,0.0,0,,,,,9.166493135,1
gestion_2017-02-14_19,19,none,,adaptive_mean,docling_easyocr,qwen,7,0,0,0,7,0.0,0.0,0.0,0,,,,,64.778040626,1
gestion_2017-02-14_19,19,none,,adaptive_mean,docling_rapidocr,qwen,7,0,0,0,7,0.0,0.0,0.0,0,,,,,10.707413652,1
gestion_2017-02-14_19,19,none,,basic,docling_easyocr,qwen,7,0,0,0,7,0.0,0.0,0.0,0,,,,,64.388979932,1
gestion_2017-02-14_19,19,none,,basic,docling_rapidocr,qwen,7,0,0,0,7,0.0,0.0,0.0,0,,,,,11.668959161,1
gestion_2017-02-14_19,19,none,,niblack,docling_easyocr,qwen,7,0,0,0,7,0.0,0.0,0.0,0,,,,,56.491271776,1
gestion_2017-02-14_19,19,none,,otsu,docling_easyocr,qwen,7,0,0,0,7,0.0,0.0,0.0,0,,,,,65.022186372,1
gestion_2017-02-14_19,19,none,,otsu,docling_rapidocr,qwen,7,0,0,0,7,0.0,0.0,0.0,0,,,,,11.678422782,1
gestion_2017-02-14_19,19,none,,yannihorne,docling_easyocr,qwen,7,0,0,0,7,0.0,0.0,0.0,0,,,,,64.583347175,1
gestion_2017-02-14_19,19,none,,yannihorne,docling_rapidocr,qwen,7,0,0,0,7,0.0,0.0,0.0,0,,,,,10.066742751,1
gestion_2017-02-14_19,20,none,,adaptive_gaussian,docling_easyocr,qwen,7,0,0,0,7,0.0,0.0,0.0,0,,,,,55.789066634,1
gestion_2017-02-14_19,20,none,,adaptive_gaussian,docling_rapidocr,qwen,7,0,0,0,7,0.0,0.0,0.0,0,,,,,11.430144391,1
gestion_2017-02-14_19,20,none,,adaptive_mean,docling_easyocr,qwen,7,0,0,0,7,0.0,0.0,0.0,0,,,,,64.904546529,1
gestion_2017-02-14_19,20,none,,adaptive_mean,docling_rapidocr,qwen,7,0,0,0,7,0.0,0.0,0.0,0,,,,,10.983246118,1
gestion_2017-02-14_19,20,none,,basic,docling_easyocr,qwen,7,0,0,0,7,0.0,0.0,0.0,0,,,,,64.397835876,1
gestion_2017-02-14_19,20,none,,basic,docling_rapidocr,qwen,7,0,0,0,7,0.0,0.0,0.0,0,,,,,10.776821281,1
gestion_2017-02-14_19,20,none,,niblack,docling_easyocr,qwen,7,0,0,0,7,0.0,0.0,0.0,0,,,,,56.936892343,1
gestion_2017-02-14_19,20,none,,none_color,docling_easyocr,qwen,7,0,0,0,7,0.0,0.0,0.0,0,,,,,67.326574636,1
gestion_2017-02-14_19,20,none,,none_grayscale,docling_easyocr,qwen,7,0,0,0,7,0.0,0.0,0.0,0,,,,,67.108090473,1
gestion_2017-02-14_19,20,none,,otsu,docling_easyocr,qwen,7,0,0,0,7,0.0,0.0,0.0,0,,,,,65.555089214,1
gestion_2017-02-14_19,20,none,,otsu,docling_rapidocr,qwen,7,0,0,0,7,0.0,0.0,0.0,0,,,,,10.300684907,1
gestion_2017-02-14_19,20,none,,yannihorne,docling_easyocr,qwen,7,0,0,0,7,0.0,0.0,0.0,0,,,,,57.003574827,1
gestion_2017-02-14_19,20,none,,yannihorne,docling_rapidocr,qwen,7,0,0,0,7,0.0,0.0,0.0,0,,,,,11.60067127,1
gestion_2017-02-14_19,21,none,,adaptive_gaussian,docling_easyocr,qwen,7,4,0,4,7,0.0,0.0,0.0,3,0.3028459111119005,0.3666666666666667,0.9996850889623682,1.0,205.246728359,0
gestion_2017-02-14_19,21,none,,adaptive_gaussian,docling_rapidocr,qwen,7,4,0,4,7,0.0,0.0,0.0,4,0.0,0.0,0.9291351468169703,0.9886087596613913,107.461013971,0
gestion_2017-02-14_19,21,none,,adaptive_mean,docling_easyocr,qwen,7,4,0,4,7,0.0,0.0,0.0,2,0.2791503117063034,0.4,1.0,1.0,186.480514413,0
gestion_2017-02-14_19,21,none,,adaptive_mean,docling_rapidocr,qwen,7,0,0,0,7,0.0,0.0,0.0,0,,,,,109.682107335,1
gestion_2017-02-14_19,21,none,,basic,docling_easyocr,qwen,7,4,0,4,7,0.0,0.0,0.0,4,0.009433962264150943,0.03571428571428571,1.0,1.0,178.136312175,0
gestion_2017-02-14_19,21,none,,basic,docling_rapidocr,qwen,7,9,0,9,7,0.0,0.0,0.0,6,0.7973573774727476,0.8333333333333334,0.6367345134270329,0.9090766835130141,103.462128091,0
gestion_2017-02-14_19,21,none,,niblack,docling_easyocr,qwen,7,0,0,0,7,0.0,0.0,0.0,0,,,,,150.995804021,1
gestion_2017-02-14_19,21,none,,niblack,docling_rapidocr,qwen,7,0,0,0,7,0.0,0.0,0.0,0,,,,,96.071058938,1
gestion_2017-02-14_19,21,none,,none_color,docling_easyocr,qwen,7,7,0,7,7,0.0,0.0,0.0,5,0.10885941644562336,0.24,1.0,1.0,203.064828729,0
gestion_2017-02-14_19,21,none,,none_color,docling_rapidocr,qwen,7,7,6,1,1,0.857143,0.857143,0.857143,7,0.20898067449791588,0.2012987012987013,0.247832495609612,0.28579764972617305,110.598679637,0
gestion_2017-02-14_19,21,none,,none_grayscale,docling_easyocr,qwen,7,7,0,7,7,0.0,0.0,0.0,5,0.10885941644562336,0.24,1.0,1.0,188.134168481,0
gestion_2017-02-14_19,21,none,,none_grayscale,docling_rapidocr,qwen,7,7,6,1,1,0.857143,0.857143,0.857143,7,0.20898067449791588,0.2012987012987013,0.24623908428302776,0.2791200233487217,106.970606183,0
gestion_2017-02-14_19,21,none,,otsu,docling_easyocr,qwen,7,0,0,0,7,0.0,0.0,0.0,0,,,,,203.498345138,1
gestion_2017-02-14_19,21,none,,otsu,docling_rapidocr,qwen,7,1,0,1,7,0.0,0.0,0.0,1,0.0,0.0,0.8686820973075107,0.9707602339181286,109.703678609,0
gestion_2017-02-14_19,22,none,,adaptive_gaussian,docling_easyocr,qwen,7,3,0,3,7,0.0,0.0,0.0,3,0.19669289380672436,0.3,1.0,1.0,203.483711077,0
gestion_2017-02-14_19,22,none,,adaptive_gaussian,docling_rapidocr,qwen,7,5,0,5,7,0.0,0.0,0.0,5,0.1553977340583922,0.26,0.9939600311717177,0.9982456140350877,110.295312954,0
gestion_2017-02-14_19,22,none,,adaptive_mean,docling_easyocr,qwen,7,2,0,2,7,0.0,0.0,0.0,2,0.11602401293003925,0.1,0.999200118863828,1.0,198.854738329,0
gestion_2017-02-14_19,22,none,,adaptive_mean,docling_rapidocr,qwen,7,5,0,5,7,0.0,0.0,0.0,4,0.3017241379310345,0.4375,0.9366081027811592,0.9850992170323507,111.211722706,0
gestion_2017-02-14_19,22,none,,basic,docling_easyocr,qwen,7,6,0,6,7,0.0,0.0,0.0,6,0.1149425287356322,0.16666666666666666,1.0,1.0,190.510114494,0
gestion_2017-02-14_19,22,none,,basic,docling_rapidocr,qwen,7,1,0,1,7,0.0,0.0,0.0,1,0.0,0.0,0.7822390174775626,0.9298245614035088,107.801750246,0
gestion_2017-02-14_19,22,none,,niblack,docling_easyocr,qwen,7,0,0,0,7,0.0,0.0,0.0,0,,,,,150.017365923,1
gestion_2017-02-14_19,22,none,,niblack,docling_rapidocr,qwen,7,0,0,0,7,0.0,0.0,0.0,0,,,,,96.0058813,1
gestion_2017-02-14_19,22,none,,none_color,docling_easyocr,qwen,7,4,0,4,7,0.0,0.0,0.0,4,0.019230769230769232,0.075,0.9975200755786491,0.9985380116959064,201.556068411,0
gestion_2017-02-14_19,22,none,,none_color,docling_rapidocr,qwen,7,5,4,1,3,0.8,0.571429,0.666667,5,0.5182782734506872,0.6227272727272728,0.24185506525018874,0.2790775027159466,109.852921953,0
gestion_2017-02-14_19,22,none,,none_grayscale,docling_easyocr,qwen,7,4,0,4,7,0.0,0.0,0.0,4,0.019230769230769232,0.075,0.9975200755786491,0.9985380116959064,205.500134697,0
gestion_2017-02-14_19,22,none,,none_grayscale,docling_rapidocr,qwen,7,8,4,4,3,0.5,0.571429,0.533333,7,0.3149264528574873,0.4090909090909091,0.37516538774298197,0.41621978289430167,110.107991447,0
gestion_2017-02-14_19,22,none,,otsu,docling_easyocr,qwen,7,7,0,7,7,0.0,0.0,0.0,5,0.11809018567639258,0.21000000000000002,1.0,1.0,203.404575722,0
gestion_2017-02-14_19,22,none,,otsu,docling_rapidocr,qwen,7,6,0,6,7,0.0,0.0,0.0,6,0.7335085061495574,0.8333333333333334,0.7597183179846341,0.9377097635392829,109.844394104,0
gestion_2017-02-14_19,23,none,,adaptive_gaussian,docling_easyocr,qwen,7,3,0,3,7,0.0,0.0,0.0,3,0.11794161353154657,0.39999999999999997,0.9994667459092187,1.0,202.403129431,0
gestion_2017-02-14_19,23,none,,adaptive_gaussian,docling_rapidocr,qwen,7,4,0,4,7,0.0,0.0,0.0,4,0.0,0.0,0.9843956346046108,0.9985380116959064,110.179729076,0
gestion_2017-02-14_19,23,none,,adaptive_mean,docling_easyocr,qwen,7,4,0,4,7,0.0,0.0,0.0,2,0.22165781574694066,0.3,0.979470693835643,0.9963235294117647,200.643610828,0
gestion_2017-02-14_19,23,none,,adaptive_mean,docling_rapidocr,qwen,7,4,0,4,7,0.0,0.0,0.0,4,0.25471698113207547,0.2857142857142857,0.918591507458856,0.9854539641943734,105.570827835,0
gestion_2017-02-14_19,23,none,,basic,docling_easyocr,qwen,7,4,0,4,7,0.0,0.0,0.0,4,0.08983677936662782,0.18571428571428572,1.0,1.0,171.869394934,0
gestion_2017-02-14_19,23,none,,basic,docling_rapidocr,qwen,7,0,0,0,7,0.0,0.0,0.0,0,,,,,102.152173435,10
gestion_2017-02-14_19,23,none,,niblack,docling_easyocr,qwen,7,0,0,0,7,0.0,0.0,0.0,0,,,,,150.964781294,1
gestion_2017-02-14_19,23,none,,niblack,docling_rapidocr,qwen,7,0,0,0,7,0.0,0.0,0.0,0,,,,,94.623093614,1
gestion_2017-02-14_19,23,none,,none_color,docling_easyocr,qwen,7,10,0,10,7,0.0,0.0,0.0,4,0.015384615384615385,0.05,1.0,1.0,186.471593939,0
gestion_2017-02-14_19,23,none,,none_color,docling_rapidocr,qwen,7,0,0,0,7,0.0,0.0,0.0,0,,,,,109.909737192,1
gestion_2017-02-14_19,23,none,,none_grayscale,docling_easyocr,qwen,7,10,0,10,7,0.0,0.0,0.0,4,0.015384615384615385,0.05,1.0,1.0,186.043392502,0
gestion_2017-02-14_19,23,none,,none_grayscale,docling_rapidocr,qwen,7,0,0,0,7,0.0,0.0,0.0,0,,,,,110.478719316,1
gestion_2017-02-14_19,23,none,,otsu,docling_easyocr,qwen,7,4,0,4,7,0.0,0.0,0.0,4,0.0,0.0,1.0,1.0,184.911232698,0
gestion_2017-02-14_19,23,none,,otsu,docling_rapidocr,qwen,7,0,0,0,7,0.0,0.0,0.0,0,,,,,108.386606443,9
gestion_2017-02-14_19,24,none,,adaptive_gaussian,docling_easyocr,qwen,7,3,0,3,7,0.0,0.0,0.0,2,0.27095359039482797,0.39999999999999997,1.0,1.0,95.102686468,0
gestion_2017-02-14_19,24,none,,adaptive_gaussian,docling_rapidocr,qwen,7,4,0,4,7,0.0,0.0,0.0,2,0.022426868905742147,0.2,0.9988726042841037,1.0,16.267429653,0
gestion_2017-02-14_19,24,none,,adaptive_mean,docling_easyocr,qwen,7,0,0,0,7,0.0,0.0,0.0,0,,,,,115.139991461,1
gestion_2017-02-14_19,24,none,,adaptive_mean,docling_rapidocr,qwen,7,5,0,5,7,0.0,0.0,0.0,3,0.03917759430144083,0.2833333333333333,1.0,1.0,19.017929254,0
gestion_2017-02-14_19,24,none,,basic,docling_easyocr,qwen,7,5,1,4,6,0.2,0.142857,0.166667,5,0.09300699300699301,0.10909090909090909,0.6315761854937888,0.7458804525367994,97.264079313,0
gestion_2017-02-14_19,24,none,,basic,docling_rapidocr,qwen,7,0,0,0,7,0.0,0.0,0.0,0,,,,,20.82517169,6
gestion_2017-02-14_19,24,none,,niblack,docling_easyocr,qwen,7,0,0,0,7,0.0,0.0,0.0,0,,,,,66.281640459,1
gestion_2017-02-14_19,24,none,,niblack,docling_rapidocr,qwen,7,0,0,0,7,0.0,0.0,0.0,0,,,,,11.623977829,1
gestion_2017-02-14_19,24,none,,none_color,docling_easyocr,qwen,7,4,2,2,5,0.5,0.285714,0.363636,4,0.0,0.0,0.4929947026232081,0.5243131631870022,99.473843006,0
gestion_2017-02-14_19,24,none,,none_color,docling_rapidocr,qwen,7,0,0,0,7,0.0,0.0,0.0,0,,,,,21.64788237,1
gestion_2017-02-14_19,24,none,,none_grayscale,docling_easyocr,qwen,7,6,4,2,3,0.666667,0.571429,0.615385,6,0.0,0.0,0.367966608425262,0.43363735968393397,99.723195202,0
gestion_2017-02-14_19,24,none,,none_grayscale,docling_rapidocr,qwen,7,9,4,5,3,0.444444,0.571429,0.5,7,0.6351010815313876,0.6967532467532467,0.281863094613129,0.3258826055265684,21.410246021,0
gestion_2017-02-14_19,24,none,,otsu,docling_easyocr,qwen,7,0,0,0,7,0.0,0.0,0.0,0,,,,,83.69487632,6
gestion_2017-02-14_19,24,none,,otsu,docling_rapidocr,qwen,7,8,6,2,1,0.75,0.857143,0.8,7,0.4649488442591891,0.5681818181818182,0.2549155499870984,0.27784554439891634,24.65561474,0
gestion_2017-02-14_19,25,none,,adaptive_gaussian,docling_easyocr,qwen,7,0,0,0,7,0.0,0.0,0.0,0,,,,,101.189077513,1
gestion_2017-02-14_19,25,none,,adaptive_gaussian,docling_rapidocr,qwen,7,5,0,5,7,0.0,0.0,0.0,4,0.10696940262263234,0.2125,0.9937411431270666,0.9978070175438596,16.203373567,0
gestion_2017-02-14_19,25,none,,adaptive_mean,docling_easyocr,qwen,7,0,0,0,7,0.0,0.0,0.0,0,,,,,109.956950748,1
gestion_2017-02-14_19,25,none,,adaptive_mean,docling_rapidocr,qwen,7,0,0,0,7,0.0,0.0,0.0,0,,,,,16.243347729,1
gestion_2017-02-14_19,25,none,,basic,docling_easyocr,qwen,7,0,0,0,7,0.0,0.0,0.0,0,,,,,97.095777876,5
gestion_2017-02-14_19,25,none,,basic,docling_rapidocr,qwen,7,8,6,2,1,0.75,0.857143,0.8,7,0.6336244309675626,0.8162337662337661,0.3406755921573935,0.3534679630654863,20.439782268,0
gestion_2017-02-14_19,25,none,,niblack,docling_easyocr,qwen,7,0,0,0,7,0.0,0.0,0.0,0,,,,,65.667480947,1
gestion_2017-02-14_19,25,none,,niblack,docling_rapidocr,qwen,7,0,0,0,7,0.0,0.0,0.0,0,,,,,10.897602321,1
gestion_2017-02-14_19,25,none,,none_color,docling_easyocr,qwen,7,0,0,0,7,0.0,0.0,0.0,0,,,,,86.442615967,6
gestion_2017-02-14_19,25,none,,none_color,docling_rapidocr,qwen,7,5,3,2,4,0.6,0.428571,0.5,5,2.121296236546358,2.539090909090909,0.3712946061280183,0.4299936027389252,25.543447475,0
gestion_2017-02-14_19,25,none,,none_grayscale,docling_easyocr,qwen,7,0,0,0,7,0.0,0.0,0.0,0,,,,,84.551554495,4
gestion_2017-02-14_19,25,none,,none_grayscale,docling_rapidocr,qwen,7,5,4,1,3,0.8,0.571429,0.666667,5,0.26669881842295634,0.3090909090909091,0.21941126688718646,0.24394471026049974,25.669361168,0
gestion_2017-02-14_19,25,none,,otsu,docling_easyocr,qwen,7,7,4,3,3,0.571429,0.571429,0.571429,7,0.24473802060008956,0.24675324675324675,0.5639817173172319,0.6828385139934473,82.87635227,0
gestion_2017-02-14_19,25,none,,otsu,docling_rapidocr,qwen,7,0,0,0,7,0.0,0.0,0.0,0,,,,,21.370987137,6
gestion_2017-02-14_19,26,none,,adaptive_gaussian,docling_easyocr,qwen,7,0,0,0,7,0.0,0.0,0.0,0,,,,,115.141748104,1
gestion_2017-02-14_19,26,none,,adaptive_gaussian,docling_rapidocr,qwen,7,0,0,0,7,0.0,0.0,0.0,0,,,,,22.722069654,1
gestion_2017-02-14_19,26,none,,adaptive_mean,docling_easyocr,qwen,7,0,0,0,7,0.0,0.0,0.0,0,,,,,119.470328504,1
gestion_2017-02-14_19,26,none,,adaptive_mean,docling_rapidocr,qwen,7,0,0,0,7,0.0,0.0,0.0,0,,,,,23.528640443,1
gestion_2017-02-14_19,26,none,,basic,docling_easyocr,qwen,7,8,6,2,1,0.75,0.857143,0.8,7,0.12470288332357297,0.12012987012987011,0.39282994453365033,0.4622530813438069,99.858123756,0
gestion_2017-02-14_19,26,none,,basic,docling_rapidocr,qwen,7,6,5,1,2,0.833333,0.714286,0.769231,6,0.1746242263483643,0.16287878787878787,0.2625983851875159,0.2813655353734772,26.248351789,0
gestion_2017-02-14_19,26,none,,niblack,docling_easyocr,qwen,7,0,0,0,7,0.0,0.0,0.0,0,,,,,65.38564546,1
gestion_2017-02-14_19,26,none,,niblack,docling_rapidocr,qwen,7,0,0,0,7,0.0,0.0,0.0,0,,,,,10.609705757,1
gestion_2017-02-14_19,26,none,,none_color,docling_easyocr,qwen,7,0,0,0,7,0.0,0.0,0.0,0,,,,,100.079675817,6
gestion_2017-02-14_19,26,none,,none_color,docling_rapidocr,qwen,7,5,4,1,3,0.8,0.571429,0.666667,5,0.7517964793826863,0.9090909090909092,0.15001770607925305,0.18240459515059054,25.029909753,0
gestion_2017-02-14_19,26,none,,none_grayscale,docling_easyocr,qwen,7,0,0,0,7,0.0,0.0,0.0,0,,,,,98.958585166,6
gestion_2017-02-14_19,26,none,,none_grayscale,docling_rapidocr,qwen,7,5,4,1,3,0.8,0.571429,0.666667,5,0.7517964793826863,0.9090909090909092,0.15001770607925305,0.18240459515059054,25.48774209,0
gestion_2017-02-14_19,26,none,,otsu,docling_easyocr,qwen,7,0,0,0,7,0.0,0.0,0.0,0,,,,,84.453644802,7
gestion_2017-02-14_19,26,none,,otsu,docling_rapidocr,qwen,7,5,4,1,3,0.8,0.571429,0.666667,5,0.5182782734506872,0.6227272727272728,0.15362912225026287,0.18611099553891314,24.923790504,0
gestion_2017-02-14_19,27,none,,adaptive_gaussian,docling_easyocr,qwen,7,3,0,3,7,0.0,0.0,0.0,3,0.27415052226961106,0.40952380952380957,1.0,1.0,111.945846504,0
gestion_2017-02-14_19,27,none,,adaptive_gaussian,docling_rapidocr,qwen,7,6,0,6,7,0.0,0.0,0.0,6,0.15639721123045036,0.3333333333333333,0.9973232561801292,0.9985380116959064,25.398278898,0
gestion_2017-02-14_19,27,none,,adaptive_mean,docling_easyocr,qwen,7,2,0,2,7,0.0,0.0,0.0,2,0.30992885864522113,0.34285714285714286,1.0,1.0,110.526889696,0
gestion_2017-02-14_19,27,none,,adaptive_mean,docling_rapidocr,qwen,7,9,0,9,7,0.0,0.0,0.0,5,0.11814584511023178,0.16,0.9968823807274445,0.9988304093567251,25.035605087,0
gestion_2017-02-14_19,27,none,,basic,docling_easyocr,qwen,7,0,0,0,7,0.0,0.0,0.0,0,,,,,98.522826131,8
gestion_2017-02-14_19,27,none,,basic,docling_rapidocr,qwen,7,7,6,1,1,0.857143,0.857143,0.857143,7,0.3706982672499914,0.44805194805194803,0.23994704110526302,0.2638371443695175,24.931909021,0
gestion_2017-02-14_19,27,none,,niblack,docling_easyocr,qwen,7,0,0,0,7,0.0,0.0,0.0,0,,,,,65.872820501,1
gestion_2017-02-14_19,27,none,,niblack,docling_rapidocr,qwen,7,0,0,0,7,0.0,0.0,0.0,0,,,,,11.937378292,1
gestion_2017-02-14_19,27,none,,none_color,docling_easyocr,qwen,7,0,0,0,7,0.0,0.0,0.0,0,,,,,98.435716659,6
gestion_2017-02-14_19,27,none,,none_color,docling_rapidocr,qwen,7,0,0,0,7,0.0,0.0,0.0,0,,,,,24.788798362,1
gestion_2017-02-14_19,27,none,,none_grayscale,docling_easyocr,qwen,7,1,0,1,7,0.0,0.0,0.0,1,0.0,0.0,0.7189418989135569,0.7222222222222222,98.182343585,0
gestion_2017-02-14_19,27,none,,none_grayscale,docling_rapidocr,qwen,7,0,0,0,7,0.0,0.0,0.0,0,,,,,25.381330831,1
gestion_2017-02-14_19,27,none,,otsu,docling_easyocr,qwen,7,9,5,4,2,0.555556,0.714286,0.625,7,0.5033894537472937,0.5681818181818182,0.4165381964922968,0.5086773574759845,88.629741916,0
gestion_2017-02-14_19,27,none,,otsu,docling_rapidocr,qwen,7,9,5,4,2,0.555556,0.714286,0.625,7,0.1291294911984567,0.15584415584415584,0.3917921721563064,0.4476206575614302,24.792263755,0
gestion_2017-02-14_19,28,none,,adaptive_gaussian,docling_easyocr,qwen,7,0,0,0,7,0.0,0.0,0.0,0,,,,,102.699616741,1
gestion_2017-02-14_19,28,none,,adaptive_gaussian,docling_rapidocr,qwen,7,2,0,2,7,0.0,0.0,0.0,1,1.0,1.0,0.8419243986254296,0.9565217391304348,13.347716402,0
gestion_2017-02-14_19,28,none,,adaptive_mean,docling_easyocr,qwen,7,5,0,5,7,0.0,0.0,0.0,3,0.13545900622831744,0.3761904761904762,0.9996850889623682,1.0,111.195260067,0
gestion_2017-02-14_19,28,none,,adaptive_mean,docling_rapidocr,qwen,7,7,0,7,7,0.0,0.0,0.0,6,0.15564348973054457,0.2833333333333333,0.9997638167217762,1.0,24.346237678,0
gestion_2017-02-14_19,28,none,,basic,docling_easyocr,qwen,7,0,0,0,7,0.0,0.0,0.0,0,,,,,96.992857278,6
gestion_2017-02-14_19,28,none,,basic,docling_rapidocr,qwen,7,7,5,2,2,0.714286,0.714286,0.714286,7,0.3706982672499914,0.44805194805194803,0.3288512084941649,0.37301522866538345,25.839105667,0
gestion_2017-02-14_19,28,none,,niblack,docling_easyocr,qwen,7,0,0,0,7,0.0,0.0,0.0,0,,,,,65.90258111,1
gestion_2017-02-14_19,28,none,,niblack,docling_rapidocr,qwen,7,0,0,0,7,0.0,0.0,0.0,0,,,,,11.388059749,1
gestion_2017-02-14_19,28,none,,none_color,docling_easyocr,qwen,7,0,0,0,7,0.0,0.0,0.0,0,,,,,84.594048177,7
gestion_2017-02-14_19,28,none,,none_color,docling_rapidocr,qwen,7,1,0,1,7,0.0,0.0,0.0,1,0.0,0.0,0.6901275389702409,0.7719298245614035,25.069367801,0
gestion_2017-02-14_19,28,none,,none_grayscale,docling_easyocr,qwen,7,5,3,2,4,0.6,0.428571,0.5,5,0.06083916083916084,0.07272727272727272,0.39958935064408896,0.42723339611884503,86.987774122,0
gestion_2017-02-14_19,28,none,,none_grayscale,docling_rapidocr,qwen,7,5,4,1,3,0.8,0.571429,0.666667,5,0.4631058596575838,0.5227272727272727,0.24244280395622533,0.26382775119617224,25.974864948,0
gestion_2017-02-14_19,28,none,,otsu,docling_easyocr,qwen,7,1,0,1,7,0.0,0.0,0.0,1,0.0,0.0,0.7713745866792631,0.8859649122807017,97.606572761,0
gestion_2017-02-14_19,28,none,,otsu,docling_rapidocr,qwen,7,8,5,3,2,0.625,0.714286,0.666667,7,0.6088049881153329,0.788961038961039,0.31502510690502733,0.36274925736831776,24.610869779,0
gestion_2017-02-14_19,29,none,,adaptive_gaussian,docling_easyocr,qwen,7,4,0,4,7,0.0,0.0,0.0,4,0.22934395734132604,0.48214285714285715,1.0,1.0,112.38846421,0
gestion_2017-02-14_19,29,none,,adaptive_gaussian,docling_rapidocr,qwen,7,8,0,8,7,0.0,0.0,0.0,6,0.3370910698496905,0.49242424242424243,0.9251515081860219,0.9882029678940435,25.868249414,0
gestion_2017-02-14_19,29,none,,adaptive_mean,docling_easyocr,qwen,7,3,0,3,7,0.0,0.0,0.0,3,0.17715344546918588,0.29047619047619044,1.0,1.0,112.042278547,0
gestion_2017-02-14_19,29,none,,adaptive_mean,docling_rapidocr,qwen,7,7,0,7,7,0.0,0.0,0.0,7,0.24510848111752576,0.32532467532467535,0.8895546945825391,0.9788290398971513,23.873260755,0
gestion_2017-02-14_19,29,none,,basic,docling_easyocr,qwen,7,0,0,0,7,0.0,0.0,0.0,0,,,,,101.871503103,4
gestion_2017-02-14_19,29,none,,basic,docling_rapidocr,qwen,7,8,4,4,3,0.5,0.571429,0.533333,7,0.4582173844372934,0.564935064935065,0.4341877629016114,0.4748931655682228,25.147447097,0
gestion_2017-02-14_19,29,none,,niblack,docling_easyocr,qwen,7,0,0,0,7,0.0,0.0,0.0,0,,,,,65.174276931,1
gestion_2017-02-14_19,29,none,,niblack,docling_rapidocr,qwen,7,0,0,0,7,0.0,0.0,0.0,0,,,,,10.255665882,1
gestion_2017-02-14_19,29,none,,none_color,docling_easyocr,qwen,7,8,5,3,2,0.625,0.714286,0.666667,7,3.292441130762536,4.049907235621521,0.43544199734706257,0.5045915934023351,98.833026636,0
gestion_2017-02-14_19,29,none,,none_color,docling_rapidocr,qwen,7,5,0,5,7,0.0,0.0,0.0,5,0.7153816125319054,0.8,1.3128158696439958,1.5242023473602422,23.972843874,0
gestion_2017-02-14_19,29,none,,none_grayscale,docling_easyocr,qwen,7,8,5,3,2,0.625,0.714286,0.666667,7,3.292441130762536,4.049907235621521,0.43544199734706257,0.5045915934023351,98.930618036,0
gestion_2017-02-14_19,29,none,,none_grayscale,docling_rapidocr,qwen,7,5,0,5,7,0.0,0.0,0.0,5,0.7153816125319054,0.8,1.3128158696439958,1.5242023473602422,25.068986642,0
gestion_2017-02-14_19,29,none,,otsu,docling_easyocr,qwen,7,0,0,0,7,0.0,0.0,0.0,0,,,,,93.795234025,9
gestion_2017-02-14_19,29,none,,otsu,docling_rapidocr,qwen,7,8,6,2,1,0.75,0.857143,0.8,7,0.3746942712459954,0.45454545454545453,0.23232939547414566,0.25378459689605204,24.885791362,0
gestion_2017-02-14_19,30,none,,adaptive_gaussian,docling_easyocr,qwen,7,4,0,4,7,0.0,0.0,0.0,3,0.16838965538773418,0.18095238095238095,1.0,1.0,96.41054868,0
gestion_2017-02-14_19,30,none,,adaptive_gaussian,docling_rapidocr,qwen,7,7,0,7,7,0.0,0.0,0.0,7,0.19055082848186297,0.2857142857142857,0.7945607823579284,0.9514187350167967,24.160681241,0
gestion_2017-02-14_19,30,none,,adaptive_mean,docling_easyocr,qwen,7,5,0,5,7,0.0,0.0,0.0,2,0.262410528746248,0.4,0.9985829003306566,1.0,90.866982878,0
gestion_2017-02-14_19,30,none,,adaptive_mean,docling_rapidocr,qwen,7,4,0,4,7,0.0,0.0,0.0,4,0.012409288824383163,0.060714285714285714,0.9916111256765076,0.9941581810002862,13.005711735,0
gestion_2017-02-14_19,30,none,,basic,docling_easyocr,qwen,7,5,0,5,7,0.0,0.0,0.0,5,0.02610079575596817,0.09,0.9180097247323171,0.9635154923746928,107.428992017,0
gestion_2017-02-14_19,30,none,,basic,docling_rapidocr,qwen,7,4,2,2,5,0.5,0.285714,0.363636,4,0.2062937062937063,0.23295454545454544,0.5611363749767203,0.678981572692873,21.54312156,0
gestion_2017-02-14_19,30,none,,niblack,docling_easyocr,qwen,7,0,0,0,7,0.0,0.0,0.0,0,,,,,61.814404326,1
gestion_2017-02-14_19,30,none,,niblack,docling_rapidocr,qwen,7,2,0,2,7,0.0,0.0,0.0,1,0.01639344262295082,0.1,0.9678790741615494,0.9912280701754386,11.772802907,0
gestion_2017-02-14_19,30,none,,none_color,docling_easyocr,qwen,7,0,0,0,7,0.0,0.0,0.0,0,,,,,101.775325614,8
gestion_2017-02-14_19,30,none,,none_color,docling_rapidocr,qwen,7,7,4,3,3,0.571429,0.571429,0.571429,7,0.49953116334855047,0.5681818181818182,0.3578562162477757,0.41554123364259316,25.074093896,0
gestion_2017-02-14_19,30,none,,none_grayscale,docling_easyocr,qwen,7,0,0,0,7,0.0,0.0,0.0,0,,,,,95.201944501,8
gestion_2017-02-14_19,30,none,,none_grayscale,docling_rapidocr,qwen,7,4,0,4,7,0.0,0.0,0.0,4,0.67724588358941,0.75,1.1097842424342477,1.3250667207188946,24.636757762,0
gestion_2017-02-14_19,30,none,,otsu,docling_easyocr,qwen,7,4,0,4,7,0.0,0.0,0.0,4,0.028819068255687974,0.05,0.9169494457042543,0.9737434628495001,99.782948312,0
gestion_2017-02-14_19,30,none,,otsu,docling_rapidocr,qwen,7,0,0,0,7,0.0,0.0,0.0,0,,,,,24.710658845,17
gestion_2017-02-14_19,31,none,,adaptive_gaussian,docling_easyocr,qwen,7,5,0,5,7,0.0,0.0,0.0,1,0.26229508196721313,0.6,1.0,1.0,112.682354733,0
gestion_2017-02-14_19,31,none,,adaptive_gaussian,docling_rapidocr,qwen,7,6,0,6,7,0.0,0.0,0.0,6,0.13160269322738768,0.375,0.9455559646791086,0.9905458089668615,23.995178506,0
gestion_2017-02-14_19,31,none,,adaptive_mean,docling_easyocr,qwen,7,4,0,4,7,0.0,0.0,0.0,2,0.2455923291060934,0.24285714285714285,1.0,1.0,92.712100499,0
gestion_2017-02-14_19,31,none,,adaptive_mean,docling_rapidocr,qwen,7,6,0,6,7,0.0,0.0,0.0,6,0.13778318911162327,0.21666666666666667,0.9268323130395605,0.973982208557858,23.135859244,0
gestion_2017-02-14_19,31,none,,basic,docling_easyocr,qwen,7,6,1,5,6,0.166667,0.142857,0.153846,6,0.18328912466843503,0.225,0.846269676637732,0.915718648234801,94.228714263,0
gestion_2017-02-14_19,31,none,,basic,docling_rapidocr,qwen,7,7,4,3,3,0.571429,0.571429,0.571429,7,0.5363946398429157,0.6428571428571429,0.4301213502862637,0.47256570623107175,24.67475537,0
gestion_2017-02-14_19,31,none,,niblack,docling_easyocr,qwen,7,0,0,0,7,0.0,0.0,0.0,0,,,,,66.865547858,1
gestion_2017-02-14_19,31,none,,niblack,docling_rapidocr,qwen,7,0,0,0,7,0.0,0.0,0.0,0,,,,,9.600482665,1
gestion_2017-02-14_19,31,none,,none_color,docling_easyocr,qwen,7,6,3,3,4,0.5,0.428571,0.461538,6,0.27011494252873564,0.3333333333333333,0.4037503477896995,0.4617812468263403,83.330173859,0
gestion_2017-02-14_19,31,none,,none_color,docling_rapidocr,qwen,7,0,0,0,7,0.0,0.0,0.0,0,,,,,23.199148545,1
gestion_2017-02-14_19,31,none,,none_grayscale,docling_easyocr,qwen,7,4,2,2,5,0.5,0.285714,0.363636,4,0.0,0.0,0.47189319908252264,0.601679347054734,98.901321612,0
gestion_2017-02-14_19,31,none,,none_grayscale,docling_rapidocr,qwen,7,0,0,0,7,0.0,0.0,0.0,0,,,,,22.232026778,1
gestion_2017-02-14_19,31,none,,otsu,docling_easyocr,qwen,7,5,1,4,6,0.2,0.142857,0.166667,5,0.39925729442970825,0.47000000000000003,0.6647582794706262,0.7750387972207867,86.404065716,0
gestion_2017-02-14_19,31,none,,otsu,docling_rapidocr,qwen,7,9,3,6,4,0.333333,0.428571,0.375,7,0.7644677149712568,0.8571428571428571,0.30643427227065684,0.34653424490885787,25.175680745,0
gestion_2017-02-14_19,32,none,,adaptive_gaussian,docling_easyocr,qwen,7,3,0,3,7,0.0,0.0,0.0,3,0.35848185307328034,0.4761904761904761,1.0,1.0,112.095308037,0
gestion_2017-02-14_19,32,none,,adaptive_gaussian,docling_rapidocr,qwen,7,7,0,7,7,0.0,0.0,0.0,7,0.22244939910287567,0.3,0.8250844915675611,0.9587418974887004,20.689913007,0
gestion_2017-02-14_19,32,none,,adaptive_mean,docling_easyocr,qwen,7,1,0,1,7,0.0,0.0,0.0,1,0.014084507042253521,0.1,0.9842164599774521,0.9926470588235294,78.750519984,0
gestion_2017-02-14_19,32,none,,adaptive_mean,docling_rapidocr,qwen,7,4,0,4,7,0.0,0.0,0.0,4,0.0,0.0,0.997638167217761,0.9985380116959064,10.536844008,0
gestion_2017-02-14_19,32,none,,basic,docling_easyocr,qwen,7,4,0,4,7,0.0,0.0,0.0,4,0.0,0.0,0.9996457250826641,1.0,95.442069804,0
gestion_2017-02-14_19,32,none,,basic,docling_rapidocr,qwen,7,8,0,8,7,0.0,0.0,0.0,7,0.3763133418305832,0.4253246753246754,0.8201515191948904,0.8867270026006059,23.155995642,0
gestion_2017-02-14_19,32,none,,niblack,docling_easyocr,qwen,7,0,0,0,7,0.0,0.0,0.0,0,,,,,69.067433341,1
gestion_2017-02-14_19,32,none,,niblack,docling_rapidocr,qwen,7,0,0,0,7,0.0,0.0,0.0,0,,,,,11.958336575,1
gestion_2017-02-14_19,32,none,,none_color,docling_easyocr,qwen,7,0,0,0,7,0.0,0.0,0.0,0,,,,,98.557526789,7
gestion_2017-02-14_19,32,none,,none_color,docling_rapidocr,qwen,7,7,1,6,6,0.142857,0.142857,0.142857,7,0.816454106799301,0.8571428571428571,0.8217391083020005,0.9207749968283013,25.170466386,0
gestion_2017-02-14_19,32,none,,none_grayscale,docling_easyocr,qwen,7,0,0,0,7,0.0,0.0,0.0,0,,,,,99.659754954,7
gestion_2017-02-14_19,32,none,,none_grayscale,docling_rapidocr,qwen,7,7,1,6,6,0.142857,0.142857,0.142857,7,0.816454106799301,0.8571428571428571,0.8217391083020005,0.9207749968283013,21.658956252,0
gestion_2017-02-14_19,32,none,,otsu,docling_easyocr,qwen,7,4,0,4,7,0.0,0.0,0.0,4,0.028819068255687974,0.05,0.9395601390170312,0.9746350141086983,87.771188367,0
gestion_2017-02-14_19,32,none,,otsu,docling_rapidocr,qwen,7,0,0,0,7,0.0,0.0,0.0,0,,,,,23.356571543,8
gestion_2017-02-14_19,33,none,,adaptive_gaussian,docling_easyocr,qwen,7,3,0,3,7,0.0,0.0,0.0,2,0.2386328487472935,0.4642857142857143,0.995276334435522,0.9970760233918128,96.255605929,0
gestion_2017-02-14_19,33,none,,adaptive_gaussian,docling_rapidocr,qwen,7,6,0,6,7,0.0,0.0,0.0,6,0.08620689655172414,0.125,0.8931714151565456,0.9646465234784657,24.420349114,0
gestion_2017-02-14_19,33,none,,adaptive_mean,docling_easyocr,qwen,7,5,0,5,7,0.0,0.0,0.0,2,0.2896559685984761,0.4,0.9990552668871044,1.0,105.544638337,0
gestion_2017-02-14_19,33,none,,adaptive_mean,docling_rapidocr,qwen,7,4,0,4,7,0.0,0.0,0.0,4,0.9248746536482385,0.9642857142857143,0.801483122232073,0.9617302891616393,23.8704502,0
gestion_2017-02-14_19,33,none,,basic,docling_easyocr,qwen,7,0,0,0,7,0.0,0.0,0.0,0,,,,,105.869544013,8
gestion_2017-02-14_19,33,none,,basic,docling_rapidocr,qwen,7,7,4,3,3,0.571429,0.571429,0.571429,7,0.2925694994660512,0.35389610389610393,0.5993654870975803,0.6335565322340123,21.834271891,0
gestion_2017-02-14_19,33,none,,niblack,docling_easyocr,qwen,7,0,0,0,7,0.0,0.0,0.0,0,,,,,67.476543099,1
gestion_2017-02-14_19,33,none,,niblack,docling_rapidocr,qwen,7,1,0,1,7,0.0,0.0,0.0,1,1.3448275862068966,1.75,0.7851239669421488,0.9473684210526315,11.984477908,0
gestion_2017-02-14_19,33,none,,none_color,docling_easyocr,qwen,7,8,5,3,2,0.625,0.714286,0.666667,7,0.22369010300044784,0.2792207792207792,0.387945795164819,0.4339136473373921,98.08357318,0
gestion_2017-02-14_19,33,none,,none_color,docling_rapidocr,qwen,7,5,4,1,3,0.8,0.571429,0.666667,5,0.43023872679045094,0.4954545454545455,0.1508799813567921,0.18176316945195664,23.953941422,0
gestion_2017-02-14_19,33,none,,none_grayscale,docling_easyocr,qwen,7,1,0,1,7,0.0,0.0,0.0,1,0.0,0.0,0.759565422768068,0.7748538011695907,99.017542989,0
gestion_2017-02-14_19,33,none,,none_grayscale,docling_rapidocr,qwen,7,5,0,5,7,0.0,0.0,0.0,5,0.7153816125319054,0.8,1.27527335305438,1.4843237159484297,24.043226392,0
gestion_2017-02-14_19,33,none,,otsu,docling_easyocr,qwen,7,0,0,0,7,0.0,0.0,0.0,0,,,,,100.140645798,1
gestion_2017-02-14_19,33,none,,otsu,docling_rapidocr,qwen,7,7,5,2,2,0.714286,0.714286,0.714286,7,0.34822074477246895,0.42857142857142855,0.3091485658822553,0.3680595667774292,22.86546069,0
gestion_2017-02-14_19,34,none,,adaptive_gaussian,docling_easyocr,qwen,7,0,0,0,7,0.0,0.0,0.0,0,,,,,113.957951829,1
gestion_2017-02-14_19,34,none,,adaptive_gaussian,docling_rapidocr,qwen,7,7,0,7,7,0.0,0.0,0.0,5,0.5325787948625711,0.66,0.8768291396733116,0.98574132452851,24.923776194,0
gestion_2017-02-14_19,34,none,,adaptive_mean,docling_easyocr,qwen,7,2,0,2,7,0.0,0.0,0.0,2,0.7999349381912817,1.0357142857142856,0.9152892561983471,0.9736842105263157,95.748736302,0
gestion_2017-02-14_19,34,none,,adaptive_mean,docling_rapidocr,qwen,7,5,0,5,7,0.0,0.0,0.0,5,0.4406366047745358,0.62,0.8799971816235697,0.974678960829183,23.138466994,0
gestion_2017-02-14_19,34,none,,basic,docling_easyocr,qwen,7,0,0,0,7,0.0,0.0,0.0,0,,,,,99.131123029,8
gestion_2017-02-14_19,34,none,,basic,docling_rapidocr,qwen,7,8,6,2,1,0.75,0.857143,0.8,7,0.1252023838230735,0.1266233766233766,0.2413259158436764,0.26595964235283115,24.684276782,0
gestion_2017-02-14_19,34,none,,niblack,docling_easyocr,qwen,7,0,0,0,7,0.0,0.0,0.0,0,,,,,65.998579341,1
gestion_2017-02-14_19,34,none,,niblack,docling_rapidocr,qwen,7,0,0,0,7,0.0,0.0,0.0,0,,,,,11.11260851,1
gestion_2017-02-14_19,34,none,,none_color,docling_easyocr,qwen,7,1,0,1,7,0.0,0.0,0.0,1,0.0,0.0,0.7298063297118564,0.7485380116959064,97.95942224,0
gestion_2017-02-14_19,34,none,,none_color,docling_rapidocr,qwen,7,0,0,0,7,0.0,0.0,0.0,0,,,,,21.007745156,1
gestion_2017-02-14_19,34,none,,none_grayscale,docling_easyocr,qwen,7,0,0,0,7,0.0,0.0,0.0,0,,,,,98.310882293,1
gestion_2017-02-14_19,34,none,,none_grayscale,docling_rapidocr,qwen,7,8,1,7,6,0.125,0.142857,0.133333,7,0.8032715632622163,0.8571428571428571,0.7490123587562204,0.8435319347050402,24.825329028,0
gestion_2017-02-14_19,34,none,,otsu,docling_easyocr,qwen,7,4,2,2,5,0.5,0.285714,0.363636,4,0.0,0.0,0.46096116341962423,0.5297643167805707,100.098785031,0
gestion_2017-02-14_19,34,none,,otsu,docling_rapidocr,qwen,7,0,0,0,7,0.0,0.0,0.0,0,,,,,24.396583903,7
gestion_2017-02-14_19,35,none,,adaptive_gaussian,docling_easyocr,qwen,7,3,0,3,7,0.0,0.0,0.0,3,0.2913136100861276,0.42857142857142855,0.9996850889623682,1.0,113.114325568,0
gestion_2017-02-14_19,35,none,,adaptive_gaussian,docling_rapidocr,qwen,7,6,0,6,7,0.0,0.0,0.0,6,0.034482758620689655,0.125,0.8847030859572952,0.9626284450756115,21.409735963,0
gestion_2017-02-14_19,35,none,,adaptive_mean,docling_easyocr,qwen,7,3,0,3,7,0.0,0.0,0.0,2,0.2607485307763687,0.2928571428571428,0.9995276334435522,1.0,101.853489154,0
gestion_2017-02-14_19,35,none,,adaptive_mean,docling_rapidocr,qwen,7,7,0,7,7,0.0,0.0,0.0,5,0.16567900160890553,0.33,0.9317859209475404,0.9690451069398438,24.988703959,0
gestion_2017-02-14_19,35,none,,basic,docling_easyocr,qwen,7,8,0,8,7,0.0,0.0,0.0,4,0.07686002522068096,0.125,0.9730133098812629,0.9899122807017544,120.743196999,0
gestion_2017-02-14_19,35,none,,basic,docling_rapidocr,qwen,7,9,2,7,5,0.222222,0.285714,0.25,7,0.18824279169106756,0.22727272727272727,0.5904073035405443,0.7464890940560613,26.665146624,0
gestion_2017-02-14_19,35,none,,niblack,docling_easyocr,qwen,7,0,0,0,7,0.0,0.0,0.0,0,,,,,68.169452246,1
gestion_2017-02-14_19,35,none,,niblack,docling_rapidocr,qwen,7,0,0,0,7,0.0,0.0,0.0,0,,,,,10.980802592,1
gestion_2017-02-14_19,35,none,,none_color,docling_easyocr,qwen,7,0,0,0,7,0.0,0.0,0.0,0,,,,,91.529515706,1
gestion_2017-02-14_19,35,none,,none_color,docling_rapidocr,qwen,7,0,0,0,7,0.0,0.0,0.0,0,,,,,25.745516501,1
gestion_2017-02-14_19,35,none,,none_grayscale,docling_easyocr,qwen,7,0,0,0,7,0.0,0.0,0.0,0,,,,,94.701888047,1
gestion_2017-02-14_19,35,none,,none_grayscale,docling_rapidocr,qwen,7,0,0,0,7,0.0,0.0,0.0,0,,,,,22.758087836,1
gestion_2017-02-14_19,35,none,,otsu,docling_easyocr,qwen,7,5,2,3,5,0.4,0.285714,0.333333,5,0.20615384615384613,0.22000000000000003,0.8293075759461374,0.9212601689153044,100.837822068,0
gestion_2017-02-14_19,35,none,,otsu,docling_rapidocr,qwen,7,7,6,1,1,0.857143,0.857143,0.857143,7,0.3994626063591581,0.4967532467532468,0.30465842005141114,0.3251115241827316,25.725514996,0
gestion_2017-02-14_19,36,none,,adaptive_gaussian,docling_easyocr,qwen,7,3,0,3,7,0.0,0.0,0.0,2,0.4138678223185266,0.6000000000000001,1.0,1.0,113.795052377,0
gestion_2017-02-14_19,36,none,,adaptive_gaussian,docling_rapidocr,qwen,7,1,0,1,7,0.0,0.0,0.0,1,0.2786885245901639,0.2,0.9962210675484175,1.0,24.474036303,0
gestion_2017-02-14_19,36,none,,adaptive_mean,docling_easyocr,qwen,7,4,0,4,7,0.0,0.0,0.0,4,0.26418011507145134,0.5678571428571428,1.0,1.0,107.435444556,0
gestion_2017-02-14_19,36,none,,adaptive_mean,docling_rapidocr,qwen,7,7,0,7,7,0.0,0.0,0.0,5,0.09055963821368004,0.21000000000000002,0.9835898750824734,0.9971308103661045,25.122826777,0
gestion_2017-02-14_19,36,none,,basic,docling_easyocr,qwen,7,6,0,6,7,0.0,0.0,0.0,4,0.0038461538461538464,0.025,0.9955471330758305,1.0,118.26468492,0
gestion_2017-02-14_19,36,none,,basic,docling_rapidocr,qwen,7,1,0,1,7,0.0,0.0,0.0,1,0.0,0.0,0.8068020784128483,0.956140350877193,26.066566472,0
gestion_2017-02-14_19,36,none,,niblack,docling_easyocr,qwen,7,0,0,0,7,0.0,0.0,0.0,0,,,,,65.610889605,1
gestion_2017-02-14_19,36,none,,niblack,docling_rapidocr,qwen,7,0,0,0,7,0.0,0.0,0.0,0,,,,,10.713040761,1
gestion_2017-02-14_19,36,none,,none_color,docling_easyocr,qwen,7,0,0,0,7,0.0,0.0,0.0,0,,,,,103.000137261,5
gestion_2017-02-14_19,36,none,,none_color,docling_rapidocr,qwen,7,8,2,6,5,0.25,0.285714,0.266667,7,0.7868974565529954,0.8571428571428571,0.7804312316958539,0.9514898477780427,25.383130006,0
gestion_2017-02-14_19,36,none,,none_grayscale,docling_easyocr,qwen,7,0,0,0,7,0.0,0.0,0.0,0,,,,,103.128237967,1
gestion_2017-02-14_19,36,none,,none_grayscale,docling_rapidocr,qwen,7,0,0,0,7,0.0,0.0,0.0,0,,,,,21.140693908,1
gestion_2017-02-14_19,36,none,,otsu,docling_easyocr,qwen,7,7,0,7,7,0.0,0.0,0.0,3,0.010256410256410256,0.03333333333333333,0.9801266469475592,0.9957196799302062,101.003723354,3
gestion_2017-02-14_19,36,none,,otsu,docling_rapidocr,qwen,7,1,0,1,7,0.0,0.0,0.0,1,0.0,0.0,0.7850732168162494,0.9093567251461988,26.262934834,0
gestion_2017-02-14_19,37,none,,adaptive_gaussian,docling_easyocr,qwen,7,2,0,2,7,0.0,0.0,0.0,2,0.21311475409836064,0.3,1.0,1.0,94.564914437,0
gestion_2017-02-14_19,37,none,,adaptive_gaussian,docling_rapidocr,qwen,7,3,0,3,7,0.0,0.0,0.0,3,0.4482758620689655,0.5833333333333334,0.919375187587709,0.9912280701754387,20.790005418,0
gestion_2017-02-14_19,37,none,,adaptive_mean,docling_easyocr,qwen,7,0,0,0,7,0.0,0.0,0.0,0,,,,,106.143203894,1
gestion_2017-02-14_19,37,none,,adaptive_mean,docling_rapidocr,qwen,7,4,0,4,7,0.0,0.0,0.0,4,0.0891236734930509,0.2714285714285714,0.9975200755786491,1.0,22.661690871,0
gestion_2017-02-14_19,37,none,,basic,docling_easyocr,qwen,7,5,0,5,7,0.0,0.0,0.0,5,0.10270557029177718,0.16999999999999998,0.9470440739494176,0.9745323682165787,98.756939778,0
gestion_2017-02-14_19,37,none,,basic,docling_rapidocr,qwen,7,4,0,4,7,0.0,0.0,0.0,4,0.6741580237461183,0.75,0.8185497890488987,0.9509964193013728,26.172943005,0
gestion_2017-02-14_19,37,none,,niblack,docling_easyocr,qwen,7,0,0,0,7,0.0,0.0,0.0,0,,,,,56.293431338,1
gestion_2017-02-14_19,37,none,,niblack,docling_rapidocr,qwen,7,0,0,0,7,0.0,0.0,0.0,0,,,,,10.847730931,1
gestion_2017-02-14_19,37,none,,none_color,docling_easyocr,qwen,7,7,2,5,5,0.285714,0.285714,0.285714,7,0.25728065038409864,0.3,0.8153521933212373,0.936605854996621,100.67287546,0
gestion_2017-02-14_19,37,none,,none_color,docling_rapidocr,qwen,7,9,2,7,5,0.222222,0.285714,0.25,7,0.8460107570456062,0.8571428571428571,0.5741898317676748,0.6564023953342838,23.997852858,0
gestion_2017-02-14_19,37,none,,none_grayscale,docling_easyocr,qwen,7,5,0,5,7,0.0,0.0,0.0,5,0.17118881118881119,0.22000000000000003,0.9375435987887244,1.0772064175934144,101.461657176,0
gestion_2017-02-14_19,37,none,,none_grayscale,docling_rapidocr,qwen,7,4,3,1,4,0.75,0.428571,0.545455,4,0.3167651314203038,0.3125,0.2456285448137125,0.2652179691653376,25.75261105,0
gestion_2017-02-14_19,37,none,,otsu,docling_easyocr,qwen,7,6,0,6,7,0.0,0.0,0.0,6,0.3071618037135278,0.35000000000000003,0.8310278346094743,0.9479459556337332,102.371718442,0
gestion_2017-02-14_19,37,none,,otsu,docling_rapidocr,qwen,7,0,0,0,7,0.0,0.0,0.0,0,,,,,25.625521695,7
gestion_2017-02-14_19,38,none,,adaptive_gaussian,docling_easyocr,qwen,7,4,0,4,7,0.0,0.0,0.0,2,0.22489032555991686,0.4,0.999200118863828,1.0,111.100601611,0
gestion_2017-02-14_19,38,none,,adaptive_gaussian,docling_rapidocr,qwen,7,4,0,4,7,0.0,0.0,0.0,4,0.569672131147541,0.55,0.8797128857570522,0.9825514874141876,25.599575458,0
gestion_2017-02-14_19,38,none,,adaptive_mean,docling_easyocr,qwen,7,4,0,4,7,0.0,0.0,0.0,4,0.25825680725481637,0.4928571428571428,1.0,1.0,108.659858113,0
gestion_2017-02-14_19,38,none,,adaptive_mean,docling_rapidocr,qwen,7,8,0,8,7,0.0,0.0,0.0,4,0.059416445623342175,0.2125,1.0,1.0,23.67608822,0
gestion_2017-02-14_19,38,none,,basic,docling_easyocr,qwen,7,4,0,4,7,0.0,0.0,0.0,4,0.0,0.0,1.0,1.0,90.85262053,0
gestion_2017-02-14_19,38,none,,basic,docling_rapidocr,qwen,7,7,1,6,6,0.142857,0.142857,0.142857,6,0.1633711116469737,0.1818181818181818,0.7232341892843013,0.7721956994486945,23.591649938,0
gestion_2017-02-14_19,38,none,,niblack,docling_easyocr,qwen,7,0,0,0,7,0.0,0.0,0.0,0,,,,,66.723704837,1
gestion_2017-02-14_19,38,none,,niblack,docling_rapidocr,qwen,7,0,0,0,7,0.0,0.0,0.0,0,,,,,10.678336404,1
gestion_2017-02-14_19,38,none,,none_color,docling_easyocr,qwen,7,0,0,0,7,0.0,0.0,0.0,0,,,,,105.168259953,7
gestion_2017-02-14_19,38,none,,none_color,docling_rapidocr,qwen,7,5,2,3,5,0.4,0.285714,0.333333,5,0.7872319612722996,0.8,0.4314467576657052,0.47961878850423745,22.852992391,0
gestion_2017-02-14_19,38,none,,none_grayscale,docling_easyocr,qwen,7,0,0,0,7,0.0,0.0,0.0,0,,,,,104.143172597,5
gestion_2017-02-14_19,38,none,,none_grayscale,docling_rapidocr,qwen,7,5,2,3,5,0.4,0.285714,0.333333,5,0.7872319612722996,0.8,0.4314467576657052,0.47961878850423745,22.797519778,0
gestion_2017-02-14_19,38,none,,otsu,docling_easyocr,qwen,7,4,0,4,7,0.0,0.0,0.0,4,0.0038461538461538464,0.025,0.9161066285958934,0.9700823578726057,97.800163508,0
gestion_2017-02-14_19,38,none,,otsu,docling_rapidocr,qwen,7,4,3,1,4,0.75,0.428571,0.545455,4,0.0,0.0,0.46516277323766464,0.5713176056829308,25.813598872,0
gestion_2017-02-14_19,39,none,,adaptive_gaussian,docling_easyocr,qwen,7,4,0,4,7,0.0,0.0,0.0,2,0.1857407980204145,0.17142857142857143,1.0,1.0,143.940339272,0
gestion_2017-02-14_19,39,none,,adaptive_gaussian,docling_rapidocr,qwen,7,4,0,4,7,0.0,0.0,0.0,3,0.0,0.0,0.9765836732155075,0.9953379953379953,56.279715245,0
gestion_2017-02-14_19,39,none,,adaptive_mean,docling_easyocr,qwen,7,4,0,4,7,0.0,0.0,0.0,3,0.32868496679634457,0.36190476190476195,1.0,1.0,133.156547368,0
gestion_2017-02-14_19,39,none,,adaptive_mean,docling_rapidocr,qwen,7,0,0,0,7,0.0,0.0,0.0,0,,,,,56.165585101,1
gestion_2017-02-14_19,39,none,,basic,docling_easyocr,qwen,7,0,0,0,7,0.0,0.0,0.0,0,,,,,129.565277202,5
gestion_2017-02-14_19,39,none,,basic,docling_rapidocr,qwen,7,7,5,2,2,0.714286,0.714286,0.714286,7,0.44524441076165217,0.5324675324675325,0.38174120198951667,0.42917045787553254,53.77365504,0
gestion_2017-02-14_19,39,none,,niblack,docling_easyocr,qwen,7,0,0,0,7,0.0,0.0,0.0,0,,,,,97.454954343,1
gestion_2017-02-14_19,39,none,,niblack,docling_rapidocr,qwen,7,0,0,0,7,0.0,0.0,0.0,0,,,,,41.668487267,1
gestion_2017-02-14_19,39,none,,none_color,docling_easyocr,qwen,7,1,0,1,7,0.0,0.0,0.0,1,0.0,0.0,0.733112895606991,0.8099415204678363,120.992792636,0
gestion_2017-02-14_19,39,none,,none_color,docling_rapidocr,qwen,7,0,0,0,7,0.0,0.0,0.0,0,,,,,55.838162452,1
gestion_2017-02-14_19,39,none,,none_grayscale,docling_easyocr,qwen,7,0,0,0,7,0.0,0.0,0.0,0,,,,,129.557672841,9
gestion_2017-02-14_19,39,none,,none_grayscale,docling_rapidocr,qwen,7,0,0,0,7,0.0,0.0,0.0,0,,,,,55.757071597,1
gestion_2017-02-14_19,39,none,,otsu,docling_easyocr,qwen,7,8,5,3,2,0.625,0.714286,0.666667,7,0.29789306334524296,0.35714285714285715,0.4394945412455177,0.5325180753199329,129.164828786,0
gestion_2017-02-14_19,39,none,,otsu,docling_rapidocr,qwen,7,8,6,2,1,0.75,0.857143,0.8,7,0.3701987667504909,0.4448051948051948,0.2709037820676309,0.28447350722892517,55.685842999,0
gestion_2017-02-14_19,40,none,,adaptive_gaussian,docling_easyocr,qwen,7,0,0,0,7,0.0,0.0,0.0,0,,,,,126.693280494,1
gestion_2017-02-14_19,40,none,,adaptive_gaussian,docling_rapidocr,qwen,7,2,0,2,7,0.0,0.0,0.0,2,0.007042253521126761,0.05,0.992298750187496,1.0,42.083603894,0
gestion_2017-02-14_19,40,none,,adaptive_mean,docling_easyocr,qwen,7,2,0,2,7,0.0,0.0,0.0,2,0.30027707226968364,0.44999999999999996,1.0,1.0,131.516851647,0
gestion_2017-02-14_19,40,none,,adaptive_mean,docling_rapidocr,qwen,7,5,0,5,7,0.0,0.0,0.0,5,0.08332391181458451,0.13999999999999999,0.9953687539791748,0.9978947368421054,55.111208661,0
gestion_2017-02-14_19,40,none,,basic,docling_easyocr,qwen,7,8,0,8,7,0.0,0.0,0.0,7,0.3073478245892039,0.35389610389610393,0.8221259540781103,0.893509861311719,118.468566443,0
gestion_2017-02-14_19,40,none,,basic,docling_rapidocr,qwen,7,7,5,2,2,0.714286,0.714286,0.714286,7,0.48842536773571255,0.5876623376623377,0.272261100564522,0.316254066822784,55.325824048,0
gestion_2017-02-14_19,40,none,,niblack,docling_easyocr,qwen,7,0,0,0,7,0.0,0.0,0.0,0,,,,,96.045894742,1
gestion_2017-02-14_19,40,none,,niblack,docling_rapidocr,qwen,7,0,0,0,7,0.0,0.0,0.0,0,,,,,41.537909865,1
gestion_2017-02-14_19,40,none,,none_color,docling_easyocr,qwen,7,0,0,0,7,0.0,0.0,0.0,0,,,,,119.152484536,5
gestion_2017-02-14_19,40,none,,none_color,docling_rapidocr,qwen,7,7,4,3,3,0.571429,0.571429,0.571429,7,0.7602869204617626,1.0110389610389612,0.3917243542802672,0.45037166248298294,55.548592687,0
gestion_2017-02-14_19,40,none,,none_grayscale,docling_easyocr,qwen,7,1,0,1,7,0.0,0.0,0.0,1,0.0,0.0,0.6358053849787435,0.6432748538011696,129.765165044,5
gestion_2017-02-14_19,40,none,,none_grayscale,docling_rapidocr,qwen,7,10,1,9,6,0.1,0.142857,0.117647,7,0.8401166511515005,0.8538961038961039,0.5824070589441097,0.6256765347692795,55.994270755,0
gestion_2017-02-14_19,40,none,,otsu,docling_easyocr,qwen,7,0,0,0,7,0.0,0.0,0.0,0,,,,,119.595936635,6
gestion_2017-02-14_19,40,none,,otsu,docling_rapidocr,qwen,7,7,5,2,2,0.714286,0.714286,0.714286,7,0.3706982672499914,0.44805194805194803,0.25754214254659497,0.30044956875283974,52.18915067,0
gestion_2017-02-14_19,41,none,,adaptive_gaussian,docling_easyocr,qwen,7,3,0,3,7,0.0,0.0,0.0,2,0.22471388802969378,0.2642857142857143,0.9893717524799244,0.9956140350877193,141.734007619,0
gestion_2017-02-14_19,41,none,,adaptive_gaussian,docling_rapidocr,qwen,7,11,0,11,7,0.0,0.0,0.0,6,0.15564348973054457,0.2833333333333333,0.9892208983570837,0.9982456140350878,55.579713128,0
gestion_2017-02-14_19,41,none,,adaptive_mean,docling_easyocr,qwen,7,3,0,3,7,0.0,0.0,0.0,3,0.21571412182757335,0.2571428571428571,0.9988978113682885,1.0,142.050162047,0
gestion_2017-02-14_19,41,none,,adaptive_mean,docling_rapidocr,qwen,7,6,0,6,7,0.0,0.0,0.0,6,0.13868475598266441,0.21666666666666667,0.997795622736577,1.0,55.784012288,0
gestion_2017-02-14_19,41,none,,basic,docling_easyocr,qwen,7,3,1,2,6,0.333333,0.142857,0.2,3,0.0,0.0,0.703296414040226,0.7648778809769521,125.050730718,0
gestion_2017-02-14_19,41,none,,basic,docling_rapidocr,qwen,7,1,0,1,7,0.0,0.0,0.0,1,0.0,0.0,0.7841284837033538,0.8771929824561403,57.047225965,0
gestion_2017-02-14_19,41,none,,niblack,docling_easyocr,qwen,7,0,0,0,7,0.0,0.0,0.0,0,,,,,98.760518014,1
gestion_2017-02-14_19,41,none,,niblack,docling_rapidocr,qwen,7,0,0,0,7,0.0,0.0,0.0,0,,,,,41.272838056,1
gestion_2017-02-14_19,41,none,,none_color,docling_easyocr,qwen,7,0,0,0,7,0.0,0.0,0.0,0,,,,,128.781490027,7
gestion_2017-02-14_19,41,none,,none_color,docling_rapidocr,qwen,7,0,0,0,7,0.0,0.0,0.0,0,,,,,52.156521737,1
gestion_2017-02-14_19,41,none,,none_grayscale,docling_easyocr,qwen,7,0,0,0,7,0.0,0.0,0.0,0,,,,,129.636372029,7
gestion_2017-02-14_19,41,none,,none_grayscale,docling_rapidocr,qwen,7,0,0,0,7,0.0,0.0,0.0,0,,,,,56.340728461,1
gestion_2017-02-14_19,41,none,,otsu,docling_easyocr,qwen,7,6,3,3,4,0.5,0.428571,0.461538,6,0.4291693775753633,0.4772727272727273,0.4866419608006723,0.5742911728744277,129.49365529,0
gestion_2017-02-14_19,41,none,,otsu,docling_rapidocr,qwen,7,8,5,3,2,0.625,0.714286,0.666667,7,0.48842536773571255,0.5876623376623377,0.266931156811327,0.3127475383532726,55.469365682,0
gestion_2017-02-14_19,42,none,,adaptive_gaussian,docling_easyocr,qwen,7,0,0,0,7,0.0,0.0,0.0,0,,,,,100.725400701,1
gestion_2017-02-14_19,42,none,,adaptive_gaussian,docling_rapidocr,qwen,7,0,0,0,7,0.0,0.0,0.0,0,,,,,11.716834799,1
gestion_2017-02-14_19,42,none,,adaptive_mean,docling_easyocr,qwen,7,0,0,0,7,0.0,0.0,0.0,0,,,,,104.511289799,1
gestion_2017-02-14_19,42,none,,adaptive_mean,docling_rapidocr,qwen,7,0,0,0,7,0.0,0.0,0.0,0,,,,,11.941727363,1
gestion_2017-02-14_19,42,none,,basic,docling_easyocr,qwen,7,0,0,0,7,0.0,0.0,0.0,0,,,,,107.078049427,1
gestion_2017-02-14_19,42,none,,basic,docling_rapidocr,qwen,7,0,0,0,7,0.0,0.0,0.0,0,,,,,21.194517141,4
gestion_2017-02-14_19,42,none,,niblack,docling_easyocr,qwen,7,0,0,0,7,0.0,0.0,0.0,0,,,,,64.696307375,1
gestion_2017-02-14_19,42,none,,niblack,docling_rapidocr,qwen,7,0,0,0,7,0.0,0.0,0.0,0,,,,,11.141076042,1
gestion_2017-02-14_19,42,none,,none_color,docling_easyocr,qwen,7,2,0,2,7,0.0,0.0,0.0,2,0.5531373657433578,0.6,0.8455556553207604,0.989766081871345,101.110582212,0
gestion_2017-02-14_19,42,none,,none_color,docling_rapidocr,qwen,7,0,0,0,7,0.0,0.0,0.0,0,,,,,25.744071821,5
gestion_2017-02-14_19,42,none,,none_grayscale,docling_easyocr,qwen,7,3,0,3,7,0.0,0.0,0.0,3,0.6695606728030974,0.7333333333333334,0.8208349105355458,0.9916179337231968,98.898679905,0
gestion_2017-02-14_19,42,none,,none_grayscale,docling_rapidocr,qwen,7,4,1,3,6,0.25,0.142857,0.181818,4,0.4385087778247756,0.5193181818181818,0.9198595613790124,0.9846705036636385,25.986218386,0
gestion_2017-02-14_19,42,none,,otsu,docling_easyocr,qwen,7,0,0,0,7,0.0,0.0,0.0,0,,,,,98.286994535,1
gestion_2017-02-14_19,42,none,,otsu,docling_rapidocr,qwen,7,0,0,0,7,0.0,0.0,0.0,0,,,,,25.505614597,6
gestion_2017-02-14_19,43,none,,adaptive_gaussian,docling_easyocr,qwen,7,0,0,0,7,0.0,0.0,0.0,0,,,,,75.845837017,1
gestion_2017-02-14_19,43,none,,adaptive_gaussian,docling_rapidocr,qwen,7,0,0,0,7,0.0,0.0,0.0,0,,,,,14.835847517,1
gestion_2017-02-14_19,43,none,,adaptive_mean,docling_easyocr,qwen,7,0,0,0,7,0.0,0.0,0.0,0,,,,,85.057098476,1
gestion_2017-02-14_19,43,none,,adaptive_mean,docling_rapidocr,qwen,7,0,0,0,7,0.0,0.0,0.0,0,,,,,14.956975548,1
gestion_2017-02-14_19,43,none,,basic,docling_easyocr,qwen,7,0,0,0,7,0.0,0.0,0.0,0,,,,,111.97530521,1
gestion_2017-02-14_19,43,none,,basic,docling_rapidocr,qwen,7,0,0,0,7,0.0,0.0,0.0,0,,,,,23.539851318,4
gestion_2017-02-14_19,43,none,,niblack,docling_easyocr,qwen,7,0,0,0,7,0.0,0.0,0.0,0,,,,,56.515756426,1
gestion_2017-02-14_19,43,none,,niblack,docling_rapidocr,qwen,7,0,0,0,7,0.0,0.0,0.0,0,,,,,11.829627571,1
gestion_2017-02-14_19,43,none,,none_color,docling_easyocr,qwen,7,0,0,0,7,0.0,0.0,0.0,0,,,,,101.091823562,1
gestion_2017-02-14_19,43,none,,none_color,docling_rapidocr,qwen,7,0,0,0,7,0.0,0.0,0.0,0,,,,,24.358340486,6
gestion_2017-02-14_19,43,none,,none_grayscale,docling_easyocr,qwen,7,0,0,0,7,0.0,0.0,0.0,0,,,,,96.585531769,1
gestion_2017-02-14_19,43,none,,none_grayscale,docling_rapidocr,qwen,7,0,0,0,7,0.0,0.0,0.0,0,,,,,26.794134912,5
gestion_2017-02-14_19,43,none,,otsu,docling_easyocr,qwen,7,0,0,0,7,0.0,0.0,0.0,0,,,,,114.403603279,1
gestion_2017-02-14_19,43,none,,otsu,docling_rapidocr,qwen,7,7,0,7,7,0.0,0.0,0.0,7,0.9762052657590523,1.0,1.2638491215298804,1.5887661720580015,25.291946136,0
gestion_2017-02-14_19,44,none,,adaptive_gaussian,docling_easyocr,qwen,7,0,0,0,7,0.0,0.0,0.0,0,,,,,98.846913,1
gestion_2017-02-14_19,44,none,,adaptive_gaussian,docling_rapidocr,qwen,7,0,0,0,7,0.0,0.0,0.0,0,,,,,10.563177009,1
gestion_2017-02-14_19,44,none,,adaptive_mean,docling_easyocr,qwen,7,0,0,0,7,0.0,0.0,0.0,0,,,,,108.492901174,1
gestion_2017-02-14_19,44,none,,adaptive_mean,docling_rapidocr,qwen,7,0,0,0,7,0.0,0.0,0.0,0,,,,,10.35240802,1
gestion_2017-02-14_19,44,none,,basic,docling_easyocr,qwen,7,0,0,0,7,0.0,0.0,0.0,0,,,,,106.553890358,1
gestion_2017-02-14_19,44,none,,basic,docling_rapidocr,qwen,7,1,0,1,7,0.0,0.0,0.0,1,1.2459016393442623,1.4,0.7685403873405763,0.9473684210526315,23.378858457,0
gestion_2017-02-14_19,44,none,,niblack,docling_easyocr,qwen,7,0,0,0,7,0.0,0.0,0.0,0,,,,,63.650319582,1
gestion_2017-02-14_19,44,none,,niblack,docling_rapidocr,qwen,7,0,0,0,7,0.0,0.0,0.0,0,,,,,11.61920405,1
gestion_2017-02-14_19,44,none,,none_color,docling_easyocr,qwen,7,0,0,0,7,0.0,0.0,0.0,0,,,,,99.782671747,2
gestion_2017-02-14_19,44,none,,none_color,docling_rapidocr,qwen,7,4,1,3,6,0.25,0.142857,0.181818,4,0.48359074503789035,0.5693181818181818,0.6269742170361228,0.714821556526362,25.408058939,0
gestion_2017-02-14_19,44,none,,none_grayscale,docling_easyocr,qwen,7,0,0,0,7,0.0,0.0,0.0,0,,,,,99.619748888,2
gestion_2017-02-14_19,44,none,,none_grayscale,docling_rapidocr,qwen,7,4,1,3,6,0.25,0.142857,0.181818,4,0.48359074503789035,0.5693181818181818,0.6269742170361228,0.714821556526362,23.447573004,0
gestion_2017-02-14_19,44,none,,otsu,docling_easyocr,qwen,7,0,0,0,7,0.0,0.0,0.0,0,,,,,109.524876797,1
gestion_2017-02-14_19,44,none,,otsu,docling_rapidocr,qwen,7,0,0,0,7,0.0,0.0,0.0,0,,,,,23.168317758,5
gestion_2017-02-14_19,45,none,,adaptive_gaussian,docling_easyocr,qwen,7,0,0,0,7,0.0,0.0,0.0,0,,,,,63.717861017,1
gestion_2017-02-14_19,45,none,,adaptive_gaussian,docling_rapidocr,qwen,7,0,0,0,7,0.0,0.0,0.0,0,,,,,11.338060936,1
gestion_2017-02-14_19,45,none,,adaptive_mean,docling_easyocr,qwen,7,0,0,0,7,0.0,0.0,0.0,0,,,,,56.755917888,1
gestion_2017-02-14_19,45,none,,adaptive_mean,docling_rapidocr,qwen,7,0,0,0,7,0.0,0.0,0.0,0,,,,,10.991606098,1
gestion_2017-02-14_19,45,none,,basic,docling_easyocr,qwen,7,0,0,0,7,0.0,0.0,0.0,0,,,,,63.700923347,1
gestion_2017-02-14_19,45,none,,basic,docling_rapidocr,qwen,7,0,0,0,7,0.0,0.0,0.0,0,,,,,11.542852306,1
gestion_2017-02-14_19,45,none,,niblack,docling_easyocr,qwen,7,0,0,0,7,0.0,0.0,0.0,0,,,,,66.055118465,1
gestion_2017-02-14_19,45,none,,none_color,docling_easyocr,qwen,7,0,0,0,7,0.0,0.0,0.0,0,,,,,67.047975611,1
gestion_2017-02-14_19,45,none,,none_grayscale,docling_easyocr,qwen,7,0,0,0,7,0.0,0.0,0.0,0,,,,,66.449379991,1
gestion_2017-02-14_19,45,none,,otsu,docling_easyocr,qwen,7,0,0,0,7,0.0,0.0,0.0,0,,,,,64.175839878,1
gestion_2017-02-14_19,45,none,,otsu,docling_rapidocr,qwen,7,0,0,0,7,0.0,0.0,0.0,0,,,,,11.320700861,1
gestion_2017-02-14_19,45,none,,yannihorne,docling_easyocr,qwen,7,0,0,0,7,0.0,0.0,0.0,0,,,,,65.101230121,1
gestion_2017-02-14_19,45,none,,yannihorne,docling_rapidocr,qwen,7,0,0,0,7,0.0,0.0,0.0,0,,,,,11.31155417,1
gestion_2017-02-14_19,46,none,,adaptive_gaussian,docling_easyocr,qwen,7,0,0,0,7,0.0,0.0,0.0,0,,,,,64.740725688,1
gestion_2017-02-14_19,46,none,,adaptive_gaussian,docling_rapidocr,qwen,7,0,0,0,7,0.0,0.0,0.0,0,,,,,11.364069394,1
gestion_2017-02-14_19,46,none,,adaptive_mean,docling_easyocr,qwen,7,0,0,0,7,0.0,0.0,0.0,0,,,,,64.83386798,1
gestion_2017-02-14_19,46,none,,adaptive_mean,docling_rapidocr,qwen,7,0,0,0,7,0.0,0.0,0.0,0,,,,,12.237832499,1
gestion_2017-02-14_19,46,none,,basic,docling_easyocr,qwen,7,0,0,0,7,0.0,0.0,0.0,0,,,,,64.287932152,1
gestion_2017-02-14_19,46,none,,basic,docling_rapidocr,qwen,7,0,0,0,7,0.0,0.0,0.0,0,,,,,11.956725592,1
gestion_2017-02-14_19,46,none,,niblack,docling_easyocr,qwen,7,0,0,0,7,0.0,0.0,0.0,0,,,,,60.077278702,1
gestion_2017-02-14_19,46,none,,otsu,docling_easyocr,qwen,7,0,0,0,7,0.0,0.0,0.0,0,,,,,59.542743989,1
gestion_2017-02-14_19,46,none,,otsu,docling_rapidocr,qwen,7,0,0,0,7,0.0,0.0,0.0,0,,,,,11.541206427,1
gestion_2017-02-14_19,46,none,,yannihorne,docling_easyocr,qwen,7,0,0,0,7,0.0,0.0,0.0,0,,,,,58.760707518,1
gestion_2017-02-14_19,46,none,,yannihorne,docling_rapidocr,qwen,7,0,0,0,7,0.0,0.0,0.0,0,,,,,10.772687337,1
gestion_2017-02-14_19,47,none,,adaptive_gaussian,docling_easyocr,qwen,7,0,0,0,7,0.0,0.0,0.0,0,,,,,64.733198865,1
gestion_2017-02-14_19,47,none,,adaptive_gaussian,docling_rapidocr,qwen,7,0,0,0,7,0.0,0.0,0.0,0,,,,,11.585498078,1
gestion_2017-02-14_19,47,none,,adaptive_mean,docling_easyocr,qwen,7,0,0,0,7,0.0,0.0,0.0,0,,,,,56.534121445,1
gestion_2017-02-14_19,47,none,,adaptive_mean,docling_rapidocr,qwen,7,0,0,0,7,0.0,0.0,0.0,0,,,,,12.553545645,1
gestion_2017-02-14_19,47,none,,basic,docling_easyocr,qwen,7,0,0,0,7,0.0,0.0,0.0,0,,,,,64.938059542,1
gestion_2017-02-14_19,47,none,,basic,docling_rapidocr,qwen,7,0,0,0,7,0.0,0.0,0.0,0,,,,,11.624541495,1
gestion_2017-02-14_19,47,none,,niblack,docling_easyocr,qwen,7,0,0,0,7,0.0,0.0,0.0,0,,,,,65.864238185,1
gestion_2017-02-14_19,47,none,,none_color,docling_easyocr,qwen,7,0,0,0,7,0.0,0.0,0.0,0,,,,,66.035107276,1
gestion_2017-02-14_19,47,none,,none_grayscale,docling_easyocr,qwen,7,0,0,0,7,0.0,0.0,0.0,0,,,,,66.341397664,1
gestion_2017-02-14_19,47,none,,otsu,docling_easyocr,qwen,7,0,0,0,7,0.0,0.0,0.0,0,,,,,65.678663539,1
gestion_2017-02-14_19,47,none,,otsu,docling_rapidocr,qwen,7,0,0,0,7,0.0,0.0,0.0,0,,,,,10.270753192,1
gestion_2017-02-14_19,47,none,,yannihorne,docling_easyocr,qwen,7,0,0,0,7,0.0,0.0,0.0,0,,,,,64.629263924,1
gestion_2017-02-14_19,47,none,,yannihorne,docling_rapidocr,qwen,7,0,0,0,7,0.0,0.0,0.0,0,,,,,10.790198849,1
gestion_2017-02-14_19,48,none,,adaptive_gaussian,docling_easyocr,qwen,7,3,0,3,7,0.0,0.0,0.0,3,0.5471168825654131,0.75,0.9336519770204991,0.9770811833505332,196.876771477,0
gestion_2017-02-14_19,48,none,,adaptive_gaussian,docling_rapidocr,qwen,7,5,0,5,7,0.0,0.0,0.0,4,0.6263262599469496,0.7386363636363636,0.8190732096064668,0.9383722726660875,106.844314364,0
gestion_2017-02-14_19,48,none,,adaptive_mean,docling_easyocr,qwen,7,3,0,3,7,0.0,0.0,0.0,3,0.21744726450337162,0.3666666666666667,0.9792639779938606,0.9955997018690517,195.679330874,0
gestion_2017-02-14_19,48,none,,adaptive_mean,docling_rapidocr,qwen,7,0,0,0,7,0.0,0.0,0.0,0,,,,,108.509940673,1
gestion_2017-02-14_19,48,none,,basic,docling_easyocr,qwen,7,6,0,6,7,0.0,0.0,0.0,4,0.007692307692307693,0.05,0.9996457250826641,1.0,194.81478867,0
gestion_2017-02-14_19,48,none,,basic,docling_rapidocr,qwen,7,6,1,5,6,0.166667,0.142857,0.153846,6,0.7452915673218623,0.8166666666666668,0.7421696383156403,0.9129183194972669,109.489573092,0
gestion_2017-02-14_19,48,none,,niblack,docling_easyocr,qwen,7,0,0,0,7,0.0,0.0,0.0,0,,,,,151.982072392,1
gestion_2017-02-14_19,48,none,,niblack,docling_rapidocr,qwen,7,0,0,0,7,0.0,0.0,0.0,0,,,,,96.600586215,1
gestion_2017-02-14_19,48,none,,none_color,docling_easyocr,qwen,7,12,0,12,7,0.0,0.0,0.0,6,0.07347480106100795,0.19999999999999998,0.968001077739017,0.9805068226120858,197.679698485,0
gestion_2017-02-14_19,48,none,,none_color,docling_rapidocr,qwen,7,1,0,1,7,0.0,0.0,0.0,1,0.01639344262295082,0.1,0.6764289088332546,0.7485380116959064,108.516733426,0
gestion_2017-02-14_19,48,none,,none_grayscale,docling_easyocr,qwen,7,12,0,12,7,0.0,0.0,0.0,6,0.07347480106100795,0.19999999999999998,0.968001077739017,0.9805068226120858,183.013258475,0
gestion_2017-02-14_19,48,none,,none_grayscale,docling_rapidocr,qwen,7,1,0,1,7,0.0,0.0,0.0,1,0.01639344262295082,0.1,0.6764289088332546,0.7485380116959064,107.331600922,0
gestion_2017-02-14_19,48,none,,otsu,docling_easyocr,qwen,7,4,0,4,7,0.0,0.0,0.0,4,0.4473474801061008,0.5875,0.8452646132419266,0.9454054266167269,183.500813885,0
gestion_2017-02-14_19,48,none,,otsu,docling_rapidocr,qwen,7,1,0,1,7,0.0,0.0,0.0,1,0.0,0.0,0.7959376476145489,0.956140350877193,109.18284051,0
gestion_2017-02-14_19,49,none,,adaptive_gaussian,docling_easyocr,qwen,7,0,0,0,7,0.0,0.0,0.0,0,,,,,183.817074809,1
gestion_2017-02-14_19,49,none,,adaptive_gaussian,docling_rapidocr,qwen,7,4,0,4,7,0.0,0.0,0.0,4,0.30658460044084135,0.7875,0.9664948453608248,0.9891304347826086,110.035600218,0
gestion_2017-02-14_19,49,none,,adaptive_mean,docling_easyocr,qwen,7,2,0,2,7,0.0,0.0,0.0,2,0.186331101362272,0.25,0.9910721655743302,1.0,188.337701302,0
gestion_2017-02-14_19,49,none,,adaptive_mean,docling_rapidocr,qwen,7,6,0,6,7,0.0,0.0,0.0,5,0.09399404844438282,0.16857142857142857,1.0,1.0,106.761820298,0
gestion_2017-02-14_19,49,none,,basic,docling_easyocr,qwen,7,4,0,4,7,0.0,0.0,0.0,4,0.015384615384615385,0.05,1.0,1.0,198.576808953,0
gestion_2017-02-14_19,49,none,,basic,docling_rapidocr,qwen,7,6,2,4,5,0.333333,0.285714,0.307692,6,0.10151917048468773,0.17424242424242423,0.6340356428463568,0.8251915382568903,105.511688018,0
gestion_2017-02-14_19,49,none,,niblack,docling_easyocr,qwen,7,0,0,0,7,0.0,0.0,0.0,0,,,,,150.11480708,1
gestion_2017-02-14_19,49,none,,niblack,docling_rapidocr,qwen,7,0,0,0,7,0.0,0.0,0.0,0,,,,,95.726813267,1
gestion_2017-02-14_19,49,none,,none_color,docling_easyocr,qwen,7,6,0,6,7,0.0,0.0,0.0,5,0.09506631299734748,0.13999999999999999,0.9685552038070984,0.9892397660818713,181.750805567,0
gestion_2017-02-14_19,49,none,,none_color,docling_rapidocr,qwen,7,6,4,2,3,0.666667,0.571429,0.615385,6,0.429772223005795,0.48484848484848486,0.3391088369523312,0.4156961565428385,109.937993954,0
gestion_2017-02-14_19,49,none,,none_grayscale,docling_easyocr,qwen,7,6,0,6,7,0.0,0.0,0.0,5,0.09506631299734748,0.13999999999999999,0.9685552038070984,0.9892397660818713,193.592827033,0
gestion_2017-02-14_19,49,none,,none_grayscale,docling_rapidocr,qwen,7,6,4,2,3,0.666667,0.571429,0.615385,6,0.429772223005795,0.48484848484848486,0.3391088369523312,0.4156961565428385,106.368415307,0
gestion_2017-02-14_19,49,none,,otsu,docling_easyocr,qwen,7,7,0,7,7,0.0,0.0,0.0,5,0.08583554376657825,0.22000000000000003,0.9992508629961749,1.0,195.398665286,0
gestion_2017-02-14_19,49,none,,otsu,docling_rapidocr,qwen,7,5,2,3,5,0.4,0.285714,0.333333,5,0.10979020979020979,0.13636363636363635,0.6646847859251053,0.7792544521182292,109.546902991,0
gestion_2017-02-14_19,50,none,,adaptive_gaussian,docling_easyocr,qwen,7,4,0,4,7,0.0,0.0,0.0,3,0.2631663784127593,0.3761904761904762,1.0,1.0,199.017417603,0
gestion_2017-02-14_19,50,none,,adaptive_gaussian,docling_rapidocr,qwen,7,7,0,7,7,0.0,0.0,0.0,5,0.33849632560768794,0.49000000000000005,0.9886647641875882,1.0,109.760960512,0
gestion_2017-02-14_19,50,none,,adaptive_mean,docling_easyocr,qwen,7,4,0,4,7,0.0,0.0,0.0,3,0.16776377410768353,0.3904761904761904,1.0,1.0,182.17030616,0
gestion_2017-02-14_19,50,none,,adaptive_mean,docling_rapidocr,qwen,7,4,0,4,7,0.0,0.0,0.0,4,0.17354437535330697,0.2625,0.9427118167433917,0.9774130285218589,108.589345648,0
gestion_2017-02-14_19,50,none,,basic,docling_easyocr,qwen,7,2,0,2,7,0.0,0.0,0.0,1,1.7241379310344827,2.5,0.738831615120275,0.9130434782608695,203.926025625,0
gestion_2017-02-14_19,50,none,,basic,docling_rapidocr,qwen,7,9,1,8,6,0.111111,0.142857,0.125,7,0.18674429019256605,0.36363636363636365,0.7262157432265847,0.8848726444432461,111.26234531,0
gestion_2017-02-14_19,50,none,,niblack,docling_easyocr,qwen,7,0,0,0,7,0.0,0.0,0.0,0,,,,,152.223211783,1
gestion_2017-02-14_19,50,none,,niblack,docling_rapidocr,qwen,7,0,0,0,7,0.0,0.0,0.0,0,,,,,96.7779298,1
gestion_2017-02-14_19,50,none,,none_color,docling_easyocr,qwen,7,0,0,0,7,0.0,0.0,0.0,0,,,,,194.84432046,7
gestion_2017-02-14_19,50,none,,none_color,docling_rapidocr,qwen,7,5,4,1,3,0.8,0.571429,0.666667,5,0.4155100072341451,0.4045454545454545,0.2278201663688805,0.2591174906964381,110.169716521,0
gestion_2017-02-14_19,50,none,,none_grayscale,docling_easyocr,qwen,7,0,0,0,7,0.0,0.0,0.0,0,,,,,194.17924635,7
gestion_2017-02-14_19,50,none,,none_grayscale,docling_rapidocr,qwen,7,5,4,1,3,0.8,0.571429,0.666667,5,0.4155100072341451,0.4045454545454545,0.2278201663688805,0.2591174906964381,110.360826893,0
gestion_2017-02-14_19,50,none,,otsu,docling_easyocr,qwen,7,5,0,5,7,0.0,0.0,0.0,4,0.007692307692307693,0.025,0.9796616731430039,0.9850938535149061,201.514024088,0
gestion_2017-02-14_19,50,none,,otsu,docling_rapidocr,qwen,7,1,0,1,7,0.0,0.0,0.0,1,0.0,0.0,0.8049126121870571,0.9327485380116959,107.713371584,0
gestion_2017-02-14_19,51,none,,adaptive_gaussian,docling_easyocr,qwen,7,2,0,2,7,0.0,0.0,0.0,2,0.9910150558523555,1.45,0.9132231404958677,1.0,100.417884112,0
gestion_2017-02-14_19,51,none,,adaptive_gaussian,docling_rapidocr,qwen,7,1,0,1,7,0.0,0.0,0.0,1,1.0,1.0,0.8305785123966942,0.9473684210526315,12.861795426,0
gestion_2017-02-14_19,51,none,,adaptive_mean,docling_easyocr,qwen,7,4,0,4,7,0.0,0.0,0.0,2,0.27095359039482797,0.45,1.0,1.0,97.048762436,0
gestion_2017-02-14_19,51,none,,adaptive_mean,docling_rapidocr,qwen,7,5,0,5,7,0.0,0.0,0.0,5,0.1348784624081402,0.21000000000000002,1.0,1.0,24.320560093,0
gestion_2017-02-14_19,51,none,,basic,docling_easyocr,qwen,7,0,0,0,7,0.0,0.0,0.0,0,,,,,99.714715399,7
gestion_2017-02-14_19,51,none,,basic,docling_rapidocr,qwen,7,7,5,2,2,0.714286,0.714286,0.714286,7,0.48892486823521303,0.5909090909090909,0.271923695881345,0.3158363558787573,24.926296629,0
gestion_2017-02-14_19,51,none,,niblack,docling_easyocr,qwen,7,0,0,0,7,0.0,0.0,0.0,0,,,,,65.6920273,1
gestion_2017-02-14_19,51,none,,niblack,docling_rapidocr,qwen,7,0,0,0,7,0.0,0.0,0.0,0,,,,,10.253567188,1
gestion_2017-02-14_19,51,none,,none_color,docling_easyocr,qwen,7,0,0,0,7,0.0,0.0,0.0,0,,,,,97.490834082,7
gestion_2017-02-14_19,51,none,,none_color,docling_rapidocr,qwen,7,1,0,1,7,0.0,0.0,0.0,1,0.0,0.0,0.6698157770429853,0.7309941520467836,26.173391188,0
gestion_2017-02-14_19,51,none,,none_grayscale,docling_easyocr,qwen,7,7,5,2,2,0.714286,0.714286,0.714286,7,0.37319576974749386,0.44805194805194803,0.3648551621961587,0.39410779391261286,96.668179669,0
gestion_2017-02-14_19,51,none,,none_grayscale,docling_rapidocr,qwen,7,7,6,1,1,0.857143,0.857143,0.857143,7,0.3741947707464949,0.4512987012987013,0.3060791986805021,0.32914154988458394,25.424832739,0
gestion_2017-02-14_19,51,none,,otsu,docling_easyocr,qwen,7,0,0,0,7,0.0,0.0,0.0,0,,,,,98.122636143,5
gestion_2017-02-14_19,51,none,,otsu,docling_rapidocr,qwen,7,8,6,2,1,0.75,0.857143,0.8,7,0.15067690929759897,0.1461038961038961,0.3284171079265704,0.34690689539592484,25.221536699,0
gestion_2017-02-14_19,52,none,,adaptive_gaussian,docling_easyocr,qwen,7,3,0,3,7,0.0,0.0,0.0,2,0.23193257908104364,0.30000000000000004,1.0,1.0,100.500606486,0
gestion_2017-02-14_19,52,none,,adaptive_gaussian,docling_rapidocr,qwen,7,6,0,6,7,0.0,0.0,0.0,2,0.007042253521126761,0.05,0.9898534385569335,0.9963235294117647,25.217868038,0
gestion_2017-02-14_19,52,none,,adaptive_mean,docling_easyocr,qwen,7,4,0,4,7,0.0,0.0,0.0,4,0.27375844445434894,0.45714285714285713,0.9990635787452187,1.0,117.240775006,0
gestion_2017-02-14_19,52,none,,adaptive_mean,docling_rapidocr,qwen,7,4,0,4,7,0.0,0.0,0.0,4,0.07377049180327869,0.075,1.0,1.0,25.560395615,0
gestion_2017-02-14_19,52,none,,basic,docling_easyocr,qwen,7,5,0,5,7,0.0,0.0,0.0,5,0.6207480717437007,0.6799999999999999,0.8870225601884861,0.9932662538699691,101.558163582,0
gestion_2017-02-14_19,52,none,,basic,docling_rapidocr,qwen,7,7,3,4,4,0.428571,0.428571,0.428571,7,0.5573135387709233,0.5681818181818182,0.5179152933512093,0.6010513233793622,26.78486818,0
gestion_2017-02-14_19,52,none,,niblack,docling_easyocr,qwen,7,0,0,0,7,0.0,0.0,0.0,0,,,,,65.176787741,1
gestion_2017-02-14_19,52,none,,niblack,docling_rapidocr,qwen,7,0,0,0,7,0.0,0.0,0.0,0,,,,,11.441933758,1
gestion_2017-02-14_19,52,none,,none_color,docling_easyocr,qwen,7,0,0,0,7,0.0,0.0,0.0,0,,,,,91.795879873,2
gestion_2017-02-14_19,52,none,,none_color,docling_rapidocr,qwen,7,8,3,5,4,0.375,0.428571,0.4,7,1.1940619846399352,1.575324675324675,0.48415274576858786,0.5479168245792286,27.296577248,0
gestion_2017-02-14_19,52,none,,none_grayscale,docling_easyocr,qwen,7,5,2,3,5,0.4,0.285714,0.333333,5,2.1530503978779842,2.690909090909091,0.5453150573857081,0.6849053463698773,96.927651749,0
gestion_2017-02-14_19,52,none,,none_grayscale,docling_rapidocr,qwen,7,0,0,0,7,0.0,0.0,0.0,0,,,,,26.704834089,5
gestion_2017-02-14_19,52,none,,otsu,docling_easyocr,qwen,7,4,0,4,7,0.0,0.0,0.0,4,0.5799674463467567,0.6875,0.8991259391127421,1.0,94.765208018,0
gestion_2017-02-14_19,52,none,,otsu,docling_rapidocr,qwen,7,0,0,0,7,0.0,0.0,0.0,0,,,,,24.965279114,8
gestion_2017-02-14_19,53,none,,adaptive_gaussian,docling_easyocr,qwen,7,0,0,0,7,0.0,0.0,0.0,0,,,,,106.988923592,1
gestion_2017-02-14_19,53,none,,adaptive_gaussian,docling_rapidocr,qwen,7,1,0,1,7,0.0,0.0,0.0,1,0.2786885245901639,0.2,1.0,1.0,20.949520153,0
gestion_2017-02-14_19,53,none,,adaptive_mean,docling_easyocr,qwen,7,4,0,4,7,0.0,0.0,0.0,2,0.17754407670893907,0.2642857142857143,1.0,1.0,110.458001677,0
gestion_2017-02-14_19,53,none,,adaptive_mean,docling_rapidocr,qwen,7,6,0,6,7,0.0,0.0,0.0,6,0.12375098527854521,0.25833333333333336,0.992462183780908,0.9932748538011696,24.950499836,0
gestion_2017-02-14_19,53,none,,basic,docling_easyocr,qwen,7,0,0,0,7,0.0,0.0,0.0,0,,,,,98.329160319,7
gestion_2017-02-14_19,53,none,,basic,docling_rapidocr,qwen,7,5,4,1,3,0.8,0.571429,0.666667,5,0.5182782734506872,0.6227272727272728,0.14981480288826615,0.17014354066985646,21.744801865,0
gestion_2017-02-14_19,53,none,,niblack,docling_easyocr,qwen,7,0,0,0,7,0.0,0.0,0.0,0,,,,,65.512644728,1
gestion_2017-02-14_19,53,none,,niblack,docling_rapidocr,qwen,7,0,0,0,7,0.0,0.0,0.0,0,,,,,10.838937004,1
gestion_2017-02-14_19,53,none,,none_color,docling_easyocr,qwen,7,6,2,4,5,0.333333,0.285714,0.307692,6,0.4348843522558552,0.5,0.5373142581336855,0.6027773668253545,98.50395349,0
gestion_2017-02-14_19,53,none,,none_color,docling_rapidocr,qwen,7,9,3,6,4,0.333333,0.428571,0.375,7,0.3861655585793517,0.4253246753246754,0.5456134369147398,0.5682933423645496,26.179006371,0
gestion_2017-02-14_19,53,none,,none_grayscale,docling_easyocr,qwen,7,6,2,4,5,0.333333,0.285714,0.307692,6,0.4348843522558552,0.5,0.5373142581336855,0.6027773668253545,98.99393228,0
gestion_2017-02-14_19,53,none,,none_grayscale,docling_rapidocr,qwen,7,9,3,6,4,0.333333,0.428571,0.375,7,0.3861655585793517,0.4253246753246754,0.5456134369147398,0.5682933423645496,26.558406862,0
gestion_2017-02-14_19,53,none,,otsu,docling_easyocr,qwen,7,12,2,10,5,0.166667,0.285714,0.210526,7,3.1908938571481094,3.892115027829314,0.5475351758543422,0.6017283396372103,98.400280653,0
gestion_2017-02-14_19,53,none,,otsu,docling_rapidocr,qwen,7,5,4,1,3,0.8,0.571429,0.666667,5,0.5189775741499879,0.6272727272727272,0.2063821844910753,0.23098883572567783,25.741923033,0
gestion_2017-06-14_32,0,none,,adaptive_gaussian,docling_easyocr,qwen,1,0,0,0,1,0.0,0.0,0.0,0,,,,,102.751448424,1
gestion_2017-06-14_32,0,none,,adaptive_gaussian,docling_rapidocr,qwen,1,0,0,0,1,0.0,0.0,0.0,0,,,,,23.393716605,1
gestion_2017-06-14_32,0,none,,adaptive_mean,docling_easyocr,qwen,1,0,0,0,1,0.0,0.0,0.0,0,,,,,98.248834041,1
gestion_2017-06-14_32,0,none,,adaptive_mean,docling_rapidocr,qwen,1,0,0,0,1,0.0,0.0,0.0,0,,,,,21.41621485,1
gestion_2017-06-14_32,0,none,,basic,docling_easyocr,qwen,1,2,0,2,1,0.0,0.0,0.0,1,0.864406779661017,1.0,0.679605039155601,0.7637130801687764,83.53070254,3
gestion_2017-06-14_32,0,none,,basic,docling_rapidocr,qwen,1,0,0,0,1,0.0,0.0,0.0,0,,,,,23.657784411,1
gestion_2017-06-14_32,0,none,,niblack,docling_easyocr,qwen,1,0,0,0,1,0.0,0.0,0.0,0,,,,,66.292660424,1
gestion_2017-06-14_32,0,none,,niblack,docling_rapidocr,qwen,1,0,0,0,1,0.0,0.0,0.0,0,,,,,11.057842681,1
gestion_2017-06-14_32,0,none,,none_color,docling_easyocr,qwen,1,0,0,0,1,0.0,0.0,0.0,0,,,,,92.721351024,1
gestion_2017-06-14_32,0,none,,none_color,docling_rapidocr,qwen,1,0,0,0,1,0.0,0.0,0.0,0,,,,,23.517809745,1
gestion_2017-06-14_32,0,none,,none_grayscale,docling_easyocr,qwen,1,0,0,0,1,0.0,0.0,0.0,0,,,,,92.413782308,1
gestion_2017-06-14_32,0,none,,none_grayscale,docling_rapidocr,qwen,1,0,0,0,1,0.0,0.0,0.0,0,,,,,22.570978591,1
gestion_2017-06-14_32,0,none,,otsu,docling_easyocr,qwen,1,0,0,0,1,0.0,0.0,0.0,0,,,,,90.960969066,3
gestion_2017-06-14_32,0,none,,otsu,docling_rapidocr,qwen,1,0,0,0,1,0.0,0.0,0.0,0,,,,,23.838064288,1
gestion_2017-06-14_32,1,none,,adaptive_gaussian,docling_easyocr,qwen,1,0,0,0,1,0.0,0.0,0.0,0,,,,,92.318468249,1
gestion_2017-06-14_32,1,none,,adaptive_gaussian,docling_rapidocr,qwen,1,0,0,0,1,0.0,0.0,0.0,0,,,,,11.380239165,1
gestion_2017-06-14_32,1,none,,adaptive_mean,docling_easyocr,qwen,1,0,0,0,1,0.0,0.0,0.0,0,,,,,100.359909089,1
gestion_2017-06-14_32,1,none,,adaptive_mean,docling_rapidocr,qwen,1,0,0,0,1,0.0,0.0,0.0,0,,,,,20.490294011,1
gestion_2017-06-14_32,1,none,,basic,docling_easyocr,qwen,1,0,0,0,1,0.0,0.0,0.0,0,,,,,91.363822606,1
gestion_2017-06-14_32,1,none,,basic,docling_rapidocr,qwen,1,0,0,0,1,0.0,0.0,0.0,0,,,,,22.930565265,1
gestion_2017-06-14_32,1,none,,niblack,docling_easyocr,qwen,1,0,0,0,1,0.0,0.0,0.0,0,,,,,57.817091487,1
gestion_2017-06-14_32,1,none,,niblack,docling_rapidocr,qwen,1,0,0,0,1,0.0,0.0,0.0,0,,,,,12.004869245,1
gestion_2017-06-14_32,1,none,,none_color,docling_easyocr,qwen,1,3,0,3,1,0.0,0.0,0.0,1,0.03389830508474576,0.2,0.6326183180115764,0.8333333333333334,91.119546176,0
gestion_2017-06-14_32,1,none,,none_color,docling_rapidocr,qwen,1,1,1,0,0,1.0,1.0,1.0,1,0.0,0.0,0.4933605720122574,0.5886075949367089,19.222087861,0
gestion_2017-06-14_32,1,none,,none_grayscale,docling_easyocr,qwen,1,3,0,3,1,0.0,0.0,0.0,1,0.03389830508474576,0.2,0.620360912495744,0.8987341772151899,89.992371633,0
gestion_2017-06-14_32,1,none,,none_grayscale,docling_rapidocr,qwen,1,0,0,0,1,0.0,0.0,0.0,0,,,,,20.050490214,1
gestion_2017-06-14_32,1,none,,otsu,docling_easyocr,qwen,1,2,0,2,1,0.0,0.0,0.0,1,0.8305084745762712,1.0,0.6210418794688458,0.6645569620253164,89.712885837,0
gestion_2017-06-14_32,1,none,,otsu,docling_rapidocr,qwen,1,0,0,0,1,0.0,0.0,0.0,0,,,,,20.341852883,1
gestion_2017-06-14_32,2,none,,adaptive_gaussian,docling_easyocr,qwen,1,0,0,0,1,0.0,0.0,0.0,0,,,,,104.979694449,1
gestion_2017-06-14_32,2,none,,adaptive_gaussian,docling_rapidocr,qwen,1,0,0,0,1,0.0,0.0,0.0,0,,,,,19.054062926,1
gestion_2017-06-14_32,2,none,,adaptive_mean,docling_easyocr,qwen,1,0,0,0,1,0.0,0.0,0.0,0,,,,,98.569883378,1
gestion_2017-06-14_32,2,none,,adaptive_mean,docling_rapidocr,qwen,1,0,0,0,1,0.0,0.0,0.0,0,,,,,21.56998113,1
gestion_2017-06-14_32,2,none,,basic,docling_easyocr,qwen,1,2,0,2,1,0.0,0.0,0.0,0,,,,,89.327740504,0
gestion_2017-06-14_32,2,none,,basic,docling_rapidocr,qwen,1,0,0,0,1,0.0,0.0,0.0,0,,,,,20.821573093,1
gestion_2017-06-14_32,2,none,,niblack,docling_easyocr,qwen,1,0,0,0,1,0.0,0.0,0.0,0,,,,,66.179967498,1
gestion_2017-06-14_32,2,none,,niblack,docling_rapidocr,qwen,1,0,0,0,1,0.0,0.0,0.0,0,,,,,10.059052562,1
gestion_2017-06-14_32,2,none,,none_color,docling_easyocr,qwen,1,0,0,0,1,0.0,0.0,0.0,0,,,,,91.26254511,4
gestion_2017-06-14_32,2,none,,none_color,docling_rapidocr,qwen,1,0,0,0,1,0.0,0.0,0.0,0,,,,,23.364398004,1
gestion_2017-06-14_32,2,none,,none_grayscale,docling_easyocr,qwen,1,0,0,0,1,0.0,0.0,0.0,0,,,,,83.854507447,4
gestion_2017-06-14_32,2,none,,none_grayscale,docling_rapidocr,qwen,1,0,0,0,1,0.0,0.0,0.0,0,,,,,18.51728201,1
gestion_2017-06-14_32,2,none,,otsu,docling_easyocr,qwen,1,2,0,2,1,0.0,0.0,0.0,1,0.864406779661017,1.0,0.6479400749063671,0.7194092827004219,91.488588479,0
gestion_2017-06-14_32,2,none,,otsu,docling_rapidocr,qwen,1,1,0,1,1,0.0,0.0,0.0,1,1.4406779661016949,0.9,0.5008512087163772,0.5654008438818565,23.200589088,0
gestion_2017-06-14_32,3,none,,adaptive_gaussian,docling_easyocr,qwen,1,0,0,0,1,0.0,0.0,0.0,0,,,,,84.190815957,1
gestion_2017-06-14_32,3,none,,adaptive_gaussian,docling_rapidocr,qwen,1,2,0,2,1,0.0,0.0,0.0,0,,,,,19.931671174,0
gestion_2017-06-14_32,3,none,,adaptive_mean,docling_easyocr,qwen,1,0,0,0,1,0.0,0.0,0.0,0,,,,,86.481433299,1
gestion_2017-06-14_32,3,none,,adaptive_mean,docling_rapidocr,qwen,1,0,0,0,1,0.0,0.0,0.0,0,,,,,15.002180961,1
gestion_2017-06-14_32,3,none,,basic,docling_easyocr,qwen,1,0,0,0,1,0.0,0.0,0.0,0,,,,,79.000505635,1
gestion_2017-06-14_32,3,none,,basic,docling_rapidocr,qwen,1,4,0,4,1,0.0,0.0,0.0,0,,,,,21.065290877,0
gestion_2017-06-14_32,3,none,,niblack,docling_easyocr,qwen,1,0,0,0,1,0.0,0.0,0.0,0,,,,,67.542170806,1
gestion_2017-06-14_32,3,none,,niblack,docling_rapidocr,qwen,1,0,0,0,1,0.0,0.0,0.0,0,,,,,9.762064977,1
gestion_2017-06-14_32,3,none,,none_color,docling_easyocr,qwen,1,4,0,4,1,0.0,0.0,0.0,1,0.03389830508474576,0.2,0.7351038474633981,0.8375527426160337,87.880810376,0
gestion_2017-06-14_32,3,none,,none_color,docling_rapidocr,qwen,1,0,0,0,1,0.0,0.0,0.0,0,,,,,22.560638305,1
gestion_2017-06-14_32,3,none,,none_grayscale,docling_easyocr,qwen,1,4,0,4,1,0.0,0.0,0.0,1,0.03389830508474576,0.2,0.7051413006469186,0.8966244725738397,93.694651792,0
gestion_2017-06-14_32,3,none,,none_grayscale,docling_rapidocr,qwen,1,0,0,0,1,0.0,0.0,0.0,0,,,,,22.715040633,1
gestion_2017-06-14_32,3,none,,otsu,docling_easyocr,qwen,1,2,0,2,1,0.0,0.0,0.0,1,0.03389830508474576,0.2,0.933605720122574,0.9789029535864979,87.569156503,0
gestion_2017-06-14_32,3,none,,otsu,docling_rapidocr,qwen,1,2,1,1,0,0.5,1.0,0.666667,1,0.0,0.0,0.5760980592441267,0.729957805907173,22.80684719,0
gestion_2017-06-14_32,4,none,,adaptive_gaussian,docling_easyocr,qwen,1,0,0,0,1,0.0,0.0,0.0,0,,,,,83.766123416,1
gestion_2017-06-14_32,4,none,,adaptive_gaussian,docling_rapidocr,qwen,1,0,0,0,1,0.0,0.0,0.0,0,,,,,17.588899019,1
gestion_2017-06-14_32,4,none,,adaptive_mean,docling_easyocr,qwen,1,0,0,0,1,0.0,0.0,0.0,0,,,,,92.002629112,1
gestion_2017-06-14_32,4,none,,adaptive_mean,docling_rapidocr,qwen,1,3,0,3,1,0.0,0.0,0.0,0,,,,,19.664489101,0
gestion_2017-06-14_32,4,none,,basic,docling_easyocr,qwen,1,0,0,0,1,0.0,0.0,0.0,0,,,,,91.162735336,1
gestion_2017-06-14_32,4,none,,basic,docling_rapidocr,qwen,1,4,0,4,1,0.0,0.0,0.0,1,0.864406779661017,1.0,0.7759618658495063,0.8544303797468354,23.155739181,0
gestion_2017-06-14_32,4,none,,niblack,docling_easyocr,qwen,1,0,0,0,1,0.0,0.0,0.0,0,,,,,67.736304489,1
gestion_2017-06-14_32,4,none,,niblack,docling_rapidocr,qwen,1,0,0,0,1,0.0,0.0,0.0,0,,,,,11.558095184,1
gestion_2017-06-14_32,4,none,,none_color,docling_easyocr,qwen,1,1,0,1,1,0.0,0.0,0.0,1,0.03389830508474576,0.2,0.9319033026898196,0.9535864978902954,93.324451486,0
gestion_2017-06-14_32,4,none,,none_color,docling_rapidocr,qwen,1,0,0,0,1,0.0,0.0,0.0,0,,,,,19.462466279,1
gestion_2017-06-14_32,4,none,,none_grayscale,docling_easyocr,qwen,1,2,0,2,1,0.0,0.0,0.0,1,0.03389830508474576,0.2,0.7065032345931223,0.8333333333333334,93.589304559,0
gestion_2017-06-14_32,4,none,,none_grayscale,docling_rapidocr,qwen,1,4,0,4,1,0.0,0.0,0.0,1,0.0,0.0,0.6441947565543071,0.7637130801687764,22.553813093,0
gestion_2017-06-14_32,4,none,,otsu,docling_easyocr,qwen,1,0,0,0,1,0.0,0.0,0.0,0,,,,,93.397013206,1
gestion_2017-06-14_32,4,none,,otsu,docling_rapidocr,qwen,1,0,0,0,1,0.0,0.0,0.0,0,,,,,20.666326541,1
gestion_2017-06-14_32,5,none,,adaptive_gaussian,docling_easyocr,qwen,1,0,0,0,1,0.0,0.0,0.0,0,,,,,81.556201911,1
gestion_2017-06-14_32,5,none,,adaptive_gaussian,docling_rapidocr,qwen,1,2,0,2,1,0.0,0.0,0.0,0,,,,,20.190928913,0
gestion_2017-06-14_32,5,none,,adaptive_mean,docling_easyocr,qwen,1,0,0,0,1,0.0,0.0,0.0,0,,,,,76.068468734,1
gestion_2017-06-14_32,5,none,,adaptive_mean,docling_rapidocr,qwen,1,0,0,0,1,0.0,0.0,0.0,0,,,,,13.497150585,1
gestion_2017-06-14_32,5,none,,basic,docling_easyocr,qwen,1,1,0,1,1,0.0,0.0,0.0,1,0.03389830508474576,0.2,0.9598229485869936,0.9704641350210971,65.116677728,0
gestion_2017-06-14_32,5,none,,basic,docling_rapidocr,qwen,1,1,0,1,1,0.0,0.0,0.0,1,0.0,0.0,0.9598229485869936,0.9704641350210971,13.847830024,0
gestion_2017-06-14_32,5,none,,niblack,docling_easyocr,qwen,1,0,0,0,1,0.0,0.0,0.0,0,,,,,67.702243627,1
gestion_2017-06-14_32,5,none,,niblack,docling_rapidocr,qwen,1,0,0,0,1,0.0,0.0,0.0,0,,,,,11.488180698,1
gestion_2017-06-14_32,5,none,,none_color,docling_easyocr,qwen,1,0,0,0,1,0.0,0.0,0.0,0,,,,,93.824616565,2
gestion_2017-06-14_32,5,none,,none_color,docling_rapidocr,qwen,1,0,0,0,1,0.0,0.0,0.0,0,,,,,21.590523614,1
gestion_2017-06-14_32,5,none,,none_grayscale,docling_easyocr,qwen,1,0,0,0,1,0.0,0.0,0.0,0,,,,,93.784718885,2
gestion_2017-06-14_32,5,none,,none_grayscale,docling_rapidocr,qwen,1,0,0,0,1,0.0,0.0,0.0,0,,,,,20.422857656,1
gestion_2017-06-14_32,5,none,,otsu,docling_easyocr,qwen,1,1,0,1,1,0.0,0.0,0.0,1,0.03389830508474576,0.2,0.9206673476336398,0.9704641350210971,107.245712081,0
gestion_2017-06-14_32,5,none,,otsu,docling_rapidocr,qwen,1,0,0,0,1,0.0,0.0,0.0,0,,,,,18.826453248,1
gestion_2017-06-14_32,6,none,,adaptive_gaussian,docling_easyocr,qwen,1,0,0,0,1,0.0,0.0,0.0,0,,,,,96.823366401,1
gestion_2017-06-14_32,6,none,,adaptive_gaussian,docling_rapidocr,qwen,1,0,0,0,1,0.0,0.0,0.0,0,,,,,20.684939859,1
gestion_2017-06-14_32,6,none,,adaptive_mean,docling_easyocr,qwen,1,0,0,0,1,0.0,0.0,0.0,0,,,,,82.438641898,1
gestion_2017-06-14_32,6,none,,adaptive_mean,docling_rapidocr,qwen,1,1,0,1,1,0.0,0.0,0.0,0,,,,,18.840029352,0
gestion_2017-06-14_32,6,none,,basic,docling_easyocr,qwen,1,0,0,0,1,0.0,0.0,0.0,0,,,,,86.962307845,1
gestion_2017-06-14_32,6,none,,basic,docling_rapidocr,qwen,1,0,0,0,1,0.0,0.0,0.0,0,,,,,20.8898584,1
gestion_2017-06-14_32,6,none,,niblack,docling_easyocr,qwen,1,0,0,0,1,0.0,0.0,0.0,0,,,,,58.464718921,1
gestion_2017-06-14_32,6,none,,niblack,docling_rapidocr,qwen,1,0,0,0,1,0.0,0.0,0.0,0,,,,,11.037745817,1
gestion_2017-06-14_32,6,none,,none_color,docling_easyocr,qwen,1,0,0,0,1,0.0,0.0,0.0,0,,,,,93.61242064,1
gestion_2017-06-14_32,6,none,,none_color,docling_rapidocr,qwen,1,0,0,0,1,0.0,0.0,0.0,0,,,,,19.622943244,1
gestion_2017-06-14_32,6,none,,none_grayscale,docling_easyocr,qwen,1,0,0,0,1,0.0,0.0,0.0,0,,,,,93.885683214,1
gestion_2017-06-14_32,6,none,,none_grayscale,docling_rapidocr,qwen,1,4,1,3,0,0.25,1.0,0.4,1,0.0,0.0,0.5178753830439223,0.6139240506329114,22.982185041,0
gestion_2017-06-14_32,6,none,,otsu,docling_easyocr,qwen,1,1,0,1,1,0.0,0.0,0.0,1,1.0508474576271187,0.9,0.6506639427987743,0.8037974683544303,95.01670915,0
gestion_2017-06-14_32,6,none,,otsu,docling_rapidocr,qwen,1,0,0,0,1,0.0,0.0,0.0,0,,,,,22.950997175,1
gestion_2017-06-14_32,7,none,,adaptive_gaussian,docling_easyocr,qwen,1,0,0,0,1,0.0,0.0,0.0,0,,,,,97.275456384,1
gestion_2017-06-14_32,7,none,,adaptive_gaussian,docling_rapidocr,qwen,1,1,0,1,1,0.0,0.0,0.0,0,,,,,21.396426156,0
gestion_2017-06-14_32,7,none,,adaptive_mean,docling_easyocr,qwen,1,0,0,0,1,0.0,0.0,0.0,0,,,,,96.021266841,1
gestion_2017-06-14_32,7,none,,adaptive_mean,docling_rapidocr,qwen,1,0,0,0,1,0.0,0.0,0.0,0,,,,,19.589834594,1
gestion_2017-06-14_32,7,none,,basic,docling_easyocr,qwen,1,4,0,4,1,0.0,0.0,0.0,1,0.9661016949152542,1.3,0.8958120531154239,0.9261603375527426,93.187037414,0
gestion_2017-06-14_32,7,none,,basic,docling_rapidocr,qwen,1,0,0,0,1,0.0,0.0,0.0,0,,,,,20.747670596,1
gestion_2017-06-14_32,7,none,,niblack,docling_easyocr,qwen,1,0,0,0,1,0.0,0.0,0.0,0,,,,,67.414748542,1
gestion_2017-06-14_32,7,none,,niblack,docling_rapidocr,qwen,1,0,0,0,1,0.0,0.0,0.0,0,,,,,8.899285667,1
gestion_2017-06-14_32,7,none,,none_color,docling_easyocr,qwen,1,0,0,0,1,0.0,0.0,0.0,0,,,,,90.668040077,1
gestion_2017-06-14_32,7,none,,none_color,docling_rapidocr,qwen,1,0,0,0,1,0.0,0.0,0.0,0,,,,,22.534659902,1
gestion_2017-06-14_32,7,none,,none_grayscale,docling_easyocr,qwen,1,0,0,0,1,0.0,0.0,0.0,0,,,,,82.528163307,1
gestion_2017-06-14_32,7,none,,none_grayscale,docling_rapidocr,qwen,1,0,0,0,1,0.0,0.0,0.0,0,,,,,22.64952647,1
gestion_2017-06-14_32,7,none,,otsu,docling_easyocr,qwen,1,2,0,2,1,0.0,0.0,0.0,1,1.3728813559322033,1.9,0.7238678924072183,0.7827004219409283,91.270133037,0
gestion_2017-06-14_32,7,none,,otsu,docling_rapidocr,qwen,1,2,0,2,1,0.0,0.0,0.0,1,1.5932203389830508,2.1,0.783792986040177,0.8333333333333334,22.7461312,0
gestion_2017-06-14_32,8,none,,adaptive_gaussian,docling_easyocr,qwen,1,0,0,0,1,0.0,0.0,0.0,0,,,,,94.84525937,1
gestion_2017-06-14_32,8,none,,adaptive_gaussian,docling_rapidocr,qwen,1,0,0,0,1,0.0,0.0,0.0,0,,,,,20.647836389,1
gestion_2017-06-14_32,8,none,,adaptive_mean,docling_easyocr,qwen,1,0,0,0,1,0.0,0.0,0.0,0,,,,,93.08559128,1
gestion_2017-06-14_32,8,none,,adaptive_mean,docling_rapidocr,qwen,1,1,0,1,1,0.0,0.0,0.0,0,,,,,19.517040693,0
gestion_2017-06-14_32,8,none,,basic,docling_easyocr,qwen,1,0,0,0,1,0.0,0.0,0.0,0,,,,,92.292461162,1
gestion_2017-06-14_32,8,none,,basic,docling_rapidocr,qwen,1,4,0,4,1,0.0,0.0,0.0,0,,,,,20.961118227,0
gestion_2017-06-14_32,8,none,,niblack,docling_easyocr,qwen,1,0,0,0,1,0.0,0.0,0.0,0,,,,,69.441720968,1
gestion_2017-06-14_32,8,none,,niblack,docling_rapidocr,qwen,1,0,0,0,1,0.0,0.0,0.0,0,,,,,11.101070409,1
gestion_2017-06-14_32,8,none,,none_color,docling_easyocr,qwen,1,2,1,1,0,0.5,1.0,0.666667,1,0.03389830508474576,0.2,0.6748382703438883,0.8248945147679325,94.471582822,0
gestion_2017-06-14_32,8,none,,none_color,docling_rapidocr,qwen,1,0,0,0,1,0.0,0.0,0.0,0,,,,,22.691785745,1
gestion_2017-06-14_32,8,none,,none_grayscale,docling_easyocr,qwen,1,2,1,1,0,0.5,1.0,0.666667,1,0.03389830508474576,0.2,0.6826693905345591,0.8248945147679325,93.145754747,0
gestion_2017-06-14_32,8,none,,none_grayscale,docling_rapidocr,qwen,1,0,0,0,1,0.0,0.0,0.0,0,,,,,23.770776443,1
gestion_2017-06-14_32,8,none,,otsu,docling_easyocr,qwen,1,1,0,1,1,0.0,0.0,0.0,1,0.03389830508474576,0.2,0.8941096356826694,0.9746835443037974,96.328000623,0
gestion_2017-06-14_32,8,none,,otsu,docling_rapidocr,qwen,1,1,0,1,1,0.0,0.0,0.0,1,0.15254237288135594,0.2,0.5801838610827375,0.7194092827004219,20.064940054,0
gestion_2017-06-14_32,9,none,,adaptive_gaussian,docling_easyocr,qwen,1,0,0,0,1,0.0,0.0,0.0,0,,,,,85.127612648,1
gestion_2017-06-14_32,9,none,,adaptive_gaussian,docling_rapidocr,qwen,1,0,0,0,1,0.0,0.0,0.0,0,,,,,21.25780302,1
gestion_2017-06-14_32,9,none,,adaptive_mean,docling_easyocr,qwen,1,0,0,0,1,0.0,0.0,0.0,0,,,,,96.138176042,1
gestion_2017-06-14_32,9,none,,adaptive_mean,docling_rapidocr,qwen,1,0,0,0,1,0.0,0.0,0.0,0,,,,,19.582519132,1
gestion_2017-06-14_32,9,none,,basic,docling_easyocr,qwen,1,2,0,2,1,0.0,0.0,0.0,1,0.05084745762711865,0.3,0.9662921348314607,0.9767932489451476,103.015265585,0
gestion_2017-06-14_32,9,none,,basic,docling_rapidocr,qwen,1,1,0,1,1,0.0,0.0,0.0,1,0.0,0.0,0.7640449438202247,0.9514767932489452,20.816543937,0
gestion_2017-06-14_32,9,none,,niblack,docling_easyocr,qwen,1,0,0,0,1,0.0,0.0,0.0,0,,,,,67.616980932,1
gestion_2017-06-14_32,9,none,,niblack,docling_rapidocr,qwen,1,0,0,0,1,0.0,0.0,0.0,0,,,,,11.626284502,1
gestion_2017-06-14_32,9,none,,none_color,docling_easyocr,qwen,1,1,0,1,1,0.0,0.0,0.0,1,0.03389830508474576,0.2,0.9570990806945863,0.9704641350210971,102.479757522,0
gestion_2017-06-14_32,9,none,,none_color,docling_rapidocr,qwen,1,0,0,0,1,0.0,0.0,0.0,0,,,,,19.433646892,1
gestion_2017-06-14_32,9,none,,none_grayscale,docling_easyocr,qwen,1,2,0,2,1,0.0,0.0,0.0,1,0.03389830508474576,0.2,0.95097037793667,0.9683544303797469,103.555815267,0
gestion_2017-06-14_32,9,none,,none_grayscale,docling_rapidocr,qwen,1,0,0,0,1,0.0,0.0,0.0,0,,,,,22.765102434,1
gestion_2017-06-14_32,9,none,,otsu,docling_easyocr,qwen,1,0,0,0,1,0.0,0.0,0.0,0,,,,,106.011084034,1
gestion_2017-06-14_32,9,none,,otsu,docling_rapidocr,qwen,1,0,0,0,1,0.0,0.0,0.0,0,,,,,23.289952232,1
gestion_2017-06-14_32,10,none,,adaptive_gaussian,docling_easyocr,qwen,1,0,0,0,1,0.0,0.0,0.0,0,,,,,92.289860574,1
gestion_2017-06-14_32,10,none,,adaptive_gaussian,docling_rapidocr,qwen,1,0,0,0,1,0.0,0.0,0.0,0,,,,,19.800479976,1
gestion_2017-06-14_32,10,none,,adaptive_mean,docling_easyocr,qwen,1,0,0,0,1,0.0,0.0,0.0,0,,,,,90.870679891,1
gestion_2017-06-14_32,10,none,,adaptive_mean,docling_rapidocr,qwen,1,0,0,0,1,0.0,0.0,0.0,0,,,,,20.113962925,1
gestion_2017-06-14_32,10,none,,basic,docling_easyocr,qwen,1,1,0,1,1,0.0,0.0,0.0,0,,,,,106.271406013,0
gestion_2017-06-14_32,10,none,,basic,docling_rapidocr,qwen,1,4,0,4,1,0.0,0.0,0.0,1,0.8135593220338984,1.0,0.7436159346271706,0.8881856540084389,22.955682594,0
gestion_2017-06-14_32,10,none,,niblack,docling_easyocr,qwen,1,0,0,0,1,0.0,0.0,0.0,0,,,,,58.684921198,1
gestion_2017-06-14_32,10,none,,niblack,docling_rapidocr,qwen,1,0,0,0,1,0.0,0.0,0.0,0,,,,,10.941000156,1
gestion_2017-06-14_32,10,none,,none_color,docling_easyocr,qwen,1,1,0,1,1,0.0,0.0,0.0,1,0.03389830508474576,0.2,0.9237316990125979,0.9620253164556962,102.441440277,0
gestion_2017-06-14_32,10,none,,none_color,docling_rapidocr,qwen,1,0,0,0,1,0.0,0.0,0.0,0,,,,,23.000328712,1
gestion_2017-06-14_32,10,none,,none_grayscale,docling_easyocr,qwen,1,1,0,1,1,0.0,0.0,0.0,1,0.03389830508474576,0.2,0.9288389513108615,0.9641350210970464,101.226526266,0
gestion_2017-06-14_32,10,none,,none_grayscale,docling_rapidocr,qwen,1,1,1,0,0,1.0,1.0,1.0,1,0.0,0.0,0.5566905005107252,0.6518987341772152,23.300537353,0
gestion_2017-06-14_32,10,none,,otsu,docling_easyocr,qwen,1,0,0,0,1,0.0,0.0,0.0,0,,,,,93.241152914,1
gestion_2017-06-14_32,10,none,,otsu,docling_rapidocr,qwen,1,0,0,0,1,0.0,0.0,0.0,0,,,,,22.981781395,1
gestion_2017-06-14_32,11,none,,adaptive_gaussian,docling_easyocr,qwen,1,0,0,0,1,0.0,0.0,0.0,0,,,,,84.207253637,1
gestion_2017-06-14_32,11,none,,adaptive_gaussian,docling_rapidocr,qwen,1,1,0,1,1,0.0,0.0,0.0,0,,,,,20.764443102,0
gestion_2017-06-14_32,11,none,,adaptive_mean,docling_easyocr,qwen,1,0,0,0,1,0.0,0.0,0.0,0,,,,,82.956217014,1
gestion_2017-06-14_32,11,none,,adaptive_mean,docling_rapidocr,qwen,1,0,0,0,1,0.0,0.0,0.0,0,,,,,20.587942564,1
gestion_2017-06-14_32,11,none,,basic,docling_easyocr,qwen,1,2,0,2,1,0.0,0.0,0.0,1,0.05084745762711865,0.3,0.9329247531494722,0.9578059071729957,61.850863939,0
gestion_2017-06-14_32,11,none,,basic,docling_rapidocr,qwen,1,4,0,4,1,0.0,0.0,0.0,1,0.22033898305084745,0.3,0.9499489274770173,0.9662447257383966,13.436774021,0
gestion_2017-06-14_32,11,none,,niblack,docling_easyocr,qwen,1,0,0,0,1,0.0,0.0,0.0,0,,,,,67.168742487,1
gestion_2017-06-14_32,11,none,,niblack,docling_rapidocr,qwen,1,0,0,0,1,0.0,0.0,0.0,0,,,,,11.300322601,1
gestion_2017-06-14_32,11,none,,none_color,docling_easyocr,qwen,1,2,0,2,1,0.0,0.0,0.0,1,0.03389830508474576,0.2,0.9598229485869936,0.9704641350210971,102.298043184,0
gestion_2017-06-14_32,11,none,,none_color,docling_rapidocr,qwen,1,1,1,0,0,1.0,1.0,1.0,1,0.0,0.0,0.5212802179094314,0.5822784810126582,23.380482607,0
gestion_2017-06-14_32,11,none,,none_grayscale,docling_easyocr,qwen,1,2,0,2,1,0.0,0.0,0.0,1,0.03389830508474576,0.2,0.9598229485869936,0.9704641350210971,102.389228515,0
gestion_2017-06-14_32,11,none,,none_grayscale,docling_rapidocr,qwen,1,1,1,0,0,1.0,1.0,1.0,1,0.0,0.0,0.5212802179094314,0.5822784810126582,22.794931345,0
gestion_2017-06-14_32,11,none,,otsu,docling_easyocr,qwen,1,0,0,0,1,0.0,0.0,0.0,0,,,,,110.871633846,1
gestion_2017-06-14_32,11,none,,otsu,docling_rapidocr,qwen,1,1,0,1,1,0.0,0.0,0.0,1,0.0,0.0,0.804902962206333,0.9282700421940928,23.158835727,0
gestion_2017-06-14_32,12,none,,adaptive_gaussian,docling_easyocr,qwen,1,0,0,0,1,0.0,0.0,0.0,0,,,,,134.672205026,1
gestion_2017-06-14_32,12,none,,adaptive_gaussian,docling_rapidocr,qwen,1,0,0,0,1,0.0,0.0,0.0,0,,,,,50.30649739,1
gestion_2017-06-14_32,12,none,,adaptive_mean,docling_easyocr,qwen,1,0,0,0,1,0.0,0.0,0.0,0,,,,,129.53653367,1
gestion_2017-06-14_32,12,none,,adaptive_mean,docling_rapidocr,qwen,1,2,0,2,1,0.0,0.0,0.0,0,,,,,51.707088308,0
gestion_2017-06-14_32,12,none,,basic,docling_easyocr,qwen,1,0,0,0,1,0.0,0.0,0.0,0,,,,,114.052550195,1
gestion_2017-06-14_32,12,none,,basic,docling_rapidocr,qwen,1,1,0,1,1,0.0,0.0,0.0,1,1.6440677966101696,2.1,0.46918624446714335,0.5,49.620886682,0
gestion_2017-06-14_32,12,none,,niblack,docling_easyocr,qwen,1,0,0,0,1,0.0,0.0,0.0,0,,,,,90.07131209,1
gestion_2017-06-14_32,12,none,,niblack,docling_rapidocr,qwen,1,0,0,0,1,0.0,0.0,0.0,0,,,,,42.212732931,1
gestion_2017-06-14_32,12,none,,none_color,docling_easyocr,qwen,1,1,0,1,1,0.0,0.0,0.0,1,0.03389830508474576,0.2,0.6288729996595165,0.8396624472573839,110.051146719,0
gestion_2017-06-14_32,12,none,,none_color,docling_rapidocr,qwen,1,0,0,0,1,0.0,0.0,0.0,0,,,,,53.400130722,1
gestion_2017-06-14_32,12,none,,none_grayscale,docling_easyocr,qwen,1,0,0,0,1,0.0,0.0,0.0,0,,,,,122.274673984,1
gestion_2017-06-14_32,12,none,,none_grayscale,docling_rapidocr,qwen,1,0,0,0,1,0.0,0.0,0.0,0,,,,,52.37305598,1
gestion_2017-06-14_32,12,none,,otsu,docling_easyocr,qwen,1,0,0,0,1,0.0,0.0,0.0,0,,,,,113.104023885,1
gestion_2017-06-14_32,12,none,,otsu,docling_rapidocr,qwen,1,0,0,0,1,0.0,0.0,0.0,0,,,,,49.797837448,1
gestion_2017-06-14_32,13,none,,adaptive_gaussian,docling_easyocr,qwen,1,0,0,0,1,0.0,0.0,0.0,0,,,,,122.775587667,1
gestion_2017-06-14_32,13,none,,adaptive_gaussian,docling_rapidocr,qwen,1,0,0,0,1,0.0,0.0,0.0,0,,,,,43.770271648,1
gestion_2017-06-14_32,13,none,,adaptive_mean,docling_easyocr,qwen,1,0,0,0,1,0.0,0.0,0.0,0,,,,,132.54577063,1
gestion_2017-06-14_32,13,none,,adaptive_mean,docling_rapidocr,qwen,1,0,0,0,1,0.0,0.0,0.0,0,,,,,46.334053262,1
gestion_2017-06-14_32,13,none,,basic,docling_easyocr,qwen,1,0,0,0,1,0.0,0.0,0.0,0,,,,,110.772998359,1
gestion_2017-06-14_32,13,none,,basic,docling_rapidocr,qwen,1,1,0,1,1,0.0,0.0,0.0,1,1.5932203389830508,2.1,0.6428328226081035,0.740506329113924,51.428925064,0
gestion_2017-06-14_32,13,none,,niblack,docling_easyocr,qwen,1,0,0,0,1,0.0,0.0,0.0,0,,,,,98.20556946,1
gestion_2017-06-14_32,13,none,,niblack,docling_rapidocr,qwen,1,0,0,0,1,0.0,0.0,0.0,0,,,,,42.549240066,1
gestion_2017-06-14_32,13,none,,none_color,docling_easyocr,qwen,1,0,0,0,1,0.0,0.0,0.0,0,,,,,122.221075966,1
gestion_2017-06-14_32,13,none,,none_color,docling_rapidocr,qwen,1,0,0,0,1,0.0,0.0,0.0,0,,,,,53.578863575,1
gestion_2017-06-14_32,13,none,,none_grayscale,docling_easyocr,qwen,1,0,0,0,1,0.0,0.0,0.0,0,,,,,122.657103088,1
gestion_2017-06-14_32,13,none,,none_grayscale,docling_rapidocr,qwen,1,0,0,0,1,0.0,0.0,0.0,0,,,,,53.652342346,1
gestion_2017-06-14_32,13,none,,otsu,docling_easyocr,qwen,1,1,0,1,1,0.0,0.0,0.0,1,0.7796610169491526,1.0,0.6469186244467143,0.7827004219409283,121.210103445,0
gestion_2017-06-14_32,13,none,,otsu,docling_rapidocr,qwen,1,0,0,0,1,0.0,0.0,0.0,0,,,,,49.705749921,1
gestion_2017-06-14_32,14,none,,adaptive_gaussian,docling_easyocr,qwen,1,0,0,0,1,0.0,0.0,0.0,0,,,,,129.30985271,1
gestion_2017-06-14_32,14,none,,adaptive_gaussian,docling_rapidocr,qwen,1,0,0,0,1,0.0,0.0,0.0,0,,,,,51.029246917,1
gestion_2017-06-14_32,14,none,,adaptive_mean,docling_easyocr,qwen,1,0,0,0,1,0.0,0.0,0.0,0,,,,,128.44228965,1
gestion_2017-06-14_32,14,none,,adaptive_mean,docling_rapidocr,qwen,1,0,0,0,1,0.0,0.0,0.0,0,,,,,51.349607526,1
gestion_2017-06-14_32,14,none,,basic,docling_easyocr,qwen,1,2,0,2,1,0.0,0.0,0.0,0,,,,,122.367581707,0
gestion_2017-06-14_32,14,none,,basic,docling_rapidocr,qwen,1,1,0,1,1,0.0,0.0,0.0,1,1.0,1.0,0.8549540347293156,0.9135021097046413,53.359059435,0
gestion_2017-06-14_32,14,none,,niblack,docling_easyocr,qwen,1,0,0,0,1,0.0,0.0,0.0,0,,,,,98.175491548,1
gestion_2017-06-14_32,14,none,,niblack,docling_rapidocr,qwen,1,0,0,0,1,0.0,0.0,0.0,0,,,,,42.789139963,1
gestion_2017-06-14_32,14,none,,none_color,docling_easyocr,qwen,1,0,0,0,1,0.0,0.0,0.0,0,,,,,112.169070987,1
gestion_2017-06-14_32,14,none,,none_color,docling_rapidocr,qwen,1,0,0,0,1,0.0,0.0,0.0,0,,,,,49.912348537,1
gestion_2017-06-14_32,14,none,,none_grayscale,docling_easyocr,qwen,1,0,0,0,1,0.0,0.0,0.0,0,,,,,115.93029478,1
gestion_2017-06-14_32,14,none,,none_grayscale,docling_rapidocr,qwen,1,0,0,0,1,0.0,0.0,0.0,0,,,,,52.707031755,1
gestion_2017-06-14_32,14,none,,otsu,docling_easyocr,qwen,1,2,0,2,1,0.0,0.0,0.0,1,1.0,1.0,0.7013959822948587,0.7911392405063291,122.972379142,0
gestion_2017-06-14_32,14,none,,otsu,docling_rapidocr,qwen,1,1,0,1,1,0.0,0.0,0.0,1,1.5932203389830508,2.0,0.6128702757916241,0.6476793248945147,53.983951742,0
gestion_2017-06-14_32,15,none,,adaptive_gaussian,docling_easyocr,qwen,1,0,0,0,1,0.0,0.0,0.0,0,,,,,70.617272503,1
gestion_2017-06-14_32,15,none,,adaptive_gaussian,docling_rapidocr,qwen,1,0,0,0,1,0.0,0.0,0.0,0,,,,,10.358783371,1
gestion_2017-06-14_32,15,none,,adaptive_mean,docling_easyocr,qwen,1,0,0,0,1,0.0,0.0,0.0,0,,,,,72.644867017,1
gestion_2017-06-14_32,15,none,,adaptive_mean,docling_rapidocr,qwen,1,0,0,0,1,0.0,0.0,0.0,0,,,,,10.99833782,1
gestion_2017-06-14_32,15,none,,basic,docling_easyocr,qwen,1,0,0,0,1,0.0,0.0,0.0,0,,,,,95.0627588,1
gestion_2017-06-14_32,15,none,,basic,docling_rapidocr,qwen,1,5,0,5,1,0.0,0.0,0.0,1,1.0338983050847457,1.1,0.7677902621722846,0.8459915611814346,19.132337209,0
gestion_2017-06-14_32,15,none,,niblack,docling_easyocr,qwen,1,0,0,0,1,0.0,0.0,0.0,0,,,,,64.303496498,1
gestion_2017-06-14_32,15,none,,niblack,docling_rapidocr,qwen,1,0,0,0,1,0.0,0.0,0.0,0,,,,,12.083425182,1
gestion_2017-06-14_32,15,none,,none_color,docling_easyocr,qwen,1,0,0,0,1,0.0,0.0,0.0,0,,,,,92.368769378,1
gestion_2017-06-14_32,15,none,,none_color,docling_rapidocr,qwen,1,0,0,0,1,0.0,0.0,0.0,0,,,,,22.437003345,1
gestion_2017-06-14_32,15,none,,none_grayscale,docling_easyocr,qwen,1,0,0,0,1,0.0,0.0,0.0,0,,,,,92.814715667,1
gestion_2017-06-14_32,15,none,,none_grayscale,docling_rapidocr,qwen,1,0,0,0,1,0.0,0.0,0.0,0,,,,,23.397582813,1
gestion_2017-06-14_32,15,none,,otsu,docling_easyocr,qwen,1,1,0,1,1,0.0,0.0,0.0,1,0.8305084745762712,1.0,0.6404494382022472,0.7616033755274262,82.025078247,0
gestion_2017-06-14_32,15,none,,otsu,docling_rapidocr,qwen,1,1,0,1,1,0.0,0.0,0.0,1,1.7966101694915255,2.4,0.5934627170582226,0.7236286919831224,21.73710079,0
gestion_2017-06-14_32,16,none,,adaptive_gaussian,docling_easyocr,qwen,1,0,0,0,1,0.0,0.0,0.0,0,,,,,69.60111783,1
gestion_2017-06-14_32,16,none,,adaptive_gaussian,docling_rapidocr,qwen,1,0,0,0,1,0.0,0.0,0.0,0,,,,,10.339844446,1
gestion_2017-06-14_32,16,none,,adaptive_mean,docling_easyocr,qwen,1,0,0,0,1,0.0,0.0,0.0,0,,,,,67.835012365,1
gestion_2017-06-14_32,16,none,,adaptive_mean,docling_rapidocr,qwen,1,0,0,0,1,0.0,0.0,0.0,0,,,,,10.545812775,1
gestion_2017-06-14_32,16,none,,basic,docling_easyocr,qwen,1,1,0,1,1,0.0,0.0,0.0,1,0.6101694915254238,0.7,0.9557371467483827,0.9725738396624473,98.587340969,0
gestion_2017-06-14_32,16,none,,basic,docling_rapidocr,qwen,1,0,0,0,1,0.0,0.0,0.0,0,,,,,21.824521917,1
gestion_2017-06-14_32,16,none,,niblack,docling_easyocr,qwen,1,0,0,0,1,0.0,0.0,0.0,0,,,,,64.468753807,1
gestion_2017-06-14_32,16,none,,niblack,docling_rapidocr,qwen,1,0,0,0,1,0.0,0.0,0.0,0,,,,,11.802930347,1
gestion_2017-06-14_32,16,none,,none_color,docling_easyocr,qwen,1,0,0,0,1,0.0,0.0,0.0,0,,,,,94.170495575,1
gestion_2017-06-14_32,16,none,,none_color,docling_rapidocr,qwen,1,0,0,0,1,0.0,0.0,0.0,0,,,,,22.650376385,2
gestion_2017-06-14_32,16,none,,none_grayscale,docling_easyocr,qwen,1,0,0,0,1,0.0,0.0,0.0,0,,,,,95.961030621,1
gestion_2017-06-14_32,16,none,,none_grayscale,docling_rapidocr,qwen,1,0,0,0,1,0.0,0.0,0.0,0,,,,,22.626794476,1
gestion_2017-06-14_32,16,none,,otsu,docling_easyocr,qwen,1,0,0,0,1,0.0,0.0,0.0,0,,,,,97.299356981,1
gestion_2017-06-14_32,16,none,,otsu,docling_rapidocr,qwen,1,1,0,1,1,0.0,0.0,0.0,1,0.7627118644067796,0.9,0.724889342866871,0.8459915611814346,19.278280064,0
gestion_2017-06-14_32,17,none,,adaptive_gaussian,docling_easyocr,qwen,1,0,0,0,1,0.0,0.0,0.0,0,,,,,64.163436487,1
gestion_2017-06-14_32,17,none,,adaptive_gaussian,docling_rapidocr,qwen,1,0,0,0,1,0.0,0.0,0.0,0,,,,,11.014804676,1
gestion_2017-06-14_32,17,none,,adaptive_mean,docling_easyocr,qwen,1,0,0,0,1,0.0,0.0,0.0,0,,,,,73.462892389,1
gestion_2017-06-14_32,17,none,,adaptive_mean,docling_rapidocr,qwen,1,0,0,0,1,0.0,0.0,0.0,0,,,,,10.753800964,1
gestion_2017-06-14_32,17,none,,basic,docling_easyocr,qwen,1,0,0,0,1,0.0,0.0,0.0,0,,,,,93.651032108,1
gestion_2017-06-14_32,17,none,,basic,docling_rapidocr,qwen,1,3,0,3,1,0.0,0.0,0.0,1,0.7796610169491526,1.0,0.6816479400749064,0.7172995780590717,20.000383514,0
gestion_2017-06-14_32,17,none,,niblack,docling_easyocr,qwen,1,0,0,0,1,0.0,0.0,0.0,0,,,,,64.157824747,1
gestion_2017-06-14_32,17,none,,niblack,docling_rapidocr,qwen,1,0,0,0,1,0.0,0.0,0.0,0,,,,,12.152739994,1
gestion_2017-06-14_32,17,none,,none_color,docling_easyocr,qwen,1,1,0,1,1,0.0,0.0,0.0,1,1.0,1.0,0.8443990466462377,0.8670886075949367,94.163812941,0
gestion_2017-06-14_32,17,none,,none_color,docling_rapidocr,qwen,1,0,0,0,1,0.0,0.0,0.0,0,,,,,18.563021963,1
gestion_2017-06-14_32,17,none,,none_grayscale,docling_easyocr,qwen,1,1,0,1,1,0.0,0.0,0.0,1,1.0,1.0,0.8443990466462377,0.8670886075949367,82.751783913,0
gestion_2017-06-14_32,17,none,,none_grayscale,docling_rapidocr,qwen,1,0,0,0,1,0.0,0.0,0.0,0,,,,,18.992774551,1
gestion_2017-06-14_32,17,none,,otsu,docling_easyocr,qwen,1,0,0,0,1,0.0,0.0,0.0,0,,,,,96.260396929,1
gestion_2017-06-14_32,17,none,,otsu,docling_rapidocr,qwen,1,0,0,0,1,0.0,0.0,0.0,0,,,,,21.539314003,1
gestion_2017-06-14_32,18,none,,adaptive_gaussian,docling_rapidocr,qwen,1,0,0,0,1,0.0,0.0,0.0,0,,,,,10.769521212,1
gestion_2017-06-14_32,18,none,,adaptive_mean,docling_easyocr,qwen,1,0,0,0,1,0.0,0.0,0.0,0,,,,,65.264076229,1
gestion_2017-06-14_32,18,none,,adaptive_mean,docling_rapidocr,qwen,1,0,0,0,1,0.0,0.0,0.0,0,,,,,11.679569956,1
gestion_2017-06-14_32,18,none,,basic,docling_easyocr,qwen,1,0,0,0,1,0.0,0.0,0.0,0,,,,,64.691396513,1
gestion_2017-06-14_32,18,none,,basic,docling_rapidocr,qwen,1,0,0,0,1,0.0,0.0,0.0,0,,,,,10.491666355,1
gestion_2017-06-14_32,18,none,,niblack,docling_easyocr,qwen,1,0,0,0,1,0.0,0.0,0.0,0,,,,,66.762423979,1
gestion_2017-06-14_32,18,none,,niblack,docling_rapidocr,qwen,1,0,0,0,1,0.0,0.0,0.0,0,,,,,11.562130915,1
gestion_2017-06-14_32,18,none,,otsu,docling_easyocr,qwen,1,0,0,0,1,0.0,0.0,0.0,0,,,,,56.079678885,1
gestion_2017-06-14_32,18,none,,otsu,docling_rapidocr,qwen,1,0,0,0,1,0.0,0.0,0.0,0,,,,,10.943941465,1
gestion_2017-06-14_32,18,none,,yannihorne,docling_rapidocr,qwen,1,0,0,0,1,0.0,0.0,0.0,0,,,,,11.541439644,1
gestion_2017-06-14_32,19,none,,adaptive_gaussian,docling_easyocr,qwen,1,0,0,0,1,0.0,0.0,0.0,0,,,,,56.278810642,1
gestion_2017-06-14_32,19,none,,adaptive_gaussian,docling_rapidocr,qwen,1,0,0,0,1,0.0,0.0,0.0,0,,,,,10.015818022,1
gestion_2017-06-14_32,19,none,,adaptive_mean,docling_easyocr,qwen,1,0,0,0,1,0.0,0.0,0.0,0,,,,,64.676028103,1
gestion_2017-06-14_32,19,none,,adaptive_mean,docling_rapidocr,qwen,1,0,0,0,1,0.0,0.0,0.0,0,,,,,10.974481911,1
gestion_2017-06-14_32,19,none,,basic,docling_easyocr,qwen,1,0,0,0,1,0.0,0.0,0.0,0,,,,,64.973607672,1
gestion_2017-06-14_32,19,none,,basic,docling_rapidocr,qwen,1,0,0,0,1,0.0,0.0,0.0,0,,,,,10.823631895,1
gestion_2017-06-14_32,19,none,,niblack,docling_easyocr,qwen,1,0,0,0,1,0.0,0.0,0.0,0,,,,,66.00630537,1
gestion_2017-06-14_32,19,none,,none_color,docling_easyocr,qwen,1,0,0,0,1,0.0,0.0,0.0,0,,,,,66.951043427,1
gestion_2017-06-14_32,19,none,,none_grayscale,docling_easyocr,qwen,1,0,0,0,1,0.0,0.0,0.0,0,,,,,66.425294697,1
gestion_2017-06-14_32,19,none,,otsu,docling_easyocr,qwen,1,0,0,0,1,0.0,0.0,0.0,0,,,,,64.954574074,1
gestion_2017-06-14_32,19,none,,otsu,docling_rapidocr,qwen,1,0,0,0,1,0.0,0.0,0.0,0,,,,,11.096484388,1
gestion_2017-06-14_32,19,none,,yannihorne,docling_rapidocr,qwen,1,0,0,0,1,0.0,0.0,0.0,0,,,,,11.253269638,1
gestion_2017-06-14_32,20,none,,adaptive_gaussian,docling_rapidocr,qwen,1,0,0,0,1,0.0,0.0,0.0,0,,,,,10.856233781,1
gestion_2017-06-14_32,20,none,,adaptive_mean,docling_easyocr,qwen,1,0,0,0,1,0.0,0.0,0.0,0,,,,,64.828038421,1
gestion_2017-06-14_32,20,none,,adaptive_mean,docling_rapidocr,qwen,1,0,0,0,1,0.0,0.0,0.0,0,,,,,11.259415593,1
gestion_2017-06-14_32,20,none,,basic,docling_easyocr,qwen,1,0,0,0,1,0.0,0.0,0.0,0,,,,,56.487181672,1
gestion_2017-06-14_32,20,none,,basic,docling_rapidocr,qwen,1,0,0,0,1,0.0,0.0,0.0,0,,,,,10.104697713,1
gestion_2017-06-14_32,20,none,,niblack,docling_easyocr,qwen,1,0,0,0,1,0.0,0.0,0.0,0,,,,,66.307278829,1
gestion_2017-06-14_32,20,none,,niblack,docling_rapidocr,qwen,1,0,0,0,1,0.0,0.0,0.0,0,,,,,12.091664272,1
gestion_2017-06-14_32,20,none,,otsu,docling_easyocr,qwen,1,0,0,0,1,0.0,0.0,0.0,0,,,,,65.052651248,1
gestion_2017-06-14_32,20,none,,otsu,docling_rapidocr,qwen,1,0,0,0,1,0.0,0.0,0.0,0,,,,,10.386095843,1
gestion_2017-06-14_32,20,none,,yannihorne,docling_rapidocr,qwen,1,0,0,0,1,0.0,0.0,0.0,0,,,,,9.851479135,1
gestion_2017-06-14_32,21,none,,adaptive_gaussian,docling_easyocr,qwen,1,0,0,0,1,0.0,0.0,0.0,0,,,,,184.489864154,1
gestion_2017-06-14_32,21,none,,adaptive_gaussian,docling_rapidocr,qwen,1,0,0,0,1,0.0,0.0,0.0,0,,,,,104.443455978,1
gestion_2017-06-14_32,21,none,,adaptive_mean,docling_easyocr,qwen,1,0,0,0,1,0.0,0.0,0.0,0,,,,,183.177488557,1
gestion_2017-06-14_32,21,none,,adaptive_mean,docling_rapidocr,qwen,1,0,0,0,1,0.0,0.0,0.0,0,,,,,103.269509307,1
gestion_2017-06-14_32,21,none,,basic,docling_easyocr,qwen,1,2,0,2,1,0.0,0.0,0.0,1,0.03389830508474576,0.2,0.9710589036431733,0.9810126582278481,165.076734338,0
gestion_2017-06-14_32,21,none,,basic,docling_rapidocr,qwen,1,1,0,1,1,0.0,0.0,0.0,1,0.0,0.0,0.9111338100102145,0.9451476793248945,101.271167312,0
gestion_2017-06-14_32,21,none,,niblack,docling_easyocr,qwen,1,0,0,0,1,0.0,0.0,0.0,0,,,,,152.38220013,1
gestion_2017-06-14_32,21,none,,niblack,docling_rapidocr,qwen,1,0,0,0,1,0.0,0.0,0.0,0,,,,,95.392854341,1
gestion_2017-06-14_32,21,none,,none_color,docling_easyocr,qwen,1,2,0,2,1,0.0,0.0,0.0,1,0.03389830508474576,0.2,0.9598229485869936,0.9704641350210971,178.979754409,0
gestion_2017-06-14_32,21,none,,none_color,docling_rapidocr,qwen,1,0,0,0,1,0.0,0.0,0.0,0,,,,,106.922409734,1
gestion_2017-06-14_32,21,none,,none_grayscale,docling_easyocr,qwen,1,2,0,2,1,0.0,0.0,0.0,1,0.03389830508474576,0.2,0.9598229485869936,0.9704641350210971,182.365113935,0
gestion_2017-06-14_32,21,none,,none_grayscale,docling_rapidocr,qwen,1,0,0,0,1,0.0,0.0,0.0,0,,,,,107.325188121,1
gestion_2017-06-14_32,21,none,,otsu,docling_easyocr,qwen,1,1,0,1,1,0.0,0.0,0.0,1,0.03389830508474576,0.2,0.964930200885257,0.9810126582278481,191.65062152,0
gestion_2017-06-14_32,21,none,,otsu,docling_rapidocr,qwen,1,2,0,2,1,0.0,0.0,0.0,1,0.0,0.0,0.8157984337759618,0.919831223628692,107.041742908,0
gestion_2017-06-14_32,22,none,,adaptive_gaussian,docling_easyocr,qwen,1,0,0,0,1,0.0,0.0,0.0,0,,,,,184.514640557,1
gestion_2017-06-14_32,22,none,,adaptive_gaussian,docling_rapidocr,qwen,1,0,0,0,1,0.0,0.0,0.0,0,,,,,105.301730382,1
gestion_2017-06-14_32,22,none,,adaptive_mean,docling_easyocr,qwen,1,0,0,0,1,0.0,0.0,0.0,0,,,,,183.807206878,1
gestion_2017-06-14_32,22,none,,adaptive_mean,docling_rapidocr,qwen,1,0,0,0,1,0.0,0.0,0.0,0,,,,,104.497926006,1
gestion_2017-06-14_32,22,none,,basic,docling_easyocr,qwen,1,2,0,2,1,0.0,0.0,0.0,1,0.03389830508474576,0.2,0.9625468164794008,0.9746835443037974,190.429368785,0
gestion_2017-06-14_32,22,none,,basic,docling_rapidocr,qwen,1,0,0,0,1,0.0,0.0,0.0,0,,,,,107.432548335,1
gestion_2017-06-14_32,22,none,,niblack,docling_easyocr,qwen,1,0,0,0,1,0.0,0.0,0.0,0,,,,,152.587816621,1
gestion_2017-06-14_32,22,none,,niblack,docling_rapidocr,qwen,1,0,0,0,1,0.0,0.0,0.0,0,,,,,95.570696975,1
gestion_2017-06-14_32,22,none,,none_color,docling_easyocr,qwen,1,1,0,1,1,0.0,0.0,0.0,1,0.03389830508474576,0.2,0.898876404494382,0.9451476793248945,189.117526986,0
gestion_2017-06-14_32,22,none,,none_color,docling_rapidocr,qwen,1,3,1,2,0,0.333333,1.0,0.5,1,0.0,0.0,0.5730337078651685,0.6687763713080169,108.514897802,0
gestion_2017-06-14_32,22,none,,none_grayscale,docling_easyocr,qwen,1,1,0,1,1,0.0,0.0,0.0,1,0.03389830508474576,0.2,0.898876404494382,0.9451476793248945,187.82425759,0
gestion_2017-06-14_32,22,none,,none_grayscale,docling_rapidocr,qwen,1,3,1,2,0,0.333333,1.0,0.5,1,0.0,0.0,0.5730337078651685,0.6687763713080169,107.84873245,0
gestion_2017-06-14_32,22,none,,otsu,docling_easyocr,qwen,1,0,0,0,1,0.0,0.0,0.0,0,,,,,191.383104686,1
gestion_2017-06-14_32,22,none,,otsu,docling_rapidocr,qwen,1,0,0,0,1,0.0,0.0,0.0,0,,,,,107.655374412,1
gestion_2017-06-14_32,23,none,,adaptive_gaussian,docling_easyocr,qwen,1,0,0,0,1,0.0,0.0,0.0,0,,,,,182.642992311,1
gestion_2017-06-14_32,23,none,,adaptive_gaussian,docling_rapidocr,qwen,1,0,0,0,1,0.0,0.0,0.0,0,,,,,105.747138314,1
gestion_2017-06-14_32,23,none,,adaptive_mean,docling_easyocr,qwen,1,0,0,0,1,0.0,0.0,0.0,0,,,,,177.625849082,1
gestion_2017-06-14_32,23,none,,adaptive_mean,docling_rapidocr,qwen,1,0,0,0,1,0.0,0.0,0.0,0,,,,,104.634430482,1
gestion_2017-06-14_32,23,none,,basic,docling_easyocr,qwen,1,2,0,2,1,0.0,0.0,0.0,1,0.03389830508474576,0.2,0.9380320054477358,0.959915611814346,163.373030301,0
gestion_2017-06-14_32,23,none,,basic,docling_rapidocr,qwen,1,1,0,1,1,0.0,0.0,0.0,1,0.0,0.0,0.9598229485869936,0.9704641350210971,98.364042875,0
gestion_2017-06-14_32,23,none,,niblack,docling_easyocr,qwen,1,0,0,0,1,0.0,0.0,0.0,0,,,,,144.19520654,1
gestion_2017-06-14_32,23,none,,niblack,docling_rapidocr,qwen,1,0,0,0,1,0.0,0.0,0.0,0,,,,,96.930814403,1
gestion_2017-06-14_32,23,none,,none_color,docling_easyocr,qwen,1,0,0,0,1,0.0,0.0,0.0,0,,,,,186.716449542,1
gestion_2017-06-14_32,23,none,,none_color,docling_rapidocr,qwen,1,1,1,0,0,1.0,1.0,1.0,1,0.0,0.0,0.5805243445692884,0.7046413502109705,104.9934936,0
gestion_2017-06-14_32,23,none,,none_grayscale,docling_easyocr,qwen,1,0,0,0,1,0.0,0.0,0.0,0,,,,,187.880692764,1
gestion_2017-06-14_32,23,none,,none_grayscale,docling_rapidocr,qwen,1,1,1,0,0,1.0,1.0,1.0,1,0.0,0.0,0.5805243445692884,0.7046413502109705,108.640608354,0
gestion_2017-06-14_32,23,none,,otsu,docling_easyocr,qwen,1,2,0,2,1,0.0,0.0,0.0,1,0.03389830508474576,0.2,0.9710589036431733,0.9852320675105485,166.07176418,0
gestion_2017-06-14_32,23,none,,otsu,docling_rapidocr,qwen,1,3,0,3,1,0.0,0.0,0.0,1,0.0,0.0,0.9114742934967655,0.9451476793248945,104.69809098,0
gestion_2017-06-14_32,24,none,,adaptive_gaussian,docling_easyocr,qwen,1,0,0,0,1,0.0,0.0,0.0,0,,,,,93.609995042,1
gestion_2017-06-14_32,24,none,,adaptive_gaussian,docling_rapidocr,qwen,1,0,0,0,1,0.0,0.0,0.0,0,,,,,13.432392513,1
gestion_2017-06-14_32,24,none,,adaptive_mean,docling_easyocr,qwen,1,0,0,0,1,0.0,0.0,0.0,0,,,,,101.555362566,1
gestion_2017-06-14_32,24,none,,adaptive_mean,docling_rapidocr,qwen,1,0,0,0,1,0.0,0.0,0.0,0,,,,,20.353575332,1
gestion_2017-06-14_32,24,none,,basic,docling_easyocr,qwen,1,0,0,0,1,0.0,0.0,0.0,0,,,,,87.880104448,1
gestion_2017-06-14_32,24,none,,basic,docling_rapidocr,qwen,1,0,0,0,1,0.0,0.0,0.0,0,,,,,20.505069162,1
gestion_2017-06-14_32,24,none,,niblack,docling_easyocr,qwen,1,0,0,0,1,0.0,0.0,0.0,0,,,,,57.273220134,1
gestion_2017-06-14_32,24,none,,niblack,docling_rapidocr,qwen,1,0,0,0,1,0.0,0.0,0.0,0,,,,,10.81162746,1
gestion_2017-06-14_32,24,none,,none_color,docling_easyocr,qwen,1,3,0,3,1,0.0,0.0,0.0,1,0.03389830508474576,0.2,0.6905005107252298,0.919831223628692,80.49385333,0
gestion_2017-06-14_32,24,none,,none_color,docling_rapidocr,qwen,1,0,0,0,1,0.0,0.0,0.0,0,,,,,22.717865944,1
gestion_2017-06-14_32,24,none,,none_grayscale,docling_easyocr,qwen,1,1,1,0,0,1.0,1.0,1.0,1,0.03389830508474576,0.2,0.6009533537623425,0.7742616033755274,90.882440401,0
gestion_2017-06-14_32,24,none,,none_grayscale,docling_rapidocr,qwen,1,0,0,0,1,0.0,0.0,0.0,0,,,,,22.277318311,1
gestion_2017-06-14_32,24,none,,otsu,docling_easyocr,qwen,1,1,0,1,1,0.0,0.0,0.0,1,0.864406779661017,1.0,0.7613210759278175,0.8185654008438819,92.235073068,0
gestion_2017-06-14_32,24,none,,otsu,docling_rapidocr,qwen,1,0,0,0,1,0.0,0.0,0.0,0,,,,,22.4182143,1
gestion_2017-06-14_32,25,none,,adaptive_gaussian,docling_easyocr,qwen,1,0,0,0,1,0.0,0.0,0.0,0,,,,,88.432751178,1
gestion_2017-06-14_32,25,none,,adaptive_gaussian,docling_rapidocr,qwen,1,0,0,0,1,0.0,0.0,0.0,0,,,,,11.742274046,1
gestion_2017-06-14_32,25,none,,adaptive_mean,docling_easyocr,qwen,1,0,0,0,1,0.0,0.0,0.0,0,,,,,78.325221414,1
gestion_2017-06-14_32,25,none,,adaptive_mean,docling_rapidocr,qwen,1,0,0,0,1,0.0,0.0,0.0,0,,,,,11.966614837,1
gestion_2017-06-14_32,25,none,,basic,docling_easyocr,qwen,1,0,0,0,1,0.0,0.0,0.0,0,,,,,91.400348343,1
gestion_2017-06-14_32,25,none,,basic,docling_rapidocr,qwen,1,0,0,0,1,0.0,0.0,0.0,0,,,,,23.687695898,1
gestion_2017-06-14_32,25,none,,niblack,docling_easyocr,qwen,1,0,0,0,1,0.0,0.0,0.0,0,,,,,66.389610519,1
gestion_2017-06-14_32,25,none,,niblack,docling_rapidocr,qwen,1,0,0,0,1,0.0,0.0,0.0,0,,,,,10.352996339,1
gestion_2017-06-14_32,25,none,,none_color,docling_easyocr,qwen,1,1,1,0,0,1.0,1.0,1.0,1,0.03389830508474576,0.2,0.5781409601634321,0.729957805907173,89.685772979,0
gestion_2017-06-14_32,25,none,,none_color,docling_rapidocr,qwen,1,0,0,0,1,0.0,0.0,0.0,0,,,,,19.835981214,1
gestion_2017-06-14_32,25,none,,none_grayscale,docling_easyocr,qwen,1,3,0,3,1,0.0,0.0,0.0,1,0.3050847457627119,0.4,0.8181818181818182,0.8987341772151899,84.69002334,0
gestion_2017-06-14_32,25,none,,none_grayscale,docling_rapidocr,qwen,1,4,1,3,0,0.25,1.0,0.4,1,0.0,0.0,0.5812053115423902,0.6856540084388185,20.199615396,0
gestion_2017-06-14_32,25,none,,otsu,docling_easyocr,qwen,1,0,0,0,1,0.0,0.0,0.0,0,,,,,93.83997232,1
gestion_2017-06-14_32,25,none,,otsu,docling_rapidocr,qwen,1,0,0,0,1,0.0,0.0,0.0,0,,,,,22.441799703,1
gestion_2017-06-14_32,26,none,,adaptive_gaussian,docling_easyocr,qwen,1,0,0,0,1,0.0,0.0,0.0,0,,,,,100.180867599,1
gestion_2017-06-14_32,26,none,,adaptive_gaussian,docling_rapidocr,qwen,1,0,0,0,1,0.0,0.0,0.0,0,,,,,17.459983276,1
gestion_2017-06-14_32,26,none,,adaptive_mean,docling_easyocr,qwen,1,0,0,0,1,0.0,0.0,0.0,0,,,,,101.946974941,1
gestion_2017-06-14_32,26,none,,adaptive_mean,docling_rapidocr,qwen,1,0,0,0,1,0.0,0.0,0.0,0,,,,,20.654663273,1
gestion_2017-06-14_32,26,none,,basic,docling_easyocr,qwen,1,1,0,1,1,0.0,0.0,0.0,1,1.576271186440678,2.0,0.7558733401430031,0.8523206751054853,79.42653655,0
gestion_2017-06-14_32,26,none,,basic,docling_rapidocr,qwen,1,0,0,0,1,0.0,0.0,0.0,0,,,,,23.285293092,1
gestion_2017-06-14_32,26,none,,niblack,docling_easyocr,qwen,1,0,0,0,1,0.0,0.0,0.0,0,,,,,67.07822467,1
gestion_2017-06-14_32,26,none,,niblack,docling_rapidocr,qwen,1,0,0,0,1,0.0,0.0,0.0,0,,,,,10.682074796,1
gestion_2017-06-14_32,26,none,,none_color,docling_easyocr,qwen,1,4,0,4,1,0.0,0.0,0.0,1,0.03389830508474576,0.2,0.5968675519237318,0.7805907172995781,81.470790065,0
gestion_2017-06-14_32,26,none,,none_color,docling_rapidocr,qwen,1,0,0,0,1,0.0,0.0,0.0,0,,,,,22.894673265,1
gestion_2017-06-14_32,26,none,,none_grayscale,docling_easyocr,qwen,1,4,0,4,1,0.0,0.0,0.0,1,0.03389830508474576,0.2,0.5968675519237318,0.7805907172995781,92.414567627,0
gestion_2017-06-14_32,26,none,,none_grayscale,docling_rapidocr,qwen,1,0,0,0,1,0.0,0.0,0.0,0,,,,,23.113669313,1
gestion_2017-06-14_32,26,none,,otsu,docling_easyocr,qwen,1,0,0,0,1,0.0,0.0,0.0,0,,,,,91.655575815,1
gestion_2017-06-14_32,26,none,,otsu,docling_rapidocr,qwen,1,3,0,3,1,0.0,0.0,0.0,1,1.5932203389830508,2.1,0.6503234593122234,0.6983122362869199,22.701270404,0
gestion_2017-06-14_32,27,none,,adaptive_gaussian,docling_easyocr,qwen,1,0,0,0,1,0.0,0.0,0.0,0,,,,,95.314280107,1
gestion_2017-06-14_32,27,none,,adaptive_gaussian,docling_rapidocr,qwen,1,0,0,0,1,0.0,0.0,0.0,0,,,,,20.848153665,1
gestion_2017-06-14_32,27,none,,adaptive_mean,docling_easyocr,qwen,1,0,0,0,1,0.0,0.0,0.0,0,,,,,97.006664537,1
gestion_2017-06-14_32,27,none,,adaptive_mean,docling_rapidocr,qwen,1,0,0,0,1,0.0,0.0,0.0,0,,,,,20.1109946,1
gestion_2017-06-14_32,27,none,,basic,docling_easyocr,qwen,1,1,0,1,1,0.0,0.0,0.0,1,1.0,1.0,0.6118488253319714,0.8670886075949367,78.467999284,0
gestion_2017-06-14_32,27,none,,basic,docling_rapidocr,qwen,1,0,0,0,1,0.0,0.0,0.0,0,,,,,18.710397785,1
gestion_2017-06-14_32,27,none,,niblack,docling_easyocr,qwen,1,0,0,0,1,0.0,0.0,0.0,0,,,,,67.053887048,1
gestion_2017-06-14_32,27,none,,niblack,docling_rapidocr,qwen,1,0,0,0,1,0.0,0.0,0.0,0,,,,,11.009316841,1
gestion_2017-06-14_32,27,none,,none_color,docling_easyocr,qwen,1,1,1,0,0,1.0,1.0,1.0,1,0.03389830508474576,0.2,0.5767790262172284,0.6983122362869199,85.457544008,0
gestion_2017-06-14_32,27,none,,none_color,docling_rapidocr,qwen,1,0,0,0,1,0.0,0.0,0.0,0,,,,,22.529556671,1
gestion_2017-06-14_32,27,none,,none_grayscale,docling_easyocr,qwen,1,0,0,0,1,0.0,0.0,0.0,0,,,,,85.014668695,1
gestion_2017-06-14_32,27,none,,none_grayscale,docling_rapidocr,qwen,1,4,0,4,1,0.0,0.0,0.0,1,0.0,0.0,0.6424923391215526,0.879746835443038,22.773809187,0
gestion_2017-06-14_32,27,none,,otsu,docling_easyocr,qwen,1,0,0,0,1,0.0,0.0,0.0,0,,,,,91.323588031,1
gestion_2017-06-14_32,27,none,,otsu,docling_rapidocr,qwen,1,0,0,0,1,0.0,0.0,0.0,0,,,,,22.376687187,1
gestion_2017-06-14_32,28,none,,adaptive_gaussian,docling_easyocr,qwen,1,0,0,0,1,0.0,0.0,0.0,0,,,,,93.200026931,1
gestion_2017-06-14_32,28,none,,adaptive_gaussian,docling_rapidocr,qwen,1,0,0,0,1,0.0,0.0,0.0,0,,,,,14.143242063,1
gestion_2017-06-14_32,28,none,,adaptive_mean,docling_easyocr,qwen,1,0,0,0,1,0.0,0.0,0.0,0,,,,,94.87653626,1
gestion_2017-06-14_32,28,none,,adaptive_mean,docling_rapidocr,qwen,1,0,0,0,1,0.0,0.0,0.0,0,,,,,19.869603286,1
gestion_2017-06-14_32,28,none,,basic,docling_easyocr,qwen,1,0,0,0,1,0.0,0.0,0.0,0,,,,,91.672521452,1
gestion_2017-06-14_32,28,none,,basic,docling_rapidocr,qwen,1,1,0,1,1,0.0,0.0,0.0,1,1.5932203389830508,2.1,0.48893428668709565,0.5822784810126582,21.733214,0
gestion_2017-06-14_32,28,none,,niblack,docling_easyocr,qwen,1,0,0,0,1,0.0,0.0,0.0,0,,,,,65.688891271,1
gestion_2017-06-14_32,28,none,,niblack,docling_rapidocr,qwen,1,0,0,0,1,0.0,0.0,0.0,0,,,,,11.305004695,1
gestion_2017-06-14_32,28,none,,none_color,docling_easyocr,qwen,1,3,0,3,1,0.0,0.0,0.0,1,0.03389830508474576,0.2,0.6261491317671093,0.8270042194092827,80.94329169,0
gestion_2017-06-14_32,28,none,,none_color,docling_rapidocr,qwen,1,5,0,5,1,0.0,0.0,0.0,1,0.2542372881355932,0.3,0.5931222335716718,0.6645569620253164,23.159606483,0
gestion_2017-06-14_32,28,none,,none_grayscale,docling_easyocr,qwen,1,0,0,0,1,0.0,0.0,0.0,0,,,,,85.381474117,1
gestion_2017-06-14_32,28,none,,none_grayscale,docling_rapidocr,qwen,1,4,0,4,1,0.0,0.0,0.0,1,0.2033898305084746,0.3,0.6268300987402111,0.7362869198312236,19.59906421,0
gestion_2017-06-14_32,28,none,,otsu,docling_easyocr,qwen,1,0,0,0,1,0.0,0.0,0.0,0,,,,,91.573031431,1
gestion_2017-06-14_32,28,none,,otsu,docling_rapidocr,qwen,1,0,0,0,1,0.0,0.0,0.0,0,,,,,18.330109602,1
gestion_2017-06-14_32,29,none,,adaptive_gaussian,docling_easyocr,qwen,1,0,0,0,1,0.0,0.0,0.0,0,,,,,84.437898029,1
gestion_2017-06-14_32,29,none,,adaptive_gaussian,docling_rapidocr,qwen,1,0,0,0,1,0.0,0.0,0.0,0,,,,,18.103402961,1
gestion_2017-06-14_32,29,none,,adaptive_mean,docling_easyocr,qwen,1,0,0,0,1,0.0,0.0,0.0,0,,,,,84.69205409,1
gestion_2017-06-14_32,29,none,,adaptive_mean,docling_rapidocr,qwen,1,0,0,0,1,0.0,0.0,0.0,0,,,,,19.630198536,1
gestion_2017-06-14_32,29,none,,basic,docling_easyocr,qwen,1,0,0,0,1,0.0,0.0,0.0,0,,,,,94.603017667,1
gestion_2017-06-14_32,29,none,,basic,docling_rapidocr,qwen,1,1,0,1,1,0.0,0.0,0.0,1,1.5932203389830508,2.0,0.5985699693564862,0.6729957805907173,21.868739704,0
gestion_2017-06-14_32,29,none,,niblack,docling_easyocr,qwen,1,0,0,0,1,0.0,0.0,0.0,0,,,,,66.700101972,1
gestion_2017-06-14_32,29,none,,niblack,docling_rapidocr,qwen,1,0,0,0,1,0.0,0.0,0.0,0,,,,,10.327456356,1
gestion_2017-06-14_32,29,none,,none_color,docling_easyocr,qwen,1,0,0,0,1,0.0,0.0,0.0,0,,,,,91.950889375,4
gestion_2017-06-14_32,29,none,,none_color,docling_rapidocr,qwen,1,0,0,0,1,0.0,0.0,0.0,0,,,,,23.122097757,1
gestion_2017-06-14_32,29,none,,none_grayscale,docling_easyocr,qwen,1,0,0,0,1,0.0,0.0,0.0,0,,,,,90.722166803,4
gestion_2017-06-14_32,29,none,,none_grayscale,docling_rapidocr,qwen,1,0,0,0,1,0.0,0.0,0.0,0,,,,,23.471678522,1
gestion_2017-06-14_32,29,none,,otsu,docling_easyocr,qwen,1,0,0,0,1,0.0,0.0,0.0,0,,,,,90.579710416,1
gestion_2017-06-14_32,29,none,,otsu,docling_rapidocr,qwen,1,0,0,0,1,0.0,0.0,0.0,0,,,,,22.338637046,1
gestion_2017-06-14_32,30,none,,adaptive_gaussian,docling_easyocr,qwen,1,0,0,0,1,0.0,0.0,0.0,0,,,,,94.733050953,1
gestion_2017-06-14_32,30,none,,adaptive_gaussian,docling_rapidocr,qwen,1,2,0,2,1,0.0,0.0,0.0,0,,,,,17.495063434,0
gestion_2017-06-14_32,30,none,,adaptive_mean,docling_easyocr,qwen,1,0,0,0,1,0.0,0.0,0.0,0,,,,,83.478574997,1
gestion_2017-06-14_32,30,none,,adaptive_mean,docling_rapidocr,qwen,1,0,0,0,1,0.0,0.0,0.0,0,,,,,12.836009508,1
gestion_2017-06-14_32,30,none,,basic,docling_easyocr,qwen,1,1,0,1,1,0.0,0.0,0.0,0,,,,,108.076992155,0
gestion_2017-06-14_32,30,none,,basic,docling_rapidocr,qwen,1,1,0,1,1,0.0,0.0,0.0,0,,,,,22.419807792,0
gestion_2017-06-14_32,30,none,,niblack,docling_easyocr,qwen,1,0,0,0,1,0.0,0.0,0.0,0,,,,,68.459442497,1
gestion_2017-06-14_32,30,none,,niblack,docling_rapidocr,qwen,1,0,0,0,1,0.0,0.0,0.0,0,,,,,9.399893404,1
gestion_2017-06-14_32,30,none,,none_color,docling_easyocr,qwen,1,2,0,2,1,0.0,0.0,0.0,1,0.03389830508474576,0.2,0.8113721484508002,0.9535864978902954,95.52016208,0
gestion_2017-06-14_32,30,none,,none_color,docling_rapidocr,qwen,1,0,0,0,1,0.0,0.0,0.0,0,,,,,19.427506183,1
gestion_2017-06-14_32,30,none,,none_grayscale,docling_easyocr,qwen,1,0,0,0,1,0.0,0.0,0.0,0,,,,,81.41262393,1
gestion_2017-06-14_32,30,none,,none_grayscale,docling_rapidocr,qwen,1,1,0,1,1,0.0,0.0,0.0,1,0.0,0.0,0.8379298604017705,0.9641350210970464,22.383181858,0
gestion_2017-06-14_32,30,none,,otsu,docling_easyocr,qwen,1,1,0,1,1,0.0,0.0,0.0,1,0.03389830508474576,0.2,0.7814096016343207,0.9156118143459916,89.101144268,0
gestion_2017-06-14_32,30,none,,otsu,docling_rapidocr,qwen,1,0,0,0,1,0.0,0.0,0.0,0,,,,,19.408619596,1
gestion_2017-06-14_32,31,none,,adaptive_gaussian,docling_easyocr,qwen,1,0,0,0,1,0.0,0.0,0.0,0,,,,,94.234149326,1
gestion_2017-06-14_32,31,none,,adaptive_gaussian,docling_rapidocr,qwen,1,0,0,0,1,0.0,0.0,0.0,0,,,,,19.125011314,1
gestion_2017-06-14_32,31,none,,adaptive_mean,docling_easyocr,qwen,1,0,0,0,1,0.0,0.0,0.0,0,,,,,93.21210898,1
gestion_2017-06-14_32,31,none,,adaptive_mean,docling_rapidocr,qwen,1,0,0,0,1,0.0,0.0,0.0,0,,,,,15.244656931,1
gestion_2017-06-14_32,31,none,,basic,docling_easyocr,qwen,1,0,0,0,1,0.0,0.0,0.0,0,,,,,97.8834456,1
gestion_2017-06-14_32,31,none,,basic,docling_rapidocr,qwen,1,0,0,0,1,0.0,0.0,0.0,0,,,,,22.208792785,1
gestion_2017-06-14_32,31,none,,niblack,docling_easyocr,qwen,1,0,0,0,1,0.0,0.0,0.0,0,,,,,69.02488878,1
gestion_2017-06-14_32,31,none,,niblack,docling_rapidocr,qwen,1,0,0,0,1,0.0,0.0,0.0,0,,,,,11.366185215,1
gestion_2017-06-14_32,31,none,,none_color,docling_easyocr,qwen,1,0,0,0,1,0.0,0.0,0.0,0,,,,,91.859389808,4
gestion_2017-06-14_32,31,none,,none_color,docling_rapidocr,qwen,1,0,0,0,1,0.0,0.0,0.0,0,,,,,22.325027492,1
gestion_2017-06-14_32,31,none,,none_grayscale,docling_easyocr,qwen,1,2,0,2,1,0.0,0.0,0.0,1,0.03389830508474576,0.2,0.6700715015321757,0.7848101265822784,81.033650735,0
gestion_2017-06-14_32,31,none,,none_grayscale,docling_rapidocr,qwen,1,0,0,0,1,0.0,0.0,0.0,0,,,,,22.292569736,1
gestion_2017-06-14_32,31,none,,otsu,docling_easyocr,qwen,1,0,0,0,1,0.0,0.0,0.0,0,,,,,89.799040561,1
gestion_2017-06-14_32,31,none,,otsu,docling_rapidocr,qwen,1,0,0,0,1,0.0,0.0,0.0,0,,,,,21.678453928,1
gestion_2017-06-14_32,32,none,,adaptive_gaussian,docling_easyocr,qwen,1,0,0,0,1,0.0,0.0,0.0,0,,,,,93.657995345,1
gestion_2017-06-14_32,32,none,,adaptive_gaussian,docling_rapidocr,qwen,1,3,0,3,1,0.0,0.0,0.0,0,,,,,18.830509784,0
gestion_2017-06-14_32,32,none,,adaptive_mean,docling_easyocr,qwen,1,0,0,0,1,0.0,0.0,0.0,0,,,,,72.996066401,1
gestion_2017-06-14_32,32,none,,adaptive_mean,docling_rapidocr,qwen,1,0,0,0,1,0.0,0.0,0.0,0,,,,,12.479353021,1
gestion_2017-06-14_32,32,none,,basic,docling_easyocr,qwen,1,2,0,2,1,0.0,0.0,0.0,0,,,,,91.668351285,0
gestion_2017-06-14_32,32,none,,basic,docling_rapidocr,qwen,1,0,0,0,1,0.0,0.0,0.0,0,,,,,20.177498929,1
gestion_2017-06-14_32,32,none,,niblack,docling_easyocr,qwen,1,0,0,0,1,0.0,0.0,0.0,0,,,,,69.419717113,1
gestion_2017-06-14_32,32,none,,niblack,docling_rapidocr,qwen,1,0,0,0,1,0.0,0.0,0.0,0,,,,,11.107443372,1
gestion_2017-06-14_32,32,none,,none_color,docling_easyocr,qwen,1,2,0,2,1,0.0,0.0,0.0,1,0.03389830508474576,0.2,0.6496424923391215,0.8122362869198312,94.930515328,0
gestion_2017-06-14_32,32,none,,none_color,docling_rapidocr,qwen,1,0,0,0,1,0.0,0.0,0.0,0,,,,,21.958720485,1
gestion_2017-06-14_32,32,none,,none_grayscale,docling_easyocr,qwen,1,2,0,2,1,0.0,0.0,0.0,1,0.03389830508474576,0.2,0.7099080694586313,0.8164556962025317,94.295504132,0
gestion_2017-06-14_32,32,none,,none_grayscale,docling_rapidocr,qwen,1,0,0,0,1,0.0,0.0,0.0,0,,,,,22.644718448,1
gestion_2017-06-14_32,32,none,,otsu,docling_easyocr,qwen,1,1,0,1,1,0.0,0.0,0.0,1,0.03389830508474576,0.2,0.9489274770173647,0.9873417721518988,88.655047362,0
gestion_2017-06-14_32,32,none,,otsu,docling_rapidocr,qwen,1,0,0,0,1,0.0,0.0,0.0,0,,,,,16.804280227,1
gestion_2017-06-14_32,33,none,,adaptive_gaussian,docling_easyocr,qwen,1,0,0,0,1,0.0,0.0,0.0,0,,,,,95.571723365,1
gestion_2017-06-14_32,33,none,,adaptive_gaussian,docling_rapidocr,qwen,1,3,0,3,1,0.0,0.0,0.0,0,,,,,20.544840239,0
gestion_2017-06-14_32,33,none,,adaptive_mean,docling_easyocr,qwen,1,0,0,0,1,0.0,0.0,0.0,0,,,,,92.153454633,1
gestion_2017-06-14_32,33,none,,adaptive_mean,docling_rapidocr,qwen,1,1,0,1,1,0.0,0.0,0.0,0,,,,,18.032835813,0
gestion_2017-06-14_32,33,none,,basic,docling_easyocr,qwen,1,0,0,0,1,0.0,0.0,0.0,0,,,,,85.658200397,1
gestion_2017-06-14_32,33,none,,basic,docling_rapidocr,qwen,1,4,0,4,1,0.0,0.0,0.0,1,0.8135593220338984,1.0,0.7684712291453865,0.8016877637130801,22.688672914,0
gestion_2017-06-14_32,33,none,,niblack,docling_easyocr,qwen,1,0,0,0,1,0.0,0.0,0.0,0,,,,,59.792252362,1
gestion_2017-06-14_32,33,none,,niblack,docling_rapidocr,qwen,1,0,0,0,1,0.0,0.0,0.0,0,,,,,11.514793933,1
gestion_2017-06-14_32,33,none,,none_color,docling_easyocr,qwen,1,0,0,0,1,0.0,0.0,0.0,0,,,,,96.772462117,1
gestion_2017-06-14_32,33,none,,none_color,docling_rapidocr,qwen,1,0,0,0,1,0.0,0.0,0.0,0,,,,,23.008893954,1
gestion_2017-06-14_32,33,none,,none_grayscale,docling_easyocr,qwen,1,0,0,0,1,0.0,0.0,0.0,0,,,,,92.392786086,1
gestion_2017-06-14_32,33,none,,none_grayscale,docling_rapidocr,qwen,1,0,0,0,1,0.0,0.0,0.0,0,,,,,22.882292331,1
gestion_2017-06-14_32,33,none,,otsu,docling_easyocr,qwen,1,0,0,0,1,0.0,0.0,0.0,0,,,,,90.995760407,1
gestion_2017-06-14_32,33,none,,otsu,docling_rapidocr,qwen,1,0,0,0,1,0.0,0.0,0.0,0,,,,,19.357331481,1
gestion_2017-06-14_32,34,none,,adaptive_gaussian,docling_easyocr,qwen,1,0,0,0,1,0.0,0.0,0.0,0,,,,,96.607409411,1
gestion_2017-06-14_32,34,none,,adaptive_gaussian,docling_rapidocr,qwen,1,1,0,1,1,0.0,0.0,0.0,0,,,,,19.586352759,0
gestion_2017-06-14_32,34,none,,adaptive_mean,docling_easyocr,qwen,1,0,0,0,1,0.0,0.0,0.0,0,,,,,87.515603995,1
gestion_2017-06-14_32,34,none,,adaptive_mean,docling_rapidocr,qwen,1,0,0,0,1,0.0,0.0,0.0,0,,,,,19.204400516,1
gestion_2017-06-14_32,34,none,,basic,docling_easyocr,qwen,1,4,0,4,1,0.0,0.0,0.0,1,0.847457627118644,1.0,0.8576779026217228,0.9746835443037974,94.277290601,0
gestion_2017-06-14_32,34,none,,basic,docling_rapidocr,qwen,1,0,0,0,1,0.0,0.0,0.0,0,,,,,21.646674174,4
gestion_2017-06-14_32,34,none,,niblack,docling_easyocr,qwen,1,0,0,0,1,0.0,0.0,0.0,0,,,,,66.841365376,1
gestion_2017-06-14_32,34,none,,niblack,docling_rapidocr,qwen,1,0,0,0,1,0.0,0.0,0.0,0,,,,,11.018959084,1
gestion_2017-06-14_32,34,none,,none_color,docling_easyocr,qwen,1,0,0,0,1,0.0,0.0,0.0,0,,,,,91.174057191,1
gestion_2017-06-14_32,34,none,,none_color,docling_rapidocr,qwen,1,1,1,0,0,1.0,1.0,1.0,1,0.0,0.0,0.5628192032686414,0.6645569620253164,20.023522561,0
gestion_2017-06-14_32,34,none,,none_grayscale,docling_easyocr,qwen,1,4,0,4,1,0.0,0.0,0.0,1,0.03389830508474576,0.2,0.7187606401089547,0.8143459915611815,91.15808751,0
gestion_2017-06-14_32,34,none,,none_grayscale,docling_rapidocr,qwen,1,0,0,0,1,0.0,0.0,0.0,0,,,,,19.346983689,1
gestion_2017-06-14_32,34,none,,otsu,docling_easyocr,qwen,1,0,0,0,1,0.0,0.0,0.0,0,,,,,90.790039702,1
gestion_2017-06-14_32,34,none,,otsu,docling_rapidocr,qwen,1,0,0,0,1,0.0,0.0,0.0,0,,,,,22.192870065,1
gestion_2017-06-14_32,35,none,,adaptive_gaussian,docling_easyocr,qwen,1,0,0,0,1,0.0,0.0,0.0,0,,,,,95.748745086,1
gestion_2017-06-14_32,35,none,,adaptive_gaussian,docling_rapidocr,qwen,1,0,0,0,1,0.0,0.0,0.0,0,,,,,17.412488582,1
gestion_2017-06-14_32,35,none,,adaptive_mean,docling_easyocr,qwen,1,0,0,0,1,0.0,0.0,0.0,0,,,,,91.426555299,1
gestion_2017-06-14_32,35,none,,adaptive_mean,docling_rapidocr,qwen,1,1,0,1,1,0.0,0.0,0.0,0,,,,,18.00323286,0
gestion_2017-06-14_32,35,none,,basic,docling_easyocr,qwen,1,5,0,5,1,0.0,0.0,0.0,0,,,,,109.028526252,0
gestion_2017-06-14_32,35,none,,basic,docling_rapidocr,qwen,1,4,0,4,1,0.0,0.0,0.0,1,0.847457627118644,1.0,0.8403132448076268,0.9831223628691983,22.490400975,0
gestion_2017-06-14_32,35,none,,niblack,docling_easyocr,qwen,1,0,0,0,1,0.0,0.0,0.0,0,,,,,68.929009383,1
gestion_2017-06-14_32,35,none,,niblack,docling_rapidocr,qwen,1,0,0,0,1,0.0,0.0,0.0,0,,,,,11.813844626,1
gestion_2017-06-14_32,35,none,,none_color,docling_easyocr,qwen,1,0,0,0,1,0.0,0.0,0.0,0,,,,,82.1255747,1
gestion_2017-06-14_32,35,none,,none_color,docling_rapidocr,qwen,1,0,0,0,1,0.0,0.0,0.0,0,,,,,22.330148808,1
gestion_2017-06-14_32,35,none,,none_grayscale,docling_easyocr,qwen,1,0,0,0,1,0.0,0.0,0.0,0,,,,,84.076410882,1
gestion_2017-06-14_32,35,none,,none_grayscale,docling_rapidocr,qwen,1,0,0,0,1,0.0,0.0,0.0,0,,,,,18.781540982,1
gestion_2017-06-14_32,35,none,,otsu,docling_easyocr,qwen,1,1,1,0,0,1.0,1.0,1.0,1,0.03389830508474576,0.2,0.557371467483827,0.7151898734177216,90.519796866,0
gestion_2017-06-14_32,35,none,,otsu,docling_rapidocr,qwen,1,0,0,0,1,0.0,0.0,0.0,0,,,,,20.009059447,1
gestion_2017-06-14_32,36,none,,adaptive_gaussian,docling_easyocr,qwen,1,0,0,0,1,0.0,0.0,0.0,0,,,,,97.407176671,1
gestion_2017-06-14_32,36,none,,adaptive_gaussian,docling_rapidocr,qwen,1,2,0,2,1,0.0,0.0,0.0,0,,,,,19.625741658,0
gestion_2017-06-14_32,36,none,,adaptive_mean,docling_easyocr,qwen,1,0,0,0,1,0.0,0.0,0.0,0,,,,,95.671557717,1
gestion_2017-06-14_32,36,none,,adaptive_mean,docling_rapidocr,qwen,1,1,0,1,1,0.0,0.0,0.0,0,,,,,17.518800788,0
gestion_2017-06-14_32,36,none,,basic,docling_easyocr,qwen,1,0,0,0,1,0.0,0.0,0.0,0,,,,,106.251262759,1
gestion_2017-06-14_32,36,none,,basic,docling_rapidocr,qwen,1,1,0,1,1,0.0,0.0,0.0,0,,,,,22.052465533,0
gestion_2017-06-14_32,36,none,,niblack,docling_easyocr,qwen,1,0,0,0,1,0.0,0.0,0.0,0,,,,,60.970610734,1
gestion_2017-06-14_32,36,none,,niblack,docling_rapidocr,qwen,1,0,0,0,1,0.0,0.0,0.0,0,,,,,11.224528189,1
gestion_2017-06-14_32,36,none,,none_color,docling_easyocr,qwen,1,2,0,2,1,0.0,0.0,0.0,1,0.03389830508474576,0.2,0.9005788219271366,0.9472573839662447,96.231220505,0
gestion_2017-06-14_32,36,none,,none_color,docling_rapidocr,qwen,1,0,0,0,1,0.0,0.0,0.0,0,,,,,21.90573766,1
gestion_2017-06-14_32,36,none,,none_grayscale,docling_easyocr,qwen,1,1,0,1,1,0.0,0.0,0.0,1,0.03389830508474576,0.2,0.8529111338100103,0.9662447257383966,97.638644789,0
gestion_2017-06-14_32,36,none,,none_grayscale,docling_rapidocr,qwen,1,0,0,0,1,0.0,0.0,0.0,0,,,,,22.003820513,1
gestion_2017-06-14_32,36,none,,otsu,docling_easyocr,qwen,1,0,0,0,1,0.0,0.0,0.0,0,,,,,80.18214202,1
gestion_2017-06-14_32,36,none,,otsu,docling_rapidocr,qwen,1,0,0,0,1,0.0,0.0,0.0,0,,,,,21.408137561,3
gestion_2017-06-14_32,37,none,,adaptive_gaussian,docling_easyocr,qwen,1,0,0,0,1,0.0,0.0,0.0,0,,,,,89.587390412,1
gestion_2017-06-14_32,37,none,,adaptive_gaussian,docling_rapidocr,qwen,1,0,0,0,1,0.0,0.0,0.0,0,,,,,14.051635493,1
gestion_2017-06-14_32,37,none,,adaptive_mean,docling_easyocr,qwen,1,0,0,0,1,0.0,0.0,0.0,0,,,,,85.036362109,1
gestion_2017-06-14_32,37,none,,adaptive_mean,docling_rapidocr,qwen,1,0,0,0,1,0.0,0.0,0.0,0,,,,,20.314911303,1
gestion_2017-06-14_32,37,none,,basic,docling_easyocr,qwen,1,0,0,0,1,0.0,0.0,0.0,0,,,,,98.529065755,1
gestion_2017-06-14_32,37,none,,basic,docling_rapidocr,qwen,1,0,0,0,1,0.0,0.0,0.0,0,,,,,22.816201356,1
gestion_2017-06-14_32,37,none,,niblack,docling_easyocr,qwen,1,0,0,0,1,0.0,0.0,0.0,0,,,,,59.671596621,1
gestion_2017-06-14_32,37,none,,niblack,docling_rapidocr,qwen,1,0,0,0,1,0.0,0.0,0.0,0,,,,,10.56178007,1
gestion_2017-06-14_32,37,none,,none_color,docling_easyocr,qwen,1,1,0,1,1,0.0,0.0,0.0,1,0.03389830508474576,0.2,0.7551923731699013,0.9050632911392406,96.027033879,0
gestion_2017-06-14_32,37,none,,none_color,docling_rapidocr,qwen,1,0,0,0,1,0.0,0.0,0.0,0,,,,,23.057655646,1
gestion_2017-06-14_32,37,none,,none_grayscale,docling_easyocr,qwen,1,0,0,0,1,0.0,0.0,0.0,0,,,,,103.171019223,1
gestion_2017-06-14_32,37,none,,none_grayscale,docling_rapidocr,qwen,1,0,0,0,1,0.0,0.0,0.0,0,,,,,20.015563395,1
gestion_2017-06-14_32,37,none,,otsu,docling_easyocr,qwen,1,0,0,0,1,0.0,0.0,0.0,0,,,,,94.337384991,1
gestion_2017-06-14_32,37,none,,otsu,docling_rapidocr,qwen,1,1,0,1,1,0.0,0.0,0.0,1,1.6271186440677967,2.2,0.6721144024514811,0.7827004219409283,22.253269486,0
gestion_2017-06-14_32,38,none,,adaptive_gaussian,docling_easyocr,qwen,1,0,0,0,1,0.0,0.0,0.0,0,,,,,84.048593987,1
gestion_2017-06-14_32,38,none,,adaptive_gaussian,docling_rapidocr,qwen,1,0,0,0,1,0.0,0.0,0.0,0,,,,,20.360107888,1
gestion_2017-06-14_32,38,none,,adaptive_mean,docling_easyocr,qwen,1,0,0,0,1,0.0,0.0,0.0,0,,,,,82.567559418,1
gestion_2017-06-14_32,38,none,,adaptive_mean,docling_rapidocr,qwen,1,1,0,1,1,0.0,0.0,0.0,0,,,,,18.765555319,0
gestion_2017-06-14_32,38,none,,basic,docling_easyocr,qwen,1,1,0,1,1,0.0,0.0,0.0,0,,,,,92.803098658,0
gestion_2017-06-14_32,38,none,,basic,docling_rapidocr,qwen,1,2,0,2,1,0.0,0.0,0.0,0,,,,,20.900514344,0
gestion_2017-06-14_32,38,none,,niblack,docling_easyocr,qwen,1,0,0,0,1,0.0,0.0,0.0,0,,,,,67.753721476,1
gestion_2017-06-14_32,38,none,,niblack,docling_rapidocr,qwen,1,0,0,0,1,0.0,0.0,0.0,0,,,,,11.848286629,1
gestion_2017-06-14_32,38,none,,none_color,docling_easyocr,qwen,1,1,0,1,1,0.0,0.0,0.0,1,0.03389830508474576,0.2,0.874361593462717,0.9810126582278481,98.593093541,0
gestion_2017-06-14_32,38,none,,none_color,docling_rapidocr,qwen,1,0,0,0,1,0.0,0.0,0.0,0,,,,,22.019158509,1
gestion_2017-06-14_32,38,none,,none_grayscale,docling_easyocr,qwen,1,1,0,1,1,0.0,0.0,0.0,1,0.03389830508474576,0.2,0.874361593462717,0.9810126582278481,85.870336201,0
gestion_2017-06-14_32,38,none,,none_grayscale,docling_rapidocr,qwen,1,0,0,0,1,0.0,0.0,0.0,0,,,,,22.254343894,1
gestion_2017-06-14_32,38,none,,otsu,docling_easyocr,qwen,1,0,0,0,1,0.0,0.0,0.0,0,,,,,98.583936743,1
gestion_2017-06-14_32,38,none,,otsu,docling_rapidocr,qwen,1,1,0,1,1,0.0,0.0,0.0,1,1.0,1.0,0.6196799455226422,0.820675105485232,21.808209471,0
gestion_2017-06-14_32,39,none,,adaptive_gaussian,docling_easyocr,qwen,1,0,0,0,1,0.0,0.0,0.0,0,,,,,127.201216107,1
gestion_2017-06-14_32,39,none,,adaptive_gaussian,docling_rapidocr,qwen,1,0,0,0,1,0.0,0.0,0.0,0,,,,,51.787529593,1
gestion_2017-06-14_32,39,none,,adaptive_mean,docling_easyocr,qwen,1,0,0,0,1,0.0,0.0,0.0,0,,,,,127.825040652,1
gestion_2017-06-14_32,39,none,,adaptive_mean,docling_rapidocr,qwen,1,0,0,0,1,0.0,0.0,0.0,0,,,,,50.71471913,1
gestion_2017-06-14_32,39,none,,basic,docling_easyocr,qwen,1,4,0,4,1,0.0,0.0,0.0,1,0.8135593220338984,1.0,0.8406537282941777,0.9556962025316456,122.089277621,3
gestion_2017-06-14_32,39,none,,basic,docling_rapidocr,qwen,1,0,0,0,1,0.0,0.0,0.0,0,,,,,53.783945437,1
gestion_2017-06-14_32,39,none,,niblack,docling_easyocr,qwen,1,0,0,0,1,0.0,0.0,0.0,0,,,,,88.890725583,1
gestion_2017-06-14_32,39,none,,niblack,docling_rapidocr,qwen,1,0,0,0,1,0.0,0.0,0.0,0,,,,,41.499156684,1
gestion_2017-06-14_32,39,none,,none_color,docling_easyocr,qwen,1,1,1,0,0,1.0,1.0,1.0,1,0.03389830508474576,0.2,0.4804221995233231,0.5991561181434599,111.844098611,0
gestion_2017-06-14_32,39,none,,none_color,docling_rapidocr,qwen,1,0,0,0,1,0.0,0.0,0.0,0,,,,,51.808744235,1
gestion_2017-06-14_32,39,none,,none_grayscale,docling_easyocr,qwen,1,1,0,1,1,0.0,0.0,0.0,1,0.03389830508474576,0.2,0.6298944501191692,0.8122362869198312,121.087807698,0
gestion_2017-06-14_32,39,none,,none_grayscale,docling_rapidocr,qwen,1,0,0,0,1,0.0,0.0,0.0,0,,,,,50.382667346,1
gestion_2017-06-14_32,39,none,,otsu,docling_easyocr,qwen,1,1,0,1,1,0.0,0.0,0.0,1,1.4406779661016949,1.0,0.6435137895812053,0.9135021097046413,110.949658343,0
gestion_2017-06-14_32,39,none,,otsu,docling_rapidocr,qwen,1,0,0,0,1,0.0,0.0,0.0,0,,,,,52.752777049,1
gestion_2017-06-14_32,40,none,,adaptive_gaussian,docling_easyocr,qwen,1,0,0,0,1,0.0,0.0,0.0,0,,,,,107.724025211,1
gestion_2017-06-14_32,40,none,,adaptive_gaussian,docling_rapidocr,qwen,1,0,0,0,1,0.0,0.0,0.0,0,,,,,42.618282518,1
gestion_2017-06-14_32,40,none,,adaptive_mean,docling_easyocr,qwen,1,0,0,0,1,0.0,0.0,0.0,0,,,,,125.33056529,1
gestion_2017-06-14_32,40,none,,adaptive_mean,docling_rapidocr,qwen,1,0,0,0,1,0.0,0.0,0.0,0,,,,,50.441435175,1
gestion_2017-06-14_32,40,none,,basic,docling_easyocr,qwen,1,0,0,0,1,0.0,0.0,0.0,0,,,,,121.0149333,1
gestion_2017-06-14_32,40,none,,basic,docling_rapidocr,qwen,1,0,0,0,1,0.0,0.0,0.0,0,,,,,52.719965172,1
gestion_2017-06-14_32,40,none,,niblack,docling_easyocr,qwen,1,0,0,0,1,0.0,0.0,0.0,0,,,,,96.611408373,1
gestion_2017-06-14_32,40,none,,niblack,docling_rapidocr,qwen,1,0,0,0,1,0.0,0.0,0.0,0,,,,,41.528031012,1
gestion_2017-06-14_32,40,none,,none_color,docling_easyocr,qwen,1,0,0,0,1,0.0,0.0,0.0,0,,,,,120.986361073,1
gestion_2017-06-14_32,40,none,,none_color,docling_rapidocr,qwen,1,3,0,3,1,0.0,0.0,0.0,1,0.0,0.0,0.6601974804221995,0.8143459915611815,53.402785824,0
gestion_2017-06-14_32,40,none,,none_grayscale,docling_easyocr,qwen,1,0,0,0,1,0.0,0.0,0.0,0,,,,,121.439998817,1
gestion_2017-06-14_32,40,none,,none_grayscale,docling_rapidocr,qwen,1,3,0,3,1,0.0,0.0,0.0,1,0.22033898305084745,0.3,0.6489615253660197,0.8270042194092827,50.003600073,0
gestion_2017-06-14_32,40,none,,otsu,docling_easyocr,qwen,1,0,0,0,1,0.0,0.0,0.0,0,,,,,122.133462454,1
gestion_2017-06-14_32,40,none,,otsu,docling_rapidocr,qwen,1,0,0,0,1,0.0,0.0,0.0,0,,,,,50.007896687,1
gestion_2017-06-14_32,41,none,,adaptive_gaussian,docling_easyocr,qwen,1,0,0,0,1,0.0,0.0,0.0,0,,,,,128.165984615,1
gestion_2017-06-14_32,41,none,,adaptive_gaussian,docling_rapidocr,qwen,1,0,0,0,1,0.0,0.0,0.0,0,,,,,52.869726643,1
gestion_2017-06-14_32,41,none,,adaptive_mean,docling_easyocr,qwen,1,0,0,0,1,0.0,0.0,0.0,0,,,,,125.192250662,1
gestion_2017-06-14_32,41,none,,adaptive_mean,docling_rapidocr,qwen,1,0,0,0,1,0.0,0.0,0.0,0,,,,,49.838872366,1
gestion_2017-06-14_32,41,none,,basic,docling_easyocr,qwen,1,0,0,0,1,0.0,0.0,0.0,0,,,,,125.80665419,1
gestion_2017-06-14_32,41,none,,basic,docling_rapidocr,qwen,1,0,0,0,1,0.0,0.0,0.0,0,,,,,53.105419611,1
gestion_2017-06-14_32,41,none,,niblack,docling_easyocr,qwen,1,0,0,0,1,0.0,0.0,0.0,0,,,,,97.750106279,1
gestion_2017-06-14_32,41,none,,niblack,docling_rapidocr,qwen,1,0,0,0,1,0.0,0.0,0.0,0,,,,,41.429109995,1
gestion_2017-06-14_32,41,none,,none_color,docling_easyocr,qwen,1,1,1,0,0,1.0,1.0,1.0,1,0.03389830508474576,0.2,0.5975485188968335,0.7637130801687764,121.720130108,0
gestion_2017-06-14_32,41,none,,none_color,docling_rapidocr,qwen,1,0,0,0,1,0.0,0.0,0.0,0,,,,,53.050995968,1
gestion_2017-06-14_32,41,none,,none_grayscale,docling_easyocr,qwen,1,1,1,0,0,1.0,1.0,1.0,1,0.03389830508474576,0.2,0.5975485188968335,0.7637130801687764,122.582276485,0
gestion_2017-06-14_32,41,none,,none_grayscale,docling_rapidocr,qwen,1,0,0,0,1,0.0,0.0,0.0,0,,,,,52.971570633,1
gestion_2017-06-14_32,41,none,,otsu,docling_easyocr,qwen,1,1,0,1,1,0.0,0.0,0.0,1,1.4745762711864407,1.0,0.8304392236976507,0.9029535864978903,122.258731174,0
gestion_2017-06-14_32,41,none,,otsu,docling_rapidocr,qwen,1,0,0,0,1,0.0,0.0,0.0,0,,,,,52.35523634,1
gestion_2017-06-14_32,42,none,,adaptive_gaussian,docling_easyocr,qwen,1,0,0,0,1,0.0,0.0,0.0,0,,,,,76.106418228,1
gestion_2017-06-14_32,42,none,,adaptive_gaussian,docling_rapidocr,qwen,1,0,0,0,1,0.0,0.0,0.0,0,,,,,10.060755348,1
gestion_2017-06-14_32,42,none,,adaptive_mean,docling_easyocr,qwen,1,0,0,0,1,0.0,0.0,0.0,0,,,,,76.658276197,1
gestion_2017-06-14_32,42,none,,adaptive_mean,docling_rapidocr,qwen,1,0,0,0,1,0.0,0.0,0.0,0,,,,,10.945763466,1
gestion_2017-06-14_32,42,none,,basic,docling_easyocr,qwen,1,0,0,0,1,0.0,0.0,0.0,0,,,,,94.311499443,1
gestion_2017-06-14_32,42,none,,basic,docling_rapidocr,qwen,1,3,0,3,1,0.0,0.0,0.0,1,2.6779661016949152,2.7,0.7773237997957099,0.9071729957805907,19.403622475,0
gestion_2017-06-14_32,42,none,,niblack,docling_easyocr,qwen,1,0,0,0,1,0.0,0.0,0.0,0,,,,,65.01862322,1
gestion_2017-06-14_32,42,none,,niblack,docling_rapidocr,qwen,1,0,0,0,1,0.0,0.0,0.0,0,,,,,11.389728415,1
gestion_2017-06-14_32,42,none,,none_color,docling_easyocr,qwen,1,0,0,0,1,0.0,0.0,0.0,0,,,,,81.407604231,1
gestion_2017-06-14_32,42,none,,none_color,docling_rapidocr,qwen,1,1,0,1,1,0.0,0.0,0.0,1,1.0,1.0,0.7691521961184883,0.8987341772151899,21.047461523,0
gestion_2017-06-14_32,42,none,,none_grayscale,docling_easyocr,qwen,1,1,0,1,1,0.0,0.0,0.0,1,0.8983050847457628,1.1,0.6887980932924753,0.8670886075949367,93.938264456,0
gestion_2017-06-14_32,42,none,,none_grayscale,docling_rapidocr,qwen,1,1,0,1,1,0.0,0.0,0.0,1,0.8305084745762712,1.0,0.8787878787878788,0.9156118143459916,22.088398066,0
gestion_2017-06-14_32,42,none,,otsu,docling_easyocr,qwen,1,0,0,0,1,0.0,0.0,0.0,0,,,,,94.28118252,1
gestion_2017-06-14_32,42,none,,otsu,docling_rapidocr,qwen,1,1,0,1,1,0.0,0.0,0.0,1,0.8135593220338984,1.0,0.7953694245829077,0.930379746835443,12.364903442,0
gestion_2017-06-14_32,43,none,,adaptive_gaussian,docling_easyocr,qwen,1,0,0,0,1,0.0,0.0,0.0,0,,,,,71.264964634,1
gestion_2017-06-14_32,43,none,,adaptive_gaussian,docling_rapidocr,qwen,1,0,0,0,1,0.0,0.0,0.0,0,,,,,10.603963905,1
gestion_2017-06-14_32,43,none,,adaptive_mean,docling_easyocr,qwen,1,0,0,0,1,0.0,0.0,0.0,0,,,,,64.704090597,1
gestion_2017-06-14_32,43,none,,adaptive_mean,docling_rapidocr,qwen,1,0,0,0,1,0.0,0.0,0.0,0,,,,,10.828274013,1
gestion_2017-06-14_32,43,none,,basic,docling_easyocr,qwen,1,0,0,0,1,0.0,0.0,0.0,0,,,,,93.696937771,1
gestion_2017-06-14_32,43,none,,basic,docling_rapidocr,qwen,1,0,0,0,1,0.0,0.0,0.0,0,,,,,11.390189857,1
gestion_2017-06-14_32,43,none,,niblack,docling_easyocr,qwen,1,0,0,0,1,0.0,0.0,0.0,0,,,,,59.583207838,1
gestion_2017-06-14_32,43,none,,niblack,docling_rapidocr,qwen,1,0,0,0,1,0.0,0.0,0.0,0,,,,,11.14406728,1
gestion_2017-06-14_32,43,none,,none_color,docling_easyocr,qwen,1,0,0,0,1,0.0,0.0,0.0,0,,,,,97.879854816,1
gestion_2017-06-14_32,43,none,,none_color,docling_rapidocr,qwen,1,0,0,0,1,0.0,0.0,0.0,0,,,,,21.906813282,1
gestion_2017-06-14_32,43,none,,none_grayscale,docling_easyocr,qwen,1,0,0,0,1,0.0,0.0,0.0,0,,,,,97.912495346,1
gestion_2017-06-14_32,43,none,,none_grayscale,docling_rapidocr,qwen,1,3,0,3,1,0.0,0.0,0.0,1,1.6779661016949152,2.2,0.7279536942458291,0.9113924050632911,18.323702784,0
gestion_2017-06-14_32,43,none,,otsu,docling_easyocr,qwen,1,0,0,0,1,0.0,0.0,0.0,0,,,,,93.503903267,1
gestion_2017-06-14_32,43,none,,otsu,docling_rapidocr,qwen,1,0,0,0,1,0.0,0.0,0.0,0,,,,,11.718087551,1
gestion_2017-06-14_32,44,none,,adaptive_gaussian,docling_easyocr,qwen,1,0,0,0,1,0.0,0.0,0.0,0,,,,,91.366120171,1
gestion_2017-06-14_32,44,none,,adaptive_gaussian,docling_rapidocr,qwen,1,0,0,0,1,0.0,0.0,0.0,0,,,,,9.688779187,1
gestion_2017-06-14_32,44,none,,adaptive_mean,docling_easyocr,qwen,1,0,0,0,1,0.0,0.0,0.0,0,,,,,94.263055178,1
gestion_2017-06-14_32,44,none,,adaptive_mean,docling_rapidocr,qwen,1,0,0,0,1,0.0,0.0,0.0,0,,,,,9.884189459,1
gestion_2017-06-14_32,44,none,,basic,docling_easyocr,qwen,1,0,0,0,1,0.0,0.0,0.0,0,,,,,108.292676583,1
gestion_2017-06-14_32,44,none,,basic,docling_rapidocr,qwen,1,1,0,1,1,0.0,0.0,0.0,1,0.847457627118644,1.0,0.7323799795709908,0.8375527426160337,19.853476897,0
gestion_2017-06-14_32,44,none,,niblack,docling_easyocr,qwen,1,0,0,0,1,0.0,0.0,0.0,0,,,,,73.446978651,1
gestion_2017-06-14_32,44,none,,niblack,docling_rapidocr,qwen,1,0,0,0,1,0.0,0.0,0.0,0,,,,,12.176438891,1
gestion_2017-06-14_32,44,none,,none_color,docling_easyocr,qwen,1,1,0,1,1,0.0,0.0,0.0,1,0.8135593220338984,1.0,0.6772216547497446,0.8248945147679325,93.723694624,0
gestion_2017-06-14_32,44,none,,none_color,docling_rapidocr,qwen,1,1,0,1,1,0.0,0.0,0.0,1,1.576271186440678,2.1,0.853592100783112,0.9704641350210971,22.413581671,0
gestion_2017-06-14_32,44,none,,none_grayscale,docling_easyocr,qwen,1,1,0,1,1,0.0,0.0,0.0,1,0.8135593220338984,1.0,0.6772216547497446,0.8248945147679325,81.820460858,0
gestion_2017-06-14_32,44,none,,none_grayscale,docling_rapidocr,qwen,1,1,0,1,1,0.0,0.0,0.0,1,1.576271186440678,2.1,0.853592100783112,0.9704641350210971,22.863836112,0
gestion_2017-06-14_32,44,none,,otsu,docling_easyocr,qwen,1,0,0,0,1,0.0,0.0,0.0,0,,,,,110.116933552,1
gestion_2017-06-14_32,44,none,,otsu,docling_rapidocr,qwen,1,2,0,2,1,0.0,0.0,0.0,1,0.8305084745762712,1.0,0.8767449778685734,0.9261603375527426,15.941221444,1
gestion_2017-06-14_32,45,none,,adaptive_gaussian,docling_rapidocr,qwen,1,0,0,0,1,0.0,0.0,0.0,0,,,,,11.680046727,1
gestion_2017-06-14_32,45,none,,adaptive_mean,docling_easyocr,qwen,1,0,0,0,1,0.0,0.0,0.0,0,,,,,64.587944935,1
gestion_2017-06-14_32,45,none,,adaptive_mean,docling_rapidocr,qwen,1,0,0,0,1,0.0,0.0,0.0,0,,,,,12.155909489,1
gestion_2017-06-14_32,45,none,,basic,docling_easyocr,qwen,1,0,0,0,1,0.0,0.0,0.0,0,,,,,65.050061219,1
gestion_2017-06-14_32,45,none,,basic,docling_rapidocr,qwen,1,0,0,0,1,0.0,0.0,0.0,0,,,,,11.258721106,1
gestion_2017-06-14_32,45,none,,niblack,docling_easyocr,qwen,1,0,0,0,1,0.0,0.0,0.0,0,,,,,65.876759232,1
gestion_2017-06-14_32,45,none,,none_color,docling_easyocr,qwen,1,0,0,0,1,0.0,0.0,0.0,0,,,,,73.021498362,1
gestion_2017-06-14_32,45,none,,none_grayscale,docling_easyocr,qwen,1,0,0,0,1,0.0,0.0,0.0,0,,,,,68.830776135,1
gestion_2017-06-14_32,45,none,,otsu,docling_easyocr,qwen,1,0,0,0,1,0.0,0.0,0.0,0,,,,,64.07890231,1
gestion_2017-06-14_32,45,none,,otsu,docling_rapidocr,qwen,1,0,0,0,1,0.0,0.0,0.0,0,,,,,10.313638276,1
gestion_2017-06-14_32,45,none,,yannihorne,docling_rapidocr,qwen,1,0,0,0,1,0.0,0.0,0.0,0,,,,,11.152746743,1
gestion_2017-06-14_32,46,none,,adaptive_gaussian,docling_easyocr,qwen,1,0,0,0,1,0.0,0.0,0.0,0,,,,,64.431313973,1
gestion_2017-06-14_32,46,none,,adaptive_gaussian,docling_rapidocr,qwen,1,0,0,0,1,0.0,0.0,0.0,0,,,,,10.925603848,1
gestion_2017-06-14_32,46,none,,adaptive_mean,docling_easyocr,qwen,1,0,0,0,1,0.0,0.0,0.0,0,,,,,65.019657946,1
gestion_2017-06-14_32,46,none,,adaptive_mean,docling_rapidocr,qwen,1,0,0,0,1,0.0,0.0,0.0,0,,,,,9.654306984,1
gestion_2017-06-14_32,46,none,,basic,docling_easyocr,qwen,1,0,0,0,1,0.0,0.0,0.0,0,,,,,55.942703457,1
gestion_2017-06-14_32,46,none,,basic,docling_rapidocr,qwen,1,0,0,0,1,0.0,0.0,0.0,0,,,,,11.602312298,1
gestion_2017-06-14_32,46,none,,niblack,docling_easyocr,qwen,1,0,0,0,1,0.0,0.0,0.0,0,,,,,57.835215468,1
gestion_2017-06-14_32,46,none,,none_color,docling_easyocr,qwen,1,0,0,0,1,0.0,0.0,0.0,0,,,,,66.409412522,1
gestion_2017-06-14_32,46,none,,none_grayscale,docling_easyocr,qwen,1,0,0,0,1,0.0,0.0,0.0,0,,,,,58.479027171,1
gestion_2017-06-14_32,46,none,,otsu,docling_easyocr,qwen,1,0,0,0,1,0.0,0.0,0.0,0,,,,,55.988135859,1
gestion_2017-06-14_32,46,none,,otsu,docling_rapidocr,qwen,1,0,0,0,1,0.0,0.0,0.0,0,,,,,10.728795811,1
gestion_2017-06-14_32,46,none,,yannihorne,docling_rapidocr,qwen,1,0,0,0,1,0.0,0.0,0.0,0,,,,,10.878741785,1
gestion_2017-06-14_32,47,none,,adaptive_gaussian,docling_rapidocr,qwen,1,0,0,0,1,0.0,0.0,0.0,0,,,,,9.882601843,1
gestion_2017-06-14_32,47,none,,adaptive_mean,docling_easyocr,qwen,1,0,0,0,1,0.0,0.0,0.0,0,,,,,67.048884207,1
gestion_2017-06-14_32,47,none,,adaptive_mean,docling_rapidocr,qwen,1,0,0,0,1,0.0,0.0,0.0,0,,,,,10.037774378,1
gestion_2017-06-14_32,47,none,,basic,docling_easyocr,qwen,1,0,0,0,1,0.0,0.0,0.0,0,,,,,58.31636653,1
gestion_2017-06-14_32,47,none,,basic,docling_rapidocr,qwen,1,0,0,0,1,0.0,0.0,0.0,0,,,,,10.716321326,1
gestion_2017-06-14_32,47,none,,niblack,docling_easyocr,qwen,1,0,0,0,1,0.0,0.0,0.0,0,,,,,65.193011235,1
gestion_2017-06-14_32,47,none,,none_color,docling_easyocr,qwen,1,0,0,0,1,0.0,0.0,0.0,0,,,,,57.837202334,1
gestion_2017-06-14_32,47,none,,none_grayscale,docling_easyocr,qwen,1,0,0,0,1,0.0,0.0,0.0,0,,,,,65.935226702,1
gestion_2017-06-14_32,47,none,,otsu,docling_easyocr,qwen,1,0,0,0,1,0.0,0.0,0.0,0,,,,,67.098166634,1
gestion_2017-06-14_32,47,none,,otsu,docling_rapidocr,qwen,1,0,0,0,1,0.0,0.0,0.0,0,,,,,10.225198437,1
gestion_2017-06-14_32,47,none,,yannihorne,docling_rapidocr,qwen,1,0,0,0,1,0.0,0.0,0.0,0,,,,,10.905947615,1
gestion_2017-06-14_32,48,none,,adaptive_gaussian,docling_easyocr,qwen,1,0,0,0,1,0.0,0.0,0.0,0,,,,,175.684819458,1
gestion_2017-06-14_32,48,none,,adaptive_gaussian,docling_rapidocr,qwen,1,0,0,0,1,0.0,0.0,0.0,0,,,,,102.719089983,1
gestion_2017-06-14_32,48,none,,adaptive_mean,docling_easyocr,qwen,1,0,0,0,1,0.0,0.0,0.0,0,,,,,168.676810284,1
gestion_2017-06-14_32,48,none,,adaptive_mean,docling_rapidocr,qwen,1,0,0,0,1,0.0,0.0,0.0,0,,,,,103.024156113,1
gestion_2017-06-14_32,48,none,,basic,docling_easyocr,qwen,1,1,0,1,1,0.0,0.0,0.0,0,,,,,179.794897618,0
gestion_2017-06-14_32,48,none,,basic,docling_rapidocr,qwen,1,3,0,3,1,0.0,0.0,0.0,1,0.847457627118644,1.0,0.8958120531154239,0.959915611814346,105.952065529,0
gestion_2017-06-14_32,48,none,,niblack,docling_easyocr,qwen,1,0,0,0,1,0.0,0.0,0.0,0,,,,,152.437250147,1
gestion_2017-06-14_32,48,none,,niblack,docling_rapidocr,qwen,1,0,0,0,1,0.0,0.0,0.0,0,,,,,94.36860467,1
gestion_2017-06-14_32,48,none,,none_color,docling_easyocr,qwen,1,1,0,1,1,0.0,0.0,0.0,1,0.03389830508474576,0.2,0.9601634320735445,0.9746835443037974,180.790131081,0
gestion_2017-06-14_32,48,none,,none_color,docling_rapidocr,qwen,1,0,0,0,1,0.0,0.0,0.0,0,,,,,106.91783284,1
gestion_2017-06-14_32,48,none,,none_grayscale,docling_easyocr,qwen,1,1,0,1,1,0.0,0.0,0.0,1,0.03389830508474576,0.2,0.9601634320735445,0.9746835443037974,181.670738448,0
gestion_2017-06-14_32,48,none,,none_grayscale,docling_rapidocr,qwen,1,0,0,0,1,0.0,0.0,0.0,0,,,,,107.036384333,1
gestion_2017-06-14_32,48,none,,otsu,docling_easyocr,qwen,1,0,0,0,1,0.0,0.0,0.0,0,,,,,173.931017056,1
gestion_2017-06-14_32,48,none,,otsu,docling_rapidocr,qwen,1,0,0,0,1,0.0,0.0,0.0,0,,,,,104.46837677,1
gestion_2017-06-14_32,49,none,,adaptive_gaussian,docling_easyocr,qwen,1,0,0,0,1,0.0,0.0,0.0,0,,,,,171.297654973,1
gestion_2017-06-14_32,49,none,,adaptive_gaussian,docling_rapidocr,qwen,1,0,0,0,1,0.0,0.0,0.0,0,,,,,102.592605696,1
gestion_2017-06-14_32,49,none,,adaptive_mean,docling_easyocr,qwen,1,0,0,0,1,0.0,0.0,0.0,0,,,,,179.57094825,1
gestion_2017-06-14_32,49,none,,adaptive_mean,docling_rapidocr,qwen,1,0,0,0,1,0.0,0.0,0.0,0,,,,,103.398431904,1
gestion_2017-06-14_32,49,none,,basic,docling_easyocr,qwen,1,0,0,0,1,0.0,0.0,0.0,0,,,,,186.952552725,1
gestion_2017-06-14_32,49,none,,basic,docling_rapidocr,qwen,1,1,0,1,1,0.0,0.0,0.0,0,,,,,104.710893084,0
gestion_2017-06-14_32,49,none,,niblack,docling_easyocr,qwen,1,0,0,0,1,0.0,0.0,0.0,0,,,,,150.329110003,1
gestion_2017-06-14_32,49,none,,niblack,docling_rapidocr,qwen,1,0,0,0,1,0.0,0.0,0.0,0,,,,,95.461952305,1
gestion_2017-06-14_32,49,none,,none_color,docling_easyocr,qwen,1,3,0,3,1,0.0,0.0,0.0,1,0.03389830508474576,0.2,0.9622063329928499,0.9746835443037974,179.89446745,0
gestion_2017-06-14_32,49,none,,none_color,docling_rapidocr,qwen,1,0,0,0,1,0.0,0.0,0.0,0,,,,,105.409342385,1
gestion_2017-06-14_32,49,none,,none_grayscale,docling_easyocr,qwen,1,3,0,3,1,0.0,0.0,0.0,1,0.03389830508474576,0.2,0.9622063329928499,0.9746835443037974,177.272286273,0
gestion_2017-06-14_32,49,none,,none_grayscale,docling_rapidocr,qwen,1,0,0,0,1,0.0,0.0,0.0,0,,,,,105.316397048,1
gestion_2017-06-14_32,49,none,,otsu,docling_easyocr,qwen,1,0,0,0,1,0.0,0.0,0.0,0,,,,,182.655279162,1
gestion_2017-06-14_32,49,none,,otsu,docling_rapidocr,qwen,1,3,0,3,1,0.0,0.0,0.0,1,0.8135593220338984,1.0,0.9067075246850528,0.9493670886075949,105.983479741,0
gestion_2017-06-14_32,50,none,,adaptive_gaussian,docling_easyocr,qwen,1,0,0,0,1,0.0,0.0,0.0,0,,,,,180.621271878,1
gestion_2017-06-14_32,50,none,,adaptive_gaussian,docling_rapidocr,qwen,1,0,0,0,1,0.0,0.0,0.0,0,,,,,103.195330649,1
gestion_2017-06-14_32,50,none,,adaptive_mean,docling_easyocr,qwen,1,0,0,0,1,0.0,0.0,0.0,0,,,,,181.317685654,1
gestion_2017-06-14_32,50,none,,adaptive_mean,docling_rapidocr,qwen,1,0,0,0,1,0.0,0.0,0.0,0,,,,,102.751241019,1
gestion_2017-06-14_32,50,none,,basic,docling_easyocr,qwen,1,0,0,0,1,0.0,0.0,0.0,0,,,,,189.929887387,1
gestion_2017-06-14_32,50,none,,basic,docling_rapidocr,qwen,1,0,0,0,1,0.0,0.0,0.0,0,,,,,106.687501046,1
gestion_2017-06-14_32,50,none,,niblack,docling_easyocr,qwen,1,0,0,0,1,0.0,0.0,0.0,0,,,,,154.080035893,1
gestion_2017-06-14_32,50,none,,niblack,docling_rapidocr,qwen,1,0,0,0,1,0.0,0.0,0.0,0,,,,,95.193698613,1
gestion_2017-06-14_32,50,none,,none_color,docling_easyocr,qwen,1,1,0,1,1,0.0,0.0,0.0,1,0.03389830508474576,0.2,0.9625468164794008,0.9746835443037974,167.234011431,0
gestion_2017-06-14_32,50,none,,none_color,docling_rapidocr,qwen,1,0,0,0,1,0.0,0.0,0.0,0,,,,,103.820483227,1
gestion_2017-06-14_32,50,none,,none_grayscale,docling_easyocr,qwen,1,1,0,1,1,0.0,0.0,0.0,1,0.03389830508474576,0.2,0.9625468164794008,0.9746835443037974,182.413495322,0
gestion_2017-06-14_32,50,none,,none_grayscale,docling_rapidocr,qwen,1,0,0,0,1,0.0,0.0,0.0,0,,,,,105.713331004,1
gestion_2017-06-14_32,50,none,,otsu,docling_easyocr,qwen,1,1,0,1,1,0.0,0.0,0.0,1,0.03389830508474576,0.2,0.9717398706162751,0.989451476793249,185.622126982,0
gestion_2017-06-14_32,50,none,,otsu,docling_rapidocr,qwen,1,0,0,0,1,0.0,0.0,0.0,0,,,,,104.891872809,1
gestion_2017-06-14_32,51,none,,adaptive_gaussian,docling_easyocr,qwen,1,0,0,0,1,0.0,0.0,0.0,0,,,,,83.468501048,1
gestion_2017-06-14_32,51,none,,adaptive_gaussian,docling_rapidocr,qwen,1,0,0,0,1,0.0,0.0,0.0,0,,,,,12.488675789,1
gestion_2017-06-14_32,51,none,,adaptive_mean,docling_easyocr,qwen,1,0,0,0,1,0.0,0.0,0.0,0,,,,,94.421899224,1
gestion_2017-06-14_32,51,none,,adaptive_mean,docling_rapidocr,qwen,1,0,0,0,1,0.0,0.0,0.0,0,,,,,20.801498557,1
gestion_2017-06-14_32,51,none,,basic,docling_easyocr,qwen,1,1,0,1,1,0.0,0.0,0.0,1,1.3898305084745763,1.0,0.6659856996935649,0.759493670886076,91.076629586,0
gestion_2017-06-14_32,51,none,,basic,docling_rapidocr,qwen,1,0,0,0,1,0.0,0.0,0.0,0,,,,,21.915030427,1
gestion_2017-06-14_32,51,none,,niblack,docling_easyocr,qwen,1,0,0,0,1,0.0,0.0,0.0,0,,,,,64.792371697,1
gestion_2017-06-14_32,51,none,,niblack,docling_rapidocr,qwen,1,0,0,0,1,0.0,0.0,0.0,0,,,,,10.273564524,1
gestion_2017-06-14_32,51,none,,none_color,docling_easyocr,qwen,1,0,0,0,1,0.0,0.0,0.0,0,,,,,89.319061081,1
gestion_2017-06-14_32,51,none,,none_color,docling_rapidocr,qwen,1,0,0,0,1,0.0,0.0,0.0,0,,,,,23.257823746,1
gestion_2017-06-14_32,51,none,,none_grayscale,docling_easyocr,qwen,1,0,0,0,1,0.0,0.0,0.0,0,,,,,90.805704468,1
gestion_2017-06-14_32,51,none,,none_grayscale,docling_rapidocr,qwen,1,0,0,0,1,0.0,0.0,0.0,0,,,,,19.841717356,1
gestion_2017-06-14_32,51,none,,otsu,docling_easyocr,qwen,1,1,0,1,1,0.0,0.0,0.0,1,0.8305084745762712,1.0,0.7783452502553626,0.8333333333333334,91.363285561,0
gestion_2017-06-14_32,51,none,,otsu,docling_rapidocr,qwen,1,0,0,0,1,0.0,0.0,0.0,0,,,,,21.612883111,1
gestion_2017-06-14_32,52,none,,adaptive_gaussian,docling_easyocr,qwen,1,0,0,0,1,0.0,0.0,0.0,0,,,,,93.683082248,1
gestion_2017-06-14_32,52,none,,adaptive_gaussian,docling_rapidocr,qwen,1,0,0,0,1,0.0,0.0,0.0,0,,,,,17.17261901,1
gestion_2017-06-14_32,52,none,,adaptive_mean,docling_easyocr,qwen,1,0,0,0,1,0.0,0.0,0.0,0,,,,,88.432383319,1
gestion_2017-06-14_32,52,none,,adaptive_mean,docling_rapidocr,qwen,1,0,0,0,1,0.0,0.0,0.0,0,,,,,19.228756448,1
gestion_2017-06-14_32,52,none,,basic,docling_easyocr,qwen,1,0,0,0,1,0.0,0.0,0.0,0,,,,,93.79106051,1
gestion_2017-06-14_32,52,none,,basic,docling_rapidocr,qwen,1,0,0,0,1,0.0,0.0,0.0,0,,,,,19.852112117,1
gestion_2017-06-14_32,52,none,,niblack,docling_easyocr,qwen,1,0,0,0,1,0.0,0.0,0.0,0,,,,,60.832196485,1
gestion_2017-06-14_32,52,none,,niblack,docling_rapidocr,qwen,1,0,0,0,1,0.0,0.0,0.0,0,,,,,9.601511966,1
gestion_2017-06-14_32,52,none,,none_color,docling_easyocr,qwen,1,1,0,1,1,0.0,0.0,0.0,1,0.03389830508474576,0.2,0.6356826693905345,0.820675105485232,90.996335424,0
gestion_2017-06-14_32,52,none,,none_color,docling_rapidocr,qwen,1,0,0,0,1,0.0,0.0,0.0,0,,,,,23.542310394,1
gestion_2017-06-14_32,52,none,,none_grayscale,docling_easyocr,qwen,1,1,0,1,1,0.0,0.0,0.0,1,1.0,1.0,0.6332992849846782,0.8713080168776371,92.177978029,0
gestion_2017-06-14_32,52,none,,none_grayscale,docling_rapidocr,qwen,1,0,0,0,1,0.0,0.0,0.0,0,,,,,22.592765083,1
gestion_2017-06-14_32,52,none,,otsu,docling_easyocr,qwen,1,0,0,0,1,0.0,0.0,0.0,0,,,,,97.323733703,1
gestion_2017-06-14_32,52,none,,otsu,docling_rapidocr,qwen,1,0,0,0,1,0.0,0.0,0.0,0,,,,,19.312302486,1
gestion_2017-06-14_32,53,none,,adaptive_gaussian,docling_easyocr,qwen,1,0,0,0,1,0.0,0.0,0.0,0,,,,,91.894719341,1
gestion_2017-06-14_32,53,none,,adaptive_gaussian,docling_rapidocr,qwen,1,0,0,0,1,0.0,0.0,0.0,0,,,,,15.962774494,1
gestion_2017-06-14_32,53,none,,adaptive_mean,docling_easyocr,qwen,1,0,0,0,1,0.0,0.0,0.0,0,,,,,88.127182483,1
gestion_2017-06-14_32,53,none,,adaptive_mean,docling_rapidocr,qwen,1,0,0,0,1,0.0,0.0,0.0,0,,,,,21.679599046,1
gestion_2017-06-14_32,53,none,,basic,docling_easyocr,qwen,1,2,0,2,1,0.0,0.0,0.0,1,1.694915254237288,2.3,0.7449778685733742,0.8312236286919831,91.893268627,0
gestion_2017-06-14_32,53,none,,basic,docling_rapidocr,qwen,1,0,0,0,1,0.0,0.0,0.0,0,,,,,23.459504169,1
gestion_2017-06-14_32,53,none,,niblack,docling_easyocr,qwen,1,0,0,0,1,0.0,0.0,0.0,0,,,,,67.883428636,1
gestion_2017-06-14_32,53,none,,niblack,docling_rapidocr,qwen,1,0,0,0,1,0.0,0.0,0.0,0,,,,,10.23073155,1
gestion_2017-06-14_32,53,none,,none_color,docling_easyocr,qwen,1,3,0,3,1,0.0,0.0,0.0,1,0.03389830508474576,0.2,0.5955056179775281,0.7721518987341772,82.454215496,0
gestion_2017-06-14_32,53,none,,none_color,docling_rapidocr,qwen,1,0,0,0,1,0.0,0.0,0.0,0,,,,,22.157214611,1
gestion_2017-06-14_32,53,none,,none_grayscale,docling_easyocr,qwen,1,3,0,3,1,0.0,0.0,0.0,1,0.03389830508474576,0.2,0.5955056179775281,0.7721518987341772,91.194930522,0
gestion_2017-06-14_32,53,none,,none_grayscale,docling_rapidocr,qwen,1,0,0,0,1,0.0,0.0,0.0,0,,,,,23.671334712,1
gestion_2017-06-14_32,53,none,,otsu,docling_easyocr,qwen,1,0,0,0,1,0.0,0.0,0.0,0,,,,,82.652407283,1
gestion_2017-06-14_32,53,none,,otsu,docling_rapidocr,qwen,1,3,0,3,1,0.0,0.0,0.0,1,1.5932203389830508,2.0,0.6826693905345591,0.7827004219409283,22.309955234,0
gestion_2018-06-01_6,0,none,,adaptive_gaussian,docling_easyocr,qwen,4,1,0,1,4,0.0,0.0,0.0,1,4.375,3.0,0.8535911602209945,0.9821428571428571,113.841477724,0
gestion_2018-06-01_6,0,none,,adaptive_gaussian,docling_rapidocr,qwen,4,3,0,3,4,0.0,0.0,0.0,2,1.15,1.0,0.8584313026157293,1.125,19.826578708,0
gestion_2018-06-01_6,0,none,,adaptive_mean,docling_easyocr,qwen,4,0,0,0,4,0.0,0.0,0.0,0,,,,,101.679148237,1
gestion_2018-06-01_6,0,none,,adaptive_mean,docling_rapidocr,qwen,4,0,0,0,4,0.0,0.0,0.0,0,,,,,21.644041339,1
gestion_2018-06-01_6,0,none,,basic,docling_easyocr,qwen,4,1,1,0,3,1.0,0.25,0.4,1,0.028985507246376812,0.07692307692307693,0.4294320137693632,0.4960212201591512,96.478461824,0
gestion_2018-06-01_6,0,none,,basic,docling_rapidocr,qwen,4,0,0,0,4,0.0,0.0,0.0,0,,,,,22.361078344,5
gestion_2018-06-01_6,0,none,,niblack,docling_easyocr,qwen,4,0,0,0,4,0.0,0.0,0.0,0,,,,,65.205080944,1
gestion_2018-06-01_6,0,none,,niblack,docling_rapidocr,qwen,4,0,0,0,4,0.0,0.0,0.0,0,,,,,10.196930366,1
gestion_2018-06-01_6,0,none,,none_color,docling_easyocr,qwen,4,1,1,0,3,1.0,0.25,0.4,1,0.0,0.0,0.98407917383821,1.0822281167108754,85.05948418,0
gestion_2018-06-01_6,0,none,,none_color,docling_rapidocr,qwen,4,1,0,1,4,0.0,0.0,0.0,1,0.0,0.0,0.6484509466437177,0.7347480106100795,24.093377288,0
gestion_2018-06-01_6,0,none,,none_grayscale,docling_easyocr,qwen,4,2,1,1,3,0.5,0.25,0.333333,2,0.4868421052631579,0.5,0.3636380545222364,0.47738203990886774,94.505403766,0
gestion_2018-06-01_6,0,none,,none_grayscale,docling_rapidocr,qwen,4,2,1,1,3,0.5,0.25,0.333333,2,0.0,0.0,0.5347632002665038,0.5914403953465336,22.368361721,0
gestion_2018-06-01_6,0,none,,otsu,docling_easyocr,qwen,4,2,1,1,3,0.5,0.25,0.333333,2,0.4868421052631579,0.5,0.37912081505746487,0.4910903947962182,93.912221586,0
gestion_2018-06-01_6,0,none,,otsu,docling_rapidocr,qwen,4,0,0,0,4,0.0,0.0,0.0,0,,,,,22.502377187,5
gestion_2018-06-01_6,1,none,,adaptive_gaussian,docling_easyocr,qwen,4,0,0,0,4,0.0,0.0,0.0,0,,,,,106.036147571,1
gestion_2018-06-01_6,1,none,,adaptive_gaussian,docling_rapidocr,qwen,4,0,0,0,4,0.0,0.0,0.0,0,,,,,20.84992621,1
gestion_2018-06-01_6,1,none,,adaptive_mean,docling_easyocr,qwen,4,1,0,1,4,0.0,0.0,0.0,1,0.391304347826087,0.46153846153846156,0.9694492254733219,0.9893899204244032,112.345537111,0
gestion_2018-06-01_6,1,none,,adaptive_mean,docling_rapidocr,qwen,4,5,0,5,4,0.0,0.0,0.0,2,0.8875,1.0,0.983469155658441,1.0,25.529004499,0
gestion_2018-06-01_6,1,none,,basic,docling_easyocr,qwen,4,2,1,1,3,0.5,0.25,0.333333,2,0.7648741418764302,0.9230769230769231,0.32395313974793183,0.40031588099981286,95.326807466,0
gestion_2018-06-01_6,1,none,,basic,docling_rapidocr,qwen,4,0,0,0,4,0.0,0.0,0.0,0,,,,,22.404085603,2
gestion_2018-06-01_6,1,none,,niblack,docling_easyocr,qwen,4,0,0,0,4,0.0,0.0,0.0,0,,,,,65.214172901,1
gestion_2018-06-01_6,1,none,,niblack,docling_rapidocr,qwen,4,0,0,0,4,0.0,0.0,0.0,0,,,,,10.374950708,1
gestion_2018-06-01_6,1,none,,none_color,docling_easyocr,qwen,4,2,1,1,3,0.5,0.25,0.333333,2,0.4868421052631579,0.5,0.4142987618677475,0.5257437511694201,95.608972627,5
gestion_2018-06-01_6,1,none,,none_color,docling_rapidocr,qwen,4,0,0,0,4,0.0,0.0,0.0,0,,,,,24.13008839,5
gestion_2018-06-01_6,1,none,,none_grayscale,docling_easyocr,qwen,4,0,0,0,4,0.0,0.0,0.0,0,,,,,95.535800352,2
gestion_2018-06-01_6,1,none,,none_grayscale,docling_rapidocr,qwen,4,4,1,3,3,0.25,0.25,0.25,4,0.21052631578947367,0.25,0.8122470614378832,0.8661104911328477,22.600084438,0
gestion_2018-06-01_6,1,none,,otsu,docling_easyocr,qwen,4,0,0,0,4,0.0,0.0,0.0,0,,,,,94.391159336,3
gestion_2018-06-01_6,1,none,,otsu,docling_rapidocr,qwen,4,0,0,0,4,0.0,0.0,0.0,0,,,,,22.633919279,5
gestion_2018-06-01_6,2,none,,adaptive_gaussian,docling_easyocr,qwen,4,1,0,1,4,0.0,0.0,0.0,1,4.375,3.0,0.856353591160221,0.9464285714285714,112.532897232,0
gestion_2018-06-01_6,2,none,,adaptive_gaussian,docling_rapidocr,qwen,4,3,0,3,4,0.0,0.0,0.0,3,1.144736842105263,1.0,0.8200985825288227,0.9898093262201146,23.523321865,0
gestion_2018-06-01_6,2,none,,adaptive_mean,docling_easyocr,qwen,4,0,0,0,4,0.0,0.0,0.0,0,,,,,115.974484224,1
gestion_2018-06-01_6,2,none,,adaptive_mean,docling_rapidocr,qwen,4,5,0,5,4,0.0,0.0,0.0,4,0.928594584286804,1.0,0.8262282446517041,0.9342219484621832,23.028593797,0
gestion_2018-06-01_6,2,none,,basic,docling_easyocr,qwen,4,0,0,0,4,0.0,0.0,0.0,0,,,,,88.5776096,1
gestion_2018-06-01_6,2,none,,basic,docling_rapidocr,qwen,4,0,0,0,4,0.0,0.0,0.0,0,,,,,21.096288265,1
gestion_2018-06-01_6,2,none,,niblack,docling_easyocr,qwen,4,0,0,0,4,0.0,0.0,0.0,0,,,,,66.128375591,1
gestion_2018-06-01_6,2,none,,niblack,docling_rapidocr,qwen,4,0,0,0,4,0.0,0.0,0.0,0,,,,,11.009239258,1
gestion_2018-06-01_6,2,none,,none_color,docling_easyocr,qwen,4,2,1,1,3,0.5,0.25,0.333333,2,0.5625,0.5,0.5801437795380417,0.7235221674876847,94.726683128,0
gestion_2018-06-01_6,2,none,,none_color,docling_rapidocr,qwen,4,5,1,4,3,0.2,0.25,0.222222,4,0.6177631578947369,0.75,1.3855395659562828,1.5085042095191974,22.035918463,0
gestion_2018-06-01_6,2,none,,none_grayscale,docling_easyocr,qwen,4,2,1,1,3,0.5,0.25,0.333333,2,0.5625,0.5,0.5801437795380417,0.7235221674876847,97.122543323,1
gestion_2018-06-01_6,2,none,,none_grayscale,docling_rapidocr,qwen,4,5,1,4,3,0.2,0.25,0.222222,4,0.6177631578947369,0.75,1.3855395659562828,1.5085042095191974,22.159411896,0
gestion_2018-06-01_6,2,none,,otsu,docling_easyocr,qwen,4,4,2,2,2,0.5,0.5,0.5,4,8.95,6.875,0.6316253035340965,0.780473377316631,100.941959753,0
gestion_2018-06-01_6,2,none,,otsu,docling_rapidocr,qwen,4,2,2,0,2,1.0,0.5,0.666667,2,0.0,0.0,0.45946504913663866,0.49560848366113786,22.169891968,0
gestion_2018-06-01_6,3,none,,adaptive_gaussian,docling_easyocr,qwen,4,0,0,0,4,0.0,0.0,0.0,0,,,,,105.131675594,1
gestion_2018-06-01_6,3,none,,adaptive_gaussian,docling_rapidocr,qwen,4,3,0,3,4,0.0,0.0,0.0,3,1.047584541062802,0.8205128205128206,0.8228910902245001,1.1431760767967665,21.869195335,0
gestion_2018-06-01_6,3,none,,adaptive_mean,docling_easyocr,qwen,4,0,0,0,4,0.0,0.0,0.0,0,,,,,87.22700037,1
gestion_2018-06-01_6,3,none,,adaptive_mean,docling_rapidocr,qwen,4,3,0,3,4,0.0,0.0,0.0,2,2.6594202898550723,1.8461538461538463,0.8709312387672236,0.9665829859795376,13.684279575,0
gestion_2018-06-01_6,3,none,,basic,docling_easyocr,qwen,4,0,0,0,4,0.0,0.0,0.0,0,,,,,101.130848987,1
gestion_2018-06-01_6,3,none,,basic,docling_rapidocr,qwen,4,4,0,4,4,0.0,0.0,0.0,4,0.8634868421052632,0.75,0.817059784028061,0.9116752738604935,23.973889454,0
gestion_2018-06-01_6,3,none,,niblack,docling_easyocr,qwen,4,0,0,0,4,0.0,0.0,0.0,0,,,,,64.822791078,1
gestion_2018-06-01_6,3,none,,niblack,docling_rapidocr,qwen,4,0,0,0,4,0.0,0.0,0.0,0,,,,,10.446276405,1
gestion_2018-06-01_6,3,none,,none_color,docling_easyocr,qwen,4,1,0,1,4,0.0,0.0,0.0,1,0.0,0.0,0.713855421686747,0.7877984084880637,94.221473963,0
gestion_2018-06-01_6,3,none,,none_color,docling_rapidocr,qwen,4,3,1,2,3,0.333333,0.25,0.285714,3,0.5745614035087719,0.6666666666666666,0.7740504815299593,0.9621234991459632,19.032431633,0
gestion_2018-06-01_6,3,none,,none_grayscale,docling_easyocr,qwen,4,1,0,1,4,0.0,0.0,0.0,1,0.0,0.0,0.6919104991394148,0.7824933687002652,96.837656362,0
gestion_2018-06-01_6,3,none,,none_grayscale,docling_rapidocr,qwen,4,1,0,1,4,0.0,0.0,0.0,1,5.2,4.0,0.6699147381242387,0.8615384615384616,23.133129223,0
gestion_2018-06-01_6,3,none,,otsu,docling_easyocr,qwen,4,0,0,0,4,0.0,0.0,0.0,0,,,,,100.290764341,1
gestion_2018-06-01_6,3,none,,otsu,docling_rapidocr,qwen,4,0,0,0,4,0.0,0.0,0.0,0,,,,,22.112395296,5
gestion_2018-06-01_6,4,none,,adaptive_gaussian,docling_easyocr,qwen,4,0,0,0,4,0.0,0.0,0.0,0,,,,,108.27157266,1
gestion_2018-06-01_6,4,none,,adaptive_gaussian,docling_rapidocr,qwen,4,0,0,0,4,0.0,0.0,0.0,0,,,,,18.859334062,1
gestion_2018-06-01_6,4,none,,adaptive_mean,docling_easyocr,qwen,4,0,0,0,4,0.0,0.0,0.0,0,,,,,87.767588396,1
gestion_2018-06-01_6,4,none,,adaptive_mean,docling_rapidocr,qwen,4,3,0,3,4,0.0,0.0,0.0,3,1.0059178743961352,0.8205128205128206,0.789640805699536,0.9542913982569156,18.950923462,0
gestion_2018-06-01_6,4,none,,basic,docling_easyocr,qwen,4,1,0,1,4,0.0,0.0,0.0,1,0.043478260869565216,0.07692307692307693,0.8747848537005164,0.9575596816976127,103.096885742,0
gestion_2018-06-01_6,4,none,,basic,docling_rapidocr,qwen,4,2,0,2,4,0.0,0.0,0.0,2,0.4868421052631579,0.5,0.5155091333074233,0.677212542787017,22.479353966,1
gestion_2018-06-01_6,4,none,,niblack,docling_easyocr,qwen,4,0,0,0,4,0.0,0.0,0.0,0,,,,,64.756451212,1
gestion_2018-06-01_6,4,none,,niblack,docling_rapidocr,qwen,4,0,0,0,4,0.0,0.0,0.0,0,,,,,11.219992243,1
gestion_2018-06-01_6,4,none,,none_color,docling_easyocr,qwen,4,0,0,0,4,0.0,0.0,0.0,0,,,,,83.153169786,8
gestion_2018-06-01_6,4,none,,none_color,docling_rapidocr,qwen,4,0,0,0,4,0.0,0.0,0.0,0,,,,,23.152274763,5
gestion_2018-06-01_6,4,none,,none_grayscale,docling_easyocr,qwen,4,1,1,0,3,1.0,0.25,0.4,1,0.0,0.0,0.5959552495697074,0.726790450928382,82.975752819,0
gestion_2018-06-01_6,4,none,,none_grayscale,docling_rapidocr,qwen,4,1,1,0,3,1.0,0.25,0.4,1,0.0,0.0,0.4535283993115318,0.5384615384615384,22.190467346,0
gestion_2018-06-01_6,4,none,,otsu,docling_easyocr,qwen,4,3,0,3,4,0.0,0.0,0.0,3,0.0,0.0,0.7500306660613615,0.8685223299617348,83.222812071,0
gestion_2018-06-01_6,4,none,,otsu,docling_rapidocr,qwen,4,6,0,6,4,0.0,0.0,0.0,4,0.4375,0.5,0.7522252742391261,0.8418328291396684,19.756722584,0
gestion_2018-06-01_6,5,none,,adaptive_gaussian,docling_easyocr,qwen,4,2,0,2,4,0.0,0.0,0.0,2,0.16266209000762777,0.36713286713286714,1.0,1.0,104.776905535,0
gestion_2018-06-01_6,5,none,,adaptive_gaussian,docling_rapidocr,qwen,4,5,0,5,4,0.0,0.0,0.0,4,0.9814120900076277,0.8653846153846154,0.8274166570765784,0.9339117180215692,22.223077057,0
gestion_2018-06-01_6,5,none,,adaptive_mean,docling_easyocr,qwen,4,0,0,0,4,0.0,0.0,0.0,0,,,,,85.634756107,1
gestion_2018-06-01_6,5,none,,adaptive_mean,docling_rapidocr,qwen,4,1,0,1,4,0.0,0.0,0.0,1,0.30434782608695654,0.5384615384615384,0.9685886402753873,0.9893899204244032,12.592808742,0
gestion_2018-06-01_6,5,none,,basic,docling_easyocr,qwen,4,1,0,1,4,0.0,0.0,0.0,1,0.014492753623188406,0.07692307692307693,0.9690189328743546,0.9893899204244032,94.10817367,0
gestion_2018-06-01_6,5,none,,basic,docling_rapidocr,qwen,4,1,0,1,4,0.0,0.0,0.0,1,5.2,4.0,0.7247259439707674,0.8923076923076924,18.8867355,0
gestion_2018-06-01_6,5,none,,niblack,docling_easyocr,qwen,4,0,0,0,4,0.0,0.0,0.0,0,,,,,70.509330593,1
gestion_2018-06-01_6,5,none,,niblack,docling_rapidocr,qwen,4,0,0,0,4,0.0,0.0,0.0,0,,,,,11.22076305,1
gestion_2018-06-01_6,5,none,,none_color,docling_easyocr,qwen,4,1,0,1,4,0.0,0.0,0.0,1,0.0,0.0,0.826592082616179,0.8647214854111406,95.006842363,0
gestion_2018-06-01_6,5,none,,none_color,docling_rapidocr,qwen,4,4,0,4,4,0.0,0.0,0.0,4,1.730921052631579,1.5,0.8341262697580039,1.015063300020912,22.446312177,0
gestion_2018-06-01_6,5,none,,none_grayscale,docling_easyocr,qwen,4,1,0,1,4,0.0,0.0,0.0,1,0.0,0.0,0.826592082616179,0.8647214854111406,84.070628155,0
gestion_2018-06-01_6,5,none,,none_grayscale,docling_rapidocr,qwen,4,4,0,4,4,0.0,0.0,0.0,4,1.730921052631579,1.5,0.8341262697580039,1.015063300020912,21.891974676,0
gestion_2018-06-01_6,5,none,,otsu,docling_easyocr,qwen,4,2,0,2,4,0.0,0.0,0.0,2,0.0,0.0,0.8824429515296208,0.9468450422091859,99.899425878,0
gestion_2018-06-01_6,5,none,,otsu,docling_rapidocr,qwen,4,0,0,0,4,0.0,0.0,0.0,0,,,,,20.875367298,3
gestion_2018-06-01_6,6,none,,adaptive_gaussian,docling_easyocr,qwen,4,0,0,0,4,0.0,0.0,0.0,0,,,,,108.711739785,1
gestion_2018-06-01_6,6,none,,adaptive_gaussian,docling_rapidocr,qwen,4,0,0,0,4,0.0,0.0,0.0,0,,,,,21.715169674,1
gestion_2018-06-01_6,6,none,,adaptive_mean,docling_easyocr,qwen,4,0,0,0,4,0.0,0.0,0.0,0,,,,,100.421709969,1
gestion_2018-06-01_6,6,none,,adaptive_mean,docling_rapidocr,qwen,4,4,0,4,4,0.0,0.0,0.0,4,1.0364178108314264,1.0,0.7720990134569956,0.8979297923424409,19.329158261,0
gestion_2018-06-01_6,6,none,,basic,docling_easyocr,qwen,4,2,0,2,4,0.0,0.0,0.0,2,0.4750190694126621,0.5384615384615384,0.7501643440119927,0.89548961554971,104.73705649,0
gestion_2018-06-01_6,6,none,,basic,docling_rapidocr,qwen,4,3,1,2,3,0.333333,0.25,0.285714,3,0.875,0.6666666666666666,0.8381508657318797,1.0467696097006443,23.007890698,0
gestion_2018-06-01_6,6,none,,niblack,docling_easyocr,qwen,4,0,0,0,4,0.0,0.0,0.0,0,,,,,63.101487509,1
gestion_2018-06-01_6,6,none,,niblack,docling_rapidocr,qwen,4,0,0,0,4,0.0,0.0,0.0,0,,,,,11.270529619,1
gestion_2018-06-01_6,6,none,,none_color,docling_easyocr,qwen,4,0,0,0,4,0.0,0.0,0.0,0,,,,,97.476453871,7
gestion_2018-06-01_6,6,none,,none_color,docling_rapidocr,qwen,4,2,1,1,3,0.5,0.25,0.333333,2,0.4868421052631579,0.5,0.5519632446838043,0.6113067787842433,22.065011353,0
gestion_2018-06-01_6,6,none,,none_grayscale,docling_easyocr,qwen,4,0,0,0,4,0.0,0.0,0.0,0,,,,,86.510637446,3
gestion_2018-06-01_6,6,none,,none_grayscale,docling_rapidocr,qwen,4,4,1,3,3,0.25,0.25,0.25,4,1.730921052631579,1.5,0.9349633122329174,1.120574187223565,19.476841135,0
gestion_2018-06-01_6,6,none,,otsu,docling_easyocr,qwen,4,0,0,0,4,0.0,0.0,0.0,0,,,,,95.441729615,2
gestion_2018-06-01_6,6,none,,otsu,docling_rapidocr,qwen,4,2,2,0,2,1.0,0.5,0.666667,2,0.0,0.0,0.4266681472433513,0.45561156542698966,22.248100588,0
gestion_2018-06-01_6,7,none,,adaptive_gaussian,docling_easyocr,qwen,4,0,0,0,4,0.0,0.0,0.0,0,,,,,103.215112339,1
gestion_2018-06-01_6,7,none,,adaptive_gaussian,docling_rapidocr,qwen,4,4,0,4,4,0.0,0.0,0.0,4,0.9085478642257818,1.0,0.9448799735062822,0.9831988729542027,22.251002919,0
gestion_2018-06-01_6,7,none,,adaptive_mean,docling_easyocr,qwen,4,0,0,0,4,0.0,0.0,0.0,0,,,,,106.148365027,1
gestion_2018-06-01_6,7,none,,adaptive_mean,docling_rapidocr,qwen,4,0,0,0,4,0.0,0.0,0.0,0,,,,,22.085057026,1
gestion_2018-06-01_6,7,none,,basic,docling_easyocr,qwen,4,0,0,0,4,0.0,0.0,0.0,0,,,,,89.036678196,1
gestion_2018-06-01_6,7,none,,basic,docling_rapidocr,qwen,4,1,1,0,3,1.0,0.25,0.4,1,0.0,0.0,0.882960413080895,0.9814323607427056,19.687442423,0
gestion_2018-06-01_6,7,none,,niblack,docling_easyocr,qwen,4,0,0,0,4,0.0,0.0,0.0,0,,,,,66.129479861,1
gestion_2018-06-01_6,7,none,,niblack,docling_rapidocr,qwen,4,0,0,0,4,0.0,0.0,0.0,0,,,,,12.112300848,1
gestion_2018-06-01_6,7,none,,none_color,docling_easyocr,qwen,4,3,1,2,3,0.333333,0.25,0.285714,3,0.5745614035087719,0.6666666666666666,0.8836699089046564,1.0290517359304026,93.545206761,0
gestion_2018-06-01_6,7,none,,none_color,docling_rapidocr,qwen,4,2,1,1,3,0.5,0.25,0.333333,2,0.0,0.0,0.5988162789406474,0.6666519915911817,22.561692452,0
gestion_2018-06-01_6,7,none,,none_grayscale,docling_easyocr,qwen,4,2,0,2,4,0.0,0.0,0.0,2,0.4868421052631579,0.5,0.6931455777025152,0.7867362998998426,94.370827484,0
gestion_2018-06-01_6,7,none,,none_grayscale,docling_rapidocr,qwen,4,2,1,1,3,0.5,0.25,0.333333,2,0.0,0.0,0.6256021320304259,0.7130710897344178,23.003860283,0
gestion_2018-06-01_6,7,none,,otsu,docling_easyocr,qwen,4,5,3,2,1,0.6,0.75,0.666667,4,0.5947368421052632,0.75,0.4852270748181762,0.5588393712097031,92.878790333,0
gestion_2018-06-01_6,7,none,,otsu,docling_rapidocr,qwen,4,2,1,1,3,0.5,0.25,0.333333,2,0.4868421052631579,0.5,0.4696563211370829,0.5525165920072201,22.735796644,0
gestion_2018-06-01_6,8,none,,adaptive_gaussian,docling_easyocr,qwen,4,0,0,0,4,0.0,0.0,0.0,0,,,,,101.840416966,1
gestion_2018-06-01_6,8,none,,adaptive_gaussian,docling_rapidocr,qwen,4,5,0,5,4,0.0,0.0,0.0,4,0.7791094584286804,0.8653846153846154,0.8221349812701764,0.9426127340609025,21.702748833,0
gestion_2018-06-01_6,8,none,,adaptive_mean,docling_easyocr,qwen,4,0,0,0,4,0.0,0.0,0.0,0,,,,,95.479599316,1
gestion_2018-06-01_6,8,none,,adaptive_mean,docling_rapidocr,qwen,4,0,0,0,4,0.0,0.0,0.0,0,,,,,20.991304238,1
gestion_2018-06-01_6,8,none,,basic,docling_easyocr,qwen,4,4,0,4,4,0.0,0.0,0.0,3,1.1228260869565216,0.717948717948718,0.7577633991779278,0.8555766073007453,100.914779545,0
gestion_2018-06-01_6,8,none,,basic,docling_rapidocr,qwen,4,1,0,1,4,0.0,0.0,0.0,1,6.375,4.0,0.7265193370165746,0.9464285714285714,23.092600704,0
gestion_2018-06-01_6,8,none,,niblack,docling_easyocr,qwen,4,0,0,0,4,0.0,0.0,0.0,0,,,,,65.470270039,1
gestion_2018-06-01_6,8,none,,niblack,docling_rapidocr,qwen,4,0,0,0,4,0.0,0.0,0.0,0,,,,,9.985921027,1
gestion_2018-06-01_6,8,none,,none_color,docling_easyocr,qwen,4,0,0,0,4,0.0,0.0,0.0,0,,,,,94.542915392,5
gestion_2018-06-01_6,8,none,,none_color,docling_rapidocr,qwen,4,4,1,3,3,0.25,0.25,0.25,4,1.730921052631579,1.5,0.8352943770111085,1.0166262741765317,19.018279839,0
gestion_2018-06-01_6,8,none,,none_grayscale,docling_easyocr,qwen,4,0,0,0,4,0.0,0.0,0.0,0,,,,,82.979540634,5
gestion_2018-06-01_6,8,none,,none_grayscale,docling_rapidocr,qwen,4,4,1,3,3,0.25,0.25,0.25,4,1.730921052631579,1.5,0.8352943770111085,1.0166262741765317,21.90338378,0
gestion_2018-06-01_6,8,none,,otsu,docling_easyocr,qwen,4,2,2,0,2,1.0,0.5,0.666667,2,0.0,0.0,0.5095858086724779,0.5733185115070936,96.069307282,0
gestion_2018-06-01_6,8,none,,otsu,docling_rapidocr,qwen,4,2,2,0,2,1.0,0.5,0.666667,2,0.0,0.0,0.49774665482205316,0.5575079520565284,20.609728768,0
gestion_2018-06-01_6,9,none,,adaptive_gaussian,docling_easyocr,qwen,4,2,0,2,4,0.0,0.0,0.0,2,0.2147215865751335,0.45104895104895104,1.0,1.0,110.369802885,0
gestion_2018-06-01_6,9,none,,adaptive_gaussian,docling_rapidocr,qwen,4,0,0,0,4,0.0,0.0,0.0,0,,,,,24.20917862,1
gestion_2018-06-01_6,9,none,,adaptive_mean,docling_easyocr,qwen,4,0,0,0,4,0.0,0.0,0.0,0,,,,,106.257260205,1
gestion_2018-06-01_6,9,none,,adaptive_mean,docling_rapidocr,qwen,4,2,0,2,4,0.0,0.0,0.0,2,0.7056159420289856,0.8461538461538461,0.908542615608448,0.9679092459264873,22.791333796,0
gestion_2018-06-01_6,9,none,,basic,docling_easyocr,qwen,4,2,0,2,4,0.0,0.0,0.0,1,0.5072463768115942,0.5384615384615384,0.9853700516351118,1.0,109.969247265,0
gestion_2018-06-01_6,9,none,,basic,docling_rapidocr,qwen,4,0,0,0,4,0.0,0.0,0.0,0,,,,,24.350382014,6
gestion_2018-06-01_6,9,none,,niblack,docling_easyocr,qwen,4,0,0,0,4,0.0,0.0,0.0,0,,,,,64.996996825,1
gestion_2018-06-01_6,9,none,,niblack,docling_rapidocr,qwen,4,0,0,0,4,0.0,0.0,0.0,0,,,,,10.48604912,1
gestion_2018-06-01_6,9,none,,none_color,docling_easyocr,qwen,4,1,0,1,4,0.0,0.0,0.0,1,0.0,0.0,0.790447504302926,0.9549071618037135,97.755521315,0
gestion_2018-06-01_6,9,none,,none_color,docling_rapidocr,qwen,4,4,2,2,2,0.5,0.5,0.5,4,5.0125,4.0,0.6006049652918738,0.7374340112956153,20.259750622,0
gestion_2018-06-01_6,9,none,,none_grayscale,docling_easyocr,qwen,4,4,0,4,4,0.0,0.0,0.0,2,0.0,0.0,0.8694481150408084,0.9274904520290126,91.011786789,0
gestion_2018-06-01_6,9,none,,none_grayscale,docling_rapidocr,qwen,4,0,0,0,4,0.0,0.0,0.0,0,,,,,20.866824955,3
gestion_2018-06-01_6,9,none,,otsu,docling_easyocr,qwen,4,0,0,0,4,0.0,0.0,0.0,0,,,,,104.63232803,1
gestion_2018-06-01_6,9,none,,otsu,docling_rapidocr,qwen,4,1,0,1,4,0.0,0.0,0.0,1,0.6231884057971014,0.9230769230769231,0.8029259896729777,1.013262599469496,23.338551518,0
gestion_2018-06-01_6,10,none,,adaptive_gaussian,docling_easyocr,qwen,4,2,0,2,4,0.0,0.0,0.0,2,0.20223112128146453,0.3146853146853147,1.0,1.0,107.476708657,0
gestion_2018-06-01_6,10,none,,adaptive_gaussian,docling_rapidocr,qwen,4,0,0,0,4,0.0,0.0,0.0,0,,,,,23.970090634,1
gestion_2018-06-01_6,10,none,,adaptive_mean,docling_easyocr,qwen,4,1,0,1,4,0.0,0.0,0.0,1,0.2608695652173913,0.23076923076923078,0.9694492254733219,0.9893899204244032,93.814396575,0
gestion_2018-06-01_6,10,none,,adaptive_mean,docling_rapidocr,qwen,4,1,0,1,4,0.0,0.0,0.0,1,6.0,4.0,0.850828729281768,0.9464285714285714,23.616937592,0
gestion_2018-06-01_6,10,none,,basic,docling_easyocr,qwen,4,2,0,2,4,0.0,0.0,0.0,2,0.3894927536231884,0.5384615384615384,0.8123044664847234,0.9430655551345206,103.304613349,0
gestion_2018-06-01_6,10,none,,basic,docling_rapidocr,qwen,4,5,1,4,3,0.2,0.25,0.222222,4,0.6197368421052631,0.75,0.6621051846740507,0.8425883826075198,23.604645488,0
gestion_2018-06-01_6,10,none,,niblack,docling_easyocr,qwen,4,0,0,0,4,0.0,0.0,0.0,0,,,,,64.732522744,1
gestion_2018-06-01_6,10,none,,niblack,docling_rapidocr,qwen,4,0,0,0,4,0.0,0.0,0.0,0,,,,,10.228058594,1
gestion_2018-06-01_6,10,none,,none_color,docling_easyocr,qwen,4,3,0,3,4,0.0,0.0,0.0,3,0.7416666666666667,0.5,0.8525908988156563,0.9635720601237843,87.04291305,0
gestion_2018-06-01_6,10,none,,none_color,docling_rapidocr,qwen,4,2,1,1,3,0.5,0.25,0.333333,2,0.4868421052631579,0.5,0.5434681583476765,0.6596024522051135,23.056446643,0
gestion_2018-06-01_6,10,none,,none_grayscale,docling_easyocr,qwen,4,1,0,1,4,0.0,0.0,0.0,1,0.0,0.0,0.8919965576592083,0.9522546419098143,94.52377574,0
gestion_2018-06-01_6,10,none,,none_grayscale,docling_rapidocr,qwen,4,0,0,0,4,0.0,0.0,0.0,0,,,,,23.424910231,4
gestion_2018-06-01_6,10,none,,otsu,docling_easyocr,qwen,4,2,0,2,4,0.0,0.0,0.0,2,0.5625,0.5,0.8392357908350053,0.9632199696854868,99.325072358,0
gestion_2018-06-01_6,10,none,,otsu,docling_rapidocr,qwen,4,1,0,1,4,0.0,0.0,0.0,1,0.0,0.0,0.6987951807228916,0.7851458885941645,23.354309151,0
gestion_2018-06-01_6,11,none,,adaptive_gaussian,docling_easyocr,qwen,4,1,0,1,4,0.0,0.0,0.0,1,4.25,3.0,0.856353591160221,0.9464285714285714,111.568619351,0
gestion_2018-06-01_6,11,none,,adaptive_gaussian,docling_rapidocr,qwen,4,0,0,0,4,0.0,0.0,0.0,0,,,,,22.279307227,1
gestion_2018-06-01_6,11,none,,adaptive_mean,docling_easyocr,qwen,4,0,0,0,4,0.0,0.0,0.0,0,,,,,110.154014397,1
gestion_2018-06-01_6,11,none,,adaptive_mean,docling_rapidocr,qwen,4,0,0,0,4,0.0,0.0,0.0,0,,,,,24.065045405,1
gestion_2018-06-01_6,11,none,,basic,docling_easyocr,qwen,4,0,0,0,4,0.0,0.0,0.0,0,,,,,92.433400555,1
gestion_2018-06-01_6,11,none,,basic,docling_rapidocr,qwen,4,1,0,1,4,0.0,0.0,0.0,1,0.0,0.0,0.8446643717728055,0.9310344827586207,19.136110469,0
gestion_2018-06-01_6,11,none,,niblack,docling_easyocr,qwen,4,0,0,0,4,0.0,0.0,0.0,0,,,,,60.465248696,1
gestion_2018-06-01_6,11,none,,niblack,docling_rapidocr,qwen,4,0,0,0,4,0.0,0.0,0.0,0,,,,,10.659317605,1
gestion_2018-06-01_6,11,none,,none_color,docling_easyocr,qwen,4,4,0,4,4,0.0,0.0,0.0,4,0.65625,0.5,0.8757401710465031,0.9571971909547028,102.268166156,0
gestion_2018-06-01_6,11,none,,none_color,docling_rapidocr,qwen,4,6,1,5,3,0.166667,0.25,0.2,4,0.905921052631579,0.875,0.5762760239816926,0.669526622683369,23.262358756,0
gestion_2018-06-01_6,11,none,,none_grayscale,docling_easyocr,qwen,4,4,0,4,4,0.0,0.0,0.0,4,0.65625,0.5,0.8757401710465031,0.9571971909547028,102.747665972,0
gestion_2018-06-01_6,11,none,,none_grayscale,docling_rapidocr,qwen,4,6,1,5,3,0.166667,0.25,0.2,4,0.905921052631579,0.875,0.5762760239816926,0.669526622683369,23.735405774,0
gestion_2018-06-01_6,11,none,,otsu,docling_easyocr,qwen,4,1,0,1,4,0.0,0.0,0.0,1,0.0,0.0,0.9685886402753873,0.9893899204244032,102.127989051,0
gestion_2018-06-01_6,11,none,,otsu,docling_rapidocr,qwen,4,5,1,4,3,0.2,0.25,0.222222,4,0.764616704805492,0.8653846153846154,0.7831679739434401,0.8784737770814105,23.487978694,0
gestion_2018-06-01_6,12,none,,adaptive_gaussian,docling_easyocr,qwen,4,2,0,2,4,0.0,0.0,0.0,2,0.2219679633867277,0.49650349650349646,1.0,1.0,146.861369328,0
gestion_2018-06-01_6,12,none,,adaptive_gaussian,docling_rapidocr,qwen,4,0,0,0,4,0.0,0.0,0.0,0,,,,,53.905481534,1
gestion_2018-06-01_6,12,none,,adaptive_mean,docling_easyocr,qwen,4,0,0,0,4,0.0,0.0,0.0,0,,,,,142.041850949,1
gestion_2018-06-01_6,12,none,,adaptive_mean,docling_rapidocr,qwen,4,0,0,0,4,0.0,0.0,0.0,0,,,,,54.25461259,1
gestion_2018-06-01_6,12,none,,basic,docling_easyocr,qwen,4,2,0,2,4,0.0,0.0,0.0,2,0.7332189168573608,0.7307692307692308,0.40205541058242183,0.49828851932157125,124.956309981,0
gestion_2018-06-01_6,12,none,,basic,docling_rapidocr,qwen,4,4,1,3,3,0.25,0.25,0.25,4,0.21052631578947367,0.25,1.1854445121343118,1.257580927800201,54.45913095,0
gestion_2018-06-01_6,12,none,,niblack,docling_easyocr,qwen,4,0,0,0,4,0.0,0.0,0.0,0,,,,,96.615808455,1
gestion_2018-06-01_6,12,none,,niblack,docling_rapidocr,qwen,4,0,0,0,4,0.0,0.0,0.0,0,,,,,40.781679599,1
gestion_2018-06-01_6,12,none,,none_color,docling_easyocr,qwen,4,1,1,0,3,1.0,0.25,0.4,1,0.0,0.0,0.6742685025817556,0.8063660477453581,125.68458895,0
gestion_2018-06-01_6,12,none,,none_color,docling_rapidocr,qwen,4,5,2,3,2,0.4,0.5,0.444444,4,0.21052631578947367,0.25,0.4898456850409745,0.5398643806829886,54.026860755,0
gestion_2018-06-01_6,12,none,,none_grayscale,docling_easyocr,qwen,4,2,2,0,2,1.0,0.5,0.666667,2,0.0,0.0,0.4786211204264061,0.6160339874748231,119.444407099,0
gestion_2018-06-01_6,12,none,,none_grayscale,docling_rapidocr,qwen,4,2,1,1,3,0.5,0.25,0.333333,2,0.4868421052631579,0.5,0.4513114207984009,0.5294088512717787,53.924988383,0
gestion_2018-06-01_6,12,none,,otsu,docling_easyocr,qwen,4,2,1,1,3,0.5,0.25,0.333333,2,0.5625,0.5,0.9082549614400777,1.1658061765820387,112.501199265,0
gestion_2018-06-01_6,12,none,,otsu,docling_rapidocr,qwen,4,0,0,0,4,0.0,0.0,0.0,0,,,,,54.321550151,5
gestion_2018-06-01_6,13,none,,adaptive_gaussian,docling_easyocr,qwen,4,0,0,0,4,0.0,0.0,0.0,0,,,,,123.730002093,1
gestion_2018-06-01_6,13,none,,adaptive_gaussian,docling_rapidocr,qwen,4,0,0,0,4,0.0,0.0,0.0,0,,,,,50.853934216,1
gestion_2018-06-01_6,13,none,,adaptive_mean,docling_easyocr,qwen,4,1,0,1,4,0.0,0.0,0.0,1,4.25,4.0,0.8480662983425414,0.9464285714285714,141.419023701,0
gestion_2018-06-01_6,13,none,,adaptive_mean,docling_rapidocr,qwen,4,0,0,0,4,0.0,0.0,0.0,0,,,,,57.814878651,1
gestion_2018-06-01_6,13,none,,basic,docling_easyocr,qwen,4,0,0,0,4,0.0,0.0,0.0,0,,,,,123.9863336,1
gestion_2018-06-01_6,13,none,,basic,docling_rapidocr,qwen,4,3,0,3,4,0.0,0.0,0.0,3,0.6578947368421053,0.6666666666666666,0.685325196788997,0.8351361663566556,51.591335049,0
gestion_2018-06-01_6,13,none,,niblack,docling_easyocr,qwen,4,0,0,0,4,0.0,0.0,0.0,0,,,,,95.882821624,1
gestion_2018-06-01_6,13,none,,niblack,docling_rapidocr,qwen,4,0,0,0,4,0.0,0.0,0.0,0,,,,,42.052553241,1
gestion_2018-06-01_6,13,none,,none_color,docling_easyocr,qwen,4,0,0,0,4,0.0,0.0,0.0,0,,,,,120.659607972,2
gestion_2018-06-01_6,13,none,,none_color,docling_rapidocr,qwen,4,5,1,4,3,0.2,0.25,0.222222,4,0.6309210526315789,0.75,0.4641778390075145,0.5125946051015804,52.31120743,4
gestion_2018-06-01_6,13,none,,none_grayscale,docling_easyocr,qwen,4,4,2,2,2,0.5,0.5,0.5,4,0.2450657894736842,0.375,0.5550338445166665,0.5974625844537491,126.974167981,0
gestion_2018-06-01_6,13,none,,none_grayscale,docling_rapidocr,qwen,4,0,0,0,4,0.0,0.0,0.0,0,,,,,54.185420193,6
gestion_2018-06-01_6,13,none,,otsu,docling_easyocr,qwen,4,0,0,0,4,0.0,0.0,0.0,0,,,,,114.463465993,3
gestion_2018-06-01_6,13,none,,otsu,docling_rapidocr,qwen,4,4,2,2,2,0.5,0.5,0.5,4,1.8651315789473684,1.4431818181818181,0.6377638483022631,0.7677054818482418,54.270099704,0
gestion_2018-06-01_6,14,none,,adaptive_gaussian,docling_easyocr,qwen,4,0,0,0,4,0.0,0.0,0.0,0,,,,,135.590613543,1
gestion_2018-06-01_6,14,none,,adaptive_gaussian,docling_rapidocr,qwen,4,4,0,4,4,0.0,0.0,0.0,4,0.9807732646834477,0.9230769230769231,0.8139080629195568,0.9464045344410918,51.416172205,0
gestion_2018-06-01_6,14,none,,adaptive_mean,docling_easyocr,qwen,4,1,0,1,4,0.0,0.0,0.0,1,0.4057971014492754,0.46153846153846156,0.9694492254733219,0.9893899204244032,127.8957841,0
gestion_2018-06-01_6,14,none,,adaptive_mean,docling_rapidocr,qwen,4,0,0,0,4,0.0,0.0,0.0,0,,,,,50.983048161,1
gestion_2018-06-01_6,14,none,,basic,docling_easyocr,qwen,4,0,0,0,4,0.0,0.0,0.0,0,,,,,132.072343113,3
gestion_2018-06-01_6,14,none,,basic,docling_rapidocr,qwen,4,1,1,0,3,1.0,0.25,0.4,1,0.0,0.0,0.49483648881239245,0.5649867374005305,51.34595442,5
gestion_2018-06-01_6,14,none,,niblack,docling_easyocr,qwen,4,0,0,0,4,0.0,0.0,0.0,0,,,,,96.256237457,1
gestion_2018-06-01_6,14,none,,niblack,docling_rapidocr,qwen,4,0,0,0,4,0.0,0.0,0.0,0,,,,,41.774746845,1
gestion_2018-06-01_6,14,none,,none_color,docling_easyocr,qwen,4,3,1,2,3,0.333333,0.25,0.285714,3,0.5745614035087719,0.6666666666666666,0.5841068405812573,0.7183921803860279,118.817559649,0
gestion_2018-06-01_6,14,none,,none_color,docling_rapidocr,qwen,4,5,1,4,3,0.2,0.25,0.222222,4,1.730921052631579,1.5,0.786155993439706,0.9395465342712803,51.635779549,0
gestion_2018-06-01_6,14,none,,none_grayscale,docling_easyocr,qwen,4,3,1,2,3,0.333333,0.25,0.285714,3,0.5745614035087719,0.6666666666666666,0.5841068405812573,0.7183921803860279,116.117432047,0
gestion_2018-06-01_6,14,none,,none_grayscale,docling_rapidocr,qwen,4,6,1,5,3,0.166667,0.25,0.2,4,0.6177631578947369,0.75,0.9467033904518849,1.0187630896432227,54.339588572,0
gestion_2018-06-01_6,14,none,,otsu,docling_easyocr,qwen,4,4,1,3,3,0.25,0.25,0.25,4,0.8125,0.625,0.534214668446263,0.6564194774677318,125.692541674,0
gestion_2018-06-01_6,14,none,,otsu,docling_rapidocr,qwen,4,0,0,0,4,0.0,0.0,0.0,0,,,,,53.401359156,2
gestion_2018-06-01_6,15,none,,adaptive_gaussian,docling_easyocr,qwen,4,0,0,0,4,0.0,0.0,0.0,0,,,,,89.731440912,1
gestion_2018-06-01_6,15,none,,adaptive_gaussian,docling_rapidocr,qwen,4,0,0,0,4,0.0,0.0,0.0,0,,,,,12.686128508,1
gestion_2018-06-01_6,15,none,,adaptive_mean,docling_easyocr,qwen,4,0,0,0,4,0.0,0.0,0.0,0,,,,,94.27310117,1
gestion_2018-06-01_6,15,none,,adaptive_mean,docling_rapidocr,qwen,4,0,0,0,4,0.0,0.0,0.0,0,,,,,11.285954315,1
gestion_2018-06-01_6,15,none,,basic,docling_easyocr,qwen,4,0,0,0,4,0.0,0.0,0.0,0,,,,,90.265640379,1
gestion_2018-06-01_6,15,none,,basic,docling_rapidocr,qwen,4,2,1,1,3,0.5,0.25,0.333333,2,0.4855072463768116,0.5384615384615384,0.4602190328132808,0.5142806828312623,21.817639233,0
gestion_2018-06-01_6,15,none,,niblack,docling_easyocr,qwen,4,0,0,0,4,0.0,0.0,0.0,0,,,,,64.695000219,1
gestion_2018-06-01_6,15,none,,niblack,docling_rapidocr,qwen,4,0,0,0,4,0.0,0.0,0.0,0,,,,,10.758794594,1
gestion_2018-06-01_6,15,none,,none_color,docling_easyocr,qwen,4,0,0,0,4,0.0,0.0,0.0,0,,,,,94.416923498,3
gestion_2018-06-01_6,15,none,,none_color,docling_rapidocr,qwen,4,4,1,3,3,0.25,0.25,0.25,4,1.8708333333333333,1.5096153846153846,0.6545760318974689,0.7795050680111132,19.528435444,0
gestion_2018-06-01_6,15,none,,none_grayscale,docling_easyocr,qwen,4,4,1,3,3,0.25,0.25,0.25,4,0.8332379862700229,0.7316433566433567,0.7281801626012425,0.8955285601864154,95.483909416,0
gestion_2018-06-01_6,15,none,,none_grayscale,docling_rapidocr,qwen,4,2,1,1,3,0.5,0.25,0.333333,2,0.2536231884057971,0.2692307692307692,0.5209707956248959,0.6165182649658254,23.184992838,0
gestion_2018-06-01_6,15,none,,otsu,docling_easyocr,qwen,4,1,0,1,4,0.0,0.0,0.0,1,1.1159420289855073,1.0769230769230769,0.8726333907056799,1.0344827586206897,93.015708878,0
gestion_2018-06-01_6,15,none,,otsu,docling_rapidocr,qwen,4,5,0,5,4,0.0,0.0,0.0,4,1.532279748283753,1.1923076923076923,0.7462604925344595,0.9698613225020793,22.924944117,0
gestion_2018-06-01_6,16,none,,adaptive_gaussian,docling_easyocr,qwen,4,0,0,0,4,0.0,0.0,0.0,0,,,,,78.94625205,1
gestion_2018-06-01_6,16,none,,adaptive_gaussian,docling_rapidocr,qwen,4,0,0,0,4,0.0,0.0,0.0,0,,,,,12.851462069,1
gestion_2018-06-01_6,16,none,,adaptive_mean,docling_easyocr,qwen,4,0,0,0,4,0.0,0.0,0.0,0,,,,,79.411509333,1
gestion_2018-06-01_6,16,none,,adaptive_mean,docling_rapidocr,qwen,4,0,0,0,4,0.0,0.0,0.0,0,,,,,17.911207256,1
gestion_2018-06-01_6,16,none,,basic,docling_easyocr,qwen,4,0,0,0,4,0.0,0.0,0.0,0,,,,,99.657811026,1
gestion_2018-06-01_6,16,none,,basic,docling_rapidocr,qwen,4,5,1,4,3,0.2,0.25,0.222222,4,0.481359649122807,0.6153846153846154,0.5459550484424773,0.6443892993542442,22.915762524,0
gestion_2018-06-01_6,16,none,,niblack,docling_easyocr,qwen,4,0,0,0,4,0.0,0.0,0.0,0,,,,,55.043642569,1
gestion_2018-06-01_6,16,none,,niblack,docling_rapidocr,qwen,4,0,0,0,4,0.0,0.0,0.0,0,,,,,11.339857388,1
gestion_2018-06-01_6,16,none,,none_color,docling_easyocr,qwen,4,0,0,0,4,0.0,0.0,0.0,0,,,,,94.413363483,1
gestion_2018-06-01_6,16,none,,none_color,docling_rapidocr,qwen,4,0,0,0,4,0.0,0.0,0.0,0,,,,,23.667213705,4
gestion_2018-06-01_6,16,none,,none_grayscale,docling_easyocr,qwen,4,0,0,0,4,0.0,0.0,0.0,0,,,,,93.69305406,2
gestion_2018-06-01_6,16,none,,none_grayscale,docling_rapidocr,qwen,4,6,2,4,2,0.333333,0.5,0.4,4,0.5947368421052632,0.75,0.600923460108108,0.6796037022070789,23.851308922,0
gestion_2018-06-01_6,16,none,,otsu,docling_easyocr,qwen,4,1,0,1,4,0.0,0.0,0.0,1,3.0,2.0,0.9005524861878453,0.9642857142857143,100.218481546,0
gestion_2018-06-01_6,16,none,,otsu,docling_rapidocr,qwen,4,0,0,0,4,0.0,0.0,0.0,0,,,,,20.599642044,1
gestion_2018-06-01_6,17,none,,adaptive_gaussian,docling_easyocr,qwen,4,0,0,0,4,0.0,0.0,0.0,0,,,,,86.969829668,1
gestion_2018-06-01_6,17,none,,adaptive_gaussian,docling_rapidocr,qwen,4,0,0,0,4,0.0,0.0,0.0,0,,,,,13.540679802,1
gestion_2018-06-01_6,17,none,,adaptive_mean,docling_easyocr,qwen,4,0,0,0,4,0.0,0.0,0.0,0,,,,,97.021789442,1
gestion_2018-06-01_6,17,none,,adaptive_mean,docling_rapidocr,qwen,4,0,0,0,4,0.0,0.0,0.0,0,,,,,13.649710785,1
gestion_2018-06-01_6,17,none,,basic,docling_easyocr,qwen,4,0,0,0,4,0.0,0.0,0.0,0,,,,,97.482676678,1
gestion_2018-06-01_6,17,none,,basic,docling_rapidocr,qwen,4,2,0,2,4,0.0,0.0,0.0,2,0.9018878718535469,0.9615384615384616,0.7715226805840875,0.9207105671549798,19.719540768,0
gestion_2018-06-01_6,17,none,,niblack,docling_easyocr,qwen,4,0,0,0,4,0.0,0.0,0.0,0,,,,,63.418344908,1
gestion_2018-06-01_6,17,none,,niblack,docling_rapidocr,qwen,4,0,0,0,4,0.0,0.0,0.0,0,,,,,11.311791115,1
gestion_2018-06-01_6,17,none,,none_color,docling_easyocr,qwen,4,2,2,0,2,1.0,0.5,0.666667,2,0.006578947368421052,0.045454545454545456,0.42727444339570264,0.4927963723213401,95.907666782,0
gestion_2018-06-01_6,17,none,,none_color,docling_rapidocr,qwen,4,2,1,1,3,0.5,0.25,0.333333,2,0.2536231884057971,0.2692307692307692,0.54927794125812,0.6695301407706615,20.356384377,0
gestion_2018-06-01_6,17,none,,none_grayscale,docling_easyocr,qwen,4,2,2,0,2,1.0,0.5,0.666667,2,0.006578947368421052,0.045454545454545456,0.42727444339570264,0.4927963723213401,95.739897589,0
gestion_2018-06-01_6,17,none,,none_grayscale,docling_rapidocr,qwen,4,2,1,1,3,0.5,0.25,0.333333,2,0.2536231884057971,0.2692307692307692,0.54927794125812,0.6695301407706615,22.651569704,0
gestion_2018-06-01_6,17,none,,otsu,docling_easyocr,qwen,4,0,0,0,4,0.0,0.0,0.0,0,,,,,96.627287632,1
gestion_2018-06-01_6,17,none,,otsu,docling_rapidocr,qwen,4,1,0,1,4,0.0,0.0,0.0,1,2.1159420289855073,1.6923076923076923,0.5740103270223752,0.7453580901856764,20.828676468,0
gestion_2018-06-01_6,18,none,,adaptive_gaussian,docling_easyocr,qwen,4,0,0,0,4,0.0,0.0,0.0,0,,,,,63.516334137,1
gestion_2018-06-01_6,18,none,,adaptive_gaussian,docling_rapidocr,qwen,4,0,0,0,4,0.0,0.0,0.0,0,,,,,11.164461693,1
gestion_2018-06-01_6,18,none,,adaptive_mean,docling_easyocr,qwen,4,0,0,0,4,0.0,0.0,0.0,0,,,,,64.87494853,1
gestion_2018-06-01_6,18,none,,adaptive_mean,docling_rapidocr,qwen,4,0,0,0,4,0.0,0.0,0.0,0,,,,,12.309547215,1
gestion_2018-06-01_6,18,none,,basic,docling_easyocr,qwen,4,0,0,0,4,0.0,0.0,0.0,0,,,,,64.390002155,1
gestion_2018-06-01_6,18,none,,basic,docling_rapidocr,qwen,4,0,0,0,4,0.0,0.0,0.0,0,,,,,10.706494951,1
gestion_2018-06-01_6,18,none,,niblack,docling_easyocr,qwen,4,0,0,0,4,0.0,0.0,0.0,0,,,,,58.016825457,1
gestion_2018-06-01_6,18,none,,otsu,docling_easyocr,qwen,4,0,0,0,4,0.0,0.0,0.0,0,,,,,64.642214275,1
gestion_2018-06-01_6,18,none,,otsu,docling_rapidocr,qwen,4,0,0,0,4,0.0,0.0,0.0,0,,,,,11.493549801,1
gestion_2018-06-01_6,18,none,,yannihorne,docling_easyocr,qwen,4,0,0,0,4,0.0,0.0,0.0,0,,,,,65.287194229,1
gestion_2018-06-01_6,19,none,,adaptive_gaussian,docling_easyocr,qwen,4,0,0,0,4,0.0,0.0,0.0,0,,,,,59.050449617,1
gestion_2018-06-01_6,19,none,,adaptive_gaussian,docling_rapidocr,qwen,4,0,0,0,4,0.0,0.0,0.0,0,,,,,10.722738989,1
gestion_2018-06-01_6,19,none,,adaptive_mean,docling_easyocr,qwen,4,0,0,0,4,0.0,0.0,0.0,0,,,,,64.34467359,1
gestion_2018-06-01_6,19,none,,adaptive_mean,docling_rapidocr,qwen,4,0,0,0,4,0.0,0.0,0.0,0,,,,,11.542118744,1
gestion_2018-06-01_6,19,none,,basic,docling_easyocr,qwen,4,0,0,0,4,0.0,0.0,0.0,0,,,,,64.156330656,1
gestion_2018-06-01_6,19,none,,basic,docling_rapidocr,qwen,4,0,0,0,4,0.0,0.0,0.0,0,,,,,11.178074431,1
gestion_2018-06-01_6,19,none,,niblack,docling_easyocr,qwen,4,0,0,0,4,0.0,0.0,0.0,0,,,,,61.514813898,1
gestion_2018-06-01_6,19,none,,none_color,docling_easyocr,qwen,4,0,0,0,4,0.0,0.0,0.0,0,,,,,66.583523748,1
gestion_2018-06-01_6,19,none,,none_grayscale,docling_easyocr,qwen,4,0,0,0,4,0.0,0.0,0.0,0,,,,,66.567224739,1
gestion_2018-06-01_6,19,none,,otsu,docling_easyocr,qwen,4,0,0,0,4,0.0,0.0,0.0,0,,,,,64.241021776,1
gestion_2018-06-01_6,19,none,,otsu,docling_rapidocr,qwen,4,0,0,0,4,0.0,0.0,0.0,0,,,,,11.779212856,1
gestion_2018-06-01_6,19,none,,yannihorne,docling_easyocr,qwen,4,0,0,0,4,0.0,0.0,0.0,0,,,,,57.616918707,1
gestion_2018-06-01_6,20,none,,adaptive_gaussian,docling_easyocr,qwen,4,0,0,0,4,0.0,0.0,0.0,0,,,,,65.471286573,1
gestion_2018-06-01_6,20,none,,adaptive_gaussian,docling_rapidocr,qwen,4,0,0,0,4,0.0,0.0,0.0,0,,,,,11.386893787,1
gestion_2018-06-01_6,20,none,,adaptive_mean,docling_easyocr,qwen,4,0,0,0,4,0.0,0.0,0.0,0,,,,,65.028341829,1
gestion_2018-06-01_6,20,none,,adaptive_mean,docling_rapidocr,qwen,4,0,0,0,4,0.0,0.0,0.0,0,,,,,12.145480215,1
gestion_2018-06-01_6,20,none,,basic,docling_easyocr,qwen,4,0,0,0,4,0.0,0.0,0.0,0,,,,,64.26949535,1
gestion_2018-06-01_6,20,none,,basic,docling_rapidocr,qwen,4,0,0,0,4,0.0,0.0,0.0,0,,,,,10.502249104,1
gestion_2018-06-01_6,20,none,,niblack,docling_easyocr,qwen,4,0,0,0,4,0.0,0.0,0.0,0,,,,,57.997679739,1
gestion_2018-06-01_6,20,none,,otsu,docling_easyocr,qwen,4,0,0,0,4,0.0,0.0,0.0,0,,,,,65.66454714,1
gestion_2018-06-01_6,20,none,,otsu,docling_rapidocr,qwen,4,0,0,0,4,0.0,0.0,0.0,0,,,,,11.40630191,1
gestion_2018-06-01_6,20,none,,yannihorne,docling_easyocr,qwen,4,0,0,0,4,0.0,0.0,0.0,0,,,,,64.970430071,1
gestion_2018-06-01_6,21,none,,adaptive_gaussian,docling_easyocr,qwen,4,1,0,1,4,0.0,0.0,0.0,1,0.30434782608695654,0.46153846153846156,0.9690189328743546,0.9893899204244032,190.823922691,0
gestion_2018-06-01_6,21,none,,adaptive_gaussian,docling_rapidocr,qwen,4,1,0,1,4,0.0,0.0,0.0,1,0.8115942028985508,0.9230769230769231,0.8558519793459552,0.9761273209549072,111.079517183,0
gestion_2018-06-01_6,21,none,,adaptive_mean,docling_easyocr,qwen,4,0,0,0,4,0.0,0.0,0.0,0,,,,,197.585462338,1
gestion_2018-06-01_6,21,none,,adaptive_mean,docling_rapidocr,qwen,4,2,0,2,4,0.0,0.0,0.0,2,2.1375,2.0,0.90953627499142,0.9732142857142857,110.870965963,0
gestion_2018-06-01_6,21,none,,basic,docling_easyocr,qwen,4,0,0,0,4,0.0,0.0,0.0,0,,,,,175.026571798,1
gestion_2018-06-01_6,21,none,,basic,docling_rapidocr,qwen,4,0,0,0,4,0.0,0.0,0.0,0,,,,,106.918504286,6
gestion_2018-06-01_6,21,none,,niblack,docling_easyocr,qwen,4,0,0,0,4,0.0,0.0,0.0,0,,,,,150.555840872,1
gestion_2018-06-01_6,21,none,,niblack,docling_rapidocr,qwen,4,0,0,0,4,0.0,0.0,0.0,0,,,,,95.451741121,1
gestion_2018-06-01_6,21,none,,none_color,docling_easyocr,qwen,4,3,0,3,4,0.0,0.0,0.0,3,0.8250000000000001,0.5,0.8834850508959748,0.9570607553366175,181.572978472,0
gestion_2018-06-01_6,21,none,,none_color,docling_rapidocr,qwen,4,3,2,1,2,0.666667,0.5,0.571429,3,0.30701754385964913,0.3333333333333333,0.5164138960687916,0.6362364301411376,106.826726173,0
gestion_2018-06-01_6,21,none,,none_grayscale,docling_easyocr,qwen,4,3,0,3,4,0.0,0.0,0.0,3,0.5750000000000001,0.5,0.884856733006683,0.9630131362889984,193.510600542,0
gestion_2018-06-01_6,21,none,,none_grayscale,docling_rapidocr,qwen,4,3,2,1,2,0.666667,0.5,0.571429,3,0.30701754385964913,0.3333333333333333,0.5164138960687916,0.6362364301411376,104.511897301,0
gestion_2018-06-01_6,21,none,,otsu,docling_easyocr,qwen,4,0,0,0,4,0.0,0.0,0.0,0,,,,,197.058485151,1
gestion_2018-06-01_6,21,none,,otsu,docling_rapidocr,qwen,4,8,1,7,3,0.125,0.25,0.166667,4,0.6309210526315789,0.75,0.735900544892928,0.8364475415841849,107.719084621,0
gestion_2018-06-01_6,22,none,,adaptive_gaussian,docling_easyocr,qwen,4,0,0,0,4,0.0,0.0,0.0,0,,,,,195.239671744,1
gestion_2018-06-01_6,22,none,,adaptive_gaussian,docling_rapidocr,qwen,4,1,0,1,4,0.0,0.0,0.0,1,9.875,6.5,0.8149171270718232,0.9642857142857143,106.833645857,0
gestion_2018-06-01_6,22,none,,adaptive_mean,docling_easyocr,qwen,4,0,0,0,4,0.0,0.0,0.0,0,,,,,179.793393431,1
gestion_2018-06-01_6,22,none,,adaptive_mean,docling_rapidocr,qwen,4,1,0,1,4,0.0,0.0,0.0,1,6.625,4.0,0.8480662983425414,0.9464285714285714,105.778689442,0
gestion_2018-06-01_6,22,none,,basic,docling_easyocr,qwen,4,0,0,0,4,0.0,0.0,0.0,0,,,,,193.352826695,1
gestion_2018-06-01_6,22,none,,basic,docling_rapidocr,qwen,4,1,0,1,4,0.0,0.0,0.0,1,0.0,0.0,0.8377796901893287,0.9230769230769231,105.740383963,0
gestion_2018-06-01_6,22,none,,niblack,docling_easyocr,qwen,4,0,0,0,4,0.0,0.0,0.0,0,,,,,142.413162207,1
gestion_2018-06-01_6,22,none,,niblack,docling_rapidocr,qwen,4,0,0,0,4,0.0,0.0,0.0,0,,,,,93.580484366,1
gestion_2018-06-01_6,22,none,,none_color,docling_easyocr,qwen,4,1,0,1,4,0.0,0.0,0.0,1,0.0,0.0,0.9698795180722891,0.9787798408488063,190.347944287,0
gestion_2018-06-01_6,22,none,,none_color,docling_rapidocr,qwen,4,0,0,0,4,0.0,0.0,0.0,0,,,,,107.147138861,4
gestion_2018-06-01_6,22,none,,none_grayscale,docling_easyocr,qwen,4,1,0,1,4,0.0,0.0,0.0,1,0.0,0.0,0.9698795180722891,0.9787798408488063,175.494167593,0
gestion_2018-06-01_6,22,none,,none_grayscale,docling_rapidocr,qwen,4,0,0,0,4,0.0,0.0,0.0,0,,,,,107.10109618,4
gestion_2018-06-01_6,22,none,,otsu,docling_easyocr,qwen,4,3,0,3,4,0.0,0.0,0.0,3,0.26666666666666666,0.3333333333333333,0.9744759683896879,0.9860109842940004,191.77553361,0
gestion_2018-06-01_6,22,none,,otsu,docling_rapidocr,qwen,4,0,0,0,4,0.0,0.0,0.0,0,,,,,105.524983667,6
gestion_2018-06-01_6,23,none,,adaptive_gaussian,docling_easyocr,qwen,4,0,0,0,4,0.0,0.0,0.0,0,,,,,194.450947644,1
gestion_2018-06-01_6,23,none,,adaptive_gaussian,docling_rapidocr,qwen,4,1,0,1,4,0.0,0.0,0.0,1,3.375,2.5,0.850828729281768,0.9464285714285714,107.34594834,0
gestion_2018-06-01_6,23,none,,adaptive_mean,docling_easyocr,qwen,4,1,0,1,4,0.0,0.0,0.0,1,0.42028985507246375,0.5384615384615384,0.9698795180722891,0.9893899204244032,191.391356133,0
gestion_2018-06-01_6,23,none,,adaptive_mean,docling_rapidocr,qwen,4,2,0,2,4,0.0,0.0,0.0,2,2.1375,2.0,0.9452207589450946,0.9884615384615385,106.750592612,0
gestion_2018-06-01_6,23,none,,basic,docling_easyocr,qwen,4,0,0,0,4,0.0,0.0,0.0,0,,,,,181.752257054,1
gestion_2018-06-01_6,23,none,,basic,docling_rapidocr,qwen,4,1,0,1,4,0.0,0.0,0.0,1,0.014492753623188406,0.07692307692307693,0.9152323580034424,0.9734748010610079,103.099802677,0
gestion_2018-06-01_6,23,none,,niblack,docling_easyocr,qwen,4,0,0,0,4,0.0,0.0,0.0,0,,,,,150.302612416,1
gestion_2018-06-01_6,23,none,,niblack,docling_rapidocr,qwen,4,0,0,0,4,0.0,0.0,0.0,0,,,,,93.851325146,1
gestion_2018-06-01_6,23,none,,none_color,docling_easyocr,qwen,4,4,0,4,4,0.0,0.0,0.0,4,0.80625,0.5,0.9063352904962008,0.9611000272799171,180.019960038,0
gestion_2018-06-01_6,23,none,,none_color,docling_rapidocr,qwen,4,0,0,0,4,0.0,0.0,0.0,0,,,,,107.400563113,1
gestion_2018-06-01_6,23,none,,none_grayscale,docling_easyocr,qwen,4,4,0,4,4,0.0,0.0,0.0,4,0.80625,0.5,0.9063352904962008,0.9611000272799171,192.712898842,0
gestion_2018-06-01_6,23,none,,none_grayscale,docling_rapidocr,qwen,4,0,0,0,4,0.0,0.0,0.0,0,,,,,107.605258576,1
gestion_2018-06-01_6,23,none,,otsu,docling_easyocr,qwen,4,1,0,1,4,0.0,0.0,0.0,1,0.0,0.0,0.9690189328743546,0.9893899204244032,184.118292588,0
gestion_2018-06-01_6,23,none,,otsu,docling_rapidocr,qwen,4,7,1,6,3,0.142857,0.25,0.181818,4,0.6177631578947369,0.75,0.7087738621248093,0.8361379400753775,107.568365353,0
gestion_2018-06-01_6,24,none,,adaptive_gaussian,docling_easyocr,qwen,4,0,0,0,4,0.0,0.0,0.0,0,,,,,107.079513737,1
gestion_2018-06-01_6,24,none,,adaptive_gaussian,docling_rapidocr,qwen,4,0,0,0,4,0.0,0.0,0.0,0,,,,,19.844220587,1
gestion_2018-06-01_6,24,none,,adaptive_mean,docling_easyocr,qwen,4,1,0,1,4,0.0,0.0,0.0,1,4.5,4.0,0.8480662983425414,0.9464285714285714,111.433985369,0
gestion_2018-06-01_6,24,none,,adaptive_mean,docling_rapidocr,qwen,4,0,0,0,4,0.0,0.0,0.0,0,,,,,25.423275845,1
gestion_2018-06-01_6,24,none,,basic,docling_easyocr,qwen,4,2,2,0,2,1.0,0.5,0.666667,2,0.0,0.0,0.49398839598023436,0.546281519310565,94.033549176,0
gestion_2018-06-01_6,24,none,,basic,docling_rapidocr,qwen,4,2,0,2,4,0.0,0.0,0.0,2,0.4868421052631579,0.5,0.4569085558825163,0.5660708586019789,21.241532669,0
gestion_2018-06-01_6,24,none,,niblack,docling_easyocr,qwen,4,0,0,0,4,0.0,0.0,0.0,0,,,,,65.962861592,1
gestion_2018-06-01_6,24,none,,niblack,docling_rapidocr,qwen,4,0,0,0,4,0.0,0.0,0.0,0,,,,,10.559138352,1
gestion_2018-06-01_6,24,none,,none_color,docling_easyocr,qwen,4,0,0,0,4,0.0,0.0,0.0,0,,,,,94.766509804,2
gestion_2018-06-01_6,24,none,,none_color,docling_rapidocr,qwen,4,5,2,3,2,0.4,0.5,0.444444,4,0.21052631578947367,0.25,0.4239938299593155,0.4703532257912355,22.194965961,4
gestion_2018-06-01_6,24,none,,none_grayscale,docling_easyocr,qwen,4,0,0,0,4,0.0,0.0,0.0,0,,,,,81.913261664,2
gestion_2018-06-01_6,24,none,,none_grayscale,docling_rapidocr,qwen,4,0,0,0,4,0.0,0.0,0.0,0,,,,,24.257670891,5
gestion_2018-06-01_6,24,none,,otsu,docling_easyocr,qwen,4,0,0,0,4,0.0,0.0,0.0,0,,,,,93.681583178,2
gestion_2018-06-01_6,24,none,,otsu,docling_rapidocr,qwen,4,0,0,0,4,0.0,0.0,0.0,0,,,,,22.971374047,5
gestion_2018-06-01_6,25,none,,adaptive_gaussian,docling_easyocr,qwen,4,0,0,0,4,0.0,0.0,0.0,0,,,,,106.334107411,1
gestion_2018-06-01_6,25,none,,adaptive_gaussian,docling_rapidocr,qwen,4,0,0,0,4,0.0,0.0,0.0,0,,,,,20.006849301,1
gestion_2018-06-01_6,25,none,,adaptive_mean,docling_easyocr,qwen,4,1,0,1,4,0.0,0.0,0.0,1,0.2608695652173913,0.3076923076923077,0.9896729776247849,0.9973474801061007,104.360553225,0
gestion_2018-06-01_6,25,none,,adaptive_mean,docling_rapidocr,qwen,4,0,0,0,4,0.0,0.0,0.0,0,,,,,20.48421069,1
gestion_2018-06-01_6,25,none,,basic,docling_easyocr,qwen,4,0,0,0,4,0.0,0.0,0.0,0,,,,,93.006998541,2
gestion_2018-06-01_6,25,none,,basic,docling_rapidocr,qwen,4,0,0,0,4,0.0,0.0,0.0,0,,,,,22.621487858,5
gestion_2018-06-01_6,25,none,,niblack,docling_easyocr,qwen,4,0,0,0,4,0.0,0.0,0.0,0,,,,,65.661435482,1
gestion_2018-06-01_6,25,none,,niblack,docling_rapidocr,qwen,4,0,0,0,4,0.0,0.0,0.0,0,,,,,10.951899168,1
gestion_2018-06-01_6,25,none,,none_color,docling_easyocr,qwen,4,0,0,0,4,0.0,0.0,0.0,0,,,,,92.948515749,2
gestion_2018-06-01_6,25,none,,none_color,docling_rapidocr,qwen,4,0,0,0,4,0.0,0.0,0.0,0,,,,,24.2370233,6
gestion_2018-06-01_6,25,none,,none_grayscale,docling_easyocr,qwen,4,0,0,0,4,0.0,0.0,0.0,0,,,,,94.730472018,2
gestion_2018-06-01_6,25,none,,none_grayscale,docling_rapidocr,qwen,4,0,0,0,4,0.0,0.0,0.0,0,,,,,23.853774239,4
gestion_2018-06-01_6,25,none,,otsu,docling_easyocr,qwen,4,2,2,0,2,1.0,0.5,0.666667,2,0.006578947368421052,0.045454545454545456,0.529051135417245,0.5823656955435464,94.315220192,0
gestion_2018-06-01_6,25,none,,otsu,docling_rapidocr,qwen,4,4,1,3,3,0.25,0.25,0.25,4,0.7730263157894737,0.625,0.577994189057211,0.6771455713766845,22.982485369,0
gestion_2018-06-01_6,26,none,,adaptive_gaussian,docling_easyocr,qwen,4,1,0,1,4,0.0,0.0,0.0,1,0.30434782608695654,0.46153846153846156,0.9711703958691911,0.9920424403183024,113.051987302,0
gestion_2018-06-01_6,26,none,,adaptive_gaussian,docling_rapidocr,qwen,4,1,0,1,4,0.0,0.0,0.0,1,0.013157894736842105,0.09090909090909091,0.9548387096774194,0.979253112033195,25.502378833,0
gestion_2018-06-01_6,26,none,,adaptive_mean,docling_easyocr,qwen,4,1,0,1,4,0.0,0.0,0.0,1,3.5,3.5,0.8784530386740331,0.9464285714285714,108.530278047,0
gestion_2018-06-01_6,26,none,,adaptive_mean,docling_rapidocr,qwen,4,0,0,0,4,0.0,0.0,0.0,0,,,,,25.78233393,1
gestion_2018-06-01_6,26,none,,basic,docling_easyocr,qwen,4,2,1,1,3,0.5,0.25,0.333333,2,0.4750190694126621,0.5384615384615384,0.49764005330076067,0.644160604026107,94.293197753,0
gestion_2018-06-01_6,26,none,,basic,docling_rapidocr,qwen,4,0,0,0,4,0.0,0.0,0.0,0,,,,,20.163085582,1
gestion_2018-06-01_6,26,none,,niblack,docling_easyocr,qwen,4,0,0,0,4,0.0,0.0,0.0,0,,,,,56.763070031,1
gestion_2018-06-01_6,26,none,,niblack,docling_rapidocr,qwen,4,0,0,0,4,0.0,0.0,0.0,0,,,,,10.88073866,1
gestion_2018-06-01_6,26,none,,none_color,docling_easyocr,qwen,4,0,0,0,4,0.0,0.0,0.0,0,,,,,95.126136424,2
gestion_2018-06-01_6,26,none,,none_color,docling_rapidocr,qwen,4,0,0,0,4,0.0,0.0,0.0,0,,,,,23.691944721,3
gestion_2018-06-01_6,26,none,,none_grayscale,docling_easyocr,qwen,4,2,2,0,2,1.0,0.5,0.666667,2,0.0,0.0,0.5859399811226473,0.7017400970756243,94.153222848,0
gestion_2018-06-01_6,26,none,,none_grayscale,docling_rapidocr,qwen,4,0,0,0,4,0.0,0.0,0.0,0,,,,,24.367301275,3
gestion_2018-06-01_6,26,none,,otsu,docling_easyocr,qwen,4,2,0,2,4,0.0,0.0,0.0,2,0.4868421052631579,0.5,0.486699794569985,0.5638255720527863,93.215639547,0
gestion_2018-06-01_6,26,none,,otsu,docling_rapidocr,qwen,4,0,0,0,4,0.0,0.0,0.0,0,,,,,20.861586288,5
gestion_2018-06-01_6,27,none,,adaptive_gaussian,docling_easyocr,qwen,4,0,0,0,4,0.0,0.0,0.0,0,,,,,100.480143638,1
gestion_2018-06-01_6,27,none,,adaptive_gaussian,docling_rapidocr,qwen,4,3,0,3,4,0.0,0.0,0.0,2,1.3375,1.0,0.8672519027462804,1.1836538461538462,26.141951652,0
gestion_2018-06-01_6,27,none,,adaptive_mean,docling_easyocr,qwen,4,1,0,1,4,0.0,0.0,0.0,1,4.25,3.0,0.850828729281768,0.9464285714285714,108.061822931,0
gestion_2018-06-01_6,27,none,,adaptive_mean,docling_rapidocr,qwen,4,2,0,2,4,0.0,0.0,0.0,2,5.4625,4.0,0.8258827329560366,0.9578296703296703,23.447743694,0
gestion_2018-06-01_6,27,none,,basic,docling_easyocr,qwen,4,0,0,0,4,0.0,0.0,0.0,0,,,,,82.56046351,5
gestion_2018-06-01_6,27,none,,basic,docling_rapidocr,qwen,4,0,0,0,4,0.0,0.0,0.0,0,,,,,23.094729982,5
gestion_2018-06-01_6,27,none,,niblack,docling_easyocr,qwen,4,0,0,0,4,0.0,0.0,0.0,0,,,,,65.480767829,1
gestion_2018-06-01_6,27,none,,niblack,docling_rapidocr,qwen,4,0,0,0,4,0.0,0.0,0.0,0,,,,,10.286193473,1
gestion_2018-06-01_6,27,none,,none_color,docling_easyocr,qwen,4,2,1,1,3,0.5,0.25,0.333333,2,0.4868421052631579,0.5,0.5514130253733829,0.6776307824383372,88.364915069,0
gestion_2018-06-01_6,27,none,,none_color,docling_rapidocr,qwen,4,4,1,3,3,0.25,0.25,0.25,4,0.873312356979405,0.9230769230769231,0.4557951454160829,0.5421748795988673,22.880968984,0
gestion_2018-06-01_6,27,none,,none_grayscale,docling_easyocr,qwen,4,0,0,0,4,0.0,0.0,0.0,0,,,,,93.06093336,1
gestion_2018-06-01_6,27,none,,none_grayscale,docling_rapidocr,qwen,4,5,1,4,3,0.2,0.25,0.222222,4,0.8483123569794051,0.9230769230769231,0.46371231959391485,0.5094825719065597,23.287642249,0
gestion_2018-06-01_6,27,none,,otsu,docling_easyocr,qwen,4,0,0,0,4,0.0,0.0,0.0,0,,,,,92.61439768,2
gestion_2018-06-01_6,27,none,,otsu,docling_rapidocr,qwen,4,3,1,2,3,0.333333,0.25,0.285714,3,0.0,0.0,0.46834242248423646,0.5301155740810913,23.371181642,0
gestion_2018-06-01_6,28,none,,adaptive_gaussian,docling_easyocr,qwen,4,1,0,1,4,0.0,0.0,0.0,1,3.375,3.0,0.8812154696132597,1.0,96.300945258,0
gestion_2018-06-01_6,28,none,,adaptive_gaussian,docling_rapidocr,qwen,4,0,0,0,4,0.0,0.0,0.0,0,,,,,14.152620054,1
gestion_2018-06-01_6,28,none,,adaptive_mean,docling_easyocr,qwen,4,1,0,1,4,0.0,0.0,0.0,1,0.36231884057971014,0.38461538461538464,0.9711703958691911,0.9920424403183024,104.88903062,0
gestion_2018-06-01_6,28,none,,adaptive_mean,docling_rapidocr,qwen,4,1,0,1,4,0.0,0.0,0.0,1,6.25,4.0,0.850828729281768,0.9464285714285714,22.510971948,0
gestion_2018-06-01_6,28,none,,basic,docling_easyocr,qwen,4,3,1,2,3,0.333333,0.25,0.285714,3,0.33771929824561403,0.3636363636363636,0.6259507668127112,0.7067985955952761,92.519307031,0
gestion_2018-06-01_6,28,none,,basic,docling_rapidocr,qwen,4,4,1,3,3,0.25,0.25,0.25,4,0.21052631578947367,0.25,1.1258753169625988,1.169789526005544,20.310914649,0
gestion_2018-06-01_6,28,none,,niblack,docling_easyocr,qwen,4,0,0,0,4,0.0,0.0,0.0,0,,,,,64.626550807,1
gestion_2018-06-01_6,28,none,,niblack,docling_rapidocr,qwen,4,0,0,0,4,0.0,0.0,0.0,0,,,,,10.918081178,1
gestion_2018-06-01_6,28,none,,none_color,docling_easyocr,qwen,4,0,0,0,4,0.0,0.0,0.0,0,,,,,87.681313813,2
gestion_2018-06-01_6,28,none,,none_color,docling_rapidocr,qwen,4,1,1,0,3,1.0,0.25,0.4,1,0.0,0.0,0.6299483648881239,0.6710875331564987,24.786972106,0
gestion_2018-06-01_6,28,none,,none_grayscale,docling_easyocr,qwen,4,0,0,0,4,0.0,0.0,0.0,0,,,,,80.913390054,2
gestion_2018-06-01_6,28,none,,none_grayscale,docling_rapidocr,qwen,4,4,1,3,3,0.25,0.25,0.25,4,0.680921052631579,0.75,0.6572483134664027,0.7842361092548886,24.819791688,0
gestion_2018-06-01_6,28,none,,otsu,docling_easyocr,qwen,4,1,1,0,3,1.0,0.25,0.4,1,0.0,0.0,0.5873493975903614,0.6392572944297082,92.63598756,0
gestion_2018-06-01_6,28,none,,otsu,docling_rapidocr,qwen,4,4,1,3,3,0.25,0.25,0.25,4,0.28125,0.25,1.0105076942860545,1.2334119530848318,23.374516526,0
gestion_2018-06-01_6,29,none,,adaptive_gaussian,docling_easyocr,qwen,4,0,0,0,4,0.0,0.0,0.0,0,,,,,109.628844331,1
gestion_2018-06-01_6,29,none,,adaptive_gaussian,docling_rapidocr,qwen,4,2,0,2,4,0.0,0.0,0.0,2,1.1820652173913042,0.9230769230769231,0.8172611519479656,0.951994126563092,25.389535259,0
gestion_2018-06-01_6,29,none,,adaptive_mean,docling_easyocr,qwen,4,0,0,0,4,0.0,0.0,0.0,0,,,,,101.243391605,1
gestion_2018-06-01_6,29,none,,adaptive_mean,docling_rapidocr,qwen,4,0,0,0,4,0.0,0.0,0.0,0,,,,,22.464529844,1
gestion_2018-06-01_6,29,none,,basic,docling_easyocr,qwen,4,4,0,4,4,0.0,0.0,0.0,4,0.4953995041952708,0.5192307692307692,0.7745617019417125,0.895406960152453,87.151681079,0
gestion_2018-06-01_6,29,none,,basic,docling_rapidocr,qwen,4,0,0,0,4,0.0,0.0,0.0,0,,,,,23.232260837,2
gestion_2018-06-01_6,29,none,,niblack,docling_easyocr,qwen,4,0,0,0,4,0.0,0.0,0.0,0,,,,,64.532890163,1
gestion_2018-06-01_6,29,none,,niblack,docling_rapidocr,qwen,4,0,0,0,4,0.0,0.0,0.0,0,,,,,11.039693914,1
gestion_2018-06-01_6,29,none,,none_color,docling_easyocr,qwen,4,2,1,1,3,0.5,0.25,0.333333,2,0.4868421052631579,0.5,0.6518513686080729,0.7788447780578271,93.978224815,0
gestion_2018-06-01_6,29,none,,none_color,docling_rapidocr,qwen,4,0,0,0,4,0.0,0.0,0.0,0,,,,,23.725832284,1
gestion_2018-06-01_6,29,none,,none_grayscale,docling_easyocr,qwen,4,2,1,1,3,0.5,0.25,0.333333,2,0.4868421052631579,0.5,0.6518513686080729,0.7788447780578271,95.052078307,0
gestion_2018-06-01_6,29,none,,none_grayscale,docling_rapidocr,qwen,4,0,0,0,4,0.0,0.0,0.0,0,,,,,19.635826648,1
gestion_2018-06-01_6,29,none,,otsu,docling_easyocr,qwen,4,4,1,3,3,0.25,0.25,0.25,4,2.5901315789473687,2.0681818181818183,0.8902965196774784,1.1267199024684,94.573052135,0
gestion_2018-06-01_6,29,none,,otsu,docling_rapidocr,qwen,4,2,1,1,3,0.5,0.25,0.333333,2,3.125,2.25,0.6627302422000552,0.7962059492231905,23.552183833,0
gestion_2018-06-01_6,30,none,,adaptive_gaussian,docling_easyocr,qwen,4,0,0,0,4,0.0,0.0,0.0,0,,,,,104.543855358,1
gestion_2018-06-01_6,30,none,,adaptive_gaussian,docling_rapidocr,qwen,4,1,0,1,4,0.0,0.0,0.0,1,0.6086956521739131,0.7692307692307693,0.8605851979345955,0.9549071618037135,21.797720361,0
gestion_2018-06-01_6,30,none,,adaptive_mean,docling_easyocr,qwen,4,2,0,2,4,0.0,0.0,0.0,2,0.37328375286041193,0.548951048951049,0.9997848537005163,1.0,81.115007993,0
gestion_2018-06-01_6,30,none,,adaptive_mean,docling_rapidocr,qwen,4,1,0,1,4,0.0,0.0,0.0,1,0.013157894736842105,0.09090909090909091,0.9541935483870968,0.979253112033195,11.602559206,0
gestion_2018-06-01_6,30,none,,basic,docling_easyocr,qwen,4,4,0,4,4,0.0,0.0,0.0,4,0.7710526315789473,0.75,0.833433817948888,0.9497391898414935,95.243436018,0
gestion_2018-06-01_6,30,none,,basic,docling_rapidocr,qwen,4,0,0,0,4,0.0,0.0,0.0,0,,,,,23.680180231,5
gestion_2018-06-01_6,30,none,,niblack,docling_easyocr,qwen,4,0,0,0,4,0.0,0.0,0.0,0,,,,,63.034306207,1
gestion_2018-06-01_6,30,none,,niblack,docling_rapidocr,qwen,4,0,0,0,4,0.0,0.0,0.0,0,,,,,11.408615986,1
gestion_2018-06-01_6,30,none,,none_color,docling_easyocr,qwen,4,0,0,0,4,0.0,0.0,0.0,0,,,,,87.576080097,7
gestion_2018-06-01_6,30,none,,none_color,docling_rapidocr,qwen,4,2,0,2,4,0.0,0.0,0.0,2,0.7332189168573608,0.7307692307692308,0.4801376936316696,0.6083791012250019,23.13896252,0
gestion_2018-06-01_6,30,none,,none_grayscale,docling_easyocr,qwen,4,0,0,0,4,0.0,0.0,0.0,0,,,,,93.758401003,5
gestion_2018-06-01_6,30,none,,none_grayscale,docling_rapidocr,qwen,4,7,1,6,3,0.142857,0.25,0.181818,4,0.6186165141113653,0.7788461538461539,0.41662561841637624,0.504139560360944,23.145618763,0
gestion_2018-06-01_6,30,none,,otsu,docling_easyocr,qwen,4,1,0,1,4,0.0,0.0,0.0,1,0.0,0.0,0.8911359724612736,0.9522546419098143,89.861243955,0
gestion_2018-06-01_6,30,none,,otsu,docling_rapidocr,qwen,4,3,2,1,2,0.666667,0.5,0.571429,3,0.6416666666666667,0.6666666666666666,0.6820767289124253,0.8866679297713781,22.020805351,0
gestion_2018-06-01_6,31,none,,adaptive_gaussian,docling_easyocr,qwen,4,1,0,1,4,0.0,0.0,0.0,1,0.40789473684210525,0.6363636363636364,0.9683870967741935,0.9875518672199171,118.370044689,0
gestion_2018-06-01_6,31,none,,adaptive_gaussian,docling_rapidocr,qwen,4,0,0,0,4,0.0,0.0,0.0,0,,,,,22.392681341,7
gestion_2018-06-01_6,31,none,,adaptive_mean,docling_easyocr,qwen,4,0,0,0,4,0.0,0.0,0.0,0,,,,,112.551192379,1
gestion_2018-06-01_6,31,none,,adaptive_mean,docling_rapidocr,qwen,4,5,0,5,4,0.0,0.0,0.0,2,0.993421052631579,1.0769230769230769,0.8231017156182333,0.9526233531813729,21.295985079,0
gestion_2018-06-01_6,31,none,,basic,docling_easyocr,qwen,4,2,0,2,4,0.0,0.0,0.0,2,0.10526315789473684,0.13636363636363635,0.7675081894397868,0.8494007066048845,100.48665926,0
gestion_2018-06-01_6,31,none,,basic,docling_rapidocr,qwen,4,0,0,0,4,0.0,0.0,0.0,0,,,,,20.028790207,4
gestion_2018-06-01_6,31,none,,niblack,docling_easyocr,qwen,4,0,0,0,4,0.0,0.0,0.0,0,,,,,71.064051952,1
gestion_2018-06-01_6,31,none,,niblack,docling_rapidocr,qwen,4,0,0,0,4,0.0,0.0,0.0,0,,,,,10.07609662,1
gestion_2018-06-01_6,31,none,,none_color,docling_easyocr,qwen,4,4,0,4,4,0.0,0.0,0.0,4,0.655921052631579,0.75,0.6955793829521311,0.782659750644262,95.831907099,0
gestion_2018-06-01_6,31,none,,none_color,docling_rapidocr,qwen,4,4,1,3,3,0.25,0.25,0.25,4,5.135688405797102,4.115384615384615,0.6572761422171132,0.7753600929403976,22.598999565,0
gestion_2018-06-01_6,31,none,,none_grayscale,docling_easyocr,qwen,4,5,0,5,4,0.0,0.0,0.0,4,0.655921052631579,0.75,0.7455313155066358,0.8633180633931814,95.401128191,0
gestion_2018-06-01_6,31,none,,none_grayscale,docling_rapidocr,qwen,4,2,0,2,4,0.0,0.0,0.0,2,0.7332189168573608,0.7307692307692308,0.5741135972461273,0.6510285393530493,19.236258405,0
gestion_2018-06-01_6,31,none,,otsu,docling_easyocr,qwen,4,0,0,0,4,0.0,0.0,0.0,0,,,,,109.641888662,1
gestion_2018-06-01_6,31,none,,otsu,docling_rapidocr,qwen,4,1,1,0,3,1.0,0.25,0.4,1,0.0,0.0,0.5111876075731497,0.5888594164456233,23.674495979,3
gestion_2018-06-01_6,32,none,,adaptive_gaussian,docling_easyocr,qwen,4,0,0,0,4,0.0,0.0,0.0,0,,,,,109.978125957,1
gestion_2018-06-01_6,32,none,,adaptive_gaussian,docling_rapidocr,qwen,4,0,0,0,4,0.0,0.0,0.0,0,,,,,22.849856285,1
gestion_2018-06-01_6,32,none,,adaptive_mean,docling_easyocr,qwen,4,1,0,1,4,0.0,0.0,0.0,1,5.375,5.0,0.8453038674033149,0.9642857142857143,77.905229259,0
gestion_2018-06-01_6,32,none,,adaptive_mean,docling_rapidocr,qwen,4,1,0,1,4,0.0,0.0,0.0,1,0.028985507246376812,0.15384615384615385,0.9703098106712564,0.9893899204244032,11.757440019,0
gestion_2018-06-01_6,32,none,,basic,docling_easyocr,qwen,4,1,0,1,4,0.0,0.0,0.0,1,0.014492753623188406,0.07692307692307693,0.963855421686747,0.9893899204244032,118.348921985,0
gestion_2018-06-01_6,32,none,,basic,docling_rapidocr,qwen,4,0,0,0,4,0.0,0.0,0.0,0,,,,,23.346384735,7
gestion_2018-06-01_6,32,none,,niblack,docling_easyocr,qwen,4,0,0,0,4,0.0,0.0,0.0,0,,,,,73.61430866,1
gestion_2018-06-01_6,32,none,,niblack,docling_rapidocr,qwen,4,0,0,0,4,0.0,0.0,0.0,0,,,,,11.573543852,1
gestion_2018-06-01_6,32,none,,none_color,docling_easyocr,qwen,4,2,1,1,3,0.5,0.25,0.333333,2,0.0,0.0,0.6634978624174115,0.7342142047393156,103.780955213,0
gestion_2018-06-01_6,32,none,,none_color,docling_rapidocr,qwen,4,4,0,4,4,0.0,0.0,0.0,4,0.9091819221967963,1.0,0.6349575291060515,0.7448485768059384,23.265879768,0
gestion_2018-06-01_6,32,none,,none_grayscale,docling_easyocr,qwen,4,2,1,1,3,0.5,0.25,0.333333,2,0.0,0.0,0.6634978624174115,0.7342142047393156,93.282995361,0
gestion_2018-06-01_6,32,none,,none_grayscale,docling_rapidocr,qwen,4,4,0,4,4,0.0,0.0,0.0,4,0.9091819221967963,1.0,0.6349575291060515,0.7448485768059384,23.62549414,0
gestion_2018-06-01_6,32,none,,otsu,docling_easyocr,qwen,4,2,0,2,4,0.0,0.0,0.0,2,0.0,0.0,0.9105310643495641,0.9829952562818495,104.868821426,0
gestion_2018-06-01_6,32,none,,otsu,docling_rapidocr,qwen,4,0,0,0,4,0.0,0.0,0.0,0,,,,,23.920599266,2
gestion_2018-06-01_6,33,none,,adaptive_gaussian,docling_easyocr,qwen,4,0,0,0,4,0.0,0.0,0.0,0,,,,,108.14269121,1
gestion_2018-06-01_6,33,none,,adaptive_gaussian,docling_rapidocr,qwen,4,2,0,2,4,0.0,0.0,0.0,2,4.3875,3.25,0.7323974939603367,0.9398351648351648,22.174528911,0
gestion_2018-06-01_6,33,none,,adaptive_mean,docling_easyocr,qwen,4,1,0,1,4,0.0,0.0,0.0,1,0.37681159420289856,0.3076923076923077,0.9668674698795181,0.9893899204244032,97.107227348,0
gestion_2018-06-01_6,33,none,,adaptive_mean,docling_rapidocr,qwen,4,1,0,1,4,0.0,0.0,0.0,1,3.375,3.0,0.7099447513812155,1.0,20.834579967,0
gestion_2018-06-01_6,33,none,,basic,docling_easyocr,qwen,4,4,0,4,4,0.0,0.0,0.0,4,0.6345442410373761,0.7692307692307692,0.6908306436366043,0.8563641806040575,99.105897896,0
gestion_2018-06-01_6,33,none,,basic,docling_rapidocr,qwen,4,4,1,3,3,0.25,0.25,0.25,4,0.23026315789473684,0.25,0.6829588211967411,0.8113264820384938,23.611024372,0
gestion_2018-06-01_6,33,none,,niblack,docling_easyocr,qwen,4,0,0,0,4,0.0,0.0,0.0,0,,,,,68.80550193,1
gestion_2018-06-01_6,33,none,,niblack,docling_rapidocr,qwen,4,0,0,0,4,0.0,0.0,0.0,0,,,,,11.260863058,1
gestion_2018-06-01_6,33,none,,none_color,docling_easyocr,qwen,4,2,1,1,3,0.5,0.25,0.333333,2,0.4868421052631579,0.5,0.5236597079562489,0.6089679386288342,97.739545027,0
gestion_2018-06-01_6,33,none,,none_color,docling_rapidocr,qwen,4,0,0,0,4,0.0,0.0,0.0,0,,,,,23.323362747,1
gestion_2018-06-01_6,33,none,,none_grayscale,docling_easyocr,qwen,4,2,1,1,3,0.5,0.25,0.333333,2,0.4868421052631579,0.5,0.46376964077508187,0.5195857226190608,95.468527309,0
gestion_2018-06-01_6,33,none,,none_grayscale,docling_rapidocr,qwen,4,0,0,0,4,0.0,0.0,0.0,0,,,,,20.092089407,4
gestion_2018-06-01_6,33,none,,otsu,docling_easyocr,qwen,4,0,0,0,4,0.0,0.0,0.0,0,,,,,97.906482595,1
gestion_2018-06-01_6,33,none,,otsu,docling_rapidocr,qwen,4,0,0,0,4,0.0,0.0,0.0,0,,,,,24.277320999,5
gestion_2018-06-01_6,34,none,,adaptive_gaussian,docling_easyocr,qwen,4,0,0,0,4,0.0,0.0,0.0,0,,,,,116.349178789,1
gestion_2018-06-01_6,34,none,,adaptive_gaussian,docling_rapidocr,qwen,4,3,0,3,4,0.0,0.0,0.0,3,1.04987922705314,0.923076923076923,0.9279483250675048,0.9777219906530252,19.895917652,0
gestion_2018-06-01_6,34,none,,adaptive_mean,docling_easyocr,qwen,4,0,0,0,4,0.0,0.0,0.0,0,,,,,106.68674106,1
gestion_2018-06-01_6,34,none,,adaptive_mean,docling_rapidocr,qwen,4,2,0,2,4,0.0,0.0,0.0,2,0.8322368421052632,1.0,0.8084352165389413,0.9537270302311796,19.576993889,0
gestion_2018-06-01_6,34,none,,basic,docling_easyocr,qwen,4,0,0,0,4,0.0,0.0,0.0,0,,,,,95.627418434,5
gestion_2018-06-01_6,34,none,,basic,docling_rapidocr,qwen,4,5,0,5,4,0.0,0.0,0.0,4,1.730921052631579,1.5,0.6652473644759407,0.7954318914023449,22.690001404,0
gestion_2018-06-01_6,34,none,,niblack,docling_easyocr,qwen,4,0,0,0,4,0.0,0.0,0.0,0,,,,,70.268847257,1
gestion_2018-06-01_6,34,none,,niblack,docling_rapidocr,qwen,4,0,0,0,4,0.0,0.0,0.0,0,,,,,10.555053264,1
gestion_2018-06-01_6,34,none,,none_color,docling_easyocr,qwen,4,2,1,1,3,0.5,0.25,0.333333,2,0.4868421052631579,0.5,0.5356099050580201,0.6196055339709654,98.834408365,0
gestion_2018-06-01_6,34,none,,none_color,docling_rapidocr,qwen,4,0,0,0,4,0.0,0.0,0.0,0,,,,,22.64495071,4
gestion_2018-06-01_6,34,none,,none_grayscale,docling_easyocr,qwen,4,2,0,2,4,0.0,0.0,0.0,2,0.4868421052631579,0.5,0.6640128254955304,0.7443895352036717,94.198920881,0
gestion_2018-06-01_6,34,none,,none_grayscale,docling_rapidocr,qwen,4,0,0,0,4,0.0,0.0,0.0,0,,,,,19.792381202,1
gestion_2018-06-01_6,34,none,,otsu,docling_easyocr,qwen,4,0,0,0,4,0.0,0.0,0.0,0,,,,,94.780797304,1
gestion_2018-06-01_6,34,none,,otsu,docling_rapidocr,qwen,4,0,0,0,4,0.0,0.0,0.0,0,,,,,22.948983015,5
gestion_2018-06-01_6,35,none,,adaptive_gaussian,docling_easyocr,qwen,4,0,0,0,4,0.0,0.0,0.0,0,,,,,94.394602773,1
gestion_2018-06-01_6,35,none,,adaptive_gaussian,docling_rapidocr,qwen,4,2,0,2,4,0.0,0.0,0.0,2,1.4728260869565217,0.8846153846153846,0.7672913437491085,0.9334264873057976,23.143837211,0
gestion_2018-06-01_6,35,none,,adaptive_mean,docling_easyocr,qwen,4,1,0,1,4,0.0,0.0,0.0,1,4.375,3.5,0.8480662983425414,0.9642857142857143,98.5712089,0
gestion_2018-06-01_6,35,none,,adaptive_mean,docling_rapidocr,qwen,4,3,0,3,4,0.0,0.0,0.0,3,1.1842105263157894,1.424242424242424,0.824436106705023,0.9651885458939401,21.88497681,0
gestion_2018-06-01_6,35,none,,basic,docling_easyocr,qwen,4,4,0,4,4,0.0,0.0,0.0,3,1.557017543859649,1.1666666666666667,0.8080343183554316,0.9171496207803261,113.988168705,0
gestion_2018-06-01_6,35,none,,basic,docling_rapidocr,qwen,4,4,0,4,4,0.0,0.0,0.0,4,3.293421052631579,2.625,0.7387554978429992,0.8973894907853628,24.741762626,0
gestion_2018-06-01_6,35,none,,niblack,docling_easyocr,qwen,4,0,0,0,4,0.0,0.0,0.0,0,,,,,60.374287946,1
gestion_2018-06-01_6,35,none,,niblack,docling_rapidocr,qwen,4,0,0,0,4,0.0,0.0,0.0,0,,,,,10.753622158,1
gestion_2018-06-01_6,35,none,,none_color,docling_easyocr,qwen,4,0,0,0,4,0.0,0.0,0.0,0,,,,,99.761117851,1
gestion_2018-06-01_6,35,none,,none_color,docling_rapidocr,qwen,4,1,0,1,4,0.0,0.0,0.0,1,0.9130434782608695,1.0,0.6394148020654045,0.6923076923076923,22.68241707,0
gestion_2018-06-01_6,35,none,,none_grayscale,docling_easyocr,qwen,4,0,0,0,4,0.0,0.0,0.0,0,,,,,98.439568674,1
gestion_2018-06-01_6,35,none,,none_grayscale,docling_rapidocr,qwen,4,1,0,1,4,0.0,0.0,0.0,1,0.9130434782608695,1.0,0.6394148020654045,0.6923076923076923,23.968067323,0
gestion_2018-06-01_6,35,none,,otsu,docling_easyocr,qwen,4,0,0,0,4,0.0,0.0,0.0,0,,,,,101.332167209,1
gestion_2018-06-01_6,35,none,,otsu,docling_rapidocr,qwen,4,0,0,0,4,0.0,0.0,0.0,0,,,,,22.383961261,2
gestion_2018-06-01_6,36,none,,adaptive_gaussian,docling_easyocr,qwen,4,1,0,1,4,0.0,0.0,0.0,1,4.625,4.0,0.8535911602209945,0.9464285714285714,108.336067239,0
gestion_2018-06-01_6,36,none,,adaptive_gaussian,docling_rapidocr,qwen,4,1,0,1,4,0.0,0.0,0.0,1,6.125,4.0,0.7569060773480663,1.125,25.973204891,0
gestion_2018-06-01_6,36,none,,adaptive_mean,docling_easyocr,qwen,4,1,0,1,4,0.0,0.0,0.0,1,0.3188405797101449,0.46153846153846156,0.9703098106712564,0.9973474801061007,95.363103616,0
gestion_2018-06-01_6,36,none,,adaptive_mean,docling_rapidocr,qwen,4,1,0,1,4,0.0,0.0,0.0,1,0.013157894736842105,0.09090909090909091,0.9548387096774194,0.979253112033195,28.112742889,0
gestion_2018-06-01_6,36,none,,basic,docling_easyocr,qwen,4,3,0,3,4,0.0,0.0,0.0,2,0.06974637681159421,0.28846153846153844,0.8494296840083301,0.9652567260325882,105.389601499,0
gestion_2018-06-01_6,36,none,,basic,docling_rapidocr,qwen,4,0,0,0,4,0.0,0.0,0.0,0,,,,,23.767610819,3
gestion_2018-06-01_6,36,none,,niblack,docling_easyocr,qwen,4,0,0,0,4,0.0,0.0,0.0,0,,,,,65.2268848,1
gestion_2018-06-01_6,36,none,,niblack,docling_rapidocr,qwen,4,0,0,0,4,0.0,0.0,0.0,0,,,,,9.132092195,1
gestion_2018-06-01_6,36,none,,none_color,docling_easyocr,qwen,4,3,0,3,4,0.0,0.0,0.0,3,0.375,0.3333333333333333,0.7896770267157179,0.9390735415202435,86.702344303,0
gestion_2018-06-01_6,36,none,,none_color,docling_rapidocr,qwen,4,3,0,3,4,0.0,0.0,0.0,3,2.5721459445715738,1.9871794871794872,0.6002337235491345,0.7348315406156298,21.856819753,0
gestion_2018-06-01_6,36,none,,none_grayscale,docling_easyocr,qwen,4,3,0,3,4,0.0,0.0,0.0,3,0.875,0.5,0.8042828604946047,0.9381102931503561,98.801043468,0
gestion_2018-06-01_6,36,none,,none_grayscale,docling_rapidocr,qwen,4,0,0,0,4,0.0,0.0,0.0,0,,,,,19.742486912,2
gestion_2018-06-01_6,36,none,,otsu,docling_easyocr,qwen,4,1,0,1,4,0.0,0.0,0.0,1,0.0,0.0,0.8851118760757315,0.9496021220159151,93.410427196,0
gestion_2018-06-01_6,36,none,,otsu,docling_rapidocr,qwen,4,2,1,1,3,0.5,0.25,0.333333,2,10.0,5.75,0.44600303344395736,0.602595680181887,20.346543755,1
gestion_2018-06-01_6,37,none,,adaptive_gaussian,docling_easyocr,qwen,4,1,0,1,4,0.0,0.0,0.0,0,,,,,94.486777231,0
gestion_2018-06-01_6,37,none,,adaptive_gaussian,docling_rapidocr,qwen,4,3,0,3,4,0.0,0.0,0.0,3,0.8653508771929825,1.0,0.9465297712507614,0.9930843706777317,20.73270528,0
gestion_2018-06-01_6,37,none,,adaptive_mean,docling_easyocr,qwen,4,1,0,1,4,0.0,0.0,0.0,1,5.125,4.0,0.8535911602209945,0.9464285714285714,92.248357408,0
gestion_2018-06-01_6,37,none,,adaptive_mean,docling_rapidocr,qwen,4,1,0,1,4,0.0,0.0,0.0,1,6.25,4.0,0.850828729281768,0.9464285714285714,26.068476551,0
gestion_2018-06-01_6,37,none,,basic,docling_easyocr,qwen,4,3,0,3,4,0.0,0.0,0.0,3,0.9166666666666666,0.6666666666666666,0.8454452732633619,0.9671687507894404,102.780548488,0
gestion_2018-06-01_6,37,none,,basic,docling_rapidocr,qwen,4,1,1,0,3,1.0,0.25,0.4,1,0.0,0.0,0.5998278829604131,0.7347480106100795,23.653876936,0
gestion_2018-06-01_6,37,none,,niblack,docling_easyocr,qwen,4,0,0,0,4,0.0,0.0,0.0,0,,,,,67.769515264,1
gestion_2018-06-01_6,37,none,,niblack,docling_rapidocr,qwen,4,0,0,0,4,0.0,0.0,0.0,0,,,,,8.852454889,1
gestion_2018-06-01_6,37,none,,none_color,docling_easyocr,qwen,4,3,0,3,4,0.0,0.0,0.0,3,0.375,0.3333333333333333,0.8301535551641419,0.963745737021599,96.383878717,0
gestion_2018-06-01_6,37,none,,none_color,docling_rapidocr,qwen,4,6,1,5,3,0.166667,0.25,0.2,4,0.3337147215865751,0.3653846153846154,0.4573601479161403,0.5142357731694547,23.232484588,0
gestion_2018-06-01_6,37,none,,none_grayscale,docling_easyocr,qwen,4,4,0,4,4,0.0,0.0,0.0,4,0.30625,0.375,0.8784589856876042,0.9363296758328236,84.601112209,0
gestion_2018-06-01_6,37,none,,none_grayscale,docling_rapidocr,qwen,4,1,0,1,4,0.0,0.0,0.0,1,0.5942028985507246,0.6153846153846154,0.8209982788296041,0.9177718832891246,21.689345918,0
gestion_2018-06-01_6,37,none,,otsu,docling_easyocr,qwen,4,2,0,2,4,0.0,0.0,0.0,2,0.0,0.0,0.8593259674643274,0.9673167725106486,101.124212015,0
gestion_2018-06-01_6,37,none,,otsu,docling_rapidocr,qwen,4,7,1,6,3,0.142857,0.25,0.181818,4,0.6309210526315789,0.75,0.7584235029969675,0.8368225716549869,19.344224305,6
gestion_2018-06-01_6,38,none,,adaptive_gaussian,docling_easyocr,qwen,4,0,0,0,4,0.0,0.0,0.0,0,,,,,107.094521695,1
gestion_2018-06-01_6,38,none,,adaptive_gaussian,docling_rapidocr,qwen,4,2,0,2,4,0.0,0.0,0.0,2,5.775,4.0,0.8087428752161829,0.9412087912087912,23.607711726,0
gestion_2018-06-01_6,38,none,,adaptive_mean,docling_easyocr,qwen,4,1,0,1,4,0.0,0.0,0.0,1,0.2898550724637681,0.46153846153846156,0.9694492254733219,0.9893899204244032,111.372391583,0
gestion_2018-06-01_6,38,none,,adaptive_mean,docling_rapidocr,qwen,4,0,0,0,4,0.0,0.0,0.0,0,,,,,27.875528933,1
gestion_2018-06-01_6,38,none,,basic,docling_easyocr,qwen,4,1,0,1,4,0.0,0.0,0.0,1,0.014492753623188406,0.07692307692307693,0.9685886402753873,0.9893899204244032,95.236357613,0
gestion_2018-06-01_6,38,none,,basic,docling_rapidocr,qwen,4,0,0,0,4,0.0,0.0,0.0,0,,,,,23.514610692,6
gestion_2018-06-01_6,38,none,,niblack,docling_easyocr,qwen,4,0,0,0,4,0.0,0.0,0.0,0,,,,,65.961624568,1
gestion_2018-06-01_6,38,none,,niblack,docling_rapidocr,qwen,4,0,0,0,4,0.0,0.0,0.0,0,,,,,10.160374587,1
gestion_2018-06-01_6,38,none,,none_color,docling_easyocr,qwen,4,3,0,3,4,0.0,0.0,0.0,3,0.75,0.5,0.8112257498052399,0.930449510664849,89.172301144,0
gestion_2018-06-01_6,38,none,,none_color,docling_rapidocr,qwen,4,0,0,0,4,0.0,0.0,0.0,0,,,,,23.642320485,6
gestion_2018-06-01_6,38,none,,none_grayscale,docling_easyocr,qwen,4,3,0,3,4,0.0,0.0,0.0,3,0.75,0.5,0.8112257498052399,0.930449510664849,87.211164565,0
gestion_2018-06-01_6,38,none,,none_grayscale,docling_rapidocr,qwen,4,0,0,0,4,0.0,0.0,0.0,0,,,,,23.767647118,6
gestion_2018-06-01_6,38,none,,otsu,docling_easyocr,qwen,4,1,0,1,4,0.0,0.0,0.0,1,0.0,0.0,0.9087779690189329,0.9681697612732095,103.146435496,0
gestion_2018-06-01_6,38,none,,otsu,docling_rapidocr,qwen,4,1,0,1,4,0.0,0.0,0.0,1,0.0,0.0,1.2155765920826163,1.5039787798408488,22.026182171,0
gestion_2018-06-01_6,39,none,,adaptive_gaussian,docling_easyocr,qwen,4,1,0,1,4,0.0,0.0,0.0,1,0.2463768115942029,0.23076923076923078,0.9793459552495697,0.9814323607427056,145.847041256,0
gestion_2018-06-01_6,39,none,,adaptive_gaussian,docling_rapidocr,qwen,4,0,0,0,4,0.0,0.0,0.0,0,,,,,61.587613947,1
gestion_2018-06-01_6,39,none,,adaptive_mean,docling_easyocr,qwen,4,1,0,1,4,0.0,0.0,0.0,1,4.25,3.0,0.850828729281768,0.9464285714285714,140.600549462,0
gestion_2018-06-01_6,39,none,,adaptive_mean,docling_rapidocr,qwen,4,1,0,1,4,0.0,0.0,0.0,1,3.25,2.5,0.7154696132596685,0.8928571428571429,57.416164401,0
gestion_2018-06-01_6,39,none,,basic,docling_easyocr,qwen,4,1,0,1,4,0.0,0.0,0.0,1,0.0,0.0,0.6592082616179001,0.7108753315649867,125.763891337,0
gestion_2018-06-01_6,39,none,,basic,docling_rapidocr,qwen,4,4,2,2,2,0.5,0.5,0.5,4,0.21052631578947367,0.25,0.5117480670032307,0.5431149655895686,54.852906821,0
gestion_2018-06-01_6,39,none,,niblack,docling_easyocr,qwen,4,0,0,0,4,0.0,0.0,0.0,0,,,,,87.043405194,1
gestion_2018-06-01_6,39,none,,niblack,docling_rapidocr,qwen,4,0,0,0,4,0.0,0.0,0.0,0,,,,,40.716152806,1
gestion_2018-06-01_6,39,none,,none_color,docling_easyocr,qwen,4,0,0,0,4,0.0,0.0,0.0,0,,,,,126.360884877,2
gestion_2018-06-01_6,39,none,,none_color,docling_rapidocr,qwen,4,0,0,0,4,0.0,0.0,0.0,0,,,,,51.116001101,1
gestion_2018-06-01_6,39,none,,none_grayscale,docling_easyocr,qwen,4,2,1,1,3,0.5,0.25,0.333333,2,0.4868421052631579,0.5,0.4466839709066681,0.5453624927083218,113.544523522,0
gestion_2018-06-01_6,39,none,,none_grayscale,docling_rapidocr,qwen,4,0,0,0,4,0.0,0.0,0.0,0,,,,,52.322798058,1
gestion_2018-06-01_6,39,none,,otsu,docling_easyocr,qwen,4,2,0,2,4,0.0,0.0,0.0,2,0.0,0.0,0.6998248292710011,0.7690766809381776,112.948083828,0
gestion_2018-06-01_6,39,none,,otsu,docling_rapidocr,qwen,4,0,0,0,4,0.0,0.0,0.0,0,,,,,55.050854634,1
gestion_2018-06-01_6,40,none,,adaptive_gaussian,docling_easyocr,qwen,4,3,0,3,4,0.0,0.0,0.0,1,0.5,1.0,1.0,1.0,111.329665141,0
gestion_2018-06-01_6,40,none,,adaptive_gaussian,docling_rapidocr,qwen,4,0,0,0,4,0.0,0.0,0.0,0,,,,,45.047717528,1
gestion_2018-06-01_6,40,none,,adaptive_mean,docling_easyocr,qwen,4,1,0,1,4,0.0,0.0,0.0,1,0.37681159420289856,0.5384615384615384,0.9814974182444062,0.9946949602122016,136.995504046,0
gestion_2018-06-01_6,40,none,,adaptive_mean,docling_rapidocr,qwen,4,0,0,0,4,0.0,0.0,0.0,0,,,,,53.09601369,1
gestion_2018-06-01_6,40,none,,basic,docling_easyocr,qwen,4,2,2,0,2,1.0,0.5,0.666667,2,0.0,0.0,0.5358325467769696,0.6405890575299646,124.356165522,0
gestion_2018-06-01_6,40,none,,basic,docling_rapidocr,qwen,4,0,0,0,4,0.0,0.0,0.0,0,,,,,51.198399418,4
gestion_2018-06-01_6,40,none,,niblack,docling_easyocr,qwen,4,0,0,0,4,0.0,0.0,0.0,0,,,,,95.970281258,1
gestion_2018-06-01_6,40,none,,niblack,docling_rapidocr,qwen,4,0,0,0,4,0.0,0.0,0.0,0,,,,,40.648032084,1
gestion_2018-06-01_6,40,none,,none_color,docling_easyocr,qwen,4,0,0,0,4,0.0,0.0,0.0,0,,,,,116.380686562,2
gestion_2018-06-01_6,40,none,,none_color,docling_rapidocr,qwen,4,2,1,1,3,0.5,0.25,0.333333,2,0.0,0.0,0.5662639498084503,0.7079641634656658,54.440332215,0
gestion_2018-06-01_6,40,none,,none_grayscale,docling_easyocr,qwen,4,3,1,2,3,0.333333,0.25,0.285714,3,0.5745614035087719,0.6666666666666666,0.7794976887973003,0.9156093405807243,126.057441348,0
gestion_2018-06-01_6,40,none,,none_grayscale,docling_rapidocr,qwen,4,2,1,1,3,0.5,0.25,0.333333,2,3.125,2.25,0.6629453884995388,0.7975322091701402,53.525766247,0
gestion_2018-06-01_6,40,none,,otsu,docling_easyocr,qwen,4,2,1,1,3,0.5,0.25,0.333333,2,0.0,0.0,0.47486869135528287,0.5293042913589486,125.736711998,0
gestion_2018-06-01_6,40,none,,otsu,docling_rapidocr,qwen,4,0,0,0,4,0.0,0.0,0.0,0,,,,,54.160124083,5
gestion_2018-06-01_6,41,none,,adaptive_gaussian,docling_easyocr,qwen,4,1,0,1,4,0.0,0.0,0.0,1,1.75,1.5,0.8535911602209945,0.9464285714285714,134.481390708,0
gestion_2018-06-01_6,41,none,,adaptive_gaussian,docling_rapidocr,qwen,4,3,0,3,4,0.0,0.0,0.0,3,1.0227053140096618,0.9487179487179488,0.8290192978001757,0.9732695465454086,52.76156091,0
gestion_2018-06-01_6,41,none,,adaptive_mean,docling_easyocr,qwen,4,1,0,1,4,0.0,0.0,0.0,1,0.2753623188405797,0.38461538461538464,0.9698795180722891,0.9893899204244032,141.21160406,0
gestion_2018-06-01_6,41,none,,adaptive_mean,docling_rapidocr,qwen,4,1,0,1,4,0.0,0.0,0.0,1,7.875,5.0,0.7403314917127072,1.0357142857142858,57.594048203,0
gestion_2018-06-01_6,41,none,,basic,docling_easyocr,qwen,4,0,0,0,4,0.0,0.0,0.0,0,,,,,127.653038962,7
gestion_2018-06-01_6,41,none,,basic,docling_rapidocr,qwen,4,0,0,0,4,0.0,0.0,0.0,0,,,,,55.310649855,2
gestion_2018-06-01_6,41,none,,niblack,docling_easyocr,qwen,4,0,0,0,4,0.0,0.0,0.0,0,,,,,95.950703532,1
gestion_2018-06-01_6,41,none,,niblack,docling_rapidocr,qwen,4,0,0,0,4,0.0,0.0,0.0,0,,,,,40.273634106,1
gestion_2018-06-01_6,41,none,,none_color,docling_easyocr,qwen,4,5,1,4,3,0.2,0.25,0.222222,4,0.905921052631579,0.875,0.6424012170320471,0.7074462282959565,127.400404364,4
gestion_2018-06-01_6,41,none,,none_color,docling_rapidocr,qwen,4,0,0,0,4,0.0,0.0,0.0,0,,,,,53.854190976,1
gestion_2018-06-01_6,41,none,,none_grayscale,docling_easyocr,qwen,4,5,1,4,3,0.2,0.25,0.222222,4,0.905921052631579,0.875,0.6424012170320471,0.7074462282959565,125.052241713,4
gestion_2018-06-01_6,41,none,,none_grayscale,docling_rapidocr,qwen,4,0,0,0,4,0.0,0.0,0.0,0,,,,,53.544455916,1
gestion_2018-06-01_6,41,none,,otsu,docling_easyocr,qwen,4,3,0,3,4,0.0,0.0,0.0,3,0.75,0.6666666666666666,0.7033686429179721,0.81341732979664,124.880866583,0
gestion_2018-06-01_6,41,none,,otsu,docling_rapidocr,qwen,4,3,2,1,2,0.666667,0.5,0.571429,3,0.0,0.0,0.5043691566286681,0.5880857648099028,55.332370099,0
gestion_2018-06-01_6,42,none,,adaptive_gaussian,docling_easyocr,qwen,4,0,0,0,4,0.0,0.0,0.0,0,,,,,102.961062859,1
gestion_2018-06-01_6,42,none,,adaptive_gaussian,docling_rapidocr,qwen,4,0,0,0,4,0.0,0.0,0.0,0,,,,,15.056384276,1
gestion_2018-06-01_6,42,none,,adaptive_mean,docling_easyocr,qwen,4,0,0,0,4,0.0,0.0,0.0,0,,,,,106.416782756,1
gestion_2018-06-01_6,42,none,,adaptive_mean,docling_rapidocr,qwen,4,0,0,0,4,0.0,0.0,0.0,0,,,,,17.349051614,1
gestion_2018-06-01_6,42,none,,basic,docling_easyocr,qwen,4,0,0,0,4,0.0,0.0,0.0,0,,,,,102.720900882,1
gestion_2018-06-01_6,42,none,,basic,docling_rapidocr,qwen,4,0,0,0,4,0.0,0.0,0.0,0,,,,,22.05056845,2
gestion_2018-06-01_6,42,none,,niblack,docling_easyocr,qwen,4,0,0,0,4,0.0,0.0,0.0,0,,,,,64.557049569,1
gestion_2018-06-01_6,42,none,,niblack,docling_rapidocr,qwen,4,0,0,0,4,0.0,0.0,0.0,0,,,,,11.466351327,1
gestion_2018-06-01_6,42,none,,none_color,docling_easyocr,qwen,4,0,0,0,4,0.0,0.0,0.0,0,,,,,96.490440165,1
gestion_2018-06-01_6,42,none,,none_color,docling_rapidocr,qwen,4,4,1,3,3,0.25,0.25,0.25,4,0.6592105263157895,0.75,0.5488252213500521,0.5987479736603359,24.276831424,0
gestion_2018-06-01_6,42,none,,none_grayscale,docling_easyocr,qwen,4,2,0,2,4,0.0,0.0,0.0,2,0.5077231121281465,0.7727272727272727,0.6534612181444672,0.7727252715806157,95.957833159,0
gestion_2018-06-01_6,42,none,,none_grayscale,docling_rapidocr,qwen,4,2,1,1,3,0.5,0.25,0.333333,2,0.014492753623188406,0.038461538461538464,0.5886333351840543,0.6728650516746095,18.924283374,0
gestion_2018-06-01_6,42,none,,otsu,docling_easyocr,qwen,4,0,0,0,4,0.0,0.0,0.0,0,,,,,103.291671052,1
gestion_2018-06-01_6,42,none,,otsu,docling_rapidocr,qwen,4,0,0,0,4,0.0,0.0,0.0,0,,,,,20.485582604,5
gestion_2018-06-01_6,43,none,,adaptive_gaussian,docling_easyocr,qwen,4,0,0,0,4,0.0,0.0,0.0,0,,,,,98.815198186,1
gestion_2018-06-01_6,43,none,,adaptive_gaussian,docling_rapidocr,qwen,4,0,0,0,4,0.0,0.0,0.0,0,,,,,15.931508305,1
gestion_2018-06-01_6,43,none,,adaptive_mean,docling_easyocr,qwen,4,0,0,0,4,0.0,0.0,0.0,0,,,,,98.569901894,1
gestion_2018-06-01_6,43,none,,adaptive_mean,docling_rapidocr,qwen,4,0,0,0,4,0.0,0.0,0.0,0,,,,,17.642832469,1
gestion_2018-06-01_6,43,none,,basic,docling_easyocr,qwen,4,0,0,0,4,0.0,0.0,0.0,0,,,,,93.500721209,1
gestion_2018-06-01_6,43,none,,basic,docling_rapidocr,qwen,4,0,0,0,4,0.0,0.0,0.0,0,,,,,22.644772046,1
gestion_2018-06-01_6,43,none,,niblack,docling_easyocr,qwen,4,0,0,0,4,0.0,0.0,0.0,0,,,,,65.016701951,1
gestion_2018-06-01_6,43,none,,niblack,docling_rapidocr,qwen,4,0,0,0,4,0.0,0.0,0.0,0,,,,,11.050681367,1
gestion_2018-06-01_6,43,none,,none_color,docling_easyocr,qwen,4,0,0,0,4,0.0,0.0,0.0,0,,,,,94.755251256,1
gestion_2018-06-01_6,43,none,,none_color,docling_rapidocr,qwen,4,0,0,0,4,0.0,0.0,0.0,0,,,,,24.590061513,1
gestion_2018-06-01_6,43,none,,none_grayscale,docling_easyocr,qwen,4,0,0,0,4,0.0,0.0,0.0,0,,,,,92.575641076,1
gestion_2018-06-01_6,43,none,,none_grayscale,docling_rapidocr,qwen,4,0,0,0,4,0.0,0.0,0.0,0,,,,,24.473277251,1
gestion_2018-06-01_6,43,none,,otsu,docling_easyocr,qwen,4,0,0,0,4,0.0,0.0,0.0,0,,,,,108.603094405,1
gestion_2018-06-01_6,43,none,,otsu,docling_rapidocr,qwen,4,1,0,1,4,0.0,0.0,0.0,1,1.565217391304348,1.4615384615384615,0.6695352839931153,0.7851458885941645,23.196986026,0
gestion_2018-06-01_6,44,none,,adaptive_gaussian,docling_easyocr,qwen,4,0,0,0,4,0.0,0.0,0.0,0,,,,,105.550372365,1
gestion_2018-06-01_6,44,none,,adaptive_gaussian,docling_rapidocr,qwen,4,0,0,0,4,0.0,0.0,0.0,0,,,,,15.427639487,1
gestion_2018-06-01_6,44,none,,adaptive_mean,docling_easyocr,qwen,4,0,0,0,4,0.0,0.0,0.0,0,,,,,91.630673121,1
gestion_2018-06-01_6,44,none,,adaptive_mean,docling_rapidocr,qwen,4,0,0,0,4,0.0,0.0,0.0,0,,,,,18.232036542,1
gestion_2018-06-01_6,44,none,,basic,docling_easyocr,qwen,4,0,0,0,4,0.0,0.0,0.0,0,,,,,104.007198089,1
gestion_2018-06-01_6,44,none,,basic,docling_rapidocr,qwen,4,0,0,0,4,0.0,0.0,0.0,0,,,,,20.832540744,1
gestion_2018-06-01_6,44,none,,niblack,docling_easyocr,qwen,4,0,0,0,4,0.0,0.0,0.0,0,,,,,65.118454284,1
gestion_2018-06-01_6,44,none,,niblack,docling_rapidocr,qwen,4,0,0,0,4,0.0,0.0,0.0,0,,,,,10.012417621,1
gestion_2018-06-01_6,44,none,,none_color,docling_easyocr,qwen,4,0,0,0,4,0.0,0.0,0.0,0,,,,,95.646857421,3
gestion_2018-06-01_6,44,none,,none_color,docling_rapidocr,qwen,4,3,2,1,2,0.666667,0.5,0.571429,3,3.6480739893211287,2.0396270396270393,0.3160823705750517,0.37352718583939076,22.703180234,0
gestion_2018-06-01_6,44,none,,none_grayscale,docling_easyocr,qwen,4,0,0,0,4,0.0,0.0,0.0,0,,,,,95.91988341,3
gestion_2018-06-01_6,44,none,,none_grayscale,docling_rapidocr,qwen,4,3,2,1,2,0.666667,0.5,0.571429,3,3.6480739893211287,2.0396270396270393,0.3160823705750517,0.37352718583939076,19.501311223,0
gestion_2018-06-01_6,44,none,,otsu,docling_easyocr,qwen,4,0,0,0,4,0.0,0.0,0.0,0,,,,,104.821690625,1
gestion_2018-06-01_6,44,none,,otsu,docling_rapidocr,qwen,4,0,0,0,4,0.0,0.0,0.0,0,,,,,20.815943068,1
gestion_2018-06-01_6,45,none,,adaptive_gaussian,docling_easyocr,qwen,4,0,0,0,4,0.0,0.0,0.0,0,,,,,64.170885114,1
gestion_2018-06-01_6,45,none,,adaptive_gaussian,docling_rapidocr,qwen,4,0,0,0,4,0.0,0.0,0.0,0,,,,,11.183544902,1
gestion_2018-06-01_6,45,none,,adaptive_mean,docling_easyocr,qwen,4,0,0,0,4,0.0,0.0,0.0,0,,,,,65.266880893,1
gestion_2018-06-01_6,45,none,,adaptive_mean,docling_rapidocr,qwen,4,0,0,0,4,0.0,0.0,0.0,0,,,,,10.729192161,1
gestion_2018-06-01_6,45,none,,basic,docling_easyocr,qwen,4,0,0,0,4,0.0,0.0,0.0,0,,,,,57.606400269,1
gestion_2018-06-01_6,45,none,,basic,docling_rapidocr,qwen,4,0,0,0,4,0.0,0.0,0.0,0,,,,,9.241147298,1
gestion_2018-06-01_6,45,none,,niblack,docling_easyocr,qwen,4,0,0,0,4,0.0,0.0,0.0,0,,,,,56.168685475,1
gestion_2018-06-01_6,45,none,,none_color,docling_easyocr,qwen,4,0,0,0,4,0.0,0.0,0.0,0,,,,,66.560265963,1
gestion_2018-06-01_6,45,none,,none_grayscale,docling_easyocr,qwen,4,0,0,0,4,0.0,0.0,0.0,0,,,,,68.3215465,1
gestion_2018-06-01_6,45,none,,otsu,docling_easyocr,qwen,4,0,0,0,4,0.0,0.0,0.0,0,,,,,57.081724973,1
gestion_2018-06-01_6,45,none,,otsu,docling_rapidocr,qwen,4,0,0,0,4,0.0,0.0,0.0,0,,,,,12.106457324,1
gestion_2018-06-01_6,45,none,,yannihorne,docling_easyocr,qwen,4,0,0,0,4,0.0,0.0,0.0,0,,,,,66.85407433,1
gestion_2018-06-01_6,46,none,,adaptive_gaussian,docling_rapidocr,qwen,4,0,0,0,4,0.0,0.0,0.0,0,,,,,10.541889972,1
gestion_2018-06-01_6,46,none,,adaptive_mean,docling_easyocr,qwen,4,0,0,0,4,0.0,0.0,0.0,0,,,,,55.750890031,1
gestion_2018-06-01_6,46,none,,adaptive_mean,docling_rapidocr,qwen,4,0,0,0,4,0.0,0.0,0.0,0,,,,,12.517828717,1
gestion_2018-06-01_6,46,none,,basic,docling_easyocr,qwen,4,0,0,0,4,0.0,0.0,0.0,0,,,,,64.734978255,1
gestion_2018-06-01_6,46,none,,basic,docling_rapidocr,qwen,4,0,0,0,4,0.0,0.0,0.0,0,,,,,10.851020154,1
gestion_2018-06-01_6,46,none,,niblack,docling_easyocr,qwen,4,0,0,0,4,0.0,0.0,0.0,0,,,,,56.540763673,1
gestion_2018-06-01_6,46,none,,none_color,docling_easyocr,qwen,4,0,0,0,4,0.0,0.0,0.0,0,,,,,66.425711139,1
gestion_2018-06-01_6,46,none,,none_grayscale,docling_easyocr,qwen,4,0,0,0,4,0.0,0.0,0.0,0,,,,,66.412197574,1
gestion_2018-06-01_6,46,none,,otsu,docling_easyocr,qwen,4,0,0,0,4,0.0,0.0,0.0,0,,,,,64.785910258,1
gestion_2018-06-01_6,46,none,,otsu,docling_rapidocr,qwen,4,0,0,0,4,0.0,0.0,0.0,0,,,,,11.320877204,1
gestion_2018-06-01_6,46,none,,yannihorne,docling_easyocr,qwen,4,0,0,0,4,0.0,0.0,0.0,0,,,,,56.360345492,1
gestion_2018-06-01_6,47,none,,adaptive_gaussian,docling_easyocr,qwen,4,0,0,0,4,0.0,0.0,0.0,0,,,,,65.422773002,1
gestion_2018-06-01_6,47,none,,adaptive_gaussian,docling_rapidocr,qwen,4,0,0,0,4,0.0,0.0,0.0,0,,,,,9.483354924,1
gestion_2018-06-01_6,47,none,,adaptive_mean,docling_easyocr,qwen,4,0,0,0,4,0.0,0.0,0.0,0,,,,,66.27439012,1
gestion_2018-06-01_6,47,none,,adaptive_mean,docling_rapidocr,qwen,4,0,0,0,4,0.0,0.0,0.0,0,,,,,10.358396192,1
gestion_2018-06-01_6,47,none,,basic,docling_easyocr,qwen,4,0,0,0,4,0.0,0.0,0.0,0,,,,,57.065700473,1
gestion_2018-06-01_6,47,none,,basic,docling_rapidocr,qwen,4,0,0,0,4,0.0,0.0,0.0,0,,,,,11.711269082,1
gestion_2018-06-01_6,47,none,,niblack,docling_easyocr,qwen,4,0,0,0,4,0.0,0.0,0.0,0,,,,,67.022743043,1
gestion_2018-06-01_6,47,none,,none_color,docling_easyocr,qwen,4,0,0,0,4,0.0,0.0,0.0,0,,,,,57.540397752,1
gestion_2018-06-01_6,47,none,,none_grayscale,docling_easyocr,qwen,4,0,0,0,4,0.0,0.0,0.0,0,,,,,68.099529136,1
gestion_2018-06-01_6,47,none,,otsu,docling_easyocr,qwen,4,0,0,0,4,0.0,0.0,0.0,0,,,,,65.24272181,1
gestion_2018-06-01_6,47,none,,otsu,docling_rapidocr,qwen,4,0,0,0,4,0.0,0.0,0.0,0,,,,,12.217084422,1
gestion_2018-06-01_6,47,none,,yannihorne,docling_easyocr,qwen,4,0,0,0,4,0.0,0.0,0.0,0,,,,,57.185354009,1
gestion_2018-06-01_6,48,none,,adaptive_gaussian,docling_easyocr,qwen,4,1,0,1,4,0.0,0.0,0.0,1,3.0,3.0,0.850828729281768,0.9464285714285714,199.52808149,0
gestion_2018-06-01_6,48,none,,adaptive_gaussian,docling_rapidocr,qwen,4,0,0,0,4,0.0,0.0,0.0,0,,,,,110.995617463,1
gestion_2018-06-01_6,48,none,,adaptive_mean,docling_easyocr,qwen,4,0,0,0,4,0.0,0.0,0.0,0,,,,,200.482882045,1
gestion_2018-06-01_6,48,none,,adaptive_mean,docling_rapidocr,qwen,4,0,0,0,4,0.0,0.0,0.0,0,,,,,109.654136203,1
gestion_2018-06-01_6,48,none,,basic,docling_easyocr,qwen,4,1,0,1,4,0.0,0.0,0.0,1,0.0,0.0,0.9690189328743546,0.9893899204244032,192.918234412,0
gestion_2018-06-01_6,48,none,,basic,docling_rapidocr,qwen,4,1,0,1,4,0.0,0.0,0.0,1,0.0,0.0,0.8696213425129088,0.9177718832891246,108.543463532,0
gestion_2018-06-01_6,48,none,,niblack,docling_easyocr,qwen,4,0,0,0,4,0.0,0.0,0.0,0,,,,,152.474749982,1
gestion_2018-06-01_6,48,none,,niblack,docling_rapidocr,qwen,4,0,0,0,4,0.0,0.0,0.0,0,,,,,93.716100156,1
gestion_2018-06-01_6,48,none,,none_color,docling_easyocr,qwen,4,3,0,3,4,0.0,0.0,0.0,2,0.17763157894736842,0.18181818181818182,0.8825667647548721,0.9526233531813729,188.670298568,0
gestion_2018-06-01_6,48,none,,none_color,docling_rapidocr,qwen,4,0,0,0,4,0.0,0.0,0.0,0,,,,,106.591679088,1
gestion_2018-06-01_6,48,none,,none_grayscale,docling_easyocr,qwen,4,3,0,3,4,0.0,0.0,0.0,2,0.17763157894736842,0.18181818181818182,0.8825667647548721,0.9526233531813729,186.65528082,0
gestion_2018-06-01_6,48,none,,none_grayscale,docling_rapidocr,qwen,4,0,0,0,4,0.0,0.0,0.0,0,,,,,107.29641389,1
gestion_2018-06-01_6,48,none,,otsu,docling_easyocr,qwen,4,3,0,3,4,0.0,0.0,0.0,3,1.6666666666666667,1.1666666666666667,0.9459308486843471,0.9800586033416194,188.719278949,0
gestion_2018-06-01_6,48,none,,otsu,docling_rapidocr,qwen,4,0,0,0,4,0.0,0.0,0.0,0,,,,,108.013206141,2
gestion_2018-06-01_6,49,none,,adaptive_gaussian,docling_easyocr,qwen,4,0,0,0,4,0.0,0.0,0.0,0,,,,,173.795534924,1
gestion_2018-06-01_6,49,none,,adaptive_gaussian,docling_rapidocr,qwen,4,5,0,5,4,0.0,0.0,0.0,2,0.9,1.0384615384615383,0.9825731497418244,0.9946949602122016,106.861017541,0
gestion_2018-06-01_6,49,none,,adaptive_mean,docling_easyocr,qwen,4,1,0,1,4,0.0,0.0,0.0,1,3.125,3.0,0.850828729281768,0.9642857142857143,186.287658072,0
gestion_2018-06-01_6,49,none,,adaptive_mean,docling_rapidocr,qwen,4,0,0,0,4,0.0,0.0,0.0,0,,,,,107.455601073,1
gestion_2018-06-01_6,49,none,,basic,docling_easyocr,qwen,4,0,0,0,4,0.0,0.0,0.0,0,,,,,189.937944312,1
gestion_2018-06-01_6,49,none,,basic,docling_rapidocr,qwen,4,0,0,0,4,0.0,0.0,0.0,0,,,,,107.910738606,1
gestion_2018-06-01_6,49,none,,niblack,docling_easyocr,qwen,4,0,0,0,4,0.0,0.0,0.0,0,,,,,150.206395453,1
gestion_2018-06-01_6,49,none,,niblack,docling_rapidocr,qwen,4,0,0,0,4,0.0,0.0,0.0,0,,,,,94.780382461,1
gestion_2018-06-01_6,49,none,,none_color,docling_easyocr,qwen,4,2,0,2,4,0.0,0.0,0.0,2,0.05,0.25,0.7871904356594641,0.9415119363395226,185.36590249,0
gestion_2018-06-01_6,49,none,,none_color,docling_rapidocr,qwen,4,0,0,0,4,0.0,0.0,0.0,0,,,,,107.844269585,5
gestion_2018-06-01_6,49,none,,none_grayscale,docling_easyocr,qwen,4,2,0,2,4,0.0,0.0,0.0,2,0.05,0.25,0.7871904356594641,0.9415119363395226,187.588428802,0
gestion_2018-06-01_6,49,none,,none_grayscale,docling_rapidocr,qwen,4,4,1,3,3,0.25,0.25,0.25,4,0.430921052631579,0.5,0.6588300320965406,0.7963464565195857,107.387520622,4
gestion_2018-06-01_6,49,none,,otsu,docling_easyocr,qwen,4,1,0,1,4,0.0,0.0,0.0,1,0.0,0.0,0.9698795180722891,0.9787798408488063,173.943703862,0
gestion_2018-06-01_6,49,none,,otsu,docling_rapidocr,qwen,4,0,0,0,4,0.0,0.0,0.0,0,,,,,109.274450513,3
gestion_2018-06-01_6,50,none,,adaptive_gaussian,docling_easyocr,qwen,4,2,0,2,4,0.0,0.0,0.0,1,0.039473684210526314,0.2727272727272727,1.0,1.0,199.399497525,0
gestion_2018-06-01_6,50,none,,adaptive_gaussian,docling_rapidocr,qwen,4,3,0,3,4,0.0,0.0,0.0,3,2.3270531400966186,1.7564102564102564,0.8992692962722515,0.9887709991158267,113.366664188,0
gestion_2018-06-01_6,50,none,,adaptive_mean,docling_easyocr,qwen,4,1,0,1,4,0.0,0.0,0.0,1,0.4057971014492754,0.5384615384615384,0.9694492254733219,0.9893899204244032,196.229477847,0
gestion_2018-06-01_6,50,none,,adaptive_mean,docling_rapidocr,qwen,4,1,0,1,4,0.0,0.0,0.0,1,0.4492753623188406,0.46153846153846156,0.9694492254733219,0.9893899204244032,112.526456798,0
gestion_2018-06-01_6,50,none,,basic,docling_easyocr,qwen,4,0,0,0,4,0.0,0.0,0.0,0,,,,,195.709157712,1
gestion_2018-06-01_6,50,none,,basic,docling_rapidocr,qwen,4,7,0,7,4,0.0,0.0,0.0,3,0.075,0.3333333333333333,0.7885941284091729,0.9057881773399016,109.471984632,0
gestion_2018-06-01_6,50,none,,niblack,docling_easyocr,qwen,4,0,0,0,4,0.0,0.0,0.0,0,,,,,150.617572574,1
gestion_2018-06-01_6,50,none,,niblack,docling_rapidocr,qwen,4,0,0,0,4,0.0,0.0,0.0,0,,,,,95.900114087,1
gestion_2018-06-01_6,50,none,,none_color,docling_easyocr,qwen,4,1,0,1,4,0.0,0.0,0.0,1,0.0,0.0,0.7999139414802066,0.9336870026525199,186.704478675,0
gestion_2018-06-01_6,50,none,,none_color,docling_rapidocr,qwen,4,0,0,0,4,0.0,0.0,0.0,0,,,,,108.174894267,1
gestion_2018-06-01_6,50,none,,none_grayscale,docling_easyocr,qwen,4,1,0,1,4,0.0,0.0,0.0,1,0.0,0.0,0.7999139414802066,0.9336870026525199,171.914757186,0
gestion_2018-06-01_6,50,none,,none_grayscale,docling_rapidocr,qwen,4,0,0,0,4,0.0,0.0,0.0,0,,,,,104.275456363,1
gestion_2018-06-01_6,50,none,,otsu,docling_easyocr,qwen,4,0,0,0,4,0.0,0.0,0.0,0,,,,,191.685341676,1
gestion_2018-06-01_6,50,none,,otsu,docling_rapidocr,qwen,4,1,0,1,4,0.0,0.0,0.0,1,0.0,0.0,0.8291738382099828,0.9177718832891246,109.013955673,0
gestion_2018-06-01_6,51,none,,adaptive_gaussian,docling_easyocr,qwen,4,0,0,0,4,0.0,0.0,0.0,0,,,,,99.197604116,1
gestion_2018-06-01_6,51,none,,adaptive_gaussian,docling_rapidocr,qwen,4,0,0,0,4,0.0,0.0,0.0,0,,,,,13.636910852,1
gestion_2018-06-01_6,51,none,,adaptive_mean,docling_easyocr,qwen,4,0,0,0,4,0.0,0.0,0.0,0,,,,,96.673437169,1
gestion_2018-06-01_6,51,none,,adaptive_mean,docling_rapidocr,qwen,4,0,0,0,4,0.0,0.0,0.0,0,,,,,23.400516322,1
gestion_2018-06-01_6,51,none,,basic,docling_easyocr,qwen,4,0,0,0,4,0.0,0.0,0.0,0,,,,,93.849111484,2
gestion_2018-06-01_6,51,none,,basic,docling_rapidocr,qwen,4,0,0,0,4,0.0,0.0,0.0,0,,,,,23.924362348,2
gestion_2018-06-01_6,51,none,,niblack,docling_easyocr,qwen,4,0,0,0,4,0.0,0.0,0.0,0,,,,,58.05495231,1
gestion_2018-06-01_6,51,none,,niblack,docling_rapidocr,qwen,4,0,0,0,4,0.0,0.0,0.0,0,,,,,10.656380342,1
gestion_2018-06-01_6,51,none,,none_color,docling_easyocr,qwen,4,0,0,0,4,0.0,0.0,0.0,0,,,,,95.710440418,5
gestion_2018-06-01_6,51,none,,none_color,docling_rapidocr,qwen,4,3,2,1,2,0.666667,0.5,0.571429,3,0.0,0.0,0.4677929826857176,0.5125205254515599,23.304739496,0
gestion_2018-06-01_6,51,none,,none_grayscale,docling_easyocr,qwen,4,0,0,0,4,0.0,0.0,0.0,0,,,,,93.331900213,2
gestion_2018-06-01_6,51,none,,none_grayscale,docling_rapidocr,qwen,4,2,1,1,3,0.5,0.25,0.333333,2,0.4868421052631579,0.5,0.394632169229915,0.4713560870378727,23.153061006,0
gestion_2018-06-01_6,51,none,,otsu,docling_easyocr,qwen,4,3,1,2,3,0.333333,0.25,0.285714,3,0.2543859649122807,0.3636363636363636,0.6811113885488232,0.748655461722424,93.025750398,0
gestion_2018-06-01_6,51,none,,otsu,docling_rapidocr,qwen,4,2,0,2,4,0.0,0.0,0.0,2,0.4868421052631579,0.5,0.5826097940147688,0.7062967080136919,23.909698247,0
gestion_2018-06-01_6,52,none,,adaptive_gaussian,docling_easyocr,qwen,4,1,0,1,4,0.0,0.0,0.0,1,0.36231884057971014,0.38461538461538464,0.9875215146299484,0.9973474801061007,110.255726295,0
gestion_2018-06-01_6,52,none,,adaptive_gaussian,docling_rapidocr,qwen,4,1,0,1,4,0.0,0.0,0.0,1,0.855072463768116,0.9230769230769231,0.9685886402753873,0.9893899204244032,24.48971148,0
gestion_2018-06-01_6,52,none,,adaptive_mean,docling_easyocr,qwen,4,0,0,0,4,0.0,0.0,0.0,0,,,,,110.499123718,1
gestion_2018-06-01_6,52,none,,adaptive_mean,docling_rapidocr,qwen,4,1,0,1,4,0.0,0.0,0.0,1,3.625,3.0,0.850828729281768,0.9464285714285714,21.115911151,0
gestion_2018-06-01_6,52,none,,basic,docling_easyocr,qwen,4,3,0,3,4,0.0,0.0,0.0,2,1.0,0.5,0.8794681488384477,0.9821428571428572,100.107038446,0
gestion_2018-06-01_6,52,none,,basic,docling_rapidocr,qwen,4,2,1,1,3,0.5,0.25,0.333333,2,0.0,0.0,0.5645538837377159,0.6364671957031379,24.841482826,0
gestion_2018-06-01_6,52,none,,niblack,docling_easyocr,qwen,4,0,0,0,4,0.0,0.0,0.0,0,,,,,57.009246484,1
gestion_2018-06-01_6,52,none,,niblack,docling_rapidocr,qwen,4,0,0,0,4,0.0,0.0,0.0,0,,,,,11.225548879,1
gestion_2018-06-01_6,52,none,,none_color,docling_easyocr,qwen,4,6,1,5,3,0.166667,0.25,0.2,4,0.2125,0.375,0.7610933013312,0.8586643316263076,81.875655454,2
gestion_2018-06-01_6,52,none,,none_color,docling_rapidocr,qwen,4,2,1,1,3,0.5,0.25,0.333333,2,3.125,2.25,0.6115254229229468,0.7259141720348616,23.041114372,1
gestion_2018-06-01_6,52,none,,none_grayscale,docling_easyocr,qwen,4,2,1,1,3,0.5,0.25,0.333333,2,0.0,0.0,0.5406762534006996,0.6694255808578315,79.992065067,0
gestion_2018-06-01_6,52,none,,none_grayscale,docling_rapidocr,qwen,4,3,1,2,3,0.333333,0.25,0.285714,3,1.670175438596491,1.5909090909090908,0.5992804318414787,0.6816623925509316,23.590825195,0
gestion_2018-06-01_6,52,none,,otsu,docling_easyocr,qwen,4,3,0,3,4,0.0,0.0,0.0,3,2.7936371726417497,1.5174825174825175,0.931590931795006,0.9844794698314515,99.89032962,0
gestion_2018-06-01_6,52,none,,otsu,docling_rapidocr,qwen,4,0,0,0,4,0.0,0.0,0.0,0,,,,,23.436787387,6
gestion_2018-06-01_6,53,none,,adaptive_gaussian,docling_easyocr,qwen,4,1,0,1,4,0.0,0.0,0.0,1,3.375,3.0,0.8591160220994475,0.9821428571428571,108.227129562,0
gestion_2018-06-01_6,53,none,,adaptive_gaussian,docling_rapidocr,qwen,4,1,0,1,4,0.0,0.0,0.0,1,1.0,1.0,0.9694492254733219,0.9893899204244032,22.836020334,0
gestion_2018-06-01_6,53,none,,adaptive_mean,docling_easyocr,qwen,4,0,0,0,4,0.0,0.0,0.0,0,,,,,95.955697826,1
gestion_2018-06-01_6,53,none,,adaptive_mean,docling_rapidocr,qwen,4,1,0,1,4,0.0,0.0,0.0,1,3.375,3.0,0.850828729281768,0.9464285714285714,25.748958877,0
gestion_2018-06-01_6,53,none,,basic,docling_easyocr,qwen,4,1,0,1,4,0.0,0.0,0.0,1,0.0,0.0,0.6514629948364888,0.6976127320954907,94.732913348,3
gestion_2018-06-01_6,53,none,,basic,docling_rapidocr,qwen,4,2,2,0,2,1.0,0.5,0.666667,2,0.0,0.0,0.4029198822941536,0.5004292459579339,19.638212297,0
gestion_2018-06-01_6,53,none,,niblack,docling_easyocr,qwen,4,0,0,0,4,0.0,0.0,0.0,0,,,,,66.063472841,1
gestion_2018-06-01_6,53,none,,niblack,docling_rapidocr,qwen,4,0,0,0,4,0.0,0.0,0.0,0,,,,,10.696144197,1
gestion_2018-06-01_6,53,none,,none_color,docling_easyocr,qwen,4,0,0,0,4,0.0,0.0,0.0,0,,,,,96.339541217,2
gestion_2018-06-01_6,53,none,,none_color,docling_rapidocr,qwen,4,1,0,1,4,0.0,0.0,0.0,1,0.8985507246376812,1.0,0.6260757314974182,0.6657824933687002,24.42771866,7
gestion_2018-06-01_6,53,none,,none_grayscale,docling_easyocr,qwen,4,0,0,0,4,0.0,0.0,0.0,0,,,,,94.488035938,2
gestion_2018-06-01_6,53,none,,none_grayscale,docling_rapidocr,qwen,4,1,0,1,4,0.0,0.0,0.0,1,0.8985507246376812,1.0,0.6260757314974182,0.6657824933687002,23.371928712,7
gestion_2018-06-01_6,53,none,,otsu,docling_easyocr,qwen,4,2,1,1,3,0.5,0.25,0.333333,2,0.4868421052631579,0.5,0.40534645494420074,0.5156839869245078,94.087288068,0
gestion_2018-06-01_6,53,none,,otsu,docling_rapidocr,qwen,4,0,0,0,4,0.0,0.0,0.0,0,,,,,20.033036397,2
gestion_2019-07-12_8,0,none,,adaptive_gaussian,docling_easyocr,qwen,7,0,0,0,7,0.0,0.0,0.0,0,,,,,102.805117724,1
gestion_2019-07-12_8,0,none,,adaptive_gaussian,docling_rapidocr,qwen,7,6,0,6,7,0.0,0.0,0.0,5,0.051182266009852206,0.16857142857142854,1.0,1.0,18.700286267,0
gestion_2019-07-12_8,0,none,,adaptive_mean,docling_easyocr,qwen,7,0,0,0,7,0.0,0.0,0.0,0,,,,,87.221164458,1
gestion_2019-07-12_8,0,none,,adaptive_mean,docling_rapidocr,qwen,7,6,0,6,7,0.0,0.0,0.0,6,0.02023809523809524,0.05158730158730159,1.0,1.0,20.527765028,0
gestion_2019-07-12_8,0,none,,basic,docling_easyocr,qwen,7,0,0,0,7,0.0,0.0,0.0,0,,,,,76.129202877,6
gestion_2019-07-12_8,0,none,,basic,docling_rapidocr,qwen,7,0,0,0,7,0.0,0.0,0.0,0,,,,,24.306672369,7
gestion_2019-07-12_8,0,none,,niblack,docling_easyocr,qwen,7,0,0,0,7,0.0,0.0,0.0,0,,,,,66.281051142,1
gestion_2019-07-12_8,0,none,,niblack,docling_rapidocr,qwen,7,0,0,0,7,0.0,0.0,0.0,0,,,,,11.09304641,1
gestion_2019-07-12_8,0,none,,none_color,docling_easyocr,qwen,7,0,0,0,7,0.0,0.0,0.0,0,,,,,91.656763039,6
gestion_2019-07-12_8,0,none,,none_color,docling_rapidocr,qwen,7,7,5,2,2,0.714286,0.714286,0.714286,7,0.4185185185185185,0.42857142857142855,0.274879310373982,0.3550902800902801,24.019186459,0
gestion_2019-07-12_8,0,none,,none_grayscale,docling_easyocr,qwen,7,0,0,0,7,0.0,0.0,0.0,0,,,,,77.191835438,6
gestion_2019-07-12_8,0,none,,none_grayscale,docling_rapidocr,qwen,7,0,0,0,7,0.0,0.0,0.0,0,,,,,23.212835823,0
gestion_2019-07-12_8,0,none,,otsu,docling_easyocr,qwen,7,0,0,0,7,0.0,0.0,0.0,0,,,,,91.638647736,5
gestion_2019-07-12_8,0,none,,otsu,docling_rapidocr,qwen,7,0,0,0,7,0.0,0.0,0.0,0,,,,,19.035021246,7
gestion_2019-07-12_8,1,none,,adaptive_gaussian,docling_easyocr,qwen,7,0,0,0,7,0.0,0.0,0.0,0,,,,,99.243700434,1
gestion_2019-07-12_8,1,none,,adaptive_gaussian,docling_rapidocr,qwen,7,8,0,8,7,0.0,0.0,0.0,7,0.07721391238487733,0.27653061224489794,1.0,1.0,19.217512776,0
gestion_2019-07-12_8,1,none,,adaptive_mean,docling_easyocr,qwen,7,0,0,0,7,0.0,0.0,0.0,0,,,,,101.930865643,1
gestion_2019-07-12_8,1,none,,adaptive_mean,docling_rapidocr,qwen,7,7,0,7,7,0.0,0.0,0.0,7,0.09954234218940103,0.22670068027210882,0.9549259010693996,0.9967532467532468,19.93380439,0
gestion_2019-07-12_8,1,none,,basic,docling_easyocr,qwen,7,0,0,0,7,0.0,0.0,0.0,0,,,,,91.591702143,5
gestion_2019-07-12_8,1,none,,basic,docling_rapidocr,qwen,7,0,0,0,7,0.0,0.0,0.0,0,,,,,22.314911047,7
gestion_2019-07-12_8,1,none,,niblack,docling_easyocr,qwen,7,0,0,0,7,0.0,0.0,0.0,0,,,,,65.47693907,1
gestion_2019-07-12_8,1,none,,niblack,docling_rapidocr,qwen,7,0,0,0,7,0.0,0.0,0.0,0,,,,,10.957290757,1
gestion_2019-07-12_8,1,none,,none_color,docling_easyocr,qwen,7,0,0,0,7,0.0,0.0,0.0,0,,,,,88.886600985,6
gestion_2019-07-12_8,1,none,,none_color,docling_rapidocr,qwen,7,0,0,0,7,0.0,0.0,0.0,0,,,,,18.464642062,9
gestion_2019-07-12_8,1,none,,none_grayscale,docling_easyocr,qwen,7,6,4,2,3,0.666667,0.571429,0.615385,6,0.4483660130718954,0.5,0.6370847908240641,0.682511101351681,88.417943564,0
gestion_2019-07-12_8,1,none,,none_grayscale,docling_rapidocr,qwen,7,0,0,0,7,0.0,0.0,0.0,0,,,,,20.128239241,6
gestion_2019-07-12_8,1,none,,otsu,docling_easyocr,qwen,7,5,0,5,7,0.0,0.0,0.0,5,1.0007307060755335,1.0,0.6024598012962225,0.7190818440818441,87.729893916,0
gestion_2019-07-12_8,1,none,,otsu,docling_rapidocr,qwen,7,0,0,0,7,0.0,0.0,0.0,0,,,,,23.150787346,5
gestion_2019-07-12_8,2,none,,adaptive_gaussian,docling_easyocr,qwen,7,0,0,0,7,0.0,0.0,0.0,0,,,,,88.869548727,1
gestion_2019-07-12_8,2,none,,adaptive_gaussian,docling_rapidocr,qwen,7,2,0,2,7,0.0,0.0,0.0,2,0.0,0.0,0.8102257254568848,0.9690016103059582,20.362425495,0
gestion_2019-07-12_8,2,none,,adaptive_mean,docling_easyocr,qwen,7,0,0,0,7,0.0,0.0,0.0,0,,,,,98.387851666,1
gestion_2019-07-12_8,2,none,,adaptive_mean,docling_rapidocr,qwen,7,4,0,4,7,0.0,0.0,0.0,4,0.0,0.0,0.9016265439942677,0.984500805152979,18.322889279,0
gestion_2019-07-12_8,2,none,,basic,docling_easyocr,qwen,7,5,1,4,6,0.2,0.142857,0.166667,5,0.2642857142857143,0.22857142857142856,0.7860683416427918,0.8551090616308008,84.610970013,0
gestion_2019-07-12_8,2,none,,basic,docling_rapidocr,qwen,7,0,0,0,7,0.0,0.0,0.0,0,,,,,20.085715287,5
gestion_2019-07-12_8,2,none,,niblack,docling_easyocr,qwen,7,0,0,0,7,0.0,0.0,0.0,0,,,,,66.057300965,1
gestion_2019-07-12_8,2,none,,niblack,docling_rapidocr,qwen,7,0,0,0,7,0.0,0.0,0.0,0,,,,,11.807445923,1
gestion_2019-07-12_8,2,none,,none_color,docling_easyocr,qwen,7,0,0,0,7,0.0,0.0,0.0,0,,,,,89.534983555,5
gestion_2019-07-12_8,2,none,,none_color,docling_rapidocr,qwen,7,0,0,0,7,0.0,0.0,0.0,0,,,,,22.439066092,7
gestion_2019-07-12_8,2,none,,none_grayscale,docling_easyocr,qwen,7,0,0,0,7,0.0,0.0,0.0,0,,,,,79.672398964,5
gestion_2019-07-12_8,2,none,,none_grayscale,docling_rapidocr,qwen,7,0,0,0,7,0.0,0.0,0.0,0,,,,,22.836428563,7
gestion_2019-07-12_8,2,none,,otsu,docling_easyocr,qwen,7,0,0,0,7,0.0,0.0,0.0,0,,,,,76.786215847,5
gestion_2019-07-12_8,2,none,,otsu,docling_rapidocr,qwen,7,0,0,0,7,0.0,0.0,0.0,0,,,,,23.05828554,5
gestion_2019-07-12_8,3,none,,adaptive_gaussian,docling_easyocr,qwen,7,0,0,0,7,0.0,0.0,0.0,0,,,,,93.222353575,1
gestion_2019-07-12_8,3,none,,adaptive_gaussian,docling_rapidocr,qwen,7,6,0,6,7,0.0,0.0,0.0,6,0.20992685475444095,0.3238095238095238,0.8668137281394571,0.9476415961923208,20.859603522,0
gestion_2019-07-12_8,3,none,,adaptive_mean,docling_easyocr,qwen,7,0,0,0,7,0.0,0.0,0.0,0,,,,,76.677766627,1
gestion_2019-07-12_8,3,none,,adaptive_mean,docling_rapidocr,qwen,7,7,0,7,7,0.0,0.0,0.0,6,0.21948122276891713,0.718452380952381,0.9160938342868848,0.9811965811965813,16.008395499,0
gestion_2019-07-12_8,3,none,,basic,docling_easyocr,qwen,7,0,0,0,7,0.0,0.0,0.0,0,,,,,76.037661826,1
gestion_2019-07-12_8,3,none,,basic,docling_rapidocr,qwen,7,1,0,1,7,0.0,0.0,0.0,1,0.975,1.0,0.7616707616707616,0.9393939393939394,23.720384156,0
gestion_2019-07-12_8,3,none,,niblack,docling_easyocr,qwen,7,0,0,0,7,0.0,0.0,0.0,0,,,,,68.67637814,1
gestion_2019-07-12_8,3,none,,niblack,docling_rapidocr,qwen,7,0,0,0,7,0.0,0.0,0.0,0,,,,,12.49788321,1
gestion_2019-07-12_8,3,none,,none_color,docling_easyocr,qwen,7,6,0,6,7,0.0,0.0,0.0,6,0.337037037037037,0.3333333333333333,0.8368234937506519,0.9270845298019209,84.920873127,0
gestion_2019-07-12_8,3,none,,none_color,docling_rapidocr,qwen,7,9,5,4,2,0.555556,0.714286,0.625,7,0.41375661375661377,0.42857142857142855,0.32364909199871467,0.41834441725746074,20.378255525,8
gestion_2019-07-12_8,3,none,,none_grayscale,docling_easyocr,qwen,7,5,0,5,7,0.0,0.0,0.0,4,0.008620689655172414,0.05,0.8781852786127516,0.9530797101449275,91.793311631,0
gestion_2019-07-12_8,3,none,,none_grayscale,docling_rapidocr,qwen,7,0,0,0,7,0.0,0.0,0.0,0,,,,,21.158441817,7
gestion_2019-07-12_8,3,none,,otsu,docling_easyocr,qwen,7,0,0,0,7,0.0,0.0,0.0,0,,,,,93.351869524,1
gestion_2019-07-12_8,3,none,,otsu,docling_rapidocr,qwen,7,0,0,0,7,0.0,0.0,0.0,0,,,,,20.469048441,7
gestion_2019-07-12_8,4,none,,adaptive_gaussian,docling_easyocr,qwen,7,0,0,0,7,0.0,0.0,0.0,0,,,,,83.544972358,1
gestion_2019-07-12_8,4,none,,adaptive_gaussian,docling_rapidocr,qwen,7,8,0,8,7,0.0,0.0,0.0,7,0.14993572838400424,0.28503401360544217,0.9184339499706727,0.9916250416250417,20.803865133,0
gestion_2019-07-12_8,4,none,,adaptive_mean,docling_easyocr,qwen,7,0,0,0,7,0.0,0.0,0.0,0,,,,,90.050309545,1
gestion_2019-07-12_8,4,none,,adaptive_mean,docling_rapidocr,qwen,7,4,0,4,7,0.0,0.0,0.0,4,0.9102332852332853,0.9345238095238095,0.7979293459411316,0.946559378624596,19.539441711,0
gestion_2019-07-12_8,4,none,,basic,docling_easyocr,qwen,7,5,0,5,7,0.0,0.0,0.0,5,0.316031746031746,0.5371428571428571,0.9682539682539681,1.0,101.723542547,0
gestion_2019-07-12_8,4,none,,basic,docling_rapidocr,qwen,7,0,0,0,7,0.0,0.0,0.0,0,,,,,20.039762592,7
gestion_2019-07-12_8,4,none,,niblack,docling_easyocr,qwen,7,0,0,0,7,0.0,0.0,0.0,0,,,,,67.778395509,1
gestion_2019-07-12_8,4,none,,niblack,docling_rapidocr,qwen,7,0,0,0,7,0.0,0.0,0.0,0,,,,,11.906133508,1
gestion_2019-07-12_8,4,none,,none_color,docling_easyocr,qwen,7,6,2,4,5,0.333333,0.285714,0.307692,6,0.3359477124183006,0.3333333333333333,0.761686131705073,0.8772489386619822,90.954431484,0
gestion_2019-07-12_8,4,none,,none_color,docling_rapidocr,qwen,7,0,0,0,7,0.0,0.0,0.0,0,,,,,21.645181844,6
gestion_2019-07-12_8,4,none,,none_grayscale,docling_easyocr,qwen,7,1,0,1,7,0.0,0.0,0.0,1,0.8571428571428571,1.0,0.7750865051903114,0.9629629629629629,77.321865343,0
gestion_2019-07-12_8,4,none,,none_grayscale,docling_rapidocr,qwen,7,5,3,2,4,0.6,0.428571,0.5,5,0.6177777777777778,0.78,0.2920732663735247,0.3737154150197628,22.632092498,0
gestion_2019-07-12_8,4,none,,otsu,docling_easyocr,qwen,7,0,0,0,7,0.0,0.0,0.0,0,,,,,89.836282421,1
gestion_2019-07-12_8,4,none,,otsu,docling_rapidocr,qwen,7,0,0,0,7,0.0,0.0,0.0,0,,,,,22.785516906,6
gestion_2019-07-12_8,5,none,,adaptive_gaussian,docling_easyocr,qwen,7,0,0,0,7,0.0,0.0,0.0,0,,,,,93.93031846,1
gestion_2019-07-12_8,5,none,,adaptive_gaussian,docling_rapidocr,qwen,7,3,0,3,7,0.0,0.0,0.0,3,0.4054597701149425,0.5333333333333333,0.8332257670278608,0.9527667984189723,20.698295698,0
gestion_2019-07-12_8,5,none,,adaptive_mean,docling_easyocr,qwen,7,0,0,0,7,0.0,0.0,0.0,0,,,,,87.650199539,1
gestion_2019-07-12_8,5,none,,adaptive_mean,docling_rapidocr,qwen,7,7,0,7,7,0.0,0.0,0.0,7,0.20438387476202605,0.6670068027210885,0.9633129516397999,0.9902597402597403,14.253247863,0
gestion_2019-07-12_8,5,none,,basic,docling_easyocr,qwen,7,5,0,5,7,0.0,0.0,0.0,5,0.22666666666666666,0.2,0.9026100686565254,0.9596087970001014,68.336856056,0
gestion_2019-07-12_8,5,none,,basic,docling_rapidocr,qwen,7,3,0,3,7,0.0,0.0,0.0,2,0.0,0.0,0.9067460317460317,0.9888888888888889,15.990247894,0
gestion_2019-07-12_8,5,none,,niblack,docling_easyocr,qwen,7,0,0,0,7,0.0,0.0,0.0,0,,,,,65.106698961,1
gestion_2019-07-12_8,5,none,,niblack,docling_rapidocr,qwen,7,0,0,0,7,0.0,0.0,0.0,0,,,,,10.491200656,1
gestion_2019-07-12_8,5,none,,none_color,docling_easyocr,qwen,7,1,0,1,7,0.0,0.0,0.0,1,0.7586206896551724,1.0,1.2064156206415622,1.4666666666666666,78.02505455,0
gestion_2019-07-12_8,5,none,,none_color,docling_rapidocr,qwen,7,0,0,0,7,0.0,0.0,0.0,0,,,,,22.959678268,7
gestion_2019-07-12_8,5,none,,none_grayscale,docling_easyocr,qwen,7,1,0,1,7,0.0,0.0,0.0,1,0.7586206896551724,1.0,1.2064156206415622,1.4666666666666666,90.378504133,0
gestion_2019-07-12_8,5,none,,none_grayscale,docling_rapidocr,qwen,7,0,0,0,7,0.0,0.0,0.0,0,,,,,22.018829441,7
gestion_2019-07-12_8,5,none,,otsu,docling_easyocr,qwen,7,0,0,0,7,0.0,0.0,0.0,0,,,,,91.376948835,1
gestion_2019-07-12_8,5,none,,otsu,docling_rapidocr,qwen,7,0,0,0,7,0.0,0.0,0.0,0,,,,,22.73393798,8
gestion_2019-07-12_8,6,none,,adaptive_gaussian,docling_easyocr,qwen,7,0,0,0,7,0.0,0.0,0.0,0,,,,,85.799571184,1
gestion_2019-07-12_8,6,none,,adaptive_gaussian,docling_rapidocr,qwen,7,7,0,7,7,0.0,0.0,0.0,7,0.13968253968253969,0.19999999999999998,0.872546970082526,0.9818736014388189,20.586037544,0
gestion_2019-07-12_8,6,none,,adaptive_mean,docling_easyocr,qwen,7,0,0,0,7,0.0,0.0,0.0,0,,,,,92.352906084,1
gestion_2019-07-12_8,6,none,,adaptive_mean,docling_rapidocr,qwen,7,7,0,7,7,0.0,0.0,0.0,7,0.15323846013501186,0.19999999999999998,0.8456250097430394,0.9711112961112961,17.162528371,0
gestion_2019-07-12_8,6,none,,basic,docling_easyocr,qwen,7,1,0,1,7,0.0,0.0,0.0,1,0.8666666666666667,1.0,1.4474708171206225,1.6590909090909092,99.861888307,0
gestion_2019-07-12_8,6,none,,basic,docling_rapidocr,qwen,7,0,0,0,7,0.0,0.0,0.0,0,,,,,21.331042188,5
gestion_2019-07-12_8,6,none,,niblack,docling_easyocr,qwen,7,0,0,0,7,0.0,0.0,0.0,0,,,,,68.269763938,1
gestion_2019-07-12_8,6,none,,niblack,docling_rapidocr,qwen,7,0,0,0,7,0.0,0.0,0.0,0,,,,,12.026128284,1
gestion_2019-07-12_8,6,none,,none_color,docling_easyocr,qwen,7,6,3,3,4,0.5,0.428571,0.461538,6,0.6480573710965868,0.6944444444444445,0.575691148801149,0.6760499832963601,89.315501682,0
gestion_2019-07-12_8,6,none,,none_color,docling_rapidocr,qwen,7,0,0,0,7,0.0,0.0,0.0,0,,,,,22.594317905,8
gestion_2019-07-12_8,6,none,,none_grayscale,docling_easyocr,qwen,7,6,5,1,2,0.833333,0.714286,0.769231,6,0.15,0.2222222222222222,0.43647434908472516,0.48470148343336744,89.881532257,0
gestion_2019-07-12_8,6,none,,none_grayscale,docling_rapidocr,qwen,7,0,0,0,7,0.0,0.0,0.0,0,,,,,23.102965181,7
gestion_2019-07-12_8,6,none,,otsu,docling_easyocr,qwen,7,0,0,0,7,0.0,0.0,0.0,0,,,,,89.973072738,5
gestion_2019-07-12_8,6,none,,otsu,docling_rapidocr,qwen,7,6,4,2,3,0.666667,0.571429,0.615385,6,0.7699775533108867,0.8888888888888888,0.20510636204286667,0.4686079956007492,22.272470445,0
gestion_2019-07-12_8,7,none,,adaptive_gaussian,docling_easyocr,qwen,7,0,0,0,7,0.0,0.0,0.0,0,,,,,98.384952411,1
gestion_2019-07-12_8,7,none,,adaptive_gaussian,docling_rapidocr,qwen,7,3,0,3,7,0.0,0.0,0.0,3,0.0,0.0,0.805231768147001,0.9424584004294149,20.923492059,0
gestion_2019-07-12_8,7,none,,adaptive_mean,docling_easyocr,qwen,7,0,0,0,7,0.0,0.0,0.0,0,,,,,94.052661161,1
gestion_2019-07-12_8,7,none,,adaptive_mean,docling_rapidocr,qwen,7,5,0,5,7,0.0,0.0,0.0,5,0.0036363636363636364,0.02857142857142857,0.9153495497723618,0.9895622895622896,19.921444158,0
gestion_2019-07-12_8,7,none,,basic,docling_easyocr,qwen,7,5,2,3,5,0.4,0.285714,0.333333,5,1.110952380952381,1.0285714285714285,0.7180077100543185,0.8266757316757316,76.747241996,0
gestion_2019-07-12_8,7,none,,basic,docling_rapidocr,qwen,7,0,0,0,7,0.0,0.0,0.0,0,,,,,21.098361276,8
gestion_2019-07-12_8,7,none,,niblack,docling_easyocr,qwen,7,0,0,0,7,0.0,0.0,0.0,0,,,,,66.745835752,1
gestion_2019-07-12_8,7,none,,niblack,docling_rapidocr,qwen,7,0,0,0,7,0.0,0.0,0.0,0,,,,,11.603185863,1
gestion_2019-07-12_8,7,none,,none_color,docling_easyocr,qwen,7,5,4,1,3,0.8,0.571429,0.666667,5,0.18,0.26666666666666666,0.4371051420285827,0.5007663592446201,90.067268798,0
gestion_2019-07-12_8,7,none,,none_color,docling_rapidocr,qwen,7,0,0,0,7,0.0,0.0,0.0,0,,,,,18.721795747,7
gestion_2019-07-12_8,7,none,,none_grayscale,docling_easyocr,qwen,7,0,0,0,7,0.0,0.0,0.0,0,,,,,88.700125955,6
gestion_2019-07-12_8,7,none,,none_grayscale,docling_rapidocr,qwen,7,8,5,3,2,0.625,0.714286,0.666667,7,0.8842250205550698,1.0571428571428572,0.17782225094145368,0.22465598009076268,19.361728691,0
gestion_2019-07-12_8,7,none,,otsu,docling_easyocr,qwen,7,4,3,1,4,0.75,0.428571,0.545455,4,0.23816614420062696,0.3357142857142857,0.4416412120191342,0.5255141999707217,88.436830688,0
gestion_2019-07-12_8,7,none,,otsu,docling_rapidocr,qwen,7,3,3,0,4,1.0,0.428571,0.6,3,0.0,0.0,0.09693209474186167,0.1416776460254721,23.026935983,0
gestion_2019-07-12_8,8,none,,adaptive_gaussian,docling_easyocr,qwen,7,0,0,0,7,0.0,0.0,0.0,0,,,,,93.957598373,1
gestion_2019-07-12_8,8,none,,adaptive_gaussian,docling_rapidocr,qwen,7,4,0,4,7,0.0,0.0,0.0,4,0.009259259259259259,0.05,0.9318379790940767,0.9759615384615384,21.232602999,0
gestion_2019-07-12_8,8,none,,adaptive_mean,docling_easyocr,qwen,7,0,0,0,7,0.0,0.0,0.0,0,,,,,91.639220734,1
gestion_2019-07-12_8,8,none,,adaptive_mean,docling_rapidocr,qwen,7,0,0,0,7,0.0,0.0,0.0,0,,,,,19.957990189,4
gestion_2019-07-12_8,8,none,,basic,docling_easyocr,qwen,7,6,0,6,7,0.0,0.0,0.0,6,0.20454545454545456,0.2380952380952381,0.9063203545666038,0.9510516724284841,95.686326969,0
gestion_2019-07-12_8,8,none,,basic,docling_rapidocr,qwen,7,4,0,4,7,0.0,0.0,0.0,4,0.2833333333333333,0.25,0.9493413737429872,0.9951992753623188,23.180514801,0
gestion_2019-07-12_8,8,none,,niblack,docling_easyocr,qwen,7,0,0,0,7,0.0,0.0,0.0,0,,,,,62.530909216,1
gestion_2019-07-12_8,8,none,,niblack,docling_rapidocr,qwen,7,0,0,0,7,0.0,0.0,0.0,0,,,,,11.489163553,1
gestion_2019-07-12_8,8,none,,none_color,docling_easyocr,qwen,7,0,0,0,7,0.0,0.0,0.0,0,,,,,88.72855488,6
gestion_2019-07-12_8,8,none,,none_color,docling_rapidocr,qwen,7,0,0,0,7,0.0,0.0,0.0,0,,,,,22.489536917,7
gestion_2019-07-12_8,8,none,,none_grayscale,docling_easyocr,qwen,7,0,0,0,7,0.0,0.0,0.0,0,,,,,89.052150642,6
gestion_2019-07-12_8,8,none,,none_grayscale,docling_rapidocr,qwen,7,0,0,0,7,0.0,0.0,0.0,0,,,,,23.080898439,7
gestion_2019-07-12_8,8,none,,otsu,docling_easyocr,qwen,7,2,0,2,7,0.0,0.0,0.0,2,0.7863300492610837,0.7857142857142857,1.0180152789641577,1.1458333333333335,77.995287718,0
gestion_2019-07-12_8,8,none,,otsu,docling_rapidocr,qwen,7,0,0,0,7,0.0,0.0,0.0,0,,,,,22.534142555,8
gestion_2019-07-12_8,9,none,,adaptive_gaussian,docling_easyocr,qwen,7,0,0,0,7,0.0,0.0,0.0,0,,,,,96.181368319,1
gestion_2019-07-12_8,9,none,,adaptive_gaussian,docling_rapidocr,qwen,7,5,0,5,7,0.0,0.0,0.0,4,0.008620689655172414,0.05,0.9829920492353035,1.0,20.955276457,0
gestion_2019-07-12_8,9,none,,adaptive_mean,docling_easyocr,qwen,7,0,0,0,7,0.0,0.0,0.0,0,,,,,94.264190517,1
gestion_2019-07-12_8,9,none,,adaptive_mean,docling_rapidocr,qwen,7,6,0,6,7,0.0,0.0,0.0,6,0.17191676333833195,0.3700396825396825,0.9547038327526133,0.9935897435897436,19.736294113,0
gestion_2019-07-12_8,9,none,,basic,docling_easyocr,qwen,7,0,0,0,7,0.0,0.0,0.0,0,,,,,99.746627455,1
gestion_2019-07-12_8,9,none,,basic,docling_rapidocr,qwen,7,5,0,5,7,0.0,0.0,0.0,5,0.22666666666666666,0.2,0.8654483705786257,0.9707722149026499,22.218695049,0
gestion_2019-07-12_8,9,none,,niblack,docling_easyocr,qwen,7,0,0,0,7,0.0,0.0,0.0,0,,,,,67.442788363,1
gestion_2019-07-12_8,9,none,,niblack,docling_rapidocr,qwen,7,0,0,0,7,0.0,0.0,0.0,0,,,,,10.633639574,1
gestion_2019-07-12_8,9,none,,none_color,docling_easyocr,qwen,7,7,0,7,7,0.0,0.0,0.0,5,0.006896551724137931,0.04,0.954202952894416,1.0,99.302174858,0
gestion_2019-07-12_8,9,none,,none_color,docling_rapidocr,qwen,7,7,5,2,2,0.714286,0.714286,0.714286,7,0.898825092558793,1.0,0.2823684898886026,0.3538328418763201,23.628028206,6
gestion_2019-07-12_8,9,none,,none_grayscale,docling_easyocr,qwen,7,6,0,6,7,0.0,0.0,0.0,5,0.0,0.0,1.0,1.0,98.949915295,0
gestion_2019-07-12_8,9,none,,none_grayscale,docling_rapidocr,qwen,7,7,5,2,2,0.714286,0.714286,0.714286,7,0.5261183261183261,0.6761904761904761,0.2034887414195203,0.25575788945354166,24.035624628,6
gestion_2019-07-12_8,9,none,,otsu,docling_easyocr,qwen,7,0,0,0,7,0.0,0.0,0.0,0,,,,,95.979643852,1
gestion_2019-07-12_8,9,none,,otsu,docling_rapidocr,qwen,7,0,0,0,7,0.0,0.0,0.0,0,,,,,20.07355097,6
gestion_2019-07-12_8,10,none,,adaptive_gaussian,docling_easyocr,qwen,7,0,0,0,7,0.0,0.0,0.0,0,,,,,94.935370371,1
gestion_2019-07-12_8,10,none,,adaptive_gaussian,docling_rapidocr,qwen,7,4,0,4,7,0.0,0.0,0.0,4,0.03211206896551724,0.14166666666666666,0.9163916346026766,0.9834498834498835,20.24281995,0
gestion_2019-07-12_8,10,none,,adaptive_mean,docling_easyocr,qwen,7,0,0,0,7,0.0,0.0,0.0,0,,,,,83.472637766,1
gestion_2019-07-12_8,10,none,,adaptive_mean,docling_rapidocr,qwen,7,8,0,8,7,0.0,0.0,0.0,7,0.21154572940287222,0.282312925170068,0.9701343952215032,0.9945054945054945,19.182382935,0
gestion_2019-07-12_8,10,none,,basic,docling_easyocr,qwen,7,8,0,8,7,0.0,0.0,0.0,7,0.022678461841023418,0.14217687074829932,1.0,1.0,99.936588919,0
gestion_2019-07-12_8,10,none,,basic,docling_rapidocr,qwen,7,0,0,0,7,0.0,0.0,0.0,0,,,,,23.203235781,5
gestion_2019-07-12_8,10,none,,niblack,docling_easyocr,qwen,7,0,0,0,7,0.0,0.0,0.0,0,,,,,58.773443947,1
gestion_2019-07-12_8,10,none,,niblack,docling_rapidocr,qwen,7,0,0,0,7,0.0,0.0,0.0,0,,,,,10.398745785,1
gestion_2019-07-12_8,10,none,,none_color,docling_easyocr,qwen,7,0,0,0,7,0.0,0.0,0.0,0,,,,,97.88532115,7
gestion_2019-07-12_8,10,none,,none_color,docling_rapidocr,qwen,7,0,0,0,7,0.0,0.0,0.0,0,,,,,22.183716307,7
gestion_2019-07-12_8,10,none,,none_grayscale,docling_easyocr,qwen,7,6,0,6,7,0.0,0.0,0.0,5,0.1994891443167305,0.24,0.8904766402362965,0.9713303604607952,93.926361881,0
gestion_2019-07-12_8,10,none,,none_grayscale,docling_rapidocr,qwen,7,0,0,0,7,0.0,0.0,0.0,0,,,,,21.321284376,7
gestion_2019-07-12_8,10,none,,otsu,docling_easyocr,qwen,7,0,0,0,7,0.0,0.0,0.0,0,,,,,95.905659903,1
gestion_2019-07-12_8,10,none,,otsu,docling_rapidocr,qwen,7,4,1,3,6,0.25,0.142857,0.181818,4,0.9650745965401137,1.0,0.36420423328724216,0.4952208117968988,22.391006697,0
gestion_2019-07-12_8,11,none,,adaptive_gaussian,docling_easyocr,qwen,7,0,0,0,7,0.0,0.0,0.0,0,,,,,95.889824886,1
gestion_2019-07-12_8,11,none,,adaptive_gaussian,docling_rapidocr,qwen,7,6,0,6,7,0.0,0.0,0.0,6,1.1129644955625346,0.889484126984127,0.8717553862270117,0.9626031778205691,18.353521366,0
gestion_2019-07-12_8,11,none,,adaptive_mean,docling_easyocr,qwen,7,0,0,0,7,0.0,0.0,0.0,0,,,,,93.137485783,1
gestion_2019-07-12_8,11,none,,adaptive_mean,docling_rapidocr,qwen,7,3,0,3,7,0.0,0.0,0.0,3,0.10354808590102708,0.4166666666666667,0.8998303504880397,0.9791733762748255,20.038717072,0
gestion_2019-07-12_8,11,none,,basic,docling_easyocr,qwen,7,5,0,5,7,0.0,0.0,0.0,4,0.017241379310344827,0.05,1.0,1.0,77.496638857,0
gestion_2019-07-12_8,11,none,,basic,docling_rapidocr,qwen,7,3,0,3,7,0.0,0.0,0.0,3,0.3,0.3333333333333333,0.8550908636455561,0.966410481627873,15.347734295,0
gestion_2019-07-12_8,11,none,,niblack,docling_easyocr,qwen,7,0,0,0,7,0.0,0.0,0.0,0,,,,,67.545717415,1
gestion_2019-07-12_8,11,none,,niblack,docling_rapidocr,qwen,7,0,0,0,7,0.0,0.0,0.0,0,,,,,11.816888985,1
gestion_2019-07-12_8,11,none,,none_color,docling_easyocr,qwen,7,6,0,6,7,0.0,0.0,0.0,6,0.04482758620689655,0.061111111111111116,1.0,1.0,97.817298899,0
gestion_2019-07-12_8,11,none,,none_color,docling_rapidocr,qwen,7,0,0,0,7,0.0,0.0,0.0,0,,,,,18.55929018,6
gestion_2019-07-12_8,11,none,,none_grayscale,docling_easyocr,qwen,7,6,0,6,7,0.0,0.0,0.0,6,0.04482758620689655,0.061111111111111116,1.0,1.0,91.488161812,0
gestion_2019-07-12_8,11,none,,none_grayscale,docling_rapidocr,qwen,7,0,0,0,7,0.0,0.0,0.0,0,,,,,22.469474564,6
gestion_2019-07-12_8,11,none,,otsu,docling_easyocr,qwen,7,0,0,0,7,0.0,0.0,0.0,0,,,,,89.636790192,1
gestion_2019-07-12_8,11,none,,otsu,docling_rapidocr,qwen,7,11,0,11,7,0.0,0.0,0.0,7,0.6932531633342993,0.6964285714285714,0.7044028120504028,0.9872518383387948,23.479571735,0
gestion_2019-07-12_8,12,none,,adaptive_gaussian,docling_easyocr,qwen,7,0,0,0,7,0.0,0.0,0.0,0,,,,,120.57187147,1
gestion_2019-07-12_8,12,none,,adaptive_gaussian,docling_rapidocr,qwen,7,4,0,4,7,0.0,0.0,0.0,4,0.4800901168548227,0.5982142857142857,0.8261348610665646,0.9584207459207459,52.629221867,0
gestion_2019-07-12_8,12,none,,adaptive_mean,docling_easyocr,qwen,7,0,0,0,7,0.0,0.0,0.0,0,,,,,128.620854277,1
gestion_2019-07-12_8,12,none,,adaptive_mean,docling_rapidocr,qwen,7,5,0,5,7,0.0,0.0,0.0,5,0.06,0.1,0.870994700976496,0.9367252232469625,51.668061633,0
gestion_2019-07-12_8,12,none,,basic,docling_easyocr,qwen,7,0,0,0,7,0.0,0.0,0.0,0,,,,,112.250320138,6
gestion_2019-07-12_8,12,none,,basic,docling_rapidocr,qwen,7,0,0,0,7,0.0,0.0,0.0,0,,,,,52.005511464,7
gestion_2019-07-12_8,12,none,,niblack,docling_easyocr,qwen,7,0,0,0,7,0.0,0.0,0.0,0,,,,,96.414620456,1
gestion_2019-07-12_8,12,none,,niblack,docling_rapidocr,qwen,7,0,0,0,7,0.0,0.0,0.0,0,,,,,42.463944968,1
gestion_2019-07-12_8,12,none,,none_color,docling_easyocr,qwen,7,0,0,0,7,0.0,0.0,0.0,0,,,,,109.954556977,6
gestion_2019-07-12_8,12,none,,none_color,docling_rapidocr,qwen,7,6,5,1,2,0.833333,0.714286,0.769231,6,0.23518518518518516,0.26666666666666666,0.18035911903190374,0.22727521405057638,53.675794398,0
gestion_2019-07-12_8,12,none,,none_grayscale,docling_easyocr,qwen,7,0,0,0,7,0.0,0.0,0.0,0,,,,,120.387282241,6
gestion_2019-07-12_8,12,none,,none_grayscale,docling_rapidocr,qwen,7,0,0,0,7,0.0,0.0,0.0,0,,,,,53.564085114,6
gestion_2019-07-12_8,12,none,,otsu,docling_easyocr,qwen,7,0,0,0,7,0.0,0.0,0.0,0,,,,,119.243928923,6
gestion_2019-07-12_8,12,none,,otsu,docling_rapidocr,qwen,7,0,0,0,7,0.0,0.0,0.0,0,,,,,53.861349597,7
gestion_2019-07-12_8,13,none,,adaptive_gaussian,docling_easyocr,qwen,7,0,0,0,7,0.0,0.0,0.0,0,,,,,126.468095849,1
gestion_2019-07-12_8,13,none,,adaptive_gaussian,docling_rapidocr,qwen,7,6,0,6,7,0.0,0.0,0.0,6,0.4618553609763887,0.5884920634920635,0.8791133430367938,0.9657737726578306,46.376887868,0
gestion_2019-07-12_8,13,none,,adaptive_mean,docling_easyocr,qwen,7,0,0,0,7,0.0,0.0,0.0,0,,,,,132.392936009,1
gestion_2019-07-12_8,13,none,,adaptive_mean,docling_rapidocr,qwen,7,7,0,7,7,0.0,0.0,0.0,7,0.1912038552794855,0.32193877551020406,0.8619781470667649,0.9334266779918954,50.163425225,0
gestion_2019-07-12_8,13,none,,basic,docling_easyocr,qwen,7,1,1,0,6,1.0,0.142857,0.25,1,0.0,0.0,0.15079365079365079,0.2222222222222222,113.486545789,0
gestion_2019-07-12_8,13,none,,basic,docling_rapidocr,qwen,7,0,0,0,7,0.0,0.0,0.0,0,,,,,53.703737485,6
gestion_2019-07-12_8,13,none,,niblack,docling_easyocr,qwen,7,0,0,0,7,0.0,0.0,0.0,0,,,,,95.918021687,1
gestion_2019-07-12_8,13,none,,niblack,docling_rapidocr,qwen,7,0,0,0,7,0.0,0.0,0.0,0,,,,,41.609715232,1
gestion_2019-07-12_8,13,none,,none_color,docling_easyocr,qwen,7,4,2,2,5,0.5,0.285714,0.363636,4,0.9120305062115407,1.0,1.0997739669083777,1.0444898398702747,119.353294288,0
gestion_2019-07-12_8,13,none,,none_color,docling_rapidocr,qwen,7,0,0,0,7,0.0,0.0,0.0,0,,,,,54.040696774,9
gestion_2019-07-12_8,13,none,,none_grayscale,docling_easyocr,qwen,7,0,0,0,7,0.0,0.0,0.0,0,,,,,119.433928477,6
gestion_2019-07-12_8,13,none,,none_grayscale,docling_rapidocr,qwen,7,0,0,0,7,0.0,0.0,0.0,0,,,,,54.478334891,6
gestion_2019-07-12_8,13,none,,otsu,docling_easyocr,qwen,7,5,1,4,6,0.2,0.142857,0.166667,5,0.9685311240483655,1.0,1.7236038532154965,1.868826672522325,120.265867366,0
gestion_2019-07-12_8,13,none,,otsu,docling_rapidocr,qwen,7,6,4,2,3,0.666667,0.571429,0.615385,6,1.054145242794668,1.038888888888889,0.19848441574278144,0.30251929364248203,53.789418353,0
gestion_2019-07-12_8,14,none,,adaptive_gaussian,docling_easyocr,qwen,7,0,0,0,7,0.0,0.0,0.0,0,,,,,133.310510892,1
gestion_2019-07-12_8,14,none,,adaptive_gaussian,docling_rapidocr,qwen,7,8,0,8,7,0.0,0.0,0.0,7,0.1686651323713045,0.33010204081632655,0.925586564586551,0.9885947385947386,52.425164956,0
gestion_2019-07-12_8,14,none,,adaptive_mean,docling_easyocr,qwen,7,0,0,0,7,0.0,0.0,0.0,0,,,,,123.827101912,1
gestion_2019-07-12_8,14,none,,adaptive_mean,docling_rapidocr,qwen,7,4,0,4,7,0.0,0.0,0.0,4,0.022451221868057567,0.11696428571428572,0.9468909662028127,0.9918478260869565,51.538496222,0
gestion_2019-07-12_8,14,none,,basic,docling_easyocr,qwen,7,4,1,3,6,0.25,0.142857,0.181818,4,0.4910714285714286,0.5,0.816731812080157,0.8745791245791246,128.375257024,0
gestion_2019-07-12_8,14,none,,basic,docling_rapidocr,qwen,7,5,4,1,3,0.8,0.571429,0.666667,5,0.39636363636363636,0.4,0.3596798429639616,0.4310480501784849,54.963304051,0
gestion_2019-07-12_8,14,none,,niblack,docling_easyocr,qwen,7,0,0,0,7,0.0,0.0,0.0,0,,,,,89.580836875,1
gestion_2019-07-12_8,14,none,,niblack,docling_rapidocr,qwen,7,0,0,0,7,0.0,0.0,0.0,0,,,,,41.883681638,1
gestion_2019-07-12_8,14,none,,none_color,docling_easyocr,qwen,7,0,0,0,7,0.0,0.0,0.0,0,,,,,119.978695273,6
gestion_2019-07-12_8,14,none,,none_color,docling_rapidocr,qwen,7,0,0,0,7,0.0,0.0,0.0,0,,,,,51.58460563,6
gestion_2019-07-12_8,14,none,,none_grayscale,docling_easyocr,qwen,7,0,0,0,7,0.0,0.0,0.0,0,,,,,114.726273894,6
gestion_2019-07-12_8,14,none,,none_grayscale,docling_rapidocr,qwen,7,0,0,0,7,0.0,0.0,0.0,0,,,,,50.195487674,6
gestion_2019-07-12_8,14,none,,otsu,docling_easyocr,qwen,7,0,0,0,7,0.0,0.0,0.0,0,,,,,110.666615567,5
gestion_2019-07-12_8,14,none,,otsu,docling_rapidocr,qwen,7,0,0,0,7,0.0,0.0,0.0,0,,,,,53.672939381,5
gestion_2019-07-12_8,15,none,,adaptive_gaussian,docling_easyocr,qwen,7,0,0,0,7,0.0,0.0,0.0,0,,,,,78.684523738,1
gestion_2019-07-12_8,15,none,,adaptive_gaussian,docling_rapidocr,qwen,7,0,0,0,7,0.0,0.0,0.0,0,,,,,10.614093936,1
gestion_2019-07-12_8,15,none,,adaptive_mean,docling_easyocr,qwen,7,0,0,0,7,0.0,0.0,0.0,0,,,,,80.935278996,1
gestion_2019-07-12_8,15,none,,adaptive_mean,docling_rapidocr,qwen,7,0,0,0,7,0.0,0.0,0.0,0,,,,,11.143153056,1
gestion_2019-07-12_8,15,none,,basic,docling_easyocr,qwen,7,0,0,0,7,0.0,0.0,0.0,0,,,,,80.81112645,1
gestion_2019-07-12_8,15,none,,basic,docling_rapidocr,qwen,7,0,0,0,7,0.0,0.0,0.0,0,,,,,22.666965464,5
gestion_2019-07-12_8,15,none,,niblack,docling_easyocr,qwen,7,0,0,0,7,0.0,0.0,0.0,0,,,,,62.075913907,1
gestion_2019-07-12_8,15,none,,niblack,docling_rapidocr,qwen,7,0,0,0,7,0.0,0.0,0.0,0,,,,,11.293086768,1
gestion_2019-07-12_8,15,none,,none_color,docling_easyocr,qwen,7,2,0,2,7,0.0,0.0,0.0,2,0.9291871921182266,1.0,1.2722488453909744,1.4898148148148147,89.002863957,0
gestion_2019-07-12_8,15,none,,none_color,docling_rapidocr,qwen,7,0,0,0,7,0.0,0.0,0.0,0,,,,,19.183895184,6
gestion_2019-07-12_8,15,none,,none_grayscale,docling_easyocr,qwen,7,2,0,2,7,0.0,0.0,0.0,2,0.7684729064039408,0.7857142857142857,1.426812024342102,1.6490740740740741,89.256454375,0
gestion_2019-07-12_8,15,none,,none_grayscale,docling_rapidocr,qwen,7,5,2,3,5,0.4,0.285714,0.333333,5,0.9649168200892339,1.0,0.2707460027826939,0.6302536513406078,22.859967854,0
gestion_2019-07-12_8,15,none,,otsu,docling_easyocr,qwen,7,0,0,0,7,0.0,0.0,0.0,0,,,,,92.164957337,1
gestion_2019-07-12_8,15,none,,otsu,docling_rapidocr,qwen,7,4,1,3,6,0.25,0.142857,0.181818,4,1.388961038961039,1.619047619047619,0.600858987753242,0.7140299314212357,20.251127534,0
gestion_2019-07-12_8,16,none,,adaptive_gaussian,docling_easyocr,qwen,7,0,0,0,7,0.0,0.0,0.0,0,,,,,74.993205106,1
gestion_2019-07-12_8,16,none,,adaptive_gaussian,docling_rapidocr,qwen,7,0,0,0,7,0.0,0.0,0.0,0,,,,,9.89382652,1
gestion_2019-07-12_8,16,none,,adaptive_mean,docling_easyocr,qwen,7,0,0,0,7,0.0,0.0,0.0,0,,,,,75.064962299,1
gestion_2019-07-12_8,16,none,,adaptive_mean,docling_rapidocr,qwen,7,0,0,0,7,0.0,0.0,0.0,0,,,,,10.97622505,1
gestion_2019-07-12_8,16,none,,basic,docling_easyocr,qwen,7,0,0,0,7,0.0,0.0,0.0,0,,,,,92.981366111,1
gestion_2019-07-12_8,16,none,,basic,docling_rapidocr,qwen,7,0,0,0,7,0.0,0.0,0.0,0,,,,,19.898515893,4
gestion_2019-07-12_8,16,none,,niblack,docling_easyocr,qwen,7,0,0,0,7,0.0,0.0,0.0,0,,,,,63.89040763,1
gestion_2019-07-12_8,16,none,,niblack,docling_rapidocr,qwen,7,0,0,0,7,0.0,0.0,0.0,0,,,,,11.333260604,1
gestion_2019-07-12_8,16,none,,none_color,docling_easyocr,qwen,7,2,0,2,7,0.0,0.0,0.0,2,0.9827586206896552,1.0,0.9448990641459261,0.9803030303030302,81.475762725,0
gestion_2019-07-12_8,16,none,,none_color,docling_rapidocr,qwen,7,0,0,0,7,0.0,0.0,0.0,0,,,,,18.764803052,7
gestion_2019-07-12_8,16,none,,none_grayscale,docling_easyocr,qwen,7,4,0,4,7,0.0,0.0,0.0,4,0.8618265993265994,1.0238095238095237,0.6784409468177205,0.8240642208033512,89.382337047,0
gestion_2019-07-12_8,16,none,,none_grayscale,docling_rapidocr,qwen,7,0,0,0,7,0.0,0.0,0.0,0,,,,,22.383802368,7
gestion_2019-07-12_8,16,none,,otsu,docling_easyocr,qwen,7,0,0,0,7,0.0,0.0,0.0,0,,,,,93.305938819,1
gestion_2019-07-12_8,16,none,,otsu,docling_rapidocr,qwen,7,0,0,0,7,0.0,0.0,0.0,0,,,,,22.307944397,5
gestion_2019-07-12_8,17,none,,adaptive_gaussian,docling_easyocr,qwen,7,0,0,0,7,0.0,0.0,0.0,0,,,,,81.625766147,1
gestion_2019-07-12_8,17,none,,adaptive_gaussian,docling_rapidocr,qwen,7,0,0,0,7,0.0,0.0,0.0,0,,,,,11.088917364,1
gestion_2019-07-12_8,17,none,,adaptive_mean,docling_easyocr,qwen,7,0,0,0,7,0.0,0.0,0.0,0,,,,,81.313127979,1
gestion_2019-07-12_8,17,none,,adaptive_mean,docling_rapidocr,qwen,7,0,0,0,7,0.0,0.0,0.0,0,,,,,10.189734443,1
gestion_2019-07-12_8,17,none,,basic,docling_easyocr,qwen,7,0,0,0,7,0.0,0.0,0.0,0,,,,,92.947598007,1
gestion_2019-07-12_8,17,none,,basic,docling_rapidocr,qwen,7,0,0,0,7,0.0,0.0,0.0,0,,,,,22.869452503,6
gestion_2019-07-12_8,17,none,,niblack,docling_easyocr,qwen,7,0,0,0,7,0.0,0.0,0.0,0,,,,,64.353028251,1
gestion_2019-07-12_8,17,none,,niblack,docling_rapidocr,qwen,7,0,0,0,7,0.0,0.0,0.0,0,,,,,11.814479543,1
gestion_2019-07-12_8,17,none,,none_color,docling_easyocr,qwen,7,0,0,0,7,0.0,0.0,0.0,0,,,,,83.035628107,3
gestion_2019-07-12_8,17,none,,none_color,docling_rapidocr,qwen,7,7,3,4,4,0.428571,0.428571,0.428571,5,0.5789562289562289,0.6,0.46376233303117387,0.793582592930419,22.484040525,0
gestion_2019-07-12_8,17,none,,none_grayscale,docling_easyocr,qwen,7,0,0,0,7,0.0,0.0,0.0,0,,,,,89.504473474,3
gestion_2019-07-12_8,17,none,,none_grayscale,docling_rapidocr,qwen,7,7,3,4,4,0.428571,0.428571,0.428571,5,0.5789562289562289,0.6,0.46376233303117387,0.793582592930419,22.230362442,0
gestion_2019-07-12_8,17,none,,otsu,docling_easyocr,qwen,7,0,0,0,7,0.0,0.0,0.0,0,,,,,79.794041971,1
gestion_2019-07-12_8,17,none,,otsu,docling_rapidocr,qwen,7,0,0,0,7,0.0,0.0,0.0,0,,,,,23.051810383,7
gestion_2019-07-12_8,18,none,,adaptive_gaussian,docling_rapidocr,qwen,7,0,0,0,7,0.0,0.0,0.0,0,,,,,10.983030878,1
gestion_2019-07-12_8,18,none,,adaptive_mean,docling_easyocr,qwen,7,0,0,0,7,0.0,0.0,0.0,0,,,,,64.691598445,1
gestion_2019-07-12_8,18,none,,adaptive_mean,docling_rapidocr,qwen,7,0,0,0,7,0.0,0.0,0.0,0,,,,,10.789233715,1
gestion_2019-07-12_8,18,none,,basic,docling_easyocr,qwen,7,0,0,0,7,0.0,0.0,0.0,0,,,,,63.416052175,1
gestion_2019-07-12_8,18,none,,basic,docling_rapidocr,qwen,7,0,0,0,7,0.0,0.0,0.0,0,,,,,11.236674381,1
gestion_2019-07-12_8,18,none,,none_color,docling_easyocr,qwen,7,0,0,0,7,0.0,0.0,0.0,0,,,,,66.058839559,1
gestion_2019-07-12_8,18,none,,none_grayscale,docling_easyocr,qwen,7,0,0,0,7,0.0,0.0,0.0,0,,,,,65.512108087,1
gestion_2019-07-12_8,18,none,,otsu,docling_easyocr,qwen,7,0,0,0,7,0.0,0.0,0.0,0,,,,,64.711521532,1
gestion_2019-07-12_8,18,none,,otsu,docling_rapidocr,qwen,7,0,0,0,7,0.0,0.0,0.0,0,,,,,11.012302305,1
gestion_2019-07-12_8,18,none,,yannihorne,docling_rapidocr,qwen,7,0,0,0,7,0.0,0.0,0.0,0,,,,,12.381782272,1
gestion_2019-07-12_8,19,none,,adaptive_gaussian,docling_easyocr,qwen,7,0,0,0,7,0.0,0.0,0.0,0,,,,,64.12396179,1
gestion_2019-07-12_8,19,none,,adaptive_gaussian,docling_rapidocr,qwen,7,0,0,0,7,0.0,0.0,0.0,0,,,,,11.051661594,1
gestion_2019-07-12_8,19,none,,adaptive_mean,docling_easyocr,qwen,7,0,0,0,7,0.0,0.0,0.0,0,,,,,59.377339963,1
gestion_2019-07-12_8,19,none,,adaptive_mean,docling_rapidocr,qwen,7,0,0,0,7,0.0,0.0,0.0,0,,,,,11.271832351,1
gestion_2019-07-12_8,19,none,,basic,docling_easyocr,qwen,7,0,0,0,7,0.0,0.0,0.0,0,,,,,65.042446064,1
gestion_2019-07-12_8,19,none,,basic,docling_rapidocr,qwen,7,0,0,0,7,0.0,0.0,0.0,0,,,,,11.489073919,1
gestion_2019-07-12_8,19,none,,niblack,docling_easyocr,qwen,7,0,0,0,7,0.0,0.0,0.0,0,,,,,58.628675741,1
gestion_2019-07-12_8,19,none,,otsu,docling_easyocr,qwen,7,0,0,0,7,0.0,0.0,0.0,0,,,,,65.178011179,1
gestion_2019-07-12_8,19,none,,otsu,docling_rapidocr,qwen,7,0,0,0,7,0.0,0.0,0.0,0,,,,,10.173137426,1
gestion_2019-07-12_8,19,none,,yannihorne,docling_rapidocr,qwen,7,0,0,0,7,0.0,0.0,0.0,0,,,,,12.018782854,1
gestion_2019-07-12_8,20,none,,adaptive_gaussian,docling_rapidocr,qwen,7,0,0,0,7,0.0,0.0,0.0,0,,,,,9.68542628,1
gestion_2019-07-12_8,20,none,,adaptive_mean,docling_easyocr,qwen,7,0,0,0,7,0.0,0.0,0.0,0,,,,,61.370977468,1
gestion_2019-07-12_8,20,none,,adaptive_mean,docling_rapidocr,qwen,7,0,0,0,7,0.0,0.0,0.0,0,,,,,11.41172821,1
gestion_2019-07-12_8,20,none,,basic,docling_easyocr,qwen,7,0,0,0,7,0.0,0.0,0.0,0,,,,,56.475407231,1
gestion_2019-07-12_8,20,none,,basic,docling_rapidocr,qwen,7,0,0,0,7,0.0,0.0,0.0,0,,,,,11.969390023,1
gestion_2019-07-12_8,20,none,,none_color,docling_easyocr,qwen,7,0,0,0,7,0.0,0.0,0.0,0,,,,,57.559859311,1
gestion_2019-07-12_8,20,none,,none_grayscale,docling_easyocr,qwen,7,0,0,0,7,0.0,0.0,0.0,0,,,,,67.072718894,1
gestion_2019-07-12_8,20,none,,otsu,docling_easyocr,qwen,7,0,0,0,7,0.0,0.0,0.0,0,,,,,64.470317544,1
gestion_2019-07-12_8,20,none,,otsu,docling_rapidocr,qwen,7,0,0,0,7,0.0,0.0,0.0,0,,,,,9.671237887,1
gestion_2019-07-12_8,20,none,,yannihorne,docling_rapidocr,qwen,7,0,0,0,7,0.0,0.0,0.0,0,,,,,12.345336618,1
gestion_2019-07-12_8,21,none,,adaptive_gaussian,docling_easyocr,qwen,7,0,0,0,7,0.0,0.0,0.0,0,,,,,179.007641601,1
gestion_2019-07-12_8,21,none,,adaptive_gaussian,docling_rapidocr,qwen,7,6,0,6,7,0.0,0.0,0.0,6,0.43320977816413925,0.6013888888888889,0.8545810302517375,0.9755331088664422,104.843676137,0
gestion_2019-07-12_8,21,none,,adaptive_mean,docling_easyocr,qwen,7,0,0,0,7,0.0,0.0,0.0,0,,,,,169.273384162,1
gestion_2019-07-12_8,21,none,,adaptive_mean,docling_rapidocr,qwen,7,6,0,6,7,0.0,0.0,0.0,6,0.21678843719073604,0.39365079365079364,0.9500580720092916,0.9871794871794872,102.043051072,0
gestion_2019-07-12_8,21,none,,basic,docling_easyocr,qwen,7,4,0,4,7,0.0,0.0,0.0,4,0.2833333333333333,0.25,0.9475637324170635,0.9867930982061417,163.834209314,0
gestion_2019-07-12_8,21,none,,basic,docling_rapidocr,qwen,7,6,0,6,7,0.0,0.0,0.0,6,0.15,0.16666666666666666,0.8905864185493201,0.944118441944529,107.527558675,0
gestion_2019-07-12_8,21,none,,niblack,docling_easyocr,qwen,7,0,0,0,7,0.0,0.0,0.0,0,,,,,151.527986253,1
gestion_2019-07-12_8,21,none,,niblack,docling_rapidocr,qwen,7,0,0,0,7,0.0,0.0,0.0,0,,,,,95.725388492,1
gestion_2019-07-12_8,21,none,,none_color,docling_easyocr,qwen,7,7,0,7,7,0.0,0.0,0.0,7,0.3056819662730993,0.3585034013605442,0.8826227094207282,0.9566932262584436,189.7660268,6
gestion_2019-07-12_8,21,none,,none_color,docling_rapidocr,qwen,7,0,0,0,7,0.0,0.0,0.0,0,,,,,106.814377584,7
gestion_2019-07-12_8,21,none,,none_grayscale,docling_easyocr,qwen,7,7,0,7,7,0.0,0.0,0.0,7,0.3056819662730993,0.3585034013605442,0.8826227094207282,0.9566932262584436,185.644922771,0
gestion_2019-07-12_8,21,none,,none_grayscale,docling_rapidocr,qwen,7,0,0,0,7,0.0,0.0,0.0,0,,,,,103.897198476,6
gestion_2019-07-12_8,21,none,,otsu,docling_easyocr,qwen,7,4,0,4,7,0.0,0.0,0.0,4,0.6200284868388317,0.6785714285714286,0.8925593085993283,0.9556616189768363,173.84380025,0
gestion_2019-07-12_8,21,none,,otsu,docling_rapidocr,qwen,7,5,0,5,7,0.0,0.0,0.0,5,0.9564285714285713,1.0,0.6816324044786954,0.8434343434343434,107.198310557,0
gestion_2019-07-12_8,22,none,,adaptive_gaussian,docling_easyocr,qwen,7,0,0,0,7,0.0,0.0,0.0,0,,,,,183.451528203,1
gestion_2019-07-12_8,22,none,,adaptive_gaussian,docling_rapidocr,qwen,7,9,0,9,7,0.0,0.0,0.0,7,0.2592237835573101,0.47602040816326524,0.9698139698139698,0.9935064935064936,103.593964707,0
gestion_2019-07-12_8,22,none,,adaptive_mean,docling_easyocr,qwen,7,0,0,0,7,0.0,0.0,0.0,0,,,,,180.658960494,1
gestion_2019-07-12_8,22,none,,adaptive_mean,docling_rapidocr,qwen,7,0,0,0,7,0.0,0.0,0.0,0,,,,,106.171322497,1
gestion_2019-07-12_8,22,none,,basic,docling_easyocr,qwen,7,7,0,7,7,0.0,0.0,0.0,6,0.02935139573070607,0.05714285714285714,0.9993386243386243,1.0,185.235839322,0
gestion_2019-07-12_8,22,none,,basic,docling_rapidocr,qwen,7,5,0,5,7,0.0,0.0,0.0,5,0.4965079365079365,0.4628571428571429,0.8500489275063761,0.9443104399626139,105.663158849,0
gestion_2019-07-12_8,22,none,,niblack,docling_easyocr,qwen,7,0,0,0,7,0.0,0.0,0.0,0,,,,,151.618518733,1
gestion_2019-07-12_8,22,none,,niblack,docling_rapidocr,qwen,7,0,0,0,7,0.0,0.0,0.0,0,,,,,95.867681646,1
gestion_2019-07-12_8,22,none,,none_color,docling_easyocr,qwen,7,10,0,10,7,0.0,0.0,0.0,7,0.1705723668777856,0.3040816326530612,0.9694274596998332,0.9967532467532468,188.204640748,0
gestion_2019-07-12_8,22,none,,none_color,docling_rapidocr,qwen,7,0,0,0,7,0.0,0.0,0.0,0,,,,,106.947418334,6
gestion_2019-07-12_8,22,none,,none_grayscale,docling_easyocr,qwen,7,10,0,10,7,0.0,0.0,0.0,7,0.1705723668777856,0.3040816326530612,0.9694274596998332,0.9967532467532468,185.029372098,0
gestion_2019-07-12_8,22,none,,none_grayscale,docling_rapidocr,qwen,7,0,0,0,7,0.0,0.0,0.0,0,,,,,106.561733844,6
gestion_2019-07-12_8,22,none,,otsu,docling_easyocr,qwen,7,6,0,6,7,0.0,0.0,0.0,5,0.06600089565606806,0.2657142857142857,1.0,1.0,172.044318942,0
gestion_2019-07-12_8,22,none,,otsu,docling_rapidocr,qwen,7,0,0,0,7,0.0,0.0,0.0,0,,,,,108.012862976,13
gestion_2019-07-12_8,23,none,,adaptive_gaussian,docling_easyocr,qwen,7,0,0,0,7,0.0,0.0,0.0,0,,,,,181.572897273,1
gestion_2019-07-12_8,23,none,,adaptive_gaussian,docling_rapidocr,qwen,7,3,0,3,7,0.0,0.0,0.0,2,0.4912854030501089,0.5625,0.7596302748741773,0.9393162393162393,105.388390857,0
gestion_2019-07-12_8,23,none,,adaptive_mean,docling_easyocr,qwen,7,0,0,0,7,0.0,0.0,0.0,0,,,,,180.583978679,1
gestion_2019-07-12_8,23,none,,adaptive_mean,docling_rapidocr,qwen,7,6,0,6,7,0.0,0.0,0.0,4,0.10949357015533487,0.4241071428571428,1.0,1.0,104.445720698,0
gestion_2019-07-12_8,23,none,,basic,docling_easyocr,qwen,7,4,0,4,7,0.0,0.0,0.0,3,0.09523809523809523,0.19047619047619047,0.975609197927537,0.9938271604938271,170.224889585,0
gestion_2019-07-12_8,23,none,,basic,docling_rapidocr,qwen,7,6,0,6,7,0.0,0.0,0.0,6,0.26423384168482206,0.35555555555555557,0.8840757172165175,0.9535301922983083,106.666361161,0
gestion_2019-07-12_8,23,none,,niblack,docling_easyocr,qwen,7,0,0,0,7,0.0,0.0,0.0,0,,,,,151.152152295,1
gestion_2019-07-12_8,23,none,,niblack,docling_rapidocr,qwen,7,0,0,0,7,0.0,0.0,0.0,0,,,,,94.427281375,1
gestion_2019-07-12_8,23,none,,none_color,docling_easyocr,qwen,7,6,0,6,7,0.0,0.0,0.0,6,0.1813644103873989,0.2611111111111111,0.9654952086858701,0.9924242424242425,185.762301679,0
gestion_2019-07-12_8,23,none,,none_color,docling_rapidocr,qwen,7,0,0,0,7,0.0,0.0,0.0,0,,,,,104.505674596,8
gestion_2019-07-12_8,23,none,,none_grayscale,docling_easyocr,qwen,7,6,0,6,7,0.0,0.0,0.0,6,0.1813644103873989,0.2611111111111111,0.9654952086858701,0.9924242424242425,187.279136891,0
gestion_2019-07-12_8,23,none,,none_grayscale,docling_rapidocr,qwen,7,0,0,0,7,0.0,0.0,0.0,0,,,,,107.322753663,8
gestion_2019-07-12_8,23,none,,otsu,docling_easyocr,qwen,7,4,0,4,7,0.0,0.0,0.0,3,0.8469135802469135,0.7999999999999999,0.8586596599466154,0.9751444207965947,183.843155763,0
gestion_2019-07-12_8,23,none,,otsu,docling_rapidocr,qwen,7,11,0,11,7,0.0,0.0,0.0,6,0.29876543209876544,0.3333333333333333,0.8956104164061838,0.9662846412846413,108.215865991,0
gestion_2019-07-12_8,24,none,,adaptive_gaussian,docling_easyocr,qwen,7,0,0,0,7,0.0,0.0,0.0,0,,,,,94.0155904,1
gestion_2019-07-12_8,24,none,,adaptive_gaussian,docling_rapidocr,qwen,7,8,0,8,7,0.0,0.0,0.0,6,0.02857142857142857,0.05158730158730159,1.0,1.0,18.346242399,0
gestion_2019-07-12_8,24,none,,adaptive_mean,docling_easyocr,qwen,7,0,0,0,7,0.0,0.0,0.0,0,,,,,100.80207769,1
gestion_2019-07-12_8,24,none,,adaptive_mean,docling_rapidocr,qwen,7,6,0,6,7,0.0,0.0,0.0,6,0.04863233172056702,0.1954365079365079,0.9424047012327853,0.9969135802469137,19.848891178,0
gestion_2019-07-12_8,24,none,,basic,docling_easyocr,qwen,7,1,0,1,7,0.0,0.0,0.0,1,0.0,0.0,0.7777777777777778,1.0222222222222221,88.56026145,0
gestion_2019-07-12_8,24,none,,basic,docling_rapidocr,qwen,7,0,0,0,7,0.0,0.0,0.0,0,,,,,22.784439049,7
gestion_2019-07-12_8,24,none,,niblack,docling_easyocr,qwen,7,0,0,0,7,0.0,0.0,0.0,0,,,,,65.391588598,1
gestion_2019-07-12_8,24,none,,niblack,docling_rapidocr,qwen,7,0,0,0,7,0.0,0.0,0.0,0,,,,,10.701031357,1
gestion_2019-07-12_8,24,none,,none_color,docling_easyocr,qwen,7,5,3,2,4,0.6,0.428571,0.5,5,0.9946869350317625,1.0,0.4014286204794951,0.47900222965440353,77.83612829,0
gestion_2019-07-12_8,24,none,,none_color,docling_rapidocr,qwen,7,8,5,3,2,0.625,0.714286,0.666667,7,0.8912744024812991,0.9285714285714286,0.27314755299100335,0.5524434100521057,23.16855603,0
gestion_2019-07-12_8,24,none,,none_grayscale,docling_easyocr,qwen,7,0,0,0,7,0.0,0.0,0.0,0,,,,,81.757600435,7
gestion_2019-07-12_8,24,none,,none_grayscale,docling_rapidocr,qwen,7,0,0,0,7,0.0,0.0,0.0,0,,,,,19.987798103,8
gestion_2019-07-12_8,24,none,,otsu,docling_easyocr,qwen,7,0,0,0,7,0.0,0.0,0.0,0,,,,,89.254223619,5
gestion_2019-07-12_8,24,none,,otsu,docling_rapidocr,qwen,7,0,0,0,7,0.0,0.0,0.0,0,,,,,23.792922769,6
gestion_2019-07-12_8,25,none,,adaptive_gaussian,docling_easyocr,qwen,7,0,0,0,7,0.0,0.0,0.0,0,,,,,85.15557502,1
gestion_2019-07-12_8,25,none,,adaptive_gaussian,docling_rapidocr,qwen,7,7,0,7,7,0.0,0.0,0.0,7,0.22089593064672752,0.40408163265306124,0.975078975078975,0.9978354978354977,18.354119045,0
gestion_2019-07-12_8,25,none,,adaptive_mean,docling_easyocr,qwen,7,0,0,0,7,0.0,0.0,0.0,0,,,,,98.788449384,1
gestion_2019-07-12_8,25,none,,adaptive_mean,docling_rapidocr,qwen,7,0,0,0,7,0.0,0.0,0.0,0,,,,,19.394943334,1
gestion_2019-07-12_8,25,none,,basic,docling_easyocr,qwen,7,3,2,1,5,0.666667,0.285714,0.4,3,0.0,0.0,0.7324959714189351,0.752818035426731,88.1399183,0
gestion_2019-07-12_8,25,none,,basic,docling_rapidocr,qwen,7,0,0,0,7,0.0,0.0,0.0,0,,,,,23.373604748,5
gestion_2019-07-12_8,25,none,,niblack,docling_easyocr,qwen,7,0,0,0,7,0.0,0.0,0.0,0,,,,,64.820609636,1
gestion_2019-07-12_8,25,none,,niblack,docling_rapidocr,qwen,7,0,0,0,7,0.0,0.0,0.0,0,,,,,10.460957594,1
gestion_2019-07-12_8,25,none,,none_color,docling_easyocr,qwen,7,5,1,4,6,0.2,0.142857,0.166667,5,0.9252813852813853,1.0,0.6944831231665779,0.8119703163181423,89.406573362,0
gestion_2019-07-12_8,25,none,,none_color,docling_rapidocr,qwen,7,0,0,0,7,0.0,0.0,0.0,0,,,,,23.062035627,8
gestion_2019-07-12_8,25,none,,none_grayscale,docling_easyocr,qwen,7,6,3,3,4,0.5,0.428571,0.461538,5,0.885187756049825,1.0,0.3448315349204331,0.4559550916072655,88.746548553,0
gestion_2019-07-12_8,25,none,,none_grayscale,docling_rapidocr,qwen,7,7,4,3,3,0.571429,0.571429,0.571429,7,0.6130655292419999,0.6571428571428571,0.29354290866825933,0.3580959700524918,22.991401335,0
gestion_2019-07-12_8,25,none,,otsu,docling_easyocr,qwen,7,1,0,1,7,0.0,0.0,0.0,1,0.9629629629629629,1.0,0.7909407665505227,1.0,88.944549129,0
gestion_2019-07-12_8,25,none,,otsu,docling_rapidocr,qwen,7,0,0,0,7,0.0,0.0,0.0,0,,,,,23.220741556,6
gestion_2019-07-12_8,26,none,,adaptive_gaussian,docling_easyocr,qwen,7,0,0,0,7,0.0,0.0,0.0,0,,,,,93.169216305,1
gestion_2019-07-12_8,26,none,,adaptive_gaussian,docling_rapidocr,qwen,7,6,0,6,7,0.0,0.0,0.0,6,0.08822219587939668,0.24067460317460312,0.9793957792933602,1.0,18.314870506,0
gestion_2019-07-12_8,26,none,,adaptive_mean,docling_easyocr,qwen,7,0,0,0,7,0.0,0.0,0.0,0,,,,,102.228561332,1
gestion_2019-07-12_8,26,none,,adaptive_mean,docling_rapidocr,qwen,7,7,0,7,7,0.0,0.0,0.0,7,0.07155498563061588,0.1301020408163265,0.9016539812508759,0.9515675146109929,20.984806707,0
gestion_2019-07-12_8,26,none,,basic,docling_easyocr,qwen,7,6,3,3,4,0.5,0.428571,0.461538,6,0.35593434343434344,0.47222222222222227,0.6378712677838545,1.007150096280531,88.909745428,0
gestion_2019-07-12_8,26,none,,basic,docling_rapidocr,qwen,7,1,0,1,7,0.0,0.0,0.0,1,0.9666666666666667,1.0,0.8054474708171206,0.9545454545454546,24.073827001,0
gestion_2019-07-12_8,26,none,,niblack,docling_easyocr,qwen,7,0,0,0,7,0.0,0.0,0.0,0,,,,,66.017155237,1
gestion_2019-07-12_8,26,none,,niblack,docling_rapidocr,qwen,7,0,0,0,7,0.0,0.0,0.0,0,,,,,9.475298471,1
gestion_2019-07-12_8,26,none,,none_color,docling_easyocr,qwen,7,0,0,0,7,0.0,0.0,0.0,0,,,,,89.640702387,7
gestion_2019-07-12_8,26,none,,none_color,docling_rapidocr,qwen,7,0,0,0,7,0.0,0.0,0.0,0,,,,,19.723414322,7
gestion_2019-07-12_8,26,none,,none_grayscale,docling_easyocr,qwen,7,0,0,0,7,0.0,0.0,0.0,0,,,,,80.426504036,7
gestion_2019-07-12_8,26,none,,none_grayscale,docling_rapidocr,qwen,7,0,0,0,7,0.0,0.0,0.0,0,,,,,18.744124075,7
gestion_2019-07-12_8,26,none,,otsu,docling_easyocr,qwen,7,7,4,3,3,0.571429,0.571429,0.571429,7,0.3885465297230003,0.42857142857142855,0.6131557241706073,0.7200248624161667,80.32382159,0
gestion_2019-07-12_8,26,none,,otsu,docling_rapidocr,qwen,7,1,0,1,7,0.0,0.0,0.0,1,0.9642857142857143,1.0,0.7439446366782007,0.9444444444444444,23.799249695,0
gestion_2019-07-12_8,27,none,,adaptive_gaussian,docling_easyocr,qwen,7,0,0,0,7,0.0,0.0,0.0,0,,,,,85.791459856,1
gestion_2019-07-12_8,27,none,,adaptive_gaussian,docling_rapidocr,qwen,7,4,0,4,7,0.0,0.0,0.0,4,0.6679886923421406,0.7607142857142857,0.827644912324057,0.9737712267603572,21.4562574,0
gestion_2019-07-12_8,27,none,,adaptive_mean,docling_easyocr,qwen,7,0,0,0,7,0.0,0.0,0.0,0,,,,,95.130069977,1
gestion_2019-07-12_8,27,none,,adaptive_mean,docling_rapidocr,qwen,7,7,0,7,7,0.0,0.0,0.0,7,0.18384353741496598,0.24829931972789115,0.9775359775359777,0.9978354978354977,20.58161903,0
gestion_2019-07-12_8,27,none,,basic,docling_easyocr,qwen,7,5,4,1,3,0.8,0.571429,0.666667,5,0.6021212121212122,0.6,0.4314310559302532,0.5291231152100717,89.494679737,0
gestion_2019-07-12_8,27,none,,basic,docling_rapidocr,qwen,7,0,0,0,7,0.0,0.0,0.0,0,,,,,23.966147947,9
gestion_2019-07-12_8,27,none,,niblack,docling_easyocr,qwen,7,0,0,0,7,0.0,0.0,0.0,0,,,,,67.903471538,1
gestion_2019-07-12_8,27,none,,niblack,docling_rapidocr,qwen,7,0,0,0,7,0.0,0.0,0.0,0,,,,,10.7502969,1
gestion_2019-07-12_8,27,none,,none_color,docling_easyocr,qwen,7,0,0,0,7,0.0,0.0,0.0,0,,,,,90.192107342,5
gestion_2019-07-12_8,27,none,,none_color,docling_rapidocr,qwen,7,9,4,5,3,0.444444,0.571429,0.5,7,0.6857071180962807,0.7142857142857143,0.4113422770014051,0.45412457912457915,22.474741361,0
gestion_2019-07-12_8,27,none,,none_grayscale,docling_easyocr,qwen,7,0,0,0,7,0.0,0.0,0.0,0,,,,,88.346399282,4
gestion_2019-07-12_8,27,none,,none_grayscale,docling_rapidocr,qwen,7,0,0,0,7,0.0,0.0,0.0,0,,,,,18.153730129,6
gestion_2019-07-12_8,27,none,,otsu,docling_easyocr,qwen,7,0,0,0,7,0.0,0.0,0.0,0,,,,,88.636357189,5
gestion_2019-07-12_8,27,none,,otsu,docling_rapidocr,qwen,7,1,1,0,6,1.0,0.142857,0.25,1,0.0,0.0,0.10317460317460317,0.17777777777777778,20.945851446,0
gestion_2019-07-12_8,28,none,,adaptive_gaussian,docling_easyocr,qwen,7,0,0,0,7,0.0,0.0,0.0,0,,,,,90.338315629,1
gestion_2019-07-12_8,28,none,,adaptive_gaussian,docling_rapidocr,qwen,7,1,0,1,7,0.0,0.0,0.0,1,0.07272727272727272,0.14285714285714285,0.9963898916967509,1.0,13.551816129,0
gestion_2019-07-12_8,28,none,,adaptive_mean,docling_easyocr,qwen,7,0,0,0,7,0.0,0.0,0.0,0,,,,,94.694917054,1
gestion_2019-07-12_8,28,none,,adaptive_mean,docling_rapidocr,qwen,7,6,0,6,7,0.0,0.0,0.0,6,0.10972858840505899,0.251984126984127,0.972396878183638,0.9931257014590349,20.66667852,0
gestion_2019-07-12_8,28,none,,basic,docling_easyocr,qwen,7,0,0,0,7,0.0,0.0,0.0,0,,,,,88.161389079,7
gestion_2019-07-12_8,28,none,,basic,docling_rapidocr,qwen,7,0,0,0,7,0.0,0.0,0.0,0,,,,,22.998786893,7
gestion_2019-07-12_8,28,none,,niblack,docling_easyocr,qwen,7,0,0,0,7,0.0,0.0,0.0,0,,,,,65.268917766,1
gestion_2019-07-12_8,28,none,,niblack,docling_rapidocr,qwen,7,0,0,0,7,0.0,0.0,0.0,0,,,,,10.627362457,1
gestion_2019-07-12_8,28,none,,none_color,docling_easyocr,qwen,7,5,2,3,5,0.4,0.285714,0.333333,5,0.9449899653347928,1.0666666666666667,0.5515399776382622,0.6960295260295262,79.347978414,0
gestion_2019-07-12_8,28,none,,none_color,docling_rapidocr,qwen,7,0,0,0,7,0.0,0.0,0.0,0,,,,,22.768031138,8
gestion_2019-07-12_8,28,none,,none_grayscale,docling_easyocr,qwen,7,0,0,0,7,0.0,0.0,0.0,0,,,,,88.580485,6
gestion_2019-07-12_8,28,none,,none_grayscale,docling_rapidocr,qwen,7,0,0,0,7,0.0,0.0,0.0,0,,,,,23.148417844,6
gestion_2019-07-12_8,28,none,,otsu,docling_easyocr,qwen,7,5,2,3,5,0.4,0.285714,0.333333,5,0.3959259259259259,0.4333333333333334,0.7553987335654574,0.9517505039244171,78.247044364,0
gestion_2019-07-12_8,28,none,,otsu,docling_rapidocr,qwen,7,0,0,0,7,0.0,0.0,0.0,0,,,,,22.39953808,8
gestion_2019-07-12_8,29,none,,adaptive_gaussian,docling_easyocr,qwen,7,0,0,0,7,0.0,0.0,0.0,0,,,,,89.689486739,1
gestion_2019-07-12_8,29,none,,adaptive_gaussian,docling_rapidocr,qwen,7,2,0,2,7,0.0,0.0,0.0,2,0.14503042596348886,0.225,0.8673789599521817,0.9847222222222223,21.363026855,0
gestion_2019-07-12_8,29,none,,adaptive_mean,docling_easyocr,qwen,7,0,0,0,7,0.0,0.0,0.0,0,,,,,93.08359291,1
gestion_2019-07-12_8,29,none,,adaptive_mean,docling_rapidocr,qwen,7,7,0,7,7,0.0,0.0,0.0,7,0.41421921258925026,0.5789115646258504,0.9423940086299932,0.9873015873015873,20.327304858,0
gestion_2019-07-12_8,29,none,,basic,docling_easyocr,qwen,7,0,0,0,7,0.0,0.0,0.0,0,,,,,83.350244106,1
gestion_2019-07-12_8,29,none,,basic,docling_rapidocr,qwen,7,0,0,0,7,0.0,0.0,0.0,0,,,,,19.902371467,7
gestion_2019-07-12_8,29,none,,niblack,docling_easyocr,qwen,7,0,0,0,7,0.0,0.0,0.0,0,,,,,67.303084361,1
gestion_2019-07-12_8,29,none,,niblack,docling_rapidocr,qwen,7,0,0,0,7,0.0,0.0,0.0,0,,,,,12.547357785,1
gestion_2019-07-12_8,29,none,,none_color,docling_easyocr,qwen,7,4,3,1,4,0.75,0.428571,0.545455,4,0.0,0.0,0.6005327439975693,0.702682552954292,88.130037534,0
gestion_2019-07-12_8,29,none,,none_color,docling_rapidocr,qwen,7,0,0,0,7,0.0,0.0,0.0,0,,,,,22.891255605,8
gestion_2019-07-12_8,29,none,,none_grayscale,docling_easyocr,qwen,7,4,3,1,4,0.75,0.428571,0.545455,4,0.0,0.0,0.6005327439975693,0.702682552954292,88.410402524,0
gestion_2019-07-12_8,29,none,,none_grayscale,docling_rapidocr,qwen,7,0,0,0,7,0.0,0.0,0.0,0,,,,,22.652560937,8
gestion_2019-07-12_8,29,none,,otsu,docling_easyocr,qwen,7,5,3,2,4,0.6,0.428571,0.5,5,0.773956228956229,0.8,0.5234054837229479,0.6471860184903664,80.238338126,0
gestion_2019-07-12_8,29,none,,otsu,docling_rapidocr,qwen,7,0,0,0,7,0.0,0.0,0.0,0,,,,,18.863341464,7
gestion_2019-07-12_8,30,none,,adaptive_gaussian,docling_easyocr,qwen,7,0,0,0,7,0.0,0.0,0.0,0,,,,,92.827451558,1
gestion_2019-07-12_8,30,none,,adaptive_gaussian,docling_rapidocr,qwen,7,4,0,4,7,0.0,0.0,0.0,4,0.5068766970389689,0.6571428571428571,0.7922781819806877,0.9341168091168092,19.666738839,0
gestion_2019-07-12_8,30,none,,adaptive_mean,docling_easyocr,qwen,7,0,0,0,7,0.0,0.0,0.0,0,,,,,77.896702329,1
gestion_2019-07-12_8,30,none,,adaptive_mean,docling_rapidocr,qwen,7,2,0,2,7,0.0,0.0,0.0,2,0.1340909090909091,0.3214285714285714,0.805650662148857,0.9240777338603425,11.73200492,0
gestion_2019-07-12_8,30,none,,basic,docling_easyocr,qwen,7,6,0,6,7,0.0,0.0,0.0,5,0.05280564263322883,0.1019047619047619,1.0,1.0,101.780609451,0
gestion_2019-07-12_8,30,none,,basic,docling_rapidocr,qwen,7,5,2,3,5,0.4,0.285714,0.333333,5,0.9145648604269294,1.0666666666666667,0.6251424195900095,0.8651528101528102,21.291284166,0
gestion_2019-07-12_8,30,none,,niblack,docling_easyocr,qwen,7,0,0,0,7,0.0,0.0,0.0,0,,,,,72.159783611,1
gestion_2019-07-12_8,30,none,,niblack,docling_rapidocr,qwen,7,0,0,0,7,0.0,0.0,0.0,0,,,,,12.022770175,1
gestion_2019-07-12_8,30,none,,none_color,docling_easyocr,qwen,7,4,3,1,4,0.75,0.428571,0.545455,4,0.24074074074074073,0.25,0.6333843359957968,0.8225566703827574,91.160095701,0
gestion_2019-07-12_8,30,none,,none_color,docling_rapidocr,qwen,7,0,0,0,7,0.0,0.0,0.0,0,,,,,21.933095226,8
gestion_2019-07-12_8,30,none,,none_grayscale,docling_easyocr,qwen,7,1,0,1,7,0.0,0.0,0.0,1,0.7586206896551724,1.0,0.99860529986053,1.2,81.04138907,0
gestion_2019-07-12_8,30,none,,none_grayscale,docling_rapidocr,qwen,7,0,0,0,7,0.0,0.0,0.0,0,,,,,22.921738706,7
gestion_2019-07-12_8,30,none,,otsu,docling_easyocr,qwen,7,0,0,0,7,0.0,0.0,0.0,0,,,,,92.69411062,1
gestion_2019-07-12_8,30,none,,otsu,docling_rapidocr,qwen,7,0,0,0,7,0.0,0.0,0.0,0,,,,,17.606963384,5
gestion_2019-07-12_8,31,none,,adaptive_gaussian,docling_easyocr,qwen,7,0,0,0,7,0.0,0.0,0.0,0,,,,,93.604273917,1
gestion_2019-07-12_8,31,none,,adaptive_gaussian,docling_rapidocr,qwen,7,7,0,7,7,0.0,0.0,0.0,7,0.3598363483324364,0.4443877551020408,0.8795540612106814,0.9686423882076056,18.374521854,0
gestion_2019-07-12_8,31,none,,adaptive_mean,docling_easyocr,qwen,7,0,0,0,7,0.0,0.0,0.0,0,,,,,88.46695907,1
gestion_2019-07-12_8,31,none,,adaptive_mean,docling_rapidocr,qwen,7,7,0,7,7,0.0,0.0,0.0,6,0.426231250656538,0.8857142857142857,0.8509562925021346,0.9636029094362429,16.305553029,0
gestion_2019-07-12_8,31,none,,basic,docling_easyocr,qwen,7,4,0,4,7,0.0,0.0,0.0,4,0.03923160173160173,0.1488095238095238,0.9342706113930113,1.0,97.564718597,0
gestion_2019-07-12_8,31,none,,basic,docling_rapidocr,qwen,7,0,0,0,7,0.0,0.0,0.0,0,,,,,23.312567584,8
gestion_2019-07-12_8,31,none,,niblack,docling_easyocr,qwen,7,0,0,0,7,0.0,0.0,0.0,0,,,,,67.465380107,1
gestion_2019-07-12_8,31,none,,niblack,docling_rapidocr,qwen,7,0,0,0,7,0.0,0.0,0.0,0,,,,,12.55413953,1
gestion_2019-07-12_8,31,none,,none_color,docling_easyocr,qwen,7,0,0,0,7,0.0,0.0,0.0,0,,,,,89.165367809,6
gestion_2019-07-12_8,31,none,,none_color,docling_rapidocr,qwen,7,6,4,2,3,0.666667,0.571429,0.615385,6,0.9242340620214183,1.0,0.2863843658285326,0.3843446542721906,20.064972606,0
gestion_2019-07-12_8,31,none,,none_grayscale,docling_easyocr,qwen,7,0,0,0,7,0.0,0.0,0.0,0,,,,,89.764647523,5
gestion_2019-07-12_8,31,none,,none_grayscale,docling_rapidocr,qwen,7,0,0,0,7,0.0,0.0,0.0,0,,,,,24.161301652,3
gestion_2019-07-12_8,31,none,,otsu,docling_easyocr,qwen,7,3,0,3,7,0.0,0.0,0.0,3,0.33964481415461806,0.4226190476190476,0.7323081864994343,0.9277715842933234,81.478322213,0
gestion_2019-07-12_8,31,none,,otsu,docling_rapidocr,qwen,7,0,0,0,7,0.0,0.0,0.0,0,,,,,21.291963285,4
gestion_2019-07-12_8,32,none,,adaptive_gaussian,docling_easyocr,qwen,7,0,0,0,7,0.0,0.0,0.0,0,,,,,92.862117352,1
gestion_2019-07-12_8,32,none,,adaptive_gaussian,docling_rapidocr,qwen,7,6,0,6,7,0.0,0.0,0.0,6,0.3483957219251337,0.3988095238095238,0.87539572312685,0.9642176127683375,20.544677319,0
gestion_2019-07-12_8,32,none,,adaptive_mean,docling_easyocr,qwen,7,0,0,0,7,0.0,0.0,0.0,0,,,,,83.424815022,1
gestion_2019-07-12_8,32,none,,adaptive_mean,docling_rapidocr,qwen,7,6,0,6,7,0.0,0.0,0.0,6,0.812062477376879,1.1035714285714284,0.8778162944891247,0.9802489780750651,13.264691435,0
gestion_2019-07-12_8,32,none,,basic,docling_easyocr,qwen,7,6,0,6,7,0.0,0.0,0.0,6,0.5096538040503559,0.5841269841269842,0.873688059200489,0.9632240277167813,95.483426934,0
gestion_2019-07-12_8,32,none,,basic,docling_rapidocr,qwen,7,0,0,0,7,0.0,0.0,0.0,0,,,,,23.518596297,1
gestion_2019-07-12_8,32,none,,niblack,docling_easyocr,qwen,7,0,0,0,7,0.0,0.0,0.0,0,,,,,70.678578522,1
gestion_2019-07-12_8,32,none,,niblack,docling_rapidocr,qwen,7,0,0,0,7,0.0,0.0,0.0,0,,,,,11.101095107,1
gestion_2019-07-12_8,32,none,,none_color,docling_easyocr,qwen,7,7,0,7,7,0.0,0.0,0.0,7,0.1164021164021164,0.14285714285714285,0.9681433549029368,0.9972527472527473,90.687751107,0
gestion_2019-07-12_8,32,none,,none_color,docling_rapidocr,qwen,7,6,5,1,2,0.833333,0.714286,0.769231,6,0.3950617283950617,0.43333333333333335,0.2883244984584578,0.29164409798467766,19.290808491,0
gestion_2019-07-12_8,32,none,,none_grayscale,docling_easyocr,qwen,7,7,0,7,7,0.0,0.0,0.0,7,0.13756613756613756,0.14285714285714285,0.8844116810683254,0.9762931512931513,91.159997754,0
gestion_2019-07-12_8,32,none,,none_grayscale,docling_rapidocr,qwen,7,6,5,1,2,0.833333,0.714286,0.769231,6,0.3950617283950617,0.43333333333333335,0.2883244984584578,0.29164409798467766,22.781878285,0
gestion_2019-07-12_8,32,none,,otsu,docling_easyocr,qwen,7,0,0,0,7,0.0,0.0,0.0,0,,,,,84.488057095,1
gestion_2019-07-12_8,32,none,,otsu,docling_rapidocr,qwen,7,0,0,0,7,0.0,0.0,0.0,0,,,,,22.120168883,7
gestion_2019-07-12_8,33,none,,adaptive_gaussian,docling_easyocr,qwen,7,0,0,0,7,0.0,0.0,0.0,0,,,,,93.994044075,1
gestion_2019-07-12_8,33,none,,adaptive_gaussian,docling_rapidocr,qwen,7,5,0,5,7,0.0,0.0,0.0,3,0.14307359307359307,0.4761904761904762,0.8560253982828891,0.9723027375201289,21.364310275,0
gestion_2019-07-12_8,33,none,,adaptive_mean,docling_easyocr,qwen,7,0,0,0,7,0.0,0.0,0.0,0,,,,,81.788331633,1
gestion_2019-07-12_8,33,none,,adaptive_mean,docling_rapidocr,qwen,7,6,0,6,7,0.0,0.0,0.0,6,0.26213524130190796,0.28492063492063496,0.8983701046067917,0.9572224474398388,19.404210453,0
gestion_2019-07-12_8,33,none,,basic,docling_easyocr,qwen,7,2,0,2,7,0.0,0.0,0.0,2,0.0,0.0,0.7254647643752703,0.7851010101010101,96.647885085,0
gestion_2019-07-12_8,33,none,,basic,docling_rapidocr,qwen,7,0,0,0,7,0.0,0.0,0.0,0,,,,,24.004892827,8
gestion_2019-07-12_8,33,none,,niblack,docling_easyocr,qwen,7,0,0,0,7,0.0,0.0,0.0,0,,,,,69.331402012,1
gestion_2019-07-12_8,33,none,,niblack,docling_rapidocr,qwen,7,0,0,0,7,0.0,0.0,0.0,0,,,,,9.969284245,1
gestion_2019-07-12_8,33,none,,none_color,docling_easyocr,qwen,7,0,0,0,7,0.0,0.0,0.0,0,,,,,89.051102255,4
gestion_2019-07-12_8,33,none,,none_color,docling_rapidocr,qwen,7,4,2,2,5,0.5,0.285714,0.363636,4,0.4907407407407407,0.5,0.47945832085942713,0.6029365561974258,23.088746165,0
gestion_2019-07-12_8,33,none,,none_grayscale,docling_easyocr,qwen,7,5,4,1,3,0.8,0.571429,0.666667,5,0.22666666666666666,0.2,0.48382342118738475,0.556231884057971,91.34117906,0
gestion_2019-07-12_8,33,none,,none_grayscale,docling_rapidocr,qwen,7,8,3,5,4,0.375,0.428571,0.4,5,0.0,0.0,0.47335352497728966,0.4973107890499195,19.5543751,0
gestion_2019-07-12_8,33,none,,otsu,docling_easyocr,qwen,7,0,0,0,7,0.0,0.0,0.0,0,,,,,90.699843003,1
gestion_2019-07-12_8,33,none,,otsu,docling_rapidocr,qwen,7,0,0,0,7,0.0,0.0,0.0,0,,,,,21.487392498,6
gestion_2019-07-12_8,34,none,,adaptive_gaussian,docling_easyocr,qwen,7,0,0,0,7,0.0,0.0,0.0,0,,,,,86.496750229,1
gestion_2019-07-12_8,34,none,,adaptive_gaussian,docling_rapidocr,qwen,7,8,0,8,7,0.0,0.0,0.0,7,0.24123739708352865,0.4692176870748299,0.9397000556254902,0.9923160173160174,21.790693158,0
gestion_2019-07-12_8,34,none,,adaptive_mean,docling_easyocr,qwen,7,0,0,0,7,0.0,0.0,0.0,0,,,,,92.803768935,1
gestion_2019-07-12_8,34,none,,adaptive_mean,docling_rapidocr,qwen,7,5,0,5,7,0.0,0.0,0.0,4,0.12156012091356919,0.4095238095238095,0.8382699788955448,0.9801630434782609,20.061546149,0
gestion_2019-07-12_8,34,none,,basic,docling_easyocr,qwen,7,0,0,0,7,0.0,0.0,0.0,0,,,,,87.993603095,5
gestion_2019-07-12_8,34,none,,basic,docling_rapidocr,qwen,7,5,3,2,4,0.6,0.428571,0.5,5,0.788956228956229,0.8,0.40116283884792303,0.47582384604123734,22.688330277,0
gestion_2019-07-12_8,34,none,,niblack,docling_easyocr,qwen,7,0,0,0,7,0.0,0.0,0.0,0,,,,,66.816783719,1
gestion_2019-07-12_8,34,none,,niblack,docling_rapidocr,qwen,7,0,0,0,7,0.0,0.0,0.0,0,,,,,11.57476931,1
gestion_2019-07-12_8,34,none,,none_color,docling_easyocr,qwen,7,4,2,2,5,0.5,0.285714,0.363636,4,0.7722222222222223,0.875,0.2831139119662902,0.33850207763251244,78.591814715,0
gestion_2019-07-12_8,34,none,,none_color,docling_rapidocr,qwen,7,6,4,2,3,0.666667,0.571429,0.615385,6,0.9432816810690374,1.0555555555555556,0.43665776422488173,0.5188262690074285,23.346357304,0
gestion_2019-07-12_8,34,none,,none_grayscale,docling_easyocr,qwen,7,0,0,0,7,0.0,0.0,0.0,0,,,,,87.488480599,4
gestion_2019-07-12_8,34,none,,none_grayscale,docling_rapidocr,qwen,7,0,0,0,7,0.0,0.0,0.0,0,,,,,18.203856738,8
gestion_2019-07-12_8,34,none,,otsu,docling_easyocr,qwen,7,1,0,1,7,0.0,0.0,0.0,1,0.9629629629629629,1.0,0.7247386759581882,1.0,83.100171504,0
gestion_2019-07-12_8,34,none,,otsu,docling_rapidocr,qwen,7,0,0,0,7,0.0,0.0,0.0,0,,,,,22.800956187,7
gestion_2019-07-12_8,35,none,,adaptive_gaussian,docling_easyocr,qwen,7,0,0,0,7,0.0,0.0,0.0,0,,,,,93.020477025,1
gestion_2019-07-12_8,35,none,,adaptive_gaussian,docling_rapidocr,qwen,7,6,0,6,7,0.0,0.0,0.0,6,0.35677125662757847,0.4793650793650794,0.8713084515033837,0.9563893299400547,20.025471417,0
gestion_2019-07-12_8,35,none,,adaptive_mean,docling_easyocr,qwen,7,0,0,0,7,0.0,0.0,0.0,0,,,,,90.576337088,1
gestion_2019-07-12_8,35,none,,adaptive_mean,docling_rapidocr,qwen,7,7,0,7,7,0.0,0.0,0.0,6,0.2368538324420677,0.35019841269841273,0.8547329204281143,0.9520006831601034,15.327736128,0
gestion_2019-07-12_8,35,none,,basic,docling_easyocr,qwen,7,3,1,2,6,0.333333,0.142857,0.2,3,0.023809523809523808,0.047619047619047616,0.6512821069019149,0.6973063973063973,99.84242006,0
gestion_2019-07-12_8,35,none,,basic,docling_rapidocr,qwen,7,0,0,0,7,0.0,0.0,0.0,0,,,,,24.646879393,6
gestion_2019-07-12_8,35,none,,niblack,docling_easyocr,qwen,7,0,0,0,7,0.0,0.0,0.0,0,,,,,62.665298441,1
gestion_2019-07-12_8,35,none,,niblack,docling_rapidocr,qwen,7,0,0,0,7,0.0,0.0,0.0,0,,,,,10.088056067,1
gestion_2019-07-12_8,35,none,,none_color,docling_easyocr,qwen,7,5,3,2,4,0.6,0.428571,0.5,5,0.4113636363636363,0.4,0.6087117424583353,0.6691018884497145,88.428515797,0
gestion_2019-07-12_8,35,none,,none_color,docling_rapidocr,qwen,7,0,0,0,7,0.0,0.0,0.0,0,,,,,23.08049882,7
gestion_2019-07-12_8,35,none,,none_grayscale,docling_easyocr,qwen,7,5,3,2,4,0.6,0.428571,0.5,5,0.4113636363636363,0.4,0.6087117424583353,0.6691018884497145,80.115478878,0
gestion_2019-07-12_8,35,none,,none_grayscale,docling_rapidocr,qwen,7,0,0,0,7,0.0,0.0,0.0,0,,,,,23.291413908,7
gestion_2019-07-12_8,35,none,,otsu,docling_easyocr,qwen,7,0,0,0,7,0.0,0.0,0.0,0,,,,,86.915519268,1
gestion_2019-07-12_8,35,none,,otsu,docling_rapidocr,qwen,7,7,3,4,4,0.428571,0.428571,0.428571,7,0.8026491439487672,0.8571428571428571,0.49612393804171057,0.6021932576280403,22.643825562,0
gestion_2019-07-12_8,36,none,,adaptive_gaussian,docling_easyocr,qwen,7,0,0,0,7,0.0,0.0,0.0,0,,,,,83.534062361,1
gestion_2019-07-12_8,36,none,,adaptive_gaussian,docling_rapidocr,qwen,7,3,0,3,7,0.0,0.0,0.0,3,0.273202614379085,0.375,0.8884572745878566,0.9743156199677939,20.628337121,0
gestion_2019-07-12_8,36,none,,adaptive_mean,docling_easyocr,qwen,7,0,0,0,7,0.0,0.0,0.0,0,,,,,90.758775325,1
gestion_2019-07-12_8,36,none,,adaptive_mean,docling_rapidocr,qwen,7,4,0,4,7,0.0,0.0,0.0,4,0.2,0.25,0.9123346477235947,0.9716878934270239,19.677858443,0
gestion_2019-07-12_8,36,none,,basic,docling_easyocr,qwen,7,3,0,3,7,0.0,0.0,0.0,2,0.07344028520499107,0.20535714285714285,1.0,1.0,101.201854434,0
gestion_2019-07-12_8,36,none,,basic,docling_rapidocr,qwen,7,8,0,8,7,0.0,0.0,0.0,7,0.6710542837824784,0.7142857142857143,0.7525282903652474,0.9276298982820722,24.099728074,0
gestion_2019-07-12_8,36,none,,niblack,docling_easyocr,qwen,7,0,0,0,7,0.0,0.0,0.0,0,,,,,66.661101329,1
gestion_2019-07-12_8,36,none,,niblack,docling_rapidocr,qwen,7,0,0,0,7,0.0,0.0,0.0,0,,,,,11.085853802,1
gestion_2019-07-12_8,36,none,,none_color,docling_easyocr,qwen,7,5,0,5,7,0.0,0.0,0.0,5,0.1716024340770791,0.24,0.9070647685971818,0.9637916511829555,97.089824021,0
gestion_2019-07-12_8,36,none,,none_color,docling_rapidocr,qwen,7,4,1,3,6,0.25,0.142857,0.181818,4,0.9844907407407407,1.0,0.46900284939880815,0.5542977855477855,21.854995072,0
gestion_2019-07-12_8,36,none,,none_grayscale,docling_easyocr,qwen,7,6,0,6,7,0.0,0.0,0.0,6,0.005747126436781609,0.03333333333333333,0.9825783972125436,1.0,95.704425229,0
gestion_2019-07-12_8,36,none,,none_grayscale,docling_rapidocr,qwen,7,0,0,0,7,0.0,0.0,0.0,0,,,,,19.097320157,6
gestion_2019-07-12_8,36,none,,otsu,docling_easyocr,qwen,7,2,0,2,7,0.0,0.0,0.0,1,0.975,1.0,0.7444717444717445,0.9393939393939394,92.146632472,0
gestion_2019-07-12_8,36,none,,otsu,docling_rapidocr,qwen,7,0,0,0,7,0.0,0.0,0.0,0,,,,,21.672482236,10
gestion_2019-07-12_8,37,none,,adaptive_gaussian,docling_easyocr,qwen,7,0,0,0,7,0.0,0.0,0.0,0,,,,,77.10173338,1
gestion_2019-07-12_8,37,none,,adaptive_gaussian,docling_rapidocr,qwen,7,8,0,8,7,0.0,0.0,0.0,7,0.21825617742743214,0.604591836734694,0.9713297083539298,0.9947089947089947,14.635781222,0
gestion_2019-07-12_8,37,none,,adaptive_mean,docling_easyocr,qwen,7,0,0,0,7,0.0,0.0,0.0,0,,,,,85.279487492,1
gestion_2019-07-12_8,37,none,,adaptive_mean,docling_rapidocr,qwen,7,5,0,5,7,0.0,0.0,0.0,5,0.298724216959511,0.7,0.9716164125588336,0.9889328063241105,18.113512875,0
gestion_2019-07-12_8,37,none,,basic,docling_easyocr,qwen,7,4,0,4,7,0.0,0.0,0.0,4,0.2076105886450714,0.33571428571428574,0.9605722696826814,1.0,97.865786,0
gestion_2019-07-12_8,37,none,,basic,docling_rapidocr,qwen,7,0,0,0,7,0.0,0.0,0.0,0,,,,,22.48234026,5
gestion_2019-07-12_8,37,none,,niblack,docling_easyocr,qwen,7,0,0,0,7,0.0,0.0,0.0,0,,,,,66.291328665,1
gestion_2019-07-12_8,37,none,,niblack,docling_rapidocr,qwen,7,0,0,0,7,0.0,0.0,0.0,0,,,,,11.312199113,1
gestion_2019-07-12_8,37,none,,none_color,docling_easyocr,qwen,7,3,0,3,7,0.0,0.0,0.0,3,0.38927203065134103,0.39999999999999997,0.7862942863595554,0.9312911725955204,86.048067826,0
gestion_2019-07-12_8,37,none,,none_color,docling_rapidocr,qwen,7,0,0,0,7,0.0,0.0,0.0,0,,,,,21.851785916,7
gestion_2019-07-12_8,37,none,,none_grayscale,docling_easyocr,qwen,7,6,0,6,7,0.0,0.0,0.0,5,0.16985951468710087,0.24,0.8480310594910241,0.9607264957264958,84.880984397,0
gestion_2019-07-12_8,37,none,,none_grayscale,docling_rapidocr,qwen,7,0,0,0,7,0.0,0.0,0.0,0,,,,,19.111837954,9
gestion_2019-07-12_8,37,none,,otsu,docling_easyocr,qwen,7,4,0,4,7,0.0,0.0,0.0,4,0.29639778325123156,0.3857142857142857,0.7941501493090184,0.9308995754647928,92.4671545,0
gestion_2019-07-12_8,37,none,,otsu,docling_rapidocr,qwen,7,0,0,0,7,0.0,0.0,0.0,0,,,,,21.736985442,1
gestion_2019-07-12_8,38,none,,adaptive_gaussian,docling_easyocr,qwen,7,0,0,0,7,0.0,0.0,0.0,0,,,,,83.960998013,1
gestion_2019-07-12_8,38,none,,adaptive_gaussian,docling_rapidocr,qwen,7,4,0,4,7,0.0,0.0,0.0,4,0.469226750261233,0.5142857142857143,0.8404095852715484,0.9362209046991656,18.342394307,0
gestion_2019-07-12_8,38,none,,adaptive_mean,docling_easyocr,qwen,7,0,0,0,7,0.0,0.0,0.0,0,,,,,94.617790913,1
gestion_2019-07-12_8,38,none,,adaptive_mean,docling_rapidocr,qwen,7,4,0,4,7,0.0,0.0,0.0,3,0.023809523809523808,0.047619047619047616,0.9555448687722302,0.9874261943102524,16.509893632,0
gestion_2019-07-12_8,38,none,,basic,docling_easyocr,qwen,7,6,0,6,7,0.0,0.0,0.0,4,0.137759586593258,0.39464285714285713,1.0,1.0,90.506860751,0
gestion_2019-07-12_8,38,none,,basic,docling_rapidocr,qwen,7,4,0,4,7,0.0,0.0,0.0,4,0.9827380952380953,1.0,0.6682209830769503,0.8066498316498316,23.345280427,0
gestion_2019-07-12_8,38,none,,niblack,docling_easyocr,qwen,7,0,0,0,7,0.0,0.0,0.0,0,,,,,68.688331259,1
gestion_2019-07-12_8,38,none,,niblack,docling_rapidocr,qwen,7,0,0,0,7,0.0,0.0,0.0,0,,,,,11.960001124,1
gestion_2019-07-12_8,38,none,,none_color,docling_easyocr,qwen,7,5,0,5,7,0.0,0.0,0.0,5,0.1994891443167305,0.24,0.8594462363861778,0.9870797720797719,98.431444352,0
gestion_2019-07-12_8,38,none,,none_color,docling_rapidocr,qwen,7,5,4,1,3,0.8,0.571429,0.666667,5,0.18,0.2,0.17588114460680374,0.19456228956228955,21.837912266,0
gestion_2019-07-12_8,38,none,,none_grayscale,docling_easyocr,qwen,7,5,0,5,7,0.0,0.0,0.0,5,0.1994891443167305,0.24,0.8594462363861778,0.9870797720797719,96.229025071,0
gestion_2019-07-12_8,38,none,,none_grayscale,docling_rapidocr,qwen,7,5,4,1,3,0.8,0.571429,0.666667,5,0.18,0.2,0.17588114460680374,0.19456228956228955,18.331753676,0
gestion_2019-07-12_8,38,none,,otsu,docling_easyocr,qwen,7,0,0,0,7,0.0,0.0,0.0,0,,,,,95.518881411,1
gestion_2019-07-12_8,38,none,,otsu,docling_rapidocr,qwen,7,0,0,0,7,0.0,0.0,0.0,0,,,,,21.417815776,8
gestion_2019-07-12_8,39,none,,adaptive_gaussian,docling_easyocr,qwen,7,0,0,0,7,0.0,0.0,0.0,0,,,,,129.246173798,1
gestion_2019-07-12_8,39,none,,adaptive_gaussian,docling_rapidocr,qwen,7,6,0,6,7,0.0,0.0,0.0,6,0.1861634390200989,0.404563492063492,0.9191304885964718,0.9937084520417855,50.160253941,0
gestion_2019-07-12_8,39,none,,adaptive_mean,docling_easyocr,qwen,7,0,0,0,7,0.0,0.0,0.0,0,,,,,125.751619227,1
gestion_2019-07-12_8,39,none,,adaptive_mean,docling_rapidocr,qwen,7,0,0,0,7,0.0,0.0,0.0,0,,,,,48.926455148,6
gestion_2019-07-12_8,39,none,,basic,docling_easyocr,qwen,7,6,4,2,3,0.666667,0.571429,0.615385,6,0.848989898989899,0.8888888888888888,0.4212681700457604,0.4868272092909774,109.738660266,0
gestion_2019-07-12_8,39,none,,basic,docling_rapidocr,qwen,7,5,2,3,5,0.4,0.285714,0.333333,5,1.1240483654276756,1.08,0.3917961091938357,0.4533177933177933,54.136038949,0
gestion_2019-07-12_8,39,none,,niblack,docling_easyocr,qwen,7,0,0,0,7,0.0,0.0,0.0,0,,,,,100.389697575,1
gestion_2019-07-12_8,39,none,,niblack,docling_rapidocr,qwen,7,0,0,0,7,0.0,0.0,0.0,0,,,,,41.728195452,1
gestion_2019-07-12_8,39,none,,none_color,docling_easyocr,qwen,7,4,4,0,3,1.0,0.571429,0.727273,4,0.225,0.3333333333333333,0.3403847688625145,0.40616385426168033,119.345201039,0
gestion_2019-07-12_8,39,none,,none_color,docling_rapidocr,qwen,7,0,0,0,7,0.0,0.0,0.0,0,,,,,53.970479274,9
gestion_2019-07-12_8,39,none,,none_grayscale,docling_easyocr,qwen,7,0,0,0,7,0.0,0.0,0.0,0,,,,,108.128500558,5
gestion_2019-07-12_8,39,none,,none_grayscale,docling_rapidocr,qwen,7,0,0,0,7,0.0,0.0,0.0,0,,,,,53.384487248,6
gestion_2019-07-12_8,39,none,,otsu,docling_easyocr,qwen,7,5,1,4,6,0.2,0.142857,0.166667,5,0.9166450216450217,0.9714285714285715,0.6783375937780275,0.8122439557222165,117.429589036,0
gestion_2019-07-12_8,39,none,,otsu,docling_rapidocr,qwen,7,0,0,0,7,0.0,0.0,0.0,0,,,,,53.677623275,6
gestion_2019-07-12_8,40,none,,adaptive_gaussian,docling_easyocr,qwen,7,0,0,0,7,0.0,0.0,0.0,0,,,,,118.056906194,1
gestion_2019-07-12_8,40,none,,adaptive_gaussian,docling_rapidocr,qwen,7,0,0,0,7,0.0,0.0,0.0,0,,,,,42.210816831,1
gestion_2019-07-12_8,40,none,,adaptive_mean,docling_easyocr,qwen,7,0,0,0,7,0.0,0.0,0.0,0,,,,,116.348900952,1
gestion_2019-07-12_8,40,none,,adaptive_mean,docling_rapidocr,qwen,7,7,0,7,7,0.0,0.0,0.0,7,0.08524298608332222,0.19778911564625848,0.9025078451102605,0.951024820590038,48.749402919,0
gestion_2019-07-12_8,40,none,,basic,docling_easyocr,qwen,7,0,0,0,7,0.0,0.0,0.0,0,,,,,118.614963969,5
gestion_2019-07-12_8,40,none,,basic,docling_rapidocr,qwen,7,7,3,4,4,0.428571,0.428571,0.428571,7,0.7041564100387631,0.7857142857142857,0.6316031565604702,0.7393308784613133,54.248568973,6
gestion_2019-07-12_8,40,none,,niblack,docling_easyocr,qwen,7,0,0,0,7,0.0,0.0,0.0,0,,,,,95.937772826,1
gestion_2019-07-12_8,40,none,,niblack,docling_rapidocr,qwen,7,0,0,0,7,0.0,0.0,0.0,0,,,,,41.729130105,1
gestion_2019-07-12_8,40,none,,none_color,docling_easyocr,qwen,7,6,3,3,4,0.5,0.428571,0.461538,6,0.9603311439518336,1.0555555555555556,0.4833745743031083,0.5867694034360701,118.901533658,5
gestion_2019-07-12_8,40,none,,none_color,docling_rapidocr,qwen,7,0,0,0,7,0.0,0.0,0.0,0,,,,,51.437482888,8
gestion_2019-07-12_8,40,none,,none_grayscale,docling_easyocr,qwen,7,0,0,0,7,0.0,0.0,0.0,0,,,,,119.148255713,6
gestion_2019-07-12_8,40,none,,none_grayscale,docling_rapidocr,qwen,7,6,6,0,1,1.0,0.857143,0.923077,6,0.2814814814814815,0.4238095238095238,0.08245824094611573,0.12889415335067508,53.931798108,0
gestion_2019-07-12_8,40,none,,otsu,docling_easyocr,qwen,7,0,0,0,7,0.0,0.0,0.0,0,,,,,118.203188691,4
gestion_2019-07-12_8,40,none,,otsu,docling_rapidocr,qwen,7,7,4,3,3,0.571429,0.571429,0.571429,5,0.7725925925925925,0.8666666666666666,0.37148113984986686,0.4767935767935768,53.283466849,0
gestion_2019-07-12_8,41,none,,adaptive_gaussian,docling_easyocr,qwen,7,0,0,0,7,0.0,0.0,0.0,0,,,,,129.457715116,1
gestion_2019-07-12_8,41,none,,adaptive_gaussian,docling_rapidocr,qwen,7,4,0,4,7,0.0,0.0,0.0,3,0.0574712643678161,0.06666666666666667,0.9977800126988162,1.0,49.912801824,0
gestion_2019-07-12_8,41,none,,adaptive_mean,docling_easyocr,qwen,7,0,0,0,7,0.0,0.0,0.0,0,,,,,114.399459392,1
gestion_2019-07-12_8,41,none,,adaptive_mean,docling_rapidocr,qwen,7,0,0,0,7,0.0,0.0,0.0,0,,,,,48.399554044,5
gestion_2019-07-12_8,41,none,,basic,docling_easyocr,qwen,7,0,0,0,7,0.0,0.0,0.0,0,,,,,121.618360591,1
gestion_2019-07-12_8,41,none,,basic,docling_rapidocr,qwen,7,5,3,2,4,0.6,0.428571,0.5,5,0.974916820089234,1.0,0.21535346279352258,0.4132069862504645,50.459079337,0
gestion_2019-07-12_8,41,none,,niblack,docling_easyocr,qwen,7,0,0,0,7,0.0,0.0,0.0,0,,,,,97.824633121,1
gestion_2019-07-12_8,41,none,,niblack,docling_rapidocr,qwen,7,0,0,0,7,0.0,0.0,0.0,0,,,,,42.890713214,1
gestion_2019-07-12_8,41,none,,none_color,docling_easyocr,qwen,7,1,0,1,7,0.0,0.0,0.0,1,0.9642857142857143,1.0,0.7750865051903114,0.9629629629629629,109.250647306,0
gestion_2019-07-12_8,41,none,,none_color,docling_rapidocr,qwen,7,0,0,0,7,0.0,0.0,0.0,0,,,,,52.861901282,6
gestion_2019-07-12_8,41,none,,none_grayscale,docling_easyocr,qwen,7,1,0,1,7,0.0,0.0,0.0,1,0.9642857142857143,1.0,0.7750865051903114,0.9629629629629629,120.9725461,0
gestion_2019-07-12_8,41,none,,none_grayscale,docling_rapidocr,qwen,7,0,0,0,7,0.0,0.0,0.0,0,,,,,53.126090049,6
gestion_2019-07-12_8,41,none,,otsu,docling_easyocr,qwen,7,5,3,2,4,0.6,0.428571,0.5,5,0.8379150287770978,1.0,0.46960091340209154,0.5570703692442823,108.048525477,0
gestion_2019-07-12_8,41,none,,otsu,docling_rapidocr,qwen,7,0,0,0,7,0.0,0.0,0.0,0,,,,,50.333616639,8
gestion_2019-07-12_8,42,none,,adaptive_gaussian,docling_easyocr,qwen,7,0,0,0,7,0.0,0.0,0.0,0,,,,,89.339361899,1
gestion_2019-07-12_8,42,none,,adaptive_gaussian,docling_rapidocr,qwen,7,0,0,0,7,0.0,0.0,0.0,0,,,,,11.353517287,1
gestion_2019-07-12_8,42,none,,adaptive_mean,docling_easyocr,qwen,7,0,0,0,7,0.0,0.0,0.0,0,,,,,92.211801948,1
gestion_2019-07-12_8,42,none,,adaptive_mean,docling_rapidocr,qwen,7,0,0,0,7,0.0,0.0,0.0,0,,,,,12.285648049,1
gestion_2019-07-12_8,42,none,,basic,docling_easyocr,qwen,7,0,0,0,7,0.0,0.0,0.0,0,,,,,94.314075454,1
gestion_2019-07-12_8,42,none,,basic,docling_rapidocr,qwen,7,3,2,1,5,0.666667,0.285714,0.4,3,1.8878139633886761,1.9444444444444446,0.3054585420132925,0.38379953379953385,20.578420861,0
gestion_2019-07-12_8,42,none,,niblack,docling_easyocr,qwen,7,0,0,0,7,0.0,0.0,0.0,0,,,,,64.715429809,1
gestion_2019-07-12_8,42,none,,niblack,docling_rapidocr,qwen,7,0,0,0,7,0.0,0.0,0.0,0,,,,,11.231299903,1
gestion_2019-07-12_8,42,none,,none_color,docling_easyocr,qwen,7,1,0,1,7,0.0,0.0,0.0,1,0.9655172413793104,1.0,1.4337517433751743,1.7583333333333333,90.295681315,0
gestion_2019-07-12_8,42,none,,none_color,docling_rapidocr,qwen,7,0,0,0,7,0.0,0.0,0.0,0,,,,,22.758870679,6
gestion_2019-07-12_8,42,none,,none_grayscale,docling_easyocr,qwen,7,0,0,0,7,0.0,0.0,0.0,0,,,,,89.293054969,5
gestion_2019-07-12_8,42,none,,none_grayscale,docling_rapidocr,qwen,7,4,2,2,5,0.5,0.285714,0.363636,4,0.9600253354563699,1.0,0.1663687166983673,0.2562469032577728,22.83266607,0
gestion_2019-07-12_8,42,none,,otsu,docling_easyocr,qwen,7,0,0,0,7,0.0,0.0,0.0,0,,,,,93.529047069,1
gestion_2019-07-12_8,42,none,,otsu,docling_rapidocr,qwen,7,0,0,0,7,0.0,0.0,0.0,0,,,,,21.074635085,6
gestion_2019-07-12_8,43,none,,adaptive_gaussian,docling_easyocr,qwen,7,0,0,0,7,0.0,0.0,0.0,0,,,,,82.058764741,1
gestion_2019-07-12_8,43,none,,adaptive_gaussian,docling_rapidocr,qwen,7,0,0,0,7,0.0,0.0,0.0,0,,,,,9.677631661,1
gestion_2019-07-12_8,43,none,,adaptive_mean,docling_easyocr,qwen,7,0,0,0,7,0.0,0.0,0.0,0,,,,,82.722146504,1
gestion_2019-07-12_8,43,none,,adaptive_mean,docling_rapidocr,qwen,7,0,0,0,7,0.0,0.0,0.0,0,,,,,11.884930127,1
gestion_2019-07-12_8,43,none,,basic,docling_easyocr,qwen,7,0,0,0,7,0.0,0.0,0.0,0,,,,,95.915810859,1
gestion_2019-07-12_8,43,none,,basic,docling_rapidocr,qwen,7,0,0,0,7,0.0,0.0,0.0,0,,,,,12.180511033,1
gestion_2019-07-12_8,43,none,,niblack,docling_easyocr,qwen,7,0,0,0,7,0.0,0.0,0.0,0,,,,,64.562296447,1
gestion_2019-07-12_8,43,none,,niblack,docling_rapidocr,qwen,7,0,0,0,7,0.0,0.0,0.0,0,,,,,11.370338735,1
gestion_2019-07-12_8,43,none,,none_color,docling_easyocr,qwen,7,0,0,0,7,0.0,0.0,0.0,0,,,,,84.947078834,1
gestion_2019-07-12_8,43,none,,none_color,docling_rapidocr,qwen,7,0,0,0,7,0.0,0.0,0.0,0,,,,,22.177598128,5
gestion_2019-07-12_8,43,none,,none_grayscale,docling_easyocr,qwen,7,0,0,0,7,0.0,0.0,0.0,0,,,,,95.523300849,1
gestion_2019-07-12_8,43,none,,none_grayscale,docling_rapidocr,qwen,7,6,4,2,3,0.666667,0.571429,0.615385,6,0.9442059483726152,0.8888888888888888,0.16655121248976817,0.26275956330304157,22.310254537,5
gestion_2019-07-12_8,43,none,,otsu,docling_easyocr,qwen,7,0,0,0,7,0.0,0.0,0.0,0,,,,,96.30963384,1
gestion_2019-07-12_8,43,none,,otsu,docling_rapidocr,qwen,7,3,0,3,7,0.0,0.0,0.0,2,0.6363636363636364,0.8571428571428572,0.8585324623230761,1.0,12.557716716,0
gestion_2019-07-12_8,44,none,,adaptive_gaussian,docling_easyocr,qwen,7,0,0,0,7,0.0,0.0,0.0,0,,,,,88.651214393,1
gestion_2019-07-12_8,44,none,,adaptive_gaussian,docling_rapidocr,qwen,7,0,0,0,7,0.0,0.0,0.0,0,,,,,10.9997063,1
gestion_2019-07-12_8,44,none,,adaptive_mean,docling_easyocr,qwen,7,0,0,0,7,0.0,0.0,0.0,0,,,,,92.890404277,1
gestion_2019-07-12_8,44,none,,adaptive_mean,docling_rapidocr,qwen,7,0,0,0,7,0.0,0.0,0.0,0,,,,,12.318255954,1
gestion_2019-07-12_8,44,none,,basic,docling_easyocr,qwen,7,0,0,0,7,0.0,0.0,0.0,0,,,,,84.785777187,1
gestion_2019-07-12_8,44,none,,basic,docling_rapidocr,qwen,7,6,5,1,2,0.833333,0.714286,0.769231,6,0.968692694191342,1.0722222222222222,0.17804648662896785,0.8063627730294397,18.850813484,0
gestion_2019-07-12_8,44,none,,niblack,docling_easyocr,qwen,7,0,0,0,7,0.0,0.0,0.0,0,,,,,57.205862472,1
gestion_2019-07-12_8,44,none,,niblack,docling_rapidocr,qwen,7,0,0,0,7,0.0,0.0,0.0,0,,,,,11.010492275,1
gestion_2019-07-12_8,44,none,,none_color,docling_easyocr,qwen,7,0,0,0,7,0.0,0.0,0.0,0,,,,,89.94998505,4
gestion_2019-07-12_8,44,none,,none_color,docling_rapidocr,qwen,7,6,4,2,3,0.666667,0.571429,0.615385,6,0.8261363636363637,0.8333333333333334,0.22865811419890125,0.2854441854441854,21.932902358,0
gestion_2019-07-12_8,44,none,,none_grayscale,docling_easyocr,qwen,7,0,0,0,7,0.0,0.0,0.0,0,,,,,90.503413461,4
gestion_2019-07-12_8,44,none,,none_grayscale,docling_rapidocr,qwen,7,0,0,0,7,0.0,0.0,0.0,0,,,,,22.003419183,6
gestion_2019-07-12_8,44,none,,otsu,docling_easyocr,qwen,7,0,0,0,7,0.0,0.0,0.0,0,,,,,93.373147178,1
gestion_2019-07-12_8,44,none,,otsu,docling_rapidocr,qwen,7,0,0,0,7,0.0,0.0,0.0,0,,,,,20.587536741,4
gestion_2019-07-12_8,45,none,,adaptive_gaussian,docling_easyocr,qwen,7,0,0,0,7,0.0,0.0,0.0,0,,,,,64.665958875,1
gestion_2019-07-12_8,45,none,,adaptive_gaussian,docling_rapidocr,qwen,7,0,0,0,7,0.0,0.0,0.0,0,,,,,11.191627973,1
gestion_2019-07-12_8,45,none,,adaptive_mean,docling_easyocr,qwen,7,0,0,0,7,0.0,0.0,0.0,0,,,,,57.538116159,1
gestion_2019-07-12_8,45,none,,adaptive_mean,docling_rapidocr,qwen,7,0,0,0,7,0.0,0.0,0.0,0,,,,,11.29469079,1
gestion_2019-07-12_8,45,none,,basic,docling_easyocr,qwen,7,0,0,0,7,0.0,0.0,0.0,0,,,,,57.959933504,1
gestion_2019-07-12_8,45,none,,basic,docling_rapidocr,qwen,7,0,0,0,7,0.0,0.0,0.0,0,,,,,11.594433053,1
gestion_2019-07-12_8,45,none,,niblack,docling_easyocr,qwen,7,0,0,0,7,0.0,0.0,0.0,0,,,,,56.993935735,1
gestion_2019-07-12_8,45,none,,none_color,docling_easyocr,qwen,7,0,0,0,7,0.0,0.0,0.0,0,,,,,57.896906288,1
gestion_2019-07-12_8,45,none,,none_grayscale,docling_easyocr,qwen,7,0,0,0,7,0.0,0.0,0.0,0,,,,,66.20948282,1
gestion_2019-07-12_8,45,none,,otsu,docling_easyocr,qwen,7,0,0,0,7,0.0,0.0,0.0,0,,,,,64.928534564,1
gestion_2019-07-12_8,45,none,,otsu,docling_rapidocr,qwen,7,0,0,0,7,0.0,0.0,0.0,0,,,,,10.742240724,1
gestion_2019-07-12_8,45,none,,yannihorne,docling_easyocr,qwen,7,0,0,0,7,0.0,0.0,0.0,0,,,,,64.87381948,1
gestion_2019-07-12_8,45,none,,yannihorne,docling_rapidocr,qwen,7,0,0,0,7,0.0,0.0,0.0,0,,,,,11.672518382,1
gestion_2019-07-12_8,46,none,,adaptive_mean,docling_easyocr,qwen,7,0,0,0,7,0.0,0.0,0.0,0,,,,,58.913942829,1
gestion_2019-07-12_8,46,none,,adaptive_mean,docling_rapidocr,qwen,7,0,0,0,7,0.0,0.0,0.0,0,,,,,10.631456151,1
gestion_2019-07-12_8,46,none,,basic,docling_easyocr,qwen,7,0,0,0,7,0.0,0.0,0.0,0,,,,,55.812516103,1
gestion_2019-07-12_8,46,none,,basic,docling_rapidocr,qwen,7,0,0,0,7,0.0,0.0,0.0,0,,,,,10.555462966,1
gestion_2019-07-12_8,46,none,,niblack,docling_easyocr,qwen,7,0,0,0,7,0.0,0.0,0.0,0,,,,,64.906178552,1
gestion_2019-07-12_8,46,none,,otsu,docling_easyocr,qwen,7,0,0,0,7,0.0,0.0,0.0,0,,,,,64.701543056,1
gestion_2019-07-12_8,46,none,,otsu,docling_rapidocr,qwen,7,0,0,0,7,0.0,0.0,0.0,0,,,,,10.897311889,1
gestion_2019-07-12_8,46,none,,yannihorne,docling_easyocr,qwen,7,0,0,0,7,0.0,0.0,0.0,0,,,,,57.355991565,1
gestion_2019-07-12_8,46,none,,yannihorne,docling_rapidocr,qwen,7,0,0,0,7,0.0,0.0,0.0,0,,,,,11.565672599,1
gestion_2019-07-12_8,47,none,,adaptive_gaussian,docling_easyocr,qwen,7,0,0,0,7,0.0,0.0,0.0,0,,,,,64.711506723,1
gestion_2019-07-12_8,47,none,,adaptive_gaussian,docling_rapidocr,qwen,7,0,0,0,7,0.0,0.0,0.0,0,,,,,11.616130231,1
gestion_2019-07-12_8,47,none,,adaptive_mean,docling_easyocr,qwen,7,0,0,0,7,0.0,0.0,0.0,0,,,,,66.037481851,1
gestion_2019-07-12_8,47,none,,adaptive_mean,docling_rapidocr,qwen,7,0,0,0,7,0.0,0.0,0.0,0,,,,,11.382894582,1
gestion_2019-07-12_8,47,none,,basic,docling_easyocr,qwen,7,0,0,0,7,0.0,0.0,0.0,0,,,,,65.551287593,1
gestion_2019-07-12_8,47,none,,basic,docling_rapidocr,qwen,7,0,0,0,7,0.0,0.0,0.0,0,,,,,12.436603012,1
gestion_2019-07-12_8,47,none,,niblack,docling_easyocr,qwen,7,0,0,0,7,0.0,0.0,0.0,0,,,,,65.558236562,1
gestion_2019-07-12_8,47,none,,none_color,docling_easyocr,qwen,7,0,0,0,7,0.0,0.0,0.0,0,,,,,68.272612203,1
gestion_2019-07-12_8,47,none,,none_grayscale,docling_easyocr,qwen,7,0,0,0,7,0.0,0.0,0.0,0,,,,,66.692033876,1
gestion_2019-07-12_8,47,none,,otsu,docling_easyocr,qwen,7,0,0,0,7,0.0,0.0,0.0,0,,,,,64.762741342,1
gestion_2019-07-12_8,47,none,,otsu,docling_rapidocr,qwen,7,0,0,0,7,0.0,0.0,0.0,0,,,,,9.202263847,1
gestion_2019-07-12_8,47,none,,yannihorne,docling_easyocr,qwen,7,0,0,0,7,0.0,0.0,0.0,0,,,,,65.201880708,1
gestion_2019-07-12_8,47,none,,yannihorne,docling_rapidocr,qwen,7,0,0,0,7,0.0,0.0,0.0,0,,,,,11.609851852,1
gestion_2019-07-12_8,48,none,,adaptive_gaussian,docling_easyocr,qwen,7,0,0,0,7,0.0,0.0,0.0,0,,,,,184.909840606,1
gestion_2019-07-12_8,48,none,,adaptive_gaussian,docling_rapidocr,qwen,7,5,0,5,7,0.0,0.0,0.0,4,0.014161220043572984,0.08125,0.9361852051956316,0.9864130434782609,100.112566493,0
gestion_2019-07-12_8,48,none,,adaptive_mean,docling_easyocr,qwen,7,0,0,0,7,0.0,0.0,0.0,0,,,,,177.481974406,1
gestion_2019-07-12_8,48,none,,adaptive_mean,docling_rapidocr,qwen,7,0,0,0,7,0.0,0.0,0.0,0,,,,,102.896711631,4
gestion_2019-07-12_8,48,none,,basic,docling_easyocr,qwen,7,3,0,3,7,0.0,0.0,0.0,3,0.04187013247189042,0.2416666666666667,1.0,1.0,186.385495748,0
gestion_2019-07-12_8,48,none,,basic,docling_rapidocr,qwen,7,0,0,0,7,0.0,0.0,0.0,0,,,,,104.510443057,8
gestion_2019-07-12_8,48,none,,niblack,docling_easyocr,qwen,7,0,0,0,7,0.0,0.0,0.0,0,,,,,151.787232101,1
gestion_2019-07-12_8,48,none,,niblack,docling_rapidocr,qwen,7,0,0,0,7,0.0,0.0,0.0,0,,,,,94.494436204,1
gestion_2019-07-12_8,48,none,,none_color,docling_easyocr,qwen,7,5,0,5,7,0.0,0.0,0.0,5,0.16985951468710087,0.24,0.9777003484320558,1.0,175.320144904,0
gestion_2019-07-12_8,48,none,,none_color,docling_rapidocr,qwen,7,5,2,3,5,0.4,0.285714,0.333333,5,0.0,0.0,0.9518681373589997,0.978743961352657,103.65780927,0
gestion_2019-07-12_8,48,none,,none_grayscale,docling_easyocr,qwen,7,5,0,5,7,0.0,0.0,0.0,5,0.16985951468710087,0.24,0.9777003484320558,1.0,171.221208585,0
gestion_2019-07-12_8,48,none,,none_grayscale,docling_rapidocr,qwen,7,5,2,3,5,0.4,0.285714,0.333333,5,0.0,0.0,0.9518681373589997,0.978743961352657,104.584827913,0
gestion_2019-07-12_8,48,none,,otsu,docling_easyocr,qwen,7,0,0,0,7,0.0,0.0,0.0,0,,,,,181.546885171,1
gestion_2019-07-12_8,48,none,,otsu,docling_rapidocr,qwen,7,1,0,1,7,0.0,0.0,0.0,1,0.975,1.0,0.7272727272727273,0.9393939393939394,105.901876369,0
gestion_2019-07-12_8,49,none,,adaptive_gaussian,docling_easyocr,qwen,7,0,0,0,7,0.0,0.0,0.0,0,,,,,180.973078025,1
gestion_2019-07-12_8,49,none,,adaptive_gaussian,docling_rapidocr,qwen,7,7,0,7,7,0.0,0.0,0.0,7,0.15295936556440756,0.5442176870748299,1.0,1.0,104.108538879,0
gestion_2019-07-12_8,49,none,,adaptive_mean,docling_easyocr,qwen,7,0,0,0,7,0.0,0.0,0.0,0,,,,,176.140486512,1
gestion_2019-07-12_8,49,none,,adaptive_mean,docling_rapidocr,qwen,7,5,0,5,7,0.0,0.0,0.0,5,0.1700099029510794,0.5745238095238097,0.8972451654198869,0.9625053207661903,103.427680764,0
gestion_2019-07-12_8,49,none,,basic,docling_easyocr,qwen,7,6,0,6,7,0.0,0.0,0.0,4,0.270161701044054,0.3883928571428571,0.9785992217898832,0.9943181818181819,172.815545634,0
gestion_2019-07-12_8,49,none,,basic,docling_rapidocr,qwen,7,1,0,1,7,0.0,0.0,0.0,1,0.9642857142857143,1.0,0.7681660899653979,0.9629629629629629,106.149621324,0
gestion_2019-07-12_8,49,none,,niblack,docling_easyocr,qwen,7,0,0,0,7,0.0,0.0,0.0,0,,,,,151.569662906,1
gestion_2019-07-12_8,49,none,,niblack,docling_rapidocr,qwen,7,0,0,0,7,0.0,0.0,0.0,0,,,,,96.052121259,1
gestion_2019-07-12_8,49,none,,none_color,docling_easyocr,qwen,7,7,0,7,7,0.0,0.0,0.0,6,0.16515386486650854,0.22380952380952382,0.9599303135888503,1.0,180.482667211,0
gestion_2019-07-12_8,49,none,,none_color,docling_rapidocr,qwen,7,0,0,0,7,0.0,0.0,0.0,0,,,,,106.801090959,5
gestion_2019-07-12_8,49,none,,none_grayscale,docling_easyocr,qwen,7,7,0,7,7,0.0,0.0,0.0,6,0.16515386486650854,0.22380952380952382,0.9599303135888503,1.0,180.930669788,0
gestion_2019-07-12_8,49,none,,none_grayscale,docling_rapidocr,qwen,7,1,0,1,7,0.0,0.0,0.0,1,0.9629629629629629,1.0,0.7073170731707317,0.9230769230769231,106.687972787,0
gestion_2019-07-12_8,49,none,,otsu,docling_easyocr,qwen,7,1,0,1,7,0.0,0.0,0.0,1,0.01818181818181818,0.14285714285714285,0.9458483754512635,0.9782608695652174,183.17750278,0
gestion_2019-07-12_8,49,none,,otsu,docling_rapidocr,qwen,7,0,0,0,7,0.0,0.0,0.0,0,,,,,105.806781678,3
gestion_2019-07-12_8,50,none,,adaptive_gaussian,docling_easyocr,qwen,7,0,0,0,7,0.0,0.0,0.0,0,,,,,179.379713735,1
gestion_2019-07-12_8,50,none,,adaptive_gaussian,docling_rapidocr,qwen,7,6,0,6,7,0.0,0.0,0.0,6,0.3929500379043989,0.6093253968253968,0.8528564199694215,0.9595380129800418,104.524275979,0
gestion_2019-07-12_8,50,none,,adaptive_mean,docling_easyocr,qwen,7,0,0,0,7,0.0,0.0,0.0,0,,,,,167.931745677,1
gestion_2019-07-12_8,50,none,,adaptive_mean,docling_rapidocr,qwen,7,2,0,2,7,0.0,0.0,0.0,2,0.46078431372549017,0.5,0.7856354936679846,0.9231884057971014,103.725724607,0
gestion_2019-07-12_8,50,none,,basic,docling_easyocr,qwen,7,4,0,4,7,0.0,0.0,0.0,4,0.022781909698745398,0.13125,1.0,1.0,187.751889657,0
gestion_2019-07-12_8,50,none,,basic,docling_rapidocr,qwen,7,0,0,0,7,0.0,0.0,0.0,0,,,,,108.571054649,11
gestion_2019-07-12_8,50,none,,niblack,docling_easyocr,qwen,7,0,0,0,7,0.0,0.0,0.0,0,,,,,152.151910899,1
gestion_2019-07-12_8,50,none,,niblack,docling_rapidocr,qwen,7,0,0,0,7,0.0,0.0,0.0,0,,,,,95.849477647,1
gestion_2019-07-12_8,50,none,,none_color,docling_easyocr,qwen,7,5,0,5,7,0.0,0.0,0.0,5,0.013793103448275862,0.04,1.0,1.0,182.387072204,0
gestion_2019-07-12_8,50,none,,none_color,docling_rapidocr,qwen,7,5,3,2,4,0.6,0.428571,0.5,5,0.37636363636363634,0.4,0.5361468704356317,0.5794158981115503,106.912160037,0
gestion_2019-07-12_8,50,none,,none_grayscale,docling_easyocr,qwen,7,5,0,5,7,0.0,0.0,0.0,5,0.013793103448275862,0.04,1.0,1.0,183.750727771,0
gestion_2019-07-12_8,50,none,,none_grayscale,docling_rapidocr,qwen,7,5,3,2,4,0.6,0.428571,0.5,5,0.37636363636363634,0.4,0.5361468704356317,0.5794158981115503,107.177377818,0
gestion_2019-07-12_8,50,none,,otsu,docling_easyocr,qwen,7,0,0,0,7,0.0,0.0,0.0,0,,,,,183.743892694,1
gestion_2019-07-12_8,50,none,,otsu,docling_rapidocr,qwen,7,0,0,0,7,0.0,0.0,0.0,0,,,,,106.73951962,7
gestion_2019-07-12_8,51,none,,adaptive_gaussian,docling_easyocr,qwen,7,0,0,0,7,0.0,0.0,0.0,0,,,,,89.852724607,1
gestion_2019-07-12_8,51,none,,adaptive_gaussian,docling_rapidocr,qwen,7,6,0,6,7,0.0,0.0,0.0,6,0.06459270170392552,0.2224206349206349,1.0,1.0,13.472989137,0
gestion_2019-07-12_8,51,none,,adaptive_mean,docling_easyocr,qwen,7,0,0,0,7,0.0,0.0,0.0,0,,,,,97.324763301,1
gestion_2019-07-12_8,51,none,,adaptive_mean,docling_rapidocr,qwen,7,5,0,5,7,0.0,0.0,0.0,5,0.07236058059587472,0.11547619047619047,1.0,1.0,20.650167707,0
gestion_2019-07-12_8,51,none,,basic,docling_easyocr,qwen,7,5,2,3,5,0.4,0.285714,0.333333,5,0.7459259259259259,0.8,0.5403950001718691,0.7045894845894847,78.048191116,0
gestion_2019-07-12_8,51,none,,basic,docling_rapidocr,qwen,7,0,0,0,7,0.0,0.0,0.0,0,,,,,21.486989543,7
gestion_2019-07-12_8,51,none,,niblack,docling_easyocr,qwen,7,0,0,0,7,0.0,0.0,0.0,0,,,,,60.80832035,1
gestion_2019-07-12_8,51,none,,niblack,docling_rapidocr,qwen,7,0,0,0,7,0.0,0.0,0.0,0,,,,,11.37034995,1
gestion_2019-07-12_8,51,none,,none_color,docling_easyocr,qwen,7,5,1,4,6,0.2,0.142857,0.166667,5,0.939989965334793,1.0333333333333334,0.7578080354649235,0.9854234654234656,89.159250398,0
gestion_2019-07-12_8,51,none,,none_color,docling_rapidocr,qwen,7,7,5,2,2,0.714286,0.714286,0.714286,7,0.88583807957178,1.0,0.2996819496505059,0.37660616356268534,22.455159803,0
gestion_2019-07-12_8,51,none,,none_grayscale,docling_easyocr,qwen,7,0,0,0,7,0.0,0.0,0.0,0,,,,,88.275171014,6
gestion_2019-07-12_8,51,none,,none_grayscale,docling_rapidocr,qwen,7,1,1,0,6,1.0,0.142857,0.25,1,0.0,0.0,0.047619047619047616,0.1111111111111111,22.96815035,0
gestion_2019-07-12_8,51,none,,otsu,docling_easyocr,qwen,7,1,0,1,7,0.0,0.0,0.0,1,0.9629629629629629,1.0,0.710801393728223,0.9230769230769231,87.581530901,8
gestion_2019-07-12_8,51,none,,otsu,docling_rapidocr,qwen,7,0,0,0,7,0.0,0.0,0.0,0,,,,,23.208616374,8
gestion_2019-07-12_8,52,none,,adaptive_gaussian,docling_easyocr,qwen,7,0,0,0,7,0.0,0.0,0.0,0,,,,,87.640286505,1
gestion_2019-07-12_8,52,none,,adaptive_gaussian,docling_rapidocr,qwen,7,6,0,6,7,0.0,0.0,0.0,6,1.013736807854455,0.9130952380952381,0.9805061453894138,1.0,17.815713942,0
gestion_2019-07-12_8,52,none,,adaptive_mean,docling_easyocr,qwen,7,0,0,0,7,0.0,0.0,0.0,0,,,,,96.323559458,1
gestion_2019-07-12_8,52,none,,adaptive_mean,docling_rapidocr,qwen,7,1,0,1,7,0.0,0.0,0.0,1,0.025,0.16666666666666666,0.8796068796068796,0.9696969696969697,19.63020199,0
gestion_2019-07-12_8,52,none,,basic,docling_easyocr,qwen,7,0,0,0,7,0.0,0.0,0.0,0,,,,,89.554127671,1
gestion_2019-07-12_8,52,none,,basic,docling_rapidocr,qwen,7,0,0,0,7,0.0,0.0,0.0,0,,,,,17.885487772,6
gestion_2019-07-12_8,52,none,,niblack,docling_easyocr,qwen,7,0,0,0,7,0.0,0.0,0.0,0,,,,,64.661493351,1
gestion_2019-07-12_8,52,none,,niblack,docling_rapidocr,qwen,7,0,0,0,7,0.0,0.0,0.0,0,,,,,11.084271242,1
gestion_2019-07-12_8,52,none,,none_color,docling_easyocr,qwen,7,0,0,0,7,0.0,0.0,0.0,0,,,,,80.698238993,6
gestion_2019-07-12_8,52,none,,none_color,docling_rapidocr,qwen,7,5,2,3,5,0.4,0.285714,0.333333,5,0.9183906387354662,1.0666666666666667,0.47476100508892766,0.5593474882605317,23.063237572,0
gestion_2019-07-12_8,52,none,,none_grayscale,docling_easyocr,qwen,7,0,0,0,7,0.0,0.0,0.0,0,,,,,79.75939963,5
gestion_2019-07-12_8,52,none,,none_grayscale,docling_rapidocr,qwen,7,7,6,1,1,0.857143,0.857143,0.857143,7,0.1285714285714286,0.19047619047619047,0.46227376354973365,0.49631367022671363,22.941453434,0
gestion_2019-07-12_8,52,none,,otsu,docling_easyocr,qwen,7,0,0,0,7,0.0,0.0,0.0,0,,,,,91.556557062,1
gestion_2019-07-12_8,52,none,,otsu,docling_rapidocr,qwen,7,8,4,4,3,0.5,0.571429,0.533333,6,0.32716049382716045,0.3333333333333333,0.4354203137938922,0.46350231223419636,19.680334929,0
gestion_2019-07-12_8,53,none,,adaptive_gaussian,docling_easyocr,qwen,7,0,0,0,7,0.0,0.0,0.0,0,,,,,95.665355814,1
gestion_2019-07-12_8,53,none,,adaptive_gaussian,docling_rapidocr,qwen,7,4,0,4,7,0.0,0.0,0.0,4,0.10191726377071204,0.3678571428571428,0.8872149029916174,0.9748417142438882,16.173650635,0
gestion_2019-07-12_8,53,none,,adaptive_mean,docling_easyocr,qwen,7,0,0,0,7,0.0,0.0,0.0,0,,,,,95.329583176,1
gestion_2019-07-12_8,53,none,,adaptive_mean,docling_rapidocr,qwen,7,6,0,6,7,0.0,0.0,0.0,6,0.05757162321563943,0.2982142857142857,1.0,1.0,20.365168579,0
gestion_2019-07-12_8,53,none,,basic,docling_easyocr,qwen,7,4,3,1,4,0.75,0.428571,0.545455,4,0.4954545454545455,0.5,0.36911063471282113,0.47132648953301126,88.748462012,0
gestion_2019-07-12_8,53,none,,basic,docling_rapidocr,qwen,7,0,0,0,7,0.0,0.0,0.0,0,,,,,19.062619498,7
gestion_2019-07-12_8,53,none,,niblack,docling_easyocr,qwen,7,0,0,0,7,0.0,0.0,0.0,0,,,,,65.231593224,1
gestion_2019-07-12_8,53,none,,niblack,docling_rapidocr,qwen,7,0,0,0,7,0.0,0.0,0.0,0,,,,,10.587510439,1
gestion_2019-07-12_8,53,none,,none_color,docling_easyocr,qwen,7,0,0,0,7,0.0,0.0,0.0,0,,,,,78.933792092,6
gestion_2019-07-12_8,53,none,,none_color,docling_rapidocr,qwen,7,0,0,0,7,0.0,0.0,0.0,0,,,,,18.380048968,6
gestion_2019-07-12_8,53,none,,none_grayscale,docling_easyocr,qwen,7,0,0,0,7,0.0,0.0,0.0,0,,,,,88.715337015,6
gestion_2019-07-12_8,53,none,,none_grayscale,docling_rapidocr,qwen,7,0,0,0,7,0.0,0.0,0.0,0,,,,,18.892803885,6
gestion_2019-07-12_8,53,none,,otsu,docling_easyocr,qwen,7,0,0,0,7,0.0,0.0,0.0,0,,,,,88.962143782,6
gestion_2019-07-12_8,53,none,,otsu,docling_rapidocr,qwen,7,1,1,0,6,1.0,0.142857,0.25,1,0.0,0.0,0.051587301587301584,0.08888888888888889,22.118630532,0
gestion_2021-08-23_1,0,none,,adaptive_gaussian,docling_easyocr,qwen,9,0,0,0,9,0.0,0.0,0.0,0,,,,,45.956921356,1
gestion_2021-08-23_1,0,none,,adaptive_gaussian,docling_rapidocr,qwen,9,0,0,0,9,0.0,0.0,0.0,0,,,,,11.648876923,1
gestion_2021-08-23_1,0,none,,adaptive_mean,docling_easyocr,qwen,9,0,0,0,9,0.0,0.0,0.0,0,,,,,41.930068199,1
gestion_2021-08-23_1,0,none,,adaptive_mean,docling_rapidocr,qwen,9,0,0,0,9,0.0,0.0,0.0,0,,,,,11.022917931,1
gestion_2021-08-23_1,0,none,,basic,docling_easyocr,qwen,9,4,3,1,6,0.75,0.333333,0.461538,4,0.7220958192296631,0.925,0.2324561403508772,0.25,51.403456488,0
gestion_2021-08-23_1,0,none,,basic,docling_rapidocr,qwen,9,7,1,6,8,0.142857,0.111111,0.125,6,0.017878406423298063,0.14027777777777775,0.775932755104804,0.980396917896918,17.283314505,0
gestion_2021-08-23_1,0,none,,niblack,docling_easyocr,qwen,9,0,0,0,9,0.0,0.0,0.0,0,,,,,39.95476175,1
gestion_2021-08-23_1,0,none,,niblack,docling_rapidocr,qwen,9,0,0,0,9,0.0,0.0,0.0,0,,,,,10.85289169,1
gestion_2021-08-23_1,0,none,,none_color,docling_easyocr,qwen,9,6,2,4,7,0.333333,0.222222,0.266667,6,0.3129705154666455,0.5083333333333333,0.6224847270740551,0.6503739316239316,52.682905474,0
gestion_2021-08-23_1,0,none,,none_color,docling_rapidocr,qwen,9,11,4,7,5,0.363636,0.444444,0.4,5,0.0,0.0,0.3739346190043314,0.43684926184926187,16.993481913,0
gestion_2021-08-23_1,0,none,,none_grayscale,docling_easyocr,qwen,9,5,4,1,5,0.8,0.444444,0.571429,5,0.6611948153320963,0.9199999999999999,0.19578947368421054,0.19583333333333333,48.009693423,0
gestion_2021-08-23_1,0,none,,none_grayscale,docling_rapidocr,qwen,9,0,0,0,9,0.0,0.0,0.0,0,,,,,16.538041392,11
gestion_2021-08-23_1,0,none,,otsu,docling_easyocr,qwen,9,5,4,1,5,0.8,0.444444,0.571429,5,0.6338660172400731,0.8833333333333334,0.2,0.2,47.599943749,0
gestion_2021-08-23_1,0,none,,otsu,docling_rapidocr,qwen,9,0,0,0,9,0.0,0.0,0.0,0,,,,,16.861544958,7
gestion_2021-08-23_1,1,none,,adaptive_gaussian,docling_easyocr,qwen,9,0,0,0,9,0.0,0.0,0.0,0,,,,,49.952235716,1
gestion_2021-08-23_1,1,none,,adaptive_gaussian,docling_rapidocr,qwen,9,0,0,0,9,0.0,0.0,0.0,0,,,,,14.439293164,1
gestion_2021-08-23_1,1,none,,adaptive_mean,docling_easyocr,qwen,9,0,0,0,9,0.0,0.0,0.0,0,,,,,50.046996134,1
gestion_2021-08-23_1,1,none,,adaptive_mean,docling_rapidocr,qwen,9,0,0,0,9,0.0,0.0,0.0,0,,,,,13.802297133,1
gestion_2021-08-23_1,1,none,,basic,docling_easyocr,qwen,9,7,4,3,5,0.571429,0.444444,0.5,7,0.43442263101967876,0.6233766233766234,0.42857142857142855,0.42857142857142855,53.409798495,0
gestion_2021-08-23_1,1,none,,basic,docling_rapidocr,qwen,9,0,0,0,9,0.0,0.0,0.0,0,,,,,13.958485237,4
gestion_2021-08-23_1,1,none,,niblack,docling_easyocr,qwen,9,0,0,0,9,0.0,0.0,0.0,0,,,,,39.531658634,1
gestion_2021-08-23_1,1,none,,niblack,docling_rapidocr,qwen,9,0,0,0,9,0.0,0.0,0.0,0,,,,,10.158283695,1
gestion_2021-08-23_1,1,none,,none_color,docling_easyocr,qwen,9,0,0,0,9,0.0,0.0,0.0,0,,,,,47.865439287,0
gestion_2021-08-23_1,1,none,,none_color,docling_rapidocr,qwen,9,9,4,5,5,0.444444,0.444444,0.444444,5,0.0,0.0,0.32208175746358736,0.3553224553224553,17.12567865,0
gestion_2021-08-23_1,1,none,,none_grayscale,docling_easyocr,qwen,9,6,4,2,5,0.666667,0.444444,0.533333,6,0.5338308681627482,0.7291666666666666,0.3333333333333333,0.3333333333333333,54.012957922,0
gestion_2021-08-23_1,1,none,,none_grayscale,docling_rapidocr,qwen,9,13,5,8,4,0.384615,0.555556,0.454545,6,0.14583333333333334,0.16666666666666666,0.4715927390227937,0.4647274022274022,17.6193813,0
gestion_2021-08-23_1,1,none,,otsu,docling_easyocr,qwen,9,6,4,2,5,0.666667,0.444444,0.533333,6,0.554312116026675,0.7833333333333333,0.3333333333333333,0.3333333333333333,53.302617972,0
gestion_2021-08-23_1,1,none,,otsu,docling_rapidocr,qwen,9,5,3,2,6,0.6,0.333333,0.428571,5,0.010989010989010988,0.06666666666666667,0.6535038089748758,0.8173756798756798,17.244217818,0
gestion_2021-08-23_1,2,none,,adaptive_gaussian,docling_easyocr,qwen,9,0,0,0,9,0.0,0.0,0.0,0,,,,,43.704626756,1
gestion_2021-08-23_1,2,none,,adaptive_gaussian,docling_rapidocr,qwen,9,0,0,0,9,0.0,0.0,0.0,0,,,,,12.269193846,1
gestion_2021-08-23_1,2,none,,adaptive_mean,docling_easyocr,qwen,9,0,0,0,9,0.0,0.0,0.0,0,,,,,41.805490452,1
gestion_2021-08-23_1,2,none,,adaptive_mean,docling_rapidocr,qwen,9,0,0,0,9,0.0,0.0,0.0,0,,,,,11.420798975,1
gestion_2021-08-23_1,2,none,,basic,docling_easyocr,qwen,9,1,1,0,8,1.0,0.111111,0.2,1,0.7368421052631579,1.0,0.0,0.0,45.284185699,0
gestion_2021-08-23_1,2,none,,basic,docling_rapidocr,qwen,9,2,0,2,9,0.0,0.0,0.0,2,0.03296703296703297,0.06666666666666667,0.8772337821297429,0.9791666666666667,12.847692302,0
gestion_2021-08-23_1,2,none,,niblack,docling_easyocr,qwen,9,0,0,0,9,0.0,0.0,0.0,0,,,,,34.680096334,1
gestion_2021-08-23_1,2,none,,niblack,docling_rapidocr,qwen,9,1,0,1,9,0.0,0.0,0.0,1,0.17307692307692307,0.9,1.0,1.0,11.061043686,0
gestion_2021-08-23_1,2,none,,none_color,docling_easyocr,qwen,9,5,4,1,5,0.8,0.444444,0.571429,5,0.6380326839067398,0.85,0.2,0.2,48.946226171,0
gestion_2021-08-23_1,2,none,,none_color,docling_rapidocr,qwen,9,0,0,0,9,0.0,0.0,0.0,0,,,,,18.222860864,8
gestion_2021-08-23_1,2,none,,none_grayscale,docling_easyocr,qwen,9,5,4,1,5,0.8,0.444444,0.571429,5,0.6380326839067398,0.85,0.2,0.2,47.819080881,0
gestion_2021-08-23_1,2,none,,none_grayscale,docling_rapidocr,qwen,9,0,0,0,9,0.0,0.0,0.0,0,,,,,17.420493892,8
gestion_2021-08-23_1,2,none,,otsu,docling_easyocr,qwen,9,0,0,0,9,0.0,0.0,0.0,0,,,,,50.135113052,1
gestion_2021-08-23_1,2,none,,otsu,docling_rapidocr,qwen,9,0,0,0,9,0.0,0.0,0.0,0,,,,,16.497138313,6
gestion_2021-08-23_1,3,none,,adaptive_gaussian,docling_easyocr,qwen,9,0,0,0,9,0.0,0.0,0.0,0,,,,,35.452822571,1
gestion_2021-08-23_1,3,none,,adaptive_gaussian,docling_rapidocr,qwen,9,0,0,0,9,0.0,0.0,0.0,0,,,,,11.286751394,1
gestion_2021-08-23_1,3,none,,adaptive_mean,docling_easyocr,qwen,9,0,0,0,9,0.0,0.0,0.0,0,,,,,40.175046806,1
gestion_2021-08-23_1,3,none,,adaptive_mean,docling_rapidocr,qwen,9,0,0,0,9,0.0,0.0,0.0,0,,,,,10.954154615,1
gestion_2021-08-23_1,3,none,,basic,docling_easyocr,qwen,9,0,0,0,9,0.0,0.0,0.0,0,,,,,42.300632456,1
gestion_2021-08-23_1,3,none,,basic,docling_rapidocr,qwen,9,1,0,1,9,0.0,0.0,0.0,1,0.0,0.0,0.7333333333333333,0.9791666666666666,10.445125797,0
gestion_2021-08-23_1,3,none,,niblack,docling_easyocr,qwen,9,0,0,0,9,0.0,0.0,0.0,0,,,,,34.452385755,1
gestion_2021-08-23_1,3,none,,niblack,docling_rapidocr,qwen,9,0,0,0,9,0.0,0.0,0.0,0,,,,,11.151351066,1
gestion_2021-08-23_1,3,none,,none_color,docling_easyocr,qwen,9,2,2,0,7,1.0,0.222222,0.363636,2,0.7121081392004602,1.0,0.0,0.0,43.587681511,0
gestion_2021-08-23_1,3,none,,none_color,docling_rapidocr,qwen,9,0,0,0,9,0.0,0.0,0.0,0,,,,,16.320257643,5
gestion_2021-08-23_1,3,none,,none_grayscale,docling_easyocr,qwen,9,2,2,0,7,1.0,0.222222,0.363636,2,0.7612884670693126,1.0,0.0,0.0,38.23586891,0
gestion_2021-08-23_1,3,none,,none_grayscale,docling_rapidocr,qwen,9,0,0,0,9,0.0,0.0,0.0,0,,,,,14.792335489,4
gestion_2021-08-23_1,3,none,,otsu,docling_easyocr,qwen,9,0,0,0,9,0.0,0.0,0.0,0,,,,,46.04401379,1
gestion_2021-08-23_1,3,none,,otsu,docling_rapidocr,qwen,9,2,0,2,9,0.0,0.0,0.0,2,0.12637362637362637,0.36666666666666664,0.9416972664218686,1.0,13.348051122,0
gestion_2021-08-23_1,4,none,,adaptive_gaussian,docling_easyocr,qwen,9,0,0,0,9,0.0,0.0,0.0,0,,,,,41.631895738,1
gestion_2021-08-23_1,4,none,,adaptive_gaussian,docling_rapidocr,qwen,9,1,1,0,8,1.0,0.111111,0.2,1,0.7017543859649122,0.9,0.0,0.0,11.113675314,0
gestion_2021-08-23_1,4,none,,adaptive_mean,docling_easyocr,qwen,9,0,0,0,9,0.0,0.0,0.0,0,,,,,37.198877531,1
gestion_2021-08-23_1,4,none,,adaptive_mean,docling_rapidocr,qwen,9,1,0,1,9,0.0,0.0,0.0,1,0.0,0.0,0.9333333333333333,1.0,10.07100864,0
gestion_2021-08-23_1,4,none,,basic,docling_easyocr,qwen,9,0,0,0,9,0.0,0.0,0.0,0,,,,,45.480471662,1
gestion_2021-08-23_1,4,none,,basic,docling_rapidocr,qwen,9,0,0,0,9,0.0,0.0,0.0,0,,,,,11.168980173,1
gestion_2021-08-23_1,4,none,,niblack,docling_easyocr,qwen,9,0,0,0,9,0.0,0.0,0.0,0,,,,,39.213587375,1
gestion_2021-08-23_1,4,none,,niblack,docling_rapidocr,qwen,9,1,0,1,9,0.0,0.0,0.0,1,0.25,0.2,1.0,1.0,10.848837467,0
gestion_2021-08-23_1,4,none,,none_color,docling_easyocr,qwen,9,4,4,0,5,1.0,0.444444,0.615385,4,0.8003381694614297,1.0,0.0,0.0,42.951677612,0
gestion_2021-08-23_1,4,none,,none_color,docling_rapidocr,qwen,9,6,1,5,8,0.166667,0.111111,0.133333,6,0.052268680751652884,0.18055555555555555,0.6991963337020577,0.8632397694897694,16.074061922,0
gestion_2021-08-23_1,4,none,,none_grayscale,docling_easyocr,qwen,9,0,0,0,9,0.0,0.0,0.0,0,,,,,41.197869829,1
gestion_2021-08-23_1,4,none,,none_grayscale,docling_rapidocr,qwen,9,6,1,5,8,0.166667,0.111111,0.133333,6,0.08481005847008168,0.2722222222222222,0.6892126226626551,0.8527259777259778,15.026109747,0
gestion_2021-08-23_1,4,none,,otsu,docling_easyocr,qwen,9,0,0,0,9,0.0,0.0,0.0,0,,,,,51.038399582,1
gestion_2021-08-23_1,4,none,,otsu,docling_rapidocr,qwen,9,0,0,0,9,0.0,0.0,0.0,0,,,,,14.607909565,1
gestion_2021-08-23_1,5,none,,adaptive_gaussian,docling_easyocr,qwen,9,0,0,0,9,0.0,0.0,0.0,0,,,,,41.126569944,1
gestion_2021-08-23_1,5,none,,adaptive_gaussian,docling_rapidocr,qwen,9,0,0,0,9,0.0,0.0,0.0,0,,,,,11.110212284,1
gestion_2021-08-23_1,5,none,,adaptive_mean,docling_easyocr,qwen,9,0,0,0,9,0.0,0.0,0.0,0,,,,,39.939779001,1
gestion_2021-08-23_1,5,none,,adaptive_mean,docling_rapidocr,qwen,9,0,0,0,9,0.0,0.0,0.0,0,,,,,10.608635145,1
gestion_2021-08-23_1,5,none,,basic,docling_easyocr,qwen,9,0,0,0,9,0.0,0.0,0.0,0,,,,,44.011175684,1
gestion_2021-08-23_1,5,none,,basic,docling_rapidocr,qwen,9,1,0,1,9,0.0,0.0,0.0,1,0.0,0.0,0.7789473684210526,0.9583333333333334,11.539889864,0
gestion_2021-08-23_1,5,none,,niblack,docling_easyocr,qwen,9,0,0,0,9,0.0,0.0,0.0,0,,,,,40.367466945,1
gestion_2021-08-23_1,5,none,,niblack,docling_rapidocr,qwen,9,0,0,0,9,0.0,0.0,0.0,0,,,,,10.537518759,1
gestion_2021-08-23_1,5,none,,none_color,docling_easyocr,qwen,9,2,2,0,7,1.0,0.222222,0.363636,2,0.7285015818234111,1.0,0.0,0.0,38.433372072,0
gestion_2021-08-23_1,5,none,,none_color,docling_rapidocr,qwen,9,3,1,2,8,0.333333,0.111111,0.166667,3,0.296875,0.39999999999999997,0.5390363294205947,0.6987179487179488,14.386090092,0
gestion_2021-08-23_1,5,none,,none_grayscale,docling_easyocr,qwen,9,2,2,0,7,1.0,0.222222,0.363636,2,0.7285015818234111,1.0,0.0,0.0,44.325522236,0
gestion_2021-08-23_1,5,none,,none_grayscale,docling_rapidocr,qwen,9,3,1,2,8,0.333333,0.111111,0.166667,3,0.296875,0.39999999999999997,0.5390363294205947,0.6987179487179488,12.96201878,0
gestion_2021-08-23_1,5,none,,otsu,docling_easyocr,qwen,9,0,0,0,9,0.0,0.0,0.0,0,,,,,44.680673174,1
gestion_2021-08-23_1,5,none,,otsu,docling_rapidocr,qwen,9,3,1,2,8,0.333333,0.111111,0.166667,3,0.5702614379084968,0.8194444444444443,0.6269005847953216,0.6666666666666666,11.528010181,0
gestion_2021-08-23_1,6,none,,adaptive_gaussian,docling_easyocr,qwen,9,0,0,0,9,0.0,0.0,0.0,0,,,,,40.890452534,1
gestion_2021-08-23_1,6,none,,adaptive_gaussian,docling_rapidocr,qwen,9,0,0,0,9,0.0,0.0,0.0,0,,,,,9.911744505,1
gestion_2021-08-23_1,6,none,,adaptive_mean,docling_easyocr,qwen,9,0,0,0,9,0.0,0.0,0.0,0,,,,,35.548665434,1
gestion_2021-08-23_1,6,none,,adaptive_mean,docling_rapidocr,qwen,9,1,1,0,8,1.0,0.111111,0.2,1,0.7017543859649122,0.9,0.0,0.0,9.750059039,0
gestion_2021-08-23_1,6,none,,basic,docling_easyocr,qwen,9,0,0,0,9,0.0,0.0,0.0,0,,,,,45.128724579,1
gestion_2021-08-23_1,6,none,,basic,docling_rapidocr,qwen,9,0,0,0,9,0.0,0.0,0.0,0,,,,,12.601256613,1
gestion_2021-08-23_1,6,none,,niblack,docling_easyocr,qwen,9,0,0,0,9,0.0,0.0,0.0,0,,,,,39.800917597,1
gestion_2021-08-23_1,6,none,,niblack,docling_rapidocr,qwen,9,0,0,0,9,0.0,0.0,0.0,0,,,,,8.775223942,1
gestion_2021-08-23_1,6,none,,none_color,docling_easyocr,qwen,9,3,0,3,9,0.0,0.0,0.0,3,0.3059752747252747,0.5888888888888889,0.8907261105547519,0.965099715099715,48.766662364,0
gestion_2021-08-23_1,6,none,,none_color,docling_rapidocr,qwen,9,0,0,0,9,0.0,0.0,0.0,0,,,,,15.085961108,5
gestion_2021-08-23_1,6,none,,none_grayscale,docling_easyocr,qwen,9,3,1,2,8,0.333333,0.111111,0.166667,3,0.3872863247863248,0.5333333333333333,0.5608718766613503,0.6597222222222222,48.454809908,0
gestion_2021-08-23_1,6,none,,none_grayscale,docling_rapidocr,qwen,9,0,0,0,9,0.0,0.0,0.0,0,,,,,14.196241247,6
gestion_2021-08-23_1,6,none,,otsu,docling_easyocr,qwen,9,3,3,0,6,1.0,0.333333,0.5,3,0.7951898188093183,1.0,0.0,0.0,46.901884871,0
gestion_2021-08-23_1,6,none,,otsu,docling_rapidocr,qwen,9,0,0,0,9,0.0,0.0,0.0,0,,,,,14.713634806,1
gestion_2021-08-23_1,7,none,,adaptive_gaussian,docling_easyocr,qwen,9,0,0,0,9,0.0,0.0,0.0,0,,,,,42.707745297,1
gestion_2021-08-23_1,7,none,,adaptive_gaussian,docling_rapidocr,qwen,9,0,0,0,9,0.0,0.0,0.0,0,,,,,10.796798689,1
gestion_2021-08-23_1,7,none,,adaptive_mean,docling_easyocr,qwen,9,0,0,0,9,0.0,0.0,0.0,0,,,,,41.624004824,1
gestion_2021-08-23_1,7,none,,adaptive_mean,docling_rapidocr,qwen,9,1,0,1,9,0.0,0.0,0.0,1,0.0,0.0,0.9403508771929825,1.0,10.824535592,0
gestion_2021-08-23_1,7,none,,basic,docling_easyocr,qwen,9,1,1,0,8,1.0,0.111111,0.2,1,0.7368421052631579,1.0,0.0,0.0,39.717485743,0
gestion_2021-08-23_1,7,none,,basic,docling_rapidocr,qwen,9,2,0,2,9,0.0,0.0,0.0,2,0.19230769230769232,0.16666666666666666,0.8720114239086088,1.0,12.081876832,0
gestion_2021-08-23_1,7,none,,niblack,docling_easyocr,qwen,9,0,0,0,9,0.0,0.0,0.0,0,,,,,39.048842309,1
gestion_2021-08-23_1,7,none,,niblack,docling_rapidocr,qwen,9,0,0,0,9,0.0,0.0,0.0,0,,,,,10.20640981,1
gestion_2021-08-23_1,7,none,,none_color,docling_easyocr,qwen,9,5,4,1,5,0.8,0.444444,0.571429,5,0.6524082167285641,0.82,0.2,0.2,51.98586114,0
gestion_2021-08-23_1,7,none,,none_color,docling_rapidocr,qwen,9,0,0,0,9,0.0,0.0,0.0,0,,,,,14.217171746,11
gestion_2021-08-23_1,7,none,,none_grayscale,docling_easyocr,qwen,9,5,4,1,5,0.8,0.444444,0.571429,5,0.6283140138300134,0.82,0.2,0.2,48.365147191,0
gestion_2021-08-23_1,7,none,,none_grayscale,docling_rapidocr,qwen,9,0,0,0,9,0.0,0.0,0.0,0,,,,,16.236624079,5
gestion_2021-08-23_1,7,none,,otsu,docling_easyocr,qwen,9,0,0,0,9,0.0,0.0,0.0,0,,,,,48.880467326,1
gestion_2021-08-23_1,7,none,,otsu,docling_rapidocr,qwen,9,6,4,2,5,0.666667,0.444444,0.533333,6,0.6051398058879677,0.6666666666666666,0.274056536959469,0.31677350427350426,12.796854407,0
gestion_2021-08-23_1,8,none,,adaptive_gaussian,docling_easyocr,qwen,9,0,0,0,9,0.0,0.0,0.0,0,,,,,41.185011609,1
gestion_2021-08-23_1,8,none,,adaptive_gaussian,docling_rapidocr,qwen,9,0,0,0,9,0.0,0.0,0.0,0,,,,,10.116438849,1
gestion_2021-08-23_1,8,none,,adaptive_mean,docling_easyocr,qwen,9,0,0,0,9,0.0,0.0,0.0,0,,,,,40.959497912,1
gestion_2021-08-23_1,8,none,,adaptive_mean,docling_rapidocr,qwen,9,1,0,1,9,0.0,0.0,0.0,1,0.0,0.0,0.8947368421052632,1.0,9.918739541,0
gestion_2021-08-23_1,8,none,,basic,docling_easyocr,qwen,9,0,0,0,9,0.0,0.0,0.0,0,,,,,44.612633305,1
gestion_2021-08-23_1,8,none,,basic,docling_rapidocr,qwen,9,0,0,0,9,0.0,0.0,0.0,0,,,,,12.159571248,1
gestion_2021-08-23_1,8,none,,niblack,docling_easyocr,qwen,9,0,0,0,9,0.0,0.0,0.0,0,,,,,37.359314175,1
gestion_2021-08-23_1,8,none,,niblack,docling_rapidocr,qwen,9,0,0,0,9,0.0,0.0,0.0,0,,,,,9.575754614,1
gestion_2021-08-23_1,8,none,,none_color,docling_easyocr,qwen,9,4,2,2,7,0.5,0.222222,0.307692,4,0.42451079622132254,0.65,0.45311004784688996,0.49479166666666663,46.57665022,0
gestion_2021-08-23_1,8,none,,none_color,docling_rapidocr,qwen,9,5,4,1,5,0.8,0.444444,0.571429,5,0.6579717702612252,0.86,0.2,0.2,13.496011811,0
gestion_2021-08-23_1,8,none,,none_grayscale,docling_easyocr,qwen,9,4,2,2,7,0.5,0.222222,0.307692,4,0.42451079622132254,0.65,0.45311004784688996,0.49479166666666663,42.287277775,0
gestion_2021-08-23_1,8,none,,none_grayscale,docling_rapidocr,qwen,9,5,4,1,5,0.8,0.444444,0.571429,5,0.6579717702612252,0.86,0.2,0.2,12.078558283,0
gestion_2021-08-23_1,8,none,,otsu,docling_easyocr,qwen,9,0,0,0,9,0.0,0.0,0.0,0,,,,,45.2180682,1
gestion_2021-08-23_1,8,none,,otsu,docling_rapidocr,qwen,9,3,2,1,7,0.666667,0.222222,0.333333,3,0.527046783625731,0.7444444444444445,0.2596491228070175,0.3194444444444445,11.569211321,0
gestion_2021-08-23_1,9,none,,adaptive_gaussian,docling_easyocr,qwen,9,0,0,0,9,0.0,0.0,0.0,0,,,,,37.91265486,1
gestion_2021-08-23_1,9,none,,adaptive_gaussian,docling_rapidocr,qwen,9,0,0,0,9,0.0,0.0,0.0,0,,,,,10.903178914,1
gestion_2021-08-23_1,9,none,,adaptive_mean,docling_easyocr,qwen,9,0,0,0,9,0.0,0.0,0.0,0,,,,,41.156577021,1
gestion_2021-08-23_1,9,none,,adaptive_mean,docling_rapidocr,qwen,9,0,0,0,9,0.0,0.0,0.0,0,,,,,9.505541236,1
gestion_2021-08-23_1,9,none,,basic,docling_easyocr,qwen,9,0,0,0,9,0.0,0.0,0.0,0,,,,,40.163305287,1
gestion_2021-08-23_1,9,none,,basic,docling_rapidocr,qwen,9,0,0,0,9,0.0,0.0,0.0,0,,,,,11.281963114,1
gestion_2021-08-23_1,9,none,,niblack,docling_easyocr,qwen,9,0,0,0,9,0.0,0.0,0.0,0,,,,,39.262659833,1
gestion_2021-08-23_1,9,none,,niblack,docling_rapidocr,qwen,9,0,0,0,9,0.0,0.0,0.0,0,,,,,9.483852669,1
gestion_2021-08-23_1,9,none,,none_color,docling_easyocr,qwen,9,2,1,1,8,0.5,0.111111,0.181818,2,0.3909205548549811,0.85,0.4982456140350877,0.5,46.732357745,0
gestion_2021-08-23_1,9,none,,none_color,docling_rapidocr,qwen,9,5,3,2,6,0.6,0.333333,0.428571,5,0.5714373022720736,0.7300000000000001,0.3041024707096461,0.3875,15.019772296,0
gestion_2021-08-23_1,9,none,,none_grayscale,docling_easyocr,qwen,9,2,2,0,7,1.0,0.222222,0.363636,2,0.7208800690250216,1.0,0.0,0.0,47.771679406,0
gestion_2021-08-23_1,9,none,,none_grayscale,docling_rapidocr,qwen,9,0,0,0,9,0.0,0.0,0.0,0,,,,,15.606483225,5
gestion_2021-08-23_1,9,none,,otsu,docling_easyocr,qwen,9,0,0,0,9,0.0,0.0,0.0,0,,,,,45.453945475,1
gestion_2021-08-23_1,9,none,,otsu,docling_rapidocr,qwen,9,0,0,0,9,0.0,0.0,0.0,0,,,,,12.129309493,1
gestion_2021-08-23_1,10,none,,adaptive_gaussian,docling_easyocr,qwen,9,0,0,0,9,0.0,0.0,0.0,0,,,,,40.826257076,1
gestion_2021-08-23_1,10,none,,adaptive_gaussian,docling_rapidocr,qwen,9,0,0,0,9,0.0,0.0,0.0,0,,,,,13.451003875,1
gestion_2021-08-23_1,10,none,,adaptive_mean,docling_easyocr,qwen,9,0,0,0,9,0.0,0.0,0.0,0,,,,,46.302768554,1
gestion_2021-08-23_1,10,none,,adaptive_mean,docling_rapidocr,qwen,9,0,0,0,9,0.0,0.0,0.0,0,,,,,12.732178535,1
gestion_2021-08-23_1,10,none,,basic,docling_easyocr,qwen,9,0,0,0,9,0.0,0.0,0.0,0,,,,,49.256261051,1
gestion_2021-08-23_1,10,none,,basic,docling_rapidocr,qwen,9,2,0,2,9,0.0,0.0,0.0,2,0.296875,0.45,0.7988835725677831,0.9895833333333333,14.496661842,0
gestion_2021-08-23_1,10,none,,niblack,docling_easyocr,qwen,9,0,0,0,9,0.0,0.0,0.0,0,,,,,39.198871759,1
gestion_2021-08-23_1,10,none,,niblack,docling_rapidocr,qwen,9,0,0,0,9,0.0,0.0,0.0,0,,,,,10.483484653,1
gestion_2021-08-23_1,10,none,,none_color,docling_easyocr,qwen,9,0,0,0,9,0.0,0.0,0.0,0,,,,,50.279130161,1
gestion_2021-08-23_1,10,none,,none_color,docling_rapidocr,qwen,9,5,3,2,6,0.6,0.333333,0.428571,5,0.5705493241299971,0.7466666666666667,0.3090536028652947,0.3791666666666667,16.871943176,0
gestion_2021-08-23_1,10,none,,none_grayscale,docling_easyocr,qwen,9,0,0,0,9,0.0,0.0,0.0,0,,,,,50.57116741,1
gestion_2021-08-23_1,10,none,,none_grayscale,docling_rapidocr,qwen,9,4,0,4,9,0.0,0.0,0.0,4,0.01098901098901099,0.016666666666666666,0.8082317977819814,0.9608585858585859,16.069136799,0
gestion_2021-08-23_1,10,none,,otsu,docling_easyocr,qwen,9,2,2,0,7,1.0,0.222222,0.363636,2,0.7864538395168248,1.0,0.0,0.0,47.384396328,0
gestion_2021-08-23_1,10,none,,otsu,docling_rapidocr,qwen,9,0,0,0,9,0.0,0.0,0.0,0,,,,,17.561742319,1
gestion_2021-08-23_1,11,none,,adaptive_gaussian,docling_easyocr,qwen,9,0,0,0,9,0.0,0.0,0.0,0,,,,,38.362419452,1
gestion_2021-08-23_1,11,none,,adaptive_gaussian,docling_rapidocr,qwen,9,0,0,0,9,0.0,0.0,0.0,0,,,,,10.621369447,1
gestion_2021-08-23_1,11,none,,adaptive_mean,docling_easyocr,qwen,9,0,0,0,9,0.0,0.0,0.0,0,,,,,42.082414951,1
gestion_2021-08-23_1,11,none,,adaptive_mean,docling_rapidocr,qwen,9,0,0,0,9,0.0,0.0,0.0,0,,,,,9.76142725,1
gestion_2021-08-23_1,11,none,,basic,docling_easyocr,qwen,9,0,0,0,9,0.0,0.0,0.0,0,,,,,44.671862066,1
gestion_2021-08-23_1,11,none,,basic,docling_rapidocr,qwen,9,1,0,1,9,0.0,0.0,0.0,1,0.0,0.0,0.9017543859649123,1.0,11.676696718,0
gestion_2021-08-23_1,11,none,,niblack,docling_easyocr,qwen,9,0,0,0,9,0.0,0.0,0.0,0,,,,,39.32602413,1
gestion_2021-08-23_1,11,none,,niblack,docling_rapidocr,qwen,9,0,0,0,9,0.0,0.0,0.0,0,,,,,8.188664034,1
gestion_2021-08-23_1,11,none,,none_color,docling_easyocr,qwen,9,2,2,0,7,1.0,0.222222,0.363636,2,0.7208800690250216,1.0,0.0,0.0,45.876962126,0
gestion_2021-08-23_1,11,none,,none_color,docling_rapidocr,qwen,9,5,0,5,9,0.0,0.0,0.0,5,0.008791208791208791,0.10666666666666666,0.7880069956231794,0.9864316239316239,14.954209268,0
gestion_2021-08-23_1,11,none,,none_grayscale,docling_easyocr,qwen,9,2,2,0,7,1.0,0.222222,0.363636,2,0.7208800690250216,1.0,0.0,0.0,45.394543112,0
gestion_2021-08-23_1,11,none,,none_grayscale,docling_rapidocr,qwen,9,5,0,5,9,0.0,0.0,0.0,5,0.008791208791208791,0.10666666666666666,0.7880069956231794,0.9864316239316239,15.31948179,0
gestion_2021-08-23_1,11,none,,otsu,docling_easyocr,qwen,9,0,0,0,9,0.0,0.0,0.0,0,,,,,40.507502735,1
gestion_2021-08-23_1,11,none,,otsu,docling_rapidocr,qwen,9,0,0,0,9,0.0,0.0,0.0,0,,,,,11.279317081,1
gestion_2021-08-23_1,12,none,,adaptive_gaussian,docling_easyocr,qwen,9,0,0,0,9,0.0,0.0,0.0,0,,,,,50.996645393,1
gestion_2021-08-23_1,12,none,,adaptive_gaussian,docling_rapidocr,qwen,9,0,0,0,9,0.0,0.0,0.0,0,,,,,16.089195432,1
gestion_2021-08-23_1,12,none,,adaptive_mean,docling_easyocr,qwen,9,0,0,0,9,0.0,0.0,0.0,0,,,,,42.476576271,1
gestion_2021-08-23_1,12,none,,adaptive_mean,docling_rapidocr,qwen,9,0,0,0,9,0.0,0.0,0.0,0,,,,,15.403778972,1
gestion_2021-08-23_1,12,none,,basic,docling_easyocr,qwen,9,6,4,2,5,0.666667,0.444444,0.533333,6,0.5916359258851243,0.7959595959595959,0.33157894736842103,0.3333333333333333,52.891602791,0
gestion_2021-08-23_1,12,none,,basic,docling_rapidocr,qwen,9,6,4,2,5,0.666667,0.444444,0.533333,6,0.6989938800731932,0.7237373737373738,0.3011695906432748,0.3333333333333333,18.702393329,0
gestion_2021-08-23_1,12,none,,niblack,docling_easyocr,qwen,9,0,0,0,9,0.0,0.0,0.0,0,,,,,45.113643007,1
gestion_2021-08-23_1,12,none,,niblack,docling_rapidocr,qwen,9,0,0,0,9,0.0,0.0,0.0,0,,,,,14.555238323,1
gestion_2021-08-23_1,12,none,,none_color,docling_easyocr,qwen,9,6,1,5,8,0.166667,0.111111,0.133333,6,0.22807135674782733,0.49583333333333335,0.7281944519844911,0.8835470085470085,52.402706659,0
gestion_2021-08-23_1,12,none,,none_color,docling_rapidocr,qwen,9,0,0,0,9,0.0,0.0,0.0,0,,,,,22.113213575,11
gestion_2021-08-23_1,12,none,,none_grayscale,docling_easyocr,qwen,9,6,4,2,5,0.666667,0.444444,0.533333,6,0.5630415872567531,0.7291666666666666,0.3333333333333333,0.3333333333333333,59.081460512,0
gestion_2021-08-23_1,12,none,,none_grayscale,docling_rapidocr,qwen,9,0,0,0,9,0.0,0.0,0.0,0,,,,,21.616206354,11
gestion_2021-08-23_1,12,none,,otsu,docling_easyocr,qwen,9,6,4,2,5,0.666667,0.444444,0.533333,6,0.5733043396028948,0.8416666666666667,0.3333333333333333,0.3333333333333333,61.86961018,0
gestion_2021-08-23_1,12,none,,otsu,docling_rapidocr,qwen,9,7,3,4,6,0.428571,0.333333,0.375,7,0.2936721927770245,0.32857142857142857,0.49085506704792803,0.552031302031302,20.830598224,0
gestion_2021-08-23_1,13,none,,adaptive_gaussian,docling_easyocr,qwen,9,0,0,0,9,0.0,0.0,0.0,0,,,,,53.19898957,1
gestion_2021-08-23_1,13,none,,adaptive_gaussian,docling_rapidocr,qwen,9,0,0,0,9,0.0,0.0,0.0,0,,,,,19.152906358,1
gestion_2021-08-23_1,13,none,,adaptive_mean,docling_easyocr,qwen,9,0,0,0,9,0.0,0.0,0.0,0,,,,,54.994868934,1
gestion_2021-08-23_1,13,none,,adaptive_mean,docling_rapidocr,qwen,9,0,0,0,9,0.0,0.0,0.0,0,,,,,19.0895378,1
gestion_2021-08-23_1,13,none,,basic,docling_easyocr,qwen,9,5,4,1,5,0.8,0.444444,0.571429,5,0.6268004964299558,0.8,0.2,0.2,56.013387476,0
gestion_2021-08-23_1,13,none,,basic,docling_rapidocr,qwen,9,0,0,0,9,0.0,0.0,0.0,0,,,,,21.619426046,6
gestion_2021-08-23_1,13,none,,niblack,docling_easyocr,qwen,9,0,0,0,9,0.0,0.0,0.0,0,,,,,45.090321066,1
gestion_2021-08-23_1,13,none,,niblack,docling_rapidocr,qwen,9,0,0,0,9,0.0,0.0,0.0,0,,,,,15.375128271,1
gestion_2021-08-23_1,13,none,,none_color,docling_easyocr,qwen,9,6,4,2,5,0.666667,0.444444,0.533333,6,0.6019052929735672,0.8444444444444444,0.3032963030413404,0.32371794871794873,53.958345209,0
gestion_2021-08-23_1,13,none,,none_color,docling_rapidocr,qwen,9,7,5,2,4,0.714286,0.555556,0.625,6,0.3519375361480625,0.4166666666666667,0.1699146069933045,0.2578509453509454,20.704475437,0
gestion_2021-08-23_1,13,none,,none_grayscale,docling_easyocr,qwen,9,6,4,2,5,0.666667,0.444444,0.533333,6,0.570042547875528,0.8166666666666668,0.3032963030413404,0.32371794871794873,59.622731481,0
gestion_2021-08-23_1,13,none,,none_grayscale,docling_rapidocr,qwen,9,0,0,0,9,0.0,0.0,0.0,0,,,,,21.266977344,4
gestion_2021-08-23_1,13,none,,otsu,docling_easyocr,qwen,9,2,0,2,9,0.0,0.0,0.0,2,0.22596153846153846,0.6499999999999999,0.775438596491228,0.96875,59.279036628,0
gestion_2021-08-23_1,13,none,,otsu,docling_rapidocr,qwen,9,0,0,0,9,0.0,0.0,0.0,0,,,,,20.238404619,8
gestion_2021-08-23_1,14,none,,adaptive_gaussian,docling_easyocr,qwen,9,0,0,0,9,0.0,0.0,0.0,0,,,,,50.059848371,1
gestion_2021-08-23_1,14,none,,adaptive_gaussian,docling_rapidocr,qwen,9,0,0,0,9,0.0,0.0,0.0,0,,,,,17.307660642,1
gestion_2021-08-23_1,14,none,,adaptive_mean,docling_easyocr,qwen,9,0,0,0,9,0.0,0.0,0.0,0,,,,,47.983903232,1
gestion_2021-08-23_1,14,none,,adaptive_mean,docling_rapidocr,qwen,9,0,0,0,9,0.0,0.0,0.0,0,,,,,15.843889537,1
gestion_2021-08-23_1,14,none,,basic,docling_easyocr,qwen,9,1,1,0,8,1.0,0.111111,0.2,1,0.7368421052631579,1.0,0.0,0.0,52.753924287,0
gestion_2021-08-23_1,14,none,,basic,docling_rapidocr,qwen,9,1,0,1,9,0.0,0.0,0.0,1,0.0,0.0,0.9824561403508771,1.1875,17.898973859,0
gestion_2021-08-23_1,14,none,,niblack,docling_easyocr,qwen,9,0,0,0,9,0.0,0.0,0.0,0,,,,,45.073440509,1
gestion_2021-08-23_1,14,none,,niblack,docling_rapidocr,qwen,9,1,1,0,8,1.0,0.111111,0.2,1,1.0,1.0,0.0,0.0,14.933934407,0
gestion_2021-08-23_1,14,none,,none_color,docling_easyocr,qwen,9,5,0,5,9,0.0,0.0,0.0,5,0.0889490411549235,0.35,0.7327647618391245,0.939423076923077,60.446981824,0
gestion_2021-08-23_1,14,none,,none_color,docling_rapidocr,qwen,9,0,0,0,9,0.0,0.0,0.0,0,,,,,21.566584027,11
gestion_2021-08-23_1,14,none,,none_grayscale,docling_easyocr,qwen,9,5,0,5,9,0.0,0.0,0.0,5,0.0889490411549235,0.35,0.7327647618391245,0.939423076923077,56.60114733,0
gestion_2021-08-23_1,14,none,,none_grayscale,docling_rapidocr,qwen,9,11,4,7,5,0.363636,0.444444,0.4,5,0.0,0.0,0.41334313282712987,0.4689879564879565,20.171490109,0
gestion_2021-08-23_1,14,none,,otsu,docling_easyocr,qwen,9,5,4,1,5,0.8,0.444444,0.571429,5,0.6198159148867934,0.875,0.2,0.2,50.135769523,0
gestion_2021-08-23_1,14,none,,otsu,docling_rapidocr,qwen,9,0,0,0,9,0.0,0.0,0.0,0,,,,,22.085084117,1
gestion_2021-08-23_1,15,none,,adaptive_gaussian,docling_easyocr,qwen,9,0,0,0,9,0.0,0.0,0.0,0,,,,,46.474266236,1
gestion_2021-08-23_1,15,none,,adaptive_gaussian,docling_rapidocr,qwen,9,0,0,0,9,0.0,0.0,0.0,0,,,,,12.545813268,1
gestion_2021-08-23_1,15,none,,adaptive_mean,docling_easyocr,qwen,9,0,0,0,9,0.0,0.0,0.0,0,,,,,47.019582694,1
gestion_2021-08-23_1,15,none,,adaptive_mean,docling_rapidocr,qwen,9,0,0,0,9,0.0,0.0,0.0,0,,,,,12.469454473,1
gestion_2021-08-23_1,15,none,,basic,docling_easyocr,qwen,9,0,0,0,9,0.0,0.0,0.0,0,,,,,52.421704808,1
gestion_2021-08-23_1,15,none,,basic,docling_rapidocr,qwen,9,3,0,3,9,0.0,0.0,0.0,3,0.10509364002011061,0.22777777777777777,1.0370272492365515,1.3288655788655788,14.56868414,0
gestion_2021-08-23_1,15,none,,none_color,docling_easyocr,qwen,9,0,0,0,9,0.0,0.0,0.0,0,,,,,54.20202879,1
gestion_2021-08-23_1,15,none,,none_color,docling_rapidocr,qwen,9,0,0,0,9,0.0,0.0,0.0,0,,,,,15.841651002,6
gestion_2021-08-23_1,15,none,,none_grayscale,docling_easyocr,qwen,9,3,0,3,9,0.0,0.0,0.0,3,0.19316957552251668,0.3166666666666667,0.8942772864234199,0.9807692307692308,54.942889729,0
gestion_2021-08-23_1,15,none,,none_grayscale,docling_rapidocr,qwen,9,0,0,0,9,0.0,0.0,0.0,0,,,,,16.890599051,6
gestion_2021-08-23_1,15,none,,otsu,docling_easyocr,qwen,9,4,3,1,6,0.75,0.333333,0.461538,4,0.6789033290192694,0.825,0.2196969696969697,0.25,53.488675706,0
gestion_2021-08-23_1,15,none,,otsu,docling_rapidocr,qwen,9,0,0,0,9,0.0,0.0,0.0,0,,,,,15.22482907,1
gestion_2021-08-23_1,16,none,,adaptive_gaussian,docling_easyocr,qwen,9,0,0,0,9,0.0,0.0,0.0,0,,,,,42.710514564,1
gestion_2021-08-23_1,16,none,,adaptive_gaussian,docling_rapidocr,qwen,9,0,0,0,9,0.0,0.0,0.0,0,,,,,15.743204612,1
gestion_2021-08-23_1,16,none,,adaptive_mean,docling_easyocr,qwen,9,0,0,0,9,0.0,0.0,0.0,0,,,,,196.111715096,1
gestion_2021-08-23_1,16,none,,adaptive_mean,docling_rapidocr,qwen,9,0,0,0,9,0.0,0.0,0.0,0,,,,,174.819739837,1
gestion_2021-08-23_1,16,none,,basic,docling_easyocr,qwen,9,2,1,1,8,0.5,0.111111,0.181818,2,0.4786116803278688,0.7,0.4212121212121212,0.4807692307692308,54.971749179,0
gestion_2021-08-23_1,16,none,,basic,docling_rapidocr,qwen,9,0,0,0,9,0.0,0.0,0.0,0,,,,,15.616006486,4
gestion_2021-08-23_1,16,none,,none_color,docling_easyocr,qwen,9,3,2,1,7,0.666667,0.222222,0.333333,3,0.7437981807620949,0.8333333333333334,0.28027681660899656,0.3141025641025641,55.02033364,0
gestion_2021-08-23_1,16,none,,none_color,docling_rapidocr,qwen,9,7,4,3,5,0.571429,0.444444,0.5,7,0.6334464893676326,0.7047619047619047,0.3795246632679345,0.45707764457764455,14.160297267,0
gestion_2021-08-23_1,16,none,,none_grayscale,docling_easyocr,qwen,9,0,0,0,9,0.0,0.0,0.0,0,,,,,54.472616784,1
gestion_2021-08-23_1,16,none,,none_grayscale,docling_rapidocr,qwen,9,0,0,0,9,0.0,0.0,0.0,0,,,,,15.498448722,6
gestion_2021-08-23_1,16,none,,otsu,docling_easyocr,qwen,9,0,0,0,9,0.0,0.0,0.0,0,,,,,48.242350286,1
gestion_2021-08-23_1,16,none,,otsu,docling_rapidocr,qwen,9,3,0,3,9,0.0,0.0,0.0,3,0.29846297493356316,0.6944444444444443,0.7192233756247597,0.8583916083916083,15.110502189,0
gestion_2021-08-23_1,17,none,,adaptive_gaussian,docling_easyocr,qwen,9,0,0,0,9,0.0,0.0,0.0,0,,,,,47.006523627,1
gestion_2021-08-23_1,17,none,,adaptive_gaussian,docling_rapidocr,qwen,9,0,0,0,9,0.0,0.0,0.0,0,,,,,11.179037351,1
gestion_2021-08-23_1,17,none,,adaptive_mean,docling_easyocr,qwen,9,0,0,0,9,0.0,0.0,0.0,0,,,,,41.778184909,1
gestion_2021-08-23_1,17,none,,adaptive_mean,docling_rapidocr,qwen,9,0,0,0,9,0.0,0.0,0.0,0,,,,,13.044425982,1
gestion_2021-08-23_1,17,none,,basic,docling_easyocr,qwen,9,0,0,0,9,0.0,0.0,0.0,0,,,,,51.915785901,1
gestion_2021-08-23_1,17,none,,basic,docling_rapidocr,qwen,9,2,0,2,9,0.0,0.0,0.0,2,1.2692307692307692,1.45,0.7857767255509015,0.9302884615384616,14.338319175,0
gestion_2021-08-23_1,17,none,,none_color,docling_easyocr,qwen,9,4,0,4,9,0.0,0.0,0.0,4,0.48171528226675286,0.65,0.8525437646766205,0.9759615384615384,54.870732181,0
gestion_2021-08-23_1,17,none,,none_color,docling_rapidocr,qwen,9,0,0,0,9,0.0,0.0,0.0,0,,,,,16.06112086,2
gestion_2021-08-23_1,17,none,,none_grayscale,docling_easyocr,qwen,9,4,0,4,9,0.0,0.0,0.0,4,0.48171528226675286,0.65,0.8525437646766205,0.9759615384615384,55.273522012,0
gestion_2021-08-23_1,17,none,,none_grayscale,docling_rapidocr,qwen,9,6,4,2,5,0.666667,0.444444,0.533333,6,0.3902177726912539,0.4749999999999999,0.3845831131746668,0.49304746179746184,16.777534835,0
gestion_2021-08-23_1,17,none,,otsu,docling_easyocr,qwen,9,2,0,2,9,0.0,0.0,0.0,2,0.33722527472527475,0.6,0.897463002114165,1.0,50.716978185,0
gestion_2021-08-23_1,17,none,,otsu,docling_rapidocr,qwen,9,3,2,1,7,0.666667,0.222222,0.333333,3,0.7203947368421053,0.7888888888888889,0.6767676767676768,0.8717948717948718,15.706065051,0
gestion_2021-08-23_1,18,none,,adaptive_gaussian,docling_easyocr,qwen,9,0,0,0,9,0.0,0.0,0.0,0,,,,,35.706730626,1
gestion_2021-08-23_1,18,none,,adaptive_gaussian,docling_rapidocr,qwen,9,0,0,0,9,0.0,0.0,0.0,0,,,,,11.642967484,1
gestion_2021-08-23_1,18,none,,adaptive_mean,docling_easyocr,qwen,9,0,0,0,9,0.0,0.0,0.0,0,,,,,40.01078131,1
gestion_2021-08-23_1,18,none,,basic,docling_easyocr,qwen,9,0,0,0,9,0.0,0.0,0.0,0,,,,,38.635582085,1
gestion_2021-08-23_1,18,none,,basic,docling_rapidocr,qwen,9,0,0,0,9,0.0,0.0,0.0,0,,,,,10.03737032,1
gestion_2021-08-23_1,18,none,,niblack,docling_easyocr,qwen,9,0,0,0,9,0.0,0.0,0.0,0,,,,,39.997628606,1
gestion_2021-08-23_1,18,none,,none_color,docling_easyocr,qwen,9,0,0,0,9,0.0,0.0,0.0,0,,,,,40.338308211,1
gestion_2021-08-23_1,18,none,,none_grayscale,docling_easyocr,qwen,9,0,0,0,9,0.0,0.0,0.0,0,,,,,34.737106438,1
gestion_2021-08-23_1,18,none,,otsu,docling_easyocr,qwen,9,0,0,0,9,0.0,0.0,0.0,0,,,,,38.464117642,1
gestion_2021-08-23_1,18,none,,otsu,docling_rapidocr,qwen,9,0,0,0,9,0.0,0.0,0.0,0,,,,,9.68257701,1
gestion_2021-08-23_1,19,none,,adaptive_gaussian,docling_easyocr,qwen,9,0,0,0,9,0.0,0.0,0.0,0,,,,,40.259087916,1
gestion_2021-08-23_1,19,none,,adaptive_gaussian,docling_rapidocr,qwen,9,0,0,0,9,0.0,0.0,0.0,0,,,,,11.516647216,1
gestion_2021-08-23_1,19,none,,adaptive_mean,docling_easyocr,qwen,9,0,0,0,9,0.0,0.0,0.0,0,,,,,35.354890462,1
gestion_2021-08-23_1,19,none,,basic,docling_easyocr,qwen,9,0,0,0,9,0.0,0.0,0.0,0,,,,,39.587745398,1
gestion_2021-08-23_1,19,none,,basic,docling_rapidocr,qwen,9,0,0,0,9,0.0,0.0,0.0,0,,,,,10.287393063,1
gestion_2021-08-23_1,19,none,,niblack,docling_easyocr,qwen,9,0,0,0,9,0.0,0.0,0.0,0,,,,,39.818258534,1
gestion_2021-08-23_1,19,none,,none_color,docling_rapidocr,qwen,9,0,0,0,9,0.0,0.0,0.0,0,,,,,9.70909521,1
gestion_2021-08-23_1,19,none,,none_grayscale,docling_rapidocr,qwen,9,0,0,0,9,0.0,0.0,0.0,0,,,,,9.998390168,1
gestion_2021-08-23_1,19,none,,otsu,docling_easyocr,qwen,9,0,0,0,9,0.0,0.0,0.0,0,,,,,39.530861348,1
gestion_2021-08-23_1,19,none,,otsu,docling_rapidocr,qwen,9,0,0,0,9,0.0,0.0,0.0,0,,,,,9.59201023,1
gestion_2021-08-23_1,20,none,,adaptive_gaussian,docling_easyocr,qwen,9,0,0,0,9,0.0,0.0,0.0,0,,,,,40.358406659,1
gestion_2021-08-23_1,20,none,,adaptive_gaussian,docling_rapidocr,qwen,9,0,0,0,9,0.0,0.0,0.0,0,,,,,10.428083773,1
gestion_2021-08-23_1,20,none,,adaptive_mean,docling_easyocr,qwen,9,0,0,0,9,0.0,0.0,0.0,0,,,,,40.029783126,1
gestion_2021-08-23_1,20,none,,adaptive_mean,docling_rapidocr,qwen,9,0,0,0,9,0.0,0.0,0.0,0,,,,,9.880547877,1
gestion_2021-08-23_1,20,none,,basic,docling_easyocr,qwen,9,0,0,0,9,0.0,0.0,0.0,0,,,,,39.637010783,1
gestion_2021-08-23_1,20,none,,basic,docling_rapidocr,qwen,9,0,0,0,9,0.0,0.0,0.0,0,,,,,10.434309453,1
gestion_2021-08-23_1,20,none,,niblack,docling_easyocr,qwen,9,0,0,0,9,0.0,0.0,0.0,0,,,,,39.744785319,1
gestion_2021-08-23_1,20,none,,none_color,docling_easyocr,qwen,9,0,0,0,9,0.0,0.0,0.0,0,,,,,36.946382731,1
gestion_2021-08-23_1,20,none,,none_grayscale,docling_easyocr,qwen,9,0,0,0,9,0.0,0.0,0.0,0,,,,,41.176431864,1
gestion_2021-08-23_1,20,none,,otsu,docling_easyocr,qwen,9,0,0,0,9,0.0,0.0,0.0,0,,,,,34.02811262,1
gestion_2021-08-23_1,20,none,,otsu,docling_rapidocr,qwen,9,0,0,0,9,0.0,0.0,0.0,0,,,,,9.936345309,1
gestion_2021-08-23_1,21,none,,adaptive_gaussian,docling_easyocr,qwen,9,0,0,0,9,0.0,0.0,0.0,0,,,,,60.453752768,1
gestion_2021-08-23_1,21,none,,adaptive_gaussian,docling_rapidocr,qwen,9,0,0,0,9,0.0,0.0,0.0,0,,,,,26.587361109,1
gestion_2021-08-23_1,21,none,,adaptive_mean,docling_easyocr,qwen,9,0,0,0,9,0.0,0.0,0.0,0,,,,,57.314142716,1
gestion_2021-08-23_1,21,none,,adaptive_mean,docling_rapidocr,qwen,9,0,0,0,9,0.0,0.0,0.0,0,,,,,25.751004946,1
gestion_2021-08-23_1,21,none,,basic,docling_easyocr,qwen,9,0,0,0,9,0.0,0.0,0.0,0,,,,,62.917028294,1
gestion_2021-08-23_1,21,none,,basic,docling_rapidocr,qwen,9,1,0,1,9,0.0,0.0,0.0,1,0.0,0.0,0.8385964912280702,0.9791666666666666,26.58032714,0
gestion_2021-08-23_1,21,none,,niblack,docling_easyocr,qwen,9,0,0,0,9,0.0,0.0,0.0,0,,,,,49.868238595,1
gestion_2021-08-23_1,21,none,,niblack,docling_rapidocr,qwen,9,0,0,0,9,0.0,0.0,0.0,0,,,,,25.936887171,1
gestion_2021-08-23_1,21,none,,none_color,docling_easyocr,qwen,9,2,2,0,7,1.0,0.222222,0.363636,2,0.7372735116479724,1.0,0.0,0.0,55.146178113,0
gestion_2021-08-23_1,21,none,,none_color,docling_rapidocr,qwen,9,4,0,4,9,0.0,0.0,0.0,4,0.20703125,0.25,0.8919469927663037,1.1794871794871795,31.069623099,0
gestion_2021-08-23_1,21,none,,none_grayscale,docling_easyocr,qwen,9,2,2,0,7,1.0,0.222222,0.363636,2,0.7372735116479724,1.0,0.0,0.0,55.603144751,0
gestion_2021-08-23_1,21,none,,none_grayscale,docling_rapidocr,qwen,9,4,0,4,9,0.0,0.0,0.0,4,0.20703125,0.25,0.8919469927663037,1.1794871794871795,30.776289807,0
gestion_2021-08-23_1,21,none,,otsu,docling_easyocr,qwen,9,0,0,0,9,0.0,0.0,0.0,0,,,,,61.660918341,1
gestion_2021-08-23_1,21,none,,otsu,docling_rapidocr,qwen,9,0,0,0,9,0.0,0.0,0.0,0,,,,,27.208620177,1
gestion_2021-08-23_1,22,none,,adaptive_gaussian,docling_easyocr,qwen,9,0,0,0,9,0.0,0.0,0.0,0,,,,,57.724560304,1
gestion_2021-08-23_1,22,none,,adaptive_gaussian,docling_rapidocr,qwen,9,1,1,0,8,1.0,0.111111,0.2,1,0.7017543859649122,0.9,0.0,0.0,28.776978059,0
gestion_2021-08-23_1,22,none,,adaptive_mean,docling_easyocr,qwen,9,0,0,0,9,0.0,0.0,0.0,0,,,,,58.743304535,1
gestion_2021-08-23_1,22,none,,adaptive_mean,docling_rapidocr,qwen,9,0,0,0,9,0.0,0.0,0.0,0,,,,,25.432929798,1
gestion_2021-08-23_1,22,none,,basic,docling_easyocr,qwen,9,0,0,0,9,0.0,0.0,0.0,0,,,,,65.888344902,1
gestion_2021-08-23_1,22,none,,basic,docling_rapidocr,qwen,9,0,0,0,9,0.0,0.0,0.0,0,,,,,28.955480236,1
gestion_2021-08-23_1,22,none,,niblack,docling_easyocr,qwen,9,0,0,0,9,0.0,0.0,0.0,0,,,,,54.825392112,1
gestion_2021-08-23_1,22,none,,niblack,docling_rapidocr,qwen,9,1,0,1,9,0.0,0.0,0.0,1,0.17307692307692307,0.8,1.0,1.0,24.498597011,0
gestion_2021-08-23_1,22,none,,none_color,docling_easyocr,qwen,9,0,0,0,9,0.0,0.0,0.0,0,,,,,59.627741712,1
gestion_2021-08-23_1,22,none,,none_color,docling_rapidocr,qwen,9,5,0,5,9,0.0,0.0,0.0,5,0.13102846907993965,0.17666666666666667,0.8484166967305973,1.104399766899767,31.10572781,0
gestion_2021-08-23_1,22,none,,none_grayscale,docling_easyocr,qwen,9,0,0,0,9,0.0,0.0,0.0,0,,,,,61.601047891,1
gestion_2021-08-23_1,22,none,,none_grayscale,docling_rapidocr,qwen,9,5,0,5,9,0.0,0.0,0.0,5,0.13102846907993965,0.17666666666666667,0.8484166967305973,1.104399766899767,31.212346929,0
gestion_2021-08-23_1,22,none,,otsu,docling_easyocr,qwen,9,1,0,1,9,0.0,0.0,0.0,1,0.07692307692307693,0.6,1.0,1.0,67.765269655,0
gestion_2021-08-23_1,22,none,,otsu,docling_rapidocr,qwen,9,0,0,0,9,0.0,0.0,0.0,0,,,,,26.803828138,1
gestion_2021-08-23_1,23,none,,adaptive_gaussian,docling_easyocr,qwen,9,0,0,0,9,0.0,0.0,0.0,0,,,,,60.299680835,1
gestion_2021-08-23_1,23,none,,adaptive_gaussian,docling_rapidocr,qwen,9,0,0,0,9,0.0,0.0,0.0,0,,,,,25.816392547,1
gestion_2021-08-23_1,23,none,,adaptive_mean,docling_easyocr,qwen,9,0,0,0,9,0.0,0.0,0.0,0,,,,,57.470812923,1
gestion_2021-08-23_1,23,none,,adaptive_mean,docling_rapidocr,qwen,9,0,0,0,9,0.0,0.0,0.0,0,,,,,24.380766517,1
gestion_2021-08-23_1,23,none,,basic,docling_easyocr,qwen,9,0,0,0,9,0.0,0.0,0.0,0,,,,,56.117142896,1
gestion_2021-08-23_1,23,none,,basic,docling_rapidocr,qwen,9,2,0,2,9,0.0,0.0,0.0,2,0.08088235294117647,0.2916666666666667,0.8585503551265707,0.96875,26.732835273,0
gestion_2021-08-23_1,23,none,,niblack,docling_easyocr,qwen,9,0,0,0,9,0.0,0.0,0.0,0,,,,,49.543773123,1
gestion_2021-08-23_1,23,none,,niblack,docling_rapidocr,qwen,9,1,1,0,8,1.0,0.111111,0.2,1,1.0,1.0,0.0,0.0,25.249232479,0
gestion_2021-08-23_1,23,none,,none_color,docling_easyocr,qwen,9,0,0,0,9,0.0,0.0,0.0,0,,,,,59.355950813,1
gestion_2021-08-23_1,23,none,,none_color,docling_rapidocr,qwen,9,6,1,5,8,0.166667,0.111111,0.133333,6,0.11797104572040634,0.2866161616161616,0.7929731006002219,0.9666051541051542,30.16343234,0
gestion_2021-08-23_1,23,none,,none_grayscale,docling_easyocr,qwen,9,0,0,0,9,0.0,0.0,0.0,0,,,,,58.74350069,1
gestion_2021-08-23_1,23,none,,none_grayscale,docling_rapidocr,qwen,9,6,1,5,8,0.166667,0.111111,0.133333,6,0.11797104572040634,0.2866161616161616,0.7929731006002219,0.9666051541051542,29.457733612,0
gestion_2021-08-23_1,23,none,,otsu,docling_easyocr,qwen,9,0,0,0,9,0.0,0.0,0.0,0,,,,,60.795312385,1
gestion_2021-08-23_1,23,none,,otsu,docling_rapidocr,qwen,9,2,2,0,7,1.0,0.222222,0.363636,2,0.8001525553012967,0.95,0.0,0.0,26.457179527,0
gestion_2021-08-23_1,24,none,,adaptive_gaussian,docling_easyocr,qwen,9,0,0,0,9,0.0,0.0,0.0,0,,,,,50.334098932,1
gestion_2021-08-23_1,24,none,,adaptive_gaussian,docling_rapidocr,qwen,9,0,0,0,9,0.0,0.0,0.0,0,,,,,14.072153923,1
gestion_2021-08-23_1,24,none,,adaptive_mean,docling_easyocr,qwen,9,0,0,0,9,0.0,0.0,0.0,0,,,,,50.164828893,1
gestion_2021-08-23_1,24,none,,adaptive_mean,docling_rapidocr,qwen,9,0,0,0,9,0.0,0.0,0.0,0,,,,,13.51266658,1
gestion_2021-08-23_1,24,none,,basic,docling_easyocr,qwen,9,4,4,0,5,1.0,0.444444,0.615385,4,0.7857858239236724,0.975,0.0,0.0,49.103905887,0
gestion_2021-08-23_1,24,none,,basic,docling_rapidocr,qwen,9,0,0,0,9,0.0,0.0,0.0,0,,,,,15.861640186,6
gestion_2021-08-23_1,24,none,,niblack,docling_easyocr,qwen,9,0,0,0,9,0.0,0.0,0.0,0,,,,,34.407632528,1
gestion_2021-08-23_1,24,none,,niblack,docling_rapidocr,qwen,9,0,0,0,9,0.0,0.0,0.0,0,,,,,10.033571182,1
gestion_2021-08-23_1,24,none,,none_color,docling_easyocr,qwen,9,6,4,2,5,0.666667,0.444444,0.533333,6,0.5338308681627482,0.7291666666666666,0.3333333333333333,0.3333333333333333,54.500089855,0
gestion_2021-08-23_1,24,none,,none_color,docling_rapidocr,qwen,9,0,0,0,9,0.0,0.0,0.0,0,,,,,15.057789535,6
gestion_2021-08-23_1,24,none,,none_grayscale,docling_easyocr,qwen,9,6,4,2,5,0.666667,0.444444,0.533333,6,0.5474920703485405,0.7291666666666666,0.3333333333333333,0.3333333333333333,54.204046697,0
gestion_2021-08-23_1,24,none,,none_grayscale,docling_rapidocr,qwen,9,0,0,0,9,0.0,0.0,0.0,0,,,,,16.540175171,10
gestion_2021-08-23_1,24,none,,otsu,docling_easyocr,qwen,9,5,4,1,5,0.8,0.444444,0.571429,5,0.6081340423403484,0.8,0.2,0.2,54.611329838,0
gestion_2021-08-23_1,24,none,,otsu,docling_rapidocr,qwen,9,5,2,3,7,0.4,0.222222,0.285714,5,0.010989010989010988,0.06666666666666667,0.6027991848792482,0.7649281274281274,15.441183372,0
gestion_2021-08-23_1,25,none,,adaptive_gaussian,docling_easyocr,qwen,9,0,0,0,9,0.0,0.0,0.0,0,,,,,44.33260581,1
gestion_2021-08-23_1,25,none,,adaptive_gaussian,docling_rapidocr,qwen,9,0,0,0,9,0.0,0.0,0.0,0,,,,,13.038435907,1
gestion_2021-08-23_1,25,none,,adaptive_mean,docling_easyocr,qwen,9,0,0,0,9,0.0,0.0,0.0,0,,,,,48.361990185,1
gestion_2021-08-23_1,25,none,,adaptive_mean,docling_rapidocr,qwen,9,0,0,0,9,0.0,0.0,0.0,0,,,,,12.892152519,1
gestion_2021-08-23_1,25,none,,basic,docling_easyocr,qwen,9,5,4,1,5,0.8,0.444444,0.571429,5,0.682584828827373,0.96,0.2,0.2,49.274662559,0
gestion_2021-08-23_1,25,none,,basic,docling_rapidocr,qwen,9,7,2,5,7,0.285714,0.222222,0.25,6,0.026538820656467718,0.06388888888888888,0.6132373625502975,0.7720312095312095,14.839668815,0
gestion_2021-08-23_1,25,none,,niblack,docling_easyocr,qwen,9,0,0,0,9,0.0,0.0,0.0,0,,,,,39.334525545,1
gestion_2021-08-23_1,25,none,,niblack,docling_rapidocr,qwen,9,0,0,0,9,0.0,0.0,0.0,0,,,,,9.841927965,1
gestion_2021-08-23_1,25,none,,none_color,docling_easyocr,qwen,9,6,4,2,5,0.666667,0.444444,0.533333,6,0.5233994979430043,0.6666666666666666,0.3333333333333333,0.3333333333333333,54.399989193,0
gestion_2021-08-23_1,25,none,,none_color,docling_rapidocr,qwen,9,0,0,0,9,0.0,0.0,0.0,0,,,,,15.791155403,4
gestion_2021-08-23_1,25,none,,none_grayscale,docling_easyocr,qwen,9,5,4,1,5,0.8,0.444444,0.571429,5,0.6228315576896626,0.8,0.2,0.2,55.580945318,0
gestion_2021-08-23_1,25,none,,none_grayscale,docling_rapidocr,qwen,9,7,1,6,8,0.142857,0.111111,0.125,5,0.6245313510019392,0.6799999999999999,1.1216564449302588,1.488432400932401,17.048550194,0
gestion_2021-08-23_1,25,none,,otsu,docling_easyocr,qwen,9,6,4,2,5,0.666667,0.444444,0.533333,6,0.5611765652916829,0.8125,0.3333333333333333,0.3333333333333333,50.423871893,0
gestion_2021-08-23_1,25,none,,otsu,docling_rapidocr,qwen,9,0,0,0,9,0.0,0.0,0.0,0,,,,,13.912939209,7
gestion_2021-08-23_1,26,none,,adaptive_gaussian,docling_easyocr,qwen,9,0,0,0,9,0.0,0.0,0.0,0,,,,,51.203421845,1
gestion_2021-08-23_1,26,none,,adaptive_gaussian,docling_rapidocr,qwen,9,0,0,0,9,0.0,0.0,0.0,0,,,,,14.230309262,1
gestion_2021-08-23_1,26,none,,adaptive_mean,docling_easyocr,qwen,9,0,0,0,9,0.0,0.0,0.0,0,,,,,49.601884856,1
gestion_2021-08-23_1,26,none,,adaptive_mean,docling_rapidocr,qwen,9,0,0,0,9,0.0,0.0,0.0,0,,,,,13.518738999,1
gestion_2021-08-23_1,26,none,,basic,docling_easyocr,qwen,9,3,1,2,8,0.333333,0.111111,0.166667,3,0.42332995951417,0.7999999999999999,0.6053163211057948,0.6597222222222222,44.889796364,0
gestion_2021-08-23_1,26,none,,basic,docling_rapidocr,qwen,9,0,0,0,9,0.0,0.0,0.0,0,,,,,12.976724493,4
gestion_2021-08-23_1,26,none,,niblack,docling_easyocr,qwen,9,0,0,0,9,0.0,0.0,0.0,0,,,,,39.778739289,1
gestion_2021-08-23_1,26,none,,niblack,docling_rapidocr,qwen,9,0,0,0,9,0.0,0.0,0.0,0,,,,,10.251398638,1
gestion_2021-08-23_1,26,none,,none_color,docling_easyocr,qwen,9,6,4,2,5,0.666667,0.444444,0.533333,6,0.5442240964923314,0.7083333333333334,0.3333333333333333,0.3333333333333333,54.852756846,0
gestion_2021-08-23_1,26,none,,none_color,docling_rapidocr,qwen,9,10,5,5,4,0.5,0.555556,0.526316,5,0.0,0.0,0.29642238006480975,0.3355672105672106,16.560025799,9
gestion_2021-08-23_1,26,none,,none_grayscale,docling_easyocr,qwen,9,6,4,2,5,0.666667,0.444444,0.533333,6,0.5442240964923314,0.7083333333333334,0.3333333333333333,0.3333333333333333,54.465580332,0
gestion_2021-08-23_1,26,none,,none_grayscale,docling_rapidocr,qwen,9,10,5,5,4,0.5,0.555556,0.526316,5,0.0,0.0,0.29642238006480975,0.3355672105672106,16.701897251,9
gestion_2021-08-23_1,26,none,,otsu,docling_easyocr,qwen,9,0,0,0,9,0.0,0.0,0.0,0,,,,,47.782377827,1
gestion_2021-08-23_1,26,none,,otsu,docling_rapidocr,qwen,9,6,1,5,8,0.166667,0.111111,0.133333,6,0.12267246642246642,0.24444444444444446,0.6636122574121012,0.8056283993783994,16.106503832,0
gestion_2021-08-23_1,27,none,,adaptive_gaussian,docling_easyocr,qwen,9,0,0,0,9,0.0,0.0,0.0,0,,,,,43.659912196,1
gestion_2021-08-23_1,27,none,,adaptive_gaussian,docling_rapidocr,qwen,9,0,0,0,9,0.0,0.0,0.0,0,,,,,10.862273779,1
gestion_2021-08-23_1,27,none,,adaptive_mean,docling_easyocr,qwen,9,0,0,0,9,0.0,0.0,0.0,0,,,,,41.848507014,1
gestion_2021-08-23_1,27,none,,adaptive_mean,docling_rapidocr,qwen,9,0,0,0,9,0.0,0.0,0.0,0,,,,,10.438492623,1
gestion_2021-08-23_1,27,none,,basic,docling_easyocr,qwen,9,6,4,2,5,0.666667,0.444444,0.533333,6,0.5516552334355819,0.7348484848484849,0.3333333333333333,0.3333333333333333,54.481774987,0
gestion_2021-08-23_1,27,none,,basic,docling_rapidocr,qwen,9,0,0,0,9,0.0,0.0,0.0,0,,,,,15.820887507,7
gestion_2021-08-23_1,27,none,,niblack,docling_easyocr,qwen,9,0,0,0,9,0.0,0.0,0.0,0,,,,,37.217595248,1
gestion_2021-08-23_1,27,none,,niblack,docling_rapidocr,qwen,9,0,0,0,9,0.0,0.0,0.0,0,,,,,9.616497664,1
gestion_2021-08-23_1,27,none,,none_color,docling_easyocr,qwen,9,6,4,2,5,0.666667,0.444444,0.533333,6,0.5494013485525758,0.7708333333333334,0.3333333333333333,0.3333333333333333,54.079947413,0
gestion_2021-08-23_1,27,none,,none_color,docling_rapidocr,qwen,9,0,0,0,9,0.0,0.0,0.0,0,,,,,16.491657914,1
gestion_2021-08-23_1,27,none,,none_grayscale,docling_easyocr,qwen,9,5,4,1,5,0.8,0.444444,0.571429,5,0.6170821297720424,0.8,0.2,0.2,54.325898827,0
gestion_2021-08-23_1,27,none,,none_grayscale,docling_rapidocr,qwen,9,0,0,0,9,0.0,0.0,0.0,0,,,,,16.524092615,1
gestion_2021-08-23_1,27,none,,otsu,docling_easyocr,qwen,9,6,4,2,5,0.666667,0.444444,0.533333,6,0.5696650443025416,0.9056818181818181,0.3333333333333333,0.3333333333333333,54.890551342,0
gestion_2021-08-23_1,27,none,,otsu,docling_rapidocr,qwen,9,0,0,0,9,0.0,0.0,0.0,0,,,,,16.179959549,6
gestion_2021-08-23_1,28,none,,adaptive_gaussian,docling_easyocr,qwen,9,0,0,0,9,0.0,0.0,0.0,0,,,,,48.742608063,1
gestion_2021-08-23_1,28,none,,adaptive_gaussian,docling_rapidocr,qwen,9,0,0,0,9,0.0,0.0,0.0,0,,,,,12.680015318,1
gestion_2021-08-23_1,28,none,,adaptive_mean,docling_easyocr,qwen,9,0,0,0,9,0.0,0.0,0.0,0,,,,,44.914073149,1
gestion_2021-08-23_1,28,none,,adaptive_mean,docling_rapidocr,qwen,9,0,0,0,9,0.0,0.0,0.0,0,,,,,9.450434843,1
gestion_2021-08-23_1,28,none,,basic,docling_easyocr,qwen,9,5,3,2,6,0.6,0.333333,0.428571,5,0.5332308051813013,0.8,0.39687400318979266,0.4,53.533504261,0
gestion_2021-08-23_1,28,none,,basic,docling_rapidocr,qwen,9,0,0,0,9,0.0,0.0,0.0,0,,,,,15.904545559,6
gestion_2021-08-23_1,28,none,,niblack,docling_easyocr,qwen,9,0,0,0,9,0.0,0.0,0.0,0,,,,,35.511041146,1
gestion_2021-08-23_1,28,none,,niblack,docling_rapidocr,qwen,9,0,0,0,9,0.0,0.0,0.0,0,,,,,9.620600205,1
gestion_2021-08-23_1,28,none,,none_color,docling_easyocr,qwen,9,6,4,2,5,0.666667,0.444444,0.533333,6,0.6094406608802176,0.9208333333333334,0.3333333333333333,0.3333333333333333,52.752848162,0
gestion_2021-08-23_1,28,none,,none_color,docling_rapidocr,qwen,9,12,4,8,5,0.333333,0.444444,0.380952,5,0.178021978021978,0.2,0.18911909795630727,0.2521367521367522,16.019705548,0
gestion_2021-08-23_1,28,none,,none_grayscale,docling_easyocr,qwen,9,0,0,0,9,0.0,0.0,0.0,0,,,,,53.32216741,1
gestion_2021-08-23_1,28,none,,none_grayscale,docling_rapidocr,qwen,9,0,0,0,9,0.0,0.0,0.0,0,,,,,15.90945269,12
gestion_2021-08-23_1,28,none,,otsu,docling_easyocr,qwen,9,5,4,1,5,0.8,0.444444,0.571429,5,0.6141835790474046,0.8,0.2,0.2,53.040909853,0
gestion_2021-08-23_1,28,none,,otsu,docling_rapidocr,qwen,9,1,1,0,8,1.0,0.111111,0.2,1,0.0,0.0,0.042105263157894736,0.10416666666666667,15.718253699,0
gestion_2021-08-23_1,29,none,,adaptive_gaussian,docling_easyocr,qwen,9,0,0,0,9,0.0,0.0,0.0,0,,,,,43.171925227,1
gestion_2021-08-23_1,29,none,,adaptive_gaussian,docling_rapidocr,qwen,9,0,0,0,9,0.0,0.0,0.0,0,,,,,9.402762333,1
gestion_2021-08-23_1,29,none,,adaptive_mean,docling_easyocr,qwen,9,0,0,0,9,0.0,0.0,0.0,0,,,,,40.833445946,1
gestion_2021-08-23_1,29,none,,adaptive_mean,docling_rapidocr,qwen,9,0,0,0,9,0.0,0.0,0.0,0,,,,,10.216497341,1
gestion_2021-08-23_1,29,none,,basic,docling_easyocr,qwen,9,0,0,0,9,0.0,0.0,0.0,0,,,,,39.570286526,1
gestion_2021-08-23_1,29,none,,basic,docling_rapidocr,qwen,9,7,4,3,5,0.571429,0.444444,0.5,7,0.4043912346797143,0.4714285714285714,0.4230576441102757,0.4255952380952381,12.137627615,0
gestion_2021-08-23_1,29,none,,niblack,docling_easyocr,qwen,9,0,0,0,9,0.0,0.0,0.0,0,,,,,39.471267205,1
gestion_2021-08-23_1,29,none,,niblack,docling_rapidocr,qwen,9,0,0,0,9,0.0,0.0,0.0,0,,,,,9.734492283,1
gestion_2021-08-23_1,29,none,,none_color,docling_easyocr,qwen,9,5,4,1,5,0.8,0.444444,0.571429,5,0.661080873434267,0.875,0.2,0.2,46.185824408,0
gestion_2021-08-23_1,29,none,,none_color,docling_rapidocr,qwen,9,0,0,0,9,0.0,0.0,0.0,0,,,,,16.059442295,1
gestion_2021-08-23_1,29,none,,none_grayscale,docling_easyocr,qwen,9,5,4,1,5,0.8,0.444444,0.571429,5,0.661080873434267,0.875,0.2,0.2,54.770576252,0
gestion_2021-08-23_1,29,none,,none_grayscale,docling_rapidocr,qwen,9,0,0,0,9,0.0,0.0,0.0,0,,,,,15.054363026,1
gestion_2021-08-23_1,29,none,,otsu,docling_easyocr,qwen,9,0,0,0,9,0.0,0.0,0.0,0,,,,,55.147908701,1
gestion_2021-08-23_1,29,none,,otsu,docling_rapidocr,qwen,9,0,0,0,9,0.0,0.0,0.0,0,,,,,14.899081244,5
gestion_2021-08-23_1,30,none,,adaptive_gaussian,docling_easyocr,qwen,9,0,0,0,9,0.0,0.0,0.0,0,,,,,36.39399905,1
gestion_2021-08-23_1,30,none,,adaptive_gaussian,docling_rapidocr,qwen,9,0,0,0,9,0.0,0.0,0.0,0,,,,,10.694769332,1
gestion_2021-08-23_1,30,none,,adaptive_mean,docling_easyocr,qwen,9,0,0,0,9,0.0,0.0,0.0,0,,,,,40.538106153,1
gestion_2021-08-23_1,30,none,,adaptive_mean,docling_rapidocr,qwen,9,0,0,0,9,0.0,0.0,0.0,0,,,,,8.842637012,1
gestion_2021-08-23_1,30,none,,basic,docling_easyocr,qwen,9,0,0,0,9,0.0,0.0,0.0,0,,,,,45.626872583,1
gestion_2021-08-23_1,30,none,,basic,docling_rapidocr,qwen,9,1,0,1,9,0.0,0.0,0.0,1,0.0,0.0,0.8280701754385965,0.9791666666666666,11.003467842,0
gestion_2021-08-23_1,30,none,,niblack,docling_easyocr,qwen,9,0,0,0,9,0.0,0.0,0.0,0,,,,,39.723180854,1
gestion_2021-08-23_1,30,none,,niblack,docling_rapidocr,qwen,9,0,0,0,9,0.0,0.0,0.0,0,,,,,10.305785978,1
gestion_2021-08-23_1,30,none,,none_color,docling_easyocr,qwen,9,3,3,0,6,1.0,0.333333,0.5,3,0.765950052727447,1.0,0.0,0.0,44.431249424,0
gestion_2021-08-23_1,30,none,,none_color,docling_rapidocr,qwen,9,4,3,1,6,0.75,0.333333,0.461538,4,0.6918320391141789,0.85,0.19896193771626297,0.23557692307692307,12.293776794,0
gestion_2021-08-23_1,30,none,,none_grayscale,docling_easyocr,qwen,9,0,0,0,9,0.0,0.0,0.0,0,,,,,45.333975358,1
gestion_2021-08-23_1,30,none,,none_grayscale,docling_rapidocr,qwen,9,4,1,3,8,0.25,0.111111,0.153846,4,0.06372549019607843,0.03125,0.711839966777592,0.8355914918414918,15.180062099,0
gestion_2021-08-23_1,30,none,,otsu,docling_easyocr,qwen,9,0,0,0,9,0.0,0.0,0.0,0,,,,,43.68545973,1
gestion_2021-08-23_1,30,none,,otsu,docling_rapidocr,qwen,9,3,2,1,7,0.666667,0.222222,0.333333,3,0.6301169590643275,0.8777777777777778,0.2994152046783626,0.3333333333333333,12.099143859,0
gestion_2021-08-23_1,31,none,,adaptive_gaussian,docling_easyocr,qwen,9,0,0,0,9,0.0,0.0,0.0,0,,,,,37.93606665,1
gestion_2021-08-23_1,31,none,,adaptive_gaussian,docling_rapidocr,qwen,9,0,0,0,9,0.0,0.0,0.0,0,,,,,10.500269435,1
gestion_2021-08-23_1,31,none,,adaptive_mean,docling_easyocr,qwen,9,0,0,0,9,0.0,0.0,0.0,0,,,,,40.919058822,1
gestion_2021-08-23_1,31,none,,adaptive_mean,docling_rapidocr,qwen,9,1,0,1,9,0.0,0.0,0.0,1,0.0,0.0,0.9122807017543859,0.9791666666666666,10.334935211,0
gestion_2021-08-23_1,31,none,,basic,docling_easyocr,qwen,9,0,0,0,9,0.0,0.0,0.0,0,,,,,40.511695024,1
gestion_2021-08-23_1,31,none,,basic,docling_rapidocr,qwen,9,0,0,0,9,0.0,0.0,0.0,0,,,,,12.885452863,1
gestion_2021-08-23_1,31,none,,niblack,docling_easyocr,qwen,9,0,0,0,9,0.0,0.0,0.0,0,,,,,35.095481075,1
gestion_2021-08-23_1,31,none,,niblack,docling_rapidocr,qwen,9,0,0,0,9,0.0,0.0,0.0,0,,,,,10.02294556,1
gestion_2021-08-23_1,31,none,,none_color,docling_easyocr,qwen,9,4,4,0,5,1.0,0.444444,0.615385,4,0.8091696912005601,1.0,0.0,0.0,48.131228324,0
gestion_2021-08-23_1,31,none,,none_color,docling_rapidocr,qwen,9,0,0,0,9,0.0,0.0,0.0,0,,,,,14.07322466,6
gestion_2021-08-23_1,31,none,,none_grayscale,docling_easyocr,qwen,9,2,2,0,7,1.0,0.222222,0.363636,2,0.770060396893874,1.0,0.0,0.0,43.480733749,0
gestion_2021-08-23_1,31,none,,none_grayscale,docling_rapidocr,qwen,9,0,0,0,9,0.0,0.0,0.0,0,,,,,15.951111671,6
gestion_2021-08-23_1,31,none,,otsu,docling_easyocr,qwen,9,2,2,0,7,1.0,0.222222,0.363636,2,0.7782571182053495,1.0,0.0,0.0,53.955574701,0
gestion_2021-08-23_1,31,none,,otsu,docling_rapidocr,qwen,9,4,1,3,8,0.25,0.111111,0.153846,4,0.3214285714285714,0.39166666666666666,0.7172582619339045,0.7395833333333334,15.334906766,0
gestion_2021-08-23_1,32,none,,adaptive_gaussian,docling_easyocr,qwen,9,0,0,0,9,0.0,0.0,0.0,0,,,,,41.761048578,1
gestion_2021-08-23_1,32,none,,adaptive_gaussian,docling_rapidocr,qwen,9,0,0,0,9,0.0,0.0,0.0,0,,,,,10.486726783,1
gestion_2021-08-23_1,32,none,,adaptive_mean,docling_easyocr,qwen,9,0,0,0,9,0.0,0.0,0.0,0,,,,,34.936526083,1
gestion_2021-08-23_1,32,none,,adaptive_mean,docling_rapidocr,qwen,9,0,0,0,9,0.0,0.0,0.0,0,,,,,10.020602964,1
gestion_2021-08-23_1,32,none,,basic,docling_easyocr,qwen,9,0,0,0,9,0.0,0.0,0.0,0,,,,,45.388852712,1
gestion_2021-08-23_1,32,none,,basic,docling_rapidocr,qwen,9,1,0,1,9,0.0,0.0,0.0,1,0.0,0.0,0.7403508771929824,0.9791666666666666,11.446120616,0
gestion_2021-08-23_1,32,none,,niblack,docling_easyocr,qwen,9,0,0,0,9,0.0,0.0,0.0,0,,,,,36.305814588,1
gestion_2021-08-23_1,32,none,,niblack,docling_rapidocr,qwen,9,0,0,0,9,0.0,0.0,0.0,0,,,,,10.059311473,1
gestion_2021-08-23_1,32,none,,none_color,docling_easyocr,qwen,9,0,0,0,9,0.0,0.0,0.0,0,,,,,44.137123224,1
gestion_2021-08-23_1,32,none,,none_color,docling_rapidocr,qwen,9,5,1,4,8,0.2,0.111111,0.142857,5,0.16356456043956044,0.24,0.6700418071521738,0.8147338772338772,14.028453704,0
gestion_2021-08-23_1,32,none,,none_grayscale,docling_easyocr,qwen,9,0,0,0,9,0.0,0.0,0.0,0,,,,,39.301668521,1
gestion_2021-08-23_1,32,none,,none_grayscale,docling_rapidocr,qwen,9,5,1,4,8,0.2,0.111111,0.142857,5,0.16356456043956044,0.24,0.6700418071521738,0.8147338772338772,14.190488216,0
gestion_2021-08-23_1,32,none,,otsu,docling_easyocr,qwen,9,0,0,0,9,0.0,0.0,0.0,0,,,,,49.071488973,1
gestion_2021-08-23_1,32,none,,otsu,docling_rapidocr,qwen,9,4,0,4,9,0.0,0.0,0.0,4,0.21261160714285715,0.3416666666666667,0.8160719847931056,0.9603365384615384,14.30697262,0
gestion_2021-08-23_1,33,none,,adaptive_gaussian,docling_easyocr,qwen,9,0,0,0,9,0.0,0.0,0.0,0,,,,,37.594528387,1
gestion_2021-08-23_1,33,none,,adaptive_gaussian,docling_rapidocr,qwen,9,0,0,0,9,0.0,0.0,0.0,0,,,,,11.311341712,1
gestion_2021-08-23_1,33,none,,adaptive_mean,docling_easyocr,qwen,9,0,0,0,9,0.0,0.0,0.0,0,,,,,35.022470186,1
gestion_2021-08-23_1,33,none,,adaptive_mean,docling_rapidocr,qwen,9,1,1,0,8,1.0,0.111111,0.2,1,0.7017543859649122,0.9,0.0,0.0,10.386028478,0
gestion_2021-08-23_1,33,none,,basic,docling_easyocr,qwen,9,0,0,0,9,0.0,0.0,0.0,0,,,,,45.509082838,1
gestion_2021-08-23_1,33,none,,basic,docling_rapidocr,qwen,9,0,0,0,9,0.0,0.0,0.0,0,,,,,10.458016439,1
gestion_2021-08-23_1,33,none,,niblack,docling_easyocr,qwen,9,0,0,0,9,0.0,0.0,0.0,0,,,,,39.701424205,1
gestion_2021-08-23_1,33,none,,niblack,docling_rapidocr,qwen,9,0,0,0,9,0.0,0.0,0.0,0,,,,,9.854329431,1
gestion_2021-08-23_1,33,none,,none_color,docling_easyocr,qwen,9,3,0,3,9,0.0,0.0,0.0,3,0.1527014652014652,0.5444444444444444,0.8778136320363984,0.9930555555555555,48.788004919,0
gestion_2021-08-23_1,33,none,,none_color,docling_rapidocr,qwen,9,0,0,0,9,0.0,0.0,0.0,0,,,,,14.21196322,9
gestion_2021-08-23_1,33,none,,none_grayscale,docling_easyocr,qwen,9,3,0,3,9,0.0,0.0,0.0,3,0.2152014652014652,0.611111111111111,0.8789832226796731,0.9930555555555555,49.33295445,0
gestion_2021-08-23_1,33,none,,none_grayscale,docling_rapidocr,qwen,9,0,0,0,9,0.0,0.0,0.0,0,,,,,12.218498273,6
gestion_2021-08-23_1,33,none,,otsu,docling_easyocr,qwen,9,0,0,0,9,0.0,0.0,0.0,0,,,,,49.546219703,1
gestion_2021-08-23_1,33,none,,otsu,docling_rapidocr,qwen,9,0,0,0,9,0.0,0.0,0.0,0,,,,,12.783378717,1
gestion_2021-08-23_1,34,none,,adaptive_gaussian,docling_easyocr,qwen,9,0,0,0,9,0.0,0.0,0.0,0,,,,,35.8018771,1
gestion_2021-08-23_1,34,none,,adaptive_gaussian,docling_rapidocr,qwen,9,0,0,0,9,0.0,0.0,0.0,0,,,,,9.542674381,1
gestion_2021-08-23_1,34,none,,adaptive_mean,docling_easyocr,qwen,9,0,0,0,9,0.0,0.0,0.0,0,,,,,42.127541381,1
gestion_2021-08-23_1,34,none,,adaptive_mean,docling_rapidocr,qwen,9,1,1,0,8,1.0,0.111111,0.2,1,0.7017543859649122,0.9,0.0,0.0,10.058324415,0
gestion_2021-08-23_1,34,none,,basic,docling_easyocr,qwen,9,0,0,0,9,0.0,0.0,0.0,0,,,,,46.067231826,1
gestion_2021-08-23_1,34,none,,basic,docling_rapidocr,qwen,9,0,0,0,9,0.0,0.0,0.0,0,,,,,11.457607917,1
gestion_2021-08-23_1,34,none,,niblack,docling_easyocr,qwen,9,0,0,0,9,0.0,0.0,0.0,0,,,,,34.978510757,1
gestion_2021-08-23_1,34,none,,niblack,docling_rapidocr,qwen,9,0,0,0,9,0.0,0.0,0.0,0,,,,,9.141353984,1
gestion_2021-08-23_1,34,none,,none_color,docling_easyocr,qwen,9,4,4,0,5,1.0,0.444444,0.615385,4,0.7878834593165022,1.0,0.0,0.0,51.114103012,0
gestion_2021-08-23_1,34,none,,none_color,docling_rapidocr,qwen,9,0,0,0,9,0.0,0.0,0.0,0,,,,,13.293206863,4
gestion_2021-08-23_1,34,none,,none_grayscale,docling_easyocr,qwen,9,5,4,1,5,0.8,0.444444,0.571429,5,0.6100169123807381,0.8,0.2,0.2,50.458631687,0
gestion_2021-08-23_1,34,none,,none_grayscale,docling_rapidocr,qwen,9,0,0,0,9,0.0,0.0,0.0,0,,,,,14.014440708,7
gestion_2021-08-23_1,34,none,,otsu,docling_easyocr,qwen,9,4,4,0,5,1.0,0.444444,0.615385,4,0.7720279069912843,1.0,0.0,0.0,45.728004461,0
gestion_2021-08-23_1,34,none,,otsu,docling_rapidocr,qwen,9,0,0,0,9,0.0,0.0,0.0,0,,,,,14.880521064,1
gestion_2021-08-23_1,35,none,,adaptive_gaussian,docling_easyocr,qwen,9,0,0,0,9,0.0,0.0,0.0,0,,,,,36.627676565,1
gestion_2021-08-23_1,35,none,,adaptive_gaussian,docling_rapidocr,qwen,9,0,0,0,9,0.0,0.0,0.0,0,,,,,9.105762321,1
gestion_2021-08-23_1,35,none,,adaptive_mean,docling_easyocr,qwen,9,0,0,0,9,0.0,0.0,0.0,0,,,,,40.855042059,1
gestion_2021-08-23_1,35,none,,adaptive_mean,docling_rapidocr,qwen,9,1,0,1,9,0.0,0.0,0.0,1,0.0,0.0,0.9017543859649123,1.0,11.006305296,0
gestion_2021-08-23_1,35,none,,basic,docling_easyocr,qwen,9,0,0,0,9,0.0,0.0,0.0,0,,,,,45.041736774,1
gestion_2021-08-23_1,35,none,,basic,docling_rapidocr,qwen,9,1,0,1,9,0.0,0.0,0.0,1,0.0,0.0,0.7578947368421053,0.9375,11.288223199,0
gestion_2021-08-23_1,35,none,,niblack,docling_easyocr,qwen,9,0,0,0,9,0.0,0.0,0.0,0,,,,,39.917689058,1
gestion_2021-08-23_1,35,none,,niblack,docling_rapidocr,qwen,9,0,0,0,9,0.0,0.0,0.0,0,,,,,10.237791988,1
gestion_2021-08-23_1,35,none,,none_color,docling_easyocr,qwen,9,0,0,0,9,0.0,0.0,0.0,0,,,,,46.614531688,1
gestion_2021-08-23_1,35,none,,none_color,docling_rapidocr,qwen,9,0,0,0,9,0.0,0.0,0.0,0,,,,,13.934209756,1
gestion_2021-08-23_1,35,none,,none_grayscale,docling_easyocr,qwen,9,0,0,0,9,0.0,0.0,0.0,0,,,,,47.584403209,1
gestion_2021-08-23_1,35,none,,none_grayscale,docling_rapidocr,qwen,9,0,0,0,9,0.0,0.0,0.0,0,,,,,12.241250448,1
gestion_2021-08-23_1,35,none,,otsu,docling_easyocr,qwen,9,0,0,0,9,0.0,0.0,0.0,0,,,,,49.637183599,1
gestion_2021-08-23_1,35,none,,otsu,docling_rapidocr,qwen,9,0,0,0,9,0.0,0.0,0.0,0,,,,,14.827369384,1
gestion_2021-08-23_1,36,none,,adaptive_gaussian,docling_easyocr,qwen,9,0,0,0,9,0.0,0.0,0.0,0,,,,,43.188163524,1
gestion_2021-08-23_1,36,none,,adaptive_gaussian,docling_rapidocr,qwen,9,0,0,0,9,0.0,0.0,0.0,0,,,,,10.240106826,1
gestion_2021-08-23_1,36,none,,adaptive_mean,docling_easyocr,qwen,9,0,0,0,9,0.0,0.0,0.0,0,,,,,41.647157674,1
gestion_2021-08-23_1,36,none,,adaptive_mean,docling_rapidocr,qwen,9,0,0,0,9,0.0,0.0,0.0,0,,,,,9.973255401,1
gestion_2021-08-23_1,36,none,,basic,docling_easyocr,qwen,9,0,0,0,9,0.0,0.0,0.0,0,,,,,45.490101436,1
gestion_2021-08-23_1,36,none,,basic,docling_rapidocr,qwen,9,1,0,1,9,0.0,0.0,0.0,1,0.0,0.0,0.8280701754385965,0.9791666666666666,11.06728063,0
gestion_2021-08-23_1,36,none,,niblack,docling_easyocr,qwen,9,0,0,0,9,0.0,0.0,0.0,0,,,,,33.998403688,1
gestion_2021-08-23_1,36,none,,niblack,docling_rapidocr,qwen,9,0,0,0,9,0.0,0.0,0.0,0,,,,,10.130955596,1
gestion_2021-08-23_1,36,none,,none_color,docling_easyocr,qwen,9,2,2,0,7,1.0,0.222222,0.363636,2,0.7618636755823986,1.0,0.0,0.0,46.944868902,0
gestion_2021-08-23_1,36,none,,none_color,docling_rapidocr,qwen,9,0,0,0,9,0.0,0.0,0.0,0,,,,,14.542926649,2
gestion_2021-08-23_1,36,none,,none_grayscale,docling_easyocr,qwen,9,0,0,0,9,0.0,0.0,0.0,0,,,,,47.425055126,1
gestion_2021-08-23_1,36,none,,none_grayscale,docling_rapidocr,qwen,9,5,4,1,5,0.8,0.444444,0.571429,5,0.5705493241299971,0.7466666666666667,0.2446670308990469,0.3384615384615385,15.043674593,4
gestion_2021-08-23_1,36,none,,otsu,docling_easyocr,qwen,9,0,0,0,9,0.0,0.0,0.0,0,,,,,54.074345521,1
gestion_2021-08-23_1,36,none,,otsu,docling_rapidocr,qwen,9,0,0,0,9,0.0,0.0,0.0,0,,,,,16.051649265,1
gestion_2021-08-23_1,37,none,,adaptive_gaussian,docling_easyocr,qwen,9,0,0,0,9,0.0,0.0,0.0,0,,,,,43.626214105,1
gestion_2021-08-23_1,37,none,,adaptive_gaussian,docling_rapidocr,qwen,9,0,0,0,9,0.0,0.0,0.0,0,,,,,10.884302217,1
gestion_2021-08-23_1,37,none,,adaptive_mean,docling_easyocr,qwen,9,0,0,0,9,0.0,0.0,0.0,0,,,,,41.087019044,1
gestion_2021-08-23_1,37,none,,adaptive_mean,docling_rapidocr,qwen,9,0,0,0,9,0.0,0.0,0.0,0,,,,,9.862503368,1
gestion_2021-08-23_1,37,none,,basic,docling_easyocr,qwen,9,0,0,0,9,0.0,0.0,0.0,0,,,,,47.282717399,1
gestion_2021-08-23_1,37,none,,basic,docling_rapidocr,qwen,9,0,0,0,9,0.0,0.0,0.0,0,,,,,16.430711917,1
gestion_2021-08-23_1,37,none,,niblack,docling_easyocr,qwen,9,0,0,0,9,0.0,0.0,0.0,0,,,,,39.831898424,1
gestion_2021-08-23_1,37,none,,niblack,docling_rapidocr,qwen,9,0,0,0,9,0.0,0.0,0.0,0,,,,,8.922616931,1
gestion_2021-08-23_1,37,none,,none_color,docling_easyocr,qwen,9,2,2,0,7,1.0,0.222222,0.363636,2,0.770060396893874,1.0,0.0,0.0,43.605394058,0
gestion_2021-08-23_1,37,none,,none_color,docling_rapidocr,qwen,9,5,0,5,9,0.0,0.0,0.0,5,0.002197802197802198,0.013333333333333332,0.7511701504248929,0.9397338772338772,16.201320343,0
gestion_2021-08-23_1,37,none,,none_grayscale,docling_easyocr,qwen,9,2,2,0,7,1.0,0.222222,0.363636,2,0.7782571182053495,1.0,0.0,0.0,49.02808135,0
gestion_2021-08-23_1,37,none,,none_grayscale,docling_rapidocr,qwen,9,5,5,0,4,1.0,0.555556,0.714286,5,0.723127133585925,0.9860606060606061,0.09964912280701754,0.175,15.953630619,0
gestion_2021-08-23_1,37,none,,otsu,docling_easyocr,qwen,9,2,2,0,7,1.0,0.222222,0.363636,2,0.7955043859649122,1.25,0.0,0.0,55.009596353,0
gestion_2021-08-23_1,37,none,,otsu,docling_rapidocr,qwen,9,0,0,0,9,0.0,0.0,0.0,0,,,,,14.7949431,1
gestion_2021-08-23_1,38,none,,adaptive_gaussian,docling_easyocr,qwen,9,0,0,0,9,0.0,0.0,0.0,0,,,,,38.336208762,1
gestion_2021-08-23_1,38,none,,adaptive_gaussian,docling_rapidocr,qwen,9,0,0,0,9,0.0,0.0,0.0,0,,,,,10.187186183,1
gestion_2021-08-23_1,38,none,,adaptive_mean,docling_easyocr,qwen,9,0,0,0,9,0.0,0.0,0.0,0,,,,,36.21444744,1
gestion_2021-08-23_1,38,none,,adaptive_mean,docling_rapidocr,qwen,9,1,0,1,9,0.0,0.0,0.0,1,0.0,0.0,1.0,1.0,9.640178145,0
gestion_2021-08-23_1,38,none,,basic,docling_easyocr,qwen,9,0,0,0,9,0.0,0.0,0.0,0,,,,,45.267773186,1
gestion_2021-08-23_1,38,none,,basic,docling_rapidocr,qwen,9,1,0,1,9,0.0,0.0,0.0,1,0.0,0.0,0.887719298245614,1.0,11.360268628,0
gestion_2021-08-23_1,38,none,,niblack,docling_easyocr,qwen,9,0,0,0,9,0.0,0.0,0.0,0,,,,,39.771271304,1
gestion_2021-08-23_1,38,none,,niblack,docling_rapidocr,qwen,9,0,0,0,9,0.0,0.0,0.0,0,,,,,8.655481652,1
gestion_2021-08-23_1,38,none,,none_color,docling_easyocr,qwen,9,0,0,0,9,0.0,0.0,0.0,0,,,,,41.450231826,1
gestion_2021-08-23_1,38,none,,none_color,docling_rapidocr,qwen,9,5,0,5,9,0.0,0.0,0.0,5,0.006593406593406593,0.013333333333333332,0.7496789223547174,0.9286227661227662,15.017046725,0
gestion_2021-08-23_1,38,none,,none_grayscale,docling_easyocr,qwen,9,2,2,0,7,1.0,0.222222,0.363636,2,0.7372735116479724,1.0,0.0,0.0,46.141820704,0
gestion_2021-08-23_1,38,none,,none_grayscale,docling_rapidocr,qwen,9,5,0,5,9,0.0,0.0,0.0,5,0.006593406593406593,0.013333333333333332,0.7496789223547174,0.9286227661227662,15.059899365,0
gestion_2021-08-23_1,38,none,,otsu,docling_easyocr,qwen,9,1,0,1,9,0.0,0.0,0.0,1,0.07692307692307693,0.7,1.0,1.0,51.337979352,0
gestion_2021-08-23_1,38,none,,otsu,docling_rapidocr,qwen,9,5,4,1,5,0.8,0.444444,0.571429,5,0.7055845243900916,0.8666666666666666,0.2,0.2,15.757899558,0
gestion_2021-08-23_1,39,none,,adaptive_gaussian,docling_easyocr,qwen,9,0,0,0,9,0.0,0.0,0.0,0,,,,,49.642541808,1
gestion_2021-08-23_1,39,none,,adaptive_gaussian,docling_rapidocr,qwen,9,0,0,0,9,0.0,0.0,0.0,0,,,,,16.480770749,1
gestion_2021-08-23_1,39,none,,adaptive_mean,docling_easyocr,qwen,9,0,0,0,9,0.0,0.0,0.0,0,,,,,41.886778992,1
gestion_2021-08-23_1,39,none,,adaptive_mean,docling_rapidocr,qwen,9,0,0,0,9,0.0,0.0,0.0,0,,,,,15.696471137,1
gestion_2021-08-23_1,39,none,,basic,docling_easyocr,qwen,9,6,0,6,9,0.0,0.0,0.0,5,0.32428355957767724,0.45,0.9957274162127557,1.0,58.696434275,0
gestion_2021-08-23_1,39,none,,basic,docling_rapidocr,qwen,9,0,0,0,9,0.0,0.0,0.0,0,,,,,22.301824347,5
gestion_2021-08-23_1,39,none,,niblack,docling_easyocr,qwen,9,0,0,0,9,0.0,0.0,0.0,0,,,,,45.20075532,1
gestion_2021-08-23_1,39,none,,niblack,docling_rapidocr,qwen,9,0,0,0,9,0.0,0.0,0.0,0,,,,,15.562876902,1
gestion_2021-08-23_1,39,none,,none_color,docling_easyocr,qwen,9,5,0,5,9,0.0,0.0,0.0,5,0.08374272786037493,0.445,0.7684432710634572,0.9383449883449885,59.033714549,0
gestion_2021-08-23_1,39,none,,none_color,docling_rapidocr,qwen,9,0,0,0,9,0.0,0.0,0.0,0,,,,,21.856995122,11
gestion_2021-08-23_1,39,none,,none_grayscale,docling_easyocr,qwen,9,5,0,5,9,0.0,0.0,0.0,5,0.07989657401422108,0.4050000000000001,0.7777327779238729,0.9494560994560995,59.140196578,0
gestion_2021-08-23_1,39,none,,none_grayscale,docling_rapidocr,qwen,9,10,6,4,3,0.6,0.666667,0.631579,9,0.5313279653427175,0.5981481481481481,0.3104384462607009,0.33564814814814814,21.72975351,0
gestion_2021-08-23_1,39,none,,otsu,docling_easyocr,qwen,9,5,4,1,5,0.8,0.444444,0.571429,5,0.63810503550184,0.925,0.2,0.2,53.983556597,0
gestion_2021-08-23_1,39,none,,otsu,docling_rapidocr,qwen,9,0,0,0,9,0.0,0.0,0.0,0,,,,,21.439324467,7
gestion_2021-08-23_1,40,none,,adaptive_gaussian,docling_easyocr,qwen,9,0,0,0,9,0.0,0.0,0.0,0,,,,,54.378815011,1
gestion_2021-08-23_1,40,none,,adaptive_gaussian,docling_rapidocr,qwen,9,0,0,0,9,0.0,0.0,0.0,0,,,,,17.263364152,1
gestion_2021-08-23_1,40,none,,adaptive_mean,docling_easyocr,qwen,9,0,0,0,9,0.0,0.0,0.0,0,,,,,50.788199023,1
gestion_2021-08-23_1,40,none,,adaptive_mean,docling_rapidocr,qwen,9,0,0,0,9,0.0,0.0,0.0,0,,,,,15.096095399,1
gestion_2021-08-23_1,40,none,,basic,docling_easyocr,qwen,9,5,4,1,5,0.8,0.444444,0.571429,5,0.6538567586519344,0.96,0.2,0.2,52.889618804,0
gestion_2021-08-23_1,40,none,,basic,docling_rapidocr,qwen,9,0,0,0,9,0.0,0.0,0.0,0,,,,,20.159474541,0
gestion_2021-08-23_1,40,none,,niblack,docling_easyocr,qwen,9,0,0,0,9,0.0,0.0,0.0,0,,,,,42.616708964,1
gestion_2021-08-23_1,40,none,,niblack,docling_rapidocr,qwen,9,0,0,0,9,0.0,0.0,0.0,0,,,,,15.515260905,1
gestion_2021-08-23_1,40,none,,none_color,docling_easyocr,qwen,9,6,5,1,4,0.833333,0.555556,0.666667,6,0.6118561198174157,0.9208333333333334,0.2309941520467836,0.2673611111111111,51.553319827,0
gestion_2021-08-23_1,40,none,,none_color,docling_rapidocr,qwen,9,0,0,0,9,0.0,0.0,0.0,0,,,,,19.799920693,10
gestion_2021-08-23_1,40,none,,none_grayscale,docling_easyocr,qwen,9,6,5,1,4,0.833333,0.555556,0.666667,6,0.6335377718539271,0.9833333333333334,0.21393988848089215,0.2673611111111111,58.857974936,0
gestion_2021-08-23_1,40,none,,none_grayscale,docling_rapidocr,qwen,9,0,0,0,9,0.0,0.0,0.0,0,,,,,21.801579644,12
gestion_2021-08-23_1,40,none,,otsu,docling_easyocr,qwen,9,6,4,2,5,0.666667,0.444444,0.533333,6,0.5699758570334311,0.8166666666666668,0.3333333333333333,0.3333333333333333,57.9880631,0
gestion_2021-08-23_1,40,none,,otsu,docling_rapidocr,qwen,9,0,0,0,9,0.0,0.0,0.0,0,,,,,21.09872791,14
gestion_2021-08-23_1,41,none,,adaptive_gaussian,docling_easyocr,qwen,9,0,0,0,9,0.0,0.0,0.0,0,,,,,48.659793652,1
gestion_2021-08-23_1,41,none,,adaptive_gaussian,docling_rapidocr,qwen,9,0,0,0,9,0.0,0.0,0.0,0,,,,,15.699502028,1
gestion_2021-08-23_1,41,none,,adaptive_mean,docling_easyocr,qwen,9,0,0,0,9,0.0,0.0,0.0,0,,,,,46.681439675,1
gestion_2021-08-23_1,41,none,,adaptive_mean,docling_rapidocr,qwen,9,0,0,0,9,0.0,0.0,0.0,0,,,,,14.00324396,1
gestion_2021-08-23_1,41,none,,basic,docling_easyocr,qwen,9,0,0,0,9,0.0,0.0,0.0,0,,,,,51.024001729,1
gestion_2021-08-23_1,41,none,,basic,docling_rapidocr,qwen,9,3,0,3,9,0.0,0.0,0.0,3,0.26174428104575165,0.375,0.8267145135566188,0.9791666666666666,17.520726096,0
gestion_2021-08-23_1,41,none,,niblack,docling_easyocr,qwen,9,0,0,0,9,0.0,0.0,0.0,0,,,,,46.283669331,1
gestion_2021-08-23_1,41,none,,niblack,docling_rapidocr,qwen,9,0,0,0,9,0.0,0.0,0.0,0,,,,,16.116401293,1
gestion_2021-08-23_1,41,none,,none_color,docling_easyocr,qwen,9,5,4,1,5,0.8,0.444444,0.571429,5,0.661080873434267,0.875,0.2,0.2,59.631589066,0
gestion_2021-08-23_1,41,none,,none_color,docling_rapidocr,qwen,9,9,5,4,4,0.555556,0.555556,0.555556,6,0.33414399807842426,0.36111111111111116,0.1661099609598845,0.24537037037037038,18.942183829,9
gestion_2021-08-23_1,41,none,,none_grayscale,docling_easyocr,qwen,9,5,4,1,5,0.8,0.444444,0.571429,5,0.661080873434267,0.875,0.2,0.2,52.163713586,0
gestion_2021-08-23_1,41,none,,none_grayscale,docling_rapidocr,qwen,9,9,5,4,4,0.555556,0.555556,0.555556,6,0.33414399807842426,0.36111111111111116,0.1661099609598845,0.24537037037037038,22.467994071,9
gestion_2021-08-23_1,41,none,,otsu,docling_easyocr,qwen,9,5,4,1,5,0.8,0.444444,0.571429,5,0.644147234990331,0.9,0.2,0.2,61.18598498,0
gestion_2021-08-23_1,41,none,,otsu,docling_rapidocr,qwen,9,8,1,7,8,0.125,0.111111,0.117647,7,0.020050125313283207,0.028571428571428574,0.8239669485241521,0.9324633699633699,21.233543526,0
gestion_2021-08-23_1,42,none,,adaptive_gaussian,docling_easyocr,qwen,9,0,0,0,9,0.0,0.0,0.0,0,,,,,47.354264809,1
gestion_2021-08-23_1,42,none,,adaptive_gaussian,docling_rapidocr,qwen,9,0,0,0,9,0.0,0.0,0.0,0,,,,,10.785011603,1
gestion_2021-08-23_1,42,none,,adaptive_mean,docling_easyocr,qwen,9,0,0,0,9,0.0,0.0,0.0,0,,,,,42.349903179,1
gestion_2021-08-23_1,42,none,,adaptive_mean,docling_rapidocr,qwen,9,0,0,0,9,0.0,0.0,0.0,0,,,,,11.551451279,1
gestion_2021-08-23_1,42,none,,basic,docling_easyocr,qwen,9,0,0,0,9,0.0,0.0,0.0,0,,,,,53.452136921,1
gestion_2021-08-23_1,42,none,,basic,docling_rapidocr,qwen,9,0,0,0,9,0.0,0.0,0.0,0,,,,,14.756266999,1
gestion_2021-08-23_1,42,none,,niblack,docling_easyocr,qwen,9,0,0,0,9,0.0,0.0,0.0,0,,,,,39.404127327,1
gestion_2021-08-23_1,42,none,,niblack,docling_rapidocr,qwen,9,0,0,0,9,0.0,0.0,0.0,0,,,,,9.960584132,1
gestion_2021-08-23_1,42,none,,none_color,docling_easyocr,qwen,9,4,4,0,5,1.0,0.444444,0.615385,4,0.843424686761451,1.1666666666666667,0.0,0.0,48.739391732,0
gestion_2021-08-23_1,42,none,,none_color,docling_rapidocr,qwen,9,7,4,3,5,0.571429,0.444444,0.5,7,0.6579444099269761,0.7000000000000001,0.2937143503615913,0.3885697635697635,16.652112412,0
gestion_2021-08-23_1,42,none,,none_grayscale,docling_easyocr,qwen,9,0,0,0,9,0.0,0.0,0.0,0,,,,,47.976829933,1
gestion_2021-08-23_1,42,none,,none_grayscale,docling_rapidocr,qwen,9,0,0,0,9,0.0,0.0,0.0,0,,,,,16.113987135,5
gestion_2021-08-23_1,42,none,,otsu,docling_easyocr,qwen,9,0,0,0,9,0.0,0.0,0.0,0,,,,,52.268840075,1
gestion_2021-08-23_1,42,none,,otsu,docling_rapidocr,qwen,9,4,1,3,8,0.25,0.111111,0.153846,4,0.5490465416936005,0.8895833333333333,0.7597140313786581,1.0220352564102564,15.872251988,0
gestion_2021-08-23_1,43,none,,adaptive_gaussian,docling_easyocr,qwen,9,0,0,0,9,0.0,0.0,0.0,0,,,,,43.334215859,1
gestion_2021-08-23_1,43,none,,adaptive_gaussian,docling_rapidocr,qwen,9,0,0,0,9,0.0,0.0,0.0,0,,,,,9.975937823,1
gestion_2021-08-23_1,43,none,,adaptive_mean,docling_easyocr,qwen,9,0,0,0,9,0.0,0.0,0.0,0,,,,,44.001319149,1
gestion_2021-08-23_1,43,none,,adaptive_mean,docling_rapidocr,qwen,9,0,0,0,9,0.0,0.0,0.0,0,,,,,9.846175412,1
gestion_2021-08-23_1,43,none,,basic,docling_easyocr,qwen,9,0,0,0,9,0.0,0.0,0.0,0,,,,,54.893534972,1
gestion_2021-08-23_1,43,none,,basic,docling_rapidocr,qwen,9,0,0,0,9,0.0,0.0,0.0,0,,,,,13.861023499,1
gestion_2021-08-23_1,43,none,,none_color,docling_easyocr,qwen,9,3,2,1,7,0.666667,0.222222,0.333333,3,0.797131852453377,1.0,0.2638888888888889,0.3181818181818182,53.7024637,0
gestion_2021-08-23_1,43,none,,none_color,docling_rapidocr,qwen,9,10,3,7,6,0.3,0.333333,0.315789,5,0.6386877828054298,0.725,0.4484495328315449,0.8441045066045068,15.840981795,0
gestion_2021-08-23_1,43,none,,none_grayscale,docling_easyocr,qwen,9,3,0,3,9,0.0,0.0,0.0,3,0.5194035947712418,0.6611111111111111,0.8418859879067492,0.9743589743589745,53.901174141,0
gestion_2021-08-23_1,43,none,,none_grayscale,docling_rapidocr,qwen,9,6,2,4,7,0.333333,0.222222,0.266667,5,0.46231415643180346,0.6983333333333334,0.4832476732699508,0.8241258741258741,16.311968161,0
gestion_2021-08-23_1,43,none,,otsu,docling_easyocr,qwen,9,0,0,0,9,0.0,0.0,0.0,0,,,,,54.613694336,1
gestion_2021-08-23_1,43,none,,otsu,docling_rapidocr,qwen,9,0,0,0,9,0.0,0.0,0.0,0,,,,,15.897777703,1
gestion_2021-08-23_1,44,none,,adaptive_gaussian,docling_easyocr,qwen,9,0,0,0,9,0.0,0.0,0.0,0,,,,,47.618640091,1
gestion_2021-08-23_1,44,none,,adaptive_gaussian,docling_rapidocr,qwen,9,0,0,0,9,0.0,0.0,0.0,0,,,,,11.253938582,1
gestion_2021-08-23_1,44,none,,adaptive_mean,docling_easyocr,qwen,9,0,0,0,9,0.0,0.0,0.0,0,,,,,48.605201628,1
gestion_2021-08-23_1,44,none,,adaptive_mean,docling_rapidocr,qwen,9,0,0,0,9,0.0,0.0,0.0,0,,,,,9.740785744,1
gestion_2021-08-23_1,44,none,,basic,docling_easyocr,qwen,9,0,0,0,9,0.0,0.0,0.0,0,,,,,52.106747151,1
gestion_2021-08-23_1,44,none,,basic,docling_rapidocr,qwen,9,0,0,0,9,0.0,0.0,0.0,0,,,,,13.948344708,1
gestion_2021-08-23_1,44,none,,niblack,docling_rapidocr,qwen,9,0,0,0,9,0.0,0.0,0.0,0,,,,,9.842713324,1
gestion_2021-08-23_1,44,none,,none_color,docling_easyocr,qwen,9,3,0,3,9,0.0,0.0,0.0,3,0.2778327677224736,0.5222222222222223,0.9174321471738387,0.9743589743589745,54.989779473,0
gestion_2021-08-23_1,44,none,,none_color,docling_rapidocr,qwen,9,0,0,0,9,0.0,0.0,0.0,0,,,,,17.213696719,2
gestion_2021-08-23_1,44,none,,none_grayscale,docling_easyocr,qwen,9,3,0,3,9,0.0,0.0,0.0,3,0.2778327677224736,0.5222222222222223,0.9174321471738387,0.9743589743589745,55.770927668,0
gestion_2021-08-23_1,44,none,,none_grayscale,docling_rapidocr,qwen,9,0,0,0,9,0.0,0.0,0.0,0,,,,,15.867820978,2
gestion_2021-08-23_1,44,none,,otsu,docling_easyocr,qwen,9,0,0,0,9,0.0,0.0,0.0,0,,,,,54.862474919,1
gestion_2021-08-23_1,44,none,,otsu,docling_rapidocr,qwen,9,4,2,2,7,0.5,0.222222,0.307692,4,0.9604694517267316,1.0499999999999998,0.678548644338118,0.8609775641025641,16.043772221,0
gestion_2021-08-23_1,45,none,,adaptive_gaussian,docling_easyocr,qwen,9,0,0,0,9,0.0,0.0,0.0,0,,,,,39.743110302,1
gestion_2021-08-23_1,45,none,,adaptive_gaussian,docling_rapidocr,qwen,9,0,0,0,9,0.0,0.0,0.0,0,,,,,11.505914334,1
gestion_2021-08-23_1,45,none,,adaptive_mean,docling_easyocr,qwen,9,0,0,0,9,0.0,0.0,0.0,0,,,,,34.532221678,1
gestion_2021-08-23_1,45,none,,adaptive_mean,docling_rapidocr,qwen,9,0,0,0,9,0.0,0.0,0.0,0,,,,,10.268547896,1
gestion_2021-08-23_1,45,none,,basic,docling_easyocr,qwen,9,0,0,0,9,0.0,0.0,0.0,0,,,,,39.909727312,1
gestion_2021-08-23_1,45,none,,basic,docling_rapidocr,qwen,9,0,0,0,9,0.0,0.0,0.0,0,,,,,9.634802557,1
gestion_2021-08-23_1,45,none,,none_color,docling_easyocr,qwen,9,0,0,0,9,0.0,0.0,0.0,0,,,,,34.311265923,1
gestion_2021-08-23_1,45,none,,none_grayscale,docling_easyocr,qwen,9,0,0,0,9,0.0,0.0,0.0,0,,,,,39.9504833,1
gestion_2021-08-23_1,45,none,,otsu,docling_easyocr,qwen,9,0,0,0,9,0.0,0.0,0.0,0,,,,,35.489904143,1
gestion_2021-08-23_1,45,none,,otsu,docling_rapidocr,qwen,9,0,0,0,9,0.0,0.0,0.0,0,,,,,9.693375565,1
gestion_2021-08-23_1,46,none,,adaptive_gaussian,docling_easyocr,qwen,9,0,0,0,9,0.0,0.0,0.0,0,,,,,40.158016615,1
gestion_2021-08-23_1,46,none,,adaptive_gaussian,docling_rapidocr,qwen,9,0,0,0,9,0.0,0.0,0.0,0,,,,,10.453295641,1
gestion_2021-08-23_1,46,none,,basic,docling_easyocr,qwen,9,0,0,0,9,0.0,0.0,0.0,0,,,,,38.164118555,1
gestion_2021-08-23_1,46,none,,basic,docling_rapidocr,qwen,9,0,0,0,9,0.0,0.0,0.0,0,,,,,9.205586222,1
gestion_2021-08-23_1,46,none,,none_color,docling_easyocr,qwen,9,0,0,0,9,0.0,0.0,0.0,0,,,,,35.291194228,1
gestion_2021-08-23_1,46,none,,none_grayscale,docling_easyocr,qwen,9,0,0,0,9,0.0,0.0,0.0,0,,,,,39.755222586,1
gestion_2021-08-23_1,46,none,,otsu,docling_easyocr,qwen,9,0,0,0,9,0.0,0.0,0.0,0,,,,,39.803190497,1
gestion_2021-08-23_1,46,none,,otsu,docling_rapidocr,qwen,9,0,0,0,9,0.0,0.0,0.0,0,,,,,9.731847552,1
gestion_2021-08-23_1,47,none,,adaptive_gaussian,docling_easyocr,qwen,9,0,0,0,9,0.0,0.0,0.0,0,,,,,39.211931639,1
gestion_2021-08-23_1,47,none,,adaptive_gaussian,docling_rapidocr,qwen,9,0,0,0,9,0.0,0.0,0.0,0,,,,,10.752352887,1
gestion_2021-08-23_1,47,none,,adaptive_mean,docling_easyocr,qwen,9,0,0,0,9,0.0,0.0,0.0,0,,,,,34.265159779,1
gestion_2021-08-23_1,47,none,,basic,docling_easyocr,qwen,9,0,0,0,9,0.0,0.0,0.0,0,,,,,39.396803645,1
gestion_2021-08-23_1,47,none,,basic,docling_rapidocr,qwen,9,0,0,0,9,0.0,0.0,0.0,0,,,,,9.821451691,1
gestion_2021-08-23_1,47,none,,none_color,docling_easyocr,qwen,9,0,0,0,9,0.0,0.0,0.0,0,,,,,40.502515105,1
gestion_2021-08-23_1,47,none,,none_grayscale,docling_easyocr,qwen,9,0,0,0,9,0.0,0.0,0.0,0,,,,,40.007500437,1
gestion_2021-08-23_1,47,none,,otsu,docling_easyocr,qwen,9,0,0,0,9,0.0,0.0,0.0,0,,,,,39.787805823,1
gestion_2021-08-23_1,47,none,,otsu,docling_rapidocr,qwen,9,0,0,0,9,0.0,0.0,0.0,0,,,,,9.747018126,1
gestion_2021-08-23_1,48,none,,adaptive_gaussian,docling_easyocr,qwen,9,0,0,0,9,0.0,0.0,0.0,0,,,,,58.297057206,1
gestion_2021-08-23_1,48,none,,adaptive_gaussian,docling_rapidocr,qwen,9,0,0,0,9,0.0,0.0,0.0,0,,,,,25.141120488,1
gestion_2021-08-23_1,48,none,,adaptive_mean,docling_easyocr,qwen,9,0,0,0,9,0.0,0.0,0.0,0,,,,,57.312960917,1
gestion_2021-08-23_1,48,none,,adaptive_mean,docling_rapidocr,qwen,9,0,0,0,9,0.0,0.0,0.0,0,,,,,26.005665356,1
gestion_2021-08-23_1,48,none,,basic,docling_easyocr,qwen,9,0,0,0,9,0.0,0.0,0.0,0,,,,,56.05185142,1
gestion_2021-08-23_1,48,none,,basic,docling_rapidocr,qwen,9,1,1,0,8,1.0,0.111111,0.2,1,0.7017543859649122,0.9,0.0,0.0,26.847940354,0
gestion_2021-08-23_1,48,none,,niblack,docling_easyocr,qwen,9,0,0,0,9,0.0,0.0,0.0,0,,,,,55.599710652,1
gestion_2021-08-23_1,48,none,,niblack,docling_rapidocr,qwen,9,0,0,0,9,0.0,0.0,0.0,0,,,,,24.478758284,1
gestion_2021-08-23_1,48,none,,none_color,docling_easyocr,qwen,9,2,2,0,7,1.0,0.222222,0.363636,2,0.6962899050905953,1.0,0.0,0.0,59.680586724,0
gestion_2021-08-23_1,48,none,,none_color,docling_rapidocr,qwen,9,0,0,0,9,0.0,0.0,0.0,0,,,,,31.338784604,4
gestion_2021-08-23_1,48,none,,none_grayscale,docling_easyocr,qwen,9,2,2,0,7,1.0,0.222222,0.363636,2,0.6962899050905953,1.0,0.0,0.0,59.536428599,0
gestion_2021-08-23_1,48,none,,none_grayscale,docling_rapidocr,qwen,9,5,2,3,7,0.4,0.222222,0.285714,5,0.2331223882995821,0.33999999999999997,0.6063860421736946,0.7011655011655011,30.735639624,3
gestion_2021-08-23_1,48,none,,otsu,docling_easyocr,qwen,9,0,0,0,9,0.0,0.0,0.0,0,,,,,61.052326111,1
gestion_2021-08-23_1,48,none,,otsu,docling_rapidocr,qwen,9,0,0,0,9,0.0,0.0,0.0,0,,,,,28.541873602,1
gestion_2021-08-23_1,49,none,,adaptive_gaussian,docling_easyocr,qwen,9,0,0,0,9,0.0,0.0,0.0,0,,,,,59.062325633,1
gestion_2021-08-23_1,49,none,,adaptive_gaussian,docling_rapidocr,qwen,9,0,0,0,9,0.0,0.0,0.0,0,,,,,25.314809,1
gestion_2021-08-23_1,49,none,,adaptive_mean,docling_easyocr,qwen,9,0,0,0,9,0.0,0.0,0.0,0,,,,,59.550609982,1
gestion_2021-08-23_1,49,none,,adaptive_mean,docling_rapidocr,qwen,9,0,0,0,9,0.0,0.0,0.0,0,,,,,25.146634972,1
gestion_2021-08-23_1,49,none,,basic,docling_easyocr,qwen,9,0,0,0,9,0.0,0.0,0.0,0,,,,,69.115057002,1
gestion_2021-08-23_1,49,none,,basic,docling_rapidocr,qwen,9,4,3,1,6,0.75,0.333333,0.461538,4,0.6013130931837791,0.75,0.24210526315789474,0.25,29.779364834,0
gestion_2021-08-23_1,49,none,,niblack,docling_easyocr,qwen,9,0,0,0,9,0.0,0.0,0.0,0,,,,,56.58014572,1
gestion_2021-08-23_1,49,none,,niblack,docling_rapidocr,qwen,9,0,0,0,9,0.0,0.0,0.0,0,,,,,25.200685147,1
gestion_2021-08-23_1,49,none,,none_color,docling_easyocr,qwen,9,2,0,2,9,0.0,0.0,0.0,2,0.082579185520362,0.4666666666666667,0.9965397923875432,1.0,61.012613545,0
gestion_2021-08-23_1,49,none,,none_color,docling_rapidocr,qwen,9,4,1,3,8,0.25,0.111111,0.153846,4,0.30663999718739954,0.5125,0.6407296650717703,0.7124490093240093,30.966609726,0
gestion_2021-08-23_1,49,none,,none_grayscale,docling_easyocr,qwen,9,2,0,2,9,0.0,0.0,0.0,2,0.082579185520362,0.4666666666666667,0.9965397923875432,1.0,62.695904265,0
gestion_2021-08-23_1,49,none,,none_grayscale,docling_rapidocr,qwen,9,4,1,3,8,0.25,0.111111,0.153846,4,0.30663999718739954,0.5125,0.6407296650717703,0.7124490093240093,28.859643469,0
gestion_2021-08-23_1,49,none,,otsu,docling_easyocr,qwen,9,0,0,0,9,0.0,0.0,0.0,0,,,,,69.401649962,1
gestion_2021-08-23_1,49,none,,otsu,docling_rapidocr,qwen,9,0,0,0,9,0.0,0.0,0.0,0,,,,,28.89496399,1
gestion_2021-08-23_1,50,none,,adaptive_gaussian,docling_easyocr,qwen,9,0,0,0,9,0.0,0.0,0.0,0,,,,,54.046188449,1
gestion_2021-08-23_1,50,none,,adaptive_gaussian,docling_rapidocr,qwen,9,0,0,0,9,0.0,0.0,0.0,0,,,,,25.905248498,1
gestion_2021-08-23_1,50,none,,adaptive_mean,docling_easyocr,qwen,9,0,0,0,9,0.0,0.0,0.0,0,,,,,53.587130641,1
gestion_2021-08-23_1,50,none,,adaptive_mean,docling_rapidocr,qwen,9,0,0,0,9,0.0,0.0,0.0,0,,,,,26.09881935,1
gestion_2021-08-23_1,50,none,,basic,docling_easyocr,qwen,9,0,0,0,9,0.0,0.0,0.0,0,,,,,60.870491215,1
gestion_2021-08-23_1,50,none,,basic,docling_rapidocr,qwen,9,1,0,1,9,0.0,0.0,0.0,1,0.0,0.0,0.8982456140350877,1.0,27.630236575,0
gestion_2021-08-23_1,50,none,,niblack,docling_easyocr,qwen,9,0,0,0,9,0.0,0.0,0.0,0,,,,,54.993583834,1
gestion_2021-08-23_1,50,none,,niblack,docling_rapidocr,qwen,9,0,0,0,9,0.0,0.0,0.0,0,,,,,25.833217776,1
gestion_2021-08-23_1,50,none,,none_color,docling_easyocr,qwen,9,2,2,0,7,1.0,0.222222,0.363636,2,0.7618636755823986,1.0,0.0,0.0,59.025130936,0
gestion_2021-08-23_1,50,none,,none_color,docling_rapidocr,qwen,9,5,1,4,8,0.2,0.111111,0.142857,5,0.23293856477017036,0.32,0.6731962495102178,0.7588578088578088,31.184286782,0
gestion_2021-08-23_1,50,none,,none_grayscale,docling_easyocr,qwen,9,2,2,0,7,1.0,0.222222,0.363636,2,0.7618636755823986,1.0,0.0,0.0,55.650437304,0
gestion_2021-08-23_1,50,none,,none_grayscale,docling_rapidocr,qwen,9,5,1,4,8,0.2,0.111111,0.142857,5,0.23293856477017036,0.32,0.6731962495102178,0.7588578088578088,30.764769026,0
gestion_2021-08-23_1,50,none,,otsu,docling_easyocr,qwen,9,0,0,0,9,0.0,0.0,0.0,0,,,,,61.43138785,1
gestion_2021-08-23_1,50,none,,otsu,docling_rapidocr,qwen,9,0,0,0,9,0.0,0.0,0.0,0,,,,,29.950268218,1
gestion_2021-08-23_1,51,none,,adaptive_gaussian,docling_easyocr,qwen,9,0,0,0,9,0.0,0.0,0.0,0,,,,,48.410785298,1
gestion_2021-08-23_1,51,none,,adaptive_gaussian,docling_rapidocr,qwen,9,1,0,1,9,0.0,0.0,0.0,1,0.0,0.0,0.9192982456140351,1.0,14.212327818,0
gestion_2021-08-23_1,51,none,,adaptive_mean,docling_easyocr,qwen,9,0,0,0,9,0.0,0.0,0.0,0,,,,,41.026449542,1
gestion_2021-08-23_1,51,none,,adaptive_mean,docling_rapidocr,qwen,9,0,0,0,9,0.0,0.0,0.0,0,,,,,10.36252747,1
gestion_2021-08-23_1,51,none,,basic,docling_easyocr,qwen,9,5,3,2,6,0.6,0.333333,0.428571,5,0.5332308051813013,0.8,0.39687400318979266,0.4,53.438132002,0
gestion_2021-08-23_1,51,none,,basic,docling_rapidocr,qwen,9,0,0,0,9,0.0,0.0,0.0,0,,,,,15.152792885,6
gestion_2021-08-23_1,51,none,,niblack,docling_easyocr,qwen,9,0,0,0,9,0.0,0.0,0.0,0,,,,,39.354617425,1
gestion_2021-08-23_1,51,none,,niblack,docling_rapidocr,qwen,9,0,0,0,9,0.0,0.0,0.0,0,,,,,8.326548644,1
gestion_2021-08-23_1,51,none,,none_color,docling_easyocr,qwen,9,6,4,2,5,0.666667,0.444444,0.533333,6,0.6094406608802176,0.9208333333333334,0.3333333333333333,0.3333333333333333,50.07729049,0
gestion_2021-08-23_1,51,none,,none_color,docling_rapidocr,qwen,9,0,0,0,9,0.0,0.0,0.0,0,,,,,16.38821049,8
gestion_2021-08-23_1,51,none,,none_grayscale,docling_easyocr,qwen,9,5,4,1,5,0.8,0.444444,0.571429,5,0.6707518699793382,0.925,0.2,0.2,53.4448082,0
gestion_2021-08-23_1,51,none,,none_grayscale,docling_rapidocr,qwen,9,0,0,0,9,0.0,0.0,0.0,0,,,,,16.220535948,6
gestion_2021-08-23_1,51,none,,otsu,docling_easyocr,qwen,9,5,4,1,5,0.8,0.444444,0.571429,5,0.6141835790474046,0.8,0.2,0.2,52.259328869,0
gestion_2021-08-23_1,51,none,,otsu,docling_rapidocr,qwen,9,0,0,0,9,0.0,0.0,0.0,0,,,,,16.441936759,6
gestion_2021-08-23_1,52,none,,adaptive_gaussian,docling_easyocr,qwen,9,0,0,0,9,0.0,0.0,0.0,0,,,,,50.887251643,1
gestion_2021-08-23_1,52,none,,adaptive_gaussian,docling_rapidocr,qwen,9,0,0,0,9,0.0,0.0,0.0,0,,,,,13.735437182,1
gestion_2021-08-23_1,52,none,,adaptive_mean,docling_easyocr,qwen,9,0,0,0,9,0.0,0.0,0.0,0,,,,,50.235553292,1
gestion_2021-08-23_1,52,none,,adaptive_mean,docling_rapidocr,qwen,9,0,0,0,9,0.0,0.0,0.0,0,,,,,14.545551804,1
gestion_2021-08-23_1,52,none,,basic,docling_easyocr,qwen,9,5,4,1,5,0.8,0.444444,0.571429,5,0.6141835790474046,0.8,0.2,0.2,53.273451211,0
gestion_2021-08-23_1,52,none,,basic,docling_rapidocr,qwen,9,0,0,0,9,0.0,0.0,0.0,0,,,,,15.216755749,1
gestion_2021-08-23_1,52,none,,niblack,docling_easyocr,qwen,9,0,0,0,9,0.0,0.0,0.0,0,,,,,39.620658558,1
gestion_2021-08-23_1,52,none,,niblack,docling_rapidocr,qwen,9,0,0,0,9,0.0,0.0,0.0,0,,,,,9.665276688,1
gestion_2021-08-23_1,52,none,,none_color,docling_easyocr,qwen,9,5,0,5,9,0.0,0.0,0.0,5,0.11870825253178194,0.5433333333333333,0.9987878787878788,1.0,53.045491339,0
gestion_2021-08-23_1,52,none,,none_color,docling_rapidocr,qwen,9,0,0,0,9,0.0,0.0,0.0,0,,,,,14.455844046,12
gestion_2021-08-23_1,52,none,,none_grayscale,docling_easyocr,qwen,9,5,0,5,9,0.0,0.0,0.0,5,0.11478668390433096,0.5183333333333333,0.9987878787878788,1.0,53.865911843,0
gestion_2021-08-23_1,52,none,,none_grayscale,docling_rapidocr,qwen,9,8,4,4,5,0.5,0.444444,0.470588,7,0.324853018130329,0.41666666666666663,0.6004830254711668,0.6491910866910866,13.306021096,0
gestion_2021-08-23_1,52,none,,otsu,docling_easyocr,qwen,9,5,4,1,5,0.8,0.444444,0.571429,5,0.6203931737754936,0.8,0.2,0.2,53.109312489,0
gestion_2021-08-23_1,52,none,,otsu,docling_rapidocr,qwen,9,0,0,0,9,0.0,0.0,0.0,0,,,,,16.450510218,10
gestion_2021-08-23_1,53,none,,adaptive_gaussian,docling_easyocr,qwen,9,0,0,0,9,0.0,0.0,0.0,0,,,,,48.77453418,1
gestion_2021-08-23_1,53,none,,adaptive_gaussian,docling_rapidocr,qwen,9,0,0,0,9,0.0,0.0,0.0,0,,,,,13.288622811,1
gestion_2021-08-23_1,53,none,,adaptive_mean,docling_easyocr,qwen,9,0,0,0,9,0.0,0.0,0.0,0,,,,,44.884357169,1
gestion_2021-08-23_1,53,none,,adaptive_mean,docling_rapidocr,qwen,9,0,0,0,9,0.0,0.0,0.0,0,,,,,10.250867083,1
gestion_2021-08-23_1,53,none,,basic,docling_easyocr,qwen,9,4,1,3,8,0.25,0.111111,0.153846,4,0.243905108855283,0.49583333333333335,0.7452274520841267,0.75,55.349906493,0
gestion_2021-08-23_1,53,none,,basic,docling_rapidocr,qwen,9,0,0,0,9,0.0,0.0,0.0,0,,,,,15.552563,3
gestion_2021-08-23_1,53,none,,niblack,docling_easyocr,qwen,9,0,0,0,9,0.0,0.0,0.0,0,,,,,39.954561871,1
gestion_2021-08-23_1,53,none,,niblack,docling_rapidocr,qwen,9,0,0,0,9,0.0,0.0,0.0,0,,,,,9.723410052,1
gestion_2021-08-23_1,53,none,,none_color,docling_easyocr,qwen,9,5,5,0,4,1.0,0.555556,0.714286,5,0.7259046668840531,0.9800000000000001,0.08421052631578947,0.12916666666666668,51.285889435,0
gestion_2021-08-23_1,53,none,,none_color,docling_rapidocr,qwen,9,9,4,5,5,0.444444,0.444444,0.444444,5,0.18529411764705883,0.2,0.3859129802897406,0.43224553224553225,13.731939126,0
gestion_2021-08-23_1,53,none,,none_grayscale,docling_easyocr,qwen,9,5,1,4,8,0.2,0.111111,0.142857,5,0.11918228829993535,0.5316666666666666,0.7251208364664633,0.9060897435897436,55.705557633,0
gestion_2021-08-23_1,53,none,,none_grayscale,docling_rapidocr,qwen,9,9,4,5,5,0.444444,0.444444,0.444444,5,0.18529411764705883,0.2,0.3859129802897406,0.43224553224553225,16.23904996,0
gestion_2021-08-23_1,53,none,,otsu,docling_easyocr,qwen,9,5,4,1,5,0.8,0.444444,0.571429,5,0.6750424878283083,1.0,0.2,0.2,51.541657973,0
gestion_2021-08-23_1,53,none,,otsu,docling_rapidocr,qwen,9,0,0,0,9,0.0,0.0,0.0,0,,,,,15.873558808,6
gestion_2023-05-17_19,0,none,,adaptive_gaussian,docling_easyocr,qwen,1,0,0,0,1,0.0,0.0,0.0,0,,,,,40.674558206,1
gestion_2023-05-17_19,0,none,,adaptive_gaussian,docling_rapidocr,qwen,1,0,0,0,1,0.0,0.0,0.0,0,,,,,10.198530002,1
gestion_2023-05-17_19,0,none,,adaptive_mean,docling_easyocr,qwen,1,0,0,0,1,0.0,0.0,0.0,0,,,,,34.796878381,1
gestion_2023-05-17_19,0,none,,adaptive_mean,docling_rapidocr,qwen,1,0,0,0,1,0.0,0.0,0.0,0,,,,,9.440080447,1
gestion_2023-05-17_19,0,none,,basic,docling_easyocr,qwen,1,0,0,0,1,0.0,0.0,0.0,0,,,,,42.366551536,1
gestion_2023-05-17_19,0,none,,basic,docling_rapidocr,qwen,1,1,0,1,1,0.0,0.0,0.0,0,,,,,11.504506009,0
gestion_2023-05-17_19,0,none,,niblack,docling_easyocr,qwen,1,0,0,0,1,0.0,0.0,0.0,0,,,,,39.150451982,1
gestion_2023-05-17_19,0,none,,niblack,docling_rapidocr,qwen,1,0,0,0,1,0.0,0.0,0.0,0,,,,,8.977840745,1
gestion_2023-05-17_19,0,none,,none_color,docling_easyocr,qwen,1,1,0,1,1,0.0,0.0,0.0,0,,,,,77.811117547,0
gestion_2023-05-17_19,0,none,,none_color,docling_rapidocr,qwen,1,1,0,1,1,0.0,0.0,0.0,1,1.0,1.0,0.5555106984255147,0.6765432098765433,21.802824157,0
gestion_2023-05-17_19,0,none,,none_grayscale,docling_easyocr,qwen,1,1,0,1,1,0.0,0.0,0.0,0,,,,,73.980630057,0
gestion_2023-05-17_19,0,none,,none_grayscale,docling_rapidocr,qwen,1,1,0,1,1,0.0,0.0,0.0,1,1.0,1.0,0.5484457004440856,0.674074074074074,21.888290303,0
gestion_2023-05-17_19,0,none,,otsu,docling_easyocr,qwen,1,0,0,0,1,0.0,0.0,0.0,0,,,,,79.559056014,1
gestion_2023-05-17_19,0,none,,otsu,docling_rapidocr,qwen,1,1,0,1,1,0.0,0.0,0.0,1,0.0,0.0,0.9382317319337908,0.971604938271605,22.212378234,0
gestion_2023-05-17_19,1,none,,adaptive_gaussian,docling_easyocr,qwen,1,0,0,0,1,0.0,0.0,0.0,0,,,,,37.411686059,1
gestion_2023-05-17_19,1,none,,adaptive_gaussian,docling_rapidocr,qwen,1,0,0,0,1,0.0,0.0,0.0,0,,,,,11.103238936,1
gestion_2023-05-17_19,1,none,,adaptive_mean,docling_easyocr,qwen,1,0,0,0,1,0.0,0.0,0.0,0,,,,,40.093778176,1
gestion_2023-05-17_19,1,none,,adaptive_mean,docling_rapidocr,qwen,1,0,0,0,1,0.0,0.0,0.0,0,,,,,9.401976151,1
gestion_2023-05-17_19,1,none,,basic,docling_easyocr,qwen,1,1,0,1,1,0.0,0.0,0.0,1,0.5652173913043478,0.75,0.9959628582963262,1.0,77.537291425,0
gestion_2023-05-17_19,1,none,,basic,docling_rapidocr,qwen,1,0,0,0,1,0.0,0.0,0.0,0,,,,,21.851122039,1
gestion_2023-05-17_19,1,none,,niblack,docling_easyocr,qwen,1,0,0,0,1,0.0,0.0,0.0,0,,,,,38.719233689,1
gestion_2023-05-17_19,1,none,,niblack,docling_rapidocr,qwen,1,0,0,0,1,0.0,0.0,0.0,0,,,,,8.891775546,1
gestion_2023-05-17_19,1,none,,none_color,docling_easyocr,qwen,1,1,0,1,1,0.0,0.0,0.0,1,0.5652173913043478,0.75,0.9790068631408962,0.9901234567901235,67.198051351,0
gestion_2023-05-17_19,1,none,,none_color,docling_rapidocr,qwen,1,0,0,0,1,0.0,0.0,0.0,0,,,,,21.585206883,1
gestion_2023-05-17_19,1,none,,none_grayscale,docling_easyocr,qwen,1,1,0,1,1,0.0,0.0,0.0,1,0.5652173913043478,0.75,0.974566007266855,0.9901234567901235,76.537062543,0
gestion_2023-05-17_19,1,none,,none_grayscale,docling_rapidocr,qwen,1,0,0,0,1,0.0,0.0,0.0,0,,,,,21.375201838,1
gestion_2023-05-17_19,1,none,,otsu,docling_easyocr,qwen,1,0,0,0,1,0.0,0.0,0.0,0,,,,,76.76973626,1
gestion_2023-05-17_19,1,none,,otsu,docling_rapidocr,qwen,1,1,0,1,1,0.0,0.0,0.0,1,0.9565217391304348,1.0,0.7945094872830036,0.9246913580246914,21.760098189,0
gestion_2023-05-17_19,2,none,,adaptive_gaussian,docling_easyocr,qwen,1,0,0,0,1,0.0,0.0,0.0,0,,,,,40.236225482,1
gestion_2023-05-17_19,2,none,,adaptive_gaussian,docling_rapidocr,qwen,1,1,0,1,1,0.0,0.0,0.0,1,0.17391304347826086,0.5,0.9997981429148163,1.0,9.751857396,0
gestion_2023-05-17_19,2,none,,adaptive_mean,docling_easyocr,qwen,1,0,0,0,1,0.0,0.0,0.0,0,,,,,40.29987156,1
gestion_2023-05-17_19,2,none,,adaptive_mean,docling_rapidocr,qwen,1,0,0,0,1,0.0,0.0,0.0,0,,,,,10.140731927,1
gestion_2023-05-17_19,2,none,,basic,docling_easyocr,qwen,1,0,0,0,1,0.0,0.0,0.0,0,,,,,40.621630401,1
gestion_2023-05-17_19,2,none,,basic,docling_rapidocr,qwen,1,0,0,0,1,0.0,0.0,0.0,0,,,,,10.623408288,1
gestion_2023-05-17_19,2,none,,niblack,docling_easyocr,qwen,1,0,0,0,1,0.0,0.0,0.0,0,,,,,34.167536508,1
gestion_2023-05-17_19,2,none,,niblack,docling_rapidocr,qwen,1,0,0,0,1,0.0,0.0,0.0,0,,,,,8.312048684,1
gestion_2023-05-17_19,2,none,,none_color,docling_easyocr,qwen,1,1,0,1,1,0.0,0.0,0.0,1,0.5652173913043478,0.75,0.9878885748889786,0.9962962962962963,79.729525775,0
gestion_2023-05-17_19,2,none,,none_color,docling_rapidocr,qwen,1,0,0,0,1,0.0,0.0,0.0,0,,,,,22.295437306,1
gestion_2023-05-17_19,2,none,,none_grayscale,docling_easyocr,qwen,1,1,0,1,1,0.0,0.0,0.0,1,0.5652173913043478,0.75,0.9878885748889786,0.9962962962962963,79.904715032,0
gestion_2023-05-17_19,2,none,,none_grayscale,docling_rapidocr,qwen,1,0,0,0,1,0.0,0.0,0.0,0,,,,,22.228639811,1
gestion_2023-05-17_19,2,none,,otsu,docling_easyocr,qwen,1,0,0,0,1,0.0,0.0,0.0,0,,,,,191.320114106,1
gestion_2023-05-17_19,2,none,,otsu,docling_rapidocr,qwen,1,1,0,1,1,0.0,0.0,0.0,1,0.0,0.0,0.98304400484457,1.0,159.403619975,0
gestion_2023-05-17_19,3,none,,adaptive_gaussian,docling_easyocr,qwen,1,0,0,0,1,0.0,0.0,0.0,0,,,,,39.726331754,1
gestion_2023-05-17_19,3,none,,adaptive_gaussian,docling_rapidocr,qwen,1,0,0,0,1,0.0,0.0,0.0,0,,,,,9.142317576,1
gestion_2023-05-17_19,3,none,,adaptive_mean,docling_easyocr,qwen,1,0,0,0,1,0.0,0.0,0.0,0,,,,,35.974303288,1
gestion_2023-05-17_19,3,none,,adaptive_mean,docling_rapidocr,qwen,1,0,0,0,1,0.0,0.0,0.0,0,,,,,9.728976769,1
gestion_2023-05-17_19,3,none,,basic,docling_easyocr,qwen,1,0,0,0,1,0.0,0.0,0.0,0,,,,,38.901767152,1
gestion_2023-05-17_19,3,none,,basic,docling_rapidocr,qwen,1,0,0,0,1,0.0,0.0,0.0,0,,,,,9.165163177,1
gestion_2023-05-17_19,3,none,,niblack,docling_easyocr,qwen,1,0,0,0,1,0.0,0.0,0.0,0,,,,,39.530063878,1
gestion_2023-05-17_19,3,none,,niblack,docling_rapidocr,qwen,1,0,0,0,1,0.0,0.0,0.0,0,,,,,9.807222854,1
gestion_2023-05-17_19,3,none,,none_color,docling_easyocr,qwen,1,0,0,0,1,0.0,0.0,0.0,0,,,,,41.689737456,1
gestion_2023-05-17_19,3,none,,none_color,docling_rapidocr,qwen,1,1,0,1,1,0.0,0.0,0.0,1,0.0,0.0,0.938837303189342,0.9691358024691358,20.824430364,0
gestion_2023-05-17_19,3,none,,none_grayscale,docling_easyocr,qwen,1,0,0,0,1,0.0,0.0,0.0,0,,,,,40.777850764,1
gestion_2023-05-17_19,3,none,,none_grayscale,docling_rapidocr,qwen,1,3,0,3,1,0.0,0.0,0.0,1,0.0,0.0,0.9559951554299556,0.991358024691358,17.778034585,0
gestion_2023-05-17_19,3,none,,otsu,docling_easyocr,qwen,1,0,0,0,1,0.0,0.0,0.0,0,,,,,41.235717267,1
gestion_2023-05-17_19,3,none,,otsu,docling_rapidocr,qwen,1,0,0,0,1,0.0,0.0,0.0,0,,,,,8.75604412,1
gestion_2023-05-17_19,4,none,,adaptive_gaussian,docling_easyocr,qwen,1,0,0,0,1,0.0,0.0,0.0,0,,,,,35.12128672,1
gestion_2023-05-17_19,4,none,,adaptive_gaussian,docling_rapidocr,qwen,1,0,0,0,1,0.0,0.0,0.0,0,,,,,10.670032114,1
gestion_2023-05-17_19,4,none,,adaptive_mean,docling_easyocr,qwen,1,0,0,0,1,0.0,0.0,0.0,0,,,,,40.086580843,1
gestion_2023-05-17_19,4,none,,adaptive_mean,docling_rapidocr,qwen,1,0,0,0,1,0.0,0.0,0.0,0,,,,,10.559853167,1
gestion_2023-05-17_19,4,none,,basic,docling_easyocr,qwen,1,0,0,0,1,0.0,0.0,0.0,0,,,,,189.654428188,1
gestion_2023-05-17_19,4,none,,basic,docling_rapidocr,qwen,1,0,0,0,1,0.0,0.0,0.0,0,,,,,173.036969607,1
gestion_2023-05-17_19,4,none,,niblack,docling_easyocr,qwen,1,0,0,0,1,0.0,0.0,0.0,0,,,,,33.532345041,1
gestion_2023-05-17_19,4,none,,niblack,docling_rapidocr,qwen,1,0,0,0,1,0.0,0.0,0.0,0,,,,,9.8227887,1
gestion_2023-05-17_19,4,none,,none_color,docling_easyocr,qwen,1,0,0,0,1,0.0,0.0,0.0,0,,,,,37.467675392,1
gestion_2023-05-17_19,4,none,,none_color,docling_rapidocr,qwen,1,1,0,1,1,0.0,0.0,0.0,0,,,,,22.272400562,0
gestion_2023-05-17_19,4,none,,none_grayscale,docling_easyocr,qwen,1,0,0,0,1,0.0,0.0,0.0,0,,,,,36.730539982,1
gestion_2023-05-17_19,4,none,,none_grayscale,docling_rapidocr,qwen,1,3,0,3,1,0.0,0.0,0.0,1,0.0,0.0,0.9283407347597901,0.9839506172839506,22.396303837,0
gestion_2023-05-17_19,4,none,,otsu,docling_easyocr,qwen,1,0,0,0,1,0.0,0.0,0.0,0,,,,,41.687066811,1
gestion_2023-05-17_19,4,none,,otsu,docling_rapidocr,qwen,1,0,0,0,1,0.0,0.0,0.0,0,,,,,23.72014572,1
gestion_2023-05-17_19,5,none,,adaptive_gaussian,docling_easyocr,qwen,1,0,0,0,1,0.0,0.0,0.0,0,,,,,34.052924246,1
gestion_2023-05-17_19,5,none,,adaptive_gaussian,docling_rapidocr,qwen,1,0,0,0,1,0.0,0.0,0.0,0,,,,,8.820463032,1
gestion_2023-05-17_19,5,none,,adaptive_mean,docling_easyocr,qwen,1,0,0,0,1,0.0,0.0,0.0,0,,,,,42.634694428,1
gestion_2023-05-17_19,5,none,,adaptive_mean,docling_rapidocr,qwen,1,0,0,0,1,0.0,0.0,0.0,0,,,,,11.926021427,1
gestion_2023-05-17_19,5,none,,basic,docling_easyocr,qwen,1,0,0,0,1,0.0,0.0,0.0,0,,,,,39.165750687,1
gestion_2023-05-17_19,5,none,,basic,docling_rapidocr,qwen,1,0,0,0,1,0.0,0.0,0.0,0,,,,,10.298459952,1
gestion_2023-05-17_19,5,none,,niblack,docling_easyocr,qwen,1,0,0,0,1,0.0,0.0,0.0,0,,,,,35.083952578,1
gestion_2023-05-17_19,5,none,,niblack,docling_rapidocr,qwen,1,0,0,0,1,0.0,0.0,0.0,0,,,,,9.983795555,1
gestion_2023-05-17_19,5,none,,none_color,docling_easyocr,qwen,1,0,0,0,1,0.0,0.0,0.0,0,,,,,40.517989819,1
gestion_2023-05-17_19,5,none,,none_color,docling_rapidocr,qwen,1,2,0,2,1,0.0,0.0,0.0,0,,,,,20.598602001,0
gestion_2023-05-17_19,5,none,,none_grayscale,docling_easyocr,qwen,1,0,0,0,1,0.0,0.0,0.0,0,,,,,41.004868452,1
gestion_2023-05-17_19,5,none,,none_grayscale,docling_rapidocr,qwen,1,1,0,1,1,0.0,0.0,0.0,1,1.0,1.0,0.8881711748082358,0.9703703703703703,20.512842838,0
gestion_2023-05-17_19,5,none,,otsu,docling_easyocr,qwen,1,0,0,0,1,0.0,0.0,0.0,0,,,,,38.093084519,1
gestion_2023-05-17_19,5,none,,otsu,docling_rapidocr,qwen,1,0,0,0,1,0.0,0.0,0.0,0,,,,,11.009730284,1
gestion_2023-05-17_19,6,none,,adaptive_gaussian,docling_easyocr,qwen,1,0,0,0,1,0.0,0.0,0.0,0,,,,,39.249220627,1
gestion_2023-05-17_19,6,none,,adaptive_gaussian,docling_rapidocr,qwen,1,0,0,0,1,0.0,0.0,0.0,0,,,,,8.88567354,1
gestion_2023-05-17_19,6,none,,adaptive_mean,docling_easyocr,qwen,1,0,0,0,1,0.0,0.0,0.0,0,,,,,35.626997727,1
gestion_2023-05-17_19,6,none,,adaptive_mean,docling_rapidocr,qwen,1,0,0,0,1,0.0,0.0,0.0,0,,,,,9.931175965,1
gestion_2023-05-17_19,6,none,,basic,docling_easyocr,qwen,1,0,0,0,1,0.0,0.0,0.0,0,,,,,38.83606135,1
gestion_2023-05-17_19,6,none,,basic,docling_rapidocr,qwen,1,0,0,0,1,0.0,0.0,0.0,0,,,,,10.114476076,1
gestion_2023-05-17_19,6,none,,niblack,docling_easyocr,qwen,1,0,0,0,1,0.0,0.0,0.0,0,,,,,39.150019869,1
gestion_2023-05-17_19,6,none,,niblack,docling_rapidocr,qwen,1,0,0,0,1,0.0,0.0,0.0,0,,,,,9.843059763,1
gestion_2023-05-17_19,6,none,,none_color,docling_easyocr,qwen,1,0,0,0,1,0.0,0.0,0.0,0,,,,,41.878504864,1
gestion_2023-05-17_19,6,none,,none_color,docling_rapidocr,qwen,1,1,0,1,1,0.0,0.0,0.0,1,1.0,1.0,0.644529672991522,0.7469135802469136,17.64894425,0
gestion_2023-05-17_19,6,none,,none_grayscale,docling_easyocr,qwen,1,0,0,0,1,0.0,0.0,0.0,0,,,,,41.689714304,1
gestion_2023-05-17_19,6,none,,none_grayscale,docling_rapidocr,qwen,1,0,0,0,1,0.0,0.0,0.0,0,,,,,19.38638126,1
gestion_2023-05-17_19,6,none,,otsu,docling_easyocr,qwen,1,0,0,0,1,0.0,0.0,0.0,0,,,,,40.342379276,1
gestion_2023-05-17_19,6,none,,otsu,docling_rapidocr,qwen,1,0,0,0,1,0.0,0.0,0.0,0,,,,,10.387103026,1
gestion_2023-05-17_19,7,none,,adaptive_gaussian,docling_easyocr,qwen,1,0,0,0,1,0.0,0.0,0.0,0,,,,,40.732332796,1
gestion_2023-05-17_19,7,none,,adaptive_gaussian,docling_rapidocr,qwen,1,0,0,0,1,0.0,0.0,0.0,0,,,,,9.873445839,1
gestion_2023-05-17_19,7,none,,adaptive_mean,docling_easyocr,qwen,1,0,0,0,1,0.0,0.0,0.0,0,,,,,33.574631066,1
gestion_2023-05-17_19,7,none,,adaptive_mean,docling_rapidocr,qwen,1,0,0,0,1,0.0,0.0,0.0,0,,,,,9.905126423,1
gestion_2023-05-17_19,7,none,,basic,docling_easyocr,qwen,1,0,0,0,1,0.0,0.0,0.0,0,,,,,41.452833121,1
gestion_2023-05-17_19,7,none,,basic,docling_rapidocr,qwen,1,0,0,0,1,0.0,0.0,0.0,0,,,,,10.514703219,1
gestion_2023-05-17_19,7,none,,niblack,docling_easyocr,qwen,1,0,0,0,1,0.0,0.0,0.0,0,,,,,39.138898907,1
gestion_2023-05-17_19,7,none,,niblack,docling_rapidocr,qwen,1,0,0,0,1,0.0,0.0,0.0,0,,,,,9.958924828,1
gestion_2023-05-17_19,7,none,,none_color,docling_easyocr,qwen,1,0,0,0,1,0.0,0.0,0.0,0,,,,,46.461752836,1
gestion_2023-05-17_19,7,none,,none_color,docling_rapidocr,qwen,1,1,0,1,1,0.0,0.0,0.0,1,1.0,1.0,0.837908760597497,0.9074074074074074,19.332788174,0
gestion_2023-05-17_19,7,none,,none_grayscale,docling_easyocr,qwen,1,0,0,0,1,0.0,0.0,0.0,0,,,,,46.69233412,1
gestion_2023-05-17_19,7,none,,none_grayscale,docling_rapidocr,qwen,1,0,0,0,1,0.0,0.0,0.0,0,,,,,19.572959845,1
gestion_2023-05-17_19,7,none,,otsu,docling_easyocr,qwen,1,0,0,0,1,0.0,0.0,0.0,0,,,,,38.671003121,1
gestion_2023-05-17_19,7,none,,otsu,docling_rapidocr,qwen,1,1,0,1,1,0.0,0.0,0.0,1,0.0,0.0,0.9925312878482034,0.9975308641975309,10.403963106,0
gestion_2023-05-17_19,8,none,,adaptive_gaussian,docling_easyocr,qwen,1,0,0,0,1,0.0,0.0,0.0,0,,,,,39.807436207,1
gestion_2023-05-17_19,8,none,,adaptive_gaussian,docling_rapidocr,qwen,1,0,0,0,1,0.0,0.0,0.0,0,,,,,10.134409645,1
gestion_2023-05-17_19,8,none,,adaptive_mean,docling_easyocr,qwen,1,0,0,0,1,0.0,0.0,0.0,0,,,,,33.919502237,1
gestion_2023-05-17_19,8,none,,adaptive_mean,docling_rapidocr,qwen,1,0,0,0,1,0.0,0.0,0.0,0,,,,,9.774888971,1
gestion_2023-05-17_19,8,none,,basic,docling_easyocr,qwen,1,0,0,0,1,0.0,0.0,0.0,0,,,,,39.371696306,1
gestion_2023-05-17_19,8,none,,basic,docling_rapidocr,qwen,1,0,0,0,1,0.0,0.0,0.0,0,,,,,9.612368179,1
gestion_2023-05-17_19,8,none,,niblack,docling_easyocr,qwen,1,0,0,0,1,0.0,0.0,0.0,0,,,,,39.266326374,1
gestion_2023-05-17_19,8,none,,niblack,docling_rapidocr,qwen,1,0,0,0,1,0.0,0.0,0.0,0,,,,,9.607099718,1
gestion_2023-05-17_19,8,none,,none_color,docling_easyocr,qwen,1,0,0,0,1,0.0,0.0,0.0,0,,,,,41.538124634,1
gestion_2023-05-17_19,8,none,,none_color,docling_rapidocr,qwen,1,2,0,2,1,0.0,0.0,0.0,1,0.0,0.0,0.9860718611223254,0.9901234567901235,10.499487473,0
gestion_2023-05-17_19,8,none,,none_grayscale,docling_easyocr,qwen,1,0,0,0,1,0.0,0.0,0.0,0,,,,,41.704182221,1
gestion_2023-05-17_19,8,none,,none_grayscale,docling_rapidocr,qwen,1,2,0,2,1,0.0,0.0,0.0,1,0.0,0.0,0.9860718611223254,0.9901234567901235,10.907437874,0
gestion_2023-05-17_19,8,none,,otsu,docling_easyocr,qwen,1,0,0,0,1,0.0,0.0,0.0,0,,,,,39.904096438,1
gestion_2023-05-17_19,8,none,,otsu,docling_rapidocr,qwen,1,0,0,0,1,0.0,0.0,0.0,0,,,,,9.440482927,1
gestion_2023-05-17_19,9,none,,adaptive_gaussian,docling_easyocr,qwen,1,0,0,0,1,0.0,0.0,0.0,0,,,,,39.709045078,1
gestion_2023-05-17_19,9,none,,adaptive_gaussian,docling_rapidocr,qwen,1,0,0,0,1,0.0,0.0,0.0,0,,,,,9.885996248,1
gestion_2023-05-17_19,9,none,,adaptive_mean,docling_easyocr,qwen,1,0,0,0,1,0.0,0.0,0.0,0,,,,,40.059534695,1
gestion_2023-05-17_19,9,none,,adaptive_mean,docling_rapidocr,qwen,1,1,0,1,1,0.0,0.0,0.0,1,0.17391304347826086,0.5,0.9997981429148163,1.0,10.123252298,0
gestion_2023-05-17_19,9,none,,basic,docling_easyocr,qwen,1,0,0,0,1,0.0,0.0,0.0,0,,,,,39.359611273,1
gestion_2023-05-17_19,9,none,,basic,docling_rapidocr,qwen,1,0,0,0,1,0.0,0.0,0.0,0,,,,,10.314448834,1
gestion_2023-05-17_19,9,none,,niblack,docling_easyocr,qwen,1,0,0,0,1,0.0,0.0,0.0,0,,,,,39.600919287,1
gestion_2023-05-17_19,9,none,,niblack,docling_rapidocr,qwen,1,0,0,0,1,0.0,0.0,0.0,0,,,,,9.895352404,1
gestion_2023-05-17_19,9,none,,none_color,docling_easyocr,qwen,1,0,0,0,1,0.0,0.0,0.0,0,,,,,38.080068112,1
gestion_2023-05-17_19,9,none,,none_color,docling_rapidocr,qwen,1,0,0,0,1,0.0,0.0,0.0,0,,,,,19.407093525,1
gestion_2023-05-17_19,9,none,,none_grayscale,docling_easyocr,qwen,1,0,0,0,1,0.0,0.0,0.0,0,,,,,37.530528307,1
gestion_2023-05-17_19,9,none,,none_grayscale,docling_rapidocr,qwen,1,0,0,0,1,0.0,0.0,0.0,0,,,,,18.779729605,1
gestion_2023-05-17_19,9,none,,otsu,docling_easyocr,qwen,1,0,0,0,1,0.0,0.0,0.0,0,,,,,40.602812601,1
gestion_2023-05-17_19,9,none,,otsu,docling_rapidocr,qwen,1,0,0,0,1,0.0,0.0,0.0,0,,,,,10.490879847,1
gestion_2023-05-17_19,10,none,,adaptive_gaussian,docling_easyocr,qwen,1,0,0,0,1,0.0,0.0,0.0,0,,,,,34.7293515,1
gestion_2023-05-17_19,10,none,,adaptive_gaussian,docling_rapidocr,qwen,1,0,0,0,1,0.0,0.0,0.0,0,,,,,9.803106049,1
gestion_2023-05-17_19,10,none,,adaptive_mean,docling_easyocr,qwen,1,0,0,0,1,0.0,0.0,0.0,0,,,,,39.861725786,1
gestion_2023-05-17_19,10,none,,adaptive_mean,docling_rapidocr,qwen,1,0,0,0,1,0.0,0.0,0.0,0,,,,,9.704334953,1
gestion_2023-05-17_19,10,none,,basic,docling_easyocr,qwen,1,0,0,0,1,0.0,0.0,0.0,0,,,,,42.060362173,1
gestion_2023-05-17_19,10,none,,basic,docling_rapidocr,qwen,1,0,0,0,1,0.0,0.0,0.0,0,,,,,23.425903154,1
gestion_2023-05-17_19,10,none,,niblack,docling_easyocr,qwen,1,0,0,0,1,0.0,0.0,0.0,0,,,,,35.945147554,1
gestion_2023-05-17_19,10,none,,niblack,docling_rapidocr,qwen,1,0,0,0,1,0.0,0.0,0.0,0,,,,,9.834982435,1
gestion_2023-05-17_19,10,none,,none_color,docling_easyocr,qwen,1,0,0,0,1,0.0,0.0,0.0,0,,,,,49.726022554,1
gestion_2023-05-17_19,10,none,,none_color,docling_rapidocr,qwen,1,1,0,1,1,0.0,0.0,0.0,1,0.0,0.0,0.9884941461445297,0.9987654320987654,22.881328894,0
gestion_2023-05-17_19,10,none,,none_grayscale,docling_easyocr,qwen,1,0,0,0,1,0.0,0.0,0.0,0,,,,,42.402805639,1
gestion_2023-05-17_19,10,none,,none_grayscale,docling_rapidocr,qwen,1,1,0,1,1,0.0,0.0,0.0,1,0.0,0.0,0.9933387161889382,0.9987654320987654,21.145902468,0
gestion_2023-05-17_19,10,none,,otsu,docling_easyocr,qwen,1,0,0,0,1,0.0,0.0,0.0,0,,,,,47.014920141,1
gestion_2023-05-17_19,10,none,,otsu,docling_rapidocr,qwen,1,0,0,0,1,0.0,0.0,0.0,0,,,,,22.433640625,1
gestion_2023-05-17_19,11,none,,adaptive_gaussian,docling_easyocr,qwen,1,0,0,0,1,0.0,0.0,0.0,0,,,,,40.161164978,1
gestion_2023-05-17_19,11,none,,adaptive_gaussian,docling_rapidocr,qwen,1,0,0,0,1,0.0,0.0,0.0,0,,,,,9.988451937,1
gestion_2023-05-17_19,11,none,,adaptive_mean,docling_easyocr,qwen,1,0,0,0,1,0.0,0.0,0.0,0,,,,,39.605437496,1
gestion_2023-05-17_19,11,none,,adaptive_mean,docling_rapidocr,qwen,1,0,0,0,1,0.0,0.0,0.0,0,,,,,9.006613949,1
gestion_2023-05-17_19,11,none,,basic,docling_easyocr,qwen,1,0,0,0,1,0.0,0.0,0.0,0,,,,,38.584058834,1
gestion_2023-05-17_19,11,none,,basic,docling_rapidocr,qwen,1,0,0,0,1,0.0,0.0,0.0,0,,,,,9.905107809,1
gestion_2023-05-17_19,11,none,,niblack,docling_easyocr,qwen,1,0,0,0,1,0.0,0.0,0.0,0,,,,,39.212324638,1
gestion_2023-05-17_19,11,none,,niblack,docling_rapidocr,qwen,1,0,0,0,1,0.0,0.0,0.0,0,,,,,8.943927307,1
gestion_2023-05-17_19,11,none,,none_color,docling_easyocr,qwen,1,0,0,0,1,0.0,0.0,0.0,0,,,,,38.203014208,1
gestion_2023-05-17_19,11,none,,none_color,docling_rapidocr,qwen,1,0,0,0,1,0.0,0.0,0.0,0,,,,,19.944329573,1
gestion_2023-05-17_19,11,none,,none_grayscale,docling_easyocr,qwen,1,0,0,0,1,0.0,0.0,0.0,0,,,,,41.472247912,1
gestion_2023-05-17_19,11,none,,none_grayscale,docling_rapidocr,qwen,1,0,0,0,1,0.0,0.0,0.0,0,,,,,21.050738407,1
gestion_2023-05-17_19,11,none,,otsu,docling_easyocr,qwen,1,0,0,0,1,0.0,0.0,0.0,0,,,,,40.161444975,1
gestion_2023-05-17_19,11,none,,otsu,docling_rapidocr,qwen,1,0,0,0,1,0.0,0.0,0.0,0,,,,,10.159028603,1
gestion_2023-05-17_19,12,none,,adaptive_gaussian,docling_easyocr,qwen,1,0,0,0,1,0.0,0.0,0.0,0,,,,,46.826492904,1
gestion_2023-05-17_19,12,none,,adaptive_gaussian,docling_rapidocr,qwen,1,0,0,0,1,0.0,0.0,0.0,0,,,,,15.567469,1
gestion_2023-05-17_19,12,none,,adaptive_mean,docling_easyocr,qwen,1,0,0,0,1,0.0,0.0,0.0,0,,,,,40.17319405,1
gestion_2023-05-17_19,12,none,,adaptive_mean,docling_rapidocr,qwen,1,0,0,0,1,0.0,0.0,0.0,0,,,,,15.098969816,1
gestion_2023-05-17_19,12,none,,basic,docling_easyocr,qwen,1,0,0,0,1,0.0,0.0,0.0,0,,,,,44.391561004,1
gestion_2023-05-17_19,12,none,,basic,docling_rapidocr,qwen,1,0,0,0,1,0.0,0.0,0.0,0,,,,,17.133918974,1
gestion_2023-05-17_19,12,none,,niblack,docling_easyocr,qwen,1,0,0,0,1,0.0,0.0,0.0,0,,,,,45.501849115,1
gestion_2023-05-17_19,12,none,,niblack,docling_rapidocr,qwen,1,0,0,0,1,0.0,0.0,0.0,0,,,,,14.375812471,1
gestion_2023-05-17_19,12,none,,none_color,docling_easyocr,qwen,1,1,0,1,1,0.0,0.0,0.0,1,0.782608695652174,1.0,0.9800161485668147,1.0,83.97884843,0
gestion_2023-05-17_19,12,none,,none_color,docling_rapidocr,qwen,1,1,0,1,1,0.0,0.0,0.0,1,1.0,1.0,0.5734759790068631,0.6901234567901234,28.958223078,0
gestion_2023-05-17_19,12,none,,none_grayscale,docling_easyocr,qwen,1,2,0,2,1,0.0,0.0,0.0,0,,,,,76.971548054,0
gestion_2023-05-17_19,12,none,,none_grayscale,docling_rapidocr,qwen,1,1,0,1,1,0.0,0.0,0.0,1,1.0,1.0,0.5320952765442067,0.6481481481481481,28.46378276,0
gestion_2023-05-17_19,12,none,,otsu,docling_easyocr,qwen,1,1,0,1,1,0.0,0.0,0.0,1,0.5652173913043478,0.75,0.9925312878482034,0.9962962962962963,61.115951107,0
gestion_2023-05-17_19,12,none,,otsu,docling_rapidocr,qwen,1,1,0,1,1,0.0,0.0,0.0,0,,,,,28.71658592,0
gestion_2023-05-17_19,13,none,,adaptive_gaussian,docling_easyocr,qwen,1,0,0,0,1,0.0,0.0,0.0,0,,,,,47.384008722,1
gestion_2023-05-17_19,13,none,,adaptive_gaussian,docling_rapidocr,qwen,1,0,0,0,1,0.0,0.0,0.0,0,,,,,16.277343826,1
gestion_2023-05-17_19,13,none,,adaptive_mean,docling_easyocr,qwen,1,0,0,0,1,0.0,0.0,0.0,0,,,,,46.422942476,1
gestion_2023-05-17_19,13,none,,adaptive_mean,docling_rapidocr,qwen,1,0,0,0,1,0.0,0.0,0.0,0,,,,,16.041797714,1
gestion_2023-05-17_19,13,none,,basic,docling_easyocr,qwen,1,1,0,1,1,0.0,0.0,0.0,1,0.5652173913043478,0.75,0.9933387161889382,0.9938271604938271,81.762436083,0
gestion_2023-05-17_19,13,none,,basic,docling_rapidocr,qwen,1,1,0,1,1,0.0,0.0,0.0,1,0.0,0.0,0.8802987484860718,0.9617283950617284,28.450093916,0
gestion_2023-05-17_19,13,none,,niblack,docling_easyocr,qwen,1,0,0,0,1,0.0,0.0,0.0,0,,,,,44.535731214,1
gestion_2023-05-17_19,13,none,,niblack,docling_rapidocr,qwen,1,0,0,0,1,0.0,0.0,0.0,0,,,,,16.214875597,1
gestion_2023-05-17_19,13,none,,none_color,docling_easyocr,qwen,1,1,0,1,1,0.0,0.0,0.0,1,0.5652173913043478,0.75,0.9808235769075495,0.9888888888888889,82.45761483,0
gestion_2023-05-17_19,13,none,,none_color,docling_rapidocr,qwen,1,1,0,1,1,0.0,0.0,0.0,1,0.9565217391304348,1.0,0.5448122729107792,0.6814814814814815,28.327974251,0
gestion_2023-05-17_19,13,none,,none_grayscale,docling_easyocr,qwen,1,1,0,1,1,0.0,0.0,0.0,1,0.5652173913043478,0.75,0.9995962858296327,1.0,73.433834484,0
gestion_2023-05-17_19,13,none,,none_grayscale,docling_rapidocr,qwen,1,0,0,0,1,0.0,0.0,0.0,0,,,,,26.268689325,1
gestion_2023-05-17_19,13,none,,otsu,docling_easyocr,qwen,1,1,0,1,1,0.0,0.0,0.0,1,0.5652173913043478,0.75,0.988897860314897,0.9962962962962963,81.198209528,0
gestion_2023-05-17_19,13,none,,otsu,docling_rapidocr,qwen,1,1,0,1,1,0.0,0.0,0.0,0,,,,,25.003785137,0
gestion_2023-05-17_19,14,none,,adaptive_gaussian,docling_easyocr,qwen,1,0,0,0,1,0.0,0.0,0.0,0,,,,,41.721579309,1
gestion_2023-05-17_19,14,none,,adaptive_gaussian,docling_rapidocr,qwen,1,0,0,0,1,0.0,0.0,0.0,0,,,,,16.108818527,1
gestion_2023-05-17_19,14,none,,adaptive_mean,docling_easyocr,qwen,1,0,0,0,1,0.0,0.0,0.0,0,,,,,45.350022074,1
gestion_2023-05-17_19,14,none,,adaptive_mean,docling_rapidocr,qwen,1,0,0,0,1,0.0,0.0,0.0,0,,,,,15.215016599,1
gestion_2023-05-17_19,14,none,,basic,docling_easyocr,qwen,1,0,0,0,1,0.0,0.0,0.0,0,,,,,47.975550741,1
gestion_2023-05-17_19,14,none,,basic,docling_rapidocr,qwen,1,0,0,0,1,0.0,0.0,0.0,0,,,,,17.026024193,1
gestion_2023-05-17_19,14,none,,niblack,docling_easyocr,qwen,1,0,0,0,1,0.0,0.0,0.0,0,,,,,45.200491796,1
gestion_2023-05-17_19,14,none,,niblack,docling_rapidocr,qwen,1,0,0,0,1,0.0,0.0,0.0,0,,,,,16.477788101,1
gestion_2023-05-17_19,14,none,,none_color,docling_easyocr,qwen,1,1,0,1,1,0.0,0.0,0.0,1,0.5652173913043478,0.75,0.988897860314897,1.0,85.884519428,0
gestion_2023-05-17_19,14,none,,none_color,docling_rapidocr,qwen,1,1,0,1,1,0.0,0.0,0.0,1,1.0,1.0,0.5654016955995156,0.7444444444444445,28.981045336,0
gestion_2023-05-17_19,14,none,,none_grayscale,docling_easyocr,qwen,1,1,0,1,1,0.0,0.0,0.0,1,0.5652173913043478,0.75,0.988897860314897,1.0,89.085298389,0
gestion_2023-05-17_19,14,none,,none_grayscale,docling_rapidocr,qwen,1,1,0,1,1,0.0,0.0,0.0,1,1.0,1.0,0.5874041178845377,0.7604938271604939,28.992987484,0
gestion_2023-05-17_19,14,none,,otsu,docling_easyocr,qwen,1,0,0,0,1,0.0,0.0,0.0,0,,,,,48.871364921,1
gestion_2023-05-17_19,14,none,,otsu,docling_rapidocr,qwen,1,1,0,1,1,0.0,0.0,0.0,1,0.0,0.0,0.9838514331853048,0.9950617283950617,16.613500685,0
gestion_2023-05-17_19,15,none,,adaptive_gaussian,docling_easyocr,qwen,1,0,0,0,1,0.0,0.0,0.0,0,,,,,41.249048595,1
gestion_2023-05-17_19,15,none,,adaptive_gaussian,docling_rapidocr,qwen,1,0,0,0,1,0.0,0.0,0.0,0,,,,,13.00684083,1
gestion_2023-05-17_19,15,none,,adaptive_mean,docling_easyocr,qwen,1,0,0,0,1,0.0,0.0,0.0,0,,,,,40.967655067,1
gestion_2023-05-17_19,15,none,,adaptive_mean,docling_rapidocr,qwen,1,0,0,0,1,0.0,0.0,0.0,0,,,,,20.20591486,1
gestion_2023-05-17_19,15,none,,basic,docling_easyocr,qwen,1,0,0,0,1,0.0,0.0,0.0,0,,,,,79.830790975,1
gestion_2023-05-17_19,15,none,,basic,docling_rapidocr,qwen,1,1,0,1,1,0.0,0.0,0.0,1,0.8695652173913043,0.75,0.7999596285829632,0.9333333333333333,21.772234657,0
gestion_2023-05-17_19,15,none,,niblack,docling_easyocr,qwen,1,0,0,0,1,0.0,0.0,0.0,0,,,,,39.249948282,1
gestion_2023-05-17_19,15,none,,niblack,docling_rapidocr,qwen,1,0,0,0,1,0.0,0.0,0.0,0,,,,,10.100953836,1
gestion_2023-05-17_19,15,none,,none_color,docling_easyocr,qwen,1,0,0,0,1,0.0,0.0,0.0,0,,,,,78.620320537,1
gestion_2023-05-17_19,15,none,,none_color,docling_rapidocr,qwen,1,0,0,0,1,0.0,0.0,0.0,0,,,,,22.403242805,1
gestion_2023-05-17_19,15,none,,none_grayscale,docling_easyocr,qwen,1,0,0,0,1,0.0,0.0,0.0,0,,,,,78.115824917,1
gestion_2023-05-17_19,15,none,,none_grayscale,docling_rapidocr,qwen,1,0,0,0,1,0.0,0.0,0.0,0,,,,,23.051441171,1
gestion_2023-05-17_19,15,none,,otsu,docling_easyocr,qwen,1,0,0,0,1,0.0,0.0,0.0,0,,,,,68.380262665,1
gestion_2023-05-17_19,15,none,,otsu,docling_rapidocr,qwen,1,1,0,1,1,0.0,0.0,0.0,1,0.9565217391304348,1.0,0.7828017763423496,0.9222222222222223,21.707448057,0
gestion_2023-05-17_19,16,none,,adaptive_gaussian,docling_easyocr,qwen,1,0,0,0,1,0.0,0.0,0.0,0,,,,,39.35099215,1
gestion_2023-05-17_19,16,none,,adaptive_gaussian,docling_rapidocr,qwen,1,0,0,0,1,0.0,0.0,0.0,0,,,,,9.945524878,1
gestion_2023-05-17_19,16,none,,adaptive_mean,docling_easyocr,qwen,1,0,0,0,1,0.0,0.0,0.0,0,,,,,33.428126282,1
gestion_2023-05-17_19,16,none,,adaptive_mean,docling_rapidocr,qwen,1,0,0,0,1,0.0,0.0,0.0,0,,,,,9.225629515,1
gestion_2023-05-17_19,16,none,,basic,docling_easyocr,qwen,1,0,0,0,1,0.0,0.0,0.0,0,,,,,75.880767386,1
gestion_2023-05-17_19,16,none,,basic,docling_rapidocr,qwen,1,0,0,0,1,0.0,0.0,0.0,0,,,,,21.371886532,1
gestion_2023-05-17_19,16,none,,niblack,docling_easyocr,qwen,1,0,0,0,1,0.0,0.0,0.0,0,,,,,35.783138905,1
gestion_2023-05-17_19,16,none,,niblack,docling_rapidocr,qwen,1,0,0,0,1,0.0,0.0,0.0,0,,,,,10.08035699,1
gestion_2023-05-17_19,16,none,,none_color,docling_easyocr,qwen,1,0,0,0,1,0.0,0.0,0.0,0,,,,,76.003696721,1
gestion_2023-05-17_19,16,none,,none_color,docling_rapidocr,qwen,1,0,0,0,1,0.0,0.0,0.0,0,,,,,21.93541054,1
gestion_2023-05-17_19,16,none,,none_grayscale,docling_easyocr,qwen,1,0,0,0,1,0.0,0.0,0.0,0,,,,,76.902811806,1
gestion_2023-05-17_19,16,none,,none_grayscale,docling_rapidocr,qwen,1,0,0,0,1,0.0,0.0,0.0,0,,,,,22.158148091,1
gestion_2023-05-17_19,16,none,,otsu,docling_easyocr,qwen,1,0,0,0,1,0.0,0.0,0.0,0,,,,,79.515656584,1
gestion_2023-05-17_19,16,none,,otsu,docling_rapidocr,qwen,1,0,0,0,1,0.0,0.0,0.0,0,,,,,20.818616742,1
gestion_2023-05-17_19,17,none,,adaptive_gaussian,docling_easyocr,qwen,1,0,0,0,1,0.0,0.0,0.0,0,,,,,34.537527508,1
gestion_2023-05-17_19,17,none,,adaptive_gaussian,docling_rapidocr,qwen,1,0,0,0,1,0.0,0.0,0.0,0,,,,,11.499060101,1
gestion_2023-05-17_19,17,none,,adaptive_mean,docling_easyocr,qwen,1,0,0,0,1,0.0,0.0,0.0,0,,,,,39.740843243,1
gestion_2023-05-17_19,17,none,,adaptive_mean,docling_rapidocr,qwen,1,0,0,0,1,0.0,0.0,0.0,0,,,,,17.304292149,1
gestion_2023-05-17_19,17,none,,basic,docling_easyocr,qwen,1,0,0,0,1,0.0,0.0,0.0,0,,,,,45.294450085,1
gestion_2023-05-17_19,17,none,,basic,docling_rapidocr,qwen,1,0,0,0,1,0.0,0.0,0.0,0,,,,,9.908586304,1
gestion_2023-05-17_19,17,none,,niblack,docling_easyocr,qwen,1,0,0,0,1,0.0,0.0,0.0,0,,,,,35.979166278,1
gestion_2023-05-17_19,17,none,,niblack,docling_rapidocr,qwen,1,0,0,0,1,0.0,0.0,0.0,0,,,,,10.057766207,1
gestion_2023-05-17_19,17,none,,none_color,docling_easyocr,qwen,1,0,0,0,1,0.0,0.0,0.0,0,,,,,78.47704057,1
gestion_2023-05-17_19,17,none,,none_color,docling_rapidocr,qwen,1,0,0,0,1,0.0,0.0,0.0,0,,,,,22.347818177,1
gestion_2023-05-17_19,17,none,,none_grayscale,docling_easyocr,qwen,1,0,0,0,1,0.0,0.0,0.0,0,,,,,79.928500216,1
gestion_2023-05-17_19,17,none,,none_grayscale,docling_rapidocr,qwen,1,0,0,0,1,0.0,0.0,0.0,0,,,,,21.006144564,1
gestion_2023-05-17_19,17,none,,otsu,docling_easyocr,qwen,1,0,0,0,1,0.0,0.0,0.0,0,,,,,76.318356793,1
gestion_2023-05-17_19,17,none,,otsu,docling_rapidocr,qwen,1,0,0,0,1,0.0,0.0,0.0,0,,,,,19.237033646,1
gestion_2023-05-17_19,18,none,,adaptive_gaussian,docling_easyocr,qwen,1,0,0,0,1,0.0,0.0,0.0,0,,,,,40.317870686,1
gestion_2023-05-17_19,18,none,,adaptive_gaussian,docling_rapidocr,qwen,1,0,0,0,1,0.0,0.0,0.0,0,,,,,9.76549537,1
gestion_2023-05-17_19,18,none,,adaptive_mean,docling_easyocr,qwen,1,0,0,0,1,0.0,0.0,0.0,0,,,,,35.894276927,1
gestion_2023-05-17_19,18,none,,basic,docling_easyocr,qwen,1,0,0,0,1,0.0,0.0,0.0,0,,,,,39.166669293,1
gestion_2023-05-17_19,18,none,,basic,docling_rapidocr,qwen,1,0,0,0,1,0.0,0.0,0.0,0,,,,,9.176403208,1
gestion_2023-05-17_19,18,none,,niblack,docling_easyocr,qwen,1,0,0,0,1,0.0,0.0,0.0,0,,,,,34.766827548,1
gestion_2023-05-17_19,18,none,,otsu,docling_easyocr,qwen,1,0,0,0,1,0.0,0.0,0.0,0,,,,,38.156801386,1
gestion_2023-05-17_19,18,none,,otsu,docling_rapidocr,qwen,1,0,0,0,1,0.0,0.0,0.0,0,,,,,10.091423197,1
gestion_2023-05-17_19,18,none,,yannihorne,docling_easyocr,qwen,1,0,0,0,1,0.0,0.0,0.0,0,,,,,38.690929337,1
gestion_2023-05-17_19,18,none,,yannihorne,docling_rapidocr,qwen,1,0,0,0,1,0.0,0.0,0.0,0,,,,,10.892165108,1
gestion_2023-05-17_19,19,none,,adaptive_gaussian,docling_easyocr,qwen,1,0,0,0,1,0.0,0.0,0.0,0,,,,,41.771407124,1
gestion_2023-05-17_19,19,none,,adaptive_gaussian,docling_rapidocr,qwen,1,0,0,0,1,0.0,0.0,0.0,0,,,,,11.584928033,1
gestion_2023-05-17_19,19,none,,adaptive_mean,docling_easyocr,qwen,1,0,0,0,1,0.0,0.0,0.0,0,,,,,39.566751954,1
gestion_2023-05-17_19,19,none,,basic,docling_easyocr,qwen,1,0,0,0,1,0.0,0.0,0.0,0,,,,,38.635667176,1
gestion_2023-05-17_19,19,none,,basic,docling_rapidocr,qwen,1,0,0,0,1,0.0,0.0,0.0,0,,,,,8.892524333,1
gestion_2023-05-17_19,19,none,,niblack,docling_easyocr,qwen,1,0,0,0,1,0.0,0.0,0.0,0,,,,,34.460727179,1
gestion_2023-05-17_19,19,none,,otsu,docling_easyocr,qwen,1,0,0,0,1,0.0,0.0,0.0,0,,,,,39.780459256,1
gestion_2023-05-17_19,19,none,,otsu,docling_rapidocr,qwen,1,0,0,0,1,0.0,0.0,0.0,0,,,,,10.137925,1
gestion_2023-05-17_19,19,none,,yannihorne,docling_easyocr,qwen,1,0,0,0,1,0.0,0.0,0.0,0,,,,,38.511760802,1
gestion_2023-05-17_19,19,none,,yannihorne,docling_rapidocr,qwen,1,0,0,0,1,0.0,0.0,0.0,0,,,,,10.039302439,1
gestion_2023-05-17_19,20,none,,adaptive_gaussian,docling_easyocr,qwen,1,0,0,0,1,0.0,0.0,0.0,0,,,,,40.115953812,1
gestion_2023-05-17_19,20,none,,adaptive_gaussian,docling_rapidocr,qwen,1,0,0,0,1,0.0,0.0,0.0,0,,,,,10.987228761,1
gestion_2023-05-17_19,20,none,,adaptive_mean,docling_easyocr,qwen,1,0,0,0,1,0.0,0.0,0.0,0,,,,,33.644966969,1
gestion_2023-05-17_19,20,none,,basic,docling_easyocr,qwen,1,0,0,0,1,0.0,0.0,0.0,0,,,,,39.019163354,1
gestion_2023-05-17_19,20,none,,basic,docling_rapidocr,qwen,1,0,0,0,1,0.0,0.0,0.0,0,,,,,9.775064452,1
gestion_2023-05-17_19,20,none,,niblack,docling_easyocr,qwen,1,0,0,0,1,0.0,0.0,0.0,0,,,,,39.581749297,1
gestion_2023-05-17_19,20,none,,otsu,docling_easyocr,qwen,1,0,0,0,1,0.0,0.0,0.0,0,,,,,39.700550778,1
gestion_2023-05-17_19,20,none,,otsu,docling_rapidocr,qwen,1,0,0,0,1,0.0,0.0,0.0,0,,,,,9.808896764,1
gestion_2023-05-17_19,20,none,,yannihorne,docling_easyocr,qwen,1,0,0,0,1,0.0,0.0,0.0,0,,,,,39.041218503,1
gestion_2023-05-17_19,20,none,,yannihorne,docling_rapidocr,qwen,1,0,0,0,1,0.0,0.0,0.0,0,,,,,10.257377847,1
gestion_2023-05-17_19,21,none,,adaptive_gaussian,docling_easyocr,qwen,1,0,0,0,1,0.0,0.0,0.0,0,,,,,49.80965986,1
gestion_2023-05-17_19,21,none,,adaptive_gaussian,docling_rapidocr,qwen,1,0,0,0,1,0.0,0.0,0.0,0,,,,,26.314249417,1
gestion_2023-05-17_19,21,none,,adaptive_mean,docling_easyocr,qwen,1,0,0,0,1,0.0,0.0,0.0,0,,,,,56.142951556,1
gestion_2023-05-17_19,21,none,,adaptive_mean,docling_rapidocr,qwen,1,0,0,0,1,0.0,0.0,0.0,0,,,,,24.931911298,1
gestion_2023-05-17_19,21,none,,basic,docling_easyocr,qwen,1,0,0,0,1,0.0,0.0,0.0,0,,,,,56.363644357,1
gestion_2023-05-17_19,21,none,,basic,docling_rapidocr,qwen,1,0,0,0,1,0.0,0.0,0.0,0,,,,,26.006633515,1
gestion_2023-05-17_19,21,none,,niblack,docling_easyocr,qwen,1,0,0,0,1,0.0,0.0,0.0,0,,,,,55.307406699,1
gestion_2023-05-17_19,21,none,,niblack,docling_rapidocr,qwen,1,0,0,0,1,0.0,0.0,0.0,0,,,,,24.935433184,1
gestion_2023-05-17_19,21,none,,none_color,docling_easyocr,qwen,1,0,0,0,1,0.0,0.0,0.0,0,,,,,57.653157229,1
gestion_2023-05-17_19,21,none,,none_color,docling_rapidocr,qwen,1,0,0,0,1,0.0,0.0,0.0,0,,,,,36.453199859,1
gestion_2023-05-17_19,21,none,,none_grayscale,docling_easyocr,qwen,1,0,0,0,1,0.0,0.0,0.0,0,,,,,56.544054742,1
gestion_2023-05-17_19,21,none,,none_grayscale,docling_rapidocr,qwen,1,0,0,0,1,0.0,0.0,0.0,0,,,,,39.398561473,1
gestion_2023-05-17_19,21,none,,otsu,docling_easyocr,qwen,1,0,0,0,1,0.0,0.0,0.0,0,,,,,180.752084727,1
gestion_2023-05-17_19,21,none,,otsu,docling_rapidocr,qwen,1,0,0,0,1,0.0,0.0,0.0,0,,,,,180.17232346,1
gestion_2023-05-17_19,22,none,,adaptive_gaussian,docling_easyocr,qwen,1,0,0,0,1,0.0,0.0,0.0,0,,,,,51.175579133,1
gestion_2023-05-17_19,22,none,,adaptive_gaussian,docling_rapidocr,qwen,1,0,0,0,1,0.0,0.0,0.0,0,,,,,25.956065001,1
gestion_2023-05-17_19,22,none,,adaptive_mean,docling_easyocr,qwen,1,0,0,0,1,0.0,0.0,0.0,0,,,,,55.706938329,1
gestion_2023-05-17_19,22,none,,adaptive_mean,docling_rapidocr,qwen,1,0,0,0,1,0.0,0.0,0.0,0,,,,,25.624555173,1
gestion_2023-05-17_19,22,none,,basic,docling_easyocr,qwen,1,0,0,0,1,0.0,0.0,0.0,0,,,,,52.83781544,1
gestion_2023-05-17_19,22,none,,basic,docling_rapidocr,qwen,1,0,0,0,1,0.0,0.0,0.0,0,,,,,26.168986714,1
gestion_2023-05-17_19,22,none,,niblack,docling_easyocr,qwen,1,0,0,0,1,0.0,0.0,0.0,0,,,,,50.12209664,1
gestion_2023-05-17_19,22,none,,niblack,docling_rapidocr,qwen,1,0,0,0,1,0.0,0.0,0.0,0,,,,,25.921880824,1
gestion_2023-05-17_19,22,none,,none_color,docling_easyocr,qwen,1,0,0,0,1,0.0,0.0,0.0,0,,,,,54.697065032,1
gestion_2023-05-17_19,22,none,,none_color,docling_rapidocr,qwen,1,0,0,0,1,0.0,0.0,0.0,0,,,,,37.974791444,1
gestion_2023-05-17_19,22,none,,none_grayscale,docling_easyocr,qwen,1,0,0,0,1,0.0,0.0,0.0,0,,,,,56.376881516,1
gestion_2023-05-17_19,22,none,,none_grayscale,docling_rapidocr,qwen,1,0,0,0,1,0.0,0.0,0.0,0,,,,,34.797289765,1
gestion_2023-05-17_19,22,none,,otsu,docling_easyocr,qwen,1,0,0,0,1,0.0,0.0,0.0,0,,,,,55.818215764,1
gestion_2023-05-17_19,22,none,,otsu,docling_rapidocr,qwen,1,0,0,0,1,0.0,0.0,0.0,0,,,,,24.499577439,1
gestion_2023-05-17_19,23,none,,adaptive_gaussian,docling_easyocr,qwen,1,0,0,0,1,0.0,0.0,0.0,0,,,,,55.733772755,1
gestion_2023-05-17_19,23,none,,adaptive_gaussian,docling_rapidocr,qwen,1,0,0,0,1,0.0,0.0,0.0,0,,,,,26.144335271,1
gestion_2023-05-17_19,23,none,,adaptive_mean,docling_easyocr,qwen,1,0,0,0,1,0.0,0.0,0.0,0,,,,,55.223457099,1
gestion_2023-05-17_19,23,none,,adaptive_mean,docling_rapidocr,qwen,1,0,0,0,1,0.0,0.0,0.0,0,,,,,25.315172911,1
gestion_2023-05-17_19,23,none,,basic,docling_easyocr,qwen,1,0,0,0,1,0.0,0.0,0.0,0,,,,,54.528838967,1
gestion_2023-05-17_19,23,none,,basic,docling_rapidocr,qwen,1,0,0,0,1,0.0,0.0,0.0,0,,,,,26.125855063,1
gestion_2023-05-17_19,23,none,,niblack,docling_easyocr,qwen,1,0,0,0,1,0.0,0.0,0.0,0,,,,,55.127416268,1
gestion_2023-05-17_19,23,none,,niblack,docling_rapidocr,qwen,1,0,0,0,1,0.0,0.0,0.0,0,,,,,25.657485858,1
gestion_2023-05-17_19,23,none,,none_color,docling_easyocr,qwen,1,0,0,0,1,0.0,0.0,0.0,0,,,,,56.122975682,1
gestion_2023-05-17_19,23,none,,none_color,docling_rapidocr,qwen,1,0,0,0,1,0.0,0.0,0.0,0,,,,,37.823174094,1
gestion_2023-05-17_19,23,none,,none_grayscale,docling_easyocr,qwen,1,0,0,0,1,0.0,0.0,0.0,0,,,,,50.613360022,1
gestion_2023-05-17_19,23,none,,none_grayscale,docling_rapidocr,qwen,1,0,0,0,1,0.0,0.0,0.0,0,,,,,38.29800639,1
gestion_2023-05-17_19,23,none,,otsu,docling_easyocr,qwen,1,0,0,0,1,0.0,0.0,0.0,0,,,,,208.207589005,1
gestion_2023-05-17_19,23,none,,otsu,docling_rapidocr,qwen,1,0,0,0,1,0.0,0.0,0.0,0,,,,,156.280019139,1
gestion_2023-05-17_19,24,none,,adaptive_gaussian,docling_easyocr,qwen,1,0,0,0,1,0.0,0.0,0.0,0,,,,,40.545238275,1
gestion_2023-05-17_19,24,none,,adaptive_gaussian,docling_rapidocr,qwen,1,0,0,0,1,0.0,0.0,0.0,0,,,,,11.818776149,1
gestion_2023-05-17_19,24,none,,adaptive_mean,docling_easyocr,qwen,1,0,0,0,1,0.0,0.0,0.0,0,,,,,37.825393695,1
gestion_2023-05-17_19,24,none,,adaptive_mean,docling_rapidocr,qwen,1,0,0,0,1,0.0,0.0,0.0,0,,,,,10.171013612,1
gestion_2023-05-17_19,24,none,,basic,docling_easyocr,qwen,1,1,0,1,1,0.0,0.0,0.0,1,0.5652173913043478,0.75,0.9959628582963262,1.0,77.658292882,0
gestion_2023-05-17_19,24,none,,basic,docling_rapidocr,qwen,1,1,0,1,1,0.0,0.0,0.0,1,1.0,1.0,0.7928946306015341,0.9308641975308642,23.361063115,0
gestion_2023-05-17_19,24,none,,niblack,docling_easyocr,qwen,1,0,0,0,1,0.0,0.0,0.0,0,,,,,38.330498204,1
gestion_2023-05-17_19,24,none,,niblack,docling_rapidocr,qwen,1,0,0,0,1,0.0,0.0,0.0,0,,,,,9.928487048,1
gestion_2023-05-17_19,24,none,,none_color,docling_easyocr,qwen,1,1,0,1,1,0.0,0.0,0.0,1,0.5652173913043478,0.75,0.9983851433185305,1.0,69.410569541,0
gestion_2023-05-17_19,24,none,,none_color,docling_rapidocr,qwen,1,1,0,1,1,0.0,0.0,0.0,1,1.0,1.0,0.6263625353249899,0.8098765432098766,18.828706376,0
gestion_2023-05-17_19,24,none,,none_grayscale,docling_easyocr,qwen,1,1,0,1,1,0.0,0.0,0.0,1,0.5652173913043478,0.75,0.9983851433185305,1.0,65.292619578,0
gestion_2023-05-17_19,24,none,,none_grayscale,docling_rapidocr,qwen,1,0,0,0,1,0.0,0.0,0.0,0,,,,,19.414836757,1
gestion_2023-05-17_19,24,none,,otsu,docling_easyocr,qwen,1,0,0,0,1,0.0,0.0,0.0,0,,,,,66.295695966,1
gestion_2023-05-17_19,24,none,,otsu,docling_rapidocr,qwen,1,1,0,1,1,0.0,0.0,0.0,1,0.9565217391304348,1.0,0.8019781994348002,0.9320987654320988,19.312484925,0
gestion_2023-05-17_19,25,none,,adaptive_gaussian,docling_easyocr,qwen,1,0,0,0,1,0.0,0.0,0.0,0,,,,,41.223124543,1
gestion_2023-05-17_19,25,none,,adaptive_gaussian,docling_rapidocr,qwen,1,0,0,0,1,0.0,0.0,0.0,0,,,,,17.606241027,1
gestion_2023-05-17_19,25,none,,adaptive_mean,docling_easyocr,qwen,1,0,0,0,1,0.0,0.0,0.0,0,,,,,40.534706155,1
gestion_2023-05-17_19,25,none,,adaptive_mean,docling_rapidocr,qwen,1,0,0,0,1,0.0,0.0,0.0,0,,,,,11.27773718,1
gestion_2023-05-17_19,25,none,,basic,docling_easyocr,qwen,1,1,0,1,1,0.0,0.0,0.0,1,0.5652173913043478,0.75,0.9907145740815503,0.9962962962962963,68.738973989,0
gestion_2023-05-17_19,25,none,,basic,docling_rapidocr,qwen,1,0,0,0,1,0.0,0.0,0.0,0,,,,,21.885590924,1
gestion_2023-05-17_19,25,none,,niblack,docling_easyocr,qwen,1,0,0,0,1,0.0,0.0,0.0,0,,,,,39.423923593,1
gestion_2023-05-17_19,25,none,,niblack,docling_rapidocr,qwen,1,0,0,0,1,0.0,0.0,0.0,0,,,,,10.113125186,1
gestion_2023-05-17_19,25,none,,none_color,docling_easyocr,qwen,1,1,0,1,1,0.0,0.0,0.0,1,0.5652173913043478,0.75,1.0,1.0,75.355884923,0
gestion_2023-05-17_19,25,none,,none_color,docling_rapidocr,qwen,1,1,0,1,1,0.0,0.0,0.0,1,0.8260869565217391,1.0,0.6134436818732337,0.7814814814814814,22.140298499,0
gestion_2023-05-17_19,25,none,,none_grayscale,docling_easyocr,qwen,1,1,0,1,1,0.0,0.0,0.0,1,0.5652173913043478,0.75,0.9804198627371821,0.9888888888888889,75.454136266,0
gestion_2023-05-17_19,25,none,,none_grayscale,docling_rapidocr,qwen,1,0,0,0,1,0.0,0.0,0.0,0,,,,,20.587836398,1
gestion_2023-05-17_19,25,none,,otsu,docling_easyocr,qwen,1,1,0,1,1,0.0,0.0,0.0,1,0.5652173913043478,0.75,0.9901090028259992,0.991358024691358,75.27943274,0
gestion_2023-05-17_19,25,none,,otsu,docling_rapidocr,qwen,1,1,0,1,1,0.0,0.0,0.0,1,1.0,1.0,0.733750504642713,0.9814814814814815,22.670989003,0
gestion_2023-05-17_19,26,none,,adaptive_gaussian,docling_easyocr,qwen,1,0,0,0,1,0.0,0.0,0.0,0,,,,,41.879095117,1
gestion_2023-05-17_19,26,none,,adaptive_gaussian,docling_rapidocr,qwen,1,0,0,0,1,0.0,0.0,0.0,0,,,,,10.790247003,1
gestion_2023-05-17_19,26,none,,adaptive_mean,docling_easyocr,qwen,1,0,0,0,1,0.0,0.0,0.0,0,,,,,40.554987947,1
gestion_2023-05-17_19,26,none,,adaptive_mean,docling_rapidocr,qwen,1,0,0,0,1,0.0,0.0,0.0,0,,,,,9.644151012,1
gestion_2023-05-17_19,26,none,,basic,docling_easyocr,qwen,1,0,0,0,1,0.0,0.0,0.0,0,,,,,40.377468719,1
gestion_2023-05-17_19,26,none,,basic,docling_rapidocr,qwen,1,1,0,1,1,0.0,0.0,0.0,0,,,,,22.698363914,0
gestion_2023-05-17_19,26,none,,niblack,docling_easyocr,qwen,1,0,0,0,1,0.0,0.0,0.0,0,,,,,39.176745276,1
gestion_2023-05-17_19,26,none,,niblack,docling_rapidocr,qwen,1,0,0,0,1,0.0,0.0,0.0,0,,,,,9.54804812,1
gestion_2023-05-17_19,26,none,,none_color,docling_easyocr,qwen,1,1,0,1,1,0.0,0.0,0.0,1,0.5652173913043478,0.75,0.9735567218409367,0.9950617283950617,77.576137437,0
gestion_2023-05-17_19,26,none,,none_color,docling_rapidocr,qwen,1,1,0,1,1,0.0,0.0,0.0,1,1.0,1.0,0.6128381106176827,0.7518518518518519,22.482356919,0
gestion_2023-05-17_19,26,none,,none_grayscale,docling_easyocr,qwen,1,1,0,1,1,0.0,0.0,0.0,1,0.5652173913043478,0.75,0.9735567218409367,0.9950617283950617,76.484382047,0
gestion_2023-05-17_19,26,none,,none_grayscale,docling_rapidocr,qwen,1,1,0,1,1,0.0,0.0,0.0,1,1.0,1.0,0.6128381106176827,0.7518518518518519,22.023189677,0
gestion_2023-05-17_19,26,none,,otsu,docling_easyocr,qwen,1,1,0,1,1,0.0,0.0,0.0,1,0.5652173913043478,0.75,0.9933387161889382,1.0,68.525287761,0
gestion_2023-05-17_19,26,none,,otsu,docling_rapidocr,qwen,1,1,0,1,1,0.0,0.0,0.0,1,0.0,0.0,0.8189341945902301,0.9358024691358025,22.902013673,0
gestion_2023-05-17_19,27,none,,adaptive_gaussian,docling_easyocr,qwen,1,0,0,0,1,0.0,0.0,0.0,0,,,,,41.308542436,1
gestion_2023-05-17_19,27,none,,adaptive_gaussian,docling_rapidocr,qwen,1,0,0,0,1,0.0,0.0,0.0,0,,,,,8.924645131,1
gestion_2023-05-17_19,27,none,,adaptive_mean,docling_easyocr,qwen,1,0,0,0,1,0.0,0.0,0.0,0,,,,,40.827209418,1
gestion_2023-05-17_19,27,none,,adaptive_mean,docling_rapidocr,qwen,1,1,0,1,1,0.0,0.0,0.0,1,0.21739130434782608,0.5,0.9997981429148163,1.0,9.507345384,0
gestion_2023-05-17_19,27,none,,basic,docling_easyocr,qwen,1,0,0,0,1,0.0,0.0,0.0,0,,,,,78.678148309,1
gestion_2023-05-17_19,27,none,,basic,docling_rapidocr,qwen,1,1,0,1,1,0.0,0.0,0.0,1,0.0,0.0,0.8994751715785224,0.9567901234567902,22.477510015,0
gestion_2023-05-17_19,27,none,,niblack,docling_easyocr,qwen,1,0,0,0,1,0.0,0.0,0.0,0,,,,,40.029799375,1
gestion_2023-05-17_19,27,none,,niblack,docling_rapidocr,qwen,1,0,0,0,1,0.0,0.0,0.0,0,,,,,9.324056539,1
gestion_2023-05-17_19,27,none,,none_color,docling_easyocr,qwen,1,1,0,1,1,0.0,0.0,0.0,1,0.5652173913043478,0.75,0.9840532902704885,0.9987654320987654,66.669096747,0
gestion_2023-05-17_19,27,none,,none_color,docling_rapidocr,qwen,1,0,0,0,1,0.0,0.0,0.0,0,,,,,21.986065904,1
gestion_2023-05-17_19,27,none,,none_grayscale,docling_easyocr,qwen,1,1,0,1,1,0.0,0.0,0.0,1,0.5652173913043478,0.75,0.9832458619297537,0.9925925925925926,73.512018481,0
gestion_2023-05-17_19,27,none,,none_grayscale,docling_rapidocr,qwen,1,1,0,1,1,0.0,0.0,0.0,1,1.0,1.0,0.5012111425111021,0.6222222222222222,19.815460721,0
gestion_2023-05-17_19,27,none,,otsu,docling_easyocr,qwen,1,1,0,1,1,0.0,0.0,0.0,1,0.5652173913043478,0.75,0.988292289059346,0.991358024691358,73.850630872,0
gestion_2023-05-17_19,27,none,,otsu,docling_rapidocr,qwen,1,1,0,1,1,0.0,0.0,0.0,1,1.0,1.0,0.7616067823980621,0.908641975308642,21.960086934,0
gestion_2023-05-17_19,28,none,,adaptive_gaussian,docling_easyocr,qwen,1,0,0,0,1,0.0,0.0,0.0,0,,,,,40.704371952,1
gestion_2023-05-17_19,28,none,,adaptive_gaussian,docling_rapidocr,qwen,1,0,0,0,1,0.0,0.0,0.0,0,,,,,9.702568792,1
gestion_2023-05-17_19,28,none,,adaptive_mean,docling_easyocr,qwen,1,0,0,0,1,0.0,0.0,0.0,0,,,,,40.666611694,1
gestion_2023-05-17_19,28,none,,adaptive_mean,docling_rapidocr,qwen,1,0,0,0,1,0.0,0.0,0.0,0,,,,,9.530055068,1
gestion_2023-05-17_19,28,none,,basic,docling_easyocr,qwen,1,1,0,1,1,0.0,0.0,0.0,1,0.5652173913043478,0.75,0.9410577311263625,0.9765432098765432,73.894243118,0
gestion_2023-05-17_19,28,none,,basic,docling_rapidocr,qwen,1,0,0,0,1,0.0,0.0,0.0,0,,,,,19.774942037,1
gestion_2023-05-17_19,28,none,,niblack,docling_easyocr,qwen,1,0,0,0,1,0.0,0.0,0.0,0,,,,,39.483641614,1
gestion_2023-05-17_19,28,none,,niblack,docling_rapidocr,qwen,1,0,0,0,1,0.0,0.0,0.0,0,,,,,9.580302944,1
gestion_2023-05-17_19,28,none,,none_color,docling_easyocr,qwen,1,1,0,1,1,0.0,0.0,0.0,1,0.5652173913043478,0.75,0.9834477190149374,0.9975308641975309,75.06670582,0
gestion_2023-05-17_19,28,none,,none_color,docling_rapidocr,qwen,1,1,0,1,1,0.0,0.0,0.0,1,1.0,1.0,0.5985062575696407,0.8679012345679012,22.375959035,0
gestion_2023-05-17_19,28,none,,none_grayscale,docling_easyocr,qwen,1,1,0,1,1,0.0,0.0,0.0,1,0.5652173913043478,0.75,0.9802180056519983,0.9888888888888889,73.521422502,0
gestion_2023-05-17_19,28,none,,none_grayscale,docling_rapidocr,qwen,1,0,0,0,1,0.0,0.0,0.0,0,,,,,19.966042873,1
gestion_2023-05-17_19,28,none,,otsu,docling_easyocr,qwen,1,1,0,1,1,0.0,0.0,0.0,1,0.5652173913043478,0.75,0.9759790068631409,0.9827160493827161,75.903348634,0
gestion_2023-05-17_19,28,none,,otsu,docling_rapidocr,qwen,1,1,0,1,1,0.0,0.0,0.0,0,,,,,21.978087614,0
gestion_2023-05-17_19,29,none,,adaptive_gaussian,docling_easyocr,qwen,1,0,0,0,1,0.0,0.0,0.0,0,,,,,40.928170465,1
gestion_2023-05-17_19,29,none,,adaptive_gaussian,docling_rapidocr,qwen,1,0,0,0,1,0.0,0.0,0.0,0,,,,,9.706646703,1
gestion_2023-05-17_19,29,none,,adaptive_mean,docling_easyocr,qwen,1,0,0,0,1,0.0,0.0,0.0,0,,,,,34.257319234,1
gestion_2023-05-17_19,29,none,,adaptive_mean,docling_rapidocr,qwen,1,0,0,0,1,0.0,0.0,0.0,0,,,,,10.14224603,1
gestion_2023-05-17_19,29,none,,basic,docling_easyocr,qwen,1,0,0,0,1,0.0,0.0,0.0,0,,,,,48.899265167,1
gestion_2023-05-17_19,29,none,,basic,docling_rapidocr,qwen,1,0,0,0,1,0.0,0.0,0.0,0,,,,,20.75245988,1
gestion_2023-05-17_19,29,none,,niblack,docling_easyocr,qwen,1,0,0,0,1,0.0,0.0,0.0,0,,,,,38.487493837,1
gestion_2023-05-17_19,29,none,,niblack,docling_rapidocr,qwen,1,0,0,0,1,0.0,0.0,0.0,0,,,,,9.76277169,1
gestion_2023-05-17_19,29,none,,none_color,docling_easyocr,qwen,1,1,0,1,1,0.0,0.0,0.0,1,0.5652173913043478,0.75,0.988897860314897,1.0,76.411107894,0
gestion_2023-05-17_19,29,none,,none_color,docling_rapidocr,qwen,1,0,0,0,1,0.0,0.0,0.0,0,,,,,24.064183351,1
gestion_2023-05-17_19,29,none,,none_grayscale,docling_easyocr,qwen,1,1,0,1,1,0.0,0.0,0.0,1,0.5652173913043478,0.75,0.988897860314897,1.0,76.394154188,0
gestion_2023-05-17_19,29,none,,none_grayscale,docling_rapidocr,qwen,1,0,0,0,1,0.0,0.0,0.0,0,,,,,23.469009277,1
gestion_2023-05-17_19,29,none,,otsu,docling_easyocr,qwen,1,1,0,1,1,0.0,0.0,0.0,0,,,,,77.080978986,0
gestion_2023-05-17_19,29,none,,otsu,docling_rapidocr,qwen,1,1,0,1,1,0.0,0.0,0.0,1,0.9565217391304348,1.0,0.8306419055308841,0.9358024691358025,23.197670337,0
gestion_2023-05-17_19,30,none,,adaptive_gaussian,docling_easyocr,qwen,1,0,0,0,1,0.0,0.0,0.0,0,,,,,34.098130653,1
gestion_2023-05-17_19,30,none,,adaptive_gaussian,docling_rapidocr,qwen,1,0,0,0,1,0.0,0.0,0.0,0,,,,,9.843645284,1
gestion_2023-05-17_19,30,none,,adaptive_mean,docling_easyocr,qwen,1,0,0,0,1,0.0,0.0,0.0,0,,,,,40.671971271,1
gestion_2023-05-17_19,30,none,,adaptive_mean,docling_rapidocr,qwen,1,0,0,0,1,0.0,0.0,0.0,0,,,,,11.590409229,1
gestion_2023-05-17_19,30,none,,basic,docling_easyocr,qwen,1,0,0,0,1,0.0,0.0,0.0,0,,,,,160.985599323,1
gestion_2023-05-17_19,30,none,,basic,docling_rapidocr,qwen,1,0,0,0,1,0.0,0.0,0.0,0,,,,,156.487646385,1
gestion_2023-05-17_19,30,none,,niblack,docling_easyocr,qwen,1,0,0,0,1,0.0,0.0,0.0,0,,,,,35.404940118,1
gestion_2023-05-17_19,30,none,,niblack,docling_rapidocr,qwen,1,0,0,0,1,0.0,0.0,0.0,0,,,,,9.448339452,1
gestion_2023-05-17_19,30,none,,none_color,docling_easyocr,qwen,1,0,0,0,1,0.0,0.0,0.0,0,,,,,34.943112178,1
gestion_2023-05-17_19,30,none,,none_color,docling_rapidocr,qwen,1,2,0,2,1,0.0,0.0,0.0,0,,,,,18.976199909,0
gestion_2023-05-17_19,30,none,,none_grayscale,docling_easyocr,qwen,1,0,0,0,1,0.0,0.0,0.0,0,,,,,35.937770648,1
gestion_2023-05-17_19,30,none,,none_grayscale,docling_rapidocr,qwen,1,2,0,2,1,0.0,0.0,0.0,1,0.0,0.0,0.9796124343964473,0.9888888888888889,21.273969455,0
gestion_2023-05-17_19,30,none,,otsu,docling_easyocr,qwen,1,0,0,0,1,0.0,0.0,0.0,0,,,,,49.050477859,1
gestion_2023-05-17_19,30,none,,otsu,docling_rapidocr,qwen,1,1,0,1,1,0.0,0.0,0.0,1,0.0,0.0,1.0,1.0,21.197583314,0
gestion_2023-05-17_19,31,none,,adaptive_gaussian,docling_easyocr,qwen,1,0,0,0,1,0.0,0.0,0.0,0,,,,,38.557752632,1
gestion_2023-05-17_19,31,none,,adaptive_gaussian,docling_rapidocr,qwen,1,0,0,0,1,0.0,0.0,0.0,0,,,,,10.297624134,1
gestion_2023-05-17_19,31,none,,adaptive_mean,docling_easyocr,qwen,1,0,0,0,1,0.0,0.0,0.0,0,,,,,34.057991289,1
gestion_2023-05-17_19,31,none,,adaptive_mean,docling_rapidocr,qwen,1,0,0,0,1,0.0,0.0,0.0,0,,,,,9.648242734,1
gestion_2023-05-17_19,31,none,,basic,docling_easyocr,qwen,1,1,0,1,1,0.0,0.0,0.0,1,0.5652173913043478,0.75,0.9995962858296327,1.0,48.347567913,0
gestion_2023-05-17_19,31,none,,basic,docling_rapidocr,qwen,1,0,0,0,1,0.0,0.0,0.0,0,,,,,24.375991222,1
gestion_2023-05-17_19,31,none,,niblack,docling_easyocr,qwen,1,0,0,0,1,0.0,0.0,0.0,0,,,,,38.340794242,1
gestion_2023-05-17_19,31,none,,niblack,docling_rapidocr,qwen,1,0,0,0,1,0.0,0.0,0.0,0,,,,,9.919247545,1
gestion_2023-05-17_19,31,none,,none_color,docling_easyocr,qwen,1,0,0,0,1,0.0,0.0,0.0,0,,,,,41.065141794,1
gestion_2023-05-17_19,31,none,,none_color,docling_rapidocr,qwen,1,2,0,2,1,0.0,0.0,0.0,0,,,,,22.877630111,0
gestion_2023-05-17_19,31,none,,none_grayscale,docling_easyocr,qwen,1,0,0,0,1,0.0,0.0,0.0,0,,,,,40.874014255,1
gestion_2023-05-17_19,31,none,,none_grayscale,docling_rapidocr,qwen,1,2,0,2,1,0.0,0.0,0.0,1,0.0,0.0,0.9545821558336698,0.9765432098765432,22.339686033,0
gestion_2023-05-17_19,31,none,,otsu,docling_easyocr,qwen,1,0,0,0,1,0.0,0.0,0.0,0,,,,,69.902939985,1
gestion_2023-05-17_19,31,none,,otsu,docling_rapidocr,qwen,1,0,0,0,1,0.0,0.0,0.0,0,,,,,19.559105585,1
gestion_2023-05-17_19,32,none,,adaptive_gaussian,docling_easyocr,qwen,1,0,0,0,1,0.0,0.0,0.0,0,,,,,34.726363034,1
gestion_2023-05-17_19,32,none,,adaptive_gaussian,docling_rapidocr,qwen,1,0,0,0,1,0.0,0.0,0.0,0,,,,,10.270238728,1
gestion_2023-05-17_19,32,none,,adaptive_mean,docling_easyocr,qwen,1,0,0,0,1,0.0,0.0,0.0,0,,,,,35.913424344,1
gestion_2023-05-17_19,32,none,,adaptive_mean,docling_rapidocr,qwen,1,0,0,0,1,0.0,0.0,0.0,0,,,,,9.666792722,1
gestion_2023-05-17_19,32,none,,basic,docling_easyocr,qwen,1,0,0,0,1,0.0,0.0,0.0,0,,,,,169.702039187,1
gestion_2023-05-17_19,32,none,,basic,docling_rapidocr,qwen,1,0,0,0,1,0.0,0.0,0.0,0,,,,,147.806262439,1
gestion_2023-05-17_19,32,none,,niblack,docling_easyocr,qwen,1,0,0,0,1,0.0,0.0,0.0,0,,,,,39.459784732,1
gestion_2023-05-17_19,32,none,,niblack,docling_rapidocr,qwen,1,0,0,0,1,0.0,0.0,0.0,0,,,,,9.84585093,1
gestion_2023-05-17_19,32,none,,none_color,docling_easyocr,qwen,1,0,0,0,1,0.0,0.0,0.0,0,,,,,40.774500792,1
gestion_2023-05-17_19,32,none,,none_color,docling_rapidocr,qwen,1,2,0,2,1,0.0,0.0,0.0,1,0.0,0.0,0.9501412999596286,0.9827160493827161,20.713557189,0
gestion_2023-05-17_19,32,none,,none_grayscale,docling_easyocr,qwen,1,0,0,0,1,0.0,0.0,0.0,0,,,,,40.57809872,1
gestion_2023-05-17_19,32,none,,none_grayscale,docling_rapidocr,qwen,1,2,0,2,1,0.0,0.0,0.0,1,0.0,0.0,0.9501412999596286,0.9827160493827161,20.519998019,0
gestion_2023-05-17_19,32,none,,otsu,docling_easyocr,qwen,1,0,0,0,1,0.0,0.0,0.0,0,,,,,45.594473308,1
gestion_2023-05-17_19,32,none,,otsu,docling_rapidocr,qwen,1,0,0,0,1,0.0,0.0,0.0,0,,,,,21.76012749,1
gestion_2023-05-17_19,33,none,,adaptive_gaussian,docling_easyocr,qwen,1,0,0,0,1,0.0,0.0,0.0,0,,,,,39.85524227,1
gestion_2023-05-17_19,33,none,,adaptive_gaussian,docling_rapidocr,qwen,1,0,0,0,1,0.0,0.0,0.0,0,,,,,9.116140384,1
gestion_2023-05-17_19,33,none,,adaptive_mean,docling_easyocr,qwen,1,0,0,0,1,0.0,0.0,0.0,0,,,,,40.479091186,1
gestion_2023-05-17_19,33,none,,adaptive_mean,docling_rapidocr,qwen,1,0,0,0,1,0.0,0.0,0.0,0,,,,,10.047960299,1
gestion_2023-05-17_19,33,none,,basic,docling_easyocr,qwen,1,0,0,0,1,0.0,0.0,0.0,0,,,,,46.614481084,1
gestion_2023-05-17_19,33,none,,basic,docling_rapidocr,qwen,1,0,0,0,1,0.0,0.0,0.0,0,,,,,22.308653466,1
gestion_2023-05-17_19,33,none,,niblack,docling_easyocr,qwen,1,0,0,0,1,0.0,0.0,0.0,0,,,,,35.053208741,1
gestion_2023-05-17_19,33,none,,niblack,docling_rapidocr,qwen,1,0,0,0,1,0.0,0.0,0.0,0,,,,,8.4555451,1
gestion_2023-05-17_19,33,none,,none_color,docling_easyocr,qwen,1,0,0,0,1,0.0,0.0,0.0,0,,,,,41.77698528,1
gestion_2023-05-17_19,33,none,,none_color,docling_rapidocr,qwen,1,0,0,0,1,0.0,0.0,0.0,0,,,,,18.494633309,1
gestion_2023-05-17_19,33,none,,none_grayscale,docling_easyocr,qwen,1,0,0,0,1,0.0,0.0,0.0,0,,,,,42.694761626,1
gestion_2023-05-17_19,33,none,,none_grayscale,docling_rapidocr,qwen,1,0,0,0,1,0.0,0.0,0.0,0,,,,,15.273287408,1
gestion_2023-05-17_19,33,none,,otsu,docling_easyocr,qwen,1,0,0,0,1,0.0,0.0,0.0,0,,,,,41.275319045,1
gestion_2023-05-17_19,33,none,,otsu,docling_rapidocr,qwen,1,0,0,0,1,0.0,0.0,0.0,0,,,,,10.73938102,1
gestion_2023-05-17_19,34,none,,adaptive_gaussian,docling_easyocr,qwen,1,0,0,0,1,0.0,0.0,0.0,0,,,,,39.844266505,1
gestion_2023-05-17_19,34,none,,adaptive_gaussian,docling_rapidocr,qwen,1,0,0,0,1,0.0,0.0,0.0,0,,,,,10.321418376,1
gestion_2023-05-17_19,34,none,,adaptive_mean,docling_easyocr,qwen,1,0,0,0,1,0.0,0.0,0.0,0,,,,,34.435667367,1
gestion_2023-05-17_19,34,none,,adaptive_mean,docling_rapidocr,qwen,1,0,0,0,1,0.0,0.0,0.0,0,,,,,10.23419723,1
gestion_2023-05-17_19,34,none,,basic,docling_easyocr,qwen,1,0,0,0,1,0.0,0.0,0.0,0,,,,,54.503170197,1
gestion_2023-05-17_19,34,none,,basic,docling_rapidocr,qwen,1,0,0,0,1,0.0,0.0,0.0,0,,,,,21.203367894,1
gestion_2023-05-17_19,34,none,,niblack,docling_easyocr,qwen,1,0,0,0,1,0.0,0.0,0.0,0,,,,,33.708650813,1
gestion_2023-05-17_19,34,none,,niblack,docling_rapidocr,qwen,1,0,0,0,1,0.0,0.0,0.0,0,,,,,10.366911158,1
gestion_2023-05-17_19,34,none,,none_color,docling_easyocr,qwen,1,0,0,0,1,0.0,0.0,0.0,0,,,,,45.695691054,1
gestion_2023-05-17_19,34,none,,none_color,docling_rapidocr,qwen,1,1,0,1,1,0.0,0.0,0.0,1,1.0,1.0,0.583366976180864,0.7530864197530864,17.951210683,0
gestion_2023-05-17_19,34,none,,none_grayscale,docling_easyocr,qwen,1,0,0,0,1,0.0,0.0,0.0,0,,,,,45.278904384,1
gestion_2023-05-17_19,34,none,,none_grayscale,docling_rapidocr,qwen,1,0,0,0,1,0.0,0.0,0.0,0,,,,,17.504459565,1
gestion_2023-05-17_19,34,none,,otsu,docling_easyocr,qwen,1,0,0,0,1,0.0,0.0,0.0,0,,,,,44.929350156,1
gestion_2023-05-17_19,34,none,,otsu,docling_rapidocr,qwen,1,1,0,1,1,0.0,0.0,0.0,1,0.0,0.0,0.9852644327815906,0.9938271604938271,12.544930715,0
gestion_2023-05-17_19,35,none,,adaptive_gaussian,docling_easyocr,qwen,1,0,0,0,1,0.0,0.0,0.0,0,,,,,39.376618476,1
gestion_2023-05-17_19,35,none,,adaptive_gaussian,docling_rapidocr,qwen,1,0,0,0,1,0.0,0.0,0.0,0,,,,,10.547128768,1
gestion_2023-05-17_19,35,none,,adaptive_mean,docling_easyocr,qwen,1,0,0,0,1,0.0,0.0,0.0,0,,,,,34.381167025,1
gestion_2023-05-17_19,35,none,,adaptive_mean,docling_rapidocr,qwen,1,0,0,0,1,0.0,0.0,0.0,0,,,,,10.547658296,1
gestion_2023-05-17_19,35,none,,basic,docling_easyocr,qwen,1,0,0,0,1,0.0,0.0,0.0,0,,,,,40.5114376,1
gestion_2023-05-17_19,35,none,,basic,docling_rapidocr,qwen,1,0,0,0,1,0.0,0.0,0.0,0,,,,,8.951205199,1
gestion_2023-05-17_19,35,none,,niblack,docling_easyocr,qwen,1,0,0,0,1,0.0,0.0,0.0,0,,,,,40.236461387,1
gestion_2023-05-17_19,35,none,,niblack,docling_rapidocr,qwen,1,0,0,0,1,0.0,0.0,0.0,0,,,,,10.072334275,1
gestion_2023-05-17_19,35,none,,none_color,docling_easyocr,qwen,1,0,0,0,1,0.0,0.0,0.0,0,,,,,37.067649072,1
gestion_2023-05-17_19,35,none,,none_color,docling_rapidocr,qwen,1,0,0,0,1,0.0,0.0,0.0,0,,,,,17.599370902,1
gestion_2023-05-17_19,35,none,,none_grayscale,docling_easyocr,qwen,1,0,0,0,1,0.0,0.0,0.0,0,,,,,40.573080247,1
gestion_2023-05-17_19,35,none,,none_grayscale,docling_rapidocr,qwen,1,1,0,1,1,0.0,0.0,0.0,1,1.0,1.0,0.6887363746467501,0.7975308641975308,17.292465156,0
gestion_2023-05-17_19,35,none,,otsu,docling_easyocr,qwen,1,0,0,0,1,0.0,0.0,0.0,0,,,,,35.987549727,1
gestion_2023-05-17_19,35,none,,otsu,docling_rapidocr,qwen,1,1,0,1,1,0.0,0.0,0.0,1,0.0,0.0,0.9981832862333468,1.0,10.874621337,0
gestion_2023-05-17_19,36,none,,adaptive_gaussian,docling_easyocr,qwen,1,0,0,0,1,0.0,0.0,0.0,0,,,,,39.225174743,1
gestion_2023-05-17_19,36,none,,adaptive_gaussian,docling_rapidocr,qwen,1,0,0,0,1,0.0,0.0,0.0,0,,,,,8.267441589,1
gestion_2023-05-17_19,36,none,,adaptive_mean,docling_easyocr,qwen,1,0,0,0,1,0.0,0.0,0.0,0,,,,,38.979445058,1
gestion_2023-05-17_19,36,none,,adaptive_mean,docling_rapidocr,qwen,1,0,0,0,1,0.0,0.0,0.0,0,,,,,10.028039771,1
gestion_2023-05-17_19,36,none,,basic,docling_easyocr,qwen,1,0,0,0,1,0.0,0.0,0.0,0,,,,,40.47890418,1
gestion_2023-05-17_19,36,none,,basic,docling_rapidocr,qwen,1,0,0,0,1,0.0,0.0,0.0,0,,,,,23.492232255,1
gestion_2023-05-17_19,36,none,,niblack,docling_easyocr,qwen,1,0,0,0,1,0.0,0.0,0.0,0,,,,,36.264650484,1
gestion_2023-05-17_19,36,none,,niblack,docling_rapidocr,qwen,1,0,0,0,1,0.0,0.0,0.0,0,,,,,10.109029432,1
gestion_2023-05-17_19,36,none,,none_color,docling_easyocr,qwen,1,0,0,0,1,0.0,0.0,0.0,0,,,,,41.120358161,1
gestion_2023-05-17_19,36,none,,none_color,docling_rapidocr,qwen,1,0,0,0,1,0.0,0.0,0.0,0,,,,,22.735217742,1
gestion_2023-05-17_19,36,none,,none_grayscale,docling_easyocr,qwen,1,0,0,0,1,0.0,0.0,0.0,0,,,,,38.549852304,1
gestion_2023-05-17_19,36,none,,none_grayscale,docling_rapidocr,qwen,1,0,0,0,1,0.0,0.0,0.0,0,,,,,21.895959548,1
gestion_2023-05-17_19,36,none,,otsu,docling_easyocr,qwen,1,0,0,0,1,0.0,0.0,0.0,0,,,,,43.581035858,1
gestion_2023-05-17_19,36,none,,otsu,docling_rapidocr,qwen,1,0,0,0,1,0.0,0.0,0.0,0,,,,,20.132785564,1
gestion_2023-05-17_19,37,none,,adaptive_gaussian,docling_easyocr,qwen,1,0,0,0,1,0.0,0.0,0.0,0,,,,,39.846862466,1
gestion_2023-05-17_19,37,none,,adaptive_gaussian,docling_rapidocr,qwen,1,0,0,0,1,0.0,0.0,0.0,0,,,,,10.168631465,1
gestion_2023-05-17_19,37,none,,adaptive_mean,docling_easyocr,qwen,1,0,0,0,1,0.0,0.0,0.0,0,,,,,39.734220178,1
gestion_2023-05-17_19,37,none,,adaptive_mean,docling_rapidocr,qwen,1,0,0,0,1,0.0,0.0,0.0,0,,,,,10.156602533,1
gestion_2023-05-17_19,37,none,,basic,docling_easyocr,qwen,1,0,0,0,1,0.0,0.0,0.0,0,,,,,78.498767858,1
gestion_2023-05-17_19,37,none,,basic,docling_rapidocr,qwen,1,0,0,0,1,0.0,0.0,0.0,0,,,,,23.378282314,1
gestion_2023-05-17_19,37,none,,niblack,docling_easyocr,qwen,1,0,0,0,1,0.0,0.0,0.0,0,,,,,39.184777471,1
gestion_2023-05-17_19,37,none,,niblack,docling_rapidocr,qwen,1,0,0,0,1,0.0,0.0,0.0,0,,,,,9.830091926,1
gestion_2023-05-17_19,37,none,,none_color,docling_easyocr,qwen,1,0,0,0,1,0.0,0.0,0.0,0,,,,,40.302698617,1
gestion_2023-05-17_19,37,none,,none_color,docling_rapidocr,qwen,1,0,0,0,1,0.0,0.0,0.0,0,,,,,24.094069248,1
gestion_2023-05-17_19,37,none,,none_grayscale,docling_easyocr,qwen,1,0,0,0,1,0.0,0.0,0.0,0,,,,,43.710789686,1
gestion_2023-05-17_19,37,none,,none_grayscale,docling_rapidocr,qwen,1,0,0,0,1,0.0,0.0,0.0,0,,,,,22.75072146,1
gestion_2023-05-17_19,37,none,,otsu,docling_easyocr,qwen,1,0,0,0,1,0.0,0.0,0.0,0,,,,,75.489388305,1
gestion_2023-05-17_19,37,none,,otsu,docling_rapidocr,qwen,1,0,0,0,1,0.0,0.0,0.0,0,,,,,22.331024724,1
gestion_2023-05-17_19,38,none,,adaptive_gaussian,docling_easyocr,qwen,1,0,0,0,1,0.0,0.0,0.0,0,,,,,40.304108055,1
gestion_2023-05-17_19,38,none,,adaptive_gaussian,docling_rapidocr,qwen,1,0,0,0,1,0.0,0.0,0.0,0,,,,,9.979794891,1
gestion_2023-05-17_19,38,none,,adaptive_mean,docling_easyocr,qwen,1,0,0,0,1,0.0,0.0,0.0,0,,,,,39.650081546,1
gestion_2023-05-17_19,38,none,,adaptive_mean,docling_rapidocr,qwen,1,0,0,0,1,0.0,0.0,0.0,0,,,,,10.487153919,1
gestion_2023-05-17_19,38,none,,basic,docling_easyocr,qwen,1,0,0,0,1,0.0,0.0,0.0,0,,,,,193.443640476,1
gestion_2023-05-17_19,38,none,,basic,docling_rapidocr,qwen,1,0,0,0,1,0.0,0.0,0.0,0,,,,,148.445989376,1
gestion_2023-05-17_19,38,none,,niblack,docling_easyocr,qwen,1,0,0,0,1,0.0,0.0,0.0,0,,,,,38.868549941,1
gestion_2023-05-17_19,38,none,,niblack,docling_rapidocr,qwen,1,0,0,0,1,0.0,0.0,0.0,0,,,,,9.886927722,1
gestion_2023-05-17_19,38,none,,none_color,docling_easyocr,qwen,1,0,0,0,1,0.0,0.0,0.0,0,,,,,40.554960733,1
gestion_2023-05-17_19,38,none,,none_color,docling_rapidocr,qwen,1,0,0,0,1,0.0,0.0,0.0,0,,,,,19.418785816,1
gestion_2023-05-17_19,38,none,,none_grayscale,docling_easyocr,qwen,1,0,0,0,1,0.0,0.0,0.0,0,,,,,41.016080862,1
gestion_2023-05-17_19,38,none,,none_grayscale,docling_rapidocr,qwen,1,0,0,0,1,0.0,0.0,0.0,0,,,,,18.776833301,1
gestion_2023-05-17_19,38,none,,otsu,docling_easyocr,qwen,1,0,0,0,1,0.0,0.0,0.0,0,,,,,39.345852619,1
gestion_2023-05-17_19,38,none,,otsu,docling_rapidocr,qwen,1,0,0,0,1,0.0,0.0,0.0,0,,,,,22.822452074,1
gestion_2023-05-17_19,39,none,,adaptive_gaussian,docling_easyocr,qwen,1,0,0,0,1,0.0,0.0,0.0,0,,,,,46.476465476,1
gestion_2023-05-17_19,39,none,,adaptive_gaussian,docling_rapidocr,qwen,1,0,0,0,1,0.0,0.0,0.0,0,,,,,14.632928384,1
gestion_2023-05-17_19,39,none,,adaptive_mean,docling_easyocr,qwen,1,0,0,0,1,0.0,0.0,0.0,0,,,,,45.591984285,1
gestion_2023-05-17_19,39,none,,adaptive_mean,docling_rapidocr,qwen,1,0,0,0,1,0.0,0.0,0.0,0,,,,,14.996192707,1
gestion_2023-05-17_19,39,none,,basic,docling_easyocr,qwen,1,0,0,0,1,0.0,0.0,0.0,0,,,,,84.953577863,1
gestion_2023-05-17_19,39,none,,basic,docling_rapidocr,qwen,1,1,0,1,1,0.0,0.0,0.0,1,0.0,0.0,0.896447315300767,0.9567901234567902,27.930905925,0
gestion_2023-05-17_19,39,none,,niblack,docling_easyocr,qwen,1,0,0,0,1,0.0,0.0,0.0,0,,,,,44.955381374,1
gestion_2023-05-17_19,39,none,,niblack,docling_rapidocr,qwen,1,0,0,0,1,0.0,0.0,0.0,0,,,,,15.42798088,1
gestion_2023-05-17_19,39,none,,none_color,docling_easyocr,qwen,1,1,0,1,1,0.0,0.0,0.0,1,0.5652173913043478,0.75,0.9903108599111828,1.0,79.497865306,0
gestion_2023-05-17_19,39,none,,none_color,docling_rapidocr,qwen,1,1,0,1,1,0.0,0.0,0.0,1,1.0,1.0,0.5046427129592249,0.6123456790123457,26.260170566,0
gestion_2023-05-17_19,39,none,,none_grayscale,docling_easyocr,qwen,1,1,0,1,1,0.0,0.0,0.0,1,0.782608695652174,1.0,0.957004440855874,0.9814814814814815,79.754001008,0
gestion_2023-05-17_19,39,none,,none_grayscale,docling_rapidocr,qwen,1,1,0,1,1,0.0,0.0,0.0,1,1.0,1.0,0.6493742430359306,0.7481481481481481,28.423198091,0
gestion_2023-05-17_19,39,none,,otsu,docling_easyocr,qwen,1,1,0,1,1,0.0,0.0,0.0,1,0.5652173913043478,0.75,0.9959628582963262,0.9987654320987654,79.295689046,0
gestion_2023-05-17_19,39,none,,otsu,docling_rapidocr,qwen,1,1,0,1,1,0.0,0.0,0.0,1,1.0,1.0,0.8122729107791683,0.9209876543209876,25.508426845,0
gestion_2023-05-17_19,40,none,,adaptive_gaussian,docling_easyocr,qwen,1,0,0,0,1,0.0,0.0,0.0,0,,,,,45.976345949,1
gestion_2023-05-17_19,40,none,,adaptive_gaussian,docling_rapidocr,qwen,1,0,0,0,1,0.0,0.0,0.0,0,,,,,14.443415336,1
gestion_2023-05-17_19,40,none,,adaptive_mean,docling_easyocr,qwen,1,0,0,0,1,0.0,0.0,0.0,0,,,,,41.097723417,1
gestion_2023-05-17_19,40,none,,adaptive_mean,docling_rapidocr,qwen,1,0,0,0,1,0.0,0.0,0.0,0,,,,,14.394795112,1
gestion_2023-05-17_19,40,none,,basic,docling_easyocr,qwen,1,1,0,1,1,0.0,0.0,0.0,1,0.5652173913043478,0.75,0.9973758578926121,1.0,80.340844181,0
gestion_2023-05-17_19,40,none,,basic,docling_rapidocr,qwen,1,2,0,2,1,0.0,0.0,0.0,1,0.9565217391304348,1.0,0.7186112232539362,0.908641975308642,28.729842451,0
gestion_2023-05-17_19,40,none,,niblack,docling_easyocr,qwen,1,0,0,0,1,0.0,0.0,0.0,0,,,,,44.524413963,1
gestion_2023-05-17_19,40,none,,niblack,docling_rapidocr,qwen,1,0,0,0,1,0.0,0.0,0.0,0,,,,,15.407587906,1
gestion_2023-05-17_19,40,none,,none_color,docling_easyocr,qwen,1,1,0,1,1,0.0,0.0,0.0,1,0.5652173913043478,0.75,0.9578118691966088,0.9839506172839506,74.500077512,0
gestion_2023-05-17_19,40,none,,none_color,docling_rapidocr,qwen,1,0,0,0,1,0.0,0.0,0.0,0,,,,,24.5046294,1
gestion_2023-05-17_19,40,none,,none_grayscale,docling_easyocr,qwen,1,1,0,1,1,0.0,0.0,0.0,1,0.5652173913043478,0.75,0.9705288655631813,0.9851851851851852,74.531152513,0
gestion_2023-05-17_19,40,none,,none_grayscale,docling_rapidocr,qwen,1,1,0,1,1,0.0,0.0,0.0,1,1.0,1.0,0.6037545417844167,0.7419753086419754,27.087227848,0
gestion_2023-05-17_19,40,none,,otsu,docling_easyocr,qwen,1,1,0,1,1,0.0,0.0,0.0,1,0.5652173913043478,0.75,0.9995962858296327,1.0,76.944354633,0
gestion_2023-05-17_19,40,none,,otsu,docling_rapidocr,qwen,1,0,0,0,1,0.0,0.0,0.0,0,,,,,28.020630697,2
gestion_2023-05-17_19,41,none,,adaptive_gaussian,docling_easyocr,qwen,1,0,0,0,1,0.0,0.0,0.0,0,,,,,45.818090143,1
gestion_2023-05-17_19,41,none,,adaptive_gaussian,docling_rapidocr,qwen,1,0,0,0,1,0.0,0.0,0.0,0,,,,,16.431065502,1
gestion_2023-05-17_19,41,none,,adaptive_mean,docling_easyocr,qwen,1,0,0,0,1,0.0,0.0,0.0,0,,,,,42.304364624,1
gestion_2023-05-17_19,41,none,,adaptive_mean,docling_rapidocr,qwen,1,0,0,0,1,0.0,0.0,0.0,0,,,,,15.700216474,1
gestion_2023-05-17_19,41,none,,basic,docling_easyocr,qwen,1,0,0,0,1,0.0,0.0,0.0,0,,,,,45.325381077,1
gestion_2023-05-17_19,41,none,,basic,docling_rapidocr,qwen,1,0,0,0,1,0.0,0.0,0.0,0,,,,,23.23915962,1
gestion_2023-05-17_19,41,none,,niblack,docling_easyocr,qwen,1,0,0,0,1,0.0,0.0,0.0,0,,,,,44.429572969,1
gestion_2023-05-17_19,41,none,,niblack,docling_rapidocr,qwen,1,0,0,0,1,0.0,0.0,0.0,0,,,,,15.848275572,1
gestion_2023-05-17_19,41,none,,none_color,docling_easyocr,qwen,1,1,0,1,1,0.0,0.0,0.0,1,0.5652173913043478,0.75,0.982438433589019,0.991358024691358,83.398056781,0
gestion_2023-05-17_19,41,none,,none_color,docling_rapidocr,qwen,1,0,0,0,1,0.0,0.0,0.0,0,,,,,28.923126972,1
gestion_2023-05-17_19,41,none,,none_grayscale,docling_easyocr,qwen,1,1,0,1,1,0.0,0.0,0.0,1,0.5652173913043478,0.75,0.982438433589019,0.991358024691358,78.275910413,0
gestion_2023-05-17_19,41,none,,none_grayscale,docling_rapidocr,qwen,1,0,0,0,1,0.0,0.0,0.0,0,,,,,28.74024657,1
gestion_2023-05-17_19,41,none,,otsu,docling_easyocr,qwen,1,1,0,1,1,0.0,0.0,0.0,1,0.782608695652174,1.0,0.985062575696407,0.9925925925925926,83.287923134,0
gestion_2023-05-17_19,41,none,,otsu,docling_rapidocr,qwen,1,0,0,0,1,0.0,0.0,0.0,0,,,,,28.254496372,1
gestion_2023-05-17_19,42,none,,adaptive_gaussian,docling_easyocr,qwen,1,0,0,0,1,0.0,0.0,0.0,0,,,,,40.295457351,1
gestion_2023-05-17_19,42,none,,adaptive_gaussian,docling_rapidocr,qwen,1,0,0,0,1,0.0,0.0,0.0,0,,,,,25.248378027,1
gestion_2023-05-17_19,42,none,,adaptive_mean,docling_easyocr,qwen,1,0,0,0,1,0.0,0.0,0.0,0,,,,,40.422381389,1
gestion_2023-05-17_19,42,none,,adaptive_mean,docling_rapidocr,qwen,1,0,0,0,1,0.0,0.0,0.0,0,,,,,19.672759044,1
gestion_2023-05-17_19,42,none,,basic,docling_easyocr,qwen,1,0,0,0,1,0.0,0.0,0.0,0,,,,,75.680887066,1
gestion_2023-05-17_19,42,none,,basic,docling_rapidocr,qwen,1,0,0,0,1,0.0,0.0,0.0,0,,,,,20.316905342,1
gestion_2023-05-17_19,42,none,,niblack,docling_easyocr,qwen,1,0,0,0,1,0.0,0.0,0.0,0,,,,,38.895784261,1
gestion_2023-05-17_19,42,none,,niblack,docling_rapidocr,qwen,1,0,0,0,1,0.0,0.0,0.0,0,,,,,9.826712492,1
gestion_2023-05-17_19,42,none,,none_color,docling_easyocr,qwen,1,0,0,0,1,0.0,0.0,0.0,0,,,,,73.577534042,1
gestion_2023-05-17_19,42,none,,none_color,docling_rapidocr,qwen,1,0,0,0,1,0.0,0.0,0.0,0,,,,,24.224897228,1
gestion_2023-05-17_19,42,none,,none_grayscale,docling_easyocr,qwen,1,0,0,0,1,0.0,0.0,0.0,0,,,,,66.546379648,1
gestion_2023-05-17_19,42,none,,none_grayscale,docling_rapidocr,qwen,1,1,0,1,1,0.0,0.0,0.0,1,1.0,1.0,0.6901493742430359,0.8839506172839506,22.949152313,0
gestion_2023-05-17_19,42,none,,otsu,docling_easyocr,qwen,1,0,0,0,1,0.0,0.0,0.0,0,,,,,74.093900596,1
gestion_2023-05-17_19,42,none,,otsu,docling_rapidocr,qwen,1,1,0,1,1,0.0,0.0,0.0,1,0.8695652173913043,0.75,0.7801776342349617,0.9259259259259259,22.431555664,0
gestion_2023-05-17_19,43,none,,adaptive_gaussian,docling_easyocr,qwen,1,0,0,0,1,0.0,0.0,0.0,0,,,,,296.868152036,1
gestion_2023-05-17_19,43,none,,adaptive_gaussian,docling_rapidocr,qwen,1,0,0,0,1,0.0,0.0,0.0,0,,,,,193.435813322,1
gestion_2023-05-17_19,43,none,,adaptive_mean,docling_easyocr,qwen,1,0,0,0,1,0.0,0.0,0.0,0,,,,,277.080708637,1
gestion_2023-05-17_19,43,none,,adaptive_mean,docling_rapidocr,qwen,1,0,0,0,1,0.0,0.0,0.0,0,,,,,177.058359518,1
gestion_2023-05-17_19,43,none,,basic,docling_easyocr,qwen,1,0,0,0,1,0.0,0.0,0.0,0,,,,,72.540857303,1
gestion_2023-05-17_19,43,none,,basic,docling_rapidocr,qwen,1,1,0,1,1,0.0,0.0,0.0,1,0.6956521739130435,0.5,0.811869196608801,0.9469135802469136,22.458764064,0
gestion_2023-05-17_19,43,none,,niblack,docling_easyocr,qwen,1,0,0,0,1,0.0,0.0,0.0,0,,,,,33.756447178,1
gestion_2023-05-17_19,43,none,,niblack,docling_rapidocr,qwen,1,0,0,0,1,0.0,0.0,0.0,0,,,,,9.341074091,1
gestion_2023-05-17_19,43,none,,none_color,docling_easyocr,qwen,1,0,0,0,1,0.0,0.0,0.0,0,,,,,72.835880983,1
gestion_2023-05-17_19,43,none,,none_color,docling_rapidocr,qwen,1,1,0,1,1,0.0,0.0,0.0,1,1.0,1.0,0.7169963665724667,0.9049382716049382,22.710975874,0
gestion_2023-05-17_19,43,none,,none_grayscale,docling_easyocr,qwen,1,0,0,0,1,0.0,0.0,0.0,0,,,,,73.259443748,1
gestion_2023-05-17_19,43,none,,none_grayscale,docling_rapidocr,qwen,1,1,0,1,1,0.0,0.0,0.0,1,1.0,1.0,0.6935809446911586,0.8888888888888888,22.427004564,0
gestion_2023-05-17_19,43,none,,otsu,docling_easyocr,qwen,1,0,0,0,1,0.0,0.0,0.0,0,,,,,63.994863809,1
gestion_2023-05-17_19,43,none,,otsu,docling_rapidocr,qwen,1,1,0,1,1,0.0,0.0,0.0,1,0.043478260869565216,0.25,0.8001614856681469,0.9395061728395062,19.092506708,0
gestion_2023-05-17_19,44,none,,adaptive_gaussian,docling_easyocr,qwen,1,0,0,0,1,0.0,0.0,0.0,0,,,,,40.557935939,1
gestion_2023-05-17_19,44,none,,adaptive_gaussian,docling_rapidocr,qwen,1,0,0,0,1,0.0,0.0,0.0,0,,,,,26.525993571,1
gestion_2023-05-17_19,44,none,,adaptive_mean,docling_easyocr,qwen,1,0,0,0,1,0.0,0.0,0.0,0,,,,,40.874642358,1
gestion_2023-05-17_19,44,none,,adaptive_mean,docling_rapidocr,qwen,1,0,0,0,1,0.0,0.0,0.0,0,,,,,25.39335011,1
gestion_2023-05-17_19,44,none,,basic,docling_easyocr,qwen,1,0,0,0,1,0.0,0.0,0.0,0,,,,,74.06497701,1
gestion_2023-05-17_19,44,none,,basic,docling_rapidocr,qwen,1,0,0,0,1,0.0,0.0,0.0,0,,,,,21.366381247,1
gestion_2023-05-17_19,44,none,,niblack,docling_easyocr,qwen,1,0,0,0,1,0.0,0.0,0.0,0,,,,,38.27706635,1
gestion_2023-05-17_19,44,none,,niblack,docling_rapidocr,qwen,1,0,0,0,1,0.0,0.0,0.0,0,,,,,10.872457623,1
gestion_2023-05-17_19,44,none,,none_color,docling_easyocr,qwen,1,1,0,1,1,0.0,0.0,0.0,0,,,,,77.699538548,0
gestion_2023-05-17_19,44,none,,none_color,docling_rapidocr,qwen,1,0,0,0,1,0.0,0.0,0.0,0,,,,,23.515253861,1
gestion_2023-05-17_19,44,none,,none_grayscale,docling_easyocr,qwen,1,1,0,1,1,0.0,0.0,0.0,0,,,,,77.086026509,0
gestion_2023-05-17_19,44,none,,none_grayscale,docling_rapidocr,qwen,1,0,0,0,1,0.0,0.0,0.0,0,,,,,22.942507108,1
gestion_2023-05-17_19,44,none,,otsu,docling_easyocr,qwen,1,0,0,0,1,0.0,0.0,0.0,0,,,,,68.715817769,1
gestion_2023-05-17_19,44,none,,otsu,docling_rapidocr,qwen,1,0,0,0,1,0.0,0.0,0.0,0,,,,,23.531175931,1
gestion_2023-05-17_19,45,none,,adaptive_gaussian,docling_easyocr,qwen,1,0,0,0,1,0.0,0.0,0.0,0,,,,,39.69807478,1
gestion_2023-05-17_19,45,none,,adaptive_gaussian,docling_rapidocr,qwen,1,0,0,0,1,0.0,0.0,0.0,0,,,,,11.410839759,1
gestion_2023-05-17_19,45,none,,adaptive_mean,docling_rapidocr,qwen,1,0,0,0,1,0.0,0.0,0.0,0,,,,,10.508211098,1
gestion_2023-05-17_19,45,none,,basic,docling_easyocr,qwen,1,0,0,0,1,0.0,0.0,0.0,0,,,,,38.57072955,1
gestion_2023-05-17_19,45,none,,basic,docling_rapidocr,qwen,1,0,0,0,1,0.0,0.0,0.0,0,,,,,9.314299878,1
gestion_2023-05-17_19,45,none,,niblack,docling_easyocr,qwen,1,0,0,0,1,0.0,0.0,0.0,0,,,,,35.479195763,1
gestion_2023-05-17_19,45,none,,otsu,docling_easyocr,qwen,1,0,0,0,1,0.0,0.0,0.0,0,,,,,38.786879357,1
gestion_2023-05-17_19,45,none,,otsu,docling_rapidocr,qwen,1,0,0,0,1,0.0,0.0,0.0,0,,,,,11.192180213,1
gestion_2023-05-17_19,45,none,,yannihorne,docling_easyocr,qwen,1,0,0,0,1,0.0,0.0,0.0,0,,,,,39.130476769,1
gestion_2023-05-17_19,45,none,,yannihorne,docling_rapidocr,qwen,1,0,0,0,1,0.0,0.0,0.0,0,,,,,9.256644543,1
gestion_2023-05-17_19,46,none,,adaptive_gaussian,docling_easyocr,qwen,1,0,0,0,1,0.0,0.0,0.0,0,,,,,40.548765311,1
gestion_2023-05-17_19,46,none,,adaptive_gaussian,docling_rapidocr,qwen,1,0,0,0,1,0.0,0.0,0.0,0,,,,,10.422835002,1
gestion_2023-05-17_19,46,none,,adaptive_mean,docling_easyocr,qwen,1,0,0,0,1,0.0,0.0,0.0,0,,,,,40.218714127,1
gestion_2023-05-17_19,46,none,,basic,docling_easyocr,qwen,1,0,0,0,1,0.0,0.0,0.0,0,,,,,38.856119378,1
gestion_2023-05-17_19,46,none,,basic,docling_rapidocr,qwen,1,0,0,0,1,0.0,0.0,0.0,0,,,,,9.556491597,1
gestion_2023-05-17_19,46,none,,niblack,docling_easyocr,qwen,1,0,0,0,1,0.0,0.0,0.0,0,,,,,39.434227801,1
gestion_2023-05-17_19,46,none,,otsu,docling_easyocr,qwen,1,0,0,0,1,0.0,0.0,0.0,0,,,,,38.961152776,1
gestion_2023-05-17_19,46,none,,otsu,docling_rapidocr,qwen,1,0,0,0,1,0.0,0.0,0.0,0,,,,,10.448107703,1
gestion_2023-05-17_19,46,none,,yannihorne,docling_rapidocr,qwen,1,0,0,0,1,0.0,0.0,0.0,0,,,,,10.661660655,1
gestion_2023-05-17_19,47,none,,adaptive_gaussian,docling_easyocr,qwen,1,0,0,0,1,0.0,0.0,0.0,0,,,,,40.042508492,1
gestion_2023-05-17_19,47,none,,adaptive_gaussian,docling_rapidocr,qwen,1,0,0,0,1,0.0,0.0,0.0,0,,,,,10.554241786,1
gestion_2023-05-17_19,47,none,,basic,docling_easyocr,qwen,1,0,0,0,1,0.0,0.0,0.0,0,,,,,39.774818881,1
gestion_2023-05-17_19,47,none,,basic,docling_rapidocr,qwen,1,0,0,0,1,0.0,0.0,0.0,0,,,,,9.49577473,1
gestion_2023-05-17_19,47,none,,niblack,docling_easyocr,qwen,1,0,0,0,1,0.0,0.0,0.0,0,,,,,39.134770894,1
gestion_2023-05-17_19,47,none,,otsu,docling_easyocr,qwen,1,0,0,0,1,0.0,0.0,0.0,0,,,,,38.698445304,1
gestion_2023-05-17_19,47,none,,otsu,docling_rapidocr,qwen,1,0,0,0,1,0.0,0.0,0.0,0,,,,,9.962415917,1
gestion_2023-05-17_19,47,none,,yannihorne,docling_easyocr,qwen,1,0,0,0,1,0.0,0.0,0.0,0,,,,,33.205322964,1
gestion_2023-05-17_19,47,none,,yannihorne,docling_rapidocr,qwen,1,0,0,0,1,0.0,0.0,0.0,0,,,,,10.124999507,1
gestion_2023-05-17_19,48,none,,adaptive_gaussian,docling_easyocr,qwen,1,0,0,0,1,0.0,0.0,0.0,0,,,,,55.344051054,1
gestion_2023-05-17_19,48,none,,adaptive_gaussian,docling_rapidocr,qwen,1,0,0,0,1,0.0,0.0,0.0,0,,,,,26.134237459,1
gestion_2023-05-17_19,48,none,,adaptive_mean,docling_easyocr,qwen,1,0,0,0,1,0.0,0.0,0.0,0,,,,,50.465468027,1
gestion_2023-05-17_19,48,none,,adaptive_mean,docling_rapidocr,qwen,1,0,0,0,1,0.0,0.0,0.0,0,,,,,26.117427685,1
gestion_2023-05-17_19,48,none,,basic,docling_easyocr,qwen,1,0,0,0,1,0.0,0.0,0.0,0,,,,,56.973875548,1
gestion_2023-05-17_19,48,none,,basic,docling_rapidocr,qwen,1,0,0,0,1,0.0,0.0,0.0,0,,,,,26.443706538,1
gestion_2023-05-17_19,48,none,,niblack,docling_easyocr,qwen,1,0,0,0,1,0.0,0.0,0.0,0,,,,,50.873617237,1
gestion_2023-05-17_19,48,none,,niblack,docling_rapidocr,qwen,1,0,0,0,1,0.0,0.0,0.0,0,,,,,25.68471176,1
gestion_2023-05-17_19,48,none,,none_color,docling_easyocr,qwen,1,0,0,0,1,0.0,0.0,0.0,0,,,,,56.216822649,1
gestion_2023-05-17_19,48,none,,none_color,docling_rapidocr,qwen,1,0,0,0,1,0.0,0.0,0.0,0,,,,,38.142390038,1
gestion_2023-05-17_19,48,none,,none_grayscale,docling_easyocr,qwen,1,0,0,0,1,0.0,0.0,0.0,0,,,,,55.877886797,1
gestion_2023-05-17_19,48,none,,none_grayscale,docling_rapidocr,qwen,1,0,0,0,1,0.0,0.0,0.0,0,,,,,34.585261847,1
gestion_2023-05-17_19,48,none,,otsu,docling_easyocr,qwen,1,0,0,0,1,0.0,0.0,0.0,0,,,,,59.845126177,1
gestion_2023-05-17_19,48,none,,otsu,docling_rapidocr,qwen,1,0,0,0,1,0.0,0.0,0.0,0,,,,,27.226128126,1
gestion_2023-05-17_19,49,none,,adaptive_gaussian,docling_easyocr,qwen,1,0,0,0,1,0.0,0.0,0.0,0,,,,,51.158108721,1
gestion_2023-05-17_19,49,none,,adaptive_gaussian,docling_rapidocr,qwen,1,0,0,0,1,0.0,0.0,0.0,0,,,,,26.242794285,1
gestion_2023-05-17_19,49,none,,adaptive_mean,docling_easyocr,qwen,1,0,0,0,1,0.0,0.0,0.0,0,,,,,55.993450413,1
gestion_2023-05-17_19,49,none,,adaptive_mean,docling_rapidocr,qwen,1,0,0,0,1,0.0,0.0,0.0,0,,,,,25.771743784,1
gestion_2023-05-17_19,49,none,,basic,docling_easyocr,qwen,1,0,0,0,1,0.0,0.0,0.0,0,,,,,75.079854353,1
gestion_2023-05-17_19,49,none,,basic,docling_rapidocr,qwen,1,0,0,0,1,0.0,0.0,0.0,0,,,,,37.264819487,1
gestion_2023-05-17_19,49,none,,niblack,docling_easyocr,qwen,1,0,0,0,1,0.0,0.0,0.0,0,,,,,54.897890307,1
gestion_2023-05-17_19,49,none,,niblack,docling_rapidocr,qwen,1,0,0,0,1,0.0,0.0,0.0,0,,,,,25.929346062,1
gestion_2023-05-17_19,49,none,,none_color,docling_easyocr,qwen,1,0,0,0,1,0.0,0.0,0.0,0,,,,,55.832272394,1
gestion_2023-05-17_19,49,none,,none_color,docling_rapidocr,qwen,1,0,0,0,1,0.0,0.0,0.0,0,,,,,37.746402844,1
gestion_2023-05-17_19,49,none,,none_grayscale,docling_easyocr,qwen,1,0,0,0,1,0.0,0.0,0.0,0,,,,,55.641263111,1
gestion_2023-05-17_19,49,none,,none_grayscale,docling_rapidocr,qwen,1,0,0,0,1,0.0,0.0,0.0,0,,,,,38.773663386,1
gestion_2023-05-17_19,49,none,,otsu,docling_easyocr,qwen,1,0,0,0,1,0.0,0.0,0.0,0,,,,,83.572694882,1
gestion_2023-05-17_19,49,none,,otsu,docling_rapidocr,qwen,1,0,0,0,1,0.0,0.0,0.0,0,,,,,36.45823799,1
gestion_2023-05-17_19,50,none,,adaptive_gaussian,docling_easyocr,qwen,1,0,0,0,1,0.0,0.0,0.0,0,,,,,55.575036753,1
gestion_2023-05-17_19,50,none,,adaptive_gaussian,docling_rapidocr,qwen,1,0,0,0,1,0.0,0.0,0.0,0,,,,,25.095278252,1
gestion_2023-05-17_19,50,none,,adaptive_mean,docling_easyocr,qwen,1,0,0,0,1,0.0,0.0,0.0,0,,,,,55.169380654,1
gestion_2023-05-17_19,50,none,,adaptive_mean,docling_rapidocr,qwen,1,0,0,0,1,0.0,0.0,0.0,0,,,,,24.448311795,1
gestion_2023-05-17_19,50,none,,basic,docling_easyocr,qwen,1,0,0,0,1,0.0,0.0,0.0,0,,,,,50.974953734,1
gestion_2023-05-17_19,50,none,,basic,docling_rapidocr,qwen,1,0,0,0,1,0.0,0.0,0.0,0,,,,,23.826326453,1
gestion_2023-05-17_19,50,none,,niblack,docling_easyocr,qwen,1,0,0,0,1,0.0,0.0,0.0,0,,,,,54.293218331,1
gestion_2023-05-17_19,50,none,,niblack,docling_rapidocr,qwen,1,0,0,0,1,0.0,0.0,0.0,0,,,,,25.726609902,1
gestion_2023-05-17_19,50,none,,none_color,docling_easyocr,qwen,1,0,0,0,1,0.0,0.0,0.0,0,,,,,51.375149332,1
gestion_2023-05-17_19,50,none,,none_color,docling_rapidocr,qwen,1,0,0,0,1,0.0,0.0,0.0,0,,,,,38.427201353,1
gestion_2023-05-17_19,50,none,,none_grayscale,docling_easyocr,qwen,1,0,0,0,1,0.0,0.0,0.0,0,,,,,50.509520851,1
gestion_2023-05-17_19,50,none,,none_grayscale,docling_rapidocr,qwen,1,0,0,0,1,0.0,0.0,0.0,0,,,,,38.789184414,1
gestion_2023-05-17_19,50,none,,otsu,docling_easyocr,qwen,1,0,0,0,1,0.0,0.0,0.0,0,,,,,56.818235956,1
gestion_2023-05-17_19,50,none,,otsu,docling_rapidocr,qwen,1,0,0,0,1,0.0,0.0,0.0,0,,,,,25.438774906,1
gestion_2023-05-17_19,51,none,,adaptive_gaussian,docling_easyocr,qwen,1,0,0,0,1,0.0,0.0,0.0,0,,,,,40.695380455,1
gestion_2023-05-17_19,51,none,,adaptive_gaussian,docling_rapidocr,qwen,1,0,0,0,1,0.0,0.0,0.0,0,,,,,9.902219063,1
gestion_2023-05-17_19,51,none,,adaptive_mean,docling_easyocr,qwen,1,0,0,0,1,0.0,0.0,0.0,0,,,,,35.789692408,1
gestion_2023-05-17_19,51,none,,adaptive_mean,docling_rapidocr,qwen,1,0,0,0,1,0.0,0.0,0.0,0,,,,,9.897466666,1
gestion_2023-05-17_19,51,none,,basic,docling_easyocr,qwen,1,1,0,1,1,0.0,0.0,0.0,1,0.5652173913043478,0.75,0.9442874444893016,0.9765432098765432,69.675304512,0
gestion_2023-05-17_19,51,none,,basic,docling_rapidocr,qwen,1,0,0,0,1,0.0,0.0,0.0,0,,,,,18.649993996,1
gestion_2023-05-17_19,51,none,,niblack,docling_easyocr,qwen,1,0,0,0,1,0.0,0.0,0.0,0,,,,,39.075863812,1
gestion_2023-05-17_19,51,none,,niblack,docling_rapidocr,qwen,1,0,0,0,1,0.0,0.0,0.0,0,,,,,10.110315535,1
gestion_2023-05-17_19,51,none,,none_color,docling_easyocr,qwen,1,1,0,1,1,0.0,0.0,0.0,1,0.5652173913043478,0.75,0.988897860314897,0.9987654320987654,74.761667828,0
gestion_2023-05-17_19,51,none,,none_color,docling_rapidocr,qwen,1,0,0,0,1,0.0,0.0,0.0,0,,,,,22.35425959,1
gestion_2023-05-17_19,51,none,,none_grayscale,docling_easyocr,qwen,1,1,0,1,1,0.0,0.0,0.0,1,0.5652173913043478,0.75,0.9705288655631813,0.9925925925925926,66.979491333,0
gestion_2023-05-17_19,51,none,,none_grayscale,docling_rapidocr,qwen,1,0,0,0,1,0.0,0.0,0.0,0,,,,,18.338446717,1
gestion_2023-05-17_19,51,none,,otsu,docling_easyocr,qwen,1,1,0,1,1,0.0,0.0,0.0,1,0.5652173913043478,0.75,1.0,1.0,76.04890769,0
gestion_2023-05-17_19,51,none,,otsu,docling_rapidocr,qwen,1,1,0,1,1,0.0,0.0,0.0,1,0.9565217391304348,1.0,0.7287040775131207,0.9641975308641976,22.551696234,0
gestion_2023-05-17_19,52,none,,adaptive_gaussian,docling_easyocr,qwen,1,0,0,0,1,0.0,0.0,0.0,0,,,,,36.356160248,1
gestion_2023-05-17_19,52,none,,adaptive_gaussian,docling_rapidocr,qwen,1,0,0,0,1,0.0,0.0,0.0,0,,,,,21.972296561,1
gestion_2023-05-17_19,52,none,,adaptive_mean,docling_easyocr,qwen,1,0,0,0,1,0.0,0.0,0.0,0,,,,,41.779612626,1
gestion_2023-05-17_19,52,none,,adaptive_mean,docling_rapidocr,qwen,1,0,0,0,1,0.0,0.0,0.0,0,,,,,11.574091758,1
gestion_2023-05-17_19,52,none,,basic,docling_easyocr,qwen,1,1,0,1,1,0.0,0.0,0.0,1,0.5652173913043478,0.75,0.9995962858296327,1.0,73.178952395,0
gestion_2023-05-17_19,52,none,,basic,docling_rapidocr,qwen,1,0,0,0,1,0.0,0.0,0.0,0,,,,,22.836569726,1
gestion_2023-05-17_19,52,none,,niblack,docling_easyocr,qwen,1,0,0,0,1,0.0,0.0,0.0,0,,,,,39.042977551,1
gestion_2023-05-17_19,52,none,,niblack,docling_rapidocr,qwen,1,0,0,0,1,0.0,0.0,0.0,0,,,,,9.775130728,1
gestion_2023-05-17_19,52,none,,none_color,docling_easyocr,qwen,1,1,0,1,1,0.0,0.0,0.0,1,0.5652173913043478,0.75,0.9860718611223254,0.9925925925925926,73.439572036,0
gestion_2023-05-17_19,52,none,,none_color,docling_rapidocr,qwen,1,0,0,0,1,0.0,0.0,0.0,0,,,,,18.946540295,1
gestion_2023-05-17_19,52,none,,none_grayscale,docling_easyocr,qwen,1,1,0,1,1,0.0,0.0,0.0,1,0.5652173913043478,0.75,0.979814291481631,0.991358024691358,73.132737815,0
gestion_2023-05-17_19,52,none,,none_grayscale,docling_rapidocr,qwen,1,0,0,0,1,0.0,0.0,0.0,0,,,,,19.603636443,1
gestion_2023-05-17_19,52,none,,otsu,docling_easyocr,qwen,1,0,0,0,1,0.0,0.0,0.0,0,,,,,74.558873427,1
gestion_2023-05-17_19,52,none,,otsu,docling_rapidocr,qwen,1,2,0,2,1,0.0,0.0,0.0,1,0.0,0.0,0.8762616067823981,0.9382716049382716,22.601115954,0
gestion_2023-05-17_19,53,none,,adaptive_gaussian,docling_easyocr,qwen,1,0,0,0,1,0.0,0.0,0.0,0,,,,,40.637855614,1
gestion_2023-05-17_19,53,none,,adaptive_gaussian,docling_rapidocr,qwen,1,0,0,0,1,0.0,0.0,0.0,0,,,,,9.67333969,1
gestion_2023-05-17_19,53,none,,adaptive_mean,docling_easyocr,qwen,1,0,0,0,1,0.0,0.0,0.0,0,,,,,36.556271088,1
gestion_2023-05-17_19,53,none,,adaptive_mean,docling_rapidocr,qwen,1,0,0,0,1,0.0,0.0,0.0,0,,,,,10.353412879,1
gestion_2023-05-17_19,53,none,,basic,docling_easyocr,qwen,1,1,0,1,1,0.0,0.0,0.0,1,0.5652173913043478,0.75,0.9961647153815099,0.9987654320987654,73.290216862,0
gestion_2023-05-17_19,53,none,,basic,docling_rapidocr,qwen,1,1,0,1,1,0.0,0.0,0.0,1,1.0,1.0,0.8314493338716189,0.9358024691358025,22.95313543,0
gestion_2023-05-17_19,53,none,,niblack,docling_easyocr,qwen,1,0,0,0,1,0.0,0.0,0.0,0,,,,,39.177719096,1
gestion_2023-05-17_19,53,none,,niblack,docling_rapidocr,qwen,1,0,0,0,1,0.0,0.0,0.0,0,,,,,8.826205472,1
gestion_2023-05-17_19,53,none,,none_color,docling_easyocr,qwen,1,1,0,1,1,0.0,0.0,0.0,1,0.5652173913043478,0.75,0.9866774323778764,0.9925925925925926,74.993623673,0
gestion_2023-05-17_19,53,none,,none_color,docling_rapidocr,qwen,1,0,0,0,1,0.0,0.0,0.0,0,,,,,20.689307868,1
gestion_2023-05-17_19,53,none,,none_grayscale,docling_easyocr,qwen,1,1,0,1,1,0.0,0.0,0.0,1,0.5652173913043478,0.75,0.9866774323778764,0.9925925925925926,75.248801886,0
gestion_2023-05-17_19,53,none,,none_grayscale,docling_rapidocr,qwen,1,0,0,0,1,0.0,0.0,0.0,0,,,,,22.724838435,1
gestion_2023-05-17_19,53,none,,otsu,docling_easyocr,qwen,1,1,0,1,1,0.0,0.0,0.0,1,0.5652173913043478,0.75,0.9929350020185709,1.0,76.678729951,0
gestion_2023-05-17_19,53,none,,otsu,docling_rapidocr,qwen,1,1,0,1,1,0.0,0.0,0.0,1,1.0,1.0,0.7476786435203876,0.917283950617284,22.783934294,0
gestion_2024-02-16_1,0,none,,adaptive_gaussian,docling_easyocr,qwen,7,0,0,0,7,0.0,0.0,0.0,0,,,,,45.814396477,1
gestion_2024-02-16_1,0,none,,adaptive_gaussian,docling_rapidocr,qwen,7,0,0,0,7,0.0,0.0,0.0,0,,,,,10.838474608,1
gestion_2024-02-16_1,0,none,,adaptive_mean,docling_easyocr,qwen,7,0,0,0,7,0.0,0.0,0.0,0,,,,,43.301295138,1
gestion_2024-02-16_1,0,none,,adaptive_mean,docling_rapidocr,qwen,7,0,0,0,7,0.0,0.0,0.0,0,,,,,10.997566081,1
gestion_2024-02-16_1,0,none,,basic,docling_easyocr,qwen,7,0,0,0,7,0.0,0.0,0.0,0,,,,,50.007150601,1
gestion_2024-02-16_1,0,none,,basic,docling_rapidocr,qwen,7,4,0,4,7,0.0,0.0,0.0,3,0.06060606060606061,0.24242424242424243,0.8638948970600016,0.9880952380952381,14.132687043,0
gestion_2024-02-16_1,0,none,,niblack,docling_rapidocr,qwen,7,0,0,0,7,0.0,0.0,0.0,0,,,,,9.711166684,1
gestion_2024-02-16_1,0,none,,none_color,docling_easyocr,qwen,7,5,4,1,3,0.8,0.571429,0.666667,5,0.5853881278538813,0.7242424242424242,0.16161179203717055,0.2357142857142857,44.502700757,0
gestion_2024-02-16_1,0,none,,none_color,docling_rapidocr,qwen,7,0,0,0,7,0.0,0.0,0.0,0,,,,,14.252221774,1
gestion_2024-02-16_1,0,none,,none_grayscale,docling_easyocr,qwen,7,4,1,3,6,0.25,0.142857,0.181818,4,0.016945773524720893,0.12878787878787878,0.8428362573099415,0.8571428571428572,48.58678193,0
gestion_2024-02-16_1,0,none,,none_grayscale,docling_rapidocr,qwen,7,3,2,1,5,0.666667,0.285714,0.4,3,0.3247863247863248,0.5,0.4529092899676894,0.4720695970695971,14.19106407,0
gestion_2024-02-16_1,0,none,,otsu,docling_easyocr,qwen,7,0,0,0,7,0.0,0.0,0.0,0,,,,,45.429880166,1
gestion_2024-02-16_1,0,none,,otsu,docling_rapidocr,qwen,7,3,1,2,6,0.333333,0.142857,0.2,3,0.30246913580246915,0.3333333333333333,0.723904510133782,0.7976190476190476,12.200508141,0
gestion_2024-02-16_1,1,none,,adaptive_gaussian,docling_easyocr,qwen,7,0,0,0,7,0.0,0.0,0.0,0,,,,,46.831361462,1
gestion_2024-02-16_1,1,none,,adaptive_gaussian,docling_rapidocr,qwen,7,0,0,0,7,0.0,0.0,0.0,0,,,,,11.67727225,1
gestion_2024-02-16_1,1,none,,adaptive_mean,docling_easyocr,qwen,7,0,0,0,7,0.0,0.0,0.0,0,,,,,46.725536038,1
gestion_2024-02-16_1,1,none,,adaptive_mean,docling_rapidocr,qwen,7,0,0,0,7,0.0,0.0,0.0,0,,,,,10.496672084,1
gestion_2024-02-16_1,1,none,,basic,docling_easyocr,qwen,7,1,0,1,7,0.0,0.0,0.0,1,0.0,0.0,0.8801169590643275,0.9642857142857143,48.34655621,0
gestion_2024-02-16_1,1,none,,basic,docling_rapidocr,qwen,7,3,1,2,6,0.333333,0.142857,0.2,3,0.3333333333333333,0.3333333333333333,0.7242115944350984,0.8333333333333334,13.694347882,0
gestion_2024-02-16_1,1,none,,niblack,docling_easyocr,qwen,7,0,0,0,7,0.0,0.0,0.0,0,,,,,39.346342389,1
gestion_2024-02-16_1,1,none,,niblack,docling_rapidocr,qwen,7,0,0,0,7,0.0,0.0,0.0,0,,,,,9.923904959,1
gestion_2024-02-16_1,1,none,,none_color,docling_easyocr,qwen,7,5,4,1,3,0.8,0.571429,0.666667,5,0.5296296296296296,0.5863636363636363,0.1697989265400945,0.27142857142857146,48.287322545,0
gestion_2024-02-16_1,1,none,,none_color,docling_rapidocr,qwen,7,0,0,0,7,0.0,0.0,0.0,0,,,,,14.421059155,6
gestion_2024-02-16_1,1,none,,none_grayscale,docling_easyocr,qwen,7,5,4,1,3,0.8,0.571429,0.666667,5,0.5521285918546192,0.7787878787878787,0.25576383882079623,0.34285714285714286,48.012428307,0
gestion_2024-02-16_1,1,none,,none_grayscale,docling_rapidocr,qwen,7,9,2,7,5,0.222222,0.285714,0.25,5,0.12727272727272726,0.15,0.605078907313947,0.6225274725274725,15.506558442,0
gestion_2024-02-16_1,1,none,,otsu,docling_easyocr,qwen,7,0,0,0,7,0.0,0.0,0.0,0,,,,,49.475624181,1
gestion_2024-02-16_1,1,none,,otsu,docling_rapidocr,qwen,7,3,1,2,6,0.333333,0.142857,0.2,3,0.3148148148148148,0.3333333333333333,0.9825362492990467,0.9317765567765567,12.243042088,0
gestion_2024-02-16_1,2,none,,adaptive_gaussian,docling_easyocr,qwen,7,1,0,1,7,0.0,0.0,0.0,1,0.0,0.0,1.0,1.0,44.479454658,0
gestion_2024-02-16_1,2,none,,adaptive_gaussian,docling_rapidocr,qwen,7,0,0,0,7,0.0,0.0,0.0,0,,,,,11.589347027,1
gestion_2024-02-16_1,2,none,,adaptive_mean,docling_easyocr,qwen,7,0,0,0,7,0.0,0.0,0.0,0,,,,,43.068077705,1
gestion_2024-02-16_1,2,none,,adaptive_mean,docling_rapidocr,qwen,7,0,0,0,7,0.0,0.0,0.0,0,,,,,9.369021795,1
gestion_2024-02-16_1,2,none,,basic,docling_easyocr,qwen,7,0,0,0,7,0.0,0.0,0.0,0,,,,,42.317949529,1
gestion_2024-02-16_1,2,none,,basic,docling_rapidocr,qwen,7,0,0,0,7,0.0,0.0,0.0,0,,,,,11.664284464,1
gestion_2024-02-16_1,2,none,,niblack,docling_easyocr,qwen,7,0,0,0,7,0.0,0.0,0.0,0,,,,,34.58900844,1
gestion_2024-02-16_1,2,none,,niblack,docling_rapidocr,qwen,7,0,0,0,7,0.0,0.0,0.0,0,,,,,10.274281133,1
gestion_2024-02-16_1,2,none,,none_color,docling_easyocr,qwen,7,5,4,1,3,0.8,0.571429,0.666667,5,0.7242424242424242,0.7863636363636364,0.1627813826804454,0.225,42.629631277,0
gestion_2024-02-16_1,2,none,,none_color,docling_rapidocr,qwen,7,0,0,0,7,0.0,0.0,0.0,0,,,,,12.337061878,3
gestion_2024-02-16_1,2,none,,none_grayscale,docling_easyocr,qwen,7,5,4,1,3,0.8,0.571429,0.666667,5,0.7242424242424242,0.7863636363636364,0.1627813826804454,0.225,48.855620619,0
gestion_2024-02-16_1,2,none,,none_grayscale,docling_rapidocr,qwen,7,3,2,1,5,0.666667,0.285714,0.4,3,0.3247863247863248,0.5,0.7076423936553713,0.6712454212454212,14.865439411,0
gestion_2024-02-16_1,2,none,,otsu,docling_easyocr,qwen,7,0,0,0,7,0.0,0.0,0.0,0,,,,,46.160038706,1
gestion_2024-02-16_1,2,none,,otsu,docling_rapidocr,qwen,7,9,1,8,6,0.111111,0.142857,0.125,4,0.25925925925925924,0.2708333333333333,0.8010494272210206,0.8571428571428571,14.737735506,0
gestion_2024-02-16_1,3,none,,adaptive_gaussian,docling_easyocr,qwen,7,0,0,0,7,0.0,0.0,0.0,0,,,,,40.003961155,1
gestion_2024-02-16_1,3,none,,adaptive_gaussian,docling_rapidocr,qwen,7,0,0,0,7,0.0,0.0,0.0,0,,,,,10.427548,1
gestion_2024-02-16_1,3,none,,adaptive_mean,docling_easyocr,qwen,7,2,2,0,5,1.0,0.285714,0.444444,2,0.8863636363636364,1.0,0.0,0.0,40.427168438,0
gestion_2024-02-16_1,3,none,,adaptive_mean,docling_rapidocr,qwen,7,0,0,0,7,0.0,0.0,0.0,0,,,,,9.037038395,1
gestion_2024-02-16_1,3,none,,basic,docling_easyocr,qwen,7,0,0,0,7,0.0,0.0,0.0,0,,,,,38.896817846,1
gestion_2024-02-16_1,3,none,,basic,docling_rapidocr,qwen,7,0,0,0,7,0.0,0.0,0.0,0,,,,,10.624616546,1
gestion_2024-02-16_1,3,none,,niblack,docling_easyocr,qwen,7,0,0,0,7,0.0,0.0,0.0,0,,,,,34.123896562,1
gestion_2024-02-16_1,3,none,,niblack,docling_rapidocr,qwen,7,0,0,0,7,0.0,0.0,0.0,0,,,,,10.338411295,1
gestion_2024-02-16_1,3,none,,none_color,docling_easyocr,qwen,7,0,0,0,7,0.0,0.0,0.0,0,,,,,44.43831913,1
gestion_2024-02-16_1,3,none,,none_color,docling_rapidocr,qwen,7,0,0,0,7,0.0,0.0,0.0,0,,,,,12.945541544,4
gestion_2024-02-16_1,3,none,,none_grayscale,docling_easyocr,qwen,7,0,0,0,7,0.0,0.0,0.0,0,,,,,37.867119713,1
gestion_2024-02-16_1,3,none,,none_grayscale,docling_rapidocr,qwen,7,3,2,1,5,0.666667,0.285714,0.4,3,1.1574496871300524,1.2777777777777777,0.3252156265854896,0.5059523809523809,13.046622915,0
gestion_2024-02-16_1,3,none,,otsu,docling_easyocr,qwen,7,0,0,0,7,0.0,0.0,0.0,0,,,,,47.570559974,1
gestion_2024-02-16_1,3,none,,otsu,docling_rapidocr,qwen,7,1,0,1,7,0.0,0.0,0.0,1,0.0,0.0,0.8801169590643275,0.9642857142857143,10.308582063,0
gestion_2024-02-16_1,4,none,,adaptive_gaussian,docling_easyocr,qwen,7,1,1,0,6,1.0,0.142857,0.25,1,0.7727272727272727,1.0,0.0,0.0,36.223983429,0
gestion_2024-02-16_1,4,none,,adaptive_gaussian,docling_rapidocr,qwen,7,0,0,0,7,0.0,0.0,0.0,0,,,,,9.933368347,1
gestion_2024-02-16_1,4,none,,adaptive_mean,docling_easyocr,qwen,7,0,0,0,7,0.0,0.0,0.0,0,,,,,40.014809749,1
gestion_2024-02-16_1,4,none,,adaptive_mean,docling_rapidocr,qwen,7,0,0,0,7,0.0,0.0,0.0,0,,,,,10.404956005,1
gestion_2024-02-16_1,4,none,,basic,docling_easyocr,qwen,7,0,0,0,7,0.0,0.0,0.0,0,,,,,42.625584598,1
gestion_2024-02-16_1,4,none,,basic,docling_rapidocr,qwen,7,0,0,0,7,0.0,0.0,0.0,0,,,,,10.556082245,1
gestion_2024-02-16_1,4,none,,niblack,docling_easyocr,qwen,7,0,0,0,7,0.0,0.0,0.0,0,,,,,39.279145443,1
gestion_2024-02-16_1,4,none,,niblack,docling_rapidocr,qwen,7,0,0,0,7,0.0,0.0,0.0,0,,,,,8.582795345,1
gestion_2024-02-16_1,4,none,,none_color,docling_easyocr,qwen,7,0,0,0,7,0.0,0.0,0.0,0,,,,,46.108189579,1
gestion_2024-02-16_1,4,none,,none_color,docling_rapidocr,qwen,7,1,0,1,7,0.0,0.0,0.0,1,0.8333333333333334,1.125,0.9315068493150684,1.0,13.732752796,0
gestion_2024-02-16_1,4,none,,none_grayscale,docling_easyocr,qwen,7,0,0,0,7,0.0,0.0,0.0,0,,,,,46.646952863,1
gestion_2024-02-16_1,4,none,,none_grayscale,docling_rapidocr,qwen,7,1,0,1,7,0.0,0.0,0.0,1,0.7962962962962963,1.0,0.7534246575342466,1.0,14.26305389,0
gestion_2024-02-16_1,4,none,,otsu,docling_easyocr,qwen,7,0,0,0,7,0.0,0.0,0.0,0,,,,,41.541759321,1
gestion_2024-02-16_1,4,none,,otsu,docling_rapidocr,qwen,7,0,0,0,7,0.0,0.0,0.0,0,,,,,13.496835539,1
gestion_2024-02-16_1,5,none,,adaptive_gaussian,docling_easyocr,qwen,7,0,0,0,7,0.0,0.0,0.0,0,,,,,40.398507498,1
gestion_2024-02-16_1,5,none,,adaptive_gaussian,docling_rapidocr,qwen,7,0,0,0,7,0.0,0.0,0.0,0,,,,,10.320514581,1
gestion_2024-02-16_1,5,none,,adaptive_mean,docling_easyocr,qwen,7,0,0,0,7,0.0,0.0,0.0,0,,,,,40.188537739,1
gestion_2024-02-16_1,5,none,,adaptive_mean,docling_rapidocr,qwen,7,0,0,0,7,0.0,0.0,0.0,0,,,,,10.544646642,1
gestion_2024-02-16_1,5,none,,basic,docling_easyocr,qwen,7,0,0,0,7,0.0,0.0,0.0,0,,,,,39.848058935,1
gestion_2024-02-16_1,5,none,,basic,docling_rapidocr,qwen,7,0,0,0,7,0.0,0.0,0.0,0,,,,,10.581779714,1
gestion_2024-02-16_1,5,none,,niblack,docling_easyocr,qwen,7,0,0,0,7,0.0,0.0,0.0,0,,,,,39.883680618,1
gestion_2024-02-16_1,5,none,,niblack,docling_rapidocr,qwen,7,0,0,0,7,0.0,0.0,0.0,0,,,,,8.820858753,1
gestion_2024-02-16_1,5,none,,none_color,docling_easyocr,qwen,7,0,0,0,7,0.0,0.0,0.0,0,,,,,43.186378475,1
gestion_2024-02-16_1,5,none,,none_color,docling_rapidocr,qwen,7,3,1,2,6,0.333333,0.142857,0.2,3,0.41070625281151596,0.611111111111111,0.6517797537984992,0.7440476190476191,12.419924732,0
gestion_2024-02-16_1,5,none,,none_grayscale,docling_easyocr,qwen,7,0,0,0,7,0.0,0.0,0.0,0,,,,,42.395873781,1
gestion_2024-02-16_1,5,none,,none_grayscale,docling_rapidocr,qwen,7,3,1,2,6,0.333333,0.142857,0.2,3,0.41070625281151596,0.611111111111111,0.6517797537984992,0.7440476190476191,12.418375011,0
gestion_2024-02-16_1,5,none,,otsu,docling_easyocr,qwen,7,0,0,0,7,0.0,0.0,0.0,0,,,,,44.524276729,1
gestion_2024-02-16_1,5,none,,otsu,docling_rapidocr,qwen,7,1,0,1,7,0.0,0.0,0.0,1,0.0,0.0,0.8801169590643275,0.9642857142857143,11.74534082,0
gestion_2024-02-16_1,6,none,,adaptive_gaussian,docling_easyocr,qwen,7,1,1,0,6,1.0,0.142857,0.25,1,0.7727272727272727,1.0,0.0,0.0,41.539753429,0
gestion_2024-02-16_1,6,none,,adaptive_gaussian,docling_rapidocr,qwen,7,0,0,0,7,0.0,0.0,0.0,0,,,,,10.818746797,1
gestion_2024-02-16_1,6,none,,adaptive_mean,docling_easyocr,qwen,7,0,0,0,7,0.0,0.0,0.0,0,,,,,40.422692529,1
gestion_2024-02-16_1,6,none,,adaptive_mean,docling_rapidocr,qwen,7,0,0,0,7,0.0,0.0,0.0,0,,,,,8.897100679,1
gestion_2024-02-16_1,6,none,,basic,docling_easyocr,qwen,7,0,0,0,7,0.0,0.0,0.0,0,,,,,36.185435857,1
gestion_2024-02-16_1,6,none,,basic,docling_rapidocr,qwen,7,1,0,1,7,0.0,0.0,0.0,1,0.0,0.0,0.8742690058479532,0.9642857142857143,8.624398555,0
gestion_2024-02-16_1,6,none,,niblack,docling_easyocr,qwen,7,0,0,0,7,0.0,0.0,0.0,0,,,,,36.75617922,1
gestion_2024-02-16_1,6,none,,niblack,docling_rapidocr,qwen,7,0,0,0,7,0.0,0.0,0.0,0,,,,,8.641191846,1
gestion_2024-02-16_1,6,none,,none_color,docling_easyocr,qwen,7,3,3,0,4,1.0,0.428571,0.6,3,0.6060682932829052,1.0,0.0,0.0,40.630121316,0
gestion_2024-02-16_1,6,none,,none_color,docling_rapidocr,qwen,7,5,4,1,3,0.8,0.571429,0.666667,5,0.9514797093744463,1.1,0.36688296082672434,0.41401098901098904,12.98993596,0
gestion_2024-02-16_1,6,none,,none_grayscale,docling_easyocr,qwen,7,0,0,0,7,0.0,0.0,0.0,0,,,,,41.076595153,1
gestion_2024-02-16_1,6,none,,none_grayscale,docling_rapidocr,qwen,7,4,3,1,4,0.75,0.428571,0.545455,4,0.7849326599326599,0.875,0.35164824160858765,0.4103708791208791,12.550764646,0
gestion_2024-02-16_1,6,none,,otsu,docling_easyocr,qwen,7,0,0,0,7,0.0,0.0,0.0,0,,,,,44.701304832,1
gestion_2024-02-16_1,6,none,,otsu,docling_rapidocr,qwen,7,0,0,0,7,0.0,0.0,0.0,0,,,,,9.894085088,1
gestion_2024-02-16_1,7,none,,adaptive_gaussian,docling_easyocr,qwen,7,1,1,0,6,1.0,0.142857,0.25,1,0.7727272727272727,1.0,0.0,0.0,41.610889261,0
gestion_2024-02-16_1,7,none,,adaptive_gaussian,docling_rapidocr,qwen,7,0,0,0,7,0.0,0.0,0.0,0,,,,,8.87936527,1
gestion_2024-02-16_1,7,none,,adaptive_mean,docling_easyocr,qwen,7,0,0,0,7,0.0,0.0,0.0,0,,,,,40.822026555,1
gestion_2024-02-16_1,7,none,,adaptive_mean,docling_rapidocr,qwen,7,0,0,0,7,0.0,0.0,0.0,0,,,,,10.068959062,1
gestion_2024-02-16_1,7,none,,basic,docling_easyocr,qwen,7,0,0,0,7,0.0,0.0,0.0,0,,,,,44.754907527,1
gestion_2024-02-16_1,7,none,,basic,docling_rapidocr,qwen,7,0,0,0,7,0.0,0.0,0.0,0,,,,,11.446058908,1
gestion_2024-02-16_1,7,none,,niblack,docling_easyocr,qwen,7,0,0,0,7,0.0,0.0,0.0,0,,,,,39.638566453,1
gestion_2024-02-16_1,7,none,,niblack,docling_rapidocr,qwen,7,0,0,0,7,0.0,0.0,0.0,0,,,,,10.495085676,1
gestion_2024-02-16_1,7,none,,none_color,docling_easyocr,qwen,7,2,1,1,6,0.5,0.142857,0.222222,2,0.12121212121212122,0.18181818181818182,0.4064327485380117,0.48214285714285715,47.544421115,0
gestion_2024-02-16_1,7,none,,none_color,docling_rapidocr,qwen,7,5,1,4,6,0.2,0.142857,0.166667,5,0.49362672628714444,0.7166666666666666,0.7639830169029881,0.8035714285714285,13.79132072,0
gestion_2024-02-16_1,7,none,,none_grayscale,docling_easyocr,qwen,7,1,0,1,7,0.0,0.0,0.0,1,0.0,0.0,0.7777777777777778,0.9642857142857143,47.721720138,0
gestion_2024-02-16_1,7,none,,none_grayscale,docling_rapidocr,qwen,7,7,1,6,6,0.142857,0.142857,0.142857,4,0.6682666748456222,1.0,0.7315248738284067,0.7651098901098902,13.723119893,3
gestion_2024-02-16_1,7,none,,otsu,docling_easyocr,qwen,7,0,0,0,7,0.0,0.0,0.0,0,,,,,41.421675674,1
gestion_2024-02-16_1,7,none,,otsu,docling_rapidocr,qwen,7,0,0,0,7,0.0,0.0,0.0,0,,,,,11.833564512,1
gestion_2024-02-16_1,8,none,,adaptive_gaussian,docling_easyocr,qwen,7,1,1,0,6,1.0,0.142857,0.25,1,0.7727272727272727,1.0,0.0,0.0,41.154360835,0
gestion_2024-02-16_1,8,none,,adaptive_gaussian,docling_rapidocr,qwen,7,0,0,0,7,0.0,0.0,0.0,0,,,,,10.320029323,1
gestion_2024-02-16_1,8,none,,adaptive_mean,docling_easyocr,qwen,7,0,0,0,7,0.0,0.0,0.0,0,,,,,40.460896079,1
gestion_2024-02-16_1,8,none,,adaptive_mean,docling_rapidocr,qwen,7,0,0,0,7,0.0,0.0,0.0,0,,,,,10.091068809,1
gestion_2024-02-16_1,8,none,,basic,docling_easyocr,qwen,7,0,0,0,7,0.0,0.0,0.0,0,,,,,39.227966705,1
gestion_2024-02-16_1,8,none,,basic,docling_rapidocr,qwen,7,0,0,0,7,0.0,0.0,0.0,0,,,,,9.805005708,1
gestion_2024-02-16_1,8,none,,niblack,docling_easyocr,qwen,7,0,0,0,7,0.0,0.0,0.0,0,,,,,35.419363696,1
gestion_2024-02-16_1,8,none,,niblack,docling_rapidocr,qwen,7,0,0,0,7,0.0,0.0,0.0,0,,,,,9.120055158,1
gestion_2024-02-16_1,8,none,,none_color,docling_easyocr,qwen,7,0,0,0,7,0.0,0.0,0.0,0,,,,,45.746428647,1
gestion_2024-02-16_1,8,none,,none_color,docling_rapidocr,qwen,7,3,1,2,6,0.333333,0.142857,0.2,2,0.0,0.0,0.5883201153568853,0.7142857142857143,12.501529374,0
gestion_2024-02-16_1,8,none,,none_grayscale,docling_easyocr,qwen,7,0,0,0,7,0.0,0.0,0.0,0,,,,,41.223588386,1
gestion_2024-02-16_1,8,none,,none_grayscale,docling_rapidocr,qwen,7,3,1,2,6,0.333333,0.142857,0.2,2,0.0,0.0,0.5883201153568853,0.7142857142857143,10.868847766,0
gestion_2024-02-16_1,8,none,,otsu,docling_easyocr,qwen,7,1,1,0,6,1.0,0.142857,0.25,1,0.7727272727272727,1.0,0.0,0.0,44.057601848,0
gestion_2024-02-16_1,8,none,,otsu,docling_rapidocr,qwen,7,0,0,0,7,0.0,0.0,0.0,0,,,,,11.503531614,1
gestion_2024-02-16_1,9,none,,adaptive_gaussian,docling_easyocr,qwen,7,0,0,0,7,0.0,0.0,0.0,0,,,,,37.976634567,1
gestion_2024-02-16_1,9,none,,adaptive_gaussian,docling_rapidocr,qwen,7,0,0,0,7,0.0,0.0,0.0,0,,,,,10.404949729,1
gestion_2024-02-16_1,9,none,,adaptive_mean,docling_easyocr,qwen,7,0,0,0,7,0.0,0.0,0.0,0,,,,,40.425378553,1
gestion_2024-02-16_1,9,none,,adaptive_mean,docling_rapidocr,qwen,7,0,0,0,7,0.0,0.0,0.0,0,,,,,9.426361076,1
gestion_2024-02-16_1,9,none,,basic,docling_easyocr,qwen,7,1,0,1,7,0.0,0.0,0.0,1,0.0,0.0,1.0,1.0,40.839421596,0
gestion_2024-02-16_1,9,none,,basic,docling_rapidocr,qwen,7,1,0,1,7,0.0,0.0,0.0,1,0.0,0.0,0.9619883040935673,1.0,10.061333026,0
gestion_2024-02-16_1,9,none,,niblack,docling_easyocr,qwen,7,0,0,0,7,0.0,0.0,0.0,0,,,,,39.700155694,1
gestion_2024-02-16_1,9,none,,niblack,docling_rapidocr,qwen,7,0,0,0,7,0.0,0.0,0.0,0,,,,,9.258519609,1
gestion_2024-02-16_1,9,none,,none_color,docling_easyocr,qwen,7,0,0,0,7,0.0,0.0,0.0,0,,,,,39.775467719,1
gestion_2024-02-16_1,9,none,,none_color,docling_rapidocr,qwen,7,4,0,4,7,0.0,0.0,0.0,4,0.27406041447137336,0.41666666666666663,0.9191200032043579,0.9955357142857143,13.06458434,0
gestion_2024-02-16_1,9,none,,none_grayscale,docling_easyocr,qwen,7,0,0,0,7,0.0,0.0,0.0,0,,,,,46.476582374,1
gestion_2024-02-16_1,9,none,,none_grayscale,docling_rapidocr,qwen,7,4,2,2,5,0.5,0.285714,0.363636,4,0.34800188396078807,0.5757575757575757,0.417317551870544,0.48660714285714285,11.893610086,0
gestion_2024-02-16_1,9,none,,otsu,docling_easyocr,qwen,7,0,0,0,7,0.0,0.0,0.0,0,,,,,47.00616304,1
gestion_2024-02-16_1,9,none,,otsu,docling_rapidocr,qwen,7,0,0,0,7,0.0,0.0,0.0,0,,,,,10.905109802,1
gestion_2024-02-16_1,10,none,,adaptive_gaussian,docling_easyocr,qwen,7,0,0,0,7,0.0,0.0,0.0,0,,,,,43.607667042,1
gestion_2024-02-16_1,10,none,,adaptive_gaussian,docling_rapidocr,qwen,7,0,0,0,7,0.0,0.0,0.0,0,,,,,10.132509066,1
gestion_2024-02-16_1,10,none,,adaptive_mean,docling_easyocr,qwen,7,0,0,0,7,0.0,0.0,0.0,0,,,,,42.100171162,1
gestion_2024-02-16_1,10,none,,adaptive_mean,docling_rapidocr,qwen,7,1,0,1,7,0.0,0.0,0.0,1,0.0,0.0,0.8333333333333334,0.9285714285714286,8.995702816,0
gestion_2024-02-16_1,10,none,,basic,docling_easyocr,qwen,7,0,0,0,7,0.0,0.0,0.0,0,,,,,45.576307463,1
gestion_2024-02-16_1,10,none,,basic,docling_rapidocr,qwen,7,0,0,0,7,0.0,0.0,0.0,0,,,,,10.830391335,1
gestion_2024-02-16_1,10,none,,niblack,docling_easyocr,qwen,7,0,0,0,7,0.0,0.0,0.0,0,,,,,36.100122181,1
gestion_2024-02-16_1,10,none,,niblack,docling_rapidocr,qwen,7,0,0,0,7,0.0,0.0,0.0,0,,,,,9.781771628,1
gestion_2024-02-16_1,10,none,,none_color,docling_easyocr,qwen,7,0,0,0,7,0.0,0.0,0.0,0,,,,,48.322608399,1
gestion_2024-02-16_1,10,none,,none_color,docling_rapidocr,qwen,7,4,3,1,4,0.75,0.428571,0.545455,4,0.7800205248835387,1.0170454545454546,0.2808219178082192,0.3076923076923077,14.100509333,0
gestion_2024-02-16_1,10,none,,none_grayscale,docling_easyocr,qwen,7,0,0,0,7,0.0,0.0,0.0,0,,,,,45.303284334,1
gestion_2024-02-16_1,10,none,,none_grayscale,docling_rapidocr,qwen,7,3,3,0,4,1.0,0.428571,0.6,3,0.8389450056116723,1.0,0.0,0.0,13.870610165,0
gestion_2024-02-16_1,10,none,,otsu,docling_easyocr,qwen,7,0,0,0,7,0.0,0.0,0.0,0,,,,,51.242182494,1
gestion_2024-02-16_1,10,none,,otsu,docling_rapidocr,qwen,7,0,0,0,7,0.0,0.0,0.0,0,,,,,13.432966233,1
gestion_2024-02-16_1,11,none,,adaptive_gaussian,docling_easyocr,qwen,7,0,0,0,7,0.0,0.0,0.0,0,,,,,43.288790776,1
gestion_2024-02-16_1,11,none,,adaptive_gaussian,docling_rapidocr,qwen,7,0,0,0,7,0.0,0.0,0.0,0,,,,,8.638038946,1
gestion_2024-02-16_1,11,none,,adaptive_mean,docling_easyocr,qwen,7,0,0,0,7,0.0,0.0,0.0,0,,,,,41.281027151,1
gestion_2024-02-16_1,11,none,,adaptive_mean,docling_rapidocr,qwen,7,0,0,0,7,0.0,0.0,0.0,0,,,,,9.90662582,1
gestion_2024-02-16_1,11,none,,basic,docling_easyocr,qwen,7,0,0,0,7,0.0,0.0,0.0,0,,,,,39.768550562,1
gestion_2024-02-16_1,11,none,,basic,docling_rapidocr,qwen,7,0,0,0,7,0.0,0.0,0.0,0,,,,,10.106601166,1
gestion_2024-02-16_1,11,none,,niblack,docling_easyocr,qwen,7,0,0,0,7,0.0,0.0,0.0,0,,,,,40.406989065,1
gestion_2024-02-16_1,11,none,,niblack,docling_rapidocr,qwen,7,0,0,0,7,0.0,0.0,0.0,0,,,,,8.346870152,1
gestion_2024-02-16_1,11,none,,none_color,docling_easyocr,qwen,7,0,0,0,7,0.0,0.0,0.0,0,,,,,41.473964857,1
gestion_2024-02-16_1,11,none,,none_color,docling_rapidocr,qwen,7,0,0,0,7,0.0,0.0,0.0,0,,,,,13.407801556,1
gestion_2024-02-16_1,11,none,,none_grayscale,docling_easyocr,qwen,7,0,0,0,7,0.0,0.0,0.0,0,,,,,45.343966173,1
gestion_2024-02-16_1,11,none,,none_grayscale,docling_rapidocr,qwen,7,0,0,0,7,0.0,0.0,0.0,0,,,,,12.834670471,1
gestion_2024-02-16_1,11,none,,otsu,docling_easyocr,qwen,7,0,0,0,7,0.0,0.0,0.0,0,,,,,42.054294752,1
gestion_2024-02-16_1,11,none,,otsu,docling_rapidocr,qwen,7,0,0,0,7,0.0,0.0,0.0,0,,,,,10.503280091,1
gestion_2024-02-16_1,12,none,,adaptive_gaussian,docling_easyocr,qwen,7,0,0,0,7,0.0,0.0,0.0,0,,,,,51.109207207,1
gestion_2024-02-16_1,12,none,,adaptive_gaussian,docling_rapidocr,qwen,7,0,0,0,7,0.0,0.0,0.0,0,,,,,15.447928006,1
gestion_2024-02-16_1,12,none,,adaptive_mean,docling_easyocr,qwen,7,0,0,0,7,0.0,0.0,0.0,0,,,,,45.581646496,1
gestion_2024-02-16_1,12,none,,adaptive_mean,docling_rapidocr,qwen,7,0,0,0,7,0.0,0.0,0.0,0,,,,,15.732859188,1
gestion_2024-02-16_1,12,none,,basic,docling_easyocr,qwen,7,0,0,0,7,0.0,0.0,0.0,0,,,,,54.967867045,1
gestion_2024-02-16_1,12,none,,basic,docling_rapidocr,qwen,7,3,0,3,7,0.0,0.0,0.0,2,0.5,0.5,0.8099214932307939,0.9436813186813187,18.514154105,0
gestion_2024-02-16_1,12,none,,niblack,docling_easyocr,qwen,7,0,0,0,7,0.0,0.0,0.0,0,,,,,45.555669806,1
gestion_2024-02-16_1,12,none,,niblack,docling_rapidocr,qwen,7,0,0,0,7,0.0,0.0,0.0,0,,,,,15.449972412,1
gestion_2024-02-16_1,12,none,,none_color,docling_easyocr,qwen,7,1,0,1,7,0.0,0.0,0.0,1,0.8333333333333334,1.0,0.7671232876712328,1.0,55.542930512,0
gestion_2024-02-16_1,12,none,,none_color,docling_rapidocr,qwen,7,9,6,3,1,0.666667,0.857143,0.75,7,0.6446164185890213,0.6785714285714286,0.14564951190762293,0.15384615384615383,19.640481381,3
gestion_2024-02-16_1,12,none,,none_grayscale,docling_easyocr,qwen,7,5,3,2,4,0.6,0.428571,0.5,4,0.6666666666666666,0.8011363636363636,0.2573399823760314,0.34684065934065933,55.014353422,0
gestion_2024-02-16_1,12,none,,none_grayscale,docling_rapidocr,qwen,7,3,2,1,5,0.666667,0.285714,0.4,3,0.3247863247863248,0.4444444444444444,0.4529092899676894,0.4720695970695971,19.114481835,0
gestion_2024-02-16_1,12,none,,otsu,docling_easyocr,qwen,7,1,0,1,7,0.0,0.0,0.0,1,0.0,0.0,0.8245614035087719,0.9464285714285714,55.071699362,0
gestion_2024-02-16_1,12,none,,otsu,docling_rapidocr,qwen,7,1,0,1,7,0.0,0.0,0.0,1,0.7948717948717948,1.0,0.7426900584795322,0.9464285714285714,17.440184574,0
gestion_2024-02-16_1,13,none,,adaptive_gaussian,docling_easyocr,qwen,7,0,0,0,7,0.0,0.0,0.0,0,,,,,53.364260346,1
gestion_2024-02-16_1,13,none,,adaptive_gaussian,docling_rapidocr,qwen,7,0,0,0,7,0.0,0.0,0.0,0,,,,,17.247723728,1
gestion_2024-02-16_1,13,none,,adaptive_mean,docling_easyocr,qwen,7,1,1,0,6,1.0,0.142857,0.25,1,0.7727272727272727,1.0,0.0,0.0,49.102515847,0
gestion_2024-02-16_1,13,none,,adaptive_mean,docling_rapidocr,qwen,7,0,0,0,7,0.0,0.0,0.0,0,,,,,15.872506768,1
gestion_2024-02-16_1,13,none,,basic,docling_easyocr,qwen,7,0,0,0,7,0.0,0.0,0.0,0,,,,,54.715308432,1
gestion_2024-02-16_1,13,none,,basic,docling_rapidocr,qwen,7,2,0,2,7,0.0,0.0,0.0,2,0.8974358974358974,1.0,0.9352919971160778,1.1332417582417582,17.344978098,0
gestion_2024-02-16_1,13,none,,niblack,docling_easyocr,qwen,7,0,0,0,7,0.0,0.0,0.0,0,,,,,42.139802573,1
gestion_2024-02-16_1,13,none,,niblack,docling_rapidocr,qwen,7,0,0,0,7,0.0,0.0,0.0,0,,,,,15.354998228,1
gestion_2024-02-16_1,13,none,,none_color,docling_easyocr,qwen,7,3,2,1,5,0.666667,0.285714,0.4,3,0.5241301907968574,0.6666666666666666,0.39410932201126864,0.48214285714285715,53.97073007,0
gestion_2024-02-16_1,13,none,,none_color,docling_rapidocr,qwen,7,1,0,1,7,0.0,0.0,0.0,1,0.8518518518518519,1.0,0.7534246575342466,1.0,18.789226775,0
gestion_2024-02-16_1,13,none,,none_grayscale,docling_easyocr,qwen,7,5,4,1,3,0.8,0.571429,0.666667,5,0.7296296296296296,0.7863636363636364,0.2333253224385164,0.3,53.785926108,0
gestion_2024-02-16_1,13,none,,none_grayscale,docling_rapidocr,qwen,7,4,2,2,5,0.5,0.285714,0.363636,3,0.3247863247863248,0.5,0.33723196881091616,0.33928571428571425,17.431514029,0
gestion_2024-02-16_1,13,none,,otsu,docling_easyocr,qwen,7,2,1,1,6,0.5,0.142857,0.222222,2,0.3787878787878788,0.5,0.41812865497076024,0.44642857142857145,54.16779049,0
gestion_2024-02-16_1,13,none,,otsu,docling_rapidocr,qwen,7,4,1,3,6,0.25,0.142857,0.181818,4,0.18181818181818182,0.25,0.8425658896098693,0.8928571428571428,18.887896376,4
gestion_2024-02-16_1,14,none,,adaptive_gaussian,docling_easyocr,qwen,7,1,0,1,7,0.0,0.0,0.0,1,0.0,0.0,0.9970760233918129,1.0,51.0343812,0
gestion_2024-02-16_1,14,none,,adaptive_gaussian,docling_rapidocr,qwen,7,0,0,0,7,0.0,0.0,0.0,0,,,,,16.584654857,1
gestion_2024-02-16_1,14,none,,adaptive_mean,docling_easyocr,qwen,7,1,1,0,6,1.0,0.142857,0.25,1,0.7727272727272727,1.0,0.0,0.0,48.418334222,0
gestion_2024-02-16_1,14,none,,adaptive_mean,docling_rapidocr,qwen,7,0,0,0,7,0.0,0.0,0.0,0,,,,,16.104921317,1
gestion_2024-02-16_1,14,none,,basic,docling_easyocr,qwen,7,0,0,0,7,0.0,0.0,0.0,0,,,,,45.487421655,1
gestion_2024-02-16_1,14,none,,basic,docling_rapidocr,qwen,7,0,0,0,7,0.0,0.0,0.0,0,,,,,15.103296661,1
gestion_2024-02-16_1,14,none,,niblack,docling_easyocr,qwen,7,0,0,0,7,0.0,0.0,0.0,0,,,,,45.791135805,1
gestion_2024-02-16_1,14,none,,niblack,docling_rapidocr,qwen,7,0,0,0,7,0.0,0.0,0.0,0,,,,,14.620278852,1
gestion_2024-02-16_1,14,none,,none_color,docling_easyocr,qwen,7,5,4,1,3,0.8,0.571429,0.666667,5,0.7333333333333333,0.8409090909090908,0.20645678122246255,0.2678571428571429,53.264071369,0
gestion_2024-02-16_1,14,none,,none_color,docling_rapidocr,qwen,7,0,0,0,7,0.0,0.0,0.0,0,,,,,19.4700531,5
gestion_2024-02-16_1,14,none,,none_grayscale,docling_easyocr,qwen,7,5,4,1,3,0.8,0.571429,0.666667,5,0.7333333333333333,0.8409090909090908,0.20645678122246255,0.2678571428571429,55.168685102,0
gestion_2024-02-16_1,14,none,,none_grayscale,docling_rapidocr,qwen,7,7,3,4,4,0.428571,0.428571,0.428571,7,0.2792207792207792,0.2857142857142857,0.620850070381433,0.625,20.16509571,0
gestion_2024-02-16_1,14,none,,otsu,docling_easyocr,qwen,7,0,0,0,7,0.0,0.0,0.0,0,,,,,52.71317377,1
gestion_2024-02-16_1,14,none,,otsu,docling_rapidocr,qwen,7,1,0,1,7,0.0,0.0,0.0,1,0.7962962962962963,1.125,0.7808219178082192,0.9230769230769231,18.572506921,3
gestion_2024-02-16_1,15,none,,adaptive_gaussian,docling_easyocr,qwen,7,0,0,0,7,0.0,0.0,0.0,0,,,,,41.355810317,1
gestion_2024-02-16_1,15,none,,adaptive_gaussian,docling_rapidocr,qwen,7,0,0,0,7,0.0,0.0,0.0,0,,,,,9.830979022,1
gestion_2024-02-16_1,15,none,,adaptive_mean,docling_easyocr,qwen,7,0,0,0,7,0.0,0.0,0.0,0,,,,,40.551755819,1
gestion_2024-02-16_1,15,none,,adaptive_mean,docling_rapidocr,qwen,7,0,0,0,7,0.0,0.0,0.0,0,,,,,9.643376264,1
gestion_2024-02-16_1,15,none,,basic,docling_easyocr,qwen,7,0,0,0,7,0.0,0.0,0.0,0,,,,,48.320981033,1
gestion_2024-02-16_1,15,none,,basic,docling_rapidocr,qwen,7,4,0,4,7,0.0,0.0,0.0,3,0.8372183372183372,1.1464646464646464,0.7665892280167695,0.8690476190476191,14.016646869,0
gestion_2024-02-16_1,15,none,,none_color,docling_easyocr,qwen,7,2,1,1,6,0.5,0.142857,0.222222,2,0.3787878787878788,0.5,0.47514619883040937,0.5,47.022148139,0
gestion_2024-02-16_1,15,none,,none_color,docling_rapidocr,qwen,7,3,0,3,7,0.0,0.0,0.0,3,0.0,0.0,0.8549761008304628,0.8928571428571429,13.368929155,0
gestion_2024-02-16_1,15,none,,none_grayscale,docling_easyocr,qwen,7,2,1,1,6,0.5,0.142857,0.222222,2,0.3787878787878788,0.5,0.47076023391812866,0.5,48.88122297,0
gestion_2024-02-16_1,15,none,,none_grayscale,docling_rapidocr,qwen,7,3,0,3,7,0.0,0.0,0.0,3,0.0045662100456621,0.027777777777777776,0.8504098907848007,0.9184981684981685,13.543296344,0
gestion_2024-02-16_1,15,none,,otsu,docling_easyocr,qwen,7,0,0,0,7,0.0,0.0,0.0,0,,,,,48.848518928,1
gestion_2024-02-16_1,15,none,,otsu,docling_rapidocr,qwen,7,0,0,0,7,0.0,0.0,0.0,0,,,,,13.736586173,1
gestion_2024-02-16_1,16,none,,adaptive_gaussian,docling_easyocr,qwen,7,0,0,0,7,0.0,0.0,0.0,0,,,,,34.290564046,1
gestion_2024-02-16_1,16,none,,adaptive_gaussian,docling_rapidocr,qwen,7,0,0,0,7,0.0,0.0,0.0,0,,,,,9.343274341,1
gestion_2024-02-16_1,16,none,,adaptive_mean,docling_easyocr,qwen,7,0,0,0,7,0.0,0.0,0.0,0,,,,,39.794933305,1
gestion_2024-02-16_1,16,none,,adaptive_mean,docling_rapidocr,qwen,7,0,0,0,7,0.0,0.0,0.0,0,,,,,9.514261947,1
gestion_2024-02-16_1,16,none,,basic,docling_easyocr,qwen,7,2,2,0,5,1.0,0.285714,0.444444,2,0.7584175084175084,1.0,0.0,0.0,48.325712045,0
gestion_2024-02-16_1,16,none,,basic,docling_rapidocr,qwen,7,0,0,0,7,0.0,0.0,0.0,0,,,,,12.858227332,1
gestion_2024-02-16_1,16,none,,niblack,docling_easyocr,qwen,7,0,0,0,7,0.0,0.0,0.0,0,,,,,38.6883945,1
gestion_2024-02-16_1,16,none,,none_color,docling_easyocr,qwen,7,2,1,1,6,0.5,0.142857,0.222222,2,0.3787878787878788,0.5,0.4722222222222222,0.48214285714285715,44.868489822,0
gestion_2024-02-16_1,16,none,,none_color,docling_rapidocr,qwen,7,3,0,3,7,0.0,0.0,0.0,3,0.0091324200913242,0.05555555555555555,0.8540014419610671,0.9285714285714285,13.290399154,0
gestion_2024-02-16_1,16,none,,none_grayscale,docling_easyocr,qwen,7,2,0,2,7,0.0,0.0,0.0,2,0.0,0.0,0.8441680685732597,0.9821428571428572,48.984257778,0
gestion_2024-02-16_1,16,none,,none_grayscale,docling_rapidocr,qwen,7,3,0,3,7,0.0,0.0,0.0,3,0.0091324200913242,0.05555555555555555,0.8569254185692542,0.9345238095238096,13.718890746,0
gestion_2024-02-16_1,16,none,,otsu,docling_easyocr,qwen,7,2,1,1,6,0.5,0.142857,0.222222,2,0.36363636363636365,0.5,0.49853801169590645,0.5,44.765220794,0
gestion_2024-02-16_1,16,none,,otsu,docling_rapidocr,qwen,7,3,1,2,6,0.333333,0.142857,0.2,3,0.017543859649122806,0.1111111111111111,0.7718230126305108,0.8571428571428571,12.409995231,0
gestion_2024-02-16_1,17,none,,adaptive_gaussian,docling_easyocr,qwen,7,0,0,0,7,0.0,0.0,0.0,0,,,,,40.282786355,1
gestion_2024-02-16_1,17,none,,adaptive_gaussian,docling_rapidocr,qwen,7,0,0,0,7,0.0,0.0,0.0,0,,,,,8.896837936,1
gestion_2024-02-16_1,17,none,,adaptive_mean,docling_easyocr,qwen,7,0,0,0,7,0.0,0.0,0.0,0,,,,,36.886670814,1
gestion_2024-02-16_1,17,none,,adaptive_mean,docling_rapidocr,qwen,7,0,0,0,7,0.0,0.0,0.0,0,,,,,9.672010885,1
gestion_2024-02-16_1,17,none,,basic,docling_easyocr,qwen,7,0,0,0,7,0.0,0.0,0.0,0,,,,,48.162297805,1
gestion_2024-02-16_1,17,none,,basic,docling_rapidocr,qwen,7,1,0,1,7,0.0,0.0,0.0,1,1.9743589743589745,2.5,0.8830409356725146,1.1428571428571428,13.010671218,0
gestion_2024-02-16_1,17,none,,none_color,docling_easyocr,qwen,7,2,0,2,7,0.0,0.0,0.0,2,0.01282051282051282,0.08333333333333333,0.9408996234879436,0.9910714285714286,49.207155546,0
gestion_2024-02-16_1,17,none,,none_color,docling_rapidocr,qwen,7,0,0,0,7,0.0,0.0,0.0,0,,,,,13.798226198,3
gestion_2024-02-16_1,17,none,,none_grayscale,docling_easyocr,qwen,7,2,0,2,7,0.0,0.0,0.0,2,0.01282051282051282,0.08333333333333333,0.9408996234879436,0.9910714285714286,48.87671121,0
gestion_2024-02-16_1,17,none,,none_grayscale,docling_rapidocr,qwen,7,0,0,0,7,0.0,0.0,0.0,0,,,,,13.776649316,3
gestion_2024-02-16_1,17,none,,otsu,docling_easyocr,qwen,7,0,0,0,7,0.0,0.0,0.0,0,,,,,48.425458511,1
gestion_2024-02-16_1,17,none,,otsu,docling_rapidocr,qwen,7,1,0,1,7,0.0,0.0,0.0,1,0.8148148148148148,1.0,0.8082191780821918,1.0,13.516109546,0
gestion_2024-02-16_1,18,none,,adaptive_gaussian,docling_easyocr,qwen,7,0,0,0,7,0.0,0.0,0.0,0,,,,,39.633194237,1
gestion_2024-02-16_1,18,none,,adaptive_gaussian,docling_rapidocr,qwen,7,0,0,0,7,0.0,0.0,0.0,0,,,,,10.954036503,1
gestion_2024-02-16_1,18,none,,adaptive_mean,docling_easyocr,qwen,7,0,0,0,7,0.0,0.0,0.0,0,,,,,40.544902592,1
gestion_2024-02-16_1,18,none,,adaptive_mean,docling_rapidocr,qwen,7,0,0,0,7,0.0,0.0,0.0,0,,,,,10.178001432,1
gestion_2024-02-16_1,18,none,,basic,docling_easyocr,qwen,7,0,0,0,7,0.0,0.0,0.0,0,,,,,39.916237715,1
gestion_2024-02-16_1,18,none,,basic,docling_rapidocr,qwen,7,0,0,0,7,0.0,0.0,0.0,0,,,,,10.2721926,1
gestion_2024-02-16_1,18,none,,otsu,docling_easyocr,qwen,7,0,0,0,7,0.0,0.0,0.0,0,,,,,35.991048935,1
gestion_2024-02-16_1,18,none,,otsu,docling_rapidocr,qwen,7,0,0,0,7,0.0,0.0,0.0,0,,,,,9.699524048,1
gestion_2024-02-16_1,19,none,,adaptive_gaussian,docling_easyocr,qwen,7,0,0,0,7,0.0,0.0,0.0,0,,,,,36.266705946,1
gestion_2024-02-16_1,19,none,,adaptive_gaussian,docling_rapidocr,qwen,7,0,0,0,7,0.0,0.0,0.0,0,,,,,9.994436697,1
gestion_2024-02-16_1,19,none,,adaptive_mean,docling_easyocr,qwen,7,0,0,0,7,0.0,0.0,0.0,0,,,,,39.762317375,1
gestion_2024-02-16_1,19,none,,adaptive_mean,docling_rapidocr,qwen,7,0,0,0,7,0.0,0.0,0.0,0,,,,,9.864642576,1
gestion_2024-02-16_1,19,none,,basic,docling_easyocr,qwen,7,0,0,0,7,0.0,0.0,0.0,0,,,,,39.114542534,1
gestion_2024-02-16_1,19,none,,basic,docling_rapidocr,qwen,7,0,0,0,7,0.0,0.0,0.0,0,,,,,10.127392103,1
gestion_2024-02-16_1,19,none,,none_color,docling_easyocr,qwen,7,0,0,0,7,0.0,0.0,0.0,0,,,,,41.07074814,1
gestion_2024-02-16_1,19,none,,none_grayscale,docling_easyocr,qwen,7,0,0,0,7,0.0,0.0,0.0,0,,,,,39.746153881,1
gestion_2024-02-16_1,19,none,,otsu,docling_easyocr,qwen,7,0,0,0,7,0.0,0.0,0.0,0,,,,,39.992299368,1
gestion_2024-02-16_1,19,none,,otsu,docling_rapidocr,qwen,7,0,0,0,7,0.0,0.0,0.0,0,,,,,10.092021038,1
gestion_2024-02-16_1,20,none,,adaptive_gaussian,docling_easyocr,qwen,7,0,0,0,7,0.0,0.0,0.0,0,,,,,40.22522016,1
gestion_2024-02-16_1,20,none,,adaptive_gaussian,docling_rapidocr,qwen,7,0,0,0,7,0.0,0.0,0.0,0,,,,,10.703448967,1
gestion_2024-02-16_1,20,none,,adaptive_mean,docling_easyocr,qwen,7,0,0,0,7,0.0,0.0,0.0,0,,,,,40.589211897,1
gestion_2024-02-16_1,20,none,,adaptive_mean,docling_rapidocr,qwen,7,0,0,0,7,0.0,0.0,0.0,0,,,,,9.985223965,1
gestion_2024-02-16_1,20,none,,basic,docling_easyocr,qwen,7,0,0,0,7,0.0,0.0,0.0,0,,,,,38.921951105,1
gestion_2024-02-16_1,20,none,,basic,docling_rapidocr,qwen,7,0,0,0,7,0.0,0.0,0.0,0,,,,,8.823190977,1
gestion_2024-02-16_1,20,none,,niblack,docling_easyocr,qwen,7,0,0,0,7,0.0,0.0,0.0,0,,,,,34.652712912,1
gestion_2024-02-16_1,20,none,,otsu,docling_easyocr,qwen,7,0,0,0,7,0.0,0.0,0.0,0,,,,,39.180906345,1
gestion_2024-02-16_1,20,none,,otsu,docling_rapidocr,qwen,7,0,0,0,7,0.0,0.0,0.0,0,,,,,8.997809221,1
gestion_2024-02-16_1,21,none,,adaptive_gaussian,docling_easyocr,qwen,7,1,1,0,6,1.0,0.142857,0.25,1,0.7727272727272727,1.0,0.0,0.0,58.708418037,0
gestion_2024-02-16_1,21,none,,adaptive_gaussian,docling_rapidocr,qwen,7,0,0,0,7,0.0,0.0,0.0,0,,,,,26.75563636,1
gestion_2024-02-16_1,21,none,,adaptive_mean,docling_easyocr,qwen,7,0,0,0,7,0.0,0.0,0.0,0,,,,,56.861897852,1
gestion_2024-02-16_1,21,none,,adaptive_mean,docling_rapidocr,qwen,7,0,0,0,7,0.0,0.0,0.0,0,,,,,25.79129162,1
gestion_2024-02-16_1,21,none,,basic,docling_easyocr,qwen,7,1,0,1,7,0.0,0.0,0.0,1,0.0,0.0,0.8333333333333334,0.9285714285714286,56.043865919,0
gestion_2024-02-16_1,21,none,,basic,docling_rapidocr,qwen,7,0,0,0,7,0.0,0.0,0.0,0,,,,,26.052206278,1
gestion_2024-02-16_1,21,none,,niblack,docling_easyocr,qwen,7,0,0,0,7,0.0,0.0,0.0,0,,,,,52.582294359,1
gestion_2024-02-16_1,21,none,,niblack,docling_rapidocr,qwen,7,0,0,0,7,0.0,0.0,0.0,0,,,,,25.417757406,1
gestion_2024-02-16_1,21,none,,none_color,docling_easyocr,qwen,7,0,0,0,7,0.0,0.0,0.0,0,,,,,60.327358484,1
gestion_2024-02-16_1,21,none,,none_color,docling_rapidocr,qwen,7,1,0,1,7,0.0,0.0,0.0,1,0.0,0.0,0.7923976608187134,0.9464285714285714,28.556473017,0
gestion_2024-02-16_1,21,none,,none_grayscale,docling_easyocr,qwen,7,0,0,0,7,0.0,0.0,0.0,0,,,,,58.562716246,1
gestion_2024-02-16_1,21,none,,none_grayscale,docling_rapidocr,qwen,7,1,0,1,7,0.0,0.0,0.0,1,0.0,0.0,0.7923976608187134,0.9464285714285714,29.876136541,0
gestion_2024-02-16_1,21,none,,otsu,docling_easyocr,qwen,7,1,1,0,6,1.0,0.142857,0.25,1,0.7727272727272727,1.0,0.0,0.0,57.801510334,0
gestion_2024-02-16_1,21,none,,otsu,docling_rapidocr,qwen,7,1,0,1,7,0.0,0.0,0.0,1,0.2777777777777778,0.875,0.7808219178082192,1.0,26.29820466,0
gestion_2024-02-16_1,22,none,,adaptive_gaussian,docling_easyocr,qwen,7,0,0,0,7,0.0,0.0,0.0,0,,,,,59.215230051,1
gestion_2024-02-16_1,22,none,,adaptive_gaussian,docling_rapidocr,qwen,7,0,0,0,7,0.0,0.0,0.0,0,,,,,26.372045341,1
gestion_2024-02-16_1,22,none,,adaptive_mean,docling_easyocr,qwen,7,0,0,0,7,0.0,0.0,0.0,0,,,,,57.210069958,1
gestion_2024-02-16_1,22,none,,adaptive_mean,docling_rapidocr,qwen,7,0,0,0,7,0.0,0.0,0.0,0,,,,,24.586500946,1
gestion_2024-02-16_1,22,none,,basic,docling_easyocr,qwen,7,0,0,0,7,0.0,0.0,0.0,0,,,,,60.782195247,1
gestion_2024-02-16_1,22,none,,basic,docling_rapidocr,qwen,7,1,0,1,7,0.0,0.0,0.0,1,0.0,0.0,0.8888888888888888,0.9821428571428571,26.298783935,0
gestion_2024-02-16_1,22,none,,niblack,docling_easyocr,qwen,7,0,0,0,7,0.0,0.0,0.0,0,,,,,51.059942514,1
gestion_2024-02-16_1,22,none,,niblack,docling_rapidocr,qwen,7,0,0,0,7,0.0,0.0,0.0,0,,,,,23.930038482,1
gestion_2024-02-16_1,22,none,,none_color,docling_easyocr,qwen,7,0,0,0,7,0.0,0.0,0.0,0,,,,,55.498840488,1
gestion_2024-02-16_1,22,none,,none_color,docling_rapidocr,qwen,7,2,0,2,7,0.0,0.0,0.0,2,0.4230769230769231,0.5833333333333334,0.7325162220620043,0.9821428571428572,27.214980282,0
gestion_2024-02-16_1,22,none,,none_grayscale,docling_easyocr,qwen,7,0,0,0,7,0.0,0.0,0.0,0,,,,,57.490944065,1
gestion_2024-02-16_1,22,none,,none_grayscale,docling_rapidocr,qwen,7,2,0,2,7,0.0,0.0,0.0,2,0.4230769230769231,0.5833333333333334,0.7325162220620043,0.9821428571428572,29.03641025,0
gestion_2024-02-16_1,22,none,,otsu,docling_easyocr,qwen,7,0,0,0,7,0.0,0.0,0.0,0,,,,,61.16030661,1
gestion_2024-02-16_1,22,none,,otsu,docling_rapidocr,qwen,7,1,0,1,7,0.0,0.0,0.0,1,0.0,0.0,0.8771929824561403,0.9642857142857143,26.059628404,0
gestion_2024-02-16_1,23,none,,adaptive_gaussian,docling_easyocr,qwen,7,0,0,0,7,0.0,0.0,0.0,0,,,,,58.549409582,1
gestion_2024-02-16_1,23,none,,adaptive_gaussian,docling_rapidocr,qwen,7,0,0,0,7,0.0,0.0,0.0,0,,,,,26.540517761,1
gestion_2024-02-16_1,23,none,,adaptive_mean,docling_easyocr,qwen,7,0,0,0,7,0.0,0.0,0.0,0,,,,,56.5875587,1
gestion_2024-02-16_1,23,none,,adaptive_mean,docling_rapidocr,qwen,7,0,0,0,7,0.0,0.0,0.0,0,,,,,25.71405883,1
gestion_2024-02-16_1,23,none,,basic,docling_easyocr,qwen,7,0,0,0,7,0.0,0.0,0.0,0,,,,,55.645448971,1
gestion_2024-02-16_1,23,none,,basic,docling_rapidocr,qwen,7,1,1,0,6,1.0,0.142857,0.25,1,0.7727272727272727,1.0,0.0,0.0,25.457614469,0
gestion_2024-02-16_1,23,none,,niblack,docling_easyocr,qwen,7,0,0,0,7,0.0,0.0,0.0,0,,,,,51.424662035,1
gestion_2024-02-16_1,23,none,,niblack,docling_rapidocr,qwen,7,0,0,0,7,0.0,0.0,0.0,0,,,,,24.546208303,1
gestion_2024-02-16_1,23,none,,none_color,docling_easyocr,qwen,7,1,1,0,6,1.0,0.142857,0.25,1,0.7727272727272727,1.0,0.0,0.0,57.890691089,0
gestion_2024-02-16_1,23,none,,none_color,docling_rapidocr,qwen,7,3,2,1,5,0.666667,0.285714,0.4,3,0.601010101010101,0.6666666666666666,0.24463937621832357,0.31547619047619047,26.129120874,0
gestion_2024-02-16_1,23,none,,none_grayscale,docling_easyocr,qwen,7,1,1,0,6,1.0,0.142857,0.25,1,0.7727272727272727,1.0,0.0,0.0,58.723435449,0
gestion_2024-02-16_1,23,none,,none_grayscale,docling_rapidocr,qwen,7,3,2,1,5,0.666667,0.285714,0.4,3,0.601010101010101,0.6666666666666666,0.24463937621832357,0.31547619047619047,27.837716627,0
gestion_2024-02-16_1,23,none,,otsu,docling_easyocr,qwen,7,0,0,0,7,0.0,0.0,0.0,0,,,,,56.077074575,1
gestion_2024-02-16_1,23,none,,otsu,docling_rapidocr,qwen,7,2,1,1,6,0.5,0.142857,0.222222,2,0.5,0.5,0.49853801169590645,0.5,25.428326893,0
gestion_2024-02-16_1,24,none,,adaptive_gaussian,docling_easyocr,qwen,7,0,0,0,7,0.0,0.0,0.0,0,,,,,47.340834533,1
gestion_2024-02-16_1,24,none,,adaptive_gaussian,docling_rapidocr,qwen,7,0,0,0,7,0.0,0.0,0.0,0,,,,,11.279180443,1
gestion_2024-02-16_1,24,none,,adaptive_mean,docling_easyocr,qwen,7,0,0,0,7,0.0,0.0,0.0,0,,,,,46.930765306,1
gestion_2024-02-16_1,24,none,,adaptive_mean,docling_rapidocr,qwen,7,0,0,0,7,0.0,0.0,0.0,0,,,,,10.274588024,1
gestion_2024-02-16_1,24,none,,basic,docling_easyocr,qwen,7,0,0,0,7,0.0,0.0,0.0,0,,,,,43.493255148,1
gestion_2024-02-16_1,24,none,,basic,docling_rapidocr,qwen,7,3,1,2,6,0.333333,0.142857,0.2,3,0.3333333333333333,0.3333333333333333,0.7242115944350984,0.8333333333333334,13.892203579,0
gestion_2024-02-16_1,24,none,,niblack,docling_easyocr,qwen,7,0,0,0,7,0.0,0.0,0.0,0,,,,,40.053753664,1
gestion_2024-02-16_1,24,none,,niblack,docling_rapidocr,qwen,7,0,0,0,7,0.0,0.0,0.0,0,,,,,9.743296673,1
gestion_2024-02-16_1,24,none,,none_color,docling_easyocr,qwen,7,5,4,1,3,0.8,0.571429,0.666667,5,0.5490982888243161,0.7787878787878787,0.17213810782664424,0.275,45.855394134,0
gestion_2024-02-16_1,24,none,,none_color,docling_rapidocr,qwen,7,5,2,3,5,0.4,0.285714,0.333333,4,0.1590909090909091,0.1875,0.6697508611711929,0.8914835164835164,11.719481954,0
gestion_2024-02-16_1,24,none,,none_grayscale,docling_easyocr,qwen,7,3,0,3,7,0.0,0.0,0.0,3,0.0,0.0,1.0577318486474938,1.0668498168498168,50.183312187,0
gestion_2024-02-16_1,24,none,,none_grayscale,docling_rapidocr,qwen,7,8,5,3,2,0.625,0.714286,0.666667,7,0.7042802453761359,0.8273809523809524,0.30074615763152174,0.3443877551020408,14.535197267,0
gestion_2024-02-16_1,24,none,,otsu,docling_easyocr,qwen,7,0,0,0,7,0.0,0.0,0.0,0,,,,,48.456193052,1
gestion_2024-02-16_1,24,none,,otsu,docling_rapidocr,qwen,7,4,1,3,6,0.25,0.142857,0.181818,4,0.18181818181818182,0.25,0.7919270207482175,0.8705357142857143,13.837849222,0
gestion_2024-02-16_1,25,none,,adaptive_gaussian,docling_easyocr,qwen,7,0,0,0,7,0.0,0.0,0.0,0,,,,,45.500062547,1
gestion_2024-02-16_1,25,none,,adaptive_gaussian,docling_rapidocr,qwen,7,0,0,0,7,0.0,0.0,0.0,0,,,,,10.15968164,1
gestion_2024-02-16_1,25,none,,adaptive_mean,docling_easyocr,qwen,7,0,0,0,7,0.0,0.0,0.0,0,,,,,45.877316318,1
gestion_2024-02-16_1,25,none,,adaptive_mean,docling_rapidocr,qwen,7,0,0,0,7,0.0,0.0,0.0,0,,,,,9.141530357,1
gestion_2024-02-16_1,25,none,,basic,docling_easyocr,qwen,7,0,0,0,7,0.0,0.0,0.0,0,,,,,47.43641251,1
gestion_2024-02-16_1,25,none,,basic,docling_rapidocr,qwen,7,2,0,2,7,0.0,0.0,0.0,2,0.8603988603988604,1.1875,1.0669510534326685,1.2252747252747254,12.659010109,0
gestion_2024-02-16_1,25,none,,niblack,docling_easyocr,qwen,7,0,0,0,7,0.0,0.0,0.0,0,,,,,39.969965362,1
gestion_2024-02-16_1,25,none,,niblack,docling_rapidocr,qwen,7,0,0,0,7,0.0,0.0,0.0,0,,,,,9.421930933,1
gestion_2024-02-16_1,25,none,,none_color,docling_easyocr,qwen,7,4,2,2,5,0.5,0.285714,0.363636,4,0.4170702458373691,0.5625,0.3921533285267964,0.4375,48.123695549,0
gestion_2024-02-16_1,25,none,,none_color,docling_rapidocr,qwen,7,6,1,5,6,0.166667,0.142857,0.153846,5,0.00909090909090909,0.05,1.0182327966033806,1.0826923076923076,13.561615881,0
gestion_2024-02-16_1,25,none,,none_grayscale,docling_easyocr,qwen,7,5,3,2,4,0.6,0.428571,0.5,5,0.7476737873998147,0.9772727272727273,0.26826083473523993,0.33214285714285713,47.785419639,0
gestion_2024-02-16_1,25,none,,none_grayscale,docling_rapidocr,qwen,7,0,0,0,7,0.0,0.0,0.0,0,,,,,14.204854425,5
gestion_2024-02-16_1,25,none,,otsu,docling_easyocr,qwen,7,4,2,2,5,0.5,0.285714,0.363636,4,0.3026315789473684,0.5,0.43893695425779056,0.47184065934065933,47.8969071,0
gestion_2024-02-16_1,25,none,,otsu,docling_rapidocr,qwen,7,2,1,1,6,0.5,0.142857,0.222222,2,0.0,0.0,0.533625730994152,0.5446428571428571,12.643188247,0
gestion_2024-02-16_1,26,none,,adaptive_gaussian,docling_easyocr,qwen,7,0,0,0,7,0.0,0.0,0.0,0,,,,,47.953870455,1
gestion_2024-02-16_1,26,none,,adaptive_gaussian,docling_rapidocr,qwen,7,0,0,0,7,0.0,0.0,0.0,0,,,,,11.48193256,1
gestion_2024-02-16_1,26,none,,adaptive_mean,docling_easyocr,qwen,7,0,0,0,7,0.0,0.0,0.0,0,,,,,45.835321823,1
gestion_2024-02-16_1,26,none,,adaptive_mean,docling_rapidocr,qwen,7,0,0,0,7,0.0,0.0,0.0,0,,,,,9.397124687,1
gestion_2024-02-16_1,26,none,,basic,docling_easyocr,qwen,7,0,0,0,7,0.0,0.0,0.0,0,,,,,50.255212797,1
gestion_2024-02-16_1,26,none,,basic,docling_rapidocr,qwen,7,2,1,1,6,0.5,0.142857,0.222222,2,0.0,0.0,0.6057838660578386,0.8035714285714286,12.972494854,0
gestion_2024-02-16_1,26,none,,niblack,docling_easyocr,qwen,7,0,0,0,7,0.0,0.0,0.0,0,,,,,40.140972834,1
gestion_2024-02-16_1,26,none,,niblack,docling_rapidocr,qwen,7,0,0,0,7,0.0,0.0,0.0,0,,,,,8.833128195,1
gestion_2024-02-16_1,26,none,,none_color,docling_easyocr,qwen,7,3,2,1,5,0.666667,0.285714,0.4,3,0.5241301907968574,0.6666666666666666,0.4379689711340757,0.5595238095238095,42.376720442,0
gestion_2024-02-16_1,26,none,,none_color,docling_rapidocr,qwen,7,0,0,0,7,0.0,0.0,0.0,0,,,,,14.939650311,1
gestion_2024-02-16_1,26,none,,none_grayscale,docling_easyocr,qwen,7,3,2,1,5,0.666667,0.285714,0.4,3,0.5241301907968574,0.6666666666666666,0.4379689711340757,0.5595238095238095,49.101866259,0
gestion_2024-02-16_1,26,none,,none_grayscale,docling_rapidocr,qwen,7,0,0,0,7,0.0,0.0,0.0,0,,,,,14.352328791,1
gestion_2024-02-16_1,26,none,,otsu,docling_easyocr,qwen,7,0,0,0,7,0.0,0.0,0.0,0,,,,,44.559191717,1
gestion_2024-02-16_1,26,none,,otsu,docling_rapidocr,qwen,7,3,0,3,7,0.0,0.0,0.0,3,0.43209876543209874,0.4444444444444444,0.9305455419370343,0.9876373626373627,14.629887118,0
gestion_2024-02-16_1,27,none,,adaptive_gaussian,docling_easyocr,qwen,7,1,1,0,6,1.0,0.142857,0.25,1,0.7727272727272727,1.0,0.0,0.0,39.591143839,0
gestion_2024-02-16_1,27,none,,adaptive_gaussian,docling_rapidocr,qwen,7,0,0,0,7,0.0,0.0,0.0,0,,,,,10.107864372,1
gestion_2024-02-16_1,27,none,,adaptive_mean,docling_easyocr,qwen,7,0,0,0,7,0.0,0.0,0.0,0,,,,,42.399468176,1
gestion_2024-02-16_1,27,none,,adaptive_mean,docling_rapidocr,qwen,7,0,0,0,7,0.0,0.0,0.0,0,,,,,10.613078348,1
gestion_2024-02-16_1,27,none,,basic,docling_easyocr,qwen,7,0,0,0,7,0.0,0.0,0.0,0,,,,,50.869868126,1
gestion_2024-02-16_1,27,none,,basic,docling_rapidocr,qwen,7,5,1,4,6,0.2,0.142857,0.166667,4,0.08555301877219686,0.125,0.8332932788592485,0.8526785714285714,13.927907791,0
gestion_2024-02-16_1,27,none,,niblack,docling_easyocr,qwen,7,0,0,0,7,0.0,0.0,0.0,0,,,,,34.915713602,1
gestion_2024-02-16_1,27,none,,niblack,docling_rapidocr,qwen,7,0,0,0,7,0.0,0.0,0.0,0,,,,,9.413451487,1
gestion_2024-02-16_1,27,none,,none_color,docling_easyocr,qwen,7,4,2,2,5,0.5,0.285714,0.363636,4,0.4298245614035088,0.5833333333333333,0.4195906432748538,0.4330357142857143,48.868199196,0
gestion_2024-02-16_1,27,none,,none_color,docling_rapidocr,qwen,7,3,2,1,5,0.666667,0.285714,0.4,3,0.3247863247863248,0.5,0.40710032310609096,0.4304029304029304,13.553526249,0
gestion_2024-02-16_1,27,none,,none_grayscale,docling_easyocr,qwen,7,4,3,1,4,0.75,0.428571,0.545455,4,0.6553030303030303,0.7329545454545454,0.2824240967716094,0.3482142857142857,48.392854061,0
gestion_2024-02-16_1,27,none,,none_grayscale,docling_rapidocr,qwen,7,4,2,2,5,0.5,0.285714,0.363636,3,0.0,0.0,0.3714518411706587,0.6236263736263736,12.016327706,0
gestion_2024-02-16_1,27,none,,otsu,docling_easyocr,qwen,7,2,0,2,7,0.0,0.0,0.0,2,0.4074074074074074,0.5,0.7280501482015541,0.9285714285714286,46.776310125,0
gestion_2024-02-16_1,27,none,,otsu,docling_rapidocr,qwen,7,2,1,1,6,0.5,0.142857,0.222222,2,0.0,0.0,0.5073099415204678,0.5267857142857143,13.226509014,0
gestion_2024-02-16_1,28,none,,adaptive_gaussian,docling_easyocr,qwen,7,0,0,0,7,0.0,0.0,0.0,0,,,,,46.007497852,1
gestion_2024-02-16_1,28,none,,adaptive_gaussian,docling_rapidocr,qwen,7,1,1,0,6,1.0,0.142857,0.25,1,0.7727272727272727,1.0,0.0,0.0,8.900756663,0
gestion_2024-02-16_1,28,none,,adaptive_mean,docling_easyocr,qwen,7,1,0,1,7,0.0,0.0,0.0,1,0.0,0.0,1.0,1.0,45.178686207,0
gestion_2024-02-16_1,28,none,,adaptive_mean,docling_rapidocr,qwen,7,0,0,0,7,0.0,0.0,0.0,0,,,,,10.54949004,1
gestion_2024-02-16_1,28,none,,basic,docling_easyocr,qwen,7,0,0,0,7,0.0,0.0,0.0,0,,,,,49.269808689,1
gestion_2024-02-16_1,28,none,,basic,docling_rapidocr,qwen,7,3,0,3,7,0.0,0.0,0.0,3,0.6016144349477682,0.6666666666666666,0.9163929610937541,0.9478021978021977,13.964715401,0
gestion_2024-02-16_1,28,none,,niblack,docling_easyocr,qwen,7,0,0,0,7,0.0,0.0,0.0,0,,,,,39.461276896,1
gestion_2024-02-16_1,28,none,,niblack,docling_rapidocr,qwen,7,0,0,0,7,0.0,0.0,0.0,0,,,,,9.997291929,1
gestion_2024-02-16_1,28,none,,none_color,docling_easyocr,qwen,7,3,2,1,5,0.666667,0.285714,0.4,3,0.5241301907968574,0.6666666666666666,0.2635050335122433,0.35714285714285715,48.120086828,0
gestion_2024-02-16_1,28,none,,none_color,docling_rapidocr,qwen,7,5,2,3,5,0.4,0.285714,0.333333,4,0.1590909090909091,0.1875,0.5048866458383402,0.5192307692307693,13.388313213,0
gestion_2024-02-16_1,28,none,,none_grayscale,docling_easyocr,qwen,7,3,2,1,5,0.666667,0.285714,0.4,3,0.5241301907968574,0.6666666666666666,0.3054153648962589,0.3988095238095238,48.361840883,0
gestion_2024-02-16_1,28,none,,none_grayscale,docling_rapidocr,qwen,7,0,0,0,7,0.0,0.0,0.0,0,,,,,14.003666798,4
gestion_2024-02-16_1,28,none,,otsu,docling_easyocr,qwen,7,0,0,0,7,0.0,0.0,0.0,0,,,,,49.818023674,1
gestion_2024-02-16_1,28,none,,otsu,docling_rapidocr,qwen,7,0,0,0,7,0.0,0.0,0.0,0,,,,,12.283118002,5
gestion_2024-02-16_1,29,none,,adaptive_gaussian,docling_easyocr,qwen,7,1,1,0,6,1.0,0.142857,0.25,1,0.7727272727272727,1.0,0.0,0.0,38.310189312,0
gestion_2024-02-16_1,29,none,,adaptive_gaussian,docling_rapidocr,qwen,7,0,0,0,7,0.0,0.0,0.0,0,,,,,11.159637516,1
gestion_2024-02-16_1,29,none,,adaptive_mean,docling_easyocr,qwen,7,1,1,0,6,1.0,0.142857,0.25,1,0.9473684210526315,1.0,0.0,0.0,41.384581392,0
gestion_2024-02-16_1,29,none,,adaptive_mean,docling_rapidocr,qwen,7,0,0,0,7,0.0,0.0,0.0,0,,,,,10.103582924,1
gestion_2024-02-16_1,29,none,,basic,docling_easyocr,qwen,7,0,0,0,7,0.0,0.0,0.0,0,,,,,47.38847057,1
gestion_2024-02-16_1,29,none,,basic,docling_rapidocr,qwen,7,3,0,3,7,0.0,0.0,0.0,2,0.48148148148148145,0.5,0.841324200913242,0.9258241758241759,12.913405338,0
gestion_2024-02-16_1,29,none,,niblack,docling_easyocr,qwen,7,0,0,0,7,0.0,0.0,0.0,0,,,,,40.036316282,1
gestion_2024-02-16_1,29,none,,niblack,docling_rapidocr,qwen,7,0,0,0,7,0.0,0.0,0.0,0,,,,,9.858642466,1
gestion_2024-02-16_1,29,none,,none_color,docling_easyocr,qwen,7,4,3,1,4,0.75,0.428571,0.545455,4,0.6553030303030303,0.7329545454545454,0.1968977809821357,0.26785714285714285,49.46946899,0
gestion_2024-02-16_1,29,none,,none_color,docling_rapidocr,qwen,7,9,2,7,5,0.222222,0.285714,0.25,5,0.0,0.0,0.6111431546903789,0.6532967032967033,14.950931708,7
gestion_2024-02-16_1,29,none,,none_grayscale,docling_easyocr,qwen,7,4,3,1,4,0.75,0.428571,0.545455,4,0.6553030303030303,0.7329545454545454,0.1968977809821357,0.26785714285714285,49.209677855,0
gestion_2024-02-16_1,29,none,,none_grayscale,docling_rapidocr,qwen,7,9,2,7,5,0.222222,0.285714,0.25,5,0.0,0.0,0.6111431546903789,0.6532967032967033,12.523847023,7
gestion_2024-02-16_1,29,none,,otsu,docling_easyocr,qwen,7,0,0,0,7,0.0,0.0,0.0,0,,,,,49.399685541,1
gestion_2024-02-16_1,29,none,,otsu,docling_rapidocr,qwen,7,4,4,0,3,1.0,0.571429,0.727273,4,0.4898816936488169,0.5890151515151516,0.09502923976608187,0.12946428571428573,14.202414433,0
gestion_2024-02-16_1,30,none,,adaptive_gaussian,docling_easyocr,qwen,7,0,0,0,7,0.0,0.0,0.0,0,,,,,36.732967906,1
gestion_2024-02-16_1,30,none,,adaptive_gaussian,docling_rapidocr,qwen,7,0,0,0,7,0.0,0.0,0.0,0,,,,,10.78514152,1
gestion_2024-02-16_1,30,none,,adaptive_mean,docling_easyocr,qwen,7,0,0,0,7,0.0,0.0,0.0,0,,,,,41.126530223,1
gestion_2024-02-16_1,30,none,,adaptive_mean,docling_rapidocr,qwen,7,0,0,0,7,0.0,0.0,0.0,0,,,,,10.688158326,1
gestion_2024-02-16_1,30,none,,basic,docling_easyocr,qwen,7,0,0,0,7,0.0,0.0,0.0,0,,,,,35.896294978,1
gestion_2024-02-16_1,30,none,,basic,docling_rapidocr,qwen,7,0,0,0,7,0.0,0.0,0.0,0,,,,,10.354051974,1
gestion_2024-02-16_1,30,none,,niblack,docling_easyocr,qwen,7,0,0,0,7,0.0,0.0,0.0,0,,,,,40.186801308,1
gestion_2024-02-16_1,30,none,,niblack,docling_rapidocr,qwen,7,0,0,0,7,0.0,0.0,0.0,0,,,,,10.045751685,1
gestion_2024-02-16_1,30,none,,none_color,docling_easyocr,qwen,7,0,0,0,7,0.0,0.0,0.0,0,,,,,37.807550576,1
gestion_2024-02-16_1,30,none,,none_color,docling_rapidocr,qwen,7,3,1,2,6,0.333333,0.142857,0.2,2,0.4537037037037037,0.5,0.8810582392053192,1.007554945054945,12.670282986,0
gestion_2024-02-16_1,30,none,,none_grayscale,docling_easyocr,qwen,7,0,0,0,7,0.0,0.0,0.0,0,,,,,38.116291192,1
gestion_2024-02-16_1,30,none,,none_grayscale,docling_rapidocr,qwen,7,3,1,2,6,0.333333,0.142857,0.2,3,0.029889538661468484,0.23611111111111108,0.7346257576971348,0.8511904761904763,10.359926608,0
gestion_2024-02-16_1,30,none,,otsu,docling_easyocr,qwen,7,0,0,0,7,0.0,0.0,0.0,0,,,,,45.370519618,1
gestion_2024-02-16_1,30,none,,otsu,docling_rapidocr,qwen,7,0,0,0,7,0.0,0.0,0.0,0,,,,,12.306315879,1
gestion_2024-02-16_1,31,none,,adaptive_gaussian,docling_easyocr,qwen,7,0,0,0,7,0.0,0.0,0.0,0,,,,,35.147854214,1
gestion_2024-02-16_1,31,none,,adaptive_gaussian,docling_rapidocr,qwen,7,0,0,0,7,0.0,0.0,0.0,0,,,,,10.692608719,1
gestion_2024-02-16_1,31,none,,adaptive_mean,docling_easyocr,qwen,7,0,0,0,7,0.0,0.0,0.0,0,,,,,40.112705355,1
gestion_2024-02-16_1,31,none,,adaptive_mean,docling_rapidocr,qwen,7,0,0,0,7,0.0,0.0,0.0,0,,,,,10.630386954,1
gestion_2024-02-16_1,31,none,,basic,docling_easyocr,qwen,7,0,0,0,7,0.0,0.0,0.0,0,,,,,44.834595898,1
gestion_2024-02-16_1,31,none,,basic,docling_rapidocr,qwen,7,0,0,0,7,0.0,0.0,0.0,0,,,,,11.145904759,1
gestion_2024-02-16_1,31,none,,niblack,docling_easyocr,qwen,7,0,0,0,7,0.0,0.0,0.0,0,,,,,39.811435481,1
gestion_2024-02-16_1,31,none,,niblack,docling_rapidocr,qwen,7,0,0,0,7,0.0,0.0,0.0,0,,,,,9.985990306,1
gestion_2024-02-16_1,31,none,,none_color,docling_easyocr,qwen,7,1,0,1,7,0.0,0.0,0.0,1,0.0,0.0,0.8771929824561403,0.9642857142857143,45.985347489,0
gestion_2024-02-16_1,31,none,,none_color,docling_rapidocr,qwen,7,6,4,2,3,0.666667,0.571429,0.615385,6,0.44957182171794047,0.6047979797979798,0.3246081337285375,0.4136904761904762,13.282150963,0
gestion_2024-02-16_1,31,none,,none_grayscale,docling_easyocr,qwen,7,0,0,0,7,0.0,0.0,0.0,0,,,,,46.212183694,1
gestion_2024-02-16_1,31,none,,none_grayscale,docling_rapidocr,qwen,7,6,1,5,6,0.166667,0.142857,0.153846,4,0.015151515151515152,0.18181818181818182,0.7517223423856445,0.84375,11.509701947,0
gestion_2024-02-16_1,31,none,,otsu,docling_easyocr,qwen,7,0,0,0,7,0.0,0.0,0.0,0,,,,,46.94155436,1
gestion_2024-02-16_1,31,none,,otsu,docling_rapidocr,qwen,7,0,0,0,7,0.0,0.0,0.0,0,,,,,11.846329264,1
gestion_2024-02-16_1,32,none,,adaptive_gaussian,docling_easyocr,qwen,7,0,0,0,7,0.0,0.0,0.0,0,,,,,35.495722418,1
gestion_2024-02-16_1,32,none,,adaptive_gaussian,docling_rapidocr,qwen,7,0,0,0,7,0.0,0.0,0.0,0,,,,,10.204973822,1
gestion_2024-02-16_1,32,none,,adaptive_mean,docling_easyocr,qwen,7,0,0,0,7,0.0,0.0,0.0,0,,,,,40.266117697,1
gestion_2024-02-16_1,32,none,,adaptive_mean,docling_rapidocr,qwen,7,0,0,0,7,0.0,0.0,0.0,0,,,,,9.51791895,1
gestion_2024-02-16_1,32,none,,basic,docling_easyocr,qwen,7,0,0,0,7,0.0,0.0,0.0,0,,,,,40.166606406,1
gestion_2024-02-16_1,32,none,,basic,docling_rapidocr,qwen,7,0,0,0,7,0.0,0.0,0.0,0,,,,,10.074334124,1
gestion_2024-02-16_1,32,none,,niblack,docling_easyocr,qwen,7,0,0,0,7,0.0,0.0,0.0,0,,,,,40.326303025,1
gestion_2024-02-16_1,32,none,,niblack,docling_rapidocr,qwen,7,0,0,0,7,0.0,0.0,0.0,0,,,,,10.287077208,1
gestion_2024-02-16_1,32,none,,none_color,docling_easyocr,qwen,7,0,0,0,7,0.0,0.0,0.0,0,,,,,37.507553795,1
gestion_2024-02-16_1,32,none,,none_color,docling_rapidocr,qwen,7,3,2,1,5,0.666667,0.285714,0.4,3,0.8877796880680803,1.0833333333333333,0.3996101364522417,0.48809523809523814,10.20167611,0
gestion_2024-02-16_1,32,none,,none_grayscale,docling_easyocr,qwen,7,0,0,0,7,0.0,0.0,0.0,0,,,,,36.631743649,1
gestion_2024-02-16_1,32,none,,none_grayscale,docling_rapidocr,qwen,7,3,2,1,5,0.666667,0.285714,0.4,3,0.8877796880680803,1.0833333333333333,0.3996101364522417,0.48809523809523814,10.502491931,0
gestion_2024-02-16_1,32,none,,otsu,docling_easyocr,qwen,7,0,0,0,7,0.0,0.0,0.0,0,,,,,45.504678229,1
gestion_2024-02-16_1,32,none,,otsu,docling_rapidocr,qwen,7,0,0,0,7,0.0,0.0,0.0,0,,,,,11.167831162,1
gestion_2024-02-16_1,33,none,,adaptive_gaussian,docling_easyocr,qwen,7,0,0,0,7,0.0,0.0,0.0,0,,,,,40.680728011,1
gestion_2024-02-16_1,33,none,,adaptive_gaussian,docling_rapidocr,qwen,7,0,0,0,7,0.0,0.0,0.0,0,,,,,10.271702103,1
gestion_2024-02-16_1,33,none,,adaptive_mean,docling_easyocr,qwen,7,0,0,0,7,0.0,0.0,0.0,0,,,,,40.524033122,1
gestion_2024-02-16_1,33,none,,adaptive_mean,docling_rapidocr,qwen,7,0,0,0,7,0.0,0.0,0.0,0,,,,,9.988729052,1
gestion_2024-02-16_1,33,none,,basic,docling_easyocr,qwen,7,0,0,0,7,0.0,0.0,0.0,0,,,,,42.896988537,1
gestion_2024-02-16_1,33,none,,basic,docling_rapidocr,qwen,7,0,0,0,7,0.0,0.0,0.0,0,,,,,10.184256938,1
gestion_2024-02-16_1,33,none,,niblack,docling_easyocr,qwen,7,0,0,0,7,0.0,0.0,0.0,0,,,,,38.365677066,1
gestion_2024-02-16_1,33,none,,niblack,docling_rapidocr,qwen,7,0,0,0,7,0.0,0.0,0.0,0,,,,,8.358616299,1
gestion_2024-02-16_1,33,none,,none_color,docling_easyocr,qwen,7,1,0,1,7,0.0,0.0,0.0,1,0.0,0.0,0.8801169590643275,0.9642857142857143,40.397865679,0
gestion_2024-02-16_1,33,none,,none_color,docling_rapidocr,qwen,7,6,6,0,1,1.0,0.857143,0.923077,6,0.8158483416233957,1.0,0.06140350877192982,0.06845238095238095,12.902445223,0
gestion_2024-02-16_1,33,none,,none_grayscale,docling_easyocr,qwen,7,0,0,0,7,0.0,0.0,0.0,0,,,,,45.742099431,1
gestion_2024-02-16_1,33,none,,none_grayscale,docling_rapidocr,qwen,7,2,1,1,6,0.5,0.142857,0.222222,2,0.42592592592592593,0.5,0.6989105183048946,0.793956043956044,11.898095038,0
gestion_2024-02-16_1,33,none,,otsu,docling_easyocr,qwen,7,0,0,0,7,0.0,0.0,0.0,0,,,,,46.256854275,1
gestion_2024-02-16_1,33,none,,otsu,docling_rapidocr,qwen,7,2,0,2,7,0.0,0.0,0.0,2,0.4074074074074074,0.625,0.770527917968437,0.9732142857142857,11.754985074,0
gestion_2024-02-16_1,34,none,,adaptive_gaussian,docling_easyocr,qwen,7,1,1,0,6,1.0,0.142857,0.25,1,0.7727272727272727,1.0,0.0,0.0,42.055284173,0
gestion_2024-02-16_1,34,none,,adaptive_gaussian,docling_rapidocr,qwen,7,0,0,0,7,0.0,0.0,0.0,0,,,,,10.623591812,1
gestion_2024-02-16_1,34,none,,adaptive_mean,docling_easyocr,qwen,7,0,0,0,7,0.0,0.0,0.0,0,,,,,41.387113006,1
gestion_2024-02-16_1,34,none,,adaptive_mean,docling_rapidocr,qwen,7,0,0,0,7,0.0,0.0,0.0,0,,,,,10.375630767,1
gestion_2024-02-16_1,34,none,,basic,docling_easyocr,qwen,7,0,0,0,7,0.0,0.0,0.0,0,,,,,48.732299571,1
gestion_2024-02-16_1,34,none,,basic,docling_rapidocr,qwen,7,3,0,3,7,0.0,0.0,0.0,2,0.5,0.5,0.9454458062965634,0.9821428571428572,12.232864147,0
gestion_2024-02-16_1,34,none,,niblack,docling_easyocr,qwen,7,0,0,0,7,0.0,0.0,0.0,0,,,,,40.125194999,1
gestion_2024-02-16_1,34,none,,niblack,docling_rapidocr,qwen,7,0,0,0,7,0.0,0.0,0.0,0,,,,,10.500249835,1
gestion_2024-02-16_1,34,none,,none_color,docling_easyocr,qwen,7,1,0,1,7,0.0,0.0,0.0,1,0.0,0.0,0.8157894736842105,0.9642857142857143,42.421895509,0
gestion_2024-02-16_1,34,none,,none_color,docling_rapidocr,qwen,7,4,1,3,6,0.25,0.142857,0.181818,3,0.6447993202379168,1.0555555555555556,0.6309514272744265,0.6767399267399267,13.348907953,0
gestion_2024-02-16_1,34,none,,none_grayscale,docling_easyocr,qwen,7,2,0,2,7,0.0,0.0,0.0,2,0.0,0.0,0.8382400064087159,0.9910714285714286,40.507836109,0
gestion_2024-02-16_1,34,none,,none_grayscale,docling_rapidocr,qwen,7,7,6,1,1,0.857143,0.857143,0.857143,7,0.734323008295611,0.8214285714285714,0.22946063789611015,0.29532967032967034,13.3039043,0
gestion_2024-02-16_1,34,none,,otsu,docling_easyocr,qwen,7,1,0,1,7,0.0,0.0,0.0,1,0.0,0.0,0.8304093567251462,0.9642857142857143,48.320976335,0
gestion_2024-02-16_1,34,none,,otsu,docling_rapidocr,qwen,7,3,0,3,7,0.0,0.0,0.0,3,0.0136986301369863,0.1111111111111111,0.9330556223130123,0.9821428571428571,12.53924759,0
gestion_2024-02-16_1,35,none,,adaptive_gaussian,docling_easyocr,qwen,7,1,1,0,6,1.0,0.142857,0.25,1,0.7727272727272727,1.0,0.0,0.0,40.596467168,0
gestion_2024-02-16_1,35,none,,adaptive_gaussian,docling_rapidocr,qwen,7,0,0,0,7,0.0,0.0,0.0,0,,,,,10.396504552,1
gestion_2024-02-16_1,35,none,,adaptive_mean,docling_easyocr,qwen,7,0,0,0,7,0.0,0.0,0.0,0,,,,,40.234207542,1
gestion_2024-02-16_1,35,none,,adaptive_mean,docling_rapidocr,qwen,7,0,0,0,7,0.0,0.0,0.0,0,,,,,10.36005059,1
gestion_2024-02-16_1,35,none,,basic,docling_easyocr,qwen,7,0,0,0,7,0.0,0.0,0.0,0,,,,,41.089019065,1
gestion_2024-02-16_1,35,none,,basic,docling_rapidocr,qwen,7,0,0,0,7,0.0,0.0,0.0,0,,,,,10.34131599,1
gestion_2024-02-16_1,35,none,,niblack,docling_easyocr,qwen,7,0,0,0,7,0.0,0.0,0.0,0,,,,,39.63131282,1
gestion_2024-02-16_1,35,none,,niblack,docling_rapidocr,qwen,7,0,0,0,7,0.0,0.0,0.0,0,,,,,10.53313348,1
gestion_2024-02-16_1,35,none,,none_color,docling_easyocr,qwen,7,0,0,0,7,0.0,0.0,0.0,0,,,,,45.136371379,1
gestion_2024-02-16_1,35,none,,none_color,docling_rapidocr,qwen,7,1,0,1,7,0.0,0.0,0.0,1,1.0,1.5,0.9093567251461988,1.0,12.063515907,0
gestion_2024-02-16_1,35,none,,none_grayscale,docling_easyocr,qwen,7,0,0,0,7,0.0,0.0,0.0,0,,,,,46.454195266,1
gestion_2024-02-16_1,35,none,,none_grayscale,docling_rapidocr,qwen,7,2,0,2,7,0.0,0.0,0.0,2,0.42592592592592593,0.5,1.519406392694064,1.7424450549450547,12.165852075,0
gestion_2024-02-16_1,35,none,,otsu,docling_easyocr,qwen,7,2,2,0,5,1.0,0.285714,0.444444,2,0.8863636363636364,1.25,0.0,0.0,46.076079612,0
gestion_2024-02-16_1,35,none,,otsu,docling_rapidocr,qwen,7,0,0,0,7,0.0,0.0,0.0,0,,,,,11.57755447,1
gestion_2024-02-16_1,36,none,,adaptive_gaussian,docling_easyocr,qwen,7,0,0,0,7,0.0,0.0,0.0,0,,,,,41.775432426,1
gestion_2024-02-16_1,36,none,,adaptive_gaussian,docling_rapidocr,qwen,7,0,0,0,7,0.0,0.0,0.0,0,,,,,10.432391244,1
gestion_2024-02-16_1,36,none,,adaptive_mean,docling_easyocr,qwen,7,0,0,0,7,0.0,0.0,0.0,0,,,,,40.824334699,1
gestion_2024-02-16_1,36,none,,adaptive_mean,docling_rapidocr,qwen,7,0,0,0,7,0.0,0.0,0.0,0,,,,,10.400276977,1
gestion_2024-02-16_1,36,none,,basic,docling_easyocr,qwen,7,0,0,0,7,0.0,0.0,0.0,0,,,,,36.37360876,1
gestion_2024-02-16_1,36,none,,basic,docling_rapidocr,qwen,7,1,0,1,7,0.0,0.0,0.0,1,0.0,0.0,0.9707602339181286,1.0,10.364524774,0
gestion_2024-02-16_1,36,none,,niblack,docling_easyocr,qwen,7,0,0,0,7,0.0,0.0,0.0,0,,,,,40.179278108,1
gestion_2024-02-16_1,36,none,,niblack,docling_rapidocr,qwen,7,0,0,0,7,0.0,0.0,0.0,0,,,,,8.77380726,1
gestion_2024-02-16_1,36,none,,none_color,docling_easyocr,qwen,7,0,0,0,7,0.0,0.0,0.0,0,,,,,44.546865634,1
gestion_2024-02-16_1,36,none,,none_color,docling_rapidocr,qwen,7,1,0,1,7,0.0,0.0,0.0,1,0.8333333333333334,1.0,0.7534246575342466,1.0,11.268399648,0
gestion_2024-02-16_1,36,none,,none_grayscale,docling_easyocr,qwen,7,0,0,0,7,0.0,0.0,0.0,0,,,,,44.320933513,1
gestion_2024-02-16_1,36,none,,none_grayscale,docling_rapidocr,qwen,7,4,1,3,6,0.25,0.142857,0.181818,4,0.2824074074074074,0.38636363636363635,0.7277697668829608,0.8430631868131868,12.659692459,2
gestion_2024-02-16_1,36,none,,otsu,docling_easyocr,qwen,7,0,0,0,7,0.0,0.0,0.0,0,,,,,47.72083426,1
gestion_2024-02-16_1,36,none,,otsu,docling_rapidocr,qwen,7,0,0,0,7,0.0,0.0,0.0,0,,,,,12.169001823,1
gestion_2024-02-16_1,37,none,,adaptive_gaussian,docling_easyocr,qwen,7,0,0,0,7,0.0,0.0,0.0,0,,,,,38.357104928,1
gestion_2024-02-16_1,37,none,,adaptive_gaussian,docling_rapidocr,qwen,7,1,0,1,7,0.0,0.0,0.0,1,0.0,0.0,0.9824561403508771,1.0,9.637653024,0
gestion_2024-02-16_1,37,none,,adaptive_mean,docling_easyocr,qwen,7,0,0,0,7,0.0,0.0,0.0,0,,,,,36.667190463,1
gestion_2024-02-16_1,37,none,,adaptive_mean,docling_rapidocr,qwen,7,0,0,0,7,0.0,0.0,0.0,0,,,,,10.163739593,1
gestion_2024-02-16_1,37,none,,basic,docling_easyocr,qwen,7,0,0,0,7,0.0,0.0,0.0,0,,,,,49.819222455,1
gestion_2024-02-16_1,37,none,,basic,docling_rapidocr,qwen,7,0,0,0,7,0.0,0.0,0.0,0,,,,,12.55706883,1
gestion_2024-02-16_1,37,none,,niblack,docling_easyocr,qwen,7,0,0,0,7,0.0,0.0,0.0,0,,,,,40.09131715,1
gestion_2024-02-16_1,37,none,,niblack,docling_rapidocr,qwen,7,0,0,0,7,0.0,0.0,0.0,0,,,,,8.447378131,1
gestion_2024-02-16_1,37,none,,none_color,docling_easyocr,qwen,7,0,0,0,7,0.0,0.0,0.0,0,,,,,41.312121635,1
gestion_2024-02-16_1,37,none,,none_color,docling_rapidocr,qwen,7,0,0,0,7,0.0,0.0,0.0,0,,,,,13.716338878,1
gestion_2024-02-16_1,37,none,,none_grayscale,docling_easyocr,qwen,7,0,0,0,7,0.0,0.0,0.0,0,,,,,47.281234031,1
gestion_2024-02-16_1,37,none,,none_grayscale,docling_rapidocr,qwen,7,0,0,0,7,0.0,0.0,0.0,0,,,,,13.747471338,1
gestion_2024-02-16_1,37,none,,otsu,docling_easyocr,qwen,7,0,0,0,7,0.0,0.0,0.0,0,,,,,42.54179247,1
gestion_2024-02-16_1,37,none,,otsu,docling_rapidocr,qwen,7,0,0,0,7,0.0,0.0,0.0,0,,,,,11.495397884,1
gestion_2024-02-16_1,38,none,,adaptive_gaussian,docling_easyocr,qwen,7,1,1,0,6,1.0,0.142857,0.25,1,0.9473684210526315,1.0,0.0,0.0,42.018885511,0
gestion_2024-02-16_1,38,none,,adaptive_gaussian,docling_rapidocr,qwen,7,0,0,0,7,0.0,0.0,0.0,0,,,,,10.156634707,1
gestion_2024-02-16_1,38,none,,adaptive_mean,docling_easyocr,qwen,7,0,0,0,7,0.0,0.0,0.0,0,,,,,40.795425076,1
gestion_2024-02-16_1,38,none,,adaptive_mean,docling_rapidocr,qwen,7,0,0,0,7,0.0,0.0,0.0,0,,,,,10.594992775,1
gestion_2024-02-16_1,38,none,,basic,docling_easyocr,qwen,7,0,0,0,7,0.0,0.0,0.0,0,,,,,39.989092342,1
gestion_2024-02-16_1,38,none,,basic,docling_rapidocr,qwen,7,0,0,0,7,0.0,0.0,0.0,0,,,,,9.585467093,1
gestion_2024-02-16_1,38,none,,niblack,docling_easyocr,qwen,7,0,0,0,7,0.0,0.0,0.0,0,,,,,35.68837336,1
gestion_2024-02-16_1,38,none,,niblack,docling_rapidocr,qwen,7,0,0,0,7,0.0,0.0,0.0,0,,,,,8.656531366,1
gestion_2024-02-16_1,38,none,,none_color,docling_easyocr,qwen,7,0,0,0,7,0.0,0.0,0.0,0,,,,,44.058537714,1
gestion_2024-02-16_1,38,none,,none_color,docling_rapidocr,qwen,7,5,3,2,4,0.6,0.428571,0.5,5,0.6402564457358977,0.8136363636363637,0.29848594087959623,0.3821428571428571,10.760546438,0
gestion_2024-02-16_1,38,none,,none_grayscale,docling_easyocr,qwen,7,0,0,0,7,0.0,0.0,0.0,0,,,,,39.792715542,1
gestion_2024-02-16_1,38,none,,none_grayscale,docling_rapidocr,qwen,7,6,4,2,3,0.666667,0.571429,0.615385,6,0.7002137047799147,0.8446969696969697,0.24645517904349915,0.31845238095238093,12.187076799,0
gestion_2024-02-16_1,38,none,,otsu,docling_easyocr,qwen,7,0,0,0,7,0.0,0.0,0.0,0,,,,,39.716953508,1
gestion_2024-02-16_1,38,none,,otsu,docling_rapidocr,qwen,7,0,0,0,7,0.0,0.0,0.0,0,,,,,11.974580757,1
gestion_2024-02-16_1,39,none,,adaptive_gaussian,docling_easyocr,qwen,7,1,1,0,6,1.0,0.142857,0.25,1,0.7727272727272727,1.0,0.0,0.0,50.856035496,0
gestion_2024-02-16_1,39,none,,adaptive_gaussian,docling_rapidocr,qwen,7,0,0,0,7,0.0,0.0,0.0,0,,,,,15.367830063,1
gestion_2024-02-16_1,39,none,,adaptive_mean,docling_easyocr,qwen,7,0,0,0,7,0.0,0.0,0.0,0,,,,,47.400692249,1
gestion_2024-02-16_1,39,none,,adaptive_mean,docling_rapidocr,qwen,7,0,0,0,7,0.0,0.0,0.0,0,,,,,14.304163719,1
gestion_2024-02-16_1,39,none,,basic,docling_easyocr,qwen,7,0,0,0,7,0.0,0.0,0.0,0,,,,,49.147934317,1
gestion_2024-02-16_1,39,none,,basic,docling_rapidocr,qwen,7,0,0,0,7,0.0,0.0,0.0,0,,,,,19.031727671,1
gestion_2024-02-16_1,39,none,,niblack,docling_easyocr,qwen,7,0,0,0,7,0.0,0.0,0.0,0,,,,,45.912653605,1
gestion_2024-02-16_1,39,none,,niblack,docling_rapidocr,qwen,7,0,0,0,7,0.0,0.0,0.0,0,,,,,15.734160105,1
gestion_2024-02-16_1,39,none,,none_color,docling_easyocr,qwen,7,5,4,1,3,0.8,0.571429,0.666667,5,0.5297218762972188,0.5848484848484848,0.16727549467275496,0.22142857142857145,54.205551981,0
gestion_2024-02-16_1,39,none,,none_color,docling_rapidocr,qwen,7,7,1,6,6,0.142857,0.142857,0.142857,6,0.26346801346801346,0.2916666666666667,0.8093473791022457,0.7909798534798534,20.215857147,0
gestion_2024-02-16_1,39,none,,none_grayscale,docling_easyocr,qwen,7,4,3,1,4,0.75,0.428571,0.545455,4,0.6515151515151515,0.6875,0.21640430986141151,0.27232142857142855,54.703537344,0
gestion_2024-02-16_1,39,none,,none_grayscale,docling_rapidocr,qwen,7,0,0,0,7,0.0,0.0,0.0,0,,,,,19.17775762,4
gestion_2024-02-16_1,39,none,,otsu,docling_easyocr,qwen,7,0,0,0,7,0.0,0.0,0.0,0,,,,,49.205750656,1
gestion_2024-02-16_1,39,none,,otsu,docling_rapidocr,qwen,7,2,1,1,6,0.5,0.142857,0.222222,2,0.0,0.0,0.7032163742690059,0.7767857142857143,19.021709394,0
gestion_2024-02-16_1,40,none,,adaptive_gaussian,docling_easyocr,qwen,7,0,0,0,7,0.0,0.0,0.0,0,,,,,51.712724356,1
gestion_2024-02-16_1,40,none,,adaptive_gaussian,docling_rapidocr,qwen,7,0,0,0,7,0.0,0.0,0.0,0,,,,,16.434192089,1
gestion_2024-02-16_1,40,none,,adaptive_mean,docling_easyocr,qwen,7,1,0,1,7,0.0,0.0,0.0,1,0.0,0.0,0.9970760233918129,1.0,50.073377279,0
gestion_2024-02-16_1,40,none,,adaptive_mean,docling_rapidocr,qwen,7,0,0,0,7,0.0,0.0,0.0,0,,,,,16.085939793,1
gestion_2024-02-16_1,40,none,,basic,docling_easyocr,qwen,7,1,0,1,7,0.0,0.0,0.0,1,0.0,0.0,0.7105263157894737,0.7321428571428571,54.291077616,0
gestion_2024-02-16_1,40,none,,basic,docling_rapidocr,qwen,7,5,0,5,7,0.0,0.0,0.0,5,0.34074074074074073,0.46818181818181814,0.9184651125530723,0.9664835164835164,18.796619417,0
gestion_2024-02-16_1,40,none,,niblack,docling_easyocr,qwen,7,0,0,0,7,0.0,0.0,0.0,0,,,,,40.383608383,1
gestion_2024-02-16_1,40,none,,niblack,docling_rapidocr,qwen,7,0,0,0,7,0.0,0.0,0.0,0,,,,,15.266453308,1
gestion_2024-02-16_1,40,none,,none_color,docling_easyocr,qwen,7,4,3,1,4,0.75,0.428571,0.545455,4,0.662037037037037,0.7329545454545454,0.2598433870063286,0.27541208791208793,54.661808254,0
gestion_2024-02-16_1,40,none,,none_color,docling_rapidocr,qwen,7,6,2,4,5,0.333333,0.285714,0.307692,4,0.1590909090909091,0.1875,0.5063486341424337,0.5281593406593407,20.503689053,0
gestion_2024-02-16_1,40,none,,none_grayscale,docling_easyocr,qwen,7,3,2,1,5,0.666667,0.285714,0.4,3,0.5241301907968574,0.6666666666666666,0.4471547971908462,0.4803113553113554,54.865490438,0
gestion_2024-02-16_1,40,none,,none_grayscale,docling_rapidocr,qwen,7,0,0,0,7,0.0,0.0,0.0,0,,,,,19.386669399,6
gestion_2024-02-16_1,40,none,,otsu,docling_easyocr,qwen,7,2,0,2,7,0.0,0.0,0.0,2,0.0,0.0,0.9687775374509333,1.1119505494505495,54.334378317,0
gestion_2024-02-16_1,40,none,,otsu,docling_rapidocr,qwen,7,3,1,2,6,0.333333,0.142857,0.2,3,0.30246913580246915,0.3333333333333333,0.7313412908221849,0.7898351648351648,19.015528038,0
gestion_2024-02-16_1,41,none,,adaptive_gaussian,docling_easyocr,qwen,7,2,2,0,5,1.0,0.285714,0.444444,2,0.8863636363636364,1.0,0.0,0.0,49.437658957,0
gestion_2024-02-16_1,41,none,,adaptive_gaussian,docling_rapidocr,qwen,7,0,0,0,7,0.0,0.0,0.0,0,,,,,16.760273865,1
gestion_2024-02-16_1,41,none,,adaptive_mean,docling_easyocr,qwen,7,0,0,0,7,0.0,0.0,0.0,0,,,,,46.81381624,1
gestion_2024-02-16_1,41,none,,adaptive_mean,docling_rapidocr,qwen,7,0,0,0,7,0.0,0.0,0.0,0,,,,,15.770803621,1
gestion_2024-02-16_1,41,none,,basic,docling_easyocr,qwen,7,0,0,0,7,0.0,0.0,0.0,0,,,,,51.958908106,1
gestion_2024-02-16_1,41,none,,basic,docling_rapidocr,qwen,7,0,0,0,7,0.0,0.0,0.0,0,,,,,18.650273586,1
gestion_2024-02-16_1,41,none,,niblack,docling_easyocr,qwen,7,0,0,0,7,0.0,0.0,0.0,0,,,,,41.108001059,1
gestion_2024-02-16_1,41,none,,niblack,docling_rapidocr,qwen,7,0,0,0,7,0.0,0.0,0.0,0,,,,,14.786453312,1
gestion_2024-02-16_1,41,none,,none_color,docling_easyocr,qwen,7,5,4,1,3,0.8,0.571429,0.666667,5,0.7205387205387205,0.7863636363636364,0.2715533125050068,0.3142857142857143,54.425778414,0
gestion_2024-02-16_1,41,none,,none_color,docling_rapidocr,qwen,7,3,1,2,6,0.333333,0.142857,0.2,3,0.3247863247863248,0.3333333333333333,0.6628080856631685,0.6295787545787546,17.780076767,0
gestion_2024-02-16_1,41,none,,none_grayscale,docling_easyocr,qwen,7,5,4,1,3,0.8,0.571429,0.666667,5,0.7205387205387205,0.7863636363636364,0.2715533125050068,0.3142857142857143,48.389754559,0
gestion_2024-02-16_1,41,none,,none_grayscale,docling_rapidocr,qwen,7,3,1,2,6,0.333333,0.142857,0.2,3,0.3247863247863248,0.3333333333333333,0.6628080856631685,0.6295787545787546,19.085744167,0
gestion_2024-02-16_1,41,none,,otsu,docling_easyocr,qwen,7,1,0,1,7,0.0,0.0,0.0,1,0.0,0.0,0.8801169590643275,0.9642857142857143,53.651003147,0
gestion_2024-02-16_1,41,none,,otsu,docling_rapidocr,qwen,7,3,1,2,6,0.333333,0.142857,0.2,3,0.3236935565702689,0.4444444444444444,0.7287243985153141,0.8333333333333334,18.920848394,0
gestion_2024-02-16_1,42,none,,adaptive_gaussian,docling_easyocr,qwen,7,0,0,0,7,0.0,0.0,0.0,0,,,,,42.9888431,1
gestion_2024-02-16_1,42,none,,adaptive_gaussian,docling_rapidocr,qwen,7,0,0,0,7,0.0,0.0,0.0,0,,,,,9.718750612,1
gestion_2024-02-16_1,42,none,,adaptive_mean,docling_easyocr,qwen,7,0,0,0,7,0.0,0.0,0.0,0,,,,,43.92583956,1
gestion_2024-02-16_1,42,none,,adaptive_mean,docling_rapidocr,qwen,7,0,0,0,7,0.0,0.0,0.0,0,,,,,8.684602396,1
gestion_2024-02-16_1,42,none,,basic,docling_easyocr,qwen,7,0,0,0,7,0.0,0.0,0.0,0,,,,,48.50983428,1
gestion_2024-02-16_1,42,none,,basic,docling_rapidocr,qwen,7,0,0,0,7,0.0,0.0,0.0,0,,,,,12.146002522,1
gestion_2024-02-16_1,42,none,,none_color,docling_easyocr,qwen,7,2,1,1,6,0.5,0.142857,0.222222,2,0.19090270460133474,0.375,0.44005847953216376,0.48214285714285715,47.661139717,0
gestion_2024-02-16_1,42,none,,none_color,docling_rapidocr,qwen,7,0,0,0,7,0.0,0.0,0.0,0,,,,,13.912952891,1
gestion_2024-02-16_1,42,none,,none_grayscale,docling_easyocr,qwen,7,2,1,1,6,0.5,0.142857,0.222222,2,0.3916083916083916,0.5833333333333334,0.4342105263157895,0.44642857142857145,41.800852289,0
gestion_2024-02-16_1,42,none,,none_grayscale,docling_rapidocr,qwen,7,5,2,3,5,0.4,0.285714,0.333333,5,0.12727272727272726,0.15,0.8177921973884483,0.8178571428571428,13.955227127,0
gestion_2024-02-16_1,42,none,,otsu,docling_easyocr,qwen,7,1,0,1,7,0.0,0.0,0.0,1,0.0,0.0,0.9239766081871345,0.9642857142857143,48.328234974,0
gestion_2024-02-16_1,42,none,,otsu,docling_rapidocr,qwen,7,1,0,1,7,0.0,0.0,0.0,1,0.0,0.0,0.6345029239766082,0.6785714285714286,13.573420826,0
gestion_2024-02-16_1,43,none,,adaptive_gaussian,docling_easyocr,qwen,7,0,0,0,7,0.0,0.0,0.0,0,,,,,41.015356915,1
gestion_2024-02-16_1,43,none,,adaptive_gaussian,docling_rapidocr,qwen,7,0,0,0,7,0.0,0.0,0.0,0,,,,,9.660825865,1
gestion_2024-02-16_1,43,none,,adaptive_mean,docling_easyocr,qwen,7,0,0,0,7,0.0,0.0,0.0,0,,,,,40.480983631,1
gestion_2024-02-16_1,43,none,,adaptive_mean,docling_rapidocr,qwen,7,0,0,0,7,0.0,0.0,0.0,0,,,,,8.916222231,1
gestion_2024-02-16_1,43,none,,basic,docling_easyocr,qwen,7,0,0,0,7,0.0,0.0,0.0,0,,,,,48.361383906,1
gestion_2024-02-16_1,43,none,,basic,docling_rapidocr,qwen,7,0,0,0,7,0.0,0.0,0.0,0,,,,,12.612541189,1
gestion_2024-02-16_1,43,none,,none_color,docling_easyocr,qwen,7,1,0,1,7,0.0,0.0,0.0,1,0.7592592592592593,1.0,0.7397260273972602,0.9230769230769231,47.967564097,0
gestion_2024-02-16_1,43,none,,none_color,docling_rapidocr,qwen,7,5,3,2,4,0.6,0.428571,0.5,4,0.7622053872053872,0.8125,0.30197068012496997,0.3705357142857143,13.498341074,0
gestion_2024-02-16_1,43,none,,none_grayscale,docling_easyocr,qwen,7,0,0,0,7,0.0,0.0,0.0,0,,,,,48.880055657,1
gestion_2024-02-16_1,43,none,,none_grayscale,docling_rapidocr,qwen,7,0,0,0,7,0.0,0.0,0.0,0,,,,,13.519228211,4
gestion_2024-02-16_1,43,none,,otsu,docling_easyocr,qwen,7,1,1,0,6,1.0,0.142857,0.25,1,0.7727272727272727,1.0,0.0,0.0,42.009634796,0
gestion_2024-02-16_1,43,none,,otsu,docling_rapidocr,qwen,7,0,0,0,7,0.0,0.0,0.0,0,,,,,13.681586805,1
gestion_2024-02-16_1,44,none,,adaptive_gaussian,docling_easyocr,qwen,7,0,0,0,7,0.0,0.0,0.0,0,,,,,42.55100128,1
gestion_2024-02-16_1,44,none,,adaptive_gaussian,docling_rapidocr,qwen,7,0,0,0,7,0.0,0.0,0.0,0,,,,,8.313655823,1
gestion_2024-02-16_1,44,none,,adaptive_mean,docling_easyocr,qwen,7,0,0,0,7,0.0,0.0,0.0,0,,,,,39.620924608,1
gestion_2024-02-16_1,44,none,,adaptive_mean,docling_rapidocr,qwen,7,0,0,0,7,0.0,0.0,0.0,0,,,,,10.271070854,1
gestion_2024-02-16_1,44,none,,basic,docling_easyocr,qwen,7,0,0,0,7,0.0,0.0,0.0,0,,,,,48.570110146,1
gestion_2024-02-16_1,44,none,,basic,docling_rapidocr,qwen,7,0,0,0,7,0.0,0.0,0.0,0,,,,,12.987467352,1
gestion_2024-02-16_1,44,none,,none_color,docling_easyocr,qwen,7,2,0,2,7,0.0,0.0,0.0,2,0.01282051282051282,0.08333333333333333,0.7851478010093728,0.9285714285714286,43.295484606,0
gestion_2024-02-16_1,44,none,,none_color,docling_rapidocr,qwen,7,4,1,3,6,0.25,0.142857,0.181818,3,0.0,0.0,0.7529440038452296,0.8035714285714285,11.591475832,3
gestion_2024-02-16_1,44,none,,none_grayscale,docling_easyocr,qwen,7,2,0,2,7,0.0,0.0,0.0,2,0.01282051282051282,0.08333333333333333,0.7851478010093728,0.9285714285714286,42.368788067,0
gestion_2024-02-16_1,44,none,,none_grayscale,docling_rapidocr,qwen,7,0,0,0,7,0.0,0.0,0.0,0,,,,,13.488612476,4
gestion_2024-02-16_1,44,none,,otsu,docling_easyocr,qwen,7,0,0,0,7,0.0,0.0,0.0,0,,,,,48.596294228,1
gestion_2024-02-16_1,44,none,,otsu,docling_rapidocr,qwen,7,2,1,1,6,0.5,0.142857,0.222222,2,0.0,0.0,0.42595930465432985,0.5625,13.387149874,0
gestion_2024-02-16_1,45,none,,adaptive_gaussian,docling_easyocr,qwen,7,0,0,0,7,0.0,0.0,0.0,0,,,,,40.801169819,1
gestion_2024-02-16_1,45,none,,adaptive_gaussian,docling_rapidocr,qwen,7,0,0,0,7,0.0,0.0,0.0,0,,,,,9.161092228,1
gestion_2024-02-16_1,45,none,,adaptive_mean,docling_easyocr,qwen,7,0,0,0,7,0.0,0.0,0.0,0,,,,,35.775630182,1
gestion_2024-02-16_1,45,none,,adaptive_mean,docling_rapidocr,qwen,7,0,0,0,7,0.0,0.0,0.0,0,,,,,10.026806778,1
gestion_2024-02-16_1,45,none,,basic,docling_easyocr,qwen,7,0,0,0,7,0.0,0.0,0.0,0,,,,,34.316086332,1
gestion_2024-02-16_1,45,none,,basic,docling_rapidocr,qwen,7,0,0,0,7,0.0,0.0,0.0,0,,,,,8.754820625,1
gestion_2024-02-16_1,45,none,,niblack,docling_easyocr,qwen,7,0,0,0,7,0.0,0.0,0.0,0,,,,,39.698183783,1
gestion_2024-02-16_1,45,none,,none_color,docling_easyocr,qwen,7,0,0,0,7,0.0,0.0,0.0,0,,,,,35.015140097,1
gestion_2024-02-16_1,45,none,,none_grayscale,docling_easyocr,qwen,7,0,0,0,7,0.0,0.0,0.0,0,,,,,39.878577749,1
gestion_2024-02-16_1,45,none,,otsu,docling_easyocr,qwen,7,0,0,0,7,0.0,0.0,0.0,0,,,,,33.730096142,1
gestion_2024-02-16_1,45,none,,otsu,docling_rapidocr,qwen,7,0,0,0,7,0.0,0.0,0.0,0,,,,,10.074703257,1
gestion_2024-02-16_1,45,none,,yannihorne,docling_easyocr,qwen,7,0,0,0,7,0.0,0.0,0.0,0,,,,,38.676499645,1
gestion_2024-02-16_1,45,none,,yannihorne,docling_rapidocr,qwen,7,0,0,0,7,0.0,0.0,0.0,0,,,,,9.46536545,1
gestion_2024-02-16_1,46,none,,adaptive_gaussian,docling_easyocr,qwen,7,0,0,0,7,0.0,0.0,0.0,0,,,,,40.504717269,1
gestion_2024-02-16_1,46,none,,adaptive_gaussian,docling_rapidocr,qwen,7,0,0,0,7,0.0,0.0,0.0,0,,,,,10.978402533,1
gestion_2024-02-16_1,46,none,,adaptive_mean,docling_easyocr,qwen,7,0,0,0,7,0.0,0.0,0.0,0,,,,,39.733473458,1
gestion_2024-02-16_1,46,none,,adaptive_mean,docling_rapidocr,qwen,7,0,0,0,7,0.0,0.0,0.0,0,,,,,9.809281745,1
gestion_2024-02-16_1,46,none,,basic,docling_easyocr,qwen,7,0,0,0,7,0.0,0.0,0.0,0,,,,,33.71931125,1
gestion_2024-02-16_1,46,none,,basic,docling_rapidocr,qwen,7,0,0,0,7,0.0,0.0,0.0,0,,,,,9.562631381,1
gestion_2024-02-16_1,46,none,,none_color,docling_easyocr,qwen,7,0,0,0,7,0.0,0.0,0.0,0,,,,,35.398656857,1
gestion_2024-02-16_1,46,none,,none_grayscale,docling_easyocr,qwen,7,0,0,0,7,0.0,0.0,0.0,0,,,,,39.947293532,1
gestion_2024-02-16_1,46,none,,otsu,docling_easyocr,qwen,7,0,0,0,7,0.0,0.0,0.0,0,,,,,39.527749312,1
gestion_2024-02-16_1,46,none,,otsu,docling_rapidocr,qwen,7,0,0,0,7,0.0,0.0,0.0,0,,,,,10.346769822,1
gestion_2024-02-16_1,47,none,,adaptive_gaussian,docling_easyocr,qwen,7,0,0,0,7,0.0,0.0,0.0,0,,,,,36.707670369,1
gestion_2024-02-16_1,47,none,,adaptive_gaussian,docling_rapidocr,qwen,7,0,0,0,7,0.0,0.0,0.0,0,,,,,9.901491084,1
gestion_2024-02-16_1,47,none,,adaptive_mean,docling_easyocr,qwen,7,0,0,0,7,0.0,0.0,0.0,0,,,,,34.532997765,1
gestion_2024-02-16_1,47,none,,adaptive_mean,docling_rapidocr,qwen,7,0,0,0,7,0.0,0.0,0.0,0,,,,,10.604435124,1
gestion_2024-02-16_1,47,none,,basic,docling_easyocr,qwen,7,0,0,0,7,0.0,0.0,0.0,0,,,,,38.534515155,1
gestion_2024-02-16_1,47,none,,basic,docling_rapidocr,qwen,7,0,0,0,7,0.0,0.0,0.0,0,,,,,9.891324771,1
gestion_2024-02-16_1,47,none,,niblack,docling_easyocr,qwen,7,0,0,0,7,0.0,0.0,0.0,0,,,,,39.588487035,1
gestion_2024-02-16_1,47,none,,none_color,docling_easyocr,qwen,7,0,0,0,7,0.0,0.0,0.0,0,,,,,39.421863091,1
gestion_2024-02-16_1,47,none,,none_grayscale,docling_easyocr,qwen,7,0,0,0,7,0.0,0.0,0.0,0,,,,,39.770868552,1
gestion_2024-02-16_1,47,none,,otsu,docling_easyocr,qwen,7,0,0,0,7,0.0,0.0,0.0,0,,,,,34.855705274,1
gestion_2024-02-16_1,47,none,,otsu,docling_rapidocr,qwen,7,0,0,0,7,0.0,0.0,0.0,0,,,,,10.053947938,1
gestion_2024-02-16_1,47,none,,yannihorne,docling_easyocr,qwen,7,0,0,0,7,0.0,0.0,0.0,0,,,,,37.66450454,1
gestion_2024-02-16_1,47,none,,yannihorne,docling_rapidocr,qwen,7,0,0,0,7,0.0,0.0,0.0,0,,,,,9.553346169,1
gestion_2024-02-16_1,48,none,,adaptive_gaussian,docling_easyocr,qwen,7,1,1,0,6,1.0,0.142857,0.25,1,0.7727272727272727,1.0,0.0,0.0,51.855626332,0
gestion_2024-02-16_1,48,none,,adaptive_gaussian,docling_rapidocr,qwen,7,0,0,0,7,0.0,0.0,0.0,0,,,,,26.027585256,1
gestion_2024-02-16_1,48,none,,adaptive_mean,docling_easyocr,qwen,7,0,0,0,7,0.0,0.0,0.0,0,,,,,54.981521594,1
gestion_2024-02-16_1,48,none,,adaptive_mean,docling_rapidocr,qwen,7,0,0,0,7,0.0,0.0,0.0,0,,,,,25.688243138,1
gestion_2024-02-16_1,48,none,,basic,docling_easyocr,qwen,7,0,0,0,7,0.0,0.0,0.0,0,,,,,56.094462237,1
gestion_2024-02-16_1,48,none,,basic,docling_rapidocr,qwen,7,1,0,1,7,0.0,0.0,0.0,1,0.0,0.0,0.9970760233918129,1.0,25.759489856,0
gestion_2024-02-16_1,48,none,,niblack,docling_easyocr,qwen,7,0,0,0,7,0.0,0.0,0.0,0,,,,,51.416353585,1
gestion_2024-02-16_1,48,none,,niblack,docling_rapidocr,qwen,7,0,0,0,7,0.0,0.0,0.0,0,,,,,24.342985036,1
gestion_2024-02-16_1,48,none,,none_color,docling_easyocr,qwen,7,0,0,0,7,0.0,0.0,0.0,0,,,,,57.184974513,1
gestion_2024-02-16_1,48,none,,none_color,docling_rapidocr,qwen,7,4,3,1,4,0.75,0.428571,0.545455,4,0.7881102915349489,1.0625,0.14546783625730994,0.23660714285714285,27.606045089,0
gestion_2024-02-16_1,48,none,,none_grayscale,docling_easyocr,qwen,7,0,0,0,7,0.0,0.0,0.0,0,,,,,53.055868945,1
gestion_2024-02-16_1,48,none,,none_grayscale,docling_rapidocr,qwen,7,4,3,1,4,0.75,0.428571,0.545455,4,0.7881102915349489,1.0625,0.14546783625730994,0.23660714285714285,27.895440183,0
gestion_2024-02-16_1,48,none,,otsu,docling_easyocr,qwen,7,0,0,0,7,0.0,0.0,0.0,0,,,,,59.371489367,1
gestion_2024-02-16_1,48,none,,otsu,docling_rapidocr,qwen,7,0,0,0,7,0.0,0.0,0.0,0,,,,,26.029863915,1
gestion_2024-02-16_1,49,none,,adaptive_gaussian,docling_easyocr,qwen,7,0,0,0,7,0.0,0.0,0.0,0,,,,,52.347154254,1
gestion_2024-02-16_1,49,none,,adaptive_gaussian,docling_rapidocr,qwen,7,0,0,0,7,0.0,0.0,0.0,0,,,,,24.843363398,1
gestion_2024-02-16_1,49,none,,adaptive_mean,docling_easyocr,qwen,7,0,0,0,7,0.0,0.0,0.0,0,,,,,54.714002412,1
gestion_2024-02-16_1,49,none,,adaptive_mean,docling_rapidocr,qwen,7,1,1,0,6,1.0,0.142857,0.25,1,1.0,1.0,0.0,0.0,25.463734668,0
gestion_2024-02-16_1,49,none,,basic,docling_easyocr,qwen,7,0,0,0,7,0.0,0.0,0.0,0,,,,,60.476070611,1
gestion_2024-02-16_1,49,none,,basic,docling_rapidocr,qwen,7,0,0,0,7,0.0,0.0,0.0,0,,,,,26.3985171,1
gestion_2024-02-16_1,49,none,,niblack,docling_easyocr,qwen,7,0,0,0,7,0.0,0.0,0.0,0,,,,,52.811564931,1
gestion_2024-02-16_1,49,none,,niblack,docling_rapidocr,qwen,7,0,0,0,7,0.0,0.0,0.0,0,,,,,25.081327924,1
gestion_2024-02-16_1,49,none,,none_color,docling_easyocr,qwen,7,0,0,0,7,0.0,0.0,0.0,0,,,,,57.851934878,1
gestion_2024-02-16_1,49,none,,none_color,docling_rapidocr,qwen,7,4,0,4,7,0.0,0.0,0.0,2,0.0,0.0,0.743210766642634,0.9732142857142857,28.1647422,0
gestion_2024-02-16_1,49,none,,none_grayscale,docling_easyocr,qwen,7,0,0,0,7,0.0,0.0,0.0,0,,,,,57.98606774,1
gestion_2024-02-16_1,49,none,,none_grayscale,docling_rapidocr,qwen,7,4,0,4,7,0.0,0.0,0.0,2,0.0,0.0,0.743210766642634,0.9732142857142857,26.46876785,0
gestion_2024-02-16_1,49,none,,otsu,docling_easyocr,qwen,7,0,0,0,7,0.0,0.0,0.0,0,,,,,60.320874183,1
gestion_2024-02-16_1,49,none,,otsu,docling_rapidocr,qwen,7,0,0,0,7,0.0,0.0,0.0,0,,,,,26.877907006,1
gestion_2024-02-16_1,50,none,,adaptive_gaussian,docling_easyocr,qwen,7,0,0,0,7,0.0,0.0,0.0,0,,,,,54.602127389,1
gestion_2024-02-16_1,50,none,,adaptive_gaussian,docling_rapidocr,qwen,7,0,0,0,7,0.0,0.0,0.0,0,,,,,25.1353689,1
gestion_2024-02-16_1,50,none,,adaptive_mean,docling_easyocr,qwen,7,0,0,0,7,0.0,0.0,0.0,0,,,,,53.457850055,1
gestion_2024-02-16_1,50,none,,adaptive_mean,docling_rapidocr,qwen,7,0,0,0,7,0.0,0.0,0.0,0,,,,,25.48823245,1
gestion_2024-02-16_1,50,none,,basic,docling_easyocr,qwen,7,1,1,0,6,1.0,0.142857,0.25,1,0.7727272727272727,1.0,0.0,0.0,53.764622142,0
gestion_2024-02-16_1,50,none,,basic,docling_rapidocr,qwen,7,1,0,1,7,0.0,0.0,0.0,1,0.0,0.0,1.0,1.0,25.19209068,0
gestion_2024-02-16_1,50,none,,niblack,docling_easyocr,qwen,7,0,0,0,7,0.0,0.0,0.0,0,,,,,52.285636302,1
gestion_2024-02-16_1,50,none,,niblack,docling_rapidocr,qwen,7,0,0,0,7,0.0,0.0,0.0,0,,,,,25.131504413,1
gestion_2024-02-16_1,50,none,,none_color,docling_easyocr,qwen,7,0,0,0,7,0.0,0.0,0.0,0,,,,,55.670331647,1
gestion_2024-02-16_1,50,none,,none_color,docling_rapidocr,qwen,7,1,0,1,7,0.0,0.0,0.0,1,0.8148148148148148,1.0,0.726027397260274,1.0,27.654321601,0
gestion_2024-02-16_1,50,none,,none_grayscale,docling_easyocr,qwen,7,0,0,0,7,0.0,0.0,0.0,0,,,,,54.646503379,1
gestion_2024-02-16_1,50,none,,none_grayscale,docling_rapidocr,qwen,7,1,0,1,7,0.0,0.0,0.0,1,0.8148148148148148,1.0,0.726027397260274,1.0,27.475223949,0
gestion_2024-02-16_1,50,none,,otsu,docling_easyocr,qwen,7,0,0,0,7,0.0,0.0,0.0,0,,,,,55.314806392,1
gestion_2024-02-16_1,50,none,,otsu,docling_rapidocr,qwen,7,0,0,0,7,0.0,0.0,0.0,0,,,,,25.782643726,1
gestion_2024-02-16_1,51,none,,adaptive_gaussian,docling_easyocr,qwen,7,0,0,0,7,0.0,0.0,0.0,0,,,,,40.442504182,1
gestion_2024-02-16_1,51,none,,adaptive_gaussian,docling_rapidocr,qwen,7,0,0,0,7,0.0,0.0,0.0,0,,,,,9.360260024,1
gestion_2024-02-16_1,51,none,,adaptive_mean,docling_easyocr,qwen,7,0,0,0,7,0.0,0.0,0.0,0,,,,,39.738130822,1
gestion_2024-02-16_1,51,none,,adaptive_mean,docling_rapidocr,qwen,7,0,0,0,7,0.0,0.0,0.0,0,,,,,8.545146718,1
gestion_2024-02-16_1,51,none,,basic,docling_easyocr,qwen,7,1,0,1,7,0.0,0.0,0.0,1,0.7777777777777778,0.875,1.1369863013698631,1.0769230769230769,40.178023208,0
gestion_2024-02-16_1,51,none,,basic,docling_rapidocr,qwen,7,4,1,3,6,0.25,0.142857,0.181818,4,0.3859427609427609,0.4375,0.8555735800688937,0.9162087912087913,10.664245237,0
gestion_2024-02-16_1,51,none,,niblack,docling_easyocr,qwen,7,0,0,0,7,0.0,0.0,0.0,0,,,,,35.986759023,1
gestion_2024-02-16_1,51,none,,niblack,docling_rapidocr,qwen,7,0,0,0,7,0.0,0.0,0.0,0,,,,,9.133743362,1
gestion_2024-02-16_1,51,none,,none_color,docling_easyocr,qwen,7,3,2,1,5,0.666667,0.285714,0.4,3,0.5241301907968574,0.6666666666666666,0.37948943897033294,0.46428571428571425,42.491789926,0
gestion_2024-02-16_1,51,none,,none_color,docling_rapidocr,qwen,7,5,2,3,5,0.4,0.285714,0.333333,4,0.1590909090909091,0.1875,0.5078106224465273,0.5281593406593407,11.985133756,0
gestion_2024-02-16_1,51,none,,none_grayscale,docling_easyocr,qwen,7,3,2,1,5,0.666667,0.285714,0.4,3,0.5241301907968574,0.6666666666666666,0.2654543512510347,0.36904761904761907,42.444357265,0
gestion_2024-02-16_1,51,none,,none_grayscale,docling_rapidocr,qwen,7,4,1,3,6,0.25,0.142857,0.181818,4,0.3578088578088578,0.4375,0.9311663862853481,0.9124313186813188,12.170226444,2
gestion_2024-02-16_1,51,none,,otsu,docling_easyocr,qwen,7,2,0,2,7,0.0,0.0,0.0,2,0.37037037037037035,0.4375,0.7125090122566691,0.9107142857142857,39.638114156,0
gestion_2024-02-16_1,51,none,,otsu,docling_rapidocr,qwen,7,0,0,0,7,0.0,0.0,0.0,0,,,,,11.938661041,5
gestion_2024-02-16_1,52,none,,adaptive_gaussian,docling_easyocr,qwen,7,0,0,0,7,0.0,0.0,0.0,0,,,,,38.870870221,1
gestion_2024-02-16_1,52,none,,adaptive_gaussian,docling_rapidocr,qwen,7,0,0,0,7,0.0,0.0,0.0,0,,,,,9.489492524,1
gestion_2024-02-16_1,52,none,,adaptive_mean,docling_easyocr,qwen,7,0,0,0,7,0.0,0.0,0.0,0,,,,,39.696362127,1
gestion_2024-02-16_1,52,none,,adaptive_mean,docling_rapidocr,qwen,7,0,0,0,7,0.0,0.0,0.0,0,,,,,9.429345954,1
gestion_2024-02-16_1,52,none,,basic,docling_easyocr,qwen,7,2,0,2,7,0.0,0.0,0.0,2,0.0,0.0,0.7622166145958503,0.9375,38.826130353,0
gestion_2024-02-16_1,52,none,,basic,docling_rapidocr,qwen,7,3,1,2,6,0.333333,0.142857,0.2,3,0.10526315789473684,0.1111111111111111,0.797270955165692,0.8571428571428571,11.657743417,0
gestion_2024-02-16_1,52,none,,niblack,docling_easyocr,qwen,7,0,0,0,7,0.0,0.0,0.0,0,,,,,34.205661062,1
gestion_2024-02-16_1,52,none,,niblack,docling_rapidocr,qwen,7,0,0,0,7,0.0,0.0,0.0,0,,,,,8.818007949,1
gestion_2024-02-16_1,52,none,,none_color,docling_easyocr,qwen,7,3,1,2,6,0.333333,0.142857,0.2,3,0.03508771929824561,0.2222222222222222,1.097826377206334,1.210164835164835,39.703927242,0
gestion_2024-02-16_1,52,none,,none_color,docling_rapidocr,qwen,7,0,0,0,7,0.0,0.0,0.0,0,,,,,11.606923066,5
gestion_2024-02-16_1,52,none,,none_grayscale,docling_easyocr,qwen,7,4,1,3,6,0.25,0.142857,0.181818,4,0.045255183413078146,0.303030303030303,0.8721260914844189,0.9563873626373627,39.483842813,0
gestion_2024-02-16_1,52,none,,none_grayscale,docling_rapidocr,qwen,7,0,0,0,7,0.0,0.0,0.0,0,,,,,11.580721818,7
gestion_2024-02-16_1,52,none,,otsu,docling_easyocr,qwen,7,2,2,0,5,1.0,0.285714,0.444444,2,0.7584175084175084,1.0,0.0,0.0,40.446111238,0
gestion_2024-02-16_1,52,none,,otsu,docling_rapidocr,qwen,7,4,1,3,6,0.25,0.142857,0.181818,4,0.18181818181818182,0.25,0.9266902988063767,0.9144917582417582,11.39814595,0
gestion_2024-02-16_1,53,none,,adaptive_gaussian,docling_easyocr,qwen,7,0,0,0,7,0.0,0.0,0.0,0,,,,,36.947129026,1
gestion_2024-02-16_1,53,none,,adaptive_gaussian,docling_rapidocr,qwen,7,0,0,0,7,0.0,0.0,0.0,0,,,,,8.52751185,1
gestion_2024-02-16_1,53,none,,adaptive_mean,docling_easyocr,qwen,7,0,0,0,7,0.0,0.0,0.0,0,,,,,36.827848853,1
gestion_2024-02-16_1,53,none,,adaptive_mean,docling_rapidocr,qwen,7,0,0,0,7,0.0,0.0,0.0,0,,,,,9.255662622,1
gestion_2024-02-16_1,53,none,,basic,docling_easyocr,qwen,7,0,0,0,7,0.0,0.0,0.0,0,,,,,40.187052596,1
gestion_2024-02-16_1,53,none,,basic,docling_rapidocr,qwen,7,0,0,0,7,0.0,0.0,0.0,0,,,,,11.274304021,1
gestion_2024-02-16_1,53,none,,niblack,docling_easyocr,qwen,7,0,0,0,7,0.0,0.0,0.0,0,,,,,32.604954318,1
gestion_2024-02-16_1,53,none,,niblack,docling_rapidocr,qwen,7,0,0,0,7,0.0,0.0,0.0,0,,,,,8.754754619,1
gestion_2024-02-16_1,53,none,,none_color,docling_easyocr,qwen,7,5,4,1,3,0.8,0.571429,0.666667,5,0.5353996586873299,0.7121212121212122,0.17272290314828165,0.24285714285714283,38.224599708,0
gestion_2024-02-16_1,53,none,,none_color,docling_rapidocr,qwen,7,1,0,1,7,0.0,0.0,0.0,1,0.0,0.0,1.0,1.0,11.88843571,0
gestion_2024-02-16_1,53,none,,none_grayscale,docling_easyocr,qwen,7,5,4,1,3,0.8,0.571429,0.666667,5,0.5353996586873299,0.7121212121212122,0.17272290314828165,0.24285714285714283,40.102903713,0
gestion_2024-02-16_1,53,none,,none_grayscale,docling_rapidocr,qwen,7,1,0,1,7,0.0,0.0,0.0,1,0.0,0.0,1.0,1.0,11.333165277,0
gestion_2024-02-16_1,53,none,,otsu,docling_easyocr,qwen,7,1,0,1,7,0.0,0.0,0.0,1,0.0,0.0,0.7280701754385965,0.9285714285714286,38.901355375,0
gestion_2024-02-16_1,53,none,,otsu,docling_rapidocr,qwen,7,0,0,0,7,0.0,0.0,0.0,0,,,,,11.144782651,5
