2026-06-28 01:50:01,388 [INFO] __main__: Logging in to portal...
2026-06-28 01:50:23,234 [INFO] __main__: Login successful!
2026-06-28 01:50:23,241 [INFO] src.corpus_acquisition.downloader: Skipping elcomercio on 2025-09-15: already crawled successfully.
2026-06-28 01:50:23,242 [INFO] src.corpus_acquisition.downloader: Skipping elcomercio on 2025-09-16: already crawled successfully.
2026-06-28 01:50:23,248 [INFO] src.corpus_acquisition.downloader: Opening archive for elcomercio on 2025-09-17
2026-06-28 01:50:29,224 [INFO] src.corpus_acquisition.downloader: Collected 7 / 60 pages
2026-06-28 01:50:33,380 [INFO] src.corpus_acquisition.downloader: Collected 9 / 60 pages
2026-06-28 01:50:35,463 [INFO] src.corpus_acquisition.downloader: Collected 11 / 60 pages
2026-06-28 01:50:37,550 [INFO] src.corpus_acquisition.downloader: Collected 13 / 60 pages
2026-06-28 01:50:39,638 [INFO] src.corpus_acquisition.downloader: Collected 15 / 60 pages
2026-06-28 01:50:41,736 [INFO] src.corpus_acquisition.downloader: Collected 17 / 60 pages
2026-06-28 01:50:43,812 [INFO] src.corpus_acquisition.downloader: Collected 19 / 60 pages
2026-06-28 01:50:45,904 [INFO] src.corpus_acquisition.downloader: Collected 20 / 60 pages
2026-06-28 01:50:52,191 [WARNING] src.corpus_acquisition.downloader: No new pages found after 3 attempts; stopping with 20 page(s).
2026-06-28 01:50:53,443 [INFO] src.corpus_acquisition.downloader: Page 1 already downloaded, skipping.
2026-06-28 01:50:53,444 [INFO] src.corpus_acquisition.downloader: Downloading page 2 from https://i.prcdn.co/img?file=eaaj2025091700000000001001&page=2&scale=200&ticket=ALLabWinx6mvA%2Bfw60uvhK8%3D
2026-06-28 01:50:55,165 [INFO] src.corpus_acquisition.downloader: Downloading page 3 from https://i.prcdn.co/img?file=eaaj2025091700000000001001&page=3&scale=200&ticket=AL4ckcVWAJ3FyQXD9pjrXkM%3D
2026-06-28 01:50:56,174 [INFO] src.corpus_acquisition.downloader: Downloading page 4 from https://i.prcdn.co/img?file=eaaj2025091700000000001001&page=4&scale=200&ticket=AHVen1fqhmYSY5GvpYuX28g%3D
2026-06-28 01:50:56,740 [INFO] src.corpus_acquisition.downloader: Downloading page 5 from https://i.prcdn.co/img?file=eaaj2025091700000000001001&page=5&scale=200&ticket=APCxkwgUWK%2BzlG5x2WtatDc%3D
2026-06-28 01:50:57,745 [INFO] src.corpus_acquisition.downloader: Downloading page 6 from https://i.prcdn.co/img?file=eaaj2025091700000000001001&page=6&scale=200&ticket=ACjCKIRPZ8Id%2BuyrqwoM9GU%3D
2026-06-28 01:50:58,668 [INFO] src.corpus_acquisition.downloader: Downloading page 7 from https://i.prcdn.co/img?file=eaaj2025091700000000001001&page=7&scale=200&ticket=ANglUjFpWsnPvH5O8DbA02w%3D
2026-06-28 01:50:58,727 [INFO] src.corpus_acquisition.downloader: Downloading page 8 from https://i.prcdn.co/img?file=eaaj2025091700000000001001&page=8&scale=200&ticket=AF6Lqb%2FJE9gY2HZ1kJeTYUA%3D
2026-06-28 01:50:59,540 [INFO] src.corpus_acquisition.downloader: Downloading page 9 from https://i.prcdn.co/img?file=eaaj2025091700000000001001&page=9&scale=200&ticket=AKv3yy6hf6XcWCB1gKzOW3g%3D
2026-06-28 01:50:59,607 [INFO] src.corpus_acquisition.downloader: Downloading page 10 from https://i.prcdn.co/img?file=eaaj2025091700000000001001&page=10&scale=200&ticket=ALjNjSK2mjK19W4W%2FwNwy8I%3D
2026-06-28 01:50:59,667 [INFO] src.corpus_acquisition.downloader: Downloading page 11 from https://i.prcdn.co/img?file=eaaj2025091700000000001001&page=11&scale=200&ticket=AMTBY9nYge%2B5TvtoMVs2OD8%3D
2026-06-28 01:50:59,710 [INFO] src.corpus_acquisition.downloader: Downloading page 12 from https://i.prcdn.co/img?file=eaaj2025091700000000001001&page=12&scale=200&ticket=AH64sVzGAW0x6tUl%2F3YxB14%3D
2026-06-28 01:50:59,751 [INFO] src.corpus_acquisition.downloader: Downloading page 13 from https://i.prcdn.co/img?file=eaaj2025091700000000001001&page=13&scale=200&ticket=ALiMu0%2FfxGnzQRXRcujIBsY%3D
2026-06-28 01:51:00,672 [INFO] src.corpus_acquisition.downloader: Downloading page 14 from https://i.prcdn.co/img?file=eaaj2025091700000000001001&page=14&scale=200&ticket=AOM1V2d1VYehXKvT0PWRzRM%3D
2026-06-28 01:51:01,506 [INFO] src.corpus_acquisition.downloader: Downloading page 15 from https://i.prcdn.co/img?file=eaaj2025091700000000001001&page=15&scale=200&ticket=AGU00JP5uFZoCyiYlKafulY%3D
2026-06-28 01:51:01,560 [INFO] src.corpus_acquisition.downloader: Downloading page 16 from https://i.prcdn.co/img?file=eaaj2025091700000000001001&page=16&scale=200&ticket=AO1y%2BKPgaNn4R%2FLyGY%2Bvoag%3D
2026-06-28 01:51:01,601 [INFO] src.corpus_acquisition.downloader: Downloading page 17 from https://i.prcdn.co/img?file=eaaj2025091700000000001001&page=17&scale=200&ticket=ADlyXH%2FKv16wLq7mAce2lBQ%3D
2026-06-28 01:51:01,642 [INFO] src.corpus_acquisition.downloader: Downloading page 18 from https://i.prcdn.co/img?file=eaaj2025091700000000001001&page=18&scale=200&ticket=ANKxwBJbRWQl4DhcEg5%2FUXM%3D
2026-06-28 01:51:01,687 [INFO] src.corpus_acquisition.downloader: Downloading page 19 from https://i.prcdn.co/img?file=eaaj2025091700000000001001&page=19&scale=200&ticket=AN3eVr9feirySbwRGC3%2FDiw%3D
2026-06-28 01:51:02,309 [INFO] src.corpus_acquisition.downloader: Downloading page 20 from https://i.prcdn.co/img?file=eaaj2025091700000000001001&page=20&scale=200&ticket=AB7T8tdptbpfzAYsh1sQ39c%3D
2026-06-28 01:51:02,646 [INFO] src.corpus_acquisition.metadata_extractor: Saved metadata for 19 page(s) -> data/raw/metadata/raw_metadata.parquet (total rows: 16345)
2026-06-28 01:51:02,649 [INFO] src.corpus_acquisition.metadata_extractor: Saved crawl log -> data/raw/crawl_logs/elcomercio_2025-09-17.json (status=success)
2026-06-28 01:51:06,882 [INFO] src.corpus_acquisition.downloader: Opening archive for elcomercio on 2025-09-18
2026-06-28 01:51:12,973 [INFO] src.corpus_acquisition.downloader: Collected 7 / 60 pages
2026-06-28 01:51:17,152 [INFO] src.corpus_acquisition.downloader: Collected 9 / 60 pages
2026-06-28 01:51:19,241 [INFO] src.corpus_acquisition.downloader: Collected 11 / 60 pages
2026-06-28 01:51:21,344 [INFO] src.corpus_acquisition.downloader: Collected 13 / 60 pages
2026-06-28 01:51:23,543 [INFO] src.corpus_acquisition.downloader: Collected 15 / 60 pages
2026-06-28 01:51:25,642 [INFO] src.corpus_acquisition.downloader: Collected 17 / 60 pages
2026-06-28 01:51:27,739 [INFO] src.corpus_acquisition.downloader: Collected 19 / 60 pages
2026-06-28 01:51:29,834 [INFO] src.corpus_acquisition.downloader: Collected 20 / 60 pages
2026-06-28 01:51:36,135 [WARNING] src.corpus_acquisition.downloader: No new pages found after 3 attempts; stopping with 20 page(s).
2026-06-28 01:51:36,152 [INFO] src.corpus_acquisition.downloader: Downloading page 1 from https://t.prcdn.co/img?file=eaaj2025091800000000001001&page=1&scale=200
2026-06-28 01:51:36,596 [INFO] src.corpus_acquisition.downloader: Downloading page 2 from https://i.prcdn.co/img?file=eaaj2025091800000000001001&page=2&scale=200&ticket=ABeMKMoiCSCo3AH2g28Mo2c%3D
2026-06-28 01:51:37,298 [INFO] src.corpus_acquisition.downloader: Downloading page 3 from https://i.prcdn.co/img?file=eaaj2025091800000000001001&page=3&scale=200&ticket=AMSYfKaaHewPYdUlvL0XpSQ%3D
2026-06-28 01:51:37,953 [INFO] src.corpus_acquisition.downloader: Downloading page 4 from https://i.prcdn.co/img?file=eaaj2025091800000000001001&page=4&scale=200&ticket=AHTIReuVB%2B0b2IWgqnYIqHM%3D
2026-06-28 01:51:38,010 [INFO] src.corpus_acquisition.downloader: Downloading page 5 from https://i.prcdn.co/img?file=eaaj2025091800000000001001&page=5&scale=200&ticket=AFrjLuvq8gyckqZymcOIAjI%3D
2026-06-28 01:51:38,391 [INFO] src.corpus_acquisition.downloader: Downloading page 6 from https://i.prcdn.co/img?file=eaaj2025091800000000001001&page=6&scale=200&ticket=AOy%2FXBYllEFqCOr3qzfuO6M%3D
2026-06-28 01:51:39,475 [INFO] src.corpus_acquisition.downloader: Downloading page 7 from https://i.prcdn.co/img?file=eaaj2025091800000000001001&page=7&scale=200&ticket=AEf5fBmeFDyyYxIoqAEJhpc%3D
2026-06-28 01:51:39,536 [INFO] src.corpus_acquisition.downloader: Downloading page 8 from https://i.prcdn.co/img?file=eaaj2025091800000000001001&page=8&scale=200&ticket=AIUKzbyDGjFN3kGf3tgez8k%3D
2026-06-28 01:51:39,597 [INFO] src.corpus_acquisition.downloader: Downloading page 9 from https://i.prcdn.co/img?file=eaaj2025091800000000001001&page=9&scale=200&ticket=AJNzKPwyUjV8J%2BS0qSJz4Uo%3D
2026-06-28 01:51:39,732 [INFO] src.corpus_acquisition.downloader: Downloading page 10 from https://i.prcdn.co/img?file=eaaj2025091800000000001001&page=10&scale=200&ticket=AJUaYBUEiIJkh3Q266px%2BGE%3D
2026-06-28 01:51:40,783 [INFO] src.corpus_acquisition.downloader: Downloading page 11 from https://i.prcdn.co/img?file=eaaj2025091800000000001001&page=11&scale=200&ticket=AKJJKB%2Bo5hPuXjBbheqGQLs%3D
2026-06-28 01:51:40,826 [INFO] src.corpus_acquisition.downloader: Downloading page 12 from https://i.prcdn.co/img?file=eaaj2025091800000000001001&page=12&scale=200&ticket=ACQub2GO6wORMxENScDR%2FC8%3D
2026-06-28 01:51:40,884 [INFO] src.corpus_acquisition.downloader: Downloading page 13 from https://i.prcdn.co/img?file=eaaj2025091800000000001001&page=13&scale=200&ticket=AD4Fqn0Zs4I0IdkkuOCiHSw%3D
2026-06-28 01:51:40,928 [INFO] src.corpus_acquisition.downloader: Downloading page 14 from https://i.prcdn.co/img?file=eaaj2025091800000000001001&page=14&scale=200&ticket=AIq%2FT81YotfvvkbRkkfaluE%3D
2026-06-28 01:51:41,663 [INFO] src.corpus_acquisition.downloader: Downloading page 15 from https://i.prcdn.co/img?file=eaaj2025091800000000001001&page=15&scale=200&ticket=ADXx5%2FpMHgfG25LCrw%2Fquig%3D
2026-06-28 01:51:41,703 [INFO] src.corpus_acquisition.downloader: Downloading page 16 from https://i.prcdn.co/img?file=eaaj2025091800000000001001&page=16&scale=200&ticket=AFcmvRyFAY1Az%2BWh9VwOAsg%3D
2026-06-28 01:51:42,269 [INFO] src.corpus_acquisition.downloader: Downloading page 17 from https://i.prcdn.co/img?file=eaaj2025091800000000001001&page=17&scale=200&ticket=AA0M90bTVOvPeEUXtgIPLPg%3D
2026-06-28 01:51:42,922 [INFO] src.corpus_acquisition.downloader: Downloading page 18 from https://i.prcdn.co/img?file=eaaj2025091800000000001001&page=18&scale=200&ticket=APm1o5AadS97R4PrulUmfrU%3D
2026-06-28 01:51:43,021 [INFO] src.corpus_acquisition.downloader: Downloading page 19 from https://i.prcdn.co/img?file=eaaj2025091800000000001001&page=19&scale=200&ticket=ALMgXEcZ6TCBs3gOOz50tMw%3D
2026-06-28 01:51:43,085 [INFO] src.corpus_acquisition.downloader: Downloading page 20 from https://i.prcdn.co/img?file=eaaj2025091800000000001001&page=20&scale=200&ticket=ANchCj6YoYO9xhELPNPrLQY%3D
2026-06-28 01:51:43,164 [INFO] src.corpus_acquisition.metadata_extractor: Saved metadata for 20 page(s) -> data/raw/metadata/raw_metadata.parquet (total rows: 16365)
2026-06-28 01:51:43,167 [INFO] src.corpus_acquisition.metadata_extractor: Saved crawl log -> data/raw/crawl_logs/elcomercio_2025-09-18.json (status=success)
2026-06-28 01:51:47,422 [INFO] src.corpus_acquisition.downloader: Opening archive for elcomercio on 2025-09-19
2026-06-28 01:51:53,303 [INFO] src.corpus_acquisition.downloader: Collected 7 / 60 pages
2026-06-28 01:51:57,488 [INFO] src.corpus_acquisition.downloader: Collected 9 / 60 pages
2026-06-28 01:51:59,590 [INFO] src.corpus_acquisition.downloader: Collected 11 / 60 pages
2026-06-28 01:52:01,688 [INFO] src.corpus_acquisition.downloader: Collected 13 / 60 pages
2026-06-28 01:52:03,921 [INFO] src.corpus_acquisition.downloader: Collected 15 / 60 pages
2026-06-28 01:52:06,029 [INFO] src.corpus_acquisition.downloader: Collected 17 / 60 pages
2026-06-28 01:52:08,119 [INFO] src.corpus_acquisition.downloader: Collected 19 / 60 pages
2026-06-28 01:52:10,218 [INFO] src.corpus_acquisition.downloader: Collected 20 / 60 pages
2026-06-28 01:52:16,537 [WARNING] src.corpus_acquisition.downloader: No new pages found after 3 attempts; stopping with 20 page(s).
2026-06-28 01:52:16,549 [INFO] src.corpus_acquisition.downloader: Downloading page 1 from https://t.prcdn.co/img?file=eaaj2025091900000000001001&page=1&scale=200
2026-06-28 01:52:16,612 [INFO] src.corpus_acquisition.downloader: Downloading page 2 from https://i.prcdn.co/img?file=eaaj2025091900000000001001&page=2&scale=200&ticket=AOYAOTiWt1SfknyXlh1Dx24%3D
2026-06-28 01:52:17,284 [INFO] src.corpus_acquisition.downloader: Downloading page 3 from https://i.prcdn.co/img?file=eaaj2025091900000000001001&page=3&scale=200&ticket=AKESuVth9s%2BbNzvnFNFAMqw%3D
2026-06-28 01:52:17,399 [INFO] src.corpus_acquisition.downloader: Downloading page 4 from https://i.prcdn.co/img?file=eaaj2025091900000000001001&page=4&scale=200&ticket=AEC6gFTvMZ1SzUWpRNGBWl0%3D
2026-06-28 01:52:17,459 [INFO] src.corpus_acquisition.downloader: Downloading page 5 from https://i.prcdn.co/img?file=eaaj2025091900000000001001&page=5&scale=200&ticket=AIWUu8wX3hKrwYdSsRwBwBE%3D
2026-06-28 01:52:18,010 [INFO] src.corpus_acquisition.downloader: Downloading page 6 from https://i.prcdn.co/img?file=eaaj2025091900000000001001&page=6&scale=200&ticket=ABCKEz7ewHGbJint637fmx4%3D
2026-06-28 01:52:19,778 [INFO] src.corpus_acquisition.downloader: Downloading page 7 from https://i.prcdn.co/img?file=eaaj2025091900000000001001&page=7&scale=200&ticket=AGxtUIGTE6xrylmn2714%2FZo%3D
2026-06-28 01:52:20,650 [INFO] src.corpus_acquisition.downloader: Downloading page 8 from https://i.prcdn.co/img?file=eaaj2025091900000000001001&page=8&scale=200&ticket=AEhZ5i%2BzXpcMcnqrh8GArzk%3D
2026-06-28 01:52:20,710 [INFO] src.corpus_acquisition.downloader: Downloading page 9 from https://i.prcdn.co/img?file=eaaj2025091900000000001001&page=9&scale=200&ticket=AOuPMxIjbBo4piWHRIfAL1k%3D
2026-06-28 01:52:20,837 [INFO] src.corpus_acquisition.downloader: Downloading page 10 from https://i.prcdn.co/img?file=eaaj2025091900000000001001&page=10&scale=200&ticket=ALxuJbu5vjx7zP4tejJYB%2Bw%3D
2026-06-28 01:52:21,378 [INFO] src.corpus_acquisition.downloader: Downloading page 11 from https://i.prcdn.co/img?file=eaaj2025091900000000001001&page=11&scale=200&ticket=AH%2F2XAtZBZVfBJWZ9GUb1GE%3D
2026-06-28 01:52:22,758 [INFO] src.corpus_acquisition.downloader: Downloading page 12 from https://i.prcdn.co/img?file=eaaj2025091900000000001001&page=12&scale=200&ticket=APRNpSLAYn745d0N8%2Bul1X4%3D
2026-06-28 01:52:23,500 [INFO] src.corpus_acquisition.downloader: Downloading page 13 from https://i.prcdn.co/img?file=eaaj2025091900000000001001&page=13&scale=200&ticket=APgmiux1yp5S1%2BhqLP07RLg%3D
2026-06-28 01:52:24,164 [INFO] src.corpus_acquisition.downloader: Downloading page 14 from https://i.prcdn.co/img?file=eaaj2025091900000000001001&page=14&scale=200&ticket=AE2Bb9wWX1ghRglNy%2FDZE3E%3D
2026-06-28 01:52:24,941 [INFO] src.corpus_acquisition.downloader: Downloading page 15 from https://i.prcdn.co/img?file=eaaj2025091900000000001001&page=15&scale=200&ticket=APhF6JxlrETJj4i80qo51Pk%3D
2026-06-28 01:52:25,748 [INFO] src.corpus_acquisition.downloader: Downloading page 16 from https://i.prcdn.co/img?file=eaaj2025091900000000001001&page=16&scale=200&ticket=ADNZUpqBveZaZmgTD0flM%2FU%3D
2026-06-28 01:52:26,344 [INFO] src.corpus_acquisition.downloader: Downloading page 17 from https://i.prcdn.co/img?file=eaaj2025091900000000001001&page=17&scale=200&ticket=AOQfu%2FoZXxem5jDqYRaACT0%3D
2026-06-28 01:52:26,429 [INFO] src.corpus_acquisition.downloader: Downloading page 18 from https://i.prcdn.co/img?file=eaaj2025091900000000001001&page=18&scale=200&ticket=AEawydeG7xCzgY6apNTVsLw%3D
2026-06-28 01:52:27,219 [INFO] src.corpus_acquisition.downloader: Downloading page 19 from https://i.prcdn.co/img?file=eaaj2025091900000000001001&page=19&scale=200&ticket=AB1bTIe04Vsw1ihWKgRioaM%3D
2026-06-28 01:52:27,263 [INFO] src.corpus_acquisition.downloader: Downloading page 20 from https://i.prcdn.co/img?file=eaaj2025091900000000001001&page=20&scale=200&ticket=AKJiObH7%2BNfWt%2B899SDOHiA%3D
2026-06-28 01:52:27,932 [INFO] src.corpus_acquisition.metadata_extractor: Saved metadata for 20 page(s) -> data/raw/metadata/raw_metadata.parquet (total rows: 16385)
2026-06-28 01:52:27,936 [INFO] src.corpus_acquisition.metadata_extractor: Saved crawl log -> data/raw/crawl_logs/elcomercio_2025-09-19.json (status=success)
2026-06-28 01:52:31,647 [INFO] src.corpus_acquisition.downloader: Opening archive for elcomercio on 2025-09-20
2026-06-28 01:52:37,472 [INFO] src.corpus_acquisition.downloader: Collected 3 / 60 pages
2026-06-28 01:52:39,565 [INFO] src.corpus_acquisition.downloader: Collected 7 / 60 pages
2026-06-28 01:52:41,650 [INFO] src.corpus_acquisition.downloader: Collected 9 / 60 pages
2026-06-28 01:52:43,748 [INFO] src.corpus_acquisition.downloader: Collected 11 / 60 pages
2026-06-28 01:52:45,831 [INFO] src.corpus_acquisition.downloader: Collected 13 / 60 pages
2026-06-28 01:52:47,916 [INFO] src.corpus_acquisition.downloader: Collected 15 / 60 pages
2026-06-28 01:52:50,025 [INFO] src.corpus_acquisition.downloader: Collected 17 / 60 pages
2026-06-28 01:52:52,120 [INFO] src.corpus_acquisition.downloader: Collected 19 / 60 pages
2026-06-28 01:52:54,219 [INFO] src.corpus_acquisition.downloader: Collected 21 / 60 pages
2026-06-28 01:52:56,312 [INFO] src.corpus_acquisition.downloader: Collected 23 / 60 pages
2026-06-28 01:52:58,409 [INFO] src.corpus_acquisition.downloader: Collected 24 / 60 pages
2026-06-28 01:53:04,791 [WARNING] src.corpus_acquisition.downloader: No new pages found after 3 attempts; stopping with 24 page(s).
2026-06-28 01:53:04,810 [INFO] src.corpus_acquisition.downloader: Downloading page 1 from https://t.prcdn.co/img?file=eaaj2025092000000000001001&page=1&scale=200
2026-06-28 01:53:04,872 [INFO] src.corpus_acquisition.downloader: Downloading page 2 from https://i.prcdn.co/img?file=eaaj2025092000000000001001&page=2&scale=200&ticket=ABaFqVfL0fFOLzQloT3yE6o%3D
2026-06-28 01:53:05,553 [INFO] src.corpus_acquisition.downloader: Downloading page 3 from https://i.prcdn.co/img?file=eaaj2025092000000000001001&page=3&scale=200&ticket=AHDKwkPHH2JuW%2Fh5yb35yQQ%3D
2026-06-28 01:53:06,586 [INFO] src.corpus_acquisition.downloader: Downloading page 4 from https://i.prcdn.co/img?file=eaaj2025092000000000001001&page=4&scale=200&ticket=AEHd8qY5IT8vo38Vy6usi2w%3D
2026-06-28 01:53:06,628 [INFO] src.corpus_acquisition.downloader: Downloading page 5 from https://i.prcdn.co/img?file=eaaj2025092000000000001001&page=5&scale=200&ticket=ADjG4SxCmkVVeceEw4hZHM8%3D
2026-06-28 01:53:07,473 [INFO] src.corpus_acquisition.downloader: Downloading page 6 from https://i.prcdn.co/img?file=eaaj2025092000000000001001&page=6&scale=200&ticket=AK2vyuxf4YyVVEp9CJXbv3Y%3D
2026-06-28 01:53:07,517 [INFO] src.corpus_acquisition.downloader: Downloading page 7 from https://i.prcdn.co/img?file=eaaj2025092000000000001001&page=7&scale=200&ticket=AAD40%2FyB64wwYnCnCRQCBSw%3D
2026-06-28 01:53:08,644 [INFO] src.corpus_acquisition.downloader: Downloading page 8 from https://i.prcdn.co/img?file=eaaj2025092000000000001001&page=8&scale=200&ticket=AAKCl6A0SH6mnSMJe68FIZQ%3D
2026-06-28 01:53:08,683 [INFO] src.corpus_acquisition.downloader: Downloading page 9 from https://i.prcdn.co/img?file=eaaj2025092000000000001001&page=9&scale=200&ticket=AMd7SzTkLAJ8Zq5hgO0c%2BiM%3D
2026-06-28 01:53:08,738 [INFO] src.corpus_acquisition.downloader: Downloading page 10 from https://i.prcdn.co/img?file=eaaj2025092000000000001001&page=10&scale=200&ticket=AJ%2FXtuXFG2lT5ZkShR0%2FYIw%3D
2026-06-28 01:53:09,455 [INFO] src.corpus_acquisition.downloader: Downloading page 11 from https://i.prcdn.co/img?file=eaaj2025092000000000001001&page=11&scale=200&ticket=AGDFdSso4jDEWXurfwbfVRU%3D
2026-06-28 01:53:09,512 [INFO] src.corpus_acquisition.downloader: Downloading page 12 from https://i.prcdn.co/img?file=eaaj2025092000000000001001&page=12&scale=200&ticket=AAPet7P6TiPGi%2Bkk164XNM4%3D
2026-06-28 01:53:09,950 [INFO] src.corpus_acquisition.downloader: Downloading page 13 from https://i.prcdn.co/img?file=eaaj2025092000000000001001&page=13&scale=200&ticket=AOW4DiEfQTsgCQCeZX9ueL0%3D
2026-06-28 01:53:10,013 [INFO] src.corpus_acquisition.downloader: Downloading page 14 from https://i.prcdn.co/img?file=eaaj2025092000000000001001&page=14&scale=200&ticket=AMAXZOclpK%2BTHhRUxkMjjuM%3D
2026-06-28 01:53:10,125 [INFO] src.corpus_acquisition.downloader: Downloading page 15 from https://i.prcdn.co/img?file=eaaj2025092000000000001001&page=15&scale=200&ticket=AKoE2InHXwA5HA9AhzKD3qE%3D
2026-06-28 01:53:10,175 [INFO] src.corpus_acquisition.downloader: Downloading page 16 from https://i.prcdn.co/img?file=eaaj2025092000000000001001&page=16&scale=200&ticket=ANB0sQ3ypqTyNmmodneWFWg%3D
2026-06-28 01:53:10,703 [INFO] src.corpus_acquisition.downloader: Downloading page 17 from https://i.prcdn.co/img?file=eaaj2025092000000000001001&page=17&scale=200&ticket=APD0sqKfRbULK9NW3m7ZHTw%3D
2026-06-28 01:53:11,231 [INFO] src.corpus_acquisition.downloader: Downloading page 18 from https://i.prcdn.co/img?file=eaaj2025092000000000001001&page=18&scale=200&ticket=AFzHUHnb8EOrT3GzfxeuOH0%3D
2026-06-28 01:53:11,277 [INFO] src.corpus_acquisition.downloader: Downloading page 19 from https://i.prcdn.co/img?file=eaaj2025092000000000001001&page=19&scale=200&ticket=AHwd6d7ts5%2FzriRddbI9IeA%3D
2026-06-28 01:53:11,329 [INFO] src.corpus_acquisition.downloader: Downloading page 20 from https://i.prcdn.co/img?file=eaaj2025092000000000001001&page=20&scale=200&ticket=AIaODL7nca3uTS2cclXj4pI%3D
2026-06-28 01:53:11,394 [INFO] src.corpus_acquisition.downloader: Downloading page 21 from https://i.prcdn.co/img?file=eaaj2025092000000000001001&page=21&scale=200&ticket=AJFRkHVX7sz2BIpc11taMRg%3D
2026-06-28 01:53:12,112 [INFO] src.corpus_acquisition.downloader: Downloading page 22 from https://i.prcdn.co/img?file=eaaj2025092000000000001001&page=22&scale=200&ticket=AN3m8ofLVezZFQuCmcWtHPk%3D
2026-06-28 01:53:12,889 [INFO] src.corpus_acquisition.downloader: Downloading page 23 from https://i.prcdn.co/img?file=eaaj2025092000000000001001&page=23&scale=200&ticket=AGtP2cSAF%2BeEJOztFjEidFc%3D
2026-06-28 01:53:13,508 [INFO] src.corpus_acquisition.downloader: Downloading page 24 from https://i.prcdn.co/img?file=eaaj2025092000000000001001&page=24&scale=200&ticket=AEWxMFBnW9Bsyk4rH1xLQLI%3D
2026-06-28 01:53:14,304 [INFO] src.corpus_acquisition.metadata_extractor: Saved metadata for 24 page(s) -> data/raw/metadata/raw_metadata.parquet (total rows: 16409)
2026-06-28 01:53:14,307 [INFO] src.corpus_acquisition.metadata_extractor: Saved crawl log -> data/raw/crawl_logs/elcomercio_2025-09-20.json (status=success)
2026-06-28 01:53:18,536 [INFO] src.corpus_acquisition.downloader: Opening archive for elcomercio on 2025-09-21
2026-06-28 01:53:24,384 [INFO] src.corpus_acquisition.downloader: Collected 7 / 60 pages
2026-06-28 01:53:28,562 [INFO] src.corpus_acquisition.downloader: Collected 9 / 60 pages
2026-06-28 01:53:30,654 [INFO] src.corpus_acquisition.downloader: Collected 11 / 60 pages
2026-06-28 01:53:32,754 [INFO] src.corpus_acquisition.downloader: Collected 13 / 60 pages
2026-06-28 01:53:34,947 [INFO] src.corpus_acquisition.downloader: Collected 15 / 60 pages
2026-06-28 01:53:37,048 [INFO] src.corpus_acquisition.downloader: Collected 17 / 60 pages
2026-06-28 01:53:39,152 [INFO] src.corpus_acquisition.downloader: Collected 19 / 60 pages
2026-06-28 01:53:41,251 [INFO] src.corpus_acquisition.downloader: Collected 21 / 60 pages
2026-06-28 01:53:43,348 [INFO] src.corpus_acquisition.downloader: Collected 23 / 60 pages
2026-06-28 01:53:45,448 [INFO] src.corpus_acquisition.downloader: Collected 25 / 60 pages
2026-06-28 01:53:47,542 [INFO] src.corpus_acquisition.downloader: Collected 27 / 60 pages
2026-06-28 01:53:49,635 [INFO] src.corpus_acquisition.downloader: Collected 29 / 60 pages
2026-06-28 01:53:51,731 [INFO] src.corpus_acquisition.downloader: Collected 31 / 60 pages
2026-06-28 01:53:53,830 [INFO] src.corpus_acquisition.downloader: Collected 33 / 60 pages
2026-06-28 01:53:55,938 [INFO] src.corpus_acquisition.downloader: Collected 35 / 60 pages
2026-06-28 01:53:58,031 [INFO] src.corpus_acquisition.downloader: Collected 37 / 60 pages
2026-06-28 01:54:00,132 [INFO] src.corpus_acquisition.downloader: Collected 39 / 60 pages
2026-06-28 01:54:02,235 [INFO] src.corpus_acquisition.downloader: Collected 41 / 60 pages
2026-06-28 01:54:04,449 [INFO] src.corpus_acquisition.downloader: Collected 43 / 60 pages
2026-06-28 01:54:06,576 [INFO] src.corpus_acquisition.downloader: Collected 45 / 60 pages
2026-06-28 01:54:08,670 [INFO] src.corpus_acquisition.downloader: Collected 47 / 60 pages
2026-06-28 01:54:10,764 [INFO] src.corpus_acquisition.downloader: Collected 48 / 60 pages
2026-06-28 01:54:17,058 [WARNING] src.corpus_acquisition.downloader: No new pages found after 3 attempts; stopping with 48 page(s).
2026-06-28 01:54:17,072 [INFO] src.corpus_acquisition.downloader: Downloading page 1 from https://t.prcdn.co/img?file=eaaj2025092100000000001001&page=1&scale=200
2026-06-28 01:54:17,116 [INFO] src.corpus_acquisition.downloader: Downloading page 2 from https://i.prcdn.co/img?file=eaaj2025092100000000001001&page=2&scale=200&ticket=AAnF6U%2Fa2trTfZMKDMj6uNE%3D
2026-06-28 01:54:17,879 [INFO] src.corpus_acquisition.downloader: Downloading page 3 from https://i.prcdn.co/img?file=eaaj2025092100000000001001&page=3&scale=200&ticket=AC68y6suKLSRobWrpIrgtjI%3D
2026-06-28 01:54:17,922 [INFO] src.corpus_acquisition.downloader: Downloading page 4 from https://i.prcdn.co/img?file=eaaj2025092100000000001001&page=4&scale=200&ticket=AFQ1r2dSKBPXAfG%2BlniMafE%3D
2026-06-28 01:54:18,467 [INFO] src.corpus_acquisition.downloader: Downloading page 5 from https://i.prcdn.co/img?file=eaaj2025092100000000001001&page=5&scale=200&ticket=AP1juQKThoIlKQQIuTXyUw8%3D
2026-06-28 01:54:18,524 [INFO] src.corpus_acquisition.downloader: Downloading page 6 from https://i.prcdn.co/img?file=eaaj2025092100000000001001&page=6&scale=200&ticket=AIeuqDyOLQ3bXm0W45WWuwo%3D
2026-06-28 01:54:18,573 [INFO] src.corpus_acquisition.downloader: Downloading page 7 from https://i.prcdn.co/img?file=eaaj2025092100000000001001&page=7&scale=200&ticket=AN0k4Ve%2FLoQtBPs9u4PDe5s%3D
2026-06-28 01:54:18,614 [INFO] src.corpus_acquisition.downloader: Downloading page 8 from https://i.prcdn.co/img?file=eaaj2025092100000000001001&page=8&scale=200&ticket=AI5oqEjPPSOBl7%2FvI8Lmw0s%3D
2026-06-28 01:54:19,271 [INFO] src.corpus_acquisition.downloader: Downloading page 9 from https://i.prcdn.co/img?file=eaaj2025092100000000001001&page=9&scale=200&ticket=AD4MCKhvNOfzeQ1UMirJ%2FiQ%3D
2026-06-28 01:54:19,996 [INFO] src.corpus_acquisition.downloader: Downloading page 10 from https://i.prcdn.co/img?file=eaaj2025092100000000001001&page=10&scale=200&ticket=AE43pdh%2B0Wn4hEsLi%2FO3iBQ%3D
2026-06-28 01:54:20,996 [INFO] src.corpus_acquisition.downloader: Downloading page 11 from https://i.prcdn.co/img?file=eaaj2025092100000000001001&page=11&scale=200&ticket=APfhaV0GVJ6%2Bvj1Rhktj91c%3D
2026-06-28 01:54:21,039 [INFO] src.corpus_acquisition.downloader: Downloading page 12 from https://i.prcdn.co/img?file=eaaj2025092100000000001001&page=12&scale=200&ticket=AK0VLf%2BlCAfKhBMbrRQhXiI%3D
2026-06-28 01:54:22,118 [INFO] src.corpus_acquisition.downloader: Downloading page 13 from https://i.prcdn.co/img?file=eaaj2025092100000000001001&page=13&scale=200&ticket=AI4TkyWBvC1ctpf3Qg1mBnY%3D
2026-06-28 01:54:22,160 [INFO] src.corpus_acquisition.downloader: Downloading page 14 from https://i.prcdn.co/img?file=eaaj2025092100000000001001&page=14&scale=200&ticket=AGI5dKSp8aG6TTJKX6MHuoY%3D
2026-06-28 01:54:22,216 [INFO] src.corpus_acquisition.downloader: Downloading page 15 from https://i.prcdn.co/img?file=eaaj2025092100000000001001&page=15&scale=200&ticket=AC66LWQw0qHDDQQs5D0%2FsHA%3D
2026-06-28 01:54:22,340 [INFO] src.corpus_acquisition.downloader: Downloading page 16 from https://i.prcdn.co/img?file=eaaj2025092100000000001001&page=16&scale=200&ticket=ADoKQXljjBrv%2BLGkyGqXElo%3D
2026-06-28 01:54:23,189 [INFO] src.corpus_acquisition.downloader: Downloading page 17 from https://i.prcdn.co/img?file=eaaj2025092100000000001001&page=17&scale=200&ticket=AFeukQMJl%2FTX65E8kBTZhso%3D
2026-06-28 01:54:23,235 [INFO] src.corpus_acquisition.downloader: Downloading page 18 from https://i.prcdn.co/img?file=eaaj2025092100000000001001&page=18&scale=200&ticket=APrDGIV7qDHoc60AVQWatnk%3D
2026-06-28 01:54:23,294 [INFO] src.corpus_acquisition.downloader: Downloading page 19 from https://i.prcdn.co/img?file=eaaj2025092100000000001001&page=19&scale=200&ticket=AKtICUyivGjHfja310Aa4qI%3D
2026-06-28 01:54:23,335 [INFO] src.corpus_acquisition.downloader: Downloading page 20 from https://i.prcdn.co/img?file=eaaj2025092100000000001001&page=20&scale=200&ticket=AEPwxiKGtkCFkKcc719b86U%3D
2026-06-28 01:54:23,376 [INFO] src.corpus_acquisition.downloader: Downloading page 21 from https://i.prcdn.co/img?file=eaaj2025092100000000001001&page=21&scale=200&ticket=AGbGK2V9uhe%2F%2B1TuagPZRik%3D
2026-06-28 01:54:24,584 [INFO] src.corpus_acquisition.downloader: Downloading page 22 from https://i.prcdn.co/img?file=eaaj2025092100000000001001&page=22&scale=200&ticket=AI1mLkrrxhnnErLUq%2BBo3lw%3D
2026-06-28 01:54:25,359 [INFO] src.corpus_acquisition.downloader: Downloading page 23 from https://i.prcdn.co/img?file=eaaj2025092100000000001001&page=23&scale=200&ticket=ADDPdOUDNcEJvh3%2Bih0ZQJI%3D
2026-06-28 01:54:26,218 [INFO] src.corpus_acquisition.downloader: Downloading page 24 from https://i.prcdn.co/img?file=eaaj2025092100000000001001&page=24&scale=200&ticket=AGvIsGAs%2BqfxkTMxgb0w8Fk%3D
2026-06-28 01:54:26,915 [INFO] src.corpus_acquisition.downloader: Downloading page 25 from https://i.prcdn.co/img?file=eaaj2025092100000000001001&page=25&scale=200&ticket=AOn62k3UotIcsc4ZVByVIf0%3D
2026-06-28 01:54:27,622 [INFO] src.corpus_acquisition.downloader: Downloading page 26 from https://i.prcdn.co/img?file=eaaj2025092100000000001001&page=26&scale=200&ticket=ABWOjPZ40sMTteXqXTMyymU%3D
2026-06-28 01:54:28,281 [INFO] src.corpus_acquisition.downloader: Downloading page 27 from https://i.prcdn.co/img?file=eaaj2025092100000000001001&page=27&scale=200&ticket=AKwjtt2GL4bE7xQQxZ3PLL0%3D
2026-06-28 01:54:28,909 [INFO] src.corpus_acquisition.downloader: Downloading page 28 from https://i.prcdn.co/img?file=eaaj2025092100000000001001&page=28&scale=200&ticket=AJN9RNwx6QfLl0mkHzZ00tI%3D
2026-06-28 01:54:29,592 [INFO] src.corpus_acquisition.downloader: Downloading page 29 from https://i.prcdn.co/img?file=eaaj2025092100000000001001&page=29&scale=200&ticket=AN%2ByMp71cuFeYN5BOXXcq%2BA%3D
2026-06-28 01:54:30,275 [INFO] src.corpus_acquisition.downloader: Downloading page 30 from https://i.prcdn.co/img?file=eaaj2025092100000000001001&page=30&scale=200&ticket=APwxEFwfqm0ZetVRKRmAA04%3D
2026-06-28 01:54:30,947 [INFO] src.corpus_acquisition.downloader: Downloading page 31 from https://i.prcdn.co/img?file=eaaj2025092100000000001001&page=31&scale=200&ticket=ANzQaz3wcRLv0Hydo30VzMc%3D
2026-06-28 01:54:31,761 [INFO] src.corpus_acquisition.downloader: Downloading page 32 from https://i.prcdn.co/img?file=eaaj2025092100000000001001&page=32&scale=200&ticket=ANw6MBdvGB4nUe8AbJfvM%2FU%3D
2026-06-28 01:54:32,473 [INFO] src.corpus_acquisition.downloader: Downloading page 33 from https://i.prcdn.co/img?file=eaaj2025092100000000001001&page=33&scale=200&ticket=AJj1UgZWAnFUx8OQM%2Bh4ISA%3D
2026-06-28 01:54:33,131 [INFO] src.corpus_acquisition.downloader: Downloading page 34 from https://i.prcdn.co/img?file=eaaj2025092100000000001001&page=34&scale=200&ticket=AIIb5S3Ewo6bdH3A2LG8kCc%3D
2026-06-28 01:54:33,691 [INFO] src.corpus_acquisition.downloader: Downloading page 35 from https://i.prcdn.co/img?file=eaaj2025092100000000001001&page=35&scale=200&ticket=AIyADD5FAV%2BV0hUkk6TNf%2Bs%3D
2026-06-28 01:54:34,398 [INFO] src.corpus_acquisition.downloader: Downloading page 36 from https://i.prcdn.co/img?file=eaaj2025092100000000001001&page=36&scale=200&ticket=ALnyD%2FkIRpPaKTlq2yKdJYU%3D
2026-06-28 01:54:35,037 [INFO] src.corpus_acquisition.downloader: Downloading page 37 from https://i.prcdn.co/img?file=eaaj2025092100000000001001&page=37&scale=200&ticket=AEOLcG7FaIva32gFNmOxYnQ%3D
2026-06-28 01:54:35,866 [INFO] src.corpus_acquisition.downloader: Downloading page 38 from https://i.prcdn.co/img?file=eaaj2025092100000000001001&page=38&scale=200&ticket=ALQ4b8DlGf0oIpd8%2F9RAi2k%3D
2026-06-28 01:54:36,356 [INFO] src.corpus_acquisition.downloader: Downloading page 39 from https://i.prcdn.co/img?file=eaaj2025092100000000001001&page=39&scale=200&ticket=AJBjLXwyIdCyZI8tTP0BmBQ%3D
2026-06-28 01:54:37,475 [INFO] src.corpus_acquisition.downloader: Downloading page 40 from https://i.prcdn.co/img?file=eaaj2025092100000000001001&page=40&scale=200&ticket=AKXMYvLTk5Ujsup93Jh8f%2F0%3D
2026-06-28 01:54:38,218 [INFO] src.corpus_acquisition.downloader: Downloading page 41 from https://i.prcdn.co/img?file=eaaj2025092100000000001001&page=41&scale=200&ticket=ACXME9GoRYP1K2ZYnN6EsLY%3D
2026-06-28 01:54:38,800 [INFO] src.corpus_acquisition.downloader: Downloading page 42 from https://i.prcdn.co/img?file=eaaj2025092100000000001001&page=42&scale=200&ticket=AIMU0Kx%2BRKlzYfNrkSleh8o%3D
2026-06-28 01:54:39,609 [INFO] src.corpus_acquisition.downloader: Downloading page 43 from https://i.prcdn.co/img?file=eaaj2025092100000000001001&page=43&scale=200&ticket=ACVnDCB%2BPrv0LVn3L83WzE8%3D
2026-06-28 01:54:40,408 [INFO] src.corpus_acquisition.downloader: Downloading page 44 from https://i.prcdn.co/img?file=eaaj2025092100000000001001&page=44&scale=200&ticket=AOvQPvyrBlXr6EmGzxjRgg0%3D
2026-06-28 01:54:40,808 [INFO] src.corpus_acquisition.downloader: Downloading page 45 from https://i.prcdn.co/img?file=eaaj2025092100000000001001&page=45&scale=200&ticket=AIHMofjPtBKTo2lyoQGSsZg%3D
2026-06-28 01:54:41,513 [INFO] src.corpus_acquisition.downloader: Downloading page 46 from https://i.prcdn.co/img?file=eaaj2025092100000000001001&page=46&scale=200&ticket=AOR7jAjzh%2BYoEh6ZG4tESlQ%3D
2026-06-28 01:54:42,234 [INFO] src.corpus_acquisition.downloader: Downloading page 47 from https://i.prcdn.co/img?file=eaaj2025092100000000001001&page=47&scale=200&ticket=AEmeoWIypzrkQx4JFlN%2BRlY%3D
2026-06-28 01:54:43,037 [INFO] src.corpus_acquisition.downloader: Downloading page 48 from https://i.prcdn.co/img?file=eaaj2025092100000000001001&page=48&scale=200&ticket=AAloyPXvEum0Ay%2BgFZ%2BHS4s%3D
2026-06-28 01:54:43,732 [INFO] src.corpus_acquisition.metadata_extractor: Saved metadata for 48 page(s) -> data/raw/metadata/raw_metadata.parquet (total rows: 16457)
2026-06-28 01:54:43,741 [INFO] src.corpus_acquisition.metadata_extractor: Saved crawl log -> data/raw/crawl_logs/elcomercio_2025-09-21.json (status=success)
2026-06-28 01:54:49,864 [INFO] src.corpus_acquisition.downloader: Opening archive for elcomercio on 2025-09-22
2026-06-28 01:54:56,246 [INFO] src.corpus_acquisition.downloader: Collected 7 / 60 pages
2026-06-28 01:55:00,430 [INFO] src.corpus_acquisition.downloader: Collected 9 / 60 pages
2026-06-28 01:55:02,536 [INFO] src.corpus_acquisition.downloader: Collected 11 / 60 pages
2026-06-28 01:55:04,639 [INFO] src.corpus_acquisition.downloader: Collected 13 / 60 pages
2026-06-28 01:55:06,734 [INFO] src.corpus_acquisition.downloader: Collected 15 / 60 pages
2026-06-28 01:55:08,830 [INFO] src.corpus_acquisition.downloader: Collected 17 / 60 pages
2026-06-28 01:55:10,926 [INFO] src.corpus_acquisition.downloader: Collected 19 / 60 pages
2026-06-28 01:55:13,008 [INFO] src.corpus_acquisition.downloader: Collected 21 / 60 pages
2026-06-28 01:55:15,102 [INFO] src.corpus_acquisition.downloader: Collected 23 / 60 pages
2026-06-28 01:55:17,195 [INFO] src.corpus_acquisition.downloader: Collected 25 / 60 pages
2026-06-28 01:55:19,294 [INFO] src.corpus_acquisition.downloader: Collected 27 / 60 pages
2026-06-28 01:55:21,395 [INFO] src.corpus_acquisition.downloader: Collected 29 / 60 pages
2026-06-28 01:55:23,495 [INFO] src.corpus_acquisition.downloader: Collected 31 / 60 pages
2026-06-28 01:55:25,598 [INFO] src.corpus_acquisition.downloader: Collected 33 / 60 pages
2026-06-28 01:55:27,692 [INFO] src.corpus_acquisition.downloader: Collected 35 / 60 pages
2026-06-28 01:55:29,794 [INFO] src.corpus_acquisition.downloader: Collected 36 / 60 pages
2026-06-28 01:55:36,093 [WARNING] src.corpus_acquisition.downloader: No new pages found after 3 attempts; stopping with 36 page(s).
2026-06-28 01:55:36,110 [INFO] src.corpus_acquisition.downloader: Downloading page 1 from https://t.prcdn.co/img?file=eaaj2025092200000000001001&page=1&scale=200
2026-06-28 01:55:36,600 [INFO] src.corpus_acquisition.downloader: Downloading page 2 from https://i.prcdn.co/img?file=eaaj2025092200000000001001&page=2&scale=200&ticket=AFRgubGU10m8CIriA277tHQ%3D
2026-06-28 01:55:36,709 [INFO] src.corpus_acquisition.downloader: Downloading page 3 from https://i.prcdn.co/img?file=eaaj2025092200000000001001&page=3&scale=200&ticket=ANBVYhtQOL9iYLEaCNoshcU%3D
2026-06-28 01:55:37,354 [INFO] src.corpus_acquisition.downloader: Downloading page 4 from https://i.prcdn.co/img?file=eaaj2025092200000000001001&page=4&scale=200&ticket=AMs08ytH05TWBQ8Jm2BGdxU%3D
2026-06-28 01:55:38,113 [INFO] src.corpus_acquisition.downloader: Downloading page 5 from https://i.prcdn.co/img?file=eaaj2025092200000000001001&page=5&scale=200&ticket=ABuwcLdNlFkGd1DNh3yIW5w%3D
2026-06-28 01:55:38,645 [INFO] src.corpus_acquisition.downloader: Downloading page 6 from https://i.prcdn.co/img?file=eaaj2025092200000000001001&page=6&scale=200&ticket=AIivn7WsjUkF15ggSj4nsgE%3D
2026-06-28 01:55:39,154 [INFO] src.corpus_acquisition.downloader: Downloading page 7 from https://i.prcdn.co/img?file=eaaj2025092200000000001001&page=7&scale=200&ticket=ACmfnza7Aaw9arOIBdCdcwQ%3D
2026-06-28 01:55:39,768 [INFO] src.corpus_acquisition.downloader: Downloading page 8 from https://i.prcdn.co/img?file=eaaj2025092200000000001001&page=8&scale=200&ticket=AKmyEThrtu6GCV9lsTMJ064%3D
2026-06-28 01:55:39,909 [INFO] src.corpus_acquisition.downloader: Downloading page 9 from https://i.prcdn.co/img?file=eaaj2025092200000000001001&page=9&scale=200&ticket=AOU3VlwcAUa7B8eWJWOzy7U%3D
2026-06-28 01:55:39,965 [INFO] src.corpus_acquisition.downloader: Downloading page 10 from https://i.prcdn.co/img?file=eaaj2025092200000000001001&page=10&scale=200&ticket=APE6B%2FGHVayyVwiu6oIZgtA%3D
2026-06-28 01:55:40,008 [INFO] src.corpus_acquisition.downloader: Downloading page 11 from https://i.prcdn.co/img?file=eaaj2025092200000000001001&page=11&scale=200&ticket=AJuA%2FfNpJnCb2VZevY1IjA4%3D
2026-06-28 01:55:40,889 [INFO] src.corpus_acquisition.downloader: Downloading page 12 from https://i.prcdn.co/img?file=eaaj2025092200000000001001&page=12&scale=200&ticket=AOsxhxN%2B4mb%2FFdJOZ252CHc%3D
2026-06-28 01:55:40,949 [INFO] src.corpus_acquisition.downloader: Downloading page 13 from https://i.prcdn.co/img?file=eaaj2025092200000000001001&page=13&scale=200&ticket=ALFSIlXiNbV6pdQim0aOiQ8%3D
2026-06-28 01:55:41,010 [INFO] src.corpus_acquisition.downloader: Downloading page 14 from https://i.prcdn.co/img?file=eaaj2025092200000000001001&page=14&scale=200&ticket=AD0VUtKRUzF7l87h3IXynko%3D
2026-06-28 01:55:41,554 [INFO] src.corpus_acquisition.downloader: Downloading page 15 from https://i.prcdn.co/img?file=eaaj2025092200000000001001&page=15&scale=200&ticket=APL%2FbgF%2BGfefsqxxZ1lrBwo%3D
2026-06-28 01:55:42,171 [INFO] src.corpus_acquisition.downloader: Downloading page 16 from https://i.prcdn.co/img?file=eaaj2025092200000000001001&page=16&scale=200&ticket=ADNRjF9Y1NJofdprO4Uw%2Ffs%3D
2026-06-28 01:55:43,018 [INFO] src.corpus_acquisition.downloader: Downloading page 17 from https://i.prcdn.co/img?file=eaaj2025092200000000001001&page=17&scale=200&ticket=AOyN0oy7svSAWJp5ySUJzVM%3D
2026-06-28 01:55:43,860 [INFO] src.corpus_acquisition.downloader: Downloading page 18 from https://i.prcdn.co/img?file=eaaj2025092200000000001001&page=18&scale=200&ticket=ANDFUEFgkuRjYc%2FrvVxvJ6s%3D
2026-06-28 01:55:43,921 [INFO] src.corpus_acquisition.downloader: Downloading page 19 from https://i.prcdn.co/img?file=eaaj2025092200000000001001&page=19&scale=200&ticket=AOfssohQu7IXH6K1DOT%2BFL8%3D
2026-06-28 01:55:43,981 [INFO] src.corpus_acquisition.downloader: Downloading page 20 from https://i.prcdn.co/img?file=eaaj2025092200000000001001&page=20&scale=200&ticket=APb3Ga3kEkdcP0qkcheYWmo%3D
2026-06-28 01:55:44,613 [INFO] src.corpus_acquisition.downloader: Downloading page 21 from https://i.prcdn.co/img?file=eaaj2025092200000000001001&page=21&scale=200&ticket=AJe2gU78EEEjNF4mKw9iPlM%3D
2026-06-28 01:55:45,284 [INFO] src.corpus_acquisition.downloader: Downloading page 22 from https://i.prcdn.co/img?file=eaaj2025092200000000001001&page=22&scale=200&ticket=ANDywuUkxbMtntjtXreRr5Q%3D
2026-06-28 01:55:46,262 [INFO] src.corpus_acquisition.downloader: Downloading page 23 from https://i.prcdn.co/img?file=eaaj2025092200000000001001&page=23&scale=200&ticket=AC6qU5eI3B7xaOd4rkkiYFM%3D
2026-06-28 01:55:46,940 [INFO] src.corpus_acquisition.downloader: Downloading page 24 from https://i.prcdn.co/img?file=eaaj2025092200000000001001&page=24&scale=200&ticket=ADBA9v%2BpddkfbyX%2F83N2Fgo%3D
2026-06-28 01:55:47,674 [INFO] src.corpus_acquisition.downloader: Downloading page 25 from https://i.prcdn.co/img?file=eaaj2025092200000000001001&page=25&scale=200&ticket=AOD1XdNx27%2Bl8okaglk9vHQ%3D
2026-06-28 01:55:48,194 [INFO] src.corpus_acquisition.downloader: Downloading page 26 from https://i.prcdn.co/img?file=eaaj2025092200000000001001&page=26&scale=200&ticket=AMvlTH7kIYjaRP9KcCT6VbI%3D
2026-06-28 01:55:48,839 [INFO] src.corpus_acquisition.downloader: Downloading page 27 from https://i.prcdn.co/img?file=eaaj2025092200000000001001&page=27&scale=200&ticket=AFIwmx53EVzHvK2FumNyGXk%3D
2026-06-28 01:55:49,446 [INFO] src.corpus_acquisition.downloader: Downloading page 28 from https://i.prcdn.co/img?file=eaaj2025092200000000001001&page=28&scale=200&ticket=ABJf2iWpYhCN5T9ujpkpXWk%3D
2026-06-28 01:55:49,975 [INFO] src.corpus_acquisition.downloader: Downloading page 29 from https://i.prcdn.co/img?file=eaaj2025092200000000001001&page=29&scale=200&ticket=AFVxtiz8dyLTD5uf%2FglJhN8%3D
2026-06-28 01:55:50,574 [INFO] src.corpus_acquisition.downloader: Downloading page 30 from https://i.prcdn.co/img?file=eaaj2025092200000000001001&page=30&scale=200&ticket=AOmHuyEeIsRWtm0ggArcjDc%3D
2026-06-28 01:55:51,124 [INFO] src.corpus_acquisition.downloader: Downloading page 31 from https://i.prcdn.co/img?file=eaaj2025092200000000001001&page=31&scale=200&ticket=AFlP7BZWDSwQt7ClDYDxcTU%3D
2026-06-28 01:55:51,922 [INFO] src.corpus_acquisition.downloader: Downloading page 32 from https://i.prcdn.co/img?file=eaaj2025092200000000001001&page=32&scale=200&ticket=AI65kL2buPFod8UnNnhdy44%3D
2026-06-28 01:55:52,922 [INFO] src.corpus_acquisition.downloader: Downloading page 33 from https://i.prcdn.co/img?file=eaaj2025092200000000001001&page=33&scale=200&ticket=AOQViAyW0%2FX03KtpHWrDN7o%3D
2026-06-28 01:55:53,609 [INFO] src.corpus_acquisition.downloader: Downloading page 34 from https://i.prcdn.co/img?file=eaaj2025092200000000001001&page=34&scale=200&ticket=APyHcPgR0zLIQmJKD94Yous%3D
2026-06-28 01:55:54,542 [INFO] src.corpus_acquisition.downloader: Downloading page 35 from https://i.prcdn.co/img?file=eaaj2025092200000000001001&page=35&scale=200&ticket=AJ7VqMKYpoAS36p0DGBmmEY%3D
2026-06-28 01:55:55,010 [INFO] src.corpus_acquisition.downloader: Downloading page 36 from https://i.prcdn.co/img?file=eaaj2025092200000000001001&page=36&scale=200&ticket=ADYbGRtP2kgtUYh%2BrBIDuhI%3D
2026-06-28 01:55:55,832 [INFO] src.corpus_acquisition.metadata_extractor: Saved metadata for 36 page(s) -> data/raw/metadata/raw_metadata.parquet (total rows: 16493)
2026-06-28 01:55:55,834 [INFO] src.corpus_acquisition.metadata_extractor: Saved crawl log -> data/raw/crawl_logs/elcomercio_2025-09-22.json (status=success)
2026-06-28 01:55:59,214 [INFO] src.corpus_acquisition.downloader: Opening archive for elcomercio on 2025-09-23
2026-06-28 01:56:07,149 [INFO] src.corpus_acquisition.downloader: Collected 7 / 60 pages
2026-06-28 01:56:11,337 [INFO] src.corpus_acquisition.downloader: Collected 9 / 60 pages
2026-06-28 01:56:13,525 [INFO] src.corpus_acquisition.downloader: Collected 11 / 60 pages
2026-06-28 01:56:15,628 [INFO] src.corpus_acquisition.downloader: Collected 13 / 60 pages
2026-06-28 01:56:17,730 [INFO] src.corpus_acquisition.downloader: Collected 15 / 60 pages
2026-06-28 01:56:19,825 [INFO] src.corpus_acquisition.downloader: Collected 17 / 60 pages
2026-06-28 01:56:21,923 [INFO] src.corpus_acquisition.downloader: Collected 19 / 60 pages
2026-06-28 01:56:24,008 [INFO] src.corpus_acquisition.downloader: Collected 20 / 60 pages
2026-06-28 01:56:30,404 [WARNING] src.corpus_acquisition.downloader: No new pages found after 3 attempts; stopping with 20 page(s).
2026-06-28 01:56:30,416 [INFO] src.corpus_acquisition.downloader: Downloading page 1 from https://t.prcdn.co/img?file=eaaj2025092300000000001001&page=1&scale=200
2026-06-28 01:56:31,178 [INFO] src.corpus_acquisition.downloader: Downloading page 2 from https://i.prcdn.co/img?file=eaaj2025092300000000001001&page=2&scale=200&ticket=ALqxzouSGv1vU6JDVk2NWts%3D
2026-06-28 01:56:31,887 [INFO] src.corpus_acquisition.downloader: Downloading page 3 from https://i.prcdn.co/img?file=eaaj2025092300000000001001&page=3&scale=200&ticket=ABsHNEmeizB3E93wLjOzHmo%3D
2026-06-28 01:56:33,239 [INFO] src.corpus_acquisition.downloader: Downloading page 4 from https://i.prcdn.co/img?file=eaaj2025092300000000001001&page=4&scale=200&ticket=ANYic4gyrfEeN8A8YTpc3IE%3D
2026-06-28 01:56:34,376 [INFO] src.corpus_acquisition.downloader: Downloading page 5 from https://i.prcdn.co/img?file=eaaj2025092300000000001001&page=5&scale=200&ticket=AC5ylcNyf1UdFFTNM2lrb0s%3D
2026-06-28 01:56:34,439 [INFO] src.corpus_acquisition.downloader: Downloading page 6 from https://i.prcdn.co/img?file=eaaj2025092300000000001001&page=6&scale=200&ticket=AJk3UR4wMHPuGrHm0D0IdBM%3D
2026-06-28 01:56:35,678 [INFO] src.corpus_acquisition.downloader: Downloading page 7 from https://i.prcdn.co/img?file=eaaj2025092300000000001001&page=7&scale=200&ticket=AP%2BVJiImasqiLjKiMGq5JiM%3D
2026-06-28 01:56:36,144 [INFO] src.corpus_acquisition.downloader: Downloading page 8 from https://i.prcdn.co/img?file=eaaj2025092300000000001001&page=8&scale=200&ticket=AELtPzTAOWGlzgIZdlFfodk%3D
2026-06-28 01:56:36,255 [INFO] src.corpus_acquisition.downloader: Downloading page 9 from https://i.prcdn.co/img?file=eaaj2025092300000000001001&page=9&scale=200&ticket=ACNzJcTmCUk0oJcJiF9W0d0%3D
2026-06-28 01:56:36,298 [INFO] src.corpus_acquisition.downloader: Downloading page 10 from https://i.prcdn.co/img?file=eaaj2025092300000000001001&page=10&scale=200&ticket=AOSZhmjeDF2AyETmCisZ13I%3D
2026-06-28 01:56:36,870 [INFO] src.corpus_acquisition.downloader: Downloading page 11 from https://i.prcdn.co/img?file=eaaj2025092300000000001001&page=11&scale=200&ticket=AA7oYZpNu6pD9QKQ%2BsgexoY%3D
2026-06-28 01:56:36,927 [INFO] src.corpus_acquisition.downloader: Downloading page 12 from https://i.prcdn.co/img?file=eaaj2025092300000000001001&page=12&scale=200&ticket=AAAjIvgmEu4zRXc0y03goK8%3D
2026-06-28 01:56:37,588 [INFO] src.corpus_acquisition.downloader: Downloading page 13 from https://i.prcdn.co/img?file=eaaj2025092300000000001001&page=13&scale=200&ticket=AAM3nmGBLHFn2k8bYcwTqK8%3D
2026-06-28 01:56:37,649 [INFO] src.corpus_acquisition.downloader: Downloading page 14 from https://i.prcdn.co/img?file=eaaj2025092300000000001001&page=14&scale=200&ticket=AC23AzsIQUCp4yq2EMH%2F47M%3D
2026-06-28 01:56:38,414 [INFO] src.corpus_acquisition.downloader: Downloading page 15 from https://i.prcdn.co/img?file=eaaj2025092300000000001001&page=15&scale=200&ticket=AM865AiPg7HfWRhqFofylhM%3D
2026-06-28 01:56:39,039 [INFO] src.corpus_acquisition.downloader: Downloading page 16 from https://i.prcdn.co/img?file=eaaj2025092300000000001001&page=16&scale=200&ticket=AA%2Bh%2FldEOdGzERGXvR3u9pg%3D
2026-06-28 01:56:39,770 [INFO] src.corpus_acquisition.downloader: Downloading page 17 from https://i.prcdn.co/img?file=eaaj2025092300000000001001&page=17&scale=200&ticket=ALl8nPZaa4KwU2dxAf7BSfA%3D
2026-06-28 01:56:39,811 [INFO] src.corpus_acquisition.downloader: Downloading page 18 from https://i.prcdn.co/img?file=eaaj2025092300000000001001&page=18&scale=200&ticket=AE1OokAH7jsFmhEV9dr1ZLM%3D
2026-06-28 01:56:39,855 [INFO] src.corpus_acquisition.downloader: Downloading page 19 from https://i.prcdn.co/img?file=eaaj2025092300000000001001&page=19&scale=200&ticket=ABQAt0Z%2FKFJLCI7wfW7HK4Y%3D
2026-06-28 01:56:40,666 [INFO] src.corpus_acquisition.downloader: Downloading page 20 from https://i.prcdn.co/img?file=eaaj2025092300000000001001&page=20&scale=200&ticket=AO%2FJJpJcb1irjXcFgxmPzD8%3D
2026-06-28 01:56:41,492 [INFO] src.corpus_acquisition.metadata_extractor: Saved metadata for 20 page(s) -> data/raw/metadata/raw_metadata.parquet (total rows: 16513)
2026-06-28 01:56:41,497 [INFO] src.corpus_acquisition.metadata_extractor: Saved crawl log -> data/raw/crawl_logs/elcomercio_2025-09-23.json (status=success)
2026-06-28 01:56:45,773 [INFO] src.corpus_acquisition.downloader: Opening archive for elcomercio on 2025-09-24
2026-06-28 01:56:51,889 [INFO] src.corpus_acquisition.downloader: Collected 7 / 60 pages
2026-06-28 01:56:56,073 [INFO] src.corpus_acquisition.downloader: Collected 9 / 60 pages
2026-06-28 01:56:58,174 [INFO] src.corpus_acquisition.downloader: Collected 11 / 60 pages
2026-06-28 01:57:00,272 [INFO] src.corpus_acquisition.downloader: Collected 13 / 60 pages
2026-06-28 01:57:02,471 [INFO] src.corpus_acquisition.downloader: Collected 15 / 60 pages
2026-06-28 01:57:04,560 [INFO] src.corpus_acquisition.downloader: Collected 17 / 60 pages
2026-06-28 01:57:06,660 [INFO] src.corpus_acquisition.downloader: Collected 19 / 60 pages
2026-06-28 01:57:08,767 [INFO] src.corpus_acquisition.downloader: Collected 20 / 60 pages
2026-06-28 01:57:15,038 [WARNING] src.corpus_acquisition.downloader: No new pages found after 3 attempts; stopping with 20 page(s).
2026-06-28 01:57:15,051 [INFO] src.corpus_acquisition.downloader: Downloading page 1 from https://t.prcdn.co/img?file=eaaj2025092400000000001001&page=1&scale=200
2026-06-28 01:57:15,924 [INFO] src.corpus_acquisition.downloader: Downloading page 2 from https://i.prcdn.co/img?file=eaaj2025092400000000001001&page=2&scale=200&ticket=AJD2RmbYd7ZeZ8kSxB8u3W4%3D
2026-06-28 01:57:16,443 [INFO] src.corpus_acquisition.downloader: Downloading page 3 from https://i.prcdn.co/img?file=eaaj2025092400000000001001&page=3&scale=200&ticket=ABKWZnLIs1v75lKDGxzUMi0%3D
2026-06-28 01:57:16,503 [INFO] src.corpus_acquisition.downloader: Downloading page 4 from https://i.prcdn.co/img?file=eaaj2025092400000000001001&page=4&scale=200&ticket=AFAY6ACEVvx8RGc6Vn3RUCg%3D
2026-06-28 01:57:16,566 [INFO] src.corpus_acquisition.downloader: Downloading page 5 from https://i.prcdn.co/img?file=eaaj2025092400000000001001&page=5&scale=200&ticket=AGtgcXkrZDk332yo%2BtPVeFE%3D
2026-06-28 01:57:17,189 [INFO] src.corpus_acquisition.downloader: Downloading page 6 from https://i.prcdn.co/img?file=eaaj2025092400000000001001&page=6&scale=200&ticket=AJiYuXoHloM9HVAOAi9Mhyg%3D
2026-06-28 01:57:18,922 [INFO] src.corpus_acquisition.downloader: Downloading page 7 from https://i.prcdn.co/img?file=eaaj2025092400000000001001&page=7&scale=200&ticket=ADQcV%2F%2B%2Boe08CJxujqwSgKk%3D
2026-06-28 01:57:19,777 [INFO] src.corpus_acquisition.downloader: Downloading page 8 from https://i.prcdn.co/img?file=eaaj2025092400000000001001&page=8&scale=200&ticket=AJfY01%2F6OG2r3Sr8MY2zmuQ%3D
2026-06-28 01:57:20,292 [INFO] src.corpus_acquisition.downloader: Downloading page 9 from https://i.prcdn.co/img?file=eaaj2025092400000000001001&page=9&scale=200&ticket=ABobu1mxL%2B%2F3Ryl7Ld%2B%2FXSg%3D
2026-06-28 01:57:21,181 [INFO] src.corpus_acquisition.downloader: Downloading page 10 from https://i.prcdn.co/img?file=eaaj2025092400000000001001&page=10&scale=200&ticket=ABg0zEns3B9v6JSferppCdY%3D
2026-06-28 01:57:22,004 [INFO] src.corpus_acquisition.downloader: Downloading page 11 from https://i.prcdn.co/img?file=eaaj2025092400000000001001&page=11&scale=200&ticket=ANiX0qGnyYdY15W1Sre%2Bm0k%3D
2026-06-28 01:57:22,092 [INFO] src.corpus_acquisition.downloader: Downloading page 12 from https://i.prcdn.co/img?file=eaaj2025092400000000001001&page=12&scale=200&ticket=APebiYpoEgXyth9k%2FN69D7o%3D
2026-06-28 01:57:22,957 [INFO] src.corpus_acquisition.downloader: Downloading page 13 from https://i.prcdn.co/img?file=eaaj2025092400000000001001&page=13&scale=200&ticket=AGoaJS7vwtfMeq2Nh%2FBKqyo%3D
2026-06-28 01:57:23,109 [INFO] src.corpus_acquisition.downloader: Downloading page 14 from https://i.prcdn.co/img?file=eaaj2025092400000000001001&page=14&scale=200&ticket=ABvJ7klBfxh1eVLZvuK1k%2Fk%3D
2026-06-28 01:57:24,061 [INFO] src.corpus_acquisition.downloader: Downloading page 15 from https://i.prcdn.co/img?file=eaaj2025092400000000001001&page=15&scale=200&ticket=AKyJ0ELu7TXZles%2BlumeCRA%3D
2026-06-28 01:57:24,957 [INFO] src.corpus_acquisition.downloader: Downloading page 16 from https://i.prcdn.co/img?file=eaaj2025092400000000001001&page=16&scale=200&ticket=APMU5jtP6khNfvHIxVURUVE%3D
2026-06-28 01:57:25,101 [INFO] src.corpus_acquisition.downloader: Downloading page 17 from https://i.prcdn.co/img?file=eaaj2025092400000000001001&page=17&scale=200&ticket=ANrf%2Flziiq9N8ewUh9sZ82M%3D
2026-06-28 01:57:25,233 [INFO] src.corpus_acquisition.downloader: Downloading page 18 from https://i.prcdn.co/img?file=eaaj2025092400000000001001&page=18&scale=200&ticket=AIknbiK1ZEsWTbLWDiL6Wlg%3D
2026-06-28 01:57:25,373 [INFO] src.corpus_acquisition.downloader: Downloading page 19 from https://i.prcdn.co/img?file=eaaj2025092400000000001001&page=19&scale=200&ticket=ANR6XZ0ygPNKWRBxvKPpsz4%3D
2026-06-28 01:57:26,129 [INFO] src.corpus_acquisition.downloader: Downloading page 20 from https://i.prcdn.co/img?file=eaaj2025092400000000001001&page=20&scale=200&ticket=AC%2BYDjGrUdvj7I7UXzDG2mo%3D
2026-06-28 01:57:26,204 [INFO] src.corpus_acquisition.metadata_extractor: Saved metadata for 20 page(s) -> data/raw/metadata/raw_metadata.parquet (total rows: 16533)
2026-06-28 01:57:26,207 [INFO] src.corpus_acquisition.metadata_extractor: Saved crawl log -> data/raw/crawl_logs/elcomercio_2025-09-24.json (status=success)
2026-06-28 01:57:32,901 [INFO] src.corpus_acquisition.downloader: Opening archive for elcomercio on 2025-09-25
2026-06-28 01:57:38,832 [INFO] src.corpus_acquisition.downloader: Collected 7 / 60 pages
2026-06-28 01:57:43,000 [INFO] src.corpus_acquisition.downloader: Collected 9 / 60 pages
2026-06-28 01:57:45,091 [INFO] src.corpus_acquisition.downloader: Collected 11 / 60 pages
2026-06-28 01:57:47,186 [INFO] src.corpus_acquisition.downloader: Collected 13 / 60 pages
2026-06-28 01:57:49,377 [INFO] src.corpus_acquisition.downloader: Collected 15 / 60 pages
2026-06-28 01:57:51,470 [INFO] src.corpus_acquisition.downloader: Collected 17 / 60 pages
2026-06-28 01:57:53,553 [INFO] src.corpus_acquisition.downloader: Collected 19 / 60 pages
2026-06-28 01:57:55,651 [INFO] src.corpus_acquisition.downloader: Collected 20 / 60 pages
2026-06-28 01:58:01,921 [WARNING] src.corpus_acquisition.downloader: No new pages found after 3 attempts; stopping with 20 page(s).
2026-06-28 01:58:01,938 [INFO] src.corpus_acquisition.downloader: Downloading page 1 from https://t.prcdn.co/img?file=eaaj2025092500000000001001&page=1&scale=200
2026-06-28 01:58:02,443 [INFO] src.corpus_acquisition.downloader: Downloading page 2 from https://i.prcdn.co/img?file=eaaj2025092500000000001001&page=2&scale=200&ticket=ACnhVObcQKyMJ4sG1oDfffQ%3D
2026-06-28 01:58:03,103 [INFO] src.corpus_acquisition.downloader: Downloading page 3 from https://i.prcdn.co/img?file=eaaj2025092500000000001001&page=3&scale=200&ticket=AGoTfqegz5VqCsH8LS7qnO8%3D
2026-06-28 01:58:03,976 [INFO] src.corpus_acquisition.downloader: Downloading page 4 from https://i.prcdn.co/img?file=eaaj2025092500000000001001&page=4&scale=200&ticket=AK3RRFGD%2FTWUDvEEV71dkGw%3D
2026-06-28 01:58:04,738 [INFO] src.corpus_acquisition.downloader: Downloading page 5 from https://i.prcdn.co/img?file=eaaj2025092500000000001001&page=5&scale=200&ticket=AOz5rvb2qzzWrQP3raaiayg%3D
2026-06-28 01:58:04,794 [INFO] src.corpus_acquisition.downloader: Downloading page 6 from https://i.prcdn.co/img?file=eaaj2025092500000000001001&page=6&scale=200&ticket=AEOf%2BZuU3qP7MCtNOkSbix0%3D
2026-06-28 01:58:04,874 [INFO] src.corpus_acquisition.downloader: Downloading page 7 from https://i.prcdn.co/img?file=eaaj2025092500000000001001&page=7&scale=200&ticket=AJX228vv1EAT5r4u4SlaFV4%3D
2026-06-28 01:58:04,907 [INFO] src.corpus_acquisition.downloader: Downloading page 8 from https://i.prcdn.co/img?file=eaaj2025092500000000001001&page=8&scale=200&ticket=ALIYSTzNx4iQ89xEdkQZ2CU%3D
2026-06-28 01:58:04,948 [INFO] src.corpus_acquisition.downloader: Downloading page 9 from https://i.prcdn.co/img?file=eaaj2025092500000000001001&page=9&scale=200&ticket=AJ%2BMC%2B8XikX6Dh9QsfsXSkg%3D
2026-06-28 01:58:04,985 [INFO] src.corpus_acquisition.downloader: Downloading page 10 from https://i.prcdn.co/img?file=eaaj2025092500000000001001&page=10&scale=200&ticket=ACq3mAzfUT%2BW%2FM8SzRDvg78%3D
2026-06-28 01:58:05,027 [INFO] src.corpus_acquisition.downloader: Downloading page 11 from https://i.prcdn.co/img?file=eaaj2025092500000000001001&page=11&scale=200&ticket=AHMCTapsRC%2FoiTkoPXXn6I4%3D
2026-06-28 01:58:05,070 [INFO] src.corpus_acquisition.downloader: Downloading page 12 from https://i.prcdn.co/img?file=eaaj2025092500000000001001&page=12&scale=200&ticket=AI6gJm9H5mfSH0Q26q9rvYU%3D
2026-06-28 01:58:05,204 [INFO] src.corpus_acquisition.downloader: Downloading page 13 from https://i.prcdn.co/img?file=eaaj2025092500000000001001&page=13&scale=200&ticket=AOWcsLwy%2BqlggNGUPZbqAGs%3D
2026-06-28 01:58:05,812 [INFO] src.corpus_acquisition.downloader: Downloading page 14 from https://i.prcdn.co/img?file=eaaj2025092500000000001001&page=14&scale=200&ticket=AInD6Tb2TYwo%2FudJU3MU%2B5s%3D
2026-06-28 01:58:05,853 [INFO] src.corpus_acquisition.downloader: Downloading page 15 from https://i.prcdn.co/img?file=eaaj2025092500000000001001&page=15&scale=200&ticket=APTcN%2Bi3gF%2BtruwkowbWk4E%3D
2026-06-28 01:58:06,537 [INFO] src.corpus_acquisition.downloader: Downloading page 16 from https://i.prcdn.co/img?file=eaaj2025092500000000001001&page=16&scale=200&ticket=AH89QqHTlwq%2Fv%2BrtW6L%2FdDw%3D
2026-06-28 01:58:06,595 [INFO] src.corpus_acquisition.downloader: Downloading page 17 from https://i.prcdn.co/img?file=eaaj2025092500000000001001&page=17&scale=200&ticket=AFY1hPUK9XPkxdxnrM52B8g%3D
2026-06-28 01:58:07,284 [INFO] src.corpus_acquisition.downloader: Downloading page 18 from https://i.prcdn.co/img?file=eaaj2025092500000000001001&page=18&scale=200&ticket=AEcoDG%2Fvk4NNlHES65lal20%3D
2026-06-28 01:58:08,215 [INFO] src.corpus_acquisition.downloader: Downloading page 19 from https://i.prcdn.co/img?file=eaaj2025092500000000001001&page=19&scale=200&ticket=AObRkg2uabvYHoS6FaMLX58%3D
2026-06-28 01:58:08,885 [INFO] src.corpus_acquisition.downloader: Downloading page 20 from https://i.prcdn.co/img?file=eaaj2025092500000000001001&page=20&scale=200&ticket=AHWYqGW7GKK3PjYbjfEDMfs%3D
2026-06-28 01:58:08,962 [INFO] src.corpus_acquisition.metadata_extractor: Saved metadata for 20 page(s) -> data/raw/metadata/raw_metadata.parquet (total rows: 16553)
2026-06-28 01:58:08,965 [INFO] src.corpus_acquisition.metadata_extractor: Saved crawl log -> data/raw/crawl_logs/elcomercio_2025-09-25.json (status=success)
2026-06-28 01:58:14,090 [INFO] src.corpus_acquisition.downloader: Opening archive for elcomercio on 2025-09-26
2026-06-28 01:58:19,945 [INFO] src.corpus_acquisition.downloader: Collected 7 / 60 pages
2026-06-28 01:58:24,098 [INFO] src.corpus_acquisition.downloader: Collected 9 / 60 pages
2026-06-28 01:58:26,188 [INFO] src.corpus_acquisition.downloader: Collected 11 / 60 pages
2026-06-28 01:58:28,284 [INFO] src.corpus_acquisition.downloader: Collected 13 / 60 pages
2026-06-28 01:58:30,483 [INFO] src.corpus_acquisition.downloader: Collected 15 / 60 pages
2026-06-28 01:58:32,574 [INFO] src.corpus_acquisition.downloader: Collected 17 / 60 pages
2026-06-28 01:58:34,671 [INFO] src.corpus_acquisition.downloader: Collected 19 / 60 pages
2026-06-28 01:58:36,766 [INFO] src.corpus_acquisition.downloader: Collected 20 / 60 pages
2026-06-28 01:58:43,050 [WARNING] src.corpus_acquisition.downloader: No new pages found after 3 attempts; stopping with 20 page(s).
2026-06-28 01:58:43,065 [INFO] src.corpus_acquisition.downloader: Downloading page 1 from https://t.prcdn.co/img?file=eaaj2025092600000000001001&page=1&scale=200
2026-06-28 01:58:43,813 [INFO] src.corpus_acquisition.downloader: Downloading page 2 from https://i.prcdn.co/img?file=eaaj2025092600000000001001&page=2&scale=200&ticket=AE7yd9BMf4GjfkyAUFg0IIQ%3D
2026-06-28 01:58:43,852 [INFO] src.corpus_acquisition.downloader: Downloading page 3 from https://i.prcdn.co/img?file=eaaj2025092600000000001001&page=3&scale=200&ticket=AK8CMVabJBLfa60KB%2BZRJfo%3D
2026-06-28 01:58:43,892 [INFO] src.corpus_acquisition.downloader: Downloading page 4 from https://i.prcdn.co/img?file=eaaj2025092600000000001001&page=4&scale=200&ticket=AJL7zsiW1WW5RuJfVDr14ew%3D
2026-06-28 01:58:43,955 [INFO] src.corpus_acquisition.downloader: Downloading page 5 from https://i.prcdn.co/img?file=eaaj2025092600000000001001&page=5&scale=200&ticket=AAT40z5TMAQzknsGW7%2F2mNY%3D
2026-06-28 01:58:44,444 [INFO] src.corpus_acquisition.downloader: Downloading page 6 from https://i.prcdn.co/img?file=eaaj2025092600000000001001&page=6&scale=200&ticket=AILZUOpyb52XUrTuMqY%2FV6U%3D
2026-06-28 01:58:46,051 [INFO] src.corpus_acquisition.downloader: Downloading page 7 from https://i.prcdn.co/img?file=eaaj2025092600000000001001&page=7&scale=200&ticket=AJiQIMC83j5XbKIqRCVu4gE%3D
2026-06-28 01:58:46,661 [INFO] src.corpus_acquisition.downloader: Downloading page 8 from https://i.prcdn.co/img?file=eaaj2025092600000000001001&page=8&scale=200&ticket=AIqegE3Q7eJKgQV%2B11DXA%2FU%3D
2026-06-28 01:58:47,460 [INFO] src.corpus_acquisition.downloader: Downloading page 9 from https://i.prcdn.co/img?file=eaaj2025092600000000001001&page=9&scale=200&ticket=AKAQNPsZasEbnM0jVBVGwao%3D
2026-06-28 01:58:47,504 [INFO] src.corpus_acquisition.downloader: Downloading page 10 from https://i.prcdn.co/img?file=eaaj2025092600000000001001&page=10&scale=200&ticket=ADCY1GJ2%2FfScguqAeNOk8Xk%3D
2026-06-28 01:58:48,058 [INFO] src.corpus_acquisition.downloader: Downloading page 11 from https://i.prcdn.co/img?file=eaaj2025092600000000001001&page=11&scale=200&ticket=AO02dWcFuAUz6m7v8v5skns%3D
2026-06-28 01:58:48,620 [INFO] src.corpus_acquisition.downloader: Downloading page 12 from https://i.prcdn.co/img?file=eaaj2025092600000000001001&page=12&scale=200&ticket=AIxqyHFunN92NQ%2FrtgiuLxc%3D
2026-06-28 01:58:49,336 [INFO] src.corpus_acquisition.downloader: Downloading page 13 from https://i.prcdn.co/img?file=eaaj2025092600000000001001&page=13&scale=200&ticket=AMvAl6aJenLX%2FDrcy2a1NRY%3D
2026-06-28 01:58:49,811 [INFO] src.corpus_acquisition.downloader: Downloading page 14 from https://i.prcdn.co/img?file=eaaj2025092600000000001001&page=14&scale=200&ticket=AEcIU9O5605TOLJslDQlfdA%3D
2026-06-28 01:58:49,864 [INFO] src.corpus_acquisition.downloader: Downloading page 15 from https://i.prcdn.co/img?file=eaaj2025092600000000001001&page=15&scale=200&ticket=AGGNUq4XounkfapIPHV4R64%3D
2026-06-28 01:58:49,914 [INFO] src.corpus_acquisition.downloader: Downloading page 16 from https://i.prcdn.co/img?file=eaaj2025092600000000001001&page=16&scale=200&ticket=ABmfsgH5FuHRBhRUX4UgzpI%3D
2026-06-28 01:58:50,514 [INFO] src.corpus_acquisition.downloader: Downloading page 17 from https://i.prcdn.co/img?file=eaaj2025092600000000001001&page=17&scale=200&ticket=ACixOM7ukwTK%2BavbZrgGqgk%3D
2026-06-28 01:58:51,112 [INFO] src.corpus_acquisition.downloader: Downloading page 18 from https://i.prcdn.co/img?file=eaaj2025092600000000001001&page=18&scale=200&ticket=AE%2Fd6YYqkOC3Dw%2FDwNPuvCg%3D
2026-06-28 01:58:51,238 [INFO] src.corpus_acquisition.downloader: Downloading page 19 from https://i.prcdn.co/img?file=eaaj2025092600000000001001&page=19&scale=200&ticket=AGc1BrUQusXiJMktCeHPIWA%3D
2026-06-28 01:58:51,293 [INFO] src.corpus_acquisition.downloader: Downloading page 20 from https://i.prcdn.co/img?file=eaaj2025092600000000001001&page=20&scale=200&ticket=AJyI8shOhNmqJtzQ9%2BvMuhM%3D
2026-06-28 01:58:51,904 [INFO] src.corpus_acquisition.metadata_extractor: Saved metadata for 20 page(s) -> data/raw/metadata/raw_metadata.parquet (total rows: 16573)
2026-06-28 01:58:51,906 [INFO] src.corpus_acquisition.metadata_extractor: Saved crawl log -> data/raw/crawl_logs/elcomercio_2025-09-26.json (status=success)
2026-06-28 01:58:55,863 [INFO] src.corpus_acquisition.downloader: Opening archive for elcomercio on 2025-09-27
2026-06-28 01:59:01,725 [INFO] src.corpus_acquisition.downloader: Collected 7 / 60 pages
2026-06-28 01:59:05,899 [INFO] src.corpus_acquisition.downloader: Collected 9 / 60 pages
2026-06-28 01:59:07,982 [INFO] src.corpus_acquisition.downloader: Collected 11 / 60 pages
2026-06-28 01:59:10,072 [INFO] src.corpus_acquisition.downloader: Collected 13 / 60 pages
2026-06-28 01:59:12,270 [INFO] src.corpus_acquisition.downloader: Collected 15 / 60 pages
2026-06-28 01:59:14,372 [INFO] src.corpus_acquisition.downloader: Collected 17 / 60 pages
2026-06-28 01:59:16,467 [INFO] src.corpus_acquisition.downloader: Collected 19 / 60 pages
2026-06-28 01:59:18,569 [INFO] src.corpus_acquisition.downloader: Collected 21 / 60 pages
2026-06-28 01:59:20,667 [INFO] src.corpus_acquisition.downloader: Collected 23 / 60 pages
2026-06-28 01:59:22,765 [INFO] src.corpus_acquisition.downloader: Collected 24 / 60 pages
2026-06-28 01:59:29,038 [WARNING] src.corpus_acquisition.downloader: No new pages found after 3 attempts; stopping with 24 page(s).
2026-06-28 01:59:29,056 [INFO] src.corpus_acquisition.downloader: Downloading page 1 from https://t.prcdn.co/img?file=eaaj2025092700000000001001&page=1&scale=200
2026-06-28 01:59:29,712 [INFO] src.corpus_acquisition.downloader: Downloading page 2 from https://i.prcdn.co/img?file=eaaj2025092700000000001001&page=2&scale=200&ticket=ABGnVPzNeAsNs1oDPb733Jk%3D
2026-06-28 01:59:30,478 [INFO] src.corpus_acquisition.downloader: Downloading page 3 from https://i.prcdn.co/img?file=eaaj2025092700000000001001&page=3&scale=200&ticket=AIQbyeDQYukjHRlXXBBRdyI%3D
2026-06-28 01:59:31,573 [INFO] src.corpus_acquisition.downloader: Downloading page 4 from https://i.prcdn.co/img?file=eaaj2025092700000000001001&page=4&scale=200&ticket=AD5KasY345nmH%2FtJL47TseI%3D
2026-06-28 01:59:32,078 [INFO] src.corpus_acquisition.downloader: Downloading page 5 from https://i.prcdn.co/img?file=eaaj2025092700000000001001&page=5&scale=200&ticket=AAjMUX0jRmJxKEXECzx7B6A%3D
2026-06-28 01:59:32,138 [INFO] src.corpus_acquisition.downloader: Downloading page 6 from https://i.prcdn.co/img?file=eaaj2025092700000000001001&page=6&scale=200&ticket=AH%2BUAl%2BmBcrzYa1qpAkEHsA%3D
2026-06-28 01:59:33,372 [INFO] src.corpus_acquisition.downloader: Downloading page 7 from https://i.prcdn.co/img?file=eaaj2025092700000000001001&page=7&scale=200&ticket=ALXjMv0hnjTOS1VVGJqTU%2Bg%3D
2026-06-28 01:59:34,041 [INFO] src.corpus_acquisition.downloader: Downloading page 8 from https://i.prcdn.co/img?file=eaaj2025092700000000001001&page=8&scale=200&ticket=AB62Dx%2FKfY1TF0Bi7Y2qpUs%3D
2026-06-28 01:59:34,118 [INFO] src.corpus_acquisition.downloader: Downloading page 9 from https://i.prcdn.co/img?file=eaaj2025092700000000001001&page=9&scale=200&ticket=AD69ohdk%2FLw5GEqh9Dps0cM%3D
2026-06-28 01:59:34,737 [INFO] src.corpus_acquisition.downloader: Downloading page 10 from https://i.prcdn.co/img?file=eaaj2025092700000000001001&page=10&scale=200&ticket=AAAwk9pAnLClf23zutpdTgQ%3D
2026-06-28 01:59:34,780 [INFO] src.corpus_acquisition.downloader: Downloading page 11 from https://i.prcdn.co/img?file=eaaj2025092700000000001001&page=11&scale=200&ticket=AJf8z4RGG2okBQo5lVRwOGc%3D
2026-06-28 01:59:34,932 [INFO] src.corpus_acquisition.downloader: Downloading page 12 from https://i.prcdn.co/img?file=eaaj2025092700000000001001&page=12&scale=200&ticket=AGlSHFDCs2XNTZPDXF7xKrc%3D
2026-06-28 01:59:35,448 [INFO] src.corpus_acquisition.downloader: Downloading page 13 from https://i.prcdn.co/img?file=eaaj2025092700000000001001&page=13&scale=200&ticket=AFXV7oOLnO8R0SvwhJAA9oo%3D
2026-06-28 01:59:36,698 [INFO] src.corpus_acquisition.downloader: Downloading page 14 from https://i.prcdn.co/img?file=eaaj2025092700000000001001&page=14&scale=200&ticket=AP7rGETb%2FZGWvdUdv4Nmm9E%3D
2026-06-28 01:59:37,569 [INFO] src.corpus_acquisition.downloader: Downloading page 15 from https://i.prcdn.co/img?file=eaaj2025092700000000001001&page=15&scale=200&ticket=AMUmoXRWQT4q%2Fk1phGHXH48%3D
2026-06-28 01:59:37,687 [INFO] src.corpus_acquisition.downloader: Downloading page 16 from https://i.prcdn.co/img?file=eaaj2025092700000000001001&page=16&scale=200&ticket=AOLwBin9WKBF3KNHLDE9R9Y%3D
2026-06-28 01:59:37,729 [INFO] src.corpus_acquisition.downloader: Downloading page 17 from https://i.prcdn.co/img?file=eaaj2025092700000000001001&page=17&scale=200&ticket=AJ2MMqLVWw9jBlghnmdL0P8%3D
2026-06-28 01:59:37,783 [INFO] src.corpus_acquisition.downloader: Downloading page 18 from https://i.prcdn.co/img?file=eaaj2025092700000000001001&page=18&scale=200&ticket=ABcCROjGAfQ0xDwbvDasHmg%3D
2026-06-28 01:59:38,294 [INFO] src.corpus_acquisition.downloader: Downloading page 19 from https://i.prcdn.co/img?file=eaaj2025092700000000001001&page=19&scale=200&ticket=AEuWDR1OnX2AIsN2RCIUxEw%3D
2026-06-28 01:59:38,809 [INFO] src.corpus_acquisition.downloader: Downloading page 20 from https://i.prcdn.co/img?file=eaaj2025092700000000001001&page=20&scale=200&ticket=AF45nYdgqT95U9h%2F7bomCm0%3D
2026-06-28 01:59:39,544 [INFO] src.corpus_acquisition.downloader: Downloading page 21 from https://i.prcdn.co/img?file=eaaj2025092700000000001001&page=21&scale=200&ticket=ADdUhI5o5JLVWpqQ%2BHgR7gc%3D
2026-06-28 01:59:39,589 [INFO] src.corpus_acquisition.downloader: Downloading page 22 from https://i.prcdn.co/img?file=eaaj2025092700000000001001&page=22&scale=200&ticket=AIK%2FC%2BeeqQcwFBfglL%2BpsGA%3D
2026-06-28 01:59:40,348 [INFO] src.corpus_acquisition.downloader: Downloading page 23 from https://i.prcdn.co/img?file=eaaj2025092700000000001001&page=23&scale=200&ticket=AKqYgTYHrNoJb3N%2F8d5vEjY%3D
2026-06-28 01:59:41,074 [INFO] src.corpus_acquisition.downloader: Downloading page 24 from https://i.prcdn.co/img?file=eaaj2025092700000000001001&page=24&scale=200&ticket=AJopofWOZ3FQcopJB%2FJ7MHs%3D
2026-06-28 01:59:41,709 [INFO] src.corpus_acquisition.metadata_extractor: Saved metadata for 24 page(s) -> data/raw/metadata/raw_metadata.parquet (total rows: 16597)
2026-06-28 01:59:41,712 [INFO] src.corpus_acquisition.metadata_extractor: Saved crawl log -> data/raw/crawl_logs/elcomercio_2025-09-27.json (status=success)
2026-06-28 01:59:44,828 [INFO] src.corpus_acquisition.downloader: Opening archive for elcomercio on 2025-09-28
2026-06-28 01:59:50,726 [INFO] src.corpus_acquisition.downloader: Collected 7 / 60 pages
2026-06-28 01:59:54,890 [INFO] src.corpus_acquisition.downloader: Collected 9 / 60 pages
2026-06-28 01:59:56,984 [INFO] src.corpus_acquisition.downloader: Collected 11 / 60 pages
2026-06-28 01:59:59,081 [INFO] src.corpus_acquisition.downloader: Collected 13 / 60 pages
2026-06-28 02:00:01,160 [INFO] src.corpus_acquisition.downloader: Collected 15 / 60 pages
2026-06-28 02:00:03,255 [INFO] src.corpus_acquisition.downloader: Collected 17 / 60 pages
2026-06-28 02:00:05,389 [INFO] src.corpus_acquisition.downloader: Collected 19 / 60 pages
2026-06-28 02:00:07,480 [INFO] src.corpus_acquisition.downloader: Collected 21 / 60 pages
2026-06-28 02:00:09,572 [INFO] src.corpus_acquisition.downloader: Collected 23 / 60 pages
2026-06-28 02:00:11,667 [INFO] src.corpus_acquisition.downloader: Collected 24 / 60 pages
2026-06-28 02:00:13,770 [INFO] src.corpus_acquisition.downloader: Collected 27 / 60 pages
2026-06-28 02:00:15,860 [INFO] src.corpus_acquisition.downloader: Collected 29 / 60 pages
2026-06-28 02:00:17,947 [INFO] src.corpus_acquisition.downloader: Collected 31 / 60 pages
2026-06-28 02:00:20,034 [INFO] src.corpus_acquisition.downloader: Collected 33 / 60 pages
2026-06-28 02:00:22,134 [INFO] src.corpus_acquisition.downloader: Collected 35 / 60 pages
2026-06-28 02:00:24,338 [INFO] src.corpus_acquisition.downloader: Collected 37 / 60 pages
2026-06-28 02:00:26,433 [INFO] src.corpus_acquisition.downloader: Collected 39 / 60 pages
2026-06-28 02:00:28,538 [INFO] src.corpus_acquisition.downloader: Collected 41 / 60 pages
2026-06-28 02:00:30,636 [INFO] src.corpus_acquisition.downloader: Collected 43 / 60 pages
2026-06-28 02:00:32,740 [INFO] src.corpus_acquisition.downloader: Collected 45 / 60 pages
2026-06-28 02:00:34,836 [INFO] src.corpus_acquisition.downloader: Collected 47 / 60 pages
2026-06-28 02:00:36,932 [INFO] src.corpus_acquisition.downloader: Collected 48 / 60 pages
2026-06-28 02:00:43,248 [WARNING] src.corpus_acquisition.downloader: No new pages found after 3 attempts; stopping with 48 page(s).
2026-06-28 02:00:43,261 [INFO] src.corpus_acquisition.downloader: Downloading page 1 from https://t.prcdn.co/img?file=eaaj2025092800000000001001&page=1&scale=200
2026-06-28 02:00:43,304 [INFO] src.corpus_acquisition.downloader: Downloading page 2 from https://i.prcdn.co/img?file=eaaj2025092800000000001001&page=2&scale=200&ticket=AIob0QHDwSp8kIKxzTOKzj0%3D
2026-06-28 02:00:43,621 [INFO] src.corpus_acquisition.downloader: Downloading page 3 from https://i.prcdn.co/img?file=eaaj2025092800000000001001&page=3&scale=200&ticket=AKEJ7nR3Lp5lfP1LNQSJKGM%3D
2026-06-28 02:00:44,683 [INFO] src.corpus_acquisition.downloader: Downloading page 4 from https://i.prcdn.co/img?file=eaaj2025092800000000001001&page=4&scale=200&ticket=AOPGxP6E4McL9NEcL3uNYmE%3D
2026-06-28 02:00:44,743 [INFO] src.corpus_acquisition.downloader: Downloading page 5 from https://i.prcdn.co/img?file=eaaj2025092800000000001001&page=5&scale=200&ticket=ABoTsSCKbXmjIBIwHgtSQ4k%3D
2026-06-28 02:00:45,596 [INFO] src.corpus_acquisition.downloader: Downloading page 6 from https://i.prcdn.co/img?file=eaaj2025092800000000001001&page=6&scale=200&ticket=AI9WkIKuze95DzzzbYjPkGc%3D
2026-06-28 02:00:45,654 [INFO] src.corpus_acquisition.downloader: Downloading page 7 from https://i.prcdn.co/img?file=eaaj2025092800000000001001&page=7&scale=200&ticket=AOXPGhrXvJjfTSXDFp%2BNNfY%3D
2026-06-28 02:00:46,355 [INFO] src.corpus_acquisition.downloader: Downloading page 8 from https://i.prcdn.co/img?file=eaaj2025092800000000001001&page=8&scale=200&ticket=AHd6VUewUZ5RSP6qke9ACt4%3D
2026-06-28 02:00:46,901 [INFO] src.corpus_acquisition.downloader: Downloading page 9 from https://i.prcdn.co/img?file=eaaj2025092800000000001001&page=9&scale=200&ticket=AHp4EGDj98KUfXlddiOPYX0%3D
2026-06-28 02:00:47,623 [INFO] src.corpus_acquisition.downloader: Downloading page 10 from https://i.prcdn.co/img?file=eaaj2025092800000000001001&page=10&scale=200&ticket=AGAYR708w5AS8qn4P36x52o%3D
2026-06-28 02:00:56,094 [INFO] src.corpus_acquisition.downloader: Downloading page 11 from https://i.prcdn.co/img?file=eaaj2025092800000000001001&page=11&scale=200&ticket=AL4jRjxljTcxtc1HpQp1xCk%3D
2026-06-28 02:00:56,648 [INFO] src.corpus_acquisition.downloader: Downloading page 12 from https://i.prcdn.co/img?file=eaaj2025092800000000001001&page=12&scale=200&ticket=ABwefHdgYK1KXst%2B7QlVejM%3D
2026-06-28 02:00:57,225 [INFO] src.corpus_acquisition.downloader: Downloading page 13 from https://i.prcdn.co/img?file=eaaj2025092800000000001001&page=13&scale=200&ticket=AP0nap6m%2BuXQ35QdQN%2FJYPw%3D
2026-06-28 02:00:57,268 [INFO] src.corpus_acquisition.downloader: Downloading page 14 from https://i.prcdn.co/img?file=eaaj2025092800000000001001&page=14&scale=200&ticket=ACSyd4sxYoIV0sjSCfwZrVc%3D
2026-06-28 02:00:58,123 [INFO] src.corpus_acquisition.downloader: Downloading page 15 from https://i.prcdn.co/img?file=eaaj2025092800000000001001&page=15&scale=200&ticket=APxIwwvR7vEVXLJNg6nMUsA%3D
2026-06-28 02:00:59,145 [INFO] src.corpus_acquisition.downloader: Downloading page 16 from https://i.prcdn.co/img?file=eaaj2025092800000000001001&page=16&scale=200&ticket=AMMmCZn%2FCGpQYwsmQm2NlAM%3D
2026-06-28 02:00:59,753 [INFO] src.corpus_acquisition.downloader: Downloading page 17 from https://i.prcdn.co/img?file=eaaj2025092800000000001001&page=17&scale=200&ticket=ANWU5MiQURl5aIepYFRq6jU%3D
2026-06-28 02:01:00,313 [INFO] src.corpus_acquisition.downloader: Downloading page 18 from https://i.prcdn.co/img?file=eaaj2025092800000000001001&page=18&scale=200&ticket=AB5IuFr7cAExgpV4kG0rRgU%3D
2026-06-28 02:01:01,010 [INFO] src.corpus_acquisition.downloader: Downloading page 19 from https://i.prcdn.co/img?file=eaaj2025092800000000001001&page=19&scale=200&ticket=AAAVUNTK8IyU8%2BmlmQKkBXU%3D
2026-06-28 02:01:01,677 [INFO] src.corpus_acquisition.downloader: Downloading page 20 from https://i.prcdn.co/img?file=eaaj2025092800000000001001&page=20&scale=200&ticket=AK0Ugi%2FZ403r6NqTml8hQ8Q%3D
2026-06-28 02:01:01,741 [INFO] src.corpus_acquisition.downloader: Downloading page 21 from https://i.prcdn.co/img?file=eaaj2025092800000000001001&page=21&scale=200&ticket=AFpn9nLzhmZBpHAWtPFY0Nc%3D
2026-06-28 02:01:01,850 [INFO] src.corpus_acquisition.downloader: Downloading page 22 from https://i.prcdn.co/img?file=eaaj2025092800000000001001&page=22&scale=200&ticket=AC0S3fNQrN0FQ7dDjIX1gCQ%3D
2026-06-28 02:01:03,122 [INFO] src.corpus_acquisition.downloader: Downloading page 23 from https://i.prcdn.co/img?file=eaaj2025092800000000001001&page=23&scale=200&ticket=AOmNJNNcB3berIhpODg8s9U%3D
2026-06-28 02:01:04,096 [INFO] src.corpus_acquisition.downloader: Downloading page 24 from https://i.prcdn.co/img?file=eaaj2025092800000000001001&page=24&scale=200&ticket=AJ60FcHMAps2yIyjPNXvoaQ%3D
2026-06-28 02:01:04,793 [INFO] src.corpus_acquisition.downloader: Downloading page 25 from https://i.prcdn.co/img?file=eaaj2025092800000000001001&page=25&scale=200&ticket=ALOJP06WzUrEFBPxADc9Ys4%3D
2026-06-28 02:01:05,665 [INFO] src.corpus_acquisition.downloader: Downloading page 26 from https://i.prcdn.co/img?file=eaaj2025092800000000001001&page=26&scale=200&ticket=AG9QyLbFqwhdVVumZrXBT%2FA%3D
2026-06-28 02:01:06,362 [INFO] src.corpus_acquisition.downloader: Downloading page 27 from https://i.prcdn.co/img?file=eaaj2025092800000000001001&page=27&scale=200&ticket=AI5jh3TvDNUNN26gHnRJ%2Fmk%3D
2026-06-28 02:01:07,034 [INFO] src.corpus_acquisition.downloader: Downloading page 28 from https://i.prcdn.co/img?file=eaaj2025092800000000001001&page=28&scale=200&ticket=AE609ERLOvDtsxKXW7p1WJg%3D
2026-06-28 02:01:08,075 [INFO] src.corpus_acquisition.downloader: Downloading page 29 from https://i.prcdn.co/img?file=eaaj2025092800000000001001&page=29&scale=200&ticket=AFcAwkUXw8HKr0AyT6CZG2M%3D
2026-06-28 02:01:08,619 [INFO] src.corpus_acquisition.downloader: Downloading page 30 from https://i.prcdn.co/img?file=eaaj2025092800000000001001&page=30&scale=200&ticket=AI5dNbFeNAD6pMozdv1KTe4%3D
2026-06-28 02:01:09,330 [INFO] src.corpus_acquisition.downloader: Downloading page 31 from https://i.prcdn.co/img?file=eaaj2025092800000000001001&page=31&scale=200&ticket=APwQoe60YnDoQA0GJAdtV0c%3D
2026-06-28 02:01:09,886 [INFO] src.corpus_acquisition.downloader: Downloading page 32 from https://i.prcdn.co/img?file=eaaj2025092800000000001001&page=32&scale=200&ticket=AHuJ3zZYBMqe3hVTupXd15g%3D
2026-06-28 02:01:10,684 [INFO] src.corpus_acquisition.downloader: Downloading page 33 from https://i.prcdn.co/img?file=eaaj2025092800000000001001&page=33&scale=200&ticket=AIqlNdthN4qXtBbmioCoOVs%3D
2026-06-28 02:01:11,407 [INFO] src.corpus_acquisition.downloader: Downloading page 34 from https://i.prcdn.co/img?file=eaaj2025092800000000001001&page=34&scale=200&ticket=APgyPrjwwS8kfSx%2BsK2aiAQ%3D
2026-06-28 02:01:11,893 [INFO] src.corpus_acquisition.downloader: Downloading page 35 from https://i.prcdn.co/img?file=eaaj2025092800000000001001&page=35&scale=200&ticket=AGVBQhFs2l%2FXacD4kZAAJzQ%3D
2026-06-28 02:01:12,800 [INFO] src.corpus_acquisition.downloader: Downloading page 36 from https://i.prcdn.co/img?file=eaaj2025092800000000001001&page=36&scale=200&ticket=AE0WHjxtp3GQfcGs5kHc2F8%3D
2026-06-28 02:01:25,075 [INFO] src.corpus_acquisition.downloader: Downloading page 37 from https://i.prcdn.co/img?file=eaaj2025092800000000001001&page=37&scale=200&ticket=AGtfHLEwq9xpbSyZlgQaTiw%3D
2026-06-28 02:01:25,953 [INFO] src.corpus_acquisition.downloader: Downloading page 38 from https://i.prcdn.co/img?file=eaaj2025092800000000001001&page=38&scale=200&ticket=AGFlFm1wMi3%2BWPRQc0NePbs%3D
2026-06-28 02:01:26,469 [INFO] src.corpus_acquisition.downloader: Downloading page 39 from https://i.prcdn.co/img?file=eaaj2025092800000000001001&page=39&scale=200&ticket=AE3LldkA25J4kxAGbhVTJJA%3D
2026-06-28 02:01:27,155 [INFO] src.corpus_acquisition.downloader: Downloading page 40 from https://i.prcdn.co/img?file=eaaj2025092800000000001001&page=40&scale=200&ticket=ALAB%2BumXc01x49nBZDj2kmE%3D
2026-06-28 02:01:27,664 [INFO] src.corpus_acquisition.downloader: Downloading page 41 from https://i.prcdn.co/img?file=eaaj2025092800000000001001&page=41&scale=200&ticket=AFgY%2FaetwPtED7Vbn5gvg6o%3D
2026-06-28 02:01:29,077 [INFO] src.corpus_acquisition.downloader: Downloading page 42 from https://i.prcdn.co/img?file=eaaj2025092800000000001001&page=42&scale=200&ticket=AMrqbiuq1hUZNYHLXVUMjhI%3D
2026-06-28 02:01:29,670 [INFO] src.corpus_acquisition.downloader: Downloading page 43 from https://i.prcdn.co/img?file=eaaj2025092800000000001001&page=43&scale=200&ticket=AEr4%2FiGeb8WGgFAKu5BoYYk%3D
2026-06-28 02:01:30,420 [INFO] src.corpus_acquisition.downloader: Downloading page 44 from https://i.prcdn.co/img?file=eaaj2025092800000000001001&page=44&scale=200&ticket=AKeyfVrQMFplrIRXqTo8Edk%3D
2026-06-28 02:01:30,996 [INFO] src.corpus_acquisition.downloader: Downloading page 45 from https://i.prcdn.co/img?file=eaaj2025092800000000001001&page=45&scale=200&ticket=ABryCTl0WRMjoAhEzMsPE%2BM%3D
2026-06-28 02:01:31,696 [INFO] src.corpus_acquisition.downloader: Downloading page 46 from https://i.prcdn.co/img?file=eaaj2025092800000000001001&page=46&scale=200&ticket=AGa%2FbNpRt0m7pHiXGLzZ1hE%3D
2026-06-28 02:01:32,586 [INFO] src.corpus_acquisition.downloader: Downloading page 47 from https://i.prcdn.co/img?file=eaaj2025092800000000001001&page=47&scale=200&ticket=ANxUaxWAh%2FwNt00I0bV35b4%3D
2026-06-28 02:01:33,255 [INFO] src.corpus_acquisition.downloader: Downloading page 48 from https://i.prcdn.co/img?file=eaaj2025092800000000001001&page=48&scale=200&ticket=AAMdTNKlYqWQQKmWCBJyOn4%3D
2026-06-28 02:01:34,095 [INFO] src.corpus_acquisition.metadata_extractor: Saved metadata for 48 page(s) -> data/raw/metadata/raw_metadata.parquet (total rows: 16645)
2026-06-28 02:01:34,115 [INFO] src.corpus_acquisition.metadata_extractor: Saved crawl log -> data/raw/crawl_logs/elcomercio_2025-09-28.json (status=success)
2026-06-28 02:01:38,882 [INFO] src.corpus_acquisition.downloader: Opening archive for elcomercio on 2025-09-29
2026-06-28 02:01:45,283 [INFO] src.corpus_acquisition.downloader: Collected 7 / 60 pages
2026-06-28 02:01:52,474 [INFO] src.corpus_acquisition.downloader: Collected 9 / 60 pages
2026-06-28 02:01:54,563 [INFO] src.corpus_acquisition.downloader: Collected 11 / 60 pages
2026-06-28 02:01:58,761 [INFO] src.corpus_acquisition.downloader: Collected 13 / 60 pages
2026-06-28 02:02:00,855 [INFO] src.corpus_acquisition.downloader: Collected 15 / 60 pages
2026-06-28 02:02:02,947 [INFO] src.corpus_acquisition.downloader: Collected 17 / 60 pages
2026-06-28 02:02:05,048 [INFO] src.corpus_acquisition.downloader: Collected 19 / 60 pages
2026-06-28 02:02:22,460 [INFO] src.corpus_acquisition.downloader: Collected 20 / 60 pages
2026-06-28 02:02:28,866 [WARNING] src.corpus_acquisition.downloader: No new pages found after 3 attempts; stopping with 20 page(s).
2026-06-28 02:02:28,881 [INFO] src.corpus_acquisition.downloader: Downloading page 1 from https://t.prcdn.co/img?file=eaaj2025092900000000001001&page=1&scale=200
2026-06-28 02:02:28,948 [INFO] src.corpus_acquisition.downloader: Downloading page 2 from https://i.prcdn.co/img?file=eaaj2025092900000000001001&page=2&scale=200&ticket=AM6%2BUMc8FaB2TqWcwaM7pZI%3D
2026-06-28 02:02:29,711 [INFO] src.corpus_acquisition.downloader: Downloading page 3 from https://i.prcdn.co/img?file=eaaj2025092900000000001001&page=3&scale=200&ticket=AFQ0FimdoZkEMTwPOVUMlsk%3D
2026-06-28 02:02:29,761 [INFO] src.corpus_acquisition.downloader: Downloading page 4 from https://i.prcdn.co/img?file=eaaj2025092900000000001001&page=4&scale=200&ticket=AOEq%2FLqgYkrc8H0bCkycftE%3D
2026-06-28 02:02:30,700 [INFO] src.corpus_acquisition.downloader: Downloading page 5 from https://i.prcdn.co/img?file=eaaj2025092900000000001001&page=5&scale=200&ticket=AA%2F4P6KN9ZKmcOf9RXEH0ZM%3D
2026-06-28 02:02:30,748 [INFO] src.corpus_acquisition.downloader: Downloading page 6 from https://i.prcdn.co/img?file=eaaj2025092900000000001001&page=6&scale=200&ticket=AL7KA8H%2FFo9HvYbBXhzqaf4%3D
2026-06-28 02:02:31,656 [INFO] src.corpus_acquisition.downloader: Downloading page 7 from https://i.prcdn.co/img?file=eaaj2025092900000000001001&page=7&scale=200&ticket=AEUhwuoF7G6ED5XYJAXNRrs%3D
2026-06-28 02:02:32,267 [INFO] src.corpus_acquisition.downloader: Downloading page 8 from https://i.prcdn.co/img?file=eaaj2025092900000000001001&page=8&scale=200&ticket=AMSmolLlxTYGUT1GNQKwyNw%3D
2026-06-28 02:02:32,843 [INFO] src.corpus_acquisition.downloader: Downloading page 9 from https://i.prcdn.co/img?file=eaaj2025092900000000001001&page=9&scale=200&ticket=ABvGhBgl11%2BpGhZBPGv902g%3D
2026-06-28 02:02:33,619 [INFO] src.corpus_acquisition.downloader: Downloading page 10 from https://i.prcdn.co/img?file=eaaj2025092900000000001001&page=10&scale=200&ticket=AMuCPwyhIEtBovekl%2F9fMXU%3D
2026-06-28 02:02:34,427 [INFO] src.corpus_acquisition.downloader: Downloading page 11 from https://i.prcdn.co/img?file=eaaj2025092900000000001001&page=11&scale=200&ticket=AD9WXuzLaP8vXyURBn6UJOU%3D
2026-06-28 02:02:34,497 [INFO] src.corpus_acquisition.downloader: Downloading page 12 from https://i.prcdn.co/img?file=eaaj2025092900000000001001&page=12&scale=200&ticket=AKaiXg1O%2Fj%2Fn1LEMdmEUbGY%3D
2026-06-28 02:02:35,228 [INFO] src.corpus_acquisition.downloader: Downloading page 13 from https://i.prcdn.co/img?file=eaaj2025092900000000001001&page=13&scale=200&ticket=AC0LFGSH7J0VMntRKYb1%2BPA%3D
2026-06-28 02:02:35,337 [INFO] src.corpus_acquisition.downloader: Downloading page 14 from https://i.prcdn.co/img?file=eaaj2025092900000000001001&page=14&scale=200&ticket=AEEn6vbjy5BhTQ8PRsKuk8o%3D
2026-06-28 02:02:35,999 [INFO] src.corpus_acquisition.downloader: Downloading page 15 from https://i.prcdn.co/img?file=eaaj2025092900000000001001&page=15&scale=200&ticket=ALogmaL9z7crXjCn8PyGnto%3D
2026-06-28 02:02:36,738 [INFO] src.corpus_acquisition.downloader: Downloading page 16 from https://i.prcdn.co/img?file=eaaj2025092900000000001001&page=16&scale=200&ticket=AG7kUmnZjMjam0lB0Cce2bk%3D
2026-06-28 02:02:37,252 [INFO] src.corpus_acquisition.downloader: Downloading page 17 from https://i.prcdn.co/img?file=eaaj2025092900000000001001&page=17&scale=200&ticket=AFIahV2cnSayvyCvwcILIQg%3D
2026-06-28 02:02:37,771 [INFO] src.corpus_acquisition.downloader: Downloading page 18 from https://i.prcdn.co/img?file=eaaj2025092900000000001001&page=18&scale=200&ticket=ABdfy%2Bp8qfYS6jdPCcSbn3U%3D
2026-06-28 02:02:38,355 [INFO] src.corpus_acquisition.downloader: Downloading page 19 from https://i.prcdn.co/img?file=eaaj2025092900000000001001&page=19&scale=200&ticket=AGWNr%2BuYQFgLHxUJJ6fef%2Fc%3D
2026-06-28 02:02:38,397 [INFO] src.corpus_acquisition.downloader: Downloading page 20 from https://i.prcdn.co/img?file=eaaj2025092900000000001001&page=20&scale=200&ticket=AP94tin%2B3uiBO2WJ5BjsMWE%3D
2026-06-28 02:02:38,540 [INFO] src.corpus_acquisition.metadata_extractor: Saved metadata for 20 page(s) -> data/raw/metadata/raw_metadata.parquet (total rows: 16665)
2026-06-28 02:02:38,544 [INFO] src.corpus_acquisition.metadata_extractor: Saved crawl log -> data/raw/crawl_logs/elcomercio_2025-09-29.json (status=success)
2026-06-28 02:02:45,495 [INFO] src.corpus_acquisition.downloader: Opening archive for elcomercio on 2025-09-30
2026-06-28 02:02:51,385 [INFO] src.corpus_acquisition.downloader: Collected 7 / 60 pages
2026-06-28 02:02:55,557 [INFO] src.corpus_acquisition.downloader: Collected 9 / 60 pages
2026-06-28 02:02:57,644 [INFO] src.corpus_acquisition.downloader: Collected 11 / 60 pages
2026-06-28 02:02:59,747 [INFO] src.corpus_acquisition.downloader: Collected 13 / 60 pages
2026-06-28 02:03:01,845 [INFO] src.corpus_acquisition.downloader: Collected 15 / 60 pages
2026-06-28 02:03:04,048 [INFO] src.corpus_acquisition.downloader: Collected 17 / 60 pages
2026-06-28 02:03:06,143 [INFO] src.corpus_acquisition.downloader: Collected 19 / 60 pages
2026-06-28 02:03:08,237 [INFO] src.corpus_acquisition.downloader: Collected 20 / 60 pages
2026-06-28 02:03:14,507 [WARNING] src.corpus_acquisition.downloader: No new pages found after 3 attempts; stopping with 20 page(s).
2026-06-28 02:03:14,519 [INFO] src.corpus_acquisition.downloader: Downloading page 1 from https://t.prcdn.co/img?file=eaaj2025093000000000001001&page=1&scale=200
2026-06-28 02:03:14,586 [INFO] src.corpus_acquisition.downloader: Downloading page 2 from https://i.prcdn.co/img?file=eaaj2025093000000000001001&page=2&scale=200&ticket=AKmR8wH39J33crRoE2cXWRs%3D
2026-06-28 02:03:15,224 [INFO] src.corpus_acquisition.downloader: Downloading page 3 from https://i.prcdn.co/img?file=eaaj2025093000000000001001&page=3&scale=200&ticket=AMAJszluf4%2BEPdLzmfrablo%3D
2026-06-28 02:03:16,194 [INFO] src.corpus_acquisition.downloader: Downloading page 4 from https://i.prcdn.co/img?file=eaaj2025093000000000001001&page=4&scale=200&ticket=APP%2FyOEisw6DMFW%2FLdtDU0M%3D
2026-06-28 02:03:16,236 [INFO] src.corpus_acquisition.downloader: Downloading page 5 from https://i.prcdn.co/img?file=eaaj2025093000000000001001&page=5&scale=200&ticket=AJRPUxR2rIZDLSwAr6h593Y%3D
2026-06-28 02:03:16,271 [INFO] src.corpus_acquisition.downloader: Downloading page 6 from https://i.prcdn.co/img?file=eaaj2025093000000000001001&page=6&scale=200&ticket=AKE3PEw3cWVQjocZTtJUBa4%3D
2026-06-28 02:03:16,895 [INFO] src.corpus_acquisition.downloader: Downloading page 7 from https://i.prcdn.co/img?file=eaaj2025093000000000001001&page=7&scale=200&ticket=AGMoGzDzNgTo9y9cMt0KAdc%3D
2026-06-28 02:03:17,957 [INFO] src.corpus_acquisition.downloader: Downloading page 8 from https://i.prcdn.co/img?file=eaaj2025093000000000001001&page=8&scale=200&ticket=AMsxgb3n9VvlBlOIDBKdxSs%3D
2026-06-28 02:03:18,511 [INFO] src.corpus_acquisition.downloader: Downloading page 9 from https://i.prcdn.co/img?file=eaaj2025093000000000001001&page=9&scale=200&ticket=AM3BMWgcnRmc7uVnv4zxhxY%3D
2026-06-28 02:03:18,568 [INFO] src.corpus_acquisition.downloader: Downloading page 10 from https://i.prcdn.co/img?file=eaaj2025093000000000001001&page=10&scale=200&ticket=AN4jUwOZFTNlMEqfkTcW2zw%3D
2026-06-28 02:03:18,612 [INFO] src.corpus_acquisition.downloader: Downloading page 11 from https://i.prcdn.co/img?file=eaaj2025093000000000001001&page=11&scale=200&ticket=AH99OUw6rbao0sYaBouv7VY%3D
2026-06-28 02:03:18,654 [INFO] src.corpus_acquisition.downloader: Downloading page 12 from https://i.prcdn.co/img?file=eaaj2025093000000000001001&page=12&scale=200&ticket=AAuiQ0dCB9CosXsgFy%2BFkJ8%3D
2026-06-28 02:03:18,695 [INFO] src.corpus_acquisition.downloader: Downloading page 13 from https://i.prcdn.co/img?file=eaaj2025093000000000001001&page=13&scale=200&ticket=AFh%2FZhmZhFmnIF0qPvp%2FG8o%3D
2026-06-28 02:03:18,807 [INFO] src.corpus_acquisition.downloader: Downloading page 14 from https://i.prcdn.co/img?file=eaaj2025093000000000001001&page=14&scale=200&ticket=AAEYQHvKk7qA4vLQ1EBqzFY%3D
2026-06-28 02:03:18,848 [INFO] src.corpus_acquisition.downloader: Downloading page 15 from https://i.prcdn.co/img?file=eaaj2025093000000000001001&page=15&scale=200&ticket=AE47qSYofm2SK6TLTD0EED0%3D
2026-06-28 02:03:18,891 [INFO] src.corpus_acquisition.downloader: Downloading page 16 from https://i.prcdn.co/img?file=eaaj2025093000000000001001&page=16&scale=200&ticket=AM7OEjrgoq%2ByhH6cJblFOc0%3D
2026-06-28 02:03:19,442 [INFO] src.corpus_acquisition.downloader: Downloading page 17 from https://i.prcdn.co/img?file=eaaj2025093000000000001001&page=17&scale=200&ticket=AKNJ61LDJAGgnDn8H9lt8q8%3D
2026-06-28 02:03:20,134 [INFO] src.corpus_acquisition.downloader: Downloading page 18 from https://i.prcdn.co/img?file=eaaj2025093000000000001001&page=18&scale=200&ticket=AJySxFnsnhIo4AFyXy8GP%2FQ%3D
2026-06-28 02:03:20,680 [INFO] src.corpus_acquisition.downloader: Downloading page 19 from https://i.prcdn.co/img?file=eaaj2025093000000000001001&page=19&scale=200&ticket=AEyOvdolykaXKODqzMDpN94%3D
2026-06-28 02:03:20,724 [INFO] src.corpus_acquisition.downloader: Downloading page 20 from https://i.prcdn.co/img?file=eaaj2025093000000000001001&page=20&scale=200&ticket=AEw19N2fXww9VWq%2FV1uL6Sw%3D
2026-06-28 02:03:20,868 [INFO] src.corpus_acquisition.metadata_extractor: Saved metadata for 20 page(s) -> data/raw/metadata/raw_metadata.parquet (total rows: 16685)
2026-06-28 02:03:20,870 [INFO] src.corpus_acquisition.metadata_extractor: Saved crawl log -> data/raw/crawl_logs/elcomercio_2025-09-30.json (status=success)
2026-06-28 02:03:27,018 [INFO] src.corpus_acquisition.downloader: Opening archive for elcomercio on 2025-10-01
2026-06-28 02:03:32,871 [INFO] src.corpus_acquisition.downloader: Collected 7 / 60 pages
2026-06-28 02:03:37,032 [INFO] src.corpus_acquisition.downloader: Collected 9 / 60 pages
2026-06-28 02:03:39,123 [INFO] src.corpus_acquisition.downloader: Collected 10 / 60 pages
2026-06-28 02:03:41,205 [INFO] src.corpus_acquisition.downloader: Collected 13 / 60 pages
2026-06-28 02:03:43,386 [INFO] src.corpus_acquisition.downloader: Collected 15 / 60 pages
2026-06-28 02:03:45,489 [INFO] src.corpus_acquisition.downloader: Collected 17 / 60 pages
2026-06-28 02:03:47,571 [INFO] src.corpus_acquisition.downloader: Collected 19 / 60 pages
2026-06-28 02:03:49,654 [INFO] src.corpus_acquisition.downloader: Collected 20 / 60 pages
2026-06-28 02:03:55,937 [WARNING] src.corpus_acquisition.downloader: No new pages found after 3 attempts; stopping with 20 page(s).
2026-06-28 02:03:55,955 [INFO] src.corpus_acquisition.downloader: Downloading page 1 from https://t.prcdn.co/img?file=eaaj2025100100000000001001&page=1&scale=200
2026-06-28 02:03:56,669 [INFO] src.corpus_acquisition.downloader: Downloading page 2 from https://i.prcdn.co/img?file=eaaj2025100100000000001001&page=2&scale=200&ticket=APeYgKEBsUeOCjYkhUamBbk%3D
2026-06-28 02:04:01,060 [INFO] src.corpus_acquisition.downloader: Downloading page 3 from https://i.prcdn.co/img?file=eaaj2025100100000000001001&page=3&scale=200&ticket=AEiuuIh5w7G3OOTvoYqz4WY%3D
2026-06-28 02:04:01,159 [INFO] src.corpus_acquisition.downloader: Downloading page 4 from https://i.prcdn.co/img?file=eaaj2025100100000000001001&page=4&scale=200&ticket=APE3BO75NDi8ALRb7NxgX1Y%3D
2026-06-28 02:04:01,896 [INFO] src.corpus_acquisition.downloader: Downloading page 5 from https://i.prcdn.co/img?file=eaaj2025100100000000001001&page=5&scale=200&ticket=AL8dkYaGgOWz1FACRXOIX%2Bk%3D
2026-06-28 02:04:02,846 [INFO] src.corpus_acquisition.downloader: Downloading page 6 from https://i.prcdn.co/img?file=eaaj2025100100000000001001&page=6&scale=200&ticket=AFTgpIR6DOd4u9Fjh%2BXoN5w%3D
2026-06-28 02:04:02,905 [INFO] src.corpus_acquisition.downloader: Downloading page 7 from https://i.prcdn.co/img?file=eaaj2025100100000000001001&page=7&scale=200&ticket=ACO1GhnhUrNoyAwSJt0bkKI%3D
2026-06-28 02:04:03,471 [INFO] src.corpus_acquisition.downloader: Downloading page 8 from https://i.prcdn.co/img?file=eaaj2025100100000000001001&page=8&scale=200&ticket=AMoW90BzHIpLlwHnkQspMjY%3D
2026-06-28 02:04:03,534 [INFO] src.corpus_acquisition.downloader: Downloading page 9 from https://i.prcdn.co/img?file=eaaj2025100100000000001001&page=9&scale=200&ticket=ACS9c8QEv64wiVRnQB7rp08%3D
2026-06-28 02:04:03,576 [INFO] src.corpus_acquisition.downloader: Downloading page 10 from https://i.prcdn.co/img?file=eaaj2025100100000000001001&page=10&scale=200&ticket=AJ89NwnxW1ME4VB66xP6TfM%3D
2026-06-28 02:04:04,245 [INFO] src.corpus_acquisition.downloader: Downloading page 11 from https://i.prcdn.co/img?file=eaaj2025100100000000001001&page=11&scale=200&ticket=ANU9vzhX2Udg6hlXoUibGmI%3D
2026-06-28 02:04:04,361 [INFO] src.corpus_acquisition.downloader: Downloading page 12 from https://i.prcdn.co/img?file=eaaj2025100100000000001001&page=12&scale=200&ticket=ANuSw0bjoWfhTqvbZvSjz0Y%3D
2026-06-28 02:04:04,403 [INFO] src.corpus_acquisition.downloader: Downloading page 13 from https://i.prcdn.co/img?file=eaaj2025100100000000001001&page=13&scale=200&ticket=ACMMUBmXVKtNIYyfcD4%2Fg24%3D
2026-06-28 02:04:04,461 [INFO] src.corpus_acquisition.downloader: Downloading page 14 from https://i.prcdn.co/img?file=eaaj2025100100000000001001&page=14&scale=200&ticket=AKnYNjcUOuoGtJ1gZ6Lc9KY%3D
2026-06-28 02:04:06,073 [INFO] src.corpus_acquisition.downloader: Downloading page 15 from https://i.prcdn.co/img?file=eaaj2025100100000000001001&page=15&scale=200&ticket=AMHtTMJ7gJzhW6nSRDriNLQ%3D
2026-06-28 02:04:06,134 [INFO] src.corpus_acquisition.downloader: Downloading page 16 from https://i.prcdn.co/img?file=eaaj2025100100000000001001&page=16&scale=200&ticket=AB%2BSZDtkw6kGuwz2gFvdhnM%3D
2026-06-28 02:04:07,622 [INFO] src.corpus_acquisition.downloader: Downloading page 17 from https://i.prcdn.co/img?file=eaaj2025100100000000001001&page=17&scale=200&ticket=AIKXPEnHB%2Fxi6DUxiynoc2E%3D
2026-06-28 02:04:08,974 [INFO] src.corpus_acquisition.downloader: Downloading page 18 from https://i.prcdn.co/img?file=eaaj2025100100000000001001&page=18&scale=200&ticket=AGWXkZIjfG8foDCtkG4qNCY%3D
2026-06-28 02:04:09,088 [INFO] src.corpus_acquisition.downloader: Downloading page 19 from https://i.prcdn.co/img?file=eaaj2025100100000000001001&page=19&scale=200&ticket=ALbjnA4g4k9th4WB1XoccNo%3D
2026-06-28 02:04:09,538 [INFO] src.corpus_acquisition.downloader: Downloading page 20 from https://i.prcdn.co/img?file=eaaj2025100100000000001001&page=20&scale=200&ticket=AMCItaHfCh%2FNcpi5eU5CtHA%3D
2026-06-28 02:04:15,003 [INFO] src.corpus_acquisition.metadata_extractor: Saved metadata for 20 page(s) -> data/raw/metadata/raw_metadata.parquet (total rows: 16705)
2026-06-28 02:04:15,006 [INFO] src.corpus_acquisition.metadata_extractor: Saved crawl log -> data/raw/crawl_logs/elcomercio_2025-10-01.json (status=success)
2026-06-28 02:04:18,639 [INFO] src.corpus_acquisition.downloader: Opening archive for elcomercio on 2025-10-02
2026-06-28 02:04:24,457 [INFO] src.corpus_acquisition.downloader: Collected 7 / 60 pages
2026-06-28 02:04:28,638 [INFO] src.corpus_acquisition.downloader: Collected 9 / 60 pages
2026-06-28 02:04:30,744 [INFO] src.corpus_acquisition.downloader: Collected 11 / 60 pages
2026-06-28 02:04:32,837 [INFO] src.corpus_acquisition.downloader: Collected 13 / 60 pages
2026-06-28 02:04:35,034 [INFO] src.corpus_acquisition.downloader: Collected 15 / 60 pages
2026-06-28 02:04:37,127 [INFO] src.corpus_acquisition.downloader: Collected 17 / 60 pages
2026-06-28 02:04:39,218 [INFO] src.corpus_acquisition.downloader: Collected 19 / 60 pages
2026-06-28 02:04:41,302 [INFO] src.corpus_acquisition.downloader: Collected 20 / 60 pages
2026-06-28 02:04:47,587 [WARNING] src.corpus_acquisition.downloader: No new pages found after 3 attempts; stopping with 20 page(s).
2026-06-28 02:04:47,602 [INFO] src.corpus_acquisition.downloader: Downloading page 1 from https://t.prcdn.co/img?file=eaaj2025100200000000001001&page=1&scale=200
2026-06-28 02:04:47,663 [INFO] src.corpus_acquisition.downloader: Downloading page 2 from https://i.prcdn.co/img?file=eaaj2025100200000000001001&page=2&scale=200&ticket=ALZTYNOLKNKvuqf%2BJIAKV1g%3D
2026-06-28 02:04:47,723 [INFO] src.corpus_acquisition.downloader: Downloading page 3 from https://i.prcdn.co/img?file=eaaj2025100200000000001001&page=3&scale=200&ticket=AJIlvhoreFON7kf8sK4T7VU%3D
2026-06-28 02:04:48,554 [INFO] src.corpus_acquisition.downloader: Downloading page 4 from https://i.prcdn.co/img?file=eaaj2025100200000000001001&page=4&scale=200&ticket=AH9UPDtQUEtzKSp9unxYy6I%3D
2026-06-28 02:04:48,667 [INFO] src.corpus_acquisition.downloader: Downloading page 5 from https://i.prcdn.co/img?file=eaaj2025100200000000001001&page=5&scale=200&ticket=AHGXJUEiJJjpZb6c6eNhW3k%3D
2026-06-28 02:04:49,130 [INFO] src.corpus_acquisition.downloader: Downloading page 6 from https://i.prcdn.co/img?file=eaaj2025100200000000001001&page=6&scale=200&ticket=AHf6kKMpXy5pnna8ROAqqmE%3D
2026-06-28 02:04:50,067 [INFO] src.corpus_acquisition.downloader: Downloading page 7 from https://i.prcdn.co/img?file=eaaj2025100200000000001001&page=7&scale=200&ticket=AMLBS1PUai8KSrfR3FXfPRw%3D
2026-06-28 02:04:50,114 [INFO] src.corpus_acquisition.downloader: Downloading page 8 from https://i.prcdn.co/img?file=eaaj2025100200000000001001&page=8&scale=200&ticket=ANwHuKgL6pHGXWBwjf6IAHI%3D
2026-06-28 02:04:50,909 [INFO] src.corpus_acquisition.downloader: Downloading page 9 from https://i.prcdn.co/img?file=eaaj2025100200000000001001&page=9&scale=200&ticket=AMdYUc8ncbQ9p2%2FrGEN8R5E%3D
2026-06-28 02:04:52,083 [INFO] src.corpus_acquisition.downloader: Downloading page 10 from https://i.prcdn.co/img?file=eaaj2025100200000000001001&page=10&scale=200&ticket=AAYeFibOVRkd%2BjdD4xaXyjc%3D
2026-06-28 02:04:52,219 [INFO] src.corpus_acquisition.downloader: Downloading page 11 from https://i.prcdn.co/img?file=eaaj2025100200000000001001&page=11&scale=200&ticket=ACeNnfhrFOIRevmoRABVcTs%3D
2026-06-28 02:04:53,509 [INFO] src.corpus_acquisition.downloader: Downloading page 12 from https://i.prcdn.co/img?file=eaaj2025100200000000001001&page=12&scale=200&ticket=ADd%2BDvmpzEBzf%2BNinT1fZLU%3D
2026-06-28 02:04:54,406 [INFO] src.corpus_acquisition.downloader: Downloading page 13 from https://i.prcdn.co/img?file=eaaj2025100200000000001001&page=13&scale=200&ticket=ABWjsvGcImLB2049v6XwAy8%3D
2026-06-28 02:04:54,447 [INFO] src.corpus_acquisition.downloader: Downloading page 14 from https://i.prcdn.co/img?file=eaaj2025100200000000001001&page=14&scale=200&ticket=AHCi0gXj82e9f%2FMetWhZC4I%3D
2026-06-28 02:04:55,850 [INFO] src.corpus_acquisition.downloader: Downloading page 15 from https://i.prcdn.co/img?file=eaaj2025100200000000001001&page=15&scale=200&ticket=AIBo%2F6Di2C%2Fit18w6Zp0UQc%3D
2026-06-28 02:04:56,363 [INFO] src.corpus_acquisition.downloader: Downloading page 16 from https://i.prcdn.co/img?file=eaaj2025100200000000001001&page=16&scale=200&ticket=ABCjQxr5yWwW24%2Bsfxca00I%3D
2026-06-28 02:04:57,154 [INFO] src.corpus_acquisition.downloader: Downloading page 17 from https://i.prcdn.co/img?file=eaaj2025100200000000001001&page=17&scale=200&ticket=ADgyXsb6aO%2FfcD8F5L%2BXvbY%3D
2026-06-28 02:04:57,188 [INFO] src.corpus_acquisition.downloader: Downloading page 18 from https://i.prcdn.co/img?file=eaaj2025100200000000001001&page=18&scale=200&ticket=AM1hVEJHnM6m3GWHrzahe8c%3D
2026-06-28 02:04:57,319 [INFO] src.corpus_acquisition.downloader: Downloading page 19 from https://i.prcdn.co/img?file=eaaj2025100200000000001001&page=19&scale=200&ticket=AF%2FoGtXDdC28KzUyJGuEUQM%3D
2026-06-28 02:04:58,045 [INFO] src.corpus_acquisition.downloader: Downloading page 20 from https://i.prcdn.co/img?file=eaaj2025100200000000001001&page=20&scale=200&ticket=ALuoqHjixzs0srF%2FwzSzIQc%3D
2026-06-28 02:05:11,463 [INFO] src.corpus_acquisition.metadata_extractor: Saved metadata for 20 page(s) -> data/raw/metadata/raw_metadata.parquet (total rows: 16725)
2026-06-28 02:05:11,466 [INFO] src.corpus_acquisition.metadata_extractor: Saved crawl log -> data/raw/crawl_logs/elcomercio_2025-10-02.json (status=success)
2026-06-28 02:05:16,549 [INFO] src.corpus_acquisition.downloader: Opening archive for elcomercio on 2025-10-03
2026-06-28 02:05:24,112 [INFO] src.corpus_acquisition.downloader: Collected 7 / 60 pages
2026-06-28 02:05:45,081 [INFO] src.corpus_acquisition.downloader: Collected 9 / 60 pages
2026-06-28 02:05:49,968 [INFO] src.corpus_acquisition.downloader: Collected 11 / 60 pages
2026-06-28 02:05:52,067 [INFO] src.corpus_acquisition.downloader: Collected 13 / 60 pages
2026-06-28 02:05:54,153 [INFO] src.corpus_acquisition.downloader: Collected 15 / 60 pages
2026-06-28 02:06:06,252 [INFO] src.corpus_acquisition.downloader: Collected 17 / 60 pages
2026-06-28 02:06:13,030 [INFO] src.corpus_acquisition.downloader: Collected 19 / 60 pages
2026-06-28 02:06:15,114 [INFO] src.corpus_acquisition.downloader: Collected 20 / 60 pages
2026-06-28 02:06:21,391 [WARNING] src.corpus_acquisition.downloader: No new pages found after 3 attempts; stopping with 20 page(s).
2026-06-28 02:06:32,788 [INFO] src.corpus_acquisition.downloader: Downloading page 1 from https://t.prcdn.co/img?file=eaaj2025100300000000001001&page=1&scale=200
2026-06-28 02:06:33,336 [INFO] src.corpus_acquisition.downloader: Downloading page 2 from https://i.prcdn.co/img?file=eaaj2025100300000000001001&page=2&scale=200&ticket=ALLGVmWdaLMOY2sLbFMv7qo%3D
2026-06-28 02:06:34,065 [INFO] src.corpus_acquisition.downloader: Downloading page 3 from https://i.prcdn.co/img?file=eaaj2025100300000000001001&page=3&scale=200&ticket=ANQiXY70RZEeE8x6isp43Qw%3D
2026-06-28 02:06:35,057 [INFO] src.corpus_acquisition.downloader: Downloading page 4 from https://i.prcdn.co/img?file=eaaj2025100300000000001001&page=4&scale=200&ticket=ALs5j%2F%2FK7rlAc%2FG0XpMe7ow%3D
2026-06-28 02:06:35,846 [INFO] src.corpus_acquisition.downloader: Downloading page 5 from https://i.prcdn.co/img?file=eaaj2025100300000000001001&page=5&scale=200&ticket=AEIKiKYYQ59VFGlPUcrBrOs%3D
2026-06-28 02:06:36,655 [INFO] src.corpus_acquisition.downloader: Downloading page 6 from https://i.prcdn.co/img?file=eaaj2025100300000000001001&page=6&scale=200&ticket=APwOMfzNEi8I5B%2Ba7d13iD8%3D
2026-06-28 02:06:38,033 [INFO] src.corpus_acquisition.downloader: Downloading page 7 from https://i.prcdn.co/img?file=eaaj2025100300000000001001&page=7&scale=200&ticket=AHAEA%2FyVD8n6ytM2OTc2%2F1I%3D
2026-06-28 02:06:39,132 [INFO] src.corpus_acquisition.downloader: Downloading page 8 from https://i.prcdn.co/img?file=eaaj2025100300000000001001&page=8&scale=200&ticket=AHym0q9NCIaZXW%2FaVzwwwZg%3D
2026-06-28 02:06:39,898 [INFO] src.corpus_acquisition.downloader: Downloading page 9 from https://i.prcdn.co/img?file=eaaj2025100300000000001001&page=9&scale=200&ticket=AMGAR6Ruk7QCjp4Oxwo8EQ4%3D
2026-06-28 02:06:40,650 [INFO] src.corpus_acquisition.downloader: Downloading page 10 from https://i.prcdn.co/img?file=eaaj2025100300000000001001&page=10&scale=200&ticket=AGSe%2FBIBCbZcpy57%2BR%2FQK1g%3D
2026-06-28 02:06:41,889 [INFO] src.corpus_acquisition.downloader: Downloading page 11 from https://i.prcdn.co/img?file=eaaj2025100300000000001001&page=11&scale=200&ticket=AL%2Bki9sk3O49ygTKXeUDRTE%3D
2026-06-28 02:06:41,933 [INFO] src.corpus_acquisition.downloader: Downloading page 12 from https://i.prcdn.co/img?file=eaaj2025100300000000001001&page=12&scale=200&ticket=AHsocA1F70VEeJENHAeYNgs%3D
2026-06-28 02:06:42,830 [INFO] src.corpus_acquisition.downloader: Downloading page 13 from https://i.prcdn.co/img?file=eaaj2025100300000000001001&page=13&scale=200&ticket=AHBbuMDh6o96NZT16VesXcs%3D
2026-06-28 02:06:43,807 [INFO] src.corpus_acquisition.downloader: Downloading page 14 from https://i.prcdn.co/img?file=eaaj2025100300000000001001&page=14&scale=200&ticket=AAn%2FxQAdU4PKn6hXPjVQTKI%3D
2026-06-28 02:06:44,974 [INFO] src.corpus_acquisition.downloader: Downloading page 15 from https://i.prcdn.co/img?file=eaaj2025100300000000001001&page=15&scale=200&ticket=AOGeIDdrgA5c6ZofmCedG6I%3D
2026-06-28 02:06:45,628 [INFO] src.corpus_acquisition.downloader: Downloading page 16 from https://i.prcdn.co/img?file=eaaj2025100300000000001001&page=16&scale=200&ticket=AEqiVw527miOjyLZVlQukls%3D
2026-06-28 02:06:45,741 [INFO] src.corpus_acquisition.downloader: Downloading page 17 from https://i.prcdn.co/img?file=eaaj2025100300000000001001&page=17&scale=200&ticket=AHvdOs5z22FK5FI9UBu9uC8%3D
2026-06-28 02:06:45,776 [INFO] src.corpus_acquisition.downloader: Downloading page 18 from https://i.prcdn.co/img?file=eaaj2025100300000000001001&page=18&scale=200&ticket=AAHbh1AuKouyl%2FfLcIkSqF8%3D
2026-06-28 02:06:46,581 [INFO] src.corpus_acquisition.downloader: Downloading page 19 from https://i.prcdn.co/img?file=eaaj2025100300000000001001&page=19&scale=200&ticket=ADTRDZxFnjFRP2NJbkFxlpI%3D
2026-06-28 02:06:47,964 [INFO] src.corpus_acquisition.downloader: Downloading page 20 from https://i.prcdn.co/img?file=eaaj2025100300000000001001&page=20&scale=200&ticket=ACdBRSKw2ib6qbz%2FbzWPx3M%3D
2026-06-28 02:06:57,347 [INFO] src.corpus_acquisition.metadata_extractor: Saved metadata for 20 page(s) -> data/raw/metadata/raw_metadata.parquet (total rows: 16745)
2026-06-28 02:06:57,350 [INFO] src.corpus_acquisition.metadata_extractor: Saved crawl log -> data/raw/crawl_logs/elcomercio_2025-10-03.json (status=success)
2026-06-28 02:07:01,811 [INFO] src.corpus_acquisition.downloader: Opening archive for elcomercio on 2025-10-04
2026-06-28 02:07:10,298 [INFO] src.corpus_acquisition.downloader: Collected 7 / 60 pages
2026-06-28 02:07:14,470 [INFO] src.corpus_acquisition.downloader: Collected 9 / 60 pages
2026-06-28 02:07:30,647 [INFO] src.corpus_acquisition.downloader: Collected 11 / 60 pages
2026-06-28 02:07:32,743 [INFO] src.corpus_acquisition.downloader: Collected 13 / 60 pages
2026-06-28 02:07:34,831 [INFO] src.corpus_acquisition.downloader: Collected 15 / 60 pages
2026-06-28 02:07:36,929 [INFO] src.corpus_acquisition.downloader: Collected 17 / 60 pages
2026-06-28 02:07:42,606 [INFO] src.corpus_acquisition.downloader: Collected 19 / 60 pages
2026-06-28 02:07:44,694 [INFO] src.corpus_acquisition.downloader: Collected 21 / 60 pages
2026-06-28 02:07:46,792 [INFO] src.corpus_acquisition.downloader: Collected 23 / 60 pages
2026-06-28 02:07:59,095 [INFO] src.corpus_acquisition.downloader: Collected 24 / 60 pages
2026-06-28 02:08:05,365 [WARNING] src.corpus_acquisition.downloader: No new pages found after 3 attempts; stopping with 24 page(s).
2026-06-28 02:08:05,383 [INFO] src.corpus_acquisition.downloader: Downloading page 1 from https://t.prcdn.co/img?file=eaaj2025100400000000001001&page=1&scale=200
2026-06-28 02:08:06,100 [INFO] src.corpus_acquisition.downloader: Downloading page 2 from https://i.prcdn.co/img?file=eaaj2025100400000000001001&page=2&scale=200&ticket=AEQcC0CuX89SJtSXZelJhlM%3D
2026-06-28 02:08:06,886 [INFO] src.corpus_acquisition.downloader: Downloading page 3 from https://i.prcdn.co/img?file=eaaj2025100400000000001001&page=3&scale=200&ticket=AGUjnXUka74Kd8RzIV2frTk%3D
2026-06-28 02:08:06,956 [INFO] src.corpus_acquisition.downloader: Downloading page 4 from https://i.prcdn.co/img?file=eaaj2025100400000000001001&page=4&scale=200&ticket=AHJ2K%2Bx5YHGtXOZFI9ePgQM%3D
2026-06-28 02:08:08,152 [INFO] src.corpus_acquisition.downloader: Downloading page 5 from https://i.prcdn.co/img?file=eaaj2025100400000000001001&page=5&scale=200&ticket=APBcveXhzDFkcvNwCPYEnSc%3D
2026-06-28 02:08:08,209 [INFO] src.corpus_acquisition.downloader: Downloading page 6 from https://i.prcdn.co/img?file=eaaj2025100400000000001001&page=6&scale=200&ticket=AFgRDQnl%2F2xQ%2BisUNKwubQ4%3D
2026-06-28 02:08:09,867 [INFO] src.corpus_acquisition.downloader: Downloading page 7 from https://i.prcdn.co/img?file=eaaj2025100400000000001001&page=7&scale=200&ticket=APVEWzy8zLwqwDK7Z1gTJfQ%3D
2026-06-28 02:08:10,453 [INFO] src.corpus_acquisition.downloader: Downloading page 8 from https://i.prcdn.co/img?file=eaaj2025100400000000001001&page=8&scale=200&ticket=AGRV8IKc2GLdBXvWGsg3Nwo%3D
2026-06-28 02:08:10,993 [INFO] src.corpus_acquisition.downloader: Downloading page 9 from https://i.prcdn.co/img?file=eaaj2025100400000000001001&page=9&scale=200&ticket=AKKcu5pNwgkJNgWCOyDVtZ0%3D
2026-06-28 02:08:11,034 [INFO] src.corpus_acquisition.downloader: Downloading page 10 from https://i.prcdn.co/img?file=eaaj2025100400000000001001&page=10&scale=200&ticket=AMbVRg30Fu8NyOcYEpiA3%2BA%3D
2026-06-28 02:08:11,872 [INFO] src.corpus_acquisition.downloader: Downloading page 11 from https://i.prcdn.co/img?file=eaaj2025100400000000001001&page=11&scale=200&ticket=AARzhZXzG4FRQdqCsyrP99g%3D
2026-06-28 02:08:11,915 [INFO] src.corpus_acquisition.downloader: Downloading page 12 from https://i.prcdn.co/img?file=eaaj2025100400000000001001&page=12&scale=200&ticket=ALiQ4JgA11eB07oRtvbal4A%3D
2026-06-28 02:08:11,951 [INFO] src.corpus_acquisition.downloader: Downloading page 13 from https://i.prcdn.co/img?file=eaaj2025100400000000001001&page=13&scale=200&ticket=AGxvdvLJp1chqdKB%2BZZ6hHA%3D
2026-06-28 02:08:12,721 [INFO] src.corpus_acquisition.downloader: Downloading page 14 from https://i.prcdn.co/img?file=eaaj2025100400000000001001&page=14&scale=200&ticket=AMVjYZjoRLoCPLhC4cgF%2BqE%3D
2026-06-28 02:08:12,848 [INFO] src.corpus_acquisition.downloader: Downloading page 15 from https://i.prcdn.co/img?file=eaaj2025100400000000001001&page=15&scale=200&ticket=AC99O%2BkcjDtqVLO9QcwaVu4%3D
2026-06-28 02:08:13,765 [INFO] src.corpus_acquisition.downloader: Downloading page 16 from https://i.prcdn.co/img?file=eaaj2025100400000000001001&page=16&scale=200&ticket=AP6i339VSUHxdf9j26IW2Gs%3D
2026-06-28 02:08:13,808 [INFO] src.corpus_acquisition.downloader: Downloading page 17 from https://i.prcdn.co/img?file=eaaj2025100400000000001001&page=17&scale=200&ticket=ACDFDu7PYaiAjzTXtJx9h8E%3D
2026-06-28 02:08:13,859 [INFO] src.corpus_acquisition.downloader: Downloading page 18 from https://i.prcdn.co/img?file=eaaj2025100400000000001001&page=18&scale=200&ticket=AP3uRD%2BNE36sd1Utc38ZuCc%3D
2026-06-28 02:08:14,550 [INFO] src.corpus_acquisition.downloader: Downloading page 19 from https://i.prcdn.co/img?file=eaaj2025100400000000001001&page=19&scale=200&ticket=AN8Nq%2BeBhillGBHirNgAoh4%3D
2026-06-28 02:08:14,677 [INFO] src.corpus_acquisition.downloader: Downloading page 20 from https://i.prcdn.co/img?file=eaaj2025100400000000001001&page=20&scale=200&ticket=ANw6WiZcsz8oTn5db1x0TwQ%3D
2026-06-28 02:08:15,442 [INFO] src.corpus_acquisition.downloader: Downloading page 21 from https://i.prcdn.co/img?file=eaaj2025100400000000001001&page=21&scale=200&ticket=ADLQJP6bDXJgWYAoTWnvow0%3D
2026-06-28 02:08:16,671 [INFO] src.corpus_acquisition.downloader: Downloading page 22 from https://i.prcdn.co/img?file=eaaj2025100400000000001001&page=22&scale=200&ticket=ALzTTm5fyFkJAHNI2pgXGdU%3D
2026-06-28 02:08:17,197 [INFO] src.corpus_acquisition.downloader: Downloading page 23 from https://i.prcdn.co/img?file=eaaj2025100400000000001001&page=23&scale=200&ticket=AJ%2Bp5IOewNy%2FB8L%2FuRe9KsY%3D
2026-06-28 02:08:17,727 [INFO] src.corpus_acquisition.downloader: Downloading page 24 from https://i.prcdn.co/img?file=eaaj2025100400000000001001&page=24&scale=200&ticket=AM5gf8MJabgAz8pY0QDPYu0%3D
2026-06-28 02:08:27,417 [INFO] src.corpus_acquisition.metadata_extractor: Saved metadata for 24 page(s) -> data/raw/metadata/raw_metadata.parquet (total rows: 16769)
2026-06-28 02:08:27,422 [INFO] src.corpus_acquisition.metadata_extractor: Saved crawl log -> data/raw/crawl_logs/elcomercio_2025-10-04.json (status=success)
2026-06-28 02:08:31,667 [INFO] src.corpus_acquisition.downloader: Opening archive for elcomercio on 2025-10-05
2026-06-28 02:08:37,894 [INFO] src.corpus_acquisition.downloader: Collected 7 / 60 pages
2026-06-28 02:08:42,071 [INFO] src.corpus_acquisition.downloader: Collected 9 / 60 pages
2026-06-28 02:08:44,163 [INFO] src.corpus_acquisition.downloader: Collected 11 / 60 pages
2026-06-28 02:08:46,260 [INFO] src.corpus_acquisition.downloader: Collected 13 / 60 pages
2026-06-28 02:08:48,446 [INFO] src.corpus_acquisition.downloader: Collected 15 / 60 pages
2026-06-28 02:08:50,544 [INFO] src.corpus_acquisition.downloader: Collected 17 / 60 pages
2026-06-28 02:08:52,647 [INFO] src.corpus_acquisition.downloader: Collected 19 / 60 pages
2026-06-28 02:08:54,748 [INFO] src.corpus_acquisition.downloader: Collected 21 / 60 pages
2026-06-28 02:08:56,844 [INFO] src.corpus_acquisition.downloader: Collected 22 / 60 pages
2026-06-28 02:08:58,939 [INFO] src.corpus_acquisition.downloader: Collected 25 / 60 pages
2026-06-28 02:09:01,021 [INFO] src.corpus_acquisition.downloader: Collected 26 / 60 pages
2026-06-28 02:09:03,106 [INFO] src.corpus_acquisition.downloader: Collected 29 / 60 pages
2026-06-28 02:09:05,190 [INFO] src.corpus_acquisition.downloader: Collected 31 / 60 pages
2026-06-28 02:09:07,275 [INFO] src.corpus_acquisition.downloader: Collected 33 / 60 pages
2026-06-28 02:09:09,360 [INFO] src.corpus_acquisition.downloader: Collected 35 / 60 pages
2026-06-28 02:09:11,457 [INFO] src.corpus_acquisition.downloader: Collected 37 / 60 pages
2026-06-28 02:09:13,635 [INFO] src.corpus_acquisition.downloader: Collected 39 / 60 pages
2026-06-28 02:09:15,734 [INFO] src.corpus_acquisition.downloader: Collected 41 / 60 pages
2026-06-28 02:09:17,824 [INFO] src.corpus_acquisition.downloader: Collected 43 / 60 pages
2026-06-28 02:09:19,906 [INFO] src.corpus_acquisition.downloader: Collected 45 / 60 pages
2026-06-28 02:09:21,989 [INFO] src.corpus_acquisition.downloader: Collected 47 / 60 pages
2026-06-28 02:09:24,072 [INFO] src.corpus_acquisition.downloader: Collected 48 / 60 pages
2026-06-28 02:09:30,360 [WARNING] src.corpus_acquisition.downloader: No new pages found after 3 attempts; stopping with 48 page(s).
2026-06-28 02:09:30,374 [INFO] src.corpus_acquisition.downloader: Downloading page 1 from https://t.prcdn.co/img?file=eaaj2025100500000000001001&page=1&scale=200
2026-06-28 02:09:31,178 [INFO] src.corpus_acquisition.downloader: Downloading page 2 from https://i.prcdn.co/img?file=eaaj2025100500000000001001&page=2&scale=200&ticket=AAI4BVkwx3kW%2BVqHAia9008%3D
2026-06-28 02:09:31,690 [INFO] src.corpus_acquisition.downloader: Downloading page 3 from https://i.prcdn.co/img?file=eaaj2025100500000000001001&page=3&scale=200&ticket=ANmAofKoDblbDEgY6txLzcU%3D
2026-06-28 02:09:32,227 [INFO] src.corpus_acquisition.downloader: Downloading page 4 from https://i.prcdn.co/img?file=eaaj2025100500000000001001&page=4&scale=200&ticket=ABEIpDaD2Gpv2lDoC2mm26U%3D
2026-06-28 02:09:32,285 [INFO] src.corpus_acquisition.downloader: Downloading page 5 from https://i.prcdn.co/img?file=eaaj2025100500000000001001&page=5&scale=200&ticket=AD9jWKRjJgxtse23uGznxWY%3D
2026-06-28 02:09:32,952 [INFO] src.corpus_acquisition.downloader: Downloading page 6 from https://i.prcdn.co/img?file=eaaj2025100500000000001001&page=6&scale=200&ticket=AOe%2B8ChyFWJu0Qeftnyw%2BC0%3D
2026-06-28 02:09:33,051 [INFO] src.corpus_acquisition.downloader: Downloading page 7 from https://i.prcdn.co/img?file=eaaj2025100500000000001001&page=7&scale=200&ticket=AKzdU7G4EEeaf8WP2gLtBzw%3D
2026-06-28 02:09:34,409 [INFO] src.corpus_acquisition.downloader: Downloading page 8 from https://i.prcdn.co/img?file=eaaj2025100500000000001001&page=8&scale=200&ticket=APD1VTTEnS%2BpMWNbO7%2Furgg%3D
2026-06-28 02:09:37,885 [INFO] src.corpus_acquisition.downloader: Downloading page 9 from https://i.prcdn.co/img?file=eaaj2025100500000000001001&page=9&scale=200&ticket=AK1PV7orrVOO4TJQtrybwTM%3D
2026-06-28 02:09:39,069 [INFO] src.corpus_acquisition.downloader: Downloading page 10 from https://i.prcdn.co/img?file=eaaj2025100500000000001001&page=10&scale=200&ticket=AFqYjIQs3gpdbEa%2BWuPgods%3D
2026-06-28 02:09:39,122 [INFO] src.corpus_acquisition.downloader: Downloading page 11 from https://i.prcdn.co/img?file=eaaj2025100500000000001001&page=11&scale=200&ticket=AMEnw%2BG5PbPOuDwRWy%2BkSrs%3D
2026-06-28 02:09:39,919 [INFO] src.corpus_acquisition.downloader: Downloading page 12 from https://i.prcdn.co/img?file=eaaj2025100500000000001001&page=12&scale=200&ticket=AFcqAUtsgF%2ByKugEPDdUA18%3D
2026-06-28 02:09:40,713 [INFO] src.corpus_acquisition.downloader: Downloading page 13 from https://i.prcdn.co/img?file=eaaj2025100500000000001001&page=13&scale=200&ticket=ADuo%2FdZUpxBt6QrqMPOsbp0%3D
2026-06-28 02:09:40,771 [INFO] src.corpus_acquisition.downloader: Downloading page 14 from https://i.prcdn.co/img?file=eaaj2025100500000000001001&page=14&scale=200&ticket=ANysXDv5GbpBvCajJg%2FpjI0%3D
2026-06-28 02:09:42,214 [INFO] src.corpus_acquisition.downloader: Downloading page 15 from https://i.prcdn.co/img?file=eaaj2025100500000000001001&page=15&scale=200&ticket=AJaj8YP13%2BdM%2BBc7INLIzZU%3D
2026-06-28 02:09:42,252 [INFO] src.corpus_acquisition.downloader: Downloading page 16 from https://i.prcdn.co/img?file=eaaj2025100500000000001001&page=16&scale=200&ticket=ACl%2BSc5i0Y58goVmqZWe%2FcE%3D
2026-06-28 02:09:42,315 [INFO] src.corpus_acquisition.downloader: Downloading page 17 from https://i.prcdn.co/img?file=eaaj2025100500000000001001&page=17&scale=200&ticket=AJVy08xpMVFUNeb0WkrPyWU%3D
2026-06-28 02:09:42,958 [INFO] src.corpus_acquisition.downloader: Downloading page 18 from https://i.prcdn.co/img?file=eaaj2025100500000000001001&page=18&scale=200&ticket=AC8cr4vMt%2F3a2wYRvsdoRuQ%3D
2026-06-28 02:09:43,379 [INFO] src.corpus_acquisition.downloader: Downloading page 19 from https://i.prcdn.co/img?file=eaaj2025100500000000001001&page=19&scale=200&ticket=AJ0xYrJZBMVkhy%2BjWaK4RoQ%3D
2026-06-28 02:09:44,519 [INFO] src.corpus_acquisition.downloader: Downloading page 20 from https://i.prcdn.co/img?file=eaaj2025100500000000001001&page=20&scale=200&ticket=AANFgBE2gCmoDYiuCARCMOI%3D
2026-06-28 02:09:44,561 [INFO] src.corpus_acquisition.downloader: Downloading page 21 from https://i.prcdn.co/img?file=eaaj2025100500000000001001&page=21&scale=200&ticket=ACysWPMTt7r8LbIYm6UZfdQ%3D
2026-06-28 02:09:45,699 [INFO] src.corpus_acquisition.downloader: Downloading page 22 from https://i.prcdn.co/img?file=eaaj2025100500000000001001&page=22&scale=200&ticket=AIQ1FKHBmaTCuUOIdlwvvVY%3D
2026-06-28 02:09:46,299 [INFO] src.corpus_acquisition.downloader: Downloading page 23 from https://i.prcdn.co/img?file=eaaj2025100500000000001001&page=23&scale=200&ticket=ALZ%2BzPZGVrrFccPxg2qc%2F2Q%3D
2026-06-28 02:09:47,628 [INFO] src.corpus_acquisition.downloader: Downloading page 24 from https://i.prcdn.co/img?file=eaaj2025100500000000001001&page=24&scale=200&ticket=ADagf9HuqSvysuVhRyQp7SI%3D
2026-06-28 02:09:48,166 [INFO] src.corpus_acquisition.downloader: Downloading page 25 from https://i.prcdn.co/img?file=eaaj2025100500000000001001&page=25&scale=200&ticket=AE6qH2dVCyIn8fBKsE6DaTM%3D
2026-06-28 02:09:48,906 [INFO] src.corpus_acquisition.downloader: Downloading page 26 from https://i.prcdn.co/img?file=eaaj2025100500000000001001&page=26&scale=200&ticket=AHmpRE31%2FccCmNEcTUq768Y%3D
2026-06-28 02:09:49,856 [INFO] src.corpus_acquisition.downloader: Downloading page 27 from https://i.prcdn.co/img?file=eaaj2025100500000000001001&page=27&scale=200&ticket=AC6aJvXbszlK7fKWFts31NA%3D
2026-06-28 02:09:50,512 [INFO] src.corpus_acquisition.downloader: Downloading page 28 from https://i.prcdn.co/img?file=eaaj2025100500000000001001&page=28&scale=200&ticket=AO32Ogt8BwfuDUQxWleuBEw%3D
2026-06-28 02:09:51,083 [INFO] src.corpus_acquisition.downloader: Downloading page 29 from https://i.prcdn.co/img?file=eaaj2025100500000000001001&page=29&scale=200&ticket=ALgGDoyHL6SkAFqA2Giw6Vw%3D
2026-06-28 02:09:51,771 [INFO] src.corpus_acquisition.downloader: Downloading page 30 from https://i.prcdn.co/img?file=eaaj2025100500000000001001&page=30&scale=200&ticket=APCP6%2FPZjUnHPF5dfQAF7pE%3D
2026-06-28 02:09:52,317 [INFO] src.corpus_acquisition.downloader: Downloading page 31 from https://i.prcdn.co/img?file=eaaj2025100500000000001001&page=31&scale=200&ticket=AHLMdZYflxqgX1osf7ZsTy0%3D
2026-06-28 02:09:53,131 [INFO] src.corpus_acquisition.downloader: Downloading page 32 from https://i.prcdn.co/img?file=eaaj2025100500000000001001&page=32&scale=200&ticket=AEdvNU5zL%2FkKIwzpYEtwXU4%3D
2026-06-28 02:09:53,640 [INFO] src.corpus_acquisition.downloader: Downloading page 33 from https://i.prcdn.co/img?file=eaaj2025100500000000001001&page=33&scale=200&ticket=AMons3jzoFB30I%2FA%2FnW2kdg%3D
2026-06-28 02:09:54,276 [INFO] src.corpus_acquisition.downloader: Downloading page 34 from https://i.prcdn.co/img?file=eaaj2025100500000000001001&page=34&scale=200&ticket=AMHJyU7TRe1p11RwaryqVy8%3D
2026-06-28 02:09:55,069 [INFO] src.corpus_acquisition.downloader: Downloading page 35 from https://i.prcdn.co/img?file=eaaj2025100500000000001001&page=35&scale=200&ticket=AL%2Bi1Sm1Hl6%2FMDcZcHHB6HA%3D
2026-06-28 02:09:55,576 [INFO] src.corpus_acquisition.downloader: Downloading page 36 from https://i.prcdn.co/img?file=eaaj2025100500000000001001&page=36&scale=200&ticket=ANlz16bKsDGibNNreZRyOiM%3D
2026-06-28 02:09:56,158 [INFO] src.corpus_acquisition.downloader: Downloading page 37 from https://i.prcdn.co/img?file=eaaj2025100500000000001001&page=37&scale=200&ticket=AMWBt%2FU7vC%2FRauJnfXOA8wg%3D
2026-06-28 02:09:56,579 [INFO] src.corpus_acquisition.downloader: Downloading page 38 from https://i.prcdn.co/img?file=eaaj2025100500000000001001&page=38&scale=200&ticket=AGuuUxb6KVf52fuBvZY7xLg%3D
2026-06-28 02:09:57,018 [INFO] src.corpus_acquisition.downloader: Downloading page 39 from https://i.prcdn.co/img?file=eaaj2025100500000000001001&page=39&scale=200&ticket=AMraJtfwmX3w3GENRNYVXH0%3D
2026-06-28 02:09:57,775 [INFO] src.corpus_acquisition.downloader: Downloading page 40 from https://i.prcdn.co/img?file=eaaj2025100500000000001001&page=40&scale=200&ticket=AK%2Byhm2SWd4LAaI7rx6cyKs%3D
2026-06-28 02:09:58,630 [INFO] src.corpus_acquisition.downloader: Downloading page 41 from https://i.prcdn.co/img?file=eaaj2025100500000000001001&page=41&scale=200&ticket=AFN%2Bp%2FPweYGGOHYkff1eHOE%3D
2026-06-28 02:09:59,328 [INFO] src.corpus_acquisition.downloader: Downloading page 42 from https://i.prcdn.co/img?file=eaaj2025100500000000001001&page=42&scale=200&ticket=AGsER4YRpY7QF%2F%2BKzsGu0Sc%3D
2026-06-28 02:10:00,156 [INFO] src.corpus_acquisition.downloader: Downloading page 43 from https://i.prcdn.co/img?file=eaaj2025100500000000001001&page=43&scale=200&ticket=AI3f8J6ugUtjyunFckMjEt0%3D
2026-06-28 02:10:01,466 [INFO] src.corpus_acquisition.downloader: Downloading page 44 from https://i.prcdn.co/img?file=eaaj2025100500000000001001&page=44&scale=200&ticket=APjzvfeEpK5flRsjCb8ao94%3D
2026-06-28 02:10:02,129 [INFO] src.corpus_acquisition.downloader: Downloading page 45 from https://i.prcdn.co/img?file=eaaj2025100500000000001001&page=45&scale=200&ticket=AKG0gY%2FhLUrcE5M%2Fb4b4zd4%3D
2026-06-28 02:10:02,816 [INFO] src.corpus_acquisition.downloader: Downloading page 46 from https://i.prcdn.co/img?file=eaaj2025100500000000001001&page=46&scale=200&ticket=AFqM6pPpmFUixInkAWrTI%2Bw%3D
2026-06-28 02:10:03,349 [INFO] src.corpus_acquisition.downloader: Downloading page 47 from https://i.prcdn.co/img?file=eaaj2025100500000000001001&page=47&scale=200&ticket=AP4pqbrVG4nx0trMGv4yR%2Fo%3D
2026-06-28 02:10:03,893 [INFO] src.corpus_acquisition.downloader: Downloading page 48 from https://i.prcdn.co/img?file=eaaj2025100500000000001001&page=48&scale=200&ticket=AL4xZDkAfGAVZupudWuCJsc%3D
2026-06-28 02:10:06,307 [INFO] src.corpus_acquisition.metadata_extractor: Saved metadata for 48 page(s) -> data/raw/metadata/raw_metadata.parquet (total rows: 16817)
2026-06-28 02:10:06,324 [INFO] src.corpus_acquisition.metadata_extractor: Saved crawl log -> data/raw/crawl_logs/elcomercio_2025-10-05.json (status=success)
2026-06-28 02:10:11,102 [INFO] src.corpus_acquisition.downloader: Opening archive for elcomercio on 2025-10-06
2026-06-28 02:10:17,499 [INFO] src.corpus_acquisition.downloader: Collected 7 / 60 pages
2026-06-28 02:10:21,673 [INFO] src.corpus_acquisition.downloader: Collected 9 / 60 pages
2026-06-28 02:10:23,754 [INFO] src.corpus_acquisition.downloader: Collected 11 / 60 pages
2026-06-28 02:10:25,834 [INFO] src.corpus_acquisition.downloader: Collected 13 / 60 pages
2026-06-28 02:10:28,032 [INFO] src.corpus_acquisition.downloader: Collected 15 / 60 pages
2026-06-28 02:10:30,128 [INFO] src.corpus_acquisition.downloader: Collected 17 / 60 pages
2026-06-28 02:10:32,237 [INFO] src.corpus_acquisition.downloader: Collected 19 / 60 pages
2026-06-28 02:10:34,321 [INFO] src.corpus_acquisition.downloader: Collected 21 / 60 pages
2026-06-28 02:10:38,494 [INFO] src.corpus_acquisition.downloader: Collected 25 / 60 pages
2026-06-28 02:10:40,587 [INFO] src.corpus_acquisition.downloader: Collected 27 / 60 pages
2026-06-28 02:10:42,671 [INFO] src.corpus_acquisition.downloader: Collected 29 / 60 pages
2026-06-28 02:10:44,764 [INFO] src.corpus_acquisition.downloader: Collected 31 / 60 pages
2026-06-28 02:10:46,857 [INFO] src.corpus_acquisition.downloader: Collected 32 / 60 pages
2026-06-28 02:10:53,176 [WARNING] src.corpus_acquisition.downloader: No new pages found after 3 attempts; stopping with 32 page(s).
2026-06-28 02:10:53,193 [INFO] src.corpus_acquisition.downloader: Downloading page 1 from https://t.prcdn.co/img?file=eaaj2025100600000000001001&page=1&scale=200
2026-06-28 02:10:53,795 [INFO] src.corpus_acquisition.downloader: Downloading page 2 from https://i.prcdn.co/img?file=eaaj2025100600000000001001&page=2&scale=200&ticket=AH7wKieSwhZIZwbWyV8S4xQ%3D
2026-06-28 02:10:53,846 [INFO] src.corpus_acquisition.downloader: Downloading page 3 from https://i.prcdn.co/img?file=eaaj2025100600000000001001&page=3&scale=200&ticket=AJEDdfTdM%2FlbAjsMoIvTSqI%3D
2026-06-28 02:10:55,148 [INFO] src.corpus_acquisition.downloader: Downloading page 4 from https://i.prcdn.co/img?file=eaaj2025100600000000001001&page=4&scale=200&ticket=AObFdgWM99uyNLWquTZ2Ll4%3D
2026-06-28 02:10:55,760 [INFO] src.corpus_acquisition.downloader: Downloading page 5 from https://i.prcdn.co/img?file=eaaj2025100600000000001001&page=5&scale=200&ticket=AIg%2F5TuwrdkV0bAL10%2FnZ9s%3D
2026-06-28 02:10:56,288 [INFO] src.corpus_acquisition.downloader: Downloading page 6 from https://i.prcdn.co/img?file=eaaj2025100600000000001001&page=6&scale=200&ticket=AN2szzLrgOf9Tf9rG4zUjNU%3D
2026-06-28 02:10:57,563 [INFO] src.corpus_acquisition.downloader: Downloading page 7 from https://i.prcdn.co/img?file=eaaj2025100600000000001001&page=7&scale=200&ticket=APw1IyrGvEdK6kSwpb9%2BNHg%3D
2026-06-28 02:10:58,291 [INFO] src.corpus_acquisition.downloader: Downloading page 8 from https://i.prcdn.co/img?file=eaaj2025100600000000001001&page=8&scale=200&ticket=ANiWnlD3PEpBEYgLE9QBQ2g%3D
2026-06-28 02:10:59,746 [INFO] src.corpus_acquisition.downloader: Downloading page 9 from https://i.prcdn.co/img?file=eaaj2025100600000000001001&page=9&scale=200&ticket=AGX6miGH6MfwfxOAwvlLWIM%3D
2026-06-28 02:10:59,783 [INFO] src.corpus_acquisition.downloader: Downloading page 10 from https://i.prcdn.co/img?file=eaaj2025100600000000001001&page=10&scale=200&ticket=ALPBFjA8ZoqmwTGZ8zvYKy8%3D
2026-06-28 02:10:59,915 [INFO] src.corpus_acquisition.downloader: Downloading page 11 from https://i.prcdn.co/img?file=eaaj2025100600000000001001&page=11&scale=200&ticket=ALVpu4I4FcbA%2BLQVBNBMa6U%3D
2026-06-28 02:11:00,619 [INFO] src.corpus_acquisition.downloader: Downloading page 12 from https://i.prcdn.co/img?file=eaaj2025100600000000001001&page=12&scale=200&ticket=ALMzl7t2iHJ6kCfz75RTJdw%3D
2026-06-28 02:11:00,681 [INFO] src.corpus_acquisition.downloader: Downloading page 13 from https://i.prcdn.co/img?file=eaaj2025100600000000001001&page=13&scale=200&ticket=APoBKzz9pZK%2FC%2BwPYTOL%2B4k%3D
2026-06-28 02:11:00,727 [INFO] src.corpus_acquisition.downloader: Downloading page 14 from https://i.prcdn.co/img?file=eaaj2025100600000000001001&page=14&scale=200&ticket=AO%2FZzwgIn9pH%2BXMP2YRD%2FCc%3D
2026-06-28 02:11:02,344 [INFO] src.corpus_acquisition.downloader: Downloading page 15 from https://i.prcdn.co/img?file=eaaj2025100600000000001001&page=15&scale=200&ticket=AJYEVK98ByL21soOKvyN7Uk%3D
2026-06-28 02:11:02,457 [INFO] src.corpus_acquisition.downloader: Downloading page 16 from https://i.prcdn.co/img?file=eaaj2025100600000000001001&page=16&scale=200&ticket=AHwafQVFXuCNTsDs7P5HXs8%3D
2026-06-28 02:11:04,130 [INFO] src.corpus_acquisition.downloader: Downloading page 17 from https://i.prcdn.co/img?file=eaaj2025100600000000001001&page=17&scale=200&ticket=AD4aqdkfnz7xw4Z%2FrOoiZ%2B4%3D
2026-06-28 02:11:04,172 [INFO] src.corpus_acquisition.downloader: Downloading page 18 from https://i.prcdn.co/img?file=eaaj2025100600000000001001&page=18&scale=200&ticket=AC4%2F5dLd%2BPn%2BHQeIE9qTHHE%3D
2026-06-28 02:11:05,281 [INFO] src.corpus_acquisition.downloader: Downloading page 19 from https://i.prcdn.co/img?file=eaaj2025100600000000001001&page=19&scale=200&ticket=AJOub4M1uztqiChZlq4%2FOxw%3D
2026-06-28 02:11:05,341 [INFO] src.corpus_acquisition.downloader: Downloading page 20 from https://i.prcdn.co/img?file=eaaj2025100600000000001001&page=20&scale=200&ticket=AJhKYDRSGG%2FrwSZnZvDG0oc%3D
2026-06-28 02:11:05,830 [INFO] src.corpus_acquisition.downloader: Downloading page 21 from https://i.prcdn.co/img?file=eaaj2025100600000000001001&page=21&scale=200&ticket=ANUr1Ace6nQGrgww4XQPyYc%3D
2026-06-28 02:11:07,251 [INFO] src.corpus_acquisition.downloader: Downloading page 22 from https://i.prcdn.co/img?file=eaaj2025100600000000001001&page=22&scale=200&ticket=AOsTlgV7RX0S9SgQO7jq5EE%3D
2026-06-28 02:11:22,685 [INFO] src.corpus_acquisition.downloader: Downloading page 23 from https://i.prcdn.co/img?file=eaaj2025100600000000001001&page=23&scale=200&ticket=AKhvqLeNSLOLG%2FF6MrVpnsQ%3D
2026-06-28 02:11:23,139 [INFO] src.corpus_acquisition.downloader: Downloading page 24 from https://i.prcdn.co/img?file=eaaj2025100600000000001001&page=24&scale=200&ticket=ACx3cB3MOQjvm4B2fqgdWlQ%3D
2026-06-28 02:11:23,713 [INFO] src.corpus_acquisition.downloader: Downloading page 25 from https://i.prcdn.co/img?file=eaaj2025100600000000001001&page=25&scale=200&ticket=AF793SXVgTCP699tXSafDGg%3D
2026-06-28 02:11:24,474 [INFO] src.corpus_acquisition.downloader: Downloading page 26 from https://i.prcdn.co/img?file=eaaj2025100600000000001001&page=26&scale=200&ticket=AFNt7K0VefLrNHwDy1rlPBk%3D
2026-06-28 02:11:25,303 [INFO] src.corpus_acquisition.downloader: Downloading page 27 from https://i.prcdn.co/img?file=eaaj2025100600000000001001&page=27&scale=200&ticket=AHAra2K077%2FnnqOV05zaNTM%3D
2026-06-28 02:11:26,058 [INFO] src.corpus_acquisition.downloader: Downloading page 28 from https://i.prcdn.co/img?file=eaaj2025100600000000001001&page=28&scale=200&ticket=AB1O8LST7ms8zflLubj8GWg%3D
2026-06-28 02:11:26,522 [INFO] src.corpus_acquisition.downloader: Downloading page 29 from https://i.prcdn.co/img?file=eaaj2025100600000000001001&page=29&scale=200&ticket=AGoTKh5EuLWFHlZXr%2BpKK1o%3D
2026-06-28 02:11:27,080 [INFO] src.corpus_acquisition.downloader: Downloading page 30 from https://i.prcdn.co/img?file=eaaj2025100600000000001001&page=30&scale=200&ticket=ADKAnKJ04kSXZfNKjZzwzXY%3D
2026-06-28 02:11:27,684 [INFO] src.corpus_acquisition.downloader: Downloading page 31 from https://i.prcdn.co/img?file=eaaj2025100600000000001001&page=31&scale=200&ticket=AOan3OlzMaaHzNJ8Z79PEEc%3D
2026-06-28 02:11:28,604 [INFO] src.corpus_acquisition.downloader: Downloading page 32 from https://i.prcdn.co/img?file=eaaj2025100600000000001001&page=32&scale=200&ticket=AFRi3TfqYJHRqm8BrQ5XSks%3D
2026-06-28 02:11:29,212 [INFO] src.corpus_acquisition.metadata_extractor: Saved metadata for 32 page(s) -> data/raw/metadata/raw_metadata.parquet (total rows: 16849)
2026-06-28 02:11:29,215 [INFO] src.corpus_acquisition.metadata_extractor: Saved crawl log -> data/raw/crawl_logs/elcomercio_2025-10-06.json (status=success)
2026-06-28 02:11:32,703 [INFO] src.corpus_acquisition.downloader: Opening archive for elcomercio on 2025-10-07
2026-06-28 02:11:38,927 [INFO] src.corpus_acquisition.downloader: Collected 7 / 60 pages
2026-06-28 02:11:49,322 [INFO] src.corpus_acquisition.downloader: Collected 9 / 60 pages
2026-06-28 02:11:53,726 [INFO] src.corpus_acquisition.downloader: Collected 11 / 60 pages
2026-06-28 02:11:55,821 [INFO] src.corpus_acquisition.downloader: Collected 13 / 60 pages
2026-06-28 02:11:58,016 [INFO] src.corpus_acquisition.downloader: Collected 14 / 60 pages
2026-06-28 02:12:16,209 [INFO] src.corpus_acquisition.downloader: Collected 17 / 60 pages
2026-06-28 02:12:18,379 [INFO] src.corpus_acquisition.downloader: Collected 19 / 60 pages
2026-06-28 02:12:22,657 [INFO] src.corpus_acquisition.downloader: Collected 20 / 60 pages
2026-06-28 02:12:28,935 [WARNING] src.corpus_acquisition.downloader: No new pages found after 3 attempts; stopping with 20 page(s).
2026-06-28 02:12:28,952 [INFO] src.corpus_acquisition.downloader: Downloading page 1 from https://t.prcdn.co/img?file=eaaj2025100700000000001001&page=1&scale=200
2026-06-28 02:12:28,999 [INFO] src.corpus_acquisition.downloader: Downloading page 2 from https://i.prcdn.co/img?file=eaaj2025100700000000001001&page=2&scale=200&ticket=AIuuuVeKuWa1JVz8RrYBSB0%3D
2026-06-28 02:12:29,879 [INFO] src.corpus_acquisition.downloader: Downloading page 3 from https://i.prcdn.co/img?file=eaaj2025100700000000001001&page=3&scale=200&ticket=AL7kksZo6Za76uOobhWcWVM%3D
2026-06-28 02:12:29,947 [INFO] src.corpus_acquisition.downloader: Downloading page 4 from https://i.prcdn.co/img?file=eaaj2025100700000000001001&page=4&scale=200&ticket=ACneGtT5iJTJ3PzweSIucCM%3D
2026-06-28 02:12:30,615 [INFO] src.corpus_acquisition.downloader: Downloading page 5 from https://i.prcdn.co/img?file=eaaj2025100700000000001001&page=5&scale=200&ticket=APTW7K3IxK%2BHMD6RgilKSDU%3D
2026-06-28 02:12:30,668 [INFO] src.corpus_acquisition.downloader: Downloading page 6 from https://i.prcdn.co/img?file=eaaj2025100700000000001001&page=6&scale=200&ticket=ABJvYnroL5Wf59NvxUZomxA%3D
2026-06-28 02:12:31,319 [INFO] src.corpus_acquisition.downloader: Downloading page 7 from https://i.prcdn.co/img?file=eaaj2025100700000000001001&page=7&scale=200&ticket=AFyuN7Y%2Ff0lsNPIx5UPjxpY%3D
2026-06-28 02:12:32,034 [INFO] src.corpus_acquisition.downloader: Downloading page 8 from https://i.prcdn.co/img?file=eaaj2025100700000000001001&page=8&scale=200&ticket=APQlOfuBdd0bQIuA%2BURxlDU%3D
2026-06-28 02:12:32,790 [INFO] src.corpus_acquisition.downloader: Downloading page 9 from https://i.prcdn.co/img?file=eaaj2025100700000000001001&page=9&scale=200&ticket=AL9fMZJd6%2F8jephFM3QMLF0%3D
2026-06-28 02:12:33,454 [INFO] src.corpus_acquisition.downloader: Downloading page 10 from https://i.prcdn.co/img?file=eaaj2025100700000000001001&page=10&scale=200&ticket=ACWa9apIWeXYBxDTh0GBsa8%3D
2026-06-28 02:12:34,759 [INFO] src.corpus_acquisition.downloader: Downloading page 11 from https://i.prcdn.co/img?file=eaaj2025100700000000001001&page=11&scale=200&ticket=AH0ECYKGKNwOybQXPPSb4kI%3D
2026-06-28 02:12:36,277 [INFO] src.corpus_acquisition.downloader: Downloading page 12 from https://i.prcdn.co/img?file=eaaj2025100700000000001001&page=12&scale=200&ticket=APeR6wtnuqyh3L9IJN0Ce0k%3D
2026-06-28 02:12:37,203 [INFO] src.corpus_acquisition.downloader: Downloading page 13 from https://i.prcdn.co/img?file=eaaj2025100700000000001001&page=13&scale=200&ticket=AIgIEuan5vDtxQjymtlF2C4%3D
2026-06-28 02:12:37,246 [INFO] src.corpus_acquisition.downloader: Downloading page 14 from https://i.prcdn.co/img?file=eaaj2025100700000000001001&page=14&scale=200&ticket=AIpUk6DquoYvb4LopzxCxJc%3D
2026-06-28 02:12:37,303 [INFO] src.corpus_acquisition.downloader: Downloading page 15 from https://i.prcdn.co/img?file=eaaj2025100700000000001001&page=15&scale=200&ticket=ANKbDttWYbXRY2ncWdfNq5k%3D
2026-06-28 02:12:37,941 [INFO] src.corpus_acquisition.downloader: Downloading page 16 from https://i.prcdn.co/img?file=eaaj2025100700000000001001&page=16&scale=200&ticket=AHwizEfO4jME8X7cIRZOu6E%3D
2026-06-28 02:12:39,325 [INFO] src.corpus_acquisition.downloader: Downloading page 17 from https://i.prcdn.co/img?file=eaaj2025100700000000001001&page=17&scale=200&ticket=ANjLEdFE9RE19gBbKK1MZP0%3D
2026-06-28 02:12:39,378 [INFO] src.corpus_acquisition.downloader: Downloading page 18 from https://i.prcdn.co/img?file=eaaj2025100700000000001001&page=18&scale=200&ticket=AJgOxAWxVG27fvI%2FJorzdOg%3D
2026-06-28 02:12:39,535 [INFO] src.corpus_acquisition.downloader: Downloading page 19 from https://i.prcdn.co/img?file=eaaj2025100700000000001001&page=19&scale=200&ticket=AFmQFMuHTllzbfED1aZRQjo%3D
2026-06-28 02:12:39,577 [INFO] src.corpus_acquisition.downloader: Downloading page 20 from https://i.prcdn.co/img?file=eaaj2025100700000000001001&page=20&scale=200&ticket=ANYHGp%2FqHyNX0W%2Bh9Jdtxis%3D
2026-06-28 02:12:43,368 [INFO] src.corpus_acquisition.metadata_extractor: Saved metadata for 20 page(s) -> data/raw/metadata/raw_metadata.parquet (total rows: 16869)
2026-06-28 02:12:43,375 [INFO] src.corpus_acquisition.metadata_extractor: Saved crawl log -> data/raw/crawl_logs/elcomercio_2025-10-07.json (status=success)
2026-06-28 02:12:49,355 [INFO] src.corpus_acquisition.downloader: Opening archive for elcomercio on 2025-10-08
2026-06-28 02:12:55,499 [INFO] src.corpus_acquisition.downloader: Collected 7 / 60 pages
2026-06-28 02:13:10,393 [INFO] src.corpus_acquisition.downloader: Collected 9 / 60 pages
2026-06-28 02:13:14,785 [INFO] src.corpus_acquisition.downloader: Collected 11 / 60 pages
2026-06-28 02:13:16,878 [INFO] src.corpus_acquisition.downloader: Collected 12 / 60 pages
2026-06-28 02:13:18,964 [INFO] src.corpus_acquisition.downloader: Collected 15 / 60 pages
2026-06-28 02:13:21,052 [INFO] src.corpus_acquisition.downloader: Collected 17 / 60 pages
2026-06-28 02:13:31,000 [INFO] src.corpus_acquisition.downloader: Collected 19 / 60 pages
2026-06-28 02:13:37,696 [INFO] src.corpus_acquisition.downloader: Collected 20 / 60 pages
2026-06-28 02:13:39,778 [INFO] src.corpus_acquisition.downloader: Collected 21 / 60 pages
2026-06-28 02:13:41,868 [INFO] src.corpus_acquisition.downloader: Collected 23 / 60 pages
2026-06-28 02:14:00,332 [INFO] src.corpus_acquisition.downloader: Collected 26 / 60 pages
2026-06-28 02:14:02,441 [INFO] src.corpus_acquisition.downloader: Collected 27 / 60 pages
2026-06-28 02:14:07,062 [INFO] src.corpus_acquisition.downloader: Collected 30 / 60 pages
2026-06-28 02:14:09,237 [INFO] src.corpus_acquisition.downloader: Collected 32 / 60 pages
2026-06-28 02:14:11,333 [INFO] src.corpus_acquisition.downloader: Collected 34 / 60 pages
2026-06-28 02:14:23,558 [INFO] src.corpus_acquisition.downloader: Collected 36 / 60 pages
2026-06-28 02:14:25,643 [INFO] src.corpus_acquisition.downloader: Collected 39 / 60 pages
2026-06-28 02:14:27,725 [INFO] src.corpus_acquisition.downloader: Collected 40 / 60 pages
2026-06-28 02:14:34,447 [WARNING] src.corpus_acquisition.downloader: No new pages found after 3 attempts; stopping with 40 page(s).
2026-06-28 02:14:34,559 [INFO] src.corpus_acquisition.downloader: Downloading page 1 from https://t.prcdn.co/img?file=eaaj2025100800000000001001&page=1&scale=200
2026-06-28 02:14:35,713 [INFO] src.corpus_acquisition.downloader: Downloading page 2 from https://i.prcdn.co/img?file=eaaj2025100800000000001001&page=2&scale=200&ticket=AOEfBstoOqbcxs0JT3wbHYY%3D
2026-06-28 02:14:35,757 [INFO] src.corpus_acquisition.downloader: Downloading page 3 from https://i.prcdn.co/img?file=eaaj2025100800000000001001&page=3&scale=200&ticket=AGtlF7lSlkFKicOz1vwpQW8%3D
2026-06-28 02:14:36,432 [INFO] src.corpus_acquisition.downloader: Downloading page 4 from https://i.prcdn.co/img?file=eaaj2025100800000000001001&page=4&scale=200&ticket=ACPKVbaLGb%2Fwjqu1DMAdpW8%3D
2026-06-28 02:14:36,471 [INFO] src.corpus_acquisition.downloader: Downloading page 5 from https://i.prcdn.co/img?file=eaaj2025100800000000001001&page=5&scale=200&ticket=AJNVLMWJyRV2enuwd9hND6A%3D
2026-06-28 02:14:37,276 [INFO] src.corpus_acquisition.downloader: Downloading page 6 from https://i.prcdn.co/img?file=eaaj2025100800000000001001&page=6&scale=200&ticket=AFkiV9ZoO5GRDs7Cm8Fk1wc%3D
2026-06-28 02:14:37,393 [INFO] src.corpus_acquisition.downloader: Downloading page 7 from https://i.prcdn.co/img?file=eaaj2025100800000000001001&page=7&scale=200&ticket=AHOm%2BzpQKf3mcCPCk889l9k%3D
2026-06-28 02:14:38,406 [INFO] src.corpus_acquisition.downloader: Downloading page 8 from https://i.prcdn.co/img?file=eaaj2025100800000000001001&page=8&scale=200&ticket=AMU0m9rTcuSzbz3EEve8iMg%3D
2026-06-28 02:14:38,840 [INFO] src.corpus_acquisition.downloader: Downloading page 9 from https://i.prcdn.co/img?file=eaaj2025100800000000001001&page=9&scale=200&ticket=AC%2BY3DdH28Uh6UsvtTesh6Y%3D
2026-06-28 02:14:40,132 [INFO] src.corpus_acquisition.downloader: Downloading page 10 from https://i.prcdn.co/img?file=eaaj2025100800000000001001&page=10&scale=200&ticket=AM8aRzS%2B%2BPvVJyjDITYIiKU%3D
2026-06-28 02:14:41,532 [INFO] src.corpus_acquisition.downloader: Downloading page 11 from https://i.prcdn.co/img?file=eaaj2025100800000000001001&page=11&scale=200&ticket=ADFIcJWfQX5aMVxqlhXiUgA%3D
2026-06-28 02:14:43,135 [INFO] src.corpus_acquisition.downloader: Downloading page 12 from https://i.prcdn.co/img?file=eaaj2025100800000000001001&page=12&scale=200&ticket=ALXyPnlgomeQMLTrniAyrHw%3D
2026-06-28 02:14:43,754 [INFO] src.corpus_acquisition.downloader: Downloading page 13 from https://i.prcdn.co/img?file=eaaj2025100800000000001001&page=13&scale=200&ticket=ADqFK8VUvBOxR045LJtncW8%3D
2026-06-28 02:14:44,576 [INFO] src.corpus_acquisition.downloader: Downloading page 14 from https://i.prcdn.co/img?file=eaaj2025100800000000001001&page=14&scale=200&ticket=AA9PfrHa40Wj095x%2BvKkQY4%3D
2026-06-28 02:14:44,616 [INFO] src.corpus_acquisition.downloader: Downloading page 15 from https://i.prcdn.co/img?file=eaaj2025100800000000001001&page=15&scale=200&ticket=ACZFyyC7Wg8%2FS9MEUl1mXmk%3D
2026-06-28 02:14:44,656 [INFO] src.corpus_acquisition.downloader: Downloading page 16 from https://i.prcdn.co/img?file=eaaj2025100800000000001001&page=16&scale=200&ticket=AH8a9vh9pCPlQugJuN8CfaY%3D
2026-06-28 02:14:45,903 [INFO] src.corpus_acquisition.downloader: Downloading page 17 from https://i.prcdn.co/img?file=eaaj2025100800000000001001&page=17&scale=200&ticket=AFi1XeD%2B6lhCvRdgy4l7WZo%3D
2026-06-28 02:14:46,424 [INFO] src.corpus_acquisition.downloader: Downloading page 18 from https://i.prcdn.co/img?file=eaaj2025100800000000001001&page=18&scale=200&ticket=APBI%2Byb2poyZgg%2BJJYSueb8%3D
2026-06-28 02:14:48,378 [INFO] src.corpus_acquisition.downloader: Downloading page 19 from https://i.prcdn.co/img?file=eaaj2025100800000000001001&page=19&scale=200&ticket=ACoIXNDQcFCbraB5trbsESw%3D
2026-06-28 02:14:49,838 [INFO] src.corpus_acquisition.downloader: Downloading page 20 from https://i.prcdn.co/img?file=eaaj2025100800000000001001&page=20&scale=200&ticket=AK3pNBCLMqyxf8Rla6utV68%3D
2026-06-28 02:14:49,884 [INFO] src.corpus_acquisition.downloader: Downloading page 21 from https://i.prcdn.co/img?file=eaaj2025100800000000001001&page=21&scale=200&ticket=AEZTNhcEnphYBLw7rCWbDi0%3D
2026-06-28 02:14:49,920 [INFO] src.corpus_acquisition.downloader: Downloading page 22 from https://i.prcdn.co/img?file=eaaj2025100800000000001001&page=22&scale=200&ticket=ANVDrFXB%2FLUCuSNKXUmgtDY%3D
2026-06-28 02:14:50,647 [INFO] src.corpus_acquisition.downloader: Downloading page 23 from https://i.prcdn.co/img?file=eaaj2025100800000000001001&page=23&scale=200&ticket=AB7%2BC6VeeScrtsVL0l79S8c%3D
2026-06-28 02:14:51,217 [INFO] src.corpus_acquisition.downloader: Downloading page 24 from https://i.prcdn.co/img?file=eaaj2025100800000000001001&page=24&scale=200&ticket=AM8LKDo2JSvpAPpOZdZ3aC4%3D
2026-06-28 02:14:51,837 [INFO] src.corpus_acquisition.downloader: Downloading page 25 from https://i.prcdn.co/img?file=eaaj2025100800000000001001&page=25&scale=200&ticket=AJCwoKfnqpAF1e%2FzgRRjlI0%3D
2026-06-28 02:14:52,209 [INFO] src.corpus_acquisition.downloader: Downloading page 26 from https://i.prcdn.co/img?file=eaaj2025100800000000001001&page=26&scale=200&ticket=ABLW8%2BRBGyIk7S6GqGiasFs%3D
2026-06-28 02:14:52,806 [INFO] src.corpus_acquisition.downloader: Downloading page 27 from https://i.prcdn.co/img?file=eaaj2025100800000000001001&page=27&scale=200&ticket=AKESTudglI4nN1V8kyDz4hA%3D
2026-06-28 02:14:53,486 [INFO] src.corpus_acquisition.downloader: Downloading page 28 from https://i.prcdn.co/img?file=eaaj2025100800000000001001&page=28&scale=200&ticket=AP%2BWOA3sEN6NVTsZg1qKQic%3D
2026-06-28 02:14:54,184 [INFO] src.corpus_acquisition.downloader: Downloading page 29 from https://i.prcdn.co/img?file=eaaj2025100800000000001001&page=29&scale=200&ticket=ANzscTjYJJXTHMdrI%2F5dl48%3D
2026-06-28 02:14:54,924 [INFO] src.corpus_acquisition.downloader: Downloading page 30 from https://i.prcdn.co/img?file=eaaj2025100800000000001001&page=30&scale=200&ticket=ADh55qQJJmy48O%2FnzC7CDJY%3D
2026-06-28 02:14:55,883 [INFO] src.corpus_acquisition.downloader: Downloading page 31 from https://i.prcdn.co/img?file=eaaj2025100800000000001001&page=31&scale=200&ticket=AH4akxkSvqPIlL0pNszos3o%3D
2026-06-28 02:14:56,480 [INFO] src.corpus_acquisition.downloader: Downloading page 32 from https://i.prcdn.co/img?file=eaaj2025100800000000001001&page=32&scale=200&ticket=APgb55ht%2FQDoEwP5Zn54EKM%3D
2026-06-28 02:14:57,286 [INFO] src.corpus_acquisition.downloader: Downloading page 33 from https://i.prcdn.co/img?file=eaaj2025100800000000001001&page=33&scale=200&ticket=AECdVSFw4KF%2FV03HFIh6TyA%3D
2026-06-28 02:14:58,020 [INFO] src.corpus_acquisition.downloader: Downloading page 34 from https://i.prcdn.co/img?file=eaaj2025100800000000001001&page=34&scale=200&ticket=AMLMrLGqCeTRdK77aakSzV8%3D
2026-06-28 02:14:58,771 [INFO] src.corpus_acquisition.downloader: Downloading page 35 from https://i.prcdn.co/img?file=eaaj2025100800000000001001&page=35&scale=200&ticket=AKkMFfDdRq4cMBVX4gXviZg%3D
2026-06-28 02:14:59,512 [INFO] src.corpus_acquisition.downloader: Downloading page 36 from https://i.prcdn.co/img?file=eaaj2025100800000000001001&page=36&scale=200&ticket=AMyk4iA%2FgbAbLxdxOSMXL1U%3D
2026-06-28 02:15:00,278 [INFO] src.corpus_acquisition.downloader: Downloading page 37 from https://i.prcdn.co/img?file=eaaj2025100800000000001001&page=37&scale=200&ticket=ANG4y5JruzkvWzEQInjZPIE%3D
2026-06-28 02:15:01,029 [INFO] src.corpus_acquisition.downloader: Downloading page 38 from https://i.prcdn.co/img?file=eaaj2025100800000000001001&page=38&scale=200&ticket=ANnPt6rqBlSQkDNPCkBMKiE%3D
2026-06-28 02:15:01,778 [INFO] src.corpus_acquisition.downloader: Downloading page 39 from https://i.prcdn.co/img?file=eaaj2025100800000000001001&page=39&scale=200&ticket=ADyNwzxNSLZx9H8zWEwXxGY%3D
2026-06-28 02:15:02,212 [INFO] src.corpus_acquisition.downloader: Downloading page 40 from https://i.prcdn.co/img?file=eaaj2025100800000000001001&page=40&scale=200&ticket=AFLvXUsSgK1Uf87y4VpcuBo%3D
2026-06-28 02:15:20,439 [INFO] src.corpus_acquisition.metadata_extractor: Saved metadata for 40 page(s) -> data/raw/metadata/raw_metadata.parquet (total rows: 16909)
2026-06-28 02:15:20,444 [INFO] src.corpus_acquisition.metadata_extractor: Saved crawl log -> data/raw/crawl_logs/elcomercio_2025-10-08.json (status=success)
2026-06-28 02:15:26,886 [INFO] src.corpus_acquisition.downloader: Opening archive for elcomercio on 2025-10-09
2026-06-28 02:15:33,355 [INFO] src.corpus_acquisition.downloader: Collected 6 / 60 pages
2026-06-28 02:15:44,586 [INFO] src.corpus_acquisition.downloader: Collected 7 / 60 pages
2026-06-28 02:15:46,671 [INFO] src.corpus_acquisition.downloader: Collected 9 / 60 pages
2026-06-28 02:15:48,758 [INFO] src.corpus_acquisition.downloader: Collected 10 / 60 pages
2026-06-28 02:15:50,849 [INFO] src.corpus_acquisition.downloader: Collected 12 / 60 pages
2026-06-28 02:15:52,967 [INFO] src.corpus_acquisition.downloader: Collected 15 / 60 pages
2026-06-28 02:15:55,063 [INFO] src.corpus_acquisition.downloader: Collected 17 / 60 pages
2026-06-28 02:15:57,171 [INFO] src.corpus_acquisition.downloader: Collected 19 / 60 pages
2026-06-28 02:15:59,271 [INFO] src.corpus_acquisition.downloader: Collected 20 / 60 pages
2026-06-28 02:16:05,576 [WARNING] src.corpus_acquisition.downloader: No new pages found after 3 attempts; stopping with 20 page(s).
2026-06-28 02:16:05,588 [INFO] src.corpus_acquisition.downloader: Downloading page 1 from https://t.prcdn.co/img?file=eaaj2025100900000000001001&page=1&scale=200
2026-06-28 02:16:05,647 [INFO] src.corpus_acquisition.downloader: Downloading page 2 from https://i.prcdn.co/img?file=eaaj2025100900000000001001&page=2&scale=200&ticket=AFtLwJx9OYxgsWKBvGsO7rA%3D
2026-06-28 02:16:05,708 [INFO] src.corpus_acquisition.downloader: Downloading page 3 from https://i.prcdn.co/img?file=eaaj2025100900000000001001&page=3&scale=200&ticket=AJpveWdmZYdu2ghTp5T8ERc%3D
2026-06-28 02:16:05,756 [INFO] src.corpus_acquisition.downloader: Downloading page 4 from https://i.prcdn.co/img?file=eaaj2025100900000000001001&page=4&scale=200&ticket=AJwRrZlSha3Iy0tXzkj1%2FPY%3D
2026-06-28 02:16:05,877 [INFO] src.corpus_acquisition.downloader: Downloading page 5 from https://i.prcdn.co/img?file=eaaj2025100900000000001001&page=5&scale=200&ticket=AOZyTCqj2zKa%2B6X1L1YPORY%3D
2026-06-28 02:16:06,535 [INFO] src.corpus_acquisition.downloader: Downloading page 6 from https://i.prcdn.co/img?file=eaaj2025100900000000001001&page=6&scale=200&ticket=AC9pFEG7o%2BaQsCMBczDW1%2BM%3D
2026-06-28 02:16:06,579 [INFO] src.corpus_acquisition.downloader: Downloading page 7 from https://i.prcdn.co/img?file=eaaj2025100900000000001001&page=7&scale=200&ticket=AKoJHmOrFG9VCNYu3jpETFo%3D
2026-06-28 02:16:07,127 [INFO] src.corpus_acquisition.downloader: Downloading page 8 from https://i.prcdn.co/img?file=eaaj2025100900000000001001&page=8&scale=200&ticket=AIXTEGxjpvbbU%2FdD5MQ8lfU%3D
2026-06-28 02:16:07,185 [INFO] src.corpus_acquisition.downloader: Downloading page 9 from https://i.prcdn.co/img?file=eaaj2025100900000000001001&page=9&scale=200&ticket=AADp4Tv7FAS8VRVUr1APssE%3D
2026-06-28 02:16:08,557 [INFO] src.corpus_acquisition.downloader: Downloading page 10 from https://i.prcdn.co/img?file=eaaj2025100900000000001001&page=10&scale=200&ticket=AJwBgJUJQrd9ko4qdRduEr8%3D
2026-06-28 02:16:08,599 [INFO] src.corpus_acquisition.downloader: Downloading page 11 from https://i.prcdn.co/img?file=eaaj2025100900000000001001&page=11&scale=200&ticket=ALGoKm3fW2nFpl4EpP6m4nE%3D
2026-06-28 02:16:08,660 [INFO] src.corpus_acquisition.downloader: Downloading page 12 from https://i.prcdn.co/img?file=eaaj2025100900000000001001&page=12&scale=200&ticket=AHwYDo8GahPtWcdh3BKZ60Y%3D
2026-06-28 02:16:08,774 [INFO] src.corpus_acquisition.downloader: Downloading page 13 from https://i.prcdn.co/img?file=eaaj2025100900000000001001&page=13&scale=200&ticket=AMjGlEp5jXBGHsOhCLuBAmE%3D
2026-06-28 02:16:09,460 [INFO] src.corpus_acquisition.downloader: Downloading page 14 from https://i.prcdn.co/img?file=eaaj2025100900000000001001&page=14&scale=200&ticket=AAdy8hgV8gjrdepIsMvfcvM%3D
2026-06-28 02:16:12,230 [INFO] src.corpus_acquisition.downloader: Downloading page 15 from https://i.prcdn.co/img?file=eaaj2025100900000000001001&page=15&scale=200&ticket=AObZk5QNytrE%2BpagKdQt0pY%3D
2026-06-28 02:16:12,269 [INFO] src.corpus_acquisition.downloader: Downloading page 16 from https://i.prcdn.co/img?file=eaaj2025100900000000001001&page=16&scale=200&ticket=AHcuV5NPTuu5Oqaj5Z89s60%3D
2026-06-28 02:16:13,551 [INFO] src.corpus_acquisition.downloader: Downloading page 17 from https://i.prcdn.co/img?file=eaaj2025100900000000001001&page=17&scale=200&ticket=AL2ao0y7IBAeaiL1Pz8NYBI%3D
2026-06-28 02:16:14,173 [INFO] src.corpus_acquisition.downloader: Downloading page 18 from https://i.prcdn.co/img?file=eaaj2025100900000000001001&page=18&scale=200&ticket=AJPXbFlaYAUsD%2FAnmVoFxq4%3D
2026-06-28 02:16:14,847 [INFO] src.corpus_acquisition.downloader: Downloading page 19 from https://i.prcdn.co/img?file=eaaj2025100900000000001001&page=19&scale=200&ticket=ACrg9aVEQVh%2F4T28kFmoPdU%3D
2026-06-28 02:16:15,693 [INFO] src.corpus_acquisition.downloader: Downloading page 20 from https://i.prcdn.co/img?file=eaaj2025100900000000001001&page=20&scale=200&ticket=AEdrzu7WG4hGVyRRh4nMl8E%3D
2026-06-28 02:16:33,208 [INFO] src.corpus_acquisition.metadata_extractor: Saved metadata for 20 page(s) -> data/raw/metadata/raw_metadata.parquet (total rows: 16929)
2026-06-28 02:16:33,211 [INFO] src.corpus_acquisition.metadata_extractor: Saved crawl log -> data/raw/crawl_logs/elcomercio_2025-10-09.json (status=success)
2026-06-28 02:16:38,479 [INFO] src.corpus_acquisition.downloader: Opening archive for elcomercio on 2025-10-10
2026-06-28 02:16:46,380 [INFO] src.corpus_acquisition.downloader: Collected 6 / 60 pages
2026-06-28 02:16:48,461 [INFO] src.corpus_acquisition.downloader: Collected 7 / 60 pages
2026-06-28 02:16:50,557 [INFO] src.corpus_acquisition.downloader: Collected 9 / 60 pages
2026-06-28 02:16:52,648 [INFO] src.corpus_acquisition.downloader: Collected 11 / 60 pages
2026-06-28 02:16:54,743 [INFO] src.corpus_acquisition.downloader: Collected 13 / 60 pages
2026-06-28 02:16:56,935 [INFO] src.corpus_acquisition.downloader: Collected 15 / 60 pages
2026-06-28 02:16:59,041 [INFO] src.corpus_acquisition.downloader: Collected 17 / 60 pages
2026-06-28 02:17:01,130 [INFO] src.corpus_acquisition.downloader: Collected 19 / 60 pages
2026-06-28 02:17:03,222 [INFO] src.corpus_acquisition.downloader: Collected 20 / 60 pages
2026-06-28 02:17:09,591 [WARNING] src.corpus_acquisition.downloader: No new pages found after 3 attempts; stopping with 20 page(s).
2026-06-28 02:17:09,604 [INFO] src.corpus_acquisition.downloader: Downloading page 1 from https://t.prcdn.co/img?file=eaaj2025101000000000001001&page=1&scale=200
2026-06-28 02:17:10,161 [INFO] src.corpus_acquisition.downloader: Downloading page 2 from https://i.prcdn.co/img?file=eaaj2025101000000000001001&page=2&scale=200&ticket=ABCfylMQfvvIj83Nog87NSQ%3D
2026-06-28 02:17:10,202 [INFO] src.corpus_acquisition.downloader: Downloading page 3 from https://i.prcdn.co/img?file=eaaj2025101000000000001001&page=3&scale=200&ticket=AED6LzroVM4%2FAokWOEqbqcU%3D
2026-06-28 02:17:11,255 [INFO] src.corpus_acquisition.downloader: Downloading page 4 from https://i.prcdn.co/img?file=eaaj2025101000000000001001&page=4&scale=200&ticket=AGkmBwpOKXWRsTQyaH9DMqU%3D
2026-06-28 02:17:11,945 [INFO] src.corpus_acquisition.downloader: Downloading page 5 from https://i.prcdn.co/img?file=eaaj2025101000000000001001&page=5&scale=200&ticket=AO6N5EzVIeOwPwhgxkiF4CI%3D
2026-06-28 02:17:11,983 [INFO] src.corpus_acquisition.downloader: Downloading page 6 from https://i.prcdn.co/img?file=eaaj2025101000000000001001&page=6&scale=200&ticket=ABbxw7ZK19JZyIjOn%2BR7AKs%3D
2026-06-28 02:17:12,610 [INFO] src.corpus_acquisition.downloader: Downloading page 7 from https://i.prcdn.co/img?file=eaaj2025101000000000001001&page=7&scale=200&ticket=ANF2E0sfWw2cj%2BtYVpgoIOw%3D
2026-06-28 02:17:12,646 [INFO] src.corpus_acquisition.downloader: Downloading page 8 from https://i.prcdn.co/img?file=eaaj2025101000000000001001&page=8&scale=200&ticket=AFS0sjtbe817poFi3h91C0A%3D
2026-06-28 02:17:13,998 [INFO] src.corpus_acquisition.downloader: Downloading page 9 from https://i.prcdn.co/img?file=eaaj2025101000000000001001&page=9&scale=200&ticket=APwFvsFiaCnhlTiignWjZfs%3D
2026-06-28 02:17:14,058 [INFO] src.corpus_acquisition.downloader: Downloading page 10 from https://i.prcdn.co/img?file=eaaj2025101000000000001001&page=10&scale=200&ticket=AGklxLZWX%2FXtnc0PUxt7Lt0%3D
2026-06-28 02:17:14,118 [INFO] src.corpus_acquisition.downloader: Downloading page 11 from https://i.prcdn.co/img?file=eaaj2025101000000000001001&page=11&scale=200&ticket=AOa24maawKkI2LpwoSDWuXw%3D
2026-06-28 02:17:15,448 [INFO] src.corpus_acquisition.downloader: Downloading page 12 from https://i.prcdn.co/img?file=eaaj2025101000000000001001&page=12&scale=200&ticket=ALezeEFmCLkzKX7kQn93O7I%3D
2026-06-28 02:17:16,196 [INFO] src.corpus_acquisition.downloader: Downloading page 13 from https://i.prcdn.co/img?file=eaaj2025101000000000001001&page=13&scale=200&ticket=AOf15jSdL4%2BbflMtUtOOam4%3D
2026-06-28 02:17:16,255 [INFO] src.corpus_acquisition.downloader: Downloading page 14 from https://i.prcdn.co/img?file=eaaj2025101000000000001001&page=14&scale=200&ticket=ADxrofFHtsd9AWAr7SL2LoU%3D
2026-06-28 02:17:16,957 [INFO] src.corpus_acquisition.downloader: Downloading page 15 from https://i.prcdn.co/img?file=eaaj2025101000000000001001&page=15&scale=200&ticket=AMqkD%2FqwiEEMCakR4NaYo%2Fk%3D
2026-06-28 02:17:18,413 [INFO] src.corpus_acquisition.downloader: Downloading page 16 from https://i.prcdn.co/img?file=eaaj2025101000000000001001&page=16&scale=200&ticket=ADDJkcL1JLx3iIJNOdG1vp0%3D
2026-06-28 02:17:19,748 [INFO] src.corpus_acquisition.downloader: Downloading page 17 from https://i.prcdn.co/img?file=eaaj2025101000000000001001&page=17&scale=200&ticket=ACOyfpo2G07cyw5zbIJyugI%3D
2026-06-28 02:17:19,789 [INFO] src.corpus_acquisition.downloader: Downloading page 18 from https://i.prcdn.co/img?file=eaaj2025101000000000001001&page=18&scale=200&ticket=AD6tT7dHPVOs8vZziM3jZZM%3D
2026-06-28 02:17:19,990 [INFO] src.corpus_acquisition.downloader: Downloading page 19 from https://i.prcdn.co/img?file=eaaj2025101000000000001001&page=19&scale=200&ticket=ACYlGUY3KpIkXmdoDxOYobs%3D
2026-06-28 02:17:20,051 [INFO] src.corpus_acquisition.downloader: Downloading page 20 from https://i.prcdn.co/img?file=eaaj2025101000000000001001&page=20&scale=200&ticket=AI59qw5nYdvXDqxheJA5GY0%3D
2026-06-28 02:17:25,066 [INFO] src.corpus_acquisition.metadata_extractor: Saved metadata for 20 page(s) -> data/raw/metadata/raw_metadata.parquet (total rows: 16949)
2026-06-28 02:17:25,069 [INFO] src.corpus_acquisition.metadata_extractor: Saved crawl log -> data/raw/crawl_logs/elcomercio_2025-10-10.json (status=success)
2026-06-28 02:17:28,432 [INFO] src.corpus_acquisition.downloader: Opening archive for elcomercio on 2025-10-11
2026-06-28 02:17:34,276 [INFO] src.corpus_acquisition.downloader: Collected 7 / 60 pages
2026-06-28 02:17:38,444 [INFO] src.corpus_acquisition.downloader: Collected 9 / 60 pages
2026-06-28 02:17:50,346 [INFO] src.corpus_acquisition.downloader: Collected 11 / 60 pages
2026-06-28 02:17:52,435 [INFO] src.corpus_acquisition.downloader: Collected 13 / 60 pages
2026-06-28 02:17:54,521 [INFO] src.corpus_acquisition.downloader: Collected 15 / 60 pages
2026-06-28 02:17:56,606 [INFO] src.corpus_acquisition.downloader: Collected 17 / 60 pages
2026-06-28 02:17:58,716 [INFO] src.corpus_acquisition.downloader: Collected 18 / 60 pages
2026-06-28 02:18:00,802 [INFO] src.corpus_acquisition.downloader: Collected 21 / 60 pages
2026-06-28 02:18:17,092 [INFO] src.corpus_acquisition.downloader: Collected 23 / 60 pages
2026-06-28 02:18:19,187 [INFO] src.corpus_acquisition.downloader: Collected 24 / 60 pages
2026-06-28 02:18:25,552 [WARNING] src.corpus_acquisition.downloader: No new pages found after 3 attempts; stopping with 24 page(s).
2026-06-28 02:18:25,567 [INFO] src.corpus_acquisition.downloader: Downloading page 1 from https://t.prcdn.co/img?file=eaaj2025101100000000001001&page=1&scale=200
2026-06-28 02:18:26,156 [INFO] src.corpus_acquisition.downloader: Downloading page 2 from https://i.prcdn.co/img?file=eaaj2025101100000000001001&page=2&scale=200&ticket=ALUJCEUWH9eWcNQH02L7laI%3D
2026-06-28 02:18:26,938 [INFO] src.corpus_acquisition.downloader: Downloading page 3 from https://i.prcdn.co/img?file=eaaj2025101100000000001001&page=3&scale=200&ticket=AHQ62iBJIHo84BkwcVxkA3U%3D
2026-06-28 02:18:27,000 [INFO] src.corpus_acquisition.downloader: Downloading page 4 from https://i.prcdn.co/img?file=eaaj2025101100000000001001&page=4&scale=200&ticket=AEyQPhvWqJoz%2Fgi7KPHww0M%3D
2026-06-28 02:18:28,282 [INFO] src.corpus_acquisition.downloader: Downloading page 5 from https://i.prcdn.co/img?file=eaaj2025101100000000001001&page=5&scale=200&ticket=AKsGZAlyzzC9a7R7sr4eoQY%3D
2026-06-28 02:18:29,713 [INFO] src.corpus_acquisition.downloader: Downloading page 6 from https://i.prcdn.co/img?file=eaaj2025101100000000001001&page=6&scale=200&ticket=AKYtHP5MT58WhFCZAuPu0kI%3D
2026-06-28 02:18:30,977 [INFO] src.corpus_acquisition.downloader: Downloading page 7 from https://i.prcdn.co/img?file=eaaj2025101100000000001001&page=7&scale=200&ticket=AFL2ySlP1lMjabdRH4UhcUo%3D
2026-06-28 02:18:32,086 [INFO] src.corpus_acquisition.downloader: Downloading page 8 from https://i.prcdn.co/img?file=eaaj2025101100000000001001&page=8&scale=200&ticket=AImkheAVzwj71LP61MZY5CI%3D
2026-06-28 02:18:33,172 [INFO] src.corpus_acquisition.downloader: Downloading page 9 from https://i.prcdn.co/img?file=eaaj2025101100000000001001&page=9&scale=200&ticket=AIqGEfgCRmL5XpIuIcZ46YM%3D
2026-06-28 02:18:33,236 [INFO] src.corpus_acquisition.downloader: Downloading page 10 from https://i.prcdn.co/img?file=eaaj2025101100000000001001&page=10&scale=200&ticket=AGZk0IciBjCXyS%2F%2BOhiwewI%3D
2026-06-28 02:18:33,429 [INFO] src.corpus_acquisition.downloader: Downloading page 11 from https://i.prcdn.co/img?file=eaaj2025101100000000001001&page=11&scale=200&ticket=AFG00zRnBXicUfo3NGJhyjQ%3D
2026-06-28 02:18:34,777 [INFO] src.corpus_acquisition.downloader: Downloading page 12 from https://i.prcdn.co/img?file=eaaj2025101100000000001001&page=12&scale=200&ticket=AJQDG2iCbOeQGiCZmxrwquc%3D
2026-06-28 02:18:34,843 [INFO] src.corpus_acquisition.downloader: Downloading page 13 from https://i.prcdn.co/img?file=eaaj2025101100000000001001&page=13&scale=200&ticket=ALl0wausEZXSS8Lrfon5mTM%3D
2026-06-28 02:18:34,888 [INFO] src.corpus_acquisition.downloader: Downloading page 14 from https://i.prcdn.co/img?file=eaaj2025101100000000001001&page=14&scale=200&ticket=ALz72JzOeVbNL7gXbzWsycs%3D
2026-06-28 02:18:34,950 [INFO] src.corpus_acquisition.downloader: Downloading page 15 from https://i.prcdn.co/img?file=eaaj2025101100000000001001&page=15&scale=200&ticket=AB%2BQ8HajxyDNbhH%2FwFwibN0%3D
2026-06-28 02:18:35,695 [INFO] src.corpus_acquisition.downloader: Downloading page 16 from https://i.prcdn.co/img?file=eaaj2025101100000000001001&page=16&scale=200&ticket=ADmO4ZT4cK09ifvkaKipvlg%3D
2026-06-28 02:18:35,756 [INFO] src.corpus_acquisition.downloader: Downloading page 17 from https://i.prcdn.co/img?file=eaaj2025101100000000001001&page=17&scale=200&ticket=AMfMSouaj4WaDqdtdA1WpUE%3D
2026-06-28 02:18:37,346 [INFO] src.corpus_acquisition.downloader: Downloading page 18 from https://i.prcdn.co/img?file=eaaj2025101100000000001001&page=18&scale=200&ticket=ABxyCCAImog8kEK8sHiXyPs%3D
2026-06-28 02:18:38,018 [INFO] src.corpus_acquisition.downloader: Downloading page 19 from https://i.prcdn.co/img?file=eaaj2025101100000000001001&page=19&scale=200&ticket=AOttGNJiD6h6Rdu44ebbh4k%3D
2026-06-28 02:18:38,143 [INFO] src.corpus_acquisition.downloader: Downloading page 20 from https://i.prcdn.co/img?file=eaaj2025101100000000001001&page=20&scale=200&ticket=AChLfLuo9RZUab9I3Y1sneo%3D
2026-06-28 02:18:38,311 [INFO] src.corpus_acquisition.downloader: Downloading page 21 from https://i.prcdn.co/img?file=eaaj2025101100000000001001&page=21&scale=200&ticket=AF3Fa46dBYJJ6Bw00mfypTw%3D
2026-06-28 02:18:38,373 [INFO] src.corpus_acquisition.downloader: Downloading page 22 from https://i.prcdn.co/img?file=eaaj2025101100000000001001&page=22&scale=200&ticket=AH%2Brh8XABdgTl1WrkuLO%2FaU%3D
2026-06-28 02:18:39,151 [INFO] src.corpus_acquisition.downloader: Downloading page 23 from https://i.prcdn.co/img?file=eaaj2025101100000000001001&page=23&scale=200&ticket=AAxmHQAJ3ES9IIVX8ov%2FINU%3D
2026-06-28 02:18:39,811 [INFO] src.corpus_acquisition.downloader: Downloading page 24 from https://i.prcdn.co/img?file=eaaj2025101100000000001001&page=24&scale=200&ticket=AI%2FyrYSVBapms86qRY%2F%2BwAo%3D
2026-06-28 02:18:40,369 [INFO] src.corpus_acquisition.metadata_extractor: Saved metadata for 24 page(s) -> data/raw/metadata/raw_metadata.parquet (total rows: 16973)
2026-06-28 02:18:40,372 [INFO] src.corpus_acquisition.metadata_extractor: Saved crawl log -> data/raw/crawl_logs/elcomercio_2025-10-11.json (status=success)
2026-06-28 02:18:45,669 [INFO] src.corpus_acquisition.downloader: Opening archive for elcomercio on 2025-10-12
2026-06-28 02:18:52,048 [INFO] src.corpus_acquisition.downloader: Collected 7 / 60 pages
2026-06-28 02:18:56,214 [INFO] src.corpus_acquisition.downloader: Collected 9 / 60 pages
2026-06-28 02:18:58,299 [INFO] src.corpus_acquisition.downloader: Collected 11 / 60 pages
2026-06-28 02:19:00,383 [INFO] src.corpus_acquisition.downloader: Collected 13 / 60 pages
2026-06-28 02:19:02,473 [INFO] src.corpus_acquisition.downloader: Collected 15 / 60 pages
2026-06-28 02:19:04,576 [INFO] src.corpus_acquisition.downloader: Collected 17 / 60 pages
2026-06-28 02:19:06,668 [INFO] src.corpus_acquisition.downloader: Collected 19 / 60 pages
2026-06-28 02:19:08,746 [INFO] src.corpus_acquisition.downloader: Collected 21 / 60 pages
2026-06-28 02:19:12,932 [INFO] src.corpus_acquisition.downloader: Collected 25 / 60 pages
2026-06-28 02:19:15,028 [INFO] src.corpus_acquisition.downloader: Collected 26 / 60 pages
2026-06-28 02:19:17,118 [INFO] src.corpus_acquisition.downloader: Collected 29 / 60 pages
2026-06-28 02:19:19,200 [INFO] src.corpus_acquisition.downloader: Collected 31 / 60 pages
2026-06-28 02:19:21,285 [INFO] src.corpus_acquisition.downloader: Collected 33 / 60 pages
2026-06-28 02:19:23,388 [INFO] src.corpus_acquisition.downloader: Collected 34 / 60 pages
2026-06-28 02:19:25,507 [INFO] src.corpus_acquisition.downloader: Collected 36 / 60 pages
2026-06-28 02:19:31,352 [INFO] src.corpus_acquisition.downloader: Collected 38 / 60 pages
2026-06-28 02:19:33,450 [INFO] src.corpus_acquisition.downloader: Collected 41 / 60 pages
2026-06-28 02:19:35,536 [INFO] src.corpus_acquisition.downloader: Collected 43 / 60 pages
2026-06-28 02:19:47,286 [INFO] src.corpus_acquisition.downloader: Collected 44 / 60 pages
2026-06-28 02:19:49,388 [INFO] src.corpus_acquisition.downloader: Collected 47 / 60 pages
2026-06-28 02:19:51,502 [INFO] src.corpus_acquisition.downloader: Collected 48 / 60 pages
2026-06-28 02:19:57,969 [WARNING] src.corpus_acquisition.downloader: No new pages found after 3 attempts; stopping with 48 page(s).
2026-06-28 02:19:57,984 [INFO] src.corpus_acquisition.downloader: Downloading page 1 from https://t.prcdn.co/img?file=eaaj2025101200000000001001&page=1&scale=200
2026-06-28 02:19:58,043 [INFO] src.corpus_acquisition.downloader: Downloading page 2 from https://i.prcdn.co/img?file=eaaj2025101200000000001001&page=2&scale=200&ticket=AJ9H7jUx0QqPQoR1CmRhJqM%3D
2026-06-28 02:19:58,764 [INFO] src.corpus_acquisition.downloader: Downloading page 3 from https://i.prcdn.co/img?file=eaaj2025101200000000001001&page=3&scale=200&ticket=AG9jyIdoWLHd65on308zAVc%3D
2026-06-28 02:20:00,154 [INFO] src.corpus_acquisition.downloader: Downloading page 4 from https://i.prcdn.co/img?file=eaaj2025101200000000001001&page=4&scale=200&ticket=AOS3OshHhZ%2FnfCaWyHNelV0%3D
2026-06-28 02:20:01,693 [INFO] src.corpus_acquisition.downloader: Downloading page 5 from https://i.prcdn.co/img?file=eaaj2025101200000000001001&page=5&scale=200&ticket=AOiNSajNw4Z90QH98v%2F6JmQ%3D
2026-06-28 02:20:02,368 [INFO] src.corpus_acquisition.downloader: Downloading page 6 from https://i.prcdn.co/img?file=eaaj2025101200000000001001&page=6&scale=200&ticket=ANQrZObm8oyEsceO%2BrXo9Oo%3D
2026-06-28 02:20:03,088 [INFO] src.corpus_acquisition.downloader: Downloading page 7 from https://i.prcdn.co/img?file=eaaj2025101200000000001001&page=7&scale=200&ticket=AInmvpLX6nd7DOuY%2BDBeBUQ%3D
2026-06-28 02:20:03,218 [INFO] src.corpus_acquisition.downloader: Downloading page 8 from https://i.prcdn.co/img?file=eaaj2025101200000000001001&page=8&scale=200&ticket=AAenvUrtcigFPaUqfcoC5vg%3D
2026-06-28 02:20:03,276 [INFO] src.corpus_acquisition.downloader: Downloading page 9 from https://i.prcdn.co/img?file=eaaj2025101200000000001001&page=9&scale=200&ticket=AKEAD7IHjVD3ISyFurfE37Y%3D
2026-06-28 02:20:03,333 [INFO] src.corpus_acquisition.downloader: Downloading page 10 from https://i.prcdn.co/img?file=eaaj2025101200000000001001&page=10&scale=200&ticket=AJ%2BEkxFNE4e9ZXy5U0uARF8%3D
2026-06-28 02:20:05,289 [INFO] src.corpus_acquisition.downloader: Downloading page 11 from https://i.prcdn.co/img?file=eaaj2025101200000000001001&page=11&scale=200&ticket=ABycBGT9JqcHUG0IEefUuH0%3D
2026-06-28 02:20:05,988 [INFO] src.corpus_acquisition.downloader: Downloading page 12 from https://i.prcdn.co/img?file=eaaj2025101200000000001001&page=12&scale=200&ticket=AIYccNMLhniFR0K2c4BNO70%3D
2026-06-28 02:20:06,570 [INFO] src.corpus_acquisition.downloader: Downloading page 13 from https://i.prcdn.co/img?file=eaaj2025101200000000001001&page=13&scale=200&ticket=AH%2Fh5mJOq6zht2AExMMzfog%3D
2026-06-28 02:20:07,359 [INFO] src.corpus_acquisition.downloader: Downloading page 14 from https://i.prcdn.co/img?file=eaaj2025101200000000001001&page=14&scale=200&ticket=AAVzqKei0XOsF%2BnQD4K4XwU%3D
2026-06-28 02:20:07,401 [INFO] src.corpus_acquisition.downloader: Downloading page 15 from https://i.prcdn.co/img?file=eaaj2025101200000000001001&page=15&scale=200&ticket=APWAAvsHYGy5ETqHMGLZXtA%3D
2026-06-28 02:20:08,931 [INFO] src.corpus_acquisition.downloader: Downloading page 16 from https://i.prcdn.co/img?file=eaaj2025101200000000001001&page=16&scale=200&ticket=AGyy4WAZN7Fj7pc0yFILy%2BE%3D
2026-06-28 02:20:10,640 [INFO] src.corpus_acquisition.downloader: Downloading page 17 from https://i.prcdn.co/img?file=eaaj2025101200000000001001&page=17&scale=200&ticket=AJsDKUKV2SNMThUtCZ4amQM%3D
2026-06-28 02:20:10,679 [INFO] src.corpus_acquisition.downloader: Downloading page 18 from https://i.prcdn.co/img?file=eaaj2025101200000000001001&page=18&scale=200&ticket=AI5qW92To15qlEujhZbhY4Q%3D
2026-06-28 02:20:12,000 [INFO] src.corpus_acquisition.downloader: Downloading page 19 from https://i.prcdn.co/img?file=eaaj2025101200000000001001&page=19&scale=200&ticket=APhvRMpWMVD63KOX6g4kaPg%3D
2026-06-28 02:20:12,046 [INFO] src.corpus_acquisition.downloader: Downloading page 20 from https://i.prcdn.co/img?file=eaaj2025101200000000001001&page=20&scale=200&ticket=AKeQNoYI%2BqqHcnkKId0I07g%3D
2026-06-28 02:20:12,819 [INFO] src.corpus_acquisition.downloader: Downloading page 21 from https://i.prcdn.co/img?file=eaaj2025101200000000001001&page=21&scale=200&ticket=ABq75rdIHEVVtAwbq%2Baj038%3D
2026-06-28 02:20:13,716 [INFO] src.corpus_acquisition.downloader: Downloading page 22 from https://i.prcdn.co/img?file=eaaj2025101200000000001001&page=22&scale=200&ticket=AC4cjMORacRY8xPJs8SwCfY%3D
2026-06-28 02:20:14,301 [INFO] src.corpus_acquisition.downloader: Downloading page 23 from https://i.prcdn.co/img?file=eaaj2025101200000000001001&page=23&scale=200&ticket=AGQuHspU87Fz4t2ritQFQtM%3D
2026-06-28 02:20:15,035 [INFO] src.corpus_acquisition.downloader: Downloading page 24 from https://i.prcdn.co/img?file=eaaj2025101200000000001001&page=24&scale=200&ticket=AIDV8vmPfOyq7HSx99OAoLk%3D
2026-06-28 02:20:15,548 [INFO] src.corpus_acquisition.downloader: Downloading page 25 from https://i.prcdn.co/img?file=eaaj2025101200000000001001&page=25&scale=200&ticket=AHxNlWDm4wH7%2FO3yyYGCBkg%3D
2026-06-28 02:20:16,230 [INFO] src.corpus_acquisition.downloader: Downloading page 26 from https://i.prcdn.co/img?file=eaaj2025101200000000001001&page=26&scale=200&ticket=ANPVbvayK6UbI%2FSkTDxbh%2FU%3D
2026-06-28 02:20:16,820 [INFO] src.corpus_acquisition.downloader: Downloading page 27 from https://i.prcdn.co/img?file=eaaj2025101200000000001001&page=27&scale=200&ticket=AHzMwdooEr0eL%2BLo%2B8k9CS8%3D
2026-06-28 02:20:17,466 [INFO] src.corpus_acquisition.downloader: Downloading page 28 from https://i.prcdn.co/img?file=eaaj2025101200000000001001&page=28&scale=200&ticket=APEb%2BhA51vJTpL06FVX7wbw%3D
2026-06-28 02:20:17,994 [INFO] src.corpus_acquisition.downloader: Downloading page 29 from https://i.prcdn.co/img?file=eaaj2025101200000000001001&page=29&scale=200&ticket=AKboFkBnf25Kf1Li3%2FZLEEE%3D
2026-06-28 02:20:18,551 [INFO] src.corpus_acquisition.downloader: Downloading page 30 from https://i.prcdn.co/img?file=eaaj2025101200000000001001&page=30&scale=200&ticket=ACtyjjqxq0uK4Asucm8YLs8%3D
2026-06-28 02:20:19,373 [INFO] src.corpus_acquisition.downloader: Downloading page 31 from https://i.prcdn.co/img?file=eaaj2025101200000000001001&page=31&scale=200&ticket=AJsKbU4sm%2B8dd%2F7prYrwfI0%3D
2026-06-28 02:20:20,218 [INFO] src.corpus_acquisition.downloader: Downloading page 32 from https://i.prcdn.co/img?file=eaaj2025101200000000001001&page=32&scale=200&ticket=AFoZnHt9%2FX5hWfANbgH%2F%2BRU%3D
2026-06-28 02:20:20,986 [INFO] src.corpus_acquisition.downloader: Downloading page 33 from https://i.prcdn.co/img?file=eaaj2025101200000000001001&page=33&scale=200&ticket=AH8KVCOJTGeNss3CvCYS9gQ%3D
2026-06-28 02:20:21,910 [INFO] src.corpus_acquisition.downloader: Downloading page 34 from https://i.prcdn.co/img?file=eaaj2025101200000000001001&page=34&scale=200&ticket=ANhlmc7yE1dyDeLpjuD1n2M%3D
2026-06-28 02:20:22,566 [INFO] src.corpus_acquisition.downloader: Downloading page 35 from https://i.prcdn.co/img?file=eaaj2025101200000000001001&page=35&scale=200&ticket=AHjJbsFcys3%2BKv%2B7tDieU94%3D
2026-06-28 02:20:23,383 [INFO] src.corpus_acquisition.downloader: Downloading page 36 from https://i.prcdn.co/img?file=eaaj2025101200000000001001&page=36&scale=200&ticket=ADQjJOmeTMWz6BbllVOnhRU%3D
2026-06-28 02:20:24,024 [INFO] src.corpus_acquisition.downloader: Downloading page 37 from https://i.prcdn.co/img?file=eaaj2025101200000000001001&page=37&scale=200&ticket=ANRt3XtQqwu4U1mKjV%2Fj2og%3D
2026-06-28 02:20:24,787 [INFO] src.corpus_acquisition.downloader: Downloading page 38 from https://i.prcdn.co/img?file=eaaj2025101200000000001001&page=38&scale=200&ticket=APjd5iJjlB1R0uh7v0plnF8%3D
2026-06-28 02:20:25,605 [INFO] src.corpus_acquisition.downloader: Downloading page 39 from https://i.prcdn.co/img?file=eaaj2025101200000000001001&page=39&scale=200&ticket=ABhETZdo235eiDFD742NHKs%3D
2026-06-28 02:20:26,425 [INFO] src.corpus_acquisition.downloader: Downloading page 40 from https://i.prcdn.co/img?file=eaaj2025101200000000001001&page=40&scale=200&ticket=ADEG1hIgdIaL%2FsRnS6p173o%3D
2026-06-28 02:20:27,138 [INFO] src.corpus_acquisition.downloader: Downloading page 41 from https://i.prcdn.co/img?file=eaaj2025101200000000001001&page=41&scale=200&ticket=AGGhu5jA06qyIjSvOTPCCUg%3D
2026-06-28 02:20:27,961 [INFO] src.corpus_acquisition.downloader: Downloading page 42 from https://i.prcdn.co/img?file=eaaj2025101200000000001001&page=42&scale=200&ticket=AOatTA9zgyHyXJM6Q6Jzzyc%3D
2026-06-28 02:20:28,994 [INFO] src.corpus_acquisition.downloader: Downloading page 43 from https://i.prcdn.co/img?file=eaaj2025101200000000001001&page=43&scale=200&ticket=AO%2BVOb%2Bt2rGH0w6DfYzyCsw%3D
2026-06-28 02:20:29,591 [INFO] src.corpus_acquisition.downloader: Downloading page 44 from https://i.prcdn.co/img?file=eaaj2025101200000000001001&page=44&scale=200&ticket=ACxr3Ce3uD8VXuSSdTC4NC4%3D
2026-06-28 02:20:30,169 [INFO] src.corpus_acquisition.downloader: Downloading page 45 from https://i.prcdn.co/img?file=eaaj2025101200000000001001&page=45&scale=200&ticket=ABT5W70oxLeV%2FFVTMyhtY%2FE%3D
2026-06-28 02:20:30,891 [INFO] src.corpus_acquisition.downloader: Downloading page 46 from https://i.prcdn.co/img?file=eaaj2025101200000000001001&page=46&scale=200&ticket=AMID9O2cgRyHoYlEUQ6h0rM%3D
2026-06-28 02:20:31,427 [INFO] src.corpus_acquisition.downloader: Downloading page 47 from https://i.prcdn.co/img?file=eaaj2025101200000000001001&page=47&scale=200&ticket=AOqDvCvOW3QmSAo3U%2Fvsn0A%3D
2026-06-28 02:20:32,214 [INFO] src.corpus_acquisition.downloader: Downloading page 48 from https://i.prcdn.co/img?file=eaaj2025101200000000001001&page=48&scale=200&ticket=ABsY1hA8b26vxdk7Si0OXI8%3D
2026-06-28 02:20:32,903 [INFO] src.corpus_acquisition.metadata_extractor: Saved metadata for 48 page(s) -> data/raw/metadata/raw_metadata.parquet (total rows: 17021)
2026-06-28 02:20:32,905 [INFO] src.corpus_acquisition.metadata_extractor: Saved crawl log -> data/raw/crawl_logs/elcomercio_2025-10-12.json (status=success)
2026-06-28 02:20:36,271 [INFO] src.corpus_acquisition.downloader: Opening archive for elcomercio on 2025-10-13
2026-06-28 02:20:43,030 [INFO] src.corpus_acquisition.downloader: Collected 7 / 60 pages
2026-06-28 02:20:47,188 [INFO] src.corpus_acquisition.downloader: Collected 9 / 60 pages
2026-06-28 02:20:49,281 [INFO] src.corpus_acquisition.downloader: Collected 10 / 60 pages
2026-06-28 02:20:51,369 [INFO] src.corpus_acquisition.downloader: Collected 13 / 60 pages
2026-06-28 02:20:53,469 [INFO] src.corpus_acquisition.downloader: Collected 15 / 60 pages
2026-06-28 02:20:55,568 [INFO] src.corpus_acquisition.downloader: Collected 17 / 60 pages
2026-06-28 02:20:57,748 [INFO] src.corpus_acquisition.downloader: Collected 19 / 60 pages
2026-06-28 02:20:59,827 [INFO] src.corpus_acquisition.downloader: Collected 21 / 60 pages
2026-06-28 02:21:01,917 [INFO] src.corpus_acquisition.downloader: Collected 23 / 60 pages
2026-06-28 02:21:04,014 [INFO] src.corpus_acquisition.downloader: Collected 25 / 60 pages
2026-06-28 02:21:06,100 [INFO] src.corpus_acquisition.downloader: Collected 27 / 60 pages
2026-06-28 02:21:08,195 [INFO] src.corpus_acquisition.downloader: Collected 28 / 60 pages
2026-06-28 02:21:10,285 [INFO] src.corpus_acquisition.downloader: Collected 31 / 60 pages
2026-06-28 02:21:12,379 [INFO] src.corpus_acquisition.downloader: Collected 32 / 60 pages
2026-06-28 02:21:18,688 [WARNING] src.corpus_acquisition.downloader: No new pages found after 3 attempts; stopping with 32 page(s).
2026-06-28 02:21:18,702 [INFO] src.corpus_acquisition.downloader: Downloading page 1 from https://t.prcdn.co/img?file=eaaj2025101300000000001001&page=1&scale=200
2026-06-28 02:21:18,762 [INFO] src.corpus_acquisition.downloader: Downloading page 2 from https://i.prcdn.co/img?file=eaaj2025101300000000001001&page=2&scale=200&ticket=ACbJSJdPbKKO2Jt2KNmaDr8%3D
2026-06-28 02:21:20,191 [INFO] src.corpus_acquisition.downloader: Downloading page 3 from https://i.prcdn.co/img?file=eaaj2025101300000000001001&page=3&scale=200&ticket=APT6ksfOxlc%2FMUAzFNwpK1Q%3D
2026-06-28 02:21:20,982 [INFO] src.corpus_acquisition.downloader: Downloading page 4 from https://i.prcdn.co/img?file=eaaj2025101300000000001001&page=4&scale=200&ticket=AOi9If9oHG%2FUkOMdeojhkcU%3D
2026-06-28 02:21:21,043 [INFO] src.corpus_acquisition.downloader: Downloading page 5 from https://i.prcdn.co/img?file=eaaj2025101300000000001001&page=5&scale=200&ticket=AIqbUByOfipHjQFFGCdJK7g%3D
2026-06-28 02:21:21,517 [INFO] src.corpus_acquisition.downloader: Downloading page 6 from https://i.prcdn.co/img?file=eaaj2025101300000000001001&page=6&scale=200&ticket=AIm22ZXACnn9jEag1eT4xmI%3D
2026-06-28 02:21:21,641 [INFO] src.corpus_acquisition.downloader: Downloading page 7 from https://i.prcdn.co/img?file=eaaj2025101300000000001001&page=7&scale=200&ticket=AF%2BvkPX7swn4RLddDf%2B3LAs%3D
2026-06-28 02:21:21,701 [INFO] src.corpus_acquisition.downloader: Downloading page 8 from https://i.prcdn.co/img?file=eaaj2025101300000000001001&page=8&scale=200&ticket=AKCsOLI%2FvoP%2FwqhBd%2BxPl0w%3D
2026-06-28 02:21:22,396 [INFO] src.corpus_acquisition.downloader: Downloading page 9 from https://i.prcdn.co/img?file=eaaj2025101300000000001001&page=9&scale=200&ticket=ANh04mC%2BcW1v%2BSXryw4guO4%3D
2026-06-28 02:21:23,145 [INFO] src.corpus_acquisition.downloader: Downloading page 10 from https://i.prcdn.co/img?file=eaaj2025101300000000001001&page=10&scale=200&ticket=AI4tG6R9e9GyYVi1nf83Yvw%3D
2026-06-28 02:21:23,926 [INFO] src.corpus_acquisition.downloader: Downloading page 11 from https://i.prcdn.co/img?file=eaaj2025101300000000001001&page=11&scale=200&ticket=APZndRjWi63I%2BzdSQ0gN3ao%3D
2026-06-28 02:21:24,675 [INFO] src.corpus_acquisition.downloader: Downloading page 12 from https://i.prcdn.co/img?file=eaaj2025101300000000001001&page=12&scale=200&ticket=AA6FiPUhXsg2C5TpSj9X%2FY0%3D
2026-06-28 02:21:24,718 [INFO] src.corpus_acquisition.downloader: Downloading page 13 from https://i.prcdn.co/img?file=eaaj2025101300000000001001&page=13&scale=200&ticket=AGbgbPkJ%2FNLThLoLK%2Bnl1bo%3D
2026-06-28 02:21:25,879 [INFO] src.corpus_acquisition.downloader: Downloading page 14 from https://i.prcdn.co/img?file=eaaj2025101300000000001001&page=14&scale=200&ticket=ADgfFJ5VaF6vZqwQXWd8rN8%3D
2026-06-28 02:21:25,969 [INFO] src.corpus_acquisition.downloader: Downloading page 15 from https://i.prcdn.co/img?file=eaaj2025101300000000001001&page=15&scale=200&ticket=ABfI3dwL1C%2Bir71R71wNsKI%3D
2026-06-28 02:21:26,010 [INFO] src.corpus_acquisition.downloader: Downloading page 16 from https://i.prcdn.co/img?file=eaaj2025101300000000001001&page=16&scale=200&ticket=AMmTHRrJP3NVp9p3nbHIkOk%3D
2026-06-28 02:21:27,437 [INFO] src.corpus_acquisition.downloader: Downloading page 17 from https://i.prcdn.co/img?file=eaaj2025101300000000001001&page=17&scale=200&ticket=AIOb8AJ6X7nqK0nx04LkeUI%3D
2026-06-28 02:21:27,495 [INFO] src.corpus_acquisition.downloader: Downloading page 18 from https://i.prcdn.co/img?file=eaaj2025101300000000001001&page=18&scale=200&ticket=AG7%2Bz512Qu%2FMuv1l35L03zM%3D
2026-06-28 02:21:28,208 [INFO] src.corpus_acquisition.downloader: Downloading page 19 from https://i.prcdn.co/img?file=eaaj2025101300000000001001&page=19&scale=200&ticket=APVU0%2FC7FZeObsj7f3BLOAw%3D
2026-06-28 02:21:28,251 [INFO] src.corpus_acquisition.downloader: Downloading page 20 from https://i.prcdn.co/img?file=eaaj2025101300000000001001&page=20&scale=200&ticket=AGj3FzUVc032c5zKtSI2XLk%3D
2026-06-28 02:21:29,128 [INFO] src.corpus_acquisition.downloader: Downloading page 21 from https://i.prcdn.co/img?file=eaaj2025101300000000001001&page=21&scale=200&ticket=AKy3ufWJld5hq9hFGc%2BSPkI%3D
2026-06-28 02:21:29,170 [INFO] src.corpus_acquisition.downloader: Downloading page 22 from https://i.prcdn.co/img?file=eaaj2025101300000000001001&page=22&scale=200&ticket=ANXWmk%2BJCvfCFOq5i6gHSEo%3D
2026-06-28 02:21:29,656 [INFO] src.corpus_acquisition.downloader: Downloading page 23 from https://i.prcdn.co/img?file=eaaj2025101300000000001001&page=23&scale=200&ticket=ANkcq0Y9hTbm%2FgWG5jeyaPw%3D
2026-06-28 02:21:30,129 [INFO] src.corpus_acquisition.downloader: Downloading page 24 from https://i.prcdn.co/img?file=eaaj2025101300000000001001&page=24&scale=200&ticket=AE0GvAC%2BSEwIL7b3VhoxiGs%3D
2026-06-28 02:21:30,856 [INFO] src.corpus_acquisition.downloader: Downloading page 25 from https://i.prcdn.co/img?file=eaaj2025101300000000001001&page=25&scale=200&ticket=AKMNGNrHch%2FCMd492uaOcQs%3D
2026-06-28 02:21:31,480 [INFO] src.corpus_acquisition.downloader: Downloading page 26 from https://i.prcdn.co/img?file=eaaj2025101300000000001001&page=26&scale=200&ticket=AC5kUh9tpoHY9mXxRFZpJhA%3D
2026-06-28 02:21:32,173 [INFO] src.corpus_acquisition.downloader: Downloading page 27 from https://i.prcdn.co/img?file=eaaj2025101300000000001001&page=27&scale=200&ticket=ABHIUYX7bsCWd8RQHINn63I%3D
2026-06-28 02:21:33,529 [INFO] src.corpus_acquisition.downloader: Downloading page 28 from https://i.prcdn.co/img?file=eaaj2025101300000000001001&page=28&scale=200&ticket=AOUkq%2FpJG%2BDZ6JiZeRNlxlg%3D
2026-06-28 02:21:34,078 [INFO] src.corpus_acquisition.downloader: Downloading page 29 from https://i.prcdn.co/img?file=eaaj2025101300000000001001&page=29&scale=200&ticket=AAkrW3KQ8hAAD5Whk0l96RY%3D
2026-06-28 02:21:34,795 [INFO] src.corpus_acquisition.downloader: Downloading page 30 from https://i.prcdn.co/img?file=eaaj2025101300000000001001&page=30&scale=200&ticket=AO2hparqIbLNoMp74rYIiEY%3D
2026-06-28 02:21:35,648 [INFO] src.corpus_acquisition.downloader: Downloading page 31 from https://i.prcdn.co/img?file=eaaj2025101300000000001001&page=31&scale=200&ticket=AAAmJxJXnhAAqHK029HpYNI%3D
2026-06-28 02:21:36,232 [INFO] src.corpus_acquisition.downloader: Downloading page 32 from https://i.prcdn.co/img?file=eaaj2025101300000000001001&page=32&scale=200&ticket=ADW2yF3wNrlZ3j8SsaZ4nRw%3D
2026-06-28 02:21:37,041 [INFO] src.corpus_acquisition.metadata_extractor: Saved metadata for 32 page(s) -> data/raw/metadata/raw_metadata.parquet (total rows: 17053)
2026-06-28 02:21:37,044 [INFO] src.corpus_acquisition.metadata_extractor: Saved crawl log -> data/raw/crawl_logs/elcomercio_2025-10-13.json (status=success)
2026-06-28 02:21:40,854 [INFO] src.corpus_acquisition.downloader: Opening archive for elcomercio on 2025-10-14
2026-06-28 02:21:46,952 [INFO] src.corpus_acquisition.downloader: Collected 7 / 60 pages
2026-06-28 02:21:51,128 [INFO] src.corpus_acquisition.downloader: Collected 10 / 60 pages
2026-06-28 02:21:53,210 [INFO] src.corpus_acquisition.downloader: Collected 12 / 60 pages
2026-06-28 02:21:55,301 [INFO] src.corpus_acquisition.downloader: Collected 14 / 60 pages
2026-06-28 02:21:57,394 [INFO] src.corpus_acquisition.downloader: Collected 16 / 60 pages
2026-06-28 02:21:59,481 [INFO] src.corpus_acquisition.downloader: Collected 18 / 60 pages
2026-06-28 02:22:01,575 [INFO] src.corpus_acquisition.downloader: Collected 20 / 60 pages
2026-06-28 02:22:03,662 [INFO] src.corpus_acquisition.downloader: Collected 21 / 60 pages
2026-06-28 02:22:09,928 [WARNING] src.corpus_acquisition.downloader: No new pages found after 3 attempts; stopping with 21 page(s).
2026-06-28 02:22:09,941 [INFO] src.corpus_acquisition.downloader: Downloading page 1 from https://t.prcdn.co/img?file=eaaj2025101400000000001001&page=1&scale=200
2026-06-28 02:22:10,582 [INFO] src.corpus_acquisition.downloader: Downloading page 2 from https://i.prcdn.co/img?file=eaaj2025101400000000001001&page=2&scale=200&ticket=AB0tZOTXHZoKOHeS7u%2B7sD8%3D
2026-06-28 02:22:11,829 [INFO] src.corpus_acquisition.downloader: Downloading page 3 from https://i.prcdn.co/img?file=eaaj2025101400000000001001&page=3&scale=200&ticket=APOCmJTm1DoL%2FfRv68fXf4E%3D
2026-06-28 02:22:11,877 [INFO] src.corpus_acquisition.downloader: Downloading page 4 from https://i.prcdn.co/img?file=eaaj2025101400000000001001&page=4&scale=200&ticket=AFvKSTEsPtIdmgwNlKzqAIU%3D
2026-06-28 02:22:12,399 [INFO] src.corpus_acquisition.downloader: Downloading page 5 from https://i.prcdn.co/img?file=eaaj2025101400000000001001&page=5&scale=200&ticket=AGN5lhulfNWZNdeOOacfVsg%3D
2026-06-28 02:22:13,513 [INFO] src.corpus_acquisition.downloader: Downloading page 6 from https://i.prcdn.co/img?file=eaaj2025101400000000001001&page=6&scale=200&ticket=ADbEWkL88djUfQ1fGXRWT%2BQ%3D
2026-06-28 02:22:13,626 [INFO] src.corpus_acquisition.downloader: Downloading page 7 from https://i.prcdn.co/img?file=eaaj2025101400000000001001&page=7&scale=200&ticket=AJKJnwY9Mc4SUfyokDHn6HE%3D
2026-06-28 02:22:14,343 [INFO] src.corpus_acquisition.downloader: Downloading page 8 from https://i.prcdn.co/img?file=eaaj2025101400000000001001&page=8&scale=200&ticket=AB8nkp7BmJrGs2mD8brb65c%3D
2026-06-28 02:22:15,703 [INFO] src.corpus_acquisition.downloader: Downloading page 9 from https://i.prcdn.co/img?file=eaaj2025101400000000001001&page=9&scale=200&ticket=AByW02M4KSuVZzCkfn7vhIU%3D
2026-06-28 02:22:15,764 [INFO] src.corpus_acquisition.downloader: Downloading page 10 from https://i.prcdn.co/img?file=eaaj2025101400000000001001&page=10&scale=200&ticket=AIKDKONk%2FxNCoC5Z6IUj4ro%3D
2026-06-28 02:22:15,804 [INFO] src.corpus_acquisition.downloader: Downloading page 11 from https://i.prcdn.co/img?file=eaaj2025101400000000001001&page=11&scale=200&ticket=AP59P9CEpooKfgLmntOkqfM%3D
2026-06-28 02:22:16,437 [INFO] src.corpus_acquisition.downloader: Downloading page 12 from https://i.prcdn.co/img?file=eaaj2025101400000000001001&page=12&scale=200&ticket=AAJE78dAmjRFcZvT5FU4xhM%3D
2026-06-28 02:22:16,477 [INFO] src.corpus_acquisition.downloader: Downloading page 13 from https://i.prcdn.co/img?file=eaaj2025101400000000001001&page=13&scale=200&ticket=AH4%2BA1NMetoukXYkCfHler8%3D
2026-06-28 02:22:18,034 [INFO] src.corpus_acquisition.downloader: Downloading page 14 from https://i.prcdn.co/img?file=eaaj2025101400000000001001&page=14&scale=200&ticket=AIqhbaxBvt65dRaPM%2F6tdAM%3D
2026-06-28 02:22:18,086 [INFO] src.corpus_acquisition.downloader: Downloading page 15 from https://i.prcdn.co/img?file=eaaj2025101400000000001001&page=15&scale=200&ticket=AOqFeOOYoks5EiQtKCbyJYM%3D
2026-06-28 02:22:18,126 [INFO] src.corpus_acquisition.downloader: Downloading page 16 from https://i.prcdn.co/img?file=eaaj2025101400000000001001&page=16&scale=200&ticket=AB%2B6gP7dB80uNeK%2BiGUNRYs%3D
2026-06-28 02:22:18,691 [INFO] src.corpus_acquisition.downloader: Downloading page 17 from https://i.prcdn.co/img?file=eaaj2025101400000000001001&page=17&scale=200&ticket=ABuM4%2FMp%2F%2F%2BTyCrDLw4bq%2F0%3D
2026-06-28 02:22:20,284 [INFO] src.corpus_acquisition.downloader: Downloading page 18 from https://i.prcdn.co/img?file=eaaj2025101400000000001001&page=18&scale=200&ticket=ABGcOWKr6TEOKhHH5Zjmx0s%3D
2026-06-28 02:22:21,704 [INFO] src.corpus_acquisition.downloader: Downloading page 19 from https://i.prcdn.co/img?file=eaaj2025101400000000001001&page=19&scale=200&ticket=ABF17VkhrMrLt3xppnP8usk%3D
2026-06-28 02:22:23,728 [INFO] src.corpus_acquisition.downloader: Downloading page 20 from https://i.prcdn.co/img?file=eaaj2025101400000000001001&page=20&scale=200&ticket=AB5T3pztFL8Ac%2FcQXyDjosg%3D
2026-06-28 02:22:23,819 [INFO] src.corpus_acquisition.metadata_extractor: Saved metadata for 20 page(s) -> data/raw/metadata/raw_metadata.parquet (total rows: 17073)
2026-06-28 02:22:23,822 [INFO] src.corpus_acquisition.metadata_extractor: Saved crawl log -> data/raw/crawl_logs/elcomercio_2025-10-14.json (status=success)
2026-06-28 02:22:28,168 [INFO] src.corpus_acquisition.downloader: Opening archive for elcomercio on 2025-10-15
2026-06-28 02:22:34,293 [INFO] src.corpus_acquisition.downloader: Collected 7 / 60 pages
2026-06-28 02:22:38,452 [INFO] src.corpus_acquisition.downloader: Collected 9 / 60 pages
2026-06-28 02:22:40,541 [INFO] src.corpus_acquisition.downloader: Collected 10 / 60 pages
2026-06-28 02:22:42,644 [INFO] src.corpus_acquisition.downloader: Collected 13 / 60 pages
2026-06-28 02:22:44,853 [INFO] src.corpus_acquisition.downloader: Collected 15 / 60 pages
2026-06-28 02:22:46,944 [INFO] src.corpus_acquisition.downloader: Collected 17 / 60 pages
2026-06-28 02:22:49,040 [INFO] src.corpus_acquisition.downloader: Collected 19 / 60 pages
2026-06-28 02:22:51,124 [INFO] src.corpus_acquisition.downloader: Collected 20 / 60 pages
2026-06-28 02:22:57,393 [WARNING] src.corpus_acquisition.downloader: No new pages found after 3 attempts; stopping with 20 page(s).
2026-06-28 02:22:57,405 [INFO] src.corpus_acquisition.downloader: Downloading page 1 from https://t.prcdn.co/img?file=eaaj2025101500000000001001&page=1&scale=200
2026-06-28 02:22:57,449 [INFO] src.corpus_acquisition.downloader: Downloading page 2 from https://i.prcdn.co/img?file=eaaj2025101500000000001001&page=2&scale=200&ticket=AKDunzkWETwnD%2BtyQYgfs0I%3D
2026-06-28 02:22:58,698 [INFO] src.corpus_acquisition.downloader: Downloading page 3 from https://i.prcdn.co/img?file=eaaj2025101500000000001001&page=3&scale=200&ticket=AJ2yLEGJVWHqt7CtgiGYrKM%3D
2026-06-28 02:22:59,205 [INFO] src.corpus_acquisition.downloader: Downloading page 4 from https://i.prcdn.co/img?file=eaaj2025101500000000001001&page=4&scale=200&ticket=AH%2FUgK%2FpeEk9gRHzexR%2BtzQ%3D
2026-06-28 02:22:59,263 [INFO] src.corpus_acquisition.downloader: Downloading page 5 from https://i.prcdn.co/img?file=eaaj2025101500000000001001&page=5&scale=200&ticket=ALiX5Uxr8yBRnAbW4sAaH7o%3D
2026-06-28 02:22:59,304 [INFO] src.corpus_acquisition.downloader: Downloading page 6 from https://i.prcdn.co/img?file=eaaj2025101500000000001001&page=6&scale=200&ticket=AKIP2n%2FHZpC%2Bz5%2FAPPtab0I%3D
2026-06-28 02:22:59,347 [INFO] src.corpus_acquisition.downloader: Downloading page 7 from https://i.prcdn.co/img?file=eaaj2025101500000000001001&page=7&scale=200&ticket=AH9uJ2WkC%2F4oBqBKOpcW7UE%3D
2026-06-28 02:22:59,388 [INFO] src.corpus_acquisition.downloader: Downloading page 8 from https://i.prcdn.co/img?file=eaaj2025101500000000001001&page=8&scale=200&ticket=AJyrd1lakxgXqqi3cmD0Trk%3D
2026-06-28 02:23:00,122 [INFO] src.corpus_acquisition.downloader: Downloading page 9 from https://i.prcdn.co/img?file=eaaj2025101500000000001001&page=9&scale=200&ticket=AIsWSL7c6gF3S%2B3kNu3smTg%3D
2026-06-28 02:23:00,240 [INFO] src.corpus_acquisition.downloader: Downloading page 10 from https://i.prcdn.co/img?file=eaaj2025101500000000001001&page=10&scale=200&ticket=AMhu%2BC%2BC8E%2FF3yxXD%2BOo2Uw%3D
2026-06-28 02:23:00,671 [INFO] src.corpus_acquisition.downloader: Downloading page 11 from https://i.prcdn.co/img?file=eaaj2025101500000000001001&page=11&scale=200&ticket=AIyvw1YAKHd%2BxTWe34NxOzY%3D
2026-06-28 02:23:01,427 [INFO] src.corpus_acquisition.downloader: Downloading page 12 from https://i.prcdn.co/img?file=eaaj2025101500000000001001&page=12&scale=200&ticket=AHx%2Bdu5DLBNIVMp7IMGgmGc%3D
2026-06-28 02:23:02,349 [INFO] src.corpus_acquisition.downloader: Downloading page 13 from https://i.prcdn.co/img?file=eaaj2025101500000000001001&page=13&scale=200&ticket=ALxUmww8krWDj0m75B20CWI%3D
2026-06-28 02:23:02,390 [INFO] src.corpus_acquisition.downloader: Downloading page 14 from https://i.prcdn.co/img?file=eaaj2025101500000000001001&page=14&scale=200&ticket=AHpPl0v32K02r5ZXnG1eP1U%3D
2026-06-28 02:23:02,511 [INFO] src.corpus_acquisition.downloader: Downloading page 15 from https://i.prcdn.co/img?file=eaaj2025101500000000001001&page=15&scale=200&ticket=ADDVVHzAhoEtif8JDdrBYbU%3D
2026-06-28 02:23:02,574 [INFO] src.corpus_acquisition.downloader: Downloading page 16 from https://i.prcdn.co/img?file=eaaj2025101500000000001001&page=16&scale=200&ticket=AKpBPrJAA49v3FAyOJxvWBI%3D
2026-06-28 02:23:04,212 [INFO] src.corpus_acquisition.downloader: Downloading page 17 from https://i.prcdn.co/img?file=eaaj2025101500000000001001&page=17&scale=200&ticket=AHkwNOp0iJ54jSo%2FFwwCD8A%3D
2026-06-28 02:23:05,983 [INFO] src.corpus_acquisition.downloader: Downloading page 18 from https://i.prcdn.co/img?file=eaaj2025101500000000001001&page=18&scale=200&ticket=AGJs%2F5q%2FThHcVjUDuLc92Ao%3D
2026-06-28 02:23:06,524 [INFO] src.corpus_acquisition.downloader: Downloading page 19 from https://i.prcdn.co/img?file=eaaj2025101500000000001001&page=19&scale=200&ticket=AGsjH5vfh0Q4MgsRRmIa%2B3w%3D
2026-06-28 02:23:07,340 [INFO] src.corpus_acquisition.downloader: Downloading page 20 from https://i.prcdn.co/img?file=eaaj2025101500000000001001&page=20&scale=200&ticket=ACh1tmryFUKgeTcvtw%2B4JPM%3D
2026-06-28 02:23:08,772 [INFO] src.corpus_acquisition.metadata_extractor: Saved metadata for 20 page(s) -> data/raw/metadata/raw_metadata.parquet (total rows: 17093)
2026-06-28 02:23:08,775 [INFO] src.corpus_acquisition.metadata_extractor: Saved crawl log -> data/raw/crawl_logs/elcomercio_2025-10-15.json (status=success)
2026-06-28 02:23:15,421 [INFO] src.corpus_acquisition.downloader: Opening archive for elcomercio on 2025-10-16
2026-06-28 02:23:21,291 [INFO] src.corpus_acquisition.downloader: Collected 7 / 60 pages
2026-06-28 02:23:25,478 [INFO] src.corpus_acquisition.downloader: Collected 9 / 60 pages
2026-06-28 02:23:27,576 [INFO] src.corpus_acquisition.downloader: Collected 11 / 60 pages
2026-06-28 02:23:29,779 [INFO] src.corpus_acquisition.downloader: Collected 13 / 60 pages
2026-06-28 02:23:31,876 [INFO] src.corpus_acquisition.downloader: Collected 15 / 60 pages
2026-06-28 02:23:33,974 [INFO] src.corpus_acquisition.downloader: Collected 17 / 60 pages
2026-06-28 02:23:36,057 [INFO] src.corpus_acquisition.downloader: Collected 19 / 60 pages
2026-06-28 02:23:38,142 [INFO] src.corpus_acquisition.downloader: Collected 20 / 60 pages
2026-06-28 02:23:44,409 [WARNING] src.corpus_acquisition.downloader: No new pages found after 3 attempts; stopping with 20 page(s).
2026-06-28 02:23:54,602 [INFO] src.corpus_acquisition.downloader: Downloading page 1 from https://t.prcdn.co/img?file=eaaj2025101600000051001001&page=1&scale=200
2026-06-28 02:23:54,658 [INFO] src.corpus_acquisition.downloader: Downloading page 2 from https://i.prcdn.co/img?file=eaaj2025101600000051001001&page=2&scale=200&ticket=AOek1uRJv2QOic0tWXrxIlo%3D
2026-06-28 02:23:55,421 [INFO] src.corpus_acquisition.downloader: Downloading page 3 from https://i.prcdn.co/img?file=eaaj2025101600000051001001&page=3&scale=200&ticket=AFSqHDORYurPetMMIdnligE%3D
2026-06-28 02:23:55,487 [INFO] src.corpus_acquisition.downloader: Downloading page 4 from https://i.prcdn.co/img?file=eaaj2025101600000051001001&page=4&scale=200&ticket=AHNstIQo3ak0smIy5P0tcms%3D
2026-06-28 02:23:56,154 [INFO] src.corpus_acquisition.downloader: Downloading page 5 from https://i.prcdn.co/img?file=eaaj2025101600000051001001&page=5&scale=200&ticket=AOnCICEEkzN6uoAOX433uQc%3D
2026-06-28 02:23:56,248 [INFO] src.corpus_acquisition.downloader: Downloading page 6 from https://i.prcdn.co/img?file=eaaj2025101600000051001001&page=6&scale=200&ticket=AGoS1Uz1vHFXztSMkY%2FuwTU%3D
2026-06-28 02:23:57,244 [INFO] src.corpus_acquisition.downloader: Downloading page 7 from https://i.prcdn.co/img?file=eaaj2025101600000051001001&page=7&scale=200&ticket=ANayaqmNitlydl9LKKTs6tY%3D
2026-06-28 02:23:59,088 [INFO] src.corpus_acquisition.downloader: Downloading page 8 from https://i.prcdn.co/img?file=eaaj2025101600000051001001&page=8&scale=200&ticket=AI49s5MCqwad9oVGb12CXWM%3D
2026-06-28 02:23:59,134 [INFO] src.corpus_acquisition.downloader: Downloading page 9 from https://i.prcdn.co/img?file=eaaj2025101600000051001001&page=9&scale=200&ticket=AHw5i142NKZi%2FmtNuHZ9DB8%3D
2026-06-28 02:24:00,560 [INFO] src.corpus_acquisition.downloader: Downloading page 10 from https://i.prcdn.co/img?file=eaaj2025101600000051001001&page=10&scale=200&ticket=ABMrzYjiBb%2Fj%2FjUUW5cnCpI%3D
2026-06-28 02:24:00,605 [INFO] src.corpus_acquisition.downloader: Downloading page 11 from https://i.prcdn.co/img?file=eaaj2025101600000051001001&page=11&scale=200&ticket=ANYB1xjnAio9kpNovhnSqMI%3D
2026-06-28 02:24:00,742 [INFO] src.corpus_acquisition.downloader: Downloading page 12 from https://i.prcdn.co/img?file=eaaj2025101600000051001001&page=12&scale=200&ticket=AHk2IPm8MEjkR9cmdUv7rIM%3D
2026-06-28 02:24:01,928 [INFO] src.corpus_acquisition.downloader: Downloading page 13 from https://i.prcdn.co/img?file=eaaj2025101600000051001001&page=13&scale=200&ticket=AFOIQQpHz6jw6LAu0RrhqmA%3D
2026-06-28 02:24:01,991 [INFO] src.corpus_acquisition.downloader: Downloading page 14 from https://i.prcdn.co/img?file=eaaj2025101600000051001001&page=14&scale=200&ticket=AFrjAZOahuHOP6xk9x7NR5A%3D
2026-06-28 02:24:03,242 [INFO] src.corpus_acquisition.downloader: Downloading page 15 from https://i.prcdn.co/img?file=eaaj2025101600000051001001&page=15&scale=200&ticket=AOdmd%2FuVu7NxvwVnMBXGv5o%3D
2026-06-28 02:24:03,300 [INFO] src.corpus_acquisition.downloader: Downloading page 16 from https://i.prcdn.co/img?file=eaaj2025101600000051001001&page=16&scale=200&ticket=APDq%2FjFRD%2FCMRjxcvIX9yWs%3D
2026-06-28 02:24:03,913 [INFO] src.corpus_acquisition.downloader: Downloading page 17 from https://i.prcdn.co/img?file=eaaj2025101600000051001001&page=17&scale=200&ticket=AChWplnu6%2BzOze1uULmkyU4%3D
2026-06-28 02:24:04,795 [INFO] src.corpus_acquisition.downloader: Downloading page 18 from https://i.prcdn.co/img?file=eaaj2025101600000051001001&page=18&scale=200&ticket=AH8RNVFzkL6Cru2OutLFgHU%3D
2026-06-28 02:24:05,329 [INFO] src.corpus_acquisition.downloader: Downloading page 19 from https://i.prcdn.co/img?file=eaaj2025101600000051001001&page=19&scale=200&ticket=AJa0SlZQgy80OWMmNAxj8Eg%3D
2026-06-28 02:24:05,373 [INFO] src.corpus_acquisition.downloader: Downloading page 20 from https://i.prcdn.co/img?file=eaaj2025101600000051001001&page=20&scale=200&ticket=ADYbS2ZtzEgHZJaV7ju1egU%3D
2026-06-28 02:24:19,550 [INFO] src.corpus_acquisition.metadata_extractor: Saved metadata for 20 page(s) -> data/raw/metadata/raw_metadata.parquet (total rows: 17113)
2026-06-28 02:24:19,554 [INFO] src.corpus_acquisition.metadata_extractor: Saved crawl log -> data/raw/crawl_logs/elcomercio_2025-10-16.json (status=success)
2026-06-28 02:24:23,876 [INFO] src.corpus_acquisition.downloader: Opening archive for elcomercio on 2025-10-17
2026-06-28 02:24:31,701 [INFO] src.corpus_acquisition.downloader: Collected 7 / 60 pages
2026-06-28 02:24:35,861 [INFO] src.corpus_acquisition.downloader: Collected 9 / 60 pages
2026-06-28 02:24:50,193 [INFO] src.corpus_acquisition.downloader: Collected 11 / 60 pages
2026-06-28 02:24:52,292 [INFO] src.corpus_acquisition.downloader: Collected 13 / 60 pages
2026-06-28 02:24:54,485 [INFO] src.corpus_acquisition.downloader: Collected 15 / 60 pages
2026-06-28 02:24:56,569 [INFO] src.corpus_acquisition.downloader: Collected 17 / 60 pages
2026-06-28 02:24:58,654 [INFO] src.corpus_acquisition.downloader: Collected 19 / 60 pages
2026-06-28 02:25:00,737 [INFO] src.corpus_acquisition.downloader: Collected 20 / 60 pages
2026-06-28 02:25:07,032 [WARNING] src.corpus_acquisition.downloader: No new pages found after 3 attempts; stopping with 20 page(s).
2026-06-28 02:25:10,546 [INFO] src.corpus_acquisition.downloader: Downloading page 1 from https://t.prcdn.co/img?file=eaaj2025101700000051001001&page=1&scale=200
2026-06-28 02:25:10,589 [INFO] src.corpus_acquisition.downloader: Downloading page 2 from https://i.prcdn.co/img?file=eaaj2025101700000051001001&page=2&scale=200&ticket=APf4Os0UVVGkxK%2F6x7oO8l4%3D
2026-06-28 02:25:10,724 [INFO] src.corpus_acquisition.downloader: Downloading page 3 from https://i.prcdn.co/img?file=eaaj2025101700000051001001&page=3&scale=200&ticket=AAADqqbdajVlDYBGmC%2B8JM0%3D
2026-06-28 02:25:10,791 [INFO] src.corpus_acquisition.downloader: Downloading page 4 from https://i.prcdn.co/img?file=eaaj2025101700000051001001&page=4&scale=200&ticket=AJZiy7Ah0iJ%2BhWNljEO8JY8%3D
2026-06-28 02:25:10,832 [INFO] src.corpus_acquisition.downloader: Downloading page 5 from https://i.prcdn.co/img?file=eaaj2025101700000051001001&page=5&scale=200&ticket=AEhEi0YQ8w0iwSTy%2F%2FDlrf0%3D
2026-06-28 02:25:11,526 [INFO] src.corpus_acquisition.downloader: Downloading page 6 from https://i.prcdn.co/img?file=eaaj2025101700000051001001&page=6&scale=200&ticket=ABo7BVkKZ4bDxgfl1b8rvxI%3D
2026-06-28 02:25:11,573 [INFO] src.corpus_acquisition.downloader: Downloading page 7 from https://i.prcdn.co/img?file=eaaj2025101700000051001001&page=7&scale=200&ticket=ABWRo6ng4%2Bga%2FVQK9YwIczg%3D
2026-06-28 02:25:11,632 [INFO] src.corpus_acquisition.downloader: Downloading page 8 from https://i.prcdn.co/img?file=eaaj2025101700000051001001&page=8&scale=200&ticket=AK2ztlLDUy9YIfhc9ONMNBA%3D
2026-06-28 02:25:12,279 [INFO] src.corpus_acquisition.downloader: Downloading page 9 from https://i.prcdn.co/img?file=eaaj2025101700000051001001&page=9&scale=200&ticket=AE0Cp1tqi3TQ3BI1X1%2FFsF8%3D
2026-06-28 02:25:13,901 [INFO] src.corpus_acquisition.downloader: Downloading page 10 from https://i.prcdn.co/img?file=eaaj2025101700000051001001&page=10&scale=200&ticket=AGP1k%2BUg0%2FO5MvsD7NSIJA4%3D
2026-06-28 02:25:15,872 [INFO] src.corpus_acquisition.downloader: Downloading page 11 from https://i.prcdn.co/img?file=eaaj2025101700000051001001&page=11&scale=200&ticket=AMM87W95lCxNjQDUSbV1PmI%3D
2026-06-28 02:25:16,618 [INFO] src.corpus_acquisition.downloader: Downloading page 12 from https://i.prcdn.co/img?file=eaaj2025101700000051001001&page=12&scale=200&ticket=AJ6c5mmTL7tIecn8dJaJmhc%3D
2026-06-28 02:25:16,658 [INFO] src.corpus_acquisition.downloader: Downloading page 13 from https://i.prcdn.co/img?file=eaaj2025101700000051001001&page=13&scale=200&ticket=ALKjNzVG4eQI85D1RTSWHco%3D
2026-06-28 02:25:16,708 [INFO] src.corpus_acquisition.downloader: Downloading page 14 from https://i.prcdn.co/img?file=eaaj2025101700000051001001&page=14&scale=200&ticket=ADI3jzdc0uI8XmqpWFM81GI%3D
2026-06-28 02:25:16,770 [INFO] src.corpus_acquisition.downloader: Downloading page 15 from https://i.prcdn.co/img?file=eaaj2025101700000051001001&page=15&scale=200&ticket=AAB0mNjbd%2BoFiGR%2B4ZSHS1Y%3D
2026-06-28 02:25:16,901 [INFO] src.corpus_acquisition.downloader: Downloading page 16 from https://i.prcdn.co/img?file=eaaj2025101700000051001001&page=16&scale=200&ticket=AHWEdNOMIwj%2Fj5l8y3CCeLI%3D
2026-06-28 02:25:17,490 [INFO] src.corpus_acquisition.downloader: Downloading page 17 from https://i.prcdn.co/img?file=eaaj2025101700000051001001&page=17&scale=200&ticket=ACXeeZAUaLzDGK3QDf%2BBfx0%3D
2026-06-28 02:25:18,068 [INFO] src.corpus_acquisition.downloader: Downloading page 18 from https://i.prcdn.co/img?file=eaaj2025101700000051001001&page=18&scale=200&ticket=ACvRkwowTDyszdWgQeyfw2o%3D
2026-06-28 02:25:18,128 [INFO] src.corpus_acquisition.downloader: Downloading page 19 from https://i.prcdn.co/img?file=eaaj2025101700000051001001&page=19&scale=200&ticket=AEQvzVpxjxpemfemtgdHAmk%3D
2026-06-28 02:25:18,170 [INFO] src.corpus_acquisition.downloader: Downloading page 20 from https://i.prcdn.co/img?file=eaaj2025101700000051001001&page=20&scale=200&ticket=APyl0OoF8GcZOdGT%2FrKkOiA%3D
2026-06-28 02:25:18,326 [INFO] src.corpus_acquisition.metadata_extractor: Saved metadata for 20 page(s) -> data/raw/metadata/raw_metadata.parquet (total rows: 17133)
2026-06-28 02:25:18,328 [INFO] src.corpus_acquisition.metadata_extractor: Saved crawl log -> data/raw/crawl_logs/elcomercio_2025-10-17.json (status=success)
2026-06-28 02:25:21,569 [INFO] src.corpus_acquisition.downloader: Opening archive for elcomercio on 2025-10-18
2026-06-28 02:25:27,423 [INFO] src.corpus_acquisition.downloader: Collected 7 / 60 pages
2026-06-28 02:25:31,596 [INFO] src.corpus_acquisition.downloader: Collected 9 / 60 pages
2026-06-28 02:25:33,684 [INFO] src.corpus_acquisition.downloader: Collected 11 / 60 pages
2026-06-28 02:25:39,951 [INFO] src.corpus_acquisition.downloader: Collected 13 / 60 pages
2026-06-28 02:25:42,032 [INFO] src.corpus_acquisition.downloader: Collected 15 / 60 pages
2026-06-28 02:25:44,120 [INFO] src.corpus_acquisition.downloader: Collected 17 / 60 pages
2026-06-28 02:25:46,200 [INFO] src.corpus_acquisition.downloader: Collected 18 / 60 pages
2026-06-28 02:25:48,284 [INFO] src.corpus_acquisition.downloader: Collected 21 / 60 pages
2026-06-28 02:25:50,365 [INFO] src.corpus_acquisition.downloader: Collected 23 / 60 pages
2026-06-28 02:26:02,223 [INFO] src.corpus_acquisition.downloader: Collected 24 / 60 pages
2026-06-28 02:26:08,502 [WARNING] src.corpus_acquisition.downloader: No new pages found after 3 attempts; stopping with 24 page(s).
2026-06-28 02:26:08,534 [INFO] src.corpus_acquisition.downloader: Downloading page 1 from https://t.prcdn.co/img?file=eaaj2025101800000000001001&page=1&scale=200
2026-06-28 02:26:09,075 [INFO] src.corpus_acquisition.downloader: Downloading page 2 from https://i.prcdn.co/img?file=eaaj2025101800000000001001&page=2&scale=200&ticket=ANWUDEcrDXSB2GxIeLCFLPM%3D
2026-06-28 02:26:09,114 [INFO] src.corpus_acquisition.downloader: Downloading page 3 from https://i.prcdn.co/img?file=eaaj2025101800000000001001&page=3&scale=200&ticket=AGifi7eqPIyZIa3nMZiOzVY%3D
2026-06-28 02:26:09,154 [INFO] src.corpus_acquisition.downloader: Downloading page 4 from https://i.prcdn.co/img?file=eaaj2025101800000000001001&page=4&scale=200&ticket=ACj2Sn0ma0ft6xYA%2B5DAX4E%3D
2026-06-28 02:26:09,655 [INFO] src.corpus_acquisition.downloader: Downloading page 5 from https://i.prcdn.co/img?file=eaaj2025101800000000001001&page=5&scale=200&ticket=ADKuxXEJqx0fhUGxOJD4K5Y%3D
2026-06-28 02:26:10,246 [INFO] src.corpus_acquisition.downloader: Downloading page 6 from https://i.prcdn.co/img?file=eaaj2025101800000000001001&page=6&scale=200&ticket=AE6SeytIekXYvJ0amjorE7k%3D
2026-06-28 02:26:10,365 [INFO] src.corpus_acquisition.downloader: Downloading page 7 from https://i.prcdn.co/img?file=eaaj2025101800000000001001&page=7&scale=200&ticket=AMyq2AiEsWTAyhta0Nq3aZ4%3D
2026-06-28 02:26:10,941 [INFO] src.corpus_acquisition.downloader: Downloading page 8 from https://i.prcdn.co/img?file=eaaj2025101800000000001001&page=8&scale=200&ticket=AO5NvsNhZQYPaOBKy3V2vqY%3D
2026-06-28 02:26:12,187 [INFO] src.corpus_acquisition.downloader: Downloading page 9 from https://i.prcdn.co/img?file=eaaj2025101800000000001001&page=9&scale=200&ticket=ALB0ygnILmod3adqe0V%2FFlE%3D
2026-06-28 02:26:13,818 [INFO] src.corpus_acquisition.downloader: Downloading page 10 from https://i.prcdn.co/img?file=eaaj2025101800000000001001&page=10&scale=200&ticket=AIve%2B9MyzQC3VRiWdIK7PhM%3D
2026-06-28 02:26:13,859 [INFO] src.corpus_acquisition.downloader: Downloading page 11 from https://i.prcdn.co/img?file=eaaj2025101800000000001001&page=11&scale=200&ticket=ABR4GZKX7299KheT1OhpWyw%3D
2026-06-28 02:26:13,898 [INFO] src.corpus_acquisition.downloader: Downloading page 12 from https://i.prcdn.co/img?file=eaaj2025101800000000001001&page=12&scale=200&ticket=AIRckAanzNiEQgaNBZQgRMo%3D
2026-06-28 02:26:14,825 [INFO] src.corpus_acquisition.downloader: Downloading page 13 from https://i.prcdn.co/img?file=eaaj2025101800000000001001&page=13&scale=200&ticket=ADfN450kxLiU1wvgz7s5OKU%3D
2026-06-28 02:26:14,868 [INFO] src.corpus_acquisition.downloader: Downloading page 14 from https://i.prcdn.co/img?file=eaaj2025101800000000001001&page=14&scale=200&ticket=AJnCjQo44aAeSDaKX59duyA%3D
2026-06-28 02:26:15,564 [INFO] src.corpus_acquisition.downloader: Downloading page 15 from https://i.prcdn.co/img?file=eaaj2025101800000000001001&page=15&scale=200&ticket=APiwCaw1DOZGfPUPFczCopo%3D
2026-06-28 02:26:15,601 [INFO] src.corpus_acquisition.downloader: Downloading page 16 from https://i.prcdn.co/img?file=eaaj2025101800000000001001&page=16&scale=200&ticket=AHIhjeETJlekNrcgfn5JyXU%3D
2026-06-28 02:26:16,667 [INFO] src.corpus_acquisition.downloader: Downloading page 17 from https://i.prcdn.co/img?file=eaaj2025101800000000001001&page=17&scale=200&ticket=AAfXmfc1PKiYSCKrkQyXq0s%3D
2026-06-28 02:26:16,715 [INFO] src.corpus_acquisition.downloader: Downloading page 18 from https://i.prcdn.co/img?file=eaaj2025101800000000001001&page=18&scale=200&ticket=AIhi3RSfDzcFDIScFSB6ks8%3D
2026-06-28 02:26:16,765 [INFO] src.corpus_acquisition.downloader: Downloading page 19 from https://i.prcdn.co/img?file=eaaj2025101800000000001001&page=19&scale=200&ticket=AMYMZraZ%2BJiAhhSrC4C3zdo%3D
2026-06-28 02:26:16,893 [INFO] src.corpus_acquisition.downloader: Downloading page 20 from https://i.prcdn.co/img?file=eaaj2025101800000000001001&page=20&scale=200&ticket=AOvLp48N15IdBxDol%2F09wto%3D
2026-06-28 02:26:19,302 [INFO] src.corpus_acquisition.downloader: Downloading page 21 from https://i.prcdn.co/img?file=eaaj2025101800000000001001&page=21&scale=200&ticket=AMQMXnvbj9FyIgXsonBXE1k%3D
2026-06-28 02:26:20,745 [INFO] src.corpus_acquisition.downloader: Downloading page 22 from https://i.prcdn.co/img?file=eaaj2025101800000000001001&page=22&scale=200&ticket=AMotAQew13lJXbp2YEa9eSw%3D
2026-06-28 02:26:21,523 [INFO] src.corpus_acquisition.downloader: Downloading page 23 from https://i.prcdn.co/img?file=eaaj2025101800000000001001&page=23&scale=200&ticket=AEXoDXb16SFFs7%2FOjVpd6lM%3D
2026-06-28 02:26:22,260 [INFO] src.corpus_acquisition.downloader: Downloading page 24 from https://i.prcdn.co/img?file=eaaj2025101800000000001001&page=24&scale=200&ticket=ACagMsFH0jK4bGFgPNYp%2BHY%3D
2026-06-28 02:26:28,406 [INFO] src.corpus_acquisition.metadata_extractor: Saved metadata for 24 page(s) -> data/raw/metadata/raw_metadata.parquet (total rows: 17157)
2026-06-28 02:26:28,421 [INFO] src.corpus_acquisition.metadata_extractor: Saved crawl log -> data/raw/crawl_logs/elcomercio_2025-10-18.json (status=success)
2026-06-28 02:26:34,900 [INFO] src.corpus_acquisition.downloader: Opening archive for elcomercio on 2025-10-19
2026-06-28 02:26:41,814 [INFO] src.corpus_acquisition.downloader: Collected 7 / 60 pages
2026-06-28 02:26:55,780 [INFO] src.corpus_acquisition.downloader: Collected 9 / 60 pages
2026-06-28 02:26:59,929 [INFO] src.corpus_acquisition.downloader: Collected 11 / 60 pages
2026-06-28 02:27:02,026 [INFO] src.corpus_acquisition.downloader: Collected 12 / 60 pages
2026-06-28 02:27:04,113 [INFO] src.corpus_acquisition.downloader: Collected 15 / 60 pages
2026-06-28 02:27:06,305 [INFO] src.corpus_acquisition.downloader: Collected 17 / 60 pages
2026-06-28 02:27:08,393 [INFO] src.corpus_acquisition.downloader: Collected 19 / 60 pages
2026-06-28 02:27:10,479 [INFO] src.corpus_acquisition.downloader: Collected 21 / 60 pages
2026-06-28 02:27:12,561 [INFO] src.corpus_acquisition.downloader: Collected 23 / 60 pages
2026-06-28 02:27:14,761 [INFO] src.corpus_acquisition.downloader: Collected 25 / 60 pages
2026-06-28 02:27:16,847 [INFO] src.corpus_acquisition.downloader: Collected 27 / 60 pages
2026-06-28 02:27:18,928 [INFO] src.corpus_acquisition.downloader: Collected 29 / 60 pages
2026-06-28 02:27:23,114 [INFO] src.corpus_acquisition.downloader: Collected 31 / 60 pages
2026-06-28 02:27:25,203 [INFO] src.corpus_acquisition.downloader: Collected 32 / 60 pages
2026-06-28 02:27:27,306 [INFO] src.corpus_acquisition.downloader: Collected 36 / 60 pages
2026-06-28 02:27:29,398 [INFO] src.corpus_acquisition.downloader: Collected 38 / 60 pages
2026-06-28 02:27:31,485 [INFO] src.corpus_acquisition.downloader: Collected 41 / 60 pages
2026-06-28 02:27:33,585 [INFO] src.corpus_acquisition.downloader: Collected 43 / 60 pages
2026-06-28 02:27:35,690 [INFO] src.corpus_acquisition.downloader: Collected 45 / 60 pages
2026-06-28 02:27:37,783 [INFO] src.corpus_acquisition.downloader: Collected 47 / 60 pages
2026-06-28 02:27:39,970 [INFO] src.corpus_acquisition.downloader: Collected 48 / 60 pages
2026-06-28 02:27:46,353 [WARNING] src.corpus_acquisition.downloader: No new pages found after 3 attempts; stopping with 48 page(s).
2026-06-28 02:27:46,368 [INFO] src.corpus_acquisition.downloader: Downloading page 1 from https://t.prcdn.co/img?file=eaaj2025101900000000001001&page=1&scale=200
2026-06-28 02:27:46,410 [INFO] src.corpus_acquisition.downloader: Downloading page 2 from https://i.prcdn.co/img?file=eaaj2025101900000000001001&page=2&scale=200&ticket=ADpcp%2Bto4B0KDHxUne1roiY%3D
2026-06-28 02:27:47,146 [INFO] src.corpus_acquisition.downloader: Downloading page 3 from https://i.prcdn.co/img?file=eaaj2025101900000000001001&page=3&scale=200&ticket=AA11kxRpPGV6kQgPQlrENhU%3D
2026-06-28 02:27:47,187 [INFO] src.corpus_acquisition.downloader: Downloading page 4 from https://i.prcdn.co/img?file=eaaj2025101900000000001001&page=4&scale=200&ticket=AMx1kLrmaVd%2BhCCPui2M1iw%3D
2026-06-28 02:27:47,301 [INFO] src.corpus_acquisition.downloader: Downloading page 5 from https://i.prcdn.co/img?file=eaaj2025101900000000001001&page=5&scale=200&ticket=AKitUVGKHd1KZ3D2kRqq0Aw%3D
2026-06-28 02:27:47,360 [INFO] src.corpus_acquisition.downloader: Downloading page 6 from https://i.prcdn.co/img?file=eaaj2025101900000000001001&page=6&scale=200&ticket=ANvIEMn3qTDiGYAxrqFlUlU%3D
2026-06-28 02:27:48,073 [INFO] src.corpus_acquisition.downloader: Downloading page 7 from https://i.prcdn.co/img?file=eaaj2025101900000000001001&page=7&scale=200&ticket=AJYwZ50xzqSVMgVR0o6agog%3D
2026-06-28 02:28:08,291 [ERROR] src.corpus_acquisition.downloader: Failed to download page 7: Failed to download page 7: 520
2026-06-28 02:28:08,291 [INFO] src.corpus_acquisition.downloader: Downloading page 8 from https://i.prcdn.co/img?file=eaaj2025101900000000001001&page=8&scale=200&ticket=AH03EJwKcw2rBcuOhpMVEbQ%3D
2026-06-28 02:28:09,758 [INFO] src.corpus_acquisition.downloader: Downloading page 9 from https://i.prcdn.co/img?file=eaaj2025101900000000001001&page=9&scale=200&ticket=AMYtY4vM4L5AO%2FO3Kuafg0I%3D
2026-06-28 02:28:10,567 [INFO] src.corpus_acquisition.downloader: Downloading page 10 from https://i.prcdn.co/img?file=eaaj2025101900000000001001&page=10&scale=200&ticket=ALF5E6U8d%2FyG1w9GBHF8ar4%3D
2026-06-28 02:28:10,628 [INFO] src.corpus_acquisition.downloader: Downloading page 11 from https://i.prcdn.co/img?file=eaaj2025101900000000001001&page=11&scale=200&ticket=ADoyZd5Ir9474OcoWorPzYs%3D
2026-06-28 02:28:11,981 [INFO] src.corpus_acquisition.downloader: Downloading page 12 from https://i.prcdn.co/img?file=eaaj2025101900000000001001&page=12&scale=200&ticket=ANvrG2jX6MRaQwuSf1uIHSA%3D
2026-06-28 02:28:13,304 [INFO] src.corpus_acquisition.downloader: Downloading page 13 from https://i.prcdn.co/img?file=eaaj2025101900000000001001&page=13&scale=200&ticket=AMs8CWDdn75Ck33eptSDDaI%3D
2026-06-28 02:28:13,348 [INFO] src.corpus_acquisition.downloader: Downloading page 14 from https://i.prcdn.co/img?file=eaaj2025101900000000001001&page=14&scale=200&ticket=AIU%2BU0mCyNKcM%2FhdVKUmP7c%3D
2026-06-28 02:28:13,389 [INFO] src.corpus_acquisition.downloader: Downloading page 15 from https://i.prcdn.co/img?file=eaaj2025101900000000001001&page=15&scale=200&ticket=AIjKRssFNNKje7EFeG4wb48%3D
2026-06-28 02:28:14,140 [INFO] src.corpus_acquisition.downloader: Downloading page 16 from https://i.prcdn.co/img?file=eaaj2025101900000000001001&page=16&scale=200&ticket=ADDOP2pufH5V%2FKB9a2b93w0%3D
2026-06-28 02:28:14,181 [INFO] src.corpus_acquisition.downloader: Downloading page 17 from https://i.prcdn.co/img?file=eaaj2025101900000000001001&page=17&scale=200&ticket=AGwoF%2FXXJHGPD2g3hh1vbbU%3D
2026-06-28 02:28:15,808 [INFO] src.corpus_acquisition.downloader: Downloading page 18 from https://i.prcdn.co/img?file=eaaj2025101900000000001001&page=18&scale=200&ticket=AJS4%2BxyUGN1wpTND7GMxjPs%3D
2026-06-28 02:28:16,860 [INFO] src.corpus_acquisition.downloader: Downloading page 19 from https://i.prcdn.co/img?file=eaaj2025101900000000001001&page=19&scale=200&ticket=AOmMjnyoEzicnQF43gl7G4w%3D
2026-06-28 02:28:18,407 [INFO] src.corpus_acquisition.downloader: Downloading page 20 from https://i.prcdn.co/img?file=eaaj2025101900000000001001&page=20&scale=200&ticket=ABtzSX3NvohWF%2FO0BawqKf4%3D
2026-06-28 02:28:19,833 [INFO] src.corpus_acquisition.downloader: Downloading page 21 from https://i.prcdn.co/img?file=eaaj2025101900000000001001&page=21&scale=200&ticket=AO4GCtUDtMCdu3X4AIqtryk%3D
2026-06-28 02:28:20,606 [INFO] src.corpus_acquisition.downloader: Downloading page 22 from https://i.prcdn.co/img?file=eaaj2025101900000000001001&page=22&scale=200&ticket=ACpOijPNv%2B7n7LrNMSLRkyc%3D
2026-06-28 02:28:21,294 [INFO] src.corpus_acquisition.downloader: Downloading page 23 from https://i.prcdn.co/img?file=eaaj2025101900000000001001&page=23&scale=200&ticket=AMVId6EuW9yJgZyC5uwtVhY%3D
2026-06-28 02:28:22,207 [INFO] src.corpus_acquisition.downloader: Downloading page 24 from https://i.prcdn.co/img?file=eaaj2025101900000000001001&page=24&scale=200&ticket=AHCBQgAa4AaO82a1s2BbeU8%3D
2026-06-28 02:28:23,401 [INFO] src.corpus_acquisition.downloader: Downloading page 25 from https://i.prcdn.co/img?file=eaaj2025101900000000001001&page=25&scale=200&ticket=AEuyqyc1VYM80hAp00W1Mxw%3D
2026-06-28 02:28:24,023 [INFO] src.corpus_acquisition.downloader: Downloading page 26 from https://i.prcdn.co/img?file=eaaj2025101900000000001001&page=26&scale=200&ticket=AD274Y%2Bbm6y39nsGIaUw86c%3D
2026-06-28 02:28:24,742 [INFO] src.corpus_acquisition.downloader: Downloading page 27 from https://i.prcdn.co/img?file=eaaj2025101900000000001001&page=27&scale=200&ticket=AD%2BrODdima7JgkXIyiGBvks%3D
2026-06-28 02:28:25,495 [INFO] src.corpus_acquisition.downloader: Downloading page 28 from https://i.prcdn.co/img?file=eaaj2025101900000000001001&page=28&scale=200&ticket=AActVxn1X0E6iMLK9pO32NE%3D
2026-06-28 02:28:26,450 [INFO] src.corpus_acquisition.downloader: Downloading page 29 from https://i.prcdn.co/img?file=eaaj2025101900000000001001&page=29&scale=200&ticket=AMwzuWv3xnRdeMCp5HzG27U%3D
2026-06-28 02:28:27,084 [INFO] src.corpus_acquisition.downloader: Downloading page 30 from https://i.prcdn.co/img?file=eaaj2025101900000000001001&page=30&scale=200&ticket=AFUat6Db5hXg%2FiN5TFUceyA%3D
2026-06-28 02:28:27,521 [INFO] src.corpus_acquisition.downloader: Downloading page 31 from https://i.prcdn.co/img?file=eaaj2025101900000000001001&page=31&scale=200&ticket=AFl3pNof4K71kguATiFwWrw%3D
2026-06-28 02:28:28,199 [INFO] src.corpus_acquisition.downloader: Downloading page 32 from https://i.prcdn.co/img?file=eaaj2025101900000000001001&page=32&scale=200&ticket=AMucA0utfLnkHCDvFctIBsI%3D
2026-06-28 02:28:29,009 [INFO] src.corpus_acquisition.downloader: Downloading page 33 from https://i.prcdn.co/img?file=eaaj2025101900000000001001&page=33&scale=200&ticket=AD7QYPtY1L8HylkA74gBK6U%3D
2026-06-28 02:28:29,839 [INFO] src.corpus_acquisition.downloader: Downloading page 34 from https://i.prcdn.co/img?file=eaaj2025101900000000001001&page=34&scale=200&ticket=AEmYQHDd83f00JuZpsCNCIg%3D
2026-06-28 02:28:30,539 [INFO] src.corpus_acquisition.downloader: Downloading page 35 from https://i.prcdn.co/img?file=eaaj2025101900000000001001&page=35&scale=200&ticket=AEIQ9Elwk%2Bn63a437XGP1NM%3D
2026-06-28 02:28:31,622 [INFO] src.corpus_acquisition.downloader: Downloading page 36 from https://i.prcdn.co/img?file=eaaj2025101900000000001001&page=36&scale=200&ticket=AHLC0BJwF30AwRr2%2BgHqujo%3D
2026-06-28 02:28:32,484 [INFO] src.corpus_acquisition.downloader: Downloading page 37 from https://i.prcdn.co/img?file=eaaj2025101900000000001001&page=37&scale=200&ticket=AO6QPegBZQsjnjKaWh21s%2Fg%3D
2026-06-28 02:28:32,985 [INFO] src.corpus_acquisition.downloader: Downloading page 38 from https://i.prcdn.co/img?file=eaaj2025101900000000001001&page=38&scale=200&ticket=AGS%2BJ%2F5weH6oSpyFPBqryyw%3D
2026-06-28 02:28:33,560 [INFO] src.corpus_acquisition.downloader: Downloading page 39 from https://i.prcdn.co/img?file=eaaj2025101900000000001001&page=39&scale=200&ticket=AKWTPg5wxb81am9P7KmuRQg%3D
2026-06-28 02:28:34,256 [INFO] src.corpus_acquisition.downloader: Downloading page 40 from https://i.prcdn.co/img?file=eaaj2025101900000000001001&page=40&scale=200&ticket=ANn0mfNprMhKCsHbYvnfk4I%3D
2026-06-28 02:28:34,889 [INFO] src.corpus_acquisition.downloader: Downloading page 41 from https://i.prcdn.co/img?file=eaaj2025101900000000001001&page=41&scale=200&ticket=AEkaVPYr%2BdMSaUzuWiIfBhU%3D
2026-06-28 02:28:35,709 [INFO] src.corpus_acquisition.downloader: Downloading page 42 from https://i.prcdn.co/img?file=eaaj2025101900000000001001&page=42&scale=200&ticket=AKSUI0rVpx0Ai0Pd2ImbzFw%3D
2026-06-28 02:28:36,457 [INFO] src.corpus_acquisition.downloader: Downloading page 43 from https://i.prcdn.co/img?file=eaaj2025101900000000001001&page=43&scale=200&ticket=AC4gktArRe%2F9Nev6Ye2I8XE%3D
2026-06-28 02:28:37,061 [INFO] src.corpus_acquisition.downloader: Downloading page 44 from https://i.prcdn.co/img?file=eaaj2025101900000000001001&page=44&scale=200&ticket=ADiZhBunYhH7XuSLUt7dDKg%3D
2026-06-28 02:28:37,851 [INFO] src.corpus_acquisition.downloader: Downloading page 45 from https://i.prcdn.co/img?file=eaaj2025101900000000001001&page=45&scale=200&ticket=AFK0N2W8dtAuBQeoCha0e9o%3D
2026-06-28 02:28:38,530 [INFO] src.corpus_acquisition.downloader: Downloading page 46 from https://i.prcdn.co/img?file=eaaj2025101900000000001001&page=46&scale=200&ticket=ADcJSQM%2BnhG3%2FUP4kyMK7Yc%3D
2026-06-28 02:28:39,076 [INFO] src.corpus_acquisition.downloader: Downloading page 47 from https://i.prcdn.co/img?file=eaaj2025101900000000001001&page=47&scale=200&ticket=ABJnor4xnRx1VVA9oXdpiug%3D
2026-06-28 02:28:40,403 [INFO] src.corpus_acquisition.downloader: Downloading page 48 from https://i.prcdn.co/img?file=eaaj2025101900000000001001&page=48&scale=200&ticket=AD6BJZDrtJsUn%2BsGZezaH1s%3D
2026-06-28 02:28:41,186 [INFO] src.corpus_acquisition.metadata_extractor: Saved metadata for 47 page(s) -> data/raw/metadata/raw_metadata.parquet (total rows: 17204)
2026-06-28 02:28:41,187 [INFO] src.corpus_acquisition.metadata_extractor: Saved crawl log -> data/raw/crawl_logs/elcomercio_2025-10-19.json (status=partial)
2026-06-28 02:28:45,606 [INFO] src.corpus_acquisition.downloader: Opening archive for elcomercio on 2025-10-20
2026-06-28 02:28:51,967 [INFO] src.corpus_acquisition.downloader: Collected 7 / 60 pages
2026-06-28 02:28:56,142 [INFO] src.corpus_acquisition.downloader: Collected 9 / 60 pages
2026-06-28 02:28:58,225 [INFO] src.corpus_acquisition.downloader: Collected 10 / 60 pages
2026-06-28 02:29:00,309 [INFO] src.corpus_acquisition.downloader: Collected 13 / 60 pages
2026-06-28 02:29:02,395 [INFO] src.corpus_acquisition.downloader: Collected 15 / 60 pages
2026-06-28 02:29:04,484 [INFO] src.corpus_acquisition.downloader: Collected 17 / 60 pages
2026-06-28 02:29:06,578 [INFO] src.corpus_acquisition.downloader: Collected 19 / 60 pages
2026-06-28 02:29:08,661 [INFO] src.corpus_acquisition.downloader: Collected 21 / 60 pages
2026-06-28 02:29:10,747 [INFO] src.corpus_acquisition.downloader: Collected 23 / 60 pages
2026-06-28 02:29:12,843 [INFO] src.corpus_acquisition.downloader: Collected 25 / 60 pages
2026-06-28 02:29:15,109 [INFO] src.corpus_acquisition.downloader: Collected 27 / 60 pages
2026-06-28 02:29:17,212 [INFO] src.corpus_acquisition.downloader: Collected 29 / 60 pages
2026-06-28 02:29:19,310 [INFO] src.corpus_acquisition.downloader: Collected 31 / 60 pages
2026-06-28 02:29:21,398 [INFO] src.corpus_acquisition.downloader: Collected 32 / 60 pages
2026-06-28 02:29:27,693 [WARNING] src.corpus_acquisition.downloader: No new pages found after 3 attempts; stopping with 32 page(s).
2026-06-28 02:29:27,735 [INFO] src.corpus_acquisition.downloader: Downloading page 1 from https://t.prcdn.co/img?file=eaaj2025102000000000001001&page=1&scale=200
2026-06-28 02:29:28,674 [INFO] src.corpus_acquisition.downloader: Downloading page 2 from https://i.prcdn.co/img?file=eaaj2025102000000000001001&page=2&scale=200&ticket=ALqlAH1mbifVLyBEECtCzfA%3D
2026-06-28 02:29:29,547 [INFO] src.corpus_acquisition.downloader: Downloading page 3 from https://i.prcdn.co/img?file=eaaj2025102000000000001001&page=3&scale=200&ticket=AJM99zvgwPN5ZdCeDg5X4II%3D
2026-06-28 02:29:29,594 [INFO] src.corpus_acquisition.downloader: Downloading page 4 from https://i.prcdn.co/img?file=eaaj2025102000000000001001&page=4&scale=200&ticket=AATHrzmlLGEqxWm7kpTJL7M%3D
2026-06-28 02:29:29,636 [INFO] src.corpus_acquisition.downloader: Downloading page 5 from https://i.prcdn.co/img?file=eaaj2025102000000000001001&page=5&scale=200&ticket=AAo6M4oBZ3y%2BRRBKpqbz3DY%3D
2026-06-28 02:29:29,687 [INFO] src.corpus_acquisition.downloader: Downloading page 6 from https://i.prcdn.co/img?file=eaaj2025102000000000001001&page=6&scale=200&ticket=AGdQs7m7j0GjGj1ijhTNKoU%3D
2026-06-28 02:29:30,805 [INFO] src.corpus_acquisition.downloader: Downloading page 7 from https://i.prcdn.co/img?file=eaaj2025102000000000001001&page=7&scale=200&ticket=AJuRrWFI2hZWZFlKngw%2F5E4%3D
2026-06-28 02:29:32,177 [INFO] src.corpus_acquisition.downloader: Downloading page 8 from https://i.prcdn.co/img?file=eaaj2025102000000000001001&page=8&scale=200&ticket=AGJZyu925rOkML9V90JqAl0%3D
2026-06-28 02:29:32,219 [INFO] src.corpus_acquisition.downloader: Downloading page 9 from https://i.prcdn.co/img?file=eaaj2025102000000000001001&page=9&scale=200&ticket=AJ797jKiT06LQoa%2FLbyAXFk%3D
2026-06-28 02:29:32,258 [INFO] src.corpus_acquisition.downloader: Downloading page 10 from https://i.prcdn.co/img?file=eaaj2025102000000000001001&page=10&scale=200&ticket=AI1ZFNqku9D8p%2B2ShexUWa8%3D
2026-06-28 02:29:34,166 [INFO] src.corpus_acquisition.downloader: Downloading page 11 from https://i.prcdn.co/img?file=eaaj2025102000000000001001&page=11&scale=200&ticket=AOFfuQDj%2F1evys413NKojZs%3D
2026-06-28 02:29:34,225 [INFO] src.corpus_acquisition.downloader: Downloading page 12 from https://i.prcdn.co/img?file=eaaj2025102000000000001001&page=12&scale=200&ticket=AHAr3F6lK%2FDOCongbI8I6hM%3D
2026-06-28 02:29:34,920 [INFO] src.corpus_acquisition.downloader: Downloading page 13 from https://i.prcdn.co/img?file=eaaj2025102000000000001001&page=13&scale=200&ticket=APd%2F9g1fJAuWJmhmY5N7rwM%3D
2026-06-28 02:29:35,043 [INFO] src.corpus_acquisition.downloader: Downloading page 14 from https://i.prcdn.co/img?file=eaaj2025102000000000001001&page=14&scale=200&ticket=AGQS5TWnN9aKZqHeFqyVDa0%3D
2026-06-28 02:29:35,749 [INFO] src.corpus_acquisition.downloader: Downloading page 15 from https://i.prcdn.co/img?file=eaaj2025102000000000001001&page=15&scale=200&ticket=ACjPee%2FGibwn8ETSuYHtEXY%3D
2026-06-28 02:29:35,786 [INFO] src.corpus_acquisition.downloader: Downloading page 16 from https://i.prcdn.co/img?file=eaaj2025102000000000001001&page=16&scale=200&ticket=AOPdOTSOjTBUKJMUHzRR8Fg%3D
2026-06-28 02:29:37,621 [INFO] src.corpus_acquisition.downloader: Downloading page 17 from https://i.prcdn.co/img?file=eaaj2025102000000000001001&page=17&scale=200&ticket=AG7BpEfFydngEtoYJi6Nr1Q%3D
2026-06-28 02:29:37,662 [INFO] src.corpus_acquisition.downloader: Downloading page 18 from https://i.prcdn.co/img?file=eaaj2025102000000000001001&page=18&scale=200&ticket=AK9%2FUJ3Ftybqnu%2BjbicYLy0%3D
2026-06-28 02:29:37,704 [INFO] src.corpus_acquisition.downloader: Downloading page 19 from https://i.prcdn.co/img?file=eaaj2025102000000000001001&page=19&scale=200&ticket=AKCnjBNNGdMpHJ4Q9sKeNHw%3D
2026-06-28 02:29:39,332 [INFO] src.corpus_acquisition.downloader: Downloading page 20 from https://i.prcdn.co/img?file=eaaj2025102000000000001001&page=20&scale=200&ticket=AGmkIgPnHfPGwbawg5L11NI%3D
2026-06-28 02:29:39,467 [INFO] src.corpus_acquisition.downloader: Downloading page 21 from https://i.prcdn.co/img?file=eaaj2025102000000000001001&page=21&scale=200&ticket=ALTVckACr82mYpNZKT5dD08%3D
2026-06-28 02:29:40,098 [INFO] src.corpus_acquisition.downloader: Downloading page 22 from https://i.prcdn.co/img?file=eaaj2025102000000000001001&page=22&scale=200&ticket=ALzGXgnu1UhMfFteFYk%2BL%2F8%3D
2026-06-28 02:29:40,731 [INFO] src.corpus_acquisition.downloader: Downloading page 23 from https://i.prcdn.co/img?file=eaaj2025102000000000001001&page=23&scale=200&ticket=AGZHgeRWh5hZf7OuHd445mQ%3D
2026-06-28 02:29:41,407 [INFO] src.corpus_acquisition.downloader: Downloading page 24 from https://i.prcdn.co/img?file=eaaj2025102000000000001001&page=24&scale=200&ticket=APwFc%2FG63n%2FgRb%2FLzacuEn4%3D
2026-06-28 02:29:42,072 [INFO] src.corpus_acquisition.downloader: Downloading page 25 from https://i.prcdn.co/img?file=eaaj2025102000000000001001&page=25&scale=200&ticket=AIc6jyMMqnPcUNwEHg4NmaQ%3D
2026-06-28 02:29:42,583 [INFO] src.corpus_acquisition.downloader: Downloading page 26 from https://i.prcdn.co/img?file=eaaj2025102000000000001001&page=26&scale=200&ticket=AB9Ty0ttdEn0XGMES6QPAnc%3D
2026-06-28 02:29:43,439 [INFO] src.corpus_acquisition.downloader: Downloading page 27 from https://i.prcdn.co/img?file=eaaj2025102000000000001001&page=27&scale=200&ticket=ANCZGH1sDGznVg6BDoVeVxs%3D
2026-06-28 02:29:44,388 [INFO] src.corpus_acquisition.downloader: Downloading page 28 from https://i.prcdn.co/img?file=eaaj2025102000000000001001&page=28&scale=200&ticket=ALDLLydzmv5D9SNdqhk2qBw%3D
2026-06-28 02:29:45,235 [INFO] src.corpus_acquisition.downloader: Downloading page 29 from https://i.prcdn.co/img?file=eaaj2025102000000000001001&page=29&scale=200&ticket=AKsPsXE4c037bMY6P5sjL7o%3D
2026-06-28 02:29:46,375 [INFO] src.corpus_acquisition.downloader: Downloading page 30 from https://i.prcdn.co/img?file=eaaj2025102000000000001001&page=30&scale=200&ticket=AB1aYfMCXIFx6%2BOzyKH8Z0I%3D
2026-06-28 02:29:47,109 [INFO] src.corpus_acquisition.downloader: Downloading page 31 from https://i.prcdn.co/img?file=eaaj2025102000000000001001&page=31&scale=200&ticket=AFTRqXsEUd3zCujoSPD%2B4vU%3D
2026-06-28 02:29:47,910 [INFO] src.corpus_acquisition.downloader: Downloading page 32 from https://i.prcdn.co/img?file=eaaj2025102000000000001001&page=32&scale=200&ticket=AN7OZfxzBdflgSvfi0lBmcw%3D
2026-06-28 02:29:49,038 [INFO] src.corpus_acquisition.metadata_extractor: Saved metadata for 32 page(s) -> data/raw/metadata/raw_metadata.parquet (total rows: 17236)
2026-06-28 02:29:49,040 [INFO] src.corpus_acquisition.metadata_extractor: Saved crawl log -> data/raw/crawl_logs/elcomercio_2025-10-20.json (status=success)
2026-06-28 02:29:53,513 [INFO] src.corpus_acquisition.downloader: Opening archive for elcomercio on 2025-10-21
2026-06-28 02:29:59,730 [INFO] src.corpus_acquisition.downloader: Collected 7 / 60 pages
2026-06-28 02:30:03,904 [INFO] src.corpus_acquisition.downloader: Collected 8 / 60 pages
2026-06-28 02:30:05,988 [INFO] src.corpus_acquisition.downloader: Collected 11 / 60 pages
2026-06-28 02:30:08,072 [INFO] src.corpus_acquisition.downloader: Collected 13 / 60 pages
2026-06-28 02:30:10,274 [INFO] src.corpus_acquisition.downloader: Collected 14 / 60 pages
2026-06-28 02:30:12,365 [INFO] src.corpus_acquisition.downloader: Collected 16 / 60 pages
2026-06-28 02:30:14,456 [INFO] src.corpus_acquisition.downloader: Collected 19 / 60 pages
2026-06-28 02:30:16,537 [INFO] src.corpus_acquisition.downloader: Collected 20 / 60 pages
2026-06-28 02:30:22,809 [WARNING] src.corpus_acquisition.downloader: No new pages found after 3 attempts; stopping with 20 page(s).
2026-06-28 02:30:22,841 [INFO] src.corpus_acquisition.downloader: Downloading page 1 from https://t.prcdn.co/img?file=eaaj2025102100000000001001&page=1&scale=200
2026-06-28 02:30:22,898 [INFO] src.corpus_acquisition.downloader: Downloading page 2 from https://i.prcdn.co/img?file=eaaj2025102100000000001001&page=2&scale=200&ticket=AEf4m5vpehVJHNvGpXqOtGg%3D
2026-06-28 02:30:24,262 [INFO] src.corpus_acquisition.downloader: Downloading page 3 from https://i.prcdn.co/img?file=eaaj2025102100000000001001&page=3&scale=200&ticket=AKb9nMdmneZioXBA%2F84zXvA%3D
2026-06-28 02:30:25,181 [INFO] src.corpus_acquisition.downloader: Downloading page 4 from https://i.prcdn.co/img?file=eaaj2025102100000000001001&page=4&scale=200&ticket=ABWkp0dUM9CTC%2B4ghyN%2FatE%3D
2026-06-28 02:30:25,624 [INFO] src.corpus_acquisition.downloader: Downloading page 5 from https://i.prcdn.co/img?file=eaaj2025102100000000001001&page=5&scale=200&ticket=AHFB44V0pLoXpwGqOVdJNS4%3D
2026-06-28 02:30:27,061 [INFO] src.corpus_acquisition.downloader: Downloading page 6 from https://i.prcdn.co/img?file=eaaj2025102100000000001001&page=6&scale=200&ticket=ADaR1eJ99LptpdLTa8H1zdA%3D
2026-06-28 02:30:28,044 [INFO] src.corpus_acquisition.downloader: Downloading page 7 from https://i.prcdn.co/img?file=eaaj2025102100000000001001&page=7&scale=200&ticket=ALVacs%2Bc4m%2BN9z350%2FXBslY%3D
2026-06-28 02:30:29,330 [INFO] src.corpus_acquisition.downloader: Downloading page 8 from https://i.prcdn.co/img?file=eaaj2025102100000000001001&page=8&scale=200&ticket=AFWFjelEbLxrXAvRWxZWk3I%3D
2026-06-28 02:30:30,376 [INFO] src.corpus_acquisition.downloader: Downloading page 9 from https://i.prcdn.co/img?file=eaaj2025102100000000001001&page=9&scale=200&ticket=AJ8DlVIkZYb4hJa3nHqfvZA%3D
2026-06-28 02:30:30,421 [INFO] src.corpus_acquisition.downloader: Downloading page 10 from https://i.prcdn.co/img?file=eaaj2025102100000000001001&page=10&scale=200&ticket=AFAPXIxL5bCeC0RCWfAMJnY%3D
2026-06-28 02:30:31,030 [INFO] src.corpus_acquisition.downloader: Downloading page 11 from https://i.prcdn.co/img?file=eaaj2025102100000000001001&page=11&scale=200&ticket=AA0NFhYfeEtv4FppXXlVvcY%3D
2026-06-28 02:30:31,089 [INFO] src.corpus_acquisition.downloader: Downloading page 12 from https://i.prcdn.co/img?file=eaaj2025102100000000001001&page=12&scale=200&ticket=APT9bf60SrxcBaSoLK2TwuI%3D
2026-06-28 02:30:32,551 [INFO] src.corpus_acquisition.downloader: Downloading page 13 from https://i.prcdn.co/img?file=eaaj2025102100000000001001&page=13&scale=200&ticket=AE8CUoSWDwquOMsJ3WoKOWE%3D
2026-06-28 02:30:33,874 [INFO] src.corpus_acquisition.downloader: Downloading page 14 from https://i.prcdn.co/img?file=eaaj2025102100000000001001&page=14&scale=200&ticket=AMRRhnaXvQYX1Tz5ztmlp8U%3D
2026-06-28 02:30:34,013 [INFO] src.corpus_acquisition.downloader: Downloading page 15 from https://i.prcdn.co/img?file=eaaj2025102100000000001001&page=15&scale=200&ticket=AOBmCQMljgONsbBEQCA%2Bb2Q%3D
2026-06-28 02:30:34,075 [INFO] src.corpus_acquisition.downloader: Downloading page 16 from https://i.prcdn.co/img?file=eaaj2025102100000000001001&page=16&scale=200&ticket=AGtINjogoQTU9GhXU852kT0%3D
2026-06-28 02:30:34,706 [INFO] src.corpus_acquisition.downloader: Downloading page 17 from https://i.prcdn.co/img?file=eaaj2025102100000000001001&page=17&scale=200&ticket=AAHuHw1K8C8LCd28MhNzhOU%3D
2026-06-28 02:30:35,785 [INFO] src.corpus_acquisition.downloader: Downloading page 18 from https://i.prcdn.co/img?file=eaaj2025102100000000001001&page=18&scale=200&ticket=ACSUHM7zjuol6mVl3vFCHHU%3D
2026-06-28 02:30:36,330 [INFO] src.corpus_acquisition.downloader: Downloading page 19 from https://i.prcdn.co/img?file=eaaj2025102100000000001001&page=19&scale=200&ticket=ANjnhBeOtFVrXvMe4jYATiY%3D
2026-06-28 02:30:37,094 [INFO] src.corpus_acquisition.downloader: Downloading page 20 from https://i.prcdn.co/img?file=eaaj2025102100000000001001&page=20&scale=200&ticket=AEeRATtphq6VTb1Dx0RcIdw%3D
2026-06-28 02:30:37,174 [INFO] src.corpus_acquisition.metadata_extractor: Saved metadata for 20 page(s) -> data/raw/metadata/raw_metadata.parquet (total rows: 17256)
2026-06-28 02:30:37,176 [INFO] src.corpus_acquisition.metadata_extractor: Saved crawl log -> data/raw/crawl_logs/elcomercio_2025-10-21.json (status=success)
2026-06-28 02:30:40,368 [INFO] src.corpus_acquisition.downloader: Opening archive for elcomercio on 2025-10-22
2026-06-28 02:30:46,177 [INFO] src.corpus_acquisition.downloader: Collected 7 / 60 pages
2026-06-28 02:30:50,348 [INFO] src.corpus_acquisition.downloader: Collected 9 / 60 pages
2026-06-28 02:30:52,445 [INFO] src.corpus_acquisition.downloader: Collected 11 / 60 pages
2026-06-28 02:30:54,538 [INFO] src.corpus_acquisition.downloader: Collected 12 / 60 pages
2026-06-28 02:30:56,720 [INFO] src.corpus_acquisition.downloader: Collected 14 / 60 pages
2026-06-28 02:30:58,804 [INFO] src.corpus_acquisition.downloader: Collected 17 / 60 pages
2026-06-28 02:31:00,891 [INFO] src.corpus_acquisition.downloader: Collected 19 / 60 pages
2026-06-28 02:31:02,991 [INFO] src.corpus_acquisition.downloader: Collected 20 / 60 pages
2026-06-28 02:31:09,272 [WARNING] src.corpus_acquisition.downloader: No new pages found after 3 attempts; stopping with 20 page(s).
2026-06-28 02:31:09,284 [INFO] src.corpus_acquisition.downloader: Downloading page 1 from https://t.prcdn.co/img?file=eaaj2025102200000000001001&page=1&scale=200
2026-06-28 02:31:09,969 [INFO] src.corpus_acquisition.downloader: Downloading page 2 from https://i.prcdn.co/img?file=eaaj2025102200000000001001&page=2&scale=200&ticket=AL7VHUf%2BTvCix7xqRdwCtnI%3D
2026-06-28 02:31:10,717 [INFO] src.corpus_acquisition.downloader: Downloading page 3 from https://i.prcdn.co/img?file=eaaj2025102200000000001001&page=3&scale=200&ticket=AB7L%2FQpaEWWRbBWXBut7its%3D
2026-06-28 02:31:10,764 [INFO] src.corpus_acquisition.downloader: Downloading page 4 from https://i.prcdn.co/img?file=eaaj2025102200000000001001&page=4&scale=200&ticket=AKXOO2WF4SF6RYnHOM%2FUHU0%3D
2026-06-28 02:31:11,611 [INFO] src.corpus_acquisition.downloader: Downloading page 5 from https://i.prcdn.co/img?file=eaaj2025102200000000001001&page=5&scale=200&ticket=AF%2FQCsMfFnX8GWtOA7Sx6Bg%3D
2026-06-28 02:31:12,017 [INFO] src.corpus_acquisition.downloader: Downloading page 6 from https://i.prcdn.co/img?file=eaaj2025102200000000001001&page=6&scale=200&ticket=AK%2F7gEZvpx7ca8Jm8MqShAM%3D
2026-06-28 02:31:12,205 [INFO] src.corpus_acquisition.downloader: Downloading page 7 from https://i.prcdn.co/img?file=eaaj2025102200000000001001&page=7&scale=200&ticket=AGZtRojnPeUnnDpVSA61r%2FE%3D
2026-06-28 02:31:12,994 [INFO] src.corpus_acquisition.downloader: Downloading page 8 from https://i.prcdn.co/img?file=eaaj2025102200000000001001&page=8&scale=200&ticket=AL9SV8qbLTwYCPX5TLTft2s%3D
2026-06-28 02:31:13,810 [INFO] src.corpus_acquisition.downloader: Downloading page 9 from https://i.prcdn.co/img?file=eaaj2025102200000000001001&page=9&scale=200&ticket=ANHys1ffb5Ws1%2FBIJMEapCc%3D
2026-06-28 02:31:14,369 [INFO] src.corpus_acquisition.downloader: Downloading page 10 from https://i.prcdn.co/img?file=eaaj2025102200000000001001&page=10&scale=200&ticket=AH%2BydAiSQ6IV%2FfNgmVfBfS0%3D
2026-06-28 02:31:15,747 [INFO] src.corpus_acquisition.downloader: Downloading page 11 from https://i.prcdn.co/img?file=eaaj2025102200000000001001&page=11&scale=200&ticket=AMlz25kiP%2BGrB%2BRGb6JGf20%3D
2026-06-28 02:31:15,874 [INFO] src.corpus_acquisition.downloader: Downloading page 12 from https://i.prcdn.co/img?file=eaaj2025102200000000001001&page=12&scale=200&ticket=ANZFRWT4%2B3t2fFHHtXHCjaI%3D
2026-06-28 02:31:17,042 [INFO] src.corpus_acquisition.downloader: Downloading page 13 from https://i.prcdn.co/img?file=eaaj2025102200000000001001&page=13&scale=200&ticket=ADx5UCcYTDUZRKnzjmTFcbo%3D
2026-06-28 02:31:17,108 [INFO] src.corpus_acquisition.downloader: Downloading page 14 from https://i.prcdn.co/img?file=eaaj2025102200000000001001&page=14&scale=200&ticket=AMzSIbGRv%2FoOBDnCJsEdnXk%3D
2026-06-28 02:31:17,659 [INFO] src.corpus_acquisition.downloader: Downloading page 15 from https://i.prcdn.co/img?file=eaaj2025102200000000001001&page=15&scale=200&ticket=ABM2y4kiIzfYprR02bONBDw%3D
2026-06-28 02:31:17,698 [INFO] src.corpus_acquisition.downloader: Downloading page 16 from https://i.prcdn.co/img?file=eaaj2025102200000000001001&page=16&scale=200&ticket=AMBV4%2FRMssIUadNRsEH2k8Q%3D
2026-06-28 02:31:18,387 [INFO] src.corpus_acquisition.downloader: Downloading page 17 from https://i.prcdn.co/img?file=eaaj2025102200000000001001&page=17&scale=200&ticket=AI5deAYmmDfUeeL2vMAowTk%3D
2026-06-28 02:31:19,581 [INFO] src.corpus_acquisition.downloader: Downloading page 18 from https://i.prcdn.co/img?file=eaaj2025102200000000001001&page=18&scale=200&ticket=ACrxjd3QwuJtHHU8HSHQXbs%3D
2026-06-28 02:31:21,199 [INFO] src.corpus_acquisition.downloader: Downloading page 19 from https://i.prcdn.co/img?file=eaaj2025102200000000001001&page=19&scale=200&ticket=ADGHeLpnY51a0zfIPh8iLu4%3D
2026-06-28 02:31:21,243 [INFO] src.corpus_acquisition.downloader: Downloading page 20 from https://i.prcdn.co/img?file=eaaj2025102200000000001001&page=20&scale=200&ticket=AB1nOdjXaG9fusVL%2FsbhjT4%3D
2026-06-28 02:31:22,347 [INFO] src.corpus_acquisition.metadata_extractor: Saved metadata for 20 page(s) -> data/raw/metadata/raw_metadata.parquet (total rows: 17276)
2026-06-28 02:31:22,349 [INFO] src.corpus_acquisition.metadata_extractor: Saved crawl log -> data/raw/crawl_logs/elcomercio_2025-10-22.json (status=success)
2026-06-28 02:31:28,070 [INFO] src.corpus_acquisition.downloader: Opening archive for elcomercio on 2025-10-23
2026-06-28 02:31:33,920 [INFO] src.corpus_acquisition.downloader: Collected 7 / 60 pages
2026-06-28 02:31:38,079 [INFO] src.corpus_acquisition.downloader: Collected 9 / 60 pages
2026-06-28 02:31:40,173 [INFO] src.corpus_acquisition.downloader: Collected 11 / 60 pages
2026-06-28 02:31:42,268 [INFO] src.corpus_acquisition.downloader: Collected 12 / 60 pages
2026-06-28 02:31:44,453 [INFO] src.corpus_acquisition.downloader: Collected 15 / 60 pages
2026-06-28 02:31:46,538 [INFO] src.corpus_acquisition.downloader: Collected 17 / 60 pages
2026-06-28 02:31:48,619 [INFO] src.corpus_acquisition.downloader: Collected 18 / 60 pages
2026-06-28 02:31:50,703 [INFO] src.corpus_acquisition.downloader: Collected 20 / 60 pages
2026-06-28 02:31:56,972 [WARNING] src.corpus_acquisition.downloader: No new pages found after 3 attempts; stopping with 20 page(s).
2026-06-28 02:31:56,988 [INFO] src.corpus_acquisition.downloader: Downloading page 1 from https://t.prcdn.co/img?file=eaaj2025102300000000001001&page=1&scale=200
2026-06-28 02:31:57,492 [INFO] src.corpus_acquisition.downloader: Downloading page 2 from https://i.prcdn.co/img?file=eaaj2025102300000000001001&page=2&scale=200&ticket=APuQiFRKqIyHL6C1uTichjw%3D
2026-06-28 02:31:57,532 [INFO] src.corpus_acquisition.downloader: Downloading page 3 from https://i.prcdn.co/img?file=eaaj2025102300000000001001&page=3&scale=200&ticket=AC87akvO1%2F5e6vzCJHfaF%2BI%3D
2026-06-28 02:31:57,579 [INFO] src.corpus_acquisition.downloader: Downloading page 4 from https://i.prcdn.co/img?file=eaaj2025102300000000001001&page=4&scale=200&ticket=AEQKpIwFxcqkjOBeQIVW%2BNE%3D
2026-06-28 02:31:58,338 [INFO] src.corpus_acquisition.downloader: Downloading page 5 from https://i.prcdn.co/img?file=eaaj2025102300000000001001&page=5&scale=200&ticket=AGq5mR%2FtxSgkqMkw%2BtSOd1w%3D
2026-06-28 02:31:58,400 [INFO] src.corpus_acquisition.downloader: Downloading page 6 from https://i.prcdn.co/img?file=eaaj2025102300000000001001&page=6&scale=200&ticket=ALsM%2BCTvqTaim7sDOYRQJuY%3D
2026-06-28 02:32:00,031 [INFO] src.corpus_acquisition.downloader: Downloading page 7 from https://i.prcdn.co/img?file=eaaj2025102300000000001001&page=7&scale=200&ticket=AJzeeiHItop%2BJj9Trg1wghE%3D
2026-06-28 02:32:00,075 [INFO] src.corpus_acquisition.downloader: Downloading page 8 from https://i.prcdn.co/img?file=eaaj2025102300000000001001&page=8&scale=200&ticket=ANmNFWUTeRaZxT94jQkwqiA%3D
2026-06-28 02:32:00,114 [INFO] src.corpus_acquisition.downloader: Downloading page 9 from https://i.prcdn.co/img?file=eaaj2025102300000000001001&page=9&scale=200&ticket=AIvQ%2BquEMgaf6FSVI0w0av4%3D
2026-06-28 02:32:01,104 [INFO] src.corpus_acquisition.downloader: Downloading page 10 from https://i.prcdn.co/img?file=eaaj2025102300000000001001&page=10&scale=200&ticket=AFiNqmq52ngNGNj9TjCYruY%3D
2026-06-28 02:32:01,615 [INFO] src.corpus_acquisition.downloader: Downloading page 11 from https://i.prcdn.co/img?file=eaaj2025102300000000001001&page=11&scale=200&ticket=AAJzImo5kzf0yeYQT%2BG2nfc%3D
2026-06-28 02:32:01,656 [INFO] src.corpus_acquisition.downloader: Downloading page 12 from https://i.prcdn.co/img?file=eaaj2025102300000000001001&page=12&scale=200&ticket=AHhdIh%2FdQ1ZCbTtCklua%2FFw%3D
2026-06-28 02:32:01,695 [INFO] src.corpus_acquisition.downloader: Downloading page 13 from https://i.prcdn.co/img?file=eaaj2025102300000000001001&page=13&scale=200&ticket=ANEJrhy2mCJ6hXmCr2EXt2g%3D
2026-06-28 02:32:01,752 [INFO] src.corpus_acquisition.downloader: Downloading page 14 from https://i.prcdn.co/img?file=eaaj2025102300000000001001&page=14&scale=200&ticket=AB2N6V0vmw%2B48l95dftn7ZU%3D
2026-06-28 02:32:03,781 [INFO] src.corpus_acquisition.downloader: Downloading page 15 from https://i.prcdn.co/img?file=eaaj2025102300000000001001&page=15&scale=200&ticket=AC4I2zyj%2FutRXDd0BN6Iqn4%3D
2026-06-28 02:32:04,923 [INFO] src.corpus_acquisition.downloader: Downloading page 16 from https://i.prcdn.co/img?file=eaaj2025102300000000001001&page=16&scale=200&ticket=AD30fCQepp3lSUdjze6Yvuc%3D
2026-06-28 02:32:04,985 [INFO] src.corpus_acquisition.downloader: Downloading page 17 from https://i.prcdn.co/img?file=eaaj2025102300000000001001&page=17&scale=200&ticket=AEnGerBjq%2FAFYNd%2Bg6UDRdo%3D
2026-06-28 02:32:05,084 [INFO] src.corpus_acquisition.downloader: Downloading page 18 from https://i.prcdn.co/img?file=eaaj2025102300000000001001&page=18&scale=200&ticket=ABKE1E%2B%2FMXdZKpfLiqFoY5I%3D
2026-06-28 02:32:05,754 [INFO] src.corpus_acquisition.downloader: Downloading page 19 from https://i.prcdn.co/img?file=eaaj2025102300000000001001&page=19&scale=200&ticket=AKKBGqcQ5%2FuOANi4xiQFLNc%3D
2026-06-28 02:32:06,304 [INFO] src.corpus_acquisition.downloader: Downloading page 20 from https://i.prcdn.co/img?file=eaaj2025102300000000001001&page=20&scale=200&ticket=AI6QNbP%2FfD3T%2Ftan%2BYB5DmA%3D
2026-06-28 02:32:06,384 [INFO] src.corpus_acquisition.metadata_extractor: Saved metadata for 20 page(s) -> data/raw/metadata/raw_metadata.parquet (total rows: 17296)
2026-06-28 02:32:06,387 [INFO] src.corpus_acquisition.metadata_extractor: Saved crawl log -> data/raw/crawl_logs/elcomercio_2025-10-23.json (status=success)
2026-06-28 02:32:12,427 [INFO] src.corpus_acquisition.downloader: Opening archive for elcomercio on 2025-10-24
2026-06-28 02:32:18,299 [INFO] src.corpus_acquisition.downloader: Collected 7 / 60 pages
2026-06-28 02:32:20,391 [INFO] src.corpus_acquisition.downloader: Collected 8 / 60 pages
2026-06-28 02:32:22,479 [INFO] src.corpus_acquisition.downloader: Collected 10 / 60 pages
2026-06-28 02:32:24,571 [INFO] src.corpus_acquisition.downloader: Collected 12 / 60 pages
2026-06-28 02:32:26,668 [INFO] src.corpus_acquisition.downloader: Collected 14 / 60 pages
2026-06-28 02:32:28,853 [INFO] src.corpus_acquisition.downloader: Collected 15 / 60 pages
2026-06-28 02:32:30,953 [INFO] src.corpus_acquisition.downloader: Collected 18 / 60 pages
2026-06-28 02:32:33,039 [INFO] src.corpus_acquisition.downloader: Collected 20 / 60 pages
2026-06-28 02:32:35,134 [INFO] src.corpus_acquisition.downloader: Collected 21 / 60 pages
2026-06-28 02:32:41,435 [WARNING] src.corpus_acquisition.downloader: No new pages found after 3 attempts; stopping with 21 page(s).
2026-06-28 02:32:41,451 [INFO] src.corpus_acquisition.downloader: Downloading page 1 from https://t.prcdn.co/img?file=eaaj2025102400000000001001&page=1&scale=200
2026-06-28 02:32:42,157 [INFO] src.corpus_acquisition.downloader: Downloading page 2 from https://i.prcdn.co/img?file=eaaj2025102400000000001001&page=2&scale=200&ticket=ADVm2BmokCM7kOFRMrcJQ2c%3D
2026-06-28 02:32:43,037 [INFO] src.corpus_acquisition.downloader: Downloading page 3 from https://i.prcdn.co/img?file=eaaj2025102400000000001001&page=3&scale=200&ticket=AL8DCDzjVO0NlIT0o59%2BEig%3D
2026-06-28 02:32:44,625 [INFO] src.corpus_acquisition.downloader: Downloading page 4 from https://i.prcdn.co/img?file=eaaj2025102400000000001001&page=4&scale=200&ticket=AADmWEjAcjsC%2BJ7iQVoJUw4%3D
2026-06-28 02:32:45,393 [INFO] src.corpus_acquisition.downloader: Downloading page 5 from https://i.prcdn.co/img?file=eaaj2025102400000000001001&page=5&scale=200&ticket=AHQAYoFdDt2DLIJZuPE3r18%3D
2026-06-28 02:32:45,428 [INFO] src.corpus_acquisition.downloader: Downloading page 6 from https://i.prcdn.co/img?file=eaaj2025102400000000001001&page=6&scale=200&ticket=AONVwff8v2GQR5QdwiVj2%2FE%3D
2026-06-28 02:32:45,476 [INFO] src.corpus_acquisition.downloader: Downloading page 7 from https://i.prcdn.co/img?file=eaaj2025102400000000001001&page=7&scale=200&ticket=ADeqvWWWqZF%2FSbb64oX3PQU%3D
2026-06-28 02:32:46,834 [INFO] src.corpus_acquisition.downloader: Downloading page 8 from https://i.prcdn.co/img?file=eaaj2025102400000000001001&page=8&scale=200&ticket=AC2kcFISVB8M0gfhQFPMQV8%3D
2026-06-28 02:32:46,967 [INFO] src.corpus_acquisition.downloader: Downloading page 9 from https://i.prcdn.co/img?file=eaaj2025102400000000001001&page=9&scale=200&ticket=AKclxNDP6XaDM5COKfgILak%3D
2026-06-28 02:32:47,011 [INFO] src.corpus_acquisition.downloader: Downloading page 10 from https://i.prcdn.co/img?file=eaaj2025102400000000001001&page=10&scale=200&ticket=ADoTMgwm9BMOp1Non9eD%2BeQ%3D
2026-06-28 02:32:47,745 [INFO] src.corpus_acquisition.downloader: Downloading page 11 from https://i.prcdn.co/img?file=eaaj2025102400000000001001&page=11&scale=200&ticket=AIKJke0yhV0D1%2BbexZ0t3qM%3D
2026-06-28 02:32:49,365 [INFO] src.corpus_acquisition.downloader: Downloading page 12 from https://i.prcdn.co/img?file=eaaj2025102400000000001001&page=12&scale=200&ticket=AFcqeh0xuomku8%2BJCj4Ia88%3D
2026-06-28 02:32:50,753 [INFO] src.corpus_acquisition.downloader: Downloading page 13 from https://i.prcdn.co/img?file=eaaj2025102400000000001001&page=13&scale=200&ticket=ADVr21DtPT1lb%2BVhkUCv8Jo%3D
2026-06-28 02:32:51,899 [INFO] src.corpus_acquisition.downloader: Downloading page 14 from https://i.prcdn.co/img?file=eaaj2025102400000000001001&page=14&scale=200&ticket=ADbZicxriNQFvLAviYSJ%2Bm4%3D
2026-06-28 02:32:52,390 [INFO] src.corpus_acquisition.downloader: Downloading page 15 from https://i.prcdn.co/img?file=eaaj2025102400000000001001&page=15&scale=200&ticket=AJ3mhO3%2F9YWNsw03E15zPHI%3D
2026-06-28 02:32:53,032 [INFO] src.corpus_acquisition.downloader: Downloading page 16 from https://i.prcdn.co/img?file=eaaj2025102400000000001001&page=16&scale=200&ticket=ABaZOi%2Bl6UOzPEgFx7qzKac%3D
2026-06-28 02:32:53,074 [INFO] src.corpus_acquisition.downloader: Downloading page 17 from https://i.prcdn.co/img?file=eaaj2025102400000000001001&page=17&scale=200&ticket=AIr4SAcHl5GnD%2FQ1Wp9n3cQ%3D
2026-06-28 02:32:53,610 [INFO] src.corpus_acquisition.downloader: Downloading page 18 from https://i.prcdn.co/img?file=eaaj2025102400000000001001&page=18&scale=200&ticket=AD%2FX8NPHnXMiK%2BPe%2B7L%2Bqck%3D
2026-06-28 02:32:53,652 [INFO] src.corpus_acquisition.downloader: Downloading page 19 from https://i.prcdn.co/img?file=eaaj2025102400000000001001&page=19&scale=200&ticket=AOYh1M3fkV7%2BufTGH5xDhSU%3D
2026-06-28 02:32:53,710 [INFO] src.corpus_acquisition.downloader: Downloading page 20 from https://i.prcdn.co/img?file=eaaj2025102400000000001001&page=20&scale=200&ticket=AFJMSuj1w%2FqlizNqMFWeqLI%3D
2026-06-28 02:32:55,159 [INFO] src.corpus_acquisition.metadata_extractor: Saved metadata for 20 page(s) -> data/raw/metadata/raw_metadata.parquet (total rows: 17316)
2026-06-28 02:32:55,161 [INFO] src.corpus_acquisition.metadata_extractor: Saved crawl log -> data/raw/crawl_logs/elcomercio_2025-10-24.json (status=success)
2026-06-28 02:33:00,527 [INFO] src.corpus_acquisition.downloader: Opening archive for elcomercio on 2025-10-25
2026-06-28 02:33:06,368 [INFO] src.corpus_acquisition.downloader: Collected 7 / 60 pages
2026-06-28 02:33:10,524 [INFO] src.corpus_acquisition.downloader: Collected 9 / 60 pages
2026-06-28 02:33:12,612 [INFO] src.corpus_acquisition.downloader: Collected 11 / 60 pages
2026-06-28 02:33:14,698 [INFO] src.corpus_acquisition.downloader: Collected 13 / 60 pages
2026-06-28 02:33:16,778 [INFO] src.corpus_acquisition.downloader: Collected 14 / 60 pages
2026-06-28 02:33:18,870 [INFO] src.corpus_acquisition.downloader: Collected 17 / 60 pages
2026-06-28 02:33:20,965 [INFO] src.corpus_acquisition.downloader: Collected 19 / 60 pages
2026-06-28 02:33:23,049 [INFO] src.corpus_acquisition.downloader: Collected 21 / 60 pages
2026-06-28 02:33:25,134 [INFO] src.corpus_acquisition.downloader: Collected 22 / 60 pages
2026-06-28 02:33:27,220 [INFO] src.corpus_acquisition.downloader: Collected 24 / 60 pages
2026-06-28 02:33:33,524 [WARNING] src.corpus_acquisition.downloader: No new pages found after 3 attempts; stopping with 24 page(s).
2026-06-28 02:33:33,539 [INFO] src.corpus_acquisition.downloader: Downloading page 1 from https://t.prcdn.co/img?file=eaaj2025102500000000001001&page=1&scale=200
2026-06-28 02:33:33,579 [INFO] src.corpus_acquisition.downloader: Downloading page 2 from https://i.prcdn.co/img?file=eaaj2025102500000000001001&page=2&scale=200&ticket=ABF6eEya6EKp0fzoT25ExlU%3D
2026-06-28 02:33:35,043 [INFO] src.corpus_acquisition.downloader: Downloading page 3 from https://i.prcdn.co/img?file=eaaj2025102500000000001001&page=3&scale=200&ticket=ABOtnUSRyPogLUkhlD%2BEM4Q%3D
2026-06-28 02:33:36,437 [INFO] src.corpus_acquisition.downloader: Downloading page 4 from https://i.prcdn.co/img?file=eaaj2025102500000000001001&page=4&scale=200&ticket=AG%2BsaRrm0C%2BbiA7q8utVT1g%3D
2026-06-28 02:33:36,491 [INFO] src.corpus_acquisition.downloader: Downloading page 5 from https://i.prcdn.co/img?file=eaaj2025102500000000001001&page=5&scale=200&ticket=AFnGZea0a5Yf2yqMMukHHQ4%3D
2026-06-28 02:33:37,122 [INFO] src.corpus_acquisition.downloader: Downloading page 6 from https://i.prcdn.co/img?file=eaaj2025102500000000001001&page=6&scale=200&ticket=AFTzYnEoiDkTq%2Fb2qRrIpMs%3D
2026-06-28 02:33:38,219 [INFO] src.corpus_acquisition.downloader: Downloading page 7 from https://i.prcdn.co/img?file=eaaj2025102500000000001001&page=7&scale=200&ticket=AOgqW4pIEDPfWaXmqeMcxEY%3D
2026-06-28 02:33:38,255 [INFO] src.corpus_acquisition.downloader: Downloading page 8 from https://i.prcdn.co/img?file=eaaj2025102500000000001001&page=8&scale=200&ticket=AHzWMMJKgNcrfVFKGZbeR14%3D
2026-06-28 02:33:39,258 [INFO] src.corpus_acquisition.downloader: Downloading page 9 from https://i.prcdn.co/img?file=eaaj2025102500000000001001&page=9&scale=200&ticket=AEDhJNu9tKKvF8eX93xqnz0%3D
2026-06-28 02:33:39,941 [INFO] src.corpus_acquisition.downloader: Downloading page 10 from https://i.prcdn.co/img?file=eaaj2025102500000000001001&page=10&scale=200&ticket=AKu5raCtZjhVEViKlFtdPxQ%3D
2026-06-28 02:33:40,696 [INFO] src.corpus_acquisition.downloader: Downloading page 11 from https://i.prcdn.co/img?file=eaaj2025102500000000001001&page=11&scale=200&ticket=AFkz5f55lbdqZvT8xNHj54c%3D
2026-06-28 02:33:41,489 [INFO] src.corpus_acquisition.downloader: Downloading page 12 from https://i.prcdn.co/img?file=eaaj2025102500000000001001&page=12&scale=200&ticket=AEJ2Snk6Z6TfXnh4L3ESEqc%3D
2026-06-28 02:33:42,759 [INFO] src.corpus_acquisition.downloader: Downloading page 13 from https://i.prcdn.co/img?file=eaaj2025102500000000001001&page=13&scale=200&ticket=ADOj4%2BRdPOdEpD5cAF4Gkfk%3D
2026-06-28 02:33:43,502 [INFO] src.corpus_acquisition.downloader: Downloading page 14 from https://i.prcdn.co/img?file=eaaj2025102500000000001001&page=14&scale=200&ticket=AKesezkWC3jOqkhS63siYBg%3D
2026-06-28 02:33:44,020 [INFO] src.corpus_acquisition.downloader: Downloading page 15 from https://i.prcdn.co/img?file=eaaj2025102500000000001001&page=15&scale=200&ticket=AAxfofUqGzfxQ40UMF0%2BHNo%3D
2026-06-28 02:33:44,693 [INFO] src.corpus_acquisition.downloader: Downloading page 16 from https://i.prcdn.co/img?file=eaaj2025102500000000001001&page=16&scale=200&ticket=AAQE8e7%2FPc6HvN1dp82bYyQ%3D
2026-06-28 02:33:44,751 [INFO] src.corpus_acquisition.downloader: Downloading page 17 from https://i.prcdn.co/img?file=eaaj2025102500000000001001&page=17&scale=200&ticket=APBviJMV3aBHJDc8ZlPkzB4%3D
2026-06-28 02:33:46,120 [INFO] src.corpus_acquisition.downloader: Downloading page 18 from https://i.prcdn.co/img?file=eaaj2025102500000000001001&page=18&scale=200&ticket=AAH9Bfv5zlAlZehewweS%2BgE%3D
2026-06-28 02:33:46,787 [INFO] src.corpus_acquisition.downloader: Downloading page 19 from https://i.prcdn.co/img?file=eaaj2025102500000000001001&page=19&scale=200&ticket=AIDgqvJxcTx7Bu2r1s5Cid4%3D
2026-06-28 02:33:48,225 [INFO] src.corpus_acquisition.downloader: Downloading page 20 from https://i.prcdn.co/img?file=eaaj2025102500000000001001&page=20&scale=200&ticket=AEM5Kn7CMpLUZStNDSlpKdc%3D
2026-06-28 02:33:48,344 [INFO] src.corpus_acquisition.downloader: Downloading page 21 from https://i.prcdn.co/img?file=eaaj2025102500000000001001&page=21&scale=200&ticket=ANyfEthAbtAbQKSTGuuCthc%3D
2026-06-28 02:33:48,388 [INFO] src.corpus_acquisition.downloader: Downloading page 22 from https://i.prcdn.co/img?file=eaaj2025102500000000001001&page=22&scale=200&ticket=AOHM4W4WHUEPHXEWEfzMLD0%3D
2026-06-28 02:33:49,305 [INFO] src.corpus_acquisition.downloader: Downloading page 23 from https://i.prcdn.co/img?file=eaaj2025102500000000001001&page=23&scale=200&ticket=AAdCQVsUz4ySEcxHUVoKQA4%3D
2026-06-28 02:33:50,150 [INFO] src.corpus_acquisition.downloader: Downloading page 24 from https://i.prcdn.co/img?file=eaaj2025102500000000001001&page=24&scale=200&ticket=ACJl21NfXMZnaIZi9XKRDuk%3D
2026-06-28 02:33:50,786 [INFO] src.corpus_acquisition.metadata_extractor: Saved metadata for 24 page(s) -> data/raw/metadata/raw_metadata.parquet (total rows: 17340)
2026-06-28 02:33:50,788 [INFO] src.corpus_acquisition.metadata_extractor: Saved crawl log -> data/raw/crawl_logs/elcomercio_2025-10-25.json (status=success)
2026-06-28 02:33:57,105 [INFO] src.corpus_acquisition.downloader: Opening archive for elcomercio on 2025-10-26
2026-06-28 02:34:02,924 [INFO] src.corpus_acquisition.downloader: Collected 7 / 60 pages
2026-06-28 02:34:07,092 [INFO] src.corpus_acquisition.downloader: Collected 9 / 60 pages
2026-06-28 02:34:09,179 [INFO] src.corpus_acquisition.downloader: Collected 11 / 60 pages
2026-06-28 02:34:11,261 [INFO] src.corpus_acquisition.downloader: Collected 13 / 60 pages
2026-06-28 02:34:13,384 [INFO] src.corpus_acquisition.downloader: Collected 15 / 60 pages
2026-06-28 02:34:15,577 [INFO] src.corpus_acquisition.downloader: Collected 17 / 60 pages
2026-06-28 02:34:17,661 [INFO] src.corpus_acquisition.downloader: Collected 19 / 60 pages
2026-06-28 02:34:19,751 [INFO] src.corpus_acquisition.downloader: Collected 21 / 60 pages
2026-06-28 02:34:21,845 [INFO] src.corpus_acquisition.downloader: Collected 23 / 60 pages
2026-06-28 02:34:23,932 [INFO] src.corpus_acquisition.downloader: Collected 24 / 60 pages
2026-06-28 02:34:26,022 [INFO] src.corpus_acquisition.downloader: Collected 25 / 60 pages
2026-06-28 02:34:28,110 [INFO] src.corpus_acquisition.downloader: Collected 29 / 60 pages
2026-06-28 02:34:30,198 [INFO] src.corpus_acquisition.downloader: Collected 31 / 60 pages
2026-06-28 02:34:32,279 [INFO] src.corpus_acquisition.downloader: Collected 33 / 60 pages
2026-06-28 02:34:34,363 [INFO] src.corpus_acquisition.downloader: Collected 35 / 60 pages
2026-06-28 02:34:36,563 [INFO] src.corpus_acquisition.downloader: Collected 37 / 60 pages
2026-06-28 02:34:38,651 [INFO] src.corpus_acquisition.downloader: Collected 39 / 60 pages
2026-06-28 02:34:40,749 [INFO] src.corpus_acquisition.downloader: Collected 41 / 60 pages
2026-06-28 02:34:44,930 [INFO] src.corpus_acquisition.downloader: Collected 43 / 60 pages
2026-06-28 02:34:47,014 [INFO] src.corpus_acquisition.downloader: Collected 46 / 60 pages
2026-06-28 02:34:49,094 [INFO] src.corpus_acquisition.downloader: Collected 48 / 60 pages
2026-06-28 02:34:55,381 [WARNING] src.corpus_acquisition.downloader: No new pages found after 3 attempts; stopping with 48 page(s).
2026-06-28 02:34:55,395 [INFO] src.corpus_acquisition.downloader: Downloading page 1 from https://t.prcdn.co/img?file=eaaj2025102600000000001001&page=1&scale=200
2026-06-28 02:34:56,179 [INFO] src.corpus_acquisition.downloader: Downloading page 2 from https://i.prcdn.co/img?file=eaaj2025102600000000001001&page=2&scale=200&ticket=AGrOJ3CRJs%2FiwRCnE0w0SMs%3D
2026-06-28 02:34:56,221 [INFO] src.corpus_acquisition.downloader: Downloading page 3 from https://i.prcdn.co/img?file=eaaj2025102600000000001001&page=3&scale=200&ticket=AF5DXeh0cuecDABgZa1YPTc%3D
2026-06-28 02:34:57,241 [INFO] src.corpus_acquisition.downloader: Downloading page 4 from https://i.prcdn.co/img?file=eaaj2025102600000000001001&page=4&scale=200&ticket=APn80fdLW8sCdzWk8zEWWPk%3D
2026-06-28 02:34:58,234 [INFO] src.corpus_acquisition.downloader: Downloading page 5 from https://i.prcdn.co/img?file=eaaj2025102600000000001001&page=5&scale=200&ticket=ADQ3isGvSePm%2BF6m3N8xBws%3D
2026-06-28 02:34:58,790 [INFO] src.corpus_acquisition.downloader: Downloading page 6 from https://i.prcdn.co/img?file=eaaj2025102600000000001001&page=6&scale=200&ticket=AGVrm3K6PzywUFWnWkPLKao%3D
2026-06-28 02:35:00,378 [INFO] src.corpus_acquisition.downloader: Downloading page 7 from https://i.prcdn.co/img?file=eaaj2025102600000000001001&page=7&scale=200&ticket=AAR18d8jvFtrKcmT7HEOrX0%3D
2026-06-28 02:35:00,525 [INFO] src.corpus_acquisition.downloader: Downloading page 8 from https://i.prcdn.co/img?file=eaaj2025102600000000001001&page=8&scale=200&ticket=ANXq0WcXEYLuzaN%2BRZoRack%3D
2026-06-28 02:35:01,449 [INFO] src.corpus_acquisition.downloader: Downloading page 9 from https://i.prcdn.co/img?file=eaaj2025102600000000001001&page=9&scale=200&ticket=APqap8uEHsNLSF3m3ZZSk%2Fs%3D
2026-06-28 02:35:02,254 [INFO] src.corpus_acquisition.downloader: Downloading page 10 from https://i.prcdn.co/img?file=eaaj2025102600000000001001&page=10&scale=200&ticket=AGLklnYmKDQwNYYJFwdpJD8%3D
2026-06-28 02:35:02,295 [INFO] src.corpus_acquisition.downloader: Downloading page 11 from https://i.prcdn.co/img?file=eaaj2025102600000000001001&page=11&scale=200&ticket=AJB1PwOf8FoXvaG%2FLuY%2BBcQ%3D
2026-06-28 02:35:02,338 [INFO] src.corpus_acquisition.downloader: Downloading page 12 from https://i.prcdn.co/img?file=eaaj2025102600000000001001&page=12&scale=200&ticket=AEEh0FoBYMgxKBY%2FigvG2SI%3D
2026-06-28 02:35:02,460 [INFO] src.corpus_acquisition.downloader: Downloading page 13 from https://i.prcdn.co/img?file=eaaj2025102600000000001001&page=13&scale=200&ticket=ADW4k3gX3U5vbHr8DzYhfV8%3D
2026-06-28 02:35:03,799 [INFO] src.corpus_acquisition.downloader: Downloading page 14 from https://i.prcdn.co/img?file=eaaj2025102600000000001001&page=14&scale=200&ticket=AN3bOKqW9UfJc8EC6Wtz%2BDo%3D
2026-06-28 02:35:04,329 [INFO] src.corpus_acquisition.downloader: Downloading page 15 from https://i.prcdn.co/img?file=eaaj2025102600000000001001&page=15&scale=200&ticket=AOAHPiBZRyJ8%2BZknVZZek9w%3D
2026-06-28 02:35:05,065 [INFO] src.corpus_acquisition.downloader: Downloading page 16 from https://i.prcdn.co/img?file=eaaj2025102600000000001001&page=16&scale=200&ticket=ACoOwTqWW3Z%2Fj1YWEQbg5jI%3D
2026-06-28 02:35:05,654 [INFO] src.corpus_acquisition.downloader: Downloading page 17 from https://i.prcdn.co/img?file=eaaj2025102600000000001001&page=17&scale=200&ticket=AJ8%2Bme9yeZvZacxsukFVb7Y%3D
2026-06-28 02:35:05,695 [INFO] src.corpus_acquisition.downloader: Downloading page 18 from https://i.prcdn.co/img?file=eaaj2025102600000000001001&page=18&scale=200&ticket=AJ4dEB4BFyO9Vvr0InHQYtg%3D
2026-06-28 02:35:06,511 [INFO] src.corpus_acquisition.downloader: Downloading page 19 from https://i.prcdn.co/img?file=eaaj2025102600000000001001&page=19&scale=200&ticket=AG3kgiG%2B%2FlblB51nAWYtz2s%3D
2026-06-28 02:35:07,255 [INFO] src.corpus_acquisition.downloader: Downloading page 20 from https://i.prcdn.co/img?file=eaaj2025102600000000001001&page=20&scale=200&ticket=AEsbyPX44VmHeYxg4C%2B4cz4%3D
2026-06-28 02:35:07,354 [INFO] src.corpus_acquisition.downloader: Downloading page 21 from https://i.prcdn.co/img?file=eaaj2025102600000000001001&page=21&scale=200&ticket=AID3niOp61P9K0oSQrcrVcc%3D
2026-06-28 02:35:08,269 [INFO] src.corpus_acquisition.downloader: Downloading page 22 from https://i.prcdn.co/img?file=eaaj2025102600000000001001&page=22&scale=200&ticket=ADwSPApfvC3q3mRfIGsMpe4%3D
2026-06-28 02:35:08,919 [INFO] src.corpus_acquisition.downloader: Downloading page 23 from https://i.prcdn.co/img?file=eaaj2025102600000000001001&page=23&scale=200&ticket=AKMXjCzl%2BPTGPxGlCYr%2FAsw%3D
2026-06-28 02:35:10,063 [INFO] src.corpus_acquisition.downloader: Downloading page 24 from https://i.prcdn.co/img?file=eaaj2025102600000000001001&page=24&scale=200&ticket=AEXlWX6wBf2rHL25QzuBrGc%3D
2026-06-28 02:35:10,834 [INFO] src.corpus_acquisition.downloader: Downloading page 25 from https://i.prcdn.co/img?file=eaaj2025102600000000001001&page=25&scale=200&ticket=AHstOMrUzQJGReiRYChYHts%3D
2026-06-28 02:35:12,148 [INFO] src.corpus_acquisition.downloader: Downloading page 26 from https://i.prcdn.co/img?file=eaaj2025102600000000001001&page=26&scale=200&ticket=AJa3tqy1qloAtJySwDvlpjY%3D
2026-06-28 02:35:13,082 [INFO] src.corpus_acquisition.downloader: Downloading page 27 from https://i.prcdn.co/img?file=eaaj2025102600000000001001&page=27&scale=200&ticket=AGxn1aAuSlwPmMdBxMGs9wc%3D
2026-06-28 02:35:13,830 [INFO] src.corpus_acquisition.downloader: Downloading page 28 from https://i.prcdn.co/img?file=eaaj2025102600000000001001&page=28&scale=200&ticket=AAaza8FjOv91rzFiY8GJV64%3D
2026-06-28 02:35:14,603 [INFO] src.corpus_acquisition.downloader: Downloading page 29 from https://i.prcdn.co/img?file=eaaj2025102600000000001001&page=29&scale=200&ticket=AFvylLQ%2Fg3Mxn1DFT78AmlI%3D
2026-06-28 02:35:15,567 [INFO] src.corpus_acquisition.downloader: Downloading page 30 from https://i.prcdn.co/img?file=eaaj2025102600000000001001&page=30&scale=200&ticket=ALjW3RCPs9RD69L38ayzT60%3D
2026-06-28 02:35:16,378 [INFO] src.corpus_acquisition.downloader: Downloading page 31 from https://i.prcdn.co/img?file=eaaj2025102600000000001001&page=31&scale=200&ticket=AJjwB5Zu3D%2FGy4vU5FZTZpA%3D
2026-06-28 02:35:17,070 [INFO] src.corpus_acquisition.downloader: Downloading page 32 from https://i.prcdn.co/img?file=eaaj2025102600000000001001&page=32&scale=200&ticket=ADG34dg1j%2FTn4wExGjqtkAc%3D
2026-06-28 02:35:18,082 [INFO] src.corpus_acquisition.downloader: Downloading page 33 from https://i.prcdn.co/img?file=eaaj2025102600000000001001&page=33&scale=200&ticket=AB9fRMEflQfrDSknhGuLjno%3D
2026-06-28 02:35:18,585 [INFO] src.corpus_acquisition.downloader: Downloading page 34 from https://i.prcdn.co/img?file=eaaj2025102600000000001001&page=34&scale=200&ticket=AOzQTdKzBGahRwUQlS5tzd8%3D
2026-06-28 02:35:19,307 [INFO] src.corpus_acquisition.downloader: Downloading page 35 from https://i.prcdn.co/img?file=eaaj2025102600000000001001&page=35&scale=200&ticket=AMOGo2x%2BH60h%2FI65QDN0Nc0%3D
2026-06-28 02:35:20,029 [INFO] src.corpus_acquisition.downloader: Downloading page 36 from https://i.prcdn.co/img?file=eaaj2025102600000000001001&page=36&scale=200&ticket=AHO3tpHSHtwG3QjqTJVDDBQ%3D
2026-06-28 02:35:20,820 [INFO] src.corpus_acquisition.downloader: Downloading page 37 from https://i.prcdn.co/img?file=eaaj2025102600000000001001&page=37&scale=200&ticket=AELiMMr9ebbrxNw055hvGjY%3D
2026-06-28 02:35:21,856 [INFO] src.corpus_acquisition.downloader: Downloading page 38 from https://i.prcdn.co/img?file=eaaj2025102600000000001001&page=38&scale=200&ticket=ABuviAyYqc2k4KzQBbgxw5c%3D
2026-06-28 02:35:22,642 [INFO] src.corpus_acquisition.downloader: Downloading page 39 from https://i.prcdn.co/img?file=eaaj2025102600000000001001&page=39&scale=200&ticket=AL6i0Zhn5%2BGl164sojqdgD0%3D
2026-06-28 02:35:23,191 [INFO] src.corpus_acquisition.downloader: Downloading page 40 from https://i.prcdn.co/img?file=eaaj2025102600000000001001&page=40&scale=200&ticket=AI5uY1hpkQ%2FPaYwCY3wztVc%3D
2026-06-28 02:35:23,932 [INFO] src.corpus_acquisition.downloader: Downloading page 41 from https://i.prcdn.co/img?file=eaaj2025102600000000001001&page=41&scale=200&ticket=ALb8pkbAg6NQMxu7iUGSDaQ%3D
2026-06-28 02:35:24,716 [INFO] src.corpus_acquisition.downloader: Downloading page 42 from https://i.prcdn.co/img?file=eaaj2025102600000000001001&page=42&scale=200&ticket=AGiFg1zRpg9txBdeR%2B81Yjw%3D
2026-06-28 02:35:25,594 [INFO] src.corpus_acquisition.downloader: Downloading page 43 from https://i.prcdn.co/img?file=eaaj2025102600000000001001&page=43&scale=200&ticket=ALFcFhh3RAhu3bpMC0dEUSU%3D
2026-06-28 02:35:26,424 [INFO] src.corpus_acquisition.downloader: Downloading page 44 from https://i.prcdn.co/img?file=eaaj2025102600000000001001&page=44&scale=200&ticket=AH3PPjGJatqRjEYzJI6y93g%3D
2026-06-28 02:35:26,948 [INFO] src.corpus_acquisition.downloader: Downloading page 45 from https://i.prcdn.co/img?file=eaaj2025102600000000001001&page=45&scale=200&ticket=ALZPFTpBNxSS3igKGrAfsPc%3D
2026-06-28 02:35:27,742 [INFO] src.corpus_acquisition.downloader: Downloading page 46 from https://i.prcdn.co/img?file=eaaj2025102600000000001001&page=46&scale=200&ticket=AFyDrOAECqHFXWjaN6cNugo%3D
2026-06-28 02:35:28,546 [INFO] src.corpus_acquisition.downloader: Downloading page 47 from https://i.prcdn.co/img?file=eaaj2025102600000000001001&page=47&scale=200&ticket=AMep6MJmXIVmARgIxMDgLfg%3D
2026-06-28 02:35:29,299 [INFO] src.corpus_acquisition.downloader: Downloading page 48 from https://i.prcdn.co/img?file=eaaj2025102600000000001001&page=48&scale=200&ticket=ADzG7HVeeIiTdRam9O72ML8%3D
2026-06-28 02:35:30,335 [INFO] src.corpus_acquisition.metadata_extractor: Saved metadata for 48 page(s) -> data/raw/metadata/raw_metadata.parquet (total rows: 17388)
2026-06-28 02:35:30,338 [INFO] src.corpus_acquisition.metadata_extractor: Saved crawl log -> data/raw/crawl_logs/elcomercio_2025-10-26.json (status=success)
2026-06-28 02:35:36,020 [INFO] src.corpus_acquisition.downloader: Opening archive for elcomercio on 2025-10-27
2026-06-28 02:35:42,412 [INFO] src.corpus_acquisition.downloader: Collected 7 / 60 pages
2026-06-28 02:35:46,588 [INFO] src.corpus_acquisition.downloader: Collected 9 / 60 pages
2026-06-28 02:35:48,682 [INFO] src.corpus_acquisition.downloader: Collected 10 / 60 pages
2026-06-28 02:35:50,777 [INFO] src.corpus_acquisition.downloader: Collected 13 / 60 pages
2026-06-28 02:35:52,858 [INFO] src.corpus_acquisition.downloader: Collected 15 / 60 pages
2026-06-28 02:35:54,962 [INFO] src.corpus_acquisition.downloader: Collected 17 / 60 pages
2026-06-28 02:35:57,046 [INFO] src.corpus_acquisition.downloader: Collected 19 / 60 pages
2026-06-28 02:35:59,139 [INFO] src.corpus_acquisition.downloader: Collected 21 / 60 pages
2026-06-28 02:36:01,237 [INFO] src.corpus_acquisition.downloader: Collected 23 / 60 pages
2026-06-28 02:36:03,337 [INFO] src.corpus_acquisition.downloader: Collected 25 / 60 pages
2026-06-28 02:36:05,429 [INFO] src.corpus_acquisition.downloader: Collected 27 / 60 pages
2026-06-28 02:36:07,525 [INFO] src.corpus_acquisition.downloader: Collected 28 / 60 pages
2026-06-28 02:36:09,611 [INFO] src.corpus_acquisition.downloader: Collected 31 / 60 pages
2026-06-28 02:36:11,694 [INFO] src.corpus_acquisition.downloader: Collected 32 / 60 pages
2026-06-28 02:36:17,976 [WARNING] src.corpus_acquisition.downloader: No new pages found after 3 attempts; stopping with 32 page(s).
2026-06-28 02:36:17,989 [INFO] src.corpus_acquisition.downloader: Downloading page 1 from https://t.prcdn.co/img?file=eaaj2025102700000000001001&page=1&scale=200
2026-06-28 02:36:18,032 [INFO] src.corpus_acquisition.downloader: Downloading page 2 from https://i.prcdn.co/img?file=eaaj2025102700000000001001&page=2&scale=200&ticket=AAkFTVRttThjrwnCQv0X%2FB0%3D
2026-06-28 02:36:18,964 [INFO] src.corpus_acquisition.downloader: Downloading page 3 from https://i.prcdn.co/img?file=eaaj2025102700000000001001&page=3&scale=200&ticket=AJ59bn03f1Fc67QsVSy906c%3D
2026-06-28 02:36:20,034 [INFO] src.corpus_acquisition.downloader: Downloading page 4 from https://i.prcdn.co/img?file=eaaj2025102700000000001001&page=4&scale=200&ticket=AH%2FcCXUwlSR7P8zEoP9Y3Qk%3D
2026-06-28 02:36:20,380 [INFO] src.corpus_acquisition.downloader: Downloading page 5 from https://i.prcdn.co/img?file=eaaj2025102700000000001001&page=5&scale=200&ticket=AC69MnItBF9RLTpIgqqFU7g%3D
2026-06-28 02:36:21,054 [INFO] src.corpus_acquisition.downloader: Downloading page 6 from https://i.prcdn.co/img?file=eaaj2025102700000000001001&page=6&scale=200&ticket=AJy2b73BUJq8J7OujwG7Vp4%3D
2026-06-28 02:36:21,201 [INFO] src.corpus_acquisition.downloader: Downloading page 7 from https://i.prcdn.co/img?file=eaaj2025102700000000001001&page=7&scale=200&ticket=AE8poFgL7NaxCaiNgY0jvM8%3D
2026-06-28 02:36:23,209 [INFO] src.corpus_acquisition.downloader: Downloading page 8 from https://i.prcdn.co/img?file=eaaj2025102700000000001001&page=8&scale=200&ticket=AKMrrBXdpsLuddulHIhHE%2B4%3D
2026-06-28 02:36:24,655 [INFO] src.corpus_acquisition.downloader: Downloading page 9 from https://i.prcdn.co/img?file=eaaj2025102700000000001001&page=9&scale=200&ticket=AP%2BbAFrhwC8R8ezVR0bh%2F6A%3D
2026-06-28 02:36:26,106 [INFO] src.corpus_acquisition.downloader: Downloading page 10 from https://i.prcdn.co/img?file=eaaj2025102700000000001001&page=10&scale=200&ticket=APcAJKkTaoJjCEyxExHPb4A%3D
2026-06-28 02:36:27,265 [INFO] src.corpus_acquisition.downloader: Downloading page 11 from https://i.prcdn.co/img?file=eaaj2025102700000000001001&page=11&scale=200&ticket=AG3Sw5uZaCFY5YzUUNQU5gk%3D
2026-06-28 02:36:27,390 [INFO] src.corpus_acquisition.downloader: Downloading page 12 from https://i.prcdn.co/img?file=eaaj2025102700000000001001&page=12&scale=200&ticket=ANC4Rz%2BDeIAx1GTdzTOgVhg%3D
2026-06-28 02:36:28,214 [INFO] src.corpus_acquisition.downloader: Downloading page 13 from https://i.prcdn.co/img?file=eaaj2025102700000000001001&page=13&scale=200&ticket=AIT6%2Fd9LWoMo%2BBi4nbpOYrs%3D
2026-06-28 02:36:29,664 [INFO] src.corpus_acquisition.downloader: Downloading page 14 from https://i.prcdn.co/img?file=eaaj2025102700000000001001&page=14&scale=200&ticket=ALipyFuUJk1mT2PEO6mWHpY%3D
2026-06-28 02:36:29,726 [INFO] src.corpus_acquisition.downloader: Downloading page 15 from https://i.prcdn.co/img?file=eaaj2025102700000000001001&page=15&scale=200&ticket=AJga8D8ZTi9Ik3FmpP6ATAs%3D
2026-06-28 02:36:30,779 [INFO] src.corpus_acquisition.downloader: Downloading page 16 from https://i.prcdn.co/img?file=eaaj2025102700000000001001&page=16&scale=200&ticket=AEy92RQIYVJt8RlJi%2F4x2yw%3D
2026-06-28 02:36:32,503 [INFO] src.corpus_acquisition.downloader: Downloading page 17 from https://i.prcdn.co/img?file=eaaj2025102700000000001001&page=17&scale=200&ticket=ALVEnMqiZ7mMtbbdsqNRTOQ%3D
2026-06-28 02:36:32,559 [INFO] src.corpus_acquisition.downloader: Downloading page 18 from https://i.prcdn.co/img?file=eaaj2025102700000000001001&page=18&scale=200&ticket=AFM9%2BUt2EH4L6j3CIro3ot0%3D
2026-06-28 02:36:32,698 [INFO] src.corpus_acquisition.downloader: Downloading page 19 from https://i.prcdn.co/img?file=eaaj2025102700000000001001&page=19&scale=200&ticket=AONN67LbASlMRvHtXrgE%2BpM%3D
2026-06-28 02:36:33,274 [INFO] src.corpus_acquisition.downloader: Downloading page 20 from https://i.prcdn.co/img?file=eaaj2025102700000000001001&page=20&scale=200&ticket=AMqICEWkaeHOf2ghMP3oIYk%3D
2026-06-28 02:36:33,733 [INFO] src.corpus_acquisition.downloader: Downloading page 21 from https://i.prcdn.co/img?file=eaaj2025102700000000001001&page=21&scale=200&ticket=AOSChxMCao73YN1Oly36Lu8%3D
2026-06-28 02:36:35,082 [INFO] src.corpus_acquisition.downloader: Downloading page 22 from https://i.prcdn.co/img?file=eaaj2025102700000000001001&page=22&scale=200&ticket=AD7z%2BeS2T%2FuffmWEhv0BqJ0%3D
2026-06-28 02:36:36,062 [INFO] src.corpus_acquisition.downloader: Downloading page 23 from https://i.prcdn.co/img?file=eaaj2025102700000000001001&page=23&scale=200&ticket=ACEDWodK8e732Vr4kqowjss%3D
2026-06-28 02:36:36,663 [INFO] src.corpus_acquisition.downloader: Downloading page 24 from https://i.prcdn.co/img?file=eaaj2025102700000000001001&page=24&scale=200&ticket=AMoZWxnpvqcYbYuIICwzBm4%3D
2026-06-28 02:36:37,639 [INFO] src.corpus_acquisition.downloader: Downloading page 25 from https://i.prcdn.co/img?file=eaaj2025102700000000001001&page=25&scale=200&ticket=AB6ALij3TAIIrTWvpR2iqaE%3D
2026-06-28 02:36:38,426 [INFO] src.corpus_acquisition.downloader: Downloading page 26 from https://i.prcdn.co/img?file=eaaj2025102700000000001001&page=26&scale=200&ticket=AFYdKUqNPvtbTd0B5I0DQWc%3D
2026-06-28 02:36:39,209 [INFO] src.corpus_acquisition.downloader: Downloading page 27 from https://i.prcdn.co/img?file=eaaj2025102700000000001001&page=27&scale=200&ticket=AE3x%2BeGTvJELk7GefYIMhuM%3D
2026-06-28 02:36:39,932 [INFO] src.corpus_acquisition.downloader: Downloading page 28 from https://i.prcdn.co/img?file=eaaj2025102700000000001001&page=28&scale=200&ticket=APAPyL9omm2TMFHTBLp6SCM%3D
2026-06-28 02:36:40,586 [INFO] src.corpus_acquisition.downloader: Downloading page 29 from https://i.prcdn.co/img?file=eaaj2025102700000000001001&page=29&scale=200&ticket=AFldoBJfXphfdQOzUIx9sZU%3D
2026-06-28 02:36:41,080 [INFO] src.corpus_acquisition.downloader: Downloading page 30 from https://i.prcdn.co/img?file=eaaj2025102700000000001001&page=30&scale=200&ticket=ADjmK%2B6o2xFPVb%2FvMuMq9KA%3D
2026-06-28 02:36:42,156 [INFO] src.corpus_acquisition.downloader: Downloading page 31 from https://i.prcdn.co/img?file=eaaj2025102700000000001001&page=31&scale=200&ticket=ABYO1AFRS3HoXH101uKcc1Q%3D
2026-06-28 02:36:42,889 [INFO] src.corpus_acquisition.downloader: Downloading page 32 from https://i.prcdn.co/img?file=eaaj2025102700000000001001&page=32&scale=200&ticket=AFT4gIDHn2ZKUTz%2F4JG%2F2LI%3D
2026-06-28 02:36:43,772 [INFO] src.corpus_acquisition.metadata_extractor: Saved metadata for 32 page(s) -> data/raw/metadata/raw_metadata.parquet (total rows: 17420)
2026-06-28 02:36:43,774 [INFO] src.corpus_acquisition.metadata_extractor: Saved crawl log -> data/raw/crawl_logs/elcomercio_2025-10-27.json (status=success)
2026-06-28 02:36:48,940 [INFO] src.corpus_acquisition.downloader: Opening archive for elcomercio on 2025-10-28
2026-06-28 02:36:55,221 [INFO] src.corpus_acquisition.downloader: Collected 7 / 60 pages
2026-06-28 02:36:59,384 [INFO] src.corpus_acquisition.downloader: Collected 9 / 60 pages
2026-06-28 02:37:01,476 [INFO] src.corpus_acquisition.downloader: Collected 10 / 60 pages
2026-06-28 02:37:03,581 [INFO] src.corpus_acquisition.downloader: Collected 12 / 60 pages
2026-06-28 02:37:05,787 [INFO] src.corpus_acquisition.downloader: Collected 15 / 60 pages
2026-06-28 02:37:07,877 [INFO] src.corpus_acquisition.downloader: Collected 17 / 60 pages
2026-06-28 02:37:09,975 [INFO] src.corpus_acquisition.downloader: Collected 19 / 60 pages
2026-06-28 02:37:12,056 [INFO] src.corpus_acquisition.downloader: Collected 20 / 60 pages
2026-06-28 02:37:18,409 [WARNING] src.corpus_acquisition.downloader: No new pages found after 3 attempts; stopping with 20 page(s).
2026-06-28 02:37:18,434 [INFO] src.corpus_acquisition.downloader: Downloading page 1 from https://t.prcdn.co/img?file=eaaj2025102800000000001001&page=1&scale=200
2026-06-28 02:37:18,508 [INFO] src.corpus_acquisition.downloader: Downloading page 2 from https://i.prcdn.co/img?file=eaaj2025102800000000001001&page=2&scale=200&ticket=AHWE9AF7zfxzVsGLFhhQ1%2BM%3D
2026-06-28 02:37:18,574 [INFO] src.corpus_acquisition.downloader: Downloading page 3 from https://i.prcdn.co/img?file=eaaj2025102800000000001001&page=3&scale=200&ticket=ADM4tHNq6T1r5Jr7VXvhgFE%3D
2026-06-28 02:37:19,260 [INFO] src.corpus_acquisition.downloader: Downloading page 4 from https://i.prcdn.co/img?file=eaaj2025102800000000001001&page=4&scale=200&ticket=AMNs7yiTPq1kEILFsBVUON8%3D
2026-06-28 02:37:19,346 [INFO] src.corpus_acquisition.downloader: Downloading page 5 from https://i.prcdn.co/img?file=eaaj2025102800000000001001&page=5&scale=200&ticket=AH6ctWL6jcZnQJKELwsRZaE%3D
2026-06-28 02:37:19,488 [INFO] src.corpus_acquisition.downloader: Downloading page 6 from https://i.prcdn.co/img?file=eaaj2025102800000000001001&page=6&scale=200&ticket=AI4HFKClHoitH5q2xLfhFYM%3D
2026-06-28 02:37:19,552 [INFO] src.corpus_acquisition.downloader: Downloading page 7 from https://i.prcdn.co/img?file=eaaj2025102800000000001001&page=7&scale=200&ticket=AGGFQCs1n0IWn26G6Opy0fk%3D
2026-06-28 02:37:19,597 [INFO] src.corpus_acquisition.downloader: Downloading page 8 from https://i.prcdn.co/img?file=eaaj2025102800000000001001&page=8&scale=200&ticket=AES6c%2BFTxm33Umy9BeUMj%2BA%3D
2026-06-28 02:37:19,639 [INFO] src.corpus_acquisition.downloader: Downloading page 9 from https://i.prcdn.co/img?file=eaaj2025102800000000001001&page=9&scale=200&ticket=AJ05X6NK7BIAqBj7mCiMBSE%3D
2026-06-28 02:37:19,675 [INFO] src.corpus_acquisition.downloader: Downloading page 10 from https://i.prcdn.co/img?file=eaaj2025102800000000001001&page=10&scale=200&ticket=AM3pt0FuSgAx1f4%2FXEtoLrQ%3D
2026-06-28 02:37:19,714 [INFO] src.corpus_acquisition.downloader: Downloading page 11 from https://i.prcdn.co/img?file=eaaj2025102800000000001001&page=11&scale=200&ticket=AHfJQSBTTZr9wxJkXzxk9%2Bw%3D
2026-06-28 02:37:21,415 [INFO] src.corpus_acquisition.downloader: Downloading page 12 from https://i.prcdn.co/img?file=eaaj2025102800000000001001&page=12&scale=200&ticket=ALQg1EQlWH1Y7mCneWOhvAA%3D
2026-06-28 02:37:22,195 [INFO] src.corpus_acquisition.downloader: Downloading page 13 from https://i.prcdn.co/img?file=eaaj2025102800000000001001&page=13&scale=200&ticket=AOnfKSxKnfizw7TQyEHtAbc%3D
2026-06-28 02:37:22,284 [INFO] src.corpus_acquisition.downloader: Downloading page 14 from https://i.prcdn.co/img?file=eaaj2025102800000000001001&page=14&scale=200&ticket=AKQi58M1lv28NYFY1LHtUXo%3D
2026-06-28 02:37:22,334 [INFO] src.corpus_acquisition.downloader: Downloading page 15 from https://i.prcdn.co/img?file=eaaj2025102800000000001001&page=15&scale=200&ticket=ACjlWEFizlyWQ2AsqSFMrAw%3D
2026-06-28 02:37:22,380 [INFO] src.corpus_acquisition.downloader: Downloading page 16 from https://i.prcdn.co/img?file=eaaj2025102800000000001001&page=16&scale=200&ticket=AEg86nN3V4y6zR6qEWXPz9k%3D
2026-06-28 02:37:23,175 [INFO] src.corpus_acquisition.downloader: Downloading page 17 from https://i.prcdn.co/img?file=eaaj2025102800000000001001&page=17&scale=200&ticket=ADTI%2FYI3YAlIExR1XlZHToA%3D
2026-06-28 02:37:23,760 [INFO] src.corpus_acquisition.downloader: Downloading page 18 from https://i.prcdn.co/img?file=eaaj2025102800000000001001&page=18&scale=200&ticket=ALtlnyeWHQNVVuOzIJbuiHE%3D
2026-06-28 02:37:24,407 [INFO] src.corpus_acquisition.downloader: Downloading page 19 from https://i.prcdn.co/img?file=eaaj2025102800000000001001&page=19&scale=200&ticket=AIEigSEiGqJBlqo6ALAUCWY%3D
2026-06-28 02:37:25,757 [INFO] src.corpus_acquisition.downloader: Downloading page 20 from https://i.prcdn.co/img?file=eaaj2025102800000000001001&page=20&scale=200&ticket=AEVI56Ddr3JyBsXjVCL2pwo%3D
2026-06-28 02:37:26,102 [INFO] src.corpus_acquisition.metadata_extractor: Saved metadata for 20 page(s) -> data/raw/metadata/raw_metadata.parquet (total rows: 17440)
2026-06-28 02:37:26,179 [INFO] src.corpus_acquisition.metadata_extractor: Saved crawl log -> data/raw/crawl_logs/elcomercio_2025-10-28.json (status=success)
2026-06-28 02:37:31,971 [INFO] src.corpus_acquisition.downloader: Opening archive for elcomercio on 2025-10-29
2026-06-28 02:37:37,856 [INFO] src.corpus_acquisition.downloader: Collected 7 / 60 pages
2026-06-28 02:37:42,014 [INFO] src.corpus_acquisition.downloader: Collected 9 / 60 pages
2026-06-28 02:37:44,121 [INFO] src.corpus_acquisition.downloader: Collected 11 / 60 pages
2026-06-28 02:37:46,202 [INFO] src.corpus_acquisition.downloader: Collected 12 / 60 pages
2026-06-28 02:37:48,381 [INFO] src.corpus_acquisition.downloader: Collected 15 / 60 pages
2026-06-28 02:37:50,473 [INFO] src.corpus_acquisition.downloader: Collected 17 / 60 pages
2026-06-28 02:37:52,555 [INFO] src.corpus_acquisition.downloader: Collected 19 / 60 pages
2026-06-28 02:37:54,639 [INFO] src.corpus_acquisition.downloader: Collected 20 / 60 pages
2026-06-28 02:38:00,924 [WARNING] src.corpus_acquisition.downloader: No new pages found after 3 attempts; stopping with 20 page(s).
2026-06-28 02:38:00,936 [INFO] src.corpus_acquisition.downloader: Downloading page 1 from https://t.prcdn.co/img?file=eaaj2025102900000000001001&page=1&scale=200
2026-06-28 02:38:01,637 [INFO] src.corpus_acquisition.downloader: Downloading page 2 from https://i.prcdn.co/img?file=eaaj2025102900000000001001&page=2&scale=200&ticket=ANijQujaxdiQUdES07wl7qk%3D
2026-06-28 02:38:01,679 [INFO] src.corpus_acquisition.downloader: Downloading page 3 from https://i.prcdn.co/img?file=eaaj2025102900000000001001&page=3&scale=200&ticket=ANUG8LK4ouhUR6eFfqxE4dA%3D
2026-06-28 02:38:02,594 [INFO] src.corpus_acquisition.downloader: Downloading page 4 from https://i.prcdn.co/img?file=eaaj2025102900000000001001&page=4&scale=200&ticket=AAzSQT4OnLvKZumt4ytoheE%3D
2026-06-28 02:38:02,719 [INFO] src.corpus_acquisition.downloader: Downloading page 5 from https://i.prcdn.co/img?file=eaaj2025102900000000001001&page=5&scale=200&ticket=AB93%2Bu1X7BEWHeR5409KT1Y%3D
2026-06-28 02:38:03,555 [INFO] src.corpus_acquisition.downloader: Downloading page 6 from https://i.prcdn.co/img?file=eaaj2025102900000000001001&page=6&scale=200&ticket=AMssplR2ZbEUSw6VhpjVm4s%3D
2026-06-28 02:38:04,391 [INFO] src.corpus_acquisition.downloader: Downloading page 7 from https://i.prcdn.co/img?file=eaaj2025102900000000001001&page=7&scale=200&ticket=ANGacPXptqeYeW0qaetC3n4%3D
2026-06-28 02:38:04,446 [INFO] src.corpus_acquisition.downloader: Downloading page 8 from https://i.prcdn.co/img?file=eaaj2025102900000000001001&page=8&scale=200&ticket=AE%2FH%2BUtYnVnF694O8thlWQs%3D
2026-06-28 02:38:04,510 [INFO] src.corpus_acquisition.downloader: Downloading page 9 from https://i.prcdn.co/img?file=eaaj2025102900000000001001&page=9&scale=200&ticket=ALPdopWstBd4ORFLFuum0S4%3D
2026-06-28 02:38:04,547 [INFO] src.corpus_acquisition.downloader: Downloading page 10 from https://i.prcdn.co/img?file=eaaj2025102900000000001001&page=10&scale=200&ticket=AJGQ7Q7ZanM0kzUyHzdLRLM%3D
2026-06-28 02:38:04,908 [INFO] src.corpus_acquisition.downloader: Downloading page 11 from https://i.prcdn.co/img?file=eaaj2025102900000000001001&page=11&scale=200&ticket=ANZDT8FTY%2Bl2dc8STo4PLGw%3D
2026-06-28 02:38:05,014 [INFO] src.corpus_acquisition.downloader: Downloading page 12 from https://i.prcdn.co/img?file=eaaj2025102900000000001001&page=12&scale=200&ticket=ABdm0fgVgFEoSgzh%2Fa9Tzus%3D
2026-06-28 02:38:05,529 [INFO] src.corpus_acquisition.downloader: Downloading page 13 from https://i.prcdn.co/img?file=eaaj2025102900000000001001&page=13&scale=200&ticket=ANKzanB658dSfqkfPGGpQ9M%3D
2026-06-28 02:38:06,848 [INFO] src.corpus_acquisition.downloader: Downloading page 14 from https://i.prcdn.co/img?file=eaaj2025102900000000001001&page=14&scale=200&ticket=AFLSGiIH2Enl0W14aW6voKU%3D
2026-06-28 02:38:07,356 [INFO] src.corpus_acquisition.downloader: Downloading page 15 from https://i.prcdn.co/img?file=eaaj2025102900000000001001&page=15&scale=200&ticket=AI3idx0yE5pbh4rYATLMw2U%3D
2026-06-28 02:38:07,396 [INFO] src.corpus_acquisition.downloader: Downloading page 16 from https://i.prcdn.co/img?file=eaaj2025102900000000001001&page=16&scale=200&ticket=ALwO3prRRaD6H42oyVEQ%2F0I%3D
2026-06-28 02:38:07,448 [INFO] src.corpus_acquisition.downloader: Downloading page 17 from https://i.prcdn.co/img?file=eaaj2025102900000000001001&page=17&scale=200&ticket=AFR3at6UGEe5l0UisGS7mH8%3D
2026-06-28 02:38:08,063 [INFO] src.corpus_acquisition.downloader: Downloading page 18 from https://i.prcdn.co/img?file=eaaj2025102900000000001001&page=18&scale=200&ticket=AEx%2Fi7x1GyU3Mq8wDutcXMA%3D
2026-06-28 02:38:08,707 [INFO] src.corpus_acquisition.downloader: Downloading page 19 from https://i.prcdn.co/img?file=eaaj2025102900000000001001&page=19&scale=200&ticket=AIMh7UcNu7Zj9TAw8g3KfzQ%3D
2026-06-28 02:38:09,580 [INFO] src.corpus_acquisition.downloader: Downloading page 20 from https://i.prcdn.co/img?file=eaaj2025102900000000001001&page=20&scale=200&ticket=AADPQ%2FoP69Le23H3oN1VysQ%3D
2026-06-28 02:38:10,116 [INFO] src.corpus_acquisition.metadata_extractor: Saved metadata for 20 page(s) -> data/raw/metadata/raw_metadata.parquet (total rows: 17460)
2026-06-28 02:38:10,118 [INFO] src.corpus_acquisition.metadata_extractor: Saved crawl log -> data/raw/crawl_logs/elcomercio_2025-10-29.json (status=success)
2026-06-28 02:38:15,018 [INFO] src.corpus_acquisition.downloader: Opening archive for elcomercio on 2025-10-30
2026-06-28 02:38:21,119 [INFO] src.corpus_acquisition.downloader: Collected 7 / 60 pages
2026-06-28 02:38:25,321 [INFO] src.corpus_acquisition.downloader: Collected 9 / 60 pages
2026-06-28 02:38:27,411 [INFO] src.corpus_acquisition.downloader: Collected 11 / 60 pages
2026-06-28 02:38:29,505 [INFO] src.corpus_acquisition.downloader: Collected 13 / 60 pages
2026-06-28 02:38:31,691 [INFO] src.corpus_acquisition.downloader: Collected 15 / 60 pages
2026-06-28 02:38:33,795 [INFO] src.corpus_acquisition.downloader: Collected 17 / 60 pages
2026-06-28 02:38:35,885 [INFO] src.corpus_acquisition.downloader: Collected 19 / 60 pages
2026-06-28 02:38:37,967 [INFO] src.corpus_acquisition.downloader: Collected 20 / 60 pages
2026-06-28 02:38:44,243 [WARNING] src.corpus_acquisition.downloader: No new pages found after 3 attempts; stopping with 20 page(s).
2026-06-28 02:38:44,261 [INFO] src.corpus_acquisition.downloader: Downloading page 1 from https://t.prcdn.co/img?file=eaaj2025103000000000001001&page=1&scale=200
2026-06-28 02:38:45,272 [INFO] src.corpus_acquisition.downloader: Downloading page 2 from https://i.prcdn.co/img?file=eaaj2025103000000000001001&page=2&scale=200&ticket=ABBwl5xnOtVUNn7INHLSBWE%3D
2026-06-28 02:38:45,852 [INFO] src.corpus_acquisition.downloader: Downloading page 3 from https://i.prcdn.co/img?file=eaaj2025103000000000001001&page=3&scale=200&ticket=APHEKDo0MLthBhjJY8jsOE0%3D
2026-06-28 02:38:46,654 [INFO] src.corpus_acquisition.downloader: Downloading page 4 from https://i.prcdn.co/img?file=eaaj2025103000000000001001&page=4&scale=200&ticket=AADhQENZWGnKUzpl6CQQuFw%3D
2026-06-28 02:38:47,305 [INFO] src.corpus_acquisition.downloader: Downloading page 5 from https://i.prcdn.co/img?file=eaaj2025103000000000001001&page=5&scale=200&ticket=APRqKXOvF1h8j%2FIoPGnXi6w%3D
2026-06-28 02:38:47,363 [INFO] src.corpus_acquisition.downloader: Downloading page 6 from https://i.prcdn.co/img?file=eaaj2025103000000000001001&page=6&scale=200&ticket=AJtGmAi3ZA4hel%2FRxo2daAc%3D
2026-06-28 02:38:47,445 [INFO] src.corpus_acquisition.downloader: Downloading page 7 from https://i.prcdn.co/img?file=eaaj2025103000000000001001&page=7&scale=200&ticket=ANF%2Fl8J8PhkaTmE%2FEB7tvTI%3D
2026-06-28 02:38:48,122 [INFO] src.corpus_acquisition.downloader: Downloading page 8 from https://i.prcdn.co/img?file=eaaj2025103000000000001001&page=8&scale=200&ticket=AHYRubfxmDKqdchTIMGtYcs%3D
2026-06-28 02:38:49,178 [INFO] src.corpus_acquisition.downloader: Downloading page 9 from https://i.prcdn.co/img?file=eaaj2025103000000000001001&page=9&scale=200&ticket=AJdWhJXoRFOtdOYoE%2FuhBLs%3D
2026-06-28 02:38:49,960 [INFO] src.corpus_acquisition.downloader: Downloading page 10 from https://i.prcdn.co/img?file=eaaj2025103000000000001001&page=10&scale=200&ticket=AOTk%2FHs1DpCayDA17Hq%2FTW0%3D
2026-06-28 02:38:50,001 [INFO] src.corpus_acquisition.downloader: Downloading page 11 from https://i.prcdn.co/img?file=eaaj2025103000000000001001&page=11&scale=200&ticket=ACE3plDGdyay3kMU4hfqAaI%3D
2026-06-28 02:38:50,145 [INFO] src.corpus_acquisition.downloader: Downloading page 12 from https://i.prcdn.co/img?file=eaaj2025103000000000001001&page=12&scale=200&ticket=ABe4Q5Bg%2B9%2FBKtmiM%2BZiINY%3D
2026-06-28 02:38:51,050 [INFO] src.corpus_acquisition.downloader: Downloading page 13 from https://i.prcdn.co/img?file=eaaj2025103000000000001001&page=13&scale=200&ticket=AA2XOS%2BJ7lK6PfkSGMlZbSY%3D
2026-06-28 02:38:51,091 [INFO] src.corpus_acquisition.downloader: Downloading page 14 from https://i.prcdn.co/img?file=eaaj2025103000000000001001&page=14&scale=200&ticket=AP19Q%2BkNX9tdMUGzNENr%2F1Q%3D
2026-06-28 02:38:51,735 [INFO] src.corpus_acquisition.downloader: Downloading page 15 from https://i.prcdn.co/img?file=eaaj2025103000000000001001&page=15&scale=200&ticket=ABDM1o4PtIHdnMILfDl%2FQhI%3D
2026-06-28 02:38:52,837 [INFO] src.corpus_acquisition.downloader: Downloading page 16 from https://i.prcdn.co/img?file=eaaj2025103000000000001001&page=16&scale=200&ticket=AFpYV1S2BtolE4XIqRb%2FhWw%3D
2026-06-28 02:38:52,877 [INFO] src.corpus_acquisition.downloader: Downloading page 17 from https://i.prcdn.co/img?file=eaaj2025103000000000001001&page=17&scale=200&ticket=AJnKRzkCtrnEWu0bY72sOIQ%3D
2026-06-28 02:38:52,917 [INFO] src.corpus_acquisition.downloader: Downloading page 18 from https://i.prcdn.co/img?file=eaaj2025103000000000001001&page=18&scale=200&ticket=ANCJMCP2uFLGSiBdci8SqrM%3D
2026-06-28 02:38:54,050 [INFO] src.corpus_acquisition.downloader: Downloading page 19 from https://i.prcdn.co/img?file=eaaj2025103000000000001001&page=19&scale=200&ticket=AEMbaGUBUR49LAJY3p2GRJE%3D
2026-06-28 02:38:54,095 [INFO] src.corpus_acquisition.downloader: Downloading page 20 from https://i.prcdn.co/img?file=eaaj2025103000000000001001&page=20&scale=200&ticket=AE%2BIPlcYByWaQSd2RApJX8Q%3D
2026-06-28 02:38:54,170 [INFO] src.corpus_acquisition.metadata_extractor: Saved metadata for 20 page(s) -> data/raw/metadata/raw_metadata.parquet (total rows: 17480)
2026-06-28 02:38:54,172 [INFO] src.corpus_acquisition.metadata_extractor: Saved crawl log -> data/raw/crawl_logs/elcomercio_2025-10-30.json (status=success)
2026-06-28 02:38:57,815 [INFO] src.corpus_acquisition.downloader: Opening archive for elcomercio on 2025-10-31
2026-06-28 02:39:03,697 [INFO] src.corpus_acquisition.downloader: Collected 7 / 60 pages
2026-06-28 02:39:07,866 [INFO] src.corpus_acquisition.downloader: Collected 9 / 60 pages
2026-06-28 02:39:09,952 [INFO] src.corpus_acquisition.downloader: Collected 11 / 60 pages
2026-06-28 02:39:12,034 [INFO] src.corpus_acquisition.downloader: Collected 13 / 60 pages
2026-06-28 02:39:14,220 [INFO] src.corpus_acquisition.downloader: Collected 15 / 60 pages
2026-06-28 02:39:16,304 [INFO] src.corpus_acquisition.downloader: Collected 17 / 60 pages
2026-06-28 02:39:18,385 [INFO] src.corpus_acquisition.downloader: Collected 19 / 60 pages
2026-06-28 02:39:20,469 [INFO] src.corpus_acquisition.downloader: Collected 20 / 60 pages
2026-06-28 02:39:26,736 [WARNING] src.corpus_acquisition.downloader: No new pages found after 3 attempts; stopping with 20 page(s).
2026-06-28 02:39:26,917 [INFO] src.corpus_acquisition.downloader: Downloading page 1 from https://t.prcdn.co/img?file=eaaj2025103100000000001001&page=1&scale=200
2026-06-28 02:39:27,576 [INFO] src.corpus_acquisition.downloader: Downloading page 2 from https://i.prcdn.co/img?file=eaaj2025103100000000001001&page=2&scale=200&ticket=AHC0rWw8VqLSfxj4O8p2rpk%3D
2026-06-28 02:39:27,618 [INFO] src.corpus_acquisition.downloader: Downloading page 3 from https://i.prcdn.co/img?file=eaaj2025103100000000001001&page=3&scale=200&ticket=ABp7kV6CQ%2BxVmIcp8p%2BDkbQ%3D
2026-06-28 02:39:27,748 [INFO] src.corpus_acquisition.downloader: Downloading page 4 from https://i.prcdn.co/img?file=eaaj2025103100000000001001&page=4&scale=200&ticket=AAuHrsUvCt8h3kB50SpW3uU%3D
2026-06-28 02:39:28,511 [INFO] src.corpus_acquisition.downloader: Downloading page 5 from https://i.prcdn.co/img?file=eaaj2025103100000000001001&page=5&scale=200&ticket=APUUpF%2FuDIcK1bsRGn1ZcRA%3D
2026-06-28 02:39:29,607 [INFO] src.corpus_acquisition.downloader: Downloading page 6 from https://i.prcdn.co/img?file=eaaj2025103100000000001001&page=6&scale=200&ticket=AEcZum9lb0HInD5ihbr0K0c%3D
2026-06-28 02:39:31,018 [INFO] src.corpus_acquisition.downloader: Downloading page 7 from https://i.prcdn.co/img?file=eaaj2025103100000000001001&page=7&scale=200&ticket=AP9S%2BO0WPzLkKQKKTk28eXs%3D
2026-06-28 02:39:31,825 [INFO] src.corpus_acquisition.downloader: Downloading page 8 from https://i.prcdn.co/img?file=eaaj2025103100000000001001&page=8&scale=200&ticket=ABT0Dj2cY%2F3x2Cf%2BzhgaDdE%3D
2026-06-28 02:39:32,662 [INFO] src.corpus_acquisition.downloader: Downloading page 9 from https://i.prcdn.co/img?file=eaaj2025103100000000001001&page=9&scale=200&ticket=AFBB4thcGnHI%2F6Q3pLZ6Zc8%3D
2026-06-28 02:39:32,796 [INFO] src.corpus_acquisition.downloader: Downloading page 10 from https://i.prcdn.co/img?file=eaaj2025103100000000001001&page=10&scale=200&ticket=AEuT8vx3fRnABwk3bAp9%2FLI%3D
2026-06-28 02:39:32,838 [INFO] src.corpus_acquisition.downloader: Downloading page 11 from https://i.prcdn.co/img?file=eaaj2025103100000000001001&page=11&scale=200&ticket=AFn50GCbwithutoB4bACsGk%3D
2026-06-28 02:39:32,882 [INFO] src.corpus_acquisition.downloader: Downloading page 12 from https://i.prcdn.co/img?file=eaaj2025103100000000001001&page=12&scale=200&ticket=ABax8RRwWNHBubxchGi0QKk%3D
2026-06-28 02:39:33,388 [INFO] src.corpus_acquisition.downloader: Downloading page 13 from https://i.prcdn.co/img?file=eaaj2025103100000000001001&page=13&scale=200&ticket=AN7Z4pA555%2B%2BT4VBEkL68NI%3D
2026-06-28 02:39:33,628 [INFO] src.corpus_acquisition.downloader: Downloading page 14 from https://i.prcdn.co/img?file=eaaj2025103100000000001001&page=14&scale=200&ticket=AML63HdCNNq9UDrd9IZfnSw%3D
2026-06-28 02:39:33,686 [INFO] src.corpus_acquisition.downloader: Downloading page 15 from https://i.prcdn.co/img?file=eaaj2025103100000000001001&page=15&scale=200&ticket=AJsGuYBI5qUfYnuzd%2B%2FPWJI%3D
2026-06-28 02:39:33,725 [INFO] src.corpus_acquisition.downloader: Downloading page 16 from https://i.prcdn.co/img?file=eaaj2025103100000000001001&page=16&scale=200&ticket=AClDqddT%2FnusgEm0Jinmcow%3D
2026-06-28 02:39:34,319 [INFO] src.corpus_acquisition.downloader: Downloading page 17 from https://i.prcdn.co/img?file=eaaj2025103100000000001001&page=17&scale=200&ticket=AKckvgYXUR7SmyFmwx7DAJs%3D
2026-06-28 02:39:35,174 [INFO] src.corpus_acquisition.downloader: Downloading page 18 from https://i.prcdn.co/img?file=eaaj2025103100000000001001&page=18&scale=200&ticket=AHoVawsu%2B5xKvhcKu5dQdXY%3D
2026-06-28 02:39:35,776 [INFO] src.corpus_acquisition.downloader: Downloading page 19 from https://i.prcdn.co/img?file=eaaj2025103100000000001001&page=19&scale=200&ticket=AIyDXB6Cbhv63b24LA7tYz8%3D
2026-06-28 02:39:36,400 [INFO] src.corpus_acquisition.downloader: Downloading page 20 from https://i.prcdn.co/img?file=eaaj2025103100000000001001&page=20&scale=200&ticket=ALII1omN8EmOLF%2BXicUjRmI%3D
2026-06-28 02:39:36,558 [INFO] src.corpus_acquisition.metadata_extractor: Saved metadata for 20 page(s) -> data/raw/metadata/raw_metadata.parquet (total rows: 17500)
2026-06-28 02:39:36,560 [INFO] src.corpus_acquisition.metadata_extractor: Saved crawl log -> data/raw/crawl_logs/elcomercio_2025-10-31.json (status=success)
2026-06-28 02:39:43,310 [INFO] src.corpus_acquisition.downloader: Opening archive for elcomercio on 2025-11-01
2026-06-28 02:39:49,192 [INFO] src.corpus_acquisition.downloader: Collected 7 / 60 pages
2026-06-28 02:39:53,360 [INFO] src.corpus_acquisition.downloader: Collected 9 / 60 pages
2026-06-28 02:39:55,446 [INFO] src.corpus_acquisition.downloader: Collected 11 / 60 pages
2026-06-28 02:39:57,533 [INFO] src.corpus_acquisition.downloader: Collected 13 / 60 pages
2026-06-28 02:39:59,617 [INFO] src.corpus_acquisition.downloader: Collected 15 / 60 pages
2026-06-28 02:40:01,703 [INFO] src.corpus_acquisition.downloader: Collected 17 / 60 pages
2026-06-28 02:40:03,802 [INFO] src.corpus_acquisition.downloader: Collected 19 / 60 pages
2026-06-28 02:40:05,882 [INFO] src.corpus_acquisition.downloader: Collected 21 / 60 pages
2026-06-28 02:40:07,965 [INFO] src.corpus_acquisition.downloader: Collected 23 / 60 pages
2026-06-28 02:40:10,053 [INFO] src.corpus_acquisition.downloader: Collected 24 / 60 pages
2026-06-28 02:40:16,355 [WARNING] src.corpus_acquisition.downloader: No new pages found after 3 attempts; stopping with 24 page(s).
2026-06-28 02:40:16,371 [INFO] src.corpus_acquisition.downloader: Downloading page 1 from https://t.prcdn.co/img?file=eaaj2025110100000000001001&page=1&scale=200
2026-06-28 02:40:16,988 [INFO] src.corpus_acquisition.downloader: Downloading page 2 from https://i.prcdn.co/img?file=eaaj2025110100000000001001&page=2&scale=200&ticket=AHHzPnSTH9vG%2FQSDxouGyM4%3D
2026-06-28 02:40:17,760 [INFO] src.corpus_acquisition.downloader: Downloading page 3 from https://i.prcdn.co/img?file=eaaj2025110100000000001001&page=3&scale=200&ticket=AK%2F%2BQvoEFwiiQXu7psg%2Bsic%3D
2026-06-28 02:40:17,822 [INFO] src.corpus_acquisition.downloader: Downloading page 4 from https://i.prcdn.co/img?file=eaaj2025110100000000001001&page=4&scale=200&ticket=APDVpiKU8vfLxqVNpb4%2F%2Bzs%3D
2026-06-28 02:40:18,502 [INFO] src.corpus_acquisition.downloader: Downloading page 5 from https://i.prcdn.co/img?file=eaaj2025110100000000001001&page=5&scale=200&ticket=ANZxD12qpGjo9URcJfO7TQ8%3D
2026-06-28 02:40:19,285 [INFO] src.corpus_acquisition.downloader: Downloading page 6 from https://i.prcdn.co/img?file=eaaj2025110100000000001001&page=6&scale=200&ticket=ACOaUU2SynNybb8I%2B8U3s6Y%3D
2026-06-28 02:40:20,279 [INFO] src.corpus_acquisition.downloader: Downloading page 7 from https://i.prcdn.co/img?file=eaaj2025110100000000001001&page=7&scale=200&ticket=AFa8aWfWJQu0CgPw7vhfwQI%3D
2026-06-28 02:40:20,332 [INFO] src.corpus_acquisition.downloader: Downloading page 8 from https://i.prcdn.co/img?file=eaaj2025110100000000001001&page=8&scale=200&ticket=ADNa8PXwlgjrHBbRbfOaq5Q%3D
2026-06-28 02:40:21,262 [INFO] src.corpus_acquisition.downloader: Downloading page 9 from https://i.prcdn.co/img?file=eaaj2025110100000000001001&page=9&scale=200&ticket=AN9rj7Fs4l3D%2FixIRsAuFmw%3D
2026-06-28 02:40:21,307 [INFO] src.corpus_acquisition.downloader: Downloading page 10 from https://i.prcdn.co/img?file=eaaj2025110100000000001001&page=10&scale=200&ticket=APBixt8hCFWAc4ryK4KSdww%3D
2026-06-28 02:40:22,337 [INFO] src.corpus_acquisition.downloader: Downloading page 11 from https://i.prcdn.co/img?file=eaaj2025110100000000001001&page=11&scale=200&ticket=AL6jZONprGLbyG972GgOIBk%3D
2026-06-28 02:40:23,450 [INFO] src.corpus_acquisition.downloader: Downloading page 12 from https://i.prcdn.co/img?file=eaaj2025110100000000001001&page=12&scale=200&ticket=AKGcCfEzTF6ITNhhOdxAtLE%3D
2026-06-28 02:40:25,357 [INFO] src.corpus_acquisition.downloader: Downloading page 13 from https://i.prcdn.co/img?file=eaaj2025110100000000001001&page=13&scale=200&ticket=AAbvNp99yEPo9dNq8ERPZCY%3D
2026-06-28 02:40:25,400 [INFO] src.corpus_acquisition.downloader: Downloading page 14 from https://i.prcdn.co/img?file=eaaj2025110100000000001001&page=14&scale=200&ticket=APey5adPmvTtvbvL1eknBno%3D
2026-06-28 02:40:26,035 [INFO] src.corpus_acquisition.downloader: Downloading page 15 from https://i.prcdn.co/img?file=eaaj2025110100000000001001&page=15&scale=200&ticket=AFQrCmonMI6HtR0YMGSOjhQ%3D
2026-06-28 02:40:26,579 [INFO] src.corpus_acquisition.downloader: Downloading page 16 from https://i.prcdn.co/img?file=eaaj2025110100000000001001&page=16&scale=200&ticket=AMgUlslcul7smgtnV3CP7gA%3D
2026-06-28 02:40:27,553 [INFO] src.corpus_acquisition.downloader: Downloading page 17 from https://i.prcdn.co/img?file=eaaj2025110100000000001001&page=17&scale=200&ticket=AML1QzrQuw%2BJeuCjbhsuQ7c%3D
2026-06-28 02:40:28,266 [INFO] src.corpus_acquisition.downloader: Downloading page 18 from https://i.prcdn.co/img?file=eaaj2025110100000000001001&page=18&scale=200&ticket=AGLmptchNzQOLc3GGoDIzDw%3D
2026-06-28 02:40:28,393 [INFO] src.corpus_acquisition.downloader: Downloading page 19 from https://i.prcdn.co/img?file=eaaj2025110100000000001001&page=19&scale=200&ticket=AKfvLg1nN%2FRVGnLHwTaiUMk%3D
2026-06-28 02:40:29,457 [INFO] src.corpus_acquisition.downloader: Downloading page 20 from https://i.prcdn.co/img?file=eaaj2025110100000000001001&page=20&scale=200&ticket=APUef%2FU112O7V0Q85au%2FaBo%3D
2026-06-28 02:40:30,190 [INFO] src.corpus_acquisition.downloader: Downloading page 21 from https://i.prcdn.co/img?file=eaaj2025110100000000001001&page=21&scale=200&ticket=AFK5QRLjWjsMsVjBAC1SVqo%3D
2026-06-28 02:40:30,250 [INFO] src.corpus_acquisition.downloader: Downloading page 22 from https://i.prcdn.co/img?file=eaaj2025110100000000001001&page=22&scale=200&ticket=AOTxkwOdJ%2B0GTkKR6ay7aTo%3D
2026-06-28 02:40:30,977 [INFO] src.corpus_acquisition.downloader: Downloading page 23 from https://i.prcdn.co/img?file=eaaj2025110100000000001001&page=23&scale=200&ticket=AMFSGnOThUlE9%2BoqH0fRhfI%3D
2026-06-28 02:40:31,627 [INFO] src.corpus_acquisition.downloader: Downloading page 24 from https://i.prcdn.co/img?file=eaaj2025110100000000001001&page=24&scale=200&ticket=ALJGxr5G40%2FX9LlKL3tWwlM%3D
2026-06-28 02:40:32,220 [INFO] src.corpus_acquisition.metadata_extractor: Saved metadata for 24 page(s) -> data/raw/metadata/raw_metadata.parquet (total rows: 17524)
2026-06-28 02:40:32,223 [INFO] src.corpus_acquisition.metadata_extractor: Saved crawl log -> data/raw/crawl_logs/elcomercio_2025-11-01.json (status=success)
2026-06-28 02:40:37,035 [INFO] src.corpus_acquisition.downloader: Opening archive for elcomercio on 2025-11-02
2026-06-28 02:40:42,902 [INFO] src.corpus_acquisition.downloader: Collected 7 / 60 pages
2026-06-28 02:40:47,077 [INFO] src.corpus_acquisition.downloader: Collected 9 / 60 pages
2026-06-28 02:40:49,170 [INFO] src.corpus_acquisition.downloader: Collected 11 / 60 pages
2026-06-28 02:40:51,261 [INFO] src.corpus_acquisition.downloader: Collected 13 / 60 pages
2026-06-28 02:40:53,445 [INFO] src.corpus_acquisition.downloader: Collected 15 / 60 pages
2026-06-28 02:40:55,532 [INFO] src.corpus_acquisition.downloader: Collected 17 / 60 pages
2026-06-28 02:40:57,611 [INFO] src.corpus_acquisition.downloader: Collected 19 / 60 pages
2026-06-28 02:40:59,702 [INFO] src.corpus_acquisition.downloader: Collected 21 / 60 pages
2026-06-28 02:41:01,800 [INFO] src.corpus_acquisition.downloader: Collected 23 / 60 pages
2026-06-28 02:41:03,898 [INFO] src.corpus_acquisition.downloader: Collected 25 / 60 pages
2026-06-28 02:41:06,105 [INFO] src.corpus_acquisition.downloader: Collected 27 / 60 pages
2026-06-28 02:41:08,200 [INFO] src.corpus_acquisition.downloader: Collected 29 / 60 pages
2026-06-28 02:41:10,296 [INFO] src.corpus_acquisition.downloader: Collected 31 / 60 pages
2026-06-28 02:41:12,381 [INFO] src.corpus_acquisition.downloader: Collected 33 / 60 pages
2026-06-28 02:41:14,463 [INFO] src.corpus_acquisition.downloader: Collected 35 / 60 pages
2026-06-28 02:41:16,547 [INFO] src.corpus_acquisition.downloader: Collected 37 / 60 pages
2026-06-28 02:41:18,631 [INFO] src.corpus_acquisition.downloader: Collected 39 / 60 pages
2026-06-28 02:41:20,714 [INFO] src.corpus_acquisition.downloader: Collected 41 / 60 pages
2026-06-28 02:41:22,795 [INFO] src.corpus_acquisition.downloader: Collected 43 / 60 pages
2026-06-28 02:41:24,888 [INFO] src.corpus_acquisition.downloader: Collected 45 / 60 pages
2026-06-28 02:41:26,990 [INFO] src.corpus_acquisition.downloader: Collected 47 / 60 pages
2026-06-28 02:41:29,087 [INFO] src.corpus_acquisition.downloader: Collected 48 / 60 pages
2026-06-28 02:41:35,383 [WARNING] src.corpus_acquisition.downloader: No new pages found after 3 attempts; stopping with 48 page(s).
2026-06-28 02:41:35,402 [INFO] src.corpus_acquisition.downloader: Downloading page 1 from https://t.prcdn.co/img?file=eaaj2025110200000000001001&page=1&scale=200
2026-06-28 02:41:35,955 [INFO] src.corpus_acquisition.downloader: Downloading page 2 from https://i.prcdn.co/img?file=eaaj2025110200000000001001&page=2&scale=200&ticket=AIDhVI5YpOmJhHYnI8ElUcQ%3D
2026-06-28 02:41:37,251 [INFO] src.corpus_acquisition.downloader: Downloading page 3 from https://i.prcdn.co/img?file=eaaj2025110200000000001001&page=3&scale=200&ticket=ANjr6cOz2G4iLGPdXFTxAGU%3D
2026-06-28 02:41:37,294 [INFO] src.corpus_acquisition.downloader: Downloading page 4 from https://i.prcdn.co/img?file=eaaj2025110200000000001001&page=4&scale=200&ticket=AH5gs%2FiRhwaE9%2BEOem3UPX4%3D
2026-06-28 02:41:37,913 [INFO] src.corpus_acquisition.downloader: Downloading page 5 from https://i.prcdn.co/img?file=eaaj2025110200000000001001&page=5&scale=200&ticket=AA0BGdozkHqX0Xn%2BIdEZiCc%3D
2026-06-28 02:41:38,740 [INFO] src.corpus_acquisition.downloader: Downloading page 6 from https://i.prcdn.co/img?file=eaaj2025110200000000001001&page=6&scale=200&ticket=APx0QZOW7A066AijsE%2BPTg8%3D
2026-06-28 02:41:38,790 [INFO] src.corpus_acquisition.downloader: Downloading page 7 from https://i.prcdn.co/img?file=eaaj2025110200000000001001&page=7&scale=200&ticket=ABJouBT2%2Ftb8Hz%2Bvu22AIyw%3D
2026-06-28 02:41:39,428 [INFO] src.corpus_acquisition.downloader: Downloading page 8 from https://i.prcdn.co/img?file=eaaj2025110200000000001001&page=8&scale=200&ticket=ADIjliNC%2FNdQToqBcEhuo2U%3D
2026-06-28 02:41:40,258 [INFO] src.corpus_acquisition.downloader: Downloading page 9 from https://i.prcdn.co/img?file=eaaj2025110200000000001001&page=9&scale=200&ticket=ANrwOGkAa1%2BGVN3CBBVF43A%3D
2026-06-28 02:41:41,028 [INFO] src.corpus_acquisition.downloader: Downloading page 10 from https://i.prcdn.co/img?file=eaaj2025110200000000001001&page=10&scale=200&ticket=ADpFe6NoEYwBIgJu5e6LVxY%3D
2026-06-28 02:41:41,170 [INFO] src.corpus_acquisition.downloader: Downloading page 11 from https://i.prcdn.co/img?file=eaaj2025110200000000001001&page=11&scale=200&ticket=AKo%2F7qkl6mt4MbZFpOrv9EI%3D
2026-06-28 02:41:41,812 [INFO] src.corpus_acquisition.downloader: Downloading page 12 from https://i.prcdn.co/img?file=eaaj2025110200000000001001&page=12&scale=200&ticket=ADonnElaJllIumRR0xKDDYo%3D
2026-06-28 02:41:42,919 [INFO] src.corpus_acquisition.downloader: Downloading page 13 from https://i.prcdn.co/img?file=eaaj2025110200000000001001&page=13&scale=200&ticket=AGq4qM1UDjfIL1nSTWRX1IM%3D
2026-06-28 02:41:42,959 [INFO] src.corpus_acquisition.downloader: Downloading page 14 from https://i.prcdn.co/img?file=eaaj2025110200000000001001&page=14&scale=200&ticket=AGsmz1csuNM5jyBNPGN1Rrg%3D
2026-06-28 02:41:43,019 [INFO] src.corpus_acquisition.downloader: Downloading page 15 from https://i.prcdn.co/img?file=eaaj2025110200000000001001&page=15&scale=200&ticket=AEzUiUWret84iDDb5jI7LfI%3D
2026-06-28 02:41:43,772 [INFO] src.corpus_acquisition.downloader: Downloading page 16 from https://i.prcdn.co/img?file=eaaj2025110200000000001001&page=16&scale=200&ticket=AHk%2B3gw6DeBVeaIBVJCV8tE%3D
2026-06-28 02:41:43,893 [INFO] src.corpus_acquisition.downloader: Downloading page 17 from https://i.prcdn.co/img?file=eaaj2025110200000000001001&page=17&scale=200&ticket=AD82yT91PEKFvwnz5RCC5IU%3D
2026-06-28 02:41:44,728 [INFO] src.corpus_acquisition.downloader: Downloading page 18 from https://i.prcdn.co/img?file=eaaj2025110200000000001001&page=18&scale=200&ticket=ADzsELDr30RjrYwJmj8nIBU%3D
2026-06-28 02:41:44,771 [INFO] src.corpus_acquisition.downloader: Downloading page 19 from https://i.prcdn.co/img?file=eaaj2025110200000000001001&page=19&scale=200&ticket=AHfxXrnVzlTimWoRh16eIN0%3D
2026-06-28 02:41:45,442 [INFO] src.corpus_acquisition.downloader: Downloading page 20 from https://i.prcdn.co/img?file=eaaj2025110200000000001001&page=20&scale=200&ticket=AGbPsJGFk7gFxQdkMitCufA%3D
2026-06-28 02:41:46,509 [INFO] src.corpus_acquisition.downloader: Downloading page 21 from https://i.prcdn.co/img?file=eaaj2025110200000000001001&page=21&scale=200&ticket=AN%2BpsjQ%2B3D518RNmCyyPZCA%3D
2026-06-28 02:41:46,569 [INFO] src.corpus_acquisition.downloader: Downloading page 22 from https://i.prcdn.co/img?file=eaaj2025110200000000001001&page=22&scale=200&ticket=AMG1WViR82Lhew4chED%2BZWo%3D
2026-06-28 02:41:47,340 [INFO] src.corpus_acquisition.downloader: Downloading page 23 from https://i.prcdn.co/img?file=eaaj2025110200000000001001&page=23&scale=200&ticket=AI7E%2FSrHnIdL%2Bpam7AaMooU%3D
2026-06-28 02:41:48,182 [INFO] src.corpus_acquisition.downloader: Downloading page 24 from https://i.prcdn.co/img?file=eaaj2025110200000000001001&page=24&scale=200&ticket=APwakZHUxKGKXP7rTCX8kGA%3D
2026-06-28 02:41:49,040 [INFO] src.corpus_acquisition.downloader: Downloading page 25 from https://i.prcdn.co/img?file=eaaj2025110200000000001001&page=25&scale=200&ticket=ACE5zzUQXe1PjzBpiV3FaQ0%3D
2026-06-28 02:41:49,590 [INFO] src.corpus_acquisition.downloader: Downloading page 26 from https://i.prcdn.co/img?file=eaaj2025110200000000001001&page=26&scale=200&ticket=ADs%2BMBAxtu0iPdmljlM4G1g%3D
2026-06-28 02:41:50,084 [INFO] src.corpus_acquisition.downloader: Downloading page 27 from https://i.prcdn.co/img?file=eaaj2025110200000000001001&page=27&scale=200&ticket=ACVJkYiaH6WmXipmOo5B2Vk%3D
2026-06-28 02:41:51,352 [INFO] src.corpus_acquisition.downloader: Downloading page 28 from https://i.prcdn.co/img?file=eaaj2025110200000000001001&page=28&scale=200&ticket=ABJrW8MW3Bfa83xPH7EqkH8%3D
2026-06-28 02:41:52,150 [INFO] src.corpus_acquisition.downloader: Downloading page 29 from https://i.prcdn.co/img?file=eaaj2025110200000000001001&page=29&scale=200&ticket=AEhCxovhH4MKdzpIATA34lI%3D
2026-06-28 02:41:52,653 [INFO] src.corpus_acquisition.downloader: Downloading page 30 from https://i.prcdn.co/img?file=eaaj2025110200000000001001&page=30&scale=200&ticket=AKHm8J%2F3PTN8KIbIfhriNO0%3D
2026-06-28 02:41:53,320 [INFO] src.corpus_acquisition.downloader: Downloading page 31 from https://i.prcdn.co/img?file=eaaj2025110200000000001001&page=31&scale=200&ticket=AP3cADKmEh82IzTFq8dboko%3D
2026-06-28 02:41:54,645 [INFO] src.corpus_acquisition.downloader: Downloading page 32 from https://i.prcdn.co/img?file=eaaj2025110200000000001001&page=32&scale=200&ticket=ANdZlZhtW3gFuAASgwpQz1Q%3D
2026-06-28 02:41:55,307 [INFO] src.corpus_acquisition.downloader: Downloading page 33 from https://i.prcdn.co/img?file=eaaj2025110200000000001001&page=33&scale=200&ticket=ADD3uxgVfB2I1IvyhBFI2FI%3D
2026-06-28 02:41:56,109 [INFO] src.corpus_acquisition.downloader: Downloading page 34 from https://i.prcdn.co/img?file=eaaj2025110200000000001001&page=34&scale=200&ticket=AByCUtUJHTOGqIne2QA1w%2BE%3D
2026-06-28 02:41:57,342 [INFO] src.corpus_acquisition.downloader: Downloading page 35 from https://i.prcdn.co/img?file=eaaj2025110200000000001001&page=35&scale=200&ticket=AEQAWE%2FAGyMnp6clzzzmN6o%3D
2026-06-28 02:41:58,232 [INFO] src.corpus_acquisition.downloader: Downloading page 36 from https://i.prcdn.co/img?file=eaaj2025110200000000001001&page=36&scale=200&ticket=AERoWPKnOYwQU6rfMQEb0SE%3D
2026-06-28 02:41:58,808 [INFO] src.corpus_acquisition.downloader: Downloading page 37 from https://i.prcdn.co/img?file=eaaj2025110200000000001001&page=37&scale=200&ticket=ACT06qDEWIZXH6XdLSK20eE%3D
2026-06-28 02:41:59,532 [INFO] src.corpus_acquisition.downloader: Downloading page 38 from https://i.prcdn.co/img?file=eaaj2025110200000000001001&page=38&scale=200&ticket=AK4PGYaLIdXLbNiV7%2FkVXTM%3D
2026-06-28 02:42:00,151 [INFO] src.corpus_acquisition.downloader: Downloading page 39 from https://i.prcdn.co/img?file=eaaj2025110200000000001001&page=39&scale=200&ticket=ACJqqDgdOFXsT1fFtO7SUcA%3D
2026-06-28 02:42:00,997 [INFO] src.corpus_acquisition.downloader: Downloading page 40 from https://i.prcdn.co/img?file=eaaj2025110200000000001001&page=40&scale=200&ticket=ALtnZff5VI0mYmGS%2FhuDJLY%3D
2026-06-28 02:42:01,577 [INFO] src.corpus_acquisition.downloader: Downloading page 41 from https://i.prcdn.co/img?file=eaaj2025110200000000001001&page=41&scale=200&ticket=ABBCnyEtqmd22I%2BFpluBN9Y%3D
2026-06-28 02:42:02,139 [INFO] src.corpus_acquisition.downloader: Downloading page 42 from https://i.prcdn.co/img?file=eaaj2025110200000000001001&page=42&scale=200&ticket=AJuZLnZZGjXqc81gENavoBI%3D
2026-06-28 02:42:02,786 [INFO] src.corpus_acquisition.downloader: Downloading page 43 from https://i.prcdn.co/img?file=eaaj2025110200000000001001&page=43&scale=200&ticket=AOeV8yL4G5xp28rbInw%2F3EM%3D
2026-06-28 02:42:03,445 [INFO] src.corpus_acquisition.downloader: Downloading page 44 from https://i.prcdn.co/img?file=eaaj2025110200000000001001&page=44&scale=200&ticket=AHPBMtanSaZQASQ9XGUrnFQ%3D
2026-06-28 02:42:04,043 [INFO] src.corpus_acquisition.downloader: Downloading page 45 from https://i.prcdn.co/img?file=eaaj2025110200000000001001&page=45&scale=200&ticket=AOraTfL%2BEbZvQQij%2BH5E9qM%3D
2026-06-28 02:42:04,751 [INFO] src.corpus_acquisition.downloader: Downloading page 46 from https://i.prcdn.co/img?file=eaaj2025110200000000001001&page=46&scale=200&ticket=AH%2ByvOfJCDR7qAeyALXU9Uk%3D
2026-06-28 02:42:05,378 [INFO] src.corpus_acquisition.downloader: Downloading page 47 from https://i.prcdn.co/img?file=eaaj2025110200000000001001&page=47&scale=200&ticket=AIzPinohKDxhSZw1Yx7HHKk%3D
2026-06-28 02:42:06,240 [INFO] src.corpus_acquisition.downloader: Downloading page 48 from https://i.prcdn.co/img?file=eaaj2025110200000000001001&page=48&scale=200&ticket=ALUTjadFcL6fHrwKhBMvYhI%3D
2026-06-28 02:42:06,779 [INFO] src.corpus_acquisition.metadata_extractor: Saved metadata for 48 page(s) -> data/raw/metadata/raw_metadata.parquet (total rows: 17572)
2026-06-28 02:42:06,781 [INFO] src.corpus_acquisition.metadata_extractor: Saved crawl log -> data/raw/crawl_logs/elcomercio_2025-11-02.json (status=success)
2026-06-28 02:42:09,892 [INFO] src.corpus_acquisition.downloader: Opening archive for elcomercio on 2025-11-03
2026-06-28 02:42:16,317 [INFO] src.corpus_acquisition.downloader: Collected 7 / 60 pages
2026-06-28 02:42:20,469 [INFO] src.corpus_acquisition.downloader: Collected 9 / 60 pages
2026-06-28 02:42:22,567 [INFO] src.corpus_acquisition.downloader: Collected 11 / 60 pages
2026-06-28 02:42:24,662 [INFO] src.corpus_acquisition.downloader: Collected 13 / 60 pages
2026-06-28 02:42:26,859 [INFO] src.corpus_acquisition.downloader: Collected 15 / 60 pages
2026-06-28 02:42:28,948 [INFO] src.corpus_acquisition.downloader: Collected 17 / 60 pages
2026-06-28 02:42:31,045 [INFO] src.corpus_acquisition.downloader: Collected 19 / 60 pages
2026-06-28 02:42:33,128 [INFO] src.corpus_acquisition.downloader: Collected 21 / 60 pages
2026-06-28 02:42:35,211 [INFO] src.corpus_acquisition.downloader: Collected 23 / 60 pages
2026-06-28 02:42:37,298 [INFO] src.corpus_acquisition.downloader: Collected 25 / 60 pages
2026-06-28 02:42:39,391 [INFO] src.corpus_acquisition.downloader: Collected 27 / 60 pages
2026-06-28 02:42:41,478 [INFO] src.corpus_acquisition.downloader: Collected 29 / 60 pages
2026-06-28 02:42:43,559 [INFO] src.corpus_acquisition.downloader: Collected 31 / 60 pages
2026-06-28 02:42:45,653 [INFO] src.corpus_acquisition.downloader: Collected 33 / 60 pages
2026-06-28 02:42:47,746 [INFO] src.corpus_acquisition.downloader: Collected 35 / 60 pages
2026-06-28 02:42:49,848 [INFO] src.corpus_acquisition.downloader: Collected 36 / 60 pages
2026-06-28 02:42:56,236 [WARNING] src.corpus_acquisition.downloader: No new pages found after 3 attempts; stopping with 36 page(s).
2026-06-28 02:42:56,249 [INFO] src.corpus_acquisition.downloader: Downloading page 1 from https://t.prcdn.co/img?file=eaaj2025110300000000001001&page=1&scale=200
2026-06-28 02:42:56,302 [INFO] src.corpus_acquisition.downloader: Downloading page 2 from https://i.prcdn.co/img?file=eaaj2025110300000000001001&page=2&scale=200&ticket=AD8OA1ytV%2FykAXqANyFJE0Q%3D
2026-06-28 02:42:57,102 [INFO] src.corpus_acquisition.downloader: Downloading page 3 from https://i.prcdn.co/img?file=eaaj2025110300000000001001&page=3&scale=200&ticket=AD6dOta78lZlWeAWakXNqdc%3D
2026-06-28 02:42:58,059 [INFO] src.corpus_acquisition.downloader: Downloading page 4 from https://i.prcdn.co/img?file=eaaj2025110300000000001001&page=4&scale=200&ticket=ADvPh6chXYbUVqAhlHFU1vY%3D
2026-06-28 02:42:58,907 [INFO] src.corpus_acquisition.downloader: Downloading page 5 from https://i.prcdn.co/img?file=eaaj2025110300000000001001&page=5&scale=200&ticket=AFEIYDMbx5HFgpmf80zpb4o%3D
2026-06-28 02:42:59,280 [INFO] src.corpus_acquisition.downloader: Downloading page 6 from https://i.prcdn.co/img?file=eaaj2025110300000000001001&page=6&scale=200&ticket=AEjcBRmct2yWKX640gK%2FVCA%3D
2026-06-28 02:43:00,889 [INFO] src.corpus_acquisition.downloader: Downloading page 7 from https://i.prcdn.co/img?file=eaaj2025110300000000001001&page=7&scale=200&ticket=AJtut827iumDPLqGlmUV0fk%3D
2026-06-28 02:43:00,957 [INFO] src.corpus_acquisition.downloader: Downloading page 8 from https://i.prcdn.co/img?file=eaaj2025110300000000001001&page=8&scale=200&ticket=AO7y%2BGQV9E6Ob0D9oFQXpzY%3D
2026-06-28 02:43:01,992 [INFO] src.corpus_acquisition.downloader: Downloading page 9 from https://i.prcdn.co/img?file=eaaj2025110300000000001001&page=9&scale=200&ticket=ADXz8XvtN4fUx2f4%2BLJEUCM%3D
2026-06-28 02:43:02,538 [INFO] src.corpus_acquisition.downloader: Downloading page 10 from https://i.prcdn.co/img?file=eaaj2025110300000000001001&page=10&scale=200&ticket=AALUdZN0XkgWetCe9IjowNc%3D
2026-06-28 02:43:03,381 [INFO] src.corpus_acquisition.downloader: Downloading page 11 from https://i.prcdn.co/img?file=eaaj2025110300000000001001&page=11&scale=200&ticket=ALhwR%2Bp3Iabqcg%2BNo7CRlNQ%3D
2026-06-28 02:43:04,101 [INFO] src.corpus_acquisition.downloader: Downloading page 12 from https://i.prcdn.co/img?file=eaaj2025110300000000001001&page=12&scale=200&ticket=ALE%2Br8v%2F2NhXBW73Dg%2BaSmc%3D
2026-06-28 02:43:04,721 [INFO] src.corpus_acquisition.downloader: Downloading page 13 from https://i.prcdn.co/img?file=eaaj2025110300000000001001&page=13&scale=200&ticket=ANMDqMxfIpMB9%2FwswUcai%2Fg%3D
2026-06-28 02:43:04,867 [INFO] src.corpus_acquisition.downloader: Downloading page 14 from https://i.prcdn.co/img?file=eaaj2025110300000000001001&page=14&scale=200&ticket=AN3JYEgbqZ2fWVt7tPkOVoo%3D
2026-06-28 02:43:05,900 [INFO] src.corpus_acquisition.downloader: Downloading page 15 from https://i.prcdn.co/img?file=eaaj2025110300000000001001&page=15&scale=200&ticket=AIYrBJBLmkDzolCckmgBAIQ%3D
2026-06-28 02:43:05,957 [INFO] src.corpus_acquisition.downloader: Downloading page 16 from https://i.prcdn.co/img?file=eaaj2025110300000000001001&page=16&scale=200&ticket=AM9tJwnF0B%2BFdYtH9nnRpg0%3D
2026-06-28 02:43:06,839 [INFO] src.corpus_acquisition.downloader: Downloading page 17 from https://i.prcdn.co/img?file=eaaj2025110300000000001001&page=17&scale=200&ticket=AAgqNkFDVkGwXUa1XDAJURA%3D
2026-06-28 02:43:07,649 [INFO] src.corpus_acquisition.downloader: Downloading page 18 from https://i.prcdn.co/img?file=eaaj2025110300000000001001&page=18&scale=200&ticket=AK19ksuHMLpQalFyfkb5oLg%3D
2026-06-28 02:43:07,711 [INFO] src.corpus_acquisition.downloader: Downloading page 19 from https://i.prcdn.co/img?file=eaaj2025110300000000001001&page=19&scale=200&ticket=ABsClSGTxfo8j3VvULbJEsM%3D
2026-06-28 02:43:07,835 [INFO] src.corpus_acquisition.downloader: Downloading page 20 from https://i.prcdn.co/img?file=eaaj2025110300000000001001&page=20&scale=200&ticket=AMketHZq3L4mDIxml0ycxIA%3D
2026-06-28 02:43:08,935 [INFO] src.corpus_acquisition.downloader: Downloading page 21 from https://i.prcdn.co/img?file=eaaj2025110300000000001001&page=21&scale=200&ticket=AKhdQcXAOlRXTpmahMgozLs%3D
2026-06-28 02:43:08,989 [INFO] src.corpus_acquisition.downloader: Downloading page 22 from https://i.prcdn.co/img?file=eaaj2025110300000000001001&page=22&scale=200&ticket=AJAg2BjeiXl9BeWEcZkQTl0%3D
2026-06-28 02:43:10,058 [INFO] src.corpus_acquisition.downloader: Downloading page 23 from https://i.prcdn.co/img?file=eaaj2025110300000000001001&page=23&scale=200&ticket=AMLiq1JHOrO0LT605vX8cGM%3D
2026-06-28 02:43:10,667 [INFO] src.corpus_acquisition.downloader: Downloading page 24 from https://i.prcdn.co/img?file=eaaj2025110300000000001001&page=24&scale=200&ticket=APfQSm4her9Csdf5az4HF3s%3D
2026-06-28 02:43:11,518 [INFO] src.corpus_acquisition.downloader: Downloading page 25 from https://i.prcdn.co/img?file=eaaj2025110300000000001001&page=25&scale=200&ticket=AAknOXE5ce4F0slT5mTwVY8%3D
2026-06-28 02:43:12,160 [INFO] src.corpus_acquisition.downloader: Downloading page 26 from https://i.prcdn.co/img?file=eaaj2025110300000000001001&page=26&scale=200&ticket=AB%2BlXIn%2BXPJjBLLd9O6FxSA%3D
2026-06-28 02:43:12,796 [INFO] src.corpus_acquisition.downloader: Downloading page 27 from https://i.prcdn.co/img?file=eaaj2025110300000000001001&page=27&scale=200&ticket=AJt1M42T8PqiNrzkacSMboM%3D
2026-06-28 02:43:13,632 [INFO] src.corpus_acquisition.downloader: Downloading page 28 from https://i.prcdn.co/img?file=eaaj2025110300000000001001&page=28&scale=200&ticket=AGl%2FSjUqTLHUREMOuIoA1YQ%3D
2026-06-28 02:43:14,144 [INFO] src.corpus_acquisition.downloader: Downloading page 29 from https://i.prcdn.co/img?file=eaaj2025110300000000001001&page=29&scale=200&ticket=AGyD0d59oOQTtwUaoIONxuA%3D
2026-06-28 02:43:14,853 [INFO] src.corpus_acquisition.downloader: Downloading page 30 from https://i.prcdn.co/img?file=eaaj2025110300000000001001&page=30&scale=200&ticket=AN5QPdMlHu52uvrZOrGkEJ0%3D
2026-06-28 02:43:15,969 [INFO] src.corpus_acquisition.downloader: Downloading page 31 from https://i.prcdn.co/img?file=eaaj2025110300000000001001&page=31&scale=200&ticket=AG%2BogZvwbqW1%2BvTHFH3AASw%3D
2026-06-28 02:43:16,697 [INFO] src.corpus_acquisition.downloader: Downloading page 32 from https://i.prcdn.co/img?file=eaaj2025110300000000001001&page=32&scale=200&ticket=ALI2v%2BiI9mWIgL5XFWpQJUE%3D
2026-06-28 02:43:17,399 [INFO] src.corpus_acquisition.downloader: Downloading page 33 from https://i.prcdn.co/img?file=eaaj2025110300000000001001&page=33&scale=200&ticket=AAI%2BE4Pp%2Bp2OHcOVSPFffcc%3D
2026-06-28 02:43:18,172 [INFO] src.corpus_acquisition.downloader: Downloading page 34 from https://i.prcdn.co/img?file=eaaj2025110300000000001001&page=34&scale=200&ticket=AP4w66hp0CGBogDHDnsEZbA%3D
2026-06-28 02:43:18,904 [INFO] src.corpus_acquisition.downloader: Downloading page 35 from https://i.prcdn.co/img?file=eaaj2025110300000000001001&page=35&scale=200&ticket=AID%2BMhWEwT4vWKYuV0eq9FA%3D
2026-06-28 02:43:19,579 [INFO] src.corpus_acquisition.downloader: Downloading page 36 from https://i.prcdn.co/img?file=eaaj2025110300000000001001&page=36&scale=200&ticket=AELau4m5vvONW2r6dvL%2ByEE%3D
2026-06-28 02:43:20,418 [INFO] src.corpus_acquisition.metadata_extractor: Saved metadata for 36 page(s) -> data/raw/metadata/raw_metadata.parquet (total rows: 17608)
2026-06-28 02:43:20,420 [INFO] src.corpus_acquisition.metadata_extractor: Saved crawl log -> data/raw/crawl_logs/elcomercio_2025-11-03.json (status=success)
2026-06-28 02:43:24,077 [INFO] src.corpus_acquisition.downloader: Opening archive for elcomercio on 2025-11-04
2026-06-28 02:43:30,573 [INFO] src.corpus_acquisition.downloader: Collected 7 / 60 pages
2026-06-28 02:43:34,737 [INFO] src.corpus_acquisition.downloader: Collected 9 / 60 pages
2026-06-28 02:43:36,825 [INFO] src.corpus_acquisition.downloader: Collected 11 / 60 pages
2026-06-28 02:43:38,927 [INFO] src.corpus_acquisition.downloader: Collected 13 / 60 pages
2026-06-28 02:43:41,129 [INFO] src.corpus_acquisition.downloader: Collected 15 / 60 pages
2026-06-28 02:43:43,231 [INFO] src.corpus_acquisition.downloader: Collected 17 / 60 pages
2026-06-28 02:43:45,322 [INFO] src.corpus_acquisition.downloader: Collected 19 / 60 pages
2026-06-28 02:43:47,407 [INFO] src.corpus_acquisition.downloader: Collected 20 / 60 pages
2026-06-28 02:43:53,692 [WARNING] src.corpus_acquisition.downloader: No new pages found after 3 attempts; stopping with 20 page(s).
2026-06-28 02:43:53,707 [INFO] src.corpus_acquisition.downloader: Downloading page 1 from https://t.prcdn.co/img?file=eaaj2025110400000000001001&page=1&scale=200
2026-06-28 02:43:54,705 [INFO] src.corpus_acquisition.downloader: Downloading page 2 from https://i.prcdn.co/img?file=eaaj2025110400000000001001&page=2&scale=200&ticket=APysCxyejbmO9BwXr5bc23M%3D
2026-06-28 02:43:55,539 [INFO] src.corpus_acquisition.downloader: Downloading page 3 from https://i.prcdn.co/img?file=eaaj2025110400000000001001&page=3&scale=200&ticket=AB0ybXdp9OHYuBEGbYfWE68%3D
2026-06-28 02:43:55,610 [INFO] src.corpus_acquisition.downloader: Downloading page 4 from https://i.prcdn.co/img?file=eaaj2025110400000000001001&page=4&scale=200&ticket=AJ5hu36zgF3qLyoGEAzWNU4%3D
2026-06-28 02:43:55,749 [INFO] src.corpus_acquisition.downloader: Downloading page 5 from https://i.prcdn.co/img?file=eaaj2025110400000000001001&page=5&scale=200&ticket=APMH4iWxWWN3soRI%2BZiwB7U%3D
2026-06-28 02:43:55,810 [INFO] src.corpus_acquisition.downloader: Downloading page 6 from https://i.prcdn.co/img?file=eaaj2025110400000000001001&page=6&scale=200&ticket=AHJIYlFzuv7FCoLSAYB2qB8%3D
2026-06-28 02:43:57,259 [INFO] src.corpus_acquisition.downloader: Downloading page 7 from https://i.prcdn.co/img?file=eaaj2025110400000000001001&page=7&scale=200&ticket=ADAmNjMDUEo2qcGKKpEvZDk%3D
2026-06-28 02:43:57,714 [INFO] src.corpus_acquisition.downloader: Downloading page 8 from https://i.prcdn.co/img?file=eaaj2025110400000000001001&page=8&scale=200&ticket=AOmfVwaJhU694FLm0Ci6nAI%3D
2026-06-28 02:43:58,337 [INFO] src.corpus_acquisition.downloader: Downloading page 9 from https://i.prcdn.co/img?file=eaaj2025110400000000001001&page=9&scale=200&ticket=AC4EPbH45feFnT8Qanv9fls%3D
2026-06-28 02:43:59,080 [INFO] src.corpus_acquisition.downloader: Downloading page 10 from https://i.prcdn.co/img?file=eaaj2025110400000000001001&page=10&scale=200&ticket=ADQEjR0oHggP8ARa90QT1ho%3D
2026-06-28 02:43:59,222 [INFO] src.corpus_acquisition.downloader: Downloading page 11 from https://i.prcdn.co/img?file=eaaj2025110400000000001001&page=11&scale=200&ticket=AFv2ZRm2QPxYIpHc1PFGktk%3D
2026-06-28 02:44:00,038 [INFO] src.corpus_acquisition.downloader: Downloading page 12 from https://i.prcdn.co/img?file=eaaj2025110400000000001001&page=12&scale=200&ticket=AKMaGBCrXtbLpb7dLAxHPuc%3D
2026-06-28 02:44:00,639 [INFO] src.corpus_acquisition.downloader: Downloading page 13 from https://i.prcdn.co/img?file=eaaj2025110400000000001001&page=13&scale=200&ticket=AMuRB5XZT8ue2vP7HrjaAFU%3D
2026-06-28 02:44:01,509 [INFO] src.corpus_acquisition.downloader: Downloading page 14 from https://i.prcdn.co/img?file=eaaj2025110400000000001001&page=14&scale=200&ticket=AIoYzJ0AX2kCSlRVMK8L0Sg%3D
2026-06-28 02:44:02,262 [INFO] src.corpus_acquisition.downloader: Downloading page 15 from https://i.prcdn.co/img?file=eaaj2025110400000000001001&page=15&scale=200&ticket=ADs%2FyXQ12priPrpk%2BdX2hhk%3D
2026-06-28 02:44:03,175 [INFO] src.corpus_acquisition.downloader: Downloading page 16 from https://i.prcdn.co/img?file=eaaj2025110400000000001001&page=16&scale=200&ticket=ACtUck1u1esGLIIjKSaikXA%3D
2026-06-28 02:44:03,217 [INFO] src.corpus_acquisition.downloader: Downloading page 17 from https://i.prcdn.co/img?file=eaaj2025110400000000001001&page=17&scale=200&ticket=AEpfHCG9CR73C91R%2F9Kp%2BhE%3D
2026-06-28 02:44:03,832 [INFO] src.corpus_acquisition.downloader: Downloading page 18 from https://i.prcdn.co/img?file=eaaj2025110400000000001001&page=18&scale=200&ticket=APmRQ7trL%2FnhYlfJSfxKyqU%3D
2026-06-28 02:44:03,958 [INFO] src.corpus_acquisition.downloader: Downloading page 19 from https://i.prcdn.co/img?file=eaaj2025110400000000001001&page=19&scale=200&ticket=AMBFArnzR4GQROe%2BJuYJt1k%3D
2026-06-28 02:44:04,019 [INFO] src.corpus_acquisition.downloader: Downloading page 20 from https://i.prcdn.co/img?file=eaaj2025110400000000001001&page=20&scale=200&ticket=ADe7i0LaumLjbxDk7h6Anv8%3D
2026-06-28 02:44:04,113 [INFO] src.corpus_acquisition.metadata_extractor: Saved metadata for 20 page(s) -> data/raw/metadata/raw_metadata.parquet (total rows: 17628)
2026-06-28 02:44:04,116 [INFO] src.corpus_acquisition.metadata_extractor: Saved crawl log -> data/raw/crawl_logs/elcomercio_2025-11-04.json (status=success)
2026-06-28 02:44:09,416 [INFO] src.corpus_acquisition.downloader: Opening archive for elcomercio on 2025-11-05
2026-06-28 02:44:15,317 [INFO] src.corpus_acquisition.downloader: Collected 7 / 60 pages
2026-06-28 02:44:19,484 [INFO] src.corpus_acquisition.downloader: Collected 9 / 60 pages
2026-06-28 02:44:21,575 [INFO] src.corpus_acquisition.downloader: Collected 11 / 60 pages
2026-06-28 02:44:23,655 [INFO] src.corpus_acquisition.downloader: Collected 13 / 60 pages
2026-06-28 02:44:25,847 [INFO] src.corpus_acquisition.downloader: Collected 15 / 60 pages
2026-06-28 02:44:27,950 [INFO] src.corpus_acquisition.downloader: Collected 17 / 60 pages
2026-06-28 02:44:30,041 [INFO] src.corpus_acquisition.downloader: Collected 19 / 60 pages
2026-06-28 02:44:32,123 [INFO] src.corpus_acquisition.downloader: Collected 20 / 60 pages
2026-06-28 02:44:38,389 [WARNING] src.corpus_acquisition.downloader: No new pages found after 3 attempts; stopping with 20 page(s).
2026-06-28 02:44:38,402 [INFO] src.corpus_acquisition.downloader: Downloading page 1 from https://t.prcdn.co/img?file=eaaj2025110500000000001001&page=1&scale=200
2026-06-28 02:44:38,445 [INFO] src.corpus_acquisition.downloader: Downloading page 2 from https://i.prcdn.co/img?file=eaaj2025110500000000001001&page=2&scale=200&ticket=ANed4n1VZwWAkmcfZsq%2FELY%3D
2026-06-28 02:44:38,487 [INFO] src.corpus_acquisition.downloader: Downloading page 3 from https://i.prcdn.co/img?file=eaaj2025110500000000001001&page=3&scale=200&ticket=AG9N%2FOHt5Pfw81Q3hChN9P4%3D
2026-06-28 02:44:39,519 [INFO] src.corpus_acquisition.downloader: Downloading page 4 from https://i.prcdn.co/img?file=eaaj2025110500000000001001&page=4&scale=200&ticket=APkfC81Wb2hIR9OnjPsgoIs%3D
2026-06-28 02:44:40,078 [INFO] src.corpus_acquisition.downloader: Downloading page 5 from https://i.prcdn.co/img?file=eaaj2025110500000000001001&page=5&scale=200&ticket=ADqDrDCcnyxb2gYxmIAym1E%3D
2026-06-28 02:44:40,707 [INFO] src.corpus_acquisition.downloader: Downloading page 6 from https://i.prcdn.co/img?file=eaaj2025110500000000001001&page=6&scale=200&ticket=ACUSxc5r3Eee%2FjJugxGr02I%3D
2026-06-28 02:44:41,878 [INFO] src.corpus_acquisition.downloader: Downloading page 7 from https://i.prcdn.co/img?file=eaaj2025110500000000001001&page=7&scale=200&ticket=ALwg8heiGQNHINbgaK6e4f0%3D
2026-06-28 02:44:42,821 [INFO] src.corpus_acquisition.downloader: Downloading page 8 from https://i.prcdn.co/img?file=eaaj2025110500000000001001&page=8&scale=200&ticket=AG7jP1x1Y3k6kmBgjWNemV4%3D
2026-06-28 02:44:43,351 [INFO] src.corpus_acquisition.downloader: Downloading page 9 from https://i.prcdn.co/img?file=eaaj2025110500000000001001&page=9&scale=200&ticket=AAstadQ5qTCwzO%2B6DwrZ%2BVI%3D
2026-06-28 02:44:44,141 [INFO] src.corpus_acquisition.downloader: Downloading page 10 from https://i.prcdn.co/img?file=eaaj2025110500000000001001&page=10&scale=200&ticket=AJ3lYVBki9nUZY5inJd%2BNes%3D
2026-06-28 02:44:44,264 [INFO] src.corpus_acquisition.downloader: Downloading page 11 from https://i.prcdn.co/img?file=eaaj2025110500000000001001&page=11&scale=200&ticket=AOqxX4fVdRn%2BObvdYEJu%2BgQ%3D
2026-06-28 02:44:44,869 [INFO] src.corpus_acquisition.downloader: Downloading page 12 from https://i.prcdn.co/img?file=eaaj2025110500000000001001&page=12&scale=200&ticket=ALgsZF19mDzz8a%2B8NMzkPaA%3D
2026-06-28 02:44:44,914 [INFO] src.corpus_acquisition.downloader: Downloading page 13 from https://i.prcdn.co/img?file=eaaj2025110500000000001001&page=13&scale=200&ticket=AHyWseh748oh5tfWMtMLMxc%3D
2026-06-28 02:44:45,772 [INFO] src.corpus_acquisition.downloader: Downloading page 14 from https://i.prcdn.co/img?file=eaaj2025110500000000001001&page=14&scale=200&ticket=AKxedG8tOrhwFDpQY%2FEdcsA%3D
2026-06-28 02:44:45,889 [INFO] src.corpus_acquisition.downloader: Downloading page 15 from https://i.prcdn.co/img?file=eaaj2025110500000000001001&page=15&scale=200&ticket=AOoVy09IPF%2BNteeNm8vXdZY%3D
2026-06-28 02:44:46,566 [INFO] src.corpus_acquisition.downloader: Downloading page 16 from https://i.prcdn.co/img?file=eaaj2025110500000000001001&page=16&scale=200&ticket=AAMnnvpr17OIIxky0oBf2jM%3D
2026-06-28 02:44:46,695 [INFO] src.corpus_acquisition.downloader: Downloading page 17 from https://i.prcdn.co/img?file=eaaj2025110500000000001001&page=17&scale=200&ticket=AFDXupzMK0ey99cBGNpIAfE%3D
2026-06-28 02:44:47,390 [INFO] src.corpus_acquisition.downloader: Downloading page 18 from https://i.prcdn.co/img?file=eaaj2025110500000000001001&page=18&scale=200&ticket=AJR2H20jjDHrIv92wn6vyZY%3D
2026-06-28 02:44:48,174 [INFO] src.corpus_acquisition.downloader: Downloading page 19 from https://i.prcdn.co/img?file=eaaj2025110500000000001001&page=19&scale=200&ticket=AD4Ly7KOBySKjU%2BsKOqnNO0%3D
2026-06-28 02:44:48,229 [INFO] src.corpus_acquisition.downloader: Downloading page 20 from https://i.prcdn.co/img?file=eaaj2025110500000000001001&page=20&scale=200&ticket=AGjOMJyr4T6G5MaqMVhkIuU%3D
2026-06-28 02:44:48,810 [INFO] src.corpus_acquisition.metadata_extractor: Saved metadata for 20 page(s) -> data/raw/metadata/raw_metadata.parquet (total rows: 17648)
2026-06-28 02:44:48,812 [INFO] src.corpus_acquisition.metadata_extractor: Saved crawl log -> data/raw/crawl_logs/elcomercio_2025-11-05.json (status=success)
2026-06-28 02:44:53,951 [INFO] src.corpus_acquisition.downloader: Opening archive for elcomercio on 2025-11-06
2026-06-28 02:44:59,846 [INFO] src.corpus_acquisition.downloader: Collected 7 / 60 pages
2026-06-28 02:45:03,998 [INFO] src.corpus_acquisition.downloader: Collected 9 / 60 pages
2026-06-28 02:45:06,088 [INFO] src.corpus_acquisition.downloader: Collected 11 / 60 pages
2026-06-28 02:45:08,167 [INFO] src.corpus_acquisition.downloader: Collected 13 / 60 pages
2026-06-28 02:45:10,361 [INFO] src.corpus_acquisition.downloader: Collected 15 / 60 pages
2026-06-28 02:45:12,462 [INFO] src.corpus_acquisition.downloader: Collected 17 / 60 pages
2026-06-28 02:45:14,558 [INFO] src.corpus_acquisition.downloader: Collected 19 / 60 pages
2026-06-28 02:45:16,652 [INFO] src.corpus_acquisition.downloader: Collected 20 / 60 pages
2026-06-28 02:45:22,923 [WARNING] src.corpus_acquisition.downloader: No new pages found after 3 attempts; stopping with 20 page(s).
2026-06-28 02:45:22,937 [INFO] src.corpus_acquisition.downloader: Downloading page 1 from https://t.prcdn.co/img?file=eaaj2025110600000051001001&page=1&scale=200
2026-06-28 02:45:22,989 [INFO] src.corpus_acquisition.downloader: Downloading page 2 from https://i.prcdn.co/img?file=eaaj2025110600000051001001&page=2&scale=200&ticket=AL2dscTuq0VYP6M4pDccqSo%3D
2026-06-28 02:45:23,853 [INFO] src.corpus_acquisition.downloader: Downloading page 3 from https://i.prcdn.co/img?file=eaaj2025110600000051001001&page=3&scale=200&ticket=AIUyLauBGVl5Tb2hExfOUQ4%3D
2026-06-28 02:45:24,526 [INFO] src.corpus_acquisition.downloader: Downloading page 4 from https://i.prcdn.co/img?file=eaaj2025110600000051001001&page=4&scale=200&ticket=AOV3NnT4t83FUjbq%2BuW0npE%3D
2026-06-28 02:45:24,564 [INFO] src.corpus_acquisition.downloader: Downloading page 5 from https://i.prcdn.co/img?file=eaaj2025110600000051001001&page=5&scale=200&ticket=AOZQhvRMPwRF2taNSAW5wvA%3D
2026-06-28 02:45:25,516 [INFO] src.corpus_acquisition.downloader: Downloading page 6 from https://i.prcdn.co/img?file=eaaj2025110600000051001001&page=6&scale=200&ticket=AFDFd4w5dPkVGPrLnW0SKYY%3D
2026-06-28 02:45:26,405 [INFO] src.corpus_acquisition.downloader: Downloading page 7 from https://i.prcdn.co/img?file=eaaj2025110600000051001001&page=7&scale=200&ticket=AKgmZMyzacXbjCNdMjWyrh0%3D
2026-06-28 02:45:26,464 [INFO] src.corpus_acquisition.downloader: Downloading page 8 from https://i.prcdn.co/img?file=eaaj2025110600000051001001&page=8&scale=200&ticket=ALagSYn05UCM8wTFdz%2BigHc%3D
2026-06-28 02:45:27,271 [INFO] src.corpus_acquisition.downloader: Downloading page 9 from https://i.prcdn.co/img?file=eaaj2025110600000051001001&page=9&scale=200&ticket=ABdWr45b%2BoOsvhFYM4UY6HU%3D
2026-06-28 02:45:27,941 [INFO] src.corpus_acquisition.downloader: Downloading page 10 from https://i.prcdn.co/img?file=eaaj2025110600000051001001&page=10&scale=200&ticket=AE3JNnMt4E4sceiCXftXACw%3D
2026-06-28 02:45:29,019 [INFO] src.corpus_acquisition.downloader: Downloading page 11 from https://i.prcdn.co/img?file=eaaj2025110600000051001001&page=11&scale=200&ticket=AFC0R60okyAPeiRMQCOjz6E%3D
2026-06-28 02:45:29,062 [INFO] src.corpus_acquisition.downloader: Downloading page 12 from https://i.prcdn.co/img?file=eaaj2025110600000051001001&page=12&scale=200&ticket=AN%2Futsrf2c%2ByB5XsEQcmWuU%3D
2026-06-28 02:45:29,831 [INFO] src.corpus_acquisition.downloader: Downloading page 13 from https://i.prcdn.co/img?file=eaaj2025110600000051001001&page=13&scale=200&ticket=ACsYBBZdR7SAlGcKLBlA%2BVs%3D
2026-06-28 02:45:29,971 [INFO] src.corpus_acquisition.downloader: Downloading page 14 from https://i.prcdn.co/img?file=eaaj2025110600000051001001&page=14&scale=200&ticket=AFTp7mm%2FRk%2FFAQFN%2F11AkQQ%3D
2026-06-28 02:45:30,018 [INFO] src.corpus_acquisition.downloader: Downloading page 15 from https://i.prcdn.co/img?file=eaaj2025110600000051001001&page=15&scale=200&ticket=AB3sENGWT%2BLTx0wTDlkSeKw%3D
2026-06-28 02:45:30,712 [INFO] src.corpus_acquisition.downloader: Downloading page 16 from https://i.prcdn.co/img?file=eaaj2025110600000051001001&page=16&scale=200&ticket=AI9HURu%2BYM83cCJqemGapzE%3D
2026-06-28 02:45:31,452 [INFO] src.corpus_acquisition.downloader: Downloading page 17 from https://i.prcdn.co/img?file=eaaj2025110600000051001001&page=17&scale=200&ticket=AFtk0Ifdz4mpg81d5FAU1Jo%3D
2026-06-28 02:45:32,021 [INFO] src.corpus_acquisition.downloader: Downloading page 18 from https://i.prcdn.co/img?file=eaaj2025110600000051001001&page=18&scale=200&ticket=AEY8TFU1GIIzvA2gJzcBz8A%3D
2026-06-28 02:45:32,084 [INFO] src.corpus_acquisition.downloader: Downloading page 19 from https://i.prcdn.co/img?file=eaaj2025110600000051001001&page=19&scale=200&ticket=AG%2FzMe%2Bj7AojIp9HUv9tohg%3D
2026-06-28 02:45:33,027 [INFO] src.corpus_acquisition.downloader: Downloading page 20 from https://i.prcdn.co/img?file=eaaj2025110600000051001001&page=20&scale=200&ticket=APRz9bWE9WKibq04aFhyWeI%3D
2026-06-28 02:45:33,592 [INFO] src.corpus_acquisition.metadata_extractor: Saved metadata for 20 page(s) -> data/raw/metadata/raw_metadata.parquet (total rows: 17668)
2026-06-28 02:45:33,594 [INFO] src.corpus_acquisition.metadata_extractor: Saved crawl log -> data/raw/crawl_logs/elcomercio_2025-11-06.json (status=success)
2026-06-28 02:45:37,284 [INFO] src.corpus_acquisition.downloader: Opening archive for elcomercio on 2025-11-07
2026-06-28 02:45:43,158 [INFO] src.corpus_acquisition.downloader: Collected 7 / 60 pages
2026-06-28 02:45:47,344 [INFO] src.corpus_acquisition.downloader: Collected 9 / 60 pages
2026-06-28 02:45:49,443 [INFO] src.corpus_acquisition.downloader: Collected 11 / 60 pages
2026-06-28 02:45:51,536 [INFO] src.corpus_acquisition.downloader: Collected 13 / 60 pages
2026-06-28 02:45:53,726 [INFO] src.corpus_acquisition.downloader: Collected 15 / 60 pages
2026-06-28 02:45:55,834 [INFO] src.corpus_acquisition.downloader: Collected 17 / 60 pages
2026-06-28 02:45:57,921 [INFO] src.corpus_acquisition.downloader: Collected 19 / 60 pages
2026-06-28 02:45:59,999 [INFO] src.corpus_acquisition.downloader: Collected 20 / 60 pages
2026-06-28 02:46:06,270 [WARNING] src.corpus_acquisition.downloader: No new pages found after 3 attempts; stopping with 20 page(s).
2026-06-28 02:46:06,283 [INFO] src.corpus_acquisition.downloader: Downloading page 1 from https://t.prcdn.co/img?file=eaaj2025110700000000001001&page=1&scale=200
2026-06-28 02:46:06,324 [INFO] src.corpus_acquisition.downloader: Downloading page 2 from https://i.prcdn.co/img?file=eaaj2025110700000000001001&page=2&scale=200&ticket=AMw5B5XYi1unCPYH95AXa6U%3D
2026-06-28 02:46:06,377 [INFO] src.corpus_acquisition.downloader: Downloading page 3 from https://i.prcdn.co/img?file=eaaj2025110700000000001001&page=3&scale=200&ticket=ACBKP5vObY0u9ZWtqGMy49M%3D
2026-06-28 02:46:06,417 [INFO] src.corpus_acquisition.downloader: Downloading page 4 from https://i.prcdn.co/img?file=eaaj2025110700000000001001&page=4&scale=200&ticket=AOiFGMatN3GNNSgIzLBJmzo%3D
2026-06-28 02:46:06,455 [INFO] src.corpus_acquisition.downloader: Downloading page 5 from https://i.prcdn.co/img?file=eaaj2025110700000000001001&page=5&scale=200&ticket=AJDDwmn1Q7uYhlJI6Soabr0%3D
2026-06-28 02:46:06,579 [INFO] src.corpus_acquisition.downloader: Downloading page 6 from https://i.prcdn.co/img?file=eaaj2025110700000000001001&page=6&scale=200&ticket=ALs7jRsKdg80hMBeEL9qIyY%3D
2026-06-28 02:46:06,625 [INFO] src.corpus_acquisition.downloader: Downloading page 7 from https://i.prcdn.co/img?file=eaaj2025110700000000001001&page=7&scale=200&ticket=AHyYr5qk6cZ6AY0FW0wVTLo%3D
2026-06-28 02:46:06,682 [INFO] src.corpus_acquisition.downloader: Downloading page 8 from https://i.prcdn.co/img?file=eaaj2025110700000000001001&page=8&scale=200&ticket=APkPq6DKhvmYgvRw4RtxtmM%3D
2026-06-28 02:46:06,724 [INFO] src.corpus_acquisition.downloader: Downloading page 9 from https://i.prcdn.co/img?file=eaaj2025110700000000001001&page=9&scale=200&ticket=AEROwcaOrnBK9r62w5hUv7o%3D
2026-06-28 02:46:06,794 [INFO] src.corpus_acquisition.downloader: Downloading page 10 from https://i.prcdn.co/img?file=eaaj2025110700000000001001&page=10&scale=200&ticket=AFybjHkxnHhrxr6dCVIw6LU%3D
2026-06-28 02:46:07,444 [INFO] src.corpus_acquisition.downloader: Downloading page 11 from https://i.prcdn.co/img?file=eaaj2025110700000000001001&page=11&scale=200&ticket=AGB%2BssatIdLA8l1igKpsWUw%3D
2026-06-28 02:46:07,587 [INFO] src.corpus_acquisition.downloader: Downloading page 12 from https://i.prcdn.co/img?file=eaaj2025110700000000001001&page=12&scale=200&ticket=AKNrao24yUKXhJW%2FAVVGuw4%3D
2026-06-28 02:46:07,630 [INFO] src.corpus_acquisition.downloader: Downloading page 13 from https://i.prcdn.co/img?file=eaaj2025110700000000001001&page=13&scale=200&ticket=ABBLwmNfrjEAbobzDAQFS4g%3D
2026-06-28 02:46:08,600 [INFO] src.corpus_acquisition.downloader: Downloading page 14 from https://i.prcdn.co/img?file=eaaj2025110700000000001001&page=14&scale=200&ticket=AKcbOHKBkEbuY%2FA5S%2B%2BdwAE%3D
2026-06-28 02:46:09,430 [INFO] src.corpus_acquisition.downloader: Downloading page 15 from https://i.prcdn.co/img?file=eaaj2025110700000000001001&page=15&scale=200&ticket=ABP%2B03nFn5jNIoJANmFwK64%3D
2026-06-28 02:46:10,022 [INFO] src.corpus_acquisition.downloader: Downloading page 16 from https://i.prcdn.co/img?file=eaaj2025110700000000001001&page=16&scale=200&ticket=AKFKjXwF1ezmoUp4m5GLZKM%3D
2026-06-28 02:46:10,062 [INFO] src.corpus_acquisition.downloader: Downloading page 17 from https://i.prcdn.co/img?file=eaaj2025110700000000001001&page=17&scale=200&ticket=AGg%2FlODiTkS5Ajrq08U5wLs%3D
2026-06-28 02:46:10,689 [INFO] src.corpus_acquisition.downloader: Downloading page 18 from https://i.prcdn.co/img?file=eaaj2025110700000000001001&page=18&scale=200&ticket=ABsca1G2npNnJqGIDIBm6GM%3D
2026-06-28 02:46:11,295 [INFO] src.corpus_acquisition.downloader: Downloading page 19 from https://i.prcdn.co/img?file=eaaj2025110700000000001001&page=19&scale=200&ticket=ALMTFwUHh941I8bATAP9Xy4%3D
2026-06-28 02:46:11,336 [INFO] src.corpus_acquisition.downloader: Downloading page 20 from https://i.prcdn.co/img?file=eaaj2025110700000000001001&page=20&scale=200&ticket=AI38ZBvIAg8KklO5VZw%2BPe4%3D
2026-06-28 02:46:11,927 [INFO] src.corpus_acquisition.metadata_extractor: Saved metadata for 20 page(s) -> data/raw/metadata/raw_metadata.parquet (total rows: 17688)
2026-06-28 02:46:11,929 [INFO] src.corpus_acquisition.metadata_extractor: Saved crawl log -> data/raw/crawl_logs/elcomercio_2025-11-07.json (status=success)
2026-06-28 02:46:17,612 [INFO] src.corpus_acquisition.downloader: Opening archive for elcomercio on 2025-11-08
2026-06-28 02:46:23,527 [INFO] src.corpus_acquisition.downloader: Collected 7 / 60 pages
2026-06-28 02:46:27,699 [INFO] src.corpus_acquisition.downloader: Collected 9 / 60 pages
2026-06-28 02:46:29,789 [INFO] src.corpus_acquisition.downloader: Collected 11 / 60 pages
2026-06-28 02:46:31,886 [INFO] src.corpus_acquisition.downloader: Collected 13 / 60 pages
2026-06-28 02:46:34,064 [INFO] src.corpus_acquisition.downloader: Collected 15 / 60 pages
2026-06-28 02:46:36,156 [INFO] src.corpus_acquisition.downloader: Collected 17 / 60 pages
2026-06-28 02:46:38,252 [INFO] src.corpus_acquisition.downloader: Collected 19 / 60 pages
2026-06-28 02:46:40,337 [INFO] src.corpus_acquisition.downloader: Collected 21 / 60 pages
2026-06-28 02:46:42,435 [INFO] src.corpus_acquisition.downloader: Collected 23 / 60 pages
2026-06-28 02:46:44,518 [INFO] src.corpus_acquisition.downloader: Collected 24 / 60 pages
2026-06-28 02:46:50,788 [WARNING] src.corpus_acquisition.downloader: No new pages found after 3 attempts; stopping with 24 page(s).
2026-06-28 02:46:50,806 [INFO] src.corpus_acquisition.downloader: Downloading page 1 from https://t.prcdn.co/img?file=eaaj2025110800000000001001&page=1&scale=200
2026-06-28 02:46:51,516 [INFO] src.corpus_acquisition.downloader: Downloading page 2 from https://i.prcdn.co/img?file=eaaj2025110800000000001001&page=2&scale=200&ticket=ACTH%2FeAKaVXSay0pa%2BTfA9s%3D
2026-06-28 02:46:51,557 [INFO] src.corpus_acquisition.downloader: Downloading page 3 from https://i.prcdn.co/img?file=eaaj2025110800000000001001&page=3&scale=200&ticket=AIg3rOqXYOzx25TmyWEzg38%3D
2026-06-28 02:46:51,700 [INFO] src.corpus_acquisition.downloader: Downloading page 4 from https://i.prcdn.co/img?file=eaaj2025110800000000001001&page=4&scale=200&ticket=ALoP57H%2B%2FNuH7E8bQj5xxWY%3D
2026-06-28 02:46:52,372 [INFO] src.corpus_acquisition.downloader: Downloading page 5 from https://i.prcdn.co/img?file=eaaj2025110800000000001001&page=5&scale=200&ticket=AGpEy7gA7WUm%2FzEhi7%2Fuetg%3D
2026-06-28 02:46:52,432 [INFO] src.corpus_acquisition.downloader: Downloading page 6 from https://i.prcdn.co/img?file=eaaj2025110800000000001001&page=6&scale=200&ticket=AJgH8eq0itW%2FeT%2F9%2FvPOvdw%3D
2026-06-28 02:46:52,494 [INFO] src.corpus_acquisition.downloader: Downloading page 7 from https://i.prcdn.co/img?file=eaaj2025110800000000001001&page=7&scale=200&ticket=AKRWCSP2xkt4tIWi7qYYRMY%3D
2026-06-28 02:46:52,531 [INFO] src.corpus_acquisition.downloader: Downloading page 8 from https://i.prcdn.co/img?file=eaaj2025110800000000001001&page=8&scale=200&ticket=AB2qKyg%2BLE2jO73OsBTM5LY%3D
2026-06-28 02:46:53,287 [INFO] src.corpus_acquisition.downloader: Downloading page 9 from https://i.prcdn.co/img?file=eaaj2025110800000000001001&page=9&scale=200&ticket=AHTOdCmUoFoyHtWCa4LzpQ4%3D
2026-06-28 02:46:53,343 [INFO] src.corpus_acquisition.downloader: Downloading page 10 from https://i.prcdn.co/img?file=eaaj2025110800000000001001&page=10&scale=200&ticket=AMkoH0i%2FYjW3dpyf6%2B5L998%3D
2026-06-28 02:46:54,357 [INFO] src.corpus_acquisition.downloader: Downloading page 11 from https://i.prcdn.co/img?file=eaaj2025110800000000001001&page=11&scale=200&ticket=AF3PAVla7DrnzpyuzjiwwUM%3D
2026-06-28 02:46:55,114 [INFO] src.corpus_acquisition.downloader: Downloading page 12 from https://i.prcdn.co/img?file=eaaj2025110800000000001001&page=12&scale=200&ticket=AIlz0N737VU2Z93h2tU9rMU%3D
2026-06-28 02:46:55,159 [INFO] src.corpus_acquisition.downloader: Downloading page 13 from https://i.prcdn.co/img?file=eaaj2025110800000000001001&page=13&scale=200&ticket=ANdL%2FpWYNtR%2B3DvxXoni2cc%3D
2026-06-28 02:46:55,220 [INFO] src.corpus_acquisition.downloader: Downloading page 14 from https://i.prcdn.co/img?file=eaaj2025110800000000001001&page=14&scale=200&ticket=AE2AHiqSrzBuAH3DUXgFHUQ%3D
2026-06-28 02:46:55,261 [INFO] src.corpus_acquisition.downloader: Downloading page 15 from https://i.prcdn.co/img?file=eaaj2025110800000000001001&page=15&scale=200&ticket=ALxztyinc0TQvtJdyw8EE4k%3D
2026-06-28 02:46:55,302 [INFO] src.corpus_acquisition.downloader: Downloading page 16 from https://i.prcdn.co/img?file=eaaj2025110800000000001001&page=16&scale=200&ticket=AHApUdbLiWXPMDUDbxw%2BLw4%3D
2026-06-28 02:46:56,227 [INFO] src.corpus_acquisition.downloader: Downloading page 17 from https://i.prcdn.co/img?file=eaaj2025110800000000001001&page=17&scale=200&ticket=AImpWNL4mweL10JwfAFbwxU%3D
2026-06-28 02:46:57,253 [INFO] src.corpus_acquisition.downloader: Downloading page 18 from https://i.prcdn.co/img?file=eaaj2025110800000000001001&page=18&scale=200&ticket=AGAEg0nIZWjqssH51GMy5qI%3D
2026-06-28 02:46:58,096 [INFO] src.corpus_acquisition.downloader: Downloading page 19 from https://i.prcdn.co/img?file=eaaj2025110800000000001001&page=19&scale=200&ticket=ABqydLZnJHDJOR1jnZU8mVU%3D
2026-06-28 02:46:58,550 [INFO] src.corpus_acquisition.downloader: Downloading page 20 from https://i.prcdn.co/img?file=eaaj2025110800000000001001&page=20&scale=200&ticket=ABRjYMnp22eunQ3q5u299VY%3D
2026-06-28 02:46:58,590 [INFO] src.corpus_acquisition.downloader: Downloading page 21 from https://i.prcdn.co/img?file=eaaj2025110800000000001001&page=21&scale=200&ticket=AMSf5hyVll5OJFEJ%2Bk0H7PU%3D
2026-06-28 02:46:59,375 [INFO] src.corpus_acquisition.downloader: Downloading page 22 from https://i.prcdn.co/img?file=eaaj2025110800000000001001&page=22&scale=200&ticket=AH6MYxrLsIGOPo3T8HdG8FM%3D
2026-06-28 02:47:00,482 [INFO] src.corpus_acquisition.downloader: Downloading page 23 from https://i.prcdn.co/img?file=eaaj2025110800000000001001&page=23&scale=200&ticket=AL43%2BH1%2FxJxlZdWyQsltU%2F4%3D
2026-06-28 02:47:01,067 [INFO] src.corpus_acquisition.downloader: Downloading page 24 from https://i.prcdn.co/img?file=eaaj2025110800000000001001&page=24&scale=200&ticket=AP9pNe8NfjQZYUAiMv9gI3c%3D
2026-06-28 02:47:01,523 [INFO] src.corpus_acquisition.metadata_extractor: Saved metadata for 24 page(s) -> data/raw/metadata/raw_metadata.parquet (total rows: 17712)
2026-06-28 02:47:01,526 [INFO] src.corpus_acquisition.metadata_extractor: Saved crawl log -> data/raw/crawl_logs/elcomercio_2025-11-08.json (status=success)
2026-06-28 02:47:06,416 [INFO] src.corpus_acquisition.downloader: Opening archive for elcomercio on 2025-11-09
2026-06-28 02:47:12,262 [INFO] src.corpus_acquisition.downloader: Collected 7 / 60 pages
2026-06-28 02:47:16,427 [INFO] src.corpus_acquisition.downloader: Collected 9 / 60 pages
2026-06-28 02:47:18,514 [INFO] src.corpus_acquisition.downloader: Collected 11 / 60 pages
2026-06-28 02:47:20,598 [INFO] src.corpus_acquisition.downloader: Collected 13 / 60 pages
2026-06-28 02:47:22,685 [INFO] src.corpus_acquisition.downloader: Collected 15 / 60 pages
2026-06-28 02:47:24,785 [INFO] src.corpus_acquisition.downloader: Collected 17 / 60 pages
2026-06-28 02:47:26,887 [INFO] src.corpus_acquisition.downloader: Collected 19 / 60 pages
2026-06-28 02:47:28,979 [INFO] src.corpus_acquisition.downloader: Collected 21 / 60 pages
2026-06-28 02:47:31,063 [INFO] src.corpus_acquisition.downloader: Collected 23 / 60 pages
2026-06-28 02:47:33,156 [INFO] src.corpus_acquisition.downloader: Collected 25 / 60 pages
2026-06-28 02:47:35,250 [INFO] src.corpus_acquisition.downloader: Collected 27 / 60 pages
2026-06-28 02:47:37,332 [INFO] src.corpus_acquisition.downloader: Collected 29 / 60 pages
2026-06-28 02:47:39,415 [INFO] src.corpus_acquisition.downloader: Collected 31 / 60 pages
2026-06-28 02:47:41,500 [INFO] src.corpus_acquisition.downloader: Collected 33 / 60 pages
2026-06-28 02:47:43,584 [INFO] src.corpus_acquisition.downloader: Collected 35 / 60 pages
2026-06-28 02:47:45,668 [INFO] src.corpus_acquisition.downloader: Collected 37 / 60 pages
2026-06-28 02:47:47,767 [INFO] src.corpus_acquisition.downloader: Collected 39 / 60 pages
2026-06-28 02:47:49,865 [INFO] src.corpus_acquisition.downloader: Collected 41 / 60 pages
2026-06-28 02:47:51,950 [INFO] src.corpus_acquisition.downloader: Collected 43 / 60 pages
2026-06-28 02:47:54,138 [INFO] src.corpus_acquisition.downloader: Collected 45 / 60 pages
2026-06-28 02:47:56,240 [INFO] src.corpus_acquisition.downloader: Collected 47 / 60 pages
2026-06-28 02:47:58,329 [INFO] src.corpus_acquisition.downloader: Collected 48 / 60 pages
2026-06-28 02:48:04,708 [WARNING] src.corpus_acquisition.downloader: No new pages found after 3 attempts; stopping with 48 page(s).
2026-06-28 02:48:04,723 [INFO] src.corpus_acquisition.downloader: Downloading page 1 from https://t.prcdn.co/img?file=eaaj2025110900000000001001&page=1&scale=200
2026-06-28 02:48:05,213 [INFO] src.corpus_acquisition.downloader: Downloading page 2 from https://i.prcdn.co/img?file=eaaj2025110900000000001001&page=2&scale=200&ticket=AEdcRgrWBJq1MUXqeCFiv4U%3D
2026-06-28 02:48:05,779 [INFO] src.corpus_acquisition.downloader: Downloading page 3 from https://i.prcdn.co/img?file=eaaj2025110900000000001001&page=3&scale=200&ticket=ABItmIDWAo5i%2F9tnNvPbRNk%3D
2026-06-28 02:48:06,799 [INFO] src.corpus_acquisition.downloader: Downloading page 4 from https://i.prcdn.co/img?file=eaaj2025110900000000001001&page=4&scale=200&ticket=AN6yS0qwgU2SPzmlohI6WK4%3D
2026-06-28 02:48:07,297 [INFO] src.corpus_acquisition.downloader: Downloading page 5 from https://i.prcdn.co/img?file=eaaj2025110900000000001001&page=5&scale=200&ticket=ACXt%2BRQQdj%2F50coW6IYkqjQ%3D
2026-06-28 02:48:07,339 [INFO] src.corpus_acquisition.downloader: Downloading page 6 from https://i.prcdn.co/img?file=eaaj2025110900000000001001&page=6&scale=200&ticket=ALj1lG2S6jMuvRL1loqPpk0%3D
2026-06-28 02:48:08,444 [INFO] src.corpus_acquisition.downloader: Downloading page 7 from https://i.prcdn.co/img?file=eaaj2025110900000000001001&page=7&scale=200&ticket=AFUrb5uk3Iau2UuKk4mFAi0%3D
2026-06-28 02:48:08,499 [INFO] src.corpus_acquisition.downloader: Downloading page 8 from https://i.prcdn.co/img?file=eaaj2025110900000000001001&page=8&scale=200&ticket=AIzMycdw%2FG2SLw4YCNdAflk%3D
2026-06-28 02:48:08,548 [INFO] src.corpus_acquisition.downloader: Downloading page 9 from https://i.prcdn.co/img?file=eaaj2025110900000000001001&page=9&scale=200&ticket=AE3j2S7qKgcvkdSyz%2Fv69VU%3D
2026-06-28 02:48:09,456 [INFO] src.corpus_acquisition.downloader: Downloading page 10 from https://i.prcdn.co/img?file=eaaj2025110900000000001001&page=10&scale=200&ticket=AEX0TQktSsAfl7fRYIQa5g0%3D
2026-06-28 02:48:09,515 [INFO] src.corpus_acquisition.downloader: Downloading page 11 from https://i.prcdn.co/img?file=eaaj2025110900000000001001&page=11&scale=200&ticket=ANUovk%2FaWJbRfoqF7bei4lI%3D
2026-06-28 02:48:10,290 [INFO] src.corpus_acquisition.downloader: Downloading page 12 from https://i.prcdn.co/img?file=eaaj2025110900000000001001&page=12&scale=200&ticket=ABVNCPIivErwAZqExqwVBqo%3D
2026-06-28 02:48:10,346 [INFO] src.corpus_acquisition.downloader: Downloading page 13 from https://i.prcdn.co/img?file=eaaj2025110900000000001001&page=13&scale=200&ticket=AFfc686ABJ%2FTp9HcM4wCNGM%3D
2026-06-28 02:48:10,404 [INFO] src.corpus_acquisition.downloader: Downloading page 14 from https://i.prcdn.co/img?file=eaaj2025110900000000001001&page=14&scale=200&ticket=ACLq9L9t3SfrjFud38hxC2o%3D
2026-06-28 02:48:11,130 [INFO] src.corpus_acquisition.downloader: Downloading page 15 from https://i.prcdn.co/img?file=eaaj2025110900000000001001&page=15&scale=200&ticket=ADimrilzMpkxTaJYKFlCkuk%3D
2026-06-28 02:48:11,816 [INFO] src.corpus_acquisition.downloader: Downloading page 16 from https://i.prcdn.co/img?file=eaaj2025110900000000001001&page=16&scale=200&ticket=AM%2BiWc49ivZP7zpY0I4zVQw%3D
2026-06-28 02:48:12,344 [INFO] src.corpus_acquisition.downloader: Downloading page 17 from https://i.prcdn.co/img?file=eaaj2025110900000000001001&page=17&scale=200&ticket=AIf%2FryyBV1lTNMVc79cN5Rs%3D
2026-06-28 02:48:13,055 [INFO] src.corpus_acquisition.downloader: Downloading page 18 from https://i.prcdn.co/img?file=eaaj2025110900000000001001&page=18&scale=200&ticket=AC946VL3tRS98epgP9E7%2BCs%3D
2026-06-28 02:48:13,796 [INFO] src.corpus_acquisition.downloader: Downloading page 19 from https://i.prcdn.co/img?file=eaaj2025110900000000001001&page=19&scale=200&ticket=AI07T0tToFQTWaSSH9kcE64%3D
2026-06-28 02:48:14,826 [INFO] src.corpus_acquisition.downloader: Downloading page 20 from https://i.prcdn.co/img?file=eaaj2025110900000000001001&page=20&scale=200&ticket=AMxNNILVRivdNFzpiITDLgQ%3D
2026-06-28 02:48:15,424 [INFO] src.corpus_acquisition.downloader: Downloading page 21 from https://i.prcdn.co/img?file=eaaj2025110900000000001001&page=21&scale=200&ticket=ACQgZLvo2xT83kXo3HjKpik%3D
2026-06-28 02:48:15,480 [INFO] src.corpus_acquisition.downloader: Downloading page 22 from https://i.prcdn.co/img?file=eaaj2025110900000000001001&page=22&scale=200&ticket=ADBPDzrm6kkABqpzrvmICDY%3D
2026-06-28 02:48:16,273 [INFO] src.corpus_acquisition.downloader: Downloading page 23 from https://i.prcdn.co/img?file=eaaj2025110900000000001001&page=23&scale=200&ticket=ADteyJYCl4UBiCuaoiJhN6M%3D
2026-06-28 02:48:17,109 [INFO] src.corpus_acquisition.downloader: Downloading page 24 from https://i.prcdn.co/img?file=eaaj2025110900000000001001&page=24&scale=200&ticket=AH9in3NmKK68HgjBXa%2FZ9rY%3D
2026-06-28 02:48:18,004 [INFO] src.corpus_acquisition.downloader: Downloading page 25 from https://i.prcdn.co/img?file=eaaj2025110900000000001001&page=25&scale=200&ticket=ACW7AUiGWI3UTDir8QAnpxk%3D
2026-06-28 02:48:18,506 [INFO] src.corpus_acquisition.downloader: Downloading page 26 from https://i.prcdn.co/img?file=eaaj2025110900000000001001&page=26&scale=200&ticket=ACvDwsLpJfDacV1QWr3qTPE%3D
2026-06-28 02:48:19,156 [INFO] src.corpus_acquisition.downloader: Downloading page 27 from https://i.prcdn.co/img?file=eaaj2025110900000000001001&page=27&scale=200&ticket=AGqH6R6iE2mb3L3RhItlkLQ%3D
2026-06-28 02:48:20,219 [INFO] src.corpus_acquisition.downloader: Downloading page 28 from https://i.prcdn.co/img?file=eaaj2025110900000000001001&page=28&scale=200&ticket=AOha9KPADsf1x2gZMTjnYdM%3D
2026-06-28 02:48:20,972 [INFO] src.corpus_acquisition.downloader: Downloading page 29 from https://i.prcdn.co/img?file=eaaj2025110900000000001001&page=29&scale=200&ticket=AA8J5jmxm3VXiWm73B%2BH2iM%3D
2026-06-28 02:48:21,799 [INFO] src.corpus_acquisition.downloader: Downloading page 30 from https://i.prcdn.co/img?file=eaaj2025110900000000001001&page=30&scale=200&ticket=ACHk7PwXhJiRaxXbRN1qdo8%3D
2026-06-28 02:48:22,342 [INFO] src.corpus_acquisition.downloader: Downloading page 31 from https://i.prcdn.co/img?file=eaaj2025110900000000001001&page=31&scale=200&ticket=AGN7BgeWr5PEZKXuHM9%2BanQ%3D
2026-06-28 02:48:23,099 [INFO] src.corpus_acquisition.downloader: Downloading page 32 from https://i.prcdn.co/img?file=eaaj2025110900000000001001&page=32&scale=200&ticket=AKuVGrSMkT2rxT%2Bi2pbsQr8%3D
2026-06-28 02:48:24,022 [INFO] src.corpus_acquisition.downloader: Downloading page 33 from https://i.prcdn.co/img?file=eaaj2025110900000000001001&page=33&scale=200&ticket=ACj57xH8SeZ4PaC2E%2BYJtcQ%3D
2026-06-28 02:48:24,848 [INFO] src.corpus_acquisition.downloader: Downloading page 34 from https://i.prcdn.co/img?file=eaaj2025110900000000001001&page=34&scale=200&ticket=ALjFzSmbN%2Bhto3vVv7WsVng%3D
2026-06-28 02:48:25,843 [INFO] src.corpus_acquisition.downloader: Downloading page 35 from https://i.prcdn.co/img?file=eaaj2025110900000000001001&page=35&scale=200&ticket=APcohsq5QB%2BZxHYe6tqXO7o%3D
2026-06-28 02:48:26,669 [INFO] src.corpus_acquisition.downloader: Downloading page 36 from https://i.prcdn.co/img?file=eaaj2025110900000000001001&page=36&scale=200&ticket=APSzWyboFARH3iMFDTD4k1I%3D
2026-06-28 02:48:27,576 [INFO] src.corpus_acquisition.downloader: Downloading page 37 from https://i.prcdn.co/img?file=eaaj2025110900000000001001&page=37&scale=200&ticket=AAEMRI%2B8%2FwfisOUrpuSLmFg%3D
2026-06-28 02:48:28,352 [INFO] src.corpus_acquisition.downloader: Downloading page 38 from https://i.prcdn.co/img?file=eaaj2025110900000000001001&page=38&scale=200&ticket=ANeXk%2F%2BWaoKo%2FKT1Qpb4vJg%3D
2026-06-28 02:48:29,046 [INFO] src.corpus_acquisition.downloader: Downloading page 39 from https://i.prcdn.co/img?file=eaaj2025110900000000001001&page=39&scale=200&ticket=ALAnKcF1NLKfgDm%2BaLU0fxY%3D
2026-06-28 02:48:30,209 [INFO] src.corpus_acquisition.downloader: Downloading page 40 from https://i.prcdn.co/img?file=eaaj2025110900000000001001&page=40&scale=200&ticket=AJIdnegLcoF%2FSKVabi108Og%3D
2026-06-28 02:48:30,747 [INFO] src.corpus_acquisition.downloader: Downloading page 41 from https://i.prcdn.co/img?file=eaaj2025110900000000001001&page=41&scale=200&ticket=AEoId81RWmevt5QvRws3%2BOU%3D
2026-06-28 02:48:31,522 [INFO] src.corpus_acquisition.downloader: Downloading page 42 from https://i.prcdn.co/img?file=eaaj2025110900000000001001&page=42&scale=200&ticket=AFqGsB2ZodOImYqwPOAIPiA%3D
2026-06-28 02:48:32,395 [INFO] src.corpus_acquisition.downloader: Downloading page 43 from https://i.prcdn.co/img?file=eaaj2025110900000000001001&page=43&scale=200&ticket=APxLRZuteVcMzskIwMFDYy8%3D
2026-06-28 02:48:33,943 [INFO] src.corpus_acquisition.downloader: Downloading page 44 from https://i.prcdn.co/img?file=eaaj2025110900000000001001&page=44&scale=200&ticket=AKcG9DYCQ582G0VT3dPiHD0%3D
2026-06-28 02:48:34,666 [INFO] src.corpus_acquisition.downloader: Downloading page 45 from https://i.prcdn.co/img?file=eaaj2025110900000000001001&page=45&scale=200&ticket=AFS%2FMCmah3597rLf6TK4X3Q%3D
2026-06-28 02:48:35,583 [INFO] src.corpus_acquisition.downloader: Downloading page 46 from https://i.prcdn.co/img?file=eaaj2025110900000000001001&page=46&scale=200&ticket=AAWaMEzXDSPl18AcMl2aU5M%3D
2026-06-28 02:48:36,455 [INFO] src.corpus_acquisition.downloader: Downloading page 47 from https://i.prcdn.co/img?file=eaaj2025110900000000001001&page=47&scale=200&ticket=AN9VYtAKwPzwfNMCpYlhIZU%3D
2026-06-28 02:48:37,289 [INFO] src.corpus_acquisition.downloader: Downloading page 48 from https://i.prcdn.co/img?file=eaaj2025110900000000001001&page=48&scale=200&ticket=ABxZdJrQ9WfsccYAhtiVZ%2FU%3D
2026-06-28 02:48:38,517 [INFO] src.corpus_acquisition.metadata_extractor: Saved metadata for 48 page(s) -> data/raw/metadata/raw_metadata.parquet (total rows: 17760)
2026-06-28 02:48:38,519 [INFO] src.corpus_acquisition.metadata_extractor: Saved crawl log -> data/raw/crawl_logs/elcomercio_2025-11-09.json (status=success)
2026-06-28 02:48:42,488 [INFO] src.corpus_acquisition.downloader: Opening archive for elcomercio on 2025-11-10
2026-06-28 02:48:48,995 [INFO] src.corpus_acquisition.downloader: Collected 7 / 60 pages
2026-06-28 02:48:53,159 [INFO] src.corpus_acquisition.downloader: Collected 9 / 60 pages
2026-06-28 02:48:55,249 [INFO] src.corpus_acquisition.downloader: Collected 11 / 60 pages
2026-06-28 02:48:57,368 [INFO] src.corpus_acquisition.downloader: Collected 13 / 60 pages
2026-06-28 02:48:59,463 [INFO] src.corpus_acquisition.downloader: Collected 15 / 60 pages
2026-06-28 02:49:01,652 [INFO] src.corpus_acquisition.downloader: Collected 17 / 60 pages
2026-06-28 02:49:03,752 [INFO] src.corpus_acquisition.downloader: Collected 19 / 60 pages
2026-06-28 02:49:05,844 [INFO] src.corpus_acquisition.downloader: Collected 21 / 60 pages
2026-06-28 02:49:07,929 [INFO] src.corpus_acquisition.downloader: Collected 23 / 60 pages
2026-06-28 02:49:10,011 [INFO] src.corpus_acquisition.downloader: Collected 25 / 60 pages
2026-06-28 02:49:12,093 [INFO] src.corpus_acquisition.downloader: Collected 27 / 60 pages
2026-06-28 02:49:14,184 [INFO] src.corpus_acquisition.downloader: Collected 29 / 60 pages
2026-06-28 02:49:16,282 [INFO] src.corpus_acquisition.downloader: Collected 31 / 60 pages
2026-06-28 02:49:18,382 [INFO] src.corpus_acquisition.downloader: Collected 32 / 60 pages
2026-06-28 02:49:24,679 [WARNING] src.corpus_acquisition.downloader: No new pages found after 3 attempts; stopping with 32 page(s).
2026-06-28 02:49:24,693 [INFO] src.corpus_acquisition.downloader: Downloading page 1 from https://t.prcdn.co/img?file=eaaj2025111000000000001001&page=1&scale=200
2026-06-28 02:49:25,423 [INFO] src.corpus_acquisition.downloader: Downloading page 2 from https://i.prcdn.co/img?file=eaaj2025111000000000001001&page=2&scale=200&ticket=AMkiQvHRFkweWwgF0YsjrIY%3D
2026-06-28 02:49:25,462 [INFO] src.corpus_acquisition.downloader: Downloading page 3 from https://i.prcdn.co/img?file=eaaj2025111000000000001001&page=3&scale=200&ticket=ACSXsb%2BQcM9qBtbZVFXbaEU%3D
2026-06-28 02:49:25,959 [INFO] src.corpus_acquisition.downloader: Downloading page 4 from https://i.prcdn.co/img?file=eaaj2025111000000000001001&page=4&scale=200&ticket=AIdkCoQFGrmUzoaJPCuN6UY%3D
2026-06-28 02:49:25,999 [INFO] src.corpus_acquisition.downloader: Downloading page 5 from https://i.prcdn.co/img?file=eaaj2025111000000000001001&page=5&scale=200&ticket=AGXcFrFDPZ5uOBqGRYxeCKg%3D
2026-06-28 02:49:26,030 [INFO] src.corpus_acquisition.downloader: Downloading page 6 from https://i.prcdn.co/img?file=eaaj2025111000000000001001&page=6&scale=200&ticket=AOxRApMo519LKgtsA8InEio%3D
2026-06-28 02:49:27,223 [INFO] src.corpus_acquisition.downloader: Downloading page 7 from https://i.prcdn.co/img?file=eaaj2025111000000000001001&page=7&scale=200&ticket=AH9eRBt87ideaV1zJX9CwDg%3D
2026-06-28 02:49:27,918 [INFO] src.corpus_acquisition.downloader: Downloading page 8 from https://i.prcdn.co/img?file=eaaj2025111000000000001001&page=8&scale=200&ticket=AO3I3OKRDJmkjvaC%2FgHgvzU%3D
2026-06-28 02:49:27,964 [INFO] src.corpus_acquisition.downloader: Downloading page 9 from https://i.prcdn.co/img?file=eaaj2025111000000000001001&page=9&scale=200&ticket=AMcwXlW1vWpJjZijHZetTGo%3D
2026-06-28 02:49:28,459 [INFO] src.corpus_acquisition.downloader: Downloading page 10 from https://i.prcdn.co/img?file=eaaj2025111000000000001001&page=10&scale=200&ticket=ALDd368MdcwmfoXdT7sHDPI%3D
2026-06-28 02:49:28,998 [INFO] src.corpus_acquisition.downloader: Downloading page 11 from https://i.prcdn.co/img?file=eaaj2025111000000000001001&page=11&scale=200&ticket=AJweaYS%2BUY5rikqu3QBXNaQ%3D
2026-06-28 02:49:29,785 [INFO] src.corpus_acquisition.downloader: Downloading page 12 from https://i.prcdn.co/img?file=eaaj2025111000000000001001&page=12&scale=200&ticket=AP3l8X0t2HcXnhKadJdYDPQ%3D
2026-06-28 02:49:30,395 [INFO] src.corpus_acquisition.downloader: Downloading page 13 from https://i.prcdn.co/img?file=eaaj2025111000000000001001&page=13&scale=200&ticket=AIHlXgJ%2BP9E%2BaihU%2FcNDkRE%3D
2026-06-28 02:49:30,869 [INFO] src.corpus_acquisition.downloader: Downloading page 14 from https://i.prcdn.co/img?file=eaaj2025111000000000001001&page=14&scale=200&ticket=AEOtcdedi0oNdf3bilOwFeE%3D
2026-06-28 02:49:30,909 [INFO] src.corpus_acquisition.downloader: Downloading page 15 from https://i.prcdn.co/img?file=eaaj2025111000000000001001&page=15&scale=200&ticket=AH6eQdIPQrKMEOwWgloORHw%3D
2026-06-28 02:49:31,471 [INFO] src.corpus_acquisition.downloader: Downloading page 16 from https://i.prcdn.co/img?file=eaaj2025111000000000001001&page=16&scale=200&ticket=ADZnNDQx7TxSkYrZsd9%2FgIw%3D
2026-06-28 02:49:31,509 [INFO] src.corpus_acquisition.downloader: Downloading page 17 from https://i.prcdn.co/img?file=eaaj2025111000000000001001&page=17&scale=200&ticket=AG2uR49huvGm44%2Fz5xOpZyM%3D
2026-06-28 02:49:31,566 [INFO] src.corpus_acquisition.downloader: Downloading page 18 from https://i.prcdn.co/img?file=eaaj2025111000000000001001&page=18&scale=200&ticket=AI8XAPT9bv1Zqi35ILtC%2BbE%3D
2026-06-28 02:49:31,608 [INFO] src.corpus_acquisition.downloader: Downloading page 19 from https://i.prcdn.co/img?file=eaaj2025111000000000001001&page=19&scale=200&ticket=ADg1kuksT%2BP31%2BzYoSOe0Ko%3D
2026-06-28 02:49:31,737 [INFO] src.corpus_acquisition.downloader: Downloading page 20 from https://i.prcdn.co/img?file=eaaj2025111000000000001001&page=20&scale=200&ticket=AD6G0jgJm%2BvZJ8nttUPuc%2B0%3D
2026-06-28 02:49:32,210 [INFO] src.corpus_acquisition.downloader: Downloading page 21 from https://i.prcdn.co/img?file=eaaj2025111000000000001001&page=21&scale=200&ticket=AKrhq9O%2BQcXG2J5UevCspTA%3D
2026-06-28 02:49:32,263 [INFO] src.corpus_acquisition.downloader: Downloading page 22 from https://i.prcdn.co/img?file=eaaj2025111000000000001001&page=22&scale=200&ticket=ACnMVrPO0PtLVTG4EJkSbCI%3D
2026-06-28 02:49:33,142 [INFO] src.corpus_acquisition.downloader: Downloading page 23 from https://i.prcdn.co/img?file=eaaj2025111000000000001001&page=23&scale=200&ticket=AKiJVOmgu3a1v8cBlbuUUAk%3D
2026-06-28 02:49:33,758 [INFO] src.corpus_acquisition.downloader: Downloading page 24 from https://i.prcdn.co/img?file=eaaj2025111000000000001001&page=24&scale=200&ticket=ADty5F959g22gATWUYmoJZ4%3D
2026-06-28 02:49:34,261 [INFO] src.corpus_acquisition.downloader: Downloading page 25 from https://i.prcdn.co/img?file=eaaj2025111000000000001001&page=25&scale=200&ticket=AAeClJ%2BYrOClaaBiRKqrzHw%3D
2026-06-28 02:49:35,014 [INFO] src.corpus_acquisition.downloader: Downloading page 26 from https://i.prcdn.co/img?file=eaaj2025111000000000001001&page=26&scale=200&ticket=AOADXSxkJKKPoudZa4KTd3w%3D
2026-06-28 02:49:35,551 [INFO] src.corpus_acquisition.downloader: Downloading page 27 from https://i.prcdn.co/img?file=eaaj2025111000000000001001&page=27&scale=200&ticket=AH9sqSUjarlUrAfR6cwg6GU%3D
2026-06-28 02:49:36,241 [INFO] src.corpus_acquisition.downloader: Downloading page 28 from https://i.prcdn.co/img?file=eaaj2025111000000000001001&page=28&scale=200&ticket=AIJE5l75Pt%2BZJMgo%2B%2FU%2FMIo%3D
2026-06-28 02:49:36,779 [INFO] src.corpus_acquisition.downloader: Downloading page 29 from https://i.prcdn.co/img?file=eaaj2025111000000000001001&page=29&scale=200&ticket=ABlNM90uTPV82FrJwBLpb3A%3D
2026-06-28 02:49:37,382 [INFO] src.corpus_acquisition.downloader: Downloading page 30 from https://i.prcdn.co/img?file=eaaj2025111000000000001001&page=30&scale=200&ticket=AIxZa0ZOk9%2Bu6CSIZ45DzhA%3D
2026-06-28 02:49:37,985 [INFO] src.corpus_acquisition.downloader: Downloading page 31 from https://i.prcdn.co/img?file=eaaj2025111000000000001001&page=31&scale=200&ticket=ANzvK%2BeSpXIFrRMyoyEOOmU%3D
2026-06-28 02:49:38,693 [INFO] src.corpus_acquisition.downloader: Downloading page 32 from https://i.prcdn.co/img?file=eaaj2025111000000000001001&page=32&scale=200&ticket=APeYv2R8jCMJTiYdzJL8K3E%3D
2026-06-28 02:49:39,560 [INFO] src.corpus_acquisition.metadata_extractor: Saved metadata for 32 page(s) -> data/raw/metadata/raw_metadata.parquet (total rows: 17792)
2026-06-28 02:49:39,562 [INFO] src.corpus_acquisition.metadata_extractor: Saved crawl log -> data/raw/crawl_logs/elcomercio_2025-11-10.json (status=success)
2026-06-28 02:49:44,189 [INFO] src.corpus_acquisition.downloader: Opening archive for elcomercio on 2025-11-11
2026-06-28 02:49:50,146 [INFO] src.corpus_acquisition.downloader: Collected 7 / 60 pages
2026-06-28 02:49:54,324 [INFO] src.corpus_acquisition.downloader: Collected 9 / 60 pages
2026-06-28 02:49:56,409 [INFO] src.corpus_acquisition.downloader: Collected 11 / 60 pages
2026-06-28 02:49:58,511 [INFO] src.corpus_acquisition.downloader: Collected 13 / 60 pages
2026-06-28 02:50:00,714 [INFO] src.corpus_acquisition.downloader: Collected 15 / 60 pages
2026-06-28 02:50:02,813 [INFO] src.corpus_acquisition.downloader: Collected 17 / 60 pages
2026-06-28 02:50:04,908 [INFO] src.corpus_acquisition.downloader: Collected 19 / 60 pages
2026-06-28 02:50:06,993 [INFO] src.corpus_acquisition.downloader: Collected 20 / 60 pages
2026-06-28 02:50:13,259 [WARNING] src.corpus_acquisition.downloader: No new pages found after 3 attempts; stopping with 20 page(s).
2026-06-28 02:50:13,274 [INFO] src.corpus_acquisition.downloader: Downloading page 1 from https://t.prcdn.co/img?file=eaaj2025111100000051001001&page=1&scale=200
2026-06-28 02:50:14,058 [INFO] src.corpus_acquisition.downloader: Downloading page 2 from https://i.prcdn.co/img?file=eaaj2025111100000051001001&page=2&scale=200&ticket=ANK1r%2BGZHSUzKx36d4PHwBg%3D
2026-06-28 02:50:14,116 [INFO] src.corpus_acquisition.downloader: Downloading page 3 from https://i.prcdn.co/img?file=eaaj2025111100000051001001&page=3&scale=200&ticket=AHft8QS%2BAaXO5mwJg7sfNXU%3D
2026-06-28 02:50:14,837 [INFO] src.corpus_acquisition.downloader: Downloading page 4 from https://i.prcdn.co/img?file=eaaj2025111100000051001001&page=4&scale=200&ticket=ANF%2BqzB0QXjar7%2B4%2Fj6%2BWGw%3D
2026-06-28 02:50:14,881 [INFO] src.corpus_acquisition.downloader: Downloading page 5 from https://i.prcdn.co/img?file=eaaj2025111100000051001001&page=5&scale=200&ticket=APFN9yjNPuHLrNvjPqBiIKg%3D
2026-06-28 02:50:14,934 [INFO] src.corpus_acquisition.downloader: Downloading page 6 from https://i.prcdn.co/img?file=eaaj2025111100000051001001&page=6&scale=200&ticket=AF0Qk%2FMYGF7EQqlDm9hgzzY%3D
2026-06-28 02:50:15,083 [INFO] src.corpus_acquisition.downloader: Downloading page 7 from https://i.prcdn.co/img?file=eaaj2025111100000051001001&page=7&scale=200&ticket=AFVIlp1alCOr4nEPChRLXkA%3D
2026-06-28 02:50:15,980 [INFO] src.corpus_acquisition.downloader: Downloading page 8 from https://i.prcdn.co/img?file=eaaj2025111100000051001001&page=8&scale=200&ticket=AOXTKTIqIgFUDNVAjHNlHTQ%3D
2026-06-28 02:50:16,771 [INFO] src.corpus_acquisition.downloader: Downloading page 9 from https://i.prcdn.co/img?file=eaaj2025111100000051001001&page=9&scale=200&ticket=APls%2Fx78pQUo3OpmDVF5nL8%3D
2026-06-28 02:50:17,491 [INFO] src.corpus_acquisition.downloader: Downloading page 10 from https://i.prcdn.co/img?file=eaaj2025111100000051001001&page=10&scale=200&ticket=AJcabnI8fcrw4h7%2BxnRtZnU%3D
2026-06-28 02:50:17,554 [INFO] src.corpus_acquisition.downloader: Downloading page 11 from https://i.prcdn.co/img?file=eaaj2025111100000051001001&page=11&scale=200&ticket=AGiNfXi3k6VZZpwd5gwLSfs%3D
2026-06-28 02:50:17,703 [INFO] src.corpus_acquisition.downloader: Downloading page 12 from https://i.prcdn.co/img?file=eaaj2025111100000051001001&page=12&scale=200&ticket=ALfZutRmtf8A5%2FL3ds%2BSKo8%3D
2026-06-28 02:50:18,403 [INFO] src.corpus_acquisition.downloader: Downloading page 13 from https://i.prcdn.co/img?file=eaaj2025111100000051001001&page=13&scale=200&ticket=AHVLNXz4lUdt8NZSlcnoj0A%3D
2026-06-28 02:50:18,464 [INFO] src.corpus_acquisition.downloader: Downloading page 14 from https://i.prcdn.co/img?file=eaaj2025111100000051001001&page=14&scale=200&ticket=AHjPnH8lZXtY5RPl4CjVV90%3D
2026-06-28 02:50:18,504 [INFO] src.corpus_acquisition.downloader: Downloading page 15 from https://i.prcdn.co/img?file=eaaj2025111100000051001001&page=15&scale=200&ticket=AJlCTXj9MJjGFwRnlPKCtXM%3D
2026-06-28 02:50:19,396 [INFO] src.corpus_acquisition.downloader: Downloading page 16 from https://i.prcdn.co/img?file=eaaj2025111100000051001001&page=16&scale=200&ticket=AFmQ9ozsAfmdTxNx853gHrk%3D
2026-06-28 02:50:20,049 [INFO] src.corpus_acquisition.downloader: Downloading page 17 from https://i.prcdn.co/img?file=eaaj2025111100000051001001&page=17&scale=200&ticket=AMnwE81Vbboykmz5GRZRr7o%3D
2026-06-28 02:50:20,443 [INFO] src.corpus_acquisition.downloader: Downloading page 18 from https://i.prcdn.co/img?file=eaaj2025111100000051001001&page=18&scale=200&ticket=AP%2FpXOdfljvTsAEQTAelg%2B0%3D
2026-06-28 02:50:20,587 [INFO] src.corpus_acquisition.downloader: Downloading page 19 from https://i.prcdn.co/img?file=eaaj2025111100000051001001&page=19&scale=200&ticket=ACYzAllBbs3XPeZrFVsV0iI%3D
2026-06-28 02:50:21,401 [INFO] src.corpus_acquisition.downloader: Downloading page 20 from https://i.prcdn.co/img?file=eaaj2025111100000051001001&page=20&scale=200&ticket=AHv%2FIni8D3KZ%2FkrxH8RKSs4%3D
2026-06-28 02:50:22,020 [INFO] src.corpus_acquisition.metadata_extractor: Saved metadata for 20 page(s) -> data/raw/metadata/raw_metadata.parquet (total rows: 17812)
2026-06-28 02:50:22,038 [INFO] src.corpus_acquisition.metadata_extractor: Saved crawl log -> data/raw/crawl_logs/elcomercio_2025-11-11.json (status=success)
2026-06-28 02:50:27,452 [INFO] src.corpus_acquisition.downloader: Opening archive for elcomercio on 2025-11-12
2026-06-28 02:50:33,307 [INFO] src.corpus_acquisition.downloader: Collected 7 / 60 pages
2026-06-28 02:50:37,487 [INFO] src.corpus_acquisition.downloader: Collected 9 / 60 pages
2026-06-28 02:50:39,577 [INFO] src.corpus_acquisition.downloader: Collected 11 / 60 pages
2026-06-28 02:50:41,680 [INFO] src.corpus_acquisition.downloader: Collected 13 / 60 pages
2026-06-28 02:50:43,891 [INFO] src.corpus_acquisition.downloader: Collected 15 / 60 pages
2026-06-28 02:50:45,979 [INFO] src.corpus_acquisition.downloader: Collected 17 / 60 pages
2026-06-28 02:50:48,073 [INFO] src.corpus_acquisition.downloader: Collected 19 / 60 pages
2026-06-28 02:50:50,158 [INFO] src.corpus_acquisition.downloader: Collected 20 / 60 pages
2026-06-28 02:50:56,442 [WARNING] src.corpus_acquisition.downloader: No new pages found after 3 attempts; stopping with 20 page(s).
2026-06-28 02:50:56,455 [INFO] src.corpus_acquisition.downloader: Downloading page 1 from https://t.prcdn.co/img?file=eaaj2025111200000000001001&page=1&scale=200
2026-06-28 02:50:56,497 [INFO] src.corpus_acquisition.downloader: Downloading page 2 from https://i.prcdn.co/img?file=eaaj2025111200000000001001&page=2&scale=200&ticket=AAfYvJ%2FUHHalqLeaU%2BNCD6E%3D
2026-06-28 02:50:57,033 [INFO] src.corpus_acquisition.downloader: Downloading page 3 from https://i.prcdn.co/img?file=eaaj2025111200000000001001&page=3&scale=200&ticket=ANe0nZzhHhxVPiqwx%2BMXmbo%3D
2026-06-28 02:50:57,165 [INFO] src.corpus_acquisition.downloader: Downloading page 4 from https://i.prcdn.co/img?file=eaaj2025111200000000001001&page=4&scale=200&ticket=ACtg%2BxWJUpUtoap1Q7bPH3A%3D
2026-06-28 02:50:57,847 [INFO] src.corpus_acquisition.downloader: Downloading page 5 from https://i.prcdn.co/img?file=eaaj2025111200000000001001&page=5&scale=200&ticket=AGrFvtxILg%2Bfdz%2BsSBtbWBk%3D
2026-06-28 02:50:58,559 [INFO] src.corpus_acquisition.downloader: Downloading page 6 from https://i.prcdn.co/img?file=eaaj2025111200000000001001&page=6&scale=200&ticket=AMt4iABCkXk6EAhMbx0lgiQ%3D
2026-06-28 02:50:59,452 [INFO] src.corpus_acquisition.downloader: Downloading page 7 from https://i.prcdn.co/img?file=eaaj2025111200000000001001&page=7&scale=200&ticket=AEcuM9BQaGofYXh4zjVeXA8%3D
2026-06-28 02:50:59,986 [INFO] src.corpus_acquisition.downloader: Downloading page 8 from https://i.prcdn.co/img?file=eaaj2025111200000000001001&page=8&scale=200&ticket=ABz0zGAb3nUvzbr28P%2FDcNg%3D
2026-06-28 02:51:00,721 [INFO] src.corpus_acquisition.downloader: Downloading page 9 from https://i.prcdn.co/img?file=eaaj2025111200000000001001&page=9&scale=200&ticket=AOcbfv%2BL7ZnrvnwGc%2FZODIU%3D
2026-06-28 02:51:01,848 [INFO] src.corpus_acquisition.downloader: Downloading page 10 from https://i.prcdn.co/img?file=eaaj2025111200000000001001&page=10&scale=200&ticket=AEjzflriiXdBX3oteCu3Tt4%3D
2026-06-28 02:51:02,607 [INFO] src.corpus_acquisition.downloader: Downloading page 11 from https://i.prcdn.co/img?file=eaaj2025111200000000001001&page=11&scale=200&ticket=ADvhsNcHQMc7eblEoc2Qt3g%3D
2026-06-28 02:51:03,266 [INFO] src.corpus_acquisition.downloader: Downloading page 12 from https://i.prcdn.co/img?file=eaaj2025111200000000001001&page=12&scale=200&ticket=AFbAGLALxaWOkmGLEECR08w%3D
2026-06-28 02:51:03,943 [INFO] src.corpus_acquisition.downloader: Downloading page 13 from https://i.prcdn.co/img?file=eaaj2025111200000000001001&page=13&scale=200&ticket=AJO8FNPc%2F7FnoNTzAq36niE%3D
2026-06-28 02:51:04,709 [INFO] src.corpus_acquisition.downloader: Downloading page 14 from https://i.prcdn.co/img?file=eaaj2025111200000000001001&page=14&scale=200&ticket=ALiQlnmCTMjeBtkj3nRyLLY%3D
2026-06-28 02:51:04,752 [INFO] src.corpus_acquisition.downloader: Downloading page 15 from https://i.prcdn.co/img?file=eaaj2025111200000000001001&page=15&scale=200&ticket=AFBF4qdZ6cqBy6lQt%2BEyQzE%3D
2026-06-28 02:51:04,891 [INFO] src.corpus_acquisition.downloader: Downloading page 16 from https://i.prcdn.co/img?file=eaaj2025111200000000001001&page=16&scale=200&ticket=AEqu49wcuYAqq4hnXRGPqY0%3D
2026-06-28 02:51:05,550 [INFO] src.corpus_acquisition.downloader: Downloading page 17 from https://i.prcdn.co/img?file=eaaj2025111200000000001001&page=17&scale=200&ticket=APw6eja%2B%2BhQQm4QHQDBA%2BF4%3D
2026-06-28 02:51:05,591 [INFO] src.corpus_acquisition.downloader: Downloading page 18 from https://i.prcdn.co/img?file=eaaj2025111200000000001001&page=18&scale=200&ticket=AMeYplLKFi6Pe4o9xbcPLIA%3D
2026-06-28 02:51:05,642 [INFO] src.corpus_acquisition.downloader: Downloading page 19 from https://i.prcdn.co/img?file=eaaj2025111200000000001001&page=19&scale=200&ticket=AJ%2FaUTMr3JzKWpBgsLsZlGo%3D
2026-06-28 02:51:05,702 [INFO] src.corpus_acquisition.downloader: Downloading page 20 from https://i.prcdn.co/img?file=eaaj2025111200000000001001&page=20&scale=200&ticket=AFlUYHNERYQdwEzOZJhidcc%3D
2026-06-28 02:51:05,775 [INFO] src.corpus_acquisition.metadata_extractor: Saved metadata for 20 page(s) -> data/raw/metadata/raw_metadata.parquet (total rows: 17832)
2026-06-28 02:51:05,778 [INFO] src.corpus_acquisition.metadata_extractor: Saved crawl log -> data/raw/crawl_logs/elcomercio_2025-11-12.json (status=success)
2026-06-28 02:51:10,473 [INFO] src.corpus_acquisition.downloader: Opening archive for elcomercio on 2025-11-13
2026-06-28 02:51:16,318 [INFO] src.corpus_acquisition.downloader: Collected 7 / 60 pages
2026-06-28 02:51:20,487 [INFO] src.corpus_acquisition.downloader: Collected 9 / 60 pages
2026-06-28 02:51:22,577 [INFO] src.corpus_acquisition.downloader: Collected 11 / 60 pages
2026-06-28 02:51:24,669 [INFO] src.corpus_acquisition.downloader: Collected 13 / 60 pages
2026-06-28 02:51:26,846 [INFO] src.corpus_acquisition.downloader: Collected 15 / 60 pages
2026-06-28 02:51:28,946 [INFO] src.corpus_acquisition.downloader: Collected 17 / 60 pages
2026-06-28 02:51:31,039 [INFO] src.corpus_acquisition.downloader: Collected 19 / 60 pages
2026-06-28 02:51:33,124 [INFO] src.corpus_acquisition.downloader: Collected 20 / 60 pages
2026-06-28 02:51:39,390 [WARNING] src.corpus_acquisition.downloader: No new pages found after 3 attempts; stopping with 20 page(s).
2026-06-28 02:51:39,403 [INFO] src.corpus_acquisition.downloader: Downloading page 1 from https://t.prcdn.co/img?file=eaaj2025111300000000001001&page=1&scale=200
2026-06-28 02:51:40,071 [INFO] src.corpus_acquisition.downloader: Downloading page 2 from https://i.prcdn.co/img?file=eaaj2025111300000000001001&page=2&scale=200&ticket=AP7iqGCGA9ip5oqh7wT6dXE%3D
2026-06-28 02:51:41,104 [INFO] src.corpus_acquisition.downloader: Downloading page 3 from https://i.prcdn.co/img?file=eaaj2025111300000000001001&page=3&scale=200&ticket=ANhcRBRsBwA7Okzeh%2BF8ICU%3D
2026-06-28 02:51:41,150 [INFO] src.corpus_acquisition.downloader: Downloading page 4 from https://i.prcdn.co/img?file=eaaj2025111300000000001001&page=4&scale=200&ticket=AKE8%2Fmo7j7a8El%2F4M6is3nE%3D
2026-06-28 02:51:42,390 [INFO] src.corpus_acquisition.downloader: Downloading page 5 from https://i.prcdn.co/img?file=eaaj2025111300000000001001&page=5&scale=200&ticket=AB9xyZpJwJOb9myOQnkKkXY%3D
2026-06-28 02:51:43,061 [INFO] src.corpus_acquisition.downloader: Downloading page 6 from https://i.prcdn.co/img?file=eaaj2025111300000000001001&page=6&scale=200&ticket=ADZkNF7FKuwbXqEgiUGLPq4%3D
2026-06-28 02:51:44,506 [INFO] src.corpus_acquisition.downloader: Downloading page 7 from https://i.prcdn.co/img?file=eaaj2025111300000000001001&page=7&scale=200&ticket=ANjqcAGHE37Mr6DSo9gALlY%3D
2026-06-28 02:51:45,251 [INFO] src.corpus_acquisition.downloader: Downloading page 8 from https://i.prcdn.co/img?file=eaaj2025111300000000001001&page=8&scale=200&ticket=AHioPm%2F1iEZkVTyPqaAxh6g%3D
2026-06-28 02:51:45,399 [INFO] src.corpus_acquisition.downloader: Downloading page 9 from https://i.prcdn.co/img?file=eaaj2025111300000000001001&page=9&scale=200&ticket=AI5QG7swzqJzn3fXQU%2BAdAk%3D
2026-06-28 02:51:45,462 [INFO] src.corpus_acquisition.downloader: Downloading page 10 from https://i.prcdn.co/img?file=eaaj2025111300000000001001&page=10&scale=200&ticket=ACCe07nfsU5uTdxBkvGzA1k%3D
2026-06-28 02:51:46,191 [INFO] src.corpus_acquisition.downloader: Downloading page 11 from https://i.prcdn.co/img?file=eaaj2025111300000000001001&page=11&scale=200&ticket=AK5l0BJ9hkYt8NfNbHUxFyk%3D
2026-06-28 02:51:46,981 [INFO] src.corpus_acquisition.downloader: Downloading page 12 from https://i.prcdn.co/img?file=eaaj2025111300000000001001&page=12&scale=200&ticket=ACRRukY308Fug47zPv7PkjU%3D
2026-06-28 02:51:47,625 [INFO] src.corpus_acquisition.downloader: Downloading page 13 from https://i.prcdn.co/img?file=eaaj2025111300000000001001&page=13&scale=200&ticket=AMSPFPcxu75ScFov2n4bS6s%3D
2026-06-28 02:51:48,355 [INFO] src.corpus_acquisition.downloader: Downloading page 14 from https://i.prcdn.co/img?file=eaaj2025111300000000001001&page=14&scale=200&ticket=AANe8ikRoyaxZBeESHV%2B7GQ%3D
2026-06-28 02:51:48,496 [INFO] src.corpus_acquisition.downloader: Downloading page 15 from https://i.prcdn.co/img?file=eaaj2025111300000000001001&page=15&scale=200&ticket=AHjtba8DN%2BWi4PftL%2BY6KKM%3D
2026-06-28 02:51:48,538 [INFO] src.corpus_acquisition.downloader: Downloading page 16 from https://i.prcdn.co/img?file=eaaj2025111300000000001001&page=16&scale=200&ticket=AAGR5%2BEStPh%2BnucwzReQE6o%3D
2026-06-28 02:51:48,595 [INFO] src.corpus_acquisition.downloader: Downloading page 17 from https://i.prcdn.co/img?file=eaaj2025111300000000001001&page=17&scale=200&ticket=ADLZke7Xl3UWj2Lte9g5WdE%3D
2026-06-28 02:51:49,014 [INFO] src.corpus_acquisition.downloader: Downloading page 18 from https://i.prcdn.co/img?file=eaaj2025111300000000001001&page=18&scale=200&ticket=AJ4NnKSYloC9klDTaj2%2FopE%3D
2026-06-28 02:51:49,075 [INFO] src.corpus_acquisition.downloader: Downloading page 19 from https://i.prcdn.co/img?file=eaaj2025111300000000001001&page=19&scale=200&ticket=AKBdc%2BoWqR6Fo4kaEfTxHjc%3D
2026-06-28 02:51:49,116 [INFO] src.corpus_acquisition.downloader: Downloading page 20 from https://i.prcdn.co/img?file=eaaj2025111300000000001001&page=20&scale=200&ticket=AIj4haXS49p2LTJRcb9ljIk%3D
2026-06-28 02:51:49,734 [INFO] src.corpus_acquisition.metadata_extractor: Saved metadata for 20 page(s) -> data/raw/metadata/raw_metadata.parquet (total rows: 17852)
2026-06-28 02:51:49,736 [INFO] src.corpus_acquisition.metadata_extractor: Saved crawl log -> data/raw/crawl_logs/elcomercio_2025-11-13.json (status=success)
2026-06-28 02:51:54,096 [INFO] src.corpus_acquisition.downloader: Opening archive for elcomercio on 2025-11-14
2026-06-28 02:52:00,011 [INFO] src.corpus_acquisition.downloader: Collected 7 / 60 pages
2026-06-28 02:52:04,182 [INFO] src.corpus_acquisition.downloader: Collected 9 / 60 pages
2026-06-28 02:52:06,272 [INFO] src.corpus_acquisition.downloader: Collected 11 / 60 pages
2026-06-28 02:52:08,352 [INFO] src.corpus_acquisition.downloader: Collected 13 / 60 pages
2026-06-28 02:52:10,504 [INFO] src.corpus_acquisition.downloader: Collected 15 / 60 pages
2026-06-28 02:52:12,635 [INFO] src.corpus_acquisition.downloader: Collected 17 / 60 pages
2026-06-28 02:52:14,722 [INFO] src.corpus_acquisition.downloader: Collected 19 / 60 pages
2026-06-28 02:52:16,810 [INFO] src.corpus_acquisition.downloader: Collected 20 / 60 pages
2026-06-28 02:52:23,088 [WARNING] src.corpus_acquisition.downloader: No new pages found after 3 attempts; stopping with 20 page(s).
2026-06-28 02:52:23,101 [INFO] src.corpus_acquisition.downloader: Downloading page 1 from https://t.prcdn.co/img?file=eaaj2025111400000000001001&page=1&scale=200
2026-06-28 02:52:23,246 [INFO] src.corpus_acquisition.downloader: Downloading page 2 from https://i.prcdn.co/img?file=eaaj2025111400000000001001&page=2&scale=200&ticket=AORuX9nHnXeUtyeBqQpdhrs%3D
2026-06-28 02:52:23,306 [INFO] src.corpus_acquisition.downloader: Downloading page 3 from https://i.prcdn.co/img?file=eaaj2025111400000000001001&page=3&scale=200&ticket=AGId1yrAfHl7fxdkYrazAX8%3D
2026-06-28 02:52:23,351 [INFO] src.corpus_acquisition.downloader: Downloading page 4 from https://i.prcdn.co/img?file=eaaj2025111400000000001001&page=4&scale=200&ticket=ACvznPotz2NSzJ5%2B9z9hI9o%3D
2026-06-28 02:52:23,389 [INFO] src.corpus_acquisition.downloader: Downloading page 5 from https://i.prcdn.co/img?file=eaaj2025111400000000001001&page=5&scale=200&ticket=AKal89UyblhYE1r6gHx50cA%3D
2026-06-28 02:52:23,920 [INFO] src.corpus_acquisition.downloader: Downloading page 6 from https://i.prcdn.co/img?file=eaaj2025111400000000001001&page=6&scale=200&ticket=ACkELeiBqg%2FS0AGSFHt19GE%3D
2026-06-28 02:52:25,535 [INFO] src.corpus_acquisition.downloader: Downloading page 7 from https://i.prcdn.co/img?file=eaaj2025111400000000001001&page=7&scale=200&ticket=ADxZ1c7QGla8uY21ja1zr54%3D
2026-06-28 02:52:26,254 [INFO] src.corpus_acquisition.downloader: Downloading page 8 from https://i.prcdn.co/img?file=eaaj2025111400000000001001&page=8&scale=200&ticket=AOVakQEFvVfdOCTeAI6W4IA%3D
2026-06-28 02:52:26,982 [INFO] src.corpus_acquisition.downloader: Downloading page 9 from https://i.prcdn.co/img?file=eaaj2025111400000000001001&page=9&scale=200&ticket=AFzFRLv3o3CRYci42fsbWQQ%3D
2026-06-28 02:52:27,878 [INFO] src.corpus_acquisition.downloader: Downloading page 10 from https://i.prcdn.co/img?file=eaaj2025111400000000001001&page=10&scale=200&ticket=APUnCRFVz0O5P3iDU7OX2o0%3D
2026-06-28 02:52:27,941 [INFO] src.corpus_acquisition.downloader: Downloading page 11 from https://i.prcdn.co/img?file=eaaj2025111400000000001001&page=11&scale=200&ticket=ALDVDBh6N%2FOwy9%2Bmp%2F9Co%2Fk%3D
2026-06-28 02:52:27,983 [INFO] src.corpus_acquisition.downloader: Downloading page 12 from https://i.prcdn.co/img?file=eaaj2025111400000000001001&page=12&scale=200&ticket=ABaKIUqJKRPLAsZJe5Ekouk%3D
2026-06-28 02:52:28,809 [INFO] src.corpus_acquisition.downloader: Downloading page 13 from https://i.prcdn.co/img?file=eaaj2025111400000000001001&page=13&scale=200&ticket=APN5%2BbX5us4EOaMyf4Nf710%3D
2026-06-28 02:52:29,343 [INFO] src.corpus_acquisition.downloader: Downloading page 14 from https://i.prcdn.co/img?file=eaaj2025111400000000001001&page=14&scale=200&ticket=AIi4f9QRiLOf%2F7DkdnxS6GE%3D
2026-06-28 02:52:30,090 [INFO] src.corpus_acquisition.downloader: Downloading page 15 from https://i.prcdn.co/img?file=eaaj2025111400000000001001&page=15&scale=200&ticket=AIUvsuGBuggI%2BVYTXYE%2Bjmw%3D
2026-06-28 02:52:30,843 [INFO] src.corpus_acquisition.downloader: Downloading page 16 from https://i.prcdn.co/img?file=eaaj2025111400000000001001&page=16&scale=200&ticket=AF0arpT9PmTr8JDUpCaXpgk%3D
2026-06-28 02:52:31,623 [INFO] src.corpus_acquisition.downloader: Downloading page 17 from https://i.prcdn.co/img?file=eaaj2025111400000000001001&page=17&scale=200&ticket=AKobkhPVOZcOwN8NWXkRCFE%3D
2026-06-28 02:52:32,317 [INFO] src.corpus_acquisition.downloader: Downloading page 18 from https://i.prcdn.co/img?file=eaaj2025111400000000001001&page=18&scale=200&ticket=AB21mNvHY%2BZq9moiT%2Fn9dtc%3D
2026-06-28 02:52:32,803 [INFO] src.corpus_acquisition.downloader: Downloading page 19 from https://i.prcdn.co/img?file=eaaj2025111400000000001001&page=19&scale=200&ticket=AJ4BGhgRInR4nYzH4uRE70c%3D
2026-06-28 02:52:33,624 [INFO] src.corpus_acquisition.downloader: Downloading page 20 from https://i.prcdn.co/img?file=eaaj2025111400000000001001&page=20&scale=200&ticket=AGTbOETvi4TXWHtF6I2HTDk%3D
2026-06-28 02:52:33,719 [INFO] src.corpus_acquisition.metadata_extractor: Saved metadata for 20 page(s) -> data/raw/metadata/raw_metadata.parquet (total rows: 17872)
2026-06-28 02:52:33,721 [INFO] src.corpus_acquisition.metadata_extractor: Saved crawl log -> data/raw/crawl_logs/elcomercio_2025-11-14.json (status=success)
2026-06-28 02:52:39,574 [INFO] src.corpus_acquisition.downloader: Opening archive for elcomercio on 2025-11-15
2026-06-28 02:52:45,407 [INFO] src.corpus_acquisition.downloader: Collected 7 / 60 pages
2026-06-28 02:52:49,583 [INFO] src.corpus_acquisition.downloader: Collected 9 / 60 pages
2026-06-28 02:52:51,673 [INFO] src.corpus_acquisition.downloader: Collected 11 / 60 pages
2026-06-28 02:52:53,766 [INFO] src.corpus_acquisition.downloader: Collected 13 / 60 pages
2026-06-28 02:52:55,952 [INFO] src.corpus_acquisition.downloader: Collected 15 / 60 pages
2026-06-28 02:52:58,038 [INFO] src.corpus_acquisition.downloader: Collected 17 / 60 pages
2026-06-28 02:53:00,143 [INFO] src.corpus_acquisition.downloader: Collected 19 / 60 pages
2026-06-28 02:53:02,234 [INFO] src.corpus_acquisition.downloader: Collected 21 / 60 pages
2026-06-28 02:53:04,321 [INFO] src.corpus_acquisition.downloader: Collected 23 / 60 pages
2026-06-28 02:53:06,425 [INFO] src.corpus_acquisition.downloader: Collected 24 / 60 pages
2026-06-28 02:53:12,706 [WARNING] src.corpus_acquisition.downloader: No new pages found after 3 attempts; stopping with 24 page(s).
2026-06-28 02:53:12,718 [INFO] src.corpus_acquisition.downloader: Downloading page 1 from https://t.prcdn.co/img?file=eaaj2025111500000000001001&page=1&scale=200
2026-06-28 02:53:12,761 [INFO] src.corpus_acquisition.downloader: Downloading page 2 from https://i.prcdn.co/img?file=eaaj2025111500000000001001&page=2&scale=200&ticket=AJHDCcVHqDm9Hw%2B7AnKyDA4%3D
2026-06-28 02:53:12,799 [INFO] src.corpus_acquisition.downloader: Downloading page 3 from https://i.prcdn.co/img?file=eaaj2025111500000000001001&page=3&scale=200&ticket=AGO2oac%2BtkSAbpePnmbI%2F78%3D
2026-06-28 02:53:12,845 [INFO] src.corpus_acquisition.downloader: Downloading page 4 from https://i.prcdn.co/img?file=eaaj2025111500000000001001&page=4&scale=200&ticket=ACoDzMyiYUeWnh2CSYm%2Fz4M%3D
2026-06-28 02:53:13,871 [INFO] src.corpus_acquisition.downloader: Downloading page 5 from https://i.prcdn.co/img?file=eaaj2025111500000000001001&page=5&scale=200&ticket=AOVYKCKalVOHUWjkq4EtQig%3D
2026-06-28 02:53:14,901 [INFO] src.corpus_acquisition.downloader: Downloading page 6 from https://i.prcdn.co/img?file=eaaj2025111500000000001001&page=6&scale=200&ticket=AGLARt%2F5Rew%2BZ3A%2BVt34WF4%3D
2026-06-28 02:53:14,950 [INFO] src.corpus_acquisition.downloader: Downloading page 7 from https://i.prcdn.co/img?file=eaaj2025111500000000001001&page=7&scale=200&ticket=AOx2Z5c%2FCWBFzvPh2EUePtY%3D
2026-06-28 02:53:15,679 [INFO] src.corpus_acquisition.downloader: Downloading page 8 from https://i.prcdn.co/img?file=eaaj2025111500000000001001&page=8&scale=200&ticket=AJC5sDyeXkwDB%2BkBln2ji2s%3D
2026-06-28 02:53:16,694 [INFO] src.corpus_acquisition.downloader: Downloading page 9 from https://i.prcdn.co/img?file=eaaj2025111500000000001001&page=9&scale=200&ticket=AJ7KDfj4w3nDKp32abgDJZ8%3D
2026-06-28 02:53:17,157 [INFO] src.corpus_acquisition.downloader: Downloading page 10 from https://i.prcdn.co/img?file=eaaj2025111500000000001001&page=10&scale=200&ticket=ADeuoR48iqV%2FiD3Q8ftr2bc%3D
2026-06-28 02:53:17,201 [INFO] src.corpus_acquisition.downloader: Downloading page 11 from https://i.prcdn.co/img?file=eaaj2025111500000000001001&page=11&scale=200&ticket=AKTpJ0n33HZX2JaX11dM9xM%3D
2026-06-28 02:53:17,895 [INFO] src.corpus_acquisition.downloader: Downloading page 12 from https://i.prcdn.co/img?file=eaaj2025111500000000001001&page=12&scale=200&ticket=ANYJ8KQTdEGQFuQhPhK2ouI%3D
2026-06-28 02:53:18,664 [INFO] src.corpus_acquisition.downloader: Downloading page 13 from https://i.prcdn.co/img?file=eaaj2025111500000000001001&page=13&scale=200&ticket=AFmLZRDMgWc8ne3fs61wfKk%3D
2026-06-28 02:53:18,725 [INFO] src.corpus_acquisition.downloader: Downloading page 14 from https://i.prcdn.co/img?file=eaaj2025111500000000001001&page=14&scale=200&ticket=AHO9TsKAFSRzTEthg6H2Q2M%3D
2026-06-28 02:53:18,787 [INFO] src.corpus_acquisition.downloader: Downloading page 15 from https://i.prcdn.co/img?file=eaaj2025111500000000001001&page=15&scale=200&ticket=AMvuYFTkJjIXrGHiGuQDKyM%3D
2026-06-28 02:53:18,844 [INFO] src.corpus_acquisition.downloader: Downloading page 16 from https://i.prcdn.co/img?file=eaaj2025111500000000001001&page=16&scale=200&ticket=AGXxHAGLp0TatCQY45maj2M%3D
2026-06-28 02:53:18,884 [INFO] src.corpus_acquisition.downloader: Downloading page 17 from https://i.prcdn.co/img?file=eaaj2025111500000000001001&page=17&scale=200&ticket=AG1d3uhGHFiG3mJxlBTwIUQ%3D
2026-06-28 02:53:18,922 [INFO] src.corpus_acquisition.downloader: Downloading page 18 from https://i.prcdn.co/img?file=eaaj2025111500000000001001&page=18&scale=200&ticket=APOHUUx9chUbVZProcW1IRc%3D
2026-06-28 02:53:19,047 [INFO] src.corpus_acquisition.downloader: Downloading page 19 from https://i.prcdn.co/img?file=eaaj2025111500000000001001&page=19&scale=200&ticket=AGR%2Fu9aCdJ%2FwAsTCxYR4Yxo%3D
2026-06-28 02:53:19,839 [INFO] src.corpus_acquisition.downloader: Downloading page 20 from https://i.prcdn.co/img?file=eaaj2025111500000000001001&page=20&scale=200&ticket=AAUj%2FlWUrVdzrzOaE6aMdpY%3D
2026-06-28 02:53:19,881 [INFO] src.corpus_acquisition.downloader: Downloading page 21 from https://i.prcdn.co/img?file=eaaj2025111500000000001001&page=21&scale=200&ticket=ADAT6WIxkySTu8ROcqxYg7M%3D
2026-06-28 02:53:19,936 [INFO] src.corpus_acquisition.downloader: Downloading page 22 from https://i.prcdn.co/img?file=eaaj2025111500000000001001&page=22&scale=200&ticket=AAhAaSOZvM%2BbBBK8acIXv1U%3D
2026-06-28 02:53:20,607 [INFO] src.corpus_acquisition.downloader: Downloading page 23 from https://i.prcdn.co/img?file=eaaj2025111500000000001001&page=23&scale=200&ticket=AGxd%2FCUXoHNbujbjVQYMBnM%3D
2026-06-28 02:53:21,243 [INFO] src.corpus_acquisition.downloader: Downloading page 24 from https://i.prcdn.co/img?file=eaaj2025111500000000001001&page=24&scale=200&ticket=AMbiAJpr9XKuQAPuzQH6Q8M%3D
2026-06-28 02:53:21,967 [INFO] src.corpus_acquisition.metadata_extractor: Saved metadata for 24 page(s) -> data/raw/metadata/raw_metadata.parquet (total rows: 17896)
2026-06-28 02:53:21,970 [INFO] src.corpus_acquisition.metadata_extractor: Saved crawl log -> data/raw/crawl_logs/elcomercio_2025-11-15.json (status=success)
2026-06-28 02:53:25,897 [INFO] src.corpus_acquisition.downloader: Opening archive for elcomercio on 2025-11-16
2026-06-28 02:53:31,848 [INFO] src.corpus_acquisition.downloader: Collected 7 / 60 pages
2026-06-28 02:53:36,018 [INFO] src.corpus_acquisition.downloader: Collected 9 / 60 pages
2026-06-28 02:53:38,102 [INFO] src.corpus_acquisition.downloader: Collected 11 / 60 pages
2026-06-28 02:53:40,185 [INFO] src.corpus_acquisition.downloader: Collected 13 / 60 pages
2026-06-28 02:53:42,279 [INFO] src.corpus_acquisition.downloader: Collected 15 / 60 pages
2026-06-28 02:53:44,373 [INFO] src.corpus_acquisition.downloader: Collected 17 / 60 pages
2026-06-28 02:53:46,466 [INFO] src.corpus_acquisition.downloader: Collected 19 / 60 pages
2026-06-28 02:53:48,549 [INFO] src.corpus_acquisition.downloader: Collected 21 / 60 pages
2026-06-28 02:53:50,636 [INFO] src.corpus_acquisition.downloader: Collected 23 / 60 pages
2026-06-28 02:53:52,729 [INFO] src.corpus_acquisition.downloader: Collected 25 / 60 pages
2026-06-28 02:53:54,818 [INFO] src.corpus_acquisition.downloader: Collected 27 / 60 pages
2026-06-28 02:53:56,904 [INFO] src.corpus_acquisition.downloader: Collected 29 / 60 pages
2026-06-28 02:53:59,001 [INFO] src.corpus_acquisition.downloader: Collected 31 / 60 pages
2026-06-28 02:54:01,091 [INFO] src.corpus_acquisition.downloader: Collected 33 / 60 pages
2026-06-28 02:54:03,190 [INFO] src.corpus_acquisition.downloader: Collected 35 / 60 pages
2026-06-28 02:54:05,387 [INFO] src.corpus_acquisition.downloader: Collected 37 / 60 pages
2026-06-28 02:54:07,486 [INFO] src.corpus_acquisition.downloader: Collected 39 / 60 pages
2026-06-28 02:54:09,584 [INFO] src.corpus_acquisition.downloader: Collected 41 / 60 pages
2026-06-28 02:54:11,667 [INFO] src.corpus_acquisition.downloader: Collected 43 / 60 pages
2026-06-28 02:54:13,748 [INFO] src.corpus_acquisition.downloader: Collected 45 / 60 pages
2026-06-28 02:54:15,843 [INFO] src.corpus_acquisition.downloader: Collected 47 / 60 pages
2026-06-28 02:54:17,933 [INFO] src.corpus_acquisition.downloader: Collected 48 / 60 pages
2026-06-28 02:54:24,201 [WARNING] src.corpus_acquisition.downloader: No new pages found after 3 attempts; stopping with 48 page(s).
2026-06-28 02:54:24,215 [INFO] src.corpus_acquisition.downloader: Downloading page 1 from https://t.prcdn.co/img?file=eaaj2025111600000000001001&page=1&scale=200
2026-06-28 02:54:24,893 [INFO] src.corpus_acquisition.downloader: Downloading page 2 from https://i.prcdn.co/img?file=eaaj2025111600000000001001&page=2&scale=200&ticket=AByhla%2BvUi9rOWqM0h5wl54%3D
2026-06-28 02:54:25,356 [INFO] src.corpus_acquisition.downloader: Downloading page 3 from https://i.prcdn.co/img?file=eaaj2025111600000000001001&page=3&scale=200&ticket=ALC8dps46f4VtMPoJWTbids%3D
2026-06-28 02:54:25,426 [INFO] src.corpus_acquisition.downloader: Downloading page 4 from https://i.prcdn.co/img?file=eaaj2025111600000000001001&page=4&scale=200&ticket=AO0ZdS1AGhRbGdoWETZi6r8%3D
2026-06-28 02:54:25,919 [INFO] src.corpus_acquisition.downloader: Downloading page 5 from https://i.prcdn.co/img?file=eaaj2025111600000000001001&page=5&scale=200&ticket=AM%2FlK6%2BHg1UYTpDGvcW0EKs%3D
2026-06-28 02:54:26,490 [INFO] src.corpus_acquisition.downloader: Downloading page 6 from https://i.prcdn.co/img?file=eaaj2025111600000000001001&page=6&scale=200&ticket=AGHJPMZ25IKRbFZ2i4Hrut8%3D
2026-06-28 02:54:27,017 [INFO] src.corpus_acquisition.downloader: Downloading page 7 from https://i.prcdn.co/img?file=eaaj2025111600000000001001&page=7&scale=200&ticket=AJXqp0hrleXstTIYnBDG%2Bks%3D
2026-06-28 02:54:28,086 [INFO] src.corpus_acquisition.downloader: Downloading page 8 from https://i.prcdn.co/img?file=eaaj2025111600000000001001&page=8&scale=200&ticket=AKBY2WdhSXpqInHS%2Bixw%2Fns%3D
2026-06-28 02:54:28,924 [INFO] src.corpus_acquisition.downloader: Downloading page 9 from https://i.prcdn.co/img?file=eaaj2025111600000000001001&page=9&scale=200&ticket=AGKZxmk3i5Xyq3wqe6FIvVM%3D
2026-06-28 02:54:29,054 [INFO] src.corpus_acquisition.downloader: Downloading page 10 from https://i.prcdn.co/img?file=eaaj2025111600000000001001&page=10&scale=200&ticket=ADVlIzxAUg6185nsU0y%2B524%3D
2026-06-28 02:54:29,778 [INFO] src.corpus_acquisition.downloader: Downloading page 11 from https://i.prcdn.co/img?file=eaaj2025111600000000001001&page=11&scale=200&ticket=ALg1sdYJIBRZVAr4GKMQd3c%3D
2026-06-28 02:54:30,409 [INFO] src.corpus_acquisition.downloader: Downloading page 12 from https://i.prcdn.co/img?file=eaaj2025111600000000001001&page=12&scale=200&ticket=AFJas3wb7%2BK7DDRyl7YHrGI%3D
2026-06-28 02:54:31,130 [INFO] src.corpus_acquisition.downloader: Downloading page 13 from https://i.prcdn.co/img?file=eaaj2025111600000000001001&page=13&scale=200&ticket=ALdqDGOvTIsIGxJ%2BKNQurIw%3D
2026-06-28 02:54:32,197 [INFO] src.corpus_acquisition.downloader: Downloading page 14 from https://i.prcdn.co/img?file=eaaj2025111600000000001001&page=14&scale=200&ticket=AJEoycosnNQQpz3sqZ%2FskRI%3D
2026-06-28 02:54:32,784 [INFO] src.corpus_acquisition.downloader: Downloading page 15 from https://i.prcdn.co/img?file=eaaj2025111600000000001001&page=15&scale=200&ticket=ABkWSwrIyLGqvLbx5FAAAu8%3D
2026-06-28 02:54:33,809 [INFO] src.corpus_acquisition.downloader: Downloading page 16 from https://i.prcdn.co/img?file=eaaj2025111600000000001001&page=16&scale=200&ticket=AAwZy7MvZLejBNstlJctrlg%3D
2026-06-28 02:54:33,865 [INFO] src.corpus_acquisition.downloader: Downloading page 17 from https://i.prcdn.co/img?file=eaaj2025111600000000001001&page=17&scale=200&ticket=AFO2HHcJx7lJTDqH8RUfidE%3D
2026-06-28 02:54:34,697 [INFO] src.corpus_acquisition.downloader: Downloading page 18 from https://i.prcdn.co/img?file=eaaj2025111600000000001001&page=18&scale=200&ticket=AF6eDEjUU%2Bqryxnpt%2BdBIGE%3D
2026-06-28 02:54:35,670 [INFO] src.corpus_acquisition.downloader: Downloading page 19 from https://i.prcdn.co/img?file=eaaj2025111600000000001001&page=19&scale=200&ticket=AOmThXiIZGBo%2BjYkL75PjR0%3D
2026-06-28 02:54:36,365 [INFO] src.corpus_acquisition.downloader: Downloading page 20 from https://i.prcdn.co/img?file=eaaj2025111600000000001001&page=20&scale=200&ticket=AFJImsqaxSXQl3dVrgfMvSE%3D
2026-06-28 02:54:36,418 [INFO] src.corpus_acquisition.downloader: Downloading page 21 from https://i.prcdn.co/img?file=eaaj2025111600000000001001&page=21&scale=200&ticket=APN5yveTQ8qcGUEZqlbFEos%3D
2026-06-28 02:54:36,545 [INFO] src.corpus_acquisition.downloader: Downloading page 22 from https://i.prcdn.co/img?file=eaaj2025111600000000001001&page=22&scale=200&ticket=AORoTmWcd35iAoxfvTzicaU%3D
2026-06-28 02:54:37,399 [INFO] src.corpus_acquisition.downloader: Downloading page 23 from https://i.prcdn.co/img?file=eaaj2025111600000000001001&page=23&scale=200&ticket=AKZEpiDzKYfTTwXauRptoHI%3D
2026-06-28 02:54:38,111 [INFO] src.corpus_acquisition.downloader: Downloading page 24 from https://i.prcdn.co/img?file=eaaj2025111600000000001001&page=24&scale=200&ticket=AB61fU8K98eW3QSn4%2FKqS%2B8%3D
2026-06-28 02:54:38,758 [INFO] src.corpus_acquisition.downloader: Downloading page 25 from https://i.prcdn.co/img?file=eaaj2025111600000000001001&page=25&scale=200&ticket=ALtdYVe0H2Ile6s8mfKHKXo%3D
2026-06-28 02:54:39,310 [INFO] src.corpus_acquisition.downloader: Downloading page 26 from https://i.prcdn.co/img?file=eaaj2025111600000000001001&page=26&scale=200&ticket=AJmxmF%2BS2GGL10v1tfepK5I%3D
2026-06-28 02:54:40,441 [INFO] src.corpus_acquisition.downloader: Downloading page 27 from https://i.prcdn.co/img?file=eaaj2025111600000000001001&page=27&scale=200&ticket=AKJ4OzbYg%2F1TA9K%2FwQpuLkQ%3D
2026-06-28 02:54:41,333 [INFO] src.corpus_acquisition.downloader: Downloading page 28 from https://i.prcdn.co/img?file=eaaj2025111600000000001001&page=28&scale=200&ticket=AJQqFdrN7Y64ERiqe0ykyFY%3D
2026-06-28 02:54:42,143 [INFO] src.corpus_acquisition.downloader: Downloading page 29 from https://i.prcdn.co/img?file=eaaj2025111600000000001001&page=29&scale=200&ticket=AMjEsizBYhwXrsrhbmq2xCo%3D
2026-06-28 02:54:42,871 [INFO] src.corpus_acquisition.downloader: Downloading page 30 from https://i.prcdn.co/img?file=eaaj2025111600000000001001&page=30&scale=200&ticket=ANNLmwokAs%2B3dIPncPamu8s%3D
2026-06-28 02:54:43,377 [INFO] src.corpus_acquisition.downloader: Downloading page 31 from https://i.prcdn.co/img?file=eaaj2025111600000000001001&page=31&scale=200&ticket=AN2gh9qH7S%2FRAKBLvUhMD34%3D
2026-06-28 02:54:44,651 [INFO] src.corpus_acquisition.downloader: Downloading page 32 from https://i.prcdn.co/img?file=eaaj2025111600000000001001&page=32&scale=200&ticket=ALGM2yyWmmECHG5%2BIaXoN4s%3D
2026-06-28 02:54:45,923 [INFO] src.corpus_acquisition.downloader: Downloading page 33 from https://i.prcdn.co/img?file=eaaj2025111600000000001001&page=33&scale=200&ticket=AFUlRGyANd1u1MDhe7JkNeA%3D
2026-06-28 02:54:46,938 [INFO] src.corpus_acquisition.downloader: Downloading page 34 from https://i.prcdn.co/img?file=eaaj2025111600000000001001&page=34&scale=200&ticket=ACFFZ5J8fa4Iu85C47lOL%2Bs%3D
2026-06-28 02:54:47,890 [INFO] src.corpus_acquisition.downloader: Downloading page 35 from https://i.prcdn.co/img?file=eaaj2025111600000000001001&page=35&scale=200&ticket=ABiV1IzSbyFGavo8gn0L6r0%3D
2026-06-28 02:54:48,480 [INFO] src.corpus_acquisition.downloader: Downloading page 36 from https://i.prcdn.co/img?file=eaaj2025111600000000001001&page=36&scale=200&ticket=ACODRJFnBdwAe9yT%2BzUQZCc%3D
2026-06-28 02:54:49,178 [INFO] src.corpus_acquisition.downloader: Downloading page 37 from https://i.prcdn.co/img?file=eaaj2025111600000000001001&page=37&scale=200&ticket=AFFYnc2mvyPvS%2FYgX24sAE0%3D
2026-06-28 02:54:49,758 [INFO] src.corpus_acquisition.downloader: Downloading page 38 from https://i.prcdn.co/img?file=eaaj2025111600000000001001&page=38&scale=200&ticket=AOCzfn7oMe9eAyOtQHJkHk0%3D
2026-06-28 02:54:50,591 [INFO] src.corpus_acquisition.downloader: Downloading page 39 from https://i.prcdn.co/img?file=eaaj2025111600000000001001&page=39&scale=200&ticket=ANpqC4UsL5jhabmlIqVSngE%3D
2026-06-28 02:54:51,442 [INFO] src.corpus_acquisition.downloader: Downloading page 40 from https://i.prcdn.co/img?file=eaaj2025111600000000001001&page=40&scale=200&ticket=ANB4benjPSfj8McR5%2By2WdQ%3D
2026-06-28 02:54:52,349 [INFO] src.corpus_acquisition.downloader: Downloading page 41 from https://i.prcdn.co/img?file=eaaj2025111600000000001001&page=41&scale=200&ticket=AJO63id2Ks8QqejoYg1KTUA%3D
2026-06-28 02:54:53,316 [INFO] src.corpus_acquisition.downloader: Downloading page 42 from https://i.prcdn.co/img?file=eaaj2025111600000000001001&page=42&scale=200&ticket=AH835x0v9nZwo6t5uaFWWFk%3D
2026-06-28 02:54:54,649 [INFO] src.corpus_acquisition.downloader: Downloading page 43 from https://i.prcdn.co/img?file=eaaj2025111600000000001001&page=43&scale=200&ticket=ABdn5uN8c%2BtdZ4gicFzDRfE%3D
2026-06-28 02:54:55,528 [INFO] src.corpus_acquisition.downloader: Downloading page 44 from https://i.prcdn.co/img?file=eaaj2025111600000000001001&page=44&scale=200&ticket=ADpD3DyMatHvw6KoWbvVst4%3D
2026-06-28 02:54:56,550 [INFO] src.corpus_acquisition.downloader: Downloading page 45 from https://i.prcdn.co/img?file=eaaj2025111600000000001001&page=45&scale=200&ticket=AHIKFtgNTR7UYtiN9JzncTk%3D
2026-06-28 02:54:57,827 [INFO] src.corpus_acquisition.downloader: Downloading page 46 from https://i.prcdn.co/img?file=eaaj2025111600000000001001&page=46&scale=200&ticket=AHZxfakYIxLB9EEAS3zuexE%3D
2026-06-28 02:54:58,748 [INFO] src.corpus_acquisition.downloader: Downloading page 47 from https://i.prcdn.co/img?file=eaaj2025111600000000001001&page=47&scale=200&ticket=APiBLWMzCKg5FrCoDudvapM%3D
2026-06-28 02:54:59,271 [INFO] src.corpus_acquisition.downloader: Downloading page 48 from https://i.prcdn.co/img?file=eaaj2025111600000000001001&page=48&scale=200&ticket=ACuYQPoZVD8s1q7ciDdLxqQ%3D
2026-06-28 02:54:59,906 [INFO] src.corpus_acquisition.metadata_extractor: Saved metadata for 48 page(s) -> data/raw/metadata/raw_metadata.parquet (total rows: 17944)
2026-06-28 02:54:59,908 [INFO] src.corpus_acquisition.metadata_extractor: Saved crawl log -> data/raw/crawl_logs/elcomercio_2025-11-16.json (status=success)
2026-06-28 02:55:05,885 [INFO] src.corpus_acquisition.downloader: Opening archive for elcomercio on 2025-11-17
2026-06-28 02:55:12,338 [INFO] src.corpus_acquisition.downloader: Collected 7 / 60 pages
2026-06-28 02:55:16,510 [INFO] src.corpus_acquisition.downloader: Collected 9 / 60 pages
2026-06-28 02:55:18,601 [INFO] src.corpus_acquisition.downloader: Collected 11 / 60 pages
2026-06-28 02:55:20,694 [INFO] src.corpus_acquisition.downloader: Collected 13 / 60 pages
2026-06-28 02:55:22,785 [INFO] src.corpus_acquisition.downloader: Collected 15 / 60 pages
2026-06-28 02:55:24,892 [INFO] src.corpus_acquisition.downloader: Collected 17 / 60 pages
2026-06-28 02:55:26,985 [INFO] src.corpus_acquisition.downloader: Collected 19 / 60 pages
2026-06-28 02:55:29,079 [INFO] src.corpus_acquisition.downloader: Collected 21 / 60 pages
2026-06-28 02:55:31,165 [INFO] src.corpus_acquisition.downloader: Collected 23 / 60 pages
2026-06-28 02:55:33,264 [INFO] src.corpus_acquisition.downloader: Collected 25 / 60 pages
2026-06-28 02:55:35,345 [INFO] src.corpus_acquisition.downloader: Collected 27 / 60 pages
2026-06-28 02:55:37,440 [INFO] src.corpus_acquisition.downloader: Collected 29 / 60 pages
2026-06-28 02:55:39,536 [INFO] src.corpus_acquisition.downloader: Collected 31 / 60 pages
2026-06-28 02:55:41,640 [INFO] src.corpus_acquisition.downloader: Collected 32 / 60 pages
2026-06-28 02:55:47,931 [WARNING] src.corpus_acquisition.downloader: No new pages found after 3 attempts; stopping with 32 page(s).
2026-06-28 02:55:47,944 [INFO] src.corpus_acquisition.downloader: Downloading page 1 from https://t.prcdn.co/img?file=eaaj2025111700000000001001&page=1&scale=200
2026-06-28 02:55:48,707 [INFO] src.corpus_acquisition.downloader: Downloading page 2 from https://i.prcdn.co/img?file=eaaj2025111700000000001001&page=2&scale=200&ticket=ALz%2FABTe5vWXrFY8F9U0fsE%3D
2026-06-28 02:55:49,522 [INFO] src.corpus_acquisition.downloader: Downloading page 3 from https://i.prcdn.co/img?file=eaaj2025111700000000001001&page=3&scale=200&ticket=AASJ1%2Bvsd2nxXR7DflJ7Afw%3D
2026-06-28 02:55:49,570 [INFO] src.corpus_acquisition.downloader: Downloading page 4 from https://i.prcdn.co/img?file=eaaj2025111700000000001001&page=4&scale=200&ticket=ACudxgOI7%2B0Le%2Bk%2BPv4bnFM%3D
2026-06-28 02:55:50,245 [INFO] src.corpus_acquisition.downloader: Downloading page 5 from https://i.prcdn.co/img?file=eaaj2025111700000000001001&page=5&scale=200&ticket=ADPsogAmq0mFI92KTrX4dGA%3D
2026-06-28 02:55:50,302 [INFO] src.corpus_acquisition.downloader: Downloading page 6 from https://i.prcdn.co/img?file=eaaj2025111700000000001001&page=6&scale=200&ticket=AFiUeIma9ovurWPwvS3hWzc%3D
2026-06-28 02:55:50,378 [INFO] src.corpus_acquisition.downloader: Downloading page 7 from https://i.prcdn.co/img?file=eaaj2025111700000000001001&page=7&scale=200&ticket=AImymulMvbApFkcrdz82zz4%3D
2026-06-28 02:55:51,022 [INFO] src.corpus_acquisition.downloader: Downloading page 8 from https://i.prcdn.co/img?file=eaaj2025111700000000001001&page=8&scale=200&ticket=AGpeJa4r%2FBZi5NCufVZIQlQ%3D
2026-06-28 02:55:51,085 [INFO] src.corpus_acquisition.downloader: Downloading page 9 from https://i.prcdn.co/img?file=eaaj2025111700000000001001&page=9&scale=200&ticket=AFUvlghbapEpJ27GEFVoP%2F8%3D
2026-06-28 02:55:52,056 [INFO] src.corpus_acquisition.downloader: Downloading page 10 from https://i.prcdn.co/img?file=eaaj2025111700000000001001&page=10&scale=200&ticket=ANvaZmnH8khka1CJW1YzNNY%3D
2026-06-28 02:55:52,095 [INFO] src.corpus_acquisition.downloader: Downloading page 11 from https://i.prcdn.co/img?file=eaaj2025111700000000001001&page=11&scale=200&ticket=APCZKJYrWqbKXRNnuOdGHS8%3D
2026-06-28 02:55:52,888 [INFO] src.corpus_acquisition.downloader: Downloading page 12 from https://i.prcdn.co/img?file=eaaj2025111700000000001001&page=12&scale=200&ticket=AL6802KTNHKKJNgTVnpBxGk%3D
2026-06-28 02:55:52,932 [INFO] src.corpus_acquisition.downloader: Downloading page 13 from https://i.prcdn.co/img?file=eaaj2025111700000000001001&page=13&scale=200&ticket=AFuI0a1w2Z%2FgJAu%2FryU6%2BDU%3D
2026-06-28 02:55:52,994 [INFO] src.corpus_acquisition.downloader: Downloading page 14 from https://i.prcdn.co/img?file=eaaj2025111700000000001001&page=14&scale=200&ticket=AOR8GbkeJsX8O51PbX7tf%2Fs%3D
2026-06-28 02:55:53,643 [INFO] src.corpus_acquisition.downloader: Downloading page 15 from https://i.prcdn.co/img?file=eaaj2025111700000000001001&page=15&scale=200&ticket=AFN9aG4REztzX50dVN5pcHs%3D
2026-06-28 02:55:54,304 [INFO] src.corpus_acquisition.downloader: Downloading page 16 from https://i.prcdn.co/img?file=eaaj2025111700000000001001&page=16&scale=200&ticket=AGxZo9eOxozGAUtzRvN6XSI%3D
2026-06-28 02:55:55,016 [INFO] src.corpus_acquisition.downloader: Downloading page 17 from https://i.prcdn.co/img?file=eaaj2025111700000000001001&page=17&scale=200&ticket=AJmyqvWind4ORy%2B8s%2FOA13g%3D
2026-06-28 02:55:55,160 [INFO] src.corpus_acquisition.downloader: Downloading page 18 from https://i.prcdn.co/img?file=eaaj2025111700000000001001&page=18&scale=200&ticket=ACT2h3L6xCBesCze2aoPkS8%3D
2026-06-28 02:55:55,206 [INFO] src.corpus_acquisition.downloader: Downloading page 19 from https://i.prcdn.co/img?file=eaaj2025111700000000001001&page=19&scale=200&ticket=AOmmxXjorY3SbCJEizPWkvY%3D
2026-06-28 02:55:55,249 [INFO] src.corpus_acquisition.downloader: Downloading page 20 from https://i.prcdn.co/img?file=eaaj2025111700000000001001&page=20&scale=200&ticket=AEbhb2t6fRPOAwMD2m4jATc%3D
2026-06-28 02:55:55,304 [INFO] src.corpus_acquisition.downloader: Downloading page 21 from https://i.prcdn.co/img?file=eaaj2025111700000000001001&page=21&scale=200&ticket=AM89ftdVmav9PJKkKw3ds6U%3D
2026-06-28 02:55:55,916 [INFO] src.corpus_acquisition.downloader: Downloading page 22 from https://i.prcdn.co/img?file=eaaj2025111700000000001001&page=22&scale=200&ticket=AJbPQgAeTuZfXS2cvCVCizQ%3D
2026-06-28 02:55:57,203 [INFO] src.corpus_acquisition.downloader: Downloading page 23 from https://i.prcdn.co/img?file=eaaj2025111700000000001001&page=23&scale=200&ticket=ACh3yF64jfzR%2BGkkdHQCdFI%3D
2026-06-28 02:55:57,684 [INFO] src.corpus_acquisition.downloader: Downloading page 24 from https://i.prcdn.co/img?file=eaaj2025111700000000001001&page=24&scale=200&ticket=AMpANRxNX7ELYf5LiSKOwQ8%3D
2026-06-28 02:55:58,538 [INFO] src.corpus_acquisition.downloader: Downloading page 25 from https://i.prcdn.co/img?file=eaaj2025111700000000001001&page=25&scale=200&ticket=AIeyT%2Bv1Z9zaiI2XUZrtyRM%3D
2026-06-28 02:55:59,923 [INFO] src.corpus_acquisition.downloader: Downloading page 26 from https://i.prcdn.co/img?file=eaaj2025111700000000001001&page=26&scale=200&ticket=AIh%2BVwwtyRepMe%2ByvmIybFM%3D
2026-06-28 02:56:00,640 [INFO] src.corpus_acquisition.downloader: Downloading page 27 from https://i.prcdn.co/img?file=eaaj2025111700000000001001&page=27&scale=200&ticket=AGlHLW1PsFCEHZ5fpSydCcg%3D
2026-06-28 02:56:01,469 [INFO] src.corpus_acquisition.downloader: Downloading page 28 from https://i.prcdn.co/img?file=eaaj2025111700000000001001&page=28&scale=200&ticket=AC6dAlltaYcBUD5v9mEcAO4%3D
2026-06-28 02:56:02,644 [INFO] src.corpus_acquisition.downloader: Downloading page 29 from https://i.prcdn.co/img?file=eaaj2025111700000000001001&page=29&scale=200&ticket=AHXJoqVY9%2B9H%2BsPUE3E%2BRw0%3D
2026-06-28 02:56:03,389 [INFO] src.corpus_acquisition.downloader: Downloading page 30 from https://i.prcdn.co/img?file=eaaj2025111700000000001001&page=30&scale=200&ticket=AMZAobIDMw70scGGLGVU%2F3c%3D
2026-06-28 02:56:04,090 [INFO] src.corpus_acquisition.downloader: Downloading page 31 from https://i.prcdn.co/img?file=eaaj2025111700000000001001&page=31&scale=200&ticket=AJPyHvebdbbkLEHqAd2hPzU%3D
2026-06-28 02:56:04,895 [INFO] src.corpus_acquisition.downloader: Downloading page 32 from https://i.prcdn.co/img?file=eaaj2025111700000000001001&page=32&scale=200&ticket=AFAuaSi6gEma%2BBm85C5c02M%3D
2026-06-28 02:56:05,561 [INFO] src.corpus_acquisition.metadata_extractor: Saved metadata for 32 page(s) -> data/raw/metadata/raw_metadata.parquet (total rows: 17976)
2026-06-28 02:56:05,563 [INFO] src.corpus_acquisition.metadata_extractor: Saved crawl log -> data/raw/crawl_logs/elcomercio_2025-11-17.json (status=success)
2026-06-28 02:56:11,308 [INFO] src.corpus_acquisition.downloader: Opening archive for elcomercio on 2025-11-18
2026-06-28 02:56:17,197 [INFO] src.corpus_acquisition.downloader: Collected 7 / 60 pages
2026-06-28 02:56:21,375 [INFO] src.corpus_acquisition.downloader: Collected 9 / 60 pages
2026-06-28 02:56:23,464 [INFO] src.corpus_acquisition.downloader: Collected 11 / 60 pages
2026-06-28 02:56:25,560 [INFO] src.corpus_acquisition.downloader: Collected 13 / 60 pages
2026-06-28 02:56:27,747 [INFO] src.corpus_acquisition.downloader: Collected 15 / 60 pages
2026-06-28 02:56:29,853 [INFO] src.corpus_acquisition.downloader: Collected 17 / 60 pages
2026-06-28 02:56:31,945 [INFO] src.corpus_acquisition.downloader: Collected 19 / 60 pages
2026-06-28 02:56:34,028 [INFO] src.corpus_acquisition.downloader: Collected 20 / 60 pages
2026-06-28 02:56:40,294 [WARNING] src.corpus_acquisition.downloader: No new pages found after 3 attempts; stopping with 20 page(s).
2026-06-28 02:56:40,307 [INFO] src.corpus_acquisition.downloader: Downloading page 1 from https://t.prcdn.co/img?file=eaaj2025111800000000001001&page=1&scale=200
2026-06-28 02:56:40,807 [INFO] src.corpus_acquisition.downloader: Downloading page 2 from https://i.prcdn.co/img?file=eaaj2025111800000000001001&page=2&scale=200&ticket=AE8AURx9GMhmEm5uYXieHzM%3D
2026-06-28 02:56:41,319 [INFO] src.corpus_acquisition.downloader: Downloading page 3 from https://i.prcdn.co/img?file=eaaj2025111800000000001001&page=3&scale=200&ticket=APJwZR8H9t5MPVraIyuiFzg%3D
2026-06-28 02:56:42,292 [INFO] src.corpus_acquisition.downloader: Downloading page 4 from https://i.prcdn.co/img?file=eaaj2025111800000000001001&page=4&scale=200&ticket=ALDJttz1uBeIcrCYSTDvhT4%3D
2026-06-28 02:56:43,037 [INFO] src.corpus_acquisition.downloader: Downloading page 5 from https://i.prcdn.co/img?file=eaaj2025111800000000001001&page=5&scale=200&ticket=AKKfUXoawx3ut8RS9%2BeyPeA%3D
2026-06-28 02:56:43,744 [INFO] src.corpus_acquisition.downloader: Downloading page 6 from https://i.prcdn.co/img?file=eaaj2025111800000000001001&page=6&scale=200&ticket=AG%2F3HuFNamQ6zHZzGuX9aCo%3D
2026-06-28 02:56:45,462 [INFO] src.corpus_acquisition.downloader: Downloading page 7 from https://i.prcdn.co/img?file=eaaj2025111800000000001001&page=7&scale=200&ticket=AFjDlGU05Eh4aE4Q0ItYqd4%3D
2026-06-28 02:56:45,498 [INFO] src.corpus_acquisition.downloader: Downloading page 8 from https://i.prcdn.co/img?file=eaaj2025111800000000001001&page=8&scale=200&ticket=AOB0csDM3KBEV%2F3MOTdN6nI%3D
2026-06-28 02:56:46,299 [INFO] src.corpus_acquisition.downloader: Downloading page 9 from https://i.prcdn.co/img?file=eaaj2025111800000000001001&page=9&scale=200&ticket=APlm8VIRVvT3jsBPkeBb45k%3D
2026-06-28 02:56:46,911 [INFO] src.corpus_acquisition.downloader: Downloading page 10 from https://i.prcdn.co/img?file=eaaj2025111800000000001001&page=10&scale=200&ticket=AP7f1npcNNnhHmYewP3Y%2FOg%3D
2026-06-28 02:56:47,680 [INFO] src.corpus_acquisition.downloader: Downloading page 11 from https://i.prcdn.co/img?file=eaaj2025111800000000001001&page=11&scale=200&ticket=ALHIMKTr%2BBHBYm4aBDiUfYw%3D
2026-06-28 02:56:48,638 [INFO] src.corpus_acquisition.downloader: Downloading page 12 from https://i.prcdn.co/img?file=eaaj2025111800000000001001&page=12&scale=200&ticket=AGo%2FZNM23lxhi46yZWktBEo%3D
2026-06-28 02:56:48,684 [INFO] src.corpus_acquisition.downloader: Downloading page 13 from https://i.prcdn.co/img?file=eaaj2025111800000000001001&page=13&scale=200&ticket=AKWCS%2FPdZ3VsM0R02Hxf98k%3D
2026-06-28 02:56:49,430 [INFO] src.corpus_acquisition.downloader: Downloading page 14 from https://i.prcdn.co/img?file=eaaj2025111800000000001001&page=14&scale=200&ticket=ADXB8Cjpu4F9TtOULOsiPU8%3D
2026-06-28 02:56:50,525 [INFO] src.corpus_acquisition.downloader: Downloading page 15 from https://i.prcdn.co/img?file=eaaj2025111800000000001001&page=15&scale=200&ticket=AA5UIfUuarM5%2FLgrufpiIjM%3D
2026-06-28 02:56:50,581 [INFO] src.corpus_acquisition.downloader: Downloading page 16 from https://i.prcdn.co/img?file=eaaj2025111800000000001001&page=16&scale=200&ticket=ACw82BeG880kW5IC3R19f7s%3D
2026-06-28 02:56:51,147 [INFO] src.corpus_acquisition.downloader: Downloading page 17 from https://i.prcdn.co/img?file=eaaj2025111800000000001001&page=17&scale=200&ticket=AMA%2FOQDztEueqwVhSxerFiI%3D
2026-06-28 02:56:51,655 [INFO] src.corpus_acquisition.downloader: Downloading page 18 from https://i.prcdn.co/img?file=eaaj2025111800000000001001&page=18&scale=200&ticket=AOQGwa42mYtzHuJcp1vBzNo%3D
2026-06-28 02:56:52,374 [INFO] src.corpus_acquisition.downloader: Downloading page 19 from https://i.prcdn.co/img?file=eaaj2025111800000000001001&page=19&scale=200&ticket=AIwIxupXyc%2BIIWjiikl4Otg%3D
2026-06-28 02:56:52,417 [INFO] src.corpus_acquisition.downloader: Downloading page 20 from https://i.prcdn.co/img?file=eaaj2025111800000000001001&page=20&scale=200&ticket=AFV%2BH2p4KmG8INICUG4ywQs%3D
2026-06-28 02:56:53,310 [INFO] src.corpus_acquisition.metadata_extractor: Saved metadata for 20 page(s) -> data/raw/metadata/raw_metadata.parquet (total rows: 17996)
2026-06-28 02:56:53,312 [INFO] src.corpus_acquisition.metadata_extractor: Saved crawl log -> data/raw/crawl_logs/elcomercio_2025-11-18.json (status=success)
2026-06-28 02:56:58,221 [INFO] src.corpus_acquisition.downloader: Opening archive for elcomercio on 2025-11-19
2026-06-28 02:57:04,039 [INFO] src.corpus_acquisition.downloader: Collected 7 / 60 pages
2026-06-28 02:57:08,199 [INFO] src.corpus_acquisition.downloader: Collected 9 / 60 pages
2026-06-28 02:57:10,298 [INFO] src.corpus_acquisition.downloader: Collected 11 / 60 pages
2026-06-28 02:57:12,667 [INFO] src.corpus_acquisition.downloader: Collected 13 / 60 pages
2026-06-28 02:57:14,864 [INFO] src.corpus_acquisition.downloader: Collected 15 / 60 pages
2026-06-28 02:57:16,960 [INFO] src.corpus_acquisition.downloader: Collected 17 / 60 pages
2026-06-28 02:57:19,040 [INFO] src.corpus_acquisition.downloader: Collected 19 / 60 pages
2026-06-28 02:57:21,124 [INFO] src.corpus_acquisition.downloader: Collected 20 / 60 pages
2026-06-28 02:57:27,394 [WARNING] src.corpus_acquisition.downloader: No new pages found after 3 attempts; stopping with 20 page(s).
2026-06-28 02:57:27,407 [INFO] src.corpus_acquisition.downloader: Downloading page 1 from https://t.prcdn.co/img?file=eaaj2025111900000000001001&page=1&scale=200
2026-06-28 02:57:28,138 [INFO] src.corpus_acquisition.downloader: Downloading page 2 from https://i.prcdn.co/img?file=eaaj2025111900000000001001&page=2&scale=200&ticket=AHZlszyxD4nVQS4XmMgDLUo%3D
2026-06-28 02:57:28,273 [INFO] src.corpus_acquisition.downloader: Downloading page 3 from https://i.prcdn.co/img?file=eaaj2025111900000000001001&page=3&scale=200&ticket=AHHZPVdoBMoHX3hz4j6tPCg%3D
2026-06-28 02:57:28,972 [INFO] src.corpus_acquisition.downloader: Downloading page 4 from https://i.prcdn.co/img?file=eaaj2025111900000000001001&page=4&scale=200&ticket=AB7EHuFjDmXCr2x9jnoS2pk%3D
2026-06-28 02:57:29,684 [INFO] src.corpus_acquisition.downloader: Downloading page 5 from https://i.prcdn.co/img?file=eaaj2025111900000000001001&page=5&scale=200&ticket=AAKXUcOvNFXBrx9Wn6Sidmg%3D
2026-06-28 02:57:30,315 [INFO] src.corpus_acquisition.downloader: Downloading page 6 from https://i.prcdn.co/img?file=eaaj2025111900000000001001&page=6&scale=200&ticket=AH1jOz%2BlMDgTzqED40NPuqQ%3D
2026-06-28 02:57:32,857 [INFO] src.corpus_acquisition.downloader: Downloading page 7 from https://i.prcdn.co/img?file=eaaj2025111900000000001001&page=7&scale=200&ticket=AOumuupYpi39zyLemwDFoCs%3D
2026-06-28 02:57:33,710 [INFO] src.corpus_acquisition.downloader: Downloading page 8 from https://i.prcdn.co/img?file=eaaj2025111900000000001001&page=8&scale=200&ticket=AHjuasx2vt7c5UaHo7Xmst8%3D
2026-06-28 02:57:33,845 [INFO] src.corpus_acquisition.downloader: Downloading page 9 from https://i.prcdn.co/img?file=eaaj2025111900000000001001&page=9&scale=200&ticket=AHqUk2N2a2wspYav4d%2BOOAM%3D
2026-06-28 02:57:34,661 [INFO] src.corpus_acquisition.downloader: Downloading page 10 from https://i.prcdn.co/img?file=eaaj2025111900000000001001&page=10&scale=200&ticket=ANYHPUxHhksgp4j4sEzQZCk%3D
2026-06-28 02:57:34,725 [INFO] src.corpus_acquisition.downloader: Downloading page 11 from https://i.prcdn.co/img?file=eaaj2025111900000000001001&page=11&scale=200&ticket=AGQr8%2BsPKWumlQy%2FeQoPBDI%3D
2026-06-28 02:57:34,781 [INFO] src.corpus_acquisition.downloader: Downloading page 12 from https://i.prcdn.co/img?file=eaaj2025111900000000001001&page=12&scale=200&ticket=ADV%2Fh19H4EqKMxEJZ6rXQyU%3D
2026-06-28 02:57:35,603 [INFO] src.corpus_acquisition.downloader: Downloading page 13 from https://i.prcdn.co/img?file=eaaj2025111900000000001001&page=13&scale=200&ticket=AClSYKYypi1ODmLzXunUk7M%3D
2026-06-28 02:57:35,663 [INFO] src.corpus_acquisition.downloader: Downloading page 14 from https://i.prcdn.co/img?file=eaaj2025111900000000001001&page=14&scale=200&ticket=ANRJWOeHLtQ27riIG96LGFA%3D
2026-06-28 02:57:36,364 [INFO] src.corpus_acquisition.downloader: Downloading page 15 from https://i.prcdn.co/img?file=eaaj2025111900000000001001&page=15&scale=200&ticket=AEnV4nFTFrwOogoMplcIPrg%3D
2026-06-28 02:57:37,098 [INFO] src.corpus_acquisition.downloader: Downloading page 16 from https://i.prcdn.co/img?file=eaaj2025111900000000001001&page=16&scale=200&ticket=AITGMNbYMef9Hybg96sSJ%2Fk%3D
2026-06-28 02:57:38,128 [INFO] src.corpus_acquisition.downloader: Downloading page 17 from https://i.prcdn.co/img?file=eaaj2025111900000000001001&page=17&scale=200&ticket=AJlaFLZuC18%2FyHP1qtN6Jy4%3D
2026-06-28 02:57:38,167 [INFO] src.corpus_acquisition.downloader: Downloading page 18 from https://i.prcdn.co/img?file=eaaj2025111900000000001001&page=18&scale=200&ticket=AK5EXcfsPqfWqp09W2a76Tg%3D
2026-06-28 02:57:38,231 [INFO] src.corpus_acquisition.downloader: Downloading page 19 from https://i.prcdn.co/img?file=eaaj2025111900000000001001&page=19&scale=200&ticket=AKrf31mLYbFzRAlzNVvsgo4%3D
2026-06-28 02:57:38,375 [INFO] src.corpus_acquisition.downloader: Downloading page 20 from https://i.prcdn.co/img?file=eaaj2025111900000000001001&page=20&scale=200&ticket=AEDaFhv5zWFhSpNUzDk1R4Y%3D
2026-06-28 02:57:39,070 [INFO] src.corpus_acquisition.metadata_extractor: Saved metadata for 20 page(s) -> data/raw/metadata/raw_metadata.parquet (total rows: 18016)
2026-06-28 02:57:39,072 [INFO] src.corpus_acquisition.metadata_extractor: Saved crawl log -> data/raw/crawl_logs/elcomercio_2025-11-19.json (status=success)
2026-06-28 02:57:44,208 [INFO] src.corpus_acquisition.downloader: Opening archive for elcomercio on 2025-11-20
2026-06-28 02:57:50,087 [INFO] src.corpus_acquisition.downloader: Collected 7 / 60 pages
2026-06-28 02:57:54,255 [INFO] src.corpus_acquisition.downloader: Collected 9 / 60 pages
2026-06-28 02:57:56,339 [INFO] src.corpus_acquisition.downloader: Collected 11 / 60 pages
2026-06-28 02:57:58,420 [INFO] src.corpus_acquisition.downloader: Collected 13 / 60 pages
2026-06-28 02:58:00,612 [INFO] src.corpus_acquisition.downloader: Collected 15 / 60 pages
2026-06-28 02:58:02,713 [INFO] src.corpus_acquisition.downloader: Collected 17 / 60 pages
2026-06-28 02:58:04,813 [INFO] src.corpus_acquisition.downloader: Collected 19 / 60 pages
2026-06-28 02:58:06,908 [INFO] src.corpus_acquisition.downloader: Collected 20 / 60 pages
2026-06-28 02:58:13,178 [WARNING] src.corpus_acquisition.downloader: No new pages found after 3 attempts; stopping with 20 page(s).
2026-06-28 02:58:13,192 [INFO] src.corpus_acquisition.downloader: Downloading page 1 from https://t.prcdn.co/img?file=eaaj2025112000000000001001&page=1&scale=200
2026-06-28 02:58:13,602 [INFO] src.corpus_acquisition.downloader: Downloading page 2 from https://i.prcdn.co/img?file=eaaj2025112000000000001001&page=2&scale=200&ticket=ACAsGMpDtnDP3M5iPknEeRw%3D
2026-06-28 02:58:14,675 [INFO] src.corpus_acquisition.downloader: Downloading page 3 from https://i.prcdn.co/img?file=eaaj2025112000000000001001&page=3&scale=200&ticket=AAA4mM7MEd3OXmz9T6JFqoQ%3D
2026-06-28 02:58:15,637 [INFO] src.corpus_acquisition.downloader: Downloading page 4 from https://i.prcdn.co/img?file=eaaj2025112000000000001001&page=4&scale=200&ticket=ACxEiC%2BAQVcacS9e5c3yppw%3D
2026-06-28 02:58:16,150 [INFO] src.corpus_acquisition.downloader: Downloading page 5 from https://i.prcdn.co/img?file=eaaj2025112000000000001001&page=5&scale=200&ticket=AChozorLntjmtA8GC2xaBsw%3D
2026-06-28 02:58:16,639 [INFO] src.corpus_acquisition.downloader: Downloading page 6 from https://i.prcdn.co/img?file=eaaj2025112000000000001001&page=6&scale=200&ticket=AJ%2BgAlW6t5xIMhUBBetuq2A%3D
2026-06-28 02:58:16,704 [INFO] src.corpus_acquisition.downloader: Downloading page 7 from https://i.prcdn.co/img?file=eaaj2025112000000000001001&page=7&scale=200&ticket=AEsBC1yyql2pvb6Lbj81K7o%3D
2026-06-28 02:58:17,331 [INFO] src.corpus_acquisition.downloader: Downloading page 8 from https://i.prcdn.co/img?file=eaaj2025112000000000001001&page=8&scale=200&ticket=AL7G4bL%2FCBXXJAzFnYbKmpI%3D
2026-06-28 02:58:17,865 [INFO] src.corpus_acquisition.downloader: Downloading page 9 from https://i.prcdn.co/img?file=eaaj2025112000000000001001&page=9&scale=200&ticket=AE4S1IgtX47xIJFG0MLJKSA%3D
2026-06-28 02:58:17,905 [INFO] src.corpus_acquisition.downloader: Downloading page 10 from https://i.prcdn.co/img?file=eaaj2025112000000000001001&page=10&scale=200&ticket=AMNDqEBK3%2BpLLIIa6BLr8D4%3D
2026-06-28 02:58:17,962 [INFO] src.corpus_acquisition.downloader: Downloading page 11 from https://i.prcdn.co/img?file=eaaj2025112000000000001001&page=11&scale=200&ticket=ALRpSOixHTRHgkcSgQc5EdA%3D
2026-06-28 02:58:18,020 [INFO] src.corpus_acquisition.downloader: Downloading page 12 from https://i.prcdn.co/img?file=eaaj2025112000000000001001&page=12&scale=200&ticket=AIkkvUXB5oSL4PvRaExAS5o%3D
2026-06-28 02:58:18,168 [INFO] src.corpus_acquisition.downloader: Downloading page 13 from https://i.prcdn.co/img?file=eaaj2025112000000000001001&page=13&scale=200&ticket=AOQkt36GW6v8qpP1wKlS9eM%3D
2026-06-28 02:58:18,232 [INFO] src.corpus_acquisition.downloader: Downloading page 14 from https://i.prcdn.co/img?file=eaaj2025112000000000001001&page=14&scale=200&ticket=ABV82vV%2Fd7eCNmp8p%2BZIRRc%3D
2026-06-28 02:58:18,272 [INFO] src.corpus_acquisition.downloader: Downloading page 15 from https://i.prcdn.co/img?file=eaaj2025112000000000001001&page=15&scale=200&ticket=ANH3OP8Ie3HgLV6xAo12VLw%3D
2026-06-28 02:58:18,311 [INFO] src.corpus_acquisition.downloader: Downloading page 16 from https://i.prcdn.co/img?file=eaaj2025112000000000001001&page=16&scale=200&ticket=AGH6yAgpM%2BxWnr2iT1hSlaI%3D
2026-06-28 02:58:19,010 [INFO] src.corpus_acquisition.downloader: Downloading page 17 from https://i.prcdn.co/img?file=eaaj2025112000000000001001&page=17&scale=200&ticket=AJjVIiuyggvcGSs1EAxfd0k%3D
2026-06-28 02:58:19,065 [INFO] src.corpus_acquisition.downloader: Downloading page 18 from https://i.prcdn.co/img?file=eaaj2025112000000000001001&page=18&scale=200&ticket=AAtxOy0ENg44a%2FndlqIF2wo%3D
2026-06-28 02:58:19,126 [INFO] src.corpus_acquisition.downloader: Downloading page 19 from https://i.prcdn.co/img?file=eaaj2025112000000000001001&page=19&scale=200&ticket=AP%2F7ZN6uWjQVAaiPXvYRqV8%3D
2026-06-28 02:58:19,234 [INFO] src.corpus_acquisition.downloader: Downloading page 20 from https://i.prcdn.co/img?file=eaaj2025112000000000001001&page=20&scale=200&ticket=AErfzP6XNjz%2F9xJEgaxhWhw%3D
2026-06-28 02:58:19,312 [INFO] src.corpus_acquisition.metadata_extractor: Saved metadata for 20 page(s) -> data/raw/metadata/raw_metadata.parquet (total rows: 18036)
2026-06-28 02:58:19,314 [INFO] src.corpus_acquisition.metadata_extractor: Saved crawl log -> data/raw/crawl_logs/elcomercio_2025-11-20.json (status=success)
2026-06-28 02:58:22,482 [INFO] src.corpus_acquisition.downloader: Opening archive for elcomercio on 2025-11-21
2026-06-28 02:58:28,362 [INFO] src.corpus_acquisition.downloader: Collected 7 / 60 pages
2026-06-28 02:58:32,536 [INFO] src.corpus_acquisition.downloader: Collected 9 / 60 pages
2026-06-28 02:58:34,630 [INFO] src.corpus_acquisition.downloader: Collected 11 / 60 pages
2026-06-28 02:58:36,721 [INFO] src.corpus_acquisition.downloader: Collected 13 / 60 pages
2026-06-28 02:58:38,918 [INFO] src.corpus_acquisition.downloader: Collected 15 / 60 pages
2026-06-28 02:58:41,014 [INFO] src.corpus_acquisition.downloader: Collected 17 / 60 pages
2026-06-28 02:58:43,106 [INFO] src.corpus_acquisition.downloader: Collected 19 / 60 pages
2026-06-28 02:58:45,188 [INFO] src.corpus_acquisition.downloader: Collected 20 / 60 pages
2026-06-28 02:58:51,456 [WARNING] src.corpus_acquisition.downloader: No new pages found after 3 attempts; stopping with 20 page(s).
2026-06-28 02:58:51,469 [INFO] src.corpus_acquisition.downloader: Downloading page 1 from https://t.prcdn.co/img?file=eaaj2025112100000000001001&page=1&scale=200
2026-06-28 02:58:52,197 [INFO] src.corpus_acquisition.downloader: Downloading page 2 from https://i.prcdn.co/img?file=eaaj2025112100000000001001&page=2&scale=200&ticket=AIX0UBLtvYU5%2F7d%2BXR%2Frao4%3D
2026-06-28 02:58:52,237 [INFO] src.corpus_acquisition.downloader: Downloading page 3 from https://i.prcdn.co/img?file=eaaj2025112100000000001001&page=3&scale=200&ticket=AFa%2FcQWdWbh%2BfZ4E5dg9n%2BI%3D
2026-06-28 02:58:53,447 [INFO] src.corpus_acquisition.downloader: Downloading page 4 from https://i.prcdn.co/img?file=eaaj2025112100000000001001&page=4&scale=200&ticket=AOElq401P6H93WoDRnC9rUM%3D
2026-06-28 02:58:54,288 [INFO] src.corpus_acquisition.downloader: Downloading page 5 from https://i.prcdn.co/img?file=eaaj2025112100000000001001&page=5&scale=200&ticket=AOIRV4Ggqzpz8b%2BvUAHQzF8%3D
2026-06-28 02:58:55,118 [INFO] src.corpus_acquisition.downloader: Downloading page 6 from https://i.prcdn.co/img?file=eaaj2025112100000000001001&page=6&scale=200&ticket=AEn9UojJ7UhSJ2Ol8t7kHlI%3D
2026-06-28 02:58:55,611 [INFO] src.corpus_acquisition.downloader: Downloading page 7 from https://i.prcdn.co/img?file=eaaj2025112100000000001001&page=7&scale=200&ticket=AIm8WsXbFje5YkeW3fPuurE%3D
2026-06-28 02:58:56,669 [INFO] src.corpus_acquisition.downloader: Downloading page 8 from https://i.prcdn.co/img?file=eaaj2025112100000000001001&page=8&scale=200&ticket=ACU%2B%2BGze2ysIbptS7wnXMJ8%3D
2026-06-28 02:58:56,730 [INFO] src.corpus_acquisition.downloader: Downloading page 9 from https://i.prcdn.co/img?file=eaaj2025112100000000001001&page=9&scale=200&ticket=ANcQkKJraOAvs%2B5GWpg6k4Y%3D
2026-06-28 02:58:57,325 [INFO] src.corpus_acquisition.downloader: Downloading page 10 from https://i.prcdn.co/img?file=eaaj2025112100000000001001&page=10&scale=200&ticket=AIOkmow4JZjebVnajcWrhi0%3D
2026-06-28 02:58:57,618 [INFO] src.corpus_acquisition.downloader: Downloading page 11 from https://i.prcdn.co/img?file=eaaj2025112100000000001001&page=11&scale=200&ticket=AJZBdn1IlxpMmH2l5L3sQJQ%3D
2026-06-28 02:58:57,741 [INFO] src.corpus_acquisition.downloader: Downloading page 12 from https://i.prcdn.co/img?file=eaaj2025112100000000001001&page=12&scale=200&ticket=ABxBERUNkxqNeiNWfE5o%2Fs8%3D
2026-06-28 02:58:58,340 [INFO] src.corpus_acquisition.downloader: Downloading page 13 from https://i.prcdn.co/img?file=eaaj2025112100000000001001&page=13&scale=200&ticket=AHuiQeoD8uBSTmi1rMX0F0M%3D
2026-06-28 02:58:58,413 [INFO] src.corpus_acquisition.downloader: Downloading page 14 from https://i.prcdn.co/img?file=eaaj2025112100000000001001&page=14&scale=200&ticket=AGO8j6%2FrYz2vIftvZ0aMzwU%3D
2026-06-28 02:58:59,421 [INFO] src.corpus_acquisition.downloader: Downloading page 15 from https://i.prcdn.co/img?file=eaaj2025112100000000001001&page=15&scale=200&ticket=AFVout1csa9a0x2WC%2FFXHnA%3D
2026-06-28 02:58:59,501 [INFO] src.corpus_acquisition.downloader: Downloading page 16 from https://i.prcdn.co/img?file=eaaj2025112100000000001001&page=16&scale=200&ticket=AHwfk9%2FFSuYJZrwElu4uyG0%3D
2026-06-28 02:59:00,140 [INFO] src.corpus_acquisition.downloader: Downloading page 17 from https://i.prcdn.co/img?file=eaaj2025112100000000001001&page=17&scale=200&ticket=ANrziWn6xvvrDahLm%2BbJ5c0%3D
2026-06-28 02:59:00,911 [INFO] src.corpus_acquisition.downloader: Downloading page 18 from https://i.prcdn.co/img?file=eaaj2025112100000000001001&page=18&scale=200&ticket=AGhbBYBTYEi8%2Fk3dSG%2Bx5Eo%3D
2026-06-28 02:59:02,149 [INFO] src.corpus_acquisition.downloader: Downloading page 19 from https://i.prcdn.co/img?file=eaaj2025112100000000001001&page=19&scale=200&ticket=AOM%2BuNwSWfZOSysdmasTCTc%3D
2026-06-28 02:59:03,058 [INFO] src.corpus_acquisition.downloader: Downloading page 20 from https://i.prcdn.co/img?file=eaaj2025112100000000001001&page=20&scale=200&ticket=AAI503UpVnCWCAI4mj7cCUg%3D
2026-06-28 02:59:03,749 [INFO] src.corpus_acquisition.metadata_extractor: Saved metadata for 20 page(s) -> data/raw/metadata/raw_metadata.parquet (total rows: 18056)
2026-06-28 02:59:03,752 [INFO] src.corpus_acquisition.metadata_extractor: Saved crawl log -> data/raw/crawl_logs/elcomercio_2025-11-21.json (status=success)
2026-06-28 02:59:07,113 [INFO] src.corpus_acquisition.downloader: Opening archive for elcomercio on 2025-11-22
2026-06-28 02:59:12,998 [INFO] src.corpus_acquisition.downloader: Collected 7 / 60 pages
2026-06-28 02:59:17,168 [INFO] src.corpus_acquisition.downloader: Collected 9 / 60 pages
2026-06-28 02:59:19,257 [INFO] src.corpus_acquisition.downloader: Collected 11 / 60 pages
2026-06-28 02:59:21,353 [INFO] src.corpus_acquisition.downloader: Collected 13 / 60 pages
2026-06-28 02:59:23,546 [INFO] src.corpus_acquisition.downloader: Collected 15 / 60 pages
2026-06-28 02:59:25,647 [INFO] src.corpus_acquisition.downloader: Collected 17 / 60 pages
2026-06-28 02:59:27,737 [INFO] src.corpus_acquisition.downloader: Collected 19 / 60 pages
2026-06-28 02:59:29,952 [INFO] src.corpus_acquisition.downloader: Collected 21 / 60 pages
2026-06-28 02:59:32,039 [INFO] src.corpus_acquisition.downloader: Collected 23 / 60 pages
2026-06-28 02:59:34,237 [INFO] src.corpus_acquisition.downloader: Collected 24 / 60 pages
2026-06-28 02:59:40,552 [WARNING] src.corpus_acquisition.downloader: No new pages found after 3 attempts; stopping with 24 page(s).
2026-06-28 02:59:40,571 [INFO] src.corpus_acquisition.downloader: Downloading page 1 from https://t.prcdn.co/img?file=eaaj2025112200000000001001&page=1&scale=200
2026-06-28 02:59:40,986 [INFO] src.corpus_acquisition.downloader: Downloading page 2 from https://i.prcdn.co/img?file=eaaj2025112200000000001001&page=2&scale=200&ticket=APw0HA5zEko8Sii8TrXA%2BnI%3D
2026-06-28 02:59:41,714 [INFO] src.corpus_acquisition.downloader: Downloading page 3 from https://i.prcdn.co/img?file=eaaj2025112200000000001001&page=3&scale=200&ticket=ALYdOE940T3MeaWD0zkGJ8E%3D
2026-06-28 02:59:42,710 [INFO] src.corpus_acquisition.downloader: Downloading page 4 from https://i.prcdn.co/img?file=eaaj2025112200000000001001&page=4&scale=200&ticket=AG5G1np2SqDxA9wrfN4rDDE%3D
2026-06-28 02:59:42,768 [INFO] src.corpus_acquisition.downloader: Downloading page 5 from https://i.prcdn.co/img?file=eaaj2025112200000000001001&page=5&scale=200&ticket=APu83ksPZIGCbYY0fwqYS1M%3D
2026-06-28 02:59:43,338 [INFO] src.corpus_acquisition.downloader: Downloading page 6 from https://i.prcdn.co/img?file=eaaj2025112200000000001001&page=6&scale=200&ticket=AMoao%2F%2FG2GKTMIec2nnfxe4%3D
2026-06-28 02:59:43,400 [INFO] src.corpus_acquisition.downloader: Downloading page 7 from https://i.prcdn.co/img?file=eaaj2025112200000000001001&page=7&scale=200&ticket=ALHIVymFlG54v94khn2m8mk%3D
2026-06-28 02:59:43,458 [INFO] src.corpus_acquisition.downloader: Downloading page 8 from https://i.prcdn.co/img?file=eaaj2025112200000000001001&page=8&scale=200&ticket=ANBxqVsRwdK1S3D1I0gw9B0%3D
2026-06-28 02:59:43,496 [INFO] src.corpus_acquisition.downloader: Downloading page 9 from https://i.prcdn.co/img?file=eaaj2025112200000000001001&page=9&scale=200&ticket=ACNMHvdDYTbax8Ao5s8sj0k%3D
2026-06-28 02:59:43,627 [INFO] src.corpus_acquisition.downloader: Downloading page 10 from https://i.prcdn.co/img?file=eaaj2025112200000000001001&page=10&scale=200&ticket=AKIMActDTE%2BR%2BBPrDf4NAAg%3D
2026-06-28 02:59:44,252 [INFO] src.corpus_acquisition.downloader: Downloading page 11 from https://i.prcdn.co/img?file=eaaj2025112200000000001001&page=11&scale=200&ticket=APjkNsm1ddIn1R5rekIEsK0%3D
2026-06-28 02:59:44,311 [INFO] src.corpus_acquisition.downloader: Downloading page 12 from https://i.prcdn.co/img?file=eaaj2025112200000000001001&page=12&scale=200&ticket=AC2z7403NkhKPEANLQuYR4M%3D
2026-06-28 02:59:45,080 [INFO] src.corpus_acquisition.downloader: Downloading page 13 from https://i.prcdn.co/img?file=eaaj2025112200000000001001&page=13&scale=200&ticket=AHhbMm%2FTBgX9HSL9aTmwOS4%3D
2026-06-28 02:59:45,777 [INFO] src.corpus_acquisition.downloader: Downloading page 14 from https://i.prcdn.co/img?file=eaaj2025112200000000001001&page=14&scale=200&ticket=ADjaHTJ%2BW5GwqENDTPRkY20%3D
2026-06-28 02:59:45,817 [INFO] src.corpus_acquisition.downloader: Downloading page 15 from https://i.prcdn.co/img?file=eaaj2025112200000000001001&page=15&scale=200&ticket=ABhqjgRQnF%2BFks3PvhDNRtY%3D
2026-06-28 02:59:46,443 [INFO] src.corpus_acquisition.downloader: Downloading page 16 from https://i.prcdn.co/img?file=eaaj2025112200000000001001&page=16&scale=200&ticket=AB%2B18hfFNUVeFx6YTj%2BCR2o%3D
2026-06-28 02:59:47,211 [INFO] src.corpus_acquisition.downloader: Downloading page 17 from https://i.prcdn.co/img?file=eaaj2025112200000000001001&page=17&scale=200&ticket=AGdTOYIOu9UuZcKgKVu%2FX2E%3D
2026-06-28 02:59:47,254 [INFO] src.corpus_acquisition.downloader: Downloading page 18 from https://i.prcdn.co/img?file=eaaj2025112200000000001001&page=18&scale=200&ticket=AIks6yTAPHbFwwH6ASuPx2s%3D
2026-06-28 02:59:47,852 [INFO] src.corpus_acquisition.downloader: Downloading page 19 from https://i.prcdn.co/img?file=eaaj2025112200000000001001&page=19&scale=200&ticket=AF8CA%2Bci9X3R3woK4Bfzb1Q%3D
2026-06-28 02:59:48,655 [INFO] src.corpus_acquisition.downloader: Downloading page 20 from https://i.prcdn.co/img?file=eaaj2025112200000000001001&page=20&scale=200&ticket=AAaOZt1oG%2FwpDUwd3oE3lTs%3D
2026-06-28 02:59:49,301 [INFO] src.corpus_acquisition.downloader: Downloading page 21 from https://i.prcdn.co/img?file=eaaj2025112200000000001001&page=21&scale=200&ticket=AEW9YXBoqZmWxdbMJ4lRA%2Fw%3D
2026-06-28 02:59:49,359 [INFO] src.corpus_acquisition.downloader: Downloading page 22 from https://i.prcdn.co/img?file=eaaj2025112200000000001001&page=22&scale=200&ticket=ABpvFhS7SL74xYjKRJopL70%3D
2026-06-28 02:59:49,886 [INFO] src.corpus_acquisition.downloader: Downloading page 23 from https://i.prcdn.co/img?file=eaaj2025112200000000001001&page=23&scale=200&ticket=ANZrR2vw6YV6Ue8VVy4a8ck%3D
2026-06-28 02:59:50,700 [INFO] src.corpus_acquisition.downloader: Downloading page 24 from https://i.prcdn.co/img?file=eaaj2025112200000000001001&page=24&scale=200&ticket=AHZVLDj%2Bg8ZpRhFlvLzIrr4%3D
2026-06-28 02:59:51,467 [INFO] src.corpus_acquisition.metadata_extractor: Saved metadata for 24 page(s) -> data/raw/metadata/raw_metadata.parquet (total rows: 18080)
2026-06-28 02:59:51,469 [INFO] src.corpus_acquisition.metadata_extractor: Saved crawl log -> data/raw/crawl_logs/elcomercio_2025-11-22.json (status=success)
2026-06-28 02:59:54,763 [INFO] src.corpus_acquisition.downloader: Opening archive for elcomercio on 2025-11-23
2026-06-28 03:00:00,613 [INFO] src.corpus_acquisition.downloader: Collected 7 / 60 pages
2026-06-28 03:00:04,781 [INFO] src.corpus_acquisition.downloader: Collected 9 / 60 pages
2026-06-28 03:00:06,872 [INFO] src.corpus_acquisition.downloader: Collected 11 / 60 pages
2026-06-28 03:00:08,972 [INFO] src.corpus_acquisition.downloader: Collected 13 / 60 pages
2026-06-28 03:00:11,069 [INFO] src.corpus_acquisition.downloader: Collected 15 / 60 pages
2026-06-28 03:00:13,154 [INFO] src.corpus_acquisition.downloader: Collected 17 / 60 pages
2026-06-28 03:00:15,263 [INFO] src.corpus_acquisition.downloader: Collected 19 / 60 pages
2026-06-28 03:00:17,350 [INFO] src.corpus_acquisition.downloader: Collected 21 / 60 pages
2026-06-28 03:00:19,430 [INFO] src.corpus_acquisition.downloader: Collected 23 / 60 pages
2026-06-28 03:00:21,519 [INFO] src.corpus_acquisition.downloader: Collected 25 / 60 pages
2026-06-28 03:00:23,603 [INFO] src.corpus_acquisition.downloader: Collected 27 / 60 pages
2026-06-28 03:00:25,711 [INFO] src.corpus_acquisition.downloader: Collected 29 / 60 pages
2026-06-28 03:00:27,803 [INFO] src.corpus_acquisition.downloader: Collected 31 / 60 pages
2026-06-28 03:00:29,882 [INFO] src.corpus_acquisition.downloader: Collected 33 / 60 pages
2026-06-28 03:00:31,970 [INFO] src.corpus_acquisition.downloader: Collected 35 / 60 pages
2026-06-28 03:00:34,069 [INFO] src.corpus_acquisition.downloader: Collected 37 / 60 pages
2026-06-28 03:00:36,162 [INFO] src.corpus_acquisition.downloader: Collected 39 / 60 pages
2026-06-28 03:00:38,306 [INFO] src.corpus_acquisition.downloader: Collected 41 / 60 pages
2026-06-28 03:00:40,401 [INFO] src.corpus_acquisition.downloader: Collected 43 / 60 pages
2026-06-28 03:00:42,487 [INFO] src.corpus_acquisition.downloader: Collected 45 / 60 pages
2026-06-28 03:00:44,587 [INFO] src.corpus_acquisition.downloader: Collected 47 / 60 pages
2026-06-28 03:00:46,682 [INFO] src.corpus_acquisition.downloader: Collected 48 / 60 pages
2026-06-28 03:00:52,968 [WARNING] src.corpus_acquisition.downloader: No new pages found after 3 attempts; stopping with 48 page(s).
2026-06-28 03:00:52,982 [INFO] src.corpus_acquisition.downloader: Downloading page 1 from https://t.prcdn.co/img?file=eaaj2025112300000000001001&page=1&scale=200
2026-06-28 03:00:53,947 [INFO] src.corpus_acquisition.downloader: Downloading page 2 from https://i.prcdn.co/img?file=eaaj2025112300000000001001&page=2&scale=200&ticket=AA5SEI87TljipIcHrk1c28E%3D
2026-06-28 03:00:54,067 [INFO] src.corpus_acquisition.downloader: Downloading page 3 from https://i.prcdn.co/img?file=eaaj2025112300000000001001&page=3&scale=200&ticket=ADpU%2FpHOvfFqTtM1UYm%2FvS8%3D
2026-06-28 03:00:54,628 [INFO] src.corpus_acquisition.downloader: Downloading page 4 from https://i.prcdn.co/img?file=eaaj2025112300000000001001&page=4&scale=200&ticket=AL140rnuW%2F3eJg5McxM9XqE%3D
2026-06-28 03:00:55,034 [INFO] src.corpus_acquisition.downloader: Downloading page 5 from https://i.prcdn.co/img?file=eaaj2025112300000000001001&page=5&scale=200&ticket=AJbeJJUfSCqCwgWr%2F4zd%2BVM%3D
2026-06-28 03:00:55,079 [INFO] src.corpus_acquisition.downloader: Downloading page 6 from https://i.prcdn.co/img?file=eaaj2025112300000000001001&page=6&scale=200&ticket=ADk29hdXainlt4RmYfxRPRM%3D
2026-06-28 03:00:56,556 [INFO] src.corpus_acquisition.downloader: Downloading page 7 from https://i.prcdn.co/img?file=eaaj2025112300000000001001&page=7&scale=200&ticket=ADogsQ7i3vF0bi0se70RkHM%3D
2026-06-28 03:00:56,596 [INFO] src.corpus_acquisition.downloader: Downloading page 8 from https://i.prcdn.co/img?file=eaaj2025112300000000001001&page=8&scale=200&ticket=ALBWlwCFWwJSIp0q6lW5dh4%3D
2026-06-28 03:00:57,104 [INFO] src.corpus_acquisition.downloader: Downloading page 9 from https://i.prcdn.co/img?file=eaaj2025112300000000001001&page=9&scale=200&ticket=AMNfjRd3NSRPMBwBo%2BWWPQc%3D
2026-06-28 03:00:57,764 [INFO] src.corpus_acquisition.downloader: Downloading page 10 from https://i.prcdn.co/img?file=eaaj2025112300000000001001&page=10&scale=200&ticket=AAGBVgivlAtQH58NG9DRCY8%3D
2026-06-28 03:00:58,717 [INFO] src.corpus_acquisition.downloader: Downloading page 11 from https://i.prcdn.co/img?file=eaaj2025112300000000001001&page=11&scale=200&ticket=ALOuSvvYBn1%2B%2FDu9s75G5ro%3D
2026-06-28 03:00:58,756 [INFO] src.corpus_acquisition.downloader: Downloading page 12 from https://i.prcdn.co/img?file=eaaj2025112300000000001001&page=12&scale=200&ticket=AF%2FNeBqszgyva0tbJe2FUZQ%3D
2026-06-28 03:00:58,800 [INFO] src.corpus_acquisition.downloader: Downloading page 13 from https://i.prcdn.co/img?file=eaaj2025112300000000001001&page=13&scale=200&ticket=AGFtJ7L7oYFmr7z0mCW8A80%3D
2026-06-28 03:00:58,839 [INFO] src.corpus_acquisition.downloader: Downloading page 14 from https://i.prcdn.co/img?file=eaaj2025112300000000001001&page=14&scale=200&ticket=ACeOL2JSIFKFm%2F1C4WI9eoE%3D
2026-06-28 03:00:59,759 [INFO] src.corpus_acquisition.downloader: Downloading page 15 from https://i.prcdn.co/img?file=eaaj2025112300000000001001&page=15&scale=200&ticket=ALof2o1xXcFIh4XKrl7O1SM%3D
2026-06-28 03:01:00,376 [INFO] src.corpus_acquisition.downloader: Downloading page 16 from https://i.prcdn.co/img?file=eaaj2025112300000000001001&page=16&scale=200&ticket=AAR7dSx9ZQU2yHr2%2B6Ws6CY%3D
2026-06-28 03:01:01,181 [INFO] src.corpus_acquisition.downloader: Downloading page 17 from https://i.prcdn.co/img?file=eaaj2025112300000000001001&page=17&scale=200&ticket=ANPYpPta98rj3GIw7MbRUG0%3D
2026-06-28 03:01:01,979 [INFO] src.corpus_acquisition.downloader: Downloading page 18 from https://i.prcdn.co/img?file=eaaj2025112300000000001001&page=18&scale=200&ticket=AFzR24a%2BI5pHrcanz0WjkNI%3D
2026-06-28 03:01:02,031 [INFO] src.corpus_acquisition.downloader: Downloading page 19 from https://i.prcdn.co/img?file=eaaj2025112300000000001001&page=19&scale=200&ticket=ADKseUx0KdJZUKhGRdA%2FSTM%3D
2026-06-28 03:01:02,666 [INFO] src.corpus_acquisition.downloader: Downloading page 20 from https://i.prcdn.co/img?file=eaaj2025112300000000001001&page=20&scale=200&ticket=AE%2FG%2F0qlAvhNpEOmsw%2B9Oa8%3D
2026-06-28 03:01:02,767 [INFO] src.corpus_acquisition.downloader: Downloading page 21 from https://i.prcdn.co/img?file=eaaj2025112300000000001001&page=21&scale=200&ticket=AA4fUl%2FItdQy%2BRQr4qe%2BWh8%3D
2026-06-28 03:01:03,234 [INFO] src.corpus_acquisition.downloader: Downloading page 22 from https://i.prcdn.co/img?file=eaaj2025112300000000001001&page=22&scale=200&ticket=ANhEHmHE%2FIhrQnhHk%2B87%2BbA%3D
2026-06-28 03:01:03,702 [INFO] src.corpus_acquisition.downloader: Downloading page 23 from https://i.prcdn.co/img?file=eaaj2025112300000000001001&page=23&scale=200&ticket=ANV90r1f%2F31Rwyo9PipFioU%3D
2026-06-28 03:01:04,316 [INFO] src.corpus_acquisition.downloader: Downloading page 24 from https://i.prcdn.co/img?file=eaaj2025112300000000001001&page=24&scale=200&ticket=AOY%2FUeabBLJFXSLFzks9%2BtU%3D
2026-06-28 03:01:05,054 [INFO] src.corpus_acquisition.downloader: Downloading page 25 from https://i.prcdn.co/img?file=eaaj2025112300000000001001&page=25&scale=200&ticket=AIRqRw0mWIfPQtqYh%2BeWGFY%3D
2026-06-28 03:01:05,892 [INFO] src.corpus_acquisition.downloader: Downloading page 26 from https://i.prcdn.co/img?file=eaaj2025112300000000001001&page=26&scale=200&ticket=ANV4DuiBnUuA0JZLAzqOZKk%3D
2026-06-28 03:01:06,504 [INFO] src.corpus_acquisition.downloader: Downloading page 27 from https://i.prcdn.co/img?file=eaaj2025112300000000001001&page=27&scale=200&ticket=AJYSIx8zTSj8O8PosvZ3Puc%3D
2026-06-28 03:01:07,117 [INFO] src.corpus_acquisition.downloader: Downloading page 28 from https://i.prcdn.co/img?file=eaaj2025112300000000001001&page=28&scale=200&ticket=AM%2BJ7iJeaMy9GE77Svzqq7w%3D
2026-06-28 03:01:07,911 [INFO] src.corpus_acquisition.downloader: Downloading page 29 from https://i.prcdn.co/img?file=eaaj2025112300000000001001&page=29&scale=200&ticket=AE%2F9gjDS%2FOYnbMlDj%2FiiyuE%3D
2026-06-28 03:01:08,897 [INFO] src.corpus_acquisition.downloader: Downloading page 30 from https://i.prcdn.co/img?file=eaaj2025112300000000001001&page=30&scale=200&ticket=AMW8r8AvrGgRLZZdz4ucRmM%3D
2026-06-28 03:01:09,608 [INFO] src.corpus_acquisition.downloader: Downloading page 31 from https://i.prcdn.co/img?file=eaaj2025112300000000001001&page=31&scale=200&ticket=ABUuCOjSFKrzEjDtalWzI6M%3D
2026-06-28 03:01:10,649 [INFO] src.corpus_acquisition.downloader: Downloading page 32 from https://i.prcdn.co/img?file=eaaj2025112300000000001001&page=32&scale=200&ticket=ABzatlM13IunlzrXkVxCdoA%3D
2026-06-28 03:01:11,269 [INFO] src.corpus_acquisition.downloader: Downloading page 33 from https://i.prcdn.co/img?file=eaaj2025112300000000001001&page=33&scale=200&ticket=ACr%2F8RpFjg4UGlDrZiT4BDA%3D
2026-06-28 03:01:12,067 [INFO] src.corpus_acquisition.downloader: Downloading page 34 from https://i.prcdn.co/img?file=eaaj2025112300000000001001&page=34&scale=200&ticket=AJ0Xe%2F0e%2BBq3I%2BlyoVhzugE%3D
2026-06-28 03:01:13,021 [INFO] src.corpus_acquisition.downloader: Downloading page 35 from https://i.prcdn.co/img?file=eaaj2025112300000000001001&page=35&scale=200&ticket=AOE7%2Fh4F2bVYaJyZ0Ij0DwQ%3D
2026-06-28 03:01:13,645 [INFO] src.corpus_acquisition.downloader: Downloading page 36 from https://i.prcdn.co/img?file=eaaj2025112300000000001001&page=36&scale=200&ticket=AEGClUS0pEWkwK691VPQJrg%3D
2026-06-28 03:01:14,233 [INFO] src.corpus_acquisition.downloader: Downloading page 37 from https://i.prcdn.co/img?file=eaaj2025112300000000001001&page=37&scale=200&ticket=AOagEhzJXtuyyZWKGmB4VYE%3D
2026-06-28 03:01:15,213 [INFO] src.corpus_acquisition.downloader: Downloading page 38 from https://i.prcdn.co/img?file=eaaj2025112300000000001001&page=38&scale=200&ticket=AGl5IHB37DBOsZBBHxBjLjc%3D
2026-06-28 03:01:16,059 [INFO] src.corpus_acquisition.downloader: Downloading page 39 from https://i.prcdn.co/img?file=eaaj2025112300000000001001&page=39&scale=200&ticket=AMxHDUQgNsg9ejRvDpfST6k%3D
2026-06-28 03:01:16,864 [INFO] src.corpus_acquisition.downloader: Downloading page 40 from https://i.prcdn.co/img?file=eaaj2025112300000000001001&page=40&scale=200&ticket=AGpx3cdQr%2BFTXzy%2Bbt47aDU%3D
2026-06-28 03:01:17,444 [INFO] src.corpus_acquisition.downloader: Downloading page 41 from https://i.prcdn.co/img?file=eaaj2025112300000000001001&page=41&scale=200&ticket=ANs6pTI3ZpNh85m74lOBmLw%3D
2026-06-28 03:01:18,366 [INFO] src.corpus_acquisition.downloader: Downloading page 42 from https://i.prcdn.co/img?file=eaaj2025112300000000001001&page=42&scale=200&ticket=AD1r9l7SXuQ5TevoKQUoROU%3D
2026-06-28 03:01:18,993 [INFO] src.corpus_acquisition.downloader: Downloading page 43 from https://i.prcdn.co/img?file=eaaj2025112300000000001001&page=43&scale=200&ticket=AMjTJE0AoH%2FQHYePLuJnUvg%3D
2026-06-28 03:01:19,734 [INFO] src.corpus_acquisition.downloader: Downloading page 44 from https://i.prcdn.co/img?file=eaaj2025112300000000001001&page=44&scale=200&ticket=ABlnbpDIRhqPD6I9tja2k%2Bc%3D
2026-06-28 03:01:20,480 [INFO] src.corpus_acquisition.downloader: Downloading page 45 from https://i.prcdn.co/img?file=eaaj2025112300000000001001&page=45&scale=200&ticket=AJwIt7nZfFjyAsiwKVAUzI8%3D
2026-06-28 03:01:21,209 [INFO] src.corpus_acquisition.downloader: Downloading page 46 from https://i.prcdn.co/img?file=eaaj2025112300000000001001&page=46&scale=200&ticket=AFSpLL5Dv2g6L3UY8BQyw6g%3D
2026-06-28 03:01:21,948 [INFO] src.corpus_acquisition.downloader: Downloading page 47 from https://i.prcdn.co/img?file=eaaj2025112300000000001001&page=47&scale=200&ticket=APwSEWd%2FuEcTYdVr3T52EXU%3D
2026-06-28 03:01:22,760 [INFO] src.corpus_acquisition.downloader: Downloading page 48 from https://i.prcdn.co/img?file=eaaj2025112300000000001001&page=48&scale=200&ticket=AJhjgSCXc4dBxYhAh8j0wTU%3D
2026-06-28 03:01:23,816 [INFO] src.corpus_acquisition.metadata_extractor: Saved metadata for 48 page(s) -> data/raw/metadata/raw_metadata.parquet (total rows: 18128)
2026-06-28 03:01:23,819 [INFO] src.corpus_acquisition.metadata_extractor: Saved crawl log -> data/raw/crawl_logs/elcomercio_2025-11-23.json (status=success)
2026-06-28 03:01:30,495 [INFO] src.corpus_acquisition.downloader: Opening archive for elcomercio on 2025-11-24
2026-06-28 03:01:36,983 [INFO] src.corpus_acquisition.downloader: Collected 7 / 60 pages
2026-06-28 03:01:41,156 [INFO] src.corpus_acquisition.downloader: Collected 9 / 60 pages
2026-06-28 03:01:43,247 [INFO] src.corpus_acquisition.downloader: Collected 11 / 60 pages
2026-06-28 03:01:45,335 [INFO] src.corpus_acquisition.downloader: Collected 13 / 60 pages
2026-06-28 03:01:47,433 [INFO] src.corpus_acquisition.downloader: Collected 15 / 60 pages
2026-06-28 03:01:49,525 [INFO] src.corpus_acquisition.downloader: Collected 17 / 60 pages
2026-06-28 03:01:51,617 [INFO] src.corpus_acquisition.downloader: Collected 19 / 60 pages
2026-06-28 03:01:53,715 [INFO] src.corpus_acquisition.downloader: Collected 21 / 60 pages
2026-06-28 03:01:55,797 [INFO] src.corpus_acquisition.downloader: Collected 23 / 60 pages
2026-06-28 03:01:57,887 [INFO] src.corpus_acquisition.downloader: Collected 25 / 60 pages
2026-06-28 03:01:59,978 [INFO] src.corpus_acquisition.downloader: Collected 27 / 60 pages
2026-06-28 03:02:02,068 [INFO] src.corpus_acquisition.downloader: Collected 29 / 60 pages
2026-06-28 03:02:04,166 [INFO] src.corpus_acquisition.downloader: Collected 31 / 60 pages
2026-06-28 03:02:06,273 [INFO] src.corpus_acquisition.downloader: Collected 32 / 60 pages
2026-06-28 03:02:12,549 [WARNING] src.corpus_acquisition.downloader: No new pages found after 3 attempts; stopping with 32 page(s).
2026-06-28 03:02:12,562 [INFO] src.corpus_acquisition.downloader: Downloading page 1 from https://t.prcdn.co/img?file=eaaj2025112400000000001001&page=1&scale=200
2026-06-28 03:02:12,619 [INFO] src.corpus_acquisition.downloader: Downloading page 2 from https://i.prcdn.co/img?file=eaaj2025112400000000001001&page=2&scale=200&ticket=AAsxpDNCke%2Fc1ksRlNf4TFc%3D
2026-06-28 03:02:12,769 [INFO] src.corpus_acquisition.downloader: Downloading page 3 from https://i.prcdn.co/img?file=eaaj2025112400000000001001&page=3&scale=200&ticket=ACkPc0n%2F5AbehzNsi1WKvWk%3D
2026-06-28 03:02:13,462 [INFO] src.corpus_acquisition.downloader: Downloading page 4 from https://i.prcdn.co/img?file=eaaj2025112400000000001001&page=4&scale=200&ticket=AL9C4c5NA38sq2XoS5r1kIE%3D
2026-06-28 03:02:13,513 [INFO] src.corpus_acquisition.downloader: Downloading page 5 from https://i.prcdn.co/img?file=eaaj2025112400000000001001&page=5&scale=200&ticket=ABiRlXv5%2BKtZ3hxn8SEtd4g%3D
2026-06-28 03:02:13,548 [INFO] src.corpus_acquisition.downloader: Downloading page 6 from https://i.prcdn.co/img?file=eaaj2025112400000000001001&page=6&scale=200&ticket=AIk775TykrSNqp%2FY6GNzM0o%3D
2026-06-28 03:02:13,622 [INFO] src.corpus_acquisition.downloader: Downloading page 7 from https://i.prcdn.co/img?file=eaaj2025112400000000001001&page=7&scale=200&ticket=AAQLkho0l6%2FNG6Mt5vGKPZg%3D
2026-06-28 03:02:14,176 [INFO] src.corpus_acquisition.downloader: Downloading page 8 from https://i.prcdn.co/img?file=eaaj2025112400000000001001&page=8&scale=200&ticket=AEZXGGp0mMh9M3RtbEVXSW8%3D
2026-06-28 03:02:14,219 [INFO] src.corpus_acquisition.downloader: Downloading page 9 from https://i.prcdn.co/img?file=eaaj2025112400000000001001&page=9&scale=200&ticket=AJbq46s0GzWKzpCXc%2FA2oDM%3D
2026-06-28 03:02:14,809 [INFO] src.corpus_acquisition.downloader: Downloading page 10 from https://i.prcdn.co/img?file=eaaj2025112400000000001001&page=10&scale=200&ticket=AFytjxWhb%2BaoD0fdyN04DpI%3D
2026-06-28 03:02:14,875 [INFO] src.corpus_acquisition.downloader: Downloading page 11 from https://i.prcdn.co/img?file=eaaj2025112400000000001001&page=11&scale=200&ticket=AJb0%2BZaeOI%2FDYALv4EtAQ4c%3D
2026-06-28 03:02:15,418 [INFO] src.corpus_acquisition.downloader: Downloading page 12 from https://i.prcdn.co/img?file=eaaj2025112400000000001001&page=12&scale=200&ticket=ADTdU3fRb48sy%2BfHM8ZYusw%3D
2026-06-28 03:02:15,929 [INFO] src.corpus_acquisition.downloader: Downloading page 13 from https://i.prcdn.co/img?file=eaaj2025112400000000001001&page=13&scale=200&ticket=AG6leIOQxtK5ft1tf0UZjzI%3D
2026-06-28 03:02:16,828 [INFO] src.corpus_acquisition.downloader: Downloading page 14 from https://i.prcdn.co/img?file=eaaj2025112400000000001001&page=14&scale=200&ticket=AGjqY6C8z7i9TKwwoSKgq6s%3D
2026-06-28 03:02:17,281 [INFO] src.corpus_acquisition.downloader: Downloading page 15 from https://i.prcdn.co/img?file=eaaj2025112400000000001001&page=15&scale=200&ticket=AKeORv9sZbIsnBVYKvOKPWA%3D
2026-06-28 03:02:17,331 [INFO] src.corpus_acquisition.downloader: Downloading page 16 from https://i.prcdn.co/img?file=eaaj2025112400000000001001&page=16&scale=200&ticket=ACxkQfPA4g9AClZcrohPoO8%3D
2026-06-28 03:02:17,484 [INFO] src.corpus_acquisition.downloader: Downloading page 17 from https://i.prcdn.co/img?file=eaaj2025112400000000001001&page=17&scale=200&ticket=ALLclXFo2uotx5YlplEa1ZE%3D
2026-06-28 03:02:18,404 [INFO] src.corpus_acquisition.downloader: Downloading page 18 from https://i.prcdn.co/img?file=eaaj2025112400000000001001&page=18&scale=200&ticket=AMxU8cLb1%2BHG4p76wq%2F5%2BBM%3D
2026-06-28 03:02:19,051 [INFO] src.corpus_acquisition.downloader: Downloading page 19 from https://i.prcdn.co/img?file=eaaj2025112400000000001001&page=19&scale=200&ticket=AMG8sy5ZbC5831VeS1%2Fqrh8%3D
2026-06-28 03:02:20,129 [INFO] src.corpus_acquisition.downloader: Downloading page 20 from https://i.prcdn.co/img?file=eaaj2025112400000000001001&page=20&scale=200&ticket=ALZvNRpo0y6aQ1L0y0BcYfE%3D
2026-06-28 03:02:20,181 [INFO] src.corpus_acquisition.downloader: Downloading page 21 from https://i.prcdn.co/img?file=eaaj2025112400000000001001&page=21&scale=200&ticket=AAe4Bu9zT0Om8cDCvDC6Lms%3D
2026-06-28 03:02:20,219 [INFO] src.corpus_acquisition.downloader: Downloading page 22 from https://i.prcdn.co/img?file=eaaj2025112400000000001001&page=22&scale=200&ticket=APe94RiMiM2p8K24fx3g2Gs%3D
2026-06-28 03:02:21,053 [INFO] src.corpus_acquisition.downloader: Downloading page 23 from https://i.prcdn.co/img?file=eaaj2025112400000000001001&page=23&scale=200&ticket=AA%2B7swneK6dhT%2F1v0qBNQ2U%3D
2026-06-28 03:02:21,585 [INFO] src.corpus_acquisition.downloader: Downloading page 24 from https://i.prcdn.co/img?file=eaaj2025112400000000001001&page=24&scale=200&ticket=ADlzs%2FqCOgUMdcPnyb0WR74%3D
2026-06-28 03:02:22,236 [INFO] src.corpus_acquisition.downloader: Downloading page 25 from https://i.prcdn.co/img?file=eaaj2025112400000000001001&page=25&scale=200&ticket=APTwPeZ%2BPvYLC6aHVMPycFE%3D
2026-06-28 03:02:22,788 [INFO] src.corpus_acquisition.downloader: Downloading page 26 from https://i.prcdn.co/img?file=eaaj2025112400000000001001&page=26&scale=200&ticket=ANcf8dGzwbabkHmTdzRUUr4%3D
2026-06-28 03:02:23,197 [INFO] src.corpus_acquisition.downloader: Downloading page 27 from https://i.prcdn.co/img?file=eaaj2025112400000000001001&page=27&scale=200&ticket=AJ3Vjm%2BN3nnmtqaKK3%2BZE%2FI%3D
2026-06-28 03:02:23,634 [INFO] src.corpus_acquisition.downloader: Downloading page 28 from https://i.prcdn.co/img?file=eaaj2025112400000000001001&page=28&scale=200&ticket=AM4EpUX%2B9n7Pqny%2BR7bt6Gs%3D
2026-06-28 03:02:24,223 [INFO] src.corpus_acquisition.downloader: Downloading page 29 from https://i.prcdn.co/img?file=eaaj2025112400000000001001&page=29&scale=200&ticket=AHdAsY8PdNve5hzHEXTFNc4%3D
2026-06-28 03:02:24,762 [INFO] src.corpus_acquisition.downloader: Downloading page 30 from https://i.prcdn.co/img?file=eaaj2025112400000000001001&page=30&scale=200&ticket=AM%2BZs4gw3TDQLg5g5t3Dhtc%3D
2026-06-28 03:02:25,585 [INFO] src.corpus_acquisition.downloader: Downloading page 31 from https://i.prcdn.co/img?file=eaaj2025112400000000001001&page=31&scale=200&ticket=ACNeHIHhdfqM9AXvFE6pNHA%3D
2026-06-28 03:02:26,435 [INFO] src.corpus_acquisition.downloader: Downloading page 32 from https://i.prcdn.co/img?file=eaaj2025112400000000001001&page=32&scale=200&ticket=ACYDg14hKgSOfpWV55hy4es%3D
2026-06-28 03:02:27,235 [INFO] src.corpus_acquisition.metadata_extractor: Saved metadata for 32 page(s) -> data/raw/metadata/raw_metadata.parquet (total rows: 18160)
2026-06-28 03:02:27,239 [INFO] src.corpus_acquisition.metadata_extractor: Saved crawl log -> data/raw/crawl_logs/elcomercio_2025-11-24.json (status=success)
2026-06-28 03:02:33,575 [INFO] src.corpus_acquisition.downloader: Opening archive for elcomercio on 2025-11-25
2026-06-28 03:02:39,454 [INFO] src.corpus_acquisition.downloader: Collected 7 / 60 pages
2026-06-28 03:02:43,632 [INFO] src.corpus_acquisition.downloader: Collected 9 / 60 pages
2026-06-28 03:02:45,736 [INFO] src.corpus_acquisition.downloader: Collected 11 / 60 pages
2026-06-28 03:02:47,828 [INFO] src.corpus_acquisition.downloader: Collected 13 / 60 pages
2026-06-28 03:02:49,912 [INFO] src.corpus_acquisition.downloader: Collected 15 / 60 pages
2026-06-28 03:02:52,004 [INFO] src.corpus_acquisition.downloader: Collected 17 / 60 pages
2026-06-28 03:02:54,097 [INFO] src.corpus_acquisition.downloader: Collected 19 / 60 pages
2026-06-28 03:02:56,176 [INFO] src.corpus_acquisition.downloader: Collected 20 / 60 pages
2026-06-28 03:03:02,446 [WARNING] src.corpus_acquisition.downloader: No new pages found after 3 attempts; stopping with 20 page(s).
2026-06-28 03:03:02,459 [INFO] src.corpus_acquisition.downloader: Downloading page 1 from https://t.prcdn.co/img?file=eaaj2025112500000000001001&page=1&scale=200
2026-06-28 03:03:02,519 [INFO] src.corpus_acquisition.downloader: Downloading page 2 from https://i.prcdn.co/img?file=eaaj2025112500000000001001&page=2&scale=200&ticket=APznYlM4NQLJ9dTGRPXLBlU%3D
2026-06-28 03:03:02,576 [INFO] src.corpus_acquisition.downloader: Downloading page 3 from https://i.prcdn.co/img?file=eaaj2025112500000000001001&page=3&scale=200&ticket=AFL%2F9o1NqAj5SzAvieysHFs%3D
2026-06-28 03:03:03,137 [INFO] src.corpus_acquisition.downloader: Downloading page 4 from https://i.prcdn.co/img?file=eaaj2025112500000000001001&page=4&scale=200&ticket=AIazmDd3FLcOuUgcqp8%2FYjs%3D
2026-06-28 03:03:03,641 [INFO] src.corpus_acquisition.downloader: Downloading page 5 from https://i.prcdn.co/img?file=eaaj2025112500000000001001&page=5&scale=200&ticket=AFC8%2F4I7i%2BgwqXf%2BR2CRmOY%3D
2026-06-28 03:03:04,233 [INFO] src.corpus_acquisition.downloader: Downloading page 6 from https://i.prcdn.co/img?file=eaaj2025112500000000001001&page=6&scale=200&ticket=AOWWUNY5tSP79wLuSK2OlXA%3D
2026-06-28 03:03:05,605 [INFO] src.corpus_acquisition.downloader: Downloading page 7 from https://i.prcdn.co/img?file=eaaj2025112500000000001001&page=7&scale=200&ticket=AJjfKw7cyq8NvsbUTaH1ByE%3D
2026-06-28 03:03:06,344 [INFO] src.corpus_acquisition.downloader: Downloading page 8 from https://i.prcdn.co/img?file=eaaj2025112500000000001001&page=8&scale=200&ticket=ANP58DqFNly8CtmfDaa%2BZgM%3D
2026-06-28 03:03:07,202 [INFO] src.corpus_acquisition.downloader: Downloading page 9 from https://i.prcdn.co/img?file=eaaj2025112500000000001001&page=9&scale=200&ticket=AOLNm%2BKpuoNP7eaJxXHhW8w%3D
2026-06-28 03:03:07,243 [INFO] src.corpus_acquisition.downloader: Downloading page 10 from https://i.prcdn.co/img?file=eaaj2025112500000000001001&page=10&scale=200&ticket=AJhGqRGE%2F2yydsqI%2BpFr4aU%3D
2026-06-28 03:03:08,137 [INFO] src.corpus_acquisition.downloader: Downloading page 11 from https://i.prcdn.co/img?file=eaaj2025112500000000001001&page=11&scale=200&ticket=AFLUSbAlKULBsU8HKKSnkqc%3D
2026-06-28 03:03:08,180 [INFO] src.corpus_acquisition.downloader: Downloading page 12 from https://i.prcdn.co/img?file=eaaj2025112500000000001001&page=12&scale=200&ticket=ANR5qR0tIsa73Z8lUKu%2F7dc%3D
2026-06-28 03:03:08,221 [INFO] src.corpus_acquisition.downloader: Downloading page 13 from https://i.prcdn.co/img?file=eaaj2025112500000000001001&page=13&scale=200&ticket=AGEv7W%2FwlJOhv%2Fhucx0BdrY%3D
2026-06-28 03:03:09,060 [INFO] src.corpus_acquisition.downloader: Downloading page 14 from https://i.prcdn.co/img?file=eaaj2025112500000000001001&page=14&scale=200&ticket=AA2y0W2kU0Qpu0QJKyDARyY%3D
2026-06-28 03:03:09,587 [INFO] src.corpus_acquisition.downloader: Downloading page 15 from https://i.prcdn.co/img?file=eaaj2025112500000000001001&page=15&scale=200&ticket=ABeTEDcrAVu1nhb3cwtQeUw%3D
2026-06-28 03:03:10,267 [INFO] src.corpus_acquisition.downloader: Downloading page 16 from https://i.prcdn.co/img?file=eaaj2025112500000000001001&page=16&scale=200&ticket=AAd5ISsEgzZ1msXc%2BAB2wHI%3D
2026-06-28 03:03:10,311 [INFO] src.corpus_acquisition.downloader: Downloading page 17 from https://i.prcdn.co/img?file=eaaj2025112500000000001001&page=17&scale=200&ticket=AN8QVQKCFiy4wxqIpQklXw0%3D
2026-06-28 03:03:11,003 [INFO] src.corpus_acquisition.downloader: Downloading page 18 from https://i.prcdn.co/img?file=eaaj2025112500000000001001&page=18&scale=200&ticket=AE%2FxG%2B5G%2F9gcuCSOi9u8StI%3D
2026-06-28 03:03:11,046 [INFO] src.corpus_acquisition.downloader: Downloading page 19 from https://i.prcdn.co/img?file=eaaj2025112500000000001001&page=19&scale=200&ticket=ANd8T6sVIkQifSKuKsCsZuM%3D
2026-06-28 03:03:11,911 [INFO] src.corpus_acquisition.downloader: Downloading page 20 from https://i.prcdn.co/img?file=eaaj2025112500000000001001&page=20&scale=200&ticket=ALNFnwTkWoSOQIiugQqoe8Q%3D
2026-06-28 03:03:12,657 [INFO] src.corpus_acquisition.metadata_extractor: Saved metadata for 20 page(s) -> data/raw/metadata/raw_metadata.parquet (total rows: 18180)
2026-06-28 03:03:12,661 [INFO] src.corpus_acquisition.metadata_extractor: Saved crawl log -> data/raw/crawl_logs/elcomercio_2025-11-25.json (status=success)
2026-06-28 03:03:18,089 [INFO] src.corpus_acquisition.downloader: Opening archive for elcomercio on 2025-11-26
2026-06-28 03:03:23,983 [INFO] src.corpus_acquisition.downloader: Collected 7 / 60 pages
2026-06-28 03:03:28,154 [INFO] src.corpus_acquisition.downloader: Collected 9 / 60 pages
2026-06-28 03:03:30,248 [INFO] src.corpus_acquisition.downloader: Collected 11 / 60 pages
2026-06-28 03:03:32,346 [INFO] src.corpus_acquisition.downloader: Collected 13 / 60 pages
2026-06-28 03:03:34,529 [INFO] src.corpus_acquisition.downloader: Collected 15 / 60 pages
2026-06-28 03:03:36,615 [INFO] src.corpus_acquisition.downloader: Collected 17 / 60 pages
2026-06-28 03:03:38,708 [INFO] src.corpus_acquisition.downloader: Collected 19 / 60 pages
2026-06-28 03:03:40,791 [INFO] src.corpus_acquisition.downloader: Collected 20 / 60 pages
2026-06-28 03:03:47,061 [WARNING] src.corpus_acquisition.downloader: No new pages found after 3 attempts; stopping with 20 page(s).
2026-06-28 03:03:47,074 [INFO] src.corpus_acquisition.downloader: Downloading page 1 from https://t.prcdn.co/img?file=eaaj2025112600000000001001&page=1&scale=200
2026-06-28 03:03:47,941 [INFO] src.corpus_acquisition.downloader: Downloading page 2 from https://i.prcdn.co/img?file=eaaj2025112600000000001001&page=2&scale=200&ticket=ADEVjJ%2FPhE%2FM9UdufiyPnJY%3D
2026-06-28 03:03:48,482 [INFO] src.corpus_acquisition.downloader: Downloading page 3 from https://i.prcdn.co/img?file=eaaj2025112600000000001001&page=3&scale=200&ticket=ALSH2k3ObZYC0YpEVsY%2FYX4%3D
2026-06-28 03:03:49,125 [INFO] src.corpus_acquisition.downloader: Downloading page 4 from https://i.prcdn.co/img?file=eaaj2025112600000000001001&page=4&scale=200&ticket=AJq4SDdCaj4TS%2BRvHh4YL5I%3D
2026-06-28 03:03:50,808 [INFO] src.corpus_acquisition.downloader: Downloading page 5 from https://i.prcdn.co/img?file=eaaj2025112600000000001001&page=5&scale=200&ticket=APfplM28l3x3BknTjOey5sM%3D
2026-06-28 03:03:51,342 [INFO] src.corpus_acquisition.downloader: Downloading page 6 from https://i.prcdn.co/img?file=eaaj2025112600000000001001&page=6&scale=200&ticket=ABL0bEeGCbZuam735vk%2Bj2E%3D
2026-06-28 03:03:51,846 [INFO] src.corpus_acquisition.downloader: Downloading page 7 from https://i.prcdn.co/img?file=eaaj2025112600000000001001&page=7&scale=200&ticket=ALOPU9It33r03S7jFGVp%2BMo%3D
2026-06-28 03:03:52,616 [INFO] src.corpus_acquisition.downloader: Downloading page 8 from https://i.prcdn.co/img?file=eaaj2025112600000000001001&page=8&scale=200&ticket=AK23Iyt%2Bs1XDGsz%2BxtZ0j08%3D
2026-06-28 03:03:53,550 [INFO] src.corpus_acquisition.downloader: Downloading page 9 from https://i.prcdn.co/img?file=eaaj2025112600000000001001&page=9&scale=200&ticket=AFweXEZ4bGIi8a%2FNdeEROvM%3D
2026-06-28 03:03:53,593 [INFO] src.corpus_acquisition.downloader: Downloading page 10 from https://i.prcdn.co/img?file=eaaj2025112600000000001001&page=10&scale=200&ticket=ADShhn7B5zoywHgM1qdW4Qc%3D
2026-06-28 03:03:53,648 [INFO] src.corpus_acquisition.downloader: Downloading page 11 from https://i.prcdn.co/img?file=eaaj2025112600000000001001&page=11&scale=200&ticket=AOm8H%2FSK9dcW91%2F6a0c6OY8%3D
2026-06-28 03:03:54,230 [INFO] src.corpus_acquisition.downloader: Downloading page 12 from https://i.prcdn.co/img?file=eaaj2025112600000000001001&page=12&scale=200&ticket=AHXmjUUO0uNg%2BDO0MMdaJj4%3D
2026-06-28 03:03:54,753 [INFO] src.corpus_acquisition.downloader: Downloading page 13 from https://i.prcdn.co/img?file=eaaj2025112600000000001001&page=13&scale=200&ticket=AAXPacKbxbAu9w1A7ggR%2BZA%3D
2026-06-28 03:03:54,844 [INFO] src.corpus_acquisition.downloader: Downloading page 14 from https://i.prcdn.co/img?file=eaaj2025112600000000001001&page=14&scale=200&ticket=AAu7OSx7gSrXaUr5v4bvorU%3D
2026-06-28 03:03:55,450 [INFO] src.corpus_acquisition.downloader: Downloading page 15 from https://i.prcdn.co/img?file=eaaj2025112600000000001001&page=15&scale=200&ticket=ANmYmQGmAkzcs0fYbCA4NeE%3D
2026-06-28 03:03:55,621 [INFO] src.corpus_acquisition.downloader: Downloading page 16 from https://i.prcdn.co/img?file=eaaj2025112600000000001001&page=16&scale=200&ticket=AEFslDTzQxi1sdopqeXJr9c%3D
2026-06-28 03:03:56,129 [INFO] src.corpus_acquisition.downloader: Downloading page 17 from https://i.prcdn.co/img?file=eaaj2025112600000000001001&page=17&scale=200&ticket=ACkpe%2FglAjjc6p1PWC8rSIY%3D
2026-06-28 03:03:56,805 [INFO] src.corpus_acquisition.downloader: Downloading page 18 from https://i.prcdn.co/img?file=eaaj2025112600000000001001&page=18&scale=200&ticket=AGKzbggzdTKvNPshMorWHrc%3D
2026-06-28 03:03:56,859 [INFO] src.corpus_acquisition.downloader: Downloading page 19 from https://i.prcdn.co/img?file=eaaj2025112600000000001001&page=19&scale=200&ticket=AHsiMYUJJLfarK2slhqQC18%3D
2026-06-28 03:03:57,663 [INFO] src.corpus_acquisition.downloader: Downloading page 20 from https://i.prcdn.co/img?file=eaaj2025112600000000001001&page=20&scale=200&ticket=AMwhH2k1d47CYo%2BooBQV%2F%2BA%3D
2026-06-28 03:03:58,296 [INFO] src.corpus_acquisition.metadata_extractor: Saved metadata for 20 page(s) -> data/raw/metadata/raw_metadata.parquet (total rows: 18200)
2026-06-28 03:03:58,298 [INFO] src.corpus_acquisition.metadata_extractor: Saved crawl log -> data/raw/crawl_logs/elcomercio_2025-11-26.json (status=success)
2026-06-28 03:04:01,435 [INFO] src.corpus_acquisition.downloader: Opening archive for elcomercio on 2025-11-27
2026-06-28 03:04:07,310 [INFO] src.corpus_acquisition.downloader: Collected 7 / 60 pages
2026-06-28 03:04:11,484 [INFO] src.corpus_acquisition.downloader: Collected 9 / 60 pages
2026-06-28 03:04:13,578 [INFO] src.corpus_acquisition.downloader: Collected 11 / 60 pages
2026-06-28 03:04:15,682 [INFO] src.corpus_acquisition.downloader: Collected 13 / 60 pages
2026-06-28 03:04:17,880 [INFO] src.corpus_acquisition.downloader: Collected 15 / 60 pages
2026-06-28 03:04:19,990 [INFO] src.corpus_acquisition.downloader: Collected 17 / 60 pages
2026-06-28 03:04:22,073 [INFO] src.corpus_acquisition.downloader: Collected 19 / 60 pages
2026-06-28 03:04:24,158 [INFO] src.corpus_acquisition.downloader: Collected 20 / 60 pages
2026-06-28 03:04:30,424 [WARNING] src.corpus_acquisition.downloader: No new pages found after 3 attempts; stopping with 20 page(s).
2026-06-28 03:04:30,671 [INFO] src.corpus_acquisition.downloader: Downloading page 1 from https://t.prcdn.co/img?file=eaaj2025112700000000001001&page=1&scale=200
2026-06-28 03:04:31,210 [INFO] src.corpus_acquisition.downloader: Downloading page 2 from https://i.prcdn.co/img?file=eaaj2025112700000000001001&page=2&scale=200&ticket=ANryMUl%2FV%2BfouXMUgcf0iQk%3D
2026-06-28 03:04:31,250 [INFO] src.corpus_acquisition.downloader: Downloading page 3 from https://i.prcdn.co/img?file=eaaj2025112700000000001001&page=3&scale=200&ticket=AKhvy3hvHi2ju91ZgcLmJwE%3D
2026-06-28 03:04:32,014 [INFO] src.corpus_acquisition.downloader: Downloading page 4 from https://i.prcdn.co/img?file=eaaj2025112700000000001001&page=4&scale=200&ticket=AO5AFqL4cm1kynGI5%2BwSH98%3D
2026-06-28 03:04:33,066 [INFO] src.corpus_acquisition.downloader: Downloading page 5 from https://i.prcdn.co/img?file=eaaj2025112700000000001001&page=5&scale=200&ticket=ACz9h8czkEAXqg5CfMKBUak%3D
2026-06-28 03:04:33,210 [INFO] src.corpus_acquisition.downloader: Downloading page 6 from https://i.prcdn.co/img?file=eaaj2025112700000000001001&page=6&scale=200&ticket=ACSgNZ00uKm083XTBlfy6MY%3D
2026-06-28 03:04:33,757 [INFO] src.corpus_acquisition.downloader: Downloading page 7 from https://i.prcdn.co/img?file=eaaj2025112700000000001001&page=7&scale=200&ticket=ADrjnIfLWQSSUnnvYidhTDk%3D
2026-06-28 03:04:33,799 [INFO] src.corpus_acquisition.downloader: Downloading page 8 from https://i.prcdn.co/img?file=eaaj2025112700000000001001&page=8&scale=200&ticket=AG8MoRSSAotGGLuURFVSHA4%3D
2026-06-28 03:04:33,841 [INFO] src.corpus_acquisition.downloader: Downloading page 9 from https://i.prcdn.co/img?file=eaaj2025112700000000001001&page=9&scale=200&ticket=AHq8Fee4o5FU%2Bw5ZDsx1WHg%3D
2026-06-28 03:04:34,066 [INFO] src.corpus_acquisition.downloader: Downloading page 10 from https://i.prcdn.co/img?file=eaaj2025112700000000001001&page=10&scale=200&ticket=ADt%2BvkxZCI2zZAdIvtErPxw%3D
2026-06-28 03:04:35,017 [INFO] src.corpus_acquisition.downloader: Downloading page 11 from https://i.prcdn.co/img?file=eaaj2025112700000000001001&page=11&scale=200&ticket=ANN5bgWO%2FHNIt91uyU3qXgw%3D
2026-06-28 03:04:35,157 [INFO] src.corpus_acquisition.downloader: Downloading page 12 from https://i.prcdn.co/img?file=eaaj2025112700000000001001&page=12&scale=200&ticket=ADUvUr5VAThEZUDtukfG%2BwY%3D
2026-06-28 03:04:35,318 [INFO] src.corpus_acquisition.downloader: Downloading page 13 from https://i.prcdn.co/img?file=eaaj2025112700000000001001&page=13&scale=200&ticket=AKvtjAjaX1CSjp1r36rA8C8%3D
2026-06-28 03:04:35,969 [INFO] src.corpus_acquisition.downloader: Downloading page 14 from https://i.prcdn.co/img?file=eaaj2025112700000000001001&page=14&scale=200&ticket=AAKWFcvhQyWiCnThc%2BzUeA4%3D
2026-06-28 03:04:36,031 [INFO] src.corpus_acquisition.downloader: Downloading page 15 from https://i.prcdn.co/img?file=eaaj2025112700000000001001&page=15&scale=200&ticket=ACTSQNZcNmGZroPQVqfxhPM%3D
2026-06-28 03:04:36,069 [INFO] src.corpus_acquisition.downloader: Downloading page 16 from https://i.prcdn.co/img?file=eaaj2025112700000000001001&page=16&scale=200&ticket=AFiIvqyvBOk0rDsLwa3EuNQ%3D
2026-06-28 03:04:36,822 [INFO] src.corpus_acquisition.downloader: Downloading page 17 from https://i.prcdn.co/img?file=eaaj2025112700000000001001&page=17&scale=200&ticket=ALgs%2FCFL4BGBqGPpV9TR20k%3D
2026-06-28 03:04:37,649 [INFO] src.corpus_acquisition.downloader: Downloading page 18 from https://i.prcdn.co/img?file=eaaj2025112700000000001001&page=18&scale=200&ticket=AC5D9W1bkXde6czGV55h29Y%3D
2026-06-28 03:04:38,225 [INFO] src.corpus_acquisition.downloader: Downloading page 19 from https://i.prcdn.co/img?file=eaaj2025112700000000001001&page=19&scale=200&ticket=AMvZkNiCYxp3EMFlqglfhGA%3D
2026-06-28 03:04:38,806 [INFO] src.corpus_acquisition.downloader: Downloading page 20 from https://i.prcdn.co/img?file=eaaj2025112700000000001001&page=20&scale=200&ticket=AHGBC9r5HtIycpqLzQ6sBCo%3D
2026-06-28 03:04:39,501 [INFO] src.corpus_acquisition.metadata_extractor: Saved metadata for 20 page(s) -> data/raw/metadata/raw_metadata.parquet (total rows: 18220)
2026-06-28 03:04:39,506 [INFO] src.corpus_acquisition.metadata_extractor: Saved crawl log -> data/raw/crawl_logs/elcomercio_2025-11-27.json (status=success)
2026-06-28 03:04:42,774 [INFO] src.corpus_acquisition.downloader: Opening archive for elcomercio on 2025-11-28
2026-06-28 03:04:48,647 [INFO] src.corpus_acquisition.downloader: Collected 7 / 60 pages
2026-06-28 03:04:52,820 [INFO] src.corpus_acquisition.downloader: Collected 9 / 60 pages
2026-06-28 03:04:54,907 [INFO] src.corpus_acquisition.downloader: Collected 11 / 60 pages
2026-06-28 03:04:56,990 [INFO] src.corpus_acquisition.downloader: Collected 13 / 60 pages
2026-06-28 03:04:59,181 [INFO] src.corpus_acquisition.downloader: Collected 15 / 60 pages
2026-06-28 03:05:01,273 [INFO] src.corpus_acquisition.downloader: Collected 17 / 60 pages
2026-06-28 03:05:03,365 [INFO] src.corpus_acquisition.downloader: Collected 19 / 60 pages
2026-06-28 03:05:05,457 [INFO] src.corpus_acquisition.downloader: Collected 20 / 60 pages
2026-06-28 03:05:11,723 [WARNING] src.corpus_acquisition.downloader: No new pages found after 3 attempts; stopping with 20 page(s).
2026-06-28 03:05:11,739 [INFO] src.corpus_acquisition.downloader: Downloading page 1 from https://t.prcdn.co/img?file=eaaj2025112800000000001001&page=1&scale=200
2026-06-28 03:05:11,782 [INFO] src.corpus_acquisition.downloader: Downloading page 2 from https://i.prcdn.co/img?file=eaaj2025112800000000001001&page=2&scale=200&ticket=AAkFs9pdHll6IxxhDonc3nM%3D
2026-06-28 03:05:12,798 [INFO] src.corpus_acquisition.downloader: Downloading page 3 from https://i.prcdn.co/img?file=eaaj2025112800000000001001&page=3&scale=200&ticket=AO%2B5DMe0a8Z96K9RHcIz1nE%3D
2026-06-28 03:05:13,779 [INFO] src.corpus_acquisition.downloader: Downloading page 4 from https://i.prcdn.co/img?file=eaaj2025112800000000001001&page=4&scale=200&ticket=APL9u%2BFhjY6aJ6mtUD2xZSo%3D
2026-06-28 03:05:14,336 [INFO] src.corpus_acquisition.downloader: Downloading page 5 from https://i.prcdn.co/img?file=eaaj2025112800000000001001&page=5&scale=200&ticket=AOfnkTaH9S39n0ytp%2Bq2K%2Bc%3D
2026-06-28 03:05:14,893 [INFO] src.corpus_acquisition.downloader: Downloading page 6 from https://i.prcdn.co/img?file=eaaj2025112800000000001001&page=6&scale=200&ticket=AOoOR64fJ1ERklxON23F7hE%3D
2026-06-28 03:05:16,310 [INFO] src.corpus_acquisition.downloader: Downloading page 7 from https://i.prcdn.co/img?file=eaaj2025112800000000001001&page=7&scale=200&ticket=AGEyTay%2FNMfRdhfGJPSLIsI%3D
2026-06-28 03:05:16,368 [INFO] src.corpus_acquisition.downloader: Downloading page 8 from https://i.prcdn.co/img?file=eaaj2025112800000000001001&page=8&scale=200&ticket=AO%2FbqZ9AXCmfyVoO12eEzMU%3D
2026-06-28 03:05:17,011 [INFO] src.corpus_acquisition.downloader: Downloading page 9 from https://i.prcdn.co/img?file=eaaj2025112800000000001001&page=9&scale=200&ticket=ALvs8U%2FjfQlz9BFqfvHR%2BhQ%3D
2026-06-28 03:05:17,858 [INFO] src.corpus_acquisition.downloader: Downloading page 10 from https://i.prcdn.co/img?file=eaaj2025112800000000001001&page=10&scale=200&ticket=AHJYohVP0iUPmsfbrEMqVCs%3D
2026-06-28 03:05:18,809 [INFO] src.corpus_acquisition.downloader: Downloading page 11 from https://i.prcdn.co/img?file=eaaj2025112800000000001001&page=11&scale=200&ticket=ACa8%2FcUdoDfqFd1aOvFgIyc%3D
2026-06-28 03:05:18,853 [INFO] src.corpus_acquisition.downloader: Downloading page 12 from https://i.prcdn.co/img?file=eaaj2025112800000000001001&page=12&scale=200&ticket=AEspQuzeD67LYCSln7ipkzo%3D
2026-06-28 03:05:18,911 [INFO] src.corpus_acquisition.downloader: Downloading page 13 from https://i.prcdn.co/img?file=eaaj2025112800000000001001&page=13&scale=200&ticket=AIL2lLEa%2F66PTqaQ2HDGJtU%3D
2026-06-28 03:05:18,949 [INFO] src.corpus_acquisition.downloader: Downloading page 14 from https://i.prcdn.co/img?file=eaaj2025112800000000001001&page=14&scale=200&ticket=AFFFrjWuHHUlZ5Wl75M2s1A%3D
2026-06-28 03:05:19,655 [INFO] src.corpus_acquisition.downloader: Downloading page 15 from https://i.prcdn.co/img?file=eaaj2025112800000000001001&page=15&scale=200&ticket=AOhAVfTR5YsTk3P%2F%2BG8l6S8%3D
2026-06-28 03:05:19,715 [INFO] src.corpus_acquisition.downloader: Downloading page 16 from https://i.prcdn.co/img?file=eaaj2025112800000000001001&page=16&scale=200&ticket=AGUTVekhGGo4yttPFjzeJwE%3D
2026-06-28 03:05:20,528 [INFO] src.corpus_acquisition.downloader: Downloading page 17 from https://i.prcdn.co/img?file=eaaj2025112800000000001001&page=17&scale=200&ticket=AF9OAbuH0C2ewsZtLAAacmc%3D
2026-06-28 03:05:21,185 [INFO] src.corpus_acquisition.downloader: Downloading page 18 from https://i.prcdn.co/img?file=eaaj2025112800000000001001&page=18&scale=200&ticket=ACo9mGj9mJrYakctLugwdtk%3D
2026-06-28 03:05:21,861 [INFO] src.corpus_acquisition.downloader: Downloading page 19 from https://i.prcdn.co/img?file=eaaj2025112800000000001001&page=19&scale=200&ticket=AGvVSOIW1NVSsbrsBBt3kCE%3D
2026-06-28 03:05:21,924 [INFO] src.corpus_acquisition.downloader: Downloading page 20 from https://i.prcdn.co/img?file=eaaj2025112800000000001001&page=20&scale=200&ticket=AO6%2BosuO2ihBkhXXvsJKOiU%3D
2026-06-28 03:05:22,969 [INFO] src.corpus_acquisition.metadata_extractor: Saved metadata for 20 page(s) -> data/raw/metadata/raw_metadata.parquet (total rows: 18240)
2026-06-28 03:05:22,971 [INFO] src.corpus_acquisition.metadata_extractor: Saved crawl log -> data/raw/crawl_logs/elcomercio_2025-11-28.json (status=success)
2026-06-28 03:05:29,444 [INFO] src.corpus_acquisition.downloader: Opening archive for elcomercio on 2025-11-29
2026-06-28 03:05:35,335 [INFO] src.corpus_acquisition.downloader: Collected 7 / 60 pages
2026-06-28 03:05:39,507 [INFO] src.corpus_acquisition.downloader: Collected 9 / 60 pages
2026-06-28 03:05:41,606 [INFO] src.corpus_acquisition.downloader: Collected 11 / 60 pages
2026-06-28 03:05:43,690 [INFO] src.corpus_acquisition.downloader: Collected 13 / 60 pages
2026-06-28 03:05:45,882 [INFO] src.corpus_acquisition.downloader: Collected 15 / 60 pages
2026-06-28 03:05:47,974 [INFO] src.corpus_acquisition.downloader: Collected 17 / 60 pages
2026-06-28 03:05:50,070 [INFO] src.corpus_acquisition.downloader: Collected 19 / 60 pages
2026-06-28 03:05:52,153 [INFO] src.corpus_acquisition.downloader: Collected 21 / 60 pages
2026-06-28 03:05:54,250 [INFO] src.corpus_acquisition.downloader: Collected 23 / 60 pages
2026-06-28 03:05:56,340 [INFO] src.corpus_acquisition.downloader: Collected 24 / 60 pages
2026-06-28 03:06:02,738 [WARNING] src.corpus_acquisition.downloader: No new pages found after 3 attempts; stopping with 24 page(s).
2026-06-28 03:06:02,752 [INFO] src.corpus_acquisition.downloader: Downloading page 1 from https://t.prcdn.co/img?file=eaaj2025112900000000001001&page=1&scale=200
2026-06-28 03:06:02,795 [INFO] src.corpus_acquisition.downloader: Downloading page 2 from https://i.prcdn.co/img?file=eaaj2025112900000000001001&page=2&scale=200&ticket=ADlOofIjVpfIentbo80bIUY%3D
2026-06-28 03:06:03,453 [INFO] src.corpus_acquisition.downloader: Downloading page 3 from https://i.prcdn.co/img?file=eaaj2025112900000000001001&page=3&scale=200&ticket=ABfvsUua99sqpePSGTKqe5Q%3D
2026-06-28 03:06:04,757 [INFO] src.corpus_acquisition.downloader: Downloading page 4 from https://i.prcdn.co/img?file=eaaj2025112900000000001001&page=4&scale=200&ticket=ANBPjsLkoz8TQqH8yQxb63g%3D
2026-06-28 03:06:05,556 [INFO] src.corpus_acquisition.downloader: Downloading page 5 from https://i.prcdn.co/img?file=eaaj2025112900000000001001&page=5&scale=200&ticket=AFgc1BjN3mzx%2FEWXVHNOhvs%3D
2026-06-28 03:06:05,599 [INFO] src.corpus_acquisition.downloader: Downloading page 6 from https://i.prcdn.co/img?file=eaaj2025112900000000001001&page=6&scale=200&ticket=AB73tjFgBakMRnAXnOSGlJA%3D
2026-06-28 03:06:05,644 [INFO] src.corpus_acquisition.downloader: Downloading page 7 from https://i.prcdn.co/img?file=eaaj2025112900000000001001&page=7&scale=200&ticket=AHebB08r%2BIwoUSOAHab1NrQ%3D
2026-06-28 03:06:06,154 [INFO] src.corpus_acquisition.downloader: Downloading page 8 from https://i.prcdn.co/img?file=eaaj2025112900000000001001&page=8&scale=200&ticket=AOYkIEJr4TzBhZRIBj5Aotw%3D
2026-06-28 03:06:06,789 [INFO] src.corpus_acquisition.downloader: Downloading page 9 from https://i.prcdn.co/img?file=eaaj2025112900000000001001&page=9&scale=200&ticket=AGfbpN0M53Blh4zIk2n1zSs%3D
2026-06-28 03:06:07,743 [INFO] src.corpus_acquisition.downloader: Downloading page 10 from https://i.prcdn.co/img?file=eaaj2025112900000000001001&page=10&scale=200&ticket=APDoQHxlo999JonpYVGT9kk%3D
2026-06-28 03:06:07,782 [INFO] src.corpus_acquisition.downloader: Downloading page 11 from https://i.prcdn.co/img?file=eaaj2025112900000000001001&page=11&scale=200&ticket=AIbY1xfvKVbJ6iR3UsfbUwY%3D
2026-06-28 03:06:08,251 [INFO] src.corpus_acquisition.downloader: Downloading page 12 from https://i.prcdn.co/img?file=eaaj2025112900000000001001&page=12&scale=200&ticket=AMXYAFD417O%2Bfo6oP4cOLM8%3D
2026-06-28 03:06:08,799 [INFO] src.corpus_acquisition.downloader: Downloading page 13 from https://i.prcdn.co/img?file=eaaj2025112900000000001001&page=13&scale=200&ticket=AAggg5VX78nYRcfOOx6FMTU%3D
2026-06-28 03:06:08,839 [INFO] src.corpus_acquisition.downloader: Downloading page 14 from https://i.prcdn.co/img?file=eaaj2025112900000000001001&page=14&scale=200&ticket=ANtlSQ1ikr5Jz4uFQxY7OOM%3D
2026-06-28 03:06:09,376 [INFO] src.corpus_acquisition.downloader: Downloading page 15 from https://i.prcdn.co/img?file=eaaj2025112900000000001001&page=15&scale=200&ticket=ALoAKuYFFXlU5xcHk%2FGiIfE%3D
2026-06-28 03:06:09,897 [INFO] src.corpus_acquisition.downloader: Downloading page 16 from https://i.prcdn.co/img?file=eaaj2025112900000000001001&page=16&scale=200&ticket=AJxfZc1TNaSJVY5quNYR5Tw%3D
2026-06-28 03:06:10,412 [INFO] src.corpus_acquisition.downloader: Downloading page 17 from https://i.prcdn.co/img?file=eaaj2025112900000000001001&page=17&scale=200&ticket=AJ4o%2FO3NP35c7NQ2%2BYJlKgQ%3D
2026-06-28 03:06:10,453 [INFO] src.corpus_acquisition.downloader: Downloading page 18 from https://i.prcdn.co/img?file=eaaj2025112900000000001001&page=18&scale=200&ticket=AG2cWhV%2BYww3OgqyU388UzY%3D
2026-06-28 03:06:11,139 [INFO] src.corpus_acquisition.downloader: Downloading page 19 from https://i.prcdn.co/img?file=eaaj2025112900000000001001&page=19&scale=200&ticket=AK%2ByVlDBj0LOkWXzTvtsMOg%3D
2026-06-28 03:06:11,829 [INFO] src.corpus_acquisition.downloader: Downloading page 20 from https://i.prcdn.co/img?file=eaaj2025112900000000001001&page=20&scale=200&ticket=AOCr9%2Bl8WVDNokoQeMF8%2FGw%3D
2026-06-28 03:06:11,866 [INFO] src.corpus_acquisition.downloader: Downloading page 21 from https://i.prcdn.co/img?file=eaaj2025112900000000001001&page=21&scale=200&ticket=AG6Ks3A7Rk3Uvx76BlwktsI%3D
2026-06-28 03:06:12,608 [INFO] src.corpus_acquisition.downloader: Downloading page 22 from https://i.prcdn.co/img?file=eaaj2025112900000000001001&page=22&scale=200&ticket=ABJruBvHNdGg2T76QqotdCs%3D
2026-06-28 03:06:13,364 [INFO] src.corpus_acquisition.downloader: Downloading page 23 from https://i.prcdn.co/img?file=eaaj2025112900000000001001&page=23&scale=200&ticket=AH%2BxkzY7xBNbsqMnh1EfgbY%3D
2026-06-28 03:06:14,095 [INFO] src.corpus_acquisition.downloader: Downloading page 24 from https://i.prcdn.co/img?file=eaaj2025112900000000001001&page=24&scale=200&ticket=AGNP68Bz2re5%2BPUaEFQi2is%3D
2026-06-28 03:06:14,790 [INFO] src.corpus_acquisition.metadata_extractor: Saved metadata for 24 page(s) -> data/raw/metadata/raw_metadata.parquet (total rows: 18264)
2026-06-28 03:06:14,792 [INFO] src.corpus_acquisition.metadata_extractor: Saved crawl log -> data/raw/crawl_logs/elcomercio_2025-11-29.json (status=success)
2026-06-28 03:06:21,042 [INFO] src.corpus_acquisition.downloader: Opening archive for elcomercio on 2025-11-30
2026-06-28 03:06:26,962 [INFO] src.corpus_acquisition.downloader: Collected 7 / 60 pages
2026-06-28 03:06:31,128 [INFO] src.corpus_acquisition.downloader: Collected 9 / 60 pages
2026-06-28 03:06:33,217 [INFO] src.corpus_acquisition.downloader: Collected 11 / 60 pages
2026-06-28 03:06:35,308 [INFO] src.corpus_acquisition.downloader: Collected 13 / 60 pages
2026-06-28 03:06:37,398 [INFO] src.corpus_acquisition.downloader: Collected 15 / 60 pages
2026-06-28 03:06:39,495 [INFO] src.corpus_acquisition.downloader: Collected 17 / 60 pages
2026-06-28 03:06:41,587 [INFO] src.corpus_acquisition.downloader: Collected 19 / 60 pages
2026-06-28 03:06:43,673 [INFO] src.corpus_acquisition.downloader: Collected 21 / 60 pages
2026-06-28 03:06:45,770 [INFO] src.corpus_acquisition.downloader: Collected 23 / 60 pages
2026-06-28 03:06:47,855 [INFO] src.corpus_acquisition.downloader: Collected 25 / 60 pages
2026-06-28 03:06:49,949 [INFO] src.corpus_acquisition.downloader: Collected 27 / 60 pages
2026-06-28 03:06:52,036 [INFO] src.corpus_acquisition.downloader: Collected 29 / 60 pages
2026-06-28 03:06:54,120 [INFO] src.corpus_acquisition.downloader: Collected 31 / 60 pages
2026-06-28 03:06:56,204 [INFO] src.corpus_acquisition.downloader: Collected 33 / 60 pages
2026-06-28 03:06:58,303 [INFO] src.corpus_acquisition.downloader: Collected 35 / 60 pages
2026-06-28 03:07:00,388 [INFO] src.corpus_acquisition.downloader: Collected 37 / 60 pages
2026-06-28 03:07:02,487 [INFO] src.corpus_acquisition.downloader: Collected 39 / 60 pages
2026-06-28 03:07:04,672 [INFO] src.corpus_acquisition.downloader: Collected 41 / 60 pages
2026-06-28 03:07:06,771 [INFO] src.corpus_acquisition.downloader: Collected 43 / 60 pages
2026-06-28 03:07:08,872 [INFO] src.corpus_acquisition.downloader: Collected 45 / 60 pages
2026-06-28 03:07:10,971 [INFO] src.corpus_acquisition.downloader: Collected 47 / 60 pages
2026-06-28 03:07:13,068 [INFO] src.corpus_acquisition.downloader: Collected 48 / 60 pages
2026-06-28 03:07:19,355 [WARNING] src.corpus_acquisition.downloader: No new pages found after 3 attempts; stopping with 48 page(s).
2026-06-28 03:07:19,373 [INFO] src.corpus_acquisition.downloader: Downloading page 1 from https://t.prcdn.co/img?file=eaaj2025113000000000001001&page=1&scale=200
2026-06-28 03:07:19,436 [INFO] src.corpus_acquisition.downloader: Downloading page 2 from https://i.prcdn.co/img?file=eaaj2025113000000000001001&page=2&scale=200&ticket=AEzI4XFBWZIUAmcUgtzKnQ4%3D
2026-06-28 03:07:19,943 [INFO] src.corpus_acquisition.downloader: Downloading page 3 from https://i.prcdn.co/img?file=eaaj2025113000000000001001&page=3&scale=200&ticket=AOCPFjv%2BR5cEJo463bncR4c%3D
2026-06-28 03:07:20,432 [INFO] src.corpus_acquisition.downloader: Downloading page 4 from https://i.prcdn.co/img?file=eaaj2025113000000000001001&page=4&scale=200&ticket=AINpD6AT7ZXof1CJXSzy8sc%3D
2026-06-28 03:07:20,471 [INFO] src.corpus_acquisition.downloader: Downloading page 5 from https://i.prcdn.co/img?file=eaaj2025113000000000001001&page=5&scale=200&ticket=AGshIMROiE5TTYDF87xgj1A%3D
2026-06-28 03:07:21,038 [INFO] src.corpus_acquisition.downloader: Downloading page 6 from https://i.prcdn.co/img?file=eaaj2025113000000000001001&page=6&scale=200&ticket=AMJRe91wNbVz%2Bqu%2BHg2d%2BLY%3D
2026-06-28 03:07:21,713 [INFO] src.corpus_acquisition.downloader: Downloading page 7 from https://i.prcdn.co/img?file=eaaj2025113000000000001001&page=7&scale=200&ticket=AH5sHQo5ui92Qif1L%2BY3meM%3D
2026-06-28 03:07:21,744 [INFO] src.corpus_acquisition.downloader: Downloading page 8 from https://i.prcdn.co/img?file=eaaj2025113000000000001001&page=8&scale=200&ticket=ALgAYWi%2F4mxgoIAX5%2Fvi87E%3D
2026-06-28 03:07:22,392 [INFO] src.corpus_acquisition.downloader: Downloading page 9 from https://i.prcdn.co/img?file=eaaj2025113000000000001001&page=9&scale=200&ticket=AFqzroRzPj0Q2DXSM49V9f4%3D
2026-06-28 03:07:23,052 [INFO] src.corpus_acquisition.downloader: Downloading page 10 from https://i.prcdn.co/img?file=eaaj2025113000000000001001&page=10&scale=200&ticket=ABw3o73YVbhiJ13v9Dewe5g%3D
2026-06-28 03:07:23,765 [INFO] src.corpus_acquisition.downloader: Downloading page 11 from https://i.prcdn.co/img?file=eaaj2025113000000000001001&page=11&scale=200&ticket=AGL%2Bx2K5npdl56p%2BUoClVd8%3D
2026-06-28 03:07:24,500 [INFO] src.corpus_acquisition.downloader: Downloading page 12 from https://i.prcdn.co/img?file=eaaj2025113000000000001001&page=12&scale=200&ticket=AEoi4Ntjp4ThnJyhpyO6OSI%3D
2026-06-28 03:07:25,321 [INFO] src.corpus_acquisition.downloader: Downloading page 13 from https://i.prcdn.co/img?file=eaaj2025113000000000001001&page=13&scale=200&ticket=AC18g6T689yrmRV4tCHIKw4%3D
2026-06-28 03:07:25,364 [INFO] src.corpus_acquisition.downloader: Downloading page 14 from https://i.prcdn.co/img?file=eaaj2025113000000000001001&page=14&scale=200&ticket=AJJovSsIV6hLzYkNB7quius%3D
2026-06-28 03:07:26,162 [INFO] src.corpus_acquisition.downloader: Downloading page 15 from https://i.prcdn.co/img?file=eaaj2025113000000000001001&page=15&scale=200&ticket=AOtGIFw36bcsWnwWwC10AZE%3D
2026-06-28 03:07:26,296 [INFO] src.corpus_acquisition.downloader: Downloading page 16 from https://i.prcdn.co/img?file=eaaj2025113000000000001001&page=16&scale=200&ticket=AJs1QgJTvOd6h%2FZvjHBGA2w%3D
2026-06-28 03:07:26,899 [INFO] src.corpus_acquisition.downloader: Downloading page 17 from https://i.prcdn.co/img?file=eaaj2025113000000000001001&page=17&scale=200&ticket=AFyG%2BzETPOYTw8ZeHuQPNZw%3D
2026-06-28 03:07:27,759 [INFO] src.corpus_acquisition.downloader: Downloading page 18 from https://i.prcdn.co/img?file=eaaj2025113000000000001001&page=18&scale=200&ticket=ACz5AN838hD9VMLSzKfMy78%3D
2026-06-28 03:07:27,797 [INFO] src.corpus_acquisition.downloader: Downloading page 19 from https://i.prcdn.co/img?file=eaaj2025113000000000001001&page=19&scale=200&ticket=AAj%2Fs1F860VduEGuCDHNCMA%3D
2026-06-28 03:07:27,836 [INFO] src.corpus_acquisition.downloader: Downloading page 20 from https://i.prcdn.co/img?file=eaaj2025113000000000001001&page=20&scale=200&ticket=ACw0hMD34IA9XZDrHMeOiJg%3D
2026-06-28 03:07:28,344 [INFO] src.corpus_acquisition.downloader: Downloading page 21 from https://i.prcdn.co/img?file=eaaj2025113000000000001001&page=21&scale=200&ticket=AOP1lEwLAPCGgijCTsrzIck%3D
2026-06-28 03:07:28,408 [INFO] src.corpus_acquisition.downloader: Downloading page 22 from https://i.prcdn.co/img?file=eaaj2025113000000000001001&page=22&scale=200&ticket=AJ7Fozq6IWXRxmUB4hvZAHs%3D
2026-06-28 03:07:29,075 [INFO] src.corpus_acquisition.downloader: Downloading page 23 from https://i.prcdn.co/img?file=eaaj2025113000000000001001&page=23&scale=200&ticket=AC0zzQazDx%2BHYr%2BYG46Xq3w%3D
2026-06-28 03:07:29,932 [INFO] src.corpus_acquisition.downloader: Downloading page 24 from https://i.prcdn.co/img?file=eaaj2025113000000000001001&page=24&scale=200&ticket=AIVtHB5QV9HbmD%2BMiX2QyBc%3D
2026-06-28 03:07:30,522 [INFO] src.corpus_acquisition.downloader: Downloading page 25 from https://i.prcdn.co/img?file=eaaj2025113000000000001001&page=25&scale=200&ticket=AExhvblL86VmLLkttpKshkY%3D
2026-06-28 03:07:31,351 [INFO] src.corpus_acquisition.downloader: Downloading page 26 from https://i.prcdn.co/img?file=eaaj2025113000000000001001&page=26&scale=200&ticket=AN9YP0SbJUNY1Lxs73532ao%3D
2026-06-28 03:07:31,795 [INFO] src.corpus_acquisition.downloader: Downloading page 27 from https://i.prcdn.co/img?file=eaaj2025113000000000001001&page=27&scale=200&ticket=APyexgb1%2BeeErZa36TudBw0%3D
2026-06-28 03:07:32,645 [INFO] src.corpus_acquisition.downloader: Downloading page 28 from https://i.prcdn.co/img?file=eaaj2025113000000000001001&page=28&scale=200&ticket=AMbPMuV%2BNTAL6sAq3ax8b80%3D
2026-06-28 03:07:33,447 [INFO] src.corpus_acquisition.downloader: Downloading page 29 from https://i.prcdn.co/img?file=eaaj2025113000000000001001&page=29&scale=200&ticket=AN2I3yXkrBeyEimy%2FgNlNBA%3D
2026-06-28 03:07:34,014 [INFO] src.corpus_acquisition.downloader: Downloading page 30 from https://i.prcdn.co/img?file=eaaj2025113000000000001001&page=30&scale=200&ticket=ABPBm0SWciJt48O64U8t7cE%3D
2026-06-28 03:07:34,708 [INFO] src.corpus_acquisition.downloader: Downloading page 31 from https://i.prcdn.co/img?file=eaaj2025113000000000001001&page=31&scale=200&ticket=AG1UeKN78E7YyIsjz%2B4siFc%3D
2026-06-28 03:07:35,529 [INFO] src.corpus_acquisition.downloader: Downloading page 32 from https://i.prcdn.co/img?file=eaaj2025113000000000001001&page=32&scale=200&ticket=ALiButy%2BXiJc%2BRYjpFYzORc%3D
2026-06-28 03:07:36,846 [INFO] src.corpus_acquisition.downloader: Downloading page 33 from https://i.prcdn.co/img?file=eaaj2025113000000000001001&page=33&scale=200&ticket=ALrqL5%2FfWU64UoQ%2FybdDuMY%3D
2026-06-28 03:07:37,528 [INFO] src.corpus_acquisition.downloader: Downloading page 34 from https://i.prcdn.co/img?file=eaaj2025113000000000001001&page=34&scale=200&ticket=AK2yYQv3BRWmyfyCpO1UDQY%3D
2026-06-28 03:07:38,143 [INFO] src.corpus_acquisition.downloader: Downloading page 35 from https://i.prcdn.co/img?file=eaaj2025113000000000001001&page=35&scale=200&ticket=AH1x41b2ABIq7fMLnb%2FcUi8%3D
2026-06-28 03:07:39,043 [INFO] src.corpus_acquisition.downloader: Downloading page 36 from https://i.prcdn.co/img?file=eaaj2025113000000000001001&page=36&scale=200&ticket=AI3KdMJ6iZwD2uDO8u4xLKc%3D
2026-06-28 03:07:39,562 [INFO] src.corpus_acquisition.downloader: Downloading page 37 from https://i.prcdn.co/img?file=eaaj2025113000000000001001&page=37&scale=200&ticket=AHLKW0Nictpw9yAdT7UcYso%3D
2026-06-28 03:07:40,133 [INFO] src.corpus_acquisition.downloader: Downloading page 38 from https://i.prcdn.co/img?file=eaaj2025113000000000001001&page=38&scale=200&ticket=AHDmK9rjRBV%2BMJj6uafxY54%3D
2026-06-28 03:07:41,003 [INFO] src.corpus_acquisition.downloader: Downloading page 39 from https://i.prcdn.co/img?file=eaaj2025113000000000001001&page=39&scale=200&ticket=AHEofKkFwFlJiG9KwczPRNI%3D
2026-06-28 03:07:41,826 [INFO] src.corpus_acquisition.downloader: Downloading page 40 from https://i.prcdn.co/img?file=eaaj2025113000000000001001&page=40&scale=200&ticket=ADqrvx6UVEfqREzRV8nASJI%3D
2026-06-28 03:07:42,393 [INFO] src.corpus_acquisition.downloader: Downloading page 41 from https://i.prcdn.co/img?file=eaaj2025113000000000001001&page=41&scale=200&ticket=AGZHMzu57ZqKzaytQgeQBZ8%3D
2026-06-28 03:07:43,096 [INFO] src.corpus_acquisition.downloader: Downloading page 42 from https://i.prcdn.co/img?file=eaaj2025113000000000001001&page=42&scale=200&ticket=AJenX4n1meg9bQ20Xz9qhG8%3D
2026-06-28 03:07:43,988 [INFO] src.corpus_acquisition.downloader: Downloading page 43 from https://i.prcdn.co/img?file=eaaj2025113000000000001001&page=43&scale=200&ticket=AJo6EmKq0BG4YI87mC71XWI%3D
2026-06-28 03:07:44,533 [INFO] src.corpus_acquisition.downloader: Downloading page 44 from https://i.prcdn.co/img?file=eaaj2025113000000000001001&page=44&scale=200&ticket=ALyms40QMYzh0SsDXCoBbnQ%3D
2026-06-28 03:07:45,206 [INFO] src.corpus_acquisition.downloader: Downloading page 45 from https://i.prcdn.co/img?file=eaaj2025113000000000001001&page=45&scale=200&ticket=ACbeevyZvi3o0MYYwUdMOZM%3D
2026-06-28 03:07:45,956 [INFO] src.corpus_acquisition.downloader: Downloading page 46 from https://i.prcdn.co/img?file=eaaj2025113000000000001001&page=46&scale=200&ticket=APTd9XsL5YAp85Nfvn47whE%3D
2026-06-28 03:07:46,467 [INFO] src.corpus_acquisition.downloader: Downloading page 47 from https://i.prcdn.co/img?file=eaaj2025113000000000001001&page=47&scale=200&ticket=ACyq%2BMIjdtPtjYcilJaYB5U%3D
2026-06-28 03:07:47,316 [INFO] src.corpus_acquisition.downloader: Downloading page 48 from https://i.prcdn.co/img?file=eaaj2025113000000000001001&page=48&scale=200&ticket=AGsuuMi3bJTMFxdYv1vsnso%3D
2026-06-28 03:07:48,136 [INFO] src.corpus_acquisition.metadata_extractor: Saved metadata for 48 page(s) -> data/raw/metadata/raw_metadata.parquet (total rows: 18312)
2026-06-28 03:07:48,138 [INFO] src.corpus_acquisition.metadata_extractor: Saved crawl log -> data/raw/crawl_logs/elcomercio_2025-11-30.json (status=success)
2026-06-28 03:07:52,730 [INFO] src.corpus_acquisition.downloader: Opening archive for elcomercio on 2025-12-01
2026-06-28 03:07:59,180 [INFO] src.corpus_acquisition.downloader: Collected 7 / 60 pages
2026-06-28 03:08:03,346 [INFO] src.corpus_acquisition.downloader: Collected 9 / 60 pages
2026-06-28 03:08:05,522 [INFO] src.corpus_acquisition.downloader: Collected 11 / 60 pages
2026-06-28 03:08:07,613 [INFO] src.corpus_acquisition.downloader: Collected 13 / 60 pages
2026-06-28 03:08:09,702 [INFO] src.corpus_acquisition.downloader: Collected 15 / 60 pages
2026-06-28 03:08:11,800 [INFO] src.corpus_acquisition.downloader: Collected 17 / 60 pages
2026-06-28 03:08:13,883 [INFO] src.corpus_acquisition.downloader: Collected 19 / 60 pages
2026-06-28 03:08:15,961 [INFO] src.corpus_acquisition.downloader: Collected 21 / 60 pages
2026-06-28 03:08:18,048 [INFO] src.corpus_acquisition.downloader: Collected 23 / 60 pages
2026-06-28 03:08:20,134 [INFO] src.corpus_acquisition.downloader: Collected 25 / 60 pages
2026-06-28 03:08:22,223 [INFO] src.corpus_acquisition.downloader: Collected 27 / 60 pages
2026-06-28 03:08:24,318 [INFO] src.corpus_acquisition.downloader: Collected 29 / 60 pages
2026-06-28 03:08:26,420 [INFO] src.corpus_acquisition.downloader: Collected 31 / 60 pages
2026-06-28 03:08:28,519 [INFO] src.corpus_acquisition.downloader: Collected 32 / 60 pages
2026-06-28 03:08:34,824 [WARNING] src.corpus_acquisition.downloader: No new pages found after 3 attempts; stopping with 32 page(s).
2026-06-28 03:08:34,839 [INFO] src.corpus_acquisition.downloader: Downloading page 1 from https://t.prcdn.co/img?file=eaaj2025120100000000001001&page=1&scale=200
2026-06-28 03:08:35,321 [INFO] src.corpus_acquisition.downloader: Downloading page 2 from https://i.prcdn.co/img?file=eaaj2025120100000000001001&page=2&scale=200&ticket=AGGBwqtaMREqtw%2B9zHwVMbA%3D
2026-06-28 03:08:36,475 [INFO] src.corpus_acquisition.downloader: Downloading page 3 from https://i.prcdn.co/img?file=eaaj2025120100000000001001&page=3&scale=200&ticket=AFo8E5ILVczSE4ESfgF%2FD6Y%3D
2026-06-28 03:08:36,521 [INFO] src.corpus_acquisition.downloader: Downloading page 4 from https://i.prcdn.co/img?file=eaaj2025120100000000001001&page=4&scale=200&ticket=AEZZnN4Xp2e0RPPm6vGzcpY%3D
2026-06-28 03:08:37,355 [INFO] src.corpus_acquisition.downloader: Downloading page 5 from https://i.prcdn.co/img?file=eaaj2025120100000000001001&page=5&scale=200&ticket=ACwVBC%2BIShVswdAGoROJD%2Bo%3D
2026-06-28 03:08:37,418 [INFO] src.corpus_acquisition.downloader: Downloading page 6 from https://i.prcdn.co/img?file=eaaj2025120100000000001001&page=6&scale=200&ticket=AM%2BkTuguTtS1pL83L0dak2A%3D
2026-06-28 03:08:37,467 [INFO] src.corpus_acquisition.downloader: Downloading page 7 from https://i.prcdn.co/img?file=eaaj2025120100000000001001&page=7&scale=200&ticket=ABsU1lmcKC3dCWIQPXbJkd4%3D
2026-06-28 03:08:38,137 [INFO] src.corpus_acquisition.downloader: Downloading page 8 from https://i.prcdn.co/img?file=eaaj2025120100000000001001&page=8&scale=200&ticket=ABGPVf2Pcpqpw8R4HNLQNP0%3D
2026-06-28 03:08:38,192 [INFO] src.corpus_acquisition.downloader: Downloading page 9 from https://i.prcdn.co/img?file=eaaj2025120100000000001001&page=9&scale=200&ticket=ALtJsiTOM5cmQP8nVBapHj4%3D
2026-06-28 03:08:38,235 [INFO] src.corpus_acquisition.downloader: Downloading page 10 from https://i.prcdn.co/img?file=eaaj2025120100000000001001&page=10&scale=200&ticket=ALRQbZPGbWAkmUr72bQ7r4Q%3D
2026-06-28 03:08:38,296 [INFO] src.corpus_acquisition.downloader: Downloading page 11 from https://i.prcdn.co/img?file=eaaj2025120100000000001001&page=11&scale=200&ticket=AG9FfZSun6GaOcJPITNsWJI%3D
2026-06-28 03:08:39,020 [INFO] src.corpus_acquisition.downloader: Downloading page 12 from https://i.prcdn.co/img?file=eaaj2025120100000000001001&page=12&scale=200&ticket=AHvewniazmfYaLFhIi6Xk2s%3D
2026-06-28 03:08:39,152 [INFO] src.corpus_acquisition.downloader: Downloading page 13 from https://i.prcdn.co/img?file=eaaj2025120100000000001001&page=13&scale=200&ticket=ACzWhI3J6rEQXt1OPIF6DEI%3D
2026-06-28 03:08:39,894 [INFO] src.corpus_acquisition.downloader: Downloading page 14 from https://i.prcdn.co/img?file=eaaj2025120100000000001001&page=14&scale=200&ticket=AJFdiXofAMXmMUQkcBBPw3Y%3D
2026-06-28 03:08:41,136 [INFO] src.corpus_acquisition.downloader: Downloading page 15 from https://i.prcdn.co/img?file=eaaj2025120100000000001001&page=15&scale=200&ticket=AC%2FRky3BqxhBVX0FAHadz4M%3D
2026-06-28 03:08:41,662 [INFO] src.corpus_acquisition.downloader: Downloading page 16 from https://i.prcdn.co/img?file=eaaj2025120100000000001001&page=16&scale=200&ticket=ALWw9LIq6bJfMwa7FIqEZJg%3D
2026-06-28 03:08:42,091 [INFO] src.corpus_acquisition.downloader: Downloading page 17 from https://i.prcdn.co/img?file=eaaj2025120100000000001001&page=17&scale=200&ticket=AOp7v6%2BmWj%2BfOMOoSzyXSmc%3D
2026-06-28 03:08:42,816 [INFO] src.corpus_acquisition.downloader: Downloading page 18 from https://i.prcdn.co/img?file=eaaj2025120100000000001001&page=18&scale=200&ticket=AMsYYC6MnjWBOERnf3%2F93ME%3D
2026-06-28 03:08:42,947 [INFO] src.corpus_acquisition.downloader: Downloading page 19 from https://i.prcdn.co/img?file=eaaj2025120100000000001001&page=19&scale=200&ticket=AC887GQPT2MiOvZgNLJAhN8%3D
2026-06-28 03:08:43,744 [INFO] src.corpus_acquisition.downloader: Downloading page 20 from https://i.prcdn.co/img?file=eaaj2025120100000000001001&page=20&scale=200&ticket=APPkT6jE0QqVZuWImQwPWVg%3D
2026-06-28 03:08:43,793 [INFO] src.corpus_acquisition.downloader: Downloading page 21 from https://i.prcdn.co/img?file=eaaj2025120100000000001001&page=21&scale=200&ticket=AH7TyW7w8pNcymqUw0LuZJE%3D
2026-06-28 03:08:44,541 [INFO] src.corpus_acquisition.downloader: Downloading page 22 from https://i.prcdn.co/img?file=eaaj2025120100000000001001&page=22&scale=200&ticket=APq08mWxySakXgJDHGeeuzM%3D
2026-06-28 03:08:45,147 [INFO] src.corpus_acquisition.downloader: Downloading page 23 from https://i.prcdn.co/img?file=eaaj2025120100000000001001&page=23&scale=200&ticket=AOl%2B8OSRoJS7Aq1F1W1HwD0%3D
2026-06-28 03:08:45,619 [INFO] src.corpus_acquisition.downloader: Downloading page 24 from https://i.prcdn.co/img?file=eaaj2025120100000000001001&page=24&scale=200&ticket=AEGEe%2FALvybSdmGlbN3%2BbZg%3D
2026-06-28 03:08:46,346 [INFO] src.corpus_acquisition.downloader: Downloading page 25 from https://i.prcdn.co/img?file=eaaj2025120100000000001001&page=25&scale=200&ticket=APm3bIvocybxSFNahS%2FqnpA%3D
2026-06-28 03:08:47,096 [INFO] src.corpus_acquisition.downloader: Downloading page 26 from https://i.prcdn.co/img?file=eaaj2025120100000000001001&page=26&scale=200&ticket=ACNGan0BMKevUwA1Lc0phFg%3D
2026-06-28 03:08:47,828 [INFO] src.corpus_acquisition.downloader: Downloading page 27 from https://i.prcdn.co/img?file=eaaj2025120100000000001001&page=27&scale=200&ticket=ABx%2F2UAzzqxd6VHtbCASAOM%3D
2026-06-28 03:08:48,379 [INFO] src.corpus_acquisition.downloader: Downloading page 28 from https://i.prcdn.co/img?file=eaaj2025120100000000001001&page=28&scale=200&ticket=ABOTrlQivmoQRshztEsWpO8%3D
2026-06-28 03:08:49,149 [INFO] src.corpus_acquisition.downloader: Downloading page 29 from https://i.prcdn.co/img?file=eaaj2025120100000000001001&page=29&scale=200&ticket=ABF1UbQZiN%2BcYoLiM3QIKwU%3D
2026-06-28 03:08:49,837 [INFO] src.corpus_acquisition.downloader: Downloading page 30 from https://i.prcdn.co/img?file=eaaj2025120100000000001001&page=30&scale=200&ticket=ALcUwXiMDiX7LziJ73VaZEc%3D
2026-06-28 03:08:50,618 [INFO] src.corpus_acquisition.downloader: Downloading page 31 from https://i.prcdn.co/img?file=eaaj2025120100000000001001&page=31&scale=200&ticket=AHFH1WMosRPAFSna1YajJzw%3D
2026-06-28 03:08:51,784 [INFO] src.corpus_acquisition.downloader: Downloading page 32 from https://i.prcdn.co/img?file=eaaj2025120100000000001001&page=32&scale=200&ticket=AJqzlhh0llqJzUOPN4b1WZM%3D
2026-06-28 03:08:52,600 [INFO] src.corpus_acquisition.metadata_extractor: Saved metadata for 32 page(s) -> data/raw/metadata/raw_metadata.parquet (total rows: 18344)
2026-06-28 03:08:52,602 [INFO] src.corpus_acquisition.metadata_extractor: Saved crawl log -> data/raw/crawl_logs/elcomercio_2025-12-01.json (status=success)
2026-06-28 03:08:57,001 [INFO] src.corpus_acquisition.downloader: Opening archive for elcomercio on 2025-12-02
2026-06-28 03:09:02,885 [INFO] src.corpus_acquisition.downloader: Collected 7 / 60 pages
2026-06-28 03:09:07,063 [INFO] src.corpus_acquisition.downloader: Collected 9 / 60 pages
2026-06-28 03:09:09,152 [INFO] src.corpus_acquisition.downloader: Collected 11 / 60 pages
2026-06-28 03:09:11,244 [INFO] src.corpus_acquisition.downloader: Collected 13 / 60 pages
2026-06-28 03:09:13,431 [INFO] src.corpus_acquisition.downloader: Collected 15 / 60 pages
2026-06-28 03:09:15,523 [INFO] src.corpus_acquisition.downloader: Collected 17 / 60 pages
2026-06-28 03:09:17,610 [INFO] src.corpus_acquisition.downloader: Collected 19 / 60 pages
2026-06-28 03:09:19,696 [INFO] src.corpus_acquisition.downloader: Collected 20 / 60 pages
2026-06-28 03:09:25,962 [WARNING] src.corpus_acquisition.downloader: No new pages found after 3 attempts; stopping with 20 page(s).
2026-06-28 03:09:25,974 [INFO] src.corpus_acquisition.downloader: Downloading page 1 from https://t.prcdn.co/img?file=eaaj2025120200000000001001&page=1&scale=200
2026-06-28 03:09:26,711 [INFO] src.corpus_acquisition.downloader: Downloading page 2 from https://i.prcdn.co/img?file=eaaj2025120200000000001001&page=2&scale=200&ticket=AM3j7wL2QJ%2BTNfe70rDIbLk%3D
2026-06-28 03:09:26,770 [INFO] src.corpus_acquisition.downloader: Downloading page 3 from https://i.prcdn.co/img?file=eaaj2025120200000000001001&page=3&scale=200&ticket=APn%2FOfHR3FIHYxt2o3Mn4WU%3D
2026-06-28 03:09:27,821 [INFO] src.corpus_acquisition.downloader: Downloading page 4 from https://i.prcdn.co/img?file=eaaj2025120200000000001001&page=4&scale=200&ticket=AFDXbCfkJOJ9T5iRL1VTzmE%3D
2026-06-28 03:09:27,861 [INFO] src.corpus_acquisition.downloader: Downloading page 5 from https://i.prcdn.co/img?file=eaaj2025120200000000001001&page=5&scale=200&ticket=AAiE3N6u548cKVPQI6WP1wE%3D
2026-06-28 03:09:28,412 [INFO] src.corpus_acquisition.downloader: Downloading page 6 from https://i.prcdn.co/img?file=eaaj2025120200000000001001&page=6&scale=200&ticket=AC%2BD5x2NdEDKRZI%2BcyZx9ec%3D
2026-06-28 03:09:28,457 [INFO] src.corpus_acquisition.downloader: Downloading page 7 from https://i.prcdn.co/img?file=eaaj2025120200000000001001&page=7&scale=200&ticket=AOl%2ForhLeuhruWvj0AvyLyY%3D
2026-06-28 03:09:29,039 [INFO] src.corpus_acquisition.downloader: Downloading page 8 from https://i.prcdn.co/img?file=eaaj2025120200000000001001&page=8&scale=200&ticket=AAlBIvf5TzurxLMqocM9SPg%3D
2026-06-28 03:09:29,549 [INFO] src.corpus_acquisition.downloader: Downloading page 9 from https://i.prcdn.co/img?file=eaaj2025120200000000001001&page=9&scale=200&ticket=ACXKZR7jN9pFr2B75cvBnwE%3D
2026-06-28 03:09:30,220 [INFO] src.corpus_acquisition.downloader: Downloading page 10 from https://i.prcdn.co/img?file=eaaj2025120200000000001001&page=10&scale=200&ticket=ACw09UJSaRw2uwTyk6sR3cI%3D
2026-06-28 03:09:31,082 [INFO] src.corpus_acquisition.downloader: Downloading page 11 from https://i.prcdn.co/img?file=eaaj2025120200000000001001&page=11&scale=200&ticket=AFvmbGvcI%2FBdYxPolzJ%2FI1k%3D
2026-06-28 03:09:31,217 [INFO] src.corpus_acquisition.downloader: Downloading page 12 from https://i.prcdn.co/img?file=eaaj2025120200000000001001&page=12&scale=200&ticket=APqXRH7FwO6M%2BAPdO6KRqB8%3D
2026-06-28 03:09:31,762 [INFO] src.corpus_acquisition.downloader: Downloading page 13 from https://i.prcdn.co/img?file=eaaj2025120200000000001001&page=13&scale=200&ticket=ALDNhEtFRULL8lLx33wdGD0%3D
2026-06-28 03:09:32,436 [INFO] src.corpus_acquisition.downloader: Downloading page 14 from https://i.prcdn.co/img?file=eaaj2025120200000000001001&page=14&scale=200&ticket=AD%2BfwlEXFtSndGLZZpbd3vU%3D
2026-06-28 03:09:32,498 [INFO] src.corpus_acquisition.downloader: Downloading page 15 from https://i.prcdn.co/img?file=eaaj2025120200000000001001&page=15&scale=200&ticket=AJfdy0Ju%2F617a%2FDUw8%2BS9C8%3D
2026-06-28 03:09:32,924 [INFO] src.corpus_acquisition.downloader: Downloading page 16 from https://i.prcdn.co/img?file=eaaj2025120200000000001001&page=16&scale=200&ticket=ALZA06FtnVu%2F1vveAWVqktU%3D
2026-06-28 03:09:32,973 [INFO] src.corpus_acquisition.downloader: Downloading page 17 from https://i.prcdn.co/img?file=eaaj2025120200000000001001&page=17&scale=200&ticket=ACUi3baaISYu2PaRLcfk%2BVM%3D
2026-06-28 03:09:33,725 [INFO] src.corpus_acquisition.downloader: Downloading page 18 from https://i.prcdn.co/img?file=eaaj2025120200000000001001&page=18&scale=200&ticket=AGU%2FAW9BvN3PlTDAJ938mLE%3D
2026-06-28 03:09:33,878 [INFO] src.corpus_acquisition.downloader: Downloading page 19 from https://i.prcdn.co/img?file=eaaj2025120200000000001001&page=19&scale=200&ticket=ADduoNYCn9uhZXE2F3r2Xo0%3D
2026-06-28 03:09:35,104 [INFO] src.corpus_acquisition.downloader: Downloading page 20 from https://i.prcdn.co/img?file=eaaj2025120200000000001001&page=20&scale=200&ticket=ABnu7n%2FEwSjCnoXpuieKFL0%3D
2026-06-28 03:09:35,181 [INFO] src.corpus_acquisition.metadata_extractor: Saved metadata for 20 page(s) -> data/raw/metadata/raw_metadata.parquet (total rows: 18364)
2026-06-28 03:09:35,183 [INFO] src.corpus_acquisition.metadata_extractor: Saved crawl log -> data/raw/crawl_logs/elcomercio_2025-12-02.json (status=success)
2026-06-28 03:09:39,622 [INFO] src.corpus_acquisition.downloader: Opening archive for elcomercio on 2025-12-03
2026-06-28 03:09:45,522 [INFO] src.corpus_acquisition.downloader: Collected 7 / 60 pages
2026-06-28 03:09:49,688 [INFO] src.corpus_acquisition.downloader: Collected 9 / 60 pages
2026-06-28 03:09:51,783 [INFO] src.corpus_acquisition.downloader: Collected 11 / 60 pages
2026-06-28 03:09:53,881 [INFO] src.corpus_acquisition.downloader: Collected 13 / 60 pages
2026-06-28 03:09:56,075 [INFO] src.corpus_acquisition.downloader: Collected 15 / 60 pages
2026-06-28 03:09:58,167 [INFO] src.corpus_acquisition.downloader: Collected 17 / 60 pages
2026-06-28 03:10:00,265 [INFO] src.corpus_acquisition.downloader: Collected 19 / 60 pages
2026-06-28 03:10:02,360 [INFO] src.corpus_acquisition.downloader: Collected 20 / 60 pages
2026-06-28 03:10:08,647 [WARNING] src.corpus_acquisition.downloader: No new pages found after 3 attempts; stopping with 20 page(s).
2026-06-28 03:10:08,659 [INFO] src.corpus_acquisition.downloader: Downloading page 1 from https://t.prcdn.co/img?file=eaaj2025120300000000001001&page=1&scale=200
2026-06-28 03:10:09,423 [INFO] src.corpus_acquisition.downloader: Downloading page 2 from https://i.prcdn.co/img?file=eaaj2025120300000000001001&page=2&scale=200&ticket=ALhtSopwwfQ8ksM2dK9MSzE%3D
2026-06-28 03:10:10,193 [INFO] src.corpus_acquisition.downloader: Downloading page 3 from https://i.prcdn.co/img?file=eaaj2025120300000000001001&page=3&scale=200&ticket=ABwcpAeCmM%2F4t80Zd%2FK4yVA%3D
2026-06-28 03:10:11,072 [INFO] src.corpus_acquisition.downloader: Downloading page 4 from https://i.prcdn.co/img?file=eaaj2025120300000000001001&page=4&scale=200&ticket=AJ4VwW8KqNCXcm%2F6kKnR7aU%3D
2026-06-28 03:10:11,729 [INFO] src.corpus_acquisition.downloader: Downloading page 5 from https://i.prcdn.co/img?file=eaaj2025120300000000001001&page=5&scale=200&ticket=AHvRR%2BBv6cB%2FcDn5knbHC8g%3D
2026-06-28 03:10:11,762 [INFO] src.corpus_acquisition.downloader: Downloading page 6 from https://i.prcdn.co/img?file=eaaj2025120300000000001001&page=6&scale=200&ticket=AJxBU82S%2F4Oa4xI9BfPlLfM%3D
2026-06-28 03:10:11,823 [INFO] src.corpus_acquisition.downloader: Downloading page 7 from https://i.prcdn.co/img?file=eaaj2025120300000000001001&page=7&scale=200&ticket=AOhFaqKpuaTSA7AaCeP7Ow4%3D
2026-06-28 03:10:12,408 [INFO] src.corpus_acquisition.downloader: Downloading page 8 from https://i.prcdn.co/img?file=eaaj2025120300000000001001&page=8&scale=200&ticket=AGcN8E38u5GmTPTBDQd3Oqs%3D
2026-06-28 03:10:12,457 [INFO] src.corpus_acquisition.downloader: Downloading page 9 from https://i.prcdn.co/img?file=eaaj2025120300000000001001&page=9&scale=200&ticket=AMSe%2F7u7WHbQKFkXsnFJFis%3D
2026-06-28 03:10:13,033 [INFO] src.corpus_acquisition.downloader: Downloading page 10 from https://i.prcdn.co/img?file=eaaj2025120300000000001001&page=10&scale=200&ticket=ALe9V6%2Bp55Z149MGTxx2GWA%3D
2026-06-28 03:10:13,168 [INFO] src.corpus_acquisition.downloader: Downloading page 11 from https://i.prcdn.co/img?file=eaaj2025120300000000001001&page=11&scale=200&ticket=AFbFljZtt93HuJJs1Uno7sg%3D
2026-06-28 03:10:13,225 [INFO] src.corpus_acquisition.downloader: Downloading page 12 from https://i.prcdn.co/img?file=eaaj2025120300000000001001&page=12&scale=200&ticket=ADl0zY4%2FiVENFFsJOUq%2FgAE%3D
2026-06-28 03:10:13,264 [INFO] src.corpus_acquisition.downloader: Downloading page 13 from https://i.prcdn.co/img?file=eaaj2025120300000000001001&page=13&scale=200&ticket=APJ9Bsd5ifPa637C1zOViuo%3D
2026-06-28 03:10:13,305 [INFO] src.corpus_acquisition.downloader: Downloading page 14 from https://i.prcdn.co/img?file=eaaj2025120300000000001001&page=14&scale=200&ticket=AC3cgLo2lHnsDU1H3XqXPuo%3D
2026-06-28 03:10:13,346 [INFO] src.corpus_acquisition.downloader: Downloading page 15 from https://i.prcdn.co/img?file=eaaj2025120300000000001001&page=15&scale=200&ticket=AObnEOYhLZcyCkfVaIY6Tzk%3D
2026-06-28 03:10:13,853 [INFO] src.corpus_acquisition.downloader: Downloading page 16 from https://i.prcdn.co/img?file=eaaj2025120300000000001001&page=16&scale=200&ticket=AOFJj54eLrGu7CIM%2FyVaY3k%3D
2026-06-28 03:10:13,909 [INFO] src.corpus_acquisition.downloader: Downloading page 17 from https://i.prcdn.co/img?file=eaaj2025120300000000001001&page=17&scale=200&ticket=ALW9Ki4ZkBThNnkL7UPVYWM%3D
2026-06-28 03:10:14,799 [INFO] src.corpus_acquisition.downloader: Downloading page 18 from https://i.prcdn.co/img?file=eaaj2025120300000000001001&page=18&scale=200&ticket=AAT8Du6RgyJ4y9%2B%2FgFN%2FUno%3D
2026-06-28 03:10:14,940 [INFO] src.corpus_acquisition.downloader: Downloading page 19 from https://i.prcdn.co/img?file=eaaj2025120300000000001001&page=19&scale=200&ticket=ACHsFZvkeVS70GUURVo89x4%3D
2026-06-28 03:10:15,746 [INFO] src.corpus_acquisition.downloader: Downloading page 20 from https://i.prcdn.co/img?file=eaaj2025120300000000001001&page=20&scale=200&ticket=ALGNpgnFYgiBbc29Ut%2BpXgM%3D
2026-06-28 03:10:15,820 [INFO] src.corpus_acquisition.metadata_extractor: Saved metadata for 20 page(s) -> data/raw/metadata/raw_metadata.parquet (total rows: 18384)
2026-06-28 03:10:15,822 [INFO] src.corpus_acquisition.metadata_extractor: Saved crawl log -> data/raw/crawl_logs/elcomercio_2025-12-03.json (status=success)
2026-06-28 03:10:20,259 [INFO] src.corpus_acquisition.downloader: Opening archive for elcomercio on 2025-12-04
2026-06-28 03:10:26,094 [INFO] src.corpus_acquisition.downloader: Collected 7 / 60 pages
2026-06-28 03:10:30,256 [INFO] src.corpus_acquisition.downloader: Collected 9 / 60 pages
2026-06-28 03:10:32,341 [INFO] src.corpus_acquisition.downloader: Collected 11 / 60 pages
2026-06-28 03:10:34,428 [INFO] src.corpus_acquisition.downloader: Collected 13 / 60 pages
2026-06-28 03:10:36,607 [INFO] src.corpus_acquisition.downloader: Collected 15 / 60 pages
2026-06-28 03:10:38,696 [INFO] src.corpus_acquisition.downloader: Collected 17 / 60 pages
2026-06-28 03:10:40,793 [INFO] src.corpus_acquisition.downloader: Collected 19 / 60 pages
2026-06-28 03:10:42,873 [INFO] src.corpus_acquisition.downloader: Collected 20 / 60 pages
2026-06-28 03:10:49,144 [WARNING] src.corpus_acquisition.downloader: No new pages found after 3 attempts; stopping with 20 page(s).
2026-06-28 03:10:49,158 [INFO] src.corpus_acquisition.downloader: Downloading page 1 from https://t.prcdn.co/img?file=eaaj2025120400000000001001&page=1&scale=200
2026-06-28 03:10:49,216 [INFO] src.corpus_acquisition.downloader: Downloading page 2 from https://i.prcdn.co/img?file=eaaj2025120400000000001001&page=2&scale=200&ticket=ADxl6Qlj0TVqD9RY%2F9i8qv0%3D
2026-06-28 03:10:49,853 [INFO] src.corpus_acquisition.downloader: Downloading page 3 from https://i.prcdn.co/img?file=eaaj2025120400000000001001&page=3&scale=200&ticket=AN8QMqLCGx8Gx52ylerYqUQ%3D
2026-06-28 03:10:50,516 [INFO] src.corpus_acquisition.downloader: Downloading page 4 from https://i.prcdn.co/img?file=eaaj2025120400000000001001&page=4&scale=200&ticket=AKjqhSp2Se5MT37rHxsgpJw%3D
2026-06-28 03:10:51,311 [INFO] src.corpus_acquisition.downloader: Downloading page 5 from https://i.prcdn.co/img?file=eaaj2025120400000000001001&page=5&scale=200&ticket=AHgubhxViXHSx9K7u1YdQKY%3D
2026-06-28 03:10:52,016 [INFO] src.corpus_acquisition.downloader: Downloading page 6 from https://i.prcdn.co/img?file=eaaj2025120400000000001001&page=6&scale=200&ticket=AGjJNDotsGeOGwPthu7b414%3D
2026-06-28 03:10:53,618 [INFO] src.corpus_acquisition.downloader: Downloading page 7 from https://i.prcdn.co/img?file=eaaj2025120400000000001001&page=7&scale=200&ticket=AHgVRvBnLkNMGhbXNlXbMEA%3D
2026-06-28 03:10:54,069 [INFO] src.corpus_acquisition.downloader: Downloading page 8 from https://i.prcdn.co/img?file=eaaj2025120400000000001001&page=8&scale=200&ticket=APROdWdJw9g%2BAFRlx5cQb1I%3D
2026-06-28 03:10:54,725 [INFO] src.corpus_acquisition.downloader: Downloading page 9 from https://i.prcdn.co/img?file=eaaj2025120400000000001001&page=9&scale=200&ticket=ALLmnQvwovcwqddNxQtg9yc%3D
2026-06-28 03:10:55,789 [INFO] src.corpus_acquisition.downloader: Downloading page 10 from https://i.prcdn.co/img?file=eaaj2025120400000000001001&page=10&scale=200&ticket=ALV1HQDTrn2%2BwP0MKCn%2BlYc%3D
2026-06-28 03:10:55,842 [INFO] src.corpus_acquisition.downloader: Downloading page 11 from https://i.prcdn.co/img?file=eaaj2025120400000000001001&page=11&scale=200&ticket=AJRi6JpoCZnkjEq900s6a%2BU%3D
2026-06-28 03:10:56,073 [INFO] src.corpus_acquisition.downloader: Downloading page 12 from https://i.prcdn.co/img?file=eaaj2025120400000000001001&page=12&scale=200&ticket=APkyvfa4ZDLlFVwzXno%2BFa0%3D
2026-06-28 03:10:56,820 [INFO] src.corpus_acquisition.downloader: Downloading page 13 from https://i.prcdn.co/img?file=eaaj2025120400000000001001&page=13&scale=200&ticket=AMyifYTnqD%2BmmZ84mkVOz9o%3D
2026-06-28 03:10:56,881 [INFO] src.corpus_acquisition.downloader: Downloading page 14 from https://i.prcdn.co/img?file=eaaj2025120400000000001001&page=14&scale=200&ticket=AMQJMZI0BnjTZ1rJeBVIcB4%3D
2026-06-28 03:10:57,448 [INFO] src.corpus_acquisition.downloader: Downloading page 15 from https://i.prcdn.co/img?file=eaaj2025120400000000001001&page=15&scale=200&ticket=ABiRw5ImGitrwQFaJ83Tu%2FM%3D
2026-06-28 03:10:57,503 [INFO] src.corpus_acquisition.downloader: Downloading page 16 from https://i.prcdn.co/img?file=eaaj2025120400000000001001&page=16&scale=200&ticket=ANmKiMrpCI5M2MaRc2jFXSU%3D
2026-06-28 03:10:58,158 [INFO] src.corpus_acquisition.downloader: Downloading page 17 from https://i.prcdn.co/img?file=eaaj2025120400000000001001&page=17&scale=200&ticket=AHvFjNbxYZhBjlTQAnn4Bws%3D
2026-06-28 03:10:58,719 [INFO] src.corpus_acquisition.downloader: Downloading page 18 from https://i.prcdn.co/img?file=eaaj2025120400000000001001&page=18&scale=200&ticket=AIWzSTvh3HL1SYr8mo7S92c%3D
2026-06-28 03:10:59,386 [INFO] src.corpus_acquisition.downloader: Downloading page 19 from https://i.prcdn.co/img?file=eaaj2025120400000000001001&page=19&scale=200&ticket=ANsepuJ0RDFBJ%2FCFz%2B4nF%2Bc%3D
2026-06-28 03:11:00,091 [INFO] src.corpus_acquisition.downloader: Downloading page 20 from https://i.prcdn.co/img?file=eaaj2025120400000000001001&page=20&scale=200&ticket=AISH9UlQxOuJiVYva9HYYkk%3D
2026-06-28 03:11:01,125 [INFO] src.corpus_acquisition.metadata_extractor: Saved metadata for 20 page(s) -> data/raw/metadata/raw_metadata.parquet (total rows: 18404)
2026-06-28 03:11:01,128 [INFO] src.corpus_acquisition.metadata_extractor: Saved crawl log -> data/raw/crawl_logs/elcomercio_2025-12-04.json (status=success)
2026-06-28 03:11:04,897 [INFO] src.corpus_acquisition.downloader: Opening archive for elcomercio on 2025-12-05
2026-06-28 03:11:10,756 [INFO] src.corpus_acquisition.downloader: Collected 7 / 60 pages
2026-06-28 03:11:14,919 [INFO] src.corpus_acquisition.downloader: Collected 9 / 60 pages
2026-06-28 03:11:17,006 [INFO] src.corpus_acquisition.downloader: Collected 11 / 60 pages
2026-06-28 03:11:19,089 [INFO] src.corpus_acquisition.downloader: Collected 13 / 60 pages
2026-06-28 03:11:21,280 [INFO] src.corpus_acquisition.downloader: Collected 15 / 60 pages
2026-06-28 03:11:23,384 [INFO] src.corpus_acquisition.downloader: Collected 17 / 60 pages
2026-06-28 03:11:25,475 [INFO] src.corpus_acquisition.downloader: Collected 19 / 60 pages
2026-06-28 03:11:27,561 [INFO] src.corpus_acquisition.downloader: Collected 20 / 60 pages
2026-06-28 03:11:33,841 [WARNING] src.corpus_acquisition.downloader: No new pages found after 3 attempts; stopping with 20 page(s).
2026-06-28 03:11:33,853 [INFO] src.corpus_acquisition.downloader: Downloading page 1 from https://t.prcdn.co/img?file=eaaj2025120500000000001001&page=1&scale=200
2026-06-28 03:11:33,892 [INFO] src.corpus_acquisition.downloader: Downloading page 2 from https://i.prcdn.co/img?file=eaaj2025120500000000001001&page=2&scale=200&ticket=AE5MkbanyAf3KpjwCusx7rk%3D
2026-06-28 03:11:34,073 [INFO] src.corpus_acquisition.downloader: Downloading page 3 from https://i.prcdn.co/img?file=eaaj2025120500000000001001&page=3&scale=200&ticket=ACqNwYKqzYLw4Ob6G%2FRr1BE%3D
2026-06-28 03:11:34,867 [INFO] src.corpus_acquisition.downloader: Downloading page 4 from https://i.prcdn.co/img?file=eaaj2025120500000000001001&page=4&scale=200&ticket=ANFmvJJwNLfybP3d0%2BDSYrA%3D
2026-06-28 03:11:35,499 [INFO] src.corpus_acquisition.downloader: Downloading page 5 from https://i.prcdn.co/img?file=eaaj2025120500000000001001&page=5&scale=200&ticket=AHuzuJOK0RcnN3y2MNcIALc%3D
2026-06-28 03:11:36,118 [INFO] src.corpus_acquisition.downloader: Downloading page 6 from https://i.prcdn.co/img?file=eaaj2025120500000000001001&page=6&scale=200&ticket=AKbbxdTymIpJ715%2Bwg8%2FcyA%3D
2026-06-28 03:11:36,165 [INFO] src.corpus_acquisition.downloader: Downloading page 7 from https://i.prcdn.co/img?file=eaaj2025120500000000001001&page=7&scale=200&ticket=AAmfzCx9Pv23IA0KMMsB4TM%3D
2026-06-28 03:11:36,246 [INFO] src.corpus_acquisition.downloader: Downloading page 8 from https://i.prcdn.co/img?file=eaaj2025120500000000001001&page=8&scale=200&ticket=AC3dZDyxZgDGKHKRv60XWHM%3D
2026-06-28 03:11:37,460 [INFO] src.corpus_acquisition.downloader: Downloading page 9 from https://i.prcdn.co/img?file=eaaj2025120500000000001001&page=9&scale=200&ticket=APIWFc%2FS0R97wk4m8Qd3c2k%3D
2026-06-28 03:11:37,613 [INFO] src.corpus_acquisition.downloader: Downloading page 10 from https://i.prcdn.co/img?file=eaaj2025120500000000001001&page=10&scale=200&ticket=AK9Buw4rJLVcAhaskIDRBW8%3D
2026-06-28 03:11:37,661 [INFO] src.corpus_acquisition.downloader: Downloading page 11 from https://i.prcdn.co/img?file=eaaj2025120500000000001001&page=11&scale=200&ticket=AF1ZBWUqZIlEDZH6jIjcZJw%3D
2026-06-28 03:11:37,726 [INFO] src.corpus_acquisition.downloader: Downloading page 12 from https://i.prcdn.co/img?file=eaaj2025120500000000001001&page=12&scale=200&ticket=AL7EMPlAJn0rP5WXpsZm0ZI%3D
2026-06-28 03:11:38,437 [INFO] src.corpus_acquisition.downloader: Downloading page 13 from https://i.prcdn.co/img?file=eaaj2025120500000000001001&page=13&scale=200&ticket=AKg285lXTCOLu%2BwMMYOOug8%3D
2026-06-28 03:11:39,138 [INFO] src.corpus_acquisition.downloader: Downloading page 14 from https://i.prcdn.co/img?file=eaaj2025120500000000001001&page=14&scale=200&ticket=ABDLlUbvCXmF2YXJzr7YUkY%3D
2026-06-28 03:11:39,899 [INFO] src.corpus_acquisition.downloader: Downloading page 15 from https://i.prcdn.co/img?file=eaaj2025120500000000001001&page=15&scale=200&ticket=ANH%2F%2FreP5WAet%2B6GdSNEbtc%3D
2026-06-28 03:11:40,800 [INFO] src.corpus_acquisition.downloader: Downloading page 16 from https://i.prcdn.co/img?file=eaaj2025120500000000001001&page=16&scale=200&ticket=ALyhmplJxxO%2Fhjdn4hqu2UY%3D
2026-06-28 03:11:40,929 [INFO] src.corpus_acquisition.downloader: Downloading page 17 from https://i.prcdn.co/img?file=eaaj2025120500000000001001&page=17&scale=200&ticket=AMOKlfuChGGCVk5H%2F3R0NWI%3D
2026-06-28 03:11:41,681 [INFO] src.corpus_acquisition.downloader: Downloading page 18 from https://i.prcdn.co/img?file=eaaj2025120500000000001001&page=18&scale=200&ticket=AJL2TnxVtiDpgnoNSkqiXkY%3D
2026-06-28 03:11:41,724 [INFO] src.corpus_acquisition.downloader: Downloading page 19 from https://i.prcdn.co/img?file=eaaj2025120500000000001001&page=19&scale=200&ticket=AJNwm56Gk%2F2sf10tNBn0%2Btc%3D
2026-06-28 03:11:42,960 [INFO] src.corpus_acquisition.downloader: Downloading page 20 from https://i.prcdn.co/img?file=eaaj2025120500000000001001&page=20&scale=200&ticket=AP6wSpyw9e42YaBYa9LD8A8%3D
2026-06-28 03:11:43,821 [INFO] src.corpus_acquisition.metadata_extractor: Saved metadata for 20 page(s) -> data/raw/metadata/raw_metadata.parquet (total rows: 18424)
2026-06-28 03:11:43,824 [INFO] src.corpus_acquisition.metadata_extractor: Saved crawl log -> data/raw/crawl_logs/elcomercio_2025-12-05.json (status=success)
2026-06-28 03:11:49,805 [INFO] src.corpus_acquisition.downloader: Opening archive for elcomercio on 2025-12-06
2026-06-28 03:11:55,618 [INFO] src.corpus_acquisition.downloader: Collected 7 / 60 pages
2026-06-28 03:11:59,784 [INFO] src.corpus_acquisition.downloader: Collected 9 / 60 pages
2026-06-28 03:12:01,875 [INFO] src.corpus_acquisition.downloader: Collected 11 / 60 pages
2026-06-28 03:12:03,957 [INFO] src.corpus_acquisition.downloader: Collected 13 / 60 pages
2026-06-28 03:12:06,122 [INFO] src.corpus_acquisition.downloader: Collected 15 / 60 pages
2026-06-28 03:12:08,227 [INFO] src.corpus_acquisition.downloader: Collected 17 / 60 pages
2026-06-28 03:12:10,321 [INFO] src.corpus_acquisition.downloader: Collected 19 / 60 pages
2026-06-28 03:12:12,408 [INFO] src.corpus_acquisition.downloader: Collected 21 / 60 pages
2026-06-28 03:12:14,490 [INFO] src.corpus_acquisition.downloader: Collected 23 / 60 pages
2026-06-28 03:12:16,574 [INFO] src.corpus_acquisition.downloader: Collected 24 / 60 pages
2026-06-28 03:12:22,842 [WARNING] src.corpus_acquisition.downloader: No new pages found after 3 attempts; stopping with 24 page(s).
2026-06-28 03:12:22,854 [INFO] src.corpus_acquisition.downloader: Downloading page 1 from https://t.prcdn.co/img?file=eaaj2025120600000000001001&page=1&scale=200
2026-06-28 03:12:23,393 [INFO] src.corpus_acquisition.downloader: Downloading page 2 from https://i.prcdn.co/img?file=eaaj2025120600000000001001&page=2&scale=200&ticket=ABNoq3tu%2ByA62ZkVWLL%2Ff3w%3D
2026-06-28 03:12:24,368 [INFO] src.corpus_acquisition.downloader: Downloading page 3 from https://i.prcdn.co/img?file=eaaj2025120600000000001001&page=3&scale=200&ticket=AAT2We1sU8QjLzdTo3MpdyI%3D
2026-06-28 03:12:25,567 [INFO] src.corpus_acquisition.downloader: Downloading page 4 from https://i.prcdn.co/img?file=eaaj2025120600000000001001&page=4&scale=200&ticket=AJ3bWen0QxCjbcM0Jn6Xg6I%3D
2026-06-28 03:12:25,613 [INFO] src.corpus_acquisition.downloader: Downloading page 5 from https://i.prcdn.co/img?file=eaaj2025120600000000001001&page=5&scale=200&ticket=ADOpD4QXAt8ar0ANaXYrrtM%3D
2026-06-28 03:12:26,812 [INFO] src.corpus_acquisition.downloader: Downloading page 6 from https://i.prcdn.co/img?file=eaaj2025120600000000001001&page=6&scale=200&ticket=AKSNAL6kx0xMfbBPQZV1%2FA8%3D
2026-06-28 03:12:28,356 [INFO] src.corpus_acquisition.downloader: Downloading page 7 from https://i.prcdn.co/img?file=eaaj2025120600000000001001&page=7&scale=200&ticket=AHcoUR0xKtY2mkmNprjw908%3D
2026-06-28 03:12:28,500 [INFO] src.corpus_acquisition.downloader: Downloading page 8 from https://i.prcdn.co/img?file=eaaj2025120600000000001001&page=8&scale=200&ticket=AHPil%2B8kDVsj83PE5dAU9YA%3D
2026-06-28 03:12:28,545 [INFO] src.corpus_acquisition.downloader: Downloading page 9 from https://i.prcdn.co/img?file=eaaj2025120600000000001001&page=9&scale=200&ticket=APML1CWgfgTlucRVXpuPdW0%3D
2026-06-28 03:12:28,607 [INFO] src.corpus_acquisition.downloader: Downloading page 10 from https://i.prcdn.co/img?file=eaaj2025120600000000001001&page=10&scale=200&ticket=ACT7upMF63ecBnE0ssgNSP4%3D
2026-06-28 03:12:29,483 [INFO] src.corpus_acquisition.downloader: Downloading page 11 from https://i.prcdn.co/img?file=eaaj2025120600000000001001&page=11&scale=200&ticket=ABNUL3IohlcnQfJSEqsymKo%3D
2026-06-28 03:12:30,111 [INFO] src.corpus_acquisition.downloader: Downloading page 12 from https://i.prcdn.co/img?file=eaaj2025120600000000001001&page=12&scale=200&ticket=AIEJbm4vV7QkIZ5cCkataNo%3D
2026-06-28 03:12:30,859 [INFO] src.corpus_acquisition.downloader: Downloading page 13 from https://i.prcdn.co/img?file=eaaj2025120600000000001001&page=13&scale=200&ticket=ANE%2BuppBJQMpRFgQdIl3hb8%3D
2026-06-28 03:12:32,275 [INFO] src.corpus_acquisition.downloader: Downloading page 14 from https://i.prcdn.co/img?file=eaaj2025120600000000001001&page=14&scale=200&ticket=AAswxYo5gP1NSEkxgBz6WqU%3D
2026-06-28 03:12:32,915 [INFO] src.corpus_acquisition.downloader: Downloading page 15 from https://i.prcdn.co/img?file=eaaj2025120600000000001001&page=15&scale=200&ticket=AD9MyHQY%2F5KKS6onJCeTaHs%3D
2026-06-28 03:12:33,414 [INFO] src.corpus_acquisition.downloader: Downloading page 16 from https://i.prcdn.co/img?file=eaaj2025120600000000001001&page=16&scale=200&ticket=AMeIVPBneGQk%2B35hvPkOxHk%3D
2026-06-28 03:12:33,458 [INFO] src.corpus_acquisition.downloader: Downloading page 17 from https://i.prcdn.co/img?file=eaaj2025120600000000001001&page=17&scale=200&ticket=ADBWh5aNAie6jaapFtMs%2Bbw%3D
2026-06-28 03:12:34,340 [INFO] src.corpus_acquisition.downloader: Downloading page 18 from https://i.prcdn.co/img?file=eaaj2025120600000000001001&page=18&scale=200&ticket=AJ7LpIZVK2wnUXU39xmulqQ%3D
2026-06-28 03:12:34,397 [INFO] src.corpus_acquisition.downloader: Downloading page 19 from https://i.prcdn.co/img?file=eaaj2025120600000000001001&page=19&scale=200&ticket=APqb6RZvkftDz10H%2F3UOKKg%3D
2026-06-28 03:12:34,450 [INFO] src.corpus_acquisition.downloader: Downloading page 20 from https://i.prcdn.co/img?file=eaaj2025120600000000001001&page=20&scale=200&ticket=AMCZBlfNB1tLlbcVtCimXH4%3D
2026-06-28 03:12:34,494 [INFO] src.corpus_acquisition.downloader: Downloading page 21 from https://i.prcdn.co/img?file=eaaj2025120600000000001001&page=21&scale=200&ticket=ABG6UO7Nlvntn308mUEjwzM%3D
2026-06-28 03:12:35,157 [INFO] src.corpus_acquisition.downloader: Downloading page 22 from https://i.prcdn.co/img?file=eaaj2025120600000000001001&page=22&scale=200&ticket=ALs8qENfCUS8BZR%2B3OviE68%3D
2026-06-28 03:12:36,137 [INFO] src.corpus_acquisition.downloader: Downloading page 23 from https://i.prcdn.co/img?file=eaaj2025120600000000001001&page=23&scale=200&ticket=AMCbiLcRHO3mFHq0enR%2BV6Y%3D
2026-06-28 03:12:37,058 [INFO] src.corpus_acquisition.downloader: Downloading page 24 from https://i.prcdn.co/img?file=eaaj2025120600000000001001&page=24&scale=200&ticket=APvS36WNca8yoLidCUMwa%2Bc%3D
2026-06-28 03:12:37,752 [INFO] src.corpus_acquisition.metadata_extractor: Saved metadata for 24 page(s) -> data/raw/metadata/raw_metadata.parquet (total rows: 18448)
2026-06-28 03:12:37,754 [INFO] src.corpus_acquisition.metadata_extractor: Saved crawl log -> data/raw/crawl_logs/elcomercio_2025-12-06.json (status=success)
2026-06-28 03:12:44,482 [INFO] src.corpus_acquisition.downloader: Opening archive for elcomercio on 2025-12-07
2026-06-28 03:12:50,364 [INFO] src.corpus_acquisition.downloader: Collected 7 / 60 pages
2026-06-28 03:12:54,538 [INFO] src.corpus_acquisition.downloader: Collected 9 / 60 pages
2026-06-28 03:12:56,620 [INFO] src.corpus_acquisition.downloader: Collected 11 / 60 pages
2026-06-28 03:12:58,709 [INFO] src.corpus_acquisition.downloader: Collected 13 / 60 pages
2026-06-28 03:13:00,878 [INFO] src.corpus_acquisition.downloader: Collected 15 / 60 pages
2026-06-28 03:13:02,994 [INFO] src.corpus_acquisition.downloader: Collected 17 / 60 pages
2026-06-28 03:13:05,085 [INFO] src.corpus_acquisition.downloader: Collected 19 / 60 pages
2026-06-28 03:13:07,171 [INFO] src.corpus_acquisition.downloader: Collected 21 / 60 pages
2026-06-28 03:13:09,255 [INFO] src.corpus_acquisition.downloader: Collected 23 / 60 pages
2026-06-28 03:13:11,332 [INFO] src.corpus_acquisition.downloader: Collected 25 / 60 pages
2026-06-28 03:13:13,426 [INFO] src.corpus_acquisition.downloader: Collected 27 / 60 pages
2026-06-28 03:13:15,531 [INFO] src.corpus_acquisition.downloader: Collected 29 / 60 pages
2026-06-28 03:13:17,620 [INFO] src.corpus_acquisition.downloader: Collected 31 / 60 pages
2026-06-28 03:13:19,705 [INFO] src.corpus_acquisition.downloader: Collected 33 / 60 pages
2026-06-28 03:13:21,796 [INFO] src.corpus_acquisition.downloader: Collected 35 / 60 pages
2026-06-28 03:13:23,889 [INFO] src.corpus_acquisition.downloader: Collected 37 / 60 pages
2026-06-28 03:13:25,986 [INFO] src.corpus_acquisition.downloader: Collected 39 / 60 pages
2026-06-28 03:13:28,079 [INFO] src.corpus_acquisition.downloader: Collected 41 / 60 pages
2026-06-28 03:13:30,177 [INFO] src.corpus_acquisition.downloader: Collected 43 / 60 pages
2026-06-28 03:13:32,268 [INFO] src.corpus_acquisition.downloader: Collected 45 / 60 pages
2026-06-28 03:13:34,358 [INFO] src.corpus_acquisition.downloader: Collected 47 / 60 pages
2026-06-28 03:13:36,452 [INFO] src.corpus_acquisition.downloader: Collected 48 / 60 pages
2026-06-28 03:13:42,719 [WARNING] src.corpus_acquisition.downloader: No new pages found after 3 attempts; stopping with 48 page(s).
2026-06-28 03:13:42,733 [INFO] src.corpus_acquisition.downloader: Downloading page 1 from https://t.prcdn.co/img?file=eaaj2025120700000000001001&page=1&scale=200
2026-06-28 03:13:42,790 [INFO] src.corpus_acquisition.downloader: Downloading page 2 from https://i.prcdn.co/img?file=eaaj2025120700000000001001&page=2&scale=200&ticket=ANoH%2FKzrlYcNwY4dwfdeOM0%3D
2026-06-28 03:13:42,842 [INFO] src.corpus_acquisition.downloader: Downloading page 3 from https://i.prcdn.co/img?file=eaaj2025120700000000001001&page=3&scale=200&ticket=AKfpOm1IrFHqRtBEaIMi964%3D
2026-06-28 03:13:42,981 [INFO] src.corpus_acquisition.downloader: Downloading page 4 from https://i.prcdn.co/img?file=eaaj2025120700000000001001&page=4&scale=200&ticket=AOljH9EVUarFqBwbKDgY7tI%3D
2026-06-28 03:13:43,022 [INFO] src.corpus_acquisition.downloader: Downloading page 5 from https://i.prcdn.co/img?file=eaaj2025120700000000001001&page=5&scale=200&ticket=AG6XHAx0HopnCni7drbFgBs%3D
2026-06-28 03:13:43,073 [INFO] src.corpus_acquisition.downloader: Downloading page 6 from https://i.prcdn.co/img?file=eaaj2025120700000000001001&page=6&scale=200&ticket=ADrhJfe4XiiykqacBsZYjaA%3D
2026-06-28 03:13:43,124 [INFO] src.corpus_acquisition.downloader: Downloading page 7 from https://i.prcdn.co/img?file=eaaj2025120700000000001001&page=7&scale=200&ticket=AOjSeqhpXHTPZu6J%2FyTO0GA%3D
2026-06-28 03:13:44,205 [INFO] src.corpus_acquisition.downloader: Downloading page 8 from https://i.prcdn.co/img?file=eaaj2025120700000000001001&page=8&scale=200&ticket=AFSYHlOUDrsxNN06RlLd7kQ%3D
2026-06-28 03:13:45,321 [INFO] src.corpus_acquisition.downloader: Downloading page 9 from https://i.prcdn.co/img?file=eaaj2025120700000000001001&page=9&scale=200&ticket=AHk4KH9iV3tPxTqEE%2F579Og%3D
2026-06-28 03:13:46,242 [INFO] src.corpus_acquisition.downloader: Downloading page 10 from https://i.prcdn.co/img?file=eaaj2025120700000000001001&page=10&scale=200&ticket=AB9MMQLRrOo1StuaefkhxWI%3D
2026-06-28 03:13:46,394 [INFO] src.corpus_acquisition.downloader: Downloading page 11 from https://i.prcdn.co/img?file=eaaj2025120700000000001001&page=11&scale=200&ticket=ABSZPTb20FUQbA%2BJGD4GjiI%3D
2026-06-28 03:13:47,244 [INFO] src.corpus_acquisition.downloader: Downloading page 12 from https://i.prcdn.co/img?file=eaaj2025120700000000001001&page=12&scale=200&ticket=AMw0KiGe%2BAtGvC160NVqbdU%3D
2026-06-28 03:13:47,289 [INFO] src.corpus_acquisition.downloader: Downloading page 13 from https://i.prcdn.co/img?file=eaaj2025120700000000001001&page=13&scale=200&ticket=AEvkbgOMHBujZ05JMrDQqVk%3D
2026-06-28 03:13:47,991 [INFO] src.corpus_acquisition.downloader: Downloading page 14 from https://i.prcdn.co/img?file=eaaj2025120700000000001001&page=14&scale=200&ticket=AJCDed1edxTAyeVbxWBaM8w%3D
2026-06-28 03:13:48,691 [INFO] src.corpus_acquisition.downloader: Downloading page 15 from https://i.prcdn.co/img?file=eaaj2025120700000000001001&page=15&scale=200&ticket=AJj6HnpSsFkfbWv%2Bgbwx8Wo%3D
2026-06-28 03:13:48,842 [INFO] src.corpus_acquisition.downloader: Downloading page 16 from https://i.prcdn.co/img?file=eaaj2025120700000000001001&page=16&scale=200&ticket=ANVSDL2SdecE3nvVEeu%2FSO0%3D
2026-06-28 03:13:49,974 [INFO] src.corpus_acquisition.downloader: Downloading page 17 from https://i.prcdn.co/img?file=eaaj2025120700000000001001&page=17&scale=200&ticket=AIqmCW9ySDUYAHELyX5iyWo%3D
2026-06-28 03:13:50,771 [INFO] src.corpus_acquisition.downloader: Downloading page 18 from https://i.prcdn.co/img?file=eaaj2025120700000000001001&page=18&scale=200&ticket=AHuMJaIOOQeA%2Bcd%2FK8O8F9c%3D
2026-06-28 03:13:50,831 [INFO] src.corpus_acquisition.downloader: Downloading page 19 from https://i.prcdn.co/img?file=eaaj2025120700000000001001&page=19&scale=200&ticket=ACpRTSPTEkVghluR065lPKI%3D
2026-06-28 03:13:51,396 [INFO] src.corpus_acquisition.downloader: Downloading page 20 from https://i.prcdn.co/img?file=eaaj2025120700000000001001&page=20&scale=200&ticket=AMSEuGJ6CMpJpGzsCrEz1t4%3D
2026-06-28 03:13:51,439 [INFO] src.corpus_acquisition.downloader: Downloading page 21 from https://i.prcdn.co/img?file=eaaj2025120700000000001001&page=21&scale=200&ticket=AI4GX%2BPirjS23skeUxXQnWw%3D
2026-06-28 03:13:51,597 [INFO] src.corpus_acquisition.downloader: Downloading page 22 from https://i.prcdn.co/img?file=eaaj2025120700000000001001&page=22&scale=200&ticket=AJIL4c3M9e1gWZnDJVQ9u6c%3D
2026-06-28 03:13:52,370 [INFO] src.corpus_acquisition.downloader: Downloading page 23 from https://i.prcdn.co/img?file=eaaj2025120700000000001001&page=23&scale=200&ticket=ADrLp%2B6YbZHbddqYMcuHBF4%3D
2026-06-28 03:13:53,065 [INFO] src.corpus_acquisition.downloader: Downloading page 24 from https://i.prcdn.co/img?file=eaaj2025120700000000001001&page=24&scale=200&ticket=AGvy%2BKJP%2BLkJX5aecKvrdq0%3D
2026-06-28 03:13:53,633 [INFO] src.corpus_acquisition.downloader: Downloading page 25 from https://i.prcdn.co/img?file=eaaj2025120700000000001001&page=25&scale=200&ticket=AMZLQvtBlVcpjFHuvzQOHCw%3D
2026-06-28 03:13:54,282 [INFO] src.corpus_acquisition.downloader: Downloading page 26 from https://i.prcdn.co/img?file=eaaj2025120700000000001001&page=26&scale=200&ticket=ADy5l3y7Eh5WYN9JocZhc%2Fg%3D
2026-06-28 03:13:55,061 [INFO] src.corpus_acquisition.downloader: Downloading page 27 from https://i.prcdn.co/img?file=eaaj2025120700000000001001&page=27&scale=200&ticket=AMXmnR7FGQlyNfFl%2BeOgj4U%3D
2026-06-28 03:13:55,853 [INFO] src.corpus_acquisition.downloader: Downloading page 28 from https://i.prcdn.co/img?file=eaaj2025120700000000001001&page=28&scale=200&ticket=AEtbWjMoHkXjvITS%2BHqZf4g%3D
2026-06-28 03:13:56,704 [INFO] src.corpus_acquisition.downloader: Downloading page 29 from https://i.prcdn.co/img?file=eaaj2025120700000000001001&page=29&scale=200&ticket=AMyx%2Fn%2BD4%2BUwtGqKOAFz864%3D
2026-06-28 03:13:57,357 [INFO] src.corpus_acquisition.downloader: Downloading page 30 from https://i.prcdn.co/img?file=eaaj2025120700000000001001&page=30&scale=200&ticket=ADhfceRU6YQW5o8MqkWNmNY%3D
2026-06-28 03:13:57,828 [INFO] src.corpus_acquisition.downloader: Downloading page 31 from https://i.prcdn.co/img?file=eaaj2025120700000000001001&page=31&scale=200&ticket=ANkE6gTQY13znm5JFsVGj04%3D
2026-06-28 03:13:58,663 [INFO] src.corpus_acquisition.downloader: Downloading page 32 from https://i.prcdn.co/img?file=eaaj2025120700000000001001&page=32&scale=200&ticket=ALIbmBG9Z7qZOQ%2F3LWWz008%3D
2026-06-28 03:13:59,703 [INFO] src.corpus_acquisition.downloader: Downloading page 33 from https://i.prcdn.co/img?file=eaaj2025120700000000001001&page=33&scale=200&ticket=AOXIjeDTOXA11x%2BI7WEETz4%3D
2026-06-28 03:14:00,563 [INFO] src.corpus_acquisition.downloader: Downloading page 34 from https://i.prcdn.co/img?file=eaaj2025120700000000001001&page=34&scale=200&ticket=AIwGqYS3A8Kq5FJm%2Bj2HKLw%3D
2026-06-28 03:14:01,236 [INFO] src.corpus_acquisition.downloader: Downloading page 35 from https://i.prcdn.co/img?file=eaaj2025120700000000001001&page=35&scale=200&ticket=ADGiIq4LzwJrPX8WA2nsNOU%3D
2026-06-28 03:14:01,908 [INFO] src.corpus_acquisition.downloader: Downloading page 36 from https://i.prcdn.co/img?file=eaaj2025120700000000001001&page=36&scale=200&ticket=APqQkmURZlJLUgZt4pEgeFA%3D
2026-06-28 03:14:02,644 [INFO] src.corpus_acquisition.downloader: Downloading page 37 from https://i.prcdn.co/img?file=eaaj2025120700000000001001&page=37&scale=200&ticket=AKqTQdHel0zatIJeXuMMS5I%3D
2026-06-28 03:14:03,496 [INFO] src.corpus_acquisition.downloader: Downloading page 38 from https://i.prcdn.co/img?file=eaaj2025120700000000001001&page=38&scale=200&ticket=AD7RbI4byd8uSg17E9P52Jk%3D
2026-06-28 03:14:04,152 [INFO] src.corpus_acquisition.downloader: Downloading page 39 from https://i.prcdn.co/img?file=eaaj2025120700000000001001&page=39&scale=200&ticket=ANgqalBYI6Bl6PnVRPEIqYg%3D
2026-06-28 03:14:04,914 [INFO] src.corpus_acquisition.downloader: Downloading page 40 from https://i.prcdn.co/img?file=eaaj2025120700000000001001&page=40&scale=200&ticket=AIg4g8h%2FZxNZ8p5jxsIZmuk%3D
2026-06-28 03:14:05,495 [INFO] src.corpus_acquisition.downloader: Downloading page 41 from https://i.prcdn.co/img?file=eaaj2025120700000000001001&page=41&scale=200&ticket=AHNEvsroT0hyHztTBTrZ3PM%3D
2026-06-28 03:14:06,395 [INFO] src.corpus_acquisition.downloader: Downloading page 42 from https://i.prcdn.co/img?file=eaaj2025120700000000001001&page=42&scale=200&ticket=AC0fNpVpkSp4rV%2FEyG4JxP4%3D
2026-06-28 03:14:07,083 [INFO] src.corpus_acquisition.downloader: Downloading page 43 from https://i.prcdn.co/img?file=eaaj2025120700000000001001&page=43&scale=200&ticket=AGzFPKd5PHEkRlumW%2F1KRlI%3D
2026-06-28 03:14:07,803 [INFO] src.corpus_acquisition.downloader: Downloading page 44 from https://i.prcdn.co/img?file=eaaj2025120700000000001001&page=44&scale=200&ticket=ACMhXNBMsLKwDFOksFdJzt0%3D
2026-06-28 03:14:08,347 [INFO] src.corpus_acquisition.downloader: Downloading page 45 from https://i.prcdn.co/img?file=eaaj2025120700000000001001&page=45&scale=200&ticket=APZcoh7SPTHk9KZrdLp%2FKPo%3D
2026-06-28 03:14:09,092 [INFO] src.corpus_acquisition.downloader: Downloading page 46 from https://i.prcdn.co/img?file=eaaj2025120700000000001001&page=46&scale=200&ticket=ANvrOwzITri5eBWz%2BJ3lsNM%3D
2026-06-28 03:14:09,649 [INFO] src.corpus_acquisition.downloader: Downloading page 47 from https://i.prcdn.co/img?file=eaaj2025120700000000001001&page=47&scale=200&ticket=ALkpgOHrUSMKEWBz%2BB1trgc%3D
2026-06-28 03:14:10,354 [INFO] src.corpus_acquisition.downloader: Downloading page 48 from https://i.prcdn.co/img?file=eaaj2025120700000000001001&page=48&scale=200&ticket=AI8i%2BE6s0Y0wKyFnJesLRnc%3D
2026-06-28 03:14:11,134 [INFO] src.corpus_acquisition.metadata_extractor: Saved metadata for 48 page(s) -> data/raw/metadata/raw_metadata.parquet (total rows: 18496)
2026-06-28 03:14:11,136 [INFO] src.corpus_acquisition.metadata_extractor: Saved crawl log -> data/raw/crawl_logs/elcomercio_2025-12-07.json (status=success)
2026-06-28 03:14:15,164 [INFO] src.corpus_acquisition.downloader: Opening archive for elcomercio on 2025-12-08
2026-06-28 03:14:21,632 [INFO] src.corpus_acquisition.downloader: Collected 7 / 60 pages
2026-06-28 03:14:25,795 [INFO] src.corpus_acquisition.downloader: Collected 9 / 60 pages
2026-06-28 03:14:27,885 [INFO] src.corpus_acquisition.downloader: Collected 11 / 60 pages
2026-06-28 03:14:29,966 [INFO] src.corpus_acquisition.downloader: Collected 13 / 60 pages
2026-06-28 03:14:32,157 [INFO] src.corpus_acquisition.downloader: Collected 15 / 60 pages
2026-06-28 03:14:34,254 [INFO] src.corpus_acquisition.downloader: Collected 17 / 60 pages
2026-06-28 03:14:36,359 [INFO] src.corpus_acquisition.downloader: Collected 19 / 60 pages
2026-06-28 03:14:38,452 [INFO] src.corpus_acquisition.downloader: Collected 21 / 60 pages
2026-06-28 03:14:40,536 [INFO] src.corpus_acquisition.downloader: Collected 23 / 60 pages
2026-06-28 03:14:42,743 [INFO] src.corpus_acquisition.downloader: Collected 25 / 60 pages
2026-06-28 03:14:44,833 [INFO] src.corpus_acquisition.downloader: Collected 27 / 60 pages
2026-06-28 03:14:46,921 [INFO] src.corpus_acquisition.downloader: Collected 29 / 60 pages
2026-06-28 03:14:49,021 [INFO] src.corpus_acquisition.downloader: Collected 31 / 60 pages
2026-06-28 03:14:51,123 [INFO] src.corpus_acquisition.downloader: Collected 32 / 60 pages
2026-06-28 03:14:57,544 [WARNING] src.corpus_acquisition.downloader: No new pages found after 3 attempts; stopping with 32 page(s).
2026-06-28 03:14:57,558 [INFO] src.corpus_acquisition.downloader: Downloading page 1 from https://t.prcdn.co/img?file=eaaj2025120800000053001001&page=1&scale=200
2026-06-28 03:14:57,615 [INFO] src.corpus_acquisition.downloader: Downloading page 2 from https://i.prcdn.co/img?file=eaaj2025120800000053001001&page=2&scale=200&ticket=AOPiYmgeaFUtkP%2BwXiN2VIo%3D
2026-06-28 03:14:58,173 [INFO] src.corpus_acquisition.downloader: Downloading page 3 from https://i.prcdn.co/img?file=eaaj2025120800000053001001&page=3&scale=200&ticket=ACYzEGnnn35YdQ5rlKIpwPM%3D
2026-06-28 03:14:58,592 [INFO] src.corpus_acquisition.downloader: Downloading page 4 from https://i.prcdn.co/img?file=eaaj2025120800000053001001&page=4&scale=200&ticket=AGP%2BgX8kN0dYqeTFU8qNFu0%3D
2026-06-28 03:14:58,633 [INFO] src.corpus_acquisition.downloader: Downloading page 5 from https://i.prcdn.co/img?file=eaaj2025120800000053001001&page=5&scale=200&ticket=ABbxLZ2rWCGVMS%2FE3HIgn9E%3D
2026-06-28 03:14:58,783 [INFO] src.corpus_acquisition.downloader: Downloading page 6 from https://i.prcdn.co/img?file=eaaj2025120800000053001001&page=6&scale=200&ticket=AOhSVK8MDb40UQwx8QjWgGY%3D
2026-06-28 03:14:58,827 [INFO] src.corpus_acquisition.downloader: Downloading page 7 from https://i.prcdn.co/img?file=eaaj2025120800000053001001&page=7&scale=200&ticket=ALVTKerrLW6%2BWYaXFNOFK08%3D
2026-06-28 03:14:59,486 [INFO] src.corpus_acquisition.downloader: Downloading page 8 from https://i.prcdn.co/img?file=eaaj2025120800000053001001&page=8&scale=200&ticket=AKZIUW2bIRquAEkM6%2FykdUI%3D
2026-06-28 03:15:00,271 [INFO] src.corpus_acquisition.downloader: Downloading page 9 from https://i.prcdn.co/img?file=eaaj2025120800000053001001&page=9&scale=200&ticket=APHDME78RKJZgcnKlVeL1MU%3D
2026-06-28 03:15:01,674 [INFO] src.corpus_acquisition.downloader: Downloading page 10 from https://i.prcdn.co/img?file=eaaj2025120800000053001001&page=10&scale=200&ticket=AHqAC1NJny3awBUaCnYyoT4%3D
2026-06-28 03:15:02,296 [INFO] src.corpus_acquisition.downloader: Downloading page 11 from https://i.prcdn.co/img?file=eaaj2025120800000053001001&page=11&scale=200&ticket=AJs%2FvayhU2VWCFLyInnWbEM%3D
2026-06-28 03:15:02,430 [INFO] src.corpus_acquisition.downloader: Downloading page 12 from https://i.prcdn.co/img?file=eaaj2025120800000053001001&page=12&scale=200&ticket=AMklFhxUGZ0l2vBxwqN%2B8%2FI%3D
2026-06-28 03:15:02,496 [INFO] src.corpus_acquisition.downloader: Downloading page 13 from https://i.prcdn.co/img?file=eaaj2025120800000053001001&page=13&scale=200&ticket=AAETBW4rOvQ%2FVl5%2Bz7TW5O0%3D
2026-06-28 03:15:02,531 [INFO] src.corpus_acquisition.downloader: Downloading page 14 from https://i.prcdn.co/img?file=eaaj2025120800000053001001&page=14&scale=200&ticket=AMAXTCByfG1GmBNH6tTs1zw%3D
2026-06-28 03:15:03,119 [INFO] src.corpus_acquisition.downloader: Downloading page 15 from https://i.prcdn.co/img?file=eaaj2025120800000053001001&page=15&scale=200&ticket=ANT32VwDZCIP5Mlpj97SYdE%3D
2026-06-28 03:15:03,604 [INFO] src.corpus_acquisition.downloader: Downloading page 16 from https://i.prcdn.co/img?file=eaaj2025120800000053001001&page=16&scale=200&ticket=AA1%2FJ1K2O%2BTqbv6z42RlZJo%3D
2026-06-28 03:15:04,240 [INFO] src.corpus_acquisition.downloader: Downloading page 17 from https://i.prcdn.co/img?file=eaaj2025120800000053001001&page=17&scale=200&ticket=AH%2FIYOKQJgEy6zeJXz56a%2FY%3D
2026-06-28 03:15:04,284 [INFO] src.corpus_acquisition.downloader: Downloading page 18 from https://i.prcdn.co/img?file=eaaj2025120800000053001001&page=18&scale=200&ticket=AGoKRLE9lY5wpriTal95X%2Fk%3D
2026-06-28 03:15:04,326 [INFO] src.corpus_acquisition.downloader: Downloading page 19 from https://i.prcdn.co/img?file=eaaj2025120800000053001001&page=19&scale=200&ticket=AJI5aLwqLJlrfu%2FBPO66aKY%3D
2026-06-28 03:15:05,325 [INFO] src.corpus_acquisition.downloader: Downloading page 20 from https://i.prcdn.co/img?file=eaaj2025120800000053001001&page=20&scale=200&ticket=AH2d9PCfAs3Yi%2BGeHqiaRRg%3D
2026-06-28 03:15:05,868 [INFO] src.corpus_acquisition.downloader: Downloading page 21 from https://i.prcdn.co/img?file=eaaj2025120800000053001001&page=21&scale=200&ticket=AIB2gcLrYqa3N8pTVc%2F0Ydo%3D
2026-06-28 03:15:06,413 [INFO] src.corpus_acquisition.downloader: Downloading page 22 from https://i.prcdn.co/img?file=eaaj2025120800000053001001&page=22&scale=200&ticket=AOT0OwAeBsz0IzuD1MevNFc%3D
2026-06-28 03:15:07,121 [INFO] src.corpus_acquisition.downloader: Downloading page 23 from https://i.prcdn.co/img?file=eaaj2025120800000053001001&page=23&scale=200&ticket=ACRZFMnvoEnHs67inAUeqCY%3D
2026-06-28 03:15:08,000 [INFO] src.corpus_acquisition.downloader: Downloading page 24 from https://i.prcdn.co/img?file=eaaj2025120800000053001001&page=24&scale=200&ticket=ADMboO5wpL9wb%2FGxhNZDPLM%3D
2026-06-28 03:15:08,455 [INFO] src.corpus_acquisition.downloader: Downloading page 25 from https://i.prcdn.co/img?file=eaaj2025120800000053001001&page=25&scale=200&ticket=AP15OkBPVxioSoL%2FWBCsNJo%3D
2026-06-28 03:15:09,078 [INFO] src.corpus_acquisition.downloader: Downloading page 26 from https://i.prcdn.co/img?file=eaaj2025120800000053001001&page=26&scale=200&ticket=AGvSYWjl%2BkqQ%2FwtfZQeYkLQ%3D
2026-06-28 03:15:09,509 [INFO] src.corpus_acquisition.downloader: Downloading page 27 from https://i.prcdn.co/img?file=eaaj2025120800000053001001&page=27&scale=200&ticket=AN%2BJ7B48LD15hODNwxU1Gww%3D
2026-06-28 03:15:10,398 [INFO] src.corpus_acquisition.downloader: Downloading page 28 from https://i.prcdn.co/img?file=eaaj2025120800000053001001&page=28&scale=200&ticket=AEcaXwRbeT79SHmi9SVgwxg%3D
2026-06-28 03:15:11,091 [INFO] src.corpus_acquisition.downloader: Downloading page 29 from https://i.prcdn.co/img?file=eaaj2025120800000053001001&page=29&scale=200&ticket=AIut6DfKj5vRt0stqZkQCz0%3D
2026-06-28 03:15:11,944 [INFO] src.corpus_acquisition.downloader: Downloading page 30 from https://i.prcdn.co/img?file=eaaj2025120800000053001001&page=30&scale=200&ticket=AHT6QWfbzKfjjQzGrKGgLow%3D
2026-06-28 03:15:12,625 [INFO] src.corpus_acquisition.downloader: Downloading page 31 from https://i.prcdn.co/img?file=eaaj2025120800000053001001&page=31&scale=200&ticket=ACBETxdAh8n3bgZ6zXbIlsM%3D
2026-06-28 03:15:13,201 [INFO] src.corpus_acquisition.downloader: Downloading page 32 from https://i.prcdn.co/img?file=eaaj2025120800000053001001&page=32&scale=200&ticket=AGaTBPclDknmbZAGPyIqO%2FU%3D
2026-06-28 03:15:14,032 [INFO] src.corpus_acquisition.metadata_extractor: Saved metadata for 32 page(s) -> data/raw/metadata/raw_metadata.parquet (total rows: 18528)
2026-06-28 03:15:14,034 [INFO] src.corpus_acquisition.metadata_extractor: Saved crawl log -> data/raw/crawl_logs/elcomercio_2025-12-08.json (status=success)
2026-06-28 03:15:18,779 [INFO] src.corpus_acquisition.downloader: Opening archive for elcomercio on 2025-12-09
2026-06-28 03:15:24,900 [INFO] src.corpus_acquisition.downloader: Collected 7 / 60 pages
2026-06-28 03:15:29,076 [INFO] src.corpus_acquisition.downloader: Collected 9 / 60 pages
2026-06-28 03:15:31,163 [INFO] src.corpus_acquisition.downloader: Collected 11 / 60 pages
2026-06-28 03:15:33,257 [INFO] src.corpus_acquisition.downloader: Collected 13 / 60 pages
2026-06-28 03:15:35,450 [INFO] src.corpus_acquisition.downloader: Collected 15 / 60 pages
2026-06-28 03:15:37,553 [INFO] src.corpus_acquisition.downloader: Collected 17 / 60 pages
2026-06-28 03:15:39,648 [INFO] src.corpus_acquisition.downloader: Collected 19 / 60 pages
2026-06-28 03:15:41,731 [INFO] src.corpus_acquisition.downloader: Collected 20 / 60 pages
2026-06-28 03:15:47,998 [WARNING] src.corpus_acquisition.downloader: No new pages found after 3 attempts; stopping with 20 page(s).
2026-06-28 03:15:48,010 [INFO] src.corpus_acquisition.downloader: Downloading page 1 from https://t.prcdn.co/img?file=eaaj2025120900000000001001&page=1&scale=200
2026-06-28 03:15:48,051 [INFO] src.corpus_acquisition.downloader: Downloading page 2 from https://i.prcdn.co/img?file=eaaj2025120900000000001001&page=2&scale=200&ticket=AFmluANINChEIw%2BZDtjggKM%3D
2026-06-28 03:15:48,093 [INFO] src.corpus_acquisition.downloader: Downloading page 3 from https://i.prcdn.co/img?file=eaaj2025120900000000001001&page=3&scale=200&ticket=AEMQLH5uOEmsEvjpL5rn9Z0%3D
2026-06-28 03:15:48,659 [INFO] src.corpus_acquisition.downloader: Downloading page 4 from https://i.prcdn.co/img?file=eaaj2025120900000000001001&page=4&scale=200&ticket=AExl6Y%2B28YRzkhb9nQCGhvg%3D
2026-06-28 03:15:49,203 [INFO] src.corpus_acquisition.downloader: Downloading page 5 from https://i.prcdn.co/img?file=eaaj2025120900000000001001&page=5&scale=200&ticket=ANhvhyWxLj02%2Fwygj5fzbmI%3D
2026-06-28 03:15:49,872 [INFO] src.corpus_acquisition.downloader: Downloading page 6 from https://i.prcdn.co/img?file=eaaj2025120900000000001001&page=6&scale=200&ticket=AM2fyWYKknoBfVHdhzorAao%3D
2026-06-28 03:15:49,920 [INFO] src.corpus_acquisition.downloader: Downloading page 7 from https://i.prcdn.co/img?file=eaaj2025120900000000001001&page=7&scale=200&ticket=AJXdA%2BUI35dIg48CkBvznjA%3D
2026-06-28 03:15:50,610 [INFO] src.corpus_acquisition.downloader: Downloading page 8 from https://i.prcdn.co/img?file=eaaj2025120900000000001001&page=8&scale=200&ticket=AHuo7yz0u2LCs%2BSbLS9zUNQ%3D
2026-06-28 03:15:51,285 [INFO] src.corpus_acquisition.downloader: Downloading page 9 from https://i.prcdn.co/img?file=eaaj2025120900000000001001&page=9&scale=200&ticket=ANaAQzZtj2ol4Ex4bDE7oB0%3D
2026-06-28 03:15:51,958 [INFO] src.corpus_acquisition.downloader: Downloading page 10 from https://i.prcdn.co/img?file=eaaj2025120900000000001001&page=10&scale=200&ticket=AOlmaIZfFQ%2F8mZst0YNm%2BRg%3D
2026-06-28 03:15:51,998 [INFO] src.corpus_acquisition.downloader: Downloading page 11 from https://i.prcdn.co/img?file=eaaj2025120900000000001001&page=11&scale=200&ticket=AOBPYmUUs7HzQ3N7iMc1FoY%3D
2026-06-28 03:15:52,134 [INFO] src.corpus_acquisition.downloader: Downloading page 12 from https://i.prcdn.co/img?file=eaaj2025120900000000001001&page=12&scale=200&ticket=AF1KcZa9vfr6wSa9T80cfFU%3D
2026-06-28 03:15:52,690 [INFO] src.corpus_acquisition.downloader: Downloading page 13 from https://i.prcdn.co/img?file=eaaj2025120900000000001001&page=13&scale=200&ticket=AMAY%2B3fTXVHubcRvgiHqQrw%3D
2026-06-28 03:15:52,725 [INFO] src.corpus_acquisition.downloader: Downloading page 14 from https://i.prcdn.co/img?file=eaaj2025120900000000001001&page=14&scale=200&ticket=AGdmhUKI53JE5ksbZHnN1Vc%3D
2026-06-28 03:15:52,764 [INFO] src.corpus_acquisition.downloader: Downloading page 15 from https://i.prcdn.co/img?file=eaaj2025120900000000001001&page=15&scale=200&ticket=AMA89G88iOidSX0cZh0QW%2FA%3D
2026-06-28 03:15:54,951 [INFO] src.corpus_acquisition.downloader: Downloading page 16 from https://i.prcdn.co/img?file=eaaj2025120900000000001001&page=16&scale=200&ticket=ACMgaUnlAAJ2oJw8b4GTuic%3D
2026-06-28 03:15:54,994 [INFO] src.corpus_acquisition.downloader: Downloading page 17 from https://i.prcdn.co/img?file=eaaj2025120900000000001001&page=17&scale=200&ticket=AM%2B0MiRwnR1nqNFOQnY2yZI%3D
2026-06-28 03:15:55,042 [INFO] src.corpus_acquisition.downloader: Downloading page 18 from https://i.prcdn.co/img?file=eaaj2025120900000000001001&page=18&scale=200&ticket=ADaICD0%2BH84tgOJAr62P%2FI4%3D
2026-06-28 03:15:55,864 [INFO] src.corpus_acquisition.downloader: Downloading page 19 from https://i.prcdn.co/img?file=eaaj2025120900000000001001&page=19&scale=200&ticket=AHwt%2FLADxW2HLSAAfgf%2BK3o%3D
2026-06-28 03:15:56,525 [INFO] src.corpus_acquisition.downloader: Downloading page 20 from https://i.prcdn.co/img?file=eaaj2025120900000000001001&page=20&scale=200&ticket=AE6w%2Fk8xM3axjrhZ2ndVWDI%3D
2026-06-28 03:15:57,079 [INFO] src.corpus_acquisition.metadata_extractor: Saved metadata for 20 page(s) -> data/raw/metadata/raw_metadata.parquet (total rows: 18548)
2026-06-28 03:15:57,082 [INFO] src.corpus_acquisition.metadata_extractor: Saved crawl log -> data/raw/crawl_logs/elcomercio_2025-12-09.json (status=success)
2026-06-28 03:16:00,786 [INFO] src.corpus_acquisition.downloader: Opening archive for elcomercio on 2025-12-10
2026-06-28 03:16:06,670 [INFO] src.corpus_acquisition.downloader: Collected 7 / 60 pages
2026-06-28 03:16:10,850 [INFO] src.corpus_acquisition.downloader: Collected 9 / 60 pages
2026-06-28 03:16:12,949 [INFO] src.corpus_acquisition.downloader: Collected 11 / 60 pages
2026-06-28 03:16:15,045 [INFO] src.corpus_acquisition.downloader: Collected 12 / 60 pages
2026-06-28 03:16:17,246 [INFO] src.corpus_acquisition.downloader: Collected 15 / 60 pages
2026-06-28 03:16:19,334 [INFO] src.corpus_acquisition.downloader: Collected 17 / 60 pages
2026-06-28 03:16:21,431 [INFO] src.corpus_acquisition.downloader: Collected 19 / 60 pages
2026-06-28 03:16:23,511 [INFO] src.corpus_acquisition.downloader: Collected 20 / 60 pages
2026-06-28 03:16:29,780 [WARNING] src.corpus_acquisition.downloader: No new pages found after 3 attempts; stopping with 20 page(s).
2026-06-28 03:16:29,793 [INFO] src.corpus_acquisition.downloader: Downloading page 1 from https://t.prcdn.co/img?file=eaaj2025121000000000001001&page=1&scale=200
2026-06-28 03:16:29,835 [INFO] src.corpus_acquisition.downloader: Downloading page 2 from https://i.prcdn.co/img?file=eaaj2025121000000000001001&page=2&scale=200&ticket=AKGX9WUasgFK9BElFcgvUrU%3D
2026-06-28 03:16:29,876 [INFO] src.corpus_acquisition.downloader: Downloading page 3 from https://i.prcdn.co/img?file=eaaj2025121000000000001001&page=3&scale=200&ticket=AJ4DVJXMw2MJ9drVAa0uYYg%3D
2026-06-28 03:16:29,923 [INFO] src.corpus_acquisition.downloader: Downloading page 4 from https://i.prcdn.co/img?file=eaaj2025121000000000001001&page=4&scale=200&ticket=ACDXrBTVUdrssGoQC8ypfMA%3D
2026-06-28 03:16:30,789 [INFO] src.corpus_acquisition.downloader: Downloading page 5 from https://i.prcdn.co/img?file=eaaj2025121000000000001001&page=5&scale=200&ticket=AA2z6PLAAhuOGJ16N%2FiabqY%3D
2026-06-28 03:16:31,423 [INFO] src.corpus_acquisition.downloader: Downloading page 6 from https://i.prcdn.co/img?file=eaaj2025121000000000001001&page=6&scale=200&ticket=AIp2RRpkhtKyQbnqt7%2BuIjs%3D
2026-06-28 03:16:32,737 [INFO] src.corpus_acquisition.downloader: Downloading page 7 from https://i.prcdn.co/img?file=eaaj2025121000000000001001&page=7&scale=200&ticket=ANlfRGPzGnQwIyxw9asmIfk%3D
2026-06-28 03:16:32,775 [INFO] src.corpus_acquisition.downloader: Downloading page 8 from https://i.prcdn.co/img?file=eaaj2025121000000000001001&page=8&scale=200&ticket=AM79kkSsV53e6cHhINKaJdo%3D
2026-06-28 03:16:32,817 [INFO] src.corpus_acquisition.downloader: Downloading page 9 from https://i.prcdn.co/img?file=eaaj2025121000000000001001&page=9&scale=200&ticket=AERFE%2F2p5%2BbWcNnDtruAfEY%3D
2026-06-28 03:16:32,854 [INFO] src.corpus_acquisition.downloader: Downloading page 10 from https://i.prcdn.co/img?file=eaaj2025121000000000001001&page=10&scale=200&ticket=AMpDYXNezbjmp6m5rdWgvq8%3D
2026-06-28 03:16:33,824 [INFO] src.corpus_acquisition.downloader: Downloading page 11 from https://i.prcdn.co/img?file=eaaj2025121000000000001001&page=11&scale=200&ticket=AP1Nzg6tU%2FCXtHIuWSG%2BCo8%3D
2026-06-28 03:16:34,556 [INFO] src.corpus_acquisition.downloader: Downloading page 12 from https://i.prcdn.co/img?file=eaaj2025121000000000001001&page=12&scale=200&ticket=ALSErTPPrQnODJp0grRNhNY%3D
2026-06-28 03:16:34,597 [INFO] src.corpus_acquisition.downloader: Downloading page 13 from https://i.prcdn.co/img?file=eaaj2025121000000000001001&page=13&scale=200&ticket=AOFZ28JCIXu1ix1HNEOgapY%3D
2026-06-28 03:16:34,636 [INFO] src.corpus_acquisition.downloader: Downloading page 14 from https://i.prcdn.co/img?file=eaaj2025121000000000001001&page=14&scale=200&ticket=AD2WlwCueoE1ma%2FYI3DOteM%3D
2026-06-28 03:16:35,374 [INFO] src.corpus_acquisition.downloader: Downloading page 15 from https://i.prcdn.co/img?file=eaaj2025121000000000001001&page=15&scale=200&ticket=ANY4Ut2DAsXWCjGtjpqOJfA%3D
2026-06-28 03:16:35,506 [INFO] src.corpus_acquisition.downloader: Downloading page 16 from https://i.prcdn.co/img?file=eaaj2025121000000000001001&page=16&scale=200&ticket=AH%2BBgcO7xUSqrLYOPNGh5Ro%3D
2026-06-28 03:16:35,552 [INFO] src.corpus_acquisition.downloader: Downloading page 17 from https://i.prcdn.co/img?file=eaaj2025121000000000001001&page=17&scale=200&ticket=AGc5jd%2BPGrR3QqVdG8WToxw%3D
2026-06-28 03:16:36,054 [INFO] src.corpus_acquisition.downloader: Downloading page 18 from https://i.prcdn.co/img?file=eaaj2025121000000000001001&page=18&scale=200&ticket=AEnKog1mg04ucKMxfXLVokg%3D
2026-06-28 03:16:37,134 [INFO] src.corpus_acquisition.downloader: Downloading page 19 from https://i.prcdn.co/img?file=eaaj2025121000000000001001&page=19&scale=200&ticket=ABg5qqnRiGMEDYWvq2fSV4M%3D
2026-06-28 03:16:38,088 [INFO] src.corpus_acquisition.downloader: Downloading page 20 from https://i.prcdn.co/img?file=eaaj2025121000000000001001&page=20&scale=200&ticket=AGdyfPN2sSxcV81iLlIJcn0%3D
2026-06-28 03:16:38,164 [INFO] src.corpus_acquisition.metadata_extractor: Saved metadata for 20 page(s) -> data/raw/metadata/raw_metadata.parquet (total rows: 18568)
2026-06-28 03:16:38,167 [INFO] src.corpus_acquisition.metadata_extractor: Saved crawl log -> data/raw/crawl_logs/elcomercio_2025-12-10.json (status=success)
2026-06-28 03:16:41,600 [INFO] src.corpus_acquisition.downloader: Opening archive for elcomercio on 2025-12-11
2026-06-28 03:16:47,436 [INFO] src.corpus_acquisition.downloader: Collected 7 / 60 pages
2026-06-28 03:16:51,613 [INFO] src.corpus_acquisition.downloader: Collected 9 / 60 pages
2026-06-28 03:16:53,703 [INFO] src.corpus_acquisition.downloader: Collected 11 / 60 pages
2026-06-28 03:16:55,801 [INFO] src.corpus_acquisition.downloader: Collected 13 / 60 pages
2026-06-28 03:16:57,997 [INFO] src.corpus_acquisition.downloader: Collected 15 / 60 pages
2026-06-28 03:17:00,084 [INFO] src.corpus_acquisition.downloader: Collected 17 / 60 pages
2026-06-28 03:17:02,181 [INFO] src.corpus_acquisition.downloader: Collected 19 / 60 pages
2026-06-28 03:17:04,274 [INFO] src.corpus_acquisition.downloader: Collected 20 / 60 pages
2026-06-28 03:17:10,562 [WARNING] src.corpus_acquisition.downloader: No new pages found after 3 attempts; stopping with 20 page(s).
2026-06-28 03:17:10,576 [INFO] src.corpus_acquisition.downloader: Downloading page 1 from https://t.prcdn.co/img?file=eaaj2025121100000000001001&page=1&scale=200
2026-06-28 03:17:10,634 [INFO] src.corpus_acquisition.downloader: Downloading page 2 from https://i.prcdn.co/img?file=eaaj2025121100000000001001&page=2&scale=200&ticket=ADPlRb07e12V%2BSs2mMC7KcM%3D
2026-06-28 03:17:11,351 [INFO] src.corpus_acquisition.downloader: Downloading page 3 from https://i.prcdn.co/img?file=eaaj2025121100000000001001&page=3&scale=200&ticket=AFG54ExOmDPxujsL%2BRWpTq4%3D
2026-06-28 03:17:11,393 [INFO] src.corpus_acquisition.downloader: Downloading page 4 from https://i.prcdn.co/img?file=eaaj2025121100000000001001&page=4&scale=200&ticket=AAUw2tH2ztCLpAultYJ0P58%3D
2026-06-28 03:17:12,051 [INFO] src.corpus_acquisition.downloader: Downloading page 5 from https://i.prcdn.co/img?file=eaaj2025121100000000001001&page=5&scale=200&ticket=AAc45p3MBXgXiu3cRSD3dy0%3D
2026-06-28 03:17:12,109 [INFO] src.corpus_acquisition.downloader: Downloading page 6 from https://i.prcdn.co/img?file=eaaj2025121100000000001001&page=6&scale=200&ticket=AMBLyZvSVKrRCfhGTPBDisE%3D
2026-06-28 03:17:12,170 [INFO] src.corpus_acquisition.downloader: Downloading page 7 from https://i.prcdn.co/img?file=eaaj2025121100000000001001&page=7&scale=200&ticket=AEANrG8ZTbAvTYzxNmdq%2FJg%3D
2026-06-28 03:17:13,056 [INFO] src.corpus_acquisition.downloader: Downloading page 8 from https://i.prcdn.co/img?file=eaaj2025121100000000001001&page=8&scale=200&ticket=AJLq4%2B5hHkb47ALHPOmd%2F4w%3D
2026-06-28 03:17:13,779 [INFO] src.corpus_acquisition.downloader: Downloading page 9 from https://i.prcdn.co/img?file=eaaj2025121100000000001001&page=9&scale=200&ticket=AA5PPV7wuvY6%2BsMRfhlWHH0%3D
2026-06-28 03:17:14,732 [INFO] src.corpus_acquisition.downloader: Downloading page 10 from https://i.prcdn.co/img?file=eaaj2025121100000000001001&page=10&scale=200&ticket=AM%2BISnR%2B9cQSgQsKgHC%2Fju4%3D
2026-06-28 03:17:15,574 [INFO] src.corpus_acquisition.downloader: Downloading page 11 from https://i.prcdn.co/img?file=eaaj2025121100000000001001&page=11&scale=200&ticket=AEQLrkc%2FWUtSgBsS8vOIElU%3D
2026-06-28 03:17:16,095 [INFO] src.corpus_acquisition.downloader: Downloading page 12 from https://i.prcdn.co/img?file=eaaj2025121100000000001001&page=12&scale=200&ticket=AFC5pIB7%2Bj3raBREFmGcjcM%3D
2026-06-28 03:17:16,246 [INFO] src.corpus_acquisition.downloader: Downloading page 13 from https://i.prcdn.co/img?file=eaaj2025121100000000001001&page=13&scale=200&ticket=AEww37o2tRYXPcE57Jo7Flc%3D
2026-06-28 03:17:16,884 [INFO] src.corpus_acquisition.downloader: Downloading page 14 from https://i.prcdn.co/img?file=eaaj2025121100000000001001&page=14&scale=200&ticket=AE6bEvs81rfFlwcfmOc3Dm4%3D
2026-06-28 03:17:16,942 [INFO] src.corpus_acquisition.downloader: Downloading page 15 from https://i.prcdn.co/img?file=eaaj2025121100000000001001&page=15&scale=200&ticket=ALNydBLtbCAAbbzeUVCsgaE%3D
2026-06-28 03:17:17,835 [INFO] src.corpus_acquisition.downloader: Downloading page 16 from https://i.prcdn.co/img?file=eaaj2025121100000000001001&page=16&scale=200&ticket=ALnP5yKH3wYvsh7UbN5qXbM%3D
2026-06-28 03:17:17,879 [INFO] src.corpus_acquisition.downloader: Downloading page 17 from https://i.prcdn.co/img?file=eaaj2025121100000000001001&page=17&scale=200&ticket=AL5juv0MhWDo%2FcFx91JccRw%3D
2026-06-28 03:17:17,919 [INFO] src.corpus_acquisition.downloader: Downloading page 18 from https://i.prcdn.co/img?file=eaaj2025121100000000001001&page=18&scale=200&ticket=AGxfdKOba%2FTZFxp%2BMf71Pcc%3D
2026-06-28 03:17:18,657 [INFO] src.corpus_acquisition.downloader: Downloading page 19 from https://i.prcdn.co/img?file=eaaj2025121100000000001001&page=19&scale=200&ticket=AOS%2BlDaSgbdzjK46AltswKA%3D
2026-06-28 03:17:19,590 [INFO] src.corpus_acquisition.downloader: Downloading page 20 from https://i.prcdn.co/img?file=eaaj2025121100000000001001&page=20&scale=200&ticket=AH9%2FaFyWapcXqBhw72c%2BJq0%3D
2026-06-28 03:17:20,096 [INFO] src.corpus_acquisition.metadata_extractor: Saved metadata for 20 page(s) -> data/raw/metadata/raw_metadata.parquet (total rows: 18588)
2026-06-28 03:17:20,098 [INFO] src.corpus_acquisition.metadata_extractor: Saved crawl log -> data/raw/crawl_logs/elcomercio_2025-12-11.json (status=success)
2026-06-28 03:17:24,907 [INFO] src.corpus_acquisition.downloader: Opening archive for elcomercio on 2025-12-12
2026-06-28 03:17:30,762 [INFO] src.corpus_acquisition.downloader: Collected 7 / 60 pages
2026-06-28 03:17:34,982 [INFO] src.corpus_acquisition.downloader: Collected 9 / 60 pages
2026-06-28 03:17:37,083 [INFO] src.corpus_acquisition.downloader: Collected 11 / 60 pages
2026-06-28 03:17:39,175 [INFO] src.corpus_acquisition.downloader: Collected 13 / 60 pages
2026-06-28 03:17:41,366 [INFO] src.corpus_acquisition.downloader: Collected 15 / 60 pages
2026-06-28 03:17:43,461 [INFO] src.corpus_acquisition.downloader: Collected 17 / 60 pages
2026-06-28 03:17:45,542 [INFO] src.corpus_acquisition.downloader: Collected 19 / 60 pages
2026-06-28 03:17:47,623 [INFO] src.corpus_acquisition.downloader: Collected 20 / 60 pages
2026-06-28 03:17:53,895 [WARNING] src.corpus_acquisition.downloader: No new pages found after 3 attempts; stopping with 20 page(s).
2026-06-28 03:17:53,907 [INFO] src.corpus_acquisition.downloader: Downloading page 1 from https://t.prcdn.co/img?file=eaaj2025121200000000001001&page=1&scale=200
2026-06-28 03:17:54,682 [INFO] src.corpus_acquisition.downloader: Downloading page 2 from https://i.prcdn.co/img?file=eaaj2025121200000000001001&page=2&scale=200&ticket=APN82hCdhVqUrNCwAJ%2BXlHg%3D
2026-06-28 03:17:54,726 [INFO] src.corpus_acquisition.downloader: Downloading page 3 from https://i.prcdn.co/img?file=eaaj2025121200000000001001&page=3&scale=200&ticket=AEibUfkXQcmafRBChWG8Uxw%3D
2026-06-28 03:17:54,888 [INFO] src.corpus_acquisition.downloader: Downloading page 4 from https://i.prcdn.co/img?file=eaaj2025121200000000001001&page=4&scale=200&ticket=AHQBDOz7aF7Ds679%2BH%2BtPqI%3D
2026-06-28 03:17:54,940 [INFO] src.corpus_acquisition.downloader: Downloading page 5 from https://i.prcdn.co/img?file=eaaj2025121200000000001001&page=5&scale=200&ticket=AFgXS%2F3a641WppgFLLfrCVM%3D
2026-06-28 03:17:55,866 [INFO] src.corpus_acquisition.downloader: Downloading page 6 from https://i.prcdn.co/img?file=eaaj2025121200000000001001&page=6&scale=200&ticket=AFs1iQ7CH%2FhQOB81pyEY2JM%3D
2026-06-28 03:17:57,303 [INFO] src.corpus_acquisition.downloader: Downloading page 7 from https://i.prcdn.co/img?file=eaaj2025121200000000001001&page=7&scale=200&ticket=AHNux%2BfAJ9Fsx3ykrRpWglg%3D
2026-06-28 03:17:57,886 [INFO] src.corpus_acquisition.downloader: Downloading page 8 from https://i.prcdn.co/img?file=eaaj2025121200000000001001&page=8&scale=200&ticket=AGnWgWV275B0NYxu%2FjiLjDo%3D
2026-06-28 03:17:57,928 [INFO] src.corpus_acquisition.downloader: Downloading page 9 from https://i.prcdn.co/img?file=eaaj2025121200000000001001&page=9&scale=200&ticket=ABWlbBVVUNsm7Z9k4S3kwDY%3D
2026-06-28 03:17:58,722 [INFO] src.corpus_acquisition.downloader: Downloading page 10 from https://i.prcdn.co/img?file=eaaj2025121200000000001001&page=10&scale=200&ticket=APxDeRZ1GniItLI3OyBbBB0%3D
2026-06-28 03:17:58,764 [INFO] src.corpus_acquisition.downloader: Downloading page 11 from https://i.prcdn.co/img?file=eaaj2025121200000000001001&page=11&scale=200&ticket=AGfH1j%2BKsBV7K4uI4YUXluE%3D
2026-06-28 03:17:58,822 [INFO] src.corpus_acquisition.downloader: Downloading page 12 from https://i.prcdn.co/img?file=eaaj2025121200000000001001&page=12&scale=200&ticket=AFsqu67JpO8NlbHssfWkmGA%3D
2026-06-28 03:17:59,658 [INFO] src.corpus_acquisition.downloader: Downloading page 13 from https://i.prcdn.co/img?file=eaaj2025121200000000001001&page=13&scale=200&ticket=AFmMHc2Hv7hCBmvahPW1yow%3D
2026-06-28 03:18:00,147 [INFO] src.corpus_acquisition.downloader: Downloading page 14 from https://i.prcdn.co/img?file=eaaj2025121200000000001001&page=14&scale=200&ticket=ANH0AjysImQMAtqWCg46wLU%3D
2026-06-28 03:18:00,749 [INFO] src.corpus_acquisition.downloader: Downloading page 15 from https://i.prcdn.co/img?file=eaaj2025121200000000001001&page=15&scale=200&ticket=AA%2B957BM6G41imOP%2BKQ0UEo%3D
2026-06-28 03:18:01,451 [INFO] src.corpus_acquisition.downloader: Downloading page 16 from https://i.prcdn.co/img?file=eaaj2025121200000000001001&page=16&scale=200&ticket=ALFFsuptIc7VZ%2FcYQnmyR1Y%3D
2026-06-28 03:18:02,224 [INFO] src.corpus_acquisition.downloader: Downloading page 17 from https://i.prcdn.co/img?file=eaaj2025121200000000001001&page=17&scale=200&ticket=AISfLSPs%2FINguYEJU4AlWTw%3D
2026-06-28 03:18:03,032 [INFO] src.corpus_acquisition.downloader: Downloading page 18 from https://i.prcdn.co/img?file=eaaj2025121200000000001001&page=18&scale=200&ticket=ANp%2B8BRTY08KB6pTujc7T%2Bw%3D
2026-06-28 03:18:03,764 [INFO] src.corpus_acquisition.downloader: Downloading page 19 from https://i.prcdn.co/img?file=eaaj2025121200000000001001&page=19&scale=200&ticket=AJjZnbzjzOIY%2FsdAao0P7RA%3D
2026-06-28 03:18:03,806 [INFO] src.corpus_acquisition.downloader: Downloading page 20 from https://i.prcdn.co/img?file=eaaj2025121200000000001001&page=20&scale=200&ticket=AK7ELeBX0gFkdpxZrs5rZ0A%3D
2026-06-28 03:18:04,274 [INFO] src.corpus_acquisition.metadata_extractor: Saved metadata for 20 page(s) -> data/raw/metadata/raw_metadata.parquet (total rows: 18608)
2026-06-28 03:18:04,275 [INFO] src.corpus_acquisition.metadata_extractor: Saved crawl log -> data/raw/crawl_logs/elcomercio_2025-12-12.json (status=success)
2026-06-28 03:18:08,262 [INFO] src.corpus_acquisition.downloader: Opening archive for elcomercio on 2025-12-13
2026-06-28 03:18:14,441 [INFO] src.corpus_acquisition.downloader: Collected 7 / 60 pages
2026-06-28 03:18:18,624 [INFO] src.corpus_acquisition.downloader: Collected 9 / 60 pages
2026-06-28 03:18:20,711 [INFO] src.corpus_acquisition.downloader: Collected 11 / 60 pages
2026-06-28 03:18:22,812 [INFO] src.corpus_acquisition.downloader: Collected 13 / 60 pages
2026-06-28 03:18:25,021 [INFO] src.corpus_acquisition.downloader: Collected 15 / 60 pages
2026-06-28 03:18:27,115 [INFO] src.corpus_acquisition.downloader: Collected 17 / 60 pages
2026-06-28 03:18:29,210 [INFO] src.corpus_acquisition.downloader: Collected 19 / 60 pages
2026-06-28 03:18:31,294 [INFO] src.corpus_acquisition.downloader: Collected 21 / 60 pages
2026-06-28 03:18:33,395 [INFO] src.corpus_acquisition.downloader: Collected 23 / 60 pages
2026-06-28 03:18:35,500 [INFO] src.corpus_acquisition.downloader: Collected 24 / 60 pages
2026-06-28 03:18:41,780 [WARNING] src.corpus_acquisition.downloader: No new pages found after 3 attempts; stopping with 24 page(s).
2026-06-28 03:18:41,793 [INFO] src.corpus_acquisition.downloader: Downloading page 1 from https://t.prcdn.co/img?file=eaaj2025121300000000001001&page=1&scale=200
2026-06-28 03:18:42,816 [INFO] src.corpus_acquisition.downloader: Downloading page 2 from https://i.prcdn.co/img?file=eaaj2025121300000000001001&page=2&scale=200&ticket=AKywW6CxrnMbK1FDe%2F9gmXI%3D
2026-06-28 03:18:43,412 [INFO] src.corpus_acquisition.downloader: Downloading page 3 from https://i.prcdn.co/img?file=eaaj2025121300000000001001&page=3&scale=200&ticket=AMwQ3Tu1U8wUl9s25%2FDoPjs%3D
2026-06-28 03:18:43,458 [INFO] src.corpus_acquisition.downloader: Downloading page 4 from https://i.prcdn.co/img?file=eaaj2025121300000000001001&page=4&scale=200&ticket=ACfEljbeVst%2FkUBzeTtWXu8%3D
2026-06-28 03:18:44,373 [INFO] src.corpus_acquisition.downloader: Downloading page 5 from https://i.prcdn.co/img?file=eaaj2025121300000000001001&page=5&scale=200&ticket=AMiaRd7SkaMRJnjZLi7Vpx4%3D
2026-06-28 03:18:45,085 [INFO] src.corpus_acquisition.downloader: Downloading page 6 from https://i.prcdn.co/img?file=eaaj2025121300000000001001&page=6&scale=200&ticket=AFrLuT8Y8r%2Fhruo2uT2JXgM%3D
2026-06-28 03:18:46,058 [INFO] src.corpus_acquisition.downloader: Downloading page 7 from https://i.prcdn.co/img?file=eaaj2025121300000000001001&page=7&scale=200&ticket=AEIg1odnOX761sZznX%2FuWws%3D
2026-06-28 03:18:46,110 [INFO] src.corpus_acquisition.downloader: Downloading page 8 from https://i.prcdn.co/img?file=eaaj2025121300000000001001&page=8&scale=200&ticket=AHMP%2BS8VjE03jYc8L8G%2F6q4%3D
2026-06-28 03:18:46,787 [INFO] src.corpus_acquisition.downloader: Downloading page 9 from https://i.prcdn.co/img?file=eaaj2025121300000000001001&page=9&scale=200&ticket=AGtmm3WKEYl5%2FGcAbXOqF2c%3D
2026-06-28 03:18:47,559 [INFO] src.corpus_acquisition.downloader: Downloading page 10 from https://i.prcdn.co/img?file=eaaj2025121300000000001001&page=10&scale=200&ticket=AB1KIXn3tKRrzzTf8hlm2L4%3D
2026-06-28 03:18:47,603 [INFO] src.corpus_acquisition.downloader: Downloading page 11 from https://i.prcdn.co/img?file=eaaj2025121300000000001001&page=11&scale=200&ticket=AGzr6Jcu9UNtGRgMuJrKCOA%3D
2026-06-28 03:18:48,545 [INFO] src.corpus_acquisition.downloader: Downloading page 12 from https://i.prcdn.co/img?file=eaaj2025121300000000001001&page=12&scale=200&ticket=AMtfvSAYL9EqTf%2FJ5Fr4GKA%3D
2026-06-28 03:18:49,652 [INFO] src.corpus_acquisition.downloader: Downloading page 13 from https://i.prcdn.co/img?file=eaaj2025121300000000001001&page=13&scale=200&ticket=ANjuTsI%2BbbHS%2BQXGQOISDNQ%3D
2026-06-28 03:18:50,730 [INFO] src.corpus_acquisition.downloader: Downloading page 14 from https://i.prcdn.co/img?file=eaaj2025121300000000001001&page=14&scale=200&ticket=AA21I8UXwJArscLo6IM%2BCXM%3D
2026-06-28 03:18:50,886 [INFO] src.corpus_acquisition.downloader: Downloading page 15 from https://i.prcdn.co/img?file=eaaj2025121300000000001001&page=15&scale=200&ticket=AAXoktSuVUPK7YKXZDFJ7oU%3D
2026-06-28 03:18:51,574 [INFO] src.corpus_acquisition.downloader: Downloading page 16 from https://i.prcdn.co/img?file=eaaj2025121300000000001001&page=16&scale=200&ticket=AIgvPhuzw9HIaDdcgxyo6ZA%3D
2026-06-28 03:18:52,290 [INFO] src.corpus_acquisition.downloader: Downloading page 17 from https://i.prcdn.co/img?file=eaaj2025121300000000001001&page=17&scale=200&ticket=AFI2H4MWD%2BlskVijfucALTE%3D
2026-06-28 03:18:52,915 [INFO] src.corpus_acquisition.downloader: Downloading page 18 from https://i.prcdn.co/img?file=eaaj2025121300000000001001&page=18&scale=200&ticket=ALn3rkX83LvWVCFTsfy5yXY%3D
2026-06-28 03:18:52,956 [INFO] src.corpus_acquisition.downloader: Downloading page 19 from https://i.prcdn.co/img?file=eaaj2025121300000000001001&page=19&scale=200&ticket=APygLAqFXtGUSUgfitZUzRA%3D
2026-06-28 03:18:52,994 [INFO] src.corpus_acquisition.downloader: Downloading page 20 from https://i.prcdn.co/img?file=eaaj2025121300000000001001&page=20&scale=200&ticket=AMpoR%2F9SBTGIpDhYkbpkROM%3D
2026-06-28 03:18:53,920 [INFO] src.corpus_acquisition.downloader: Downloading page 21 from https://i.prcdn.co/img?file=eaaj2025121300000000001001&page=21&scale=200&ticket=ALRlol%2BxhrHHhbpIriZ%2Bo0s%3D
2026-06-28 03:18:54,803 [INFO] src.corpus_acquisition.downloader: Downloading page 22 from https://i.prcdn.co/img?file=eaaj2025121300000000001001&page=22&scale=200&ticket=AJxwx%2FUBAlQBUaS06%2FEENtA%3D
2026-06-28 03:18:55,763 [INFO] src.corpus_acquisition.downloader: Downloading page 23 from https://i.prcdn.co/img?file=eaaj2025121300000000001001&page=23&scale=200&ticket=AKLKh5DcRcBlJ0MxhjjJVwY%3D
2026-06-28 03:18:57,274 [INFO] src.corpus_acquisition.downloader: Downloading page 24 from https://i.prcdn.co/img?file=eaaj2025121300000000001001&page=24&scale=200&ticket=AFhCw%2BphGgqKyYoraEWY99I%3D
2026-06-28 03:18:58,011 [INFO] src.corpus_acquisition.metadata_extractor: Saved metadata for 24 page(s) -> data/raw/metadata/raw_metadata.parquet (total rows: 18632)
2026-06-28 03:18:58,014 [INFO] src.corpus_acquisition.metadata_extractor: Saved crawl log -> data/raw/crawl_logs/elcomercio_2025-12-13.json (status=success)
2026-06-28 03:19:04,211 [INFO] src.corpus_acquisition.downloader: Opening archive for elcomercio on 2025-12-14
2026-06-28 03:19:10,072 [INFO] src.corpus_acquisition.downloader: Collected 7 / 60 pages
2026-06-28 03:19:14,238 [INFO] src.corpus_acquisition.downloader: Collected 9 / 60 pages
2026-06-28 03:19:16,321 [INFO] src.corpus_acquisition.downloader: Collected 11 / 60 pages
2026-06-28 03:19:18,405 [INFO] src.corpus_acquisition.downloader: Collected 13 / 60 pages
2026-06-28 03:19:20,597 [INFO] src.corpus_acquisition.downloader: Collected 15 / 60 pages
2026-06-28 03:19:22,689 [INFO] src.corpus_acquisition.downloader: Collected 17 / 60 pages
2026-06-28 03:19:24,770 [INFO] src.corpus_acquisition.downloader: Collected 19 / 60 pages
2026-06-28 03:19:26,958 [INFO] src.corpus_acquisition.downloader: Collected 21 / 60 pages
2026-06-28 03:19:29,052 [INFO] src.corpus_acquisition.downloader: Collected 23 / 60 pages
2026-06-28 03:19:31,134 [INFO] src.corpus_acquisition.downloader: Collected 25 / 60 pages
2026-06-28 03:19:33,220 [INFO] src.corpus_acquisition.downloader: Collected 27 / 60 pages
2026-06-28 03:19:35,302 [INFO] src.corpus_acquisition.downloader: Collected 29 / 60 pages
2026-06-28 03:19:37,397 [INFO] src.corpus_acquisition.downloader: Collected 31 / 60 pages
2026-06-28 03:19:39,488 [INFO] src.corpus_acquisition.downloader: Collected 33 / 60 pages
2026-06-28 03:19:41,568 [INFO] src.corpus_acquisition.downloader: Collected 35 / 60 pages
2026-06-28 03:19:43,658 [INFO] src.corpus_acquisition.downloader: Collected 37 / 60 pages
2026-06-28 03:19:45,768 [INFO] src.corpus_acquisition.downloader: Collected 39 / 60 pages
2026-06-28 03:19:47,858 [INFO] src.corpus_acquisition.downloader: Collected 41 / 60 pages
2026-06-28 03:19:49,954 [INFO] src.corpus_acquisition.downloader: Collected 43 / 60 pages
2026-06-28 03:19:52,040 [INFO] src.corpus_acquisition.downloader: Collected 45 / 60 pages
2026-06-28 03:19:54,128 [INFO] src.corpus_acquisition.downloader: Collected 47 / 60 pages
2026-06-28 03:19:56,219 [INFO] src.corpus_acquisition.downloader: Collected 48 / 60 pages
2026-06-28 03:20:02,488 [WARNING] src.corpus_acquisition.downloader: No new pages found after 3 attempts; stopping with 48 page(s).
2026-06-28 03:20:02,547 [INFO] src.corpus_acquisition.downloader: Downloading page 1 from https://t.prcdn.co/img?file=eaaj2025121400000000001001&page=1&scale=200
2026-06-28 03:20:03,102 [INFO] src.corpus_acquisition.downloader: Downloading page 2 from https://i.prcdn.co/img?file=eaaj2025121400000000001001&page=2&scale=200&ticket=AFuiQpllRzf5taFCMLzyIdg%3D
2026-06-28 03:20:03,202 [INFO] src.corpus_acquisition.downloader: Downloading page 3 from https://i.prcdn.co/img?file=eaaj2025121400000000001001&page=3&scale=200&ticket=AEh7jaWE0CWXoAcem6wsavg%3D
2026-06-28 03:20:04,610 [INFO] src.corpus_acquisition.downloader: Downloading page 4 from https://i.prcdn.co/img?file=eaaj2025121400000000001001&page=4&scale=200&ticket=AP6a16L1bjwSCCddhW%2FT9Pk%3D
2026-06-28 03:20:05,265 [INFO] src.corpus_acquisition.downloader: Downloading page 5 from https://i.prcdn.co/img?file=eaaj2025121400000000001001&page=5&scale=200&ticket=AFeyqPoOm2ApZvqcH6Zo7NY%3D
2026-06-28 03:20:05,326 [INFO] src.corpus_acquisition.downloader: Downloading page 6 from https://i.prcdn.co/img?file=eaaj2025121400000000001001&page=6&scale=200&ticket=ABO1BOQL%2F7EYN5T5uT3Lyek%3D
2026-06-28 03:20:05,435 [INFO] src.corpus_acquisition.downloader: Downloading page 7 from https://i.prcdn.co/img?file=eaaj2025121400000000001001&page=7&scale=200&ticket=AELDeKYGPeIVx7%2FufN%2BJ6pU%3D
2026-06-28 03:20:05,477 [INFO] src.corpus_acquisition.downloader: Downloading page 8 from https://i.prcdn.co/img?file=eaaj2025121400000000001001&page=8&scale=200&ticket=AEIIPLBqfxmaYo4og5pm3x4%3D
2026-06-28 03:20:06,423 [INFO] src.corpus_acquisition.downloader: Downloading page 9 from https://i.prcdn.co/img?file=eaaj2025121400000000001001&page=9&scale=200&ticket=ACHvQxU%2FXNj3eFj7UCNRiQI%3D
2026-06-28 03:20:07,175 [INFO] src.corpus_acquisition.downloader: Downloading page 10 from https://i.prcdn.co/img?file=eaaj2025121400000000001001&page=10&scale=200&ticket=AMziysFlyPKlDVppGigPOP4%3D
2026-06-28 03:20:07,773 [INFO] src.corpus_acquisition.downloader: Downloading page 11 from https://i.prcdn.co/img?file=eaaj2025121400000000001001&page=11&scale=200&ticket=AMf1M03vA8N1g2LByYvTdCY%3D
2026-06-28 03:20:07,992 [INFO] src.corpus_acquisition.downloader: Downloading page 12 from https://i.prcdn.co/img?file=eaaj2025121400000000001001&page=12&scale=200&ticket=AFu0a009yUbWXRDh0k2bdQ4%3D
2026-06-28 03:20:08,211 [INFO] src.corpus_acquisition.downloader: Downloading page 13 from https://i.prcdn.co/img?file=eaaj2025121400000000001001&page=13&scale=200&ticket=AJbv%2BpxVS41tAXYBy7LOCpI%3D
2026-06-28 03:20:08,955 [INFO] src.corpus_acquisition.downloader: Downloading page 14 from https://i.prcdn.co/img?file=eaaj2025121400000000001001&page=14&scale=200&ticket=ANNRQFtIRr5st2x7Cqvdq%2Fk%3D
2026-06-28 03:20:09,809 [INFO] src.corpus_acquisition.downloader: Downloading page 15 from https://i.prcdn.co/img?file=eaaj2025121400000000001001&page=15&scale=200&ticket=AIkKa5SZ%2F3dlfjz1eQMxuf0%3D
2026-06-28 03:20:10,412 [INFO] src.corpus_acquisition.downloader: Downloading page 16 from https://i.prcdn.co/img?file=eaaj2025121400000000001001&page=16&scale=200&ticket=ADoaPRoGsbPZfUggg4GENGw%3D
2026-06-28 03:20:11,172 [INFO] src.corpus_acquisition.downloader: Downloading page 17 from https://i.prcdn.co/img?file=eaaj2025121400000000001001&page=17&scale=200&ticket=ACpAi48MylULTB0F37tLB0g%3D
2026-06-28 03:20:12,126 [INFO] src.corpus_acquisition.downloader: Downloading page 18 from https://i.prcdn.co/img?file=eaaj2025121400000000001001&page=18&scale=200&ticket=AFYtVPTfJLMy5JhGQuTnYNM%3D
2026-06-28 03:20:12,265 [INFO] src.corpus_acquisition.downloader: Downloading page 19 from https://i.prcdn.co/img?file=eaaj2025121400000000001001&page=19&scale=200&ticket=AHplhOMPYtDM7F7zMohUcXA%3D
2026-06-28 03:20:12,309 [INFO] src.corpus_acquisition.downloader: Downloading page 20 from https://i.prcdn.co/img?file=eaaj2025121400000000001001&page=20&scale=200&ticket=AOLbbGivGpPSiQjCx3hOkY0%3D
2026-06-28 03:20:12,367 [INFO] src.corpus_acquisition.downloader: Downloading page 21 from https://i.prcdn.co/img?file=eaaj2025121400000000001001&page=21&scale=200&ticket=AA0AplX9tVHZmwW3ndDT2ug%3D
2026-06-28 03:20:12,966 [INFO] src.corpus_acquisition.downloader: Downloading page 22 from https://i.prcdn.co/img?file=eaaj2025121400000000001001&page=22&scale=200&ticket=ALC4LqmcfSHTplEdBx8qu6U%3D
2026-06-28 03:20:13,825 [INFO] src.corpus_acquisition.downloader: Downloading page 23 from https://i.prcdn.co/img?file=eaaj2025121400000000001001&page=23&scale=200&ticket=AGzFZwAv0YMsDGc3BJGwtew%3D
2026-06-28 03:20:14,533 [INFO] src.corpus_acquisition.downloader: Downloading page 24 from https://i.prcdn.co/img?file=eaaj2025121400000000001001&page=24&scale=200&ticket=ABDzQ%2FpqKi2Ud0Ahbj8unOo%3D
2026-06-28 03:20:15,328 [INFO] src.corpus_acquisition.downloader: Downloading page 25 from https://i.prcdn.co/img?file=eaaj2025121400000000001001&page=25&scale=200&ticket=ALSMoDbrRUic3t1vZssgf%2Fs%3D
2026-06-28 03:20:16,034 [INFO] src.corpus_acquisition.downloader: Downloading page 26 from https://i.prcdn.co/img?file=eaaj2025121400000000001001&page=26&scale=200&ticket=AEmx5Ewa6%2FUiHtWNm6IbMcU%3D
2026-06-28 03:20:16,657 [INFO] src.corpus_acquisition.downloader: Downloading page 27 from https://i.prcdn.co/img?file=eaaj2025121400000000001001&page=27&scale=200&ticket=AMxrTeDoMT979pLJAtHfrgw%3D
2026-06-28 03:20:17,377 [INFO] src.corpus_acquisition.downloader: Downloading page 28 from https://i.prcdn.co/img?file=eaaj2025121400000000001001&page=28&scale=200&ticket=ANYsdAd%2FGB4G8lwC450Cahs%3D
2026-06-28 03:20:17,985 [INFO] src.corpus_acquisition.downloader: Downloading page 29 from https://i.prcdn.co/img?file=eaaj2025121400000000001001&page=29&scale=200&ticket=ABGV5zfvY%2BvemmSUVdiocmQ%3D
2026-06-28 03:20:18,648 [INFO] src.corpus_acquisition.downloader: Downloading page 30 from https://i.prcdn.co/img?file=eaaj2025121400000000001001&page=30&scale=200&ticket=AIaUDAOzCji1bEt09SZ8Tqw%3D
2026-06-28 03:20:19,549 [INFO] src.corpus_acquisition.downloader: Downloading page 31 from https://i.prcdn.co/img?file=eaaj2025121400000000001001&page=31&scale=200&ticket=ABn%2Fv%2BbqW0bJY9V6SZlWgAY%3D
2026-06-28 03:20:20,623 [INFO] src.corpus_acquisition.downloader: Downloading page 32 from https://i.prcdn.co/img?file=eaaj2025121400000000001001&page=32&scale=200&ticket=ADfpfHJWi8%2Bh5Yez4u587%2Bo%3D
2026-06-28 03:20:21,488 [INFO] src.corpus_acquisition.downloader: Downloading page 33 from https://i.prcdn.co/img?file=eaaj2025121400000000001001&page=33&scale=200&ticket=ANbWLMB%2BIpCsugEdoSVuyXc%3D
2026-06-28 03:20:22,140 [INFO] src.corpus_acquisition.downloader: Downloading page 34 from https://i.prcdn.co/img?file=eaaj2025121400000000001001&page=34&scale=200&ticket=AOQkdYQCiAVnF1gSiVuk37Y%3D
2026-06-28 03:20:23,089 [INFO] src.corpus_acquisition.downloader: Downloading page 35 from https://i.prcdn.co/img?file=eaaj2025121400000000001001&page=35&scale=200&ticket=AEmHWfxqJJkQLQmCfcCjKG4%3D
2026-06-28 03:20:23,550 [INFO] src.corpus_acquisition.downloader: Downloading page 36 from https://i.prcdn.co/img?file=eaaj2025121400000000001001&page=36&scale=200&ticket=ANaPTu0suGgVww8cOBllZcY%3D
2026-06-28 03:20:24,208 [INFO] src.corpus_acquisition.downloader: Downloading page 37 from https://i.prcdn.co/img?file=eaaj2025121400000000001001&page=37&scale=200&ticket=APZifMCSGxYSFZV1UX3zHxg%3D
2026-06-28 03:20:24,934 [INFO] src.corpus_acquisition.downloader: Downloading page 38 from https://i.prcdn.co/img?file=eaaj2025121400000000001001&page=38&scale=200&ticket=AO6DA0Jzu3X0SuSlt6oNuPg%3D
2026-06-28 03:20:25,721 [INFO] src.corpus_acquisition.downloader: Downloading page 39 from https://i.prcdn.co/img?file=eaaj2025121400000000001001&page=39&scale=200&ticket=AEPQ%2B2nO1wPcH9r0qA5tEag%3D
2026-06-28 03:20:26,301 [INFO] src.corpus_acquisition.downloader: Downloading page 40 from https://i.prcdn.co/img?file=eaaj2025121400000000001001&page=40&scale=200&ticket=AHVvNb95K%2BZ5ssimBeo3F%2F0%3D
2026-06-28 03:20:27,020 [INFO] src.corpus_acquisition.downloader: Downloading page 41 from https://i.prcdn.co/img?file=eaaj2025121400000000001001&page=41&scale=200&ticket=ABAyPYSTtvlbwTS%2FJYpz6x0%3D
2026-06-28 03:20:27,738 [INFO] src.corpus_acquisition.downloader: Downloading page 42 from https://i.prcdn.co/img?file=eaaj2025121400000000001001&page=42&scale=200&ticket=AHS6jf%2FifM8PCX4H5T4BMek%3D
2026-06-28 03:20:28,543 [INFO] src.corpus_acquisition.downloader: Downloading page 43 from https://i.prcdn.co/img?file=eaaj2025121400000000001001&page=43&scale=200&ticket=ALAPhO2kfUIVHtccPwZ2Zl0%3D
2026-06-28 03:20:29,398 [INFO] src.corpus_acquisition.downloader: Downloading page 44 from https://i.prcdn.co/img?file=eaaj2025121400000000001001&page=44&scale=200&ticket=AH4DkgQFOsH0mEixyhTMUZ4%3D
2026-06-28 03:20:29,847 [INFO] src.corpus_acquisition.downloader: Downloading page 45 from https://i.prcdn.co/img?file=eaaj2025121400000000001001&page=45&scale=200&ticket=AAaXAwcs7LQYouGU4oHqndM%3D
2026-06-28 03:20:30,592 [INFO] src.corpus_acquisition.downloader: Downloading page 46 from https://i.prcdn.co/img?file=eaaj2025121400000000001001&page=46&scale=200&ticket=ALqmefNamLElol71uLmoi8s%3D
2026-06-28 03:20:31,030 [INFO] src.corpus_acquisition.downloader: Downloading page 47 from https://i.prcdn.co/img?file=eaaj2025121400000000001001&page=47&scale=200&ticket=AI5jYV6B4dpjpQMP0NH7V1g%3D
2026-06-28 03:20:31,607 [INFO] src.corpus_acquisition.downloader: Downloading page 48 from https://i.prcdn.co/img?file=eaaj2025121400000000001001&page=48&scale=200&ticket=ANz1%2FqUdWNQlnCMAxELrmD0%3D
2026-06-28 03:20:32,410 [INFO] src.corpus_acquisition.metadata_extractor: Saved metadata for 48 page(s) -> data/raw/metadata/raw_metadata.parquet (total rows: 18680)
2026-06-28 03:20:32,412 [INFO] src.corpus_acquisition.metadata_extractor: Saved crawl log -> data/raw/crawl_logs/elcomercio_2025-12-14.json (status=success)
2026-06-28 03:20:36,406 [INFO] src.corpus_acquisition.downloader: Opening archive for elcomercio on 2025-12-15
2026-06-28 03:20:42,902 [INFO] src.corpus_acquisition.downloader: Collected 7 / 60 pages
2026-06-28 03:20:47,066 [INFO] src.corpus_acquisition.downloader: Collected 9 / 60 pages
2026-06-28 03:20:49,154 [INFO] src.corpus_acquisition.downloader: Collected 11 / 60 pages
2026-06-28 03:20:51,235 [INFO] src.corpus_acquisition.downloader: Collected 13 / 60 pages
2026-06-28 03:20:53,426 [INFO] src.corpus_acquisition.downloader: Collected 15 / 60 pages
2026-06-28 03:20:55,519 [INFO] src.corpus_acquisition.downloader: Collected 17 / 60 pages
2026-06-28 03:20:57,601 [INFO] src.corpus_acquisition.downloader: Collected 19 / 60 pages
2026-06-28 03:20:59,685 [INFO] src.corpus_acquisition.downloader: Collected 21 / 60 pages
2026-06-28 03:21:01,768 [INFO] src.corpus_acquisition.downloader: Collected 23 / 60 pages
2026-06-28 03:21:03,856 [INFO] src.corpus_acquisition.downloader: Collected 25 / 60 pages
2026-06-28 03:21:05,953 [INFO] src.corpus_acquisition.downloader: Collected 27 / 60 pages
2026-06-28 03:21:08,033 [INFO] src.corpus_acquisition.downloader: Collected 29 / 60 pages
2026-06-28 03:21:10,118 [INFO] src.corpus_acquisition.downloader: Collected 31 / 60 pages
2026-06-28 03:21:12,209 [INFO] src.corpus_acquisition.downloader: Collected 32 / 60 pages
2026-06-28 03:21:18,504 [WARNING] src.corpus_acquisition.downloader: No new pages found after 3 attempts; stopping with 32 page(s).
2026-06-28 03:21:18,518 [INFO] src.corpus_acquisition.downloader: Downloading page 1 from https://t.prcdn.co/img?file=eaaj2025121500000000001001&page=1&scale=200
2026-06-28 03:21:19,255 [INFO] src.corpus_acquisition.downloader: Downloading page 2 from https://i.prcdn.co/img?file=eaaj2025121500000000001001&page=2&scale=200&ticket=ANPLqOAPqq%2FWf3RL9TZG0h8%3D
2026-06-28 03:21:19,450 [INFO] src.corpus_acquisition.downloader: Downloading page 3 from https://i.prcdn.co/img?file=eaaj2025121500000000001001&page=3&scale=200&ticket=ADPtyTTPEPXKHduWIwGRh6A%3D
2026-06-28 03:21:20,281 [INFO] src.corpus_acquisition.downloader: Downloading page 4 from https://i.prcdn.co/img?file=eaaj2025121500000000001001&page=4&scale=200&ticket=APhpUX5GH8YOQJk61jnjH08%3D
2026-06-28 03:21:21,432 [INFO] src.corpus_acquisition.downloader: Downloading page 5 from https://i.prcdn.co/img?file=eaaj2025121500000000001001&page=5&scale=200&ticket=ABSspby5fWOc1nNWLiZeS6Y%3D
2026-06-28 03:21:21,970 [INFO] src.corpus_acquisition.downloader: Downloading page 6 from https://i.prcdn.co/img?file=eaaj2025121500000000001001&page=6&scale=200&ticket=AMk0BbJZVng1AntAV9EGE2o%3D
2026-06-28 03:21:23,374 [INFO] src.corpus_acquisition.downloader: Downloading page 7 from https://i.prcdn.co/img?file=eaaj2025121500000000001001&page=7&scale=200&ticket=AGuuqeFjS4rKSnWNNQbhM14%3D
2026-06-28 03:21:24,160 [INFO] src.corpus_acquisition.downloader: Downloading page 8 from https://i.prcdn.co/img?file=eaaj2025121500000000001001&page=8&scale=200&ticket=ADQTtoT6VyXBWtpSKseYfhA%3D
2026-06-28 03:21:25,038 [INFO] src.corpus_acquisition.downloader: Downloading page 9 from https://i.prcdn.co/img?file=eaaj2025121500000000001001&page=9&scale=200&ticket=AIVsZ%2Fq6wBy78QxtUAMU83k%3D
2026-06-28 03:21:25,642 [INFO] src.corpus_acquisition.downloader: Downloading page 10 from https://i.prcdn.co/img?file=eaaj2025121500000000001001&page=10&scale=200&ticket=AKpcEtaVCuvL99ytbQGyB3A%3D
2026-06-28 03:21:26,273 [INFO] src.corpus_acquisition.downloader: Downloading page 11 from https://i.prcdn.co/img?file=eaaj2025121500000000001001&page=11&scale=200&ticket=AAs3Ayp3UEQAgk92x0dbgLk%3D
2026-06-28 03:21:27,094 [INFO] src.corpus_acquisition.downloader: Downloading page 12 from https://i.prcdn.co/img?file=eaaj2025121500000000001001&page=12&scale=200&ticket=AMolG1O4o5TBhfuoPjCQ500%3D
2026-06-28 03:21:27,231 [INFO] src.corpus_acquisition.downloader: Downloading page 13 from https://i.prcdn.co/img?file=eaaj2025121500000000001001&page=13&scale=200&ticket=APEPScFGstdrLf3kwvX2QxI%3D
2026-06-28 03:21:27,279 [INFO] src.corpus_acquisition.downloader: Downloading page 14 from https://i.prcdn.co/img?file=eaaj2025121500000000001001&page=14&scale=200&ticket=AD%2BT3NXsWr27dhg7wnm0%2Bac%3D
2026-06-28 03:21:28,059 [INFO] src.corpus_acquisition.downloader: Downloading page 15 from https://i.prcdn.co/img?file=eaaj2025121500000000001001&page=15&scale=200&ticket=ADSXMnGVjRaDu8B6MUYznGI%3D
2026-06-28 03:21:28,775 [INFO] src.corpus_acquisition.downloader: Downloading page 16 from https://i.prcdn.co/img?file=eaaj2025121500000000001001&page=16&scale=200&ticket=ACyf7%2BDNamoYenv0D2GCiU8%3D
2026-06-28 03:21:29,505 [INFO] src.corpus_acquisition.downloader: Downloading page 17 from https://i.prcdn.co/img?file=eaaj2025121500000000001001&page=17&scale=200&ticket=AP41p9lzfTNiV03qicYflBo%3D
2026-06-28 03:21:30,169 [INFO] src.corpus_acquisition.downloader: Downloading page 18 from https://i.prcdn.co/img?file=eaaj2025121500000000001001&page=18&scale=200&ticket=AB3%2FfufGrCPGU76S29qtzoM%3D
2026-06-28 03:21:30,212 [INFO] src.corpus_acquisition.downloader: Downloading page 19 from https://i.prcdn.co/img?file=eaaj2025121500000000001001&page=19&scale=200&ticket=AJehNYgpI83%2BfkjHmrGGg9s%3D
2026-06-28 03:21:30,369 [INFO] src.corpus_acquisition.downloader: Downloading page 20 from https://i.prcdn.co/img?file=eaaj2025121500000000001001&page=20&scale=200&ticket=ANY1%2BVR8K2Zkqv3G2QaJj9U%3D
2026-06-28 03:21:30,879 [INFO] src.corpus_acquisition.downloader: Downloading page 21 from https://i.prcdn.co/img?file=eaaj2025121500000000001001&page=21&scale=200&ticket=ABJC6cDGif0iPP4fHFvHKBk%3D
2026-06-28 03:21:31,607 [INFO] src.corpus_acquisition.downloader: Downloading page 22 from https://i.prcdn.co/img?file=eaaj2025121500000000001001&page=22&scale=200&ticket=ACsNruxQ0nyDGiFO07EavAY%3D
2026-06-28 03:21:32,347 [INFO] src.corpus_acquisition.downloader: Downloading page 23 from https://i.prcdn.co/img?file=eaaj2025121500000000001001&page=23&scale=200&ticket=ACXPSVdcSIHn502AgLr%2FS5Q%3D
2026-06-28 03:21:32,897 [INFO] src.corpus_acquisition.downloader: Downloading page 24 from https://i.prcdn.co/img?file=eaaj2025121500000000001001&page=24&scale=200&ticket=AHe4Tjfd%2BRMOAxdoUrC6S8A%3D
2026-06-28 03:21:33,970 [INFO] src.corpus_acquisition.downloader: Downloading page 25 from https://i.prcdn.co/img?file=eaaj2025121500000000001001&page=25&scale=200&ticket=ABQfog3Zir%2BPYtiZu4E3IeM%3D
2026-06-28 03:21:34,624 [INFO] src.corpus_acquisition.downloader: Downloading page 26 from https://i.prcdn.co/img?file=eaaj2025121500000000001001&page=26&scale=200&ticket=AAbP7d%2FWegnwOUsbNHFaouk%3D
2026-06-28 03:21:35,460 [INFO] src.corpus_acquisition.downloader: Downloading page 27 from https://i.prcdn.co/img?file=eaaj2025121500000000001001&page=27&scale=200&ticket=AJtrtZL5ajPCCu3sdbbXQKo%3D
2026-06-28 03:21:36,395 [INFO] src.corpus_acquisition.downloader: Downloading page 28 from https://i.prcdn.co/img?file=eaaj2025121500000000001001&page=28&scale=200&ticket=ALdG6dTjNnDTrvFIWrW%2B3R0%3D
2026-06-28 03:21:37,049 [INFO] src.corpus_acquisition.downloader: Downloading page 29 from https://i.prcdn.co/img?file=eaaj2025121500000000001001&page=29&scale=200&ticket=AJLx%2Bj34DpOdcMs%2FHuGXovY%3D
2026-06-28 03:21:37,936 [INFO] src.corpus_acquisition.downloader: Downloading page 30 from https://i.prcdn.co/img?file=eaaj2025121500000000001001&page=30&scale=200&ticket=AGpv%2B9vU66nWe%2F%2B5vJ9p920%3D
2026-06-28 03:21:38,732 [INFO] src.corpus_acquisition.downloader: Downloading page 31 from https://i.prcdn.co/img?file=eaaj2025121500000000001001&page=31&scale=200&ticket=AI41sTO1DFXESsosyVfDcO0%3D
2026-06-28 03:21:39,405 [INFO] src.corpus_acquisition.downloader: Downloading page 32 from https://i.prcdn.co/img?file=eaaj2025121500000000001001&page=32&scale=200&ticket=AAkPcHbaW1G0YjGTsGwYGDI%3D
2026-06-28 03:21:39,986 [INFO] src.corpus_acquisition.metadata_extractor: Saved metadata for 32 page(s) -> data/raw/metadata/raw_metadata.parquet (total rows: 18712)
2026-06-28 03:21:39,988 [INFO] src.corpus_acquisition.metadata_extractor: Saved crawl log -> data/raw/crawl_logs/elcomercio_2025-12-15.json (status=success)
2026-06-28 03:21:45,794 [INFO] src.corpus_acquisition.downloader: Opening archive for elcomercio on 2025-12-16
2026-06-28 03:21:52,024 [INFO] src.corpus_acquisition.downloader: Collected 6 / 60 pages
2026-06-28 03:21:56,197 [INFO] src.corpus_acquisition.downloader: Collected 8 / 60 pages
2026-06-28 03:21:58,287 [INFO] src.corpus_acquisition.downloader: Collected 10 / 60 pages
2026-06-28 03:22:00,380 [INFO] src.corpus_acquisition.downloader: Collected 12 / 60 pages
2026-06-28 03:22:02,579 [INFO] src.corpus_acquisition.downloader: Collected 14 / 60 pages
2026-06-28 03:22:04,668 [INFO] src.corpus_acquisition.downloader: Collected 16 / 60 pages
2026-06-28 03:22:06,768 [INFO] src.corpus_acquisition.downloader: Collected 18 / 60 pages
2026-06-28 03:22:08,869 [INFO] src.corpus_acquisition.downloader: Collected 19 / 60 pages
2026-06-28 03:22:15,150 [INFO] src.corpus_acquisition.downloader: Collected 20 / 60 pages
2026-06-28 03:22:21,489 [WARNING] src.corpus_acquisition.downloader: No new pages found after 3 attempts; stopping with 20 page(s).
2026-06-28 03:22:21,502 [INFO] src.corpus_acquisition.downloader: Downloading page 1 from https://t.prcdn.co/img?file=eaaj2025121600000000001001&page=1&scale=200
2026-06-28 03:22:21,565 [INFO] src.corpus_acquisition.downloader: Downloading page 2 from https://i.prcdn.co/img?file=eaaj2025121600000000001001&page=2&scale=200&ticket=AIk91ijmE6QNq%2B8xmuZsTt0%3D
2026-06-28 03:22:21,605 [INFO] src.corpus_acquisition.downloader: Downloading page 3 from https://i.prcdn.co/img?file=eaaj2025121600000000001001&page=3&scale=200&ticket=APtjXPS59LjjZ4bwPu6y9WU%3D
2026-06-28 03:22:22,187 [INFO] src.corpus_acquisition.downloader: Downloading page 4 from https://i.prcdn.co/img?file=eaaj2025121600000000001001&page=4&scale=200&ticket=AJPVVq2xXt%2Bzms9LFZ5N9oQ%3D
2026-06-28 03:22:22,354 [INFO] src.corpus_acquisition.downloader: Downloading page 5 from https://i.prcdn.co/img?file=eaaj2025121600000000001001&page=5&scale=200&ticket=AHHjC%2FgiWWElP2WVB62uHgM%3D
2026-06-28 03:22:22,425 [INFO] src.corpus_acquisition.downloader: Downloading page 6 from https://i.prcdn.co/img?file=eaaj2025121600000000001001&page=6&scale=200&ticket=AHVVWpna7C%2BD9X2alJDGYjo%3D
2026-06-28 03:22:23,375 [INFO] src.corpus_acquisition.downloader: Downloading page 7 from https://i.prcdn.co/img?file=eaaj2025121600000000001001&page=7&scale=200&ticket=AIhSkw%2B7Z27GLe93MHLjWC0%3D
2026-06-28 03:22:23,423 [INFO] src.corpus_acquisition.downloader: Downloading page 8 from https://i.prcdn.co/img?file=eaaj2025121600000000001001&page=8&scale=200&ticket=ADBVEljW7NMrtqSU3ucFm3I%3D
2026-06-28 03:22:24,194 [INFO] src.corpus_acquisition.downloader: Downloading page 9 from https://i.prcdn.co/img?file=eaaj2025121600000000001001&page=9&scale=200&ticket=AFJE0GQbq9lc0PbfIsi78bQ%3D
2026-06-28 03:22:24,790 [INFO] src.corpus_acquisition.downloader: Downloading page 10 from https://i.prcdn.co/img?file=eaaj2025121600000000001001&page=10&scale=200&ticket=AMj5ojt4PCq2ompHd9oCI%2F4%3D
2026-06-28 03:22:24,922 [INFO] src.corpus_acquisition.downloader: Downloading page 11 from https://i.prcdn.co/img?file=eaaj2025121600000000001001&page=11&scale=200&ticket=AB67EhBy0V0hwnGs5KOhuA0%3D
2026-06-28 03:22:25,669 [INFO] src.corpus_acquisition.downloader: Downloading page 12 from https://i.prcdn.co/img?file=eaaj2025121600000000001001&page=12&scale=200&ticket=ADjE8L29EDUl1fsWh65qXXY%3D
2026-06-28 03:22:26,262 [INFO] src.corpus_acquisition.downloader: Downloading page 13 from https://i.prcdn.co/img?file=eaaj2025121600000000001001&page=13&scale=200&ticket=AOUPKbwZgzBk1RYMI2ehvfk%3D
2026-06-28 03:22:26,773 [INFO] src.corpus_acquisition.downloader: Downloading page 14 from https://i.prcdn.co/img?file=eaaj2025121600000000001001&page=14&scale=200&ticket=AKe8fwSty6xi1DhMW6HPkjY%3D
2026-06-28 03:22:27,575 [INFO] src.corpus_acquisition.downloader: Downloading page 15 from https://i.prcdn.co/img?file=eaaj2025121600000000001001&page=15&scale=200&ticket=ABX1h9lSBDNqBPAvCDIZ3Jg%3D
2026-06-28 03:22:28,337 [INFO] src.corpus_acquisition.downloader: Downloading page 16 from https://i.prcdn.co/img?file=eaaj2025121600000000001001&page=16&scale=200&ticket=AF3bh9HEMTmZhYqi8sLLk6U%3D
2026-06-28 03:22:28,378 [INFO] src.corpus_acquisition.downloader: Downloading page 17 from https://i.prcdn.co/img?file=eaaj2025121600000000001001&page=17&scale=200&ticket=APS7LQD88i%2FAHXSqkl%2Fqyd0%3D
2026-06-28 03:22:28,535 [INFO] src.corpus_acquisition.downloader: Downloading page 18 from https://i.prcdn.co/img?file=eaaj2025121600000000001001&page=18&scale=200&ticket=AFvXM8uufk2NcRZbDYpudCU%3D
2026-06-28 03:22:29,420 [INFO] src.corpus_acquisition.downloader: Downloading page 19 from https://i.prcdn.co/img?file=eaaj2025121600000000001001&page=19&scale=200&ticket=ANjdrQGZvIubuYtQXyY%2B99I%3D
2026-06-28 03:22:30,122 [INFO] src.corpus_acquisition.downloader: Downloading page 20 from https://i.prcdn.co/img?file=eaaj2025121600000000001001&page=20&scale=200&ticket=AI0cKjh3207JViY0BSjDchM%3D
2026-06-28 03:22:31,138 [INFO] src.corpus_acquisition.metadata_extractor: Saved metadata for 20 page(s) -> data/raw/metadata/raw_metadata.parquet (total rows: 18732)
2026-06-28 03:22:31,142 [INFO] src.corpus_acquisition.metadata_extractor: Saved crawl log -> data/raw/crawl_logs/elcomercio_2025-12-16.json (status=success)
2026-06-28 03:22:35,975 [INFO] src.corpus_acquisition.downloader: Opening archive for elcomercio on 2025-12-17
2026-06-28 03:22:41,844 [INFO] src.corpus_acquisition.downloader: Collected 7 / 60 pages
2026-06-28 03:22:46,004 [INFO] src.corpus_acquisition.downloader: Collected 9 / 60 pages
2026-06-28 03:22:48,110 [INFO] src.corpus_acquisition.downloader: Collected 11 / 60 pages
2026-06-28 03:22:50,196 [INFO] src.corpus_acquisition.downloader: Collected 13 / 60 pages
2026-06-28 03:22:52,386 [INFO] src.corpus_acquisition.downloader: Collected 15 / 60 pages
2026-06-28 03:22:54,482 [INFO] src.corpus_acquisition.downloader: Collected 17 / 60 pages
2026-06-28 03:22:56,568 [INFO] src.corpus_acquisition.downloader: Collected 19 / 60 pages
2026-06-28 03:22:58,661 [INFO] src.corpus_acquisition.downloader: Collected 20 / 60 pages
2026-06-28 03:23:04,946 [WARNING] src.corpus_acquisition.downloader: No new pages found after 3 attempts; stopping with 20 page(s).
2026-06-28 03:23:04,963 [INFO] src.corpus_acquisition.downloader: Downloading page 1 from https://t.prcdn.co/img?file=eaaj2025121700000000001001&page=1&scale=200
2026-06-28 03:23:05,668 [INFO] src.corpus_acquisition.downloader: Downloading page 2 from https://i.prcdn.co/img?file=eaaj2025121700000000001001&page=2&scale=200&ticket=AMF55mlVb4rVbRQHap4M6v4%3D
2026-06-28 03:23:06,460 [INFO] src.corpus_acquisition.downloader: Downloading page 3 from https://i.prcdn.co/img?file=eaaj2025121700000000001001&page=3&scale=200&ticket=AILbV9DzU1NyDuORysOVfNM%3D
2026-06-28 03:23:06,520 [INFO] src.corpus_acquisition.downloader: Downloading page 4 from https://i.prcdn.co/img?file=eaaj2025121700000000001001&page=4&scale=200&ticket=AIOi6fa6YY09Kuyod2uOatA%3D
2026-06-28 03:23:07,312 [INFO] src.corpus_acquisition.downloader: Downloading page 5 from https://i.prcdn.co/img?file=eaaj2025121700000000001001&page=5&scale=200&ticket=AFIxAw1Y%2B49%2Boil1NGAsNF0%3D
2026-06-28 03:23:07,876 [INFO] src.corpus_acquisition.downloader: Downloading page 6 from https://i.prcdn.co/img?file=eaaj2025121700000000001001&page=6&scale=200&ticket=AAQHXjS3fj2%2FdQKRaKxY3Uw%3D
2026-06-28 03:23:08,826 [INFO] src.corpus_acquisition.downloader: Downloading page 7 from https://i.prcdn.co/img?file=eaaj2025121700000000001001&page=7&scale=200&ticket=AORNNoiYSvktYY%2F%2F87li%2Bsk%3D
2026-06-28 03:23:08,869 [INFO] src.corpus_acquisition.downloader: Downloading page 8 from https://i.prcdn.co/img?file=eaaj2025121700000000001001&page=8&scale=200&ticket=AHVK3BedUTpxlo9S85xJCd4%3D
2026-06-28 03:23:09,391 [INFO] src.corpus_acquisition.downloader: Downloading page 9 from https://i.prcdn.co/img?file=eaaj2025121700000000001001&page=9&scale=200&ticket=AEhM1RzV%2FuUK6j8fochzLNE%3D
2026-06-28 03:23:09,525 [INFO] src.corpus_acquisition.downloader: Downloading page 10 from https://i.prcdn.co/img?file=eaaj2025121700000000001001&page=10&scale=200&ticket=ALJNgWYaQZpUnPThaRkHooU%3D
2026-06-28 03:23:10,449 [INFO] src.corpus_acquisition.downloader: Downloading page 11 from https://i.prcdn.co/img?file=eaaj2025121700000000001001&page=11&scale=200&ticket=ADY3i6cp7PqgZqs1MC6Ua8g%3D
2026-06-28 03:23:10,492 [INFO] src.corpus_acquisition.downloader: Downloading page 12 from https://i.prcdn.co/img?file=eaaj2025121700000000001001&page=12&scale=200&ticket=AMusgaY8rj482WHv1QVlNKw%3D
2026-06-28 03:23:10,555 [INFO] src.corpus_acquisition.downloader: Downloading page 13 from https://i.prcdn.co/img?file=eaaj2025121700000000001001&page=13&scale=200&ticket=AA3JbZwo%2FCWTzDYlptrvRJM%3D
2026-06-28 03:23:10,593 [INFO] src.corpus_acquisition.downloader: Downloading page 14 from https://i.prcdn.co/img?file=eaaj2025121700000000001001&page=14&scale=200&ticket=AD4r4arfMR9e7mRIIaHVsTM%3D
2026-06-28 03:23:11,404 [INFO] src.corpus_acquisition.downloader: Downloading page 15 from https://i.prcdn.co/img?file=eaaj2025121700000000001001&page=15&scale=200&ticket=AMmlq%2Fs9QbPBO5BwFF%2F6PTA%3D
2026-06-28 03:23:11,538 [INFO] src.corpus_acquisition.downloader: Downloading page 16 from https://i.prcdn.co/img?file=eaaj2025121700000000001001&page=16&scale=200&ticket=ALyzU9TW1jyVlJER2XsKbPE%3D
2026-06-28 03:23:12,072 [INFO] src.corpus_acquisition.downloader: Downloading page 17 from https://i.prcdn.co/img?file=eaaj2025121700000000001001&page=17&scale=200&ticket=ACE%2Fwaw6zrN%2BNV0L89npO6I%3D
2026-06-28 03:23:12,141 [INFO] src.corpus_acquisition.downloader: Downloading page 18 from https://i.prcdn.co/img?file=eaaj2025121700000000001001&page=18&scale=200&ticket=AFur4ueTefm9%2BYnb6Z8j2DM%3D
2026-06-28 03:23:12,194 [INFO] src.corpus_acquisition.downloader: Downloading page 19 from https://i.prcdn.co/img?file=eaaj2025121700000000001001&page=19&scale=200&ticket=APMu52VvZq9JNCjM638ZgIA%3D
2026-06-28 03:23:13,096 [INFO] src.corpus_acquisition.downloader: Downloading page 20 from https://i.prcdn.co/img?file=eaaj2025121700000000001001&page=20&scale=200&ticket=ADMiBknSFP4IGYBLPGW7T4Y%3D
2026-06-28 03:23:13,624 [INFO] src.corpus_acquisition.metadata_extractor: Saved metadata for 20 page(s) -> data/raw/metadata/raw_metadata.parquet (total rows: 18752)
2026-06-28 03:23:13,626 [INFO] src.corpus_acquisition.metadata_extractor: Saved crawl log -> data/raw/crawl_logs/elcomercio_2025-12-17.json (status=success)
2026-06-28 03:23:18,452 [INFO] src.corpus_acquisition.downloader: Opening archive for elcomercio on 2025-12-18
2026-06-28 03:23:24,374 [INFO] src.corpus_acquisition.downloader: Collected 7 / 60 pages
2026-06-28 03:23:28,539 [INFO] src.corpus_acquisition.downloader: Collected 9 / 60 pages
2026-06-28 03:23:30,634 [INFO] src.corpus_acquisition.downloader: Collected 11 / 60 pages
2026-06-28 03:23:32,726 [INFO] src.corpus_acquisition.downloader: Collected 13 / 60 pages
2026-06-28 03:23:34,815 [INFO] src.corpus_acquisition.downloader: Collected 15 / 60 pages
2026-06-28 03:23:36,916 [INFO] src.corpus_acquisition.downloader: Collected 17 / 60 pages
2026-06-28 03:23:39,015 [INFO] src.corpus_acquisition.downloader: Collected 19 / 60 pages
2026-06-28 03:23:41,112 [INFO] src.corpus_acquisition.downloader: Collected 20 / 60 pages
2026-06-28 03:23:47,428 [WARNING] src.corpus_acquisition.downloader: No new pages found after 3 attempts; stopping with 20 page(s).
2026-06-28 03:23:47,559 [INFO] src.corpus_acquisition.downloader: Downloading page 1 from https://t.prcdn.co/img?file=eaaj2025121800000000001001&page=1&scale=200
2026-06-28 03:23:48,624 [INFO] src.corpus_acquisition.downloader: Downloading page 2 from https://i.prcdn.co/img?file=eaaj2025121800000000001001&page=2&scale=200&ticket=ALbMqZjImYhz3fV2%2Ba91pMY%3D
2026-06-28 03:23:48,773 [INFO] src.corpus_acquisition.downloader: Downloading page 3 from https://i.prcdn.co/img?file=eaaj2025121800000000001001&page=3&scale=200&ticket=AIoi7T4q86aC6dI2NE95aE4%3D
2026-06-28 03:23:49,422 [INFO] src.corpus_acquisition.downloader: Downloading page 4 from https://i.prcdn.co/img?file=eaaj2025121800000000001001&page=4&scale=200&ticket=AHUZAEDZ7wKdd97NCxul58Q%3D
2026-06-28 03:23:50,316 [INFO] src.corpus_acquisition.downloader: Downloading page 5 from https://i.prcdn.co/img?file=eaaj2025121800000000001001&page=5&scale=200&ticket=AKew8JJ6BbUgj02PcXlNO%2Fo%3D
2026-06-28 03:23:50,477 [INFO] src.corpus_acquisition.downloader: Downloading page 6 from https://i.prcdn.co/img?file=eaaj2025121800000000001001&page=6&scale=200&ticket=AE%2FKvatkC18FWcF8J8W1rDE%3D
2026-06-28 03:23:50,544 [INFO] src.corpus_acquisition.downloader: Downloading page 7 from https://i.prcdn.co/img?file=eaaj2025121800000000001001&page=7&scale=200&ticket=API6b86iDmC0zIahtkGB518%3D
2026-06-28 03:23:50,596 [INFO] src.corpus_acquisition.downloader: Downloading page 8 from https://i.prcdn.co/img?file=eaaj2025121800000000001001&page=8&scale=200&ticket=ACnETwu4EaYzPGf7MrUzvlk%3D
2026-06-28 03:23:52,208 [INFO] src.corpus_acquisition.downloader: Downloading page 9 from https://i.prcdn.co/img?file=eaaj2025121800000000001001&page=9&scale=200&ticket=AMw%2BODlmkg0PUNWU3b%2F2T5Q%3D
2026-06-28 03:23:53,465 [INFO] src.corpus_acquisition.downloader: Downloading page 10 from https://i.prcdn.co/img?file=eaaj2025121800000000001001&page=10&scale=200&ticket=APIDbYCc%2BuHOvmXlcm7D45w%3D
2026-06-28 03:23:54,925 [INFO] src.corpus_acquisition.downloader: Downloading page 11 from https://i.prcdn.co/img?file=eaaj2025121800000000001001&page=11&scale=200&ticket=AMSkE9lurdPQz4NObdIXufU%3D
2026-06-28 03:23:54,984 [INFO] src.corpus_acquisition.downloader: Downloading page 12 from https://i.prcdn.co/img?file=eaaj2025121800000000001001&page=12&scale=200&ticket=AGkHox2OLcP1rLaaVLIZ3uQ%3D
2026-06-28 03:23:55,081 [INFO] src.corpus_acquisition.downloader: Downloading page 13 from https://i.prcdn.co/img?file=eaaj2025121800000000001001&page=13&scale=200&ticket=AEy7S5Wd1vOrAYMqaNUiqp4%3D
2026-06-28 03:23:55,165 [INFO] src.corpus_acquisition.downloader: Downloading page 14 from https://i.prcdn.co/img?file=eaaj2025121800000000001001&page=14&scale=200&ticket=AMVIp%2BCluVZbiyZhvHrN4Oc%3D
2026-06-28 03:23:56,691 [INFO] src.corpus_acquisition.downloader: Downloading page 15 from https://i.prcdn.co/img?file=eaaj2025121800000000001001&page=15&scale=200&ticket=AAK6c3ADyvj2CAiZixXlR4o%3D
2026-06-28 03:23:56,746 [INFO] src.corpus_acquisition.downloader: Downloading page 16 from https://i.prcdn.co/img?file=eaaj2025121800000000001001&page=16&scale=200&ticket=ABCJJ5FRcXg2StVY1C2BXDo%3D
2026-06-28 03:23:56,806 [INFO] src.corpus_acquisition.downloader: Downloading page 17 from https://i.prcdn.co/img?file=eaaj2025121800000000001001&page=17&scale=200&ticket=AJ2MQ%2FL%2F%2F32U1SKFEiEFJhc%3D
2026-06-28 03:23:56,871 [INFO] src.corpus_acquisition.downloader: Downloading page 18 from https://i.prcdn.co/img?file=eaaj2025121800000000001001&page=18&scale=200&ticket=ADDBUGhzo06RIzv1Y%2Ba3d7Y%3D
2026-06-28 03:23:57,135 [INFO] src.corpus_acquisition.downloader: Downloading page 19 from https://i.prcdn.co/img?file=eaaj2025121800000000001001&page=19&scale=200&ticket=AMukfL%2BAIlEGKKMIBmrrF%2Fw%3D
2026-06-28 03:23:58,619 [INFO] src.corpus_acquisition.downloader: Downloading page 20 from https://i.prcdn.co/img?file=eaaj2025121800000000001001&page=20&scale=200&ticket=AKWf%2BPS95fo6xtKVc9dmx9A%3D
2026-06-28 03:23:59,363 [INFO] src.corpus_acquisition.metadata_extractor: Saved metadata for 20 page(s) -> data/raw/metadata/raw_metadata.parquet (total rows: 18772)
2026-06-28 03:23:59,366 [INFO] src.corpus_acquisition.metadata_extractor: Saved crawl log -> data/raw/crawl_logs/elcomercio_2025-12-18.json (status=success)
2026-06-28 03:24:05,521 [INFO] src.corpus_acquisition.downloader: Opening archive for elcomercio on 2025-12-19
2026-06-28 03:24:11,372 [INFO] src.corpus_acquisition.downloader: Collected 7 / 60 pages
2026-06-28 03:24:15,536 [INFO] src.corpus_acquisition.downloader: Collected 9 / 60 pages
2026-06-28 03:24:17,633 [INFO] src.corpus_acquisition.downloader: Collected 11 / 60 pages
2026-06-28 03:24:19,727 [INFO] src.corpus_acquisition.downloader: Collected 13 / 60 pages
2026-06-28 03:24:21,914 [INFO] src.corpus_acquisition.downloader: Collected 15 / 60 pages
2026-06-28 03:24:24,017 [INFO] src.corpus_acquisition.downloader: Collected 17 / 60 pages
2026-06-28 03:24:26,112 [INFO] src.corpus_acquisition.downloader: Collected 19 / 60 pages
2026-06-28 03:24:28,192 [INFO] src.corpus_acquisition.downloader: Collected 20 / 60 pages
2026-06-28 03:24:34,460 [WARNING] src.corpus_acquisition.downloader: No new pages found after 3 attempts; stopping with 20 page(s).
2026-06-28 03:24:34,473 [INFO] src.corpus_acquisition.downloader: Downloading page 1 from https://t.prcdn.co/img?file=eaaj2025121900000000001001&page=1&scale=200
2026-06-28 03:24:35,142 [INFO] src.corpus_acquisition.downloader: Downloading page 2 from https://i.prcdn.co/img?file=eaaj2025121900000000001001&page=2&scale=200&ticket=AF3khDclIRoSGVgEDnrB6dg%3D
2026-06-28 03:24:35,184 [INFO] src.corpus_acquisition.downloader: Downloading page 3 from https://i.prcdn.co/img?file=eaaj2025121900000000001001&page=3&scale=200&ticket=APflxn5rV%2BMmrdxjpyDQtIQ%3D
2026-06-28 03:24:35,825 [INFO] src.corpus_acquisition.downloader: Downloading page 4 from https://i.prcdn.co/img?file=eaaj2025121900000000001001&page=4&scale=200&ticket=AN0eNfCcpCuGcCtk3TfRdis%3D
2026-06-28 03:24:36,593 [INFO] src.corpus_acquisition.downloader: Downloading page 5 from https://i.prcdn.co/img?file=eaaj2025121900000000001001&page=5&scale=200&ticket=AIco9fy%2BVstTm192t2dFFeo%3D
2026-06-28 03:24:37,453 [INFO] src.corpus_acquisition.downloader: Downloading page 6 from https://i.prcdn.co/img?file=eaaj2025121900000000001001&page=6&scale=200&ticket=ADpVxzYxiqbOpbCWW2lzpuk%3D
2026-06-28 03:24:38,220 [INFO] src.corpus_acquisition.downloader: Downloading page 7 from https://i.prcdn.co/img?file=eaaj2025121900000000001001&page=7&scale=200&ticket=ABy32FmLREsFfqQ9Jotgt2M%3D
2026-06-28 03:24:38,740 [INFO] src.corpus_acquisition.downloader: Downloading page 8 from https://i.prcdn.co/img?file=eaaj2025121900000000001001&page=8&scale=200&ticket=AB86YWV54aeVBb5LfAQSGRI%3D
2026-06-28 03:24:38,780 [INFO] src.corpus_acquisition.downloader: Downloading page 9 from https://i.prcdn.co/img?file=eaaj2025121900000000001001&page=9&scale=200&ticket=ALw8oSrdTYZDpWwRgLLcqx4%3D
2026-06-28 03:24:39,867 [INFO] src.corpus_acquisition.downloader: Downloading page 10 from https://i.prcdn.co/img?file=eaaj2025121900000000001001&page=10&scale=200&ticket=ABuRJAZbBlbJNshJkoTfWK8%3D
2026-06-28 03:24:39,907 [INFO] src.corpus_acquisition.downloader: Downloading page 11 from https://i.prcdn.co/img?file=eaaj2025121900000000001001&page=11&scale=200&ticket=ADfxGOVOuOIMqA9X1guoneE%3D
2026-06-28 03:24:39,948 [INFO] src.corpus_acquisition.downloader: Downloading page 12 from https://i.prcdn.co/img?file=eaaj2025121900000000001001&page=12&scale=200&ticket=AFaCppt2gkTi8J6FLwAJsHM%3D
2026-06-28 03:24:40,737 [INFO] src.corpus_acquisition.downloader: Downloading page 13 from https://i.prcdn.co/img?file=eaaj2025121900000000001001&page=13&scale=200&ticket=ABc1x2vnNq%2BD13%2BVXSzJgeg%3D
2026-06-28 03:24:41,633 [INFO] src.corpus_acquisition.downloader: Downloading page 14 from https://i.prcdn.co/img?file=eaaj2025121900000000001001&page=14&scale=200&ticket=AI6FeGbZgBbmvHjp3%2B2QJnI%3D
2026-06-28 03:24:41,677 [INFO] src.corpus_acquisition.downloader: Downloading page 15 from https://i.prcdn.co/img?file=eaaj2025121900000000001001&page=15&scale=200&ticket=AFVmziEYknz%2BodUvkSctVnA%3D
2026-06-28 03:24:42,435 [INFO] src.corpus_acquisition.downloader: Downloading page 16 from https://i.prcdn.co/img?file=eaaj2025121900000000001001&page=16&scale=200&ticket=AD9VizcJp25lSAlndLmK0ys%3D
2026-06-28 03:24:43,275 [INFO] src.corpus_acquisition.downloader: Downloading page 17 from https://i.prcdn.co/img?file=eaaj2025121900000000001001&page=17&scale=200&ticket=ALtW7zwMzf2PwZGg3kZwNEc%3D
2026-06-28 03:24:44,378 [INFO] src.corpus_acquisition.downloader: Downloading page 18 from https://i.prcdn.co/img?file=eaaj2025121900000000001001&page=18&scale=200&ticket=AB4puii6LW5UN0vxsDCQwwk%3D
2026-06-28 03:24:44,986 [INFO] src.corpus_acquisition.downloader: Downloading page 19 from https://i.prcdn.co/img?file=eaaj2025121900000000001001&page=19&scale=200&ticket=ACoBht6bAnaz%2BtjYNJro5%2Fo%3D
2026-06-28 03:24:45,108 [INFO] src.corpus_acquisition.downloader: Downloading page 20 from https://i.prcdn.co/img?file=eaaj2025121900000000001001&page=20&scale=200&ticket=AGNBt91%2BaMn6eR04XlIEtlo%3D
2026-06-28 03:24:45,986 [INFO] src.corpus_acquisition.metadata_extractor: Saved metadata for 20 page(s) -> data/raw/metadata/raw_metadata.parquet (total rows: 18792)
2026-06-28 03:24:45,988 [INFO] src.corpus_acquisition.metadata_extractor: Saved crawl log -> data/raw/crawl_logs/elcomercio_2025-12-19.json (status=success)
2026-06-28 03:24:52,673 [INFO] src.corpus_acquisition.downloader: Opening archive for elcomercio on 2025-12-20
2026-06-28 03:24:58,539 [INFO] src.corpus_acquisition.downloader: Collected 7 / 60 pages
2026-06-28 03:25:02,706 [INFO] src.corpus_acquisition.downloader: Collected 9 / 60 pages
2026-06-28 03:25:04,795 [INFO] src.corpus_acquisition.downloader: Collected 11 / 60 pages
2026-06-28 03:25:06,890 [INFO] src.corpus_acquisition.downloader: Collected 13 / 60 pages
2026-06-28 03:25:09,075 [INFO] src.corpus_acquisition.downloader: Collected 15 / 60 pages
2026-06-28 03:25:11,161 [INFO] src.corpus_acquisition.downloader: Collected 17 / 60 pages
2026-06-28 03:25:13,248 [INFO] src.corpus_acquisition.downloader: Collected 19 / 60 pages
2026-06-28 03:25:15,342 [INFO] src.corpus_acquisition.downloader: Collected 21 / 60 pages
2026-06-28 03:25:17,426 [INFO] src.corpus_acquisition.downloader: Collected 23 / 60 pages
2026-06-28 03:25:19,509 [INFO] src.corpus_acquisition.downloader: Collected 24 / 60 pages
2026-06-28 03:25:25,780 [WARNING] src.corpus_acquisition.downloader: No new pages found after 3 attempts; stopping with 24 page(s).
2026-06-28 03:25:25,797 [INFO] src.corpus_acquisition.downloader: Downloading page 1 from https://t.prcdn.co/img?file=eaaj2025122000000000001001&page=1&scale=200
2026-06-28 03:25:26,645 [INFO] src.corpus_acquisition.downloader: Downloading page 2 from https://i.prcdn.co/img?file=eaaj2025122000000000001001&page=2&scale=200&ticket=AP3caGrNETwSUklkX8EpHoI%3D
2026-06-28 03:25:27,700 [INFO] src.corpus_acquisition.downloader: Downloading page 3 from https://i.prcdn.co/img?file=eaaj2025122000000000001001&page=3&scale=200&ticket=ALQcUVT1RKXqVCpfVX9eIug%3D
2026-06-28 03:25:28,866 [INFO] src.corpus_acquisition.downloader: Downloading page 4 from https://i.prcdn.co/img?file=eaaj2025122000000000001001&page=4&scale=200&ticket=AOP6KkhlbfFerngWsfEkId8%3D
2026-06-28 03:25:29,725 [INFO] src.corpus_acquisition.downloader: Downloading page 5 from https://i.prcdn.co/img?file=eaaj2025122000000000001001&page=5&scale=200&ticket=AF1Xus%2FPVEbRnocC0l7YLmg%3D
2026-06-28 03:25:30,214 [INFO] src.corpus_acquisition.downloader: Downloading page 6 from https://i.prcdn.co/img?file=eaaj2025122000000000001001&page=6&scale=200&ticket=AEli0OnXGEGZ35F9FFyzd7s%3D
2026-06-28 03:25:32,143 [INFO] src.corpus_acquisition.downloader: Downloading page 7 from https://i.prcdn.co/img?file=eaaj2025122000000000001001&page=7&scale=200&ticket=AIjfusge6Z8xeGYfP0XHeis%3D
2026-06-28 03:25:32,904 [INFO] src.corpus_acquisition.downloader: Downloading page 8 from https://i.prcdn.co/img?file=eaaj2025122000000000001001&page=8&scale=200&ticket=AIvONWJGu3U613UPXbpqHjE%3D
2026-06-28 03:25:33,547 [INFO] src.corpus_acquisition.downloader: Downloading page 9 from https://i.prcdn.co/img?file=eaaj2025122000000000001001&page=9&scale=200&ticket=AOewg5M6hbieAMlwBo3zbBI%3D
2026-06-28 03:25:34,312 [INFO] src.corpus_acquisition.downloader: Downloading page 10 from https://i.prcdn.co/img?file=eaaj2025122000000000001001&page=10&scale=200&ticket=AI7kB7JKxK2huqcRFhuwcNc%3D
2026-06-28 03:25:35,165 [INFO] src.corpus_acquisition.downloader: Downloading page 11 from https://i.prcdn.co/img?file=eaaj2025122000000000001001&page=11&scale=200&ticket=AGT2irpDijg2kMJT3FjuxIA%3D
2026-06-28 03:25:36,383 [INFO] src.corpus_acquisition.downloader: Downloading page 12 from https://i.prcdn.co/img?file=eaaj2025122000000000001001&page=12&scale=200&ticket=AMmGM5tSfd4wlRZcQFxASGs%3D
2026-06-28 03:25:36,957 [INFO] src.corpus_acquisition.downloader: Downloading page 13 from https://i.prcdn.co/img?file=eaaj2025122000000000001001&page=13&scale=200&ticket=AGocjsIM0KraGJcwbKKcFkY%3D
2026-06-28 03:25:38,156 [INFO] src.corpus_acquisition.downloader: Downloading page 14 from https://i.prcdn.co/img?file=eaaj2025122000000000001001&page=14&scale=200&ticket=AAYIM4z4ZYiah9Nyjnm4BY8%3D
2026-06-28 03:25:39,042 [INFO] src.corpus_acquisition.downloader: Downloading page 15 from https://i.prcdn.co/img?file=eaaj2025122000000000001001&page=15&scale=200&ticket=AEUT3TF1eO85vi06ottpRRY%3D
2026-06-28 03:25:39,520 [INFO] src.corpus_acquisition.downloader: Downloading page 16 from https://i.prcdn.co/img?file=eaaj2025122000000000001001&page=16&scale=200&ticket=AJmWs6frSv81%2BfJDv7ns5aA%3D
2026-06-28 03:25:40,313 [INFO] src.corpus_acquisition.downloader: Downloading page 17 from https://i.prcdn.co/img?file=eaaj2025122000000000001001&page=17&scale=200&ticket=AGGI3%2BTUILqYZHn0jAwHKk0%3D
2026-06-28 03:25:41,106 [INFO] src.corpus_acquisition.downloader: Downloading page 18 from https://i.prcdn.co/img?file=eaaj2025122000000000001001&page=18&scale=200&ticket=AJl3kdrl9PtFXK1sq0zvgi0%3D
2026-06-28 03:25:41,953 [INFO] src.corpus_acquisition.downloader: Downloading page 19 from https://i.prcdn.co/img?file=eaaj2025122000000000001001&page=19&scale=200&ticket=AOtl9fSIgBBB2TT0stRJUQk%3D
2026-06-28 03:25:42,626 [INFO] src.corpus_acquisition.downloader: Downloading page 20 from https://i.prcdn.co/img?file=eaaj2025122000000000001001&page=20&scale=200&ticket=AIzjX2tyQAMFDe4aFv0HyOU%3D
2026-06-28 03:25:43,488 [INFO] src.corpus_acquisition.downloader: Downloading page 21 from https://i.prcdn.co/img?file=eaaj2025122000000000001001&page=21&scale=200&ticket=ABLRWrULmvjnsSz48u2vJhU%3D
2026-06-28 03:25:44,103 [INFO] src.corpus_acquisition.downloader: Downloading page 22 from https://i.prcdn.co/img?file=eaaj2025122000000000001001&page=22&scale=200&ticket=AAqCac1g8lXQq9JTJxTrIdc%3D
2026-06-28 03:25:45,162 [INFO] src.corpus_acquisition.downloader: Downloading page 23 from https://i.prcdn.co/img?file=eaaj2025122000000000001001&page=23&scale=200&ticket=ALgyE8ESBmD88E%2BRjKKIcP4%3D
2026-06-28 03:25:46,000 [INFO] src.corpus_acquisition.downloader: Downloading page 24 from https://i.prcdn.co/img?file=eaaj2025122000000000001001&page=24&scale=200&ticket=AD2Pf%2FqPuxen7Cwnyt9l77A%3D
2026-06-28 03:25:47,098 [INFO] src.corpus_acquisition.metadata_extractor: Saved metadata for 24 page(s) -> data/raw/metadata/raw_metadata.parquet (total rows: 18816)
2026-06-28 03:25:47,100 [INFO] src.corpus_acquisition.metadata_extractor: Saved crawl log -> data/raw/crawl_logs/elcomercio_2025-12-20.json (status=success)
2026-06-28 03:25:53,475 [INFO] src.corpus_acquisition.downloader: Opening archive for elcomercio on 2025-12-21
2026-06-28 03:25:59,351 [INFO] src.corpus_acquisition.downloader: Collected 7 / 60 pages
2026-06-28 03:26:03,518 [INFO] src.corpus_acquisition.downloader: Collected 9 / 60 pages
2026-06-28 03:26:05,614 [INFO] src.corpus_acquisition.downloader: Collected 11 / 60 pages
2026-06-28 03:26:07,701 [INFO] src.corpus_acquisition.downloader: Collected 13 / 60 pages
2026-06-28 03:26:09,891 [INFO] src.corpus_acquisition.downloader: Collected 15 / 60 pages
2026-06-28 03:26:11,993 [INFO] src.corpus_acquisition.downloader: Collected 17 / 60 pages
2026-06-28 03:26:14,092 [INFO] src.corpus_acquisition.downloader: Collected 19 / 60 pages
2026-06-28 03:26:16,189 [INFO] src.corpus_acquisition.downloader: Collected 21 / 60 pages
2026-06-28 03:26:18,272 [INFO] src.corpus_acquisition.downloader: Collected 23 / 60 pages
2026-06-28 03:26:20,357 [INFO] src.corpus_acquisition.downloader: Collected 25 / 60 pages
2026-06-28 03:26:22,437 [INFO] src.corpus_acquisition.downloader: Collected 27 / 60 pages
2026-06-28 03:26:24,523 [INFO] src.corpus_acquisition.downloader: Collected 29 / 60 pages
2026-06-28 03:26:26,606 [INFO] src.corpus_acquisition.downloader: Collected 31 / 60 pages
2026-06-28 03:26:28,689 [INFO] src.corpus_acquisition.downloader: Collected 33 / 60 pages
2026-06-28 03:26:30,776 [INFO] src.corpus_acquisition.downloader: Collected 35 / 60 pages
2026-06-28 03:26:32,872 [INFO] src.corpus_acquisition.downloader: Collected 37 / 60 pages
2026-06-28 03:26:34,964 [INFO] src.corpus_acquisition.downloader: Collected 39 / 60 pages
2026-06-28 03:26:37,063 [INFO] src.corpus_acquisition.downloader: Collected 41 / 60 pages
2026-06-28 03:26:39,158 [INFO] src.corpus_acquisition.downloader: Collected 43 / 60 pages
2026-06-28 03:26:41,261 [INFO] src.corpus_acquisition.downloader: Collected 45 / 60 pages
2026-06-28 03:26:43,361 [INFO] src.corpus_acquisition.downloader: Collected 47 / 60 pages
2026-06-28 03:26:45,462 [INFO] src.corpus_acquisition.downloader: Collected 48 / 60 pages
2026-06-28 03:26:51,757 [WARNING] src.corpus_acquisition.downloader: No new pages found after 3 attempts; stopping with 48 page(s).
2026-06-28 03:26:51,771 [INFO] src.corpus_acquisition.downloader: Downloading page 1 from https://t.prcdn.co/img?file=eaaj2025122100000000001001&page=1&scale=200
2026-06-28 03:26:52,909 [INFO] src.corpus_acquisition.downloader: Downloading page 2 from https://i.prcdn.co/img?file=eaaj2025122100000000001001&page=2&scale=200&ticket=AAcxAk7FBnFshcCgex8tMxs%3D
2026-06-28 03:26:53,738 [INFO] src.corpus_acquisition.downloader: Downloading page 3 from https://i.prcdn.co/img?file=eaaj2025122100000000001001&page=3&scale=200&ticket=AHCCyXCiXbI97EXum0E3Juk%3D
2026-06-28 03:26:54,905 [INFO] src.corpus_acquisition.downloader: Downloading page 4 from https://i.prcdn.co/img?file=eaaj2025122100000000001001&page=4&scale=200&ticket=AJeTQxoRSQTj1V4GcJEx10s%3D
2026-06-28 03:26:55,588 [INFO] src.corpus_acquisition.downloader: Downloading page 5 from https://i.prcdn.co/img?file=eaaj2025122100000000001001&page=5&scale=200&ticket=ABHxgd8XSC8DDRCLcU933UE%3D
2026-06-28 03:26:56,607 [INFO] src.corpus_acquisition.downloader: Downloading page 6 from https://i.prcdn.co/img?file=eaaj2025122100000000001001&page=6&scale=200&ticket=ALW7i8e610NjgNKiAQm6GBc%3D
2026-06-28 03:26:58,530 [INFO] src.corpus_acquisition.downloader: Downloading page 7 from https://i.prcdn.co/img?file=eaaj2025122100000000001001&page=7&scale=200&ticket=AF58SdeYuw6Rn6CkCLCLsQo%3D
2026-06-28 03:26:59,064 [INFO] src.corpus_acquisition.downloader: Downloading page 8 from https://i.prcdn.co/img?file=eaaj2025122100000000001001&page=8&scale=200&ticket=AHDZuru0NHNkWnQ3g3zs%2BF4%3D
2026-06-28 03:26:59,709 [INFO] src.corpus_acquisition.downloader: Downloading page 9 from https://i.prcdn.co/img?file=eaaj2025122100000000001001&page=9&scale=200&ticket=AOMiz3ctgwXMZNzf6yY4tE4%3D
2026-06-28 03:27:00,562 [INFO] src.corpus_acquisition.downloader: Downloading page 10 from https://i.prcdn.co/img?file=eaaj2025122100000000001001&page=10&scale=200&ticket=AL2qeeZxOB1QFDKwZKuZ8ec%3D
2026-06-28 03:27:01,720 [INFO] src.corpus_acquisition.downloader: Downloading page 11 from https://i.prcdn.co/img?file=eaaj2025122100000000001001&page=11&scale=200&ticket=ABfKhLwkFMXh3Hs6N3ElENk%3D
2026-06-28 03:27:02,326 [INFO] src.corpus_acquisition.downloader: Downloading page 12 from https://i.prcdn.co/img?file=eaaj2025122100000000001001&page=12&scale=200&ticket=ACV0%2FjSVsjTOigu%2Blx%2BYbVI%3D
2026-06-28 03:27:02,958 [INFO] src.corpus_acquisition.downloader: Downloading page 13 from https://i.prcdn.co/img?file=eaaj2025122100000000001001&page=13&scale=200&ticket=APYH%2FUOVcL9tAX2%2BeiHd%2BFY%3D
2026-06-28 03:27:03,489 [INFO] src.corpus_acquisition.downloader: Downloading page 14 from https://i.prcdn.co/img?file=eaaj2025122100000000001001&page=14&scale=200&ticket=ANMBZLaOUGMN2ZoSXGfh%2FJc%3D
2026-06-28 03:27:04,085 [INFO] src.corpus_acquisition.downloader: Downloading page 15 from https://i.prcdn.co/img?file=eaaj2025122100000000001001&page=15&scale=200&ticket=AMWTr2H5%2FLCJotav%2F4%2Fv9Uc%3D
2026-06-28 03:27:04,652 [INFO] src.corpus_acquisition.downloader: Downloading page 16 from https://i.prcdn.co/img?file=eaaj2025122100000000001001&page=16&scale=200&ticket=AMyUWDKYgECj2qyVw%2BGLQ0A%3D
2026-06-28 03:27:05,426 [INFO] src.corpus_acquisition.downloader: Downloading page 17 from https://i.prcdn.co/img?file=eaaj2025122100000000001001&page=17&scale=200&ticket=AKuCmoyzdCPq3a68bVtURAQ%3D
2026-06-28 03:27:06,289 [INFO] src.corpus_acquisition.downloader: Downloading page 18 from https://i.prcdn.co/img?file=eaaj2025122100000000001001&page=18&scale=200&ticket=ADV50uYLri13NQG2kbKLeHM%3D
2026-06-28 03:27:06,871 [INFO] src.corpus_acquisition.downloader: Downloading page 19 from https://i.prcdn.co/img?file=eaaj2025122100000000001001&page=19&scale=200&ticket=AMI9fo0gZSORAOfrvoaXpvQ%3D
2026-06-28 03:27:07,517 [INFO] src.corpus_acquisition.downloader: Downloading page 20 from https://i.prcdn.co/img?file=eaaj2025122100000000001001&page=20&scale=200&ticket=AGFE6BuLYFJ8S1Xx6%2FCPlPg%3D
2026-06-28 03:27:08,179 [INFO] src.corpus_acquisition.downloader: Downloading page 21 from https://i.prcdn.co/img?file=eaaj2025122100000000001001&page=21&scale=200&ticket=ACyZEs5GOSY%2FhGiuPpG4xGY%3D
2026-06-28 03:27:09,078 [INFO] src.corpus_acquisition.downloader: Downloading page 22 from https://i.prcdn.co/img?file=eaaj2025122100000000001001&page=22&scale=200&ticket=APAgezCrzOYBila25KypPr0%3D
2026-06-28 03:27:10,096 [INFO] src.corpus_acquisition.downloader: Downloading page 23 from https://i.prcdn.co/img?file=eaaj2025122100000000001001&page=23&scale=200&ticket=ALyUwUo687xTmH34KZpkAmQ%3D
2026-06-28 03:27:11,351 [INFO] src.corpus_acquisition.downloader: Downloading page 24 from https://i.prcdn.co/img?file=eaaj2025122100000000001001&page=24&scale=200&ticket=AAcb3BeLcddrYC6HE7%2BIhG4%3D
2026-06-28 03:27:12,135 [INFO] src.corpus_acquisition.downloader: Downloading page 25 from https://i.prcdn.co/img?file=eaaj2025122100000000001001&page=25&scale=200&ticket=ADQQfDZh12yck%2FHu68Z7WxM%3D
2026-06-28 03:27:12,902 [INFO] src.corpus_acquisition.downloader: Downloading page 26 from https://i.prcdn.co/img?file=eaaj2025122100000000001001&page=26&scale=200&ticket=AO6OREF2na%2F6ywkRhekqriQ%3D
2026-06-28 03:27:13,377 [INFO] src.corpus_acquisition.downloader: Downloading page 27 from https://i.prcdn.co/img?file=eaaj2025122100000000001001&page=27&scale=200&ticket=AKxvo3LUepIhECChSVrpKas%3D
2026-06-28 03:27:14,714 [INFO] src.corpus_acquisition.downloader: Downloading page 28 from https://i.prcdn.co/img?file=eaaj2025122100000000001001&page=28&scale=200&ticket=AKQ4stLYa2UVI0D1SlfZCbs%3D
2026-06-28 03:27:15,423 [INFO] src.corpus_acquisition.downloader: Downloading page 29 from https://i.prcdn.co/img?file=eaaj2025122100000000001001&page=29&scale=200&ticket=APU1gtlnG%2BfeCUgwntO%2BEWs%3D
2026-06-28 03:27:16,444 [INFO] src.corpus_acquisition.downloader: Downloading page 30 from https://i.prcdn.co/img?file=eaaj2025122100000000001001&page=30&scale=200&ticket=AJS0PyteHPYpJi1uNRDMl5I%3D
2026-06-28 03:27:17,288 [INFO] src.corpus_acquisition.downloader: Downloading page 31 from https://i.prcdn.co/img?file=eaaj2025122100000000001001&page=31&scale=200&ticket=AGc0jQknGOKx37SBiCbq0ag%3D
2026-06-28 03:27:18,087 [INFO] src.corpus_acquisition.downloader: Downloading page 32 from https://i.prcdn.co/img?file=eaaj2025122100000000001001&page=32&scale=200&ticket=AJZJj1xumdiHTSiKBYHbWkM%3D
2026-06-28 03:27:18,739 [INFO] src.corpus_acquisition.downloader: Downloading page 33 from https://i.prcdn.co/img?file=eaaj2025122100000000001001&page=33&scale=200&ticket=AEaVOyWyIx3HkZR7UPjTJ%2BY%3D
2026-06-28 03:27:19,460 [INFO] src.corpus_acquisition.downloader: Downloading page 34 from https://i.prcdn.co/img?file=eaaj2025122100000000001001&page=34&scale=200&ticket=AJbCPuvaucD3zEMoYuHVOw8%3D
2026-06-28 03:27:20,109 [INFO] src.corpus_acquisition.downloader: Downloading page 35 from https://i.prcdn.co/img?file=eaaj2025122100000000001001&page=35&scale=200&ticket=ADKdnYwEeYqSZughF8YsldA%3D
2026-06-28 03:27:20,998 [INFO] src.corpus_acquisition.downloader: Downloading page 36 from https://i.prcdn.co/img?file=eaaj2025122100000000001001&page=36&scale=200&ticket=AGqhebmSlL8zMRwFig4iSqk%3D
2026-06-28 03:27:21,674 [INFO] src.corpus_acquisition.downloader: Downloading page 37 from https://i.prcdn.co/img?file=eaaj2025122100000000001001&page=37&scale=200&ticket=AG47PHL6iffVaPfImaXM9Do%3D
2026-06-28 03:27:22,398 [INFO] src.corpus_acquisition.downloader: Downloading page 38 from https://i.prcdn.co/img?file=eaaj2025122100000000001001&page=38&scale=200&ticket=AECEkw37vm%2Bs6%2Byg1jFdR9g%3D
2026-06-28 03:27:23,033 [INFO] src.corpus_acquisition.downloader: Downloading page 39 from https://i.prcdn.co/img?file=eaaj2025122100000000001001&page=39&scale=200&ticket=AEaTCZFa1WZinGMYl803hSU%3D
2026-06-28 03:27:23,703 [INFO] src.corpus_acquisition.downloader: Downloading page 40 from https://i.prcdn.co/img?file=eaaj2025122100000000001001&page=40&scale=200&ticket=AJgfOuTBu9Kpl0rZGJtU%2FPE%3D
2026-06-28 03:27:24,379 [INFO] src.corpus_acquisition.downloader: Downloading page 41 from https://i.prcdn.co/img?file=eaaj2025122100000000001001&page=41&scale=200&ticket=AI7WO5mIx4nZhwcC9jTw%2Fzg%3D
2026-06-28 03:27:25,173 [INFO] src.corpus_acquisition.downloader: Downloading page 42 from https://i.prcdn.co/img?file=eaaj2025122100000000001001&page=42&scale=200&ticket=AL9H4hzd7iXk2y80pXd8J8U%3D
2026-06-28 03:27:26,029 [INFO] src.corpus_acquisition.downloader: Downloading page 43 from https://i.prcdn.co/img?file=eaaj2025122100000000001001&page=43&scale=200&ticket=ALgX5YqlYre5cg2RzhRpY%2BU%3D
2026-06-28 03:27:27,058 [INFO] src.corpus_acquisition.downloader: Downloading page 44 from https://i.prcdn.co/img?file=eaaj2025122100000000001001&page=44&scale=200&ticket=ANuuN9J7J1DUvPx8GC1%2F2Fw%3D
2026-06-28 03:27:27,651 [INFO] src.corpus_acquisition.downloader: Downloading page 45 from https://i.prcdn.co/img?file=eaaj2025122100000000001001&page=45&scale=200&ticket=AMxpr7hriOeSMVCv9FWePDE%3D
2026-06-28 03:27:28,207 [INFO] src.corpus_acquisition.downloader: Downloading page 46 from https://i.prcdn.co/img?file=eaaj2025122100000000001001&page=46&scale=200&ticket=AJUdD0pJlVP2B%2FxEMl9br%2FQ%3D
2026-06-28 03:27:28,778 [INFO] src.corpus_acquisition.downloader: Downloading page 47 from https://i.prcdn.co/img?file=eaaj2025122100000000001001&page=47&scale=200&ticket=AMk5Py24dsyZlolv4S%2BG0Hc%3D
2026-06-28 03:27:29,196 [INFO] src.corpus_acquisition.downloader: Downloading page 48 from https://i.prcdn.co/img?file=eaaj2025122100000000001001&page=48&scale=200&ticket=AKnf2cVBlgvHNJG1K1IiKgs%3D
2026-06-28 03:27:30,171 [INFO] src.corpus_acquisition.metadata_extractor: Saved metadata for 48 page(s) -> data/raw/metadata/raw_metadata.parquet (total rows: 18864)
2026-06-28 03:27:30,174 [INFO] src.corpus_acquisition.metadata_extractor: Saved crawl log -> data/raw/crawl_logs/elcomercio_2025-12-21.json (status=success)
2026-06-28 03:27:35,554 [INFO] src.corpus_acquisition.downloader: Opening archive for elcomercio on 2025-12-22
2026-06-28 03:27:42,019 [INFO] src.corpus_acquisition.downloader: Collected 7 / 60 pages
2026-06-28 03:27:46,277 [INFO] src.corpus_acquisition.downloader: Collected 9 / 60 pages
2026-06-28 03:27:48,369 [INFO] src.corpus_acquisition.downloader: Collected 11 / 60 pages
2026-06-28 03:27:50,448 [INFO] src.corpus_acquisition.downloader: Collected 13 / 60 pages
2026-06-28 03:27:52,637 [INFO] src.corpus_acquisition.downloader: Collected 15 / 60 pages
2026-06-28 03:27:54,746 [INFO] src.corpus_acquisition.downloader: Collected 17 / 60 pages
2026-06-28 03:27:56,839 [INFO] src.corpus_acquisition.downloader: Collected 19 / 60 pages
2026-06-28 03:27:58,931 [INFO] src.corpus_acquisition.downloader: Collected 21 / 60 pages
2026-06-28 03:28:01,020 [INFO] src.corpus_acquisition.downloader: Collected 23 / 60 pages
2026-06-28 03:28:03,108 [INFO] src.corpus_acquisition.downloader: Collected 25 / 60 pages
2026-06-28 03:28:05,200 [INFO] src.corpus_acquisition.downloader: Collected 27 / 60 pages
2026-06-28 03:28:07,288 [INFO] src.corpus_acquisition.downloader: Collected 29 / 60 pages
2026-06-28 03:28:09,393 [INFO] src.corpus_acquisition.downloader: Collected 31 / 60 pages
2026-06-28 03:28:11,499 [INFO] src.corpus_acquisition.downloader: Collected 32 / 60 pages
2026-06-28 03:28:17,805 [WARNING] src.corpus_acquisition.downloader: No new pages found after 3 attempts; stopping with 32 page(s).
2026-06-28 03:28:17,822 [INFO] src.corpus_acquisition.downloader: Downloading page 1 from https://t.prcdn.co/img?file=eaaj2025122200000000001001&page=1&scale=200
2026-06-28 03:28:18,483 [INFO] src.corpus_acquisition.downloader: Downloading page 2 from https://i.prcdn.co/img?file=eaaj2025122200000000001001&page=2&scale=200&ticket=AMDo%2FNzJW2af59%2FRdFfd2SQ%3D
2026-06-28 03:28:18,958 [INFO] src.corpus_acquisition.downloader: Downloading page 3 from https://i.prcdn.co/img?file=eaaj2025122200000000001001&page=3&scale=200&ticket=AO5UwtBb5dy833PdVTfprN4%3D
2026-06-28 03:28:20,824 [INFO] src.corpus_acquisition.downloader: Downloading page 4 from https://i.prcdn.co/img?file=eaaj2025122200000000001001&page=4&scale=200&ticket=ADeeDgKLclU9lIqrg0ICUig%3D
2026-06-28 03:28:21,830 [INFO] src.corpus_acquisition.downloader: Downloading page 5 from https://i.prcdn.co/img?file=eaaj2025122200000000001001&page=5&scale=200&ticket=AGmh%2BQ0OIjYI75RylvFLxec%3D
2026-06-28 03:28:22,405 [INFO] src.corpus_acquisition.downloader: Downloading page 6 from https://i.prcdn.co/img?file=eaaj2025122200000000001001&page=6&scale=200&ticket=AJ8tRf1uLf8Mg%2FBUI0U4QIw%3D
2026-06-28 03:28:23,748 [INFO] src.corpus_acquisition.downloader: Downloading page 7 from https://i.prcdn.co/img?file=eaaj2025122200000000001001&page=7&scale=200&ticket=AOKjeCE%2BfX4AsEG0gKhjI6k%3D
2026-06-28 03:28:24,303 [INFO] src.corpus_acquisition.downloader: Downloading page 8 from https://i.prcdn.co/img?file=eaaj2025122200000000001001&page=8&scale=200&ticket=AI2txiSbAW0rVRJfV5O%2FQ7Q%3D
2026-06-28 03:28:25,069 [INFO] src.corpus_acquisition.downloader: Downloading page 9 from https://i.prcdn.co/img?file=eaaj2025122200000000001001&page=9&scale=200&ticket=ALSyqGXPmsQI9wyBCXDZbxA%3D
2026-06-28 03:28:25,953 [INFO] src.corpus_acquisition.downloader: Downloading page 10 from https://i.prcdn.co/img?file=eaaj2025122200000000001001&page=10&scale=200&ticket=AAETDirjow4k7mQi0rceDeQ%3D
2026-06-28 03:28:26,754 [INFO] src.corpus_acquisition.downloader: Downloading page 11 from https://i.prcdn.co/img?file=eaaj2025122200000000001001&page=11&scale=200&ticket=AApNcdr1NOht%2BpFEQwO6SWU%3D
2026-06-28 03:28:27,499 [INFO] src.corpus_acquisition.downloader: Downloading page 12 from https://i.prcdn.co/img?file=eaaj2025122200000000001001&page=12&scale=200&ticket=AKtiwLtERDrkrLGrR3otozs%3D
2026-06-28 03:28:28,457 [INFO] src.corpus_acquisition.downloader: Downloading page 13 from https://i.prcdn.co/img?file=eaaj2025122200000000001001&page=13&scale=200&ticket=AJf%2BIvilRau2abgGo9nXJfE%3D
2026-06-28 03:28:29,011 [INFO] src.corpus_acquisition.downloader: Downloading page 14 from https://i.prcdn.co/img?file=eaaj2025122200000000001001&page=14&scale=200&ticket=AC1IjFwjGptv86s1EISKq2c%3D
2026-06-28 03:28:29,782 [INFO] src.corpus_acquisition.downloader: Downloading page 15 from https://i.prcdn.co/img?file=eaaj2025122200000000001001&page=15&scale=200&ticket=ACvMmaggzmpkYpy9q7u2F54%3D
2026-06-28 03:28:30,883 [INFO] src.corpus_acquisition.downloader: Downloading page 16 from https://i.prcdn.co/img?file=eaaj2025122200000000001001&page=16&scale=200&ticket=ADtErFOpY1mp43d0pVatzZw%3D
2026-06-28 03:28:31,631 [INFO] src.corpus_acquisition.downloader: Downloading page 17 from https://i.prcdn.co/img?file=eaaj2025122200000000001001&page=17&scale=200&ticket=AI%2BVPKFyXcvPxTEXMvTKOlQ%3D
2026-06-28 03:28:32,265 [INFO] src.corpus_acquisition.downloader: Downloading page 18 from https://i.prcdn.co/img?file=eaaj2025122200000000001001&page=18&scale=200&ticket=ANjkfWoJNmgizmYQYqk04Pk%3D
2026-06-28 03:28:32,877 [INFO] src.corpus_acquisition.downloader: Downloading page 19 from https://i.prcdn.co/img?file=eaaj2025122200000000001001&page=19&scale=200&ticket=AGfVMC8mTijBw14dpiJidA8%3D
2026-06-28 03:28:33,736 [INFO] src.corpus_acquisition.downloader: Downloading page 20 from https://i.prcdn.co/img?file=eaaj2025122200000000001001&page=20&scale=200&ticket=AKMKKcdbFfTSIc6RGIjUOmU%3D
2026-06-28 03:28:34,318 [INFO] src.corpus_acquisition.downloader: Downloading page 21 from https://i.prcdn.co/img?file=eaaj2025122200000000001001&page=21&scale=200&ticket=AAGO7TDr1MqjL5y04Y5bzwM%3D
2026-06-28 03:28:35,031 [INFO] src.corpus_acquisition.downloader: Downloading page 22 from https://i.prcdn.co/img?file=eaaj2025122200000000001001&page=22&scale=200&ticket=ACGE6a6ho9vfYpwI7Cn1fqs%3D
2026-06-28 03:28:35,879 [INFO] src.corpus_acquisition.downloader: Downloading page 23 from https://i.prcdn.co/img?file=eaaj2025122200000000001001&page=23&scale=200&ticket=AAkUp5Zdjwy90FnOECFrnVk%3D
2026-06-28 03:28:36,497 [INFO] src.corpus_acquisition.downloader: Downloading page 24 from https://i.prcdn.co/img?file=eaaj2025122200000000001001&page=24&scale=200&ticket=AB3cBoM0JrribQuDnMEOPr8%3D
2026-06-28 03:28:37,253 [INFO] src.corpus_acquisition.downloader: Downloading page 25 from https://i.prcdn.co/img?file=eaaj2025122200000000001001&page=25&scale=200&ticket=APSBCxQ2LaiaDmnKN%2Bzq69s%3D
2026-06-28 03:28:37,836 [INFO] src.corpus_acquisition.downloader: Downloading page 26 from https://i.prcdn.co/img?file=eaaj2025122200000000001001&page=26&scale=200&ticket=ADsPa7hpsWFCQ%2FdT2tJ%2BEug%3D
2026-06-28 03:28:38,660 [INFO] src.corpus_acquisition.downloader: Downloading page 27 from https://i.prcdn.co/img?file=eaaj2025122200000000001001&page=27&scale=200&ticket=AB%2F%2BIZR2oeyQECMwZSNPgc0%3D
2026-06-28 03:28:39,541 [INFO] src.corpus_acquisition.downloader: Downloading page 28 from https://i.prcdn.co/img?file=eaaj2025122200000000001001&page=28&scale=200&ticket=AL6EV2zPY3S1WhsHDYeqtzM%3D
2026-06-28 03:28:40,450 [INFO] src.corpus_acquisition.downloader: Downloading page 29 from https://i.prcdn.co/img?file=eaaj2025122200000000001001&page=29&scale=200&ticket=AA9w02PSaAY7fBjSWApMafs%3D
2026-06-28 03:28:41,296 [INFO] src.corpus_acquisition.downloader: Downloading page 30 from https://i.prcdn.co/img?file=eaaj2025122200000000001001&page=30&scale=200&ticket=AIzjtEPb%2FZWc3LBc4ESTKR0%3D
2026-06-28 03:28:42,013 [INFO] src.corpus_acquisition.downloader: Downloading page 31 from https://i.prcdn.co/img?file=eaaj2025122200000000001001&page=31&scale=200&ticket=AAj7K%2F78YcPT6nIos4SqCXg%3D
2026-06-28 03:28:42,448 [INFO] src.corpus_acquisition.downloader: Downloading page 32 from https://i.prcdn.co/img?file=eaaj2025122200000000001001&page=32&scale=200&ticket=AOoQlhJPIqYkDB30rONaNlE%3D
2026-06-28 03:28:43,103 [INFO] src.corpus_acquisition.metadata_extractor: Saved metadata for 32 page(s) -> data/raw/metadata/raw_metadata.parquet (total rows: 18896)
2026-06-28 03:28:43,106 [INFO] src.corpus_acquisition.metadata_extractor: Saved crawl log -> data/raw/crawl_logs/elcomercio_2025-12-22.json (status=success)
2026-06-28 03:28:49,867 [INFO] src.corpus_acquisition.downloader: Opening archive for elcomercio on 2025-12-23
2026-06-28 03:28:56,115 [INFO] src.corpus_acquisition.downloader: Collected 7 / 60 pages
2026-06-28 03:29:00,277 [INFO] src.corpus_acquisition.downloader: Collected 9 / 60 pages
2026-06-28 03:29:02,365 [INFO] src.corpus_acquisition.downloader: Collected 11 / 60 pages
2026-06-28 03:29:04,449 [INFO] src.corpus_acquisition.downloader: Collected 13 / 60 pages
2026-06-28 03:29:06,629 [INFO] src.corpus_acquisition.downloader: Collected 15 / 60 pages
2026-06-28 03:29:08,718 [INFO] src.corpus_acquisition.downloader: Collected 17 / 60 pages
2026-06-28 03:29:10,816 [INFO] src.corpus_acquisition.downloader: Collected 19 / 60 pages
2026-06-28 03:29:12,899 [INFO] src.corpus_acquisition.downloader: Collected 20 / 60 pages
2026-06-28 03:29:19,168 [WARNING] src.corpus_acquisition.downloader: No new pages found after 3 attempts; stopping with 20 page(s).
2026-06-28 03:29:19,182 [INFO] src.corpus_acquisition.downloader: Downloading page 1 from https://t.prcdn.co/img?file=eaaj2025122300000000001001&page=1&scale=200
2026-06-28 03:29:19,739 [INFO] src.corpus_acquisition.downloader: Downloading page 2 from https://i.prcdn.co/img?file=eaaj2025122300000000001001&page=2&scale=200&ticket=AJ6qfkWiVrgkwHgvj2jpfgA%3D
2026-06-28 03:29:20,430 [INFO] src.corpus_acquisition.downloader: Downloading page 3 from https://i.prcdn.co/img?file=eaaj2025122300000000001001&page=3&scale=200&ticket=ADtBcm7ZgzE8YDDoIHTHzvI%3D
2026-06-28 03:29:22,258 [INFO] src.corpus_acquisition.downloader: Downloading page 4 from https://i.prcdn.co/img?file=eaaj2025122300000000001001&page=4&scale=200&ticket=AH8KgiKrkK4zLy6luWYcig0%3D
2026-06-28 03:29:22,813 [INFO] src.corpus_acquisition.downloader: Downloading page 5 from https://i.prcdn.co/img?file=eaaj2025122300000000001001&page=5&scale=200&ticket=ABvC1VerCCebbiK4uRTeB1o%3D
2026-06-28 03:29:23,239 [INFO] src.corpus_acquisition.downloader: Downloading page 6 from https://i.prcdn.co/img?file=eaaj2025122300000000001001&page=6&scale=200&ticket=AFwgEcFGHZZGTIWOVNdfcTQ%3D
2026-06-28 03:29:24,867 [INFO] src.corpus_acquisition.downloader: Downloading page 7 from https://i.prcdn.co/img?file=eaaj2025122300000000001001&page=7&scale=200&ticket=ADJp3hRK6%2FuwP9FFTqcGrtU%3D
2026-06-28 03:29:25,501 [INFO] src.corpus_acquisition.downloader: Downloading page 8 from https://i.prcdn.co/img?file=eaaj2025122300000000001001&page=8&scale=200&ticket=AGCAm2prJJed3tYyDVGkYjc%3D
2026-06-28 03:29:26,315 [INFO] src.corpus_acquisition.downloader: Downloading page 9 from https://i.prcdn.co/img?file=eaaj2025122300000000001001&page=9&scale=200&ticket=ANghSUYTdb4%2BaODPlf830Tc%3D
2026-06-28 03:29:26,880 [INFO] src.corpus_acquisition.downloader: Downloading page 10 from https://i.prcdn.co/img?file=eaaj2025122300000000001001&page=10&scale=200&ticket=AJZsIXaVdwH97Gc%2BctPxx1A%3D
2026-06-28 03:29:27,665 [INFO] src.corpus_acquisition.downloader: Downloading page 11 from https://i.prcdn.co/img?file=eaaj2025122300000000001001&page=11&scale=200&ticket=ANq4cLZPi06W3O06QYIhsm8%3D
2026-06-28 03:29:28,140 [INFO] src.corpus_acquisition.downloader: Downloading page 12 from https://i.prcdn.co/img?file=eaaj2025122300000000001001&page=12&scale=200&ticket=AHK0dojKMGujrJf14UzP9HQ%3D
2026-06-28 03:29:29,184 [INFO] src.corpus_acquisition.downloader: Downloading page 13 from https://i.prcdn.co/img?file=eaaj2025122300000000001001&page=13&scale=200&ticket=ALnhMiZ3CZvksuuS1YVI%2FXQ%3D
2026-06-28 03:29:29,841 [INFO] src.corpus_acquisition.downloader: Downloading page 14 from https://i.prcdn.co/img?file=eaaj2025122300000000001001&page=14&scale=200&ticket=AOyr2OLs79%2BTRO9H2%2Fob1b4%3D
2026-06-28 03:29:30,861 [INFO] src.corpus_acquisition.downloader: Downloading page 15 from https://i.prcdn.co/img?file=eaaj2025122300000000001001&page=15&scale=200&ticket=AMOfKkSYsgCl67f7TRWolHw%3D
2026-06-28 03:29:31,611 [INFO] src.corpus_acquisition.downloader: Downloading page 16 from https://i.prcdn.co/img?file=eaaj2025122300000000001001&page=16&scale=200&ticket=AAHHbmlED%2FoyVOgJuFmuAdA%3D
2026-06-28 03:29:32,701 [INFO] src.corpus_acquisition.downloader: Downloading page 17 from https://i.prcdn.co/img?file=eaaj2025122300000000001001&page=17&scale=200&ticket=AOuGx6nfwIMXa8Fw8fHiNrg%3D
2026-06-28 03:29:33,148 [INFO] src.corpus_acquisition.downloader: Downloading page 18 from https://i.prcdn.co/img?file=eaaj2025122300000000001001&page=18&scale=200&ticket=AF0oS9P06RvQ%2Bw%2B1HXJ35pw%3D
2026-06-28 03:29:33,948 [INFO] src.corpus_acquisition.downloader: Downloading page 19 from https://i.prcdn.co/img?file=eaaj2025122300000000001001&page=19&scale=200&ticket=ACGyECU7OvZWZvCNVuQfpUA%3D
2026-06-28 03:29:34,736 [INFO] src.corpus_acquisition.downloader: Downloading page 20 from https://i.prcdn.co/img?file=eaaj2025122300000000001001&page=20&scale=200&ticket=AJlEJR3%2BhXpf42XHiWD5sJ4%3D
2026-06-28 03:29:35,727 [INFO] src.corpus_acquisition.metadata_extractor: Saved metadata for 20 page(s) -> data/raw/metadata/raw_metadata.parquet (total rows: 18916)
2026-06-28 03:29:35,729 [INFO] src.corpus_acquisition.metadata_extractor: Saved crawl log -> data/raw/crawl_logs/elcomercio_2025-12-23.json (status=success)
2026-06-28 03:29:39,489 [INFO] src.corpus_acquisition.downloader: Opening archive for elcomercio on 2025-12-24
2026-06-28 03:29:45,353 [INFO] src.corpus_acquisition.downloader: Collected 7 / 60 pages
2026-06-28 03:29:49,524 [INFO] src.corpus_acquisition.downloader: Collected 9 / 60 pages
2026-06-28 03:29:51,622 [INFO] src.corpus_acquisition.downloader: Collected 11 / 60 pages
2026-06-28 03:29:53,711 [INFO] src.corpus_acquisition.downloader: Collected 13 / 60 pages
2026-06-28 03:29:55,907 [INFO] src.corpus_acquisition.downloader: Collected 15 / 60 pages
2026-06-28 03:29:58,002 [INFO] src.corpus_acquisition.downloader: Collected 17 / 60 pages
2026-06-28 03:30:00,097 [INFO] src.corpus_acquisition.downloader: Collected 19 / 60 pages
2026-06-28 03:30:02,177 [INFO] src.corpus_acquisition.downloader: Collected 20 / 60 pages
2026-06-28 03:30:08,446 [WARNING] src.corpus_acquisition.downloader: No new pages found after 3 attempts; stopping with 20 page(s).
2026-06-28 03:30:08,459 [INFO] src.corpus_acquisition.downloader: Downloading page 1 from https://t.prcdn.co/img?file=eaaj2025122400000000001001&page=1&scale=200
2026-06-28 03:30:08,859 [INFO] src.corpus_acquisition.downloader: Downloading page 2 from https://i.prcdn.co/img?file=eaaj2025122400000000001001&page=2&scale=200&ticket=ALjNaFlNsAxKspJoUdOMiLY%3D
2026-06-28 03:30:09,433 [INFO] src.corpus_acquisition.downloader: Downloading page 3 from https://i.prcdn.co/img?file=eaaj2025122400000000001001&page=3&scale=200&ticket=AK%2FqROiYz8PqZMdbx8H6zG4%3D
2026-06-28 03:30:10,465 [INFO] src.corpus_acquisition.downloader: Downloading page 4 from https://i.prcdn.co/img?file=eaaj2025122400000000001001&page=4&scale=200&ticket=AF4QJ2gSP4UC809TbCRflrI%3D
2026-06-28 03:30:10,980 [INFO] src.corpus_acquisition.downloader: Downloading page 5 from https://i.prcdn.co/img?file=eaaj2025122400000000001001&page=5&scale=200&ticket=ADA8UEtAZTQTHQTqmeeWk0s%3D
2026-06-28 03:30:11,819 [INFO] src.corpus_acquisition.downloader: Downloading page 6 from https://i.prcdn.co/img?file=eaaj2025122400000000001001&page=6&scale=200&ticket=AGY2qyKJIOZX8zEz6UH8OHA%3D
2026-06-28 03:30:13,775 [INFO] src.corpus_acquisition.downloader: Downloading page 7 from https://i.prcdn.co/img?file=eaaj2025122400000000001001&page=7&scale=200&ticket=AHHfu4nhkmOu48NDpPMHK0w%3D
2026-06-28 03:30:14,464 [INFO] src.corpus_acquisition.downloader: Downloading page 8 from https://i.prcdn.co/img?file=eaaj2025122400000000001001&page=8&scale=200&ticket=AChuEZVGu0p50HMsfBsB1cw%3D
2026-06-28 03:30:15,525 [INFO] src.corpus_acquisition.downloader: Downloading page 9 from https://i.prcdn.co/img?file=eaaj2025122400000000001001&page=9&scale=200&ticket=AFxR0ZC%2FtAIkWUgKxoB0JKU%3D
2026-06-28 03:30:16,362 [INFO] src.corpus_acquisition.downloader: Downloading page 10 from https://i.prcdn.co/img?file=eaaj2025122400000000001001&page=10&scale=200&ticket=AG3iZ3hTNIWSoMZySX7%2B6fM%3D
2026-06-28 03:30:17,338 [INFO] src.corpus_acquisition.downloader: Downloading page 11 from https://i.prcdn.co/img?file=eaaj2025122400000000001001&page=11&scale=200&ticket=APuNwEyTzhTu8tdj74Rka08%3D
2026-06-28 03:30:18,090 [INFO] src.corpus_acquisition.downloader: Downloading page 12 from https://i.prcdn.co/img?file=eaaj2025122400000000001001&page=12&scale=200&ticket=AK21MZ497kZCVCAnaspLey4%3D
2026-06-28 03:30:18,821 [INFO] src.corpus_acquisition.downloader: Downloading page 13 from https://i.prcdn.co/img?file=eaaj2025122400000000001001&page=13&scale=200&ticket=AOjGG%2FJASEJmq1TMWhLQ1po%3D
2026-06-28 03:30:19,303 [INFO] src.corpus_acquisition.downloader: Downloading page 14 from https://i.prcdn.co/img?file=eaaj2025122400000000001001&page=14&scale=200&ticket=APfWag4EHB2aua1wAdaIwI4%3D
2026-06-28 03:30:19,884 [INFO] src.corpus_acquisition.downloader: Downloading page 15 from https://i.prcdn.co/img?file=eaaj2025122400000000001001&page=15&scale=200&ticket=AEr21om1l1PMfeR0%2B3hlrVk%3D
2026-06-28 03:30:20,607 [INFO] src.corpus_acquisition.downloader: Downloading page 16 from https://i.prcdn.co/img?file=eaaj2025122400000000001001&page=16&scale=200&ticket=AP%2BAgXGASGqPqduD1JGnCYE%3D
2026-06-28 03:30:21,263 [INFO] src.corpus_acquisition.downloader: Downloading page 17 from https://i.prcdn.co/img?file=eaaj2025122400000000001001&page=17&scale=200&ticket=AMV%2F6G4gw31onOGSa62whDs%3D
2026-06-28 03:30:22,247 [INFO] src.corpus_acquisition.downloader: Downloading page 18 from https://i.prcdn.co/img?file=eaaj2025122400000000001001&page=18&scale=200&ticket=AG9gzGMyE%2BA%2F7apEFGhFxog%3D
2026-06-28 03:30:23,186 [INFO] src.corpus_acquisition.downloader: Downloading page 19 from https://i.prcdn.co/img?file=eaaj2025122400000000001001&page=19&scale=200&ticket=ABU8snr4omL%2BXRFLJMdxThY%3D
2026-06-28 03:30:24,078 [INFO] src.corpus_acquisition.downloader: Downloading page 20 from https://i.prcdn.co/img?file=eaaj2025122400000000001001&page=20&scale=200&ticket=ALP21Ccqc3jeIkanFrgqZOs%3D
2026-06-28 03:30:24,617 [INFO] src.corpus_acquisition.metadata_extractor: Saved metadata for 20 page(s) -> data/raw/metadata/raw_metadata.parquet (total rows: 18936)
2026-06-28 03:30:24,619 [INFO] src.corpus_acquisition.metadata_extractor: Saved crawl log -> data/raw/crawl_logs/elcomercio_2025-12-24.json (status=success)
2026-06-28 03:30:30,157 [INFO] src.corpus_acquisition.downloader: Opening archive for elcomercio on 2025-12-25
2026-06-28 03:30:36,040 [INFO] src.corpus_acquisition.downloader: Collected 7 / 60 pages
2026-06-28 03:30:40,208 [INFO] src.corpus_acquisition.downloader: Collected 9 / 60 pages
2026-06-28 03:30:42,296 [INFO] src.corpus_acquisition.downloader: Collected 11 / 60 pages
2026-06-28 03:30:44,376 [INFO] src.corpus_acquisition.downloader: Collected 13 / 60 pages
2026-06-28 03:30:46,566 [INFO] src.corpus_acquisition.downloader: Collected 15 / 60 pages
2026-06-28 03:30:48,668 [INFO] src.corpus_acquisition.downloader: Collected 17 / 60 pages
2026-06-28 03:30:50,763 [INFO] src.corpus_acquisition.downloader: Collected 19 / 60 pages
2026-06-28 03:30:52,954 [INFO] src.corpus_acquisition.downloader: Collected 20 / 60 pages
2026-06-28 03:30:59,232 [WARNING] src.corpus_acquisition.downloader: No new pages found after 3 attempts; stopping with 20 page(s).
2026-06-28 03:30:59,244 [INFO] src.corpus_acquisition.downloader: Downloading page 1 from https://t.prcdn.co/img?file=eaaj2025122500000000001001&page=1&scale=200
2026-06-28 03:30:59,773 [INFO] src.corpus_acquisition.downloader: Downloading page 2 from https://i.prcdn.co/img?file=eaaj2025122500000000001001&page=2&scale=200&ticket=AIIEqq5tJKwpgpQ9Y05N%2Fdk%3D
2026-06-28 03:31:00,402 [INFO] src.corpus_acquisition.downloader: Downloading page 3 from https://i.prcdn.co/img?file=eaaj2025122500000000001001&page=3&scale=200&ticket=AC6vN5sL1fJZiKcq%2BRw%2B3cY%3D
2026-06-28 03:31:01,751 [INFO] src.corpus_acquisition.downloader: Downloading page 4 from https://i.prcdn.co/img?file=eaaj2025122500000000001001&page=4&scale=200&ticket=AHKzK%2BCj8SFBle6i4%2F%2BRW4s%3D
2026-06-28 03:31:02,327 [INFO] src.corpus_acquisition.downloader: Downloading page 5 from https://i.prcdn.co/img?file=eaaj2025122500000000001001&page=5&scale=200&ticket=ADFZTdlBWq43x3k4hnklujs%3D
2026-06-28 03:31:03,091 [INFO] src.corpus_acquisition.downloader: Downloading page 6 from https://i.prcdn.co/img?file=eaaj2025122500000000001001&page=6&scale=200&ticket=AJ9buHGnM9F9aF4RAUxm7wE%3D
2026-06-28 03:31:05,130 [INFO] src.corpus_acquisition.downloader: Downloading page 7 from https://i.prcdn.co/img?file=eaaj2025122500000000001001&page=7&scale=200&ticket=AAWL9zbRIrGuYvhfRYycsdE%3D
2026-06-28 03:31:05,619 [INFO] src.corpus_acquisition.downloader: Downloading page 8 from https://i.prcdn.co/img?file=eaaj2025122500000000001001&page=8&scale=200&ticket=AE%2FxbNOcrEXbUkbRktLHoiU%3D
2026-06-28 03:31:06,365 [INFO] src.corpus_acquisition.downloader: Downloading page 9 from https://i.prcdn.co/img?file=eaaj2025122500000000001001&page=9&scale=200&ticket=ANJ4wLdoD6LBFpAEQYEurxo%3D
2026-06-28 03:31:07,147 [INFO] src.corpus_acquisition.downloader: Downloading page 10 from https://i.prcdn.co/img?file=eaaj2025122500000000001001&page=10&scale=200&ticket=AN3RSOaHpl9DbUHvJkaT0Ks%3D
2026-06-28 03:31:07,902 [INFO] src.corpus_acquisition.downloader: Downloading page 11 from https://i.prcdn.co/img?file=eaaj2025122500000000001001&page=11&scale=200&ticket=AN8EBCgopuMmpexv8rsJhyw%3D
2026-06-28 03:31:08,588 [INFO] src.corpus_acquisition.downloader: Downloading page 12 from https://i.prcdn.co/img?file=eaaj2025122500000000001001&page=12&scale=200&ticket=AFv7effPkSjINzqsrLoEJ2s%3D
2026-06-28 03:31:09,421 [INFO] src.corpus_acquisition.downloader: Downloading page 13 from https://i.prcdn.co/img?file=eaaj2025122500000000001001&page=13&scale=200&ticket=ACYINOctnOA5lN3FMeRd9RM%3D
2026-06-28 03:31:10,302 [INFO] src.corpus_acquisition.downloader: Downloading page 14 from https://i.prcdn.co/img?file=eaaj2025122500000000001001&page=14&scale=200&ticket=AFb7551nuINVt0DLkVnq%2BEE%3D
2026-06-28 03:31:11,111 [INFO] src.corpus_acquisition.downloader: Downloading page 15 from https://i.prcdn.co/img?file=eaaj2025122500000000001001&page=15&scale=200&ticket=AChXjjAY3B6aQc9ZZFMlU0M%3D
2026-06-28 03:31:11,723 [INFO] src.corpus_acquisition.downloader: Downloading page 16 from https://i.prcdn.co/img?file=eaaj2025122500000000001001&page=16&scale=200&ticket=ADPfQGwOuW%2BmHmcAJ%2BffFcg%3D
2026-06-28 03:31:12,132 [INFO] src.corpus_acquisition.downloader: Downloading page 17 from https://i.prcdn.co/img?file=eaaj2025122500000000001001&page=17&scale=200&ticket=AIVTvaxAtzpmFlLn2rgRIPM%3D
2026-06-28 03:31:12,936 [INFO] src.corpus_acquisition.downloader: Downloading page 18 from https://i.prcdn.co/img?file=eaaj2025122500000000001001&page=18&scale=200&ticket=AOcbCYpSoEHQB60J%2FSN6DZg%3D
2026-06-28 03:31:13,719 [INFO] src.corpus_acquisition.downloader: Downloading page 19 from https://i.prcdn.co/img?file=eaaj2025122500000000001001&page=19&scale=200&ticket=AB5xE0UPSnaswF8pvQPcQQU%3D
2026-06-28 03:31:14,543 [INFO] src.corpus_acquisition.downloader: Downloading page 20 from https://i.prcdn.co/img?file=eaaj2025122500000000001001&page=20&scale=200&ticket=AG7x%2B71W9qbkdYS6BqWokQo%3D
2026-06-28 03:31:16,149 [INFO] src.corpus_acquisition.metadata_extractor: Saved metadata for 20 page(s) -> data/raw/metadata/raw_metadata.parquet (total rows: 18956)
2026-06-28 03:31:16,151 [INFO] src.corpus_acquisition.metadata_extractor: Saved crawl log -> data/raw/crawl_logs/elcomercio_2025-12-25.json (status=success)
2026-06-28 03:31:22,858 [INFO] src.corpus_acquisition.downloader: Opening archive for elcomercio on 2025-12-26
2026-06-28 03:31:28,758 [INFO] src.corpus_acquisition.downloader: Collected 7 / 60 pages
2026-06-28 03:31:32,927 [INFO] src.corpus_acquisition.downloader: Collected 9 / 60 pages
2026-06-28 03:31:35,011 [INFO] src.corpus_acquisition.downloader: Collected 11 / 60 pages
2026-06-28 03:31:37,089 [INFO] src.corpus_acquisition.downloader: Collected 13 / 60 pages
2026-06-28 03:31:39,272 [INFO] src.corpus_acquisition.downloader: Collected 15 / 60 pages
2026-06-28 03:31:41,378 [INFO] src.corpus_acquisition.downloader: Collected 17 / 60 pages
2026-06-28 03:31:43,460 [INFO] src.corpus_acquisition.downloader: Collected 19 / 60 pages
2026-06-28 03:31:45,543 [INFO] src.corpus_acquisition.downloader: Collected 20 / 60 pages
2026-06-28 03:31:51,826 [WARNING] src.corpus_acquisition.downloader: No new pages found after 3 attempts; stopping with 20 page(s).
2026-06-28 03:31:51,839 [INFO] src.corpus_acquisition.downloader: Downloading page 1 from https://t.prcdn.co/img?file=eaaj2025122600000000001001&page=1&scale=200
2026-06-28 03:31:52,444 [INFO] src.corpus_acquisition.downloader: Downloading page 2 from https://i.prcdn.co/img?file=eaaj2025122600000000001001&page=2&scale=200&ticket=APAsFqxNmMIwgAkAMdhjZj0%3D
2026-06-28 03:31:53,338 [INFO] src.corpus_acquisition.downloader: Downloading page 3 from https://i.prcdn.co/img?file=eaaj2025122600000000001001&page=3&scale=200&ticket=ALcuqrwRBMuXwmxpBQaTqf8%3D
2026-06-28 03:31:55,119 [INFO] src.corpus_acquisition.downloader: Downloading page 4 from https://i.prcdn.co/img?file=eaaj2025122600000000001001&page=4&scale=200&ticket=APKOglR2oBetNUHjk7uFtcQ%3D
2026-06-28 03:31:55,841 [INFO] src.corpus_acquisition.downloader: Downloading page 5 from https://i.prcdn.co/img?file=eaaj2025122600000000001001&page=5&scale=200&ticket=AM56awZdWb0WzlnZ5qac5fY%3D
2026-06-28 03:31:56,519 [INFO] src.corpus_acquisition.downloader: Downloading page 6 from https://i.prcdn.co/img?file=eaaj2025122600000000001001&page=6&scale=200&ticket=AKYAV24DxdBAA30kaBq2bl4%3D
2026-06-28 03:31:58,270 [INFO] src.corpus_acquisition.downloader: Downloading page 7 from https://i.prcdn.co/img?file=eaaj2025122600000000001001&page=7&scale=200&ticket=AC7%2F4TQgutGZrBxSKZrGHgc%3D
2026-06-28 03:31:58,928 [INFO] src.corpus_acquisition.downloader: Downloading page 8 from https://i.prcdn.co/img?file=eaaj2025122600000000001001&page=8&scale=200&ticket=AJRzjozOWeP4cYjUSWuQALU%3D
2026-06-28 03:31:59,960 [INFO] src.corpus_acquisition.downloader: Downloading page 9 from https://i.prcdn.co/img?file=eaaj2025122600000000001001&page=9&scale=200&ticket=AGvYhrfu8ALxxeJOiPj9Z28%3D
2026-06-28 03:32:00,789 [INFO] src.corpus_acquisition.downloader: Downloading page 10 from https://i.prcdn.co/img?file=eaaj2025122600000000001001&page=10&scale=200&ticket=ALKvHOvy2t7WkXnbZz8g0T8%3D
2026-06-28 03:32:01,491 [INFO] src.corpus_acquisition.downloader: Downloading page 11 from https://i.prcdn.co/img?file=eaaj2025122600000000001001&page=11&scale=200&ticket=AGuTC3RBoKVH9Wm1XDWBhy0%3D
2026-06-28 03:32:02,188 [INFO] src.corpus_acquisition.downloader: Downloading page 12 from https://i.prcdn.co/img?file=eaaj2025122600000000001001&page=12&scale=200&ticket=AGdY6Qs4vNxqZBhrns7CRC4%3D
2026-06-28 03:32:03,294 [INFO] src.corpus_acquisition.downloader: Downloading page 13 from https://i.prcdn.co/img?file=eaaj2025122600000000001001&page=13&scale=200&ticket=ADkY6X2v5WEobGsFtY5Cz0w%3D
2026-06-28 03:32:04,043 [INFO] src.corpus_acquisition.downloader: Downloading page 14 from https://i.prcdn.co/img?file=eaaj2025122600000000001001&page=14&scale=200&ticket=AJcqO4AR7j8ChmfgSfybv6c%3D
2026-06-28 03:32:04,667 [INFO] src.corpus_acquisition.downloader: Downloading page 15 from https://i.prcdn.co/img?file=eaaj2025122600000000001001&page=15&scale=200&ticket=AKJSA8B3jweLblpkclRLABU%3D
2026-06-28 03:32:05,881 [INFO] src.corpus_acquisition.downloader: Downloading page 16 from https://i.prcdn.co/img?file=eaaj2025122600000000001001&page=16&scale=200&ticket=AEWUG5BJj5K0XBvbTY7yJ4s%3D
2026-06-28 03:32:06,619 [INFO] src.corpus_acquisition.downloader: Downloading page 17 from https://i.prcdn.co/img?file=eaaj2025122600000000001001&page=17&scale=200&ticket=AKGKClxFARy2qaQiU8oGRQ0%3D
2026-06-28 03:32:07,249 [INFO] src.corpus_acquisition.downloader: Downloading page 18 from https://i.prcdn.co/img?file=eaaj2025122600000000001001&page=18&scale=200&ticket=ABMp%2B3S2F1ErdmF9GtO19ls%3D
2026-06-28 03:32:08,028 [INFO] src.corpus_acquisition.downloader: Downloading page 19 from https://i.prcdn.co/img?file=eaaj2025122600000000001001&page=19&scale=200&ticket=AIu%2FoybUApFkNRTpYVT0TF8%3D
2026-06-28 03:32:09,120 [INFO] src.corpus_acquisition.downloader: Downloading page 20 from https://i.prcdn.co/img?file=eaaj2025122600000000001001&page=20&scale=200&ticket=AJu2%2Fa7f340NV%2FK%2FiSTMLWk%3D
2026-06-28 03:32:09,777 [INFO] src.corpus_acquisition.metadata_extractor: Saved metadata for 20 page(s) -> data/raw/metadata/raw_metadata.parquet (total rows: 18976)
2026-06-28 03:32:09,780 [INFO] src.corpus_acquisition.metadata_extractor: Saved crawl log -> data/raw/crawl_logs/elcomercio_2025-12-26.json (status=success)
2026-06-28 03:32:15,131 [INFO] src.corpus_acquisition.downloader: Opening archive for elcomercio on 2025-12-27
2026-06-28 03:32:21,035 [INFO] src.corpus_acquisition.downloader: Collected 7 / 60 pages
2026-06-28 03:32:25,188 [INFO] src.corpus_acquisition.downloader: Collected 9 / 60 pages
2026-06-28 03:32:27,279 [INFO] src.corpus_acquisition.downloader: Collected 11 / 60 pages
2026-06-28 03:32:29,376 [INFO] src.corpus_acquisition.downloader: Collected 13 / 60 pages
2026-06-28 03:32:31,566 [INFO] src.corpus_acquisition.downloader: Collected 15 / 60 pages
2026-06-28 03:32:33,669 [INFO] src.corpus_acquisition.downloader: Collected 17 / 60 pages
2026-06-28 03:32:35,760 [INFO] src.corpus_acquisition.downloader: Collected 19 / 60 pages
2026-06-28 03:32:37,860 [INFO] src.corpus_acquisition.downloader: Collected 21 / 60 pages
2026-06-28 03:32:39,957 [INFO] src.corpus_acquisition.downloader: Collected 23 / 60 pages
2026-06-28 03:32:42,042 [INFO] src.corpus_acquisition.downloader: Collected 24 / 60 pages
2026-06-28 03:32:48,314 [WARNING] src.corpus_acquisition.downloader: No new pages found after 3 attempts; stopping with 24 page(s).
2026-06-28 03:32:48,328 [INFO] src.corpus_acquisition.downloader: Downloading page 1 from https://t.prcdn.co/img?file=eaaj2025122700000000001001&page=1&scale=200
2026-06-28 03:32:48,789 [INFO] src.corpus_acquisition.downloader: Downloading page 2 from https://i.prcdn.co/img?file=eaaj2025122700000000001001&page=2&scale=200&ticket=AFn%2BQvYi8f2vu1xCuQVRNVw%3D
2026-06-28 03:32:49,360 [INFO] src.corpus_acquisition.downloader: Downloading page 3 from https://i.prcdn.co/img?file=eaaj2025122700000000001001&page=3&scale=200&ticket=ANPqOgfaDCHaloF%2BYZTdk%2Fs%3D
2026-06-28 03:32:50,668 [INFO] src.corpus_acquisition.downloader: Downloading page 4 from https://i.prcdn.co/img?file=eaaj2025122700000000001001&page=4&scale=200&ticket=AIiRJYGbI%2FD8MjnDi7InFBU%3D
2026-06-28 03:32:51,609 [INFO] src.corpus_acquisition.downloader: Downloading page 5 from https://i.prcdn.co/img?file=eaaj2025122700000000001001&page=5&scale=200&ticket=AGfrfEAUNMZjLPK073S5%2Bh0%3D
2026-06-28 03:32:52,283 [INFO] src.corpus_acquisition.downloader: Downloading page 6 from https://i.prcdn.co/img?file=eaaj2025122700000000001001&page=6&scale=200&ticket=AEaHyH0BAc%2FZUlR1CYPtAPU%3D
2026-06-28 03:32:53,887 [INFO] src.corpus_acquisition.downloader: Downloading page 7 from https://i.prcdn.co/img?file=eaaj2025122700000000001001&page=7&scale=200&ticket=AIPbHodxmsgLCqhe1AxTWfY%3D
2026-06-28 03:32:54,553 [INFO] src.corpus_acquisition.downloader: Downloading page 8 from https://i.prcdn.co/img?file=eaaj2025122700000000001001&page=8&scale=200&ticket=ABw8R6qsDJgJPEKbitZ2Z4c%3D
2026-06-28 03:32:55,682 [INFO] src.corpus_acquisition.downloader: Downloading page 9 from https://i.prcdn.co/img?file=eaaj2025122700000000001001&page=9&scale=200&ticket=AEYmyUCXx9W4wMPxAy4hzWk%3D
2026-06-28 03:32:56,056 [INFO] src.corpus_acquisition.downloader: Downloading page 10 from https://i.prcdn.co/img?file=eaaj2025122700000000001001&page=10&scale=200&ticket=AJSGC%2BODBLH%2FAQDlDXBJpNw%3D
2026-06-28 03:32:56,786 [INFO] src.corpus_acquisition.downloader: Downloading page 11 from https://i.prcdn.co/img?file=eaaj2025122700000000001001&page=11&scale=200&ticket=AAouT5hYH%2FhmwXqJlLoZFpw%3D
2026-06-28 03:32:57,723 [INFO] src.corpus_acquisition.downloader: Downloading page 12 from https://i.prcdn.co/img?file=eaaj2025122700000000001001&page=12&scale=200&ticket=AHzlnDxIb3f4D9ei5%2FnqO3g%3D
2026-06-28 03:32:58,569 [INFO] src.corpus_acquisition.downloader: Downloading page 13 from https://i.prcdn.co/img?file=eaaj2025122700000000001001&page=13&scale=200&ticket=ANeoPt%2FvE9HPWoxrnhdcAKM%3D
2026-06-28 03:32:59,204 [INFO] src.corpus_acquisition.downloader: Downloading page 14 from https://i.prcdn.co/img?file=eaaj2025122700000000001001&page=14&scale=200&ticket=AD8U8A5ra25nSY69gl8io00%3D
2026-06-28 03:33:00,379 [INFO] src.corpus_acquisition.downloader: Downloading page 15 from https://i.prcdn.co/img?file=eaaj2025122700000000001001&page=15&scale=200&ticket=AMggwEcT8ZCoLRxEjUDlz7g%3D
2026-06-28 03:33:01,130 [INFO] src.corpus_acquisition.downloader: Downloading page 16 from https://i.prcdn.co/img?file=eaaj2025122700000000001001&page=16&scale=200&ticket=AAinrt%2BCenIeTnPFotCmQVo%3D
2026-06-28 03:33:01,830 [INFO] src.corpus_acquisition.downloader: Downloading page 17 from https://i.prcdn.co/img?file=eaaj2025122700000000001001&page=17&scale=200&ticket=AEzHPqvsYnch9SJX2h17%2BCA%3D
2026-06-28 03:33:02,552 [INFO] src.corpus_acquisition.downloader: Downloading page 18 from https://i.prcdn.co/img?file=eaaj2025122700000000001001&page=18&scale=200&ticket=APgkVhjHZ%2F3GxKx4v9kIr8o%3D
2026-06-28 03:33:03,464 [INFO] src.corpus_acquisition.downloader: Downloading page 19 from https://i.prcdn.co/img?file=eaaj2025122700000000001001&page=19&scale=200&ticket=AMiAacGHUynYcIiltsCr%2FOc%3D
2026-06-28 03:33:04,009 [INFO] src.corpus_acquisition.downloader: Downloading page 20 from https://i.prcdn.co/img?file=eaaj2025122700000000001001&page=20&scale=200&ticket=AKQ%2BYlg7ph6xru1MGEi7wmQ%3D
2026-06-28 03:33:04,866 [INFO] src.corpus_acquisition.downloader: Downloading page 21 from https://i.prcdn.co/img?file=eaaj2025122700000000001001&page=21&scale=200&ticket=AETIjflJdCpDaTLYAbGTMcE%3D
2026-06-28 03:33:05,601 [INFO] src.corpus_acquisition.downloader: Downloading page 22 from https://i.prcdn.co/img?file=eaaj2025122700000000001001&page=22&scale=200&ticket=ALnc8TmyEE8IQCv3%2B3ycAog%3D
2026-06-28 03:33:06,539 [INFO] src.corpus_acquisition.downloader: Downloading page 23 from https://i.prcdn.co/img?file=eaaj2025122700000000001001&page=23&scale=200&ticket=AARLRLioQK4BmSQXEtFeEIk%3D
2026-06-28 03:33:06,957 [INFO] src.corpus_acquisition.downloader: Downloading page 24 from https://i.prcdn.co/img?file=eaaj2025122700000000001001&page=24&scale=200&ticket=AFACjtV%2FTdH8Hh2pXNosG4I%3D
2026-06-28 03:33:07,809 [INFO] src.corpus_acquisition.metadata_extractor: Saved metadata for 24 page(s) -> data/raw/metadata/raw_metadata.parquet (total rows: 19000)
2026-06-28 03:33:07,811 [INFO] src.corpus_acquisition.metadata_extractor: Saved crawl log -> data/raw/crawl_logs/elcomercio_2025-12-27.json (status=success)
2026-06-28 03:33:13,605 [INFO] src.corpus_acquisition.downloader: Opening archive for elcomercio on 2025-12-28
2026-06-28 03:33:19,484 [INFO] src.corpus_acquisition.downloader: Collected 7 / 60 pages
2026-06-28 03:33:23,651 [INFO] src.corpus_acquisition.downloader: Collected 9 / 60 pages
2026-06-28 03:33:25,738 [INFO] src.corpus_acquisition.downloader: Collected 11 / 60 pages
2026-06-28 03:33:27,820 [INFO] src.corpus_acquisition.downloader: Collected 13 / 60 pages
2026-06-28 03:33:29,909 [INFO] src.corpus_acquisition.downloader: Collected 15 / 60 pages
2026-06-28 03:33:32,012 [INFO] src.corpus_acquisition.downloader: Collected 17 / 60 pages
2026-06-28 03:33:34,109 [INFO] src.corpus_acquisition.downloader: Collected 19 / 60 pages
2026-06-28 03:33:36,209 [INFO] src.corpus_acquisition.downloader: Collected 21 / 60 pages
2026-06-28 03:33:38,302 [INFO] src.corpus_acquisition.downloader: Collected 23 / 60 pages
2026-06-28 03:33:40,388 [INFO] src.corpus_acquisition.downloader: Collected 25 / 60 pages
2026-06-28 03:33:42,474 [INFO] src.corpus_acquisition.downloader: Collected 27 / 60 pages
2026-06-28 03:33:44,571 [INFO] src.corpus_acquisition.downloader: Collected 29 / 60 pages
2026-06-28 03:33:46,655 [INFO] src.corpus_acquisition.downloader: Collected 31 / 60 pages
2026-06-28 03:33:48,746 [INFO] src.corpus_acquisition.downloader: Collected 33 / 60 pages
2026-06-28 03:33:50,844 [INFO] src.corpus_acquisition.downloader: Collected 35 / 60 pages
2026-06-28 03:33:52,943 [INFO] src.corpus_acquisition.downloader: Collected 37 / 60 pages
2026-06-28 03:33:55,049 [INFO] src.corpus_acquisition.downloader: Collected 39 / 60 pages
2026-06-28 03:33:57,146 [INFO] src.corpus_acquisition.downloader: Collected 41 / 60 pages
2026-06-28 03:33:59,240 [INFO] src.corpus_acquisition.downloader: Collected 43 / 60 pages
2026-06-28 03:34:01,343 [INFO] src.corpus_acquisition.downloader: Collected 45 / 60 pages
2026-06-28 03:34:03,539 [INFO] src.corpus_acquisition.downloader: Collected 47 / 60 pages
2026-06-28 03:34:05,642 [INFO] src.corpus_acquisition.downloader: Collected 48 / 60 pages
2026-06-28 03:34:11,937 [WARNING] src.corpus_acquisition.downloader: No new pages found after 3 attempts; stopping with 48 page(s).
2026-06-28 03:34:11,965 [INFO] src.corpus_acquisition.downloader: Downloading page 1 from https://t.prcdn.co/img?file=eaaj2025122800000000001001&page=1&scale=200
2026-06-28 03:34:12,483 [INFO] src.corpus_acquisition.downloader: Downloading page 2 from https://i.prcdn.co/img?file=eaaj2025122800000000001001&page=2&scale=200&ticket=AJSU9ScMstNRPKo50z2HCtU%3D
2026-06-28 03:34:13,148 [INFO] src.corpus_acquisition.downloader: Downloading page 3 from https://i.prcdn.co/img?file=eaaj2025122800000000001001&page=3&scale=200&ticket=ADE9kO4iHMm1XYjupu34LPY%3D
2026-06-28 03:34:14,517 [INFO] src.corpus_acquisition.downloader: Downloading page 4 from https://i.prcdn.co/img?file=eaaj2025122800000000001001&page=4&scale=200&ticket=AGCotPCb5QOwjDyvWnGRyWE%3D
2026-06-28 03:34:15,237 [INFO] src.corpus_acquisition.downloader: Downloading page 5 from https://i.prcdn.co/img?file=eaaj2025122800000000001001&page=5&scale=200&ticket=APkRPHCvwfwLc1VJqs0eC7Q%3D
2026-06-28 03:34:15,927 [INFO] src.corpus_acquisition.downloader: Downloading page 6 from https://i.prcdn.co/img?file=eaaj2025122800000000001001&page=6&scale=200&ticket=AGFqihoDbtjVVWHuaNDPeSI%3D
2026-06-28 03:34:17,227 [INFO] src.corpus_acquisition.downloader: Downloading page 7 from https://i.prcdn.co/img?file=eaaj2025122800000000001001&page=7&scale=200&ticket=AK6zC4qnXPE04WDwqCYd3L8%3D
2026-06-28 03:34:17,680 [INFO] src.corpus_acquisition.downloader: Downloading page 8 from https://i.prcdn.co/img?file=eaaj2025122800000000001001&page=8&scale=200&ticket=AKjDaYQkSwWW6C0LF7LWRBk%3D
2026-06-28 03:34:18,248 [INFO] src.corpus_acquisition.downloader: Downloading page 9 from https://i.prcdn.co/img?file=eaaj2025122800000000001001&page=9&scale=200&ticket=AJdYdDd6h1XetypCR1Nj1P0%3D
2026-06-28 03:34:19,060 [INFO] src.corpus_acquisition.downloader: Downloading page 10 from https://i.prcdn.co/img?file=eaaj2025122800000000001001&page=10&scale=200&ticket=AF8pbk02v5g8rxtLMY0B%2FE4%3D
2026-06-28 03:34:19,634 [INFO] src.corpus_acquisition.downloader: Downloading page 11 from https://i.prcdn.co/img?file=eaaj2025122800000000001001&page=11&scale=200&ticket=AC5uHG9JM81FHXr7CGsvSVY%3D
2026-06-28 03:34:20,313 [INFO] src.corpus_acquisition.downloader: Downloading page 12 from https://i.prcdn.co/img?file=eaaj2025122800000000001001&page=12&scale=200&ticket=ANekwNwlycxHB4NcZtnGhPg%3D
2026-06-28 03:34:21,341 [INFO] src.corpus_acquisition.downloader: Downloading page 13 from https://i.prcdn.co/img?file=eaaj2025122800000000001001&page=13&scale=200&ticket=ADjimS5LR4ZSijeNbnz1xz8%3D
2026-06-28 03:34:22,091 [INFO] src.corpus_acquisition.downloader: Downloading page 14 from https://i.prcdn.co/img?file=eaaj2025122800000000001001&page=14&scale=200&ticket=AIPN1esEEwZirw9bx%2B592EQ%3D
2026-06-28 03:34:22,626 [INFO] src.corpus_acquisition.downloader: Downloading page 15 from https://i.prcdn.co/img?file=eaaj2025122800000000001001&page=15&scale=200&ticket=AFeYZOFZ7jrQkl%2B2ViRSgBU%3D
2026-06-28 03:34:23,314 [INFO] src.corpus_acquisition.downloader: Downloading page 16 from https://i.prcdn.co/img?file=eaaj2025122800000000001001&page=16&scale=200&ticket=ABPZM4xfHikhKMybRgN%2BOes%3D
2026-06-28 03:34:24,082 [INFO] src.corpus_acquisition.downloader: Downloading page 17 from https://i.prcdn.co/img?file=eaaj2025122800000000001001&page=17&scale=200&ticket=AL6b6FVwAxh0znGO6RndNzE%3D
2026-06-28 03:34:24,857 [INFO] src.corpus_acquisition.downloader: Downloading page 18 from https://i.prcdn.co/img?file=eaaj2025122800000000001001&page=18&scale=200&ticket=AE2iaXBLFEBY77eUK5CvlRQ%3D
2026-06-28 03:34:25,518 [INFO] src.corpus_acquisition.downloader: Downloading page 19 from https://i.prcdn.co/img?file=eaaj2025122800000000001001&page=19&scale=200&ticket=AHJr0hj13qMt9A9Jb6%2F0tzE%3D
2026-06-28 03:34:26,299 [INFO] src.corpus_acquisition.downloader: Downloading page 20 from https://i.prcdn.co/img?file=eaaj2025122800000000001001&page=20&scale=200&ticket=ANkauMkPBp5V95jYQ5IYtgM%3D
2026-06-28 03:34:27,000 [INFO] src.corpus_acquisition.downloader: Downloading page 21 from https://i.prcdn.co/img?file=eaaj2025122800000000001001&page=21&scale=200&ticket=AOi8JjcZYiwaloBGSAgueWA%3D
2026-06-28 03:34:27,462 [INFO] src.corpus_acquisition.downloader: Downloading page 22 from https://i.prcdn.co/img?file=eaaj2025122800000000001001&page=22&scale=200&ticket=AD%2BsUfhjOwA0JLF5ENeOQi0%3D
2026-06-28 03:34:28,040 [INFO] src.corpus_acquisition.downloader: Downloading page 23 from https://i.prcdn.co/img?file=eaaj2025122800000000001001&page=23&scale=200&ticket=ALZmBYq7blXtjbixYb80obg%3D
2026-06-28 03:34:28,959 [INFO] src.corpus_acquisition.downloader: Downloading page 24 from https://i.prcdn.co/img?file=eaaj2025122800000000001001&page=24&scale=200&ticket=ADv8f2EFJSjFfEk%2BotvFP5k%3D
2026-06-28 03:34:29,880 [INFO] src.corpus_acquisition.downloader: Downloading page 25 from https://i.prcdn.co/img?file=eaaj2025122800000000001001&page=25&scale=200&ticket=AOLdZqzrNSaDnhn%2Fs6vOtX4%3D
2026-06-28 03:34:30,628 [INFO] src.corpus_acquisition.downloader: Downloading page 26 from https://i.prcdn.co/img?file=eaaj2025122800000000001001&page=26&scale=200&ticket=ADRcbTerzcRBa%2BKK%2FsP2J38%3D
2026-06-28 03:34:31,266 [INFO] src.corpus_acquisition.downloader: Downloading page 27 from https://i.prcdn.co/img?file=eaaj2025122800000000001001&page=27&scale=200&ticket=AO%2FRvjL7iCKChgr7yumqtjo%3D
2026-06-28 03:34:32,029 [INFO] src.corpus_acquisition.downloader: Downloading page 28 from https://i.prcdn.co/img?file=eaaj2025122800000000001001&page=28&scale=200&ticket=AGFuOvKeqIUSyhDdybPQdKg%3D
2026-06-28 03:34:32,831 [INFO] src.corpus_acquisition.downloader: Downloading page 29 from https://i.prcdn.co/img?file=eaaj2025122800000000001001&page=29&scale=200&ticket=ANJNBKUUom%2F1wwFW7%2BG4fxA%3D
2026-06-28 03:34:33,709 [INFO] src.corpus_acquisition.downloader: Downloading page 30 from https://i.prcdn.co/img?file=eaaj2025122800000000001001&page=30&scale=200&ticket=AExWZVGl6Bs9W%2Fa2zOR9s4g%3D
2026-06-28 03:34:34,527 [INFO] src.corpus_acquisition.downloader: Downloading page 31 from https://i.prcdn.co/img?file=eaaj2025122800000000001001&page=31&scale=200&ticket=AEksWOZ25XIySuxnDA8JPgs%3D
2026-06-28 03:34:35,092 [INFO] src.corpus_acquisition.downloader: Downloading page 32 from https://i.prcdn.co/img?file=eaaj2025122800000000001001&page=32&scale=200&ticket=ANw3XXistnd9S%2FGl9%2BQKyXY%3D
2026-06-28 03:34:36,292 [INFO] src.corpus_acquisition.downloader: Downloading page 33 from https://i.prcdn.co/img?file=eaaj2025122800000000001001&page=33&scale=200&ticket=AKPG4czPaxMlOWVld43boOY%3D
2026-06-28 03:34:37,072 [INFO] src.corpus_acquisition.downloader: Downloading page 34 from https://i.prcdn.co/img?file=eaaj2025122800000000001001&page=34&scale=200&ticket=AFXJxGlmY8vyyVqOpyzfbfU%3D
2026-06-28 03:34:37,506 [INFO] src.corpus_acquisition.downloader: Downloading page 35 from https://i.prcdn.co/img?file=eaaj2025122800000000001001&page=35&scale=200&ticket=APvNh%2FHdFyuenxqYbiebEuI%3D
2026-06-28 03:34:38,314 [INFO] src.corpus_acquisition.downloader: Downloading page 36 from https://i.prcdn.co/img?file=eaaj2025122800000000001001&page=36&scale=200&ticket=ACnSHgbImzmtbA7WF4qmU9c%3D
2026-06-28 03:34:38,924 [INFO] src.corpus_acquisition.downloader: Downloading page 37 from https://i.prcdn.co/img?file=eaaj2025122800000000001001&page=37&scale=200&ticket=AHML9fkJ8sKTx3uqRpIgSts%3D
2026-06-28 03:34:39,678 [INFO] src.corpus_acquisition.downloader: Downloading page 38 from https://i.prcdn.co/img?file=eaaj2025122800000000001001&page=38&scale=200&ticket=AArjSGlCLwQa00lnlLOWqrA%3D
2026-06-28 03:34:40,314 [INFO] src.corpus_acquisition.downloader: Downloading page 39 from https://i.prcdn.co/img?file=eaaj2025122800000000001001&page=39&scale=200&ticket=ANGBPigwEWrL1i8ko9zeBio%3D
2026-06-28 03:34:41,011 [INFO] src.corpus_acquisition.downloader: Downloading page 40 from https://i.prcdn.co/img?file=eaaj2025122800000000001001&page=40&scale=200&ticket=AEIc1biROaUGQconbQ2op1w%3D
2026-06-28 03:34:42,042 [INFO] src.corpus_acquisition.downloader: Downloading page 41 from https://i.prcdn.co/img?file=eaaj2025122800000000001001&page=41&scale=200&ticket=AByaPmQc69AwD4c6e8Cp7Ow%3D
2026-06-28 03:34:42,739 [INFO] src.corpus_acquisition.downloader: Downloading page 42 from https://i.prcdn.co/img?file=eaaj2025122800000000001001&page=42&scale=200&ticket=ADBJ%2Bv5mARf1Rb60N78ycDA%3D
2026-06-28 03:34:43,648 [INFO] src.corpus_acquisition.downloader: Downloading page 43 from https://i.prcdn.co/img?file=eaaj2025122800000000001001&page=43&scale=200&ticket=ABolrCi7G6pZIKjpXTdI18o%3D
2026-06-28 03:34:44,690 [INFO] src.corpus_acquisition.downloader: Downloading page 44 from https://i.prcdn.co/img?file=eaaj2025122800000000001001&page=44&scale=200&ticket=AHNlLlhjgTLijuXfX9JwQF4%3D
2026-06-28 03:34:45,250 [INFO] src.corpus_acquisition.downloader: Downloading page 45 from https://i.prcdn.co/img?file=eaaj2025122800000000001001&page=45&scale=200&ticket=AG134r4WVR6E7KV4yG4NLnQ%3D
2026-06-28 03:34:46,009 [INFO] src.corpus_acquisition.downloader: Downloading page 46 from https://i.prcdn.co/img?file=eaaj2025122800000000001001&page=46&scale=200&ticket=AL5iQSkJ3wLjv7tMJuW4Ugw%3D
2026-06-28 03:34:47,189 [INFO] src.corpus_acquisition.downloader: Downloading page 47 from https://i.prcdn.co/img?file=eaaj2025122800000000001001&page=47&scale=200&ticket=ANi82mf%2BW48%2FmOFNLrdyUFA%3D
2026-06-28 03:34:47,987 [INFO] src.corpus_acquisition.downloader: Downloading page 48 from https://i.prcdn.co/img?file=eaaj2025122800000000001001&page=48&scale=200&ticket=ADgvRsD8c0A8mZRjLmRDygc%3D
2026-06-28 03:34:48,961 [INFO] src.corpus_acquisition.metadata_extractor: Saved metadata for 48 page(s) -> data/raw/metadata/raw_metadata.parquet (total rows: 19048)
2026-06-28 03:34:48,963 [INFO] src.corpus_acquisition.metadata_extractor: Saved crawl log -> data/raw/crawl_logs/elcomercio_2025-12-28.json (status=success)
2026-06-28 03:34:53,924 [INFO] src.corpus_acquisition.downloader: Opening archive for elcomercio on 2025-12-29
2026-06-28 03:35:00,383 [INFO] src.corpus_acquisition.downloader: Collected 7 / 60 pages
2026-06-28 03:35:04,564 [INFO] src.corpus_acquisition.downloader: Collected 9 / 60 pages
2026-06-28 03:35:06,655 [INFO] src.corpus_acquisition.downloader: Collected 11 / 60 pages
2026-06-28 03:35:08,749 [INFO] src.corpus_acquisition.downloader: Collected 13 / 60 pages
2026-06-28 03:35:10,944 [INFO] src.corpus_acquisition.downloader: Collected 15 / 60 pages
2026-06-28 03:35:13,040 [INFO] src.corpus_acquisition.downloader: Collected 17 / 60 pages
2026-06-28 03:35:15,135 [INFO] src.corpus_acquisition.downloader: Collected 19 / 60 pages
2026-06-28 03:35:17,236 [INFO] src.corpus_acquisition.downloader: Collected 21 / 60 pages
2026-06-28 03:35:19,319 [INFO] src.corpus_acquisition.downloader: Collected 23 / 60 pages
2026-06-28 03:35:21,503 [INFO] src.corpus_acquisition.downloader: Collected 25 / 60 pages
2026-06-28 03:35:23,599 [INFO] src.corpus_acquisition.downloader: Collected 27 / 60 pages
2026-06-28 03:35:25,687 [INFO] src.corpus_acquisition.downloader: Collected 29 / 60 pages
2026-06-28 03:35:27,791 [INFO] src.corpus_acquisition.downloader: Collected 31 / 60 pages
2026-06-28 03:35:29,888 [INFO] src.corpus_acquisition.downloader: Collected 32 / 60 pages
2026-06-28 03:35:36,185 [WARNING] src.corpus_acquisition.downloader: No new pages found after 3 attempts; stopping with 32 page(s).
2026-06-28 03:35:36,198 [INFO] src.corpus_acquisition.downloader: Downloading page 1 from https://t.prcdn.co/img?file=eaaj2025122900000000001001&page=1&scale=200
2026-06-28 03:35:37,081 [INFO] src.corpus_acquisition.downloader: Downloading page 2 from https://i.prcdn.co/img?file=eaaj2025122900000000001001&page=2&scale=200&ticket=AAEcEv2DOJ47p7vLgPWDgK4%3D
2026-06-28 03:35:37,699 [INFO] src.corpus_acquisition.downloader: Downloading page 3 from https://i.prcdn.co/img?file=eaaj2025122900000000001001&page=3&scale=200&ticket=AIOyq%2FggV1SgE4pjKNZ1xzc%3D
2026-06-28 03:35:38,633 [INFO] src.corpus_acquisition.downloader: Downloading page 4 from https://i.prcdn.co/img?file=eaaj2025122900000000001001&page=4&scale=200&ticket=APqLrwJGcC0PEZ4cmqblfgo%3D
2026-06-28 03:35:39,373 [INFO] src.corpus_acquisition.downloader: Downloading page 5 from https://i.prcdn.co/img?file=eaaj2025122900000000001001&page=5&scale=200&ticket=AEnaUbsqtK8spsCBdLFO4aU%3D
2026-06-28 03:35:40,215 [INFO] src.corpus_acquisition.downloader: Downloading page 6 from https://i.prcdn.co/img?file=eaaj2025122900000000001001&page=6&scale=200&ticket=AKo6MVZn49ogaEvhmGGCfgY%3D
2026-06-28 03:35:42,077 [INFO] src.corpus_acquisition.downloader: Downloading page 7 from https://i.prcdn.co/img?file=eaaj2025122900000000001001&page=7&scale=200&ticket=AHBdsENDHI790CKu1CbQArA%3D
2026-06-28 03:35:42,662 [INFO] src.corpus_acquisition.downloader: Downloading page 8 from https://i.prcdn.co/img?file=eaaj2025122900000000001001&page=8&scale=200&ticket=AFkUy4UUFJUFE0eAAUMotw4%3D
2026-06-28 03:35:43,149 [INFO] src.corpus_acquisition.downloader: Downloading page 9 from https://i.prcdn.co/img?file=eaaj2025122900000000001001&page=9&scale=200&ticket=AGcFvOoU7N8%2FVy%2B8yc9qZhw%3D
2026-06-28 03:35:43,748 [INFO] src.corpus_acquisition.downloader: Downloading page 10 from https://i.prcdn.co/img?file=eaaj2025122900000000001001&page=10&scale=200&ticket=ANxv%2Fl8BXNQIKU0KAMo6pL4%3D
2026-06-28 03:35:44,468 [INFO] src.corpus_acquisition.downloader: Downloading page 11 from https://i.prcdn.co/img?file=eaaj2025122900000000001001&page=11&scale=200&ticket=AO2jnNrexXUaUoahBiHn9oQ%3D
2026-06-28 03:35:45,028 [INFO] src.corpus_acquisition.downloader: Downloading page 12 from https://i.prcdn.co/img?file=eaaj2025122900000000001001&page=12&scale=200&ticket=AFdYT6ZwlPLiFkgtubeMPys%3D
2026-06-28 03:35:45,908 [INFO] src.corpus_acquisition.downloader: Downloading page 13 from https://i.prcdn.co/img?file=eaaj2025122900000000001001&page=13&scale=200&ticket=AMNopm8WbGr9EJnNbWPeBrY%3D
2026-06-28 03:35:46,616 [INFO] src.corpus_acquisition.downloader: Downloading page 14 from https://i.prcdn.co/img?file=eaaj2025122900000000001001&page=14&scale=200&ticket=ABUXjdK0hQKOf%2FAmm4PpnFo%3D
2026-06-28 03:35:47,713 [INFO] src.corpus_acquisition.downloader: Downloading page 15 from https://i.prcdn.co/img?file=eaaj2025122900000000001001&page=15&scale=200&ticket=ALtQqGBIEV3Z7vv%2FO2VWWIs%3D
2026-06-28 03:35:48,445 [INFO] src.corpus_acquisition.downloader: Downloading page 16 from https://i.prcdn.co/img?file=eaaj2025122900000000001001&page=16&scale=200&ticket=AMpIuOtrKxRW3AM8Io2zyY4%3D
2026-06-28 03:35:48,983 [INFO] src.corpus_acquisition.downloader: Downloading page 17 from https://i.prcdn.co/img?file=eaaj2025122900000000001001&page=17&scale=200&ticket=AEGfn8cfKrT4fhg5kvQADwA%3D
2026-06-28 03:35:49,977 [INFO] src.corpus_acquisition.downloader: Downloading page 18 from https://i.prcdn.co/img?file=eaaj2025122900000000001001&page=18&scale=200&ticket=APAOAh8XgIxb7mJzElmdLQA%3D
2026-06-28 03:35:50,638 [INFO] src.corpus_acquisition.downloader: Downloading page 19 from https://i.prcdn.co/img?file=eaaj2025122900000000001001&page=19&scale=200&ticket=AIFY3GhO5nRQUo%2FsO%2BPI2kM%3D
2026-06-28 03:35:51,308 [INFO] src.corpus_acquisition.downloader: Downloading page 20 from https://i.prcdn.co/img?file=eaaj2025122900000000001001&page=20&scale=200&ticket=AAB%2BgIldYBmiZeUWlH%2BjAKA%3D
2026-06-28 03:35:52,010 [INFO] src.corpus_acquisition.downloader: Downloading page 21 from https://i.prcdn.co/img?file=eaaj2025122900000000001001&page=21&scale=200&ticket=ALErQwWFCDa3Ml4ErF85bCk%3D
2026-06-28 03:35:52,618 [INFO] src.corpus_acquisition.downloader: Downloading page 22 from https://i.prcdn.co/img?file=eaaj2025122900000000001001&page=22&scale=200&ticket=ANFJtmLK%2F526HKMhKS0rTq4%3D
2026-06-28 03:35:53,178 [INFO] src.corpus_acquisition.downloader: Downloading page 23 from https://i.prcdn.co/img?file=eaaj2025122900000000001001&page=23&scale=200&ticket=AA6p5FlEV0%2FGk%2FgHp3qQkBY%3D
2026-06-28 03:35:53,923 [INFO] src.corpus_acquisition.downloader: Downloading page 24 from https://i.prcdn.co/img?file=eaaj2025122900000000001001&page=24&scale=200&ticket=AITpS9y8s%2BAjI1uVNJQeadU%3D
2026-06-28 03:35:54,523 [INFO] src.corpus_acquisition.downloader: Downloading page 25 from https://i.prcdn.co/img?file=eaaj2025122900000000001001&page=25&scale=200&ticket=ACGDfcMAl6sudjHhvRdhNcs%3D
2026-06-28 03:35:55,197 [INFO] src.corpus_acquisition.downloader: Downloading page 26 from https://i.prcdn.co/img?file=eaaj2025122900000000001001&page=26&scale=200&ticket=AEB3HSOaXifhIdNHLr9y1AM%3D
2026-06-28 03:35:56,364 [INFO] src.corpus_acquisition.downloader: Downloading page 27 from https://i.prcdn.co/img?file=eaaj2025122900000000001001&page=27&scale=200&ticket=AMjhRJSryr1ZM%2B%2FqXoCVaYk%3D
2026-06-28 03:35:56,926 [INFO] src.corpus_acquisition.downloader: Downloading page 28 from https://i.prcdn.co/img?file=eaaj2025122900000000001001&page=28&scale=200&ticket=AIkN%2BHPcYgpdKLURYh6swXU%3D
2026-06-28 03:35:57,903 [INFO] src.corpus_acquisition.downloader: Downloading page 29 from https://i.prcdn.co/img?file=eaaj2025122900000000001001&page=29&scale=200&ticket=AFabHN6yCslPoYXgp4FAr5s%3D
2026-06-28 03:35:58,501 [INFO] src.corpus_acquisition.downloader: Downloading page 30 from https://i.prcdn.co/img?file=eaaj2025122900000000001001&page=30&scale=200&ticket=APJ5%2Bl%2FZjO5i4TQBIQq7H%2FA%3D
2026-06-28 03:35:59,606 [INFO] src.corpus_acquisition.downloader: Downloading page 31 from https://i.prcdn.co/img?file=eaaj2025122900000000001001&page=31&scale=200&ticket=APJm1V0xE5bn4G15Pv6OA4k%3D
2026-06-28 03:36:01,083 [INFO] src.corpus_acquisition.downloader: Downloading page 32 from https://i.prcdn.co/img?file=eaaj2025122900000000001001&page=32&scale=200&ticket=ABXXsl10rnXhilccDjClx34%3D
2026-06-28 03:36:01,754 [INFO] src.corpus_acquisition.metadata_extractor: Saved metadata for 32 page(s) -> data/raw/metadata/raw_metadata.parquet (total rows: 19080)
2026-06-28 03:36:01,756 [INFO] src.corpus_acquisition.metadata_extractor: Saved crawl log -> data/raw/crawl_logs/elcomercio_2025-12-29.json (status=success)
2026-06-28 03:36:08,649 [INFO] src.corpus_acquisition.downloader: Opening archive for elcomercio on 2025-12-30
2026-06-28 03:36:14,857 [INFO] src.corpus_acquisition.downloader: Collected 7 / 60 pages
2026-06-28 03:36:19,031 [INFO] src.corpus_acquisition.downloader: Collected 9 / 60 pages
2026-06-28 03:36:21,112 [INFO] src.corpus_acquisition.downloader: Collected 11 / 60 pages
2026-06-28 03:36:23,200 [INFO] src.corpus_acquisition.downloader: Collected 13 / 60 pages
2026-06-28 03:36:25,392 [INFO] src.corpus_acquisition.downloader: Collected 15 / 60 pages
2026-06-28 03:36:27,495 [INFO] src.corpus_acquisition.downloader: Collected 17 / 60 pages
2026-06-28 03:36:29,580 [INFO] src.corpus_acquisition.downloader: Collected 19 / 60 pages
2026-06-28 03:36:31,665 [INFO] src.corpus_acquisition.downloader: Collected 20 / 60 pages
2026-06-28 03:36:37,932 [WARNING] src.corpus_acquisition.downloader: No new pages found after 3 attempts; stopping with 20 page(s).
2026-06-28 03:36:37,946 [INFO] src.corpus_acquisition.downloader: Downloading page 1 from https://t.prcdn.co/img?file=eaaj2025123000000000001001&page=1&scale=200
2026-06-28 03:36:38,666 [INFO] src.corpus_acquisition.downloader: Downloading page 2 from https://i.prcdn.co/img?file=eaaj2025123000000000001001&page=2&scale=200&ticket=AN583sH%2F2msgKVBKihU49vo%3D
2026-06-28 03:36:39,453 [INFO] src.corpus_acquisition.downloader: Downloading page 3 from https://i.prcdn.co/img?file=eaaj2025123000000000001001&page=3&scale=200&ticket=ABI2zt1JISMJ5tCXCRacXqM%3D
2026-06-28 03:36:40,635 [INFO] src.corpus_acquisition.downloader: Downloading page 4 from https://i.prcdn.co/img?file=eaaj2025123000000000001001&page=4&scale=200&ticket=AOIP%2FQnF%2B8NJuN4Iq5x7sHw%3D
2026-06-28 03:36:41,540 [INFO] src.corpus_acquisition.downloader: Downloading page 5 from https://i.prcdn.co/img?file=eaaj2025123000000000001001&page=5&scale=200&ticket=AHQ%2FUvv5hB%2Bn2zK0%2FZ1UZg0%3D
2026-06-28 03:36:42,482 [INFO] src.corpus_acquisition.downloader: Downloading page 6 from https://i.prcdn.co/img?file=eaaj2025123000000000001001&page=6&scale=200&ticket=AA7s34UQnwq2tVD3AQTLnNA%3D
2026-06-28 03:36:44,179 [INFO] src.corpus_acquisition.downloader: Downloading page 7 from https://i.prcdn.co/img?file=eaaj2025123000000000001001&page=7&scale=200&ticket=ANq8r%2FaclABw31kXqCt0%2FIY%3D
2026-06-28 03:36:44,861 [INFO] src.corpus_acquisition.downloader: Downloading page 8 from https://i.prcdn.co/img?file=eaaj2025123000000000001001&page=8&scale=200&ticket=ACRexD5sHxook%2BXQtzZqJT0%3D
2026-06-28 03:36:45,442 [INFO] src.corpus_acquisition.downloader: Downloading page 9 from https://i.prcdn.co/img?file=eaaj2025123000000000001001&page=9&scale=200&ticket=AAeqEeWpc1%2Bi2eaO3grv%2Be4%3D
2026-06-28 03:36:45,770 [INFO] src.corpus_acquisition.downloader: Downloading page 10 from https://i.prcdn.co/img?file=eaaj2025123000000000001001&page=10&scale=200&ticket=AEcYoWmn9adYJFzt1Q7on9M%3D
2026-06-28 03:36:46,517 [INFO] src.corpus_acquisition.downloader: Downloading page 11 from https://i.prcdn.co/img?file=eaaj2025123000000000001001&page=11&scale=200&ticket=AIq03PXX38bp8nEinAtaBMg%3D
2026-06-28 03:36:47,230 [INFO] src.corpus_acquisition.downloader: Downloading page 12 from https://i.prcdn.co/img?file=eaaj2025123000000000001001&page=12&scale=200&ticket=APDZhXQGNpMA29C3SyWcnLU%3D
2026-06-28 03:36:47,958 [INFO] src.corpus_acquisition.downloader: Downloading page 13 from https://i.prcdn.co/img?file=eaaj2025123000000000001001&page=13&scale=200&ticket=AF2vfXQpYNwHUsYXEIWmNzo%3D
2026-06-28 03:36:48,799 [INFO] src.corpus_acquisition.downloader: Downloading page 14 from https://i.prcdn.co/img?file=eaaj2025123000000000001001&page=14&scale=200&ticket=APRtUPYIVYiXG%2FJlBR73iFs%3D
2026-06-28 03:36:49,530 [INFO] src.corpus_acquisition.downloader: Downloading page 15 from https://i.prcdn.co/img?file=eaaj2025123000000000001001&page=15&scale=200&ticket=ALcXsY3D3Y6ERL4I9gF5cp4%3D
2026-06-28 03:36:50,430 [INFO] src.corpus_acquisition.downloader: Downloading page 16 from https://i.prcdn.co/img?file=eaaj2025123000000000001001&page=16&scale=200&ticket=ACONugoq99Jwlao0OeHne6Y%3D
2026-06-28 03:36:50,880 [INFO] src.corpus_acquisition.downloader: Downloading page 17 from https://i.prcdn.co/img?file=eaaj2025123000000000001001&page=17&scale=200&ticket=AJ1XFACVU%2Fsy4dOuB6v1kvY%3D
2026-06-28 03:36:52,044 [INFO] src.corpus_acquisition.downloader: Downloading page 18 from https://i.prcdn.co/img?file=eaaj2025123000000000001001&page=18&scale=200&ticket=ALQuE26%2B0nzhGOx3AKRysGM%3D
2026-06-28 03:36:52,755 [INFO] src.corpus_acquisition.downloader: Downloading page 19 from https://i.prcdn.co/img?file=eaaj2025123000000000001001&page=19&scale=200&ticket=AEOBd47RtuDs1NvOxXHmPOo%3D
2026-06-28 03:36:53,594 [INFO] src.corpus_acquisition.downloader: Downloading page 20 from https://i.prcdn.co/img?file=eaaj2025123000000000001001&page=20&scale=200&ticket=AEmi4m25%2B9un%2B9ocSJsC8Nc%3D
2026-06-28 03:36:54,580 [INFO] src.corpus_acquisition.metadata_extractor: Saved metadata for 20 page(s) -> data/raw/metadata/raw_metadata.parquet (total rows: 19100)
2026-06-28 03:36:54,582 [INFO] src.corpus_acquisition.metadata_extractor: Saved crawl log -> data/raw/crawl_logs/elcomercio_2025-12-30.json (status=success)
2026-06-28 03:36:59,110 [INFO] src.corpus_acquisition.downloader: Opening archive for elcomercio on 2025-12-31
2026-06-28 03:37:04,997 [INFO] src.corpus_acquisition.downloader: Collected 7 / 60 pages
2026-06-28 03:37:09,160 [INFO] src.corpus_acquisition.downloader: Collected 9 / 60 pages
2026-06-28 03:37:11,251 [INFO] src.corpus_acquisition.downloader: Collected 11 / 60 pages
2026-06-28 03:37:13,341 [INFO] src.corpus_acquisition.downloader: Collected 13 / 60 pages
2026-06-28 03:37:15,541 [INFO] src.corpus_acquisition.downloader: Collected 15 / 60 pages
2026-06-28 03:37:17,635 [INFO] src.corpus_acquisition.downloader: Collected 17 / 60 pages
2026-06-28 03:37:19,729 [INFO] src.corpus_acquisition.downloader: Collected 19 / 60 pages
2026-06-28 03:37:21,813 [INFO] src.corpus_acquisition.downloader: Collected 20 / 60 pages
2026-06-28 03:37:28,097 [WARNING] src.corpus_acquisition.downloader: No new pages found after 3 attempts; stopping with 20 page(s).
2026-06-28 03:37:28,110 [INFO] src.corpus_acquisition.downloader: Downloading page 1 from https://t.prcdn.co/img?file=eaaj2025123100000000001001&page=1&scale=200
2026-06-28 03:37:28,920 [INFO] src.corpus_acquisition.downloader: Downloading page 2 from https://i.prcdn.co/img?file=eaaj2025123100000000001001&page=2&scale=200&ticket=AOIqTuo4yM%2Bw%2Ft%2Bp2CcfW%2FI%3D
2026-06-28 03:37:30,132 [INFO] src.corpus_acquisition.downloader: Downloading page 3 from https://i.prcdn.co/img?file=eaaj2025123100000000001001&page=3&scale=200&ticket=AO1QbvTdPwX2GchFECh70h0%3D
2026-06-28 03:37:31,378 [INFO] src.corpus_acquisition.downloader: Downloading page 4 from https://i.prcdn.co/img?file=eaaj2025123100000000001001&page=4&scale=200&ticket=AJVHaDr%2FACwNGjLU6nlIp1k%3D
2026-06-28 03:37:31,885 [INFO] src.corpus_acquisition.downloader: Downloading page 5 from https://i.prcdn.co/img?file=eaaj2025123100000000001001&page=5&scale=200&ticket=AJXADNraQWt3R9IGfJHrvFI%3D
2026-06-28 03:37:32,811 [INFO] src.corpus_acquisition.downloader: Downloading page 6 from https://i.prcdn.co/img?file=eaaj2025123100000000001001&page=6&scale=200&ticket=ABSHqnhlDeCrtgp%2BpbBMBxI%3D
2026-06-28 03:37:35,035 [INFO] src.corpus_acquisition.downloader: Downloading page 7 from https://i.prcdn.co/img?file=eaaj2025123100000000001001&page=7&scale=200&ticket=APXtjiJUID7VvM2CEPXW%2B1k%3D
2026-06-28 03:37:35,772 [INFO] src.corpus_acquisition.downloader: Downloading page 8 from https://i.prcdn.co/img?file=eaaj2025123100000000001001&page=8&scale=200&ticket=AIo0KnBIU5o4E3ftNEaRzkg%3D
2026-06-28 03:37:36,501 [INFO] src.corpus_acquisition.downloader: Downloading page 9 from https://i.prcdn.co/img?file=eaaj2025123100000000001001&page=9&scale=200&ticket=AORKFPiPLtvi1yxmoDX%2B80s%3D
2026-06-28 03:37:37,159 [INFO] src.corpus_acquisition.downloader: Downloading page 10 from https://i.prcdn.co/img?file=eaaj2025123100000000001001&page=10&scale=200&ticket=ABx%2FtJZT%2Fo%2FgBfXGAjAusNs%3D
2026-06-28 03:37:38,488 [INFO] src.corpus_acquisition.downloader: Downloading page 11 from https://i.prcdn.co/img?file=eaaj2025123100000000001001&page=11&scale=200&ticket=AHgM%2BCPtl%2Fm4DIL%2Bieu26u0%3D
2026-06-28 03:37:39,041 [INFO] src.corpus_acquisition.downloader: Downloading page 12 from https://i.prcdn.co/img?file=eaaj2025123100000000001001&page=12&scale=200&ticket=AApPLmwuuGkoou9Mo%2BiK13U%3D
2026-06-28 03:37:40,012 [INFO] src.corpus_acquisition.downloader: Downloading page 13 from https://i.prcdn.co/img?file=eaaj2025123100000000001001&page=13&scale=200&ticket=ALfZOhbquUznUHH5FgId7u8%3D
2026-06-28 03:37:40,553 [INFO] src.corpus_acquisition.downloader: Downloading page 14 from https://i.prcdn.co/img?file=eaaj2025123100000000001001&page=14&scale=200&ticket=AETAPzTcnSoAwexiBnnQhas%3D
2026-06-28 03:37:41,394 [INFO] src.corpus_acquisition.downloader: Downloading page 15 from https://i.prcdn.co/img?file=eaaj2025123100000000001001&page=15&scale=200&ticket=ACAbb%2Bps7lCRZFpTzOI97hk%3D
2026-06-28 03:37:42,418 [INFO] src.corpus_acquisition.downloader: Downloading page 16 from https://i.prcdn.co/img?file=eaaj2025123100000000001001&page=16&scale=200&ticket=AMLLsFzD8wJ8a%2FFv8irGAzA%3D
2026-06-28 03:37:42,955 [INFO] src.corpus_acquisition.downloader: Downloading page 17 from https://i.prcdn.co/img?file=eaaj2025123100000000001001&page=17&scale=200&ticket=AJAi0VyFCukOKbQx1LYO158%3D
2026-06-28 03:37:43,491 [INFO] src.corpus_acquisition.downloader: Downloading page 18 from https://i.prcdn.co/img?file=eaaj2025123100000000001001&page=18&scale=200&ticket=AFfrI5CdlKOWcp%2FY0bEckA4%3D
2026-06-28 03:37:44,331 [INFO] src.corpus_acquisition.downloader: Downloading page 19 from https://i.prcdn.co/img?file=eaaj2025123100000000001001&page=19&scale=200&ticket=AHiZGrq1X9EqZy94Zc0xsw4%3D
2026-06-28 03:37:44,919 [INFO] src.corpus_acquisition.downloader: Downloading page 20 from https://i.prcdn.co/img?file=eaaj2025123100000000001001&page=20&scale=200&ticket=APBkjOx0eCv4wuiHN6UPAQQ%3D
2026-06-28 03:37:45,742 [INFO] src.corpus_acquisition.metadata_extractor: Saved metadata for 20 page(s) -> data/raw/metadata/raw_metadata.parquet (total rows: 19120)
2026-06-28 03:37:45,744 [INFO] src.corpus_acquisition.metadata_extractor: Saved crawl log -> data/raw/crawl_logs/elcomercio_2025-12-31.json (status=success)
2026-06-28 03:37:51,460 [INFO] src.corpus_acquisition.downloader: Opening archive for elcomercio on 2026-01-01
2026-06-28 03:37:57,328 [INFO] src.corpus_acquisition.downloader: Collected 7 / 60 pages
2026-06-28 03:38:01,503 [INFO] src.corpus_acquisition.downloader: Collected 9 / 60 pages
2026-06-28 03:38:03,600 [INFO] src.corpus_acquisition.downloader: Collected 11 / 60 pages
2026-06-28 03:38:05,690 [INFO] src.corpus_acquisition.downloader: Collected 13 / 60 pages
2026-06-28 03:38:07,776 [INFO] src.corpus_acquisition.downloader: Collected 15 / 60 pages
2026-06-28 03:38:09,864 [INFO] src.corpus_acquisition.downloader: Collected 17 / 60 pages
2026-06-28 03:38:11,958 [INFO] src.corpus_acquisition.downloader: Collected 19 / 60 pages
2026-06-28 03:38:14,041 [INFO] src.corpus_acquisition.downloader: Collected 20 / 60 pages
2026-06-28 03:38:20,312 [WARNING] src.corpus_acquisition.downloader: No new pages found after 3 attempts; stopping with 20 page(s).
2026-06-28 03:38:20,325 [INFO] src.corpus_acquisition.downloader: Downloading page 1 from https://t.prcdn.co/img?file=eaaj2026010100000000001001&page=1&scale=200
2026-06-28 03:38:20,778 [INFO] src.corpus_acquisition.downloader: Downloading page 2 from https://i.prcdn.co/img?file=eaaj2026010100000000001001&page=2&scale=200&ticket=AI2rRuSU30ChUB2qhwIf1UQ%3D
2026-06-28 03:38:21,390 [INFO] src.corpus_acquisition.downloader: Downloading page 3 from https://i.prcdn.co/img?file=eaaj2026010100000000001001&page=3&scale=200&ticket=AGRBqrPQ37cRG6MrfQIJwyU%3D
2026-06-28 03:38:21,974 [INFO] src.corpus_acquisition.downloader: Downloading page 4 from https://i.prcdn.co/img?file=eaaj2026010100000000001001&page=4&scale=200&ticket=APMwb0%2F2j%2FKbbsM5ISlfGQM%3D
2026-06-28 03:38:23,078 [INFO] src.corpus_acquisition.downloader: Downloading page 5 from https://i.prcdn.co/img?file=eaaj2026010100000000001001&page=5&scale=200&ticket=AE2M5rguQMWiaX7SCyF1w%2Fg%3D
2026-06-28 03:38:23,530 [INFO] src.corpus_acquisition.downloader: Downloading page 6 from https://i.prcdn.co/img?file=eaaj2026010100000000001001&page=6&scale=200&ticket=AESDqbL3dBkyQGPgjJUMIPo%3D
2026-06-28 03:38:24,501 [INFO] src.corpus_acquisition.downloader: Downloading page 7 from https://i.prcdn.co/img?file=eaaj2026010100000000001001&page=7&scale=200&ticket=AAib7%2B%2F3kQQZTakw%2Fy3fP6A%3D
2026-06-28 03:38:24,542 [INFO] src.corpus_acquisition.downloader: Downloading page 8 from https://i.prcdn.co/img?file=eaaj2026010100000000001001&page=8&scale=200&ticket=ADOwfexkX6LAWpsP8vRTSXo%3D
2026-06-28 03:38:25,687 [INFO] src.corpus_acquisition.downloader: Downloading page 9 from https://i.prcdn.co/img?file=eaaj2026010100000000001001&page=9&scale=200&ticket=ACVDULZU8eIrzWDFheeGzrA%3D
2026-06-28 03:38:26,144 [INFO] src.corpus_acquisition.downloader: Downloading page 10 from https://i.prcdn.co/img?file=eaaj2026010100000000001001&page=10&scale=200&ticket=APtTDdHCdGPObzrBqY%2FWNT4%3D
2026-06-28 03:38:27,826 [INFO] src.corpus_acquisition.downloader: Downloading page 11 from https://i.prcdn.co/img?file=eaaj2026010100000000001001&page=11&scale=200&ticket=AI6hEJ0smnJ8Q8%2Bxd8yNrI4%3D
2026-06-28 03:38:29,462 [INFO] src.corpus_acquisition.downloader: Downloading page 12 from https://i.prcdn.co/img?file=eaaj2026010100000000001001&page=12&scale=200&ticket=AB5%2BOT7fnUAyCMRxRE%2BDtXQ%3D
2026-06-28 03:38:30,204 [INFO] src.corpus_acquisition.downloader: Downloading page 13 from https://i.prcdn.co/img?file=eaaj2026010100000000001001&page=13&scale=200&ticket=AKC845pbkbjBwXxVN%2BKfBRk%3D
2026-06-28 03:38:31,108 [INFO] src.corpus_acquisition.downloader: Downloading page 14 from https://i.prcdn.co/img?file=eaaj2026010100000000001001&page=14&scale=200&ticket=AMAbm%2F9IN1pJ%2BtdCILhdOSI%3D
2026-06-28 03:38:31,693 [INFO] src.corpus_acquisition.downloader: Downloading page 15 from https://i.prcdn.co/img?file=eaaj2026010100000000001001&page=15&scale=200&ticket=AGUsCK2tVX1ChiazhnzlO9g%3D
2026-06-28 03:38:32,745 [INFO] src.corpus_acquisition.downloader: Downloading page 16 from https://i.prcdn.co/img?file=eaaj2026010100000000001001&page=16&scale=200&ticket=AHyRPvNkk9Y8NT0emPHOHgY%3D
2026-06-28 03:38:33,673 [INFO] src.corpus_acquisition.downloader: Downloading page 17 from https://i.prcdn.co/img?file=eaaj2026010100000000001001&page=17&scale=200&ticket=AH8y9ZIk6xHDcGOQ8kCQ1Ls%3D
2026-06-28 03:38:33,725 [INFO] src.corpus_acquisition.downloader: Downloading page 18 from https://i.prcdn.co/img?file=eaaj2026010100000000001001&page=18&scale=200&ticket=AFIOF9AxiCuEif%2BDAPFkwHg%3D
2026-06-28 03:38:34,568 [INFO] src.corpus_acquisition.downloader: Downloading page 19 from https://i.prcdn.co/img?file=eaaj2026010100000000001001&page=19&scale=200&ticket=AAT2WNXJYnoWy3O7VqYEzHw%3D
2026-06-28 03:38:36,473 [INFO] src.corpus_acquisition.downloader: Downloading page 20 from https://i.prcdn.co/img?file=eaaj2026010100000000001001&page=20&scale=200&ticket=ALXTqzmoXC3br3fa66dUmF4%3D
2026-06-28 03:38:36,566 [INFO] src.corpus_acquisition.metadata_extractor: Saved metadata for 20 page(s) -> data/raw/metadata/raw_metadata.parquet (total rows: 19140)
2026-06-28 03:38:36,568 [INFO] src.corpus_acquisition.metadata_extractor: Saved crawl log -> data/raw/crawl_logs/elcomercio_2026-01-01.json (status=success)
2026-06-28 03:38:42,035 [INFO] src.corpus_acquisition.downloader: Opening archive for elcomercio on 2026-01-02
2026-06-28 03:38:47,875 [INFO] src.corpus_acquisition.downloader: Collected 7 / 60 pages
2026-06-28 03:38:52,032 [INFO] src.corpus_acquisition.downloader: Collected 9 / 60 pages
2026-06-28 03:38:54,123 [INFO] src.corpus_acquisition.downloader: Collected 11 / 60 pages
2026-06-28 03:38:56,204 [INFO] src.corpus_acquisition.downloader: Collected 13 / 60 pages
2026-06-28 03:38:58,397 [INFO] src.corpus_acquisition.downloader: Collected 14 / 60 pages
2026-06-28 03:39:00,503 [INFO] src.corpus_acquisition.downloader: Collected 17 / 60 pages
2026-06-28 03:39:02,591 [INFO] src.corpus_acquisition.downloader: Collected 19 / 60 pages
2026-06-28 03:39:04,675 [INFO] src.corpus_acquisition.downloader: Collected 20 / 60 pages
2026-06-28 03:39:10,943 [WARNING] src.corpus_acquisition.downloader: No new pages found after 3 attempts; stopping with 20 page(s).
2026-06-28 03:39:10,956 [INFO] src.corpus_acquisition.downloader: Downloading page 1 from https://t.prcdn.co/img?file=eaaj2026010200000000001001&page=1&scale=200
2026-06-28 03:39:11,739 [INFO] src.corpus_acquisition.downloader: Downloading page 2 from https://i.prcdn.co/img?file=eaaj2026010200000000001001&page=2&scale=200&ticket=AKG6nFkqZ0Z7uYzbDviHAMk%3D
2026-06-28 03:39:12,680 [INFO] src.corpus_acquisition.downloader: Downloading page 3 from https://i.prcdn.co/img?file=eaaj2026010200000000001001&page=3&scale=200&ticket=AFeM1ykvnahWJhKjgrYfNIk%3D
2026-06-28 03:39:13,577 [INFO] src.corpus_acquisition.downloader: Downloading page 4 from https://i.prcdn.co/img?file=eaaj2026010200000000001001&page=4&scale=200&ticket=AArpslrFjOnpKKNT7V110h4%3D
2026-06-28 03:39:14,511 [INFO] src.corpus_acquisition.downloader: Downloading page 5 from https://i.prcdn.co/img?file=eaaj2026010200000000001001&page=5&scale=200&ticket=ABoir3m5HndlYyw5exAemF4%3D
2026-06-28 03:39:15,481 [INFO] src.corpus_acquisition.downloader: Downloading page 6 from https://i.prcdn.co/img?file=eaaj2026010200000000001001&page=6&scale=200&ticket=APg4U3Pwv9a1agtNdFxuBXw%3D
2026-06-28 03:39:15,524 [INFO] src.corpus_acquisition.downloader: Downloading page 7 from https://i.prcdn.co/img?file=eaaj2026010200000000001001&page=7&scale=200&ticket=AFBb4%2Fc2ipSHOwxyThzmzKA%3D
2026-06-28 03:39:16,097 [INFO] src.corpus_acquisition.downloader: Downloading page 8 from https://i.prcdn.co/img?file=eaaj2026010200000000001001&page=8&scale=200&ticket=AHBy54omDcudp3sidYHN%2BVg%3D
2026-06-28 03:39:17,028 [INFO] src.corpus_acquisition.downloader: Downloading page 9 from https://i.prcdn.co/img?file=eaaj2026010200000000001001&page=9&scale=200&ticket=ACMn7AzTvVKB04nw0ZO1vf4%3D
2026-06-28 03:39:18,530 [INFO] src.corpus_acquisition.downloader: Downloading page 10 from https://i.prcdn.co/img?file=eaaj2026010200000000001001&page=10&scale=200&ticket=AFnaypW3PX6As029TxIAXH8%3D
2026-06-28 03:39:19,228 [INFO] src.corpus_acquisition.downloader: Downloading page 11 from https://i.prcdn.co/img?file=eaaj2026010200000000001001&page=11&scale=200&ticket=AKLvlxBSgJaNzAXlPaRD3ng%3D
2026-06-28 03:39:19,272 [INFO] src.corpus_acquisition.downloader: Downloading page 12 from https://i.prcdn.co/img?file=eaaj2026010200000000001001&page=12&scale=200&ticket=AFfVqqnIyVGbiz6VVmqHwzY%3D
2026-06-28 03:39:19,931 [INFO] src.corpus_acquisition.downloader: Downloading page 13 from https://i.prcdn.co/img?file=eaaj2026010200000000001001&page=13&scale=200&ticket=ALJkiaUdWTjwCfcNwDr%2B8Uc%3D
2026-06-28 03:39:20,093 [INFO] src.corpus_acquisition.downloader: Downloading page 14 from https://i.prcdn.co/img?file=eaaj2026010200000000001001&page=14&scale=200&ticket=AI846r%2Fo33cTqmQfMYjHrTg%3D
2026-06-28 03:39:20,139 [INFO] src.corpus_acquisition.downloader: Downloading page 15 from https://i.prcdn.co/img?file=eaaj2026010200000000001001&page=15&scale=200&ticket=ABk0gF%2BiHAqI7eASIRdIm1k%3D
2026-06-28 03:39:21,169 [INFO] src.corpus_acquisition.downloader: Downloading page 16 from https://i.prcdn.co/img?file=eaaj2026010200000000001001&page=16&scale=200&ticket=AOmRVuEMBx8k%2BCVdfzz87M0%3D
2026-06-28 03:39:21,732 [INFO] src.corpus_acquisition.downloader: Downloading page 17 from https://i.prcdn.co/img?file=eaaj2026010200000000001001&page=17&scale=200&ticket=AIjwaTmd0NxkWDh1jh298JY%3D
2026-06-28 03:39:22,522 [INFO] src.corpus_acquisition.downloader: Downloading page 18 from https://i.prcdn.co/img?file=eaaj2026010200000000001001&page=18&scale=200&ticket=AN%2BNcG0FfQXNajbvvBFdBo8%3D
2026-06-28 03:39:22,583 [INFO] src.corpus_acquisition.downloader: Downloading page 19 from https://i.prcdn.co/img?file=eaaj2026010200000000001001&page=19&scale=200&ticket=AMXeyogM8XNtGnd1UrBPVvI%3D
2026-06-28 03:39:23,225 [INFO] src.corpus_acquisition.downloader: Downloading page 20 from https://i.prcdn.co/img?file=eaaj2026010200000000001001&page=20&scale=200&ticket=AJZcP7UZsKv6i1W310w0dkY%3D
2026-06-28 03:39:24,515 [INFO] src.corpus_acquisition.metadata_extractor: Saved metadata for 20 page(s) -> data/raw/metadata/raw_metadata.parquet (total rows: 19160)
2026-06-28 03:39:24,517 [INFO] src.corpus_acquisition.metadata_extractor: Saved crawl log -> data/raw/crawl_logs/elcomercio_2026-01-02.json (status=success)
2026-06-28 03:39:29,423 [INFO] src.corpus_acquisition.downloader: Opening archive for elcomercio on 2026-01-03
2026-06-28 03:39:35,222 [INFO] src.corpus_acquisition.downloader: Collected 7 / 60 pages
2026-06-28 03:39:39,381 [INFO] src.corpus_acquisition.downloader: Collected 9 / 60 pages
2026-06-28 03:39:41,474 [INFO] src.corpus_acquisition.downloader: Collected 11 / 60 pages
2026-06-28 03:39:43,557 [INFO] src.corpus_acquisition.downloader: Collected 12 / 60 pages
2026-06-28 03:39:45,755 [INFO] src.corpus_acquisition.downloader: Collected 15 / 60 pages
2026-06-28 03:39:47,843 [INFO] src.corpus_acquisition.downloader: Collected 17 / 60 pages
2026-06-28 03:39:49,943 [INFO] src.corpus_acquisition.downloader: Collected 19 / 60 pages
2026-06-28 03:39:52,039 [INFO] src.corpus_acquisition.downloader: Collected 21 / 60 pages
2026-06-28 03:39:54,124 [INFO] src.corpus_acquisition.downloader: Collected 23 / 60 pages
2026-06-28 03:39:56,208 [INFO] src.corpus_acquisition.downloader: Collected 24 / 60 pages
2026-06-28 03:40:02,481 [WARNING] src.corpus_acquisition.downloader: No new pages found after 3 attempts; stopping with 24 page(s).
2026-06-28 03:40:02,495 [INFO] src.corpus_acquisition.downloader: Downloading page 1 from https://t.prcdn.co/img?file=eaaj2026010300000000001001&page=1&scale=200
2026-06-28 03:40:03,170 [INFO] src.corpus_acquisition.downloader: Downloading page 2 from https://i.prcdn.co/img?file=eaaj2026010300000000001001&page=2&scale=200&ticket=AFAsRDEKzZrNYy%2BzNdLiaRw%3D
2026-06-28 03:40:03,234 [INFO] src.corpus_acquisition.downloader: Downloading page 3 from https://i.prcdn.co/img?file=eaaj2026010300000000001001&page=3&scale=200&ticket=AGZyGvh61t%2Bjzqt%2B03nPs28%3D
2026-06-28 03:40:04,066 [INFO] src.corpus_acquisition.downloader: Downloading page 4 from https://i.prcdn.co/img?file=eaaj2026010300000000001001&page=4&scale=200&ticket=ALtBwdHlkiVKLm8FD08SxyU%3D
2026-06-28 03:40:04,975 [INFO] src.corpus_acquisition.downloader: Downloading page 5 from https://i.prcdn.co/img?file=eaaj2026010300000000001001&page=5&scale=200&ticket=AEjnLlKP09mHM1L1B9BVRf0%3D
2026-06-28 03:40:05,615 [INFO] src.corpus_acquisition.downloader: Downloading page 6 from https://i.prcdn.co/img?file=eaaj2026010300000000001001&page=6&scale=200&ticket=ADN2i59jL87iA4holYEyrWA%3D
2026-06-28 03:40:06,445 [INFO] src.corpus_acquisition.downloader: Downloading page 7 from https://i.prcdn.co/img?file=eaaj2026010300000000001001&page=7&scale=200&ticket=AN4aru89%2BuqpE1R2LHEmaLw%3D
2026-06-28 03:40:06,998 [INFO] src.corpus_acquisition.downloader: Downloading page 8 from https://i.prcdn.co/img?file=eaaj2026010300000000001001&page=8&scale=200&ticket=AFf59v2%2FR1a%2Byt1Y4ygcNb0%3D
2026-06-28 03:40:07,525 [INFO] src.corpus_acquisition.downloader: Downloading page 9 from https://i.prcdn.co/img?file=eaaj2026010300000000001001&page=9&scale=200&ticket=AD5Jm7SNeoWBOueSGe8l9%2BI%3D
2026-06-28 03:40:08,148 [INFO] src.corpus_acquisition.downloader: Downloading page 10 from https://i.prcdn.co/img?file=eaaj2026010300000000001001&page=10&scale=200&ticket=AFYkagO3xGwRxs6KVyWOt2w%3D
2026-06-28 03:40:08,894 [INFO] src.corpus_acquisition.downloader: Downloading page 11 from https://i.prcdn.co/img?file=eaaj2026010300000000001001&page=11&scale=200&ticket=AE%2Bk%2FtsjVW33G0TJTw1gfRo%3D
2026-06-28 03:40:10,418 [INFO] src.corpus_acquisition.downloader: Downloading page 12 from https://i.prcdn.co/img?file=eaaj2026010300000000001001&page=12&scale=200&ticket=ABC80IeFY%2BrO7fGVYsuEW2s%3D
2026-06-28 03:40:11,128 [INFO] src.corpus_acquisition.downloader: Downloading page 13 from https://i.prcdn.co/img?file=eaaj2026010300000000001001&page=13&scale=200&ticket=AOgtO76EXhZwtQu2pvgMzvs%3D
2026-06-28 03:40:11,931 [INFO] src.corpus_acquisition.downloader: Downloading page 14 from https://i.prcdn.co/img?file=eaaj2026010300000000001001&page=14&scale=200&ticket=AJ7UDY%2B54DCps3bErKcmQmE%3D
2026-06-28 03:40:12,653 [INFO] src.corpus_acquisition.downloader: Downloading page 15 from https://i.prcdn.co/img?file=eaaj2026010300000000001001&page=15&scale=200&ticket=AHKDrVG9tw9SYb%2BayQcxl%2Bg%3D
2026-06-28 03:40:13,991 [INFO] src.corpus_acquisition.downloader: Downloading page 16 from https://i.prcdn.co/img?file=eaaj2026010300000000001001&page=16&scale=200&ticket=AFndRXDyvdvlRlXthyfd%2BrA%3D
2026-06-28 03:40:14,137 [INFO] src.corpus_acquisition.downloader: Downloading page 17 from https://i.prcdn.co/img?file=eaaj2026010300000000001001&page=17&scale=200&ticket=ACpjbS0Bd9P9slJnl%2BnBoWE%3D
2026-06-28 03:40:14,176 [INFO] src.corpus_acquisition.downloader: Downloading page 18 from https://i.prcdn.co/img?file=eaaj2026010300000000001001&page=18&scale=200&ticket=AFwZezGGAyH4vkZtTFtHM00%3D
2026-06-28 03:40:16,045 [INFO] src.corpus_acquisition.downloader: Downloading page 19 from https://i.prcdn.co/img?file=eaaj2026010300000000001001&page=19&scale=200&ticket=AAljLTxjDR5OvrITePg00YA%3D
2026-06-28 03:40:16,443 [INFO] src.corpus_acquisition.downloader: Downloading page 20 from https://i.prcdn.co/img?file=eaaj2026010300000000001001&page=20&scale=200&ticket=APM%2BtZuGptNVcf2qPpYNJzE%3D
2026-06-28 03:40:16,504 [INFO] src.corpus_acquisition.downloader: Downloading page 21 from https://i.prcdn.co/img?file=eaaj2026010300000000001001&page=21&scale=200&ticket=AOcLuuHwRCt8FxCVn5B6ip4%3D
2026-06-28 03:40:17,337 [INFO] src.corpus_acquisition.downloader: Downloading page 22 from https://i.prcdn.co/img?file=eaaj2026010300000000001001&page=22&scale=200&ticket=AEd5T%2Fe561HRCh5Qp2EmQvk%3D
2026-06-28 03:40:18,566 [INFO] src.corpus_acquisition.downloader: Downloading page 23 from https://i.prcdn.co/img?file=eaaj2026010300000000001001&page=23&scale=200&ticket=AP1il0aar4M8jXW62vmW0EU%3D
2026-06-28 03:40:19,567 [INFO] src.corpus_acquisition.downloader: Downloading page 24 from https://i.prcdn.co/img?file=eaaj2026010300000000001001&page=24&scale=200&ticket=ALCskxD2ns1EZ7NiGIl%2B6CQ%3D
2026-06-28 03:40:20,071 [INFO] src.corpus_acquisition.metadata_extractor: Saved metadata for 24 page(s) -> data/raw/metadata/raw_metadata.parquet (total rows: 19184)
2026-06-28 03:40:20,073 [INFO] src.corpus_acquisition.metadata_extractor: Saved crawl log -> data/raw/crawl_logs/elcomercio_2026-01-03.json (status=success)
2026-06-28 03:40:26,565 [INFO] src.corpus_acquisition.downloader: Opening archive for elcomercio on 2026-01-04
2026-06-28 03:40:32,411 [INFO] src.corpus_acquisition.downloader: Collected 7 / 60 pages
2026-06-28 03:40:36,597 [INFO] src.corpus_acquisition.downloader: Collected 9 / 60 pages
2026-06-28 03:40:38,697 [INFO] src.corpus_acquisition.downloader: Collected 11 / 60 pages
2026-06-28 03:40:40,785 [INFO] src.corpus_acquisition.downloader: Collected 13 / 60 pages
2026-06-28 03:40:42,866 [INFO] src.corpus_acquisition.downloader: Collected 15 / 60 pages
2026-06-28 03:40:44,956 [INFO] src.corpus_acquisition.downloader: Collected 17 / 60 pages
2026-06-28 03:40:47,044 [INFO] src.corpus_acquisition.downloader: Collected 19 / 60 pages
2026-06-28 03:40:49,138 [INFO] src.corpus_acquisition.downloader: Collected 21 / 60 pages
2026-06-28 03:40:51,224 [INFO] src.corpus_acquisition.downloader: Collected 23 / 60 pages
2026-06-28 03:40:53,333 [INFO] src.corpus_acquisition.downloader: Collected 25 / 60 pages
2026-06-28 03:40:55,429 [INFO] src.corpus_acquisition.downloader: Collected 26 / 60 pages
2026-06-28 03:40:57,520 [INFO] src.corpus_acquisition.downloader: Collected 29 / 60 pages
2026-06-28 03:40:59,601 [INFO] src.corpus_acquisition.downloader: Collected 31 / 60 pages
2026-06-28 03:41:01,686 [INFO] src.corpus_acquisition.downloader: Collected 32 / 60 pages
2026-06-28 03:41:03,773 [INFO] src.corpus_acquisition.downloader: Collected 35 / 60 pages
2026-06-28 03:41:05,873 [INFO] src.corpus_acquisition.downloader: Collected 37 / 60 pages
2026-06-28 03:41:07,973 [INFO] src.corpus_acquisition.downloader: Collected 39 / 60 pages
2026-06-28 03:41:10,073 [INFO] src.corpus_acquisition.downloader: Collected 41 / 60 pages
2026-06-28 03:41:12,171 [INFO] src.corpus_acquisition.downloader: Collected 43 / 60 pages
2026-06-28 03:41:14,250 [INFO] src.corpus_acquisition.downloader: Collected 45 / 60 pages
2026-06-28 03:41:16,337 [INFO] src.corpus_acquisition.downloader: Collected 47 / 60 pages
2026-06-28 03:41:18,417 [INFO] src.corpus_acquisition.downloader: Collected 48 / 60 pages
2026-06-28 03:41:24,688 [WARNING] src.corpus_acquisition.downloader: No new pages found after 3 attempts; stopping with 48 page(s).
2026-06-28 03:41:24,717 [INFO] src.corpus_acquisition.downloader: Downloading page 1 from https://t.prcdn.co/img?file=eaaj2026010400000000001001&page=1&scale=200
2026-06-28 03:41:25,390 [INFO] src.corpus_acquisition.downloader: Downloading page 2 from https://i.prcdn.co/img?file=eaaj2026010400000000001001&page=2&scale=200&ticket=AC9CK87KMwH8Zz%2BbwF0KyWE%3D
2026-06-28 03:41:25,845 [INFO] src.corpus_acquisition.downloader: Downloading page 3 from https://i.prcdn.co/img?file=eaaj2026010400000000001001&page=3&scale=200&ticket=AEE6VJ68v4YWdOA4Bh1DDzk%3D
2026-06-28 03:41:27,154 [INFO] src.corpus_acquisition.downloader: Downloading page 4 from https://i.prcdn.co/img?file=eaaj2026010400000000001001&page=4&scale=200&ticket=AD8gLJYtNQp%2BhI1kwq4NwNU%3D
2026-06-28 03:41:27,762 [INFO] src.corpus_acquisition.downloader: Downloading page 5 from https://i.prcdn.co/img?file=eaaj2026010400000000001001&page=5&scale=200&ticket=AFaXXfi3rpRrZxCx79GjIrQ%3D
2026-06-28 03:41:28,805 [INFO] src.corpus_acquisition.downloader: Downloading page 6 from https://i.prcdn.co/img?file=eaaj2026010400000000001001&page=6&scale=200&ticket=ADgXEReJFYbFPKpZFdlBx4U%3D
2026-06-28 03:41:28,848 [INFO] src.corpus_acquisition.downloader: Downloading page 7 from https://i.prcdn.co/img?file=eaaj2026010400000000001001&page=7&scale=200&ticket=AHr0r89IFZD77uKjSHelFjg%3D
2026-06-28 03:41:29,870 [INFO] src.corpus_acquisition.downloader: Downloading page 8 from https://i.prcdn.co/img?file=eaaj2026010400000000001001&page=8&scale=200&ticket=AKQhz2kFC9sJdq%2BYgDfNiK4%3D
2026-06-28 03:41:30,546 [INFO] src.corpus_acquisition.downloader: Downloading page 9 from https://i.prcdn.co/img?file=eaaj2026010400000000001001&page=9&scale=200&ticket=AH082q%2BjklLvcd75RmwqXTw%3D
2026-06-28 03:41:31,328 [INFO] src.corpus_acquisition.downloader: Downloading page 10 from https://i.prcdn.co/img?file=eaaj2026010400000000001001&page=10&scale=200&ticket=ADUruLQlRqKga9rj4ARINCA%3D
2026-06-28 03:41:32,436 [INFO] src.corpus_acquisition.downloader: Downloading page 11 from https://i.prcdn.co/img?file=eaaj2026010400000000001001&page=11&scale=200&ticket=AP6CU%2BnjbjzhibImRsx5csQ%3D
2026-06-28 03:41:33,367 [INFO] src.corpus_acquisition.downloader: Downloading page 12 from https://i.prcdn.co/img?file=eaaj2026010400000000001001&page=12&scale=200&ticket=AHJhbPuALFgj4XUz%2Fol1%2FXg%3D
2026-06-28 03:41:34,011 [INFO] src.corpus_acquisition.downloader: Downloading page 13 from https://i.prcdn.co/img?file=eaaj2026010400000000001001&page=13&scale=200&ticket=AG1miAiBtiVaYoHhEF19ecI%3D
2026-06-28 03:41:34,657 [INFO] src.corpus_acquisition.downloader: Downloading page 14 from https://i.prcdn.co/img?file=eaaj2026010400000000001001&page=14&scale=200&ticket=AOl0G3ZBA%2FuR02EUJzK%2BFdY%3D
2026-06-28 03:41:35,459 [INFO] src.corpus_acquisition.downloader: Downloading page 15 from https://i.prcdn.co/img?file=eaaj2026010400000000001001&page=15&scale=200&ticket=AA1CCrivPCm68NOmudP%2BI1I%3D
2026-06-28 03:41:35,951 [INFO] src.corpus_acquisition.downloader: Downloading page 16 from https://i.prcdn.co/img?file=eaaj2026010400000000001001&page=16&scale=200&ticket=AMVz8%2FBWn7qj%2FvzkLDZXkUM%3D
2026-06-28 03:41:36,552 [INFO] src.corpus_acquisition.downloader: Downloading page 17 from https://i.prcdn.co/img?file=eaaj2026010400000000001001&page=17&scale=200&ticket=APCOxE1heJIGf2jH%2FG1%2BIXA%3D
2026-06-28 03:41:37,217 [INFO] src.corpus_acquisition.downloader: Downloading page 18 from https://i.prcdn.co/img?file=eaaj2026010400000000001001&page=18&scale=200&ticket=AA2arPdXY0ZKLbWxZXKqbZQ%3D
2026-06-28 03:41:38,075 [INFO] src.corpus_acquisition.downloader: Downloading page 19 from https://i.prcdn.co/img?file=eaaj2026010400000000001001&page=19&scale=200&ticket=AF862k4LfzRRnC40TX1MgvI%3D
2026-06-28 03:41:38,144 [INFO] src.corpus_acquisition.downloader: Downloading page 20 from https://i.prcdn.co/img?file=eaaj2026010400000000001001&page=20&scale=200&ticket=AMbPmdJTOb3%2FYzb5tQiKUNs%3D
2026-06-28 03:41:38,896 [INFO] src.corpus_acquisition.downloader: Downloading page 21 from https://i.prcdn.co/img?file=eaaj2026010400000000001001&page=21&scale=200&ticket=ANn9lYvWD9zJMd1dypN4O88%3D
2026-06-28 03:41:39,448 [INFO] src.corpus_acquisition.downloader: Downloading page 22 from https://i.prcdn.co/img?file=eaaj2026010400000000001001&page=22&scale=200&ticket=ALCEhVigEv%2BCsn0L%2BbkfoEY%3D
2026-06-28 03:41:40,046 [INFO] src.corpus_acquisition.downloader: Downloading page 23 from https://i.prcdn.co/img?file=eaaj2026010400000000001001&page=23&scale=200&ticket=AKP2OB5ac1Wt1hCKAaPfB2k%3D
2026-06-28 03:41:40,595 [INFO] src.corpus_acquisition.downloader: Downloading page 24 from https://i.prcdn.co/img?file=eaaj2026010400000000001001&page=24&scale=200&ticket=AFvTaegN6szkuIGseTMUDKY%3D
2026-06-28 03:41:41,460 [INFO] src.corpus_acquisition.downloader: Downloading page 25 from https://i.prcdn.co/img?file=eaaj2026010400000000001001&page=25&scale=200&ticket=AL9XJCItXB%2F%2FivNYCJhqa3w%3D
2026-06-28 03:41:41,953 [INFO] src.corpus_acquisition.downloader: Downloading page 26 from https://i.prcdn.co/img?file=eaaj2026010400000000001001&page=26&scale=200&ticket=AOiL6Ss8jb2zquAk7Tdh6J8%3D
2026-06-28 03:41:42,489 [INFO] src.corpus_acquisition.downloader: Downloading page 27 from https://i.prcdn.co/img?file=eaaj2026010400000000001001&page=27&scale=200&ticket=AIqpfs%2BYp8ntmNI%2B5TvXkro%3D
2026-06-28 03:41:43,299 [INFO] src.corpus_acquisition.downloader: Downloading page 28 from https://i.prcdn.co/img?file=eaaj2026010400000000001001&page=28&scale=200&ticket=AOHAQzHGRs7heXoRCLf1ZMg%3D
2026-06-28 03:41:43,842 [INFO] src.corpus_acquisition.downloader: Downloading page 29 from https://i.prcdn.co/img?file=eaaj2026010400000000001001&page=29&scale=200&ticket=AJgc2Jjwouhs%2FYak5anvIv8%3D
2026-06-28 03:41:44,683 [INFO] src.corpus_acquisition.downloader: Downloading page 30 from https://i.prcdn.co/img?file=eaaj2026010400000000001001&page=30&scale=200&ticket=AMAq1XLWTz0kYmzZIldzEbo%3D
2026-06-28 03:41:45,203 [INFO] src.corpus_acquisition.downloader: Downloading page 31 from https://i.prcdn.co/img?file=eaaj2026010400000000001001&page=31&scale=200&ticket=AHDBqdNsxvqw3g0GsBUrAps%3D
2026-06-28 03:41:46,215 [INFO] src.corpus_acquisition.downloader: Downloading page 32 from https://i.prcdn.co/img?file=eaaj2026010400000000001001&page=32&scale=200&ticket=AOAbUw14I5w1dgXxSKD2q0U%3D
2026-06-28 03:41:47,058 [INFO] src.corpus_acquisition.downloader: Downloading page 33 from https://i.prcdn.co/img?file=eaaj2026010400000000001001&page=33&scale=200&ticket=AMTji4XYYuot7fu4JXEukbk%3D
2026-06-28 03:41:47,643 [INFO] src.corpus_acquisition.downloader: Downloading page 34 from https://i.prcdn.co/img?file=eaaj2026010400000000001001&page=34&scale=200&ticket=AK5mULRNm0vOYb%2BuqEmBphg%3D
2026-06-28 03:41:48,532 [INFO] src.corpus_acquisition.downloader: Downloading page 35 from https://i.prcdn.co/img?file=eaaj2026010400000000001001&page=35&scale=200&ticket=AK%2Fy4gyhIKiymguKFzMqvm0%3D
2026-06-28 03:41:49,197 [INFO] src.corpus_acquisition.downloader: Downloading page 36 from https://i.prcdn.co/img?file=eaaj2026010400000000001001&page=36&scale=200&ticket=AM5gj%2BWq9QqKCwoRoFk8g%2Bg%3D
2026-06-28 03:41:49,942 [INFO] src.corpus_acquisition.downloader: Downloading page 37 from https://i.prcdn.co/img?file=eaaj2026010400000000001001&page=37&scale=200&ticket=AGw3TbwXh%2FsETav7Ha6j6D0%3D
2026-06-28 03:41:50,621 [INFO] src.corpus_acquisition.downloader: Downloading page 38 from https://i.prcdn.co/img?file=eaaj2026010400000000001001&page=38&scale=200&ticket=AMX2fAS9VstArl1LhorY054%3D
2026-06-28 03:41:51,312 [INFO] src.corpus_acquisition.downloader: Downloading page 39 from https://i.prcdn.co/img?file=eaaj2026010400000000001001&page=39&scale=200&ticket=APvUt9bdAVgE2AHlTs7ubMw%3D
2026-06-28 03:41:52,086 [INFO] src.corpus_acquisition.downloader: Downloading page 40 from https://i.prcdn.co/img?file=eaaj2026010400000000001001&page=40&scale=200&ticket=AKX46lLOWZOmUXz8qiR6OQo%3D
2026-06-28 03:41:52,945 [INFO] src.corpus_acquisition.downloader: Downloading page 41 from https://i.prcdn.co/img?file=eaaj2026010400000000001001&page=41&scale=200&ticket=AIM%2BVDppyp6s2tdKmvScDaA%3D
2026-06-28 03:41:53,716 [INFO] src.corpus_acquisition.downloader: Downloading page 42 from https://i.prcdn.co/img?file=eaaj2026010400000000001001&page=42&scale=200&ticket=AJ4MQUZUR%2BBUAIVrcWHaTr0%3D
2026-06-28 03:41:54,341 [INFO] src.corpus_acquisition.downloader: Downloading page 43 from https://i.prcdn.co/img?file=eaaj2026010400000000001001&page=43&scale=200&ticket=AJWJFIHL10HeIj5mNdzhtvA%3D
2026-06-28 03:41:54,951 [INFO] src.corpus_acquisition.downloader: Downloading page 44 from https://i.prcdn.co/img?file=eaaj2026010400000000001001&page=44&scale=200&ticket=AM1mftS1xcqcVRxa40n9dPQ%3D
2026-06-28 03:41:55,588 [INFO] src.corpus_acquisition.downloader: Downloading page 45 from https://i.prcdn.co/img?file=eaaj2026010400000000001001&page=45&scale=200&ticket=AFSDzNehHJ0xRWWov%2FXmvTU%3D
2026-06-28 03:41:56,332 [INFO] src.corpus_acquisition.downloader: Downloading page 46 from https://i.prcdn.co/img?file=eaaj2026010400000000001001&page=46&scale=200&ticket=ACRNYTNXjSpqhzUU%2FfKYz88%3D
2026-06-28 03:41:56,884 [INFO] src.corpus_acquisition.downloader: Downloading page 47 from https://i.prcdn.co/img?file=eaaj2026010400000000001001&page=47&scale=200&ticket=AEgg%2FQJwroI2uNbOhXc%2Bl08%3D
2026-06-28 03:41:57,534 [INFO] src.corpus_acquisition.downloader: Downloading page 48 from https://i.prcdn.co/img?file=eaaj2026010400000000001001&page=48&scale=200&ticket=ABxVYyvkxG3CwRmzFUaDo8U%3D
2026-06-28 03:41:58,958 [INFO] src.corpus_acquisition.metadata_extractor: Saved metadata for 48 page(s) -> data/raw/metadata/raw_metadata.parquet (total rows: 19232)
2026-06-28 03:41:58,960 [INFO] src.corpus_acquisition.metadata_extractor: Saved crawl log -> data/raw/crawl_logs/elcomercio_2026-01-04.json (status=success)
2026-06-28 03:42:02,420 [INFO] src.corpus_acquisition.downloader: Opening archive for elcomercio on 2026-01-05
2026-06-28 03:42:08,876 [INFO] src.corpus_acquisition.downloader: Collected 7 / 60 pages
2026-06-28 03:42:13,049 [INFO] src.corpus_acquisition.downloader: Collected 9 / 60 pages
2026-06-28 03:42:15,133 [INFO] src.corpus_acquisition.downloader: Collected 11 / 60 pages
2026-06-28 03:42:17,218 [INFO] src.corpus_acquisition.downloader: Collected 13 / 60 pages
2026-06-28 03:42:19,301 [INFO] src.corpus_acquisition.downloader: Collected 15 / 60 pages
2026-06-28 03:42:21,387 [INFO] src.corpus_acquisition.downloader: Collected 17 / 60 pages
2026-06-28 03:42:23,486 [INFO] src.corpus_acquisition.downloader: Collected 19 / 60 pages
2026-06-28 03:42:25,582 [INFO] src.corpus_acquisition.downloader: Collected 21 / 60 pages
2026-06-28 03:42:27,669 [INFO] src.corpus_acquisition.downloader: Collected 23 / 60 pages
2026-06-28 03:42:29,753 [INFO] src.corpus_acquisition.downloader: Collected 25 / 60 pages
2026-06-28 03:42:31,850 [INFO] src.corpus_acquisition.downloader: Collected 27 / 60 pages
2026-06-28 03:42:33,936 [INFO] src.corpus_acquisition.downloader: Collected 29 / 60 pages
2026-06-28 03:42:36,034 [INFO] src.corpus_acquisition.downloader: Collected 31 / 60 pages
2026-06-28 03:42:38,121 [INFO] src.corpus_acquisition.downloader: Collected 32 / 60 pages
2026-06-28 03:42:44,436 [WARNING] src.corpus_acquisition.downloader: No new pages found after 3 attempts; stopping with 32 page(s).
2026-06-28 03:42:44,453 [INFO] src.corpus_acquisition.downloader: Downloading page 1 from https://t.prcdn.co/img?file=eaaj2026010500000000001001&page=1&scale=200
2026-06-28 03:42:44,494 [INFO] src.corpus_acquisition.downloader: Downloading page 2 from https://i.prcdn.co/img?file=eaaj2026010500000000001001&page=2&scale=200&ticket=AFu3l2aLLDYZlDwDcG98afw%3D
2026-06-28 03:42:45,271 [INFO] src.corpus_acquisition.downloader: Downloading page 3 from https://i.prcdn.co/img?file=eaaj2026010500000000001001&page=3&scale=200&ticket=AMwjJbzXS890f7U4AyYFCTo%3D
2026-06-28 03:42:45,973 [INFO] src.corpus_acquisition.downloader: Downloading page 4 from https://i.prcdn.co/img?file=eaaj2026010500000000001001&page=4&scale=200&ticket=AD%2FrOa8qEpblfLUWoMDKhJo%3D
2026-06-28 03:42:46,012 [INFO] src.corpus_acquisition.downloader: Downloading page 5 from https://i.prcdn.co/img?file=eaaj2026010500000000001001&page=5&scale=200&ticket=AKlMgvrOwZRFWm0U8iFrsHI%3D
2026-06-28 03:42:46,659 [INFO] src.corpus_acquisition.downloader: Downloading page 6 from https://i.prcdn.co/img?file=eaaj2026010500000000001001&page=6&scale=200&ticket=AL0HDICD7gNZLv3QcR39i5A%3D
2026-06-28 03:42:47,873 [INFO] src.corpus_acquisition.downloader: Downloading page 7 from https://i.prcdn.co/img?file=eaaj2026010500000000001001&page=7&scale=200&ticket=AOfXkW2y4GF6W%2FkWzPonL0c%3D
2026-06-28 03:42:49,240 [INFO] src.corpus_acquisition.downloader: Downloading page 8 from https://i.prcdn.co/img?file=eaaj2026010500000000001001&page=8&scale=200&ticket=AGUi0y6bO73jOUxrFcwhX3Y%3D
2026-06-28 03:42:49,300 [INFO] src.corpus_acquisition.downloader: Downloading page 9 from https://i.prcdn.co/img?file=eaaj2026010500000000001001&page=9&scale=200&ticket=AAc5PnJTaqwcprv6fYVP7Bk%3D
2026-06-28 03:42:49,855 [INFO] src.corpus_acquisition.downloader: Downloading page 10 from https://i.prcdn.co/img?file=eaaj2026010500000000001001&page=10&scale=200&ticket=AHxG0mebqEx9qJL5k5Vm36g%3D
2026-06-28 03:42:50,295 [INFO] src.corpus_acquisition.downloader: Downloading page 11 from https://i.prcdn.co/img?file=eaaj2026010500000000001001&page=11&scale=200&ticket=AA0QV3qvoyudn2PZucaU%2BIM%3D
2026-06-28 03:42:51,076 [INFO] src.corpus_acquisition.downloader: Downloading page 12 from https://i.prcdn.co/img?file=eaaj2026010500000000001001&page=12&scale=200&ticket=AMTgtfK%2F9WW6g9Ji%2BkkoqNs%3D
2026-06-28 03:42:52,202 [INFO] src.corpus_acquisition.downloader: Downloading page 13 from https://i.prcdn.co/img?file=eaaj2026010500000000001001&page=13&scale=200&ticket=ALtL9nQLiUMaD6wH9RpnFYQ%3D
2026-06-28 03:42:52,939 [INFO] src.corpus_acquisition.downloader: Downloading page 14 from https://i.prcdn.co/img?file=eaaj2026010500000000001001&page=14&scale=200&ticket=AJYppVLdgeNWb%2FroGgANbas%3D
2026-06-28 03:42:52,992 [INFO] src.corpus_acquisition.downloader: Downloading page 15 from https://i.prcdn.co/img?file=eaaj2026010500000000001001&page=15&scale=200&ticket=AO3dp8chd%2BoeCbj9HqancLY%3D
2026-06-28 03:42:53,553 [INFO] src.corpus_acquisition.downloader: Downloading page 16 from https://i.prcdn.co/img?file=eaaj2026010500000000001001&page=16&scale=200&ticket=ADnb5nT%2Fn4hf1FaSXo9oe4k%3D
2026-06-28 03:42:54,135 [INFO] src.corpus_acquisition.downloader: Downloading page 17 from https://i.prcdn.co/img?file=eaaj2026010500000000001001&page=17&scale=200&ticket=AFqoenlsYB99yZ6IhRyojpE%3D
2026-06-28 03:42:54,931 [INFO] src.corpus_acquisition.downloader: Downloading page 18 from https://i.prcdn.co/img?file=eaaj2026010500000000001001&page=18&scale=200&ticket=ANkEWA8b%2F%2FFQqdNpNZCYeQM%3D
2026-06-28 03:42:55,754 [INFO] src.corpus_acquisition.downloader: Downloading page 19 from https://i.prcdn.co/img?file=eaaj2026010500000000001001&page=19&scale=200&ticket=AKRgAx8%2FWugrfxu5u0ei7xI%3D
2026-06-28 03:42:56,578 [INFO] src.corpus_acquisition.downloader: Downloading page 20 from https://i.prcdn.co/img?file=eaaj2026010500000000001001&page=20&scale=200&ticket=ADMvS98RzibBMOoc8uiEIwg%3D
2026-06-28 03:42:57,751 [INFO] src.corpus_acquisition.downloader: Downloading page 21 from https://i.prcdn.co/img?file=eaaj2026010500000000001001&page=21&scale=200&ticket=AAzq0FXg8hbvzQN%2FJ7vZMts%3D
2026-06-28 03:42:58,559 [INFO] src.corpus_acquisition.downloader: Downloading page 22 from https://i.prcdn.co/img?file=eaaj2026010500000000001001&page=22&scale=200&ticket=APxutVVJBZ%2B9QxHXskvh2%2FU%3D
2026-06-28 03:42:59,356 [INFO] src.corpus_acquisition.downloader: Downloading page 23 from https://i.prcdn.co/img?file=eaaj2026010500000000001001&page=23&scale=200&ticket=AHgG8z18AvXx1JYCSZxFK%2FQ%3D
2026-06-28 03:42:59,963 [INFO] src.corpus_acquisition.downloader: Downloading page 24 from https://i.prcdn.co/img?file=eaaj2026010500000000001001&page=24&scale=200&ticket=ACKvAGLWDynfsE9vC6v31yM%3D
2026-06-28 03:43:00,638 [INFO] src.corpus_acquisition.downloader: Downloading page 25 from https://i.prcdn.co/img?file=eaaj2026010500000000001001&page=25&scale=200&ticket=ANSV2MSYysiUTSIo5Fg4%2BB0%3D
2026-06-28 03:43:01,656 [INFO] src.corpus_acquisition.downloader: Downloading page 26 from https://i.prcdn.co/img?file=eaaj2026010500000000001001&page=26&scale=200&ticket=AHiu%2FnsbwPkNziD9jfap%2BDc%3D
2026-06-28 03:43:02,347 [INFO] src.corpus_acquisition.downloader: Downloading page 27 from https://i.prcdn.co/img?file=eaaj2026010500000000001001&page=27&scale=200&ticket=AHAS5wwifPIOQyBcNHVKrI0%3D
2026-06-28 03:43:02,925 [INFO] src.corpus_acquisition.downloader: Downloading page 28 from https://i.prcdn.co/img?file=eaaj2026010500000000001001&page=28&scale=200&ticket=AKwIlu5EH7BPphdempHkJ8c%3D
2026-06-28 03:43:03,541 [INFO] src.corpus_acquisition.downloader: Downloading page 29 from https://i.prcdn.co/img?file=eaaj2026010500000000001001&page=29&scale=200&ticket=AA64peKauwSpmUcl1uCU%2BG0%3D
2026-06-28 03:43:04,293 [INFO] src.corpus_acquisition.downloader: Downloading page 30 from https://i.prcdn.co/img?file=eaaj2026010500000000001001&page=30&scale=200&ticket=AK4o0XdN3AGJGqH9Kso%2FvFg%3D
2026-06-28 03:43:05,118 [INFO] src.corpus_acquisition.downloader: Downloading page 31 from https://i.prcdn.co/img?file=eaaj2026010500000000001001&page=31&scale=200&ticket=APxhaCBap3etqsZCHZa2d8A%3D
2026-06-28 03:43:05,876 [INFO] src.corpus_acquisition.downloader: Downloading page 32 from https://i.prcdn.co/img?file=eaaj2026010500000000001001&page=32&scale=200&ticket=AK8Y0jxWz33zUJgR8G5fyT8%3D
2026-06-28 03:43:06,689 [INFO] src.corpus_acquisition.metadata_extractor: Saved metadata for 32 page(s) -> data/raw/metadata/raw_metadata.parquet (total rows: 19264)
2026-06-28 03:43:06,691 [INFO] src.corpus_acquisition.metadata_extractor: Saved crawl log -> data/raw/crawl_logs/elcomercio_2026-01-05.json (status=success)
2026-06-28 03:43:11,400 [INFO] src.corpus_acquisition.downloader: Opening archive for elcomercio on 2026-01-06
2026-06-28 03:43:17,639 [INFO] src.corpus_acquisition.downloader: Collected 7 / 60 pages
2026-06-28 03:43:21,806 [INFO] src.corpus_acquisition.downloader: Collected 8 / 60 pages
2026-06-28 03:43:23,898 [INFO] src.corpus_acquisition.downloader: Collected 11 / 60 pages
2026-06-28 03:43:25,978 [INFO] src.corpus_acquisition.downloader: Collected 13 / 60 pages
2026-06-28 03:43:28,168 [INFO] src.corpus_acquisition.downloader: Collected 15 / 60 pages
2026-06-28 03:43:30,265 [INFO] src.corpus_acquisition.downloader: Collected 17 / 60 pages
2026-06-28 03:43:32,349 [INFO] src.corpus_acquisition.downloader: Collected 19 / 60 pages
2026-06-28 03:43:34,452 [INFO] src.corpus_acquisition.downloader: Collected 20 / 60 pages
2026-06-28 03:43:40,737 [WARNING] src.corpus_acquisition.downloader: No new pages found after 3 attempts; stopping with 20 page(s).
2026-06-28 03:43:40,752 [INFO] src.corpus_acquisition.downloader: Downloading page 1 from https://t.prcdn.co/img?file=eaaj2026010600000000001001&page=1&scale=200
2026-06-28 03:43:41,569 [INFO] src.corpus_acquisition.downloader: Downloading page 2 from https://i.prcdn.co/img?file=eaaj2026010600000000001001&page=2&scale=200&ticket=AHczmsB6sxPMpN%2FZ4DNtKhE%3D
2026-06-28 03:43:42,253 [INFO] src.corpus_acquisition.downloader: Downloading page 3 from https://i.prcdn.co/img?file=eaaj2026010600000000001001&page=3&scale=200&ticket=AAAYGUtbyJRcruTT53ia3ts%3D
2026-06-28 03:43:43,070 [INFO] src.corpus_acquisition.downloader: Downloading page 4 from https://i.prcdn.co/img?file=eaaj2026010600000000001001&page=4&scale=200&ticket=AETlpCrg7lg%2BpCcMqw0%2BXEg%3D
2026-06-28 03:43:43,821 [INFO] src.corpus_acquisition.downloader: Downloading page 5 from https://i.prcdn.co/img?file=eaaj2026010600000000001001&page=5&scale=200&ticket=ACwV4qa%2BE%2FP1eJdMgaUxlrs%3D
2026-06-28 03:43:44,895 [INFO] src.corpus_acquisition.downloader: Downloading page 6 from https://i.prcdn.co/img?file=eaaj2026010600000000001001&page=6&scale=200&ticket=AAjFMrmqTBjD0HG4RSTNYj8%3D
2026-06-28 03:43:45,886 [INFO] src.corpus_acquisition.downloader: Downloading page 7 from https://i.prcdn.co/img?file=eaaj2026010600000000001001&page=7&scale=200&ticket=ADelk4U4Gkza8%2B%2FHBJIRVU0%3D
2026-06-28 03:43:46,639 [INFO] src.corpus_acquisition.downloader: Downloading page 8 from https://i.prcdn.co/img?file=eaaj2026010600000000001001&page=8&scale=200&ticket=AP%2BP%2Bvv96L%2BLUrIhvxB3Ydk%3D
2026-06-28 03:43:46,702 [INFO] src.corpus_acquisition.downloader: Downloading page 9 from https://i.prcdn.co/img?file=eaaj2026010600000000001001&page=9&scale=200&ticket=ABlOLhtsncxvlOCAzBGw0%2Fs%3D
2026-06-28 03:43:47,351 [INFO] src.corpus_acquisition.downloader: Downloading page 10 from https://i.prcdn.co/img?file=eaaj2026010600000000001001&page=10&scale=200&ticket=ANOMFNWLo8EhfjI%2F6QPoF7U%3D
2026-06-28 03:43:48,201 [INFO] src.corpus_acquisition.downloader: Downloading page 11 from https://i.prcdn.co/img?file=eaaj2026010600000000001001&page=11&scale=200&ticket=AMLtAyN8jalBnamw2pCp%2Beg%3D
2026-06-28 03:43:49,202 [INFO] src.corpus_acquisition.downloader: Downloading page 12 from https://i.prcdn.co/img?file=eaaj2026010600000000001001&page=12&scale=200&ticket=AKNPyB%2FMBrPRyYVgXKbSe%2B0%3D
2026-06-28 03:43:50,398 [INFO] src.corpus_acquisition.downloader: Downloading page 13 from https://i.prcdn.co/img?file=eaaj2026010600000000001001&page=13&scale=200&ticket=ACDLimuftMiCZa0Ymv2qr1g%3D
2026-06-28 03:43:50,950 [INFO] src.corpus_acquisition.downloader: Downloading page 14 from https://i.prcdn.co/img?file=eaaj2026010600000000001001&page=14&scale=200&ticket=ABu6xleIMjL1%2B5wlDurB75E%3D
2026-06-28 03:43:52,340 [INFO] src.corpus_acquisition.downloader: Downloading page 15 from https://i.prcdn.co/img?file=eaaj2026010600000000001001&page=15&scale=200&ticket=AH8fEgCOmr6yjqLyDm8ecI8%3D
2026-06-28 03:43:52,953 [INFO] src.corpus_acquisition.downloader: Downloading page 16 from https://i.prcdn.co/img?file=eaaj2026010600000000001001&page=16&scale=200&ticket=AB3W0%2FVZfWBE9pYTmkmodz8%3D
2026-06-28 03:43:52,994 [INFO] src.corpus_acquisition.downloader: Downloading page 17 from https://i.prcdn.co/img?file=eaaj2026010600000000001001&page=17&scale=200&ticket=AO9yPdgB49BRkD5pF8P%2Bu1g%3D
2026-06-28 03:43:53,665 [INFO] src.corpus_acquisition.downloader: Downloading page 18 from https://i.prcdn.co/img?file=eaaj2026010600000000001001&page=18&scale=200&ticket=ADqj83Wt71%2BRBMtTivFHojE%3D
2026-06-28 03:43:54,436 [INFO] src.corpus_acquisition.downloader: Downloading page 19 from https://i.prcdn.co/img?file=eaaj2026010600000000001001&page=19&scale=200&ticket=ANvxeOaHkXNN8JccWod%2B3NM%3D
2026-06-28 03:43:55,285 [INFO] src.corpus_acquisition.downloader: Downloading page 20 from https://i.prcdn.co/img?file=eaaj2026010600000000001001&page=20&scale=200&ticket=ACmeJ%2FEPER1jascvFQIRsAQ%3D
2026-06-28 03:43:56,038 [INFO] src.corpus_acquisition.metadata_extractor: Saved metadata for 20 page(s) -> data/raw/metadata/raw_metadata.parquet (total rows: 19284)
2026-06-28 03:43:56,040 [INFO] src.corpus_acquisition.metadata_extractor: Saved crawl log -> data/raw/crawl_logs/elcomercio_2026-01-06.json (status=success)
2026-06-28 03:44:00,840 [INFO] src.corpus_acquisition.downloader: Opening archive for elcomercio on 2026-01-07
2026-06-28 03:44:06,661 [INFO] src.corpus_acquisition.downloader: Collected 7 / 60 pages
2026-06-28 03:44:10,825 [INFO] src.corpus_acquisition.downloader: Collected 9 / 60 pages
2026-06-28 03:44:12,913 [INFO] src.corpus_acquisition.downloader: Collected 11 / 60 pages
2026-06-28 03:44:14,996 [INFO] src.corpus_acquisition.downloader: Collected 13 / 60 pages
2026-06-28 03:44:17,083 [INFO] src.corpus_acquisition.downloader: Collected 15 / 60 pages
2026-06-28 03:44:19,183 [INFO] src.corpus_acquisition.downloader: Collected 17 / 60 pages
2026-06-28 03:44:21,280 [INFO] src.corpus_acquisition.downloader: Collected 19 / 60 pages
2026-06-28 03:44:23,360 [INFO] src.corpus_acquisition.downloader: Collected 20 / 60 pages
2026-06-28 03:44:29,635 [WARNING] src.corpus_acquisition.downloader: No new pages found after 3 attempts; stopping with 20 page(s).
2026-06-28 03:44:29,648 [INFO] src.corpus_acquisition.downloader: Downloading page 1 from https://t.prcdn.co/img?file=eaaj2026010700000000001001&page=1&scale=200
2026-06-28 03:44:30,549 [INFO] src.corpus_acquisition.downloader: Downloading page 2 from https://i.prcdn.co/img?file=eaaj2026010700000000001001&page=2&scale=200&ticket=AHcRpBlQXuv6SSGyew2iBzw%3D
2026-06-28 03:44:31,197 [INFO] src.corpus_acquisition.downloader: Downloading page 3 from https://i.prcdn.co/img?file=eaaj2026010700000000001001&page=3&scale=200&ticket=ALxcj2axg3C%2F2j92eVN%2FDNo%3D
2026-06-28 03:44:31,754 [INFO] src.corpus_acquisition.downloader: Downloading page 4 from https://i.prcdn.co/img?file=eaaj2026010700000000001001&page=4&scale=200&ticket=AERcBXrGSzY1LKcO%2B3VSf2k%3D
2026-06-28 03:44:32,603 [INFO] src.corpus_acquisition.downloader: Downloading page 5 from https://i.prcdn.co/img?file=eaaj2026010700000000001001&page=5&scale=200&ticket=AJIQocJQAvrTuIDhh85aXe4%3D
2026-06-28 03:44:33,480 [INFO] src.corpus_acquisition.downloader: Downloading page 6 from https://i.prcdn.co/img?file=eaaj2026010700000000001001&page=6&scale=200&ticket=AC43PIvKK86VVio0koyWYLU%3D
2026-06-28 03:44:34,666 [INFO] src.corpus_acquisition.downloader: Downloading page 7 from https://i.prcdn.co/img?file=eaaj2026010700000000001001&page=7&scale=200&ticket=ANLOBcNGom3QYGb6oQLOKIo%3D
2026-06-28 03:44:34,707 [INFO] src.corpus_acquisition.downloader: Downloading page 8 from https://i.prcdn.co/img?file=eaaj2026010700000000001001&page=8&scale=200&ticket=AHk%2F6%2FhKb%2FxvgW%2BnuP8nHr4%3D
2026-06-28 03:44:35,531 [INFO] src.corpus_acquisition.downloader: Downloading page 9 from https://i.prcdn.co/img?file=eaaj2026010700000000001001&page=9&scale=200&ticket=AJarvW8fTkmpvwYagqDfeo4%3D
2026-06-28 03:44:36,817 [INFO] src.corpus_acquisition.downloader: Downloading page 10 from https://i.prcdn.co/img?file=eaaj2026010700000000001001&page=10&scale=200&ticket=AHfqumoGPWV5%2BC80d9OgTMk%3D
2026-06-28 03:44:37,559 [INFO] src.corpus_acquisition.downloader: Downloading page 11 from https://i.prcdn.co/img?file=eaaj2026010700000000001001&page=11&scale=200&ticket=AK0bIz2UBIUm%2B6ICeK5r1uk%3D
2026-06-28 03:44:37,598 [INFO] src.corpus_acquisition.downloader: Downloading page 12 from https://i.prcdn.co/img?file=eaaj2026010700000000001001&page=12&scale=200&ticket=APPOxsrQeUKixEqIqznsGVQ%3D
2026-06-28 03:44:38,397 [INFO] src.corpus_acquisition.downloader: Downloading page 13 from https://i.prcdn.co/img?file=eaaj2026010700000000001001&page=13&scale=200&ticket=AFHngQDi8wiSFYyPaAPBdN8%3D
2026-06-28 03:44:39,048 [INFO] src.corpus_acquisition.downloader: Downloading page 14 from https://i.prcdn.co/img?file=eaaj2026010700000000001001&page=14&scale=200&ticket=ADGO6EFHwTB%2FPkNw3kgaaFY%3D
2026-06-28 03:44:39,221 [INFO] src.corpus_acquisition.downloader: Downloading page 15 from https://i.prcdn.co/img?file=eaaj2026010700000000001001&page=15&scale=200&ticket=AI0XJIvRMRqfOr1PkxG%2BtKw%3D
2026-06-28 03:44:40,436 [INFO] src.corpus_acquisition.downloader: Downloading page 16 from https://i.prcdn.co/img?file=eaaj2026010700000000001001&page=16&scale=200&ticket=ADjS3WeAIG7RjMcyeDEVwq4%3D
2026-06-28 03:44:41,099 [INFO] src.corpus_acquisition.downloader: Downloading page 17 from https://i.prcdn.co/img?file=eaaj2026010700000000001001&page=17&scale=200&ticket=AEO2LK9ernSSBJWzeq5BnPY%3D
2026-06-28 03:44:41,908 [INFO] src.corpus_acquisition.downloader: Downloading page 18 from https://i.prcdn.co/img?file=eaaj2026010700000000001001&page=18&scale=200&ticket=ADdCedRWEy%2Fo%2BZcrdB36rik%3D
2026-06-28 03:44:43,369 [INFO] src.corpus_acquisition.downloader: Downloading page 19 from https://i.prcdn.co/img?file=eaaj2026010700000000001001&page=19&scale=200&ticket=ALcwwTmqLk3lL3OhYFCcKk0%3D
2026-06-28 03:44:43,894 [INFO] src.corpus_acquisition.downloader: Downloading page 20 from https://i.prcdn.co/img?file=eaaj2026010700000000001001&page=20&scale=200&ticket=AAukEDhtPmVtIm5Yh28rVKg%3D
2026-06-28 03:44:44,881 [INFO] src.corpus_acquisition.metadata_extractor: Saved metadata for 20 page(s) -> data/raw/metadata/raw_metadata.parquet (total rows: 19304)
2026-06-28 03:44:44,920 [INFO] src.corpus_acquisition.metadata_extractor: Saved crawl log -> data/raw/crawl_logs/elcomercio_2026-01-07.json (status=success)
2026-06-28 03:44:49,195 [INFO] src.corpus_acquisition.downloader: Opening archive for elcomercio on 2026-01-08
2026-06-28 03:44:55,047 [INFO] src.corpus_acquisition.downloader: Collected 7 / 60 pages
2026-06-28 03:44:59,219 [INFO] src.corpus_acquisition.downloader: Collected 9 / 60 pages
2026-06-28 03:45:01,323 [INFO] src.corpus_acquisition.downloader: Collected 11 / 60 pages
2026-06-28 03:45:03,414 [INFO] src.corpus_acquisition.downloader: Collected 13 / 60 pages
2026-06-28 03:45:05,609 [INFO] src.corpus_acquisition.downloader: Collected 15 / 60 pages
2026-06-28 03:45:07,702 [INFO] src.corpus_acquisition.downloader: Collected 17 / 60 pages
2026-06-28 03:45:09,792 [INFO] src.corpus_acquisition.downloader: Collected 19 / 60 pages
2026-06-28 03:45:11,875 [INFO] src.corpus_acquisition.downloader: Collected 20 / 60 pages
2026-06-28 03:45:18,394 [WARNING] src.corpus_acquisition.downloader: No new pages found after 3 attempts; stopping with 20 page(s).
2026-06-28 03:45:18,477 [INFO] src.corpus_acquisition.downloader: Downloading page 1 from https://t.prcdn.co/img?file=eaaj2026010800000000001001&page=1&scale=200
2026-06-28 03:45:19,273 [INFO] src.corpus_acquisition.downloader: Downloading page 2 from https://i.prcdn.co/img?file=eaaj2026010800000000001001&page=2&scale=200&ticket=ADlU5su6BecarO1i4Qbk9XE%3D
2026-06-28 03:45:20,233 [INFO] src.corpus_acquisition.downloader: Downloading page 3 from https://i.prcdn.co/img?file=eaaj2026010800000000001001&page=3&scale=200&ticket=ANVygDa4RLbOfmF7jsg8HA4%3D
2026-06-28 03:45:20,297 [INFO] src.corpus_acquisition.downloader: Downloading page 4 from https://i.prcdn.co/img?file=eaaj2026010800000000001001&page=4&scale=200&ticket=AL8KqoQ8I0t56174Kjbr%2FHo%3D
2026-06-28 03:45:20,992 [INFO] src.corpus_acquisition.downloader: Downloading page 5 from https://i.prcdn.co/img?file=eaaj2026010800000000001001&page=5&scale=200&ticket=ABV5msmUZ%2FOIafnp56MhPcQ%3D
2026-06-28 03:45:21,827 [INFO] src.corpus_acquisition.downloader: Downloading page 6 from https://i.prcdn.co/img?file=eaaj2026010800000000001001&page=6&scale=200&ticket=AG%2BxvlLQ1iwOLOK%2BzDJTUYI%3D
2026-06-28 03:45:22,668 [INFO] src.corpus_acquisition.downloader: Downloading page 7 from https://i.prcdn.co/img?file=eaaj2026010800000000001001&page=7&scale=200&ticket=AMTFELbZFVYc%2B32R4xkXe08%3D
2026-06-28 03:45:23,254 [INFO] src.corpus_acquisition.downloader: Downloading page 8 from https://i.prcdn.co/img?file=eaaj2026010800000000001001&page=8&scale=200&ticket=AHjUfEcaeIKj%2FlqbLz1UXIM%3D
2026-06-28 03:45:23,855 [INFO] src.corpus_acquisition.downloader: Downloading page 9 from https://i.prcdn.co/img?file=eaaj2026010800000000001001&page=9&scale=200&ticket=AKAkzHg7ITjwP%2BaZgNp6LRg%3D
2026-06-28 03:45:24,886 [INFO] src.corpus_acquisition.downloader: Downloading page 10 from https://i.prcdn.co/img?file=eaaj2026010800000000001001&page=10&scale=200&ticket=ADuxpTUhQzykV3YfD%2BKX7Kk%3D
2026-06-28 03:45:25,527 [INFO] src.corpus_acquisition.downloader: Downloading page 11 from https://i.prcdn.co/img?file=eaaj2026010800000000001001&page=11&scale=200&ticket=APt7XXgVuCNp8K1h81riGZg%3D
2026-06-28 03:45:26,382 [INFO] src.corpus_acquisition.downloader: Downloading page 12 from https://i.prcdn.co/img?file=eaaj2026010800000000001001&page=12&scale=200&ticket=AB2X8QNaBx0TLx61BUHUVkg%3D
2026-06-28 03:45:27,171 [INFO] src.corpus_acquisition.downloader: Downloading page 13 from https://i.prcdn.co/img?file=eaaj2026010800000000001001&page=13&scale=200&ticket=AHurrVmSblr0MpdyxG237EU%3D
2026-06-28 03:45:27,228 [INFO] src.corpus_acquisition.downloader: Downloading page 14 from https://i.prcdn.co/img?file=eaaj2026010800000000001001&page=14&scale=200&ticket=AOIYL7uDilFWzWvJIOmI9RE%3D
2026-06-28 03:45:27,288 [INFO] src.corpus_acquisition.downloader: Downloading page 15 from https://i.prcdn.co/img?file=eaaj2026010800000000001001&page=15&scale=200&ticket=ADPZyx4c%2BQufk0NtM5Cqm%2Bk%3D
2026-06-28 03:45:28,034 [INFO] src.corpus_acquisition.downloader: Downloading page 16 from https://i.prcdn.co/img?file=eaaj2026010800000000001001&page=16&scale=200&ticket=AL52Aw8w78%2B8vJxdLLgvXvc%3D
2026-06-28 03:45:28,685 [INFO] src.corpus_acquisition.downloader: Downloading page 17 from https://i.prcdn.co/img?file=eaaj2026010800000000001001&page=17&scale=200&ticket=AAhvBA6oYFor0jYpZY3Hrno%3D
2026-06-28 03:45:30,042 [INFO] src.corpus_acquisition.downloader: Downloading page 18 from https://i.prcdn.co/img?file=eaaj2026010800000000001001&page=18&scale=200&ticket=AJosJa%2BwrIfzZTLpcCQEjXM%3D
2026-06-28 03:45:31,205 [INFO] src.corpus_acquisition.downloader: Downloading page 19 from https://i.prcdn.co/img?file=eaaj2026010800000000001001&page=19&scale=200&ticket=AIko8YNwx9U1eg9wdIstqWQ%3D
2026-06-28 03:45:32,063 [INFO] src.corpus_acquisition.downloader: Downloading page 20 from https://i.prcdn.co/img?file=eaaj2026010800000000001001&page=20&scale=200&ticket=ACKr4mnm%2BUVpJ874VxJ0Ukk%3D
2026-06-28 03:45:33,454 [INFO] src.corpus_acquisition.metadata_extractor: Saved metadata for 20 page(s) -> data/raw/metadata/raw_metadata.parquet (total rows: 19324)
2026-06-28 03:45:33,457 [INFO] src.corpus_acquisition.metadata_extractor: Saved crawl log -> data/raw/crawl_logs/elcomercio_2026-01-08.json (status=success)
2026-06-28 03:45:37,014 [INFO] src.corpus_acquisition.downloader: Opening archive for elcomercio on 2026-01-09
2026-06-28 03:45:42,868 [INFO] src.corpus_acquisition.downloader: Collected 7 / 60 pages
2026-06-28 03:45:47,033 [INFO] src.corpus_acquisition.downloader: Collected 9 / 60 pages
2026-06-28 03:45:49,126 [INFO] src.corpus_acquisition.downloader: Collected 11 / 60 pages
2026-06-28 03:45:51,204 [INFO] src.corpus_acquisition.downloader: Collected 13 / 60 pages
2026-06-28 03:45:53,398 [INFO] src.corpus_acquisition.downloader: Collected 15 / 60 pages
2026-06-28 03:45:55,496 [INFO] src.corpus_acquisition.downloader: Collected 17 / 60 pages
2026-06-28 03:45:57,591 [INFO] src.corpus_acquisition.downloader: Collected 19 / 60 pages
2026-06-28 03:45:59,674 [INFO] src.corpus_acquisition.downloader: Collected 20 / 60 pages
2026-06-28 03:46:05,943 [WARNING] src.corpus_acquisition.downloader: No new pages found after 3 attempts; stopping with 20 page(s).
2026-06-28 03:46:05,962 [INFO] src.corpus_acquisition.downloader: Downloading page 1 from https://t.prcdn.co/img?file=eaaj2026010900000000001001&page=1&scale=200
2026-06-28 03:46:06,760 [INFO] src.corpus_acquisition.downloader: Downloading page 2 from https://i.prcdn.co/img?file=eaaj2026010900000000001001&page=2&scale=200&ticket=ADT075SaQVr6ERvaN83nLM0%3D
2026-06-28 03:46:06,818 [INFO] src.corpus_acquisition.downloader: Downloading page 3 from https://i.prcdn.co/img?file=eaaj2026010900000000001001&page=3&scale=200&ticket=AIvkrvpEJGWoGuQmOvOtIC8%3D
2026-06-28 03:46:07,732 [INFO] src.corpus_acquisition.downloader: Downloading page 4 from https://i.prcdn.co/img?file=eaaj2026010900000000001001&page=4&scale=200&ticket=ALkNkj0hSWy460xGtEENwB8%3D
2026-06-28 03:46:08,551 [INFO] src.corpus_acquisition.downloader: Downloading page 5 from https://i.prcdn.co/img?file=eaaj2026010900000000001001&page=5&scale=200&ticket=AMKzBJkn0SaNA%2BEBi67OCQ8%3D
2026-06-28 03:46:08,952 [INFO] src.corpus_acquisition.downloader: Downloading page 6 from https://i.prcdn.co/img?file=eaaj2026010900000000001001&page=6&scale=200&ticket=AO0HV0w%2Be4TQotd5xcVwp%2BY%3D
2026-06-28 03:46:10,483 [INFO] src.corpus_acquisition.downloader: Downloading page 7 from https://i.prcdn.co/img?file=eaaj2026010900000000001001&page=7&scale=200&ticket=ALNB8kcTiVWXMKtsx2tC8R8%3D
2026-06-28 03:46:11,621 [INFO] src.corpus_acquisition.downloader: Downloading page 8 from https://i.prcdn.co/img?file=eaaj2026010900000000001001&page=8&scale=200&ticket=AF4rvWTzZNU2nXnQcRy5wWQ%3D
2026-06-28 03:46:12,337 [INFO] src.corpus_acquisition.downloader: Downloading page 9 from https://i.prcdn.co/img?file=eaaj2026010900000000001001&page=9&scale=200&ticket=AEvxGdn4O7%2BSZQ%2FRbvIIu5Y%3D
2026-06-28 03:46:13,060 [INFO] src.corpus_acquisition.downloader: Downloading page 10 from https://i.prcdn.co/img?file=eaaj2026010900000000001001&page=10&scale=200&ticket=APgpSNwLIxeHlse98VC1gR0%3D
2026-06-28 03:46:13,760 [INFO] src.corpus_acquisition.downloader: Downloading page 11 from https://i.prcdn.co/img?file=eaaj2026010900000000001001&page=11&scale=200&ticket=ADgURtq%2FceWF4SwV2bitDl0%3D
2026-06-28 03:46:14,916 [INFO] src.corpus_acquisition.downloader: Downloading page 12 from https://i.prcdn.co/img?file=eaaj2026010900000000001001&page=12&scale=200&ticket=ACrfupU04VRaivZ6QawfxMs%3D
2026-06-28 03:46:15,558 [INFO] src.corpus_acquisition.downloader: Downloading page 13 from https://i.prcdn.co/img?file=eaaj2026010900000000001001&page=13&scale=200&ticket=AGyR4efEPIgNWpr0SULXjBk%3D
2026-06-28 03:46:16,967 [INFO] src.corpus_acquisition.downloader: Downloading page 14 from https://i.prcdn.co/img?file=eaaj2026010900000000001001&page=14&scale=200&ticket=ALaYU6u3LYlDtq25MHjcHrI%3D
2026-06-28 03:46:17,939 [INFO] src.corpus_acquisition.downloader: Downloading page 15 from https://i.prcdn.co/img?file=eaaj2026010900000000001001&page=15&scale=200&ticket=AE%2Fh5KvwsYYvfK4tlqP3oh8%3D
2026-06-28 03:46:17,981 [INFO] src.corpus_acquisition.downloader: Downloading page 16 from https://i.prcdn.co/img?file=eaaj2026010900000000001001&page=16&scale=200&ticket=AMHHr8DYUxZRER%2F3v7mmAks%3D
2026-06-28 03:46:19,497 [INFO] src.corpus_acquisition.downloader: Downloading page 17 from https://i.prcdn.co/img?file=eaaj2026010900000000001001&page=17&scale=200&ticket=AHCsC1u0H0M1ZTU93BAgxj4%3D
2026-06-28 03:46:19,539 [INFO] src.corpus_acquisition.downloader: Downloading page 18 from https://i.prcdn.co/img?file=eaaj2026010900000000001001&page=18&scale=200&ticket=AKVoGD%2FlIRYJAchv1iZhdeo%3D
2026-06-28 03:46:19,585 [INFO] src.corpus_acquisition.downloader: Downloading page 19 from https://i.prcdn.co/img?file=eaaj2026010900000000001001&page=19&scale=200&ticket=AIr7G7Cvz%2BgvJUzINxoT0wo%3D
2026-06-28 03:46:20,244 [INFO] src.corpus_acquisition.downloader: Downloading page 20 from https://i.prcdn.co/img?file=eaaj2026010900000000001001&page=20&scale=200&ticket=AKgyCzOfn40jYKkJs%2B6FAdo%3D
2026-06-28 03:46:21,690 [INFO] src.corpus_acquisition.metadata_extractor: Saved metadata for 20 page(s) -> data/raw/metadata/raw_metadata.parquet (total rows: 19344)
2026-06-28 03:46:21,693 [INFO] src.corpus_acquisition.metadata_extractor: Saved crawl log -> data/raw/crawl_logs/elcomercio_2026-01-09.json (status=success)
2026-06-28 03:46:28,361 [INFO] src.corpus_acquisition.downloader: Opening archive for elcomercio on 2026-01-10
2026-06-28 03:46:34,447 [INFO] src.corpus_acquisition.downloader: Collected 7 / 60 pages
2026-06-28 03:46:38,616 [INFO] src.corpus_acquisition.downloader: Collected 9 / 60 pages
2026-06-28 03:46:40,704 [INFO] src.corpus_acquisition.downloader: Collected 11 / 60 pages
2026-06-28 03:46:42,787 [INFO] src.corpus_acquisition.downloader: Collected 13 / 60 pages
2026-06-28 03:46:44,980 [INFO] src.corpus_acquisition.downloader: Collected 15 / 60 pages
2026-06-28 03:46:47,077 [INFO] src.corpus_acquisition.downloader: Collected 17 / 60 pages
2026-06-28 03:46:49,180 [INFO] src.corpus_acquisition.downloader: Collected 18 / 60 pages
2026-06-28 03:46:51,272 [INFO] src.corpus_acquisition.downloader: Collected 21 / 60 pages
2026-06-28 03:46:53,358 [INFO] src.corpus_acquisition.downloader: Collected 23 / 60 pages
2026-06-28 03:46:55,441 [INFO] src.corpus_acquisition.downloader: Collected 24 / 60 pages
2026-06-28 03:47:01,711 [WARNING] src.corpus_acquisition.downloader: No new pages found after 3 attempts; stopping with 24 page(s).
2026-06-28 03:47:01,737 [INFO] src.corpus_acquisition.downloader: Downloading page 1 from https://t.prcdn.co/img?file=eaaj2026011000000000001001&page=1&scale=200
2026-06-28 03:47:02,554 [INFO] src.corpus_acquisition.downloader: Downloading page 2 from https://i.prcdn.co/img?file=eaaj2026011000000000001001&page=2&scale=200&ticket=ALBZxtKI%2Fh2rC4BNLPbTWjg%3D
2026-06-28 03:47:03,176 [INFO] src.corpus_acquisition.downloader: Downloading page 3 from https://i.prcdn.co/img?file=eaaj2026011000000000001001&page=3&scale=200&ticket=ALFYxMQEVMYznO4rmWo7NY4%3D
2026-06-28 03:47:04,068 [INFO] src.corpus_acquisition.downloader: Downloading page 4 from https://i.prcdn.co/img?file=eaaj2026011000000000001001&page=4&scale=200&ticket=AL1C5St8%2FUcuASG7YYGcpqc%3D
2026-06-28 03:47:04,924 [INFO] src.corpus_acquisition.downloader: Downloading page 5 from https://i.prcdn.co/img?file=eaaj2026011000000000001001&page=5&scale=200&ticket=AGyHcke6HgVNETO40TD8SWg%3D
2026-06-28 03:47:05,192 [INFO] src.corpus_acquisition.downloader: Downloading page 6 from https://i.prcdn.co/img?file=eaaj2026011000000000001001&page=6&scale=200&ticket=AIE2ZkrB2idPOVu3VB9zaBc%3D
2026-06-28 03:47:05,978 [INFO] src.corpus_acquisition.downloader: Downloading page 7 from https://i.prcdn.co/img?file=eaaj2026011000000000001001&page=7&scale=200&ticket=AFRhTJJiHseFV6CVFGOcOMA%3D
2026-06-28 03:47:07,268 [INFO] src.corpus_acquisition.downloader: Downloading page 8 from https://i.prcdn.co/img?file=eaaj2026011000000000001001&page=8&scale=200&ticket=AABi%2FPvKgWJ%2FKHR%2BC4dk%2FCw%3D
2026-06-28 03:47:08,014 [INFO] src.corpus_acquisition.downloader: Downloading page 9 from https://i.prcdn.co/img?file=eaaj2026011000000000001001&page=9&scale=200&ticket=AHEvX5K7Wi%2BmIKBmP9g%2FbFc%3D
2026-06-28 03:47:08,052 [INFO] src.corpus_acquisition.downloader: Downloading page 10 from https://i.prcdn.co/img?file=eaaj2026011000000000001001&page=10&scale=200&ticket=AJiSMBlClBeL0gzsHnFE96s%3D
2026-06-28 03:47:08,235 [INFO] src.corpus_acquisition.downloader: Downloading page 11 from https://i.prcdn.co/img?file=eaaj2026011000000000001001&page=11&scale=200&ticket=ANEaTWaeSBH4sgRfPq0i4zw%3D
2026-06-28 03:47:09,900 [INFO] src.corpus_acquisition.downloader: Downloading page 12 from https://i.prcdn.co/img?file=eaaj2026011000000000001001&page=12&scale=200&ticket=AEF8NjRFq15ynjf6RQOEZzo%3D
2026-06-28 03:47:10,654 [INFO] src.corpus_acquisition.downloader: Downloading page 13 from https://i.prcdn.co/img?file=eaaj2026011000000000001001&page=13&scale=200&ticket=APhbodqi2CC0g07hgqeFi74%3D
2026-06-28 03:47:12,015 [INFO] src.corpus_acquisition.downloader: Downloading page 14 from https://i.prcdn.co/img?file=eaaj2026011000000000001001&page=14&scale=200&ticket=AKcaZe4R2wfSRZznk6LMF9g%3D
2026-06-28 03:47:12,680 [INFO] src.corpus_acquisition.downloader: Downloading page 15 from https://i.prcdn.co/img?file=eaaj2026011000000000001001&page=15&scale=200&ticket=ALS7Dmp21vAmqRf8epVKNDE%3D
2026-06-28 03:47:14,185 [INFO] src.corpus_acquisition.downloader: Downloading page 16 from https://i.prcdn.co/img?file=eaaj2026011000000000001001&page=16&scale=200&ticket=AIA0sIWRSn96420FBful0FQ%3D
2026-06-28 03:47:15,448 [INFO] src.corpus_acquisition.downloader: Downloading page 17 from https://i.prcdn.co/img?file=eaaj2026011000000000001001&page=17&scale=200&ticket=ALEypCfBatI6PdkuB64wWKU%3D
2026-06-28 03:47:17,253 [INFO] src.corpus_acquisition.downloader: Downloading page 18 from https://i.prcdn.co/img?file=eaaj2026011000000000001001&page=18&scale=200&ticket=AFiUCuwogQ1EIE2FAN%2BX2KU%3D
2026-06-28 03:47:17,296 [INFO] src.corpus_acquisition.downloader: Downloading page 19 from https://i.prcdn.co/img?file=eaaj2026011000000000001001&page=19&scale=200&ticket=AEBsS8nq6uGsrF6zrhv2wm0%3D
2026-06-28 03:47:17,879 [INFO] src.corpus_acquisition.downloader: Downloading page 20 from https://i.prcdn.co/img?file=eaaj2026011000000000001001&page=20&scale=200&ticket=AA3VslPjz4fB1dXvUSi4acA%3D
2026-06-28 03:47:17,917 [INFO] src.corpus_acquisition.downloader: Downloading page 21 from https://i.prcdn.co/img?file=eaaj2026011000000000001001&page=21&scale=200&ticket=AJY3BPN%2Br8xwSLa7g5qGZkw%3D
2026-06-28 03:47:18,544 [INFO] src.corpus_acquisition.downloader: Downloading page 22 from https://i.prcdn.co/img?file=eaaj2026011000000000001001&page=22&scale=200&ticket=APMBsb%2B6SWxRCUu%2Biy6Fr%2FA%3D
2026-06-28 03:47:19,397 [INFO] src.corpus_acquisition.downloader: Downloading page 23 from https://i.prcdn.co/img?file=eaaj2026011000000000001001&page=23&scale=200&ticket=AExLIedCC%2FTZ1VUCMp%2BB15o%3D
2026-06-28 03:47:20,286 [INFO] src.corpus_acquisition.downloader: Downloading page 24 from https://i.prcdn.co/img?file=eaaj2026011000000000001001&page=24&scale=200&ticket=AJt67UTrGTUZeuEQK7DMrIo%3D
2026-06-28 03:47:21,022 [INFO] src.corpus_acquisition.metadata_extractor: Saved metadata for 24 page(s) -> data/raw/metadata/raw_metadata.parquet (total rows: 19368)
2026-06-28 03:47:21,024 [INFO] src.corpus_acquisition.metadata_extractor: Saved crawl log -> data/raw/crawl_logs/elcomercio_2026-01-10.json (status=success)
2026-06-28 03:47:26,303 [INFO] src.corpus_acquisition.downloader: Opening archive for elcomercio on 2026-01-11
2026-06-28 03:47:32,175 [INFO] src.corpus_acquisition.downloader: Collected 7 / 60 pages
2026-06-28 03:47:36,344 [INFO] src.corpus_acquisition.downloader: Collected 9 / 60 pages
2026-06-28 03:47:38,434 [INFO] src.corpus_acquisition.downloader: Collected 11 / 60 pages
2026-06-28 03:47:40,520 [INFO] src.corpus_acquisition.downloader: Collected 13 / 60 pages
2026-06-28 03:47:42,693 [INFO] src.corpus_acquisition.downloader: Collected 15 / 60 pages
2026-06-28 03:47:44,797 [INFO] src.corpus_acquisition.downloader: Collected 17 / 60 pages
2026-06-28 03:47:46,890 [INFO] src.corpus_acquisition.downloader: Collected 19 / 60 pages
2026-06-28 03:47:48,970 [INFO] src.corpus_acquisition.downloader: Collected 21 / 60 pages
2026-06-28 03:47:51,053 [INFO] src.corpus_acquisition.downloader: Collected 22 / 60 pages
2026-06-28 03:47:53,136 [INFO] src.corpus_acquisition.downloader: Collected 25 / 60 pages
2026-06-28 03:47:55,219 [INFO] src.corpus_acquisition.downloader: Collected 27 / 60 pages
2026-06-28 03:47:57,306 [INFO] src.corpus_acquisition.downloader: Collected 29 / 60 pages
2026-06-28 03:47:59,404 [INFO] src.corpus_acquisition.downloader: Collected 31 / 60 pages
2026-06-28 03:48:01,486 [INFO] src.corpus_acquisition.downloader: Collected 33 / 60 pages
2026-06-28 03:48:03,571 [INFO] src.corpus_acquisition.downloader: Collected 35 / 60 pages
2026-06-28 03:48:05,652 [INFO] src.corpus_acquisition.downloader: Collected 37 / 60 pages
2026-06-28 03:48:07,737 [INFO] src.corpus_acquisition.downloader: Collected 39 / 60 pages
2026-06-28 03:48:09,838 [INFO] src.corpus_acquisition.downloader: Collected 41 / 60 pages
2026-06-28 03:48:11,937 [INFO] src.corpus_acquisition.downloader: Collected 43 / 60 pages
2026-06-28 03:48:14,018 [INFO] src.corpus_acquisition.downloader: Collected 45 / 60 pages
2026-06-28 03:48:16,107 [INFO] src.corpus_acquisition.downloader: Collected 47 / 60 pages
2026-06-28 03:48:18,202 [INFO] src.corpus_acquisition.downloader: Collected 48 / 60 pages
2026-06-28 03:48:24,487 [WARNING] src.corpus_acquisition.downloader: No new pages found after 3 attempts; stopping with 48 page(s).
2026-06-28 03:48:24,520 [INFO] src.corpus_acquisition.downloader: Downloading page 1 from https://t.prcdn.co/img?file=eaaj2026011100000000001001&page=1&scale=200
2026-06-28 03:48:25,007 [INFO] src.corpus_acquisition.downloader: Downloading page 2 from https://i.prcdn.co/img?file=eaaj2026011100000000001001&page=2&scale=200&ticket=AL%2FfiSyjcWFus%2BumDiDa65U%3D
2026-06-28 03:48:25,951 [INFO] src.corpus_acquisition.downloader: Downloading page 3 from https://i.prcdn.co/img?file=eaaj2026011100000000001001&page=3&scale=200&ticket=ABO0B%2F2GC09WSAt2aXBdvBM%3D
2026-06-28 03:48:26,756 [INFO] src.corpus_acquisition.downloader: Downloading page 4 from https://i.prcdn.co/img?file=eaaj2026011100000000001001&page=4&scale=200&ticket=AL8L%2B365%2FhjLFkHh9FXmTmY%3D
2026-06-28 03:48:27,416 [INFO] src.corpus_acquisition.downloader: Downloading page 5 from https://i.prcdn.co/img?file=eaaj2026011100000000001001&page=5&scale=200&ticket=AEXv7zzqZh9%2BlK8aduOT4Mc%3D
2026-06-28 03:48:28,112 [INFO] src.corpus_acquisition.downloader: Downloading page 6 from https://i.prcdn.co/img?file=eaaj2026011100000000001001&page=6&scale=200&ticket=AGGBB0TIZXsrZhl1apWfqpY%3D
2026-06-28 03:48:28,366 [INFO] src.corpus_acquisition.downloader: Downloading page 7 from https://i.prcdn.co/img?file=eaaj2026011100000000001001&page=7&scale=200&ticket=AItMZ%2FCBGP4YgMnxIl3%2Bvy8%3D
2026-06-28 03:48:28,855 [INFO] src.corpus_acquisition.downloader: Downloading page 8 from https://i.prcdn.co/img?file=eaaj2026011100000000001001&page=8&scale=200&ticket=AJCzBqnAV1jRW5HA1fQdJ20%3D
2026-06-28 03:48:29,525 [INFO] src.corpus_acquisition.downloader: Downloading page 9 from https://i.prcdn.co/img?file=eaaj2026011100000000001001&page=9&scale=200&ticket=ABxsa3dlzvQDIEeHqa3QI9A%3D
2026-06-28 03:48:30,174 [INFO] src.corpus_acquisition.downloader: Downloading page 10 from https://i.prcdn.co/img?file=eaaj2026011100000000001001&page=10&scale=200&ticket=AG94i%2BjqtcM%2F%2BgmddQtGrZ8%3D
2026-06-28 03:48:31,093 [INFO] src.corpus_acquisition.downloader: Downloading page 11 from https://i.prcdn.co/img?file=eaaj2026011100000000001001&page=11&scale=200&ticket=ADlajATNR%2Ft9O7QAAV07oNQ%3D
2026-06-28 03:48:32,402 [INFO] src.corpus_acquisition.downloader: Downloading page 12 from https://i.prcdn.co/img?file=eaaj2026011100000000001001&page=12&scale=200&ticket=AAyhRCYDIukYLnfLtYQlSW4%3D
2026-06-28 03:48:32,936 [INFO] src.corpus_acquisition.downloader: Downloading page 13 from https://i.prcdn.co/img?file=eaaj2026011100000000001001&page=13&scale=200&ticket=AEfMuoXoodWJRBfeua5LPeo%3D
2026-06-28 03:48:33,667 [INFO] src.corpus_acquisition.downloader: Downloading page 14 from https://i.prcdn.co/img?file=eaaj2026011100000000001001&page=14&scale=200&ticket=AFf6uSKHINlvjWv4Mcl9lAw%3D
2026-06-28 03:48:34,445 [INFO] src.corpus_acquisition.downloader: Downloading page 15 from https://i.prcdn.co/img?file=eaaj2026011100000000001001&page=15&scale=200&ticket=AN4WaDoFAJSlWXPRtgPihaE%3D
2026-06-28 03:48:35,747 [INFO] src.corpus_acquisition.downloader: Downloading page 16 from https://i.prcdn.co/img?file=eaaj2026011100000000001001&page=16&scale=200&ticket=AMegL5RCcyJyVNmvo3Q69gg%3D
2026-06-28 03:48:37,634 [INFO] src.corpus_acquisition.downloader: Downloading page 17 from https://i.prcdn.co/img?file=eaaj2026011100000000001001&page=17&scale=200&ticket=ANllLEuAd8RyH2v0aMR25%2BY%3D
2026-06-28 03:48:38,942 [INFO] src.corpus_acquisition.downloader: Downloading page 18 from https://i.prcdn.co/img?file=eaaj2026011100000000001001&page=18&scale=200&ticket=ACbZS%2BFIq5aI8PLWgXP0htM%3D
2026-06-28 03:48:39,444 [INFO] src.corpus_acquisition.downloader: Downloading page 19 from https://i.prcdn.co/img?file=eaaj2026011100000000001001&page=19&scale=200&ticket=ADicmrGI5RnFaKHtQIcep2M%3D
2026-06-28 03:48:40,204 [INFO] src.corpus_acquisition.downloader: Downloading page 20 from https://i.prcdn.co/img?file=eaaj2026011100000000001001&page=20&scale=200&ticket=AF6xVq9vRc%2Bt35axSLIZpUQ%3D
2026-06-28 03:48:40,847 [INFO] src.corpus_acquisition.downloader: Downloading page 21 from https://i.prcdn.co/img?file=eaaj2026011100000000001001&page=21&scale=200&ticket=ANwOsfdGQq91KYbhP7hmq7U%3D
2026-06-28 03:48:41,797 [INFO] src.corpus_acquisition.downloader: Downloading page 22 from https://i.prcdn.co/img?file=eaaj2026011100000000001001&page=22&scale=200&ticket=AD6mrLCQsPI9if3CmBcQulM%3D
2026-06-28 03:48:42,506 [INFO] src.corpus_acquisition.downloader: Downloading page 23 from https://i.prcdn.co/img?file=eaaj2026011100000000001001&page=23&scale=200&ticket=AHqJp7xgm%2B1K3EUlIabGTpU%3D
2026-06-28 03:48:43,244 [INFO] src.corpus_acquisition.downloader: Downloading page 24 from https://i.prcdn.co/img?file=eaaj2026011100000000001001&page=24&scale=200&ticket=ALUpK8%2B5xjAaPz%2BK81JMnWk%3D
2026-06-28 03:48:43,849 [INFO] src.corpus_acquisition.downloader: Downloading page 25 from https://i.prcdn.co/img?file=eaaj2026011100000000001001&page=25&scale=200&ticket=AAQCCxR7%2FzJixH9XdBAfalc%3D
2026-06-28 03:48:44,510 [INFO] src.corpus_acquisition.downloader: Downloading page 26 from https://i.prcdn.co/img?file=eaaj2026011100000000001001&page=26&scale=200&ticket=AHn%2B9Me4BxBiHd8OHuE%2FUjw%3D
2026-06-28 03:48:45,027 [INFO] src.corpus_acquisition.downloader: Downloading page 27 from https://i.prcdn.co/img?file=eaaj2026011100000000001001&page=27&scale=200&ticket=AHiIUANykmRcy5n06XKrgag%3D
2026-06-28 03:48:45,909 [INFO] src.corpus_acquisition.downloader: Downloading page 28 from https://i.prcdn.co/img?file=eaaj2026011100000000001001&page=28&scale=200&ticket=AOEkeIYbVSvoFHYqT4eYoNo%3D
2026-06-28 03:48:46,672 [INFO] src.corpus_acquisition.downloader: Downloading page 29 from https://i.prcdn.co/img?file=eaaj2026011100000000001001&page=29&scale=200&ticket=AHkzcOdFPqvZPMnuHSZ%2BTtM%3D
2026-06-28 03:48:47,252 [INFO] src.corpus_acquisition.downloader: Downloading page 30 from https://i.prcdn.co/img?file=eaaj2026011100000000001001&page=30&scale=200&ticket=ADb7NyPd25hu%2FdnL3VzNucs%3D
2026-06-28 03:48:48,236 [INFO] src.corpus_acquisition.downloader: Downloading page 31 from https://i.prcdn.co/img?file=eaaj2026011100000000001001&page=31&scale=200&ticket=ANakmNzSRA%2BWri8bXhsb6dg%3D
2026-06-28 03:48:48,832 [INFO] src.corpus_acquisition.downloader: Downloading page 32 from https://i.prcdn.co/img?file=eaaj2026011100000000001001&page=32&scale=200&ticket=ABnTcKaMSpQjUdeKLdrDqnk%3D
2026-06-28 03:48:49,685 [INFO] src.corpus_acquisition.downloader: Downloading page 33 from https://i.prcdn.co/img?file=eaaj2026011100000000001001&page=33&scale=200&ticket=ADAsDl3baG1PpplkYQ05QFk%3D
2026-06-28 03:48:50,352 [INFO] src.corpus_acquisition.downloader: Downloading page 34 from https://i.prcdn.co/img?file=eaaj2026011100000000001001&page=34&scale=200&ticket=ANANoAirF5OGGLVAbxGPzX4%3D
2026-06-28 03:48:51,063 [INFO] src.corpus_acquisition.downloader: Downloading page 35 from https://i.prcdn.co/img?file=eaaj2026011100000000001001&page=35&scale=200&ticket=ALKTaXHGPIkaGswqf%2BNc%2FrQ%3D
2026-06-28 03:48:51,813 [INFO] src.corpus_acquisition.downloader: Downloading page 36 from https://i.prcdn.co/img?file=eaaj2026011100000000001001&page=36&scale=200&ticket=APwjap24o%2B2Li19XyrYhoKk%3D
2026-06-28 03:48:52,545 [INFO] src.corpus_acquisition.downloader: Downloading page 37 from https://i.prcdn.co/img?file=eaaj2026011100000000001001&page=37&scale=200&ticket=ANiyKH8k3IORQ7AGgsdSYcg%3D
2026-06-28 03:48:53,462 [INFO] src.corpus_acquisition.downloader: Downloading page 38 from https://i.prcdn.co/img?file=eaaj2026011100000000001001&page=38&scale=200&ticket=ANGVhJ2Erc1RdZpgRhJqvXY%3D
2026-06-28 03:48:54,333 [INFO] src.corpus_acquisition.downloader: Downloading page 39 from https://i.prcdn.co/img?file=eaaj2026011100000000001001&page=39&scale=200&ticket=AIZ2FO%2BOVKnGIcdvg7UzqZc%3D
2026-06-28 03:48:54,896 [INFO] src.corpus_acquisition.downloader: Downloading page 40 from https://i.prcdn.co/img?file=eaaj2026011100000000001001&page=40&scale=200&ticket=AIHOPZy0AdiTrVC3byIB394%3D
2026-06-28 03:48:55,513 [INFO] src.corpus_acquisition.downloader: Downloading page 41 from https://i.prcdn.co/img?file=eaaj2026011100000000001001&page=41&scale=200&ticket=ALg8LuhA%2FwdlPN25FAxbQLo%3D
2026-06-28 03:48:56,136 [INFO] src.corpus_acquisition.downloader: Downloading page 42 from https://i.prcdn.co/img?file=eaaj2026011100000000001001&page=42&scale=200&ticket=ADit8qZzFG9sflgDDX2RCDk%3D
2026-06-28 03:48:57,036 [INFO] src.corpus_acquisition.downloader: Downloading page 43 from https://i.prcdn.co/img?file=eaaj2026011100000000001001&page=43&scale=200&ticket=AEgGUWJAoJpSqYBBDyo6AwQ%3D
2026-06-28 03:48:57,897 [INFO] src.corpus_acquisition.downloader: Downloading page 44 from https://i.prcdn.co/img?file=eaaj2026011100000000001001&page=44&scale=200&ticket=AL8%2B6xwE3I4v9Q7pcnwaBcA%3D
2026-06-28 03:48:58,449 [INFO] src.corpus_acquisition.downloader: Downloading page 45 from https://i.prcdn.co/img?file=eaaj2026011100000000001001&page=45&scale=200&ticket=ADiXTZlxYETmQIsPDjlaT3M%3D
2026-06-28 03:48:59,120 [INFO] src.corpus_acquisition.downloader: Downloading page 46 from https://i.prcdn.co/img?file=eaaj2026011100000000001001&page=46&scale=200&ticket=ALq3uuQBoRo5cE3unvPR6M4%3D
2026-06-28 03:48:59,862 [INFO] src.corpus_acquisition.downloader: Downloading page 47 from https://i.prcdn.co/img?file=eaaj2026011100000000001001&page=47&scale=200&ticket=ANvu1hHGT8V%2BZP%2BDVMsZudU%3D
2026-06-28 03:49:00,578 [INFO] src.corpus_acquisition.downloader: Downloading page 48 from https://i.prcdn.co/img?file=eaaj2026011100000000001001&page=48&scale=200&ticket=AJz7UtzVYJS3Vs9kkmHLMfw%3D
2026-06-28 03:49:01,502 [INFO] src.corpus_acquisition.metadata_extractor: Saved metadata for 48 page(s) -> data/raw/metadata/raw_metadata.parquet (total rows: 19416)
2026-06-28 03:49:01,504 [INFO] src.corpus_acquisition.metadata_extractor: Saved crawl log -> data/raw/crawl_logs/elcomercio_2026-01-11.json (status=success)
2026-06-28 03:49:06,374 [INFO] src.corpus_acquisition.downloader: Opening archive for elcomercio on 2026-01-12
2026-06-28 03:49:12,962 [INFO] src.corpus_acquisition.downloader: Collected 7 / 60 pages
2026-06-28 03:49:17,130 [INFO] src.corpus_acquisition.downloader: Collected 9 / 60 pages
2026-06-28 03:49:19,216 [INFO] src.corpus_acquisition.downloader: Collected 11 / 60 pages
2026-06-28 03:49:21,302 [INFO] src.corpus_acquisition.downloader: Collected 13 / 60 pages
2026-06-28 03:49:23,504 [INFO] src.corpus_acquisition.downloader: Collected 15 / 60 pages
2026-06-28 03:49:25,604 [INFO] src.corpus_acquisition.downloader: Collected 17 / 60 pages
2026-06-28 03:49:27,700 [INFO] src.corpus_acquisition.downloader: Collected 19 / 60 pages
2026-06-28 03:49:29,782 [INFO] src.corpus_acquisition.downloader: Collected 21 / 60 pages
2026-06-28 03:49:31,869 [INFO] src.corpus_acquisition.downloader: Collected 23 / 60 pages
2026-06-28 03:49:33,970 [INFO] src.corpus_acquisition.downloader: Collected 25 / 60 pages
2026-06-28 03:49:36,068 [INFO] src.corpus_acquisition.downloader: Collected 27 / 60 pages
2026-06-28 03:49:38,151 [INFO] src.corpus_acquisition.downloader: Collected 29 / 60 pages
2026-06-28 03:49:40,235 [INFO] src.corpus_acquisition.downloader: Collected 31 / 60 pages
2026-06-28 03:49:42,337 [INFO] src.corpus_acquisition.downloader: Collected 32 / 60 pages
2026-06-28 03:49:48,753 [WARNING] src.corpus_acquisition.downloader: No new pages found after 3 attempts; stopping with 32 page(s).
2026-06-28 03:49:48,771 [INFO] src.corpus_acquisition.downloader: Downloading page 1 from https://t.prcdn.co/img?file=eaaj2026011200000000001001&page=1&scale=200
2026-06-28 03:49:49,440 [INFO] src.corpus_acquisition.downloader: Downloading page 2 from https://i.prcdn.co/img?file=eaaj2026011200000000001001&page=2&scale=200&ticket=AJznI%2F2QJ8sSsZsirEyV31g%3D
2026-06-28 03:49:50,036 [INFO] src.corpus_acquisition.downloader: Downloading page 3 from https://i.prcdn.co/img?file=eaaj2026011200000000001001&page=3&scale=200&ticket=AEnLavwc9Oekarud6q%2Fn2vE%3D
2026-06-28 03:49:50,081 [INFO] src.corpus_acquisition.downloader: Downloading page 4 from https://i.prcdn.co/img?file=eaaj2026011200000000001001&page=4&scale=200&ticket=AAkPEgBywrAGfdKDDILQOng%3D
2026-06-28 03:49:50,120 [INFO] src.corpus_acquisition.downloader: Downloading page 5 from https://i.prcdn.co/img?file=eaaj2026011200000000001001&page=5&scale=200&ticket=AKcAE0cskgOS09U24Wj9gxk%3D
2026-06-28 03:49:50,561 [INFO] src.corpus_acquisition.downloader: Downloading page 6 from https://i.prcdn.co/img?file=eaaj2026011200000000001001&page=6&scale=200&ticket=AE5TWUStIxhTb5rvfabx7Ho%3D
2026-06-28 03:49:51,927 [INFO] src.corpus_acquisition.downloader: Downloading page 7 from https://i.prcdn.co/img?file=eaaj2026011200000000001001&page=7&scale=200&ticket=ADaGo6yZMagHId6J8SY6348%3D
2026-06-28 03:49:52,867 [INFO] src.corpus_acquisition.downloader: Downloading page 8 from https://i.prcdn.co/img?file=eaaj2026011200000000001001&page=8&scale=200&ticket=AJWRMP8Evst4IxyP0lIfBkw%3D
2026-06-28 03:49:52,912 [INFO] src.corpus_acquisition.downloader: Downloading page 9 from https://i.prcdn.co/img?file=eaaj2026011200000000001001&page=9&scale=200&ticket=AINrGsKcfpX2CFdDVvJNW54%3D
2026-06-28 03:49:52,953 [INFO] src.corpus_acquisition.downloader: Downloading page 10 from https://i.prcdn.co/img?file=eaaj2026011200000000001001&page=10&scale=200&ticket=AAsn2YAE9QJusTRhIT4JSn0%3D
2026-06-28 03:49:53,542 [INFO] src.corpus_acquisition.downloader: Downloading page 11 from https://i.prcdn.co/img?file=eaaj2026011200000000001001&page=11&scale=200&ticket=ANUy%2BW8QgNeKRB5aaUxrUFM%3D
2026-06-28 03:49:54,417 [INFO] src.corpus_acquisition.downloader: Downloading page 12 from https://i.prcdn.co/img?file=eaaj2026011200000000001001&page=12&scale=200&ticket=APhh%2FUavl7Jltey0OjCeZaw%3D
2026-06-28 03:49:54,455 [INFO] src.corpus_acquisition.downloader: Downloading page 13 from https://i.prcdn.co/img?file=eaaj2026011200000000001001&page=13&scale=200&ticket=AGIUNQ1Q3QoSnlq9zmvdVI4%3D
2026-06-28 03:49:54,619 [INFO] src.corpus_acquisition.downloader: Downloading page 14 from https://i.prcdn.co/img?file=eaaj2026011200000000001001&page=14&scale=200&ticket=ADbbXH0fCrWPX6IHx0zmBh4%3D
2026-06-28 03:49:55,945 [INFO] src.corpus_acquisition.downloader: Downloading page 15 from https://i.prcdn.co/img?file=eaaj2026011200000000001001&page=15&scale=200&ticket=AODH19IE4WdOgZ0EcGLhUQs%3D
2026-06-28 03:49:57,351 [INFO] src.corpus_acquisition.downloader: Downloading page 16 from https://i.prcdn.co/img?file=eaaj2026011200000000001001&page=16&scale=200&ticket=ACYict9jJAnnj3Zesm8J71E%3D
2026-06-28 03:49:58,116 [INFO] src.corpus_acquisition.downloader: Downloading page 17 from https://i.prcdn.co/img?file=eaaj2026011200000000001001&page=17&scale=200&ticket=AII8f5WJhFND6yTTrzgWhOQ%3D
2026-06-28 03:49:58,538 [INFO] src.corpus_acquisition.downloader: Downloading page 18 from https://i.prcdn.co/img?file=eaaj2026011200000000001001&page=18&scale=200&ticket=AFWCzzMfhGfPVpxAHVIVoYM%3D
2026-06-28 03:49:59,367 [INFO] src.corpus_acquisition.downloader: Downloading page 19 from https://i.prcdn.co/img?file=eaaj2026011200000000001001&page=19&scale=200&ticket=AE5O3KRBQMmi%2BQ365b84%2B5E%3D
2026-06-28 03:50:00,116 [INFO] src.corpus_acquisition.downloader: Downloading page 20 from https://i.prcdn.co/img?file=eaaj2026011200000000001001&page=20&scale=200&ticket=APhXvA2RVskunje50VsRTf8%3D
2026-06-28 03:50:00,962 [INFO] src.corpus_acquisition.downloader: Downloading page 21 from https://i.prcdn.co/img?file=eaaj2026011200000000001001&page=21&scale=200&ticket=AObZOR8GBl%2FVtiaJ8lSmSFg%3D
2026-06-28 03:50:01,729 [INFO] src.corpus_acquisition.downloader: Downloading page 22 from https://i.prcdn.co/img?file=eaaj2026011200000000001001&page=22&scale=200&ticket=AKDDDDY9i5ChWKC1MvQXTXY%3D
2026-06-28 03:50:02,328 [INFO] src.corpus_acquisition.downloader: Downloading page 23 from https://i.prcdn.co/img?file=eaaj2026011200000000001001&page=23&scale=200&ticket=APtzdABVTR%2BSt4L4RLk3qdo%3D
2026-06-28 03:50:02,957 [INFO] src.corpus_acquisition.downloader: Downloading page 24 from https://i.prcdn.co/img?file=eaaj2026011200000000001001&page=24&scale=200&ticket=ADJq5E6rltqIAEivfNdW%2Boc%3D
2026-06-28 03:50:04,278 [INFO] src.corpus_acquisition.downloader: Downloading page 25 from https://i.prcdn.co/img?file=eaaj2026011200000000001001&page=25&scale=200&ticket=AKU%2F%2F3tOKu1%2BGYbRQKxJrdk%3D
2026-06-28 03:50:04,890 [INFO] src.corpus_acquisition.downloader: Downloading page 26 from https://i.prcdn.co/img?file=eaaj2026011200000000001001&page=26&scale=200&ticket=AM%2FnTGvU4a740TKLEi88p5k%3D
2026-06-28 03:50:05,637 [INFO] src.corpus_acquisition.downloader: Downloading page 27 from https://i.prcdn.co/img?file=eaaj2026011200000000001001&page=27&scale=200&ticket=AP9n%2BAwDfIK22NWqWDV%2Fu3c%3D
2026-06-28 03:50:06,788 [INFO] src.corpus_acquisition.downloader: Downloading page 28 from https://i.prcdn.co/img?file=eaaj2026011200000000001001&page=28&scale=200&ticket=AGfGynBN%2BRaRBksZStc53xw%3D
2026-06-28 03:50:07,411 [INFO] src.corpus_acquisition.downloader: Downloading page 29 from https://i.prcdn.co/img?file=eaaj2026011200000000001001&page=29&scale=200&ticket=AL0%2B2aGb35i%2FcjsIGBLjDmM%3D
2026-06-28 03:50:07,941 [INFO] src.corpus_acquisition.downloader: Downloading page 30 from https://i.prcdn.co/img?file=eaaj2026011200000000001001&page=30&scale=200&ticket=AHv%2B6XgdTn1%2FqtmlVVURnTg%3D
2026-06-28 03:50:08,780 [INFO] src.corpus_acquisition.downloader: Downloading page 31 from https://i.prcdn.co/img?file=eaaj2026011200000000001001&page=31&scale=200&ticket=ANtIXziygFAUA7h8kz9mNJs%3D
2026-06-28 03:50:09,640 [INFO] src.corpus_acquisition.downloader: Downloading page 32 from https://i.prcdn.co/img?file=eaaj2026011200000000001001&page=32&scale=200&ticket=ABLakNU0hqIzB%2BXVMDvcwKk%3D
2026-06-28 03:50:10,569 [INFO] src.corpus_acquisition.metadata_extractor: Saved metadata for 32 page(s) -> data/raw/metadata/raw_metadata.parquet (total rows: 19448)
2026-06-28 03:50:10,571 [INFO] src.corpus_acquisition.metadata_extractor: Saved crawl log -> data/raw/crawl_logs/elcomercio_2026-01-12.json (status=success)
2026-06-28 03:50:16,793 [INFO] src.corpus_acquisition.downloader: Opening archive for elcomercio on 2026-01-13
2026-06-28 03:50:19,505 [ERROR] src.corpus_acquisition.downloader: Skipping elcomercio on 2026-01-13 due to unrecoverable error: Page.wait_for_timeout: Connection closed while reading from the driver
2026-06-28 03:50:19,526 [INFO] src.corpus_acquisition.metadata_extractor: Saved crawl log -> data/raw/crawl_logs/elcomercio_2026-01-13.json (status=failed)
2026-06-28 03:50:19,561 [INFO] src.corpus_acquisition.downloader: Opening archive for elcomercio on 2026-01-14
2026-06-28 03:50:19,592 [ERROR] src.corpus_acquisition.downloader: Navigation failed for elcomercio on 2026-01-14: Page.goto: Connection closed while reading from the driver (screenshot also failed: Page.screenshot: Connection closed while reading from the driver)
2026-06-28 03:50:19,592 [ERROR] src.corpus_acquisition.downloader: Skipping elcomercio on 2026-01-14 due to unrecoverable error: Page.goto: Connection closed while reading from the driver
2026-06-28 03:50:19,600 [INFO] src.corpus_acquisition.metadata_extractor: Saved crawl log -> data/raw/crawl_logs/elcomercio_2026-01-14.json (status=failed)
2026-06-28 03:50:19,602 [INFO] src.corpus_acquisition.downloader: Opening archive for elcomercio on 2026-01-15
[2026-06-28T10:36:59.127] error: *** JOB 25951765 ON c003 CANCELLED AT 2026-06-28T10:36:59 DUE to SIGNAL Terminated ***
[2026-06-28T10:37:02.114] error: Detected 1 oom_kill event in StepId=25951765.batch. Some of the step tasks have been OOM Killed.
