2026-07-06 02:52:44,048 [INFO] __main__: Logging in to portal...
2026-07-06 02:53:04,348 [INFO] __main__: Login successful!
2026-07-06 02:53:04,351 [INFO] src.corpus_acquisition.downloader: Skipping elcomercio on 2020-01-01: already crawled successfully.
2026-07-06 02:53:04,355 [INFO] src.corpus_acquisition.downloader: Opening archive for elcomercio on 2020-01-02
2026-07-06 02:53:14,187 [WARNING] src.corpus_acquisition.downloader: No new pages found after 3 attempts; stopping with 0 page(s).
2026-07-06 02:53:15,417 [INFO] src.corpus_acquisition.metadata_extractor: Saved crawl log -> data/raw/crawl_logs/elcomercio_2020-01-02.json (status=failed)
2026-07-06 02:53:18,334 [INFO] src.corpus_acquisition.downloader: Skipping elcomercio on 2020-01-03: already crawled successfully.
2026-07-06 02:53:18,336 [INFO] src.corpus_acquisition.downloader: Skipping elcomercio on 2020-01-04: already crawled successfully.
2026-07-06 02:53:18,338 [INFO] src.corpus_acquisition.downloader: Skipping elcomercio on 2020-01-05: already crawled successfully.
2026-07-06 02:53:18,339 [INFO] src.corpus_acquisition.downloader: Skipping elcomercio on 2020-01-06: already crawled successfully.
2026-07-06 02:53:18,341 [INFO] src.corpus_acquisition.downloader: Skipping elcomercio on 2020-01-07: already crawled successfully.
2026-07-06 02:53:18,343 [INFO] src.corpus_acquisition.downloader: Skipping elcomercio on 2020-01-08: already crawled successfully.
2026-07-06 02:53:18,344 [INFO] src.corpus_acquisition.downloader: Skipping elcomercio on 2020-01-09: already crawled successfully.
2026-07-06 02:53:18,346 [INFO] src.corpus_acquisition.downloader: Skipping elcomercio on 2020-01-10: already crawled successfully.
2026-07-06 02:53:18,349 [INFO] src.corpus_acquisition.downloader: Skipping elcomercio on 2020-01-11: already crawled successfully.
2026-07-06 02:53:18,351 [INFO] src.corpus_acquisition.downloader: Skipping elcomercio on 2020-01-12: already crawled successfully.
2026-07-06 02:53:18,353 [INFO] src.corpus_acquisition.downloader: Skipping elcomercio on 2020-01-13: already crawled successfully.
2026-07-06 02:53:18,354 [INFO] src.corpus_acquisition.downloader: Skipping elcomercio on 2020-01-14: already crawled successfully.
2026-07-06 02:53:18,355 [INFO] src.corpus_acquisition.downloader: Skipping elcomercio on 2020-01-15: already crawled successfully.
2026-07-06 02:53:18,356 [INFO] src.corpus_acquisition.downloader: Skipping elcomercio on 2020-01-16: already crawled successfully.
2026-07-06 02:53:18,357 [INFO] src.corpus_acquisition.downloader: Skipping elcomercio on 2020-01-17: already crawled successfully.
2026-07-06 02:53:18,359 [INFO] src.corpus_acquisition.downloader: Skipping elcomercio on 2020-01-18: already crawled successfully.
2026-07-06 02:53:18,361 [INFO] src.corpus_acquisition.downloader: Skipping elcomercio on 2020-01-19: already crawled successfully.
2026-07-06 02:53:18,363 [INFO] src.corpus_acquisition.downloader: Skipping elcomercio on 2020-01-20: already crawled successfully.
2026-07-06 02:53:18,366 [INFO] src.corpus_acquisition.downloader: Skipping elcomercio on 2020-01-21: already crawled successfully.
2026-07-06 02:53:18,367 [INFO] src.corpus_acquisition.downloader: Skipping elcomercio on 2020-01-22: already crawled successfully.
2026-07-06 02:53:18,368 [INFO] src.corpus_acquisition.downloader: Skipping elcomercio on 2020-01-23: already crawled successfully.
2026-07-06 02:53:18,370 [INFO] src.corpus_acquisition.downloader: Skipping elcomercio on 2020-01-24: already crawled successfully.
2026-07-06 02:53:18,371 [INFO] src.corpus_acquisition.downloader: Skipping elcomercio on 2020-01-25: already crawled successfully.
2026-07-06 02:53:18,373 [INFO] src.corpus_acquisition.downloader: Opening archive for elcomercio on 2020-01-26
2026-07-06 02:53:28,221 [WARNING] src.corpus_acquisition.downloader: No new pages found after 3 attempts; stopping with 0 page(s).
2026-07-06 02:53:28,275 [INFO] src.corpus_acquisition.metadata_extractor: Saved crawl log -> data/raw/crawl_logs/elcomercio_2020-01-26.json (status=failed)
2026-07-06 02:53:30,712 [INFO] src.corpus_acquisition.downloader: Skipping elcomercio on 2020-01-27: already crawled successfully.
2026-07-06 02:53:30,714 [INFO] src.corpus_acquisition.downloader: Skipping elcomercio on 2020-01-28: already crawled successfully.
2026-07-06 02:53:30,715 [INFO] src.corpus_acquisition.downloader: Skipping elcomercio on 2020-01-29: already crawled successfully.
2026-07-06 02:53:30,716 [INFO] src.corpus_acquisition.downloader: Skipping elcomercio on 2020-01-30: already crawled successfully.
2026-07-06 02:53:30,717 [INFO] src.corpus_acquisition.downloader: Skipping elcomercio on 2020-01-31: already crawled successfully.
2026-07-06 02:53:30,720 [INFO] src.corpus_acquisition.downloader: Opening archive for elcomercio on 2020-02-01
2026-07-06 02:53:40,557 [WARNING] src.corpus_acquisition.downloader: No new pages found after 3 attempts; stopping with 0 page(s).
2026-07-06 02:53:40,610 [INFO] src.corpus_acquisition.metadata_extractor: Saved crawl log -> data/raw/crawl_logs/elcomercio_2020-02-01.json (status=failed)
2026-07-06 02:53:43,244 [INFO] src.corpus_acquisition.downloader: Opening archive for elcomercio on 2020-02-02
2026-07-06 02:53:53,101 [WARNING] src.corpus_acquisition.downloader: No new pages found after 3 attempts; stopping with 0 page(s).
2026-07-06 02:53:53,153 [INFO] src.corpus_acquisition.metadata_extractor: Saved crawl log -> data/raw/crawl_logs/elcomercio_2020-02-02.json (status=failed)
2026-07-06 02:53:55,378 [INFO] src.corpus_acquisition.downloader: Opening archive for elcomercio on 2020-02-03
2026-07-06 02:54:05,200 [WARNING] src.corpus_acquisition.downloader: No new pages found after 3 attempts; stopping with 0 page(s).
2026-07-06 02:54:05,253 [INFO] src.corpus_acquisition.metadata_extractor: Saved crawl log -> data/raw/crawl_logs/elcomercio_2020-02-03.json (status=failed)
2026-07-06 02:54:08,221 [INFO] src.corpus_acquisition.downloader: Skipping elcomercio on 2020-02-04: already crawled successfully.
2026-07-06 02:54:08,222 [INFO] src.corpus_acquisition.downloader: Skipping elcomercio on 2020-02-05: already crawled successfully.
2026-07-06 02:54:08,223 [INFO] src.corpus_acquisition.downloader: Skipping elcomercio on 2020-02-06: already crawled successfully.
2026-07-06 02:54:08,225 [INFO] src.corpus_acquisition.downloader: Skipping elcomercio on 2020-02-07: already crawled successfully.
2026-07-06 02:54:08,227 [INFO] src.corpus_acquisition.downloader: Opening archive for elcomercio on 2020-02-08
2026-07-06 02:54:18,066 [WARNING] src.corpus_acquisition.downloader: No new pages found after 3 attempts; stopping with 0 page(s).
2026-07-06 02:54:18,117 [INFO] src.corpus_acquisition.metadata_extractor: Saved crawl log -> data/raw/crawl_logs/elcomercio_2020-02-08.json (status=failed)
2026-07-06 02:54:20,546 [INFO] src.corpus_acquisition.downloader: Skipping elcomercio on 2020-02-09: already crawled successfully.
2026-07-06 02:54:20,547 [INFO] src.corpus_acquisition.downloader: Skipping elcomercio on 2020-02-10: already crawled successfully.
2026-07-06 02:54:20,549 [INFO] src.corpus_acquisition.downloader: Skipping elcomercio on 2020-02-11: already crawled successfully.
2026-07-06 02:54:20,550 [INFO] src.corpus_acquisition.downloader: Skipping elcomercio on 2020-02-12: already crawled successfully.
2026-07-06 02:54:20,552 [INFO] src.corpus_acquisition.downloader: Skipping elcomercio on 2020-02-13: already crawled successfully.
2026-07-06 02:54:20,553 [INFO] src.corpus_acquisition.downloader: Skipping elcomercio on 2020-02-14: already crawled successfully.
2026-07-06 02:54:20,554 [INFO] src.corpus_acquisition.downloader: Skipping elcomercio on 2020-02-15: already crawled successfully.
2026-07-06 02:54:20,555 [INFO] src.corpus_acquisition.downloader: Skipping elcomercio on 2020-02-16: already crawled successfully.
2026-07-06 02:54:20,557 [INFO] src.corpus_acquisition.downloader: Skipping elcomercio on 2020-02-17: already crawled successfully.
2026-07-06 02:54:20,559 [INFO] src.corpus_acquisition.downloader: Skipping elcomercio on 2020-02-18: already crawled successfully.
2026-07-06 02:54:20,560 [INFO] src.corpus_acquisition.downloader: Skipping elcomercio on 2020-02-19: already crawled successfully.
2026-07-06 02:54:20,561 [INFO] src.corpus_acquisition.downloader: Skipping elcomercio on 2020-02-20: already crawled successfully.
2026-07-06 02:54:20,563 [INFO] src.corpus_acquisition.downloader: Skipping elcomercio on 2020-02-21: already crawled successfully.
2026-07-06 02:54:20,564 [INFO] src.corpus_acquisition.downloader: Skipping elcomercio on 2020-02-22: already crawled successfully.
2026-07-06 02:54:20,565 [INFO] src.corpus_acquisition.downloader: Skipping elcomercio on 2020-02-23: already crawled successfully.
2026-07-06 02:54:20,566 [INFO] src.corpus_acquisition.downloader: Skipping elcomercio on 2020-02-24: already crawled successfully.
2026-07-06 02:54:20,568 [INFO] src.corpus_acquisition.downloader: Skipping elcomercio on 2020-02-25: already crawled successfully.
2026-07-06 02:54:20,569 [INFO] src.corpus_acquisition.downloader: Skipping elcomercio on 2020-02-26: already crawled successfully.
2026-07-06 02:54:20,570 [INFO] src.corpus_acquisition.downloader: Skipping elcomercio on 2020-02-27: already crawled successfully.
2026-07-06 02:54:20,571 [INFO] src.corpus_acquisition.downloader: Skipping elcomercio on 2020-02-28: already crawled successfully.
2026-07-06 02:54:20,573 [INFO] src.corpus_acquisition.downloader: Skipping elcomercio on 2020-02-29: already crawled successfully.
2026-07-06 02:54:20,574 [INFO] src.corpus_acquisition.downloader: Skipping elcomercio on 2020-03-01: already crawled successfully.
2026-07-06 02:54:20,575 [INFO] src.corpus_acquisition.downloader: Skipping elcomercio on 2020-03-02: already crawled successfully.
2026-07-06 02:54:20,577 [INFO] src.corpus_acquisition.downloader: Skipping elcomercio on 2020-03-03: already crawled successfully.
2026-07-06 02:54:20,578 [INFO] src.corpus_acquisition.downloader: Skipping elcomercio on 2020-03-04: already crawled successfully.
2026-07-06 02:54:20,579 [INFO] src.corpus_acquisition.downloader: Skipping elcomercio on 2020-03-05: already crawled successfully.
2026-07-06 02:54:20,580 [INFO] src.corpus_acquisition.downloader: Skipping elcomercio on 2020-03-06: already crawled successfully.
2026-07-06 02:54:20,582 [INFO] src.corpus_acquisition.downloader: Skipping elcomercio on 2020-03-07: already crawled successfully.
2026-07-06 02:54:20,583 [INFO] src.corpus_acquisition.downloader: Skipping elcomercio on 2020-03-08: already crawled successfully.
2026-07-06 02:54:20,584 [INFO] src.corpus_acquisition.downloader: Skipping elcomercio on 2020-03-09: already crawled successfully.
2026-07-06 02:54:20,585 [INFO] src.corpus_acquisition.downloader: Skipping elcomercio on 2020-03-10: already crawled successfully.
2026-07-06 02:54:20,586 [INFO] src.corpus_acquisition.downloader: Skipping elcomercio on 2020-03-11: already crawled successfully.
2026-07-06 02:54:20,587 [INFO] src.corpus_acquisition.downloader: Skipping elcomercio on 2020-03-12: already crawled successfully.
2026-07-06 02:54:20,589 [INFO] src.corpus_acquisition.downloader: Skipping elcomercio on 2020-03-13: already crawled successfully.
2026-07-06 02:54:20,590 [INFO] src.corpus_acquisition.downloader: Skipping elcomercio on 2020-03-14: already crawled successfully.
2026-07-06 02:54:20,591 [INFO] src.corpus_acquisition.downloader: Skipping elcomercio on 2020-03-15: already crawled successfully.
2026-07-06 02:54:20,592 [INFO] src.corpus_acquisition.downloader: Skipping elcomercio on 2020-03-16: already crawled successfully.
2026-07-06 02:54:20,593 [INFO] src.corpus_acquisition.downloader: Skipping elcomercio on 2020-03-17: already crawled successfully.
2026-07-06 02:54:20,594 [INFO] src.corpus_acquisition.downloader: Skipping elcomercio on 2020-03-18: already crawled successfully.
2026-07-06 02:54:20,595 [INFO] src.corpus_acquisition.downloader: Skipping elcomercio on 2020-03-19: already crawled successfully.
2026-07-06 02:54:20,597 [INFO] src.corpus_acquisition.downloader: Skipping elcomercio on 2020-03-20: already crawled successfully.
2026-07-06 02:54:20,598 [INFO] src.corpus_acquisition.downloader: Skipping elcomercio on 2020-03-21: already crawled successfully.
2026-07-06 02:54:20,599 [INFO] src.corpus_acquisition.downloader: Skipping elcomercio on 2020-03-22: already crawled successfully.
2026-07-06 02:54:20,600 [INFO] src.corpus_acquisition.downloader: Skipping elcomercio on 2020-03-23: already crawled successfully.
2026-07-06 02:54:20,601 [INFO] src.corpus_acquisition.downloader: Skipping elcomercio on 2020-03-24: already crawled successfully.
2026-07-06 02:54:20,604 [INFO] src.corpus_acquisition.downloader: Skipping elcomercio on 2020-03-25: already crawled successfully.
2026-07-06 02:54:20,606 [INFO] src.corpus_acquisition.downloader: Opening archive for elcomercio on 2020-03-26
2026-07-06 02:54:31,066 [WARNING] src.corpus_acquisition.downloader: No new pages found after 3 attempts; stopping with 0 page(s).
2026-07-06 02:54:31,115 [INFO] src.corpus_acquisition.metadata_extractor: Saved crawl log -> data/raw/crawl_logs/elcomercio_2020-03-26.json (status=failed)
2026-07-06 02:54:33,789 [INFO] src.corpus_acquisition.downloader: Skipping elcomercio on 2020-03-27: already crawled successfully.
2026-07-06 02:54:33,790 [INFO] src.corpus_acquisition.downloader: Skipping elcomercio on 2020-03-28: already crawled successfully.
2026-07-06 02:54:33,792 [INFO] src.corpus_acquisition.downloader: Skipping elcomercio on 2020-03-29: already crawled successfully.
2026-07-06 02:54:33,793 [INFO] src.corpus_acquisition.downloader: Skipping elcomercio on 2020-03-30: already crawled successfully.
2026-07-06 02:54:33,795 [INFO] src.corpus_acquisition.downloader: Skipping elcomercio on 2020-03-31: already crawled successfully.
2026-07-06 02:54:33,796 [INFO] src.corpus_acquisition.downloader: Skipping elcomercio on 2020-04-01: already crawled successfully.
2026-07-06 02:54:33,798 [INFO] src.corpus_acquisition.downloader: Skipping elcomercio on 2020-04-02: already crawled successfully.
2026-07-06 02:54:33,799 [INFO] src.corpus_acquisition.downloader: Skipping elcomercio on 2020-04-03: already crawled successfully.
2026-07-06 02:54:33,800 [INFO] src.corpus_acquisition.downloader: Skipping elcomercio on 2020-04-04: already crawled successfully.
2026-07-06 02:54:33,801 [INFO] src.corpus_acquisition.downloader: Skipping elcomercio on 2020-04-05: already crawled successfully.
2026-07-06 02:54:33,802 [INFO] src.corpus_acquisition.downloader: Skipping elcomercio on 2020-04-06: already crawled successfully.
2026-07-06 02:54:33,804 [INFO] src.corpus_acquisition.downloader: Skipping elcomercio on 2020-04-07: already crawled successfully.
2026-07-06 02:54:33,805 [INFO] src.corpus_acquisition.downloader: Skipping elcomercio on 2020-04-08: already crawled successfully.
2026-07-06 02:54:33,806 [INFO] src.corpus_acquisition.downloader: Skipping elcomercio on 2020-04-09: already crawled successfully.
2026-07-06 02:54:33,807 [INFO] src.corpus_acquisition.downloader: Skipping elcomercio on 2020-04-10: already crawled successfully.
2026-07-06 02:54:33,808 [INFO] src.corpus_acquisition.downloader: Skipping elcomercio on 2020-04-11: already crawled successfully.
2026-07-06 02:54:33,810 [INFO] src.corpus_acquisition.downloader: Skipping elcomercio on 2020-04-12: already crawled successfully.
2026-07-06 02:54:33,811 [INFO] src.corpus_acquisition.downloader: Skipping elcomercio on 2020-04-13: already crawled successfully.
2026-07-06 02:54:33,812 [INFO] src.corpus_acquisition.downloader: Skipping elcomercio on 2020-04-14: already crawled successfully.
2026-07-06 02:54:33,813 [INFO] src.corpus_acquisition.downloader: Skipping elcomercio on 2020-04-15: already crawled successfully.
2026-07-06 02:54:33,814 [INFO] src.corpus_acquisition.downloader: Skipping elcomercio on 2020-04-16: already crawled successfully.
2026-07-06 02:54:33,815 [INFO] src.corpus_acquisition.downloader: Skipping elcomercio on 2020-04-17: already crawled successfully.
2026-07-06 02:54:33,817 [INFO] src.corpus_acquisition.downloader: Skipping elcomercio on 2020-04-18: already crawled successfully.
2026-07-06 02:54:33,818 [INFO] src.corpus_acquisition.downloader: Skipping elcomercio on 2020-04-19: already crawled successfully.
2026-07-06 02:54:33,821 [INFO] src.corpus_acquisition.downloader: Skipping elcomercio on 2020-04-20: already crawled successfully.
2026-07-06 02:54:33,822 [INFO] src.corpus_acquisition.downloader: Skipping elcomercio on 2020-04-21: already crawled successfully.
2026-07-06 02:54:33,823 [INFO] src.corpus_acquisition.downloader: Skipping elcomercio on 2020-04-22: already crawled successfully.
2026-07-06 02:54:33,824 [INFO] src.corpus_acquisition.downloader: Skipping elcomercio on 2020-04-23: already crawled successfully.
2026-07-06 02:54:33,826 [INFO] src.corpus_acquisition.downloader: Skipping elcomercio on 2020-04-24: already crawled successfully.
2026-07-06 02:54:33,827 [INFO] src.corpus_acquisition.downloader: Skipping elcomercio on 2020-04-25: already crawled successfully.
2026-07-06 02:54:33,828 [INFO] src.corpus_acquisition.downloader: Skipping elcomercio on 2020-04-26: already crawled successfully.
2026-07-06 02:54:33,830 [INFO] src.corpus_acquisition.downloader: Skipping elcomercio on 2020-04-27: already crawled successfully.
2026-07-06 02:54:33,831 [INFO] src.corpus_acquisition.downloader: Skipping elcomercio on 2020-04-28: already crawled successfully.
2026-07-06 02:54:33,832 [INFO] src.corpus_acquisition.downloader: Skipping elcomercio on 2020-04-29: already crawled successfully.
2026-07-06 02:54:33,833 [INFO] src.corpus_acquisition.downloader: Skipping elcomercio on 2020-04-30: already crawled successfully.
2026-07-06 02:54:33,834 [INFO] src.corpus_acquisition.downloader: Skipping elcomercio on 2020-05-01: already crawled successfully.
2026-07-06 02:54:33,836 [INFO] src.corpus_acquisition.downloader: Opening archive for elcomercio on 2020-05-02
2026-07-06 02:54:43,654 [WARNING] src.corpus_acquisition.downloader: No new pages found after 3 attempts; stopping with 0 page(s).
2026-07-06 02:54:43,712 [INFO] src.corpus_acquisition.metadata_extractor: Saved crawl log -> data/raw/crawl_logs/elcomercio_2020-05-02.json (status=failed)
2026-07-06 02:54:46,097 [INFO] src.corpus_acquisition.downloader: Skipping elcomercio on 2020-05-03: already crawled successfully.
2026-07-06 02:54:46,099 [INFO] src.corpus_acquisition.downloader: Skipping elcomercio on 2020-05-04: already crawled successfully.
2026-07-06 02:54:46,100 [INFO] src.corpus_acquisition.downloader: Skipping elcomercio on 2020-05-05: already crawled successfully.
2026-07-06 02:54:46,101 [INFO] src.corpus_acquisition.downloader: Skipping elcomercio on 2020-05-06: already crawled successfully.
2026-07-06 02:54:46,102 [INFO] src.corpus_acquisition.downloader: Skipping elcomercio on 2020-05-07: already crawled successfully.
2026-07-06 02:54:46,104 [INFO] src.corpus_acquisition.downloader: Skipping elcomercio on 2020-05-08: already crawled successfully.
2026-07-06 02:54:46,105 [INFO] src.corpus_acquisition.downloader: Skipping elcomercio on 2020-05-09: already crawled successfully.
2026-07-06 02:54:46,106 [INFO] src.corpus_acquisition.downloader: Skipping elcomercio on 2020-05-10: already crawled successfully.
2026-07-06 02:54:46,107 [INFO] src.corpus_acquisition.downloader: Skipping elcomercio on 2020-05-11: already crawled successfully.
2026-07-06 02:54:46,108 [INFO] src.corpus_acquisition.downloader: Skipping elcomercio on 2020-05-12: already crawled successfully.
2026-07-06 02:54:46,110 [INFO] src.corpus_acquisition.downloader: Skipping elcomercio on 2020-05-13: already crawled successfully.
2026-07-06 02:54:46,111 [INFO] src.corpus_acquisition.downloader: Skipping elcomercio on 2020-05-14: already crawled successfully.
2026-07-06 02:54:46,112 [INFO] src.corpus_acquisition.downloader: Skipping elcomercio on 2020-05-15: already crawled successfully.
2026-07-06 02:54:46,113 [INFO] src.corpus_acquisition.downloader: Skipping elcomercio on 2020-05-16: already crawled successfully.
2026-07-06 02:54:46,114 [INFO] src.corpus_acquisition.downloader: Skipping elcomercio on 2020-05-17: already crawled successfully.
2026-07-06 02:54:46,115 [INFO] src.corpus_acquisition.downloader: Skipping elcomercio on 2020-05-18: already crawled successfully.
2026-07-06 02:54:46,116 [INFO] src.corpus_acquisition.downloader: Skipping elcomercio on 2020-05-19: already crawled successfully.
2026-07-06 02:54:46,117 [INFO] src.corpus_acquisition.downloader: Skipping elcomercio on 2020-05-20: already crawled successfully.
2026-07-06 02:54:46,119 [INFO] src.corpus_acquisition.downloader: Skipping elcomercio on 2020-05-21: already crawled successfully.
2026-07-06 02:54:46,120 [INFO] src.corpus_acquisition.downloader: Skipping elcomercio on 2020-05-22: already crawled successfully.
2026-07-06 02:54:46,121 [INFO] src.corpus_acquisition.downloader: Skipping elcomercio on 2020-05-23: already crawled successfully.
2026-07-06 02:54:46,122 [INFO] src.corpus_acquisition.downloader: Skipping elcomercio on 2020-05-24: already crawled successfully.
2026-07-06 02:54:46,123 [INFO] src.corpus_acquisition.downloader: Skipping elcomercio on 2020-05-25: already crawled successfully.
2026-07-06 02:54:46,125 [INFO] src.corpus_acquisition.downloader: Skipping elcomercio on 2020-05-26: already crawled successfully.
2026-07-06 02:54:46,126 [INFO] src.corpus_acquisition.downloader: Skipping elcomercio on 2020-05-27: already crawled successfully.
2026-07-06 02:54:46,127 [INFO] src.corpus_acquisition.downloader: Skipping elcomercio on 2020-05-28: already crawled successfully.
2026-07-06 02:54:46,128 [INFO] src.corpus_acquisition.downloader: Skipping elcomercio on 2020-05-29: already crawled successfully.
2026-07-06 02:54:46,130 [INFO] src.corpus_acquisition.downloader: Skipping elcomercio on 2020-05-30: already crawled successfully.
2026-07-06 02:54:46,131 [INFO] src.corpus_acquisition.downloader: Skipping elcomercio on 2020-05-31: already crawled successfully.
2026-07-06 02:54:46,132 [INFO] src.corpus_acquisition.downloader: Skipping elcomercio on 2020-06-01: already crawled successfully.
2026-07-06 02:54:46,133 [INFO] src.corpus_acquisition.downloader: Skipping elcomercio on 2020-06-02: already crawled successfully.
2026-07-06 02:54:46,134 [INFO] src.corpus_acquisition.downloader: Skipping elcomercio on 2020-06-03: already crawled successfully.
2026-07-06 02:54:46,136 [INFO] src.corpus_acquisition.downloader: Skipping elcomercio on 2020-06-04: already crawled successfully.
2026-07-06 02:54:46,137 [INFO] src.corpus_acquisition.downloader: Skipping elcomercio on 2020-06-05: already crawled successfully.
2026-07-06 02:54:46,138 [INFO] src.corpus_acquisition.downloader: Skipping elcomercio on 2020-06-06: already crawled successfully.
2026-07-06 02:54:46,139 [INFO] src.corpus_acquisition.downloader: Skipping elcomercio on 2020-06-07: already crawled successfully.
2026-07-06 02:54:46,140 [INFO] src.corpus_acquisition.downloader: Skipping elcomercio on 2020-06-08: already crawled successfully.
2026-07-06 02:54:46,142 [INFO] src.corpus_acquisition.downloader: Skipping elcomercio on 2020-06-09: already crawled successfully.
2026-07-06 02:54:46,143 [INFO] src.corpus_acquisition.downloader: Skipping elcomercio on 2020-06-10: already crawled successfully.
2026-07-06 02:54:46,144 [INFO] src.corpus_acquisition.downloader: Skipping elcomercio on 2020-06-11: already crawled successfully.
2026-07-06 02:54:46,146 [INFO] src.corpus_acquisition.downloader: Skipping elcomercio on 2020-06-12: already crawled successfully.
2026-07-06 02:54:46,147 [INFO] src.corpus_acquisition.downloader: Skipping elcomercio on 2020-06-13: already crawled successfully.
2026-07-06 02:54:46,148 [INFO] src.corpus_acquisition.downloader: Skipping elcomercio on 2020-06-14: already crawled successfully.
2026-07-06 02:54:46,149 [INFO] src.corpus_acquisition.downloader: Skipping elcomercio on 2020-06-15: already crawled successfully.
2026-07-06 02:54:46,151 [INFO] src.corpus_acquisition.downloader: Skipping elcomercio on 2020-06-16: already crawled successfully.
2026-07-06 02:54:46,152 [INFO] src.corpus_acquisition.downloader: Skipping elcomercio on 2020-06-17: already crawled successfully.
2026-07-06 02:54:46,153 [INFO] src.corpus_acquisition.downloader: Skipping elcomercio on 2020-06-18: already crawled successfully.
2026-07-06 02:54:46,154 [INFO] src.corpus_acquisition.downloader: Skipping elcomercio on 2020-06-19: already crawled successfully.
2026-07-06 02:54:46,155 [INFO] src.corpus_acquisition.downloader: Skipping elcomercio on 2020-06-20: already crawled successfully.
2026-07-06 02:54:46,156 [INFO] src.corpus_acquisition.downloader: Skipping elcomercio on 2020-06-21: already crawled successfully.
2026-07-06 02:54:46,158 [INFO] src.corpus_acquisition.downloader: Skipping elcomercio on 2020-06-22: already crawled successfully.
2026-07-06 02:54:46,159 [INFO] src.corpus_acquisition.downloader: Skipping elcomercio on 2020-06-23: already crawled successfully.
2026-07-06 02:54:46,160 [INFO] src.corpus_acquisition.downloader: Skipping elcomercio on 2020-06-24: already crawled successfully.
2026-07-06 02:54:46,161 [INFO] src.corpus_acquisition.downloader: Skipping elcomercio on 2020-06-25: already crawled successfully.
2026-07-06 02:54:46,162 [INFO] src.corpus_acquisition.downloader: Skipping elcomercio on 2020-06-26: already crawled successfully.
2026-07-06 02:54:46,164 [INFO] src.corpus_acquisition.downloader: Skipping elcomercio on 2020-06-27: already crawled successfully.
2026-07-06 02:54:46,165 [INFO] src.corpus_acquisition.downloader: Skipping elcomercio on 2020-06-28: already crawled successfully.
2026-07-06 02:54:46,166 [INFO] src.corpus_acquisition.downloader: Skipping elcomercio on 2020-06-29: already crawled successfully.
2026-07-06 02:54:46,167 [INFO] src.corpus_acquisition.downloader: Skipping elcomercio on 2020-06-30: already crawled successfully.
2026-07-06 02:54:46,168 [INFO] src.corpus_acquisition.downloader: Skipping elcomercio on 2020-07-01: already crawled successfully.
2026-07-06 02:54:46,170 [INFO] src.corpus_acquisition.downloader: Skipping elcomercio on 2020-07-02: already crawled successfully.
2026-07-06 02:54:46,171 [INFO] src.corpus_acquisition.downloader: Skipping elcomercio on 2020-07-03: already crawled successfully.
2026-07-06 02:54:46,172 [INFO] src.corpus_acquisition.downloader: Skipping elcomercio on 2020-07-04: already crawled successfully.
2026-07-06 02:54:46,174 [INFO] src.corpus_acquisition.downloader: Skipping elcomercio on 2020-07-05: already crawled successfully.
2026-07-06 02:54:46,175 [INFO] src.corpus_acquisition.downloader: Skipping elcomercio on 2020-07-06: already crawled successfully.
2026-07-06 02:54:46,176 [INFO] src.corpus_acquisition.downloader: Skipping elcomercio on 2020-07-07: already crawled successfully.
2026-07-06 02:54:46,177 [INFO] src.corpus_acquisition.downloader: Skipping elcomercio on 2020-07-08: already crawled successfully.
2026-07-06 02:54:46,178 [INFO] src.corpus_acquisition.downloader: Skipping elcomercio on 2020-07-09: already crawled successfully.
2026-07-06 02:54:46,180 [INFO] src.corpus_acquisition.downloader: Skipping elcomercio on 2020-07-10: already crawled successfully.
2026-07-06 02:54:46,181 [INFO] src.corpus_acquisition.downloader: Skipping elcomercio on 2020-07-11: already crawled successfully.
2026-07-06 02:54:46,182 [INFO] src.corpus_acquisition.downloader: Skipping elcomercio on 2020-07-12: already crawled successfully.
2026-07-06 02:54:46,184 [INFO] src.corpus_acquisition.downloader: Skipping elcomercio on 2020-07-13: already crawled successfully.
2026-07-06 02:54:46,185 [INFO] src.corpus_acquisition.downloader: Skipping elcomercio on 2020-07-14: already crawled successfully.
2026-07-06 02:54:46,186 [INFO] src.corpus_acquisition.downloader: Skipping elcomercio on 2020-07-15: already crawled successfully.
2026-07-06 02:54:46,187 [INFO] src.corpus_acquisition.downloader: Skipping elcomercio on 2020-07-16: already crawled successfully.
2026-07-06 02:54:46,188 [INFO] src.corpus_acquisition.downloader: Skipping elcomercio on 2020-07-17: already crawled successfully.
2026-07-06 02:54:46,190 [INFO] src.corpus_acquisition.downloader: Skipping elcomercio on 2020-07-18: already crawled successfully.
2026-07-06 02:54:46,191 [INFO] src.corpus_acquisition.downloader: Skipping elcomercio on 2020-07-19: already crawled successfully.
2026-07-06 02:54:46,192 [INFO] src.corpus_acquisition.downloader: Skipping elcomercio on 2020-07-20: already crawled successfully.
2026-07-06 02:54:46,193 [INFO] src.corpus_acquisition.downloader: Skipping elcomercio on 2020-07-21: already crawled successfully.
2026-07-06 02:54:46,195 [INFO] src.corpus_acquisition.downloader: Skipping elcomercio on 2020-07-22: already crawled successfully.
2026-07-06 02:54:46,196 [INFO] src.corpus_acquisition.downloader: Skipping elcomercio on 2020-07-23: already crawled successfully.
2026-07-06 02:54:46,197 [INFO] src.corpus_acquisition.downloader: Skipping elcomercio on 2020-07-24: already crawled successfully.
2026-07-06 02:54:46,199 [INFO] src.corpus_acquisition.downloader: Skipping elcomercio on 2020-07-25: already crawled successfully.
2026-07-06 02:54:46,200 [INFO] src.corpus_acquisition.downloader: Skipping elcomercio on 2020-07-26: already crawled successfully.
2026-07-06 02:54:46,201 [INFO] src.corpus_acquisition.downloader: Skipping elcomercio on 2020-07-27: already crawled successfully.
2026-07-06 02:54:46,203 [INFO] src.corpus_acquisition.downloader: Skipping elcomercio on 2020-07-28: already crawled successfully.
2026-07-06 02:54:46,204 [INFO] src.corpus_acquisition.downloader: Skipping elcomercio on 2020-07-29: already crawled successfully.
2026-07-06 02:54:46,205 [INFO] src.corpus_acquisition.downloader: Skipping elcomercio on 2020-07-30: already crawled successfully.
2026-07-06 02:54:46,207 [INFO] src.corpus_acquisition.downloader: Skipping elcomercio on 2020-07-31: already crawled successfully.
2026-07-06 02:54:46,208 [INFO] src.corpus_acquisition.downloader: Skipping elcomercio on 2020-08-01: already crawled successfully.
2026-07-06 02:54:46,209 [INFO] src.corpus_acquisition.downloader: Skipping elcomercio on 2020-08-02: already crawled successfully.
2026-07-06 02:54:46,210 [INFO] src.corpus_acquisition.downloader: Skipping elcomercio on 2020-08-03: already crawled successfully.
2026-07-06 02:54:46,211 [INFO] src.corpus_acquisition.downloader: Skipping elcomercio on 2020-08-04: already crawled successfully.
2026-07-06 02:54:46,213 [INFO] src.corpus_acquisition.downloader: Skipping elcomercio on 2020-08-05: already crawled successfully.
2026-07-06 02:54:46,214 [INFO] src.corpus_acquisition.downloader: Skipping elcomercio on 2020-08-06: already crawled successfully.
2026-07-06 02:54:46,215 [INFO] src.corpus_acquisition.downloader: Skipping elcomercio on 2020-08-07: already crawled successfully.
2026-07-06 02:54:46,216 [INFO] src.corpus_acquisition.downloader: Skipping elcomercio on 2020-08-08: already crawled successfully.
2026-07-06 02:54:46,217 [INFO] src.corpus_acquisition.downloader: Skipping elcomercio on 2020-08-09: already crawled successfully.
2026-07-06 02:54:46,218 [INFO] src.corpus_acquisition.downloader: Skipping elcomercio on 2020-08-10: already crawled successfully.
2026-07-06 02:54:46,219 [INFO] src.corpus_acquisition.downloader: Skipping elcomercio on 2020-08-11: already crawled successfully.
2026-07-06 02:54:46,221 [INFO] src.corpus_acquisition.downloader: Skipping elcomercio on 2020-08-12: already crawled successfully.
2026-07-06 02:54:46,222 [INFO] src.corpus_acquisition.downloader: Skipping elcomercio on 2020-08-13: already crawled successfully.
2026-07-06 02:54:46,239 [INFO] src.corpus_acquisition.downloader: Skipping elcomercio on 2020-08-14: already crawled successfully.
2026-07-06 02:54:46,240 [INFO] src.corpus_acquisition.downloader: Skipping elcomercio on 2020-08-15: already crawled successfully.
2026-07-06 02:54:46,241 [INFO] src.corpus_acquisition.downloader: Skipping elcomercio on 2020-08-16: already crawled successfully.
2026-07-06 02:54:46,243 [INFO] src.corpus_acquisition.downloader: Skipping elcomercio on 2020-08-17: already crawled successfully.
2026-07-06 02:54:46,244 [INFO] src.corpus_acquisition.downloader: Skipping elcomercio on 2020-08-18: already crawled successfully.
2026-07-06 02:54:46,245 [INFO] src.corpus_acquisition.downloader: Skipping elcomercio on 2020-08-19: already crawled successfully.
2026-07-06 02:54:46,246 [INFO] src.corpus_acquisition.downloader: Skipping elcomercio on 2020-08-20: already crawled successfully.
2026-07-06 02:54:46,247 [INFO] src.corpus_acquisition.downloader: Skipping elcomercio on 2020-08-21: already crawled successfully.
2026-07-06 02:54:46,248 [INFO] src.corpus_acquisition.downloader: Skipping elcomercio on 2020-08-22: already crawled successfully.
2026-07-06 02:54:46,249 [INFO] src.corpus_acquisition.downloader: Skipping elcomercio on 2020-08-23: already crawled successfully.
2026-07-06 02:54:46,251 [INFO] src.corpus_acquisition.downloader: Skipping elcomercio on 2020-08-24: already crawled successfully.
2026-07-06 02:54:46,252 [INFO] src.corpus_acquisition.downloader: Skipping elcomercio on 2020-08-25: already crawled successfully.
2026-07-06 02:54:46,253 [INFO] src.corpus_acquisition.downloader: Skipping elcomercio on 2020-08-26: already crawled successfully.
2026-07-06 02:54:46,254 [INFO] src.corpus_acquisition.downloader: Skipping elcomercio on 2020-08-27: already crawled successfully.
2026-07-06 02:54:46,255 [INFO] src.corpus_acquisition.downloader: Skipping elcomercio on 2020-08-28: already crawled successfully.
2026-07-06 02:54:46,256 [INFO] src.corpus_acquisition.downloader: Skipping elcomercio on 2020-08-29: already crawled successfully.
2026-07-06 02:54:46,257 [INFO] src.corpus_acquisition.downloader: Skipping elcomercio on 2020-08-30: already crawled successfully.
2026-07-06 02:54:46,258 [INFO] src.corpus_acquisition.downloader: Skipping elcomercio on 2020-08-31: already crawled successfully.
2026-07-06 02:54:46,259 [INFO] src.corpus_acquisition.downloader: Skipping elcomercio on 2020-09-01: already crawled successfully.
2026-07-06 02:54:46,261 [INFO] src.corpus_acquisition.downloader: Skipping elcomercio on 2020-09-02: already crawled successfully.
2026-07-06 02:54:46,262 [INFO] src.corpus_acquisition.downloader: Skipping elcomercio on 2020-09-03: already crawled successfully.
2026-07-06 02:54:46,263 [INFO] src.corpus_acquisition.downloader: Skipping elcomercio on 2020-09-04: already crawled successfully.
2026-07-06 02:54:46,264 [INFO] src.corpus_acquisition.downloader: Skipping elcomercio on 2020-09-05: already crawled successfully.
2026-07-06 02:54:46,269 [INFO] src.corpus_acquisition.downloader: Skipping elcomercio on 2020-09-06: already crawled successfully.
2026-07-06 02:54:46,270 [INFO] src.corpus_acquisition.downloader: Skipping elcomercio on 2020-09-07: already crawled successfully.
2026-07-06 02:54:46,271 [INFO] src.corpus_acquisition.downloader: Skipping elcomercio on 2020-09-08: already crawled successfully.
2026-07-06 02:54:46,272 [INFO] src.corpus_acquisition.downloader: Skipping elcomercio on 2020-09-09: already crawled successfully.
2026-07-06 02:54:46,274 [INFO] src.corpus_acquisition.downloader: Skipping elcomercio on 2020-09-10: already crawled successfully.
2026-07-06 02:54:46,275 [INFO] src.corpus_acquisition.downloader: Skipping elcomercio on 2020-09-11: already crawled successfully.
2026-07-06 02:54:46,276 [INFO] src.corpus_acquisition.downloader: Skipping elcomercio on 2020-09-12: already crawled successfully.
2026-07-06 02:54:46,277 [INFO] src.corpus_acquisition.downloader: Skipping elcomercio on 2020-09-13: already crawled successfully.
2026-07-06 02:54:46,278 [INFO] src.corpus_acquisition.downloader: Skipping elcomercio on 2020-09-14: already crawled successfully.
2026-07-06 02:54:46,279 [INFO] src.corpus_acquisition.downloader: Skipping elcomercio on 2020-09-15: already crawled successfully.
2026-07-06 02:54:46,281 [INFO] src.corpus_acquisition.downloader: Skipping elcomercio on 2020-09-16: already crawled successfully.
2026-07-06 02:54:46,282 [INFO] src.corpus_acquisition.downloader: Skipping elcomercio on 2020-09-17: already crawled successfully.
2026-07-06 02:54:46,283 [INFO] src.corpus_acquisition.downloader: Skipping elcomercio on 2020-09-18: already crawled successfully.
2026-07-06 02:54:46,284 [INFO] src.corpus_acquisition.downloader: Skipping elcomercio on 2020-09-19: already crawled successfully.
2026-07-06 02:54:46,285 [INFO] src.corpus_acquisition.downloader: Skipping elcomercio on 2020-09-20: already crawled successfully.
2026-07-06 02:54:46,286 [INFO] src.corpus_acquisition.downloader: Skipping elcomercio on 2020-09-21: already crawled successfully.
2026-07-06 02:54:46,287 [INFO] src.corpus_acquisition.downloader: Skipping elcomercio on 2020-09-22: already crawled successfully.
2026-07-06 02:54:46,288 [INFO] src.corpus_acquisition.downloader: Skipping elcomercio on 2020-09-23: already crawled successfully.
2026-07-06 02:54:46,289 [INFO] src.corpus_acquisition.downloader: Skipping elcomercio on 2020-09-24: already crawled successfully.
2026-07-06 02:54:46,291 [INFO] src.corpus_acquisition.downloader: Skipping elcomercio on 2020-09-25: already crawled successfully.
2026-07-06 02:54:46,292 [INFO] src.corpus_acquisition.downloader: Skipping elcomercio on 2020-09-26: already crawled successfully.
2026-07-06 02:54:46,293 [INFO] src.corpus_acquisition.downloader: Skipping elcomercio on 2020-09-27: already crawled successfully.
2026-07-06 02:54:46,294 [INFO] src.corpus_acquisition.downloader: Skipping elcomercio on 2020-09-28: already crawled successfully.
2026-07-06 02:54:46,295 [INFO] src.corpus_acquisition.downloader: Skipping elcomercio on 2020-09-29: already crawled successfully.
2026-07-06 02:54:46,296 [INFO] src.corpus_acquisition.downloader: Skipping elcomercio on 2020-09-30: already crawled successfully.
2026-07-06 02:54:46,297 [INFO] src.corpus_acquisition.downloader: Skipping elcomercio on 2020-10-01: already crawled successfully.
2026-07-06 02:54:46,298 [INFO] src.corpus_acquisition.downloader: Skipping elcomercio on 2020-10-02: already crawled successfully.
2026-07-06 02:54:46,300 [INFO] src.corpus_acquisition.downloader: Skipping elcomercio on 2020-10-03: already crawled successfully.
2026-07-06 02:54:46,301 [INFO] src.corpus_acquisition.downloader: Skipping elcomercio on 2020-10-04: already crawled successfully.
2026-07-06 02:54:46,302 [INFO] src.corpus_acquisition.downloader: Skipping elcomercio on 2020-10-05: already crawled successfully.
2026-07-06 02:54:46,303 [INFO] src.corpus_acquisition.downloader: Skipping elcomercio on 2020-10-06: already crawled successfully.
2026-07-06 02:54:46,304 [INFO] src.corpus_acquisition.downloader: Skipping elcomercio on 2020-10-07: already crawled successfully.
2026-07-06 02:54:46,305 [INFO] src.corpus_acquisition.downloader: Skipping elcomercio on 2020-10-08: already crawled successfully.
2026-07-06 02:54:46,306 [INFO] src.corpus_acquisition.downloader: Skipping elcomercio on 2020-10-09: already crawled successfully.
2026-07-06 02:54:46,307 [INFO] src.corpus_acquisition.downloader: Skipping elcomercio on 2020-10-10: already crawled successfully.
2026-07-06 02:54:46,308 [INFO] src.corpus_acquisition.downloader: Skipping elcomercio on 2020-10-11: already crawled successfully.
2026-07-06 02:54:46,309 [INFO] src.corpus_acquisition.downloader: Skipping elcomercio on 2020-10-12: already crawled successfully.
2026-07-06 02:54:46,310 [INFO] src.corpus_acquisition.downloader: Skipping elcomercio on 2020-10-13: already crawled successfully.
2026-07-06 02:54:46,311 [INFO] src.corpus_acquisition.downloader: Skipping elcomercio on 2020-10-14: already crawled successfully.
2026-07-06 02:54:46,313 [INFO] src.corpus_acquisition.downloader: Skipping elcomercio on 2020-10-15: already crawled successfully.
2026-07-06 02:54:46,314 [INFO] src.corpus_acquisition.downloader: Skipping elcomercio on 2020-10-16: already crawled successfully.
2026-07-06 02:54:46,316 [INFO] src.corpus_acquisition.downloader: Opening archive for elcomercio on 2020-10-17
2026-07-06 02:54:56,148 [WARNING] src.corpus_acquisition.downloader: No new pages found after 3 attempts; stopping with 0 page(s).
2026-07-06 02:54:56,203 [INFO] src.corpus_acquisition.metadata_extractor: Saved crawl log -> data/raw/crawl_logs/elcomercio_2020-10-17.json (status=failed)
2026-07-06 02:54:58,216 [INFO] src.corpus_acquisition.downloader: Skipping elcomercio on 2020-10-18: already crawled successfully.
2026-07-06 02:54:58,217 [INFO] src.corpus_acquisition.downloader: Skipping elcomercio on 2020-10-19: already crawled successfully.
2026-07-06 02:54:58,219 [INFO] src.corpus_acquisition.downloader: Skipping elcomercio on 2020-10-20: already crawled successfully.
2026-07-06 02:54:58,220 [INFO] src.corpus_acquisition.downloader: Skipping elcomercio on 2020-10-21: already crawled successfully.
2026-07-06 02:54:58,221 [INFO] src.corpus_acquisition.downloader: Skipping elcomercio on 2020-10-22: already crawled successfully.
2026-07-06 02:54:58,222 [INFO] src.corpus_acquisition.downloader: Skipping elcomercio on 2020-10-23: already crawled successfully.
2026-07-06 02:54:58,224 [INFO] src.corpus_acquisition.downloader: Skipping elcomercio on 2020-10-24: already crawled successfully.
2026-07-06 02:54:58,225 [INFO] src.corpus_acquisition.downloader: Skipping elcomercio on 2020-10-25: already crawled successfully.
2026-07-06 02:54:58,226 [INFO] src.corpus_acquisition.downloader: Skipping elcomercio on 2020-10-26: already crawled successfully.
2026-07-06 02:54:58,228 [INFO] src.corpus_acquisition.downloader: Skipping elcomercio on 2020-10-27: already crawled successfully.
2026-07-06 02:54:58,229 [INFO] src.corpus_acquisition.downloader: Skipping elcomercio on 2020-10-28: already crawled successfully.
2026-07-06 02:54:58,230 [INFO] src.corpus_acquisition.downloader: Skipping elcomercio on 2020-10-29: already crawled successfully.
2026-07-06 02:54:58,231 [INFO] src.corpus_acquisition.downloader: Skipping elcomercio on 2020-10-30: already crawled successfully.
2026-07-06 02:54:58,233 [INFO] src.corpus_acquisition.downloader: Skipping elcomercio on 2020-10-31: already crawled successfully.
2026-07-06 02:54:58,234 [INFO] src.corpus_acquisition.downloader: Skipping elcomercio on 2020-11-01: already crawled successfully.
2026-07-06 02:54:58,235 [INFO] src.corpus_acquisition.downloader: Skipping elcomercio on 2020-11-02: already crawled successfully.
2026-07-06 02:54:58,237 [INFO] src.corpus_acquisition.downloader: Opening archive for elcomercio on 2020-11-03
2026-07-06 02:55:08,065 [WARNING] src.corpus_acquisition.downloader: No new pages found after 3 attempts; stopping with 0 page(s).
2026-07-06 02:55:08,122 [INFO] src.corpus_acquisition.metadata_extractor: Saved crawl log -> data/raw/crawl_logs/elcomercio_2020-11-03.json (status=failed)
2026-07-06 02:55:11,046 [INFO] src.corpus_acquisition.downloader: Skipping elcomercio on 2020-11-04: already crawled successfully.
2026-07-06 02:55:11,047 [INFO] src.corpus_acquisition.downloader: Skipping elcomercio on 2020-11-05: already crawled successfully.
2026-07-06 02:55:11,049 [INFO] src.corpus_acquisition.downloader: Skipping elcomercio on 2020-11-06: already crawled successfully.
2026-07-06 02:55:11,050 [INFO] src.corpus_acquisition.downloader: Skipping elcomercio on 2020-11-07: already crawled successfully.
2026-07-06 02:55:11,051 [INFO] src.corpus_acquisition.downloader: Skipping elcomercio on 2020-11-08: already crawled successfully.
2026-07-06 02:55:11,052 [INFO] src.corpus_acquisition.downloader: Skipping elcomercio on 2020-11-09: already crawled successfully.
2026-07-06 02:55:11,054 [INFO] src.corpus_acquisition.downloader: Skipping elcomercio on 2020-11-10: already crawled successfully.
2026-07-06 02:55:11,055 [INFO] src.corpus_acquisition.downloader: Skipping elcomercio on 2020-11-11: already crawled successfully.
2026-07-06 02:55:11,056 [INFO] src.corpus_acquisition.downloader: Skipping elcomercio on 2020-11-12: already crawled successfully.
2026-07-06 02:55:11,057 [INFO] src.corpus_acquisition.downloader: Skipping elcomercio on 2020-11-13: already crawled successfully.
2026-07-06 02:55:11,059 [INFO] src.corpus_acquisition.downloader: Skipping elcomercio on 2020-11-14: already crawled successfully.
2026-07-06 02:55:11,060 [INFO] src.corpus_acquisition.downloader: Skipping elcomercio on 2020-11-15: already crawled successfully.
2026-07-06 02:55:11,061 [INFO] src.corpus_acquisition.downloader: Skipping elcomercio on 2020-11-16: already crawled successfully.
2026-07-06 02:55:11,062 [INFO] src.corpus_acquisition.downloader: Skipping elcomercio on 2020-11-17: already crawled successfully.
2026-07-06 02:55:11,064 [INFO] src.corpus_acquisition.downloader: Skipping elcomercio on 2020-11-18: already crawled successfully.
2026-07-06 02:55:11,065 [INFO] src.corpus_acquisition.downloader: Skipping elcomercio on 2020-11-19: already crawled successfully.
2026-07-06 02:55:11,066 [INFO] src.corpus_acquisition.downloader: Skipping elcomercio on 2020-11-20: already crawled successfully.
2026-07-06 02:55:11,067 [INFO] src.corpus_acquisition.downloader: Skipping elcomercio on 2020-11-21: already crawled successfully.
2026-07-06 02:55:11,069 [INFO] src.corpus_acquisition.downloader: Skipping elcomercio on 2020-11-22: already crawled successfully.
2026-07-06 02:55:11,070 [INFO] src.corpus_acquisition.downloader: Skipping elcomercio on 2020-11-23: already crawled successfully.
2026-07-06 02:55:11,071 [INFO] src.corpus_acquisition.downloader: Skipping elcomercio on 2020-11-24: already crawled successfully.
2026-07-06 02:55:11,073 [INFO] src.corpus_acquisition.downloader: Skipping elcomercio on 2020-11-25: already crawled successfully.
2026-07-06 02:55:11,074 [INFO] src.corpus_acquisition.downloader: Skipping elcomercio on 2020-11-26: already crawled successfully.
2026-07-06 02:55:11,075 [INFO] src.corpus_acquisition.downloader: Skipping elcomercio on 2020-11-27: already crawled successfully.
2026-07-06 02:55:11,076 [INFO] src.corpus_acquisition.downloader: Skipping elcomercio on 2020-11-28: already crawled successfully.
2026-07-06 02:55:11,077 [INFO] src.corpus_acquisition.downloader: Skipping elcomercio on 2020-11-29: already crawled successfully.
2026-07-06 02:55:11,079 [INFO] src.corpus_acquisition.downloader: Skipping elcomercio on 2020-11-30: already crawled successfully.
2026-07-06 02:55:11,080 [INFO] src.corpus_acquisition.downloader: Skipping elcomercio on 2020-12-01: already crawled successfully.
2026-07-06 02:55:11,081 [INFO] src.corpus_acquisition.downloader: Skipping elcomercio on 2020-12-02: already crawled successfully.
2026-07-06 02:55:11,082 [INFO] src.corpus_acquisition.downloader: Skipping elcomercio on 2020-12-03: already crawled successfully.
2026-07-06 02:55:11,083 [INFO] src.corpus_acquisition.downloader: Skipping elcomercio on 2020-12-04: already crawled successfully.
2026-07-06 02:55:11,085 [INFO] src.corpus_acquisition.downloader: Skipping elcomercio on 2020-12-05: already crawled successfully.
2026-07-06 02:55:11,086 [INFO] src.corpus_acquisition.downloader: Skipping elcomercio on 2020-12-06: already crawled successfully.
2026-07-06 02:55:11,089 [INFO] src.corpus_acquisition.downloader: Opening archive for elcomercio on 2020-12-07
2026-07-06 02:55:20,915 [WARNING] src.corpus_acquisition.downloader: No new pages found after 3 attempts; stopping with 0 page(s).
2026-07-06 02:55:20,970 [INFO] src.corpus_acquisition.metadata_extractor: Saved crawl log -> data/raw/crawl_logs/elcomercio_2020-12-07.json (status=failed)
2026-07-06 02:55:23,760 [INFO] src.corpus_acquisition.downloader: Skipping elcomercio on 2020-12-08: already crawled successfully.
2026-07-06 02:55:23,762 [INFO] src.corpus_acquisition.downloader: Skipping elcomercio on 2020-12-09: already crawled successfully.
2026-07-06 02:55:23,763 [INFO] src.corpus_acquisition.downloader: Skipping elcomercio on 2020-12-10: already crawled successfully.
2026-07-06 02:55:23,764 [INFO] src.corpus_acquisition.downloader: Skipping elcomercio on 2020-12-11: already crawled successfully.
2026-07-06 02:55:23,766 [INFO] src.corpus_acquisition.downloader: Skipping elcomercio on 2020-12-12: already crawled successfully.
2026-07-06 02:55:23,767 [INFO] src.corpus_acquisition.downloader: Skipping elcomercio on 2020-12-13: already crawled successfully.
2026-07-06 02:55:23,768 [INFO] src.corpus_acquisition.downloader: Skipping elcomercio on 2020-12-14: already crawled successfully.
2026-07-06 02:55:23,769 [INFO] src.corpus_acquisition.downloader: Skipping elcomercio on 2020-12-15: already crawled successfully.
2026-07-06 02:55:23,770 [INFO] src.corpus_acquisition.downloader: Skipping elcomercio on 2020-12-16: already crawled successfully.
2026-07-06 02:55:23,771 [INFO] src.corpus_acquisition.downloader: Skipping elcomercio on 2020-12-17: already crawled successfully.
2026-07-06 02:55:23,773 [INFO] src.corpus_acquisition.downloader: Skipping elcomercio on 2020-12-18: already crawled successfully.
2026-07-06 02:55:23,774 [INFO] src.corpus_acquisition.downloader: Skipping elcomercio on 2020-12-19: already crawled successfully.
2026-07-06 02:55:23,775 [INFO] src.corpus_acquisition.downloader: Skipping elcomercio on 2020-12-20: already crawled successfully.
2026-07-06 02:55:23,776 [INFO] src.corpus_acquisition.downloader: Skipping elcomercio on 2020-12-21: already crawled successfully.
2026-07-06 02:55:23,778 [INFO] src.corpus_acquisition.downloader: Skipping elcomercio on 2020-12-22: already crawled successfully.
2026-07-06 02:55:23,779 [INFO] src.corpus_acquisition.downloader: Skipping elcomercio on 2020-12-23: already crawled successfully.
2026-07-06 02:55:23,780 [INFO] src.corpus_acquisition.downloader: Skipping elcomercio on 2020-12-24: already crawled successfully.
2026-07-06 02:55:23,782 [INFO] src.corpus_acquisition.downloader: Skipping elcomercio on 2020-12-25: already crawled successfully.
2026-07-06 02:55:23,783 [INFO] src.corpus_acquisition.downloader: Skipping elcomercio on 2020-12-26: already crawled successfully.
2026-07-06 02:55:23,784 [INFO] src.corpus_acquisition.downloader: Skipping elcomercio on 2020-12-27: already crawled successfully.
2026-07-06 02:55:23,785 [INFO] src.corpus_acquisition.downloader: Skipping elcomercio on 2020-12-28: already crawled successfully.
2026-07-06 02:55:23,787 [INFO] src.corpus_acquisition.downloader: Skipping elcomercio on 2020-12-29: already crawled successfully.
2026-07-06 02:55:23,787 [INFO] src.corpus_acquisition.downloader: Skipping elcomercio on 2020-12-30: already crawled successfully.
2026-07-06 02:55:23,789 [INFO] src.corpus_acquisition.downloader: Skipping elcomercio on 2020-12-31: already crawled successfully.
2026-07-06 02:55:23,790 [INFO] src.corpus_acquisition.downloader: Skipping elcomercio on 2021-01-01: already crawled successfully.
2026-07-06 02:55:23,791 [INFO] src.corpus_acquisition.downloader: Skipping elcomercio on 2021-01-02: already crawled successfully.
2026-07-06 02:55:23,792 [INFO] src.corpus_acquisition.downloader: Skipping elcomercio on 2021-01-03: already crawled successfully.
2026-07-06 02:55:23,794 [INFO] src.corpus_acquisition.downloader: Skipping elcomercio on 2021-01-04: already crawled successfully.
2026-07-06 02:55:23,795 [INFO] src.corpus_acquisition.downloader: Skipping elcomercio on 2021-01-05: already crawled successfully.
2026-07-06 02:55:23,796 [INFO] src.corpus_acquisition.downloader: Skipping elcomercio on 2021-01-06: already crawled successfully.
2026-07-06 02:55:23,797 [INFO] src.corpus_acquisition.downloader: Skipping elcomercio on 2021-01-07: already crawled successfully.
2026-07-06 02:55:23,799 [INFO] src.corpus_acquisition.downloader: Skipping elcomercio on 2021-01-08: already crawled successfully.
2026-07-06 02:55:23,800 [INFO] src.corpus_acquisition.downloader: Skipping elcomercio on 2021-01-09: already crawled successfully.
2026-07-06 02:55:23,801 [INFO] src.corpus_acquisition.downloader: Skipping elcomercio on 2021-01-10: already crawled successfully.
2026-07-06 02:55:23,802 [INFO] src.corpus_acquisition.downloader: Skipping elcomercio on 2021-01-11: already crawled successfully.
2026-07-06 02:55:23,804 [INFO] src.corpus_acquisition.downloader: Skipping elcomercio on 2021-01-12: already crawled successfully.
2026-07-06 02:55:23,805 [INFO] src.corpus_acquisition.downloader: Skipping elcomercio on 2021-01-13: already crawled successfully.
2026-07-06 02:55:23,806 [INFO] src.corpus_acquisition.downloader: Skipping elcomercio on 2021-01-14: already crawled successfully.
2026-07-06 02:55:23,807 [INFO] src.corpus_acquisition.downloader: Skipping elcomercio on 2021-01-15: already crawled successfully.
2026-07-06 02:55:23,808 [INFO] src.corpus_acquisition.downloader: Skipping elcomercio on 2021-01-16: already crawled successfully.
2026-07-06 02:55:23,810 [INFO] src.corpus_acquisition.downloader: Skipping elcomercio on 2021-01-17: already crawled successfully.
2026-07-06 02:55:23,811 [INFO] src.corpus_acquisition.downloader: Skipping elcomercio on 2021-01-18: already crawled successfully.
2026-07-06 02:55:23,812 [INFO] src.corpus_acquisition.downloader: Skipping elcomercio on 2021-01-19: already crawled successfully.
2026-07-06 02:55:23,813 [INFO] src.corpus_acquisition.downloader: Skipping elcomercio on 2021-01-20: already crawled successfully.
2026-07-06 02:55:23,815 [INFO] src.corpus_acquisition.downloader: Skipping elcomercio on 2021-01-21: already crawled successfully.
2026-07-06 02:55:23,816 [INFO] src.corpus_acquisition.downloader: Skipping elcomercio on 2021-01-22: already crawled successfully.
2026-07-06 02:55:23,817 [INFO] src.corpus_acquisition.downloader: Skipping elcomercio on 2021-01-23: already crawled successfully.
2026-07-06 02:55:23,818 [INFO] src.corpus_acquisition.downloader: Skipping elcomercio on 2021-01-24: already crawled successfully.
2026-07-06 02:55:23,820 [INFO] src.corpus_acquisition.downloader: Skipping elcomercio on 2021-01-25: already crawled successfully.
2026-07-06 02:55:23,821 [INFO] src.corpus_acquisition.downloader: Skipping elcomercio on 2021-01-26: already crawled successfully.
2026-07-06 02:55:23,822 [INFO] src.corpus_acquisition.downloader: Skipping elcomercio on 2021-01-27: already crawled successfully.
2026-07-06 02:55:23,824 [INFO] src.corpus_acquisition.downloader: Skipping elcomercio on 2021-01-28: already crawled successfully.
2026-07-06 02:55:23,825 [INFO] src.corpus_acquisition.downloader: Skipping elcomercio on 2021-01-29: already crawled successfully.
2026-07-06 02:55:23,826 [INFO] src.corpus_acquisition.downloader: Skipping elcomercio on 2021-01-30: already crawled successfully.
2026-07-06 02:55:23,828 [INFO] src.corpus_acquisition.downloader: Skipping elcomercio on 2021-01-31: already crawled successfully.
2026-07-06 02:55:23,829 [INFO] src.corpus_acquisition.downloader: Skipping elcomercio on 2021-02-01: already crawled successfully.
2026-07-06 02:55:23,830 [INFO] src.corpus_acquisition.downloader: Skipping elcomercio on 2021-02-02: already crawled successfully.
2026-07-06 02:55:23,831 [INFO] src.corpus_acquisition.downloader: Skipping elcomercio on 2021-02-03: already crawled successfully.
2026-07-06 02:55:23,832 [INFO] src.corpus_acquisition.downloader: Skipping elcomercio on 2021-02-04: already crawled successfully.
2026-07-06 02:55:23,833 [INFO] src.corpus_acquisition.downloader: Skipping elcomercio on 2021-02-05: already crawled successfully.
2026-07-06 02:55:23,835 [INFO] src.corpus_acquisition.downloader: Skipping elcomercio on 2021-02-06: already crawled successfully.
2026-07-06 02:55:23,836 [INFO] src.corpus_acquisition.downloader: Skipping elcomercio on 2021-02-07: already crawled successfully.
2026-07-06 02:55:23,837 [INFO] src.corpus_acquisition.downloader: Skipping elcomercio on 2021-02-08: already crawled successfully.
2026-07-06 02:55:23,838 [INFO] src.corpus_acquisition.downloader: Skipping elcomercio on 2021-02-09: already crawled successfully.
2026-07-06 02:55:23,840 [INFO] src.corpus_acquisition.downloader: Skipping elcomercio on 2021-02-10: already crawled successfully.
2026-07-06 02:55:23,840 [INFO] src.corpus_acquisition.downloader: Skipping elcomercio on 2021-02-11: already crawled successfully.
2026-07-06 02:55:23,842 [INFO] src.corpus_acquisition.downloader: Skipping elcomercio on 2021-02-12: already crawled successfully.
2026-07-06 02:55:23,843 [INFO] src.corpus_acquisition.downloader: Skipping elcomercio on 2021-02-13: already crawled successfully.
2026-07-06 02:55:23,844 [INFO] src.corpus_acquisition.downloader: Skipping elcomercio on 2021-02-14: already crawled successfully.
2026-07-06 02:55:23,846 [INFO] src.corpus_acquisition.downloader: Skipping elcomercio on 2021-02-15: already crawled successfully.
2026-07-06 02:55:23,847 [INFO] src.corpus_acquisition.downloader: Skipping elcomercio on 2021-02-16: already crawled successfully.
2026-07-06 02:55:23,848 [INFO] src.corpus_acquisition.downloader: Skipping elcomercio on 2021-02-17: already crawled successfully.
2026-07-06 02:55:23,849 [INFO] src.corpus_acquisition.downloader: Skipping elcomercio on 2021-02-18: already crawled successfully.
2026-07-06 02:55:23,850 [INFO] src.corpus_acquisition.downloader: Skipping elcomercio on 2021-02-19: already crawled successfully.
2026-07-06 02:55:23,852 [INFO] src.corpus_acquisition.downloader: Skipping elcomercio on 2021-02-20: already crawled successfully.
2026-07-06 02:55:23,853 [INFO] src.corpus_acquisition.downloader: Skipping elcomercio on 2021-02-21: already crawled successfully.
2026-07-06 02:55:23,854 [INFO] src.corpus_acquisition.downloader: Skipping elcomercio on 2021-02-22: already crawled successfully.
2026-07-06 02:55:23,855 [INFO] src.corpus_acquisition.downloader: Skipping elcomercio on 2021-02-23: already crawled successfully.
2026-07-06 02:55:23,856 [INFO] src.corpus_acquisition.downloader: Skipping elcomercio on 2021-02-24: already crawled successfully.
2026-07-06 02:55:23,857 [INFO] src.corpus_acquisition.downloader: Skipping elcomercio on 2021-02-25: already crawled successfully.
2026-07-06 02:55:23,859 [INFO] src.corpus_acquisition.downloader: Skipping elcomercio on 2021-02-26: already crawled successfully.
2026-07-06 02:55:23,860 [INFO] src.corpus_acquisition.downloader: Skipping elcomercio on 2021-02-27: already crawled successfully.
2026-07-06 02:55:23,861 [INFO] src.corpus_acquisition.downloader: Skipping elcomercio on 2021-02-28: already crawled successfully.
2026-07-06 02:55:23,862 [INFO] src.corpus_acquisition.downloader: Skipping elcomercio on 2021-03-01: already crawled successfully.
2026-07-06 02:55:23,864 [INFO] src.corpus_acquisition.downloader: Skipping elcomercio on 2021-03-02: already crawled successfully.
2026-07-06 02:55:23,865 [INFO] src.corpus_acquisition.downloader: Skipping elcomercio on 2021-03-03: already crawled successfully.
2026-07-06 02:55:23,866 [INFO] src.corpus_acquisition.downloader: Skipping elcomercio on 2021-03-04: already crawled successfully.
2026-07-06 02:55:23,867 [INFO] src.corpus_acquisition.downloader: Skipping elcomercio on 2021-03-05: already crawled successfully.
2026-07-06 02:55:23,869 [INFO] src.corpus_acquisition.downloader: Skipping elcomercio on 2021-03-06: already crawled successfully.
2026-07-06 02:55:23,870 [INFO] src.corpus_acquisition.downloader: Skipping elcomercio on 2021-03-07: already crawled successfully.
2026-07-06 02:55:23,871 [INFO] src.corpus_acquisition.downloader: Skipping elcomercio on 2021-03-08: already crawled successfully.
2026-07-06 02:55:23,872 [INFO] src.corpus_acquisition.downloader: Skipping elcomercio on 2021-03-09: already crawled successfully.
2026-07-06 02:55:23,874 [INFO] src.corpus_acquisition.downloader: Skipping elcomercio on 2021-03-10: already crawled successfully.
2026-07-06 02:55:23,875 [INFO] src.corpus_acquisition.downloader: Skipping elcomercio on 2021-03-11: already crawled successfully.
2026-07-06 02:55:23,876 [INFO] src.corpus_acquisition.downloader: Skipping elcomercio on 2021-03-12: already crawled successfully.
2026-07-06 02:55:23,877 [INFO] src.corpus_acquisition.downloader: Skipping elcomercio on 2021-03-13: already crawled successfully.
2026-07-06 02:55:23,878 [INFO] src.corpus_acquisition.downloader: Skipping elcomercio on 2021-03-14: already crawled successfully.
2026-07-06 02:55:23,879 [INFO] src.corpus_acquisition.downloader: Skipping elcomercio on 2021-03-15: already crawled successfully.
2026-07-06 02:55:23,881 [INFO] src.corpus_acquisition.downloader: Skipping elcomercio on 2021-03-16: already crawled successfully.
2026-07-06 02:55:23,882 [INFO] src.corpus_acquisition.downloader: Skipping elcomercio on 2021-03-17: already crawled successfully.
2026-07-06 02:55:23,883 [INFO] src.corpus_acquisition.downloader: Skipping elcomercio on 2021-03-18: already crawled successfully.
2026-07-06 02:55:23,884 [INFO] src.corpus_acquisition.downloader: Skipping elcomercio on 2021-03-19: already crawled successfully.
2026-07-06 02:55:23,885 [INFO] src.corpus_acquisition.downloader: Skipping elcomercio on 2021-03-20: already crawled successfully.
2026-07-06 02:55:23,886 [INFO] src.corpus_acquisition.downloader: Skipping elcomercio on 2021-03-21: already crawled successfully.
2026-07-06 02:55:23,888 [INFO] src.corpus_acquisition.downloader: Skipping elcomercio on 2021-03-22: already crawled successfully.
2026-07-06 02:55:23,889 [INFO] src.corpus_acquisition.downloader: Skipping elcomercio on 2021-03-23: already crawled successfully.
2026-07-06 02:55:23,890 [INFO] src.corpus_acquisition.downloader: Skipping elcomercio on 2021-03-24: already crawled successfully.
2026-07-06 02:55:23,891 [INFO] src.corpus_acquisition.downloader: Skipping elcomercio on 2021-03-25: already crawled successfully.
2026-07-06 02:55:23,893 [INFO] src.corpus_acquisition.downloader: Skipping elcomercio on 2021-03-26: already crawled successfully.
2026-07-06 02:55:23,894 [INFO] src.corpus_acquisition.downloader: Skipping elcomercio on 2021-03-27: already crawled successfully.
2026-07-06 02:55:23,895 [INFO] src.corpus_acquisition.downloader: Skipping elcomercio on 2021-03-28: already crawled successfully.
2026-07-06 02:55:23,896 [INFO] src.corpus_acquisition.downloader: Skipping elcomercio on 2021-03-29: already crawled successfully.
2026-07-06 02:55:23,897 [INFO] src.corpus_acquisition.downloader: Skipping elcomercio on 2021-03-30: already crawled successfully.
2026-07-06 02:55:23,899 [INFO] src.corpus_acquisition.downloader: Skipping elcomercio on 2021-03-31: already crawled successfully.
2026-07-06 02:55:23,900 [INFO] src.corpus_acquisition.downloader: Skipping elcomercio on 2021-04-01: already crawled successfully.
2026-07-06 02:55:23,901 [INFO] src.corpus_acquisition.downloader: Skipping elcomercio on 2021-04-02: already crawled successfully.
2026-07-06 02:55:23,902 [INFO] src.corpus_acquisition.downloader: Skipping elcomercio on 2021-04-03: already crawled successfully.
2026-07-06 02:55:23,903 [INFO] src.corpus_acquisition.downloader: Skipping elcomercio on 2021-04-04: already crawled successfully.
2026-07-06 02:55:23,905 [INFO] src.corpus_acquisition.downloader: Skipping elcomercio on 2021-04-05: already crawled successfully.
2026-07-06 02:55:23,906 [INFO] src.corpus_acquisition.downloader: Skipping elcomercio on 2021-04-06: already crawled successfully.
2026-07-06 02:55:23,907 [INFO] src.corpus_acquisition.downloader: Skipping elcomercio on 2021-04-07: already crawled successfully.
2026-07-06 02:55:23,908 [INFO] src.corpus_acquisition.downloader: Skipping elcomercio on 2021-04-08: already crawled successfully.
2026-07-06 02:55:23,909 [INFO] src.corpus_acquisition.downloader: Skipping elcomercio on 2021-04-09: already crawled successfully.
2026-07-06 02:55:23,910 [INFO] src.corpus_acquisition.downloader: Skipping elcomercio on 2021-04-10: already crawled successfully.
2026-07-06 02:55:23,911 [INFO] src.corpus_acquisition.downloader: Skipping elcomercio on 2021-04-11: already crawled successfully.
2026-07-06 02:55:23,912 [INFO] src.corpus_acquisition.downloader: Skipping elcomercio on 2021-04-12: already crawled successfully.
2026-07-06 02:55:23,914 [INFO] src.corpus_acquisition.downloader: Skipping elcomercio on 2021-04-13: already crawled successfully.
2026-07-06 02:55:23,915 [INFO] src.corpus_acquisition.downloader: Skipping elcomercio on 2021-04-14: already crawled successfully.
2026-07-06 02:55:23,916 [INFO] src.corpus_acquisition.downloader: Skipping elcomercio on 2021-04-15: already crawled successfully.
2026-07-06 02:55:23,917 [INFO] src.corpus_acquisition.downloader: Skipping elcomercio on 2021-04-16: already crawled successfully.
2026-07-06 02:55:23,919 [INFO] src.corpus_acquisition.downloader: Skipping elcomercio on 2021-04-17: already crawled successfully.
2026-07-06 02:55:23,920 [INFO] src.corpus_acquisition.downloader: Skipping elcomercio on 2021-04-18: already crawled successfully.
2026-07-06 02:55:23,921 [INFO] src.corpus_acquisition.downloader: Skipping elcomercio on 2021-04-19: already crawled successfully.
2026-07-06 02:55:23,922 [INFO] src.corpus_acquisition.downloader: Skipping elcomercio on 2021-04-20: already crawled successfully.
2026-07-06 02:55:23,924 [INFO] src.corpus_acquisition.downloader: Skipping elcomercio on 2021-04-21: already crawled successfully.
2026-07-06 02:55:23,925 [INFO] src.corpus_acquisition.downloader: Skipping elcomercio on 2021-04-22: already crawled successfully.
2026-07-06 02:55:23,926 [INFO] src.corpus_acquisition.downloader: Skipping elcomercio on 2021-04-23: already crawled successfully.
2026-07-06 02:55:23,927 [INFO] src.corpus_acquisition.downloader: Skipping elcomercio on 2021-04-24: already crawled successfully.
2026-07-06 02:55:23,929 [INFO] src.corpus_acquisition.downloader: Skipping elcomercio on 2021-04-25: already crawled successfully.
2026-07-06 02:55:23,930 [INFO] src.corpus_acquisition.downloader: Skipping elcomercio on 2021-04-26: already crawled successfully.
2026-07-06 02:55:23,931 [INFO] src.corpus_acquisition.downloader: Skipping elcomercio on 2021-04-27: already crawled successfully.
2026-07-06 02:55:23,932 [INFO] src.corpus_acquisition.downloader: Skipping elcomercio on 2021-04-28: already crawled successfully.
2026-07-06 02:55:23,933 [INFO] src.corpus_acquisition.downloader: Skipping elcomercio on 2021-04-29: already crawled successfully.
2026-07-06 02:55:23,934 [INFO] src.corpus_acquisition.downloader: Skipping elcomercio on 2021-04-30: already crawled successfully.
2026-07-06 02:55:23,936 [INFO] src.corpus_acquisition.downloader: Skipping elcomercio on 2021-05-01: already crawled successfully.
2026-07-06 02:55:23,937 [INFO] src.corpus_acquisition.downloader: Skipping elcomercio on 2021-05-02: already crawled successfully.
2026-07-06 02:55:23,938 [INFO] src.corpus_acquisition.downloader: Skipping elcomercio on 2021-05-03: already crawled successfully.
2026-07-06 02:55:23,939 [INFO] src.corpus_acquisition.downloader: Skipping elcomercio on 2021-05-04: already crawled successfully.
2026-07-06 02:55:23,940 [INFO] src.corpus_acquisition.downloader: Skipping elcomercio on 2021-05-05: already crawled successfully.
2026-07-06 02:55:23,942 [INFO] src.corpus_acquisition.downloader: Skipping elcomercio on 2021-05-06: already crawled successfully.
2026-07-06 02:55:23,943 [INFO] src.corpus_acquisition.downloader: Skipping elcomercio on 2021-05-07: already crawled successfully.
2026-07-06 02:55:23,944 [INFO] src.corpus_acquisition.downloader: Skipping elcomercio on 2021-05-08: already crawled successfully.
2026-07-06 02:55:23,945 [INFO] src.corpus_acquisition.downloader: Skipping elcomercio on 2021-05-09: already crawled successfully.
2026-07-06 02:55:23,947 [INFO] src.corpus_acquisition.downloader: Skipping elcomercio on 2021-05-10: already crawled successfully.
2026-07-06 02:55:23,948 [INFO] src.corpus_acquisition.downloader: Skipping elcomercio on 2021-05-11: already crawled successfully.
2026-07-06 02:55:23,950 [INFO] src.corpus_acquisition.downloader: Skipping elcomercio on 2021-05-12: already crawled successfully.
2026-07-06 02:55:23,951 [INFO] src.corpus_acquisition.downloader: Skipping elcomercio on 2021-05-13: already crawled successfully.
2026-07-06 02:55:23,952 [INFO] src.corpus_acquisition.downloader: Skipping elcomercio on 2021-05-14: already crawled successfully.
2026-07-06 02:55:23,953 [INFO] src.corpus_acquisition.downloader: Skipping elcomercio on 2021-05-15: already crawled successfully.
2026-07-06 02:55:23,954 [INFO] src.corpus_acquisition.downloader: Skipping elcomercio on 2021-05-16: already crawled successfully.
2026-07-06 02:55:23,956 [INFO] src.corpus_acquisition.downloader: Skipping elcomercio on 2021-05-17: already crawled successfully.
2026-07-06 02:55:23,957 [INFO] src.corpus_acquisition.downloader: Skipping elcomercio on 2021-05-18: already crawled successfully.
2026-07-06 02:55:23,958 [INFO] src.corpus_acquisition.downloader: Skipping elcomercio on 2021-05-19: already crawled successfully.
2026-07-06 02:55:23,959 [INFO] src.corpus_acquisition.downloader: Skipping elcomercio on 2021-05-20: already crawled successfully.
2026-07-06 02:55:23,960 [INFO] src.corpus_acquisition.downloader: Skipping elcomercio on 2021-05-21: already crawled successfully.
2026-07-06 02:55:23,961 [INFO] src.corpus_acquisition.downloader: Skipping elcomercio on 2021-05-22: already crawled successfully.
2026-07-06 02:55:23,963 [INFO] src.corpus_acquisition.downloader: Skipping elcomercio on 2021-05-23: already crawled successfully.
2026-07-06 02:55:23,964 [INFO] src.corpus_acquisition.downloader: Skipping elcomercio on 2021-05-24: already crawled successfully.
2026-07-06 02:55:23,965 [INFO] src.corpus_acquisition.downloader: Skipping elcomercio on 2021-05-25: already crawled successfully.
2026-07-06 02:55:23,966 [INFO] src.corpus_acquisition.downloader: Skipping elcomercio on 2021-05-26: already crawled successfully.
2026-07-06 02:55:23,967 [INFO] src.corpus_acquisition.downloader: Skipping elcomercio on 2021-05-27: already crawled successfully.
2026-07-06 02:55:23,969 [INFO] src.corpus_acquisition.downloader: Skipping elcomercio on 2021-05-28: already crawled successfully.
2026-07-06 02:55:23,970 [INFO] src.corpus_acquisition.downloader: Skipping elcomercio on 2021-05-29: already crawled successfully.
2026-07-06 02:55:23,972 [INFO] src.corpus_acquisition.downloader: Skipping elcomercio on 2021-05-30: already crawled successfully.
2026-07-06 02:55:23,973 [INFO] src.corpus_acquisition.downloader: Skipping elcomercio on 2021-05-31: already crawled successfully.
2026-07-06 02:55:23,974 [INFO] src.corpus_acquisition.downloader: Skipping elcomercio on 2021-06-01: already crawled successfully.
2026-07-06 02:55:23,975 [INFO] src.corpus_acquisition.downloader: Skipping elcomercio on 2021-06-02: already crawled successfully.
2026-07-06 02:55:23,976 [INFO] src.corpus_acquisition.downloader: Skipping elcomercio on 2021-06-03: already crawled successfully.
2026-07-06 02:55:23,977 [INFO] src.corpus_acquisition.downloader: Skipping elcomercio on 2021-06-04: already crawled successfully.
2026-07-06 02:55:23,978 [INFO] src.corpus_acquisition.downloader: Skipping elcomercio on 2021-06-05: already crawled successfully.
2026-07-06 02:55:23,979 [INFO] src.corpus_acquisition.downloader: Skipping elcomercio on 2021-06-06: already crawled successfully.
2026-07-06 02:55:23,981 [INFO] src.corpus_acquisition.downloader: Skipping elcomercio on 2021-06-07: already crawled successfully.
2026-07-06 02:55:23,982 [INFO] src.corpus_acquisition.downloader: Skipping elcomercio on 2021-06-08: already crawled successfully.
2026-07-06 02:55:23,983 [INFO] src.corpus_acquisition.downloader: Skipping elcomercio on 2021-06-09: already crawled successfully.
2026-07-06 02:55:23,985 [INFO] src.corpus_acquisition.downloader: Skipping elcomercio on 2021-06-10: already crawled successfully.
2026-07-06 02:55:23,986 [INFO] src.corpus_acquisition.downloader: Skipping elcomercio on 2021-06-11: already crawled successfully.
2026-07-06 02:55:23,987 [INFO] src.corpus_acquisition.downloader: Skipping elcomercio on 2021-06-12: already crawled successfully.
2026-07-06 02:55:23,988 [INFO] src.corpus_acquisition.downloader: Skipping elcomercio on 2021-06-13: already crawled successfully.
2026-07-06 02:55:23,989 [INFO] src.corpus_acquisition.downloader: Skipping elcomercio on 2021-06-14: already crawled successfully.
2026-07-06 02:55:23,990 [INFO] src.corpus_acquisition.downloader: Skipping elcomercio on 2021-06-15: already crawled successfully.
2026-07-06 02:55:23,991 [INFO] src.corpus_acquisition.downloader: Skipping elcomercio on 2021-06-16: already crawled successfully.
2026-07-06 02:55:23,993 [INFO] src.corpus_acquisition.downloader: Skipping elcomercio on 2021-06-17: already crawled successfully.
2026-07-06 02:55:23,994 [INFO] src.corpus_acquisition.downloader: Skipping elcomercio on 2021-06-18: already crawled successfully.
2026-07-06 02:55:23,995 [INFO] src.corpus_acquisition.downloader: Skipping elcomercio on 2021-06-19: already crawled successfully.
2026-07-06 02:55:23,997 [INFO] src.corpus_acquisition.downloader: Skipping elcomercio on 2021-06-20: already crawled successfully.
2026-07-06 02:55:23,998 [INFO] src.corpus_acquisition.downloader: Skipping elcomercio on 2021-06-21: already crawled successfully.
2026-07-06 02:55:23,999 [INFO] src.corpus_acquisition.downloader: Skipping elcomercio on 2021-06-22: already crawled successfully.
2026-07-06 02:55:24,001 [INFO] src.corpus_acquisition.downloader: Skipping elcomercio on 2021-06-23: already crawled successfully.
2026-07-06 02:55:24,002 [INFO] src.corpus_acquisition.downloader: Skipping elcomercio on 2021-06-24: already crawled successfully.
2026-07-06 02:55:24,003 [INFO] src.corpus_acquisition.downloader: Skipping elcomercio on 2021-06-25: already crawled successfully.
2026-07-06 02:55:24,004 [INFO] src.corpus_acquisition.downloader: Skipping elcomercio on 2021-06-26: already crawled successfully.
2026-07-06 02:55:24,005 [INFO] src.corpus_acquisition.downloader: Skipping elcomercio on 2021-06-27: already crawled successfully.
2026-07-06 02:55:24,007 [INFO] src.corpus_acquisition.downloader: Skipping elcomercio on 2021-06-28: already crawled successfully.
2026-07-06 02:55:24,008 [INFO] src.corpus_acquisition.downloader: Skipping elcomercio on 2021-06-29: already crawled successfully.
2026-07-06 02:55:24,009 [INFO] src.corpus_acquisition.downloader: Skipping elcomercio on 2021-06-30: already crawled successfully.
2026-07-06 02:55:24,010 [INFO] src.corpus_acquisition.downloader: Skipping elcomercio on 2021-07-01: already crawled successfully.
2026-07-06 02:55:24,012 [INFO] src.corpus_acquisition.downloader: Skipping elcomercio on 2021-07-02: already crawled successfully.
2026-07-06 02:55:24,013 [INFO] src.corpus_acquisition.downloader: Skipping elcomercio on 2021-07-03: already crawled successfully.
2026-07-06 02:55:24,014 [INFO] src.corpus_acquisition.downloader: Skipping elcomercio on 2021-07-04: already crawled successfully.
2026-07-06 02:55:24,015 [INFO] src.corpus_acquisition.downloader: Skipping elcomercio on 2021-07-05: already crawled successfully.
2026-07-06 02:55:24,017 [INFO] src.corpus_acquisition.downloader: Skipping elcomercio on 2021-07-06: already crawled successfully.
2026-07-06 02:55:24,018 [INFO] src.corpus_acquisition.downloader: Skipping elcomercio on 2021-07-07: already crawled successfully.
2026-07-06 02:55:24,019 [INFO] src.corpus_acquisition.downloader: Skipping elcomercio on 2021-07-08: already crawled successfully.
2026-07-06 02:55:24,020 [INFO] src.corpus_acquisition.downloader: Skipping elcomercio on 2021-07-09: already crawled successfully.
2026-07-06 02:55:24,021 [INFO] src.corpus_acquisition.downloader: Skipping elcomercio on 2021-07-10: already crawled successfully.
2026-07-06 02:55:24,022 [INFO] src.corpus_acquisition.downloader: Skipping elcomercio on 2021-07-11: already crawled successfully.
2026-07-06 02:55:24,024 [INFO] src.corpus_acquisition.downloader: Skipping elcomercio on 2021-07-12: already crawled successfully.
2026-07-06 02:55:24,025 [INFO] src.corpus_acquisition.downloader: Skipping elcomercio on 2021-07-13: already crawled successfully.
2026-07-06 02:55:24,026 [INFO] src.corpus_acquisition.downloader: Skipping elcomercio on 2021-07-14: already crawled successfully.
2026-07-06 02:55:24,028 [INFO] src.corpus_acquisition.downloader: Skipping elcomercio on 2021-07-15: already crawled successfully.
2026-07-06 02:55:24,029 [INFO] src.corpus_acquisition.downloader: Skipping elcomercio on 2021-07-16: already crawled successfully.
2026-07-06 02:55:24,030 [INFO] src.corpus_acquisition.downloader: Skipping elcomercio on 2021-07-17: already crawled successfully.
2026-07-06 02:55:24,032 [INFO] src.corpus_acquisition.downloader: Skipping elcomercio on 2021-07-18: already crawled successfully.
2026-07-06 02:55:24,033 [INFO] src.corpus_acquisition.downloader: Skipping elcomercio on 2021-07-19: already crawled successfully.
2026-07-06 02:55:24,034 [INFO] src.corpus_acquisition.downloader: Skipping elcomercio on 2021-07-20: already crawled successfully.
2026-07-06 02:55:24,036 [INFO] src.corpus_acquisition.downloader: Skipping elcomercio on 2021-07-21: already crawled successfully.
2026-07-06 02:55:24,037 [INFO] src.corpus_acquisition.downloader: Skipping elcomercio on 2021-07-22: already crawled successfully.
2026-07-06 02:55:24,038 [INFO] src.corpus_acquisition.downloader: Skipping elcomercio on 2021-07-23: already crawled successfully.
2026-07-06 02:55:24,039 [INFO] src.corpus_acquisition.downloader: Skipping elcomercio on 2021-07-24: already crawled successfully.
2026-07-06 02:55:24,040 [INFO] src.corpus_acquisition.downloader: Skipping elcomercio on 2021-07-25: already crawled successfully.
2026-07-06 02:55:24,042 [INFO] src.corpus_acquisition.downloader: Skipping elcomercio on 2021-07-26: already crawled successfully.
2026-07-06 02:55:24,043 [INFO] src.corpus_acquisition.downloader: Skipping elcomercio on 2021-07-27: already crawled successfully.
2026-07-06 02:55:24,044 [INFO] src.corpus_acquisition.downloader: Skipping elcomercio on 2021-07-28: already crawled successfully.
2026-07-06 02:55:24,045 [INFO] src.corpus_acquisition.downloader: Skipping elcomercio on 2021-07-29: already crawled successfully.
2026-07-06 02:55:24,047 [INFO] src.corpus_acquisition.downloader: Skipping elcomercio on 2021-07-30: already crawled successfully.
2026-07-06 02:55:24,048 [INFO] src.corpus_acquisition.downloader: Skipping elcomercio on 2021-07-31: already crawled successfully.
2026-07-06 02:55:24,049 [INFO] src.corpus_acquisition.downloader: Skipping elcomercio on 2021-08-01: already crawled successfully.
2026-07-06 02:55:24,051 [INFO] src.corpus_acquisition.downloader: Skipping elcomercio on 2021-08-02: already crawled successfully.
2026-07-06 02:55:24,052 [INFO] src.corpus_acquisition.downloader: Skipping elcomercio on 2021-08-03: already crawled successfully.
2026-07-06 02:55:24,053 [INFO] src.corpus_acquisition.downloader: Skipping elcomercio on 2021-08-04: already crawled successfully.
2026-07-06 02:55:24,054 [INFO] src.corpus_acquisition.downloader: Skipping elcomercio on 2021-08-05: already crawled successfully.
2026-07-06 02:55:24,055 [INFO] src.corpus_acquisition.downloader: Skipping elcomercio on 2021-08-06: already crawled successfully.
2026-07-06 02:55:24,057 [INFO] src.corpus_acquisition.downloader: Skipping elcomercio on 2021-08-07: already crawled successfully.
2026-07-06 02:55:24,058 [INFO] src.corpus_acquisition.downloader: Skipping elcomercio on 2021-08-08: already crawled successfully.
2026-07-06 02:55:24,059 [INFO] src.corpus_acquisition.downloader: Skipping elcomercio on 2021-08-09: already crawled successfully.
2026-07-06 02:55:24,061 [INFO] src.corpus_acquisition.downloader: Skipping elcomercio on 2021-08-10: already crawled successfully.
2026-07-06 02:55:24,062 [INFO] src.corpus_acquisition.downloader: Skipping elcomercio on 2021-08-11: already crawled successfully.
2026-07-06 02:55:24,063 [INFO] src.corpus_acquisition.downloader: Skipping elcomercio on 2021-08-12: already crawled successfully.
2026-07-06 02:55:24,064 [INFO] src.corpus_acquisition.downloader: Skipping elcomercio on 2021-08-13: already crawled successfully.
2026-07-06 02:55:24,065 [INFO] src.corpus_acquisition.downloader: Skipping elcomercio on 2021-08-14: already crawled successfully.
2026-07-06 02:55:24,066 [INFO] src.corpus_acquisition.downloader: Skipping elcomercio on 2021-08-15: already crawled successfully.
2026-07-06 02:55:24,068 [INFO] src.corpus_acquisition.downloader: Skipping elcomercio on 2021-08-16: already crawled successfully.
2026-07-06 02:55:24,069 [INFO] src.corpus_acquisition.downloader: Skipping elcomercio on 2021-08-17: already crawled successfully.
2026-07-06 02:55:24,070 [INFO] src.corpus_acquisition.downloader: Skipping elcomercio on 2021-08-18: already crawled successfully.
2026-07-06 02:55:24,072 [INFO] src.corpus_acquisition.downloader: Skipping elcomercio on 2021-08-19: already crawled successfully.
2026-07-06 02:55:24,073 [INFO] src.corpus_acquisition.downloader: Skipping elcomercio on 2021-08-20: already crawled successfully.
2026-07-06 02:55:24,075 [INFO] src.corpus_acquisition.downloader: Skipping elcomercio on 2021-08-21: already crawled successfully.
2026-07-06 02:55:24,076 [INFO] src.corpus_acquisition.downloader: Skipping elcomercio on 2021-08-22: already crawled successfully.
2026-07-06 02:55:24,077 [INFO] src.corpus_acquisition.downloader: Skipping elcomercio on 2021-08-23: already crawled successfully.
2026-07-06 02:55:24,079 [INFO] src.corpus_acquisition.downloader: Skipping elcomercio on 2021-08-24: already crawled successfully.
2026-07-06 02:55:24,080 [INFO] src.corpus_acquisition.downloader: Skipping elcomercio on 2021-08-25: already crawled successfully.
2026-07-06 02:55:24,081 [INFO] src.corpus_acquisition.downloader: Skipping elcomercio on 2021-08-26: already crawled successfully.
2026-07-06 02:55:24,082 [INFO] src.corpus_acquisition.downloader: Skipping elcomercio on 2021-08-27: already crawled successfully.
2026-07-06 02:55:24,084 [INFO] src.corpus_acquisition.downloader: Skipping elcomercio on 2021-08-28: already crawled successfully.
2026-07-06 02:55:24,085 [INFO] src.corpus_acquisition.downloader: Skipping elcomercio on 2021-08-29: already crawled successfully.
2026-07-06 02:55:24,086 [INFO] src.corpus_acquisition.downloader: Skipping elcomercio on 2021-08-30: already crawled successfully.
2026-07-06 02:55:24,088 [INFO] src.corpus_acquisition.downloader: Skipping elcomercio on 2021-08-31: already crawled successfully.
2026-07-06 02:55:24,089 [INFO] src.corpus_acquisition.downloader: Skipping elcomercio on 2021-09-01: already crawled successfully.
2026-07-06 02:55:24,090 [INFO] src.corpus_acquisition.downloader: Skipping elcomercio on 2021-09-02: already crawled successfully.
2026-07-06 02:55:24,091 [INFO] src.corpus_acquisition.downloader: Skipping elcomercio on 2021-09-03: already crawled successfully.
2026-07-06 02:55:24,092 [INFO] src.corpus_acquisition.downloader: Skipping elcomercio on 2021-09-04: already crawled successfully.
2026-07-06 02:55:24,093 [INFO] src.corpus_acquisition.downloader: Skipping elcomercio on 2021-09-05: already crawled successfully.
2026-07-06 02:55:24,094 [INFO] src.corpus_acquisition.downloader: Skipping elcomercio on 2021-09-06: already crawled successfully.
2026-07-06 02:55:24,096 [INFO] src.corpus_acquisition.downloader: Skipping elcomercio on 2021-09-07: already crawled successfully.
2026-07-06 02:55:24,097 [INFO] src.corpus_acquisition.downloader: Skipping elcomercio on 2021-09-08: already crawled successfully.
2026-07-06 02:55:24,098 [INFO] src.corpus_acquisition.downloader: Skipping elcomercio on 2021-09-09: already crawled successfully.
2026-07-06 02:55:24,100 [INFO] src.corpus_acquisition.downloader: Skipping elcomercio on 2021-09-10: already crawled successfully.
2026-07-06 02:55:24,101 [INFO] src.corpus_acquisition.downloader: Skipping elcomercio on 2021-09-11: already crawled successfully.
2026-07-06 02:55:24,102 [INFO] src.corpus_acquisition.downloader: Skipping elcomercio on 2021-09-12: already crawled successfully.
2026-07-06 02:55:24,103 [INFO] src.corpus_acquisition.downloader: Skipping elcomercio on 2021-09-13: already crawled successfully.
2026-07-06 02:55:24,105 [INFO] src.corpus_acquisition.downloader: Skipping elcomercio on 2021-09-14: already crawled successfully.
2026-07-06 02:55:24,106 [INFO] src.corpus_acquisition.downloader: Skipping elcomercio on 2021-09-15: already crawled successfully.
2026-07-06 02:55:24,107 [INFO] src.corpus_acquisition.downloader: Skipping elcomercio on 2021-09-16: already crawled successfully.
2026-07-06 02:55:24,109 [INFO] src.corpus_acquisition.downloader: Skipping elcomercio on 2021-09-17: already crawled successfully.
2026-07-06 02:55:24,110 [INFO] src.corpus_acquisition.downloader: Skipping elcomercio on 2021-09-18: already crawled successfully.
2026-07-06 02:55:24,111 [INFO] src.corpus_acquisition.downloader: Skipping elcomercio on 2021-09-19: already crawled successfully.
2026-07-06 02:55:24,112 [INFO] src.corpus_acquisition.downloader: Skipping elcomercio on 2021-09-20: already crawled successfully.
2026-07-06 02:55:24,113 [INFO] src.corpus_acquisition.downloader: Skipping elcomercio on 2021-09-21: already crawled successfully.
2026-07-06 02:55:24,115 [INFO] src.corpus_acquisition.downloader: Skipping elcomercio on 2021-09-22: already crawled successfully.
2026-07-06 02:55:24,116 [INFO] src.corpus_acquisition.downloader: Skipping elcomercio on 2021-09-23: already crawled successfully.
2026-07-06 02:55:24,117 [INFO] src.corpus_acquisition.downloader: Skipping elcomercio on 2021-09-24: already crawled successfully.
2026-07-06 02:55:24,118 [INFO] src.corpus_acquisition.downloader: Skipping elcomercio on 2021-09-25: already crawled successfully.
2026-07-06 02:55:24,120 [INFO] src.corpus_acquisition.downloader: Skipping elcomercio on 2021-09-26: already crawled successfully.
2026-07-06 02:55:24,121 [INFO] src.corpus_acquisition.downloader: Skipping elcomercio on 2021-09-27: already crawled successfully.
2026-07-06 02:55:24,122 [INFO] src.corpus_acquisition.downloader: Skipping elcomercio on 2021-09-28: already crawled successfully.
2026-07-06 02:55:24,123 [INFO] src.corpus_acquisition.downloader: Skipping elcomercio on 2021-09-29: already crawled successfully.
2026-07-06 02:55:24,124 [INFO] src.corpus_acquisition.downloader: Skipping elcomercio on 2021-09-30: already crawled successfully.
2026-07-06 02:55:24,126 [INFO] src.corpus_acquisition.downloader: Skipping elcomercio on 2021-10-01: already crawled successfully.
2026-07-06 02:55:24,127 [INFO] src.corpus_acquisition.downloader: Skipping elcomercio on 2021-10-02: already crawled successfully.
2026-07-06 02:55:24,128 [INFO] src.corpus_acquisition.downloader: Skipping elcomercio on 2021-10-03: already crawled successfully.
2026-07-06 02:55:24,130 [INFO] src.corpus_acquisition.downloader: Skipping elcomercio on 2021-10-04: already crawled successfully.
2026-07-06 02:55:24,131 [INFO] src.corpus_acquisition.downloader: Skipping elcomercio on 2021-10-05: already crawled successfully.
2026-07-06 02:55:24,132 [INFO] src.corpus_acquisition.downloader: Skipping elcomercio on 2021-10-06: already crawled successfully.
2026-07-06 02:55:24,133 [INFO] src.corpus_acquisition.downloader: Skipping elcomercio on 2021-10-07: already crawled successfully.
2026-07-06 02:55:24,135 [INFO] src.corpus_acquisition.downloader: Skipping elcomercio on 2021-10-08: already crawled successfully.
2026-07-06 02:55:24,136 [INFO] src.corpus_acquisition.downloader: Skipping elcomercio on 2021-10-09: already crawled successfully.
2026-07-06 02:55:24,137 [INFO] src.corpus_acquisition.downloader: Skipping elcomercio on 2021-10-10: already crawled successfully.
2026-07-06 02:55:24,139 [INFO] src.corpus_acquisition.downloader: Skipping elcomercio on 2021-10-11: already crawled successfully.
2026-07-06 02:55:24,140 [INFO] src.corpus_acquisition.downloader: Skipping elcomercio on 2021-10-12: already crawled successfully.
2026-07-06 02:55:24,141 [INFO] src.corpus_acquisition.downloader: Skipping elcomercio on 2021-10-13: already crawled successfully.
2026-07-06 02:55:24,142 [INFO] src.corpus_acquisition.downloader: Skipping elcomercio on 2021-10-14: already crawled successfully.
2026-07-06 02:55:24,144 [INFO] src.corpus_acquisition.downloader: Skipping elcomercio on 2021-10-15: already crawled successfully.
2026-07-06 02:55:24,145 [INFO] src.corpus_acquisition.downloader: Skipping elcomercio on 2021-10-16: already crawled successfully.
2026-07-06 02:55:24,146 [INFO] src.corpus_acquisition.downloader: Skipping elcomercio on 2021-10-17: already crawled successfully.
2026-07-06 02:55:24,147 [INFO] src.corpus_acquisition.downloader: Skipping elcomercio on 2021-10-18: already crawled successfully.
2026-07-06 02:55:24,149 [INFO] src.corpus_acquisition.downloader: Skipping elcomercio on 2021-10-19: already crawled successfully.
2026-07-06 02:55:24,150 [INFO] src.corpus_acquisition.downloader: Skipping elcomercio on 2021-10-20: already crawled successfully.
2026-07-06 02:55:24,151 [INFO] src.corpus_acquisition.downloader: Skipping elcomercio on 2021-10-21: already crawled successfully.
2026-07-06 02:55:24,152 [INFO] src.corpus_acquisition.downloader: Skipping elcomercio on 2021-10-22: already crawled successfully.
2026-07-06 02:55:24,153 [INFO] src.corpus_acquisition.downloader: Skipping elcomercio on 2021-10-23: already crawled successfully.
2026-07-06 02:55:24,154 [INFO] src.corpus_acquisition.downloader: Skipping elcomercio on 2021-10-24: already crawled successfully.
2026-07-06 02:55:24,155 [INFO] src.corpus_acquisition.downloader: Skipping elcomercio on 2021-10-25: already crawled successfully.
2026-07-06 02:55:24,157 [INFO] src.corpus_acquisition.downloader: Skipping elcomercio on 2021-10-26: already crawled successfully.
2026-07-06 02:55:24,158 [INFO] src.corpus_acquisition.downloader: Skipping elcomercio on 2021-10-27: already crawled successfully.
2026-07-06 02:55:24,159 [INFO] src.corpus_acquisition.downloader: Skipping elcomercio on 2021-10-28: already crawled successfully.
2026-07-06 02:55:24,161 [INFO] src.corpus_acquisition.downloader: Skipping elcomercio on 2021-10-29: already crawled successfully.
2026-07-06 02:55:24,162 [INFO] src.corpus_acquisition.downloader: Skipping elcomercio on 2021-10-30: already crawled successfully.
2026-07-06 02:55:24,163 [INFO] src.corpus_acquisition.downloader: Skipping elcomercio on 2021-10-31: already crawled successfully.
2026-07-06 02:55:24,165 [INFO] src.corpus_acquisition.downloader: Skipping elcomercio on 2021-11-01: already crawled successfully.
2026-07-06 02:55:24,166 [INFO] src.corpus_acquisition.downloader: Skipping elcomercio on 2021-11-02: already crawled successfully.
2026-07-06 02:55:24,167 [INFO] src.corpus_acquisition.downloader: Skipping elcomercio on 2021-11-03: already crawled successfully.
2026-07-06 02:55:24,168 [INFO] src.corpus_acquisition.downloader: Skipping elcomercio on 2021-11-04: already crawled successfully.
2026-07-06 02:55:24,169 [INFO] src.corpus_acquisition.downloader: Skipping elcomercio on 2021-11-05: already crawled successfully.
2026-07-06 02:55:24,170 [INFO] src.corpus_acquisition.downloader: Skipping elcomercio on 2021-11-06: already crawled successfully.
2026-07-06 02:55:24,172 [INFO] src.corpus_acquisition.downloader: Skipping elcomercio on 2021-11-07: already crawled successfully.
2026-07-06 02:55:24,173 [INFO] src.corpus_acquisition.downloader: Skipping elcomercio on 2021-11-08: already crawled successfully.
2026-07-06 02:55:24,174 [INFO] src.corpus_acquisition.downloader: Skipping elcomercio on 2021-11-09: already crawled successfully.
2026-07-06 02:55:24,175 [INFO] src.corpus_acquisition.downloader: Skipping elcomercio on 2021-11-10: already crawled successfully.
2026-07-06 02:55:24,176 [INFO] src.corpus_acquisition.downloader: Skipping elcomercio on 2021-11-11: already crawled successfully.
2026-07-06 02:55:24,178 [INFO] src.corpus_acquisition.downloader: Skipping elcomercio on 2021-11-12: already crawled successfully.
2026-07-06 02:55:24,179 [INFO] src.corpus_acquisition.downloader: Skipping elcomercio on 2021-11-13: already crawled successfully.
2026-07-06 02:55:24,180 [INFO] src.corpus_acquisition.downloader: Skipping elcomercio on 2021-11-14: already crawled successfully.
2026-07-06 02:55:24,182 [INFO] src.corpus_acquisition.downloader: Skipping elcomercio on 2021-11-15: already crawled successfully.
2026-07-06 02:55:24,183 [INFO] src.corpus_acquisition.downloader: Skipping elcomercio on 2021-11-16: already crawled successfully.
2026-07-06 02:55:24,184 [INFO] src.corpus_acquisition.downloader: Skipping elcomercio on 2021-11-17: already crawled successfully.
2026-07-06 02:55:24,185 [INFO] src.corpus_acquisition.downloader: Skipping elcomercio on 2021-11-18: already crawled successfully.
2026-07-06 02:55:24,186 [INFO] src.corpus_acquisition.downloader: Skipping elcomercio on 2021-11-19: already crawled successfully.
2026-07-06 02:55:24,188 [INFO] src.corpus_acquisition.downloader: Skipping elcomercio on 2021-11-20: already crawled successfully.
2026-07-06 02:55:24,189 [INFO] src.corpus_acquisition.downloader: Skipping elcomercio on 2021-11-21: already crawled successfully.
2026-07-06 02:55:24,190 [INFO] src.corpus_acquisition.downloader: Skipping elcomercio on 2021-11-22: already crawled successfully.
2026-07-06 02:55:24,191 [INFO] src.corpus_acquisition.downloader: Skipping elcomercio on 2021-11-23: already crawled successfully.
2026-07-06 02:55:24,192 [INFO] src.corpus_acquisition.downloader: Skipping elcomercio on 2021-11-24: already crawled successfully.
2026-07-06 02:55:24,194 [INFO] src.corpus_acquisition.downloader: Skipping elcomercio on 2021-11-25: already crawled successfully.
2026-07-06 02:55:24,195 [INFO] src.corpus_acquisition.downloader: Skipping elcomercio on 2021-11-26: already crawled successfully.
2026-07-06 02:55:24,196 [INFO] src.corpus_acquisition.downloader: Skipping elcomercio on 2021-11-27: already crawled successfully.
2026-07-06 02:55:24,197 [INFO] src.corpus_acquisition.downloader: Skipping elcomercio on 2021-11-28: already crawled successfully.
2026-07-06 02:55:24,198 [INFO] src.corpus_acquisition.downloader: Skipping elcomercio on 2021-11-29: already crawled successfully.
2026-07-06 02:55:24,199 [INFO] src.corpus_acquisition.downloader: Skipping elcomercio on 2021-11-30: already crawled successfully.
2026-07-06 02:55:24,200 [INFO] src.corpus_acquisition.downloader: Skipping elcomercio on 2021-12-01: already crawled successfully.
2026-07-06 02:55:24,201 [INFO] src.corpus_acquisition.downloader: Skipping elcomercio on 2021-12-02: already crawled successfully.
2026-07-06 02:55:24,203 [INFO] src.corpus_acquisition.downloader: Skipping elcomercio on 2021-12-03: already crawled successfully.
2026-07-06 02:55:24,204 [INFO] src.corpus_acquisition.downloader: Skipping elcomercio on 2021-12-04: already crawled successfully.
2026-07-06 02:55:24,205 [INFO] src.corpus_acquisition.downloader: Skipping elcomercio on 2021-12-05: already crawled successfully.
2026-07-06 02:55:24,206 [INFO] src.corpus_acquisition.downloader: Skipping elcomercio on 2021-12-06: already crawled successfully.
2026-07-06 02:55:24,207 [INFO] src.corpus_acquisition.downloader: Skipping elcomercio on 2021-12-07: already crawled successfully.
2026-07-06 02:55:24,209 [INFO] src.corpus_acquisition.downloader: Skipping elcomercio on 2021-12-08: already crawled successfully.
2026-07-06 02:55:24,210 [INFO] src.corpus_acquisition.downloader: Skipping elcomercio on 2021-12-09: already crawled successfully.
2026-07-06 02:55:24,211 [INFO] src.corpus_acquisition.downloader: Skipping elcomercio on 2021-12-10: already crawled successfully.
2026-07-06 02:55:24,212 [INFO] src.corpus_acquisition.downloader: Skipping elcomercio on 2021-12-11: already crawled successfully.
2026-07-06 02:55:24,213 [INFO] src.corpus_acquisition.downloader: Skipping elcomercio on 2021-12-12: already crawled successfully.
2026-07-06 02:55:24,214 [INFO] src.corpus_acquisition.downloader: Skipping elcomercio on 2021-12-13: already crawled successfully.
2026-07-06 02:55:24,215 [INFO] src.corpus_acquisition.downloader: Skipping elcomercio on 2021-12-14: already crawled successfully.
2026-07-06 02:55:24,216 [INFO] src.corpus_acquisition.downloader: Skipping elcomercio on 2021-12-15: already crawled successfully.
2026-07-06 02:55:24,218 [INFO] src.corpus_acquisition.downloader: Skipping elcomercio on 2021-12-16: already crawled successfully.
2026-07-06 02:55:24,219 [INFO] src.corpus_acquisition.downloader: Skipping elcomercio on 2021-12-17: already crawled successfully.
2026-07-06 02:55:24,220 [INFO] src.corpus_acquisition.downloader: Skipping elcomercio on 2021-12-18: already crawled successfully.
2026-07-06 02:55:24,221 [INFO] src.corpus_acquisition.downloader: Skipping elcomercio on 2021-12-19: already crawled successfully.
2026-07-06 02:55:24,223 [INFO] src.corpus_acquisition.downloader: Skipping elcomercio on 2021-12-20: already crawled successfully.
2026-07-06 02:55:24,224 [INFO] src.corpus_acquisition.downloader: Skipping elcomercio on 2021-12-21: already crawled successfully.
2026-07-06 02:55:24,225 [INFO] src.corpus_acquisition.downloader: Skipping elcomercio on 2021-12-22: already crawled successfully.
2026-07-06 02:55:24,226 [INFO] src.corpus_acquisition.downloader: Skipping elcomercio on 2021-12-23: already crawled successfully.
2026-07-06 02:55:24,228 [INFO] src.corpus_acquisition.downloader: Skipping elcomercio on 2021-12-24: already crawled successfully.
2026-07-06 02:55:24,229 [INFO] src.corpus_acquisition.downloader: Skipping elcomercio on 2021-12-25: already crawled successfully.
2026-07-06 02:55:24,230 [INFO] src.corpus_acquisition.downloader: Skipping elcomercio on 2021-12-26: already crawled successfully.
2026-07-06 02:55:24,231 [INFO] src.corpus_acquisition.downloader: Skipping elcomercio on 2021-12-27: already crawled successfully.
2026-07-06 02:55:24,232 [INFO] src.corpus_acquisition.downloader: Skipping elcomercio on 2021-12-28: already crawled successfully.
2026-07-06 02:55:24,234 [INFO] src.corpus_acquisition.downloader: Skipping elcomercio on 2021-12-29: already crawled successfully.
2026-07-06 02:55:24,235 [INFO] src.corpus_acquisition.downloader: Skipping elcomercio on 2021-12-30: already crawled successfully.
2026-07-06 02:55:24,236 [INFO] src.corpus_acquisition.downloader: Skipping elcomercio on 2021-12-31: already crawled successfully.
2026-07-06 02:55:24,237 [INFO] src.corpus_acquisition.downloader: Skipping elcomercio on 2022-01-01: already crawled successfully.
2026-07-06 02:55:24,238 [INFO] src.corpus_acquisition.downloader: Skipping elcomercio on 2022-01-02: already crawled successfully.
2026-07-06 02:55:24,240 [INFO] src.corpus_acquisition.downloader: Skipping elcomercio on 2022-01-03: already crawled successfully.
2026-07-06 02:55:24,241 [INFO] src.corpus_acquisition.downloader: Skipping elcomercio on 2022-01-04: already crawled successfully.
2026-07-06 02:55:24,242 [INFO] src.corpus_acquisition.downloader: Skipping elcomercio on 2022-01-05: already crawled successfully.
2026-07-06 02:55:24,243 [INFO] src.corpus_acquisition.downloader: Skipping elcomercio on 2022-01-06: already crawled successfully.
2026-07-06 02:55:24,244 [INFO] src.corpus_acquisition.downloader: Skipping elcomercio on 2022-01-07: already crawled successfully.
2026-07-06 02:55:24,246 [INFO] src.corpus_acquisition.downloader: Skipping elcomercio on 2022-01-08: already crawled successfully.
2026-07-06 02:55:24,247 [INFO] src.corpus_acquisition.downloader: Skipping elcomercio on 2022-01-09: already crawled successfully.
2026-07-06 02:55:24,248 [INFO] src.corpus_acquisition.downloader: Skipping elcomercio on 2022-01-10: already crawled successfully.
2026-07-06 02:55:24,249 [INFO] src.corpus_acquisition.downloader: Skipping elcomercio on 2022-01-11: already crawled successfully.
2026-07-06 02:55:24,250 [INFO] src.corpus_acquisition.downloader: Skipping elcomercio on 2022-01-12: already crawled successfully.
2026-07-06 02:55:24,251 [INFO] src.corpus_acquisition.downloader: Skipping elcomercio on 2022-01-13: already crawled successfully.
2026-07-06 02:55:24,253 [INFO] src.corpus_acquisition.downloader: Skipping elcomercio on 2022-01-14: already crawled successfully.
2026-07-06 02:55:24,254 [INFO] src.corpus_acquisition.downloader: Skipping elcomercio on 2022-01-15: already crawled successfully.
2026-07-06 02:55:24,255 [INFO] src.corpus_acquisition.downloader: Skipping elcomercio on 2022-01-16: already crawled successfully.
2026-07-06 02:55:24,256 [INFO] src.corpus_acquisition.downloader: Skipping elcomercio on 2022-01-17: already crawled successfully.
2026-07-06 02:55:24,257 [INFO] src.corpus_acquisition.downloader: Skipping elcomercio on 2022-01-18: already crawled successfully.
2026-07-06 02:55:24,258 [INFO] src.corpus_acquisition.downloader: Skipping elcomercio on 2022-01-19: already crawled successfully.
2026-07-06 02:55:24,260 [INFO] src.corpus_acquisition.downloader: Skipping elcomercio on 2022-01-20: already crawled successfully.
2026-07-06 02:55:24,261 [INFO] src.corpus_acquisition.downloader: Skipping elcomercio on 2022-01-21: already crawled successfully.
2026-07-06 02:55:24,262 [INFO] src.corpus_acquisition.downloader: Skipping elcomercio on 2022-01-22: already crawled successfully.
2026-07-06 02:55:24,263 [INFO] src.corpus_acquisition.downloader: Skipping elcomercio on 2022-01-23: already crawled successfully.
2026-07-06 02:55:24,264 [INFO] src.corpus_acquisition.downloader: Skipping elcomercio on 2022-01-24: already crawled successfully.
2026-07-06 02:55:24,265 [INFO] src.corpus_acquisition.downloader: Skipping elcomercio on 2022-01-25: already crawled successfully.
2026-07-06 02:55:24,266 [INFO] src.corpus_acquisition.downloader: Skipping elcomercio on 2022-01-26: already crawled successfully.
2026-07-06 02:55:24,267 [INFO] src.corpus_acquisition.downloader: Skipping elcomercio on 2022-01-27: already crawled successfully.
2026-07-06 02:55:24,268 [INFO] src.corpus_acquisition.downloader: Skipping elcomercio on 2022-01-28: already crawled successfully.
2026-07-06 02:55:24,269 [INFO] src.corpus_acquisition.downloader: Skipping elcomercio on 2022-01-29: already crawled successfully.
2026-07-06 02:55:24,271 [INFO] src.corpus_acquisition.downloader: Skipping elcomercio on 2022-01-30: already crawled successfully.
2026-07-06 02:55:24,272 [INFO] src.corpus_acquisition.downloader: Skipping elcomercio on 2022-01-31: already crawled successfully.
2026-07-06 02:55:24,273 [INFO] src.corpus_acquisition.downloader: Skipping elcomercio on 2022-02-01: already crawled successfully.
2026-07-06 02:55:24,274 [INFO] src.corpus_acquisition.downloader: Skipping elcomercio on 2022-02-02: already crawled successfully.
2026-07-06 02:55:24,275 [INFO] src.corpus_acquisition.downloader: Skipping elcomercio on 2022-02-03: already crawled successfully.
2026-07-06 02:55:24,276 [INFO] src.corpus_acquisition.downloader: Skipping elcomercio on 2022-02-04: already crawled successfully.
2026-07-06 02:55:24,277 [INFO] src.corpus_acquisition.downloader: Skipping elcomercio on 2022-02-05: already crawled successfully.
2026-07-06 02:55:24,279 [INFO] src.corpus_acquisition.downloader: Skipping elcomercio on 2022-02-06: already crawled successfully.
2026-07-06 02:55:24,280 [INFO] src.corpus_acquisition.downloader: Skipping elcomercio on 2022-02-07: already crawled successfully.
2026-07-06 02:55:24,281 [INFO] src.corpus_acquisition.downloader: Skipping elcomercio on 2022-02-08: already crawled successfully.
2026-07-06 02:55:24,283 [INFO] src.corpus_acquisition.downloader: Skipping elcomercio on 2022-02-09: already crawled successfully.
2026-07-06 02:55:24,284 [INFO] src.corpus_acquisition.downloader: Skipping elcomercio on 2022-02-10: already crawled successfully.
2026-07-06 02:55:24,285 [INFO] src.corpus_acquisition.downloader: Skipping elcomercio on 2022-02-11: already crawled successfully.
2026-07-06 02:55:24,286 [INFO] src.corpus_acquisition.downloader: Skipping elcomercio on 2022-02-12: already crawled successfully.
2026-07-06 02:55:24,288 [INFO] src.corpus_acquisition.downloader: Skipping elcomercio on 2022-02-13: already crawled successfully.
2026-07-06 02:55:24,289 [INFO] src.corpus_acquisition.downloader: Skipping elcomercio on 2022-02-14: already crawled successfully.
2026-07-06 02:55:24,290 [INFO] src.corpus_acquisition.downloader: Skipping elcomercio on 2022-02-15: already crawled successfully.
2026-07-06 02:55:24,291 [INFO] src.corpus_acquisition.downloader: Skipping elcomercio on 2022-02-16: already crawled successfully.
2026-07-06 02:55:24,292 [INFO] src.corpus_acquisition.downloader: Skipping elcomercio on 2022-02-17: already crawled successfully.
2026-07-06 02:55:24,294 [INFO] src.corpus_acquisition.downloader: Skipping elcomercio on 2022-02-18: already crawled successfully.
2026-07-06 02:55:24,295 [INFO] src.corpus_acquisition.downloader: Skipping elcomercio on 2022-02-19: already crawled successfully.
2026-07-06 02:55:24,296 [INFO] src.corpus_acquisition.downloader: Skipping elcomercio on 2022-02-20: already crawled successfully.
2026-07-06 02:55:24,297 [INFO] src.corpus_acquisition.downloader: Skipping elcomercio on 2022-02-21: already crawled successfully.
2026-07-06 02:55:24,299 [INFO] src.corpus_acquisition.downloader: Skipping elcomercio on 2022-02-22: already crawled successfully.
2026-07-06 02:55:24,300 [INFO] src.corpus_acquisition.downloader: Skipping elcomercio on 2022-02-23: already crawled successfully.
2026-07-06 02:55:24,304 [INFO] src.corpus_acquisition.downloader: Opening archive for elcomercio on 2022-02-24
2026-07-06 02:55:30,186 [INFO] src.corpus_acquisition.downloader: Collected 7 / 1000 pages
2026-07-06 02:55:34,366 [INFO] src.corpus_acquisition.downloader: Collected 9 / 1000 pages
2026-07-06 02:55:36,465 [INFO] src.corpus_acquisition.downloader: Collected 11 / 1000 pages
2026-07-06 02:55:38,574 [INFO] src.corpus_acquisition.downloader: Collected 13 / 1000 pages
2026-07-06 02:55:40,664 [INFO] src.corpus_acquisition.downloader: Collected 15 / 1000 pages
2026-07-06 02:55:42,775 [INFO] src.corpus_acquisition.downloader: Collected 17 / 1000 pages
2026-07-06 02:55:44,867 [INFO] src.corpus_acquisition.downloader: Collected 19 / 1000 pages
2026-07-06 02:55:46,967 [INFO] src.corpus_acquisition.downloader: Collected 21 / 1000 pages
2026-07-06 02:55:49,077 [INFO] src.corpus_acquisition.downloader: Collected 23 / 1000 pages
2026-07-06 02:55:51,170 [INFO] src.corpus_acquisition.downloader: Collected 24 / 1000 pages
2026-07-06 02:55:57,487 [WARNING] src.corpus_acquisition.downloader: No new pages found after 3 attempts; stopping with 24 page(s).
2026-07-06 02:55:57,530 [INFO] src.corpus_acquisition.downloader: Downloading page 1 from https://t.prcdn.co/img?file=eaaj2022022400000051001001&page=1&scale=195
2026-07-06 02:55:57,531 [INFO] src.corpus_acquisition.crawler: Downloading -> data/raw/images/elcomercio/2022/02/24/elcomercio_2022-02-24_1.jpg
2026-07-06 02:56:00,668 [INFO] src.corpus_acquisition.downloader: Downloading page 2 from https://i.prcdn.co/img?file=eaaj2022022400000051001001&page=2&scale=195&ticket=ANOUVWxJM70Xx8r8CxH4xoM%3D
2026-07-06 02:56:00,668 [INFO] src.corpus_acquisition.crawler: Downloading -> data/raw/images/elcomercio/2022/02/24/elcomercio_2022-02-24_2.jpg
2026-07-06 02:56:03,624 [INFO] src.corpus_acquisition.downloader: Downloading page 3 from https://i.prcdn.co/img?file=eaaj2022022400000051001001&page=3&scale=195&ticket=AGEvPyXOw6bC7dGK3gibbjQ%3D
2026-07-06 02:56:03,625 [INFO] src.corpus_acquisition.crawler: Downloading -> data/raw/images/elcomercio/2022/02/24/elcomercio_2022-02-24_3.jpg
2026-07-06 02:56:06,833 [INFO] src.corpus_acquisition.downloader: Downloading page 4 from https://i.prcdn.co/img?file=eaaj2022022400000051001001&page=4&scale=195&ticket=ACNnqDWGgTMgpbS7A5Ehngo%3D
2026-07-06 02:56:06,833 [INFO] src.corpus_acquisition.crawler: Downloading -> data/raw/images/elcomercio/2022/02/24/elcomercio_2022-02-24_4.jpg
2026-07-06 02:56:09,643 [INFO] src.corpus_acquisition.downloader: Downloading page 5 from https://i.prcdn.co/img?file=eaaj2022022400000051001001&page=5&scale=195&ticket=AEaad3WmQWMetefYbeCEus0%3D
2026-07-06 02:56:09,644 [INFO] src.corpus_acquisition.crawler: Downloading -> data/raw/images/elcomercio/2022/02/24/elcomercio_2022-02-24_5.jpg
2026-07-06 02:56:12,263 [INFO] src.corpus_acquisition.downloader: Downloading page 6 from https://i.prcdn.co/img?file=eaaj2022022400000051001001&page=6&scale=195&ticket=ADF9vmzQimHcS%2BlSNkXoH%2F4%3D
2026-07-06 02:56:12,264 [INFO] src.corpus_acquisition.crawler: Downloading -> data/raw/images/elcomercio/2022/02/24/elcomercio_2022-02-24_6.jpg
2026-07-06 02:56:16,004 [INFO] src.corpus_acquisition.downloader: Downloading page 7 from https://i.prcdn.co/img?file=eaaj2022022400000051001001&page=7&scale=195&ticket=AB2zMM%2B%2FoHV%2BmT4fCKbs%2BFU%3D
2026-07-06 02:56:16,005 [INFO] src.corpus_acquisition.crawler: Downloading -> data/raw/images/elcomercio/2022/02/24/elcomercio_2022-02-24_7.jpg
2026-07-06 02:56:17,911 [INFO] src.corpus_acquisition.downloader: Downloading page 8 from https://i.prcdn.co/img?file=eaaj2022022400000051001001&page=8&scale=195&ticket=AIhq%2Fr%2FJ3UQpefBwa1v956w%3D
2026-07-06 02:56:17,912 [INFO] src.corpus_acquisition.crawler: Downloading -> data/raw/images/elcomercio/2022/02/24/elcomercio_2022-02-24_8.jpg
2026-07-06 02:56:21,170 [INFO] src.corpus_acquisition.downloader: Downloading page 9 from https://i.prcdn.co/img?file=eaaj2022022400000051001001&page=9&scale=195&ticket=APFTZ3i3P21QNEMY%2BwZJ46A%3D
2026-07-06 02:56:21,170 [INFO] src.corpus_acquisition.crawler: Downloading -> data/raw/images/elcomercio/2022/02/24/elcomercio_2022-02-24_9.jpg
2026-07-06 02:56:23,314 [INFO] src.corpus_acquisition.downloader: Downloading page 10 from https://i.prcdn.co/img?file=eaaj2022022400000051001001&page=10&scale=195&ticket=AN%2F9sblRXZ2B4cm%2BZFP2pow%3D
2026-07-06 02:56:23,314 [INFO] src.corpus_acquisition.crawler: Downloading -> data/raw/images/elcomercio/2022/02/24/elcomercio_2022-02-24_10.jpg
2026-07-06 02:56:26,801 [INFO] src.corpus_acquisition.downloader: Downloading page 11 from https://i.prcdn.co/img?file=eaaj2022022400000051001001&page=11&scale=195&ticket=AMT%2BZSI0APikG7tt5vNJed8%3D
2026-07-06 02:56:26,801 [INFO] src.corpus_acquisition.crawler: Downloading -> data/raw/images/elcomercio/2022/02/24/elcomercio_2022-02-24_11.jpg
2026-07-06 02:56:29,339 [INFO] src.corpus_acquisition.downloader: Downloading page 12 from https://i.prcdn.co/img?file=eaaj2022022400000051001001&page=12&scale=195&ticket=AA%2BDJ%2BaFyM3FdTABD%2F5x3UI%3D
2026-07-06 02:56:29,339 [INFO] src.corpus_acquisition.crawler: Downloading -> data/raw/images/elcomercio/2022/02/24/elcomercio_2022-02-24_12.jpg
2026-07-06 02:56:31,689 [INFO] src.corpus_acquisition.downloader: Downloading page 13 from https://i.prcdn.co/img?file=eaaj2022022400000051001001&page=13&scale=195&ticket=AHqwY1kJYmlGFg959kbdNqY%3D
2026-07-06 02:56:31,690 [INFO] src.corpus_acquisition.crawler: Downloading -> data/raw/images/elcomercio/2022/02/24/elcomercio_2022-02-24_13.jpg
2026-07-06 02:56:34,266 [INFO] src.corpus_acquisition.downloader: Downloading page 14 from https://i.prcdn.co/img?file=eaaj2022022400000051001001&page=14&scale=195&ticket=AI2Jy3M5qgWoe8tpW9usM8w%3D
2026-07-06 02:56:34,266 [INFO] src.corpus_acquisition.crawler: Downloading -> data/raw/images/elcomercio/2022/02/24/elcomercio_2022-02-24_14.jpg
2026-07-06 02:56:36,739 [INFO] src.corpus_acquisition.downloader: Downloading page 15 from https://i.prcdn.co/img?file=eaaj2022022400000051001001&page=15&scale=195&ticket=AEJMAd5Vf3c61AxezCuJHEg%3D
2026-07-06 02:56:36,740 [INFO] src.corpus_acquisition.crawler: Downloading -> data/raw/images/elcomercio/2022/02/24/elcomercio_2022-02-24_15.jpg
2026-07-06 02:56:39,519 [INFO] src.corpus_acquisition.downloader: Downloading page 16 from https://i.prcdn.co/img?file=eaaj2022022400000051001001&page=16&scale=195&ticket=AJJ6vqMISlkEyNqi2xbZTlY%3D
2026-07-06 02:56:39,520 [INFO] src.corpus_acquisition.crawler: Downloading -> data/raw/images/elcomercio/2022/02/24/elcomercio_2022-02-24_16.jpg
2026-07-06 02:56:41,962 [INFO] src.corpus_acquisition.downloader: Downloading page 17 from https://i.prcdn.co/img?file=eaaj2022022400000051001001&page=17&scale=195&ticket=AMpyG5rY6Xi1bJ9rQinJiBM%3D
2026-07-06 02:56:41,962 [INFO] src.corpus_acquisition.crawler: Downloading -> data/raw/images/elcomercio/2022/02/24/elcomercio_2022-02-24_17.jpg
2026-07-06 02:56:44,318 [INFO] src.corpus_acquisition.downloader: Downloading page 18 from https://i.prcdn.co/img?file=eaaj2022022400000051001001&page=18&scale=195&ticket=ADqyS%2F26Aofk51089TIhDJY%3D
2026-07-06 02:56:44,318 [INFO] src.corpus_acquisition.crawler: Downloading -> data/raw/images/elcomercio/2022/02/24/elcomercio_2022-02-24_18.jpg
2026-07-06 02:56:47,236 [INFO] src.corpus_acquisition.downloader: Downloading page 19 from https://i.prcdn.co/img?file=eaaj2022022400000051001001&page=19&scale=195&ticket=APOwoaje4hktJR%2BNGIb06w4%3D
2026-07-06 02:56:47,236 [INFO] src.corpus_acquisition.crawler: Downloading -> data/raw/images/elcomercio/2022/02/24/elcomercio_2022-02-24_19.jpg
2026-07-06 02:56:49,600 [INFO] src.corpus_acquisition.downloader: Downloading page 20 from https://i.prcdn.co/img?file=eaaj2022022400000051001001&page=20&scale=195&ticket=AGL5K4RIgXT3e2SrRqGSr98%3D
2026-07-06 02:56:49,600 [INFO] src.corpus_acquisition.crawler: Downloading -> data/raw/images/elcomercio/2022/02/24/elcomercio_2022-02-24_20.jpg
2026-07-06 02:56:52,410 [INFO] src.corpus_acquisition.downloader: Downloading page 21 from https://i.prcdn.co/img?file=eaaj2022022400000051001001&page=21&scale=195&ticket=AG5TSCEQTndEM%2ByDiYuTQ0w%3D
2026-07-06 02:56:52,411 [INFO] src.corpus_acquisition.crawler: Downloading -> data/raw/images/elcomercio/2022/02/24/elcomercio_2022-02-24_21.jpg
2026-07-06 02:56:54,814 [INFO] src.corpus_acquisition.downloader: Downloading page 22 from https://i.prcdn.co/img?file=eaaj2022022400000051001001&page=22&scale=195&ticket=AK8r8lEiJ8aE%2FUbJWetsLIs%3D
2026-07-06 02:56:54,814 [INFO] src.corpus_acquisition.crawler: Downloading -> data/raw/images/elcomercio/2022/02/24/elcomercio_2022-02-24_22.jpg
2026-07-06 02:56:57,834 [INFO] src.corpus_acquisition.downloader: Downloading page 23 from https://i.prcdn.co/img?file=eaaj2022022400000051001001&page=23&scale=195&ticket=AOg53sxnYv7u9DkhjUcxRLM%3D
2026-07-06 02:56:57,834 [INFO] src.corpus_acquisition.crawler: Downloading -> data/raw/images/elcomercio/2022/02/24/elcomercio_2022-02-24_23.jpg
2026-07-06 02:57:00,635 [INFO] src.corpus_acquisition.downloader: Downloading page 24 from https://i.prcdn.co/img?file=eaaj2022022400000051001001&page=24&scale=195&ticket=AFfwU8xIQINlw2X3W%2FZHnlM%3D
2026-07-06 02:57:00,636 [INFO] src.corpus_acquisition.crawler: Downloading -> data/raw/images/elcomercio/2022/02/24/elcomercio_2022-02-24_24.jpg
2026-07-06 02:57:03,943 [INFO] src.corpus_acquisition.metadata_extractor: Saved metadata for 24 page(s) -> data/raw/metadata/raw_metadata.parquet (total rows: 68916)
2026-07-06 02:57:03,952 [INFO] src.corpus_acquisition.metadata_extractor: Saved crawl log -> data/raw/crawl_logs/elcomercio_2022-02-24.json (status=success)
2026-07-06 02:57:06,405 [INFO] src.corpus_acquisition.downloader: Opening archive for elcomercio on 2022-02-25
2026-07-06 02:57:12,550 [INFO] src.corpus_acquisition.downloader: Collected 7 / 1000 pages
2026-07-06 02:57:16,719 [INFO] src.corpus_acquisition.downloader: Collected 9 / 1000 pages
2026-07-06 02:57:18,815 [INFO] src.corpus_acquisition.downloader: Collected 10 / 1000 pages
2026-07-06 02:57:20,911 [INFO] src.corpus_acquisition.downloader: Collected 13 / 1000 pages
2026-07-06 02:57:23,108 [INFO] src.corpus_acquisition.downloader: Collected 15 / 1000 pages
2026-07-06 02:57:25,200 [INFO] src.corpus_acquisition.downloader: Collected 17 / 1000 pages
2026-07-06 02:57:27,296 [INFO] src.corpus_acquisition.downloader: Collected 18 / 1000 pages
2026-07-06 02:57:29,395 [INFO] src.corpus_acquisition.downloader: Collected 21 / 1000 pages
2026-07-06 02:57:31,492 [INFO] src.corpus_acquisition.downloader: Collected 23 / 1000 pages
2026-07-06 02:57:33,593 [INFO] src.corpus_acquisition.downloader: Collected 25 / 1000 pages
2026-07-06 02:57:35,694 [INFO] src.corpus_acquisition.downloader: Collected 27 / 1000 pages
2026-07-06 02:57:37,792 [INFO] src.corpus_acquisition.downloader: Collected 28 / 1000 pages
2026-07-06 02:57:44,114 [WARNING] src.corpus_acquisition.downloader: No new pages found after 3 attempts; stopping with 28 page(s).
2026-07-06 02:57:44,158 [INFO] src.corpus_acquisition.downloader: Downloading page 1 from https://t.prcdn.co/img?file=eaaj2022022500000000001001&page=1&scale=195
2026-07-06 02:57:44,163 [INFO] src.corpus_acquisition.crawler: Downloading -> data/raw/images/elcomercio/2022/02/25/elcomercio_2022-02-25_1.jpg
2026-07-06 02:57:47,088 [INFO] src.corpus_acquisition.downloader: Downloading page 2 from https://i.prcdn.co/img?file=eaaj2022022500000000001001&page=2&scale=195&ticket=AO6Q7dkTZ5PPsciqVC7zy%2Fc%3D
2026-07-06 02:57:47,089 [INFO] src.corpus_acquisition.crawler: Downloading -> data/raw/images/elcomercio/2022/02/25/elcomercio_2022-02-25_2.jpg
2026-07-06 02:57:48,916 [INFO] src.corpus_acquisition.downloader: Downloading page 3 from https://i.prcdn.co/img?file=eaaj2022022500000000001001&page=3&scale=195&ticket=AJhOElL89%2Bly2%2BJBmbh%2FxRg%3D
2026-07-06 02:57:48,917 [INFO] src.corpus_acquisition.crawler: Downloading -> data/raw/images/elcomercio/2022/02/25/elcomercio_2022-02-25_3.jpg
2026-07-06 02:57:51,468 [INFO] src.corpus_acquisition.downloader: Downloading page 4 from https://i.prcdn.co/img?file=eaaj2022022500000000001001&page=4&scale=195&ticket=AK0bYugBjw1wG4LbqwuD%2FOQ%3D
2026-07-06 02:57:51,468 [INFO] src.corpus_acquisition.crawler: Downloading -> data/raw/images/elcomercio/2022/02/25/elcomercio_2022-02-25_4.jpg
2026-07-06 02:57:53,918 [INFO] src.corpus_acquisition.downloader: Downloading page 5 from https://i.prcdn.co/img?file=eaaj2022022500000000001001&page=5&scale=195&ticket=AJ0r6nobDT0K2ZhPfnpVWTM%3D
2026-07-06 02:57:53,918 [INFO] src.corpus_acquisition.crawler: Downloading -> data/raw/images/elcomercio/2022/02/25/elcomercio_2022-02-25_5.jpg
2026-07-06 02:57:56,648 [INFO] src.corpus_acquisition.downloader: Downloading page 6 from https://i.prcdn.co/img?file=eaaj2022022500000000001001&page=6&scale=195&ticket=AAMkzG72mJzWyGkq0bTLDSM%3D
2026-07-06 02:57:56,648 [INFO] src.corpus_acquisition.crawler: Downloading -> data/raw/images/elcomercio/2022/02/25/elcomercio_2022-02-25_6.jpg
2026-07-06 02:58:00,144 [INFO] src.corpus_acquisition.downloader: Downloading page 7 from https://i.prcdn.co/img?file=eaaj2022022500000000001001&page=7&scale=195&ticket=AMGXT0V6L4x%2B4FXbeo%2B%2BE%2FU%3D
2026-07-06 02:58:00,144 [INFO] src.corpus_acquisition.crawler: Downloading -> data/raw/images/elcomercio/2022/02/25/elcomercio_2022-02-25_7.jpg
2026-07-06 02:58:02,166 [INFO] src.corpus_acquisition.downloader: Downloading page 8 from https://i.prcdn.co/img?file=eaaj2022022500000000001001&page=8&scale=195&ticket=AKxI6xTqER4C90%2FGd3%2B2qCY%3D
2026-07-06 02:58:02,166 [INFO] src.corpus_acquisition.crawler: Downloading -> data/raw/images/elcomercio/2022/02/25/elcomercio_2022-02-25_8.jpg
2026-07-06 02:58:04,286 [INFO] src.corpus_acquisition.downloader: Downloading page 9 from https://i.prcdn.co/img?file=eaaj2022022500000000001001&page=9&scale=195&ticket=AJg6tXu0ZAYY7CcriiAUNIM%3D
2026-07-06 02:58:04,287 [INFO] src.corpus_acquisition.crawler: Downloading -> data/raw/images/elcomercio/2022/02/25/elcomercio_2022-02-25_9.jpg
2026-07-06 02:58:06,856 [INFO] src.corpus_acquisition.downloader: Downloading page 10 from https://i.prcdn.co/img?file=eaaj2022022500000000001001&page=10&scale=195&ticket=AGg8xjfziU9Z%2BP%2FUDhLybkI%3D
2026-07-06 02:58:06,856 [INFO] src.corpus_acquisition.crawler: Downloading -> data/raw/images/elcomercio/2022/02/25/elcomercio_2022-02-25_10.jpg
2026-07-06 02:58:09,073 [INFO] src.corpus_acquisition.downloader: Downloading page 11 from https://i.prcdn.co/img?file=eaaj2022022500000000001001&page=11&scale=195&ticket=ANIKfb700u6%2FhgNCwQTjEjg%3D
2026-07-06 02:58:09,073 [INFO] src.corpus_acquisition.crawler: Downloading -> data/raw/images/elcomercio/2022/02/25/elcomercio_2022-02-25_11.jpg
2026-07-06 02:58:11,900 [INFO] src.corpus_acquisition.downloader: Downloading page 12 from https://i.prcdn.co/img?file=eaaj2022022500000000001001&page=12&scale=195&ticket=AJCP1L3PMNm5neJv0FRb0Ys%3D
2026-07-06 02:58:11,900 [INFO] src.corpus_acquisition.crawler: Downloading -> data/raw/images/elcomercio/2022/02/25/elcomercio_2022-02-25_12.jpg
2026-07-06 02:58:14,356 [INFO] src.corpus_acquisition.downloader: Downloading page 13 from https://i.prcdn.co/img?file=eaaj2022022500000000001001&page=13&scale=195&ticket=AJQqfmL1E5DkKzncx1Xnyac%3D
2026-07-06 02:58:14,356 [INFO] src.corpus_acquisition.crawler: Downloading -> data/raw/images/elcomercio/2022/02/25/elcomercio_2022-02-25_13.jpg
2026-07-06 02:58:17,176 [INFO] src.corpus_acquisition.downloader: Downloading page 14 from https://i.prcdn.co/img?file=eaaj2022022500000000001001&page=14&scale=195&ticket=AIACaWMvA7llKB9LLEFJrWI%3D
2026-07-06 02:58:17,177 [INFO] src.corpus_acquisition.crawler: Downloading -> data/raw/images/elcomercio/2022/02/25/elcomercio_2022-02-25_14.jpg
2026-07-06 02:58:19,481 [INFO] src.corpus_acquisition.downloader: Downloading page 15 from https://i.prcdn.co/img?file=eaaj2022022500000000001001&page=15&scale=195&ticket=ADnqReTHvHaz9dZUPw9bjzo%3D
2026-07-06 02:58:19,481 [INFO] src.corpus_acquisition.crawler: Downloading -> data/raw/images/elcomercio/2022/02/25/elcomercio_2022-02-25_15.jpg
2026-07-06 02:58:21,884 [INFO] src.corpus_acquisition.downloader: Downloading page 16 from https://i.prcdn.co/img?file=eaaj2022022500000000001001&page=16&scale=195&ticket=AHSqxmalV3oVeDyvjCEUar8%3D
2026-07-06 02:58:21,885 [INFO] src.corpus_acquisition.crawler: Downloading -> data/raw/images/elcomercio/2022/02/25/elcomercio_2022-02-25_16.jpg
2026-07-06 02:58:24,329 [INFO] src.corpus_acquisition.downloader: Downloading page 17 from https://i.prcdn.co/img?file=eaaj2022022500000000001001&page=17&scale=195&ticket=ABHEeSF78hlDMxVKYAJs%2BBI%3D
2026-07-06 02:58:24,329 [INFO] src.corpus_acquisition.crawler: Downloading -> data/raw/images/elcomercio/2022/02/25/elcomercio_2022-02-25_17.jpg
2026-07-06 02:58:26,262 [INFO] src.corpus_acquisition.downloader: Downloading page 18 from https://i.prcdn.co/img?file=eaaj2022022500000000001001&page=18&scale=195&ticket=ADaWic%2BtRXE5r8IztKVKksg%3D
2026-07-06 02:58:26,263 [INFO] src.corpus_acquisition.crawler: Downloading -> data/raw/images/elcomercio/2022/02/25/elcomercio_2022-02-25_18.jpg
2026-07-06 02:58:28,797 [INFO] src.corpus_acquisition.downloader: Downloading page 19 from https://i.prcdn.co/img?file=eaaj2022022500000000001001&page=19&scale=195&ticket=AM9AcRx0jPn9puIXCCpQjvI%3D
2026-07-06 02:58:28,798 [INFO] src.corpus_acquisition.crawler: Downloading -> data/raw/images/elcomercio/2022/02/25/elcomercio_2022-02-25_19.jpg
2026-07-06 02:58:31,538 [INFO] src.corpus_acquisition.downloader: Downloading page 20 from https://i.prcdn.co/img?file=eaaj2022022500000000001001&page=20&scale=195&ticket=AGiX%2FqlAkcxTwiQ0oDKT8a0%3D
2026-07-06 02:58:31,539 [INFO] src.corpus_acquisition.crawler: Downloading -> data/raw/images/elcomercio/2022/02/25/elcomercio_2022-02-25_20.jpg
2026-07-06 02:58:34,182 [INFO] src.corpus_acquisition.downloader: Downloading page 21 from https://i.prcdn.co/img?file=eaaj2022022500000000001001&page=21&scale=195&ticket=AMgwSgJbT%2BBKFJbYL1SN07M%3D
2026-07-06 02:58:34,182 [INFO] src.corpus_acquisition.crawler: Downloading -> data/raw/images/elcomercio/2022/02/25/elcomercio_2022-02-25_21.jpg
2026-07-06 02:58:36,501 [INFO] src.corpus_acquisition.downloader: Downloading page 22 from https://i.prcdn.co/img?file=eaaj2022022500000000001001&page=22&scale=195&ticket=AJRid6roJTuhsQGSI4V%2BAYU%3D
2026-07-06 02:58:36,501 [INFO] src.corpus_acquisition.crawler: Downloading -> data/raw/images/elcomercio/2022/02/25/elcomercio_2022-02-25_22.jpg
2026-07-06 02:58:39,226 [INFO] src.corpus_acquisition.downloader: Downloading page 23 from https://i.prcdn.co/img?file=eaaj2022022500000000001001&page=23&scale=195&ticket=AL91fQHLy1uYePVflDGKKPc%3D
2026-07-06 02:58:39,226 [INFO] src.corpus_acquisition.crawler: Downloading -> data/raw/images/elcomercio/2022/02/25/elcomercio_2022-02-25_23.jpg
2026-07-06 02:58:41,844 [INFO] src.corpus_acquisition.downloader: Downloading page 24 from https://i.prcdn.co/img?file=eaaj2022022500000000001001&page=24&scale=195&ticket=AHM3pj4MXAA%2Bc6hXzNiE5SY%3D
2026-07-06 02:58:41,844 [INFO] src.corpus_acquisition.crawler: Downloading -> data/raw/images/elcomercio/2022/02/25/elcomercio_2022-02-25_24.jpg
2026-07-06 02:58:44,818 [INFO] src.corpus_acquisition.downloader: Downloading page 25 from https://i.prcdn.co/img?file=eaaj2022022500000000001001&page=25&scale=195&ticket=AHPn%2FONg2dwyrXbbojQQzlg%3D
2026-07-06 02:58:44,819 [INFO] src.corpus_acquisition.crawler: Downloading -> data/raw/images/elcomercio/2022/02/25/elcomercio_2022-02-25_25.jpg
2026-07-06 02:58:46,983 [INFO] src.corpus_acquisition.downloader: Downloading page 26 from https://i.prcdn.co/img?file=eaaj2022022500000000001001&page=26&scale=195&ticket=AMw7MrHyIJtUSXKoBXRbe58%3D
2026-07-06 02:58:46,984 [INFO] src.corpus_acquisition.crawler: Downloading -> data/raw/images/elcomercio/2022/02/25/elcomercio_2022-02-25_26.jpg
2026-07-06 02:58:49,417 [INFO] src.corpus_acquisition.downloader: Downloading page 27 from https://i.prcdn.co/img?file=eaaj2022022500000000001001&page=27&scale=195&ticket=AMnml6yDxVqXUUDC6SGmK9k%3D
2026-07-06 02:58:49,418 [INFO] src.corpus_acquisition.crawler: Downloading -> data/raw/images/elcomercio/2022/02/25/elcomercio_2022-02-25_27.jpg
2026-07-06 02:58:51,625 [INFO] src.corpus_acquisition.downloader: Downloading page 28 from https://i.prcdn.co/img?file=eaaj2022022500000000001001&page=28&scale=195&ticket=AP23NytnPU7c9zaoP6VDrsE%3D
2026-07-06 02:58:51,625 [INFO] src.corpus_acquisition.crawler: Downloading -> data/raw/images/elcomercio/2022/02/25/elcomercio_2022-02-25_28.jpg
2026-07-06 02:58:54,218 [INFO] src.corpus_acquisition.metadata_extractor: Saved metadata for 28 page(s) -> data/raw/metadata/raw_metadata.parquet (total rows: 68944)
2026-07-06 02:58:54,225 [INFO] src.corpus_acquisition.metadata_extractor: Saved crawl log -> data/raw/crawl_logs/elcomercio_2022-02-25.json (status=success)
2026-07-06 02:58:56,613 [INFO] src.corpus_acquisition.downloader: Opening archive for elcomercio on 2022-02-26
2026-07-06 02:59:02,795 [INFO] src.corpus_acquisition.downloader: Collected 7 / 1000 pages
2026-07-06 02:59:06,963 [INFO] src.corpus_acquisition.downloader: Collected 9 / 1000 pages
2026-07-06 02:59:09,049 [INFO] src.corpus_acquisition.downloader: Collected 11 / 1000 pages
2026-07-06 02:59:11,135 [INFO] src.corpus_acquisition.downloader: Collected 13 / 1000 pages
2026-07-06 02:59:13,334 [INFO] src.corpus_acquisition.downloader: Collected 15 / 1000 pages
2026-07-06 02:59:15,435 [INFO] src.corpus_acquisition.downloader: Collected 17 / 1000 pages
2026-07-06 02:59:17,530 [INFO] src.corpus_acquisition.downloader: Collected 19 / 1000 pages
2026-07-06 02:59:19,627 [INFO] src.corpus_acquisition.downloader: Collected 21 / 1000 pages
2026-07-06 02:59:21,729 [INFO] src.corpus_acquisition.downloader: Collected 23 / 1000 pages
2026-07-06 02:59:23,824 [INFO] src.corpus_acquisition.downloader: Collected 25 / 1000 pages
2026-07-06 02:59:25,925 [INFO] src.corpus_acquisition.downloader: Collected 27 / 1000 pages
2026-07-06 02:59:28,022 [INFO] src.corpus_acquisition.downloader: Collected 29 / 1000 pages
2026-07-06 02:59:30,129 [INFO] src.corpus_acquisition.downloader: Collected 31 / 1000 pages
2026-07-06 02:59:32,226 [INFO] src.corpus_acquisition.downloader: Collected 33 / 1000 pages
2026-07-06 02:59:34,323 [INFO] src.corpus_acquisition.downloader: Collected 35 / 1000 pages
2026-07-06 02:59:36,427 [INFO] src.corpus_acquisition.downloader: Collected 36 / 1000 pages
2026-07-06 02:59:42,737 [WARNING] src.corpus_acquisition.downloader: No new pages found after 3 attempts; stopping with 36 page(s).
2026-07-06 02:59:42,774 [INFO] src.corpus_acquisition.downloader: Downloading page 1 from https://t.prcdn.co/img?file=eaaj2022022600000000001001&page=1&scale=195
2026-07-06 02:59:42,774 [INFO] src.corpus_acquisition.crawler: Downloading -> data/raw/images/elcomercio/2022/02/26/elcomercio_2022-02-26_1.jpg
2026-07-06 02:59:45,269 [INFO] src.corpus_acquisition.downloader: Downloading page 2 from https://i.prcdn.co/img?file=eaaj2022022600000000001001&page=2&scale=195&ticket=AHYaUOi%2F9N%2FKwYmX4Dt596g%3D
2026-07-06 02:59:45,269 [INFO] src.corpus_acquisition.crawler: Downloading -> data/raw/images/elcomercio/2022/02/26/elcomercio_2022-02-26_2.jpg
2026-07-06 02:59:47,912 [INFO] src.corpus_acquisition.downloader: Downloading page 3 from https://i.prcdn.co/img?file=eaaj2022022600000000001001&page=3&scale=195&ticket=AChTDIDj0gKX74qF7KM%2F7fo%3D
2026-07-06 02:59:47,913 [INFO] src.corpus_acquisition.crawler: Downloading -> data/raw/images/elcomercio/2022/02/26/elcomercio_2022-02-26_3.jpg
2026-07-06 02:59:50,472 [INFO] src.corpus_acquisition.downloader: Downloading page 4 from https://i.prcdn.co/img?file=eaaj2022022600000000001001&page=4&scale=195&ticket=APx5DAQlEEaNyvu7olrxLQg%3D
2026-07-06 02:59:50,473 [INFO] src.corpus_acquisition.crawler: Downloading -> data/raw/images/elcomercio/2022/02/26/elcomercio_2022-02-26_4.jpg
2026-07-06 02:59:52,618 [INFO] src.corpus_acquisition.downloader: Downloading page 5 from https://i.prcdn.co/img?file=eaaj2022022600000000001001&page=5&scale=195&ticket=AOmQoXtKZ%2FHemzLVi1OJItM%3D
2026-07-06 02:59:52,619 [INFO] src.corpus_acquisition.crawler: Downloading -> data/raw/images/elcomercio/2022/02/26/elcomercio_2022-02-26_5.jpg
2026-07-06 02:59:54,747 [INFO] src.corpus_acquisition.downloader: Downloading page 6 from https://i.prcdn.co/img?file=eaaj2022022600000000001001&page=6&scale=195&ticket=AJRtb48HJ9f9pSp0eeBT5tY%3D
2026-07-06 02:59:54,747 [INFO] src.corpus_acquisition.crawler: Downloading -> data/raw/images/elcomercio/2022/02/26/elcomercio_2022-02-26_6.jpg
2026-07-06 02:59:57,107 [INFO] src.corpus_acquisition.downloader: Downloading page 7 from https://i.prcdn.co/img?file=eaaj2022022600000000001001&page=7&scale=195&ticket=AHGkOgp5n9KtIZ7TUWr%2Fsg4%3D
2026-07-06 02:59:57,108 [INFO] src.corpus_acquisition.crawler: Downloading -> data/raw/images/elcomercio/2022/02/26/elcomercio_2022-02-26_7.jpg
2026-07-06 02:59:59,909 [INFO] src.corpus_acquisition.downloader: Downloading page 8 from https://i.prcdn.co/img?file=eaaj2022022600000000001001&page=8&scale=195&ticket=APPy%2Be0RN1JITkfbzb77T%2FA%3D
2026-07-06 02:59:59,910 [INFO] src.corpus_acquisition.crawler: Downloading -> data/raw/images/elcomercio/2022/02/26/elcomercio_2022-02-26_8.jpg
2026-07-06 03:00:02,058 [INFO] src.corpus_acquisition.downloader: Downloading page 9 from https://i.prcdn.co/img?file=eaaj2022022600000000001001&page=9&scale=195&ticket=AB7UCA74OIiq4ghPKc8n%2B6Q%3D
2026-07-06 03:00:02,058 [INFO] src.corpus_acquisition.crawler: Downloading -> data/raw/images/elcomercio/2022/02/26/elcomercio_2022-02-26_9.jpg
2026-07-06 03:00:04,670 [INFO] src.corpus_acquisition.downloader: Downloading page 10 from https://i.prcdn.co/img?file=eaaj2022022600000000001001&page=10&scale=195&ticket=AE8MqOmtQRCAgsB169bvhQ4%3D
2026-07-06 03:00:04,670 [INFO] src.corpus_acquisition.crawler: Downloading -> data/raw/images/elcomercio/2022/02/26/elcomercio_2022-02-26_10.jpg
2026-07-06 03:00:07,383 [INFO] src.corpus_acquisition.downloader: Downloading page 11 from https://i.prcdn.co/img?file=eaaj2022022600000000001001&page=11&scale=195&ticket=AMCzADNfEubZ6A1JUND1HlA%3D
2026-07-06 03:00:07,384 [INFO] src.corpus_acquisition.crawler: Downloading -> data/raw/images/elcomercio/2022/02/26/elcomercio_2022-02-26_11.jpg
2026-07-06 03:00:09,887 [INFO] src.corpus_acquisition.downloader: Downloading page 12 from https://i.prcdn.co/img?file=eaaj2022022600000000001001&page=12&scale=195&ticket=AEX%2BVd%2BkGJ0Jqf%2F%2FBoLIVRU%3D
2026-07-06 03:00:09,887 [INFO] src.corpus_acquisition.crawler: Downloading -> data/raw/images/elcomercio/2022/02/26/elcomercio_2022-02-26_12.jpg
2026-07-06 03:00:12,746 [INFO] src.corpus_acquisition.downloader: Downloading page 13 from https://i.prcdn.co/img?file=eaaj2022022600000000001001&page=13&scale=195&ticket=AJ7jSnXFSuZH%2FevHDmZbd4A%3D
2026-07-06 03:00:12,746 [INFO] src.corpus_acquisition.crawler: Downloading -> data/raw/images/elcomercio/2022/02/26/elcomercio_2022-02-26_13.jpg
2026-07-06 03:00:14,827 [INFO] src.corpus_acquisition.downloader: Downloading page 14 from https://i.prcdn.co/img?file=eaaj2022022600000000001001&page=14&scale=195&ticket=AHyIRKIbztDy0orIdMXzu6E%3D
2026-07-06 03:00:14,827 [INFO] src.corpus_acquisition.crawler: Downloading -> data/raw/images/elcomercio/2022/02/26/elcomercio_2022-02-26_14.jpg
2026-07-06 03:00:17,427 [INFO] src.corpus_acquisition.downloader: Downloading page 15 from https://i.prcdn.co/img?file=eaaj2022022600000000001001&page=15&scale=195&ticket=AOXFcH6CmJ9UYKJTPyrgCsU%3D
2026-07-06 03:00:17,427 [INFO] src.corpus_acquisition.crawler: Downloading -> data/raw/images/elcomercio/2022/02/26/elcomercio_2022-02-26_15.jpg
2026-07-06 03:00:19,940 [INFO] src.corpus_acquisition.downloader: Downloading page 16 from https://i.prcdn.co/img?file=eaaj2022022600000000001001&page=16&scale=195&ticket=AAzDiuM6b09ChliHE2vPdcw%3D
2026-07-06 03:00:19,940 [INFO] src.corpus_acquisition.crawler: Downloading -> data/raw/images/elcomercio/2022/02/26/elcomercio_2022-02-26_16.jpg
2026-07-06 03:00:22,191 [INFO] src.corpus_acquisition.downloader: Downloading page 17 from https://i.prcdn.co/img?file=eaaj2022022600000000001001&page=17&scale=195&ticket=ADvGLrL2w2EtqjC6CqdO0qc%3D
2026-07-06 03:00:22,191 [INFO] src.corpus_acquisition.crawler: Downloading -> data/raw/images/elcomercio/2022/02/26/elcomercio_2022-02-26_17.jpg
2026-07-06 03:00:25,206 [INFO] src.corpus_acquisition.downloader: Downloading page 18 from https://i.prcdn.co/img?file=eaaj2022022600000000001001&page=18&scale=195&ticket=AFbeT%2B8xkvWGtPDD2qgpriQ%3D
2026-07-06 03:00:25,206 [INFO] src.corpus_acquisition.crawler: Downloading -> data/raw/images/elcomercio/2022/02/26/elcomercio_2022-02-26_18.jpg
2026-07-06 03:00:27,996 [INFO] src.corpus_acquisition.downloader: Downloading page 19 from https://i.prcdn.co/img?file=eaaj2022022600000000001001&page=19&scale=195&ticket=AJYvpO4A%2B1xuYHdIs7Z%2FWHk%3D
2026-07-06 03:00:27,997 [INFO] src.corpus_acquisition.crawler: Downloading -> data/raw/images/elcomercio/2022/02/26/elcomercio_2022-02-26_19.jpg
2026-07-06 03:00:30,721 [INFO] src.corpus_acquisition.downloader: Downloading page 20 from https://i.prcdn.co/img?file=eaaj2022022600000000001001&page=20&scale=195&ticket=AAtqEg0VE7ZndtcHwMu5qNU%3D
2026-07-06 03:00:30,721 [INFO] src.corpus_acquisition.crawler: Downloading -> data/raw/images/elcomercio/2022/02/26/elcomercio_2022-02-26_20.jpg
2026-07-06 03:00:33,291 [INFO] src.corpus_acquisition.downloader: Downloading page 21 from https://i.prcdn.co/img?file=eaaj2022022600000000001001&page=21&scale=195&ticket=APDzbntFsfJTWpcG1NcVNzY%3D
2026-07-06 03:00:33,291 [INFO] src.corpus_acquisition.crawler: Downloading -> data/raw/images/elcomercio/2022/02/26/elcomercio_2022-02-26_21.jpg
2026-07-06 03:00:35,440 [INFO] src.corpus_acquisition.downloader: Downloading page 22 from https://i.prcdn.co/img?file=eaaj2022022600000000001001&page=22&scale=195&ticket=AMzQoSw6Lf50%2BDuIraRv%2BZE%3D
2026-07-06 03:00:35,441 [INFO] src.corpus_acquisition.crawler: Downloading -> data/raw/images/elcomercio/2022/02/26/elcomercio_2022-02-26_22.jpg
2026-07-06 03:00:37,824 [INFO] src.corpus_acquisition.downloader: Downloading page 23 from https://i.prcdn.co/img?file=eaaj2022022600000000001001&page=23&scale=195&ticket=AMmPDn8SbvKQeYn4%2Fyc8aF4%3D
2026-07-06 03:00:37,825 [INFO] src.corpus_acquisition.crawler: Downloading -> data/raw/images/elcomercio/2022/02/26/elcomercio_2022-02-26_23.jpg
2026-07-06 03:00:40,156 [INFO] src.corpus_acquisition.downloader: Downloading page 24 from https://i.prcdn.co/img?file=eaaj2022022600000000001001&page=24&scale=195&ticket=AFO4pM4YeoD9rtT5CvF6fQs%3D
2026-07-06 03:00:40,156 [INFO] src.corpus_acquisition.crawler: Downloading -> data/raw/images/elcomercio/2022/02/26/elcomercio_2022-02-26_24.jpg
2026-07-06 03:00:42,561 [INFO] src.corpus_acquisition.downloader: Downloading page 25 from https://i.prcdn.co/img?file=eaaj2022022600000000001001&page=25&scale=195&ticket=AFR8nBkSaa%2B0pvIe7WkFDUg%3D
2026-07-06 03:00:42,561 [INFO] src.corpus_acquisition.crawler: Downloading -> data/raw/images/elcomercio/2022/02/26/elcomercio_2022-02-26_25.jpg
2026-07-06 03:00:44,829 [INFO] src.corpus_acquisition.downloader: Downloading page 26 from https://i.prcdn.co/img?file=eaaj2022022600000000001001&page=26&scale=195&ticket=AEDVdnMhZJo5I4gb4Z%2FISx4%3D
2026-07-06 03:00:44,830 [INFO] src.corpus_acquisition.crawler: Downloading -> data/raw/images/elcomercio/2022/02/26/elcomercio_2022-02-26_26.jpg
2026-07-06 03:00:46,769 [INFO] src.corpus_acquisition.downloader: Downloading page 27 from https://i.prcdn.co/img?file=eaaj2022022600000000001001&page=27&scale=195&ticket=AANntTx8FCF4e%2F%2B6DQ72Png%3D
2026-07-06 03:00:46,769 [INFO] src.corpus_acquisition.crawler: Downloading -> data/raw/images/elcomercio/2022/02/26/elcomercio_2022-02-26_27.jpg
2026-07-06 03:00:49,031 [INFO] src.corpus_acquisition.downloader: Downloading page 28 from https://i.prcdn.co/img?file=eaaj2022022600000000001001&page=28&scale=195&ticket=ACFP9UuC2Kzr2l%2B91dziC2I%3D
2026-07-06 03:00:49,032 [INFO] src.corpus_acquisition.crawler: Downloading -> data/raw/images/elcomercio/2022/02/26/elcomercio_2022-02-26_28.jpg
2026-07-06 03:00:51,702 [INFO] src.corpus_acquisition.downloader: Downloading page 29 from https://i.prcdn.co/img?file=eaaj2022022600000000001001&page=29&scale=195&ticket=AEYFvyrqwhfe8zXwEm5IhxE%3D
2026-07-06 03:00:51,702 [INFO] src.corpus_acquisition.crawler: Downloading -> data/raw/images/elcomercio/2022/02/26/elcomercio_2022-02-26_29.jpg
2026-07-06 03:00:53,581 [INFO] src.corpus_acquisition.downloader: Downloading page 30 from https://i.prcdn.co/img?file=eaaj2022022600000000001001&page=30&scale=195&ticket=AB8A%2FHkMfcMgubZgIXrmF30%3D
2026-07-06 03:00:53,581 [INFO] src.corpus_acquisition.crawler: Downloading -> data/raw/images/elcomercio/2022/02/26/elcomercio_2022-02-26_30.jpg
2026-07-06 03:00:56,507 [INFO] src.corpus_acquisition.downloader: Downloading page 31 from https://i.prcdn.co/img?file=eaaj2022022600000000001001&page=31&scale=195&ticket=AJ3UnDJiAF5uBdwKR8p%2BkBQ%3D
2026-07-06 03:00:56,508 [INFO] src.corpus_acquisition.crawler: Downloading -> data/raw/images/elcomercio/2022/02/26/elcomercio_2022-02-26_31.jpg
2026-07-06 03:00:58,902 [INFO] src.corpus_acquisition.downloader: Downloading page 32 from https://i.prcdn.co/img?file=eaaj2022022600000000001001&page=32&scale=195&ticket=AMc0smHOCQNxD0JSzwCwwkM%3D
2026-07-06 03:00:58,902 [INFO] src.corpus_acquisition.crawler: Downloading -> data/raw/images/elcomercio/2022/02/26/elcomercio_2022-02-26_32.jpg
2026-07-06 03:01:00,985 [INFO] src.corpus_acquisition.downloader: Downloading page 33 from https://i.prcdn.co/img?file=eaaj2022022600000000001001&page=33&scale=195&ticket=AIZPEG1jnobNp59oPbbrsr8%3D
2026-07-06 03:01:00,986 [INFO] src.corpus_acquisition.crawler: Downloading -> data/raw/images/elcomercio/2022/02/26/elcomercio_2022-02-26_33.jpg
2026-07-06 03:01:03,147 [INFO] src.corpus_acquisition.downloader: Downloading page 34 from https://i.prcdn.co/img?file=eaaj2022022600000000001001&page=34&scale=195&ticket=AA3sCwo%2FG4hk%2BUjfwtLCvmM%3D
2026-07-06 03:01:03,147 [INFO] src.corpus_acquisition.crawler: Downloading -> data/raw/images/elcomercio/2022/02/26/elcomercio_2022-02-26_34.jpg
2026-07-06 03:01:05,958 [INFO] src.corpus_acquisition.downloader: Downloading page 35 from https://i.prcdn.co/img?file=eaaj2022022600000000001001&page=35&scale=195&ticket=ACLn9K88%2FUUNEMT0ucO4pWY%3D
2026-07-06 03:01:05,959 [INFO] src.corpus_acquisition.crawler: Downloading -> data/raw/images/elcomercio/2022/02/26/elcomercio_2022-02-26_35.jpg
2026-07-06 03:01:08,241 [INFO] src.corpus_acquisition.downloader: Downloading page 36 from https://i.prcdn.co/img?file=eaaj2022022600000000001001&page=36&scale=195&ticket=AJCjVbvbmoxMb7IPEKVJRMA%3D
2026-07-06 03:01:08,241 [INFO] src.corpus_acquisition.crawler: Downloading -> data/raw/images/elcomercio/2022/02/26/elcomercio_2022-02-26_36.jpg
2026-07-06 03:01:10,721 [INFO] src.corpus_acquisition.metadata_extractor: Saved metadata for 36 page(s) -> data/raw/metadata/raw_metadata.parquet (total rows: 68980)
2026-07-06 03:01:10,728 [INFO] src.corpus_acquisition.metadata_extractor: Saved crawl log -> data/raw/crawl_logs/elcomercio_2022-02-26.json (status=success)
2026-07-06 03:01:13,057 [INFO] src.corpus_acquisition.downloader: Opening archive for elcomercio on 2022-02-27
2026-07-06 03:01:19,341 [INFO] src.corpus_acquisition.downloader: Collected 7 / 1000 pages
2026-07-06 03:01:23,509 [INFO] src.corpus_acquisition.downloader: Collected 9 / 1000 pages
2026-07-06 03:01:25,605 [INFO] src.corpus_acquisition.downloader: Collected 11 / 1000 pages
2026-07-06 03:01:27,698 [INFO] src.corpus_acquisition.downloader: Collected 13 / 1000 pages
2026-07-06 03:01:29,883 [INFO] src.corpus_acquisition.downloader: Collected 15 / 1000 pages
2026-07-06 03:01:31,996 [INFO] src.corpus_acquisition.downloader: Collected 16 / 1000 pages
2026-07-06 03:01:34,084 [INFO] src.corpus_acquisition.downloader: Collected 19 / 1000 pages
2026-07-06 03:01:36,182 [INFO] src.corpus_acquisition.downloader: Collected 20 / 1000 pages
2026-07-06 03:01:38,292 [INFO] src.corpus_acquisition.downloader: Collected 22 / 1000 pages
2026-07-06 03:01:40,384 [INFO] src.corpus_acquisition.downloader: Collected 23 / 1000 pages
2026-07-06 03:01:42,482 [INFO] src.corpus_acquisition.downloader: Collected 26 / 1000 pages
2026-07-06 03:01:44,581 [INFO] src.corpus_acquisition.downloader: Collected 29 / 1000 pages
2026-07-06 03:01:46,681 [INFO] src.corpus_acquisition.downloader: Collected 31 / 1000 pages
2026-07-06 03:01:48,795 [INFO] src.corpus_acquisition.downloader: Collected 33 / 1000 pages
2026-07-06 03:01:50,887 [INFO] src.corpus_acquisition.downloader: Collected 35 / 1000 pages
2026-07-06 03:01:52,985 [INFO] src.corpus_acquisition.downloader: Collected 36 / 1000 pages
2026-07-06 03:01:55,082 [INFO] src.corpus_acquisition.downloader: Collected 39 / 1000 pages
2026-07-06 03:01:57,277 [INFO] src.corpus_acquisition.downloader: Collected 41 / 1000 pages
2026-07-06 03:01:59,367 [INFO] src.corpus_acquisition.downloader: Collected 42 / 1000 pages
2026-07-06 03:02:01,465 [INFO] src.corpus_acquisition.downloader: Collected 45 / 1000 pages
2026-07-06 03:02:03,561 [INFO] src.corpus_acquisition.downloader: Collected 47 / 1000 pages
2026-07-06 03:02:05,642 [INFO] src.corpus_acquisition.downloader: Collected 49 / 1000 pages
2026-07-06 03:02:07,729 [INFO] src.corpus_acquisition.downloader: Collected 51 / 1000 pages
2026-07-06 03:02:09,819 [INFO] src.corpus_acquisition.downloader: Collected 52 / 1000 pages
2026-07-06 03:02:16,284 [WARNING] src.corpus_acquisition.downloader: No new pages found after 3 attempts; stopping with 52 page(s).
2026-07-06 03:02:16,316 [INFO] src.corpus_acquisition.downloader: Downloading page 1 from https://t.prcdn.co/img?file=eaaj2022022700000052001001&page=1&scale=195
2026-07-06 03:02:16,317 [INFO] src.corpus_acquisition.crawler: Downloading -> data/raw/images/elcomercio/2022/02/27/elcomercio_2022-02-27_1.jpg
2026-07-06 03:02:18,377 [INFO] src.corpus_acquisition.downloader: Downloading page 2 from https://i.prcdn.co/img?file=eaaj2022022700000052001001&page=2&scale=195&ticket=AJZsYh4ojjrR2mlaNDwSdy8%3D
2026-07-06 03:02:18,377 [INFO] src.corpus_acquisition.crawler: Downloading -> data/raw/images/elcomercio/2022/02/27/elcomercio_2022-02-27_2.jpg
2026-07-06 03:02:20,894 [INFO] src.corpus_acquisition.downloader: Downloading page 3 from https://i.prcdn.co/img?file=eaaj2022022700000052001001&page=3&scale=195&ticket=AFk7B7H5rMtuDIX840sfeNA%3D
2026-07-06 03:02:20,894 [INFO] src.corpus_acquisition.crawler: Downloading -> data/raw/images/elcomercio/2022/02/27/elcomercio_2022-02-27_3.jpg
2026-07-06 03:02:23,534 [INFO] src.corpus_acquisition.downloader: Downloading page 4 from https://i.prcdn.co/img?file=eaaj2022022700000052001001&page=4&scale=195&ticket=AOaU6hMBpfNOnpUF0Nv3ACA%3D
2026-07-06 03:02:23,534 [INFO] src.corpus_acquisition.crawler: Downloading -> data/raw/images/elcomercio/2022/02/27/elcomercio_2022-02-27_4.jpg
2026-07-06 03:02:25,784 [INFO] src.corpus_acquisition.downloader: Downloading page 5 from https://i.prcdn.co/img?file=eaaj2022022700000052001001&page=5&scale=195&ticket=AMnrwQwk3s4nTgRzGQSKc38%3D
2026-07-06 03:02:25,785 [INFO] src.corpus_acquisition.crawler: Downloading -> data/raw/images/elcomercio/2022/02/27/elcomercio_2022-02-27_5.jpg
2026-07-06 03:02:27,963 [INFO] src.corpus_acquisition.downloader: Downloading page 6 from https://i.prcdn.co/img?file=eaaj2022022700000052001001&page=6&scale=195&ticket=AFvarnAGjav7tngUx0Qyu9A%3D
2026-07-06 03:02:27,963 [INFO] src.corpus_acquisition.crawler: Downloading -> data/raw/images/elcomercio/2022/02/27/elcomercio_2022-02-27_6.jpg
2026-07-06 03:02:30,399 [INFO] src.corpus_acquisition.downloader: Downloading page 7 from https://i.prcdn.co/img?file=eaaj2022022700000052001001&page=7&scale=195&ticket=AEXJ5wh7%2FTke6GVqXzSYa68%3D
2026-07-06 03:02:30,400 [INFO] src.corpus_acquisition.crawler: Downloading -> data/raw/images/elcomercio/2022/02/27/elcomercio_2022-02-27_7.jpg
2026-07-06 03:02:32,269 [INFO] src.corpus_acquisition.downloader: Downloading page 8 from https://i.prcdn.co/img?file=eaaj2022022700000052001001&page=8&scale=195&ticket=ANGg7ui8ezJbwPlYF6nDaOo%3D
2026-07-06 03:02:32,270 [INFO] src.corpus_acquisition.crawler: Downloading -> data/raw/images/elcomercio/2022/02/27/elcomercio_2022-02-27_8.jpg
2026-07-06 03:02:34,520 [INFO] src.corpus_acquisition.downloader: Downloading page 9 from https://i.prcdn.co/img?file=eaaj2022022700000052001001&page=9&scale=195&ticket=AEuWIPTmj47LTEdsnrhq6Q4%3D
2026-07-06 03:02:34,520 [INFO] src.corpus_acquisition.crawler: Downloading -> data/raw/images/elcomercio/2022/02/27/elcomercio_2022-02-27_9.jpg
2026-07-06 03:02:37,215 [INFO] src.corpus_acquisition.downloader: Downloading page 10 from https://i.prcdn.co/img?file=eaaj2022022700000052001001&page=10&scale=195&ticket=AMpuQith71XFuAUodGMKyjc%3D
2026-07-06 03:02:37,216 [INFO] src.corpus_acquisition.crawler: Downloading -> data/raw/images/elcomercio/2022/02/27/elcomercio_2022-02-27_10.jpg
2026-07-06 03:02:39,657 [INFO] src.corpus_acquisition.downloader: Downloading page 11 from https://i.prcdn.co/img?file=eaaj2022022700000052001001&page=11&scale=195&ticket=APkdhvZzGk0QoXFa3FwxLLo%3D
2026-07-06 03:02:39,657 [INFO] src.corpus_acquisition.crawler: Downloading -> data/raw/images/elcomercio/2022/02/27/elcomercio_2022-02-27_11.jpg
2026-07-06 03:02:41,508 [INFO] src.corpus_acquisition.downloader: Downloading page 12 from https://i.prcdn.co/img?file=eaaj2022022700000052001001&page=12&scale=195&ticket=ACyimon2Q0AcywfmDYma7qU%3D
2026-07-06 03:02:41,508 [INFO] src.corpus_acquisition.crawler: Downloading -> data/raw/images/elcomercio/2022/02/27/elcomercio_2022-02-27_12.jpg
2026-07-06 03:02:44,111 [INFO] src.corpus_acquisition.downloader: Downloading page 13 from https://i.prcdn.co/img?file=eaaj2022022700000052001001&page=13&scale=195&ticket=AMkwSB761JXexApOcxL4Gj4%3D
2026-07-06 03:02:44,111 [INFO] src.corpus_acquisition.crawler: Downloading -> data/raw/images/elcomercio/2022/02/27/elcomercio_2022-02-27_13.jpg
2026-07-06 03:02:46,016 [INFO] src.corpus_acquisition.downloader: Downloading page 14 from https://i.prcdn.co/img?file=eaaj2022022700000052001001&page=14&scale=195&ticket=AP7Fxds9onpq08VUk6%2FH8%2Fc%3D
2026-07-06 03:02:46,016 [INFO] src.corpus_acquisition.crawler: Downloading -> data/raw/images/elcomercio/2022/02/27/elcomercio_2022-02-27_14.jpg
2026-07-06 03:02:48,507 [INFO] src.corpus_acquisition.downloader: Downloading page 15 from https://i.prcdn.co/img?file=eaaj2022022700000052001001&page=15&scale=195&ticket=AO%2F9XZZAOErrjFLc1Avby8A%3D
2026-07-06 03:02:48,507 [INFO] src.corpus_acquisition.crawler: Downloading -> data/raw/images/elcomercio/2022/02/27/elcomercio_2022-02-27_15.jpg
2026-07-06 03:02:51,449 [INFO] src.corpus_acquisition.downloader: Downloading page 16 from https://i.prcdn.co/img?file=eaaj2022022700000052001001&page=16&scale=195&ticket=AP5QXEIbVg1aMbuoYDhHhnM%3D
2026-07-06 03:02:51,449 [INFO] src.corpus_acquisition.crawler: Downloading -> data/raw/images/elcomercio/2022/02/27/elcomercio_2022-02-27_16.jpg
2026-07-06 03:02:54,215 [INFO] src.corpus_acquisition.downloader: Downloading page 17 from https://i.prcdn.co/img?file=eaaj2022022700000052001001&page=17&scale=195&ticket=AI6ynWNR66I6EPxXs6zqwDA%3D
2026-07-06 03:02:54,215 [INFO] src.corpus_acquisition.crawler: Downloading -> data/raw/images/elcomercio/2022/02/27/elcomercio_2022-02-27_17.jpg
2026-07-06 03:02:56,749 [INFO] src.corpus_acquisition.downloader: Downloading page 18 from https://i.prcdn.co/img?file=eaaj2022022700000052001001&page=18&scale=195&ticket=ADKj6YS3NjcnmdVPj6RgRlY%3D
2026-07-06 03:02:56,749 [INFO] src.corpus_acquisition.crawler: Downloading -> data/raw/images/elcomercio/2022/02/27/elcomercio_2022-02-27_18.jpg
2026-07-06 03:02:58,597 [INFO] src.corpus_acquisition.downloader: Downloading page 19 from https://i.prcdn.co/img?file=eaaj2022022700000052001001&page=19&scale=195&ticket=AEcW5wIWEQFkihHmOMp3qLg%3D
2026-07-06 03:02:58,597 [INFO] src.corpus_acquisition.crawler: Downloading -> data/raw/images/elcomercio/2022/02/27/elcomercio_2022-02-27_19.jpg
2026-07-06 03:03:01,211 [INFO] src.corpus_acquisition.downloader: Downloading page 20 from https://i.prcdn.co/img?file=eaaj2022022700000052001001&page=20&scale=195&ticket=AHVSb5FhfTFp0RbwYBNB4jE%3D
2026-07-06 03:03:01,211 [INFO] src.corpus_acquisition.crawler: Downloading -> data/raw/images/elcomercio/2022/02/27/elcomercio_2022-02-27_20.jpg
2026-07-06 03:03:03,969 [INFO] src.corpus_acquisition.downloader: Downloading page 21 from https://i.prcdn.co/img?file=eaaj2022022700000052001001&page=21&scale=195&ticket=ADwYLxXURXN5c8d4a6Zyi58%3D
2026-07-06 03:03:03,969 [INFO] src.corpus_acquisition.crawler: Downloading -> data/raw/images/elcomercio/2022/02/27/elcomercio_2022-02-27_21.jpg
2026-07-06 03:03:06,460 [INFO] src.corpus_acquisition.downloader: Downloading page 22 from https://i.prcdn.co/img?file=eaaj2022022700000052001001&page=22&scale=195&ticket=ANIuvoIY6sf0ITbDva4aof8%3D
2026-07-06 03:03:06,460 [INFO] src.corpus_acquisition.crawler: Downloading -> data/raw/images/elcomercio/2022/02/27/elcomercio_2022-02-27_22.jpg
2026-07-06 03:03:08,335 [INFO] src.corpus_acquisition.downloader: Downloading page 23 from https://i.prcdn.co/img?file=eaaj2022022700000052001001&page=23&scale=195&ticket=AGWidfoFqENmayqiy0%2FsRUw%3D
2026-07-06 03:03:08,335 [INFO] src.corpus_acquisition.crawler: Downloading -> data/raw/images/elcomercio/2022/02/27/elcomercio_2022-02-27_23.jpg
2026-07-06 03:03:10,409 [INFO] src.corpus_acquisition.downloader: Downloading page 24 from https://i.prcdn.co/img?file=eaaj2022022700000052001001&page=24&scale=195&ticket=AB8K3IcnJ%2FkgCp7VI%2FK32wg%3D
2026-07-06 03:03:10,410 [INFO] src.corpus_acquisition.crawler: Downloading -> data/raw/images/elcomercio/2022/02/27/elcomercio_2022-02-27_24.jpg
2026-07-06 03:03:12,962 [INFO] src.corpus_acquisition.downloader: Downloading page 25 from https://i.prcdn.co/img?file=eaaj2022022700000052001001&page=25&scale=195&ticket=AOUuAipcB8CPkZBtqOWja1g%3D
2026-07-06 03:03:12,963 [INFO] src.corpus_acquisition.crawler: Downloading -> data/raw/images/elcomercio/2022/02/27/elcomercio_2022-02-27_25.jpg
2026-07-06 03:03:15,136 [INFO] src.corpus_acquisition.downloader: Downloading page 26 from https://i.prcdn.co/img?file=eaaj2022022700000052001001&page=26&scale=195&ticket=AHuOXMlrX392miMNU7uQBF4%3D
2026-07-06 03:03:15,136 [INFO] src.corpus_acquisition.crawler: Downloading -> data/raw/images/elcomercio/2022/02/27/elcomercio_2022-02-27_26.jpg
2026-07-06 03:03:17,606 [INFO] src.corpus_acquisition.downloader: Downloading page 27 from https://i.prcdn.co/img?file=eaaj2022022700000052001001&page=27&scale=195&ticket=ACQEG6ysZU%2FoMcjy4aB8mi0%3D
2026-07-06 03:03:17,606 [INFO] src.corpus_acquisition.crawler: Downloading -> data/raw/images/elcomercio/2022/02/27/elcomercio_2022-02-27_27.jpg
2026-07-06 03:03:19,910 [INFO] src.corpus_acquisition.downloader: Downloading page 28 from https://i.prcdn.co/img?file=eaaj2022022700000052001001&page=28&scale=195&ticket=ADzmr3JaTcOKJFRRdVbpz%2B0%3D
2026-07-06 03:03:19,911 [INFO] src.corpus_acquisition.crawler: Downloading -> data/raw/images/elcomercio/2022/02/27/elcomercio_2022-02-27_28.jpg
2026-07-06 03:03:22,145 [INFO] src.corpus_acquisition.downloader: Downloading page 29 from https://i.prcdn.co/img?file=eaaj2022022700000052001001&page=29&scale=195&ticket=ALefj%2FtJ1MSUkuOhvNPRwIE%3D
2026-07-06 03:03:22,145 [INFO] src.corpus_acquisition.crawler: Downloading -> data/raw/images/elcomercio/2022/02/27/elcomercio_2022-02-27_29.jpg
2026-07-06 03:03:24,273 [INFO] src.corpus_acquisition.downloader: Downloading page 30 from https://i.prcdn.co/img?file=eaaj2022022700000052001001&page=30&scale=195&ticket=AJBYCipMOTx9xgIWl2SCS9M%3D
2026-07-06 03:03:24,273 [INFO] src.corpus_acquisition.crawler: Downloading -> data/raw/images/elcomercio/2022/02/27/elcomercio_2022-02-27_30.jpg
2026-07-06 03:03:26,556 [INFO] src.corpus_acquisition.downloader: Downloading page 31 from https://i.prcdn.co/img?file=eaaj2022022700000052001001&page=31&scale=195&ticket=AEWrql9wHi3Z05fgI75x148%3D
2026-07-06 03:03:26,556 [INFO] src.corpus_acquisition.crawler: Downloading -> data/raw/images/elcomercio/2022/02/27/elcomercio_2022-02-27_31.jpg
2026-07-06 03:03:28,654 [INFO] src.corpus_acquisition.downloader: Downloading page 32 from https://i.prcdn.co/img?file=eaaj2022022700000052001001&page=32&scale=195&ticket=AL2ANMGk%2BqRwyigCEXNy1ZM%3D
2026-07-06 03:03:28,655 [INFO] src.corpus_acquisition.crawler: Downloading -> data/raw/images/elcomercio/2022/02/27/elcomercio_2022-02-27_32.jpg
2026-07-06 03:03:31,271 [INFO] src.corpus_acquisition.downloader: Downloading page 33 from https://i.prcdn.co/img?file=eaaj2022022700000052001001&page=33&scale=195&ticket=ANZIpi%2FJvXpkSrwBOwcAraQ%3D
2026-07-06 03:03:31,272 [INFO] src.corpus_acquisition.crawler: Downloading -> data/raw/images/elcomercio/2022/02/27/elcomercio_2022-02-27_33.jpg
2026-07-06 03:03:33,236 [INFO] src.corpus_acquisition.downloader: Downloading page 34 from https://i.prcdn.co/img?file=eaaj2022022700000052001001&page=34&scale=195&ticket=ADlumTnOFY13GQ2JhdDyx7Q%3D
2026-07-06 03:03:33,236 [INFO] src.corpus_acquisition.crawler: Downloading -> data/raw/images/elcomercio/2022/02/27/elcomercio_2022-02-27_34.jpg
2026-07-06 03:03:35,081 [INFO] src.corpus_acquisition.downloader: Downloading page 35 from https://i.prcdn.co/img?file=eaaj2022022700000052001001&page=35&scale=195&ticket=AIKa5dXmCnRUx67Hi3Mts3Q%3D
2026-07-06 03:03:35,081 [INFO] src.corpus_acquisition.crawler: Downloading -> data/raw/images/elcomercio/2022/02/27/elcomercio_2022-02-27_35.jpg
2026-07-06 03:03:36,980 [INFO] src.corpus_acquisition.downloader: Downloading page 36 from https://i.prcdn.co/img?file=eaaj2022022700000052001001&page=36&scale=195&ticket=AH93UuoxDe9dEdfq6UGg3Mo%3D
2026-07-06 03:03:36,980 [INFO] src.corpus_acquisition.crawler: Downloading -> data/raw/images/elcomercio/2022/02/27/elcomercio_2022-02-27_36.jpg
2026-07-06 03:03:39,514 [INFO] src.corpus_acquisition.downloader: Downloading page 37 from https://i.prcdn.co/img?file=eaaj2022022700000052001001&page=37&scale=195&ticket=APEYTWejEBqhJ1WbxNGH584%3D
2026-07-06 03:03:39,514 [INFO] src.corpus_acquisition.crawler: Downloading -> data/raw/images/elcomercio/2022/02/27/elcomercio_2022-02-27_37.jpg
2026-07-06 03:03:42,132 [INFO] src.corpus_acquisition.downloader: Downloading page 38 from https://i.prcdn.co/img?file=eaaj2022022700000052001001&page=38&scale=195&ticket=AJ%2Fdi8rVI8gLaYgQy6wdAvY%3D
2026-07-06 03:03:42,132 [INFO] src.corpus_acquisition.crawler: Downloading -> data/raw/images/elcomercio/2022/02/27/elcomercio_2022-02-27_38.jpg
2026-07-06 03:03:45,150 [INFO] src.corpus_acquisition.downloader: Downloading page 39 from https://i.prcdn.co/img?file=eaaj2022022700000052001001&page=39&scale=195&ticket=AM0EKNxNFLJLk5b8cS46flQ%3D
2026-07-06 03:03:45,150 [INFO] src.corpus_acquisition.crawler: Downloading -> data/raw/images/elcomercio/2022/02/27/elcomercio_2022-02-27_39.jpg
2026-07-06 03:03:47,180 [INFO] src.corpus_acquisition.downloader: Downloading page 40 from https://i.prcdn.co/img?file=eaaj2022022700000052001001&page=40&scale=195&ticket=AHV1US3PSvnwJ5LdXe%2BV%2BxI%3D
2026-07-06 03:03:47,181 [INFO] src.corpus_acquisition.crawler: Downloading -> data/raw/images/elcomercio/2022/02/27/elcomercio_2022-02-27_40.jpg
2026-07-06 03:03:49,802 [INFO] src.corpus_acquisition.downloader: Downloading page 41 from https://i.prcdn.co/img?file=eaaj2022022700000052001001&page=41&scale=195&ticket=AFK0qs3QNJEQRsNes9yoewA%3D
2026-07-06 03:03:49,802 [INFO] src.corpus_acquisition.crawler: Downloading -> data/raw/images/elcomercio/2022/02/27/elcomercio_2022-02-27_41.jpg
2026-07-06 03:03:52,277 [INFO] src.corpus_acquisition.downloader: Downloading page 42 from https://i.prcdn.co/img?file=eaaj2022022700000052001001&page=42&scale=195&ticket=APdrR%2B%2BWFOU0qYn90Sp3Avo%3D
2026-07-06 03:03:52,277 [INFO] src.corpus_acquisition.crawler: Downloading -> data/raw/images/elcomercio/2022/02/27/elcomercio_2022-02-27_42.jpg
2026-07-06 03:03:54,435 [INFO] src.corpus_acquisition.downloader: Downloading page 43 from https://i.prcdn.co/img?file=eaaj2022022700000052001001&page=43&scale=195&ticket=AG3eS5W2E8LKpKuhvR7j2GE%3D
2026-07-06 03:03:54,436 [INFO] src.corpus_acquisition.crawler: Downloading -> data/raw/images/elcomercio/2022/02/27/elcomercio_2022-02-27_43.jpg
2026-07-06 03:03:56,687 [INFO] src.corpus_acquisition.downloader: Downloading page 44 from https://i.prcdn.co/img?file=eaaj2022022700000052001001&page=44&scale=195&ticket=AO%2BinM%2FXwrirzX%2Bs5g6SLZk%3D
2026-07-06 03:03:56,688 [INFO] src.corpus_acquisition.crawler: Downloading -> data/raw/images/elcomercio/2022/02/27/elcomercio_2022-02-27_44.jpg
2026-07-06 03:03:58,863 [INFO] src.corpus_acquisition.downloader: Downloading page 45 from https://i.prcdn.co/img?file=eaaj2022022700000052001001&page=45&scale=195&ticket=AFm61kHT6OS3xif5hlQ%2FaNU%3D
2026-07-06 03:03:58,863 [INFO] src.corpus_acquisition.crawler: Downloading -> data/raw/images/elcomercio/2022/02/27/elcomercio_2022-02-27_45.jpg
2026-07-06 03:04:00,987 [INFO] src.corpus_acquisition.downloader: Downloading page 46 from https://i.prcdn.co/img?file=eaaj2022022700000052001001&page=46&scale=195&ticket=AOWzyVTAEOwVud1zLsVYQ0o%3D
2026-07-06 03:04:00,987 [INFO] src.corpus_acquisition.crawler: Downloading -> data/raw/images/elcomercio/2022/02/27/elcomercio_2022-02-27_46.jpg
2026-07-06 03:04:03,612 [INFO] src.corpus_acquisition.downloader: Downloading page 47 from https://i.prcdn.co/img?file=eaaj2022022700000052001001&page=47&scale=195&ticket=ABvWe7%2Bt4IITqYjyKs58PvE%3D
2026-07-06 03:04:03,613 [INFO] src.corpus_acquisition.crawler: Downloading -> data/raw/images/elcomercio/2022/02/27/elcomercio_2022-02-27_47.jpg
2026-07-06 03:04:05,935 [INFO] src.corpus_acquisition.downloader: Downloading page 48 from https://i.prcdn.co/img?file=eaaj2022022700000052001001&page=48&scale=195&ticket=ABBi6%2F%2B6%2BSZTZtduPAgweuU%3D
2026-07-06 03:04:05,935 [INFO] src.corpus_acquisition.crawler: Downloading -> data/raw/images/elcomercio/2022/02/27/elcomercio_2022-02-27_48.jpg
2026-07-06 03:04:08,226 [INFO] src.corpus_acquisition.downloader: Downloading page 49 from https://i.prcdn.co/img?file=eaaj2022022700000052001001&page=49&scale=195&ticket=AImE5GFA7Bywmiwk5IXOXLA%3D
2026-07-06 03:04:08,226 [INFO] src.corpus_acquisition.crawler: Downloading -> data/raw/images/elcomercio/2022/02/27/elcomercio_2022-02-27_49.jpg
2026-07-06 03:04:10,390 [INFO] src.corpus_acquisition.downloader: Downloading page 50 from https://i.prcdn.co/img?file=eaaj2022022700000052001001&page=50&scale=195&ticket=AFk4MpSSc5%2Fr761fLFwIMtU%3D
2026-07-06 03:04:10,390 [INFO] src.corpus_acquisition.crawler: Downloading -> data/raw/images/elcomercio/2022/02/27/elcomercio_2022-02-27_50.jpg
2026-07-06 03:04:13,200 [INFO] src.corpus_acquisition.downloader: Downloading page 51 from https://i.prcdn.co/img?file=eaaj2022022700000052001001&page=51&scale=195&ticket=ALQnHFce3t%2BBJVThfLEgnW0%3D
2026-07-06 03:04:13,200 [INFO] src.corpus_acquisition.crawler: Downloading -> data/raw/images/elcomercio/2022/02/27/elcomercio_2022-02-27_51.jpg
2026-07-06 03:04:15,897 [INFO] src.corpus_acquisition.downloader: Downloading page 52 from https://i.prcdn.co/img?file=eaaj2022022700000052001001&page=52&scale=195&ticket=AKizzllnuY1HuORoWnc1h0Q%3D
2026-07-06 03:04:15,897 [INFO] src.corpus_acquisition.crawler: Downloading -> data/raw/images/elcomercio/2022/02/27/elcomercio_2022-02-27_52.jpg
2026-07-06 03:04:18,725 [INFO] src.corpus_acquisition.metadata_extractor: Saved metadata for 52 page(s) -> data/raw/metadata/raw_metadata.parquet (total rows: 69032)
2026-07-06 03:04:18,732 [INFO] src.corpus_acquisition.metadata_extractor: Saved crawl log -> data/raw/crawl_logs/elcomercio_2022-02-27.json (status=success)
2026-07-06 03:04:21,405 [INFO] src.corpus_acquisition.downloader: Opening archive for elcomercio on 2022-02-28
2026-07-06 03:04:27,842 [INFO] src.corpus_acquisition.downloader: Collected 7 / 1000 pages
2026-07-06 03:04:32,019 [INFO] src.corpus_acquisition.downloader: Collected 9 / 1000 pages
2026-07-06 03:04:34,110 [INFO] src.corpus_acquisition.downloader: Collected 11 / 1000 pages
2026-07-06 03:04:36,207 [INFO] src.corpus_acquisition.downloader: Collected 12 / 1000 pages
2026-07-06 03:04:38,290 [INFO] src.corpus_acquisition.downloader: Collected 15 / 1000 pages
2026-07-06 03:04:40,376 [INFO] src.corpus_acquisition.downloader: Collected 16 / 1000 pages
2026-07-06 03:04:42,478 [INFO] src.corpus_acquisition.downloader: Collected 17 / 1000 pages
2026-07-06 03:04:44,573 [INFO] src.corpus_acquisition.downloader: Collected 21 / 1000 pages
2026-07-06 03:04:46,657 [INFO] src.corpus_acquisition.downloader: Collected 23 / 1000 pages
2026-07-06 03:04:48,740 [INFO] src.corpus_acquisition.downloader: Collected 25 / 1000 pages
2026-07-06 03:04:50,825 [INFO] src.corpus_acquisition.downloader: Collected 27 / 1000 pages
2026-07-06 03:04:52,929 [INFO] src.corpus_acquisition.downloader: Collected 28 / 1000 pages
2026-07-06 03:04:55,027 [INFO] src.corpus_acquisition.downloader: Collected 31 / 1000 pages
2026-07-06 03:04:57,127 [INFO] src.corpus_acquisition.downloader: Collected 33 / 1000 pages
2026-07-06 03:04:59,228 [INFO] src.corpus_acquisition.downloader: Collected 35 / 1000 pages
2026-07-06 03:05:01,325 [INFO] src.corpus_acquisition.downloader: Collected 37 / 1000 pages
2026-07-06 03:05:03,421 [INFO] src.corpus_acquisition.downloader: Collected 39 / 1000 pages
2026-07-06 03:05:05,509 [INFO] src.corpus_acquisition.downloader: Collected 41 / 1000 pages
2026-07-06 03:05:07,608 [INFO] src.corpus_acquisition.downloader: Collected 43 / 1000 pages
2026-07-06 03:05:09,714 [INFO] src.corpus_acquisition.downloader: Collected 44 / 1000 pages
2026-07-06 03:05:16,028 [WARNING] src.corpus_acquisition.downloader: No new pages found after 3 attempts; stopping with 44 page(s).
2026-07-06 03:05:16,064 [INFO] src.corpus_acquisition.downloader: Page 1 already downloaded, skipping.
2026-07-06 03:05:16,064 [INFO] src.corpus_acquisition.downloader: Downloading page 2 from https://i.prcdn.co/img?file=eaaj2022022800000000001001&page=2&scale=195&ticket=ANhxZ1NIiRc0uTgmR42RSkA%3D
2026-07-06 03:05:16,065 [INFO] src.corpus_acquisition.crawler: Downloading -> data/raw/images/elcomercio/2022/02/28/elcomercio_2022-02-28_2.jpg
2026-07-06 03:05:18,749 [INFO] src.corpus_acquisition.downloader: Downloading page 3 from https://i.prcdn.co/img?file=eaaj2022022800000000001001&page=3&scale=195&ticket=AC8k5%2Bv%2BdXSglWGUXdUnA0o%3D
2026-07-06 03:05:18,750 [INFO] src.corpus_acquisition.crawler: Downloading -> data/raw/images/elcomercio/2022/02/28/elcomercio_2022-02-28_3.jpg
2026-07-06 03:05:21,102 [INFO] src.corpus_acquisition.downloader: Downloading page 4 from https://i.prcdn.co/img?file=eaaj2022022800000000001001&page=4&scale=195&ticket=AN6XBfvimG83MtxO2GLFBBU%3D
2026-07-06 03:05:21,102 [INFO] src.corpus_acquisition.crawler: Downloading -> data/raw/images/elcomercio/2022/02/28/elcomercio_2022-02-28_4.jpg
2026-07-06 03:05:23,432 [INFO] src.corpus_acquisition.downloader: Downloading page 5 from https://i.prcdn.co/img?file=eaaj2022022800000000001001&page=5&scale=195&ticket=AOVz0EKoTTlyYWAeRfrvFxA%3D
2026-07-06 03:05:23,433 [INFO] src.corpus_acquisition.crawler: Downloading -> data/raw/images/elcomercio/2022/02/28/elcomercio_2022-02-28_5.jpg
2026-07-06 03:05:26,196 [INFO] src.corpus_acquisition.downloader: Downloading page 6 from https://i.prcdn.co/img?file=eaaj2022022800000000001001&page=6&scale=195&ticket=AKDIAx8ze2q0PcL901QIQrE%3D
2026-07-06 03:05:26,197 [INFO] src.corpus_acquisition.crawler: Downloading -> data/raw/images/elcomercio/2022/02/28/elcomercio_2022-02-28_6.jpg
2026-07-06 03:05:29,526 [INFO] src.corpus_acquisition.downloader: Downloading page 7 from https://i.prcdn.co/img?file=eaaj2022022800000000001001&page=7&scale=195&ticket=AJ0Dsp0JWWNMOs%2FawAwX6Js%3D
2026-07-06 03:05:29,526 [INFO] src.corpus_acquisition.crawler: Downloading -> data/raw/images/elcomercio/2022/02/28/elcomercio_2022-02-28_7.jpg
2026-07-06 03:05:31,932 [INFO] src.corpus_acquisition.downloader: Downloading page 8 from https://i.prcdn.co/img?file=eaaj2022022800000000001001&page=8&scale=195&ticket=AObrz%2Bu1PoiHxljP%2Bxtwza8%3D
2026-07-06 03:05:31,932 [INFO] src.corpus_acquisition.crawler: Downloading -> data/raw/images/elcomercio/2022/02/28/elcomercio_2022-02-28_8.jpg
2026-07-06 03:05:34,362 [INFO] src.corpus_acquisition.downloader: Downloading page 9 from https://i.prcdn.co/img?file=eaaj2022022800000000001001&page=9&scale=195&ticket=AOEjSoEN0kyETaaZpEz%2BV2I%3D
2026-07-06 03:05:34,363 [INFO] src.corpus_acquisition.crawler: Downloading -> data/raw/images/elcomercio/2022/02/28/elcomercio_2022-02-28_9.jpg
2026-07-06 03:05:36,414 [INFO] src.corpus_acquisition.downloader: Downloading page 10 from https://i.prcdn.co/img?file=eaaj2022022800000000001001&page=10&scale=195&ticket=AFru1A6N7GQrkek0xq2%2FiUc%3D
2026-07-06 03:05:36,414 [INFO] src.corpus_acquisition.crawler: Downloading -> data/raw/images/elcomercio/2022/02/28/elcomercio_2022-02-28_10.jpg
2026-07-06 03:05:39,360 [INFO] src.corpus_acquisition.downloader: Downloading page 11 from https://i.prcdn.co/img?file=eaaj2022022800000000001001&page=11&scale=195&ticket=AFIY878XAZMAiI%2BIWlQECtI%3D
2026-07-06 03:05:39,360 [INFO] src.corpus_acquisition.crawler: Downloading -> data/raw/images/elcomercio/2022/02/28/elcomercio_2022-02-28_11.jpg
2026-07-06 03:05:41,647 [INFO] src.corpus_acquisition.downloader: Downloading page 12 from https://i.prcdn.co/img?file=eaaj2022022800000000001001&page=12&scale=195&ticket=AE1atmtKQM3%2B8gw2c0ItRQ8%3D
2026-07-06 03:05:41,647 [INFO] src.corpus_acquisition.crawler: Downloading -> data/raw/images/elcomercio/2022/02/28/elcomercio_2022-02-28_12.jpg
2026-07-06 03:05:44,011 [INFO] src.corpus_acquisition.downloader: Downloading page 13 from https://i.prcdn.co/img?file=eaaj2022022800000000001001&page=13&scale=195&ticket=AEOMoutFYecGKQBCggnx3Z4%3D
2026-07-06 03:05:44,011 [INFO] src.corpus_acquisition.crawler: Downloading -> data/raw/images/elcomercio/2022/02/28/elcomercio_2022-02-28_13.jpg
2026-07-06 03:05:46,239 [INFO] src.corpus_acquisition.downloader: Downloading page 14 from https://i.prcdn.co/img?file=eaaj2022022800000000001001&page=14&scale=195&ticket=AJOYYGfwlj9T39B52ciJC5w%3D
2026-07-06 03:05:46,239 [INFO] src.corpus_acquisition.crawler: Downloading -> data/raw/images/elcomercio/2022/02/28/elcomercio_2022-02-28_14.jpg
2026-07-06 03:05:48,606 [INFO] src.corpus_acquisition.downloader: Downloading page 15 from https://i.prcdn.co/img?file=eaaj2022022800000000001001&page=15&scale=195&ticket=ADhtorJxgB65bDonGnficQc%3D
2026-07-06 03:05:48,607 [INFO] src.corpus_acquisition.crawler: Downloading -> data/raw/images/elcomercio/2022/02/28/elcomercio_2022-02-28_15.jpg
2026-07-06 03:05:51,254 [INFO] src.corpus_acquisition.downloader: Downloading page 16 from https://i.prcdn.co/img?file=eaaj2022022800000000001001&page=16&scale=195&ticket=AKyBy5MbOoJ3Mp%2FCK9chaJ8%3D
2026-07-06 03:05:51,254 [INFO] src.corpus_acquisition.crawler: Downloading -> data/raw/images/elcomercio/2022/02/28/elcomercio_2022-02-28_16.jpg
2026-07-06 03:05:53,561 [INFO] src.corpus_acquisition.downloader: Downloading page 17 from https://i.prcdn.co/img?file=eaaj2022022800000000001001&page=17&scale=195&ticket=AB4AKYTAWLvCWxjFQPz0FaQ%3D
2026-07-06 03:05:53,562 [INFO] src.corpus_acquisition.crawler: Downloading -> data/raw/images/elcomercio/2022/02/28/elcomercio_2022-02-28_17.jpg
2026-07-06 03:05:56,396 [INFO] src.corpus_acquisition.downloader: Downloading page 18 from https://i.prcdn.co/img?file=eaaj2022022800000000001001&page=18&scale=195&ticket=AE2OJmp%2Bu7o7vk5VVfaFk9s%3D
2026-07-06 03:05:56,397 [INFO] src.corpus_acquisition.crawler: Downloading -> data/raw/images/elcomercio/2022/02/28/elcomercio_2022-02-28_18.jpg
2026-07-06 03:05:59,182 [INFO] src.corpus_acquisition.downloader: Downloading page 19 from https://i.prcdn.co/img?file=eaaj2022022800000000001001&page=19&scale=195&ticket=ABdx%2BCHksjKALpUQMDWrXZM%3D
2026-07-06 03:05:59,182 [INFO] src.corpus_acquisition.crawler: Downloading -> data/raw/images/elcomercio/2022/02/28/elcomercio_2022-02-28_19.jpg
2026-07-06 03:06:01,183 [INFO] src.corpus_acquisition.downloader: Downloading page 20 from https://i.prcdn.co/img?file=eaaj2022022800000000001001&page=20&scale=195&ticket=AAkf%2Bafe8GriraFH1bZu0kE%3D
2026-07-06 03:06:01,184 [INFO] src.corpus_acquisition.crawler: Downloading -> data/raw/images/elcomercio/2022/02/28/elcomercio_2022-02-28_20.jpg
2026-07-06 03:06:03,676 [INFO] src.corpus_acquisition.downloader: Downloading page 21 from https://i.prcdn.co/img?file=eaaj2022022800000000001001&page=21&scale=195&ticket=ACnKcmiLXIFD%2F02pWfpjK2o%3D
2026-07-06 03:06:03,677 [INFO] src.corpus_acquisition.crawler: Downloading -> data/raw/images/elcomercio/2022/02/28/elcomercio_2022-02-28_21.jpg
2026-07-06 03:06:05,992 [INFO] src.corpus_acquisition.downloader: Downloading page 22 from https://i.prcdn.co/img?file=eaaj2022022800000000001001&page=22&scale=195&ticket=ABALDlSlmU3B9iW%2FsAirCsg%3D
2026-07-06 03:06:05,993 [INFO] src.corpus_acquisition.crawler: Downloading -> data/raw/images/elcomercio/2022/02/28/elcomercio_2022-02-28_22.jpg
2026-07-06 03:06:08,091 [INFO] src.corpus_acquisition.downloader: Downloading page 23 from https://i.prcdn.co/img?file=eaaj2022022800000000001001&page=23&scale=195&ticket=AIihhAL4IP%2B4UAr7LGwtHiQ%3D
2026-07-06 03:06:08,091 [INFO] src.corpus_acquisition.crawler: Downloading -> data/raw/images/elcomercio/2022/02/28/elcomercio_2022-02-28_23.jpg
2026-07-06 03:06:10,998 [INFO] src.corpus_acquisition.downloader: Downloading page 24 from https://i.prcdn.co/img?file=eaaj2022022800000000001001&page=24&scale=195&ticket=AKOUdFMx6bYpyGPW3qWiMqA%3D
2026-07-06 03:06:10,998 [INFO] src.corpus_acquisition.crawler: Downloading -> data/raw/images/elcomercio/2022/02/28/elcomercio_2022-02-28_24.jpg
2026-07-06 03:06:13,507 [INFO] src.corpus_acquisition.downloader: Downloading page 25 from https://i.prcdn.co/img?file=eaaj2022022800000000001001&page=25&scale=195&ticket=AJ%2FoD5QFzHzO%2Fe0tW7%2BT7BM%3D
2026-07-06 03:06:13,507 [INFO] src.corpus_acquisition.crawler: Downloading -> data/raw/images/elcomercio/2022/02/28/elcomercio_2022-02-28_25.jpg
2026-07-06 03:06:15,493 [INFO] src.corpus_acquisition.downloader: Downloading page 26 from https://i.prcdn.co/img?file=eaaj2022022800000000001001&page=26&scale=195&ticket=ALWy4QTghRx7KqBi4rb3XZQ%3D
2026-07-06 03:06:15,493 [INFO] src.corpus_acquisition.crawler: Downloading -> data/raw/images/elcomercio/2022/02/28/elcomercio_2022-02-28_26.jpg
2026-07-06 03:06:18,127 [INFO] src.corpus_acquisition.downloader: Downloading page 27 from https://i.prcdn.co/img?file=eaaj2022022800000000001001&page=27&scale=195&ticket=AIq24e6ho%2BPNuUYN0Fn6S%2Bs%3D
2026-07-06 03:06:18,128 [INFO] src.corpus_acquisition.crawler: Downloading -> data/raw/images/elcomercio/2022/02/28/elcomercio_2022-02-28_27.jpg
2026-07-06 03:06:21,496 [INFO] src.corpus_acquisition.downloader: Downloading page 28 from https://i.prcdn.co/img?file=eaaj2022022800000000001001&page=28&scale=195&ticket=AKCL9T8N6%2FcCcCumvS2cIVM%3D
2026-07-06 03:06:21,497 [INFO] src.corpus_acquisition.crawler: Downloading -> data/raw/images/elcomercio/2022/02/28/elcomercio_2022-02-28_28.jpg
2026-07-06 03:06:24,022 [INFO] src.corpus_acquisition.downloader: Downloading page 29 from https://i.prcdn.co/img?file=eaaj2022022800000000001001&page=29&scale=195&ticket=AIUTXVcHRksj1vdJKKPeJtc%3D
2026-07-06 03:06:24,023 [INFO] src.corpus_acquisition.crawler: Downloading -> data/raw/images/elcomercio/2022/02/28/elcomercio_2022-02-28_29.jpg
2026-07-06 03:06:26,220 [INFO] src.corpus_acquisition.downloader: Downloading page 30 from https://i.prcdn.co/img?file=eaaj2022022800000000001001&page=30&scale=195&ticket=AM8lFxJ%2FrxUrWj24Gwr2OKs%3D
2026-07-06 03:06:26,220 [INFO] src.corpus_acquisition.crawler: Downloading -> data/raw/images/elcomercio/2022/02/28/elcomercio_2022-02-28_30.jpg
2026-07-06 03:06:28,844 [INFO] src.corpus_acquisition.downloader: Downloading page 31 from https://i.prcdn.co/img?file=eaaj2022022800000000001001&page=31&scale=195&ticket=AO36QVs4OpAyGOeDM8Kq6U0%3D
2026-07-06 03:06:28,844 [INFO] src.corpus_acquisition.crawler: Downloading -> data/raw/images/elcomercio/2022/02/28/elcomercio_2022-02-28_31.jpg
2026-07-06 03:06:30,926 [INFO] src.corpus_acquisition.downloader: Downloading page 32 from https://i.prcdn.co/img?file=eaaj2022022800000000001001&page=32&scale=195&ticket=AB3pxGjJDZlEqWJH7%2FWa4%2F4%3D
2026-07-06 03:06:30,926 [INFO] src.corpus_acquisition.crawler: Downloading -> data/raw/images/elcomercio/2022/02/28/elcomercio_2022-02-28_32.jpg
2026-07-06 03:06:33,718 [INFO] src.corpus_acquisition.downloader: Downloading page 33 from https://i.prcdn.co/img?file=eaaj2022022800000000001001&page=33&scale=195&ticket=APXnqeKUaZZpbcLOh7AfvaE%3D
2026-07-06 03:06:33,718 [INFO] src.corpus_acquisition.crawler: Downloading -> data/raw/images/elcomercio/2022/02/28/elcomercio_2022-02-28_33.jpg
2026-07-06 03:06:36,195 [INFO] src.corpus_acquisition.downloader: Downloading page 34 from https://i.prcdn.co/img?file=eaaj2022022800000000001001&page=34&scale=195&ticket=AHd%2FqrBBSCvxT6KriF8UHo8%3D
2026-07-06 03:06:36,195 [INFO] src.corpus_acquisition.crawler: Downloading -> data/raw/images/elcomercio/2022/02/28/elcomercio_2022-02-28_34.jpg
2026-07-06 03:06:38,360 [INFO] src.corpus_acquisition.downloader: Downloading page 35 from https://i.prcdn.co/img?file=eaaj2022022800000000001001&page=35&scale=195&ticket=AEjXAZxeE%2BhkUlaMVbTPyvM%3D
2026-07-06 03:06:38,360 [INFO] src.corpus_acquisition.crawler: Downloading -> data/raw/images/elcomercio/2022/02/28/elcomercio_2022-02-28_35.jpg
2026-07-06 03:06:40,437 [INFO] src.corpus_acquisition.downloader: Downloading page 36 from https://i.prcdn.co/img?file=eaaj2022022800000000001001&page=36&scale=195&ticket=AAHXvg8LbFplaCZebCkplE4%3D
2026-07-06 03:06:40,438 [INFO] src.corpus_acquisition.crawler: Downloading -> data/raw/images/elcomercio/2022/02/28/elcomercio_2022-02-28_36.jpg
2026-07-06 03:06:42,142 [INFO] src.corpus_acquisition.downloader: Downloading page 37 from https://i.prcdn.co/img?file=eaaj2022022800000000001001&page=37&scale=195&ticket=AG1FvPkTyFOpA3c2CnqoU%2Bk%3D
2026-07-06 03:06:42,142 [INFO] src.corpus_acquisition.crawler: Downloading -> data/raw/images/elcomercio/2022/02/28/elcomercio_2022-02-28_37.jpg
2026-07-06 03:06:43,870 [INFO] src.corpus_acquisition.downloader: Downloading page 38 from https://i.prcdn.co/img?file=eaaj2022022800000000001001&page=38&scale=195&ticket=AFKhSyM%2FYQbkzXdU4eBZHQw%3D
2026-07-06 03:06:43,871 [INFO] src.corpus_acquisition.crawler: Downloading -> data/raw/images/elcomercio/2022/02/28/elcomercio_2022-02-28_38.jpg
2026-07-06 03:06:46,123 [INFO] src.corpus_acquisition.downloader: Downloading page 39 from https://i.prcdn.co/img?file=eaaj2022022800000000001001&page=39&scale=195&ticket=AGwAzshvzjgiqpNU5e4Yn5I%3D
2026-07-06 03:06:46,124 [INFO] src.corpus_acquisition.crawler: Downloading -> data/raw/images/elcomercio/2022/02/28/elcomercio_2022-02-28_39.jpg
2026-07-06 03:06:49,256 [INFO] src.corpus_acquisition.downloader: Downloading page 40 from https://i.prcdn.co/img?file=eaaj2022022800000000001001&page=40&scale=195&ticket=AEv4hhXWczo6auMP5o33nQ4%3D
2026-07-06 03:06:49,257 [INFO] src.corpus_acquisition.crawler: Downloading -> data/raw/images/elcomercio/2022/02/28/elcomercio_2022-02-28_40.jpg
2026-07-06 03:06:51,194 [INFO] src.corpus_acquisition.downloader: Downloading page 41 from https://i.prcdn.co/img?file=eaaj2022022800000000001001&page=41&scale=195&ticket=ANtcKSMh6790AFJbayEzUHA%3D
2026-07-06 03:06:51,194 [INFO] src.corpus_acquisition.crawler: Downloading -> data/raw/images/elcomercio/2022/02/28/elcomercio_2022-02-28_41.jpg
2026-07-06 03:06:53,176 [INFO] src.corpus_acquisition.downloader: Downloading page 42 from https://i.prcdn.co/img?file=eaaj2022022800000000001001&page=42&scale=195&ticket=ANF8j4UmZY13BQMVsRAvUzs%3D
2026-07-06 03:06:53,176 [INFO] src.corpus_acquisition.crawler: Downloading -> data/raw/images/elcomercio/2022/02/28/elcomercio_2022-02-28_42.jpg
2026-07-06 03:06:55,583 [INFO] src.corpus_acquisition.downloader: Downloading page 43 from https://i.prcdn.co/img?file=eaaj2022022800000000001001&page=43&scale=195&ticket=ABvbUbCjl7b9M%2Fk%2BnrQ%2F38E%3D
2026-07-06 03:06:55,583 [INFO] src.corpus_acquisition.crawler: Downloading -> data/raw/images/elcomercio/2022/02/28/elcomercio_2022-02-28_43.jpg
2026-07-06 03:06:57,715 [INFO] src.corpus_acquisition.downloader: Downloading page 44 from https://i.prcdn.co/img?file=eaaj2022022800000000001001&page=44&scale=195&ticket=AJds15IHtA%2BmdeRJL3XQL%2FU%3D
2026-07-06 03:06:57,715 [INFO] src.corpus_acquisition.crawler: Downloading -> data/raw/images/elcomercio/2022/02/28/elcomercio_2022-02-28_44.jpg
2026-07-06 03:07:00,431 [INFO] src.corpus_acquisition.metadata_extractor: Saved metadata for 43 page(s) -> data/raw/metadata/raw_metadata.parquet (total rows: 69075)
2026-07-06 03:07:00,434 [INFO] src.corpus_acquisition.metadata_extractor: Saved crawl log -> data/raw/crawl_logs/elcomercio_2022-02-28.json (status=success)
2026-07-06 03:07:02,676 [INFO] src.corpus_acquisition.downloader: Skipping elcomercio on 2022-03-01: already crawled successfully.
2026-07-06 03:07:02,678 [INFO] src.corpus_acquisition.downloader: Skipping elcomercio on 2022-03-02: already crawled successfully.
2026-07-06 03:07:02,680 [INFO] src.corpus_acquisition.downloader: Skipping elcomercio on 2022-03-03: already crawled successfully.
2026-07-06 03:07:02,681 [INFO] src.corpus_acquisition.downloader: Skipping elcomercio on 2022-03-04: already crawled successfully.
2026-07-06 03:07:02,684 [INFO] src.corpus_acquisition.downloader: Skipping elcomercio on 2022-03-05: already crawled successfully.
2026-07-06 03:07:02,686 [INFO] src.corpus_acquisition.downloader: Skipping elcomercio on 2022-03-06: already crawled successfully.
2026-07-06 03:07:02,688 [INFO] src.corpus_acquisition.downloader: Skipping elcomercio on 2022-03-07: already crawled successfully.
2026-07-06 03:07:02,689 [INFO] src.corpus_acquisition.downloader: Skipping elcomercio on 2022-03-08: already crawled successfully.
2026-07-06 03:07:02,691 [INFO] src.corpus_acquisition.downloader: Skipping elcomercio on 2022-03-09: already crawled successfully.
2026-07-06 03:07:02,692 [INFO] src.corpus_acquisition.downloader: Skipping elcomercio on 2022-03-10: already crawled successfully.
2026-07-06 03:07:02,694 [INFO] src.corpus_acquisition.downloader: Skipping elcomercio on 2022-03-11: already crawled successfully.
2026-07-06 03:07:02,695 [INFO] src.corpus_acquisition.downloader: Skipping elcomercio on 2022-03-12: already crawled successfully.
2026-07-06 03:07:02,697 [INFO] src.corpus_acquisition.downloader: Skipping elcomercio on 2022-03-13: already crawled successfully.
2026-07-06 03:07:02,699 [INFO] src.corpus_acquisition.downloader: Skipping elcomercio on 2022-03-14: already crawled successfully.
2026-07-06 03:07:02,700 [INFO] src.corpus_acquisition.downloader: Skipping elcomercio on 2022-03-15: already crawled successfully.
2026-07-06 03:07:02,701 [INFO] src.corpus_acquisition.downloader: Skipping elcomercio on 2022-03-16: already crawled successfully.
2026-07-06 03:07:02,703 [INFO] src.corpus_acquisition.downloader: Skipping elcomercio on 2022-03-17: already crawled successfully.
2026-07-06 03:07:02,705 [INFO] src.corpus_acquisition.downloader: Skipping elcomercio on 2022-03-18: already crawled successfully.
2026-07-06 03:07:02,707 [INFO] src.corpus_acquisition.downloader: Skipping elcomercio on 2022-03-19: already crawled successfully.
2026-07-06 03:07:02,709 [INFO] src.corpus_acquisition.downloader: Skipping elcomercio on 2022-03-20: already crawled successfully.
2026-07-06 03:07:02,712 [INFO] src.corpus_acquisition.downloader: Skipping elcomercio on 2022-03-21: already crawled successfully.
2026-07-06 03:07:02,713 [INFO] src.corpus_acquisition.downloader: Skipping elcomercio on 2022-03-22: already crawled successfully.
2026-07-06 03:07:02,714 [INFO] src.corpus_acquisition.downloader: Skipping elcomercio on 2022-03-23: already crawled successfully.
2026-07-06 03:07:02,717 [INFO] src.corpus_acquisition.downloader: Skipping elcomercio on 2022-03-24: already crawled successfully.
2026-07-06 03:07:02,718 [INFO] src.corpus_acquisition.downloader: Skipping elcomercio on 2022-03-25: already crawled successfully.
2026-07-06 03:07:02,719 [INFO] src.corpus_acquisition.downloader: Skipping elcomercio on 2022-03-26: already crawled successfully.
2026-07-06 03:07:02,720 [INFO] src.corpus_acquisition.downloader: Skipping elcomercio on 2022-03-27: already crawled successfully.
2026-07-06 03:07:02,721 [INFO] src.corpus_acquisition.downloader: Skipping elcomercio on 2022-03-28: already crawled successfully.
2026-07-06 03:07:02,723 [INFO] src.corpus_acquisition.downloader: Skipping elcomercio on 2022-03-29: already crawled successfully.
2026-07-06 03:07:02,724 [INFO] src.corpus_acquisition.downloader: Skipping elcomercio on 2022-03-30: already crawled successfully.
2026-07-06 03:07:02,725 [INFO] src.corpus_acquisition.downloader: Skipping elcomercio on 2022-03-31: already crawled successfully.
2026-07-06 03:07:02,726 [INFO] src.corpus_acquisition.downloader: Skipping elcomercio on 2022-04-01: already crawled successfully.
2026-07-06 03:07:02,727 [INFO] src.corpus_acquisition.downloader: Skipping elcomercio on 2022-04-02: already crawled successfully.
2026-07-06 03:07:02,728 [INFO] src.corpus_acquisition.downloader: Skipping elcomercio on 2022-04-03: already crawled successfully.
2026-07-06 03:07:02,730 [INFO] src.corpus_acquisition.downloader: Skipping elcomercio on 2022-04-04: already crawled successfully.
2026-07-06 03:07:02,731 [INFO] src.corpus_acquisition.downloader: Skipping elcomercio on 2022-04-05: already crawled successfully.
2026-07-06 03:07:02,732 [INFO] src.corpus_acquisition.downloader: Skipping elcomercio on 2022-04-06: already crawled successfully.
2026-07-06 03:07:02,733 [INFO] src.corpus_acquisition.downloader: Skipping elcomercio on 2022-04-07: already crawled successfully.
2026-07-06 03:07:02,734 [INFO] src.corpus_acquisition.downloader: Skipping elcomercio on 2022-04-08: already crawled successfully.
2026-07-06 03:07:02,736 [INFO] src.corpus_acquisition.downloader: Skipping elcomercio on 2022-04-09: already crawled successfully.
2026-07-06 03:07:02,737 [INFO] src.corpus_acquisition.downloader: Skipping elcomercio on 2022-04-10: already crawled successfully.
2026-07-06 03:07:02,738 [INFO] src.corpus_acquisition.downloader: Skipping elcomercio on 2022-04-11: already crawled successfully.
2026-07-06 03:07:02,739 [INFO] src.corpus_acquisition.downloader: Skipping elcomercio on 2022-04-12: already crawled successfully.
2026-07-06 03:07:02,740 [INFO] src.corpus_acquisition.downloader: Skipping elcomercio on 2022-04-13: already crawled successfully.
2026-07-06 03:07:02,741 [INFO] src.corpus_acquisition.downloader: Skipping elcomercio on 2022-04-14: already crawled successfully.
2026-07-06 03:07:02,743 [INFO] src.corpus_acquisition.downloader: Skipping elcomercio on 2022-04-15: already crawled successfully.
2026-07-06 03:07:02,744 [INFO] src.corpus_acquisition.downloader: Skipping elcomercio on 2022-04-16: already crawled successfully.
2026-07-06 03:07:02,745 [INFO] src.corpus_acquisition.downloader: Skipping elcomercio on 2022-04-17: already crawled successfully.
2026-07-06 03:07:02,746 [INFO] src.corpus_acquisition.downloader: Skipping elcomercio on 2022-04-18: already crawled successfully.
2026-07-06 03:07:02,748 [INFO] src.corpus_acquisition.downloader: Skipping elcomercio on 2022-04-19: already crawled successfully.
2026-07-06 03:07:02,749 [INFO] src.corpus_acquisition.downloader: Skipping elcomercio on 2022-04-20: already crawled successfully.
2026-07-06 03:07:02,750 [INFO] src.corpus_acquisition.downloader: Skipping elcomercio on 2022-04-21: already crawled successfully.
2026-07-06 03:07:02,751 [INFO] src.corpus_acquisition.downloader: Skipping elcomercio on 2022-04-22: already crawled successfully.
2026-07-06 03:07:02,753 [INFO] src.corpus_acquisition.downloader: Skipping elcomercio on 2022-04-23: already crawled successfully.
2026-07-06 03:07:02,754 [INFO] src.corpus_acquisition.downloader: Skipping elcomercio on 2022-04-24: already crawled successfully.
2026-07-06 03:07:02,755 [INFO] src.corpus_acquisition.downloader: Skipping elcomercio on 2022-04-25: already crawled successfully.
2026-07-06 03:07:02,756 [INFO] src.corpus_acquisition.downloader: Skipping elcomercio on 2022-04-26: already crawled successfully.
2026-07-06 03:07:02,757 [INFO] src.corpus_acquisition.downloader: Skipping elcomercio on 2022-04-27: already crawled successfully.
2026-07-06 03:07:02,758 [INFO] src.corpus_acquisition.downloader: Skipping elcomercio on 2022-04-28: already crawled successfully.
2026-07-06 03:07:02,759 [INFO] src.corpus_acquisition.downloader: Skipping elcomercio on 2022-04-29: already crawled successfully.
2026-07-06 03:07:02,761 [INFO] src.corpus_acquisition.downloader: Skipping elcomercio on 2022-04-30: already crawled successfully.
2026-07-06 03:07:02,762 [INFO] src.corpus_acquisition.downloader: Skipping elcomercio on 2022-05-01: already crawled successfully.
2026-07-06 03:07:02,763 [INFO] src.corpus_acquisition.downloader: Skipping elcomercio on 2022-05-02: already crawled successfully.
2026-07-06 03:07:02,764 [INFO] src.corpus_acquisition.downloader: Skipping elcomercio on 2022-05-03: already crawled successfully.
2026-07-06 03:07:02,765 [INFO] src.corpus_acquisition.downloader: Skipping elcomercio on 2022-05-04: already crawled successfully.
2026-07-06 03:07:02,766 [INFO] src.corpus_acquisition.downloader: Skipping elcomercio on 2022-05-05: already crawled successfully.
2026-07-06 03:07:02,768 [INFO] src.corpus_acquisition.downloader: Skipping elcomercio on 2022-05-06: already crawled successfully.
2026-07-06 03:07:02,769 [INFO] src.corpus_acquisition.downloader: Skipping elcomercio on 2022-05-07: already crawled successfully.
2026-07-06 03:07:02,770 [INFO] src.corpus_acquisition.downloader: Skipping elcomercio on 2022-05-08: already crawled successfully.
2026-07-06 03:07:02,771 [INFO] src.corpus_acquisition.downloader: Skipping elcomercio on 2022-05-09: already crawled successfully.
2026-07-06 03:07:02,772 [INFO] src.corpus_acquisition.downloader: Skipping elcomercio on 2022-05-10: already crawled successfully.
2026-07-06 03:07:02,774 [INFO] src.corpus_acquisition.downloader: Skipping elcomercio on 2022-05-11: already crawled successfully.
2026-07-06 03:07:02,775 [INFO] src.corpus_acquisition.downloader: Skipping elcomercio on 2022-05-12: already crawled successfully.
2026-07-06 03:07:02,776 [INFO] src.corpus_acquisition.downloader: Skipping elcomercio on 2022-05-13: already crawled successfully.
2026-07-06 03:07:02,777 [INFO] src.corpus_acquisition.downloader: Skipping elcomercio on 2022-05-14: already crawled successfully.
2026-07-06 03:07:02,778 [INFO] src.corpus_acquisition.downloader: Skipping elcomercio on 2022-05-15: already crawled successfully.
2026-07-06 03:07:02,780 [INFO] src.corpus_acquisition.downloader: Skipping elcomercio on 2022-05-16: already crawled successfully.
2026-07-06 03:07:02,781 [INFO] src.corpus_acquisition.downloader: Skipping elcomercio on 2022-05-17: already crawled successfully.
2026-07-06 03:07:02,782 [INFO] src.corpus_acquisition.downloader: Skipping elcomercio on 2022-05-18: already crawled successfully.
2026-07-06 03:07:02,784 [INFO] src.corpus_acquisition.downloader: Skipping elcomercio on 2022-05-19: already crawled successfully.
2026-07-06 03:07:02,785 [INFO] src.corpus_acquisition.downloader: Skipping elcomercio on 2022-05-20: already crawled successfully.
2026-07-06 03:07:02,786 [INFO] src.corpus_acquisition.downloader: Skipping elcomercio on 2022-05-21: already crawled successfully.
2026-07-06 03:07:02,787 [INFO] src.corpus_acquisition.downloader: Skipping elcomercio on 2022-05-22: already crawled successfully.
2026-07-06 03:07:02,788 [INFO] src.corpus_acquisition.downloader: Skipping elcomercio on 2022-05-23: already crawled successfully.
2026-07-06 03:07:02,790 [INFO] src.corpus_acquisition.downloader: Skipping elcomercio on 2022-05-24: already crawled successfully.
2026-07-06 03:07:02,791 [INFO] src.corpus_acquisition.downloader: Skipping elcomercio on 2022-05-25: already crawled successfully.
2026-07-06 03:07:02,792 [INFO] src.corpus_acquisition.downloader: Skipping elcomercio on 2022-05-26: already crawled successfully.
2026-07-06 03:07:02,793 [INFO] src.corpus_acquisition.downloader: Skipping elcomercio on 2022-05-27: already crawled successfully.
2026-07-06 03:07:02,794 [INFO] src.corpus_acquisition.downloader: Skipping elcomercio on 2022-05-28: already crawled successfully.
2026-07-06 03:07:02,796 [INFO] src.corpus_acquisition.downloader: Skipping elcomercio on 2022-05-29: already crawled successfully.
2026-07-06 03:07:02,797 [INFO] src.corpus_acquisition.downloader: Skipping elcomercio on 2022-05-30: already crawled successfully.
2026-07-06 03:07:02,798 [INFO] src.corpus_acquisition.downloader: Skipping elcomercio on 2022-05-31: already crawled successfully.
2026-07-06 03:07:02,799 [INFO] src.corpus_acquisition.downloader: Skipping elcomercio on 2022-06-01: already crawled successfully.
2026-07-06 03:07:02,800 [INFO] src.corpus_acquisition.downloader: Skipping elcomercio on 2022-06-02: already crawled successfully.
2026-07-06 03:07:02,802 [INFO] src.corpus_acquisition.downloader: Skipping elcomercio on 2022-06-03: already crawled successfully.
2026-07-06 03:07:02,803 [INFO] src.corpus_acquisition.downloader: Skipping elcomercio on 2022-06-04: already crawled successfully.
2026-07-06 03:07:02,804 [INFO] src.corpus_acquisition.downloader: Skipping elcomercio on 2022-06-05: already crawled successfully.
2026-07-06 03:07:02,805 [INFO] src.corpus_acquisition.downloader: Skipping elcomercio on 2022-06-06: already crawled successfully.
2026-07-06 03:07:02,806 [INFO] src.corpus_acquisition.downloader: Skipping elcomercio on 2022-06-07: already crawled successfully.
2026-07-06 03:07:02,807 [INFO] src.corpus_acquisition.downloader: Skipping elcomercio on 2022-06-08: already crawled successfully.
2026-07-06 03:07:02,809 [INFO] src.corpus_acquisition.downloader: Skipping elcomercio on 2022-06-09: already crawled successfully.
2026-07-06 03:07:02,810 [INFO] src.corpus_acquisition.downloader: Skipping elcomercio on 2022-06-10: already crawled successfully.
2026-07-06 03:07:02,811 [INFO] src.corpus_acquisition.downloader: Skipping elcomercio on 2022-06-11: already crawled successfully.
2026-07-06 03:07:02,813 [INFO] src.corpus_acquisition.downloader: Skipping elcomercio on 2022-06-12: already crawled successfully.
2026-07-06 03:07:02,814 [INFO] src.corpus_acquisition.downloader: Skipping elcomercio on 2022-06-13: already crawled successfully.
2026-07-06 03:07:02,815 [INFO] src.corpus_acquisition.downloader: Skipping elcomercio on 2022-06-14: already crawled successfully.
2026-07-06 03:07:02,816 [INFO] src.corpus_acquisition.downloader: Skipping elcomercio on 2022-06-15: already crawled successfully.
2026-07-06 03:07:02,817 [INFO] src.corpus_acquisition.downloader: Skipping elcomercio on 2022-06-16: already crawled successfully.
2026-07-06 03:07:02,818 [INFO] src.corpus_acquisition.downloader: Skipping elcomercio on 2022-06-17: already crawled successfully.
2026-07-06 03:07:02,819 [INFO] src.corpus_acquisition.downloader: Skipping elcomercio on 2022-06-18: already crawled successfully.
2026-07-06 03:07:02,821 [INFO] src.corpus_acquisition.downloader: Skipping elcomercio on 2022-06-19: already crawled successfully.
2026-07-06 03:07:02,822 [INFO] src.corpus_acquisition.downloader: Skipping elcomercio on 2022-06-20: already crawled successfully.
2026-07-06 03:07:02,823 [INFO] src.corpus_acquisition.downloader: Skipping elcomercio on 2022-06-21: already crawled successfully.
2026-07-06 03:07:02,825 [INFO] src.corpus_acquisition.downloader: Skipping elcomercio on 2022-06-22: already crawled successfully.
2026-07-06 03:07:02,826 [INFO] src.corpus_acquisition.downloader: Skipping elcomercio on 2022-06-23: already crawled successfully.
2026-07-06 03:07:02,827 [INFO] src.corpus_acquisition.downloader: Skipping elcomercio on 2022-06-24: already crawled successfully.
2026-07-06 03:07:02,828 [INFO] src.corpus_acquisition.downloader: Skipping elcomercio on 2022-06-25: already crawled successfully.
2026-07-06 03:07:02,829 [INFO] src.corpus_acquisition.downloader: Skipping elcomercio on 2022-06-26: already crawled successfully.
2026-07-06 03:07:02,830 [INFO] src.corpus_acquisition.downloader: Skipping elcomercio on 2022-06-27: already crawled successfully.
2026-07-06 03:07:02,832 [INFO] src.corpus_acquisition.downloader: Skipping elcomercio on 2022-06-28: already crawled successfully.
2026-07-06 03:07:02,833 [INFO] src.corpus_acquisition.downloader: Skipping elcomercio on 2022-06-29: already crawled successfully.
2026-07-06 03:07:02,834 [INFO] src.corpus_acquisition.downloader: Skipping elcomercio on 2022-06-30: already crawled successfully.
2026-07-06 03:07:02,835 [INFO] src.corpus_acquisition.downloader: Skipping elcomercio on 2022-07-01: already crawled successfully.
2026-07-06 03:07:02,836 [INFO] src.corpus_acquisition.downloader: Skipping elcomercio on 2022-07-02: already crawled successfully.
2026-07-06 03:07:02,837 [INFO] src.corpus_acquisition.downloader: Skipping elcomercio on 2022-07-03: already crawled successfully.
2026-07-06 03:07:02,838 [INFO] src.corpus_acquisition.downloader: Skipping elcomercio on 2022-07-04: already crawled successfully.
2026-07-06 03:07:02,840 [INFO] src.corpus_acquisition.downloader: Skipping elcomercio on 2022-07-05: already crawled successfully.
2026-07-06 03:07:02,841 [INFO] src.corpus_acquisition.downloader: Skipping elcomercio on 2022-07-06: already crawled successfully.
2026-07-06 03:07:02,842 [INFO] src.corpus_acquisition.downloader: Skipping elcomercio on 2022-07-07: already crawled successfully.
2026-07-06 03:07:02,844 [INFO] src.corpus_acquisition.downloader: Skipping elcomercio on 2022-07-08: already crawled successfully.
2026-07-06 03:07:02,845 [INFO] src.corpus_acquisition.downloader: Skipping elcomercio on 2022-07-09: already crawled successfully.
2026-07-06 03:07:02,846 [INFO] src.corpus_acquisition.downloader: Skipping elcomercio on 2022-07-10: already crawled successfully.
2026-07-06 03:07:02,847 [INFO] src.corpus_acquisition.downloader: Skipping elcomercio on 2022-07-11: already crawled successfully.
2026-07-06 03:07:02,848 [INFO] src.corpus_acquisition.downloader: Skipping elcomercio on 2022-07-12: already crawled successfully.
2026-07-06 03:07:02,849 [INFO] src.corpus_acquisition.downloader: Skipping elcomercio on 2022-07-13: already crawled successfully.
2026-07-06 03:07:02,851 [INFO] src.corpus_acquisition.downloader: Skipping elcomercio on 2022-07-14: already crawled successfully.
2026-07-06 03:07:02,852 [INFO] src.corpus_acquisition.downloader: Skipping elcomercio on 2022-07-15: already crawled successfully.
2026-07-06 03:07:02,853 [INFO] src.corpus_acquisition.downloader: Skipping elcomercio on 2022-07-16: already crawled successfully.
2026-07-06 03:07:02,854 [INFO] src.corpus_acquisition.downloader: Skipping elcomercio on 2022-07-17: already crawled successfully.
2026-07-06 03:07:02,855 [INFO] src.corpus_acquisition.downloader: Skipping elcomercio on 2022-07-18: already crawled successfully.
2026-07-06 03:07:02,857 [INFO] src.corpus_acquisition.downloader: Skipping elcomercio on 2022-07-19: already crawled successfully.
2026-07-06 03:07:02,858 [INFO] src.corpus_acquisition.downloader: Skipping elcomercio on 2022-07-20: already crawled successfully.
2026-07-06 03:07:02,859 [INFO] src.corpus_acquisition.downloader: Skipping elcomercio on 2022-07-21: already crawled successfully.
2026-07-06 03:07:02,860 [INFO] src.corpus_acquisition.downloader: Skipping elcomercio on 2022-07-22: already crawled successfully.
2026-07-06 03:07:02,861 [INFO] src.corpus_acquisition.downloader: Skipping elcomercio on 2022-07-23: already crawled successfully.
2026-07-06 03:07:02,863 [INFO] src.corpus_acquisition.downloader: Skipping elcomercio on 2022-07-24: already crawled successfully.
2026-07-06 03:07:02,864 [INFO] src.corpus_acquisition.downloader: Skipping elcomercio on 2022-07-25: already crawled successfully.
2026-07-06 03:07:02,865 [INFO] src.corpus_acquisition.downloader: Skipping elcomercio on 2022-07-26: already crawled successfully.
2026-07-06 03:07:02,866 [INFO] src.corpus_acquisition.downloader: Skipping elcomercio on 2022-07-27: already crawled successfully.
2026-07-06 03:07:02,868 [INFO] src.corpus_acquisition.downloader: Skipping elcomercio on 2022-07-28: already crawled successfully.
2026-07-06 03:07:02,869 [INFO] src.corpus_acquisition.downloader: Skipping elcomercio on 2022-07-29: already crawled successfully.
2026-07-06 03:07:02,870 [INFO] src.corpus_acquisition.downloader: Skipping elcomercio on 2022-07-30: already crawled successfully.
2026-07-06 03:07:02,871 [INFO] src.corpus_acquisition.downloader: Skipping elcomercio on 2022-07-31: already crawled successfully.
2026-07-06 03:07:02,873 [INFO] src.corpus_acquisition.downloader: Skipping elcomercio on 2022-08-01: already crawled successfully.
2026-07-06 03:07:02,874 [INFO] src.corpus_acquisition.downloader: Skipping elcomercio on 2022-08-02: already crawled successfully.
2026-07-06 03:07:02,875 [INFO] src.corpus_acquisition.downloader: Skipping elcomercio on 2022-08-03: already crawled successfully.
2026-07-06 03:07:02,876 [INFO] src.corpus_acquisition.downloader: Skipping elcomercio on 2022-08-04: already crawled successfully.
2026-07-06 03:07:02,878 [INFO] src.corpus_acquisition.downloader: Skipping elcomercio on 2022-08-05: already crawled successfully.
2026-07-06 03:07:02,879 [INFO] src.corpus_acquisition.downloader: Skipping elcomercio on 2022-08-06: already crawled successfully.
2026-07-06 03:07:02,880 [INFO] src.corpus_acquisition.downloader: Skipping elcomercio on 2022-08-07: already crawled successfully.
2026-07-06 03:07:02,881 [INFO] src.corpus_acquisition.downloader: Skipping elcomercio on 2022-08-08: already crawled successfully.
2026-07-06 03:07:02,883 [INFO] src.corpus_acquisition.downloader: Skipping elcomercio on 2022-08-09: already crawled successfully.
2026-07-06 03:07:02,884 [INFO] src.corpus_acquisition.downloader: Skipping elcomercio on 2022-08-10: already crawled successfully.
2026-07-06 03:07:02,886 [INFO] src.corpus_acquisition.downloader: Skipping elcomercio on 2022-08-11: already crawled successfully.
2026-07-06 03:07:02,887 [INFO] src.corpus_acquisition.downloader: Skipping elcomercio on 2022-08-12: already crawled successfully.
2026-07-06 03:07:02,888 [INFO] src.corpus_acquisition.downloader: Skipping elcomercio on 2022-08-13: already crawled successfully.
2026-07-06 03:07:02,890 [INFO] src.corpus_acquisition.downloader: Skipping elcomercio on 2022-08-14: already crawled successfully.
2026-07-06 03:07:02,891 [INFO] src.corpus_acquisition.downloader: Skipping elcomercio on 2022-08-15: already crawled successfully.
2026-07-06 03:07:02,892 [INFO] src.corpus_acquisition.downloader: Skipping elcomercio on 2022-08-16: already crawled successfully.
2026-07-06 03:07:02,894 [INFO] src.corpus_acquisition.downloader: Skipping elcomercio on 2022-08-17: already crawled successfully.
2026-07-06 03:07:02,895 [INFO] src.corpus_acquisition.downloader: Skipping elcomercio on 2022-08-18: already crawled successfully.
2026-07-06 03:07:02,896 [INFO] src.corpus_acquisition.downloader: Skipping elcomercio on 2022-08-19: already crawled successfully.
2026-07-06 03:07:02,897 [INFO] src.corpus_acquisition.downloader: Skipping elcomercio on 2022-08-20: already crawled successfully.
2026-07-06 03:07:02,898 [INFO] src.corpus_acquisition.downloader: Skipping elcomercio on 2022-08-21: already crawled successfully.
2026-07-06 03:07:02,899 [INFO] src.corpus_acquisition.downloader: Skipping elcomercio on 2022-08-22: already crawled successfully.
2026-07-06 03:07:02,900 [INFO] src.corpus_acquisition.downloader: Skipping elcomercio on 2022-08-23: already crawled successfully.
2026-07-06 03:07:02,902 [INFO] src.corpus_acquisition.downloader: Skipping elcomercio on 2022-08-24: already crawled successfully.
2026-07-06 03:07:02,903 [INFO] src.corpus_acquisition.downloader: Skipping elcomercio on 2022-08-25: already crawled successfully.
2026-07-06 03:07:02,904 [INFO] src.corpus_acquisition.downloader: Skipping elcomercio on 2022-08-26: already crawled successfully.
2026-07-06 03:07:02,906 [INFO] src.corpus_acquisition.downloader: Skipping elcomercio on 2022-08-27: already crawled successfully.
2026-07-06 03:07:02,907 [INFO] src.corpus_acquisition.downloader: Skipping elcomercio on 2022-08-28: already crawled successfully.
2026-07-06 03:07:02,908 [INFO] src.corpus_acquisition.downloader: Skipping elcomercio on 2022-08-29: already crawled successfully.
2026-07-06 03:07:02,909 [INFO] src.corpus_acquisition.downloader: Skipping elcomercio on 2022-08-30: already crawled successfully.
2026-07-06 03:07:02,911 [INFO] src.corpus_acquisition.downloader: Skipping elcomercio on 2022-08-31: already crawled successfully.
2026-07-06 03:07:02,912 [INFO] src.corpus_acquisition.downloader: Skipping elcomercio on 2022-09-01: already crawled successfully.
2026-07-06 03:07:02,913 [INFO] src.corpus_acquisition.downloader: Skipping elcomercio on 2022-09-02: already crawled successfully.
2026-07-06 03:07:02,914 [INFO] src.corpus_acquisition.downloader: Skipping elcomercio on 2022-09-03: already crawled successfully.
2026-07-06 03:07:02,915 [INFO] src.corpus_acquisition.downloader: Skipping elcomercio on 2022-09-04: already crawled successfully.
2026-07-06 03:07:02,916 [INFO] src.corpus_acquisition.downloader: Skipping elcomercio on 2022-09-05: already crawled successfully.
2026-07-06 03:07:02,917 [INFO] src.corpus_acquisition.downloader: Skipping elcomercio on 2022-09-06: already crawled successfully.
2026-07-06 03:07:02,919 [INFO] src.corpus_acquisition.downloader: Skipping elcomercio on 2022-09-07: already crawled successfully.
2026-07-06 03:07:02,920 [INFO] src.corpus_acquisition.downloader: Skipping elcomercio on 2022-09-08: already crawled successfully.
2026-07-06 03:07:02,921 [INFO] src.corpus_acquisition.downloader: Skipping elcomercio on 2022-09-09: already crawled successfully.
2026-07-06 03:07:02,922 [INFO] src.corpus_acquisition.downloader: Skipping elcomercio on 2022-09-10: already crawled successfully.
2026-07-06 03:07:02,923 [INFO] src.corpus_acquisition.downloader: Skipping elcomercio on 2022-09-11: already crawled successfully.
2026-07-06 03:07:02,925 [INFO] src.corpus_acquisition.downloader: Skipping elcomercio on 2022-09-12: already crawled successfully.
2026-07-06 03:07:02,926 [INFO] src.corpus_acquisition.downloader: Skipping elcomercio on 2022-09-13: already crawled successfully.
2026-07-06 03:07:02,927 [INFO] src.corpus_acquisition.downloader: Skipping elcomercio on 2022-09-14: already crawled successfully.
2026-07-06 03:07:02,928 [INFO] src.corpus_acquisition.downloader: Skipping elcomercio on 2022-09-15: already crawled successfully.
2026-07-06 03:07:02,929 [INFO] src.corpus_acquisition.downloader: Skipping elcomercio on 2022-09-16: already crawled successfully.
2026-07-06 03:07:02,930 [INFO] src.corpus_acquisition.downloader: Skipping elcomercio on 2022-09-17: already crawled successfully.
2026-07-06 03:07:02,931 [INFO] src.corpus_acquisition.downloader: Skipping elcomercio on 2022-09-18: already crawled successfully.
2026-07-06 03:07:02,933 [INFO] src.corpus_acquisition.downloader: Skipping elcomercio on 2022-09-19: already crawled successfully.
2026-07-06 03:07:02,934 [INFO] src.corpus_acquisition.downloader: Skipping elcomercio on 2022-09-20: already crawled successfully.
2026-07-06 03:07:02,935 [INFO] src.corpus_acquisition.downloader: Skipping elcomercio on 2022-09-21: already crawled successfully.
2026-07-06 03:07:02,936 [INFO] src.corpus_acquisition.downloader: Skipping elcomercio on 2022-09-22: already crawled successfully.
2026-07-06 03:07:02,937 [INFO] src.corpus_acquisition.downloader: Skipping elcomercio on 2022-09-23: already crawled successfully.
2026-07-06 03:07:02,939 [INFO] src.corpus_acquisition.downloader: Skipping elcomercio on 2022-09-24: already crawled successfully.
2026-07-06 03:07:02,940 [INFO] src.corpus_acquisition.downloader: Skipping elcomercio on 2022-09-25: already crawled successfully.
2026-07-06 03:07:02,941 [INFO] src.corpus_acquisition.downloader: Skipping elcomercio on 2022-09-26: already crawled successfully.
2026-07-06 03:07:02,942 [INFO] src.corpus_acquisition.downloader: Skipping elcomercio on 2022-09-27: already crawled successfully.
2026-07-06 03:07:02,944 [INFO] src.corpus_acquisition.downloader: Skipping elcomercio on 2022-09-28: already crawled successfully.
2026-07-06 03:07:02,944 [INFO] src.corpus_acquisition.downloader: Skipping elcomercio on 2022-09-29: already crawled successfully.
2026-07-06 03:07:02,946 [INFO] src.corpus_acquisition.downloader: Skipping elcomercio on 2022-09-30: already crawled successfully.
2026-07-06 03:07:02,947 [INFO] src.corpus_acquisition.downloader: Skipping elcomercio on 2022-10-01: already crawled successfully.
2026-07-06 03:07:02,948 [INFO] src.corpus_acquisition.downloader: Skipping elcomercio on 2022-10-02: already crawled successfully.
2026-07-06 03:07:02,949 [INFO] src.corpus_acquisition.downloader: Skipping elcomercio on 2022-10-03: already crawled successfully.
2026-07-06 03:07:02,950 [INFO] src.corpus_acquisition.downloader: Skipping elcomercio on 2022-10-04: already crawled successfully.
2026-07-06 03:07:02,951 [INFO] src.corpus_acquisition.downloader: Skipping elcomercio on 2022-10-05: already crawled successfully.
2026-07-06 03:07:02,953 [INFO] src.corpus_acquisition.downloader: Skipping elcomercio on 2022-10-06: already crawled successfully.
2026-07-06 03:07:02,954 [INFO] src.corpus_acquisition.downloader: Skipping elcomercio on 2022-10-07: already crawled successfully.
2026-07-06 03:07:02,955 [INFO] src.corpus_acquisition.downloader: Skipping elcomercio on 2022-10-08: already crawled successfully.
2026-07-06 03:07:02,957 [INFO] src.corpus_acquisition.downloader: Skipping elcomercio on 2022-10-09: already crawled successfully.
2026-07-06 03:07:02,958 [INFO] src.corpus_acquisition.downloader: Skipping elcomercio on 2022-10-10: already crawled successfully.
2026-07-06 03:07:02,959 [INFO] src.corpus_acquisition.downloader: Skipping elcomercio on 2022-10-11: already crawled successfully.
2026-07-06 03:07:02,960 [INFO] src.corpus_acquisition.downloader: Skipping elcomercio on 2022-10-12: already crawled successfully.
2026-07-06 03:07:02,962 [INFO] src.corpus_acquisition.downloader: Skipping elcomercio on 2022-10-13: already crawled successfully.
2026-07-06 03:07:02,963 [INFO] src.corpus_acquisition.downloader: Skipping elcomercio on 2022-10-14: already crawled successfully.
2026-07-06 03:07:02,964 [INFO] src.corpus_acquisition.downloader: Skipping elcomercio on 2022-10-15: already crawled successfully.
2026-07-06 03:07:02,965 [INFO] src.corpus_acquisition.downloader: Skipping elcomercio on 2022-10-16: already crawled successfully.
2026-07-06 03:07:02,966 [INFO] src.corpus_acquisition.downloader: Skipping elcomercio on 2022-10-17: already crawled successfully.
2026-07-06 03:07:02,967 [INFO] src.corpus_acquisition.downloader: Skipping elcomercio on 2022-10-18: already crawled successfully.
2026-07-06 03:07:02,968 [INFO] src.corpus_acquisition.downloader: Skipping elcomercio on 2022-10-19: already crawled successfully.
2026-07-06 03:07:02,970 [INFO] src.corpus_acquisition.downloader: Skipping elcomercio on 2022-10-20: already crawled successfully.
2026-07-06 03:07:02,971 [INFO] src.corpus_acquisition.downloader: Skipping elcomercio on 2022-10-21: already crawled successfully.
2026-07-06 03:07:02,972 [INFO] src.corpus_acquisition.downloader: Skipping elcomercio on 2022-10-22: already crawled successfully.
2026-07-06 03:07:02,974 [INFO] src.corpus_acquisition.downloader: Skipping elcomercio on 2022-10-23: already crawled successfully.
2026-07-06 03:07:02,975 [INFO] src.corpus_acquisition.downloader: Skipping elcomercio on 2022-10-24: already crawled successfully.
2026-07-06 03:07:02,976 [INFO] src.corpus_acquisition.downloader: Skipping elcomercio on 2022-10-25: already crawled successfully.
2026-07-06 03:07:02,977 [INFO] src.corpus_acquisition.downloader: Skipping elcomercio on 2022-10-26: already crawled successfully.
2026-07-06 03:07:02,979 [INFO] src.corpus_acquisition.downloader: Skipping elcomercio on 2022-10-27: already crawled successfully.
2026-07-06 03:07:02,980 [INFO] src.corpus_acquisition.downloader: Skipping elcomercio on 2022-10-28: already crawled successfully.
2026-07-06 03:07:02,981 [INFO] src.corpus_acquisition.downloader: Skipping elcomercio on 2022-10-29: already crawled successfully.
2026-07-06 03:07:02,983 [INFO] src.corpus_acquisition.downloader: Skipping elcomercio on 2022-10-30: already crawled successfully.
2026-07-06 03:07:02,984 [INFO] src.corpus_acquisition.downloader: Skipping elcomercio on 2022-10-31: already crawled successfully.
2026-07-06 03:07:02,985 [INFO] src.corpus_acquisition.downloader: Skipping elcomercio on 2022-11-01: already crawled successfully.
2026-07-06 03:07:02,986 [INFO] src.corpus_acquisition.downloader: Skipping elcomercio on 2022-11-02: already crawled successfully.
2026-07-06 03:07:02,988 [INFO] src.corpus_acquisition.downloader: Skipping elcomercio on 2022-11-03: already crawled successfully.
2026-07-06 03:07:02,989 [INFO] src.corpus_acquisition.downloader: Skipping elcomercio on 2022-11-04: already crawled successfully.
2026-07-06 03:07:02,990 [INFO] src.corpus_acquisition.downloader: Skipping elcomercio on 2022-11-05: already crawled successfully.
2026-07-06 03:07:02,991 [INFO] src.corpus_acquisition.downloader: Skipping elcomercio on 2022-11-06: already crawled successfully.
2026-07-06 03:07:02,993 [INFO] src.corpus_acquisition.downloader: Skipping elcomercio on 2022-11-07: already crawled successfully.
2026-07-06 03:07:02,994 [INFO] src.corpus_acquisition.downloader: Skipping elcomercio on 2022-11-08: already crawled successfully.
2026-07-06 03:07:02,995 [INFO] src.corpus_acquisition.downloader: Skipping elcomercio on 2022-11-09: already crawled successfully.
2026-07-06 03:07:02,996 [INFO] src.corpus_acquisition.downloader: Skipping elcomercio on 2022-11-10: already crawled successfully.
2026-07-06 03:07:02,997 [INFO] src.corpus_acquisition.downloader: Skipping elcomercio on 2022-11-11: already crawled successfully.
2026-07-06 03:07:02,999 [INFO] src.corpus_acquisition.downloader: Skipping elcomercio on 2022-11-12: already crawled successfully.
2026-07-06 03:07:03,000 [INFO] src.corpus_acquisition.downloader: Skipping elcomercio on 2022-11-13: already crawled successfully.
2026-07-06 03:07:03,001 [INFO] src.corpus_acquisition.downloader: Skipping elcomercio on 2022-11-14: already crawled successfully.
2026-07-06 03:07:03,002 [INFO] src.corpus_acquisition.downloader: Skipping elcomercio on 2022-11-15: already crawled successfully.
2026-07-06 03:07:03,004 [INFO] src.corpus_acquisition.downloader: Skipping elcomercio on 2022-11-16: already crawled successfully.
2026-07-06 03:07:03,004 [INFO] src.corpus_acquisition.downloader: Skipping elcomercio on 2022-11-17: already crawled successfully.
2026-07-06 03:07:03,006 [INFO] src.corpus_acquisition.downloader: Skipping elcomercio on 2022-11-18: already crawled successfully.
2026-07-06 03:07:03,007 [INFO] src.corpus_acquisition.downloader: Skipping elcomercio on 2022-11-19: already crawled successfully.
2026-07-06 03:07:03,008 [INFO] src.corpus_acquisition.downloader: Skipping elcomercio on 2022-11-20: already crawled successfully.
2026-07-06 03:07:03,010 [INFO] src.corpus_acquisition.downloader: Skipping elcomercio on 2022-11-21: already crawled successfully.
2026-07-06 03:07:03,011 [INFO] src.corpus_acquisition.downloader: Skipping elcomercio on 2022-11-22: already crawled successfully.
2026-07-06 03:07:03,012 [INFO] src.corpus_acquisition.downloader: Skipping elcomercio on 2022-11-23: already crawled successfully.
2026-07-06 03:07:03,013 [INFO] src.corpus_acquisition.downloader: Skipping elcomercio on 2022-11-24: already crawled successfully.
2026-07-06 03:07:03,014 [INFO] src.corpus_acquisition.downloader: Skipping elcomercio on 2022-11-25: already crawled successfully.
2026-07-06 03:07:03,015 [INFO] src.corpus_acquisition.downloader: Skipping elcomercio on 2022-11-26: already crawled successfully.
2026-07-06 03:07:03,017 [INFO] src.corpus_acquisition.downloader: Skipping elcomercio on 2022-11-27: already crawled successfully.
2026-07-06 03:07:03,018 [INFO] src.corpus_acquisition.downloader: Skipping elcomercio on 2022-11-28: already crawled successfully.
2026-07-06 03:07:03,019 [INFO] src.corpus_acquisition.downloader: Skipping elcomercio on 2022-11-29: already crawled successfully.
2026-07-06 03:07:03,020 [INFO] src.corpus_acquisition.downloader: Skipping elcomercio on 2022-11-30: already crawled successfully.
2026-07-06 03:07:03,021 [INFO] src.corpus_acquisition.downloader: Skipping elcomercio on 2022-12-01: already crawled successfully.
2026-07-06 03:07:03,022 [INFO] src.corpus_acquisition.downloader: Skipping elcomercio on 2022-12-02: already crawled successfully.
2026-07-06 03:07:03,024 [INFO] src.corpus_acquisition.downloader: Skipping elcomercio on 2022-12-03: already crawled successfully.
2026-07-06 03:07:03,025 [INFO] src.corpus_acquisition.downloader: Skipping elcomercio on 2022-12-04: already crawled successfully.
2026-07-06 03:07:03,026 [INFO] src.corpus_acquisition.downloader: Skipping elcomercio on 2022-12-05: already crawled successfully.
2026-07-06 03:07:03,027 [INFO] src.corpus_acquisition.downloader: Skipping elcomercio on 2022-12-06: already crawled successfully.
2026-07-06 03:07:03,029 [INFO] src.corpus_acquisition.downloader: Skipping elcomercio on 2022-12-07: already crawled successfully.
2026-07-06 03:07:03,030 [INFO] src.corpus_acquisition.downloader: Skipping elcomercio on 2022-12-08: already crawled successfully.
2026-07-06 03:07:03,032 [INFO] src.corpus_acquisition.downloader: Skipping elcomercio on 2022-12-09: already crawled successfully.
2026-07-06 03:07:03,033 [INFO] src.corpus_acquisition.downloader: Skipping elcomercio on 2022-12-10: already crawled successfully.
2026-07-06 03:07:03,034 [INFO] src.corpus_acquisition.downloader: Skipping elcomercio on 2022-12-11: already crawled successfully.
2026-07-06 03:07:03,035 [INFO] src.corpus_acquisition.downloader: Skipping elcomercio on 2022-12-12: already crawled successfully.
2026-07-06 03:07:03,036 [INFO] src.corpus_acquisition.downloader: Skipping elcomercio on 2022-12-13: already crawled successfully.
2026-07-06 03:07:03,038 [INFO] src.corpus_acquisition.downloader: Skipping elcomercio on 2022-12-14: already crawled successfully.
2026-07-06 03:07:03,039 [INFO] src.corpus_acquisition.downloader: Skipping elcomercio on 2022-12-15: already crawled successfully.
2026-07-06 03:07:03,040 [INFO] src.corpus_acquisition.downloader: Skipping elcomercio on 2022-12-16: already crawled successfully.
2026-07-06 03:07:03,041 [INFO] src.corpus_acquisition.downloader: Skipping elcomercio on 2022-12-17: already crawled successfully.
2026-07-06 03:07:03,043 [INFO] src.corpus_acquisition.downloader: Skipping elcomercio on 2022-12-18: already crawled successfully.
2026-07-06 03:07:03,044 [INFO] src.corpus_acquisition.downloader: Skipping elcomercio on 2022-12-19: already crawled successfully.
2026-07-06 03:07:03,045 [INFO] src.corpus_acquisition.downloader: Skipping elcomercio on 2022-12-20: already crawled successfully.
2026-07-06 03:07:03,047 [INFO] src.corpus_acquisition.downloader: Skipping elcomercio on 2022-12-21: already crawled successfully.
2026-07-06 03:07:03,048 [INFO] src.corpus_acquisition.downloader: Skipping elcomercio on 2022-12-22: already crawled successfully.
2026-07-06 03:07:03,049 [INFO] src.corpus_acquisition.downloader: Skipping elcomercio on 2022-12-23: already crawled successfully.
2026-07-06 03:07:03,050 [INFO] src.corpus_acquisition.downloader: Skipping elcomercio on 2022-12-24: already crawled successfully.
2026-07-06 03:07:03,052 [INFO] src.corpus_acquisition.downloader: Skipping elcomercio on 2022-12-25: already crawled successfully.
2026-07-06 03:07:03,053 [INFO] src.corpus_acquisition.downloader: Skipping elcomercio on 2022-12-26: already crawled successfully.
2026-07-06 03:07:03,054 [INFO] src.corpus_acquisition.downloader: Skipping elcomercio on 2022-12-27: already crawled successfully.
2026-07-06 03:07:03,056 [INFO] src.corpus_acquisition.downloader: Skipping elcomercio on 2022-12-28: already crawled successfully.
2026-07-06 03:07:03,057 [INFO] src.corpus_acquisition.downloader: Skipping elcomercio on 2022-12-29: already crawled successfully.
2026-07-06 03:07:03,058 [INFO] src.corpus_acquisition.downloader: Skipping elcomercio on 2022-12-30: already crawled successfully.
2026-07-06 03:07:03,059 [INFO] src.corpus_acquisition.downloader: Skipping elcomercio on 2022-12-31: already crawled successfully.
2026-07-06 03:07:03,061 [INFO] src.corpus_acquisition.downloader: Skipping elcomercio on 2023-01-01: already crawled successfully.
2026-07-06 03:07:03,062 [INFO] src.corpus_acquisition.downloader: Skipping elcomercio on 2023-01-02: already crawled successfully.
2026-07-06 03:07:03,063 [INFO] src.corpus_acquisition.downloader: Skipping elcomercio on 2023-01-03: already crawled successfully.
2026-07-06 03:07:03,065 [INFO] src.corpus_acquisition.downloader: Skipping elcomercio on 2023-01-04: already crawled successfully.
2026-07-06 03:07:03,066 [INFO] src.corpus_acquisition.downloader: Skipping elcomercio on 2023-01-05: already crawled successfully.
2026-07-06 03:07:03,067 [INFO] src.corpus_acquisition.downloader: Skipping elcomercio on 2023-01-06: already crawled successfully.
2026-07-06 03:07:03,068 [INFO] src.corpus_acquisition.downloader: Skipping elcomercio on 2023-01-07: already crawled successfully.
2026-07-06 03:07:03,069 [INFO] src.corpus_acquisition.downloader: Skipping elcomercio on 2023-01-08: already crawled successfully.
2026-07-06 03:07:03,070 [INFO] src.corpus_acquisition.downloader: Skipping elcomercio on 2023-01-09: already crawled successfully.
2026-07-06 03:07:03,071 [INFO] src.corpus_acquisition.downloader: Skipping elcomercio on 2023-01-10: already crawled successfully.
2026-07-06 03:07:03,073 [INFO] src.corpus_acquisition.downloader: Skipping elcomercio on 2023-01-11: already crawled successfully.
2026-07-06 03:07:03,074 [INFO] src.corpus_acquisition.downloader: Skipping elcomercio on 2023-01-12: already crawled successfully.
2026-07-06 03:07:03,075 [INFO] src.corpus_acquisition.downloader: Skipping elcomercio on 2023-01-13: already crawled successfully.
2026-07-06 03:07:03,076 [INFO] src.corpus_acquisition.downloader: Skipping elcomercio on 2023-01-14: already crawled successfully.
2026-07-06 03:07:03,077 [INFO] src.corpus_acquisition.downloader: Skipping elcomercio on 2023-01-15: already crawled successfully.
2026-07-06 03:07:03,079 [INFO] src.corpus_acquisition.downloader: Skipping elcomercio on 2023-01-16: already crawled successfully.
2026-07-06 03:07:03,080 [INFO] src.corpus_acquisition.downloader: Skipping elcomercio on 2023-01-17: already crawled successfully.
2026-07-06 03:07:03,081 [INFO] src.corpus_acquisition.downloader: Skipping elcomercio on 2023-01-18: already crawled successfully.
2026-07-06 03:07:03,082 [INFO] src.corpus_acquisition.downloader: Skipping elcomercio on 2023-01-19: already crawled successfully.
2026-07-06 03:07:03,083 [INFO] src.corpus_acquisition.downloader: Skipping elcomercio on 2023-01-20: already crawled successfully.
2026-07-06 03:07:03,084 [INFO] src.corpus_acquisition.downloader: Skipping elcomercio on 2023-01-21: already crawled successfully.
2026-07-06 03:07:03,086 [INFO] src.corpus_acquisition.downloader: Skipping elcomercio on 2023-01-22: already crawled successfully.
2026-07-06 03:07:03,088 [INFO] src.corpus_acquisition.downloader: Skipping elcomercio on 2023-01-23: already crawled successfully.
2026-07-06 03:07:03,089 [INFO] src.corpus_acquisition.downloader: Skipping elcomercio on 2023-01-24: already crawled successfully.
2026-07-06 03:07:03,090 [INFO] src.corpus_acquisition.downloader: Skipping elcomercio on 2023-01-25: already crawled successfully.
2026-07-06 03:07:03,092 [INFO] src.corpus_acquisition.downloader: Skipping elcomercio on 2023-01-26: already crawled successfully.
2026-07-06 03:07:03,093 [INFO] src.corpus_acquisition.downloader: Skipping elcomercio on 2023-01-27: already crawled successfully.
2026-07-06 03:07:03,094 [INFO] src.corpus_acquisition.downloader: Skipping elcomercio on 2023-01-28: already crawled successfully.
2026-07-06 03:07:03,095 [INFO] src.corpus_acquisition.downloader: Skipping elcomercio on 2023-01-29: already crawled successfully.
2026-07-06 03:07:03,096 [INFO] src.corpus_acquisition.downloader: Skipping elcomercio on 2023-01-30: already crawled successfully.
2026-07-06 03:07:03,098 [INFO] src.corpus_acquisition.downloader: Skipping elcomercio on 2023-01-31: already crawled successfully.
2026-07-06 03:07:03,099 [INFO] src.corpus_acquisition.downloader: Skipping elcomercio on 2023-02-01: already crawled successfully.
2026-07-06 03:07:03,100 [INFO] src.corpus_acquisition.downloader: Skipping elcomercio on 2023-02-02: already crawled successfully.
2026-07-06 03:07:03,101 [INFO] src.corpus_acquisition.downloader: Skipping elcomercio on 2023-02-03: already crawled successfully.
2026-07-06 03:07:03,102 [INFO] src.corpus_acquisition.downloader: Skipping elcomercio on 2023-02-04: already crawled successfully.
2026-07-06 03:07:03,103 [INFO] src.corpus_acquisition.downloader: Skipping elcomercio on 2023-02-05: already crawled successfully.
2026-07-06 03:07:03,105 [INFO] src.corpus_acquisition.downloader: Skipping elcomercio on 2023-02-06: already crawled successfully.
2026-07-06 03:07:03,106 [INFO] src.corpus_acquisition.downloader: Skipping elcomercio on 2023-02-07: already crawled successfully.
2026-07-06 03:07:03,107 [INFO] src.corpus_acquisition.downloader: Skipping elcomercio on 2023-02-08: already crawled successfully.
2026-07-06 03:07:03,108 [INFO] src.corpus_acquisition.downloader: Skipping elcomercio on 2023-02-09: already crawled successfully.
2026-07-06 03:07:03,110 [INFO] src.corpus_acquisition.downloader: Skipping elcomercio on 2023-02-10: already crawled successfully.
2026-07-06 03:07:03,111 [INFO] src.corpus_acquisition.downloader: Skipping elcomercio on 2023-02-11: already crawled successfully.
2026-07-06 03:07:03,112 [INFO] src.corpus_acquisition.downloader: Skipping elcomercio on 2023-02-12: already crawled successfully.
2026-07-06 03:07:03,113 [INFO] src.corpus_acquisition.downloader: Skipping elcomercio on 2023-02-13: already crawled successfully.
2026-07-06 03:07:03,114 [INFO] src.corpus_acquisition.downloader: Skipping elcomercio on 2023-02-14: already crawled successfully.
2026-07-06 03:07:03,115 [INFO] src.corpus_acquisition.downloader: Skipping elcomercio on 2023-02-15: already crawled successfully.
2026-07-06 03:07:03,117 [INFO] src.corpus_acquisition.downloader: Skipping elcomercio on 2023-02-16: already crawled successfully.
2026-07-06 03:07:03,118 [INFO] src.corpus_acquisition.downloader: Skipping elcomercio on 2023-02-17: already crawled successfully.
2026-07-06 03:07:03,119 [INFO] src.corpus_acquisition.downloader: Skipping elcomercio on 2023-02-18: already crawled successfully.
2026-07-06 03:07:03,120 [INFO] src.corpus_acquisition.downloader: Skipping elcomercio on 2023-02-19: already crawled successfully.
2026-07-06 03:07:03,122 [INFO] src.corpus_acquisition.downloader: Skipping elcomercio on 2023-02-20: already crawled successfully.
2026-07-06 03:07:03,123 [INFO] src.corpus_acquisition.downloader: Skipping elcomercio on 2023-02-21: already crawled successfully.
2026-07-06 03:07:03,124 [INFO] src.corpus_acquisition.downloader: Skipping elcomercio on 2023-02-22: already crawled successfully.
2026-07-06 03:07:03,125 [INFO] src.corpus_acquisition.downloader: Skipping elcomercio on 2023-02-23: already crawled successfully.
2026-07-06 03:07:03,127 [INFO] src.corpus_acquisition.downloader: Skipping elcomercio on 2023-02-24: already crawled successfully.
2026-07-06 03:07:03,128 [INFO] src.corpus_acquisition.downloader: Skipping elcomercio on 2023-02-25: already crawled successfully.
2026-07-06 03:07:03,131 [INFO] src.corpus_acquisition.downloader: Skipping elcomercio on 2023-02-26: already crawled successfully.
2026-07-06 03:07:03,132 [INFO] src.corpus_acquisition.downloader: Skipping elcomercio on 2023-02-27: already crawled successfully.
2026-07-06 03:07:03,133 [INFO] src.corpus_acquisition.downloader: Skipping elcomercio on 2023-02-28: already crawled successfully.
2026-07-06 03:07:03,134 [INFO] src.corpus_acquisition.downloader: Skipping elcomercio on 2023-03-01: already crawled successfully.
2026-07-06 03:07:03,136 [INFO] src.corpus_acquisition.downloader: Skipping elcomercio on 2023-03-02: already crawled successfully.
2026-07-06 03:07:03,137 [INFO] src.corpus_acquisition.downloader: Skipping elcomercio on 2023-03-03: already crawled successfully.
2026-07-06 03:07:03,138 [INFO] src.corpus_acquisition.downloader: Skipping elcomercio on 2023-03-04: already crawled successfully.
2026-07-06 03:07:03,139 [INFO] src.corpus_acquisition.downloader: Skipping elcomercio on 2023-03-05: already crawled successfully.
2026-07-06 03:07:03,140 [INFO] src.corpus_acquisition.downloader: Skipping elcomercio on 2023-03-06: already crawled successfully.
2026-07-06 03:07:03,141 [INFO] src.corpus_acquisition.downloader: Skipping elcomercio on 2023-03-07: already crawled successfully.
2026-07-06 03:07:03,142 [INFO] src.corpus_acquisition.downloader: Skipping elcomercio on 2023-03-08: already crawled successfully.
2026-07-06 03:07:03,144 [INFO] src.corpus_acquisition.downloader: Skipping elcomercio on 2023-03-09: already crawled successfully.
2026-07-06 03:07:03,145 [INFO] src.corpus_acquisition.downloader: Skipping elcomercio on 2023-03-10: already crawled successfully.
2026-07-06 03:07:03,146 [INFO] src.corpus_acquisition.downloader: Skipping elcomercio on 2023-03-11: already crawled successfully.
2026-07-06 03:07:03,147 [INFO] src.corpus_acquisition.downloader: Skipping elcomercio on 2023-03-12: already crawled successfully.
2026-07-06 03:07:03,149 [INFO] src.corpus_acquisition.downloader: Skipping elcomercio on 2023-03-13: already crawled successfully.
2026-07-06 03:07:03,150 [INFO] src.corpus_acquisition.downloader: Skipping elcomercio on 2023-03-14: already crawled successfully.
2026-07-06 03:07:03,152 [INFO] src.corpus_acquisition.downloader: Skipping elcomercio on 2023-03-15: already crawled successfully.
2026-07-06 03:07:03,153 [INFO] src.corpus_acquisition.downloader: Skipping elcomercio on 2023-03-16: already crawled successfully.
2026-07-06 03:07:03,154 [INFO] src.corpus_acquisition.downloader: Skipping elcomercio on 2023-03-17: already crawled successfully.
2026-07-06 03:07:03,155 [INFO] src.corpus_acquisition.downloader: Skipping elcomercio on 2023-03-18: already crawled successfully.
2026-07-06 03:07:03,157 [INFO] src.corpus_acquisition.downloader: Skipping elcomercio on 2023-03-19: already crawled successfully.
2026-07-06 03:07:03,158 [INFO] src.corpus_acquisition.downloader: Skipping elcomercio on 2023-03-20: already crawled successfully.
2026-07-06 03:07:03,159 [INFO] src.corpus_acquisition.downloader: Skipping elcomercio on 2023-03-21: already crawled successfully.
2026-07-06 03:07:03,160 [INFO] src.corpus_acquisition.downloader: Skipping elcomercio on 2023-03-22: already crawled successfully.
2026-07-06 03:07:03,162 [INFO] src.corpus_acquisition.downloader: Skipping elcomercio on 2023-03-23: already crawled successfully.
2026-07-06 03:07:03,163 [INFO] src.corpus_acquisition.downloader: Skipping elcomercio on 2023-03-24: already crawled successfully.
2026-07-06 03:07:03,164 [INFO] src.corpus_acquisition.downloader: Skipping elcomercio on 2023-03-25: already crawled successfully.
2026-07-06 03:07:03,165 [INFO] src.corpus_acquisition.downloader: Skipping elcomercio on 2023-03-26: already crawled successfully.
2026-07-06 03:07:03,167 [INFO] src.corpus_acquisition.downloader: Skipping elcomercio on 2023-03-27: already crawled successfully.
2026-07-06 03:07:03,168 [INFO] src.corpus_acquisition.downloader: Skipping elcomercio on 2023-03-28: already crawled successfully.
2026-07-06 03:07:03,170 [INFO] src.corpus_acquisition.downloader: Skipping elcomercio on 2023-03-29: already crawled successfully.
2026-07-06 03:07:03,171 [INFO] src.corpus_acquisition.downloader: Skipping elcomercio on 2023-03-30: already crawled successfully.
2026-07-06 03:07:03,172 [INFO] src.corpus_acquisition.downloader: Skipping elcomercio on 2023-03-31: already crawled successfully.
2026-07-06 03:07:03,173 [INFO] src.corpus_acquisition.downloader: Skipping elcomercio on 2023-04-01: already crawled successfully.
2026-07-06 03:07:03,175 [INFO] src.corpus_acquisition.downloader: Skipping elcomercio on 2023-04-02: already crawled successfully.
2026-07-06 03:07:03,176 [INFO] src.corpus_acquisition.downloader: Skipping elcomercio on 2023-04-03: already crawled successfully.
2026-07-06 03:07:03,177 [INFO] src.corpus_acquisition.downloader: Skipping elcomercio on 2023-04-04: already crawled successfully.
2026-07-06 03:07:03,179 [INFO] src.corpus_acquisition.downloader: Skipping elcomercio on 2023-04-05: already crawled successfully.
2026-07-06 03:07:03,180 [INFO] src.corpus_acquisition.downloader: Skipping elcomercio on 2023-04-06: already crawled successfully.
2026-07-06 03:07:03,181 [INFO] src.corpus_acquisition.downloader: Skipping elcomercio on 2023-04-07: already crawled successfully.
2026-07-06 03:07:03,182 [INFO] src.corpus_acquisition.downloader: Skipping elcomercio on 2023-04-08: already crawled successfully.
2026-07-06 03:07:03,183 [INFO] src.corpus_acquisition.downloader: Skipping elcomercio on 2023-04-09: already crawled successfully.
2026-07-06 03:07:03,184 [INFO] src.corpus_acquisition.downloader: Skipping elcomercio on 2023-04-10: already crawled successfully.
2026-07-06 03:07:03,186 [INFO] src.corpus_acquisition.downloader: Skipping elcomercio on 2023-04-11: already crawled successfully.
2026-07-06 03:07:03,187 [INFO] src.corpus_acquisition.downloader: Skipping elcomercio on 2023-04-12: already crawled successfully.
2026-07-06 03:07:03,188 [INFO] src.corpus_acquisition.downloader: Skipping elcomercio on 2023-04-13: already crawled successfully.
2026-07-06 03:07:03,190 [INFO] src.corpus_acquisition.downloader: Skipping elcomercio on 2023-04-14: already crawled successfully.
2026-07-06 03:07:03,191 [INFO] src.corpus_acquisition.downloader: Skipping elcomercio on 2023-04-15: already crawled successfully.
2026-07-06 03:07:03,192 [INFO] src.corpus_acquisition.downloader: Skipping elcomercio on 2023-04-16: already crawled successfully.
2026-07-06 03:07:03,193 [INFO] src.corpus_acquisition.downloader: Skipping elcomercio on 2023-04-17: already crawled successfully.
2026-07-06 03:07:03,195 [INFO] src.corpus_acquisition.downloader: Skipping elcomercio on 2023-04-18: already crawled successfully.
2026-07-06 03:07:03,196 [INFO] src.corpus_acquisition.downloader: Skipping elcomercio on 2023-04-19: already crawled successfully.
2026-07-06 03:07:03,197 [INFO] src.corpus_acquisition.downloader: Skipping elcomercio on 2023-04-20: already crawled successfully.
2026-07-06 03:07:03,198 [INFO] src.corpus_acquisition.downloader: Skipping elcomercio on 2023-04-21: already crawled successfully.
2026-07-06 03:07:03,199 [INFO] src.corpus_acquisition.downloader: Skipping elcomercio on 2023-04-22: already crawled successfully.
2026-07-06 03:07:03,200 [INFO] src.corpus_acquisition.downloader: Skipping elcomercio on 2023-04-23: already crawled successfully.
2026-07-06 03:07:03,202 [INFO] src.corpus_acquisition.downloader: Skipping elcomercio on 2023-04-24: already crawled successfully.
2026-07-06 03:07:03,203 [INFO] src.corpus_acquisition.downloader: Skipping elcomercio on 2023-04-25: already crawled successfully.
2026-07-06 03:07:03,204 [INFO] src.corpus_acquisition.downloader: Skipping elcomercio on 2023-04-26: already crawled successfully.
2026-07-06 03:07:03,206 [INFO] src.corpus_acquisition.downloader: Skipping elcomercio on 2023-04-27: already crawled successfully.
2026-07-06 03:07:03,207 [INFO] src.corpus_acquisition.downloader: Skipping elcomercio on 2023-04-28: already crawled successfully.
2026-07-06 03:07:03,208 [INFO] src.corpus_acquisition.downloader: Skipping elcomercio on 2023-04-29: already crawled successfully.
2026-07-06 03:07:03,209 [INFO] src.corpus_acquisition.downloader: Skipping elcomercio on 2023-04-30: already crawled successfully.
2026-07-06 03:07:03,210 [INFO] src.corpus_acquisition.downloader: Skipping elcomercio on 2023-05-01: already crawled successfully.
2026-07-06 03:07:03,212 [INFO] src.corpus_acquisition.downloader: Skipping elcomercio on 2023-05-02: already crawled successfully.
2026-07-06 03:07:03,213 [INFO] src.corpus_acquisition.downloader: Skipping elcomercio on 2023-05-03: already crawled successfully.
2026-07-06 03:07:03,214 [INFO] src.corpus_acquisition.downloader: Skipping elcomercio on 2023-05-04: already crawled successfully.
2026-07-06 03:07:03,215 [INFO] src.corpus_acquisition.downloader: Skipping elcomercio on 2023-05-05: already crawled successfully.
2026-07-06 03:07:03,217 [INFO] src.corpus_acquisition.downloader: Skipping elcomercio on 2023-05-06: already crawled successfully.
2026-07-06 03:07:03,218 [INFO] src.corpus_acquisition.downloader: Skipping elcomercio on 2023-05-07: already crawled successfully.
2026-07-06 03:07:03,219 [INFO] src.corpus_acquisition.downloader: Skipping elcomercio on 2023-05-08: already crawled successfully.
2026-07-06 03:07:03,221 [INFO] src.corpus_acquisition.downloader: Skipping elcomercio on 2023-05-09: already crawled successfully.
2026-07-06 03:07:03,222 [INFO] src.corpus_acquisition.downloader: Skipping elcomercio on 2023-05-10: already crawled successfully.
2026-07-06 03:07:03,223 [INFO] src.corpus_acquisition.downloader: Skipping elcomercio on 2023-05-11: already crawled successfully.
2026-07-06 03:07:03,224 [INFO] src.corpus_acquisition.downloader: Skipping elcomercio on 2023-05-12: already crawled successfully.
2026-07-06 03:07:03,225 [INFO] src.corpus_acquisition.downloader: Skipping elcomercio on 2023-05-13: already crawled successfully.
2026-07-06 03:07:03,226 [INFO] src.corpus_acquisition.downloader: Skipping elcomercio on 2023-05-14: already crawled successfully.
2026-07-06 03:07:03,228 [INFO] src.corpus_acquisition.downloader: Skipping elcomercio on 2023-05-15: already crawled successfully.
2026-07-06 03:07:03,229 [INFO] src.corpus_acquisition.downloader: Skipping elcomercio on 2023-05-16: already crawled successfully.
2026-07-06 03:07:03,230 [INFO] src.corpus_acquisition.downloader: Skipping elcomercio on 2023-05-17: already crawled successfully.
2026-07-06 03:07:03,231 [INFO] src.corpus_acquisition.downloader: Skipping elcomercio on 2023-05-18: already crawled successfully.
2026-07-06 03:07:03,232 [INFO] src.corpus_acquisition.downloader: Skipping elcomercio on 2023-05-19: already crawled successfully.
2026-07-06 03:07:03,234 [INFO] src.corpus_acquisition.downloader: Skipping elcomercio on 2023-05-20: already crawled successfully.
2026-07-06 03:07:03,235 [INFO] src.corpus_acquisition.downloader: Skipping elcomercio on 2023-05-21: already crawled successfully.
2026-07-06 03:07:03,236 [INFO] src.corpus_acquisition.downloader: Skipping elcomercio on 2023-05-22: already crawled successfully.
2026-07-06 03:07:03,238 [INFO] src.corpus_acquisition.downloader: Skipping elcomercio on 2023-05-23: already crawled successfully.
2026-07-06 03:07:03,239 [INFO] src.corpus_acquisition.downloader: Skipping elcomercio on 2023-05-24: already crawled successfully.
2026-07-06 03:07:03,240 [INFO] src.corpus_acquisition.downloader: Skipping elcomercio on 2023-05-25: already crawled successfully.
2026-07-06 03:07:03,241 [INFO] src.corpus_acquisition.downloader: Skipping elcomercio on 2023-05-26: already crawled successfully.
2026-07-06 03:07:03,243 [INFO] src.corpus_acquisition.downloader: Skipping elcomercio on 2023-05-27: already crawled successfully.
2026-07-06 03:07:03,244 [INFO] src.corpus_acquisition.downloader: Skipping elcomercio on 2023-05-28: already crawled successfully.
2026-07-06 03:07:03,246 [INFO] src.corpus_acquisition.downloader: Skipping elcomercio on 2023-05-29: already crawled successfully.
2026-07-06 03:07:03,248 [INFO] src.corpus_acquisition.downloader: Skipping elcomercio on 2023-05-30: already crawled successfully.
2026-07-06 03:07:03,249 [INFO] src.corpus_acquisition.downloader: Skipping elcomercio on 2023-05-31: already crawled successfully.
2026-07-06 03:07:03,250 [INFO] src.corpus_acquisition.downloader: Skipping elcomercio on 2023-06-01: already crawled successfully.
2026-07-06 03:07:03,251 [INFO] src.corpus_acquisition.downloader: Skipping elcomercio on 2023-06-02: already crawled successfully.
2026-07-06 03:07:03,253 [INFO] src.corpus_acquisition.downloader: Skipping elcomercio on 2023-06-03: already crawled successfully.
2026-07-06 03:07:03,254 [INFO] src.corpus_acquisition.downloader: Skipping elcomercio on 2023-06-04: already crawled successfully.
2026-07-06 03:07:03,255 [INFO] src.corpus_acquisition.downloader: Skipping elcomercio on 2023-06-05: already crawled successfully.
2026-07-06 03:07:03,256 [INFO] src.corpus_acquisition.downloader: Skipping elcomercio on 2023-06-06: already crawled successfully.
2026-07-06 03:07:03,257 [INFO] src.corpus_acquisition.downloader: Skipping elcomercio on 2023-06-07: already crawled successfully.
2026-07-06 03:07:03,259 [INFO] src.corpus_acquisition.downloader: Skipping elcomercio on 2023-06-08: already crawled successfully.
2026-07-06 03:07:03,260 [INFO] src.corpus_acquisition.downloader: Skipping elcomercio on 2023-06-09: already crawled successfully.
2026-07-06 03:07:03,261 [INFO] src.corpus_acquisition.downloader: Skipping elcomercio on 2023-06-10: already crawled successfully.
2026-07-06 03:07:03,263 [INFO] src.corpus_acquisition.downloader: Skipping elcomercio on 2023-06-11: already crawled successfully.
2026-07-06 03:07:03,264 [INFO] src.corpus_acquisition.downloader: Skipping elcomercio on 2023-06-12: already crawled successfully.
2026-07-06 03:07:03,265 [INFO] src.corpus_acquisition.downloader: Skipping elcomercio on 2023-06-13: already crawled successfully.
2026-07-06 03:07:03,267 [INFO] src.corpus_acquisition.downloader: Skipping elcomercio on 2023-06-14: already crawled successfully.
2026-07-06 03:07:03,268 [INFO] src.corpus_acquisition.downloader: Skipping elcomercio on 2023-06-15: already crawled successfully.
2026-07-06 03:07:03,269 [INFO] src.corpus_acquisition.downloader: Skipping elcomercio on 2023-06-16: already crawled successfully.
2026-07-06 03:07:03,270 [INFO] src.corpus_acquisition.downloader: Skipping elcomercio on 2023-06-17: already crawled successfully.
2026-07-06 03:07:03,271 [INFO] src.corpus_acquisition.downloader: Skipping elcomercio on 2023-06-18: already crawled successfully.
2026-07-06 03:07:03,272 [INFO] src.corpus_acquisition.downloader: Skipping elcomercio on 2023-06-19: already crawled successfully.
2026-07-06 03:07:03,273 [INFO] src.corpus_acquisition.downloader: Skipping elcomercio on 2023-06-20: already crawled successfully.
2026-07-06 03:07:03,274 [INFO] src.corpus_acquisition.downloader: Skipping elcomercio on 2023-06-21: already crawled successfully.
2026-07-06 03:07:03,276 [INFO] src.corpus_acquisition.downloader: Skipping elcomercio on 2023-06-22: already crawled successfully.
2026-07-06 03:07:03,277 [INFO] src.corpus_acquisition.downloader: Skipping elcomercio on 2023-06-23: already crawled successfully.
2026-07-06 03:07:03,278 [INFO] src.corpus_acquisition.downloader: Skipping elcomercio on 2023-06-24: already crawled successfully.
2026-07-06 03:07:03,279 [INFO] src.corpus_acquisition.downloader: Skipping elcomercio on 2023-06-25: already crawled successfully.
2026-07-06 03:07:03,281 [INFO] src.corpus_acquisition.downloader: Skipping elcomercio on 2023-06-26: already crawled successfully.
2026-07-06 03:07:03,282 [INFO] src.corpus_acquisition.downloader: Skipping elcomercio on 2023-06-27: already crawled successfully.
2026-07-06 03:07:03,283 [INFO] src.corpus_acquisition.downloader: Skipping elcomercio on 2023-06-28: already crawled successfully.
2026-07-06 03:07:03,284 [INFO] src.corpus_acquisition.downloader: Skipping elcomercio on 2023-06-29: already crawled successfully.
2026-07-06 03:07:03,285 [INFO] src.corpus_acquisition.downloader: Skipping elcomercio on 2023-06-30: already crawled successfully.
2026-07-06 03:07:03,287 [INFO] src.corpus_acquisition.downloader: Skipping elcomercio on 2023-07-01: already crawled successfully.
2026-07-06 03:07:03,288 [INFO] src.corpus_acquisition.downloader: Skipping elcomercio on 2023-07-02: already crawled successfully.
2026-07-06 03:07:03,289 [INFO] src.corpus_acquisition.downloader: Skipping elcomercio on 2023-07-03: already crawled successfully.
2026-07-06 03:07:03,290 [INFO] src.corpus_acquisition.downloader: Skipping elcomercio on 2023-07-04: already crawled successfully.
2026-07-06 03:07:03,291 [INFO] src.corpus_acquisition.downloader: Skipping elcomercio on 2023-07-05: already crawled successfully.
2026-07-06 03:07:03,293 [INFO] src.corpus_acquisition.downloader: Skipping elcomercio on 2023-07-06: already crawled successfully.
2026-07-06 03:07:03,294 [INFO] src.corpus_acquisition.downloader: Skipping elcomercio on 2023-07-07: already crawled successfully.
2026-07-06 03:07:03,295 [INFO] src.corpus_acquisition.downloader: Skipping elcomercio on 2023-07-08: already crawled successfully.
2026-07-06 03:07:03,297 [INFO] src.corpus_acquisition.downloader: Skipping elcomercio on 2023-07-09: already crawled successfully.
2026-07-06 03:07:03,298 [INFO] src.corpus_acquisition.downloader: Skipping elcomercio on 2023-07-10: already crawled successfully.
2026-07-06 03:07:03,299 [INFO] src.corpus_acquisition.downloader: Skipping elcomercio on 2023-07-11: already crawled successfully.
2026-07-06 03:07:03,300 [INFO] src.corpus_acquisition.downloader: Skipping elcomercio on 2023-07-12: already crawled successfully.
2026-07-06 03:07:03,301 [INFO] src.corpus_acquisition.downloader: Skipping elcomercio on 2023-07-13: already crawled successfully.
2026-07-06 03:07:03,303 [INFO] src.corpus_acquisition.downloader: Skipping elcomercio on 2023-07-14: already crawled successfully.
2026-07-06 03:07:03,304 [INFO] src.corpus_acquisition.downloader: Skipping elcomercio on 2023-07-15: already crawled successfully.
2026-07-06 03:07:03,305 [INFO] src.corpus_acquisition.downloader: Skipping elcomercio on 2023-07-16: already crawled successfully.
2026-07-06 03:07:03,307 [INFO] src.corpus_acquisition.downloader: Skipping elcomercio on 2023-07-17: already crawled successfully.
2026-07-06 03:07:03,308 [INFO] src.corpus_acquisition.downloader: Skipping elcomercio on 2023-07-18: already crawled successfully.
2026-07-06 03:07:03,309 [INFO] src.corpus_acquisition.downloader: Skipping elcomercio on 2023-07-19: already crawled successfully.
2026-07-06 03:07:03,311 [INFO] src.corpus_acquisition.downloader: Skipping elcomercio on 2023-07-20: already crawled successfully.
2026-07-06 03:07:03,312 [INFO] src.corpus_acquisition.downloader: Skipping elcomercio on 2023-07-21: already crawled successfully.
2026-07-06 03:07:03,313 [INFO] src.corpus_acquisition.downloader: Skipping elcomercio on 2023-07-22: already crawled successfully.
2026-07-06 03:07:03,315 [INFO] src.corpus_acquisition.downloader: Skipping elcomercio on 2023-07-23: already crawled successfully.
2026-07-06 03:07:03,316 [INFO] src.corpus_acquisition.downloader: Skipping elcomercio on 2023-07-24: already crawled successfully.
2026-07-06 03:07:03,317 [INFO] src.corpus_acquisition.downloader: Skipping elcomercio on 2023-07-25: already crawled successfully.
2026-07-06 03:07:03,318 [INFO] src.corpus_acquisition.downloader: Skipping elcomercio on 2023-07-26: already crawled successfully.
2026-07-06 03:07:03,320 [INFO] src.corpus_acquisition.downloader: Skipping elcomercio on 2023-07-27: already crawled successfully.
2026-07-06 03:07:03,321 [INFO] src.corpus_acquisition.downloader: Skipping elcomercio on 2023-07-28: already crawled successfully.
2026-07-06 03:07:03,322 [INFO] src.corpus_acquisition.downloader: Skipping elcomercio on 2023-07-29: already crawled successfully.
2026-07-06 03:07:03,323 [INFO] src.corpus_acquisition.downloader: Skipping elcomercio on 2023-07-30: already crawled successfully.
2026-07-06 03:07:03,324 [INFO] src.corpus_acquisition.downloader: Skipping elcomercio on 2023-07-31: already crawled successfully.
2026-07-06 03:07:03,326 [INFO] src.corpus_acquisition.downloader: Skipping elcomercio on 2023-08-01: already crawled successfully.
2026-07-06 03:07:03,327 [INFO] src.corpus_acquisition.downloader: Skipping elcomercio on 2023-08-02: already crawled successfully.
2026-07-06 03:07:03,328 [INFO] src.corpus_acquisition.downloader: Skipping elcomercio on 2023-08-03: already crawled successfully.
2026-07-06 03:07:03,329 [INFO] src.corpus_acquisition.downloader: Skipping elcomercio on 2023-08-04: already crawled successfully.
2026-07-06 03:07:03,330 [INFO] src.corpus_acquisition.downloader: Skipping elcomercio on 2023-08-05: already crawled successfully.
2026-07-06 03:07:03,332 [INFO] src.corpus_acquisition.downloader: Skipping elcomercio on 2023-08-06: already crawled successfully.
2026-07-06 03:07:03,333 [INFO] src.corpus_acquisition.downloader: Skipping elcomercio on 2023-08-07: already crawled successfully.
2026-07-06 03:07:03,334 [INFO] src.corpus_acquisition.downloader: Skipping elcomercio on 2023-08-08: already crawled successfully.
2026-07-06 03:07:03,335 [INFO] src.corpus_acquisition.downloader: Skipping elcomercio on 2023-08-09: already crawled successfully.
2026-07-06 03:07:03,336 [INFO] src.corpus_acquisition.downloader: Skipping elcomercio on 2023-08-10: already crawled successfully.
2026-07-06 03:07:03,337 [INFO] src.corpus_acquisition.downloader: Skipping elcomercio on 2023-08-11: already crawled successfully.
2026-07-06 03:07:03,338 [INFO] src.corpus_acquisition.downloader: Skipping elcomercio on 2023-08-12: already crawled successfully.
2026-07-06 03:07:03,340 [INFO] src.corpus_acquisition.downloader: Skipping elcomercio on 2023-08-13: already crawled successfully.
2026-07-06 03:07:03,341 [INFO] src.corpus_acquisition.downloader: Skipping elcomercio on 2023-08-14: already crawled successfully.
2026-07-06 03:07:03,342 [INFO] src.corpus_acquisition.downloader: Skipping elcomercio on 2023-08-15: already crawled successfully.
2026-07-06 03:07:03,343 [INFO] src.corpus_acquisition.downloader: Skipping elcomercio on 2023-08-16: already crawled successfully.
2026-07-06 03:07:03,344 [INFO] src.corpus_acquisition.downloader: Skipping elcomercio on 2023-08-17: already crawled successfully.
2026-07-06 03:07:03,346 [INFO] src.corpus_acquisition.downloader: Skipping elcomercio on 2023-08-18: already crawled successfully.
2026-07-06 03:07:03,347 [INFO] src.corpus_acquisition.downloader: Skipping elcomercio on 2023-08-19: already crawled successfully.
2026-07-06 03:07:03,348 [INFO] src.corpus_acquisition.downloader: Skipping elcomercio on 2023-08-20: already crawled successfully.
2026-07-06 03:07:03,349 [INFO] src.corpus_acquisition.downloader: Skipping elcomercio on 2023-08-21: already crawled successfully.
2026-07-06 03:07:03,361 [INFO] src.corpus_acquisition.downloader: Opening archive for elcomercio on 2023-08-22
2026-07-06 03:07:09,535 [INFO] src.corpus_acquisition.downloader: Collected 7 / 1000 pages
2026-07-06 03:07:13,715 [INFO] src.corpus_acquisition.downloader: Collected 9 / 1000 pages
2026-07-06 03:07:15,812 [INFO] src.corpus_acquisition.downloader: Collected 11 / 1000 pages
2026-07-06 03:07:17,904 [INFO] src.corpus_acquisition.downloader: Collected 13 / 1000 pages
2026-07-06 03:07:20,005 [INFO] src.corpus_acquisition.downloader: Collected 15 / 1000 pages
2026-07-06 03:07:22,104 [INFO] src.corpus_acquisition.downloader: Collected 17 / 1000 pages
2026-07-06 03:07:24,201 [INFO] src.corpus_acquisition.downloader: Collected 19 / 1000 pages
2026-07-06 03:07:26,290 [INFO] src.corpus_acquisition.downloader: Collected 20 / 1000 pages
2026-07-06 03:07:32,573 [WARNING] src.corpus_acquisition.downloader: No new pages found after 3 attempts; stopping with 20 page(s).
2026-07-06 03:07:32,603 [INFO] src.corpus_acquisition.downloader: Page 1 already downloaded, skipping.
2026-07-06 03:07:32,603 [INFO] src.corpus_acquisition.downloader: Page 2 already downloaded, skipping.
2026-07-06 03:07:32,603 [INFO] src.corpus_acquisition.downloader: Page 3 already downloaded, skipping.
2026-07-06 03:07:32,603 [INFO] src.corpus_acquisition.downloader: Page 4 already downloaded, skipping.
2026-07-06 03:07:32,604 [INFO] src.corpus_acquisition.downloader: Downloading page 5 from https://i.prcdn.co/img?file=eaaj2023082200000000001001&page=5&scale=195&ticket=AKzDjm2uGzQMDvz3C2gCnig%3D
2026-07-06 03:07:32,605 [INFO] src.corpus_acquisition.crawler: Downloading -> data/raw/images/elcomercio/2023/08/22/elcomercio_2023-08-22_5.jpg
2026-07-06 03:07:36,412 [INFO] src.corpus_acquisition.downloader: Page 6 already downloaded, skipping.
2026-07-06 03:07:36,412 [INFO] src.corpus_acquisition.downloader: Page 7 already downloaded, skipping.
2026-07-06 03:07:36,412 [INFO] src.corpus_acquisition.downloader: Page 8 already downloaded, skipping.
2026-07-06 03:07:36,412 [INFO] src.corpus_acquisition.downloader: Page 9 already downloaded, skipping.
2026-07-06 03:07:36,412 [INFO] src.corpus_acquisition.downloader: Page 10 already downloaded, skipping.
2026-07-06 03:07:36,412 [INFO] src.corpus_acquisition.downloader: Page 11 already downloaded, skipping.
2026-07-06 03:07:36,412 [INFO] src.corpus_acquisition.downloader: Page 12 already downloaded, skipping.
2026-07-06 03:07:36,412 [INFO] src.corpus_acquisition.downloader: Page 13 already downloaded, skipping.
2026-07-06 03:07:36,412 [INFO] src.corpus_acquisition.downloader: Page 14 already downloaded, skipping.
2026-07-06 03:07:36,412 [INFO] src.corpus_acquisition.downloader: Page 15 already downloaded, skipping.
2026-07-06 03:07:36,412 [INFO] src.corpus_acquisition.downloader: Page 16 already downloaded, skipping.
2026-07-06 03:07:36,413 [INFO] src.corpus_acquisition.downloader: Page 17 already downloaded, skipping.
2026-07-06 03:07:36,413 [INFO] src.corpus_acquisition.downloader: Page 18 already downloaded, skipping.
2026-07-06 03:07:36,413 [INFO] src.corpus_acquisition.downloader: Page 19 already downloaded, skipping.
2026-07-06 03:07:36,413 [INFO] src.corpus_acquisition.downloader: Page 20 already downloaded, skipping.
2026-07-06 03:07:36,524 [INFO] src.corpus_acquisition.metadata_extractor: Saved metadata for 1 page(s) -> data/raw/metadata/raw_metadata.parquet (total rows: 69076)
2026-07-06 03:07:36,530 [INFO] src.corpus_acquisition.metadata_extractor: Saved crawl log -> data/raw/crawl_logs/elcomercio_2023-08-22.json (status=success)
2026-07-06 03:07:38,866 [INFO] src.corpus_acquisition.downloader: Skipping elcomercio on 2023-08-23: already crawled successfully.
2026-07-06 03:07:38,867 [INFO] src.corpus_acquisition.downloader: Skipping elcomercio on 2023-08-24: already crawled successfully.
2026-07-06 03:07:38,869 [INFO] src.corpus_acquisition.downloader: Skipping elcomercio on 2023-08-25: already crawled successfully.
2026-07-06 03:07:38,870 [INFO] src.corpus_acquisition.downloader: Skipping elcomercio on 2023-08-26: already crawled successfully.
2026-07-06 03:07:38,871 [INFO] src.corpus_acquisition.downloader: Skipping elcomercio on 2023-08-27: already crawled successfully.
2026-07-06 03:07:38,872 [INFO] src.corpus_acquisition.downloader: Skipping elcomercio on 2023-08-28: already crawled successfully.
2026-07-06 03:07:38,873 [INFO] src.corpus_acquisition.downloader: Skipping elcomercio on 2023-08-29: already crawled successfully.
2026-07-06 03:07:38,874 [INFO] src.corpus_acquisition.downloader: Skipping elcomercio on 2023-08-30: already crawled successfully.
2026-07-06 03:07:38,876 [INFO] src.corpus_acquisition.downloader: Skipping elcomercio on 2023-08-31: already crawled successfully.
2026-07-06 03:07:38,877 [INFO] src.corpus_acquisition.downloader: Skipping elcomercio on 2023-09-01: already crawled successfully.
2026-07-06 03:07:38,878 [INFO] src.corpus_acquisition.downloader: Skipping elcomercio on 2023-09-02: already crawled successfully.
2026-07-06 03:07:38,879 [INFO] src.corpus_acquisition.downloader: Skipping elcomercio on 2023-09-03: already crawled successfully.
2026-07-06 03:07:38,880 [INFO] src.corpus_acquisition.downloader: Skipping elcomercio on 2023-09-04: already crawled successfully.
2026-07-06 03:07:38,882 [INFO] src.corpus_acquisition.downloader: Skipping elcomercio on 2023-09-05: already crawled successfully.
2026-07-06 03:07:38,883 [INFO] src.corpus_acquisition.downloader: Skipping elcomercio on 2023-09-06: already crawled successfully.
2026-07-06 03:07:38,884 [INFO] src.corpus_acquisition.downloader: Skipping elcomercio on 2023-09-07: already crawled successfully.
2026-07-06 03:07:38,885 [INFO] src.corpus_acquisition.downloader: Skipping elcomercio on 2023-09-08: already crawled successfully.
2026-07-06 03:07:38,887 [INFO] src.corpus_acquisition.downloader: Skipping elcomercio on 2023-09-09: already crawled successfully.
2026-07-06 03:07:38,888 [INFO] src.corpus_acquisition.downloader: Skipping elcomercio on 2023-09-10: already crawled successfully.
2026-07-06 03:07:38,889 [INFO] src.corpus_acquisition.downloader: Skipping elcomercio on 2023-09-11: already crawled successfully.
2026-07-06 03:07:38,890 [INFO] src.corpus_acquisition.downloader: Skipping elcomercio on 2023-09-12: already crawled successfully.
2026-07-06 03:07:38,892 [INFO] src.corpus_acquisition.downloader: Skipping elcomercio on 2023-09-13: already crawled successfully.
2026-07-06 03:07:38,893 [INFO] src.corpus_acquisition.downloader: Skipping elcomercio on 2023-09-14: already crawled successfully.
2026-07-06 03:07:38,894 [INFO] src.corpus_acquisition.downloader: Skipping elcomercio on 2023-09-15: already crawled successfully.
2026-07-06 03:07:38,895 [INFO] src.corpus_acquisition.downloader: Skipping elcomercio on 2023-09-16: already crawled successfully.
2026-07-06 03:07:38,896 [INFO] src.corpus_acquisition.downloader: Skipping elcomercio on 2023-09-17: already crawled successfully.
2026-07-06 03:07:38,898 [INFO] src.corpus_acquisition.downloader: Skipping elcomercio on 2023-09-18: already crawled successfully.
2026-07-06 03:07:38,899 [INFO] src.corpus_acquisition.downloader: Skipping elcomercio on 2023-09-19: already crawled successfully.
2026-07-06 03:07:38,900 [INFO] src.corpus_acquisition.downloader: Skipping elcomercio on 2023-09-20: already crawled successfully.
2026-07-06 03:07:38,901 [INFO] src.corpus_acquisition.downloader: Skipping elcomercio on 2023-09-21: already crawled successfully.
2026-07-06 03:07:38,902 [INFO] src.corpus_acquisition.downloader: Skipping elcomercio on 2023-09-22: already crawled successfully.
2026-07-06 03:07:38,903 [INFO] src.corpus_acquisition.downloader: Skipping elcomercio on 2023-09-23: already crawled successfully.
2026-07-06 03:07:38,905 [INFO] src.corpus_acquisition.downloader: Skipping elcomercio on 2023-09-24: already crawled successfully.
2026-07-06 03:07:38,906 [INFO] src.corpus_acquisition.downloader: Skipping elcomercio on 2023-09-25: already crawled successfully.
2026-07-06 03:07:38,907 [INFO] src.corpus_acquisition.downloader: Skipping elcomercio on 2023-09-26: already crawled successfully.
2026-07-06 03:07:38,908 [INFO] src.corpus_acquisition.downloader: Skipping elcomercio on 2023-09-27: already crawled successfully.
2026-07-06 03:07:38,909 [INFO] src.corpus_acquisition.downloader: Skipping elcomercio on 2023-09-28: already crawled successfully.
2026-07-06 03:07:38,911 [INFO] src.corpus_acquisition.downloader: Skipping elcomercio on 2023-09-29: already crawled successfully.
2026-07-06 03:07:38,912 [INFO] src.corpus_acquisition.downloader: Skipping elcomercio on 2023-09-30: already crawled successfully.
2026-07-06 03:07:38,913 [INFO] src.corpus_acquisition.downloader: Skipping elcomercio on 2023-10-01: already crawled successfully.
2026-07-06 03:07:38,914 [INFO] src.corpus_acquisition.downloader: Skipping elcomercio on 2023-10-02: already crawled successfully.
2026-07-06 03:07:38,915 [INFO] src.corpus_acquisition.downloader: Skipping elcomercio on 2023-10-03: already crawled successfully.
2026-07-06 03:07:38,916 [INFO] src.corpus_acquisition.downloader: Skipping elcomercio on 2023-10-04: already crawled successfully.
2026-07-06 03:07:38,918 [INFO] src.corpus_acquisition.downloader: Skipping elcomercio on 2023-10-05: already crawled successfully.
2026-07-06 03:07:38,919 [INFO] src.corpus_acquisition.downloader: Skipping elcomercio on 2023-10-06: already crawled successfully.
2026-07-06 03:07:38,920 [INFO] src.corpus_acquisition.downloader: Skipping elcomercio on 2023-10-07: already crawled successfully.
2026-07-06 03:07:38,921 [INFO] src.corpus_acquisition.downloader: Skipping elcomercio on 2023-10-08: already crawled successfully.
2026-07-06 03:07:38,922 [INFO] src.corpus_acquisition.downloader: Skipping elcomercio on 2023-10-09: already crawled successfully.
2026-07-06 03:07:38,924 [INFO] src.corpus_acquisition.downloader: Skipping elcomercio on 2023-10-10: already crawled successfully.
2026-07-06 03:07:38,925 [INFO] src.corpus_acquisition.downloader: Skipping elcomercio on 2023-10-11: already crawled successfully.
2026-07-06 03:07:38,926 [INFO] src.corpus_acquisition.downloader: Skipping elcomercio on 2023-10-12: already crawled successfully.
2026-07-06 03:07:38,927 [INFO] src.corpus_acquisition.downloader: Skipping elcomercio on 2023-10-13: already crawled successfully.
2026-07-06 03:07:38,928 [INFO] src.corpus_acquisition.downloader: Skipping elcomercio on 2023-10-14: already crawled successfully.
2026-07-06 03:07:38,929 [INFO] src.corpus_acquisition.downloader: Skipping elcomercio on 2023-10-15: already crawled successfully.
2026-07-06 03:07:38,931 [INFO] src.corpus_acquisition.downloader: Skipping elcomercio on 2023-10-16: already crawled successfully.
2026-07-06 03:07:38,932 [INFO] src.corpus_acquisition.downloader: Skipping elcomercio on 2023-10-17: already crawled successfully.
2026-07-06 03:07:38,933 [INFO] src.corpus_acquisition.downloader: Skipping elcomercio on 2023-10-18: already crawled successfully.
2026-07-06 03:07:38,934 [INFO] src.corpus_acquisition.downloader: Skipping elcomercio on 2023-10-19: already crawled successfully.
2026-07-06 03:07:38,936 [INFO] src.corpus_acquisition.downloader: Skipping elcomercio on 2023-10-20: already crawled successfully.
2026-07-06 03:07:38,937 [INFO] src.corpus_acquisition.downloader: Skipping elcomercio on 2023-10-21: already crawled successfully.
2026-07-06 03:07:38,938 [INFO] src.corpus_acquisition.downloader: Skipping elcomercio on 2023-10-22: already crawled successfully.
2026-07-06 03:07:38,940 [INFO] src.corpus_acquisition.downloader: Skipping elcomercio on 2023-10-23: already crawled successfully.
2026-07-06 03:07:38,941 [INFO] src.corpus_acquisition.downloader: Skipping elcomercio on 2023-10-24: already crawled successfully.
2026-07-06 03:07:38,943 [INFO] src.corpus_acquisition.downloader: Skipping elcomercio on 2023-10-25: already crawled successfully.
2026-07-06 03:07:38,944 [INFO] src.corpus_acquisition.downloader: Skipping elcomercio on 2023-10-26: already crawled successfully.
2026-07-06 03:07:38,952 [INFO] src.corpus_acquisition.downloader: Opening archive for elcomercio on 2023-10-27
2026-07-06 03:07:44,813 [INFO] src.corpus_acquisition.downloader: Collected 7 / 1000 pages
2026-07-06 03:07:48,983 [INFO] src.corpus_acquisition.downloader: Collected 9 / 1000 pages
2026-07-06 03:07:51,082 [INFO] src.corpus_acquisition.downloader: Collected 11 / 1000 pages
2026-07-06 03:07:53,166 [INFO] src.corpus_acquisition.downloader: Collected 13 / 1000 pages
2026-07-06 03:07:55,262 [INFO] src.corpus_acquisition.downloader: Collected 15 / 1000 pages
2026-07-06 03:07:57,352 [INFO] src.corpus_acquisition.downloader: Collected 17 / 1000 pages
2026-07-06 03:07:59,446 [INFO] src.corpus_acquisition.downloader: Collected 19 / 1000 pages
2026-07-06 03:08:01,534 [INFO] src.corpus_acquisition.downloader: Collected 21 / 1000 pages
2026-07-06 03:08:03,634 [INFO] src.corpus_acquisition.downloader: Collected 23 / 1000 pages
2026-07-06 03:08:05,733 [INFO] src.corpus_acquisition.downloader: Collected 24 / 1000 pages
2026-07-06 03:08:12,021 [WARNING] src.corpus_acquisition.downloader: No new pages found after 3 attempts; stopping with 24 page(s).
2026-07-06 03:08:12,052 [INFO] src.corpus_acquisition.downloader: Page 1 already downloaded, skipping.
2026-07-06 03:08:12,052 [INFO] src.corpus_acquisition.downloader: Page 2 already downloaded, skipping.
2026-07-06 03:08:12,052 [INFO] src.corpus_acquisition.downloader: Page 3 already downloaded, skipping.
2026-07-06 03:08:12,052 [INFO] src.corpus_acquisition.downloader: Page 4 already downloaded, skipping.
2026-07-06 03:08:12,052 [INFO] src.corpus_acquisition.downloader: Page 5 already downloaded, skipping.
2026-07-06 03:08:12,052 [INFO] src.corpus_acquisition.downloader: Page 6 already downloaded, skipping.
2026-07-06 03:08:12,052 [INFO] src.corpus_acquisition.downloader: Page 7 already downloaded, skipping.
2026-07-06 03:08:12,052 [INFO] src.corpus_acquisition.downloader: Page 8 already downloaded, skipping.
2026-07-06 03:08:12,052 [INFO] src.corpus_acquisition.downloader: Page 9 already downloaded, skipping.
2026-07-06 03:08:12,052 [INFO] src.corpus_acquisition.downloader: Page 10 already downloaded, skipping.
2026-07-06 03:08:12,053 [INFO] src.corpus_acquisition.downloader: Downloading page 11 from https://i.prcdn.co/img?file=eaaj2023102700000000001001&page=11&scale=195&ticket=AD5dMyaujIMT9CpjaClAqe8%3D
2026-07-06 03:08:12,054 [INFO] src.corpus_acquisition.crawler: Downloading -> data/raw/images/elcomercio/2023/10/27/elcomercio_2023-10-27_11.jpg
2026-07-06 03:08:14,339 [INFO] src.corpus_acquisition.downloader: Page 12 already downloaded, skipping.
2026-07-06 03:08:14,339 [INFO] src.corpus_acquisition.downloader: Page 13 already downloaded, skipping.
2026-07-06 03:08:14,340 [INFO] src.corpus_acquisition.downloader: Page 14 already downloaded, skipping.
2026-07-06 03:08:14,340 [INFO] src.corpus_acquisition.downloader: Page 15 already downloaded, skipping.
2026-07-06 03:08:14,340 [INFO] src.corpus_acquisition.downloader: Page 16 already downloaded, skipping.
2026-07-06 03:08:14,340 [INFO] src.corpus_acquisition.downloader: Page 17 already downloaded, skipping.
2026-07-06 03:08:14,340 [INFO] src.corpus_acquisition.downloader: Page 18 already downloaded, skipping.
2026-07-06 03:08:14,340 [INFO] src.corpus_acquisition.downloader: Page 19 already downloaded, skipping.
2026-07-06 03:08:14,340 [INFO] src.corpus_acquisition.downloader: Page 20 already downloaded, skipping.
2026-07-06 03:08:14,340 [INFO] src.corpus_acquisition.downloader: Page 21 already downloaded, skipping.
2026-07-06 03:08:14,340 [INFO] src.corpus_acquisition.downloader: Page 22 already downloaded, skipping.
2026-07-06 03:08:14,340 [INFO] src.corpus_acquisition.downloader: Page 23 already downloaded, skipping.
2026-07-06 03:08:14,340 [INFO] src.corpus_acquisition.downloader: Page 24 already downloaded, skipping.
2026-07-06 03:08:14,449 [INFO] src.corpus_acquisition.metadata_extractor: Saved metadata for 1 page(s) -> data/raw/metadata/raw_metadata.parquet (total rows: 69077)
2026-07-06 03:08:14,453 [INFO] src.corpus_acquisition.metadata_extractor: Saved crawl log -> data/raw/crawl_logs/elcomercio_2023-10-27.json (status=success)
2026-07-06 03:08:16,671 [INFO] src.corpus_acquisition.downloader: Skipping elcomercio on 2023-10-28: already crawled successfully.
2026-07-06 03:08:16,672 [INFO] src.corpus_acquisition.downloader: Skipping elcomercio on 2023-10-29: already crawled successfully.
2026-07-06 03:08:16,673 [INFO] src.corpus_acquisition.downloader: Skipping elcomercio on 2023-10-30: already crawled successfully.
2026-07-06 03:08:16,674 [INFO] src.corpus_acquisition.downloader: Skipping elcomercio on 2023-10-31: already crawled successfully.
2026-07-06 03:08:16,675 [INFO] src.corpus_acquisition.downloader: Skipping elcomercio on 2023-11-01: already crawled successfully.
2026-07-06 03:08:16,676 [INFO] src.corpus_acquisition.downloader: Skipping elcomercio on 2023-11-02: already crawled successfully.
2026-07-06 03:08:16,678 [INFO] src.corpus_acquisition.downloader: Skipping elcomercio on 2023-11-03: already crawled successfully.
2026-07-06 03:08:16,679 [INFO] src.corpus_acquisition.downloader: Skipping elcomercio on 2023-11-04: already crawled successfully.
2026-07-06 03:08:16,680 [INFO] src.corpus_acquisition.downloader: Skipping elcomercio on 2023-11-05: already crawled successfully.
2026-07-06 03:08:16,681 [INFO] src.corpus_acquisition.downloader: Skipping elcomercio on 2023-11-06: already crawled successfully.
2026-07-06 03:08:16,682 [INFO] src.corpus_acquisition.downloader: Skipping elcomercio on 2023-11-07: already crawled successfully.
2026-07-06 03:08:16,684 [INFO] src.corpus_acquisition.downloader: Skipping elcomercio on 2023-11-08: already crawled successfully.
2026-07-06 03:08:16,685 [INFO] src.corpus_acquisition.downloader: Skipping elcomercio on 2023-11-09: already crawled successfully.
2026-07-06 03:08:16,686 [INFO] src.corpus_acquisition.downloader: Skipping elcomercio on 2023-11-10: already crawled successfully.
2026-07-06 03:08:16,687 [INFO] src.corpus_acquisition.downloader: Skipping elcomercio on 2023-11-11: already crawled successfully.
2026-07-06 03:08:16,689 [INFO] src.corpus_acquisition.downloader: Skipping elcomercio on 2023-11-12: already crawled successfully.
2026-07-06 03:08:16,690 [INFO] src.corpus_acquisition.downloader: Skipping elcomercio on 2023-11-13: already crawled successfully.
2026-07-06 03:08:16,691 [INFO] src.corpus_acquisition.downloader: Skipping elcomercio on 2023-11-14: already crawled successfully.
2026-07-06 03:08:16,692 [INFO] src.corpus_acquisition.downloader: Skipping elcomercio on 2023-11-15: already crawled successfully.
2026-07-06 03:08:16,693 [INFO] src.corpus_acquisition.downloader: Skipping elcomercio on 2023-11-16: already crawled successfully.
2026-07-06 03:08:16,694 [INFO] src.corpus_acquisition.downloader: Skipping elcomercio on 2023-11-17: already crawled successfully.
2026-07-06 03:08:16,696 [INFO] src.corpus_acquisition.downloader: Skipping elcomercio on 2023-11-18: already crawled successfully.
2026-07-06 03:08:16,697 [INFO] src.corpus_acquisition.downloader: Skipping elcomercio on 2023-11-19: already crawled successfully.
2026-07-06 03:08:16,698 [INFO] src.corpus_acquisition.downloader: Skipping elcomercio on 2023-11-20: already crawled successfully.
2026-07-06 03:08:16,699 [INFO] src.corpus_acquisition.downloader: Skipping elcomercio on 2023-11-21: already crawled successfully.
2026-07-06 03:08:16,701 [INFO] src.corpus_acquisition.downloader: Skipping elcomercio on 2023-11-22: already crawled successfully.
2026-07-06 03:08:16,702 [INFO] src.corpus_acquisition.downloader: Skipping elcomercio on 2023-11-23: already crawled successfully.
2026-07-06 03:08:16,703 [INFO] src.corpus_acquisition.downloader: Skipping elcomercio on 2023-11-24: already crawled successfully.
2026-07-06 03:08:16,704 [INFO] src.corpus_acquisition.downloader: Skipping elcomercio on 2023-11-25: already crawled successfully.
2026-07-06 03:08:16,705 [INFO] src.corpus_acquisition.downloader: Skipping elcomercio on 2023-11-26: already crawled successfully.
2026-07-06 03:08:16,707 [INFO] src.corpus_acquisition.downloader: Skipping elcomercio on 2023-11-27: already crawled successfully.
2026-07-06 03:08:16,716 [INFO] src.corpus_acquisition.downloader: Opening archive for elcomercio on 2023-11-28
2026-07-06 03:08:22,579 [INFO] src.corpus_acquisition.downloader: Collected 7 / 1000 pages
2026-07-06 03:08:26,742 [INFO] src.corpus_acquisition.downloader: Collected 9 / 1000 pages
2026-07-06 03:08:28,837 [INFO] src.corpus_acquisition.downloader: Collected 11 / 1000 pages
2026-07-06 03:08:30,931 [INFO] src.corpus_acquisition.downloader: Collected 13 / 1000 pages
2026-07-06 03:08:33,012 [INFO] src.corpus_acquisition.downloader: Collected 15 / 1000 pages
2026-07-06 03:08:35,106 [INFO] src.corpus_acquisition.downloader: Collected 17 / 1000 pages
2026-07-06 03:08:37,203 [INFO] src.corpus_acquisition.downloader: Collected 19 / 1000 pages
2026-07-06 03:08:39,298 [INFO] src.corpus_acquisition.downloader: Collected 20 / 1000 pages
2026-07-06 03:08:45,581 [WARNING] src.corpus_acquisition.downloader: No new pages found after 3 attempts; stopping with 20 page(s).
2026-07-06 03:08:45,611 [INFO] src.corpus_acquisition.downloader: Page 1 already downloaded, skipping.
2026-07-06 03:08:45,611 [INFO] src.corpus_acquisition.downloader: Page 2 already downloaded, skipping.
2026-07-06 03:08:45,611 [INFO] src.corpus_acquisition.downloader: Page 3 already downloaded, skipping.
2026-07-06 03:08:45,611 [INFO] src.corpus_acquisition.downloader: Page 4 already downloaded, skipping.
2026-07-06 03:08:45,611 [INFO] src.corpus_acquisition.downloader: Page 5 already downloaded, skipping.
2026-07-06 03:08:45,611 [INFO] src.corpus_acquisition.downloader: Page 6 already downloaded, skipping.
2026-07-06 03:08:45,611 [INFO] src.corpus_acquisition.downloader: Page 7 already downloaded, skipping.
2026-07-06 03:08:45,611 [INFO] src.corpus_acquisition.downloader: Page 8 already downloaded, skipping.
2026-07-06 03:08:45,611 [INFO] src.corpus_acquisition.downloader: Page 9 already downloaded, skipping.
2026-07-06 03:08:45,611 [INFO] src.corpus_acquisition.downloader: Page 10 already downloaded, skipping.
2026-07-06 03:08:45,611 [INFO] src.corpus_acquisition.downloader: Page 11 already downloaded, skipping.
2026-07-06 03:08:45,611 [INFO] src.corpus_acquisition.downloader: Page 12 already downloaded, skipping.
2026-07-06 03:08:45,611 [INFO] src.corpus_acquisition.downloader: Page 13 already downloaded, skipping.
2026-07-06 03:08:45,611 [INFO] src.corpus_acquisition.downloader: Page 14 already downloaded, skipping.
2026-07-06 03:08:45,612 [INFO] src.corpus_acquisition.downloader: Downloading page 15 from https://i.prcdn.co/img?file=eaaj2023112800000000001001&page=15&scale=195&ticket=AHOLAkI1iEMiZbXLTGtRkvc%3D
2026-07-06 03:08:45,613 [INFO] src.corpus_acquisition.crawler: Downloading -> data/raw/images/elcomercio/2023/11/28/elcomercio_2023-11-28_15.jpg
2026-07-06 03:08:48,282 [INFO] src.corpus_acquisition.downloader: Page 16 already downloaded, skipping.
2026-07-06 03:08:48,282 [INFO] src.corpus_acquisition.downloader: Page 17 already downloaded, skipping.
2026-07-06 03:08:48,282 [INFO] src.corpus_acquisition.downloader: Page 18 already downloaded, skipping.
2026-07-06 03:08:48,283 [INFO] src.corpus_acquisition.downloader: Page 19 already downloaded, skipping.
2026-07-06 03:08:48,283 [INFO] src.corpus_acquisition.downloader: Page 20 already downloaded, skipping.
2026-07-06 03:08:48,396 [INFO] src.corpus_acquisition.metadata_extractor: Saved metadata for 1 page(s) -> data/raw/metadata/raw_metadata.parquet (total rows: 69078)
2026-07-06 03:08:48,402 [INFO] src.corpus_acquisition.metadata_extractor: Saved crawl log -> data/raw/crawl_logs/elcomercio_2023-11-28.json (status=success)
2026-07-06 03:08:50,642 [INFO] src.corpus_acquisition.downloader: Skipping elcomercio on 2023-11-29: already crawled successfully.
2026-07-06 03:08:50,643 [INFO] src.corpus_acquisition.downloader: Opening archive for elcomercio on 2023-11-30
2026-07-06 03:08:56,550 [INFO] src.corpus_acquisition.downloader: Collected 7 / 1000 pages
2026-07-06 03:09:00,810 [INFO] src.corpus_acquisition.downloader: Collected 8 / 1000 pages
2026-07-06 03:09:02,899 [INFO] src.corpus_acquisition.downloader: Collected 11 / 1000 pages
2026-07-06 03:09:05,002 [INFO] src.corpus_acquisition.downloader: Collected 13 / 1000 pages
2026-07-06 03:09:07,210 [INFO] src.corpus_acquisition.downloader: Collected 15 / 1000 pages
2026-07-06 03:09:09,296 [INFO] src.corpus_acquisition.downloader: Collected 17 / 1000 pages
2026-07-06 03:09:11,380 [INFO] src.corpus_acquisition.downloader: Collected 19 / 1000 pages
2026-07-06 03:09:13,462 [INFO] src.corpus_acquisition.downloader: Collected 20 / 1000 pages
2026-07-06 03:09:19,746 [WARNING] src.corpus_acquisition.downloader: No new pages found after 3 attempts; stopping with 20 page(s).
2026-07-06 03:09:19,775 [INFO] src.corpus_acquisition.downloader: Downloading page 1 from https://t.prcdn.co/img?file=eaaj2023113000000000001001&page=1&scale=195
2026-07-06 03:09:19,780 [INFO] src.corpus_acquisition.crawler: Downloading -> data/raw/images/elcomercio/2023/11/30/elcomercio_2023-11-30_1.jpg
2026-07-06 03:09:22,460 [INFO] src.corpus_acquisition.downloader: Downloading page 2 from https://i.prcdn.co/img?file=eaaj2023113000000000001001&page=2&scale=195&ticket=ACvVNx%2FdN9WHJzAQ351Ilr8%3D
2026-07-06 03:09:22,460 [INFO] src.corpus_acquisition.crawler: Downloading -> data/raw/images/elcomercio/2023/11/30/elcomercio_2023-11-30_2.jpg
2026-07-06 03:09:25,152 [INFO] src.corpus_acquisition.downloader: Downloading page 3 from https://i.prcdn.co/img?file=eaaj2023113000000000001001&page=3&scale=195&ticket=AI0VA8hiJu4vNm9yh5zzYSs%3D
2026-07-06 03:09:25,152 [INFO] src.corpus_acquisition.crawler: Downloading -> data/raw/images/elcomercio/2023/11/30/elcomercio_2023-11-30_3.jpg
2026-07-06 03:09:29,119 [INFO] src.corpus_acquisition.downloader: Downloading page 4 from https://i.prcdn.co/img?file=eaaj2023113000000000001001&page=4&scale=195&ticket=AB%2FmX6WlAcCLJawaC6DKdWU%3D
2026-07-06 03:09:29,120 [INFO] src.corpus_acquisition.crawler: Downloading -> data/raw/images/elcomercio/2023/11/30/elcomercio_2023-11-30_4.jpg
2026-07-06 03:09:31,872 [INFO] src.corpus_acquisition.downloader: Downloading page 5 from https://i.prcdn.co/img?file=eaaj2023113000000000001001&page=5&scale=195&ticket=AJ1DUlWvGpsunlKDyTuCdp4%3D
2026-07-06 03:09:31,873 [INFO] src.corpus_acquisition.crawler: Downloading -> data/raw/images/elcomercio/2023/11/30/elcomercio_2023-11-30_5.jpg
2026-07-06 03:09:33,931 [INFO] src.corpus_acquisition.downloader: Downloading page 6 from https://i.prcdn.co/img?file=eaaj2023113000000000001001&page=6&scale=195&ticket=AJnxuFYZ5XsCzNDP0pQX2zY%3D
2026-07-06 03:09:33,932 [INFO] src.corpus_acquisition.crawler: Downloading -> data/raw/images/elcomercio/2023/11/30/elcomercio_2023-11-30_6.jpg
2026-07-06 03:09:36,372 [INFO] src.corpus_acquisition.downloader: Downloading page 7 from https://i.prcdn.co/img?file=eaaj2023113000000000001001&page=7&scale=195&ticket=AKOg4CaGRxKWy4zsKJ3Z4BQ%3D
2026-07-06 03:09:36,372 [INFO] src.corpus_acquisition.crawler: Downloading -> data/raw/images/elcomercio/2023/11/30/elcomercio_2023-11-30_7.jpg
2026-07-06 03:09:38,431 [INFO] src.corpus_acquisition.downloader: Downloading page 8 from https://i.prcdn.co/img?file=eaaj2023113000000000001001&page=8&scale=195&ticket=AL83D%2BhuYgg2sg2tbSPBbGk%3D
2026-07-06 03:09:38,431 [INFO] src.corpus_acquisition.crawler: Downloading -> data/raw/images/elcomercio/2023/11/30/elcomercio_2023-11-30_8.jpg
2026-07-06 03:09:40,545 [INFO] src.corpus_acquisition.downloader: Downloading page 9 from https://i.prcdn.co/img?file=eaaj2023113000000000001001&page=9&scale=195&ticket=AIB1%2FZp32lcELgyIazquXlU%3D
2026-07-06 03:09:40,545 [INFO] src.corpus_acquisition.crawler: Downloading -> data/raw/images/elcomercio/2023/11/30/elcomercio_2023-11-30_9.jpg
2026-07-06 03:09:42,399 [INFO] src.corpus_acquisition.downloader: Downloading page 10 from https://i.prcdn.co/img?file=eaaj2023113000000000001001&page=10&scale=195&ticket=AFVAc8Y%2BwAEpFi0ystuFo9s%3D
2026-07-06 03:09:42,399 [INFO] src.corpus_acquisition.crawler: Downloading -> data/raw/images/elcomercio/2023/11/30/elcomercio_2023-11-30_10.jpg
2026-07-06 03:09:45,102 [INFO] src.corpus_acquisition.downloader: Downloading page 11 from https://i.prcdn.co/img?file=eaaj2023113000000000001001&page=11&scale=195&ticket=AG6%2Fsp%2By318Wr7LkgW7LCCM%3D
2026-07-06 03:09:45,103 [INFO] src.corpus_acquisition.crawler: Downloading -> data/raw/images/elcomercio/2023/11/30/elcomercio_2023-11-30_11.jpg
2026-07-06 03:09:47,682 [INFO] src.corpus_acquisition.downloader: Downloading page 12 from https://i.prcdn.co/img?file=eaaj2023113000000000001001&page=12&scale=195&ticket=AAhFZZvhQe1ybFkY%2BfsT8LE%3D
2026-07-06 03:09:47,682 [INFO] src.corpus_acquisition.crawler: Downloading -> data/raw/images/elcomercio/2023/11/30/elcomercio_2023-11-30_12.jpg
2026-07-06 03:09:49,980 [INFO] src.corpus_acquisition.downloader: Downloading page 13 from https://i.prcdn.co/img?file=eaaj2023113000000000001001&page=13&scale=195&ticket=AM1QfKazmZclIuiyTX5kE64%3D
2026-07-06 03:09:49,980 [INFO] src.corpus_acquisition.crawler: Downloading -> data/raw/images/elcomercio/2023/11/30/elcomercio_2023-11-30_13.jpg
2026-07-06 03:09:52,253 [INFO] src.corpus_acquisition.downloader: Downloading page 14 from https://i.prcdn.co/img?file=eaaj2023113000000000001001&page=14&scale=195&ticket=AOTlKPTTZOY8d2WVcVooKsM%3D
2026-07-06 03:09:52,253 [INFO] src.corpus_acquisition.crawler: Downloading -> data/raw/images/elcomercio/2023/11/30/elcomercio_2023-11-30_14.jpg
2026-07-06 03:09:55,010 [INFO] src.corpus_acquisition.downloader: Downloading page 15 from https://i.prcdn.co/img?file=eaaj2023113000000000001001&page=15&scale=195&ticket=AGZxhtqrwdLACsqxoHaNy5I%3D
2026-07-06 03:09:55,011 [INFO] src.corpus_acquisition.crawler: Downloading -> data/raw/images/elcomercio/2023/11/30/elcomercio_2023-11-30_15.jpg
2026-07-06 03:09:57,154 [INFO] src.corpus_acquisition.downloader: Downloading page 16 from https://i.prcdn.co/img?file=eaaj2023113000000000001001&page=16&scale=195&ticket=AA0y7qx74AQCf13C0DqQ4Vk%3D
2026-07-06 03:09:57,154 [INFO] src.corpus_acquisition.crawler: Downloading -> data/raw/images/elcomercio/2023/11/30/elcomercio_2023-11-30_16.jpg
2026-07-06 03:09:59,845 [INFO] src.corpus_acquisition.downloader: Downloading page 17 from https://i.prcdn.co/img?file=eaaj2023113000000000001001&page=17&scale=195&ticket=AN8bBnZ6K6erhJCOySLV9Yc%3D
2026-07-06 03:09:59,846 [INFO] src.corpus_acquisition.crawler: Downloading -> data/raw/images/elcomercio/2023/11/30/elcomercio_2023-11-30_17.jpg
2026-07-06 03:10:02,501 [INFO] src.corpus_acquisition.downloader: Downloading page 18 from https://i.prcdn.co/img?file=eaaj2023113000000000001001&page=18&scale=195&ticket=AJpgNlsZpOvNQAPsSZW9eOE%3D
2026-07-06 03:10:02,501 [INFO] src.corpus_acquisition.crawler: Downloading -> data/raw/images/elcomercio/2023/11/30/elcomercio_2023-11-30_18.jpg
2026-07-06 03:10:05,004 [INFO] src.corpus_acquisition.downloader: Downloading page 19 from https://i.prcdn.co/img?file=eaaj2023113000000000001001&page=19&scale=195&ticket=ABifyLl7TKtA7WZUYn9qivQ%3D
2026-07-06 03:10:05,004 [INFO] src.corpus_acquisition.crawler: Downloading -> data/raw/images/elcomercio/2023/11/30/elcomercio_2023-11-30_19.jpg
2026-07-06 03:10:07,839 [INFO] src.corpus_acquisition.downloader: Downloading page 20 from https://i.prcdn.co/img?file=eaaj2023113000000000001001&page=20&scale=195&ticket=AMWN5F6toL3YnN%2BelFzaUpk%3D
2026-07-06 03:10:07,840 [INFO] src.corpus_acquisition.crawler: Downloading -> data/raw/images/elcomercio/2023/11/30/elcomercio_2023-11-30_20.jpg
2026-07-06 03:10:10,784 [INFO] src.corpus_acquisition.metadata_extractor: Saved metadata for 20 page(s) -> data/raw/metadata/raw_metadata.parquet (total rows: 69098)
2026-07-06 03:10:10,790 [INFO] src.corpus_acquisition.metadata_extractor: Saved crawl log -> data/raw/crawl_logs/elcomercio_2023-11-30.json (status=success)
2026-07-06 03:10:13,664 [INFO] src.corpus_acquisition.downloader: Skipping elcomercio on 2023-12-01: already crawled successfully.
2026-07-06 03:10:13,665 [INFO] src.corpus_acquisition.downloader: Skipping elcomercio on 2023-12-02: already crawled successfully.
2026-07-06 03:10:13,667 [INFO] src.corpus_acquisition.downloader: Skipping elcomercio on 2023-12-03: already crawled successfully.
2026-07-06 03:10:13,668 [INFO] src.corpus_acquisition.downloader: Skipping elcomercio on 2023-12-04: already crawled successfully.
2026-07-06 03:10:13,669 [INFO] src.corpus_acquisition.downloader: Skipping elcomercio on 2023-12-05: already crawled successfully.
2026-07-06 03:10:13,671 [INFO] src.corpus_acquisition.downloader: Skipping elcomercio on 2023-12-06: already crawled successfully.
2026-07-06 03:10:13,673 [INFO] src.corpus_acquisition.downloader: Skipping elcomercio on 2023-12-07: already crawled successfully.
2026-07-06 03:10:13,675 [INFO] src.corpus_acquisition.downloader: Skipping elcomercio on 2023-12-08: already crawled successfully.
2026-07-06 03:10:13,677 [INFO] src.corpus_acquisition.downloader: Skipping elcomercio on 2023-12-09: already crawled successfully.
2026-07-06 03:10:13,678 [INFO] src.corpus_acquisition.downloader: Skipping elcomercio on 2023-12-10: already crawled successfully.
2026-07-06 03:10:13,679 [INFO] src.corpus_acquisition.downloader: Skipping elcomercio on 2023-12-11: already crawled successfully.
2026-07-06 03:10:13,681 [INFO] src.corpus_acquisition.downloader: Skipping elcomercio on 2023-12-12: already crawled successfully.
2026-07-06 03:10:13,682 [INFO] src.corpus_acquisition.downloader: Skipping elcomercio on 2023-12-13: already crawled successfully.
2026-07-06 03:10:13,683 [INFO] src.corpus_acquisition.downloader: Skipping elcomercio on 2023-12-14: already crawled successfully.
2026-07-06 03:10:13,685 [INFO] src.corpus_acquisition.downloader: Skipping elcomercio on 2023-12-15: already crawled successfully.
2026-07-06 03:10:13,686 [INFO] src.corpus_acquisition.downloader: Skipping elcomercio on 2023-12-16: already crawled successfully.
2026-07-06 03:10:13,687 [INFO] src.corpus_acquisition.downloader: Skipping elcomercio on 2023-12-17: already crawled successfully.
2026-07-06 03:10:13,689 [INFO] src.corpus_acquisition.downloader: Skipping elcomercio on 2023-12-18: already crawled successfully.
2026-07-06 03:10:13,690 [INFO] src.corpus_acquisition.downloader: Skipping elcomercio on 2023-12-19: already crawled successfully.
2026-07-06 03:10:13,691 [INFO] src.corpus_acquisition.downloader: Skipping elcomercio on 2023-12-20: already crawled successfully.
2026-07-06 03:10:13,692 [INFO] src.corpus_acquisition.downloader: Skipping elcomercio on 2023-12-21: already crawled successfully.
2026-07-06 03:10:13,694 [INFO] src.corpus_acquisition.downloader: Skipping elcomercio on 2023-12-22: already crawled successfully.
2026-07-06 03:10:13,695 [INFO] src.corpus_acquisition.downloader: Skipping elcomercio on 2023-12-23: already crawled successfully.
2026-07-06 03:10:13,696 [INFO] src.corpus_acquisition.downloader: Skipping elcomercio on 2023-12-24: already crawled successfully.
2026-07-06 03:10:13,697 [INFO] src.corpus_acquisition.downloader: Skipping elcomercio on 2023-12-25: already crawled successfully.
2026-07-06 03:10:13,700 [INFO] src.corpus_acquisition.downloader: Skipping elcomercio on 2023-12-26: already crawled successfully.
2026-07-06 03:10:13,702 [INFO] src.corpus_acquisition.downloader: Skipping elcomercio on 2023-12-27: already crawled successfully.
2026-07-06 03:10:13,703 [INFO] src.corpus_acquisition.downloader: Skipping elcomercio on 2023-12-28: already crawled successfully.
2026-07-06 03:10:13,704 [INFO] src.corpus_acquisition.downloader: Skipping elcomercio on 2023-12-29: already crawled successfully.
2026-07-06 03:10:13,706 [INFO] src.corpus_acquisition.downloader: Skipping elcomercio on 2023-12-30: already crawled successfully.
2026-07-06 03:10:13,707 [INFO] src.corpus_acquisition.downloader: Skipping elcomercio on 2023-12-31: already crawled successfully.
2026-07-06 03:10:13,708 [INFO] src.corpus_acquisition.downloader: Skipping elcomercio on 2024-01-01: already crawled successfully.
2026-07-06 03:10:13,709 [INFO] src.corpus_acquisition.downloader: Skipping elcomercio on 2024-01-02: already crawled successfully.
2026-07-06 03:10:13,710 [INFO] src.corpus_acquisition.downloader: Skipping elcomercio on 2024-01-03: already crawled successfully.
2026-07-06 03:10:13,711 [INFO] src.corpus_acquisition.downloader: Skipping elcomercio on 2024-01-04: already crawled successfully.
2026-07-06 03:10:13,712 [INFO] src.corpus_acquisition.downloader: Skipping elcomercio on 2024-01-05: already crawled successfully.
2026-07-06 03:10:13,713 [INFO] src.corpus_acquisition.downloader: Skipping elcomercio on 2024-01-06: already crawled successfully.
2026-07-06 03:10:13,714 [INFO] src.corpus_acquisition.downloader: Skipping elcomercio on 2024-01-07: already crawled successfully.
2026-07-06 03:10:13,716 [INFO] src.corpus_acquisition.downloader: Skipping elcomercio on 2024-01-08: already crawled successfully.
2026-07-06 03:10:13,717 [INFO] src.corpus_acquisition.downloader: Skipping elcomercio on 2024-01-09: already crawled successfully.
2026-07-06 03:10:13,718 [INFO] src.corpus_acquisition.downloader: Skipping elcomercio on 2024-01-10: already crawled successfully.
2026-07-06 03:10:13,719 [INFO] src.corpus_acquisition.downloader: Skipping elcomercio on 2024-01-11: already crawled successfully.
2026-07-06 03:10:13,720 [INFO] src.corpus_acquisition.downloader: Skipping elcomercio on 2024-01-12: already crawled successfully.
2026-07-06 03:10:13,720 [INFO] src.corpus_acquisition.downloader: Skipping elcomercio on 2024-01-13: already crawled successfully.
2026-07-06 03:10:13,721 [INFO] src.corpus_acquisition.downloader: Skipping elcomercio on 2024-01-14: already crawled successfully.
2026-07-06 03:10:13,723 [INFO] src.corpus_acquisition.downloader: Skipping elcomercio on 2024-01-15: already crawled successfully.
2026-07-06 03:10:13,724 [INFO] src.corpus_acquisition.downloader: Skipping elcomercio on 2024-01-16: already crawled successfully.
2026-07-06 03:10:13,725 [INFO] src.corpus_acquisition.downloader: Skipping elcomercio on 2024-01-17: already crawled successfully.
2026-07-06 03:10:13,726 [INFO] src.corpus_acquisition.downloader: Skipping elcomercio on 2024-01-18: already crawled successfully.
2026-07-06 03:10:13,727 [INFO] src.corpus_acquisition.downloader: Skipping elcomercio on 2024-01-19: already crawled successfully.
2026-07-06 03:10:13,728 [INFO] src.corpus_acquisition.downloader: Skipping elcomercio on 2024-01-20: already crawled successfully.
2026-07-06 03:10:13,729 [INFO] src.corpus_acquisition.downloader: Skipping elcomercio on 2024-01-21: already crawled successfully.
2026-07-06 03:10:13,730 [INFO] src.corpus_acquisition.downloader: Skipping elcomercio on 2024-01-22: already crawled successfully.
2026-07-06 03:10:13,731 [INFO] src.corpus_acquisition.downloader: Skipping elcomercio on 2024-01-23: already crawled successfully.
2026-07-06 03:10:13,736 [INFO] src.corpus_acquisition.downloader: Opening archive for elcomercio on 2024-01-24
2026-07-06 03:10:19,942 [INFO] src.corpus_acquisition.downloader: Collected 7 / 1000 pages
2026-07-06 03:10:24,109 [INFO] src.corpus_acquisition.downloader: Collected 9 / 1000 pages
2026-07-06 03:10:26,195 [INFO] src.corpus_acquisition.downloader: Collected 11 / 1000 pages
2026-07-06 03:10:28,299 [INFO] src.corpus_acquisition.downloader: Collected 13 / 1000 pages
2026-07-06 03:10:30,503 [INFO] src.corpus_acquisition.downloader: Collected 15 / 1000 pages
2026-07-06 03:10:32,610 [INFO] src.corpus_acquisition.downloader: Collected 17 / 1000 pages
2026-07-06 03:10:34,701 [INFO] src.corpus_acquisition.downloader: Collected 19 / 1000 pages
2026-07-06 03:10:36,793 [INFO] src.corpus_acquisition.downloader: Collected 20 / 1000 pages
2026-07-06 03:10:43,079 [WARNING] src.corpus_acquisition.downloader: No new pages found after 3 attempts; stopping with 20 page(s).
2026-07-06 03:10:43,110 [INFO] src.corpus_acquisition.downloader: Page 1 already downloaded, skipping.
2026-07-06 03:10:43,111 [INFO] src.corpus_acquisition.downloader: Page 2 already downloaded, skipping.
2026-07-06 03:10:43,112 [INFO] src.corpus_acquisition.downloader: Page 3 already downloaded, skipping.
2026-07-06 03:10:43,112 [INFO] src.corpus_acquisition.downloader: Page 4 already downloaded, skipping.
2026-07-06 03:10:43,113 [INFO] src.corpus_acquisition.downloader: Page 5 already downloaded, skipping.
2026-07-06 03:10:43,114 [INFO] src.corpus_acquisition.downloader: Page 6 already downloaded, skipping.
2026-07-06 03:10:43,114 [INFO] src.corpus_acquisition.downloader: Page 7 already downloaded, skipping.
2026-07-06 03:10:43,115 [INFO] src.corpus_acquisition.downloader: Page 8 already downloaded, skipping.
2026-07-06 03:10:43,116 [INFO] src.corpus_acquisition.downloader: Page 9 already downloaded, skipping.
2026-07-06 03:10:43,117 [INFO] src.corpus_acquisition.downloader: Page 10 already downloaded, skipping.
2026-07-06 03:10:43,117 [INFO] src.corpus_acquisition.downloader: Page 11 already downloaded, skipping.
2026-07-06 03:10:43,118 [INFO] src.corpus_acquisition.downloader: Page 12 already downloaded, skipping.
2026-07-06 03:10:43,119 [INFO] src.corpus_acquisition.downloader: Page 13 already downloaded, skipping.
2026-07-06 03:10:43,119 [INFO] src.corpus_acquisition.downloader: Page 14 already downloaded, skipping.
2026-07-06 03:10:43,120 [INFO] src.corpus_acquisition.downloader: Page 15 already downloaded, skipping.
2026-07-06 03:10:43,121 [INFO] src.corpus_acquisition.downloader: Page 16 already downloaded, skipping.
2026-07-06 03:10:43,121 [INFO] src.corpus_acquisition.downloader: Page 17 already downloaded, skipping.
2026-07-06 03:10:43,122 [INFO] src.corpus_acquisition.downloader: Page 18 already downloaded, skipping.
2026-07-06 03:10:43,123 [INFO] src.corpus_acquisition.downloader: Page 19 already downloaded, skipping.
2026-07-06 03:10:43,123 [INFO] src.corpus_acquisition.downloader: Page 20 already downloaded, skipping.
2026-07-06 03:10:43,129 [INFO] src.corpus_acquisition.metadata_extractor: Saved crawl log -> data/raw/crawl_logs/elcomercio_2024-01-24.json (status=failed)
2026-07-06 03:10:45,261 [INFO] src.corpus_acquisition.downloader: Skipping elcomercio on 2024-01-25: already crawled successfully.
2026-07-06 03:10:45,262 [INFO] src.corpus_acquisition.downloader: Skipping elcomercio on 2024-01-26: already crawled successfully.
2026-07-06 03:10:45,263 [INFO] src.corpus_acquisition.downloader: Skipping elcomercio on 2024-01-27: already crawled successfully.
2026-07-06 03:10:45,264 [INFO] src.corpus_acquisition.downloader: Skipping elcomercio on 2024-01-28: already crawled successfully.
2026-07-06 03:10:45,266 [INFO] src.corpus_acquisition.downloader: Skipping elcomercio on 2024-01-29: already crawled successfully.
2026-07-06 03:10:45,267 [INFO] src.corpus_acquisition.downloader: Skipping elcomercio on 2024-01-30: already crawled successfully.
2026-07-06 03:10:45,312 [INFO] src.corpus_acquisition.downloader: Skipping elcomercio on 2024-01-31: already crawled successfully.
2026-07-06 03:10:45,313 [INFO] src.corpus_acquisition.downloader: Skipping elcomercio on 2024-02-01: already crawled successfully.
2026-07-06 03:10:45,314 [INFO] src.corpus_acquisition.downloader: Skipping elcomercio on 2024-02-02: already crawled successfully.
2026-07-06 03:10:45,315 [INFO] src.corpus_acquisition.downloader: Skipping elcomercio on 2024-02-03: already crawled successfully.
2026-07-06 03:10:45,317 [INFO] src.corpus_acquisition.downloader: Skipping elcomercio on 2024-02-04: already crawled successfully.
2026-07-06 03:10:45,318 [INFO] src.corpus_acquisition.downloader: Skipping elcomercio on 2024-02-05: already crawled successfully.
2026-07-06 03:10:45,319 [INFO] src.corpus_acquisition.downloader: Skipping elcomercio on 2024-02-06: already crawled successfully.
2026-07-06 03:10:45,320 [INFO] src.corpus_acquisition.downloader: Skipping elcomercio on 2024-02-07: already crawled successfully.
2026-07-06 03:10:45,321 [INFO] src.corpus_acquisition.downloader: Skipping elcomercio on 2024-02-08: already crawled successfully.
2026-07-06 03:10:45,322 [INFO] src.corpus_acquisition.downloader: Skipping elcomercio on 2024-02-09: already crawled successfully.
2026-07-06 03:10:45,323 [INFO] src.corpus_acquisition.downloader: Skipping elcomercio on 2024-02-10: already crawled successfully.
2026-07-06 03:10:45,324 [INFO] src.corpus_acquisition.downloader: Skipping elcomercio on 2024-02-11: already crawled successfully.
2026-07-06 03:10:45,325 [INFO] src.corpus_acquisition.downloader: Skipping elcomercio on 2024-02-12: already crawled successfully.
2026-07-06 03:10:45,326 [INFO] src.corpus_acquisition.downloader: Skipping elcomercio on 2024-02-13: already crawled successfully.
2026-07-06 03:10:45,327 [INFO] src.corpus_acquisition.downloader: Skipping elcomercio on 2024-02-14: already crawled successfully.
2026-07-06 03:10:45,328 [INFO] src.corpus_acquisition.downloader: Skipping elcomercio on 2024-02-15: already crawled successfully.
2026-07-06 03:10:45,329 [INFO] src.corpus_acquisition.downloader: Skipping elcomercio on 2024-02-16: already crawled successfully.
2026-07-06 03:10:45,330 [INFO] src.corpus_acquisition.downloader: Skipping elcomercio on 2024-02-17: already crawled successfully.
2026-07-06 03:10:45,330 [INFO] src.corpus_acquisition.downloader: Skipping elcomercio on 2024-02-18: already crawled successfully.
2026-07-06 03:10:45,331 [INFO] src.corpus_acquisition.downloader: Skipping elcomercio on 2024-02-19: already crawled successfully.
2026-07-06 03:10:45,332 [INFO] src.corpus_acquisition.downloader: Skipping elcomercio on 2024-02-20: already crawled successfully.
2026-07-06 03:10:45,333 [INFO] src.corpus_acquisition.downloader: Skipping elcomercio on 2024-02-21: already crawled successfully.
2026-07-06 03:10:45,334 [INFO] src.corpus_acquisition.downloader: Skipping elcomercio on 2024-02-22: already crawled successfully.
2026-07-06 03:10:45,335 [INFO] src.corpus_acquisition.downloader: Skipping elcomercio on 2024-02-23: already crawled successfully.
2026-07-06 03:10:45,336 [INFO] src.corpus_acquisition.downloader: Skipping elcomercio on 2024-02-24: already crawled successfully.
2026-07-06 03:10:45,337 [INFO] src.corpus_acquisition.downloader: Skipping elcomercio on 2024-02-25: already crawled successfully.
2026-07-06 03:10:45,338 [INFO] src.corpus_acquisition.downloader: Skipping elcomercio on 2024-02-26: already crawled successfully.
2026-07-06 03:10:45,339 [INFO] src.corpus_acquisition.downloader: Skipping elcomercio on 2024-02-27: already crawled successfully.
2026-07-06 03:10:45,340 [INFO] src.corpus_acquisition.downloader: Skipping elcomercio on 2024-02-28: already crawled successfully.
2026-07-06 03:10:45,341 [INFO] src.corpus_acquisition.downloader: Skipping elcomercio on 2024-02-29: already crawled successfully.
2026-07-06 03:10:45,342 [INFO] src.corpus_acquisition.downloader: Skipping elcomercio on 2024-03-01: already crawled successfully.
2026-07-06 03:10:45,343 [INFO] src.corpus_acquisition.downloader: Skipping elcomercio on 2024-03-02: already crawled successfully.
2026-07-06 03:10:45,344 [INFO] src.corpus_acquisition.downloader: Skipping elcomercio on 2024-03-03: already crawled successfully.
2026-07-06 03:10:45,345 [INFO] src.corpus_acquisition.downloader: Skipping elcomercio on 2024-03-04: already crawled successfully.
2026-07-06 03:10:45,346 [INFO] src.corpus_acquisition.downloader: Skipping elcomercio on 2024-03-05: already crawled successfully.
2026-07-06 03:10:45,347 [INFO] src.corpus_acquisition.downloader: Skipping elcomercio on 2024-03-06: already crawled successfully.
2026-07-06 03:10:45,348 [INFO] src.corpus_acquisition.downloader: Skipping elcomercio on 2024-03-07: already crawled successfully.
2026-07-06 03:10:45,349 [INFO] src.corpus_acquisition.downloader: Skipping elcomercio on 2024-03-08: already crawled successfully.
2026-07-06 03:10:45,350 [INFO] src.corpus_acquisition.downloader: Skipping elcomercio on 2024-03-09: already crawled successfully.
2026-07-06 03:10:45,351 [INFO] src.corpus_acquisition.downloader: Skipping elcomercio on 2024-03-10: already crawled successfully.
2026-07-06 03:10:45,352 [INFO] src.corpus_acquisition.downloader: Skipping elcomercio on 2024-03-11: already crawled successfully.
2026-07-06 03:10:45,353 [INFO] src.corpus_acquisition.downloader: Skipping elcomercio on 2024-03-12: already crawled successfully.
2026-07-06 03:10:45,354 [INFO] src.corpus_acquisition.downloader: Skipping elcomercio on 2024-03-13: already crawled successfully.
2026-07-06 03:10:45,355 [INFO] src.corpus_acquisition.downloader: Skipping elcomercio on 2024-03-14: already crawled successfully.
2026-07-06 03:10:45,356 [INFO] src.corpus_acquisition.downloader: Skipping elcomercio on 2024-03-15: already crawled successfully.
2026-07-06 03:10:45,356 [INFO] src.corpus_acquisition.downloader: Skipping elcomercio on 2024-03-16: already crawled successfully.
2026-07-06 03:10:45,357 [INFO] src.corpus_acquisition.downloader: Skipping elcomercio on 2024-03-17: already crawled successfully.
2026-07-06 03:10:45,358 [INFO] src.corpus_acquisition.downloader: Skipping elcomercio on 2024-03-18: already crawled successfully.
2026-07-06 03:10:45,359 [INFO] src.corpus_acquisition.downloader: Skipping elcomercio on 2024-03-19: already crawled successfully.
2026-07-06 03:10:45,360 [INFO] src.corpus_acquisition.downloader: Skipping elcomercio on 2024-03-20: already crawled successfully.
2026-07-06 03:10:45,361 [INFO] src.corpus_acquisition.downloader: Skipping elcomercio on 2024-03-21: already crawled successfully.
2026-07-06 03:10:45,362 [INFO] src.corpus_acquisition.downloader: Skipping elcomercio on 2024-03-22: already crawled successfully.
2026-07-06 03:10:45,362 [INFO] src.corpus_acquisition.downloader: Skipping elcomercio on 2024-03-23: already crawled successfully.
2026-07-06 03:10:45,363 [INFO] src.corpus_acquisition.downloader: Skipping elcomercio on 2024-03-24: already crawled successfully.
2026-07-06 03:10:45,364 [INFO] src.corpus_acquisition.downloader: Skipping elcomercio on 2024-03-25: already crawled successfully.
2026-07-06 03:10:45,365 [INFO] src.corpus_acquisition.downloader: Skipping elcomercio on 2024-03-26: already crawled successfully.
2026-07-06 03:10:45,366 [INFO] src.corpus_acquisition.downloader: Skipping elcomercio on 2024-03-27: already crawled successfully.
2026-07-06 03:10:45,367 [INFO] src.corpus_acquisition.downloader: Skipping elcomercio on 2024-03-28: already crawled successfully.
2026-07-06 03:10:45,368 [INFO] src.corpus_acquisition.downloader: Skipping elcomercio on 2024-03-29: already crawled successfully.
2026-07-06 03:10:45,369 [INFO] src.corpus_acquisition.downloader: Skipping elcomercio on 2024-03-30: already crawled successfully.
2026-07-06 03:10:45,370 [INFO] src.corpus_acquisition.downloader: Skipping elcomercio on 2024-03-31: already crawled successfully.
2026-07-06 03:10:45,371 [INFO] src.corpus_acquisition.downloader: Skipping elcomercio on 2024-04-01: already crawled successfully.
2026-07-06 03:10:45,372 [INFO] src.corpus_acquisition.downloader: Skipping elcomercio on 2024-04-02: already crawled successfully.
2026-07-06 03:10:45,373 [INFO] src.corpus_acquisition.downloader: Skipping elcomercio on 2024-04-03: already crawled successfully.
2026-07-06 03:10:45,374 [INFO] src.corpus_acquisition.downloader: Skipping elcomercio on 2024-04-04: already crawled successfully.
2026-07-06 03:10:45,375 [INFO] src.corpus_acquisition.downloader: Skipping elcomercio on 2024-04-05: already crawled successfully.
2026-07-06 03:10:45,376 [INFO] src.corpus_acquisition.downloader: Skipping elcomercio on 2024-04-06: already crawled successfully.
2026-07-06 03:10:45,377 [INFO] src.corpus_acquisition.downloader: Skipping elcomercio on 2024-04-07: already crawled successfully.
2026-07-06 03:10:45,378 [INFO] src.corpus_acquisition.downloader: Skipping elcomercio on 2024-04-08: already crawled successfully.
2026-07-06 03:10:45,379 [INFO] src.corpus_acquisition.downloader: Skipping elcomercio on 2024-04-09: already crawled successfully.
2026-07-06 03:10:45,380 [INFO] src.corpus_acquisition.downloader: Skipping elcomercio on 2024-04-10: already crawled successfully.
2026-07-06 03:10:45,381 [INFO] src.corpus_acquisition.downloader: Skipping elcomercio on 2024-04-11: already crawled successfully.
2026-07-06 03:10:45,382 [INFO] src.corpus_acquisition.downloader: Skipping elcomercio on 2024-04-12: already crawled successfully.
2026-07-06 03:10:45,383 [INFO] src.corpus_acquisition.downloader: Skipping elcomercio on 2024-04-13: already crawled successfully.
2026-07-06 03:10:45,384 [INFO] src.corpus_acquisition.downloader: Skipping elcomercio on 2024-04-14: already crawled successfully.
2026-07-06 03:10:45,385 [INFO] src.corpus_acquisition.downloader: Skipping elcomercio on 2024-04-15: already crawled successfully.
2026-07-06 03:10:45,386 [INFO] src.corpus_acquisition.downloader: Skipping elcomercio on 2024-04-16: already crawled successfully.
2026-07-06 03:10:45,387 [INFO] src.corpus_acquisition.downloader: Skipping elcomercio on 2024-04-17: already crawled successfully.
2026-07-06 03:10:45,388 [INFO] src.corpus_acquisition.downloader: Skipping elcomercio on 2024-04-18: already crawled successfully.
2026-07-06 03:10:45,389 [INFO] src.corpus_acquisition.downloader: Skipping elcomercio on 2024-04-19: already crawled successfully.
2026-07-06 03:10:45,390 [INFO] src.corpus_acquisition.downloader: Skipping elcomercio on 2024-04-20: already crawled successfully.
2026-07-06 03:10:45,391 [INFO] src.corpus_acquisition.downloader: Skipping elcomercio on 2024-04-21: already crawled successfully.
2026-07-06 03:10:45,392 [INFO] src.corpus_acquisition.downloader: Skipping elcomercio on 2024-04-22: already crawled successfully.
2026-07-06 03:10:45,393 [INFO] src.corpus_acquisition.downloader: Skipping elcomercio on 2024-04-23: already crawled successfully.
2026-07-06 03:10:45,394 [INFO] src.corpus_acquisition.downloader: Skipping elcomercio on 2024-04-24: already crawled successfully.
2026-07-06 03:10:45,395 [INFO] src.corpus_acquisition.downloader: Skipping elcomercio on 2024-04-25: already crawled successfully.
2026-07-06 03:10:45,396 [INFO] src.corpus_acquisition.downloader: Skipping elcomercio on 2024-04-26: already crawled successfully.
2026-07-06 03:10:45,397 [INFO] src.corpus_acquisition.downloader: Skipping elcomercio on 2024-04-27: already crawled successfully.
2026-07-06 03:10:45,398 [INFO] src.corpus_acquisition.downloader: Skipping elcomercio on 2024-04-28: already crawled successfully.
2026-07-06 03:10:45,400 [INFO] src.corpus_acquisition.downloader: Skipping elcomercio on 2024-04-29: already crawled successfully.
2026-07-06 03:10:45,400 [INFO] src.corpus_acquisition.downloader: Skipping elcomercio on 2024-04-30: already crawled successfully.
2026-07-06 03:10:45,401 [INFO] src.corpus_acquisition.downloader: Skipping elcomercio on 2024-05-01: already crawled successfully.
2026-07-06 03:10:45,402 [INFO] src.corpus_acquisition.downloader: Skipping elcomercio on 2024-05-02: already crawled successfully.
2026-07-06 03:10:45,403 [INFO] src.corpus_acquisition.downloader: Skipping elcomercio on 2024-05-03: already crawled successfully.
2026-07-06 03:10:45,404 [INFO] src.corpus_acquisition.downloader: Skipping elcomercio on 2024-05-04: already crawled successfully.
2026-07-06 03:10:45,405 [INFO] src.corpus_acquisition.downloader: Skipping elcomercio on 2024-05-05: already crawled successfully.
2026-07-06 03:10:45,406 [INFO] src.corpus_acquisition.downloader: Skipping elcomercio on 2024-05-06: already crawled successfully.
2026-07-06 03:10:45,407 [INFO] src.corpus_acquisition.downloader: Skipping elcomercio on 2024-05-07: already crawled successfully.
2026-07-06 03:10:45,408 [INFO] src.corpus_acquisition.downloader: Skipping elcomercio on 2024-05-08: already crawled successfully.
2026-07-06 03:10:45,409 [INFO] src.corpus_acquisition.downloader: Skipping elcomercio on 2024-05-09: already crawled successfully.
2026-07-06 03:10:45,411 [INFO] src.corpus_acquisition.downloader: Skipping elcomercio on 2024-05-10: already crawled successfully.
2026-07-06 03:10:45,411 [INFO] src.corpus_acquisition.downloader: Skipping elcomercio on 2024-05-11: already crawled successfully.
2026-07-06 03:10:45,412 [INFO] src.corpus_acquisition.downloader: Skipping elcomercio on 2024-05-12: already crawled successfully.
2026-07-06 03:10:45,413 [INFO] src.corpus_acquisition.downloader: Skipping elcomercio on 2024-05-13: already crawled successfully.
2026-07-06 03:10:45,414 [INFO] src.corpus_acquisition.downloader: Skipping elcomercio on 2024-05-14: already crawled successfully.
2026-07-06 03:10:45,415 [INFO] src.corpus_acquisition.downloader: Skipping elcomercio on 2024-05-15: already crawled successfully.
2026-07-06 03:10:45,416 [INFO] src.corpus_acquisition.downloader: Skipping elcomercio on 2024-05-16: already crawled successfully.
2026-07-06 03:10:45,417 [INFO] src.corpus_acquisition.downloader: Skipping elcomercio on 2024-05-17: already crawled successfully.
2026-07-06 03:10:45,418 [INFO] src.corpus_acquisition.downloader: Skipping elcomercio on 2024-05-18: already crawled successfully.
2026-07-06 03:10:45,419 [INFO] src.corpus_acquisition.downloader: Skipping elcomercio on 2024-05-19: already crawled successfully.
2026-07-06 03:10:45,420 [INFO] src.corpus_acquisition.downloader: Skipping elcomercio on 2024-05-20: already crawled successfully.
2026-07-06 03:10:45,421 [INFO] src.corpus_acquisition.downloader: Skipping elcomercio on 2024-05-21: already crawled successfully.
2026-07-06 03:10:45,422 [INFO] src.corpus_acquisition.downloader: Skipping elcomercio on 2024-05-22: already crawled successfully.
2026-07-06 03:10:45,423 [INFO] src.corpus_acquisition.downloader: Skipping elcomercio on 2024-05-23: already crawled successfully.
2026-07-06 03:10:45,424 [INFO] src.corpus_acquisition.downloader: Skipping elcomercio on 2024-05-24: already crawled successfully.
2026-07-06 03:10:45,425 [INFO] src.corpus_acquisition.downloader: Skipping elcomercio on 2024-05-25: already crawled successfully.
2026-07-06 03:10:45,426 [INFO] src.corpus_acquisition.downloader: Skipping elcomercio on 2024-05-26: already crawled successfully.
2026-07-06 03:10:45,427 [INFO] src.corpus_acquisition.downloader: Skipping elcomercio on 2024-05-27: already crawled successfully.
2026-07-06 03:10:45,428 [INFO] src.corpus_acquisition.downloader: Skipping elcomercio on 2024-05-28: already crawled successfully.
2026-07-06 03:10:45,430 [INFO] src.corpus_acquisition.downloader: Skipping elcomercio on 2024-05-29: already crawled successfully.
2026-07-06 03:10:45,431 [INFO] src.corpus_acquisition.downloader: Skipping elcomercio on 2024-05-30: already crawled successfully.
2026-07-06 03:10:45,432 [INFO] src.corpus_acquisition.downloader: Skipping elcomercio on 2024-05-31: already crawled successfully.
2026-07-06 03:10:45,432 [INFO] src.corpus_acquisition.downloader: Skipping elcomercio on 2024-06-01: already crawled successfully.
2026-07-06 03:10:45,433 [INFO] src.corpus_acquisition.downloader: Skipping elcomercio on 2024-06-02: already crawled successfully.
2026-07-06 03:10:45,434 [INFO] src.corpus_acquisition.downloader: Skipping elcomercio on 2024-06-03: already crawled successfully.
2026-07-06 03:10:45,435 [INFO] src.corpus_acquisition.downloader: Skipping elcomercio on 2024-06-04: already crawled successfully.
2026-07-06 03:10:45,436 [INFO] src.corpus_acquisition.downloader: Skipping elcomercio on 2024-06-05: already crawled successfully.
2026-07-06 03:10:45,437 [INFO] src.corpus_acquisition.downloader: Skipping elcomercio on 2024-06-06: already crawled successfully.
2026-07-06 03:10:45,438 [INFO] src.corpus_acquisition.downloader: Skipping elcomercio on 2024-06-07: already crawled successfully.
2026-07-06 03:10:45,439 [INFO] src.corpus_acquisition.downloader: Skipping elcomercio on 2024-06-08: already crawled successfully.
2026-07-06 03:10:45,440 [INFO] src.corpus_acquisition.downloader: Skipping elcomercio on 2024-06-09: already crawled successfully.
2026-07-06 03:10:45,441 [INFO] src.corpus_acquisition.downloader: Skipping elcomercio on 2024-06-10: already crawled successfully.
2026-07-06 03:10:45,443 [INFO] src.corpus_acquisition.downloader: Skipping elcomercio on 2024-06-11: already crawled successfully.
2026-07-06 03:10:45,444 [INFO] src.corpus_acquisition.downloader: Skipping elcomercio on 2024-06-12: already crawled successfully.
2026-07-06 03:10:45,445 [INFO] src.corpus_acquisition.downloader: Skipping elcomercio on 2024-06-13: already crawled successfully.
2026-07-06 03:10:45,445 [INFO] src.corpus_acquisition.downloader: Skipping elcomercio on 2024-06-14: already crawled successfully.
2026-07-06 03:10:45,446 [INFO] src.corpus_acquisition.downloader: Skipping elcomercio on 2024-06-15: already crawled successfully.
2026-07-06 03:10:45,448 [INFO] src.corpus_acquisition.downloader: Skipping elcomercio on 2024-06-16: already crawled successfully.
2026-07-06 03:10:45,448 [INFO] src.corpus_acquisition.downloader: Skipping elcomercio on 2024-06-17: already crawled successfully.
2026-07-06 03:10:45,449 [INFO] src.corpus_acquisition.downloader: Skipping elcomercio on 2024-06-18: already crawled successfully.
2026-07-06 03:10:45,450 [INFO] src.corpus_acquisition.downloader: Skipping elcomercio on 2024-06-19: already crawled successfully.
2026-07-06 03:10:45,451 [INFO] src.corpus_acquisition.downloader: Skipping elcomercio on 2024-06-20: already crawled successfully.
2026-07-06 03:10:45,452 [INFO] src.corpus_acquisition.downloader: Skipping elcomercio on 2024-06-21: already crawled successfully.
2026-07-06 03:10:45,453 [INFO] src.corpus_acquisition.downloader: Skipping elcomercio on 2024-06-22: already crawled successfully.
2026-07-06 03:10:45,454 [INFO] src.corpus_acquisition.downloader: Skipping elcomercio on 2024-06-23: already crawled successfully.
2026-07-06 03:10:45,455 [INFO] src.corpus_acquisition.downloader: Skipping elcomercio on 2024-06-24: already crawled successfully.
2026-07-06 03:10:45,456 [INFO] src.corpus_acquisition.downloader: Skipping elcomercio on 2024-06-25: already crawled successfully.
2026-07-06 03:10:45,457 [INFO] src.corpus_acquisition.downloader: Skipping elcomercio on 2024-06-26: already crawled successfully.
2026-07-06 03:10:45,459 [INFO] src.corpus_acquisition.downloader: Skipping elcomercio on 2024-06-27: already crawled successfully.
2026-07-06 03:10:45,459 [INFO] src.corpus_acquisition.downloader: Skipping elcomercio on 2024-06-28: already crawled successfully.
2026-07-06 03:10:45,460 [INFO] src.corpus_acquisition.downloader: Skipping elcomercio on 2024-06-29: already crawled successfully.
2026-07-06 03:10:45,461 [INFO] src.corpus_acquisition.downloader: Skipping elcomercio on 2024-06-30: already crawled successfully.
2026-07-06 03:10:45,462 [INFO] src.corpus_acquisition.downloader: Skipping elcomercio on 2024-07-01: already crawled successfully.
2026-07-06 03:10:45,463 [INFO] src.corpus_acquisition.downloader: Skipping elcomercio on 2024-07-02: already crawled successfully.
2026-07-06 03:10:45,464 [INFO] src.corpus_acquisition.downloader: Skipping elcomercio on 2024-07-03: already crawled successfully.
2026-07-06 03:10:45,465 [INFO] src.corpus_acquisition.downloader: Skipping elcomercio on 2024-07-04: already crawled successfully.
2026-07-06 03:10:45,466 [INFO] src.corpus_acquisition.downloader: Skipping elcomercio on 2024-07-05: already crawled successfully.
2026-07-06 03:10:45,467 [INFO] src.corpus_acquisition.downloader: Skipping elcomercio on 2024-07-06: already crawled successfully.
2026-07-06 03:10:45,468 [INFO] src.corpus_acquisition.downloader: Skipping elcomercio on 2024-07-07: already crawled successfully.
2026-07-06 03:10:45,469 [INFO] src.corpus_acquisition.downloader: Skipping elcomercio on 2024-07-08: already crawled successfully.
2026-07-06 03:10:45,469 [INFO] src.corpus_acquisition.downloader: Skipping elcomercio on 2024-07-09: already crawled successfully.
2026-07-06 03:10:45,470 [INFO] src.corpus_acquisition.downloader: Skipping elcomercio on 2024-07-10: already crawled successfully.
2026-07-06 03:10:45,471 [INFO] src.corpus_acquisition.downloader: Skipping elcomercio on 2024-07-11: already crawled successfully.
2026-07-06 03:10:45,472 [INFO] src.corpus_acquisition.downloader: Skipping elcomercio on 2024-07-12: already crawled successfully.
2026-07-06 03:10:45,473 [INFO] src.corpus_acquisition.downloader: Skipping elcomercio on 2024-07-13: already crawled successfully.
2026-07-06 03:10:45,473 [INFO] src.corpus_acquisition.downloader: Skipping elcomercio on 2024-07-14: already crawled successfully.
2026-07-06 03:10:45,474 [INFO] src.corpus_acquisition.downloader: Skipping elcomercio on 2024-07-15: already crawled successfully.
2026-07-06 03:10:45,475 [INFO] src.corpus_acquisition.downloader: Skipping elcomercio on 2024-07-16: already crawled successfully.
2026-07-06 03:10:45,476 [INFO] src.corpus_acquisition.downloader: Skipping elcomercio on 2024-07-17: already crawled successfully.
2026-07-06 03:10:45,477 [INFO] src.corpus_acquisition.downloader: Skipping elcomercio on 2024-07-18: already crawled successfully.
2026-07-06 03:10:45,478 [INFO] src.corpus_acquisition.downloader: Skipping elcomercio on 2024-07-19: already crawled successfully.
2026-07-06 03:10:45,479 [INFO] src.corpus_acquisition.downloader: Skipping elcomercio on 2024-07-20: already crawled successfully.
2026-07-06 03:10:45,481 [INFO] src.corpus_acquisition.downloader: Skipping elcomercio on 2024-07-21: already crawled successfully.
2026-07-06 03:10:45,482 [INFO] src.corpus_acquisition.downloader: Skipping elcomercio on 2024-07-22: already crawled successfully.
2026-07-06 03:10:45,482 [INFO] src.corpus_acquisition.downloader: Skipping elcomercio on 2024-07-23: already crawled successfully.
2026-07-06 03:10:45,483 [INFO] src.corpus_acquisition.downloader: Skipping elcomercio on 2024-07-24: already crawled successfully.
2026-07-06 03:10:45,484 [INFO] src.corpus_acquisition.downloader: Skipping elcomercio on 2024-07-25: already crawled successfully.
2026-07-06 03:10:45,485 [INFO] src.corpus_acquisition.downloader: Skipping elcomercio on 2024-07-26: already crawled successfully.
2026-07-06 03:10:45,486 [INFO] src.corpus_acquisition.downloader: Skipping elcomercio on 2024-07-27: already crawled successfully.
2026-07-06 03:10:45,487 [INFO] src.corpus_acquisition.downloader: Skipping elcomercio on 2024-07-28: already crawled successfully.
2026-07-06 03:10:45,488 [INFO] src.corpus_acquisition.downloader: Skipping elcomercio on 2024-07-29: already crawled successfully.
2026-07-06 03:10:45,490 [INFO] src.corpus_acquisition.downloader: Skipping elcomercio on 2024-07-30: already crawled successfully.
2026-07-06 03:10:45,491 [INFO] src.corpus_acquisition.downloader: Skipping elcomercio on 2024-07-31: already crawled successfully.
2026-07-06 03:10:45,491 [INFO] src.corpus_acquisition.downloader: Skipping elcomercio on 2024-08-01: already crawled successfully.
2026-07-06 03:10:45,492 [INFO] src.corpus_acquisition.downloader: Skipping elcomercio on 2024-08-02: already crawled successfully.
2026-07-06 03:10:45,493 [INFO] src.corpus_acquisition.downloader: Skipping elcomercio on 2024-08-03: already crawled successfully.
2026-07-06 03:10:45,494 [INFO] src.corpus_acquisition.downloader: Skipping elcomercio on 2024-08-04: already crawled successfully.
2026-07-06 03:10:45,495 [INFO] src.corpus_acquisition.downloader: Skipping elcomercio on 2024-08-05: already crawled successfully.
2026-07-06 03:10:45,496 [INFO] src.corpus_acquisition.downloader: Skipping elcomercio on 2024-08-06: already crawled successfully.
2026-07-06 03:10:45,497 [INFO] src.corpus_acquisition.downloader: Skipping elcomercio on 2024-08-07: already crawled successfully.
2026-07-06 03:10:45,498 [INFO] src.corpus_acquisition.downloader: Skipping elcomercio on 2024-08-08: already crawled successfully.
2026-07-06 03:10:45,499 [INFO] src.corpus_acquisition.downloader: Skipping elcomercio on 2024-08-09: already crawled successfully.
2026-07-06 03:10:45,500 [INFO] src.corpus_acquisition.downloader: Skipping elcomercio on 2024-08-10: already crawled successfully.
2026-07-06 03:10:45,501 [INFO] src.corpus_acquisition.downloader: Skipping elcomercio on 2024-08-11: already crawled successfully.
2026-07-06 03:10:45,501 [INFO] src.corpus_acquisition.downloader: Skipping elcomercio on 2024-08-12: already crawled successfully.
2026-07-06 03:10:45,502 [INFO] src.corpus_acquisition.downloader: Skipping elcomercio on 2024-08-13: already crawled successfully.
2026-07-06 03:10:45,503 [INFO] src.corpus_acquisition.downloader: Skipping elcomercio on 2024-08-14: already crawled successfully.
2026-07-06 03:10:45,504 [INFO] src.corpus_acquisition.downloader: Skipping elcomercio on 2024-08-15: already crawled successfully.
2026-07-06 03:10:45,506 [INFO] src.corpus_acquisition.downloader: Skipping elcomercio on 2024-08-16: already crawled successfully.
2026-07-06 03:10:45,507 [INFO] src.corpus_acquisition.downloader: Skipping elcomercio on 2024-08-17: already crawled successfully.
2026-07-06 03:10:45,508 [INFO] src.corpus_acquisition.downloader: Skipping elcomercio on 2024-08-18: already crawled successfully.
2026-07-06 03:10:45,509 [INFO] src.corpus_acquisition.downloader: Skipping elcomercio on 2024-08-19: already crawled successfully.
2026-07-06 03:10:45,509 [INFO] src.corpus_acquisition.downloader: Skipping elcomercio on 2024-08-20: already crawled successfully.
2026-07-06 03:10:45,510 [INFO] src.corpus_acquisition.downloader: Skipping elcomercio on 2024-08-21: already crawled successfully.
2026-07-06 03:10:45,511 [INFO] src.corpus_acquisition.downloader: Skipping elcomercio on 2024-08-22: already crawled successfully.
2026-07-06 03:10:45,512 [INFO] src.corpus_acquisition.downloader: Skipping elcomercio on 2024-08-23: already crawled successfully.
2026-07-06 03:10:45,513 [INFO] src.corpus_acquisition.downloader: Skipping elcomercio on 2024-08-24: already crawled successfully.
2026-07-06 03:10:45,514 [INFO] src.corpus_acquisition.downloader: Skipping elcomercio on 2024-08-25: already crawled successfully.
2026-07-06 03:10:45,515 [INFO] src.corpus_acquisition.downloader: Skipping elcomercio on 2024-08-26: already crawled successfully.
2026-07-06 03:10:45,516 [INFO] src.corpus_acquisition.downloader: Skipping elcomercio on 2024-08-27: already crawled successfully.
2026-07-06 03:10:45,517 [INFO] src.corpus_acquisition.downloader: Skipping elcomercio on 2024-08-28: already crawled successfully.
2026-07-06 03:10:45,518 [INFO] src.corpus_acquisition.downloader: Skipping elcomercio on 2024-08-29: already crawled successfully.
2026-07-06 03:10:45,520 [INFO] src.corpus_acquisition.downloader: Skipping elcomercio on 2024-08-30: already crawled successfully.
2026-07-06 03:10:45,521 [INFO] src.corpus_acquisition.downloader: Skipping elcomercio on 2024-08-31: already crawled successfully.
2026-07-06 03:10:45,522 [INFO] src.corpus_acquisition.downloader: Skipping elcomercio on 2024-09-01: already crawled successfully.
2026-07-06 03:10:45,523 [INFO] src.corpus_acquisition.downloader: Skipping elcomercio on 2024-09-02: already crawled successfully.
2026-07-06 03:10:45,524 [INFO] src.corpus_acquisition.downloader: Skipping elcomercio on 2024-09-03: already crawled successfully.
2026-07-06 03:10:45,525 [INFO] src.corpus_acquisition.downloader: Skipping elcomercio on 2024-09-04: already crawled successfully.
2026-07-06 03:10:45,526 [INFO] src.corpus_acquisition.downloader: Skipping elcomercio on 2024-09-05: already crawled successfully.
2026-07-06 03:10:45,527 [INFO] src.corpus_acquisition.downloader: Skipping elcomercio on 2024-09-06: already crawled successfully.
2026-07-06 03:10:45,528 [INFO] src.corpus_acquisition.downloader: Skipping elcomercio on 2024-09-07: already crawled successfully.
2026-07-06 03:10:45,529 [INFO] src.corpus_acquisition.downloader: Skipping elcomercio on 2024-09-08: already crawled successfully.
2026-07-06 03:10:45,530 [INFO] src.corpus_acquisition.downloader: Skipping elcomercio on 2024-09-09: already crawled successfully.
2026-07-06 03:10:45,531 [INFO] src.corpus_acquisition.downloader: Skipping elcomercio on 2024-09-10: already crawled successfully.
2026-07-06 03:10:45,532 [INFO] src.corpus_acquisition.downloader: Skipping elcomercio on 2024-09-11: already crawled successfully.
2026-07-06 03:10:45,533 [INFO] src.corpus_acquisition.downloader: Skipping elcomercio on 2024-09-12: already crawled successfully.
2026-07-06 03:10:45,534 [INFO] src.corpus_acquisition.downloader: Skipping elcomercio on 2024-09-13: already crawled successfully.
2026-07-06 03:10:45,535 [INFO] src.corpus_acquisition.downloader: Skipping elcomercio on 2024-09-14: already crawled successfully.
2026-07-06 03:10:45,536 [INFO] src.corpus_acquisition.downloader: Skipping elcomercio on 2024-09-15: already crawled successfully.
2026-07-06 03:10:45,537 [INFO] src.corpus_acquisition.downloader: Skipping elcomercio on 2024-09-16: already crawled successfully.
2026-07-06 03:10:45,538 [INFO] src.corpus_acquisition.downloader: Skipping elcomercio on 2024-09-17: already crawled successfully.
2026-07-06 03:10:45,540 [INFO] src.corpus_acquisition.downloader: Skipping elcomercio on 2024-09-18: already crawled successfully.
2026-07-06 03:10:45,540 [INFO] src.corpus_acquisition.downloader: Skipping elcomercio on 2024-09-19: already crawled successfully.
2026-07-06 03:10:45,541 [INFO] src.corpus_acquisition.downloader: Skipping elcomercio on 2024-09-20: already crawled successfully.
2026-07-06 03:10:45,542 [INFO] src.corpus_acquisition.downloader: Skipping elcomercio on 2024-09-21: already crawled successfully.
2026-07-06 03:10:45,543 [INFO] src.corpus_acquisition.downloader: Skipping elcomercio on 2024-09-22: already crawled successfully.
2026-07-06 03:10:45,544 [INFO] src.corpus_acquisition.downloader: Skipping elcomercio on 2024-09-23: already crawled successfully.
2026-07-06 03:10:45,546 [INFO] src.corpus_acquisition.downloader: Skipping elcomercio on 2024-09-24: already crawled successfully.
2026-07-06 03:10:45,547 [INFO] src.corpus_acquisition.downloader: Skipping elcomercio on 2024-09-25: already crawled successfully.
2026-07-06 03:10:45,548 [INFO] src.corpus_acquisition.downloader: Skipping elcomercio on 2024-09-26: already crawled successfully.
2026-07-06 03:10:45,549 [INFO] src.corpus_acquisition.downloader: Skipping elcomercio on 2024-09-27: already crawled successfully.
2026-07-06 03:10:45,550 [INFO] src.corpus_acquisition.downloader: Skipping elcomercio on 2024-09-28: already crawled successfully.
2026-07-06 03:10:45,551 [INFO] src.corpus_acquisition.downloader: Skipping elcomercio on 2024-09-29: already crawled successfully.
2026-07-06 03:10:45,552 [INFO] src.corpus_acquisition.downloader: Skipping elcomercio on 2024-09-30: already crawled successfully.
2026-07-06 03:10:45,553 [INFO] src.corpus_acquisition.downloader: Skipping elcomercio on 2024-10-01: already crawled successfully.
2026-07-06 03:10:45,554 [INFO] src.corpus_acquisition.downloader: Skipping elcomercio on 2024-10-02: already crawled successfully.
2026-07-06 03:10:45,555 [INFO] src.corpus_acquisition.downloader: Skipping elcomercio on 2024-10-03: already crawled successfully.
2026-07-06 03:10:45,556 [INFO] src.corpus_acquisition.downloader: Skipping elcomercio on 2024-10-04: already crawled successfully.
2026-07-06 03:10:45,557 [INFO] src.corpus_acquisition.downloader: Skipping elcomercio on 2024-10-05: already crawled successfully.
2026-07-06 03:10:45,558 [INFO] src.corpus_acquisition.downloader: Skipping elcomercio on 2024-10-06: already crawled successfully.
2026-07-06 03:10:45,559 [INFO] src.corpus_acquisition.downloader: Skipping elcomercio on 2024-10-07: already crawled successfully.
2026-07-06 03:10:45,560 [INFO] src.corpus_acquisition.downloader: Skipping elcomercio on 2024-10-08: already crawled successfully.
2026-07-06 03:10:45,561 [INFO] src.corpus_acquisition.downloader: Skipping elcomercio on 2024-10-09: already crawled successfully.
2026-07-06 03:10:45,562 [INFO] src.corpus_acquisition.downloader: Skipping elcomercio on 2024-10-10: already crawled successfully.
2026-07-06 03:10:45,563 [INFO] src.corpus_acquisition.downloader: Skipping elcomercio on 2024-10-11: already crawled successfully.
2026-07-06 03:10:45,564 [INFO] src.corpus_acquisition.downloader: Skipping elcomercio on 2024-10-12: already crawled successfully.
2026-07-06 03:10:45,565 [INFO] src.corpus_acquisition.downloader: Skipping elcomercio on 2024-10-13: already crawled successfully.
2026-07-06 03:10:45,566 [INFO] src.corpus_acquisition.downloader: Skipping elcomercio on 2024-10-14: already crawled successfully.
2026-07-06 03:10:45,567 [INFO] src.corpus_acquisition.downloader: Skipping elcomercio on 2024-10-15: already crawled successfully.
2026-07-06 03:10:45,568 [INFO] src.corpus_acquisition.downloader: Skipping elcomercio on 2024-10-16: already crawled successfully.
2026-07-06 03:10:45,569 [INFO] src.corpus_acquisition.downloader: Skipping elcomercio on 2024-10-17: already crawled successfully.
2026-07-06 03:10:45,570 [INFO] src.corpus_acquisition.downloader: Skipping elcomercio on 2024-10-18: already crawled successfully.
2026-07-06 03:10:45,571 [INFO] src.corpus_acquisition.downloader: Skipping elcomercio on 2024-10-19: already crawled successfully.
2026-07-06 03:10:45,572 [INFO] src.corpus_acquisition.downloader: Skipping elcomercio on 2024-10-20: already crawled successfully.
2026-07-06 03:10:45,573 [INFO] src.corpus_acquisition.downloader: Skipping elcomercio on 2024-10-21: already crawled successfully.
2026-07-06 03:10:45,575 [INFO] src.corpus_acquisition.downloader: Skipping elcomercio on 2024-10-22: already crawled successfully.
2026-07-06 03:10:45,576 [INFO] src.corpus_acquisition.downloader: Skipping elcomercio on 2024-10-23: already crawled successfully.
2026-07-06 03:10:45,577 [INFO] src.corpus_acquisition.downloader: Skipping elcomercio on 2024-10-24: already crawled successfully.
2026-07-06 03:10:45,578 [INFO] src.corpus_acquisition.downloader: Skipping elcomercio on 2024-10-25: already crawled successfully.
2026-07-06 03:10:45,579 [INFO] src.corpus_acquisition.downloader: Skipping elcomercio on 2024-10-26: already crawled successfully.
2026-07-06 03:10:45,580 [INFO] src.corpus_acquisition.downloader: Skipping elcomercio on 2024-10-27: already crawled successfully.
2026-07-06 03:10:45,581 [INFO] src.corpus_acquisition.downloader: Skipping elcomercio on 2024-10-28: already crawled successfully.
2026-07-06 03:10:45,582 [INFO] src.corpus_acquisition.downloader: Skipping elcomercio on 2024-10-29: already crawled successfully.
2026-07-06 03:10:45,583 [INFO] src.corpus_acquisition.downloader: Skipping elcomercio on 2024-10-30: already crawled successfully.
2026-07-06 03:10:45,584 [INFO] src.corpus_acquisition.downloader: Skipping elcomercio on 2024-10-31: already crawled successfully.
2026-07-06 03:10:45,585 [INFO] src.corpus_acquisition.downloader: Skipping elcomercio on 2024-11-01: already crawled successfully.
2026-07-06 03:10:45,586 [INFO] src.corpus_acquisition.downloader: Skipping elcomercio on 2024-11-02: already crawled successfully.
2026-07-06 03:10:45,587 [INFO] src.corpus_acquisition.downloader: Skipping elcomercio on 2024-11-03: already crawled successfully.
2026-07-06 03:10:45,588 [INFO] src.corpus_acquisition.downloader: Skipping elcomercio on 2024-11-04: already crawled successfully.
2026-07-06 03:10:45,589 [INFO] src.corpus_acquisition.downloader: Skipping elcomercio on 2024-11-05: already crawled successfully.
2026-07-06 03:10:45,591 [INFO] src.corpus_acquisition.downloader: Skipping elcomercio on 2024-11-06: already crawled successfully.
2026-07-06 03:10:45,591 [INFO] src.corpus_acquisition.downloader: Skipping elcomercio on 2024-11-07: already crawled successfully.
2026-07-06 03:10:45,592 [INFO] src.corpus_acquisition.downloader: Skipping elcomercio on 2024-11-08: already crawled successfully.
2026-07-06 03:10:45,594 [INFO] src.corpus_acquisition.downloader: Skipping elcomercio on 2024-11-09: already crawled successfully.
2026-07-06 03:10:45,595 [INFO] src.corpus_acquisition.downloader: Skipping elcomercio on 2024-11-10: already crawled successfully.
2026-07-06 03:10:45,596 [INFO] src.corpus_acquisition.downloader: Skipping elcomercio on 2024-11-11: already crawled successfully.
2026-07-06 03:10:45,597 [INFO] src.corpus_acquisition.downloader: Skipping elcomercio on 2024-11-12: already crawled successfully.
2026-07-06 03:10:45,598 [INFO] src.corpus_acquisition.downloader: Skipping elcomercio on 2024-11-13: already crawled successfully.
2026-07-06 03:10:45,599 [INFO] src.corpus_acquisition.downloader: Skipping elcomercio on 2024-11-14: already crawled successfully.
2026-07-06 03:10:45,600 [INFO] src.corpus_acquisition.downloader: Skipping elcomercio on 2024-11-15: already crawled successfully.
2026-07-06 03:10:45,601 [INFO] src.corpus_acquisition.downloader: Skipping elcomercio on 2024-11-16: already crawled successfully.
2026-07-06 03:10:45,602 [INFO] src.corpus_acquisition.downloader: Skipping elcomercio on 2024-11-17: already crawled successfully.
2026-07-06 03:10:45,603 [INFO] src.corpus_acquisition.downloader: Skipping elcomercio on 2024-11-18: already crawled successfully.
2026-07-06 03:10:45,604 [INFO] src.corpus_acquisition.downloader: Skipping elcomercio on 2024-11-19: already crawled successfully.
2026-07-06 03:10:45,606 [INFO] src.corpus_acquisition.downloader: Skipping elcomercio on 2024-11-20: already crawled successfully.
2026-07-06 03:10:45,607 [INFO] src.corpus_acquisition.downloader: Skipping elcomercio on 2024-11-21: already crawled successfully.
2026-07-06 03:10:45,608 [INFO] src.corpus_acquisition.downloader: Skipping elcomercio on 2024-11-22: already crawled successfully.
2026-07-06 03:10:45,609 [INFO] src.corpus_acquisition.downloader: Skipping elcomercio on 2024-11-23: already crawled successfully.
2026-07-06 03:10:45,610 [INFO] src.corpus_acquisition.downloader: Skipping elcomercio on 2024-11-24: already crawled successfully.
2026-07-06 03:10:45,611 [INFO] src.corpus_acquisition.downloader: Skipping elcomercio on 2024-11-25: already crawled successfully.
2026-07-06 03:10:45,612 [INFO] src.corpus_acquisition.downloader: Skipping elcomercio on 2024-11-26: already crawled successfully.
2026-07-06 03:10:45,613 [INFO] src.corpus_acquisition.downloader: Skipping elcomercio on 2024-11-27: already crawled successfully.
2026-07-06 03:10:45,614 [INFO] src.corpus_acquisition.downloader: Skipping elcomercio on 2024-11-28: already crawled successfully.
2026-07-06 03:10:45,615 [INFO] src.corpus_acquisition.downloader: Skipping elcomercio on 2024-11-29: already crawled successfully.
2026-07-06 03:10:45,615 [INFO] src.corpus_acquisition.downloader: Skipping elcomercio on 2024-11-30: already crawled successfully.
2026-07-06 03:10:45,616 [INFO] src.corpus_acquisition.downloader: Skipping elcomercio on 2024-12-01: already crawled successfully.
2026-07-06 03:10:45,617 [INFO] src.corpus_acquisition.downloader: Skipping elcomercio on 2024-12-02: already crawled successfully.
2026-07-06 03:10:45,618 [INFO] src.corpus_acquisition.downloader: Skipping elcomercio on 2024-12-03: already crawled successfully.
2026-07-06 03:10:45,619 [INFO] src.corpus_acquisition.downloader: Skipping elcomercio on 2024-12-04: already crawled successfully.
2026-07-06 03:10:45,620 [INFO] src.corpus_acquisition.downloader: Skipping elcomercio on 2024-12-05: already crawled successfully.
2026-07-06 03:10:45,621 [INFO] src.corpus_acquisition.downloader: Skipping elcomercio on 2024-12-06: already crawled successfully.
2026-07-06 03:10:45,622 [INFO] src.corpus_acquisition.downloader: Skipping elcomercio on 2024-12-07: already crawled successfully.
2026-07-06 03:10:45,623 [INFO] src.corpus_acquisition.downloader: Skipping elcomercio on 2024-12-08: already crawled successfully.
2026-07-06 03:10:45,624 [INFO] src.corpus_acquisition.downloader: Skipping elcomercio on 2024-12-09: already crawled successfully.
2026-07-06 03:10:45,625 [INFO] src.corpus_acquisition.downloader: Skipping elcomercio on 2024-12-10: already crawled successfully.
2026-07-06 03:10:45,626 [INFO] src.corpus_acquisition.downloader: Skipping elcomercio on 2024-12-11: already crawled successfully.
2026-07-06 03:10:45,627 [INFO] src.corpus_acquisition.downloader: Skipping elcomercio on 2024-12-12: already crawled successfully.
2026-07-06 03:10:45,628 [INFO] src.corpus_acquisition.downloader: Skipping elcomercio on 2024-12-13: already crawled successfully.
2026-07-06 03:10:45,629 [INFO] src.corpus_acquisition.downloader: Skipping elcomercio on 2024-12-14: already crawled successfully.
2026-07-06 03:10:45,630 [INFO] src.corpus_acquisition.downloader: Skipping elcomercio on 2024-12-15: already crawled successfully.
2026-07-06 03:10:45,631 [INFO] src.corpus_acquisition.downloader: Skipping elcomercio on 2024-12-16: already crawled successfully.
2026-07-06 03:10:45,632 [INFO] src.corpus_acquisition.downloader: Skipping elcomercio on 2024-12-17: already crawled successfully.
2026-07-06 03:10:45,633 [INFO] src.corpus_acquisition.downloader: Skipping elcomercio on 2024-12-18: already crawled successfully.
2026-07-06 03:10:45,634 [INFO] src.corpus_acquisition.downloader: Skipping elcomercio on 2024-12-19: already crawled successfully.
2026-07-06 03:10:45,635 [INFO] src.corpus_acquisition.downloader: Skipping elcomercio on 2024-12-20: already crawled successfully.
2026-07-06 03:10:45,636 [INFO] src.corpus_acquisition.downloader: Skipping elcomercio on 2024-12-21: already crawled successfully.
2026-07-06 03:10:45,637 [INFO] src.corpus_acquisition.downloader: Skipping elcomercio on 2024-12-22: already crawled successfully.
2026-07-06 03:10:45,638 [INFO] src.corpus_acquisition.downloader: Skipping elcomercio on 2024-12-23: already crawled successfully.
2026-07-06 03:10:45,639 [INFO] src.corpus_acquisition.downloader: Skipping elcomercio on 2024-12-24: already crawled successfully.
2026-07-06 03:10:45,640 [INFO] src.corpus_acquisition.downloader: Skipping elcomercio on 2024-12-25: already crawled successfully.
2026-07-06 03:10:45,641 [INFO] src.corpus_acquisition.downloader: Skipping elcomercio on 2024-12-26: already crawled successfully.
2026-07-06 03:10:45,642 [INFO] src.corpus_acquisition.downloader: Skipping elcomercio on 2024-12-27: already crawled successfully.
2026-07-06 03:10:45,643 [INFO] src.corpus_acquisition.downloader: Skipping elcomercio on 2024-12-28: already crawled successfully.
2026-07-06 03:10:45,644 [INFO] src.corpus_acquisition.downloader: Skipping elcomercio on 2024-12-29: already crawled successfully.
2026-07-06 03:10:45,646 [INFO] src.corpus_acquisition.downloader: Skipping elcomercio on 2024-12-30: already crawled successfully.
2026-07-06 03:10:45,647 [INFO] src.corpus_acquisition.downloader: Skipping elcomercio on 2024-12-31: already crawled successfully.
2026-07-06 03:10:45,648 [INFO] src.corpus_acquisition.downloader: Skipping elcomercio on 2025-01-01: already crawled successfully.
2026-07-06 03:10:45,649 [INFO] src.corpus_acquisition.downloader: Skipping elcomercio on 2025-01-02: already crawled successfully.
2026-07-06 03:10:45,650 [INFO] src.corpus_acquisition.downloader: Skipping elcomercio on 2025-01-03: already crawled successfully.
2026-07-06 03:10:45,651 [INFO] src.corpus_acquisition.downloader: Skipping elcomercio on 2025-01-04: already crawled successfully.
2026-07-06 03:10:45,652 [INFO] src.corpus_acquisition.downloader: Skipping elcomercio on 2025-01-05: already crawled successfully.
2026-07-06 03:10:45,653 [INFO] src.corpus_acquisition.downloader: Skipping elcomercio on 2025-01-06: already crawled successfully.
2026-07-06 03:10:45,654 [INFO] src.corpus_acquisition.downloader: Skipping elcomercio on 2025-01-07: already crawled successfully.
2026-07-06 03:10:45,655 [INFO] src.corpus_acquisition.downloader: Skipping elcomercio on 2025-01-08: already crawled successfully.
2026-07-06 03:10:45,655 [INFO] src.corpus_acquisition.downloader: Skipping elcomercio on 2025-01-09: already crawled successfully.
2026-07-06 03:10:45,656 [INFO] src.corpus_acquisition.downloader: Skipping elcomercio on 2025-01-10: already crawled successfully.
2026-07-06 03:10:45,657 [INFO] src.corpus_acquisition.downloader: Skipping elcomercio on 2025-01-11: already crawled successfully.
2026-07-06 03:10:45,658 [INFO] src.corpus_acquisition.downloader: Skipping elcomercio on 2025-01-12: already crawled successfully.
2026-07-06 03:10:45,658 [INFO] src.corpus_acquisition.downloader: Skipping elcomercio on 2025-01-13: already crawled successfully.
2026-07-06 03:10:45,659 [INFO] src.corpus_acquisition.downloader: Skipping elcomercio on 2025-01-14: already crawled successfully.
2026-07-06 03:10:45,660 [INFO] src.corpus_acquisition.downloader: Skipping elcomercio on 2025-01-15: already crawled successfully.
2026-07-06 03:10:45,661 [INFO] src.corpus_acquisition.downloader: Skipping elcomercio on 2025-01-16: already crawled successfully.
2026-07-06 03:10:45,661 [INFO] src.corpus_acquisition.downloader: Skipping elcomercio on 2025-01-17: already crawled successfully.
2026-07-06 03:10:45,663 [INFO] src.corpus_acquisition.downloader: Skipping elcomercio on 2025-01-18: already crawled successfully.
2026-07-06 03:10:45,663 [INFO] src.corpus_acquisition.downloader: Skipping elcomercio on 2025-01-19: already crawled successfully.
2026-07-06 03:10:45,664 [INFO] src.corpus_acquisition.downloader: Skipping elcomercio on 2025-01-20: already crawled successfully.
2026-07-06 03:10:45,665 [INFO] src.corpus_acquisition.downloader: Skipping elcomercio on 2025-01-21: already crawled successfully.
2026-07-06 03:10:45,666 [INFO] src.corpus_acquisition.downloader: Skipping elcomercio on 2025-01-22: already crawled successfully.
2026-07-06 03:10:45,667 [INFO] src.corpus_acquisition.downloader: Skipping elcomercio on 2025-01-23: already crawled successfully.
2026-07-06 03:10:45,667 [INFO] src.corpus_acquisition.downloader: Skipping elcomercio on 2025-01-24: already crawled successfully.
2026-07-06 03:10:45,668 [INFO] src.corpus_acquisition.downloader: Skipping elcomercio on 2025-01-25: already crawled successfully.
2026-07-06 03:10:45,669 [INFO] src.corpus_acquisition.downloader: Skipping elcomercio on 2025-01-26: already crawled successfully.
2026-07-06 03:10:45,670 [INFO] src.corpus_acquisition.downloader: Skipping elcomercio on 2025-01-27: already crawled successfully.
2026-07-06 03:10:45,671 [INFO] src.corpus_acquisition.downloader: Skipping elcomercio on 2025-01-28: already crawled successfully.
2026-07-06 03:10:45,672 [INFO] src.corpus_acquisition.downloader: Skipping elcomercio on 2025-01-29: already crawled successfully.
2026-07-06 03:10:45,673 [INFO] src.corpus_acquisition.downloader: Skipping elcomercio on 2025-01-30: already crawled successfully.
2026-07-06 03:10:45,674 [INFO] src.corpus_acquisition.downloader: Skipping elcomercio on 2025-01-31: already crawled successfully.
2026-07-06 03:10:45,675 [INFO] src.corpus_acquisition.downloader: Skipping elcomercio on 2025-02-01: already crawled successfully.
2026-07-06 03:10:45,676 [INFO] src.corpus_acquisition.downloader: Skipping elcomercio on 2025-02-02: already crawled successfully.
2026-07-06 03:10:45,677 [INFO] src.corpus_acquisition.downloader: Skipping elcomercio on 2025-02-03: already crawled successfully.
2026-07-06 03:10:45,678 [INFO] src.corpus_acquisition.downloader: Skipping elcomercio on 2025-02-04: already crawled successfully.
2026-07-06 03:10:45,679 [INFO] src.corpus_acquisition.downloader: Skipping elcomercio on 2025-02-05: already crawled successfully.
2026-07-06 03:10:45,680 [INFO] src.corpus_acquisition.downloader: Skipping elcomercio on 2025-02-06: already crawled successfully.
2026-07-06 03:10:45,681 [INFO] src.corpus_acquisition.downloader: Skipping elcomercio on 2025-02-07: already crawled successfully.
2026-07-06 03:10:45,682 [INFO] src.corpus_acquisition.downloader: Skipping elcomercio on 2025-02-08: already crawled successfully.
2026-07-06 03:10:45,683 [INFO] src.corpus_acquisition.downloader: Skipping elcomercio on 2025-02-09: already crawled successfully.
2026-07-06 03:10:45,683 [INFO] src.corpus_acquisition.downloader: Skipping elcomercio on 2025-02-10: already crawled successfully.
2026-07-06 03:10:45,684 [INFO] src.corpus_acquisition.downloader: Skipping elcomercio on 2025-02-11: already crawled successfully.
2026-07-06 03:10:45,685 [INFO] src.corpus_acquisition.downloader: Skipping elcomercio on 2025-02-12: already crawled successfully.
2026-07-06 03:10:45,686 [INFO] src.corpus_acquisition.downloader: Skipping elcomercio on 2025-02-13: already crawled successfully.
2026-07-06 03:10:45,686 [INFO] src.corpus_acquisition.downloader: Skipping elcomercio on 2025-02-14: already crawled successfully.
2026-07-06 03:10:45,687 [INFO] src.corpus_acquisition.downloader: Skipping elcomercio on 2025-02-15: already crawled successfully.
2026-07-06 03:10:45,688 [INFO] src.corpus_acquisition.downloader: Skipping elcomercio on 2025-02-16: already crawled successfully.
2026-07-06 03:10:45,689 [INFO] src.corpus_acquisition.downloader: Skipping elcomercio on 2025-02-17: already crawled successfully.
2026-07-06 03:10:45,689 [INFO] src.corpus_acquisition.downloader: Skipping elcomercio on 2025-02-18: already crawled successfully.
2026-07-06 03:10:45,690 [INFO] src.corpus_acquisition.downloader: Skipping elcomercio on 2025-02-19: already crawled successfully.
2026-07-06 03:10:45,691 [INFO] src.corpus_acquisition.downloader: Skipping elcomercio on 2025-02-20: already crawled successfully.
2026-07-06 03:10:45,693 [INFO] src.corpus_acquisition.downloader: Skipping elcomercio on 2025-02-21: already crawled successfully.
2026-07-06 03:10:45,694 [INFO] src.corpus_acquisition.downloader: Skipping elcomercio on 2025-02-22: already crawled successfully.
2026-07-06 03:10:45,695 [INFO] src.corpus_acquisition.downloader: Skipping elcomercio on 2025-02-23: already crawled successfully.
2026-07-06 03:10:45,696 [INFO] src.corpus_acquisition.downloader: Skipping elcomercio on 2025-02-24: already crawled successfully.
2026-07-06 03:10:45,696 [INFO] src.corpus_acquisition.downloader: Skipping elcomercio on 2025-02-25: already crawled successfully.
2026-07-06 03:10:45,697 [INFO] src.corpus_acquisition.downloader: Skipping elcomercio on 2025-02-26: already crawled successfully.
2026-07-06 03:10:45,698 [INFO] src.corpus_acquisition.downloader: Skipping elcomercio on 2025-02-27: already crawled successfully.
2026-07-06 03:10:45,699 [INFO] src.corpus_acquisition.downloader: Skipping elcomercio on 2025-02-28: already crawled successfully.
2026-07-06 03:10:45,700 [INFO] src.corpus_acquisition.downloader: Skipping elcomercio on 2025-03-01: already crawled successfully.
2026-07-06 03:10:45,701 [INFO] src.corpus_acquisition.downloader: Skipping elcomercio on 2025-03-02: already crawled successfully.
2026-07-06 03:10:45,702 [INFO] src.corpus_acquisition.downloader: Skipping elcomercio on 2025-03-03: already crawled successfully.
2026-07-06 03:10:45,703 [INFO] src.corpus_acquisition.downloader: Skipping elcomercio on 2025-03-04: already crawled successfully.
2026-07-06 03:10:45,704 [INFO] src.corpus_acquisition.downloader: Skipping elcomercio on 2025-03-05: already crawled successfully.
2026-07-06 03:10:45,706 [INFO] src.corpus_acquisition.downloader: Skipping elcomercio on 2025-03-06: already crawled successfully.
2026-07-06 03:10:45,707 [INFO] src.corpus_acquisition.downloader: Skipping elcomercio on 2025-03-07: already crawled successfully.
2026-07-06 03:10:45,708 [INFO] src.corpus_acquisition.downloader: Skipping elcomercio on 2025-03-08: already crawled successfully.
2026-07-06 03:10:45,709 [INFO] src.corpus_acquisition.downloader: Skipping elcomercio on 2025-03-09: already crawled successfully.
2026-07-06 03:10:45,710 [INFO] src.corpus_acquisition.downloader: Skipping elcomercio on 2025-03-10: already crawled successfully.
2026-07-06 03:10:45,711 [INFO] src.corpus_acquisition.downloader: Skipping elcomercio on 2025-03-11: already crawled successfully.
2026-07-06 03:10:45,712 [INFO] src.corpus_acquisition.downloader: Skipping elcomercio on 2025-03-12: already crawled successfully.
2026-07-06 03:10:45,713 [INFO] src.corpus_acquisition.downloader: Skipping elcomercio on 2025-03-13: already crawled successfully.
2026-07-06 03:10:45,714 [INFO] src.corpus_acquisition.downloader: Skipping elcomercio on 2025-03-14: already crawled successfully.
2026-07-06 03:10:45,715 [INFO] src.corpus_acquisition.downloader: Skipping elcomercio on 2025-03-15: already crawled successfully.
2026-07-06 03:10:45,716 [INFO] src.corpus_acquisition.downloader: Skipping elcomercio on 2025-03-16: already crawled successfully.
2026-07-06 03:10:45,716 [INFO] src.corpus_acquisition.downloader: Skipping elcomercio on 2025-03-17: already crawled successfully.
2026-07-06 03:10:45,717 [INFO] src.corpus_acquisition.downloader: Skipping elcomercio on 2025-03-18: already crawled successfully.
2026-07-06 03:10:45,718 [INFO] src.corpus_acquisition.downloader: Skipping elcomercio on 2025-03-19: already crawled successfully.
2026-07-06 03:10:45,719 [INFO] src.corpus_acquisition.downloader: Skipping elcomercio on 2025-03-20: already crawled successfully.
2026-07-06 03:10:45,720 [INFO] src.corpus_acquisition.downloader: Skipping elcomercio on 2025-03-21: already crawled successfully.
2026-07-06 03:10:45,721 [INFO] src.corpus_acquisition.downloader: Skipping elcomercio on 2025-03-22: already crawled successfully.
2026-07-06 03:10:45,722 [INFO] src.corpus_acquisition.downloader: Skipping elcomercio on 2025-03-23: already crawled successfully.
2026-07-06 03:10:45,723 [INFO] src.corpus_acquisition.downloader: Skipping elcomercio on 2025-03-24: already crawled successfully.
2026-07-06 03:10:45,724 [INFO] src.corpus_acquisition.downloader: Skipping elcomercio on 2025-03-25: already crawled successfully.
2026-07-06 03:10:45,724 [INFO] src.corpus_acquisition.downloader: Skipping elcomercio on 2025-03-26: already crawled successfully.
2026-07-06 03:10:45,725 [INFO] src.corpus_acquisition.downloader: Skipping elcomercio on 2025-03-27: already crawled successfully.
2026-07-06 03:10:45,726 [INFO] src.corpus_acquisition.downloader: Skipping elcomercio on 2025-03-28: already crawled successfully.
2026-07-06 03:10:45,727 [INFO] src.corpus_acquisition.downloader: Skipping elcomercio on 2025-03-29: already crawled successfully.
2026-07-06 03:10:45,728 [INFO] src.corpus_acquisition.downloader: Skipping elcomercio on 2025-03-30: already crawled successfully.
2026-07-06 03:10:45,729 [INFO] src.corpus_acquisition.downloader: Skipping elcomercio on 2025-03-31: already crawled successfully.
2026-07-06 03:10:45,729 [INFO] src.corpus_acquisition.downloader: Skipping elcomercio on 2025-04-01: already crawled successfully.
2026-07-06 03:10:45,730 [INFO] src.corpus_acquisition.downloader: Skipping elcomercio on 2025-04-02: already crawled successfully.
2026-07-06 03:10:45,731 [INFO] src.corpus_acquisition.downloader: Skipping elcomercio on 2025-04-03: already crawled successfully.
2026-07-06 03:10:45,732 [INFO] src.corpus_acquisition.downloader: Skipping elcomercio on 2025-04-04: already crawled successfully.
2026-07-06 03:10:45,733 [INFO] src.corpus_acquisition.downloader: Skipping elcomercio on 2025-04-05: already crawled successfully.
2026-07-06 03:10:45,733 [INFO] src.corpus_acquisition.downloader: Skipping elcomercio on 2025-04-06: already crawled successfully.
2026-07-06 03:10:45,734 [INFO] src.corpus_acquisition.downloader: Skipping elcomercio on 2025-04-07: already crawled successfully.
2026-07-06 03:10:45,735 [INFO] src.corpus_acquisition.downloader: Skipping elcomercio on 2025-04-08: already crawled successfully.
2026-07-06 03:10:45,736 [INFO] src.corpus_acquisition.downloader: Skipping elcomercio on 2025-04-09: already crawled successfully.
2026-07-06 03:10:45,737 [INFO] src.corpus_acquisition.downloader: Skipping elcomercio on 2025-04-10: already crawled successfully.
2026-07-06 03:10:45,738 [INFO] src.corpus_acquisition.downloader: Skipping elcomercio on 2025-04-11: already crawled successfully.
2026-07-06 03:10:45,739 [INFO] src.corpus_acquisition.downloader: Skipping elcomercio on 2025-04-12: already crawled successfully.
2026-07-06 03:10:45,740 [INFO] src.corpus_acquisition.downloader: Skipping elcomercio on 2025-04-13: already crawled successfully.
2026-07-06 03:10:45,740 [INFO] src.corpus_acquisition.downloader: Skipping elcomercio on 2025-04-14: already crawled successfully.
2026-07-06 03:10:45,741 [INFO] src.corpus_acquisition.downloader: Skipping elcomercio on 2025-04-15: already crawled successfully.
2026-07-06 03:10:45,742 [INFO] src.corpus_acquisition.downloader: Skipping elcomercio on 2025-04-16: already crawled successfully.
2026-07-06 03:10:45,743 [INFO] src.corpus_acquisition.downloader: Skipping elcomercio on 2025-04-17: already crawled successfully.
2026-07-06 03:10:45,744 [INFO] src.corpus_acquisition.downloader: Skipping elcomercio on 2025-04-18: already crawled successfully.
2026-07-06 03:10:45,745 [INFO] src.corpus_acquisition.downloader: Skipping elcomercio on 2025-04-19: already crawled successfully.
2026-07-06 03:10:45,746 [INFO] src.corpus_acquisition.downloader: Skipping elcomercio on 2025-04-20: already crawled successfully.
2026-07-06 03:10:45,747 [INFO] src.corpus_acquisition.downloader: Skipping elcomercio on 2025-04-21: already crawled successfully.
2026-07-06 03:10:45,747 [INFO] src.corpus_acquisition.downloader: Skipping elcomercio on 2025-04-22: already crawled successfully.
2026-07-06 03:10:45,748 [INFO] src.corpus_acquisition.downloader: Skipping elcomercio on 2025-04-23: already crawled successfully.
2026-07-06 03:10:45,749 [INFO] src.corpus_acquisition.downloader: Skipping elcomercio on 2025-04-24: already crawled successfully.
2026-07-06 03:10:45,750 [INFO] src.corpus_acquisition.downloader: Skipping elcomercio on 2025-04-25: already crawled successfully.
2026-07-06 03:10:45,751 [INFO] src.corpus_acquisition.downloader: Skipping elcomercio on 2025-04-26: already crawled successfully.
2026-07-06 03:10:45,752 [INFO] src.corpus_acquisition.downloader: Skipping elcomercio on 2025-04-27: already crawled successfully.
2026-07-06 03:10:45,752 [INFO] src.corpus_acquisition.downloader: Skipping elcomercio on 2025-04-28: already crawled successfully.
2026-07-06 03:10:45,753 [INFO] src.corpus_acquisition.downloader: Skipping elcomercio on 2025-04-29: already crawled successfully.
2026-07-06 03:10:45,754 [INFO] src.corpus_acquisition.downloader: Skipping elcomercio on 2025-04-30: already crawled successfully.
2026-07-06 03:10:45,754 [INFO] src.corpus_acquisition.downloader: Skipping elcomercio on 2025-05-01: already crawled successfully.
2026-07-06 03:10:45,755 [INFO] src.corpus_acquisition.downloader: Skipping elcomercio on 2025-05-02: already crawled successfully.
2026-07-06 03:10:45,756 [INFO] src.corpus_acquisition.downloader: Skipping elcomercio on 2025-05-03: already crawled successfully.
2026-07-06 03:10:45,757 [INFO] src.corpus_acquisition.downloader: Skipping elcomercio on 2025-05-04: already crawled successfully.
2026-07-06 03:10:45,757 [INFO] src.corpus_acquisition.downloader: Skipping elcomercio on 2025-05-05: already crawled successfully.
2026-07-06 03:10:45,758 [INFO] src.corpus_acquisition.downloader: Skipping elcomercio on 2025-05-06: already crawled successfully.
2026-07-06 03:10:45,759 [INFO] src.corpus_acquisition.downloader: Skipping elcomercio on 2025-05-07: already crawled successfully.
2026-07-06 03:10:45,760 [INFO] src.corpus_acquisition.downloader: Skipping elcomercio on 2025-05-08: already crawled successfully.
2026-07-06 03:10:45,760 [INFO] src.corpus_acquisition.downloader: Skipping elcomercio on 2025-05-09: already crawled successfully.
2026-07-06 03:10:45,761 [INFO] src.corpus_acquisition.downloader: Skipping elcomercio on 2025-05-10: already crawled successfully.
2026-07-06 03:10:45,762 [INFO] src.corpus_acquisition.downloader: Skipping elcomercio on 2025-05-11: already crawled successfully.
2026-07-06 03:10:45,763 [INFO] src.corpus_acquisition.downloader: Skipping elcomercio on 2025-05-12: already crawled successfully.
2026-07-06 03:10:45,764 [INFO] src.corpus_acquisition.downloader: Skipping elcomercio on 2025-05-13: already crawled successfully.
2026-07-06 03:10:45,765 [INFO] src.corpus_acquisition.downloader: Skipping elcomercio on 2025-05-14: already crawled successfully.
2026-07-06 03:10:45,766 [INFO] src.corpus_acquisition.downloader: Skipping elcomercio on 2025-05-15: already crawled successfully.
2026-07-06 03:10:45,767 [INFO] src.corpus_acquisition.downloader: Skipping elcomercio on 2025-05-16: already crawled successfully.
2026-07-06 03:10:45,768 [INFO] src.corpus_acquisition.downloader: Skipping elcomercio on 2025-05-17: already crawled successfully.
2026-07-06 03:10:45,769 [INFO] src.corpus_acquisition.downloader: Skipping elcomercio on 2025-05-18: already crawled successfully.
2026-07-06 03:10:45,770 [INFO] src.corpus_acquisition.downloader: Skipping elcomercio on 2025-05-19: already crawled successfully.
2026-07-06 03:10:45,771 [INFO] src.corpus_acquisition.downloader: Skipping elcomercio on 2025-05-20: already crawled successfully.
2026-07-06 03:10:45,772 [INFO] src.corpus_acquisition.downloader: Skipping elcomercio on 2025-05-21: already crawled successfully.
2026-07-06 03:10:45,773 [INFO] src.corpus_acquisition.downloader: Skipping elcomercio on 2025-05-22: already crawled successfully.
2026-07-06 03:10:45,774 [INFO] src.corpus_acquisition.downloader: Skipping elcomercio on 2025-05-23: already crawled successfully.
2026-07-06 03:10:45,776 [INFO] src.corpus_acquisition.downloader: Skipping elcomercio on 2025-05-24: already crawled successfully.
2026-07-06 03:10:45,777 [INFO] src.corpus_acquisition.downloader: Skipping elcomercio on 2025-05-25: already crawled successfully.
2026-07-06 03:10:45,778 [INFO] src.corpus_acquisition.downloader: Skipping elcomercio on 2025-05-26: already crawled successfully.
2026-07-06 03:10:45,779 [INFO] src.corpus_acquisition.downloader: Skipping elcomercio on 2025-05-27: already crawled successfully.
2026-07-06 03:10:45,780 [INFO] src.corpus_acquisition.downloader: Skipping elcomercio on 2025-05-28: already crawled successfully.
2026-07-06 03:10:45,781 [INFO] src.corpus_acquisition.downloader: Skipping elcomercio on 2025-05-29: already crawled successfully.
2026-07-06 03:10:45,782 [INFO] src.corpus_acquisition.downloader: Skipping elcomercio on 2025-05-30: already crawled successfully.
2026-07-06 03:10:45,783 [INFO] src.corpus_acquisition.downloader: Skipping elcomercio on 2025-05-31: already crawled successfully.
2026-07-06 03:10:45,784 [INFO] src.corpus_acquisition.downloader: Skipping elcomercio on 2025-06-01: already crawled successfully.
2026-07-06 03:10:45,785 [INFO] src.corpus_acquisition.downloader: Skipping elcomercio on 2025-06-02: already crawled successfully.
2026-07-06 03:10:45,787 [INFO] src.corpus_acquisition.downloader: Skipping elcomercio on 2025-06-03: already crawled successfully.
2026-07-06 03:10:45,788 [INFO] src.corpus_acquisition.downloader: Skipping elcomercio on 2025-06-04: already crawled successfully.
2026-07-06 03:10:45,789 [INFO] src.corpus_acquisition.downloader: Skipping elcomercio on 2025-06-05: already crawled successfully.
2026-07-06 03:10:45,790 [INFO] src.corpus_acquisition.downloader: Skipping elcomercio on 2025-06-06: already crawled successfully.
2026-07-06 03:10:45,792 [INFO] src.corpus_acquisition.downloader: Skipping elcomercio on 2025-06-07: already crawled successfully.
2026-07-06 03:10:45,793 [INFO] src.corpus_acquisition.downloader: Skipping elcomercio on 2025-06-08: already crawled successfully.
2026-07-06 03:10:45,794 [INFO] src.corpus_acquisition.downloader: Skipping elcomercio on 2025-06-09: already crawled successfully.
2026-07-06 03:10:45,795 [INFO] src.corpus_acquisition.downloader: Skipping elcomercio on 2025-06-10: already crawled successfully.
2026-07-06 03:10:45,796 [INFO] src.corpus_acquisition.downloader: Skipping elcomercio on 2025-06-11: already crawled successfully.
2026-07-06 03:10:45,797 [INFO] src.corpus_acquisition.downloader: Skipping elcomercio on 2025-06-12: already crawled successfully.
2026-07-06 03:10:45,798 [INFO] src.corpus_acquisition.downloader: Skipping elcomercio on 2025-06-13: already crawled successfully.
2026-07-06 03:10:45,799 [INFO] src.corpus_acquisition.downloader: Skipping elcomercio on 2025-06-14: already crawled successfully.
2026-07-06 03:10:45,800 [INFO] src.corpus_acquisition.downloader: Skipping elcomercio on 2025-06-15: already crawled successfully.
2026-07-06 03:10:45,801 [INFO] src.corpus_acquisition.downloader: Skipping elcomercio on 2025-06-16: already crawled successfully.
2026-07-06 03:10:45,802 [INFO] src.corpus_acquisition.downloader: Skipping elcomercio on 2025-06-17: already crawled successfully.
2026-07-06 03:10:45,804 [INFO] src.corpus_acquisition.downloader: Skipping elcomercio on 2025-06-18: already crawled successfully.
2026-07-06 03:10:45,805 [INFO] src.corpus_acquisition.downloader: Skipping elcomercio on 2025-06-19: already crawled successfully.
2026-07-06 03:10:45,806 [INFO] src.corpus_acquisition.downloader: Skipping elcomercio on 2025-06-20: already crawled successfully.
2026-07-06 03:10:45,807 [INFO] src.corpus_acquisition.downloader: Skipping elcomercio on 2025-06-21: already crawled successfully.
2026-07-06 03:10:45,808 [INFO] src.corpus_acquisition.downloader: Skipping elcomercio on 2025-06-22: already crawled successfully.
2026-07-06 03:10:45,809 [INFO] src.corpus_acquisition.downloader: Skipping elcomercio on 2025-06-23: already crawled successfully.
2026-07-06 03:10:45,810 [INFO] src.corpus_acquisition.downloader: Skipping elcomercio on 2025-06-24: already crawled successfully.
2026-07-06 03:10:45,812 [INFO] src.corpus_acquisition.downloader: Skipping elcomercio on 2025-06-25: already crawled successfully.
2026-07-06 03:10:45,813 [INFO] src.corpus_acquisition.downloader: Skipping elcomercio on 2025-06-26: already crawled successfully.
2026-07-06 03:10:45,814 [INFO] src.corpus_acquisition.downloader: Skipping elcomercio on 2025-06-27: already crawled successfully.
2026-07-06 03:10:45,814 [INFO] src.corpus_acquisition.downloader: Skipping elcomercio on 2025-06-28: already crawled successfully.
2026-07-06 03:10:45,816 [INFO] src.corpus_acquisition.downloader: Skipping elcomercio on 2025-06-29: already crawled successfully.
2026-07-06 03:10:45,817 [INFO] src.corpus_acquisition.downloader: Skipping elcomercio on 2025-06-30: already crawled successfully.
2026-07-06 03:10:45,818 [INFO] src.corpus_acquisition.downloader: Skipping elcomercio on 2025-07-01: already crawled successfully.
2026-07-06 03:10:45,819 [INFO] src.corpus_acquisition.downloader: Skipping elcomercio on 2025-07-02: already crawled successfully.
2026-07-06 03:10:45,820 [INFO] src.corpus_acquisition.downloader: Skipping elcomercio on 2025-07-03: already crawled successfully.
2026-07-06 03:10:45,821 [INFO] src.corpus_acquisition.downloader: Skipping elcomercio on 2025-07-04: already crawled successfully.
2026-07-06 03:10:45,822 [INFO] src.corpus_acquisition.downloader: Skipping elcomercio on 2025-07-05: already crawled successfully.
2026-07-06 03:10:45,823 [INFO] src.corpus_acquisition.downloader: Skipping elcomercio on 2025-07-06: already crawled successfully.
2026-07-06 03:10:45,824 [INFO] src.corpus_acquisition.downloader: Skipping elcomercio on 2025-07-07: already crawled successfully.
2026-07-06 03:10:45,825 [INFO] src.corpus_acquisition.downloader: Skipping elcomercio on 2025-07-08: already crawled successfully.
2026-07-06 03:10:45,826 [INFO] src.corpus_acquisition.downloader: Skipping elcomercio on 2025-07-09: already crawled successfully.
2026-07-06 03:10:45,827 [INFO] src.corpus_acquisition.downloader: Skipping elcomercio on 2025-07-10: already crawled successfully.
2026-07-06 03:10:45,828 [INFO] src.corpus_acquisition.downloader: Skipping elcomercio on 2025-07-11: already crawled successfully.
2026-07-06 03:10:45,829 [INFO] src.corpus_acquisition.downloader: Skipping elcomercio on 2025-07-12: already crawled successfully.
2026-07-06 03:10:45,830 [INFO] src.corpus_acquisition.downloader: Skipping elcomercio on 2025-07-13: already crawled successfully.
2026-07-06 03:10:45,831 [INFO] src.corpus_acquisition.downloader: Skipping elcomercio on 2025-07-14: already crawled successfully.
2026-07-06 03:10:45,832 [INFO] src.corpus_acquisition.downloader: Skipping elcomercio on 2025-07-15: already crawled successfully.
2026-07-06 03:10:45,833 [INFO] src.corpus_acquisition.downloader: Skipping elcomercio on 2025-07-16: already crawled successfully.
2026-07-06 03:10:45,833 [INFO] src.corpus_acquisition.downloader: Skipping elcomercio on 2025-07-17: already crawled successfully.
2026-07-06 03:10:45,834 [INFO] src.corpus_acquisition.downloader: Skipping elcomercio on 2025-07-18: already crawled successfully.
2026-07-06 03:10:45,835 [INFO] src.corpus_acquisition.downloader: Skipping elcomercio on 2025-07-19: already crawled successfully.
2026-07-06 03:10:45,836 [INFO] src.corpus_acquisition.downloader: Skipping elcomercio on 2025-07-20: already crawled successfully.
2026-07-06 03:10:45,838 [INFO] src.corpus_acquisition.downloader: Skipping elcomercio on 2025-07-21: already crawled successfully.
2026-07-06 03:10:45,838 [INFO] src.corpus_acquisition.downloader: Skipping elcomercio on 2025-07-22: already crawled successfully.
2026-07-06 03:10:45,839 [INFO] src.corpus_acquisition.downloader: Skipping elcomercio on 2025-07-23: already crawled successfully.
2026-07-06 03:10:45,840 [INFO] src.corpus_acquisition.downloader: Skipping elcomercio on 2025-07-24: already crawled successfully.
2026-07-06 03:10:45,841 [INFO] src.corpus_acquisition.downloader: Skipping elcomercio on 2025-07-25: already crawled successfully.
2026-07-06 03:10:45,842 [INFO] src.corpus_acquisition.downloader: Skipping elcomercio on 2025-07-26: already crawled successfully.
2026-07-06 03:10:45,843 [INFO] src.corpus_acquisition.downloader: Skipping elcomercio on 2025-07-27: already crawled successfully.
2026-07-06 03:10:45,844 [INFO] src.corpus_acquisition.downloader: Skipping elcomercio on 2025-07-28: already crawled successfully.
2026-07-06 03:10:45,845 [INFO] src.corpus_acquisition.downloader: Skipping elcomercio on 2025-07-29: already crawled successfully.
2026-07-06 03:10:45,847 [INFO] src.corpus_acquisition.downloader: Skipping elcomercio on 2025-07-30: already crawled successfully.
2026-07-06 03:10:45,848 [INFO] src.corpus_acquisition.downloader: Skipping elcomercio on 2025-07-31: already crawled successfully.
2026-07-06 03:10:45,849 [INFO] src.corpus_acquisition.downloader: Skipping elcomercio on 2025-08-01: already crawled successfully.
2026-07-06 03:10:45,850 [INFO] src.corpus_acquisition.downloader: Skipping elcomercio on 2025-08-02: already crawled successfully.
2026-07-06 03:10:45,851 [INFO] src.corpus_acquisition.downloader: Skipping elcomercio on 2025-08-03: already crawled successfully.
2026-07-06 03:10:45,852 [INFO] src.corpus_acquisition.downloader: Skipping elcomercio on 2025-08-04: already crawled successfully.
2026-07-06 03:10:45,853 [INFO] src.corpus_acquisition.downloader: Skipping elcomercio on 2025-08-05: already crawled successfully.
2026-07-06 03:10:45,854 [INFO] src.corpus_acquisition.downloader: Skipping elcomercio on 2025-08-06: already crawled successfully.
2026-07-06 03:10:45,855 [INFO] src.corpus_acquisition.downloader: Skipping elcomercio on 2025-08-07: already crawled successfully.
2026-07-06 03:10:45,856 [INFO] src.corpus_acquisition.downloader: Skipping elcomercio on 2025-08-08: already crawled successfully.
2026-07-06 03:10:45,857 [INFO] src.corpus_acquisition.downloader: Skipping elcomercio on 2025-08-09: already crawled successfully.
2026-07-06 03:10:45,858 [INFO] src.corpus_acquisition.downloader: Skipping elcomercio on 2025-08-10: already crawled successfully.
2026-07-06 03:10:45,858 [INFO] src.corpus_acquisition.downloader: Skipping elcomercio on 2025-08-11: already crawled successfully.
2026-07-06 03:10:45,859 [INFO] src.corpus_acquisition.downloader: Skipping elcomercio on 2025-08-12: already crawled successfully.
2026-07-06 03:10:45,860 [INFO] src.corpus_acquisition.downloader: Skipping elcomercio on 2025-08-13: already crawled successfully.
2026-07-06 03:10:45,861 [INFO] src.corpus_acquisition.downloader: Skipping elcomercio on 2025-08-14: already crawled successfully.
2026-07-06 03:10:45,862 [INFO] src.corpus_acquisition.downloader: Skipping elcomercio on 2025-08-15: already crawled successfully.
2026-07-06 03:10:45,863 [INFO] src.corpus_acquisition.downloader: Skipping elcomercio on 2025-08-16: already crawled successfully.
2026-07-06 03:10:45,864 [INFO] src.corpus_acquisition.downloader: Skipping elcomercio on 2025-08-17: already crawled successfully.
2026-07-06 03:10:45,865 [INFO] src.corpus_acquisition.downloader: Skipping elcomercio on 2025-08-18: already crawled successfully.
2026-07-06 03:10:45,866 [INFO] src.corpus_acquisition.downloader: Skipping elcomercio on 2025-08-19: already crawled successfully.
2026-07-06 03:10:45,867 [INFO] src.corpus_acquisition.downloader: Skipping elcomercio on 2025-08-20: already crawled successfully.
2026-07-06 03:10:45,868 [INFO] src.corpus_acquisition.downloader: Skipping elcomercio on 2025-08-21: already crawled successfully.
2026-07-06 03:10:45,869 [INFO] src.corpus_acquisition.downloader: Skipping elcomercio on 2025-08-22: already crawled successfully.
2026-07-06 03:10:45,915 [INFO] src.corpus_acquisition.downloader: Skipping elcomercio on 2025-08-23: already crawled successfully.
2026-07-06 03:10:45,916 [INFO] src.corpus_acquisition.downloader: Skipping elcomercio on 2025-08-24: already crawled successfully.
2026-07-06 03:10:45,917 [INFO] src.corpus_acquisition.downloader: Skipping elcomercio on 2025-08-25: already crawled successfully.
2026-07-06 03:10:45,918 [INFO] src.corpus_acquisition.downloader: Skipping elcomercio on 2025-08-26: already crawled successfully.
2026-07-06 03:10:45,919 [INFO] src.corpus_acquisition.downloader: Skipping elcomercio on 2025-08-27: already crawled successfully.
2026-07-06 03:10:45,920 [INFO] src.corpus_acquisition.downloader: Skipping elcomercio on 2025-08-28: already crawled successfully.
2026-07-06 03:10:45,922 [INFO] src.corpus_acquisition.downloader: Skipping elcomercio on 2025-08-29: already crawled successfully.
2026-07-06 03:10:45,923 [INFO] src.corpus_acquisition.downloader: Skipping elcomercio on 2025-08-30: already crawled successfully.
2026-07-06 03:10:45,923 [INFO] src.corpus_acquisition.downloader: Skipping elcomercio on 2025-08-31: already crawled successfully.
2026-07-06 03:10:45,924 [INFO] src.corpus_acquisition.downloader: Skipping elcomercio on 2025-09-01: already crawled successfully.
2026-07-06 03:10:45,926 [INFO] src.corpus_acquisition.downloader: Skipping elcomercio on 2025-09-02: already crawled successfully.
2026-07-06 03:10:45,927 [INFO] src.corpus_acquisition.downloader: Skipping elcomercio on 2025-09-03: already crawled successfully.
2026-07-06 03:10:45,927 [INFO] src.corpus_acquisition.downloader: Skipping elcomercio on 2025-09-04: already crawled successfully.
2026-07-06 03:10:45,928 [INFO] src.corpus_acquisition.downloader: Skipping elcomercio on 2025-09-05: already crawled successfully.
2026-07-06 03:10:45,929 [INFO] src.corpus_acquisition.downloader: Skipping elcomercio on 2025-09-06: already crawled successfully.
2026-07-06 03:10:45,931 [INFO] src.corpus_acquisition.downloader: Skipping elcomercio on 2025-09-07: already crawled successfully.
2026-07-06 03:10:45,932 [INFO] src.corpus_acquisition.downloader: Skipping elcomercio on 2025-09-08: already crawled successfully.
2026-07-06 03:10:45,933 [INFO] src.corpus_acquisition.downloader: Skipping elcomercio on 2025-09-09: already crawled successfully.
2026-07-06 03:10:45,934 [INFO] src.corpus_acquisition.downloader: Skipping elcomercio on 2025-09-10: already crawled successfully.
2026-07-06 03:10:45,935 [INFO] src.corpus_acquisition.downloader: Skipping elcomercio on 2025-09-11: already crawled successfully.
2026-07-06 03:10:45,936 [INFO] src.corpus_acquisition.downloader: Skipping elcomercio on 2025-09-12: already crawled successfully.
2026-07-06 03:10:45,937 [INFO] src.corpus_acquisition.downloader: Skipping elcomercio on 2025-09-13: already crawled successfully.
2026-07-06 03:10:45,938 [INFO] src.corpus_acquisition.downloader: Skipping elcomercio on 2025-09-14: already crawled successfully.
2026-07-06 03:10:45,939 [INFO] src.corpus_acquisition.downloader: Skipping elcomercio on 2025-09-15: already crawled successfully.
2026-07-06 03:10:45,940 [INFO] src.corpus_acquisition.downloader: Skipping elcomercio on 2025-09-16: already crawled successfully.
2026-07-06 03:10:45,941 [INFO] src.corpus_acquisition.downloader: Skipping elcomercio on 2025-09-17: already crawled successfully.
2026-07-06 03:10:45,942 [INFO] src.corpus_acquisition.downloader: Skipping elcomercio on 2025-09-18: already crawled successfully.
2026-07-06 03:10:45,943 [INFO] src.corpus_acquisition.downloader: Skipping elcomercio on 2025-09-19: already crawled successfully.
2026-07-06 03:10:45,944 [INFO] src.corpus_acquisition.downloader: Skipping elcomercio on 2025-09-20: already crawled successfully.
2026-07-06 03:10:45,945 [INFO] src.corpus_acquisition.downloader: Skipping elcomercio on 2025-09-21: already crawled successfully.
2026-07-06 03:10:45,947 [INFO] src.corpus_acquisition.downloader: Skipping elcomercio on 2025-09-22: already crawled successfully.
2026-07-06 03:10:45,948 [INFO] src.corpus_acquisition.downloader: Skipping elcomercio on 2025-09-23: already crawled successfully.
2026-07-06 03:10:45,949 [INFO] src.corpus_acquisition.downloader: Skipping elcomercio on 2025-09-24: already crawled successfully.
2026-07-06 03:10:45,950 [INFO] src.corpus_acquisition.downloader: Skipping elcomercio on 2025-09-25: already crawled successfully.
2026-07-06 03:10:45,951 [INFO] src.corpus_acquisition.downloader: Skipping elcomercio on 2025-09-26: already crawled successfully.
2026-07-06 03:10:45,952 [INFO] src.corpus_acquisition.downloader: Skipping elcomercio on 2025-09-27: already crawled successfully.
2026-07-06 03:10:45,953 [INFO] src.corpus_acquisition.downloader: Skipping elcomercio on 2025-09-28: already crawled successfully.
2026-07-06 03:10:45,954 [INFO] src.corpus_acquisition.downloader: Skipping elcomercio on 2025-09-29: already crawled successfully.
2026-07-06 03:10:45,955 [INFO] src.corpus_acquisition.downloader: Skipping elcomercio on 2025-09-30: already crawled successfully.
2026-07-06 03:10:45,956 [INFO] src.corpus_acquisition.downloader: Skipping elcomercio on 2025-10-01: already crawled successfully.
2026-07-06 03:10:45,957 [INFO] src.corpus_acquisition.downloader: Skipping elcomercio on 2025-10-02: already crawled successfully.
2026-07-06 03:10:45,958 [INFO] src.corpus_acquisition.downloader: Skipping elcomercio on 2025-10-03: already crawled successfully.
2026-07-06 03:10:45,959 [INFO] src.corpus_acquisition.downloader: Skipping elcomercio on 2025-10-04: already crawled successfully.
2026-07-06 03:10:45,960 [INFO] src.corpus_acquisition.downloader: Skipping elcomercio on 2025-10-05: already crawled successfully.
2026-07-06 03:10:45,961 [INFO] src.corpus_acquisition.downloader: Skipping elcomercio on 2025-10-06: already crawled successfully.
2026-07-06 03:10:45,962 [INFO] src.corpus_acquisition.downloader: Skipping elcomercio on 2025-10-07: already crawled successfully.
2026-07-06 03:10:45,963 [INFO] src.corpus_acquisition.downloader: Skipping elcomercio on 2025-10-08: already crawled successfully.
2026-07-06 03:10:45,964 [INFO] src.corpus_acquisition.downloader: Skipping elcomercio on 2025-10-09: already crawled successfully.
2026-07-06 03:10:45,965 [INFO] src.corpus_acquisition.downloader: Skipping elcomercio on 2025-10-10: already crawled successfully.
2026-07-06 03:10:45,966 [INFO] src.corpus_acquisition.downloader: Skipping elcomercio on 2025-10-11: already crawled successfully.
2026-07-06 03:10:45,967 [INFO] src.corpus_acquisition.downloader: Skipping elcomercio on 2025-10-12: already crawled successfully.
2026-07-06 03:10:45,968 [INFO] src.corpus_acquisition.downloader: Skipping elcomercio on 2025-10-13: already crawled successfully.
2026-07-06 03:10:45,968 [INFO] src.corpus_acquisition.downloader: Skipping elcomercio on 2025-10-14: already crawled successfully.
2026-07-06 03:10:45,969 [INFO] src.corpus_acquisition.downloader: Skipping elcomercio on 2025-10-15: already crawled successfully.
2026-07-06 03:10:45,970 [INFO] src.corpus_acquisition.downloader: Skipping elcomercio on 2025-10-16: already crawled successfully.
2026-07-06 03:10:45,971 [INFO] src.corpus_acquisition.downloader: Skipping elcomercio on 2025-10-17: already crawled successfully.
2026-07-06 03:10:45,973 [INFO] src.corpus_acquisition.downloader: Skipping elcomercio on 2025-10-18: already crawled successfully.
2026-07-06 03:10:45,974 [INFO] src.corpus_acquisition.downloader: Skipping elcomercio on 2025-10-19: already crawled successfully.
2026-07-06 03:10:45,975 [INFO] src.corpus_acquisition.downloader: Skipping elcomercio on 2025-10-20: already crawled successfully.
2026-07-06 03:10:45,976 [INFO] src.corpus_acquisition.downloader: Skipping elcomercio on 2025-10-21: already crawled successfully.
2026-07-06 03:10:45,977 [INFO] src.corpus_acquisition.downloader: Skipping elcomercio on 2025-10-22: already crawled successfully.
2026-07-06 03:10:45,978 [INFO] src.corpus_acquisition.downloader: Skipping elcomercio on 2025-10-23: already crawled successfully.
2026-07-06 03:10:45,979 [INFO] src.corpus_acquisition.downloader: Skipping elcomercio on 2025-10-24: already crawled successfully.
2026-07-06 03:10:45,980 [INFO] src.corpus_acquisition.downloader: Skipping elcomercio on 2025-10-25: already crawled successfully.
2026-07-06 03:10:45,981 [INFO] src.corpus_acquisition.downloader: Skipping elcomercio on 2025-10-26: already crawled successfully.
2026-07-06 03:10:45,982 [INFO] src.corpus_acquisition.downloader: Skipping elcomercio on 2025-10-27: already crawled successfully.
2026-07-06 03:10:45,983 [INFO] src.corpus_acquisition.downloader: Skipping elcomercio on 2025-10-28: already crawled successfully.
2026-07-06 03:10:45,984 [INFO] src.corpus_acquisition.downloader: Skipping elcomercio on 2025-10-29: already crawled successfully.
2026-07-06 03:10:45,986 [INFO] src.corpus_acquisition.downloader: Skipping elcomercio on 2025-10-30: already crawled successfully.
2026-07-06 03:10:45,987 [INFO] src.corpus_acquisition.downloader: Skipping elcomercio on 2025-10-31: already crawled successfully.
2026-07-06 03:10:45,988 [INFO] src.corpus_acquisition.downloader: Skipping elcomercio on 2025-11-01: already crawled successfully.
2026-07-06 03:10:45,989 [INFO] src.corpus_acquisition.downloader: Skipping elcomercio on 2025-11-02: already crawled successfully.
2026-07-06 03:10:45,990 [INFO] src.corpus_acquisition.downloader: Skipping elcomercio on 2025-11-03: already crawled successfully.
2026-07-06 03:10:45,991 [INFO] src.corpus_acquisition.downloader: Skipping elcomercio on 2025-11-04: already crawled successfully.
2026-07-06 03:10:45,992 [INFO] src.corpus_acquisition.downloader: Skipping elcomercio on 2025-11-05: already crawled successfully.
2026-07-06 03:10:45,993 [INFO] src.corpus_acquisition.downloader: Skipping elcomercio on 2025-11-06: already crawled successfully.
2026-07-06 03:10:45,994 [INFO] src.corpus_acquisition.downloader: Skipping elcomercio on 2025-11-07: already crawled successfully.
2026-07-06 03:10:45,995 [INFO] src.corpus_acquisition.downloader: Skipping elcomercio on 2025-11-08: already crawled successfully.
2026-07-06 03:10:45,996 [INFO] src.corpus_acquisition.downloader: Skipping elcomercio on 2025-11-09: already crawled successfully.
2026-07-06 03:10:45,997 [INFO] src.corpus_acquisition.downloader: Skipping elcomercio on 2025-11-10: already crawled successfully.
2026-07-06 03:10:45,997 [INFO] src.corpus_acquisition.downloader: Skipping elcomercio on 2025-11-11: already crawled successfully.
2026-07-06 03:10:45,998 [INFO] src.corpus_acquisition.downloader: Skipping elcomercio on 2025-11-12: already crawled successfully.
2026-07-06 03:10:45,999 [INFO] src.corpus_acquisition.downloader: Skipping elcomercio on 2025-11-13: already crawled successfully.
2026-07-06 03:10:46,000 [INFO] src.corpus_acquisition.downloader: Skipping elcomercio on 2025-11-14: already crawled successfully.
2026-07-06 03:10:46,001 [INFO] src.corpus_acquisition.downloader: Skipping elcomercio on 2025-11-15: already crawled successfully.
2026-07-06 03:10:46,002 [INFO] src.corpus_acquisition.downloader: Skipping elcomercio on 2025-11-16: already crawled successfully.
2026-07-06 03:10:46,004 [INFO] src.corpus_acquisition.downloader: Skipping elcomercio on 2025-11-17: already crawled successfully.
2026-07-06 03:10:46,004 [INFO] src.corpus_acquisition.downloader: Skipping elcomercio on 2025-11-18: already crawled successfully.
2026-07-06 03:10:46,006 [INFO] src.corpus_acquisition.downloader: Skipping elcomercio on 2025-11-19: already crawled successfully.
2026-07-06 03:10:46,007 [INFO] src.corpus_acquisition.downloader: Skipping elcomercio on 2025-11-20: already crawled successfully.
2026-07-06 03:10:46,008 [INFO] src.corpus_acquisition.downloader: Skipping elcomercio on 2025-11-21: already crawled successfully.
2026-07-06 03:10:46,009 [INFO] src.corpus_acquisition.downloader: Skipping elcomercio on 2025-11-22: already crawled successfully.
2026-07-06 03:10:46,010 [INFO] src.corpus_acquisition.downloader: Skipping elcomercio on 2025-11-23: already crawled successfully.
2026-07-06 03:10:46,011 [INFO] src.corpus_acquisition.downloader: Skipping elcomercio on 2025-11-24: already crawled successfully.
2026-07-06 03:10:46,012 [INFO] src.corpus_acquisition.downloader: Skipping elcomercio on 2025-11-25: already crawled successfully.
2026-07-06 03:10:46,013 [INFO] src.corpus_acquisition.downloader: Skipping elcomercio on 2025-11-26: already crawled successfully.
2026-07-06 03:10:46,014 [INFO] src.corpus_acquisition.downloader: Skipping elcomercio on 2025-11-27: already crawled successfully.
2026-07-06 03:10:46,015 [INFO] src.corpus_acquisition.downloader: Skipping elcomercio on 2025-11-28: already crawled successfully.
2026-07-06 03:10:46,016 [INFO] src.corpus_acquisition.downloader: Skipping elcomercio on 2025-11-29: already crawled successfully.
2026-07-06 03:10:46,017 [INFO] src.corpus_acquisition.downloader: Skipping elcomercio on 2025-11-30: already crawled successfully.
2026-07-06 03:10:46,018 [INFO] src.corpus_acquisition.downloader: Skipping elcomercio on 2025-12-01: already crawled successfully.
2026-07-06 03:10:46,019 [INFO] src.corpus_acquisition.downloader: Skipping elcomercio on 2025-12-02: already crawled successfully.
2026-07-06 03:10:46,020 [INFO] src.corpus_acquisition.downloader: Skipping elcomercio on 2025-12-03: already crawled successfully.
2026-07-06 03:10:46,021 [INFO] src.corpus_acquisition.downloader: Skipping elcomercio on 2025-12-04: already crawled successfully.
2026-07-06 03:10:46,022 [INFO] src.corpus_acquisition.downloader: Skipping elcomercio on 2025-12-05: already crawled successfully.
2026-07-06 03:10:46,023 [INFO] src.corpus_acquisition.downloader: Skipping elcomercio on 2025-12-06: already crawled successfully.
2026-07-06 03:10:46,024 [INFO] src.corpus_acquisition.downloader: Skipping elcomercio on 2025-12-07: already crawled successfully.
2026-07-06 03:10:46,025 [INFO] src.corpus_acquisition.downloader: Skipping elcomercio on 2025-12-08: already crawled successfully.
2026-07-06 03:10:46,026 [INFO] src.corpus_acquisition.downloader: Skipping elcomercio on 2025-12-09: already crawled successfully.
2026-07-06 03:10:46,027 [INFO] src.corpus_acquisition.downloader: Skipping elcomercio on 2025-12-10: already crawled successfully.
2026-07-06 03:10:46,028 [INFO] src.corpus_acquisition.downloader: Skipping elcomercio on 2025-12-11: already crawled successfully.
2026-07-06 03:10:46,029 [INFO] src.corpus_acquisition.downloader: Skipping elcomercio on 2025-12-12: already crawled successfully.
2026-07-06 03:10:46,030 [INFO] src.corpus_acquisition.downloader: Skipping elcomercio on 2025-12-13: already crawled successfully.
2026-07-06 03:10:46,031 [INFO] src.corpus_acquisition.downloader: Skipping elcomercio on 2025-12-14: already crawled successfully.
2026-07-06 03:10:46,032 [INFO] src.corpus_acquisition.downloader: Skipping elcomercio on 2025-12-15: already crawled successfully.
2026-07-06 03:10:46,033 [INFO] src.corpus_acquisition.downloader: Skipping elcomercio on 2025-12-16: already crawled successfully.
2026-07-06 03:10:46,033 [INFO] src.corpus_acquisition.downloader: Skipping elcomercio on 2025-12-17: already crawled successfully.
2026-07-06 03:10:46,034 [INFO] src.corpus_acquisition.downloader: Skipping elcomercio on 2025-12-18: already crawled successfully.
2026-07-06 03:10:46,035 [INFO] src.corpus_acquisition.downloader: Skipping elcomercio on 2025-12-19: already crawled successfully.
2026-07-06 03:10:46,037 [INFO] src.corpus_acquisition.downloader: Skipping elcomercio on 2025-12-20: already crawled successfully.
2026-07-06 03:10:46,037 [INFO] src.corpus_acquisition.downloader: Skipping elcomercio on 2025-12-21: already crawled successfully.
2026-07-06 03:10:46,038 [INFO] src.corpus_acquisition.downloader: Skipping elcomercio on 2025-12-22: already crawled successfully.
2026-07-06 03:10:46,039 [INFO] src.corpus_acquisition.downloader: Skipping elcomercio on 2025-12-23: already crawled successfully.
2026-07-06 03:10:46,040 [INFO] src.corpus_acquisition.downloader: Skipping elcomercio on 2025-12-24: already crawled successfully.
2026-07-06 03:10:46,041 [INFO] src.corpus_acquisition.downloader: Skipping elcomercio on 2025-12-25: already crawled successfully.
2026-07-06 03:10:46,042 [INFO] src.corpus_acquisition.downloader: Skipping elcomercio on 2025-12-26: already crawled successfully.
2026-07-06 03:10:46,043 [INFO] src.corpus_acquisition.downloader: Skipping elcomercio on 2025-12-27: already crawled successfully.
2026-07-06 03:10:46,044 [INFO] src.corpus_acquisition.downloader: Skipping elcomercio on 2025-12-28: already crawled successfully.
2026-07-06 03:10:46,045 [INFO] src.corpus_acquisition.downloader: Skipping elcomercio on 2025-12-29: already crawled successfully.
2026-07-06 03:10:46,046 [INFO] src.corpus_acquisition.downloader: Skipping elcomercio on 2025-12-30: already crawled successfully.
2026-07-06 03:10:46,047 [INFO] src.corpus_acquisition.downloader: Skipping elcomercio on 2025-12-31: already crawled successfully.
2026-07-06 03:10:46,048 [INFO] src.corpus_acquisition.downloader: Skipping elcomercio on 2026-01-01: already crawled successfully.
2026-07-06 03:10:46,049 [INFO] src.corpus_acquisition.downloader: Skipping elcomercio on 2026-01-02: already crawled successfully.
2026-07-06 03:10:46,050 [INFO] src.corpus_acquisition.downloader: Skipping elcomercio on 2026-01-03: already crawled successfully.
2026-07-06 03:10:46,051 [INFO] src.corpus_acquisition.downloader: Skipping elcomercio on 2026-01-04: already crawled successfully.
2026-07-06 03:10:46,052 [INFO] src.corpus_acquisition.downloader: Skipping elcomercio on 2026-01-05: already crawled successfully.
2026-07-06 03:10:46,053 [INFO] src.corpus_acquisition.downloader: Skipping elcomercio on 2026-01-06: already crawled successfully.
2026-07-06 03:10:46,054 [INFO] src.corpus_acquisition.downloader: Skipping elcomercio on 2026-01-07: already crawled successfully.
2026-07-06 03:10:46,055 [INFO] src.corpus_acquisition.downloader: Skipping elcomercio on 2026-01-08: already crawled successfully.
2026-07-06 03:10:46,056 [INFO] src.corpus_acquisition.downloader: Skipping elcomercio on 2026-01-09: already crawled successfully.
2026-07-06 03:10:46,057 [INFO] src.corpus_acquisition.downloader: Skipping elcomercio on 2026-01-10: already crawled successfully.
2026-07-06 03:10:46,058 [INFO] src.corpus_acquisition.downloader: Skipping elcomercio on 2026-01-11: already crawled successfully.
2026-07-06 03:10:46,059 [INFO] src.corpus_acquisition.downloader: Skipping elcomercio on 2026-01-12: already crawled successfully.
2026-07-06 03:10:46,060 [INFO] src.corpus_acquisition.downloader: Skipping elcomercio on 2026-01-13: already crawled successfully.
2026-07-06 03:10:46,061 [INFO] src.corpus_acquisition.downloader: Skipping elcomercio on 2026-01-14: already crawled successfully.
2026-07-06 03:10:46,063 [INFO] src.corpus_acquisition.downloader: Skipping elcomercio on 2026-01-15: already crawled successfully.
2026-07-06 03:10:46,064 [INFO] src.corpus_acquisition.downloader: Skipping elcomercio on 2026-01-16: already crawled successfully.
2026-07-06 03:10:46,065 [INFO] src.corpus_acquisition.downloader: Skipping elcomercio on 2026-01-17: already crawled successfully.
2026-07-06 03:10:46,066 [INFO] src.corpus_acquisition.downloader: Skipping elcomercio on 2026-01-18: already crawled successfully.
2026-07-06 03:10:46,068 [INFO] src.corpus_acquisition.downloader: Skipping elcomercio on 2026-01-19: already crawled successfully.
2026-07-06 03:10:46,069 [INFO] src.corpus_acquisition.downloader: Skipping elcomercio on 2026-01-20: already crawled successfully.
2026-07-06 03:10:46,070 [INFO] src.corpus_acquisition.downloader: Skipping elcomercio on 2026-01-21: already crawled successfully.
2026-07-06 03:10:46,072 [INFO] src.corpus_acquisition.downloader: Skipping elcomercio on 2026-01-22: already crawled successfully.
2026-07-06 03:10:46,073 [INFO] src.corpus_acquisition.downloader: Skipping elcomercio on 2026-01-23: already crawled successfully.
2026-07-06 03:10:46,074 [INFO] src.corpus_acquisition.downloader: Skipping elcomercio on 2026-01-24: already crawled successfully.
2026-07-06 03:10:46,075 [INFO] src.corpus_acquisition.downloader: Skipping elcomercio on 2026-01-25: already crawled successfully.
2026-07-06 03:10:46,076 [INFO] src.corpus_acquisition.downloader: Skipping elcomercio on 2026-01-26: already crawled successfully.
2026-07-06 03:10:46,078 [INFO] src.corpus_acquisition.downloader: Skipping elcomercio on 2026-01-27: already crawled successfully.
2026-07-06 03:10:46,079 [INFO] src.corpus_acquisition.downloader: Skipping elcomercio on 2026-01-28: already crawled successfully.
2026-07-06 03:10:46,080 [INFO] src.corpus_acquisition.downloader: Skipping elcomercio on 2026-01-29: already crawled successfully.
2026-07-06 03:10:46,081 [INFO] src.corpus_acquisition.downloader: Skipping elcomercio on 2026-01-30: already crawled successfully.
2026-07-06 03:10:46,083 [INFO] src.corpus_acquisition.downloader: Skipping elcomercio on 2026-01-31: already crawled successfully.
2026-07-06 03:10:46,084 [INFO] src.corpus_acquisition.downloader: Skipping elcomercio on 2026-02-01: already crawled successfully.
2026-07-06 03:10:46,085 [INFO] src.corpus_acquisition.downloader: Skipping elcomercio on 2026-02-02: already crawled successfully.
2026-07-06 03:10:46,087 [INFO] src.corpus_acquisition.downloader: Skipping elcomercio on 2026-02-03: already crawled successfully.
2026-07-06 03:10:46,088 [INFO] src.corpus_acquisition.downloader: Skipping elcomercio on 2026-02-04: already crawled successfully.
2026-07-06 03:10:46,089 [INFO] src.corpus_acquisition.downloader: Skipping elcomercio on 2026-02-05: already crawled successfully.
2026-07-06 03:10:46,090 [INFO] src.corpus_acquisition.downloader: Skipping elcomercio on 2026-02-06: already crawled successfully.
2026-07-06 03:10:46,092 [INFO] src.corpus_acquisition.downloader: Skipping elcomercio on 2026-02-07: already crawled successfully.
2026-07-06 03:10:46,093 [INFO] src.corpus_acquisition.downloader: Skipping elcomercio on 2026-02-08: already crawled successfully.
2026-07-06 03:10:46,094 [INFO] src.corpus_acquisition.downloader: Skipping elcomercio on 2026-02-09: already crawled successfully.
2026-07-06 03:10:46,095 [INFO] src.corpus_acquisition.downloader: Skipping elcomercio on 2026-02-10: already crawled successfully.
2026-07-06 03:10:46,096 [INFO] src.corpus_acquisition.downloader: Skipping elcomercio on 2026-02-11: already crawled successfully.
2026-07-06 03:10:46,097 [INFO] src.corpus_acquisition.downloader: Skipping elcomercio on 2026-02-12: already crawled successfully.
2026-07-06 03:10:46,099 [INFO] src.corpus_acquisition.downloader: Skipping elcomercio on 2026-02-13: already crawled successfully.
2026-07-06 03:10:46,100 [INFO] src.corpus_acquisition.downloader: Skipping elcomercio on 2026-02-14: already crawled successfully.
2026-07-06 03:10:46,101 [INFO] src.corpus_acquisition.downloader: Skipping elcomercio on 2026-02-15: already crawled successfully.
2026-07-06 03:10:46,102 [INFO] src.corpus_acquisition.downloader: Skipping elcomercio on 2026-02-16: already crawled successfully.
2026-07-06 03:10:46,103 [INFO] src.corpus_acquisition.downloader: Skipping elcomercio on 2026-02-17: already crawled successfully.
2026-07-06 03:10:46,106 [INFO] src.corpus_acquisition.downloader: Opening archive for elcomercio on 2026-02-18
2026-07-06 03:10:51,955 [INFO] src.corpus_acquisition.downloader: Collected 7 / 1000 pages
2026-07-06 03:10:56,119 [INFO] src.corpus_acquisition.downloader: Collected 9 / 1000 pages
2026-07-06 03:10:58,210 [INFO] src.corpus_acquisition.downloader: Collected 11 / 1000 pages
2026-07-06 03:11:00,304 [INFO] src.corpus_acquisition.downloader: Collected 13 / 1000 pages
2026-07-06 03:11:02,390 [INFO] src.corpus_acquisition.downloader: Collected 14 / 1000 pages
2026-07-06 03:11:04,484 [INFO] src.corpus_acquisition.downloader: Collected 17 / 1000 pages
2026-07-06 03:11:06,576 [INFO] src.corpus_acquisition.downloader: Collected 19 / 1000 pages
2026-07-06 03:11:08,676 [INFO] src.corpus_acquisition.downloader: Collected 20 / 1000 pages
2026-07-06 03:11:14,959 [WARNING] src.corpus_acquisition.downloader: No new pages found after 3 attempts; stopping with 20 page(s).
2026-07-06 03:11:14,994 [INFO] src.corpus_acquisition.downloader: Downloading page 1 from https://t.prcdn.co/img?file=eaaj2026021800000000001001&page=1&scale=195
2026-07-06 03:11:14,995 [INFO] src.corpus_acquisition.crawler: Downloading -> data/raw/images/elcomercio/2026/02/18/elcomercio_2026-02-18_1.jpg
2026-07-06 03:11:17,291 [INFO] src.corpus_acquisition.downloader: Downloading page 2 from https://i.prcdn.co/img?file=eaaj2026021800000000001001&page=2&scale=195&ticket=AFuCkduNjKzcJKdrqYTxKgM%3D
2026-07-06 03:11:17,292 [INFO] src.corpus_acquisition.crawler: Downloading -> data/raw/images/elcomercio/2026/02/18/elcomercio_2026-02-18_2.jpg
2026-07-06 03:11:19,189 [INFO] src.corpus_acquisition.downloader: Downloading page 3 from https://i.prcdn.co/img?file=eaaj2026021800000000001001&page=3&scale=195&ticket=ANVxg7%2BHknmEPsCuB2FnLNc%3D
2026-07-06 03:11:19,189 [INFO] src.corpus_acquisition.crawler: Downloading -> data/raw/images/elcomercio/2026/02/18/elcomercio_2026-02-18_3.jpg
2026-07-06 03:11:21,724 [INFO] src.corpus_acquisition.downloader: Downloading page 4 from https://i.prcdn.co/img?file=eaaj2026021800000000001001&page=4&scale=195&ticket=ANtYuV%2FVkf3H4ilpANRi5c8%3D
2026-07-06 03:11:21,724 [INFO] src.corpus_acquisition.crawler: Downloading -> data/raw/images/elcomercio/2026/02/18/elcomercio_2026-02-18_4.jpg
2026-07-06 03:11:23,860 [INFO] src.corpus_acquisition.downloader: Downloading page 5 from https://i.prcdn.co/img?file=eaaj2026021800000000001001&page=5&scale=195&ticket=APrNXovnwZh5xxBz1UvDoTM%3D
2026-07-06 03:11:23,861 [INFO] src.corpus_acquisition.crawler: Downloading -> data/raw/images/elcomercio/2026/02/18/elcomercio_2026-02-18_5.jpg
2026-07-06 03:11:26,044 [INFO] src.corpus_acquisition.downloader: Downloading page 6 from https://i.prcdn.co/img?file=eaaj2026021800000000001001&page=6&scale=195&ticket=ALMsKmEVzsVcscofRBIdZJQ%3D
2026-07-06 03:11:26,044 [INFO] src.corpus_acquisition.crawler: Downloading -> data/raw/images/elcomercio/2026/02/18/elcomercio_2026-02-18_6.jpg
2026-07-06 03:11:29,601 [INFO] src.corpus_acquisition.downloader: Downloading page 7 from https://i.prcdn.co/img?file=eaaj2026021800000000001001&page=7&scale=195&ticket=AI0BJfWEhI8ThFYAYTJ6S68%3D
2026-07-06 03:11:29,601 [INFO] src.corpus_acquisition.crawler: Downloading -> data/raw/images/elcomercio/2026/02/18/elcomercio_2026-02-18_7.jpg
2026-07-06 03:11:32,843 [INFO] src.corpus_acquisition.downloader: Downloading page 8 from https://i.prcdn.co/img?file=eaaj2026021800000000001001&page=8&scale=195&ticket=AC21Zvqx%2FgVm1P1LOqknsR8%3D
2026-07-06 03:11:32,843 [INFO] src.corpus_acquisition.crawler: Downloading -> data/raw/images/elcomercio/2026/02/18/elcomercio_2026-02-18_8.jpg
2026-07-06 03:11:35,614 [INFO] src.corpus_acquisition.downloader: Downloading page 9 from https://i.prcdn.co/img?file=eaaj2026021800000000001001&page=9&scale=195&ticket=ACJzZmZ1QjG6hrYPNbne6%2Bs%3D
2026-07-06 03:11:35,614 [INFO] src.corpus_acquisition.crawler: Downloading -> data/raw/images/elcomercio/2026/02/18/elcomercio_2026-02-18_9.jpg
2026-07-06 03:11:38,082 [INFO] src.corpus_acquisition.downloader: Downloading page 10 from https://i.prcdn.co/img?file=eaaj2026021800000000001001&page=10&scale=195&ticket=ALELVQaxiYBkiyCZ88tPePc%3D
2026-07-06 03:11:38,082 [INFO] src.corpus_acquisition.crawler: Downloading -> data/raw/images/elcomercio/2026/02/18/elcomercio_2026-02-18_10.jpg
2026-07-06 03:11:40,324 [INFO] src.corpus_acquisition.downloader: Downloading page 11 from https://i.prcdn.co/img?file=eaaj2026021800000000001001&page=11&scale=195&ticket=ADMDcZKl0Gukv6yIAiwxZTE%3D
2026-07-06 03:11:40,324 [INFO] src.corpus_acquisition.crawler: Downloading -> data/raw/images/elcomercio/2026/02/18/elcomercio_2026-02-18_11.jpg
2026-07-06 03:11:43,187 [INFO] src.corpus_acquisition.downloader: Downloading page 12 from https://i.prcdn.co/img?file=eaaj2026021800000000001001&page=12&scale=195&ticket=AGcsaX4MaiSGrSsrkoLnaVY%3D
2026-07-06 03:11:43,187 [INFO] src.corpus_acquisition.crawler: Downloading -> data/raw/images/elcomercio/2026/02/18/elcomercio_2026-02-18_12.jpg
2026-07-06 03:11:45,442 [INFO] src.corpus_acquisition.downloader: Downloading page 13 from https://i.prcdn.co/img?file=eaaj2026021800000000001001&page=13&scale=195&ticket=ALPgedBQH7JFt%2BNkBV3wK2E%3D
2026-07-06 03:11:45,443 [INFO] src.corpus_acquisition.crawler: Downloading -> data/raw/images/elcomercio/2026/02/18/elcomercio_2026-02-18_13.jpg
2026-07-06 03:11:47,464 [INFO] src.corpus_acquisition.downloader: Downloading page 14 from https://i.prcdn.co/img?file=eaaj2026021800000000001001&page=14&scale=195&ticket=AFR%2FFo%2BIRTjsfFvB%2Fi07qmc%3D
2026-07-06 03:11:47,465 [INFO] src.corpus_acquisition.crawler: Downloading -> data/raw/images/elcomercio/2026/02/18/elcomercio_2026-02-18_14.jpg
2026-07-06 03:11:49,984 [INFO] src.corpus_acquisition.downloader: Downloading page 15 from https://i.prcdn.co/img?file=eaaj2026021800000000001001&page=15&scale=195&ticket=ABgIvD56wcRYKdLhpRMCOXE%3D
2026-07-06 03:11:49,984 [INFO] src.corpus_acquisition.crawler: Downloading -> data/raw/images/elcomercio/2026/02/18/elcomercio_2026-02-18_15.jpg
2026-07-06 03:11:52,446 [INFO] src.corpus_acquisition.downloader: Downloading page 16 from https://i.prcdn.co/img?file=eaaj2026021800000000001001&page=16&scale=195&ticket=AA8n177k7TUL6pnJbPQQwAQ%3D
2026-07-06 03:11:52,446 [INFO] src.corpus_acquisition.crawler: Downloading -> data/raw/images/elcomercio/2026/02/18/elcomercio_2026-02-18_16.jpg
2026-07-06 03:11:55,128 [INFO] src.corpus_acquisition.downloader: Downloading page 17 from https://i.prcdn.co/img?file=eaaj2026021800000000001001&page=17&scale=195&ticket=AAuz321kp7%2B5b5ViR8FDnT8%3D
2026-07-06 03:11:55,129 [INFO] src.corpus_acquisition.crawler: Downloading -> data/raw/images/elcomercio/2026/02/18/elcomercio_2026-02-18_17.jpg
2026-07-06 03:11:57,150 [INFO] src.corpus_acquisition.downloader: Downloading page 18 from https://i.prcdn.co/img?file=eaaj2026021800000000001001&page=18&scale=195&ticket=ALuF%2FnmYo1tDD%2BL%2ByPwbtHk%3D
2026-07-06 03:11:57,151 [INFO] src.corpus_acquisition.crawler: Downloading -> data/raw/images/elcomercio/2026/02/18/elcomercio_2026-02-18_18.jpg
2026-07-06 03:11:59,571 [INFO] src.corpus_acquisition.downloader: Downloading page 19 from https://i.prcdn.co/img?file=eaaj2026021800000000001001&page=19&scale=195&ticket=ADf2KPX1m4aBTXL3MYkO%2FPo%3D
2026-07-06 03:11:59,572 [INFO] src.corpus_acquisition.crawler: Downloading -> data/raw/images/elcomercio/2026/02/18/elcomercio_2026-02-18_19.jpg
2026-07-06 03:12:01,845 [INFO] src.corpus_acquisition.downloader: Downloading page 20 from https://i.prcdn.co/img?file=eaaj2026021800000000001001&page=20&scale=195&ticket=AFDR4iW9nwSsY3I6bvqV4UY%3D
2026-07-06 03:12:01,845 [INFO] src.corpus_acquisition.crawler: Downloading -> data/raw/images/elcomercio/2026/02/18/elcomercio_2026-02-18_20.jpg
2026-07-06 03:12:04,030 [INFO] src.corpus_acquisition.metadata_extractor: Saved metadata for 20 page(s) -> data/raw/metadata/raw_metadata.parquet (total rows: 69118)
2026-07-06 03:12:04,036 [INFO] src.corpus_acquisition.metadata_extractor: Saved crawl log -> data/raw/crawl_logs/elcomercio_2026-02-18.json (status=success)
2026-07-06 03:12:06,788 [INFO] src.corpus_acquisition.downloader: Skipping elcomercio on 2026-02-19: already crawled successfully.
2026-07-06 03:12:06,789 [INFO] src.corpus_acquisition.downloader: Skipping elcomercio on 2026-02-20: already crawled successfully.
2026-07-06 03:12:06,791 [INFO] src.corpus_acquisition.downloader: Skipping elcomercio on 2026-02-21: already crawled successfully.
2026-07-06 03:12:06,792 [INFO] src.corpus_acquisition.downloader: Skipping elcomercio on 2026-02-22: already crawled successfully.
2026-07-06 03:12:06,793 [INFO] src.corpus_acquisition.downloader: Skipping elcomercio on 2026-02-23: already crawled successfully.
2026-07-06 03:12:06,795 [INFO] src.corpus_acquisition.downloader: Skipping elcomercio on 2026-02-24: already crawled successfully.
2026-07-06 03:12:06,796 [INFO] src.corpus_acquisition.downloader: Skipping elcomercio on 2026-02-25: already crawled successfully.
2026-07-06 03:12:06,797 [INFO] src.corpus_acquisition.downloader: Skipping elcomercio on 2026-02-26: already crawled successfully.
2026-07-06 03:12:06,798 [INFO] src.corpus_acquisition.downloader: Skipping elcomercio on 2026-02-27: already crawled successfully.
2026-07-06 03:12:06,799 [INFO] src.corpus_acquisition.downloader: Skipping elcomercio on 2026-02-28: already crawled successfully.
2026-07-06 03:12:06,800 [INFO] src.corpus_acquisition.downloader: Skipping elcomercio on 2026-03-01: already crawled successfully.
2026-07-06 03:12:06,802 [INFO] src.corpus_acquisition.downloader: Skipping elcomercio on 2026-03-02: already crawled successfully.
2026-07-06 03:12:06,803 [INFO] src.corpus_acquisition.downloader: Skipping elcomercio on 2026-03-03: already crawled successfully.
2026-07-06 03:12:06,804 [INFO] src.corpus_acquisition.downloader: Skipping elcomercio on 2026-03-04: already crawled successfully.
2026-07-06 03:12:06,814 [INFO] src.corpus_acquisition.downloader: Opening archive for elcomercio on 2026-03-05
2026-07-06 03:12:13,084 [INFO] src.corpus_acquisition.downloader: Collected 7 / 1000 pages
2026-07-06 03:12:17,272 [INFO] src.corpus_acquisition.downloader: Collected 9 / 1000 pages
2026-07-06 03:12:19,378 [INFO] src.corpus_acquisition.downloader: Collected 11 / 1000 pages
2026-07-06 03:12:21,483 [INFO] src.corpus_acquisition.downloader: Collected 13 / 1000 pages
2026-07-06 03:12:23,575 [INFO] src.corpus_acquisition.downloader: Collected 15 / 1000 pages
2026-07-06 03:12:25,672 [INFO] src.corpus_acquisition.downloader: Collected 17 / 1000 pages
2026-07-06 03:12:27,757 [INFO] src.corpus_acquisition.downloader: Collected 19 / 1000 pages
2026-07-06 03:12:29,853 [INFO] src.corpus_acquisition.downloader: Collected 20 / 1000 pages
2026-07-06 03:12:36,247 [WARNING] src.corpus_acquisition.downloader: No new pages found after 3 attempts; stopping with 20 page(s).
2026-07-06 03:12:36,279 [INFO] src.corpus_acquisition.downloader: Page 1 already downloaded, skipping.
2026-07-06 03:12:36,280 [INFO] src.corpus_acquisition.downloader: Page 2 already downloaded, skipping.
2026-07-06 03:12:36,280 [INFO] src.corpus_acquisition.downloader: Page 3 already downloaded, skipping.
2026-07-06 03:12:36,280 [INFO] src.corpus_acquisition.downloader: Page 4 already downloaded, skipping.
2026-07-06 03:12:36,280 [INFO] src.corpus_acquisition.downloader: Downloading page 5 from https://i.prcdn.co/img?file=eaaj2026030500000000001001&page=5&scale=195&ticket=AAs4TdQmzDQdsQVZYvpnT5k%3D
2026-07-06 03:12:36,281 [INFO] src.corpus_acquisition.crawler: Downloading -> data/raw/images/elcomercio/2026/03/05/elcomercio_2026-03-05_5.jpg
2026-07-06 03:12:38,169 [INFO] src.corpus_acquisition.downloader: Page 6 already downloaded, skipping.
2026-07-06 03:12:38,169 [INFO] src.corpus_acquisition.downloader: Page 7 already downloaded, skipping.
2026-07-06 03:12:38,169 [INFO] src.corpus_acquisition.downloader: Page 8 already downloaded, skipping.
2026-07-06 03:12:38,169 [INFO] src.corpus_acquisition.downloader: Page 9 already downloaded, skipping.
2026-07-06 03:12:38,169 [INFO] src.corpus_acquisition.downloader: Page 10 already downloaded, skipping.
2026-07-06 03:12:38,169 [INFO] src.corpus_acquisition.downloader: Page 11 already downloaded, skipping.
2026-07-06 03:12:38,169 [INFO] src.corpus_acquisition.downloader: Page 12 already downloaded, skipping.
2026-07-06 03:12:38,169 [INFO] src.corpus_acquisition.downloader: Page 13 already downloaded, skipping.
2026-07-06 03:12:38,170 [INFO] src.corpus_acquisition.downloader: Downloading page 14 from https://i.prcdn.co/img?file=eaaj2026030500000000001001&page=14&scale=195&ticket=AIkNagj7%2FCv4rKBELVhi0mY%3D
2026-07-06 03:12:38,170 [INFO] src.corpus_acquisition.crawler: Downloading -> data/raw/images/elcomercio/2026/03/05/elcomercio_2026-03-05_14.jpg
2026-07-06 03:12:40,084 [INFO] src.corpus_acquisition.downloader: Page 15 already downloaded, skipping.
2026-07-06 03:12:40,084 [INFO] src.corpus_acquisition.downloader: Page 16 already downloaded, skipping.
2026-07-06 03:12:40,085 [INFO] src.corpus_acquisition.downloader: Downloading page 17 from https://i.prcdn.co/img?file=eaaj2026030500000000001001&page=17&scale=195&ticket=AO7gXm5QO42QUa0vY7jmuiw%3D
2026-07-06 03:12:40,086 [INFO] src.corpus_acquisition.crawler: Downloading -> data/raw/images/elcomercio/2026/03/05/elcomercio_2026-03-05_17.jpg
2026-07-06 03:12:42,262 [INFO] src.corpus_acquisition.downloader: Page 18 already downloaded, skipping.
2026-07-06 03:12:42,263 [INFO] src.corpus_acquisition.downloader: Downloading page 19 from https://i.prcdn.co/img?file=eaaj2026030500000000001001&page=19&scale=195&ticket=AMXf7gqFqOUw%2Fwbt4ZCK9fY%3D
2026-07-06 03:12:42,264 [INFO] src.corpus_acquisition.crawler: Downloading -> data/raw/images/elcomercio/2026/03/05/elcomercio_2026-03-05_19.jpg
2026-07-06 03:12:45,205 [INFO] src.corpus_acquisition.downloader: Page 20 already downloaded, skipping.
2026-07-06 03:12:45,314 [INFO] src.corpus_acquisition.metadata_extractor: Saved metadata for 4 page(s) -> data/raw/metadata/raw_metadata.parquet (total rows: 69122)
2026-07-06 03:12:45,317 [INFO] src.corpus_acquisition.metadata_extractor: Saved crawl log -> data/raw/crawl_logs/elcomercio_2026-03-05.json (status=success)
2026-07-06 03:12:48,237 [INFO] src.corpus_acquisition.downloader: Skipping elcomercio on 2026-03-06: already crawled successfully.
2026-07-06 03:12:48,239 [INFO] src.corpus_acquisition.downloader: Skipping elcomercio on 2026-03-07: already crawled successfully.
2026-07-06 03:12:48,240 [INFO] src.corpus_acquisition.downloader: Skipping elcomercio on 2026-03-08: already crawled successfully.
2026-07-06 03:12:48,242 [INFO] src.corpus_acquisition.downloader: Skipping elcomercio on 2026-03-09: already crawled successfully.
2026-07-06 03:12:48,243 [INFO] src.corpus_acquisition.downloader: Skipping elcomercio on 2026-03-10: already crawled successfully.
2026-07-06 03:12:48,244 [INFO] src.corpus_acquisition.downloader: Skipping elcomercio on 2026-03-11: already crawled successfully.
2026-07-06 03:12:48,245 [INFO] src.corpus_acquisition.downloader: Skipping elcomercio on 2026-03-12: already crawled successfully.
2026-07-06 03:12:48,247 [INFO] src.corpus_acquisition.downloader: Skipping elcomercio on 2026-03-13: already crawled successfully.
2026-07-06 03:12:48,248 [INFO] src.corpus_acquisition.downloader: Skipping elcomercio on 2026-03-14: already crawled successfully.
2026-07-06 03:12:48,249 [INFO] src.corpus_acquisition.downloader: Skipping elcomercio on 2026-03-15: already crawled successfully.
2026-07-06 03:12:48,251 [INFO] src.corpus_acquisition.downloader: Skipping elcomercio on 2026-03-16: already crawled successfully.
2026-07-06 03:12:48,252 [INFO] src.corpus_acquisition.downloader: Skipping elcomercio on 2026-03-17: already crawled successfully.
2026-07-06 03:12:48,253 [INFO] src.corpus_acquisition.downloader: Skipping elcomercio on 2026-03-18: already crawled successfully.
2026-07-06 03:12:48,255 [INFO] src.corpus_acquisition.downloader: Skipping elcomercio on 2026-03-19: already crawled successfully.
2026-07-06 03:12:48,256 [INFO] src.corpus_acquisition.downloader: Skipping elcomercio on 2026-03-20: already crawled successfully.
2026-07-06 03:12:48,257 [INFO] src.corpus_acquisition.downloader: Skipping elcomercio on 2026-03-21: already crawled successfully.
2026-07-06 03:12:48,260 [INFO] src.corpus_acquisition.downloader: Skipping elcomercio on 2026-03-22: already crawled successfully.
2026-07-06 03:12:48,261 [INFO] src.corpus_acquisition.downloader: Skipping elcomercio on 2026-03-23: already crawled successfully.
2026-07-06 03:12:48,262 [INFO] src.corpus_acquisition.downloader: Skipping elcomercio on 2026-03-24: already crawled successfully.
2026-07-06 03:12:48,263 [INFO] src.corpus_acquisition.downloader: Skipping elcomercio on 2026-03-25: already crawled successfully.
2026-07-06 03:12:48,265 [INFO] src.corpus_acquisition.downloader: Skipping elcomercio on 2026-03-26: already crawled successfully.
2026-07-06 03:12:48,266 [INFO] src.corpus_acquisition.downloader: Skipping elcomercio on 2026-03-27: already crawled successfully.
2026-07-06 03:12:48,267 [INFO] src.corpus_acquisition.downloader: Skipping elcomercio on 2026-03-28: already crawled successfully.
2026-07-06 03:12:48,268 [INFO] src.corpus_acquisition.downloader: Skipping elcomercio on 2026-03-29: already crawled successfully.
2026-07-06 03:12:48,269 [INFO] src.corpus_acquisition.downloader: Skipping elcomercio on 2026-03-30: already crawled successfully.
2026-07-06 03:12:48,270 [INFO] src.corpus_acquisition.downloader: Skipping elcomercio on 2026-03-31: already crawled successfully.
2026-07-06 03:12:48,271 [INFO] src.corpus_acquisition.downloader: Skipping elcomercio on 2026-04-01: already crawled successfully.
2026-07-06 03:12:48,272 [INFO] src.corpus_acquisition.downloader: Skipping elcomercio on 2026-04-02: already crawled successfully.
2026-07-06 03:12:48,273 [INFO] src.corpus_acquisition.downloader: Skipping elcomercio on 2026-04-03: already crawled successfully.
2026-07-06 03:12:48,274 [INFO] src.corpus_acquisition.downloader: Skipping elcomercio on 2026-04-04: already crawled successfully.
2026-07-06 03:12:48,275 [INFO] src.corpus_acquisition.downloader: Skipping elcomercio on 2026-04-05: already crawled successfully.
2026-07-06 03:12:48,277 [INFO] src.corpus_acquisition.downloader: Skipping elcomercio on 2026-04-06: already crawled successfully.
2026-07-06 03:12:48,278 [INFO] src.corpus_acquisition.downloader: Skipping elcomercio on 2026-04-07: already crawled successfully.
2026-07-06 03:12:48,279 [INFO] src.corpus_acquisition.downloader: Skipping elcomercio on 2026-04-08: already crawled successfully.
2026-07-06 03:12:48,280 [INFO] src.corpus_acquisition.downloader: Skipping elcomercio on 2026-04-09: already crawled successfully.
2026-07-06 03:12:48,281 [INFO] src.corpus_acquisition.downloader: Skipping elcomercio on 2026-04-10: already crawled successfully.
2026-07-06 03:12:48,282 [INFO] src.corpus_acquisition.downloader: Skipping elcomercio on 2026-04-11: already crawled successfully.
2026-07-06 03:12:48,283 [INFO] src.corpus_acquisition.downloader: Skipping elcomercio on 2026-04-12: already crawled successfully.
2026-07-06 03:12:48,284 [INFO] src.corpus_acquisition.downloader: Skipping elcomercio on 2026-04-13: already crawled successfully.
2026-07-06 03:12:48,285 [INFO] src.corpus_acquisition.downloader: Skipping elcomercio on 2026-04-14: already crawled successfully.
2026-07-06 03:12:48,286 [INFO] src.corpus_acquisition.downloader: Skipping elcomercio on 2026-04-15: already crawled successfully.
2026-07-06 03:12:48,287 [INFO] src.corpus_acquisition.downloader: Skipping elcomercio on 2026-04-16: already crawled successfully.
2026-07-06 03:12:48,296 [INFO] src.corpus_acquisition.downloader: Opening archive for elcomercio on 2026-04-17
2026-07-06 03:12:54,174 [INFO] src.corpus_acquisition.downloader: Collected 7 / 1000 pages
2026-07-06 03:12:58,349 [INFO] src.corpus_acquisition.downloader: Collected 9 / 1000 pages
2026-07-06 03:13:00,446 [INFO] src.corpus_acquisition.downloader: Collected 11 / 1000 pages
2026-07-06 03:13:02,544 [INFO] src.corpus_acquisition.downloader: Collected 13 / 1000 pages
2026-07-06 03:13:04,753 [INFO] src.corpus_acquisition.downloader: Collected 15 / 1000 pages
2026-07-06 03:13:06,863 [INFO] src.corpus_acquisition.downloader: Collected 17 / 1000 pages
2026-07-06 03:13:08,961 [INFO] src.corpus_acquisition.downloader: Collected 19 / 1000 pages
2026-07-06 03:13:11,048 [INFO] src.corpus_acquisition.downloader: Collected 20 / 1000 pages
2026-07-06 03:13:17,319 [WARNING] src.corpus_acquisition.downloader: No new pages found after 3 attempts; stopping with 20 page(s).
2026-07-06 03:13:17,349 [INFO] src.corpus_acquisition.downloader: Page 1 already downloaded, skipping.
2026-07-06 03:13:17,349 [INFO] src.corpus_acquisition.downloader: Page 2 already downloaded, skipping.
2026-07-06 03:13:17,349 [INFO] src.corpus_acquisition.downloader: Page 3 already downloaded, skipping.
2026-07-06 03:13:17,349 [INFO] src.corpus_acquisition.downloader: Downloading page 4 from https://i.prcdn.co/img?file=eaaj2026041700000000001001&page=4&scale=195&ticket=ACmXBpE6Tl9N%2BXwxwsVpbL4%3D
2026-07-06 03:13:17,349 [INFO] src.corpus_acquisition.crawler: Downloading -> data/raw/images/elcomercio/2026/04/17/elcomercio_2026-04-17_4.jpg
2026-07-06 03:13:19,733 [INFO] src.corpus_acquisition.downloader: Page 5 already downloaded, skipping.
2026-07-06 03:13:19,734 [INFO] src.corpus_acquisition.downloader: Page 6 already downloaded, skipping.
2026-07-06 03:13:19,734 [INFO] src.corpus_acquisition.downloader: Page 7 already downloaded, skipping.
2026-07-06 03:13:19,734 [INFO] src.corpus_acquisition.downloader: Page 8 already downloaded, skipping.
2026-07-06 03:13:19,734 [INFO] src.corpus_acquisition.downloader: Page 9 already downloaded, skipping.
2026-07-06 03:13:19,734 [INFO] src.corpus_acquisition.downloader: Page 10 already downloaded, skipping.
2026-07-06 03:13:19,734 [INFO] src.corpus_acquisition.downloader: Page 11 already downloaded, skipping.
2026-07-06 03:13:19,734 [INFO] src.corpus_acquisition.downloader: Page 12 already downloaded, skipping.
2026-07-06 03:13:19,734 [INFO] src.corpus_acquisition.downloader: Page 13 already downloaded, skipping.
2026-07-06 03:13:19,734 [INFO] src.corpus_acquisition.downloader: Page 14 already downloaded, skipping.
2026-07-06 03:13:19,735 [INFO] src.corpus_acquisition.downloader: Downloading page 15 from https://i.prcdn.co/img?file=eaaj2026041700000000001001&page=15&scale=195&ticket=AETJWYOziCYh%2FW5ynzw8jUg%3D
2026-07-06 03:13:19,735 [INFO] src.corpus_acquisition.crawler: Downloading -> data/raw/images/elcomercio/2026/04/17/elcomercio_2026-04-17_15.jpg
2026-07-06 03:13:22,774 [INFO] src.corpus_acquisition.downloader: Page 16 already downloaded, skipping.
2026-07-06 03:13:22,774 [INFO] src.corpus_acquisition.downloader: Page 17 already downloaded, skipping.
2026-07-06 03:13:22,774 [INFO] src.corpus_acquisition.downloader: Page 18 already downloaded, skipping.
2026-07-06 03:13:22,774 [INFO] src.corpus_acquisition.downloader: Page 19 already downloaded, skipping.
2026-07-06 03:13:22,774 [INFO] src.corpus_acquisition.downloader: Page 20 already downloaded, skipping.
2026-07-06 03:13:22,883 [INFO] src.corpus_acquisition.metadata_extractor: Saved metadata for 2 page(s) -> data/raw/metadata/raw_metadata.parquet (total rows: 69124)
2026-07-06 03:13:22,887 [INFO] src.corpus_acquisition.metadata_extractor: Saved crawl log -> data/raw/crawl_logs/elcomercio_2026-04-17.json (status=success)
2026-07-06 03:13:24,989 [INFO] src.corpus_acquisition.downloader: Opening archive for elcomercio on 2026-04-18
2026-07-06 03:13:32,241 [INFO] src.corpus_acquisition.downloader: Collected 7 / 1000 pages
2026-07-06 03:13:36,415 [INFO] src.corpus_acquisition.downloader: Collected 9 / 1000 pages
2026-07-06 03:13:38,503 [INFO] src.corpus_acquisition.downloader: Collected 11 / 1000 pages
2026-07-06 03:13:40,598 [INFO] src.corpus_acquisition.downloader: Collected 13 / 1000 pages
2026-07-06 03:13:42,693 [INFO] src.corpus_acquisition.downloader: Collected 15 / 1000 pages
2026-07-06 03:13:44,795 [INFO] src.corpus_acquisition.downloader: Collected 17 / 1000 pages
2026-07-06 03:13:46,888 [INFO] src.corpus_acquisition.downloader: Collected 19 / 1000 pages
2026-07-06 03:13:48,993 [INFO] src.corpus_acquisition.downloader: Collected 21 / 1000 pages
2026-07-06 03:13:51,090 [INFO] src.corpus_acquisition.downloader: Collected 23 / 1000 pages
2026-07-06 03:13:53,192 [INFO] src.corpus_acquisition.downloader: Collected 24 / 1000 pages
2026-07-06 03:13:59,529 [WARNING] src.corpus_acquisition.downloader: No new pages found after 3 attempts; stopping with 24 page(s).
2026-07-06 03:13:59,560 [INFO] src.corpus_acquisition.downloader: Page 1 already downloaded, skipping.
2026-07-06 03:13:59,560 [INFO] src.corpus_acquisition.downloader: Page 2 already downloaded, skipping.
2026-07-06 03:13:59,560 [INFO] src.corpus_acquisition.downloader: Page 3 already downloaded, skipping.
2026-07-06 03:13:59,561 [INFO] src.corpus_acquisition.downloader: Page 4 already downloaded, skipping.
2026-07-06 03:13:59,561 [INFO] src.corpus_acquisition.downloader: Page 5 already downloaded, skipping.
2026-07-06 03:13:59,561 [INFO] src.corpus_acquisition.downloader: Page 6 already downloaded, skipping.
2026-07-06 03:13:59,561 [INFO] src.corpus_acquisition.downloader: Page 7 already downloaded, skipping.
2026-07-06 03:13:59,561 [INFO] src.corpus_acquisition.downloader: Page 8 already downloaded, skipping.
2026-07-06 03:13:59,561 [INFO] src.corpus_acquisition.downloader: Page 9 already downloaded, skipping.
2026-07-06 03:13:59,561 [INFO] src.corpus_acquisition.downloader: Page 10 already downloaded, skipping.
2026-07-06 03:13:59,562 [INFO] src.corpus_acquisition.downloader: Downloading page 11 from https://i.prcdn.co/img?file=eaaj2026041800000000001001&page=11&scale=195&ticket=AOSriNPUEb0zyRhPO79Y0Zg%3D
2026-07-06 03:13:59,562 [INFO] src.corpus_acquisition.crawler: Downloading -> data/raw/images/elcomercio/2026/04/18/elcomercio_2026-04-18_11.jpg
2026-07-06 03:14:02,487 [INFO] src.corpus_acquisition.downloader: Page 12 already downloaded, skipping.
2026-07-06 03:14:02,488 [INFO] src.corpus_acquisition.downloader: Page 13 already downloaded, skipping.
2026-07-06 03:14:02,488 [INFO] src.corpus_acquisition.downloader: Page 14 already downloaded, skipping.
2026-07-06 03:14:02,488 [INFO] src.corpus_acquisition.downloader: Page 15 already downloaded, skipping.
2026-07-06 03:14:02,488 [INFO] src.corpus_acquisition.downloader: Page 16 already downloaded, skipping.
2026-07-06 03:14:02,488 [INFO] src.corpus_acquisition.downloader: Page 17 already downloaded, skipping.
2026-07-06 03:14:02,488 [INFO] src.corpus_acquisition.downloader: Page 18 already downloaded, skipping.
2026-07-06 03:14:02,488 [INFO] src.corpus_acquisition.downloader: Page 19 already downloaded, skipping.
2026-07-06 03:14:02,488 [INFO] src.corpus_acquisition.downloader: Page 20 already downloaded, skipping.
2026-07-06 03:14:02,488 [INFO] src.corpus_acquisition.downloader: Page 21 already downloaded, skipping.
2026-07-06 03:14:02,488 [INFO] src.corpus_acquisition.downloader: Page 22 already downloaded, skipping.
2026-07-06 03:14:02,488 [INFO] src.corpus_acquisition.downloader: Page 23 already downloaded, skipping.
2026-07-06 03:14:02,488 [INFO] src.corpus_acquisition.downloader: Page 24 already downloaded, skipping.
2026-07-06 03:14:02,597 [INFO] src.corpus_acquisition.metadata_extractor: Saved metadata for 1 page(s) -> data/raw/metadata/raw_metadata.parquet (total rows: 69125)
2026-07-06 03:14:02,603 [INFO] src.corpus_acquisition.metadata_extractor: Saved crawl log -> data/raw/crawl_logs/elcomercio_2026-04-18.json (status=success)
2026-07-06 03:14:05,241 [INFO] src.corpus_acquisition.downloader: Skipping elcomercio on 2026-04-19: already crawled successfully.
2026-07-06 03:14:05,242 [INFO] src.corpus_acquisition.downloader: Skipping elcomercio on 2026-04-20: already crawled successfully.
2026-07-06 03:14:05,243 [INFO] src.corpus_acquisition.downloader: Skipping elcomercio on 2026-04-21: already crawled successfully.
2026-07-06 03:14:05,244 [INFO] src.corpus_acquisition.downloader: Skipping elcomercio on 2026-04-22: already crawled successfully.
2026-07-06 03:14:05,245 [INFO] src.corpus_acquisition.downloader: Skipping elcomercio on 2026-04-23: already crawled successfully.
2026-07-06 03:14:05,246 [INFO] src.corpus_acquisition.downloader: Skipping elcomercio on 2026-04-24: already crawled successfully.
2026-07-06 03:14:05,254 [INFO] src.corpus_acquisition.downloader: Opening archive for elcomercio on 2026-04-25
2026-07-06 03:14:11,129 [INFO] src.corpus_acquisition.downloader: Collected 7 / 1000 pages
2026-07-06 03:14:15,296 [INFO] src.corpus_acquisition.downloader: Collected 9 / 1000 pages
2026-07-06 03:14:17,388 [INFO] src.corpus_acquisition.downloader: Collected 11 / 1000 pages
2026-07-06 03:14:19,486 [INFO] src.corpus_acquisition.downloader: Collected 13 / 1000 pages
2026-07-06 03:14:21,587 [INFO] src.corpus_acquisition.downloader: Collected 15 / 1000 pages
2026-07-06 03:14:23,693 [INFO] src.corpus_acquisition.downloader: Collected 17 / 1000 pages
2026-07-06 03:14:25,789 [INFO] src.corpus_acquisition.downloader: Collected 19 / 1000 pages
2026-07-06 03:14:27,884 [INFO] src.corpus_acquisition.downloader: Collected 21 / 1000 pages
2026-07-06 03:14:29,985 [INFO] src.corpus_acquisition.downloader: Collected 23 / 1000 pages
2026-07-06 03:14:32,083 [INFO] src.corpus_acquisition.downloader: Collected 24 / 1000 pages
2026-07-06 03:14:38,478 [WARNING] src.corpus_acquisition.downloader: No new pages found after 3 attempts; stopping with 24 page(s).
2026-07-06 03:14:38,508 [INFO] src.corpus_acquisition.downloader: Downloading page 1 from https://t.prcdn.co/img?file=eaaj2026042500000000001001&page=1&scale=195
2026-07-06 03:14:38,508 [INFO] src.corpus_acquisition.crawler: Downloading -> data/raw/images/elcomercio/2026/04/25/elcomercio_2026-04-25_1.jpg
2026-07-06 03:14:40,525 [INFO] src.corpus_acquisition.downloader: Page 2 already downloaded, skipping.
2026-07-06 03:14:40,525 [INFO] src.corpus_acquisition.downloader: Page 3 already downloaded, skipping.
2026-07-06 03:14:40,526 [INFO] src.corpus_acquisition.downloader: Page 4 already downloaded, skipping.
2026-07-06 03:14:40,526 [INFO] src.corpus_acquisition.downloader: Page 5 already downloaded, skipping.
2026-07-06 03:14:40,526 [INFO] src.corpus_acquisition.downloader: Page 6 already downloaded, skipping.
2026-07-06 03:14:40,526 [INFO] src.corpus_acquisition.downloader: Page 7 already downloaded, skipping.
2026-07-06 03:14:40,526 [INFO] src.corpus_acquisition.downloader: Page 8 already downloaded, skipping.
2026-07-06 03:14:40,526 [INFO] src.corpus_acquisition.downloader: Page 9 already downloaded, skipping.
2026-07-06 03:14:40,526 [INFO] src.corpus_acquisition.downloader: Page 10 already downloaded, skipping.
2026-07-06 03:14:40,526 [INFO] src.corpus_acquisition.downloader: Page 11 already downloaded, skipping.
2026-07-06 03:14:40,526 [INFO] src.corpus_acquisition.downloader: Page 12 already downloaded, skipping.
2026-07-06 03:14:40,526 [INFO] src.corpus_acquisition.downloader: Page 13 already downloaded, skipping.
2026-07-06 03:14:40,526 [INFO] src.corpus_acquisition.downloader: Page 14 already downloaded, skipping.
2026-07-06 03:14:40,526 [INFO] src.corpus_acquisition.downloader: Page 15 already downloaded, skipping.
2026-07-06 03:14:40,526 [INFO] src.corpus_acquisition.downloader: Page 16 already downloaded, skipping.
2026-07-06 03:14:40,527 [INFO] src.corpus_acquisition.downloader: Downloading page 17 from https://i.prcdn.co/img?file=eaaj2026042500000000001001&page=17&scale=195&ticket=AOW2LldVUCKysTUMVrmSNwI%3D
2026-07-06 03:14:40,527 [INFO] src.corpus_acquisition.crawler: Downloading -> data/raw/images/elcomercio/2026/04/25/elcomercio_2026-04-25_17.jpg
2026-07-06 03:14:42,376 [INFO] src.corpus_acquisition.downloader: Page 18 already downloaded, skipping.
2026-07-06 03:14:42,376 [INFO] src.corpus_acquisition.downloader: Page 19 already downloaded, skipping.
2026-07-06 03:14:42,377 [INFO] src.corpus_acquisition.downloader: Page 20 already downloaded, skipping.
2026-07-06 03:14:42,377 [INFO] src.corpus_acquisition.downloader: Page 21 already downloaded, skipping.
2026-07-06 03:14:42,377 [INFO] src.corpus_acquisition.downloader: Page 22 already downloaded, skipping.
2026-07-06 03:14:42,377 [INFO] src.corpus_acquisition.downloader: Page 23 already downloaded, skipping.
2026-07-06 03:14:42,377 [INFO] src.corpus_acquisition.downloader: Page 24 already downloaded, skipping.
2026-07-06 03:14:42,485 [INFO] src.corpus_acquisition.metadata_extractor: Saved metadata for 2 page(s) -> data/raw/metadata/raw_metadata.parquet (total rows: 69127)
2026-07-06 03:14:42,488 [INFO] src.corpus_acquisition.metadata_extractor: Saved crawl log -> data/raw/crawl_logs/elcomercio_2026-04-25.json (status=success)
2026-07-06 03:14:44,618 [INFO] src.corpus_acquisition.downloader: Skipping elcomercio on 2026-04-26: already crawled successfully.
2026-07-06 03:14:44,619 [INFO] src.corpus_acquisition.downloader: Skipping elcomercio on 2026-04-27: already crawled successfully.
2026-07-06 03:14:44,620 [INFO] src.corpus_acquisition.downloader: Skipping elcomercio on 2026-04-28: already crawled successfully.
2026-07-06 03:14:44,627 [INFO] src.corpus_acquisition.downloader: Opening archive for elcomercio on 2026-04-29
2026-07-06 03:14:50,499 [INFO] src.corpus_acquisition.downloader: Collected 7 / 1000 pages
2026-07-06 03:14:54,665 [INFO] src.corpus_acquisition.downloader: Collected 9 / 1000 pages
2026-07-06 03:14:56,752 [INFO] src.corpus_acquisition.downloader: Collected 11 / 1000 pages
2026-07-06 03:14:58,851 [INFO] src.corpus_acquisition.downloader: Collected 13 / 1000 pages
2026-07-06 03:15:01,055 [INFO] src.corpus_acquisition.downloader: Collected 15 / 1000 pages
2026-07-06 03:15:03,158 [INFO] src.corpus_acquisition.downloader: Collected 17 / 1000 pages
2026-07-06 03:15:05,256 [INFO] src.corpus_acquisition.downloader: Collected 19 / 1000 pages
2026-07-06 03:15:07,347 [INFO] src.corpus_acquisition.downloader: Collected 20 / 1000 pages
2026-07-06 03:15:13,617 [WARNING] src.corpus_acquisition.downloader: No new pages found after 3 attempts; stopping with 20 page(s).
2026-07-06 03:15:13,647 [INFO] src.corpus_acquisition.downloader: Page 1 already downloaded, skipping.
2026-07-06 03:15:13,647 [INFO] src.corpus_acquisition.downloader: Page 2 already downloaded, skipping.
2026-07-06 03:15:13,647 [INFO] src.corpus_acquisition.downloader: Page 3 already downloaded, skipping.
2026-07-06 03:15:13,648 [INFO] src.corpus_acquisition.downloader: Page 4 already downloaded, skipping.
2026-07-06 03:15:13,648 [INFO] src.corpus_acquisition.downloader: Page 5 already downloaded, skipping.
2026-07-06 03:15:13,648 [INFO] src.corpus_acquisition.downloader: Page 6 already downloaded, skipping.
2026-07-06 03:15:13,648 [INFO] src.corpus_acquisition.downloader: Page 7 already downloaded, skipping.
2026-07-06 03:15:13,648 [INFO] src.corpus_acquisition.downloader: Page 8 already downloaded, skipping.
2026-07-06 03:15:13,648 [INFO] src.corpus_acquisition.downloader: Page 9 already downloaded, skipping.
2026-07-06 03:15:13,648 [INFO] src.corpus_acquisition.downloader: Page 10 already downloaded, skipping.
2026-07-06 03:15:13,648 [INFO] src.corpus_acquisition.downloader: Page 11 already downloaded, skipping.
2026-07-06 03:15:13,648 [INFO] src.corpus_acquisition.downloader: Page 12 already downloaded, skipping.
2026-07-06 03:15:13,649 [INFO] src.corpus_acquisition.downloader: Downloading page 13 from https://i.prcdn.co/img?file=eaaj2026042900000000001001&page=13&scale=195&ticket=AD0U06ZUrlwfzDZtxjzZXu0%3D
2026-07-06 03:15:13,650 [INFO] src.corpus_acquisition.crawler: Downloading -> data/raw/images/elcomercio/2026/04/29/elcomercio_2026-04-29_13.jpg
2026-07-06 03:15:16,241 [INFO] src.corpus_acquisition.downloader: Page 14 already downloaded, skipping.
2026-07-06 03:15:16,252 [INFO] src.corpus_acquisition.downloader: Downloading page 15 from https://i.prcdn.co/img?file=eaaj2026042900000000001001&page=15&scale=195&ticket=ACyVxXj7gjt6zKx2ZXcCT60%3D
2026-07-06 03:15:16,252 [INFO] src.corpus_acquisition.crawler: Downloading -> data/raw/images/elcomercio/2026/04/29/elcomercio_2026-04-29_15.jpg
2026-07-06 03:15:18,463 [INFO] src.corpus_acquisition.downloader: Page 16 already downloaded, skipping.
2026-07-06 03:15:18,464 [INFO] src.corpus_acquisition.downloader: Page 17 already downloaded, skipping.
2026-07-06 03:15:18,464 [INFO] src.corpus_acquisition.downloader: Page 18 already downloaded, skipping.
2026-07-06 03:15:18,464 [INFO] src.corpus_acquisition.downloader: Page 19 already downloaded, skipping.
2026-07-06 03:15:18,464 [INFO] src.corpus_acquisition.downloader: Page 20 already downloaded, skipping.
2026-07-06 03:15:18,573 [INFO] src.corpus_acquisition.metadata_extractor: Saved metadata for 2 page(s) -> data/raw/metadata/raw_metadata.parquet (total rows: 69129)
2026-07-06 03:15:18,575 [INFO] src.corpus_acquisition.metadata_extractor: Saved crawl log -> data/raw/crawl_logs/elcomercio_2026-04-29.json (status=success)
2026-07-06 03:15:21,123 [INFO] src.corpus_acquisition.downloader: Skipping elcomercio on 2026-04-30: already crawled successfully.
2026-07-06 03:15:21,124 [INFO] src.corpus_acquisition.downloader: Skipping elcomercio on 2026-05-01: already crawled successfully.
2026-07-06 03:15:21,125 [INFO] src.corpus_acquisition.downloader: Skipping elcomercio on 2026-05-02: already crawled successfully.
2026-07-06 03:15:21,126 [INFO] src.corpus_acquisition.downloader: Skipping elcomercio on 2026-05-03: already crawled successfully.
2026-07-06 03:15:21,127 [INFO] src.corpus_acquisition.downloader: Skipping elcomercio on 2026-05-04: already crawled successfully.
2026-07-06 03:15:21,128 [INFO] src.corpus_acquisition.downloader: Skipping elcomercio on 2026-05-05: already crawled successfully.
2026-07-06 03:15:21,129 [INFO] src.corpus_acquisition.downloader: Skipping elcomercio on 2026-05-06: already crawled successfully.
2026-07-06 03:15:21,130 [INFO] src.corpus_acquisition.downloader: Skipping elcomercio on 2026-05-07: already crawled successfully.
2026-07-06 03:15:21,131 [INFO] src.corpus_acquisition.downloader: Skipping elcomercio on 2026-05-08: already crawled successfully.
2026-07-06 03:15:21,132 [INFO] src.corpus_acquisition.downloader: Skipping elcomercio on 2026-05-09: already crawled successfully.
2026-07-06 03:15:21,133 [INFO] src.corpus_acquisition.downloader: Skipping elcomercio on 2026-05-10: already crawled successfully.
2026-07-06 03:15:21,134 [INFO] src.corpus_acquisition.downloader: Skipping elcomercio on 2026-05-11: already crawled successfully.
2026-07-06 03:15:21,135 [INFO] src.corpus_acquisition.downloader: Skipping elcomercio on 2026-05-12: already crawled successfully.
2026-07-06 03:15:21,136 [INFO] src.corpus_acquisition.downloader: Skipping elcomercio on 2026-05-13: already crawled successfully.
2026-07-06 03:15:21,137 [INFO] src.corpus_acquisition.downloader: Skipping elcomercio on 2026-05-14: already crawled successfully.
2026-07-06 03:15:21,138 [INFO] src.corpus_acquisition.downloader: Skipping elcomercio on 2026-05-15: already crawled successfully.
2026-07-06 03:15:21,139 [INFO] src.corpus_acquisition.downloader: Skipping elcomercio on 2026-05-16: already crawled successfully.
2026-07-06 03:15:21,140 [INFO] src.corpus_acquisition.downloader: Skipping elcomercio on 2026-05-17: already crawled successfully.
2026-07-06 03:15:21,141 [INFO] src.corpus_acquisition.downloader: Skipping elcomercio on 2026-05-18: already crawled successfully.
2026-07-06 03:15:21,142 [INFO] src.corpus_acquisition.downloader: Skipping elcomercio on 2026-05-19: already crawled successfully.
2026-07-06 03:15:21,143 [INFO] src.corpus_acquisition.downloader: Skipping elcomercio on 2026-05-20: already crawled successfully.
2026-07-06 03:15:21,144 [INFO] src.corpus_acquisition.downloader: Skipping elcomercio on 2026-05-21: already crawled successfully.
2026-07-06 03:15:21,145 [INFO] src.corpus_acquisition.downloader: Skipping elcomercio on 2026-05-22: already crawled successfully.
2026-07-06 03:15:21,146 [INFO] src.corpus_acquisition.downloader: Skipping elcomercio on 2026-05-23: already crawled successfully.
2026-07-06 03:15:21,147 [INFO] src.corpus_acquisition.downloader: Skipping elcomercio on 2026-05-24: already crawled successfully.
2026-07-06 03:15:21,148 [INFO] src.corpus_acquisition.downloader: Skipping elcomercio on 2026-05-25: already crawled successfully.
2026-07-06 03:15:21,149 [INFO] src.corpus_acquisition.downloader: Skipping elcomercio on 2026-05-26: already crawled successfully.
2026-07-06 03:15:21,150 [INFO] src.corpus_acquisition.downloader: Skipping elcomercio on 2026-05-27: already crawled successfully.
2026-07-06 03:15:21,151 [INFO] src.corpus_acquisition.downloader: Skipping elcomercio on 2026-05-28: already crawled successfully.
2026-07-06 03:15:21,152 [INFO] src.corpus_acquisition.downloader: Skipping elcomercio on 2026-05-29: already crawled successfully.
2026-07-06 03:15:21,153 [INFO] src.corpus_acquisition.downloader: Skipping elcomercio on 2026-05-30: already crawled successfully.
2026-07-06 03:15:21,154 [INFO] src.corpus_acquisition.downloader: Skipping elcomercio on 2026-05-31: already crawled successfully.
2026-07-06 03:15:21,155 [INFO] src.corpus_acquisition.downloader: Skipping elcomercio on 2026-06-01: already crawled successfully.
2026-07-06 03:15:21,156 [INFO] src.corpus_acquisition.downloader: Skipping elcomercio on 2026-06-02: already crawled successfully.
2026-07-06 03:15:21,157 [INFO] src.corpus_acquisition.downloader: Skipping elcomercio on 2026-06-03: already crawled successfully.
2026-07-06 03:15:21,158 [INFO] src.corpus_acquisition.downloader: Skipping elcomercio on 2026-06-04: already crawled successfully.
2026-07-06 03:15:21,159 [INFO] src.corpus_acquisition.downloader: Skipping elcomercio on 2026-06-05: already crawled successfully.
2026-07-06 03:15:21,160 [INFO] src.corpus_acquisition.downloader: Skipping elcomercio on 2026-06-06: already crawled successfully.
2026-07-06 03:15:21,161 [INFO] src.corpus_acquisition.downloader: Skipping elcomercio on 2026-06-07: already crawled successfully.
2026-07-06 03:15:21,162 [INFO] src.corpus_acquisition.downloader: Skipping elcomercio on 2026-06-08: already crawled successfully.
2026-07-06 03:15:21,163 [INFO] src.corpus_acquisition.downloader: Skipping elcomercio on 2026-06-09: already crawled successfully.
2026-07-06 03:15:21,164 [INFO] src.corpus_acquisition.downloader: Skipping elcomercio on 2026-06-10: already crawled successfully.
2026-07-06 03:15:21,165 [INFO] src.corpus_acquisition.downloader: Skipping elcomercio on 2026-06-11: already crawled successfully.
2026-07-06 03:15:21,166 [INFO] src.corpus_acquisition.downloader: Skipping elcomercio on 2026-06-12: already crawled successfully.
2026-07-06 03:15:21,167 [INFO] src.corpus_acquisition.downloader: Skipping elcomercio on 2026-06-13: already crawled successfully.
2026-07-06 03:15:21,168 [INFO] src.corpus_acquisition.downloader: Skipping elcomercio on 2026-06-14: already crawled successfully.
2026-07-06 03:15:21,169 [INFO] src.corpus_acquisition.downloader: Skipping elcomercio on 2026-06-15: already crawled successfully.
2026-07-06 03:15:21,170 [INFO] src.corpus_acquisition.downloader: Skipping elcomercio on 2026-06-16: already crawled successfully.
2026-07-06 03:15:21,171 [INFO] src.corpus_acquisition.downloader: Skipping elcomercio on 2026-06-17: already crawled successfully.
2026-07-06 03:15:21,172 [INFO] src.corpus_acquisition.downloader: Skipping elcomercio on 2026-06-18: already crawled successfully.
2026-07-06 03:15:21,173 [INFO] src.corpus_acquisition.downloader: Skipping elcomercio on 2026-06-19: already crawled successfully.
2026-07-06 03:15:21,173 [INFO] src.corpus_acquisition.downloader: Skipping elcomercio on 2026-06-20: already crawled successfully.
2026-07-06 03:15:21,174 [INFO] src.corpus_acquisition.downloader: Skipping elcomercio on 2026-06-21: already crawled successfully.
2026-07-06 03:15:21,175 [INFO] src.corpus_acquisition.downloader: Skipping elcomercio on 2026-06-22: already crawled successfully.
2026-07-06 03:15:21,176 [INFO] src.corpus_acquisition.downloader: Skipping elcomercio on 2026-06-23: already crawled successfully.
2026-07-06 03:15:21,177 [INFO] src.corpus_acquisition.downloader: Skipping elcomercio on 2026-06-24: already crawled successfully.
2026-07-06 03:15:21,178 [INFO] src.corpus_acquisition.downloader: Opening archive for elcomercio on 2026-06-25
2026-07-06 03:15:27,102 [INFO] src.corpus_acquisition.downloader: Collected 7 / 1000 pages
2026-07-06 03:15:31,275 [INFO] src.corpus_acquisition.downloader: Collected 9 / 1000 pages
2026-07-06 03:15:33,364 [INFO] src.corpus_acquisition.downloader: Collected 11 / 1000 pages
2026-07-06 03:15:35,443 [INFO] src.corpus_acquisition.downloader: Collected 13 / 1000 pages
2026-07-06 03:15:37,541 [INFO] src.corpus_acquisition.downloader: Collected 15 / 1000 pages
2026-07-06 03:15:39,650 [INFO] src.corpus_acquisition.downloader: Collected 16 / 1000 pages
2026-07-06 03:15:41,750 [INFO] src.corpus_acquisition.downloader: Collected 19 / 1000 pages
2026-07-06 03:15:43,847 [INFO] src.corpus_acquisition.downloader: Collected 20 / 1000 pages
2026-07-06 03:15:50,117 [WARNING] src.corpus_acquisition.downloader: No new pages found after 3 attempts; stopping with 20 page(s).
2026-07-06 03:15:50,150 [INFO] src.corpus_acquisition.downloader: Downloading page 1 from https://t.prcdn.co/img?file=eaaj2026062500000000001001&page=1&scale=195
2026-07-06 03:15:50,151 [INFO] src.corpus_acquisition.crawler: Downloading -> data/raw/images/elcomercio/2026/06/25/elcomercio_2026-06-25_1.jpg
2026-07-06 03:15:52,585 [INFO] src.corpus_acquisition.downloader: Downloading page 2 from https://i.prcdn.co/img?file=eaaj2026062500000000001001&page=2&scale=195&ticket=AFIMUpuV%2FwyW3YtYbJ%2F6amQ%3D
2026-07-06 03:15:52,585 [INFO] src.corpus_acquisition.crawler: Downloading -> data/raw/images/elcomercio/2026/06/25/elcomercio_2026-06-25_2.jpg
2026-07-06 03:15:55,098 [INFO] src.corpus_acquisition.downloader: Downloading page 3 from https://i.prcdn.co/img?file=eaaj2026062500000000001001&page=3&scale=195&ticket=AJPmwDhKh8c7zNA4mjoMSiU%3D
2026-07-06 03:15:55,098 [INFO] src.corpus_acquisition.crawler: Downloading -> data/raw/images/elcomercio/2026/06/25/elcomercio_2026-06-25_3.jpg
2026-07-06 03:15:58,329 [INFO] src.corpus_acquisition.downloader: Downloading page 4 from https://i.prcdn.co/img?file=eaaj2026062500000000001001&page=4&scale=195&ticket=AOaetCKG4rVJhXUiR67QuvE%3D
2026-07-06 03:15:58,329 [INFO] src.corpus_acquisition.crawler: Downloading -> data/raw/images/elcomercio/2026/06/25/elcomercio_2026-06-25_4.jpg
2026-07-06 03:16:00,846 [INFO] src.corpus_acquisition.downloader: Downloading page 5 from https://i.prcdn.co/img?file=eaaj2026062500000000001001&page=5&scale=195&ticket=AJeiZHxoC3F90CSu5O%2BOvtQ%3D
2026-07-06 03:16:00,846 [INFO] src.corpus_acquisition.crawler: Downloading -> data/raw/images/elcomercio/2026/06/25/elcomercio_2026-06-25_5.jpg
2026-07-06 03:16:03,264 [INFO] src.corpus_acquisition.downloader: Downloading page 6 from https://i.prcdn.co/img?file=eaaj2026062500000000001001&page=6&scale=195&ticket=AIozJsDvd34Vw0N9YLjWN2U%3D
2026-07-06 03:16:03,264 [INFO] src.corpus_acquisition.crawler: Downloading -> data/raw/images/elcomercio/2026/06/25/elcomercio_2026-06-25_6.jpg
2026-07-06 03:16:06,493 [INFO] src.corpus_acquisition.downloader: Downloading page 7 from https://i.prcdn.co/img?file=eaaj2026062500000000001001&page=7&scale=195&ticket=ALwHPr2Hx74fPBGQ03capCU%3D
2026-07-06 03:16:06,493 [INFO] src.corpus_acquisition.crawler: Downloading -> data/raw/images/elcomercio/2026/06/25/elcomercio_2026-06-25_7.jpg
2026-07-06 03:16:09,239 [INFO] src.corpus_acquisition.downloader: Downloading page 8 from https://i.prcdn.co/img?file=eaaj2026062500000000001001&page=8&scale=195&ticket=ALDm959%2BYgA1PNtiw5eNLqY%3D
2026-07-06 03:16:09,239 [INFO] src.corpus_acquisition.crawler: Downloading -> data/raw/images/elcomercio/2026/06/25/elcomercio_2026-06-25_8.jpg
2026-07-06 03:16:11,211 [INFO] src.corpus_acquisition.downloader: Downloading page 9 from https://i.prcdn.co/img?file=eaaj2026062500000000001001&page=9&scale=195&ticket=AKS3qnnB5pxe2jiBIXKGs1Y%3D
2026-07-06 03:16:11,211 [INFO] src.corpus_acquisition.crawler: Downloading -> data/raw/images/elcomercio/2026/06/25/elcomercio_2026-06-25_9.jpg
2026-07-06 03:16:13,963 [INFO] src.corpus_acquisition.downloader: Downloading page 10 from https://i.prcdn.co/img?file=eaaj2026062500000000001001&page=10&scale=195&ticket=AGhjL8Kaupp4rBE5s8m7cts%3D
2026-07-06 03:16:13,964 [INFO] src.corpus_acquisition.crawler: Downloading -> data/raw/images/elcomercio/2026/06/25/elcomercio_2026-06-25_10.jpg
2026-07-06 03:16:16,847 [INFO] src.corpus_acquisition.downloader: Downloading page 11 from https://i.prcdn.co/img?file=eaaj2026062500000000001001&page=11&scale=195&ticket=APWsikvWqYrKH%2B67UsIAMMQ%3D
2026-07-06 03:16:16,847 [INFO] src.corpus_acquisition.crawler: Downloading -> data/raw/images/elcomercio/2026/06/25/elcomercio_2026-06-25_11.jpg
2026-07-06 03:16:19,766 [INFO] src.corpus_acquisition.downloader: Downloading page 12 from https://i.prcdn.co/img?file=eaaj2026062500000000001001&page=12&scale=195&ticket=ADdGGCkEzE%2BFExfPp7LXcLU%3D
2026-07-06 03:16:19,766 [INFO] src.corpus_acquisition.crawler: Downloading -> data/raw/images/elcomercio/2026/06/25/elcomercio_2026-06-25_12.jpg
2026-07-06 03:16:22,548 [INFO] src.corpus_acquisition.downloader: Downloading page 13 from https://i.prcdn.co/img?file=eaaj2026062500000000001001&page=13&scale=195&ticket=AMgPEzkGjky7xk2rkS6psHA%3D
2026-07-06 03:16:22,548 [INFO] src.corpus_acquisition.crawler: Downloading -> data/raw/images/elcomercio/2026/06/25/elcomercio_2026-06-25_13.jpg
2026-07-06 03:16:24,576 [INFO] src.corpus_acquisition.downloader: Downloading page 14 from https://i.prcdn.co/img?file=eaaj2026062500000000001001&page=14&scale=195&ticket=AFc5JwcPV8IvzdY2xFfRL20%3D
2026-07-06 03:16:24,576 [INFO] src.corpus_acquisition.crawler: Downloading -> data/raw/images/elcomercio/2026/06/25/elcomercio_2026-06-25_14.jpg
2026-07-06 03:16:26,296 [INFO] src.corpus_acquisition.downloader: Downloading page 15 from https://i.prcdn.co/img?file=eaaj2026062500000000001001&page=15&scale=195&ticket=ANtHJRERVTvblgD1V9qjsv0%3D
2026-07-06 03:16:26,296 [INFO] src.corpus_acquisition.crawler: Downloading -> data/raw/images/elcomercio/2026/06/25/elcomercio_2026-06-25_15.jpg
2026-07-06 03:16:28,687 [INFO] src.corpus_acquisition.downloader: Downloading page 16 from https://i.prcdn.co/img?file=eaaj2026062500000000001001&page=16&scale=195&ticket=AL90U309DvTGqiql%2FGdq47c%3D
2026-07-06 03:16:28,688 [INFO] src.corpus_acquisition.crawler: Downloading -> data/raw/images/elcomercio/2026/06/25/elcomercio_2026-06-25_16.jpg
2026-07-06 03:16:31,558 [INFO] src.corpus_acquisition.downloader: Downloading page 17 from https://i.prcdn.co/img?file=eaaj2026062500000000001001&page=17&scale=195&ticket=AGNAjuxyRkNWSEKoP6njtU0%3D
2026-07-06 03:16:31,558 [INFO] src.corpus_acquisition.crawler: Downloading -> data/raw/images/elcomercio/2026/06/25/elcomercio_2026-06-25_17.jpg
2026-07-06 03:16:33,891 [INFO] src.corpus_acquisition.downloader: Downloading page 18 from https://i.prcdn.co/img?file=eaaj2026062500000000001001&page=18&scale=195&ticket=ADMwNXGsuP5yy2ueJMhPmUc%3D
2026-07-06 03:16:33,892 [INFO] src.corpus_acquisition.crawler: Downloading -> data/raw/images/elcomercio/2026/06/25/elcomercio_2026-06-25_18.jpg
2026-07-06 03:16:35,958 [INFO] src.corpus_acquisition.downloader: Downloading page 19 from https://i.prcdn.co/img?file=eaaj2026062500000000001001&page=19&scale=195&ticket=ALXEZou2hoVxEf6kbkX282Y%3D
2026-07-06 03:16:35,958 [INFO] src.corpus_acquisition.crawler: Downloading -> data/raw/images/elcomercio/2026/06/25/elcomercio_2026-06-25_19.jpg
2026-07-06 03:16:38,119 [INFO] src.corpus_acquisition.downloader: Downloading page 20 from https://i.prcdn.co/img?file=eaaj2026062500000000001001&page=20&scale=195&ticket=AGvKt7eiKxTzcmfCeDDAHuQ%3D
2026-07-06 03:16:38,120 [INFO] src.corpus_acquisition.crawler: Downloading -> data/raw/images/elcomercio/2026/06/25/elcomercio_2026-06-25_20.jpg
2026-07-06 03:16:40,571 [INFO] src.corpus_acquisition.metadata_extractor: Saved metadata for 20 page(s) -> data/raw/metadata/raw_metadata.parquet (total rows: 69149)
2026-07-06 03:16:40,574 [INFO] src.corpus_acquisition.metadata_extractor: Saved crawl log -> data/raw/crawl_logs/elcomercio_2026-06-25.json (status=success)
2026-07-06 03:16:42,585 [INFO] src.corpus_acquisition.downloader: Opening archive for elcomercio on 2026-06-26
2026-07-06 03:16:48,731 [INFO] src.corpus_acquisition.downloader: Collected 7 / 1000 pages
2026-07-06 03:16:52,905 [INFO] src.corpus_acquisition.downloader: Collected 9 / 1000 pages
2026-07-06 03:16:54,996 [INFO] src.corpus_acquisition.downloader: Collected 11 / 1000 pages
2026-07-06 03:16:57,095 [INFO] src.corpus_acquisition.downloader: Collected 13 / 1000 pages
2026-07-06 03:16:59,299 [INFO] src.corpus_acquisition.downloader: Collected 15 / 1000 pages
2026-07-06 03:17:01,398 [INFO] src.corpus_acquisition.downloader: Collected 17 / 1000 pages
2026-07-06 03:17:03,497 [INFO] src.corpus_acquisition.downloader: Collected 19 / 1000 pages
2026-07-06 03:17:05,594 [INFO] src.corpus_acquisition.downloader: Collected 20 / 1000 pages
2026-07-06 03:17:11,877 [WARNING] src.corpus_acquisition.downloader: No new pages found after 3 attempts; stopping with 20 page(s).
2026-07-06 03:17:11,907 [INFO] src.corpus_acquisition.downloader: Downloading page 1 from https://t.prcdn.co/img?file=eaaj2026062600000000001001&page=1&scale=195
2026-07-06 03:17:11,908 [INFO] src.corpus_acquisition.crawler: Downloading -> data/raw/images/elcomercio/2026/06/26/elcomercio_2026-06-26_1.jpg
2026-07-06 03:17:14,918 [INFO] src.corpus_acquisition.downloader: Downloading page 2 from https://i.prcdn.co/img?file=eaaj2026062600000000001001&page=2&scale=195&ticket=AKr2rEwrU7ftIUaxAteG8JI%3D
2026-07-06 03:17:14,918 [INFO] src.corpus_acquisition.crawler: Downloading -> data/raw/images/elcomercio/2026/06/26/elcomercio_2026-06-26_2.jpg
2026-07-06 03:17:17,049 [INFO] src.corpus_acquisition.downloader: Downloading page 3 from https://i.prcdn.co/img?file=eaaj2026062600000000001001&page=3&scale=195&ticket=ANJNrDtrCA0vHwuEueHnUDM%3D
2026-07-06 03:17:17,050 [INFO] src.corpus_acquisition.crawler: Downloading -> data/raw/images/elcomercio/2026/06/26/elcomercio_2026-06-26_3.jpg
2026-07-06 03:17:20,155 [INFO] src.corpus_acquisition.downloader: Downloading page 4 from https://i.prcdn.co/img?file=eaaj2026062600000000001001&page=4&scale=195&ticket=AOIyivF9NqtRmvtvMO%2FRFkw%3D
2026-07-06 03:17:20,155 [INFO] src.corpus_acquisition.crawler: Downloading -> data/raw/images/elcomercio/2026/06/26/elcomercio_2026-06-26_4.jpg
2026-07-06 03:17:22,993 [INFO] src.corpus_acquisition.downloader: Downloading page 5 from https://i.prcdn.co/img?file=eaaj2026062600000000001001&page=5&scale=195&ticket=AB33zDOVZZlUlhWV%2F6dNOFo%3D
2026-07-06 03:17:22,993 [INFO] src.corpus_acquisition.crawler: Downloading -> data/raw/images/elcomercio/2026/06/26/elcomercio_2026-06-26_5.jpg
2026-07-06 03:17:27,307 [INFO] src.corpus_acquisition.downloader: Downloading page 6 from https://i.prcdn.co/img?file=eaaj2026062600000000001001&page=6&scale=195&ticket=AE1Sfs1aSfmkropesWihBLE%3D
2026-07-06 03:17:27,308 [INFO] src.corpus_acquisition.crawler: Downloading -> data/raw/images/elcomercio/2026/06/26/elcomercio_2026-06-26_6.jpg
2026-07-06 03:17:31,520 [INFO] src.corpus_acquisition.downloader: Downloading page 7 from https://i.prcdn.co/img?file=eaaj2026062600000000001001&page=7&scale=195&ticket=AAso9aTwh4SxmKzma5a%2FVNA%3D
2026-07-06 03:17:31,521 [INFO] src.corpus_acquisition.crawler: Downloading -> data/raw/images/elcomercio/2026/06/26/elcomercio_2026-06-26_7.jpg
2026-07-06 03:17:33,885 [INFO] src.corpus_acquisition.downloader: Downloading page 8 from https://i.prcdn.co/img?file=eaaj2026062600000000001001&page=8&scale=195&ticket=AKCs3oj0%2B%2BIcYpj8Kr08lGw%3D
2026-07-06 03:17:33,886 [INFO] src.corpus_acquisition.crawler: Downloading -> data/raw/images/elcomercio/2026/06/26/elcomercio_2026-06-26_8.jpg
2026-07-06 03:17:36,173 [INFO] src.corpus_acquisition.downloader: Downloading page 9 from https://i.prcdn.co/img?file=eaaj2026062600000000001001&page=9&scale=195&ticket=AIRJPCK%2B82OUpOnyVp0TWHw%3D
2026-07-06 03:17:36,173 [INFO] src.corpus_acquisition.crawler: Downloading -> data/raw/images/elcomercio/2026/06/26/elcomercio_2026-06-26_9.jpg
2026-07-06 03:17:39,271 [INFO] src.corpus_acquisition.downloader: Downloading page 10 from https://i.prcdn.co/img?file=eaaj2026062600000000001001&page=10&scale=195&ticket=ACHbBDPY9kSyoymoMC1riOg%3D
2026-07-06 03:17:39,271 [INFO] src.corpus_acquisition.crawler: Downloading -> data/raw/images/elcomercio/2026/06/26/elcomercio_2026-06-26_10.jpg
2026-07-06 03:17:41,969 [INFO] src.corpus_acquisition.downloader: Downloading page 11 from https://i.prcdn.co/img?file=eaaj2026062600000000001001&page=11&scale=195&ticket=ADjUmhWxQNo5Nr%2BL9pQM4O4%3D
2026-07-06 03:17:41,969 [INFO] src.corpus_acquisition.crawler: Downloading -> data/raw/images/elcomercio/2026/06/26/elcomercio_2026-06-26_11.jpg
2026-07-06 03:17:44,299 [INFO] src.corpus_acquisition.downloader: Downloading page 12 from https://i.prcdn.co/img?file=eaaj2026062600000000001001&page=12&scale=195&ticket=AHBOqklIffoqDgjKA2IQVxw%3D
2026-07-06 03:17:44,300 [INFO] src.corpus_acquisition.crawler: Downloading -> data/raw/images/elcomercio/2026/06/26/elcomercio_2026-06-26_12.jpg
2026-07-06 03:17:46,806 [INFO] src.corpus_acquisition.downloader: Downloading page 13 from https://i.prcdn.co/img?file=eaaj2026062600000000001001&page=13&scale=195&ticket=AO0wSUxo4ZHZ4NdKIICfn90%3D
2026-07-06 03:17:46,807 [INFO] src.corpus_acquisition.crawler: Downloading -> data/raw/images/elcomercio/2026/06/26/elcomercio_2026-06-26_13.jpg
2026-07-06 03:17:49,366 [INFO] src.corpus_acquisition.downloader: Downloading page 14 from https://i.prcdn.co/img?file=eaaj2026062600000000001001&page=14&scale=195&ticket=AGkLnwn6BdS6IjM5EXuYO%2BM%3D
2026-07-06 03:17:49,367 [INFO] src.corpus_acquisition.crawler: Downloading -> data/raw/images/elcomercio/2026/06/26/elcomercio_2026-06-26_14.jpg
2026-07-06 03:17:52,473 [INFO] src.corpus_acquisition.downloader: Downloading page 15 from https://i.prcdn.co/img?file=eaaj2026062600000000001001&page=15&scale=195&ticket=AL6tEV9120JVHvDYwsJNATg%3D
2026-07-06 03:17:52,474 [INFO] src.corpus_acquisition.crawler: Downloading -> data/raw/images/elcomercio/2026/06/26/elcomercio_2026-06-26_15.jpg
2026-07-06 03:17:55,421 [INFO] src.corpus_acquisition.downloader: Downloading page 16 from https://i.prcdn.co/img?file=eaaj2026062600000000001001&page=16&scale=195&ticket=AJFu28jedo4nW%2B2uSQUUcCQ%3D
2026-07-06 03:17:55,422 [INFO] src.corpus_acquisition.crawler: Downloading -> data/raw/images/elcomercio/2026/06/26/elcomercio_2026-06-26_16.jpg
2026-07-06 03:17:57,776 [INFO] src.corpus_acquisition.downloader: Downloading page 17 from https://i.prcdn.co/img?file=eaaj2026062600000000001001&page=17&scale=195&ticket=AHVCjYg9hWhfXtUVULu1UXY%3D
2026-07-06 03:17:57,776 [INFO] src.corpus_acquisition.crawler: Downloading -> data/raw/images/elcomercio/2026/06/26/elcomercio_2026-06-26_17.jpg
2026-07-06 03:17:59,697 [INFO] src.corpus_acquisition.downloader: Downloading page 18 from https://i.prcdn.co/img?file=eaaj2026062600000000001001&page=18&scale=195&ticket=AB8olu6qe%2Bw7vNYtBXgS%2B%2FQ%3D
2026-07-06 03:17:59,697 [INFO] src.corpus_acquisition.crawler: Downloading -> data/raw/images/elcomercio/2026/06/26/elcomercio_2026-06-26_18.jpg
2026-07-06 03:18:02,332 [INFO] src.corpus_acquisition.downloader: Downloading page 19 from https://i.prcdn.co/img?file=eaaj2026062600000000001001&page=19&scale=195&ticket=ALGBZp6F4H6gIID0b4ZxR9Y%3D
2026-07-06 03:18:02,333 [INFO] src.corpus_acquisition.crawler: Downloading -> data/raw/images/elcomercio/2026/06/26/elcomercio_2026-06-26_19.jpg
2026-07-06 03:18:04,967 [INFO] src.corpus_acquisition.downloader: Downloading page 20 from https://i.prcdn.co/img?file=eaaj2026062600000000001001&page=20&scale=195&ticket=ABxnA6jdUwMsBM%2FIzyLva2A%3D
2026-07-06 03:18:04,967 [INFO] src.corpus_acquisition.crawler: Downloading -> data/raw/images/elcomercio/2026/06/26/elcomercio_2026-06-26_20.jpg
2026-07-06 03:18:07,468 [INFO] src.corpus_acquisition.metadata_extractor: Saved metadata for 20 page(s) -> data/raw/metadata/raw_metadata.parquet (total rows: 69169)
2026-07-06 03:18:07,470 [INFO] src.corpus_acquisition.metadata_extractor: Saved crawl log -> data/raw/crawl_logs/elcomercio_2026-06-26.json (status=success)
2026-07-06 03:18:09,829 [INFO] src.corpus_acquisition.downloader: Opening archive for elcomercio on 2026-06-27
2026-07-06 03:18:15,989 [INFO] src.corpus_acquisition.downloader: Collected 7 / 1000 pages
2026-07-06 03:18:20,160 [INFO] src.corpus_acquisition.downloader: Collected 8 / 1000 pages
2026-07-06 03:18:22,260 [INFO] src.corpus_acquisition.downloader: Collected 11 / 1000 pages
2026-07-06 03:18:24,359 [INFO] src.corpus_acquisition.downloader: Collected 13 / 1000 pages
2026-07-06 03:18:26,459 [INFO] src.corpus_acquisition.downloader: Collected 15 / 1000 pages
2026-07-06 03:18:28,562 [INFO] src.corpus_acquisition.downloader: Collected 17 / 1000 pages
2026-07-06 03:18:30,656 [INFO] src.corpus_acquisition.downloader: Collected 19 / 1000 pages
2026-07-06 03:18:32,739 [INFO] src.corpus_acquisition.downloader: Collected 21 / 1000 pages
2026-07-06 03:18:34,824 [INFO] src.corpus_acquisition.downloader: Collected 23 / 1000 pages
2026-07-06 03:18:36,912 [INFO] src.corpus_acquisition.downloader: Collected 24 / 1000 pages
2026-07-06 03:18:43,192 [WARNING] src.corpus_acquisition.downloader: No new pages found after 3 attempts; stopping with 24 page(s).
2026-07-06 03:18:43,227 [INFO] src.corpus_acquisition.downloader: Downloading page 1 from https://t.prcdn.co/img?file=eaaj2026062700000000001001&page=1&scale=195
2026-07-06 03:18:43,228 [INFO] src.corpus_acquisition.crawler: Downloading -> data/raw/images/elcomercio/2026/06/27/elcomercio_2026-06-27_1.jpg
2026-07-06 03:18:45,746 [INFO] src.corpus_acquisition.downloader: Downloading page 2 from https://i.prcdn.co/img?file=eaaj2026062700000000001001&page=2&scale=195&ticket=AJQ6VFNoiVj6%2FtpCnf0JU80%3D
2026-07-06 03:18:45,746 [INFO] src.corpus_acquisition.crawler: Downloading -> data/raw/images/elcomercio/2026/06/27/elcomercio_2026-06-27_2.jpg
2026-07-06 03:18:47,916 [INFO] src.corpus_acquisition.downloader: Downloading page 3 from https://i.prcdn.co/img?file=eaaj2026062700000000001001&page=3&scale=195&ticket=AAbKO%2FNw7%2F2j%2BbRn2oco%2F6k%3D
2026-07-06 03:18:47,917 [INFO] src.corpus_acquisition.crawler: Downloading -> data/raw/images/elcomercio/2026/06/27/elcomercio_2026-06-27_3.jpg
2026-07-06 03:18:51,178 [INFO] src.corpus_acquisition.downloader: Downloading page 4 from https://i.prcdn.co/img?file=eaaj2026062700000000001001&page=4&scale=195&ticket=APL%2FYBiT2fh3nIUpMoxhIf8%3D
2026-07-06 03:18:51,179 [INFO] src.corpus_acquisition.crawler: Downloading -> data/raw/images/elcomercio/2026/06/27/elcomercio_2026-06-27_4.jpg
2026-07-06 03:18:53,639 [INFO] src.corpus_acquisition.downloader: Downloading page 5 from https://i.prcdn.co/img?file=eaaj2026062700000000001001&page=5&scale=195&ticket=AAqDq5vrdW038tWMabJQaLg%3D
2026-07-06 03:18:53,639 [INFO] src.corpus_acquisition.crawler: Downloading -> data/raw/images/elcomercio/2026/06/27/elcomercio_2026-06-27_5.jpg
2026-07-06 03:18:55,930 [INFO] src.corpus_acquisition.downloader: Downloading page 6 from https://i.prcdn.co/img?file=eaaj2026062700000000001001&page=6&scale=195&ticket=AHFI1Buv1tvnCz%2Fyz4d0zSc%3D
2026-07-06 03:18:55,930 [INFO] src.corpus_acquisition.crawler: Downloading -> data/raw/images/elcomercio/2026/06/27/elcomercio_2026-06-27_6.jpg
2026-07-06 03:18:58,386 [INFO] src.corpus_acquisition.downloader: Downloading page 7 from https://i.prcdn.co/img?file=eaaj2026062700000000001001&page=7&scale=195&ticket=AJU%2Fbk1RvR613fus3TxhAC4%3D
2026-07-06 03:18:58,387 [INFO] src.corpus_acquisition.crawler: Downloading -> data/raw/images/elcomercio/2026/06/27/elcomercio_2026-06-27_7.jpg
2026-07-06 03:19:01,062 [INFO] src.corpus_acquisition.downloader: Downloading page 8 from https://i.prcdn.co/img?file=eaaj2026062700000000001001&page=8&scale=195&ticket=AFoQnPPHX9wnHhx75nf4LTA%3D
2026-07-06 03:19:01,062 [INFO] src.corpus_acquisition.crawler: Downloading -> data/raw/images/elcomercio/2026/06/27/elcomercio_2026-06-27_8.jpg
2026-07-06 03:19:03,151 [INFO] src.corpus_acquisition.downloader: Downloading page 9 from https://i.prcdn.co/img?file=eaaj2026062700000000001001&page=9&scale=195&ticket=AATR0jL%2Bm3uTiYZ406qhcis%3D
2026-07-06 03:19:03,151 [INFO] src.corpus_acquisition.crawler: Downloading -> data/raw/images/elcomercio/2026/06/27/elcomercio_2026-06-27_9.jpg
2026-07-06 03:19:05,929 [INFO] src.corpus_acquisition.downloader: Downloading page 10 from https://i.prcdn.co/img?file=eaaj2026062700000000001001&page=10&scale=195&ticket=ADDvSQJ45mmmV4WHnOCocE0%3D
2026-07-06 03:19:05,929 [INFO] src.corpus_acquisition.crawler: Downloading -> data/raw/images/elcomercio/2026/06/27/elcomercio_2026-06-27_10.jpg
2026-07-06 03:19:08,391 [INFO] src.corpus_acquisition.downloader: Downloading page 11 from https://i.prcdn.co/img?file=eaaj2026062700000000001001&page=11&scale=195&ticket=AJlbhWgEciagD4oA8S5v0I4%3D
2026-07-06 03:19:08,391 [INFO] src.corpus_acquisition.crawler: Downloading -> data/raw/images/elcomercio/2026/06/27/elcomercio_2026-06-27_11.jpg
2026-07-06 03:19:11,220 [INFO] src.corpus_acquisition.downloader: Downloading page 12 from https://i.prcdn.co/img?file=eaaj2026062700000000001001&page=12&scale=195&ticket=AFS0wCunlNZDG36Mx4m4AV4%3D
2026-07-06 03:19:11,221 [INFO] src.corpus_acquisition.crawler: Downloading -> data/raw/images/elcomercio/2026/06/27/elcomercio_2026-06-27_12.jpg
2026-07-06 03:19:13,586 [INFO] src.corpus_acquisition.downloader: Downloading page 13 from https://i.prcdn.co/img?file=eaaj2026062700000000001001&page=13&scale=195&ticket=AGghQ8qwi93nxr0SI02C2z8%3D
2026-07-06 03:19:13,587 [INFO] src.corpus_acquisition.crawler: Downloading -> data/raw/images/elcomercio/2026/06/27/elcomercio_2026-06-27_13.jpg
2026-07-06 03:19:16,628 [INFO] src.corpus_acquisition.downloader: Downloading page 14 from https://i.prcdn.co/img?file=eaaj2026062700000000001001&page=14&scale=195&ticket=AI1JlCggD79WBgesVlOcKR8%3D
2026-07-06 03:19:16,628 [INFO] src.corpus_acquisition.crawler: Downloading -> data/raw/images/elcomercio/2026/06/27/elcomercio_2026-06-27_14.jpg
2026-07-06 03:19:19,274 [INFO] src.corpus_acquisition.downloader: Downloading page 15 from https://i.prcdn.co/img?file=eaaj2026062700000000001001&page=15&scale=195&ticket=AOZ%2FlwlmLZGOpvZWRyBOHGA%3D
2026-07-06 03:19:19,275 [INFO] src.corpus_acquisition.crawler: Downloading -> data/raw/images/elcomercio/2026/06/27/elcomercio_2026-06-27_15.jpg
2026-07-06 03:19:21,618 [INFO] src.corpus_acquisition.downloader: Downloading page 16 from https://i.prcdn.co/img?file=eaaj2026062700000000001001&page=16&scale=195&ticket=AGqq4OU8mpXU6gE1TD9p37M%3D
2026-07-06 03:19:21,619 [INFO] src.corpus_acquisition.crawler: Downloading -> data/raw/images/elcomercio/2026/06/27/elcomercio_2026-06-27_16.jpg
2026-07-06 03:19:23,604 [INFO] src.corpus_acquisition.downloader: Downloading page 17 from https://i.prcdn.co/img?file=eaaj2026062700000000001001&page=17&scale=195&ticket=AIO7QKoC0hhTEyt7ogGg%2Bp4%3D
2026-07-06 03:19:23,604 [INFO] src.corpus_acquisition.crawler: Downloading -> data/raw/images/elcomercio/2026/06/27/elcomercio_2026-06-27_17.jpg
2026-07-06 03:19:26,010 [INFO] src.corpus_acquisition.downloader: Downloading page 18 from https://i.prcdn.co/img?file=eaaj2026062700000000001001&page=18&scale=195&ticket=AIDyD1QfBefdDAA2Rj32zlU%3D
2026-07-06 03:19:26,010 [INFO] src.corpus_acquisition.crawler: Downloading -> data/raw/images/elcomercio/2026/06/27/elcomercio_2026-06-27_18.jpg
2026-07-06 03:19:27,854 [INFO] src.corpus_acquisition.downloader: Downloading page 19 from https://i.prcdn.co/img?file=eaaj2026062700000000001001&page=19&scale=195&ticket=AHbxzhSQtq8CbgZBuZY6%2F5k%3D
2026-07-06 03:19:27,855 [INFO] src.corpus_acquisition.crawler: Downloading -> data/raw/images/elcomercio/2026/06/27/elcomercio_2026-06-27_19.jpg
2026-07-06 03:19:29,536 [INFO] src.corpus_acquisition.downloader: Downloading page 20 from https://i.prcdn.co/img?file=eaaj2026062700000000001001&page=20&scale=195&ticket=ANj3RPdFejsOte%2B6h5qGiNM%3D
2026-07-06 03:19:29,536 [INFO] src.corpus_acquisition.crawler: Downloading -> data/raw/images/elcomercio/2026/06/27/elcomercio_2026-06-27_20.jpg
2026-07-06 03:19:31,868 [INFO] src.corpus_acquisition.downloader: Downloading page 21 from https://i.prcdn.co/img?file=eaaj2026062700000000001001&page=21&scale=195&ticket=AJ8lJK%2FU5CKgQAdLPZqTF1E%3D
2026-07-06 03:19:31,869 [INFO] src.corpus_acquisition.crawler: Downloading -> data/raw/images/elcomercio/2026/06/27/elcomercio_2026-06-27_21.jpg
2026-07-06 03:19:33,970 [INFO] src.corpus_acquisition.downloader: Downloading page 22 from https://i.prcdn.co/img?file=eaaj2026062700000000001001&page=22&scale=195&ticket=ACWapN8j5aw6W3HueGbJVjI%3D
2026-07-06 03:19:33,970 [INFO] src.corpus_acquisition.crawler: Downloading -> data/raw/images/elcomercio/2026/06/27/elcomercio_2026-06-27_22.jpg
2026-07-06 03:19:35,845 [INFO] src.corpus_acquisition.downloader: Downloading page 23 from https://i.prcdn.co/img?file=eaaj2026062700000000001001&page=23&scale=195&ticket=AF4BAUufDQTMOD7dTopqPdI%3D
2026-07-06 03:19:35,845 [INFO] src.corpus_acquisition.crawler: Downloading -> data/raw/images/elcomercio/2026/06/27/elcomercio_2026-06-27_23.jpg
2026-07-06 03:19:38,738 [INFO] src.corpus_acquisition.downloader: Downloading page 24 from https://i.prcdn.co/img?file=eaaj2026062700000000001001&page=24&scale=195&ticket=AEc0KPraBNnEbZtGCwFRPLY%3D
2026-07-06 03:19:38,738 [INFO] src.corpus_acquisition.crawler: Downloading -> data/raw/images/elcomercio/2026/06/27/elcomercio_2026-06-27_24.jpg
2026-07-06 03:19:40,733 [INFO] src.corpus_acquisition.metadata_extractor: Saved metadata for 24 page(s) -> data/raw/metadata/raw_metadata.parquet (total rows: 69193)
2026-07-06 03:19:40,735 [INFO] src.corpus_acquisition.metadata_extractor: Saved crawl log -> data/raw/crawl_logs/elcomercio_2026-06-27.json (status=success)
2026-07-06 03:19:42,920 [INFO] src.corpus_acquisition.downloader: Opening archive for elcomercio on 2026-06-28
2026-07-06 03:19:49,106 [INFO] src.corpus_acquisition.downloader: Collected 7 / 1000 pages
2026-07-06 03:19:53,282 [INFO] src.corpus_acquisition.downloader: Collected 9 / 1000 pages
2026-07-06 03:19:55,376 [INFO] src.corpus_acquisition.downloader: Collected 11 / 1000 pages
2026-07-06 03:19:57,469 [INFO] src.corpus_acquisition.downloader: Collected 13 / 1000 pages
2026-07-06 03:19:59,568 [INFO] src.corpus_acquisition.downloader: Collected 15 / 1000 pages
2026-07-06 03:20:01,652 [INFO] src.corpus_acquisition.downloader: Collected 17 / 1000 pages
2026-07-06 03:20:03,743 [INFO] src.corpus_acquisition.downloader: Collected 19 / 1000 pages
2026-07-06 03:20:05,847 [INFO] src.corpus_acquisition.downloader: Collected 21 / 1000 pages
2026-07-06 03:20:07,945 [INFO] src.corpus_acquisition.downloader: Collected 23 / 1000 pages
2026-07-06 03:20:10,036 [INFO] src.corpus_acquisition.downloader: Collected 25 / 1000 pages
2026-07-06 03:20:12,130 [INFO] src.corpus_acquisition.downloader: Collected 27 / 1000 pages
2026-07-06 03:20:14,218 [INFO] src.corpus_acquisition.downloader: Collected 29 / 1000 pages
2026-07-06 03:20:16,300 [INFO] src.corpus_acquisition.downloader: Collected 31 / 1000 pages
2026-07-06 03:20:18,385 [INFO] src.corpus_acquisition.downloader: Collected 33 / 1000 pages
2026-07-06 03:20:20,467 [INFO] src.corpus_acquisition.downloader: Collected 35 / 1000 pages
2026-07-06 03:20:22,558 [INFO] src.corpus_acquisition.downloader: Collected 36 / 1000 pages
2026-07-06 03:20:24,653 [INFO] src.corpus_acquisition.downloader: Collected 39 / 1000 pages
2026-07-06 03:20:26,730 [INFO] src.corpus_acquisition.downloader: Collected 41 / 1000 pages
2026-07-06 03:20:28,818 [INFO] src.corpus_acquisition.downloader: Collected 43 / 1000 pages
2026-07-06 03:20:30,897 [INFO] src.corpus_acquisition.downloader: Collected 45 / 1000 pages
2026-07-06 03:20:32,986 [INFO] src.corpus_acquisition.downloader: Collected 47 / 1000 pages
2026-07-06 03:20:35,176 [INFO] src.corpus_acquisition.downloader: Collected 48 / 1000 pages
2026-07-06 03:20:41,470 [WARNING] src.corpus_acquisition.downloader: No new pages found after 3 attempts; stopping with 48 page(s).
2026-07-06 03:20:41,505 [INFO] src.corpus_acquisition.downloader: Downloading page 1 from https://t.prcdn.co/img?file=eaaj2026062800000000001001&page=1&scale=195
2026-07-06 03:20:41,507 [INFO] src.corpus_acquisition.crawler: Downloading -> data/raw/images/elcomercio/2026/06/28/elcomercio_2026-06-28_1.jpg
2026-07-06 03:20:43,626 [INFO] src.corpus_acquisition.downloader: Downloading page 2 from https://i.prcdn.co/img?file=eaaj2026062800000000001001&page=2&scale=195&ticket=AOq%2FV%2Fj73LoQvj1z23W%2BZ9c%3D
2026-07-06 03:20:43,627 [INFO] src.corpus_acquisition.crawler: Downloading -> data/raw/images/elcomercio/2026/06/28/elcomercio_2026-06-28_2.jpg
2026-07-06 03:20:46,416 [INFO] src.corpus_acquisition.downloader: Downloading page 3 from https://i.prcdn.co/img?file=eaaj2026062800000000001001&page=3&scale=195&ticket=AP0k8zIjVRV4fw9TF8NWKCA%3D
2026-07-06 03:20:46,416 [INFO] src.corpus_acquisition.crawler: Downloading -> data/raw/images/elcomercio/2026/06/28/elcomercio_2026-06-28_3.jpg
2026-07-06 03:20:49,262 [INFO] src.corpus_acquisition.downloader: Downloading page 4 from https://i.prcdn.co/img?file=eaaj2026062800000000001001&page=4&scale=195&ticket=ANQnSpxI9%2BNVhkFLa4gy0SM%3D
2026-07-06 03:20:49,263 [INFO] src.corpus_acquisition.crawler: Downloading -> data/raw/images/elcomercio/2026/06/28/elcomercio_2026-06-28_4.jpg
2026-07-06 03:20:51,652 [INFO] src.corpus_acquisition.downloader: Downloading page 5 from https://i.prcdn.co/img?file=eaaj2026062800000000001001&page=5&scale=195&ticket=AMxykYAFdYMktmeWzMul3%2Fs%3D
2026-07-06 03:20:51,653 [INFO] src.corpus_acquisition.crawler: Downloading -> data/raw/images/elcomercio/2026/06/28/elcomercio_2026-06-28_5.jpg
2026-07-06 03:20:53,929 [INFO] src.corpus_acquisition.downloader: Downloading page 6 from https://i.prcdn.co/img?file=eaaj2026062800000000001001&page=6&scale=195&ticket=AEhF1R6Av6YvUzffI8TqruQ%3D
2026-07-06 03:20:53,929 [INFO] src.corpus_acquisition.crawler: Downloading -> data/raw/images/elcomercio/2026/06/28/elcomercio_2026-06-28_6.jpg
2026-07-06 03:20:57,130 [INFO] src.corpus_acquisition.downloader: Downloading page 7 from https://i.prcdn.co/img?file=eaaj2026062800000000001001&page=7&scale=195&ticket=AECSWj8y7H7prkSziMwgxF4%3D
2026-07-06 03:20:57,131 [INFO] src.corpus_acquisition.crawler: Downloading -> data/raw/images/elcomercio/2026/06/28/elcomercio_2026-06-28_7.jpg
2026-07-06 03:20:59,460 [INFO] src.corpus_acquisition.downloader: Downloading page 8 from https://i.prcdn.co/img?file=eaaj2026062800000000001001&page=8&scale=195&ticket=AK5waVmhwcacFfnkfxJbmoE%3D
2026-07-06 03:20:59,460 [INFO] src.corpus_acquisition.crawler: Downloading -> data/raw/images/elcomercio/2026/06/28/elcomercio_2026-06-28_8.jpg
2026-07-06 03:21:01,519 [INFO] src.corpus_acquisition.downloader: Downloading page 9 from https://i.prcdn.co/img?file=eaaj2026062800000000001001&page=9&scale=195&ticket=ALv0Vk5Rg3EWSUl6oPhvuY8%3D
2026-07-06 03:21:01,520 [INFO] src.corpus_acquisition.crawler: Downloading -> data/raw/images/elcomercio/2026/06/28/elcomercio_2026-06-28_9.jpg
2026-07-06 03:21:04,116 [INFO] src.corpus_acquisition.downloader: Downloading page 10 from https://i.prcdn.co/img?file=eaaj2026062800000000001001&page=10&scale=195&ticket=ANO2R8IoC8ES4icDqBPWcgU%3D
2026-07-06 03:21:04,116 [INFO] src.corpus_acquisition.crawler: Downloading -> data/raw/images/elcomercio/2026/06/28/elcomercio_2026-06-28_10.jpg
2026-07-06 03:21:06,746 [INFO] src.corpus_acquisition.downloader: Downloading page 11 from https://i.prcdn.co/img?file=eaaj2026062800000000001001&page=11&scale=195&ticket=AIjcMjRW3MGHHzjYMYbMZnM%3D
2026-07-06 03:21:06,747 [INFO] src.corpus_acquisition.crawler: Downloading -> data/raw/images/elcomercio/2026/06/28/elcomercio_2026-06-28_11.jpg
2026-07-06 03:21:09,133 [INFO] src.corpus_acquisition.downloader: Downloading page 12 from https://i.prcdn.co/img?file=eaaj2026062800000000001001&page=12&scale=195&ticket=AKfU5xzNh6c3jup7XTXlgiM%3D
2026-07-06 03:21:09,134 [INFO] src.corpus_acquisition.crawler: Downloading -> data/raw/images/elcomercio/2026/06/28/elcomercio_2026-06-28_12.jpg
2026-07-06 03:21:11,124 [INFO] src.corpus_acquisition.downloader: Downloading page 13 from https://i.prcdn.co/img?file=eaaj2026062800000000001001&page=13&scale=195&ticket=AMWlIjvxpZkTeyVZjYbVgO4%3D
2026-07-06 03:21:11,125 [INFO] src.corpus_acquisition.crawler: Downloading -> data/raw/images/elcomercio/2026/06/28/elcomercio_2026-06-28_13.jpg
2026-07-06 03:21:13,669 [INFO] src.corpus_acquisition.downloader: Downloading page 14 from https://i.prcdn.co/img?file=eaaj2026062800000000001001&page=14&scale=195&ticket=APuaUsqY1Yi1LGw%2BISFv%2FPI%3D
2026-07-06 03:21:13,669 [INFO] src.corpus_acquisition.crawler: Downloading -> data/raw/images/elcomercio/2026/06/28/elcomercio_2026-06-28_14.jpg
2026-07-06 03:21:16,631 [INFO] src.corpus_acquisition.downloader: Downloading page 15 from https://i.prcdn.co/img?file=eaaj2026062800000000001001&page=15&scale=195&ticket=AOmm711Oz2CPIBF4XjSmmIo%3D
2026-07-06 03:21:16,631 [INFO] src.corpus_acquisition.crawler: Downloading -> data/raw/images/elcomercio/2026/06/28/elcomercio_2026-06-28_15.jpg
2026-07-06 03:21:18,703 [INFO] src.corpus_acquisition.downloader: Downloading page 16 from https://i.prcdn.co/img?file=eaaj2026062800000000001001&page=16&scale=195&ticket=AOL8Sg%2B9qAOUerVbiYE04k4%3D
2026-07-06 03:21:18,703 [INFO] src.corpus_acquisition.crawler: Downloading -> data/raw/images/elcomercio/2026/06/28/elcomercio_2026-06-28_16.jpg
2026-07-06 03:21:20,777 [INFO] src.corpus_acquisition.downloader: Downloading page 17 from https://i.prcdn.co/img?file=eaaj2026062800000000001001&page=17&scale=195&ticket=AGB6B8XeGSq9tcRfEd90zOo%3D
2026-07-06 03:21:20,778 [INFO] src.corpus_acquisition.crawler: Downloading -> data/raw/images/elcomercio/2026/06/28/elcomercio_2026-06-28_17.jpg
2026-07-06 03:21:23,294 [INFO] src.corpus_acquisition.downloader: Downloading page 18 from https://i.prcdn.co/img?file=eaaj2026062800000000001001&page=18&scale=195&ticket=AJK7RcApYHZkRgp1UbbMfHs%3D
2026-07-06 03:21:23,295 [INFO] src.corpus_acquisition.crawler: Downloading -> data/raw/images/elcomercio/2026/06/28/elcomercio_2026-06-28_18.jpg
2026-07-06 03:21:26,194 [INFO] src.corpus_acquisition.downloader: Downloading page 19 from https://i.prcdn.co/img?file=eaaj2026062800000000001001&page=19&scale=195&ticket=ACM36clxWndwpDLltdstYp8%3D
2026-07-06 03:21:26,194 [INFO] src.corpus_acquisition.crawler: Downloading -> data/raw/images/elcomercio/2026/06/28/elcomercio_2026-06-28_19.jpg
2026-07-06 03:21:28,382 [INFO] src.corpus_acquisition.downloader: Downloading page 20 from https://i.prcdn.co/img?file=eaaj2026062800000000001001&page=20&scale=195&ticket=AMdnRFfIMl8UXaU0Ce18O%2BE%3D
2026-07-06 03:21:28,383 [INFO] src.corpus_acquisition.crawler: Downloading -> data/raw/images/elcomercio/2026/06/28/elcomercio_2026-06-28_20.jpg
2026-07-06 03:21:30,620 [INFO] src.corpus_acquisition.downloader: Downloading page 21 from https://i.prcdn.co/img?file=eaaj2026062800000000001001&page=21&scale=195&ticket=ADP8adRdTqO28bwGPLirvwM%3D
2026-07-06 03:21:30,621 [INFO] src.corpus_acquisition.crawler: Downloading -> data/raw/images/elcomercio/2026/06/28/elcomercio_2026-06-28_21.jpg
2026-07-06 03:21:32,613 [INFO] src.corpus_acquisition.downloader: Downloading page 22 from https://i.prcdn.co/img?file=eaaj2026062800000000001001&page=22&scale=195&ticket=AFGNnN0pHiGeAFfP3dUQyZ4%3D
2026-07-06 03:21:32,613 [INFO] src.corpus_acquisition.crawler: Downloading -> data/raw/images/elcomercio/2026/06/28/elcomercio_2026-06-28_22.jpg
2026-07-06 03:21:35,545 [INFO] src.corpus_acquisition.downloader: Downloading page 23 from https://i.prcdn.co/img?file=eaaj2026062800000000001001&page=23&scale=195&ticket=AHjESw3RwBGMxlEr7Wo9HZs%3D
2026-07-06 03:21:35,545 [INFO] src.corpus_acquisition.crawler: Downloading -> data/raw/images/elcomercio/2026/06/28/elcomercio_2026-06-28_23.jpg
2026-07-06 03:21:37,964 [INFO] src.corpus_acquisition.downloader: Downloading page 24 from https://i.prcdn.co/img?file=eaaj2026062800000000001001&page=24&scale=195&ticket=AFKt%2BWw2Qz9ZCGFarIpxdcQ%3D
2026-07-06 03:21:37,964 [INFO] src.corpus_acquisition.crawler: Downloading -> data/raw/images/elcomercio/2026/06/28/elcomercio_2026-06-28_24.jpg
2026-07-06 03:21:40,792 [INFO] src.corpus_acquisition.downloader: Downloading page 25 from https://i.prcdn.co/img?file=eaaj2026062800000000001001&page=25&scale=195&ticket=APNl%2F60SiN6t58cszkAfV3E%3D
2026-07-06 03:21:40,793 [INFO] src.corpus_acquisition.crawler: Downloading -> data/raw/images/elcomercio/2026/06/28/elcomercio_2026-06-28_25.jpg
2026-07-06 03:21:43,001 [INFO] src.corpus_acquisition.downloader: Downloading page 26 from https://i.prcdn.co/img?file=eaaj2026062800000000001001&page=26&scale=195&ticket=AD%2FHywv%2BlhMarD99xrqRzO8%3D
2026-07-06 03:21:43,001 [INFO] src.corpus_acquisition.crawler: Downloading -> data/raw/images/elcomercio/2026/06/28/elcomercio_2026-06-28_26.jpg
2026-07-06 03:21:45,826 [INFO] src.corpus_acquisition.downloader: Downloading page 27 from https://i.prcdn.co/img?file=eaaj2026062800000000001001&page=27&scale=195&ticket=AK6hoZRkQcX%2Bmn9Z5HHOlqM%3D
2026-07-06 03:21:45,826 [INFO] src.corpus_acquisition.crawler: Downloading -> data/raw/images/elcomercio/2026/06/28/elcomercio_2026-06-28_27.jpg
2026-07-06 03:21:48,427 [INFO] src.corpus_acquisition.downloader: Downloading page 28 from https://i.prcdn.co/img?file=eaaj2026062800000000001001&page=28&scale=195&ticket=ALqL59APfzNoSEQUg6DWEFU%3D
2026-07-06 03:21:48,427 [INFO] src.corpus_acquisition.crawler: Downloading -> data/raw/images/elcomercio/2026/06/28/elcomercio_2026-06-28_28.jpg
2026-07-06 03:21:50,699 [INFO] src.corpus_acquisition.downloader: Downloading page 29 from https://i.prcdn.co/img?file=eaaj2026062800000000001001&page=29&scale=195&ticket=AKHoEwdskKPbwFRMLnLLJbo%3D
2026-07-06 03:21:50,699 [INFO] src.corpus_acquisition.crawler: Downloading -> data/raw/images/elcomercio/2026/06/28/elcomercio_2026-06-28_29.jpg
2026-07-06 03:21:53,590 [INFO] src.corpus_acquisition.downloader: Downloading page 30 from https://i.prcdn.co/img?file=eaaj2026062800000000001001&page=30&scale=195&ticket=ADSPn1KZlxqe1%2Bmu%2FMKB4W4%3D
2026-07-06 03:21:53,590 [INFO] src.corpus_acquisition.crawler: Downloading -> data/raw/images/elcomercio/2026/06/28/elcomercio_2026-06-28_30.jpg
2026-07-06 03:21:56,450 [INFO] src.corpus_acquisition.downloader: Downloading page 31 from https://i.prcdn.co/img?file=eaaj2026062800000000001001&page=31&scale=195&ticket=ANGsbYeGvvUK5jAnzC2k5qc%3D
2026-07-06 03:21:56,451 [INFO] src.corpus_acquisition.crawler: Downloading -> data/raw/images/elcomercio/2026/06/28/elcomercio_2026-06-28_31.jpg
2026-07-06 03:21:58,588 [INFO] src.corpus_acquisition.downloader: Downloading page 32 from https://i.prcdn.co/img?file=eaaj2026062800000000001001&page=32&scale=195&ticket=AJ5YJpvzsnB2TWgZVE1ijpw%3D
2026-07-06 03:21:58,588 [INFO] src.corpus_acquisition.crawler: Downloading -> data/raw/images/elcomercio/2026/06/28/elcomercio_2026-06-28_32.jpg
2026-07-06 03:22:01,342 [INFO] src.corpus_acquisition.downloader: Downloading page 33 from https://i.prcdn.co/img?file=eaaj2026062800000000001001&page=33&scale=195&ticket=AIub%2BSjH72fzs6BwWwU17Qo%3D
2026-07-06 03:22:01,343 [INFO] src.corpus_acquisition.crawler: Downloading -> data/raw/images/elcomercio/2026/06/28/elcomercio_2026-06-28_33.jpg
2026-07-06 03:22:03,680 [INFO] src.corpus_acquisition.downloader: Downloading page 34 from https://i.prcdn.co/img?file=eaaj2026062800000000001001&page=34&scale=195&ticket=AKrNkl43PTSGIeA8nLaWx5U%3D
2026-07-06 03:22:03,681 [INFO] src.corpus_acquisition.crawler: Downloading -> data/raw/images/elcomercio/2026/06/28/elcomercio_2026-06-28_34.jpg
2026-07-06 03:22:06,336 [INFO] src.corpus_acquisition.downloader: Downloading page 35 from https://i.prcdn.co/img?file=eaaj2026062800000000001001&page=35&scale=195&ticket=AJRhjI8fA7X8m7POtRSmgVk%3D
2026-07-06 03:22:06,337 [INFO] src.corpus_acquisition.crawler: Downloading -> data/raw/images/elcomercio/2026/06/28/elcomercio_2026-06-28_35.jpg
2026-07-06 03:22:08,824 [INFO] src.corpus_acquisition.downloader: Downloading page 36 from https://i.prcdn.co/img?file=eaaj2026062800000000001001&page=36&scale=195&ticket=AMd8LhVV4JJ%2BfXtfh5RsJZ0%3D
2026-07-06 03:22:08,824 [INFO] src.corpus_acquisition.crawler: Downloading -> data/raw/images/elcomercio/2026/06/28/elcomercio_2026-06-28_36.jpg
2026-07-06 03:22:11,653 [INFO] src.corpus_acquisition.downloader: Downloading page 37 from https://i.prcdn.co/img?file=eaaj2026062800000000001001&page=37&scale=195&ticket=ADWQ2Z%2BrdGosIZXrQoMJk5I%3D
2026-07-06 03:22:11,653 [INFO] src.corpus_acquisition.crawler: Downloading -> data/raw/images/elcomercio/2026/06/28/elcomercio_2026-06-28_37.jpg
2026-07-06 03:22:14,566 [INFO] src.corpus_acquisition.downloader: Downloading page 38 from https://i.prcdn.co/img?file=eaaj2026062800000000001001&page=38&scale=195&ticket=ACRECQstQWx96KcOOie8j1Q%3D
2026-07-06 03:22:14,567 [INFO] src.corpus_acquisition.crawler: Downloading -> data/raw/images/elcomercio/2026/06/28/elcomercio_2026-06-28_38.jpg
2026-07-06 03:22:16,716 [INFO] src.corpus_acquisition.downloader: Downloading page 39 from https://i.prcdn.co/img?file=eaaj2026062800000000001001&page=39&scale=195&ticket=AAnDFBRcAjEwffw3r34ZE5s%3D
2026-07-06 03:22:16,717 [INFO] src.corpus_acquisition.crawler: Downloading -> data/raw/images/elcomercio/2026/06/28/elcomercio_2026-06-28_39.jpg
2026-07-06 03:22:19,092 [INFO] src.corpus_acquisition.downloader: Downloading page 40 from https://i.prcdn.co/img?file=eaaj2026062800000000001001&page=40&scale=195&ticket=AN26YfudiQ47lHPWh%2FLCkm0%3D
2026-07-06 03:22:19,093 [INFO] src.corpus_acquisition.crawler: Downloading -> data/raw/images/elcomercio/2026/06/28/elcomercio_2026-06-28_40.jpg
2026-07-06 03:22:21,859 [INFO] src.corpus_acquisition.downloader: Downloading page 41 from https://i.prcdn.co/img?file=eaaj2026062800000000001001&page=41&scale=195&ticket=AL8QlyXdZhl%2FMu96YvrhtzA%3D
2026-07-06 03:22:21,860 [INFO] src.corpus_acquisition.crawler: Downloading -> data/raw/images/elcomercio/2026/06/28/elcomercio_2026-06-28_41.jpg
2026-07-06 03:22:24,411 [INFO] src.corpus_acquisition.downloader: Downloading page 42 from https://i.prcdn.co/img?file=eaaj2026062800000000001001&page=42&scale=195&ticket=AOy53pkjqqXOakl%2FlSHQh%2Fw%3D
2026-07-06 03:22:24,411 [INFO] src.corpus_acquisition.crawler: Downloading -> data/raw/images/elcomercio/2026/06/28/elcomercio_2026-06-28_42.jpg
2026-07-06 03:22:26,350 [INFO] src.corpus_acquisition.downloader: Downloading page 43 from https://i.prcdn.co/img?file=eaaj2026062800000000001001&page=43&scale=195&ticket=AKsiV6gDPP797pSeoiY3rYQ%3D
2026-07-06 03:22:26,351 [INFO] src.corpus_acquisition.crawler: Downloading -> data/raw/images/elcomercio/2026/06/28/elcomercio_2026-06-28_43.jpg
2026-07-06 03:22:29,287 [INFO] src.corpus_acquisition.downloader: Downloading page 44 from https://i.prcdn.co/img?file=eaaj2026062800000000001001&page=44&scale=195&ticket=ADJPmtWmBKTGdN05QdOUKH0%3D
2026-07-06 03:22:29,288 [INFO] src.corpus_acquisition.crawler: Downloading -> data/raw/images/elcomercio/2026/06/28/elcomercio_2026-06-28_44.jpg
2026-07-06 03:22:31,937 [INFO] src.corpus_acquisition.downloader: Downloading page 45 from https://i.prcdn.co/img?file=eaaj2026062800000000001001&page=45&scale=195&ticket=AGF68cpKdCix9WEWYmfCk64%3D
2026-07-06 03:22:31,937 [INFO] src.corpus_acquisition.crawler: Downloading -> data/raw/images/elcomercio/2026/06/28/elcomercio_2026-06-28_45.jpg
2026-07-06 03:22:34,437 [INFO] src.corpus_acquisition.downloader: Downloading page 46 from https://i.prcdn.co/img?file=eaaj2026062800000000001001&page=46&scale=195&ticket=ADmsiUFgoQNA676rbOODNhM%3D
2026-07-06 03:22:34,438 [INFO] src.corpus_acquisition.crawler: Downloading -> data/raw/images/elcomercio/2026/06/28/elcomercio_2026-06-28_46.jpg
2026-07-06 03:22:37,042 [INFO] src.corpus_acquisition.downloader: Downloading page 47 from https://i.prcdn.co/img?file=eaaj2026062800000000001001&page=47&scale=195&ticket=AEirX12vKvp5X8kYPDXJItE%3D
2026-07-06 03:22:37,042 [INFO] src.corpus_acquisition.crawler: Downloading -> data/raw/images/elcomercio/2026/06/28/elcomercio_2026-06-28_47.jpg
2026-07-06 03:22:38,817 [INFO] src.corpus_acquisition.downloader: Downloading page 48 from https://i.prcdn.co/img?file=eaaj2026062800000000001001&page=48&scale=195&ticket=AKiVakUje%2BsBWqIDDfCFlkM%3D
2026-07-06 03:22:38,818 [INFO] src.corpus_acquisition.crawler: Downloading -> data/raw/images/elcomercio/2026/06/28/elcomercio_2026-06-28_48.jpg
2026-07-06 03:22:41,324 [INFO] src.corpus_acquisition.metadata_extractor: Saved metadata for 48 page(s) -> data/raw/metadata/raw_metadata.parquet (total rows: 69241)
2026-07-06 03:22:41,326 [INFO] src.corpus_acquisition.metadata_extractor: Saved crawl log -> data/raw/crawl_logs/elcomercio_2026-06-28.json (status=success)
2026-07-06 03:22:44,120 [INFO] src.corpus_acquisition.downloader: Opening archive for elcomercio on 2026-06-29
2026-07-06 03:22:50,548 [INFO] src.corpus_acquisition.downloader: Collected 7 / 1000 pages
2026-07-06 03:22:54,724 [INFO] src.corpus_acquisition.downloader: Collected 9 / 1000 pages
2026-07-06 03:22:56,811 [INFO] src.corpus_acquisition.downloader: Collected 11 / 1000 pages
2026-07-06 03:22:58,898 [INFO] src.corpus_acquisition.downloader: Collected 13 / 1000 pages
2026-07-06 03:23:01,111 [INFO] src.corpus_acquisition.downloader: Collected 15 / 1000 pages
2026-07-06 03:23:03,196 [INFO] src.corpus_acquisition.downloader: Collected 17 / 1000 pages
2026-07-06 03:23:05,281 [INFO] src.corpus_acquisition.downloader: Collected 19 / 1000 pages
2026-07-06 03:23:07,376 [INFO] src.corpus_acquisition.downloader: Collected 21 / 1000 pages
2026-07-06 03:23:09,458 [INFO] src.corpus_acquisition.downloader: Collected 23 / 1000 pages
2026-07-06 03:23:11,557 [INFO] src.corpus_acquisition.downloader: Collected 25 / 1000 pages
2026-07-06 03:23:13,645 [INFO] src.corpus_acquisition.downloader: Collected 27 / 1000 pages
2026-07-06 03:23:15,738 [INFO] src.corpus_acquisition.downloader: Collected 28 / 1000 pages
2026-07-06 03:23:17,846 [INFO] src.corpus_acquisition.downloader: Collected 31 / 1000 pages
2026-07-06 03:23:19,953 [INFO] src.corpus_acquisition.downloader: Collected 32 / 1000 pages
2026-07-06 03:23:26,267 [WARNING] src.corpus_acquisition.downloader: No new pages found after 3 attempts; stopping with 32 page(s).
2026-07-06 03:23:26,300 [INFO] src.corpus_acquisition.downloader: Downloading page 1 from https://t.prcdn.co/img?file=eaaj2026062900000000001001&page=1&scale=195
2026-07-06 03:23:26,301 [INFO] src.corpus_acquisition.crawler: Downloading -> data/raw/images/elcomercio/2026/06/29/elcomercio_2026-06-29_1.jpg
2026-07-06 03:23:28,826 [INFO] src.corpus_acquisition.downloader: Downloading page 2 from https://i.prcdn.co/img?file=eaaj2026062900000000001001&page=2&scale=195&ticket=APYiqcAvRMY62x6KEgZOOk0%3D
2026-07-06 03:23:28,826 [INFO] src.corpus_acquisition.crawler: Downloading -> data/raw/images/elcomercio/2026/06/29/elcomercio_2026-06-29_2.jpg
2026-07-06 03:23:31,191 [INFO] src.corpus_acquisition.downloader: Downloading page 3 from https://i.prcdn.co/img?file=eaaj2026062900000000001001&page=3&scale=195&ticket=AGaSlmXNBAQHno%2BU8XdoFNA%3D
2026-07-06 03:23:31,191 [INFO] src.corpus_acquisition.crawler: Downloading -> data/raw/images/elcomercio/2026/06/29/elcomercio_2026-06-29_3.jpg
2026-07-06 03:23:34,970 [INFO] src.corpus_acquisition.downloader: Downloading page 4 from https://i.prcdn.co/img?file=eaaj2026062900000000001001&page=4&scale=195&ticket=ACqsKVfItB0M3%2BS9mw02sl4%3D
2026-07-06 03:23:34,971 [INFO] src.corpus_acquisition.crawler: Downloading -> data/raw/images/elcomercio/2026/06/29/elcomercio_2026-06-29_4.jpg
2026-07-06 03:23:37,107 [INFO] src.corpus_acquisition.downloader: Downloading page 5 from https://i.prcdn.co/img?file=eaaj2026062900000000001001&page=5&scale=195&ticket=AASMF6WXHw07CaJLxXeLFtw%3D
2026-07-06 03:23:37,107 [INFO] src.corpus_acquisition.crawler: Downloading -> data/raw/images/elcomercio/2026/06/29/elcomercio_2026-06-29_5.jpg
2026-07-06 03:23:39,615 [INFO] src.corpus_acquisition.downloader: Downloading page 6 from https://i.prcdn.co/img?file=eaaj2026062900000000001001&page=6&scale=195&ticket=AN7vYEOMplg5b1Jx3pm9%2FNk%3D
2026-07-06 03:23:39,616 [INFO] src.corpus_acquisition.crawler: Downloading -> data/raw/images/elcomercio/2026/06/29/elcomercio_2026-06-29_6.jpg
2026-07-06 03:23:43,132 [INFO] src.corpus_acquisition.downloader: Downloading page 7 from https://i.prcdn.co/img?file=eaaj2026062900000000001001&page=7&scale=195&ticket=ACjWBzBaAPmjcC8%2FtK2qusg%3D
2026-07-06 03:23:43,132 [INFO] src.corpus_acquisition.crawler: Downloading -> data/raw/images/elcomercio/2026/06/29/elcomercio_2026-06-29_7.jpg
2026-07-06 03:23:45,639 [INFO] src.corpus_acquisition.downloader: Downloading page 8 from https://i.prcdn.co/img?file=eaaj2026062900000000001001&page=8&scale=195&ticket=AGrkd4IPR4Oz8kRE1uVSe1Y%3D
2026-07-06 03:23:45,639 [INFO] src.corpus_acquisition.crawler: Downloading -> data/raw/images/elcomercio/2026/06/29/elcomercio_2026-06-29_8.jpg
2026-07-06 03:23:48,295 [INFO] src.corpus_acquisition.downloader: Downloading page 9 from https://i.prcdn.co/img?file=eaaj2026062900000000001001&page=9&scale=195&ticket=AMZfJqgxDXFb8WGeq6Q30cc%3D
2026-07-06 03:23:48,295 [INFO] src.corpus_acquisition.crawler: Downloading -> data/raw/images/elcomercio/2026/06/29/elcomercio_2026-06-29_9.jpg
2026-07-06 03:23:50,239 [INFO] src.corpus_acquisition.downloader: Downloading page 10 from https://i.prcdn.co/img?file=eaaj2026062900000000001001&page=10&scale=195&ticket=AOSSnCcYifoyJ5o6B7nKWYk%3D
2026-07-06 03:23:50,239 [INFO] src.corpus_acquisition.crawler: Downloading -> data/raw/images/elcomercio/2026/06/29/elcomercio_2026-06-29_10.jpg
2026-07-06 03:23:52,721 [INFO] src.corpus_acquisition.downloader: Downloading page 11 from https://i.prcdn.co/img?file=eaaj2026062900000000001001&page=11&scale=195&ticket=AEH4Mn1PYjpVRRO30P9hPto%3D
2026-07-06 03:23:52,721 [INFO] src.corpus_acquisition.crawler: Downloading -> data/raw/images/elcomercio/2026/06/29/elcomercio_2026-06-29_11.jpg
2026-07-06 03:23:54,674 [INFO] src.corpus_acquisition.downloader: Downloading page 12 from https://i.prcdn.co/img?file=eaaj2026062900000000001001&page=12&scale=195&ticket=AJyeb0ZWR%2FUlWHPuk%2FK1dvo%3D
2026-07-06 03:23:54,674 [INFO] src.corpus_acquisition.crawler: Downloading -> data/raw/images/elcomercio/2026/06/29/elcomercio_2026-06-29_12.jpg
2026-07-06 03:23:56,987 [INFO] src.corpus_acquisition.downloader: Downloading page 13 from https://i.prcdn.co/img?file=eaaj2026062900000000001001&page=13&scale=195&ticket=ALJglhEAcmEk2rC8JbO6jos%3D
2026-07-06 03:23:56,987 [INFO] src.corpus_acquisition.crawler: Downloading -> data/raw/images/elcomercio/2026/06/29/elcomercio_2026-06-29_13.jpg
2026-07-06 03:23:59,457 [INFO] src.corpus_acquisition.downloader: Downloading page 14 from https://i.prcdn.co/img?file=eaaj2026062900000000001001&page=14&scale=195&ticket=AE6i9MLyA4quybz9mIVz6O0%3D
2026-07-06 03:23:59,457 [INFO] src.corpus_acquisition.crawler: Downloading -> data/raw/images/elcomercio/2026/06/29/elcomercio_2026-06-29_14.jpg
2026-07-06 03:24:01,650 [INFO] src.corpus_acquisition.downloader: Downloading page 15 from https://i.prcdn.co/img?file=eaaj2026062900000000001001&page=15&scale=195&ticket=AJWiM7Lz%2F0byMtHaKGYrN5E%3D
2026-07-06 03:24:01,651 [INFO] src.corpus_acquisition.crawler: Downloading -> data/raw/images/elcomercio/2026/06/29/elcomercio_2026-06-29_15.jpg
2026-07-06 03:24:03,999 [INFO] src.corpus_acquisition.downloader: Downloading page 16 from https://i.prcdn.co/img?file=eaaj2026062900000000001001&page=16&scale=195&ticket=AO8qakDSKbUE0u8HM8OYDg4%3D
2026-07-06 03:24:03,999 [INFO] src.corpus_acquisition.crawler: Downloading -> data/raw/images/elcomercio/2026/06/29/elcomercio_2026-06-29_16.jpg
2026-07-06 03:24:06,040 [INFO] src.corpus_acquisition.downloader: Downloading page 17 from https://i.prcdn.co/img?file=eaaj2026062900000000001001&page=17&scale=195&ticket=AF8GdlnIsgGdNXci37fGAgs%3D
2026-07-06 03:24:06,041 [INFO] src.corpus_acquisition.crawler: Downloading -> data/raw/images/elcomercio/2026/06/29/elcomercio_2026-06-29_17.jpg
2026-07-06 03:24:08,236 [INFO] src.corpus_acquisition.downloader: Downloading page 18 from https://i.prcdn.co/img?file=eaaj2026062900000000001001&page=18&scale=195&ticket=AJEYTsPSliEc4QYXNNMlgxM%3D
2026-07-06 03:24:08,236 [INFO] src.corpus_acquisition.crawler: Downloading -> data/raw/images/elcomercio/2026/06/29/elcomercio_2026-06-29_18.jpg
2026-07-06 03:24:11,403 [INFO] src.corpus_acquisition.downloader: Downloading page 19 from https://i.prcdn.co/img?file=eaaj2026062900000000001001&page=19&scale=195&ticket=AOGy1wXlseNnm3UMTTexkDs%3D
2026-07-06 03:24:11,403 [INFO] src.corpus_acquisition.crawler: Downloading -> data/raw/images/elcomercio/2026/06/29/elcomercio_2026-06-29_19.jpg
2026-07-06 03:24:14,233 [INFO] src.corpus_acquisition.downloader: Downloading page 20 from https://i.prcdn.co/img?file=eaaj2026062900000000001001&page=20&scale=195&ticket=ADiUkf4gUwvOYJEd1wsPMs4%3D
2026-07-06 03:24:14,233 [INFO] src.corpus_acquisition.crawler: Downloading -> data/raw/images/elcomercio/2026/06/29/elcomercio_2026-06-29_20.jpg
2026-07-06 03:24:16,809 [INFO] src.corpus_acquisition.downloader: Downloading page 21 from https://i.prcdn.co/img?file=eaaj2026062900000000001001&page=21&scale=195&ticket=AC6E1PX6WK9VzSNjoVe8Ftg%3D
2026-07-06 03:24:16,810 [INFO] src.corpus_acquisition.crawler: Downloading -> data/raw/images/elcomercio/2026/06/29/elcomercio_2026-06-29_21.jpg
2026-07-06 03:24:19,206 [INFO] src.corpus_acquisition.downloader: Downloading page 22 from https://i.prcdn.co/img?file=eaaj2026062900000000001001&page=22&scale=195&ticket=AAqIqCJIlzuv8sjarhc7Law%3D
2026-07-06 03:24:19,206 [INFO] src.corpus_acquisition.crawler: Downloading -> data/raw/images/elcomercio/2026/06/29/elcomercio_2026-06-29_22.jpg
2026-07-06 03:24:21,593 [INFO] src.corpus_acquisition.downloader: Downloading page 23 from https://i.prcdn.co/img?file=eaaj2026062900000000001001&page=23&scale=195&ticket=AF69d0DdC8tT5E0HlO9hsRE%3D
2026-07-06 03:24:21,594 [INFO] src.corpus_acquisition.crawler: Downloading -> data/raw/images/elcomercio/2026/06/29/elcomercio_2026-06-29_23.jpg
2026-07-06 03:24:24,091 [INFO] src.corpus_acquisition.downloader: Downloading page 24 from https://i.prcdn.co/img?file=eaaj2026062900000000001001&page=24&scale=195&ticket=ADejK77hmnh2L0sGE%2FTHfG8%3D
2026-07-06 03:24:24,092 [INFO] src.corpus_acquisition.crawler: Downloading -> data/raw/images/elcomercio/2026/06/29/elcomercio_2026-06-29_24.jpg
2026-07-06 03:24:26,336 [INFO] src.corpus_acquisition.downloader: Downloading page 25 from https://i.prcdn.co/img?file=eaaj2026062900000000001001&page=25&scale=195&ticket=AAZmueLA02gPzK1z9Zmvo9s%3D
2026-07-06 03:24:26,336 [INFO] src.corpus_acquisition.crawler: Downloading -> data/raw/images/elcomercio/2026/06/29/elcomercio_2026-06-29_25.jpg
2026-07-06 03:24:28,771 [INFO] src.corpus_acquisition.downloader: Downloading page 26 from https://i.prcdn.co/img?file=eaaj2026062900000000001001&page=26&scale=195&ticket=AC8fMtBLNQM6Uk2pe%2B%2FVBfk%3D
2026-07-06 03:24:28,772 [INFO] src.corpus_acquisition.crawler: Downloading -> data/raw/images/elcomercio/2026/06/29/elcomercio_2026-06-29_26.jpg
2026-07-06 03:24:30,876 [INFO] src.corpus_acquisition.downloader: Downloading page 27 from https://i.prcdn.co/img?file=eaaj2026062900000000001001&page=27&scale=195&ticket=AIgpw9t6L5epvOkt09iQ9nA%3D
2026-07-06 03:24:30,877 [INFO] src.corpus_acquisition.crawler: Downloading -> data/raw/images/elcomercio/2026/06/29/elcomercio_2026-06-29_27.jpg
2026-07-06 03:24:32,898 [INFO] src.corpus_acquisition.downloader: Downloading page 28 from https://i.prcdn.co/img?file=eaaj2026062900000000001001&page=28&scale=195&ticket=AF7VTAbTBe%2BoJiq4pQ%2FPfNU%3D
2026-07-06 03:24:32,899 [INFO] src.corpus_acquisition.crawler: Downloading -> data/raw/images/elcomercio/2026/06/29/elcomercio_2026-06-29_28.jpg
2026-07-06 03:24:35,018 [INFO] src.corpus_acquisition.downloader: Downloading page 29 from https://i.prcdn.co/img?file=eaaj2026062900000000001001&page=29&scale=195&ticket=AB5ELniBW53GH8CFE7sqKD4%3D
2026-07-06 03:24:35,018 [INFO] src.corpus_acquisition.crawler: Downloading -> data/raw/images/elcomercio/2026/06/29/elcomercio_2026-06-29_29.jpg
2026-07-06 03:24:37,918 [INFO] src.corpus_acquisition.downloader: Downloading page 30 from https://i.prcdn.co/img?file=eaaj2026062900000000001001&page=30&scale=195&ticket=AIkNS%2FFa7wEiFUGgxjBNqKA%3D
2026-07-06 03:24:37,918 [INFO] src.corpus_acquisition.crawler: Downloading -> data/raw/images/elcomercio/2026/06/29/elcomercio_2026-06-29_30.jpg
2026-07-06 03:24:40,286 [INFO] src.corpus_acquisition.downloader: Downloading page 31 from https://i.prcdn.co/img?file=eaaj2026062900000000001001&page=31&scale=195&ticket=ABbeuEeJdKfj%2B8PKZaobTVg%3D
2026-07-06 03:24:40,287 [INFO] src.corpus_acquisition.crawler: Downloading -> data/raw/images/elcomercio/2026/06/29/elcomercio_2026-06-29_31.jpg
2026-07-06 03:24:42,965 [INFO] src.corpus_acquisition.downloader: Downloading page 32 from https://i.prcdn.co/img?file=eaaj2026062900000000001001&page=32&scale=195&ticket=AOTk1eUZc%2FEDb4zEkbhR6EE%3D
2026-07-06 03:24:42,966 [INFO] src.corpus_acquisition.crawler: Downloading -> data/raw/images/elcomercio/2026/06/29/elcomercio_2026-06-29_32.jpg
2026-07-06 03:24:45,218 [INFO] src.corpus_acquisition.metadata_extractor: Saved metadata for 32 page(s) -> data/raw/metadata/raw_metadata.parquet (total rows: 69273)
2026-07-06 03:24:45,220 [INFO] src.corpus_acquisition.metadata_extractor: Saved crawl log -> data/raw/crawl_logs/elcomercio_2026-06-29.json (status=success)
2026-07-06 03:24:47,760 [INFO] src.corpus_acquisition.downloader: Opening archive for elcomercio on 2026-06-30
2026-07-06 03:24:53,974 [INFO] src.corpus_acquisition.downloader: Collected 7 / 1000 pages
2026-07-06 03:24:58,135 [INFO] src.corpus_acquisition.downloader: Collected 9 / 1000 pages
2026-07-06 03:25:00,326 [INFO] src.corpus_acquisition.downloader: Collected 11 / 1000 pages
2026-07-06 03:25:02,421 [INFO] src.corpus_acquisition.downloader: Collected 13 / 1000 pages
2026-07-06 03:25:04,520 [INFO] src.corpus_acquisition.downloader: Collected 15 / 1000 pages
2026-07-06 03:25:06,615 [INFO] src.corpus_acquisition.downloader: Collected 17 / 1000 pages
2026-07-06 03:25:08,715 [INFO] src.corpus_acquisition.downloader: Collected 19 / 1000 pages
2026-07-06 03:25:10,812 [INFO] src.corpus_acquisition.downloader: Collected 20 / 1000 pages
2026-07-06 03:25:17,124 [WARNING] src.corpus_acquisition.downloader: No new pages found after 3 attempts; stopping with 20 page(s).
2026-07-06 03:25:17,154 [INFO] src.corpus_acquisition.downloader: Downloading page 1 from https://t.prcdn.co/img?file=eaaj2026063000000000001001&page=1&scale=195
2026-07-06 03:25:17,155 [INFO] src.corpus_acquisition.crawler: Downloading -> data/raw/images/elcomercio/2026/06/30/elcomercio_2026-06-30_1.jpg
2026-07-06 03:25:19,239 [INFO] src.corpus_acquisition.downloader: Downloading page 2 from https://i.prcdn.co/img?file=eaaj2026063000000000001001&page=2&scale=195&ticket=ACk3KgKFf1FHUpzjsfmmkT8%3D
2026-07-06 03:25:19,239 [INFO] src.corpus_acquisition.crawler: Downloading -> data/raw/images/elcomercio/2026/06/30/elcomercio_2026-06-30_2.jpg
2026-07-06 03:25:21,517 [INFO] src.corpus_acquisition.downloader: Downloading page 3 from https://i.prcdn.co/img?file=eaaj2026063000000000001001&page=3&scale=195&ticket=ANSPh5zrJOn6798OERV%2B88k%3D
2026-07-06 03:25:21,518 [INFO] src.corpus_acquisition.crawler: Downloading -> data/raw/images/elcomercio/2026/06/30/elcomercio_2026-06-30_3.jpg
2026-07-06 03:25:24,669 [INFO] src.corpus_acquisition.downloader: Downloading page 4 from https://i.prcdn.co/img?file=eaaj2026063000000000001001&page=4&scale=195&ticket=AGqNGDf%2BeD7uVkyPQ4PothI%3D
2026-07-06 03:25:24,669 [INFO] src.corpus_acquisition.crawler: Downloading -> data/raw/images/elcomercio/2026/06/30/elcomercio_2026-06-30_4.jpg
2026-07-06 03:25:27,469 [INFO] src.corpus_acquisition.downloader: Downloading page 5 from https://i.prcdn.co/img?file=eaaj2026063000000000001001&page=5&scale=195&ticket=AAA2NTmB5XdwT75Hb2U9CBQ%3D
2026-07-06 03:25:27,469 [INFO] src.corpus_acquisition.crawler: Downloading -> data/raw/images/elcomercio/2026/06/30/elcomercio_2026-06-30_5.jpg
2026-07-06 03:25:30,276 [INFO] src.corpus_acquisition.downloader: Downloading page 6 from https://i.prcdn.co/img?file=eaaj2026063000000000001001&page=6&scale=195&ticket=ACuHK%2FgSMVOe18Y7H6o9%2Fn8%3D
2026-07-06 03:25:30,277 [INFO] src.corpus_acquisition.crawler: Downloading -> data/raw/images/elcomercio/2026/06/30/elcomercio_2026-06-30_6.jpg
2026-07-06 03:25:34,621 [INFO] src.corpus_acquisition.downloader: Downloading page 7 from https://i.prcdn.co/img?file=eaaj2026063000000000001001&page=7&scale=195&ticket=AJhvoCvbcNX2L0iJHtb3o%2BQ%3D
2026-07-06 03:25:34,621 [INFO] src.corpus_acquisition.crawler: Downloading -> data/raw/images/elcomercio/2026/06/30/elcomercio_2026-06-30_7.jpg
2026-07-06 03:25:36,540 [INFO] src.corpus_acquisition.downloader: Downloading page 8 from https://i.prcdn.co/img?file=eaaj2026063000000000001001&page=8&scale=195&ticket=AKm07qZHGSVaTNLpCmEinpU%3D
2026-07-06 03:25:36,540 [INFO] src.corpus_acquisition.crawler: Downloading -> data/raw/images/elcomercio/2026/06/30/elcomercio_2026-06-30_8.jpg
2026-07-06 03:25:38,715 [INFO] src.corpus_acquisition.downloader: Downloading page 9 from https://i.prcdn.co/img?file=eaaj2026063000000000001001&page=9&scale=195&ticket=ALlDyNxaA%2BpoZKhxpVN2ync%3D
2026-07-06 03:25:38,715 [INFO] src.corpus_acquisition.crawler: Downloading -> data/raw/images/elcomercio/2026/06/30/elcomercio_2026-06-30_9.jpg
2026-07-06 03:25:41,618 [INFO] src.corpus_acquisition.downloader: Downloading page 10 from https://i.prcdn.co/img?file=eaaj2026063000000000001001&page=10&scale=195&ticket=APmK6hr6NeSUePpCLuZ6uSc%3D
2026-07-06 03:25:41,618 [INFO] src.corpus_acquisition.crawler: Downloading -> data/raw/images/elcomercio/2026/06/30/elcomercio_2026-06-30_10.jpg
2026-07-06 03:25:44,312 [INFO] src.corpus_acquisition.downloader: Downloading page 11 from https://i.prcdn.co/img?file=eaaj2026063000000000001001&page=11&scale=195&ticket=AB4S1dL3OM1PjiNPvYJVvUo%3D
2026-07-06 03:25:44,312 [INFO] src.corpus_acquisition.crawler: Downloading -> data/raw/images/elcomercio/2026/06/30/elcomercio_2026-06-30_11.jpg
2026-07-06 03:25:47,046 [INFO] src.corpus_acquisition.downloader: Downloading page 12 from https://i.prcdn.co/img?file=eaaj2026063000000000001001&page=12&scale=195&ticket=AGacfmJ%2B4KZm%2BDdtsJpJF%2Fw%3D
2026-07-06 03:25:47,047 [INFO] src.corpus_acquisition.crawler: Downloading -> data/raw/images/elcomercio/2026/06/30/elcomercio_2026-06-30_12.jpg
2026-07-06 03:25:49,391 [INFO] src.corpus_acquisition.downloader: Downloading page 13 from https://i.prcdn.co/img?file=eaaj2026063000000000001001&page=13&scale=195&ticket=AEVjg0DlUvFwkeIBCy0nD%2Fo%3D
2026-07-06 03:25:49,392 [INFO] src.corpus_acquisition.crawler: Downloading -> data/raw/images/elcomercio/2026/06/30/elcomercio_2026-06-30_13.jpg
2026-07-06 03:25:51,683 [INFO] src.corpus_acquisition.downloader: Downloading page 14 from https://i.prcdn.co/img?file=eaaj2026063000000000001001&page=14&scale=195&ticket=AMQ5D72NEz2pqiQXtsmhark%3D
2026-07-06 03:25:51,683 [INFO] src.corpus_acquisition.crawler: Downloading -> data/raw/images/elcomercio/2026/06/30/elcomercio_2026-06-30_14.jpg
2026-07-06 03:25:54,076 [INFO] src.corpus_acquisition.downloader: Downloading page 15 from https://i.prcdn.co/img?file=eaaj2026063000000000001001&page=15&scale=195&ticket=AOVahdS1Hdyfw0znTlVQALg%3D
2026-07-06 03:25:54,076 [INFO] src.corpus_acquisition.crawler: Downloading -> data/raw/images/elcomercio/2026/06/30/elcomercio_2026-06-30_15.jpg
2026-07-06 03:25:56,498 [INFO] src.corpus_acquisition.downloader: Downloading page 16 from https://i.prcdn.co/img?file=eaaj2026063000000000001001&page=16&scale=195&ticket=ANchUhGVRnRrsAehkJc2t8U%3D
2026-07-06 03:25:56,499 [INFO] src.corpus_acquisition.crawler: Downloading -> data/raw/images/elcomercio/2026/06/30/elcomercio_2026-06-30_16.jpg
2026-07-06 03:25:59,271 [INFO] src.corpus_acquisition.downloader: Downloading page 17 from https://i.prcdn.co/img?file=eaaj2026063000000000001001&page=17&scale=195&ticket=AO36aFyy5E652uK0BMrq6NM%3D
2026-07-06 03:25:59,272 [INFO] src.corpus_acquisition.crawler: Downloading -> data/raw/images/elcomercio/2026/06/30/elcomercio_2026-06-30_17.jpg
2026-07-06 03:26:01,395 [INFO] src.corpus_acquisition.downloader: Downloading page 18 from https://i.prcdn.co/img?file=eaaj2026063000000000001001&page=18&scale=195&ticket=AI4G0xYzDba7zlHhjwu%2BR88%3D
2026-07-06 03:26:01,396 [INFO] src.corpus_acquisition.crawler: Downloading -> data/raw/images/elcomercio/2026/06/30/elcomercio_2026-06-30_18.jpg
2026-07-06 03:26:03,730 [INFO] src.corpus_acquisition.downloader: Downloading page 19 from https://i.prcdn.co/img?file=eaaj2026063000000000001001&page=19&scale=195&ticket=ANv3Z5IWCKl3Ft1g%2BaLC238%3D
2026-07-06 03:26:03,730 [INFO] src.corpus_acquisition.crawler: Downloading -> data/raw/images/elcomercio/2026/06/30/elcomercio_2026-06-30_19.jpg
2026-07-06 03:26:05,686 [INFO] src.corpus_acquisition.downloader: Downloading page 20 from https://i.prcdn.co/img?file=eaaj2026063000000000001001&page=20&scale=195&ticket=AEI1HT55bKbbSO8h1B%2FrZ9M%3D
2026-07-06 03:26:05,686 [INFO] src.corpus_acquisition.crawler: Downloading -> data/raw/images/elcomercio/2026/06/30/elcomercio_2026-06-30_20.jpg
2026-07-06 03:26:07,964 [INFO] src.corpus_acquisition.metadata_extractor: Saved metadata for 20 page(s) -> data/raw/metadata/raw_metadata.parquet (total rows: 69293)
2026-07-06 03:26:07,967 [INFO] src.corpus_acquisition.metadata_extractor: Saved crawl log -> data/raw/crawl_logs/elcomercio_2026-06-30.json (status=success)
2026-07-06 03:26:10,486 [INFO] __main__: Finished. Downloaded 401 page(s) across the requested date range.
Warning: failed to close context cleanly: Cannot switch to a different thread
	Current:  <greenlet.greenlet object at 0x1554ef6d3c80 (otid=0x1554e4000b90) current active started main>
	Expected: <greenlet.greenlet object at 0x155545766000 (otid=0x539ef0) suspended active started main>
Warning: failed to stop playwright cleanly: Cannot switch to a different thread
	Current:  <greenlet.greenlet object at 0x1554ef6d3c80 (otid=0x1554e4000b90) current active started main>
	Expected: <greenlet.greenlet object at 0x155545766000 (otid=0x539ef0) suspended active started main>
